          20
           2           3  -3.60000000000000        10.0000000000000     
   3.39794000000000       0.200000000000000       0.500000000000000     
  0.301030000000000               43          17           7
           2           4  -3.40000009536743        10.0000000000000     
   3.39794000000000       0.200000000000000       0.500000000000000     
  0.301030000000000               42          17           7
           2           5  -3.40000009536743        10.0000000000000     
   3.39794000000000       0.200000000000000       0.500000000000000     
  0.301030000000000               42          17           7
           2           6  -3.80000000000000        10.0000000000000     
   3.39794000000000       0.200000000000000       0.500000000000000     
  0.301030000000000               44          17           7
           2           7  -3.80000000000000        10.0000000000000     
   3.39794000000000       0.200000000000000       0.500000000000000     
  0.301030000000000               44          17           7
           2           8  -3.60000000000000        10.0000000000000     
   3.39794000000000       0.200000000000000       0.500000000000000     
  0.301030000000000               43          17           7
           2           9  -3.60000000000000        10.0000000000000     
   3.39794000000000       0.200000000000000       0.500000000000000     
  0.301030000000000               43          17           7
           2          10  -3.60000000000000        10.0000000000000     
   3.39794000000000       0.200000000000000       0.500000000000000     
  0.301030000000000               43          17           7
           2          11  -3.40000009536743        10.0000000000000     
   3.39794000000000       0.200000000000000       0.500000000000000     
  0.301030000000000               42          17           7
           2          12  -3.40000009536743        10.0000000000000     
   3.39794000000000       0.200000000000000       0.500000000000000     
  0.301030000000000               40          17           7
           2          13  -3.40000009536743        10.0000000000000     
   3.39794000000000       0.200000000000000       0.500000000000000     
  0.301030000000000               40          17           7
           2          14  -3.40000009536743        10.0000000000000     
   3.39794000000000       0.200000000000000       0.500000000000000     
  0.301030000000000               44          17           7
           2          15  -3.40000009536743        10.0000000000000     
   3.39794000000000       0.200000000000000       0.500000000000000     
  0.301030000000000               39          17           7
           2          16  -3.40000009536743        10.0000000000000     
   3.39794000000000       0.200000000000000       0.500000000000000     
  0.301030000000000               39          17           7
           2          17  -3.40000009536743        10.0000000000000     
   3.39794000000000       0.200000000000000       0.500000000000000     
  0.301030000000000               39          17           7
           2          18  -3.40000009536743        10.0000000000000     
   3.39794000000000       0.200000000000000       0.500000000000000     
  0.301030000000000               38          17           7
           2          19  -3.40000009536743        10.0000000000000     
   3.39794000000000       0.200000000000000       0.500000000000000     
  0.301030000000000               39          17           7
           2          20  -3.40000009536743        10.0000000000000     
   3.39794000000000       0.200000000000000       0.500000000000000     
  0.301030000000000               38          17           7
           2          21  -3.40000009536743        10.0000000000000     
   3.39794000000000       0.200000000000000       0.500000000000000     
  0.301030000000000               38          17           7
           2          22  -3.40000009536743        10.0000000000000     
   3.39794000000000       0.200000000000000       0.500000000000000     
  0.301030000000000               37          17           7
nl= 2 nu= 3
  0.0000  -1.6331  -1.6331  -1.6331  -1.6331  -1.6331  -1.6331  -1.6331  -1.6331
 -1.6331  -1.6331  -1.6331  -1.6331  -1.6331  -1.6331  -1.6331  -1.6332  -1.6332
 -1.6334  -1.6339  -1.6350  -1.6378  -1.6448  -1.6625  -1.7070  -1.8187  -2.0992
 -2.8038  -4.5724  -7.6342  -8.1520  -8.6333  -9.1100  -9.5900 -10.0770 -10.5715
-11.0718 -11.5755 -12.0803 -12.5850 -13.0893 -13.6206 -14.1411 -14.7512
  0.0000  -1.7837  -1.7837  -1.7837  -1.7837  -1.7837  -1.7837  -1.7837  -1.7837
 -1.7837  -1.7837  -1.7837  -1.7837  -1.7837  -1.7837  -1.7837  -1.7837  -1.7838
 -1.7839  -1.7841  -1.7847  -1.7861  -1.7896  -1.7984  -1.8207  -1.8765  -2.0168
 -2.3691  -3.2541  -5.4739  -8.1664  -8.6629  -9.1411  -9.6159 -10.0941 -10.5793
-11.0723 -11.5718 -12.0754 -12.5804 -13.0858 -13.6180 -14.1393 -14.7497
  0.0000  -1.9349  -1.9349  -1.9349  -1.9349  -1.9349  -1.9349  -1.9349  -1.9349
 -1.9349  -1.9349  -1.9349  -1.9349  -1.9349  -1.9349  -1.9349  -1.9350  -1.9350
 -1.9350  -1.9351  -1.9354  -1.9361  -1.9379  -1.9423  -1.9534  -1.9813  -2.0515
 -2.2276  -2.6701  -3.7816  -6.5622  -8.6835  -9.1739  -9.6498 -10.1229 -10.5993
-11.0826 -11.5741 -12.0726 -12.5761 -13.0816 -13.6146 -14.1370 -14.7477
  0.0000  -2.0850  -2.0850  -2.0850  -2.0850  -2.0850  -2.0850  -2.0850  -2.0850
 -2.0850  -2.0850  -2.0850  -2.0850  -2.0850  -2.0850  -2.0850  -2.0850  -2.0850
 -2.0850  -2.0851  -2.0852  -2.0855  -2.0864  -2.0886  -2.0942  -2.1082  -2.1432
 -2.2313  -2.4526  -3.0083  -4.4043  -8.0387  -9.1968  -9.6827 -10.1569 -10.6286
-11.1033 -11.5847 -12.0747 -12.5726 -13.0760 -13.6088 -14.1321 -14.7434
  0.0000  -2.2365  -2.2365  -2.2365  -2.2365  -2.2365  -2.2365  -2.2365  -2.2365
 -2.2365  -2.2365  -2.2365  -2.2365  -2.2365  -2.2365  -2.2365  -2.2365  -2.2365
 -2.2365  -2.2365  -2.2366  -2.2368  -2.2372  -2.2383  -2.2411  -2.2481  -2.2656
 -2.3097  -2.4203  -2.6982  -3.3962  -5.1494  -9.0915  -9.7076 -10.1902 -10.6630
-11.1336 -11.6071 -12.0872 -12.5761 -13.0737 -13.6036 -14.1267 -14.7379
  0.0000  -2.3959  -2.3959  -2.3959  -2.3959  -2.3959  -2.3959  -2.3959  -2.3959
 -2.3959  -2.3959  -2.3959  -2.3959  -2.3959  -2.3959  -2.3959  -2.3959  -2.3959
 -2.3959  -2.3959  -2.3960  -2.3961  -2.3963  -2.3968  -2.3982  -2.4017  -2.4105
 -2.4325  -2.4878  -2.6267  -2.9757  -3.8524  -6.0542  -9.7120 -10.2136 -10.6934
-11.1653 -11.6353 -12.1083 -12.5880 -13.0769 -13.6009 -14.1211 -14.7308
  0.0000  -2.5771  -2.5771  -2.5771  -2.5771  -2.5771  -2.5771  -2.5771  -2.5771
 -2.5771  -2.5771  -2.5771  -2.5771  -2.5771  -2.5771  -2.5771  -2.5771  -2.5771
 -2.5771  -2.5771  -2.5771  -2.5772  -2.5773  -2.5776  -2.5782  -2.5800  -2.5844
 -2.5954  -2.6230  -2.6925  -2.8670  -3.3053  -4.4063  -7.1707 -10.2200 -10.7146
-11.1921 -11.6634 -12.1338 -12.6078 -13.0891 -13.6056 -14.1202 -14.7262
  0.0000  -1.3000  -1.3000  -1.3000  -1.3000  -1.3000  -1.3000  -1.3000  -1.3000
 -1.3000  -1.3000  -1.3000  -1.3000  -1.3001  -1.3001  -1.3001  -1.3003  -1.3006
 -1.3014  -1.3035  -1.3086  -1.3217  -1.3544  -1.4365  -1.6428  -2.1610  -3.4619
 -6.4474  -7.1636  -7.6496  -8.1257  -8.6021  -9.0844  -9.5742 -10.0713 -10.5733
-11.0777 -11.5826 -12.0873 -12.6186 -13.1238 -13.6455 -14.4179 -14.9558
  0.0000  -1.4503  -1.4503  -1.4503  -1.4503  -1.4503  -1.4503  -1.4503  -1.4503
 -1.4503  -1.4503  -1.4503  -1.4503  -1.4503  -1.4503  -1.4504  -1.4504  -1.4506
 -1.4510  -1.4520  -1.4546  -1.4611  -1.4775  -1.5186  -1.6217  -1.8809  -2.5318
 -4.1654  -7.0619  -7.6753  -8.1574  -8.6316  -9.1065  -9.5870 -10.0755 -10.5714
-11.0730 -11.5775 -12.0829 -12.6152 -13.1212 -13.6436 -14.4158 -14.9544
  0.0000  -1.6011  -1.6011  -1.6011  -1.6011  -1.6011  -1.6011  -1.6011  -1.6011
 -1.6011  -1.6011  -1.6011  -1.6011  -1.6011  -1.6011  -1.6011  -1.6012  -1.6013
 -1.6015  -1.6020  -1.6033  -1.6065  -1.6147  -1.6352  -1.6868  -1.8164  -2.1419
 -2.9595  -5.0100  -7.6854  -8.1866  -8.6658  -9.1385  -9.6119 -10.0908 -10.5774
-11.0723 -11.5734 -12.0781 -12.6108 -13.1181 -13.6414 -14.4130 -14.9526
  0.0000  -1.7518  -1.7518  -1.7518  -1.7518  -1.7518  -1.7518  -1.7518  -1.7518
 -1.7518  -1.7518  -1.7518  -1.7518  -1.7518  -1.7518  -1.7519  -1.7519  -1.7519
 -1.7520  -1.7523  -1.7529  -1.7545  -1.7586  -1.7689  -1.7947  -1.8595  -2.0222
 -2.4311  -3.4580  -6.0272  -8.2021  -8.6966  -9.1735  -9.6450 -10.1171 -10.5943
-11.0795 -11.5732 -12.0741 -12.6054 -13.1134 -13.6379 -14.4085 -14.9493
  0.0000  -1.9023  -1.9023  -1.9023  -1.9023  -1.9023  -1.9023  -1.9023  -1.9023
 -1.9023  -1.9023  -1.9023  -1.9023  -1.9023  -1.9023  -1.9023  -1.9023  -1.9024
 -1.9024  -1.9025  -1.9029  -1.9037  -1.9057  -1.9109  -1.9238  -1.9562  -2.0375
 -2.2419  -2.7554  -4.0452  -7.2334  -8.7148  -9.2042  -9.6794 -10.1500 -10.6211
-11.0971 -11.5812 -12.0744 -12.6012 -13.1079 -13.6329 -14.4018 -14.9446
  0.0000  -2.0527  -2.0527  -2.0527  -2.0527  -2.0527  -2.0527  -2.0527  -2.0527
 -2.0527  -2.0527  -2.0527  -2.0527  -2.0527  -2.0527  -2.0527  -2.0527  -2.0527
 -2.0527  -2.0528  -2.0530  -2.0534  -2.0544  -2.0569  -2.0634  -2.0796  -2.1203
 -2.2225  -2.4792  -3.1241  -4.7439  -8.5670  -9.2223  -9.7078 -10.1816 -10.6516
-11.1223 -11.5982 -12.0823 -12.6018 -13.1040 -13.6275 -14.3933 -14.9378
  0.0000  -2.2044  -2.2044  -2.2044  -2.2044  -2.2044  -2.2044  -2.2044  -2.2044
 -2.2044  -2.2044  -2.2044  -2.2044  -2.2044  -2.2044  -2.2044  -2.2044  -2.2044
 -2.2044  -2.2045  -2.2045  -2.2048  -2.2053  -2.2065  -2.2098  -2.2179  -2.2382
 -2.2893  -2.4177  -2.7401  -3.5501  -5.5843  -9.2172  -9.7233 -10.2053 -10.6782
-11.1483 -11.6200 -12.0973 -12.6095 -13.1049 -13.6241 -14.3852 -14.9301
  0.0000  -0.9672  -0.9672  -0.9672  -0.9672  -0.9672  -0.9672  -0.9672  -0.9672
 -0.9672  -0.9672  -0.9672  -0.9672  -0.9672  -0.9673  -0.9676  -0.9682  -0.9697
 -0.9735  -0.9831  -1.0071  -1.0675  -1.2192  -1.6002  -2.5563  -4.8748  -6.1718
 -6.6659  -7.1433  -7.6175  -8.0952  -8.5800  -9.0727  -9.5719 -10.0752 -10.5800
-11.0851 -11.5898 -12.1217 -12.6430 -13.2548 -13.9462 -14.4802 -15.0326
  0.0000  -1.1173  -1.1173  -1.1173  -1.1173  -1.1173  -1.1173  -1.1173  -1.1173
 -1.1173  -1.1173  -1.1173  -1.1173  -1.1173  -1.1174  -1.1175  -1.1178  -1.1186
 -1.1205  -1.1253  -1.1373  -1.1675  -1.2434  -1.4339  -1.9126  -3.1138  -5.8424
 -6.6853  -7.1737  -7.6491  -8.1220  -8.5984  -9.0818  -9.5733 -10.0718 -10.5749
-11.0801 -11.5858 -12.1186 -12.6407 -13.2529 -13.9443 -14.4788 -15.0316
  0.0000  -1.2682  -1.2682  -1.2682  -1.2682  -1.2682  -1.2682  -1.2682  -1.2682
 -1.2682  -1.2682  -1.2682  -1.2682  -1.2682  -1.2682  -1.2683  -1.2684  -1.2688
 -1.2697  -1.2721  -1.2781  -1.2932  -1.3312  -1.4265  -1.6659  -2.2672  -3.7758
 -6.6441  -7.1979  -7.6823  -8.1561  -8.6278  -9.1028  -9.5846 -10.0748 -10.5726
-11.0756 -11.5814 -12.1148 -12.6380 -13.2506 -13.9422 -14.4775 -15.0309
  0.0000  -1.4184  -1.4184  -1.4184  -1.4184  -1.4184  -1.4184  -1.4184  -1.4184
 -1.4184  -1.4184  -1.4184  -1.4184  -1.4184  -1.4185  -1.4185  -1.4186  -1.4188
 -1.4192  -1.4204  -1.4234  -1.4310  -1.4500  -1.4976  -1.6173  -1.9180  -2.6733
 -4.5671  -7.2013  -7.7082  -8.1897  -8.6621  -9.1328  -9.6065 -10.0869 -10.5758
-11.0730 -11.5763 -12.1093 -12.6334 -13.2464 -13.9378 -14.4745 -15.0289
  0.0000  -1.5687  -1.5687  -1.5687  -1.5687  -1.5687  -1.5687  -1.5687  -1.5687
 -1.5687  -1.5687  -1.5687  -1.5687  -1.5687  -1.5687  -1.5687  -1.5688  -1.5689
 -1.5691  -1.5697  -1.5712  -1.5750  -1.5845  -1.6083  -1.6682  -1.8185  -2.1962
 -3.1449  -5.5181  -7.7169  -8.2161  -8.6951  -9.1666  -9.6366 -10.1093 -10.5886
-11.0769 -11.5741 -12.1041 -12.6278 -13.2407 -13.9318 -14.4703 -15.0260
  0.0000  -1.7195  -1.7195  -1.7195  -1.7195  -1.7195  -1.7195  -1.7195  -1.7195
 -1.7195  -1.7195  -1.7195  -1.7195  -1.7195  -1.7195  -1.7195  -1.7196  -1.7196
 -1.7197  -1.7200  -1.7208  -1.7227  -1.7274  -1.7393  -1.7692  -1.8444  -2.0333
 -2.5077  -3.6992  -6.6507  -8.2272  -8.7204  -9.1975  -9.6683 -10.1379 -10.6106
-11.0901 -11.5787 -12.1027 -12.6234 -13.2347 -13.9245 -14.4651 -15.0225
  0.0000  -1.8696  -1.8696  -1.8696  -1.8696  -1.8696  -1.8696  -1.8696  -1.8696
 -1.8696  -1.8696  -1.8696  -1.8696  -1.8696  -1.8696  -1.8696  -1.8697  -1.8697
 -1.8697  -1.8699  -1.8703  -1.8712  -1.8736  -1.8795  -1.8945  -1.9321  -2.0265
 -2.2637  -2.8595  -4.3560  -7.9163  -8.7297  -9.2179  -9.6934 -10.1639 -10.6342
-11.1084 -11.5897 -12.1068 -12.6218 -13.2294 -13.9163 -14.4581 -15.0173
  0.0000  -0.6342  -0.6342  -0.6342  -0.6342  -0.6342  -0.6342  -0.6342  -0.6342
 -0.6342  -0.6342  -0.6342  -0.6343  -0.6345  -0.6349  -0.6360  -0.6388  -0.6459
 -0.6635  -0.7079  -0.8192  -1.0989  -1.8005  -3.5281  -5.1726  -5.6804  -6.1615
 -6.6351  -7.1093  -7.5890  -8.0764  -8.5716  -9.0727  -9.5768 -10.0819 -10.5871
-11.1190 -11.6401 -12.2504 -12.9294 -13.4668 -14.0120 -14.5830 -15.1950
  0.0000  -0.7849  -0.7849  -0.7849  -0.7849  -0.7849  -0.7849  -0.7849  -0.7849
 -0.7849  -0.7849  -0.7849  -0.7849  -0.7850  -0.7853  -0.7858  -0.7872  -0.7907
 -0.7996  -0.8218  -0.8775  -1.0175  -1.3692  -2.2515  -4.3853  -5.6910  -6.1896
 -6.6679  -7.1403  -7.6135  -8.0920  -8.5783  -9.0727  -9.5734 -10.0776 -10.5833
-11.1161 -11.6381 -12.2488 -12.9280 -13.4660 -14.0117 -14.5830 -15.1952
  0.0000  -0.9345  -0.9345  -0.9345  -0.9345  -0.9345  -0.9345  -0.9345  -0.9345
 -0.9345  -0.9345  -0.9345  -0.9345  -0.9346  -0.9347  -0.9350  -0.9357  -0.9374
 -0.9418  -0.9530  -0.9808  -1.0509  -1.2269  -1.6689  -2.7777  -5.3112  -6.2048
 -6.6972  -7.1735  -7.6448  -8.1170  -8.5942  -9.0793  -9.5727 -10.0731 -10.5777
-11.1106 -11.6337 -12.2448 -12.9239 -13.4631 -14.0096 -14.5814 -15.1939
  0.0000  -1.0856  -1.0856  -1.0856  -1.0856  -1.0856  -1.0856  -1.0856  -1.0856
 -1.0856  -1.0856  -1.0856  -1.0856  -1.0856  -1.0857  -1.0858  -1.0862  -1.0871
 -1.0893  -1.0948  -1.1088  -1.1438  -1.2318  -1.4530  -2.0083  -3.4011  -6.1374
 -6.7175  -7.2054  -7.6803  -8.1506  -8.6218  -9.0978  -9.5817 -10.0744 -10.5746
-11.1060 -11.6293 -12.2407 -12.9198 -13.4603 -14.0081 -14.5806 -15.1937
  0.0000  -1.2355  -1.2355  -1.2355  -1.2355  -1.2355  -1.2355  -1.2355  -1.2355
 -1.2355  -1.2355  -1.2355  -1.2355  -1.2355  -1.2355  -1.2356  -1.2357  -1.2362
 -1.2373  -1.2401  -1.2470  -1.2646  -1.3086  -1.4192  -1.6970  -2.3946  -4.1431
 -6.7081  -7.2258  -7.7104  -8.1840  -8.6537  -9.1242  -9.5994 -10.0825 -10.5750
-11.1016 -11.6233 -12.2338 -12.9124 -13.4549 -14.0040 -14.5778 -15.1917
  0.0000  -1.3860  -1.3860  -1.3860  -1.3860  -1.3860  -1.3860  -1.3860  -1.3860
 -1.3860  -1.3860  -1.3860  -1.3860  -1.3860  -1.3860  -1.3861  -1.3862  -1.3864
 -1.3869  -1.3883  -1.3918  -1.4006  -1.4226  -1.4779  -1.6168  -1.9657  -2.8421
 -5.0335  -7.2267  -7.7306  -8.2123  -8.6848  -9.1543  -9.6247 -10.1001 -10.5837
-11.1031 -11.6200 -12.2277 -12.9042 -13.4485 -13.9996 -14.5747 -15.1897
  0.0000  -1.5361  -1.5361  -1.5361  -1.5361  -1.5361  -1.5361  -1.5361  -1.5361
 -1.5361  -1.5361  -1.5361  -1.5361  -1.5361  -1.5361  -1.5362  -1.5362  -1.5363
 -1.5366  -1.5373  -1.5390  -1.5434  -1.5544  -1.5821  -1.6515  -1.8260  -2.2642
 -3.3650  -6.0937  -7.7321  -8.2286  -8.7076  -9.1796  -9.6493 -10.1211 -10.5985
-11.1109 -11.6211 -12.2239 -12.8964 -13.4409 -13.9936 -14.5704 -15.1865
  0.0000  -0.3020  -0.3020  -0.3020  -0.3020  -0.3020  -0.3020  -0.3020  -0.3021
 -0.3021  -0.3021  -0.3023  -0.3026  -0.3034  -0.3054  -0.3106  -0.3235  -0.3559
 -0.4374  -0.6419  -1.1544  -2.4183  -4.1504  -4.6921  -5.1795  -5.6543  -6.1265
 -6.6017  -7.0835  -7.5736  -8.0711  -8.5735  -9.0782  -9.5836 -10.1157 -10.6216
-11.1439 -11.9161 -12.4545 -12.9939 -13.5550 -14.1513 -14.8034 -15.5442
  0.0000  -0.4521  -0.4521  -0.4521  -0.4521  -0.4521  -0.4521  -0.4521  -0.4521
 -0.4521  -0.4521  -0.4522  -0.4523  -0.4527  -0.4538  -0.4564  -0.4628  -0.4791
 -0.5200  -0.6226  -0.8804  -1.5265  -3.1093  -4.6868  -5.2021  -5.6856  -6.1591
 -6.6303  -7.1047  -7.5857  -8.0750  -8.5720  -9.0743  -9.5795 -10.1121 -10.6191
-11.1422 -11.9141 -12.4532 -12.9933 -13.5548 -14.1513 -14.8036 -15.5446
  0.0000  -0.6021  -0.6021  -0.6021  -0.6021  -0.6021  -0.6021  -0.6021  -0.6021
 -0.6021  -0.6021  -0.6021  -0.6022  -0.6024  -0.6029  -0.6042  -0.6074  -0.6156
 -0.6361  -0.6875  -0.8167  -1.1411  -1.9544  -3.9122  -5.2070  -5.7111  -6.1918
 -6.6641  -7.1345  -7.6080  -8.0878  -8.5762  -9.0727  -9.5751 -10.1071 -10.6150
-11.1391 -11.9101 -12.4505 -12.9916 -13.5538 -14.1507 -14.8032 -15.5444
  0.0000  -0.7517  -0.7517  -0.7517  -0.7517  -0.7517  -0.7517  -0.7517  -0.7517
 -0.7517  -0.7517  -0.7518  -0.7518  -0.7519  -0.7522  -0.7528  -0.7544  -0.7585
 -0.7688  -0.7945  -0.8592  -1.0217  -1.4296  -2.4524  -4.7915  -5.7212  -6.2184
 -6.6969  -7.1682  -7.6380  -8.1106  -8.5895  -9.0769  -9.5731 -10.1018 -10.6092
-11.1341 -11.9037 -12.4458 -12.9882 -13.5514 -14.1490 -14.8020 -15.5434
  0.0000  -0.9027  -0.9027  -0.9027  -0.9027  -0.9027  -0.9027  -0.9027  -0.9027
 -0.9027  -0.9027  -0.9027  -0.9028  -0.9028  -0.9029  -0.9033  -0.9041  -0.9061
 -0.9112  -0.9241  -0.9565  -1.0378  -1.2420  -1.7548  -3.0400  -5.5965  -6.2327
 -6.7246  -7.2015  -7.6722  -8.1414  -8.6134  -9.0917  -9.5789 -10.1012 -10.6053
-11.1295 -11.8966 -12.4406 -12.9848 -13.5492 -14.1479 -14.8015 -15.5433
  0.0000  -1.0527  -1.0527  -1.0527  -1.0527  -1.0527  -1.0527  -1.0527  -1.0527
 -1.0527  -1.0527  -1.0527  -1.0528  -1.0528  -1.0528  -1.0530  -1.0534  -1.0544
 -1.0570  -1.0634  -1.0796  -1.1203  -1.2224  -1.4790  -2.1233  -3.7370  -6.1785
 -6.7383  -7.2259  -7.7013  -8.1714  -8.6407  -9.1130  -9.5918 -10.1062 -10.6039
-11.1249 -11.8876 -12.4327 -12.9789 -13.5451 -14.1447 -14.7994 -15.5419
  0.0000  -1.2035  -1.2035  -1.2035  -1.2035  -1.2035  -1.2035  -1.2035  -1.2035
 -1.2035  -1.2035  -1.2035  -1.2035  -1.2035  -1.2035  -1.2036  -1.2038  -1.2043
 -1.2056  -1.2088  -1.2169  -1.2372  -1.2883  -1.4166  -1.7389  -2.5484  -4.5709
 -6.7296  -7.2380  -7.7218  -8.1958  -8.6660  -9.1363  -9.6104 -10.1187 -10.6090
-11.1244 -11.8817 -12.4256 -12.9729 -13.5407 -14.1419 -14.7974 -15.5407
  0.0000   0.0254   0.0254   0.0254   0.0254   0.0254   0.0254   0.0254   0.0253
  0.0252   0.0250   0.0244   0.0229   0.0192   0.0099  -0.0136  -0.0726  -0.2205
 -0.5903  -1.4981  -3.0635  -3.6995  -4.1976  -4.6759  -5.1478  -5.6199  -6.0964
 -6.5806  -7.0730  -7.5724  -8.0759  -8.5812  -9.0869  -9.6195 -10.1414 -10.7536
-11.4451 -11.9795 -12.5322 -13.1149 -13.7456 -14.4522 -15.2796 -16.2982
  0.0000  -0.1220  -0.1220  -0.1220  -0.1220  -0.1220  -0.1220  -0.1220  -0.1220
 -0.1221  -0.1222  -0.1225  -0.1232  -0.1251  -0.1298  -0.1417  -0.1714  -0.2462
 -0.4337  -0.9031  -2.0525  -3.6544  -4.2115  -4.7031  -5.1793  -5.6503  -6.1218
 -6.5978  -7.0815  -7.5734  -8.0727  -8.5764  -9.0823  -9.6157 -10.1387 -10.7511
-11.4427 -11.9778 -12.5311 -13.1142 -13.7450 -14.4518 -15.2792 -16.2979
  0.0000  -0.2705  -0.2705  -0.2705  -0.2705  -0.2705  -0.2705  -0.2705  -0.2705
 -0.2705  -0.2706  -0.2707  -0.2711  -0.2721  -0.2744  -0.2804  -0.2954  -0.3330
 -0.4274  -0.6644  -1.2579  -2.7014  -4.1973  -4.7216  -5.2088  -5.6835  -6.1537
 -6.6245  -7.0999  -7.5826  -8.0741  -8.5732  -9.0774  -9.6107 -10.1346 -10.7475
-11.4389 -11.9753 -12.5294 -13.1130 -13.7442 -14.4512 -15.2788 -16.2976
  0.0000  -0.4203  -0.4203  -0.4203  -0.4203  -0.4203  -0.4203  -0.4203  -0.4203
 -0.4203  -0.4203  -0.4204  -0.4206  -0.4211  -0.4223  -0.4253  -0.4328  -0.4516
 -0.4990  -0.6181  -0.9170  -1.6655  -3.4540  -4.7201  -5.2306  -5.7145  -6.1881
 -6.6577  -7.1279  -7.6024  -8.0845  -8.5756  -9.0748  -9.6060 -10.1299 -10.7429
-11.4342 -11.9721 -12.5274 -13.1119 -13.7436 -14.4510 -15.2788 -16.2977
  0.0000  -0.5692  -0.5692  -0.5692  -0.5692  -0.5692  -0.5692  -0.5692  -0.5693
 -0.5693  -0.5693  -0.5693  -0.5694  -0.5696  -0.5702  -0.5717  -0.5755  -0.5850
 -0.6087  -0.6684  -0.8182  -1.1945  -2.1368  -4.2837  -5.2336  -5.7357  -6.2171
 -6.6897  -7.1590  -7.6287  -8.1029  -8.5847  -9.0760  -9.6021 -10.1239 -10.7359
-11.4262 -11.9662 -12.5230 -13.1085 -13.7412 -14.4491 -15.2773 -16.2964
  0.0000  -0.7198  -0.7198  -0.7198  -0.7198  -0.7198  -0.7198  -0.7198  -0.7198
 -0.7198  -0.7198  -0.7198  -0.7199  -0.7200  -0.7203  -0.7210  -0.7229  -0.7276
 -0.7395  -0.7694  -0.8444  -1.0329  -1.5061  -2.6911  -5.0749  -5.7423  -6.2380
 -6.7172  -7.1890  -7.6582  -8.1282  -8.6030  -9.0860  -9.6048 -10.1216 -10.7305
-11.4184 -11.9601 -12.5188 -13.1058 -13.7394 -14.4482 -15.2768 -16.2963
  0.0000  -0.8697  -0.8697  -0.8697  -0.8697  -0.8697  -0.8697  -0.8697  -0.8697
 -0.8697  -0.8697  -0.8697  -0.8697  -0.8698  -0.8699  -0.8703  -0.8712  -0.8736
 -0.8795  -0.8945  -0.9320  -1.0263  -1.2632  -1.8581  -3.3462  -5.7023  -6.2430
 -6.7333  -7.2104  -7.6817  -8.1514  -8.6232  -9.1005  -9.6130 -10.1233 -10.7273
-11.4110 -11.9528 -12.5130 -13.1016 -13.7364 -14.4460 -15.2753 -16.2952
  0.0000   0.3449   0.3449   0.3449   0.3449   0.3449   0.3448   0.3448   0.3446
  0.3442   0.3432   0.3405   0.3339   0.3174   0.2759   0.1720  -0.0869  -0.7153
 -1.9273  -2.6929  -3.2099  -3.6955  -4.1696  -4.6404  -5.1130  -5.5913  -6.0776
 -6.5722  -7.0730  -7.5773  -8.0831  -8.6159  -9.1379  -9.7485 -10.4277 -10.9658
-11.5114 -12.0827 -12.6949 -13.3723 -14.1531 -15.0980 -16.3030 -17.9203
  0.0000   0.2024   0.2024   0.2024   0.2024   0.2024   0.2023   0.2023   0.2022
  0.2020   0.2015   0.2001   0.1968   0.1883   0.1670   0.1136  -0.0202  -0.3540
 -1.1649  -2.5557  -3.2125  -3.7176  -4.1991  -4.6716  -5.1417  -5.6140  -6.0920
 -6.5782  -7.0728  -7.5738  -8.0787  -8.6117  -9.1346  -9.7457 -10.4249 -10.9639
-11.5102 -12.0819 -12.6944 -13.3719 -14.1529 -15.0979 -16.3029 -17.9202
  0.0000   0.0570   0.0570   0.0570   0.0570   0.0570   0.0570   0.0570   0.0569
  0.0568   0.0565   0.0559   0.0541   0.0498   0.0390   0.0119  -0.0563  -0.2273
 -0.6543  -1.6894  -3.1523  -3.7273  -4.2242  -4.7031  -5.1747  -5.6442  -6.1160
 -6.5935  -7.0792  -7.5736  -8.0750  -8.6068  -9.1302  -9.7415 -10.4207 -10.9610
-11.5083 -12.0808 -12.6937 -13.3715 -14.1527 -15.0978 -16.3029 -17.9202
  0.0000  -0.0899  -0.0899  -0.0899  -0.0899  -0.0899  -0.0899  -0.0899  -0.0899
 -0.0899  -0.0901  -0.0904  -0.0913  -0.0935  -0.0989  -0.1127  -0.1471  -0.2337
 -0.4509  -0.9936  -2.3001  -3.7026  -4.2378  -4.7293  -5.2063  -5.6772  -6.1463
 -6.6175  -7.0945  -7.5799  -8.0743  -8.6023  -9.1245  -9.7354 -10.4141 -10.9562
-11.5048 -12.0784 -12.6920 -13.3703 -14.1518 -15.0970 -16.3023 -17.9197
  0.0000  -0.2388  -0.2388  -0.2388  -0.2388  -0.2388  -0.2388  -0.2388  -0.2388
 -0.2388  -0.2389  -0.2391  -0.2395  -0.2406  -0.2433  -0.2502  -0.2676  -0.3112
 -0.4207  -0.6953  -1.3821  -3.0059  -4.2280  -4.7455  -5.2330  -5.7087  -6.1789
 -6.6478  -7.1188  -7.5957  -8.0814  -8.6025  -9.1208  -9.7294 -10.4065 -10.9504
-11.5011 -12.0758 -12.6905 -13.3695 -14.1514 -15.0969 -16.3024 -17.9199
  0.0000  -0.3879  -0.3879  -0.3879  -0.3879  -0.3879  -0.3879  -0.3879  -0.3879
 -0.3879  -0.3879  -0.3880  -0.3882  -0.3888  -0.3902  -0.3936  -0.4023  -0.4242
 -0.4792  -0.6172  -0.9637  -1.8301  -3.7870  -4.7410  -5.2480  -5.7322  -6.2066
 -6.6765  -7.1455  -7.6171  -8.0953  -8.6089  -9.1205  -9.7246 -10.3981 -10.9428
-11.4953 -12.0718 -12.6876 -13.3676 -14.1501 -15.0960 -16.3017 -17.9194
  0.0000  -0.5376  -0.5376  -0.5376  -0.5376  -0.5376  -0.5376  -0.5376  -0.5376
 -0.5376  -0.5376  -0.5376  -0.5377  -0.5380  -0.5387  -0.5404  -0.5448  -0.5558
 -0.5833  -0.6525  -0.8263  -1.2626  -2.3534  -4.5529  -5.2453  -5.7442  -6.2254
 -6.6986  -7.1686  -7.6389  -8.1130  -8.6212  -9.1261  -9.7244 -10.3926 -10.9358
-11.4891 -12.0671 -12.6844 -13.3652 -14.1486 -15.0950 -16.3010 -17.9190
  0.0000   0.6425   0.6425   0.6425   0.6424   0.6424   0.6423   0.6420   0.6413
  0.6396   0.6352   0.6241   0.5965   0.5276   0.3572  -0.0485  -0.8588  -1.6619
 -2.2128  -2.7101  -3.1910  -3.6637  -4.1345  -4.6081  -5.0881  -5.5764  -6.0726
 -6.5746  -7.0797  -7.6125  -8.1196  -8.6428  -9.4144  -9.9538 -10.4940 -11.0555
-11.6521 -12.3044 -13.0453 -13.9270 -15.0317 -16.4900 -18.5088 -21.4158
  0.0000   0.5115   0.5115   0.5115   0.5115   0.5114   0.5114   0.5112   0.5109
  0.5099   0.5076   0.5018   0.4873   0.4508   0.3596   0.1337  -0.4063  -1.4289
 -2.1953  -2.7238  -3.2156  -3.6926  -4.1637  -4.6340  -5.1074  -5.5875  -6.0761
 -6.5727  -7.0753  -7.6074  -8.1152  -8.6393  -9.4103  -9.9507 -10.4918 -11.0539
-11.6508 -12.3033 -13.0445 -13.9262 -15.0310 -16.4894 -18.5082 -21.4152
  0.0000   0.3747   0.3747   0.3747   0.3747   0.3747   0.3747   0.3746   0.3744
  0.3739   0.3727   0.3697   0.3622   0.3431   0.2955   0.1762  -0.1201  -0.8295
 -2.0418  -2.7203  -3.2341  -3.7203  -4.1951  -4.6652  -5.1349  -5.6080  -6.0879
 -6.5765  -7.0735  -7.6027  -8.1103  -8.6351  -9.4049  -9.9467 -10.4890 -11.0520
-11.6495 -12.3025 -13.0438 -13.9258 -15.0306 -16.4891 -18.5079 -21.4150
  0.0000   0.2333   0.2333   0.2333   0.2333   0.2333   0.2333   0.2333   0.2332
  0.2329   0.2323   0.2308   0.2269   0.2171   0.1925   0.1309  -0.0233  -0.4072
 -1.3250  -2.6423  -3.2380  -3.7414  -4.2240  -4.6975  -5.1669  -5.6363  -6.1091
 -6.5887  -7.0775  -7.6009  -8.1057  -8.6301  -9.3976  -9.9413 -10.4852 -11.0495
-11.6479 -12.3014 -13.0432 -13.9253 -15.0304 -16.4889 -18.5078 -21.4149
  0.0000   0.0885   0.0885   0.0885   0.0885   0.0885   0.0885   0.0885   0.0884
  0.0883   0.0880   0.0872   0.0852   0.0802   0.0677   0.0363  -0.0426  -0.2402
 -0.7325  -1.9012  -3.2016  -3.7494  -4.2458  -4.7259  -5.1983  -5.6673  -6.1365
 -6.6094  -7.0895  -7.6051  -8.1040  -8.6257  -9.3893  -9.9343 -10.4802 -11.0461
-11.6456 -12.3001 -13.0424 -13.9249 -15.0302 -16.4888 -18.5078 -21.4150
  0.0000  -0.0583  -0.0583  -0.0583  -0.0583  -0.0583  -0.0583  -0.0584  -0.0584
 -0.0584  -0.0586  -0.0590  -0.0600  -0.0625  -0.0689  -0.0847  -0.1247  -0.2249
 -0.4762  -1.1030  -2.5634  -3.7296  -4.2545  -4.7455  -5.2235  -5.6950  -6.1640
 -6.6337  -7.1078  -7.6164  -8.1076  -8.6240  -9.3820  -9.9264 -10.4737 -11.0414
-11.6424 -12.2978 -13.0410 -13.9240 -15.0296 -16.4885 -18.5076 -21.4149
  0.0000  -0.2067  -0.2067  -0.2067  -0.2067  -0.2067  -0.2067  -0.2067  -0.2067
 -0.2068  -0.2069  -0.2071  -0.2076  -0.2088  -0.2120  -0.2200  -0.2401  -0.2906
 -0.4175  -0.7356  -1.5293  -3.2970  -4.2408  -4.7523  -5.2387  -5.7147  -6.1858
 -6.6556  -7.1273  -7.6322  -8.1168  -8.6269  -9.3794  -9.9202 -10.4673 -11.0361
-11.6386 -12.2952 -13.0391 -13.9229 -15.0289 -16.4880 -18.5073 -21.4147
  0.0000   0.9047   0.9047   0.9046   0.9046   0.9044   0.9040   0.9029   0.9001
  0.8932   0.8759   0.8331   0.7284   0.4861   0.0111  -0.6135  -1.1952  -1.7159
 -2.2062  -2.6832  -3.1568  -3.6285  -4.1034  -4.5848  -5.0748  -5.5724  -6.0754
 -6.5813  -7.1148  -7.6380  -8.2506  -8.9422  -9.4776 -10.0310 -10.6142 -11.2451
-11.9519 -12.7794 -13.7981 -15.1201 -16.9227 -19.4872 -23.2592 -28.9450
  0.0000   0.7891   0.7891   0.7891   0.7891   0.7890   0.7888   0.7882   0.7867
  0.7830   0.7737   0.7505   0.6926   0.5511   0.2223  -0.4119  -1.1391  -1.7141
 -2.2234  -2.7091  -3.1854  -3.6566  -4.1275  -4.6024  -5.0845  -5.5752  -6.0737
 -6.5776  -7.1108  -7.6348  -8.2477  -8.9391  -9.4757 -10.0298 -10.6135 -11.2447
-11.9517 -12.7793 -13.7981 -15.1202 -16.9229 -19.4874 -23.2594 -28.9451
  0.0000   0.6660   0.6660   0.6660   0.6659   0.6659   0.6658   0.6654   0.6647
  0.6627   0.6577   0.6452   0.6140   0.5361   0.3448  -0.1023  -0.9331  -1.6867
 -2.2340  -2.7333  -3.2155  -3.6888  -4.1586  -4.6290  -5.1038  -5.5861  -6.0773
 -6.5766  -7.1078  -7.6317  -8.2447  -8.9359  -9.4738 -10.0291 -10.6136 -11.2453
-11.9527 -12.7805 -13.7994 -15.1215 -16.9243 -19.4888 -23.2609 -28.9466
  0.0000   0.5394   0.5394   0.5394   0.5394   0.5393   0.5393   0.5391   0.5387
  0.5376   0.5350   0.5284   0.5118   0.4701   0.3662   0.1099  -0.4916  -1.5199
 -2.2202  -2.7455  -3.2378  -3.7163  -4.1880  -4.6570  -5.1271  -5.6018  -6.0845
 -6.5763  -7.1028  -7.6248  -8.2368  -8.9272  -9.4671 -10.0237 -10.6093 -11.2418
-11.9497 -12.7778 -13.7970 -15.1192 -16.9220 -19.4867 -23.2587 -28.9445
  0.0000   0.4042   0.4042   0.4042   0.4042   0.4042   0.4042   0.4041   0.4039
  0.4033   0.4019   0.3985   0.3898   0.3679   0.3132   0.1763  -0.1621  -0.9563
 -2.1219  -2.7424  -3.2535  -3.7406  -4.2167  -4.6874  -5.1561  -5.6263  -6.1014
 -6.5850  -7.1044  -7.6217  -8.2310  -8.9192  -9.4608 -10.0193 -10.6062 -11.2398
-11.9484 -12.7770 -13.7964 -15.1189 -16.9218 -19.4865 -23.2586 -28.9444
  0.0000   0.2640   0.2640   0.2640   0.2640   0.2640   0.2640   0.2639   0.2638
  0.2635   0.2628   0.2610   0.2565   0.2453   0.2170   0.1459  -0.0317  -0.4723
 -1.4988  -2.6908  -3.2538  -3.7552  -4.2382  -4.7127  -5.1828  -5.6517  -6.1229
 -6.5999  -7.1123  -7.6230  -8.2274  -8.9114  -9.4535 -10.0136 -10.6022 -11.2369
-11.9465 -12.7757 -13.7956 -15.1183 -16.9214 -19.4862 -23.2584 -28.9443
  0.0000   0.1197   0.1197   0.1197   0.1197   0.1197   0.1197   0.1196   0.1196
  0.1194   0.1191   0.1182   0.1159   0.1101   0.0957   0.0593  -0.0318  -0.2599
 -0.8265  -2.1212  -3.2228  -3.7558  -4.2497  -4.7296  -5.2027  -5.6729  -6.1434
 -6.6173  -7.1254  -7.6298  -8.2288  -8.9074  -9.4475 -10.0082 -10.5981 -11.2342
-11.9446 -12.7746 -13.7950 -15.1180 -16.9214 -19.4863 -23.2586 -28.9445
  0.0000   1.1243   1.1243   1.1242   1.1239   1.1232   1.1216   1.1174   1.1068
  1.0808   1.0176   0.8732   0.5967   0.2274  -0.2092  -0.7098  -1.2121  -1.7014
 -2.1786  -2.6496  -3.1234  -3.5998  -4.0827  -4.5738  -5.0725  -5.5764  -6.1093
 -6.6326  -7.2439  -7.9230  -8.4626  -9.0093  -9.5813 -10.1940 -10.8717 -11.6527
-12.5977 -13.8028 -15.4201 -17.6909 -20.9973 -25.9451 -33.4944 -37.0002
  0.0000   1.0246   1.0246   1.0245   1.0244   1.0240   1.0231   1.0208   1.0151
  1.0008   0.9654   0.8798   0.6870   0.3310  -0.1386  -0.6781  -1.2117  -1.7164
 -2.2016  -2.6770  -3.1499  -3.6222  -4.0987  -4.5826  -5.0752  -5.5752  -6.1065
 -6.6298  -7.2411  -7.9203  -8.4609  -9.0086  -9.5813 -10.1943 -10.8723 -11.6535
-12.5986 -13.8038 -15.4211 -17.6919 -20.9983 -25.9462 -33.4954 -37.0013
  0.0000   0.9212   0.9212   0.9211   0.9211   0.9209   0.9204   0.9191   0.9161
  0.9083   0.8890   0.8412   0.7257   0.4661  -0.0079  -0.6114  -1.1994  -1.7270
 -2.2231  -2.7041  -3.1782  -3.6489  -4.1204  -4.5970  -5.0816  -5.5753  -6.1026
 -6.6245  -7.2352  -7.9138  -8.4560  -9.0049  -9.5786 -10.1923 -10.8707 -11.6522
-12.5975 -13.8028 -15.4202 -17.6910 -20.9975 -25.9453 -33.4946 -37.0005
  0.0000   0.8098   0.8098   0.8098   0.8098   0.8097   0.8094   0.8087   0.8071
  0.8029   0.7924   0.7663   0.7014   0.5442   0.1886  -0.4524  -1.1565  -1.7295
 -2.2420  -2.7306  -3.2082  -3.6797  -4.1491  -4.6204  -5.0974  -5.5828  -6.1037
 -6.6217  -7.2301  -7.9071  -8.4510  -9.0017  -9.5765 -10.1913 -10.8704 -11.6522
-12.5978 -13.8033 -15.4208 -17.6917 -20.9982 -25.9461 -33.4954 -37.0013
  0.0000   0.6929   0.6929   0.6929   0.6929   0.6928   0.6927   0.6923   0.6914
  0.6892   0.6835   0.6694   0.6340   0.5460   0.3315  -0.1577  -0.9942  -1.7054
 -2.2487  -2.7488  -3.2321  -3.7067  -4.1768  -4.6459  -5.1175  -5.5955  -6.1088
 -6.6203  -7.2243  -7.8978  -8.4426  -8.9951  -9.5716 -10.1874 -10.8675 -11.6500
-12.5959 -13.8016 -15.4193 -17.6903 -20.9969 -25.9448 -33.4942 -37.0001
  0.0000   0.5647   0.5647   0.5647   0.5647   0.5646   0.5645   0.5644   0.5639
  0.5627   0.5597   0.5521   0.5331   0.4856   0.3673   0.0774  -0.5857  -1.5890
 -2.2385  -2.7596  -3.2515  -3.7309  -4.2036  -4.6731  -5.1426  -5.6159  -6.1234
 -6.6277  -7.2258  -7.8938  -8.4371  -8.9906  -9.5687 -10.1861 -10.8670 -11.6504
-12.5969 -13.8029 -15.4209 -17.6920 -20.9986 -25.9466 -33.4960 -37.0020
  0.0000   0.4331   0.4331   0.4331   0.4331   0.4331   0.4331   0.4330   0.4327
  0.4321   0.4305   0.4265   0.4165   0.3915   0.3287   0.1720  -0.2134  -1.0899
 -2.1664  -2.7494  -3.2561  -3.7421  -4.2184  -4.6902  -5.1604  -5.6323  -6.1371
 -6.6361  -7.2290  -7.8910  -8.4302  -8.9829  -9.5619 -10.1806 -10.8628 -11.6467
-12.5940 -13.8004 -15.4186 -17.6899 -20.9967 -25.9447 -33.4941 -37.0002
  0.0000   1.2940   1.2939   1.2935   1.2926   1.2904   1.2847   1.2707   1.2364
  1.1562   0.9907   0.7408   0.4800   0.1642  -0.2488  -0.7177  -1.1985  -1.6769
 -2.1495  -2.6191  -3.0975  -3.5815  -4.0735  -4.5729  -5.1036  -5.6117  -6.1365
 -6.9067  -7.4481  -7.9900  -8.5527  -9.1500  -9.8028 -10.5441 -11.4260 -12.5308
-13.9892 -16.0080 -18.9151 -23.2299 -29.7760 -37.0002 -37.0002 -37.0002
  0.0000   1.2189   1.2188   1.2186   1.2181   1.2167   1.2133   1.2049   1.1839
  1.1331   1.0173   0.7962   0.5128   0.2027  -0.2157  -0.7055  -1.2036  -1.6917
 -2.1689  -2.6412  -3.1160  -3.5943  -4.0798  -4.5739  -5.1012  -5.6081  -6.1330
 -6.9019  -7.4446  -7.9874  -8.5511  -9.1489  -9.8021 -10.5436 -11.4256 -12.5305
-13.9890 -16.0078 -18.9149 -23.2298 -29.7759 -37.0001 -37.0001 -37.0001
  0.0000   1.1330   1.1329   1.1328   1.1325   1.1317   1.1298   1.1251   1.1131
  1.0837   1.0129   0.8560   0.5788   0.2446  -0.1779  -0.6926  -1.2113  -1.7103
 -2.1936  -2.6687  -3.1412  -3.6147  -4.0933  -4.5801  -5.1017  -5.6053  -6.1293
 -6.8959  -7.4400  -7.9845  -8.5490  -9.1478  -9.8015 -10.5434 -11.4257 -12.5308
-13.9893 -16.0082 -18.9153 -23.2303 -29.7764 -37.0006 -37.0006 -37.0006
  0.0000   1.0397   1.0397   1.0396   1.0395   1.0391   1.0380   1.0354   1.0289
  1.0127   0.9728   0.8776   0.6705   0.3203  -0.1231  -0.6681  -1.2144  -1.7267
 -2.2175  -2.6962  -3.1690  -3.6397  -4.1126  -4.5920  -5.1064  -5.6041  -6.1250
 -6.8877  -7.4328  -7.9790  -8.5452  -9.1448  -9.7996 -10.5420 -11.4246 -12.5300
-13.9887 -16.0077 -18.9148 -23.2298 -29.7760 -37.0002 -37.0002 -37.0002
  0.0000   0.9390   0.9390   0.9390   0.9389   0.9387   0.9381   0.9367   0.9332
  0.9245   0.9027   0.8490   0.7211   0.4440  -0.0246  -0.6143  -1.2064  -1.7380
 -2.2380  -2.7216  -3.1963  -3.6669  -4.1371  -4.6107  -5.1184  -5.6085  -6.1240
 -6.8812  -7.4254  -7.9729  -8.5408  -9.1421  -9.7975 -10.5409 -11.4240 -12.5297
-13.9886 -16.0077 -18.9150 -23.2300 -29.7762 -37.0005 -37.0005 -37.0005
  0.0000   0.8323   0.8323   0.8323   0.8322   0.8321   0.8318   0.8311   0.8292
  0.8245   0.8126   0.7831   0.7103   0.5360   0.1548  -0.4845  -1.1684  -1.7368
 -2.2498  -2.7395  -3.2176  -3.6900  -4.1599  -4.6309  -5.1347  -5.6178  -6.1268
 -6.8783  -7.4186  -7.9656  -8.5347  -9.1375  -9.7944 -10.5385 -11.4223 -12.5284
-13.9876 -16.0069 -18.9143 -23.2294 -29.7756 -37.0000 -37.0000 -37.0000
  0.0000   0.7165   0.7165   0.7165   0.7164   0.7164   0.7162   0.7158   0.7148
  0.7122   0.7058   0.6898   0.6497   0.5505   0.3111  -0.2171  -1.0408  -1.7136
 -2.2504  -2.7489  -3.2313  -3.7066  -4.1781  -4.6491  -5.1521  -5.6310  -6.1347
 -6.8823  -7.4163  -7.9608  -8.5299  -9.1337  -9.7918 -10.5368 -11.4214 -12.5279
-13.9874 -16.0070 -18.9145 -23.2296 -29.7759 -37.0004 -37.0004 -37.0004
  0.0000   1.3891   1.3888   1.3880   1.3859   1.3807   1.3680   1.3372   1.2671
  1.1293   0.9257   0.7038   0.4604   0.1439  -0.2584  -0.7116  -1.1807  -1.6530
 -2.1247  -2.5957  -3.0808  -3.5733  -4.0732  -4.6047  -5.1289  -5.7420  -6.4333
 -6.9714  -7.5268  -8.1113  -8.7430  -9.4504 -10.2782 -11.2972 -12.6193 -14.4221
-16.9867 -20.7587 -26.4445 -35.1634 -37.0000 -37.0000 -37.0000 -37.0000
  0.0000   1.3486   1.3483   1.3477   1.3462   1.3424   1.3329   1.3096   1.2546
  1.1364   0.9363   0.7083   0.4781   0.1758  -0.2315  -0.7007  -1.1837  -1.6639
 -2.1385  -2.6111  -3.0918  -3.5789  -4.0743  -4.6029  -5.1260  -5.7386  -6.4294
 -6.9686  -7.5248  -8.1101  -8.7423  -9.4500 -10.2780 -11.2971 -12.6193 -14.4221
-16.9867 -20.7588 -26.4446 -35.1634 -37.0001 -37.0001 -37.0001 -37.0001
  0.0000   1.2962   1.2960   1.2956   1.2946   1.2920   1.2856   1.2698   1.2312
  1.1425   0.9666   0.7245   0.4919   0.2031  -0.2084  -0.6952  -1.1932  -1.6815
 -2.1596  -2.6328  -3.1091  -3.5899  -4.0788  -4.6025  -5.1228  -5.7339  -6.4235
 -6.9642  -7.5218  -8.1079  -8.7409  -9.4491 -10.2774 -11.2967 -12.6191 -14.4220
-16.9866 -20.7587 -26.4445 -35.1634 -37.0001 -37.0001 -37.0001 -37.0001
  0.0000   1.2279   1.2278   1.2276   1.2269   1.2254   1.2215   1.2118   1.1878
  1.1301   1.0018   0.7724   0.5115   0.2284  -0.1851  -0.6906  -1.2043  -1.7012
 -2.1839  -2.6592  -3.1317  -3.6071  -4.0889  -4.6061  -5.1214  -5.7292  -6.4162
 -6.9582  -7.5174  -8.1049  -8.7388  -9.4478 -10.2766 -11.2962 -12.6187 -14.4217
-16.9865 -20.7586 -26.4445 -35.1634 -37.0001 -37.0001 -37.0001 -37.0001
  0.0000   1.1460   1.1459   1.1458   1.1454   1.1446   1.1424   1.1369   1.1232
  1.0897   1.0099   0.8388   0.5626   0.2569  -0.1559  -0.6817  -1.2129  -1.7189
 -2.2070  -2.6846  -3.1563  -3.6284  -4.1046  -4.6153  -5.1240  -5.7268  -6.4093
 -6.9512  -7.5118  -8.1009  -8.7361  -9.4459 -10.2754 -11.2954 -12.6182 -14.4214
-16.9863 -20.7585 -26.4444 -35.1633 -37.0001 -37.0001 -37.0001 -37.0001
  0.0000   1.0542   1.0542   1.0541   1.0539   1.0535   1.0523   1.0493   1.0419
  1.0235   0.9784   0.8724   0.6513   0.3107  -0.1129  -0.6612  -1.2148  -1.7311
 -2.2250  -2.7057  -3.1784  -3.6498  -4.1230  -4.6295  -5.1319  -5.7292  -6.4060
 -6.9453  -7.5061  -8.0964  -8.7330  -9.4439 -10.2742 -11.2948 -12.6179 -14.4213
-16.9863 -20.7586 -26.4446 -35.1636 -37.0004 -37.0004 -37.0004 -37.0004
  0.0000   0.9562   0.9562   0.9561   0.9560   0.9558   0.9552   0.9536   0.9496
  0.9398   0.9152   0.8550   0.7140   0.4219  -0.0352  -0.6129  -1.2028  -1.7339
 -2.2341  -2.7182  -3.1931  -3.6658  -4.1386  -4.6438  -5.1421  -5.7354  -6.4069
 -6.9415  -7.5008  -8.0916  -8.7293  -9.4412 -10.2721 -11.2934 -12.6169 -14.4206
-16.9858 -20.7582 -26.4442 -35.1632 -37.0001 -37.0001 -37.0001 -37.0001
  0.0000   1.4154   1.4149   1.4137   1.4109   1.4037   1.3864   1.3462   1.2623
  1.1172   0.9222   0.7033   0.4513   0.1309  -0.2640  -0.7062  -1.1671  -1.6355
 -2.1080  -2.5818  -3.0739  -3.5994  -4.1204  -4.7305  -5.4087  -5.9522  -6.5022
 -7.0764  -7.6908  -8.3696  -9.1513 -10.0967 -11.3021 -12.9196 -15.1904 -18.4969
-23.4447 -30.9940 -37.0000 -37.0000 -37.0000 -37.0000 -37.0000 -37.0000
  0.0000   1.3957   1.3953   1.3942   1.3917   1.3853   1.3696   1.3326   1.2528
  1.1093   0.9140   0.7032   0.4710   0.1647  -0.2342  -0.6898  -1.1629  -1.6385
 -2.1139  -2.5896  -3.0783  -3.6005  -4.1192  -4.7279  -5.4051  -5.9492  -6.5001
 -7.0750  -7.6898  -8.3689  -9.1509 -10.0965 -11.3019 -12.9195 -15.1904 -18.4969
-23.4447 -30.9940 -37.0000 -37.0000 -37.0000 -37.0000 -37.0000 -37.0000
  0.0000   1.3789   1.3786   1.3777   1.3755   1.3699   1.3562   1.3234   1.2496
  1.1084   0.9081   0.6991   0.4820   0.1901  -0.2128  -0.6835  -1.1694  -1.6517
 -2.1285  -2.6040  -3.0876  -3.6047  -4.1189  -4.7247  -5.3996  -5.9443  -6.4965
 -7.0726  -7.6882  -8.3679  -9.1502 -10.0961 -11.3017 -12.9194 -15.1904 -18.4969
-23.4448 -30.9941 -37.0001 -37.0001 -37.0001 -37.0001 -37.0001 -37.0001
  0.0000   1.3512   1.3509   1.3502   1.3485   1.3441   1.3334   1.3072   1.2459
  1.1180   0.9147   0.6985   0.4895   0.2112  -0.1954  -0.6816  -1.1807  -1.6698
 -2.1492  -2.6237  -3.1023  -3.6136  -4.1217  -4.7227  -5.3935  -5.9380  -6.4913
 -7.0689  -7.6856  -8.3661  -9.1491 -10.0954 -11.3013 -12.9191 -15.1902 -18.4968
-23.4447 -30.9940 -37.0001 -37.0001 -37.0001 -37.0001 -37.0001 -37.0001
  0.0000   1.3041   1.3040   1.3035   1.3023   1.2994   1.2920   1.2738   1.2299
  1.1306   0.9439   0.7105   0.4971   0.2293  -0.1789  -0.6805  -1.1924  -1.6883
 -2.1712  -2.6455  -3.1210  -3.6277  -4.1293  -4.7247  -5.3897  -5.9317  -6.4852
 -7.0641  -7.6823  -8.3639  -9.1477 -10.0945 -11.3007 -12.9188 -15.1900 -18.4967
-23.4447 -30.9941 -37.0002 -37.0002 -37.0002 -37.0002 -37.0002 -37.0002
  0.0000   1.2374   1.2373   1.2370   1.2363   1.2345   1.2301   1.2190   1.1916
  1.1265   0.9857   0.7525   0.5114   0.2469  -0.1603  -0.6762  -1.2005  -1.7028
 -2.1894  -2.6673  -3.1394  -3.6442  -4.1410  -4.7317  -5.3908  -5.9274  -6.4793
 -7.0587  -7.6782  -8.3610  -9.1455 -10.0931 -11.2998 -12.9182 -15.1896 -18.4964
-23.4445 -30.9939 -37.0001 -37.0001 -37.0001 -37.0001 -37.0001 -37.0001
  0.0000   1.1553   1.1552   1.1551   1.1547   1.1537   1.1512   1.1450   1.1296
  1.0918   1.0033   0.8204   0.5511   0.2676  -0.1359  -0.6656  -1.2021  -1.7106
 -2.2009  -2.6811  -3.1541  -3.6591  -4.1538  -4.7422  -5.3971  -5.9274  -6.4760
 -7.0546  -7.6747  -8.3585  -9.1440 -10.0919 -11.2993 -12.9179 -15.1895 -18.4965
-23.4446 -30.9941 -37.0004 -37.0004 -37.0004 -37.0004 -37.0004 -37.0004
  0.0000   1.4211   1.4206   1.4194   1.4163   1.4088   1.3907   1.3494   1.2654
  1.1231   0.9296   0.7046   0.4413   0.1120  -0.2753  -0.7096  -1.1635  -1.6286
 -2.1001  -2.6030  -3.1005  -3.6211  -4.3827  -4.9281  -5.4753  -6.0424  -6.6428
 -7.2979  -8.0407  -8.9236 -10.0290 -11.4878 -13.5069 -16.4141 -20.7291 -27.2753
-36.9995 -36.9995 -36.9995 -36.9995 -36.9995 -36.9995 -36.9995 -36.9995
  0.0000   1.3924   1.3920   1.3909   1.3881   1.3813   1.3647   1.3264   1.2473
  1.1106   0.9233   0.7102   0.4678   0.1571  -0.2356  -0.6809  -1.1470  -1.6207
 -2.0994  -2.6042  -3.1012  -3.6210  -4.3818  -4.9271  -5.4744  -6.0418  -6.6424
 -7.2977  -8.0406  -8.9235 -10.0290 -11.4879 -13.5069 -16.4142 -20.7292 -27.2754
-36.9996 -36.9996 -36.9996 -36.9996 -36.9996 -36.9996 -36.9996 -36.9996
  0.0000   1.3868   1.3864   1.3853   1.3825   1.3756   1.3590   1.3204   1.2397
  1.0999   0.9116   0.7058   0.4814   0.1847  -0.2108  -0.6688  -1.1460  -1.6256
 -2.1052  -2.6113  -3.1043  -3.6208  -4.3784  -4.9226  -5.4704  -6.0387  -6.6402
 -7.2959  -8.0395  -8.9227 -10.0284 -11.4873 -13.5065 -16.4138 -20.7288 -27.2751
-36.9993 -36.9993 -36.9993 -36.9993 -36.9993 -36.9993 -36.9993 -36.9993
  0.0000   1.3858   1.3853   1.3842   1.3815   1.3747   1.3582   1.3193   1.2367
  1.0917   0.8995   0.6982   0.4883   0.2056  -0.1932  -0.6651  -1.1540  -1.6389
 -2.1193  -2.6244  -3.1119  -3.6234  -4.3764  -4.9178  -5.4654  -6.0346  -6.6374
 -7.2942  -8.0382  -8.9220 -10.0281 -11.4873 -13.5066 -16.4139 -20.7290 -27.2753
-36.9996 -36.9996 -36.9996 -36.9996 -36.9996 -36.9996 -36.9996 -36.9996
  0.0000   1.3778   1.3774   1.3764   1.3740   1.3678   1.3526   1.3165   1.2368
  1.0899   0.8929   0.6932   0.4929   0.2228  -0.1783  -0.6641  -1.1644  -1.6549
 -2.1368  -2.6412  -3.1237  -3.6295  -4.3782  -4.9142  -5.4599  -6.0295  -6.6334
 -7.2914  -8.0364  -8.9209 -10.0274 -11.4868 -13.5063 -16.4138 -20.7290 -27.2753
-36.9997 -36.9997 -36.9997 -36.9997 -36.9997 -36.9997 -36.9997 -36.9997
  0.0000   1.3519   1.3516   1.3509   1.3489   1.3441   1.3320   1.3028   1.2355
  1.0997   0.8984   0.6946   0.4977   0.2378  -0.1640  -0.6620  -1.1727  -1.6685
 -2.1530  -2.6579  -3.1374  -3.6389  -4.3855  -4.9142  -5.4558  -6.0243  -6.6289
 -7.2880  -8.0340  -8.9190 -10.0262 -11.4861 -13.5058 -16.4135 -20.7287 -27.2751
-36.9996 -36.9996 -36.9996 -36.9996 -36.9996 -36.9996 -36.9996 -36.9996
  0.0000   1.3026   1.3023   1.3018   1.3005   1.2973   1.2891   1.2690   1.2210
  1.1149   0.9259   0.7070   0.5048   0.2515  -0.1487  -0.6566  -1.1760  -1.6765
 -2.1641  -2.6751  -3.1498  -3.6490  -4.3963  -4.9181  -5.4548  -6.0211  -6.6254
 -7.2852  -8.0321  -8.9178 -10.0255 -11.4856 -13.5056 -16.4134 -20.7288 -27.2752
-36.9998 -36.9998 -36.9998 -36.9998 -36.9998 -36.9998 -36.9998 -36.9998
  0.0000   1.4527   1.4521   1.4507   1.4473   1.4388   1.4184   1.3724   1.2811
  1.1308   0.9296   0.6975   0.4212   0.0649  -0.3040  -0.7341  -1.1803  -1.6469
 -2.1246  -2.6249  -3.2236  -3.9022  -4.4419  -5.0030  -5.5938  -6.2307  -6.9417
 -7.7722  -8.7929 -10.1161 -11.9195 -14.4846 -18.2569 -23.9428 -32.6618 -36.9987
-36.9987 -36.9987 -36.9987 -36.9987 -36.9987 -36.9987 -36.9987 -36.9987
  0.0000   1.3841   1.3837   1.3827   1.3801   1.3737   1.3583   1.3228   1.2487
  1.1186   0.9348   0.7169   0.4640   0.1467  -0.2419  -0.6800  -1.1411  -1.6222
 -2.1228  -2.6182  -3.2216  -3.9041  -4.4459  -5.0072  -5.5974  -6.2334  -6.9437
 -7.7738  -8.7941 -10.1171 -11.9204 -14.4853 -18.2576 -23.9435 -32.6624 -36.9993
-36.9993 -36.9993 -36.9993 -36.9993 -36.9993 -36.9993 -36.9993 -36.9993
  0.0000   1.3663   1.3659   1.3649   1.3624   1.3562   1.3413   1.3066   1.2342
  1.1063   0.9260   0.7175   0.4828   0.1809  -0.2087  -0.6574  -1.1289  -1.6167
 -2.1206  -2.6196  -3.2219  -3.9029  -4.4441  -5.0056  -5.5960  -6.2325  -6.9431
 -7.7733  -8.7938 -10.1168 -11.9202 -14.4852 -18.2574 -23.9434 -32.6623 -36.9992
-36.9992 -36.9992 -36.9992 -36.9992 -36.9992 -36.9992 -36.9992 -36.9992
  0.0000   1.3664   1.3659   1.3649   1.3622   1.3557   1.3399   1.3035   1.2276
  1.0954   0.9137   0.7109   0.4921   0.2043  -0.1872  -0.6475  -1.1293  -1.6217
 -2.1263  -2.6253  -3.2244  -3.9017  -4.4405  -5.0016  -5.5927  -6.2300  -6.9414
 -7.7720  -8.7930 -10.1163 -11.9198 -14.4849 -18.2572 -23.9432 -32.6621 -36.9991
-36.9991 -36.9991 -36.9991 -36.9991 -36.9991 -36.9991 -36.9991 -36.9991
  0.0000   1.3708   1.3703   1.3692   1.3664   1.3595   1.3427   1.3038   1.2233
  1.0851   0.9009   0.7032   0.4972   0.2227  -0.1706  -0.6433  -1.1354  -1.6321
 -2.1379  -2.6350  -3.2308  -3.9035  -4.4378  -4.9973  -5.5887  -6.2269  -6.9393
 -7.7706  -8.7921 -10.1158 -11.9196 -14.4848 -18.2573 -23.9433 -32.6623 -36.9993
-36.9993 -36.9993 -36.9993 -36.9993 -36.9993 -36.9993 -36.9993 -36.9993
  0.0000   1.3706   1.3701   1.3690   1.3662   1.3593   1.3424   1.3030   1.2200
  1.0771   0.8919   0.6988   0.5015   0.2386  -0.1554  -0.6395  -1.1413  -1.6424
 -2.1508  -2.6464  -3.2402  -3.9092  -4.4375  -4.9939  -5.5846  -6.2234  -6.9367
 -7.7689  -8.7907 -10.1150 -11.9191 -14.4845 -18.2570 -23.9431 -32.6622 -36.9993
-36.9993 -36.9993 -36.9993 -36.9993 -36.9993 -36.9993 -36.9993 -36.9993
  0.0000   1.3558   1.3554   1.3544   1.3520   1.3458   1.3307   1.2949   1.2167
  1.0754   0.8895   0.6996   0.5067   0.2527  -0.1400  -0.6330  -1.1432  -1.6489
 -2.1606  -2.6562  -3.2496  -3.9170  -4.4397  -4.9926  -5.5818  -6.2206  -6.9345
 -7.7673  -8.7897 -10.1143 -11.9186 -14.4842 -18.2569 -23.9430 -32.6621 -36.9993
-36.9993 -36.9993 -36.9993 -36.9993 -36.9993 -36.9993 -36.9993 -36.9993
 -1.0000   1.4017   1.4013   1.4002   1.3974   1.3908   1.3746   1.3375   1.2607
  1.1276   0.9404   0.7168   0.4524   0.1227  -0.2622  -0.6983  -1.1831  -1.6657
 -2.2468  -2.8920  -3.4205  -3.9689  -4.5482  -5.1692  -5.8540  -6.6402  -7.5887
 -8.7964 -10.4153 -12.6871 -15.9941 -20.9424 -28.4919 -36.9982 -36.9982 -36.9982
-36.9982 -36.9982 -36.9982 -36.9982 -36.9982 -36.9982 -36.9982 -36.9982
  0.0000   1.4016   1.4011   1.4000   1.3973   1.3907   1.3745   1.3374   1.2607
  1.1276   0.9405   0.7168   0.4524   0.1227  -0.2622  -0.6983  -1.1831  -1.6657
 -2.2468  -2.8920  -3.4205  -3.9689  -4.5482  -5.1692  -5.8540  -6.6402  -7.5887
 -8.7964 -10.4153 -12.6871 -15.9941 -20.9424 -28.4919 -36.9982 -36.9982 -36.9982
-36.9982 -36.9982 -36.9982 -36.9982 -36.9982 -36.9982 -36.9982 -36.9982
  0.0000   1.3511   1.3507   1.3499   1.3477   1.3423   1.3292   1.2986   1.2336
  1.1152   0.9408   0.7292   0.4845   0.1766  -0.2105  -0.6552  -1.1474  -1.6424
 -2.2266  -2.8859  -3.4196  -3.9706  -4.5507  -5.1715  -5.8557  -6.6413  -7.5895
 -8.7968 -10.4155 -12.6871 -15.9941 -20.9423 -28.4918 -36.9980 -36.9980 -36.9980
-36.9980 -36.9980 -36.9980 -36.9980 -36.9980 -36.9980 -36.9980 -36.9980
  0.0000   1.3368   1.3365   1.3356   1.3335   1.3282   1.3152   1.2852   1.2209
  1.1037   0.9318   0.7276   0.4989   0.2052  -0.1809  -0.6351  -1.1366  -1.6372
 -2.2260  -2.8878  -3.4196  -3.9693  -4.5490  -5.1700  -5.8545  -6.6405  -7.5888
 -8.7964 -10.4152 -12.6869 -15.9939 -20.9421 -28.4916 -36.9979 -36.9979 -36.9979
-36.9979 -36.9979 -36.9979 -36.9979 -36.9979 -36.9979 -36.9979 -36.9979
  0.0000   1.3345   1.3341   1.3332   1.3310   1.3254   1.3119   1.2804   1.2137
  1.0935   0.9208   0.7218   0.5065   0.2271  -0.1596  -0.6241  -1.1355  -1.6409
 -2.2329  -2.8945  -3.4215  -3.9678  -4.5461  -5.1671  -5.8522  -6.6389  -7.5878
 -8.7957 -10.4147 -12.6866 -15.9937 -20.9420 -28.4916 -36.9979 -36.9979 -36.9979
-36.9979 -36.9979 -36.9979 -36.9979 -36.9979 -36.9979 -36.9979 -36.9979
  0.0000   1.3334   1.3331   1.3321   1.3298   1.3239   1.3098   1.2769   1.2075
  1.0843   0.9116   0.7174   0.5125   0.2452  -0.1412  -0.6156  -1.1370  -1.6473
 -2.2424  -2.9043  -3.4256  -3.9675  -4.5435  -5.1640  -5.8495  -6.6368  -7.5864
 -8.7943 -10.4140 -12.6860 -15.9933 -20.9416 -28.4913 -36.9977 -36.9977 -36.9977
-36.9977 -36.9977 -36.9977 -36.9977 -36.9977 -36.9977 -36.9977 -36.9977
  0.0000   1.3251   1.3247   1.3238   1.3214   1.3157   1.3016   1.2688   1.1991
  1.0757   0.9055   0.7167   0.5185   0.2608  -0.1238  -0.6069  -1.1369  -1.6523
 -2.2510  -2.9137  -3.4311  -3.9693  -4.5430  -5.1625  -5.8481  -6.6358  -7.5858
 -8.7941 -10.4139 -12.6862 -15.9935 -20.9419 -28.4916 -36.9981 -36.9981 -36.9981
-36.9981 -36.9981 -36.9981 -36.9981 -36.9981 -36.9981 -36.9981 -36.9981
 -2.0000   1.3610   1.3608   1.3600   1.3578   1.3524   1.3395   1.3092   1.2447
  1.1268   0.9524   0.7374   0.4831   0.1638  -0.2420  -0.6943  -1.1988  -1.8792
 -2.4215  -2.9472  -3.5070  -4.1096  -4.7709  -5.5204  -6.4086  -7.5179  -8.9795
-11.0003 -13.9087 -18.2244 -24.7710 -34.8538 -36.9961 -36.9961 -36.9961 -36.9961
-36.9961 -36.9961 -36.9961 -36.9961 -36.9961 -36.9961 -36.9961 -36.9961
 -1.0000   1.3610   1.3607   1.3599   1.3578   1.3524   1.3395   1.3092   1.2447
  1.1268   0.9524   0.7374   0.4831   0.1638  -0.2420  -0.6943  -1.1988  -1.8792
 -2.4215  -2.9472  -3.5070  -4.1096  -4.7709  -5.5204  -6.4086  -7.5179  -8.9795
-11.0003 -13.9087 -18.2244 -24.7710 -34.8538 -36.9961 -36.9961 -36.9961 -36.9961
-36.9961 -36.9961 -36.9961 -36.9961 -36.9961 -36.9961 -36.9961 -36.9961
  0.0000   1.3610   1.3607   1.3599   1.3577   1.3523   1.3394   1.3092   1.2447
  1.1268   0.9524   0.7374   0.4831   0.1638  -0.2420  -0.6943  -1.1988  -1.8792
 -2.4215  -2.9472  -3.5070  -4.1096  -4.7709  -5.5204  -6.4086  -7.5179  -8.9795
-11.0003 -13.9087 -18.2244 -24.7710 -34.8538 -36.9961 -36.9961 -36.9961 -36.9961
-36.9961 -36.9961 -36.9961 -36.9961 -36.9961 -36.9961 -36.9961 -36.9961
  0.0000   1.3179   1.3177   1.3169   1.3152   1.3108   1.3000   1.2746   1.2191
  1.1138   0.9509   0.7461   0.5084   0.2066  -0.1936  -0.6541  -1.1705  -1.8602
 -2.4052  -2.9445  -3.5075  -4.1116  -4.7731  -5.5221  -6.4098  -7.5187  -8.9799
-11.0005 -13.9087 -18.2243 -24.7709 -34.8537 -36.9959 -36.9959 -36.9959 -36.9959
-36.9959 -36.9959 -36.9959 -36.9959 -36.9959 -36.9959 -36.9959 -36.9959
  0.0000   1.2996   1.2993   1.2986   1.2969   1.2927   1.2825   1.2582   1.2048
  1.1028   0.9439   0.7458   0.5213   0.2340  -0.1634  -0.6323  -1.1589  -1.8606
 -2.4073  -2.9456  -3.5075  -4.1110  -4.7723  -5.5214  -6.4093  -7.5183  -8.9796
-11.0003 -13.9085 -18.2242 -24.7708 -34.8536 -36.9958 -36.9958 -36.9958 -36.9958
-36.9958 -36.9958 -36.9958 -36.9958 -36.9958 -36.9958 -36.9958 -36.9958
  0.0000   1.2868   1.2865   1.2859   1.2842   1.2801   1.2701   1.2462   1.1938
  1.0934   0.9373   0.7445   0.5304   0.2556  -0.1398  -0.6173  -1.1531  -1.8668
 -2.4127  -2.9483  -3.5079  -4.1100  -4.7708  -5.5201  -6.4082  -7.5175  -8.9789
-10.9999 -13.9083 -18.2240 -24.7706 -34.8534 -36.9957 -36.9957 -36.9957 -36.9957
-36.9957 -36.9957 -36.9957 -36.9957 -36.9957 -36.9957 -36.9957 -36.9957
  0.0000   1.2701   1.2698   1.2692   1.2676   1.2637   1.2542   1.2317   1.1817
  1.0849   0.9336   0.7465   0.5392   0.2741  -0.1183  -0.6035  -1.1474  -1.8703
 -2.4168  -2.9509  -3.5088  -4.1098  -4.7702  -5.5194  -6.4076  -7.5171  -8.9786
-10.9996 -13.9081 -18.2238 -24.7705 -34.8533 -36.9956 -36.9956 -36.9956 -36.9956
-36.9956 -36.9956 -36.9956 -36.9956 -36.9956 -36.9956 -36.9956 -36.9956
nl= 2 nu= 4
  0.0000  -1.5025  -1.5025  -1.5025  -1.5025  -1.5025  -1.5025  -1.5025  -1.5025
 -1.5025  -1.5025  -1.5025  -1.5025  -1.5025  -1.5025  -1.5026  -1.5027  -1.5030
 -1.5038  -1.5059  -1.5110  -1.5238  -1.5560  -1.6370  -1.8405  -2.3515  -3.6338
 -6.4252  -7.1496  -7.6435  -8.1341  -8.6291  -9.1294  -9.6333 -10.1384 -10.6434
-11.1477 -11.6542 -12.1586 -12.7084 -13.3582 -14.0125 -14.5493
  0.0000  -1.6535  -1.6535  -1.6535  -1.6535  -1.6535  -1.6535  -1.6535  -1.6535
 -1.6535  -1.6535  -1.6535  -1.6535  -1.6535  -1.6536  -1.6536  -1.6536  -1.6538
 -1.6542  -1.6552  -1.6578  -1.6642  -1.6803  -1.7208  -1.8226  -2.0782  -2.7201
 -4.3304  -7.1284  -7.6615  -8.1503  -8.6381  -9.1312  -9.6304 -10.1338 -10.6390
-11.1445 -11.6521 -12.1573 -12.7076 -13.3576 -14.0121 -14.5492
  0.0000  -1.8040  -1.8040  -1.8040  -1.8040  -1.8040  -1.8040  -1.8040  -1.8040
 -1.8040  -1.8040  -1.8040  -1.8040  -1.8040  -1.8040  -1.8040  -1.8041  -1.8041
 -1.8043  -1.8049  -1.8061  -1.8093  -1.8174  -1.8377  -1.8885  -2.0163  -2.3374
 -3.1437  -5.1644  -7.6723  -8.1723  -8.6569  -9.1421  -9.6331 -10.1310 -10.6338
-11.1392 -11.6479 -12.1543 -12.7053 -13.3555 -14.0103 -14.5481
  0.0000  -1.9545  -1.9545  -1.9545  -1.9545  -1.9545  -1.9545  -1.9545  -1.9545
 -1.9545  -1.9545  -1.9545  -1.9545  -1.9545  -1.9545  -1.9545  -1.9545  -1.9546
 -1.9547  -1.9549  -1.9556  -1.9572  -1.9612  -1.9713  -1.9968  -2.0607  -2.2212
 -2.6244  -3.6371  -6.1667  -8.1906  -8.6829  -9.1640  -9.6465 -10.1356 -10.6320
-11.1343 -11.6424 -12.1499 -12.7018 -13.3521 -14.0072 -14.5460
  0.0000  -2.1050  -2.1050  -2.1050  -2.1050  -2.1050  -2.1050  -2.1050  -2.1050
 -2.1050  -2.1050  -2.1050  -2.1050  -2.1050  -2.1050  -2.1050  -2.1050  -2.1050
 -2.1051  -2.1052  -2.1055  -2.1063  -2.1083  -2.1134  -2.1261  -2.1581  -2.2383
 -2.4399  -2.9464  -4.2183  -7.3453  -8.7061  -9.1928  -9.6710 -10.1512 -10.6383
-11.1335 -11.6379 -12.1444 -12.6967 -13.3470 -14.0024 -14.5427
  0.0000  -2.2554  -2.2554  -2.2554  -2.2554  -2.2554  -2.2554  -2.2554  -2.2554
 -2.2554  -2.2554  -2.2554  -2.2554  -2.2554  -2.2554  -2.2554  -2.2554  -2.2554
 -2.2555  -2.2555  -2.2557  -2.2561  -2.2571  -2.2596  -2.2660  -2.2820  -2.3221
 -2.4229  -2.6761  -3.3121  -4.9096  -8.5928  -9.2184  -9.7007 -10.1767 -10.6554
-11.1410 -11.6379 -12.1402 -12.6908 -13.3399 -13.9952 -14.5377
  0.0000  -2.4059  -2.4059  -2.4059  -2.4059  -2.4059  -2.4059  -2.4059  -2.4059
 -2.4059  -2.4059  -2.4059  -2.4059  -2.4059  -2.4059  -2.4059  -2.4059  -2.4059
 -2.4060  -2.4060  -2.4061  -2.4063  -2.4068  -2.4080  -2.4112  -2.4192  -2.4393
 -2.4897  -2.6163  -2.9343  -3.7331  -5.7392  -9.2256  -9.7260 -10.2053 -10.6800
-11.1579 -11.6457 -12.1407 -12.6867 -13.3326 -13.9864 -14.5310
  0.0000  -1.1697  -1.1697  -1.1697  -1.1697  -1.1697  -1.1697  -1.1697  -1.1697
 -1.1697  -1.1697  -1.1697  -1.1697  -1.1698  -1.1699  -1.1701  -1.1707  -1.1722
 -1.1759  -1.1854  -1.2091  -1.2686  -1.4181  -1.7937  -2.7358  -4.9879  -6.1569
 -6.6543  -7.1422  -7.6328  -8.1294  -8.6311  -9.1355  -9.6407 -10.1457 -10.6500
-11.1569 -11.7061 -12.2825 -13.0029 -13.5353 -14.0850 -14.6632
  0.0000  -1.3200  -1.3200  -1.3200  -1.3200  -1.3200  -1.3200  -1.3200  -1.3200
 -1.3200  -1.3200  -1.3200  -1.3200  -1.3200  -1.3200  -1.3202  -1.3205  -1.3212
 -1.3231  -1.3278  -1.3397  -1.3694  -1.4442  -1.6322  -2.1041  -3.2879  -5.8986
 -6.6705  -7.1614  -7.6463  -8.1349  -8.6302  -9.1312  -9.6355 -10.1410 -10.6466
-11.1545 -11.7043 -12.2811 -13.0015 -13.5344 -14.0843 -14.6628
  0.0000  -1.4707  -1.4707  -1.4707  -1.4707  -1.4707  -1.4707  -1.4707  -1.4707
 -1.4707  -1.4707  -1.4707  -1.4707  -1.4707  -1.4707  -1.4708  -1.4709  -1.4713
 -1.4722  -1.4746  -1.4805  -1.4954  -1.5328  -1.6268  -1.8629  -2.4558  -3.9426
 -6.6308  -7.1834  -7.6693  -8.1514  -8.6379  -9.1316  -9.6318 -10.1361 -10.6422
-11.1511 -11.7018 -12.2791 -12.9995 -13.5332 -14.0837 -14.6625
  0.0000  -1.6211  -1.6211  -1.6211  -1.6211  -1.6211  -1.6211  -1.6211  -1.6211
 -1.6211  -1.6211  -1.6211  -1.6211  -1.6211  -1.6212  -1.6212  -1.6213  -1.6215
 -1.6219  -1.6231  -1.6261  -1.6335  -1.6522  -1.6992  -1.8173  -2.1138  -2.8587
 -4.7246  -7.1918  -7.6954  -8.1772  -8.6568  -9.1412  -9.6333 -10.1326 -10.6369
-11.1461 -11.6975 -12.2756 -12.9955 -13.5306 -14.0821 -14.6615
  0.0000  -1.7717  -1.7717  -1.7717  -1.7717  -1.7717  -1.7717  -1.7717  -1.7717
 -1.7717  -1.7717  -1.7717  -1.7717  -1.7717  -1.7717  -1.7717  -1.7718  -1.7719
 -1.7721  -1.7727  -1.7742  -1.7779  -1.7873  -1.8108  -1.8698  -2.0181  -2.3906
 -3.3262  -5.6627  -7.7122  -8.2062  -8.6849  -9.1624  -9.6449 -10.1355 -10.6341
-11.1410 -11.6919 -12.2705 -12.9898 -13.5266 -14.0794 -14.6598
  0.0000  -1.9221  -1.9221  -1.9221  -1.9221  -1.9221  -1.9221  -1.9221  -1.9221
 -1.9221  -1.9221  -1.9221  -1.9221  -1.9221  -1.9221  -1.9221  -1.9221  -1.9222
 -1.9223  -1.9226  -1.9233  -1.9252  -1.9299  -1.9416  -1.9711  -2.0453  -2.2316
 -2.6994  -3.8745  -6.7715  -8.2266  -8.7148  -9.1911  -9.6669 -10.1481 -10.6379
-11.1387 -11.6864 -12.2640 -12.9815 -13.5205 -14.0751 -14.6569
  0.0000  -2.0727  -2.0727  -2.0727  -2.0727  -2.0727  -2.0727  -2.0727  -2.0727
 -2.0727  -2.0727  -2.0727  -2.0727  -2.0727  -2.0727  -2.0727  -2.0727  -2.0727
 -2.0728  -2.0729  -2.0733  -2.0742  -2.0766  -2.0824  -2.0972  -2.1343  -2.2274
 -2.4613  -3.0490  -4.5248  -7.8837  -8.7358  -9.2196  -9.6943 -10.1693 -10.6504
-11.1428 -11.6845 -12.2583 -12.9723 -13.5129 -14.0696 -14.6531
  0.0000  -0.8370  -0.8370  -0.8370  -0.8370  -0.8370  -0.8370  -0.8370  -0.8370
 -0.8370  -0.8370  -0.8370  -0.8371  -0.8373  -0.8377  -0.8388  -0.8416  -0.8485
 -0.8659  -0.9096  -1.0193  -1.2947  -1.9852  -3.6703  -5.1595  -5.6664  -6.1531
 -6.6393  -7.1312  -7.6295  -8.1324  -8.6374  -9.1427  -9.6475 -10.1545 -10.7034
-11.2786 -11.9863 -12.5227 -13.0655 -13.6328 -14.2390 -14.9072
  0.0000  -0.9873  -0.9873  -0.9873  -0.9873  -0.9873  -0.9873  -0.9873  -0.9873
 -0.9873  -0.9873  -0.9873  -0.9874  -0.9875  -0.9877  -0.9882  -0.9896  -0.9931
 -1.0018  -1.0237  -1.0786  -1.2166  -1.5631  -2.4319  -4.5018  -5.6777  -6.1748
 -6.6582  -7.1425  -7.6329  -8.1304  -8.6329  -9.1380  -9.6438 -10.1520 -10.7015
-11.2772 -11.9850 -12.5219 -13.0651 -13.6326 -14.2391 -14.9073
  0.0000  -1.1377  -1.1377  -1.1377  -1.1377  -1.1377  -1.1377  -1.1377  -1.1377
 -1.1377  -1.1377  -1.1377  -1.1378  -1.1378  -1.1379  -1.1382  -1.1389  -1.1406
 -1.1450  -1.1559  -1.1834  -1.2525  -1.4260  -1.8617  -2.9539  -5.3793  -6.1930
 -6.6834  -7.1639  -7.6462  -8.1350  -8.6314  -9.1336  -9.6388 -10.1479 -10.6982
-11.2746 -11.9822 -12.5201 -13.0641 -13.6321 -14.2388 -14.9072
  0.0000  -1.2879  -1.2879  -1.2879  -1.2879  -1.2879  -1.2879  -1.2879  -1.2879
 -1.2879  -1.2879  -1.2879  -1.2880  -1.2880  -1.2880  -1.2882  -1.2885  -1.2894
 -1.2916  -1.2970  -1.3108  -1.3454  -1.4322  -1.6502  -2.1977  -3.5699  -6.1287
 -6.7067  -7.1919  -7.6698  -8.1501  -8.6374  -9.1326  -9.6343 -10.1425 -10.6932
-11.2702 -11.9775 -12.5168 -13.0619 -13.6306 -14.2378 -14.9066
  0.0000  -1.4381  -1.4381  -1.4381  -1.4381  -1.4381  -1.4381  -1.4381  -1.4381
 -1.4381  -1.4381  -1.4381  -1.4381  -1.4381  -1.4381  -1.4382  -1.4384  -1.4388
 -1.4399  -1.4426  -1.4495  -1.4668  -1.5102  -1.6193  -1.8932  -2.5811  -4.3034
 -6.7070  -7.2184  -7.6997  -8.1755  -8.6541  -9.1399  -9.6341 -10.1380 -10.6871
-11.2639 -11.9702 -12.5116 -13.0581 -13.6281 -14.2361 -14.9054
  0.0000  -1.5889  -1.5889  -1.5889  -1.5889  -1.5889  -1.5889  -1.5889  -1.5889
 -1.5889  -1.5889  -1.5889  -1.5889  -1.5889  -1.5889  -1.5890  -1.5891  -1.5893
 -1.5898  -1.5912  -1.5946  -1.6033  -1.6250  -1.6795  -1.8165  -2.1606  -3.0248
 -5.1819  -7.2306  -7.7282  -8.2066  -8.6808  -9.1581  -9.6430 -10.1392 -10.6833
-11.2578 -11.9616 -12.5048 -13.0535 -13.6249 -14.2342 -14.9043
  0.0000  -1.7392  -1.7392  -1.7392  -1.7392  -1.7392  -1.7392  -1.7392  -1.7392
 -1.7392  -1.7392  -1.7392  -1.7392  -1.7392  -1.7392  -1.7392  -1.7393  -1.7394
 -1.7397  -1.7403  -1.7421  -1.7464  -1.7572  -1.7845  -1.8530  -2.0251  -2.4573
 -3.5428  -6.2220  -7.7420  -8.2330  -8.7092  -9.1826  -9.6598 -10.1473 -10.6841
-11.2533 -11.9523 -12.4961 -13.0467 -13.6202 -14.2307 -14.9020
  0.0000  -0.5063  -0.5063  -0.5063  -0.5063  -0.5063  -0.5063  -0.5063  -0.5063
 -0.5063  -0.5064  -0.5065  -0.5068  -0.5076  -0.5096  -0.5147  -0.5274  -0.5592
 -0.6393  -0.8401  -1.3428  -2.5724  -4.1451  -4.6790  -5.1675  -5.6503  -6.1369
 -6.6304  -7.1303  -7.6342  -8.1395  -8.6448  -9.1522  -9.6573 -10.2075 -10.8575
-11.5119 -12.0490 -12.6069 -13.1981 -13.8424 -14.5710 -15.4330
  0.0000  -0.6556  -0.6556  -0.6556  -0.6556  -0.6556  -0.6556  -0.6556  -0.6556
 -0.6556  -0.6556  -0.6557  -0.6558  -0.6562  -0.6573  -0.6598  -0.6662  -0.6822
 -0.7224  -0.8234  -1.0769  -1.7118  -3.2509  -4.6783  -5.1886  -5.6729  -6.1536
 -6.6389  -7.1317  -7.6312  -8.1349  -8.6406  -9.1490  -9.6551 -10.2059 -10.8561
-11.5108 -12.0483 -12.6066 -13.1980 -13.8425 -14.5711 -15.4332
  0.0000  -0.8046  -0.8046  -0.8046  -0.8046  -0.8046  -0.8046  -0.8046  -0.8046
 -0.8046  -0.8046  -0.8046  -0.8047  -0.8049  -0.8054  -0.8067  -0.8099  -0.8179
 -0.8381  -0.8887  -1.0160  -1.3354  -2.1356  -4.0305  -5.1981  -5.6972  -6.1780
 -6.6570  -7.1408  -7.6324  -8.1313  -8.6350  -9.1436  -9.6508 -10.2024 -10.8527
-11.5076 -12.0461 -12.6049 -13.1968 -13.8415 -14.5703 -15.4325
  0.0000  -0.9552  -0.9552  -0.9552  -0.9552  -0.9552  -0.9552  -0.9552  -0.9552
 -0.9552  -0.9552  -0.9552  -0.9552  -0.9553  -0.9556  -0.9562  -0.9578  -0.9619
 -0.9720  -0.9973  -1.0611  -1.2212  -1.6231  -2.6300  -4.8689  -5.7153  -6.2071
 -6.6851  -7.1621  -7.6446  -8.1349  -8.6330  -9.1392  -9.6464 -10.1986 -10.8490
-11.5042 -12.0440 -12.6038 -13.1963 -13.8414 -14.5704 -15.4328
  0.0000  -1.1051  -1.1051  -1.1051  -1.1051  -1.1051  -1.1051  -1.1051  -1.1051
 -1.1051  -1.1052  -1.1052  -1.1052  -1.1052  -1.1054  -1.1057  -1.1065  -1.1085
 -1.1135  -1.1262  -1.1581  -1.2383  -1.4396  -1.9450  -3.2106  -5.6234  -6.2289
 -6.7154  -7.1912  -7.6667  -8.1477  -8.6369  -9.1370  -9.6413 -10.1928 -10.8426
-11.4980 -12.0396 -12.6007 -13.1942 -13.8400 -14.5695 -15.4321
  0.0000  -1.2555  -1.2555  -1.2555  -1.2555  -1.2555  -1.2555  -1.2555  -1.2555
 -1.2555  -1.2555  -1.2555  -1.2555  -1.2555  -1.2556  -1.2557  -1.2561  -1.2572
 -1.2597  -1.2660  -1.2820  -1.3221  -1.4228  -1.6758  -2.3110  -3.8999  -6.2182
 -6.7395  -7.2221  -7.6961  -8.1705  -8.6506  -9.1418  -9.6398 -10.1878 -10.8352
-11.4897 -12.0335 -12.5965 -13.1913 -13.8382 -14.5683 -15.4314
  0.0000  -1.4062  -1.4062  -1.4062  -1.4062  -1.4062  -1.4062  -1.4062  -1.4062
 -1.4062  -1.4062  -1.4062  -1.4062  -1.4062  -1.4062  -1.4063  -1.4065  -1.4070
 -1.4083  -1.4115  -1.4194  -1.4395  -1.4899  -1.6164  -1.9342  -2.7324  -4.7226
 -6.7434  -7.2454  -7.7249  -8.1979  -8.6721  -9.1549  -9.6446 -10.1866 -10.8292
-11.4810 -12.0262 -12.5913 -13.1878 -13.8358 -14.5669 -15.4306
  0.0000  -0.1809  -0.1809  -0.1809  -0.1809  -0.1809  -0.1809  -0.1809  -0.1809
 -0.1810  -0.1813  -0.1818  -0.1833  -0.1869  -0.1960  -0.2189  -0.2763  -0.4202
 -0.7794  -1.6532  -3.0781  -3.6893  -4.1841  -4.6653  -5.1470  -5.6350  -6.1303
 -6.6316  -7.1362  -7.6418  -8.1472  -8.6550  -9.2048  -9.7815 -10.5019 -11.0348
-11.5847 -12.1631 -12.7870 -13.4831 -14.2937 -15.2858 -16.5657
  0.0000  -0.3267  -0.3267  -0.3267  -0.3267  -0.3267  -0.3268  -0.3268  -0.3268
 -0.3268  -0.3269  -0.3272  -0.3280  -0.3298  -0.3344  -0.3460  -0.3752  -0.4483
 -0.6318  -1.0903  -2.2018  -3.6554  -4.2008  -4.6893  -5.1682  -5.6488  -6.1360
 -6.6310  -7.1322  -7.6369  -8.1430  -8.6518  -9.2023  -9.7795 -10.4999 -11.0334
-11.5838 -12.1625 -12.7866 -13.4828 -14.2935 -15.2856 -16.5656
  0.0000  -0.4746  -0.4746  -0.4746  -0.4746  -0.4746  -0.4746  -0.4746  -0.4746
 -0.4746  -0.4747  -0.4748  -0.4752  -0.4761  -0.4785  -0.4843  -0.4990  -0.5360
 -0.6287  -0.8614  -1.4431  -2.8402  -4.1950  -4.7116  -5.1954  -5.6724  -6.1518
 -6.6380  -7.1321  -7.6331  -8.1382  -8.6475  -9.1988  -9.7767 -10.4968 -11.0314
-11.5826 -12.1618 -12.7862 -13.4826 -14.2933 -15.2856 -16.5656
  0.0000  -0.6229  -0.6229  -0.6229  -0.6229  -0.6229  -0.6229  -0.6229  -0.6230
 -0.6230  -0.6230  -0.6231  -0.6233  -0.6237  -0.6249  -0.6278  -0.6352  -0.6538
 -0.7004  -0.8175  -1.1115  -1.8466  -3.5722  -4.7179  -5.2212  -5.7015  -6.1767
 -6.6548  -7.1398  -7.6332  -8.1339  -8.6420  -9.1932  -9.7717 -10.4913 -11.0275
-11.5798 -12.1598 -12.7847 -13.4815 -14.2925 -15.2849 -16.5650
  0.0000  -0.7730  -0.7730  -0.7730  -0.7730  -0.7730  -0.7730  -0.7730  -0.7730
 -0.7731  -0.7731  -0.7731  -0.7732  -0.7734  -0.7740  -0.7755  -0.7792  -0.7885
 -0.8119  -0.8707  -1.0183  -1.3887  -2.3153  -4.3679  -5.2357  -5.7310  -6.2085
 -6.6823  -7.1590  -7.6430  -8.1358  -8.6391  -9.1883  -9.7663 -10.4846 -11.0229
-11.5767 -12.1580 -12.7838 -13.4811 -14.2925 -15.2851 -16.5653
  0.0000  -0.9227  -0.9227  -0.9227  -0.9227  -0.9227  -0.9227  -0.9227  -0.9227
 -0.9227  -0.9227  -0.9228  -0.9228  -0.9229  -0.9232  -0.9240  -0.9258  -0.9305
 -0.9422  -0.9716  -1.0456  -1.2313  -1.6975  -2.8634  -5.1146  -5.7480  -6.2374
 -6.7129  -7.1856  -7.6617  -8.1453  -8.6406  -9.1845  -9.7598 -10.4751 -11.0154
-11.5714 -12.1542 -12.7811 -13.4793 -14.2912 -15.2842 -16.5646
  0.0000  -1.0731  -1.0731  -1.0731  -1.0731  -1.0731  -1.0731  -1.0731  -1.0731
 -1.0731  -1.0731  -1.0731  -1.0731  -1.0732  -1.0733  -1.0737  -1.0746  -1.0769
 -1.0828  -1.0975  -1.1345  -1.2275  -1.4610  -2.0473  -3.5117  -5.7220  -6.2552
 -6.7400  -7.2141  -7.6864  -8.1628  -8.6497  -9.1865  -9.7563 -10.4666 -11.0072
-11.5650 -12.1498 -12.7781 -13.4773 -14.2900 -15.2835 -16.5643
  0.0000   0.1294   0.1294   0.1294   0.1294   0.1294   0.1294   0.1293   0.1292
  0.1288   0.1278   0.1253   0.1191   0.1035   0.0642  -0.0339  -0.2779  -0.8654
 -1.9651  -2.6908  -3.2007  -3.6840  -4.1625  -4.6447  -5.1342  -5.6312  -6.1336
 -6.6388  -7.1446  -7.6528  -8.2023  -8.7781  -9.4858 -10.0228 -10.5660 -11.1335
-11.7400 -12.4082 -13.1747 -14.0968 -15.2658 -16.8260 -19.0062
  0.0000  -0.0090  -0.0090  -0.0090  -0.0090  -0.0090  -0.0090  -0.0091  -0.0091
 -0.0093  -0.0099  -0.0112  -0.0144  -0.0226  -0.0430  -0.0945  -0.2232  -0.5435
 -1.3138  -2.5784  -3.2098  -3.7080  -4.1877  -4.6649  -5.1465  -5.6359  -6.1328
 -6.6354  -7.1410  -7.6500  -8.2003  -8.7766  -9.4842 -10.0221 -10.5659 -11.1338
-11.7404 -12.4089 -13.1754 -14.0976 -15.2666 -16.8268 -19.0070
  0.0000  -0.1495  -0.1495  -0.1495  -0.1495  -0.1495  -0.1495  -0.1496  -0.1496
 -0.1497  -0.1500  -0.1506  -0.1523  -0.1565  -0.1670  -0.1934  -0.2598  -0.4260
 -0.8400  -1.8319  -3.1612  -3.7220  -4.2127  -4.6898  -5.1657  -5.6467  -6.1354
 -6.6321  -7.1348  -7.6434  -8.1941  -8.7711  -9.4785 -10.0175 -10.5622 -11.1308
-11.7379 -12.4066 -13.1733 -14.0957 -15.2647 -16.8249 -19.0052
  0.0000  -0.2951  -0.2951  -0.2951  -0.2951  -0.2951  -0.2951  -0.2951  -0.2951
 -0.2952  -0.2953  -0.2957  -0.2965  -0.2986  -0.3040  -0.3174  -0.3512  -0.4359
 -0.6482  -1.1778  -2.4341  -3.7085  -4.2342  -4.7196  -5.1947  -5.6695  -6.1494
 -6.6373  -7.1338  -7.6392  -8.1888  -8.7659  -9.4726 -10.0133 -10.5595 -11.1290
-11.7368 -12.4059 -13.1729 -14.0954 -15.2646 -16.8249 -19.0052
  0.0000  -0.4420  -0.4420  -0.4420  -0.4420  -0.4420  -0.4420  -0.4420  -0.4420
 -0.4420  -0.4421  -0.4423  -0.4427  -0.4438  -0.4465  -0.4533  -0.4703  -0.5131
 -0.6206  -0.8901  -1.5627  -3.1222  -4.2343  -4.7438  -5.2254  -5.6989  -6.1727
 -6.6517  -7.1391  -7.6377  -8.1835  -8.7590  -9.4636 -10.0064 -10.5544 -11.1254
-11.7342 -12.4041 -13.1715 -14.0943 -15.2637 -16.8241 -19.0045
  0.0000  -0.5911  -0.5911  -0.5911  -0.5911  -0.5911  -0.5911  -0.5911  -0.5912
 -0.5912  -0.5912  -0.5913  -0.5915  -0.5920  -0.5934  -0.5968  -0.6054  -0.6269
 -0.6810  -0.8168  -1.1574  -2.0078  -3.8744  -4.7516  -5.2514  -5.7302  -6.2027
 -6.6758  -7.1545  -7.6443  -8.1833  -8.7542  -9.4547  -9.9984 -10.5486 -11.1215
-11.7316 -12.4025 -13.1707 -14.0939 -15.2636 -16.8242 -19.0047
  0.0000  -0.7403  -0.7403  -0.7403  -0.7403  -0.7403  -0.7403  -0.7403  -0.7403
 -0.7403  -0.7403  -0.7404  -0.7405  -0.7407  -0.7414  -0.7431  -0.7474  -0.7582
 -0.7854  -0.8535  -1.0246  -1.4541  -2.5259  -4.6029  -5.2609  -5.7537  -6.2303
 -6.7021  -7.1755  -7.6576  -8.1889  -8.7530  -9.4472  -9.9895 -10.5409 -11.1156
-11.7275 -12.3995 -13.1687 -14.0926 -15.2626 -16.8235 -19.0041
  0.0000   0.4035   0.4035   0.4035   0.4035   0.4035   0.4034   0.4031   0.4026
  0.4011   0.3974   0.3880   0.3646   0.3060   0.1610  -0.1866  -0.8995  -1.6661
 -2.2066  -2.6999  -3.1794  -3.6575  -4.1408  -4.6318  -5.1303  -5.6338  -6.1394
 -6.6480  -7.1544  -7.7053  -8.3554  -9.0102  -9.5479 -10.1062 -10.6977 -11.3422
-12.0708 -12.9329 -14.0067 -15.4160 -17.3571 -20.1411 -24.2609
  0.0000   0.2867   0.2867   0.2867   0.2867   0.2867   0.2866   0.2865   0.2862
  0.2853   0.2833   0.2780   0.2648   0.2317   0.1491  -0.0555  -0.5434  -1.4668
 -2.1988  -2.7188  -3.2045  -3.6810  -4.1582  -4.6414  -5.1329  -5.6316  -6.1355
 -6.6442  -7.1514  -7.7030  -8.3533  -9.0083  -9.5468 -10.1056 -10.6974 -11.3421
-12.0709 -12.9331 -14.0069 -15.4163 -17.3574 -20.1414 -24.2612
  0.0000   0.1589   0.1589   0.1589   0.1589   0.1589   0.1589   0.1588   0.1586
  0.1582   0.1570   0.1542   0.1471   0.1292   0.0843  -0.0279  -0.3059  -0.9660
 -2.0697  -2.7235  -3.2283  -3.7090  -4.1835  -4.6600  -5.1428  -5.6341  -6.1330
 -6.6398  -7.1471  -7.6993  -8.3497  -9.0049  -9.5445 -10.1042 -10.6965 -11.3416
-12.0706 -12.9329 -14.0069 -15.4163 -17.3574 -20.1415 -24.2613
  0.0000   0.0230   0.0230   0.0230   0.0230   0.0230   0.0230   0.0229   0.0228
  0.0226   0.0220   0.0205   0.0168   0.0074  -0.0162  -0.0754  -0.2235  -0.5909
 -1.4587  -2.6608  -3.2412  -3.7363  -4.2138  -4.6870  -5.1626  -5.6449  -6.1358
 -6.6372  -7.1424  -7.6942  -8.3442  -8.9996  -9.5408 -10.1016 -10.6950 -11.3406
-12.0699 -12.9325 -14.0066 -15.4161 -17.3573 -20.1414 -24.2613
  0.0000  -0.1184  -0.1184  -0.1184  -0.1184  -0.1184  -0.1184  -0.1185  -0.1185
 -0.1186  -0.1189  -0.1197  -0.1216  -0.1265  -0.1386  -0.1692  -0.2458  -0.4376
 -0.9143  -2.0280  -3.2165  -3.7542  -4.2430  -4.7184  -5.1905  -5.6654  -6.1472
 -6.6403  -7.1400  -7.6890  -8.3371  -8.9919  -9.5352 -10.0977 -10.6923 -11.3388
-12.0688 -12.9317 -14.0061 -15.4157 -17.3571 -20.1412 -24.2611
  0.0000  -0.2631  -0.2631  -0.2631  -0.2631  -0.2631  -0.2631  -0.2631  -0.2631
 -0.2632  -0.2634  -0.2637  -0.2647  -0.2672  -0.2734  -0.2889  -0.3280  -0.4260
 -0.6715  -1.2824  -2.6761  -3.7457  -4.2627  -4.7471  -5.2208  -5.6923  -6.1669
 -6.6513  -7.1428  -7.6862  -8.3300  -8.9825  -9.5275 -10.0921 -10.6882 -11.3359
-12.0668 -12.9303 -14.0050 -15.4149 -17.3564 -20.1406 -24.2606
  0.0000  -0.4106  -0.4106  -0.4106  -0.4106  -0.4106  -0.4106  -0.4106  -0.4106
 -0.4106  -0.4107  -0.4109  -0.4114  -0.4126  -0.4158  -0.4236  -0.4434  -0.4929
 -0.6174  -0.9294  -1.7059  -3.3860  -4.2613  -4.7662  -5.2472  -5.7198  -6.1913
 -6.6693  -7.1528  -7.6891  -8.3269  -8.9746  -9.5196 -10.0858 -10.6838 -11.3329
-12.0648 -12.9292 -14.0044 -15.4146 -17.3563 -20.1406 -24.2607
  0.0000   0.5934   0.5934   0.5933   0.5933   0.5932   0.5930   0.5924   0.5909
  0.5871   0.5777   0.5538   0.4934   0.3413  -0.0147  -0.6145  -1.1978  -1.7091
 -2.1946  -2.6743  -3.1538  -3.6387  -4.1312  -4.6309  -5.1352  -5.6414  -6.1506
 -6.7014  -7.2788  -7.9992  -8.5330  -9.0836  -9.6624 -10.2866 -10.9828 -11.7935
-12.7857 -14.0657 -15.8017 -18.2607 -21.8655 -27.2861 -35.5848
  0.0000   0.5197   0.5197   0.5196   0.5196   0.5196   0.5194   0.5190   0.5179
  0.5153   0.5087   0.4922   0.4507   0.3474   0.0967  -0.4417  -1.1528  -1.7155
 -2.2152  -2.6976  -3.1741  -3.6526  -4.1377  -4.6310  -5.1314  -5.6363  -6.1458
 -6.6971  -7.2752  -7.9951  -8.5300  -9.0813  -9.6606 -10.2850 -10.9814 -11.7922
-12.7845 -14.0645 -15.8006 -18.2596 -21.8643 -27.2850 -35.5837
  0.0000   0.4242   0.4242   0.4242   0.4241   0.4241   0.4240   0.4237   0.4231
  0.4215   0.4173   0.4070   0.3812   0.3167   0.1570  -0.2230  -0.9687  -1.6994
 -2.2336  -2.7253  -3.2026  -3.6770  -4.1548  -4.6399  -5.1335  -5.6345  -6.1426
 -6.6939  -7.2724  -7.9921  -8.5281  -9.0805  -9.6605 -10.2854 -10.9821 -11.7931
-12.7855 -14.0656 -15.8017 -18.2607 -21.8655 -27.2862 -35.5849
  0.0000   0.3131   0.3131   0.3131   0.3131   0.3131   0.3130   0.3128   0.3125
  0.3115   0.3092   0.3032   0.2883   0.2510   0.1577  -0.0724  -0.6139  -1.5551
 -2.2321  -2.7472  -3.2316  -3.7059  -4.1790  -4.6562  -5.1411  -5.6348  -6.1388
 -6.6883  -7.2665  -7.9850  -8.5230  -9.0767  -9.6579 -10.2835 -10.9807 -11.7920
-12.7846 -14.0648 -15.8011 -18.2602 -21.8650 -27.2856 -35.5844
  0.0000   0.1876   0.1876   0.1876   0.1876   0.1876   0.1876   0.1875   0.1873
  0.1868   0.1855   0.1822   0.1741   0.1536   0.1024  -0.0257  -0.3420  -1.0784
 -2.1506  -2.7552  -3.2572  -3.7371  -4.2097  -4.6819  -5.1588  -5.6436  -6.1402
 -6.6851  -7.2609  -7.9768  -8.5167  -9.0724  -9.6549 -10.2818 -10.9798 -11.7916
-12.7845 -14.0649 -15.8012 -18.2604 -21.8653 -27.2860 -35.5847
  0.0000   0.0532   0.0532   0.0532   0.0532   0.0532   0.0532   0.0531   0.0530
  0.0528   0.0521   0.0504   0.0461   0.0353   0.0081  -0.0599  -0.2301  -0.6506
 -1.6166  -2.7160  -3.2691  -3.7627  -4.2398  -4.7113  -5.1832  -5.6603  -6.1483
 -6.6860  -7.2568  -7.9678  -8.5084  -9.0660  -9.6505 -10.2786 -10.9777 -11.7903
-12.7836 -14.0644 -15.8009 -18.2602 -21.8651 -27.2859 -35.5847
  0.0000  -0.0872  -0.0872  -0.0872  -0.0872  -0.0872  -0.0872  -0.0872  -0.0873
 -0.0874  -0.0878  -0.0887  -0.0909  -0.0965  -0.1105  -0.1458  -0.2342  -0.4553
 -1.0028  -2.2283  -3.2491  -3.7747  -4.2625  -4.7376  -5.2086  -5.6812  -6.1622
 -6.6929  -7.2569  -7.9615  -8.5001  -9.0585  -9.6447 -10.2745 -10.9747 -11.7882
-12.7822 -14.0634 -15.8002 -18.2596 -21.8646 -27.2855 -35.5843
  0.0000   0.6512   0.6512   0.6512   0.6512   0.6513   0.6514   0.6518   0.6525
  0.6537   0.6532   0.6354   0.5420   0.2672  -0.1918  -0.7036  -1.2037  -1.6884
 -2.1674  -2.6492  -3.1361  -3.6302  -4.1310  -4.6361  -5.1454  -5.6962  -6.2729
 -6.9804  -7.5189  -8.0632  -8.6314  -9.2382  -9.9068 -10.6734 -11.5956 -12.7647
-14.3249 -16.5051 -19.6680 -24.3884 -31.5773 -36.9997 -36.9997
  0.0000   0.6324   0.6324   0.6324   0.6324   0.6323   0.6322   0.6318   0.6307
  0.6279   0.6202   0.5975   0.5264   0.3179  -0.1261  -0.6856  -1.2132  -1.7082
 -2.1892  -2.6683  -3.1492  -3.6364  -4.1315  -4.6334  -5.1417  -5.6925  -6.2697
 -6.9770  -7.5164  -8.0615  -8.6303  -9.2376  -9.9063 -10.6731 -11.5955 -12.7646
-14.3248 -16.5051 -19.6680 -24.3884 -31.5773 -36.9997 -36.9997
  0.0000   0.5940   0.5940   0.5940   0.5940   0.5939   0.5936   0.5931   0.5917
  0.5882   0.5794   0.5569   0.4983   0.3451  -0.0229  -0.6309  -1.2151  -1.7291
 -2.2162  -2.6948  -3.1709  -3.6508  -4.1382  -4.6339  -5.1391  -5.6886  -6.2657
 -6.9723  -7.5133  -8.0596  -8.6293  -9.2372  -9.9063 -10.6734 -11.5959 -12.7651
-14.3254 -16.5057 -19.6686 -24.3891 -31.5780 -37.0004 -37.0004
  0.0000   0.5324   0.5324   0.5324   0.5323   0.5323   0.5321   0.5317   0.5306
  0.5278   0.5209   0.5035   0.4599   0.3506   0.0833  -0.4816  -1.1840  -1.7413
 -2.2419  -2.7235  -3.1979  -3.6721  -4.1515  -4.6391  -5.1379  -5.6838  -6.2593
 -6.9639  -7.5067  -8.0547  -8.6257  -9.2345  -9.9044 -10.6718 -11.5946 -12.7640
-14.3244 -16.5048 -19.6678 -24.3882 -31.5772 -36.9996 -36.9996
  0.0000   0.4454   0.4454   0.4454   0.4454   0.4453   0.4452   0.4449   0.4442
  0.4424   0.4379   0.4265   0.3981   0.3270   0.1513  -0.2636  -1.0354  -1.7312
 -2.2609  -2.7519  -3.2287  -3.7008  -4.1742  -4.6535  -5.1439  -5.6834  -6.2546
 -6.9553  -7.4990  -8.0491  -8.6218  -9.2319  -9.9027 -10.6709 -11.5941 -12.7637
-14.3243 -16.5048 -19.6679 -24.3884 -31.5773 -36.9998 -36.9998
  0.0000   0.3394   0.3394   0.3394   0.3394   0.3394   0.3393   0.3391   0.3387
  0.3376   0.3350   0.3283   0.3115   0.2694   0.1644  -0.0938  -0.6904  -1.6264
 -2.2594  -2.7709  -3.2551  -3.7291  -4.2003  -4.6736  -5.1560  -5.6878  -6.2524
 -6.9468  -7.4892  -8.0404  -8.6151  -9.2269  -9.8989 -10.6680 -11.5918 -12.7618
-14.3227 -16.5033 -19.6665 -24.3871 -31.5760 -36.9986 -36.9986
  0.0000   0.2157   0.2157   0.2157   0.2157   0.2157   0.2156   0.2155   0.2153
  0.2147   0.2132   0.2095   0.2002   0.1769   0.1184  -0.0274  -0.3858  -1.1967
 -2.2030  -2.7753  -3.2748  -3.7547  -4.2271  -4.6982  -5.1754  -5.7010  -6.2584
 -6.9458  -7.4835  -8.0340  -8.6099  -9.2235  -9.8969 -10.6669 -11.5916 -12.7621
-14.3233 -16.5041 -19.6674 -24.3881 -31.5772 -36.9998 -36.9998
  0.0000   0.5877   0.5878   0.5880   0.5887   0.5904   0.5945   0.6042   0.6257
  0.6648   0.7089   0.6948   0.5337   0.2101  -0.2226  -0.6994  -1.1826  -1.6629
 -2.1449  -2.6331  -3.1290  -3.6308  -4.1391  -4.6471  -5.1996  -5.8501  -6.5053
 -7.0448  -7.6042  -8.1965  -8.8414  -9.5704 -10.4327 -11.5066 -12.9160 -14.8572
-17.6412 -21.7611 -27.9981 -36.9997 -36.9997 -36.9997 -36.9997
  0.0000   0.5984   0.5985   0.5986   0.5989   0.5997   0.6016   0.6063   0.6170
  0.6387   0.6696   0.6729   0.5538   0.2444  -0.2039  -0.7010  -1.1956  -1.6795
 -2.1595  -2.6440  -3.1338  -3.6308  -4.1363  -4.6435  -5.1960  -5.8465  -6.5020
 -7.0422  -7.6024  -8.1952  -8.8405  -9.5696 -10.4321 -11.5061 -12.9155 -14.8567
-17.6408 -21.7606 -27.9977 -36.9993 -36.9993 -36.9993 -36.9993
  0.0000   0.6152   0.6152   0.6153   0.6154   0.6156   0.6161   0.6175   0.6208
  0.6276   0.6381   0.6364   0.5558   0.2845  -0.1783  -0.7036  -1.2137  -1.7033
 -2.1830  -2.6630  -3.1459  -3.6358  -4.1362  -4.6407  -5.1923  -5.8421  -6.4975
 -7.0393  -7.6005  -8.1941  -8.8399  -9.5694 -10.4321 -11.5062 -12.9158 -14.8570
-17.6411 -21.7610 -27.9981 -36.9997 -36.9997 -36.9997 -36.9997
  0.0000   0.6189   0.6189   0.6189   0.6189   0.6188   0.6188   0.6187   0.6184
  0.6175   0.6140   0.5988   0.5355   0.3254  -0.1274  -0.6953  -1.2305  -1.7296
 -2.2118  -2.6893  -3.1661  -3.6482  -4.1409  -4.6400  -5.1886  -5.8364  -6.4911
 -7.0347  -7.5975  -8.1922  -8.8389  -9.5689 -10.4319 -11.5063 -12.9160 -14.8574
-17.6415 -21.7614 -27.9986 -37.0002 -37.0002 -37.0002 -37.0002
  0.0000   0.5965   0.5965   0.5965   0.5965   0.5964   0.5962   0.5957   0.5945
  0.5914   0.5834   0.5624   0.5054   0.3485  -0.0361  -0.6522  -1.2363  -1.7527
 -2.2421  -2.7193  -3.1929  -3.6684  -4.1529  -4.6443  -5.1874  -5.8309  -6.4831
 -7.0282  -7.5929  -8.1891  -8.8369  -9.5679 -10.4315 -11.5062 -12.9161 -14.8576
-17.6418 -21.7618 -27.9990 -37.0007 -37.0007 -37.0007 -37.0007
  0.0000   0.5445   0.5445   0.5445   0.5445   0.5444   0.5442   0.5438   0.5427
  0.5398   0.5326   0.5145   0.4687   0.3529   0.0674  -0.5226  -1.2121  -1.7643
 -2.2658  -2.7472  -3.2209  -3.6930  -4.1712  -4.6544  -5.1905  -5.8280  -6.4752
 -7.0200  -7.5862  -8.1843  -8.8336  -9.5655 -10.4300 -11.5052 -12.9154 -14.8571
-17.6415 -21.7616 -27.9988 -37.0006 -37.0006 -37.0006 -37.0006
  0.0000   0.4650   0.4650   0.4650   0.4650   0.4649   0.4648   0.4645   0.4637
  0.4617   0.4568   0.4444   0.4132   0.3352   0.1428  -0.3071  -1.0910  -1.7522
 -2.2774  -2.7673  -3.2443  -3.7162  -4.1911  -4.6685  -5.1984  -5.8297  -6.4703
 -7.0121  -7.5785  -8.1781  -8.8289  -9.5621 -10.4273 -11.5033 -12.9139 -14.8559
-17.6404 -21.7606 -27.9979 -36.9998 -36.9998 -36.9998 -36.9998
  0.0000   0.5248   0.5251   0.5259   0.5279   0.5327   0.5442   0.5702   0.6205
  0.6924   0.7436   0.7000   0.5153   0.1958  -0.2207  -0.6839  -1.1616  -1.6434
 -2.1322  -2.6266  -3.1296  -3.6391  -4.1912  -4.7703  -5.4902  -6.0268  -6.5794
 -7.1596  -7.7846  -8.4814  -9.2925 -10.2849 -11.5650 -13.3012 -15.7602 -19.3650
-24.7856 -33.0843 -36.9995 -36.9995 -36.9995 -36.9995 -36.9995
  0.0000   0.4989   0.4991   0.4998   0.5013   0.5052   0.5145   0.5361   0.5804
  0.6517   0.7186   0.7025   0.5364   0.2194  -0.2078  -0.6843  -1.1696  -1.6531
 -2.1389  -2.6311  -3.1304  -3.6375  -4.1886  -4.7676  -5.4869  -6.0246  -6.5778
 -7.1587  -7.7841  -8.4812  -9.2924 -10.2849 -11.5651 -13.3013 -15.7604 -19.3651
-24.7858 -33.0845 -36.9997 -36.9997 -36.9997 -36.9997 -36.9997
  0.0000   0.5095   0.5096   0.5100   0.5110   0.5135   0.5196   0.5341   0.5657
  0.6226   0.6898   0.6978   0.5548   0.2402  -0.2005  -0.6930  -1.1867  -1.6717
 -2.1541  -2.6412  -3.1342  -3.6367  -4.1853  -4.7633  -5.4812  -6.0203  -6.5749
 -7.1566  -7.7828  -8.4803  -9.2918 -10.2845 -11.5648 -13.3011 -15.7602 -19.3650
-24.7857 -33.0844 -36.9996 -36.9996 -36.9996 -36.9996 -36.9996
  0.0000   0.5460   0.5461   0.5463   0.5468   0.5480   0.5510   0.5583   0.5751
  0.6087   0.6575   0.6776   0.5678   0.2627  -0.1928  -0.7050  -1.2093  -1.6974
 -2.1776  -2.6591  -3.1445  -3.6402  -4.1840  -4.7591  -5.4741  -6.0145  -6.5708
 -7.1539  -7.7810  -8.4793  -9.2913 -10.2844 -11.5649 -13.3012 -15.7604 -19.3653
-24.7860 -33.0847 -37.0000 -37.0000 -37.0000 -37.0000 -37.0000
  0.0000   0.5869   0.5869   0.5870   0.5872   0.5876   0.5886   0.5911   0.5971
  0.6099   0.6312   0.6426   0.5679   0.2940  -0.1746  -0.7121  -1.2307  -1.7244
 -2.2049  -2.6826  -3.1613  -3.6491  -4.1862  -4.7560  -5.4660  -6.0064  -6.5643
 -7.1492  -7.7776  -8.4769  -9.2897 -10.2832 -11.5640 -13.3006 -15.7599 -19.3649
-24.7856 -33.0844 -36.9997 -36.9997 -36.9997 -36.9997 -36.9997
  0.0000   0.6088   0.6088   0.6088   0.6088   0.6088   0.6090   0.6092   0.6099
  0.6111   0.6122   0.6043   0.5463   0.3300  -0.1319  -0.7055  -1.2459  -1.7486
 -2.2320  -2.7086  -3.1833  -3.6645  -4.1945  -4.7575  -5.4609  -5.9986  -6.5569
 -7.1433  -7.7736  -8.4740  -9.2877 -10.2819 -11.5632 -13.3000 -15.7595 -19.3646
-24.7854 -33.0842 -36.9996 -36.9996 -36.9996 -36.9996 -36.9996
  0.0000   0.5990   0.5990   0.5990   0.5990   0.5989   0.5988   0.5983   0.5973
  0.5947   0.5877   0.5688   0.5136   0.3518  -0.0490  -0.6667  -1.2474  -1.7643
 -2.2534  -2.7316  -3.2051  -3.6825  -4.2078  -4.7645  -5.4615  -5.9936  -6.5502
 -7.1374  -7.7690  -8.4710  -9.2856 -10.2806 -11.5623 -13.2995 -15.7592 -19.3644
-24.7854 -33.0842 -36.9997 -36.9997 -36.9997 -36.9997 -36.9997
  0.0000   0.5348   0.5352   0.5362   0.5386   0.5446   0.5585   0.5887   0.6429
  0.7113   0.7486   0.6913   0.5030   0.1889  -0.2178  -0.6735  -1.1494  -1.6342
 -2.1283  -2.6294  -3.1796  -3.7576  -4.4641  -5.0071  -5.5550  -6.1256  -6.7345
 -7.4042  -8.1715  -9.0942 -10.2636 -11.8240 -14.0043 -17.1673 -21.8878 -29.0768
-36.9991 -36.9991 -36.9991 -36.9991 -36.9991 -36.9991 -36.9991
  0.0000   0.4701   0.4705   0.4715   0.4740   0.4801   0.4947   0.5269   0.5870
  0.6695   0.7296   0.6964   0.5244   0.2149  -0.1985  -0.6645  -1.1471  -1.6346
 -2.1276  -2.6300  -3.1786  -3.7557  -4.4613  -5.0048  -5.5534  -6.1245  -6.7336
 -7.4036  -8.1711  -9.0940 -10.2634 -11.8238 -14.0042 -17.1672 -21.8877 -29.0766
-36.9990 -36.9990 -36.9990 -36.9990 -36.9990 -36.9990 -36.9990
  0.0000   0.4283   0.4287   0.4296   0.4321   0.4381   0.4525   0.4847   0.5472
  0.6386   0.7164   0.7024   0.5413   0.2320  -0.1918  -0.6696  -1.1580  -1.6454
 -2.1342  -2.6334  -3.1782  -3.7527  -4.4560  -5.0002  -5.5499  -6.1222  -6.7320
 -7.4026  -8.1705  -9.0935 -10.2631 -11.8236 -14.0041 -17.1671 -21.8876 -29.0766
-36.9990 -36.9990 -36.9990 -36.9990 -36.9990 -36.9990 -36.9990
  0.0000   0.4193   0.4196   0.4205   0.4225   0.4275   0.4397   0.4676   0.5241
  0.6139   0.7019   0.7062   0.5558   0.2449  -0.1913  -0.6830  -1.1778  -1.6651
 -2.1493  -2.6424  -3.1812  -3.7510  -4.4500  -4.9938  -5.5448  -6.1187  -6.7296
 -7.4010  -8.1696  -9.0931 -10.2629 -11.8236 -14.0042 -17.1673 -21.8879 -29.0769
-36.9993 -36.9993 -36.9993 -36.9993 -36.9993 -36.9993 -36.9993
  0.0000   0.4499   0.4501   0.4506   0.4520   0.4553   0.4635   0.4826   0.5238
  0.5962   0.6811   0.7028   0.5691   0.2582  -0.1910  -0.6983  -1.2010  -1.6897
 -2.1703  -2.6571  -3.1893  -3.7525  -4.4451  -4.9863  -5.5376  -6.1130  -6.7256
 -7.3981  -8.1676  -9.0918 -10.2620 -11.8230 -14.0037 -17.1669 -21.8876 -29.0766
-36.9991 -36.9991 -36.9991 -36.9991 -36.9991 -36.9991 -36.9991
  0.0000   0.5062   0.5063   0.5066   0.5073   0.5089   0.5131   0.5230   0.5455
  0.5897   0.6528   0.6839   0.5782   0.2750  -0.1864  -0.7107  -1.2229  -1.7149
 -2.1943  -2.6766  -3.2035  -3.7599  -4.4457  -4.9808  -5.5305  -6.1066  -6.7207
 -7.3948  -8.1653  -9.0903 -10.2611 -11.8224 -14.0034 -17.1668 -21.8875 -29.0766
-36.9992 -36.9992 -36.9992 -36.9992 -36.9992 -36.9992 -36.9992
  0.0000   0.5635   0.5636   0.5637   0.5639   0.5645   0.5660   0.5696   0.5783
  0.5967   0.6276   0.6489   0.5768   0.3012  -0.1690  -0.7131  -1.2370  -1.7339
 -2.2142  -2.6948  -3.2190  -3.7706  -4.4514  -4.9784  -5.5240  -6.0994  -6.7144
 -7.3899  -8.1616  -9.0873 -10.2589 -11.8206 -14.0018 -17.1654 -21.8862 -29.0754
-36.9981 -36.9981 -36.9981 -36.9981 -36.9981 -36.9981 -36.9981
  0.0000   0.5811   0.5814   0.5823   0.5845   0.5900   0.6028   0.6299   0.6772
  0.7333   0.7554   0.6856   0.4910   0.1769  -0.2250  -0.6760  -1.1505  -1.6387
 -2.1329  -2.6768  -3.3250  -3.9806  -4.5264  -5.0911  -5.6871  -6.3347  -7.0655
 -7.9289  -9.0036 -10.4134 -12.3549 -15.1390 -19.2590 -25.4961 -35.0888 -36.9979
-36.9979 -36.9979 -36.9979 -36.9979 -36.9979 -36.9979 -36.9979
  0.0000   0.5026   0.5029   0.5039   0.5062   0.5119   0.5253   0.5545   0.6081
  0.6790   0.7267   0.6868   0.5160   0.2134  -0.1908  -0.6509  -1.1340  -1.6292
 -2.1288  -2.6764  -3.3252  -3.9811  -4.5268  -5.0914  -5.6873  -6.3348  -7.0655
 -7.9289  -9.0035 -10.4133 -12.3548 -15.1390 -19.2589 -25.4960 -35.0887 -36.9978
-36.9978 -36.9978 -36.9978 -36.9978 -36.9978 -36.9978 -36.9978
  0.0000   0.4387   0.4391   0.4401   0.4428   0.4492   0.4645   0.4979   0.5600
  0.6457   0.7129   0.6916   0.5326   0.2329  -0.1779  -0.6472  -1.1354  -1.6316
 -2.1287  -2.6765  -3.3233  -3.9776  -4.5237  -5.0891  -5.6857  -6.3337  -7.0648
 -7.9285  -9.0033 -10.4132 -12.3548 -15.1390 -19.2590 -25.4961 -35.0887 -36.9979
-36.9979 -36.9979 -36.9979 -36.9979 -36.9979 -36.9979 -36.9979
  0.0000   0.3880   0.3885   0.3897   0.3926   0.3997   0.4166   0.4539   0.5239
  0.6229   0.7063   0.6988   0.5464   0.2449  -0.1760  -0.6561  -1.1484  -1.6431
 -2.1353  -2.6793  -3.3217  -3.9725  -4.5184  -5.0848  -5.6828  -6.3318  -7.0635
 -7.9278  -9.0030 -10.4131 -12.3548 -15.1391 -19.2592 -25.4963 -35.0890 -36.9982
-36.9982 -36.9982 -36.9982 -36.9982 -36.9982 -36.9982 -36.9982
  0.0000   0.3609   0.3614   0.3625   0.3654   0.3725   0.3894   0.4270   0.4994
  0.6054   0.7010   0.7058   0.5586   0.2540  -0.1785  -0.6708  -1.1679  -1.6613
 -2.1478  -2.6862  -3.3230  -3.9680  -4.5118  -5.0787  -5.6780  -6.3285  -7.0612
 -7.9263  -9.0020 -10.4125 -12.3544 -15.1389 -19.2590 -25.4962 -35.0889 -36.9982
-36.9982 -36.9982 -36.9982 -36.9982 -36.9982 -36.9982 -36.9982
  0.0000   0.3699   0.3703   0.3712   0.3736   0.3794   0.3935   0.4255   0.4897
  0.5905   0.6913   0.7087   0.5695   0.2631  -0.1803  -0.6852  -1.1882  -1.6819
 -2.1640  -2.6973  -3.3288  -3.9667  -4.5059  -5.0717  -5.6719  -6.3238  -7.0579
 -7.9237  -9.0002 -10.4112 -12.3534 -15.1380 -19.2583 -25.4956 -35.0884 -36.9977
-36.9977 -36.9977 -36.9977 -36.9977 -36.9977 -36.9977 -36.9977
  0.0000   0.4148   0.4150   0.4156   0.4171   0.4209   0.4301   0.4517   0.4976
  0.5776   0.6710   0.7014   0.5770   0.2729  -0.1793  -0.6961  -1.2054  -1.7009
 -2.1811  -2.7114  -3.3399  -3.9716  -4.5042  -5.0672  -5.6672  -6.3201  -7.0554
 -7.9223  -8.9993 -10.4109 -12.3534 -15.1383 -19.2587 -25.4961 -35.0889 -36.9983
-36.9983 -36.9983 -36.9983 -36.9983 -36.9983 -36.9983 -36.9983
  0.0000   0.6461   0.6464   0.6473   0.6496   0.6551   0.6679   0.6942   0.7375
  0.7820   0.7829   0.6869   0.4702   0.1436  -0.2584  -0.7070  -1.1808  -1.7048
 -2.2502  -2.9550  -3.4902  -4.0477  -4.6350  -5.2665  -5.9683  -6.7829  -7.7777
 -9.0594 -10.7966 -13.2563 -16.8615 -22.2824 -30.5813 -36.9967 -36.9967 -36.9967
-36.9967 -36.9967 -36.9967 -36.9967 -36.9967 -36.9967 -36.9967
  0.0000   0.5503   0.5506   0.5514   0.5533   0.5580   0.5690   0.5932   0.6374
  0.6955   0.7303   0.6820   0.5084   0.2072  -0.1929  -0.6506  -1.1372  -1.6750
 -2.2455  -2.9522  -3.4949  -4.0550  -4.6419  -5.2719  -5.9720  -6.7855  -7.7795
 -9.0606 -10.7973 -13.2568 -16.8618 -22.2826 -30.5814 -36.9967 -36.9967 -36.9967
-36.9967 -36.9967 -36.9967 -36.9967 -36.9967 -36.9967 -36.9967
  0.0000   0.4829   0.4833   0.4841   0.4862   0.4913   0.5034   0.5302   0.5805
  0.6511   0.7062   0.6814   0.5269   0.2352  -0.1668  -0.6327  -1.1264  -1.6684
 -2.2403  -2.9517  -3.4943  -4.0545  -4.6414  -5.2716  -5.9718  -6.7854  -7.7794
 -9.0605 -10.7973 -13.2567 -16.8618 -22.2826 -30.5814 -36.9967 -36.9967 -36.9967
-36.9967 -36.9967 -36.9967 -36.9967 -36.9967 -36.9967 -36.9967
  0.0000   0.4257   0.4261   0.4271   0.4295   0.4355   0.4498   0.4811   0.5402
  0.6247   0.6966   0.6866   0.5405   0.2501  -0.1585  -0.6325  -1.1298  -1.6716
 -2.2400  -2.9504  -3.4906  -4.0504  -4.6380  -5.2690  -5.9701  -6.7841  -7.7786
 -9.0599 -10.7969 -13.2564 -16.8615 -22.2824 -30.5813 -36.9966 -36.9966 -36.9966
-36.9966 -36.9966 -36.9966 -36.9966 -36.9966 -36.9966 -36.9966
  0.0000   0.3788   0.3792   0.3803   0.3831   0.3900   0.4063   0.4422   0.5099
  0.6070   0.6928   0.6938   0.5522   0.2595  -0.1585  -0.6419  -1.1420  -1.6824
 -2.2458  -2.9519  -3.4869  -4.0449  -4.6329  -5.2651  -5.9674  -6.7821  -7.7773
 -9.0591 -10.7964 -13.2561 -16.8613 -22.2823 -30.5812 -36.9966 -36.9966 -36.9966
-36.9966 -36.9966 -36.9966 -36.9966 -36.9966 -36.9966 -36.9966
  0.0000   0.3495   0.3499   0.3511   0.3540   0.3612   0.3783   0.4161   0.4882
  0.5932   0.6893   0.6995   0.5619   0.2670  -0.1606  -0.6543  -1.1579  -1.6977
 -2.2567  -2.9585  -3.4858  -4.0402  -4.6275  -5.2605  -5.9640  -6.7800  -7.7757
 -9.0582 -10.7958 -13.2558 -16.8612 -22.2822 -30.5812 -36.9967 -36.9967 -36.9967
-36.9967 -36.9967 -36.9967 -36.9967 -36.9967 -36.9967 -36.9967
  0.0000   0.3469   0.3473   0.3484   0.3510   0.3575   0.3730   0.4079   0.4763
  0.5804   0.6815   0.7006   0.5694   0.2743  -0.1608  -0.6640  -1.1718  -1.7128
 -2.2693  -2.9692  -3.4886  -4.0379  -4.6233  -5.2564  -5.9608  -6.7777  -7.7742
 -9.0573 -10.7953 -13.2555 -16.8611 -22.2822 -30.5813 -36.9969 -36.9969 -36.9969
-36.9969 -36.9969 -36.9969 -36.9969 -36.9969 -36.9969 -36.9969
 -1.0000   0.6114   0.6117   0.6124   0.6142   0.6186   0.6291   0.6515   0.6915
  0.7403   0.7593   0.6918   0.5012   0.1891  -0.2161  -0.6971  -1.2494  -1.9358
 -2.4649  -3.0107  -3.5866  -4.2029  -4.8799  -5.6529  -6.5796  -7.7517  -9.3140
-11.4955 -14.6592 -19.3801 -26.5694 -36.9923 -36.9923 -36.9923 -36.9923 -36.9923
-36.9923 -36.9923 -36.9923 -36.9923 -36.9923 -36.9923 -36.9923
  0.0000   0.6115   0.6118   0.6125   0.6143   0.6187   0.6291   0.6516   0.6915
  0.7402   0.7593   0.6918   0.5012   0.1891  -0.2161  -0.6971  -1.2494  -1.9358
 -2.4649  -3.0107  -3.5866  -4.2029  -4.8799  -5.6529  -6.5796  -7.7517  -9.3140
-11.4955 -14.6592 -19.3801 -26.5694 -36.9923 -36.9923 -36.9923 -36.9923 -36.9923
-36.9923 -36.9923 -36.9923 -36.9923 -36.9923 -36.9923 -36.9923
  0.0000   0.5357   0.5359   0.5365   0.5381   0.5421   0.5515   0.5725   0.6125
  0.6697   0.7127   0.6819   0.5268   0.2372  -0.1639  -0.6512  -1.2149  -1.8722
 -2.4596  -3.0128  -3.5918  -4.2084  -4.8845  -5.6563  -6.5821  -7.7536  -9.3153
-11.4964 -14.6600 -19.3808 -26.5699 -36.9927 -36.9927 -36.9927 -36.9927 -36.9927
-36.9927 -36.9927 -36.9927 -36.9927 -36.9927 -36.9927 -36.9927
  0.0000   0.4804   0.4807   0.4814   0.4831   0.4874   0.4978   0.5211   0.5663
  0.6336   0.6928   0.6808   0.5411   0.2593  -0.1438  -0.6381  -1.2083  -1.8714
 -2.4591  -3.0114  -3.5902  -4.2070  -4.8834  -5.6555  -6.5814  -7.7531  -9.3149
-11.4961 -14.6597 -19.3805 -26.5697 -36.9925 -36.9925 -36.9925 -36.9925 -36.9925
-36.9925 -36.9925 -36.9925 -36.9925 -36.9925 -36.9925 -36.9925
  0.0000   0.4349   0.4353   0.4361   0.4380   0.4430   0.4548   0.4813   0.5331
  0.6110   0.6838   0.6844   0.5522   0.2717  -0.1370  -0.6399  -1.2143  -1.8803
 -2.4608  -3.0092  -3.5865  -4.2034  -4.8805  -5.6535  -6.5801  -7.7522  -9.3143
-11.4958 -14.6595 -19.3804 -26.5696 -36.9925 -36.9925 -36.9925 -36.9925 -36.9925
-36.9925 -36.9925 -36.9925 -36.9925 -36.9925 -36.9925 -36.9925
  0.0000   0.4021   0.4025   0.4033   0.4055   0.4108   0.4237   0.4526   0.5091
  0.5951   0.6784   0.6887   0.5617   0.2808  -0.1349  -0.6468  -1.2258  -1.8950
 -2.4656  -3.0080  -3.5824  -4.1988  -4.8766  -5.6506  -6.5780  -7.7505  -9.3132
-11.4949 -14.6588 -19.3799 -26.5692 -36.9922 -36.9922 -36.9922 -36.9922 -36.9922
-36.9922 -36.9922 -36.9922 -36.9922 -36.9922 -36.9922 -36.9922
  0.0000   0.3866   0.3870   0.3878   0.3899   0.3952   0.4078   0.4364   0.4931
  0.5815   0.6707   0.6894   0.5690   0.2893  -0.1321  -0.6530  -1.2369  -1.9107
 -2.4731  -3.0096  -3.5803  -4.1953  -4.8733  -5.6479  -6.5761  -7.7492  -9.3123
-11.4943 -14.6584 -19.3796 -26.5689 -36.9921 -36.9921 -36.9921 -36.9921 -36.9921
-36.9921 -36.9921 -36.9921 -36.9921 -36.9921 -36.9921 -36.9921
 -2.0000   0.6042   0.6044   0.6050   0.6064   0.6098   0.6182   0.6368   0.6721
  0.7206   0.7506   0.7042   0.5335   0.2246  -0.2296  -0.8036  -1.4282  -1.9802
 -2.5400  -3.1397  -3.7950  -4.5338  -5.4039  -6.4833  -7.8963  -9.8401 -12.6256
-16.7465 -22.9842 -32.5773 -36.9869 -36.9869 -36.9869 -36.9869 -36.9869 -36.9869
-36.9869 -36.9869 -36.9869 -36.9869 -36.9869 -36.9869 -36.9869
 -1.0000   0.6043   0.6044   0.6050   0.6064   0.6098   0.6182   0.6368   0.6721
  0.7206   0.7506   0.7042   0.5335   0.2246  -0.2296  -0.8036  -1.4282  -1.9802
 -2.5400  -3.1397  -3.7950  -4.5338  -5.4039  -6.4833  -7.8963  -9.8401 -12.6256
-16.7465 -22.9842 -32.5773 -36.9869 -36.9869 -36.9869 -36.9869 -36.9869 -36.9869
-36.9869 -36.9869 -36.9869 -36.9869 -36.9869 -36.9869 -36.9869
  0.0000   0.6043   0.6045   0.6051   0.6065   0.6099   0.6182   0.6368   0.6721
  0.7206   0.7506   0.7042   0.5335   0.2246  -0.2296  -0.8036  -1.4282  -1.9802
 -2.5400  -3.1397  -3.7950  -4.5338  -5.4039  -6.4833  -7.8963  -9.8401 -12.6256
-16.7465 -22.9842 -32.5773 -36.9869 -36.9869 -36.9869 -36.9869 -36.9869 -36.9869
-36.9869 -36.9869 -36.9869 -36.9869 -36.9869 -36.9869 -36.9869
  0.0000   0.5471   0.5473   0.5478   0.5490   0.5521   0.5597   0.5771   0.6115
  0.6646   0.7113   0.6938   0.5532   0.2644  -0.1841  -0.7646  -1.4050  -1.9712
 -2.5385  -3.1420  -3.7984  -4.5368  -5.4061  -6.4846  -7.8973  -9.8405 -12.6258
-16.7465 -22.9841 -32.5771 -36.9866 -36.9866 -36.9866 -36.9866 -36.9866 -36.9866
-36.9866 -36.9866 -36.9866 -36.9866 -36.9866 -36.9866 -36.9866
  0.0000   0.5065   0.5067   0.5072   0.5085   0.5117   0.5197   0.5378   0.5749
  0.6340   0.6925   0.6912   0.5651   0.2844  -0.1656  -0.7551  -1.4045  -1.9709
 -2.5374  -3.1405  -3.7969  -4.5356  -5.4051  -6.4839  -7.8967  -9.8400 -12.6254
-16.7462 -22.9838 -32.5768 -36.9863 -36.9863 -36.9863 -36.9863 -36.9863 -36.9863
-36.9863 -36.9863 -36.9863 -36.9863 -36.9863 -36.9863 -36.9863
  0.0000   0.4779   0.4781   0.4786   0.4799   0.4832   0.4914   0.5104   0.5493
  0.6130   0.6804   0.6905   0.5740   0.2974  -0.1567  -0.7563  -1.4121  -1.9678
 -2.5372  -3.1385  -3.7944  -4.5334  -5.4035  -6.4828  -7.8957  -9.8395 -12.6251
-16.7460 -22.9837 -32.5767 -36.9863 -36.9863 -36.9863 -36.9863 -36.9863 -36.9863
-36.9863 -36.9863 -36.9863 -36.9863 -36.9863 -36.9863 -36.9863
  0.0000   0.4634   0.4636   0.4641   0.4653   0.4684   0.4762   0.4943   0.5321
  0.5961   0.6680   0.6874   0.5805   0.3089  -0.1483  -0.7580  -1.4206  -1.9726
 -2.5385  -3.1374  -3.7925  -4.5314  -5.4019  -6.4817  -7.8951  -9.8390 -12.6248
-16.7457 -22.9835 -32.5766 -36.9863 -36.9863 -36.9863 -36.9863 -36.9863 -36.9863
-36.9863 -36.9863 -36.9863 -36.9863 -36.9863 -36.9863 -36.9863
 -2.0000   0.7303   0.7305   0.7312   0.7330   0.7376   0.7485   0.7718   0.8123
  0.8573   0.8622   0.7646   0.4995   0.0581  -0.5520  -1.0843  -1.6025  -2.1443
 -2.7437  -3.4277  -4.2361  -5.2324  -6.5193  -8.2625 -10.7274 -14.3367 -19.7606
-28.0614 -36.9801 -36.9801 -36.9801 -36.9801 -36.9801 -36.9801 -36.9801 -36.9801
-36.9801 -36.9801 -36.9801 -36.9801 -36.9801 -36.9801 -36.9801
 -1.0000   0.7303   0.7305   0.7312   0.7330   0.7376   0.7485   0.7718   0.8123
  0.8573   0.8622   0.7646   0.4995   0.0581  -0.5520  -1.0843  -1.6025  -2.1443
 -2.7437  -3.4277  -4.2361  -5.2324  -6.5193  -8.2625 -10.7274 -14.3367 -19.7606
-28.0614 -36.9801 -36.9801 -36.9801 -36.9801 -36.9801 -36.9801 -36.9801 -36.9801
-36.9801 -36.9801 -36.9801 -36.9801 -36.9801 -36.9801 -36.9801
  0.0000   0.7303   0.7305   0.7312   0.7330   0.7376   0.7485   0.7718   0.8123
  0.8573   0.8622   0.7646   0.4995   0.0581  -0.5520  -1.0843  -1.6025  -2.1443
 -2.7437  -3.4277  -4.2361  -5.2324  -6.5193  -8.2625 -10.7274 -14.3367 -19.7606
-28.0614 -36.9801 -36.9801 -36.9801 -36.9801 -36.9801 -36.9801 -36.9801 -36.9801
-36.9801 -36.9801 -36.9801 -36.9801 -36.9801 -36.9801 -36.9801
  0.0000   0.6606   0.6607   0.6611   0.6620   0.6644   0.6706   0.6848   0.7135
  0.7564   0.7881   0.7461   0.5518   0.1714  -0.3860  -0.9482  -1.4983  -2.0813
 -2.7114  -3.4184  -4.2405  -5.2423  -6.5293  -8.2701 -10.7324 -14.3392 -19.7612
-28.0607 -36.9773 -36.9773 -36.9773 -36.9773 -36.9773 -36.9773 -36.9773 -36.9773
-36.9773 -36.9773 -36.9773 -36.9773 -36.9773 -36.9773 -36.9773
  0.0000   0.6261   0.6262   0.6264   0.6271   0.6291   0.6343   0.6465   0.6724
  0.7151   0.7564   0.7373   0.5712   0.2121  -0.3403  -0.9194  -1.4834  -2.0762
 -2.7118  -3.4210  -4.2433  -5.2445  -6.5307  -8.2708 -10.7327 -14.3392 -19.7609
-28.0603 -36.9767 -36.9767 -36.9767 -36.9767 -36.9767 -36.9767 -36.9767 -36.9767
-36.9767 -36.9767 -36.9767 -36.9767 -36.9767 -36.9767 -36.9767
  0.0000   0.6065   0.6065   0.6068   0.6075   0.6093   0.6139   0.6251   0.6496
  0.6923   0.7391   0.7333   0.5827   0.2331  -0.3247  -0.9130  -1.4809  -2.0756
 -2.7118  -3.4211  -4.2434  -5.2445  -6.5307  -8.2708 -10.7326 -14.3391 -19.7609
-28.0602 -36.9766 -36.9766 -36.9766 -36.9766 -36.9766 -36.9766 -36.9766 -36.9766
-36.9766 -36.9766 -36.9766 -36.9766 -36.9766 -36.9766 -36.9766
  0.0000   0.5986   0.5986   0.5988   0.5993   0.6008   0.6048   0.6145   0.6361
  0.6759   0.7242   0.7280   0.5913   0.2505  -0.3139  -0.9103  -1.4805  -2.0759
 -2.7117  -3.4207  -4.2428  -5.2439  -6.5301  -8.2703 -10.7322 -14.3387 -19.7604
-28.0598 -36.9762 -36.9762 -36.9762 -36.9762 -36.9762 -36.9762 -36.9762 -36.9762
-36.9762 -36.9762 -36.9762 -36.9762 -36.9762 -36.9762 -36.9762
nl= 2 nu= 5
  0.0000  -1.4680  -1.4680  -1.4680  -1.4680  -1.4680  -1.4680  -1.4680  -1.4680
 -1.4680  -1.4680  -1.4680  -1.4680  -1.4680  -1.4681  -1.4681  -1.4683  -1.4687
 -1.4697  -1.4723  -1.4787  -1.4948  -1.5352  -1.6368  -1.8918  -2.5323  -4.1331
 -6.3798  -6.9076  -7.4113  -7.9142  -8.4188  -8.9245  -9.4298  -9.9347 -10.4419
-10.9473 -11.4536 -12.0057 -12.7861 -13.3160 -13.8612 -14.4324
  0.0000  -1.6044  -1.6044  -1.6044  -1.6044  -1.6044  -1.6044  -1.6044  -1.6044
 -1.6044  -1.6044  -1.6044  -1.6044  -1.6044  -1.6045  -1.6045  -1.6046  -1.6048
 -1.6053  -1.6066  -1.6098  -1.6178  -1.6380  -1.6888  -1.8164  -2.1369  -2.9416
 -4.9458  -6.8907  -7.4011  -7.9005  -8.4013  -8.9051  -9.4105  -9.9165 -10.4248
-10.9313 -11.4382 -11.9907 -12.7709 -13.3013 -13.8467 -14.4181
  0.0000  -1.7553  -1.7553  -1.7553  -1.7553  -1.7553  -1.7553  -1.7553  -1.7553
 -1.7553  -1.7553  -1.7553  -1.7553  -1.7553  -1.7553  -1.7554  -1.7554  -1.7555
 -1.7558  -1.7564  -1.7580  -1.7620  -1.7721  -1.7975  -1.8613  -2.0216  -2.4242
 -3.4352  -5.9228  -7.4067  -7.9085  -8.4042  -8.9029  -9.4058  -9.9115 -10.4207
-10.9284 -11.4363 -11.9894 -12.7693 -13.3004 -13.8463 -14.4180
  0.0000  -1.9054  -1.9054  -1.9054  -1.9054  -1.9054  -1.9054  -1.9054  -1.9054
 -1.9054  -1.9054  -1.9054  -1.9054  -1.9054  -1.9054  -1.9054  -1.9054  -1.9055
 -1.9056  -1.9059  -1.9067  -1.9087  -1.9138  -1.9265  -1.9584  -2.0385  -2.2399
 -2.7456  -4.0154  -6.9894  -7.9204  -8.4154  -8.9074  -9.4040  -9.9062 -10.4148
-10.9232 -11.4323 -11.9863 -12.7655 -13.2978 -13.8445 -14.4167
  0.0000  -2.0559  -2.0559  -2.0559  -2.0559  -2.0559  -2.0559  -2.0559  -2.0559
 -2.0559  -2.0559  -2.0559  -2.0559  -2.0559  -2.0559  -2.0559  -2.0559  -2.0559
 -2.0560  -2.0561  -2.0565  -2.0575  -2.0601  -2.0664  -2.0824  -2.1224  -2.2231
 -2.4760  -3.1112  -4.7059  -7.8640  -8.4333  -8.9228  -9.4115  -9.9063 -10.4104
-10.9174 -11.4272 -11.9820 -12.7602 -13.2940 -13.8421 -14.4151
  0.0000  -2.2064  -2.2064  -2.2064  -2.2064  -2.2064  -2.2064  -2.2064  -2.2064
 -2.2064  -2.2064  -2.2064  -2.2064  -2.2064  -2.2064  -2.2064  -2.2064  -2.2064
 -2.2064  -2.2065  -2.2067  -2.2072  -2.2085  -2.2116  -2.2196  -2.2397  -2.2900
 -2.4164  -2.7340  -3.5318  -5.5341  -8.4444  -8.9448  -9.4299  -9.9162 -10.4121
-10.9138 -11.4217 -11.9762 -12.7520 -13.2883 -13.8380 -14.4124
  0.0000  -2.3568  -2.3568  -2.3568  -2.3568  -2.3568  -2.3568  -2.3568  -2.3568
 -2.3568  -2.3568  -2.3568  -2.3568  -2.3568  -2.3568  -2.3568  -2.3568  -2.3568
 -2.3568  -2.3568  -2.3569  -2.3572  -2.3578  -2.3594  -2.3634  -2.3734  -2.3986
 -2.4618  -2.6206  -3.0195  -4.0215  -6.5330  -8.9610  -9.4539  -9.9362 -10.4236
-10.9168 -11.4188 -11.9704 -12.7417 -13.2800 -13.8321 -14.4083
  0.0000  -1.1212  -1.1212  -1.1212  -1.1212  -1.1212  -1.1212  -1.1212  -1.1212
 -1.1212  -1.1212  -1.1212  -1.1212  -1.1212  -1.1214  -1.1217  -1.1224  -1.1243
 -1.1290  -1.1408  -1.1705  -1.2451  -1.4323  -1.9024  -3.0772  -5.2798  -5.8967
 -6.4001  -6.8999  -7.4023  -7.9071  -8.4126  -8.9177  -9.4224  -9.9298 -10.4359
-10.9834 -11.6320 -12.2907 -12.8296 -13.3908 -13.9874 -14.6404
  0.0000  -1.2706  -1.2706  -1.2706  -1.2706  -1.2706  -1.2706  -1.2706  -1.2706
 -1.2706  -1.2706  -1.2706  -1.2707  -1.2707  -1.2707  -1.2709  -1.2713  -1.2722
 -1.2745  -1.2805  -1.2953  -1.3327  -1.4264  -1.6619  -2.2531  -3.7285  -5.8757
 -6.4056  -6.9036  -7.4010  -7.9022  -8.4065  -8.9122  -9.4181  -9.9266 -10.4334
-10.9815 -11.6302 -12.2890 -12.8283 -13.3897 -13.9865 -14.6396
  0.0000  -1.4221  -1.4221  -1.4221  -1.4221  -1.4221  -1.4221  -1.4221  -1.4221
 -1.4221  -1.4221  -1.4222  -1.4222  -1.4222  -1.4222  -1.4223  -1.4225  -1.4229
 -1.4241  -1.4271  -1.4345  -1.4532  -1.5001  -1.6179  -1.9139  -2.6569  -4.5046
 -6.4077  -6.9158  -7.4093  -7.9042  -8.4042  -8.9082  -9.4143  -9.9238 -10.4319
-10.9805 -11.6295 -12.2886 -12.8284 -13.3902 -13.9873 -14.6405
  0.0000  -1.5725  -1.5725  -1.5725  -1.5725  -1.5725  -1.5725  -1.5725  -1.5725
 -1.5725  -1.5725  -1.5725  -1.5725  -1.5726  -1.5726  -1.5726  -1.5727  -1.5729
 -1.5735  -1.5750  -1.5787  -1.5881  -1.6115  -1.6705  -1.8185  -2.1904  -3.1240
 -5.4201  -6.9260  -7.4246  -7.9141  -8.4065  -8.9051  -9.4091  -9.9185 -10.4276
-10.9773 -11.6264 -12.2857 -12.8266 -13.3891 -13.9865 -14.6400
  0.0000  -1.7222  -1.7222  -1.7222  -1.7222  -1.7222  -1.7222  -1.7222  -1.7222
 -1.7222  -1.7222  -1.7222  -1.7222  -1.7222  -1.7222  -1.7223  -1.7223  -1.7224
 -1.7227  -1.7234  -1.7253  -1.7300  -1.7417  -1.7712  -1.8452  -2.0312  -2.4984
 -3.6712  -6.4401  -7.4410  -7.9327  -8.4185  -8.9087  -9.4062  -9.9126 -10.4213
-10.9714 -11.6207 -12.2804 -12.8227 -13.3863 -13.9845 -14.6384
  0.0000  -1.8731  -1.8731  -1.8731  -1.8731  -1.8731  -1.8731  -1.8731  -1.8731
 -1.8731  -1.8731  -1.8731  -1.8731  -1.8731  -1.8731  -1.8731  -1.8731  -1.8732
 -1.8733  -1.8737  -1.8746  -1.8770  -1.8828  -1.8976  -1.9346  -2.0276  -2.2612
 -2.8480  -4.3210  -7.3349  -7.9549  -8.4413  -8.9243  -9.4128  -9.9120 -10.4169
-10.9659 -11.6141 -12.2738 -12.8183 -13.3832 -13.9827 -14.6374
  0.0000  -2.0236  -2.0236  -2.0236  -2.0236  -2.0236  -2.0236  -2.0236  -2.0236
 -2.0236  -2.0236  -2.0236  -2.0236  -2.0236  -2.0236  -2.0236  -2.0236  -2.0236
 -2.0237  -2.0239  -2.0243  -2.0255  -2.0284  -2.0358  -2.0543  -2.1008  -2.2176
 -2.5111  -3.2481  -5.0975  -7.9564  -8.4653  -8.9480  -9.4295  -9.9196 -10.4171
-10.9612 -11.6064 -12.2644 -12.8112 -13.3784 -13.9792 -14.6352
  0.0000  -0.7899  -0.7899  -0.7899  -0.7899  -0.7899  -0.7899  -0.7899  -0.7899
 -0.7899  -0.7899  -0.7899  -0.7900  -0.7902  -0.7908  -0.7921  -0.7956  -0.8042
 -0.8259  -0.8805  -1.0174  -1.3610  -2.2181  -4.0673  -4.9006  -5.4065  -5.9030
 -6.4017  -6.9044  -7.4093  -7.9148  -8.4201  -8.9280  -9.4340  -9.9413 -10.5591
-11.2811 -11.8147 -12.3674 -12.9504 -13.5817 -14.2896 -15.1190
  0.0000  -0.9392  -0.9392  -0.9392  -0.9392  -0.9392  -0.9392  -0.9392  -0.9392
 -0.9392  -0.9393  -0.9393  -0.9393  -0.9394  -0.9397  -0.9404  -0.9421  -0.9464
 -0.9573  -0.9847  -1.0535  -1.2261  -1.6592  -2.7394  -4.7787  -5.4129  -5.9117
 -6.4053  -6.9027  -7.4048  -7.9097  -8.4158  -8.9246  -9.4317  -9.9396 -10.5578
-11.2797 -11.8138 -12.3668 -12.9500 -13.5814 -14.2894 -15.1188
  0.0000  -1.0888  -1.0888  -1.0888  -1.0888  -1.0888  -1.0888  -1.0888  -1.0888
 -1.0888  -1.0888  -1.0888  -1.0889  -1.0889  -1.0891  -1.0894  -1.0903  -1.0924
 -1.0979  -1.1116  -1.1461  -1.2326  -1.4498  -1.9950  -3.3529  -5.3855  -5.9236
 -6.4167  -6.9077  -7.4036  -7.9051  -8.4103  -8.9198  -9.4280  -9.9370 -10.5553
-11.2773 -11.8122 -12.3656 -12.9491 -13.5807 -14.2889 -15.1184
  0.0000  -1.2310  -1.2310  -1.2310  -1.2310  -1.2310  -1.2310  -1.2310  -1.2310
 -1.2310  -1.2310  -1.2310  -1.2310  -1.2310  -1.2311  -1.2312  -1.2317  -1.2328
 -1.2355  -1.2424  -1.2596  -1.3029  -1.4117  -1.6849  -2.3706  -4.0721  -5.9177
 -6.4262  -6.9146  -7.4030  -7.8973  -8.3982  -8.9064  -9.4151  -9.9253 -10.5441
-11.2656 -11.8018 -12.3561 -12.9402 -13.5721 -14.2805 -15.1101
  0.0000  -1.3887  -1.3887  -1.3887  -1.3887  -1.3887  -1.3887  -1.3887  -1.3887
 -1.3887  -1.3887  -1.3887  -1.3887  -1.3887  -1.3887  -1.3888  -1.3890  -1.3896
 -1.3909  -1.3944  -1.4030  -1.4247  -1.4791  -1.6158  -1.9592  -2.8211  -4.9374
 -6.4461  -6.9439  -7.4283  -7.9142  -8.4072  -8.9101  -9.4171  -9.9275 -10.5465
-11.2675 -11.8053 -12.3609 -12.9459 -13.5785 -14.2872 -15.1171
  0.0000  -1.5397  -1.5397  -1.5397  -1.5397  -1.5397  -1.5397  -1.5397  -1.5397
 -1.5397  -1.5397  -1.5397  -1.5397  -1.5397  -1.5397  -1.5397  -1.5398  -1.5401
 -1.5408  -1.5425  -1.5468  -1.5577  -1.5849  -1.6533  -1.8251  -2.2565  -3.3395
 -5.9066  -6.9630  -7.4538  -7.9351  -8.4192  -8.9137  -9.4147  -9.9229 -10.5404
-11.2599 -11.8000 -12.3574 -12.9437 -13.5773 -14.2867 -15.1170
  0.0000  -1.6968  -1.6968  -1.6968  -1.6968  -1.6968  -1.6968  -1.6968  -1.6968
 -1.6968  -1.6968  -1.6968  -1.6968  -1.6968  -1.6968  -1.6968  -1.6969  -1.6970
 -1.6974  -1.6982  -1.7004  -1.7058  -1.7194  -1.7536  -1.8395  -2.0553  -2.5974
 -3.9577  -6.6033  -7.4819  -7.9677  -8.4473  -8.9332  -9.4255  -9.9274 -10.5409
-11.2565 -11.7985 -12.3582 -12.9463 -13.5811 -14.2916 -15.1225
  0.0000  -0.4618  -0.4618  -0.4618  -0.4618  -0.4618  -0.4618  -0.4618  -0.4618
 -0.4618  -0.4619  -0.4621  -0.4625  -0.4634  -0.4659  -0.4722  -0.4879  -0.5274
 -0.6264  -0.8744  -1.4908  -2.8820  -3.9006  -4.4152  -4.9096  -5.4038  -5.9028
 -6.4060  -6.9112  -7.4170  -7.9253  -8.4316  -8.9385  -9.4910 -10.2712 -10.8015
-11.3470 -11.9183 -12.5310 -13.2094 -13.9920 -14.9397 -16.1492
  0.0000  -0.6094  -0.6094  -0.6094  -0.6094  -0.6094  -0.6095  -0.6095  -0.6095
 -0.6095  -0.6095  -0.6096  -0.6098  -0.6103  -0.6115  -0.6147  -0.6226  -0.6426
 -0.6926  -0.8183  -1.1332  -1.9163  -3.5850  -4.4182  -4.9219  -5.4127  -5.9055
 -6.4039  -6.9069  -7.4126  -7.9217  -8.4292  -8.9369  -9.4898 -10.2698 -10.8008
-11.3466 -11.9182 -12.5311 -13.2095 -13.9922 -14.9399 -16.1495
  0.0000  -0.7575  -0.7575  -0.7575  -0.7575  -0.7575  -0.7575  -0.7575  -0.7575
 -0.7575  -0.7576  -0.7576  -0.7577  -0.7579  -0.7586  -0.7602  -0.7642  -0.7742
 -0.7994  -0.8626  -1.0214  -1.4196  -2.4096  -4.2803  -4.9318  -5.4278  -5.9156
 -6.4067  -6.9043  -7.4074  -7.9162  -8.4245  -8.9334  -9.4871 -10.2665 -10.7985
-11.3449 -11.9170 -12.5301 -13.2087 -13.9915 -14.9393 -16.1489
  0.0000  -0.9069  -0.9069  -0.9069  -0.9069  -0.9069  -0.9069  -0.9069  -0.9069
 -0.9069  -0.9069  -0.9070  -0.9070  -0.9071  -0.9075  -0.9083  -0.9103  -0.9153
 -0.9279  -0.9597  -1.0394  -1.2396  -1.7418  -2.9887  -4.8968  -5.4447  -5.9345
 -6.4196  -6.9090  -7.4058  -7.9116  -8.4194  -8.9290  -9.4836 -10.2622 -10.7954
-11.3430 -11.9157 -12.5293 -13.2082 -13.9911 -14.9391 -16.1488
  0.0000  -1.0440  -1.0440  -1.0440  -1.0440  -1.0440  -1.0440  -1.0440  -1.0440
 -1.0440  -1.0440  -1.0440  -1.0440  -1.0441  -1.0442  -1.0446  -1.0456  -1.0482
 -1.0545  -1.0704  -1.1103  -1.2107  -1.4627  -2.0950  -3.6590  -5.4318  -5.9439
 -6.4289  -6.9113  -7.3994  -7.8980  -8.4020  -8.9108  -9.4657 -10.2425 -10.7779
-11.3268 -11.9007 -12.5151 -13.1946 -13.9778 -14.9259 -16.1358
  0.0000  -1.2070  -1.2070  -1.2070  -1.2070  -1.2070  -1.2070  -1.2070  -1.2070
 -1.2070  -1.2070  -1.2070  -1.2070  -1.2071  -1.2071  -1.2073  -1.2078  -1.2091
 -1.2123  -1.2202  -1.2402  -1.2905  -1.4167  -1.7336  -2.5289  -4.4758  -5.9678
 -6.4672  -6.9487  -7.4294  -7.9188  -8.4151  -8.9196  -9.4726 -10.2459 -10.7836
-11.3348 -11.9101 -12.5257 -13.2060 -13.9898 -14.9383 -16.1483
  0.0000  -1.3629  -1.3629  -1.3629  -1.3629  -1.3629  -1.3629  -1.3629  -1.3629
 -1.3629  -1.3629  -1.3629  -1.3629  -1.3629  -1.3630  -1.3631  -1.3633  -1.3639
 -1.3655  -1.3695  -1.3795  -1.4046  -1.4678  -1.6264  -2.0248  -3.0244  -5.3950
 -6.4884  -6.9805  -7.4599  -7.9424  -8.4296  -8.9262  -9.4743 -10.2416 -10.7800
-11.3332 -11.9108 -12.5278 -13.2093 -13.9939 -14.9429 -16.1533
  0.0000  -0.1440  -0.1440  -0.1440  -0.1440  -0.1440  -0.1440  -0.1441  -0.1441
 -0.1442  -0.1445  -0.1452  -0.1469  -0.1513  -0.1623  -0.1899  -0.2591  -0.4321
 -0.8591  -1.8301  -2.8831  -3.4247  -3.9201  -4.4101  -4.9040  -5.4038  -5.9076
 -6.4131  -6.9189  -7.4275  -7.9344  -8.4825  -9.1312  -9.7900 -10.3293 -10.8908
-11.4876 -12.1407 -12.8831 -13.7671 -14.8757 -16.3402 -18.3688
  0.0000  -0.2922  -0.2922  -0.2922  -0.2922  -0.2922  -0.2922  -0.2922  -0.2922
 -0.2923  -0.2924  -0.2928  -0.2937  -0.2959  -0.3016  -0.3158  -0.3515  -0.4411
 -0.6650  -1.2189  -2.4456  -3.4224  -3.9398  -4.4301  -4.9183  -5.4118  -5.9113
 -6.4153  -6.9215  -7.4309  -7.9389  -8.4874  -9.1364  -9.7954 -10.3352 -10.8970
-11.4940 -12.1472 -12.8897 -13.7738 -14.8824 -16.3469 -18.3755
  0.0000  -0.4300  -0.4300  -0.4300  -0.4300  -0.4300  -0.4300  -0.4300  -0.4300
 -0.4300  -0.4301  -0.4303  -0.4308  -0.4319  -0.4348  -0.4420  -0.4602  -0.5059
 -0.6205  -0.9073  -1.6173  -3.1067  -3.9363  -4.4405  -4.9269  -5.4134  -5.9060
 -6.4053  -6.9097  -7.4193  -7.9283  -8.4777  -9.1267  -9.7861 -10.3267 -10.8890
-11.4864 -12.1398 -12.8825 -13.7667 -14.8753 -16.3399 -18.3685
  0.0000  -0.5716  -0.5716  -0.5716  -0.5716  -0.5716  -0.5716  -0.5716  -0.5716
 -0.5716  -0.5717  -0.5718  -0.5720  -0.5726  -0.5740  -0.5777  -0.5869  -0.6100
 -0.6680  -0.8136  -1.1782  -2.0809  -3.7797  -4.4488  -4.9440  -5.4271  -5.9119
 -6.4034  -6.9026  -7.4100  -7.9190  -8.4692  -9.1184  -9.7779 -10.3198 -10.8831
-11.4811 -12.1349 -12.8778 -13.7621 -14.8709 -16.3355 -18.3641
  0.0000  -0.7256  -0.7256  -0.7256  -0.7256  -0.7256  -0.7256  -0.7256  -0.7256
 -0.7257  -0.7257  -0.7257  -0.7258  -0.7261  -0.7269  -0.7287  -0.7333  -0.7450
 -0.7742  -0.8475  -1.0316  -1.4929  -2.6336  -4.4055  -4.9676  -5.4565  -5.9368
 -6.4198  -6.9104  -7.4120  -7.9185  -8.4679  -9.1167  -9.7765 -10.3202 -10.8847
-11.4837 -12.1381 -12.8814 -13.7660 -14.8750 -16.3397 -18.3684
  0.0000  -0.8655  -0.8655  -0.8655  -0.8655  -0.8655  -0.8655  -0.8655  -0.8655
 -0.8655  -0.8656  -0.8656  -0.8656  -0.8658  -0.8661  -0.8671  -0.8694  -0.8752
 -0.8899  -0.9267  -1.0192  -1.2513  -1.8334  -3.2668  -4.9509  -5.4702  -5.9544
 -6.4326  -6.9145  -7.4072  -7.9072  -8.4533  -9.0997  -9.7586 -10.3046 -10.8710
-11.4713 -12.1269 -12.8708 -13.7559 -14.8651 -16.3300 -18.3588
  0.0000  -1.0223  -1.0223  -1.0223  -1.0223  -1.0223  -1.0223  -1.0223  -1.0223
 -1.0223  -1.0223  -1.0223  -1.0223  -1.0224  -1.0226  -1.0230  -1.0242  -1.0271
 -1.0345  -1.0529  -1.0993  -1.2157  -1.5080  -2.2410  -4.0271  -5.4821  -5.9856
 -6.4666  -6.9438  -7.4282  -7.9194  -8.4588  -9.1002  -9.7556 -10.3032 -10.8718
-11.4740 -12.1307 -12.8759 -13.7616 -14.8712 -16.3364 -18.3654
  0.0000   0.1412   0.1412   0.1412   0.1412   0.1412   0.1412   0.1411   0.1409
  0.1405   0.1394   0.1365   0.1295   0.1118   0.0676  -0.0426  -0.3122  -0.9240
 -1.8286  -2.4311  -2.9367  -3.4256  -3.9145  -4.4091  -4.9097  -5.4141  -5.9202
 -6.4294  -6.9367  -7.4447  -8.0629  -8.7849  -9.3191  -9.8722 -10.4554 -11.0868
-11.7948 -12.6243 -13.6463 -14.9736 -16.7846 -19.3625 -23.1557
  0.0000   0.0207   0.0207   0.0207   0.0207   0.0207   0.0207   0.0206   0.0205
  0.0203   0.0197   0.0182   0.0144   0.0048  -0.0192  -0.0794  -0.2294  -0.5969
 -1.4180  -2.3856  -2.9408  -3.4365  -3.9219  -4.4099  -4.9045  -5.4054  -5.9106
 -6.4200  -6.9283  -7.4373  -8.0556  -8.7776  -9.3125  -9.8660 -10.4495 -11.0811
-11.7893 -12.6188 -13.6408 -14.9681 -16.7792 -19.3571 -23.1503
  0.0000  -0.1137  -0.1137  -0.1137  -0.1137  -0.1137  -0.1138  -0.1138  -0.1138
 -0.1140  -0.1143  -0.1151  -0.1171  -0.1221  -0.1348  -0.1666  -0.2462  -0.4449
 -0.9329  -1.9932  -2.9275  -3.4524  -3.9410  -4.4241  -4.9113  -5.4057  -5.9070
 -6.4154  -6.9241  -7.4341  -8.0529  -8.7745  -9.3105  -9.8647 -10.4487 -11.0806
-11.7889 -12.6186 -13.6407 -14.9680 -16.7792 -19.3571 -23.1503
  0.0000  -0.2536  -0.2536  -0.2536  -0.2536  -0.2536  -0.2536  -0.2536  -0.2536
 -0.2537  -0.2539  -0.2543  -0.2553  -0.2579  -0.2645  -0.2809  -0.3221  -0.4255
 -0.6839  -1.3192  -2.6294  -3.4541  -3.9617  -4.4458  -4.9267  -5.4128  -5.9070
 -6.4112  -6.9186  -7.4292  -8.0481  -8.7693  -9.3067  -9.8620 -10.4468 -11.0792
-11.7879 -12.6177 -13.6400 -14.9674 -16.7786 -19.3565 -23.1497
  0.0000  -0.3979  -0.3979  -0.3979  -0.3979  -0.3979  -0.3980  -0.3980  -0.3980
 -0.3980  -0.3981  -0.3983  -0.3988  -0.4002  -0.4035  -0.4119  -0.4329  -0.4858
 -0.6184  -0.9499  -1.7656  -3.2881  -3.9736  -4.4710  -4.9515  -5.4306  -5.9159
 -6.4122  -6.9150  -7.4240  -8.0422  -8.7621  -9.3017  -9.8585 -10.4445 -11.0778
-11.7869 -12.6171 -13.6396 -14.9672 -16.7784 -19.3564 -23.1497
  0.0000  -0.5453  -0.5453  -0.5453  -0.5453  -0.5453  -0.5453  -0.5453  -0.5453
 -0.5453  -0.5453  -0.5455  -0.5457  -0.5464  -0.5481  -0.5523  -0.5630  -0.5897
 -0.6569  -0.8255  -1.2475  -2.2845  -3.9101  -4.4891  -4.9795  -5.4574  -5.9356
 -6.4228  -6.9174  -7.4213  -8.0362  -8.7531  -9.2947  -9.8537 -10.4413 -11.0757
-11.7859 -12.6166 -13.6395 -14.9673 -16.7787 -19.3567 -23.1501
  0.0000  -0.6911  -0.6911  -0.6911  -0.6911  -0.6911  -0.6911  -0.6911  -0.6911
 -0.6911  -0.6911  -0.6912  -0.6913  -0.6917  -0.6925  -0.6946  -0.7000  -0.7135
 -0.7473  -0.8323  -1.0457  -1.5800  -2.8874  -4.4682  -4.9967  -5.4822  -5.9588
 -6.4396  -6.9253  -7.4211  -8.0301  -8.7412  -9.2830  -9.8440 -10.4337 -11.0697
-11.7809 -12.6126 -13.6360 -14.9641 -16.7758 -19.3540 -23.1474
  0.0000   0.3770   0.3770   0.3770   0.3770   0.3769   0.3768   0.3766   0.3760
  0.3745   0.3708   0.3616   0.3385   0.2811   0.1418  -0.1765  -0.7655  -1.4055
 -1.9349  -2.4290  -2.9173  -3.4072  -3.9031  -4.4048  -4.9101  -5.4195  -5.9274
 -6.4356  -6.9887  -7.7687  -8.2999  -8.8459  -9.4177 -10.0306 -10.7091 -11.4918
-12.4396 -13.6491 -15.2737 -17.5558 -20.8804 -25.8570 -33.4518
  0.0000   0.2793   0.2793   0.2793   0.2792   0.2792   0.2792   0.2790   0.2787
  0.2778   0.2756   0.2700   0.2561   0.2213   0.1350  -0.0749  -0.5476  -1.3121
 -1.9365  -2.4475  -2.9369  -3.4218  -3.9110  -4.4072  -4.9097  -5.4184  -5.9269
 -6.4359  -6.9897  -7.7690  -8.3012  -8.8478  -9.4199 -10.0331 -10.7118 -11.4945
-12.4424 -13.6520 -15.2765 -17.5587 -20.8833 -25.8598 -33.4547
  0.0000   0.1715   0.1715   0.1715   0.1715   0.1714   0.1714   0.1713   0.1711
  0.1706   0.1694   0.1662   0.1582   0.1383   0.0883  -0.0358  -0.3375  -1.0036
 -1.8802  -2.4550  -2.9549  -3.4385  -3.9213  -4.4101  -4.9067  -5.4124  -5.9202
 -6.4300  -6.9845  -7.7631  -8.2963  -8.8439  -9.4166 -10.0302 -10.7091 -11.4920
-12.4400 -13.6497 -15.2742 -17.5565 -20.8810 -25.8576 -33.4525
  0.0000   0.0495   0.0495   0.0495   0.0495   0.0495   0.0495   0.0495   0.0494
  0.0491   0.0484   0.0467   0.0423   0.0314   0.0039  -0.0648  -0.2358  -0.6521
 -1.5433  -2.4335  -2.9711  -3.4615  -3.9413  -4.4227  -4.9110  -5.4105  -5.9151
 -6.4241  -6.9790  -7.7562  -8.2913  -8.8400  -9.4138 -10.0280 -10.7074 -11.4906
-12.4387 -13.6485 -15.2731 -17.5554 -20.8800 -25.8566 -33.4515
  0.0000  -0.0836  -0.0836  -0.0836  -0.0836  -0.0836  -0.0836  -0.0836  -0.0836
 -0.0838  -0.0842  -0.0851  -0.0874  -0.0932  -0.1078  -0.1443  -0.2359  -0.4641
 -1.0203  -2.1507  -2.9691  -3.4844  -3.9686  -4.4459  -4.9263  -5.4170  -5.9148
 -6.4203  -6.9739  -7.7480  -8.2852  -8.8360  -9.4110 -10.0264 -10.7064 -11.4901
-12.4385 -13.6485 -15.2732 -17.5556 -20.8802 -25.8568 -33.4518
  0.0000  -0.2228  -0.2228  -0.2228  -0.2228  -0.2228  -0.2228  -0.2228  -0.2228
 -0.2229  -0.2231  -0.2236  -0.2248  -0.2278  -0.2353  -0.2543  -0.3019  -0.4212
 -0.7190  -1.4452  -2.7896  -3.4916  -3.9938  -4.4741  -4.9502  -5.4326  -5.9213
 -6.4197  -6.9691  -7.7378  -8.2763  -8.8291  -9.4062 -10.0228 -10.7041 -11.4885
-12.4374 -13.6476 -15.2726 -17.5551 -20.8798 -25.8565 -33.4514
  0.0000  -0.3665  -0.3665  -0.3665  -0.3665  -0.3665  -0.3665  -0.3666  -0.3666
 -0.3666  -0.3667  -0.3669  -0.3676  -0.3691  -0.3730  -0.3826  -0.4070  -0.4681
 -0.6215  -1.0044  -1.9371  -3.4080  -4.0057  -4.4995  -4.9776  -5.4561  -5.9370
 -6.4266  -6.9690  -7.7305  -8.2669  -8.8207  -9.3998 -10.0185 -10.7009 -11.4864
-12.4360 -13.6467 -15.2720 -17.5546 -20.8795 -25.8562 -33.4512
  0.0000   0.5195   0.5195   0.5195   0.5195   0.5194   0.5191   0.5185   0.5170
  0.5131   0.5036   0.4803   0.4251   0.3022   0.0501  -0.3908  -0.9199  -1.4303
 -1.9226  -2.4110  -2.9036  -3.4015  -3.9044  -4.4105  -4.9207  -5.4295  -5.9787
 -6.6276  -7.2870  -7.8272  -8.3893  -8.9865  -9.6398 -10.3824 -11.2665 -12.3752
-13.8397 -15.8683 -18.7909 -23.1305 -29.7158 -36.9999 -36.9999
  0.0000   0.4631   0.4631   0.4631   0.4630   0.4630   0.4628   0.4624   0.4615
  0.4590   0.4529   0.4375   0.3997   0.3089   0.1024  -0.3095  -0.8894  -1.4358
 -1.9379  -2.4252  -2.9130  -3.4046  -3.9026  -4.4064  -4.9160  -5.4253  -5.9751
 -6.6243  -7.2836  -7.8248  -8.3873  -8.9848  -9.6384 -10.3811 -11.2653 -12.3740
-13.8386 -15.8672 -18.7898 -23.1294 -29.7147 -36.9988 -36.9988
  0.0000   0.3918   0.3918   0.3918   0.3918   0.3917   0.3916   0.3914   0.3908
  0.3892   0.3852   0.3753   0.3504   0.2890   0.1406  -0.1944  -0.7968  -1.4290
 -1.9557  -2.4468  -2.9313  -3.4160  -3.9071  -4.4058  -4.9130  -5.4221  -5.9723
 -6.6216  -7.2812  -7.8232  -8.3866  -8.9847  -9.6386 -10.3815 -11.2659 -12.3747
-13.8393 -15.8679 -18.7906 -23.1302 -29.7155 -36.9996 -36.9996
  0.0000   0.3024   0.3024   0.3024   0.3024   0.3023   0.3023   0.3021   0.3017
  0.3007   0.2983   0.2921   0.2767   0.2382   0.1428  -0.0877  -0.5960  -1.3614
 -1.9649  -2.4715  -2.9573  -3.4369  -3.9201  -4.4111  -4.9129  -5.4195  -5.9692
 -6.6179  -7.2777  -7.8214  -8.3859  -8.9848  -9.6393 -10.3826 -11.2672 -12.3761
-13.8408 -15.8695 -18.7922 -23.1318 -29.7172 -37.0013 -37.0013
  0.0000   0.1989   0.1989   0.1989   0.1989   0.1989   0.1988   0.1987   0.1985
  0.1979   0.1965   0.1929   0.1839   0.1614   0.1050  -0.0348  -0.3721  -1.0908
 -1.9294  -2.4858  -2.9819  -3.4615  -3.9388  -4.4212  -4.9148  -5.4156  -5.9622
 -6.6091  -7.2680  -7.8138  -8.3800  -8.9801  -9.6356 -10.3795 -11.2645 -12.3737
-13.8385 -15.8674 -18.7901 -23.1298 -29.7151 -36.9993 -36.9993
  0.0000   0.0776   0.0776   0.0776   0.0776   0.0776   0.0776   0.0775   0.0774
  0.0771   0.0763   0.0743   0.0693   0.0568   0.0255  -0.0530  -0.2477  -0.7177
 -1.6664  -2.4759  -3.0033  -3.4908  -3.9671  -4.4435  -4.9285  -5.4207  -5.9612
 -6.6033  -7.2596  -7.8070  -8.3753  -8.9772  -9.6338 -10.3787 -11.2643 -12.3739
-13.8390 -15.8680 -18.7908 -23.1306 -29.7159 -37.0002 -37.0002
  0.0000  -0.0536  -0.0536  -0.0536  -0.0536  -0.0536  -0.0536  -0.0537  -0.0537
 -0.0539  -0.0543  -0.0554  -0.0580  -0.0647  -0.0815  -0.1235  -0.2286  -0.4901
 -1.1209  -2.2848  -3.0024  -3.5121  -3.9944  -4.4696  -4.9489  -5.4330  -5.9657
 -6.6010  -7.2512  -7.7979  -8.3678  -8.9717  -9.6300 -10.3760 -11.2626 -12.3727
-13.8382 -15.8675 -18.7905 -23.1303 -29.7157 -37.0001 -37.0001
  0.0000   0.6011   0.6011   0.6010   0.6009   0.6006   0.5998   0.5978   0.5928
  0.5809   0.5539   0.5009   0.4189   0.2815  -0.0055  -0.4367  -0.9218  -1.4132
 -1.9039  -2.3983  -2.8982  -3.4032  -3.9136  -4.4232  -4.9336  -5.5525  -6.2742
 -6.8102  -7.3643  -7.9483  -8.5802  -9.2885 -10.1181 -11.1402 -12.4675 -14.2786
-16.8565 -20.6497 -26.3690 -35.1410 -36.9997 -36.9997 -36.9997
  0.0000   0.5607   0.5607   0.5606   0.5606   0.5604   0.5599   0.5588   0.5560
  0.5491   0.5325   0.4953   0.4219   0.2906   0.0244  -0.4186  -0.9249  -1.4257
 -1.9165  -2.4064  -2.9020  -3.4030  -3.9110  -4.4203  -4.9312  -5.5503  -6.2719
 -6.8085  -7.3634  -7.9477  -8.5799  -9.2884 -10.1181 -11.1403 -12.4677 -14.2788
-16.8567 -20.6499 -26.3692 -35.1412 -36.9999 -36.9999 -36.9999
  0.0000   0.5198   0.5198   0.5198   0.5197   0.5196   0.5193   0.5187   0.5171
  0.5130   0.5029   0.4786   0.4226   0.3031   0.0592  -0.3852  -0.9248  -1.4416
 -1.9353  -2.4209  -2.9103  -3.4047  -3.9085  -4.4159  -4.9266  -5.5456  -6.2667
 -6.8047  -7.3604  -7.9455  -8.5781  -9.2868 -10.1168 -11.1391 -12.4665 -14.2777
-16.8556 -20.6489 -26.3682 -35.1402 -36.9989 -36.9989 -36.9989
  0.0000   0.4707   0.4707   0.4707   0.4706   0.4706   0.4704   0.4700   0.4689
  0.4663   0.4598   0.4437   0.4040   0.3099   0.0991  -0.3210  -0.9085  -1.4576
 -1.9602  -2.4446  -2.9282  -3.4148  -3.9114  -4.4141  -4.9231  -5.5411  -6.2610
 -6.8008  -7.3578  -7.9440  -8.5774  -9.2866 -10.1168 -11.1393 -12.4669 -14.2782
-16.8562 -20.6494 -26.3688 -35.1408 -36.9995 -36.9995 -36.9995
  0.0000   0.4076   0.4076   0.4076   0.4076   0.4075   0.4074   0.4071   0.4065
  0.4048   0.4004   0.3897   0.3628   0.2966   0.1376  -0.2166  -0.8339  -1.4588
 -1.9837  -2.4727  -2.9536  -3.4333  -3.9215  -4.4165  -4.9206  -5.5357  -6.2527
 -6.7943  -7.3533  -7.9409  -8.5754  -9.2855 -10.1162 -11.1391 -12.4668 -14.2782
-16.8563 -20.6496 -26.3690 -35.1411 -36.9998 -36.9998 -36.9998
  0.0000   0.3251   0.3251   0.3251   0.3251   0.3251   0.3250   0.3248   0.3244
  0.3233   0.3206   0.3138   0.2967   0.2540   0.1486  -0.1042  -0.6481  -1.4076
 -1.9947  -2.4987  -2.9824  -3.4591  -3.9402  -4.4265  -4.9230  -5.5324  -6.2440
 -6.7857  -7.3466  -7.9362  -8.5722  -9.2833 -10.1150 -11.1383 -12.4665 -14.2781
-16.8563 -20.6497 -26.3691 -35.1412 -37.0000 -37.0000 -37.0000
  0.0000   0.2232   0.2232   0.2232   0.2232   0.2232   0.2232   0.2231   0.2228
  0.2222   0.2206   0.2165   0.2064   0.1810   0.1175  -0.0395  -0.4148  -1.1781
 -1.9697  -2.5134  -3.0076  -3.4864  -3.9645  -4.4441  -4.9322  -5.5348  -6.2387
 -6.7773  -7.3384  -7.9297  -8.5676  -9.2802 -10.1128 -11.1370 -12.4656 -14.2775
-16.8559 -20.6494 -26.3690 -35.1411 -37.0000 -37.0000 -37.0000
  0.0000   0.6520   0.6519   0.6518   0.6514   0.6505   0.6482   0.6425   0.6290
  0.5992   0.5453   0.4808   0.4164   0.2733  -0.0196  -0.4353  -0.9075  -1.3968
 -1.8926  -2.3948  -2.9032  -3.4138  -3.9253  -4.4809  -5.2597  -5.7937  -6.3417
 -6.9148  -7.5286  -8.2076  -8.9906  -9.9386 -11.1483 -12.7729 -15.0552 -18.3798
-23.3564 -30.9513 -36.9996 -36.9996 -36.9996 -36.9996 -36.9996
  0.0000   0.6262   0.6261   0.6260   0.6257   0.6251   0.6234   0.6194   0.6095
  0.5866   0.5407   0.4738   0.4087   0.2846   0.0003  -0.4252  -0.9088  -1.4026
 -1.8972  -2.3962  -2.9030  -3.4119  -3.9230  -4.4787  -5.2567  -5.7917  -6.3402
 -6.9139  -7.5280  -8.2072  -8.9904  -9.9385 -11.1482 -12.7729 -15.0551 -18.3797
-23.3564 -30.9513 -36.9996 -36.9996 -36.9996 -36.9996 -36.9996
  0.0000   0.5964   0.5963   0.5963   0.5961   0.5957   0.5947   0.5922   0.5861
  0.5714   0.5391   0.4806   0.4065   0.2918   0.0177  -0.4206  -0.9190  -1.4177
 -1.9102  -2.4033  -2.9052  -3.4103  -3.9199  -4.4752  -5.2517  -5.7880  -6.3377
 -6.9121  -7.5268  -8.2065  -8.9898  -9.9381 -11.1480 -12.7727 -15.0550 -18.3796
-23.3562 -30.9512 -36.9995 -36.9995 -36.9995 -36.9995 -36.9995
  0.0000   0.5610   0.5609   0.5609   0.5608   0.5606   0.5601   0.5587   0.5554
  0.5472   0.5278   0.4865   0.4131   0.2943   0.0359  -0.4153  -0.9344  -1.4414
 -1.9332  -2.4200  -2.9147  -3.4133  -3.9188  -4.4725  -5.2460  -5.7839  -6.3353
 -6.9108  -7.5265  -8.2068  -8.9906  -9.9391 -11.1492 -12.7740 -15.0563 -18.3810
-23.3577 -30.9527 -37.0010 -37.0010 -37.0010 -37.0010 -37.0010
  0.0000   0.5253   0.5253   0.5253   0.5252   0.5251   0.5248   0.5241   0.5223
  0.5177   0.5066   0.4801   0.4214   0.3032   0.0617  -0.3920  -0.9423  -1.4644
 -1.9592  -2.4420  -2.9297  -3.4200  -3.9186  -4.4679  -5.2364  -5.7748  -6.3280
 -6.9054  -7.5223  -8.2037  -8.9882  -9.9371 -11.1475 -12.7724 -15.0549 -18.3797
-23.3564 -30.9514 -36.9998 -36.9998 -36.9998 -36.9998 -36.9998
  0.0000   0.4820   0.4820   0.4819   0.4819   0.4818   0.4817   0.4812   0.4801
  0.4773   0.4703   0.4529   0.4106   0.3122   0.0954  -0.3363  -0.9312  -1.4824
 -1.9865  -2.4694  -2.9528  -3.4355  -3.9257  -4.4681  -5.2296  -5.7657  -6.3196
 -6.8989  -7.5177  -8.2003  -8.9858  -9.9355 -11.1463 -12.7715 -15.0542 -18.3791
-23.3559 -30.9509 -36.9994 -36.9994 -36.9994 -36.9994 -36.9994
  0.0000   0.4232   0.4232   0.4232   0.4232   0.4231   0.4230   0.4227   0.4220
  0.4201   0.4154   0.4037   0.3746   0.3032   0.1332  -0.2397  -0.8677  -1.4837
 -2.0074  -2.4963  -2.9794  -3.4578  -3.9407  -4.4759  -5.2306  -5.7599  -6.3119
 -6.8920  -7.5126  -8.1969  -8.9835  -9.9343 -11.1456 -12.7713 -15.0543 -18.3793
-23.3562 -30.9513 -36.9999 -36.9999 -36.9999 -36.9999 -36.9999
  0.0000   0.6664   0.6663   0.6661   0.6655   0.6642   0.6609   0.6528   0.6344
  0.5973   0.5409   0.4842   0.4187   0.2674  -0.0238  -0.4309  -0.8980  -1.3887
 -1.8906  -2.3995  -2.9095  -3.4627  -4.1133  -4.7742  -5.3182  -5.8826  -6.4819
 -7.1364  -7.8797  -8.7643  -9.8732 -11.3379 -13.3666 -16.2893 -20.6289 -27.2142
-36.9984 -36.9984 -36.9984 -36.9984 -36.9984 -36.9984 -36.9984
  0.0000   0.6517   0.6516   0.6514   0.6509   0.6497   0.6465   0.6388   0.6207
  0.5830   0.5223   0.4622   0.4093   0.2794  -0.0020  -0.4142  -0.8901  -1.3856
 -1.8884  -2.3976  -2.9091  -3.4619  -4.1123  -4.7731  -5.3176  -5.8825  -6.4819
 -7.1365  -7.8799  -8.7646  -9.8736 -11.3383 -13.3671 -16.2898 -20.6294 -27.2147
-36.9989 -36.9989 -36.9989 -36.9989 -36.9989 -36.9989 -36.9989
  0.0000   0.6440   0.6440   0.6438   0.6433   0.6422   0.6394   0.6325   0.6161
  0.5803   0.5175   0.4505   0.4030   0.2883   0.0111  -0.4105  -0.8954  -1.3933
 -1.8934  -2.3984  -2.9082  -3.4593  -4.1087  -4.7691  -5.3148  -5.8806  -6.4805
 -7.1357  -7.8794  -8.7643  -9.8734 -11.3382 -13.3670 -16.2897 -20.6293 -27.2146
-36.9989 -36.9989 -36.9989 -36.9989 -36.9989 -36.9989 -36.9989
  0.0000   0.6303   0.6303   0.6301   0.6298   0.6290   0.6269   0.6217   0.6091
  0.5805   0.5247   0.4519   0.3992   0.2954   0.0202  -0.4143  -0.9106  -1.4106
 -1.9068  -2.4047  -2.9091  -3.4568  -4.1035  -4.7627  -5.3097  -5.8771  -6.4780
 -7.1340  -7.8783  -8.7635  -9.8729 -11.3379 -13.3667 -16.2895 -20.6292 -27.2145
-36.9988 -36.9988 -36.9988 -36.9988 -36.9988 -36.9988 -36.9988
  0.0000   0.6051   0.6050   0.6049   0.6047   0.6042   0.6030   0.5998   0.5920
  0.5736   0.5340   0.4679   0.3996   0.2996   0.0295  -0.4196  -0.9308  -1.4353
 -1.9286  -2.4190  -2.9157  -3.4570  -4.0991  -4.7549  -5.3028  -5.8719  -6.4744
 -7.1314  -7.8767  -8.7626  -9.8723 -11.3375 -13.3666 -16.2894 -20.6292 -27.2145
-36.9989 -36.9989 -36.9989 -36.9989 -36.9989 -36.9989 -36.9989
  0.0000   0.5714   0.5714   0.5714   0.5712   0.5710   0.5703   0.5687   0.5646
  0.5546   0.5316   0.4845   0.4099   0.3003   0.0430  -0.4183  -0.9492  -1.4619
 -1.9555  -2.4405  -2.9295  -3.4635  -4.0987  -4.7484  -5.2948  -5.8649  -6.4693
 -7.1280  -7.8742  -8.7611  -9.8714 -11.3370 -13.3663 -16.2894 -20.6292 -27.2146
-36.9991 -36.9991 -36.9991 -36.9991 -36.9991 -36.9991 -36.9991
  0.0000   0.5315   0.5315   0.5315   0.5314   0.5313   0.5310   0.5301   0.5280
  0.5228   0.5102   0.4808   0.4188   0.3015   0.0603  -0.4020  -0.9598  -1.4864
 -1.9840  -2.4673  -2.9512  -3.4790  -4.1080  -4.7492  -5.2906  -5.8597  -6.4653
 -7.1258  -7.8736  -8.7613  -9.8726 -11.3387 -13.3683 -16.2916 -20.6316 -27.2171
-37.0017 -37.0017 -37.0017 -37.0017 -37.0017 -37.0017 -37.0017
  0.0000   0.6722   0.6721   0.6719   0.6714   0.6700   0.6667   0.6587   0.6408
  0.6058   0.5538   0.4977   0.4224   0.2595  -0.0352  -0.4393  -0.9034  -1.3968
 -1.9014  -2.4105  -3.0265  -3.7480  -4.2912  -4.8511  -5.4390  -6.0736  -6.7837
 -7.6145  -8.6374  -9.9652 -11.7766 -14.3546 -18.1480 -23.8674 -32.6395 -36.9981
-36.9981 -36.9981 -36.9981 -36.9981 -36.9981 -36.9981 -36.9981
  0.0000   0.6443   0.6442   0.6440   0.6435   0.6422   0.6390   0.6312   0.6136
  0.5780   0.5235   0.4685   0.4106   0.2760  -0.0011  -0.4055  -0.8793  -1.3818
 -1.8941  -2.4071  -3.0270  -3.7494  -4.2925  -4.8520  -5.4395  -6.0740  -6.7839
 -7.6146  -8.6374  -9.9651 -11.7765 -14.3546 -18.1479 -23.8673 -32.6394 -36.9980
-36.9980 -36.9980 -36.9980 -36.9980 -36.9980 -36.9980 -36.9980
  0.0000   0.6430   0.6429   0.6426   0.6421   0.6406   0.6371   0.6285   0.6088
  0.5687   0.5069   0.4489   0.4023   0.2849   0.0153  -0.3940  -0.8748  -1.3805
 -1.8925  -2.4047  -3.0253  -3.7465  -4.2900  -4.8502  -5.4383  -6.0731  -6.7834
 -7.6142  -8.6372  -9.9650 -11.7764 -14.3545 -18.1478 -23.8673 -32.6394 -36.9980
-36.9980 -36.9980 -36.9980 -36.9980 -36.9980 -36.9980 -36.9980
  0.0000   0.6520   0.6519   0.6516   0.6510   0.6495   0.6457   0.6364   0.6148
  0.5702   0.5002   0.4374   0.3984   0.2921   0.0231  -0.3955  -0.8836  -1.3895
 -1.8974  -2.4046  -3.0228  -3.7407  -4.2845  -4.8458  -5.4352  -6.0708  -6.7818
 -7.6131  -8.6363  -9.9644 -11.7759 -14.3541 -18.1475 -23.8669 -32.6390 -36.9977
-36.9977 -36.9977 -36.9977 -36.9977 -36.9977 -36.9977 -36.9977
  0.0000   0.6559   0.6558   0.6556   0.6550   0.6536   0.6500   0.6414   0.6209
  0.5770   0.5033   0.4329   0.3965   0.2982   0.0268  -0.4046  -0.9020  -1.4082
 -1.9107  -2.4100  -3.0230  -3.7353  -4.2776  -4.8397  -5.4307  -6.0678  -6.7796
 -7.6119  -8.6356  -9.9640 -11.7757 -14.3540 -18.1475 -23.8670 -32.6392 -36.9979
-36.9979 -36.9979 -36.9979 -36.9979 -36.9979 -36.9979 -36.9979
  0.0000   0.6441   0.6440   0.6438   0.6434   0.6424   0.6398   0.6333   0.6179
  0.5830   0.5172   0.4395   0.3955   0.3029   0.0303  -0.4148  -0.9239  -1.4325
 -1.9309  -2.4220  -3.0289  -3.7340  -4.2713  -4.8325  -5.4246  -6.0634  -6.7768
 -7.6099  -8.6345  -9.9634 -11.7755 -14.3540 -18.1476 -23.8672 -32.6394 -36.9982
-36.9982 -36.9982 -36.9982 -36.9982 -36.9982 -36.9982 -36.9982
  0.0000   0.6168   0.6167   0.6166   0.6164   0.6158   0.6142   0.6104   0.6011
  0.5792   0.5332   0.4610   0.3977   0.3060   0.0377  -0.4194  -0.9417  -1.4553
 -1.9526  -2.4376  -3.0400  -3.7387  -4.2674  -4.8248  -5.4166  -6.0567  -6.7717
 -7.6061  -8.6314  -9.9611 -11.7737 -14.3525 -18.1463 -23.8660 -32.6383 -36.9972
-36.9972 -36.9972 -36.9972 -36.9972 -36.9972 -36.9972 -36.9972
  0.0000   0.7140   0.7139   0.7136   0.7130   0.7114   0.7076   0.6985   0.6787
  0.6413   0.5881   0.5268   0.4326   0.2434  -0.0686  -0.4779  -0.9395  -1.4273
 -1.9639  -2.7119  -3.2521  -3.8066  -4.3876  -5.0086  -5.6930  -6.4797  -7.4303
 -8.6418 -10.2675 -12.5504 -15.8754 -20.8523 -28.4473 -36.9960 -36.9960 -36.9960
-36.9960 -36.9960 -36.9960 -36.9960 -36.9960 -36.9960 -36.9960
  0.0000   0.6416   0.6415   0.6413   0.6409   0.6398   0.6370   0.6305   0.6154
  0.5850   0.5371   0.4830   0.4173   0.2742  -0.0050  -0.4090  -0.8839  -1.3902
 -1.9447  -2.7083  -3.2580  -3.8153  -4.3957  -5.0147  -5.6971  -6.4826  -7.4321
 -8.6428 -10.2680 -12.5506 -15.8754 -20.8522 -28.4472 -36.9957 -36.9957 -36.9957
-36.9957 -36.9957 -36.9957 -36.9957 -36.9957 -36.9957 -36.9957
  0.0000   0.6243   0.6242   0.6240   0.6235   0.6224   0.6195   0.6127   0.5968
  0.5643   0.5126   0.4579   0.4050   0.2850   0.0211  -0.3828  -0.8656  -1.3794
 -1.9387  -2.7076  -3.2581  -3.8156  -4.3959  -5.0148  -5.6972  -6.4826  -7.4321
 -8.6427 -10.2679 -12.5505 -15.8753 -20.8521 -28.4471 -36.9956 -36.9956 -36.9956
-36.9956 -36.9956 -36.9956 -36.9956 -36.9956 -36.9956 -36.9956
  0.0000   0.6323   0.6322   0.6320   0.6314   0.6300   0.6266   0.6182   0.5990
  0.5602   0.5001   0.4424   0.3985   0.2914   0.0321  -0.3769  -0.8649  -1.3797
 -1.9368  -2.7052  -3.2541  -3.8116  -4.3927  -5.0124  -5.6955  -6.4813  -7.4312
 -8.6420 -10.2674 -12.5501 -15.8749 -20.8517 -28.4467 -36.9953 -36.9953 -36.9953
-36.9953 -36.9953 -36.9953 -36.9953 -36.9953 -36.9953 -36.9953
  0.0000   0.6502   0.6501   0.6498   0.6491   0.6474   0.6432   0.6331   0.6098
  0.5633   0.4937   0.4325   0.3960   0.2968   0.0357  -0.3825  -0.8763  -1.3896
 -1.9556  -2.7056  -3.2495  -3.8056  -4.3874  -5.0084  -5.6928  -6.4793  -7.4300
 -8.6412 -10.2669 -12.5497 -15.8747 -20.8516 -28.4466 -36.9953 -36.9953 -36.9953
-36.9953 -36.9953 -36.9953 -36.9953 -36.9953 -36.9953 -36.9953
  0.0000   0.6648   0.6646   0.6643   0.6636   0.6618   0.6572   0.6463   0.6209
  0.5697   0.4926   0.4277   0.3954   0.3017   0.0369  -0.3931  -0.8947  -1.4068
 -1.9673  -2.7129  -3.2480  -3.7999  -4.3810  -5.0032  -5.6891  -6.4770  -7.4282
 -8.6403 -10.2664 -12.5495 -15.8747 -20.8517 -28.4468 -36.9956 -36.9956 -36.9956
-36.9956 -36.9956 -36.9956 -36.9956 -36.9956 -36.9956 -36.9956
  0.0000   0.6647   0.6646   0.6643   0.6637   0.6621   0.6582   0.6485   0.6259
  0.5780   0.5001   0.4291   0.3956   0.3057   0.0386  -0.4028  -0.9132  -1.4264
 -1.9835  -2.7282  -3.2519  -3.7966  -4.3749  -4.9971  -5.6842  -6.4735  -7.4259
 -8.6388 -10.2654 -12.5489 -15.8743 -20.8514 -28.4466 -36.9956 -36.9956 -36.9956
-36.9956 -36.9956 -36.9956 -36.9956 -36.9956 -36.9956 -36.9956
 -1.0000   0.6747   0.6746   0.6744   0.6739   0.6727   0.6699   0.6631   0.6478
  0.6175   0.5702   0.5141   0.4353   0.2706  -0.0263  -0.4354  -0.9352  -1.5714
 -2.2207  -2.7678  -3.3403  -3.9483  -4.6108  -5.3602  -6.2489  -7.3608  -8.8274
-10.8574 -13.7808 -18.1209 -24.7065 -34.8513 -36.9912 -36.9912 -36.9912 -36.9912
-36.9912 -36.9912 -36.9912 -36.9912 -36.9912 -36.9912 -36.9912
  0.0000   0.6746   0.6745   0.6743   0.6738   0.6727   0.6699   0.6631   0.6477
  0.6175   0.5703   0.5141   0.4353   0.2706  -0.0263  -0.4354  -0.9352  -1.5714
 -2.2207  -2.7678  -3.3403  -3.9483  -4.6108  -5.3602  -6.2489  -7.3608  -8.8274
-10.8574 -13.7808 -18.1209 -24.7065 -34.8513 -36.9912 -36.9912 -36.9912 -36.9912
-36.9912 -36.9912 -36.9912 -36.9912 -36.9912 -36.9912 -36.9912
  0.0000   0.6203   0.6203   0.6201   0.6197   0.6188   0.6166   0.6112   0.5988
  0.5728   0.5292   0.4770   0.4174   0.2901   0.0235  -0.3804  -0.8910  -1.5435
 -2.2126  -2.7700  -3.3465  -3.9548  -4.6161  -5.3639  -6.2516  -7.3625  -8.8285
-10.8580 -13.7812 -18.1211 -24.7066 -34.8513 -36.9911 -36.9911 -36.9911 -36.9911
-36.9911 -36.9911 -36.9911 -36.9911 -36.9911 -36.9911 -36.9911
  0.0000   0.6090   0.6089   0.6087   0.6083   0.6073   0.6049   0.5989   0.5850
  0.5562   0.5081   0.4539   0.4032   0.2933   0.0390  -0.3647  -0.8819  -1.5413
 -2.2143  -2.7719  -3.3486  -3.9572  -4.6187  -5.3667  -6.2545  -7.3656  -8.8316
-10.8611 -13.7843 -18.1243 -24.7098 -34.8545 -36.9943 -36.9943 -36.9943 -36.9943
-36.9943 -36.9943 -36.9943 -36.9943 -36.9943 -36.9943 -36.9943
  0.0000   0.6237   0.6236   0.6234   0.6229   0.6217   0.6186   0.6112   0.5941
  0.5592   0.5031   0.4455   0.4013   0.3008   0.0489  -0.3595  -0.8816  -1.5431
 -2.2119  -2.7655  -3.3409  -3.9498  -4.6122  -5.3612  -6.2495  -7.3612  -8.8276
-10.8573 -13.7807 -18.1207 -24.7063 -34.8510 -36.9909 -36.9909 -36.9909 -36.9909
-36.9909 -36.9909 -36.9909 -36.9909 -36.9909 -36.9909 -36.9909
  0.0000   0.6408   0.6407   0.6405   0.6399   0.6384   0.6346   0.6255   0.6048
  0.5631   0.4991   0.4388   0.3996   0.3047   0.0508  -0.3656  -0.8940  -1.5569
 -2.2186  -2.7643  -3.3360  -3.9444  -4.6077  -5.3579  -6.2474  -7.3596  -8.8266
-10.8568 -13.7804 -18.1206 -24.7062 -34.8510 -36.9910 -36.9910 -36.9910 -36.9910
-36.9910 -36.9910 -36.9910 -36.9910 -36.9910 -36.9910 -36.9910
  0.0000   0.6534   0.6533   0.6530   0.6523   0.6507   0.6465   0.6365   0.6136
  0.5679   0.4991   0.4365   0.3994   0.3080   0.0518  -0.3732  -0.9093  -1.5756
 -2.2313  -2.7672  -3.3329  -3.9391  -4.6026  -5.3539  -6.2446  -7.3577  -8.8254
-10.8559 -13.7798 -18.1202 -24.7060 -34.8509 -36.9910 -36.9910 -36.9910 -36.9910
-36.9910 -36.9910 -36.9910 -36.9910 -36.9910 -36.9910 -36.9910
 -1.0000   0.8040   0.8038   0.8034   0.8024   0.8000   0.7942   0.7812   0.7546
  0.7102   0.6534   0.5850   0.4669   0.2454  -0.1061  -0.6496  -1.3377  -1.8692
 -2.3857  -2.9406  -3.5531  -4.2507  -5.0766  -6.1001  -7.4318  -9.2482 -11.8311
-15.6282 -21.3504 -30.1244 -36.9864 -36.9864 -36.9864 -36.9864 -36.9864 -36.9864
-36.9864 -36.9864 -36.9864 -36.9864 -36.9864 -36.9864 -36.9864
  0.0000   0.8039   0.8037   0.8033   0.8023   0.7999   0.7942   0.7812   0.7546
  0.7102   0.6534   0.5850   0.4669   0.2454  -0.1061  -0.6496  -1.3377  -1.8692
 -2.3857  -2.9406  -3.5531  -4.2507  -5.0766  -6.1001  -7.4318  -9.2482 -11.8311
-15.6282 -21.3504 -30.1244 -36.9864 -36.9864 -36.9864 -36.9864 -36.9864 -36.9864
-36.9864 -36.9864 -36.9864 -36.9864 -36.9864 -36.9864 -36.9864
  0.0000   0.6566   0.6565   0.6564   0.6560   0.6550   0.6529   0.6477   0.6360
  0.6112   0.5699   0.5174   0.4480   0.3044   0.0156  -0.4766  -1.1307  -1.7106
 -2.2867  -2.8838  -3.5287  -4.2479  -5.0857  -6.1134  -7.4444  -9.2580 -11.8375
-15.6316 -21.3516 -30.1240 -36.9833 -36.9833 -36.9833 -36.9833 -36.9833 -36.9833
-36.9833 -36.9833 -36.9833 -36.9833 -36.9833 -36.9833 -36.9833
  0.0000   0.6195   0.6194   0.6193   0.6189   0.6181   0.6162   0.6117   0.6014
  0.5793   0.5398   0.4891   0.4326   0.3180   0.0551  -0.4296  -1.0962  -1.6971
 -2.2843  -2.8862  -3.5323  -4.2511  -5.0879  -6.1146  -7.4451  -9.2582 -11.8373
-15.6313 -21.3511 -30.1234 -36.9826 -36.9826 -36.9826 -36.9826 -36.9826 -36.9826
-36.9826 -36.9826 -36.9826 -36.9826 -36.9826 -36.9826 -36.9826
  0.0000   0.6164   0.6163   0.6162   0.6158   0.6149   0.6128   0.6078   0.5963
  0.5717   0.5285   0.4754   0.4245   0.3232   0.0700  -0.4177  -1.0950  -1.6965
 -2.2827  -2.8840  -3.5303  -4.2494  -5.0866  -6.1137  -7.4444  -9.2576 -11.8368
-15.6309 -21.3507 -30.1231 -36.9823 -36.9823 -36.9823 -36.9823 -36.9823 -36.9823
-36.9823 -36.9823 -36.9823 -36.9823 -36.9823 -36.9823 -36.9823
  0.0000   0.6243   0.6242   0.6241   0.6236   0.6226   0.6202   0.6144   0.6011
  0.5728   0.5245   0.4683   0.4206   0.3264   0.0758  -0.4204  -1.1089  -1.7025
 -2.2825  -2.8808  -3.5264  -4.2461  -5.0842  -6.1121  -7.4432  -9.2570 -11.8365
-15.6307 -21.3506 -30.1231 -36.9824 -36.9824 -36.9824 -36.9824 -36.9824 -36.9824
-36.9824 -36.9824 -36.9824 -36.9824 -36.9824 -36.9824 -36.9824
  0.0000   0.6322   0.6322   0.6320   0.6316   0.6305   0.6280   0.6217   0.6071
  0.5765   0.5247   0.4662   0.4193   0.3291   0.0792  -0.4271  -1.1280  -1.7128
 -2.2846  -2.8782  -3.5221  -4.2419  -5.0808  -6.1096  -7.4414  -9.2557 -11.8355
-15.6300 -21.3501 -30.1226 -36.9821 -36.9821 -36.9821 -36.9821 -36.9821 -36.9821
-36.9821 -36.9821 -36.9821 -36.9821 -36.9821 -36.9821 -36.9821
 -2.0000   0.7874   0.7872   0.7869   0.7862   0.7847   0.7811   0.7729   0.7554
  0.7225   0.6744   0.6177   0.5230   0.2721  -0.2431  -0.8153  -1.3414  -1.8863
 -2.4764  -3.1433  -3.9240  -4.8763  -6.0933  -7.7255 -10.0141 -13.3435 -18.3235
-25.9207 -36.9730 -36.9730 -36.9730 -36.9730 -36.9730 -36.9730 -36.9730 -36.9730
-36.9730 -36.9730 -36.9730 -36.9730 -36.9730 -36.9730 -36.9730
 -1.0000   0.7874   0.7872   0.7869   0.7862   0.7847   0.7811   0.7729   0.7554
  0.7225   0.6744   0.6177   0.5230   0.2721  -0.2431  -0.8153  -1.3414  -1.8863
 -2.4764  -3.1433  -3.9240  -4.8763  -6.0933  -7.7255 -10.0141 -13.3435 -18.3235
-25.9207 -36.9730 -36.9730 -36.9730 -36.9730 -36.9730 -36.9730 -36.9730 -36.9730
-36.9730 -36.9730 -36.9730 -36.9730 -36.9730 -36.9730 -36.9730
  0.0000   0.7874   0.7872   0.7869   0.7862   0.7847   0.7811   0.7729   0.7554
  0.7225   0.6744   0.6177   0.5230   0.2721  -0.2431  -0.8153  -1.3414  -1.8863
 -2.4764  -3.1433  -3.9240  -4.8763  -6.0933  -7.7255 -10.0141 -13.3435 -18.3235
-25.9207 -36.9730 -36.9730 -36.9730 -36.9730 -36.9730 -36.9730 -36.9730 -36.9730
-36.9730 -36.9730 -36.9730 -36.9730 -36.9730 -36.9730 -36.9730
 -1.0000   0.6562   0.6561   0.6560   0.6556   0.6548   0.6532   0.6494   0.6411
  0.6234   0.5919   0.5504   0.4966   0.3419  -0.0497  -0.6210  -1.2069  -1.8063
 -2.4389  -3.1346  -3.9308  -4.8884  -6.1045  -7.7332 -10.0184 -13.3447 -18.3224
-25.9180 -36.9675 -36.9675 -36.9675 -36.9675 -36.9675 -36.9675 -36.9675 -36.9675
-36.9675 -36.9675 -36.9675 -36.9675 -36.9675 -36.9675 -36.9675
  0.0000   0.6562   0.6561   0.6559   0.6556   0.6548   0.6532   0.6494   0.6411
  0.6234   0.5919   0.5504   0.4966   0.3419  -0.0497  -0.6210  -1.2069  -1.8063
 -2.4389  -3.1346  -3.9308  -4.8884  -6.1045  -7.7332 -10.0184 -13.3447 -18.3224
-25.9180 -36.9675 -36.9675 -36.9675 -36.9675 -36.9675 -36.9675 -36.9675 -36.9675
-36.9675 -36.9675 -36.9675 -36.9675 -36.9675 -36.9675 -36.9675
  0.0000   0.6539   0.6539   0.6537   0.6534   0.6527   0.6510   0.6473   0.6389
  0.6210   0.5888   0.5468   0.4959   0.3471  -0.0461  -0.6230  -1.2087  -1.8062
 -2.4377  -3.1330  -3.9293  -4.8871  -6.1036  -7.7325 -10.0178 -13.3442 -18.3220
-25.9177 -36.9672 -36.9672 -36.9672 -36.9672 -36.9672 -36.9672 -36.9672 -36.9672
-36.9672 -36.9672 -36.9672 -36.9672 -36.9672 -36.9672 -36.9672
  0.0000   0.6557   0.6556   0.6555   0.6552   0.6545   0.6530   0.6494   0.6413
  0.6235   0.5913   0.5481   0.4964   0.3488  -0.0508  -0.6341  -1.2159  -1.8087
 -2.4371  -3.1311  -3.9274  -4.8857  -6.1026  -7.7320 -10.0175 -13.3442 -18.3221
-25.9178 -36.9675 -36.9675 -36.9675 -36.9675 -36.9675 -36.9675 -36.9675 -36.9675
-36.9675 -36.9675 -36.9675 -36.9675 -36.9675 -36.9675 -36.9675
 -4.0000   0.7546   0.7545   0.7542   0.7537   0.7528   0.7512   0.7479   0.7414
  0.7277   0.7000   0.6442   0.5185   0.2384  -0.2119  -0.7527  -1.3490  -2.0115
 -2.7683  -3.6674  -4.7887  -6.2626  -8.2976 -11.2243 -15.5668 -22.1538 -32.2994
-36.9410 -36.9410 -36.9410 -36.9410 -36.9410 -36.9410 -36.9410 -36.9410 -36.9410
-36.9410 -36.9410 -36.9410 -36.9410 -36.9410 -36.9410 -36.9410
 -3.0000   0.7546   0.7545   0.7542   0.7537   0.7528   0.7512   0.7479   0.7414
  0.7277   0.7000   0.6442   0.5185   0.2384  -0.2119  -0.7527  -1.3490  -2.0115
 -2.7683  -3.6674  -4.7887  -6.2626  -8.2976 -11.2243 -15.5668 -22.1538 -32.2994
-36.9410 -36.9410 -36.9410 -36.9410 -36.9410 -36.9410 -36.9410 -36.9410 -36.9410
-36.9410 -36.9410 -36.9410 -36.9410 -36.9410 -36.9410 -36.9410
 -2.0000   0.7546   0.7545   0.7542   0.7537   0.7528   0.7512   0.7479   0.7414
  0.7277   0.7000   0.6442   0.5185   0.2384  -0.2119  -0.7527  -1.3490  -2.0115
 -2.7683  -3.6674  -4.7887  -6.2626  -8.2976 -11.2243 -15.5668 -22.1538 -32.2994
-36.9410 -36.9410 -36.9410 -36.9410 -36.9410 -36.9410 -36.9410 -36.9410 -36.9410
-36.9410 -36.9410 -36.9410 -36.9410 -36.9410 -36.9410 -36.9410
 -1.0000   0.7546   0.7545   0.7542   0.7537   0.7528   0.7512   0.7479   0.7414
  0.7277   0.7000   0.6442   0.5185   0.2384  -0.2119  -0.7527  -1.3490  -2.0115
 -2.7683  -3.6674  -4.7887  -6.2626  -8.2976 -11.2243 -15.5668 -22.1538 -32.2994
-36.9410 -36.9410 -36.9410 -36.9410 -36.9410 -36.9410 -36.9410 -36.9410 -36.9410
-36.9410 -36.9410 -36.9410 -36.9410 -36.9410 -36.9410 -36.9410
  0.0000   0.7505   0.7504   0.7501   0.7496   0.7487   0.7471   0.7438   0.7373
  0.7236   0.6959   0.6401   0.5144   0.2343  -0.2160  -0.7568  -1.3531  -2.0156
 -2.7724  -3.6715  -4.7928  -6.2667  -8.3017 -11.2284 -15.5709 -22.1579 -32.3035
-36.9451 -36.9451 -36.9451 -36.9451 -36.9451 -36.9451 -36.9451 -36.9451 -36.9451
-36.9451 -36.9451 -36.9451 -36.9451 -36.9451 -36.9451 -36.9451
  0.0000   0.7318   0.7317   0.7314   0.7309   0.7302   0.7288   0.7261   0.7207
  0.7093   0.6842   0.6316   0.5188   0.2621  -0.1818  -0.7322  -1.3389  -2.0086
 -2.7691  -3.6693  -4.7903  -6.2635  -8.2978 -11.2243 -15.5662 -22.1530 -32.2984
-36.9397 -36.9397 -36.9397 -36.9397 -36.9397 -36.9397 -36.9397 -36.9397 -36.9397
-36.9397 -36.9397 -36.9397 -36.9397 -36.9397 -36.9397 -36.9397
  0.0000   0.7274   0.7273   0.7271   0.7267   0.7260   0.7247   0.7223   0.7174
  0.7068   0.6822   0.6283   0.5177   0.2681  -0.1752  -0.7285  -1.3373  -2.0081
 -2.7690  -3.6692  -4.7901  -6.2632  -8.2974 -11.2238 -15.5657 -22.1524 -32.2978
-36.9391 -36.9391 -36.9391 -36.9391 -36.9391 -36.9391 -36.9391 -36.9391 -36.9391
-36.9391 -36.9391 -36.9391 -36.9391 -36.9391 -36.9391 -36.9391
nl= 2 nu= 6
  0.0000  -1.4293  -1.4293  -1.4293  -1.4293  -1.4293  -1.4293  -1.4293  -1.4293
 -1.4293  -1.4293  -1.4293  -1.4293  -1.4293  -1.4293  -1.4293  -1.4293  -1.4294
 -1.4296  -1.4300  -1.4312  -1.4340  -1.4412  -1.4592  -1.5044  -1.6181  -1.9034
 -2.6196  -4.3917  -6.1468  -6.6723  -7.1818  -7.6888  -8.1952  -8.7012  -9.2062
 -9.7105 -10.2267 -10.7492 -11.2934 -12.0598 -12.5892 -13.1352 -13.7076 -14.3222
  0.0000  -1.5833  -1.5833  -1.5833  -1.5833  -1.5833  -1.5833  -1.5833  -1.5833
 -1.5833  -1.5833  -1.5833  -1.5833  -1.5833  -1.5833  -1.5833  -1.5833  -1.5833
 -1.5834  -1.5837  -1.5842  -1.5857  -1.5892  -1.5983  -1.6209  -1.6777  -1.8206
 -2.1792  -3.0794  -5.2742  -6.6669  -7.1820  -7.6879  -8.1933  -8.6996  -9.2056
 -9.7110 -10.2281 -10.7513 -11.2960 -12.0623 -12.5921 -13.1384 -13.7110 -14.3257
  0.0000  -1.7307  -1.7307  -1.7307  -1.7307  -1.7307  -1.7307  -1.7307  -1.7307
 -1.7307  -1.7307  -1.7307  -1.7307  -1.7307  -1.7307  -1.7307  -1.7307  -1.7307
 -1.7308  -1.7309  -1.7311  -1.7319  -1.7337  -1.7382  -1.7495  -1.7779  -1.8494
 -2.0288  -2.4795  -3.6105  -6.2346  -7.1769  -7.6844  -8.1870  -8.6915  -9.1972
 -9.7035 -10.2217 -10.7458 -11.2911 -12.0572 -12.5878 -13.1345 -13.7075 -14.3224
  0.0000  -1.8806  -1.8806  -1.8806  -1.8806  -1.8806  -1.8806  -1.8806  -1.8806
 -1.8806  -1.8806  -1.8806  -1.8806  -1.8806  -1.8806  -1.8806  -1.8806  -1.8807
 -1.8807  -1.8807  -1.8809  -1.8812  -1.8821  -1.8844  -1.8901  -1.9043  -1.9400
 -2.0297  -2.2552  -2.8213  -4.2419  -7.0801  -7.6876  -8.1890  -8.6890  -9.1919
 -9.6977 -10.2163 -10.7416 -11.2877 -12.0532 -12.5850 -13.1326 -13.7060 -14.3213
  0.0000  -2.0320  -2.0320  -2.0320  -2.0320  -2.0320  -2.0320  -2.0320  -2.0320
 -2.0320  -2.0320  -2.0320  -2.0320  -2.0320  -2.0320  -2.0320  -2.0320  -2.0320
 -2.0320  -2.0320  -2.0321  -2.0323  -2.0327  -2.0339  -2.0367  -2.0438  -2.0617
 -2.1065  -2.2193  -2.5024  -3.2136  -4.9970  -7.6810  -8.1988  -8.6952  -9.1924
 -9.6943 -10.2116 -10.7372 -11.2843 -12.0487 -12.5821 -13.1310 -13.7054 -14.3212
  0.0000  -2.1848  -2.1848  -2.1848  -2.1848  -2.1848  -2.1848  -2.1848  -2.1848
 -2.1848  -2.1848  -2.1848  -2.1848  -2.1848  -2.1848  -2.1848  -2.1848  -2.1848
 -2.1848  -2.1848  -2.1849  -2.1849  -2.1852  -2.1857  -2.1871  -2.1907  -2.1996
 -2.2221  -2.2784  -2.4200  -2.7756  -3.6689  -5.9053  -8.2089  -8.7106  -9.2025
 -9.6976 -10.2101 -10.7337 -11.2808 -12.0430 -12.5788 -13.1293 -13.7050 -14.3218
  0.0000  -2.3321  -2.3321  -2.3321  -2.3321  -2.3321  -2.3321  -2.3321  -2.3321
 -2.3321  -2.3321  -2.3321  -2.3321  -2.3321  -2.3321  -2.3321  -2.3321  -2.3321
 -2.3321  -2.3321  -2.3321  -2.3322  -2.3323  -2.3325  -2.3333  -2.3350  -2.3395
 -2.3507  -2.3789  -2.4497  -2.6275  -3.0742  -4.1961  -6.9864  -8.7205  -9.2149
 -9.7038 -10.2090 -10.7272 -11.2717 -12.0298 -12.5677 -13.1205 -13.6979 -14.3159
  0.0000  -1.0960  -1.0960  -1.0960  -1.0960  -1.0960  -1.0960  -1.0960  -1.0960
 -1.0960  -1.0960  -1.0960  -1.0960  -1.0960  -1.0960  -1.0961  -1.0962  -1.0965
 -1.0974  -1.0995  -1.1047  -1.1179  -1.1511  -1.2344  -1.4436  -1.9681  -3.2682
 -5.1200  -5.6704  -6.1796  -6.6850  -7.1907  -7.6965  -8.2023  -8.7072  -9.2222
 -9.7401 -10.2858 -11.0383 -11.5767 -12.1163 -12.6786 -13.2770 -13.9327 -14.6792
  0.0000  -1.2473  -1.2473  -1.2473  -1.2473  -1.2473  -1.2473  -1.2473  -1.2473
 -1.2473  -1.2473  -1.2473  -1.2473  -1.2473  -1.2473  -1.2473  -1.2474  -1.2475
 -1.2480  -1.2490  -1.2516  -1.2582  -1.2749  -1.3166  -1.4215  -1.6847  -2.3451
 -3.9733  -5.6571  -6.1798  -6.6843  -7.1877  -7.6927  -8.1989  -8.7049  -9.2208
 -9.7395 -10.2858 -11.0382 -11.5771 -12.1171 -12.6796 -13.2781 -13.9339 -14.6805
  0.0000  -1.3995  -1.3995  -1.3995  -1.3995  -1.3995  -1.3995  -1.3995  -1.3995
 -1.3995  -1.3995  -1.3995  -1.3995  -1.3995  -1.3995  -1.3995  -1.3996  -1.3996
 -1.3999  -1.4004  -1.4017  -1.4050  -1.4133  -1.4342  -1.4867  -1.6186  -1.9496
 -2.7802  -4.7990  -6.1782  -6.6889  -7.1895  -7.6912  -8.1959  -8.7020  -9.2189
 -9.7386 -10.2857 -11.0377 -11.5775 -12.1181 -12.6810 -13.2798 -13.9357 -14.6824
  0.0000  -1.5475  -1.5475  -1.5475  -1.5475  -1.5475  -1.5475  -1.5475  -1.5475
 -1.5475  -1.5475  -1.5475  -1.5475  -1.5475  -1.5475  -1.5475  -1.5475  -1.5475
 -1.5477  -1.5479  -1.5486  -1.5502  -1.5544  -1.5649  -1.5911  -1.6571  -1.8228
 -2.2389  -3.2829  -5.7118  -6.6907  -7.1934  -7.6904  -8.1907  -8.6946  -9.2113
 -9.7319 -10.2798 -11.0311 -11.5722 -12.1139 -12.6775 -13.2767 -13.9329 -14.6798
  0.0000  -1.7000  -1.7000  -1.7000  -1.7000  -1.7000  -1.7000  -1.7000  -1.7000
 -1.7000  -1.7000  -1.7000  -1.7000  -1.7000  -1.7000  -1.7000  -1.7000  -1.7000
 -1.7001  -1.7002  -1.7005  -1.7014  -1.7034  -1.7087  -1.7218  -1.7548  -1.8377
 -2.0459  -2.5688  -3.8803  -6.5589  -7.2059  -7.7020  -8.1962  -8.6947  -9.2084
 -9.7285 -10.2769 -11.0269 -11.5698 -12.1128 -12.6776 -13.2775 -13.9342 -14.6814
  0.0000  -1.8483  -1.8483  -1.8483  -1.8483  -1.8483  -1.8483  -1.8483  -1.8483
 -1.8483  -1.8483  -1.8483  -1.8483  -1.8483  -1.8483  -1.8483  -1.8483  -1.8484
 -1.8484  -1.8484  -1.8486  -1.8490  -1.8501  -1.8527  -1.8592  -1.8757  -1.9172
 -2.0213  -2.2829  -2.9398  -4.5865  -7.1925  -7.7151  -8.2064  -8.6978  -9.2050
 -9.7215 -10.2687 -11.0159 -11.5609 -12.1060 -12.6721 -13.2733 -13.9307 -14.6784
  0.0000  -2.0017  -2.0017  -2.0017  -2.0017  -2.0017  -2.0017  -2.0017  -2.0017
 -2.0017  -2.0017  -2.0017  -2.0017  -2.0017  -2.0017  -2.0017  -2.0017  -2.0017
 -2.0017  -2.0018  -2.0018  -2.0020  -2.0026  -2.0039  -2.0072  -2.0154  -2.0361
 -2.0882  -2.2190  -2.5475  -3.3727  -5.4378  -7.7262  -8.2270  -8.7146  -9.2144
 -9.7239 -10.2667 -11.0089 -11.5547 -12.1021 -12.6703 -13.2728 -13.9315 -14.6800
  0.0000  -0.7656  -0.7656  -0.7656  -0.7656  -0.7656  -0.7656  -0.7656  -0.7656
 -0.7656  -0.7656  -0.7656  -0.7657  -0.7657  -0.7658  -0.7660  -0.7666  -0.7682
 -0.7720  -0.7816  -0.8058  -0.8664  -1.0186  -1.3998  -2.3419  -4.0291  -4.6704
 -5.1807  -5.6835  -6.1874  -6.6928  -7.1988  -7.7041  -8.2195  -8.7258  -9.2496
 -9.9108 -10.5664 -11.1007 -11.6543 -12.2388 -12.8724 -13.5839 -14.4190 -15.4501
  0.0000  -0.9165  -0.9165  -0.9165  -0.9165  -0.9165  -0.9165  -0.9165  -0.9165
 -0.9165  -0.9165  -0.9165  -0.9165  -0.9165  -0.9166  -0.9167  -0.9170  -0.9178
 -0.9197  -0.9246  -0.9367  -0.9672  -1.0439  -1.2363  -1.7184  -2.9075  -4.6283
 -5.1833  -5.6873  -6.1879  -6.6908  -7.1962  -7.7021  -8.2185  -8.7257  -9.2502
 -9.9116 -10.5673 -11.1021 -11.6561 -12.2407 -12.8745 -13.5861 -14.4213 -15.4524
  0.0000  -1.0589  -1.0589  -1.0589  -1.0589  -1.0589  -1.0589  -1.0589  -1.0589
 -1.0589  -1.0589  -1.0589  -1.0589  -1.0589  -1.0589  -1.0590  -1.0591  -1.0595
 -1.0605  -1.0629  -1.0690  -1.0843  -1.1228  -1.2194  -1.4620  -2.0701  -3.5618
 -5.1637  -5.6854  -6.1844  -6.6828  -7.1851  -7.6900  -8.2068  -8.7152  -9.2407
 -9.9020 -10.5581 -11.0937 -11.6481 -12.2332 -12.8671 -13.5788 -14.4141 -15.4453
  0.0000  -1.2185  -1.2185  -1.2185  -1.2185  -1.2185  -1.2185  -1.2185  -1.2185
 -1.2185  -1.2185  -1.2185  -1.2185  -1.2185  -1.2185  -1.2186  -1.2186  -1.2188
 -1.2193  -1.2205  -1.2236  -1.2313  -1.2505  -1.2990  -1.4206  -1.7260  -2.4916
 -4.3439  -5.6959  -6.2037  -6.6984  -7.1950  -7.6962  -8.2115  -8.7202  -9.2465
 -9.9079 -10.5642 -11.1011 -11.6564 -12.2420 -12.8763 -13.5882 -14.4237 -15.4549
  0.0000  -1.3676  -1.3676  -1.3676  -1.3676  -1.3676  -1.3676  -1.3676  -1.3676
 -1.3676  -1.3676  -1.3676  -1.3676  -1.3676  -1.3676  -1.3676  -1.3677  -1.3678
 -1.3680  -1.3686  -1.3702  -1.3740  -1.3836  -1.4079  -1.4688  -1.6218  -2.0059
 -2.9689  -5.2080  -6.2117  -6.7108  -7.2020  -7.6965  -8.2070  -8.7140  -9.2403
 -9.9011 -10.5577 -11.0961 -11.6528 -12.2393 -12.8742 -13.5866 -14.4222 -15.4536
  0.0000  -1.5168  -1.5168  -1.5168  -1.5168  -1.5168  -1.5168  -1.5168  -1.5168
 -1.5168  -1.5168  -1.5168  -1.5168  -1.5168  -1.5168  -1.5168  -1.5168  -1.5169
 -1.5170  -1.5173  -1.5181  -1.5200  -1.5248  -1.5370  -1.5674  -1.6440  -1.8362
 -2.3191  -3.5293  -6.0457  -6.7246  -7.2174  -7.7053  -8.2084  -8.7099  -9.2337
 -9.8926 -10.5484 -11.0893 -11.6476 -12.2354 -12.8713 -13.5843 -14.4204 -15.4521
  0.0000  -1.6659  -1.6659  -1.6659  -1.6659  -1.6659  -1.6659  -1.6659  -1.6659
 -1.6659  -1.6659  -1.6659  -1.6659  -1.6659  -1.6659  -1.6659  -1.6659  -1.6659
 -1.6660  -1.6662  -1.6665  -1.6675  -1.6699  -1.6760  -1.6912  -1.7295  -1.8257
 -2.0672  -2.6739  -4.1938  -6.7005  -7.2340  -7.7219  -8.2183  -8.7119  -9.2300
 -9.8841 -10.5373 -11.0800 -11.6406 -12.2302 -12.8672 -13.5813 -14.4180 -15.4501
  0.0000  -0.4435  -0.4435  -0.4435  -0.4435  -0.4435  -0.4435  -0.4435  -0.4435
 -0.4435  -0.4435  -0.4435  -0.4436  -0.4438  -0.4442  -0.4453  -0.4480  -0.4549
 -0.4721  -0.5154  -0.6238  -0.8947  -1.5596  -2.8903  -3.6706  -4.1864  -4.6868
 -5.1875  -5.6909  -6.1965  -6.7023  -7.2078  -7.7248  -8.2480  -8.7927  -9.5590
-10.0888 -10.6351 -11.2077 -11.8224 -12.5039 -13.2914 -14.2469 -15.4688 -17.1129
  0.0000  -0.5881  -0.5881  -0.5881  -0.5881  -0.5881  -0.5881  -0.5881  -0.5881
 -0.5881  -0.5881  -0.5882  -0.5882  -0.5883  -0.5885  -0.5890  -0.5904  -0.5939
 -0.6027  -0.6247  -0.6801  -0.8189  -1.1659  -2.0178  -3.5339  -4.1854  -4.6918
 -5.1893  -5.6888  -6.1922  -6.6976  -7.2038  -7.7217  -8.2458  -8.7910  -9.5571
-10.0876 -10.6342 -11.2072 -11.8220 -12.5036 -13.2912 -14.2468 -15.4687 -17.1128
  0.0000  -0.7350  -0.7350  -0.7350  -0.7350  -0.7350  -0.7350  -0.7350  -0.7350
 -0.7350  -0.7350  -0.7350  -0.7350  -0.7350  -0.7351  -0.7354  -0.7361  -0.7379
 -0.7423  -0.7535  -0.7815  -0.8517  -1.0281  -1.4694  -2.5506  -4.1343  -4.6972
 -5.1967  -5.6916  -6.1903  -6.6931  -7.1988  -7.7174  -8.2423  -8.7884  -9.5539
-10.0855 -10.6328 -11.2062 -11.8213 -12.5031 -13.2908 -14.2464 -15.4684 -17.1125
  0.0000  -0.8836  -0.8836  -0.8836  -0.8836  -0.8836  -0.8836  -0.8836  -0.8836
 -0.8836  -0.8836  -0.8836  -0.8836  -0.8836  -0.8837  -0.8838  -0.8842  -0.8851
 -0.8873  -0.8929  -0.9070  -0.9424  -1.0313  -1.2543  -1.8128  -3.1736  -4.6845
 -5.2081  -5.7020  -6.1949  -6.6921  -7.1948  -7.7125  -8.2380  -8.7849  -9.5497
-10.0825 -10.6310 -11.2051 -11.8207 -12.5028 -13.2906 -14.2464 -15.4685 -17.1126
  0.0000  -1.0355  -1.0355  -1.0355  -1.0355  -1.0355  -1.0355  -1.0355  -1.0355
 -1.0355  -1.0355  -1.0355  -1.0355  -1.0355  -1.0355  -1.0356  -1.0358  -1.0362
 -1.0373  -1.0402  -1.0472  -1.0650  -1.1096  -1.2217  -1.5030  -2.2076  -3.9008
 -5.2134  -5.7205  -6.2103  -6.7005  -7.1968  -7.7109  -8.2352  -8.7823  -9.5454
-10.0804 -10.6302 -11.2055 -11.8219 -12.5045 -13.2927 -14.2487 -15.4708 -17.1151
  0.0000  -1.1833  -1.1833  -1.1833  -1.1833  -1.1833  -1.1833  -1.1833  -1.1833
 -1.1833  -1.1833  -1.1833  -1.1833  -1.1833  -1.1833  -1.1833  -1.1834  -1.1836
 -1.1842  -1.1856  -1.1892  -1.1981  -1.2204  -1.2766  -1.4177  -1.7719  -2.6593
 -4.7141  -5.7295  -6.2275  -6.7135  -7.2019  -7.7090  -8.2289  -8.7744  -9.5341
-10.0714 -10.6234 -11.2000 -11.8177 -12.5011 -13.2898 -14.2461 -15.4685 -17.1129
  0.0000  -1.3328  -1.3328  -1.3328  -1.3328  -1.3328  -1.3328  -1.3328  -1.3328
 -1.3328  -1.3328  -1.3328  -1.3328  -1.3328  -1.3328  -1.3328  -1.3328  -1.3330
 -1.3332  -1.3339  -1.3357  -1.3402  -1.3514  -1.3795  -1.4501  -1.6276  -2.0732
 -3.1891  -5.5300  -6.2420  -6.7333  -7.2171  -7.7164  -8.2291  -8.7697  -9.5238
-10.0618 -10.6158 -11.1946 -11.8137 -12.4982 -13.2878 -14.2446 -15.4673 -17.1119
  0.0000  -0.1370  -0.1370  -0.1370  -0.1370  -0.1370  -0.1370  -0.1370  -0.1370
 -0.1370  -0.1371  -0.1372  -0.1375  -0.1382  -0.1401  -0.1447  -0.1563  -0.1854
 -0.2583  -0.4395  -0.8797  -1.8023  -2.6556  -3.1905  -3.6910  -4.1879  -4.6880
 -5.1917  -5.6976  -6.2036  -6.7198  -7.2386  -7.7850  -8.5373  -9.0763  -9.6164
-10.1789 -10.7775 -11.4333 -12.1799 -13.0706 -14.1898 -15.6711 -17.7263 -20.6911
  0.0000  -0.2717  -0.2717  -0.2717  -0.2717  -0.2717  -0.2717  -0.2718  -0.2718
 -0.2718  -0.2718  -0.2718  -0.2720  -0.2724  -0.2734  -0.2758  -0.2819  -0.2972
 -0.3358  -0.4322  -0.6725  -1.2566  -2.4085  -3.1831  -3.6990  -4.1948  -4.6900
 -5.1898  -5.6938  -6.1998  -6.7166  -7.2364  -7.7834  -8.5354  -9.0752  -9.6158
-10.1787 -10.7775 -11.4334 -12.1801 -13.0709 -14.1902 -15.6715 -17.7267 -20.6915
  0.0000  -0.4117  -0.4117  -0.4117  -0.4117  -0.4117  -0.4117  -0.4117  -0.4117
 -0.4117  -0.4117  -0.4118  -0.4118  -0.4120  -0.4125  -0.4138  -0.4169  -0.4249
 -0.4448  -0.4948  -0.6200  -0.9324  -1.6923  -3.0372  -3.7008  -4.2053  -4.6974
 -5.1914  -5.6911  -6.1950  -6.7117  -7.2321  -7.7800  -8.5314  -9.0723  -9.6138
-10.1773 -10.7764 -11.4326 -12.1795 -13.0704 -14.1897 -15.6710 -17.7262 -20.6911
  0.0000  -0.5565  -0.5565  -0.5565  -0.5565  -0.5565  -0.5565  -0.5565  -0.5565
 -0.5565  -0.5565  -0.5566  -0.5566  -0.5567  -0.5570  -0.5576  -0.5592  -0.5633
 -0.5734  -0.5989  -0.6630  -0.8236  -1.2247  -2.1985  -3.6409  -4.2157  -4.7123
 -5.2013  -5.6944  -6.1934  -6.7077  -7.2278  -7.7762  -8.5266  -9.0690  -9.6118
-10.1762 -10.7759 -11.4325 -12.1796 -13.0707 -14.1901 -15.6715 -17.7268 -20.6916
  0.0000  -0.7034  -0.7034  -0.7034  -0.7034  -0.7034  -0.7034  -0.7034  -0.7034
 -0.7034  -0.7034  -0.7034  -0.7034  -0.7035  -0.7036  -0.7039  -0.7047  -0.7068
 -0.7119  -0.7248  -0.7573  -0.8387  -1.0430  -1.5536  -2.7864  -4.1992  -4.7281
 -5.2187  -5.7055  -6.1970  -6.7057  -7.2232  -7.7708  -8.5189  -9.0632  -9.6077
-10.1735 -10.7742 -11.4314 -12.1790 -13.0703 -14.1899 -15.6714 -17.7268 -20.6916
  0.0000  -0.8534  -0.8534  -0.8534  -0.8534  -0.8534  -0.8534  -0.8534  -0.8534
 -0.8534  -0.8534  -0.8534  -0.8534  -0.8534  -0.8535  -0.8537  -0.8541  -0.8551
 -0.8577  -0.8642  -0.8805  -0.9216  -1.0246  -1.2832  -1.9297  -3.4689  -4.7308
 -5.2401  -5.7265  -6.2111  -6.7118  -7.2231  -7.7672  -8.5110  -9.0567  -9.6034
-10.1710 -10.7730 -11.4313 -12.1795 -13.0713 -14.1911 -15.6728 -17.7283 -20.6932
  0.0000  -1.0043  -1.0043  -1.0043  -1.0043  -1.0043  -1.0043  -1.0043  -1.0043
 -1.0043  -1.0043  -1.0043  -1.0043  -1.0043  -1.0044  -1.0045  -1.0047  -1.0052
 -1.0065  -1.0097  -1.0179  -1.0385  -1.0903  -1.2203  -1.5465  -2.3624  -4.2371
 -5.2501  -5.7493  -6.2326  -6.7265  -7.2297  -7.7673  -8.5044  -9.0488  -9.5970
-10.1668 -10.7707 -11.4300 -12.1794 -13.0718 -14.1921 -15.6740 -17.7297 -20.6947
  0.0000   0.1241   0.1241   0.1241   0.1241   0.1241   0.1240   0.1240   0.1240
  0.1239   0.1238   0.1233   0.1223   0.1196   0.1129   0.0960   0.0539  -0.0505
 -0.3018  -0.8467  -1.6062  -2.1861  -2.6951  -3.1915  -3.6880  -4.1887  -4.6934
 -5.1993  -5.7160  -6.2238  -6.7486  -7.4099  -8.0658  -8.6008  -9.1548  -9.7396
-10.3734 -11.0850 -11.9202 -12.9513 -14.2930 -16.1269 -18.7410 -22.5915 -28.4018
  0.0000   0.0146   0.0146   0.0146   0.0146   0.0146   0.0146   0.0146   0.0146
  0.0145   0.0144   0.0142   0.0136   0.0121   0.0082  -0.0015  -0.0257  -0.0862
 -0.2362  -0.5970  -1.3487  -2.1566  -2.7020  -3.2017  -3.6941  -4.1895  -4.6905
 -5.1950  -5.7118  -6.2202  -6.7459  -7.4072  -8.0634  -8.5991  -9.1536  -9.7387
-10.3726 -11.0844 -11.9197 -12.9509 -14.2926 -16.1265 -18.7406 -22.5911 -28.4014
  0.0000  -0.1090  -0.1090  -0.1090  -0.1090  -0.1090  -0.1090  -0.1090  -0.1090
 -0.1090  -0.1091  -0.1092  -0.1095  -0.1104  -0.1125  -0.1178  -0.1311  -0.1643
 -0.2476  -0.4543  -0.9513  -1.9250  -2.6937  -3.2144  -3.7072  -4.1971  -4.6922
 -5.1929  -5.7081  -6.2168  -6.7432  -7.4046  -8.0608  -8.5977  -9.1529  -9.7385
-10.3728 -11.0848 -11.9202 -12.9514 -14.2932 -16.1271 -18.7412 -22.5918 -28.4020
  0.0000  -0.2417  -0.2417  -0.2417  -0.2417  -0.2417  -0.2417  -0.2417  -0.2417
 -0.2417  -0.2417  -0.2418  -0.2420  -0.2424  -0.2435  -0.2463  -0.2534  -0.2711
 -0.3154  -0.4263  -0.7021  -1.3651  -2.5393  -3.2178  -3.7234  -4.2115  -4.6999
 -5.1940  -5.7051  -6.2122  -6.7386  -7.3995  -8.0561  -8.5942  -9.1507  -9.7371
-10.3719 -11.0842 -11.9198 -12.9512 -14.2930 -16.1270 -18.7412 -22.5918 -28.4020
  0.0000  -0.3815  -0.3815  -0.3815  -0.3815  -0.3815  -0.3815  -0.3815  -0.3815
 -0.3815  -0.3815  -0.3815  -0.3816  -0.3818  -0.3824  -0.3839  -0.3875  -0.3967
 -0.4197  -0.4774  -0.6220  -0.9820  -1.8458  -3.1446  -3.7356  -4.2317  -4.7166
 -5.2032  -5.7069  -6.2094  -6.7338  -7.3931  -8.0492  -8.5895  -9.1474  -9.7350
-10.3706 -11.0835 -11.9195 -12.9511 -14.2931 -16.1272 -18.7414 -22.5920 -28.4023
  0.0000  -0.5280  -0.5280  -0.5280  -0.5280  -0.5280  -0.5280  -0.5280  -0.5280
 -0.5280  -0.5280  -0.5281  -0.5281  -0.5282  -0.5285  -0.5293  -0.5311  -0.5358
 -0.5476  -0.5771  -0.6512  -0.8370  -1.3000  -2.4047  -3.7131  -4.2517  -4.7415
 -5.2236  -5.7195  -6.2141  -6.7335  -7.3888  -8.0427  -8.5850  -9.1450  -9.7342
-10.3710 -11.0848 -11.9213 -12.9533 -14.2955 -16.1297 -18.7440 -22.5947 -28.4050
  0.0000  -0.6707  -0.6707  -0.6707  -0.6707  -0.6707  -0.6707  -0.6707  -0.6707
 -0.6707  -0.6708  -0.6708  -0.6708  -0.6708  -0.6710  -0.6714  -0.6723  -0.6747
 -0.6806  -0.6956  -0.7332  -0.8275  -1.0641  -1.6542  -3.0414  -4.2422  -4.7570
 -5.2422  -5.7335  -6.2203  -6.7319  -7.3809  -8.0299  -8.5723  -9.1342  -9.7254
-10.3638 -11.0786 -11.9160 -12.9485 -14.2911 -16.1256 -18.7400 -22.5907 -28.4011
  0.0000   0.3002   0.3002   0.3002   0.3002   0.3002   0.3002   0.3002   0.3001
  0.2999   0.2995   0.2984   0.2956   0.2885   0.2710   0.2274   0.1210  -0.1233
 -0.5857  -1.1596  -1.6896  -2.1901  -2.6871  -3.1860  -3.6885  -4.1939  -4.7007
 -5.2195  -5.7442  -6.2898  -7.0558  -7.5867  -8.1337  -8.7068  -9.3218 -10.0035
-10.7911 -11.7467 -12.9686 -14.6127 -16.9260 -20.2997 -25.3543 -33.0727 -36.9999
  0.0000   0.2326   0.2326   0.2326   0.2326   0.2326   0.2326   0.2326   0.2325
  0.2324   0.2321   0.2313   0.2295   0.2247   0.2128   0.1831   0.1095  -0.0679
 -0.4591  -1.0920  -1.6871  -2.2021  -2.6982  -3.1916  -3.6890  -4.1910  -4.6966
 -5.2154  -5.7408  -6.2872  -7.0525  -7.5845  -8.1321  -8.7056  -9.3208 -10.0027
-10.7904 -11.7461 -12.9681 -14.6122 -16.9254 -20.2992 -25.3538 -33.0722 -36.9994
  0.0000   0.1444   0.1444   0.1444   0.1444   0.1444   0.1444   0.1444   0.1443
  0.1442   0.1441   0.1436   0.1424   0.1394   0.1320   0.1133   0.0667  -0.0485
 -0.3240  -0.9042  -1.6488  -2.2120  -2.7152  -3.2050  -3.6961  -4.1925  -4.6948
 -5.2126  -5.7381  -6.2852  -7.0498  -7.5828  -8.1315  -8.7056  -9.3213 -10.0034
-10.7913 -11.7471 -12.9691 -14.6133 -16.9266 -20.3004 -25.3549 -33.0734 -37.0006
  0.0000   0.0398   0.0398   0.0398   0.0398   0.0398   0.0398   0.0398   0.0397
  0.0397   0.0396   0.0393   0.0386   0.0369   0.0325   0.0216  -0.0057  -0.0741
 -0.2430  -0.6453  -1.4406  -2.1979  -2.7298  -3.2226  -3.7088  -4.1980  -4.6943
 -5.2085  -5.7329  -6.2800  -7.0433  -7.5781  -8.1278  -8.7031  -9.3195 -10.0020
-10.7902 -11.7462 -12.9683 -14.6126 -16.9259 -20.2997 -25.3543 -33.0728 -37.0000
  0.0000  -0.0804  -0.0804  -0.0804  -0.0804  -0.0804  -0.0804  -0.0804  -0.0804
 -0.0804  -0.0805  -0.0806  -0.0810  -0.0820  -0.0844  -0.0904  -0.1056  -0.1437
 -0.2388  -0.4742  -1.0331  -2.0361  -2.7315  -3.2427  -3.7292  -4.2124  -4.7008
 -5.2084  -5.7290  -6.2747  -7.0349  -7.5718  -8.1235  -8.6999  -9.3175 -10.0008
-10.7894 -11.7457 -12.9680 -14.6124 -16.9258 -20.2996 -25.3542 -33.0728 -37.0000
  0.0000  -0.2111  -0.2111  -0.2111  -0.2111  -0.2111  -0.2111  -0.2111  -0.2111
 -0.2111  -0.2111  -0.2112  -0.2114  -0.2119  -0.2132  -0.2164  -0.2245  -0.2449
 -0.2958  -0.4234  -0.7394  -1.4874  -2.6402  -3.2524  -3.7515  -4.2338  -4.7154
 -5.2149  -5.7284  -6.2699  -7.0250  -7.5629  -8.1166  -8.6951  -9.3138  -9.9982
-10.7876 -11.7443 -12.9670 -14.6115 -16.9251 -20.2990 -25.3537 -33.0722 -36.9995
  0.0000  -0.3490  -0.3490  -0.3490  -0.3490  -0.3490  -0.3490  -0.3490  -0.3490
 -0.3490  -0.3490  -0.3491  -0.3492  -0.3495  -0.3501  -0.3518  -0.3560  -0.3666
 -0.3931  -0.4598  -0.6265  -1.0405  -2.0132  -3.2121  -3.7649  -4.2561  -4.7360
 -5.2292  -5.7349  -6.2693  -7.0173  -7.5532  -8.1079  -8.6883  -9.3089  -9.9945
-10.7850 -11.7424 -12.9655 -14.6104 -16.9241 -20.2981 -25.3528 -33.0714 -36.9988
  0.0000   0.3727   0.3727   0.3727   0.3727   0.3727   0.3727   0.3727   0.3726
  0.3724   0.3718   0.3704   0.3669   0.3575   0.3322   0.2637   0.0975  -0.2214
 -0.6792  -1.1807  -1.6810  -2.1785  -2.6801  -3.1862  -3.6935  -4.2117  -4.7329
 -5.2809  -6.0327  -6.5734  -7.1147  -7.6781  -8.2771  -8.9332  -9.6800 -10.5709
-11.6902 -13.1715 -15.2268 -18.1916 -22.5981 -29.2893 -36.9999 -36.9999 -36.9999
  0.0000   0.3462   0.3462   0.3462   0.3462   0.3462   0.3462   0.3462   0.3461
  0.3459   0.3453   0.3439   0.3404   0.3316   0.3093   0.2528   0.1146  -0.1812
 -0.6548  -1.1833  -1.6925  -2.1889  -2.6860  -3.1870  -3.6913  -4.2085  -4.7298
 -5.2783  -6.0296  -6.5710  -7.1132  -7.6771  -8.2765  -8.9328  -9.6798 -10.5708
-11.6901 -13.1715 -15.2267 -18.1916 -22.5980 -29.2893 -36.9999 -36.9999 -36.9999
  0.0000   0.3066   0.3066   0.3066   0.3066   0.3065   0.3065   0.3065   0.3064
  0.3063   0.3058   0.3047   0.3018   0.2947   0.2768   0.2323   0.1233  -0.1273
 -0.5982  -1.1757  -1.7060  -2.2049  -2.6976  -3.1918  -3.6910  -4.2053  -4.7257
 -5.2744  -6.0246  -6.5675  -7.1105  -7.6753  -8.2753  -8.9320  -9.6792 -10.5703
-11.6897 -13.1712 -15.2265 -18.1913 -22.5978 -29.2891 -36.9997 -36.9997 -36.9997
  0.0000   0.2476   0.2476   0.2476   0.2476   0.2476   0.2476   0.2476   0.2476
  0.2474   0.2471   0.2463   0.2443   0.2392   0.2264   0.1945   0.1155  -0.0741
 -0.4867  -1.1269  -1.7135  -2.2246  -2.7158  -3.2036  -3.6957  -4.2045  -4.7220
 -5.2697  -6.0177  -6.5622  -7.1069  -7.6727  -8.2736  -8.9309  -9.6785 -10.5699
-11.6895 -13.1710 -15.2264 -18.1913 -22.5978 -29.2891 -36.9997 -36.9997 -36.9997
  0.0000   0.1669   0.1669   0.1669   0.1669   0.1669   0.1669   0.1669   0.1669
  0.1668   0.1666   0.1660   0.1647   0.1614   0.1532   0.1325   0.0808  -0.0465
 -0.3485  -0.9635  -1.6903  -2.2412  -2.7389  -3.2234  -3.7081  -4.2092  -4.7209
 -5.2653  -6.0093  -6.5548  -7.1015  -7.6690  -8.2710  -8.9293  -9.6775 -10.5693
-11.6891 -13.1708 -15.2263 -18.1913 -22.5978 -29.2891 -36.9998 -36.9998 -36.9998
  0.0000   0.0656   0.0656   0.0656   0.0656   0.0656   0.0656   0.0656   0.0656
  0.0655   0.0654   0.0651   0.0643   0.0624   0.0574   0.0451   0.0142  -0.0629
 -0.2528  -0.6996  -1.5277  -2.2369  -2.7594  -3.2478  -3.7284  -4.2221  -4.7256
 -5.2638  -6.0015  -6.5460  -7.0940  -7.6636  -8.2674  -8.9267  -9.6759 -10.5683
-11.6885 -13.1705 -15.2261 -18.1912 -22.5978 -29.2892 -36.9999 -36.9999 -36.9999
  0.0000  -0.0513  -0.0513  -0.0513  -0.0513  -0.0513  -0.0513  -0.0513  -0.0513
 -0.0513  -0.0514  -0.0515  -0.0520  -0.0531  -0.0558  -0.0627  -0.0801  -0.1235
 -0.2319  -0.4991  -1.1228  -2.1248  -2.7624  -3.2680  -3.7510  -4.2408  -4.7370
 -5.2675  -5.9978  -6.5371  -7.0844  -7.6554  -8.2611  -8.9222  -9.6724 -10.5657
-11.6865 -13.1688 -15.2247 -18.1899 -22.5966 -29.2881 -36.9989 -36.9989 -36.9989
  0.0000   0.3749   0.3749   0.3749   0.3749   0.3749   0.3749   0.3750   0.3751
  0.3755   0.3764   0.3783   0.3814   0.3806   0.3544   0.2643   0.0783  -0.2432
 -0.6811  -1.1679  -1.6674  -2.1727  -2.6800  -3.2005  -3.7123  -4.2403  -4.9024
 -5.5592  -6.0964  -6.6520  -7.2377  -7.8720  -8.5841  -9.4195 -10.4508 -11.7925
-13.6265 -16.2406 -20.0912 -25.9014 -34.8175 -36.9994 -36.9994 -36.9994 -36.9994
  0.0000   0.3671   0.3671   0.3671   0.3671   0.3671   0.3671   0.3671   0.3672
  0.3672   0.3674   0.3676   0.3675   0.3641   0.3428   0.2663   0.0909  -0.2271
 -0.6765  -1.1729  -1.6740  -2.1755  -2.6806  -3.1988  -3.7095  -4.2376  -4.8995
 -5.5564  -6.0943  -6.6506  -7.2367  -7.8713  -8.5836  -9.4191 -10.4505 -11.7923
-13.6263 -16.2404 -20.0909 -25.9012 -34.8173 -36.9992 -36.9992 -36.9992 -36.9992
  0.0000   0.3605   0.3605   0.3605   0.3605   0.3605   0.3605   0.3605   0.3604
  0.3603   0.3599   0.3590   0.3565   0.3496   0.3284   0.2645   0.1040  -0.2092
 -0.6741  -1.1850  -1.6886  -2.1854  -2.6858  -3.1989  -3.7072  -4.2346  -4.8957
 -5.5526  -6.0918  -6.6488  -7.2358  -7.8709  -8.5834  -9.4192 -10.4506 -11.7925
-13.6266 -16.2407 -20.0913 -25.9015 -34.8177 -36.9996 -36.9996 -36.9996 -36.9996
  0.0000   0.3464   0.3464   0.3464   0.3464   0.3464   0.3464   0.3463   0.3462
  0.3460   0.3455   0.3443   0.3410   0.3328   0.3116   0.2565   0.1180  -0.1800
 -0.6612  -1.1974  -1.7086  -2.2021  -2.6964  -3.2026  -3.7059  -4.2308  -4.8900
 -5.5463  -6.0871  -6.6456  -7.2335  -7.8694  -8.5824  -9.4185 -10.4502 -11.7922
-13.6263 -16.2405 -20.0911 -25.9014 -34.8175 -36.9995 -36.9995 -36.9995 -36.9995
  0.0000   0.3163   0.3163   0.3163   0.3163   0.3163   0.3163   0.3163   0.3162
  0.3160   0.3156   0.3144   0.3115   0.3042   0.2858   0.2399   0.1267  -0.1338
 -0.6172  -1.1994  -1.7297  -2.2269  -2.7145  -3.2131  -3.7089  -4.2286  -4.8840
 -5.5379  -6.0802  -6.6406  -7.2299  -7.8669  -8.5807  -9.4174 -10.4494 -11.7916
-13.6259 -16.2402 -20.0908 -25.9011 -34.8173 -36.9993 -36.9993 -36.9993 -36.9993
  0.0000   0.2640   0.2640   0.2640   0.2640   0.2640   0.2639   0.2639   0.2639
  0.2637   0.2634   0.2625   0.2603   0.2548   0.2411   0.2067   0.1218  -0.0815
 -0.5170  -1.1635  -1.7427  -2.2519  -2.7388  -3.2319  -3.7195  -4.2318  -4.8811
 -5.5299  -6.0723  -6.6342  -7.2255  -7.8640  -8.5789  -9.4163 -10.4489 -11.7914
-13.6259 -16.2403 -20.0911 -25.9015 -34.8176 -36.9997 -36.9997 -36.9997 -36.9997
  0.0000   0.1888   0.1888   0.1888   0.1888   0.1888   0.1887   0.1887   0.1887
  0.1886   0.1884   0.1878   0.1863   0.1827   0.1736   0.1507   0.0936  -0.0465
 -0.3759  -1.0202  -1.7248  -2.2676  -2.7618  -3.2542  -3.7361  -4.2407  -4.8835
 -5.5246  -6.0636  -6.6256  -7.2185  -7.8588  -8.5751  -9.4135 -10.4468 -11.7899
-13.6247 -16.2393 -20.0902 -25.9006 -34.8169 -36.9990 -36.9990 -36.9990 -36.9990
  0.0000   0.3665   0.3665   0.3665   0.3665   0.3665   0.3666   0.3669   0.3674
  0.3688   0.3719   0.3784   0.3881   0.3900   0.3559   0.2599   0.0730  -0.2443
 -0.6737  -1.1583  -1.6621  -2.1738  -2.6963  -3.2267  -3.7770  -4.5427  -5.0778
 -5.6274  -6.2027  -6.8189  -7.5013  -8.2894  -9.2454 -10.4675 -12.1117 -14.4251
-17.7989 -22.8535 -30.5720 -36.9991 -36.9991 -36.9991 -36.9991 -36.9991 -36.9991
  0.0000   0.3486   0.3486   0.3486   0.3487   0.3487   0.3488   0.3490   0.3495
  0.3507   0.3536   0.3598   0.3702   0.3765   0.3496   0.2598   0.0832  -0.2292
 -0.6647  -1.1555  -1.6614  -2.1718  -2.6945  -3.2251  -3.7753  -4.5403  -5.0761
 -5.6263  -6.2019  -6.8184  -7.5010  -8.2892  -9.2452 -10.4674 -12.1117 -14.4250
-17.7988 -22.8535 -30.5720 -36.9991 -36.9991 -36.9991 -36.9991 -36.9991 -36.9991
  0.0000   0.3448   0.3448   0.3448   0.3448   0.3449   0.3449   0.3451   0.3454
  0.3462   0.3482   0.3525   0.3604   0.3669   0.3469   0.2626   0.0907  -0.2216
 -0.6666  -1.1636  -1.6686  -2.1743  -2.6947  -3.2228  -3.7723  -4.5357  -5.0726
 -5.6240  -6.2001  -6.8173  -7.5003  -8.2888  -9.2449 -10.4672 -12.1116 -14.4250
-17.7988 -22.8534 -30.5720 -36.9991 -36.9991 -36.9991 -36.9991 -36.9991 -36.9991
  0.0000   0.3507   0.3507   0.3507   0.3507   0.3507   0.3507   0.3508   0.3509
  0.3512   0.3519   0.3536   0.3565   0.3582   0.3419   0.2674   0.0983  -0.2158
 -0.6743  -1.1800  -1.6839  -2.1829  -2.6981  -3.2215  -3.7686  -4.5290  -5.0670
 -5.6199  -6.1973  -6.8153  -7.4990  -8.2879  -9.2444 -10.4668 -12.1113 -14.4247
-17.7986 -22.8533 -30.5718 -36.9990 -36.9990 -36.9990 -36.9990 -36.9990 -36.9990
  0.0000   0.3560   0.3560   0.3560   0.3560   0.3560   0.3560   0.3560   0.3560
  0.3559   0.3558   0.3554   0.3542   0.3496   0.3316   0.2688   0.1082  -0.2059
 -0.6812  -1.2011  -1.7067  -2.1997  -2.7077  -3.2240  -3.7664  -4.5217  -5.0599
 -5.6142  -6.1934  -6.8126  -7.4973  -8.2870  -9.2439 -10.4666 -12.1113 -14.4248
-17.7988 -22.8535 -30.5721 -36.9993 -36.9993 -36.9993 -36.9993 -36.9993 -36.9993
  0.0000   0.3511   0.3511   0.3511   0.3511   0.3511   0.3511   0.3511   0.3510
  0.3508   0.3504   0.3492   0.3463   0.3386   0.3184   0.2633   0.1217  -0.1823
 -0.6740  -1.2179  -1.7310  -2.2214  -2.7233  -3.2315  -3.7670  -4.5154  -5.0509
 -5.6057  -6.1865  -6.8076  -7.4935  -8.2841  -9.2417 -10.4649 -12.1099 -14.4236
-17.7977 -22.8525 -30.5711 -36.9984 -36.9984 -36.9984 -36.9984 -36.9984 -36.9984
  0.0000   0.3253   0.3253   0.3253   0.3253   0.3253   0.3253   0.3252   0.3252
  0.3250   0.3245   0.3233   0.3203   0.3129   0.2941   0.2466   0.1289  -0.1420
 -0.6369  -1.2219  -1.7528  -2.2463  -2.7457  -3.2479  -3.7760  -4.5180  -5.0465
 -5.5991  -6.1805  -6.8033  -7.4909  -8.2826  -9.2412 -10.4650 -12.1103 -14.4244
-17.7986 -22.8535 -30.5722 -36.9996 -36.9996 -36.9996 -36.9996 -36.9996 -36.9996
  0.0000   0.3781   0.3781   0.3781   0.3781   0.3782   0.3783   0.3785   0.3791
  0.3804   0.3836   0.3898   0.3980   0.3963   0.3588   0.2604   0.0696  -0.2483
 -0.6751  -1.1590  -1.6742  -2.2015  -2.7536  -3.5039  -4.0525  -4.6000  -5.1676
 -5.7694  -6.4275  -7.1755  -8.0671  -9.1869 -10.6685 -12.7239 -15.6889 -20.0954
-26.7867 -36.9974 -36.9974 -36.9974 -36.9974 -36.9974 -36.9974 -36.9974 -36.9974
  0.0000   0.3457   0.3457   0.3457   0.3457   0.3457   0.3458   0.3461   0.3468
  0.3484   0.3521   0.3599   0.3715   0.3758   0.3456   0.2573   0.0833  -0.2231
 -0.6525  -1.1446  -1.6661  -2.1966  -2.7510  -3.5040  -4.0526  -4.6001  -5.1676
 -5.7696  -6.4275  -7.1755  -8.0672  -9.1869 -10.6685 -12.7239 -15.6889 -20.0954
-26.7867 -36.9974 -36.9974 -36.9974 -36.9974 -36.9974 -36.9974 -36.9974 -36.9974
  0.0000   0.3281   0.3281   0.3282   0.3282   0.3282   0.3284   0.3287   0.3295
  0.3314   0.3359   0.3453   0.3606   0.3703   0.3439   0.2578   0.0909  -0.2122
 -0.6466  -1.1431  -1.6652  -2.1935  -2.7483  -3.4997  -4.0485  -4.5968  -5.1651
 -5.7673  -6.4258  -7.1741  -8.0659  -9.1858 -10.6675 -12.7230 -15.6879 -20.0944
-26.7858 -36.9965 -36.9965 -36.9965 -36.9965 -36.9965 -36.9965 -36.9965 -36.9965
  0.0000   0.3210   0.3210   0.3210   0.3211   0.3211   0.3212   0.3215   0.3223
  0.3242   0.3288   0.3385   0.3553   0.3690   0.3463   0.2598   0.0946  -0.2111
 -0.6542  -1.1542  -1.6737  -2.1961  -2.7483  -3.4955  -4.0438  -4.5930  -5.1625
 -5.7659  -6.4251  -7.1739  -8.0661  -9.1862 -10.6680 -12.7236 -15.6886 -20.0952
-26.7865 -36.9973 -36.9973 -36.9973 -36.9973 -36.9973 -36.9973 -36.9973 -36.9973
  0.0000   0.3282   0.3282   0.3282   0.3282   0.3282   0.3283   0.3285   0.3291
  0.3304   0.3337   0.3409   0.3543   0.3676   0.3505   0.2656   0.0992  -0.2121
 -0.6676  -1.1730  -1.6894  -2.2038  -2.7503  -3.4912  -4.0368  -4.5862  -5.1571
 -5.7621  -6.4223  -7.1721  -8.0648  -9.1853 -10.6674 -12.7231 -15.6882 -20.0949
-26.7862 -36.9971 -36.9971 -36.9971 -36.9971 -36.9971 -36.9971 -36.9971 -36.9971
  0.0000   0.3429   0.3429   0.3429   0.3429   0.3429   0.3429   0.3430   0.3433
  0.3438   0.3453   0.3485   0.3546   0.3612   0.3481   0.2719   0.1042  -0.2119
 -0.6821  -1.1965  -1.7121  -2.2191  -2.7584  -3.4926  -4.0316  -4.5791  -5.1508
 -5.7573  -6.4192  -7.1699  -8.0637  -9.1847 -10.6672 -12.7232 -15.6885 -20.0952
-26.7866 -36.9976 -36.9976 -36.9976 -36.9976 -36.9976 -36.9976 -36.9976 -36.9976
  0.0000   0.3550   0.3550   0.3550   0.3550   0.3550   0.3550   0.3550   0.3551
  0.3551   0.3552   0.3554   0.3555   0.3534   0.3381   0.2750   0.1131  -0.2035
 -0.6886  -1.2164  -1.7352  -2.2383  -2.7718  -3.5018  -4.0306  -4.5726  -5.1430
 -5.7505  -6.4140  -7.1663  -8.0608  -9.1828 -10.6658 -12.7221 -15.6876 -20.0945
-26.7860 -36.9971 -36.9971 -36.9971 -36.9971 -36.9971 -36.9971 -36.9971 -36.9971
  0.0000   0.4131   0.4131   0.4131   0.4131   0.4132   0.4132   0.4135   0.4140
  0.4152   0.4179   0.4231   0.4287   0.4218   0.3766   0.2663   0.0585  -0.2710
 -0.7029  -1.1922  -1.7109  -2.3613  -3.0142  -3.5608  -4.1254  -4.7184  -5.3579
 -6.0734  -6.9114  -7.9442  -9.2869 -11.1215 -13.7360 -17.5868 -23.3972 -32.3134
-36.9954 -36.9954 -36.9954 -36.9954 -36.9954 -36.9954 -36.9954 -36.9954 -36.9954
  0.0000   0.3607   0.3607   0.3607   0.3607   0.3608   0.3609   0.3610   0.3615
  0.3626   0.3653   0.3707   0.3784   0.3789   0.3482   0.2607   0.0851  -0.2211
 -0.6532  -1.1571  -1.6912  -2.3556  -3.0182  -3.5669  -4.1310  -4.7226  -5.3607
 -6.0755  -6.9125  -7.9448  -9.2873 -11.1216 -13.7360 -17.5867 -23.3971 -32.3133
-36.9952 -36.9952 -36.9952 -36.9952 -36.9952 -36.9952 -36.9952 -36.9952 -36.9952
  0.0000   0.3339   0.3339   0.3340   0.3340   0.3340   0.3341   0.3344   0.3350
  0.3365   0.3400   0.3474   0.3588   0.3646   0.3390   0.2579   0.0952  -0.2009
 -0.6348  -1.1451  -1.6842  -2.3519  -3.0166  -3.5655  -4.1297  -4.7215  -5.3597
 -6.0745  -6.9117  -7.9440  -9.2864 -11.1208 -13.7352 -17.5859 -23.3963 -32.3125
-36.9944 -36.9944 -36.9944 -36.9944 -36.9944 -36.9944 -36.9944 -36.9944 -36.9944
  0.0000   0.3153   0.3153   0.3153   0.3153   0.3154   0.3155   0.3159   0.3168
  0.3189   0.3239   0.3344   0.3511   0.3623   0.3380   0.2564   0.0977  -0.1974
 -0.6358  -1.1483  -1.6861  -2.3514  -3.0145  -3.5631  -4.1279  -4.7206  -5.3597
 -6.0749  -6.9125  -7.9451  -9.2877 -11.1222 -13.7367 -17.5874 -23.3978 -32.3141
-36.9960 -36.9960 -36.9960 -36.9960 -36.9960 -36.9960 -36.9960 -36.9960 -36.9960
  0.0000   0.3073   0.3073   0.3073   0.3073   0.3074   0.3076   0.3080   0.3091
  0.3118   0.3181   0.3313   0.3528   0.3690   0.3452   0.2605   0.1011  -0.1985
 -0.6453  -1.1593  -1.6926  -2.3521  -3.0101  -3.5563  -4.1214  -4.7152  -5.3557
 -6.0718  -6.9102  -7.9433  -9.2862 -11.1209 -13.7355 -17.5864 -23.3968 -32.3131
-36.9951 -36.9951 -36.9951 -36.9951 -36.9951 -36.9951 -36.9951 -36.9951 -36.9951
  0.0000   0.3089   0.3089   0.3089   0.3089   0.3090   0.3091   0.3096   0.3106
  0.3132   0.3193   0.3324   0.3547   0.3742   0.3529   0.2658   0.1040  -0.2026
 -0.6608  -1.1780  -1.7068  -2.3600  -3.0103  -3.5508  -4.1144  -4.7091  -5.3510
 -6.0686  -6.9077  -7.9418  -9.2852 -11.1203 -13.7351 -17.5861 -23.3966 -32.3129
-36.9950 -36.9950 -36.9950 -36.9950 -36.9950 -36.9950 -36.9950 -36.9950 -36.9950
  0.0000   0.3212   0.3212   0.3212   0.3212   0.3213   0.3214   0.3217   0.3224
  0.3241   0.3283   0.3375   0.3544   0.3719   0.3564   0.2714   0.1072  -0.2053
 -0.6758  -1.1990  -1.7260  -2.3754  -3.0184  -3.5499  -4.1091  -4.7030  -5.3459
 -6.0650  -6.9055  -7.9401  -9.2844 -11.1199 -13.7350 -17.5861 -23.3968 -32.3132
-36.9954 -36.9954 -36.9954 -36.9954 -36.9954 -36.9954 -36.9954 -36.9954 -36.9954
  0.0000   0.5048   0.5048   0.5049   0.5049   0.5049   0.5050   0.5053   0.5062
  0.5082   0.5125   0.5195   0.5231   0.5029   0.4292   0.2756   0.0148  -0.3634
 -0.8211  -1.3449  -2.0931  -2.5927  -3.1154  -3.6735  -4.2822  -4.9644  -5.7566
 -6.7184  -7.9462  -9.5950 -11.9117 -15.2878 -20.3439 -28.0634 -36.9924 -36.9924
-36.9924 -36.9924 -36.9924 -36.9924 -36.9924 -36.9924 -36.9924 -36.9924 -36.9924
  0.0000   0.3975   0.3975   0.3975   0.3975   0.3976   0.3976   0.3977   0.3981
  0.3989   0.4007   0.4043   0.4090   0.4051   0.3695   0.2739   0.0838  -0.2413
 -0.6862  -1.2230  -1.9312  -2.5185  -3.0810  -3.6673  -4.2924  -4.9812  -5.7735
 -6.7324  -7.9564  -9.6017 -11.9158 -15.2900 -20.3449 -28.0636 -36.9911 -36.9911
-36.9911 -36.9911 -36.9911 -36.9911 -36.9911 -36.9911 -36.9911 -36.9911 -36.9911
  0.0000   0.3557   0.3557   0.3557   0.3558   0.3558   0.3558   0.3559   0.3563
  0.3571   0.3590   0.3631   0.3695   0.3709   0.3459   0.2672   0.1031  -0.2001
 -0.6446  -1.1947  -1.9177  -2.5184  -3.0846  -3.6713  -4.2956  -4.9833  -5.7748
 -6.7330  -7.9566  -9.6017 -11.9155 -15.2896 -20.3444 -28.0631 -36.9905 -36.9905
-36.9905 -36.9905 -36.9905 -36.9905 -36.9905 -36.9905 -36.9905 -36.9905 -36.9905
  0.0000   0.3349   0.3349   0.3349   0.3349   0.3350   0.3350   0.3352   0.3357
  0.3370   0.3398   0.3461   0.3563   0.3623   0.3404   0.2649   0.1096  -0.1859
 -0.6313  -1.1862  -1.9153  -2.5159  -3.0822  -3.6692  -4.2938  -4.9819  -5.7736
 -6.7320  -7.9557  -9.6008 -11.9147 -15.2889 -20.3437 -28.0623 -36.9898 -36.9898
-36.9898 -36.9898 -36.9898 -36.9898 -36.9898 -36.9898 -36.9898 -36.9898 -36.9898
  0.0000   0.3211   0.3212   0.3212   0.3212   0.3212   0.3214   0.3217   0.3224
  0.3243   0.3288   0.3383   0.3538   0.3648   0.3431   0.2655   0.1112  -0.1852
 -0.6345  -1.1904  -1.9207  -2.5139  -3.0782  -3.6653  -4.2908  -4.9800  -5.7724
 -6.7314  -7.9554  -9.6009 -11.9149 -15.2892 -20.3441 -28.0628 -36.9903 -36.9903
-36.9903 -36.9903 -36.9903 -36.9903 -36.9903 -36.9903 -36.9903 -36.9903 -36.9903
  0.0000   0.3130   0.3130   0.3130   0.3130   0.3131   0.3132   0.3137   0.3147
  0.3172   0.3232   0.3358   0.3562   0.3718   0.3497   0.2686   0.1128  -0.1891
 -0.6459  -1.2029  -1.9342  -2.5148  -3.0740  -3.6598  -4.2860  -4.9764  -5.7701
 -6.7297  -7.9546  -9.6004 -11.9148 -15.2892 -20.3442 -28.0629 -36.9906 -36.9906
-36.9906 -36.9906 -36.9906 -36.9906 -36.9906 -36.9906 -36.9906 -36.9906 -36.9906
  0.0000   0.3115   0.3115   0.3115   0.3116   0.3116   0.3118   0.3123   0.3134
  0.3161   0.3225   0.3361   0.3586   0.3772   0.3562   0.2729   0.1152  -0.1930
 -0.6593  -1.2197  -1.9551  -2.5213  -3.0726  -3.6548  -4.2805  -4.9718  -5.7669
 -6.7276  -7.9529  -9.5995 -11.9142 -15.2889 -20.3440 -28.0629 -36.9907 -36.9907
-36.9907 -36.9907 -36.9907 -36.9907 -36.9907 -36.9907 -36.9907 -36.9907 -36.9907
 -1.0000   0.4944   0.4944   0.4944   0.4944   0.4944   0.4944   0.4945   0.4949
  0.4959   0.4983   0.5026   0.5057   0.4926   0.4343   0.2960   0.0500  -0.3264
 -0.9249  -1.5380  -2.0790  -2.6278  -3.2206  -3.8781  -4.6311  -5.5299  -6.6565
 -8.1436 -10.2030 -13.1706 -17.5790 -24.2714 -34.5847 -36.9841 -36.9841 -36.9841
-36.9841 -36.9841 -36.9841 -36.9841 -36.9841 -36.9841 -36.9841 -36.9841 -36.9841
  0.0000   0.4944   0.4944   0.4944   0.4944   0.4944   0.4944   0.4945   0.4949
  0.4959   0.4983   0.5026   0.5057   0.4926   0.4343   0.2960   0.0500  -0.3264
 -0.9249  -1.5380  -2.0790  -2.6278  -3.2206  -3.8781  -4.6311  -5.5299  -6.6565
 -8.1436 -10.2030 -13.1706 -17.5790 -24.2714 -34.5847 -36.9841 -36.9841 -36.9841
-36.9841 -36.9841 -36.9841 -36.9841 -36.9841 -36.9841 -36.9841 -36.9841 -36.9841
  0.0000   0.4114   0.4114   0.4114   0.4114   0.4114   0.4113   0.4113   0.4114
  0.4118   0.4127   0.4148   0.4175   0.4137   0.3818   0.2898   0.1054  -0.2207
 -0.7780  -1.4265  -2.0194  -2.6043  -3.2205  -3.8894  -4.6452  -5.5420  -6.6652
 -8.1491 -10.2059 -13.1717 -17.5788 -24.2705 -34.5832 -36.9817 -36.9817 -36.9817
-36.9817 -36.9817 -36.9817 -36.9817 -36.9817 -36.9817 -36.9817 -36.9817 -36.9817
  0.0000   0.3814   0.3814   0.3814   0.3814   0.3814   0.3814   0.3814   0.3816
  0.3819   0.3830   0.3856   0.3897   0.3895   0.3647   0.2842   0.1195  -0.1874
 -0.7432  -1.4105  -2.0156  -2.6052  -3.2227  -3.8914  -4.6466  -5.5428  -6.6656
 -8.1491 -10.2057 -13.1714 -17.5784 -24.2700 -34.5827 -36.9811 -36.9811 -36.9811
-36.9811 -36.9811 -36.9811 -36.9811 -36.9811 -36.9811 -36.9811 -36.9811 -36.9811
  0.0000   0.3684   0.3684   0.3684   0.3684   0.3684   0.3684   0.3685   0.3688
  0.3695   0.3714   0.3756   0.3828   0.3865   0.3634   0.2832   0.1236  -0.1771
 -0.7400  -1.4106  -2.0134  -2.6021  -3.2196  -3.8888  -4.6446  -5.5412  -6.6642
 -8.1480 -10.2047 -13.1705 -17.5776 -24.2692 -34.5819 -36.9804 -36.9804 -36.9804
-36.9804 -36.9804 -36.9804 -36.9804 -36.9804 -36.9804 -36.9804 -36.9804 -36.9804
  0.0000   0.3607   0.3607   0.3607   0.3607   0.3607   0.3608   0.3610   0.3614
  0.3625   0.3654   0.3717   0.3826   0.3901   0.3674   0.2841   0.1245  -0.1770
 -0.7537  -1.4202  -2.0152  -2.5995  -3.2158  -3.8854  -4.6421  -5.5396  -6.6632
 -8.1476 -10.2047 -13.1706 -17.5778 -24.2696 -34.5824 -36.9809 -36.9809 -36.9809
-36.9809 -36.9809 -36.9809 -36.9809 -36.9809 -36.9809 -36.9809 -36.9809 -36.9809
  0.0000   0.3576   0.3576   0.3576   0.3576   0.3576   0.3577   0.3579   0.3585
  0.3599   0.3632   0.3709   0.3843   0.3946   0.3727   0.2872   0.1260  -0.1791
 -0.7731  -1.4390  -2.0154  -2.5987  -3.2119  -3.8811  -4.6385  -5.5371  -6.6616
 -8.1464 -10.2040 -13.1703 -17.5777 -24.2695 -34.5824 -36.9811 -36.9811 -36.9811
-36.9811 -36.9811 -36.9811 -36.9811 -36.9811 -36.9811 -36.9811 -36.9811 -36.9811
 -2.0000   0.5456   0.5455   0.5455   0.5455   0.5454   0.5453   0.5451   0.5450
  0.5449   0.5449   0.5448   0.5412   0.5204   0.4561   0.3238   0.0431  -0.4724
 -1.0240  -1.5785  -2.1572  -2.7923  -3.5113  -4.3565  -5.3974  -6.7470  -8.5866
-11.2046 -15.0578 -20.8697 -29.7869 -36.9707 -36.9707 -36.9707 -36.9707 -36.9707
-36.9707 -36.9707 -36.9707 -36.9707 -36.9707 -36.9707 -36.9707 -36.9707 -36.9707
 -1.0000   0.5455   0.5455   0.5455   0.5455   0.5454   0.5453   0.5451   0.5450
  0.5449   0.5449   0.5448   0.5412   0.5204   0.4561   0.3238   0.0431  -0.4724
 -1.0240  -1.5785  -2.1572  -2.7923  -3.5113  -4.3565  -5.3974  -6.7470  -8.5866
-11.2046 -15.0578 -20.8697 -29.7869 -36.9707 -36.9707 -36.9707 -36.9707 -36.9707
-36.9707 -36.9707 -36.9707 -36.9707 -36.9707 -36.9707 -36.9707 -36.9707 -36.9707
  0.0000   0.5455   0.5455   0.5455   0.5455   0.5454   0.5453   0.5451   0.5450
  0.5449   0.5449   0.5448   0.5412   0.5204   0.4561   0.3238   0.0431  -0.4724
 -1.0240  -1.5785  -2.1572  -2.7923  -3.5113  -4.3565  -5.3974  -6.7470  -8.5866
-11.2046 -15.0578 -20.8697 -29.7869 -36.9707 -36.9707 -36.9707 -36.9707 -36.9707
-36.9707 -36.9707 -36.9707 -36.9707 -36.9707 -36.9707 -36.9707 -36.9707 -36.9707
  0.0000   0.4829   0.4829   0.4829   0.4829   0.4828   0.4827   0.4825   0.4822
  0.4817   0.4808   0.4793   0.4751   0.4611   0.4180   0.3203   0.1042  -0.3462
 -0.9269  -1.5251  -2.1360  -2.7912  -3.5193  -4.3662  -5.4052  -6.7519  -8.5892
-11.2054 -15.0572 -20.8682 -29.7848 -36.9676 -36.9676 -36.9676 -36.9676 -36.9676
-36.9676 -36.9676 -36.9676 -36.9676 -36.9676 -36.9676 -36.9676 -36.9676 -36.9676
  0.0000   0.4680   0.4680   0.4680   0.4679   0.4679   0.4678   0.4676   0.4673
  0.4667   0.4659   0.4645   0.4606   0.4484   0.4096   0.3195   0.1179  -0.3233
 -0.9137  -1.5199  -2.1350  -2.7918  -3.5202  -4.3668  -5.4055  -6.7518  -8.5890
-11.2050 -15.0567 -20.8676 -29.7842 -36.9669 -36.9669 -36.9669 -36.9669 -36.9669
-36.9669 -36.9669 -36.9669 -36.9669 -36.9669 -36.9669 -36.9669 -36.9669 -36.9669
  0.0000   0.4671   0.4671   0.4671   0.4671   0.4671   0.4670   0.4668   0.4665
  0.4661   0.4654   0.4645   0.4617   0.4502   0.4112   0.3216   0.1186  -0.3315
 -0.9207  -1.5176  -2.1347  -2.7903  -3.5187  -4.3657  -5.4048  -6.7516  -8.5890
-11.2051 -15.0570 -20.8680 -29.7846 -36.9674 -36.9674 -36.9674 -36.9674 -36.9674
-36.9674 -36.9674 -36.9674 -36.9674 -36.9674 -36.9674 -36.9674 -36.9674 -36.9674
  1.0000   0.4670   0.4670   0.4670   0.4670   0.4670   0.4669   0.4668   0.4665
  0.4661   0.4654   0.4645   0.4616   0.4501   0.4112   0.3216   0.1186  -0.3315
 -0.9206  -1.5176  -2.1347  -2.7903  -3.5187  -4.3657  -5.4048  -6.7516  -8.5890
-11.2051 -15.0570 -20.8680 -29.7846 -36.9674 -36.9674 -36.9674 -36.9674 -36.9674
-36.9674 -36.9674 -36.9674 -36.9674 -36.9674 -36.9674 -36.9674 -36.9674 -36.9674
 -3.0000   0.6363   0.6363   0.6362   0.6361   0.6359   0.6355   0.6350   0.6340
  0.6322   0.6287   0.6215   0.6059   0.5699   0.4864   0.2993  -0.0579  -0.5426
 -1.0897  -1.6966  -2.3815  -3.1792  -4.1473  -5.3808  -7.0340  -9.3537 -12.7317
-17.7892 -25.5096 -36.9398 -36.9398 -36.9398 -36.9398 -36.9398 -36.9398 -36.9398
-36.9398 -36.9398 -36.9398 -36.9398 -36.9398 -36.9398 -36.9398 -36.9398 -36.9398
 -2.0000   0.6363   0.6363   0.6362   0.6361   0.6359   0.6355   0.6350   0.6340
  0.6322   0.6287   0.6215   0.6059   0.5699   0.4864   0.2993  -0.0579  -0.5426
 -1.0897  -1.6966  -2.3815  -3.1792  -4.1473  -5.3808  -7.0340  -9.3537 -12.7317
-17.7892 -25.5096 -36.9398 -36.9398 -36.9398 -36.9398 -36.9398 -36.9398 -36.9398
-36.9398 -36.9398 -36.9398 -36.9398 -36.9398 -36.9398 -36.9398 -36.9398 -36.9398
 -1.0000   0.6363   0.6363   0.6362   0.6361   0.6359   0.6355   0.6350   0.6340
  0.6322   0.6287   0.6215   0.6059   0.5699   0.4864   0.2993  -0.0579  -0.5426
 -1.0897  -1.6966  -2.3815  -3.1792  -4.1473  -5.3808  -7.0340  -9.3537 -12.7317
-17.7892 -25.5096 -36.9398 -36.9398 -36.9398 -36.9398 -36.9398 -36.9398 -36.9398
-36.9398 -36.9398 -36.9398 -36.9398 -36.9398 -36.9398 -36.9398 -36.9398 -36.9398
  0.0000   0.6363   0.6362   0.6362   0.6361   0.6359   0.6355   0.6350   0.6340
  0.6322   0.6287   0.6215   0.6059   0.5699   0.4864   0.2993  -0.0579  -0.5426
 -1.0897  -1.6966  -2.3815  -3.1792  -4.1473  -5.3808  -7.0340  -9.3537 -12.7317
-17.7892 -25.5096 -36.9398 -36.9398 -36.9398 -36.9398 -36.9398 -36.9398 -36.9398
-36.9398 -36.9398 -36.9398 -36.9398 -36.9398 -36.9398 -36.9398 -36.9398 -36.9398
  0.0000   0.5716   0.5716   0.5716   0.5715   0.5713   0.5710   0.5704   0.5695
  0.5678   0.5648   0.5588   0.5468   0.5211   0.4622   0.3269   0.0273  -0.4568
 -1.0340  -1.6697  -2.3740  -3.1812  -4.1518  -5.3843  -7.0353  -9.3528 -12.7296
-17.7860 -25.5056 -36.9345 -36.9345 -36.9345 -36.9345 -36.9345 -36.9345 -36.9345
-36.9345 -36.9345 -36.9345 -36.9345 -36.9345 -36.9345 -36.9345 -36.9345 -36.9345
  0.0000   0.5589   0.5589   0.5588   0.5588   0.5586   0.5583   0.5578   0.5568
  0.5552   0.5523   0.5466   0.5353   0.5117   0.4577   0.3319   0.0418  -0.4441
 -1.0275  -1.6677  -2.3740  -3.1818  -4.1523  -5.3844  -7.0350  -9.3524 -12.7290
-17.7852 -25.5047 -36.9335 -36.9335 -36.9335 -36.9335 -36.9335 -36.9335 -36.9335
-36.9335 -36.9335 -36.9335 -36.9335 -36.9335 -36.9335 -36.9335 -36.9335 -36.9335
  0.0000   0.5603   0.5603   0.5602   0.5602   0.5600   0.5598   0.5592   0.5583
  0.5566   0.5538   0.5480   0.5368   0.5133   0.4595   0.3329   0.0391  -0.4490
 -1.0307  -1.6689  -2.3739  -3.1812  -4.1516  -5.3838  -7.0347  -9.3521 -12.7288
-17.7851 -25.5046 -36.9335 -36.9335 -36.9335 -36.9335 -36.9335 -36.9335 -36.9335
-36.9335 -36.9335 -36.9335 -36.9335 -36.9335 -36.9335 -36.9335 -36.9335 -36.9335
 -4.0000   0.6922   0.6921   0.6919   0.6917   0.6912   0.6906   0.6894   0.6876
  0.6845   0.6788   0.6682   0.6471   0.6028   0.5020   0.2833  -0.0993  -0.6156
 -1.2470  -1.9921  -2.8924  -4.0254  -5.5204  -7.5867 -10.5596 -14.9715 -21.6663
-31.9812 -36.8833 -36.8833 -36.8833 -36.8833 -36.8833 -36.8833 -36.8833 -36.8833
-36.8833 -36.8833 -36.8833 -36.8833 -36.8833 -36.8833 -36.8833 -36.8833 -36.8833
 -3.0000   0.6922   0.6921   0.6919   0.6917   0.6912   0.6906   0.6894   0.6876
  0.6845   0.6788   0.6682   0.6471   0.6028   0.5020   0.2833  -0.0993  -0.6156
 -1.2470  -1.9921  -2.8924  -4.0254  -5.5204  -7.5867 -10.5596 -14.9715 -21.6663
-31.9812 -36.8833 -36.8833 -36.8833 -36.8833 -36.8833 -36.8833 -36.8833 -36.8833
-36.8833 -36.8833 -36.8833 -36.8833 -36.8833 -36.8833 -36.8833 -36.8833 -36.8833
 -2.0000   0.6922   0.6921   0.6919   0.6917   0.6912   0.6906   0.6894   0.6876
  0.6845   0.6788   0.6682   0.6471   0.6028   0.5020   0.2833  -0.0993  -0.6156
 -1.2470  -1.9921  -2.8924  -4.0254  -5.5204  -7.5867 -10.5596 -14.9715 -21.6663
-31.9812 -36.8833 -36.8833 -36.8833 -36.8833 -36.8833 -36.8833 -36.8833 -36.8833
-36.8833 -36.8833 -36.8833 -36.8833 -36.8833 -36.8833 -36.8833 -36.8833 -36.8833
 -1.0000   0.6922   0.6921   0.6919   0.6917   0.6912   0.6906   0.6894   0.6876
  0.6845   0.6788   0.6682   0.6471   0.6028   0.5020   0.2833  -0.0993  -0.6156
 -1.2470  -1.9921  -2.8924  -4.0254  -5.5204  -7.5867 -10.5596 -14.9715 -21.6663
-31.9812 -36.8833 -36.8833 -36.8833 -36.8833 -36.8833 -36.8833 -36.8833 -36.8833
-36.8833 -36.8833 -36.8833 -36.8833 -36.8833 -36.8833 -36.8833 -36.8833 -36.8833
  0.0000   0.6921   0.6921   0.6919   0.6917   0.6912   0.6906   0.6894   0.6876
  0.6845   0.6788   0.6682   0.6471   0.6028   0.5020   0.2833  -0.0993  -0.6156
 -1.2470  -1.9921  -2.8924  -4.0254  -5.5204  -7.5867 -10.5596 -14.9715 -21.6663
-31.9812 -36.8833 -36.8833 -36.8833 -36.8833 -36.8833 -36.8833 -36.8833 -36.8833
-36.8833 -36.8833 -36.8833 -36.8833 -36.8833 -36.8833 -36.8833 -36.8833 -36.8833
  0.0000   0.6118   0.6117   0.6116   0.6114   0.6111   0.6104   0.6093   0.6078
  0.6052   0.6010   0.5943   0.5822   0.5584   0.4978   0.3363  -0.0128  -0.5420
 -1.2023  -1.9712  -2.8853  -4.0238  -5.5191  -7.5839 -10.5548 -14.9652 -21.6588
-31.9728 -36.8735 -36.8735 -36.8735 -36.8735 -36.8735 -36.8735 -36.8735 -36.8735
-36.8735 -36.8735 -36.8735 -36.8735 -36.8735 -36.8735 -36.8735 -36.8735 -36.8735
  0.0000   0.5800   0.5800   0.5799   0.5797   0.5793   0.5787   0.5777   0.5763
  0.5740   0.5704   0.5653   0.5570   0.5420   0.4963   0.3536   0.0139  -0.5227
 -1.1932  -1.9682  -2.8848  -4.0238  -5.5187  -7.5828 -10.5531 -14.9631 -21.6565
-31.9703 -36.8707 -36.8707 -36.8707 -36.8707 -36.8707 -36.8707 -36.8707 -36.8707
-36.8707 -36.8707 -36.8707 -36.8707 -36.8707 -36.8707 -36.8707 -36.8707 -36.8707
nl= 2 nu= 7
  0.0000  -1.4171  -1.4171  -1.4171  -1.4171  -1.4171  -1.4171  -1.4171  -1.4171
 -1.4171  -1.4171  -1.4171  -1.4171  -1.4171  -1.4171  -1.4171  -1.4172  -1.4172
 -1.4174  -1.4179  -1.4191  -1.4222  -1.4298  -1.4490  -1.4973  -1.6184  -1.9226
 -2.6855  -4.5396  -5.9617  -6.4904  -7.0038  -7.5128  -8.0198  -8.5254  -9.0315
 -9.5365 -10.0599 -10.6250 -11.3764 -11.9035 -12.4457 -13.0122 -13.6172 -14.2836
  0.0000  -1.5658  -1.5658  -1.5658  -1.5658  -1.5658  -1.5658  -1.5658  -1.5658
 -1.5658  -1.5658  -1.5658  -1.5658  -1.5658  -1.5658  -1.5658  -1.5658  -1.5659
 -1.5660  -1.5662  -1.5668  -1.5683  -1.5722  -1.5818  -1.6059  -1.6666  -1.8189
 -2.2015  -3.1608  -5.4111  -6.4742  -6.9940  -7.5041  -8.0122  -8.5191  -9.0265
 -9.5326 -10.0566 -10.6223 -11.3736 -11.9011 -12.4437 -13.0103 -13.6155 -14.2819
  0.0000  -1.7181  -1.7181  -1.7181  -1.7181  -1.7181  -1.7181  -1.7181  -1.7181
 -1.7181  -1.7181  -1.7181  -1.7181  -1.7181  -1.7181  -1.7181  -1.7181  -1.7181
 -1.7182  -1.7183  -1.7186  -1.7194  -1.7213  -1.7261  -1.7382  -1.7685  -1.8447
 -2.0362  -2.5170  -3.7225  -6.2721  -6.9876  -7.5004  -8.0079  -8.5150  -9.0235
 -9.5310 -10.0561 -10.6221 -11.3733 -11.9017 -12.4447 -13.0117 -13.6172 -14.2837
  0.0000  -1.8673  -1.8673  -1.8673  -1.8673  -1.8673  -1.8673  -1.8673  -1.8673
 -1.8673  -1.8673  -1.8673  -1.8673  -1.8673  -1.8673  -1.8673  -1.8673  -1.8673
 -1.8674  -1.8674  -1.8676  -1.8679  -1.8689  -1.8713  -1.8773  -1.8925  -1.9307
 -2.0264  -2.2670  -2.8711  -4.3850  -6.9453  -7.4962  -8.0033  -8.5085  -9.0163
 -9.5246 -10.0507 -10.6178 -11.3682 -11.8980 -12.4419 -13.0095 -13.6153 -14.2821
  0.0000  -2.0170  -2.0170  -2.0170  -2.0170  -2.0170  -2.0170  -2.0170  -2.0170
 -2.0170  -2.0170  -2.0170  -2.0170  -2.0170  -2.0170  -2.0170  -2.0170  -2.0170
 -2.0170  -2.0170  -2.0171  -2.0173  -2.0178  -2.0190  -2.0220  -2.0296  -2.0486
 -2.0965  -2.2168  -2.5190  -3.2780  -5.1771  -7.4898  -8.0044  -8.5067  -9.0111
 -9.5181 -10.0443 -10.6120 -11.3615 -11.8931 -12.4384 -13.0070 -13.6134 -14.2806
  0.0000  -2.1754  -2.1754  -2.1754  -2.1754  -2.1754  -2.1754  -2.1754  -2.1754
 -2.1754  -2.1754  -2.1754  -2.1754  -2.1754  -2.1754  -2.1754  -2.1754  -2.1754
 -2.1755  -2.1755  -2.1755  -2.1756  -2.1758  -2.1764  -2.1780  -2.1817  -2.1913
 -2.2152  -2.2754  -2.4265  -2.8061  -3.7594  -6.1340  -8.0154  -8.5206  -9.0203
 -9.5227 -10.0466 -10.6137 -11.3607 -11.8947 -12.4420 -13.0120 -13.6195 -14.2874
  0.0000  -2.3178  -2.3178  -2.3178  -2.3178  -2.3178  -2.3178  -2.3178  -2.3178
 -2.3178  -2.3178  -2.3178  -2.3178  -2.3178  -2.3178  -2.3178  -2.3178  -2.3178
 -2.3178  -2.3178  -2.3178  -2.3179  -2.3180  -2.3183  -2.3191  -2.3210  -2.3257
 -2.3377  -2.3678  -2.4433  -2.6331  -3.1099  -4.3073  -7.2324  -8.5212  -9.0210
 -9.5176 -10.0360 -10.5995 -11.3421 -11.8780 -12.4274 -12.9995 -13.6083 -14.2773
  0.0000  -1.0843  -1.0843  -1.0843  -1.0843  -1.0843  -1.0843  -1.0843  -1.0843
 -1.0843  -1.0843  -1.0843  -1.0843  -1.0843  -1.0843  -1.0844  -1.0845  -1.0849
 -1.0858  -1.0880  -1.0936  -1.1077  -1.1429  -1.2316  -1.4540  -2.0112  -3.3734
 -4.9420  -5.4848  -5.9986  -6.5074  -7.0148  -7.5210  -8.0275  -8.5332  -9.0545
 -9.5914 -10.2403 -10.8916 -11.4281 -11.9853 -12.5755 -13.2182 -13.9443 -14.8024
  0.0000  -1.2338  -1.2338  -1.2338  -1.2338  -1.2338  -1.2338  -1.2338  -1.2338
 -1.2338  -1.2338  -1.2338  -1.2338  -1.2338  -1.2338  -1.2338  -1.2339  -1.2341
 -1.2345  -1.2356  -1.2384  -1.2455  -1.2632  -1.3077  -1.4193  -1.6997  -2.4022
 -4.0983  -5.4664  -5.9918  -6.5014  -7.0087  -7.5156  -8.0232  -8.5302  -9.0523
 -9.5899 -10.2390 -10.8905 -11.4274 -11.9848 -12.5752 -13.2180 -13.9441 -14.8024
  0.0000  -1.3835  -1.3835  -1.3835  -1.3835  -1.3835  -1.3835  -1.3835  -1.3835
 -1.3835  -1.3835  -1.3835  -1.3835  -1.3835  -1.3835  -1.3835  -1.3835  -1.3836
 -1.3838  -1.3844  -1.3858  -1.3893  -1.3982  -1.4205  -1.4765  -1.6170  -1.9699
 -2.8542  -4.9191  -5.9825  -6.4977  -7.0039  -7.5097  -8.0177  -8.5256  -9.0489
 -9.5872 -10.2366 -10.8884 -11.4260 -11.9838 -12.5745 -13.2175 -13.9438 -14.8020
  0.0000  -1.5356  -1.5356  -1.5356  -1.5356  -1.5356  -1.5356  -1.5356  -1.5356
 -1.5356  -1.5356  -1.5356  -1.5356  -1.5356  -1.5356  -1.5356  -1.5357  -1.5357
 -1.5358  -1.5361  -1.5368  -1.5386  -1.5430  -1.5542  -1.5822  -1.6525  -1.8293
 -2.2731  -3.3850  -5.7549  -6.4977  -7.0055  -7.5084  -8.0143  -8.5221  -9.0461
 -9.5855 -10.2350 -10.8872 -11.4259 -11.9845 -12.5757 -13.2190 -13.9454 -14.8038
  0.0000  -1.6825  -1.6825  -1.6825  -1.6825  -1.6825  -1.6825  -1.6825  -1.6825
 -1.6825  -1.6825  -1.6825  -1.6825  -1.6825  -1.6825  -1.6825  -1.6825  -1.6826
 -1.6826  -1.6828  -1.6831  -1.6840  -1.6862  -1.6918  -1.7058  -1.7410  -1.8295
 -2.0516  -2.6094  -4.0063  -6.4452  -7.0061  -7.5076  -8.0090  -8.5138  -9.0369
 -9.5768 -10.2262 -10.8788 -11.4189 -11.9789 -12.5708 -13.2147 -13.9414 -14.8000
  0.0000  -1.8345  -1.8345  -1.8345  -1.8345  -1.8345  -1.8345  -1.8345  -1.8345
 -1.8345  -1.8345  -1.8345  -1.8345  -1.8345  -1.8345  -1.8345  -1.8345  -1.8346
 -1.8346  -1.8347  -1.8348  -1.8353  -1.8364  -1.8392  -1.8462  -1.8638  -1.9080
 -2.0191  -2.2983  -2.9992  -4.7517  -7.0014  -7.5171  -8.0148  -8.5139  -9.0330
 -9.5713 -10.2193 -10.8718 -11.4143 -11.9757 -12.5690 -13.2137 -13.9410 -14.8000
  0.0000  -1.9863  -1.9863  -1.9863  -1.9863  -1.9863  -1.9863  -1.9863  -1.9863
 -1.9863  -1.9863  -1.9863  -1.9863  -1.9863  -1.9863  -1.9863  -1.9863  -1.9863
 -1.9863  -1.9863  -1.9864  -1.9866  -1.9872  -1.9886  -1.9921  -2.0009  -2.0230
 -2.0786  -2.2182  -2.5688  -3.4494  -5.6414  -7.5255  -8.0291  -8.5234  -9.0359
 -9.5694 -10.2137 -10.8643 -11.4089 -11.9727 -12.5675 -13.2135 -13.9418 -14.8013
  0.0000  -0.7556  -0.7556  -0.7556  -0.7556  -0.7556  -0.7556  -0.7556  -0.7556
 -0.7556  -0.7556  -0.7556  -0.7556  -0.7556  -0.7557  -0.7560  -0.7566  -0.7582
 -0.7623  -0.7725  -0.7980  -0.8621  -1.0229  -1.4245  -2.4032  -3.8890  -4.4807
 -4.9957  -5.5032  -6.0101  -6.5166  -7.0237  -7.5291  -8.0349  -8.5879  -9.1819
 -9.8816 -10.4132 -10.9625 -11.5400 -12.1625 -12.8565 -13.6637 -14.6505 -15.9221
  0.0000  -0.9035  -0.9035  -0.9035  -0.9035  -0.9035  -0.9035  -0.9035  -0.9035
 -0.9035  -0.9035  -0.9035  -0.9035  -0.9036  -0.9036  -0.9037  -0.9041  -0.9049
 -0.9069  -0.9121  -0.9250  -0.9573  -1.0387  -1.2427  -1.7529  -2.9898  -4.4479
 -4.9910  -5.5002  -6.0057  -6.5118  -7.0195  -7.5261  -8.0330  -8.5864  -9.1809
 -9.8807 -10.4129 -10.9625 -11.5402 -12.1629 -12.8569 -13.6642 -14.6511 -15.9226
  0.0000  -1.0521  -1.0521  -1.0521  -1.0521  -1.0521  -1.0521  -1.0521  -1.0521
 -1.0521  -1.0521  -1.0521  -1.0521  -1.0521  -1.0521  -1.0522  -1.0523  -1.0527
 -1.0538  -1.0564  -1.0628  -1.0791  -1.1201  -1.2228  -1.4808  -2.1260  -3.6705
 -4.9767  -5.4991  -6.0037  -6.5074  -7.0141  -7.5211  -8.0291  -8.5834  -9.1783
 -9.8782 -10.4112 -10.9614 -11.5395 -12.1624 -12.8566 -13.6639 -14.6509 -15.9225
  0.0000  -1.2011  -1.2011  -1.2011  -1.2011  -1.2011  -1.2011  -1.2011  -1.2011
 -1.2011  -1.2011  -1.2011  -1.2011  -1.2011  -1.2011  -1.2011  -1.2012  -1.2014
 -1.2019  -1.2032  -1.2065  -1.2146  -1.2352  -1.2868  -1.4163  -1.7415  -2.5553
 -4.4420  -5.4951  -6.0062  -6.5068  -7.0100  -7.5155  -8.0236  -8.5786  -9.1741
 -9.8737 -10.4081 -10.9593 -11.5380 -12.1613 -12.8557 -13.6633 -14.6503 -15.9220
  0.0000  -1.3514  -1.3514  -1.3514  -1.3514  -1.3514  -1.3514  -1.3514  -1.3514
 -1.3514  -1.3514  -1.3514  -1.3514  -1.3514  -1.3514  -1.3514  -1.3515  -1.3516
 -1.3518  -1.3525  -1.3541  -1.3582  -1.3685  -1.3943  -1.4593  -1.6223  -2.0317
 -3.0561  -5.2450  -6.0110  -6.5139  -7.0122  -7.5130  -8.0189  -8.5732  -9.1689
 -9.8681 -10.4043 -10.9569 -11.5366 -12.1606 -12.8554 -13.6633 -14.6505 -15.9223
  0.0000  -1.5018  -1.5018  -1.5018  -1.5018  -1.5018  -1.5018  -1.5018  -1.5018
 -1.5018  -1.5018  -1.5018  -1.5018  -1.5018  -1.5018  -1.5019  -1.5019  -1.5019
 -1.5021  -1.5024  -1.5032  -1.5052  -1.5104  -1.5233  -1.5558  -1.6375  -1.8425
 -2.3574  -3.6452  -5.9470  -6.5244  -7.0221  -7.5167  -8.0172  -8.5681  -9.1621
 -9.8595 -10.3982 -10.9526 -11.5338 -12.1589 -12.8545 -13.6628 -14.6503 -15.9222
  0.0000  -1.6519  -1.6519  -1.6519  -1.6519  -1.6519  -1.6519  -1.6519  -1.6519
 -1.6519  -1.6519  -1.6519  -1.6519  -1.6519  -1.6519  -1.6519  -1.6519  -1.6519
 -1.6520  -1.6521  -1.6525  -1.6536  -1.6561  -1.6626  -1.6789  -1.7197  -1.8223
 -2.0801  -2.7272  -4.3434  -6.5171  -7.0356  -7.5280  -8.0216  -8.5662  -9.1558
 -9.8490 -10.3891 -10.9457 -11.5290 -12.1553 -12.8521 -13.6612 -14.6491 -15.9214
  0.0000  -0.4383  -0.4383  -0.4383  -0.4383  -0.4383  -0.4383  -0.4383  -0.4383
 -0.4383  -0.4383  -0.4384  -0.4384  -0.4386  -0.4391  -0.4402  -0.4430  -0.4502
 -0.4680  -0.5129  -0.6252  -0.9047  -1.5792  -2.7865  -3.4765  -3.9961  -4.5020
 -5.0069  -5.5130  -6.0193  -6.5266  -7.0329  -7.5569  -8.1226  -8.8738  -9.4014
 -9.9440 -10.5107 -11.1159 -11.7823 -12.5459 -13.4635 -14.6253 -16.1740 -18.3362
  0.0000  -0.5796  -0.5796  -0.5796  -0.5796  -0.5796  -0.5796  -0.5796  -0.5796
 -0.5796  -0.5796  -0.5797  -0.5797  -0.5798  -0.5800  -0.5806  -0.5821  -0.5857
 -0.5949  -0.6181  -0.6761  -0.8215  -1.1838  -2.0568  -3.3904  -3.9908  -4.5015
 -5.0045  -5.5086  -6.0144  -6.5224  -7.0297  -7.5546  -8.1208  -8.8718  -9.4002
 -9.9432 -10.5102 -11.1156 -11.7821 -12.5458 -13.4634 -14.6252 -16.1740 -18.3362
  0.0000  -0.7245  -0.7245  -0.7245  -0.7245  -0.7245  -0.7245  -0.7245  -0.7245
 -0.7245  -0.7245  -0.7245  -0.7245  -0.7246  -0.7247  -0.7250  -0.7258  -0.7276
 -0.7323  -0.7441  -0.7736  -0.8479  -1.0340  -1.4982  -2.6109  -3.9557  -4.5020
 -5.0062  -5.5069  -6.0101  -6.5174  -7.0253  -7.5512  -8.1180  -8.8685  -9.3981
 -9.9419 -10.5093 -11.1150 -11.7818 -12.5455 -13.4633 -14.6251 -16.1739 -18.3361
  0.0000  -0.8714  -0.8714  -0.8714  -0.8714  -0.8714  -0.8714  -0.8714  -0.8714
 -0.8714  -0.8714  -0.8714  -0.8715  -0.8715  -0.8715  -0.8717  -0.8721  -0.8730
 -0.8754  -0.8813  -0.8963  -0.9338  -1.0281  -1.2645  -1.8547  -3.2516  -4.4902
 -5.0115  -5.5106  -6.0091  -6.5131  -7.0200  -7.5462  -8.1137  -8.8634  -9.3944
 -9.9394 -10.5077 -11.1139 -11.7810 -12.5450 -13.4628 -14.6248 -16.1737 -18.3359
  0.0000  -1.0198  -1.0198  -1.0198  -1.0198  -1.0198  -1.0198  -1.0198  -1.0198
 -1.0198  -1.0198  -1.0198  -1.0198  -1.0198  -1.0199  -1.0200  -1.0201  -1.0206
 -1.0218  -1.0248  -1.0323  -1.0512  -1.0987  -1.2179  -1.5168  -2.2637  -3.9777
 -5.0122  -5.5204  -6.0152  -6.5133  -7.0161  -7.5407  -8.1079  -8.8558  -9.3891
 -9.9356 -10.5052 -11.1122 -11.7799 -12.5442 -13.4623 -14.6244 -16.1734 -18.3357
  0.0000  -1.1694  -1.1694  -1.1694  -1.1694  -1.1694  -1.1694  -1.1694  -1.1694
 -1.1694  -1.1694  -1.1694  -1.1694  -1.1694  -1.1694  -1.1694  -1.1695  -1.1698
 -1.1704  -1.1719  -1.1756  -1.1851  -1.2089  -1.2688  -1.4190  -1.7961  -2.7382
 -4.7455  -5.5293  -6.0288  -6.5217  -7.0178  -7.5374  -8.1021  -8.8462  -9.3814
 -9.9303 -10.5015 -11.1099 -11.7784 -12.5434 -13.4619 -14.6242 -16.1733 -18.3357
  0.0000  -1.3192  -1.3192  -1.3192  -1.3192  -1.3192  -1.3192  -1.3192  -1.3192
 -1.3192  -1.3192  -1.3192  -1.3192  -1.3192  -1.3192  -1.3192  -1.3193  -1.3194
 -1.3197  -1.3204  -1.3223  -1.3271  -1.3390  -1.3690  -1.4443  -1.6335  -2.1082
 -3.2938  -5.4462  -6.0420  -6.5370  -7.0272  -7.5396  -8.0987  -8.8366  -9.3719
 -9.9225 -10.4960 -11.1060 -11.7759 -12.5417 -13.4608 -14.6235 -16.1729 -18.3354
  0.0000  -0.1479  -0.1479  -0.1479  -0.1479  -0.1479  -0.1479  -0.1479  -0.1479
 -0.1479  -0.1479  -0.1481  -0.1484  -0.1491  -0.1509  -0.1555  -0.1669  -0.1956
 -0.2674  -0.4447  -0.8677  -1.6990  -2.4575  -2.9947  -3.5016  -4.0042  -4.5086
 -5.0146  -5.5222  -6.0294  -6.5518  -7.0894  -7.7387  -8.3903  -8.9273  -9.4848
-10.0752 -10.7181 -11.4442 -12.3024 -13.3701 -14.7696 -16.6952 -19.4547 -23.5357
  0.0000  -0.2734  -0.2734  -0.2734  -0.2734  -0.2734  -0.2734  -0.2734  -0.2734
 -0.2734  -0.2734  -0.2735  -0.2737  -0.2741  -0.2750  -0.2775  -0.2837  -0.2993
 -0.3384  -0.4361  -0.6781  -1.2546  -2.2889  -2.9845  -3.5042  -4.0056  -4.5066
 -5.0105  -5.5178  -6.0257  -6.5489  -7.0874  -7.7367  -8.3886  -8.9262  -9.4841
-10.0748 -10.7178 -11.4440 -12.3023 -13.3700 -14.7696 -16.6952 -19.4547 -23.5357
  0.0000  -0.4084  -0.4084  -0.4084  -0.4084  -0.4084  -0.4084  -0.4084  -0.4084
 -0.4084  -0.4085  -0.4085  -0.4086  -0.4088  -0.4093  -0.4106  -0.4139  -0.4221
 -0.4427  -0.4944  -0.6238  -0.9448  -1.7079  -2.8902  -3.5038  -4.0116  -4.5096
 -5.0092  -5.5142  -6.0216  -6.5455  -7.0847  -7.7343  -8.3864  -8.9250  -9.4835
-10.0746 -10.7179 -11.4443 -12.3027 -13.3705 -14.7701 -16.6958 -19.4553 -23.5362
  0.0000  -0.5480  -0.5480  -0.5480  -0.5480  -0.5480  -0.5480  -0.5480  -0.5480
 -0.5480  -0.5481  -0.5481  -0.5481  -0.5482  -0.5485  -0.5492  -0.5508  -0.5551
 -0.5657  -0.5925  -0.6595  -0.8275  -1.2451  -2.2320  -3.4629  -4.0167  -4.5168
 -5.0118  -5.5117  -6.0164  -6.5395  -7.0793  -7.7288  -8.3813  -8.9211  -9.4807
-10.0725 -10.7163 -11.4429 -12.3015 -13.3694 -14.7691 -16.6948 -19.4543 -23.5353
  0.0000  -0.6927  -0.6927  -0.6927  -0.6927  -0.6927  -0.6927  -0.6927  -0.6927
 -0.6927  -0.6927  -0.6927  -0.6927  -0.6928  -0.6929  -0.6932  -0.6941  -0.6963
 -0.7017  -0.7153  -0.7496  -0.8355  -1.0508  -1.5868  -2.8373  -4.0052  -4.5286
 -5.0229  -5.5167  -6.0155  -6.5352  -7.0739  -7.7224  -8.3749  -8.9168  -9.4778
-10.0707 -10.7151 -11.4423 -12.3012 -13.3692 -14.7690 -16.6948 -19.4544 -23.5355
  0.0000  -0.8397  -0.8397  -0.8397  -0.8397  -0.8397  -0.8397  -0.8397  -0.8397
 -0.8397  -0.8397  -0.8397  -0.8397  -0.8397  -0.8398  -0.8400  -0.8404  -0.8415
 -0.8442  -0.8511  -0.8684  -0.9120  -1.0212  -1.2950  -1.9772  -3.5217  -4.5306
 -5.0387  -5.5299  -6.0217  -6.5349  -7.0695  -7.7149  -8.3661  -8.9101  -9.4731
-10.0674 -10.7131 -11.4410 -12.3004 -13.3688 -14.7688 -16.6947 -19.4544 -23.5355
  0.0000  -0.9881  -0.9881  -0.9881  -0.9881  -0.9881  -0.9881  -0.9881  -0.9881
 -0.9881  -0.9881  -0.9881  -0.9881  -0.9881  -0.9881  -0.9882  -0.9884  -0.9890
 -0.9903  -0.9938  -1.0025  -1.0244  -1.0795  -1.2176  -1.5642  -2.4277  -4.2524
 -5.0475  -5.5476  -6.0359  -6.5418  -7.0695  -7.7092  -8.3563  -8.9013  -9.4664
-10.0628 -10.7098 -11.4389 -12.2991 -13.3679 -14.7682 -16.6944 -19.4542 -23.5353
  0.0000   0.0827   0.0827   0.0827   0.0827   0.0827   0.0827   0.0827   0.0827
  0.0826   0.0824   0.0821   0.0811   0.0788   0.0728   0.0580   0.0209  -0.0703
 -0.2872  -0.7459  -1.4052  -1.9797  -2.4946  -2.9989  -3.5020  -4.0071  -4.5150
 -5.0221  -5.5297  -6.0837  -6.6782  -7.3781  -7.9106  -8.4604  -9.0383  -9.6610
-10.3551 -11.1624 -12.1493 -13.4209 -15.1437 -17.5817 -21.1531 -26.5209 -34.7359
  0.0000  -0.0117  -0.0117  -0.0117  -0.0117  -0.0117  -0.0117  -0.0117  -0.0117
 -0.0118  -0.0119  -0.0121  -0.0127  -0.0141  -0.0177  -0.0267  -0.0494  -0.1058
 -0.2447  -0.5732  -1.2288  -1.9538  -2.4996  -3.0063  -3.5057  -4.0070  -4.5128
 -5.0198  -5.5280  -6.0825  -6.6777  -7.3775  -7.9108  -8.4611  -9.0393  -9.6623
-10.3565 -11.1639 -12.1508 -13.4225 -15.1453 -17.5832 -21.1547 -26.5225 -34.7375
  0.0000  -0.1211  -0.1211  -0.1211  -0.1211  -0.1211  -0.1211  -0.1211  -0.1211
 -0.1211  -0.1212  -0.1213  -0.1216  -0.1225  -0.1245  -0.1297  -0.1427  -0.1753
 -0.2565  -0.4568  -0.9281  -1.7900  -2.4903  -3.0141  -3.5128  -4.0091  -4.5108
 -5.0157  -5.5238  -6.0787  -6.6743  -7.3740  -7.9084  -8.4596  -9.0383  -9.6616
-10.3561 -11.1636 -12.1507 -13.4224 -15.1452 -17.5832 -21.1546 -26.5225 -34.7375
  0.0000  -0.2444  -0.2444  -0.2444  -0.2444  -0.2444  -0.2444  -0.2444  -0.2444
 -0.2445  -0.2445  -0.2446  -0.2447  -0.2452  -0.2463  -0.2491  -0.2563  -0.2741
 -0.3189  -0.4307  -0.7068  -1.3535  -2.3851  -3.0161  -3.5247  -4.0179  -4.5135
 -5.0138  -5.5197  -6.0741  -6.6697  -7.3689  -7.9050  -8.4574  -9.0370  -9.6609
-10.3557 -11.1635 -12.1507 -13.4225 -15.1454 -17.5834 -21.1549 -26.5228 -34.7378
  0.0000  -0.3772  -0.3772  -0.3772  -0.3772  -0.3772  -0.3772  -0.3772  -0.3772
 -0.3772  -0.3772  -0.3772  -0.3773  -0.3775  -0.3781  -0.3796  -0.3834  -0.3929
 -0.4166  -0.4762  -0.6251  -0.9934  -1.8502  -2.9669  -3.5342  -4.0324  -4.5233
 -5.0166  -5.5173  -6.0686  -6.6631  -7.3608  -7.8990  -8.4531  -9.0340  -9.6589
-10.3543 -11.1625 -12.1500 -13.4219 -15.1449 -17.5830 -21.1545 -26.5224 -34.7375
  0.0000  -0.5181  -0.5181  -0.5181  -0.5181  -0.5181  -0.5181  -0.5181  -0.5181
 -0.5181  -0.5181  -0.5181  -0.5182  -0.5183  -0.5186  -0.5194  -0.5213  -0.5262
 -0.5385  -0.5694  -0.6469  -0.8409  -1.3215  -2.4237  -3.5192  -4.0489  -4.5418
 -5.0292  -5.5224  -6.0678  -6.6582  -7.3524  -7.8922  -8.4484  -9.0311  -9.6572
-10.3537 -11.1626 -12.1504 -13.4226 -15.1458 -17.5840 -21.1556 -26.5236 -34.7386
  0.0000  -0.6620  -0.6620  -0.6620  -0.6620  -0.6620  -0.6620  -0.6620  -0.6620
 -0.6620  -0.6620  -0.6621  -0.6621  -0.6621  -0.6623  -0.6627  -0.6637  -0.6662
 -0.6725  -0.6883  -0.7279  -0.8273  -1.0764  -1.6943  -3.0693  -4.0471  -4.5595
 -5.0471  -5.5340  -6.0721  -6.6559  -7.3437  -7.8827  -8.4404  -9.0253  -9.6532
-10.3508 -11.1607 -12.1492 -13.4218 -15.1453 -17.5836 -21.1553 -26.5233 -34.7385
  0.0000   0.2139   0.2139   0.2139   0.2139   0.2139   0.2139   0.2138   0.2138
  0.2137   0.2133   0.2125   0.2103   0.2050   0.1916   0.1587   0.0799  -0.0981
 -0.4481  -0.9522  -1.4785  -1.9886  -2.4932  -2.9998  -3.5072  -4.0167  -4.5255
 -5.0516  -5.6185  -6.3693  -6.8984  -7.4420  -8.0093  -8.6148  -9.2815 -10.0452
-10.9629 -12.1247 -13.6736 -15.8357 -18.9701 -23.6452 -30.7623 -36.9998 -36.9998
  0.0000   0.1645   0.1645   0.1645   0.1645   0.1645   0.1645   0.1645   0.1644
  0.1643   0.1641   0.1635   0.1620   0.1581   0.1486   0.1247   0.0660  -0.0739
 -0.3796  -0.9014  -1.4734  -1.9967  -2.4997  -3.0021  -3.5058  -4.0134  -4.5220
 -5.0486  -5.6161  -6.3665  -6.8965  -7.4407  -8.0085  -8.6143  -9.2812 -10.0450
-10.9628 -12.1247 -13.6735 -15.8357 -18.9701 -23.6452 -30.7623 -36.9998 -36.9998
  0.0000   0.0982   0.0982   0.0982   0.0982   0.0982   0.0982   0.0982   0.0982
  0.0981   0.0980   0.0976   0.0965   0.0940   0.0875   0.0714   0.0312  -0.0674
 -0.3003  -0.7818  -1.4387  -2.0025  -2.5106  -3.0091  -3.5073  -4.0110  -4.5179
 -5.0444  -5.6121  -6.3619  -6.8931  -7.4384  -8.0069  -8.6132  -9.2804 -10.0444
-10.9623 -12.1242 -13.6731 -15.8354 -18.9697 -23.6449 -30.7620 -36.9995 -36.9995
  0.0000   0.0112   0.0112   0.0112   0.0112   0.0112   0.0112   0.0112   0.0112
  0.0112   0.0111   0.0108   0.0102   0.0086   0.0046  -0.0055  -0.0308  -0.0937
 -0.2480  -0.6085  -1.2948  -1.9905  -2.5235  -3.0227  -3.5154  -4.0130  -4.5157
 -5.0403  -5.6077  -6.3557  -6.8889  -7.4355  -8.0051  -8.6122  -9.2799 -10.0442
-10.9623 -12.1244 -13.6734 -15.8357 -18.9701 -23.6452 -30.7624 -36.9999 -36.9999
  0.0000  -0.0943  -0.0943  -0.0943  -0.0943  -0.0943  -0.0943  -0.0943  -0.0944
 -0.0944  -0.0944  -0.0946  -0.0950  -0.0959  -0.0982  -0.1041  -0.1189  -0.1558
 -0.2479  -0.4739  -0.9970  -1.8748  -2.5261  -3.0396  -3.5308  -4.0215  -4.5175
 -5.0375  -5.6024  -6.3470  -6.8821  -7.4307  -8.0017  -8.6100  -9.2785 -10.0434
-10.9618 -12.1241 -13.6732 -15.8356 -18.9701 -23.6453 -30.7624 -37.0000 -37.0000
  0.0000  -0.2144  -0.2144  -0.2144  -0.2144  -0.2144  -0.2144  -0.2144  -0.2144
 -0.2145  -0.2145  -0.2146  -0.2148  -0.2153  -0.2166  -0.2198  -0.2280  -0.2484
 -0.2997  -0.4276  -0.7420  -1.4619  -2.4624  -3.0495  -3.5498  -4.0374  -4.5260
 -5.0387  -5.5983  -6.3371  -6.8724  -7.4228  -7.9960  -8.6057  -9.2754 -10.0412
-10.9602 -12.1228 -13.6721 -15.8347 -18.9692 -23.6445 -30.7617 -36.9993 -36.9993
  0.0000  -0.3468  -0.3468  -0.3468  -0.3468  -0.3468  -0.3468  -0.3468  -0.3468
 -0.3469  -0.3469  -0.3469  -0.3470  -0.3473  -0.3480  -0.3497  -0.3540  -0.3649
 -0.3923  -0.4608  -0.6320  -1.0536  -2.0027  -3.0232  -3.5651  -4.0585  -4.5432
 -5.0487  -5.6011  -6.3323  -6.8641  -7.4147  -7.9896  -8.6015  -9.2726 -10.0395
-10.9593 -12.1225 -13.6722 -15.8349 -18.9696 -23.6449 -30.7622 -36.9999 -36.9999
  0.0000   0.2665   0.2665   0.2665   0.2665   0.2665   0.2664   0.2664   0.2663
  0.2660   0.2653   0.2637   0.2595   0.2496   0.2268   0.1787   0.0779  -0.1348
 -0.5000  -0.9705  -1.4731  -1.9809  -2.4918  -3.0040  -3.5159  -4.0420  -4.5824
 -5.2325  -5.8848  -6.4237  -6.9823  -7.5734  -8.2167  -8.9431  -9.8015 -10.8693
-12.2689 -14.1946 -16.9541 -21.0351 -27.2106 -36.7056 -36.9996 -36.9996 -36.9996
  0.0000   0.2438   0.2438   0.2438   0.2438   0.2438   0.2438   0.2438   0.2437
  0.2435   0.2430   0.2419   0.2389   0.2317   0.2140   0.1728   0.0807  -0.1171
 -0.4810  -0.9678  -1.4793  -1.9868  -2.4933  -3.0029  -3.5132  -4.0389  -4.5797
 -5.2298  -5.8825  -6.4219  -6.9812  -7.5726  -8.2162  -8.9428  -9.8013 -10.8691
-12.2687 -14.1944 -16.9540 -21.0350 -27.2105 -36.7055 -36.9995 -36.9995 -36.9995
  0.0000   0.2160   0.2160   0.2160   0.2160   0.2160   0.2160   0.2160   0.2159
  0.2158   0.2155   0.2146   0.2124   0.2070   0.1934   0.1603   0.0814  -0.0964
 -0.4488  -0.9595  -1.4895  -1.9990  -2.5002  -3.0047  -3.5112  -4.0354  -4.5760
 -5.2260  -5.8788  -6.4194  -6.9795  -7.5716  -8.2156  -8.9424  -9.8011 -10.8690
-12.2687 -14.1945 -16.9540 -21.0350 -27.2106 -36.7056 -36.9996 -36.9996 -36.9996
  0.0000   0.1754   0.1754   0.1754   0.1754   0.1754   0.1753   0.1753   0.1753
  0.1752   0.1749   0.1743   0.1727   0.1686   0.1585   0.1334   0.0717  -0.0747
 -0.3921  -0.9241  -1.4959  -2.0160  -2.5141  -3.0121  -3.5126  -4.0330  -4.5721
 -5.2209  -5.8736  -6.4159  -6.9771  -7.5703  -8.2149  -8.9421  -9.8011 -10.8692
-12.2690 -14.1948 -16.9544 -21.0355 -27.2110 -36.7061 -37.0001 -37.0001 -37.0001
  0.0000   0.1163   0.1163   0.1163   0.1163   0.1163   0.1163   0.1163   0.1163
  0.1162   0.1160   0.1156   0.1145   0.1117   0.1046   0.0870   0.0432  -0.0640
 -0.3151  -0.8214  -1.4762  -2.0309  -2.5331  -3.0262  -3.5194  -4.0333  -4.5683
 -5.2140  -5.8652  -6.4094  -6.9725  -7.5669  -8.2126  -8.9406  -9.8000 -10.8684
-12.2684 -14.1943 -16.9540 -21.0351 -27.2107 -36.7058 -36.9998 -36.9998 -36.9998
  0.0000   0.0357   0.0357   0.0357   0.0357   0.0357   0.0357   0.0357   0.0357
  0.0356   0.0355   0.0352   0.0345   0.0327   0.0282   0.0170  -0.0113  -0.0814
 -0.2528  -0.6478  -1.3594  -2.0278  -2.5516  -3.0459  -3.5334  -4.0396  -4.5677
 -5.2078  -5.8553  -6.4002  -6.9652  -7.5615  -8.2085  -8.9376  -9.7977 -10.8665
-12.2669 -14.1930 -16.9528 -21.0340 -27.2096 -36.7047 -36.9988 -36.9988 -36.9988
  0.0000  -0.0680  -0.0680  -0.0680  -0.0680  -0.0680  -0.0680  -0.0680  -0.0680
 -0.0680  -0.0681  -0.0682  -0.0687  -0.0697  -0.0724  -0.0790  -0.0958  -0.1376
 -0.2417  -0.4959  -1.0718  -1.9464  -2.5596  -3.0675  -3.5549  -4.0556  -4.5761
 -5.2093  -5.8497  -6.3926  -6.9585  -7.5567  -8.2056  -8.9358  -9.7970 -10.8665
-12.2673 -14.1937 -16.9537 -21.0350 -27.2107 -36.7058 -37.0000 -37.0000 -37.0000
  0.0000   0.2854   0.2854   0.2854   0.2854   0.2854   0.2853   0.2852   0.2850
  0.2844   0.2829   0.2793   0.2710   0.2540   0.2252   0.1784   0.0745  -0.1434
 -0.5021  -0.9627  -1.4647  -1.9789  -2.4964  -3.0112  -3.5706  -4.1687  -4.8698
 -5.4054  -5.9574  -6.5367  -7.1603  -7.8550  -8.6626  -9.6498 -10.9215 -12.6443
-15.0823 -18.6538 -24.0216 -32.2366 -36.9992 -36.9992 -36.9992 -36.9992 -36.9992
  0.0000   0.2708   0.2708   0.2708   0.2708   0.2708   0.2708   0.2707   0.2705
  0.2701   0.2690   0.2662   0.2597   0.2453   0.2182   0.1728   0.0770  -0.1328
 -0.4923  -0.9602  -1.4654  -1.9792  -2.4945  -3.0094  -3.5682  -4.1664  -4.8673
 -5.4037  -5.9562  -6.5360  -7.1598  -7.8547  -8.6624  -9.6496 -10.9214 -12.6443
-15.0823 -18.6538 -24.0216 -32.2366 -36.9992 -36.9992 -36.9992 -36.9992 -36.9992
  0.0000   0.2584   0.2584   0.2584   0.2584   0.2584   0.2584   0.2583   0.2582
  0.2579   0.2571   0.2553   0.2507   0.2400   0.2168   0.1717   0.0797  -0.1238
 -0.4875  -0.9662  -1.4748  -1.9856  -2.4956  -3.0078  -3.5651  -4.1626  -4.8628
 -5.4006  -5.9540  -6.5345  -7.1589  -7.8541  -8.6621  -9.6494 -10.9212 -12.6442
-15.0822 -18.6537 -24.0216 -32.2366 -36.9992 -36.9992 -36.9992 -36.9992 -36.9992
  0.0000   0.2445   0.2445   0.2445   0.2445   0.2445   0.2445   0.2444   0.2443
  0.2441   0.2436   0.2424   0.2393   0.2316   0.2134   0.1722   0.0829  -0.1122
 -0.4793  -0.9750  -1.4909  -1.9989  -2.5016  -3.0083  -3.5621  -4.1578  -4.8561
 -5.3954  -5.9504  -6.5318  -7.1572  -7.8529  -8.6613  -9.6489 -10.9209 -12.6439
-15.0820 -18.6535 -24.0214 -32.2365 -36.9991 -36.9991 -36.9991 -36.9991 -36.9991
  0.0000   0.2238   0.2238   0.2238   0.2238   0.2238   0.2238   0.2238   0.2237
  0.2236   0.2232   0.2223   0.2200   0.2143   0.2002   0.1658   0.0850  -0.0961
 -0.4570  -0.9774  -1.5107  -2.0196  -2.5155  -3.0146  -3.5622  -4.1537  -4.8484
 -5.3886  -5.9454  -6.5285  -7.1549  -7.8516  -8.6606  -9.6486 -10.9208 -12.6440
-15.0823 -18.6538 -24.0218 -32.2368 -36.9995 -36.9995 -36.9995 -36.9995 -36.9995
  0.0000   0.1896   0.1896   0.1896   0.1896   0.1896   0.1896   0.1896   0.1895
  0.1894   0.1891   0.1884   0.1867   0.1824   0.1716   0.1449   0.0793  -0.0752
 -0.4071  -0.9517  -1.5238  -2.0429  -2.5357  -3.0277  -3.5681  -4.1529  -4.8413
 -5.3802  -5.9380  -6.5231  -7.1512  -7.8490  -8.6590  -9.6476 -10.9202 -12.6437
-15.0821 -18.6538 -24.0218 -32.2368 -36.9996 -36.9996 -36.9996 -36.9996 -36.9996
  0.0000   0.1347   0.1347   0.1347   0.1347   0.1347   0.1346   0.1346   0.1346
  0.1345   0.1343   0.1338   0.1326   0.1296   0.1219   0.1027   0.0550  -0.0614
 -0.3314  -0.8604  -1.5105  -2.0601  -2.5580  -3.0467  -3.5813  -4.1588  -4.8392
 -5.3727  -5.9296  -6.5160  -7.1460  -7.8455  -8.6565  -9.6460 -10.9192 -12.6431
-15.0817 -18.6535 -24.0216 -32.2367 -36.9996 -36.9996 -36.9996 -36.9996 -36.9996
  0.0000   0.2912   0.2912   0.2912   0.2912   0.2912   0.2911   0.2910   0.2907
  0.2899   0.2880   0.2835   0.2736   0.2552   0.2274   0.1806   0.0738  -0.1451
 -0.5010  -0.9596  -1.4650  -1.9844  -2.5215  -3.0940  -3.8472  -4.3833  -4.9315
 -5.5017  -6.1095  -6.7775  -7.5420  -8.4602  -9.6223 -11.1713 -13.3336 -16.4681
-21.1433 -28.2604 -36.9979 -36.9979 -36.9979 -36.9979 -36.9979 -36.9979 -36.9979
  0.0000   0.2757   0.2757   0.2757   0.2757   0.2756   0.2756   0.2755   0.2752
  0.2744   0.2725   0.2680   0.2580   0.2392   0.2121   0.1710   0.0749  -0.1321
 -0.4838  -0.9470  -1.4578  -1.9802  -2.5181  -3.0932  -3.8461  -4.3825  -4.9310
 -5.5014  -6.1094  -6.7774  -7.5420  -8.4602  -9.6224 -11.1714 -13.3337 -16.4682
-21.1434 -28.2605 -36.9980 -36.9980 -36.9980 -36.9980 -36.9980 -36.9980 -36.9980
  0.0000   0.2712   0.2712   0.2712   0.2712   0.2712   0.2712   0.2710   0.2708
  0.2700   0.2682   0.2638   0.2540   0.2348   0.2066   0.1678   0.0770  -0.1262
 -0.4795  -0.9479  -1.4597  -1.9806  -2.5160  -3.0905  -3.8418  -4.3790  -4.9285
 -5.4997  -6.1081  -6.7766  -7.5414  -8.4598  -9.6221 -11.1712 -13.3336 -16.4680
-21.1432 -28.2604 -36.9979 -36.9979 -36.9979 -36.9979 -36.9979 -36.9979 -36.9979
  0.0000   0.2684   0.2684   0.2684   0.2684   0.2684   0.2683   0.2682   0.2680
  0.2674   0.2660   0.2625   0.2544   0.2374   0.2089   0.1683   0.0803  -0.1227
 -0.4825  -0.9589  -1.4707  -1.9867  -2.5162  -3.0879  -3.8356  -4.3734  -4.9242
 -5.4968  -6.1059  -6.7752  -7.5405  -8.4593  -9.6217 -11.1710 -13.3334 -16.4679
-21.1432 -28.2604 -36.9979 -36.9979 -36.9979 -36.9979 -36.9979 -36.9979 -36.9979
  0.0000   0.2628   0.2628   0.2628   0.2628   0.2628   0.2628   0.2627   0.2626
  0.2622   0.2613   0.2590   0.2535   0.2410   0.2158   0.1719   0.0841  -0.1184
 -0.4873  -0.9760  -1.4899  -2.0002  -2.5214  -3.0874  -3.8294  -4.3661  -4.9178
 -5.4921  -6.1028  -6.7729  -7.5392  -8.4584  -9.6212 -11.1707 -13.3333 -16.4679
-21.1432 -28.2604 -36.9980 -36.9980 -36.9980 -36.9980 -36.9980 -36.9980 -36.9980
  0.0000   0.2524   0.2524   0.2524   0.2523   0.2523   0.2523   0.2523   0.2522
  0.2520   0.2514   0.2500   0.2465   0.2381   0.2184   0.1761   0.0872  -0.1102
 -0.4856  -0.9921  -1.5136  -2.0206  -2.5337  -3.0923  -3.8271  -4.3590  -4.9101
 -5.4856  -6.0982  -6.7699  -7.5370  -8.4572  -9.6205 -11.1703 -13.3331 -16.4678
-21.1432 -28.2605 -36.9982 -36.9982 -36.9982 -36.9982 -36.9982 -36.9982 -36.9982
  0.0000   0.2345   0.2345   0.2345   0.2345   0.2345   0.2344   0.2344   0.2344
  0.2342   0.2338   0.2328   0.2304   0.2243   0.2093   0.1733   0.0900  -0.0958
 -0.4663  -0.9959  -1.5342  -2.0434  -2.5515  -3.1037  -3.8324  -4.3553  -4.9024
 -5.4778  -6.0917  -6.7652  -7.5338  -8.4548  -9.6190 -11.1692 -13.3324 -16.4673
-21.1428 -28.2602 -36.9980 -36.9980 -36.9980 -36.9980 -36.9980 -36.9980 -36.9980
  0.0000   0.3072   0.3072   0.3072   0.3072   0.3072   0.3071   0.3070   0.3067
  0.3059   0.3040   0.2995   0.2898   0.2718   0.2430   0.1912   0.0758  -0.1524
 -0.5135  -0.9721  -1.4889  -2.0377  -2.6905  -3.3488  -3.8980  -4.4642  -5.0604
 -5.7071  -6.4358  -7.2956  -8.3642  -9.7644 -11.6905 -14.4502 -18.5313 -24.7069
-34.2019 -36.9961 -36.9961 -36.9961 -36.9961 -36.9961 -36.9961 -36.9961 -36.9961
  0.0000   0.2733   0.2733   0.2733   0.2733   0.2733   0.2733   0.2731   0.2729
  0.2722   0.2705   0.2666   0.2577   0.2411   0.2155   0.1735   0.0773  -0.1276
 -0.4773  -0.9421  -1.4708  -2.0319  -2.6895  -3.3517  -3.9008  -4.4664  -5.0619
 -5.7081  -6.4364  -7.2959  -8.3644  -9.7644 -11.6904 -14.4501 -18.5312 -24.7067
-34.2017 -36.9959 -36.9959 -36.9959 -36.9959 -36.9959 -36.9959 -36.9959 -36.9959
  0.0000   0.2654   0.2654   0.2654   0.2654   0.2654   0.2653   0.2652   0.2649
  0.2641   0.2621   0.2575   0.2474   0.2290   0.2036   0.1662   0.0774  -0.1192
 -0.4650  -0.9330  -1.4654  -2.0281  -2.6865  -3.3497  -3.8992  -4.4651  -5.0611
 -5.7076  -6.4360  -7.2957  -8.3642  -9.7643 -11.6903 -14.4500 -18.5311 -24.7067
-34.2017 -36.9959 -36.9959 -36.9959 -36.9959 -36.9959 -36.9959 -36.9959 -36.9959
  0.0000   0.2699   0.2699   0.2698   0.2698   0.2698   0.2698   0.2696   0.2692
  0.2682   0.2659   0.2603   0.2482   0.2267   0.1998   0.1654   0.0792  -0.1167
 -0.4654  -0.9370  -1.4688  -2.0283  -2.6832  -3.3449  -3.8947  -4.4617  -5.0587
 -5.7057  -6.4349  -7.2950  -8.3638  -9.7640 -11.6902 -14.4499 -18.5311 -24.7066
-34.2017 -36.9959 -36.9959 -36.9959 -36.9959 -36.9959 -36.9959 -36.9959 -36.9959
  0.0000   0.2772   0.2772   0.2772   0.2772   0.2771   0.2771   0.2769   0.2765
  0.2755   0.2731   0.2674   0.2547   0.2315   0.2023   0.1686   0.0828  -0.1167
 -0.4735  -0.9512  -1.4811  -2.0340  -2.6821  -3.3393  -3.8882  -4.4561  -5.0545
 -5.7030  -6.4329  -7.2937  -8.3630  -9.7635 -11.6898 -14.4497 -18.5309 -24.7066
-34.2017 -36.9959 -36.9959 -36.9959 -36.9959 -36.9959 -36.9959 -36.9959 -36.9959
  0.0000   0.2792   0.2792   0.2792   0.2792   0.2792   0.2791   0.2790   0.2787
  0.2780   0.2761   0.2716   0.2614   0.2408   0.2101   0.1729   0.0874  -0.1162
 -0.4836  -0.9710  -1.5007  -2.0466  -2.6867  -3.3364  -3.8813  -4.4489  -5.0487
 -5.6988  -6.4300  -7.2917  -8.3617  -9.7627 -11.6893 -14.4494 -18.5307 -24.7064
-34.2016 -36.9959 -36.9959 -36.9959 -36.9959 -36.9959 -36.9959 -36.9959 -36.9959
  0.0000   0.2729   0.2729   0.2729   0.2729   0.2729   0.2729   0.2728   0.2726
  0.2722   0.2711   0.2684   0.2619   0.2474   0.2201   0.1769   0.0908  -0.1135
 -0.4901  -0.9901  -1.5236  -2.0654  -2.6990  -3.3402  -3.8773  -4.4421  -5.0421
 -5.6937  -6.4265  -7.2894  -8.3602  -9.7619 -11.6889 -14.4492 -18.5307 -24.7065
-34.2018 -36.9962 -36.9962 -36.9962 -36.9962 -36.9962 -36.9962 -36.9962 -36.9962
  0.0000   0.3714   0.3714   0.3714   0.3714   0.3713   0.3713   0.3711   0.3706
  0.3695   0.3668   0.3607   0.3480   0.3258   0.2909   0.2237   0.0789  -0.1830
 -0.5678  -1.0559  -1.6284  -2.3235  -2.8558  -3.4107  -3.9971  -4.6290  -5.3310
 -6.1443  -7.1353  -8.4097 -10.1344 -12.5735 -16.1457 -21.5140 -29.7293 -36.9923
-36.9923 -36.9923 -36.9923 -36.9923 -36.9923 -36.9923 -36.9923 -36.9923 -36.9923
  0.0000   0.2888   0.2888   0.2888   0.2888   0.2888   0.2888   0.2887   0.2884
  0.2879   0.2864   0.2830   0.2754   0.2604   0.2349   0.1894   0.0874  -0.1248
 -0.4833  -0.9763  -1.5693  -2.2973  -2.8536  -3.4202  -4.0097  -4.6402  -5.3392
 -6.1499  -7.1388  -8.4117 -10.1353 -12.5737 -16.1454 -21.5135 -29.7286 -36.9913
-36.9913 -36.9913 -36.9913 -36.9913 -36.9913 -36.9913 -36.9913 -36.9913 -36.9913
  0.0000   0.2636   0.2636   0.2636   0.2636   0.2636   0.2635   0.2634   0.2632
  0.2627   0.2613   0.2581   0.2507   0.2362   0.2128   0.1741   0.0864  -0.1070
 -0.4546  -0.9520  -1.5553  -2.2956  -2.8550  -3.4223  -4.0116  -4.6416  -5.3401
 -6.1506  -7.1393  -8.4120 -10.1355 -12.5739 -16.1456 -21.5136 -29.7287 -36.9914
-36.9914 -36.9914 -36.9914 -36.9914 -36.9914 -36.9914 -36.9914 -36.9914 -36.9914
  0.0000   0.2617   0.2617   0.2617   0.2617   0.2617   0.2616   0.2615   0.2612
  0.2605   0.2587   0.2546   0.2454   0.2284   0.2044   0.1692   0.0861  -0.1021
 -0.4469  -0.9466  -1.5525  -2.2933  -2.8521  -3.4196  -4.0095  -4.6401  -5.3392
 -6.1499  -7.1389  -8.4117 -10.1353 -12.5738 -16.1455 -21.5136 -29.7287 -36.9914
-36.9914 -36.9914 -36.9914 -36.9914 -36.9914 -36.9914 -36.9914 -36.9914 -36.9914
  0.0000   0.2718   0.2718   0.2718   0.2718   0.2717   0.2717   0.2715   0.2711
  0.2701   0.2677   0.2619   0.2497   0.2287   0.2033   0.1708   0.0879  -0.1024
 -0.4511  -0.9541  -1.5587  -2.2933  -2.8477  -3.4143  -4.0049  -4.6367  -5.3369
 -6.1482  -7.1378  -8.4111 -10.1349 -12.5735 -16.1454 -21.5135 -29.7286 -36.9914
-36.9914 -36.9914 -36.9914 -36.9914 -36.9914 -36.9914 -36.9914 -36.9914 -36.9914
  0.0000   0.2847   0.2847   0.2847   0.2847   0.2847   0.2846   0.2844   0.2839
  0.2827   0.2798   0.2728   0.2581   0.2333   0.2063   0.1754   0.0913  -0.1041
 -0.4612  -0.9704  -1.5738  -2.2995  -2.8452  -3.4083  -3.9987  -4.6317  -5.3334
 -6.1458  -7.1362  -8.4101 -10.1343 -12.5732 -16.1452 -21.5134 -29.7286 -36.9915
-36.9915 -36.9915 -36.9915 -36.9915 -36.9915 -36.9915 -36.9915 -36.9915 -36.9915
  0.0000   0.2919   0.2919   0.2919   0.2919   0.2919   0.2918   0.2916   0.2912
  0.2901   0.2873   0.2808   0.2665   0.2413   0.2119   0.1802   0.0952  -0.1050
 -0.4717  -0.9899  -1.5950  -2.2940  -2.8477  -3.4042  -3.9924  -4.6258  -5.3289
 -6.1427  -7.1340  -8.4087 -10.1335 -12.5727 -16.1449 -21.5133 -29.7286 -36.9916
-36.9916 -36.9916 -36.9916 -36.9916 -36.9916 -36.9916 -36.9916 -36.9916 -36.9916
 -1.0000   0.3545   0.3545   0.3545   0.3545   0.3544   0.3544   0.3542   0.3539
  0.3531   0.3513   0.3471   0.3381   0.3246   0.2918   0.2356   0.1092  -0.1504
 -0.5686  -1.2026  -1.7970  -2.3657  -2.9439  -3.5615  -4.2393  -5.0120  -5.9361
 -7.1024  -8.6541 -10.8183 -13.9538 -18.6297 -25.7473 -36.7350 -36.9856 -36.9856
-36.9856 -36.9856 -36.9856 -36.9856 -36.9856 -36.9856 -36.9856 -36.9856 -36.9856
  0.0000   0.3544   0.3544   0.3544   0.3544   0.3544   0.3543   0.3542   0.3538
  0.3530   0.3513   0.3470   0.3381   0.3246   0.2918   0.2356   0.1092  -0.1504
 -0.5686  -1.2026  -1.7970  -2.3657  -2.9439  -3.5615  -4.2393  -5.0120  -5.9361
 -7.1024  -8.6541 -10.8183 -13.9538 -18.6297 -25.7473 -36.7350 -36.9856 -36.9856
-36.9856 -36.9856 -36.9856 -36.9856 -36.9856 -36.9856 -36.9856 -36.9856 -36.9856
  0.0000   0.2918   0.2918   0.2918   0.2918   0.2918   0.2918   0.2917   0.2915
  0.2909   0.2898   0.2872   0.2814   0.2692   0.2469   0.2065   0.1127  -0.1026
 -0.4934  -1.1222  -1.7625  -2.3589  -2.9497  -3.5711  -4.2482  -5.0185  -5.9404
 -7.1050  -8.6555 -10.8187 -13.9537 -18.6292 -25.7466 -36.7341 -36.9845 -36.9845
-36.9845 -36.9845 -36.9845 -36.9845 -36.9845 -36.9845 -36.9845 -36.9845 -36.9845
  0.0000   0.2758   0.2758   0.2758   0.2758   0.2758   0.2757   0.2756   0.2754
  0.2749   0.2738   0.2711   0.2651   0.2529   0.2317   0.1962   0.1123  -0.0895
 -0.4701  -1.1052  -1.7572  -2.3579  -2.9500  -3.5716  -4.2486  -5.0188  -5.9406
 -7.1050  -8.6554 -10.8186 -13.9536 -18.6291 -25.7464 -36.7339 -36.9843 -36.9843
-36.9843 -36.9843 -36.9843 -36.9843 -36.9843 -36.9843 -36.9843 -36.9843 -36.9843
  0.0000   0.2786   0.2786   0.2786   0.2786   0.2786   0.2785   0.2784   0.2782
  0.2775   0.2760   0.2725   0.2649   0.2502   0.2282   0.1950   0.1132  -0.0878
 -0.4674  -1.1114  -1.7576  -2.3552  -2.9464  -3.5684  -4.2462  -5.0171  -5.9393
 -7.1043  -8.6549 -10.8183 -13.9534 -18.6289 -25.7463 -36.7339 -36.9843 -36.9843
-36.9843 -36.9843 -36.9843 -36.9843 -36.9843 -36.9843 -36.9843 -36.9843 -36.9843
  0.0000   0.2893   0.2893   0.2893   0.2893   0.2893   0.2892   0.2891   0.2887
  0.2879   0.2859   0.2812   0.2712   0.2533   0.2300   0.1986   0.1161  -0.0899
 -0.4744  -1.1325  -1.7649  -2.3537  -2.9416  -3.5634  -4.2421  -5.0143  -5.9375
 -7.1029  -8.6542 -10.8178 -13.9531 -18.6288 -25.7463 -36.7339 -36.9844 -36.9844
-36.9844 -36.9844 -36.9844 -36.9844 -36.9844 -36.9844 -36.9844 -36.9844 -36.9844
  0.0000   0.3003   0.3003   0.3003   0.3003   0.3003   0.3002   0.3000   0.2997
  0.2987   0.2963   0.2908   0.2789   0.2586   0.2341   0.2033   0.1194  -0.0921
 -0.4849  -1.1613  -1.7791  -2.3561  -2.9383  -3.5582  -4.2374  -5.0106  -5.9351
 -7.1012  -8.6532 -10.8173 -13.9528 -18.6287 -25.7463 -36.7340 -36.9846 -36.9846
-36.9846 -36.9846 -36.9846 -36.9846 -36.9846 -36.9846 -36.9846 -36.9846 -36.9846
 -2.0000   0.3865   0.3865   0.3865   0.3865   0.3864   0.3863   0.3861   0.3858
  0.3851   0.3837   0.3807   0.3744   0.3613   0.3348   0.2740   0.1282  -0.1843
 -0.7145  -1.2898  -1.8749  -2.4830  -3.1424  -3.8826  -4.7516  -5.8268  -7.2314
 -9.1603 -11.9220 -16.0043 -22.1807 -31.6762 -36.9711 -36.9711 -36.9711 -36.9711
-36.9711 -36.9711 -36.9711 -36.9711 -36.9711 -36.9711 -36.9711 -36.9711 -36.9711
 -1.0000   0.3865   0.3865   0.3865   0.3865   0.3864   0.3863   0.3861   0.3858
  0.3851   0.3837   0.3807   0.3744   0.3613   0.3348   0.2740   0.1282  -0.1843
 -0.7145  -1.2898  -1.8749  -2.4830  -3.1424  -3.8826  -4.7516  -5.8268  -7.2314
 -9.1603 -11.9220 -16.0043 -22.1807 -31.6762 -36.9711 -36.9711 -36.9711 -36.9711
-36.9711 -36.9711 -36.9711 -36.9711 -36.9711 -36.9711 -36.9711 -36.9711 -36.9711
  0.0000   0.3865   0.3865   0.3864   0.3864   0.3864   0.3863   0.3861   0.3858
  0.3851   0.3837   0.3807   0.3744   0.3613   0.3348   0.2740   0.1282  -0.1843
 -0.7145  -1.2898  -1.8749  -2.4830  -3.1424  -3.8826  -4.7516  -5.8268  -7.2314
 -9.1603 -11.9220 -16.0043 -22.1807 -31.6762 -36.9711 -36.9711 -36.9711 -36.9711
-36.9711 -36.9711 -36.9711 -36.9711 -36.9711 -36.9711 -36.9711 -36.9711 -36.9711
  0.0000   0.3423   0.3423   0.3423   0.3423   0.3423   0.3422   0.3421   0.3418
  0.3412   0.3402   0.3381   0.3334   0.3233   0.3016   0.2530   0.1349  -0.1324
 -0.6447  -1.2533  -1.8638  -2.4848  -3.1489  -3.8893  -4.7567  -5.8300  -7.2334
 -9.1613 -11.9222 -16.0041 -22.1801 -31.6755 -36.9700 -36.9700 -36.9700 -36.9700
-36.9700 -36.9700 -36.9700 -36.9700 -36.9700 -36.9700 -36.9700 -36.9700 -36.9700
  0.0000   0.3371   0.3371   0.3371   0.3371   0.3371   0.3370   0.3369   0.3366
  0.3360   0.3348   0.3326   0.3281   0.3181   0.2972   0.2505   0.1360  -0.1255
 -0.6385  -1.2506  -1.8626  -2.4841  -3.1484  -3.8889  -4.7564  -5.8298  -7.2332
 -9.1612 -11.9221 -16.0039 -22.1800 -31.6754 -36.9699 -36.9699 -36.9699 -36.9699
-36.9699 -36.9699 -36.9699 -36.9699 -36.9699 -36.9699 -36.9699 -36.9699 -36.9699
  0.0000   0.3450   0.3450   0.3450   0.3449   0.3449   0.3449   0.3448   0.3445
  0.3440   0.3428   0.3402   0.3349   0.3243   0.3027   0.2551   0.1367  -0.1335
 -0.6555  -1.2584  -1.8634  -2.4818  -3.1455  -3.8865  -4.7548  -5.8289  -7.2325
 -9.1609 -11.9221 -16.0041 -22.1802 -31.6757 -36.9703 -36.9703 -36.9703 -36.9703
-36.9703 -36.9703 -36.9703 -36.9703 -36.9703 -36.9703 -36.9703 -36.9703 -36.9703
  0.0000   0.3558   0.3558   0.3558   0.3558   0.3558   0.3557   0.3557   0.3554
  0.3549   0.3535   0.3507   0.3448   0.3332   0.3109   0.2614   0.1384  -0.1455
 -0.6808  -1.2725  -1.8671  -2.4802  -3.1422  -3.8833  -4.7524  -5.8274  -7.2316
 -9.1605 -11.9220 -16.0042 -22.1805 -31.6760 -36.9708 -36.9708 -36.9708 -36.9708
-36.9708 -36.9708 -36.9708 -36.9708 -36.9708 -36.9708 -36.9708 -36.9708 -36.9708
 -2.0000   0.6340   0.6343   0.6350   0.6359   0.6342   0.6331   0.6327   0.6319
  0.6303   0.6270   0.6200   0.6050   0.5720   0.4941   0.3084  -0.0799  -0.5801
 -1.0913  -1.6293  -2.2120  -2.8728  -3.6539  -4.6211  -5.8785  -7.5919 -10.0250
-13.5956 -18.9657 -27.1844 -36.9616 -36.9616 -36.9616 -36.9616 -36.9616 -36.9616
-36.9616 -36.9616 -36.9616 -36.9616 -36.9616 -36.9616 -36.9616 -36.9616 -36.9616
 -1.0000   0.6343   0.6345   0.6349   0.6353   0.6343   0.6331   0.6327   0.6319
  0.6303   0.6270   0.6200   0.6050   0.5720   0.4941   0.3084  -0.0799  -0.5801
 -1.0913  -1.6293  -2.2120  -2.8728  -3.6539  -4.6211  -5.8785  -7.5919 -10.0250
-13.5956 -18.9657 -27.1844 -36.9616 -36.9616 -36.9616 -36.9616 -36.9616 -36.9616
-36.9616 -36.9616 -36.9616 -36.9616 -36.9616 -36.9616 -36.9616 -36.9616 -36.9616
  0.0000   0.6346   0.6347   0.6348   0.6348   0.6343   0.6333   0.6327   0.6319
  0.6303   0.6270   0.6200   0.6050   0.5720   0.4941   0.3084  -0.0799  -0.5801
 -1.0913  -1.6293  -2.2120  -2.8728  -3.6539  -4.6211  -5.8785  -7.5919 -10.0250
-13.5956 -18.9657 -27.1844 -36.9616 -36.9616 -36.9616 -36.9616 -36.9616 -36.9616
-36.9616 -36.9616 -36.9616 -36.9616 -36.9616 -36.9616 -36.9616 -36.9616 -36.9616
  0.0000   0.4589   0.4589   0.4589   0.4589   0.4588   0.4586   0.4582   0.4576
  0.4565   0.4546   0.4506   0.4425   0.4250   0.3863   0.2986   0.1029  -0.2764
 -0.7989  -1.3907  -2.0321  -2.7461  -3.5708  -4.5711  -5.8520  -7.5809 -10.0229
-13.5969 -18.9664 -27.1823 -36.9466 -36.9466 -36.9466 -36.9466 -36.9466 -36.9466
-36.9466 -36.9466 -36.9466 -36.9466 -36.9466 -36.9466 -36.9466 -36.9466 -36.9466
  0.0000   0.4202   0.4202   0.4202   0.4201   0.4200   0.4199   0.4195   0.4190
  0.4180   0.4162   0.4129   0.4062   0.3920   0.3615   0.2921   0.1290  -0.2271
 -0.7631  -1.3751  -2.0291  -2.7486  -3.5745  -4.5739  -5.8535  -7.5812 -10.0226
-13.5960 -18.9650 -27.1808 -36.9446 -36.9446 -36.9446 -36.9446 -36.9446 -36.9446
-36.9446 -36.9446 -36.9446 -36.9446 -36.9446 -36.9446 -36.9446 -36.9446 -36.9446
  0.0000   0.4217   0.4217   0.4217   0.4217   0.4216   0.4215   0.4212   0.4206
  0.4197   0.4179   0.4145   0.4076   0.3933   0.3621   0.2920   0.1284  -0.2284
 -0.7642  -1.3756  -2.0291  -2.7484  -3.5743  -4.5738  -5.8535  -7.5812 -10.0226
-13.5960 -18.9651 -27.1809 -36.9447 -36.9447 -36.9447 -36.9447 -36.9447 -36.9447
-36.9447 -36.9447 -36.9447 -36.9447 -36.9447 -36.9447 -36.9447 -36.9447 -36.9447
  0.0000   0.4340   0.4340   0.4339   0.4339   0.4339   0.4338   0.4335   0.4330
  0.4320   0.4301   0.4265   0.4191   0.4035   0.3695   0.2937   0.1211  -0.2435
 -0.7753  -1.3802  -2.0298  -2.7475  -3.5731  -4.5730  -5.8531  -7.5813 -10.0229
-13.5965 -18.9657 -27.1815 -36.9455 -36.9455 -36.9455 -36.9455 -36.9455 -36.9455
-36.9455 -36.9455 -36.9455 -36.9455 -36.9455 -36.9455 -36.9455 -36.9455 -36.9455
 -3.0000   0.6891   0.6891   0.6890   0.6888   0.6885   0.6880   0.6872   0.6857
  0.6830   0.6776   0.6666   0.6432   0.5921   0.4821   0.2623  -0.0944  -0.5684
 -1.1071  -1.7278  -2.4604  -3.3591  -4.5124  -6.0608  -8.2279 -11.3694 -16.0518
-23.1749 -34.1667 -36.9254 -36.9254 -36.9254 -36.9254 -36.9254 -36.9254 -36.9254
-36.9254 -36.9254 -36.9254 -36.9254 -36.9254 -36.9254 -36.9254 -36.9254 -36.9254
 -2.0000   0.6891   0.6891   0.6890   0.6888   0.6885   0.6880   0.6872   0.6857
  0.6830   0.6776   0.6666   0.6432   0.5921   0.4821   0.2623  -0.0944  -0.5684
 -1.1071  -1.7278  -2.4604  -3.3591  -4.5124  -6.0608  -8.2279 -11.3694 -16.0518
-23.1749 -34.1667 -36.9254 -36.9254 -36.9254 -36.9254 -36.9254 -36.9254 -36.9254
-36.9254 -36.9254 -36.9254 -36.9254 -36.9254 -36.9254 -36.9254 -36.9254 -36.9254
 -1.0000   0.6891   0.6891   0.6890   0.6888   0.6885   0.6880   0.6872   0.6857
  0.6830   0.6776   0.6666   0.6432   0.5921   0.4821   0.2623  -0.0944  -0.5684
 -1.1071  -1.7278  -2.4604  -3.3591  -4.5124  -6.0608  -8.2279 -11.3694 -16.0518
-23.1749 -34.1667 -36.9254 -36.9254 -36.9254 -36.9254 -36.9254 -36.9254 -36.9254
-36.9254 -36.9254 -36.9254 -36.9254 -36.9254 -36.9254 -36.9254 -36.9254 -36.9254
  0.0000   0.6891   0.6890   0.6890   0.6888   0.6885   0.6880   0.6872   0.6857
  0.6830   0.6776   0.6666   0.6432   0.5921   0.4821   0.2623  -0.0944  -0.5684
 -1.1071  -1.7278  -2.4604  -3.3591  -4.5124  -6.0608  -8.2279 -11.3694 -16.0518
-23.1749 -34.1667 -36.9254 -36.9254 -36.9254 -36.9254 -36.9254 -36.9254 -36.9254
-36.9254 -36.9254 -36.9254 -36.9254 -36.9254 -36.9254 -36.9254 -36.9254 -36.9254
  0.0000   0.5046   0.5046   0.5046   0.5044   0.5042   0.5037   0.5031   0.5020
  0.5001   0.4970   0.4917   0.4821   0.4634   0.4228   0.3236   0.0928  -0.3396
 -0.9120  -1.5888  -2.3740  -3.3131  -4.4922  -6.0534  -8.2240 -11.3636 -16.0423
-23.1616 -34.1503 -36.9025 -36.9025 -36.9025 -36.9025 -36.9025 -36.9025 -36.9025
-36.9025 -36.9025 -36.9025 -36.9025 -36.9025 -36.9025 -36.9025 -36.9025 -36.9025
  0.0000   0.4584   0.4583   0.4583   0.4582   0.4579   0.4575   0.4568   0.4558
  0.4542   0.4516   0.4475   0.4408   0.4290   0.4031   0.3301   0.1297  -0.2961
 -0.8848  -1.5774  -2.3712  -3.3134  -4.4926  -6.0529  -8.2222 -11.3612 -16.0392
-23.1580 -34.1465 -36.8982 -36.8982 -36.8982 -36.8982 -36.8982 -36.8982 -36.8982
-36.8982 -36.8982 -36.8982 -36.8982 -36.8982 -36.8982 -36.8982 -36.8982 -36.8982
  0.0000   0.4473   0.4473   0.4473   0.4472   0.4470   0.4467   0.4461   0.4451
  0.4435   0.4411   0.4373   0.4314   0.4214   0.3994   0.3321   0.1376  -0.2884
 -0.8809  -1.5762  -2.3712  -3.3135  -4.4926  -6.0526  -8.2218 -11.3607 -16.0385
-23.1573 -34.1458 -36.8974 -36.8974 -36.8974 -36.8974 -36.8974 -36.8974 -36.8974
-36.8974 -36.8974 -36.8974 -36.8974 -36.8974 -36.8974 -36.8974 -36.8974 -36.8974
 -4.0000   0.7244   0.7242   0.7240   0.7236   0.7231   0.7222   0.7207   0.7181
  0.7140   0.7066   0.6936   0.6685   0.6163   0.5046   0.2567  -0.1177  -0.6414
 -1.3035  -2.1266  -3.1766  -4.5708  -6.4999  -9.2676 -13.3581 -19.5420 -29.0434
-36.8506 -36.8506 -36.8506 -36.8506 -36.8506 -36.8506 -36.8506 -36.8506 -36.8506
-36.8506 -36.8506 -36.8506 -36.8506 -36.8506 -36.8506 -36.8506 -36.8506 -36.8506
 -3.0000   0.7244   0.7242   0.7240   0.7236   0.7231   0.7222   0.7207   0.7181
  0.7140   0.7066   0.6936   0.6685   0.6163   0.5046   0.2567  -0.1177  -0.6414
 -1.3035  -2.1266  -3.1766  -4.5708  -6.4999  -9.2676 -13.3581 -19.5420 -29.0434
-36.8506 -36.8506 -36.8506 -36.8506 -36.8506 -36.8506 -36.8506 -36.8506 -36.8506
-36.8506 -36.8506 -36.8506 -36.8506 -36.8506 -36.8506 -36.8506 -36.8506 -36.8506
 -2.0000   0.7244   0.7242   0.7240   0.7236   0.7231   0.7222   0.7207   0.7181
  0.7140   0.7066   0.6936   0.6685   0.6163   0.5046   0.2567  -0.1177  -0.6414
 -1.3035  -2.1266  -3.1766  -4.5708  -6.4999  -9.2676 -13.3581 -19.5420 -29.0434
-36.8506 -36.8506 -36.8506 -36.8506 -36.8506 -36.8506 -36.8506 -36.8506 -36.8506
-36.8506 -36.8506 -36.8506 -36.8506 -36.8506 -36.8506 -36.8506 -36.8506 -36.8506
 -1.0000   0.7243   0.7242   0.7240   0.7236   0.7231   0.7222   0.7207   0.7181
  0.7140   0.7066   0.6936   0.6685   0.6163   0.5046   0.2567  -0.1177  -0.6414
 -1.3035  -2.1266  -3.1766  -4.5708  -6.4999  -9.2676 -13.3581 -19.5420 -29.0434
-36.8506 -36.8506 -36.8506 -36.8506 -36.8506 -36.8506 -36.8506 -36.8506 -36.8506
-36.8506 -36.8506 -36.8506 -36.8506 -36.8506 -36.8506 -36.8506 -36.8506 -36.8506
  0.0000   0.7243   0.7242   0.7240   0.7236   0.7231   0.7222   0.7207   0.7181
  0.7140   0.7066   0.6936   0.6685   0.6163   0.5046   0.2567  -0.1177  -0.6414
 -1.3035  -2.1266  -3.1766  -4.5708  -6.4999  -9.2676 -13.3581 -19.5420 -29.0434
-36.8506 -36.8506 -36.8506 -36.8506 -36.8506 -36.8506 -36.8506 -36.8506 -36.8506
-36.8506 -36.8506 -36.8506 -36.8506 -36.8506 -36.8506 -36.8506 -36.8506 -36.8506
  0.0000   0.5623   0.5622   0.5620   0.5617   0.5612   0.5603   0.5590   0.5569
  0.5537   0.5489   0.5421   0.5319   0.5132   0.4706   0.3361   0.0687  -0.4314
 -1.1352  -2.0127  -3.1067  -4.5292  -6.4719  -9.2430 -13.3314 -19.5115 -29.0096
-36.8085 -36.8085 -36.8085 -36.8085 -36.8085 -36.8085 -36.8085 -36.8085 -36.8085
-36.8085 -36.8085 -36.8085 -36.8085 -36.8085 -36.8085 -36.8085 -36.8085 -36.8085
  0.0000   0.5020   0.5019   0.5018   0.5015   0.5010   0.5002   0.4989   0.4970
  0.4942   0.4905   0.4860   0.4811   0.4729   0.4508   0.3524   0.1230  -0.3755
 -1.1015  -1.9962  -3.0982  -4.5228  -6.4649  -9.2346 -13.3218 -19.5013 -28.9986
-36.7963 -36.7963 -36.7963 -36.7963 -36.7963 -36.7963 -36.7963 -36.7963 -36.7963
-36.7963 -36.7963 -36.7963 -36.7963 -36.7963 -36.7963 -36.7963 -36.7963 -36.7963
nl= 2 nu= 8
  0.0000  -1.4078  -1.4078  -1.4078  -1.4078  -1.4078  -1.4078  -1.4078  -1.4078
 -1.4078  -1.4078  -1.4078  -1.4078  -1.4078  -1.4078  -1.4079  -1.4079  -1.4081
 -1.4086  -1.4099  -1.4131  -1.4210  -1.4410  -1.4912  -1.6173  -1.9337  -2.7264
 -4.6034  -5.7947  -6.3261  -6.8413  -7.3508  -7.8576  -8.3676  -8.8771  -9.3839
 -9.9464 -10.7027 -11.2282 -11.7646 -12.3218 -12.9121 -13.5550 -14.2814
  0.0000  -1.5578  -1.5578  -1.5578  -1.5578  -1.5578  -1.5578  -1.5578  -1.5578
 -1.5578  -1.5578  -1.5578  -1.5578  -1.5578  -1.5578  -1.5578  -1.5578  -1.5579
 -1.5582  -1.5588  -1.5604  -1.5644  -1.5744  -1.5995  -1.6627  -1.8213  -2.2195
 -3.2168  -5.4361  -6.3078  -6.8309  -7.3431  -7.8519  -8.3633  -8.8742  -9.3819
 -9.9449 -10.7010 -11.2271 -11.7639 -12.3214 -12.9119 -13.5549 -14.2813
  0.0000  -1.7109  -1.7109  -1.7109  -1.7109  -1.7109  -1.7109  -1.7109  -1.7109
 -1.7109  -1.7109  -1.7109  -1.7109  -1.7109  -1.7109  -1.7109  -1.7109  -1.7110
 -1.7111  -1.7114  -1.7122  -1.7142  -1.7192  -1.7318  -1.7634  -1.8428  -2.0422
 -2.5429  -3.7964  -6.1930  -6.8212  -7.3378  -7.8477  -8.3604  -8.8727  -9.3818
 -9.9453 -10.7012 -11.2283 -11.7657 -12.3236 -12.9143 -13.5575 -14.2840
  0.0000  -1.8577  -1.8577  -1.8577  -1.8577  -1.8577  -1.8577  -1.8577  -1.8577
 -1.8577  -1.8577  -1.8577  -1.8577  -1.8577  -1.8577  -1.8577  -1.8577  -1.8578
 -1.8578  -1.8580  -1.8584  -1.8594  -1.8619  -1.8682  -1.8840  -1.9237  -2.0235
 -2.2741  -2.9033  -4.4771  -6.7869  -7.3265  -7.8378  -8.3504  -8.8633  -9.3737
 -9.9382 -10.6933 -11.2218 -11.7603 -12.3189 -12.9100 -13.5535 -14.2802
  0.0000  -2.0080  -2.0080  -2.0080  -2.0080  -2.0080  -2.0080  -2.0080  -2.0080
 -2.0080  -2.0080  -2.0081  -2.0081  -2.0081  -2.0081  -2.0081  -2.0081  -2.0081
 -2.0081  -2.0082  -2.0084  -2.0089  -2.0101  -2.0133  -2.0212  -2.0411  -2.0910
 -2.2163  -2.5312  -3.3218  -5.2932  -7.3155  -7.8341  -8.3454  -8.8571  -9.3676
 -9.9326 -10.6864 -11.2169 -11.7569 -12.3167 -12.9086 -13.5525 -14.2795
  0.0000  -2.1590  -2.1590  -2.1590  -2.1590  -2.1590  -2.1590  -2.1590  -2.1590
 -2.1590  -2.1590  -2.1590  -2.1590  -2.1590  -2.1590  -2.1590  -2.1590  -2.1590
 -2.1590  -2.1591  -2.1592  -2.1594  -2.1600  -2.1616  -2.1656  -2.1755  -2.2004
 -2.2631  -2.4206  -2.8161  -3.8093  -6.2616  -7.8320  -8.3458  -8.8544  -9.3625
 -9.9264 -10.6771 -11.2104 -11.7524 -12.3137 -12.9068 -13.5516 -14.2791
  0.0000  -2.3095  -2.3095  -2.3095  -2.3095  -2.3095  -2.3095  -2.3095  -2.3095
 -2.3095  -2.3095  -2.3095  -2.3095  -2.3095  -2.3095  -2.3095  -2.3095  -2.3095
 -2.3095  -2.3095  -2.3096  -2.3097  -2.3100  -2.3108  -2.3128  -2.3177  -2.3302
 -2.3616  -2.4403  -2.6381  -3.1349  -4.3824  -7.3393  -8.3487  -8.8572  -9.3609
 -9.9207 -10.6662 -11.2008 -11.7452 -12.3086 -12.9033 -13.5493 -14.2777
  0.0000  -1.0771  -1.0771  -1.0771  -1.0771  -1.0771  -1.0771  -1.0771  -1.0771
 -1.0771  -1.0771  -1.0771  -1.0771  -1.0771  -1.0772  -1.0774  -1.0777  -1.0786
 -1.0809  -1.0868  -1.1013  -1.1379  -1.2299  -1.4605  -2.0371  -3.4203  -4.7765
 -5.3194  -5.8360  -6.3463  -6.8539  -7.3601  -7.8702  -8.3815  -8.9296  -9.5729
-10.2188 -10.7504 -11.2997 -11.8772 -12.4999 -13.1941 -14.0017 -14.9892
  0.0000  -1.2204  -1.2204  -1.2204  -1.2204  -1.2204  -1.2204  -1.2204  -1.2204
 -1.2204  -1.2204  -1.2204  -1.2204  -1.2204  -1.2205  -1.2206  -1.2207  -1.2212
 -1.2224  -1.2253  -1.2326  -1.2510  -1.2972  -1.4133  -1.7046  -2.4330  -4.1407
 -5.2919  -5.8204  -6.3333  -6.8421  -7.3495  -7.8609  -8.3734  -8.9221  -9.5656
-10.2118 -10.7439 -11.2935 -11.8713 -12.4941 -13.1883 -13.9960 -14.9835
  0.0000  -1.3752  -1.3752  -1.3752  -1.3752  -1.3752  -1.3752  -1.3752  -1.3752
 -1.3752  -1.3752  -1.3752  -1.3752  -1.3752  -1.3752  -1.3752  -1.3753  -1.3756
 -1.3761  -1.3776  -1.3813  -1.3905  -1.4137  -1.4719  -1.6182  -1.9852  -2.9032
 -4.9345  -5.8120  -6.3313  -6.8409  -7.3488  -7.8612  -8.3749  -8.9245  -9.5681
-10.2147 -10.7476 -11.2977 -11.8759 -12.4989 -13.1933 -14.0011 -14.9886
  0.0000  -1.5260  -1.5260  -1.5260  -1.5260  -1.5260  -1.5260  -1.5260  -1.5260
 -1.5260  -1.5260  -1.5260  -1.5260  -1.5260  -1.5260  -1.5261  -1.5261  -1.5262
 -1.5265  -1.5272  -1.5291  -1.5337  -1.5453  -1.5745  -1.6478  -1.8318  -2.2937
 -3.4486  -5.6803  -6.3251  -6.8371  -7.3441  -7.8562  -8.3705  -8.9211  -9.5650
-10.2118 -10.7461 -11.2971 -11.8758 -12.4991 -13.1938 -14.0017 -14.9894
  0.0000  -1.6748  -1.6748  -1.6748  -1.6748  -1.6748  -1.6748  -1.6748  -1.6748
 -1.6748  -1.6748  -1.6748  -1.6748  -1.6748  -1.6748  -1.6748  -1.6749  -1.6749
 -1.6751  -1.6754  -1.6764  -1.6787  -1.6845  -1.6991  -1.7357  -1.8279  -2.0592
 -2.6401  -4.0908  -6.2915  -6.8341  -7.3405  -7.8499  -8.3632  -8.9138  -9.5574
-10.2046 -10.7406 -11.2930 -11.8727 -12.4966 -13.1917 -13.9998 -14.9877
  0.0000  -1.8289  -1.8289  -1.8289  -1.8289  -1.8289  -1.8289  -1.8289  -1.8289
 -1.8289  -1.8289  -1.8289  -1.8289  -1.8289  -1.8289  -1.8290  -1.8290  -1.8290
 -1.8291  -1.8292  -1.8297  -1.8309  -1.8338  -1.8411  -1.8594  -1.9055  -2.0213
 -2.3120  -3.0421  -4.8599  -6.8312  -7.3471  -7.8536  -8.3631  -8.9113  -9.5531
-10.2000 -10.7383 -11.2926 -11.8736 -12.4986 -13.1943 -14.0029 -14.9910
  0.0000  -1.9754  -1.9754  -1.9754  -1.9754  -1.9754  -1.9754  -1.9754  -1.9754
 -1.9754  -1.9754  -1.9754  -1.9754  -1.9754  -1.9754  -1.9754  -1.9755  -1.9755
 -1.9755  -1.9756  -1.9758  -1.9764  -1.9779  -1.9815  -1.9907  -2.0137  -2.0716
 -2.2171  -2.5824  -3.4996  -5.7626  -7.3450  -7.8557  -8.3610  -8.9041  -9.5415
-10.1858 -10.7260 -11.2825 -11.8655 -12.4918 -13.1886 -13.9978 -14.9863
  0.0000  -0.7512  -0.7512  -0.7512  -0.7512  -0.7512  -0.7512  -0.7512  -0.7512
 -0.7512  -0.7512  -0.7512  -0.7513  -0.7514  -0.7517  -0.7523  -0.7540  -0.7581
 -0.7686  -0.7948  -0.8607  -1.0259  -1.4371  -2.4206  -3.7353  -4.3125  -4.8309
 -5.3411  -5.8491  -6.3559  -6.8667  -7.3778  -7.9038  -8.4770  -9.2099  -9.7374
-10.2800 -10.8467 -11.4520 -12.1187 -12.8825 -13.8007 -14.9633 -16.5135
  0.0000  -0.8964  -0.8964  -0.8964  -0.8964  -0.8964  -0.8964  -0.8964  -0.8964
 -0.8964  -0.8964  -0.8964  -0.8964  -0.8964  -0.8966  -0.8969  -0.8978  -0.8999
 -0.9052  -0.9185  -0.9520  -1.0361  -1.2468  -1.7722  -3.0166  -4.2790  -4.8212
 -5.3344  -5.8425  -6.3500  -6.8618  -7.3741  -7.9010  -8.4745  -9.2075  -9.7357
-10.2786 -10.8456 -11.4511 -12.1179 -12.8818 -13.8000 -14.9627 -16.5128
  0.0000  -1.0446  -1.0446  -1.0446  -1.0446  -1.0446  -1.0446  -1.0446  -1.0446
 -1.0446  -1.0446  -1.0446  -1.0446  -1.0446  -1.0447  -1.0449  -1.0453  -1.0463
 -1.0490  -1.0558  -1.0727  -1.1151  -1.2217  -1.4890  -2.1559  -3.6994  -4.8041
 -5.3296  -5.8383  -6.3450  -6.8570  -7.3702  -7.8982  -8.4726  -9.2050  -9.7343
-10.2780 -10.8455 -11.4512 -12.1181 -12.8822 -13.8005 -14.9632 -16.5134
  0.0000  -1.1927  -1.1927  -1.1927  -1.1927  -1.1927  -1.1927  -1.1927  -1.1927
 -1.1927  -1.1927  -1.1927  -1.1927  -1.1927  -1.1927  -1.1928  -1.1930  -1.1936
 -1.1949  -1.1983  -1.2068  -1.2281  -1.2817  -1.4163  -1.7540  -2.5970  -4.4449
 -5.3207  -5.8355  -6.3407  -6.8511  -7.3641  -7.8927  -8.4678  -9.1996  -9.7304
-10.2752 -10.8434 -11.4497 -12.1169 -12.8812 -13.7996 -14.9623 -16.5126
  0.0000  -1.3436  -1.3436  -1.3436  -1.3436  -1.3436  -1.3436  -1.3436  -1.3436
 -1.3436  -1.3436  -1.3436  -1.3436  -1.3436  -1.3436  -1.3436  -1.3437  -1.3440
 -1.3447  -1.3464  -1.3506  -1.3614  -1.3882  -1.4558  -1.6254  -2.0511  -3.1134
 -5.1756  -5.8361  -6.3432  -6.8501  -7.3604  -7.8883  -8.4633  -9.1940  -9.7269
-10.2731 -10.8426 -11.4496 -12.1174 -12.8820 -13.8006 -14.9635 -16.5138
  0.0000  -1.4915  -1.4915  -1.4915  -1.4915  -1.4915  -1.4915  -1.4915  -1.4915
 -1.4915  -1.4915  -1.4915  -1.4915  -1.4915  -1.4915  -1.4915  -1.4916  -1.4917
 -1.4920  -1.4929  -1.4950  -1.5004  -1.5138  -1.5477  -1.6327  -1.8462  -2.3819
 -3.7175  -5.7973  -6.3460  -6.8518  -7.3574  -7.8815  -8.4546  -9.1823  -9.7176
-10.2660 -10.8370 -11.4453 -12.1139 -12.8790 -13.7980 -14.9611 -16.5116
  0.0000  -1.6464  -1.6464  -1.6464  -1.6464  -1.6464  -1.6464  -1.6464  -1.6464
 -1.6464  -1.6464  -1.6464  -1.6464  -1.6464  -1.6464  -1.6464  -1.6464  -1.6465
 -1.6466  -1.6471  -1.6481  -1.6508  -1.6575  -1.6745  -1.7170  -1.8239  -2.0923
 -2.7661  -4.4404  -6.3449  -6.8648  -7.3678  -7.8862  -8.4545  -9.1768  -9.7129
-10.2634 -10.8366 -11.4464 -12.1162 -12.8822 -13.8017 -14.9652 -16.5159
  0.0000  -0.4415  -0.4415  -0.4415  -0.4415  -0.4415  -0.4415  -0.4415  -0.4415
 -0.4415  -0.4415  -0.4416  -0.4418  -0.4422  -0.4434  -0.4462  -0.4533  -0.4713
 -0.5162  -0.6287  -0.9069  -1.5653  -2.6503  -3.3035  -3.8275  -4.3373  -4.8446
 -5.3517  -5.8628  -6.3736  -6.8815  -7.4446  -8.2007  -8.7268  -9.2637  -9.8212
-10.4117 -11.0547 -11.7811 -12.6398 -13.7082 -15.1089 -17.0364 -19.7989
  0.0000  -0.5776  -0.5776  -0.5776  -0.5776  -0.5776  -0.5776  -0.5776  -0.5776
 -0.5776  -0.5776  -0.5777  -0.5778  -0.5780  -0.5786  -0.5801  -0.5838  -0.5932
 -0.6167  -0.6758  -0.8235  -1.1898  -2.0526  -3.2334  -3.8178  -4.3328  -4.8396
 -5.3461  -5.8575  -6.3693  -6.8782  -7.4418  -8.1976  -8.7246  -9.2621  -9.8200
-10.4107 -11.0539 -11.7804 -12.6391 -13.7075 -15.1083 -17.0358 -19.7982
  0.0000  -0.7207  -0.7207  -0.7207  -0.7207  -0.7207  -0.7207  -0.7207  -0.7207
 -0.7207  -0.7207  -0.7207  -0.7208  -0.7209  -0.7212  -0.7220  -0.7239  -0.7287
 -0.7408  -0.7712  -0.8474  -1.0382  -1.5124  -2.6175  -3.7864  -4.3301  -4.8385
 -5.3432  -5.8536  -6.3656  -6.8755  -7.4397  -8.1949  -8.7232  -9.2616  -9.8200
-10.4111 -11.0545 -11.7812 -12.6400 -13.7085 -15.1093 -17.0369 -19.7993
  0.0000  -0.8652  -0.8652  -0.8652  -0.8652  -0.8652  -0.8652  -0.8652  -0.8652
 -0.8652  -0.8652  -0.8652  -0.8653  -0.8653  -0.8655  -0.8659  -0.8668  -0.8693
 -0.8754  -0.8909  -0.9297  -1.0270  -1.2710  -1.8777  -3.2598  -4.3151  -4.8383
 -5.3419  -5.8492  -6.3597  -6.8697  -7.4344  -8.1884  -8.7184  -9.2581  -9.8175
-10.4092 -11.0530 -11.7800 -12.6390 -13.7075 -15.1084 -17.0360 -19.7985
  0.0000  -1.0132  -1.0132  -1.0132  -1.0132  -1.0132  -1.0132  -1.0132  -1.0132
 -1.0132  -1.0132  -1.0132  -1.0132  -1.0133  -1.0134  -1.0135  -1.0140  -1.0153
 -1.0184  -1.0262  -1.0458  -1.0950  -1.2185  -1.5282  -2.2989  -3.9671  -4.8358
 -5.3470  -5.8510  -6.3573  -6.8651  -7.4291  -8.1807  -8.7129  -9.2544  -9.8152
-10.4079 -11.0524 -11.7798 -12.6391 -13.7078 -15.1088 -17.0365 -19.7990
  0.0000  -1.1639  -1.1639  -1.1639  -1.1639  -1.1639  -1.1639  -1.1639  -1.1639
 -1.1639  -1.1639  -1.1639  -1.1639  -1.1639  -1.1640  -1.1641  -1.1643  -1.1649
 -1.1665  -1.1704  -1.1803  -1.2050  -1.2672  -1.4233  -1.8147  -2.7890  -4.6780
 -5.3535  -5.8606  -6.3622  -6.8649  -7.4254  -8.1724  -8.7064  -9.2500  -9.8128
-10.4069 -11.0525 -11.7806 -12.6403 -13.7093 -15.1105 -17.0383 -19.8009
  0.0000  -1.3101  -1.3101  -1.3101  -1.3101  -1.3101  -1.3101  -1.3101  -1.3101
 -1.3101  -1.3101  -1.3101  -1.3101  -1.3101  -1.3101  -1.3101  -1.3103  -1.3106
 -1.3114  -1.3133  -1.3183  -1.3307  -1.3619  -1.4402  -1.6370  -2.1305  -3.3575
 -5.3037  -5.8662  -6.3687  -6.8656  -7.4202  -8.1603  -8.6933  -9.2382  -9.8031
-10.3993 -11.0461 -11.7753 -12.6357 -13.7052 -15.1067 -17.0346 -19.7974
  0.0000  -0.1697  -0.1697  -0.1697  -0.1697  -0.1697  -0.1697  -0.1697  -0.1698
 -0.1698  -0.1699  -0.1702  -0.1709  -0.1726  -0.1769  -0.1876  -0.2146  -0.2817
 -0.4469  -0.8343  -1.5689  -2.2768  -2.8189  -3.3317  -3.8387  -4.3456  -4.8527
 -5.3644  -5.8772  -6.4262  -7.0699  -7.7161  -8.2484  -8.7981  -9.3760  -9.9989
-10.6932 -11.5009 -12.4884 -13.7610 -15.4853 -17.9258 -21.5013 -26.8755
  0.0000  -0.2847  -0.2847  -0.2847  -0.2847  -0.2847  -0.2847  -0.2847  -0.2847
 -0.2847  -0.2848  -0.2850  -0.2853  -0.2863  -0.2887  -0.2948  -0.3100  -0.3480
 -0.4429  -0.6766  -1.2216  -2.1439  -2.8065  -3.3309  -3.8375  -4.3423  -4.8485
 -5.3605  -5.8742  -6.4240  -7.0676  -7.7142  -8.2473  -8.7975  -9.3757  -9.9987
-10.6931 -11.5009 -12.4885 -13.7611 -15.4855 -17.9260 -21.5014 -26.8757
  0.0000  -0.4115  -0.4115  -0.4115  -0.4115  -0.4115  -0.4115  -0.4115  -0.4115
 -0.4115  -0.4115  -0.4116  -0.4118  -0.4123  -0.4136  -0.4169  -0.4251  -0.4457
 -0.4973  -0.6262  -0.9442  -1.6808  -2.7296  -3.3262  -3.8386  -4.3412  -4.8449
 -5.3558  -5.8698  -6.4201  -7.0640  -7.7108  -8.2450  -8.7960  -9.3747  -9.9980
-10.6927 -11.5006 -12.4883 -13.7609 -15.4854 -17.9259 -21.5013 -26.8756
  0.0000  -0.5452  -0.5452  -0.5452  -0.5452  -0.5452  -0.5452  -0.5452  -0.5452
 -0.5452  -0.5453  -0.5453  -0.5454  -0.5457  -0.5464  -0.5481  -0.5524  -0.5632
 -0.5904  -0.6585  -0.8287  -1.2493  -2.2125  -3.2896  -3.8385  -4.3430  -4.8428
 -5.3504  -5.8631  -6.4134  -7.0571  -7.7041  -8.2398  -8.7920  -9.3715  -9.9954
-10.6904 -11.4985 -12.4863 -13.7591 -15.4836 -17.9241 -21.4996 -26.8738
  0.0000  -0.6920  -0.6920  -0.6920  -0.6920  -0.6920  -0.6920  -0.6920  -0.6920
 -0.6920  -0.6920  -0.6921  -0.6921  -0.6923  -0.6926  -0.6935  -0.6957  -0.7013
 -0.7153  -0.7504  -0.8386  -1.0591  -1.6050  -2.8262  -3.8318  -4.3553  -4.8540
 -5.3564  -5.8652  -6.4133  -7.0555  -7.7022  -8.2401  -8.7938  -9.3746  -9.9993
-10.6949 -11.5034 -12.4914 -13.7643 -15.4889 -17.9295 -21.5050 -26.8793
  0.0000  -0.8300  -0.8300  -0.8300  -0.8300  -0.8300  -0.8300  -0.8300  -0.8300
 -0.8300  -0.8300  -0.8300  -0.8301  -0.8301  -0.8303  -0.8308  -0.8319  -0.8347
 -0.8419  -0.8597  -0.9047  -1.0174  -1.2997  -1.9993  -3.4896  -4.3480  -4.8576
 -5.3568  -5.8595  -6.4027  -7.0410  -7.6858  -8.2254  -8.7814  -9.3638  -9.9898
-10.6863 -11.4953 -12.4837 -13.7569 -15.4816 -17.9223 -21.4979 -26.8722
  0.0000  -0.9806  -0.9806  -0.9806  -0.9806  -0.9806  -0.9806  -0.9806  -0.9806
 -0.9806  -0.9806  -0.9806  -0.9807  -0.9807  -0.9808  -0.9810  -0.9816  -0.9830
 -0.9866  -0.9956  -1.0184  -1.0754  -1.2185  -1.5772  -2.4662  -4.1781  -4.8673
 -5.3730  -5.8716  -6.4083  -7.0403  -7.6799  -8.2196  -8.7772  -9.3618  -9.9895
-10.6871 -11.4971 -12.4861 -13.7596 -15.4846 -17.9255 -21.5011 -26.8755
  0.0000   0.0222   0.0222   0.0222   0.0222   0.0222   0.0222   0.0222   0.0222
  0.0220   0.0217   0.0210   0.0190   0.0142   0.0021  -0.0280  -0.1021  -0.2778
 -0.6510  -1.2263  -1.7949  -2.3175  -2.8287  -3.3375  -3.8456  -4.3584  -4.8717
 -5.3996  -5.9737  -6.7065  -7.2352  -7.7785  -8.3458  -8.9514  -9.6182 -10.3822
-11.3005 -12.4631 -14.0133 -16.1777 -19.3155 -23.9961 -31.1219 -36.9999
  0.0000  -0.0522  -0.0522  -0.0522  -0.0522  -0.0522  -0.0522  -0.0522  -0.0522
 -0.0523  -0.0525  -0.0530  -0.0543  -0.0574  -0.0654  -0.0852  -0.1346  -0.2556
 -0.5386  -1.0979  -1.7666  -2.3180  -2.8316  -3.3371  -3.8428  -4.3546  -4.8682
 -5.3967  -5.9713  -6.7037  -7.2334  -7.7774  -8.3450  -8.9509  -9.6179 -10.3820
-11.3003 -12.4631 -14.0133 -16.1776 -19.3155 -23.9961 -31.1219 -36.9999
  0.0000  -0.1459  -0.1459  -0.1459  -0.1459  -0.1459  -0.1459  -0.1459  -0.1460
 -0.1460  -0.1461  -0.1464  -0.1472  -0.1491  -0.1539  -0.1660  -0.1963  -0.2715
 -0.4558  -0.8817  -1.6385  -2.3068  -2.8359  -3.3404  -3.8422  -4.3512  -4.8639
 -5.3925  -5.9678  -6.6997  -7.2305  -7.7755  -8.3438  -8.9502  -9.6174 -10.3817
-11.3001 -12.4629 -14.0132 -16.1776 -19.3154 -23.9961 -31.1219 -36.9999
  0.0000  -0.2573  -0.2573  -0.2573  -0.2573  -0.2573  -0.2573  -0.2573  -0.2573
 -0.2573  -0.2574  -0.2576  -0.2580  -0.2591  -0.2619  -0.2688  -0.2861  -0.3294
 -0.4373  -0.7018  -1.3059  -2.2209  -2.8353  -3.3478  -3.8465  -4.3509  -4.8604
 -5.3880  -5.9630  -6.6937  -7.2265  -7.7726  -8.3421  -8.9491  -9.6168 -10.3814
-11.3000 -12.4629 -14.0133 -16.1777 -19.3156 -23.9962 -31.1221 -37.0001
  0.0000  -0.3818  -0.3818  -0.3818  -0.3818  -0.3818  -0.3818  -0.3818  -0.3818
 -0.3818  -0.3818  -0.3819  -0.3821  -0.3827  -0.3842  -0.3880  -0.3974  -0.4211
 -0.4803  -0.6282  -0.9910  -1.8074  -2.7936  -3.3540  -3.8560  -4.3555  -4.8596
 -5.3835  -5.9567  -6.6848  -7.2196  -7.7678  -8.3384  -8.9466  -9.6151 -10.3802
-11.2991 -12.4622 -14.0126 -16.1772 -19.3151 -23.9958 -31.1217 -36.9997
  0.0000  -0.5162  -0.5162  -0.5162  -0.5162  -0.5162  -0.5162  -0.5162  -0.5162
 -0.5162  -0.5163  -0.5163  -0.5164  -0.5168  -0.5175  -0.5195  -0.5245  -0.5370
 -0.5683  -0.6468  -0.8429  -1.3250  -2.3832  -3.3396  -3.8679  -4.3678  -4.8660
 -5.3835  -5.9521  -6.6754  -7.2111  -7.7612  -8.3340  -8.9435  -9.6131 -10.3790
-11.2984 -12.4618 -14.0125 -16.1772 -19.3152 -23.9959 -31.1218 -36.9999
  0.0000  -0.6575  -0.6575  -0.6575  -0.6575  -0.6575  -0.6575  -0.6575  -0.6576
 -0.6576  -0.6576  -0.6576  -0.6577  -0.6578  -0.6582  -0.6592  -0.6618  -0.6682
 -0.6844  -0.7250  -0.8269  -1.0816  -1.7087  -3.0204  -3.8665  -4.3825  -4.8797
 -5.3910  -5.9530  -6.6690  -7.2025  -7.7534  -8.3281  -8.9396  -9.6106 -10.3775
-11.2977 -12.4616 -14.0126 -16.1774 -19.3155 -23.9964 -31.1223 -37.0005
  0.0000   0.1121   0.1121   0.1121   0.1121   0.1121   0.1121   0.1120   0.1120
  0.1117   0.1112   0.1099   0.1066   0.0982   0.0773   0.0255  -0.0976  -0.3562
 -0.7804  -1.2886  -1.8049  -2.3184  -2.8310  -3.3473  -3.8622  -4.3734  -4.9385
 -5.6942  -6.2224  -6.7607  -7.3190  -7.9101  -8.5534  -9.2801 -10.1389 -11.2073
-12.6081 -14.5357 -17.2981 -21.3838 -27.5667 -36.9997 -36.9997 -36.9997
  0.0000   0.0821   0.0821   0.0821   0.0821   0.0821   0.0821   0.0821   0.0820
  0.0818   0.0814   0.0803   0.0776   0.0707   0.0537   0.0114  -0.0907  -0.3201
 -0.7421  -1.2793  -1.8078  -2.3202  -2.8304  -3.3437  -3.8576  -4.3691  -4.9344
 -5.6896  -6.2187  -6.7578  -7.3167  -7.9081  -8.5517  -9.2785 -10.1374 -11.2059
-12.6067 -14.5343 -17.2968 -21.3825 -27.5654 -36.9984 -36.9984 -36.9984
  0.0000   0.0341   0.0341   0.0341   0.0341   0.0341   0.0340   0.0340   0.0340
  0.0338   0.0335   0.0327   0.0307   0.0256   0.0128  -0.0191  -0.0973  -0.2822
 -0.6700  -1.2499  -1.8126  -2.3300  -2.8363  -3.3449  -3.8562  -4.3669  -4.9321
 -5.6862  -6.2169  -6.7568  -7.3167  -7.9087  -8.5527  -9.2797 -10.1388 -11.2074
-12.6082 -14.5358 -17.2983 -21.3840 -27.5670 -37.0000 -37.0000 -37.0000
  0.0000  -0.0322  -0.0322  -0.0322  -0.0322  -0.0322  -0.0322  -0.0323  -0.0323
 -0.0324  -0.0326  -0.0332  -0.0345  -0.0380  -0.0467  -0.0685  -0.1226  -0.2549
 -0.5612  -1.1445  -1.7988  -2.3391  -2.8449  -3.3482  -3.8546  -4.3626  -4.9268
 -5.6785  -6.2109  -6.7526  -7.3135  -7.9064  -8.5510  -9.2784 -10.1377 -11.2065
-12.6075 -14.5351 -17.2977 -21.3834 -27.5664 -36.9994 -36.9994 -36.9994
  0.0000  -0.1213  -0.1213  -0.1213  -0.1213  -0.1213  -0.1213  -0.1213  -0.1213
 -0.1214  -0.1215  -0.1218  -0.1227  -0.1249  -0.1303  -0.1438  -0.1778  -0.2622
 -0.4680  -0.9351  -1.7062  -2.3405  -2.8585  -3.3591  -3.8593  -4.3617  -4.9225
 -5.6700  -6.2036  -6.7473  -7.3100  -7.9040  -8.5496  -9.2777 -10.1374 -11.2064
-12.6076 -14.5353 -17.2979 -21.3837 -27.5667 -36.9998 -36.9998 -36.9998
  0.0000  -0.2299  -0.2299  -0.2299  -0.2299  -0.2299  -0.2299  -0.2299  -0.2299
 -0.2300  -0.2301  -0.2303  -0.2308  -0.2320  -0.2351  -0.2430  -0.2627  -0.3120
 -0.4346  -0.7335  -1.3979  -2.2880  -2.8679  -3.3753  -3.8714  -4.3669  -4.9216
 -5.6624  -6.1951  -6.7400  -7.3048  -7.9007  -8.5474  -9.2765 -10.1369 -11.2063
-12.6077 -14.5357 -17.2984 -21.3842 -27.5672 -37.0004 -37.0004 -37.0004
  0.0000  -0.3525  -0.3525  -0.3525  -0.3525  -0.3525  -0.3525  -0.3525  -0.3525
 -0.3525  -0.3526  -0.3527  -0.3529  -0.3536  -0.3553  -0.3596  -0.3705  -0.3976
 -0.4655  -0.6347  -1.0473  -1.9384  -2.8443  -3.3872  -3.8875  -4.3782  -4.9261
 -5.6596  -6.1869  -6.7306  -7.2966  -7.8945  -8.5431  -9.2732 -10.1346 -11.2047
-12.6065 -14.5347 -17.2976 -21.3835 -27.5666 -36.9999 -36.9999 -36.9999
  0.0000   0.1312   0.1312   0.1312   0.1312   0.1312   0.1312   0.1312   0.1311
  0.1310   0.1306   0.1296   0.1268   0.1190   0.0957   0.0329  -0.1089  -0.3812
 -0.7945  -1.2862  -1.8003  -2.3189  -2.8399  -3.3611  -3.9148  -4.5606  -5.2084
 -5.7432  -6.2947  -6.8736  -7.4971  -8.1919  -8.9998  -9.9875 -11.2602 -12.9846
-15.4252 -19.0007 -24.3749 -32.6001 -36.9992 -36.9992 -36.9992 -36.9992
  0.0000   0.1211   0.1211   0.1211   0.1211   0.1211   0.1211   0.1210   0.1210
  0.1208   0.1203   0.1191   0.1160   0.1079   0.0865   0.0303  -0.1023  -0.3683
 -0.7876  -1.2875  -1.8026  -2.3183  -2.8384  -3.3585  -3.9121  -4.5576  -5.2057
 -5.7413  -6.2934  -6.8728  -7.4965  -8.1914  -8.9995  -9.9873 -11.2600 -12.9845
-15.4251 -19.0005 -24.3748 -32.5999 -36.9991 -36.9991 -36.9991 -36.9991
  0.0000   0.1092   0.1092   0.1092   0.1092   0.1092   0.1092   0.1092   0.1091
  0.1089   0.1084   0.1072   0.1040   0.0961   0.0762   0.0259  -0.0950  -0.3517
 -0.7795  -1.2937  -1.8111  -2.3236  -2.8387  -3.3558  -3.9085  -4.5534  -5.2014
 -5.7383  -6.2912  -6.8714  -7.4957  -8.1909  -8.9992  -9.9871 -11.2599 -12.9844
-15.4250 -19.0005 -24.3748 -32.5999 -36.9991 -36.9991 -36.9991 -36.9991
  0.0000   0.0875   0.0875   0.0875   0.0875   0.0875   0.0875   0.0875   0.0874
  0.0873   0.0868   0.0857   0.0829   0.0760   0.0586   0.0154  -0.0894  -0.3247
 -0.7555  -1.2974  -1.8245  -2.3342  -2.8428  -3.3549  -3.9049  -4.5479  -5.1952
 -5.7339  -6.2882  -6.8694  -7.4944  -8.1902  -8.9988  -9.9869 -11.2598 -12.9845
-15.4251 -19.0006 -24.3749 -32.6001 -36.9993 -36.9993 -36.9993 -36.9993
  0.0000   0.0492   0.0492   0.0492   0.0492   0.0492   0.0492   0.0492   0.0491
  0.0490   0.0487   0.0478   0.0456   0.0402   0.0265  -0.0075  -0.0909  -0.2874
 -0.6933  -1.2799  -1.8373  -2.3501  -2.8528  -3.3580  -3.9027  -4.5418  -5.1868
 -5.7268  -6.2830  -6.8657  -7.4919  -8.1884  -8.9976  -9.9861 -11.2592 -12.9840
-15.4247 -19.0003 -24.3747 -32.5999 -36.9991 -36.9991 -36.9991 -36.9991
  0.0000  -0.0125  -0.0125  -0.0125  -0.0125  -0.0125  -0.0125  -0.0125  -0.0125
 -0.0126  -0.0129  -0.0135  -0.0150  -0.0188  -0.0284  -0.0524  -0.1119  -0.2567
 -0.5883  -1.1947  -1.8357  -2.3680  -2.8699  -3.3689  -3.9066  -4.5392  -5.1792
 -5.7188  -6.2766  -6.8612  -7.4889  -8.1866  -8.9967  -9.9857 -11.2592 -12.9842
-15.4251 -19.0008 -24.3752 -32.6004 -36.9997 -36.9997 -36.9997 -36.9997
  0.0000  -0.0960  -0.0960  -0.0960  -0.0960  -0.0960  -0.0960  -0.0961  -0.0961
 -0.0961  -0.0963  -0.0967  -0.0976  -0.1001  -0.1061  -0.1214  -0.1594  -0.2538
 -0.4826  -0.9911  -1.7649  -2.3728  -2.8865  -3.3838  -3.9158  -4.5417  -5.1737
 -5.7093  -6.2668  -6.8531  -7.4827  -8.1819  -8.9930  -9.9829 -11.2569 -12.9822
-15.4233 -18.9991 -24.3736 -32.5989 -36.9983 -36.9983 -36.9983 -36.9983
  0.0000   0.1310   0.1310   0.1310   0.1310   0.1310   0.1310   0.1310   0.1311
  0.1311   0.1312   0.1311   0.1301   0.1236   0.0986   0.0325  -0.1110  -0.3819
 -0.7900  -1.2811  -1.8039  -2.3342  -2.8722  -3.4545  -4.1899  -4.7240  -5.2707
 -5.8403  -6.4474  -7.1151  -7.8797  -8.7983  -9.9611 -11.5115 -13.6759 -16.8138
-21.4944 -28.6202 -36.9983 -36.9983 -36.9983 -36.9983 -36.9983 -36.9983
  0.0000   0.1195   0.1195   0.1195   0.1195   0.1195   0.1195   0.1195   0.1195
  0.1195   0.1195   0.1195   0.1186   0.1132   0.0911   0.0294  -0.1066  -0.3712
 -0.7807  -1.2761  -1.8009  -2.3311  -2.8703  -3.4526  -4.1876  -4.7224  -5.2696
 -5.8396  -6.4469  -7.1148  -7.8795  -8.7981  -9.9611 -11.5114 -13.6759 -16.8137
-21.4944 -28.6202 -36.9983 -36.9983 -36.9983 -36.9983 -36.9983 -36.9983
  0.0000   0.1168   0.1168   0.1168   0.1168   0.1168   0.1168   0.1168   0.1167
  0.1167   0.1165   0.1160   0.1145   0.1088   0.0884   0.0298  -0.1031  -0.3668
 -0.7819  -1.2811  -1.8041  -2.3303  -2.8686  -3.4496  -4.1831  -4.7190  -5.2673
 -5.8378  -6.4459  -7.1142  -7.8791  -8.7979  -9.9610 -11.5114 -13.6759 -16.8138
-21.4945 -28.6203 -36.9984 -36.9984 -36.9984 -36.9984 -36.9984 -36.9984
  0.0000   0.1174   0.1174   0.1174   0.1174   0.1174   0.1174   0.1174   0.1173
  0.1171   0.1168   0.1158   0.1133   0.1063   0.0865   0.0318  -0.0982  -0.3625
 -0.7872  -1.2935  -1.8140  -2.3334  -2.8679  -3.4458  -4.1764  -4.7134  -5.2632
 -5.8350  -6.4439  -7.1128  -7.8782  -8.7973  -9.9606 -11.5111 -13.6757 -16.8136
-21.4943 -28.6202 -36.9983 -36.9983 -36.9983 -36.9983 -36.9983 -36.9983
  0.0000   0.1140   0.1140   0.1140   0.1140   0.1140   0.1140   0.1139   0.1139
  0.1137   0.1132   0.1120   0.1090   0.1013   0.0817   0.0313  -0.0914  -0.3525
 -0.7894  -1.3100  -1.8312  -2.3430  -2.8709  -3.4435  -4.1691  -4.7059  -5.2572
 -5.8308  -6.4409  -7.1109  -7.8770  -8.7966  -9.9601 -11.5109 -13.6756 -16.8136
-21.4943 -28.6202 -36.9984 -36.9984 -36.9984 -36.9984 -36.9984 -36.9984
  0.0000   0.0988   0.0988   0.0988   0.0988   0.0988   0.0988   0.0987   0.0987
  0.0985   0.0980   0.0969   0.0941   0.0869   0.0689   0.0241  -0.0849  -0.3297
 -0.7733  -1.3214  -1.8521  -2.3596  -2.8803  -3.4459  -4.1644  -4.6980  -5.2494
 -5.8246  -6.4366  -7.1079  -7.8751  -8.7954  -9.9594 -11.5104 -13.6753 -16.8135
-21.4943 -28.6202 -36.9985 -36.9985 -36.9985 -36.9985 -36.9985 -36.9985
  0.0000   0.0628   0.0628   0.0628   0.0628   0.0628   0.0628   0.0628   0.0627
  0.0625   0.0622   0.0613   0.0589   0.0531   0.0386   0.0023  -0.0867  -0.2952
 -0.7191  -1.3113  -1.8699  -2.3813  -2.8978  -3.4571  -4.1686  -4.6947  -5.2432
 -5.8189  -6.4325  -7.1056  -7.8740  -8.7953  -9.9600 -11.5114 -13.6766 -16.8150
-21.4959 -28.6219 -37.0003 -37.0003 -37.0003 -37.0003 -37.0003 -37.0003
  0.0000   0.1408   0.1408   0.1408   0.1408   0.1408   0.1408   0.1408   0.1408
  0.1408   0.1408   0.1407   0.1393   0.1318   0.1051   0.0370  -0.1098  -0.3837
 -0.7948  -1.2902  -1.8193  -2.3967  -3.1548  -3.6956  -4.2423  -4.8062  -5.4006
 -6.0464  -6.7744  -7.6341  -8.7031 -10.1042 -12.0320 -14.7946 -18.8804 -25.0634
-34.5703 -36.9964 -36.9964 -36.9964 -36.9964 -36.9964 -36.9964 -36.9964
  0.0000   0.1178   0.1178   0.1178   0.1178   0.1178   0.1179   0.1179   0.1179
  0.1180   0.1182   0.1185   0.1181   0.1128   0.0901   0.0296  -0.1035  -0.3635
 -0.7724  -1.2751  -1.8113  -2.3926  -3.1548  -3.6960  -4.2427  -4.8064  -5.4008
 -6.0464  -6.7744  -7.6341  -8.7031 -10.1042 -12.0319 -14.7945 -18.8803 -25.0633
-34.5702 -36.9963 -36.9963 -36.9963 -36.9963 -36.9963 -36.9963 -36.9963
  0.0000   0.1094   0.1094   0.1094   0.1094   0.1094   0.1094   0.1095   0.1095
  0.1097   0.1101   0.1109   0.1115   0.1078   0.0864   0.0276  -0.1014  -0.3576
 -0.7674  -1.2723  -1.8084  -2.3891  -3.1515  -3.6930  -4.2403  -4.8048  -5.3996
 -6.0457  -6.7739  -7.6338  -8.7029 -10.1040 -12.0318 -14.7945 -18.8803 -25.0633
-34.5702 -36.9963 -36.9963 -36.9963 -36.9963 -36.9963 -36.9963 -36.9963
  0.0000   0.1099   0.1099   0.1099   0.1099   0.1099   0.1099   0.1099   0.1100
  0.1102   0.1106   0.1114   0.1123   0.1093   0.0888   0.0297  -0.0994  -0.3580
 -0.7730  -1.2791  -1.8113  -2.3872  -3.1465  -3.6874  -4.2356  -4.8012  -5.3972
 -6.0439  -6.7727  -7.6329  -8.7022 -10.1036 -12.0315 -14.7942 -18.8800 -25.0630
-34.5699 -36.9961 -36.9961 -36.9961 -36.9961 -36.9961 -36.9961 -36.9961
  0.0000   0.1162   0.1162   0.1162   0.1162   0.1162   0.1162   0.1162   0.1162
  0.1163   0.1164   0.1165   0.1163   0.1124   0.0932   0.0345  -0.0965  -0.3609
 -0.7858  -1.2950  -1.8213  -2.3896  -3.1431  -3.6807  -4.2290  -4.7960  -5.3935
 -6.0413  -6.7710  -7.6319  -8.7016 -10.1032 -12.0313 -14.7941 -18.8800 -25.0631
-34.5700 -36.9962 -36.9962 -36.9962 -36.9962 -36.9962 -36.9962 -36.9962
  0.0000   0.1243   0.1243   0.1243   0.1243   0.1243   0.1243   0.1242   0.1242
  0.1241   0.1238   0.1231   0.1211   0.1151   0.0961   0.0405  -0.0909  -0.3600
 -0.7978  -1.3149  -1.8374  -2.3973  -3.1444  -3.6748  -4.2204  -4.7879  -5.3870
 -6.0365  -6.7673  -7.6291  -8.6995 -10.1015 -12.0298 -14.7928 -18.8788 -25.0619
-34.5689 -36.9952 -36.9952 -36.9952 -36.9952 -36.9952 -36.9952 -36.9952
  0.0000   0.1228   0.1228   0.1228   0.1228   0.1228   0.1228   0.1228   0.1227
  0.1225   0.1221   0.1209   0.1180   0.1106   0.0911   0.0399  -0.0858  -0.3533
 -0.8033  -1.3355  -1.8596  -2.4140  -3.1580  -3.6771  -4.2160  -4.7817  -5.3816
 -6.0327  -6.7652  -7.6280  -8.6993 -10.1019 -12.0306 -14.7938 -18.8799 -25.0632
-34.5702 -36.9966 -36.9966 -36.9966 -36.9966 -36.9966 -36.9966 -36.9966
  0.0000   0.1773   0.1773   0.1773   0.1773   0.1773   0.1773   0.1773   0.1773
  0.1772   0.1771   0.1765   0.1741   0.1638   0.1316   0.0529  -0.1123  -0.4060
 -0.8250  -1.3432  -1.9616  -2.6476  -3.1970  -3.7605  -4.3487  -4.9788  -5.6780
 -6.4888  -7.4785  -8.7523 -10.4776 -12.9185 -16.4943 -21.8687 -30.0940 -36.9934
-36.9934 -36.9934 -36.9934 -36.9934 -36.9934 -36.9934 -36.9934 -36.9934
  0.0000   0.1309   0.1309   0.1309   0.1309   0.1309   0.1309   0.1309   0.1308
  0.1308   0.1306   0.1302   0.1286   0.1221   0.0991   0.0386  -0.0967  -0.3612
 -0.7748  -1.3073  -1.9426  -2.6487  -3.2034  -3.7673  -4.3542  -4.9826  -5.6806
 -6.4905  -7.4794  -8.7528 -10.4777 -12.9186 -16.4942 -21.8686 -30.0937 -36.9931
-36.9931 -36.9931 -36.9931 -36.9931 -36.9931 -36.9931 -36.9931 -36.9931
  0.0000   0.1137   0.1137   0.1137   0.1137   0.1137   0.1137   0.1137   0.1137
  0.1138   0.1139   0.1140   0.1134   0.1086   0.0882   0.0324  -0.0933  -0.3465
 -0.7573  -1.2950  -1.9364  -2.6472  -3.2027  -3.7670  -4.3540  -4.9824  -5.6804
 -6.4903  -7.4792  -8.7526 -10.4775 -12.9184 -16.4940 -21.8684 -30.0935 -36.9929
-36.9929 -36.9929 -36.9929 -36.9929 -36.9929 -36.9929 -36.9929 -36.9929
  0.0000   0.1083   0.1083   0.1083   0.1083   0.1083   0.1083   0.1084   0.1084
  0.1087   0.1092   0.1101   0.1111   0.1079   0.0876   0.0316  -0.0925  -0.3443
 -0.7554  -1.2943  -1.9356  -2.6437  -3.1987  -3.7635  -4.3514  -4.9806  -5.6791
 -6.4894  -7.4786  -8.7522 -10.4773 -12.9181 -16.4938 -21.8682 -30.0934 -36.9928
-36.9928 -36.9928 -36.9928 -36.9928 -36.9928 -36.9928 -36.9928 -36.9928
  0.0000   0.1101   0.1101   0.1101   0.1101   0.1101   0.1101   0.1102   0.1104
  0.1107   0.1116   0.1135   0.1160   0.1141   0.0931   0.0352  -0.0915  -0.3483
 -0.7643  -1.3034  -1.9413  -2.6408  -3.1929  -3.7576  -4.3467  -4.9772  -5.6766
 -6.4877  -7.4775  -8.7514 -10.4767 -12.9177 -16.4935 -21.8679 -30.0931 -36.9926
-36.9926 -36.9926 -36.9926 -36.9926 -36.9926 -36.9926 -36.9926 -36.9926
  0.0000   0.1167   0.1167   0.1167   0.1167   0.1167   0.1167   0.1168   0.1169
  0.1173   0.1182   0.1199   0.1225   0.1213   0.1006   0.0406  -0.0899  -0.3544
 -0.7798  -1.3213  -1.9558  -2.6432  -3.1883  -3.7510  -4.3406  -4.9726  -5.6735
 -6.4855  -7.4761  -8.7506 -10.4763 -12.9175 -16.4934 -21.8679 -30.0932 -36.9928
-36.9928 -36.9928 -36.9928 -36.9928 -36.9928 -36.9928 -36.9928 -36.9928
  0.0000   0.1257   0.1257   0.1257   0.1257   0.1257   0.1257   0.1257   0.1258
  0.1259   0.1262   0.1269   0.1276   0.1250   0.1060   0.0463  -0.0871  -0.3586
 -0.7954  -1.3432  -1.9779  -2.6542  -3.1885  -3.7458  -4.3341  -4.9671  -5.6695
 -6.4830  -7.4743  -8.7497 -10.4758 -12.9173 -16.4935 -21.8681 -30.0935 -36.9932
-36.9932 -36.9932 -36.9932 -36.9932 -36.9932 -36.9932 -36.9932 -36.9932
  0.0000   0.2940   0.2940   0.2940   0.2940   0.2940   0.2940   0.2940   0.2940
  0.2940   0.2941   0.2937   0.2891   0.2695   0.2127   0.0875  -0.1409  -0.5052
 -1.0186  -1.7299  -2.2790  -2.7962  -3.3405  -3.9289  -4.5850  -5.3444  -6.2630
 -7.4294  -8.9847 -11.1539 -14.2956 -18.9791 -26.1069 -36.9885 -36.9885 -36.9885
-36.9885 -36.9885 -36.9885 -36.9885 -36.9885 -36.9885 -36.9885 -36.9885
  0.0000   0.1779   0.1779   0.1779   0.1779   0.1779   0.1778   0.1778   0.1777
  0.1774   0.1769   0.1758   0.1728   0.1633   0.1348   0.0634  -0.0877  -0.3769
 -0.8476  -1.5161  -2.1370  -2.7067  -3.2929  -3.9120  -4.5880  -5.3579  -6.2800
 -7.4453  -8.9970 -11.1623 -14.3008 -18.9818 -26.1078 -36.9862 -36.9862 -36.9862
-36.9862 -36.9862 -36.9862 -36.9862 -36.9862 -36.9862 -36.9862 -36.9862
  0.0000   0.1430   0.1430   0.1430   0.1430   0.1430   0.1430   0.1429   0.1428
  0.1426   0.1421   0.1411   0.1386   0.1314   0.1093   0.0513  -0.0767  -0.3403
 -0.8039  -1.4863  -2.1321  -2.7095  -3.2976  -3.9162  -4.5910  -5.3597  -6.2812
 -7.4458  -8.9971 -11.1622 -14.3004 -18.9813 -26.1073 -36.9856 -36.9856 -36.9856
-36.9856 -36.9856 -36.9856 -36.9856 -36.9856 -36.9856 -36.9856 -36.9856
  0.0000   0.1278   0.1278   0.1278   0.1278   0.1278   0.1278   0.1278   0.1277
  0.1276   0.1273   0.1267   0.1253   0.1194   0.0985   0.0427  -0.0790  -0.3342
 -0.7948  -1.4849  -2.1209  -2.7118  -3.3004  -3.9193  -4.5943  -5.3633  -6.2849
 -7.4495  -9.0009 -11.1660 -14.3043 -18.9852 -26.1112 -36.9895 -36.9895 -36.9895
-36.9895 -36.9895 -36.9895 -36.9895 -36.9895 -36.9895 -36.9895 -36.9895
  0.0000   0.1305   0.1305   0.1305   0.1305   0.1305   0.1305   0.1305   0.1306
  0.1306   0.1308   0.1312   0.1312   0.1268   0.1050   0.0472  -0.0750  -0.3312
 -0.7942  -1.4886  -2.1156  -2.7036  -3.2920  -3.9118  -4.5878  -5.3577  -6.2797
 -7.4448  -8.9964 -11.1617 -14.3001 -18.9811 -26.1071 -36.9855 -36.9855 -36.9855
-36.9855 -36.9855 -36.9855 -36.9855 -36.9855 -36.9855 -36.9855 -36.9855
  0.0000   0.1339   0.1339   0.1339   0.1339   0.1339   0.1339   0.1339   0.1341
  0.1344   0.1351   0.1366   0.1384   0.1354   0.1122   0.0511  -0.0743  -0.3369
 -0.8065  -1.5079  -2.1191  -2.6996  -3.2861  -3.9063  -4.5836  -5.3548  -6.2775
 -7.4434  -8.9955 -11.1611 -14.2997 -18.9808 -26.1069 -36.9854 -36.9854 -36.9854
-36.9854 -36.9854 -36.9854 -36.9854 -36.9854 -36.9854 -36.9854 -36.9854
  0.0000   0.1389   0.1389   0.1389   0.1389   0.1389   0.1389   0.1390   0.1392
  0.1396   0.1405   0.1425   0.1451   0.1429   0.1193   0.0558  -0.0734  -0.3440
 -0.8240  -1.5368  -2.1304  -2.7001  -3.2818  -3.9011  -4.5792  -5.3517  -6.2757
 -7.4422  -8.9951 -11.1611 -14.2999 -18.9812 -26.1074 -36.9861 -36.9861 -36.9861
-36.9861 -36.9861 -36.9861 -36.9861 -36.9861 -36.9861 -36.9861 -36.9861
 -1.0000   0.3169   0.3169   0.3168   0.3168   0.3168   0.3167   0.3165   0.3162
  0.3156   0.3145   0.3119   0.3046   0.2838   0.2322   0.1211  -0.1202  -0.5914
 -1.1837  -1.7262  -2.2749  -2.8541  -3.4921  -4.2199  -5.0842  -6.1599  -7.5676
 -9.5006 -12.2670 -16.3555 -22.5402 -32.0482 -36.9764 -36.9764 -36.9764 -36.9764
-36.9764 -36.9764 -36.9764 -36.9764 -36.9764 -36.9764 -36.9764 -36.9764
  0.0000   0.3168   0.3168   0.3168   0.3168   0.3168   0.3167   0.3165   0.3162
  0.3156   0.3145   0.3119   0.3046   0.2838   0.2322   0.1211  -0.1202  -0.5914
 -1.1837  -1.7262  -2.2749  -2.8541  -3.4921  -4.2199  -5.0842  -6.1599  -7.5676
 -9.5006 -12.2670 -16.3555 -22.5402 -32.0482 -36.9764 -36.9764 -36.9764 -36.9764
-36.9764 -36.9764 -36.9764 -36.9764 -36.9764 -36.9764 -36.9764 -36.9764
 -1.0000   0.1991   0.1991   0.1991   0.1991   0.1991   0.1990   0.1988   0.1985
  0.1979   0.1968   0.1944   0.1894   0.1785   0.1524   0.0897  -0.0590  -0.3952
 -0.9827  -1.6073  -2.2175  -2.8369  -3.4981  -4.2359  -5.1015  -6.1742  -7.5776
 -9.5068 -12.2702 -16.3565 -22.5398 -32.0468 -36.9734 -36.9734 -36.9734 -36.9734
-36.9734 -36.9734 -36.9734 -36.9734 -36.9734 -36.9734 -36.9734 -36.9734
  0.0000   0.1993   0.1993   0.1992   0.1992   0.1992   0.1991   0.1990   0.1987
  0.1981   0.1970   0.1946   0.1896   0.1787   0.1526   0.0899  -0.0588  -0.3949
 -0.9824  -1.6071  -2.2173  -2.8367  -3.4979  -4.2357  -5.1013  -6.1740  -7.5774
 -9.5066 -12.2700 -16.3563 -22.5396 -32.0466 -36.9732 -36.9732 -36.9732 -36.9732
-36.9732 -36.9732 -36.9732 -36.9732 -36.9732 -36.9732 -36.9732 -36.9732
  0.0000   0.1989   0.1989   0.1989   0.1989   0.1988   0.1988   0.1987   0.1984
  0.1978   0.1968   0.1946   0.1899   0.1790   0.1528   0.0907  -0.0577  -0.3955
 -0.9850  -1.6066  -2.2152  -2.8343  -3.4959  -4.2341  -5.1001  -6.1731  -7.5767
 -9.5060 -12.2695 -16.3559 -22.5392 -32.0463 -36.9729 -36.9729 -36.9729 -36.9729
-36.9729 -36.9729 -36.9729 -36.9729 -36.9729 -36.9729 -36.9729 -36.9729
  0.0000   0.2061   0.2061   0.2061   0.2061   0.2061   0.2061   0.2060   0.2058
  0.2053   0.2044   0.2026   0.1982   0.1872   0.1594   0.0956  -0.0590  -0.4117
 -1.0035  -1.6121  -2.2137  -2.8305  -3.4922  -4.2312  -5.0982  -6.1718  -7.5760
 -9.5057 -12.2694 -16.3559 -22.5394 -32.0465 -36.9732 -36.9732 -36.9732 -36.9732
-36.9732 -36.9732 -36.9732 -36.9732 -36.9732 -36.9732 -36.9732 -36.9732
  1.0000   0.2059   0.2059   0.2059   0.2059   0.2058   0.2058   0.2058   0.2056
  0.2052   0.2043   0.2024   0.1980   0.1871   0.1594   0.0955  -0.0589  -0.4114
 -1.0032  -1.6120  -2.2136  -2.8305  -3.4922  -4.2312  -5.0982  -6.1718  -7.5760
 -9.5057 -12.2694 -16.3559 -22.5394 -32.0465 -36.9732 -36.9732 -36.9732 -36.9732
-36.9732 -36.9732 -36.9732 -36.9732 -36.9732 -36.9732 -36.9732 -36.9732
 -2.0000   0.3855   0.3854   0.3854   0.3853   0.3852   0.3850   0.3846   0.3839
  0.3825   0.3798   0.3741   0.3618   0.3335   0.2673   0.1137  -0.2047  -0.6777
 -1.2151  -1.7829  -2.4036  -3.1024  -3.9189  -4.9166  -6.1984  -7.9300 -10.3757
-13.9547 -19.3313 -27.5579 -36.9596 -36.9596 -36.9596 -36.9596 -36.9596 -36.9596
-36.9596 -36.9596 -36.9596 -36.9596 -36.9596 -36.9596 -36.9596 -36.9596
 -1.0000   0.3854   0.3854   0.3854   0.3853   0.3852   0.3850   0.3846   0.3839
  0.3825   0.3798   0.3741   0.3618   0.3335   0.2673   0.1137  -0.2047  -0.6777
 -1.2151  -1.7829  -2.4036  -3.1024  -3.9189  -4.9166  -6.1984  -7.9300 -10.3757
-13.9547 -19.3313 -27.5579 -36.9596 -36.9596 -36.9596 -36.9596 -36.9596 -36.9596
-36.9596 -36.9596 -36.9596 -36.9596 -36.9596 -36.9596 -36.9596 -36.9596
  0.0000   0.3854   0.3854   0.3853   0.3853   0.3852   0.3850   0.3846   0.3839
  0.3825   0.3798   0.3741   0.3618   0.3335   0.2673   0.1137  -0.2047  -0.6777
 -1.2151  -1.7829  -2.4036  -3.1024  -3.9189  -4.9166  -6.1984  -7.9300 -10.3757
-13.9547 -19.3313 -27.5579 -36.9596 -36.9596 -36.9596 -36.9596 -36.9596 -36.9596
-36.9596 -36.9596 -36.9596 -36.9596 -36.9596 -36.9596 -36.9596 -36.9596
  0.0000   0.2911   0.2911   0.2911   0.2910   0.2910   0.2908   0.2904   0.2898
  0.2887   0.2866   0.2826   0.2743   0.2565   0.2162   0.1224  -0.1000  -0.5397
 -1.1135  -1.7339  -2.3876  -3.1048  -3.9282  -4.9261  -6.2051  -7.9337 -10.3767
-13.9537 -19.3289 -27.5547 -36.9548 -36.9548 -36.9548 -36.9548 -36.9548 -36.9548
-36.9548 -36.9548 -36.9548 -36.9548 -36.9548 -36.9548 -36.9548 -36.9548
  0.0000   0.2759   0.2759   0.2759   0.2759   0.2758   0.2756   0.2753   0.2747
  0.2737   0.2717   0.2679   0.2604   0.2442   0.2081   0.1235  -0.0846  -0.5211
 -1.1045  -1.7319  -2.3884  -3.1062  -3.9294  -4.9267  -6.2052  -7.9335 -10.3763
-13.9532 -19.3283 -27.5540 -36.9540 -36.9540 -36.9540 -36.9540 -36.9540 -36.9540
-36.9540 -36.9540 -36.9540 -36.9540 -36.9540 -36.9540 -36.9540 -36.9540
  0.0000   0.2858   0.2858   0.2857   0.2857   0.2857   0.2855   0.2852   0.2847
  0.2836   0.2816   0.2776   0.2696   0.2523   0.2133   0.1230  -0.0945  -0.5339
 -1.1109  -1.7335  -2.3878  -3.1052  -3.9286  -4.9264  -6.2054  -7.9339 -10.3769
-13.9539 -19.3291 -27.5548 -36.9549 -36.9549 -36.9549 -36.9549 -36.9549 -36.9549
-36.9549 -36.9549 -36.9549 -36.9549 -36.9549 -36.9549 -36.9549 -36.9549
  0.0000   0.3023   0.3023   0.3023   0.3022   0.3022   0.3021   0.3018   0.3013
  0.3002   0.2981   0.2938   0.2851   0.2661   0.2232   0.1228  -0.1112  -0.5567
 -1.1233  -1.7370  -2.3870  -3.1031  -3.9268  -4.9253  -6.2049  -7.9336 -10.3772
-13.9545 -19.3298 -27.5556 -36.9559 -36.9559 -36.9559 -36.9559 -36.9559 -36.9559
-36.9559 -36.9559 -36.9559 -36.9559 -36.9559 -36.9559 -36.9559 -36.9559
 -3.0000   0.4221   0.4220   0.4219   0.4217   0.4215   0.4210   0.4203   0.4190
  0.4167   0.4126   0.4047   0.3890   0.3552   0.2788   0.1062  -0.2251  -0.6994
 -1.2819  -1.9502  -2.7257  -3.6587  -4.8354  -6.3969  -8.5694 -11.7127 -16.3970
-23.5252 -34.5278 -36.9072 -36.9072 -36.9072 -36.9072 -36.9072 -36.9072 -36.9072
-36.9072 -36.9072 -36.9072 -36.9072 -36.9072 -36.9072 -36.9072 -36.9072
 -2.0000   0.4220   0.4220   0.4219   0.4217   0.4215   0.4210   0.4203   0.4190
  0.4167   0.4126   0.4047   0.3890   0.3552   0.2788   0.1062  -0.2251  -0.6994
 -1.2819  -1.9502  -2.7257  -3.6587  -4.8354  -6.3969  -8.5694 -11.7127 -16.3970
-23.5252 -34.5278 -36.9072 -36.9072 -36.9072 -36.9072 -36.9072 -36.9072 -36.9072
-36.9072 -36.9072 -36.9072 -36.9072 -36.9072 -36.9072 -36.9072 -36.9072
 -1.0000   0.4220   0.4220   0.4219   0.4217   0.4215   0.4210   0.4203   0.4190
  0.4167   0.4126   0.4047   0.3890   0.3552   0.2788   0.1062  -0.2251  -0.6994
 -1.2819  -1.9502  -2.7257  -3.6587  -4.8354  -6.3969  -8.5694 -11.7127 -16.3970
-23.5252 -34.5278 -36.9072 -36.9072 -36.9072 -36.9072 -36.9072 -36.9072 -36.9072
-36.9072 -36.9072 -36.9072 -36.9072 -36.9072 -36.9072 -36.9072 -36.9072
  0.0000   0.4219   0.4219   0.4219   0.4217   0.4215   0.4210   0.4203   0.4190
  0.4167   0.4126   0.4047   0.3890   0.3552   0.2788   0.1062  -0.2251  -0.6994
 -1.2819  -1.9502  -2.7257  -3.6587  -4.8354  -6.3969  -8.5694 -11.7127 -16.3970
-23.5252 -34.5278 -36.9072 -36.9072 -36.9072 -36.9072 -36.9072 -36.9072 -36.9072
-36.9072 -36.9072 -36.9072 -36.9072 -36.9072 -36.9072 -36.9072 -36.9072
  0.0000   0.3220   0.3220   0.3220   0.3218   0.3216   0.3212   0.3206   0.3195
  0.3178   0.3151   0.3108   0.3036   0.2895   0.2545   0.1489  -0.1255  -0.6073
 -1.2278  -1.9275  -2.7207  -3.6603  -4.8375  -6.3969  -8.5668 -11.7084 -16.3912
-23.5183 -34.5203 -36.8985 -36.8985 -36.8985 -36.8985 -36.8985 -36.8985 -36.8985
-36.8985 -36.8985 -36.8985 -36.8985 -36.8985 -36.8985 -36.8985 -36.8985
  0.0000   0.3042   0.3042   0.3042   0.3041   0.3039   0.3035   0.3029   0.3019
  0.3003   0.2979   0.2943   0.2886   0.2783   0.2506   0.1558  -0.1107  -0.5956
 -1.2228  -1.9263  -2.7208  -3.6606  -4.8374  -6.3964  -8.5660 -11.7074 -16.3900
-23.5171 -34.5190 -36.8971 -36.8971 -36.8971 -36.8971 -36.8971 -36.8971 -36.8971
-36.8971 -36.8971 -36.8971 -36.8971 -36.8971 -36.8971 -36.8971 -36.8971
  0.0000   0.3089   0.3089   0.3089   0.3088   0.3087   0.3084   0.3078   0.3068
  0.3052   0.3028   0.2990   0.2931   0.2826   0.2535   0.1542  -0.1173  -0.6018
 -1.2258  -1.9272  -2.7208  -3.6605  -4.8374  -6.3966  -8.5664 -11.7079 -16.3906
-23.5177 -34.5196 -36.8978 -36.8978 -36.8978 -36.8978 -36.8978 -36.8978 -36.8978
-36.8978 -36.8978 -36.8978 -36.8978 -36.8978 -36.8978 -36.8978 -36.8978
 -4.0000   0.4480   0.4478   0.4476   0.4473   0.4467   0.4458   0.4445   0.4422
  0.4388   0.4335   0.4251   0.4107   0.3796   0.3032   0.1297  -0.2388  -0.7991
 -1.5134  -2.3848  -3.4724  -4.8916  -6.8338  -9.6068 -13.6995 -19.8870 -29.3969
-36.8278 -36.8278 -36.8278 -36.8278 -36.8278 -36.8278 -36.8278 -36.8278 -36.8278
-36.8278 -36.8278 -36.8278 -36.8278 -36.8278 -36.8278 -36.8278 -36.8278
 -3.0000   0.4480   0.4478   0.4476   0.4473   0.4467   0.4458   0.4445   0.4422
  0.4388   0.4335   0.4251   0.4107   0.3796   0.3032   0.1297  -0.2388  -0.7991
 -1.5134  -2.3848  -3.4724  -4.8916  -6.8338  -9.6068 -13.6995 -19.8870 -29.3969
-36.8278 -36.8278 -36.8278 -36.8278 -36.8278 -36.8278 -36.8278 -36.8278 -36.8278
-36.8278 -36.8278 -36.8278 -36.8278 -36.8278 -36.8278 -36.8278 -36.8278
 -2.0000   0.4480   0.4478   0.4476   0.4473   0.4467   0.4458   0.4445   0.4422
  0.4388   0.4335   0.4251   0.4107   0.3796   0.3032   0.1297  -0.2388  -0.7991
 -1.5134  -2.3848  -3.4724  -4.8916  -6.8338  -9.6068 -13.6995 -19.8870 -29.3969
-36.8278 -36.8278 -36.8278 -36.8278 -36.8278 -36.8278 -36.8278 -36.8278 -36.8278
-36.8278 -36.8278 -36.8278 -36.8278 -36.8278 -36.8278 -36.8278 -36.8278
 -1.0000   0.4479   0.4478   0.4476   0.4473   0.4467   0.4458   0.4445   0.4422
  0.4388   0.4335   0.4251   0.4107   0.3796   0.3032   0.1297  -0.2388  -0.7991
 -1.5134  -2.3848  -3.4724  -4.8916  -6.8338  -9.6068 -13.6995 -19.8870 -29.3969
-36.8278 -36.8278 -36.8278 -36.8278 -36.8278 -36.8278 -36.8278 -36.8278 -36.8278
-36.8278 -36.8278 -36.8278 -36.8278 -36.8278 -36.8278 -36.8278 -36.8278
  0.0000   0.4479   0.4478   0.4476   0.4473   0.4467   0.4458   0.4445   0.4422
  0.4388   0.4335   0.4251   0.4107   0.3796   0.3032   0.1297  -0.2388  -0.7991
 -1.5134  -2.3848  -3.4724  -4.8916  -6.8338  -9.6068 -13.6995 -19.8870 -29.3969
-36.8278 -36.8278 -36.8278 -36.8278 -36.8278 -36.8278 -36.8278 -36.8278 -36.8278
-36.8278 -36.8278 -36.8278 -36.8278 -36.8278 -36.8278 -36.8278 -36.8278
  0.0000   0.3545   0.3544   0.3543   0.3540   0.3534   0.3526   0.3514   0.3494
  0.3467   0.3434   0.3392   0.3351   0.3248   0.2900   0.1802  -0.1464  -0.7232
 -1.4715  -2.3665  -3.4649  -4.8867  -6.8278  -9.5987 -13.6895 -19.8758 -29.3845
-36.8136 -36.8136 -36.8136 -36.8136 -36.8136 -36.8136 -36.8136 -36.8136 -36.8136
-36.8136 -36.8136 -36.8136 -36.8136 -36.8136 -36.8136 -36.8136 -36.8136
  0.0000   0.3220   0.3219   0.3218   0.3216   0.3211   0.3203   0.3191   0.3173
  0.3150   0.3118   0.3104   0.3106   0.3080   0.2855   0.1942  -0.1216  -0.7061
 -1.4642  -2.3640  -3.4638  -4.8854  -6.8259  -9.5962 -13.6868 -19.8726 -29.3812
-36.8099 -36.8099 -36.8099 -36.8099 -36.8099 -36.8099 -36.8099 -36.8099 -36.8099
-36.8099 -36.8099 -36.8099 -36.8099 -36.8099 -36.8099 -36.8099 -36.8099
-14.0000   0.3226   0.3222   0.3220   0.3216   0.3211   0.3203   0.3191   0.3173
  0.3150   0.3118   0.3104   0.3106   0.3080   0.2855   0.1942  -0.1216  -0.7061
 -1.4642  -2.3640  -3.4638  -4.8854  -6.8259  -9.5962 -13.6868 -19.8726 -29.3812
-36.8099 -36.8099 -36.8099 -36.8099 -36.8099 -36.8099 -36.8099 -36.8099 -36.8099
-36.8099 -36.8099 -36.8099 -36.8099 -36.8099 -36.8099 -36.8099 -36.8099
-13.0000   0.3226   0.3222   0.3220   0.3216   0.3211   0.3203   0.3191   0.3173
  0.3150   0.3118   0.3104   0.3106   0.3080   0.2855   0.1942  -0.1216  -0.7061
 -1.4642  -2.3640  -3.4638  -4.8854  -6.8259  -9.5962 -13.6868 -19.8726 -29.3812
-36.8099 -36.8099 -36.8099 -36.8099 -36.8099 -36.8099 -36.8099 -36.8099 -36.8099
-36.8099 -36.8099 -36.8099 -36.8099 -36.8099 -36.8099 -36.8099 -36.8099
-12.0000   0.3225   0.3223   0.3220   0.3216   0.3211   0.3203   0.3191   0.3173
  0.3150   0.3118   0.3104   0.3106   0.3080   0.2855   0.1942  -0.1216  -0.7061
 -1.4642  -2.3640  -3.4638  -4.8854  -6.8259  -9.5962 -13.6868 -19.8726 -29.3812
-36.8099 -36.8099 -36.8099 -36.8099 -36.8099 -36.8099 -36.8099 -36.8099 -36.8099
-36.8099 -36.8099 -36.8099 -36.8099 -36.8099 -36.8099 -36.8099 -36.8099
-11.0000   0.3225   0.3223   0.3220   0.3216   0.3211   0.3203   0.3191   0.3173
  0.3150   0.3118   0.3104   0.3106   0.3080   0.2855   0.1942  -0.1216  -0.7061
 -1.4642  -2.3640  -3.4638  -4.8854  -6.8259  -9.5962 -13.6868 -19.8726 -29.3812
-36.8099 -36.8099 -36.8099 -36.8099 -36.8099 -36.8099 -36.8099 -36.8099 -36.8099
-36.8099 -36.8099 -36.8099 -36.8099 -36.8099 -36.8099 -36.8099 -36.8099
-10.0000   0.3224   0.3223   0.3220   0.3216   0.3211   0.3203   0.3191   0.3173
  0.3150   0.3118   0.3104   0.3106   0.3080   0.2855   0.1942  -0.1216  -0.7061
 -1.4642  -2.3640  -3.4638  -4.8854  -6.8259  -9.5962 -13.6868 -19.8726 -29.3812
-36.8099 -36.8099 -36.8099 -36.8099 -36.8099 -36.8099 -36.8099 -36.8099 -36.8099
-36.8099 -36.8099 -36.8099 -36.8099 -36.8099 -36.8099 -36.8099 -36.8099
-10.0000   0.3224   0.3223   0.3220   0.3216   0.3211   0.3203   0.3191   0.3173
  0.3150   0.3118   0.3104   0.3106   0.3080   0.2855   0.1942  -0.1216  -0.7061
 -1.4642  -2.3640  -3.4638  -4.8854  -6.8259  -9.5962 -13.6868 -19.8726 -29.3812
-36.8099 -36.8099 -36.8099 -36.8099 -36.8099 -36.8099 -36.8099 -36.8099 -36.8099
-36.8099 -36.8099 -36.8099 -36.8099 -36.8099 -36.8099 -36.8099 -36.8099
-10.0000   0.3227   0.3226   0.3224   0.3220   0.3215   0.3207   0.3195   0.3177
  0.3154   0.3122   0.3108   0.3110   0.3084   0.2859   0.1946  -0.1212  -0.7057
 -1.4638  -2.3636  -3.4634  -4.8850  -6.8255  -9.5958 -13.6864 -19.8722 -29.3808
-36.8095 -36.8095 -36.8095 -36.8095 -36.8095 -36.8095 -36.8095 -36.8095 -36.8095
-36.8095 -36.8095 -36.8095 -36.8095 -36.8095 -36.8095 -36.8095 -36.8095
nl= 2 nu= 9
  0.0000  -1.4118  -1.4118  -1.4118  -1.4118  -1.4118  -1.4118  -1.4118  -1.4118
 -1.4118  -1.4118  -1.4118  -1.4118  -1.4118  -1.4118  -1.4118  -1.4119  -1.4121
 -1.4126  -1.4139  -1.4172  -1.4253  -1.4458  -1.4974  -1.6267  -1.9513  -2.7631
 -4.6243  -5.6583  -6.1918  -6.7080  -7.2178  -7.7253  -8.2310  -8.7531  -9.2815
 -9.9442 -10.5814 -11.1116 -11.6587 -12.2330 -12.8504 -13.5363 -14.3307
  0.0000  -1.5582  -1.5582  -1.5582  -1.5582  -1.5582  -1.5582  -1.5582  -1.5582
 -1.5582  -1.5582  -1.5582  -1.5582  -1.5582  -1.5582  -1.5582  -1.5583  -1.5584
 -1.5586  -1.5593  -1.5609  -1.5650  -1.5753  -1.6011  -1.6660  -1.8288  -2.2377
 -3.2599  -5.4034  -6.1676  -6.6930  -7.2067  -7.7165  -8.2240  -8.7473  -9.2764
 -9.9394 -10.5768 -11.1075 -11.6549 -12.2294 -12.8469 -13.5328 -14.3273
  0.0000  -1.7018  -1.7018  -1.7018  -1.7018  -1.7018  -1.7018  -1.7018  -1.7018
 -1.7018  -1.7018  -1.7018  -1.7018  -1.7018  -1.7018  -1.7018  -1.7018  -1.7018
 -1.7020  -1.7023  -1.7031  -1.7052  -1.7103  -1.7232  -1.7557  -1.8373  -2.0422
 -2.5565  -3.8416  -6.0774  -6.6710  -7.1903  -7.7026  -8.2121  -8.7368  -9.2672
 -9.9301 -10.5680 -11.0996 -11.6475 -12.2223 -12.8400 -13.5261 -14.3207
  0.0000  -1.8568  -1.8568  -1.8568  -1.8568  -1.8568  -1.8568  -1.8568  -1.8568
 -1.8568  -1.8568  -1.8568  -1.8568  -1.8568  -1.8568  -1.8568  -1.8568  -1.8569
 -1.8569  -1.8571  -1.8575  -1.8585  -1.8611  -1.8676  -1.8838  -1.9247  -2.0272
 -2.2847  -2.9313  -4.5439  -6.6457  -7.1841  -7.6992  -8.2100  -8.7359  -9.2676
 -9.9308 -10.5691 -11.1020 -11.6508 -12.2261 -12.8442 -13.5305 -14.3252
  0.0000  -2.0037  -2.0037  -2.0037  -2.0037  -2.0037  -2.0037  -2.0037  -2.0037
 -2.0037  -2.0037  -2.0037  -2.0037  -2.0037  -2.0037  -2.0037  -2.0037  -2.0037
 -2.0037  -2.0038  -2.0040  -2.0045  -2.0058  -2.0091  -2.0172  -2.0376  -2.0889
 -2.2178  -2.5414  -3.3539  -5.3698  -7.1652  -7.6883  -8.1996  -8.7254  -9.2580
 -9.9207 -10.5598 -11.0943 -11.6446 -12.2208 -12.8395 -13.5262 -14.3212
  0.0000  -2.1535  -2.1535  -2.1535  -2.1535  -2.1535  -2.1535  -2.1535  -2.1535
 -2.1535  -2.1535  -2.1535  -2.1535  -2.1535  -2.1535  -2.1535  -2.1535  -2.1536
 -2.1536  -2.1536  -2.1537  -2.1540  -2.1546  -2.1562  -2.1603  -2.1705  -2.1962
 -2.2606  -2.4225  -2.8291  -3.8499  -6.3387  -7.6805  -8.1951  -8.7190  -9.2508
 -9.9117 -10.5507 -11.0878 -11.6398 -12.2175 -12.8372 -13.5246 -14.3200
  0.0000  -2.3032  -2.3032  -2.3032  -2.3032  -2.3032  -2.3032  -2.3032  -2.3032
 -2.3032  -2.3032  -2.3032  -2.3032  -2.3032  -2.3032  -2.3032  -2.3032  -2.3032
 -2.3032  -2.3032  -2.3033  -2.3034  -2.3037  -2.3045  -2.3066  -2.3117  -2.3245
 -2.3567  -2.4377  -2.6410  -3.1518  -4.4340  -7.3562  -8.1929  -8.7165  -9.2454
 -9.9019 -10.5394 -11.0785 -11.6328 -12.2124 -12.8335 -13.5219 -14.3180
  0.0000  -1.0723  -1.0723  -1.0723  -1.0723  -1.0723  -1.0723  -1.0723  -1.0723
 -1.0723  -1.0723  -1.0723  -1.0723  -1.0723  -1.0724  -1.0725  -1.0729  -1.0738
 -1.0762  -1.0821  -1.0970  -1.1345  -1.2284  -1.4640  -2.0514  -3.4282  -4.6287
 -5.1733  -5.6919  -6.2031  -6.7115  -7.2181  -7.7328  -8.2499  -8.8457  -9.5634
-10.0897 -10.6304 -11.1943 -11.7951 -12.4546 -13.2072 -14.1074 -15.2417
  0.0000  -1.2312  -1.2312  -1.2312  -1.2312  -1.2312  -1.2312  -1.2312  -1.2312
 -1.2312  -1.2312  -1.2312  -1.2312  -1.2312  -1.2312  -1.2313  -1.2315  -1.2320
 -1.2331  -1.2361  -1.2436  -1.2625  -1.3099  -1.4288  -1.7270  -2.4711  -4.1544
 -5.1591  -5.6906  -6.2055  -6.7160  -7.2244  -7.7403  -8.2585  -8.8548  -9.5723
-10.0993 -10.6404 -11.2045 -11.8055 -12.4651 -13.2177 -14.1180 -15.2524
  0.0000  -1.3761  -1.3761  -1.3761  -1.3761  -1.3761  -1.3761  -1.3761  -1.3761
 -1.3761  -1.3761  -1.3761  -1.3761  -1.3761  -1.3761  -1.3761  -1.3762  -1.3765
 -1.3771  -1.3786  -1.3823  -1.3918  -1.4156  -1.4754  -1.6254  -2.0018  -2.9410
 -4.8977  -5.6692  -6.1918  -6.7044  -7.2141  -7.7315  -8.2510  -8.8478  -9.5653
-10.0933 -10.6350 -11.1996 -11.8008 -12.4606 -13.2134 -14.1137 -15.2481
  0.0000  -1.5194  -1.5194  -1.5194  -1.5194  -1.5194  -1.5194  -1.5194  -1.5194
 -1.5194  -1.5194  -1.5194  -1.5194  -1.5194  -1.5194  -1.5194  -1.5195  -1.5196
 -1.5199  -1.5206  -1.5225  -1.5273  -1.5392  -1.5691  -1.6444  -1.8333  -2.3075
 -3.4899  -5.5709  -6.1743  -6.6907  -7.2010  -7.7190  -8.2396  -8.8371  -9.5542
-10.0838 -10.6267 -11.1919 -11.7936 -12.4537 -13.2066 -14.1071 -15.2416
  0.0000  -1.6697  -1.6697  -1.6697  -1.6697  -1.6697  -1.6697  -1.6697  -1.6697
 -1.6697  -1.6697  -1.6697  -1.6697  -1.6697  -1.6697  -1.6697  -1.6698  -1.6698
 -1.6700  -1.6703  -1.6713  -1.6737  -1.6796  -1.6946  -1.7323  -1.8270  -2.0647
 -2.6612  -4.1459  -6.1463  -6.6850  -7.1960  -7.7130  -8.2338  -8.8312  -9.5475
-10.0792 -10.6235 -11.1900 -11.7925 -12.4531 -13.2064 -14.1071 -15.2416
  0.0000  -1.8200  -1.8200  -1.8200  -1.8200  -1.8200  -1.8200  -1.8200  -1.8200
 -1.8200  -1.8200  -1.8200  -1.8200  -1.8200  -1.8200  -1.8201  -1.8201  -1.8201
 -1.8202  -1.8204  -1.8208  -1.8220  -1.8250  -1.8325  -1.8514  -1.8987  -2.0177
 -2.3165  -3.0665  -4.9234  -6.6752  -7.1945  -7.7095  -8.2282  -8.8238  -9.5377
-10.0720 -10.6185 -11.1865 -11.7903 -12.4517 -13.2055 -14.1066 -15.2413
  0.0000  -1.9708  -1.9708  -1.9708  -1.9708  -1.9708  -1.9708  -1.9708  -1.9708
 -1.9708  -1.9708  -1.9708  -1.9708  -1.9708  -1.9708  -1.9708  -1.9708  -1.9708
 -1.9709  -1.9710  -1.9712  -1.9718  -1.9733  -1.9770  -1.9865  -2.0102  -2.0697
 -2.2192  -2.5947  -3.5372  -5.8333  -7.1928  -7.7113  -8.2267  -8.8180  -9.5272
-10.0628 -10.6115 -11.1818 -11.7871 -12.4497 -13.2044 -14.1060 -15.2411
  0.0000  -0.7506  -0.7506  -0.7506  -0.7506  -0.7506  -0.7506  -0.7506  -0.7506
 -0.7506  -0.7506  -0.7506  -0.7507  -0.7508  -0.7510  -0.7517  -0.7534  -0.7576
 -0.7682  -0.7947  -0.8613  -1.0279  -1.4412  -2.4086  -3.5910  -4.1643  -4.6859
 -5.1979  -5.7072  -6.2147  -6.7291  -7.2468  -7.8140  -8.5563  -9.0794  -9.6147
-10.1697 -10.7563 -11.3932 -12.1099 -12.9532 -13.9973 -15.3595 -17.2260
  0.0000  -0.8946  -0.8946  -0.8946  -0.8946  -0.8946  -0.8946  -0.8946  -0.8946
 -0.8946  -0.8946  -0.8946  -0.8946  -0.8947  -0.8948  -0.8952  -0.8960  -0.8982
 -0.9036  -0.9172  -0.9512  -1.0367  -1.2509  -1.7829  -3.0086  -4.1302  -4.6743
 -5.1904  -5.7011  -6.2100  -6.7257  -7.2445  -7.8124  -8.5543  -9.0784  -9.6142
-10.1695 -10.7563 -11.3934 -12.1102 -12.9536 -13.9976 -15.3599 -17.2264
  0.0000  -1.0405  -1.0405  -1.0405  -1.0405  -1.0405  -1.0405  -1.0405  -1.0405
 -1.0405  -1.0405  -1.0405  -1.0405  -1.0406  -1.0406  -1.0408  -1.0412  -1.0423
 -1.0451  -1.0519  -1.0692  -1.1126  -1.2215  -1.4943  -2.1727  -3.6822  -4.6529
 -5.1815  -5.6940  -6.2034  -6.7200  -7.2400  -7.8087  -8.5502  -9.0755  -9.6122
-10.1681 -10.7553 -11.3926 -12.1095 -12.9530 -13.9971 -15.3594 -17.2259
  0.0000  -1.1886  -1.1886  -1.1886  -1.1886  -1.1886  -1.1886  -1.1886  -1.1886
 -1.1886  -1.1886  -1.1886  -1.1886  -1.1886  -1.1886  -1.1887  -1.1889  -1.1895
 -1.1908  -1.1943  -1.2030  -1.2249  -1.2798  -1.4177  -1.7633  -2.6231  -4.3956
 -5.1693  -5.6885  -6.1977  -6.7139  -7.2346  -7.8039  -8.5445  -9.0716  -9.6096
-10.1664 -10.7542 -11.3919 -12.1091 -12.9527 -13.9970 -15.3593 -17.2258
  0.0000  -1.3384  -1.3384  -1.3384  -1.3384  -1.3384  -1.3384  -1.3384  -1.3384
 -1.3384  -1.3384  -1.3384  -1.3384  -1.3384  -1.3384  -1.3385  -1.3386  -1.3389
 -1.3396  -1.3413  -1.3457  -1.3567  -1.3842  -1.4535  -1.6276  -2.0640  -3.1490
 -5.0699  -5.6841  -6.1958  -6.7100  -7.2294  -7.7983  -8.5368  -9.0665  -9.6062
-10.1644 -10.7532 -11.3915 -12.1091 -12.9530 -13.9975 -15.3599 -17.2265
  0.0000  -1.4858  -1.4858  -1.4858  -1.4858  -1.4858  -1.4858  -1.4858  -1.4858
 -1.4858  -1.4858  -1.4858  -1.4858  -1.4858  -1.4858  -1.4858  -1.4859  -1.4860
 -1.4863  -1.4872  -1.4894  -1.4949  -1.5087  -1.5435  -1.6308  -1.8500  -2.3998
 -3.7642  -5.6527  -6.1939  -6.7072  -7.2233  -7.7894  -8.5239  -9.0556  -9.5976
-10.1577 -10.7479 -11.3873 -12.1056 -12.9500 -13.9947 -15.3573 -17.2240
  0.0000  -1.6377  -1.6377  -1.6377  -1.6377  -1.6377  -1.6377  -1.6377  -1.6377
 -1.6377  -1.6377  -1.6377  -1.6377  -1.6377  -1.6378  -1.6378  -1.6378  -1.6379
 -1.6380  -1.6385  -1.6396  -1.6423  -1.6492  -1.6666  -1.7104  -1.8202  -2.0959
 -2.7878  -4.4953  -6.1885  -6.7132  -7.2268  -7.7879  -8.5159  -9.0475  -9.5910
-10.1534 -10.7455 -11.3863 -12.1057 -12.9507 -13.9959 -15.3588 -17.2257
  0.0000  -0.4509  -0.4509  -0.4509  -0.4509  -0.4509  -0.4509  -0.4509  -0.4509
 -0.4509  -0.4509  -0.4510  -0.4512  -0.4516  -0.4527  -0.4555  -0.4625  -0.4801
 -0.5241  -0.6339  -0.9043  -1.5313  -2.5126  -3.1506  -3.6796  -4.1926  -4.7019
 -5.2105  -5.7177  -6.2411  -6.7703  -7.4333  -8.0708  -8.6016  -9.1492  -9.7237
-10.3412 -11.0272 -11.8217 -12.7884 -14.0279 -15.7000 -18.0575 -21.5014
  0.0000  -0.5820  -0.5820  -0.5820  -0.5820  -0.5820  -0.5820  -0.5820  -0.5820
 -0.5820  -0.5820  -0.5820  -0.5821  -0.5824  -0.5830  -0.5844  -0.5882  -0.5975
 -0.6210  -0.6799  -0.8269  -1.1894  -2.0226  -3.0865  -3.6673  -4.1862  -4.6960
 -5.2050  -5.7132  -6.2376  -6.7678  -7.4308  -8.0687  -8.6003  -9.1483  -9.7231
-10.3408 -11.0269 -11.8215 -12.7882 -14.0278 -15.6998 -18.0574 -21.5013
  0.0000  -0.7194  -0.7194  -0.7194  -0.7194  -0.7194  -0.7194  -0.7194  -0.7194
 -0.7194  -0.7194  -0.7195  -0.7195  -0.7196  -0.7199  -0.7207  -0.7226  -0.7275
 -0.7397  -0.7704  -0.8473  -1.0396  -1.5147  -2.5882  -3.6330  -4.1780  -4.6904
 -5.1988  -5.7070  -6.2321  -6.7634  -7.4265  -8.0645  -8.5973  -9.1460  -9.7213
-10.3394 -11.0256 -11.8204 -12.7872 -14.0268 -15.6989 -18.0564 -21.5004
  0.0000  -0.8624  -0.8624  -0.8624  -0.8624  -0.8624  -0.8624  -0.8624  -0.8624
 -0.8624  -0.8624  -0.8624  -0.8624  -0.8625  -0.8627  -0.8631  -0.8640  -0.8665
 -0.8728  -0.8885  -0.9279  -1.0269  -1.2746  -1.8875  -3.2255  -4.1608  -4.6870
 -5.1952  -5.7020  -6.2264  -6.7582  -7.4210  -8.0597  -8.5938  -9.1437  -9.7198
-10.3384 -11.0250 -11.8199 -12.7868 -14.0265 -15.6987 -18.0563 -21.5003
  0.0000  -1.0196  -1.0196  -1.0196  -1.0196  -1.0196  -1.0196  -1.0196  -1.0196
 -1.0196  -1.0196  -1.0196  -1.0196  -1.0197  -1.0198  -1.0200  -1.0205  -1.0217
 -1.0249  -1.0329  -1.0529  -1.1031  -1.2293  -1.5452  -2.3276  -3.9185  -4.6916
 -5.2067  -5.7112  -6.2328  -6.7636  -7.4247  -8.0636  -8.5999  -9.1513  -9.7286
-10.3480 -11.0352 -11.8305 -12.7977 -14.0375 -15.7097 -18.0674 -21.5114
  0.0000  -1.1609  -1.1609  -1.1609  -1.1609  -1.1609  -1.1609  -1.1609  -1.1609
 -1.1609  -1.1609  -1.1609  -1.1609  -1.1609  -1.1610  -1.1611  -1.1613  -1.1619
 -1.1635  -1.1676  -1.1777  -1.2030  -1.2667  -1.4265  -1.8270  -2.8186  -4.5752
 -5.2007  -5.7079  -6.2254  -6.7525  -7.4099  -8.0473  -8.5857  -9.1393  -9.7183
-10.3389 -11.0270 -11.8229 -12.7904 -14.0305 -15.7029 -18.0606 -21.5047
  0.0000  -1.3105  -1.3105  -1.3105  -1.3105  -1.3105  -1.3105  -1.3105  -1.3105
 -1.3105  -1.3105  -1.3105  -1.3105  -1.3105  -1.3105  -1.3106  -1.3107  -1.3110
 -1.3118  -1.3139  -1.3189  -1.3317  -1.3637  -1.4440  -1.6458  -2.1517  -3.4016
 -5.1677  -5.7141  -6.2312  -6.7536  -7.4049  -8.0382  -8.5770  -9.1325  -9.7136
-10.3360 -11.0252 -11.8220 -12.7901 -14.0305 -15.7032 -18.0610 -21.5052
  0.0000  -0.2004  -0.2004  -0.2004  -0.2004  -0.2004  -0.2004  -0.2004  -0.2004
 -0.2004  -0.2005  -0.2008  -0.2014  -0.2029  -0.2068  -0.2166  -0.2410  -0.3018
 -0.4505  -0.7950  -1.4404  -2.1149  -2.6625  -3.1816  -3.6927  -4.2024  -4.7109
 -5.2275  -5.7462  -6.3426  -7.0604  -7.5877  -8.1290  -8.6933  -9.2943  -9.9540
-10.7067 -11.6070 -12.7413 -14.2466 -16.3398 -19.3648 -23.8666 -30.7091
  0.0000  -0.3039  -0.3039  -0.3039  -0.3039  -0.3039  -0.3039  -0.3039  -0.3039
 -0.3039  -0.3040  -0.3041  -0.3045  -0.3054  -0.3077  -0.3134  -0.3278  -0.3638
 -0.4534  -0.6724  -1.1739  -2.0012  -2.6475  -3.1784  -3.6900  -4.1986  -4.7072
 -5.2244  -5.7441  -6.3410  -7.0583  -7.5867  -8.1286  -8.6933  -9.2946  -9.9544
-10.7072 -11.6076 -12.7420 -14.2473 -16.3405 -19.3655 -23.8673 -30.7098
  0.0000  -0.4258  -0.4258  -0.4258  -0.4258  -0.4258  -0.4258  -0.4258  -0.4258
 -0.4258  -0.4258  -0.4259  -0.4261  -0.4266  -0.4279  -0.4311  -0.4391  -0.4592
 -0.5095  -0.6349  -0.9419  -1.6357  -2.5821  -3.1744  -3.6920  -4.1994  -4.7065
 -5.2235  -5.7439  -6.3413  -7.0584  -7.5878  -8.1308  -8.6960  -9.2978  -9.9578
-10.7108 -11.6113 -12.7457 -14.2511 -16.3443 -19.3693 -23.8712 -30.7137
  0.0000  -0.5508  -0.5508  -0.5508  -0.5508  -0.5508  -0.5508  -0.5508  -0.5508
 -0.5508  -0.5508  -0.5509  -0.5510  -0.5513  -0.5519  -0.5536  -0.5579  -0.5687
 -0.5957  -0.6635  -0.8324  -1.2469  -2.1656  -3.1355  -3.6857  -4.1949  -4.6994
 -5.2144  -5.7343  -6.3316  -7.0479  -7.5793  -8.1234  -8.6898  -9.2921  -9.9527
-10.7059 -11.6066 -12.7411 -14.2466 -16.3398 -19.3649 -23.8668 -30.7093
  0.0000  -0.6884  -0.6884  -0.6884  -0.6884  -0.6884  -0.6884  -0.6884  -0.6884
 -0.6884  -0.6884  -0.6884  -0.6885  -0.6886  -0.6890  -0.6898  -0.6921  -0.6977
 -0.7118  -0.7472  -0.8360  -1.0579  -1.6031  -2.7703  -3.6716  -4.1979  -4.7014
 -5.2124  -5.7298  -6.3253  -7.0396  -7.5731  -8.1191  -8.6869  -9.2904  -9.9516
-10.7053 -11.6063 -12.7410 -14.2465 -16.3399 -19.3650 -23.8669 -30.7094
  0.0000  -0.8416  -0.8416  -0.8416  -0.8416  -0.8416  -0.8416  -0.8416  -0.8416
 -0.8416  -0.8416  -0.8416  -0.8417  -0.8417  -0.8419  -0.8424  -0.8435  -0.8464
 -0.8536  -0.8718  -0.9175  -1.0320  -1.3183  -2.0229  -3.4338  -4.2059  -4.7188
 -5.2265  -5.7389  -6.3303  -7.0402  -7.5751  -8.1233  -8.6930  -9.2978  -9.9602
-10.7147 -11.6161 -12.7512 -14.2569 -16.3504 -19.3756 -23.8775 -30.7201
  0.0000  -0.9822  -0.9822  -0.9822  -0.9822  -0.9822  -0.9822  -0.9822  -0.9822
 -0.9822  -0.9822  -0.9822  -0.9822  -0.9822  -0.9823  -0.9826  -0.9831  -0.9846
 -0.9883  -0.9975  -1.0207  -1.0789  -1.2250  -1.5906  -2.4904  -4.0786  -4.7174
 -5.2300  -5.7384  -6.3237  -7.0268  -7.5602  -8.1095  -8.6812  -9.2882  -9.9518
-10.7074 -11.6096 -12.7451 -14.2512 -16.3449 -19.3702 -23.8722 -30.7148
  0.0000  -0.0428  -0.0428  -0.0428  -0.0428  -0.0428  -0.0428  -0.0429  -0.0429
 -0.0430  -0.0432  -0.0438  -0.0454  -0.0492  -0.0588  -0.0826  -0.1411  -0.2795
 -0.5767  -1.0716  -1.6274  -2.1578  -2.6762  -3.1907  -3.7022  -4.2199  -4.7402
 -5.3091  -6.0511  -6.5760  -7.1124  -7.6681  -8.2551  -8.8923  -9.6092 -10.4527
-11.4968 -12.8590 -14.7255 -17.3913 -21.3236 -27.2636 -36.3853 -36.9997
  0.0000  -0.1012  -0.1012  -0.1012  -0.1012  -0.1012  -0.1012  -0.1013  -0.1013
 -0.1013  -0.1015  -0.1019  -0.1030  -0.1057  -0.1124  -0.1291  -0.1708  -0.2725
 -0.5090  -0.9799  -1.5984  -2.1555  -2.6759  -3.1888  -3.6988  -4.2161  -4.7371
 -5.3065  -6.0480  -6.5738  -7.1111  -7.6673  -8.2547  -8.8920  -9.6091 -10.4526
-11.4968 -12.8591 -14.7256 -17.3913 -21.3237 -27.2637 -36.3854 -36.9998
  0.0000  -0.1795  -0.1795  -0.1795  -0.1795  -0.1795  -0.1795  -0.1795  -0.1795
 -0.1796  -0.1797  -0.1800  -0.1806  -0.1824  -0.1867  -0.1975  -0.2246  -0.2919
 -0.4558  -0.8298  -1.4942  -2.1421  -2.6771  -3.1894  -3.6965  -4.2122  -4.7329
 -5.3024  -6.0431  -6.5706  -7.1088  -7.6659  -8.2538  -8.8915  -9.6088 -10.4525
-11.4967 -12.8591 -14.7256 -17.3914 -21.3238 -27.2638 -36.3855 -36.9999
  0.0000  -0.2790  -0.2790  -0.2790  -0.2790  -0.2790  -0.2790  -0.2790  -0.2790
 -0.2790  -0.2791  -0.2792  -0.2796  -0.2807  -0.2832  -0.2897  -0.3060  -0.3467
 -0.4478  -0.6936  -1.2437  -2.0670  -2.6750  -3.1944  -3.6990  -4.2110  -4.7297
 -5.2984  -6.0372  -6.5666  -7.1065  -7.6647  -8.2535  -8.8918  -9.6094 -10.4533
-11.4978 -12.8602 -14.7268 -17.3926 -21.3251 -27.2650 -36.3868 -37.0012
  0.0000  -0.3925  -0.3925  -0.3925  -0.3925  -0.3925  -0.3925  -0.3925  -0.3925
 -0.3925  -0.3925  -0.3926  -0.3929  -0.3934  -0.3949  -0.3985  -0.4077  -0.4307
 -0.4882  -0.6313  -0.9795  -1.7403  -2.6348  -3.1962  -3.7035  -4.2111  -4.7254
 -5.2914  -6.0263  -6.5575  -7.0992  -7.6592  -8.2492  -8.8885  -9.6067 -10.4511
-11.4957 -12.8583 -14.7251 -17.3909 -21.3234 -27.2634 -36.3852 -36.9996
  0.0000  -0.5206  -0.5206  -0.5206  -0.5206  -0.5206  -0.5206  -0.5206  -0.5206
 -0.5206  -0.5207  -0.5207  -0.5208  -0.5211  -0.5219  -0.5239  -0.5288  -0.5412
 -0.5723  -0.6502  -0.8443  -1.3172  -2.3129  -3.1814  -3.7123  -4.2195  -4.7284
 -5.2889  -6.0176  -6.5484  -7.0917  -7.6537  -8.2456  -8.8861  -9.6053 -10.4502
-11.4953 -12.8582 -14.7251 -17.3910 -21.3236 -27.2636 -36.3854 -36.9999
  0.0000  -0.6566  -0.6566  -0.6566  -0.6566  -0.6566  -0.6566  -0.6566  -0.6566
 -0.6566  -0.6566  -0.6566  -0.6567  -0.6569  -0.6573  -0.6583  -0.6609  -0.6674
 -0.6837  -0.7246  -0.8271  -1.0827  -1.7064  -2.9371  -3.7088  -4.2299  -4.7371
 -5.2916  -6.0128  -6.5393  -7.0819  -7.6455  -8.2393  -8.8816  -9.6020 -10.4480
-11.4936 -12.8569 -14.7240 -17.3902 -21.3228 -27.2629 -36.3847 -36.9993
  0.0000   0.0200   0.0200   0.0200   0.0200   0.0200   0.0200   0.0199   0.0199
  0.0197   0.0193   0.0183   0.0158   0.0095  -0.0058  -0.0426  -0.1275  -0.3121
 -0.6521  -1.1231  -1.6395  -2.1605  -2.6813  -3.1977  -3.7270  -4.2604  -4.9247
 -5.5635  -6.0964  -6.6452  -7.2206  -7.8386  -8.5249  -9.3197 -10.2865 -11.5261
-13.1982 -15.5557 -18.9997 -24.1655 -32.0602 -36.9993 -36.9993 -36.9993
  0.0000  -0.0023  -0.0023  -0.0023  -0.0023  -0.0023  -0.0024  -0.0024  -0.0024
 -0.0026  -0.0029  -0.0037  -0.0057  -0.0108  -0.0234  -0.0545  -0.1289  -0.2970
 -0.6277  -1.1130  -1.6407  -2.1622  -2.6798  -3.1951  -3.7239  -4.2576  -4.9219
 -5.5610  -6.0946  -6.6441  -7.2199  -7.8382  -8.5247  -9.3196 -10.2864 -11.5261
-13.1982 -15.5558 -18.9997 -24.1655 -32.0603 -36.9994 -36.9994 -36.9994
  0.0000  -0.0351  -0.0351  -0.0351  -0.0351  -0.0351  -0.0351  -0.0352  -0.0352
 -0.0353  -0.0355  -0.0362  -0.0378  -0.0417  -0.0517  -0.0765  -0.1372  -0.2803
 -0.5857  -1.0872  -1.6418  -2.1681  -2.6817  -3.1938  -3.7207  -4.2542  -4.9177
 -5.5571  -6.0921  -6.6425  -7.2190  -7.8378  -8.5246  -9.3196 -10.2866 -11.5264
-13.1985 -15.5561 -19.0001 -24.1659 -32.0607 -36.9998 -36.9998 -36.9998
  0.0000  -0.0847  -0.0847  -0.0847  -0.0847  -0.0847  -0.0847  -0.0847  -0.0848
 -0.0848  -0.0850  -0.0855  -0.0866  -0.0895  -0.0968  -0.1149  -0.1599  -0.2695
 -0.5222  -1.0124  -1.6271  -2.1746  -2.6874  -3.1947  -3.7177  -4.2493  -4.9112
 -5.5503  -6.0871  -6.6388  -7.2163  -7.8359  -8.5232  -9.3186 -10.2858 -11.5256
-13.1979 -15.5555 -18.9995 -24.1654 -32.0602 -36.9993 -36.9993 -36.9993
  0.0000  -0.1585  -0.1585  -0.1585  -0.1585  -0.1585  -0.1585  -0.1585  -0.1586
 -0.1586  -0.1587  -0.1590  -0.1598  -0.1617  -0.1665  -0.1786  -0.2087  -0.2835
 -0.4645  -0.8708  -1.5513  -2.1757  -2.6991  -3.2034  -3.7208  -4.2481  -4.9061
 -5.5435  -6.0819  -6.6357  -7.2146  -7.8354  -8.5235  -9.3194 -10.2869 -11.5270
-13.1993 -15.5571 -19.0011 -24.1670 -32.0619 -37.0010 -37.0010 -37.0010
  0.0000  -0.2511  -0.2511  -0.2511  -0.2511  -0.2511  -0.2511  -0.2511  -0.2512
 -0.2512  -0.2513  -0.2514  -0.2519  -0.2531  -0.2560  -0.2633  -0.2817  -0.3278
 -0.4418  -0.7174  -1.3172  -2.1256  -2.7046  -3.2139  -3.7269  -4.2480  -4.8999
 -5.5328  -6.0714  -6.6269  -7.2080  -7.8302  -8.5194  -9.3162 -10.2842 -11.5247
-13.1973 -15.5551 -18.9993 -24.1652 -32.0601 -36.9993 -36.9993 -36.9993
  0.0000  -0.3648  -0.3648  -0.3648  -0.3648  -0.3648  -0.3648  -0.3648  -0.3648
 -0.3648  -0.3648  -0.3649  -0.3652  -0.3659  -0.3675  -0.3717  -0.3822  -0.4084
 -0.4741  -0.6371  -1.0306  -1.8520  -2.6838  -3.2253  -3.7407  -4.2570  -4.9024
 -5.5281  -6.0635  -6.6191  -7.2019  -7.8262  -8.5168  -9.3146 -10.2835 -11.5245
-13.1974 -15.5555 -18.9998 -24.1658 -32.0607 -37.0000 -37.0000 -37.0000
  0.0000   0.0352   0.0352   0.0352   0.0352   0.0352   0.0352   0.0352   0.0351
  0.0348   0.0342   0.0327   0.0290   0.0204   0.0016  -0.0383  -0.1283  -0.3210
 -0.6602  -1.1222  -1.6373  -2.1635  -2.6967  -3.2258  -3.8280  -4.5480  -5.0793
 -5.6233  -6.1893  -6.7914  -7.4517  -8.2048  -9.1054 -10.2399 -11.7452 -13.8385
-16.8636 -21.3654 -28.2080 -36.9984 -36.9984 -36.9984 -36.9984 -36.9984
  0.0000   0.0247   0.0247   0.0247   0.0247   0.0247   0.0247   0.0247   0.0246
  0.0244   0.0239   0.0227   0.0196   0.0122  -0.0049  -0.0429  -0.1282  -0.3142
 -0.6520  -1.1190  -1.6367  -2.1622  -2.6939  -3.2237  -3.8258  -4.5452  -5.0775
 -5.6220  -6.1886  -6.7910  -7.4515  -8.2048  -9.1054 -10.2400 -11.7454 -13.8387
-16.8637 -21.3656 -28.2082 -36.9986 -36.9986 -36.9986 -36.9986 -36.9986
  0.0000   0.0161   0.0161   0.0161   0.0161   0.0161   0.0161   0.0160   0.0160
  0.0158   0.0154   0.0144   0.0119   0.0057  -0.0094  -0.0451  -0.1268  -0.3070
 -0.6459  -1.1219  -1.6425  -2.1648  -2.6923  -3.2207  -3.8220  -4.5403  -5.0739
 -5.6196  -6.1868  -6.7899  -7.4508  -8.2043  -9.1051 -10.2398 -11.7453 -13.8386
-16.8637 -21.3656 -28.2081 -36.9986 -36.9986 -36.9986 -36.9986 -36.9986
  0.0000   0.0027   0.0027   0.0027   0.0027   0.0027   0.0027   0.0027   0.0026
  0.0025   0.0022   0.0013  -0.0007  -0.0059  -0.0189  -0.0505  -0.1259  -0.2962
 -0.6323  -1.1242  -1.6535  -2.1730  -2.6942  -3.2189  -3.8177  -4.5336  -5.0687
 -5.6160  -6.1843  -6.7883  -7.4499  -8.2039  -9.1050 -10.2398 -11.7454 -13.8388
-16.8639 -21.3658 -28.2084 -36.9989 -36.9989 -36.9989 -36.9989 -36.9989
  0.0000  -0.0227  -0.0227  -0.0227  -0.0227  -0.0227  -0.0227  -0.0227  -0.0228
 -0.0229  -0.0231  -0.0238  -0.0255  -0.0297  -0.0402  -0.0664  -0.1304  -0.2808
 -0.5989  -1.1109  -1.6652  -2.1873  -2.7018  -3.2204  -3.8147  -4.5260  -5.0615
 -5.6104  -6.1807  -6.7858  -7.4485  -8.2031  -9.1047 -10.2398 -11.7456 -13.8391
-16.8643 -21.3663 -28.2089 -36.9994 -36.9994 -36.9994 -36.9994 -36.9994
  0.0000  -0.0670  -0.0670  -0.0670  -0.0670  -0.0670  -0.0670  -0.0670  -0.0670
 -0.0671  -0.0673  -0.0678  -0.0691  -0.0722  -0.0801  -0.0999  -0.1488  -0.2676
 -0.5388  -1.0500  -1.6624  -2.2030  -2.7154  -3.2275  -3.8152  -4.5198  -5.0530
 -5.6025  -6.1746  -6.7817  -7.4455  -8.2012  -9.1035 -10.2391 -11.7451 -13.8388
-16.8642 -21.3662 -28.2089 -36.9995 -36.9995 -36.9995 -36.9995 -36.9995
  0.0000  -0.1345  -0.1345  -0.1345  -0.1345  -0.1345  -0.1346  -0.1346  -0.1346
 -0.1346  -0.1348  -0.1351  -0.1360  -0.1381  -0.1434  -0.1568  -0.1903  -0.2731
 -0.4726  -0.9114  -1.6020  -2.2080  -2.7306  -3.2401  -3.8220  -4.5193  -5.0460
 -5.5934  -6.1662  -6.7752  -7.4409  -8.1977  -9.1010 -10.2373 -11.7438 -13.8378
-16.8633 -21.3654 -28.2081 -36.9989 -36.9989 -36.9989 -36.9989 -36.9989
  0.0000   0.0399   0.0399   0.0399   0.0399   0.0399   0.0398   0.0398   0.0397
  0.0394   0.0386   0.0368   0.0326   0.0232   0.0041  -0.0355  -0.1264  -0.3196
 -0.6582  -1.1206  -1.6442  -2.1878  -2.7742  -3.5219  -4.0567  -4.5993  -5.1588
 -5.7484  -6.3871  -7.1050  -7.9490  -8.9935 -10.3559 -12.2226 -14.8884 -18.8208
-24.7608 -33.8825 -36.9970 -36.9970 -36.9970 -36.9970 -36.9970 -36.9970
  0.0000   0.0276   0.0276   0.0276   0.0276   0.0275   0.0275   0.0275   0.0274
  0.0271   0.0264   0.0246   0.0205   0.0115  -0.0065  -0.0431  -0.1276  -0.3115
 -0.6444  -1.1093  -1.6374  -2.1836  -2.7707  -3.5199  -4.0553  -4.5983  -5.1580
 -5.7478  -6.3867  -7.1046  -7.9487  -8.9932 -10.3557 -12.2224 -14.8882 -18.8206
-24.7606 -33.8823 -36.9968 -36.9968 -36.9968 -36.9968 -36.9968 -36.9968
  0.0000   0.0246   0.0246   0.0246   0.0246   0.0246   0.0246   0.0246   0.0244
  0.0242   0.0235   0.0219   0.0180   0.0092  -0.0087  -0.0448  -0.1271  -0.3091
 -0.6425  -1.1100  -1.6381  -2.1822  -2.7674  -3.5155  -4.0516  -4.5956  -5.1563
 -5.7466  -6.3859  -7.1042  -7.9484  -8.9931 -10.3557 -12.2224 -14.8882 -18.8207
-24.7606 -33.8823 -36.9969 -36.9969 -36.9969 -36.9969 -36.9969 -36.9969
  0.0000   0.0247   0.0247   0.0247   0.0247   0.0247   0.0247   0.0246   0.0246
  0.0243   0.0238   0.0224   0.0191   0.0113  -0.0061  -0.0426  -0.1246  -0.3073
 -0.6460  -1.1191  -1.6459  -2.1848  -2.7649  -3.5094  -4.0455  -4.5907  -5.1528
 -5.7441  -6.3843  -7.1030  -7.9477  -8.9926 -10.3553 -12.2221 -14.8880 -18.8205
-24.7605 -33.8822 -36.9968 -36.9968 -36.9968 -36.9968 -36.9968 -36.9968
  0.0000   0.0231   0.0231   0.0231   0.0231   0.0231   0.0231   0.0231   0.0230
  0.0228   0.0224   0.0213   0.0187   0.0121  -0.0036  -0.0397  -0.1215  -0.3038
 -0.6492  -1.1334  -1.6615  -2.1938  -2.7661  -3.5045  -4.0386  -4.5842  -5.1479
 -5.7409  -6.3820  -7.1018  -7.9470  -8.9923 -10.3553 -12.2222 -14.8882 -18.8208
-24.7608 -33.8826 -36.9972 -36.9972 -36.9972 -36.9972 -36.9972 -36.9972
  0.0000   0.0146   0.0146   0.0146   0.0146   0.0146   0.0146   0.0146   0.0145
  0.0144   0.0140   0.0132   0.0110   0.0055  -0.0081  -0.0412  -0.1192  -0.2952
 -0.6423  -1.1444  -1.6814  -2.2098  -2.7737  -3.5048  -4.0328  -4.5767  -5.1412
 -5.7360  -6.3789  -7.0996  -7.9459  -8.9918 -10.3552 -12.2224 -14.8885 -18.8212
-24.7613 -33.8831 -36.9978 -36.9978 -36.9978 -36.9978 -36.9978 -36.9978
  0.0000  -0.0066  -0.0066  -0.0066  -0.0066  -0.0066  -0.0066  -0.0066  -0.0067
 -0.0068  -0.0071  -0.0078  -0.0096  -0.0141  -0.0253  -0.0531  -0.1209  -0.2793
 -0.6114  -1.1352  -1.6963  -2.2285  -2.7873  -3.5134  -4.0311  -4.5694  -5.1329
 -5.7287  -6.3734  -7.0959  -7.9430  -8.9899 -10.3538 -12.2214 -14.8877 -18.8206
-24.7607 -33.8826 -36.9974 -36.9974 -36.9974 -36.9974 -36.9974 -36.9974
  0.0000   0.0564   0.0564   0.0564   0.0564   0.0564   0.0564   0.0563   0.0562
  0.0559   0.0552   0.0534   0.0491   0.0394   0.0196  -0.0227  -0.1193  -0.3208
 -0.6665  -1.1398  -1.6858  -2.3610  -3.0150  -3.5634  -4.1225  -4.7044  -5.3265
 -6.0156  -6.8119  -7.7798  -9.0200 -10.6925 -13.0503 -16.4944 -21.6604 -29.5552
-36.9943 -36.9943 -36.9943 -36.9943 -36.9943 -36.9943 -36.9943 -36.9943
  0.0000   0.0290   0.0290   0.0290   0.0290   0.0290   0.0290   0.0290   0.0289
  0.0286   0.0280   0.0264   0.0228   0.0145  -0.0027  -0.0385  -0.1214  -0.3031
 -0.6362  -1.1137  -1.6712  -2.3573  -3.0166  -3.5656  -4.1243  -4.7055  -5.3272
 -6.0158  -6.8119  -7.7796  -9.0197 -10.6921 -13.0499 -16.4940 -21.6599 -29.5548
-36.9938 -36.9938 -36.9938 -36.9938 -36.9938 -36.9938 -36.9938 -36.9938
  0.0000   0.0219   0.0219   0.0219   0.0219   0.0219   0.0219   0.0219   0.0217
  0.0215   0.0208   0.0190   0.0150   0.0063  -0.0105  -0.0442  -0.1233  -0.2991
 -0.6275  -1.1062  -1.6661  -2.3541  -3.0143  -3.5639  -4.1231  -4.7049  -5.3268
 -6.0157  -6.8120  -7.7798  -9.0200 -10.6925 -13.0502 -16.4943 -21.6603 -29.5551
-36.9942 -36.9942 -36.9942 -36.9942 -36.9942 -36.9942 -36.9942 -36.9942
  0.0000   0.0247   0.0247   0.0247   0.0247   0.0247   0.0247   0.0247   0.0245
  0.0242   0.0234   0.0214   0.0167   0.0071  -0.0103  -0.0436  -0.1229  -0.2998
 -0.6300  -1.1099  -1.6676  -2.3272  -3.0099  -3.5595  -4.1196  -4.7025  -5.3253
 -6.0148  -6.8115  -7.7796  -9.0200 -10.6926 -13.0504 -16.4946 -21.6605 -29.5554
-36.9945 -36.9945 -36.9945 -36.9945 -36.9945 -36.9945 -36.9945 -36.9945
  0.0000   0.0318   0.0318   0.0318   0.0318   0.0318   0.0317   0.0317   0.0316
  0.0312   0.0304   0.0284   0.0238   0.0139  -0.0044  -0.0387  -0.1197  -0.3012
 -0.6387  -1.1227  -1.6761  -2.3309  -3.0053  -3.5528  -4.1135  -4.6977  -5.3219
 -6.0122  -6.8099  -7.7785  -9.0192 -10.6920 -13.0500 -16.4942 -21.6602 -29.5552
-36.9943 -36.9943 -36.9943 -36.9943 -36.9943 -36.9943 -36.9943 -36.9943
  0.0000   0.0367   0.0367   0.0367   0.0367   0.0367   0.0367   0.0367   0.0366
  0.0363   0.0357   0.0341   0.0303   0.0215   0.0033  -0.0331  -0.1157  -0.3020
 -0.6493  -1.1417  -1.6926  -2.3425  -3.0051  -3.5469  -4.1063  -4.6916  -5.3175
 -6.0094  -6.8078  -7.7773  -9.0186 -10.6917 -13.0499 -16.4943 -21.6604 -29.5554
-36.9946 -36.9946 -36.9946 -36.9946 -36.9946 -36.9946 -36.9946 -36.9946
  0.0000   0.0366   0.0366   0.0366   0.0366   0.0366   0.0366   0.0366   0.0365
  0.0363   0.0359   0.0347   0.0318   0.0248   0.0083  -0.0287  -0.1120  -0.2990
 -0.6544  -1.1595  -1.7129  -2.3617  -3.0127  -3.5448  -4.0997  -4.6844  -5.3116
 -6.0052  -6.8051  -7.7754  -9.0174 -10.6910 -13.0496 -16.4941 -21.6604 -29.5554
-36.9948 -36.9948 -36.9948 -36.9948 -36.9948 -36.9948 -36.9948 -36.9948
  0.0000   0.1197   0.1197   0.1197   0.1197   0.1197   0.1196   0.1195   0.1193
  0.1189   0.1178   0.1152   0.1094   0.0972   0.0722   0.0178  -0.1035  -0.3436
 -0.7262  -1.2575  -1.9381  -2.5157  -3.0684  -3.6443  -4.2564  -4.9250  -5.6843
 -6.5892  -7.7266  -9.2339 -11.3283 -14.3541 -18.8565 -25.6993 -36.2516 -36.9903
-36.9903 -36.9903 -36.9903 -36.9903 -36.9903 -36.9903 -36.9903 -36.9903
  0.0000   0.0516   0.0516   0.0516   0.0516   0.0516   0.0516   0.0515   0.0514
  0.0512   0.0505   0.0491   0.0457   0.0378   0.0207  -0.0166  -0.1036  -0.2968
 -0.6501  -1.1851  -1.8904  -2.5072  -3.0752  -3.6560  -4.2674  -4.9334  -5.6900
 -6.5929  -7.7287  -9.2349 -11.3287 -14.3541 -18.8561 -25.6988 -36.2510 -36.9895
-36.9895 -36.9895 -36.9895 -36.9895 -36.9895 -36.9895 -36.9895 -36.9895
  0.0000   0.0317   0.0317   0.0317   0.0316   0.0316   0.0316   0.0316   0.0315
  0.0313   0.0307   0.0295   0.0264   0.0192   0.0037  -0.0291  -0.1064  -0.2845
 -0.6259  -1.1638  -1.8819  -2.5068  -3.0764  -3.6574  -4.2685  -4.9341  -5.6906
 -6.5932  -7.7289  -9.2350 -11.3287 -14.3540 -18.8561 -25.6987 -36.2509 -36.9894
-36.9894 -36.9894 -36.9894 -36.9894 -36.9894 -36.9894 -36.9894 -36.9894
  0.0000   0.0294   0.0294   0.0294   0.0294   0.0294   0.0294   0.0294   0.0293
  0.0290   0.0284   0.0268   0.0233   0.0154  -0.0002  -0.0318  -0.1076  -0.2830
 -0.6207  -1.1590  -1.8805  -2.5036  -3.0735  -3.6551  -4.2669  -4.9330  -5.6899
 -6.5928  -7.7287  -9.2349 -11.3287 -14.3541 -18.8561 -25.6988 -36.2510 -36.9895
-36.9895 -36.9895 -36.9895 -36.9895 -36.9895 -36.9895 -36.9895 -36.9895
  0.0000   0.0367   0.0367   0.0367   0.0367   0.0367   0.0366   0.0366   0.0365
  0.0361   0.0353   0.0332   0.0286   0.0193   0.0030  -0.0286  -0.1064  -0.2857
 -0.6266  -1.1664  -1.8866  -2.5005  -3.0683  -3.6504  -4.2633  -4.9306  -5.6881
 -6.5918  -7.7281  -9.2346 -11.3286 -14.3541 -18.8562 -25.6989 -36.2511 -36.9897
-36.9897 -36.9897 -36.9897 -36.9897 -36.9897 -36.9897 -36.9897 -36.9897
  0.0000   0.0473   0.0473   0.0473   0.0473   0.0473   0.0473   0.0472   0.0470
  0.0466   0.0456   0.0432   0.0378   0.0272   0.0099  -0.0224  -0.1031  -0.2894
 -0.6385  -1.1834  -1.9021  -2.5007  -3.0631  -3.6441  -4.2579  -4.9267  -5.6856
 -6.5899  -7.7271  -9.2340 -11.3283 -14.3539 -18.8562 -25.6990 -36.2513 -36.9899
-36.9899 -36.9899 -36.9899 -36.9899 -36.9899 -36.9899 -36.9899 -36.9899
  0.0000   0.0554   0.0554   0.0554   0.0554   0.0554   0.0554   0.0553   0.0552
  0.0548   0.0539   0.0517   0.0466   0.0362   0.0179  -0.0160  -0.0993  -0.2918
 -0.6510  -1.2048  -1.9267  -2.5077  -3.0609  -3.6381  -4.2518  -4.9218  -5.6822
 -6.5877  -7.7255  -9.2332 -11.3279 -14.3538 -18.8562 -25.6991 -36.2514 -36.9902
-36.9902 -36.9902 -36.9902 -36.9902 -36.9902 -36.9902 -36.9902 -36.9902
 -1.0000   0.1286   0.1286   0.1286   0.1286   0.1286   0.1285   0.1284   0.1282
  0.1278   0.1269   0.1249   0.1206   0.1108   0.0890   0.0381  -0.0803  -0.3318
 -0.8076  -1.4230  -2.0095  -2.5868  -3.1914  -3.8429  -4.5705  -5.4215  -6.4707
 -7.8363  -9.7049 -12.3720 -16.3052 -22.2457 -31.3677 -36.9827 -36.9827 -36.9827
-36.9827 -36.9827 -36.9827 -36.9827 -36.9827 -36.9827 -36.9827 -36.9827
  0.0000   0.1285   0.1285   0.1285   0.1285   0.1285   0.1285   0.1284   0.1282
  0.1278   0.1269   0.1249   0.1206   0.1108   0.0890   0.0381  -0.0803  -0.3318
 -0.8076  -1.4230  -2.0095  -2.5868  -3.1914  -3.8429  -4.5705  -5.4215  -6.4707
 -7.8363  -9.7049 -12.3720 -16.3052 -22.2457 -31.3677 -36.9827 -36.9827 -36.9827
-36.9827 -36.9827 -36.9827 -36.9827 -36.9827 -36.9827 -36.9827 -36.9827
  0.0000   0.0819   0.0819   0.0819   0.0819   0.0819   0.0819   0.0818   0.0817
  0.0813   0.0807   0.0793   0.0763   0.0693   0.0529   0.0148  -0.0765  -0.2865
 -0.7225  -1.3671  -1.9911  -2.5853  -3.1960  -3.8476  -4.5734  -5.4220  -6.4697
 -7.8340  -9.7017 -12.3682 -16.3011 -22.2413 -31.3632 -36.9779 -36.9779 -36.9779
-36.9779 -36.9779 -36.9779 -36.9779 -36.9779 -36.9779 -36.9779 -36.9779
  0.0000   0.0707   0.0707   0.0707   0.0706   0.0706   0.0706   0.0706   0.0704
  0.0702   0.0695   0.0682   0.0654   0.0587   0.0433   0.0078  -0.0777  -0.2772
 -0.7048  -1.3582  -1.9830  -2.5850  -3.1962  -3.8479  -4.5735  -5.4220  -6.4696
 -7.8338  -9.7015 -12.3680 -16.3008 -22.2410 -31.3629 -36.9776 -36.9776 -36.9776
-36.9776 -36.9776 -36.9776 -36.9776 -36.9776 -36.9776 -36.9776 -36.9776
  1.0000   0.0663   0.0663   0.0663   0.0663   0.0663   0.0662   0.0662   0.0661
  0.0658   0.0652   0.0640   0.0611   0.0544   0.0391   0.0036  -0.0819  -0.2814
 -0.7089  -1.3622  -1.9871  -2.5892  -3.2004  -3.8521  -4.5777  -5.4262  -6.4738
 -7.8380  -9.7057 -12.3722 -16.3050 -22.2452 -31.3671 -36.9818 -36.9818 -36.9818
-36.9818 -36.9818 -36.9818 -36.9818 -36.9818 -36.9818 -36.9818 -36.9818
  2.0000   0.0702   0.0702   0.0702   0.0702   0.0702   0.0701   0.0701   0.0700
  0.0698   0.0692   0.0680   0.0651   0.0585   0.0432   0.0077  -0.0777  -0.2771
 -0.7044  -1.3578  -1.9828  -2.5849  -3.1962  -3.8479  -4.5735  -5.4220  -6.4696
 -7.8338  -9.7015 -12.3680 -16.3008 -22.2410 -31.3629 -36.9776 -36.9776 -36.9776
-36.9776 -36.9776 -36.9776 -36.9776 -36.9776 -36.9776 -36.9776 -36.9776
  3.0000   0.0696   0.0696   0.0696   0.0696   0.0696   0.0696   0.0696   0.0695
  0.0693   0.0688   0.0676   0.0648   0.0582   0.0429   0.0075  -0.0778  -0.2769
 -0.7037  -1.3573  -1.9827  -2.5849  -3.1961  -3.8479  -4.5735  -5.4220  -6.4696
 -7.8338  -9.7015 -12.3680 -16.3008 -22.2410 -31.3629 -36.9776 -36.9776 -36.9776
-36.9776 -36.9776 -36.9776 -36.9776 -36.9776 -36.9776 -36.9776 -36.9776
 -2.0000   0.1956   0.1956   0.1956   0.1956   0.1955   0.1954   0.1951   0.1948
  0.1941   0.1927   0.1901   0.1845   0.1721   0.1439   0.0782  -0.0738  -0.4018
 -0.9195  -1.4996  -2.1020  -2.7432  -3.4477  -4.2558  -5.2317  -6.4773  -8.1532
-10.5132 -13.9587 -19.1255 -27.0209 -36.9609 -36.9609 -36.9609 -36.9609 -36.9609
-36.9609 -36.9609 -36.9609 -36.9609 -36.9609 -36.9609 -36.9609 -36.9609
 -1.0000   0.1956   0.1956   0.1955   0.1955   0.1955   0.1954   0.1951   0.1948
  0.1941   0.1927   0.1901   0.1845   0.1721   0.1439   0.0782  -0.0738  -0.4018
 -0.9195  -1.4996  -2.1020  -2.7432  -3.4477  -4.2558  -5.2317  -6.4773  -8.1532
-10.5132 -13.9587 -19.1255 -27.0209 -36.9609 -36.9609 -36.9609 -36.9609 -36.9609
-36.9609 -36.9609 -36.9609 -36.9609 -36.9609 -36.9609 -36.9609 -36.9609
  0.0000   0.1955   0.1955   0.1955   0.1955   0.1954   0.1953   0.1951   0.1948
  0.1941   0.1927   0.1901   0.1845   0.1721   0.1439   0.0782  -0.0738  -0.4018
 -0.9195  -1.4996  -2.1020  -2.7432  -3.4477  -4.2558  -5.2317  -6.4773  -8.1532
-10.5132 -13.9587 -19.1255 -27.0209 -36.9609 -36.9609 -36.9609 -36.9609 -36.9609
-36.9609 -36.9609 -36.9609 -36.9609 -36.9609 -36.9609 -36.9609 -36.9609
  0.0000   0.1526   0.1526   0.1526   0.1525   0.1525   0.1524   0.1523   0.1520
  0.1514   0.1502   0.1480   0.1433   0.1335   0.1116   0.0610  -0.0584  -0.3444
 -0.8699  -1.4796  -2.0993  -2.7475  -3.4532  -4.2601  -5.2343  -6.4786  -8.1535
-10.5127 -13.9577 -19.1241 -27.0193 -36.9590 -36.9590 -36.9590 -36.9590 -36.9590
-36.9590 -36.9590 -36.9590 -36.9590 -36.9590 -36.9590 -36.9590 -36.9590
  0.0000   0.1527   0.1527   0.1527   0.1527   0.1527   0.1526   0.1525   0.1522
  0.1516   0.1504   0.1482   0.1435   0.1336   0.1114   0.0604  -0.0589  -0.3439
 -0.8696  -1.4791  -2.0988  -2.7470  -3.4528  -4.2598  -5.2341  -6.4783  -8.1533
-10.5125 -13.9575 -19.1240 -27.0192 -36.9589 -36.9589 -36.9589 -36.9589 -36.9589
-36.9589 -36.9589 -36.9589 -36.9589 -36.9589 -36.9589 -36.9589 -36.9589
  0.0000   0.1684   0.1684   0.1684   0.1684   0.1683   0.1683   0.1682   0.1679
  0.1674   0.1662   0.1637   0.1587   0.1477   0.1231   0.0665  -0.0644  -0.3644
 -0.8864  -1.4840  -2.0979  -2.7443  -3.4502  -4.2579  -5.2329  -6.4775  -8.1530
-10.5126 -13.9577 -19.1243 -27.0196 -36.9594 -36.9594 -36.9594 -36.9594 -36.9594
-36.9594 -36.9594 -36.9594 -36.9594 -36.9594 -36.9594 -36.9594 -36.9594
  0.0000   0.1877   0.1877   0.1877   0.1877   0.1877   0.1877   0.1877   0.1876
  0.1874   0.1866   0.1838   0.1777   0.1651   0.1377   0.0746  -0.0708  -0.3918
 -0.9111  -1.4938  -2.0988  -2.7417  -3.4471  -4.2554  -5.2314  -6.4769  -8.1528
-10.5128 -13.9582 -19.1249 -27.0203 -36.9603 -36.9603 -36.9603 -36.9603 -36.9603
-36.9603 -36.9603 -36.9603 -36.9603 -36.9603 -36.9603 -36.9603 -36.9603
 -3.0000   0.2305   0.2305   0.2304   0.2303   0.2301   0.2299   0.2295   0.2288
  0.2277   0.2257   0.2223   0.2159   0.2034   0.1759   0.1075  -0.0715  -0.4481
 -1.0000  -1.6247  -2.3135  -3.0906  -4.0088  -5.1552  -6.6682  -8.7663 -11.7944
-16.2982 -23.1419 -33.6948 -36.9342 -36.9342 -36.9342 -36.9342 -36.9342 -36.9342
-36.9342 -36.9342 -36.9342 -36.9342 -36.9342 -36.9342 -36.9342 -36.9342
 -2.0000   0.2304   0.2304   0.2304   0.2303   0.2301   0.2299   0.2295   0.2288
  0.2277   0.2257   0.2223   0.2159   0.2034   0.1759   0.1075  -0.0715  -0.4481
 -1.0000  -1.6247  -2.3135  -3.0906  -4.0088  -5.1552  -6.6682  -8.7663 -11.7944
-16.2982 -23.1419 -33.6948 -36.9342 -36.9342 -36.9342 -36.9342 -36.9342 -36.9342
-36.9342 -36.9342 -36.9342 -36.9342 -36.9342 -36.9342 -36.9342 -36.9342
 -1.0000   0.2304   0.2304   0.2303   0.2303   0.2301   0.2299   0.2295   0.2288
  0.2277   0.2257   0.2223   0.2159   0.2034   0.1759   0.1075  -0.0715  -0.4481
 -1.0000  -1.6247  -2.3135  -3.0906  -4.0088  -5.1552  -6.6682  -8.7663 -11.7944
-16.2982 -23.1419 -33.6948 -36.9342 -36.9342 -36.9342 -36.9342 -36.9342 -36.9342
-36.9342 -36.9342 -36.9342 -36.9342 -36.9342 -36.9342 -36.9342 -36.9342
  0.0000   0.2307   0.2307   0.2307   0.2306   0.2305   0.2303   0.2299   0.2292
  0.2281   0.2261   0.2227   0.2163   0.2038   0.1763   0.1079  -0.0711  -0.4477
 -0.9996  -1.6243  -2.3131  -3.0902  -4.0084  -5.1548  -6.6678  -8.7659 -11.7940
-16.2978 -23.1415 -33.6944 -36.9338 -36.9338 -36.9338 -36.9338 -36.9338 -36.9338
-36.9338 -36.9338 -36.9338 -36.9338 -36.9338 -36.9338 -36.9338 -36.9338
  0.0000   0.1849   0.1849   0.1849   0.1849   0.1848   0.1846   0.1842   0.1836
  0.1827   0.1811   0.1785   0.1745   0.1674   0.1520   0.1063  -0.0417  -0.4060
 -0.9755  -1.6169  -2.3138  -3.0932  -4.0110  -5.1563  -6.6682  -8.7656 -11.7931
-16.2965 -23.1399 -33.6927 -36.9318 -36.9318 -36.9318 -36.9318 -36.9318 -36.9318
-36.9318 -36.9318 -36.9318 -36.9318 -36.9318 -36.9318 -36.9318 -36.9318
  0.0000   0.1897   0.1897   0.1896   0.1896   0.1896   0.1894   0.1891   0.1885
  0.1875   0.1859   0.1833   0.1790   0.1713   0.1546   0.1066  -0.0446  -0.4103
 -0.9782  -1.6177  -2.3138  -3.0930  -4.0109  -5.1564  -6.6684  -8.7659 -11.7934
-16.2968 -23.1403 -33.6930 -36.9322 -36.9322 -36.9322 -36.9322 -36.9322 -36.9322
-36.9322 -36.9322 -36.9322 -36.9322 -36.9322 -36.9322 -36.9322 -36.9322
  0.0000   0.2085   0.2084   0.2084   0.2084   0.2084   0.2082   0.2079   0.2073
  0.2063   0.2045   0.2015   0.1963   0.1863   0.1647   0.1076  -0.0567  -0.4281
 -0.9885  -1.6210  -2.3137  -3.0920  -4.0101  -5.1561  -6.6686  -8.7664 -11.7942
-16.2977 -23.1413 -33.6941 -36.9334 -36.9334 -36.9334 -36.9334 -36.9334 -36.9334
-36.9334 -36.9334 -36.9334 -36.9334 -36.9334 -36.9334 -36.9334 -36.9334
 -3.0000   0.4384   0.4383   0.4382   0.4379   0.4376   0.4370   0.4360   0.4344
  0.4316   0.4266   0.4173   0.3987   0.3597   0.2740   0.0925  -0.2250  -0.6921
 -1.2712  -1.9592  -2.7890  -3.8292  -5.1944  -7.0679  -9.7421 -13.6823 -19.6285
-28.7547 -36.8779 -36.8779 -36.8779 -36.8779 -36.8779 -36.8779 -36.8779 -36.8779
-36.8779 -36.8779 -36.8779 -36.8779 -36.8779 -36.8779 -36.8779 -36.8779
 -2.0000   0.4383   0.4383   0.4382   0.4379   0.4376   0.4370   0.4360   0.4344
  0.4316   0.4266   0.4173   0.3987   0.3597   0.2740   0.0925  -0.2250  -0.6921
 -1.2712  -1.9592  -2.7890  -3.8292  -5.1944  -7.0679  -9.7421 -13.6823 -19.6285
-28.7547 -36.8779 -36.8779 -36.8779 -36.8779 -36.8779 -36.8779 -36.8779 -36.8779
-36.8779 -36.8779 -36.8779 -36.8779 -36.8779 -36.8779 -36.8779 -36.8779
 -1.0000   0.4383   0.4383   0.4381   0.4379   0.4376   0.4370   0.4360   0.4344
  0.4316   0.4266   0.4173   0.3987   0.3597   0.2740   0.0925  -0.2250  -0.6921
 -1.2712  -1.9592  -2.7890  -3.8292  -5.1944  -7.0679  -9.7421 -13.6823 -19.6285
-28.7547 -36.8779 -36.8779 -36.8779 -36.8779 -36.8779 -36.8779 -36.8779 -36.8779
-36.8779 -36.8779 -36.8779 -36.8779 -36.8779 -36.8779 -36.8779 -36.8779
  0.0000   0.4382   0.4382   0.4381   0.4379   0.4376   0.4370   0.4360   0.4344
  0.4316   0.4266   0.4173   0.3987   0.3597   0.2740   0.0925  -0.2250  -0.6921
 -1.2712  -1.9592  -2.7890  -3.8292  -5.1944  -7.0679  -9.7421 -13.6823 -19.6285
-28.7547 -36.8779 -36.8779 -36.8779 -36.8779 -36.8779 -36.8779 -36.8779 -36.8779
-36.8779 -36.8779 -36.8779 -36.8779 -36.8779 -36.8779 -36.8779 -36.8779
  0.0000   0.2504   0.2504   0.2503   0.2502   0.2499   0.2494   0.2486   0.2473
  0.2454   0.2426   0.2386   0.2333   0.2248   0.2039   0.1364  -0.0568  -0.4882
 -1.1121  -1.8591  -2.7349  -3.8041  -5.1836  -7.0611  -9.7336 -13.6704 -19.6129
-28.7362 -36.8532 -36.8532 -36.8532 -36.8532 -36.8532 -36.8532 -36.8532 -36.8532
-36.8532 -36.8532 -36.8532 -36.8532 -36.8532 -36.8532 -36.8532 -36.8532
  0.0000   0.2064   0.2064   0.2063   0.2062   0.2060   0.2056   0.2048   0.2036
  0.2018   0.1995   0.1968   0.1943   0.1925   0.1847   0.1405  -0.0255  -0.4543
 -1.0945  -1.8533  -2.7339  -3.8040  -5.1828  -7.0594  -9.7310 -13.6673 -19.6094
-28.7324 -36.8490 -36.8490 -36.8490 -36.8490 -36.8490 -36.8490 -36.8490 -36.8490
-36.8490 -36.8490 -36.8490 -36.8490 -36.8490 -36.8490 -36.8490 -36.8490
  0.0000   0.1990   0.1990   0.1990   0.1989   0.1987   0.1983   0.1976   0.1965
  0.1949   0.1927   0.1904   0.1888   0.1886   0.1832   0.1420  -0.0219  -0.4517
 -1.0936  -1.8531  -2.7339  -3.8039  -5.1826  -7.0591  -9.7308 -13.6670 -19.6091
-28.7321 -36.8486 -36.8486 -36.8486 -36.8486 -36.8486 -36.8486 -36.8486 -36.8486
-36.8486 -36.8486 -36.8486 -36.8486 -36.8486 -36.8486 -36.8486 -36.8486
 -4.0000   0.4617   0.4615   0.4612   0.4608   0.4600   0.4589   0.4571   0.4542
  0.4498   0.4428   0.4316   0.4117   0.3723   0.2878   0.1294  -0.2252  -0.7808
 -1.5258  -2.4792  -3.7212  -5.4030  -7.7730 -11.2287 -16.4041 -24.3059 -36.5307
-36.7583 -36.7583 -36.7583 -36.7583 -36.7583 -36.7583 -36.7583 -36.7583 -36.7583
-36.7583 -36.7583 -36.7583 -36.7583 -36.7583 -36.7583 -36.7583 -36.7583
 -3.0000   0.4617   0.4615   0.4612   0.4608   0.4600   0.4589   0.4571   0.4542
  0.4498   0.4428   0.4316   0.4117   0.3723   0.2878   0.1294  -0.2252  -0.7808
 -1.5258  -2.4792  -3.7212  -5.4030  -7.7730 -11.2287 -16.4041 -24.3059 -36.5307
-36.7583 -36.7583 -36.7583 -36.7583 -36.7583 -36.7583 -36.7583 -36.7583 -36.7583
-36.7583 -36.7583 -36.7583 -36.7583 -36.7583 -36.7583 -36.7583 -36.7583
 -2.0000   0.4617   0.4615   0.4612   0.4608   0.4600   0.4589   0.4571   0.4542
  0.4498   0.4428   0.4316   0.4117   0.3723   0.2878   0.1294  -0.2252  -0.7808
 -1.5258  -2.4792  -3.7212  -5.4030  -7.7730 -11.2287 -16.4041 -24.3059 -36.5307
-36.7583 -36.7583 -36.7583 -36.7583 -36.7583 -36.7583 -36.7583 -36.7583 -36.7583
-36.7583 -36.7583 -36.7583 -36.7583 -36.7583 -36.7583 -36.7583 -36.7583
 -1.0000   0.4616   0.4615   0.4612   0.4608   0.4600   0.4589   0.4571   0.4542
  0.4498   0.4428   0.4316   0.4117   0.3723   0.2878   0.1294  -0.2252  -0.7808
 -1.5258  -2.4792  -3.7212  -5.4030  -7.7730 -11.2287 -16.4041 -24.3059 -36.5307
-36.7583 -36.7583 -36.7583 -36.7583 -36.7583 -36.7583 -36.7583 -36.7583 -36.7583
-36.7583 -36.7583 -36.7583 -36.7583 -36.7583 -36.7583 -36.7583 -36.7583
  0.0000   0.4615   0.4614   0.4612   0.4608   0.4600   0.4589   0.4571   0.4542
  0.4498   0.4428   0.4316   0.4117   0.3723   0.2878   0.1294  -0.2252  -0.7808
 -1.5258  -2.4792  -3.7212  -5.4030  -7.7730 -11.2287 -16.4041 -24.3059 -36.5307
-36.7583 -36.7583 -36.7583 -36.7583 -36.7583 -36.7583 -36.7583 -36.7583 -36.7583
-36.7583 -36.7583 -36.7583 -36.7583 -36.7583 -36.7583 -36.7583 -36.7583
  1.0000   0.4613   0.4612   0.4610   0.4606   0.4599   0.4588   0.4570   0.4541
  0.4497   0.4427   0.4315   0.4116   0.3722   0.2877   0.1293  -0.2253  -0.7809
 -1.5259  -2.4793  -3.7213  -5.4031  -7.7731 -11.2288 -16.4042 -24.3060 -36.5308
-36.7584 -36.7584 -36.7584 -36.7584 -36.7584 -36.7584 -36.7584 -36.7584 -36.7584
-36.7584 -36.7584 -36.7584 -36.7584 -36.7584 -36.7584 -36.7584 -36.7584
  2.0000   0.4610   0.4609   0.4608   0.4605   0.4598   0.4587   0.4569   0.4540
  0.4496   0.4426   0.4314   0.4115   0.3721   0.2876   0.1292  -0.2254  -0.7810
 -1.5260  -2.4794  -3.7214  -5.4032  -7.7732 -11.2289 -16.4043 -24.3061 -36.5309
-36.7585 -36.7585 -36.7585 -36.7585 -36.7585 -36.7585 -36.7585 -36.7585 -36.7585
-36.7585 -36.7585 -36.7585 -36.7585 -36.7585 -36.7585 -36.7585 -36.7585
-14.0000   0.4617   0.4615   0.4612   0.4608   0.4600   0.4589   0.4571   0.4542
  0.4498   0.4428   0.4316   0.4117   0.3723   0.2878   0.1294  -0.2252  -0.7808
 -1.5258  -2.4792  -3.7212  -5.4030  -7.7730 -11.2287 -16.4041 -24.3059 -36.5307
-36.7583 -36.7583 -36.7583 -36.7583 -36.7583 -36.7583 -36.7583 -36.7583 -36.7583
-36.7583 -36.7583 -36.7583 -36.7583 -36.7583 -36.7583 -36.7583 -36.7583
-13.0000   0.4617   0.4615   0.4612   0.4608   0.4600   0.4589   0.4571   0.4542
  0.4498   0.4428   0.4316   0.4117   0.3723   0.2878   0.1294  -0.2252  -0.7808
 -1.5258  -2.4792  -3.7212  -5.4030  -7.7730 -11.2287 -16.4041 -24.3059 -36.5307
-36.7583 -36.7583 -36.7583 -36.7583 -36.7583 -36.7583 -36.7583 -36.7583 -36.7583
-36.7583 -36.7583 -36.7583 -36.7583 -36.7583 -36.7583 -36.7583 -36.7583
-12.0000   0.4617   0.4615   0.4612   0.4608   0.4600   0.4589   0.4571   0.4542
  0.4498   0.4428   0.4316   0.4117   0.3723   0.2878   0.1294  -0.2252  -0.7808
 -1.5258  -2.4792  -3.7212  -5.4030  -7.7730 -11.2287 -16.4041 -24.3059 -36.5307
-36.7583 -36.7583 -36.7583 -36.7583 -36.7583 -36.7583 -36.7583 -36.7583 -36.7583
-36.7583 -36.7583 -36.7583 -36.7583 -36.7583 -36.7583 -36.7583 -36.7583
-11.0000   0.4617   0.4615   0.4612   0.4608   0.4600   0.4589   0.4571   0.4542
  0.4498   0.4428   0.4316   0.4117   0.3723   0.2878   0.1294  -0.2252  -0.7808
 -1.5258  -2.4792  -3.7212  -5.4030  -7.7730 -11.2287 -16.4041 -24.3059 -36.5307
-36.7583 -36.7583 -36.7583 -36.7583 -36.7583 -36.7583 -36.7583 -36.7583 -36.7583
-36.7583 -36.7583 -36.7583 -36.7583 -36.7583 -36.7583 -36.7583 -36.7583
-10.0000   0.4617   0.4615   0.4612   0.4608   0.4600   0.4589   0.4571   0.4542
  0.4498   0.4428   0.4316   0.4117   0.3723   0.2878   0.1294  -0.2252  -0.7808
 -1.5258  -2.4792  -3.7212  -5.4030  -7.7730 -11.2287 -16.4041 -24.3059 -36.5307
-36.7583 -36.7583 -36.7583 -36.7583 -36.7583 -36.7583 -36.7583 -36.7583 -36.7583
-36.7583 -36.7583 -36.7583 -36.7583 -36.7583 -36.7583 -36.7583 -36.7583
 11.0000   0.4616   0.4615   0.4612   0.4608   0.4600   0.4589   0.4571   0.4542
  0.4498   0.4428   0.4316   0.4117   0.3723   0.2878   0.1294  -0.2252  -0.7808
 -1.5258  -2.4792  -3.7212  -5.4030  -7.7730 -11.2287 -16.4041 -24.3059 -36.5307
-36.7583 -36.7583 -36.7583 -36.7583 -36.7583 -36.7583 -36.7583 -36.7583 -36.7583
-36.7583 -36.7583 -36.7583 -36.7583 -36.7583 -36.7583 -36.7583 -36.7583
 12.0000   0.4614   0.4613   0.4611   0.4607   0.4599   0.4588   0.4570   0.4541
  0.4497   0.4427   0.4315   0.4116   0.3722   0.2877   0.1293  -0.2253  -0.7809
 -1.5259  -2.4793  -3.7213  -5.4031  -7.7731 -11.2288 -16.4042 -24.3060 -36.5308
-36.7584 -36.7584 -36.7584 -36.7584 -36.7584 -36.7584 -36.7584 -36.7584 -36.7584
-36.7584 -36.7584 -36.7584 -36.7584 -36.7584 -36.7584 -36.7584 -36.7584
nl= 2 nu=10
  0.0000  -1.4071  -1.4071  -1.4071  -1.4071  -1.4071  -1.4071  -1.4071  -1.4071
 -1.4071  -1.4071  -1.4071  -1.4071  -1.4072  -1.4072  -1.4072  -1.4073  -1.4075
 -1.4080  -1.4093  -1.4126  -1.4209  -1.4418  -1.4942  -1.6258  -1.9559  -2.7796
 -4.6001  -5.5251  -6.0599  -6.5766  -7.0888  -7.5957  -8.1041  -8.6369  -9.2340
 -9.9367 -10.4612 -10.9990 -11.5581 -12.1515 -12.7992 -13.5332 -14.4039
  0.0000  -1.5479  -1.5479  -1.5479  -1.5479  -1.5479  -1.5479  -1.5479  -1.5479
 -1.5479  -1.5479  -1.5479  -1.5479  -1.5479  -1.5479  -1.5479  -1.5480  -1.5481
 -1.5483  -1.5490  -1.5506  -1.5548  -1.5653  -1.5916  -1.6576  -1.8235  -2.2396
 -3.2780  -5.3266  -6.0288  -6.5559  -7.0724  -7.5820  -8.0921  -8.6259  -9.2235
 -9.9263 -10.4515 -10.9896 -11.5490 -12.1425 -12.7903 -13.5244 -14.3952
  0.0000  -1.6954  -1.6954  -1.6954  -1.6954  -1.6954  -1.6954  -1.6954  -1.6954
 -1.6954  -1.6954  -1.6954  -1.6954  -1.6954  -1.6954  -1.6954  -1.6954  -1.6955
 -1.6956  -1.6959  -1.6967  -1.6988  -1.7041  -1.7173  -1.7503  -1.8335  -2.0422
 -2.5661  -3.8718  -5.9576  -6.5361  -7.0595  -7.5724  -8.0848  -8.6199  -9.2182
 -9.9210 -10.4472 -10.9860 -11.5458 -12.1396 -12.7876 -13.5218 -14.3926
  0.0000  -1.8482  -1.8482  -1.8482  -1.8482  -1.8482  -1.8482  -1.8482  -1.8482
 -1.8482  -1.8482  -1.8482  -1.8482  -1.8482  -1.8482  -1.8482  -1.8482  -1.8483
 -1.8483  -1.8485  -1.8489  -1.8499  -1.8526  -1.8592  -1.8757  -1.9173  -2.0219
 -2.2844  -2.9432  -4.5805  -6.5072  -7.0487  -7.5660  -8.0805  -8.6173  -9.2163
 -9.9190 -10.4468 -10.9867 -11.5473 -12.1415 -12.7898 -13.5242 -14.3951
  0.0000  -1.9981  -1.9981  -1.9981  -1.9981  -1.9981  -1.9981  -1.9981  -1.9981
 -1.9981  -1.9981  -1.9981  -1.9981  -1.9981  -1.9981  -1.9981  -1.9981  -1.9981
 -1.9982  -1.9983  -1.9985  -1.9990  -2.0003  -2.0036  -2.0119  -2.0327  -2.0850
 -2.2164  -2.5463  -3.3745  -5.4153  -7.0291  -7.5556  -8.0720  -8.6097  -9.2092
 -9.9114 -10.4415 -10.9829 -11.5447 -12.1398 -12.7886 -13.5232 -14.3944
  0.0000  -2.1485  -2.1485  -2.1485  -2.1485  -2.1485  -2.1485  -2.1485  -2.1485
 -2.1485  -2.1485  -2.1485  -2.1485  -2.1485  -2.1485  -2.1485  -2.1485  -2.1485
 -2.1485  -2.1486  -2.1487  -2.1489  -2.1496  -2.1512  -2.1554  -2.1658  -2.1919
 -2.2577  -2.4227  -2.8373  -3.8779  -6.3733  -7.5443  -8.0649  -8.6021  -9.2007
 -9.9012 -10.4342 -10.9778 -11.5410 -12.1375 -12.7871 -13.5223 -14.3938
  0.0000  -2.3021  -2.3021  -2.3021  -2.3021  -2.3021  -2.3021  -2.3021  -2.3021
 -2.3021  -2.3021  -2.3021  -2.3021  -2.3021  -2.3021  -2.3021  -2.3021  -2.3021
 -2.3021  -2.3021  -2.3021  -2.3023  -2.3026  -2.3034  -2.3055  -2.3107  -2.3238
 -2.3566  -2.4392  -2.6465  -3.1673  -4.4744  -7.3239  -8.0623  -8.6001  -9.1959
 -9.8925 -10.4275 -10.9734 -11.5390 -12.1368 -12.7878 -13.5239 -14.3959
  0.0000  -1.0714  -1.0714  -1.0714  -1.0714  -1.0714  -1.0714  -1.0714  -1.0714
 -1.0714  -1.0714  -1.0714  -1.0715  -1.0715  -1.0715  -1.0717  -1.0721  -1.0730
 -1.0754  -1.0814  -1.0965  -1.1344  -1.2295  -1.4677  -2.0600  -3.4114  -4.4962
 -5.0426  -5.5624  -6.0740  -6.5844  -7.0936  -7.6215  -8.1947  -8.9223  -9.4438
 -9.9765 -10.5275 -11.1077 -11.7345 -12.4352 -13.2533 -14.2572 -15.5558
  0.0000  -1.2206  -1.2206  -1.2206  -1.2206  -1.2206  -1.2206  -1.2206  -1.2206
 -1.2206  -1.2206  -1.2206  -1.2206  -1.2206  -1.2207  -1.2207  -1.2209  -1.2214
 -1.2226  -1.2257  -1.2333  -1.2524  -1.3005  -1.4212  -1.7238  -2.4765  -4.1128
 -5.0173  -5.5511  -6.0674  -6.5804  -7.0915  -7.6206  -8.1943  -8.9218  -9.4443
 -9.9775 -10.5288 -11.1092 -11.7362 -12.4370 -13.2551 -14.2590 -15.5577
  0.0000  -1.3666  -1.3666  -1.3666  -1.3666  -1.3666  -1.3666  -1.3666  -1.3666
 -1.3666  -1.3666  -1.3666  -1.3666  -1.3666  -1.3666  -1.3666  -1.3667  -1.3670
 -1.3676  -1.3691  -1.3729  -1.3826  -1.4068  -1.4676  -1.6201  -2.0028  -2.9545
 -4.8189  -5.5287  -6.0538  -6.5699  -7.0831  -7.6137  -8.1884  -8.9155  -9.4392
 -9.9734 -10.5252 -11.1060 -11.7332 -12.4341 -13.2523 -14.2563 -15.5550
  0.0000  -1.5135  -1.5135  -1.5135  -1.5135  -1.5135  -1.5135  -1.5135  -1.5135
 -1.5135  -1.5135  -1.5135  -1.5135  -1.5135  -1.5135  -1.5135  -1.5135  -1.5137
 -1.5140  -1.5147  -1.5167  -1.5215  -1.5336  -1.5641  -1.6408  -1.8331  -2.3157
 -3.5147  -5.4524  -6.0374  -6.5584  -7.0733  -7.6051  -8.1806  -8.9072  -9.4328
 -9.9682 -10.5211 -11.1025 -11.7300 -12.4312 -13.2495 -14.2536 -15.5524
  0.0000  -1.6653  -1.6653  -1.6653  -1.6653  -1.6653  -1.6653  -1.6653  -1.6653
 -1.6653  -1.6653  -1.6653  -1.6653  -1.6653  -1.6653  -1.6653  -1.6654  -1.6654
 -1.6656  -1.6660  -1.6669  -1.6693  -1.6754  -1.6907  -1.7291  -1.8255  -2.0677
 -2.6752  -4.1803  -6.0105  -6.5509  -7.0679  -7.5998  -8.1756  -8.9006  -9.4289
 -9.9661 -10.5203 -11.1027 -11.7309 -12.4325 -13.2511 -14.2554 -15.5542
  0.0000  -1.8157  -1.8157  -1.8157  -1.8157  -1.8157  -1.8157  -1.8157  -1.8157
 -1.8157  -1.8157  -1.8157  -1.8157  -1.8157  -1.8157  -1.8157  -1.8158  -1.8158
 -1.8159  -1.8161  -1.8165  -1.8177  -1.8208  -1.8284  -1.8477  -1.8959  -2.0172
 -2.3218  -3.0859  -4.9631  -6.5371  -7.0629  -7.5939  -8.1680  -8.8896  -9.4206
 -9.9600 -10.5162 -11.1000 -11.7293 -12.4316 -13.2506 -14.2552 -15.5542
  0.0000  -1.9664  -1.9664  -1.9664  -1.9664  -1.9664  -1.9664  -1.9664  -1.9664
 -1.9664  -1.9664  -1.9664  -1.9664  -1.9664  -1.9664  -1.9664  -1.9664  -1.9664
 -1.9665  -1.9666  -1.9668  -1.9674  -1.9689  -1.9728  -1.9824  -2.0065  -2.0672
 -2.2196  -2.6024  -3.5630  -5.8643  -7.0570  -7.5916  -8.1630  -8.8788  -9.4106
 -9.9518 -10.5102 -11.0960 -11.7266 -12.4300 -13.2498 -14.2548 -15.5541
  0.0000  -0.7557  -0.7557  -0.7557  -0.7557  -0.7557  -0.7557  -0.7557  -0.7557
 -0.7557  -0.7557  -0.7557  -0.7557  -0.7558  -0.7561  -0.7568  -0.7584  -0.7626
 -0.7732  -0.7997  -0.8661  -1.0321  -1.4418  -2.3789  -3.4594  -4.0327  -4.5566
 -5.0699  -5.5815  -6.0912  -6.6096  -7.1482  -7.8028  -8.4367  -8.9653  -9.5093
-10.0783 -10.6872 -11.3595 -12.1323 -13.0645 -14.2495 -15.8351 -18.0556
  0.0000  -0.8988  -0.8988  -0.8988  -0.8988  -0.8988  -0.8988  -0.8988  -0.8988
 -0.8988  -0.8988  -0.8988  -0.8988  -0.8989  -0.8990  -0.8994  -0.9002  -0.9024
 -0.9078  -0.9215  -0.9558  -1.0418  -1.2570  -1.7892  -2.9790  -3.9984  -4.5449
 -5.0632  -5.5772  -6.0885  -6.6083  -7.1479  -7.8025  -8.4368  -8.9662  -9.5106
-10.0799 -10.6890 -11.3614 -12.1343 -13.0666 -14.2516 -15.8372 -18.0577
  0.0000  -1.0417  -1.0417  -1.0417  -1.0417  -1.0417  -1.0417  -1.0417  -1.0417
 -1.0417  -1.0417  -1.0417  -1.0417  -1.0417  -1.0418  -1.0420  -1.0424  -1.0435
 -1.0463  -1.0532  -1.0707  -1.1146  -1.2247  -1.5004  -2.1830  -3.6387  -4.5191
 -5.0507  -5.5676  -6.0804  -6.6015  -7.1423  -7.7972  -8.4318  -8.9623  -9.5075
-10.0773 -10.6867 -11.3592 -12.1323 -13.0646 -14.2497 -15.8353 -18.0558
  0.0000  -1.1919  -1.1919  -1.1919  -1.1919  -1.1919  -1.1919  -1.1919  -1.1919
 -1.1919  -1.1919  -1.1919  -1.1919  -1.1919  -1.1920  -1.1921  -1.1923  -1.1928
 -1.1942  -1.1978  -1.2066  -1.2288  -1.2845  -1.4245  -1.7749  -2.6429  -4.3246
 -5.0385  -5.5627  -6.0768  -6.5983  -7.1400  -7.7948  -8.4302  -8.9620  -9.5086
-10.0791 -10.6890 -11.3619 -12.1351 -13.0676 -14.2527 -15.8384 -18.0590
  0.0000  -1.3340  -1.3340  -1.3340  -1.3340  -1.3340  -1.3340  -1.3340  -1.3340
 -1.3340  -1.3340  -1.3340  -1.3340  -1.3340  -1.3340  -1.3341  -1.3342  -1.3344
 -1.3351  -1.3369  -1.3414  -1.3525  -1.3806  -1.4511  -1.6280  -2.0714  -3.1687
 -4.9533  -5.5472  -6.0647  -6.5856  -7.1270  -7.7807  -8.4165  -8.9507  -9.4985
-10.0704 -10.6811 -11.3545 -12.1281 -13.0608 -14.2461 -15.8319 -18.0525
  0.0000  -1.4823  -1.4823  -1.4823  -1.4823  -1.4823  -1.4823  -1.4823  -1.4823
 -1.4823  -1.4823  -1.4823  -1.4823  -1.4823  -1.4824  -1.4824  -1.4824  -1.4826
 -1.4829  -1.4838  -1.4860  -1.4917  -1.5057  -1.5411  -1.6300  -1.8531  -2.4125
 -3.7923  -5.5185  -6.0601  -6.5810  -7.1201  -7.7708  -8.4057  -8.9422  -9.4924
-10.0657 -10.6777 -11.3521 -12.1262 -13.0593 -14.2448 -15.8307 -18.0514
  0.0000  -1.6335  -1.6335  -1.6335  -1.6335  -1.6335  -1.6335  -1.6335  -1.6335
 -1.6335  -1.6335  -1.6335  -1.6335  -1.6335  -1.6335  -1.6335  -1.6335  -1.6336
 -1.6338  -1.6342  -1.6353  -1.6381  -1.6452  -1.6629  -1.7075  -1.8193  -2.1003
 -2.8047  -4.5276  -6.0509  -6.5822  -7.1194  -7.7650  -8.3966  -8.9338  -9.4860
-10.0617 -10.6753 -11.3509 -12.1259 -13.0596 -14.2455 -15.8316 -18.0525
  0.0000  -0.4644  -0.4644  -0.4644  -0.4644  -0.4644  -0.4644  -0.4644  -0.4644
 -0.4644  -0.4644  -0.4645  -0.4646  -0.4651  -0.4661  -0.4688  -0.4755  -0.4924
 -0.5346  -0.6398  -0.8971  -1.4829  -2.3783  -3.0107  -3.5441  -4.0598  -4.5728
 -5.0815  -5.5916  -6.1256  -6.7232  -7.4260  -7.9514  -8.4897  -9.0492  -9.6428
-10.2907 -11.0247 -11.8955 -12.9831 -14.4142 -16.3899 -19.2286 -23.4353
  0.0000  -0.5886  -0.5886  -0.5886  -0.5886  -0.5886  -0.5886  -0.5886  -0.5886
 -0.5887  -0.5887  -0.5887  -0.5888  -0.5890  -0.5896  -0.5911  -0.5947  -0.6039
 -0.6270  -0.6847  -0.8286  -1.1814  -1.9727  -2.9480  -3.5291  -4.0517  -4.5662
 -5.0760  -5.5873  -6.1223  -6.7204  -7.4232  -7.9495  -8.4883  -9.0482  -9.6421
-10.2901 -11.0243 -11.8951 -12.9827 -14.4138 -16.3895 -19.2283 -23.4350
  0.0000  -0.7221  -0.7221  -0.7221  -0.7221  -0.7221  -0.7221  -0.7221  -0.7221
 -0.7221  -0.7222  -0.7222  -0.7222  -0.7223  -0.7227  -0.7234  -0.7253  -0.7302
 -0.7424  -0.7729  -0.8495  -1.0406  -1.5099  -2.5371  -3.4935  -4.0412  -4.5592
 -5.0696  -5.5817  -6.1174  -6.7162  -7.4188  -7.9464  -8.4862  -9.0467  -9.6410
-10.2893 -11.0236 -11.8945 -12.9822 -14.4134 -16.3891 -19.2279 -23.4345
  0.0000  -0.8652  -0.8652  -0.8652  -0.8652  -0.8652  -0.8652  -0.8652  -0.8652
 -0.8652  -0.8652  -0.8652  -0.8653  -0.8653  -0.8655  -0.8659  -0.8669  -0.8694
 -0.8757  -0.8915  -0.9312  -1.0306  -1.2793  -1.8910  -3.1697  -4.0241  -4.5555
 -5.0670  -5.5786  -6.1146  -6.7134  -7.4155  -7.9450  -8.4862  -9.0477  -9.6426
-10.2913 -11.0259 -11.8970 -12.9848 -14.4161 -16.3918 -19.2306 -23.4373
  0.0000  -1.0063  -1.0063  -1.0063  -1.0063  -1.0063  -1.0063  -1.0063  -1.0063
 -1.0063  -1.0063  -1.0063  -1.0063  -1.0063  -1.0064  -1.0066  -1.0071  -1.0084
 -1.0116  -1.0196  -1.0399  -1.0907  -1.2182  -1.5372  -2.3222  -3.8235  -4.5419
 -5.0605  -5.5711  -6.1054  -6.7032  -7.4036  -7.9355  -8.4785  -9.0414  -9.6374
-10.2869 -11.0219 -11.8933 -12.9813 -14.4127 -16.3885 -19.2273 -23.4341
  0.0000  -1.1534  -1.1534  -1.1534  -1.1534  -1.1534  -1.1534  -1.1534  -1.1534
 -1.1535  -1.1535  -1.1535  -1.1535  -1.1535  -1.1535  -1.1536  -1.1539  -1.1545
 -1.1561  -1.1602  -1.1705  -1.1962  -1.2608  -1.4229  -1.8288  -2.8271  -4.4564
 -5.0579  -5.5710  -6.1022  -6.6967  -7.3935  -7.9272  -8.4723  -9.0373  -9.6347
-10.2852 -11.0210 -11.8929 -12.9812 -14.4127 -16.3887 -19.2276 -23.4344
  0.0000  -1.3043  -1.3043  -1.3043  -1.3043  -1.3043  -1.3043  -1.3043  -1.3043
 -1.3043  -1.3043  -1.3043  -1.3043  -1.3043  -1.3043  -1.3044  -1.3045  -1.3048
 -1.3056  -1.3077  -1.3128  -1.3258  -1.3583  -1.4401  -1.6452  -2.1589  -3.4186
 -5.0308  -5.5751  -6.1061  -6.6961  -7.3868  -7.9198  -8.4661  -9.0332  -9.6326
-10.2845 -11.0215 -11.8941 -12.9828 -14.4147 -16.3908 -19.2299 -23.4368
  0.0000  -0.2390  -0.2390  -0.2390  -0.2390  -0.2390  -0.2390  -0.2390  -0.2390
 -0.2391  -0.2392  -0.2394  -0.2399  -0.2413  -0.2447  -0.2533  -0.2747  -0.3279
 -0.4576  -0.7561  -1.3201  -1.9652  -2.5193  -3.0447  -3.5596  -4.0731  -4.5851
 -5.1151  -5.6895  -6.4168  -6.9399  -7.4735  -8.0251  -8.6057  -9.2327  -9.9336
-10.7517 -11.7557 -13.0543 -14.8200 -17.3260 -21.0051 -26.5438 -35.0295
  0.0000  -0.3287  -0.3287  -0.3287  -0.3287  -0.3287  -0.3287  -0.3288  -0.3288
 -0.3288  -0.3288  -0.3290  -0.3293  -0.3301  -0.3322  -0.3375  -0.3508  -0.3839
 -0.4661  -0.6661  -1.1179  -1.8631  -2.5015  -3.0388  -3.5548  -4.0681  -4.5806
 -5.1113  -5.6863  -6.4134  -6.9375  -7.4719  -8.0240  -8.6049  -9.2321  -9.9332
-10.7513 -11.7554 -13.0541 -14.8198 -17.3257 -21.0049 -26.5436 -35.0293
  0.0000  -0.4370  -0.4370  -0.4370  -0.4370  -0.4370  -0.4370  -0.4370  -0.4370
 -0.4371  -0.4371  -0.4372  -0.4374  -0.4378  -0.4390  -0.4421  -0.4497  -0.4689
 -0.5169  -0.6362  -0.9263  -1.5682  -2.4357  -3.0288  -3.5511  -4.0641  -4.5761
 -5.1071  -5.6825  -6.4090  -6.9345  -7.4701  -8.0230  -8.6044  -9.2320  -9.9333
-10.7516 -11.7557 -13.0545 -14.8202 -17.3262 -21.0054 -26.5441 -35.0298
  0.0000  -0.5616  -0.5616  -0.5616  -0.5616  -0.5616  -0.5616  -0.5616  -0.5616
 -0.5616  -0.5616  -0.5617  -0.5618  -0.5621  -0.5627  -0.5644  -0.5686  -0.5791
 -0.6056  -0.6718  -0.8366  -1.2379  -2.1010  -2.9956  -3.5484  -4.0636  -4.5742
 -5.1041  -5.6791  -6.4040  -6.9318  -7.4688  -8.0229  -8.6053  -9.2334  -9.9350
-10.7536 -11.7579 -13.0567 -14.8225 -17.3285 -21.0078 -26.5464 -35.0321
  0.0000  -0.6938  -0.6938  -0.6938  -0.6938  -0.6938  -0.6938  -0.6938  -0.6938
 -0.6938  -0.6938  -0.6938  -0.6938  -0.6940  -0.6943  -0.6952  -0.6975  -0.7030
 -0.7171  -0.7523  -0.8406  -1.0605  -1.5969  -2.6983  -3.5311  -4.0625  -4.5726
 -5.0995  -5.6724  -6.3940  -6.9239  -7.4630  -8.0188  -8.6023  -9.2314  -9.9336
-10.7525 -11.7570 -13.0560 -14.8219 -17.3280 -21.0073 -26.5460 -35.0317
  0.0000  -0.8372  -0.8372  -0.8372  -0.8372  -0.8372  -0.8372  -0.8372  -0.8372
 -0.8372  -0.8372  -0.8372  -0.8372  -0.8373  -0.8375  -0.8379  -0.8391  -0.8420
 -0.8492  -0.8675  -0.9134  -1.0284  -1.3152  -2.0156  -3.3383  -4.0603  -4.5793
 -5.1034  -5.6719  -6.3879  -6.9183  -7.4590  -8.0169  -8.6023  -9.2326  -9.9358
-10.7553 -11.7602 -13.0595 -14.8256 -17.3317 -21.0111 -26.5498 -35.0356
  0.0000  -0.9750  -0.9750  -0.9750  -0.9750  -0.9750  -0.9750  -0.9750  -0.9750
 -0.9750  -0.9750  -0.9750  -0.9750  -0.9750  -0.9751  -0.9754  -0.9760  -0.9774
 -0.9812  -0.9905  -1.0139  -1.0728  -1.2204  -1.5891  -2.4886  -3.9580  -4.5741
 -5.1024  -5.6671  -6.3761  -6.9032  -7.4435  -8.0031  -8.5905  -9.2227  -9.9270
-10.7476 -11.7531 -13.0527 -14.8190 -17.3254 -21.0048 -26.5436 -35.0294
  0.0000  -0.1148  -0.1148  -0.1148  -0.1148  -0.1148  -0.1148  -0.1148  -0.1149
 -0.1150  -0.1151  -0.1156  -0.1167  -0.1196  -0.1267  -0.1445  -0.1884  -0.2936
 -0.5258  -0.9434  -1.4744  -2.0097  -2.5353  -3.0570  -3.5737  -4.0966  -4.6383
 -5.2940  -5.9288  -6.4591  -7.0042  -7.5739  -8.1832  -8.8557  -9.6287 -10.5611
-11.7461 -13.3317 -15.5523 -18.7791 -23.6007 -30.9500 -36.9995 -36.9995
  0.0000  -0.1583  -0.1583  -0.1583  -0.1583  -0.1583  -0.1583  -0.1584  -0.1584
 -0.1584  -0.1586  -0.1589  -0.1598  -0.1619  -0.1673  -0.1809  -0.2145  -0.2966
 -0.4885  -0.8797  -1.4454  -2.0049  -2.5330  -3.0544  -3.5700  -4.0930  -4.6353
 -5.2908  -5.9261  -6.4572  -7.0030  -7.5731  -8.1827  -8.8554  -9.6285 -10.5609
-11.7460 -13.3317 -15.5522 -18.7790 -23.6007 -30.9500 -36.9995 -36.9995
  0.0000  -0.2215  -0.2215  -0.2215  -0.2215  -0.2215  -0.2215  -0.2215  -0.2215
 -0.2215  -0.2216  -0.2219  -0.2225  -0.2239  -0.2277  -0.2371  -0.2605  -0.3185
 -0.4595  -0.7800  -1.3610  -1.9898  -2.5322  -3.0536  -3.5672  -4.0893  -4.6316
 -5.2868  -5.9225  -6.4549  -7.0017  -7.5725  -8.1825  -8.8555  -9.6288 -10.5613
-11.7465 -13.3322 -15.5528 -18.7796 -23.6013 -30.9506 -37.0001 -37.0001
  0.0000  -0.3070  -0.3070  -0.3070  -0.3070  -0.3070  -0.3070  -0.3070  -0.3070
 -0.3070  -0.3071  -0.3072  -0.3076  -0.3086  -0.3109  -0.3168  -0.3317  -0.3688
 -0.4608  -0.6831  -1.1742  -1.9207  -2.5273  -3.0557  -3.5674  -4.0868  -4.6278
 -5.2817  -5.9174  -6.4517  -6.9998  -7.5717  -8.1825  -8.8560  -9.6295 -10.5623
-11.7476 -13.3334 -15.5540 -18.7808 -23.6025 -30.9519 -37.0014 -37.0014
  0.0000  -0.4101  -0.4101  -0.4101  -0.4101  -0.4101  -0.4101  -0.4101  -0.4101
 -0.4101  -0.4102  -0.4102  -0.4105  -0.4110  -0.4124  -0.4159  -0.4246  -0.4464
 -0.5010  -0.6364  -0.9633  -1.6608  -2.4879  -3.0547  -3.5693  -4.0850  -4.6226
 -5.2733  -5.9078  -6.4440  -6.9940  -7.5673  -8.1793  -8.8536  -9.6277 -10.5607
-11.7462 -13.3321 -15.5528 -18.7798 -23.6015 -30.9509 -37.0004 -37.0004
  0.0000  -0.5296  -0.5296  -0.5296  -0.5296  -0.5296  -0.5296  -0.5296  -0.5296
 -0.5296  -0.5296  -0.5297  -0.5298  -0.5301  -0.5309  -0.5328  -0.5376  -0.5497
 -0.5801  -0.6560  -0.8446  -1.3000  -2.2255  -3.0377  -3.5738  -4.0889  -4.6217
 -5.2669  -5.8978  -6.4345  -6.9865  -7.5618  -8.1753  -8.8507  -9.6256 -10.5592
-11.7450 -13.3312 -15.5520 -18.7790 -23.6008 -30.9502 -36.9998 -36.9998
  0.0000  -0.6689  -0.6689  -0.6689  -0.6689  -0.6689  -0.6689  -0.6689  -0.6689
 -0.6689  -0.6690  -0.6690  -0.6690  -0.6692  -0.6696  -0.6706  -0.6732  -0.6796
 -0.6958  -0.7364  -0.8381  -1.0909  -1.7016  -2.8474  -3.5767  -4.1045  -4.6356
 -5.2749  -5.8992  -6.4333  -6.9857  -7.5630  -8.1783  -8.8553  -9.6313 -10.5657
-11.7520 -13.3385 -15.5595 -18.7867 -23.6085 -30.9580 -37.0077 -37.0077
  0.0000  -0.0768  -0.0768  -0.0768  -0.0768  -0.0768  -0.0768  -0.0768  -0.0768
 -0.0769  -0.0771  -0.0777  -0.0791  -0.0827  -0.0917  -0.1146  -0.1713  -0.3023
 -0.5651  -0.9818  -1.4873  -2.0159  -2.5446  -3.0674  -3.6097  -4.2116  -4.9161
 -5.4445  -5.9850  -6.5458  -7.1402  -7.7885  -8.5229  -9.3939 -10.4816 -11.9127
-13.8885 -16.7272 -20.9339 -27.3085 -36.9992 -36.9992 -36.9992 -36.9992
  0.0000  -0.0911  -0.0911  -0.0911  -0.0911  -0.0911  -0.0911  -0.0911  -0.0912
 -0.0912  -0.0914  -0.0920  -0.0933  -0.0966  -0.1049  -0.1257  -0.1771  -0.2980
 -0.5514  -0.9720  -1.4863  -2.0164  -2.5427  -3.0658  -3.6077  -4.2096  -4.9139
 -5.4433  -5.9843  -6.5457  -7.1404  -7.7890  -8.5236  -9.3946 -10.4824 -11.9136
-13.8893 -16.7281 -20.9348 -27.3094 -37.0001 -37.0001 -37.0001 -37.0001
  0.0000  -0.1098  -0.1098  -0.1098  -0.1098  -0.1098  -0.1098  -0.1098  -0.1099
 -0.1100  -0.1101  -0.1106  -0.1117  -0.1146  -0.1219  -0.1400  -0.1846  -0.2916
 -0.5277  -0.9505  -1.4834  -2.0185  -2.5412  -3.0623  -3.6025  -4.2040  -4.9074
 -5.4384  -5.9804  -6.5427  -7.1380  -7.7870  -8.5218  -9.3931 -10.4809 -11.9122
-13.8880 -16.7268 -20.9335 -27.3081 -36.9988 -36.9988 -36.9988 -36.9988
  0.0000  -0.1451  -0.1451  -0.1451  -0.1451  -0.1451  -0.1451  -0.1451  -0.1451
 -0.1452  -0.1453  -0.1457  -0.1466  -0.1489  -0.1547  -0.1691  -0.2048  -0.2921
 -0.4947  -0.9010  -1.4695  -2.0237  -2.5452  -3.0626  -3.5996  -4.1991  -4.9006
 -5.4333  -5.9771  -6.5404  -7.1368  -7.7864  -8.5216  -9.3931 -10.4811 -11.9125
-13.8883 -16.7272 -20.9339 -27.3086 -36.9993 -36.9993 -36.9993 -36.9993
  0.0000  -0.2008  -0.2008  -0.2008  -0.2008  -0.2008  -0.2008  -0.2008  -0.2008
 -0.2008  -0.2009  -0.2012  -0.2019  -0.2035  -0.2076  -0.2179  -0.2437  -0.3074
 -0.4615  -0.8068  -1.4053  -2.0207  -2.5522  -3.0664  -3.5987  -4.1941  -4.8917
 -5.4254  -5.9709  -6.5362  -7.1336  -7.7843  -8.5202  -9.3921 -10.4804 -11.9120
-13.8879 -16.7269 -20.9336 -27.3083 -36.9991 -36.9991 -36.9991 -36.9991
  0.0000  -0.2809  -0.2809  -0.2809  -0.2809  -0.2809  -0.2809  -0.2809  -0.2809
 -0.2810  -0.2810  -0.2812  -0.2816  -0.2827  -0.2853  -0.2920  -0.3087  -0.3503
 -0.4533  -0.7005  -1.2323  -1.9751  -2.5576  -3.0759  -3.6039  -4.1936  -4.8848
 -5.4171  -5.9635  -6.5306  -7.1301  -7.7819  -8.5189  -9.3915 -10.4802 -11.9121
-13.8882 -16.7273 -20.9341 -27.3088 -36.9997 -36.9997 -36.9997 -36.9997
  0.0000  -0.3885  -0.3885  -0.3885  -0.3885  -0.3885  -0.3885  -0.3885  -0.3885
 -0.3886  -0.3886  -0.3887  -0.3889  -0.3896  -0.3911  -0.3951  -0.4050  -0.4298
 -0.4918  -0.6451  -1.0119  -1.7600  -2.5420  -3.0901  -3.6201  -4.2055  -4.8896
 -5.4161  -5.9608  -6.5289  -7.1303  -7.7841  -8.5221  -9.3958 -10.4852 -11.9175
-13.8939 -16.7332 -20.9401 -27.3149 -37.0059 -37.0059 -37.0059 -37.0059
  0.0000  -0.0717  -0.0717  -0.0717  -0.0717  -0.0717  -0.0717  -0.0717  -0.0718
 -0.0718  -0.0720  -0.0725  -0.0737  -0.0768  -0.0855  -0.1093  -0.1689  -0.3033
 -0.5674  -0.9814  -1.4881  -2.0219  -2.5757  -3.1613  -3.8955  -4.4260  -4.9641
 -5.5185  -6.1009  -6.7290  -7.4306  -8.2491  -9.2533 -10.5522 -12.3180 -14.8240
-18.5032 -24.0419 -32.5277 -36.9978 -36.9978 -36.9978 -36.9978 -36.9978
  0.0000  -0.0798  -0.0798  -0.0798  -0.0798  -0.0798  -0.0798  -0.0798  -0.0798
 -0.0799  -0.0801  -0.0805  -0.0817  -0.0849  -0.0931  -0.1154  -0.1718  -0.3009
 -0.5599  -0.9743  -1.4837  -2.0188  -2.5721  -3.1593  -3.8926  -4.4239  -4.9627
 -5.5175  -6.1003  -6.7287  -7.4304  -8.2490  -9.2533 -10.5522 -12.3180 -14.8240
-18.5033 -24.0420 -32.5277 -36.9979 -36.9979 -36.9979 -36.9979 -36.9979
  0.0000  -0.0824  -0.0824  -0.0824  -0.0824  -0.0824  -0.0824  -0.0824  -0.0825
 -0.0825  -0.0827  -0.0833  -0.0845  -0.0878  -0.0961  -0.1176  -0.1718  -0.2982
 -0.5562  -0.9745  -1.4868  -2.0196  -2.5692  -3.1561  -3.8873  -4.4195  -4.9596
 -5.5154  -6.0989  -6.7277  -7.4297  -8.2486  -9.2530 -10.5519 -12.3178 -14.8239
-18.5032 -24.0419 -32.5276 -36.9978 -36.9978 -36.9978 -36.9978 -36.9978
  0.0000  -0.0865  -0.0865  -0.0865  -0.0865  -0.0865  -0.0865  -0.0865  -0.0866
 -0.0866  -0.0868  -0.0874  -0.0887  -0.0919  -0.1001  -0.1208  -0.1722  -0.2938
 -0.5496  -0.9759  -1.4952  -2.0256  -2.5690  -3.1531  -3.8803  -4.4134  -4.9548
 -5.5121  -6.0964  -6.7262  -7.4288  -8.2479  -9.2526 -10.5517 -12.3177 -14.8238
-18.5031 -24.0418 -32.5276 -36.9978 -36.9978 -36.9978 -36.9978 -36.9978
  0.0000  -0.0989  -0.0989  -0.0989  -0.0989  -0.0989  -0.0989  -0.0989  -0.0989
 -0.0990  -0.0992  -0.0997  -0.1009  -0.1039  -0.1114  -0.1302  -0.1766  -0.2879
 -0.5328  -0.9668  -1.5044  -2.0372  -2.5738  -3.1523  -3.8736  -4.4055  -4.9479
 -5.5069  -6.0929  -6.7236  -7.4271  -8.2469  -9.2519 -10.5513 -12.3174 -14.8236
-18.5030 -24.0418 -32.5276 -36.9978 -36.9978 -36.9978 -36.9978 -36.9978
  0.0000  -0.1279  -0.1279  -0.1279  -0.1279  -0.1279  -0.1279  -0.1279  -0.1279
 -0.1280  -0.1281  -0.1285  -0.1295  -0.1320  -0.1381  -0.1536  -0.1919  -0.2854
 -0.5013  -0.9263  -1.5011  -2.0510  -2.5848  -3.1573  -3.8714  -4.3985  -4.9395
 -5.4998  -6.0878  -6.7202  -7.4247  -8.2455  -9.2511 -10.5508 -12.3172 -14.8235
-18.5030 -24.0418 -32.5277 -36.9980 -36.9980 -36.9980 -36.9980 -36.9980
  0.0000  -0.1800  -0.1800  -0.1800  -0.1800  -0.1800  -0.1800  -0.1800  -0.1800
 -0.1800  -0.1801  -0.1804  -0.1811  -0.1829  -0.1875  -0.1988  -0.2270  -0.2969
 -0.4649  -0.8358  -1.4501  -2.0558  -2.5988  -3.1691  -3.8783  -4.3964  -4.9323
 -5.4918  -6.0810  -6.7154  -7.4216  -8.2433  -9.2499 -10.5501 -12.3168 -14.8234
-18.5031 -24.0420 -32.5279 -36.9983 -36.9983 -36.9983 -36.9983 -36.9983
  0.0000  -0.0641  -0.0641  -0.0641  -0.0641  -0.0641  -0.0642  -0.0642  -0.0642
 -0.0643  -0.0645  -0.0650  -0.0662  -0.0695  -0.0784  -0.1027  -0.1631  -0.2993
 -0.5672  -0.9844  -1.5000  -2.0635  -2.7465  -3.3943  -3.9366  -4.4890  -5.0629
 -5.6751  -6.3493  -7.1233  -8.0563  -9.2418 -10.8276 -13.0483 -16.2752 -21.0968
-28.4462 -36.9958 -36.9958 -36.9958 -36.9958 -36.9958 -36.9958 -36.9958
  0.0000  -0.0799  -0.0799  -0.0799  -0.0799  -0.0799  -0.0799  -0.0800  -0.0800
 -0.0800  -0.0802  -0.0806  -0.0816  -0.0844  -0.0922  -0.1141  -0.1694  -0.2958
 -0.5526  -0.9673  -1.4886  -2.0575  -2.7440  -3.3938  -3.9364  -4.4889  -5.0629
 -5.6751  -6.3493  -7.1233  -8.0563  -9.2418 -10.8276 -13.0483 -16.2752 -21.0968
-28.4462 -36.9958 -36.9958 -36.9958 -36.9958 -36.9958 -36.9958 -36.9958
  0.0000  -0.0835  -0.0835  -0.0835  -0.0835  -0.0835  -0.0835  -0.0835  -0.0835
 -0.0835  -0.0837  -0.0840  -0.0849  -0.0874  -0.0949  -0.1163  -0.1707  -0.2953
 -0.5498  -0.9642  -1.4863  -2.0547  -2.7401  -3.3900  -3.9334  -4.4868  -5.0615
 -5.6741  -6.3487  -7.1229  -8.0561  -9.2416 -10.8275 -13.0482 -16.2751 -21.0968
-28.4462 -36.9958 -36.9958 -36.9958 -36.9958 -36.9958 -36.9958 -36.9958
  0.0000  -0.0807  -0.0807  -0.0807  -0.0807  -0.0807  -0.0807  -0.0807  -0.0807
 -0.0808  -0.0809  -0.0813  -0.0823  -0.0849  -0.0924  -0.1138  -0.1687  -0.2947
 -0.5522  -0.9704  -1.4918  -2.0561  -2.7364  -3.3842  -3.9281  -4.4827  -5.0587
 -5.6720  -6.3474  -7.1221  -8.0555  -9.2413 -10.8273 -13.0481 -16.2750 -21.0968
-28.4461 -36.9958 -36.9958 -36.9958 -36.9958 -36.9958 -36.9958 -36.9958
  0.0000  -0.0754  -0.0754  -0.0754  -0.0754  -0.0754  -0.0754  -0.0754  -0.0754
 -0.0755  -0.0757  -0.0762  -0.0774  -0.0804  -0.0885  -0.1098  -0.1645  -0.2923
 -0.5553  -0.9819  -1.5049  -2.0634  -2.7355  -3.3783  -3.9210  -4.4764  -5.0541
 -5.6689  -6.3451  -7.1206  -8.0545  -9.2406 -10.8268 -13.0478 -16.2748 -21.0966
-28.4460 -36.9957 -36.9957 -36.9957 -36.9957 -36.9957 -36.9957 -36.9957
  0.0000  -0.0740  -0.0740  -0.0740  -0.0740  -0.0740  -0.0740  -0.0740  -0.0741
 -0.0742  -0.0744  -0.0749  -0.0762  -0.0795  -0.0878  -0.1089  -0.1619  -0.2878
 -0.5531  -0.9917  -1.5228  -2.0779  -2.7412  -3.3760  -3.9140  -4.4689  -5.0478
 -5.6644  -6.3421  -7.1186  -8.0533  -9.2399 -10.8265 -13.0476 -16.2748 -21.0966
-28.4461 -36.9959 -36.9959 -36.9959 -36.9959 -36.9959 -36.9959 -36.9959
  0.0000  -0.0824  -0.0824  -0.0824  -0.0824  -0.0824  -0.0824  -0.0824  -0.0825
 -0.0825  -0.0827  -0.0832  -0.0845  -0.0876  -0.0954  -0.1150  -0.1636  -0.2805
 -0.5368  -0.9856  -1.5359  -2.0952  -2.7538  -3.3803  -3.9094  -4.4604  -5.0392
 -5.6572  -6.3367  -7.1146  -8.0502  -9.2376 -10.8246 -13.0461 -16.2734 -21.0954
-28.4450 -36.9949 -36.9949 -36.9949 -36.9949 -36.9949 -36.9949 -36.9949
  0.0000  -0.0313  -0.0313  -0.0313  -0.0313  -0.0313  -0.0313  -0.0313  -0.0314
 -0.0315  -0.0318  -0.0325  -0.0341  -0.0382  -0.0489  -0.0771  -0.1460  -0.2960
 -0.5793  -1.0175  -1.5882  -2.2949  -2.8857  -3.4441  -4.0170  -4.6193  -5.2727
 -6.0103  -6.8834  -7.9723  -9.4043 -11.3805 -14.2196 -18.4265 -24.8013 -34.6121
-36.9921 -36.9921 -36.9921 -36.9921 -36.9921 -36.9921 -36.9921 -36.9921
  0.0000  -0.0665  -0.0665  -0.0665  -0.0665  -0.0665  -0.0665  -0.0665  -0.0665
 -0.0666  -0.0669  -0.0674  -0.0688  -0.0721  -0.0804  -0.1024  -0.1580  -0.2851
 -0.5445  -0.9784  -1.5627  -2.2879  -2.8893  -3.4492  -4.0214  -4.6224  -5.2748
 -6.0117  -6.8841  -7.9727  -9.4045 -11.3805 -14.2195 -18.4263 -24.8011 -34.6118
-36.9918 -36.9918 -36.9918 -36.9918 -36.9918 -36.9918 -36.9918 -36.9918
  0.0000  -0.0771  -0.0771  -0.0771  -0.0771  -0.0771  -0.0771  -0.0771  -0.0771
 -0.0772  -0.0774  -0.0779  -0.0790  -0.0819  -0.0894  -0.1103  -0.1629  -0.2837
 -0.5344  -0.9651  -1.5534  -2.2845  -2.8875  -3.4481  -4.0207  -4.6219  -5.2745
 -6.0114  -6.8839  -7.9725  -9.4043 -11.3804 -14.2194 -18.4262 -24.8010 -34.6117
-36.9917 -36.9917 -36.9917 -36.9917 -36.9917 -36.9917 -36.9917 -36.9917
  0.0000  -0.0774  -0.0774  -0.0774  -0.0774  -0.0774  -0.0774  -0.0774  -0.0774
 -0.0775  -0.0776  -0.0780  -0.0788  -0.0812  -0.0884  -0.1096  -0.1632  -0.2843
 -0.5348  -0.9651  -1.5528  -2.2818  -2.8833  -3.4441  -4.0176  -4.6198  -5.2729
 -6.0104  -6.8833  -7.9722  -9.4041 -11.3802 -14.2193 -18.4262 -24.8009 -34.6117
-36.9917 -36.9917 -36.9917 -36.9917 -36.9917 -36.9917 -36.9917 -36.9917
  0.0000  -0.0718  -0.0718  -0.0718  -0.0718  -0.0718  -0.0718  -0.0718  -0.0718
 -0.0718  -0.0719  -0.0721  -0.0728  -0.0748  -0.0819  -0.1040  -0.1598  -0.2850
 -0.5410  -0.9755  -1.5615  -2.2858  -2.8785  -3.4382  -4.0125  -4.6161  -5.2705
 -6.0088  -6.8823  -7.9716  -9.4038 -11.3801 -14.2193 -18.4262 -24.8010 -34.6118
-36.9919 -36.9919 -36.9919 -36.9919 -36.9919 -36.9919 -36.9919 -36.9919
  0.0000  -0.0630  -0.0630  -0.0630  -0.0630  -0.0630  -0.0630  -0.0630  -0.0630
 -0.0631  -0.0632  -0.0635  -0.0643  -0.0666  -0.0740  -0.0964  -0.1543  -0.2841
 -0.5487  -0.9917  -1.5785  -2.2970  -2.8765  -3.4318  -4.0056  -4.6106  -5.2665
 -6.0061  -6.8805  -7.9705  -9.4031 -11.3797 -14.2191 -18.4261 -24.8010 -34.6119
-36.9920 -36.9920 -36.9920 -36.9920 -36.9920 -36.9920 -36.9920 -36.9920
  0.0000  -0.0555  -0.0555  -0.0555  -0.0555  -0.0555  -0.0555  -0.0555  -0.0555
 -0.0556  -0.0558  -0.0562  -0.0574  -0.0604  -0.0685  -0.0908  -0.1486  -0.2812
 -0.5530  -1.0074  -1.6002  -2.3173  -2.8808  -3.4277  -3.9985  -4.6036  -5.2611
 -6.0022  -6.8778  -7.9686  -9.4019 -11.3789 -14.2185 -18.4257 -24.8007 -34.6116
-36.9919 -36.9919 -36.9919 -36.9919 -36.9919 -36.9919 -36.9919 -36.9919
  0.0000   0.0791   0.0791   0.0791   0.0791   0.0791   0.0791   0.0790   0.0789
  0.0787   0.0781   0.0772   0.0757   0.0673   0.0483   0.0018  -0.1002  -0.3105
 -0.6855  -1.2901  -1.8913  -2.4347  -2.9783  -3.5548  -4.1830  -4.8889  -5.7139
 -6.7245  -8.0285  -9.7981 -12.3068 -15.9878 -21.5276 -30.0140 -36.9855 -36.9855
-36.9855 -36.9855 -36.9855 -36.9855 -36.9855 -36.9855 -36.9855 -36.9855
  0.0000  -0.0154  -0.0154  -0.0154  -0.0154  -0.0154  -0.0154  -0.0155  -0.0155
 -0.0157  -0.0162  -0.0171  -0.0192  -0.0238  -0.0347  -0.0611  -0.1242  -0.2692
 -0.5731  -1.1165  -1.7747  -2.3780  -2.9592  -3.5585  -4.1973  -4.9055  -5.7281
 -6.7351  -8.0354  -9.8022 -12.3088 -15.9884 -21.5273 -30.0132 -36.9837 -36.9837
-36.9837 -36.9837 -36.9837 -36.9837 -36.9837 -36.9837 -36.9837 -36.9837
  0.0000  -0.0406  -0.0406  -0.0406  -0.0406  -0.0407  -0.0407  -0.0407  -0.0408
 -0.0409  -0.0413  -0.0421  -0.0440  -0.0481  -0.0573  -0.0795  -0.1334  -0.2609
 -0.5437  -1.0802  -1.7633  -2.3779  -2.9622  -3.5616  -4.1997  -4.9070  -5.7291
 -6.7355  -8.0355  -9.8021 -12.3086 -15.9881 -21.5269 -30.0128 -36.9832 -36.9832
-36.9832 -36.9832 -36.9832 -36.9832 -36.9832 -36.9832 -36.9832 -36.9832
  0.0000  -0.0452  -0.0452  -0.0452  -0.0452  -0.0452  -0.0452  -0.0453  -0.0453
 -0.0455  -0.0458  -0.0466  -0.0483  -0.0522  -0.0612  -0.0831  -0.1358  -0.2600
 -0.5375  -1.0743  -1.7600  -2.3751  -2.9601  -3.5601  -4.1986  -4.9062  -5.7285
 -6.7350  -8.0352  -9.8018 -12.3083 -15.9878 -21.5267 -30.0125 -36.9830 -36.9830
-36.9830 -36.9830 -36.9830 -36.9830 -36.9830 -36.9830 -36.9830 -36.9830
  0.0000  -0.0404  -0.0404  -0.0404  -0.0404  -0.0404  -0.0405  -0.0405  -0.0405
 -0.0406  -0.0409  -0.0415  -0.0430  -0.0467  -0.0559  -0.0791  -0.1334  -0.2610
 -0.5425  -1.0870  -1.7630  -2.3716  -2.9552  -3.5558  -4.1953  -4.9040  -5.7269
 -6.7340  -8.0345  -9.8013 -12.3080 -15.9876 -21.5265 -30.0124 -36.9829 -36.9829
-36.9829 -36.9829 -36.9829 -36.9829 -36.9829 -36.9829 -36.9829 -36.9829
  0.0000  -0.0316  -0.0316  -0.0316  -0.0316  -0.0316  -0.0316  -0.0316  -0.0317
 -0.0317  -0.0319  -0.0324  -0.0336  -0.0368  -0.0463  -0.0712  -0.1282  -0.2617
 -0.5531  -1.1137  -1.7748  -2.3706  -2.9499  -3.5500  -4.1906  -4.9006  -5.7246
 -6.7324  -8.0335  -9.8007 -12.3076 -15.9874 -21.5264 -30.0124 -36.9830 -36.9830
-36.9830 -36.9830 -36.9830 -36.9830 -36.9830 -36.9830 -36.9830 -36.9830
  0.0000  -0.0217  -0.0217  -0.0217  -0.0217  -0.0217  -0.0217  -0.0217  -0.0217
 -0.0218  -0.0219  -0.0224  -0.0235  -0.0267  -0.0364  -0.0622  -0.1218  -0.2613
 -0.5642  -1.1474  -1.7953  -2.3750  -2.9463  -3.5438  -4.1847  -4.8960  -5.7214
 -6.7301  -8.0321  -9.7998 -12.3070 -15.9870 -21.5262 -30.0122 -36.9830 -36.9830
-36.9830 -36.9830 -36.9830 -36.9830 -36.9830 -36.9830 -36.9830 -36.9830
 -2.0000   0.0420   0.0420   0.0420   0.0420   0.0419   0.0419   0.0418   0.0416
  0.0412   0.0405   0.0391   0.0363   0.0302   0.0167  -0.0150  -0.0905  -0.2702
 -0.6659  -1.2583  -1.8696  -2.4779  -3.1123  -3.8007  -4.5835  -5.5218  -6.7107
 -8.2986 -10.5205 -13.7482 -18.5703 -25.9200 -36.9700 -36.9700 -36.9700 -36.9700
-36.9700 -36.9700 -36.9700 -36.9700 -36.9700 -36.9700 -36.9700 -36.9700
 -1.0000   0.0419   0.0419   0.0419   0.0419   0.0419   0.0418   0.0418   0.0416
  0.0412   0.0405   0.0391   0.0363   0.0302   0.0167  -0.0150  -0.0905  -0.2702
 -0.6659  -1.2583  -1.8696  -2.4779  -3.1123  -3.8007  -4.5835  -5.5218  -6.7107
 -8.2986 -10.5205 -13.7482 -18.5703 -25.9200 -36.9700 -36.9700 -36.9700 -36.9700
-36.9700 -36.9700 -36.9700 -36.9700 -36.9700 -36.9700 -36.9700 -36.9700
  0.0000   0.0417   0.0417   0.0417   0.0417   0.0417   0.0417   0.0416   0.0414
  0.0411   0.0404   0.0390   0.0362   0.0301   0.0166  -0.0151  -0.0906  -0.2703
 -0.6659  -1.2583  -1.8697  -2.4780  -3.1124  -3.8008  -4.5836  -5.5219  -6.7108
 -8.2987 -10.5206 -13.7483 -18.5704 -25.9201 -36.9701 -36.9701 -36.9701 -36.9701
-36.9701 -36.9701 -36.9701 -36.9701 -36.9701 -36.9701 -36.9701 -36.9701
  0.0000   0.0261   0.0261   0.0261   0.0261   0.0261   0.0261   0.0260   0.0259
  0.0255   0.0248   0.0235   0.0209   0.0153   0.0030  -0.0258  -0.0944  -0.2592
 -0.6414  -1.2455  -1.8672  -2.4793  -3.1143  -3.8023  -4.5845  -5.5222  -6.7109
 -8.2985 -10.5202 -13.7478 -18.5699 -25.9195 -36.9694 -36.9694 -36.9694 -36.9694
-36.9694 -36.9694 -36.9694 -36.9694 -36.9694 -36.9694 -36.9694 -36.9694
  0.0000   0.0327   0.0327   0.0327   0.0327   0.0327   0.0327   0.0326   0.0325
  0.0322   0.0316   0.0303   0.0275   0.0217   0.0088  -0.0214  -0.0930  -0.2637
 -0.6515  -1.2500  -1.8665  -2.4771  -3.1121  -3.8006  -4.5833  -5.5214  -6.7103
 -8.2981 -10.5200 -13.7476 -18.5698 -25.9194 -36.9694 -36.9694 -36.9694 -36.9694
-36.9694 -36.9694 -36.9694 -36.9694 -36.9694 -36.9694 -36.9694 -36.9694
  0.0000   0.0480   0.0480   0.0480   0.0480   0.0480   0.0479   0.0479   0.0478
  0.0475   0.0470   0.0456   0.0427   0.0365   0.0226  -0.0102  -0.0883  -0.2743
 -0.6790  -1.2649  -1.8684  -2.4740  -3.1081  -3.7972  -4.5809  -5.5200  -6.7093
 -8.2977 -10.5199 -13.7477 -18.5700 -25.9197 -36.9698 -36.9698 -36.9698 -36.9698
-36.9698 -36.9698 -36.9698 -36.9698 -36.9698 -36.9698 -36.9698 -36.9698
  0.0000   0.0647   0.0647   0.0647   0.0647   0.0647   0.0647   0.0647   0.0646
  0.0644   0.0639   0.0626   0.0597   0.0530   0.0382   0.0029  -0.0823  -0.2863
 -0.7140  -1.2875  -1.8751  -2.4726  -3.1038  -3.7931  -4.5779  -5.5181  -6.7082
 -8.2972 -10.5198 -13.7479 -18.5703 -25.9202 -36.9705 -36.9705 -36.9705 -36.9705
-36.9705 -36.9705 -36.9705 -36.9705 -36.9705 -36.9705 -36.9705 -36.9705
 -2.0000   0.1745   0.1745   0.1744   0.1744   0.1743   0.1742   0.1739   0.1735
  0.1727   0.1712   0.1683   0.1625   0.1503   0.1230   0.0609  -0.0822  -0.3846
 -0.8538  -1.4045  -2.0084  -2.6714  -3.4212  -4.3059  -5.4043  -6.8431  -8.8241
-11.6662 -15.8751 -22.2511 -32.0626 -36.9441 -36.9441 -36.9441 -36.9441 -36.9441
-36.9441 -36.9441 -36.9441 -36.9441 -36.9441 -36.9441 -36.9441 -36.9441
 -1.0000   0.1744   0.1744   0.1744   0.1744   0.1743   0.1742   0.1739   0.1735
  0.1727   0.1712   0.1683   0.1625   0.1503   0.1230   0.0609  -0.0822  -0.3846
 -0.8538  -1.4045  -2.0084  -2.6714  -3.4212  -4.3059  -5.4043  -6.8431  -8.8241
-11.6662 -15.8751 -22.2511 -32.0626 -36.9441 -36.9441 -36.9441 -36.9441 -36.9441
-36.9441 -36.9441 -36.9441 -36.9441 -36.9441 -36.9441 -36.9441 -36.9441
  0.0000   0.1743   0.1743   0.1743   0.1743   0.1742   0.1741   0.1739   0.1735
  0.1727   0.1712   0.1683   0.1625   0.1503   0.1230   0.0609  -0.0822  -0.3846
 -0.8538  -1.4045  -2.0084  -2.6714  -3.4212  -4.3059  -5.4043  -6.8431  -8.8241
-11.6662 -15.8751 -22.2511 -32.0626 -36.9441 -36.9441 -36.9441 -36.9441 -36.9441
-36.9441 -36.9441 -36.9441 -36.9441 -36.9441 -36.9441 -36.9441 -36.9441
  0.0000   0.0800   0.0800   0.0800   0.0800   0.0799   0.0798   0.0797   0.0793
  0.0787   0.0776   0.0758   0.0726   0.0665   0.0542   0.0252  -0.0565  -0.2896
 -0.7593  -1.3534  -1.9911  -2.6718  -3.4278  -4.3124  -5.4084  -6.8447  -8.8235
-11.6642 -15.8720 -22.2473 -32.0584 -36.9391 -36.9391 -36.9391 -36.9391 -36.9391
-36.9391 -36.9391 -36.9391 -36.9391 -36.9391 -36.9391 -36.9391 -36.9391
  0.0000   0.0687   0.0687   0.0687   0.0687   0.0686   0.0686   0.0684   0.0681
  0.0675   0.0665   0.0648   0.0621   0.0566   0.0462   0.0211  -0.0537  -0.2795
 -0.7508  -1.3504  -1.9909  -2.6724  -3.4283  -4.3126  -5.4083  -6.8444  -8.8231
-11.6637 -15.8714 -22.2467 -32.0577 -36.9384 -36.9384 -36.9384 -36.9384 -36.9384
-36.9384 -36.9384 -36.9384 -36.9384 -36.9384 -36.9384 -36.9384 -36.9384
  0.0000   0.0865   0.0865   0.0865   0.0865   0.0865   0.0865   0.0864   0.0861
  0.0855   0.0845   0.0826   0.0791   0.0726   0.0591   0.0278  -0.0579  -0.2955
 -0.7647  -1.3550  -1.9907  -2.6708  -3.4267  -4.3115  -5.4078  -6.8441  -8.8232
-11.6639 -15.8718 -22.2472 -32.0582 -36.9390 -36.9390 -36.9390 -36.9390 -36.9390
-36.9390 -36.9390 -36.9390 -36.9390 -36.9390 -36.9390 -36.9390 -36.9390
  0.0000   0.1122   0.1122   0.1122   0.1121   0.1121   0.1121   0.1120   0.1118
  0.1113   0.1102   0.1080   0.1038   0.0955   0.0780   0.0377  -0.0642  -0.3201
 -0.7872  -1.3641  -1.9916  -2.6687  -3.4243  -4.3098  -5.4068  -6.8438  -8.8233
-11.6644 -15.8724 -22.2479 -32.0591 -36.9400 -36.9400 -36.9400 -36.9400 -36.9400
-36.9400 -36.9400 -36.9400 -36.9400 -36.9400 -36.9400 -36.9400 -36.9400
 -3.0000   0.1750   0.1750   0.1749   0.1748   0.1746   0.1743   0.1738   0.1731
  0.1718   0.1697   0.1665   0.1613   0.1522   0.1331   0.0815  -0.0615  -0.3743
 -0.8851  -1.5159  -2.2398  -3.0818  -4.1053  -5.4182  -7.1935  -9.7056 -13.3887
-18.9299 -27.4172 -36.8898 -36.8898 -36.8898 -36.8898 -36.8898 -36.8898 -36.8898
-36.8898 -36.8898 -36.8898 -36.8898 -36.8898 -36.8898 -36.8898 -36.8898
 -2.0000   0.1749   0.1749   0.1749   0.1748   0.1746   0.1743   0.1738   0.1731
  0.1718   0.1697   0.1665   0.1613   0.1522   0.1331   0.0815  -0.0615  -0.3743
 -0.8851  -1.5159  -2.2398  -3.0818  -4.1053  -5.4182  -7.1935  -9.7056 -13.3887
-18.9299 -27.4172 -36.8898 -36.8898 -36.8898 -36.8898 -36.8898 -36.8898 -36.8898
-36.8898 -36.8898 -36.8898 -36.8898 -36.8898 -36.8898 -36.8898 -36.8898
 -1.0000   0.1749   0.1749   0.1748   0.1748   0.1746   0.1743   0.1738   0.1731
  0.1718   0.1697   0.1665   0.1613   0.1522   0.1331   0.0815  -0.0615  -0.3743
 -0.8851  -1.5159  -2.2398  -3.0818  -4.1053  -5.4182  -7.1935  -9.7056 -13.3887
-18.9299 -27.4172 -36.8898 -36.8898 -36.8898 -36.8898 -36.8898 -36.8898 -36.8898
-36.8898 -36.8898 -36.8898 -36.8898 -36.8898 -36.8898 -36.8898 -36.8898
  0.0000   0.1748   0.1748   0.1747   0.1747   0.1746   0.1743   0.1738   0.1731
  0.1718   0.1697   0.1665   0.1613   0.1522   0.1331   0.0815  -0.0615  -0.3743
 -0.8851  -1.5159  -2.2398  -3.0818  -4.1053  -5.4182  -7.1935  -9.7056 -13.3887
-18.9299 -27.4172 -36.8898 -36.8898 -36.8898 -36.8898 -36.8898 -36.8898 -36.8898
-36.8898 -36.8898 -36.8898 -36.8898 -36.8898 -36.8898 -36.8898 -36.8898
  0.0000   0.0875   0.0875   0.0875   0.0875   0.0874   0.0871   0.0867   0.0860
  0.0850   0.0835   0.0817   0.0799   0.0789   0.0782   0.0630  -0.0236  -0.2974
 -0.8270  -1.4900  -2.2331  -3.0825  -4.1069  -5.4183  -7.1915  -9.7022 -13.3842
-18.9245 -27.4112 -36.8829 -36.8829 -36.8829 -36.8829 -36.8829 -36.8829 -36.8829
-36.8829 -36.8829 -36.8829 -36.8829 -36.8829 -36.8829 -36.8829 -36.8829
  0.0000   0.0779   0.0779   0.0779   0.0778   0.0778   0.0776   0.0773   0.0766
  0.0756   0.0742   0.0726   0.0713   0.0715   0.0732   0.0619  -0.0196  -0.2904
 -0.8228  -1.4885  -2.2327  -3.0823  -4.1067  -5.4178  -7.1909  -9.7015 -13.3834
-18.9237 -27.4104 -36.8820 -36.8820 -36.8820 -36.8820 -36.8820 -36.8820 -36.8820
-36.8820 -36.8820 -36.8820 -36.8820 -36.8820 -36.8820 -36.8820 -36.8820
  0.0000   0.0900   0.0900   0.0900   0.0900   0.0899   0.0898   0.0895   0.0890
  0.0880   0.0865   0.0848   0.0831   0.0827   0.0827   0.0661  -0.0245  -0.3019
 -0.8305  -1.4912  -2.2329  -3.0819  -4.1063  -5.4178  -7.1912  -9.7020 -13.3840
-18.9244 -27.4112 -36.8829 -36.8829 -36.8829 -36.8829 -36.8829 -36.8829 -36.8829
-36.8829 -36.8829 -36.8829 -36.8829 -36.8829 -36.8829 -36.8829 -36.8829
 -4.0000   0.2085   0.2084   0.2082   0.2079   0.2076   0.2069   0.2059   0.2043
  0.2020   0.1988   0.1944   0.1888   0.1803   0.1614   0.1092  -0.0306  -0.4010
 -1.0136  -1.8042  -2.7687  -3.9816  -5.5874  -7.8213 -11.0566 -15.8835 -23.2362
-34.5936 -36.7909 -36.7909 -36.7909 -36.7909 -36.7909 -36.7909 -36.7909 -36.7909
-36.7909 -36.7909 -36.7909 -36.7909 -36.7909 -36.7909 -36.7909 -36.7909
 -3.0000   0.2084   0.2084   0.2082   0.2079   0.2076   0.2069   0.2059   0.2043
  0.2020   0.1988   0.1944   0.1888   0.1803   0.1614   0.1092  -0.0306  -0.4010
 -1.0136  -1.8042  -2.7687  -3.9816  -5.5874  -7.8213 -11.0566 -15.8835 -23.2362
-34.5936 -36.7909 -36.7909 -36.7909 -36.7909 -36.7909 -36.7909 -36.7909 -36.7909
-36.7909 -36.7909 -36.7909 -36.7909 -36.7909 -36.7909 -36.7909 -36.7909
 -2.0000   0.2084   0.2083   0.2082   0.2079   0.2076   0.2069   0.2059   0.2043
  0.2020   0.1988   0.1944   0.1888   0.1803   0.1614   0.1092  -0.0306  -0.4010
 -1.0136  -1.8042  -2.7687  -3.9816  -5.5874  -7.8213 -11.0566 -15.8835 -23.2362
-34.5936 -36.7909 -36.7909 -36.7909 -36.7909 -36.7909 -36.7909 -36.7909 -36.7909
-36.7909 -36.7909 -36.7909 -36.7909 -36.7909 -36.7909 -36.7909 -36.7909
 -1.0000   0.2083   0.2082   0.2081   0.2079   0.2076   0.2069   0.2059   0.2043
  0.2020   0.1988   0.1944   0.1888   0.1803   0.1614   0.1092  -0.0306  -0.4010
 -1.0136  -1.8042  -2.7687  -3.9816  -5.5874  -7.8213 -11.0566 -15.8835 -23.2362
-34.5936 -36.7909 -36.7909 -36.7909 -36.7909 -36.7909 -36.7909 -36.7909 -36.7909
-36.7909 -36.7909 -36.7909 -36.7909 -36.7909 -36.7909 -36.7909 -36.7909
  0.0000   0.2082   0.2081   0.2081   0.2079   0.2075   0.2069   0.2059   0.2043
  0.2020   0.1988   0.1944   0.1888   0.1803   0.1614   0.1092  -0.0306  -0.4010
 -1.0136  -1.8042  -2.7687  -3.9816  -5.5874  -7.8213 -11.0566 -15.8835 -23.2362
-34.5936 -36.7909 -36.7909 -36.7909 -36.7909 -36.7909 -36.7909 -36.7909 -36.7909
-36.7909 -36.7909 -36.7909 -36.7909 -36.7909 -36.7909 -36.7909 -36.7909
  1.0000   0.2079   0.2078   0.2078   0.2077   0.2074   0.2068   0.2058   0.2042
  0.2019   0.1987   0.1943   0.1887   0.1802   0.1613   0.1091  -0.0307  -0.4011
 -1.0137  -1.8043  -2.7688  -3.9817  -5.5875  -7.8214 -11.0567 -15.8836 -23.2363
-34.5937 -36.7910 -36.7910 -36.7910 -36.7910 -36.7910 -36.7910 -36.7910 -36.7910
-36.7910 -36.7910 -36.7910 -36.7910 -36.7910 -36.7910 -36.7910 -36.7910
  2.0000   0.2077   0.2077   0.2076   0.2076   0.2073   0.2068   0.2059   0.2043
  0.2020   0.1988   0.1944   0.1888   0.1803   0.1614   0.1092  -0.0306  -0.4010
 -1.0136  -1.8042  -2.7687  -3.9816  -5.5874  -7.8213 -11.0566 -15.8835 -23.2362
-34.5936 -36.7909 -36.7909 -36.7909 -36.7909 -36.7909 -36.7909 -36.7909 -36.7909
-36.7909 -36.7909 -36.7909 -36.7909 -36.7909 -36.7909 -36.7909 -36.7909
 -4.0000   0.5528   0.5526   0.5523   0.5518   0.5508   0.5495   0.5473   0.5443
  0.5398   0.5331   0.5224   0.4998   0.4501   0.2892   0.0615  -0.3441  -0.9458
 -1.7465  -2.7920  -4.1943  -6.1490  -8.9730 -13.1708 -19.5420 -29.3538 -36.7612
-36.7612 -36.7612 -36.7612 -36.7612 -36.7612 -36.7612 -36.7612 -36.7612 -36.7612
-36.7612 -36.7612 -36.7612 -36.7612 -36.7612 -36.7612 -36.7612 -36.7612
 -3.0000   0.5528   0.5526   0.5523   0.5518   0.5508   0.5495   0.5473   0.5443
  0.5398   0.5331   0.5224   0.4998   0.4501   0.2892   0.0615  -0.3441  -0.9458
 -1.7465  -2.7920  -4.1943  -6.1490  -8.9730 -13.1708 -19.5420 -29.3538 -36.7612
-36.7612 -36.7612 -36.7612 -36.7612 -36.7612 -36.7612 -36.7612 -36.7612 -36.7612
-36.7612 -36.7612 -36.7612 -36.7612 -36.7612 -36.7612 -36.7612 -36.7612
 -2.0000   0.5528   0.5526   0.5523   0.5518   0.5508   0.5495   0.5473   0.5443
  0.5398   0.5331   0.5224   0.4998   0.4501   0.2892   0.0615  -0.3441  -0.9458
 -1.7465  -2.7920  -4.1943  -6.1490  -8.9730 -13.1708 -19.5420 -29.3538 -36.7612
-36.7612 -36.7612 -36.7612 -36.7612 -36.7612 -36.7612 -36.7612 -36.7612 -36.7612
-36.7612 -36.7612 -36.7612 -36.7612 -36.7612 -36.7612 -36.7612 -36.7612
 -1.0000   0.5528   0.5526   0.5523   0.5518   0.5508   0.5495   0.5473   0.5443
  0.5398   0.5331   0.5224   0.4998   0.4501   0.2892   0.0615  -0.3441  -0.9458
 -1.7465  -2.7920  -4.1943  -6.1490  -8.9730 -13.1708 -19.5420 -29.3538 -36.7612
-36.7612 -36.7612 -36.7612 -36.7612 -36.7612 -36.7612 -36.7612 -36.7612 -36.7612
-36.7612 -36.7612 -36.7612 -36.7612 -36.7612 -36.7612 -36.7612 -36.7612
  0.0000   0.5527   0.5525   0.5523   0.5517   0.5508   0.5495   0.5473   0.5443
  0.5398   0.5331   0.5224   0.4998   0.4501   0.2892   0.0615  -0.3441  -0.9458
 -1.7465  -2.7920  -4.1943  -6.1490  -8.9730 -13.1708 -19.5420 -29.3538 -36.7612
-36.7612 -36.7612 -36.7612 -36.7612 -36.7612 -36.7612 -36.7612 -36.7612 -36.7612
-36.7612 -36.7612 -36.7612 -36.7612 -36.7612 -36.7612 -36.7612 -36.7612
  1.0000   0.5525   0.5524   0.5522   0.5517   0.5508   0.5495   0.5473   0.5443
  0.5398   0.5331   0.5224   0.4998   0.4501   0.2892   0.0615  -0.3441  -0.9458
 -1.7465  -2.7920  -4.1943  -6.1490  -8.9730 -13.1708 -19.5420 -29.3538 -36.7612
-36.7612 -36.7612 -36.7612 -36.7612 -36.7612 -36.7612 -36.7612 -36.7612 -36.7612
-36.7612 -36.7612 -36.7612 -36.7612 -36.7612 -36.7612 -36.7612 -36.7612
  2.0000   0.5524   0.5524   0.5522   0.5518   0.5510   0.5497   0.5475   0.5445
  0.5400   0.5333   0.5226   0.5000   0.4503   0.2894   0.0617  -0.3439  -0.9456
 -1.7463  -2.7918  -4.1941  -6.1488  -8.9728 -13.1706 -19.5418 -29.3536 -36.7610
-36.7610 -36.7610 -36.7610 -36.7610 -36.7610 -36.7610 -36.7610 -36.7610 -36.7610
-36.7610 -36.7610 -36.7610 -36.7610 -36.7610 -36.7610 -36.7610 -36.7610
 -5.0000   0.5544   0.5539   0.5532   0.5521   0.5505   0.5486   0.5462   0.5438
  0.5407   0.5322   0.5127   0.5651   0.4922   0.3496   0.0644  -0.4707  -1.3318
 -2.5685  -4.3041  -6.7921 -10.4603 -15.9938 -24.4800 -36.4854 -36.4854 -36.4854
-36.4854 -36.4854 -36.4854 -36.4854 -36.4854 -36.4854 -36.4854 -36.4854 -36.4854
-36.4854 -36.4854 -36.4854 -36.4854 -36.4854 -36.4854 -36.4854 -36.4854
 -4.0000   0.5544   0.5539   0.5532   0.5521   0.5505   0.5486   0.5462   0.5438
  0.5407   0.5322   0.5127   0.5651   0.4922   0.3496   0.0644  -0.4707  -1.3318
 -2.5685  -4.3041  -6.7921 -10.4603 -15.9938 -24.4800 -36.4854 -36.4854 -36.4854
-36.4854 -36.4854 -36.4854 -36.4854 -36.4854 -36.4854 -36.4854 -36.4854 -36.4854
-36.4854 -36.4854 -36.4854 -36.4854 -36.4854 -36.4854 -36.4854 -36.4854
 -3.0000   0.5543   0.5539   0.5532   0.5521   0.5505   0.5486   0.5462   0.5438
  0.5407   0.5322   0.5127   0.5651   0.4922   0.3496   0.0644  -0.4707  -1.3318
 -2.5685  -4.3041  -6.7921 -10.4603 -15.9938 -24.4800 -36.4854 -36.4854 -36.4854
-36.4854 -36.4854 -36.4854 -36.4854 -36.4854 -36.4854 -36.4854 -36.4854 -36.4854
-36.4854 -36.4854 -36.4854 -36.4854 -36.4854 -36.4854 -36.4854 -36.4854
 -2.0000   0.5543   0.5539   0.5532   0.5521   0.5505   0.5486   0.5462   0.5438
  0.5407   0.5322   0.5127   0.5651   0.4922   0.3496   0.0644  -0.4707  -1.3318
 -2.5685  -4.3041  -6.7921 -10.4603 -15.9938 -24.4800 -36.4854 -36.4854 -36.4854
-36.4854 -36.4854 -36.4854 -36.4854 -36.4854 -36.4854 -36.4854 -36.4854 -36.4854
-36.4854 -36.4854 -36.4854 -36.4854 -36.4854 -36.4854 -36.4854 -36.4854
 -1.0000   0.5543   0.5539   0.5532   0.5521   0.5505   0.5486   0.5462   0.5438
  0.5407   0.5322   0.5127   0.5651   0.4922   0.3496   0.0644  -0.4707  -1.3318
 -2.5685  -4.3041  -6.7921 -10.4603 -15.9938 -24.4800 -36.4854 -36.4854 -36.4854
-36.4854 -36.4854 -36.4854 -36.4854 -36.4854 -36.4854 -36.4854 -36.4854 -36.4854
-36.4854 -36.4854 -36.4854 -36.4854 -36.4854 -36.4854 -36.4854 -36.4854
  0.0000   0.5542   0.5539   0.5532   0.5521   0.5505   0.5486   0.5462   0.5438
  0.5407   0.5322   0.5127   0.5651   0.4922   0.3496   0.0644  -0.4707  -1.3318
 -2.5685  -4.3041  -6.7921 -10.4603 -15.9938 -24.4800 -36.4854 -36.4854 -36.4854
-36.4854 -36.4854 -36.4854 -36.4854 -36.4854 -36.4854 -36.4854 -36.4854 -36.4854
-36.4854 -36.4854 -36.4854 -36.4854 -36.4854 -36.4854 -36.4854 -36.4854
  1.0000   0.5539   0.5536   0.5531   0.5520   0.5505   0.5485   0.5461   0.5437
  0.5406   0.5320   0.5127   0.5650   0.4921   0.3495   0.0643  -0.4708  -1.3319
 -2.5686  -4.3042  -6.7922 -10.4604 -15.9939 -24.4801 -36.4855 -36.4855 -36.4855
-36.4855 -36.4855 -36.4855 -36.4855 -36.4855 -36.4855 -36.4855 -36.4855 -36.4855
-36.4855 -36.4855 -36.4855 -36.4855 -36.4855 -36.4855 -36.4855 -36.4855
nl= 2 nu=11
  0.0000  -1.3951  -1.3951  -1.3951  -1.3951  -1.3951  -1.3951  -1.3951  -1.3951
 -1.3951  -1.3951  -1.3951  -1.3951  -1.3951  -1.3952  -1.3953  -1.3955  -1.3960
 -1.3973  -1.4007  -1.4091  -1.4302  -1.4832  -1.6163  -1.9499  -2.7805  -4.5463
 -5.3962  -5.9319  -6.4493  -6.9594  -7.4716  -7.9943  -8.5386  -9.2973  -9.8169
-10.3465 -10.8926 -11.4650 -12.0795 -12.7608 -13.5480 -14.5030
  0.0000  -1.5452  -1.5452  -1.5452  -1.5452  -1.5452  -1.5452  -1.5452  -1.5452
 -1.5452  -1.5452  -1.5452  -1.5452  -1.5452  -1.5452  -1.5453  -1.5454  -1.5456
 -1.5463  -1.5480  -1.5522  -1.5628  -1.5894  -1.6563  -1.8242  -2.2454  -3.2936
 -5.2439  -5.9095  -6.4380  -6.9531  -7.4680  -7.9923  -8.5374  -9.2959  -9.8165
-10.3466 -10.8930 -11.4657 -12.0803 -12.7617 -13.5489 -14.5040
  0.0000  -1.6952  -1.6952  -1.6952  -1.6952  -1.6952  -1.6952  -1.6952  -1.6952
 -1.6952  -1.6952  -1.6952  -1.6952  -1.6952  -1.6952  -1.6952  -1.6952  -1.6954
 -1.6957  -1.6966  -1.6987  -1.7040  -1.7173  -1.7509  -1.8351  -2.0466  -2.5773
 -3.8957  -5.8477  -6.4196  -6.9426  -7.4612  -7.9877  -8.5343  -9.2921  -9.8143
-10.3452 -10.8923 -11.4653 -12.0802 -12.7617 -13.5490 -14.5042
  0.0000  -1.8440  -1.8440  -1.8440  -1.8440  -1.8440  -1.8440  -1.8440  -1.8440
 -1.8440  -1.8440  -1.8440  -1.8440  -1.8440  -1.8440  -1.8440  -1.8440  -1.8441
 -1.8442  -1.8447  -1.8457  -1.8484  -1.8551  -1.8719  -1.9141  -2.0200  -2.2862
 -2.9539  -4.6056  -6.3852  -6.9266  -7.4503  -7.9795  -8.5279  -9.2849  -9.8091
-10.3415 -10.8894 -11.4631 -12.0783 -12.7601 -13.5476 -14.5028
  0.0000  -1.9949  -1.9949  -1.9949  -1.9949  -1.9949  -1.9949  -1.9949  -1.9949
 -1.9949  -1.9949  -1.9949  -1.9949  -1.9949  -1.9949  -1.9949  -1.9949  -1.9949
 -1.9950  -1.9952  -1.9958  -1.9971  -2.0004  -2.0088  -2.0300  -2.0830  -2.2162
 -2.5508  -3.3904  -5.4419  -6.9053  -7.4391  -7.9711  -8.5212  -9.2761  -9.8036
-10.3378 -10.8872 -11.4619 -12.0779 -12.7600 -13.5478 -14.5032
  0.0000  -2.1454  -2.1454  -2.1454  -2.1454  -2.1454  -2.1454  -2.1454  -2.1454
 -2.1454  -2.1454  -2.1454  -2.1454  -2.1454  -2.1454  -2.1454  -2.1454  -2.1454
 -2.1455  -2.1456  -2.1459  -2.1465  -2.1482  -2.1524  -2.1630  -2.1895  -2.2561
 -2.4236  -2.8440  -3.8991  -6.3792  -7.4244  -7.9616  -8.5126  -9.2636  -9.7948
-10.3314 -10.8828 -11.4590 -12.0761 -12.7590 -13.5472 -14.5029
  0.0000  -2.2962  -2.2962  -2.2962  -2.2962  -2.2962  -2.2962  -2.2962  -2.2962
 -2.2962  -2.2962  -2.2962  -2.2962  -2.2962  -2.2962  -2.2962  -2.2963  -2.2963
 -2.2963  -2.2963  -2.2965  -2.2968  -2.2976  -2.2997  -2.3050  -2.3183  -2.3516
 -2.4353  -2.6457  -3.1740  -4.4993  -7.2575  -7.9521  -8.5052  -9.2502  -9.7844
-10.3227 -10.8766 -11.4548 -12.0733 -12.7574 -13.5463 -14.5025
  0.0000  -1.0696  -1.0696  -1.0696  -1.0696  -1.0696  -1.0696  -1.0696  -1.0696
 -1.0696  -1.0696  -1.0696  -1.0696  -1.0697  -1.0698  -1.0702  -1.0712  -1.0736
 -1.0796  -1.0948  -1.1329  -1.2285  -1.4677  -2.0601  -3.3743  -4.3738  -4.9219
 -5.4431  -5.9552  -6.4686  -6.9805  -7.5186  -8.1177  -8.8095  -9.3354  -9.8752
-10.4376 -11.0359 -11.6915 -12.4378 -13.3282 -14.4467 -15.9270
  0.0000  -1.2143  -1.2143  -1.2143  -1.2143  -1.2143  -1.2143  -1.2143  -1.2143
 -1.2143  -1.2144  -1.2144  -1.2144  -1.2144  -1.2145  -1.2147  -1.2152  -1.2164
 -1.2194  -1.2271  -1.2465  -1.2950  -1.4167  -1.7217  -2.4776  -4.0553  -4.8917
 -5.4277  -5.9453  -6.4616  -6.9753  -7.5146  -8.1141  -8.8062  -9.3328  -9.8730
-10.4357 -11.0342 -11.6899 -12.4363 -13.3267 -14.4453 -15.9256
  0.0000  -1.3635  -1.3635  -1.3635  -1.3635  -1.3635  -1.3635  -1.3635  -1.3635
 -1.3635  -1.3635  -1.3635  -1.3635  -1.3635  -1.3635  -1.3636  -1.3639  -1.3645
 -1.3660  -1.3699  -1.3797  -1.4041  -1.4656  -1.6199  -2.0064  -2.9645  -4.7342
 -5.4079  -5.9355  -6.4555  -6.9717  -7.5124  -8.1128  -8.8047  -9.3326  -9.8736
-10.4367 -11.0356 -11.6914 -12.4380 -13.3284 -14.4471 -15.9274
  0.0000  -1.5078  -1.5078  -1.5078  -1.5078  -1.5078  -1.5078  -1.5078  -1.5078
 -1.5078  -1.5078  -1.5078  -1.5078  -1.5078  -1.5079  -1.5079  -1.5080  -1.5083
 -1.5091  -1.5111  -1.5160  -1.5283  -1.5591  -1.6367  -1.8315  -2.3197  -3.5278
 -5.3372  -5.9139  -6.4400  -6.9588  -7.5012  -8.1024  -8.7944  -9.3238  -9.8661
-10.4300 -11.0294 -11.6856 -12.4323 -13.3229 -14.4416 -15.9220
  0.0000  -1.6656  -1.6656  -1.6656  -1.6656  -1.6656  -1.6656  -1.6656  -1.6656
 -1.6656  -1.6656  -1.6656  -1.6656  -1.6656  -1.6656  -1.6657  -1.6657  -1.6659
 -1.6663  -1.6672  -1.6697  -1.6759  -1.6914  -1.7303  -1.8280  -2.0734  -2.6886
 -4.2040  -5.8916  -6.4362  -6.9584  -7.5016  -8.1032  -8.7948  -9.3269  -9.8706
-10.4358 -11.0361 -11.6928 -12.4399 -13.3307 -14.4496 -15.9301
  0.0000  -1.8091  -1.8091  -1.8091  -1.8091  -1.8091  -1.8091  -1.8091  -1.8091
 -1.8091  -1.8091  -1.8091  -1.8091  -1.8091  -1.8091  -1.8091  -1.8092  -1.8093
 -1.8094  -1.8099  -1.8112  -1.8143  -1.8220  -1.8415  -1.8904  -2.0134  -2.3221
 -3.0964  -4.9805  -6.4119  -6.9437  -7.4872  -8.0877  -8.7776  -9.3125  -9.8586
-10.4255 -11.0271 -11.6847 -12.4324 -13.3236 -14.4427 -15.9233
  0.0000  -1.9628  -1.9628  -1.9628  -1.9628  -1.9628  -1.9628  -1.9628  -1.9628
 -1.9628  -1.9628  -1.9628  -1.9628  -1.9628  -1.9628  -1.9628  -1.9628  -1.9629
 -1.9630  -1.9632  -1.9638  -1.9654  -1.9693  -1.9790  -2.0035  -2.0650  -2.2196
 -2.6078  -3.5813  -5.8685  -6.9375  -7.4846  -8.0831  -8.7692  -9.3059  -9.8542
-10.4234 -11.0266 -11.6856 -12.4343 -13.3260 -14.4455 -15.9264
  0.0000  -0.7572  -0.7572  -0.7572  -0.7572  -0.7572  -0.7572  -0.7572  -0.7572
 -0.7572  -0.7572  -0.7572  -0.7573  -0.7576  -0.7582  -0.7599  -0.7641  -0.7745
 -0.8007  -0.8663  -1.0299  -1.4318  -2.3300  -3.3323  -3.9079  -4.4339  -4.9488
 -5.4583  -5.9763  -6.4958  -7.0845  -7.8018  -8.3248  -8.8594  -9.4131  -9.9977
-10.6312 -11.3426 -12.1774 -13.2080 -14.5488 -16.3813 -18.9932
  0.0000  -0.8951  -0.8951  -0.8951  -0.8951  -0.8951  -0.8951  -0.8951  -0.8951
 -0.8951  -0.8951  -0.8951  -0.8952  -0.8953  -0.8957  -0.8965  -0.8987  -0.9041
 -0.9178  -0.9520  -1.0379  -1.2523  -1.7798  -2.9237  -3.8696  -4.4187  -4.9396
 -5.4520  -5.9717  -6.4927  -7.0820  -7.7991  -8.3232  -8.8583  -9.4125  -9.9973
-10.6309 -11.3424 -12.1773 -13.2079 -14.5487 -16.3813 -18.9932
  0.0000  -1.0351  -1.0351  -1.0351  -1.0351  -1.0351  -1.0351  -1.0351  -1.0351
 -1.0351  -1.0351  -1.0351  -1.0352  -1.0352  -1.0354  -1.0359  -1.0370  -1.0398
 -1.0467  -1.0643  -1.1084  -1.2190  -1.4955  -2.1767  -3.5697  -4.3897  -4.9247
 -5.4411  -5.9627  -6.4854  -7.0755  -7.7925  -8.3178  -8.8540  -9.4088  -9.9939
-10.6279 -11.3395 -12.1745 -13.2052 -14.5461 -16.3787 -18.9906
  0.0000  -1.1850  -1.1850  -1.1850  -1.1850  -1.1850  -1.1850  -1.1850  -1.1850
 -1.1850  -1.1850  -1.1850  -1.1850  -1.1850  -1.1851  -1.1854  -1.1859  -1.1873
 -1.1909  -1.1998  -1.2222  -1.2784  -1.4195  -1.7725  -2.6423  -4.2316  -4.9103
 -5.4354  -5.9588  -6.4830  -7.0737  -7.7900  -8.3175  -8.8549  -9.4108  -9.9967
-10.6310 -11.3430 -12.1781 -13.2089 -14.5498 -16.3825 -18.9944
  0.0000  -1.3322  -1.3322  -1.3322  -1.3322  -1.3322  -1.3322  -1.3322  -1.3322
 -1.3322  -1.3322  -1.3322  -1.3322  -1.3322  -1.3323  -1.3324  -1.3327  -1.3334
 -1.3352  -1.3397  -1.3510  -1.3793  -1.4506  -1.6294  -2.0772  -3.1789  -4.8414
 -5.4231  -5.9505  -6.4753  -7.0655  -7.7803  -8.3105  -8.8499  -9.4072  -9.9942
-10.6293 -11.3416 -12.1771 -13.2081 -14.5491 -16.3818 -18.9939
  0.0000  -1.4805  -1.4805  -1.4805  -1.4805  -1.4805  -1.4805  -1.4805  -1.4805
 -1.4805  -1.4805  -1.4805  -1.4805  -1.4805  -1.4805  -1.4806  -1.4807  -1.4811
 -1.4820  -1.4842  -1.4899  -1.5042  -1.5400  -1.6300  -1.8558  -2.4216  -3.8071
 -5.3944  -5.9424  -6.4688  -7.0568  -7.7681  -8.3008  -8.8426  -9.4019  -9.9902
-10.6266 -11.3397 -12.1757 -13.2069 -14.5482 -16.3810 -18.9931
  0.0000  -1.6312  -1.6312  -1.6312  -1.6312  -1.6312  -1.6312  -1.6312  -1.6312
 -1.6312  -1.6312  -1.6312  -1.6312  -1.6312  -1.6312  -1.6313  -1.6313  -1.6315
 -1.6320  -1.6331  -1.6359  -1.6431  -1.6610  -1.7062  -1.8195  -2.1041  -2.8173
 -4.5423  -5.9292  -6.4668  -7.0523  -7.7585  -8.2917  -8.8346  -9.3963  -9.9868
-10.6244 -11.3388 -12.1755 -13.2073 -14.5489 -16.3819 -18.9941
  0.0000  -0.4816  -0.4816  -0.4816  -0.4816  -0.4816  -0.4817  -0.4817  -0.4817
 -0.4817  -0.4818  -0.4819  -0.4823  -0.4833  -0.4859  -0.4922  -0.5081  -0.5480
 -0.6470  -0.8879  -1.4283  -2.2523  -2.8819  -3.4205  -3.9396  -4.4518  -4.9662
 -5.4907  -6.0361  -6.7944  -7.3153  -7.8457  -8.3923  -8.9651  -9.5798 -10.2612
-11.0485 -12.0036 -13.2248 -14.8677 -17.1791 -20.5499 -25.5999
  0.0000  -0.5990  -0.5990  -0.5990  -0.5990  -0.5990  -0.5990  -0.5990  -0.5990
 -0.5990  -0.5990  -0.5991  -0.5993  -0.5999  -0.6013  -0.6049  -0.6138  -0.6361
 -0.6920  -0.8311  -1.1697  -1.9133  -2.8199  -3.4040  -3.9308  -4.4454  -4.9613
 -5.4870  -6.0335  -6.7913  -7.3133  -7.8445  -8.3916  -8.9647  -9.5796 -10.2612
-11.0485 -12.0037 -13.2249 -14.8679 -17.1793 -20.5501 -25.6001
  0.0000  -0.7276  -0.7276  -0.7276  -0.7276  -0.7276  -0.7276  -0.7276  -0.7276
 -0.7276  -0.7276  -0.7276  -0.7278  -0.7281  -0.7288  -0.7307  -0.7355  -0.7475
 -0.7776  -0.8531  -1.0410  -1.4993  -2.4732  -3.3665  -3.9185  -4.4376  -4.9547
 -5.4815  -6.0291  -6.7860  -7.3097  -7.8420  -8.3900  -8.9637  -9.5789 -10.2607
-11.0482 -12.0034 -13.2247 -14.8677 -17.1791 -20.5500 -25.6000
  0.0000  -0.8643  -0.8643  -0.8643  -0.8643  -0.8643  -0.8643  -0.8643  -0.8643
 -0.8643  -0.8643  -0.8644  -0.8644  -0.8646  -0.8650  -0.8660  -0.8685  -0.8747
 -0.8905  -0.9301  -1.0292  -1.2764  -1.8803  -3.0917  -3.8955  -4.4287  -4.9478
 -5.4750  -6.0232  -6.7782  -7.3044  -7.8383  -8.3875  -8.9620  -9.5778 -10.2600
-11.0477 -12.0031 -13.2244 -14.8675 -17.1790 -20.5499 -25.5999
  0.0000  -1.0064  -1.0064  -1.0064  -1.0064  -1.0064  -1.0064  -1.0064  -1.0064
 -1.0064  -1.0064  -1.0064  -1.0065  -1.0065  -1.0067  -1.0072  -1.0085  -1.0118
 -1.0199  -1.0402  -1.0912  -1.2192  -1.5388  -2.3198  -3.7319  -4.4153  -4.9418
 -5.4688  -6.0162  -6.7676  -7.2966  -7.8326  -8.3834  -8.9593  -9.5761 -10.2588
-11.0469 -12.0025 -13.2241 -14.8672 -17.1788 -20.5497 -25.5997
  0.0000  -1.1527  -1.1527  -1.1527  -1.1527  -1.1527  -1.1527  -1.1527  -1.1527
 -1.1527  -1.1527  -1.1527  -1.1527  -1.1528  -1.1529  -1.1531  -1.1538  -1.1554
 -1.1595  -1.1699  -1.1958  -1.2610  -1.4244  -1.8329  -2.8299  -4.3433  -4.9361
 -5.4660  -6.0114  -6.7569  -7.2874  -7.8252  -8.3784  -8.9560  -9.5741 -10.2578
-11.0466 -12.0026 -13.2244 -14.8677 -17.1794 -20.5504 -25.6004
  0.0000  -1.2993  -1.2993  -1.2993  -1.2993  -1.2993  -1.2993  -1.2993  -1.2993
 -1.2993  -1.2993  -1.2993  -1.2993  -1.2993  -1.2994  -1.2995  -1.2999  -1.3007
 -1.3028  -1.3080  -1.3211  -1.3540  -1.4366  -1.6438  -2.1624  -3.4219  -4.9059
 -5.4627  -6.0089  -6.7476  -7.2771  -7.8144  -8.3694  -8.9492  -9.5691 -10.2541
-11.0439 -12.0005 -13.2227 -14.8663 -17.1781 -20.5492 -25.5993
  0.0000  -0.2824  -0.2824  -0.2824  -0.2824  -0.2824  -0.2824  -0.2825  -0.2825
 -0.2826  -0.2827  -0.2832  -0.2844  -0.2873  -0.2946  -0.3130  -0.3585  -0.4693
 -0.7239  -1.2136  -1.8281  -2.3888  -2.9201  -3.4395  -3.9577  -4.4730  -5.0135
 -5.6138  -6.3059  -6.8333  -7.3739  -7.9368  -8.5355  -9.1913  -9.9378 -10.8282
-11.9468 -13.4271 -15.4808 -18.4431 -22.8456 -29.5306 -36.9998
  0.0000  -0.3595  -0.3595  -0.3595  -0.3595  -0.3595  -0.3595  -0.3595  -0.3595
 -0.3596  -0.3597  -0.3600  -0.3608  -0.3627  -0.3674  -0.3794  -0.4092  -0.4832
 -0.6622  -1.0634  -1.7364  -2.3690  -2.9122  -3.4339  -3.9525  -4.4688  -5.0101
 -5.6108  -6.3030  -6.8313  -7.3726  -7.9360  -8.5349  -9.1909  -9.9375 -10.8280
-11.9466 -13.4270 -15.4806 -18.4430 -22.8455 -29.5305 -36.9997
  0.0000  -0.4565  -0.4565  -0.4565  -0.4565  -0.4565  -0.4565  -0.4565  -0.4566
 -0.4566  -0.4567  -0.4568  -0.4573  -0.4584  -0.4613  -0.4685  -0.4865  -0.5315
 -0.6431  -0.9127  -1.4998  -2.3039  -2.8995  -3.4279  -3.9472  -4.4637  -5.0054
 -5.6066  -6.2987  -6.8283  -7.3708  -7.9348  -8.5342  -9.1905  -9.9373 -10.8279
-11.9466 -13.4270 -15.4807 -18.4430 -22.8455 -29.5306 -36.9998
  0.0000  -0.5706  -0.5706  -0.5706  -0.5706  -0.5706  -0.5706  -0.5706  -0.5706
 -0.5706  -0.5706  -0.5707  -0.5710  -0.5716  -0.5733  -0.5773  -0.5875  -0.6131
 -0.6770  -0.8355  -1.2186  -2.0224  -2.8623  -3.4202  -3.9424  -4.4584  -4.9998
 -5.6007  -6.2921  -6.8238  -7.3674  -7.9327  -8.5329  -9.1896  -9.9367 -10.8275
-11.9464 -13.4269 -15.4806 -18.4430 -22.8455 -29.5305 -36.9998
  0.0000  -0.6972  -0.6972  -0.6972  -0.6972  -0.6972  -0.6972  -0.6972  -0.6972
 -0.6972  -0.6972  -0.6973  -0.6974  -0.6978  -0.6986  -0.7008  -0.7063  -0.7202
 -0.7548  -0.8416  -1.0574  -1.5790  -2.6119  -3.4004  -3.9384  -4.4547  -4.9940
 -5.5932  -6.2827  -6.8167  -7.3624  -7.9289  -8.5304  -9.1879  -9.9355 -10.8267
-11.9457 -13.4263 -15.4802 -18.4426 -22.8451 -29.5302 -36.9995
  0.0000  -0.8345  -0.8345  -0.8345  -0.8345  -0.8345  -0.8345  -0.8345  -0.8345
 -0.8345  -0.8345  -0.8345  -0.8346  -0.8348  -0.8353  -0.8364  -0.8393  -0.8465
 -0.8647  -0.9104  -1.0249  -1.3098  -1.9989  -3.2367  -3.9307  -4.4559  -4.9928
 -5.5884  -6.2738  -6.8089  -7.3566  -7.9254  -8.5283  -9.1870  -9.9355 -10.8271
-11.9465 -13.4274 -15.4813 -18.4438 -22.8465 -29.5315 -37.0009
  0.0000  -0.9747  -0.9747  -0.9747  -0.9747  -0.9747  -0.9747  -0.9747  -0.9747
 -0.9747  -0.9747  -0.9747  -0.9747  -0.9748  -0.9751  -0.9757  -0.9771  -0.9809
 -0.9902  -1.0138  -1.0728  -1.2208  -1.5898  -2.4811  -3.8465  -4.4524  -4.9929
 -5.5849  -6.2643  -6.7978  -7.3462  -7.9169  -8.5219  -9.1821  -9.9317 -10.8242
-11.9441 -13.4253 -15.4795 -18.4421 -22.8448 -29.5299 -36.9994
  0.0000  -0.1858  -0.1858  -0.1858  -0.1858  -0.1858  -0.1858  -0.1858  -0.1859
 -0.1860  -0.1863  -0.1872  -0.1894  -0.1948  -0.2082  -0.2415  -0.3210  -0.4998
 -0.8440  -1.3373  -1.8734  -2.4055  -2.9311  -3.4591  -3.9848  -4.5767  -5.2948
 -5.8202  -6.3565  -6.9112  -7.4964  -8.1303  -8.8420  -9.6770 -10.7076 -12.0485
-13.8811 -16.4930 -20.3402 -26.1451 -35.0527 -36.9992 -36.9992
  0.0000  -0.2182  -0.2182  -0.2182  -0.2182  -0.2182  -0.2182  -0.2182  -0.2182
 -0.2183  -0.2186  -0.2193  -0.2210  -0.2253  -0.2361  -0.2629  -0.3283  -0.4816
 -0.8023  -1.3102  -1.8666  -2.4028  -2.9272  -3.4552  -3.9815  -4.5735  -5.2913
 -5.8178  -6.3549  -6.9102  -7.4958  -8.1299  -8.8417  -9.6768 -10.7075 -12.0484
-13.8810 -16.4930 -20.3402 -26.1451 -35.0527 -36.9992 -36.9992
  0.0000  -0.2673  -0.2673  -0.2673  -0.2673  -0.2673  -0.2673  -0.2673  -0.2673
 -0.2674  -0.2676  -0.2681  -0.2694  -0.2725  -0.2805  -0.3003  -0.3493  -0.4682
 -0.7385  -1.2432  -1.8493  -2.4004  -2.9246  -3.4513  -3.9771  -4.5690  -5.2860
 -5.8142  -6.3523  -6.9086  -7.4948  -8.1293  -8.8414  -9.6766 -10.7074 -12.0484
-13.8811 -16.4931 -20.3402 -26.1451 -35.0528 -36.9993 -36.9993
  0.0000  -0.3377  -0.3377  -0.3377  -0.3377  -0.3377  -0.3377  -0.3377  -0.3377
 -0.3377  -0.3379  -0.3382  -0.3391  -0.3412  -0.3465  -0.3597  -0.3929  -0.4749
 -0.6722  -1.1050  -1.7843  -2.3924  -2.9232  -3.4482  -3.9725  -4.5631  -5.2781
 -5.8083  -6.3482  -6.9056  -7.4928  -8.1280  -8.8404  -9.6759 -10.7069 -12.0480
-13.8807 -16.4928 -20.3400 -26.1449 -35.0526 -36.9991 -36.9991
  0.0000  -0.4304  -0.4304  -0.4304  -0.4304  -0.4304  -0.4304  -0.4304  -0.4304
 -0.4304  -0.4305  -0.4307  -0.4312  -0.4325  -0.4358  -0.4439  -0.4643  -0.5152
 -0.6411  -0.9428  -1.5767  -2.3534  -2.9215  -3.4485  -3.9702  -4.5576  -5.2689
 -5.8006  -6.3423  -6.9016  -7.4900  -8.1263  -8.8394  -9.6754 -10.7066 -12.0479
-13.8807 -16.4929 -20.3401 -26.1451 -35.0528 -36.9993 -36.9993
  0.0000  -0.5414  -0.5414  -0.5414  -0.5414  -0.5414  -0.5414  -0.5414  -0.5414
 -0.5414  -0.5415  -0.5416  -0.5419  -0.5426  -0.5445  -0.5491  -0.5608  -0.5900
 -0.6630  -0.8438  -1.2762  -2.1320  -2.9034  -3.4499  -3.9717  -4.5543  -5.2599
 -5.7909  -6.3338  -6.8952  -7.4854  -8.1229  -8.8372  -9.6738 -10.7056 -12.0471
-13.8801 -16.4924 -20.3397 -26.1447 -35.0524 -36.9990 -36.9990
  0.0000  -0.6672  -0.6672  -0.6672  -0.6672  -0.6672  -0.6672  -0.6672  -0.6672
 -0.6672  -0.6673  -0.6673  -0.6675  -0.6679  -0.6689  -0.6714  -0.6777  -0.6936
 -0.7335  -0.8333  -1.0806  -1.6715  -2.7358  -3.4423  -3.9771  -4.5571  -5.2567
 -5.7835  -6.3247  -6.8873  -7.4797  -8.1191  -8.8345  -9.6723 -10.7047 -12.0466
-13.8799 -16.4923 -20.3398 -26.1449 -35.0526 -36.9993 -36.9993
  0.0000  -0.1598  -0.1598  -0.1598  -0.1598  -0.1598  -0.1598  -0.1599  -0.1599
 -0.1601  -0.1606  -0.1617  -0.1645  -0.1715  -0.1882  -0.2279  -0.3194  -0.5164
 -0.8688  -1.3499  -1.8793  -2.4174  -2.9613  -3.5173  -4.2790  -4.8054  -5.3390
 -5.8879  -6.4619  -7.0775  -7.7594  -8.5469  -9.5022 -10.7235 -12.3666 -14.6780
-18.0489 -23.0988 -30.8100 -36.9986 -36.9986 -36.9986 -36.9986
  0.0000  -0.1700  -0.1700  -0.1700  -0.1700  -0.1700  -0.1701  -0.1701  -0.1701
 -0.1703  -0.1707  -0.1717  -0.1742  -0.1804  -0.1957  -0.2327  -0.3193  -0.5090
 -0.8591  -1.3452  -1.8771  -2.4148  -2.9577  -3.5145  -4.2753  -4.8027  -5.3373
 -5.8866  -6.4612  -7.0770  -7.7591  -8.5467  -9.5021 -10.7235 -12.3665 -14.6780
-18.0488 -23.0988 -30.8100 -36.9986 -36.9986 -36.9986 -36.9986
  0.0000  -0.1831  -0.1831  -0.1831  -0.1831  -0.1831  -0.1831  -0.1831  -0.1831
 -0.1833  -0.1836  -0.1845  -0.1867  -0.1921  -0.2057  -0.2391  -0.3190  -0.4988
 -0.8457  -1.3422  -1.8789  -2.4144  -2.9545  -3.5106  -4.2692  -4.7982  -5.3341
 -5.8843  -6.4597  -7.0760  -7.7585  -8.5464  -9.5019 -10.7233 -12.3664 -14.6779
-18.0488 -23.0988 -30.8100 -36.9986 -36.9986 -36.9986 -36.9986
  0.0000  -0.2070  -0.2070  -0.2070  -0.2070  -0.2070  -0.2070  -0.2070  -0.2071
 -0.2072  -0.2075  -0.2082  -0.2100  -0.2145  -0.2259  -0.2541  -0.3228  -0.4831
 -0.8149  -1.3291  -1.8819  -2.4175  -2.9530  -3.5067  -4.2616  -4.7918  -5.3294
 -5.8812  -6.4575  -7.0747  -7.7577  -8.5459  -9.5017 -10.7233 -12.3664 -14.6780
-18.0489 -23.0989 -30.8102 -36.9988 -36.9988 -36.9988 -36.9988
  0.0000  -0.2486  -0.2486  -0.2486  -0.2486  -0.2486  -0.2486  -0.2486  -0.2487
 -0.2488  -0.2490  -0.2495  -0.2509  -0.2543  -0.2630  -0.2845  -0.3379  -0.4667
 -0.7560  -1.2783  -1.8774  -2.4231  -2.9547  -3.5040  -4.2530  -4.7831  -5.3218
 -5.8754  -6.4535  -7.0718  -7.7557  -8.5445  -9.5006 -10.7224 -12.3658 -14.6774
-18.0484 -23.0985 -30.8097 -36.9984 -36.9984 -36.9984 -36.9984
  0.0000  -0.3140  -0.3140  -0.3140  -0.3140  -0.3140  -0.3140  -0.3140  -0.3140
 -0.3141  -0.3142  -0.3146  -0.3155  -0.3179  -0.3238  -0.3386  -0.3755  -0.4667
 -0.6845  -1.1510  -1.8340  -2.4261  -2.9612  -3.5062  -4.2484  -4.7750  -5.3128
 -5.8679  -6.4479  -7.0679  -7.7530  -8.5427  -9.4995 -10.7217 -12.3653 -14.6771
-18.0482 -23.0983 -30.8096 -36.9983 -36.9983 -36.9983 -36.9983
  0.0000  -0.4068  -0.4068  -0.4068  -0.4068  -0.4068  -0.4068  -0.4068  -0.4069
 -0.4069  -0.4070  -0.4072  -0.4078  -0.4093  -0.4129  -0.4221  -0.4452  -0.5027
 -0.6445  -0.9808  -1.6578  -2.4063  -2.9707  -3.5173  -4.2551  -4.7752  -5.3081
 -5.8627  -6.4442  -7.0662  -7.7529  -8.5438  -9.5014 -10.7242 -12.3681 -14.6802
-18.0514 -23.1016 -30.8129 -37.0018 -37.0018 -37.0018 -37.0018
  0.0000  -0.1546  -0.1546  -0.1546  -0.1546  -0.1546  -0.1547  -0.1547  -0.1548
 -0.1550  -0.1555  -0.1567  -0.1598  -0.1673  -0.1845  -0.2242  -0.3163  -0.5148
 -0.8679  -1.3527  -1.8923  -2.4636  -3.0787  -3.7816  -4.3176  -4.8633  -5.4294
 -6.0300  -6.6869  -7.4341  -8.3249  -9.4438 -10.9243 -12.9780 -15.9404 -20.3430
-27.0280 -36.9972 -36.9972 -36.9972 -36.9972 -36.9972 -36.9972
  0.0000  -0.1630  -0.1630  -0.1630  -0.1630  -0.1630  -0.1630  -0.1630  -0.1631
 -0.1633  -0.1638  -0.1650  -0.1679  -0.1750  -0.1914  -0.2292  -0.3172  -0.5091
 -0.8579  -1.3444  -1.8868  -2.4595  -3.0750  -3.7791  -4.3158  -4.8621  -5.4284
 -6.0293  -6.6864  -7.4337  -8.3246  -9.4435 -10.9240 -12.9778 -15.9402 -20.3427
-27.0278 -36.9970 -36.9970 -36.9970 -36.9970 -36.9970 -36.9970
  0.0000  -0.1651  -0.1651  -0.1651  -0.1651  -0.1651  -0.1651  -0.1651  -0.1652
 -0.1654  -0.1658  -0.1670  -0.1697  -0.1765  -0.1927  -0.2302  -0.3172  -0.5080
 -0.8575  -1.3454  -1.8866  -2.4535  -3.0711  -3.7747  -4.3124  -4.8599  -5.4269
 -6.0284  -6.6859  -7.4335  -8.3246  -9.4436 -10.9242 -12.9780 -15.9404 -20.3430
-27.0281 -36.9973 -36.9973 -36.9973 -36.9973 -36.9973 -36.9973
  0.0000  -0.1662  -0.1662  -0.1662  -0.1662  -0.1662  -0.1662  -0.1662  -0.1663
 -0.1665  -0.1669  -0.1679  -0.1704  -0.1767  -0.1922  -0.2291  -0.3154  -0.5058
 -0.8592  -1.3522  -1.8913  -2.4536  -3.0669  -3.7681  -4.3068  -4.8556  -5.4241
 -6.0264  -6.6846  -7.4327  -8.3241  -9.4433 -10.9240 -12.9779 -15.9404 -20.3430
-27.0280 -36.9973 -36.9973 -36.9973 -36.9973 -36.9973 -36.9973
  0.0000  -0.1720  -0.1720  -0.1720  -0.1720  -0.1720  -0.1720  -0.1721  -0.1721
 -0.1723  -0.1726  -0.1735  -0.1758  -0.1815  -0.1957  -0.2304  -0.3131  -0.4987
 -0.8553  -1.3604  -1.9014  -2.4583  -3.0649  -3.7610  -4.2994  -4.8494  -5.4195
 -6.0233  -6.6825  -7.4314  -8.3233  -9.4428 -10.9237 -12.9778 -15.9403 -20.3430
-27.0281 -36.9974 -36.9974 -36.9974 -36.9974 -36.9974 -36.9974
  0.0000  -0.1900  -0.1900  -0.1900  -0.1900  -0.1900  -0.1901  -0.1901  -0.1901
 -0.1902  -0.1906  -0.1913  -0.1933  -0.1981  -0.2102  -0.2403  -0.3135  -0.4835
 -0.8312  -1.3576  -1.9137  -2.4684  -3.0677  -3.7565  -4.2913  -4.8411  -5.4128
 -6.0185  -6.6792  -7.4290  -8.3218  -9.4418 -10.9231 -12.9773 -15.9400 -20.3427
-27.0279 -36.9973 -36.9973 -36.9973 -36.9973 -36.9973 -36.9973
  0.0000  -0.2284  -0.2284  -0.2284  -0.2284  -0.2284  -0.2284  -0.2285  -0.2285
 -0.2286  -0.2288  -0.2294  -0.2309  -0.2347  -0.2441  -0.2676  -0.3257  -0.4652
 -0.7748  -1.3165  -1.9173  -2.4815  -3.0771  -3.7595  -4.2869  -4.8332  -5.4051
 -6.0123  -6.6749  -7.4262  -8.3198  -9.4407 -10.9224 -12.9770 -15.9398 -20.3427
-27.0280 -36.9975 -36.9975 -36.9975 -36.9975 -36.9975 -36.9975
  0.0000  -0.1406  -0.1406  -0.1406  -0.1406  -0.1406  -0.1406  -0.1406  -0.1407
 -0.1409  -0.1414  -0.1427  -0.1458  -0.1534  -0.1710  -0.2117  -0.3067  -0.5111
 -0.8738  -1.3745  -1.9740  -2.7286  -3.2789  -3.8296  -4.3929  -4.9830  -5.6202
 -6.3337  -7.1699  -8.2012  -9.5426 -11.3754 -13.9875 -17.8348 -23.6397 -32.5474
-36.9940 -36.9940 -36.9940 -36.9940 -36.9940 -36.9940 -36.9940
  0.0000  -0.1594  -0.1594  -0.1594  -0.1594  -0.1594  -0.1594  -0.1594  -0.1595
 -0.1597  -0.1602  -0.1613  -0.1641  -0.1709  -0.1866  -0.2228  -0.3083  -0.4983
 -0.8517  -1.3567  -1.9647  -2.7279  -3.2798  -3.8305  -4.3936  -4.9835  -5.6206
 -6.3339  -7.1700  -8.2013  -9.5425 -11.3754 -13.9874 -17.8347 -23.6396 -32.5473
-36.9939 -36.9939 -36.9939 -36.9939 -36.9939 -36.9939 -36.9939
  0.0000  -0.1629  -0.1629  -0.1629  -0.1629  -0.1629  -0.1629  -0.1629  -0.1630
 -0.1632  -0.1637  -0.1649  -0.1678  -0.1746  -0.1902  -0.2257  -0.3096  -0.4963
 -0.8463  -1.3519  -1.9607  -2.7242  -3.2766  -3.8282  -4.3920  -4.9825  -5.6198
 -6.3335  -7.1697  -8.2011  -9.5424 -11.3753 -13.9874 -17.8347 -23.6396 -32.5472
-36.9939 -36.9939 -36.9939 -36.9939 -36.9939 -36.9939 -36.9939
  0.0000  -0.1593  -0.1593  -0.1593  -0.1593  -0.1593  -0.1593  -0.1593  -0.1594
 -0.1596  -0.1601  -0.1614  -0.1644  -0.1716  -0.1876  -0.2238  -0.3092  -0.4983
 -0.8503  -1.3549  -1.9616  -2.7199  -3.2713  -3.8235  -4.3885  -4.9801  -5.6181
 -6.3324  -7.1690  -8.2006  -9.5421 -11.3751 -13.9873 -17.8346 -23.6395 -32.5472
-36.9939 -36.9939 -36.9939 -36.9939 -36.9939 -36.9939 -36.9939
  0.0000  -0.1532  -0.1532  -0.1532  -0.1532  -0.1532  -0.1532  -0.1532  -0.1533
 -0.1535  -0.1540  -0.1552  -0.1581  -0.1652  -0.1816  -0.2192  -0.3072  -0.5012
 -0.8603  -1.3667  -1.9690  -2.7178  -3.2653  -3.8168  -4.3830  -4.9762  -5.6154
 -6.3306  -7.1679  -8.2000  -9.5417 -11.3749 -13.9872 -17.8346 -23.6396 -32.5473
-36.9940 -36.9940 -36.9940 -36.9940 -36.9940 -36.9940 -36.9940
  0.0000  -0.1491  -0.1491  -0.1491  -0.1491  -0.1491  -0.1491  -0.1491  -0.1492
 -0.1494  -0.1498  -0.1509  -0.1536  -0.1602  -0.1763  -0.2146  -0.3038  -0.5015
 -0.8697  -1.3833  -1.9834  -2.7225  -3.2616  -3.8097  -4.3759  -4.9705  -5.6116
 -6.3279  -7.1662  -8.1990  -9.5412 -11.3746 -13.9871 -17.8346 -23.6396 -32.5474
-36.9942 -36.9942 -36.9942 -36.9942 -36.9942 -36.9942 -36.9942
  0.0000  -0.1527  -0.1527  -0.1527  -0.1527  -0.1527  -0.1527  -0.1528  -0.1528
 -0.1530  -0.1534  -0.1543  -0.1567  -0.1627  -0.1777  -0.2141  -0.3006  -0.4951
 -0.8686  -1.3968  -2.0021  -2.7365  -3.2643  -3.8046  -4.3685  -4.9637  -5.6062
 -6.3243  -7.1637  -8.1974  -9.5403 -11.3741 -13.9868 -17.8345 -23.6397 -32.5475
-36.9944 -36.9944 -36.9944 -36.9944 -36.9944 -36.9944 -36.9944
  0.0000  -0.0879  -0.0879  -0.0879  -0.0879  -0.0879  -0.0880  -0.0880  -0.0881
 -0.0884  -0.0892  -0.0908  -0.0947  -0.1040  -0.1253  -0.1752  -0.2904  -0.5256
 -0.9325  -1.5436  -2.1905  -2.7698  -3.3372  -3.9249  -4.5498  -5.2381  -6.0297
 -6.9877  -8.2107  -9.8548 -12.1669 -15.5382 -20.5884 -28.2998 -36.9886 -36.9886
-36.9886 -36.9886 -36.9886 -36.9886 -36.9886 -36.9886 -36.9886
  0.0000  -0.1346  -0.1346  -0.1346  -0.1346  -0.1346  -0.1346  -0.1346  -0.1347
 -0.1349  -0.1354  -0.1366  -0.1393  -0.1459  -0.1616  -0.1989  -0.2886  -0.4895
 -0.8761  -1.4922  -2.1777  -2.7740  -3.3454  -3.9326  -4.5556  -5.2419  -6.0323
 -6.9892  -8.2115  -9.8551 -12.1669 -15.5380 -20.5881 -28.2995 -36.9881 -36.9881
-36.9881 -36.9881 -36.9881 -36.9881 -36.9881 -36.9881 -36.9881
  0.0000  -0.1469  -0.1469  -0.1469  -0.1469  -0.1469  -0.1469  -0.1470  -0.1470
 -0.1472  -0.1476  -0.1487  -0.1513  -0.1574  -0.1721  -0.2066  -0.2903  -0.4803
 -0.8583  -1.4781  -2.1737  -2.7730  -3.3453  -3.9326  -4.5556  -5.2419  -6.0321
 -6.9890  -8.2112  -9.8548 -12.1666 -15.5377 -20.5879 -28.2992 -36.9878 -36.9878
-36.9878 -36.9878 -36.9878 -36.9878 -36.9878 -36.9878 -36.9878
  0.0000  -0.1464  -0.1464  -0.1464  -0.1464  -0.1464  -0.1464  -0.1465  -0.1465
 -0.1467  -0.1472  -0.1483  -0.1511  -0.1576  -0.1724  -0.2072  -0.2914  -0.4805
 -0.8565  -1.4786  -2.1709  -2.7692  -3.3420  -3.9301  -4.5539  -5.2406  -6.0314
 -6.9885  -8.2109  -9.8546 -12.1665 -15.5377 -20.5878 -28.2991 -36.9878 -36.9878
-36.9878 -36.9878 -36.9878 -36.9878 -36.9878 -36.9878 -36.9878
  0.0000  -0.1388  -0.1388  -0.1388  -0.1388  -0.1388  -0.1388  -0.1389  -0.1389
 -0.1392  -0.1397  -0.1410  -0.1441  -0.1512  -0.1668  -0.2029  -0.2910  -0.4849
 -0.8652  -1.4921  -2.1716  -2.7643  -3.3364  -3.9255  -4.5506  -5.2385  -6.0299
 -6.9876  -8.2104  -9.8543 -12.1664 -15.5376 -20.5878 -28.2992 -36.9879 -36.9879
-36.9879 -36.9879 -36.9879 -36.9879 -36.9879 -36.9879 -36.9879
  0.0000  -0.1285  -0.1285  -0.1285  -0.1285  -0.1285  -0.1285  -0.1285  -0.1286
 -0.1288  -0.1294  -0.1308  -0.1341  -0.1416  -0.1580  -0.1960  -0.2886  -0.4902
 -0.8803  -1.5171  -2.1792  -2.7610  -3.3298  -3.9190  -4.5456  -5.2350  -6.0274
 -6.9860  -8.2094  -9.8537 -12.1659 -15.5373 -20.5876 -28.2991 -36.9879 -36.9879
-36.9879 -36.9879 -36.9879 -36.9879 -36.9879 -36.9879 -36.9879
  0.0000  -0.1202  -0.1202  -0.1202  -0.1202  -0.1202  -0.1202  -0.1203  -0.1204
 -0.1206  -0.1211  -0.1223  -0.1254  -0.1328  -0.1499  -0.1896  -0.2853  -0.4936
 -0.8949  -1.5491  -2.1961  -2.7632  -3.3251  -3.9123  -4.5395  -5.2304  -6.0244
 -6.9838  -8.2081  -9.8529 -12.1655 -15.5371 -20.5876 -28.2991 -36.9881 -36.9881
-36.9881 -36.9881 -36.9881 -36.9881 -36.9881 -36.9881 -36.9881
 -1.0000  -0.0538  -0.0538  -0.0538  -0.0538  -0.0538  -0.0539  -0.0540  -0.0542
 -0.0546  -0.0554  -0.0572  -0.0612  -0.0704  -0.0919  -0.1432  -0.2649  -0.5398
 -1.0574  -1.6709  -2.2672  -2.8596  -3.4783  -4.1474  -4.9024  -5.7982  -6.9202
 -8.4027 -10.4577 -13.4208 -17.8238 -24.5091 -34.8119 -36.9789 -36.9789 -36.9789
-36.9789 -36.9789 -36.9789 -36.9789 -36.9789 -36.9789 -36.9789
  0.0000  -0.0539  -0.0539  -0.0539  -0.0539  -0.0539  -0.0539  -0.0540  -0.0542
 -0.0546  -0.0554  -0.0573  -0.0612  -0.0704  -0.0919  -0.1432  -0.2649  -0.5397
 -1.0574  -1.6709  -2.2672  -2.8596  -3.4783  -4.1474  -4.9024  -5.7982  -6.9202
 -8.4027 -10.4577 -13.4208 -17.8238 -24.5091 -34.8119 -36.9789 -36.9789 -36.9789
-36.9789 -36.9789 -36.9789 -36.9789 -36.9789 -36.9789 -36.9789
  0.0000  -0.0872  -0.0872  -0.0872  -0.0872  -0.0872  -0.0872  -0.0873  -0.0874
 -0.0878  -0.0885  -0.0901  -0.0934  -0.1009  -0.1183  -0.1599  -0.2611  -0.5021
 -1.0039  -1.6514  -2.2663  -2.8646  -3.4839  -4.1517  -4.9051  -5.7999  -6.9210
 -8.4029 -10.4574 -13.4203 -17.8231 -24.5083 -34.8110 -36.9779 -36.9779 -36.9779
-36.9779 -36.9779 -36.9779 -36.9779 -36.9779 -36.9779 -36.9779
  0.0000  -0.0916  -0.0916  -0.0916  -0.0916  -0.0916  -0.0916  -0.0917  -0.0918
 -0.0921  -0.0928  -0.0943  -0.0976  -0.1050  -0.1221  -0.1628  -0.2617  -0.4975
 -0.9971  -1.6485  -2.2650  -2.8641  -3.4837  -4.1516  -4.9051  -5.7999  -6.9211
 -8.4029 -10.4575 -13.4204 -17.8232 -24.5084 -34.8111 -36.9780 -36.9780 -36.9780
-36.9780 -36.9780 -36.9780 -36.9780 -36.9780 -36.9780 -36.9780
  0.0000  -0.0836  -0.0836  -0.0836  -0.0836  -0.0836  -0.0836  -0.0837  -0.0838
 -0.0840  -0.0847  -0.0862  -0.0896  -0.0974  -0.1156  -0.1586  -0.2620  -0.5059
 -1.0120  -1.6516  -2.2624  -2.8603  -3.4804  -4.1493  -4.9036  -5.7989  -6.9205
 -8.4026 -10.4574 -13.4204 -17.8233 -24.5085 -34.8113 -36.9782 -36.9782 -36.9782
-36.9782 -36.9782 -36.9782 -36.9782 -36.9782 -36.9782 -36.9782
  0.0000  -0.0694  -0.0694  -0.0694  -0.0694  -0.0694  -0.0694  -0.0695  -0.0696
 -0.0698  -0.0705  -0.0721  -0.0757  -0.0842  -0.1036  -0.1500  -0.2604  -0.5207
 -1.0411  -1.6617  -2.2608  -2.8551  -3.4751  -4.1449  -4.9006  -5.7967  -6.9190
 -8.4017 -10.4567 -13.4199 -17.8230 -24.5083 -34.8111 -36.9781 -36.9781 -36.9781
-36.9781 -36.9781 -36.9781 -36.9781 -36.9781 -36.9781 -36.9781
  0.0000  -0.0557  -0.0557  -0.0557  -0.0557  -0.0557  -0.0557  -0.0558  -0.0559
 -0.0561  -0.0568  -0.0583  -0.0622  -0.0710  -0.0918  -0.1412  -0.2587  -0.5373
 -1.0784  -1.6806  -2.2647  -2.8521  -3.4701  -4.1406  -4.8975  -5.7949  -6.9179
 -8.4013 -10.4568 -13.4203 -17.8235 -24.5090 -34.8118 -36.9790 -36.9790 -36.9790
-36.9790 -36.9790 -36.9790 -36.9790 -36.9790 -36.9790 -36.9790
 -2.0000   0.0036   0.0036   0.0036   0.0035   0.0035   0.0034   0.0031   0.0027
  0.0020   0.0006  -0.0021  -0.0075  -0.0193  -0.0457  -0.1076  -0.2599  -0.6130
 -1.1593  -1.7648  -2.3863  -3.0462  -3.7752  -4.6213  -5.6589  -7.0041  -8.8394
-11.4530 -15.3012 -21.1067 -30.0147 -36.9618 -36.9618 -36.9618 -36.9618 -36.9618
-36.9618 -36.9618 -36.9618 -36.9618 -36.9618 -36.9618 -36.9618
 -1.0000   0.0035   0.0035   0.0035   0.0035   0.0034   0.0033   0.0031   0.0027
  0.0020   0.0006  -0.0021  -0.0075  -0.0193  -0.0457  -0.1076  -0.2599  -0.6130
 -1.1593  -1.7648  -2.3863  -3.0462  -3.7752  -4.6213  -5.6589  -7.0041  -8.8394
-11.4530 -15.3012 -21.1067 -30.0147 -36.9618 -36.9618 -36.9618 -36.9618 -36.9618
-36.9618 -36.9618 -36.9618 -36.9618 -36.9618 -36.9618 -36.9618
  0.0000   0.0021   0.0021   0.0021   0.0021   0.0021   0.0020   0.0018   0.0014
  0.0007  -0.0007  -0.0034  -0.0088  -0.0206  -0.0470  -0.1089  -0.2612  -0.6142
 -1.1606  -1.7661  -2.3876  -3.0475  -3.7765  -4.6226  -5.6602  -7.0054  -8.8407
-11.4543 -15.3025 -21.1080 -30.0160 -36.9631 -36.9631 -36.9631 -36.9631 -36.9631
-36.9631 -36.9631 -36.9631 -36.9631 -36.9631 -36.9631 -36.9631
  0.0000  -0.0315  -0.0315  -0.0315  -0.0315  -0.0316  -0.0316  -0.0318  -0.0321
 -0.0327  -0.0338  -0.0360  -0.0403  -0.0491  -0.0686  -0.1154  -0.2415  -0.5750
 -1.1384  -1.7615  -2.3900  -3.0515  -3.7799  -4.6248  -5.6613  -7.0060  -8.8407
-11.4539 -15.3019 -21.1072 -30.0152 -36.9621 -36.9621 -36.9621 -36.9621 -36.9621
-36.9621 -36.9621 -36.9621 -36.9621 -36.9621 -36.9621 -36.9621
  0.0000  -0.0247  -0.0247  -0.0247  -0.0247  -0.0247  -0.0248  -0.0249  -0.0252
 -0.0258  -0.0270  -0.0293  -0.0339  -0.0435  -0.0648  -0.1149  -0.2456  -0.5820
 -1.1418  -1.7619  -2.3895  -3.0508  -3.7794  -4.6247  -5.6613  -7.0062  -8.8410
-11.4543 -15.3023 -21.1077 -30.0156 -36.9626 -36.9626 -36.9626 -36.9626 -36.9626
-36.9626 -36.9626 -36.9626 -36.9626 -36.9626 -36.9626 -36.9626
  0.0000  -0.0017  -0.0017  -0.0017  -0.0017  -0.0017  -0.0018  -0.0019  -0.0021
 -0.0027  -0.0040  -0.0067  -0.0121  -0.0239  -0.0502  -0.1111  -0.2593  -0.6080
 -1.1558  -1.7644  -2.3874  -3.0479  -3.7771  -4.6232  -5.6607  -7.0059  -8.8411
-11.4547 -15.3028 -21.1083 -30.0163 -36.9634 -36.9634 -36.9634 -36.9634 -36.9634
-36.9634 -36.9634 -36.9634 -36.9634 -36.9634 -36.9634 -36.9634
  0.0000   0.0249   0.0249   0.0249   0.0249   0.0249   0.0248   0.0248   0.0245
  0.0240   0.0226   0.0197   0.0133  -0.0007  -0.0325  -0.1056  -0.2755  -0.6411
 -1.1764  -1.7702  -2.3859  -3.0442  -3.7736  -4.6207  -5.6592  -7.0049  -8.8408
-11.4547 -15.3031 -21.1087 -30.0169 -36.9641 -36.9641 -36.9641 -36.9641 -36.9641
-36.9641 -36.9641 -36.9641 -36.9641 -36.9641 -36.9641 -36.9641
 -2.0000   0.1756   0.1756   0.1755   0.1754   0.1753   0.1749   0.1744   0.1735
  0.1715   0.1685   0.1622   0.1488   0.1198   0.0542  -0.0949  -0.3906  -0.8264
 -1.3608  -1.9612  -2.6385  -3.4279  -4.3892  -5.6189  -7.2703  -9.5890 -12.9653
-18.0190 -25.7328 -36.9259 -36.9259 -36.9259 -36.9259 -36.9259 -36.9259 -36.9259
-36.9259 -36.9259 -36.9259 -36.9259 -36.9259 -36.9259 -36.9259
 -1.0000   0.1755   0.1755   0.1755   0.1754   0.1752   0.1749   0.1744   0.1735
  0.1715   0.1685   0.1622   0.1488   0.1198   0.0542  -0.0949  -0.3906  -0.8264
 -1.3608  -1.9612  -2.6385  -3.4279  -4.3892  -5.6189  -7.2703  -9.5890 -12.9653
-18.0190 -25.7328 -36.9259 -36.9259 -36.9259 -36.9259 -36.9259 -36.9259 -36.9259
-36.9259 -36.9259 -36.9259 -36.9259 -36.9259 -36.9259 -36.9259
  0.0000   0.1754   0.1754   0.1754   0.1753   0.1752   0.1749   0.1744   0.1734
  0.1715   0.1685   0.1622   0.1488   0.1198   0.0542  -0.0949  -0.3906  -0.8264
 -1.3608  -1.9612  -2.6385  -3.4279  -4.3892  -5.6189  -7.2703  -9.5890 -12.9653
-18.0190 -25.7328 -36.9259 -36.9259 -36.9259 -36.9259 -36.9259 -36.9259 -36.9259
-36.9259 -36.9259 -36.9259 -36.9259 -36.9259 -36.9259 -36.9259
  0.0000   0.0039   0.0039   0.0039   0.0038   0.0037   0.0036   0.0032   0.0025
  0.0015   0.0000  -0.0021  -0.0048  -0.0088  -0.0202  -0.0698  -0.2472  -0.6505
 -1.2356  -1.8924  -2.6095  -3.4215  -4.3925  -5.6235  -7.2724  -9.5875 -12.9605
-18.0118 -25.7237 -36.9136 -36.9136 -36.9136 -36.9136 -36.9136 -36.9136 -36.9136
-36.9136 -36.9136 -36.9136 -36.9136 -36.9136 -36.9136 -36.9136
  0.0000  -0.0280  -0.0280  -0.0280  -0.0280  -0.0281  -0.0282  -0.0285  -0.0291
 -0.0300  -0.0312  -0.0324  -0.0332  -0.0329  -0.0346  -0.0677  -0.2261  -0.6285
 -1.2267  -1.8913  -2.6110  -3.4232  -4.3936  -5.6238  -7.2723  -9.5869 -12.9597
-18.0108 -25.7226 -36.9123 -36.9123 -36.9123 -36.9123 -36.9123 -36.9123 -36.9123
-36.9123 -36.9123 -36.9123 -36.9123 -36.9123 -36.9123 -36.9123
  0.0000  -0.0145  -0.0145  -0.0145  -0.0146  -0.0146  -0.0147  -0.0150  -0.0155
 -0.0164  -0.0177  -0.0193  -0.0209  -0.0224  -0.0283  -0.0686  -0.2353  -0.6380
 -1.2303  -1.8916  -2.6102  -3.4224  -4.3931  -5.6236  -7.2722  -9.5871 -12.9600
-18.0111 -25.7231 -36.9128 -36.9128 -36.9128 -36.9128 -36.9128 -36.9128 -36.9128
-36.9128 -36.9128 -36.9128 -36.9128 -36.9128 -36.9128 -36.9128
  0.0000   0.0113   0.0113   0.0113   0.0113   0.0112   0.0112   0.0110   0.0105
  0.0096   0.0081   0.0058   0.0027  -0.0025  -0.0162  -0.0705  -0.2540  -0.6580
 -1.2391  -1.8931  -2.6092  -3.4211  -4.3923  -5.6235  -7.2725  -9.5878 -12.9609
-18.0123 -25.7243 -36.9142 -36.9142 -36.9142 -36.9142 -36.9142 -36.9142 -36.9142
-36.9142 -36.9142 -36.9142 -36.9142 -36.9142 -36.9142 -36.9142
 -3.0000   0.1610   0.1609   0.1608   0.1605   0.1601   0.1591   0.1586   0.1570
  0.1546   0.1508   0.1448   0.1345   0.1136   0.0624  -0.0683  -0.3475  -0.8285
 -1.4574  -2.2103  -3.1166  -4.2523  -5.7476  -7.8128 -10.7832 -15.1912 -21.8798
-32.1847 -36.8551 -36.8551 -36.8551 -36.8551 -36.8551 -36.8551 -36.8551 -36.8551
-36.8551 -36.8551 -36.8551 -36.8551 -36.8551 -36.8551 -36.8551
 -2.0000   0.1609   0.1609   0.1608   0.1605   0.1600   0.1592   0.1586   0.1570
  0.1546   0.1508   0.1448   0.1345   0.1136   0.0624  -0.0683  -0.3475  -0.8285
 -1.4574  -2.2103  -3.1166  -4.2523  -5.7476  -7.8128 -10.7832 -15.1912 -21.8798
-32.1847 -36.8551 -36.8551 -36.8551 -36.8551 -36.8551 -36.8551 -36.8551 -36.8551
-36.8551 -36.8551 -36.8551 -36.8551 -36.8551 -36.8551 -36.8551
 -1.0000   0.1609   0.1608   0.1607   0.1605   0.1600   0.1592   0.1585   0.1570
  0.1546   0.1508   0.1448   0.1345   0.1136   0.0624  -0.0683  -0.3475  -0.8285
 -1.4574  -2.2103  -3.1166  -4.2523  -5.7476  -7.8128 -10.7832 -15.1912 -21.8798
-32.1847 -36.8551 -36.8551 -36.8551 -36.8551 -36.8551 -36.8551 -36.8551 -36.8551
-36.8551 -36.8551 -36.8551 -36.8551 -36.8551 -36.8551 -36.8551
  0.0000   0.1607   0.1607   0.1606   0.1604   0.1600   0.1593   0.1585   0.1570
  0.1546   0.1508   0.1448   0.1345   0.1136   0.0624  -0.0683  -0.3475  -0.8285
 -1.4574  -2.2103  -3.1166  -4.2523  -5.7476  -7.8128 -10.7832 -15.1912 -21.8798
-32.1847 -36.8551 -36.8551 -36.8551 -36.8551 -36.8551 -36.8551 -36.8551 -36.8551
-36.8551 -36.8551 -36.8551 -36.8551 -36.8551 -36.8551 -36.8551
  0.0000   0.0236   0.0235   0.0235   0.0234   0.0231   0.0226   0.0217   0.0205
  0.0187   0.0167   0.0148   0.0143   0.0155   0.0106  -0.0368  -0.2297  -0.7085
 -1.3861  -2.1786  -3.1054  -4.2482  -5.7435  -7.8060 -10.7738 -15.1795 -21.8664
-32.1701 -36.8384 -36.8384 -36.8384 -36.8384 -36.8384 -36.8384 -36.8384 -36.8384
-36.8384 -36.8384 -36.8384 -36.8384 -36.8384 -36.8384 -36.8384
  1.0000   0.0230   0.0230   0.0230   0.0229   0.0227   0.0222   0.0214   0.0202
  0.0184   0.0164   0.0145   0.0140   0.0152   0.0103  -0.0371  -0.2300  -0.7088
 -1.3864  -2.1789  -3.1057  -4.2485  -5.7438  -7.8063 -10.7741 -15.1798 -21.8667
-32.1704 -36.8387 -36.8387 -36.8387 -36.8387 -36.8387 -36.8387 -36.8387 -36.8387
-36.8387 -36.8387 -36.8387 -36.8387 -36.8387 -36.8387 -36.8387
  2.0000   0.0227   0.0227   0.0227   0.0226   0.0225   0.0221   0.0214   0.0202
  0.0185   0.0164   0.0145   0.0140   0.0152   0.0103  -0.0371  -0.2300  -0.7087
 -1.3863  -2.1789  -3.1057  -4.2485  -5.7438  -7.8063 -10.7741 -15.1798 -21.8667
-32.1704 -36.8387 -36.8387 -36.8387 -36.8387 -36.8387 -36.8387 -36.8387 -36.8387
-36.8387 -36.8387 -36.8387 -36.8387 -36.8387 -36.8387 -36.8387
-13.0000   0.0239   0.0238   0.0237   0.0234   0.0230   0.0225   0.0216   0.0204
  0.0186   0.0166   0.0147   0.0142   0.0154   0.0105  -0.0369  -0.2298  -0.7086
 -1.3862  -2.1787  -3.1055  -4.2483  -5.7436  -7.8061 -10.7739 -15.1796 -21.8665
-32.1702 -36.8385 -36.8385 -36.8385 -36.8385 -36.8385 -36.8385 -36.8385 -36.8385
-36.8385 -36.8385 -36.8385 -36.8385 -36.8385 -36.8385 -36.8385
-12.0000   0.0239   0.0238   0.0237   0.0234   0.0230   0.0225   0.0216   0.0204
  0.0186   0.0166   0.0147   0.0142   0.0154   0.0105  -0.0369  -0.2298  -0.7086
 -1.3862  -2.1787  -3.1055  -4.2483  -5.7436  -7.8061 -10.7739 -15.1796 -21.8665
-32.1702 -36.8385 -36.8385 -36.8385 -36.8385 -36.8385 -36.8385 -36.8385 -36.8385
-36.8385 -36.8385 -36.8385 -36.8385 -36.8385 -36.8385 -36.8385
-11.0000   0.0239   0.0238   0.0237   0.0234   0.0230   0.0225   0.0216   0.0204
  0.0186   0.0166   0.0147   0.0142   0.0154   0.0105  -0.0369  -0.2298  -0.7086
 -1.3862  -2.1787  -3.1055  -4.2483  -5.7436  -7.8061 -10.7739 -15.1796 -21.8665
-32.1702 -36.8385 -36.8385 -36.8385 -36.8385 -36.8385 -36.8385 -36.8385 -36.8385
-36.8385 -36.8385 -36.8385 -36.8385 -36.8385 -36.8385 -36.8385
-10.0000   0.0238   0.0238   0.0237   0.0234   0.0230   0.0225   0.0216   0.0204
  0.0186   0.0166   0.0147   0.0142   0.0154   0.0105  -0.0369  -0.2298  -0.7086
 -1.3862  -2.1787  -3.1055  -4.2483  -5.7436  -7.8061 -10.7739 -15.1796 -21.8665
-32.1702 -36.8385 -36.8385 -36.8385 -36.8385 -36.8385 -36.8385 -36.8385 -36.8385
-36.8385 -36.8385 -36.8385 -36.8385 -36.8385 -36.8385 -36.8385
-10.0000   0.0238   0.0237   0.0236   0.0234   0.0230   0.0225   0.0216   0.0204
  0.0186   0.0166   0.0147   0.0142   0.0154   0.0105  -0.0369  -0.2298  -0.7086
 -1.3862  -2.1787  -3.1055  -4.2483  -5.7436  -7.8061 -10.7739 -15.1796 -21.8665
-32.1702 -36.8385 -36.8385 -36.8385 -36.8385 -36.8385 -36.8385 -36.8385 -36.8385
-36.8385 -36.8385 -36.8385 -36.8385 -36.8385 -36.8385 -36.8385
 11.0000   0.0235   0.0234   0.0233   0.0232   0.0228   0.0223   0.0214   0.0202
  0.0184   0.0164   0.0145   0.0140   0.0152   0.0103  -0.0371  -0.2300  -0.7088
 -1.3864  -2.1789  -3.1057  -4.2485  -5.7438  -7.8063 -10.7741 -15.1798 -21.8667
-32.1704 -36.8387 -36.8387 -36.8387 -36.8387 -36.8387 -36.8387 -36.8387 -36.8387
-36.8387 -36.8387 -36.8387 -36.8387 -36.8387 -36.8387 -36.8387
 12.0000   0.0233   0.0233   0.0232   0.0231   0.0228   0.0223   0.0214   0.0202
  0.0184   0.0164   0.0145   0.0140   0.0152   0.0103  -0.0371  -0.2300  -0.7088
 -1.3864  -2.1789  -3.1057  -4.2485  -5.7438  -7.8063 -10.7741 -15.1798 -21.8667
-32.1704 -36.8387 -36.8387 -36.8387 -36.8387 -36.8387 -36.8387 -36.8387 -36.8387
-36.8387 -36.8387 -36.8387 -36.8387 -36.8387 -36.8387 -36.8387
-23.0000   0.0239   0.0238   0.0237   0.0234   0.0230   0.0225   0.0216   0.0204
  0.0186   0.0166   0.0147   0.0142   0.0154   0.0105  -0.0369  -0.2298  -0.7086
 -1.3862  -2.1787  -3.1055  -4.2483  -5.7436  -7.8061 -10.7739 -15.1796 -21.8665
-32.1702 -36.8385 -36.8385 -36.8385 -36.8385 -36.8385 -36.8385 -36.8385 -36.8385
-36.8385 -36.8385 -36.8385 -36.8385 -36.8385 -36.8385 -36.8385
-22.0000   0.0239   0.0238   0.0237   0.0234   0.0230   0.0225   0.0216   0.0204
  0.0186   0.0166   0.0147   0.0142   0.0154   0.0105  -0.0369  -0.2298  -0.7086
 -1.3862  -2.1787  -3.1055  -4.2483  -5.7436  -7.8061 -10.7739 -15.1796 -21.8665
-32.1702 -36.8385 -36.8385 -36.8385 -36.8385 -36.8385 -36.8385 -36.8385 -36.8385
-36.8385 -36.8385 -36.8385 -36.8385 -36.8385 -36.8385 -36.8385
-21.0000   0.0239   0.0238   0.0237   0.0234   0.0230   0.0225   0.0216   0.0204
  0.0186   0.0166   0.0147   0.0142   0.0154   0.0105  -0.0369  -0.2298  -0.7086
 -1.3862  -2.1787  -3.1055  -4.2483  -5.7436  -7.8061 -10.7739 -15.1796 -21.8665
-32.1702 -36.8385 -36.8385 -36.8385 -36.8385 -36.8385 -36.8385 -36.8385 -36.8385
-36.8385 -36.8385 -36.8385 -36.8385 -36.8385 -36.8385 -36.8385
-20.0000   0.0239   0.0238   0.0237   0.0234   0.0230   0.0225   0.0216   0.0204
  0.0186   0.0166   0.0147   0.0142   0.0154   0.0105  -0.0369  -0.2298  -0.7086
 -1.3862  -2.1787  -3.1055  -4.2483  -5.7436  -7.8061 -10.7739 -15.1796 -21.8665
-32.1702 -36.8385 -36.8385 -36.8385 -36.8385 -36.8385 -36.8385 -36.8385 -36.8385
-36.8385 -36.8385 -36.8385 -36.8385 -36.8385 -36.8385 -36.8385
-20.0000   0.0239   0.0238   0.0237   0.0234   0.0230   0.0225   0.0216   0.0204
  0.0186   0.0166   0.0147   0.0142   0.0154   0.0105  -0.0369  -0.2298  -0.7086
 -1.3862  -2.1787  -3.1055  -4.2483  -5.7436  -7.8061 -10.7739 -15.1796 -21.8665
-32.1702 -36.8385 -36.8385 -36.8385 -36.8385 -36.8385 -36.8385 -36.8385 -36.8385
-36.8385 -36.8385 -36.8385 -36.8385 -36.8385 -36.8385 -36.8385
 21.0000   0.0238   0.0238   0.0237   0.0234   0.0230   0.0225   0.0216   0.0204
  0.0186   0.0166   0.0147   0.0142   0.0154   0.0105  -0.0369  -0.2298  -0.7086
 -1.3862  -2.1787  -3.1055  -4.2483  -5.7436  -7.8061 -10.7739 -15.1796 -21.8665
-32.1702 -36.8385 -36.8385 -36.8385 -36.8385 -36.8385 -36.8385 -36.8385 -36.8385
-36.8385 -36.8385 -36.8385 -36.8385 -36.8385 -36.8385 -36.8385
 22.0000   0.0236   0.0235   0.0234   0.0232   0.0228   0.0223   0.0214   0.0202
  0.0184   0.0164   0.0145   0.0140   0.0152   0.0103  -0.0371  -0.2300  -0.7088
 -1.3864  -2.1789  -3.1057  -4.2485  -5.7438  -7.8063 -10.7741 -15.1798 -21.8667
-32.1704 -36.8387 -36.8387 -36.8387 -36.8387 -36.8387 -36.8387 -36.8387 -36.8387
-36.8387 -36.8387 -36.8387 -36.8387 -36.8387 -36.8387 -36.8387
-33.0000   0.0239   0.0238   0.0237   0.0234   0.0230   0.0225   0.0216   0.0204
  0.0186   0.0166   0.0147   0.0142   0.0154   0.0105  -0.0369  -0.2298  -0.7086
 -1.3862  -2.1787  -3.1055  -4.2483  -5.7436  -7.8061 -10.7739 -15.1796 -21.8665
-32.1702 -36.8385 -36.8385 -36.8385 -36.8385 -36.8385 -36.8385 -36.8385 -36.8385
-36.8385 -36.8385 -36.8385 -36.8385 -36.8385 -36.8385 -36.8385
-32.0000   0.0239   0.0238   0.0237   0.0234   0.0230   0.0225   0.0216   0.0204
  0.0186   0.0166   0.0147   0.0142   0.0154   0.0105  -0.0369  -0.2298  -0.7086
 -1.3862  -2.1787  -3.1055  -4.2483  -5.7436  -7.8061 -10.7739 -15.1796 -21.8665
-32.1702 -36.8385 -36.8385 -36.8385 -36.8385 -36.8385 -36.8385 -36.8385 -36.8385
-36.8385 -36.8385 -36.8385 -36.8385 -36.8385 -36.8385 -36.8385
-31.0000   0.0239   0.0238   0.0237   0.0234   0.0230   0.0225   0.0216   0.0204
  0.0186   0.0166   0.0147   0.0142   0.0154   0.0105  -0.0369  -0.2298  -0.7086
 -1.3862  -2.1787  -3.1055  -4.2483  -5.7436  -7.8061 -10.7739 -15.1796 -21.8665
-32.1702 -36.8385 -36.8385 -36.8385 -36.8385 -36.8385 -36.8385 -36.8385 -36.8385
-36.8385 -36.8385 -36.8385 -36.8385 -36.8385 -36.8385 -36.8385
-30.0000   0.0239   0.0238   0.0237   0.0234   0.0230   0.0225   0.0216   0.0204
  0.0186   0.0166   0.0147   0.0142   0.0154   0.0105  -0.0369  -0.2298  -0.7086
 -1.3862  -2.1787  -3.1055  -4.2483  -5.7436  -7.8061 -10.7739 -15.1796 -21.8665
-32.1702 -36.8385 -36.8385 -36.8385 -36.8385 -36.8385 -36.8385 -36.8385 -36.8385
-36.8385 -36.8385 -36.8385 -36.8385 -36.8385 -36.8385 -36.8385
-30.0000   0.0239   0.0238   0.0237   0.0234   0.0230   0.0225   0.0216   0.0204
  0.0186   0.0166   0.0147   0.0142   0.0154   0.0105  -0.0369  -0.2298  -0.7086
 -1.3862  -2.1787  -3.1055  -4.2483  -5.7436  -7.8061 -10.7739 -15.1796 -21.8665
-32.1702 -36.8385 -36.8385 -36.8385 -36.8385 -36.8385 -36.8385 -36.8385 -36.8385
-36.8385 -36.8385 -36.8385 -36.8385 -36.8385 -36.8385 -36.8385
 31.0000   0.0239   0.0238   0.0237   0.0234   0.0230   0.0225   0.0216   0.0204
  0.0186   0.0166   0.0147   0.0142   0.0154   0.0105  -0.0369  -0.2298  -0.7086
 -1.3862  -2.1787  -3.1055  -4.2483  -5.7436  -7.8061 -10.7739 -15.1796 -21.8665
-32.1702 -36.8385 -36.8385 -36.8385 -36.8385 -36.8385 -36.8385 -36.8385 -36.8385
-36.8385 -36.8385 -36.8385 -36.8385 -36.8385 -36.8385 -36.8385
 32.0000   0.0238   0.0237   0.0236   0.0233   0.0229   0.0224   0.0215   0.0203
  0.0185   0.0165   0.0146   0.0141   0.0153   0.0104  -0.0370  -0.2299  -0.7087
 -1.3863  -2.1788  -3.1056  -4.2484  -5.7437  -7.8062 -10.7740 -15.1797 -21.8666
-32.1703 -36.8386 -36.8386 -36.8386 -36.8386 -36.8386 -36.8386 -36.8386 -36.8386
-36.8386 -36.8386 -36.8386 -36.8386 -36.8386 -36.8386 -36.8386
nl= 2 nu=12
  0.0000  -1.3944  -1.3944  -1.3944  -1.3944  -1.3944  -1.3944  -1.3944  -1.3944
 -1.3944  -1.3944  -1.3944  -1.3944  -1.3944  -1.3944  -1.3945  -1.3947  -1.3953
 -1.3966  -1.4000  -1.4084  -1.4297  -1.4831  -1.6171  -1.9529  -2.7864  -4.4901
 -5.2869  -5.8234  -6.3420  -6.8536  -7.3679  -7.8950  -8.5155  -9.1940  -9.7171
-10.2524 -10.8076 -11.3947 -12.0324 -12.7504
  0.0000  -1.5436  -1.5436  -1.5436  -1.5436  -1.5436  -1.5436  -1.5436  -1.5436
 -1.5436  -1.5436  -1.5436  -1.5436  -1.5436  -1.5436  -1.5436  -1.5438  -1.5440
 -1.5447  -1.5464  -1.5506  -1.5613  -1.5882  -1.6557  -1.8251  -2.2497  -3.3030
 -5.1570  -5.7999  -6.3303  -6.8472  -7.3642  -7.8928  -8.5137  -9.1924  -9.7163
-10.2522 -10.8077 -11.3950 -12.0328 -12.7509
  0.0000  -1.6927  -1.6927  -1.6927  -1.6927  -1.6927  -1.6927  -1.6927  -1.6927
 -1.6927  -1.6927  -1.6927  -1.6927  -1.6927  -1.6927  -1.6927  -1.6928  -1.6929
 -1.6932  -1.6941  -1.6962  -1.7016  -1.7151  -1.7489  -1.8340  -2.0475  -2.5830
 -3.9083  -5.7411  -6.3105  -6.8361  -7.3571  -7.8880  -8.5097  -9.1887  -9.7139
-10.2504 -10.8065 -11.3941 -12.0321 -12.7504
  0.0000  -1.8423  -1.8423  -1.8423  -1.8423  -1.8423  -1.8423  -1.8423  -1.8423
 -1.8423  -1.8423  -1.8423  -1.8423  -1.8423  -1.8423  -1.8423  -1.8424  -1.8424
 -1.8426  -1.8430  -1.8441  -1.8468  -1.8535  -1.8705  -1.9131  -2.0202  -2.2890
 -2.9632  -4.6217  -6.2753  -6.8199  -7.3469  -7.8810  -8.5036  -9.1831  -9.7101
-10.2480 -10.8049 -11.3930 -12.0314 -12.7498
  0.0000  -1.9840  -1.9840  -1.9840  -1.9840  -1.9840  -1.9840  -1.9840  -1.9840
 -1.9840  -1.9840  -1.9840  -1.9840  -1.9840  -1.9840  -1.9840  -1.9840  -1.9840
 -1.9841  -1.9843  -1.9849  -1.9862  -1.9896  -1.9981  -2.0194  -2.0730  -2.2076
 -2.5457  -3.3937  -5.4450  -6.7870  -7.3252  -7.8631  -8.4863  -9.1662  -9.6963
-10.2357 -10.7939 -11.3829 -12.0219 -12.7407
  0.0000  -2.1447  -2.1447  -2.1447  -2.1447  -2.1447  -2.1447  -2.1447  -2.1447
 -2.1447  -2.1447  -2.1447  -2.1447  -2.1447  -2.1447  -2.1447  -2.1448  -2.1448
 -2.1448  -2.1449  -2.1452  -2.1459  -2.1475  -2.1518  -2.1625  -2.1893  -2.2567
 -2.4259  -2.8508  -3.9166  -6.3667  -7.3180  -7.8624  -8.4854  -9.1650  -9.6984
-10.2404 -10.8003 -11.3907 -12.0307 -12.7501
  0.0000  -2.2948  -2.2948  -2.2948  -2.2948  -2.2948  -2.2948  -2.2948  -2.2948
 -2.2948  -2.2948  -2.2948  -2.2948  -2.2948  -2.2948  -2.2948  -2.2948  -2.2948
 -2.2949  -2.2949  -2.2951  -2.2954  -2.2962  -2.2984  -2.3037  -2.3171  -2.3508
 -2.4354  -2.6480  -3.1820  -4.5210  -7.1866  -7.8496  -8.4728  -9.1512  -9.6875
-10.2317 -10.7942 -11.3864 -12.0276 -12.7481
  0.0000  -1.0716  -1.0716  -1.0716  -1.0716  -1.0716  -1.0716  -1.0716  -1.0716
 -1.0716  -1.0716  -1.0716  -1.0716  -1.0717  -1.0718  -1.0722  -1.0731  -1.0756
 -1.0816  -1.0968  -1.1349  -1.2304  -1.4692  -2.0582  -3.3277  -4.2635  -4.8132
 -5.3361  -5.8495  -6.3648  -6.8803  -7.4644  -8.1883  -8.7089  -9.2396  -9.7872
-10.3621 -10.9803 -11.6674 -12.4638 -13.4334
  0.0000  -1.2158  -1.2158  -1.2158  -1.2158  -1.2158  -1.2158  -1.2158  -1.2158
 -1.2158  -1.2158  -1.2158  -1.2158  -1.2158  -1.2159  -1.2161  -1.2166  -1.2178
 -1.2209  -1.2286  -1.2480  -1.2968  -1.4190  -1.7249  -2.4799  -3.9934  -4.7825
 -5.3211  -5.8404  -6.3589  -6.8762  -7.4611  -8.1849  -8.7065  -9.2379  -9.7860
-10.3611 -10.9794 -11.6667 -12.4631 -13.4327
  0.0000  -1.3631  -1.3631  -1.3631  -1.3631  -1.3631  -1.3631  -1.3631  -1.3631
 -1.3631  -1.3631  -1.3631  -1.3631  -1.3631  -1.3632  -1.3633  -1.3635  -1.3641
 -1.3657  -1.3696  -1.3794  -1.4040  -1.4659  -1.6212  -2.0101  -2.9695  -4.6460
 -5.2980  -5.8283  -6.3511  -6.8711  -7.4571  -8.1807  -8.7040  -9.2363  -9.7850
-10.3605 -10.9792 -11.6666 -12.4631 -13.4328
  0.0000  -1.5116  -1.5116  -1.5116  -1.5116  -1.5116  -1.5116  -1.5116  -1.5116
 -1.5116  -1.5116  -1.5116  -1.5116  -1.5116  -1.5116  -1.5116  -1.5118  -1.5121
 -1.5129  -1.5148  -1.5198  -1.5322  -1.5633  -1.6416  -1.8380  -2.3300  -3.5410
 -5.2365  -5.8104  -6.3402  -6.8635  -7.4507  -8.1739  -8.6995  -9.2332  -9.7830
-10.3593 -10.9784 -11.6661 -12.4628 -13.4326
  0.0000  -1.6607  -1.6607  -1.6607  -1.6607  -1.6607  -1.6607  -1.6607  -1.6607
 -1.6607  -1.6607  -1.6607  -1.6607  -1.6607  -1.6607  -1.6607  -1.6608  -1.6609
 -1.6613  -1.6623  -1.6648  -1.6710  -1.6867  -1.7259  -1.8246  -2.0723  -2.6929
 -4.2111  -5.7774  -6.3257  -6.8537  -7.4415  -8.1635  -8.6926  -9.2283  -9.7796
-10.3569 -10.9768 -11.6649 -12.4620 -13.4320
  0.0000  -1.8112  -1.8112  -1.8112  -1.8112  -1.8112  -1.8112  -1.8112  -1.8112
 -1.8112  -1.8112  -1.8112  -1.8112  -1.8112  -1.8112  -1.8112  -1.8113  -1.8113
 -1.8115  -1.8120  -1.8133  -1.8164  -1.8242  -1.8439  -1.8934  -2.0175  -2.3294
 -3.1110  -4.9914  -6.3056  -6.8441  -7.4319  -8.1512  -8.6839  -9.2220  -9.7756
-10.3543 -10.9754 -11.6644 -12.4619 -13.4322
  0.0000  -1.9607  -1.9607  -1.9607  -1.9607  -1.9607  -1.9607  -1.9607  -1.9607
 -1.9607  -1.9607  -1.9607  -1.9607  -1.9607  -1.9607  -1.9607  -1.9607  -1.9608
 -1.9609  -1.9611  -1.9617  -1.9633  -1.9672  -1.9771  -2.0018  -2.0640  -2.2202
 -2.6124  -3.5955  -5.8542  -6.8307  -7.4213  -8.1372  -8.6723  -9.2118  -9.7678
-10.3489 -10.9714 -11.6616 -12.4599 -13.4307
  0.0000  -0.7656  -0.7656  -0.7656  -0.7656  -0.7656  -0.7656  -0.7656  -0.7656
 -0.7656  -0.7656  -0.7656  -0.7657  -0.7660  -0.7666  -0.7683  -0.7723  -0.7825
 -0.8082  -0.8724  -1.0323  -1.4226  -2.2767  -3.2189  -3.7972  -4.3264  -4.8417
 -5.3532  -5.8763  -6.4185  -7.0791  -7.7002  -8.2273  -8.7686  -9.3331  -9.9346
-10.5952 -11.3495 -12.2523 -13.3906 -14.9022
  0.0000  -0.8996  -0.8996  -0.8996  -0.8996  -0.8996  -0.8996  -0.8996  -0.8996
 -0.8997  -0.8997  -0.8997  -0.8997  -0.8999  -0.9002  -0.9011  -0.9032  -0.9086
 -0.9221  -0.9561  -1.0411  -1.2532  -1.7719  -2.8648  -3.7570  -4.3099  -4.8321
 -5.3468  -5.8718  -6.4153  -7.0760  -7.6977  -8.2257  -8.7675  -9.3323  -9.9341
-10.5948 -11.3491 -12.2520 -13.3904 -14.9020
  0.0000  -1.0396  -1.0396  -1.0396  -1.0396  -1.0396  -1.0396  -1.0396  -1.0396
 -1.0396  -1.0396  -1.0396  -1.0396  -1.0397  -1.0398  -1.0403  -1.0414  -1.0442
 -1.0512  -1.0687  -1.1128  -1.2232  -1.4989  -2.1741  -3.5011  -4.2809  -4.8182
 -5.3378  -5.8651  -6.4101  -7.0712  -7.6936  -8.2227  -8.7655  -9.3308  -9.9329
-10.5939 -11.3484 -12.2513 -13.3898 -14.9014
  0.0000  -1.1853  -1.1853  -1.1853  -1.1853  -1.1853  -1.1853  -1.1853  -1.1853
 -1.1853  -1.1853  -1.1853  -1.1853  -1.1853  -1.1854  -1.1856  -1.1862  -1.1876
 -1.1912  -1.2001  -1.2226  -1.2791  -1.4206  -1.7744  -2.6407  -4.1416  -4.7991
 -5.3280  -5.8581  -6.4049  -7.0658  -7.6894  -8.2202  -8.7642  -9.3305  -9.9332
-10.5945 -11.3493 -12.2524 -13.3909 -14.9026
  0.0000  -1.3300  -1.3300  -1.3300  -1.3300  -1.3300  -1.3300  -1.3300  -1.3300
 -1.3300  -1.3300  -1.3300  -1.3300  -1.3300  -1.3301  -1.3302  -1.3305  -1.3312
 -1.3330  -1.3375  -1.3489  -1.3775  -1.4492  -1.6292  -2.0794  -3.1793  -4.7335
 -5.3115  -5.8465  -6.3946  -7.0543  -7.6790  -8.2124  -8.7581  -9.3257  -9.9294
-10.5914 -11.3465 -12.2498 -13.3885 -14.9004
  0.0000  -1.4795  -1.4795  -1.4795  -1.4795  -1.4795  -1.4795  -1.4795  -1.4795
 -1.4795  -1.4795  -1.4795  -1.4795  -1.4795  -1.4795  -1.4796  -1.4797  -1.4801
 -1.4810  -1.4833  -1.4890  -1.5034  -1.5395  -1.6302  -1.8579  -2.4279  -3.8113
 -5.2827  -5.8373  -6.3876  -7.0447  -7.6693  -8.2051  -8.7532  -9.3227  -9.9276
-10.5907 -11.3464 -12.2502 -13.3892 -14.9012
  0.0000  -1.6286  -1.6286  -1.6286  -1.6286  -1.6286  -1.6286  -1.6286  -1.6286
 -1.6286  -1.6286  -1.6286  -1.6286  -1.6286  -1.6286  -1.6286  -1.6287  -1.6289
 -1.6294  -1.6305  -1.6334  -1.6406  -1.6587  -1.7043  -1.8187  -2.1060  -2.8251
 -4.5422  -5.8195  -6.3808  -7.0350  -7.6582  -8.1947  -8.7446  -9.3165  -9.9234
-10.5876 -11.3445 -12.2490 -13.3883 -14.9006
  0.0000  -0.5041  -0.5041  -0.5041  -0.5041  -0.5041  -0.5041  -0.5041  -0.5041
 -0.5041  -0.5042  -0.5043  -0.5047  -0.5056  -0.5080  -0.5139  -0.5287  -0.5657
 -0.6575  -0.8796  -1.3726  -2.1341  -2.7636  -3.3074  -3.8301  -4.3451  -4.8621
 -5.3911  -6.0122  -6.6910  -7.2153  -7.7514  -8.3071  -8.8945  -9.5324 -10.2505
-11.0961 -12.1437 -13.5113 -15.3865 -18.0659
  0.0000  -0.6131  -0.6131  -0.6131  -0.6131  -0.6131  -0.6131  -0.6131  -0.6131
 -0.6131  -0.6132  -0.6132  -0.6135  -0.6140  -0.6153  -0.6187  -0.6273  -0.6487
 -0.7021  -0.8348  -1.1558  -1.8484  -2.7008  -3.2894  -3.8207  -4.3386  -4.8574
 -5.3877  -6.0093  -6.6881  -7.2135  -7.7503  -8.3065  -8.8942  -9.5322 -10.2505
-11.0962 -12.1438 -13.5115 -15.3867 -18.0661
  0.0000  -0.7359  -0.7359  -0.7359  -0.7359  -0.7359  -0.7359  -0.7359  -0.7359
 -0.7359  -0.7359  -0.7360  -0.7361  -0.7364  -0.7371  -0.7390  -0.7437  -0.7554
 -0.7848  -0.8585  -1.0415  -1.4846  -2.4019  -3.2497  -3.8067  -4.3300  -4.8508
 -5.3825  -6.0046  -6.6837  -7.2104  -7.7482  -8.3052  -8.8933  -9.5317 -10.2502
-11.0960 -12.1436 -13.5114 -15.3866 -18.0661
  0.0000  -0.8685  -0.8685  -0.8685  -0.8685  -0.8685  -0.8685  -0.8685  -0.8685
 -0.8686  -0.8686  -0.8686  -0.8686  -0.8688  -0.8692  -0.8702  -0.8727  -0.8789
 -0.8945  -0.9336  -1.0317  -1.2757  -1.8672  -3.0113  -3.7810  -4.3192  -4.8427
 -5.3757  -5.9975  -6.6765  -7.2056  -7.7448  -8.3029  -8.8918  -9.5307 -10.2495
-11.0954 -12.1432 -13.5111 -15.3863 -18.0658
  0.0000  -1.0083  -1.0083  -1.0083  -1.0083  -1.0083  -1.0083  -1.0083  -1.0083
 -1.0083  -1.0083  -1.0083  -1.0083  -1.0084  -1.0086  -1.0091  -1.0104  -1.0136
 -1.0217  -1.0420  -1.0930  -1.2207  -1.5389  -2.3103  -3.6381  -4.3031  -4.8348
 -5.3685  -5.9890  -6.6670  -7.1987  -7.7400  -8.2995  -8.8897  -9.5293 -10.2487
-11.0949 -12.1430 -13.5109 -15.3863 -18.0658
  0.0000  -1.1539  -1.1539  -1.1539  -1.1539  -1.1539  -1.1539  -1.1539  -1.1539
 -1.1539  -1.1539  -1.1539  -1.1539  -1.1539  -1.1540  -1.1543  -1.1549  -1.1566
 -1.1607  -1.1711  -1.1971  -1.2625  -1.4264  -1.8354  -2.8247  -4.2378  -4.8266
 -5.3643  -5.9821  -6.6572  -7.1907  -7.7343  -8.2960  -8.8876  -9.5286 -10.2488
-11.0956 -12.1439 -13.5122 -15.3876 -18.0673
  0.0000  -1.2990  -1.2990  -1.2990  -1.2990  -1.2990  -1.2990  -1.2990  -1.2990
 -1.2990  -1.2990  -1.2990  -1.2990  -1.2990  -1.2991  -1.2992  -1.2995  -1.3004
 -1.3025  -1.3077  -1.3209  -1.3540  -1.4371  -1.6457  -2.1666  -3.4183  -4.7948
 -5.3578  -5.9746  -6.6463  -7.1791  -7.7233  -8.2872  -8.8810  -9.5235 -10.2449
-11.0926 -12.1415 -13.5101 -15.3857 -18.0655
  0.0000  -0.3304  -0.3304  -0.3304  -0.3304  -0.3304  -0.3304  -0.3304  -0.3304
 -0.3305  -0.3306  -0.3310  -0.3320  -0.3344  -0.3406  -0.3559  -0.3938  -0.4863
 -0.6997  -1.1217  -1.7009  -2.2658  -2.8049  -3.3291  -3.8512  -4.3711  -4.9575
 -5.6816  -6.2043  -6.7363  -7.2848  -7.8602  -8.4788  -9.1661  -9.9626 -10.9323
-12.1765 -13.8560 -16.2253 -19.6879 -24.8833
  0.0000  -0.3950  -0.3950  -0.3950  -0.3950  -0.3950  -0.3950  -0.3950  -0.3950
 -0.3951  -0.3952  -0.3955  -0.3961  -0.3978  -0.4020  -0.4125  -0.4388  -0.5039
 -0.6611  -1.0127  -1.6194  -2.2443  -2.7957  -3.3232  -3.8462  -4.3672  -4.9540
 -5.6779  -6.2016  -6.7347  -7.2838  -7.8595  -8.4783  -9.1658  -9.9624 -10.9321
-12.1764 -13.8560 -16.2253 -19.6879 -24.8832
  0.0000  -0.4806  -0.4806  -0.4806  -0.4806  -0.4806  -0.4806  -0.4806  -0.4806
 -0.4806  -0.4807  -0.4808  -0.4813  -0.4823  -0.4849  -0.4916  -0.5082  -0.5497
 -0.6523  -0.8988  -1.4305  -2.1800  -2.7806  -3.3159  -3.8401  -4.3619  -4.9490
 -5.6722  -6.1980  -6.7319  -7.2821  -7.8584  -8.4776  -9.1654  -9.9621 -10.9320
-12.1763 -13.8559 -16.2252 -19.6878 -24.8832
  0.0000  -0.5854  -0.5854  -0.5854  -0.5854  -0.5854  -0.5854  -0.5854  -0.5854
 -0.5854  -0.5854  -0.5855  -0.5858  -0.5864  -0.5879  -0.5918  -0.6015  -0.6259
 -0.6867  -0.8373  -1.1982  -1.9417  -2.7409  -3.3056  -3.8336  -4.3558  -4.9422
 -5.6638  -6.1919  -6.7277  -7.2789  -7.8564  -8.4763  -9.1644  -9.9614 -10.9315
-12.1759 -13.8556 -16.2249 -19.6876 -24.8830
  0.0000  -0.7067  -0.7067  -0.7067  -0.7067  -0.7067  -0.7067  -0.7067  -0.7067
 -0.7067  -0.7068  -0.7068  -0.7070  -0.7073  -0.7081  -0.7103  -0.7156  -0.7291
 -0.7629  -0.8474  -1.0569  -1.5587  -2.5242  -3.2841  -3.8282  -4.3516  -4.9360
 -5.6542  -6.1845  -6.7225  -7.2757  -7.8543  -8.4753  -9.1641  -9.9616 -10.9319
-12.1765 -13.8563 -16.2257 -19.6884 -24.8839
  0.0000  -0.8371  -0.8371  -0.8371  -0.8371  -0.8371  -0.8371  -0.8371  -0.8371
 -0.8371  -0.8371  -0.8371  -0.8372  -0.8374  -0.8378  -0.8390  -0.8418  -0.8490
 -0.8670  -0.9122  -1.0252  -1.3059  -1.9779  -3.1370  -3.8150  -4.3474  -4.9294
 -5.6426  -6.1735  -6.7126  -7.2680  -7.8486  -8.4709  -9.1608  -9.9590 -10.9298
-12.1747 -13.8546 -16.2242 -19.6870 -24.8825
  0.0000  -0.9772  -0.9772  -0.9772  -0.9772  -0.9772  -0.9772  -0.9772  -0.9772
 -0.9772  -0.9772  -0.9772  -0.9772  -0.9773  -0.9776  -0.9782  -0.9796  -0.9834
 -0.9927  -1.0162  -1.0751  -1.2226  -1.5895  -2.4660  -3.7405  -4.3437  -4.9285
 -5.6377  -6.1663  -6.7039  -7.2606  -7.8435  -8.4677  -9.1589  -9.9582 -10.9296
-12.1750 -13.8552 -16.2250 -19.6879 -24.8834
  0.0000  -0.2581  -0.2581  -0.2581  -0.2581  -0.2581  -0.2581  -0.2581  -0.2582
 -0.2583  -0.2585  -0.2591  -0.2607  -0.2646  -0.2742  -0.2983  -0.3569  -0.4930
 -0.7715  -1.2166  -1.7463  -2.2848  -2.8192  -3.3546  -3.9044  -4.5681  -5.1919
 -5.7216  -6.2645  -6.8300  -7.4322  -8.0932  -8.8477  -9.7506 -10.8891 -12.4008
-14.5041 -17.5451 -22.0723 -28.9551 -36.9992
  0.0000  -0.2808  -0.2808  -0.2808  -0.2808  -0.2808  -0.2808  -0.2808  -0.2809
 -0.2810  -0.2812  -0.2817  -0.2830  -0.2863  -0.2946  -0.3152  -0.3658  -0.4860
 -0.7456  -1.1925  -1.7374  -2.2806  -2.8144  -3.3508  -3.9007  -4.5643  -5.1886
 -5.7191  -6.2629  -6.8288  -7.4313  -8.0925  -8.8471  -9.7502 -10.8887 -12.4004
-14.5037 -17.5448 -22.0720 -28.9548 -36.9989
  0.0000  -0.3179  -0.3179  -0.3179  -0.3179  -0.3179  -0.3179  -0.3179  -0.3179
 -0.3180  -0.3182  -0.3186  -0.3196  -0.3222  -0.3287  -0.3450  -0.3853  -0.4833
 -0.7076  -1.1420  -1.7192  -2.2767  -2.8105  -3.3466  -3.8963  -4.5592  -5.1840
 -5.7161  -6.2607  -6.8276  -7.4306  -8.0921  -8.8470  -9.7502 -10.8887 -12.4005
-14.5039 -17.5450 -22.0722 -28.9549 -36.9991
  0.0000  -0.3753  -0.3753  -0.3753  -0.3753  -0.3753  -0.3753  -0.3754  -0.3754
 -0.3754  -0.3755  -0.3758  -0.3766  -0.3784  -0.3830  -0.3946  -0.4235  -0.4950
 -0.6666  -1.0434  -1.6604  -2.2670  -2.8073  -3.3426  -3.8912  -4.5522  -5.1772
 -5.7111  -6.2573  -6.8252  -7.4291  -8.0912  -8.8464  -9.7499 -10.8886 -12.4004
-14.5039 -17.5450 -22.0723 -28.9550 -36.9992
  0.0000  -0.4557  -0.4557  -0.4557  -0.4557  -0.4557  -0.4557  -0.4557  -0.4557
 -0.4557  -0.4558  -0.4560  -0.4565  -0.4576  -0.4606  -0.4681  -0.4868  -0.5334
 -0.6484  -0.9224  -1.4940  -2.2269  -2.8027  -3.3404  -3.8869  -4.5444  -5.1680
 -5.7036  -6.2518  -6.8214  -7.4265  -8.0895  -8.8453  -9.7491 -10.8880 -12.4001
-14.5036 -17.5448 -22.0721 -28.9549 -36.9991
  0.0000  -0.5584  -0.5584  -0.5584  -0.5584  -0.5584  -0.5584  -0.5584  -0.5584
 -0.5584  -0.5585  -0.5586  -0.5589  -0.5596  -0.5613  -0.5657  -0.5768  -0.6046
 -0.6738  -0.8447  -1.2500  -2.0384  -2.7835  -3.3403  -3.8873  -4.5397  -5.1599
 -5.6954  -6.2452  -6.8169  -7.4236  -8.0878  -8.8446  -9.7490 -10.8884 -12.4006
-14.5043 -17.5456 -22.0730 -28.9558 -37.0001
  0.0000  -0.6763  -0.6763  -0.6763  -0.6763  -0.6763  -0.6763  -0.6763  -0.6763
 -0.6763  -0.6763  -0.6764  -0.6766  -0.6769  -0.6779  -0.6804  -0.6865  -0.7020
 -0.7408  -0.8376  -1.0770  -1.6427  -2.6334  -3.3290  -3.8887  -4.5385  -5.1541
 -5.6859  -6.2353  -6.8086  -7.4175  -8.0833  -8.8413  -9.7466 -10.8865 -12.3992
-14.5031 -17.5445 -22.0720 -28.9549 -36.9993
  0.0000  -0.2427  -0.2427  -0.2427  -0.2427  -0.2427  -0.2428  -0.2428  -0.2428
 -0.2429  -0.2432  -0.2438  -0.2454  -0.2496  -0.2600  -0.2863  -0.3507  -0.4968
 -0.7845  -1.2277  -1.7537  -2.3006  -2.8553  -3.4870  -4.1734  -4.7038  -5.2434
 -5.8016  -6.3903  -7.0290  -7.7477  -8.5936  -9.6413 -11.0091 -12.8844 -15.5638
-19.5180 -25.4924 -34.6687 -36.9978 -36.9978
  0.0000  -0.2497  -0.2497  -0.2497  -0.2497  -0.2497  -0.2497  -0.2497  -0.2498
 -0.2499  -0.2501  -0.2508  -0.2523  -0.2563  -0.2664  -0.2915  -0.3530  -0.4940
 -0.7767  -1.2207  -1.7494  -2.2968  -2.8512  -3.4841  -4.1699  -4.7013  -5.2418
 -5.8004  -6.3895  -7.0284  -7.7473  -8.5932  -9.6410 -11.0089 -12.8841 -15.5636
-19.5177 -25.4922 -34.6685 -36.9976 -36.9976
  0.0000  -0.2571  -0.2571  -0.2571  -0.2571  -0.2571  -0.2571  -0.2571  -0.2571
 -0.2572  -0.2575  -0.2581  -0.2596  -0.2634  -0.2730  -0.2968  -0.3550  -0.4906
 -0.7693  -1.2174  -1.7499  -2.2958  -2.8477  -3.4801  -4.1649  -4.6978  -5.2394
 -5.7988  -6.3886  -7.0280  -7.7472  -8.5933  -9.6412 -11.0091 -12.8844 -15.5639
-19.5181 -25.4925 -34.6689 -36.9980 -36.9980
  0.0000  -0.2712  -0.2712  -0.2712  -0.2712  -0.2712  -0.2712  -0.2712  -0.2713
 -0.2713  -0.2716  -0.2721  -0.2735  -0.2769  -0.2855  -0.3069  -0.3594  -0.4840
 -0.7517  -1.2064  -1.7510  -2.2970  -2.8447  -3.4747  -4.1572  -4.6915  -5.2348
 -5.7955  -6.3862  -7.0264  -7.7460  -8.5925  -9.6406 -11.0086 -12.8840 -15.5636
-19.5178 -25.4922 -34.6686 -36.9977 -36.9977
  0.0000  -0.3012  -0.3012  -0.3012  -0.3012  -0.3012  -0.3012  -0.3013  -0.3013
 -0.3014  -0.3015  -0.3020  -0.3031  -0.3059  -0.3129  -0.3304  -0.3739  -0.4790
 -0.7178  -1.1693  -1.7462  -2.3015  -2.8454  -3.4708  -4.1493  -4.6840  -5.2287
 -5.7912  -6.3834  -7.0246  -7.7450  -8.5920  -9.6404 -11.0087 -12.8842 -15.5638
-19.5181 -25.4926 -34.6689 -36.9981 -36.9981
  0.0000  -0.3530  -0.3530  -0.3530  -0.3530  -0.3530  -0.3530  -0.3531  -0.3531
 -0.3531  -0.3533  -0.3536  -0.3544  -0.3564  -0.3615  -0.3744  -0.4063  -0.4851
 -0.6733  -1.0784  -1.7060  -2.3026  -2.8496  -3.4705  -4.1432  -4.6753  -5.2200
 -5.7843  -6.3784  -7.0212  -7.7427  -8.5905  -9.6394 -11.0080 -12.8837 -15.5635
-19.5178 -25.4924 -34.6688 -36.9980 -36.9980
  0.0000  -0.4310  -0.4310  -0.4310  -0.4310  -0.4310  -0.4310  -0.4310  -0.4310
 -0.4311  -0.4312  -0.4314  -0.4319  -0.4332  -0.4366  -0.4450  -0.4660  -0.5183
 -0.6470  -0.9507  -1.5606  -2.2789  -2.8549  -3.4763  -4.1453  -4.6710  -5.2125
 -5.7771  -6.3730  -7.0176  -7.7406  -8.5894  -9.6391 -11.0082 -12.8842 -15.5642
-19.5187 -25.4933 -34.6698 -36.9991 -36.9991
  0.0000  -0.2359  -0.2359  -0.2359  -0.2359  -0.2359  -0.2359  -0.2359  -0.2359
 -0.2360  -0.2363  -0.2369  -0.2386  -0.2427  -0.2530  -0.2794  -0.3441  -0.4917
 -0.7822  -1.2309  -1.7732  -2.3740  -3.1350  -3.6758  -4.2180  -4.7722  -5.3511
 -5.9717  -6.6602  -7.4575  -8.4276  -9.6722 -11.3518 -13.7212 -17.1839 -22.3793
-30.3211 -36.9957 -36.9957 -36.9957 -36.9957
  0.0000  -0.2460  -0.2460  -0.2460  -0.2460  -0.2460  -0.2460  -0.2460  -0.2460
 -0.2461  -0.2463  -0.2469  -0.2485  -0.2523  -0.2620  -0.2869  -0.3483  -0.4893
 -0.7720  -1.2194  -1.7658  -2.3699  -3.1331  -3.6746  -4.2174  -4.7719  -5.3510
 -5.9717  -6.6604  -7.4577  -8.4279  -9.6724 -11.3521 -13.7215 -17.1842 -22.3796
-30.3214 -36.9960 -36.9960 -36.9960 -36.9960
  0.0000  -0.2466  -0.2466  -0.2466  -0.2466  -0.2466  -0.2466  -0.2466  -0.2467
 -0.2468  -0.2470  -0.2476  -0.2491  -0.2529  -0.2626  -0.2875  -0.3488  -0.4892
 -0.7706  -1.2177  -1.7633  -2.3664  -3.1278  -3.6703  -4.2139  -4.7695  -5.3491
 -5.9705  -6.6595  -7.4570  -8.4273  -9.6720 -11.3517 -13.7212 -17.1839 -22.3793
-30.3210 -36.9957 -36.9957 -36.9957 -36.9957
  0.0000  -0.2449  -0.2449  -0.2449  -0.2449  -0.2449  -0.2449  -0.2449  -0.2450
 -0.2451  -0.2453  -0.2459  -0.2475  -0.2514  -0.2613  -0.2862  -0.3477  -0.4892
 -0.7734  -1.2232  -1.7671  -2.3662  -3.1222  -3.6645  -4.2092  -4.7661  -5.3470
 -5.9691  -6.6587  -7.4567  -8.4273  -9.6721 -11.3519 -13.7214 -17.1842 -22.3797
-30.3214 -36.9961 -36.9961 -36.9961 -36.9961
  0.0000  -0.2446  -0.2446  -0.2446  -0.2446  -0.2446  -0.2446  -0.2447  -0.2447
 -0.2448  -0.2450  -0.2457  -0.2472  -0.2511  -0.2610  -0.2855  -0.3458  -0.4862
 -0.7730  -1.2308  -1.7761  -2.3699  -3.1177  -3.6574  -4.2020  -4.7604  -5.3429
 -5.9663  -6.6568  -7.4555  -8.4265  -9.6716 -11.3516 -13.7212 -17.1841 -22.3796
-30.3214 -36.9961 -36.9961 -36.9961 -36.9961
  0.0000  -0.2535  -0.2535  -0.2535  -0.2535  -0.2535  -0.2535  -0.2535  -0.2535
 -0.2536  -0.2539  -0.2544  -0.2559  -0.2595  -0.2687  -0.2914  -0.3472  -0.4793
 -0.7605  -1.2300  -1.7878  -2.3792  -3.1189  -3.6523  -4.1939  -4.7528  -5.3370
 -5.9621  -6.6539  -7.4535  -8.4253  -9.6708 -11.3511 -13.7209 -17.1839 -22.3795
-30.3213 -36.9961 -36.9961 -36.9961 -36.9961
  0.0000  -0.2802  -0.2802  -0.2802  -0.2802  -0.2802  -0.2802  -0.2802  -0.2802
 -0.2803  -0.2805  -0.2810  -0.2822  -0.2852  -0.2928  -0.3118  -0.3588  -0.4722
 -0.7275  -1.1998  -1.7897  -2.3917  -3.1289  -3.6541  -4.1883  -4.7451  -5.3300
 -5.9569  -6.6505  -7.4512  -8.4239  -9.6702 -11.3509 -13.7210 -17.1841 -22.3798
-30.3217 -36.9966 -36.9966 -36.9966 -36.9966
  0.0000  -0.2102  -0.2102  -0.2102  -0.2102  -0.2102  -0.2102  -0.2102  -0.2102
 -0.2104  -0.2107  -0.2115  -0.2135  -0.2183  -0.2299  -0.2587  -0.3282  -0.4842
 -0.7904  -1.2701  -1.9203  -2.6140  -3.1727  -3.7324  -4.3078  -4.9158  -5.5804
 -6.3372  -7.2415  -8.3807  -9.8929 -11.9965 -15.0378 -19.5651 -26.4479 -36.9922
-36.9922 -36.9922 -36.9922 -36.9922 -36.9922
  0.0000  -0.2333  -0.2333  -0.2333  -0.2333  -0.2333  -0.2333  -0.2333  -0.2333
 -0.2335  -0.2337  -0.2344  -0.2361  -0.2402  -0.2501  -0.2747  -0.3351  -0.4748
 -0.7650  -1.2444  -1.9057  -2.6139  -3.1751  -3.7349  -4.3097  -4.9170  -5.5814
 -6.3377  -7.2418  -8.3809  -9.8930 -11.9965 -15.0377 -19.5650 -26.4478 -36.9921
-36.9921 -36.9921 -36.9921 -36.9921 -36.9921
  0.0000  -0.2385  -0.2385  -0.2385  -0.2385  -0.2385  -0.2385  -0.2385  -0.2385
 -0.2386  -0.2389  -0.2395  -0.2411  -0.2450  -0.2547  -0.2789  -0.3379  -0.4740
 -0.7585  -1.2357  -1.9005  -2.6105  -3.1725  -3.7331  -4.3085  -4.9163  -5.5808
 -6.3373  -7.2415  -8.3807  -9.8928 -11.9964 -15.0376 -19.5649 -26.4477 -36.9920
-36.9920 -36.9920 -36.9920 -36.9920 -36.9920
  0.0000  -0.2358  -0.2358  -0.2358  -0.2358  -0.2358  -0.2358  -0.2358  -0.2358
 -0.2359  -0.2361  -0.2367  -0.2383  -0.2421  -0.2520  -0.2771  -0.3376  -0.4757
 -0.7612  -1.2374  -1.9021  -2.5869  -3.1676  -3.7289  -4.3055  -4.9143  -5.5794
 -6.3364  -7.2409  -8.3803  -9.8926 -11.9963 -15.0375 -19.5649 -26.4476 -36.9920
-36.9920 -36.9920 -36.9920 -36.9920 -36.9920
  1.0000  -0.2383  -0.2383  -0.2383  -0.2383  -0.2383  -0.2383  -0.2383  -0.2384
 -0.2385  -0.2387  -0.2393  -0.2408  -0.2447  -0.2545  -0.2791  -0.3387  -0.4754
 -0.7589  -1.2349  -1.9005  -2.5864  -3.1677  -3.7291  -4.3057  -4.9146  -5.5797
 -6.3367  -7.2412  -8.3806  -9.8929 -11.9966 -15.0378 -19.5652 -26.4479 -36.9923
-36.9923 -36.9923 -36.9923 -36.9923 -36.9923
  2.0000  -0.2429  -0.2429  -0.2429  -0.2429  -0.2429  -0.2429  -0.2430  -0.2430
 -0.2431  -0.2433  -0.2439  -0.2454  -0.2492  -0.2588  -0.2826  -0.3404  -0.4743
 -0.7540  -1.2295  -1.8966  -2.5851  -3.1674  -3.7291  -4.3058  -4.9146  -5.5798
 -6.3368  -7.2413  -8.3807  -9.8930 -11.9967 -15.0379 -19.5653 -26.4480 -36.9924
-36.9924 -36.9924 -36.9924 -36.9924 -36.9924
  3.0000  -0.2515  -0.2515  -0.2515  -0.2515  -0.2515  -0.2515  -0.2516  -0.2516
 -0.2517  -0.2519  -0.2525  -0.2539  -0.2575  -0.2666  -0.2890  -0.3437  -0.4720
 -0.7442  -1.2181  -1.8885  -2.5819  -3.1664  -3.7285  -4.3054  -4.9144  -5.5795
 -6.3366  -7.2411  -8.3805  -9.8928 -11.9965 -15.0377 -19.5651 -26.4478 -36.9922
-36.9922 -36.9922 -36.9922 -36.9922 -36.9922
 -1.0000  -0.1858  -0.1858  -0.1858  -0.1858  -0.1858  -0.1858  -0.1858  -0.1859
 -0.1861  -0.1866  -0.1876  -0.1899  -0.1948  -0.2063  -0.2341  -0.3016  -0.4624
 -0.8122  -1.4237  -2.0721  -2.6676  -3.2509  -3.8542  -4.5014  -5.2250  -6.0740
 -7.1235  -8.4924 -10.3683 -13.0482 -17.0026 -22.9772 -32.1537 -36.9828 -36.9828
-36.9828 -36.9828 -36.9828 -36.9828 -36.9828
  0.0000  -0.1859  -0.1859  -0.1859  -0.1859  -0.1859  -0.1859  -0.1860  -0.1860
 -0.1862  -0.1867  -0.1877  -0.1899  -0.1948  -0.2063  -0.2342  -0.3016  -0.4623
 -0.8121  -1.4236  -2.0720  -2.6676  -3.2509  -3.8542  -4.5014  -5.2250  -6.0740
 -7.1235  -8.4924 -10.3683 -13.0482 -17.0026 -22.9772 -32.1537 -36.9828 -36.9828
-36.9828 -36.9828 -36.9828 -36.9828 -36.9828
  0.0000  -0.2008  -0.2008  -0.2008  -0.2008  -0.2008  -0.2008  -0.2008  -0.2009
 -0.2011  -0.2015  -0.2024  -0.2044  -0.2089  -0.2194  -0.2447  -0.3061  -0.4550
 -0.7908  -1.4056  -2.0681  -2.6677  -3.2520  -3.8551  -4.5019  -5.2254  -6.0740
 -7.1234  -8.4921 -10.3679 -13.0478 -17.0022 -22.9767 -32.1532 -36.9823 -36.9823
-36.9823 -36.9823 -36.9823 -36.9823 -36.9823
  0.0000  -0.2006  -0.2006  -0.2006  -0.2006  -0.2006  -0.2006  -0.2007  -0.2007
 -0.2009  -0.2012  -0.2021  -0.2041  -0.2087  -0.2194  -0.2450  -0.3069  -0.4553
 -0.7898  -1.4053  -2.0653  -2.6645  -3.2493  -3.8531  -4.5005  -5.2242  -6.0733
 -7.1228  -8.4917 -10.3676 -13.0475 -17.0019 -22.9765 -32.1530 -36.9821 -36.9821
-36.9821 -36.9821 -36.9821 -36.9821 -36.9821
  0.0000  -0.1929  -0.1929  -0.1929  -0.1929  -0.1929  -0.1929  -0.1930  -0.1930
 -0.1932  -0.1935  -0.1943  -0.1963  -0.2011  -0.2124  -0.2395  -0.3047  -0.4586
 -0.8007  -1.4195  -2.0655  -2.6600  -3.2443  -3.8491  -4.4977  -5.2223  -6.0720
 -7.1221  -8.4913 -10.3674 -13.0474 -17.0019 -22.9765 -32.1530 -36.9822 -36.9822
-36.9822 -36.9822 -36.9822 -36.9822 -36.9822
  1.0000  -0.1941  -0.1941  -0.1941  -0.1941  -0.1942  -0.1942  -0.1942  -0.1942
 -0.1944  -0.1947  -0.1954  -0.1974  -0.2020  -0.2132  -0.2401  -0.3050  -0.4581
 -0.7991  -1.4174  -2.0647  -2.6596  -3.2441  -3.8489  -4.4976  -5.2222  -6.0719
 -7.1220  -8.4912 -10.3673 -13.0473 -17.0018 -22.9764 -32.1529 -36.9821 -36.9821
-36.9821 -36.9821 -36.9821 -36.9821 -36.9821
  2.0000  -0.1968  -0.1968  -0.1968  -0.1968  -0.1968  -0.1968  -0.1968  -0.1968
 -0.1970  -0.1973  -0.1980  -0.1998  -0.2043  -0.2153  -0.2419  -0.3060  -0.4575
 -0.7962  -1.4136  -2.0635  -2.6593  -3.2441  -3.8490  -4.4977  -5.2224  -6.0721
 -7.1222  -8.4914 -10.3675 -13.0475 -17.0020 -22.9766 -32.1531 -36.9823 -36.9823
-36.9823 -36.9823 -36.9823 -36.9823 -36.9823
 -1.0000  -0.0725  -0.0725  -0.0725  -0.0725  -0.0725  -0.0725  -0.0727  -0.0729
 -0.0734  -0.0743  -0.0761  -0.0800  -0.0889  -0.1093  -0.1575  -0.2722  -0.5328
 -1.0130  -1.5860  -2.1721  -2.7723  -3.4102  -4.1118  -4.9182  -5.8945  -7.1431
 -8.8253 -11.1963 -14.6600 -19.8560 -27.7981 -36.9735 -36.9735 -36.9735 -36.9735
-36.9735 -36.9735 -36.9735 -36.9735 -36.9735
  0.0000  -0.0726  -0.0726  -0.0726  -0.0726  -0.0726  -0.0726  -0.0727  -0.0729
 -0.0734  -0.0743  -0.0761  -0.0800  -0.0889  -0.1093  -0.1575  -0.2722  -0.5327
 -1.0129  -1.5860  -2.1721  -2.7723  -3.4102  -4.1118  -4.9182  -5.8945  -7.1431
 -8.8253 -11.1963 -14.6600 -19.8560 -27.7981 -36.9735 -36.9735 -36.9735 -36.9735
-36.9735 -36.9735 -36.9735 -36.9735 -36.9735
  0.0000  -0.1270  -0.1270  -0.1270  -0.1270  -0.1270  -0.1270  -0.1271  -0.1272
 -0.1275  -0.1284  -0.1300  -0.1330  -0.1395  -0.1541  -0.1884  -0.2709  -0.4754
 -0.9357  -1.5515  -2.1666  -2.7786  -3.4191  -4.1195  -4.9235  -5.8979  -7.1449
 -8.8260 -11.1963 -14.6595 -19.8553 -27.7971 -36.9722 -36.9722 -36.9722 -36.9722
-36.9722 -36.9722 -36.9722 -36.9722 -36.9722
  0.0000  -0.1339  -0.1339  -0.1339  -0.1339  -0.1340  -0.1340  -0.1340  -0.1342
 -0.1345  -0.1352  -0.1366  -0.1396  -0.1458  -0.1601  -0.1929  -0.2716  -0.4682
 -0.9260  -1.5483  -2.1665  -2.7794  -3.4199  -4.1200  -4.9239  -5.8981  -7.1450
 -8.8261 -11.1963 -14.6595 -19.8552 -27.7971 -36.9721 -36.9721 -36.9721 -36.9721
-36.9721 -36.9721 -36.9721 -36.9721 -36.9721
  0.0000  -0.1221  -0.1221  -0.1221  -0.1221  -0.1221  -0.1221  -0.1222  -0.1223
 -0.1226  -0.1232  -0.1247  -0.1279  -0.1348  -0.1503  -0.1865  -0.2723  -0.4801
 -0.9403  -1.5519  -2.1651  -2.7767  -3.4177  -4.1185  -4.9230  -5.8976  -7.1448
 -8.8261 -11.1965 -14.6597 -19.8555 -27.7974 -36.9725 -36.9725 -36.9725 -36.9725
-36.9725 -36.9725 -36.9725 -36.9725 -36.9725
  0.0000  -0.1022  -0.1022  -0.1022  -0.1022  -0.1022  -0.1022  -0.1022  -0.1023
 -0.1026  -0.1032  -0.1047  -0.1081  -0.1158  -0.1333  -0.1745  -0.2723  -0.5013
 -0.9694  -1.5622  -2.1645  -2.7729  -3.4136  -4.1155  -4.9211  -5.8964  -7.1444
 -8.8261 -11.1967 -14.6601 -19.8560 -27.7980 -36.9732 -36.9732 -36.9732 -36.9732
-36.9732 -36.9732 -36.9732 -36.9732 -36.9732
  0.0000  -0.0811  -0.0811  -0.0811  -0.0811  -0.0811  -0.0811  -0.0812  -0.0813
 -0.0815  -0.0821  -0.0836  -0.0872  -0.0955  -0.1148  -0.1608  -0.2711  -0.5265
 -1.0054  -1.5792  -2.1673  -2.7696  -3.4089  -4.1113  -4.9183  -5.8948  -7.1433
 -8.8257 -11.1967 -14.6604 -19.8564 -27.7985 -36.9739 -36.9739 -36.9739 -36.9739
-36.9739 -36.9739 -36.9739 -36.9739 -36.9739
 -2.0000  -0.0424  -0.0425  -0.0426  -0.0431  -0.0438  -0.0449  -0.0456  -0.0461
 -0.0468  -0.0481  -0.0504  -0.0546  -0.0631  -0.0816  -0.1276  -0.2554  -0.5661
 -1.0771  -1.6683  -2.3023  -2.9894  -3.7628  -4.6786  -5.8252  -7.3421  -9.4487
-12.4918 -17.0202 -23.9037 -34.5201 -36.9491 -36.9491 -36.9491 -36.9491 -36.9491
-36.9491 -36.9491 -36.9491 -36.9491 -36.9491
 -1.0000  -0.0432  -0.0433  -0.0433  -0.0435  -0.0439  -0.0446  -0.0455  -0.0461
 -0.0468  -0.0481  -0.0504  -0.0546  -0.0631  -0.0816  -0.1276  -0.2554  -0.5661
 -1.0771  -1.6683  -2.3023  -2.9894  -3.7628  -4.6786  -5.8252  -7.3421  -9.4487
-12.4918 -17.0202 -23.9037 -34.5201 -36.9491 -36.9491 -36.9491 -36.9491 -36.9491
-36.9491 -36.9491 -36.9491 -36.9491 -36.9491
  0.0000  -0.0439  -0.0439  -0.0440  -0.0440  -0.0442  -0.0446  -0.0452  -0.0460
 -0.0468  -0.0481  -0.0504  -0.0546  -0.0631  -0.0816  -0.1276  -0.2554  -0.5661
 -1.0771  -1.6683  -2.3023  -2.9894  -3.7628  -4.6786  -5.8252  -7.3421  -9.4487
-12.4918 -17.0202 -23.9037 -34.5201 -36.9491 -36.9491 -36.9491 -36.9491 -36.9491
-36.9491 -36.9491 -36.9491 -36.9491 -36.9491
  0.0000  -0.1124  -0.1124  -0.1124  -0.1124  -0.1124  -0.1125  -0.1126  -0.1129
 -0.1135  -0.1143  -0.1156  -0.1173  -0.1197  -0.1245  -0.1429  -0.2269  -0.5043
 -1.0356  -1.6550  -2.3030  -2.9943  -3.7675  -4.6816  -5.8264  -7.3422  -9.4479
-12.4903 -17.0184 -23.9016 -34.5178 -36.9465 -36.9465 -36.9465 -36.9465 -36.9465
-36.9465 -36.9465 -36.9465 -36.9465 -36.9465
  0.0000  -0.1123  -0.1123  -0.1123  -0.1123  -0.1124  -0.1124  -0.1125  -0.1128
 -0.1133  -0.1141  -0.1154  -0.1171  -0.1196  -0.1244  -0.1430  -0.2270  -0.5046
 -1.0359  -1.6551  -2.3031  -2.9943  -3.7675  -4.6816  -5.8265  -7.3423  -9.4480
-12.4904 -17.0184 -23.9017 -34.5179 -36.9466 -36.9466 -36.9466 -36.9466 -36.9466
-36.9466 -36.9466 -36.9466 -36.9466 -36.9466
  0.0000  -0.0864  -0.0864  -0.0864  -0.0864  -0.0864  -0.0865  -0.0866  -0.0868
 -0.0872  -0.0882  -0.0898  -0.0926  -0.0976  -0.1080  -0.1373  -0.2380  -0.5270
 -1.0491  -1.6580  -2.3018  -2.9923  -3.7660  -4.6808  -5.8263  -7.3425  -9.4484
-12.4910 -17.0192 -23.9025 -34.5188 -36.9476 -36.9476 -36.9476 -36.9476 -36.9476
-36.9476 -36.9476 -36.9476 -36.9476 -36.9476
  0.0000  -0.0539  -0.0539  -0.0539  -0.0540  -0.0540  -0.0540  -0.0541  -0.0543
 -0.0547  -0.0557  -0.0578  -0.0619  -0.0699  -0.0871  -0.1302  -0.2528  -0.5577
 -1.0692  -1.6642  -2.3012  -2.9898  -3.7637  -4.6794  -5.8259  -7.3424  -9.4490
-12.4919 -17.0203 -23.9037 -34.5200 -36.9490 -36.9490 -36.9490 -36.9490 -36.9490
-36.9490 -36.9490 -36.9490 -36.9490 -36.9490
 -3.0000  -0.0586  -0.0587  -0.0587  -0.0588  -0.0590  -0.0593  -0.0598  -0.0606
 -0.0617  -0.0632  -0.0650  -0.0665  -0.0673  -0.0706  -0.0992  -0.2271  -0.5620
 -1.1270  -1.8012  -2.5572  -3.4307  -4.4967  -5.8759  -7.7580 -10.4418 -14.3985
-20.3745 -29.5517 -36.8823 -36.8823 -36.8823 -36.8823 -36.8823 -36.8823 -36.8823
-36.8823 -36.8823 -36.8823 -36.8823 -36.8823
 -2.0000  -0.0587  -0.0587  -0.0588  -0.0588  -0.0590  -0.0593  -0.0598  -0.0606
 -0.0617  -0.0632  -0.0650  -0.0665  -0.0673  -0.0706  -0.0992  -0.2271  -0.5620
 -1.1270  -1.8012  -2.5572  -3.4307  -4.4967  -5.8759  -7.7580 -10.4418 -14.3985
-20.3745 -29.5517 -36.8823 -36.8823 -36.8823 -36.8823 -36.8823 -36.8823 -36.8823
-36.8823 -36.8823 -36.8823 -36.8823 -36.8823
 -1.0000  -0.0588  -0.0588  -0.0588  -0.0589  -0.0590  -0.0593  -0.0598  -0.0606
 -0.0617  -0.0632  -0.0650  -0.0665  -0.0673  -0.0706  -0.0992  -0.2271  -0.5620
 -1.1270  -1.8012  -2.5572  -3.4307  -4.4967  -5.8759  -7.7580 -10.4418 -14.3985
-20.3745 -29.5517 -36.8823 -36.8823 -36.8823 -36.8823 -36.8823 -36.8823 -36.8823
-36.8823 -36.8823 -36.8823 -36.8823 -36.8823
  0.0000  -0.0588  -0.0588  -0.0589  -0.0589  -0.0590  -0.0592  -0.0597  -0.0605
 -0.0616  -0.0631  -0.0649  -0.0664  -0.0672  -0.0705  -0.0991  -0.2270  -0.5619
 -1.1269  -1.8011  -2.5571  -3.4306  -4.4966  -5.8758  -7.7579 -10.4417 -14.3984
-20.3744 -29.5516 -36.8822 -36.8822 -36.8822 -36.8822 -36.8822 -36.8822 -36.8822
-36.8822 -36.8822 -36.8822 -36.8822 -36.8822
  0.0000  -0.1156  -0.1156  -0.1156  -0.1157  -0.1157  -0.1159  -0.1163  -0.1169
 -0.1179  -0.1189  -0.1195  -0.1184  -0.1126  -0.1024  -0.1056  -0.1978  -0.5199
 -1.1049  -1.7954  -2.5576  -3.4321  -4.4973  -5.8753  -7.7566 -10.4396 -14.3958
-20.3714 -29.5485 -36.8787 -36.8787 -36.8787 -36.8787 -36.8787 -36.8787 -36.8787
-36.8787 -36.8787 -36.8787 -36.8787 -36.8787
  0.0000  -0.1116  -0.1116  -0.1116  -0.1116  -0.1117  -0.1118  -0.1121  -0.1127
 -0.1136  -0.1146  -0.1153  -0.1142  -0.1087  -0.0992  -0.1046  -0.2002  -0.5235
 -1.1066  -1.7957  -2.5574  -3.4319  -4.4971  -5.8752  -7.7566 -10.4397 -14.3959
-20.3716 -29.5487 -36.8789 -36.8789 -36.8789 -36.8789 -36.8789 -36.8789 -36.8789
-36.8789 -36.8789 -36.8789 -36.8789 -36.8789
  0.0000  -0.0901  -0.0901  -0.0901  -0.0901  -0.0902  -0.0903  -0.0905  -0.0909
 -0.0918  -0.0929  -0.0940  -0.0937  -0.0902  -0.0856  -0.1012  -0.2117  -0.5402
 -1.1149  -1.7974  -2.5570  -3.4311  -4.4967  -5.8754  -7.7569 -10.4404 -14.3969
-20.3727 -29.5498 -36.8802 -36.8802 -36.8802 -36.8802 -36.8802 -36.8802 -36.8802
-36.8802 -36.8802 -36.8802 -36.8802 -36.8802
 -3.0000   0.1678   0.1677   0.1675   0.1673   0.1669   0.1661   0.1650   0.1632
  0.1604   0.1560   0.1490   0.1368   0.1112   0.0515  -0.0590  -0.3514  -0.8264
 -1.4578  -2.2353  -3.2001  -4.4460  -6.1310  -8.5082 -11.9791 -17.1820 -25.1295
-36.8160 -36.8160 -36.8160 -36.8160 -36.8160 -36.8160 -36.8160 -36.8160 -36.8160
-36.8160 -36.8160 -36.8160 -36.8160 -36.8160
 -2.0000   0.1677   0.1677   0.1675   0.1673   0.1669   0.1661   0.1650   0.1632
  0.1604   0.1560   0.1490   0.1368   0.1112   0.0515  -0.0590  -0.3514  -0.8264
 -1.4578  -2.2353  -3.2001  -4.4460  -6.1310  -8.5082 -11.9791 -17.1820 -25.1295
-36.8160 -36.8160 -36.8160 -36.8160 -36.8160 -36.8160 -36.8160 -36.8160 -36.8160
-36.8160 -36.8160 -36.8160 -36.8160 -36.8160
 -1.0000   0.1677   0.1676   0.1675   0.1673   0.1669   0.1661   0.1650   0.1632
  0.1604   0.1560   0.1490   0.1368   0.1112   0.0515  -0.0590  -0.3514  -0.8264
 -1.4578  -2.2353  -3.2001  -4.4460  -6.1310  -8.5082 -11.9791 -17.1820 -25.1295
-36.8160 -36.8160 -36.8160 -36.8160 -36.8160 -36.8160 -36.8160 -36.8160 -36.8160
-36.8160 -36.8160 -36.8160 -36.8160 -36.8160
  0.0000   0.1675   0.1675   0.1674   0.1672   0.1668   0.1661   0.1650   0.1632
  0.1604   0.1560   0.1490   0.1368   0.1112   0.0515  -0.0590  -0.3514  -0.8264
 -1.4578  -2.2353  -3.2001  -4.4460  -6.1310  -8.5082 -11.9791 -17.1820 -25.1295
-36.8160 -36.8160 -36.8160 -36.8160 -36.8160 -36.8160 -36.8160 -36.8160 -36.8160
-36.8160 -36.8160 -36.8160 -36.8160 -36.8160
  1.0000   0.1674   0.1674   0.1673   0.1672   0.1669   0.1662   0.1651   0.1633
  0.1605   0.1561   0.1491   0.1369   0.1113   0.0516  -0.0589  -0.3513  -0.8263
 -1.4577  -2.2352  -3.2000  -4.4459  -6.1309  -8.5081 -11.9790 -17.1819 -25.1294
-36.8159 -36.8159 -36.8159 -36.8159 -36.8159 -36.8159 -36.8159 -36.8159 -36.8159
-36.8159 -36.8159 -36.8159 -36.8159 -36.8159
  2.0000   0.1671   0.1670   0.1670   0.1669   0.1666   0.1661   0.1650   0.1632
  0.1604   0.1560   0.1490   0.1368   0.1112   0.0515  -0.0590  -0.3514  -0.8264
 -1.4578  -2.2353  -3.2001  -4.4460  -6.1310  -8.5082 -11.9791 -17.1820 -25.1295
-36.8160 -36.8160 -36.8160 -36.8160 -36.8160 -36.8160 -36.8160 -36.8160 -36.8160
-36.8160 -36.8160 -36.8160 -36.8160 -36.8160
  3.0000   0.1666   0.1666   0.1666   0.1665   0.1663   0.1659   0.1649   0.1632
  0.1604   0.1560   0.1490   0.1368   0.1111   0.0515  -0.0590  -0.3513  -0.8263
 -1.4578  -2.2353  -3.2001  -4.4460  -6.1310  -8.5082 -11.9791 -17.1820 -25.1295
-36.8160 -36.8160 -36.8160 -36.8160 -36.8160 -36.8160 -36.8160 -36.8160 -36.8160
-36.8160 -36.8160 -36.8160 -36.8160 -36.8160
-13.0000   0.1679   0.1677   0.1677   0.1674   0.1670   0.1662   0.1651   0.1633
  0.1605   0.1561   0.1491   0.1369   0.1113   0.0516  -0.0589  -0.3513  -0.8263
 -1.4577  -2.2352  -3.2000  -4.4459  -6.1309  -8.5081 -11.9790 -17.1819 -25.1294
-36.8159 -36.8159 -36.8159 -36.8159 -36.8159 -36.8159 -36.8159 -36.8159 -36.8159
-36.8159 -36.8159 -36.8159 -36.8159 -36.8159
-12.0000   0.1679   0.1678   0.1676   0.1674   0.1670   0.1662   0.1651   0.1633
  0.1605   0.1561   0.1491   0.1369   0.1113   0.0516  -0.0589  -0.3513  -0.8263
 -1.4577  -2.2352  -3.2000  -4.4459  -6.1309  -8.5081 -11.9790 -17.1819 -25.1294
-36.8159 -36.8159 -36.8159 -36.8159 -36.8159 -36.8159 -36.8159 -36.8159 -36.8159
-36.8159 -36.8159 -36.8159 -36.8159 -36.8159
-11.0000   0.1679   0.1678   0.1676   0.1674   0.1670   0.1662   0.1651   0.1633
  0.1605   0.1561   0.1491   0.1369   0.1113   0.0516  -0.0589  -0.3513  -0.8263
 -1.4577  -2.2352  -3.2000  -4.4459  -6.1309  -8.5081 -11.9790 -17.1819 -25.1294
-36.8159 -36.8159 -36.8159 -36.8159 -36.8159 -36.8159 -36.8159 -36.8159 -36.8159
-36.8159 -36.8159 -36.8159 -36.8159 -36.8159
-10.0000   0.1679   0.1678   0.1676   0.1674   0.1670   0.1662   0.1651   0.1633
  0.1605   0.1561   0.1491   0.1369   0.1113   0.0516  -0.0589  -0.3513  -0.8263
 -1.4577  -2.2352  -3.2000  -4.4459  -6.1309  -8.5081 -11.9790 -17.1819 -25.1294
-36.8159 -36.8159 -36.8159 -36.8159 -36.8159 -36.8159 -36.8159 -36.8159 -36.8159
-36.8159 -36.8159 -36.8159 -36.8159 -36.8159
 11.0000   0.1678   0.1677   0.1676   0.1674   0.1670   0.1662   0.1651   0.1633
  0.1605   0.1561   0.1491   0.1369   0.1113   0.0516  -0.0589  -0.3513  -0.8263
 -1.4577  -2.2352  -3.2000  -4.4459  -6.1309  -8.5081 -11.9790 -17.1819 -25.1294
-36.8159 -36.8159 -36.8159 -36.8159 -36.8159 -36.8159 -36.8159 -36.8159 -36.8159
-36.8159 -36.8159 -36.8159 -36.8159 -36.8159
 12.0000   0.1676   0.1675   0.1674   0.1672   0.1668   0.1661   0.1650   0.1632
  0.1604   0.1560   0.1490   0.1368   0.1112   0.0515  -0.0590  -0.3514  -0.8264
 -1.4578  -2.2353  -3.2001  -4.4460  -6.1310  -8.5082 -11.9791 -17.1820 -25.1295
-36.8160 -36.8160 -36.8160 -36.8160 -36.8160 -36.8160 -36.8160 -36.8160 -36.8160
-36.8160 -36.8160 -36.8160 -36.8160 -36.8160
 13.0000   0.1675   0.1675   0.1674   0.1672   0.1669   0.1662   0.1651   0.1633
  0.1605   0.1561   0.1491   0.1369   0.1113   0.0516  -0.0589  -0.3513  -0.8263
 -1.4577  -2.2352  -3.2000  -4.4459  -6.1309  -8.5081 -11.9790 -17.1819 -25.1294
-36.8159 -36.8159 -36.8159 -36.8159 -36.8159 -36.8159 -36.8159 -36.8159 -36.8159
-36.8159 -36.8159 -36.8159 -36.8159 -36.8159
-23.0000   0.1685   0.1682   0.1682   0.1679   0.1675   0.1667   0.1656   0.1638
  0.1610   0.1566   0.1496   0.1374   0.1118   0.0521  -0.0584  -0.3508  -0.8258
 -1.4572  -2.2347  -3.1995  -4.4454  -6.1304  -8.5076 -11.9785 -17.1814 -25.1289
-36.8154 -36.8154 -36.8154 -36.8154 -36.8154 -36.8154 -36.8154 -36.8154 -36.8154
-36.8154 -36.8154 -36.8154 -36.8154 -36.8154
-22.0000   0.1684   0.1682   0.1682   0.1679   0.1675   0.1667   0.1656   0.1638
  0.1610   0.1566   0.1496   0.1374   0.1118   0.0521  -0.0584  -0.3508  -0.8258
 -1.4572  -2.2347  -3.1995  -4.4454  -6.1304  -8.5076 -11.9785 -17.1814 -25.1289
-36.8154 -36.8154 -36.8154 -36.8154 -36.8154 -36.8154 -36.8154 -36.8154 -36.8154
-36.8154 -36.8154 -36.8154 -36.8154 -36.8154
-21.0000   0.1684   0.1682   0.1682   0.1679   0.1675   0.1667   0.1656   0.1638
  0.1610   0.1566   0.1496   0.1374   0.1118   0.0521  -0.0584  -0.3508  -0.8258
 -1.4572  -2.2347  -3.1995  -4.4454  -6.1304  -8.5076 -11.9785 -17.1814 -25.1289
-36.8154 -36.8154 -36.8154 -36.8154 -36.8154 -36.8154 -36.8154 -36.8154 -36.8154
-36.8154 -36.8154 -36.8154 -36.8154 -36.8154
-20.0000   0.1684   0.1683   0.1681   0.1679   0.1675   0.1667   0.1656   0.1638
  0.1610   0.1566   0.1496   0.1374   0.1118   0.0521  -0.0584  -0.3508  -0.8258
 -1.4572  -2.2347  -3.1995  -4.4454  -6.1304  -8.5076 -11.9785 -17.1814 -25.1289
-36.8154 -36.8154 -36.8154 -36.8154 -36.8154 -36.8154 -36.8154 -36.8154 -36.8154
-36.8154 -36.8154 -36.8154 -36.8154 -36.8154
 21.0000   0.1684   0.1683   0.1681   0.1679   0.1675   0.1667   0.1656   0.1638
  0.1610   0.1566   0.1496   0.1374   0.1118   0.0521  -0.0584  -0.3508  -0.8258
 -1.4572  -2.2347  -3.1995  -4.4454  -6.1304  -8.5076 -11.9785 -17.1814 -25.1289
-36.8154 -36.8154 -36.8154 -36.8154 -36.8154 -36.8154 -36.8154 -36.8154 -36.8154
-36.8154 -36.8154 -36.8154 -36.8154 -36.8154
 22.0000   0.1684   0.1683   0.1681   0.1679   0.1675   0.1667   0.1656   0.1638
  0.1610   0.1566   0.1496   0.1374   0.1118   0.0521  -0.0584  -0.3508  -0.8258
 -1.4572  -2.2347  -3.1995  -4.4454  -6.1304  -8.5076 -11.9785 -17.1814 -25.1289
-36.8154 -36.8154 -36.8154 -36.8154 -36.8154 -36.8154 -36.8154 -36.8154 -36.8154
-36.8154 -36.8154 -36.8154 -36.8154 -36.8154
 23.0000   0.1677   0.1676   0.1675   0.1673   0.1669   0.1661   0.1650   0.1632
  0.1604   0.1560   0.1490   0.1368   0.1112   0.0515  -0.0590  -0.3514  -0.8264
 -1.4578  -2.2353  -3.2001  -4.4460  -6.1310  -8.5082 -11.9791 -17.1820 -25.1295
-36.8160 -36.8160 -36.8160 -36.8160 -36.8160 -36.8160 -36.8160 -36.8160 -36.8160
-36.8160 -36.8160 -36.8160 -36.8160 -36.8160
-33.0000   0.1685   0.1681   0.1682   0.1679   0.1675   0.1667   0.1656   0.1638
  0.1610   0.1566   0.1496   0.1374   0.1118   0.0521  -0.0584  -0.3508  -0.8258
 -1.4572  -2.2347  -3.1995  -4.4454  -6.1304  -8.5076 -11.9785 -17.1814 -25.1289
-36.8154 -36.8154 -36.8154 -36.8154 -36.8154 -36.8154 -36.8154 -36.8154 -36.8154
-36.8154 -36.8154 -36.8154 -36.8154 -36.8154
-32.0000   0.1685   0.1681   0.1682   0.1679   0.1675   0.1667   0.1656   0.1638
  0.1610   0.1566   0.1496   0.1374   0.1118   0.0521  -0.0584  -0.3508  -0.8258
 -1.4572  -2.2347  -3.1995  -4.4454  -6.1304  -8.5076 -11.9785 -17.1814 -25.1289
-36.8154 -36.8154 -36.8154 -36.8154 -36.8154 -36.8154 -36.8154 -36.8154 -36.8154
-36.8154 -36.8154 -36.8154 -36.8154 -36.8154
-31.0000   0.1685   0.1681   0.1682   0.1679   0.1675   0.1667   0.1656   0.1638
  0.1610   0.1566   0.1496   0.1374   0.1118   0.0521  -0.0584  -0.3508  -0.8258
 -1.4572  -2.2347  -3.1995  -4.4454  -6.1304  -8.5076 -11.9785 -17.1814 -25.1289
-36.8154 -36.8154 -36.8154 -36.8154 -36.8154 -36.8154 -36.8154 -36.8154 -36.8154
-36.8154 -36.8154 -36.8154 -36.8154 -36.8154
-30.0000   0.1684   0.1682   0.1682   0.1679   0.1675   0.1667   0.1656   0.1638
  0.1610   0.1566   0.1496   0.1374   0.1118   0.0521  -0.0584  -0.3508  -0.8258
 -1.4572  -2.2347  -3.1995  -4.4454  -6.1304  -8.5076 -11.9785 -17.1814 -25.1289
-36.8154 -36.8154 -36.8154 -36.8154 -36.8154 -36.8154 -36.8154 -36.8154 -36.8154
-36.8154 -36.8154 -36.8154 -36.8154 -36.8154
 31.0000   0.1684   0.1682   0.1682   0.1679   0.1675   0.1667   0.1656   0.1638
  0.1610   0.1566   0.1496   0.1374   0.1118   0.0521  -0.0584  -0.3508  -0.8258
 -1.4572  -2.2347  -3.1995  -4.4454  -6.1304  -8.5076 -11.9785 -17.1814 -25.1289
-36.8154 -36.8154 -36.8154 -36.8154 -36.8154 -36.8154 -36.8154 -36.8154 -36.8154
-36.8154 -36.8154 -36.8154 -36.8154 -36.8154
 32.0000   0.1684   0.1683   0.1681   0.1679   0.1675   0.1667   0.1656   0.1638
  0.1610   0.1566   0.1496   0.1374   0.1118   0.0521  -0.0584  -0.3508  -0.8258
 -1.4572  -2.2347  -3.1995  -4.4454  -6.1304  -8.5076 -11.9785 -17.1814 -25.1289
-36.8154 -36.8154 -36.8154 -36.8154 -36.8154 -36.8154 -36.8154 -36.8154 -36.8154
-36.8154 -36.8154 -36.8154 -36.8154 -36.8154
 33.0000   0.1677   0.1676   0.1674   0.1672   0.1668   0.1660   0.1649   0.1631
  0.1603   0.1559   0.1489   0.1367   0.1111   0.0514  -0.0591  -0.3515  -0.8265
 -1.4579  -2.2354  -3.2002  -4.4461  -6.1311  -8.5083 -11.9792 -17.1821 -25.1296
-36.8161 -36.8161 -36.8161 -36.8161 -36.8161 -36.8161 -36.8161 -36.8161 -36.8161
-36.8161 -36.8161 -36.8161 -36.8161 -36.8161
nl= 2 nu=13
  0.0000  -1.4002  -1.4002  -1.4002  -1.4002  -1.4002  -1.4002  -1.4002  -1.4002
 -1.4002  -1.4002  -1.4002  -1.4002  -1.4002  -1.4002  -1.4003  -1.4005  -1.4010
 -1.4024  -1.4058  -1.4143  -1.4356  -1.4892  -1.6237  -1.9606  -2.7939  -4.4331
 -5.1924  -5.7299  -6.2472  -6.7636  -7.2868  -7.8387  -8.5876  -9.1059  -9.6329
-10.1744 -10.7396 -11.3426 -12.0055 -12.7636
  0.0000  -1.5430  -1.5430  -1.5430  -1.5430  -1.5430  -1.5430  -1.5430  -1.5430
 -1.5430  -1.5430  -1.5430  -1.5430  -1.5430  -1.5431  -1.5431  -1.5432  -1.5435
 -1.5442  -1.5459  -1.5501  -1.5609  -1.5879  -1.6558  -1.8261  -2.2529  -3.3076
 -5.0713  -5.7001  -6.2298  -6.7515  -7.2774  -7.8307  -8.5793  -9.0990  -9.6265
-10.1685 -10.7340 -11.3371 -12.0002 -12.7583
  0.0000  -1.6916  -1.6916  -1.6916  -1.6916  -1.6916  -1.6916  -1.6916  -1.6916
 -1.6916  -1.6916  -1.6916  -1.6916  -1.6916  -1.6916  -1.6916  -1.6917  -1.6918
 -1.6921  -1.6930  -1.6952  -1.7006  -1.7141  -1.7482  -1.8339  -2.0489  -2.5877
 -3.9153  -5.6428  -6.2094  -6.7401  -7.2702  -7.8257  -8.5739  -9.0955  -9.6241
-10.1667 -10.7328 -11.3362 -11.9994 -12.7576
  0.0000  -1.8423  -1.8423  -1.8423  -1.8423  -1.8423  -1.8423  -1.8423  -1.8423
 -1.8423  -1.8423  -1.8423  -1.8423  -1.8423  -1.8423  -1.8423  -1.8423  -1.8424
 -1.8426  -1.8430  -1.8441  -1.8468  -1.8536  -1.8707  -1.9136  -2.0215  -2.2923
 -2.9712  -4.6304  -6.1744  -6.7243  -7.2610  -7.8195  -8.5671  -9.0918  -9.6219
-10.1658 -10.7325 -11.3363 -11.9998 -12.7583
  0.0000  -1.9913  -1.9913  -1.9913  -1.9913  -1.9913  -1.9913  -1.9913  -1.9913
 -1.9913  -1.9913  -1.9913  -1.9913  -1.9913  -1.9913  -1.9913  -1.9913  -1.9913
 -1.9914  -1.9916  -1.9922  -1.9935  -1.9969  -2.0055  -2.0270  -2.0810  -2.2167
 -2.5574  -3.4117  -5.4542  -6.6966  -7.2456  -7.8082  -8.5542  -9.0837  -9.6159
-10.1613 -10.7292 -11.3340 -11.9980 -12.7567
  0.0000  -2.1415  -2.1415  -2.1415  -2.1415  -2.1415  -2.1415  -2.1415  -2.1415
 -2.1415  -2.1415  -2.1415  -2.1415  -2.1415  -2.1415  -2.1415  -2.1416  -2.1416
 -2.1416  -2.1417  -2.1420  -2.1427  -2.1444  -2.1487  -2.1594  -2.1865  -2.2544
 -2.4249  -2.8533  -3.9273  -6.3372  -7.2251  -7.7949  -8.5378  -9.0735  -9.6082
-10.1562 -10.7256 -11.3316 -11.9965 -12.7558
  0.0000  -2.2959  -2.2959  -2.2959  -2.2959  -2.2959  -2.2959  -2.2959  -2.2959
 -2.2959  -2.2959  -2.2959  -2.2959  -2.2959  -2.2959  -2.2959  -2.2959  -2.2959
 -2.2959  -2.2959  -2.2961  -2.2964  -2.2973  -2.2994  -2.3048  -2.3183  -2.3523
 -2.4376  -2.6520  -3.1903  -4.5395  -7.1215  -7.7828  -8.5225  -9.0655  -9.6018
-10.1525 -10.7244 -11.3319 -11.9981 -12.7583
  0.0000  -1.0729  -1.0729  -1.0729  -1.0729  -1.0729  -1.0729  -1.0729  -1.0729
 -1.0729  -1.0729  -1.0729  -1.0730  -1.0730  -1.0732  -1.0736  -1.0745  -1.0769
 -1.0829  -1.0980  -1.1360  -1.2310  -1.4683  -2.0508  -3.2720  -4.1604  -4.7117
 -5.2340  -5.7496  -6.2698  -6.8000  -7.4231  -8.0924  -8.6162  -9.1522  -9.7084
-10.2969 -10.9368 -11.6582 -12.5089 -13.5647
  0.0000  -1.2165  -1.2165  -1.2165  -1.2165  -1.2165  -1.2165  -1.2165  -1.2165
 -1.2165  -1.2165  -1.2165  -1.2165  -1.2166  -1.2166  -1.2168  -1.2173  -1.2185
 -1.2216  -1.2294  -1.2488  -1.2975  -1.4198  -1.7254  -2.4761  -3.9247  -4.6809
 -5.2197  -5.7417  -6.2650  -6.7970  -7.4206  -8.0903  -8.6149  -9.1516  -9.7081
-10.2968 -10.9368 -11.6583 -12.5091 -13.5649
  0.0000  -1.3624  -1.3624  -1.3624  -1.3624  -1.3624  -1.3624  -1.3624  -1.3624
 -1.3624  -1.3624  -1.3624  -1.3624  -1.3624  -1.3624  -1.3625  -1.3628  -1.3634
 -1.3650  -1.3689  -1.3787  -1.4035  -1.4656  -1.6214  -2.0113  -2.9681  -4.5583
 -5.1952  -5.7287  -6.2568  -6.7916  -7.4159  -8.0860  -8.6122  -9.1497  -9.7068
-10.2959 -10.9361 -11.6577 -12.5086 -13.5645
  0.0000  -1.5166  -1.5166  -1.5166  -1.5166  -1.5166  -1.5166  -1.5166  -1.5166
 -1.5166  -1.5166  -1.5166  -1.5166  -1.5166  -1.5166  -1.5167  -1.5168  -1.5171
 -1.5179  -1.5199  -1.5248  -1.5373  -1.5686  -1.6473  -1.8448  -2.3391  -3.5484
 -5.1423  -5.7157  -6.2517  -6.7901  -7.4154  -8.0863  -8.6145  -9.1534  -9.7114
-10.3011 -10.9417 -11.6636 -12.5147 -13.5707
  0.0000  -1.6594  -1.6594  -1.6594  -1.6594  -1.6594  -1.6594  -1.6594  -1.6594
 -1.6594  -1.6594  -1.6594  -1.6594  -1.6594  -1.6594  -1.6595  -1.6595  -1.6597
 -1.6601  -1.6611  -1.6636  -1.6698  -1.6856  -1.7251  -1.8245  -2.0738  -2.6981
 -4.2129  -5.6750  -6.2300  -6.7735  -7.3994  -8.0709  -8.6023  -9.1430  -9.7025
-10.2931 -10.9345 -11.6568 -12.5081 -13.5643
  0.0000  -1.8089  -1.8089  -1.8089  -1.8089  -1.8089  -1.8089  -1.8089  -1.8089
 -1.8089  -1.8089  -1.8089  -1.8089  -1.8089  -1.8089  -1.8089  -1.8089  -1.8090
 -1.8092  -1.8097  -1.8109  -1.8141  -1.8220  -1.8418  -1.8916  -2.0167  -2.3309
 -3.1177  -4.9861  -6.2058  -6.7607  -7.3867  -8.0581  -8.5931  -9.1363  -9.6979
-10.2900 -10.9323 -11.6554 -12.5071 -13.5636
  0.0000  -1.9605  -1.9605  -1.9605  -1.9605  -1.9605  -1.9605  -1.9605  -1.9605
 -1.9605  -1.9605  -1.9605  -1.9605  -1.9605  -1.9605  -1.9605  -1.9605  -1.9606
 -1.9607  -1.9609  -1.9615  -1.9631  -1.9671  -1.9770  -2.0019  -2.0646  -2.2220
 -2.6173  -3.6073  -5.8286  -6.7461  -7.3748  -8.0463  -8.5839  -9.1292  -9.6932
-10.2874 -10.9311 -11.6552 -12.5077 -13.5646
  0.0000  -0.7742  -0.7742  -0.7742  -0.7742  -0.7742  -0.7742  -0.7742  -0.7742
 -0.7742  -0.7742  -0.7742  -0.7743  -0.7746  -0.7752  -0.7768  -0.7808  -0.7907
 -0.8156  -0.8780  -1.0329  -1.4091  -2.2169  -3.1112  -3.6934  -4.2236  -4.7429
 -5.2563  -5.7834  -6.3885  -7.0851  -7.6065  -8.1380  -8.6866  -9.2627  -9.8828
-10.5728 -11.3737 -12.3504 -13.6059 -15.3033
  0.0000  -0.9043  -0.9043  -0.9043  -0.9043  -0.9043  -0.9043  -0.9043  -0.9043
 -0.9043  -0.9043  -0.9043  -0.9044  -0.9045  -0.9048  -0.9057  -0.9078  -0.9131
 -0.9264  -0.9599  -1.0437  -1.2522  -1.7589  -2.7990  -3.6516  -4.2066  -4.7332
 -5.2501  -5.7792  -6.3851  -7.0817  -7.6044  -8.1367  -8.6857  -9.2621  -9.8824
-10.5725 -11.3735 -12.3503 -13.6058 -15.3031
  0.0000  -1.0420  -1.0420  -1.0420  -1.0420  -1.0420  -1.0420  -1.0420  -1.0420
 -1.0420  -1.0420  -1.0420  -1.0421  -1.0421  -1.0423  -1.0427  -1.0438  -1.0466
 -1.0536  -1.0710  -1.1148  -1.2246  -1.4982  -2.1638  -3.4255  -4.1766  -4.7189
 -5.2414  -5.7731  -6.3800  -7.0768  -7.6011  -8.1345  -8.6844  -9.2613  -9.8819
-10.5722 -11.3733 -12.3501 -13.6057 -15.3031
  0.0000  -1.1844  -1.1844  -1.1844  -1.1844  -1.1844  -1.1844  -1.1844  -1.1844
 -1.1844  -1.1844  -1.1844  -1.1844  -1.1845  -1.1846  -1.1848  -1.1854  -1.1868
 -1.1903  -1.1993  -1.2218  -1.2782  -1.4197  -1.7728  -2.6315  -4.0500  -4.6961
 -5.2293  -5.7644  -6.3721  -7.0689  -7.5959  -8.1307  -8.6818  -9.2596  -9.8807
-10.5713 -11.3726 -12.3496 -13.6053 -15.3027
  0.0000  -1.3306  -1.3306  -1.3306  -1.3306  -1.3306  -1.3306  -1.3306  -1.3306
 -1.3306  -1.3306  -1.3306  -1.3306  -1.3306  -1.3307  -1.3308  -1.3311  -1.3318
 -1.3336  -1.3382  -1.3496  -1.3783  -1.4502  -1.6308  -2.0818  -3.1750  -4.6349
 -5.2133  -5.7542  -6.3624  -7.0584  -7.5888  -8.1260  -8.6785  -9.2575  -9.8796
-10.5707 -11.3724 -12.3496 -13.6054 -15.3029
  0.0000  -1.4779  -1.4779  -1.4779  -1.4779  -1.4779  -1.4779  -1.4779  -1.4779
 -1.4779  -1.4779  -1.4779  -1.4779  -1.4780  -1.4780  -1.4780  -1.4782  -1.4785
 -1.4795  -1.4817  -1.4875  -1.5020  -1.5383  -1.6295  -1.8584  -2.4307  -3.8060
 -5.1807  -5.7413  -6.3503  -7.0447  -7.5783  -8.1177  -8.6728  -9.2534  -9.8766
-10.5688 -11.3710 -12.3486 -13.6046 -15.3023
  0.0000  -1.6290  -1.6290  -1.6290  -1.6290  -1.6290  -1.6290  -1.6290  -1.6290
 -1.6290  -1.6290  -1.6290  -1.6290  -1.6290  -1.6290  -1.6291  -1.6291  -1.6293
 -1.6298  -1.6309  -1.6338  -1.6411  -1.6594  -1.7052  -1.8204  -2.1095  -2.8326
 -4.5342  -5.7233  -6.3405  -7.0341  -7.5697  -8.1099  -8.6672  -9.2502  -9.8751
-10.5684 -11.3716 -12.3498 -13.6062 -15.3041
  0.0000  -0.5294  -0.5294  -0.5294  -0.5294  -0.5294  -0.5294  -0.5294  -0.5294
 -0.5294  -0.5295  -0.5296  -0.5299  -0.5308  -0.5330  -0.5384  -0.5519  -0.5858
 -0.6697  -0.8720  -1.3182  -2.0236  -2.6528  -3.2023  -3.7270  -4.2479  -4.7741
 -5.3280  -6.0768  -6.5968  -7.1249  -7.6672  -8.2329  -8.8361  -9.4992 -10.2574
-11.1664 -12.3144 -13.8414 -15.9690 -19.0485
  0.0000  -0.6295  -0.6295  -0.6295  -0.6295  -0.6295  -0.6295  -0.6296  -0.6296
 -0.6296  -0.6296  -0.6297  -0.6299  -0.6304  -0.6317  -0.6349  -0.6430  -0.6632
 -0.7138  -0.8390  -1.1402  -1.7817  -2.5896  -3.1830  -3.7169  -4.2413  -4.7694
 -5.3246  -6.0729  -6.5942  -7.1232  -7.6662  -8.2323  -8.8358  -9.4991 -10.2573
-11.1664 -12.3144 -13.8414 -15.9690 -19.0486
  0.0000  -0.7474  -0.7474  -0.7474  -0.7474  -0.7474  -0.7474  -0.7474  -0.7474
 -0.7474  -0.7474  -0.7475  -0.7476  -0.7479  -0.7486  -0.7504  -0.7549  -0.7663
 -0.7948  -0.8661  -1.0428  -1.4676  -2.3291  -3.1432  -3.7034  -4.2336  -4.7643
 -5.3208  -6.0682  -6.5920  -7.1221  -7.6660  -8.2328  -8.8367  -9.5002 -10.2586
-11.1678 -12.3159 -13.8430 -15.9706 -19.0501
  0.0000  -0.8744  -0.8744  -0.8744  -0.8744  -0.8744  -0.8744  -0.8744  -0.8744
 -0.8744  -0.8745  -0.8745  -0.8745  -0.8747  -0.8751  -0.8760  -0.8785  -0.8846
 -0.9000  -0.9385  -1.0349  -1.2743  -1.8497  -2.9295  -3.6745  -4.2201  -4.7544
 -5.3122  -6.0576  -6.5845  -7.1165  -7.6618  -8.2296  -8.8342  -9.4981 -10.2569
-11.1662 -12.3144 -13.8415 -15.9692 -19.0488
  0.0000  -1.0164  -1.0164  -1.0164  -1.0164  -1.0164  -1.0164  -1.0164  -1.0164
 -1.0164  -1.0165  -1.0165  -1.0165  -1.0166  -1.0168  -1.0173  -1.0186  -1.0218
 -1.0298  -1.0500  -1.1006  -1.2274  -1.5427  -2.3002  -3.5506  -4.2066  -4.7498
 -5.3088  -6.0507  -6.5811  -7.1153  -7.6626  -8.2317  -8.8375  -9.5022 -10.2614
-11.1710 -12.3194 -13.8466 -15.9744 -19.0540
  0.0000  -1.1531  -1.1531  -1.1531  -1.1531  -1.1531  -1.1531  -1.1531  -1.1531
 -1.1531  -1.1531  -1.1531  -1.1531  -1.1532  -1.1533  -1.1535  -1.1542  -1.1558
 -1.1600  -1.1703  -1.1964  -1.2617  -1.4254  -1.8332  -2.8099  -4.1365  -4.7315
 -5.2950  -6.0318  -6.5652  -7.1007  -7.6504  -8.2216  -8.8286  -9.4946 -10.2545
-11.1646 -12.3134 -13.8408 -15.9687 -19.0484
  0.0000  -1.2982  -1.2982  -1.2982  -1.2982  -1.2982  -1.2982  -1.2982  -1.2982
 -1.2982  -1.2982  -1.2982  -1.2982  -1.2983  -1.2983  -1.2984  -1.2988  -1.2996
 -1.3017  -1.3070  -1.3202  -1.3534  -1.4368  -1.6459  -2.1674  -3.4054  -4.6981
 -5.2863  -6.0196  -6.5558  -7.0898  -7.6410  -8.2146  -8.8238  -9.4909 -10.2521
-11.1629 -12.3121 -13.8399 -15.9679 -19.0478
  0.0000  -0.3802  -0.3802  -0.3802  -0.3802  -0.3802  -0.3802  -0.3802  -0.3803
 -0.3803  -0.3804  -0.3808  -0.3816  -0.3836  -0.3886  -0.4012  -0.4325  -0.5088
 -0.6859  -1.0461  -1.5847  -2.1510  -2.6932  -3.2254  -3.7549  -4.2904  -4.9158
 -5.5862  -6.1122  -6.6496  -7.2066  -7.7956  -8.4357  -9.1573 -10.0082 -11.0641
-12.4449 -14.3409 -17.0534 -21.0598 -27.1172
  0.0000  -0.4336  -0.4336  -0.4336  -0.4336  -0.4336  -0.4336  -0.4336  -0.4336
 -0.4336  -0.4337  -0.4340  -0.4345  -0.4360  -0.4396  -0.4488  -0.4716  -0.5280
 -0.6642  -0.9693  -1.5138  -2.1278  -2.6840  -3.2189  -3.7499  -4.2865  -4.9122
 -5.5830  -6.1098  -6.6481  -7.2057  -7.7950  -8.4353  -9.1571 -10.0080 -11.0640
-12.4449 -14.3409 -17.0534 -21.0598 -27.1172
  0.0000  -0.5079  -0.5079  -0.5079  -0.5079  -0.5079  -0.5079  -0.5079  -0.5080
 -0.5080  -0.5080  -0.5082  -0.5086  -0.5095  -0.5119  -0.5180  -0.5331  -0.5707
 -0.6638  -0.8864  -1.3646  -2.0648  -2.6683  -3.2106  -3.7434  -4.2811  -4.9068
 -5.5778  -6.1065  -6.6456  -7.2041  -7.7940  -8.4347  -9.1567 -10.0078 -11.0638
-12.4448 -14.3408 -17.0533 -21.0598 -27.1172
  0.0000  -0.6053  -0.6053  -0.6053  -0.6053  -0.6053  -0.6053  -0.6053  -0.6053
 -0.6054  -0.6054  -0.6055  -0.6057  -0.6063  -0.6077  -0.6114  -0.6205  -0.6435
 -0.7008  -0.8421  -1.1787  -1.8639  -2.6297  -3.2007  -3.7378  -4.2764  -4.9015
 -5.5722  -6.1031  -6.6440  -7.2034  -7.7943  -8.4356  -9.1579 -10.0093 -11.0654
-12.4465 -14.3426 -17.0551 -21.0617 -27.1190
  0.0000  -0.7172  -0.7172  -0.7172  -0.7172  -0.7172  -0.7172  -0.7172  -0.7172
 -0.7172  -0.7172  -0.7173  -0.7174  -0.7177  -0.7186  -0.7206  -0.7258  -0.7389
 -0.7715  -0.8531  -1.0547  -1.5335  -2.4352  -3.1747  -3.7278  -4.2683  -4.8914
 -5.5607  -6.0939  -6.6368  -7.1981  -7.7901  -8.4324  -9.1554 -10.0071 -11.0635
-12.4447 -14.3409 -17.0535 -21.0601 -27.1175
  0.0000  -0.8498  -0.8498  -0.8498  -0.8498  -0.8498  -0.8498  -0.8498  -0.8498
 -0.8498  -0.8498  -0.8498  -0.8499  -0.8501  -0.8505  -0.8516  -0.8544  -0.8615
 -0.8792  -0.9236  -1.0345  -1.3092  -1.9601  -3.0478  -3.7186  -4.2687  -4.8893
 -5.5557  -6.0899  -6.6346  -7.1982  -7.7919  -8.4354  -9.1594 -10.0118 -11.0686
-12.4501 -14.3465 -17.0592 -21.0658 -27.1232
  0.0000  -0.9802  -0.9802  -0.9802  -0.9802  -0.9802  -0.9802  -0.9802  -0.9802
 -0.9802  -0.9802  -0.9802  -0.9802  -0.9803  -0.9806  -0.9812  -0.9826  -0.9863
 -0.9956  -1.0189  -1.0774  -1.2237  -1.5867  -2.4434  -3.6409  -4.2553  -4.8784
 -5.5425  -6.0751  -6.6195  -7.1848  -7.7808  -8.4261  -9.1512 -10.0046 -11.0620
-12.4439 -14.3405 -17.0534 -21.0601 -27.1176
  0.0000  -0.3258  -0.3258  -0.3258  -0.3258  -0.3258  -0.3258  -0.3258  -0.3258
 -0.3259  -0.3261  -0.3265  -0.3277  -0.3306  -0.3379  -0.3559  -0.3998  -0.5028
 -0.7241  -1.1144  -1.6271  -2.1721  -2.7152  -3.2578  -3.8716  -4.5725  -5.0983
 -5.6326  -6.1828  -6.7600  -7.3807  -8.0711  -8.8722  -9.8491 -11.1047 -12.8021
-15.1997 -18.7073 -23.9738 -32.0283 -36.9989
  0.0000  -0.3427  -0.3427  -0.3427  -0.3427  -0.3427  -0.3427  -0.3427  -0.3428
 -0.3428  -0.3430  -0.3434  -0.3444  -0.3470  -0.3534  -0.3694  -0.4086  -0.5024
 -0.7102  -1.0954  -1.6171  -2.1671  -2.7104  -3.2541  -3.8680  -4.5686  -5.0957
 -5.6307  -6.1818  -6.7593  -7.3803  -8.0709  -8.8721  -9.8491 -11.1047 -12.8021
-15.1998 -18.7073 -23.9739 -32.0284 -36.9990
  0.0000  -0.3700  -0.3700  -0.3700  -0.3700  -0.3700  -0.3700  -0.3700  -0.3700
 -0.3701  -0.3702  -0.3705  -0.3714  -0.3735  -0.3788  -0.3921  -0.4249  -0.5048
 -0.6892  -1.0591  -1.5987  -2.1617  -2.7053  -3.2493  -3.8626  -4.5624  -5.0914
 -5.6277  -6.1796  -6.7579  -7.3794  -8.0702  -8.8717  -9.8488 -11.1045 -12.8020
-15.1997 -18.7072 -23.9738 -32.0282 -36.9989
  0.0000  -0.4158  -0.4158  -0.4158  -0.4158  -0.4158  -0.4158  -0.4158  -0.4159
 -0.4159  -0.4160  -0.4162  -0.4169  -0.4185  -0.4224  -0.4324  -0.4573  -0.5187
 -0.6660  -0.9912  -1.5477  -2.1504  -2.7007  -3.2447  -3.8563  -4.5542  -5.0852
 -5.6234  -6.1766  -6.7560  -7.3782  -8.0696  -8.8713  -9.8486 -11.1045 -12.8020
-15.1998 -18.7073 -23.9739 -32.0284 -36.9991
  0.0000  -0.4859  -0.4859  -0.4859  -0.4859  -0.4859  -0.4859  -0.4859  -0.4859
 -0.4860  -0.4860  -0.4862  -0.4866  -0.4877  -0.4904  -0.4971  -0.5140  -0.5561
 -0.6597  -0.9056  -1.4179  -2.1113  -2.6956  -3.2425  -3.8516  -4.5460  -5.0782
 -5.6180  -6.1732  -6.7540  -7.3775  -8.0696  -8.8719  -9.8495 -11.1056 -12.8033
-15.2011 -18.7088 -23.9754 -32.0299 -37.0006
  0.0000  -0.5764  -0.5764  -0.5764  -0.5764  -0.5764  -0.5764  -0.5764  -0.5764
 -0.5764  -0.5764  -0.5765  -0.5768  -0.5775  -0.5791  -0.5832  -0.5936  -0.6197
 -0.6846  -0.8444  -1.2203  -1.9458  -2.6716  -3.2380  -3.8464  -4.5365  -5.0676
 -5.6077  -6.1649  -6.7478  -7.3726  -8.0660  -8.8691  -9.8473 -11.1037 -12.8016
-15.1996 -18.7073 -23.9740 -32.0285 -36.9993
  0.0000  -0.6878  -0.6878  -0.6878  -0.6878  -0.6878  -0.6878  -0.6878  -0.6878
 -0.6878  -0.6879  -0.6879  -0.6881  -0.6885  -0.6894  -0.6918  -0.6977  -0.7126
 -0.7500  -0.8432  -1.0729  -1.6100  -2.5352  -3.2259  -3.8445  -4.5341  -5.0617
 -5.5987  -6.1563  -6.7411  -7.3681  -8.0628  -8.8671  -9.8461 -11.1030 -12.8012
-15.1994 -18.7073 -23.9740 -32.0286 -36.9995
  0.0000  -0.3141  -0.3141  -0.3141  -0.3141  -0.3142  -0.3142  -0.3142  -0.3142
 -0.3143  -0.3145  -0.3150  -0.3163  -0.3195  -0.3274  -0.3465  -0.3923  -0.4995
 -0.7277  -1.1218  -1.6367  -2.1940  -2.7831  -3.5446  -4.0771  -4.6122  -5.1583
 -5.7266  -6.3313  -6.9953  -7.7540  -8.6632  -9.8115 -11.3386 -13.4662 -16.5458
-21.1340 -28.1134 -36.9972 -36.9972 -36.9972
  0.0000  -0.3206  -0.3206  -0.3206  -0.3206  -0.3206  -0.3206  -0.3206  -0.3206
 -0.3207  -0.3209  -0.3214  -0.3226  -0.3256  -0.3332  -0.3517  -0.3961  -0.4998
 -0.7226  -1.1137  -1.6305  -2.1896  -2.7789  -3.5408  -4.0745  -4.6103  -5.1572
 -5.7258  -6.3308  -6.9949  -7.7538  -8.6631  -9.8114 -11.3385 -13.4662 -16.5458
-21.1340 -28.1134 -36.9972 -36.9972 -36.9972
  0.0000  -0.3250  -0.3250  -0.3250  -0.3250  -0.3250  -0.3250  -0.3250  -0.3250
 -0.3251  -0.3253  -0.3257  -0.3269  -0.3298  -0.3370  -0.3549  -0.3982  -0.4998
 -0.7196  -1.1108  -1.6296  -2.1880  -2.7746  -3.5350  -4.0701  -4.6072  -5.1552
 -5.7245  -6.3301  -6.9947  -7.7537  -8.6632  -9.8116 -11.3388 -13.4665 -16.5461
-21.1344 -28.1138 -36.9976 -36.9976 -36.9976
  0.0000  -0.3331  -0.3331  -0.3331  -0.3331  -0.3331  -0.3331  -0.3331  -0.3331
 -0.3332  -0.3333  -0.3338  -0.3348  -0.3375  -0.3441  -0.3606  -0.4012  -0.4977
 -0.7109  -1.1032  -1.6297  -2.1884  -2.7705  -3.5269  -4.0629  -4.6012  -5.1509
 -5.7214  -6.3279  -6.9931  -7.7526  -8.6624  -9.8109 -11.3382 -13.4660 -16.5456
-21.1339 -28.1134 -36.9972 -36.9972 -36.9972
  0.0000  -0.3530  -0.3530  -0.3530  -0.3530  -0.3530  -0.3530  -0.3531  -0.3531
 -0.3531  -0.3533  -0.3536  -0.3545  -0.3568  -0.3625  -0.3767  -0.4118  -0.4970
 -0.6925  -1.0777  -1.6241  -2.1914  -2.7688  -3.5196  -4.0547  -4.5933  -5.1447
 -5.7169  -6.3247  -6.9909  -7.7511  -8.6614  -9.8102 -11.3377 -13.4656 -16.5453
-21.1337 -28.1131 -36.9970 -36.9970 -36.9970
  0.0000  -0.3935  -0.3935  -0.3935  -0.3935  -0.3935  -0.3935  -0.3935  -0.3936
 -0.3936  -0.3937  -0.3940  -0.3947  -0.3964  -0.4008  -0.4118  -0.4391  -0.5064
 -0.6671  -1.0160  -1.5890  -2.1917  -2.7713  -3.5171  -4.0489  -4.5849  -5.1370
 -5.7111  -6.3208  -6.9883  -7.7495  -8.6605  -9.8098 -11.3376 -13.4657 -16.5455
-21.1339 -28.1135 -36.9974 -36.9974 -36.9974
  0.0000  -0.4586  -0.4586  -0.4586  -0.4586  -0.4586  -0.4586  -0.4586  -0.4586
 -0.4587  -0.4588  -0.4589  -0.4594  -0.4606  -0.4636  -0.4712  -0.4900  -0.5370
 -0.6524  -0.9236  -1.4713  -2.1653  -2.7733  -3.5199  -4.0491  -4.5780  -5.1283
 -5.7034  -6.3149  -6.9843  -7.7467  -8.6587  -9.8087 -11.3369 -13.4653 -16.5453
-21.1338 -28.1134 -36.9975 -36.9975 -36.9975
  0.0000  -0.3040  -0.3040  -0.3040  -0.3040  -0.3040  -0.3040  -0.3040  -0.3041
 -0.3041  -0.3043  -0.3049  -0.3061  -0.3093  -0.3172  -0.3362  -0.3820  -0.4904
 -0.7239  -1.1279  -1.6692  -2.3232  -3.0324  -3.5799  -4.1290  -4.6925  -5.2854
 -5.9278  -6.6507  -7.5024  -8.5588  -9.9400 -11.8361 -14.5487 -18.5553 -24.6127
-33.9206 -36.9949 -36.9949 -36.9949 -36.9949
  0.0000  -0.3152  -0.3152  -0.3152  -0.3152  -0.3152  -0.3152  -0.3152  -0.3152
 -0.3153  -0.3155  -0.3160  -0.3172  -0.3202  -0.3276  -0.3455  -0.3884  -0.4905
 -0.7140  -1.1129  -1.6581  -2.3174  -3.0308  -3.5791  -4.1286  -4.6923  -5.2852
 -5.9277  -6.6506  -7.5023  -8.5587  -9.9398 -11.8360 -14.5486 -18.5552 -24.6126
-33.9205 -36.9948 -36.9948 -36.9948 -36.9948
  0.0000  -0.3161  -0.3161  -0.3161  -0.3161  -0.3161  -0.3161  -0.3161  -0.3161
 -0.3162  -0.3164  -0.3169  -0.3181  -0.3212  -0.3287  -0.3468  -0.3898  -0.4917
 -0.7134  -1.1098  -1.6544  -2.3137  -3.0263  -3.5755  -4.1259  -4.6905  -5.2839
 -5.9269  -6.6501  -7.5020  -8.5585  -9.9397 -11.8360 -14.5486 -18.5551 -24.6126
-33.9204 -36.9948 -36.9948 -36.9948 -36.9948
  0.0000  -0.3128  -0.3128  -0.3128  -0.3128  -0.3128  -0.3128  -0.3128  -0.3129
 -0.3129  -0.3131  -0.3136  -0.3149  -0.3180  -0.3256  -0.3441  -0.3882  -0.4919
 -0.7162  -1.1140  -1.6570  -2.3126  -3.0204  -3.5698  -4.1212  -4.6871  -5.2816
 -5.9253  -6.6491  -7.5014  -8.5581  -9.9395 -11.8358 -14.5485 -18.5551 -24.6125
-33.9204 -36.9948 -36.9948 -36.9948 -36.9948
  0.0000  -0.3098  -0.3098  -0.3098  -0.3098  -0.3098  -0.3098  -0.3098  -0.3099
 -0.3100  -0.3101  -0.3106  -0.3118  -0.3149  -0.3224  -0.3409  -0.3856  -0.4907
 -0.7182  -1.1216  -1.6657  -2.3165  -3.0157  -3.5628  -4.1147  -4.6821  -5.2781
 -5.9229  -6.6476  -7.5005  -8.5576  -9.9392 -11.8357 -14.5485 -18.5552 -24.6127
-33.9206 -36.9950 -36.9950 -36.9950 -36.9950
  0.0000  -0.3129  -0.3129  -0.3129  -0.3129  -0.3129  -0.3129  -0.3129  -0.3129
 -0.3130  -0.3132  -0.3136  -0.3147  -0.3176  -0.3246  -0.3422  -0.3852  -0.4875
 -0.7129  -1.1232  -1.6764  -2.3259  -3.0153  -3.5567  -4.1066  -4.6749  -5.2727
 -5.9191  -6.6449  -7.4988  -8.5565  -9.9385 -11.8353 -14.5482 -18.5550 -24.6125
-33.9205 -36.9950 -36.9950 -36.9950 -36.9950
  0.0000  -0.3311  -0.3311  -0.3311  -0.3311  -0.3311  -0.3311  -0.3311  -0.3311
 -0.3312  -0.3314  -0.3318  -0.3327  -0.3352  -0.3413  -0.3566  -0.3945  -0.4862
 -0.6956  -1.1034  -1.6791  -2.3390  -3.0240  -3.5567  -4.1008  -4.6679  -5.2669
 -5.9151  -6.6425  -7.4973  -8.5560  -9.9386 -11.8357 -14.5489 -18.5558 -24.6135
-33.9215 -36.9961 -36.9961 -36.9961 -36.9961
  0.0000  -0.2637  -0.2637  -0.2637  -0.2637  -0.2637  -0.2637  -0.2637  -0.2638
 -0.2639  -0.2642  -0.2649  -0.2664  -0.2701  -0.2791  -0.3009  -0.3530  -0.4752
 -0.7337  -1.1930  -1.8658  -2.5082  -3.0748  -3.6441  -4.2326  -4.8602  -5.5547
 -6.3585  -7.3370  -8.5935 -10.2915 -12.6895 -16.1972 -21.4639 -29.5184 -36.9893
-36.9893 -36.9893 -36.9893 -36.9893 -36.9893
  1.0000  -0.2640  -0.2640  -0.2640  -0.2640  -0.2640  -0.2640  -0.2641  -0.2641
 -0.2642  -0.2645  -0.2651  -0.2667  -0.2704  -0.2793  -0.3010  -0.3531  -0.4751
 -0.7335  -1.1927  -1.8656  -2.5081  -3.0748  -3.6441  -4.2326  -4.8602  -5.5547
 -6.3585  -7.3370  -8.5935 -10.2915 -12.6895 -16.1972 -21.4639 -29.5184 -36.9893
-36.9893 -36.9893 -36.9893 -36.9893 -36.9893
  2.0000  -0.2646  -0.2646  -0.2646  -0.2646  -0.2646  -0.2646  -0.2647  -0.2647
 -0.2648  -0.2650  -0.2657  -0.2672  -0.2708  -0.2798  -0.3014  -0.3533  -0.4750
 -0.7330  -1.1920  -1.8651  -2.5080  -3.0747  -3.6441  -4.2326  -4.8602  -5.5547
 -6.3585  -7.3370  -8.5935 -10.2915 -12.6895 -16.1972 -21.4639 -29.5184 -36.9893
-36.9893 -36.9893 -36.9893 -36.9893 -36.9893
  3.0000  -0.2657  -0.2657  -0.2657  -0.2657  -0.2657  -0.2657  -0.2657  -0.2657
 -0.2658  -0.2660  -0.2666  -0.2681  -0.2717  -0.2806  -0.3020  -0.3536  -0.4748
 -0.7319  -1.1906  -1.8640  -2.5076  -3.0745  -3.6439  -4.2325  -4.8601  -5.5546
 -6.3584  -7.3369  -8.5934 -10.2914 -12.6894 -16.1971 -21.4638 -29.5183 -36.9892
-36.9892 -36.9892 -36.9892 -36.9892 -36.9892
  4.0000  -0.2679  -0.2679  -0.2679  -0.2679  -0.2679  -0.2679  -0.2679  -0.2679
 -0.2680  -0.2683  -0.2688  -0.2702  -0.2737  -0.2824  -0.3036  -0.3546  -0.4746
 -0.7300  -1.1881  -1.8621  -2.5070  -3.0744  -3.6439  -4.2325  -4.8602  -5.5547
 -6.3585  -7.3370  -8.5935 -10.2915 -12.6895 -16.1972 -21.4639 -29.5184 -36.9893
-36.9893 -36.9893 -36.9893 -36.9893 -36.9893
  5.0000  -0.2720  -0.2720  -0.2720  -0.2720  -0.2720  -0.2720  -0.2720  -0.2720
 -0.2721  -0.2723  -0.2728  -0.2742  -0.2776  -0.2859  -0.3065  -0.3564  -0.4740
 -0.7262  -1.1829  -1.8581  -2.5058  -3.0740  -3.6438  -4.2325  -4.8601  -5.5547
 -6.3585  -7.3370  -8.5935 -10.2915 -12.6895 -16.1972 -21.4639 -29.5184 -36.9893
-36.9893 -36.9893 -36.9893 -36.9893 -36.9893
  6.0000  -0.2796  -0.2796  -0.2796  -0.2796  -0.2796  -0.2796  -0.2797  -0.2797
 -0.2798  -0.2800  -0.2805  -0.2817  -0.2849  -0.2928  -0.3123  -0.3601  -0.4732
 -0.7188  -1.1725  -1.8499  -2.5033  -3.0732  -3.6434  -4.2323  -4.8601  -5.5546
 -6.3585  -7.3370  -8.5935 -10.2915 -12.6895 -16.1972 -21.4639 -29.5184 -36.9893
-36.9893 -36.9893 -36.9893 -36.9893 -36.9893
 -1.0000  -0.2214  -0.2214  -0.2214  -0.2214  -0.2214  -0.2214  -0.2214  -0.2215
 -0.2217  -0.2222  -0.2229  -0.2244  -0.2293  -0.2391  -0.2622  -0.3184  -0.4556
 -0.7700  -1.3486  -1.9754  -2.5745  -3.1694  -3.7901  -4.4635  -5.2277  -6.1405
 -7.2908  -8.8191 -10.9475 -14.0276 -18.6161 -25.5957 -36.3650 -36.9797 -36.9797
-36.9797 -36.9797 -36.9797 -36.9797 -36.9797
  0.0000  -0.2221  -0.2221  -0.2221  -0.2221  -0.2221  -0.2221  -0.2222  -0.2222
 -0.2224  -0.2228  -0.2235  -0.2251  -0.2299  -0.2397  -0.2629  -0.3191  -0.4562
 -0.7705  -1.3491  -1.9759  -2.5751  -3.1700  -3.7907  -4.4641  -5.2283  -6.1411
 -7.2914  -8.8197 -10.9481 -14.0282 -18.6167 -25.5963 -36.3656 -36.9803 -36.9803
-36.9803 -36.9803 -36.9803 -36.9803 -36.9803
  0.0000  -0.2404  -0.2404  -0.2404  -0.2404  -0.2404  -0.2404  -0.2404  -0.2405
 -0.2406  -0.2410  -0.2418  -0.2436  -0.2475  -0.2562  -0.2766  -0.3267  -0.4500
 -0.7447  -1.3266  -1.9714  -2.5766  -3.1727  -3.7928  -4.4654  -5.2292  -6.1414
 -7.2913  -8.8194 -10.9477 -14.0276 -18.6161 -25.5957 -36.3650 -36.9796 -36.9796
-36.9796 -36.9796 -36.9796 -36.9796 -36.9796
  0.0000  -0.2391  -0.2391  -0.2391  -0.2391  -0.2391  -0.2391  -0.2391  -0.2392
 -0.2393  -0.2396  -0.2403  -0.2421  -0.2460  -0.2550  -0.2761  -0.3269  -0.4509
 -0.7458  -1.3266  -1.9697  -2.5747  -3.1710  -3.7916  -4.4646  -5.2286  -6.1410
 -7.2911  -8.8193 -10.9476 -14.0276 -18.6161 -25.5957 -36.3650 -36.9796 -36.9796
-36.9796 -36.9796 -36.9796 -36.9796 -36.9796
  0.0000  -0.2280  -0.2280  -0.2280  -0.2280  -0.2280  -0.2280  -0.2280  -0.2281
 -0.2282  -0.2285  -0.2293  -0.2310  -0.2352  -0.2449  -0.2676  -0.3223  -0.4543
 -0.7619  -1.3400  -1.9701  -2.5707  -3.1667  -3.7882  -4.4623  -5.2269  -6.1400
 -7.2905  -8.8189 -10.9474 -14.0275 -18.6161 -25.5957 -36.3650 -36.9797 -36.9797
-36.9797 -36.9797 -36.9797 -36.9797 -36.9797
  0.0000  -0.2155  -0.2155  -0.2155  -0.2156  -0.2156  -0.2156  -0.2156  -0.2156
 -0.2157  -0.2160  -0.2168  -0.2186  -0.2230  -0.2334  -0.2586  -0.3167  -0.4484
 -0.7897  -1.3683  -1.9784  -2.5701  -3.1640  -3.7860  -4.4614  -5.2274  -6.1412
 -7.2924  -8.8213 -10.9501 -14.0304 -18.6191 -25.5988 -36.3681 -36.9829 -36.9829
-36.9829 -36.9829 -36.9829 -36.9829 -36.9829
  1.0000  -0.2178  -0.2178  -0.2178  -0.2178  -0.2178  -0.2178  -0.2179  -0.2179
 -0.2180  -0.2183  -0.2190  -0.2207  -0.2249  -0.2351  -0.2600  -0.3170  -0.4488
 -0.7864  -1.3648  -1.9771  -2.5696  -3.1638  -3.7859  -4.4613  -5.2274  -6.1412
 -7.2924  -8.8213 -10.9501 -14.0304 -18.6191 -25.5988 -36.3681 -36.9829 -36.9829
-36.9829 -36.9829 -36.9829 -36.9829 -36.9829
 -1.0000  -0.0776  -0.0776  -0.0776  -0.0776  -0.0776  -0.0776  -0.0778  -0.0781
 -0.0786  -0.0796  -0.0816  -0.0858  -0.0952  -0.1165  -0.1661  -0.2812  -0.5382
 -0.9858  -1.5300  -2.0983  -2.7008  -3.3550  -4.0896  -4.9514  -6.0154  -7.4020
 -9.3019 -12.0167 -16.0249 -22.0832 -31.3916 -36.9671 -36.9671 -36.9671 -36.9671
-36.9671 -36.9671 -36.9671 -36.9671 -36.9671
  0.0000  -0.0777  -0.0777  -0.0777  -0.0777  -0.0777  -0.0777  -0.0779  -0.0781
 -0.0786  -0.0796  -0.0816  -0.0858  -0.0952  -0.1165  -0.1661  -0.2812  -0.5381
 -0.9857  -1.5300  -2.0983  -2.7008  -3.3550  -4.0896  -4.9514  -6.0154  -7.4020
 -9.3019 -12.0167 -16.0249 -22.0832 -31.3916 -36.9671 -36.9671 -36.9671 -36.9671
-36.9671 -36.9671 -36.9671 -36.9671 -36.9671
  0.0000  -0.1778  -0.1778  -0.1778  -0.1778  -0.1779  -0.1779  -0.1779  -0.1781
 -0.1785  -0.1791  -0.1804  -0.1828  -0.1875  -0.1975  -0.2205  -0.2799  -0.4512
 -0.8666  -1.4621  -2.0748  -2.7015  -3.3653  -4.1012  -4.9605  -6.0215  -7.4055
 -9.3033 -12.0169 -16.0240 -22.0817 -31.3898 -36.9646 -36.9646 -36.9646 -36.9646
-36.9646 -36.9646 -36.9646 -36.9646 -36.9646
  0.0000  -0.1954  -0.1954  -0.1954  -0.1954  -0.1954  -0.1955  -0.1955  -0.1956
 -0.1959  -0.1965  -0.1976  -0.1996  -0.2036  -0.2115  -0.2300  -0.2804  -0.4382
 -0.8503  -1.4510  -2.0755  -2.7038  -3.3675  -4.1029  -4.9616  -6.0224  -7.4060
 -9.3036 -12.0171 -16.0241 -22.0818 -31.3898 -36.9646 -36.9646 -36.9646 -36.9646
-36.9646 -36.9646 -36.9646 -36.9646 -36.9646
  0.0000  -0.1809  -0.1809  -0.1809  -0.1810  -0.1810  -0.1810  -0.1810  -0.1811
 -0.1814  -0.1819  -0.1831  -0.1855  -0.1902  -0.2002  -0.2231  -0.2812  -0.4490
 -0.8626  -1.4546  -2.0748  -2.7020  -3.3659  -4.1018  -4.9611  -6.0221  -7.4060
 -9.3038 -12.0173 -16.0244 -22.0822 -31.3902 -36.9650 -36.9650 -36.9650 -36.9650
-36.9650 -36.9650 -36.9650 -36.9650 -36.9650
  0.0000  -0.1531  -0.1531  -0.1531  -0.1531  -0.1531  -0.1531  -0.1531  -0.1532
 -0.1535  -0.1540  -0.1554  -0.1582  -0.1644  -0.1780  -0.2088  -0.2826  -0.4717
 -0.8898  -1.4646  -2.0747  -2.6989  -3.3627  -4.0995  -4.9598  -6.0213  -7.4059
 -9.3040 -12.0178 -16.0250 -22.0829 -31.3910 -36.9659 -36.9659 -36.9659 -36.9659
-36.9659 -36.9659 -36.9659 -36.9659 -36.9659
  0.0000  -0.1229  -0.1229  -0.1229  -0.1229  -0.1229  -0.1229  -0.1230  -0.1231
 -0.1233  -0.1239  -0.1253  -0.1286  -0.1362  -0.1533  -0.1924  -0.2835  -0.4987
 -0.9243  -1.4808  -2.0773  -2.6960  -3.3587  -4.0962  -4.9577  -6.0202  -7.4053
 -9.3041 -12.0182 -16.0257 -22.0837 -31.3918 -36.9669 -36.9669 -36.9669 -36.9669
-36.9669 -36.9669 -36.9669 -36.9669 -36.9669
 -2.0000  -0.0828  -0.0828  -0.0828  -0.0829  -0.0829  -0.0831  -0.0834  -0.0839
 -0.0847  -0.0860  -0.0881  -0.0917  -0.0983  -0.1124  -0.1497  -0.2604  -0.5356
 -0.9983  -1.5784  -2.2219  -2.9357  -3.7562  -4.7475  -6.0129  -7.7168 -10.1186
-13.6288 -18.8969 -26.9524 -36.9247 -36.9247 -36.9247 -36.9247 -36.9247 -36.9247
-36.9247 -36.9247 -36.9247 -36.9247 -36.9247
 -1.0000  -0.0829  -0.0829  -0.0829  -0.0829  -0.0830  -0.0831  -0.0834  -0.0839
 -0.0847  -0.0860  -0.0881  -0.0917  -0.0983  -0.1124  -0.1497  -0.2604  -0.5356
 -0.9983  -1.5784  -2.2219  -2.9357  -3.7562  -4.7475  -6.0129  -7.7168 -10.1186
-13.6288 -18.8969 -26.9524 -36.9247 -36.9247 -36.9247 -36.9247 -36.9247 -36.9247
-36.9247 -36.9247 -36.9247 -36.9247 -36.9247
  0.0000  -0.0830  -0.0830  -0.0830  -0.0831  -0.0831  -0.0832  -0.0834  -0.0839
 -0.0847  -0.0860  -0.0881  -0.0917  -0.0983  -0.1124  -0.1497  -0.2604  -0.5356
 -0.9983  -1.5784  -2.2219  -2.9357  -3.7562  -4.7475  -6.0129  -7.7168 -10.1186
-13.6288 -18.8969 -26.9524 -36.9247 -36.9247 -36.9247 -36.9247 -36.9247 -36.9247
-36.9247 -36.9247 -36.9247 -36.9247 -36.9247
  0.0000  -0.1920  -0.1920  -0.1920  -0.1920  -0.1920  -0.1921  -0.1922  -0.1925
 -0.1931  -0.1938  -0.1946  -0.1949  -0.1932  -0.1882  -0.1863  -0.2317  -0.4461
 -0.9221  -1.5448  -2.2148  -2.9392  -3.7616  -4.7511  -6.0140  -7.7160 -10.1162
-13.6253 -18.8927 -26.9477 -36.9192 -36.9192 -36.9192 -36.9192 -36.9192 -36.9192
-36.9192 -36.9192 -36.9192 -36.9192 -36.9192
  0.0000  -0.2037  -0.2037  -0.2037  -0.2037  -0.2037  -0.2038  -0.2039  -0.2041
 -0.2045  -0.2052  -0.2057  -0.2056  -0.2031  -0.1960  -0.1901  -0.2290  -0.4383
 -0.9169  -1.5436  -2.2151  -2.9398  -3.7620  -4.7513  -6.0140  -7.7159 -10.1160
-13.6250 -18.8924 -26.9474 -36.9188 -36.9188 -36.9188 -36.9188 -36.9188 -36.9188
-36.9188 -36.9188 -36.9188 -36.9188 -36.9188
  0.0000  -0.1797  -0.1797  -0.1797  -0.1797  -0.1797  -0.1798  -0.1798  -0.1800
 -0.1804  -0.1811  -0.1820  -0.1828  -0.1820  -0.1793  -0.1822  -0.2349  -0.4557
 -0.9287  -1.5465  -2.2143  -2.9384  -3.7609  -4.7507  -6.0139  -7.7160 -10.1164
-13.6255 -18.8930 -26.9481 -36.9196 -36.9196 -36.9196 -36.9196 -36.9196 -36.9196
-36.9196 -36.9196 -36.9196 -36.9196 -36.9196
  0.0000  -0.1461  -0.1461  -0.1461  -0.1461  -0.1462  -0.1462  -0.1462  -0.1464
 -0.1467  -0.1474  -0.1487  -0.1504  -0.1525  -0.1559  -0.1710  -0.2438  -0.4819
 -0.9482  -1.5527  -2.2141  -2.9363  -3.7592  -4.7498  -6.0137  -7.7162 -10.1171
-13.6264 -18.8941 -26.9493 -36.9210 -36.9210 -36.9210 -36.9210 -36.9210 -36.9210
-36.9210 -36.9210 -36.9210 -36.9210 -36.9210
 -3.0000  -0.0801  -0.0801  -0.0801  -0.0803  -0.0805  -0.0809  -0.0815  -0.0824
 -0.0837  -0.0855  -0.0878  -0.0900  -0.0918  -0.0960  -0.1182  -0.2325  -0.5251
 -1.0592  -1.7448  -2.5398  -3.4790  -4.6480  -6.1886  -8.3246 -11.4094 -16.0008
-22.9822 -33.7525 -36.8689 -36.8689 -36.8689 -36.8689 -36.8689 -36.8689 -36.8689
-36.8689 -36.8689 -36.8689 -36.8689 -36.8689
 -2.0000  -0.0801  -0.0802  -0.0802  -0.0803  -0.0805  -0.0809  -0.0815  -0.0824
 -0.0837  -0.0855  -0.0878  -0.0900  -0.0918  -0.0960  -0.1182  -0.2325  -0.5251
 -1.0592  -1.7448  -2.5398  -3.4790  -4.6480  -6.1886  -8.3246 -11.4094 -16.0008
-22.9822 -33.7525 -36.8689 -36.8689 -36.8689 -36.8689 -36.8689 -36.8689 -36.8689
-36.8689 -36.8689 -36.8689 -36.8689 -36.8689
 -1.0000  -0.0803  -0.0803  -0.0803  -0.0804  -0.0806  -0.0809  -0.0815  -0.0824
 -0.0837  -0.0855  -0.0878  -0.0900  -0.0918  -0.0960  -0.1182  -0.2325  -0.5251
 -1.0592  -1.7448  -2.5398  -3.4790  -4.6480  -6.1886  -8.3246 -11.4094 -16.0008
-22.9822 -33.7525 -36.8689 -36.8689 -36.8689 -36.8689 -36.8689 -36.8689 -36.8689
-36.8689 -36.8689 -36.8689 -36.8689 -36.8689
  0.0000  -0.0804  -0.0804  -0.0805  -0.0805  -0.0806  -0.0809  -0.0815  -0.0824
 -0.0837  -0.0855  -0.0878  -0.0900  -0.0918  -0.0960  -0.1182  -0.2325  -0.5251
 -1.0592  -1.7448  -2.5398  -3.4790  -4.6480  -6.1886  -8.3246 -11.4094 -16.0008
-22.9822 -33.7525 -36.8689 -36.8689 -36.8689 -36.8689 -36.8689 -36.8689 -36.8689
-36.8689 -36.8689 -36.8689 -36.8689 -36.8689
  1.0000  -0.0808  -0.0808  -0.0808  -0.0808  -0.0809  -0.0811  -0.0816  -0.0825
 -0.0838  -0.0856  -0.0879  -0.0901  -0.0919  -0.0961  -0.1183  -0.2326  -0.5252
 -1.0593  -1.7449  -2.5399  -3.4791  -4.6481  -6.1887  -8.3247 -11.4095 -16.0009
-22.9823 -33.7526 -36.8690 -36.8690 -36.8690 -36.8690 -36.8690 -36.8690 -36.8690
-36.8690 -36.8690 -36.8690 -36.8690 -36.8690
  2.0000  -0.0811  -0.0811  -0.0811  -0.0811  -0.0812  -0.0814  -0.0817  -0.0825
 -0.0837  -0.0856  -0.0878  -0.0901  -0.0919  -0.0961  -0.1184  -0.2326  -0.5251
 -1.0592  -1.7449  -2.5399  -3.4791  -4.6481  -6.1887  -8.3247 -11.4095 -16.0009
-22.9823 -33.7526 -36.8690 -36.8690 -36.8690 -36.8690 -36.8690 -36.8690 -36.8690
-36.8690 -36.8690 -36.8690 -36.8690 -36.8690
  3.0000  -0.0813  -0.0813  -0.0813  -0.0814  -0.0814  -0.0815  -0.0818  -0.0824
 -0.0835  -0.0853  -0.0876  -0.0898  -0.0917  -0.0959  -0.1182  -0.2324  -0.5249
 -1.0589  -1.7446  -2.5397  -3.4789  -4.6479  -6.1885  -8.3245 -11.4093 -16.0007
-22.9821 -33.7524 -36.8688 -36.8688 -36.8688 -36.8688 -36.8688 -36.8688 -36.8688
-36.8688 -36.8688 -36.8688 -36.8688 -36.8688
 -3.0000   0.2716   0.2715   0.2713   0.2709   0.2704   0.2696   0.2682   0.2659
  0.2624   0.2568   0.2473   0.2295   0.1922   0.0753  -0.1069  -0.4465  -0.9564
 -1.6167  -2.4360  -3.4722  -4.8385  -6.7224  -9.4239 -13.4201 -19.4675 -28.7659
-36.8343 -36.8343 -36.8343 -36.8343 -36.8343 -36.8343 -36.8343 -36.8343 -36.8343
-36.8343 -36.8343 -36.8343 -36.8343 -36.8343
 -2.0000   0.2715   0.2715   0.2713   0.2709   0.2704   0.2696   0.2682   0.2659
  0.2624   0.2568   0.2473   0.2295   0.1922   0.0753  -0.1069  -0.4465  -0.9564
 -1.6167  -2.4360  -3.4722  -4.8385  -6.7224  -9.4239 -13.4201 -19.4675 -28.7659
-36.8343 -36.8343 -36.8343 -36.8343 -36.8343 -36.8343 -36.8343 -36.8343 -36.8343
-36.8343 -36.8343 -36.8343 -36.8343 -36.8343
 -1.0000   0.2714   0.2714   0.2712   0.2709   0.2704   0.2696   0.2682   0.2659
  0.2624   0.2568   0.2473   0.2295   0.1922   0.0753  -0.1069  -0.4465  -0.9564
 -1.6167  -2.4360  -3.4722  -4.8385  -6.7224  -9.4239 -13.4201 -19.4675 -28.7659
-36.8343 -36.8343 -36.8343 -36.8343 -36.8343 -36.8343 -36.8343 -36.8343 -36.8343
-36.8343 -36.8343 -36.8343 -36.8343 -36.8343
  0.0000   0.2713   0.2712   0.2711   0.2709   0.2704   0.2696   0.2682   0.2659
  0.2624   0.2568   0.2473   0.2295   0.1922   0.0753  -0.1069  -0.4465  -0.9564
 -1.6167  -2.4360  -3.4722  -4.8385  -6.7224  -9.4239 -13.4201 -19.4675 -28.7659
-36.8343 -36.8343 -36.8343 -36.8343 -36.8343 -36.8343 -36.8343 -36.8343 -36.8343
-36.8343 -36.8343 -36.8343 -36.8343 -36.8343
  1.0000   0.2709   0.2709   0.2708   0.2706   0.2702   0.2695   0.2681   0.2658
  0.2623   0.2567   0.2472   0.2294   0.1920   0.0752  -0.1070  -0.4466  -0.9565
 -1.6168  -2.4361  -3.4723  -4.8386  -6.7225  -9.4240 -13.4202 -19.4676 -28.7660
-36.8344 -36.8344 -36.8344 -36.8344 -36.8344 -36.8344 -36.8344 -36.8344 -36.8344
-36.8344 -36.8344 -36.8344 -36.8344 -36.8344
  2.0000   0.2704   0.2704   0.2703   0.2702   0.2699   0.2692   0.2679   0.2656
  0.2621   0.2565   0.2470   0.2292   0.1918   0.0751  -0.1072  -0.4468  -0.9567
 -1.6170  -2.4363  -3.4725  -4.8388  -6.7227  -9.4242 -13.4204 -19.4678 -28.7662
-36.8346 -36.8346 -36.8346 -36.8346 -36.8346 -36.8346 -36.8346 -36.8346 -36.8346
-36.8346 -36.8346 -36.8346 -36.8346 -36.8346
  3.0000   0.2700   0.2700   0.2699   0.2698   0.2696   0.2691   0.2679   0.2657
  0.2622   0.2566   0.2470   0.2294   0.1918   0.0752  -0.1071  -0.4466  -0.9565
 -1.6169  -2.4362  -3.4724  -4.8387  -6.7226  -9.4241 -13.4203 -19.4677 -28.7661
-36.8345 -36.8345 -36.8345 -36.8345 -36.8345 -36.8345 -36.8345 -36.8345 -36.8345
-36.8345 -36.8345 -36.8345 -36.8345 -36.8345
 -4.0000   0.3620   0.3617   0.3612   0.3605   0.3594   0.3577   0.3551   0.3513
  0.3458   0.3373   0.3228   0.2287   0.1825   0.0915  -0.0974  -0.4723  -1.1030
 -2.0084  -3.2354  -4.9200  -7.3116 -10.8177 -16.0866 -24.1462 -36.6257 -36.6463
-36.6463 -36.6463 -36.6463 -36.6463 -36.6463 -36.6463 -36.6463 -36.6463 -36.6463
-36.6463 -36.6463 -36.6463 -36.6463 -36.6463
 -3.0000   0.3620   0.3617   0.3612   0.3605   0.3594   0.3577   0.3551   0.3513
  0.3458   0.3373   0.3228   0.2287   0.1825   0.0915  -0.0974  -0.4723  -1.1030
 -2.0084  -3.2354  -4.9200  -7.3116 -10.8177 -16.0866 -24.1462 -36.6257 -36.6463
-36.6463 -36.6463 -36.6463 -36.6463 -36.6463 -36.6463 -36.6463 -36.6463 -36.6463
-36.6463 -36.6463 -36.6463 -36.6463 -36.6463
 -2.0000   0.3619   0.3617   0.3612   0.3605   0.3594   0.3577   0.3551   0.3513
  0.3458   0.3373   0.3228   0.2287   0.1825   0.0915  -0.0974  -0.4723  -1.1030
 -2.0084  -3.2354  -4.9200  -7.3116 -10.8177 -16.0866 -24.1462 -36.6257 -36.6463
-36.6463 -36.6463 -36.6463 -36.6463 -36.6463 -36.6463 -36.6463 -36.6463 -36.6463
-36.6463 -36.6463 -36.6463 -36.6463 -36.6463
 -1.0000   0.3618   0.3616   0.3612   0.3605   0.3594   0.3577   0.3551   0.3513
  0.3458   0.3373   0.3227   0.2287   0.1825   0.0915  -0.0974  -0.4723  -1.1030
 -2.0084  -3.2354  -4.9200  -7.3116 -10.8177 -16.0866 -24.1462 -36.6257 -36.6463
-36.6463 -36.6463 -36.6463 -36.6463 -36.6463 -36.6463 -36.6463 -36.6463 -36.6463
-36.6463 -36.6463 -36.6463 -36.6463 -36.6463
  0.0000   0.3616   0.3614   0.3611   0.3605   0.3594   0.3577   0.3551   0.3513
  0.3458   0.3374   0.3227   0.2288   0.1825   0.0915  -0.0974  -0.4723  -1.1030
 -2.0084  -3.2354  -4.9200  -7.3116 -10.8177 -16.0866 -24.1462 -36.6257 -36.6463
-36.6463 -36.6463 -36.6463 -36.6463 -36.6463 -36.6463 -36.6463 -36.6463 -36.6463
-36.6463 -36.6463 -36.6463 -36.6463 -36.6463
  1.0000   0.3612   0.3611   0.3609   0.3604   0.3594   0.3577   0.3551   0.3514
  0.3457   0.3374   0.3226   0.2288   0.1825   0.0915  -0.0974  -0.4723  -1.1030
 -2.0084  -3.2354  -4.9200  -7.3116 -10.8177 -16.0866 -24.1462 -36.6257 -36.6463
-36.6463 -36.6463 -36.6463 -36.6463 -36.6463 -36.6463 -36.6463 -36.6463 -36.6463
-36.6463 -36.6463 -36.6463 -36.6463 -36.6463
  2.0000   0.3607   0.3606   0.3605   0.3601   0.3592   0.3576   0.3550   0.3513
  0.3456   0.3375   0.3222   0.2289   0.1824   0.0914  -0.0975  -0.4724  -1.1031
 -2.0085  -3.2355  -4.9201  -7.3117 -10.8178 -16.0867 -24.1462 -36.6258 -36.6464
-36.6464 -36.6464 -36.6464 -36.6464 -36.6464 -36.6464 -36.6464 -36.6464 -36.6464
-36.6464 -36.6464 -36.6464 -36.6464 -36.6464
-14.0000   0.3619   0.3616   0.3611   0.3604   0.3593   0.3576   0.3550   0.3512
  0.3457   0.3372   0.3227   0.2286   0.1824   0.0914  -0.0975  -0.4724  -1.1031
 -2.0085  -3.2355  -4.9201  -7.3117 -10.8178 -16.0867 -24.1463 -36.6258 -36.6464
-36.6464 -36.6464 -36.6464 -36.6464 -36.6464 -36.6464 -36.6464 -36.6464 -36.6464
-36.6464 -36.6464 -36.6464 -36.6464 -36.6464
-13.0000   0.3619   0.3616   0.3611   0.3604   0.3593   0.3576   0.3550   0.3512
  0.3457   0.3372   0.3227   0.2286   0.1824   0.0914  -0.0975  -0.4724  -1.1031
 -2.0085  -3.2355  -4.9201  -7.3117 -10.8178 -16.0867 -24.1463 -36.6258 -36.6464
-36.6464 -36.6464 -36.6464 -36.6464 -36.6464 -36.6464 -36.6464 -36.6464 -36.6464
-36.6464 -36.6464 -36.6464 -36.6464 -36.6464
-12.0000   0.3619   0.3616   0.3611   0.3604   0.3593   0.3576   0.3550   0.3512
  0.3457   0.3372   0.3227   0.2286   0.1824   0.0914  -0.0975  -0.4724  -1.1031
 -2.0085  -3.2355  -4.9201  -7.3117 -10.8178 -16.0867 -24.1463 -36.6258 -36.6464
-36.6464 -36.6464 -36.6464 -36.6464 -36.6464 -36.6464 -36.6464 -36.6464 -36.6464
-36.6464 -36.6464 -36.6464 -36.6464 -36.6464
-11.0000   0.3619   0.3616   0.3611   0.3604   0.3593   0.3576   0.3550   0.3512
  0.3457   0.3372   0.3227   0.2286   0.1824   0.0914  -0.0975  -0.4724  -1.1031
 -2.0085  -3.2355  -4.9201  -7.3117 -10.8178 -16.0867 -24.1463 -36.6258 -36.6464
-36.6464 -36.6464 -36.6464 -36.6464 -36.6464 -36.6464 -36.6464 -36.6464 -36.6464
-36.6464 -36.6464 -36.6464 -36.6464 -36.6464
-10.0000   0.3618   0.3616   0.3611   0.3604   0.3593   0.3576   0.3550   0.3512
  0.3457   0.3372   0.3227   0.2286   0.1824   0.0914  -0.0975  -0.4724  -1.1031
 -2.0085  -3.2355  -4.9201  -7.3117 -10.8178 -16.0867 -24.1463 -36.6258 -36.6464
-36.6464 -36.6464 -36.6464 -36.6464 -36.6464 -36.6464 -36.6464 -36.6464 -36.6464
-36.6464 -36.6464 -36.6464 -36.6464 -36.6464
 11.0000   0.3617   0.3615   0.3611   0.3604   0.3593   0.3576   0.3550   0.3512
  0.3457   0.3372   0.3226   0.2286   0.1824   0.0914  -0.0975  -0.4724  -1.1031
 -2.0085  -3.2355  -4.9201  -7.3117 -10.8178 -16.0867 -24.1463 -36.6258 -36.6464
-36.6464 -36.6464 -36.6464 -36.6464 -36.6464 -36.6464 -36.6464 -36.6464 -36.6464
-36.6464 -36.6464 -36.6464 -36.6464 -36.6464
 12.0000   0.3617   0.3616   0.3612   0.3606   0.3595   0.3578   0.3552   0.3514
  0.3459   0.3375   0.3228   0.2289   0.1826   0.0916  -0.0973  -0.4722  -1.1029
 -2.0083  -3.2353  -4.9199  -7.3115 -10.8176 -16.0865 -24.1461 -36.6256 -36.6462
-36.6462 -36.6462 -36.6462 -36.6462 -36.6462 -36.6462 -36.6462 -36.6462 -36.6462
-36.6462 -36.6462 -36.6462 -36.6462 -36.6462
-24.0000   0.3619   0.3616   0.3611   0.3604   0.3593   0.3576   0.3550   0.3512
  0.3457   0.3372   0.3227   0.2286   0.1824   0.0914  -0.0975  -0.4724  -1.1031
 -2.0085  -3.2355  -4.9201  -7.3117 -10.8178 -16.0867 -24.1463 -36.6258 -36.6464
-36.6464 -36.6464 -36.6464 -36.6464 -36.6464 -36.6464 -36.6464 -36.6464 -36.6464
-36.6464 -36.6464 -36.6464 -36.6464 -36.6464
-23.0000   0.3619   0.3616   0.3611   0.3604   0.3593   0.3576   0.3550   0.3512
  0.3457   0.3372   0.3227   0.2286   0.1824   0.0914  -0.0975  -0.4724  -1.1031
 -2.0085  -3.2355  -4.9201  -7.3117 -10.8178 -16.0867 -24.1463 -36.6258 -36.6464
-36.6464 -36.6464 -36.6464 -36.6464 -36.6464 -36.6464 -36.6464 -36.6464 -36.6464
-36.6464 -36.6464 -36.6464 -36.6464 -36.6464
-22.0000   0.3619   0.3616   0.3611   0.3604   0.3593   0.3576   0.3550   0.3512
  0.3457   0.3372   0.3227   0.2286   0.1824   0.0914  -0.0975  -0.4724  -1.1031
 -2.0085  -3.2355  -4.9201  -7.3117 -10.8178 -16.0867 -24.1463 -36.6258 -36.6464
-36.6464 -36.6464 -36.6464 -36.6464 -36.6464 -36.6464 -36.6464 -36.6464 -36.6464
-36.6464 -36.6464 -36.6464 -36.6464 -36.6464
-21.0000   0.3619   0.3616   0.3611   0.3604   0.3593   0.3576   0.3550   0.3512
  0.3457   0.3372   0.3227   0.2286   0.1824   0.0914  -0.0975  -0.4724  -1.1031
 -2.0085  -3.2355  -4.9201  -7.3117 -10.8178 -16.0867 -24.1463 -36.6258 -36.6464
-36.6464 -36.6464 -36.6464 -36.6464 -36.6464 -36.6464 -36.6464 -36.6464 -36.6464
-36.6464 -36.6464 -36.6464 -36.6464 -36.6464
-20.0000   0.3619   0.3616   0.3611   0.3604   0.3593   0.3576   0.3550   0.3512
  0.3457   0.3372   0.3227   0.2286   0.1824   0.0914  -0.0975  -0.4724  -1.1031
 -2.0085  -3.2355  -4.9201  -7.3117 -10.8178 -16.0867 -24.1463 -36.6258 -36.6464
-36.6464 -36.6464 -36.6464 -36.6464 -36.6464 -36.6464 -36.6464 -36.6464 -36.6464
-36.6464 -36.6464 -36.6464 -36.6464 -36.6464
 21.0000   0.3619   0.3616   0.3611   0.3604   0.3593   0.3576   0.3550   0.3512
  0.3457   0.3372   0.3227   0.2286   0.1824   0.0914  -0.0975  -0.4724  -1.1031
 -2.0085  -3.2355  -4.9201  -7.3117 -10.8178 -16.0867 -24.1463 -36.6258 -36.6464
-36.6464 -36.6464 -36.6464 -36.6464 -36.6464 -36.6464 -36.6464 -36.6464 -36.6464
-36.6464 -36.6464 -36.6464 -36.6464 -36.6464
 22.0000   0.3621   0.3619   0.3614   0.3607   0.3596   0.3579   0.3553   0.3515
  0.3460   0.3375   0.3230   0.2289   0.1827   0.0917  -0.0972  -0.4721  -1.1028
 -2.0082  -3.2352  -4.9198  -7.3114 -10.8175 -16.0864 -24.1460 -36.6255 -36.6461
-36.6461 -36.6461 -36.6461 -36.6461 -36.6461 -36.6461 -36.6461 -36.6461 -36.6461
-36.6461 -36.6461 -36.6461 -36.6461 -36.6461
nl= 2 nu=14
  0.0000  -1.3943  -1.3943  -1.3943  -1.3943  -1.3943  -1.3943  -1.3943  -1.3943
 -1.3943  -1.3943  -1.3943  -1.3943  -1.3943  -1.3943  -1.3944  -1.3946  -1.3951
 -1.3965  -1.3999  -1.4084  -1.4298  -1.4835  -1.6182  -1.9551  -2.7856  -4.3604
 -5.0933  -5.6310  -6.1494  -6.6691  -7.1985  -7.8033  -8.4920  -9.0127  -9.5439
-10.0922 -10.6683 -11.2884 -11.9786 -12.7798 -13.7572 -15.0137 -16.2702 -17.1429
  0.0000  -1.5415  -1.5415  -1.5415  -1.5415  -1.5415  -1.5415  -1.5415  -1.5415
 -1.5415  -1.5415  -1.5415  -1.5415  -1.5415  -1.5416  -1.5416  -1.5417  -1.5420
 -1.5427  -1.5444  -1.5487  -1.5595  -1.5866  -1.6547  -1.8256  -2.2535  -3.3066
 -4.9867  -5.6061  -6.1372  -6.6622  -7.1943  -7.8001  -8.4890  -9.0110  -9.5426
-10.0914 -10.6677 -11.2879 -11.9782 -12.7795 -13.7569 -15.0134 -16.2699 -17.1426
  0.0000  -1.6904  -1.6904  -1.6904  -1.6904  -1.6904  -1.6904  -1.6904  -1.6904
 -1.6904  -1.6904  -1.6904  -1.6904  -1.6904  -1.6904  -1.6905  -1.6905  -1.6906
 -1.6910  -1.6918  -1.6940  -1.6994  -1.7131  -1.7473  -1.8334  -2.0494  -2.5904
 -3.9166  -5.5504  -6.1171  -6.6515  -7.1880  -7.7953  -8.4848  -9.0084  -9.5412
-10.0905 -10.6672 -11.2877 -11.9781 -12.7795 -13.7570 -15.0136 -16.2702 -17.1430
  0.0000  -1.8391  -1.8391  -1.8391  -1.8391  -1.8391  -1.8391  -1.8391  -1.8391
 -1.8391  -1.8391  -1.8391  -1.8391  -1.8391  -1.8391  -1.8391  -1.8391  -1.8392
 -1.8393  -1.8398  -1.8409  -1.8436  -1.8504  -1.8676  -1.9108  -2.0193  -2.2916
 -2.9738  -4.6288  -6.0791  -6.6334  -7.1770  -7.7866  -8.4771  -9.0034  -9.5375
-10.0879 -10.6653 -11.2862 -11.9769 -12.7785 -13.7560 -15.0126 -16.2692 -17.1419
  0.0000  -1.9899  -1.9899  -1.9899  -1.9899  -1.9899  -1.9899  -1.9899  -1.9899
 -1.9899  -1.9899  -1.9899  -1.9899  -1.9899  -1.9900  -1.9900  -1.9900  -1.9900
 -1.9901  -1.9903  -1.9908  -1.9922  -1.9956  -2.0043  -2.0259  -2.0802  -2.2167
 -2.5595  -3.4183  -5.4454  -6.6057  -7.1628  -7.7756  -8.4672  -8.9978  -9.5340
-10.0859 -10.6643 -11.2860 -11.9771 -12.7790 -13.7567 -15.0134 -16.2701 -17.1430
  0.0000  -2.1420  -2.1420  -2.1420  -2.1420  -2.1420  -2.1420  -2.1420  -2.1420
 -2.1420  -2.1420  -2.1420  -2.1420  -2.1420  -2.1420  -2.1420  -2.1420  -2.1420
 -2.1421  -2.1422  -2.1424  -2.1431  -2.1448  -2.1492  -2.1600  -2.1872  -2.2555
 -2.4272  -2.8582  -3.9382  -6.3019  -7.1425  -7.7609  -8.4539  -8.9900  -9.5288
-10.0831 -10.6630 -11.2858 -11.9777 -12.7801 -13.7581 -15.0150 -16.2719 -17.1451
  0.0000  -2.2901  -2.2901  -2.2901  -2.2901  -2.2901  -2.2901  -2.2901  -2.2901
 -2.2901  -2.2901  -2.2901  -2.2901  -2.2901  -2.2901  -2.2901  -2.2901  -2.2901
 -2.2901  -2.2902  -2.2903  -2.2906  -2.2915  -2.2937  -2.2991  -2.3127  -2.3469
 -2.4328  -2.6485  -3.1903  -4.5472  -7.0438  -7.7366  -8.4333  -8.9756  -9.5168
-10.0738 -10.6560 -11.2802 -11.9734 -12.7765 -13.7551 -15.0123 -16.2695 -17.1436
  0.0000  -1.0757  -1.0757  -1.0757  -1.0757  -1.0757  -1.0757  -1.0757  -1.0757
 -1.0757  -1.0757  -1.0757  -1.0757  -1.0758  -1.0759  -1.0763  -1.0773  -1.0796
 -1.0856  -1.1006  -1.1382  -1.2324  -1.4672  -2.0406  -3.2119  -4.0646  -4.6179
 -5.1417  -5.6591  -6.1817  -6.7559  -7.4850  -8.0039  -8.5312  -9.0730  -9.6385
-10.2417 -10.9049 -11.6633 -12.5728 -13.7216 -15.2500 -17.3797 -19.5094 -20.8123
  0.0000  -1.2177  -1.2177  -1.2177  -1.2177  -1.2177  -1.2177  -1.2177  -1.2177
 -1.2177  -1.2177  -1.2177  -1.2177  -1.2178  -1.2178  -1.2180  -1.2185  -1.2197
 -1.2228  -1.2305  -1.2499  -1.2985  -1.4204  -1.7248  -2.4682  -3.8531  -4.5866
 -5.1276  -5.6515  -6.1774  -6.7529  -7.4819  -8.0023  -8.5303  -9.0727  -9.6385
-10.2418 -10.9052 -11.6637 -12.5732 -13.7221 -15.2504 -17.3802 -19.5100 -20.8126
  0.0000  -1.3625  -1.3625  -1.3625  -1.3625  -1.3625  -1.3625  -1.3625  -1.3625
 -1.3625  -1.3625  -1.3625  -1.3625  -1.3625  -1.3626  -1.3627  -1.3629  -1.3636
 -1.3651  -1.3690  -1.3789  -1.4037  -1.4659  -1.6218  -2.0115  -2.9625  -4.4734
 -5.1023  -5.6385  -6.1694  -6.7471  -7.4761  -7.9986  -8.5279  -9.0710  -9.6374
-10.2411 -10.9046 -11.6633 -12.5729 -13.7218 -15.2502 -17.3800 -19.5098 -20.8126
  0.0000  -1.5096  -1.5096  -1.5096  -1.5096  -1.5096  -1.5096  -1.5096  -1.5096
 -1.5096  -1.5096  -1.5096  -1.5096  -1.5096  -1.5097  -1.5097  -1.5098  -1.5102
 -1.5109  -1.5129  -1.5179  -1.5304  -1.5619  -1.6408  -1.8389  -2.3342  -3.5379
 -5.0435  -5.6181  -6.1577  -6.7383  -7.4671  -7.9933  -8.5241  -9.0687  -9.6357
-10.2400 -10.9039 -11.6628 -12.5725 -13.7216 -15.2500 -17.3798 -19.5096 -20.8123
  0.0000  -1.6581  -1.6581  -1.6581  -1.6581  -1.6581  -1.6581  -1.6581  -1.6581
 -1.6581  -1.6581  -1.6581  -1.6581  -1.6581  -1.6581  -1.6582  -1.6582  -1.6584
 -1.6588  -1.6598  -1.6623  -1.6686  -1.6844  -1.7241  -1.8239  -2.0744  -2.7010
 -4.2075  -5.5813  -6.1408  -6.7258  -7.4539  -7.9853  -8.5185  -9.0646  -9.6332
-10.2383 -10.9028 -11.6620 -12.5720 -13.7212 -15.2497 -17.3796 -19.5095 -20.8123
  0.0000  -1.8074  -1.8074  -1.8074  -1.8074  -1.8074  -1.8074  -1.8074  -1.8074
 -1.8074  -1.8074  -1.8074  -1.8074  -1.8074  -1.8074  -1.8074  -1.8074  -1.8075
 -1.8077  -1.8082  -1.8095  -1.8126  -1.8205  -1.8405  -1.8906  -2.0164  -2.3322
 -3.1226  -4.9729  -6.1146  -6.7096  -7.4363  -7.9742  -8.5098  -9.0587  -9.6290
-10.2356 -10.9009 -11.6609 -12.5712 -13.7207 -15.2494 -17.3794 -19.5094 -20.8124
  0.0000  -1.9575  -1.9575  -1.9575  -1.9575  -1.9575  -1.9575  -1.9575  -1.9575
 -1.9575  -1.9575  -1.9575  -1.9575  -1.9575  -1.9575  -1.9575  -1.9575  -1.9576
 -1.9577  -1.9579  -1.9585  -1.9601  -1.9641  -1.9741  -1.9992  -2.0622  -2.2206
 -2.6182  -3.6132  -5.7910  -6.6878  -7.4162  -7.9626  -8.4991  -9.0506  -9.6235
-10.2319 -10.8986 -11.6594 -12.5705 -13.7203 -15.2492 -17.3794 -19.5096 -20.8128
  0.0000  -0.7853  -0.7853  -0.7853  -0.7853  -0.7853  -0.7853  -0.7853  -0.7853
 -0.7853  -0.7853  -0.7853  -0.7854  -0.7857  -0.7863  -0.7878  -0.7916  -0.8012
 -0.8252  -0.8853  -1.0343  -1.3940  -2.1548  -3.0108  -3.5972  -4.1302  -4.6517
 -5.1675  -5.7103  -6.3845  -6.9959  -7.5203  -8.0568  -8.6133  -9.2020  -9.8421
-10.5639 -11.4151 -12.4717 -13.8537 -15.7516 -18.4670 -22.4782 -26.4894 -28.7186
  0.0000  -0.9103  -0.9103  -0.9103  -0.9103  -0.9103  -0.9103  -0.9103  -0.9103
 -0.9103  -0.9103  -0.9103  -0.9104  -0.9105  -0.9109  -0.9117  -0.9138  -0.9190
 -0.9320  -0.9648  -1.0468  -1.2506  -1.7426  -2.7300  -3.5536  -4.1123  -4.6415
 -5.1612  -5.7059  -6.3804  -6.9925  -7.5180  -8.0552  -8.6121  -9.2011  -9.8414
-10.5632 -11.4145 -12.4711 -13.8532 -15.7510 -18.4665 -22.4776 -26.4887 -28.7182
  0.0000  -1.0455  -1.0455  -1.0455  -1.0455  -1.0455  -1.0455  -1.0455  -1.0455
 -1.0455  -1.0455  -1.0456  -1.0456  -1.0457  -1.0458  -1.0463  -1.0474  -1.0501
 -1.0570  -1.0743  -1.1177  -1.2263  -1.4965  -2.1493  -3.3488  -4.0814  -4.6273
 -5.1529  -5.7003  -6.3751  -6.9888  -7.5157  -8.0539  -8.6115  -9.2009  -9.8415
-10.5635 -11.4149 -12.4716 -13.8537 -15.7516 -18.4670 -22.4782 -26.4894 -28.7186
  0.0000  -1.1890  -1.1890  -1.1890  -1.1890  -1.1890  -1.1890  -1.1890  -1.1890
 -1.1890  -1.1890  -1.1890  -1.1890  -1.1890  -1.1891  -1.1893  -1.1899  -1.1913
 -1.1949  -1.2038  -1.2262  -1.2825  -1.4234  -1.7747  -2.6221  -3.9664  -4.6060
 -5.1431  -5.6940  -6.3690  -6.9848  -7.5140  -8.0534  -8.6122  -9.2024  -9.8434
-10.5657 -11.4173 -12.4741 -13.8563 -15.7542 -18.4697 -22.4809 -26.4921 -28.7215
  0.0000  -1.3310  -1.3310  -1.3310  -1.3310  -1.3310  -1.3310  -1.3310  -1.3310
 -1.3310  -1.3310  -1.3310  -1.3310  -1.3310  -1.3310  -1.3312  -1.3314  -1.3322
 -1.3340  -1.3385  -1.3500  -1.3787  -1.4507  -1.6313  -2.0818  -3.1642  -4.5423
 -5.1224  -5.6796  -6.3540  -6.9723  -7.5044  -8.0461  -8.6063  -9.1976  -9.8395
-10.5623 -11.4142 -12.4712 -13.8535 -15.7515 -18.4670 -22.4782 -26.4894 -28.7187
  0.0000  -1.4776  -1.4776  -1.4776  -1.4776  -1.4776  -1.4776  -1.4776  -1.4776
 -1.4776  -1.4776  -1.4776  -1.4776  -1.4776  -1.4777  -1.4777  -1.4779  -1.4782
 -1.4791  -1.4814  -1.4872  -1.5017  -1.5382  -1.6297  -1.8592  -2.4324  -3.7947
 -5.0877  -5.6643  -6.3384  -6.9595  -7.4943  -8.0386  -8.6011  -9.1939  -9.8369
-10.5606 -11.4130 -12.4703 -13.8528 -15.7510 -18.4666 -22.4778 -26.4890 -28.7185
  0.0000  -1.6257  -1.6257  -1.6257  -1.6257  -1.6257  -1.6257  -1.6257  -1.6257
 -1.6257  -1.6257  -1.6257  -1.6257  -1.6257  -1.6257  -1.6257  -1.6258  -1.6260
 -1.6264  -1.6276  -1.6305  -1.6378  -1.6561  -1.7022  -1.8180  -2.1083  -2.8337
 -4.5138  -5.6400  -6.3199  -6.9465  -7.4823  -8.0283  -8.5932  -9.1884  -9.8328
-10.5576 -11.4109 -12.4687 -13.8515 -15.7499 -18.4656 -22.4770 -26.4884 -28.7179
  0.0000  -0.5575  -0.5575  -0.5575  -0.5575  -0.5575  -0.5575  -0.5575  -0.5576
 -0.5576  -0.5576  -0.5577  -0.5581  -0.5588  -0.5608  -0.5657  -0.5779  -0.6085
 -0.6841  -0.8660  -1.2668  -1.9201  -2.5489  -3.1038  -3.6325  -4.1580  -4.6909
 -5.2975  -5.9867  -6.5092  -7.0415  -7.5905  -8.1670  -8.7874  -9.4778 -10.2791
-11.2566 -12.5131 -14.2121 -16.6122 -20.1238 -25.3967 -33.4613 -41.5259 -45.7513
  0.0000  -0.6488  -0.6488  -0.6488  -0.6488  -0.6488  -0.6488  -0.6488  -0.6488
 -0.6488  -0.6488  -0.6489  -0.6491  -0.6496  -0.6508  -0.6538  -0.6614  -0.6803
 -0.7276  -0.8445  -1.1242  -1.7154  -2.4851  -3.0836  -3.6223  -4.1515  -4.6866
 -5.2940  -5.9834  -6.5072  -7.0402  -7.5899  -8.1667  -8.7873  -9.4778 -10.2793
-11.2568 -12.5133 -14.2123 -16.6125 -20.1241 -25.3970 -33.4616 -41.5262 -45.7516
  0.0000  -0.7581  -0.7581  -0.7581  -0.7581  -0.7581  -0.7581  -0.7581  -0.7581
 -0.7581  -0.7581  -0.7582  -0.7583  -0.7586  -0.7593  -0.7610  -0.7654  -0.7763
 -0.8037  -0.8721  -1.0414  -1.4454  -2.2524  -3.0407  -3.6062  -4.1422  -4.6801
 -5.2884  -5.9781  -6.5038  -7.0381  -7.5885  -8.1660  -8.7870  -9.4777 -10.2793
-11.2569 -12.5135 -14.2126 -16.6128 -20.1243 -25.3973 -33.4619 -41.5265 -45.7521
  0.0000  -0.8813  -0.8813  -0.8813  -0.8813  -0.8813  -0.8813  -0.8813  -0.8813
 -0.8813  -0.8813  -0.8813  -0.8814  -0.8816  -0.8819  -0.8829  -0.8853  -0.8912
 -0.9063  -0.9440  -1.0382  -1.2715  -1.8277  -2.8468  -3.5766  -4.1285  -4.6709
 -5.2799  -5.9695  -6.4982  -7.0341  -7.5858  -8.1643  -8.7859  -9.4769 -10.2788
-11.2565 -12.5133 -14.2123 -16.6126 -20.1242 -25.3972 -33.4618 -41.5264 -45.7520
  0.0000  -1.0143  -1.0143  -1.0143  -1.0143  -1.0143  -1.0143  -1.0143  -1.0143
 -1.0143  -1.0143  -1.0143  -1.0143  -1.0144  -1.0146  -1.0151  -1.0164  -1.0195
 -1.0275  -1.0474  -1.0975  -1.2228  -1.5337  -2.2737  -3.4551  -4.1068  -4.6592
 -5.2688  -5.9575  -6.4895  -7.0278  -7.5814  -8.1610  -8.7837  -9.4754 -10.2777
-11.2557 -12.5126 -14.2118 -16.6121 -20.1237 -25.3967 -33.4613 -41.5259 -45.7515
  0.0000  -1.1550  -1.1550  -1.1550  -1.1550  -1.1550  -1.1550  -1.1550  -1.1550
 -1.1550  -1.1550  -1.1550  -1.1550  -1.1551  -1.1552  -1.1554  -1.1561  -1.1577
 -1.1618  -1.1722  -1.1981  -1.2632  -1.4262  -1.8313  -2.7910  -4.0434  -4.6450
 -5.2575  -5.9449  -6.4798  -7.0199  -7.5760  -8.1575  -8.7814  -9.4743 -10.2772
-11.2556 -12.5128 -14.2122 -16.6126 -20.1243 -25.3973 -33.4620 -41.5267 -45.7522
  0.0000  -1.2985  -1.2985  -1.2985  -1.2985  -1.2985  -1.2985  -1.2985  -1.2985
 -1.2985  -1.2985  -1.2985  -1.2986  -1.2986  -1.2986  -1.2988  -1.2991  -1.2999
 -1.3020  -1.3073  -1.3205  -1.3538  -1.4372  -1.6463  -2.1667  -3.3862  -4.6095
 -5.2428  -5.9321  -6.4689  -7.0088  -7.5668  -8.1508  -8.7766  -9.4706 -10.2747
-11.2538 -12.5114 -14.2110 -16.6116 -20.1234 -25.3965 -33.4612 -41.5259 -45.7515
  0.0000  -0.4318  -0.4318  -0.4318  -0.4318  -0.4318  -0.4318  -0.4318  -0.4318
 -0.4318  -0.4319  -0.4322  -0.4328  -0.4345  -0.4385  -0.4487  -0.4739  -0.5358
 -0.6809  -0.9858  -1.4793  -2.0425  -2.5918  -3.1310  -3.6650  -4.2448  -4.9760
 -5.4980  -6.0276  -6.5707  -7.1370  -7.7406  -8.4042  -9.1628 -10.0724 -11.2213
-12.7497 -14.8795 -17.9625 -22.5562 -29.5443 -36.9993 -36.9993 -36.9993 -48.9494
  0.0000  -0.4746  -0.4746  -0.4746  -0.4746  -0.4746  -0.4746  -0.4746  -0.4746
 -0.4747  -0.4747  -0.4749  -0.4754  -0.4767  -0.4798  -0.4876  -0.5070  -0.5551
 -0.6712  -0.9334  -1.4191  -2.0176  -2.5814  -3.1238  -3.6598  -4.2404  -4.9711
 -5.4949  -6.0251  -6.5691  -7.1358  -7.7398  -8.4035  -9.1623 -10.0719 -11.2209
-12.7493 -14.8791 -17.9621 -22.5559 -29.5440 -36.9990 -36.9990 -36.9990 -48.9491
  0.0000  -0.5384  -0.5384  -0.5384  -0.5384  -0.5384  -0.5384  -0.5384  -0.5384
 -0.5384  -0.5385  -0.5386  -0.5389  -0.5398  -0.5419  -0.5473  -0.5609  -0.5946
 -0.6777  -0.8762  -1.3034  -1.9571  -2.5647  -3.1149  -3.6534  -4.2348  -4.9645
 -5.4908  -6.0224  -6.5673  -7.1349  -7.7394  -8.4034  -9.1623 -10.0721 -11.2212
-12.7496 -14.8795 -17.9625 -22.5563 -29.5444 -36.9994 -36.9994 -36.9994 -48.9495
  0.0000  -0.6257  -0.6257  -0.6257  -0.6257  -0.6257  -0.6257  -0.6257  -0.6257
 -0.6257  -0.6257  -0.6258  -0.6260  -0.6266  -0.6279  -0.6313  -0.6398  -0.6612
 -0.7145  -0.8457  -1.1564  -1.7856  -2.5240  -3.1030  -3.6466  -4.2286  -4.9564
 -5.4856  -6.0192  -6.5657  -7.1342  -7.7396  -8.4041  -9.1634 -10.0734 -11.2226
-12.7511 -14.8810 -17.9640 -22.5578 -29.5459 -37.0010 -37.0010 -37.0010 -48.9513
  0.0000  -0.7294  -0.7294  -0.7294  -0.7294  -0.7294  -0.7294  -0.7294  -0.7294
 -0.7294  -0.7294  -0.7295  -0.7296  -0.7299  -0.7307  -0.7327  -0.7377  -0.7502
 -0.7814  -0.8595  -1.0518  -1.5049  -2.3474  -3.0741  -3.6345  -4.2178  -4.9424
 -5.4747  -6.0101  -6.5586  -7.1288  -7.7352  -8.4007  -9.1605 -10.0708 -11.2203
-12.7490 -14.8789 -17.9620 -22.5559 -29.5440 -36.9991 -36.9991 -36.9991 -48.9495
  0.0000  -0.8510  -0.8510  -0.8510  -0.8510  -0.8510  -0.8510  -0.8510  -0.8510
 -0.8510  -0.8510  -0.8511  -0.8511  -0.8513  -0.8517  -0.8528  -0.8556  -0.8625
 -0.8797  -0.9231  -1.0313  -1.2983  -1.9248  -2.9496  -3.6176  -4.2091  -4.9305
 -5.4649  -6.0008  -6.5515  -7.1238  -7.7319  -8.3985  -9.1593 -10.0702 -11.2199
-12.7489 -14.8790 -17.9622 -22.5561 -29.5442 -36.9994 -36.9994 -36.9994 -48.9500
  0.0000  -0.9830  -0.9830  -0.9830  -0.9830  -0.9830  -0.9830  -0.9830  -0.9830
 -0.9830  -0.9830  -0.9830  -0.9830  -0.9831  -0.9833  -0.9839  -0.9854  -0.9890
 -0.9982  -1.0212  -1.0790  -1.2234  -1.5807  -2.4139  -3.5466  -4.1959  -4.9198
 -5.4575  -5.9902  -6.5417  -7.1162  -7.7264  -8.3946  -9.1564 -10.0683 -11.2186
-12.7478 -14.8782 -17.9615 -22.5555 -29.5437 -36.9990 -36.9990 -36.9990 -48.9498
  0.0000  -0.3920  -0.3920  -0.3920  -0.3920  -0.3920  -0.3920  -0.3920  -0.3920
 -0.3921  -0.3922  -0.3926  -0.3934  -0.3955  -0.4006  -0.4136  -0.4457  -0.5232
 -0.6974  -1.0317  -1.5179  -2.0644  -2.6161  -3.1797  -3.8635  -4.4821  -5.0112
 -5.5508  -6.1090  -6.6988  -7.3395  -8.0617  -8.9132  -9.9699 -11.3520 -13.2499
-15.9654 -19.9766 -26.0414 -35.3611 -36.9982 -36.9982 -36.9982 -36.9982 -37.2659
  0.0000  -0.4040  -0.4040  -0.4040  -0.4040  -0.4040  -0.4040  -0.4040  -0.4040
 -0.4041  -0.4042  -0.4045  -0.4052  -0.4072  -0.4120  -0.4240  -0.4538  -0.5259
 -0.6909  -1.0174  -1.5070  -2.0583  -2.6115  -3.1755  -3.8594  -4.4786  -5.0090
 -5.5491  -6.1080  -6.6981  -7.3391  -8.0614  -8.9130  -9.9698 -11.3519 -13.2499
-15.9653 -19.9765 -26.0414 -35.3611 -36.9982 -36.9982 -36.9982 -36.9982 -37.2659
  0.0000  -0.4234  -0.4234  -0.4234  -0.4234  -0.4234  -0.4234  -0.4234  -0.4234
 -0.4235  -0.4236  -0.4239  -0.4245  -0.4262  -0.4304  -0.4410  -0.4672  -0.5312
 -0.6811  -0.9932  -1.4899  -2.0520  -2.6067  -3.1703  -3.8531  -4.4731  -5.0052
 -5.5464  -6.1062  -6.6970  -7.3384  -8.0609  -8.9127  -9.9696 -11.3518 -13.2498
-15.9653 -19.9765 -26.0414 -35.3611 -36.9982 -36.9982 -36.9982 -36.9982 -37.2659
  0.0000  -0.4586  -0.4586  -0.4586  -0.4586  -0.4586  -0.4586  -0.4586  -0.4586
 -0.4587  -0.4588  -0.4590  -0.4595  -0.4608  -0.4642  -0.4726  -0.4936  -0.5454
 -0.6701  -0.9482  -1.4469  -2.0395  -2.6019  -3.1646  -3.8452  -4.4654  -4.9993
 -5.5423  -6.1032  -6.6951  -7.3372  -8.0602  -8.9122  -9.9693 -11.3516 -13.2497
-15.9652 -19.9765 -26.0414 -35.3611 -36.9982 -36.9982 -36.9982 -36.9982 -37.2659
  0.0000  -0.5159  -0.5159  -0.5159  -0.5159  -0.5159  -0.5159  -0.5159  -0.5159
 -0.5160  -0.5160  -0.5162  -0.5165  -0.5175  -0.5199  -0.5259  -0.5409  -0.5783
 -0.6703  -0.8882  -1.3449  -1.9995  -2.5944  -3.1595  -3.8367  -4.4562  -4.9911
 -5.5361  -6.0989  -6.6920  -7.3353  -8.0590  -8.9115  -9.9688 -11.3514 -13.2495
-15.9652 -19.9765 -26.0414 -35.3611 -36.9983 -36.9983 -36.9983 -36.9983 -37.2659
  0.0000  -0.5966  -0.5966  -0.5966  -0.5966  -0.5966  -0.5966  -0.5966  -0.5967
 -0.5967  -0.5967  -0.5968  -0.5970  -0.5977  -0.5992  -0.6030  -0.6127  -0.6368
 -0.6970  -0.8446  -1.1900  -1.8567  -2.5691  -3.1537  -3.8289  -4.4471  -4.9810
 -5.5269  -6.0919  -6.6870  -7.3314  -8.0563  -8.9096  -9.9674 -11.3502 -13.2486
-15.9644 -19.9757 -26.0407 -35.3605 -36.9977 -36.9977 -36.9977 -36.9977 -37.2653
  0.0000  -0.7005  -0.7005  -0.7005  -0.7005  -0.7005  -0.7005  -0.7005  -0.7005
 -0.7005  -0.7005  -0.7006  -0.7007  -0.7011  -0.7020  -0.7042  -0.7099  -0.7242
 -0.7599  -0.8488  -1.0672  -1.5736  -2.4417  -3.1399  -3.8231  -4.4445  -4.9739
 -5.5181  -6.0841  -6.6812  -7.3277  -8.0538  -8.9082  -9.9668 -11.3500 -13.2487
-15.9646 -19.9761 -26.0412 -35.3610 -36.9983 -36.9983 -36.9983 -36.9983 -37.2659
  0.0000  -0.3825  -0.3825  -0.3825  -0.3825  -0.3825  -0.3825  -0.3825  -0.3825
 -0.3826  -0.3827  -0.3830  -0.3838  -0.3859  -0.3911  -0.4042  -0.4369  -0.5162
 -0.6949  -1.0349  -1.5286  -2.0960  -2.7413  -3.4505  -3.9876  -4.5278  -5.0811
 -5.6604  -6.2823  -6.9736  -7.7755  -8.7532 -10.0100 -11.7090 -14.1093 -17.6208
-22.8938 -30.9584 -36.9965 -36.9965 -36.9965 -36.9965 -36.9965 -36.9965 -36.8318
  0.0000  -0.3886  -0.3886  -0.3886  -0.3886  -0.3886  -0.3886  -0.3886  -0.3886
 -0.3887  -0.3888  -0.3891  -0.3899  -0.3920  -0.3970  -0.4098  -0.4416  -0.5186
 -0.6921  -1.0265  -1.5203  -2.0902  -2.7369  -3.4473  -3.9855  -4.5263  -5.0802
 -5.6598  -6.2819  -6.9733  -7.7753  -8.7531 -10.0099 -11.7090 -14.1092 -17.6208
-22.8938 -30.9584 -36.9965 -36.9965 -36.9965 -36.9965 -36.9965 -36.9965 -36.8318
  0.0000  -0.3904  -0.3904  -0.3904  -0.3904  -0.3904  -0.3904  -0.3904  -0.3904
 -0.3904  -0.3906  -0.3909  -0.3917  -0.3937  -0.3988  -0.4115  -0.4431  -0.5195
 -0.6915  -1.0241  -1.5178  -2.0872  -2.7316  -3.4415  -3.9811  -4.5232  -5.0781
 -5.6583  -6.2810  -6.9727  -7.7749  -8.7529 -10.0097 -11.7089 -14.1092 -17.6208
-22.8938 -30.9584 -36.9965 -36.9965 -36.9965 -36.9965 -36.9965 -36.9965 -36.8318
  0.0000  -0.3941  -0.3941  -0.3941  -0.3941  -0.3941  -0.3941  -0.3941  -0.3941
 -0.3942  -0.3943  -0.3946  -0.3954  -0.3974  -0.4023  -0.4147  -0.4454  -0.5196
 -0.6885  -1.0205  -1.5179  -2.0871  -2.7189  -3.4341  -3.9748  -4.5182  -5.0747
 -5.6559  -6.2795  -6.9718  -7.7744  -8.7526 -10.0096 -11.7088 -14.1092 -17.6208
-22.8938 -30.9584 -36.9966 -36.9966 -36.9966 -36.9966 -36.9966 -36.9966 -36.8319
  0.0000  -0.4066  -0.4066  -0.4066  -0.4066  -0.4066  -0.4066  -0.4066  -0.4066
 -0.4067  -0.4068  -0.4071  -0.4078  -0.4096  -0.4141  -0.4253  -0.4532  -0.5213
 -0.6798  -1.0052  -1.5131  -2.0891  -2.7182  -3.4269  -3.9669  -4.5110  -5.0693
 -5.6522  -6.2768  -6.9702  -7.7734  -8.7519 -10.0092 -11.7086 -14.1091 -17.6208
-22.8939 -30.9585 -36.9967 -36.9967 -36.9967 -36.9967 -36.9967 -36.9967 -36.8320
  0.0000  -0.4363  -0.4363  -0.4363  -0.4363  -0.4364  -0.4364  -0.4364  -0.4364
 -0.4364  -0.4365  -0.4367  -0.4373  -0.4388  -0.4425  -0.4516  -0.4746  -0.5312
 -0.6666  -0.9647  -1.4833  -2.0877  -2.7204  -3.4231  -3.9598  -4.5023  -5.0618
 -5.6466  -6.2730  -6.9675  -7.7717  -8.7509 -10.0086 -11.7083 -14.1089 -17.6207
-22.8938 -30.9585 -36.9968 -36.9968 -36.9968 -36.9968 -36.9968 -36.9968 -36.8321
  0.0000  -0.4902  -0.4902  -0.4902  -0.4902  -0.4902  -0.4902  -0.4902  -0.4902
 -0.4902  -0.4903  -0.4905  -0.4909  -0.4919  -0.4946  -0.5013  -0.5180  -0.5595
 -0.6615  -0.9010  -1.3905  -2.0608  -2.7207  -3.4253  -3.9578  -4.4948  -5.0534
 -5.6395  -6.2679  -6.9640  -7.7693  -8.7496 -10.0079 -11.7079 -14.1088 -17.6208
-22.8940 -30.9587 -36.9971 -36.9971 -36.9971 -36.9971 -36.9971 -36.9971 -36.8324
  0.0000  -0.3639  -0.3639  -0.3639  -0.3639  -0.3639  -0.3639  -0.3640  -0.3640
 -0.3640  -0.3642  -0.3646  -0.3656  -0.3679  -0.3734  -0.3869  -0.4205  -0.5016
 -0.6866  -1.0429  -1.5797  -2.2897  -2.9356  -3.4899  -4.0465  -4.6202  -5.2281
 -5.8942  -6.6543  -7.5648  -8.7143 -10.2430 -12.3730 -15.4561 -20.0499 -27.0381
-36.9931 -36.9931 -36.9931 -36.9931 -36.9931 -36.9931 -36.9931 -36.9931 -36.9696
  0.0000  -0.3773  -0.3773  -0.3773  -0.3773  -0.3773  -0.3773  -0.3773  -0.3774
 -0.3774  -0.3776  -0.3779  -0.3788  -0.3809  -0.3860  -0.3985  -0.4294  -0.5046
 -0.6786  -1.0253  -1.5646  -2.2830  -2.9349  -3.4902  -4.0470  -4.6205  -5.2285
 -5.8944  -6.6544  -7.5649  -8.7143 -10.2430 -12.3730 -15.4561 -20.0499 -27.0381
-36.9931 -36.9931 -36.9931 -36.9931 -36.9931 -36.9931 -36.9931 -36.9931 -36.9696
  0.0000  -0.3788  -0.3788  -0.3788  -0.3788  -0.3788  -0.3788  -0.3788  -0.3788
 -0.3789  -0.3790  -0.3793  -0.3802  -0.3822  -0.3874  -0.4001  -0.4313  -0.5064
 -0.6787  -1.0213  -1.5591  -2.2800  -2.9307  -3.4869  -4.0446  -4.6190  -5.2273
 -5.8937  -6.6539  -7.5645  -8.7141 -10.2428 -12.3728 -15.4560 -20.0498 -27.0380
-36.9930 -36.9930 -36.9930 -36.9930 -36.9930 -36.9930 -36.9930 -36.9930 -36.9695
  0.0000  -0.3751  -0.3751  -0.3751  -0.3751  -0.3751  -0.3751  -0.3751  -0.3751
 -0.3752  -0.3753  -0.3757  -0.3765  -0.3786  -0.3839  -0.3970  -0.4294  -0.5066
 -0.6817  -1.0251  -1.5610  -2.2812  -2.9252  -3.4817  -4.0405  -4.6161  -5.2254
 -5.8924  -6.6532  -7.5641  -8.7138 -10.2427 -12.3728 -15.4560 -20.0498 -27.0380
-36.9931 -36.9931 -36.9931 -36.9931 -36.9931 -36.9931 -36.9931 -36.9931 -36.9696
  0.0000  -0.3697  -0.3697  -0.3697  -0.3697  -0.3697  -0.3697  -0.3697  -0.3697
 -0.3698  -0.3699  -0.3703  -0.3711  -0.3733  -0.3787  -0.3922  -0.4255  -0.5050
 -0.6843  -1.0325  -1.5693  -2.2883  -2.9201  -3.4747  -4.0342  -4.6114  -5.2220
 -5.8901  -6.6517  -7.5631  -8.7132 -10.2423 -12.3725 -15.4558 -20.0497 -27.0380
-36.9931 -36.9931 -36.9931 -36.9931 -36.9931 -36.9931 -36.9931 -36.9931 -36.9696
  0.0000  -0.3683  -0.3683  -0.3683  -0.3683  -0.3683  -0.3683  -0.3683  -0.3684
 -0.3684  -0.3685  -0.3689  -0.3697  -0.3719  -0.3772  -0.3905  -0.4234  -0.5027
 -0.6830  -1.0363  -1.5803  -2.3028  -2.9194  -3.4682  -4.0265  -4.6047  -5.2173
 -5.8868  -6.6495  -7.5618  -8.7124 -10.2419 -12.3723 -15.4558 -20.0498 -27.0381
-36.9933 -36.9933 -36.9933 -36.9933 -36.9933 -36.9933 -36.9933 -36.9933 -36.9698
  0.0000  -0.3782  -0.3782  -0.3782  -0.3782  -0.3782  -0.3782  -0.3782  -0.3782
 -0.3782  -0.3784  -0.3787  -0.3794  -0.3814  -0.3863  -0.3985  -0.4287  -0.5024
 -0.6737  -1.0238  -1.5825  -2.3200  -2.9264  -3.4654  -4.0192  -4.5970  -5.2109
 -5.8823  -6.6463  -7.5596  -8.7111 -10.2411 -12.3719 -15.4555 -20.0497 -27.0380
-36.9934 -36.9934 -36.9934 -36.9934 -36.9934 -36.9934 -36.9934 -36.9934 -36.9699
  0.0000  -0.3027  -0.3027  -0.3027  -0.3027  -0.3027  -0.3027  -0.3027  -0.3027
 -0.3028  -0.3031  -0.3037  -0.3051  -0.3082  -0.3155  -0.3328  -0.3750  -0.4753
 -0.7007  -1.1458  -1.7952  -2.4145  -2.9867  -3.5653  -4.1679  -4.8166  -5.5436
 -6.3982  -7.4569  -8.8402 -10.7388 -13.4547 -17.4662 -23.5312 -32.8509 -36.9883
-36.9883 -36.9883 -36.9883 -36.9883 -36.9883 -36.9883 -36.9883 -36.9883 -36.9898
  0.0000  -0.3377  -0.3377  -0.3377  -0.3377  -0.3377  -0.3377  -0.3378  -0.3378
 -0.3379  -0.3381  -0.3385  -0.3396  -0.3421  -0.3478  -0.3612  -0.3943  -0.4759
 -0.6726  -1.0946  -1.7676  -2.4027  -2.9927  -3.5720  -4.1733  -4.8203  -5.5463
 -6.4000  -7.4579  -8.8408 -10.7392 -13.4549 -17.4662 -23.5312 -32.8509 -36.9882
-36.9882 -36.9882 -36.9882 -36.9882 -36.9882 -36.9882 -36.9882 -36.9882 -36.9897
  0.0000  -0.3448  -0.3448  -0.3448  -0.3448  -0.3448  -0.3448  -0.3448  -0.3449
 -0.3449  -0.3451  -0.3455  -0.3465  -0.3489  -0.3544  -0.3676  -0.3994  -0.4777
 -0.6670  -1.0817  -1.7577  -2.4003  -2.9921  -3.5718  -4.1732  -4.8203  -5.5463
 -6.4000  -7.4579  -8.8408 -10.7392 -13.4549 -17.4662 -23.5312 -32.8509 -36.9882
-36.9882 -36.9882 -36.9882 -36.9882 -36.9882 -36.9882 -36.9882 -36.9882 -36.9897
  0.0000  -0.3416  -0.3416  -0.3416  -0.3416  -0.3416  -0.3416  -0.3416  -0.3416
 -0.3417  -0.3418  -0.3422  -0.3432  -0.3456  -0.3514  -0.3650  -0.3982  -0.4784
 -0.6693  -1.0852  -1.7604  -2.3966  -2.9883  -3.5689  -4.1712  -4.8190  -5.5455
 -6.3995  -7.4577  -8.8407 -10.7391 -13.4549 -17.4663 -23.5312 -32.8509 -36.9883
-36.9883 -36.9883 -36.9883 -36.9883 -36.9883 -36.9883 -36.9883 -36.9883 -36.9898
  1.0000  -0.3430  -0.3430  -0.3430  -0.3430  -0.3430  -0.3430  -0.3430  -0.3430
 -0.3431  -0.3432  -0.3436  -0.3445  -0.3468  -0.3525  -0.3660  -0.3990  -0.4787
 -0.6686  -1.0830  -1.7583  -2.3960  -2.9881  -3.5688  -4.1711  -4.8190  -5.5455
 -6.3995  -7.4577  -8.8407 -10.7391 -13.4549 -17.4663 -23.5312 -32.8509 -36.9883
-36.9883 -36.9883 -36.9883 -36.9883 -36.9883 -36.9883 -36.9883 -36.9883 -36.9898
  2.0000  -0.3452  -0.3452  -0.3452  -0.3452  -0.3452  -0.3453  -0.3453  -0.3453
 -0.3453  -0.3455  -0.3458  -0.3467  -0.3489  -0.3543  -0.3677  -0.4002  -0.4790
 -0.6668  -1.0782  -1.7538  -2.3944  -2.9872  -3.5683  -4.1706  -4.8185  -5.5451
 -6.3991  -7.4573  -8.8403 -10.7387 -13.4545 -17.4659 -23.5308 -32.8505 -36.9879
-36.9879 -36.9879 -36.9879 -36.9879 -36.9879 -36.9879 -36.9879 -36.9879 -36.9894
  3.0000  -0.3507  -0.3507  -0.3507  -0.3507  -0.3507  -0.3507  -0.3508  -0.3508
 -0.3508  -0.3510  -0.3513  -0.3521  -0.3542  -0.3594  -0.3722  -0.4039  -0.4809
 -0.6647  -1.0700  -1.7461  -2.3925  -2.9868  -3.5684  -4.1710  -4.8190  -5.5455
 -6.3996  -7.4578  -8.8408 -10.7392 -13.4550 -17.4664 -23.5313 -32.8510 -36.9884
-36.9884 -36.9884 -36.9884 -36.9884 -36.9884 -36.9884 -36.9884 -36.9884 -36.9899
 -1.0000  -0.2498  -0.2498  -0.2498  -0.2498  -0.2498  -0.2498  -0.2498  -0.2499
 -0.2502  -0.2506  -0.2516  -0.2534  -0.2574  -0.2663  -0.2871  -0.3368  -0.4571
 -0.7454  -1.2824  -1.8885  -2.4872  -3.0935  -3.7326  -4.4344  -5.2426  -6.2243
 -7.4835  -9.1840 -11.5851 -15.0972 -20.3705 -28.4353 -36.9737 -36.9737 -36.9737
-36.9737 -36.9737 -36.9737 -36.9737 -36.9737 -36.9737 -36.9737 -36.9737 -36.9741
  0.0000  -0.2499  -0.2499  -0.2499  -0.2499  -0.2499  -0.2499  -0.2500  -0.2500
 -0.2502  -0.2507  -0.2516  -0.2535  -0.2575  -0.2664  -0.2872  -0.3368  -0.4571
 -0.7454  -1.2823  -1.8884  -2.4872  -3.0935  -3.7326  -4.4344  -5.2426  -6.2243
 -7.4835  -9.1840 -11.5851 -15.0972 -20.3705 -28.4353 -36.9737 -36.9737 -36.9737
-36.9737 -36.9737 -36.9737 -36.9737 -36.9737 -36.9737 -36.9737 -36.9737 -36.9741
  0.0000  -0.2788  -0.2788  -0.2788  -0.2788  -0.2788  -0.2788  -0.2788  -0.2789
 -0.2790  -0.2794  -0.2801  -0.2817  -0.2851  -0.2925  -0.3091  -0.3495  -0.4489
 -0.7082  -1.2535  -1.8827  -2.4900  -3.0981  -3.7365  -4.4369  -5.2443  -6.2251
 -7.4837  -9.1838 -11.5847 -15.0967 -20.3699 -28.4346 -36.9729 -36.9729 -36.9729
-36.9729 -36.9729 -36.9729 -36.9729 -36.9729 -36.9729 -36.9729 -36.9729 -36.9733
  0.0000  -0.2773  -0.2773  -0.2773  -0.2773  -0.2773  -0.2773  -0.2773  -0.2774
 -0.2775  -0.2778  -0.2785  -0.2801  -0.2836  -0.2912  -0.3086  -0.3498  -0.4501
 -0.7088  -1.2530  -1.8818  -2.4890  -3.0971  -3.7358  -4.4364  -5.2438  -6.2248
 -7.4834  -9.1836 -11.5845 -15.0965 -20.3697 -28.4344 -36.9727 -36.9727 -36.9727
-36.9727 -36.9727 -36.9727 -36.9727 -36.9727 -36.9727 -36.9727 -36.9727 -36.9731
  0.0000  -0.2618  -0.2618  -0.2618  -0.2618  -0.2618  -0.2619  -0.2619  -0.2619
 -0.2620  -0.2623  -0.2630  -0.2647  -0.2685  -0.2770  -0.2968  -0.3435  -0.4550
 -0.7277  -1.2660  -1.8826  -2.4857  -3.0935  -3.7329  -4.4344  -5.2423  -6.2239
 -7.4829  -9.1833 -11.5843 -15.0964 -20.3697 -28.4345 -36.9728 -36.9728 -36.9728
-36.9728 -36.9728 -36.9728 -36.9728 -36.9728 -36.9728 -36.9728 -36.9728 -36.9732
  0.0000  -0.2406  -0.2406  -0.2406  -0.2406  -0.2406  -0.2406  -0.2406  -0.2406
 -0.2407  -0.2410  -0.2417  -0.2435  -0.2476  -0.2573  -0.2799  -0.3336  -0.4617
 -0.7585  -1.2908  -1.8883  -2.4829  -3.0889  -3.7287  -4.4316  -5.2407  -6.2229
 -7.4826  -9.1834 -11.5847 -15.0969 -20.3703 -28.4352 -36.9736 -36.9736 -36.9736
-36.9736 -36.9736 -36.9736 -36.9736 -36.9736 -36.9736 -36.9736 -36.9736 -36.9740
  0.0000  -0.2185  -0.2185  -0.2185  -0.2185  -0.2185  -0.2185  -0.2185  -0.2186
 -0.2187  -0.2190  -0.2197  -0.2214  -0.2258  -0.2363  -0.2614  -0.3217  -0.4670
 -0.7922  -1.3219  -1.8994  -2.4820  -3.0836  -3.7230  -4.4269  -5.2374  -6.2207
 -7.4810  -9.1825 -11.5841 -15.0966 -20.3701 -28.4351 -36.9737 -36.9737 -36.9737
-36.9737 -36.9737 -36.9737 -36.9737 -36.9737 -36.9737 -36.9737 -36.9737 -36.9741
 -1.0000  -0.0693  -0.0693  -0.0693  -0.0693  -0.0693  -0.0694  -0.0695  -0.0698
 -0.0704  -0.0716  -0.0738  -0.0786  -0.0888  -0.1121  -0.1657  -0.2894  -0.5561
 -0.9872  -1.5097  -2.0647  -2.6634  -3.3264  -4.0885  -5.0044  -6.1608  -7.6962
 -9.8317 -12.9188 -17.5154 -24.5053 -35.2895 -36.9637 -36.9637 -36.9637 -36.9637
-36.9637 -36.9637 -36.9637 -36.9637 -36.9637 -36.9637 -36.9637 -36.9637 -36.9637
  0.0000  -0.0694  -0.0694  -0.0694  -0.0694  -0.0694  -0.0695  -0.0696  -0.0699
 -0.0705  -0.0716  -0.0739  -0.0786  -0.0888  -0.1121  -0.1657  -0.2894  -0.5560
 -0.9871  -1.5097  -2.0647  -2.6634  -3.3264  -4.0885  -5.0044  -6.1608  -7.6962
 -9.8317 -12.9188 -17.5154 -24.5053 -35.2895 -36.9637 -36.9637 -36.9637 -36.9637
-36.9637 -36.9637 -36.9637 -36.9637 -36.9637 -36.9637 -36.9637 -36.9637 -36.9637
  0.0000  -0.2387  -0.2387  -0.2387  -0.2387  -0.2388  -0.2388  -0.2389  -0.2390
 -0.2393  -0.2399  -0.2409  -0.2423  -0.2444  -0.2484  -0.2579  -0.2936  -0.4307
 -0.7987  -1.3717  -1.9891  -2.6320  -3.3212  -4.0958  -5.0149  -6.1696  -7.7015
 -9.8333 -12.9175 -17.5120 -24.5006 -35.2838 -36.9563 -36.9563 -36.9563 -36.9563
-36.9563 -36.9563 -36.9563 -36.9563 -36.9563 -36.9563 -36.9563 -36.9563 -36.9563
  0.0000  -0.2741  -0.2741  -0.2741  -0.2741  -0.2741  -0.2741  -0.2741  -0.2742
 -0.2744  -0.2749  -0.2755  -0.2762  -0.2766  -0.2761  -0.2764  -0.2950  -0.4098
 -0.7712  -1.3611  -1.9886  -2.6347  -3.3240  -4.0977  -5.0159  -6.1701  -7.7015
 -9.8330 -12.9170 -17.5113 -24.4998 -35.2830 -36.9554 -36.9554 -36.9554 -36.9554
-36.9554 -36.9554 -36.9554 -36.9554 -36.9554 -36.9554 -36.9554 -36.9554 -36.9554
  0.0000  -0.2617  -0.2617  -0.2617  -0.2617  -0.2617  -0.2617  -0.2617  -0.2618
 -0.2620  -0.2624  -0.2630  -0.2640  -0.2652  -0.2663  -0.2700  -0.2947  -0.4171
 -0.7802  -1.3643  -1.9887  -2.6337  -3.3232  -4.0972  -5.0158  -6.1701  -7.7017
 -9.8333 -12.9174 -17.5118 -24.5003 -35.2834 -36.9559 -36.9559 -36.9559 -36.9559
-36.9559 -36.9559 -36.9559 -36.9559 -36.9559 -36.9559 -36.9559 -36.9559 -36.9559
  0.0000  -0.2290  -0.2290  -0.2290  -0.2290  -0.2290  -0.2291  -0.2291  -0.2291
 -0.2293  -0.2297  -0.2306  -0.2322  -0.2351  -0.2405  -0.2532  -0.2941  -0.4373
 -0.8058  -1.3744  -1.9892  -2.6314  -3.3206  -4.0956  -5.0150  -6.1698  -7.7019
 -9.8338 -12.9181 -17.5126 -24.5012 -35.2844 -36.9570 -36.9570 -36.9570 -36.9570
-36.9570 -36.9570 -36.9570 -36.9570 -36.9570 -36.9570 -36.9570 -36.9570 -36.9570
  0.0000  -0.1913  -0.1913  -0.1913  -0.1913  -0.1913  -0.1913  -0.1913  -0.1914
 -0.1916  -0.1920  -0.1930  -0.1952  -0.2000  -0.2101  -0.2329  -0.2931  -0.4617
 -0.8381  -1.3896  -1.9914  -2.6285  -3.3168  -4.0924  -5.0130  -6.1686  -7.7013
 -9.8337 -12.9183 -17.5130 -24.5017 -35.2850 -36.9577 -36.9577 -36.9577 -36.9577
-36.9577 -36.9577 -36.9577 -36.9577 -36.9577 -36.9577 -36.9577 -36.9577 -36.9577
 -2.0000  -0.0950  -0.0950  -0.0950  -0.0950  -0.0951  -0.0953  -0.0956  -0.0962
 -0.0971  -0.0985  -0.1007  -0.1044  -0.1107  -0.1237  -0.1593  -0.2636  -0.5296
 -0.9702  -1.5361  -2.1836  -2.9200  -3.7867  -4.8572  -6.2504  -8.1564 -10.8775
-14.8924 -20.9596 -30.2808 -36.9205 -36.9205 -36.9205 -36.9205 -36.9205 -36.9205
-36.9205 -36.9205 -36.9205 -36.9205 -36.9205 -36.9205 -36.9205 -36.9205 -36.9205
 -1.0000  -0.0951  -0.0951  -0.0951  -0.0951  -0.0952  -0.0953  -0.0956  -0.0962
 -0.0971  -0.0985  -0.1007  -0.1044  -0.1107  -0.1237  -0.1593  -0.2636  -0.5296
 -0.9702  -1.5361  -2.1836  -2.9200  -3.7867  -4.8572  -6.2504  -8.1564 -10.8775
-14.8924 -20.9596 -30.2808 -36.9205 -36.9205 -36.9205 -36.9205 -36.9205 -36.9205
-36.9205 -36.9205 -36.9205 -36.9205 -36.9205 -36.9205 -36.9205 -36.9205 -36.9205
  0.0000  -0.0952  -0.0952  -0.0952  -0.0952  -0.0953  -0.0954  -0.0957  -0.0962
 -0.0971  -0.0985  -0.1007  -0.1044  -0.1107  -0.1237  -0.1593  -0.2636  -0.5296
 -0.9702  -1.5361  -2.1836  -2.9200  -3.7867  -4.8572  -6.2504  -8.1564 -10.8775
-14.8924 -20.9596 -30.2808 -36.9205 -36.9205 -36.9205 -36.9205 -36.9205 -36.9205
-36.9205 -36.9205 -36.9205 -36.9205 -36.9205 -36.9205 -36.9205 -36.9205 -36.9205
  0.0000  -0.2515  -0.2515  -0.2515  -0.2516  -0.2516  -0.2517  -0.2519  -0.2522
 -0.2529  -0.2536  -0.2543  -0.2541  -0.2510  -0.2420  -0.2303  -0.2465  -0.4093
 -0.8382  -1.4590  -2.1518  -2.9122  -3.7880  -4.8592  -6.2496  -8.1527 -10.8711
-14.8840 -20.9499 -30.2702 -36.9082 -36.9082 -36.9082 -36.9082 -36.9082 -36.9082
-36.9082 -36.9082 -36.9082 -36.9082 -36.9082 -36.9082 -36.9082 -36.9082 -36.9082
  0.0000  -0.2777  -0.2777  -0.2777  -0.2777  -0.2777  -0.2778  -0.2779  -0.2781
 -0.2786  -0.2792  -0.2796  -0.2786  -0.2737  -0.2609  -0.2414  -0.2445  -0.3932
 -0.8246  -1.4547  -2.1518  -2.9132  -3.7887  -4.8593  -6.2493  -8.1522 -10.8703
-14.8831 -20.9488 -30.2691 -36.9070 -36.9070 -36.9070 -36.9070 -36.9070 -36.9070
-36.9070 -36.9070 -36.9070 -36.9070 -36.9070 -36.9070 -36.9070 -36.9070 -36.9070
  0.0000  -0.2594  -0.2594  -0.2594  -0.2594  -0.2595  -0.2595  -0.2596  -0.2598
 -0.2602  -0.2608  -0.2613  -0.2608  -0.2571  -0.2474  -0.2329  -0.2459  -0.4054
 -0.8349  -1.4579  -2.1518  -2.9127  -3.7883  -4.8594  -6.2498  -8.1528 -10.8711
-14.8840 -20.9498 -30.2701 -36.9081 -36.9081 -36.9081 -36.9081 -36.9081 -36.9081
-36.9081 -36.9081 -36.9081 -36.9081 -36.9081 -36.9081 -36.9081 -36.9081 -36.9081
  0.0000  -0.2286  -0.2286  -0.2286  -0.2286  -0.2286  -0.2286  -0.2287  -0.2288
 -0.2291  -0.2296  -0.2304  -0.2307  -0.2288  -0.2230  -0.2185  -0.2486  -0.4268
 -0.8541  -1.4649  -2.1525  -2.9117  -3.7876  -4.8594  -6.2504  -8.1538 -10.8724
-14.8855 -20.9515 -30.2718 -36.9100 -36.9100 -36.9100 -36.9100 -36.9100 -36.9100
-36.9100 -36.9100 -36.9100 -36.9100 -36.9100 -36.9100 -36.9100 -36.9100 -36.9100
 -3.0000  -0.1192  -0.1193  -0.1194  -0.1195  -0.1198  -0.1202  -0.1209  -0.1220
 -0.1235  -0.1255  -0.1285  -0.1317  -0.1355  -0.1433  -0.1675  -0.2221  -0.4747
 -0.9743  -1.6634  -2.4944  -3.5013  -4.7806  -6.4953  -8.9057 -12.4237 -17.7007
-25.7678 -36.8099 -36.8099 -36.8099 -36.8099 -36.8099 -36.8099 -36.8099 -36.8099
-36.8099 -36.8099 -36.8099 -36.8099 -36.8099 -36.8099 -36.8099 -36.8099 -36.8099
 -2.0000  -0.1193  -0.1194  -0.1194  -0.1195  -0.1198  -0.1202  -0.1209  -0.1220
 -0.1235  -0.1255  -0.1285  -0.1317  -0.1355  -0.1433  -0.1675  -0.2221  -0.4747
 -0.9743  -1.6634  -2.4944  -3.5013  -4.7806  -6.4953  -8.9057 -12.4237 -17.7007
-25.7678 -36.8099 -36.8099 -36.8099 -36.8099 -36.8099 -36.8099 -36.8099 -36.8099
-36.8099 -36.8099 -36.8099 -36.8099 -36.8099 -36.8099 -36.8099 -36.8099 -36.8099
 -1.0000  -0.1195  -0.1195  -0.1195  -0.1196  -0.1198  -0.1202  -0.1209  -0.1220
 -0.1235  -0.1255  -0.1285  -0.1317  -0.1355  -0.1433  -0.1675  -0.2221  -0.4747
 -0.9743  -1.6634  -2.4944  -3.5013  -4.7806  -6.4953  -8.9057 -12.4237 -17.7007
-25.7678 -36.8099 -36.8099 -36.8099 -36.8099 -36.8099 -36.8099 -36.8099 -36.8099
-36.8099 -36.8099 -36.8099 -36.8099 -36.8099 -36.8099 -36.8099 -36.8099 -36.8099
  0.0000  -0.1197  -0.1197  -0.1197  -0.1198  -0.1199  -0.1203  -0.1209  -0.1220
 -0.1235  -0.1255  -0.1285  -0.1317  -0.1355  -0.1433  -0.1675  -0.2221  -0.4747
 -0.9743  -1.6634  -2.4944  -3.5013  -4.7806  -6.4953  -8.9057 -12.4237 -17.7007
-25.7678 -36.8099 -36.8099 -36.8099 -36.8099 -36.8099 -36.8099 -36.8099 -36.8099
-36.8099 -36.8099 -36.8099 -36.8099 -36.8099 -36.8099 -36.8099 -36.8099 -36.8099
  1.0000  -0.1201  -0.1202  -0.1202  -0.1202  -0.1203  -0.1206  -0.1211  -0.1221
 -0.1236  -0.1257  -0.1287  -0.1319  -0.1357  -0.1435  -0.1677  -0.2223  -0.4749
 -0.9745  -1.6636  -2.4946  -3.5015  -4.7808  -6.4955  -8.9059 -12.4239 -17.7009
-25.7680 -36.8101 -36.8101 -36.8101 -36.8101 -36.8101 -36.8101 -36.8101 -36.8101
-36.8101 -36.8101 -36.8101 -36.8101 -36.8101 -36.8101 -36.8101 -36.8101 -36.8101
  2.0000  -0.1205  -0.1205  -0.1205  -0.1206  -0.1207  -0.1208  -0.1213  -0.1221
 -0.1236  -0.1257  -0.1286  -0.1319  -0.1357  -0.1436  -0.1677  -0.2224  -0.4749
 -0.9744  -1.6636  -2.4946  -3.5015  -4.7808  -6.4955  -8.9059 -12.4239 -17.7009
-25.7680 -36.8101 -36.8101 -36.8101 -36.8101 -36.8101 -36.8101 -36.8101 -36.8101
-36.8101 -36.8101 -36.8101 -36.8101 -36.8101 -36.8101 -36.8101 -36.8101 -36.8101
  3.0000  -0.1209  -0.1209  -0.1210  -0.1210  -0.1210  -0.1212  -0.1215  -0.1222
 -0.1235  -0.1256  -0.1285  -0.1318  -0.1356  -0.1435  -0.1675  -0.2223  -0.4747
 -0.9743  -1.6634  -2.4944  -3.5014  -4.7807  -6.4954  -8.9058 -12.4238 -17.7008
-25.7679 -36.8100 -36.8100 -36.8100 -36.8100 -36.8100 -36.8100 -36.8100 -36.8100
-36.8100 -36.8100 -36.8100 -36.8100 -36.8100 -36.8100 -36.8100 -36.8100 -36.8100
-13.0000  -0.1192  -0.1193  -0.1194  -0.1196  -0.1199  -0.1203  -0.1210  -0.1221
 -0.1236  -0.1256  -0.1286  -0.1318  -0.1356  -0.1434  -0.1676  -0.2222  -0.4748
 -0.9744  -1.6635  -2.4945  -3.5014  -4.7807  -6.4954  -8.9058 -12.4238 -17.7008
-25.7679 -36.8100 -36.8100 -36.8100 -36.8100 -36.8100 -36.8100 -36.8100 -36.8100
-36.8100 -36.8100 -36.8100 -36.8100 -36.8100 -36.8100 -36.8100 -36.8100 -36.8100
-12.0000  -0.1193  -0.1193  -0.1194  -0.1196  -0.1199  -0.1203  -0.1210  -0.1221
 -0.1236  -0.1256  -0.1286  -0.1318  -0.1356  -0.1434  -0.1676  -0.2222  -0.4748
 -0.9744  -1.6635  -2.4945  -3.5014  -4.7807  -6.4954  -8.9058 -12.4238 -17.7008
-25.7679 -36.8100 -36.8100 -36.8100 -36.8100 -36.8100 -36.8100 -36.8100 -36.8100
-36.8100 -36.8100 -36.8100 -36.8100 -36.8100 -36.8100 -36.8100 -36.8100 -36.8100
-11.0000  -0.1193  -0.1194  -0.1194  -0.1196  -0.1199  -0.1203  -0.1210  -0.1221
 -0.1236  -0.1256  -0.1286  -0.1318  -0.1356  -0.1434  -0.1676  -0.2222  -0.4748
 -0.9744  -1.6635  -2.4945  -3.5014  -4.7807  -6.4954  -8.9058 -12.4238 -17.7008
-25.7679 -36.8100 -36.8100 -36.8100 -36.8100 -36.8100 -36.8100 -36.8100 -36.8100
-36.8100 -36.8100 -36.8100 -36.8100 -36.8100 -36.8100 -36.8100 -36.8100 -36.8100
-10.0000  -0.1194  -0.1194  -0.1195  -0.1196  -0.1199  -0.1203  -0.1210  -0.1221
 -0.1236  -0.1256  -0.1286  -0.1318  -0.1356  -0.1434  -0.1676  -0.2222  -0.4748
 -0.9744  -1.6635  -2.4945  -3.5014  -4.7807  -6.4954  -8.9058 -12.4238 -17.7008
-25.7679 -36.8100 -36.8100 -36.8100 -36.8100 -36.8100 -36.8100 -36.8100 -36.8100
-36.8100 -36.8100 -36.8100 -36.8100 -36.8100 -36.8100 -36.8100 -36.8100 -36.8100
 11.0000  -0.1196  -0.1196  -0.1196  -0.1197  -0.1199  -0.1203  -0.1210  -0.1221
 -0.1236  -0.1256  -0.1286  -0.1318  -0.1356  -0.1434  -0.1676  -0.2222  -0.4748
 -0.9744  -1.6635  -2.4945  -3.5014  -4.7807  -6.4954  -8.9058 -12.4238 -17.7008
-25.7679 -36.8100 -36.8100 -36.8100 -36.8100 -36.8100 -36.8100 -36.8100 -36.8100
-36.8100 -36.8100 -36.8100 -36.8100 -36.8100 -36.8100 -36.8100 -36.8100 -36.8100
 12.0000  -0.1196  -0.1196  -0.1197  -0.1197  -0.1199  -0.1202  -0.1209  -0.1220
 -0.1235  -0.1255  -0.1285  -0.1317  -0.1355  -0.1433  -0.1675  -0.2221  -0.4747
 -0.9743  -1.6634  -2.4944  -3.5013  -4.7806  -6.4953  -8.9057 -12.4237 -17.7007
-25.7678 -36.8099 -36.8099 -36.8099 -36.8099 -36.8099 -36.8099 -36.8099 -36.8099
-36.8099 -36.8099 -36.8099 -36.8099 -36.8099 -36.8099 -36.8099 -36.8099 -36.8099
 13.0000  -0.1201  -0.1201  -0.1201  -0.1202  -0.1203  -0.1206  -0.1211  -0.1222
 -0.1237  -0.1257  -0.1287  -0.1319  -0.1357  -0.1435  -0.1677  -0.2223  -0.4749
 -0.9745  -1.6636  -2.4946  -3.5015  -4.7808  -6.4955  -8.9059 -12.4239 -17.7009
-25.7680 -36.8101 -36.8101 -36.8101 -36.8101 -36.8101 -36.8101 -36.8101 -36.8101
-36.8101 -36.8101 -36.8101 -36.8101 -36.8101 -36.8101 -36.8101 -36.8101 -36.8101
-23.0000  -0.1191  -0.1192  -0.1193  -0.1195  -0.1198  -0.1202  -0.1209  -0.1220
 -0.1235  -0.1255  -0.1285  -0.1317  -0.1355  -0.1433  -0.1675  -0.2221  -0.4747
 -0.9743  -1.6634  -2.4944  -3.5013  -4.7806  -6.4953  -8.9057 -12.4237 -17.7007
-25.7678 -36.8099 -36.8099 -36.8099 -36.8099 -36.8099 -36.8099 -36.8099 -36.8099
-36.8099 -36.8099 -36.8099 -36.8099 -36.8099 -36.8099 -36.8099 -36.8099 -36.8099
-22.0000  -0.1191  -0.1192  -0.1193  -0.1195  -0.1198  -0.1202  -0.1209  -0.1220
 -0.1235  -0.1255  -0.1285  -0.1317  -0.1355  -0.1433  -0.1675  -0.2221  -0.4747
 -0.9743  -1.6634  -2.4944  -3.5013  -4.7806  -6.4953  -8.9057 -12.4237 -17.7007
-25.7678 -36.8099 -36.8099 -36.8099 -36.8099 -36.8099 -36.8099 -36.8099 -36.8099
-36.8099 -36.8099 -36.8099 -36.8099 -36.8099 -36.8099 -36.8099 -36.8099 -36.8099
-21.0000  -0.1191  -0.1192  -0.1193  -0.1195  -0.1198  -0.1202  -0.1209  -0.1220
 -0.1235  -0.1255  -0.1285  -0.1317  -0.1355  -0.1433  -0.1675  -0.2221  -0.4747
 -0.9743  -1.6634  -2.4944  -3.5013  -4.7806  -6.4953  -8.9057 -12.4237 -17.7007
-25.7678 -36.8099 -36.8099 -36.8099 -36.8099 -36.8099 -36.8099 -36.8099 -36.8099
-36.8099 -36.8099 -36.8099 -36.8099 -36.8099 -36.8099 -36.8099 -36.8099 -36.8099
-20.0000  -0.1192  -0.1192  -0.1193  -0.1195  -0.1198  -0.1202  -0.1209  -0.1220
 -0.1235  -0.1255  -0.1285  -0.1317  -0.1355  -0.1433  -0.1675  -0.2221  -0.4747
 -0.9743  -1.6634  -2.4944  -3.5013  -4.7806  -6.4953  -8.9057 -12.4237 -17.7007
-25.7678 -36.8099 -36.8099 -36.8099 -36.8099 -36.8099 -36.8099 -36.8099 -36.8099
-36.8099 -36.8099 -36.8099 -36.8099 -36.8099 -36.8099 -36.8099 -36.8099 -36.8099
 21.0000  -0.1192  -0.1193  -0.1193  -0.1195  -0.1198  -0.1202  -0.1209  -0.1220
 -0.1235  -0.1255  -0.1285  -0.1317  -0.1355  -0.1433  -0.1675  -0.2221  -0.4747
 -0.9743  -1.6634  -2.4944  -3.5013  -4.7806  -6.4953  -8.9057 -12.4237 -17.7007
-25.7678 -36.8099 -36.8099 -36.8099 -36.8099 -36.8099 -36.8099 -36.8099 -36.8099
-36.8099 -36.8099 -36.8099 -36.8099 -36.8099 -36.8099 -36.8099 -36.8099 -36.8099
 22.0000  -0.1193  -0.1193  -0.1194  -0.1195  -0.1198  -0.1202  -0.1209  -0.1220
 -0.1235  -0.1255  -0.1285  -0.1317  -0.1355  -0.1433  -0.1675  -0.2221  -0.4747
 -0.9743  -1.6634  -2.4944  -3.5013  -4.7806  -6.4953  -8.9057 -12.4237 -17.7007
-25.7678 -36.8099 -36.8099 -36.8099 -36.8099 -36.8099 -36.8099 -36.8099 -36.8099
-36.8099 -36.8099 -36.8099 -36.8099 -36.8099 -36.8099 -36.8099 -36.8099 -36.8099
 23.0000  -0.1197  -0.1197  -0.1198  -0.1199  -0.1201  -0.1205  -0.1212  -0.1223
 -0.1238  -0.1258  -0.1288  -0.1320  -0.1358  -0.1436  -0.1678  -0.2224  -0.4750
 -0.9746  -1.6637  -2.4947  -3.5016  -4.7809  -6.4956  -8.9060 -12.4240 -17.7010
-25.7681 -36.8102 -36.8102 -36.8102 -36.8102 -36.8102 -36.8102 -36.8102 -36.8102
-36.8102 -36.8102 -36.8102 -36.8102 -36.8102 -36.8102 -36.8102 -36.8102 -36.8102
-33.0000  -0.1193  -0.1194  -0.1195  -0.1197  -0.1200  -0.1204  -0.1211  -0.1222
 -0.1237  -0.1257  -0.1287  -0.1319  -0.1357  -0.1435  -0.1677  -0.2223  -0.4749
 -0.9745  -1.6636  -2.4946  -3.5015  -4.7808  -6.4955  -8.9059 -12.4239 -17.7009
-25.7680 -36.8101 -36.8101 -36.8101 -36.8101 -36.8101 -36.8101 -36.8101 -36.8101
-36.8101 -36.8101 -36.8101 -36.8101 -36.8101 -36.8101 -36.8101 -36.8101 -36.8101
-32.0000  -0.1193  -0.1194  -0.1195  -0.1197  -0.1200  -0.1204  -0.1211  -0.1222
 -0.1237  -0.1257  -0.1287  -0.1319  -0.1357  -0.1435  -0.1677  -0.2223  -0.4749
 -0.9745  -1.6636  -2.4946  -3.5015  -4.7808  -6.4955  -8.9059 -12.4239 -17.7009
-25.7680 -36.8101 -36.8101 -36.8101 -36.8101 -36.8101 -36.8101 -36.8101 -36.8101
-36.8101 -36.8101 -36.8101 -36.8101 -36.8101 -36.8101 -36.8101 -36.8101 -36.8101
-31.0000  -0.1193  -0.1194  -0.1195  -0.1197  -0.1200  -0.1204  -0.1211  -0.1222
 -0.1237  -0.1257  -0.1287  -0.1319  -0.1357  -0.1435  -0.1677  -0.2223  -0.4749
 -0.9745  -1.6636  -2.4946  -3.5015  -4.7808  -6.4955  -8.9059 -12.4239 -17.7009
-25.7680 -36.8101 -36.8101 -36.8101 -36.8101 -36.8101 -36.8101 -36.8101 -36.8101
-36.8101 -36.8101 -36.8101 -36.8101 -36.8101 -36.8101 -36.8101 -36.8101 -36.8101
-30.0000  -0.1193  -0.1194  -0.1195  -0.1197  -0.1200  -0.1204  -0.1211  -0.1222
 -0.1237  -0.1257  -0.1287  -0.1319  -0.1357  -0.1435  -0.1677  -0.2223  -0.4749
 -0.9745  -1.6636  -2.4946  -3.5015  -4.7808  -6.4955  -8.9059 -12.4239 -17.7009
-25.7680 -36.8101 -36.8101 -36.8101 -36.8101 -36.8101 -36.8101 -36.8101 -36.8101
-36.8101 -36.8101 -36.8101 -36.8101 -36.8101 -36.8101 -36.8101 -36.8101 -36.8101
 31.0000  -0.1193  -0.1194  -0.1195  -0.1197  -0.1200  -0.1204  -0.1211  -0.1222
 -0.1237  -0.1257  -0.1287  -0.1319  -0.1357  -0.1435  -0.1677  -0.2223  -0.4749
 -0.9745  -1.6636  -2.4946  -3.5015  -4.7808  -6.4955  -8.9059 -12.4239 -17.7009
-25.7680 -36.8101 -36.8101 -36.8101 -36.8101 -36.8101 -36.8101 -36.8101 -36.8101
-36.8101 -36.8101 -36.8101 -36.8101 -36.8101 -36.8101 -36.8101 -36.8101 -36.8101
 32.0000  -0.1193  -0.1194  -0.1195  -0.1197  -0.1200  -0.1204  -0.1211  -0.1222
 -0.1237  -0.1257  -0.1287  -0.1319  -0.1357  -0.1435  -0.1677  -0.2223  -0.4749
 -0.9745  -1.6636  -2.4946  -3.5015  -4.7808  -6.4955  -8.9059 -12.4239 -17.7009
-25.7680 -36.8101 -36.8101 -36.8101 -36.8101 -36.8101 -36.8101 -36.8101 -36.8101
-36.8101 -36.8101 -36.8101 -36.8101 -36.8101 -36.8101 -36.8101 -36.8101 -36.8101
 33.0000  -0.1194  -0.1194  -0.1195  -0.1197  -0.1200  -0.1204  -0.1211  -0.1222
 -0.1237  -0.1257  -0.1287  -0.1319  -0.1357  -0.1435  -0.1677  -0.2223  -0.4749
 -0.9745  -1.6636  -2.4946  -3.5015  -4.7808  -6.4955  -8.9059 -12.4239 -17.7009
-25.7680 -36.8101 -36.8101 -36.8101 -36.8101 -36.8101 -36.8101 -36.8101 -36.8101
-36.8101 -36.8101 -36.8101 -36.8101 -36.8101 -36.8101 -36.8101 -36.8101 -36.8101
-43.0000  -0.1193  -0.1194  -0.1195  -0.1197  -0.1200  -0.1204  -0.1211  -0.1222
 -0.1237  -0.1257  -0.1287  -0.1319  -0.1357  -0.1435  -0.1677  -0.2223  -0.4749
 -0.9745  -1.6636  -2.4946  -3.5015  -4.7808  -6.4955  -8.9059 -12.4239 -17.7009
-25.7680 -36.8101 -36.8101 -36.8101 -36.8101 -36.8101 -36.8101 -36.8101 -36.8101
-36.8101 -36.8101 -36.8101 -36.8101 -36.8101 -36.8101 -36.8101 -36.8101 -36.8101
-42.0000  -0.1193  -0.1194  -0.1195  -0.1197  -0.1200  -0.1204  -0.1211  -0.1222
 -0.1237  -0.1257  -0.1287  -0.1319  -0.1357  -0.1435  -0.1677  -0.2223  -0.4749
 -0.9745  -1.6636  -2.4946  -3.5015  -4.7808  -6.4955  -8.9059 -12.4239 -17.7009
-25.7680 -36.8101 -36.8101 -36.8101 -36.8101 -36.8101 -36.8101 -36.8101 -36.8101
-36.8101 -36.8101 -36.8101 -36.8101 -36.8101 -36.8101 -36.8101 -36.8101 -36.8101
-41.0000  -0.1193  -0.1194  -0.1195  -0.1197  -0.1200  -0.1204  -0.1211  -0.1222
 -0.1237  -0.1257  -0.1287  -0.1319  -0.1357  -0.1435  -0.1677  -0.2223  -0.4749
 -0.9745  -1.6636  -2.4946  -3.5015  -4.7808  -6.4955  -8.9059 -12.4239 -17.7009
-25.7680 -36.8101 -36.8101 -36.8101 -36.8101 -36.8101 -36.8101 -36.8101 -36.8101
-36.8101 -36.8101 -36.8101 -36.8101 -36.8101 -36.8101 -36.8101 -36.8101 -36.8101
-40.0000  -0.1193  -0.1194  -0.1195  -0.1197  -0.1200  -0.1204  -0.1211  -0.1222
 -0.1237  -0.1257  -0.1287  -0.1319  -0.1357  -0.1435  -0.1677  -0.2223  -0.4749
 -0.9745  -1.6636  -2.4946  -3.5015  -4.7808  -6.4955  -8.9059 -12.4239 -17.7009
-25.7680 -36.8101 -36.8101 -36.8101 -36.8101 -36.8101 -36.8101 -36.8101 -36.8101
-36.8101 -36.8101 -36.8101 -36.8101 -36.8101 -36.8101 -36.8101 -36.8101 -36.8101
 41.0000  -0.1193  -0.1194  -0.1195  -0.1197  -0.1200  -0.1204  -0.1211  -0.1222
 -0.1237  -0.1257  -0.1287  -0.1319  -0.1357  -0.1435  -0.1677  -0.2223  -0.4749
 -0.9745  -1.6636  -2.4946  -3.5015  -4.7808  -6.4955  -8.9059 -12.4239 -17.7009
-25.7680 -36.8101 -36.8101 -36.8101 -36.8101 -36.8101 -36.8101 -36.8101 -36.8101
-36.8101 -36.8101 -36.8101 -36.8101 -36.8101 -36.8101 -36.8101 -36.8101 -36.8101
 42.0000  -0.1193  -0.1194  -0.1195  -0.1197  -0.1200  -0.1204  -0.1211  -0.1222
 -0.1237  -0.1257  -0.1287  -0.1319  -0.1357  -0.1435  -0.1677  -0.2223  -0.4749
 -0.9745  -1.6636  -2.4946  -3.5015  -4.7808  -6.4955  -8.9059 -12.4239 -17.7009
-25.7680 -36.8101 -36.8101 -36.8101 -36.8101 -36.8101 -36.8101 -36.8101 -36.8101
-36.8101 -36.8101 -36.8101 -36.8101 -36.8101 -36.8101 -36.8101 -36.8101 -36.8101
 43.0000  -0.1192  -0.1193  -0.1194  -0.1196  -0.1199  -0.1203  -0.1210  -0.1221
 -0.1236  -0.1256  -0.1286  -0.1318  -0.1356  -0.1434  -0.1676  -0.2222  -0.4748
 -0.9744  -1.6635  -2.4945  -3.5014  -4.7807  -6.4954  -8.9058 -12.4238 -17.7008
-25.7679 -36.8100 -36.8100 -36.8100 -36.8100 -36.8100 -36.8100 -36.8100 -36.8100
-36.8100 -36.8100 -36.8100 -36.8100 -36.8100 -36.8100 -36.8100 -36.8100 -36.8100
nl= 2 nu=15
  0.0000  -1.3947  -1.3947  -1.3947  -1.3947  -1.3947  -1.3947  -1.3947  -1.3947
 -1.3947  -1.3947  -1.3947  -1.3947  -1.3947  -1.3947  -1.3948  -1.3950  -1.3955
 -1.3969  -1.4003  -1.4088  -1.4302  -1.4838  -1.6184  -1.9547  -2.7801  -4.2927
 -5.0053  -5.5453  -6.0648  -6.5874  -7.1315  -7.8796  -8.4092  -8.9325  -9.4682
-10.0239 -10.6115 -11.2501 -11.9696
  0.0000  -1.5423  -1.5423  -1.5423  -1.5423  -1.5423  -1.5423  -1.5423  -1.5423
 -1.5423  -1.5423  -1.5423  -1.5423  -1.5424  -1.5424  -1.5424  -1.5425  -1.5428
 -1.5435  -1.5452  -1.5495  -1.5603  -1.5875  -1.6557  -1.8269  -2.2551  -3.3040
 -4.9068  -5.5211  -6.0540  -6.5818  -7.1285  -7.8763  -8.4078  -8.9319  -9.4682
-10.0242 -10.6121 -11.2508 -11.9703
  0.0000  -1.6913  -1.6913  -1.6913  -1.6913  -1.6913  -1.6913  -1.6913  -1.6913
 -1.6913  -1.6913  -1.6913  -1.6913  -1.6913  -1.6913  -1.6913  -1.6914  -1.6915
 -1.6919  -1.6927  -1.6949  -1.7003  -1.7140  -1.7484  -1.8347  -2.0514  -2.5936
 -3.9153  -5.4662  -6.0343  -6.5717  -7.1226  -7.8703  -8.4047  -8.9303  -9.4674
-10.0239 -10.6122 -11.2511 -11.9708
  0.0000  -1.8397  -1.8397  -1.8397  -1.8397  -1.8397  -1.8397  -1.8397  -1.8397
 -1.8397  -1.8397  -1.8397  -1.8397  -1.8397  -1.8397  -1.8397  -1.8397  -1.8398
 -1.8400  -1.8404  -1.8415  -1.8442  -1.8511  -1.8684  -1.9117  -2.0206  -2.2940
 -2.9784  -4.6254  -5.9954  -6.5531  -7.1112  -7.8586  -8.3981  -8.9254  -9.4640
-10.0215 -10.6104 -11.2497 -11.9696
  0.0000  -1.9912  -1.9912  -1.9912  -1.9912  -1.9912  -1.9912  -1.9912  -1.9912
 -1.9912  -1.9912  -1.9912  -1.9912  -1.9912  -1.9912  -1.9912  -1.9912  -1.9913
 -1.9913  -1.9916  -1.9921  -1.9935  -1.9969  -2.0056  -2.0273  -2.0819  -2.2191
 -2.5633  -3.4255  -5.4323  -6.5248  -7.0969  -7.8433  -8.3909  -8.9210  -9.4616
-10.0206 -10.6104 -11.2504 -11.9707
  0.0000  -2.1437  -2.1437  -2.1437  -2.1437  -2.1437  -2.1437  -2.1437  -2.1437
 -2.1437  -2.1437  -2.1437  -2.1437  -2.1437  -2.1437  -2.1437  -2.1438  -2.1438
 -2.1438  -2.1439  -2.1442  -2.1449  -2.1466  -2.1509  -2.1618  -2.1892  -2.2578
 -2.4303  -2.8635  -3.9480  -6.2621  -7.0751  -7.8208  -8.3810  -8.9140  -9.4578
-10.0188 -10.6100 -11.2510 -11.9721
  0.0000  -2.2892  -2.2892  -2.2892  -2.2892  -2.2892  -2.2892  -2.2892  -2.2892
 -2.2892  -2.2892  -2.2892  -2.2892  -2.2892  -2.2892  -2.2892  -2.2892  -2.2892
 -2.2892  -2.2893  -2.2894  -2.2898  -2.2906  -2.2928  -2.2983  -2.3119  -2.3463
 -2.4326  -2.6495  -3.1940  -4.5567  -6.9833  -7.7799  -8.3619  -8.8967  -9.4436
-10.0075 -10.6009 -11.2433 -11.9653
  0.0000  -1.0799  -1.0799  -1.0799  -1.0799  -1.0799  -1.0799  -1.0799  -1.0799
 -1.0799  -1.0799  -1.0799  -1.0799  -1.0800  -1.0801  -1.0805  -1.0814  -1.0838
 -1.0897  -1.1045  -1.1416  -1.2346  -1.4661  -2.0282  -3.1500  -3.9757  -4.5297
 -5.0568  -5.5762  -6.1153  -6.7454  -7.4018  -7.9230  -8.4541  -9.0022  -9.5776
-10.1966 -10.8849 -11.6831 -12.6557
  0.0000  -1.2179  -1.2179  -1.2179  -1.2179  -1.2179  -1.2179  -1.2179  -1.2179
 -1.2179  -1.2179  -1.2180  -1.2180  -1.2180  -1.2181  -1.2183  -1.2187  -1.2200
 -1.2230  -1.2307  -1.2500  -1.2983  -1.4195  -1.7217  -2.4555  -3.7799  -4.4961
 -5.0406  -5.5667  -6.1091  -6.7402  -7.3972  -7.9196  -8.4515  -9.0001  -9.5757
-10.1949 -10.8833 -11.6816 -12.6542
  0.0000  -1.3636  -1.3636  -1.3636  -1.3636  -1.3636  -1.3636  -1.3636  -1.3636
 -1.3636  -1.3636  -1.3636  -1.3636  -1.3636  -1.3637  -1.3638  -1.3640  -1.3646
 -1.3662  -1.3701  -1.3800  -1.4047  -1.4668  -1.6226  -2.0112  -2.9536  -4.3917
 -5.0166  -5.5557  -6.1030  -6.7359  -7.3941  -7.9183  -8.4514  -9.0006  -9.5768
-10.1963 -10.8849 -11.6833 -12.6560
  0.0000  -1.5097  -1.5097  -1.5097  -1.5097  -1.5097  -1.5097  -1.5097  -1.5097
 -1.5097  -1.5097  -1.5097  -1.5097  -1.5097  -1.5097  -1.5097  -1.5099  -1.5102
 -1.5110  -1.5130  -1.5179  -1.5305  -1.5620  -1.6411  -1.8394  -2.3347  -3.5295
 -4.9574  -5.5344  -6.0904  -6.7255  -7.3858  -7.9132  -8.4476  -8.9982  -9.5750
-10.1951 -10.8840 -11.6826 -12.6554
  0.0000  -1.6587  -1.6587  -1.6587  -1.6587  -1.6587  -1.6587  -1.6587  -1.6587
 -1.6587  -1.6587  -1.6587  -1.6588  -1.6588  -1.6588  -1.6588  -1.6589  -1.6590
 -1.6594  -1.6604  -1.6629  -1.6692  -1.6851  -1.7250  -1.8251  -2.0762  -2.7040
 -4.1982  -5.4972  -6.0730  -6.7117  -7.3748  -7.9066  -8.4435  -8.9955  -9.5738
-10.1945 -10.8841 -11.6830 -12.6560
  0.0000  -1.8063  -1.8063  -1.8063  -1.8063  -1.8063  -1.8063  -1.8063  -1.8063
 -1.8063  -1.8063  -1.8063  -1.8063  -1.8063  -1.8063  -1.8063  -1.8064  -1.8065
 -1.8067  -1.8072  -1.8084  -1.8116  -1.8196  -1.8396  -1.8899  -2.0162  -2.3332
 -3.1259  -4.9535  -6.0422  -6.6896  -7.3573  -7.8944  -8.4340  -8.9888  -9.5685
-10.1907 -10.8810 -11.6806 -12.6539
  0.0000  -1.9571  -1.9571  -1.9571  -1.9571  -1.9571  -1.9571  -1.9571  -1.9571
 -1.9571  -1.9571  -1.9571  -1.9571  -1.9571  -1.9571  -1.9571  -1.9571  -1.9571
 -1.9572  -1.9575  -1.9581  -1.9597  -1.9637  -1.9738  -1.9990  -2.0623  -2.2214
 -2.6207  -3.6193  -5.7558  -6.6610  -7.3398  -7.8828  -8.4246  -8.9821  -9.5644
-10.1882 -10.8797 -11.6801 -12.6541
  0.0000  -0.7983  -0.7983  -0.7983  -0.7983  -0.7983  -0.7983  -0.7983  -0.7983
 -0.7983  -0.7983  -0.7983  -0.7984  -0.7987  -0.7992  -0.8007  -0.8044  -0.8135
 -0.8365  -0.8940  -1.0363  -1.3780  -2.0924  -2.9167  -3.5068  -4.0429  -4.5680
 -5.0956  -5.6743  -6.3944  -6.9143  -7.4417  -7.9836  -8.5486  -9.1509  -9.8125
-10.5684 -11.4737 -12.6161 -14.1340
  0.0000  -0.9187  -0.9187  -0.9187  -0.9187  -0.9187  -0.9187  -0.9187  -0.9187
 -0.9187  -0.9187  -0.9188  -0.9188  -0.9189  -0.9193  -0.9201  -0.9221  -0.9272
 -0.9399  -0.9719  -1.0518  -1.2498  -1.7250  -2.6614  -3.4626  -4.0250  -4.5584
 -5.0897  -5.6701  -6.3904  -6.9117  -7.4402  -7.9826  -8.5479  -9.1505  -9.8122
-10.5682 -11.4736 -12.6160 -14.1340
  0.0000  -1.0486  -1.0486  -1.0486  -1.0486  -1.0486  -1.0486  -1.0486  -1.0486
 -1.0486  -1.0486  -1.0487  -1.0487  -1.0487  -1.0489  -1.0493  -1.0504  -1.0531
 -1.0599  -1.0770  -1.1198  -1.2269  -1.4927  -2.1302  -3.2712  -3.9911  -4.5417
 -5.0794  -5.6621  -6.3824  -6.9065  -7.4362  -7.9795  -8.5456  -9.1485  -9.8105
-10.5666 -11.4722 -12.6146 -14.1326
  0.0000  -1.1884  -1.1884  -1.1884  -1.1884  -1.1884  -1.1884  -1.1884  -1.1884
 -1.1884  -1.1884  -1.1884  -1.1884  -1.1885  -1.1886  -1.1888  -1.1893  -1.1908
 -1.1943  -1.2032  -1.2254  -1.2814  -1.4214  -1.7696  -2.6030  -3.8803  -4.5177
 -5.0674  -5.6534  -6.3736  -6.9017  -7.4333  -7.9780  -8.5450  -9.1487  -9.8111
-10.5675 -11.4732 -12.6157 -14.1338
  0.0000  -1.3313  -1.3313  -1.3313  -1.3313  -1.3313  -1.3313  -1.3313  -1.3313
 -1.3313  -1.3313  -1.3313  -1.3313  -1.3314  -1.3314  -1.3315  -1.3318  -1.3325
 -1.3343  -1.3389  -1.3503  -1.3789  -1.4509  -1.6311  -2.0800  -3.1483  -4.4560
 -5.0469  -5.6391  -6.3588  -6.8925  -7.4265  -7.9734  -8.5418  -9.1464  -9.8096
-10.5664 -11.4724 -12.6151 -14.1333
  0.0000  -1.4783  -1.4783  -1.4783  -1.4783  -1.4783  -1.4783  -1.4783  -1.4783
 -1.4783  -1.4783  -1.4783  -1.4783  -1.4783  -1.4783  -1.4784  -1.4785  -1.4789
 -1.4798  -1.4821  -1.4879  -1.5024  -1.5389  -1.6306  -1.8603  -2.4331  -3.7787
 -5.0101  -5.6211  -6.3410  -6.8818  -7.4180  -7.9675  -8.5381  -9.1441  -9.8084
-10.5660 -11.4724 -12.6154 -14.1338
  0.0000  -1.6250  -1.6250  -1.6250  -1.6250  -1.6250  -1.6250  -1.6250  -1.6250
 -1.6250  -1.6250  -1.6250  -1.6250  -1.6251  -1.6251  -1.6251  -1.6252  -1.6253
 -1.6258  -1.6270  -1.6299  -1.6372  -1.6556  -1.7018  -1.8179  -2.1090  -2.8354
 -4.4920  -5.5904  -6.3175  -6.8691  -7.4052  -7.9572  -8.5303  -9.1385  -9.8041
-10.5627 -11.4700 -12.6134 -14.1321
  0.0000  -0.5887  -0.5887  -0.5887  -0.5887  -0.5887  -0.5887  -0.5887  -0.5887
 -0.5887  -0.5888  -0.5889  -0.5892  -0.5898  -0.5916  -0.5959  -0.6069  -0.6342
 -0.7016  -0.8636  -1.2214  -1.8249  -2.4504  -3.0128  -3.5458  -4.0756  -4.6238
 -5.3725  -5.9044  -6.4295  -6.9664  -7.5227  -8.1107  -8.7496  -9.4692 -10.3170
-11.3679 -12.7411 -14.6248 -17.3178
  0.0000  -0.6704  -0.6704  -0.6704  -0.6704  -0.6704  -0.6704  -0.6704  -0.6704
 -0.6704  -0.6704  -0.6705  -0.6707  -0.6711  -0.6723  -0.6750  -0.6821  -0.6996
 -0.7434  -0.8515  -1.1092  -1.6518  -2.3858  -2.9909  -3.5351  -4.0687  -4.6189
 -5.3672  -5.9012  -6.4272  -6.9648  -7.5217  -8.1101  -8.7492  -9.4689 -10.3167
-11.3678 -12.7409 -14.6247 -17.3177
  0.0000  -0.7720  -0.7720  -0.7720  -0.7720  -0.7720  -0.7720  -0.7720  -0.7720
 -0.7720  -0.7720  -0.7720  -0.7721  -0.7724  -0.7731  -0.7747  -0.7789  -0.7893
 -0.8154  -0.8806  -1.0415  -1.4231  -2.1776  -2.9457  -3.5180  -4.0589  -4.6120
 -5.3591  -5.8964  -6.4240  -6.9627  -7.5203  -8.1093  -8.7487  -9.4686 -10.3166
-11.3677 -12.7409 -14.6247 -17.3178
  0.0000  -0.8898  -0.8898  -0.8898  -0.8898  -0.8898  -0.8898  -0.8898  -0.8898
 -0.8898  -0.8898  -0.8898  -0.8899  -0.8900  -0.8904  -0.8913  -0.8936  -0.8995
 -0.9141  -0.9507  -1.0423  -1.2684  -1.8031  -2.7657  -3.4867  -4.0444  -4.6023
 -5.3475  -5.8891  -6.4188  -6.9592  -7.5181  -8.1079  -8.7478  -9.4681 -10.3163
-11.3676 -12.7409 -14.6247 -17.3178
  0.0000  -1.0195  -1.0195  -1.0195  -1.0195  -1.0195  -1.0195  -1.0195  -1.0195
 -1.0195  -1.0195  -1.0195  -1.0195  -1.0196  -1.0198  -1.0203  -1.0215  -1.0247
 -1.0325  -1.0522  -1.1015  -1.2248  -1.5301  -2.2497  -3.3707  -4.0211  -4.5896
 -5.3316  -5.8792  -6.4111  -6.9539  -7.5144  -8.1055  -8.7463  -9.4672 -10.3158
-11.3673 -12.7407 -14.6247 -17.3178
  0.0000  -1.1569  -1.1569  -1.1569  -1.1569  -1.1569  -1.1569  -1.1569  -1.1569
 -1.1569  -1.1570  -1.1570  -1.1570  -1.1570  -1.1571  -1.1574  -1.1580  -1.1596
 -1.1637  -1.1740  -1.1998  -1.2644  -1.4262  -1.8273  -2.7671  -3.9563  -4.5721
 -5.3118  -5.8676  -6.4004  -6.9457  -7.5085  -8.1014  -8.7435  -9.4654 -10.3145
-11.3664 -12.7401 -14.6242 -17.3175
  0.0000  -1.3001  -1.3001  -1.3001  -1.3001  -1.3001  -1.3001  -1.3001  -1.3001
 -1.3001  -1.3001  -1.3001  -1.3001  -1.3002  -1.3002  -1.3004  -1.3007  -1.3015
 -1.3036  -1.3089  -1.3221  -1.3553  -1.4385  -1.6471  -2.1651  -3.3627  -4.5356
 -5.2862  -5.8591  -6.3895  -6.9359  -7.5011  -8.0962  -8.7401  -9.4631 -10.3132
-11.3658 -12.7398 -14.6242 -17.3176
  0.0000  -0.4830  -0.4830  -0.4830  -0.4830  -0.4830  -0.4830  -0.4830  -0.4830
 -0.4830  -0.4831  -0.4833  -0.4838  -0.4851  -0.4884  -0.4966  -0.5169  -0.5669
 -0.6851  -0.9408  -1.3861  -1.9388  -2.4956  -3.0427  -3.5953  -4.2318  -4.8921
 -5.4166  -5.9501  -6.4995  -7.0757  -7.6952  -8.3838  -9.1822 -10.1549 -11.4038
-13.0907 -15.4717 -18.9528 -24.1774
  0.0000  -0.5176  -0.5176  -0.5176  -0.5176  -0.5176  -0.5176  -0.5176  -0.5176
 -0.5176  -0.5177  -0.5178  -0.5182  -0.5193  -0.5219  -0.5285  -0.5449  -0.5854
 -0.6837  -0.9073  -1.3373  -1.9137  -2.4848  -3.0354  -3.5904  -4.2272  -4.8880
 -5.4140  -5.9482  -6.4984  -7.0750  -7.6947  -8.3835  -9.1820 -10.1548 -11.4038
-13.0906 -15.4716 -18.9527 -24.1774
  0.0000  -0.5709  -0.5709  -0.5709  -0.5709  -0.5709  -0.5709  -0.5709  -0.5709
 -0.5709  -0.5710  -0.5711  -0.5714  -0.5721  -0.5740  -0.5788  -0.5908  -0.6206
 -0.6941  -0.8694  -1.2487  -1.8562  -2.4663  -3.0254  -3.5832  -4.2204  -4.8816
 -5.4098  -5.9453  -6.4964  -7.0738  -7.6940  -8.3830  -9.1817 -10.1546 -11.4036
-13.0906 -15.4716 -18.9527 -24.1774
  0.0000  -0.6468  -0.6468  -0.6468  -0.6468  -0.6468  -0.6468  -0.6468  -0.6468
 -0.6468  -0.6469  -0.6470  -0.6471  -0.6476  -0.6489  -0.6520  -0.6599  -0.6796
 -0.7286  -0.8492  -1.1337  -1.7098  -2.4225  -3.0106  -3.5738  -4.2111  -4.8727
 -5.4035  -5.9410  -6.4934  -7.0718  -7.6928  -8.3823  -9.1813 -10.1544 -11.4035
-13.0905 -15.4716 -18.9528 -24.1775
  0.0000  -0.7443  -0.7443  -0.7443  -0.7443  -0.7443  -0.7443  -0.7443  -0.7443
 -0.7443  -0.7443  -0.7443  -0.7445  -0.7448  -0.7455  -0.7474  -0.7521  -0.7640
 -0.7937  -0.8678  -1.0500  -1.4759  -2.2631  -2.9812  -3.5614  -4.1995  -4.8612
 -5.3946  -5.9341  -6.4886  -7.0684  -7.6905  -8.3808  -9.1804 -10.1537 -11.4031
-13.0902 -15.4714 -18.9526 -24.1773
  0.0000  -0.8598  -0.8598  -0.8598  -0.8598  -0.8598  -0.8598  -0.8598  -0.8598
 -0.8598  -0.8599  -0.8599  -0.8599  -0.8601  -0.8605  -0.8616  -0.8643  -0.8710
 -0.8877  -0.9298  -1.0347  -1.2929  -1.8927  -2.8618  -3.5411  -4.1866  -4.8495
 -5.3845  -5.9251  -6.4819  -7.0638  -7.6874  -8.3788  -9.1792 -10.1530 -11.4027
-13.0901 -15.4713 -18.9526 -24.1774
  0.0000  -0.9880  -0.9880  -0.9880  -0.9880  -0.9880  -0.9880  -0.9880  -0.9880
 -0.9880  -0.9880  -0.9880  -0.9881  -0.9882  -0.9884  -0.9890  -0.9904  -0.9940
 -1.0030  -1.0257  -1.0826  -1.2246  -1.5747  -2.3818  -3.4683  -4.1669  -4.8398
 -5.3755  -5.9146  -6.4727  -7.0569  -7.6826  -8.3754  -9.1767 -10.1515 -11.4017
-13.0893 -15.4708 -18.9522 -24.1771
  0.0000  -0.4522  -0.4522  -0.4522  -0.4522  -0.4522  -0.4522  -0.4522  -0.4522
 -0.4523  -0.4524  -0.4526  -0.4532  -0.4548  -0.4588  -0.4686  -0.4928  -0.5514
 -0.6873  -0.9670  -1.4182  -1.9620  -2.5277  -3.1363  -3.8689  -4.3984  -4.9312
 -5.4763  -6.0431  -6.6465  -7.3088  -8.0651  -8.9707 -10.1131 -11.6312 -13.7445
-16.8014 -21.3538 -28.2764 -36.9972
  0.0000  -0.4620  -0.4620  -0.4620  -0.4620  -0.4620  -0.4620  -0.4620  -0.4620
 -0.4620  -0.4621  -0.4623  -0.4629  -0.4644  -0.4681  -0.4774  -0.5004  -0.5562
 -0.6862  -0.9580  -1.4078  -1.9555  -2.5233  -3.1321  -3.8650  -4.3961  -4.9300
 -5.4756  -6.0430  -6.6466  -7.3091  -8.0655  -8.9712 -10.1137 -11.6318 -13.7452
-16.8021 -21.3545 -28.2771 -36.9979
  0.0000  -0.4755  -0.4755  -0.4755  -0.4755  -0.4755  -0.4755  -0.4755  -0.4756
 -0.4756  -0.4757  -0.4759  -0.4764  -0.4778  -0.4811  -0.4895  -0.5105  -0.5618
 -0.6829  -0.9433  -1.3927  -1.9481  -2.5184  -3.1258  -3.8578  -4.3909  -4.9263
 -5.4730  -6.0413  -6.6455  -7.3084  -8.0650  -8.9708 -10.1135 -11.6316 -13.7450
-16.8020 -21.3544 -28.2769 -36.9978
  0.0000  -0.5022  -0.5022  -0.5022  -0.5022  -0.5022  -0.5022  -0.5022  -0.5022
 -0.5023  -0.5023  -0.5025  -0.5030  -0.5041  -0.5069  -0.5139  -0.5315  -0.5749
 -0.6796  -0.9156  -1.3585  -1.9350  -2.5125  -3.1187  -3.8483  -4.3840  -4.9209
 -5.4693  -6.0386  -6.6439  -7.3074  -8.0644  -8.9705 -10.1133 -11.6315 -13.7450
-16.8020 -21.3544 -28.2770 -36.9979
  0.0000  -0.5490  -0.5490  -0.5490  -0.5490  -0.5490  -0.5490  -0.5490  -0.5490
 -0.5490  -0.5491  -0.5492  -0.5496  -0.5504  -0.5525  -0.5578  -0.5710  -0.6039
 -0.6847  -0.8762  -1.2812  -1.8965  -2.5034  -3.1111  -3.8375  -4.3750  -4.9130
 -5.4634  -6.0346  -6.6409  -7.3056  -8.0633  -8.9698 -10.1128 -11.6312 -13.7448
-16.8019 -21.3544 -28.2770 -36.9979
  0.0000  -0.6200  -0.6200  -0.6200  -0.6200  -0.6200  -0.6200  -0.6200  -0.6200
 -0.6200  -0.6201  -0.6202  -0.6204  -0.6209  -0.6224  -0.6259  -0.6347  -0.6569
 -0.7121  -0.8472  -1.1622  -1.7738  -2.4763  -3.1022  -3.8275  -4.3665  -4.9032
 -5.4551  -6.0284  -6.6366  -7.3024  -8.0612  -8.9684 -10.1119 -11.6306 -13.7443
-16.8015 -21.3540 -28.2767 -36.9977
  0.0000  -0.7153  -0.7153  -0.7153  -0.7153  -0.7153  -0.7153  -0.7153  -0.7153
 -0.7153  -0.7154  -0.7154  -0.7155  -0.7159  -0.7167  -0.7189  -0.7243  -0.7378
 -0.7716  -0.8558  -1.0620  -1.5366  -2.3551  -3.0829  -3.8189  -4.3634  -4.8948
 -5.4462  -6.0210  -6.6314  -7.2990  -8.0588  -8.9671 -10.1112 -11.6303 -13.7444
-16.8017 -21.3544 -28.2771 -36.9982
  0.0000  -0.4423  -0.4423  -0.4423  -0.4423  -0.4423  -0.4423  -0.4423  -0.4424
 -0.4424  -0.4425  -0.4428  -0.4434  -0.4450  -0.4489  -0.4587  -0.4828  -0.5416
 -0.6800  -0.9673  -1.4310  -2.0095  -2.7101  -3.3626  -3.9047  -4.4505  -5.0116
 -5.6027  -6.2432  -6.9637  -7.8121  -8.8634 -10.2367 -12.1206 -14.8137 -18.7894
-24.7980 -34.0285 -36.9955 -36.9955
  0.0000  -0.4486  -0.4486  -0.4486  -0.4486  -0.4486  -0.4486  -0.4486  -0.4486
 -0.4486  -0.4487  -0.4490  -0.4496  -0.4511  -0.4550  -0.4646  -0.4881  -0.5451
 -0.6791  -0.9592  -1.4204  -2.0020  -2.7060  -3.3598  -3.9028  -4.4491  -5.0107
 -5.6020  -6.2427  -6.9634  -7.8118  -8.8631 -10.2365 -12.1204 -14.8135 -18.7892
-24.7978 -34.0283 -36.9953 -36.9953
  0.0000  -0.4495  -0.4495  -0.4495  -0.4495  -0.4495  -0.4495  -0.4495  -0.4495
 -0.4495  -0.4496  -0.4499  -0.4505  -0.4521  -0.4559  -0.4656  -0.4893  -0.5467
 -0.6803  -0.9582  -1.4173  -1.9983  -2.7026  -3.3547  -3.8991  -4.4466  -5.0090
 -5.6010  -6.2421  -6.9630  -7.8116  -8.8631 -10.2365 -12.1205 -14.8136 -18.7894
-24.7980 -34.0285 -36.9955 -36.9955
  0.0000  -0.4503  -0.4503  -0.4503  -0.4503  -0.4503  -0.4503  -0.4503  -0.4503
 -0.4503  -0.4504  -0.4507  -0.4513  -0.4528  -0.4566  -0.4662  -0.4898  -0.5471
 -0.6802  -0.9576  -1.4173  -1.9976  -2.7004  -3.3478  -3.8931  -4.4419  -5.0060
 -5.5987  -6.2407  -6.9622  -7.8111  -8.8628 -10.2364 -12.1204 -14.8136 -18.7894
-24.7980 -34.0286 -36.9956 -36.9956
  0.0000  -0.4572  -0.4572  -0.4572  -0.4572  -0.4572  -0.4572  -0.4572  -0.4572
 -0.4572  -0.4573  -0.4576  -0.4581  -0.4596  -0.4631  -0.4721  -0.4944  -0.5488
 -0.6769  -0.9499  -1.4140  -1.9991  -2.7009  -3.3406  -3.8852  -4.4352  -5.0010
 -5.5954  -6.2384  -6.9607  -7.8102  -8.8623 -10.2361 -12.1203 -14.8136 -18.7894
-24.7981 -34.0286 -36.9957 -36.9957
  0.0000  -0.4783  -0.4783  -0.4783  -0.4783  -0.4783  -0.4783  -0.4783  -0.4783
 -0.4783  -0.4784  -0.4786  -0.4791  -0.4803  -0.4834  -0.4911  -0.5102  -0.5575
 -0.6711  -0.9250  -1.3906  -1.9967  -2.7042  -3.3367  -3.8772  -4.4266  -4.9937
 -5.5901  -6.2347  -6.9582  -7.8086  -8.8613 -10.2355 -12.1199 -14.8133 -18.7892
-24.7980 -34.0286 -36.9957 -36.9957
  0.0000  -0.5217  -0.5217  -0.5217  -0.5217  -0.5217  -0.5217  -0.5217  -0.5217
 -0.5217  -0.5218  -0.5219  -0.5223  -0.5232  -0.5255  -0.5314  -0.5460  -0.5825
 -0.6719  -0.8823  -1.3189  -1.9691  -2.7035  -3.3394  -3.8731  -4.4184  -4.9854
 -5.5833  -6.2298  -6.9549  -7.8063  -8.8599 -10.2346 -12.1194 -14.8130 -18.7891
-24.7979 -34.0286 -36.9958 -36.9958
  0.0000  -0.4142  -0.4142  -0.4142  -0.4142  -0.4142  -0.4142  -0.4142  -0.4142
 -0.4143  -0.4144  -0.4147  -0.4154  -0.4172  -0.4215  -0.4319  -0.4573  -0.5195
 -0.6673  -0.9784  -1.5107  -2.2233  -2.8452  -3.4068  -3.9713  -4.5559  -5.1802
 -5.8717  -6.6717  -7.6454  -8.8949 -10.5821 -12.9633 -16.4446 -21.6694 -29.6575
-36.9910 -36.9910 -36.9910 -36.9910
  0.0000  -0.4296  -0.4296  -0.4296  -0.4296  -0.4296  -0.4296  -0.4296  -0.4296
 -0.4296  -0.4297  -0.4300  -0.4306  -0.4322  -0.4361  -0.4455  -0.4684  -0.5248
 -0.6611  -0.9589  -1.4903  -2.2160  -2.8449  -3.4076  -3.9722  -4.5564  -5.1805
 -5.8717  -6.6716  -7.6452  -8.8946 -10.5818 -12.9630 -16.4442 -21.6690 -29.6572
-36.9906 -36.9906 -36.9906 -36.9906
  0.0000  -0.4316  -0.4316  -0.4316  -0.4316  -0.4316  -0.4316  -0.4316  -0.4316
 -0.4316  -0.4317  -0.4320  -0.4326  -0.4342  -0.4381  -0.4476  -0.4709  -0.5273
 -0.6620  -0.9550  -1.4838  -2.2116  -2.8414  -3.4051  -3.9705  -4.5554  -5.1798
 -5.8713  -6.6714  -7.6451  -8.8946 -10.5818 -12.9630 -16.4443 -21.6691 -29.6572
-36.9907 -36.9907 -36.9907 -36.9907
  0.0000  -0.4275  -0.4275  -0.4275  -0.4275  -0.4275  -0.4275  -0.4275  -0.4275
 -0.4275  -0.4276  -0.4279  -0.4285  -0.4302  -0.4342  -0.4442  -0.4685  -0.5272
 -0.6647  -0.9587  -1.4863  -2.2101  -2.8362  -3.4002  -3.9667  -4.5528  -5.1780
 -5.8702  -6.6708  -7.6447  -8.8944 -10.5817 -12.9630 -16.4443 -21.6691 -29.6573
-36.9908 -36.9908 -36.9908 -36.9908
  0.0000  -0.4207  -0.4207  -0.4207  -0.4207  -0.4207  -0.4207  -0.4208  -0.4208
 -0.4208  -0.4209  -0.4212  -0.4219  -0.4235  -0.4277  -0.4381  -0.4636  -0.5251
 -0.6673  -0.9665  -1.4965  -2.2140  -2.8310  -3.3936  -3.9610  -4.5487  -5.1752
 -5.8683  -6.6696  -7.6440  -8.8940 -10.5816 -12.9630 -16.4444 -21.6692 -29.6575
-36.9910 -36.9910 -36.9910 -36.9910
  0.0000  -0.4162  -0.4162  -0.4162  -0.4162  -0.4162  -0.4162  -0.4162  -0.4162
 -0.4162  -0.4163  -0.4166  -0.4173  -0.4190  -0.4231  -0.4336  -0.4595  -0.5222
 -0.6673  -0.9723  -1.5095  -2.2249  -2.8291  -3.3866  -3.9535  -4.5424  -5.1708
 -5.8652  -6.6675  -7.6428  -8.8933 -10.5811 -12.9627 -16.4442 -21.6692 -29.6575
-36.9911 -36.9911 -36.9911 -36.9911
  1.0000  -0.4332  -0.4332  -0.4332  -0.4332  -0.4332  -0.4332  -0.4332  -0.4332
 -0.4332  -0.4333  -0.4336  -0.4342  -0.4356  -0.4394  -0.4487  -0.4719  -0.5287
 -0.6626  -0.9526  -1.4834  -2.2089  -2.8253  -3.3851  -3.9529  -4.5422  -5.1707
 -5.8652  -6.6674  -7.6428  -8.8933 -10.5811 -12.9627 -16.4442 -21.6692 -29.6575
-36.9911 -36.9911 -36.9911 -36.9911
  0.0000  -0.3262  -0.3262  -0.3262  -0.3262  -0.3262  -0.3262  -0.3262  -0.3263
 -0.3264  -0.3266  -0.3272  -0.3285  -0.3313  -0.3378  -0.3532  -0.3905  -0.4799
 -0.6885  -1.1199  -1.7309  -2.3288  -2.9037  -3.4909  -4.1081  -4.7796  -5.5418
 -6.4512  -7.5961  -9.1156 -11.2299 -14.2873 -18.8401 -25.7628 -36.4419 -36.9841
-36.9841 -36.9841 -36.9841 -36.9841
  0.0000  -0.3716  -0.3716  -0.3716  -0.3716  -0.3716  -0.3717  -0.3717  -0.3717
 -0.3718  -0.3719  -0.3724  -0.3733  -0.3755  -0.3804  -0.3917  -0.4192  -0.4872
 -0.6567  -1.0461  -1.6912  -2.3241  -2.9107  -3.5001  -4.1159  -4.7851  -5.5456
 -6.4535  -7.5973  -9.1162 -11.2300 -14.2872 -18.8398 -25.7624 -36.4415 -36.9835
-36.9835 -36.9835 -36.9835 -36.9835
  0.0000  -0.3796  -0.3796  -0.3796  -0.3796  -0.3796  -0.3796  -0.3796  -0.3797
 -0.3797  -0.3799  -0.3802  -0.3811  -0.3831  -0.3879  -0.3989  -0.4251  -0.4901
 -0.6520  -1.0318  -1.6840  -2.3165  -2.9111  -3.5008  -4.1165  -4.7855  -5.5459
 -6.4537  -7.5975  -9.1163 -11.2301 -14.2873 -18.8398 -25.7624 -36.4415 -36.9835
-36.9835 -36.9835 -36.9835 -36.9835
  0.0000  -0.3748  -0.3748  -0.3748  -0.3748  -0.3748  -0.3748  -0.3748  -0.3748
 -0.3749  -0.3750  -0.3754  -0.3762  -0.3783  -0.3833  -0.3948  -0.4225  -0.4900
 -0.6555  -1.0384  -1.6845  -2.3136  -2.9080  -3.4983  -4.1148  -4.7844  -5.5451
 -6.4532  -7.5972  -9.1161 -11.2300 -14.2872 -18.8397 -25.7624 -36.4415 -36.9835
-36.9835 -36.9835 -36.9835 -36.9835
  0.0000  -0.3630  -0.3630  -0.3630  -0.3630  -0.3630  -0.3630  -0.3631  -0.3631
 -0.3631  -0.3633  -0.3636  -0.3645  -0.3667  -0.3719  -0.3845  -0.4146  -0.4872
 -0.6629  -1.0590  -1.6929  -2.3112  -2.9030  -3.4937  -4.1113  -4.7821  -5.5435
 -6.4523  -7.5966  -9.1158 -11.2299 -14.2872 -18.8398 -25.7625 -36.4416 -36.9837
-36.9837 -36.9837 -36.9837 -36.9837
  1.0000  -0.3656  -0.3656  -0.3656  -0.3656  -0.3656  -0.3656  -0.3656  -0.3657
 -0.3657  -0.3658  -0.3662  -0.3670  -0.3690  -0.3741  -0.3864  -0.4162  -0.4881
 -0.6621  -1.0551  -1.6894  -2.3102  -2.9026  -3.4936  -4.1113  -4.7821  -5.5436
 -6.4524  -7.5967  -9.1159 -11.2300 -14.2873 -18.8399 -25.7626 -36.4417 -36.9838
-36.9838 -36.9838 -36.9838 -36.9838
  2.0000  -0.3701  -0.3701  -0.3701  -0.3701  -0.3701  -0.3702  -0.3702  -0.3702
 -0.3702  -0.3703  -0.3707  -0.3714  -0.3733  -0.3781  -0.3900  -0.4191  -0.4895
 -0.6603  -1.0471  -1.6819  -2.3078  -2.9016  -3.4932  -4.1111  -4.7820  -5.5434
 -6.4523  -7.5966  -9.1158 -11.2299 -14.2872 -18.8398 -25.7625 -36.4416 -36.9837
-36.9837 -36.9837 -36.9837 -36.9837
 -1.0000  -0.2792  -0.2792  -0.2792  -0.2792  -0.2792  -0.2792  -0.2792  -0.2793
 -0.2796  -0.2800  -0.2809  -0.2827  -0.2864  -0.2943  -0.3123  -0.3546  -0.4593
 -0.7245  -1.2216  -1.8125  -2.4105  -3.0281  -3.6868  -4.4191  -5.2747  -6.3306
 -7.7069  -9.5925 -12.2866 -16.2630 -22.2720 -31.5028 -36.9701 -36.9701 -36.9701
-36.9701 -36.9701 -36.9701 -36.9701
  0.0000  -0.2793  -0.2793  -0.2793  -0.2793  -0.2793  -0.2793  -0.2794  -0.2794
 -0.2796  -0.2801  -0.2810  -0.2828  -0.2865  -0.2944  -0.3124  -0.3546  -0.4593
 -0.7245  -1.2215  -1.8124  -2.4105  -3.0281  -3.6868  -4.4191  -5.2747  -6.3306
 -7.7069  -9.5925 -12.2866 -16.2630 -22.2720 -31.5028 -36.9701 -36.9701 -36.9701
-36.9701 -36.9701 -36.9701 -36.9701
  0.0000  -0.3302  -0.3302  -0.3302  -0.3302  -0.3302  -0.3302  -0.3303  -0.3303
 -0.3304  -0.3307  -0.3314  -0.3326  -0.3350  -0.3396  -0.3497  -0.3744  -0.4463
 -0.6723  -1.1792  -1.8014  -2.4132  -3.0345  -3.6925  -4.4231  -5.2772  -6.3320
 -7.7073  -9.5923 -12.2861 -16.2622 -22.2711 -31.5018 -36.9689 -36.9689 -36.9689
-36.9689 -36.9689 -36.9689 -36.9689
  0.0000  -0.3323  -0.3323  -0.3323  -0.3323  -0.3323  -0.3323  -0.3323  -0.3324
 -0.3325  -0.3327  -0.3333  -0.3345  -0.3368  -0.3414  -0.3515  -0.3758  -0.4463
 -0.6697  -1.1769  -1.8009  -2.4133  -3.0346  -3.6927  -4.4232  -5.2773  -6.3320
 -7.7073  -9.5923 -12.2861 -16.2622 -22.2711 -31.5018 -36.9689 -36.9689 -36.9689
-36.9689 -36.9689 -36.9689 -36.9689
  0.0000  -0.3126  -0.3126  -0.3126  -0.3126  -0.3126  -0.3127  -0.3127  -0.3127
 -0.3128  -0.3130  -0.3136  -0.3149  -0.3178  -0.3239  -0.3374  -0.3692  -0.4522
 -0.6884  -1.1896  -1.8024  -2.4111  -3.0321  -3.6908  -4.4220  -5.2765  -6.3318
 -7.7074  -9.5926 -12.2865 -16.2627 -22.2716 -31.5023 -36.9695 -36.9695 -36.9695
-36.9695 -36.9695 -36.9695 -36.9695
  0.0000  -0.2830  -0.2830  -0.2830  -0.2830  -0.2830  -0.2830  -0.2830  -0.2831
 -0.2832  -0.2834  -0.2841  -0.2856  -0.2891  -0.2972  -0.3155  -0.3580  -0.4611
 -0.7194  -1.2132  -1.8077  -2.4087  -3.0279  -3.6871  -4.4196  -5.2752  -6.3310
 -7.7072  -9.5927 -12.2869 -16.2632 -22.2723 -31.5030 -36.9703 -36.9703 -36.9703
-36.9703 -36.9703 -36.9703 -36.9703
  0.0000  -0.2529  -0.2529  -0.2529  -0.2529  -0.2529  -0.2529  -0.2529  -0.2530
 -0.2531  -0.2534  -0.2540  -0.2557  -0.2598  -0.2695  -0.2923  -0.3454  -0.4704
 -0.7549  -1.2439  -1.8184  -2.4083  -3.0236  -3.6825  -4.4161  -5.2730  -6.3298
 -7.7067  -9.5927 -12.2872 -16.2638 -22.2729 -31.5038 -36.9712 -36.9712 -36.9712
-36.9712 -36.9712 -36.9712 -36.9712
 -2.0000  -0.2949  -0.2949  -0.2949  -0.2949  -0.2949  -0.2950  -0.2951  -0.2954
 -0.2958  -0.2964  -0.2972  -0.2980  -0.2989  -0.2986  -0.2991  -0.3175  -0.4221
 -0.7408  -1.2754  -1.8963  -2.5562  -3.2729  -4.0892  -5.0728  -6.3284  -8.0193
-10.4026 -13.8851 -19.1107 -27.0993 -36.9336 -36.9336 -36.9336 -36.9336 -36.9336
-36.9336 -36.9336 -36.9336 -36.9336
 -1.0000  -0.2950  -0.2950  -0.2950  -0.2950  -0.2950  -0.2951  -0.2952  -0.2954
 -0.2958  -0.2964  -0.2972  -0.2980  -0.2989  -0.2986  -0.2991  -0.3175  -0.4221
 -0.7408  -1.2754  -1.8963  -2.5562  -3.2729  -4.0892  -5.0728  -6.3284  -8.0193
-10.4026 -13.8851 -19.1107 -27.0993 -36.9336 -36.9336 -36.9336 -36.9336 -36.9336
-36.9336 -36.9336 -36.9336 -36.9336
  0.0000  -0.2953  -0.2953  -0.2953  -0.2953  -0.2953  -0.2953  -0.2954  -0.2956
 -0.2959  -0.2965  -0.2972  -0.2981  -0.2990  -0.2987  -0.2992  -0.3177  -0.4222
 -0.7408  -1.2754  -1.8964  -2.5563  -3.2730  -4.0893  -5.0729  -6.3285  -8.0194
-10.4027 -13.8852 -19.1108 -27.0994 -36.9337 -36.9337 -36.9337 -36.9337 -36.9337
-36.9337 -36.9337 -36.9337 -36.9337
  0.0000  -0.3528  -0.3528  -0.3528  -0.3528  -0.3528  -0.3528  -0.3529  -0.3530
 -0.3532  -0.3535  -0.3538  -0.3536  -0.3519  -0.3456  -0.3330  -0.3264  -0.3960
 -0.6984  -1.2547  -1.8929  -2.5590  -3.2763  -4.0916  -5.0739  -6.3286  -8.0187
-10.4015 -13.8837 -19.1090 -27.0975 -36.9316 -36.9316 -36.9316 -36.9316 -36.9316
-36.9316 -36.9316 -36.9316 -36.9316
  0.0000  -0.3461  -0.3461  -0.3461  -0.3461  -0.3461  -0.3461  -0.3461  -0.3462
 -0.3463  -0.3466  -0.3469  -0.3469  -0.3454  -0.3400  -0.3290  -0.3255  -0.3992
 -0.7033  -1.2568  -1.8930  -2.5585  -3.2760  -4.0914  -5.0738  -6.3286  -8.0188
-10.4017 -13.8840 -19.1093 -27.0978 -36.9319 -36.9319 -36.9319 -36.9319 -36.9319
-36.9319 -36.9319 -36.9319 -36.9319
  0.0000  -0.3128  -0.3128  -0.3128  -0.3128  -0.3128  -0.3128  -0.3129  -0.3129
 -0.3130  -0.3132  -0.3137  -0.3142  -0.3143  -0.3128  -0.3099  -0.3213  -0.4148
 -0.7266  -1.2670  -1.8941  -2.5567  -3.2739  -4.0901  -5.0733  -6.3285  -8.0192
-10.4023 -13.8847 -19.1102 -27.0988 -36.9330 -36.9330 -36.9330 -36.9330 -36.9330
-36.9330 -36.9330 -36.9330 -36.9330
  0.0000  -0.2728  -0.2728  -0.2728  -0.2728  -0.2728  -0.2729  -0.2729  -0.2729
 -0.2730  -0.2732  -0.2738  -0.2749  -0.2767  -0.2796  -0.2866  -0.3162  -0.4350
 -0.7577  -1.2829  -1.8971  -2.5548  -3.2713  -4.0881  -5.0723  -6.3282  -8.0195
-10.4030 -13.8857 -19.1113 -27.1000 -36.9344 -36.9344 -36.9344 -36.9344 -36.9344
-36.9344 -36.9344 -36.9344 -36.9344
 -2.0000  -0.0831  -0.0831  -0.0831  -0.0831  -0.0832  -0.0835  -0.0838  -0.0845
 -0.0855  -0.0871  -0.0897  -0.0940  -0.1015  -0.1173  -0.1586  -0.2703  -0.5365
 -0.9669  -1.5244  -2.1740  -2.9277  -3.8347  -4.9814  -6.5057  -8.6262 -11.6900
-16.2479 -23.1745 -33.8563 -36.9033 -36.9033 -36.9033 -36.9033 -36.9033 -36.9033
-36.9033 -36.9033 -36.9033 -36.9033
 -1.0000  -0.0832  -0.0832  -0.0832  -0.0832  -0.0833  -0.0835  -0.0838  -0.0845
 -0.0855  -0.0871  -0.0897  -0.0940  -0.1015  -0.1173  -0.1586  -0.2703  -0.5365
 -0.9669  -1.5244  -2.1740  -2.9277  -3.8347  -4.9814  -6.5057  -8.6262 -11.6900
-16.2479 -23.1745 -33.8563 -36.9033 -36.9033 -36.9033 -36.9033 -36.9033 -36.9033
-36.9033 -36.9033 -36.9033 -36.9033
  0.0000  -0.0833  -0.0833  -0.0834  -0.0834  -0.0834  -0.0836  -0.0839  -0.0845
 -0.0855  -0.0871  -0.0897  -0.0940  -0.1015  -0.1173  -0.1586  -0.2703  -0.5365
 -0.9669  -1.5244  -2.1740  -2.9277  -3.8347  -4.9814  -6.5057  -8.6262 -11.6900
-16.2479 -23.1745 -33.8563 -36.9033 -36.9033 -36.9033 -36.9033 -36.9033 -36.9033
-36.9033 -36.9033 -36.9033 -36.9033
  0.0000  -0.2993  -0.2993  -0.2993  -0.2994  -0.2994  -0.2995  -0.2997  -0.3001
 -0.3008  -0.3017  -0.3026  -0.3027  -0.2998  -0.2913  -0.2784  -0.2796  -0.3906
 -0.7563  -1.3661  -2.0812  -2.8802  -3.8135  -4.9726  -6.5003  -8.6195 -11.6798
-16.2341 -23.1578 -33.8376 -36.8804 -36.8804 -36.8804 -36.8804 -36.8804 -36.8804
-36.8804 -36.8804 -36.8804 -36.8804
  1.0000  -0.2994  -0.2994  -0.2994  -0.2994  -0.2994  -0.2995  -0.2996  -0.3000
 -0.3006  -0.3015  -0.3024  -0.3024  -0.2995  -0.2911  -0.2782  -0.2795  -0.3904
 -0.7560  -1.3658  -2.0810  -2.8800  -3.8133  -4.9724  -6.5001  -8.6193 -11.6796
-16.2339 -23.1576 -33.8374 -36.8802 -36.8802 -36.8802 -36.8802 -36.8802 -36.8802
-36.8802 -36.8802 -36.8802 -36.8802
  2.0000  -0.3000  -0.3000  -0.3000  -0.3000  -0.3000  -0.3000  -0.3001  -0.3003
 -0.3008  -0.3016  -0.3025  -0.3025  -0.2997  -0.2913  -0.2784  -0.2798  -0.3907
 -0.7561  -1.3659  -2.0811  -2.8802  -3.8135  -4.9726  -6.5003  -8.6195 -11.6798
-16.2341 -23.1578 -33.8376 -36.8804 -36.8804 -36.8804 -36.8804 -36.8804 -36.8804
-36.8804 -36.8804 -36.8804 -36.8804
  3.0000  -0.3004  -0.3004  -0.3004  -0.3004  -0.3004  -0.3004  -0.3005  -0.3006
 -0.3009  -0.3015  -0.3023  -0.3023  -0.2996  -0.2913  -0.2785  -0.2799  -0.3907
 -0.7559  -1.3658  -2.0810  -2.8801  -3.8135  -4.9726  -6.5003  -8.6195 -11.6798
-16.2341 -23.1578 -33.8376 -36.8804 -36.8804 -36.8804 -36.8804 -36.8804 -36.8804
-36.8804 -36.8804 -36.8804 -36.8804
 -3.0000  -0.1047  -0.1047  -0.1048  -0.1049  -0.1053  -0.1058  -0.1067  -0.1079
 -0.1098  -0.1125  -0.1163  -0.1215  -0.1291  -0.1427  -0.1551  -0.2441  -0.4821
 -0.9571  -1.6444  -2.5055  -3.5784  -4.9719  -6.8719  -9.5769 -13.5609 -19.5749
-28.8088 -36.7817 -36.7817 -36.7817 -36.7817 -36.7817 -36.7817 -36.7817 -36.7817
-36.7817 -36.7817 -36.7817 -36.7817
 -2.0000  -0.1048  -0.1048  -0.1049  -0.1050  -0.1053  -0.1058  -0.1067  -0.1079
 -0.1098  -0.1125  -0.1163  -0.1215  -0.1291  -0.1427  -0.1551  -0.2441  -0.4821
 -0.9571  -1.6444  -2.5055  -3.5784  -4.9719  -6.8719  -9.5769 -13.5609 -19.5749
-28.8088 -36.7817 -36.7817 -36.7817 -36.7817 -36.7817 -36.7817 -36.7817 -36.7817
-36.7817 -36.7817 -36.7817 -36.7817
 -1.0000  -0.1049  -0.1049  -0.1050  -0.1051  -0.1053  -0.1058  -0.1067  -0.1079
 -0.1098  -0.1125  -0.1163  -0.1215  -0.1291  -0.1427  -0.1551  -0.2441  -0.4821
 -0.9571  -1.6444  -2.5055  -3.5784  -4.9719  -6.8719  -9.5769 -13.5609 -19.5749
-28.8088 -36.7817 -36.7817 -36.7817 -36.7817 -36.7817 -36.7817 -36.7817 -36.7817
-36.7817 -36.7817 -36.7817 -36.7817
  0.0000  -0.1052  -0.1052  -0.1052  -0.1053  -0.1055  -0.1059  -0.1067  -0.1079
 -0.1098  -0.1125  -0.1163  -0.1215  -0.1291  -0.1427  -0.1551  -0.2441  -0.4821
 -0.9571  -1.6444  -2.5055  -3.5784  -4.9719  -6.8719  -9.5769 -13.5609 -19.5749
-28.8088 -36.7817 -36.7817 -36.7817 -36.7817 -36.7817 -36.7817 -36.7817 -36.7817
-36.7817 -36.7817 -36.7817 -36.7817
  1.0000  -0.1056  -0.1056  -0.1056  -0.1057  -0.1058  -0.1061  -0.1068  -0.1080
 -0.1099  -0.1126  -0.1164  -0.1216  -0.1292  -0.1428  -0.1552  -0.2442  -0.4822
 -0.9572  -1.6445  -2.5056  -3.5785  -4.9720  -6.8720  -9.5770 -13.5610 -19.5750
-28.8089 -36.7818 -36.7818 -36.7818 -36.7818 -36.7818 -36.7818 -36.7818 -36.7818
-36.7818 -36.7818 -36.7818 -36.7818
  2.0000  -0.1060  -0.1061  -0.1061  -0.1061  -0.1062  -0.1064  -0.1069  -0.1080
 -0.1098  -0.1125  -0.1164  -0.1216  -0.1293  -0.1427  -0.1553  -0.2442  -0.4822
 -0.9571  -1.6445  -2.5056  -3.5785  -4.9720  -6.8720  -9.5770 -13.5610 -19.5750
-28.8089 -36.7818 -36.7818 -36.7818 -36.7818 -36.7818 -36.7818 -36.7818 -36.7818
-36.7818 -36.7818 -36.7818 -36.7818
  3.0000  -0.1067  -0.1067  -0.1067  -0.1067  -0.1068  -0.1069  -0.1073  -0.1082
 -0.1098  -0.1125  -0.1164  -0.1215  -0.1293  -0.1426  -0.1554  -0.2442  -0.4821
 -0.9571  -1.6444  -2.5055  -3.5785  -4.9720  -6.8720  -9.5770 -13.5610 -19.5750
-28.8089 -36.7818 -36.7818 -36.7818 -36.7818 -36.7818 -36.7818 -36.7818 -36.7818
-36.7818 -36.7818 -36.7818 -36.7818
-13.0000  -0.1045  -0.1046  -0.1047  -0.1049  -0.1053  -0.1058  -0.1067  -0.1079
 -0.1098  -0.1125  -0.1163  -0.1215  -0.1291  -0.1427  -0.1551  -0.2441  -0.4821
 -0.9571  -1.6444  -2.5055  -3.5784  -4.9719  -6.8719  -9.5769 -13.5609 -19.5749
-28.8088 -36.7817 -36.7817 -36.7817 -36.7817 -36.7817 -36.7817 -36.7817 -36.7817
-36.7817 -36.7817 -36.7817 -36.7817
-12.0000  -0.1046  -0.1046  -0.1047  -0.1049  -0.1053  -0.1058  -0.1067  -0.1079
 -0.1098  -0.1125  -0.1163  -0.1215  -0.1291  -0.1427  -0.1551  -0.2441  -0.4821
 -0.9571  -1.6444  -2.5055  -3.5784  -4.9719  -6.8719  -9.5769 -13.5609 -19.5749
-28.8088 -36.7817 -36.7817 -36.7817 -36.7817 -36.7817 -36.7817 -36.7817 -36.7817
-36.7817 -36.7817 -36.7817 -36.7817
-11.0000  -0.1046  -0.1047  -0.1048  -0.1049  -0.1053  -0.1058  -0.1067  -0.1079
 -0.1098  -0.1125  -0.1163  -0.1215  -0.1291  -0.1427  -0.1551  -0.2441  -0.4821
 -0.9571  -1.6444  -2.5055  -3.5784  -4.9719  -6.8719  -9.5769 -13.5609 -19.5749
-28.8088 -36.7817 -36.7817 -36.7817 -36.7817 -36.7817 -36.7817 -36.7817 -36.7817
-36.7817 -36.7817 -36.7817 -36.7817
-10.0000  -0.1047  -0.1048  -0.1048  -0.1050  -0.1053  -0.1058  -0.1067  -0.1079
 -0.1098  -0.1125  -0.1163  -0.1215  -0.1291  -0.1427  -0.1551  -0.2441  -0.4821
 -0.9571  -1.6444  -2.5055  -3.5784  -4.9719  -6.8719  -9.5769 -13.5609 -19.5749
-28.8088 -36.7817 -36.7817 -36.7817 -36.7817 -36.7817 -36.7817 -36.7817 -36.7817
-36.7817 -36.7817 -36.7817 -36.7817
 11.0000  -0.1049  -0.1049  -0.1050  -0.1051  -0.1053  -0.1058  -0.1067  -0.1079
 -0.1098  -0.1125  -0.1163  -0.1215  -0.1291  -0.1427  -0.1551  -0.2441  -0.4821
 -0.9571  -1.6444  -2.5055  -3.5784  -4.9719  -6.8719  -9.5769 -13.5609 -19.5749
-28.8088 -36.7817 -36.7817 -36.7817 -36.7817 -36.7817 -36.7817 -36.7817 -36.7817
-36.7817 -36.7817 -36.7817 -36.7817
 12.0000  -0.1050  -0.1050  -0.1051  -0.1051  -0.1053  -0.1058  -0.1066  -0.1078
 -0.1097  -0.1124  -0.1162  -0.1214  -0.1290  -0.1426  -0.1550  -0.2440  -0.4820
 -0.9570  -1.6443  -2.5054  -3.5783  -4.9718  -6.8718  -9.5768 -13.5608 -19.5748
-28.8087 -36.7816 -36.7816 -36.7816 -36.7816 -36.7816 -36.7816 -36.7816 -36.7816
-36.7816 -36.7816 -36.7816 -36.7816
 13.0000  -0.1055  -0.1055  -0.1055  -0.1056  -0.1057  -0.1061  -0.1068  -0.1080
 -0.1099  -0.1126  -0.1164  -0.1216  -0.1292  -0.1428  -0.1552  -0.2442  -0.4822
 -0.9572  -1.6445  -2.5056  -3.5785  -4.9720  -6.8720  -9.5770 -13.5610 -19.5750
-28.8089 -36.7818 -36.7818 -36.7818 -36.7818 -36.7818 -36.7818 -36.7818 -36.7818
-36.7818 -36.7818 -36.7818 -36.7818
-23.0000  -0.1045  -0.1046  -0.1047  -0.1049  -0.1053  -0.1058  -0.1067  -0.1079
 -0.1098  -0.1125  -0.1163  -0.1215  -0.1291  -0.1427  -0.1551  -0.2441  -0.4821
 -0.9571  -1.6444  -2.5055  -3.5784  -4.9719  -6.8719  -9.5769 -13.5609 -19.5749
-28.8088 -36.7817 -36.7817 -36.7817 -36.7817 -36.7817 -36.7817 -36.7817 -36.7817
-36.7817 -36.7817 -36.7817 -36.7817
-22.0000  -0.1045  -0.1046  -0.1047  -0.1049  -0.1053  -0.1058  -0.1067  -0.1079
 -0.1098  -0.1125  -0.1163  -0.1215  -0.1291  -0.1427  -0.1551  -0.2441  -0.4821
 -0.9571  -1.6444  -2.5055  -3.5784  -4.9719  -6.8719  -9.5769 -13.5609 -19.5749
-28.8088 -36.7817 -36.7817 -36.7817 -36.7817 -36.7817 -36.7817 -36.7817 -36.7817
-36.7817 -36.7817 -36.7817 -36.7817
-21.0000  -0.1045  -0.1046  -0.1047  -0.1049  -0.1053  -0.1058  -0.1067  -0.1079
 -0.1098  -0.1125  -0.1163  -0.1215  -0.1291  -0.1427  -0.1551  -0.2441  -0.4821
 -0.9571  -1.6444  -2.5055  -3.5784  -4.9719  -6.8719  -9.5769 -13.5609 -19.5749
-28.8088 -36.7817 -36.7817 -36.7817 -36.7817 -36.7817 -36.7817 -36.7817 -36.7817
-36.7817 -36.7817 -36.7817 -36.7817
-20.0000  -0.1046  -0.1046  -0.1047  -0.1049  -0.1053  -0.1058  -0.1067  -0.1079
 -0.1098  -0.1125  -0.1163  -0.1215  -0.1291  -0.1427  -0.1551  -0.2441  -0.4821
 -0.9571  -1.6444  -2.5055  -3.5784  -4.9719  -6.8719  -9.5769 -13.5609 -19.5749
-28.8088 -36.7817 -36.7817 -36.7817 -36.7817 -36.7817 -36.7817 -36.7817 -36.7817
-36.7817 -36.7817 -36.7817 -36.7817
 21.0000  -0.1046  -0.1047  -0.1047  -0.1049  -0.1053  -0.1058  -0.1067  -0.1079
 -0.1098  -0.1125  -0.1163  -0.1215  -0.1291  -0.1427  -0.1551  -0.2441  -0.4821
 -0.9571  -1.6444  -2.5055  -3.5784  -4.9719  -6.8719  -9.5769 -13.5609 -19.5749
-28.8088 -36.7817 -36.7817 -36.7817 -36.7817 -36.7817 -36.7817 -36.7817 -36.7817
-36.7817 -36.7817 -36.7817 -36.7817
 22.0000  -0.1047  -0.1047  -0.1048  -0.1050  -0.1053  -0.1058  -0.1067  -0.1079
 -0.1098  -0.1125  -0.1163  -0.1215  -0.1291  -0.1427  -0.1551  -0.2441  -0.4821
 -0.9571  -1.6444  -2.5055  -3.5784  -4.9719  -6.8719  -9.5769 -13.5609 -19.5749
-28.8088 -36.7817 -36.7817 -36.7817 -36.7817 -36.7817 -36.7817 -36.7817 -36.7817
-36.7817 -36.7817 -36.7817 -36.7817
 23.0000  -0.1050  -0.1050  -0.1050  -0.1051  -0.1054  -0.1059  -0.1068  -0.1080
 -0.1099  -0.1126  -0.1164  -0.1216  -0.1292  -0.1428  -0.1552  -0.2442  -0.4822
 -0.9572  -1.6445  -2.5056  -3.5785  -4.9720  -6.8720  -9.5770 -13.5610 -19.5750
-28.8089 -36.7818 -36.7818 -36.7818 -36.7818 -36.7818 -36.7818 -36.7818 -36.7818
-36.7818 -36.7818 -36.7818 -36.7818
-33.0000  -0.1045  -0.1046  -0.1047  -0.1049  -0.1053  -0.1058  -0.1067  -0.1079
 -0.1098  -0.1125  -0.1163  -0.1215  -0.1291  -0.1427  -0.1551  -0.2441  -0.4821
 -0.9571  -1.6444  -2.5055  -3.5784  -4.9719  -6.8719  -9.5769 -13.5609 -19.5749
-28.8088 -36.7817 -36.7817 -36.7817 -36.7817 -36.7817 -36.7817 -36.7817 -36.7817
-36.7817 -36.7817 -36.7817 -36.7817
-32.0000  -0.1045  -0.1046  -0.1047  -0.1049  -0.1053  -0.1058  -0.1067  -0.1079
 -0.1098  -0.1125  -0.1163  -0.1215  -0.1291  -0.1427  -0.1551  -0.2441  -0.4821
 -0.9571  -1.6444  -2.5055  -3.5784  -4.9719  -6.8719  -9.5769 -13.5609 -19.5749
-28.8088 -36.7817 -36.7817 -36.7817 -36.7817 -36.7817 -36.7817 -36.7817 -36.7817
-36.7817 -36.7817 -36.7817 -36.7817
-31.0000  -0.1045  -0.1046  -0.1047  -0.1049  -0.1053  -0.1058  -0.1067  -0.1079
 -0.1098  -0.1125  -0.1163  -0.1215  -0.1291  -0.1427  -0.1551  -0.2441  -0.4821
 -0.9571  -1.6444  -2.5055  -3.5784  -4.9719  -6.8719  -9.5769 -13.5609 -19.5749
-28.8088 -36.7817 -36.7817 -36.7817 -36.7817 -36.7817 -36.7817 -36.7817 -36.7817
-36.7817 -36.7817 -36.7817 -36.7817
-30.0000  -0.1045  -0.1046  -0.1047  -0.1049  -0.1053  -0.1058  -0.1067  -0.1079
 -0.1098  -0.1125  -0.1163  -0.1215  -0.1291  -0.1427  -0.1551  -0.2441  -0.4821
 -0.9571  -1.6444  -2.5055  -3.5784  -4.9719  -6.8719  -9.5769 -13.5609 -19.5749
-28.8088 -36.7817 -36.7817 -36.7817 -36.7817 -36.7817 -36.7817 -36.7817 -36.7817
-36.7817 -36.7817 -36.7817 -36.7817
 31.0000  -0.1045  -0.1046  -0.1047  -0.1049  -0.1053  -0.1058  -0.1067  -0.1079
 -0.1098  -0.1125  -0.1163  -0.1215  -0.1291  -0.1427  -0.1551  -0.2441  -0.4821
 -0.9571  -1.6444  -2.5055  -3.5784  -4.9719  -6.8719  -9.5769 -13.5609 -19.5749
-28.8088 -36.7817 -36.7817 -36.7817 -36.7817 -36.7817 -36.7817 -36.7817 -36.7817
-36.7817 -36.7817 -36.7817 -36.7817
 32.0000  -0.1046  -0.1046  -0.1047  -0.1049  -0.1053  -0.1058  -0.1067  -0.1079
 -0.1098  -0.1125  -0.1163  -0.1215  -0.1291  -0.1427  -0.1551  -0.2441  -0.4821
 -0.9571  -1.6444  -2.5055  -3.5784  -4.9719  -6.8719  -9.5769 -13.5609 -19.5749
-28.8088 -36.7817 -36.7817 -36.7817 -36.7817 -36.7817 -36.7817 -36.7817 -36.7817
-36.7817 -36.7817 -36.7817 -36.7817
 33.0000  -0.1044  -0.1045  -0.1045  -0.1047  -0.1051  -0.1056  -0.1065  -0.1077
 -0.1096  -0.1123  -0.1161  -0.1213  -0.1289  -0.1425  -0.1549  -0.2439  -0.4819
 -0.9569  -1.6442  -2.5053  -3.5782  -4.9717  -6.8717  -9.5767 -13.5607 -19.5747
-28.8086 -36.7815 -36.7815 -36.7815 -36.7815 -36.7815 -36.7815 -36.7815 -36.7815
-36.7815 -36.7815 -36.7815 -36.7815
-43.0000  -0.3228  -0.3229  -0.3230  -0.3232  -0.3236  -0.3241  -0.3250  -0.3262
 -0.3281  -0.3308  -0.3346  -0.3398  -0.3474  -0.3610  -0.3734  -0.4624  -0.7004
 -1.1754  -1.8627  -2.7238  -3.7967  -5.1902  -7.0902  -9.7952 -13.7792 -19.7932
-29.0271 -37.0000 -37.0000 -37.0000 -37.0000 -37.0000 -37.0000 -37.0000 -37.0000
-37.0000 -37.0000 -37.0000 -37.0000
-42.0000  -0.3228  -0.3229  -0.3230  -0.3232  -0.3236  -0.3241  -0.3250  -0.3262
 -0.3281  -0.3308  -0.3346  -0.3398  -0.3474  -0.3610  -0.3734  -0.4624  -0.7004
 -1.1754  -1.8627  -2.7238  -3.7967  -5.1902  -7.0902  -9.7952 -13.7792 -19.7932
-29.0271 -37.0000 -37.0000 -37.0000 -37.0000 -37.0000 -37.0000 -37.0000 -37.0000
-37.0000 -37.0000 -37.0000 -37.0000
-41.0000  -0.3228  -0.3229  -0.3230  -0.3232  -0.3236  -0.3241  -0.3250  -0.3262
 -0.3281  -0.3308  -0.3346  -0.3398  -0.3474  -0.3610  -0.3734  -0.4624  -0.7004
 -1.1754  -1.8627  -2.7238  -3.7967  -5.1902  -7.0902  -9.7952 -13.7792 -19.7932
-29.0271 -37.0000 -37.0000 -37.0000 -37.0000 -37.0000 -37.0000 -37.0000 -37.0000
-37.0000 -37.0000 -37.0000 -37.0000
-40.0000  -0.3228  -0.3229  -0.3230  -0.3232  -0.3236  -0.3241  -0.3250  -0.3262
 -0.3281  -0.3308  -0.3346  -0.3398  -0.3474  -0.3610  -0.3734  -0.4624  -0.7004
 -1.1754  -1.8627  -2.7238  -3.7967  -5.1902  -7.0902  -9.7952 -13.7792 -19.7932
-29.0271 -37.0000 -37.0000 -37.0000 -37.0000 -37.0000 -37.0000 -37.0000 -37.0000
-37.0000 -37.0000 -37.0000 -37.0000
 41.0000  -0.3228  -0.3229  -0.3230  -0.3232  -0.3236  -0.3241  -0.3250  -0.3262
 -0.3281  -0.3308  -0.3346  -0.3398  -0.3474  -0.3610  -0.3734  -0.4624  -0.7004
 -1.1754  -1.8627  -2.7238  -3.7967  -5.1902  -7.0902  -9.7952 -13.7792 -19.7932
-29.0271 -37.0000 -37.0000 -37.0000 -37.0000 -37.0000 -37.0000 -37.0000 -37.0000
-37.0000 -37.0000 -37.0000 -37.0000
 42.0000  -0.3228  -0.3229  -0.3230  -0.3232  -0.3236  -0.3241  -0.3250  -0.3262
 -0.3281  -0.3308  -0.3346  -0.3398  -0.3474  -0.3610  -0.3734  -0.4624  -0.7004
 -1.1754  -1.8627  -2.7238  -3.7967  -5.1902  -7.0902  -9.7952 -13.7792 -19.7932
-29.0271 -37.0000 -37.0000 -37.0000 -37.0000 -37.0000 -37.0000 -37.0000 -37.0000
-37.0000 -37.0000 -37.0000 -37.0000
 43.0000  -0.3228  -0.3229  -0.3230  -0.3232  -0.3236  -0.3241  -0.3250  -0.3262
 -0.3281  -0.3308  -0.3346  -0.3398  -0.3474  -0.3610  -0.3734  -0.4624  -0.7004
 -1.1754  -1.8627  -2.7238  -3.7967  -5.1902  -7.0902  -9.7952 -13.7792 -19.7932
-29.0271 -37.0000 -37.0000 -37.0000 -37.0000 -37.0000 -37.0000 -37.0000 -37.0000
-37.0000 -37.0000 -37.0000 -37.0000
nl= 2 nu=16
  0.0000  -1.3962  -1.3962  -1.3962  -1.3962  -1.3962  -1.3962  -1.3962  -1.3962
 -1.3962  -1.3962  -1.3962  -1.3962  -1.3962  -1.3962  -1.3963  -1.3965  -1.3971
 -1.3984  -1.4018  -1.4103  -1.4316  -1.4851  -1.6193  -1.9543  -2.7727  -4.2258
 -4.9237  -5.4625  -5.9867  -6.5214  -7.1015  -7.8134  -8.3321  -8.8584  -9.3990
 -9.9625 -10.5626 -11.2209 -11.9717
  0.0000  -1.5415  -1.5415  -1.5415  -1.5415  -1.5415  -1.5415  -1.5415  -1.5415
 -1.5415  -1.5415  -1.5415  -1.5415  -1.5415  -1.5416  -1.5416  -1.5417  -1.5420
 -1.5427  -1.5444  -1.5487  -1.5595  -1.5867  -1.6549  -1.8261  -2.2539  -3.2965
 -4.8288  -5.4372  -5.9745  -6.5146  -7.0969  -7.8091  -8.3295  -8.8567  -9.3977
 -9.9616 -10.5619 -11.2203 -11.9711
  0.0000  -1.6897  -1.6897  -1.6897  -1.6897  -1.6897  -1.6897  -1.6897  -1.6897
 -1.6897  -1.6897  -1.6897  -1.6897  -1.6897  -1.6897  -1.6897  -1.6898  -1.6899
 -1.6903  -1.6911  -1.6933  -1.6988  -1.7125  -1.7469  -1.8334  -2.0504  -2.5932
 -3.9075  -5.3827  -5.9541  -6.5040  -7.0902  -7.8034  -8.3265  -8.8549  -9.3968
 -9.9611 -10.5617 -11.2204 -11.9713
  0.0000  -1.8443  -1.8443  -1.8443  -1.8443  -1.8443  -1.8443  -1.8443  -1.8443
 -1.8443  -1.8443  -1.8443  -1.8443  -1.8443  -1.8443  -1.8443  -1.8443  -1.8444
 -1.8445  -1.8450  -1.8461  -1.8488  -1.8557  -1.8730  -1.9165  -2.0257  -2.2998
 -2.9857  -4.6208  -5.9205  -6.4912  -7.0842  -7.7989  -8.3268  -8.8568  -9.4001
 -9.9653 -10.5664 -11.2255 -11.9767
  0.0000  -1.9905  -1.9905  -1.9905  -1.9905  -1.9905  -1.9905  -1.9905  -1.9905
 -1.9905  -1.9905  -1.9905  -1.9905  -1.9905  -1.9905  -1.9905  -1.9905  -1.9906
 -1.9906  -1.9909  -1.9914  -1.9928  -1.9962  -2.0049  -2.0267  -2.0815  -2.2191
 -2.5646  -3.4290  -5.4112  -6.4559  -7.0624  -7.7794  -8.3150  -8.8479  -9.3930
 -9.9596 -10.5616 -11.2212 -11.9727
  0.0000  -2.1383  -2.1383  -2.1383  -2.1383  -2.1383  -2.1383  -2.1383  -2.1383
 -2.1383  -2.1383  -2.1383  -2.1383  -2.1383  -2.1383  -2.1383  -2.1383  -2.1383
 -2.1383  -2.1384  -2.1387  -2.1394  -2.1411  -2.1455  -2.1564  -2.1838  -2.2528
 -2.4260  -2.8607  -3.9485  -6.2161  -7.0312  -7.7532  -8.3007  -8.8367  -9.3848
 -9.9533 -10.5568 -11.2173 -11.9694
  0.0000  -2.2883  -2.2883  -2.2883  -2.2883  -2.2883  -2.2883  -2.2883  -2.2883
 -2.2883  -2.2883  -2.2883  -2.2883  -2.2883  -2.2883  -2.2883  -2.2883  -2.2884
 -2.2884  -2.2884  -2.2886  -2.2889  -2.2898  -2.2919  -2.2974  -2.3112  -2.3457
 -2.4323  -2.6501  -3.1967  -4.5639  -6.9415  -7.7186  -8.2858  -8.8243  -9.3761
 -9.9473 -10.5527 -11.2145 -11.9677
  0.0000  -1.0850  -1.0850  -1.0850  -1.0850  -1.0850  -1.0850  -1.0850  -1.0850
 -1.0850  -1.0850  -1.0850  -1.0850  -1.0851  -1.0852  -1.0856  -1.0865  -1.0888
 -1.0946  -1.1092  -1.1458  -1.2373  -1.4646  -2.0135  -3.0869  -3.8922  -4.4485
 -4.9779  -5.5065  -6.0533  -6.8064  -7.3241  -7.8476  -8.3830  -8.9377  -9.5238
-10.1597 -10.8748 -11.7156 -12.7556
  0.0000  -1.2222  -1.2222  -1.2222  -1.2222  -1.2222  -1.2222  -1.2222  -1.2222
 -1.2222  -1.2222  -1.2222  -1.2222  -1.2222  -1.2223  -1.2225  -1.2230  -1.2242
 -1.2272  -1.2348  -1.2540  -1.3019  -1.4221  -1.7212  -2.4432  -3.7108  -4.4158
 -4.9631  -5.4985  -6.0485  -6.8015  -7.3214  -7.8458  -8.3818  -8.9370  -9.5233
-10.1594 -10.8746 -11.7155 -12.7555
  0.0000  -1.3650  -1.3650  -1.3650  -1.3650  -1.3650  -1.3650  -1.3650  -1.3650
 -1.3650  -1.3650  -1.3650  -1.3650  -1.3650  -1.3650  -1.3651  -1.3654  -1.3660
 -1.3675  -1.3715  -1.3813  -1.4060  -1.4679  -1.6231  -2.0098  -2.9412  -4.3141
 -4.9372  -5.4857  -6.0410  -6.7938  -7.3176  -7.8433  -8.3805  -8.9363  -9.5231
-10.1595 -10.8749 -11.7158 -12.7559
  0.0000  -1.5095  -1.5095  -1.5095  -1.5095  -1.5095  -1.5095  -1.5095  -1.5095
 -1.5095  -1.5095  -1.5095  -1.5095  -1.5095  -1.5096  -1.5096  -1.5097  -1.5100
 -1.5108  -1.5128  -1.5178  -1.5304  -1.5619  -1.6409  -1.8391  -2.3337  -3.5168
 -4.8772  -5.4624  -6.0274  -6.7795  -7.3099  -7.8378  -8.3765  -8.9334  -9.5208
-10.1577 -10.8734 -11.7145 -12.7547
  0.0000  -1.6578  -1.6578  -1.6578  -1.6578  -1.6578  -1.6578  -1.6578  -1.6578
 -1.6578  -1.6578  -1.6578  -1.6578  -1.6578  -1.6578  -1.6578  -1.6579  -1.6581
 -1.6585  -1.6595  -1.6620  -1.6683  -1.6842  -1.7241  -1.8244  -2.0759  -2.7039
 -4.1828  -5.4221  -6.0087  -6.7599  -7.3007  -7.8313  -8.3724  -8.9309  -9.5196
-10.1570 -10.8733 -11.7147 -12.7551
  0.0000  -1.8082  -1.8082  -1.8082  -1.8082  -1.8082  -1.8082  -1.8082  -1.8082
 -1.8082  -1.8082  -1.8082  -1.8082  -1.8082  -1.8083  -1.8083  -1.8083  -1.8084
 -1.8086  -1.8091  -1.8103  -1.8135  -1.8215  -1.8416  -1.8921  -2.0187  -2.3365
 -3.1305  -4.9330  -5.9797  -6.7318  -7.2893  -7.8224  -8.3668  -8.9277  -9.5178
-10.1566 -10.8735 -11.7155 -12.7563
  0.0000  -1.9616  -1.9616  -1.9616  -1.9616  -1.9616  -1.9616  -1.9616  -1.9616
 -1.9616  -1.9616  -1.9616  -1.9616  -1.9616  -1.9616  -1.9616  -1.9616  -1.9616
 -1.9617  -1.9620  -1.9626  -1.9642  -1.9682  -1.9783  -2.0036  -2.0671  -2.2268
 -2.6274  -3.6283  -5.7246  -6.6901  -7.2790  -7.8128  -8.3604  -8.9242  -9.5168
-10.1569 -10.8752 -11.7179 -12.7592
  0.0000  -0.8129  -0.8129  -0.8129  -0.8129  -0.8129  -0.8129  -0.8129  -0.8129
 -0.8129  -0.8129  -0.8130  -0.8130  -0.8133  -0.8138  -0.8152  -0.8187  -0.8274
 -0.8493  -0.9039  -1.0388  -1.3612  -2.0303  -2.8268  -3.4222  -3.9618  -4.4902
 -5.0354  -5.6721  -6.3158  -6.8375  -7.3686  -7.9161  -8.4902  -9.1070  -9.7917
-10.5840 -11.5472 -12.7813 -14.4445
  0.0000  -0.9281  -0.9281  -0.9281  -0.9281  -0.9281  -0.9281  -0.9281  -0.9281
 -0.9281  -0.9281  -0.9282  -0.9282  -0.9283  -0.9287  -0.9294  -0.9314  -0.9363
 -0.9487  -0.9797  -1.0571  -1.2486  -1.7051  -2.5923  -3.3770  -3.9439  -4.4809
 -5.0298  -5.6675  -6.3124  -6.8354  -7.3674  -7.9155  -8.4900  -9.1070  -9.7917
-10.5842 -11.5474 -12.7815 -14.4448
  0.0000  -1.0541  -1.0541  -1.0541  -1.0541  -1.0541  -1.0541  -1.0541  -1.0541
 -1.0541  -1.0541  -1.0541  -1.0541  -1.0542  -1.0544  -1.0548  -1.0558  -1.0585
 -1.0652  -1.0819  -1.1240  -1.2292  -1.4897  -2.1097  -3.1965  -3.9088  -4.4638
 -5.0189  -5.6585  -6.3052  -6.8304  -7.3636  -7.9125  -8.4876  -9.1049  -9.7900
-10.5825 -11.5459 -12.7800 -14.4433
  0.0000  -1.1916  -1.1916  -1.1916  -1.1916  -1.1916  -1.1916  -1.1916  -1.1916
 -1.1916  -1.1916  -1.1916  -1.1916  -1.1916  -1.1917  -1.1919  -1.1925  -1.1939
 -1.1974  -1.2062  -1.2283  -1.2837  -1.4224  -1.7666  -2.5834  -3.8016  -4.4388
 -5.0059  -5.6482  -6.2975  -6.8263  -7.3612  -7.9115  -8.4874  -9.1054  -9.7908
-10.5836 -11.5471 -12.7813 -14.4447
  0.0000  -1.3320  -1.3320  -1.3320  -1.3320  -1.3320  -1.3320  -1.3320  -1.3320
 -1.3320  -1.3320  -1.3320  -1.3320  -1.3321  -1.3321  -1.3322  -1.3325  -1.3332
 -1.3350  -1.3395  -1.3509  -1.3795  -1.4512  -1.6307  -2.0769  -3.1284  -4.3754
 -4.9824  -5.6298  -6.2832  -6.8164  -7.3540  -7.9062  -8.4835  -9.1025  -9.7885
-10.5818 -11.5455 -12.7799 -14.4433
  0.0000  -1.4785  -1.4785  -1.4785  -1.4785  -1.4785  -1.4785  -1.4785  -1.4785
 -1.4785  -1.4785  -1.4785  -1.4785  -1.4785  -1.4785  -1.4786  -1.4787  -1.4791
 -1.4800  -1.4823  -1.4881  -1.5027  -1.5391  -1.6308  -1.8603  -2.4318  -3.7577
 -4.9427  -5.6068  -6.2677  -6.8062  -7.3464  -7.9014  -8.4807  -9.1009  -9.7880
-10.5819 -11.5461 -12.7807 -14.4444
  0.0000  -1.6255  -1.6255  -1.6255  -1.6255  -1.6255  -1.6255  -1.6255  -1.6255
 -1.6255  -1.6255  -1.6255  -1.6255  -1.6255  -1.6255  -1.6255  -1.6256  -1.6258
 -1.6263  -1.6274  -1.6303  -1.6377  -1.6561  -1.7024  -1.8187  -2.1101  -2.8363
 -4.4684  -5.5672  -6.2478  -6.7931  -7.3348  -7.8923  -8.4742  -9.0965  -9.7847
-10.5797 -11.5445 -12.7796 -14.4435
  0.0000  -0.6215  -0.6215  -0.6215  -0.6215  -0.6215  -0.6215  -0.6215  -0.6215
 -0.6215  -0.6215  -0.6216  -0.6219  -0.6225  -0.6240  -0.6279  -0.6375  -0.6615
 -0.7209  -0.8638  -1.1812  -1.7366  -2.3565  -2.9235  -3.4645  -4.0077  -4.5923
 -5.3058  -5.8270  -6.3552  -6.8969  -7.4610  -8.0615  -8.7201  -9.4710 -10.3684
-11.4980 -12.9957 -15.0770 -18.0831
  0.0000  -0.6940  -0.6940  -0.6940  -0.6940  -0.6940  -0.6941  -0.6941  -0.6941
 -0.6941  -0.6941  -0.6942  -0.6943  -0.6947  -0.6957  -0.6983  -0.7047  -0.7208
 -0.7610  -0.8600  -1.0953  -1.5916  -2.2918  -2.9009  -3.4536  -4.0008  -4.5871
 -5.3009  -5.8240  -6.3531  -6.8955  -7.4601  -8.0609  -8.7197  -9.4707 -10.3681
-11.4978 -12.9956 -15.0769 -18.0830
  0.0000  -0.7879  -0.7879  -0.7879  -0.7879  -0.7879  -0.7879  -0.7879  -0.7879
 -0.7880  -0.7880  -0.7880  -0.7881  -0.7884  -0.7890  -0.7905  -0.7945  -0.8043
 -0.8291  -0.8907  -1.0425  -1.4006  -2.1052  -2.8546  -3.4357  -3.9906  -4.5797
 -5.2936  -5.8198  -6.3503  -6.8938  -7.4591  -8.0604  -8.7195  -9.4707 -10.3682
-11.4980 -12.9958 -15.0771 -18.0833
  0.0000  -0.8979  -0.8979  -0.8979  -0.8979  -0.8979  -0.8979  -0.8979  -0.8979
 -0.8979  -0.8979  -0.8979  -0.8980  -0.8981  -0.8984  -0.8993  -0.9016  -0.9072
 -0.9214  -0.9568  -1.0453  -1.2632  -1.7746  -2.6843  -3.4002  -3.9731  -4.5667
 -5.2804  -5.8111  -6.3436  -6.8886  -7.4552  -8.0572  -8.7168  -9.4683 -10.3661
-11.4959 -12.9939 -15.0753 -18.0814
  0.0000  -1.0250  -1.0250  -1.0250  -1.0250  -1.0250  -1.0250  -1.0250  -1.0250
 -1.0250  -1.0250  -1.0250  -1.0251  -1.0251  -1.0253  -1.0258  -1.0270  -1.0301
 -1.0378  -1.0571  -1.1055  -1.2264  -1.5249  -2.2217  -3.2885  -3.9491  -4.5529
 -5.2665  -5.8031  -6.3380  -6.8854  -7.4534  -8.0566  -8.7171  -9.4691 -10.3672
-11.4973 -12.9953 -15.0768 -18.0830
  0.0000  -1.1613  -1.1613  -1.1613  -1.1613  -1.1613  -1.1613  -1.1613  -1.1613
 -1.1613  -1.1613  -1.1613  -1.1614  -1.1614  -1.1615  -1.1618  -1.1624  -1.1640
 -1.1681  -1.1782  -1.2038  -1.2678  -1.4278  -1.8238  -2.7409  -3.8832  -4.5323
 -5.2485  -5.7928  -6.3292  -6.8791  -7.4495  -8.0544  -8.7161  -9.4689 -10.3677
-11.4981 -12.9964 -15.0780 -18.0843
  0.0000  -1.3016  -1.3016  -1.3016  -1.3016  -1.3016  -1.3016  -1.3016  -1.3016
 -1.3016  -1.3016  -1.3016  -1.3016  -1.3017  -1.3017  -1.3018  -1.3022  -1.3030
 -1.3051  -1.3103  -1.3235  -1.3566  -1.4395  -1.6471  -2.1615  -3.3362  -4.4866
 -5.2227  -5.7816  -6.3167  -6.8686  -7.4414  -8.0486  -8.7118  -9.4658 -10.3653
-11.4964 -12.9950 -15.0768 -18.0833
  0.0000  -0.5339  -0.5339  -0.5339  -0.5339  -0.5339  -0.5339  -0.5339  -0.5339
 -0.5339  -0.5340  -0.5342  -0.5346  -0.5356  -0.5382  -0.5447  -0.5608  -0.6006
 -0.6962  -0.9092  -1.3054  -1.8414  -2.4036  -2.9660  -3.5293  -4.2891  -4.8134
 -5.3405  -5.8783  -6.4344  -7.0213  -7.6577  -8.3731  -9.2141 -10.2542 -11.6100
-13.4663 -16.1158 -20.0225 -25.9217
  0.0000  -0.5613  -0.5613  -0.5613  -0.5613  -0.5613  -0.5613  -0.5613  -0.5614
 -0.5614  -0.5614  -0.5616  -0.5619  -0.5628  -0.5650  -0.5704  -0.5840  -0.6178
 -0.6999  -0.8893  -1.2673  -1.8165  -2.3923  -2.9584  -3.5247  -4.2834  -4.8100
 -5.3384  -5.8768  -6.4336  -7.0208  -7.6575  -8.3731  -9.2141 -10.2543 -11.6102
-13.4665 -16.1160 -20.0227 -25.9219
  0.0000  -0.6052  -0.6052  -0.6052  -0.6052  -0.6052  -0.6052  -0.6052  -0.6052
 -0.6052  -0.6053  -0.6054  -0.6056  -0.6063  -0.6079  -0.6121  -0.6226  -0.6486
 -0.7128  -0.8662  -1.2012  -1.7632  -2.3726  -2.9471  -3.5171  -4.2740  -4.8043
 -5.3342  -5.8739  -6.4316  -7.0195  -7.6566  -8.3724  -9.2136 -10.2539 -11.6099
-13.4662 -16.1158 -20.0225 -25.9217
  0.0000  -0.6716  -0.6716  -0.6716  -0.6716  -0.6716  -0.6716  -0.6716  -0.6716
 -0.6716  -0.6716  -0.6717  -0.6719  -0.6723  -0.6734  -0.6763  -0.6835  -0.7014
 -0.7461  -0.8559  -1.1142  -1.6400  -2.3278  -2.9304  -3.5069  -4.2614  -4.7965
 -5.3284  -5.8700  -6.4287  -7.0177  -7.6555  -8.3718  -9.2133 -10.2537 -11.6098
-13.4662 -16.1158 -20.0225 -25.9217
  0.0000  -0.7605  -0.7605  -0.7605  -0.7605  -0.7605  -0.7605  -0.7605  -0.7605
 -0.7605  -0.7605  -0.7606  -0.7607  -0.7609  -0.7617  -0.7634  -0.7679  -0.7791
 -0.8071  -0.8769  -1.0480  -1.4459  -2.1820  -2.8975  -3.4929  -4.2445  -4.7863
 -5.3195  -5.8635  -6.4244  -7.0145  -7.6533  -8.3704  -9.2123 -10.2530 -11.6093
-13.4658 -16.1155 -20.0222 -25.9215
  0.0000  -0.8698  -0.8698  -0.8698  -0.8698  -0.8698  -0.8698  -0.8698  -0.8698
 -0.8699  -0.8699  -0.8699  -0.8700  -0.8701  -0.8705  -0.8715  -0.8741  -0.8806
 -0.8968  -0.9374  -1.0385  -1.2867  -1.8584  -2.7801  -3.4712  -4.2238  -4.7769
 -5.3091  -5.8551  -6.4183  -7.0105  -7.6506  -8.3687  -9.2115 -10.2526 -11.6092
-13.4659 -16.1157 -20.0225 -25.9218
  0.0000  -0.9933  -0.9933  -0.9933  -0.9933  -0.9933  -0.9933  -0.9933  -0.9933
 -0.9933  -0.9933  -0.9933  -0.9933  -0.9934  -0.9936  -0.9942  -0.9956  -0.9991
 -1.0080  -1.0302  -1.0859  -1.2250  -1.5668  -2.3463  -3.3969  -4.1903  -4.7706
 -5.2981  -5.8442  -6.4091  -7.0037  -7.6457  -8.3651  -9.2089 -10.2508 -11.6078
-13.4648 -16.1147 -20.0217 -25.9210
  0.0000  -0.5107  -0.5107  -0.5107  -0.5107  -0.5107  -0.5107  -0.5107  -0.5107
 -0.5107  -0.5108  -0.5110  -0.5114  -0.5126  -0.5154  -0.5226  -0.5406  -0.5849
 -0.6909  -0.9219  -1.3308  -1.8671  -2.4493  -3.1259  -3.7880  -4.3209  -4.8578
 -5.4088  -5.9849  -6.6028  -7.2881  -8.0809  -9.0443 -10.2785 -11.9419 -14.2856
-17.7075 -22.8384 -30.6779 -36.9971
  0.0000  -0.5175  -0.5175  -0.5175  -0.5175  -0.5175  -0.5175  -0.5175  -0.5175
 -0.5175  -0.5176  -0.5178  -0.5182  -0.5193  -0.5221  -0.5291  -0.5466  -0.5895
 -0.6919  -0.9159  -1.3200  -1.8585  -2.4435  -3.1204  -3.7838  -4.3180  -4.8560
 -5.4075  -5.9840  -6.6022  -7.2877  -8.0806  -9.0441 -10.2783 -11.9417 -14.2854
-17.7074 -22.8383 -30.6778 -36.9970
  0.0000  -0.5268  -0.5268  -0.5268  -0.5268  -0.5268  -0.5268  -0.5268  -0.5268
 -0.5269  -0.5269  -0.5271  -0.5275  -0.5286  -0.5312  -0.5378  -0.5543  -0.5950
 -0.6924  -0.9084  -1.3082  -1.8508  -2.4381  -3.1133  -3.7775  -4.3136  -4.8530
 -5.4054  -5.9828  -6.6015  -7.2873  -8.0804  -9.0441 -10.2784 -11.9418 -14.2856
-17.7075 -22.8385 -30.6779 -36.9972
  0.0000  -0.5460  -0.5460  -0.5460  -0.5460  -0.5460  -0.5460  -0.5460  -0.5461
 -0.5461  -0.5461  -0.5463  -0.5467  -0.5476  -0.5499  -0.5557  -0.5702  -0.6061
 -0.6932  -0.8923  -1.2825  -1.8372  -2.4315  -3.1040  -3.7685  -4.3065  -4.8477
 -5.4018  -5.9801  -6.5998  -7.2861  -8.0796  -9.0435 -10.2779 -11.9415 -14.2853
-17.7073 -22.8382 -30.6777 -36.9970
  0.0000  -0.5834  -0.5834  -0.5834  -0.5834  -0.5834  -0.5834  -0.5834  -0.5835
 -0.5835  -0.5835  -0.5836  -0.5839  -0.5847  -0.5865  -0.5911  -0.6025  -0.6311
 -0.7014  -0.8682  -1.2258  -1.8011  -2.4214  -3.0934  -3.7584  -4.2977  -4.8402
 -5.3963  -5.9764  -6.5971  -7.2845  -8.0786  -9.0428 -10.2775 -11.9412 -14.2851
-17.7072 -22.8382 -30.6777 -36.9970
  0.0000  -0.6449  -0.6449  -0.6449  -0.6449  -0.6449  -0.6449  -0.6449  -0.6449
 -0.6450  -0.6450  -0.6451  -0.6453  -0.6458  -0.6471  -0.6503  -0.6583  -0.6785
 -0.7285  -0.8510  -1.1364  -1.6968  -2.3928  -3.0801  -3.7496  -4.2886  -4.8309
 -5.3888  -5.9710  -6.5935  -7.2820  -8.0771  -9.0420 -10.2770 -11.9410 -14.2850
-17.7072 -22.8382 -30.6778 -36.9972
  0.0000  -0.7311  -0.7311  -0.7311  -0.7311  -0.7311  -0.7311  -0.7311  -0.7311
 -0.7312  -0.7312  -0.7312  -0.7314  -0.7317  -0.7325  -0.7345  -0.7396  -0.7523
 -0.7841  -0.8632  -1.0564  -1.4992  -2.2761  -3.0514  -3.7429  -4.2829  -4.8215
 -5.3796  -5.9635  -6.5882  -7.2783  -8.0745  -9.0403 -10.2760 -11.9403 -14.2846
-17.7069 -22.8381 -30.6777 -36.9972
  0.0000  -0.4965  -0.4965  -0.4965  -0.4965  -0.4965  -0.4965  -0.4965  -0.4966
 -0.4966  -0.4967  -0.4969  -0.4973  -0.4985  -0.5015  -0.5088  -0.5267  -0.5710
 -0.6785  -0.9176  -1.3456  -1.9379  -2.6736  -3.2798  -3.8272  -4.3790  -4.9484
 -5.5522  -6.2125  -6.9644  -7.8624  -8.9924 -10.4904 -12.5718 -15.5780 -20.0499
-26.8449 -36.9944 -36.9944 -36.9944
  0.0000  -0.5037  -0.5037  -0.5037  -0.5037  -0.5037  -0.5037  -0.5037  -0.5037
 -0.5037  -0.5038  -0.5040  -0.5045  -0.5056  -0.5084  -0.5155  -0.5329  -0.5759
 -0.6794  -0.9105  -1.3333  -1.9285  -2.6692  -3.2777  -3.8259  -4.3781  -4.9478
 -5.5518  -6.2123  -6.9642  -7.8623  -8.9923 -10.4902 -12.5717 -15.5779 -20.0498
-26.8448 -36.9943 -36.9943 -36.9943
  0.0000  -0.5039  -0.5039  -0.5039  -0.5039  -0.5039  -0.5039  -0.5039  -0.5039
 -0.5039  -0.5040  -0.5042  -0.5046  -0.5058  -0.5087  -0.5158  -0.5337  -0.5773
 -0.6812  -0.9104  -1.3296  -1.9238  -2.6644  -3.2728  -3.8223  -4.3756  -4.9462
 -5.5507  -6.2115  -6.9638  -7.8620  -8.9921 -10.4901 -12.5716 -15.5778 -20.0498
-26.8448 -36.9943 -36.9943 -36.9943
  0.0000  -0.5026  -0.5026  -0.5026  -0.5026  -0.5026  -0.5026  -0.5026  -0.5026
 -0.5027  -0.5027  -0.5029  -0.5034  -0.5046  -0.5075  -0.5147  -0.5328  -0.5771
 -0.6821  -0.9118  -1.3300  -1.9225  -2.6601  -3.2661  -3.8165  -4.3713  -4.9433
 -5.5485  -6.2102  -6.9630  -7.8614  -8.9917 -10.4899 -12.5715 -15.5777 -20.0497
-26.8448 -36.9943 -36.9943 -36.9943
  1.0000  -0.5165  -0.5165  -0.5165  -0.5165  -0.5165  -0.5165  -0.5165  -0.5165
 -0.5165  -0.5166  -0.5168  -0.5172  -0.5183  -0.5209  -0.5275  -0.5441  -0.5848
 -0.6823  -0.9002  -1.3114  -1.9091  -2.6527  -3.2644  -3.8160  -4.3712  -4.9433
 -5.5486  -6.2103  -6.9631  -7.8615  -8.9918 -10.4900 -12.5716 -15.5778 -20.0498
-26.8449 -36.9944 -36.9944 -36.9944
  2.0000  -0.5405  -0.5405  -0.5405  -0.5405  -0.5405  -0.5405  -0.5405  -0.5405
 -0.5405  -0.5406  -0.5407  -0.5411  -0.5420  -0.5443  -0.5499  -0.5642  -0.5994
 -0.6848  -0.8816  -1.2754  -1.8812  -2.6368  -3.2605  -3.8143  -4.3703  -4.9427
 -5.5482  -6.2099  -6.9627  -7.8612  -8.9915 -10.4897 -12.5713 -15.5775 -20.0495
-26.8446 -36.9941 -36.9941 -36.9941
  3.0000  -0.5806  -0.5806  -0.5806  -0.5806  -0.5806  -0.5806  -0.5806  -0.5806
 -0.5806  -0.5807  -0.5808  -0.5811  -0.5818  -0.5836  -0.5881  -0.5993  -0.6273
 -0.6961  -0.8598  -1.2141  -1.8235  -2.6042  -3.2534  -3.8119  -4.3695  -4.9426
 -5.5483  -6.2101  -6.9630  -7.8614  -8.9918 -10.4900 -12.5716 -15.5778 -20.0498
-26.8448 -36.9944 -36.9944 -36.9944
  0.0000  -0.4534  -0.4534  -0.4534  -0.4534  -0.4534  -0.4534  -0.4535  -0.4535
 -0.4535  -0.4536  -0.4539  -0.4545  -0.4560  -0.4595  -0.4678  -0.4880  -0.5376
 -0.6590  -0.9345  -1.4599  -2.1491  -2.7631  -3.3312  -3.9040  -4.5001  -5.1418
 -5.8605  -6.7033  -7.7445  -9.1010 -10.9577 -13.6075 -17.5143 -23.4136 -32.4709
-36.9905 -36.9905 -36.9905 -36.9905
  0.0000  -0.4718  -0.4718  -0.4718  -0.4718  -0.4718  -0.4718  -0.4718  -0.4718
 -0.4719  -0.4720  -0.4722  -0.4727  -0.4740  -0.4771  -0.4844  -0.5022  -0.5461
 -0.6554  -0.9143  -1.4331  -2.1419  -2.7643  -3.3338  -3.9063  -4.5018  -5.1432
 -5.8614  -6.7039  -7.7449  -9.1013 -10.9579 -13.6076 -17.5145 -23.4138 -32.4710
-36.9906 -36.9906 -36.9906 -36.9906
  0.0000  -0.4740  -0.4740  -0.4740  -0.4740  -0.4740  -0.4740  -0.4740  -0.4740
 -0.4741  -0.4741  -0.4743  -0.4748  -0.4761  -0.4792  -0.4866  -0.5046  -0.5486
 -0.6566  -0.9107  -1.4268  -2.1372  -2.7614  -3.3318  -3.9050  -4.5011  -5.1427
 -5.8611  -6.7038  -7.7449  -9.1013 -10.9580 -13.6077 -17.5145 -23.4138 -32.4711
-36.9907 -36.9907 -36.9907 -36.9907
  0.0000  -0.4693  -0.4693  -0.4693  -0.4693  -0.4693  -0.4693  -0.4693  -0.4693
 -0.4694  -0.4695  -0.4697  -0.4702  -0.4715  -0.4746  -0.4824  -0.5014  -0.5476
 -0.6586  -0.9149  -1.4323  -2.1349  -2.7565  -3.3274  -3.9017  -4.4988  -5.1411
 -5.8602  -6.7032  -7.7446  -9.1012 -10.9579 -13.6077 -17.5146 -23.4139 -32.4711
-36.9908 -36.9908 -36.9908 -36.9908
  0.0000  -0.4610  -0.4610  -0.4610  -0.4610  -0.4610  -0.4610  -0.4610  -0.4610
 -0.4611  -0.4612  -0.4614  -0.4619  -0.4632  -0.4665  -0.4747  -0.4948  -0.5438
 -0.6598  -0.9231  -1.4479  -2.1372  -2.7511  -3.3208  -3.8962  -4.4949  -5.1383
 -5.8583  -6.7020  -7.7438  -9.1007 -10.9576 -13.6075 -17.5144 -23.4138 -32.4711
-36.9908 -36.9908 -36.9908 -36.9908
  1.0000  -0.4681  -0.4681  -0.4681  -0.4681  -0.4681  -0.4681  -0.4681  -0.4681
 -0.4681  -0.4682  -0.4684  -0.4689  -0.4701  -0.4732  -0.4810  -0.5002  -0.5473
 -0.6597  -0.9168  -1.4352  -2.1301  -2.7492  -3.3203  -3.8961  -4.4949  -5.1385
 -5.8584  -6.7022  -7.7440  -9.1009 -10.9578 -13.6077 -17.5146 -23.4140 -32.4713
-36.9910 -36.9910 -36.9910 -36.9910
  2.0000  -0.4806  -0.4806  -0.4806  -0.4806  -0.4806  -0.4806  -0.4806  -0.4806
 -0.4806  -0.4807  -0.4809  -0.4813  -0.4825  -0.4853  -0.4924  -0.5102  -0.5540
 -0.6596  -0.9047  -1.4097  -2.1150  -2.7449  -3.3185  -3.8952  -4.4945  -5.1381
 -5.8582  -6.7019  -7.7438  -9.1007 -10.9576 -13.6075 -17.5144 -23.4138 -32.4711
-36.9908 -36.9908 -36.9908 -36.9908
  0.0000  -0.3360  -0.3360  -0.3360  -0.3360  -0.3360  -0.3360  -0.3360  -0.3360
 -0.3362  -0.3364  -0.3370  -0.3383  -0.3412  -0.3476  -0.3626  -0.3988  -0.4858
 -0.6901  -1.1109  -1.6815  -2.2574  -2.8300  -3.4232  -4.0548  -4.7503  -5.5503
 -6.5186  -7.7559  -9.4213 -11.7662 -15.1889 -20.3203 -28.1600 -36.9799 -36.9799
-36.9799 -36.9799 -36.9799 -36.9799
  0.0000  -0.4019  -0.4019  -0.4019  -0.4019  -0.4019  -0.4019  -0.4019  -0.4019
 -0.4020  -0.4022  -0.4026  -0.4035  -0.4055  -0.4099  -0.4199  -0.4436  -0.5015
 -0.6468  -1.0072  -1.6198  -2.2417  -2.8347  -3.4346  -4.0658  -4.7586  -5.5560
 -6.5220  -7.7576  -9.4219 -11.7661 -15.1883 -20.3194 -28.1590 -36.9785 -36.9785
-36.9785 -36.9785 -36.9785 -36.9785
  0.0000  -0.4130  -0.4130  -0.4130  -0.4130  -0.4130  -0.4130  -0.4130  -0.4130
 -0.4131  -0.4132  -0.4136  -0.4144  -0.4163  -0.4204  -0.4298  -0.4519  -0.5055
 -0.6407  -0.9899  -1.6123  -2.2414  -2.8363  -3.4362  -4.0671  -4.7594  -5.5565
 -6.5223  -7.7578  -9.4220 -11.7661 -15.1883 -20.3194 -28.1589 -36.9784 -36.9784
-36.9784 -36.9784 -36.9784 -36.9784
  0.0000  -0.4065  -0.4065  -0.4065  -0.4065  -0.4065  -0.4066  -0.4066  -0.4066
 -0.4066  -0.4068  -0.4071  -0.4079  -0.4098  -0.4142  -0.4243  -0.4480  -0.5050
 -0.6455  -0.9973  -1.6134  -2.2395  -2.8341  -3.4344  -4.0658  -4.7587  -5.5560
 -6.5220  -7.7577  -9.4219 -11.7661 -15.1883 -20.3194 -28.1590 -36.9785 -36.9785
-36.9785 -36.9785 -36.9785 -36.9785
  0.0000  -0.3907  -0.3907  -0.3907  -0.3907  -0.3907  -0.3907  -0.3908  -0.3908
 -0.3908  -0.3910  -0.3913  -0.3921  -0.3941  -0.3989  -0.4102  -0.4370  -0.5010
 -0.6559  -1.0207  -1.6219  -2.2374  -2.8297  -3.4302  -4.0627  -4.7567  -5.5546
 -6.5212  -7.7572  -9.4217 -11.7660 -15.1884 -20.3195 -28.1591 -36.9787 -36.9787
-36.9787 -36.9787 -36.9787 -36.9787
  0.0000  -0.3710  -0.3710  -0.3710  -0.3710  -0.3710  -0.3710  -0.3710  -0.3710
 -0.3710  -0.3712  -0.3715  -0.3724  -0.3744  -0.3796  -0.3921  -0.4222  -0.4946
 -0.6687  -1.0545  -1.6388  -2.2380  -2.8245  -3.4244  -4.0580  -4.7534  -5.5524
 -6.5198  -7.7565  -9.4213 -11.7659 -15.1884 -20.3196 -28.1593 -36.9790 -36.9790
-36.9790 -36.9790 -36.9790 -36.9790
  0.0000  -0.3534  -0.3534  -0.3534  -0.3534  -0.3534  -0.3534  -0.3534  -0.3534
 -0.3535  -0.3536  -0.3539  -0.3548  -0.3569  -0.3623  -0.3756  -0.4083  -0.4876
 -0.6799  -1.0900  -1.6629  -2.2442  -2.8216  -3.4186  -4.0525  -4.7491  -5.5497
 -6.5180  -7.7556  -9.4210 -11.7659 -15.1886 -20.3200 -28.1597 -36.9796 -36.9796
-36.9796 -36.9796 -36.9796 -36.9796
 -1.0000  -0.3099  -0.3099  -0.3099  -0.3099  -0.3099  -0.3099  -0.3100  -0.3101
 -0.3103  -0.3108  -0.3117  -0.3132  -0.3163  -0.3228  -0.3371  -0.3716  -0.4640
 -0.7093  -1.1699  -1.7362  -2.3341  -2.9623  -3.6413  -4.4062  -5.3127  -6.4482
 -7.9496 -10.0332 -13.0408 -17.5135 -24.3091 -34.7863 -36.9593 -36.9593 -36.9593
-36.9593 -36.9593 -36.9593 -36.9593
  0.0000  -0.3101  -0.3101  -0.3101  -0.3101  -0.3101  -0.3101  -0.3101  -0.3102
 -0.3104  -0.3109  -0.3117  -0.3133  -0.3164  -0.3228  -0.3372  -0.3716  -0.4640
 -0.7092  -1.1699  -1.7361  -2.3341  -2.9623  -3.6413  -4.4062  -5.3127  -6.4482
 -7.9496 -10.0332 -13.0408 -17.5135 -24.3091 -34.7863 -36.9593 -36.9593 -36.9593
-36.9593 -36.9593 -36.9593 -36.9593
  0.0000  -0.3948  -0.3948  -0.3948  -0.3948  -0.3948  -0.3948  -0.3948  -0.3949
 -0.3950  -0.3952  -0.3956  -0.3962  -0.3970  -0.3977  -0.3986  -0.4048  -0.4482
 -0.6378  -1.1052  -1.7128  -2.3332  -2.9691  -3.6486  -4.4115  -5.3158  -6.4496
 -7.9497 -10.0324 -13.0393 -17.5117 -24.3070 -34.7841 -36.9568 -36.9568 -36.9568
-36.9568 -36.9568 -36.9568 -36.9568
  0.0000  -0.4050  -0.4050  -0.4050  -0.4050  -0.4050  -0.4050  -0.4050  -0.4050
 -0.4051  -0.4052  -0.4055  -0.4060  -0.4065  -0.4065  -0.4057  -0.4087  -0.4465
 -0.6301  -1.0993  -1.7117  -2.3338  -2.9698  -3.6492  -4.4118  -5.3160  -6.4496
 -7.9496 -10.0322 -13.0391 -17.5114 -24.3067 -34.7838 -36.9565 -36.9565 -36.9565
-36.9565 -36.9565 -36.9565 -36.9565
  0.0000  -0.3832  -0.3832  -0.3832  -0.3832  -0.3832  -0.3832  -0.3832  -0.3832
 -0.3833  -0.3834  -0.3837  -0.3844  -0.3855  -0.3872  -0.3904  -0.4011  -0.4512
 -0.6466  -1.1111  -1.7135  -2.3321  -2.9678  -3.6475  -4.4108  -5.3154  -6.4494
 -7.9496 -10.0324 -13.0394 -17.5118 -24.3072 -34.7843 -36.9570 -36.9570 -36.9570
-36.9570 -36.9570 -36.9570 -36.9570
  0.0000  -0.3454  -0.3454  -0.3454  -0.3454  -0.3454  -0.3454  -0.3454  -0.3454
 -0.3455  -0.3456  -0.3460  -0.3470  -0.3491  -0.3535  -0.3631  -0.3865  -0.4583
 -0.6816  -1.1330  -1.7177  -2.3289  -2.9629  -3.6431  -4.4075  -5.3130  -6.4476
 -7.9484 -10.0314 -13.0386 -17.5112 -24.3066 -34.7838 -36.9566 -36.9566 -36.9566
-36.9566 -36.9566 -36.9566 -36.9566
  0.0000  -0.3082  -0.3082  -0.3082  -0.3082  -0.3082  -0.3082  -0.3082  -0.3083
 -0.3083  -0.3085  -0.3090  -0.3103  -0.3132  -0.3201  -0.3360  -0.3734  -0.4690
 -0.7107  -1.1642  -1.7297  -2.3299  -2.9603  -3.6405  -4.4059  -5.3126  -6.4480
 -7.9495 -10.0330 -13.0405 -17.5133 -24.3087 -34.7861 -36.9590 -36.9590 -36.9590
-36.9590 -36.9590 -36.9590 -36.9590
 -2.0000  -0.3348  -0.3348  -0.3348  -0.3348  -0.3348  -0.3349  -0.3350  -0.3353
 -0.3358  -0.3364  -0.3372  -0.3379  -0.3380  -0.3362  -0.3324  -0.3410  -0.4191
 -0.7043  -1.2107  -1.8313  -2.5077  -3.2532  -4.1141  -5.1668  -6.5303  -8.3912
-11.0436 -14.9520 -20.8522 -29.9099 -36.9306 -36.9306 -36.9306 -36.9306 -36.9306
-36.9306 -36.9306 -36.9306 -36.9306
 -1.0000  -0.3349  -0.3349  -0.3349  -0.3349  -0.3349  -0.3350  -0.3351  -0.3353
 -0.3358  -0.3364  -0.3372  -0.3379  -0.3380  -0.3362  -0.3324  -0.3410  -0.4191
 -0.7043  -1.2107  -1.8313  -2.5077  -3.2532  -4.1141  -5.1668  -6.5303  -8.3912
-11.0436 -14.9520 -20.8522 -29.9099 -36.9306 -36.9306 -36.9306 -36.9306 -36.9306
-36.9306 -36.9306 -36.9306 -36.9306
  0.0000  -0.3351  -0.3351  -0.3351  -0.3351  -0.3351  -0.3351  -0.3352  -0.3354
 -0.3358  -0.3364  -0.3371  -0.3379  -0.3380  -0.3362  -0.3324  -0.3410  -0.4191
 -0.7042  -1.2106  -1.8313  -2.5077  -3.2532  -4.1141  -5.1668  -6.5303  -8.3912
-11.0436 -14.9520 -20.8522 -29.9099 -36.9306 -36.9306 -36.9306 -36.9306 -36.9306
-36.9306 -36.9306 -36.9306 -36.9306
  0.0000  -0.4174  -0.4174  -0.4174  -0.4174  -0.4174  -0.4174  -0.4174  -0.4175
 -0.4177  -0.4181  -0.4183  -0.4179  -0.4150  -0.4060  -0.3864  -0.3640  -0.3924
 -0.6431  -1.1734  -1.8212  -2.5089  -3.2566  -4.1165  -5.1674  -6.5296  -8.3894
-11.0410 -14.9489 -20.8488 -29.9063 -36.9266 -36.9266 -36.9266 -36.9266 -36.9266
-36.9266 -36.9266 -36.9266 -36.9266
  0.0000  -0.4186  -0.4186  -0.4186  -0.4186  -0.4186  -0.4186  -0.4186  -0.4187
 -0.4188  -0.4190  -0.4192  -0.4187  -0.4157  -0.4066  -0.3869  -0.3639  -0.3921
 -0.6429  -1.1735  -1.8213  -2.5089  -3.2567  -4.1166  -5.1675  -6.5297  -8.3895
-11.0411 -14.9490 -20.8489 -29.9064 -36.9267 -36.9267 -36.9267 -36.9267 -36.9267
-36.9267 -36.9267 -36.9267 -36.9267
  0.0000  -0.3876  -0.3876  -0.3876  -0.3877  -0.3877  -0.3877  -0.3877  -0.3877
 -0.3878  -0.3879  -0.3882  -0.3881  -0.3864  -0.3801  -0.3669  -0.3558  -0.4023
 -0.6637  -1.1840  -1.8230  -2.5078  -3.2553  -4.1159  -5.1674  -6.5299  -8.3902
-11.0420 -14.9500 -20.8500 -29.9076 -36.9280 -36.9280 -36.9280 -36.9280 -36.9280
-36.9280 -36.9280 -36.9280 -36.9280
  0.0000  -0.3483  -0.3483  -0.3483  -0.3483  -0.3483  -0.3483  -0.3483  -0.3483
 -0.3484  -0.3485  -0.3487  -0.3491  -0.3488  -0.3462  -0.3411  -0.3460  -0.4168
 -0.6930  -1.2008  -1.8271  -2.5070  -3.2538  -4.1149  -5.1674  -6.5305  -8.3913
-11.0434 -14.9517 -20.8518 -29.9095 -36.9301 -36.9301 -36.9301 -36.9301 -36.9301
-36.9301 -36.9301 -36.9301 -36.9301
-12.0000  -0.3468  -0.3468  -0.3468  -0.3469  -0.3470  -0.3471  -0.3472  -0.3475
 -0.3480  -0.3485  -0.3493  -0.3499  -0.3496  -0.3467  -0.3408  -0.3455  -0.4162
 -0.6941  -1.2022  -1.8279  -2.5075  -3.2541  -4.1152  -5.1676  -6.5307  -8.3915
-11.0436 -14.9519 -20.8520 -29.9097 -36.9303 -36.9303 -36.9303 -36.9303 -36.9303
-36.9303 -36.9303 -36.9303 -36.9303
-11.0000  -0.3469  -0.3469  -0.3469  -0.3469  -0.3470  -0.3471  -0.3472  -0.3475
 -0.3480  -0.3485  -0.3493  -0.3499  -0.3496  -0.3467  -0.3408  -0.3455  -0.4162
 -0.6941  -1.2022  -1.8279  -2.5075  -3.2541  -4.1152  -5.1676  -6.5307  -8.3915
-11.0436 -14.9519 -20.8520 -29.9097 -36.9303 -36.9303 -36.9303 -36.9303 -36.9303
-36.9303 -36.9303 -36.9303 -36.9303
-10.0000  -0.3470  -0.3470  -0.3470  -0.3470  -0.3470  -0.3471  -0.3472  -0.3475
 -0.3480  -0.3485  -0.3493  -0.3499  -0.3496  -0.3467  -0.3408  -0.3455  -0.4162
 -0.6941  -1.2022  -1.8279  -2.5075  -3.2541  -4.1152  -5.1676  -6.5307  -8.3915
-11.0436 -14.9519 -20.8520 -29.9097 -36.9303 -36.9303 -36.9303 -36.9303 -36.9303
-36.9303 -36.9303 -36.9303 -36.9303
-10.0000  -0.3468  -0.3468  -0.3468  -0.3468  -0.3468  -0.3469  -0.3470  -0.3472
 -0.3476  -0.3482  -0.3490  -0.3496  -0.3493  -0.3464  -0.3405  -0.3452  -0.4159
 -0.6938  -1.2019  -1.8276  -2.5072  -3.2538  -4.1149  -5.1673  -6.5304  -8.3912
-11.0433 -14.9516 -20.8517 -29.9094 -36.9300 -36.9300 -36.9300 -36.9300 -36.9300
-36.9300 -36.9300 -36.9300 -36.9300
-10.0000  -0.3472  -0.3472  -0.3472  -0.3472  -0.3472  -0.3472  -0.3473  -0.3475
 -0.3478  -0.3484  -0.3491  -0.3498  -0.3495  -0.3466  -0.3407  -0.3454  -0.4161
 -0.6940  -1.2020  -1.8278  -2.5074  -3.2540  -4.1151  -5.1675  -6.5306  -8.3914
-11.0435 -14.9518 -20.8519 -29.9096 -36.9302 -36.9302 -36.9302 -36.9302 -36.9302
-36.9302 -36.9302 -36.9302 -36.9302
-10.0000  -0.3474  -0.3474  -0.3474  -0.3474  -0.3474  -0.3474  -0.3474  -0.3476
 -0.3479  -0.3484  -0.3491  -0.3497  -0.3494  -0.3466  -0.3408  -0.3455  -0.4162
 -0.6939  -1.2020  -1.8277  -2.5074  -3.2540  -4.1151  -5.1675  -6.5306  -8.3914
-11.0435 -14.9518 -20.8519 -29.9096 -36.9302 -36.9302 -36.9302 -36.9302 -36.9302
-36.9302 -36.9302 -36.9302 -36.9302
-10.0000  -0.3475  -0.3475  -0.3475  -0.3475  -0.3475  -0.3475  -0.3476  -0.3477
 -0.3479  -0.3483  -0.3489  -0.3495  -0.3493  -0.3464  -0.3407  -0.3454  -0.4162
 -0.6937  -1.2017  -1.8276  -2.5072  -3.2539  -4.1150  -5.1674  -6.5305  -8.3913
-11.0434 -14.9517 -20.8518 -29.9095 -36.9301 -36.9301 -36.9301 -36.9301 -36.9301
-36.9301 -36.9301 -36.9301 -36.9301
-22.0000  -0.3462  -0.3462  -0.3463  -0.3463  -0.3464  -0.3466  -0.3467  -0.3470
 -0.3475  -0.3480  -0.3488  -0.3494  -0.3491  -0.3462  -0.3403  -0.3450  -0.4157
 -0.6936  -1.2017  -1.8274  -2.5070  -3.2536  -4.1147  -5.1671  -6.5302  -8.3910
-11.0431 -14.9514 -20.8515 -29.9092 -36.9298 -36.9298 -36.9298 -36.9298 -36.9298
-36.9298 -36.9298 -36.9298 -36.9298
-21.0000  -0.3463  -0.3463  -0.3463  -0.3463  -0.3464  -0.3466  -0.3467  -0.3470
 -0.3475  -0.3480  -0.3488  -0.3494  -0.3491  -0.3462  -0.3403  -0.3450  -0.4157
 -0.6936  -1.2017  -1.8274  -2.5070  -3.2536  -4.1147  -5.1671  -6.5302  -8.3910
-11.0431 -14.9514 -20.8515 -29.9092 -36.9298 -36.9298 -36.9298 -36.9298 -36.9298
-36.9298 -36.9298 -36.9298 -36.9298
-20.0000  -0.3463  -0.3463  -0.3463  -0.3464  -0.3464  -0.3466  -0.3467  -0.3470
 -0.3475  -0.3480  -0.3488  -0.3494  -0.3491  -0.3462  -0.3403  -0.3450  -0.4157
 -0.6936  -1.2017  -1.8274  -2.5070  -3.2536  -4.1147  -5.1671  -6.5302  -8.3910
-11.0431 -14.9514 -20.8515 -29.9092 -36.9298 -36.9298 -36.9298 -36.9298 -36.9298
-36.9298 -36.9298 -36.9298 -36.9298
-20.0000  -0.3464  -0.3464  -0.3464  -0.3464  -0.3465  -0.3466  -0.3467  -0.3470
 -0.3475  -0.3480  -0.3488  -0.3494  -0.3491  -0.3462  -0.3403  -0.3450  -0.4157
 -0.6936  -1.2017  -1.8274  -2.5070  -3.2536  -4.1147  -5.1671  -6.5302  -8.3910
-11.0431 -14.9514 -20.8515 -29.9092 -36.9298 -36.9298 -36.9298 -36.9298 -36.9298
-36.9298 -36.9298 -36.9298 -36.9298
-20.0000  -0.3468  -0.3468  -0.3468  -0.3468  -0.3468  -0.3469  -0.3470  -0.3473
 -0.3478  -0.3483  -0.3491  -0.3497  -0.3494  -0.3465  -0.3406  -0.3453  -0.4160
 -0.6939  -1.2020  -1.8277  -2.5073  -3.2539  -4.1150  -5.1674  -6.5305  -8.3913
-11.0434 -14.9517 -20.8518 -29.9095 -36.9301 -36.9301 -36.9301 -36.9301 -36.9301
-36.9301 -36.9301 -36.9301 -36.9301
-20.0000  -0.3470  -0.3470  -0.3470  -0.3470  -0.3470  -0.3471  -0.3472  -0.3474
 -0.3478  -0.3484  -0.3492  -0.3498  -0.3495  -0.3466  -0.3407  -0.3454  -0.4161
 -0.6940  -1.2021  -1.8278  -2.5074  -3.2540  -4.1151  -5.1675  -6.5306  -8.3914
-11.0435 -14.9518 -20.8519 -29.9096 -36.9302 -36.9302 -36.9302 -36.9302 -36.9302
-36.9302 -36.9302 -36.9302 -36.9302
-20.0000  -0.3472  -0.3472  -0.3472  -0.3472  -0.3472  -0.3473  -0.3474  -0.3476
 -0.3479  -0.3485  -0.3493  -0.3499  -0.3496  -0.3467  -0.3408  -0.3455  -0.4162
 -0.6941  -1.2021  -1.8279  -2.5075  -3.2541  -4.1152  -5.1676  -6.5307  -8.3915
-11.0436 -14.9519 -20.8520 -29.9097 -36.9303 -36.9303 -36.9303 -36.9303 -36.9303
-36.9303 -36.9303 -36.9303 -36.9303
-32.0000  -0.3464  -0.3464  -0.3464  -0.3465  -0.3466  -0.3469  -0.3469  -0.3472
 -0.3477  -0.3482  -0.3490  -0.3496  -0.3493  -0.3464  -0.3405  -0.3452  -0.4159
 -0.6938  -1.2019  -1.8276  -2.5072  -3.2538  -4.1149  -5.1673  -6.5304  -8.3912
-11.0433 -14.9516 -20.8517 -29.9094 -36.9300 -36.9300 -36.9300 -36.9300 -36.9300
-36.9300 -36.9300 -36.9300 -36.9300
-31.0000  -0.3464  -0.3464  -0.3464  -0.3465  -0.3466  -0.3469  -0.3469  -0.3472
 -0.3477  -0.3482  -0.3490  -0.3496  -0.3493  -0.3464  -0.3405  -0.3452  -0.4159
 -0.6938  -1.2019  -1.8276  -2.5072  -3.2538  -4.1149  -5.1673  -6.5304  -8.3912
-11.0433 -14.9516 -20.8517 -29.9094 -36.9300 -36.9300 -36.9300 -36.9300 -36.9300
-36.9300 -36.9300 -36.9300 -36.9300
-30.0000  -0.3464  -0.3464  -0.3464  -0.3465  -0.3466  -0.3468  -0.3469  -0.3472
 -0.3477  -0.3482  -0.3490  -0.3496  -0.3493  -0.3464  -0.3405  -0.3452  -0.4159
 -0.6938  -1.2019  -1.8276  -2.5072  -3.2538  -4.1149  -5.1673  -6.5304  -8.3912
-11.0433 -14.9516 -20.8517 -29.9094 -36.9300 -36.9300 -36.9300 -36.9300 -36.9300
-36.9300 -36.9300 -36.9300 -36.9300
-30.0000  -0.3464  -0.3465  -0.3465  -0.3465  -0.3466  -0.3468  -0.3469  -0.3472
 -0.3477  -0.3482  -0.3490  -0.3496  -0.3493  -0.3464  -0.3405  -0.3452  -0.4159
 -0.6938  -1.2019  -1.8276  -2.5072  -3.2538  -4.1149  -5.1673  -6.5304  -8.3912
-11.0433 -14.9516 -20.8517 -29.9094 -36.9300 -36.9300 -36.9300 -36.9300 -36.9300
-36.9300 -36.9300 -36.9300 -36.9300
-30.0000  -0.3465  -0.3465  -0.3465  -0.3466  -0.3466  -0.3468  -0.3469  -0.3472
 -0.3477  -0.3482  -0.3490  -0.3496  -0.3493  -0.3464  -0.3405  -0.3452  -0.4159
 -0.6938  -1.2019  -1.8276  -2.5072  -3.2538  -4.1149  -5.1673  -6.5304  -8.3912
-11.0433 -14.9516 -20.8517 -29.9094 -36.9300 -36.9300 -36.9300 -36.9300 -36.9300
-36.9300 -36.9300 -36.9300 -36.9300
-30.0000  -0.3468  -0.3468  -0.3468  -0.3468  -0.3469  -0.3470  -0.3471  -0.3474
 -0.3479  -0.3484  -0.3492  -0.3498  -0.3495  -0.3466  -0.3407  -0.3454  -0.4161
 -0.6940  -1.2021  -1.8278  -2.5074  -3.2540  -4.1151  -5.1675  -6.5306  -8.3914
-11.0435 -14.9518 -20.8519 -29.9096 -36.9302 -36.9302 -36.9302 -36.9302 -36.9302
-36.9302 -36.9302 -36.9302 -36.9302
-30.0000  -0.3467  -0.3468  -0.3468  -0.3468  -0.3468  -0.3469  -0.3470  -0.3473
 -0.3478  -0.3483  -0.3491  -0.3497  -0.3494  -0.3465  -0.3406  -0.3453  -0.4160
 -0.6939  -1.2020  -1.8277  -2.5073  -3.2539  -4.1150  -5.1674  -6.5305  -8.3913
-11.0434 -14.9517 -20.8518 -29.9095 -36.9301 -36.9301 -36.9301 -36.9301 -36.9301
-36.9301 -36.9301 -36.9301 -36.9301
-42.0000  -0.3464  -0.3464  -0.3464  -0.3465  -0.3466  -0.3469  -0.3469  -0.3472
 -0.3477  -0.3482  -0.3490  -0.3496  -0.3493  -0.3464  -0.3405  -0.3452  -0.4159
 -0.6938  -1.2019  -1.8276  -2.5072  -3.2538  -4.1149  -5.1673  -6.5304  -8.3912
-11.0433 -14.9516 -20.8517 -29.9094 -36.9300 -36.9300 -36.9300 -36.9300 -36.9300
-36.9300 -36.9300 -36.9300 -36.9300
-41.0000  -0.3464  -0.3464  -0.3464  -0.3465  -0.3466  -0.3469  -0.3469  -0.3472
 -0.3477  -0.3482  -0.3490  -0.3496  -0.3493  -0.3464  -0.3405  -0.3452  -0.4159
 -0.6938  -1.2019  -1.8276  -2.5072  -3.2538  -4.1149  -5.1673  -6.5304  -8.3912
-11.0433 -14.9516 -20.8517 -29.9094 -36.9300 -36.9300 -36.9300 -36.9300 -36.9300
-36.9300 -36.9300 -36.9300 -36.9300
-40.0000  -0.3464  -0.3464  -0.3464  -0.3465  -0.3466  -0.3469  -0.3469  -0.3472
 -0.3477  -0.3482  -0.3490  -0.3496  -0.3493  -0.3464  -0.3405  -0.3452  -0.4159
 -0.6938  -1.2019  -1.8276  -2.5072  -3.2538  -4.1149  -5.1673  -6.5304  -8.3912
-11.0433 -14.9516 -20.8517 -29.9094 -36.9300 -36.9300 -36.9300 -36.9300 -36.9300
-36.9300 -36.9300 -36.9300 -36.9300
-40.0000  -0.3464  -0.3464  -0.3464  -0.3465  -0.3466  -0.3469  -0.3469  -0.3472
 -0.3477  -0.3482  -0.3490  -0.3496  -0.3493  -0.3464  -0.3405  -0.3452  -0.4159
 -0.6938  -1.2019  -1.8276  -2.5072  -3.2538  -4.1149  -5.1673  -6.5304  -8.3912
-11.0433 -14.9516 -20.8517 -29.9094 -36.9300 -36.9300 -36.9300 -36.9300 -36.9300
-36.9300 -36.9300 -36.9300 -36.9300
-40.0000  -0.3464  -0.3464  -0.3464  -0.3465  -0.3466  -0.3468  -0.3469  -0.3472
 -0.3477  -0.3482  -0.3490  -0.3496  -0.3493  -0.3464  -0.3405  -0.3452  -0.4159
 -0.6938  -1.2019  -1.8276  -2.5072  -3.2538  -4.1149  -5.1673  -6.5304  -8.3912
-11.0433 -14.9516 -20.8517 -29.9094 -36.9300 -36.9300 -36.9300 -36.9300 -36.9300
-36.9300 -36.9300 -36.9300 -36.9300
-40.0000  -0.3464  -0.3464  -0.3465  -0.3465  -0.3466  -0.3468  -0.3469  -0.3472
 -0.3477  -0.3482  -0.3490  -0.3496  -0.3493  -0.3464  -0.3405  -0.3452  -0.4159
 -0.6938  -1.2019  -1.8276  -2.5072  -3.2538  -4.1149  -5.1673  -6.5304  -8.3912
-11.0433 -14.9516 -20.8517 -29.9094 -36.9300 -36.9300 -36.9300 -36.9300 -36.9300
-36.9300 -36.9300 -36.9300 -36.9300
-40.0000  -0.3467  -0.3467  -0.3467  -0.3468  -0.3468  -0.3470  -0.3471  -0.3474
 -0.3479  -0.3484  -0.3492  -0.3498  -0.3495  -0.3466  -0.3407  -0.3454  -0.4161
 -0.6940  -1.2021  -1.8278  -2.5074  -3.2540  -4.1151  -5.1675  -6.5306  -8.3914
-11.0435 -14.9518 -20.8519 -29.9096 -36.9302 -36.9302 -36.9302 -36.9302 -36.9302
-36.9302 -36.9302 -36.9302 -36.9302
-52.0000  -0.3464  -0.3464  -0.3464  -0.3465  -0.3466  -0.3469  -0.3469  -0.3472
 -0.3477  -0.3482  -0.3490  -0.3496  -0.3493  -0.3464  -0.3405  -0.3452  -0.4159
 -0.6938  -1.2019  -1.8276  -2.5072  -3.2538  -4.1149  -5.1673  -6.5304  -8.3912
-11.0433 -14.9516 -20.8517 -29.9094 -36.9300 -36.9300 -36.9300 -36.9300 -36.9300
-36.9300 -36.9300 -36.9300 -36.9300
-51.0000  -0.3464  -0.3464  -0.3464  -0.3465  -0.3466  -0.3469  -0.3469  -0.3472
 -0.3477  -0.3482  -0.3490  -0.3496  -0.3493  -0.3464  -0.3405  -0.3452  -0.4159
 -0.6938  -1.2019  -1.8276  -2.5072  -3.2538  -4.1149  -5.1673  -6.5304  -8.3912
-11.0433 -14.9516 -20.8517 -29.9094 -36.9300 -36.9300 -36.9300 -36.9300 -36.9300
-36.9300 -36.9300 -36.9300 -36.9300
-50.0000  -0.3464  -0.3464  -0.3464  -0.3465  -0.3466  -0.3469  -0.3469  -0.3472
 -0.3477  -0.3482  -0.3490  -0.3496  -0.3493  -0.3464  -0.3405  -0.3452  -0.4159
 -0.6938  -1.2019  -1.8276  -2.5072  -3.2538  -4.1149  -5.1673  -6.5304  -8.3912
-11.0433 -14.9516 -20.8517 -29.9094 -36.9300 -36.9300 -36.9300 -36.9300 -36.9300
-36.9300 -36.9300 -36.9300 -36.9300
-50.0000  -0.3464  -0.3464  -0.3464  -0.3465  -0.3466  -0.3469  -0.3469  -0.3472
 -0.3477  -0.3482  -0.3490  -0.3496  -0.3493  -0.3464  -0.3405  -0.3452  -0.4159
 -0.6938  -1.2019  -1.8276  -2.5072  -3.2538  -4.1149  -5.1673  -6.5304  -8.3912
-11.0433 -14.9516 -20.8517 -29.9094 -36.9300 -36.9300 -36.9300 -36.9300 -36.9300
-36.9300 -36.9300 -36.9300 -36.9300
-50.0000  -0.3464  -0.3464  -0.3464  -0.3465  -0.3466  -0.3469  -0.3469  -0.3472
 -0.3477  -0.3482  -0.3490  -0.3496  -0.3493  -0.3464  -0.3405  -0.3452  -0.4159
 -0.6938  -1.2019  -1.8276  -2.5072  -3.2538  -4.1149  -5.1673  -6.5304  -8.3912
-11.0433 -14.9516 -20.8517 -29.9094 -36.9300 -36.9300 -36.9300 -36.9300 -36.9300
-36.9300 -36.9300 -36.9300 -36.9300
-50.0000  -0.3464  -0.3464  -0.3464  -0.3465  -0.3466  -0.3469  -0.3469  -0.3472
 -0.3477  -0.3482  -0.3490  -0.3496  -0.3493  -0.3464  -0.3405  -0.3452  -0.4159
 -0.6938  -1.2019  -1.8276  -2.5072  -3.2538  -4.1149  -5.1673  -6.5304  -8.3912
-11.0433 -14.9516 -20.8517 -29.9094 -36.9300 -36.9300 -36.9300 -36.9300 -36.9300
-36.9300 -36.9300 -36.9300 -36.9300
-50.0000  -0.3463  -0.3463  -0.3463  -0.3464  -0.3465  -0.3468  -0.3468  -0.3471
 -0.3476  -0.3481  -0.3489  -0.3495  -0.3492  -0.3463  -0.3404  -0.3451  -0.4158
 -0.6937  -1.2018  -1.8275  -2.5071  -3.2537  -4.1148  -5.1672  -6.5303  -8.3911
-11.0432 -14.9515 -20.8516 -29.9093 -36.9299 -36.9299 -36.9299 -36.9299 -36.9299
-36.9299 -36.9299 -36.9299 -36.9299
-62.0000  -0.4164  -0.4164  -0.4164  -0.4165  -0.4166  -0.4169  -0.4169  -0.4172
 -0.4177  -0.4182  -0.4190  -0.4196  -0.4193  -0.4164  -0.4105  -0.4152  -0.4859
 -0.7638  -1.2719  -1.8976  -2.5772  -3.3238  -4.1849  -5.2373  -6.6004  -8.4612
-11.1133 -15.0216 -20.9217 -29.9794 -37.0000 -37.0000 -37.0000 -37.0000 -37.0000
-37.0000 -37.0000 -37.0000 -37.0000
-61.0000  -0.4164  -0.4164  -0.4164  -0.4165  -0.4166  -0.4169  -0.4169  -0.4172
 -0.4177  -0.4182  -0.4190  -0.4196  -0.4193  -0.4164  -0.4105  -0.4152  -0.4859
 -0.7638  -1.2719  -1.8976  -2.5772  -3.3238  -4.1849  -5.2373  -6.6004  -8.4612
-11.1133 -15.0216 -20.9217 -29.9794 -37.0000 -37.0000 -37.0000 -37.0000 -37.0000
-37.0000 -37.0000 -37.0000 -37.0000
-60.0000  -0.4164  -0.4164  -0.4164  -0.4165  -0.4166  -0.4169  -0.4169  -0.4172
 -0.4177  -0.4182  -0.4190  -0.4196  -0.4193  -0.4164  -0.4105  -0.4152  -0.4859
 -0.7638  -1.2719  -1.8976  -2.5772  -3.3238  -4.1849  -5.2373  -6.6004  -8.4612
-11.1133 -15.0216 -20.9217 -29.9794 -37.0000 -37.0000 -37.0000 -37.0000 -37.0000
-37.0000 -37.0000 -37.0000 -37.0000
-60.0000  -0.4164  -0.4164  -0.4164  -0.4165  -0.4166  -0.4169  -0.4169  -0.4172
 -0.4177  -0.4182  -0.4190  -0.4196  -0.4193  -0.4164  -0.4105  -0.4152  -0.4859
 -0.7638  -1.2719  -1.8976  -2.5772  -3.3238  -4.1849  -5.2373  -6.6004  -8.4612
-11.1133 -15.0216 -20.9217 -29.9794 -37.0000 -37.0000 -37.0000 -37.0000 -37.0000
-37.0000 -37.0000 -37.0000 -37.0000
-60.0000  -0.4164  -0.4164  -0.4164  -0.4165  -0.4166  -0.4169  -0.4169  -0.4172
 -0.4177  -0.4182  -0.4190  -0.4196  -0.4193  -0.4164  -0.4105  -0.4152  -0.4859
 -0.7638  -1.2719  -1.8976  -2.5772  -3.3238  -4.1849  -5.2373  -6.6004  -8.4612
-11.1133 -15.0216 -20.9217 -29.9794 -37.0000 -37.0000 -37.0000 -37.0000 -37.0000
-37.0000 -37.0000 -37.0000 -37.0000
-60.0000  -0.4164  -0.4164  -0.4164  -0.4165  -0.4166  -0.4169  -0.4169  -0.4172
 -0.4177  -0.4182  -0.4190  -0.4196  -0.4193  -0.4164  -0.4105  -0.4152  -0.4859
 -0.7638  -1.2719  -1.8976  -2.5772  -3.3238  -4.1849  -5.2373  -6.6004  -8.4612
-11.1133 -15.0216 -20.9217 -29.9794 -37.0000 -37.0000 -37.0000 -37.0000 -37.0000
-37.0000 -37.0000 -37.0000 -37.0000
-60.0000  -0.4164  -0.4164  -0.4164  -0.4165  -0.4166  -0.4169  -0.4169  -0.4172
 -0.4177  -0.4182  -0.4190  -0.4196  -0.4193  -0.4164  -0.4105  -0.4152  -0.4859
 -0.7638  -1.2719  -1.8976  -2.5772  -3.3238  -4.1849  -5.2373  -6.6004  -8.4612
-11.1133 -15.0216 -20.9217 -29.9794 -37.0000 -37.0000 -37.0000 -37.0000 -37.0000
-37.0000 -37.0000 -37.0000 -37.0000
nl= 2 nu=17
  0.0000  -1.3970  -1.3970  -1.3970  -1.3970  -1.3970  -1.3970  -1.3970  -1.3970
 -1.3970  -1.3970  -1.3970  -1.3970  -1.3970  -1.3970  -1.3971  -1.3973  -1.3979
 -1.3992  -1.4026  -1.4110  -1.4323  -1.4856  -1.6191  -1.9523  -2.7619  -4.1590
 -4.8469  -5.3871  -5.9134  -6.4675  -7.1027  -7.7393  -8.2596  -8.7893  -9.3351
 -9.9069 -10.5203 -11.1996 -11.9836
  0.0000  -1.5427  -1.5427  -1.5427  -1.5427  -1.5427  -1.5427  -1.5427  -1.5427
 -1.5427  -1.5427  -1.5427  -1.5427  -1.5427  -1.5428  -1.5428  -1.5429  -1.5432
 -1.5439  -1.5456  -1.5499  -1.5607  -1.5878  -1.6560  -1.8269  -2.2537  -3.2879
 -4.7563  -5.3629  -5.9024  -6.4616  -7.0987  -7.7367  -8.2585  -8.7888  -9.3350
 -9.9072 -10.5207 -11.2001 -11.9842
  0.0000  -1.6944  -1.6944  -1.6944  -1.6944  -1.6944  -1.6944  -1.6944  -1.6944
 -1.6944  -1.6944  -1.6944  -1.6944  -1.6944  -1.6945  -1.6945  -1.6945  -1.6947
 -1.6950  -1.6959  -1.6981  -1.7035  -1.7172  -1.7517  -1.8383  -2.0554  -2.5980
 -3.9028  -5.3125  -5.8860  -6.4546  -7.0951  -7.7357  -8.2596  -8.7913  -9.3383
 -9.9108 -10.5247 -11.2043 -11.9885
  0.0000  -1.8386  -1.8386  -1.8386  -1.8386  -1.8386  -1.8386  -1.8386  -1.8386
 -1.8386  -1.8386  -1.8386  -1.8386  -1.8386  -1.8386  -1.8386  -1.8386  -1.8387
 -1.8389  -1.8393  -1.8404  -1.8432  -1.8501  -1.8674  -1.9110  -2.0204  -2.2950
 -2.9815  -4.6024  -5.8416  -6.4305  -7.0771  -7.7223  -8.2502  -8.7834  -9.3317
 -9.9051 -10.5194 -11.1994 -11.9838
  0.0000  -1.9875  -1.9875  -1.9875  -1.9875  -1.9875  -1.9875  -1.9875  -1.9875
 -1.9875  -1.9875  -1.9875  -1.9875  -1.9875  -1.9875  -1.9875  -1.9875  -1.9876
 -1.9877  -1.9879  -1.9884  -1.9898  -1.9933  -2.0020  -2.0239  -2.0788  -2.2168
 -2.5631  -3.4290  -5.3841  -6.3956  -7.0545  -7.7077  -8.2416  -8.7777  -9.3278
 -9.9025 -10.5176 -11.1980 -11.9828
  0.0000  -2.1440  -2.1440  -2.1440  -2.1440  -2.1440  -2.1440  -2.1440  -2.1440
 -2.1440  -2.1440  -2.1440  -2.1440  -2.1440  -2.1440  -2.1440  -2.1441  -2.1441
 -2.1441  -2.1442  -2.1445  -2.1452  -2.1469  -2.1513  -2.1622  -2.1898  -2.2589
 -2.4326  -2.8686  -3.9587  -6.1834  -7.0253  -7.6933  -8.2363  -8.7760  -9.3289
 -9.9053 -10.5219 -11.2033 -11.9885
  0.0000  -2.2887  -2.2887  -2.2887  -2.2887  -2.2887  -2.2887  -2.2887  -2.2887
 -2.2887  -2.2887  -2.2887  -2.2887  -2.2887  -2.2887  -2.2887  -2.2887  -2.2887
 -2.2887  -2.2888  -2.2889  -2.2892  -2.2901  -2.2923  -2.2978  -2.3116  -2.3462
 -2.4331  -2.6516  -3.2000  -4.5703  -6.9207  -7.6582  -8.2151  -8.7586  -9.3152
 -9.8945 -10.5127 -11.1953 -11.9815
  0.0000  -1.0909  -1.0909  -1.0909  -1.0909  -1.0909  -1.0909  -1.0909  -1.0909
 -1.0909  -1.0909  -1.0909  -1.0910  -1.0910  -1.0912  -1.0915  -1.0924  -1.0947
 -1.1004  -1.1147  -1.1506  -1.2403  -1.4628  -1.9970  -3.0239  -3.8130  -4.3726
 -4.9046  -5.4358  -6.0281  -6.7327  -7.2518  -7.7780  -8.3178  -8.8796  -9.4770
-10.1310 -10.8747 -11.7607 -12.8725
  0.0000  -1.2255  -1.2255  -1.2255  -1.2255  -1.2255  -1.2255  -1.2255  -1.2255
 -1.2255  -1.2255  -1.2255  -1.2255  -1.2255  -1.2256  -1.2258  -1.2263  -1.2275
 -1.2305  -1.2380  -1.2569  -1.3044  -1.4233  -1.7187  -2.4271  -3.6415  -4.3392
 -4.8897  -5.4279  -6.0227  -6.7280  -7.2491  -7.7763  -8.3166  -8.8789  -9.4765
-10.1306 -10.8744 -11.7605 -12.8723
  0.0000  -1.3651  -1.3651  -1.3651  -1.3651  -1.3651  -1.3651  -1.3651  -1.3651
 -1.3651  -1.3651  -1.3651  -1.3651  -1.3651  -1.3651  -1.3652  -1.3655  -1.3661
 -1.3676  -1.3715  -1.3813  -1.4059  -1.4675  -1.6219  -2.0060  -2.9243  -4.2388
 -4.8617  -5.4136  -6.0126  -6.7195  -7.2440  -7.7725  -8.3138  -8.8767  -9.4748
-10.1291 -10.8730 -11.7593 -12.8711
  0.0000  -1.5150  -1.5150  -1.5150  -1.5150  -1.5150  -1.5150  -1.5150  -1.5150
 -1.5150  -1.5150  -1.5150  -1.5150  -1.5150  -1.5150  -1.5151  -1.5152  -1.5155
 -1.5163  -1.5183  -1.5233  -1.5358  -1.5673  -1.6462  -1.8441  -2.3370  -3.5061
 -4.8074  -5.3965  -6.0035  -6.7128  -7.2430  -7.7735  -8.3164  -8.8803  -9.4790
-10.1338 -10.8780 -11.7644 -12.8763
  0.0000  -1.6551  -1.6551  -1.6551  -1.6551  -1.6551  -1.6551  -1.6551  -1.6551
 -1.6551  -1.6551  -1.6551  -1.6551  -1.6551  -1.6552  -1.6552  -1.6552  -1.6554
 -1.6558  -1.6568  -1.6593  -1.6657  -1.6816  -1.7215  -1.8219  -2.0735  -2.7008
 -4.1617  -5.3479  -5.9735  -6.6873  -7.2265  -7.7600  -8.3052  -8.8706  -9.4704
-10.1258 -10.8705 -11.7571 -12.8693
  0.0000  -1.8062  -1.8062  -1.8062  -1.8062  -1.8062  -1.8062  -1.8062  -1.8062
 -1.8062  -1.8062  -1.8062  -1.8063  -1.8063  -1.8063  -1.8063  -1.8063  -1.8064
 -1.8066  -1.8071  -1.8084  -1.8115  -1.8196  -1.8397  -1.8902  -2.0171  -2.3354
 -3.1297  -4.9047  -5.9381  -6.6625  -7.2159  -7.7526  -8.3010  -8.8687  -9.4699
-10.1266 -10.8719 -11.7590 -12.8715
  0.0000  -1.9557  -1.9557  -1.9557  -1.9557  -1.9557  -1.9557  -1.9557  -1.9557
 -1.9557  -1.9557  -1.9557  -1.9557  -1.9557  -1.9557  -1.9557  -1.9557  -1.9558
 -1.9559  -1.9561  -1.9568  -1.9584  -1.9624  -1.9725  -1.9979  -2.0616  -2.2216
 -2.6232  -3.6253  -5.6890  -6.6212  -7.2006  -7.7395  -8.2914  -8.8622  -9.4656
-10.1236 -10.8701 -11.7579 -12.8708
  0.0000  -0.8294  -0.8294  -0.8294  -0.8294  -0.8294  -0.8294  -0.8294  -0.8294
 -0.8294  -0.8294  -0.8294  -0.8295  -0.8297  -0.8303  -0.8316  -0.8348  -0.8431
 -0.8637  -0.9153  -1.0423  -1.3448  -1.9701  -2.7403  -3.3408  -3.8861  -4.4172
 -4.9771  -5.7240  -6.2428  -6.7665  -7.3015  -7.8551  -8.4389  -9.0712  -9.7803
-10.6115 -11.6362 -12.9678 -14.7857
  0.0000  -0.9385  -0.9385  -0.9385  -0.9385  -0.9385  -0.9385  -0.9385  -0.9385
 -0.9385  -0.9386  -0.9386  -0.9386  -0.9387  -0.9390  -0.9398  -0.9417  -0.9464
 -0.9584  -0.9883  -1.0629  -1.2471  -1.6838  -2.5239  -3.2946  -3.8676  -4.4077
 -4.9711  -5.7179  -6.2396  -6.7644  -7.3002  -7.8543  -8.4384  -9.0708  -9.7801
-10.6114 -11.6362 -12.9678 -14.7857
  0.0000  -1.0616  -1.0616  -1.0616  -1.0616  -1.0616  -1.0616  -1.0616  -1.0616
 -1.0616  -1.0617  -1.0617  -1.0617  -1.0618  -1.0619  -1.0623  -1.0634  -1.0660
 -1.0725  -1.0889  -1.1301  -1.2330  -1.4873  -2.0882  -3.1246  -3.8327  -4.3918
 -4.9613  -5.7081  -6.2345  -6.7609  -7.2979  -7.8528  -8.4375  -9.0703  -9.7797
-10.6111 -11.6360 -12.9677 -14.7856
  0.0000  -1.1949  -1.1949  -1.1949  -1.1949  -1.1949  -1.1949  -1.1949  -1.1949
 -1.1949  -1.1949  -1.1949  -1.1950  -1.1950  -1.1951  -1.1953  -1.1958  -1.1972
 -1.2007  -1.2094  -1.2312  -1.2860  -1.4230  -1.7624  -2.5606  -3.7261  -4.3645
 -4.9460  -5.6928  -6.2269  -6.7557  -7.2943  -7.8506  -8.4361  -9.0695  -9.7792
-10.6109 -11.6359 -12.9676 -14.7856
  0.0000  -1.3394  -1.3394  -1.3394  -1.3394  -1.3394  -1.3394  -1.3394  -1.3394
 -1.3394  -1.3394  -1.3394  -1.3394  -1.3394  -1.3395  -1.3396  -1.3399  -1.3406
 -1.3424  -1.3469  -1.3582  -1.3866  -1.4579  -1.6363  -2.0790  -3.1115  -4.3057
 -4.9266  -5.6742  -6.2205  -6.7519  -7.2935  -7.8514  -8.4382  -9.0724  -9.7829
-10.6148 -11.6401 -12.9720 -14.7901
  0.0000  -1.4790  -1.4790  -1.4790  -1.4790  -1.4790  -1.4790  -1.4790  -1.4790
 -1.4790  -1.4790  -1.4790  -1.4790  -1.4790  -1.4791  -1.4791  -1.4793  -1.4796
 -1.4805  -1.4828  -1.4886  -1.5031  -1.5396  -1.6310  -1.8601  -2.4292  -3.7329
 -4.8784  -5.6350  -6.2023  -6.7357  -7.2806  -7.8412  -8.4298  -9.0653  -9.7767
-10.6093 -11.6349 -12.9671 -14.7853
  0.0000  -1.6254  -1.6254  -1.6254  -1.6254  -1.6254  -1.6254  -1.6254  -1.6254
 -1.6254  -1.6254  -1.6254  -1.6254  -1.6254  -1.6255  -1.6255  -1.6256  -1.6257
 -1.6262  -1.6274  -1.6303  -1.6376  -1.6561  -1.7024  -1.8187  -2.1102  -2.8352
 -4.4409  -5.5773  -6.1880  -6.7215  -7.2693  -7.8326  -8.4240  -9.0613  -9.7738
-10.6074 -11.6335 -12.9661 -14.7846
  0.0000  -0.6556  -0.6556  -0.6556  -0.6556  -0.6556  -0.6556  -0.6557  -0.6557
 -0.6557  -0.6557  -0.6558  -0.6560  -0.6565  -0.6579  -0.6612  -0.6696  -0.6906
 -0.7425  -0.8676  -1.1476  -1.6561  -2.2671  -2.8382  -3.3869  -3.9518  -4.5920
 -5.2317  -5.7547  -6.2862  -6.8331  -7.4056  -8.0193  -8.6989  -9.4831 -10.4332
-11.6465 -13.2769 -15.5684 -18.9077
  0.0000  -0.7197  -0.7197  -0.7197  -0.7197  -0.7197  -0.7197  -0.7197  -0.7197
 -0.7197  -0.7198  -0.7198  -0.7200  -0.7203  -0.7213  -0.7236  -0.7294  -0.7441
 -0.7806  -0.8705  -1.0840  -1.5361  -2.2032  -2.8162  -3.3759  -3.9448  -4.5864
 -5.2274  -5.7521  -6.2845  -6.8320  -7.4050  -8.0189  -8.6987  -9.4830 -10.4332
-11.6466 -13.2770 -15.5685 -18.9077
  0.0000  -0.8052  -0.8052  -0.8052  -0.8052  -0.8052  -0.8052  -0.8052  -0.8052
 -0.8053  -0.8053  -0.8053  -0.8054  -0.8056  -0.8062  -0.8077  -0.8114  -0.8207
 -0.8439  -0.9018  -1.0439  -1.3781  -2.0354  -2.7691  -3.3572  -3.9336  -4.5773
 -5.2205  -5.7478  -6.2814  -6.8301  -7.4036  -8.0181  -8.6981  -9.4826 -10.4329
-11.6463 -13.2768 -15.5683 -18.9076
  0.0000  -0.9108  -0.9108  -0.9108  -0.9108  -0.9108  -0.9108  -0.9108  -0.9108
 -0.9108  -0.9108  -0.9108  -0.9109  -0.9110  -0.9114  -0.9122  -0.9144  -0.9198
 -0.9334  -0.9675  -1.0524  -1.2612  -1.7478  -2.6097  -3.3226  -3.9166  -4.5643
 -5.2105  -5.7415  -6.2773  -6.8272  -7.4020  -8.0171  -8.6976  -9.4824 -10.4329
-11.6464 -13.2770 -15.5685 -18.9079
  0.0000  -1.0315  -1.0315  -1.0315  -1.0315  -1.0315  -1.0315  -1.0315  -1.0315
 -1.0315  -1.0315  -1.0316  -1.0316  -1.0317  -1.0319  -1.0323  -1.0335  -1.0365
 -1.0440  -1.0629  -1.1103  -1.2284  -1.5191  -2.1919  -3.2115  -3.8875  -4.5447
 -5.1961  -5.7316  -6.2701  -6.8223  -7.3984  -8.0148  -8.6959  -9.4813 -10.4321
-11.6458 -13.2765 -15.5681 -18.9075
  0.0000  -1.1638  -1.1638  -1.1638  -1.1638  -1.1638  -1.1638  -1.1638  -1.1638
 -1.1638  -1.1638  -1.1638  -1.1638  -1.1638  -1.1639  -1.1642  -1.1648  -1.1664
 -1.1704  -1.1805  -1.2057  -1.2690  -1.4269  -1.8167  -2.7098  -3.8167  -4.5164
 -5.1789  -5.7199  -6.2605  -6.8155  -7.3939  -8.0117  -8.6941  -9.4801 -10.4315
-11.6456 -13.2764 -15.5682 -18.9076
  0.0000  -1.3028  -1.3028  -1.3028  -1.3028  -1.3028  -1.3028  -1.3028  -1.3028
 -1.3028  -1.3028  -1.3028  -1.3028  -1.3028  -1.3029  -1.3030  -1.3033  -1.3042
 -1.3062  -1.3115  -1.3246  -1.3574  -1.4399  -1.6461  -2.1560  -3.3076  -4.4595
 -5.1580  -5.7076  -6.2486  -6.8058  -7.3868  -8.0069  -8.6907  -9.4779 -10.4299
-11.6445 -13.2757 -15.5676 -18.9072
  0.0000  -0.5834  -0.5834  -0.5834  -0.5834  -0.5834  -0.5834  -0.5834  -0.5834
 -0.5834  -0.5835  -0.5836  -0.5839  -0.5848  -0.5868  -0.5920  -0.6048  -0.6367
 -0.7138  -0.8898  -1.2373  -1.7505  -2.3166  -2.8889  -3.4982  -4.2136  -4.7401
 -5.2702  -5.8126  -6.3759  -6.9741  -7.6286  -8.3726  -9.2588 -10.3707 -11.8403
-13.8768 -16.8121 -21.1716 -27.7885
  0.0000  -0.6049  -0.6049  -0.6049  -0.6049  -0.6049  -0.6049  -0.6049  -0.6049
 -0.6049  -0.6049  -0.6051  -0.6053  -0.6061  -0.6079  -0.6124  -0.6236  -0.6517
 -0.7200  -0.8793  -1.2088  -1.7260  -2.3044  -2.8808  -3.4926  -4.2082  -4.7368
 -5.2681  -5.8111  -6.3750  -6.9736  -7.6282  -8.3723  -9.2587 -10.3706 -11.8402
-13.8768 -16.8121 -21.1716 -27.7885
  0.0000  -0.6408  -0.6408  -0.6408  -0.6408  -0.6408  -0.6408  -0.6408  -0.6408
 -0.6409  -0.6409  -0.6410  -0.6412  -0.6418  -0.6432  -0.6468  -0.6559  -0.6784
 -0.7340  -0.8673  -1.1615  -1.6785  -2.2841  -2.8691  -3.4841  -4.1998  -4.7315
 -5.2645  -5.8085  -6.3733  -6.9726  -7.6276  -8.3719  -9.2584 -10.3704 -11.8401
-13.8767 -16.8120 -21.1716 -27.7885
  0.0000  -0.6981  -0.6981  -0.6981  -0.6981  -0.6981  -0.6981  -0.6981  -0.6981
 -0.6982  -0.6982  -0.6982  -0.6984  -0.6988  -0.6998  -0.7024  -0.7089  -0.7251
 -0.7655  -0.8646  -1.0977  -1.5764  -2.2388  -2.8505  -3.4719  -4.1878  -4.7240
 -5.2590  -5.8049  -6.3708  -6.9709  -7.6266  -8.3714  -9.2581 -10.3703 -11.8400
-13.8767 -16.8120 -21.1716 -27.7886
  0.0000  -0.7789  -0.7789  -0.7789  -0.7789  -0.7789  -0.7789  -0.7789  -0.7789
 -0.7789  -0.7789  -0.7790  -0.7791  -0.7794  -0.7800  -0.7817  -0.7859  -0.7963
 -0.8226  -0.8879  -1.0475  -1.4174  -2.1056  -2.8174  -3.4546  -4.1721  -4.7140
 -5.2508  -5.7991  -6.3669  -6.9683  -7.6249  -8.3703  -9.2575 -10.3699 -11.8399
-13.8767 -16.8120 -21.1717 -27.7886
  0.0000  -0.8806  -0.8806  -0.8806  -0.8806  -0.8806  -0.8806  -0.8806  -0.8806
 -0.8806  -0.8806  -0.8806  -0.8807  -0.8808  -0.8812  -0.8822  -0.8847  -0.8909
 -0.9064  -0.9454  -1.0424  -1.2797  -1.8226  -2.7025  -3.4255  -4.1518  -4.7026
 -5.2395  -5.7901  -6.3603  -6.9635  -7.6215  -8.3678  -9.2557 -10.3686 -11.8388
-13.8758 -16.8112 -21.1709 -27.7880
  0.0000  -1.0004  -1.0004  -1.0004  -1.0004  -1.0004  -1.0004  -1.0004  -1.0004
 -1.0004  -1.0004  -1.0004  -1.0005  -1.0006  -1.0008  -1.0013  -1.0027  -1.0061
 -1.0148  -1.0365  -1.0910  -1.2266  -1.5591  -2.3108  -3.3423  -4.1229  -4.6952
 -5.2291  -5.7805  -6.3526  -6.9582  -7.6180  -8.3657  -9.2545 -10.3680 -11.8387
-13.8759 -16.8116 -21.1714 -27.7884
  0.0000  -0.5632  -0.5632  -0.5632  -0.5632  -0.5632  -0.5632  -0.5632  -0.5632
 -0.5632  -0.5633  -0.5634  -0.5638  -0.5646  -0.5668  -0.5724  -0.5861  -0.6200
 -0.7025  -0.8913  -1.2549  -1.7776  -2.3791  -3.1673  -3.7112  -4.2475  -4.7889
 -5.3464  -5.9323  -6.5657  -7.2755  -8.1071  -9.1322 -10.4639 -12.2819 -14.8706
-18.6810 -24.4275 -33.2426 -36.9959
  0.0000  -0.5690  -0.5690  -0.5690  -0.5690  -0.5690  -0.5690  -0.5690  -0.5690
 -0.5690  -0.5691  -0.5692  -0.5695  -0.5704  -0.5726  -0.5780  -0.5915  -0.6248
 -0.7052  -0.8883  -1.2453  -1.7681  -2.3724  -3.1613  -3.7078  -4.2452  -4.7875
 -5.3453  -5.9316  -6.5653  -7.2753  -8.1070  -9.1320 -10.4638 -12.2818 -14.8706
-18.6810 -24.4275 -33.2426 -36.9959
  0.0000  -0.5751  -0.5751  -0.5751  -0.5751  -0.5751  -0.5751  -0.5751  -0.5751
 -0.5751  -0.5752  -0.5753  -0.5756  -0.5765  -0.5786  -0.5838  -0.5969  -0.6293
 -0.7075  -0.8855  -1.2366  -1.7598  -2.3657  -3.1522  -3.7022  -4.2409  -4.7847
 -5.3433  -5.9304  -6.5646  -7.2748  -8.1067  -9.1319 -10.4638 -12.2818 -14.8706
-18.6810 -24.4276 -33.2427 -36.9960
  0.0000  -0.5888  -0.5888  -0.5888  -0.5888  -0.5888  -0.5888  -0.5888  -0.5888
 -0.5888  -0.5889  -0.5890  -0.5893  -0.5900  -0.5920  -0.5967  -0.6087  -0.6383
 -0.7105  -0.8776  -1.2190  -1.7467  -2.3581  -3.1401  -3.6944  -4.2342  -4.7799
 -5.3401  -5.9281  -6.5631  -7.2739  -8.1062  -9.1316 -10.4636 -12.2817 -14.8705
-18.6810 -24.4275 -33.2427 -36.9960
  0.0000  -0.6182  -0.6182  -0.6182  -0.6182  -0.6182  -0.6182  -0.6182  -0.6182
 -0.6182  -0.6183  -0.6184  -0.6186  -0.6192  -0.6208  -0.6248  -0.6346  -0.6593
 -0.7199  -0.8644  -1.1790  -1.7138  -2.3462  -3.1249  -3.6858  -4.2254  -4.7728
 -5.3352  -5.9248  -6.5608  -7.2725  -8.1053  -9.1311 -10.4633 -12.2816 -14.8705
-18.6810 -24.4276 -33.2427 -36.9961
  0.0000  -0.6702  -0.6702  -0.6702  -0.6702  -0.6702  -0.6702  -0.6702  -0.6702
 -0.6703  -0.6703  -0.6704  -0.6705  -0.6710  -0.6721  -0.6750  -0.6823  -0.7004
 -0.7456  -0.8559  -1.1131  -1.6259  -2.3155  -3.1036  -3.6793  -4.2154  -4.7637
 -5.3278  -5.9195  -6.5572  -7.2700  -8.1038  -9.1301 -10.4626 -12.2812 -14.8702
-18.6808 -24.4275 -33.2427 -36.9961
  0.0000  -0.7481  -0.7481  -0.7481  -0.7481  -0.7481  -0.7481  -0.7481  -0.7481
 -0.7481  -0.7482  -0.7482  -0.7483  -0.7486  -0.7494  -0.7513  -0.7560  -0.7679
 -0.7976  -0.8715  -1.0515  -1.4632  -2.2036  -3.0591  -3.6785  -4.2076  -4.7543
 -5.3190  -5.9128  -6.5526  -7.2669  -8.1017  -9.1289 -10.4620 -12.2809 -14.8702
-18.6809 -24.4276 -33.2429 -36.9964
 -1.0000  -0.5503  -0.5503  -0.5503  -0.5503  -0.5503  -0.5503  -0.5503  -0.5503
 -0.5503  -0.5504  -0.5505  -0.5509  -0.5518  -0.5540  -0.5595  -0.5730  -0.6061
 -0.6874  -0.8782  -1.2618  -1.8706  -2.6005  -3.2010  -3.7547  -4.3130  -4.8915
 -5.5088  -6.1904  -6.9757  -7.9265  -9.1402 -10.7708 -13.0624 -16.4018 -21.4017
-29.0335 -36.9933 -36.9933 -36.9933
  0.0000  -0.5517  -0.5517  -0.5517  -0.5517  -0.5517  -0.5517  -0.5517  -0.5517
 -0.5517  -0.5518  -0.5519  -0.5523  -0.5531  -0.5553  -0.5607  -0.5741  -0.6070
 -0.6877  -0.8773  -1.2599  -1.8688  -2.5996  -3.2008  -3.7546  -4.3129  -4.8915
 -5.5088  -6.1904  -6.9757  -7.9265  -9.1402 -10.7708 -13.0624 -16.4018 -21.4017
-29.0335 -36.9933 -36.9933 -36.9933
  1.0000  -0.5545  -0.5545  -0.5545  -0.5545  -0.5545  -0.5545  -0.5545  -0.5545
 -0.5545  -0.5545  -0.5547  -0.5550  -0.5559  -0.5580  -0.5633  -0.5764  -0.6088
 -0.6885  -0.8758  -1.2561  -1.8652  -2.5979  -3.2004  -3.7546  -4.3130  -4.8915
 -5.5089  -6.1905  -6.9758  -7.9266  -9.1403 -10.7709 -13.0625 -16.4019 -21.4018
-29.0336 -36.9934 -36.9934 -36.9934
  2.0000  -0.5596  -0.5596  -0.5596  -0.5596  -0.5596  -0.5596  -0.5596  -0.5596
 -0.5596  -0.5597  -0.5598  -0.5601  -0.5609  -0.5630  -0.5681  -0.5808  -0.6124
 -0.6899  -0.8726  -1.2484  -1.8579  -2.5943  -3.1996  -3.7542  -4.3128  -4.8915
 -5.5088  -6.1905  -6.9758  -7.9266  -9.1403 -10.7709 -13.0625 -16.4019 -21.4018
-29.0336 -36.9934 -36.9934 -36.9934
  3.0000  -0.5692  -0.5692  -0.5692  -0.5692  -0.5692  -0.5692  -0.5692  -0.5692
 -0.5693  -0.5693  -0.5694  -0.5697  -0.5705  -0.5724  -0.5772  -0.5892  -0.6192
 -0.6928  -0.8670  -1.2334  -1.8429  -2.5869  -3.1977  -3.7535  -4.3125  -4.8913
 -5.5087  -6.1903  -6.9757  -7.9265  -9.1402 -10.7708 -13.0624 -16.4018 -21.4017
-29.0335 -36.9933 -36.9933 -36.9933
  4.0000  -0.5873  -0.5873  -0.5873  -0.5873  -0.5873  -0.5873  -0.5873  -0.5873
 -0.5873  -0.5874  -0.5875  -0.5877  -0.5884  -0.5902  -0.5945  -0.6054  -0.6324
 -0.6993  -0.8589  -1.2061  -1.8131  -2.5719  -3.1942  -3.7522  -4.3120  -4.8911
 -5.5087  -6.1904  -6.9757  -7.9266  -9.1403 -10.7709 -13.0625 -16.4019 -21.4018
-29.0336 -36.9934 -36.9934 -36.9934
  5.0000  -0.6184  -0.6184  -0.6184  -0.6184  -0.6184  -0.6184  -0.6184  -0.6184
 -0.6184  -0.6185  -0.6186  -0.6188  -0.6194  -0.6208  -0.6245  -0.6336  -0.6564
 -0.7129  -0.8498  -1.1608  -1.7527  -2.5396  -3.1867  -3.7494  -4.3108  -4.8906
 -5.5084  -6.1902  -6.9756  -7.9264  -9.1402 -10.7708 -13.0624 -16.4018 -21.4017
-29.0335 -36.9933 -36.9933 -36.9933
  0.0000  -0.4830  -0.4830  -0.4830  -0.4830  -0.4830  -0.4830  -0.4830  -0.4831
 -0.4831  -0.4832  -0.4834  -0.4840  -0.4853  -0.4884  -0.4955  -0.5127  -0.5548
 -0.6592  -0.9083  -1.4161  -2.0769  -2.6862  -3.2605  -3.8418  -4.4503  -5.1106
 -5.8582  -6.7466  -7.8597  -9.3300 -11.3670 -14.3026 -18.6623 -25.2793 -35.4741
-36.9892 -36.9892 -36.9892 -36.9892
  0.0000  -0.5046  -0.5046  -0.5046  -0.5046  -0.5046  -0.5046  -0.5046  -0.5046
 -0.5047  -0.5047  -0.5049  -0.5054  -0.5065  -0.5091  -0.5152  -0.5299  -0.5661
 -0.6578  -0.8860  -1.3825  -2.0689  -2.6886  -3.2646  -3.8454  -4.4529  -5.1126
 -5.8595  -6.7474  -7.8603  -9.3304 -11.3673 -14.3028 -18.6625 -25.2795 -35.4743
-36.9893 -36.9893 -36.9893 -36.9893
  0.0000  -0.5062  -0.5062  -0.5062  -0.5062  -0.5062  -0.5062  -0.5063  -0.5063
 -0.5063  -0.5064  -0.5065  -0.5070  -0.5081  -0.5108  -0.5171  -0.5319  -0.5684
 -0.6592  -0.8837  -1.3765  -2.0646  -2.6866  -3.2634  -3.8447  -4.4526  -5.1124
 -5.8595  -6.7475  -7.8604  -9.3306 -11.3675 -14.3030 -18.6626 -25.2797 -35.4745
-36.9895 -36.9895 -36.9895 -36.9895
  0.0000  -0.5002  -0.5002  -0.5002  -0.5002  -0.5002  -0.5002  -0.5002  -0.5002
 -0.5003  -0.5003  -0.5005  -0.5010  -0.5020  -0.5047  -0.5113  -0.5272  -0.5659
 -0.6604  -0.8895  -1.3844  -2.0625  -2.6822  -3.2594  -3.8417  -4.4506  -5.1110
 -5.8587  -6.7470  -7.8601  -9.3304 -11.3674 -14.3030 -18.6627 -25.2798 -35.4745
-36.9896 -36.9896 -36.9896 -36.9896
  0.0000  -0.4900  -0.4900  -0.4900  -0.4900  -0.4900  -0.4900  -0.4900  -0.4900
 -0.4901  -0.4901  -0.4903  -0.4908  -0.4919  -0.4947  -0.5017  -0.5187  -0.5604
 -0.6608  -0.9001  -1.4039  -2.0648  -2.6773  -3.2537  -3.8371  -4.4473  -5.1089
 -5.8573  -6.7463  -7.8598  -9.3304 -11.3676 -14.3032 -18.6630 -25.2801 -35.4749
-36.9900 -36.9900 -36.9900 -36.9900
  0.0000  -0.4799  -0.4799  -0.4799  -0.4799  -0.4799  -0.4799  -0.4799  -0.4799
 -0.4799  -0.4800  -0.4802  -0.4806  -0.4818  -0.4847  -0.4919  -0.5099  -0.5539
 -0.6596  -0.9106  -1.4295  -2.0739  -2.6745  -3.2471  -3.8305  -4.4422  -5.1055
 -5.8549  -6.7449  -7.8591  -9.3301 -11.3675 -14.3033 -18.6632 -25.2804 -35.4752
-36.9904 -36.9904 -36.9904 -36.9904
  1.0000  -0.4918  -0.4918  -0.4918  -0.4918  -0.4918  -0.4918  -0.4918  -0.4918
 -0.4919  -0.4919  -0.4921  -0.4925  -0.4936  -0.4962  -0.5029  -0.5196  -0.5608
 -0.6609  -0.9000  -1.4039  -2.0615  -2.6705  -3.2456  -3.8299  -4.4420  -5.1054
 -5.8550  -6.7449  -7.8591  -9.3302 -11.3676 -14.3034 -18.6633 -25.2804 -35.4753
-36.9905 -36.9905 -36.9905 -36.9905
 -1.0000  -0.4375  -0.4375  -0.4375  -0.4375  -0.4375  -0.4375  -0.4375  -0.4376
 -0.4377  -0.4379  -0.4383  -0.4392  -0.4409  -0.4446  -0.4525  -0.4710  -0.5161
 -0.6382  -0.9716  -1.5520  -2.1647  -2.7642  -3.3749  -4.0227  -4.7408  -5.5773
 -6.6052  -7.9386  -9.7575 -12.3469 -16.1576 -21.9043 -30.7195 -36.9731 -36.9731
-36.9731 -36.9731 -36.9731 -36.9731
  0.0000  -0.4375  -0.4375  -0.4375  -0.4375  -0.4375  -0.4375  -0.4375  -0.4376
 -0.4376  -0.4378  -0.4382  -0.4390  -0.4408  -0.4444  -0.4523  -0.4708  -0.5160
 -0.6381  -0.9713  -1.5516  -2.1645  -2.7639  -3.3747  -4.0225  -4.7406  -5.5771
 -6.6050  -7.9384  -9.7573 -12.3467 -16.1574 -21.9041 -30.7193 -36.9729 -36.9729
-36.9729 -36.9729 -36.9729 -36.9729
  0.0000  -0.4568  -0.4568  -0.4568  -0.4568  -0.4568  -0.4568  -0.4568  -0.4568
 -0.4569  -0.4570  -0.4573  -0.4580  -0.4595  -0.4625  -0.4690  -0.4838  -0.5210
 -0.6281  -0.9486  -1.5421  -2.1646  -2.7665  -3.3772  -4.0243  -4.7416  -5.5778
 -6.6052  -7.9384  -9.7572 -12.3464 -16.1571 -21.9037 -30.7189 -36.9725 -36.9725
-36.9725 -36.9725 -36.9725 -36.9725
  0.0000  -0.4495  -0.4495  -0.4495  -0.4495  -0.4495  -0.4495  -0.4495  -0.4495
 -0.4496  -0.4497  -0.4499  -0.4506  -0.4521  -0.4555  -0.4628  -0.4797  -0.5205
 -0.6329  -0.9552  -1.5436  -2.1634  -2.7649  -3.3759  -4.0234  -4.7411  -5.5774
 -6.6051  -7.9383  -9.7572 -12.3465 -16.1571 -21.9038 -30.7190 -36.9726 -36.9726
-36.9726 -36.9726 -36.9726 -36.9726
  0.0000  -0.4282  -0.4282  -0.4282  -0.4282  -0.4282  -0.4282  -0.4283  -0.4283
 -0.4283  -0.4284  -0.4287  -0.4294  -0.4311  -0.4351  -0.4444  -0.4659  -0.5166
 -0.6453  -0.9784  -1.5519  -2.1618  -2.7609  -3.3722  -4.0207  -4.7394  -5.5762
 -6.6044  -7.9380  -9.7570 -12.3464 -16.1572 -21.9039 -30.7192 -36.9728 -36.9728
-36.9728 -36.9728 -36.9728 -36.9728
  0.0000  -0.4013  -0.4013  -0.4013  -0.4013  -0.4013  -0.4013  -0.4013  -0.4014
 -0.4014  -0.4015  -0.4018  -0.4026  -0.4045  -0.4092  -0.4205  -0.4475  -0.5106
 -0.6624  -1.0118  -1.5686  -2.1628  -2.7566  -3.3672  -4.0167  -4.7367  -5.5746
 -6.6035  -7.9377  -9.7571 -12.3467 -16.1576 -21.9045 -30.7198 -36.9735 -36.9735
-36.9735 -36.9735 -36.9735 -36.9735
  0.0000  -0.3762  -0.3762  -0.3762  -0.3762  -0.3762  -0.3762  -0.3762  -0.3762
 -0.3763  -0.3764  -0.3768  -0.3776  -0.3797  -0.3849  -0.3978  -0.4290  -0.5033
 -0.6786  -1.0500  -1.5917  -2.1683  -2.7533  -3.3615  -4.0115  -4.7329  -5.5721
 -6.6018  -7.9369  -9.7569 -12.3468 -16.1579 -21.9048 -30.7202 -36.9741 -36.9741
-36.9741 -36.9741 -36.9741 -36.9741
 -1.0000  -0.3317  -0.3317  -0.3317  -0.3317  -0.3317  -0.3317  -0.3318  -0.3319
 -0.3321  -0.3326  -0.3335  -0.3350  -0.3378  -0.3433  -0.3551  -0.3848  -0.4707
 -0.7005  -1.1306  -1.6861  -2.2801  -2.9163  -3.6150  -4.4139  -5.3746  -6.5950
 -8.2300 -10.5244 -13.8656 -18.8666 -26.4992 -36.9600 -36.9600 -36.9600 -36.9600
-36.9600 -36.9600 -36.9600 -36.9600
  0.0000  -0.3318  -0.3319  -0.3319  -0.3319  -0.3319  -0.3319  -0.3319  -0.3320
 -0.3322  -0.3327  -0.3335  -0.3350  -0.3378  -0.3433  -0.3551  -0.3849  -0.4707
 -0.7004  -1.1306  -1.6860  -2.2801  -2.9163  -3.6150  -4.4139  -5.3746  -6.5950
 -8.2300 -10.5244 -13.8656 -18.8666 -26.4992 -36.9600 -36.9600 -36.9600 -36.9600
-36.9600 -36.9600 -36.9600 -36.9600
  0.0000  -0.4577  -0.4577  -0.4577  -0.4577  -0.4577  -0.4577  -0.4577  -0.4578
 -0.4579  -0.4580  -0.4583  -0.4586  -0.4582  -0.4560  -0.4499  -0.4414  -0.4594
 -0.6079  -1.0316  -1.6396  -2.2694  -2.9213  -3.6239  -4.4214  -5.3792  -6.5971
 -8.2301 -10.5230 -13.8632 -18.8636 -26.4958 -36.9559 -36.9559 -36.9559 -36.9559
-36.9559 -36.9559 -36.9559 -36.9559
  0.0000  -0.4789  -0.4789  -0.4789  -0.4789  -0.4789  -0.4789  -0.4789  -0.4789
 -0.4790  -0.4790  -0.4791  -0.4791  -0.4781  -0.4746  -0.4653  -0.4503  -0.4576
 -0.5947  -1.0202  -1.6370  -2.2704  -2.9228  -3.6251  -4.4222  -5.3797  -6.5972
 -8.2300 -10.5229 -13.8629 -18.8633 -26.4954 -36.9555 -36.9555 -36.9555 -36.9555
-36.9555 -36.9555 -36.9555 -36.9555
  0.0000  -0.4582  -0.4582  -0.4582  -0.4582  -0.4582  -0.4582  -0.4582  -0.4582
 -0.4582  -0.4582  -0.4583  -0.4584  -0.4580  -0.4559  -0.4500  -0.4419  -0.4600
 -0.6080  -1.0309  -1.6394  -2.2695  -2.9215  -3.6240  -4.4217  -5.3795  -6.5974
 -8.2303 -10.5233 -13.8635 -18.8639 -26.4961 -36.9562 -36.9562 -36.9562 -36.9562
-36.9562 -36.9562 -36.9562 -36.9562
  0.0000  -0.4182  -0.4182  -0.4182  -0.4182  -0.4182  -0.4182  -0.4182  -0.4182
 -0.4183  -0.4183  -0.4185  -0.4188  -0.4194  -0.4200  -0.4206  -0.4256  -0.4650
 -0.6346  -1.0536  -1.6454  -2.2682  -2.9185  -3.6216  -4.4201  -5.3788  -6.5972
 -8.2307 -10.5239 -13.8643 -18.8648 -26.4971 -36.9573 -36.9573 -36.9573 -36.9573
-36.9573 -36.9573 -36.9573 -36.9573
  0.0000  -0.3745  -0.3745  -0.3745  -0.3745  -0.3745  -0.3745  -0.3746  -0.3746
 -0.3746  -0.3747  -0.3750  -0.3757  -0.3772  -0.3806  -0.3881  -0.4076  -0.4713
 -0.6665  -1.0834  -1.6562  -2.2683  -2.9152  -3.6183  -4.4179  -5.3776  -6.5967
 -8.2309 -10.5246 -13.8652 -18.8659 -26.4982 -36.9587 -36.9587 -36.9587 -36.9587
-36.9587 -36.9587 -36.9587 -36.9587
 -2.0000  -0.3629  -0.3629  -0.3629  -0.3629  -0.3629  -0.3630  -0.3632  -0.3635
 -0.3640  -0.3647  -0.3656  -0.3665  -0.3668  -0.3651  -0.3617  -0.3678  -0.4300
 -0.6755  -1.1469  -1.7624  -2.4533  -3.2279  -4.1360  -5.2621  -6.7407  -8.7828
-11.7215 -16.0832 -22.7013 -32.8968 -36.9131 -36.9131 -36.9131 -36.9131 -36.9131
-36.9131 -36.9131 -36.9131 -36.9131
 -1.0000  -0.3630  -0.3630  -0.3630  -0.3630  -0.3630  -0.3631  -0.3632  -0.3635
 -0.3640  -0.3647  -0.3656  -0.3665  -0.3668  -0.3651  -0.3617  -0.3678  -0.4300
 -0.6755  -1.1469  -1.7624  -2.4533  -3.2279  -4.1360  -5.2621  -6.7407  -8.7828
-11.7215 -16.0832 -22.7013 -32.8968 -36.9131 -36.9131 -36.9131 -36.9131 -36.9131
-36.9131 -36.9131 -36.9131 -36.9131
  0.0000  -0.3632  -0.3632  -0.3632  -0.3632  -0.3632  -0.3633  -0.3634  -0.3636
 -0.3640  -0.3647  -0.3656  -0.3665  -0.3668  -0.3651  -0.3617  -0.3678  -0.4300
 -0.6755  -1.1468  -1.7624  -2.4533  -3.2279  -4.1360  -5.2621  -6.7407  -8.7828
-11.7215 -16.0832 -22.7013 -32.8968 -36.9131 -36.9131 -36.9131 -36.9131 -36.9131
-36.9131 -36.9131 -36.9131 -36.9131
  0.0000  -0.4731  -0.4731  -0.4731  -0.4731  -0.4731  -0.4732  -0.4732  -0.4733
 -0.4735  -0.4739  -0.4743  -0.4738  -0.4708  -0.4611  -0.4405  -0.4116  -0.4104
 -0.5952  -1.0841  -1.7391  -2.4498  -3.2302  -4.1379  -5.2619  -6.7386  -8.7791
-11.7166 -16.0774 -22.6951 -32.8902 -36.9060 -36.9060 -36.9060 -36.9060 -36.9060
-36.9060 -36.9060 -36.9060 -36.9060
 -2.0000  -0.4191  -0.4191  -0.4191  -0.4191  -0.4191  -0.4192  -0.4192  -0.4193
 -0.4195  -0.4198  -0.4203  -0.4205  -0.4192  -0.4137  -0.4018  -0.3907  -0.4206
 -0.6328  -1.1092  -1.7460  -2.4496  -3.2290  -4.1375  -5.2627  -6.7399  -8.7813
-11.7192 -16.0803 -22.6982 -32.8934 -36.9094 -36.9094 -36.9094 -36.9094 -36.9094
-36.9094 -36.9094 -36.9094 -36.9094
 -1.0000  -0.4194  -0.4194  -0.4194  -0.4194  -0.4194  -0.4194  -0.4194  -0.4194
 -0.4195  -0.4197  -0.4201  -0.4202  -0.4189  -0.4135  -0.4017  -0.3907  -0.4208
 -0.6326  -1.1089  -1.7458  -2.4495  -3.2288  -4.1374  -5.2626  -6.7398  -8.7812
-11.7191 -16.0802 -22.6981 -32.8933 -36.9093 -36.9093 -36.9093 -36.9093 -36.9093
-36.9093 -36.9093 -36.9093 -36.9093
  0.0000  -0.4196  -0.4196  -0.4196  -0.4196  -0.4196  -0.4196  -0.4196  -0.4197
 -0.4197  -0.4198  -0.4199  -0.4198  -0.4185  -0.4132  -0.4019  -0.3909  -0.4213
 -0.6324  -1.1083  -1.7455  -2.4493  -3.2288  -4.1373  -5.2625  -6.7398  -8.7812
-11.7191 -16.0802 -22.6980 -32.8933 -36.9093 -36.9093 -36.9093 -36.9093 -36.9093
-36.9093 -36.9093 -36.9093 -36.9093
-12.0000  -0.4179  -0.4179  -0.4179  -0.4179  -0.4180  -0.4181  -0.4183  -0.4187
 -0.4192  -0.4198  -0.4204  -0.4206  -0.4192  -0.4136  -0.4015  -0.3904  -0.4202
 -0.6327  -1.1093  -1.7460  -2.4495  -3.2288  -4.1373  -5.2625  -6.7397  -8.7811
-11.7190 -16.0801 -22.6980 -32.8932 -36.9092 -36.9092 -36.9092 -36.9092 -36.9092
-36.9092 -36.9092 -36.9092 -36.9092
-11.0000  -0.4180  -0.4180  -0.4180  -0.4180  -0.4180  -0.4181  -0.4183  -0.4187
 -0.4192  -0.4198  -0.4204  -0.4206  -0.4192  -0.4136  -0.4015  -0.3904  -0.4202
 -0.6327  -1.1093  -1.7460  -2.4495  -3.2288  -4.1373  -5.2625  -6.7397  -8.7811
-11.7190 -16.0801 -22.6980 -32.8932 -36.9092 -36.9092 -36.9092 -36.9092 -36.9092
-36.9092 -36.9092 -36.9092 -36.9092
-10.0000  -0.4180  -0.4181  -0.4181  -0.4181  -0.4181  -0.4182  -0.4183  -0.4187
 -0.4192  -0.4198  -0.4204  -0.4206  -0.4192  -0.4136  -0.4015  -0.3904  -0.4202
 -0.6327  -1.1093  -1.7460  -2.4495  -3.2288  -4.1373  -5.2625  -6.7397  -8.7811
-11.7190 -16.0801 -22.6980 -32.8932 -36.9092 -36.9092 -36.9092 -36.9092 -36.9092
-36.9092 -36.9092 -36.9092 -36.9092
-10.0000  -0.4182  -0.4182  -0.4182  -0.4182  -0.4182  -0.4183  -0.4184  -0.4187
 -0.4192  -0.4198  -0.4204  -0.4206  -0.4192  -0.4136  -0.4015  -0.3904  -0.4202
 -0.6327  -1.1093  -1.7460  -2.4495  -3.2288  -4.1373  -5.2625  -6.7397  -8.7811
-11.7190 -16.0801 -22.6980 -32.8932 -36.9092 -36.9092 -36.9092 -36.9092 -36.9092
-36.9092 -36.9092 -36.9092 -36.9092
-12.0000  -0.4184  -0.4184  -0.4184  -0.4184  -0.4184  -0.4184  -0.4185  -0.4187
 -0.4191  -0.4197  -0.4203  -0.4205  -0.4192  -0.4136  -0.4015  -0.3904  -0.4203
 -0.6327  -1.1092  -1.7460  -2.4495  -3.2288  -4.1373  -5.2625  -6.7397  -8.7811
-11.7190 -16.0801 -22.6980 -32.8932 -36.9092 -36.9092 -36.9092 -36.9092 -36.9092
-36.9092 -36.9092 -36.9092 -36.9092
-11.0000  -0.4187  -0.4187  -0.4187  -0.4187  -0.4187  -0.4187  -0.4188  -0.4189
 -0.4192  -0.4198  -0.4204  -0.4206  -0.4192  -0.4136  -0.4016  -0.3905  -0.4204
 -0.6328  -1.1093  -1.7460  -2.4496  -3.2289  -4.1374  -5.2626  -6.7398  -8.7812
-11.7191 -16.0802 -22.6981 -32.8933 -36.9093 -36.9093 -36.9093 -36.9093 -36.9093
-36.9093 -36.9093 -36.9093 -36.9093
-10.0000  -0.4190  -0.4190  -0.4190  -0.4190  -0.4190  -0.4190  -0.4190  -0.4191
 -0.4193  -0.4197  -0.4203  -0.4205  -0.4191  -0.4136  -0.4017  -0.3906  -0.4205
 -0.6327  -1.1092  -1.7460  -2.4495  -3.2289  -4.1374  -5.2626  -6.7398  -8.7812
-11.7191 -16.0802 -22.6981 -32.8933 -36.9093 -36.9093 -36.9093 -36.9093 -36.9093
-36.9093 -36.9093 -36.9093 -36.9093
-22.0000  -0.4177  -0.4177  -0.4177  -0.4178  -0.4179  -0.4180  -0.4182  -0.4186
 -0.4191  -0.4197  -0.4203  -0.4205  -0.4191  -0.4135  -0.4014  -0.3903  -0.4201
 -0.6326  -1.1092  -1.7459  -2.4494  -3.2287  -4.1372  -5.2624  -6.7396  -8.7810
-11.7189 -16.0800 -22.6979 -32.8931 -36.9091 -36.9091 -36.9091 -36.9091 -36.9091
-36.9091 -36.9091 -36.9091 -36.9091
-21.0000  -0.4177  -0.4178  -0.4178  -0.4178  -0.4179  -0.4180  -0.4182  -0.4186
 -0.4191  -0.4197  -0.4203  -0.4205  -0.4191  -0.4135  -0.4014  -0.3903  -0.4201
 -0.6326  -1.1092  -1.7459  -2.4494  -3.2287  -4.1372  -5.2624  -6.7396  -8.7810
-11.7189 -16.0800 -22.6979 -32.8931 -36.9091 -36.9091 -36.9091 -36.9091 -36.9091
-36.9091 -36.9091 -36.9091 -36.9091
-20.0000  -0.4178  -0.4178  -0.4178  -0.4178  -0.4179  -0.4180  -0.4182  -0.4186
 -0.4191  -0.4197  -0.4203  -0.4205  -0.4191  -0.4135  -0.4014  -0.3903  -0.4201
 -0.6326  -1.1092  -1.7459  -2.4494  -3.2287  -4.1372  -5.2624  -6.7396  -8.7810
-11.7189 -16.0800 -22.6979 -32.8931 -36.9091 -36.9091 -36.9091 -36.9091 -36.9091
-36.9091 -36.9091 -36.9091 -36.9091
-20.0000  -0.4178  -0.4179  -0.4179  -0.4179  -0.4179  -0.4180  -0.4182  -0.4186
 -0.4191  -0.4197  -0.4203  -0.4205  -0.4191  -0.4135  -0.4014  -0.3903  -0.4201
 -0.6326  -1.1092  -1.7459  -2.4494  -3.2287  -4.1372  -5.2624  -6.7396  -8.7810
-11.7189 -16.0800 -22.6979 -32.8931 -36.9091 -36.9091 -36.9091 -36.9091 -36.9091
-36.9091 -36.9091 -36.9091 -36.9091
-22.0000  -0.4180  -0.4180  -0.4180  -0.4180  -0.4181  -0.4182  -0.4183  -0.4187
 -0.4192  -0.4198  -0.4204  -0.4206  -0.4192  -0.4136  -0.4015  -0.3904  -0.4202
 -0.6327  -1.1093  -1.7460  -2.4495  -3.2288  -4.1373  -5.2625  -6.7397  -8.7811
-11.7190 -16.0801 -22.6980 -32.8932 -36.9092 -36.9092 -36.9092 -36.9092 -36.9092
-36.9092 -36.9092 -36.9092 -36.9092
-21.0000  -0.4181  -0.4181  -0.4182  -0.4182  -0.4182  -0.4182  -0.4184  -0.4187
 -0.4192  -0.4198  -0.4204  -0.4206  -0.4192  -0.4136  -0.4015  -0.3904  -0.4202
 -0.6327  -1.1093  -1.7460  -2.4495  -3.2288  -4.1373  -5.2625  -6.7397  -8.7811
-11.7190 -16.0801 -22.6980 -32.8932 -36.9092 -36.9092 -36.9092 -36.9092 -36.9092
-36.9092 -36.9092 -36.9092 -36.9092
-20.0000  -0.4184  -0.4184  -0.4184  -0.4184  -0.4184  -0.4185  -0.4186  -0.4188
 -0.4192  -0.4198  -0.4205  -0.4207  -0.4193  -0.4137  -0.4016  -0.3905  -0.4203
 -0.6328  -1.1093  -1.7461  -2.4496  -3.2289  -4.1374  -5.2626  -6.7398  -8.7812
-11.7191 -16.0802 -22.6981 -32.8933 -36.9093 -36.9093 -36.9093 -36.9093 -36.9093
-36.9093 -36.9093 -36.9093 -36.9093
-32.0000  -0.4176  -0.4176  -0.4176  -0.4177  -0.4178  -0.4179  -0.4181  -0.4185
 -0.4190  -0.4196  -0.4202  -0.4204  -0.4190  -0.4134  -0.4013  -0.3902  -0.4200
 -0.6325  -1.1091  -1.7458  -2.4493  -3.2286  -4.1371  -5.2623  -6.7395  -8.7809
-11.7188 -16.0799 -22.6978 -32.8930 -36.9090 -36.9090 -36.9090 -36.9090 -36.9090
-36.9090 -36.9090 -36.9090 -36.9090
-31.0000  -0.4176  -0.4176  -0.4176  -0.4177  -0.4178  -0.4179  -0.4181  -0.4185
 -0.4190  -0.4196  -0.4202  -0.4204  -0.4190  -0.4134  -0.4013  -0.3902  -0.4200
 -0.6325  -1.1091  -1.7458  -2.4493  -3.2286  -4.1371  -5.2623  -6.7395  -8.7809
-11.7188 -16.0799 -22.6978 -32.8930 -36.9090 -36.9090 -36.9090 -36.9090 -36.9090
-36.9090 -36.9090 -36.9090 -36.9090
-30.0000  -0.4176  -0.4176  -0.4176  -0.4177  -0.4178  -0.4179  -0.4181  -0.4185
 -0.4190  -0.4196  -0.4202  -0.4204  -0.4190  -0.4134  -0.4013  -0.3902  -0.4200
 -0.6325  -1.1091  -1.7458  -2.4493  -3.2286  -4.1371  -5.2623  -6.7395  -8.7809
-11.7188 -16.0799 -22.6978 -32.8930 -36.9090 -36.9090 -36.9090 -36.9090 -36.9090
-36.9090 -36.9090 -36.9090 -36.9090
-30.0000  -0.4176  -0.4176  -0.4177  -0.4177  -0.4178  -0.4179  -0.4181  -0.4185
 -0.4190  -0.4196  -0.4202  -0.4204  -0.4190  -0.4134  -0.4013  -0.3902  -0.4200
 -0.6325  -1.1091  -1.7458  -2.4493  -3.2286  -4.1371  -5.2623  -6.7395  -8.7809
-11.7188 -16.0799 -22.6978 -32.8930 -36.9090 -36.9090 -36.9090 -36.9090 -36.9090
-36.9090 -36.9090 -36.9090 -36.9090
-32.0000  -0.4177  -0.4177  -0.4177  -0.4177  -0.4178  -0.4179  -0.4181  -0.4185
 -0.4190  -0.4196  -0.4202  -0.4204  -0.4190  -0.4134  -0.4013  -0.3902  -0.4200
 -0.6325  -1.1091  -1.7458  -2.4493  -3.2286  -4.1371  -5.2623  -6.7395  -8.7809
-11.7188 -16.0799 -22.6978 -32.8930 -36.9090 -36.9090 -36.9090 -36.9090 -36.9090
-36.9090 -36.9090 -36.9090 -36.9090
-31.0000  -0.4180  -0.4180  -0.4180  -0.4181  -0.4181  -0.4182  -0.4184  -0.4188
 -0.4193  -0.4199  -0.4205  -0.4207  -0.4193  -0.4137  -0.4016  -0.3905  -0.4203
 -0.6328  -1.1094  -1.7461  -2.4496  -3.2289  -4.1374  -5.2626  -6.7398  -8.7812
-11.7191 -16.0802 -22.6981 -32.8933 -36.9093 -36.9093 -36.9093 -36.9093 -36.9093
-36.9093 -36.9093 -36.9093 -36.9093
-30.0000  -0.4179  -0.4179  -0.4179  -0.4179  -0.4180  -0.4181  -0.4182  -0.4186
 -0.4191  -0.4197  -0.4203  -0.4205  -0.4191  -0.4135  -0.4014  -0.3903  -0.4201
 -0.6326  -1.1092  -1.7459  -2.4494  -3.2287  -4.1372  -5.2624  -6.7396  -8.7810
-11.7189 -16.0800 -22.6979 -32.8931 -36.9091 -36.9091 -36.9091 -36.9091 -36.9091
-36.9091 -36.9091 -36.9091 -36.9091
-42.0000  -0.4171  -0.4171  -0.4171  -0.4172  -0.4173  -0.4174  -0.4176  -0.4180
 -0.4185  -0.4191  -0.4197  -0.4199  -0.4185  -0.4129  -0.4008  -0.3897  -0.4195
 -0.6320  -1.1086  -1.7453  -2.4488  -3.2281  -4.1366  -5.2618  -6.7390  -8.7804
-11.7183 -16.0794 -22.6973 -32.8925 -36.9085 -36.9085 -36.9085 -36.9085 -36.9085
-36.9085 -36.9085 -36.9085 -36.9085
-41.0000  -0.4171  -0.4171  -0.4171  -0.4172  -0.4173  -0.4174  -0.4176  -0.4180
 -0.4185  -0.4191  -0.4197  -0.4199  -0.4185  -0.4129  -0.4008  -0.3897  -0.4195
 -0.6320  -1.1086  -1.7453  -2.4488  -3.2281  -4.1366  -5.2618  -6.7390  -8.7804
-11.7183 -16.0794 -22.6973 -32.8925 -36.9085 -36.9085 -36.9085 -36.9085 -36.9085
-36.9085 -36.9085 -36.9085 -36.9085
-40.0000  -0.4171  -0.4171  -0.4171  -0.4172  -0.4173  -0.4174  -0.4176  -0.4180
 -0.4185  -0.4191  -0.4197  -0.4199  -0.4185  -0.4129  -0.4008  -0.3897  -0.4195
 -0.6320  -1.1086  -1.7453  -2.4488  -3.2281  -4.1366  -5.2618  -6.7390  -8.7804
-11.7183 -16.0794 -22.6973 -32.8925 -36.9085 -36.9085 -36.9085 -36.9085 -36.9085
-36.9085 -36.9085 -36.9085 -36.9085
-40.0000  -0.4171  -0.4171  -0.4171  -0.4172  -0.4173  -0.4174  -0.4176  -0.4180
 -0.4185  -0.4191  -0.4197  -0.4199  -0.4185  -0.4129  -0.4008  -0.3897  -0.4195
 -0.6320  -1.1086  -1.7453  -2.4488  -3.2281  -4.1366  -5.2618  -6.7390  -8.7804
-11.7183 -16.0794 -22.6973 -32.8925 -36.9085 -36.9085 -36.9085 -36.9085 -36.9085
-36.9085 -36.9085 -36.9085 -36.9085
-42.0000  -0.4171  -0.4171  -0.4171  -0.4172  -0.4173  -0.4174  -0.4176  -0.4180
 -0.4185  -0.4191  -0.4197  -0.4199  -0.4185  -0.4129  -0.4008  -0.3897  -0.4195
 -0.6320  -1.1086  -1.7453  -2.4488  -3.2281  -4.1366  -5.2618  -6.7390  -8.7804
-11.7183 -16.0794 -22.6973 -32.8925 -36.9085 -36.9085 -36.9085 -36.9085 -36.9085
-36.9085 -36.9085 -36.9085 -36.9085
-41.0000  -0.4171  -0.4171  -0.4172  -0.4172  -0.4173  -0.4174  -0.4176  -0.4180
 -0.4185  -0.4191  -0.4197  -0.4199  -0.4185  -0.4129  -0.4008  -0.3897  -0.4195
 -0.6320  -1.1086  -1.7453  -2.4488  -3.2281  -4.1366  -5.2618  -6.7390  -8.7804
-11.7183 -16.0794 -22.6973 -32.8925 -36.9085 -36.9085 -36.9085 -36.9085 -36.9085
-36.9085 -36.9085 -36.9085 -36.9085
-40.0000  -0.4180  -0.4180  -0.4180  -0.4180  -0.4181  -0.4182  -0.4184  -0.4188
 -0.4193  -0.4199  -0.4205  -0.4207  -0.4193  -0.4137  -0.4016  -0.3905  -0.4203
 -0.6328  -1.1094  -1.7461  -2.4496  -3.2289  -4.1374  -5.2626  -6.7398  -8.7812
-11.7191 -16.0802 -22.6981 -32.8933 -36.9093 -36.9093 -36.9093 -36.9093 -36.9093
-36.9093 -36.9093 -36.9093 -36.9093
-52.0000  -0.4171  -0.4171  -0.4171  -0.4172  -0.4173  -0.4174  -0.4176  -0.4180
 -0.4185  -0.4191  -0.4197  -0.4199  -0.4185  -0.4129  -0.4008  -0.3897  -0.4195
 -0.6320  -1.1086  -1.7453  -2.4488  -3.2281  -4.1366  -5.2618  -6.7390  -8.7804
-11.7183 -16.0794 -22.6973 -32.8925 -36.9085 -36.9085 -36.9085 -36.9085 -36.9085
-36.9085 -36.9085 -36.9085 -36.9085
-51.0000  -0.4171  -0.4171  -0.4171  -0.4172  -0.4173  -0.4174  -0.4176  -0.4180
 -0.4185  -0.4191  -0.4197  -0.4199  -0.4185  -0.4129  -0.4008  -0.3897  -0.4195
 -0.6320  -1.1086  -1.7453  -2.4488  -3.2281  -4.1366  -5.2618  -6.7390  -8.7804
-11.7183 -16.0794 -22.6973 -32.8925 -36.9085 -36.9085 -36.9085 -36.9085 -36.9085
-36.9085 -36.9085 -36.9085 -36.9085
-50.0000  -0.4171  -0.4171  -0.4171  -0.4172  -0.4173  -0.4174  -0.4176  -0.4180
 -0.4185  -0.4191  -0.4197  -0.4199  -0.4185  -0.4129  -0.4008  -0.3897  -0.4195
 -0.6320  -1.1086  -1.7453  -2.4488  -3.2281  -4.1366  -5.2618  -6.7390  -8.7804
-11.7183 -16.0794 -22.6973 -32.8925 -36.9085 -36.9085 -36.9085 -36.9085 -36.9085
-36.9085 -36.9085 -36.9085 -36.9085
-50.0000  -0.4171  -0.4171  -0.4171  -0.4172  -0.4173  -0.4174  -0.4176  -0.4180
 -0.4185  -0.4191  -0.4197  -0.4199  -0.4185  -0.4129  -0.4008  -0.3897  -0.4195
 -0.6320  -1.1086  -1.7453  -2.4488  -3.2281  -4.1366  -5.2618  -6.7390  -8.7804
-11.7183 -16.0794 -22.6973 -32.8925 -36.9085 -36.9085 -36.9085 -36.9085 -36.9085
-36.9085 -36.9085 -36.9085 -36.9085
-52.0000  -0.4171  -0.4171  -0.4171  -0.4172  -0.4173  -0.4174  -0.4176  -0.4180
 -0.4185  -0.4191  -0.4197  -0.4199  -0.4185  -0.4129  -0.4008  -0.3897  -0.4195
 -0.6320  -1.1086  -1.7453  -2.4488  -3.2281  -4.1366  -5.2618  -6.7390  -8.7804
-11.7183 -16.0794 -22.6973 -32.8925 -36.9085 -36.9085 -36.9085 -36.9085 -36.9085
-36.9085 -36.9085 -36.9085 -36.9085
-51.0000  -0.4171  -0.4171  -0.4171  -0.4172  -0.4173  -0.4174  -0.4176  -0.4180
 -0.4185  -0.4191  -0.4197  -0.4199  -0.4185  -0.4129  -0.4008  -0.3897  -0.4195
 -0.6320  -1.1086  -1.7453  -2.4488  -3.2281  -4.1366  -5.2618  -6.7390  -8.7804
-11.7183 -16.0794 -22.6973 -32.8925 -36.9085 -36.9085 -36.9085 -36.9085 -36.9085
-36.9085 -36.9085 -36.9085 -36.9085
-50.0000  -0.4179  -0.4179  -0.4179  -0.4180  -0.4181  -0.4182  -0.4184  -0.4188
 -0.4193  -0.4199  -0.4205  -0.4207  -0.4193  -0.4137  -0.4016  -0.3905  -0.4203
 -0.6328  -1.1094  -1.7461  -2.4496  -3.2289  -4.1374  -5.2626  -6.7398  -8.7812
-11.7191 -16.0802 -22.6981 -32.8933 -36.9093 -36.9093 -36.9093 -36.9093 -36.9093
-36.9093 -36.9093 -36.9093 -36.9093
-62.0000  -0.5086  -0.5086  -0.5086  -0.5087  -0.5088  -0.5089  -0.5091  -0.5095
 -0.5100  -0.5106  -0.5112  -0.5114  -0.5100  -0.5044  -0.4923  -0.4812  -0.5110
 -0.7235  -1.2001  -1.8368  -2.5403  -3.3196  -4.2281  -5.3533  -6.8305  -8.8719
-11.8098 -16.1709 -22.7888 -32.9840 -37.0000 -37.0000 -37.0000 -37.0000 -37.0000
-37.0000 -37.0000 -37.0000 -37.0000
-61.0000  -0.5086  -0.5086  -0.5086  -0.5087  -0.5088  -0.5089  -0.5091  -0.5095
 -0.5100  -0.5106  -0.5112  -0.5114  -0.5100  -0.5044  -0.4923  -0.4812  -0.5110
 -0.7235  -1.2001  -1.8368  -2.5403  -3.3196  -4.2281  -5.3533  -6.8305  -8.8719
-11.8098 -16.1709 -22.7888 -32.9840 -37.0000 -37.0000 -37.0000 -37.0000 -37.0000
-37.0000 -37.0000 -37.0000 -37.0000
-60.0000  -0.5086  -0.5086  -0.5086  -0.5087  -0.5088  -0.5089  -0.5091  -0.5095
 -0.5100  -0.5106  -0.5112  -0.5114  -0.5100  -0.5044  -0.4923  -0.4812  -0.5110
 -0.7235  -1.2001  -1.8368  -2.5403  -3.3196  -4.2281  -5.3533  -6.8305  -8.8719
-11.8098 -16.1709 -22.7888 -32.9840 -37.0000 -37.0000 -37.0000 -37.0000 -37.0000
-37.0000 -37.0000 -37.0000 -37.0000
-60.0000  -0.5086  -0.5086  -0.5086  -0.5087  -0.5088  -0.5089  -0.5091  -0.5095
 -0.5100  -0.5106  -0.5112  -0.5114  -0.5100  -0.5044  -0.4923  -0.4812  -0.5110
 -0.7235  -1.2001  -1.8368  -2.5403  -3.3196  -4.2281  -5.3533  -6.8305  -8.8719
-11.8098 -16.1709 -22.7888 -32.9840 -37.0000 -37.0000 -37.0000 -37.0000 -37.0000
-37.0000 -37.0000 -37.0000 -37.0000
-62.0000  -0.5086  -0.5086  -0.5086  -0.5087  -0.5088  -0.5089  -0.5091  -0.5095
 -0.5100  -0.5106  -0.5112  -0.5114  -0.5100  -0.5044  -0.4923  -0.4812  -0.5110
 -0.7235  -1.2001  -1.8368  -2.5403  -3.3196  -4.2281  -5.3533  -6.8305  -8.8719
-11.8098 -16.1709 -22.7888 -32.9840 -37.0000 -37.0000 -37.0000 -37.0000 -37.0000
-37.0000 -37.0000 -37.0000 -37.0000
-61.0000  -0.5086  -0.5086  -0.5086  -0.5087  -0.5088  -0.5089  -0.5091  -0.5095
 -0.5100  -0.5106  -0.5112  -0.5114  -0.5100  -0.5044  -0.4923  -0.4812  -0.5110
 -0.7235  -1.2001  -1.8368  -2.5403  -3.3196  -4.2281  -5.3533  -6.8305  -8.8719
-11.8098 -16.1709 -22.7888 -32.9840 -37.0000 -37.0000 -37.0000 -37.0000 -37.0000
-37.0000 -37.0000 -37.0000 -37.0000
-60.0000  -0.5086  -0.5086  -0.5086  -0.5087  -0.5088  -0.5089  -0.5091  -0.5095
 -0.5100  -0.5106  -0.5112  -0.5114  -0.5100  -0.5044  -0.4923  -0.4812  -0.5110
 -0.7235  -1.2001  -1.8368  -2.5403  -3.3196  -4.2281  -5.3533  -6.8305  -8.8719
-11.8098 -16.1709 -22.7888 -32.9840 -37.0000 -37.0000 -37.0000 -37.0000 -37.0000
-37.0000 -37.0000 -37.0000 -37.0000
nl= 2 nu=18
  0.0000  -1.3990  -1.3990  -1.3990  -1.3990  -1.3990  -1.3990  -1.3990  -1.3990
 -1.3990  -1.3990  -1.3990  -1.3990  -1.3990  -1.3990  -1.3991  -1.3993  -1.3999
 -1.4012  -1.4045  -1.4129  -1.4341  -1.4870  -1.6198  -1.9505  -2.7498  -4.0944
 -4.7732  -5.3166  -5.8527  -6.4133  -7.1527  -7.6702  -8.1922  -8.7253  -9.2767
 -9.8573 -10.4847 -11.1864
  0.0000  -1.5421  -1.5421  -1.5421  -1.5421  -1.5421  -1.5421  -1.5421  -1.5421
 -1.5421  -1.5421  -1.5421  -1.5421  -1.5421  -1.5421  -1.5421  -1.5422  -1.5425
 -1.5432  -1.5449  -1.5492  -1.5600  -1.5871  -1.6551  -1.8256  -2.2507  -3.2749
 -4.6839  -5.2907  -5.8399  -6.4058  -7.1457  -7.6664  -8.1895  -8.7233  -9.2750
 -9.8560 -10.4836 -11.1853
  0.0000  -1.6899  -1.6899  -1.6899  -1.6899  -1.6899  -1.6899  -1.6899  -1.6899
 -1.6899  -1.6899  -1.6899  -1.6899  -1.6899  -1.6899  -1.6899  -1.6900  -1.6901
 -1.6904  -1.6913  -1.6935  -1.6989  -1.7127  -1.7471  -1.8337  -2.0507  -2.5925
 -3.8857  -5.2368  -5.8195  -6.3954  -7.1367  -7.6630  -8.1876  -8.7227  -9.2751
 -9.8564 -10.4843 -11.1862
  0.0000  -1.8364  -1.8364  -1.8364  -1.8364  -1.8364  -1.8364  -1.8364  -1.8364
 -1.8364  -1.8364  -1.8364  -1.8364  -1.8364  -1.8364  -1.8364  -1.8365  -1.8365
 -1.8367  -1.8371  -1.8382  -1.8410  -1.8479  -1.8653  -1.9089  -2.0185  -2.2933
 -2.9797  -4.5840  -5.7760  -6.3738  -7.1175  -7.6541  -8.1810  -8.7179  -9.2715
 -9.8537 -10.4819 -11.1841
  0.0000  -1.9891  -1.9891  -1.9891  -1.9891  -1.9891  -1.9891  -1.9891  -1.9891
 -1.9891  -1.9891  -1.9891  -1.9891  -1.9891  -1.9891  -1.9891  -1.9891  -1.9892
 -1.9893  -1.9895  -1.9900  -1.9914  -1.9949  -2.0036  -2.0255  -2.0806  -2.2188
 -2.5657  -3.4323  -5.3598  -6.3422  -7.0918  -7.6461  -8.1767  -8.7164  -9.2719
 -9.8552 -10.4842 -11.1868
  0.0000  -2.1371  -2.1371  -2.1371  -2.1371  -2.1371  -2.1371  -2.1371  -2.1371
 -2.1371  -2.1371  -2.1371  -2.1371  -2.1371  -2.1371  -2.1371  -2.1371  -2.1371
 -2.1372  -2.1373  -2.1376  -2.1383  -2.1400  -2.1444  -2.1554  -2.1830  -2.2523
 -2.4264  -2.8633  -3.9549  -6.1382  -7.0410  -7.6280  -8.1629  -8.7068  -9.2650
 -9.8500 -10.4803 -11.1838
  0.0000  -2.2868  -2.2868  -2.2868  -2.2868  -2.2868  -2.2868  -2.2868  -2.2868
 -2.2868  -2.2868  -2.2868  -2.2868  -2.2868  -2.2868  -2.2868  -2.2868  -2.2868
 -2.2869  -2.2869  -2.2871  -2.2874  -2.2883  -2.2905  -2.2960  -2.3098  -2.3445
 -2.4317  -2.6507  -3.2005  -4.5732  -6.9200  -7.6060  -8.1460  -8.6951  -9.2569
 -9.8445 -10.4765 -11.1813
  0.0000  -1.0976  -1.0976  -1.0976  -1.0976  -1.0976  -1.0976  -1.0976  -1.0976
 -1.0976  -1.0976  -1.0976  -1.0977  -1.0977  -1.0978  -1.0982  -1.0991  -1.1013
 -1.1069  -1.1209  -1.1559  -1.2436  -1.4606  -1.9788  -2.9614  -3.7385  -4.3011
 -4.8369  -5.3784  -6.0315  -6.6628  -7.1834  -7.7126  -8.2571  -8.8265  -9.4360
-10.1090 -10.8831 -11.8172
  0.0000  -1.2286  -1.2286  -1.2286  -1.2286  -1.2286  -1.2286  -1.2286  -1.2286
 -1.2286  -1.2286  -1.2286  -1.2286  -1.2286  -1.2287  -1.2289  -1.2294  -1.2305
 -1.2335  -1.2410  -1.2597  -1.3066  -1.4239  -1.7148  -2.4080  -3.5735  -4.2666
 -4.8211  -5.3696  -6.0245  -6.6578  -7.1801  -7.7102  -8.2552  -8.8251  -9.4347
-10.1079 -10.8820 -11.8162
  0.0000  -1.3683  -1.3683  -1.3683  -1.3683  -1.3683  -1.3683  -1.3683  -1.3683
 -1.3683  -1.3684  -1.3684  -1.3684  -1.3684  -1.3684  -1.3685  -1.3688  -1.3694
 -1.3709  -1.3748  -1.3845  -1.4089  -1.4701  -1.6234  -2.0042  -2.9077  -4.1699
 -4.7947  -5.3571  -6.0150  -6.6523  -7.1772  -7.7086  -8.2546  -8.8250  -9.4350
-10.1084 -10.8827 -11.8169
  0.0000  -1.5114  -1.5114  -1.5114  -1.5114  -1.5114  -1.5114  -1.5114  -1.5114
 -1.5114  -1.5114  -1.5114  -1.5114  -1.5114  -1.5114  -1.5114  -1.5116  -1.5119
 -1.5127  -1.5146  -1.5196  -1.5321  -1.5635  -1.6422  -1.8395  -2.3301  -3.4834
 -4.7336  -5.3335  -5.9974  -6.6413  -7.1707  -7.7041  -8.2516  -8.8229  -9.4336
-10.1074 -10.8819 -11.8163
  0.0000  -1.6583  -1.6583  -1.6583  -1.6583  -1.6583  -1.6583  -1.6583  -1.6583
 -1.6583  -1.6583  -1.6583  -1.6583  -1.6583  -1.6583  -1.6583  -1.6584  -1.6586
 -1.6590  -1.6600  -1.6625  -1.6688  -1.6847  -1.7247  -1.8250  -2.0764  -2.7024
 -4.1435  -5.2905  -5.9697  -6.6256  -7.1619  -7.6985  -8.2481  -8.8209  -9.4326
-10.1070 -10.8819 -11.8166
  0.0000  -1.8051  -1.8051  -1.8051  -1.8051  -1.8051  -1.8051  -1.8051  -1.8051
 -1.8051  -1.8051  -1.8051  -1.8051  -1.8051  -1.8051  -1.8051  -1.8052  -1.8053
 -1.8055  -1.8060  -1.8072  -1.8104  -1.8184  -1.8386  -1.8892  -2.0162  -2.3348
 -3.1286  -4.8768  -5.9205  -6.6006  -7.1472  -7.6876  -8.2404  -8.8155  -9.4285
-10.1040 -10.8795 -11.8146
  0.0000  -1.9535  -1.9535  -1.9535  -1.9535  -1.9535  -1.9535  -1.9535  -1.9535
 -1.9535  -1.9535  -1.9535  -1.9535  -1.9535  -1.9535  -1.9535  -1.9536  -1.9536
 -1.9537  -1.9540  -1.9546  -1.9562  -1.9602  -1.9703  -1.9958  -2.0596  -2.2200
 -2.6222  -3.6249  -5.6672  -6.5649  -7.1297  -7.6740  -8.2306  -8.8084  -9.4236
-10.1005 -10.8772 -11.8128
  0.0000  -0.8471  -0.8471  -0.8471  -0.8471  -0.8471  -0.8471  -0.8471  -0.8471
 -0.8471  -0.8471  -0.8472  -0.8472  -0.8474  -0.8479  -0.8492  -0.8522  -0.8600
 -0.8793  -0.9276  -1.0465  -1.3288  -1.9120  -2.6588  -3.2652  -3.8144  -4.3584
 -4.9549  -5.6533  -6.1735  -6.6998  -7.2387  -7.7988  -8.3930  -9.0416  -9.7767
-10.6491 -11.7392 -13.1743
  0.0000  -0.9503  -0.9503  -0.9503  -0.9503  -0.9503  -0.9503  -0.9503  -0.9503
 -0.9503  -0.9503  -0.9503  -0.9504  -0.9505  -0.9508  -0.9515  -0.9533  -0.9579
 -0.9693  -0.9980  -1.0696  -1.2460  -1.6618  -2.4577  -3.2178  -3.7959  -4.3489
 -4.9485  -5.6480  -6.1706  -6.6980  -7.2377  -7.7981  -8.3927  -9.0415  -9.7767
-10.6492 -11.7393 -13.1745
  0.0000  -1.0676  -1.0676  -1.0676  -1.0676  -1.0676  -1.0676  -1.0676  -1.0676
 -1.0676  -1.0676  -1.0677  -1.0677  -1.0677  -1.0679  -1.0683  -1.0693  -1.0719
 -1.0783  -1.0943  -1.1345  -1.2348  -1.4821  -2.0625  -3.0531  -3.7589  -4.3310
 -4.9364  -5.6377  -6.1645  -6.6933  -7.2343  -7.7956  -8.3906  -9.0397  -9.7751
-10.6477 -11.7379 -13.1731
  0.0000  -1.1991  -1.1991  -1.1991  -1.1991  -1.1991  -1.1991  -1.1991  -1.1991
 -1.1991  -1.1991  -1.1991  -1.1991  -1.1991  -1.1992  -1.1994  -1.2000  -1.2013
 -1.2047  -1.2133  -1.2349  -1.2889  -1.4239  -1.7576  -2.5357  -3.6546  -4.3033
 -4.9202  -5.6250  -6.1584  -6.6897  -7.2322  -7.7948  -8.3905  -9.0401  -9.7759
-10.6486 -11.7390 -13.1743
  0.0000  -1.3366  -1.3366  -1.3366  -1.3366  -1.3366  -1.3366  -1.3366  -1.3366
 -1.3366  -1.3366  -1.3366  -1.3366  -1.3366  -1.3367  -1.3368  -1.3371  -1.3378
 -1.3395  -1.3440  -1.3553  -1.3835  -1.4543  -1.6313  -2.0696  -3.0814  -4.2370
 -4.8915  -5.6031  -6.1471  -6.6814  -7.2266  -7.7908  -8.3878  -9.0382  -9.7746
-10.6477 -11.7382 -13.1736
  0.0000  -1.4833  -1.4833  -1.4833  -1.4833  -1.4833  -1.4833  -1.4833  -1.4833
 -1.4833  -1.4833  -1.4833  -1.4833  -1.4833  -1.4833  -1.4834  -1.4835  -1.4839
 -1.4848  -1.4871  -1.4929  -1.5073  -1.5437  -1.6348  -1.8631  -2.4291  -3.7109
 -4.8437  -5.5752  -6.1367  -6.6738  -7.2225  -7.7893  -8.3879  -9.0396  -9.7768
-10.6505 -11.7414 -13.1771
  0.0000  -1.6240  -1.6240  -1.6240  -1.6240  -1.6240  -1.6240  -1.6240  -1.6240
 -1.6240  -1.6240  -1.6240  -1.6240  -1.6240  -1.6240  -1.6240  -1.6241  -1.6243
 -1.6248  -1.6259  -1.6288  -1.6362  -1.6546  -1.7009  -1.8172  -2.1084  -2.8316
 -4.4164  -5.5177  -6.1155  -6.6544  -7.2064  -7.7762  -8.3775  -9.0307  -9.7691
-10.6437 -11.7351 -13.1712
  0.0000  -0.6908  -0.6908  -0.6908  -0.6908  -0.6908  -0.6908  -0.6908  -0.6908
 -0.6909  -0.6909  -0.6910  -0.6911  -0.6916  -0.6928  -0.6957  -0.7029  -0.7211
 -0.7660  -0.8745  -1.1203  -1.5835  -2.1808  -2.7594  -3.3223  -3.8954  -4.6397
 -5.1621  -5.6872  -6.2221  -6.7746  -7.3559  -7.9837  -8.6856  -9.5051 -10.5113
-11.8134 -13.5846 -16.0991
  0.0000  -0.7465  -0.7465  -0.7465  -0.7465  -0.7465  -0.7465  -0.7465  -0.7465
 -0.7465  -0.7466  -0.7466  -0.7467  -0.7471  -0.7479  -0.7500  -0.7553  -0.7685
 -0.8013  -0.8823  -1.0746  -1.4852  -2.1182  -2.7362  -3.3103  -3.8882  -4.6325
 -5.1583  -5.6844  -6.2204  -6.7734  -7.3552  -7.9832  -8.6852  -9.5048 -10.5111
-11.8132 -13.5844 -16.0990
  0.0000  -0.8243  -0.8243  -0.8243  -0.8243  -0.8243  -0.8243  -0.8243  -0.8243
 -0.8243  -0.8244  -0.8244  -0.8245  -0.8247  -0.8252  -0.8266  -0.8301  -0.8387
 -0.8604  -0.9143  -1.0466  -1.3567  -1.9687  -2.6880  -3.2904  -3.8768  -4.6212
 -5.1526  -5.6807  -6.2178  -6.7719  -7.3542  -7.9827  -8.6850  -9.5048 -10.5111
-11.8133 -13.5845 -16.0992
  0.0000  -0.9229  -0.9229  -0.9229  -0.9229  -0.9229  -0.9229  -0.9229  -0.9229
 -0.9229  -0.9229  -0.9229  -0.9230  -0.9231  -0.9235  -0.9243  -0.9263  -0.9315
 -0.9446  -0.9772  -1.0585  -1.2577  -1.7194  -2.5366  -3.2527  -3.8585  -4.6035
 -5.1437  -5.6740  -6.2135  -6.7688  -7.3522  -7.9813  -8.6841  -9.5041 -10.5106
-11.8129 -13.5842 -16.0989
  0.0000  -1.0392  -1.0392  -1.0392  -1.0392  -1.0392  -1.0392  -1.0392  -1.0392
 -1.0392  -1.0392  -1.0392  -1.0392  -1.0393  -1.0395  -1.0400  -1.0411  -1.0440
 -1.0514  -1.0698  -1.1159  -1.2308  -1.5129  -2.1604  -3.1408  -3.8288  -4.5775
 -5.1322  -5.6649  -6.2072  -6.7648  -7.3495  -7.9797  -8.6831  -9.5037 -10.5105
-11.8129 -13.5843 -16.0991
  0.0000  -1.1680  -1.1680  -1.1680  -1.1680  -1.1680  -1.1680  -1.1680  -1.1680
 -1.1680  -1.1680  -1.1680  -1.1680  -1.1680  -1.1681  -1.1684  -1.1690  -1.1706
 -1.1745  -1.1844  -1.2093  -1.2716  -1.4271  -1.8098  -2.6780  -3.7561  -4.5366
 -5.1187  -5.6525  -6.1979  -6.7582  -7.3451  -7.9767  -8.6812  -9.5024 -10.5098
-11.8125 -13.5841 -16.0990
  0.0000  -1.3048  -1.3048  -1.3048  -1.3048  -1.3048  -1.3048  -1.3048  -1.3048
 -1.3048  -1.3048  -1.3048  -1.3048  -1.3049  -1.3049  -1.3050  -1.3054  -1.3062
 -1.3082  -1.3134  -1.3264  -1.3591  -1.4409  -1.6454  -2.1498  -3.2781  -4.4581
 -5.1051  -5.6383  -6.1859  -6.7488  -7.3383  -7.9721  -8.6778  -9.5002 -10.5082
-11.8114 -13.5833 -16.0984
  0.0000  -0.6312  -0.6312  -0.6312  -0.6312  -0.6312  -0.6312  -0.6312  -0.6312
 -0.6312  -0.6312  -0.6313  -0.6316  -0.6323  -0.6339  -0.6379  -0.6481  -0.6734
 -0.7354  -0.8804  -1.1819  -1.6657  -2.2335  -2.8194  -3.4972  -4.1420  -4.6707
 -5.2043  -5.7515  -6.3224  -6.9327  -7.6062  -8.3806  -9.3149 -10.5029 -12.0932
-14.3211 -17.5596 -22.3998
  0.0000  -0.6481  -0.6481  -0.6481  -0.6481  -0.6481  -0.6481  -0.6481  -0.6481
 -0.6481  -0.6481  -0.6482  -0.6485  -0.6490  -0.6505  -0.6542  -0.6635  -0.6865
 -0.7430  -0.8764  -1.1616  -1.6428  -2.2206  -2.8116  -3.4903  -4.1373  -4.6678
 -5.2024  -5.7502  -6.3217  -6.9323  -7.6060  -8.3804  -9.3148 -10.5029 -12.0933
-14.3212 -17.5597 -22.3999
  0.0000  -0.6769  -0.6769  -0.6769  -0.6769  -0.6769  -0.6769  -0.6769  -0.6769
 -0.6769  -0.6770  -0.6770  -0.6772  -0.6777  -0.6790  -0.6821  -0.6898  -0.7091
 -0.7569  -0.8718  -1.1289  -1.6014  -2.1994  -2.8000  -3.4798  -4.1296  -4.6627
 -5.1990  -5.7477  -6.3200  -6.9312  -7.6053  -8.3800  -9.3145 -10.5027 -12.0931
-14.3211 -17.5596 -22.3998
  0.0000  -0.7257  -0.7257  -0.7257  -0.7257  -0.7257  -0.7257  -0.7257  -0.7257
 -0.7257  -0.7257  -0.7258  -0.7259  -0.7263  -0.7272  -0.7295  -0.7353  -0.7499
 -0.7860  -0.8747  -1.0837  -1.5181  -2.1542  -2.7825  -3.4646  -4.1188  -4.6554
 -5.1938  -5.7443  -6.3177  -6.9297  -7.6045  -8.3795  -9.3142 -10.5025 -12.0930
-14.3211 -17.5596 -22.3999
  0.0000  -0.7980  -0.7980  -0.7980  -0.7980  -0.7980  -0.7980  -0.7980  -0.7980
 -0.7980  -0.7980  -0.7981  -0.7982  -0.7984  -0.7990  -0.8006  -0.8045  -0.8142
 -0.8386  -0.8992  -1.0472  -1.3894  -2.0327  -2.7469  -3.4422  -4.1045  -4.6453
 -5.1859  -5.7389  -6.3140  -6.9273  -7.6028  -8.3784  -9.3136 -10.5021 -12.0928
-14.3209 -17.5595 -22.3998
  0.0000  -0.8932  -0.8932  -0.8932  -0.8932  -0.8932  -0.8932  -0.8932  -0.8932
 -0.8932  -0.8932  -0.8932  -0.8933  -0.8934  -0.8938  -0.8947  -0.8971  -0.9030
 -0.9179  -0.9551  -1.0477  -1.2735  -1.7873  -2.6331  -3.4043  -4.0876  -4.6334
 -5.1753  -5.7306  -6.3082  -6.9232  -7.6001  -8.3766  -9.3124 -10.5014 -12.0922
-14.3205 -17.5593 -22.3996
  0.0000  -1.0076  -1.0076  -1.0076  -1.0076  -1.0076  -1.0076  -1.0076  -1.0076
 -1.0076  -1.0076  -1.0076  -1.0076  -1.0077  -1.0079  -1.0084  -1.0098  -1.0131
 -1.0216  -1.0427  -1.0957  -1.2275  -1.5498  -2.2746  -3.3049  -4.0647  -4.6232
 -5.1639  -5.7208  -6.3006  -6.9180  -7.5965  -8.3743  -9.3110 -10.5005 -12.0918
-14.3203 -17.5592 -22.3996
  0.0000  -0.6123  -0.6123  -0.6123  -0.6123  -0.6123  -0.6123  -0.6123  -0.6123
 -0.6124  -0.6124  -0.6125  -0.6128  -0.6134  -0.6151  -0.6193  -0.6299  -0.6560
 -0.7206  -0.8740  -1.1924  -1.6961  -2.3247  -3.0903  -3.6391  -4.1794  -4.7255
 -5.2898  -5.8862  -6.5360  -7.2719  -8.1447  -9.2351 -10.6704 -12.6525 -15.5014
-19.7240 -26.1239 -35.9745
  0.0000  -0.6174  -0.6174  -0.6174  -0.6174  -0.6174  -0.6174  -0.6174  -0.6174
 -0.6175  -0.6175  -0.6176  -0.6179  -0.6185  -0.6202  -0.6244  -0.6348  -0.6607
 -0.7242  -0.8732  -1.1840  -1.6854  -2.3169  -3.0846  -3.6359  -4.1773  -4.7242
 -5.2887  -5.8855  -6.5356  -7.2716  -8.1445  -9.2349 -10.6702 -12.6524 -15.5012
-19.7238 -26.1237 -35.9744
  0.0000  -0.6213  -0.6213  -0.6213  -0.6213  -0.6213  -0.6213  -0.6213  -0.6213
 -0.6213  -0.6214  -0.6215  -0.6217  -0.6224  -0.6241  -0.6282  -0.6386  -0.6643
 -0.7270  -0.8734  -1.1784  -1.6772  -2.3096  -3.0759  -3.6305  -4.1733  -4.7217
 -5.2869  -5.8845  -6.5349  -7.2712  -8.1443  -9.2348 -10.6702 -12.6524 -15.5013
-19.7239 -26.1238 -35.9745
  0.0000  -0.6306  -0.6306  -0.6306  -0.6306  -0.6306  -0.6306  -0.6306  -0.6306
 -0.6306  -0.6307  -0.6308  -0.6310  -0.6316  -0.6332  -0.6371  -0.6469  -0.6713
 -0.7308  -0.8707  -1.1673  -1.6653  -2.3009  -3.0643  -3.6229  -4.1671  -4.7173
 -5.2841  -5.8824  -6.5338  -7.2705  -8.1439  -9.2346 -10.6701 -12.6523 -15.5013
-19.7240 -26.1239 -35.9746
  0.0000  -0.6530  -0.6530  -0.6530  -0.6530  -0.6530  -0.6530  -0.6530  -0.6530
 -0.6530  -0.6531  -0.6531  -0.6534  -0.6539  -0.6552  -0.6586  -0.6671  -0.6882
 -0.7402  -0.8647  -1.1404  -1.6369  -2.2871  -3.0496  -3.6139  -4.1584  -4.7105
 -5.2794  -5.8792  -6.5315  -7.2691  -8.1430  -9.2340 -10.6697 -12.6521 -15.5012
-19.7239 -26.1238 -35.9745
  0.0000  -0.6967  -0.6967  -0.6967  -0.6967  -0.6967  -0.6967  -0.6967  -0.6967
 -0.6967  -0.6967  -0.6968  -0.6970  -0.6974  -0.6984  -0.7010  -0.7075  -0.7237
 -0.7641  -0.8628  -1.0937  -1.5643  -2.2528  -3.0297  -3.6062  -4.1484  -4.7017
 -5.2726  -5.8745  -6.5283  -7.2670  -8.1417  -9.2333 -10.6694 -12.6520 -15.5011
-19.7239 -26.1239 -35.9747
  0.0000  -0.7659  -0.7659  -0.7659  -0.7659  -0.7659  -0.7659  -0.7659  -0.7659
 -0.7659  -0.7659  -0.7659  -0.7661  -0.7663  -0.7670  -0.7688  -0.7732  -0.7842
 -0.8118  -0.8804  -1.0475  -1.4304  -2.1410  -2.9886  -3.6023  -4.1393  -4.6918
 -5.2638  -5.8679  -6.5237  -7.2638  -8.1396  -9.2319 -10.6685 -12.6514 -15.5008
-19.7237 -26.1237 -35.9746
  0.0000  -0.5830  -0.5830  -0.5830  -0.5830  -0.5830  -0.5830  -0.5830  -0.5830
 -0.5831  -0.5831  -0.5832  -0.5835  -0.5843  -0.5861  -0.5906  -0.6015  -0.6285
 -0.6961  -0.8612  -1.2180  -1.8342  -2.5337  -3.1292  -3.6878  -4.2525  -4.8402
 -5.4719  -6.1758  -6.9965  -8.0034  -9.3059 -11.0773 -13.5921 -17.2850 -22.8453
-31.3653 -36.9921 -36.9921
  0.0000  -0.5920  -0.5920  -0.5920  -0.5920  -0.5920  -0.5920  -0.5920  -0.5920
 -0.5920  -0.5921  -0.5922  -0.5925  -0.5932  -0.5949  -0.5992  -0.6097  -0.6354
 -0.6996  -0.8566  -1.2037  -1.8205  -2.5296  -3.1283  -3.6876  -4.2524  -4.8403
 -5.4719  -6.1758  -6.9965  -8.0034  -9.3059 -11.0773 -13.5920 -17.2849 -22.8452
-31.3652 -36.9920 -36.9920
  0.0000  -0.5918  -0.5918  -0.5918  -0.5918  -0.5918  -0.5918  -0.5918  -0.5918
 -0.5918  -0.5919  -0.5920  -0.5923  -0.5930  -0.5947  -0.5991  -0.6099  -0.6364
 -0.7017  -0.8579  -1.2006  -1.8165  -2.5240  -3.1241  -3.6847  -4.2506  -4.8389
 -5.4710  -6.1753  -6.9962  -8.0032  -9.3057 -11.0772 -13.5919 -17.2849 -22.8452
-31.3652 -36.9920 -36.9920
  0.0000  -0.5882  -0.5882  -0.5882  -0.5882  -0.5882  -0.5882  -0.5882  -0.5882
 -0.5882  -0.5883  -0.5884  -0.5887  -0.5894  -0.5912  -0.5957  -0.6070  -0.6348
 -0.7025  -0.8609  -1.2033  -1.8188  -2.5184  -3.1180  -3.6797  -4.2469  -4.8367
 -5.4693  -6.1743  -6.9956  -8.0028  -9.3056 -11.0771 -13.5919 -17.2849 -22.8453
-31.3653 -36.9921 -36.9921
  1.0000  -0.5968  -0.5968  -0.5968  -0.5968  -0.5968  -0.5968  -0.5968  -0.5968
 -0.5969  -0.5969  -0.5970  -0.5973  -0.5980  -0.5997  -0.6039  -0.6145  -0.6409
 -0.7055  -0.8577  -1.1916  -1.8032  -2.5119  -3.1162  -3.6790  -4.2466  -4.8366
 -5.4693  -6.1742  -6.9956  -8.0028  -9.3056 -11.0771 -13.5919 -17.2849 -22.8453
-31.3653 -36.9921 -36.9921
  2.0000  -0.6126  -0.6126  -0.6126  -0.6126  -0.6126  -0.6126  -0.6126  -0.6126
 -0.6126  -0.6127  -0.6128  -0.6130  -0.6136  -0.6152  -0.6190  -0.6287  -0.6527
 -0.7118  -0.8531  -1.1701  -1.7719  -2.4985  -3.1125  -3.6776  -4.2460  -4.8362
 -5.4691  -6.1741  -6.9954  -8.0027  -9.3055 -11.0770 -13.5918 -17.2848 -22.8452
-31.3652 -36.9920 -36.9920
  3.0000  -0.6405  -0.6405  -0.6405  -0.6405  -0.6405  -0.6405  -0.6405  -0.6406
 -0.6406  -0.6406  -0.6407  -0.6409  -0.6414  -0.6427  -0.6460  -0.6542  -0.6747
 -0.7255  -0.8489  -1.1349  -1.7110  -2.4700  -3.1050  -3.6749  -4.2449  -4.8358
 -5.4690  -6.1741  -6.9955  -8.0027  -9.3055 -11.0771 -13.5919 -17.2849 -22.8452
-31.3653 -36.9921 -36.9921
  0.0000  -0.5063  -0.5063  -0.5063  -0.5063  -0.5063  -0.5063  -0.5063  -0.5063
 -0.5063  -0.5064  -0.5067  -0.5073  -0.5086  -0.5115  -0.5181  -0.5334  -0.5712
 -0.6647  -0.8917  -1.3755  -2.0085  -2.6098  -3.1898  -3.7800  -4.4016  -5.0818
 -5.8601  -6.7968  -7.9863  -9.5775 -11.8059 -15.0448 -19.8852 -27.2640 -36.9834
-36.9834 -36.9834 -36.9834
  0.0000  -0.5343  -0.5343  -0.5343  -0.5343  -0.5343  -0.5343  -0.5343  -0.5343
 -0.5343  -0.5344  -0.5346  -0.5351  -0.5362  -0.5384  -0.5436  -0.5563  -0.5872
 -0.6653  -0.8643  -1.3349  -1.9987  -2.6127  -3.1952  -3.7848  -4.4049  -5.0841
 -5.8616  -6.7976  -7.9867  -9.5776 -11.8059 -15.0446 -19.8850 -27.2638 -36.9831
-36.9831 -36.9831 -36.9831
  0.0000  -0.5359  -0.5359  -0.5359  -0.5359  -0.5359  -0.5359  -0.5359  -0.5359
 -0.5359  -0.5360  -0.5361  -0.5365  -0.5375  -0.5398  -0.5453  -0.5581  -0.5894
 -0.6669  -0.8625  -1.3290  -1.9956  -2.6113  -3.1944  -3.7842  -4.4047  -5.0839
 -5.8614  -6.7975  -7.9866  -9.5775 -11.8058 -15.0445 -19.8849 -27.2637 -36.9830
-36.9830 -36.9830 -36.9830
  0.0000  -0.5281  -0.5281  -0.5281  -0.5281  -0.5281  -0.5281  -0.5281  -0.5281
 -0.5281  -0.5282  -0.5283  -0.5288  -0.5298  -0.5324  -0.5384  -0.5520  -0.5854
 -0.6677  -0.8708  -1.3379  -1.9942  -2.6075  -3.1909  -3.7816  -4.4028  -5.0826
 -5.8606  -6.7970  -7.9863  -9.5773 -11.8057 -15.0445 -19.8848 -27.2637 -36.9830
-36.9830 -36.9830 -36.9830
  0.0000  -0.5147  -0.5147  -0.5147  -0.5147  -0.5147  -0.5147  -0.5147  -0.5147
 -0.5147  -0.5148  -0.5149  -0.5154  -0.5164  -0.5189  -0.5251  -0.5403  -0.5775
 -0.6673  -0.8851  -1.3586  -1.9966  -2.6029  -3.1854  -3.7771  -4.3997  -5.0804
 -5.8592  -6.7962  -7.9858  -9.5771 -11.8056 -15.0445 -19.8849 -27.2638 -36.9832
-36.9832 -36.9832 -36.9832
  0.0000  -0.5007  -0.5007  -0.5007  -0.5007  -0.5007  -0.5007  -0.5007  -0.5007
 -0.5008  -0.5008  -0.5010  -0.5014  -0.5025  -0.5051  -0.5116  -0.5280  -0.5681
 -0.6658  -0.9006  -1.3863  -2.0053  -2.5998  -3.1789  -3.7709  -4.3950  -5.0774
 -5.8571  -6.7950  -7.9853  -9.5769 -11.8057 -15.0447 -19.8853 -27.2642 -36.9837
-36.9837 -36.9837 -36.9837
  0.0000  -0.4925  -0.4925  -0.4925  -0.4925  -0.4926  -0.4926  -0.4926  -0.4926
 -0.4926  -0.4927  -0.4928  -0.4933  -0.4943  -0.4970  -0.5036  -0.5203  -0.5616
 -0.6635  -0.9087  -1.4081  -2.0198  -2.6009  -3.1736  -3.7639  -4.3889  -5.0729
 -5.8544  -6.7930  -7.9842  -9.5765 -11.8056 -15.0448 -19.8855 -27.2644 -36.9842
-36.9842 -36.9842 -36.9842
 -1.0000  -0.4807  -0.4807  -0.4807  -0.4807  -0.4807  -0.4807  -0.4807  -0.4807
 -0.4808  -0.4810  -0.4813  -0.4820  -0.4832  -0.4855  -0.4901  -0.5007  -0.5306
 -0.6310  -0.9358  -1.4855  -2.0962  -2.7021  -3.3245  -3.9899  -4.7349  -5.6131
 -6.7067  -8.1439 -10.1271 -12.9766 -17.1996 -23.5997 -33.4505 -36.9718 -36.9718
-36.9718 -36.9718 -36.9718
  0.0000  -0.4808  -0.4808  -0.4808  -0.4808  -0.4808  -0.4808  -0.4808  -0.4808
 -0.4808  -0.4810  -0.4813  -0.4819  -0.4832  -0.4855  -0.4901  -0.5006  -0.5305
 -0.6309  -0.9355  -1.4852  -2.0961  -2.7019  -3.3244  -3.9898  -4.7348  -5.6130
 -6.7066  -8.1438 -10.1270 -12.9765 -17.1995 -23.5996 -33.4504 -36.9717 -36.9717
-36.9717 -36.9717 -36.9717
  0.0000  -0.5148  -0.5148  -0.5148  -0.5148  -0.5148  -0.5148  -0.5148  -0.5148
 -0.5149  -0.5149  -0.5151  -0.5155  -0.5161  -0.5171  -0.5184  -0.5219  -0.5376
 -0.6162  -0.9049  -1.4714  -2.0961  -2.7057  -3.3283  -3.9927  -4.7366  -5.6143
 -6.7073  -8.1441 -10.1271 -12.9764 -17.1993 -23.5994 -33.4501 -36.9714 -36.9714
-36.9714 -36.9714 -36.9714
  0.0000  -0.5087  -0.5087  -0.5087  -0.5087  -0.5087  -0.5087  -0.5087  -0.5087
 -0.5087  -0.5088  -0.5089  -0.5092  -0.5099  -0.5111  -0.5133  -0.5185  -0.5371
 -0.6193  -0.9091  -1.4724  -2.0955  -2.7049  -3.3275  -3.9922  -4.7363  -5.6141
 -6.7072  -8.1441 -10.1271 -12.9765 -17.1994 -23.5995 -33.4502 -36.9715 -36.9715
-36.9715 -36.9715 -36.9715
  0.0000  -0.4824  -0.4824  -0.4824  -0.4824  -0.4824  -0.4824  -0.4824  -0.4824
 -0.4825  -0.4825  -0.4827  -0.4831  -0.4841  -0.4864  -0.4913  -0.5026  -0.5329
 -0.6320  -0.9314  -1.4809  -2.0946  -2.7016  -3.3245  -3.9901  -4.7351  -5.6134
 -6.7069  -8.1441 -10.1273 -12.9768 -17.1998 -23.5999 -33.4507 -36.9720 -36.9720
-36.9720 -36.9720 -36.9720
  0.0000  -0.4470  -0.4470  -0.4470  -0.4470  -0.4470  -0.4470  -0.4470  -0.4470
 -0.4471  -0.4471  -0.4474  -0.4480  -0.4494  -0.4528  -0.4610  -0.4802  -0.5266
 -0.6506  -0.9653  -1.4972  -2.0957  -2.6976  -3.3199  -3.9865  -4.7328  -5.6118
 -6.7062  -8.1439 -10.1274 -12.9771 -17.2003 -23.6004 -33.4513 -36.9727 -36.9727
-36.9727 -36.9727 -36.9727
  0.0000  -0.4130  -0.4130  -0.4130  -0.4130  -0.4130  -0.4130  -0.4130  -0.4131
 -0.4131  -0.4132  -0.4135  -0.4142  -0.4161  -0.4206  -0.4317  -0.4581  -0.5199
 -0.6697  -1.0026  -1.5197  -2.1006  -2.6943  -3.3145  -3.9817  -4.7293  -5.6098
 -6.7048  -8.1434 -10.1273 -12.9773 -17.2006 -23.6008 -33.4518 -36.9734 -36.9734
-36.9734 -36.9734 -36.9734
 -1.0000  -0.3403  -0.3403  -0.3403  -0.3403  -0.3403  -0.3403  -0.3404  -0.3405
 -0.3408  -0.3413  -0.3422  -0.3437  -0.3464  -0.3514  -0.3622  -0.3908  -0.4766
 -0.7008  -1.1196  -1.6474  -2.2339  -2.8736  -3.5886  -4.4206  -5.4376  -6.7481
 -8.5253 -11.0439 -14.7394 -20.3015 -28.8226 -36.9510 -36.9510 -36.9510 -36.9510
-36.9510 -36.9510 -36.9510
  0.0000  -0.3405  -0.3405  -0.3405  -0.3405  -0.3405  -0.3405  -0.3405  -0.3406
 -0.3408  -0.3413  -0.3422  -0.3437  -0.3464  -0.3514  -0.3622  -0.3909  -0.4766
 -0.7007  -1.1196  -1.6473  -2.2339  -2.8736  -3.5886  -4.4206  -5.4376  -6.7481
 -8.5253 -11.0439 -14.7394 -20.3015 -28.8226 -36.9510 -36.9510 -36.9510 -36.9510
-36.9510 -36.9510 -36.9510
  0.0000  -0.5144  -0.5144  -0.5144  -0.5144  -0.5144  -0.5144  -0.5144  -0.5145
 -0.5146  -0.5147  -0.5150  -0.5150  -0.5140  -0.5102  -0.4999  -0.4820  -0.4797
 -0.5871  -0.9720  -1.5584  -2.1979  -2.8670  -3.5943  -4.4287  -5.4434  -6.7506
 -8.5246 -11.0409 -14.7347 -20.2956 -28.8159 -36.9431 -36.9431 -36.9431 -36.9431
-36.9431 -36.9431 -36.9431
  0.0000  -0.5486  -0.5486  -0.5486  -0.5486  -0.5486  -0.5486  -0.5486  -0.5486
 -0.5486  -0.5487  -0.5487  -0.5484  -0.5466  -0.5408  -0.5260  -0.4989  -0.4804
 -0.5687  -0.9530  -1.5529  -2.1985  -2.8688  -3.5957  -4.4294  -5.4437  -6.7503
 -8.5241 -11.0401 -14.7338 -20.2946 -28.8149 -36.9420 -36.9420 -36.9420 -36.9420
-36.9420 -36.9420 -36.9420
  0.0000  -0.5313  -0.5313  -0.5313  -0.5313  -0.5313  -0.5313  -0.5313  -0.5313
 -0.5313  -0.5313  -0.5312  -0.5309  -0.5295  -0.5248  -0.5125  -0.4904  -0.4803
 -0.5783  -0.9621  -1.5552  -2.1980  -2.8680  -3.5950  -4.4292  -5.4436  -6.7506
 -8.5245 -11.0406 -14.7344 -20.2953 -28.8156 -36.9427 -36.9427 -36.9427 -36.9427
-36.9427 -36.9427 -36.9427
  0.0000  -0.4905  -0.4905  -0.4905  -0.4905  -0.4905  -0.4905  -0.4905  -0.4905
 -0.4905  -0.4905  -0.4905  -0.4904  -0.4899  -0.4876  -0.4810  -0.4707  -0.4807
 -0.6012  -0.9846  -1.5619  -2.1972  -2.8655  -3.5930  -4.4279  -5.4432  -6.7507
 -8.5250 -11.0414 -14.7353 -20.2963 -28.8167 -36.9439 -36.9439 -36.9439 -36.9439
-36.9439 -36.9439 -36.9439
  0.0000  -0.4447  -0.4447  -0.4447  -0.4447  -0.4447  -0.4447  -0.4447  -0.4447
 -0.4447  -0.4447  -0.4448  -0.4449  -0.4452  -0.4455  -0.4455  -0.4489  -0.4823
 -0.6297  -1.0144  -1.5735  -2.1981  -2.8630  -3.5906  -4.4266  -5.4427  -6.7508
 -8.5259 -11.0426 -14.7368 -20.2979 -28.8183 -36.9458 -36.9458 -36.9458 -36.9458
-36.9458 -36.9458 -36.9458
 -2.0000  -0.3915  -0.3915  -0.3915  -0.3915  -0.3916  -0.3917  -0.3918  -0.3922
 -0.3928  -0.3936  -0.3947  -0.3959  -0.3966  -0.3958  -0.3944  -0.4021  -0.4581
 -0.6402  -1.0786  -1.6840  -2.3854  -3.1880  -4.1444  -5.3482  -6.9490  -9.1837
-12.4265 -17.2693 -24.6497 -36.0527 -36.8716 -36.8716 -36.8716 -36.8716 -36.8716
-36.8716 -36.8716 -36.8716
 -1.0000  -0.3917  -0.3917  -0.3917  -0.3917  -0.3917  -0.3918  -0.3919  -0.3922
 -0.3928  -0.3936  -0.3947  -0.3959  -0.3966  -0.3958  -0.3944  -0.4021  -0.4581
 -0.6402  -1.0786  -1.6840  -2.3854  -3.1880  -4.1444  -5.3482  -6.9490  -9.1837
-12.4265 -17.2693 -24.6497 -36.0527 -36.8716 -36.8716 -36.8716 -36.8716 -36.8716
-36.8716 -36.8716 -36.8716
  0.0000  -0.3919  -0.3919  -0.3919  -0.3919  -0.3919  -0.3920  -0.3921  -0.3923
 -0.3928  -0.3936  -0.3946  -0.3959  -0.3966  -0.3958  -0.3944  -0.4021  -0.4581
 -0.6402  -1.0785  -1.6840  -2.3854  -3.1880  -4.1444  -5.3482  -6.9490  -9.1837
-12.4265 -17.2693 -24.6497 -36.0527 -36.8716 -36.8716 -36.8716 -36.8716 -36.8716
-36.8716 -36.8716 -36.8716
  1.0000  -0.3924  -0.3924  -0.3924  -0.3924  -0.3924  -0.3924  -0.3925  -0.3927
 -0.3930  -0.3937  -0.3948  -0.3960  -0.3967  -0.3960  -0.3946  -0.4024  -0.4583
 -0.6404  -1.0787  -1.6841  -2.3856  -3.1882  -4.1446  -5.3484  -6.9492  -9.1839
-12.4267 -17.2695 -24.6499 -36.0529 -36.8718 -36.8718 -36.8718 -36.8718 -36.8718
-36.8718 -36.8718 -36.8718
  2.0000  -0.3928  -0.3928  -0.3928  -0.3928  -0.3928  -0.3928  -0.3928  -0.3929
 -0.3932  -0.3938  -0.3947  -0.3959  -0.3967  -0.3960  -0.3946  -0.4025  -0.4584
 -0.6404  -1.0786  -1.6841  -2.3855  -3.1882  -4.1446  -5.3484  -6.9492  -9.1839
-12.4267 -17.2695 -24.6499 -36.0529 -36.8718 -36.8718 -36.8718 -36.8718 -36.8718
-36.8718 -36.8718 -36.8718
  3.0000  -0.3932  -0.3932  -0.3932  -0.3932  -0.3932  -0.3933  -0.3933  -0.3934
 -0.3935  -0.3939  -0.3947  -0.3958  -0.3965  -0.3960  -0.3947  -0.4026  -0.4584
 -0.6403  -1.0783  -1.6839  -2.3855  -3.1881  -4.1446  -5.3484  -6.9492  -9.1839
-12.4267 -17.2695 -24.6499 -36.0529 -36.8718 -36.8718 -36.8718 -36.8718 -36.8718
-36.8718 -36.8718 -36.8718
  4.0000  -0.3938  -0.3938  -0.3938  -0.3938  -0.3938  -0.3938  -0.3938  -0.3939
 -0.3940  -0.3942  -0.3947  -0.3955  -0.3963  -0.3960  -0.3948  -0.4030  -0.4586
 -0.6403  -1.0779  -1.6836  -2.3853  -3.1880  -4.1445  -5.3483  -6.9492  -9.1839
-12.4267 -17.2695 -24.6498 -36.0529 -36.8718 -36.8718 -36.8718 -36.8718 -36.8718
-36.8718 -36.8718 -36.8718
-12.0000  -0.3914  -0.3914  -0.3914  -0.3915  -0.3915  -0.3917  -0.3919  -0.3923
 -0.3929  -0.3937  -0.3948  -0.3960  -0.3967  -0.3959  -0.3945  -0.4022  -0.4582
 -0.6403  -1.0787  -1.6841  -2.3855  -3.1881  -4.1445  -5.3483  -6.9491  -9.1838
-12.4266 -17.2694 -24.6498 -36.0528 -36.8717 -36.8717 -36.8717 -36.8717 -36.8717
-36.8717 -36.8717 -36.8717
-11.0000  -0.3915  -0.3915  -0.3915  -0.3915  -0.3916  -0.3917  -0.3919  -0.3923
 -0.3929  -0.3937  -0.3948  -0.3960  -0.3967  -0.3959  -0.3945  -0.4022  -0.4582
 -0.6403  -1.0787  -1.6841  -2.3855  -3.1881  -4.1445  -5.3483  -6.9491  -9.1838
-12.4266 -17.2694 -24.6498 -36.0528 -36.8717 -36.8717 -36.8717 -36.8717 -36.8717
-36.8717 -36.8717 -36.8717
-10.0000  -0.3916  -0.3916  -0.3916  -0.3916  -0.3917  -0.3917  -0.3919  -0.3923
 -0.3929  -0.3937  -0.3948  -0.3960  -0.3967  -0.3959  -0.3945  -0.4022  -0.4582
 -0.6403  -1.0787  -1.6841  -2.3855  -3.1881  -4.1445  -5.3483  -6.9491  -9.1838
-12.4266 -17.2694 -24.6498 -36.0528 -36.8717 -36.8717 -36.8717 -36.8717 -36.8717
-36.8717 -36.8717 -36.8717
 11.0000  -0.3917  -0.3917  -0.3917  -0.3918  -0.3918  -0.3918  -0.3920  -0.3923
 -0.3929  -0.3937  -0.3948  -0.3960  -0.3967  -0.3959  -0.3945  -0.4022  -0.4582
 -0.6403  -1.0787  -1.6841  -2.3855  -3.1881  -4.1445  -5.3483  -6.9491  -9.1838
-12.4266 -17.2694 -24.6498 -36.0528 -36.8717 -36.8717 -36.8717 -36.8717 -36.8717
-36.8717 -36.8717 -36.8717
 12.0000  -0.3920  -0.3920  -0.3920  -0.3920  -0.3921  -0.3921  -0.3922  -0.3925
 -0.3930  -0.3938  -0.3949  -0.3961  -0.3968  -0.3960  -0.3946  -0.4023  -0.4583
 -0.6404  -1.0787  -1.6842  -2.3856  -3.1882  -4.1446  -5.3484  -6.9492  -9.1839
-12.4267 -17.2695 -24.6499 -36.0529 -36.8718 -36.8718 -36.8718 -36.8718 -36.8718
-36.8718 -36.8718 -36.8718
 13.0000  -0.3921  -0.3921  -0.3921  -0.3921  -0.3921  -0.3922  -0.3922  -0.3924
 -0.3928  -0.3935  -0.3946  -0.3958  -0.3965  -0.3958  -0.3944  -0.4022  -0.4581
 -0.6402  -1.0785  -1.6839  -2.3854  -3.1880  -4.1444  -5.3482  -6.9490  -9.1837
-12.4265 -17.2693 -24.6497 -36.0527 -36.8716 -36.8716 -36.8716 -36.8716 -36.8716
-36.8716 -36.8716 -36.8716
 14.0000  -0.3926  -0.3926  -0.3926  -0.3926  -0.3926  -0.3926  -0.3927  -0.3928
 -0.3931  -0.3936  -0.3946  -0.3958  -0.3966  -0.3959  -0.3945  -0.4023  -0.4583
 -0.6403  -1.0785  -1.6840  -2.3854  -3.1881  -4.1445  -5.3483  -6.9491  -9.1838
-12.4266 -17.2694 -24.6498 -36.0528 -36.8717 -36.8717 -36.8717 -36.8717 -36.8717
-36.8717 -36.8717 -36.8717
-22.0000  -0.3914  -0.3914  -0.3914  -0.3915  -0.3916  -0.3918  -0.3920  -0.3924
 -0.3930  -0.3938  -0.3949  -0.3961  -0.3968  -0.3960  -0.3946  -0.4023  -0.4583
 -0.6404  -1.0788  -1.6842  -2.3856  -3.1882  -4.1446  -5.3484  -6.9492  -9.1839
-12.4267 -17.2695 -24.6499 -36.0529 -36.8718 -36.8718 -36.8718 -36.8718 -36.8718
-36.8718 -36.8718 -36.8718
-21.0000  -0.3914  -0.3914  -0.3915  -0.3915  -0.3916  -0.3918  -0.3920  -0.3924
 -0.3930  -0.3938  -0.3949  -0.3961  -0.3968  -0.3960  -0.3946  -0.4023  -0.4583
 -0.6404  -1.0788  -1.6842  -2.3856  -3.1882  -4.1446  -5.3484  -6.9492  -9.1839
-12.4267 -17.2695 -24.6499 -36.0529 -36.8718 -36.8718 -36.8718 -36.8718 -36.8718
-36.8718 -36.8718 -36.8718
-20.0000  -0.3915  -0.3915  -0.3915  -0.3915  -0.3916  -0.3918  -0.3920  -0.3924
 -0.3930  -0.3938  -0.3949  -0.3961  -0.3968  -0.3960  -0.3946  -0.4023  -0.4583
 -0.6404  -1.0788  -1.6842  -2.3856  -3.1882  -4.1446  -5.3484  -6.9492  -9.1839
-12.4267 -17.2695 -24.6499 -36.0529 -36.8718 -36.8718 -36.8718 -36.8718 -36.8718
-36.8718 -36.8718 -36.8718
 21.0000  -0.3916  -0.3916  -0.3916  -0.3916  -0.3917  -0.3918  -0.3920  -0.3924
 -0.3930  -0.3938  -0.3949  -0.3961  -0.3968  -0.3960  -0.3946  -0.4023  -0.4583
 -0.6404  -1.0788  -1.6842  -2.3856  -3.1882  -4.1446  -5.3484  -6.9492  -9.1839
-12.4267 -17.2695 -24.6499 -36.0529 -36.8718 -36.8718 -36.8718 -36.8718 -36.8718
-36.8718 -36.8718 -36.8718
 22.0000  -0.3917  -0.3917  -0.3917  -0.3917  -0.3917  -0.3918  -0.3920  -0.3924
 -0.3930  -0.3938  -0.3949  -0.3961  -0.3968  -0.3960  -0.3946  -0.4023  -0.4583
 -0.6404  -1.0788  -1.6842  -2.3856  -3.1882  -4.1446  -5.3484  -6.9492  -9.1839
-12.4267 -17.2695 -24.6499 -36.0529 -36.8718 -36.8718 -36.8718 -36.8718 -36.8718
-36.8718 -36.8718 -36.8718
 23.0000  -0.3916  -0.3916  -0.3916  -0.3916  -0.3916  -0.3917  -0.3919  -0.3922
 -0.3928  -0.3936  -0.3947  -0.3959  -0.3966  -0.3958  -0.3944  -0.4021  -0.4581
 -0.6402  -1.0786  -1.6840  -2.3854  -3.1880  -4.1444  -5.3482  -6.9490  -9.1837
-12.4265 -17.2693 -24.6497 -36.0527 -36.8716 -36.8716 -36.8716 -36.8716 -36.8716
-36.8716 -36.8716 -36.8716
 24.0000  -0.3920  -0.3920  -0.3920  -0.3920  -0.3920  -0.3921  -0.3922  -0.3925
 -0.3930  -0.3938  -0.3949  -0.3961  -0.3968  -0.3960  -0.3946  -0.4023  -0.4583
 -0.6404  -1.0788  -1.6842  -2.3856  -3.1882  -4.1446  -5.3484  -6.9492  -9.1839
-12.4267 -17.2695 -24.6499 -36.0529 -36.8718 -36.8718 -36.8718 -36.8718 -36.8718
-36.8718 -36.8718 -36.8718
-32.0000  -0.3913  -0.3913  -0.3913  -0.3914  -0.3915  -0.3917  -0.3919  -0.3923
 -0.3929  -0.3937  -0.3948  -0.3960  -0.3967  -0.3959  -0.3945  -0.4022  -0.4582
 -0.6403  -1.0787  -1.6841  -2.3855  -3.1881  -4.1445  -5.3483  -6.9491  -9.1838
-12.4266 -17.2694 -24.6498 -36.0528 -36.8717 -36.8717 -36.8717 -36.8717 -36.8717
-36.8717 -36.8717 -36.8717
-31.0000  -0.3913  -0.3913  -0.3913  -0.3914  -0.3915  -0.3917  -0.3919  -0.3923
 -0.3929  -0.3937  -0.3948  -0.3960  -0.3967  -0.3959  -0.3945  -0.4022  -0.4582
 -0.6403  -1.0787  -1.6841  -2.3855  -3.1881  -4.1445  -5.3483  -6.9491  -9.1838
-12.4266 -17.2694 -24.6498 -36.0528 -36.8717 -36.8717 -36.8717 -36.8717 -36.8717
-36.8717 -36.8717 -36.8717
-30.0000  -0.3913  -0.3913  -0.3913  -0.3914  -0.3915  -0.3917  -0.3919  -0.3923
 -0.3929  -0.3937  -0.3948  -0.3960  -0.3967  -0.3959  -0.3945  -0.4022  -0.4582
 -0.6403  -1.0787  -1.6841  -2.3855  -3.1881  -4.1445  -5.3483  -6.9491  -9.1838
-12.4266 -17.2694 -24.6498 -36.0528 -36.8717 -36.8717 -36.8717 -36.8717 -36.8717
-36.8717 -36.8717 -36.8717
 31.0000  -0.3913  -0.3913  -0.3914  -0.3914  -0.3915  -0.3917  -0.3919  -0.3923
 -0.3929  -0.3937  -0.3948  -0.3960  -0.3967  -0.3959  -0.3945  -0.4022  -0.4582
 -0.6403  -1.0787  -1.6841  -2.3855  -3.1881  -4.1445  -5.3483  -6.9491  -9.1838
-12.4266 -17.2694 -24.6498 -36.0528 -36.8717 -36.8717 -36.8717 -36.8717 -36.8717
-36.8717 -36.8717 -36.8717
 32.0000  -0.3914  -0.3914  -0.3914  -0.3914  -0.3915  -0.3917  -0.3919  -0.3923
 -0.3929  -0.3937  -0.3948  -0.3960  -0.3967  -0.3959  -0.3945  -0.4022  -0.4582
 -0.6403  -1.0787  -1.6841  -2.3855  -3.1881  -4.1445  -5.3483  -6.9491  -9.1838
-12.4266 -17.2694 -24.6498 -36.0528 -36.8717 -36.8717 -36.8717 -36.8717 -36.8717
-36.8717 -36.8717 -36.8717
 33.0000  -0.3915  -0.3916  -0.3916  -0.3916  -0.3917  -0.3918  -0.3920  -0.3924
 -0.3930  -0.3938  -0.3949  -0.3961  -0.3968  -0.3960  -0.3946  -0.4023  -0.4583
 -0.6404  -1.0788  -1.6842  -2.3856  -3.1882  -4.1446  -5.3484  -6.9492  -9.1839
-12.4267 -17.2695 -24.6499 -36.0529 -36.8718 -36.8718 -36.8718 -36.8718 -36.8718
-36.8718 -36.8718 -36.8718
 34.0000  -0.3915  -0.3915  -0.3916  -0.3916  -0.3916  -0.3917  -0.3919  -0.3923
 -0.3929  -0.3937  -0.3948  -0.3960  -0.3967  -0.3959  -0.3945  -0.4022  -0.4582
 -0.6403  -1.0787  -1.6841  -2.3855  -3.1881  -4.1445  -5.3483  -6.9491  -9.1838
-12.4266 -17.2694 -24.6498 -36.0528 -36.8717 -36.8717 -36.8717 -36.8717 -36.8717
-36.8717 -36.8717 -36.8717
-42.0000  -0.3913  -0.3913  -0.3913  -0.3914  -0.3915  -0.3917  -0.3919  -0.3923
 -0.3929  -0.3937  -0.3948  -0.3960  -0.3967  -0.3959  -0.3945  -0.4022  -0.4582
 -0.6403  -1.0787  -1.6841  -2.3855  -3.1881  -4.1445  -5.3483  -6.9491  -9.1838
-12.4266 -17.2694 -24.6498 -36.0528 -36.8717 -36.8717 -36.8717 -36.8717 -36.8717
-36.8717 -36.8717 -36.8717
-41.0000  -0.3913  -0.3913  -0.3913  -0.3914  -0.3915  -0.3917  -0.3919  -0.3923
 -0.3929  -0.3937  -0.3948  -0.3960  -0.3967  -0.3959  -0.3945  -0.4022  -0.4582
 -0.6403  -1.0787  -1.6841  -2.3855  -3.1881  -4.1445  -5.3483  -6.9491  -9.1838
-12.4266 -17.2694 -24.6498 -36.0528 -36.8717 -36.8717 -36.8717 -36.8717 -36.8717
-36.8717 -36.8717 -36.8717
-40.0000  -0.3913  -0.3913  -0.3913  -0.3914  -0.3915  -0.3917  -0.3919  -0.3923
 -0.3929  -0.3937  -0.3948  -0.3960  -0.3967  -0.3959  -0.3945  -0.4022  -0.4582
 -0.6403  -1.0787  -1.6841  -2.3855  -3.1881  -4.1445  -5.3483  -6.9491  -9.1838
-12.4266 -17.2694 -24.6498 -36.0528 -36.8717 -36.8717 -36.8717 -36.8717 -36.8717
-36.8717 -36.8717 -36.8717
 41.0000  -0.3913  -0.3913  -0.3913  -0.3914  -0.3915  -0.3917  -0.3919  -0.3923
 -0.3929  -0.3937  -0.3948  -0.3960  -0.3967  -0.3959  -0.3945  -0.4022  -0.4582
 -0.6403  -1.0787  -1.6841  -2.3855  -3.1881  -4.1445  -5.3483  -6.9491  -9.1838
-12.4266 -17.2694 -24.6498 -36.0528 -36.8717 -36.8717 -36.8717 -36.8717 -36.8717
-36.8717 -36.8717 -36.8717
 42.0000  -0.3913  -0.3913  -0.3913  -0.3914  -0.3915  -0.3917  -0.3919  -0.3923
 -0.3929  -0.3937  -0.3948  -0.3960  -0.3967  -0.3959  -0.3945  -0.4022  -0.4582
 -0.6403  -1.0787  -1.6841  -2.3855  -3.1881  -4.1445  -5.3483  -6.9491  -9.1838
-12.4266 -17.2694 -24.6498 -36.0528 -36.8717 -36.8717 -36.8717 -36.8717 -36.8717
-36.8717 -36.8717 -36.8717
 43.0000  -0.3913  -0.3913  -0.3914  -0.3914  -0.3915  -0.3917  -0.3919  -0.3923
 -0.3929  -0.3937  -0.3948  -0.3960  -0.3967  -0.3959  -0.3945  -0.4022  -0.4582
 -0.6403  -1.0787  -1.6841  -2.3855  -3.1881  -4.1445  -5.3483  -6.9491  -9.1838
-12.4266 -17.2694 -24.6498 -36.0528 -36.8717 -36.8717 -36.8717 -36.8717 -36.8717
-36.8717 -36.8717 -36.8717
 44.0000  -0.3915  -0.3915  -0.3915  -0.3915  -0.3916  -0.3918  -0.3920  -0.3924
 -0.3930  -0.3938  -0.3949  -0.3961  -0.3968  -0.3960  -0.3946  -0.4023  -0.4583
 -0.6404  -1.0788  -1.6842  -2.3856  -3.1882  -4.1446  -5.3484  -6.9492  -9.1839
-12.4267 -17.2695 -24.6499 -36.0529 -36.8718 -36.8718 -36.8718 -36.8718 -36.8718
-36.8718 -36.8718 -36.8718
-52.0000  -0.3913  -0.3913  -0.3913  -0.3914  -0.3915  -0.3917  -0.3919  -0.3923
 -0.3929  -0.3937  -0.3948  -0.3960  -0.3967  -0.3959  -0.3945  -0.4022  -0.4582
 -0.6403  -1.0787  -1.6841  -2.3855  -3.1881  -4.1445  -5.3483  -6.9491  -9.1838
-12.4266 -17.2694 -24.6498 -36.0528 -36.8717 -36.8717 -36.8717 -36.8717 -36.8717
-36.8717 -36.8717 -36.8717
-51.0000  -0.3913  -0.3913  -0.3913  -0.3914  -0.3915  -0.3917  -0.3919  -0.3923
 -0.3929  -0.3937  -0.3948  -0.3960  -0.3967  -0.3959  -0.3945  -0.4022  -0.4582
 -0.6403  -1.0787  -1.6841  -2.3855  -3.1881  -4.1445  -5.3483  -6.9491  -9.1838
-12.4266 -17.2694 -24.6498 -36.0528 -36.8717 -36.8717 -36.8717 -36.8717 -36.8717
-36.8717 -36.8717 -36.8717
-50.0000  -0.3913  -0.3913  -0.3913  -0.3914  -0.3915  -0.3917  -0.3919  -0.3923
 -0.3929  -0.3937  -0.3948  -0.3960  -0.3967  -0.3959  -0.3945  -0.4022  -0.4582
 -0.6403  -1.0787  -1.6841  -2.3855  -3.1881  -4.1445  -5.3483  -6.9491  -9.1838
-12.4266 -17.2694 -24.6498 -36.0528 -36.8717 -36.8717 -36.8717 -36.8717 -36.8717
-36.8717 -36.8717 -36.8717
 51.0000  -0.3913  -0.3913  -0.3913  -0.3914  -0.3915  -0.3917  -0.3919  -0.3923
 -0.3929  -0.3937  -0.3948  -0.3960  -0.3967  -0.3959  -0.3945  -0.4022  -0.4582
 -0.6403  -1.0787  -1.6841  -2.3855  -3.1881  -4.1445  -5.3483  -6.9491  -9.1838
-12.4266 -17.2694 -24.6498 -36.0528 -36.8717 -36.8717 -36.8717 -36.8717 -36.8717
-36.8717 -36.8717 -36.8717
 52.0000  -0.3913  -0.3913  -0.3913  -0.3914  -0.3915  -0.3917  -0.3919  -0.3923
 -0.3929  -0.3937  -0.3948  -0.3960  -0.3967  -0.3959  -0.3945  -0.4022  -0.4582
 -0.6403  -1.0787  -1.6841  -2.3855  -3.1881  -4.1445  -5.3483  -6.9491  -9.1838
-12.4266 -17.2694 -24.6498 -36.0528 -36.8717 -36.8717 -36.8717 -36.8717 -36.8717
-36.8717 -36.8717 -36.8717
 53.0000  -0.3913  -0.3913  -0.3913  -0.3914  -0.3915  -0.3917  -0.3919  -0.3923
 -0.3929  -0.3937  -0.3948  -0.3960  -0.3967  -0.3959  -0.3945  -0.4022  -0.4582
 -0.6403  -1.0787  -1.6841  -2.3855  -3.1881  -4.1445  -5.3483  -6.9491  -9.1838
-12.4266 -17.2694 -24.6498 -36.0528 -36.8717 -36.8717 -36.8717 -36.8717 -36.8717
-36.8717 -36.8717 -36.8717
 54.0000  -0.3905  -0.3905  -0.3905  -0.3906  -0.3907  -0.3909  -0.3911  -0.3915
 -0.3921  -0.3929  -0.3940  -0.3952  -0.3959  -0.3951  -0.3937  -0.4014  -0.4574
 -0.6395  -1.0779  -1.6833  -2.3847  -3.1873  -4.1437  -5.3475  -6.9483  -9.1830
-12.4258 -17.2686 -24.6490 -36.0520 -36.8709 -36.8709 -36.8709 -36.8709 -36.8709
-36.8709 -36.8709 -36.8709
-62.0000  -0.5196  -0.5196  -0.5196  -0.5197  -0.5198  -0.5200  -0.5202  -0.5206
 -0.5212  -0.5220  -0.5231  -0.5243  -0.5250  -0.5242  -0.5228  -0.5305  -0.5865
 -0.7686  -1.2070  -1.8124  -2.5138  -3.3164  -4.2728  -5.4766  -7.0774  -9.3121
-12.5549 -17.3977 -24.7781 -36.1811 -37.0000 -37.0000 -37.0000 -37.0000 -37.0000
-37.0000 -37.0000 -37.0000
-61.0000  -0.5196  -0.5196  -0.5196  -0.5197  -0.5198  -0.5200  -0.5202  -0.5206
 -0.5212  -0.5220  -0.5231  -0.5243  -0.5250  -0.5242  -0.5228  -0.5305  -0.5865
 -0.7686  -1.2070  -1.8124  -2.5138  -3.3164  -4.2728  -5.4766  -7.0774  -9.3121
-12.5549 -17.3977 -24.7781 -36.1811 -37.0000 -37.0000 -37.0000 -37.0000 -37.0000
-37.0000 -37.0000 -37.0000
-60.0000  -0.5196  -0.5196  -0.5196  -0.5197  -0.5198  -0.5200  -0.5202  -0.5206
 -0.5212  -0.5220  -0.5231  -0.5243  -0.5250  -0.5242  -0.5228  -0.5305  -0.5865
 -0.7686  -1.2070  -1.8124  -2.5138  -3.3164  -4.2728  -5.4766  -7.0774  -9.3121
-12.5549 -17.3977 -24.7781 -36.1811 -37.0000 -37.0000 -37.0000 -37.0000 -37.0000
-37.0000 -37.0000 -37.0000
 61.0000  -0.5196  -0.5196  -0.5196  -0.5197  -0.5198  -0.5200  -0.5202  -0.5206
 -0.5212  -0.5220  -0.5231  -0.5243  -0.5250  -0.5242  -0.5228  -0.5305  -0.5865
 -0.7686  -1.2070  -1.8124  -2.5138  -3.3164  -4.2728  -5.4766  -7.0774  -9.3121
-12.5549 -17.3977 -24.7781 -36.1811 -37.0000 -37.0000 -37.0000 -37.0000 -37.0000
-37.0000 -37.0000 -37.0000
 62.0000  -0.5196  -0.5196  -0.5196  -0.5197  -0.5198  -0.5200  -0.5202  -0.5206
 -0.5212  -0.5220  -0.5231  -0.5243  -0.5250  -0.5242  -0.5228  -0.5305  -0.5865
 -0.7686  -1.2070  -1.8124  -2.5138  -3.3164  -4.2728  -5.4766  -7.0774  -9.3121
-12.5549 -17.3977 -24.7781 -36.1811 -37.0000 -37.0000 -37.0000 -37.0000 -37.0000
-37.0000 -37.0000 -37.0000
 63.0000  -0.5196  -0.5196  -0.5196  -0.5197  -0.5198  -0.5200  -0.5202  -0.5206
 -0.5212  -0.5220  -0.5231  -0.5243  -0.5250  -0.5242  -0.5228  -0.5305  -0.5865
 -0.7686  -1.2070  -1.8124  -2.5138  -3.3164  -4.2728  -5.4766  -7.0774  -9.3121
-12.5549 -17.3977 -24.7781 -36.1811 -37.0000 -37.0000 -37.0000 -37.0000 -37.0000
-37.0000 -37.0000 -37.0000
 64.0000  -0.5196  -0.5196  -0.5196  -0.5197  -0.5198  -0.5200  -0.5202  -0.5206
 -0.5212  -0.5220  -0.5231  -0.5243  -0.5250  -0.5242  -0.5228  -0.5305  -0.5865
 -0.7686  -1.2070  -1.8124  -2.5138  -3.3164  -4.2728  -5.4766  -7.0774  -9.3121
-12.5549 -17.3977 -24.7781 -36.1811 -37.0000 -37.0000 -37.0000 -37.0000 -37.0000
-37.0000 -37.0000 -37.0000
nl= 2 nu=19
  0.0000  -1.4016  -1.4016  -1.4016  -1.4016  -1.4016  -1.4016  -1.4016  -1.4016
 -1.4016  -1.4016  -1.4016  -1.4016  -1.4016  -1.4017  -1.4017  -1.4020  -1.4025
 -1.4038  -1.4071  -1.4155  -1.4364  -1.4890  -1.6208  -1.9484  -2.7362  -4.0322
 -4.7057  -5.2510  -5.7967  -6.3959  -7.0868  -7.6051  -8.1294  -8.6662  -9.2235
 -9.8135 -10.4557 -11.1809 -12.0376
  0.0000  -1.5447  -1.5447  -1.5447  -1.5447  -1.5447  -1.5447  -1.5447  -1.5447
 -1.5447  -1.5447  -1.5447  -1.5447  -1.5447  -1.5447  -1.5447  -1.5448  -1.5451
 -1.5458  -1.5475  -1.5518  -1.5625  -1.5895  -1.6573  -1.8271  -2.2502  -3.2628
 -4.6194  -5.2262  -5.7849  -6.3889  -7.0814  -7.6026  -8.1279  -8.6654  -9.2230
 -9.8133 -10.4557 -11.1809 -12.0377
  0.0000  -1.6911  -1.6911  -1.6911  -1.6911  -1.6911  -1.6911  -1.6911  -1.6911
 -1.6911  -1.6911  -1.6911  -1.6911  -1.6911  -1.6912  -1.6912  -1.6912  -1.6914
 -1.6917  -1.6926  -1.6948  -1.7002  -1.7139  -1.7484  -1.8348  -2.0516  -2.5920
 -3.8722  -5.1715  -5.7635  -6.3766  -7.0728  -7.5988  -8.1257  -8.6643  -9.2226
 -9.8132 -10.4559 -11.1813 -12.0381
  0.0000  -1.8380  -1.8380  -1.8380  -1.8380  -1.8380  -1.8380  -1.8380  -1.8380
 -1.8380  -1.8380  -1.8380  -1.8380  -1.8380  -1.8380  -1.8380  -1.8380  -1.8381
 -1.8383  -1.8387  -1.8398  -1.8426  -1.8495  -1.8669  -1.9105  -2.0201  -2.2950
 -2.9808  -4.5668  -5.7194  -6.3529  -7.0562  -7.5908  -8.1201  -8.6605  -9.2198
 -9.8112 -10.4542 -11.1799 -12.0370
  0.0000  -1.9879  -1.9879  -1.9879  -1.9879  -1.9879  -1.9879  -1.9879  -1.9879
 -1.9879  -1.9879  -1.9879  -1.9879  -1.9879  -1.9879  -1.9879  -1.9880  -1.9880
 -1.9881  -1.9883  -1.9889  -1.9902  -1.9937  -2.0025  -2.0244  -2.0795  -2.2179
 -2.5652  -3.4319  -5.3317  -6.3131  -7.0308  -7.5805  -8.1137  -8.6568  -9.2178
 -9.8104 -10.4541 -11.1802 -12.0376
  0.0000  -2.1373  -2.1373  -2.1373  -2.1373  -2.1373  -2.1373  -2.1373  -2.1373
 -2.1373  -2.1373  -2.1373  -2.1373  -2.1373  -2.1373  -2.1373  -2.1373  -2.1373
 -2.1374  -2.1375  -2.1377  -2.1384  -2.1402  -2.1446  -2.1556  -2.1832  -2.2527
 -2.4271  -2.8648  -3.9572  -6.1117  -6.9860  -7.5635  -8.1018  -8.6491  -9.2128
 -9.8069 -10.4519 -11.1788 -12.0365
  0.0000  -2.2862  -2.2862  -2.2862  -2.2862  -2.2862  -2.2862  -2.2862  -2.2862
 -2.2862  -2.2862  -2.2862  -2.2862  -2.2862  -2.2862  -2.2862  -2.2862  -2.2862
 -2.2863  -2.2863  -2.2865  -2.2868  -2.2877  -2.2899  -2.2954  -2.3092  -2.3440
 -2.4314  -2.6509  -3.2018  -4.5762  -6.8743  -7.5394  -8.0843  -8.6370  -9.2044
 -9.8011 -10.4476 -11.1758 -12.0343
  0.0000  -1.1054  -1.1054  -1.1054  -1.1054  -1.1054  -1.1054  -1.1054  -1.1054
 -1.1054  -1.1054  -1.1054  -1.1054  -1.1055  -1.1056  -1.1060  -1.1068  -1.1090
 -1.1144  -1.1281  -1.1622  -1.2476  -1.4586  -1.9596  -2.8999  -3.6680  -4.2324
 -4.7725  -5.3450  -6.0789  -6.5976  -7.1195  -7.6519  -8.2014  -8.7789  -9.4011
-10.0943 -10.9003 -11.8852 -13.1535
  0.0000  -1.2342  -1.2342  -1.2342  -1.2342  -1.2342  -1.2342  -1.2342  -1.2342
 -1.2342  -1.2342  -1.2342  -1.2342  -1.2343  -1.2343  -1.2345  -1.2350  -1.2361
 -1.2391  -1.2464  -1.2648  -1.3110  -1.4265  -1.7124  -2.3891  -3.5094  -4.1988
 -4.7576  -5.3364  -6.0716  -6.5940  -7.1173  -7.6505  -8.2005  -8.7784  -9.4007
-10.0941 -10.9002 -11.8851 -13.1535
  0.0000  -1.3706  -1.3706  -1.3706  -1.3706  -1.3706  -1.3706  -1.3706  -1.3706
 -1.3706  -1.3706  -1.3706  -1.3706  -1.3706  -1.3706  -1.3707  -1.3710  -1.3716
 -1.3731  -1.3769  -1.3866  -1.4108  -1.4715  -1.6235  -2.0002  -2.8875  -4.1022
 -4.7293  -5.3210  -6.0584  -6.5881  -7.1130  -7.6477  -8.1986  -8.7769  -9.3997
-10.0932 -10.8995 -11.8845 -13.1529
  0.0000  -1.5137  -1.5137  -1.5137  -1.5137  -1.5137  -1.5137  -1.5137  -1.5137
 -1.5137  -1.5137  -1.5137  -1.5137  -1.5137  -1.5137  -1.5137  -1.5139  -1.5142
 -1.5150  -1.5169  -1.5219  -1.5343  -1.5656  -1.6440  -1.8404  -2.3281  -3.4638
 -4.6688  -5.2960  -6.0380  -6.5802  -7.1081  -7.6447  -8.1971  -8.7763  -9.3996
-10.0936 -10.9000 -11.8851 -13.1536
  0.0000  -1.6588  -1.6588  -1.6588  -1.6588  -1.6588  -1.6588  -1.6588  -1.6588
 -1.6588  -1.6588  -1.6588  -1.6588  -1.6588  -1.6589  -1.6589  -1.6589  -1.6591
 -1.6595  -1.6605  -1.6630  -1.6693  -1.6852  -1.7251  -1.8253  -2.0763  -2.7004
 -4.1199  -5.2472  -6.0020  -6.5667  -7.0984  -7.6386  -8.1929  -8.7735  -9.3978
-10.0922 -10.8991 -11.8844 -13.1531
  0.0000  -1.8072  -1.8072  -1.8072  -1.8072  -1.8072  -1.8072  -1.8072  -1.8072
 -1.8072  -1.8072  -1.8072  -1.8072  -1.8072  -1.8072  -1.8072  -1.8072  -1.8073
 -1.8075  -1.8080  -1.8093  -1.8125  -1.8205  -1.8406  -1.8913  -2.0183  -2.3369
 -3.1296  -4.8546  -5.9411  -6.5490  -7.0853  -7.6301  -8.1876  -8.7703  -9.3959
-10.0914 -10.8988 -11.8846 -13.1535
  0.0000  -1.9554  -1.9554  -1.9554  -1.9554  -1.9554  -1.9554  -1.9554  -1.9554
 -1.9554  -1.9554  -1.9554  -1.9554  -1.9554  -1.9554  -1.9555  -1.9555  -1.9555
 -1.9556  -1.9559  -1.9565  -1.9581  -1.9621  -1.9723  -1.9977  -2.0617  -2.2222
 -2.6248  -3.6275  -5.6671  -6.5231  -7.0666  -7.6169  -8.1781  -8.7638  -9.3914
-10.0882 -10.8966 -11.8830 -13.1522
  0.0000  -0.8665  -0.8665  -0.8665  -0.8665  -0.8665  -0.8665  -0.8665  -0.8665
 -0.8665  -0.8665  -0.8666  -0.8666  -0.8668  -0.8673  -0.8684  -0.8713  -0.8785
 -0.8965  -0.9415  -1.0521  -1.3142  -1.8571  -2.5808  -3.1942  -3.7478  -4.3039
 -4.9598  -5.5876  -6.1091  -6.6381  -7.1813  -7.7483  -8.3533  -9.0192  -9.7818
-10.6978 -11.8568 -13.4013 -15.5565
  0.0000  -0.9632  -0.9632  -0.9632  -0.9632  -0.9632  -0.9632  -0.9632  -0.9632
 -0.9632  -0.9632  -0.9632  -0.9633  -0.9634  -0.9637  -0.9644  -0.9661  -0.9705
 -0.9814  -1.0088  -1.0772  -1.2452  -1.6396  -2.3932  -3.1453  -3.7289  -4.2940
 -4.9522  -5.5828  -6.1062  -6.6362  -7.1802  -7.7475  -8.3529  -9.0190  -9.7816
-10.6976 -11.8567 -13.4012 -15.5565
  0.0000  -1.0772  -1.0772  -1.0772  -1.0772  -1.0772  -1.0772  -1.0772  -1.0772
 -1.0772  -1.0772  -1.0772  -1.0772  -1.0773  -1.0774  -1.0778  -1.0788  -1.0813
 -1.0875  -1.1031  -1.1421  -1.2396  -1.4794  -2.0383  -2.9868  -3.6924  -4.2770
 -4.9396  -5.5750  -6.1017  -6.6332  -7.1784  -7.7464  -8.3522  -9.0186  -9.7814
-10.6976 -11.8567 -13.4012 -15.5565
  0.0000  -1.2038  -1.2038  -1.2038  -1.2038  -1.2038  -1.2038  -1.2038  -1.2038
 -1.2038  -1.2038  -1.2038  -1.2038  -1.2038  -1.2039  -1.2041  -1.2047  -1.2060
 -1.2094  -1.2178  -1.2390  -1.2922  -1.4249  -1.7521  -2.5090  -3.5869  -4.2464
 -4.9184  -5.5624  -6.0943  -6.6283  -7.1749  -7.7442  -8.3507  -9.0176  -9.7808
-10.6970 -11.8563 -13.4009 -15.5563
  0.0000  -1.3382  -1.3382  -1.3382  -1.3382  -1.3382  -1.3382  -1.3382  -1.3382
 -1.3382  -1.3382  -1.3382  -1.3382  -1.3383  -1.3383  -1.3384  -1.3387  -1.3394
 -1.3412  -1.3456  -1.3567  -1.3847  -1.4549  -1.6302  -2.0634  -3.0533  -4.1770
 -4.8823  -5.5423  -6.0821  -6.6195  -7.1688  -7.7396  -8.3473  -9.0149  -9.7786
-10.6952 -11.8547 -13.3994 -15.5548
  0.0000  -1.4810  -1.4810  -1.4810  -1.4810  -1.4810  -1.4810  -1.4810  -1.4810
 -1.4811  -1.4811  -1.4811  -1.4811  -1.4811  -1.4811  -1.4811  -1.4813  -1.4816
 -1.4826  -1.4848  -1.4906  -1.5050  -1.5412  -1.6320  -1.8591  -2.4213  -3.6805
 -4.8196  -5.5166  -6.0686  -6.6099  -7.1625  -7.7360  -8.3451  -9.0140  -9.7785
-10.6956 -11.8554 -13.4004 -15.5559
  0.0000  -1.6272  -1.6272  -1.6272  -1.6272  -1.6272  -1.6272  -1.6272  -1.6272
 -1.6272  -1.6272  -1.6272  -1.6272  -1.6272  -1.6272  -1.6272  -1.6273  -1.6275
 -1.6279  -1.6291  -1.6320  -1.6393  -1.6578  -1.7040  -1.8201  -2.1108  -2.8315
 -4.3996  -5.4732  -6.0517  -6.5966  -7.1529  -7.7295  -8.3412  -9.0115  -9.7772
-10.6952 -11.8554 -13.4006 -15.5564
  0.0000  -0.7265  -0.7265  -0.7265  -0.7265  -0.7265  -0.7265  -0.7265  -0.7265
 -0.7265  -0.7266  -0.7266  -0.7268  -0.7272  -0.7282  -0.7307  -0.7369  -0.7525
 -0.7911  -0.8849  -1.0996  -1.5191  -2.0992  -2.6840  -3.2614  -3.8747  -4.5725
 -5.0963  -5.6239  -6.1625  -6.7209  -7.3116  -7.9542  -8.6796  -9.5365 -10.6018
-11.9977 -13.9174 -16.6675 -20.7337
  0.0000  -0.7749  -0.7749  -0.7749  -0.7749  -0.7749  -0.7749  -0.7749  -0.7749
 -0.7749  -0.7749  -0.7749  -0.7751  -0.7754  -0.7761  -0.7780  -0.7827  -0.7945
 -0.8239  -0.8963  -1.0686  -1.4401  -2.0392  -2.6603  -3.2490  -3.8669  -4.5661
 -5.0929  -5.6215  -6.1611  -6.7200  -7.3111  -7.9539  -8.6795  -9.5364 -10.6018
-11.9977 -13.9175 -16.6676 -20.7338
  0.0000  -0.8446  -0.8446  -0.8446  -0.8446  -0.8446  -0.8446  -0.8446  -0.8446
 -0.8446  -0.8446  -0.8446  -0.8447  -0.8449  -0.8454  -0.8467  -0.8499  -0.8579
 -0.8780  -0.9279  -1.0503  -1.3367  -1.9061  -2.6106  -3.2277  -3.8538  -4.5555
 -5.0872  -5.6177  -6.1584  -6.7183  -7.3099  -7.9532  -8.6790  -9.5361 -10.6016
-11.9975 -13.9173 -16.6675 -20.7336
  0.0000  -0.9363  -0.9363  -0.9363  -0.9363  -0.9363  -0.9363  -0.9363  -0.9363
 -0.9363  -0.9364  -0.9364  -0.9364  -0.9366  -0.9369  -0.9376  -0.9396  -0.9446
 -0.9570  -0.9880  -1.0653  -1.2545  -1.6908  -2.4665  -3.1880  -3.8325  -4.5392
 -5.0784  -5.6115  -6.1544  -6.7154  -7.3081  -7.9518  -8.6781  -9.5354 -10.6011
-11.9972 -13.9170 -16.6672 -20.7334
  0.0000  -1.0474  -1.0474  -1.0474  -1.0474  -1.0474  -1.0474  -1.0474  -1.0474
 -1.0474  -1.0474  -1.0474  -1.0475  -1.0475  -1.0477  -1.0482  -1.0493  -1.0521
 -1.0593  -1.0771  -1.1219  -1.2333  -1.5061  -2.1278  -3.0749  -3.7967  -4.5153
 -5.0667  -5.6026  -6.1484  -6.7115  -7.3055  -7.9503  -8.6771  -9.5349 -10.6008
-11.9971 -13.9171 -16.6673 -20.7335
  0.0000  -1.1716  -1.1716  -1.1716  -1.1716  -1.1716  -1.1716  -1.1716  -1.1716
 -1.1716  -1.1716  -1.1716  -1.1716  -1.1716  -1.1717  -1.1720  -1.1726  -1.1741
 -1.1780  -1.1877  -1.2122  -1.2734  -1.4262  -1.8010  -2.6445  -3.7124  -4.4773
 -5.0512  -5.5892  -6.1384  -6.7043  -7.3003  -7.9466  -8.6744  -9.5328 -10.5992
-11.9957 -13.9159 -16.6662 -20.7325
  0.0000  -1.3076  -1.3076  -1.3076  -1.3076  -1.3076  -1.3076  -1.3076  -1.3076
 -1.3076  -1.3076  -1.3076  -1.3076  -1.3076  -1.3077  -1.3078  -1.3081  -1.3089
 -1.3110  -1.3161  -1.3290  -1.3613  -1.4424  -1.6449  -2.1433  -3.2509  -4.4060
 -5.0364  -5.5758  -6.1279  -6.6966  -7.2953  -7.9435  -8.6727  -9.5322 -10.5991
-11.9960 -13.9165 -16.6670 -20.7334
  0.0000  -0.6765  -0.6765  -0.6765  -0.6765  -0.6765  -0.6765  -0.6765  -0.6765
 -0.6766  -0.6766  -0.6767  -0.6769  -0.6774  -0.6787  -0.6819  -0.6900  -0.7103
 -0.7601  -0.8791  -1.1382  -1.5883  -2.1548  -2.7631  -3.5378  -4.0746  -4.6056
 -5.1427  -5.6951  -6.2741  -6.8971  -7.5909  -8.3972  -9.3823 -10.6507 -12.3685
-14.7984 -18.3571 -23.7047 -31.8877
  0.0000  -0.6898  -0.6898  -0.6898  -0.6898  -0.6898  -0.6898  -0.6898  -0.6898
 -0.6898  -0.6898  -0.6899  -0.6901  -0.6906  -0.6918  -0.6948  -0.7024  -0.7213
 -0.7679  -0.8793  -1.1247  -1.5674  -2.1409  -2.7545  -3.5297  -4.0705  -4.6028
 -5.1409  -5.6938  -6.2733  -6.8967  -7.5906  -8.3970  -9.3821 -10.6507 -12.3685
-14.7984 -18.3571 -23.7047 -31.8877
  0.0000  -0.7129  -0.7129  -0.7129  -0.7129  -0.7129  -0.7129  -0.7129  -0.7129
 -0.7129  -0.7130  -0.7130  -0.7132  -0.7136  -0.7147  -0.7173  -0.7239  -0.7404
 -0.7812  -0.8798  -1.1035  -1.5329  -2.1194  -2.7423  -3.5169  -4.0639  -4.5982
 -5.1379  -5.6918  -6.2720  -6.8959  -7.5902  -8.3968  -9.3820 -10.6506 -12.3685
-14.7985 -18.3572 -23.7048 -31.8877
  0.0000  -0.7539  -0.7539  -0.7539  -0.7539  -0.7539  -0.7539  -0.7539  -0.7539
 -0.7540  -0.7540  -0.7540  -0.7542  -0.7545  -0.7553  -0.7574  -0.7625  -0.7754
 -0.8076  -0.8865  -1.0730  -1.4663  -2.0747  -2.7227  -3.4974  -4.0547  -4.5908
 -5.1329  -5.6884  -6.2698  -6.8944  -7.5893  -8.3962  -9.3817 -10.6504 -12.3683
-14.7984 -18.3571 -23.7048 -31.8877
  0.0000  -0.8182  -0.8182  -0.8182  -0.8182  -0.8182  -0.8182  -0.8182  -0.8182
 -0.8182  -0.8182  -0.8183  -0.8184  -0.8186  -0.8192  -0.8206  -0.8242  -0.8332
 -0.8557  -0.9116  -1.0481  -1.3635  -1.9649  -2.6847  -3.4674  -4.0433  -4.5807
 -5.1255  -5.6834  -6.2664  -6.8922  -7.5878  -8.3954  -9.3812 -10.6501 -12.3682
-14.7983 -18.3571 -23.7048 -31.8878
  0.0000  -0.9061  -0.9061  -0.9061  -0.9061  -0.9061  -0.9061  -0.9061  -0.9061
 -0.9061  -0.9061  -0.9061  -0.9062  -0.9063  -0.9067  -0.9076  -0.9098  -0.9155
 -0.9296  -0.9650  -1.0528  -1.2668  -1.7521  -2.5702  -3.4153  -4.0310  -4.5677
 -5.1150  -5.6754  -6.2608  -6.8882  -7.5851  -8.3935  -9.3799 -10.6492 -12.3675
-14.7978 -18.3566 -23.7044 -31.8874
  0.0000  -1.0154  -1.0154  -1.0154  -1.0154  -1.0154  -1.0154  -1.0154  -1.0154
 -1.0154  -1.0154  -1.0154  -1.0155  -1.0155  -1.0157  -1.0163  -1.0176  -1.0208
 -1.0290  -1.0495  -1.1009  -1.2287  -1.5403  -2.2398  -3.2906  -4.0184  -4.5554
 -5.1037  -5.6660  -6.2538  -6.8836  -7.5821  -8.3916  -9.3789 -10.6487 -12.3673
-14.7978 -18.3569 -23.7047 -31.8878
  0.0000  -0.6567  -0.6567  -0.6567  -0.6567  -0.6567  -0.6567  -0.6567  -0.6567
 -0.6567  -0.6567  -0.6568  -0.6570  -0.6576  -0.6589  -0.6622  -0.6704  -0.6909
 -0.7418  -0.8665  -1.1424  -1.6227  -2.2821  -3.0165  -3.5705  -4.1150  -4.6662
 -5.2376  -5.8451  -6.5123  -7.2757  -8.1921  -9.3514 -10.8960 -13.0514 -16.1749
-20.8327 -27.9224 -36.9945 -36.9945
  1.0000  -0.6604  -0.6604  -0.6604  -0.6604  -0.6604  -0.6604  -0.6604  -0.6604
 -0.6604  -0.6604  -0.6605  -0.6607  -0.6612  -0.6625  -0.6657  -0.6738  -0.6939
 -0.7438  -0.8661  -1.1380  -1.6172  -2.2784  -3.0149  -3.5701  -4.1149  -4.6662
 -5.2375  -5.8451  -6.5123  -7.2757  -8.1921  -9.3514 -10.8960 -13.0514 -16.1749
-20.8327 -27.9224 -36.9945 -36.9945
  2.0000  -0.6676  -0.6676  -0.6676  -0.6676  -0.6676  -0.6676  -0.6676  -0.6676
 -0.6676  -0.6677  -0.6678  -0.6679  -0.6684  -0.6697  -0.6728  -0.6805  -0.6998
 -0.7480  -0.8656  -1.1296  -1.6064  -2.2710  -3.0117  -3.5696  -4.1147  -4.6662
 -5.2376  -5.8452  -6.5124  -7.2758  -8.1922  -9.3515 -10.8961 -13.0515 -16.1750
-20.8328 -27.9225 -36.9946 -36.9946
  3.0000  -0.6811  -0.6811  -0.6811  -0.6811  -0.6811  -0.6811  -0.6811  -0.6811
 -0.6811  -0.6812  -0.6812  -0.6814  -0.6819  -0.6830  -0.6859  -0.6931  -0.7111
 -0.7559  -0.8652  -1.1146  -1.5845  -2.2557  -3.0051  -3.5683  -4.1140  -4.6659
 -5.2375  -5.8451  -6.5124  -7.2758  -8.1922  -9.3515 -10.8961 -13.0515 -16.1750
-20.8328 -27.9225 -36.9946 -36.9946
  4.0000  -0.7055  -0.7055  -0.7055  -0.7055  -0.7055  -0.7055  -0.7055  -0.7055
 -0.7055  -0.7055  -0.7056  -0.7057  -0.7061  -0.7071  -0.7096  -0.7159  -0.7317
 -0.7709  -0.8671  -1.0911  -1.5421  -2.2243  -2.9914  -3.5656  -4.1128  -4.6654
 -5.2373  -5.8450  -6.5123  -7.2758  -8.1922  -9.3515 -10.8961 -13.0515 -16.1750
-20.8328 -27.9225 -36.9946 -36.9946
  5.0000  -0.7461  -0.7461  -0.7461  -0.7461  -0.7461  -0.7461  -0.7461  -0.7461
 -0.7461  -0.7461  -0.7462  -0.7463  -0.7466  -0.7474  -0.7495  -0.7545  -0.7671
 -0.7986  -0.8763  -1.0622  -1.4675  -2.1575  -2.9622  -3.5600  -4.1103  -4.6644
 -5.2369  -5.8448  -6.5122  -7.2757  -8.1921  -9.3515 -10.8961 -13.0515 -16.1750
-20.8328 -27.9225 -36.9946 -36.9946
  6.0000  -0.8075  -0.8075  -0.8075  -0.8075  -0.8075  -0.8075  -0.8075  -0.8075
 -0.8075  -0.8075  -0.8076  -0.8077  -0.8079  -0.8085  -0.8099  -0.8135  -0.8226
 -0.8454  -0.9019  -1.0405  -1.3647  -2.0174  -2.8949  -3.5480  -4.1052  -4.6625
 -5.2360  -5.8444  -6.5120  -7.2756  -8.1921  -9.3514 -10.8960 -13.0514 -16.1750
-20.8328 -27.9224 -36.9946 -36.9946
  0.0000  -0.6154  -0.6154  -0.6154  -0.6154  -0.6154  -0.6154  -0.6154  -0.6154
 -0.6154  -0.6154  -0.6155  -0.6158  -0.6164  -0.6180  -0.6218  -0.6308  -0.6529
 -0.7088  -0.8496  -1.1764  -1.7873  -2.4650  -3.0585  -3.6228  -4.1944  -4.7921
 -5.4389  -6.1665  -7.0247  -8.0908  -9.4871 -11.4071 -14.1574 -18.2236 -24.3755
-33.8332 -36.9888 -36.9888 -36.9888
  0.0000  -0.6250  -0.6250  -0.6250  -0.6251  -0.6251  -0.6251  -0.6251  -0.6251
 -0.6251  -0.6251  -0.6252  -0.6254  -0.6260  -0.6275  -0.6310  -0.6395  -0.6605
 -0.7132  -0.8464  -1.1620  -1.7722  -2.4615  -3.0580  -3.6229  -4.1945  -4.7921
 -5.4388  -6.1663  -7.0244  -8.0905  -9.4867 -11.4067 -14.1570 -18.2232 -24.3751
-33.8328 -36.9884 -36.9884 -36.9884
  0.0000  -0.6246  -0.6246  -0.6246  -0.6246  -0.6246  -0.6246  -0.6246  -0.6246
 -0.6246  -0.6246  -0.6247  -0.6249  -0.6255  -0.6270  -0.6306  -0.6395  -0.6612
 -0.7153  -0.8480  -1.1606  -1.7683  -2.4565  -3.0544  -3.6205  -4.1930  -4.7910
 -5.4382  -6.1660  -7.0242  -8.0904  -9.4867 -11.4068 -14.1570 -18.2233 -24.3752
-33.8329 -36.9885 -36.9885 -36.9885
  0.0000  -0.6194  -0.6194  -0.6194  -0.6194  -0.6194  -0.6194  -0.6194  -0.6194
 -0.6194  -0.6194  -0.6195  -0.6198  -0.6204  -0.6219  -0.6256  -0.6350  -0.6581
 -0.7147  -0.8508  -1.1652  -1.7709  -2.4507  -3.0482  -3.6154  -4.1893  -4.7886
 -5.4362  -6.1647  -7.0233  -8.0897  -9.4862 -11.4063 -14.1566 -18.2229 -24.3749
-33.8326 -36.9882 -36.9882 -36.9882
  0.0000  -0.6146  -0.6146  -0.6146  -0.6146  -0.6146  -0.6146  -0.6146  -0.6146
 -0.6146  -0.6146  -0.6147  -0.6150  -0.6156  -0.6171  -0.6210  -0.6307  -0.6548
 -0.7137  -0.8538  -1.1725  -1.7792  -2.4473  -3.0412  -3.6089  -4.1843  -4.7853
 -5.4341  -6.1634  -7.0227  -8.0895  -9.4862 -11.4065 -14.1570 -18.2233 -24.3753
-33.8330 -36.9887 -36.9887 -36.9887
  1.0000  -0.6291  -0.6291  -0.6291  -0.6291  -0.6291  -0.6291  -0.6291  -0.6291
 -0.6291  -0.6291  -0.6292  -0.6294  -0.6300  -0.6314  -0.6349  -0.6438  -0.6659
 -0.7203  -0.8513  -1.1537  -1.7481  -2.4356  -3.0375  -3.6075  -4.1837  -4.7851
 -5.4340  -6.1634  -7.0226  -8.0895  -9.4862 -11.4065 -14.1570 -18.2233 -24.3753
-33.8330 -36.9887 -36.9887 -36.9887
  2.0000  -0.6547  -0.6547  -0.6547  -0.6547  -0.6547  -0.6547  -0.6547  -0.6547
 -0.6547  -0.6547  -0.6548  -0.6550  -0.6555  -0.6567  -0.6598  -0.6674  -0.6865
 -0.7339  -0.8497  -1.1229  -1.6877  -2.4106  -3.0300  -3.6047  -4.1826  -4.7846
 -5.4337  -6.1633  -7.0226  -8.0894  -9.4861 -11.4065 -14.1570 -18.2233 -24.3752
-33.8330 -36.9887 -36.9887 -36.9887
  0.0000  -0.5255  -0.5255  -0.5255  -0.5255  -0.5255  -0.5255  -0.5255  -0.5255
 -0.5256  -0.5257  -0.5259  -0.5264  -0.5277  -0.5304  -0.5367  -0.5512  -0.5863
 -0.6722  -0.8826  -1.3431  -1.9477  -2.5442  -3.1287  -3.7277  -4.3631  -5.0643
 -5.8751  -6.8630  -8.1331  -9.8519 -12.2825 -15.8415 -21.1894 -29.3725 -36.9823
-36.9823 -36.9823 -36.9823 -36.9823
  0.0000  -0.5648  -0.5648  -0.5648  -0.5648  -0.5648  -0.5648  -0.5648  -0.5648
 -0.5649  -0.5649  -0.5651  -0.5655  -0.5664  -0.5685  -0.5731  -0.5837  -0.6093
 -0.6730  -0.8458  -1.2926  -1.9339  -2.5472  -3.1356  -3.7341  -4.3676  -5.0674
 -5.8770  -6.8640  -8.1335  -9.8520 -12.2823 -15.8412 -21.1890 -29.3720 -36.9817
-36.9817 -36.9817 -36.9817 -36.9817
  0.0000  -0.5676  -0.5676  -0.5676  -0.5676  -0.5676  -0.5676  -0.5676  -0.5676
 -0.5676  -0.5677  -0.5678  -0.5682  -0.5690  -0.5711  -0.5757  -0.5863  -0.6118
 -0.6743  -0.8429  -1.2859  -1.9312  -2.5466  -3.1355  -3.7340  -4.3676  -5.0673
 -5.8769  -6.8638  -8.1334  -9.8518 -12.2821 -15.8410 -21.1888 -29.3718 -36.9815
-36.9815 -36.9815 -36.9815 -36.9815
  0.0000  -0.5572  -0.5572  -0.5572  -0.5572  -0.5572  -0.5572  -0.5572  -0.5572
 -0.5572  -0.5573  -0.5574  -0.5578  -0.5587  -0.5608  -0.5659  -0.5780  -0.6067
 -0.6756  -0.8529  -1.2951  -1.9306  -2.5438  -3.1328  -3.7320  -4.3663  -5.0665
 -5.8765  -6.8637  -8.1334  -9.8519 -12.2823 -15.8412 -21.1890 -29.3721 -36.9818
-36.9818 -36.9818 -36.9818 -36.9818
  0.0000  -0.5393  -0.5393  -0.5393  -0.5393  -0.5393  -0.5393  -0.5393  -0.5394
 -0.5394  -0.5394  -0.5396  -0.5400  -0.5409  -0.5432  -0.5489  -0.5628  -0.5963
 -0.6757  -0.8708  -1.3159  -1.9332  -2.5396  -3.1278  -3.7280  -4.3635  -5.0645
 -5.8754  -6.8631  -8.1331  -9.8518 -12.2823 -15.8414 -21.1892 -29.3723 -36.9821
-36.9821 -36.9821 -36.9821 -36.9821
  0.0000  -0.5199  -0.5199  -0.5199  -0.5199  -0.5199  -0.5199  -0.5199  -0.5200
 -0.5200  -0.5200  -0.5202  -0.5206  -0.5216  -0.5241  -0.5304  -0.5459  -0.5839
 -0.6751  -0.8922  -1.3445  -1.9417  -2.5368  -3.1219  -3.7224  -4.3595  -5.0621
 -5.8737  -6.8624  -8.1330  -9.8520 -12.2828 -15.8419 -21.1899 -29.3730 -36.9829
-36.9829 -36.9829 -36.9829 -36.9829
  0.0000  -0.5064  -0.5064  -0.5064  -0.5064  -0.5064  -0.5064  -0.5064  -0.5064
 -0.5064  -0.5065  -0.5067  -0.5071  -0.5081  -0.5107  -0.5173  -0.5336  -0.5742
 -0.6732  -0.9070  -1.3698  -1.9554  -2.5374  -3.1166  -3.7159  -4.3541  -5.0583
 -5.8714  -6.8609  -8.1323  -9.8518 -12.2830 -15.8424 -21.1904 -29.3736 -36.9837
-36.9837 -36.9837 -36.9837 -36.9837
 -1.0000  -0.5259  -0.5259  -0.5259  -0.5259  -0.5259  -0.5259  -0.5259  -0.5259
 -0.5260  -0.5262  -0.5265  -0.5271  -0.5278  -0.5287  -0.5299  -0.5330  -0.5490
 -0.6292  -0.9023  -1.4214  -2.0207  -2.6335  -3.2684  -3.9527  -4.7261  -5.6486
 -6.8116  -8.3583 -10.5149 -13.6391 -18.2974 -25.3873 -36.3314 -36.9600 -36.9600
-36.9600 -36.9600 -36.9600 -36.9600
  0.0000  -0.5262  -0.5262  -0.5262  -0.5262  -0.5262  -0.5262  -0.5262  -0.5262
 -0.5263  -0.5264  -0.5266  -0.5271  -0.5279  -0.5288  -0.5300  -0.5332  -0.5492
 -0.6294  -0.9023  -1.4214  -2.0208  -2.6335  -3.2685  -3.9528  -4.7262  -5.6487
 -6.8117  -8.3584 -10.5150 -13.6392 -18.2975 -25.3874 -36.3315 -36.9601 -36.9601
-36.9601 -36.9601 -36.9601 -36.9601
  0.0000  -0.5789  -0.5789  -0.5789  -0.5789  -0.5789  -0.5789  -0.5789  -0.5789
 -0.5789  -0.5790  -0.5790  -0.5791  -0.5789  -0.5778  -0.5742  -0.5664  -0.5614
 -0.6107  -0.8608  -1.3998  -2.0184  -2.6373  -3.2728  -3.9560  -4.7281  -5.6497
 -6.8119  -8.3581 -10.5144 -13.6384 -18.2965 -25.3864 -36.3303 -36.9589 -36.9589
-36.9589 -36.9589 -36.9589 -36.9589
  0.0000  -0.5769  -0.5769  -0.5769  -0.5769  -0.5769  -0.5769  -0.5769  -0.5769
 -0.5769  -0.5769  -0.5769  -0.5768  -0.5766  -0.5756  -0.5724  -0.5654  -0.5616
 -0.6122  -0.8622  -1.4001  -2.0182  -2.6372  -3.2727  -3.9560  -4.7281  -5.6498
 -6.8120  -8.3583 -10.5146 -13.6386 -18.2967 -25.3866 -36.3305 -36.9591 -36.9591
-36.9591 -36.9591 -36.9591 -36.9591
  0.0000  -0.5481  -0.5481  -0.5481  -0.5481  -0.5481  -0.5481  -0.5481  -0.5481
 -0.5481  -0.5481  -0.5481  -0.5481  -0.5481  -0.5481  -0.5478  -0.5476  -0.5562
 -0.6234  -0.8830  -1.4087  -2.0178  -2.6344  -3.2702  -3.9541  -4.7271  -5.6492
 -6.8118  -8.3583 -10.5148 -13.6389 -18.2971 -25.3870 -36.3310 -36.9596 -36.9596
-36.9596 -36.9596 -36.9596 -36.9596
  0.0000  -0.5056  -0.5056  -0.5056  -0.5056  -0.5056  -0.5056  -0.5056  -0.5056
 -0.5056  -0.5057  -0.5058  -0.5061  -0.5068  -0.5084  -0.5122  -0.5213  -0.5479
 -0.6406  -0.9158  -1.4250  -2.0190  -2.6306  -3.2658  -3.9507  -4.7249  -5.6476
 -6.8112  -8.3581 -10.5149 -13.6392 -18.2975 -25.3875 -36.3315 -36.9602 -36.9602
-36.9602 -36.9602 -36.9602 -36.9602
  0.0000  -0.4638  -0.4638  -0.4638  -0.4638  -0.4638  -0.4638  -0.4638  -0.4638
 -0.4639  -0.4639  -0.4641  -0.4646  -0.4659  -0.4689  -0.4764  -0.4944  -0.5394
 -0.6596  -0.9527  -1.4476  -2.0241  -2.6275  -3.2609  -3.9465  -4.7220  -5.6461
 -6.8100  -8.3578 -10.5149 -13.6396 -18.2981 -25.3881 -36.3323 -36.9611 -36.9611
-36.9611 -36.9611 -36.9611 -36.9611
 -1.0000  -0.3342  -0.3342  -0.3342  -0.3342  -0.3342  -0.3343  -0.3343  -0.3345
 -0.3348  -0.3353  -0.3363  -0.3380  -0.3409  -0.3463  -0.3581  -0.3900  -0.4838
 -0.7147  -1.1122  -1.6292  -2.2089  -2.8487  -3.5743  -4.4338  -5.5039  -6.9059
 -8.8320 -11.5876 -15.6580 -21.8130 -31.2726 -36.9317 -36.9317 -36.9317 -36.9317
-36.9317 -36.9317 -36.9317 -36.9317
  0.0000  -0.3344  -0.3344  -0.3344  -0.3344  -0.3344  -0.3344  -0.3345  -0.3346
 -0.3348  -0.3354  -0.3363  -0.3380  -0.3409  -0.3463  -0.3582  -0.3901  -0.4838
 -0.7146  -1.1122  -1.6291  -2.2089  -2.8487  -3.5743  -4.4338  -5.5039  -6.9059
 -8.8320 -11.5876 -15.6580 -21.8130 -31.2726 -36.9317 -36.9317 -36.9317 -36.9317
-36.9317 -36.9317 -36.9317 -36.9317
  0.0000  -0.5666  -0.5666  -0.5666  -0.5666  -0.5666  -0.5666  -0.5666  -0.5667
 -0.5668  -0.5669  -0.5671  -0.5671  -0.5662  -0.5619  -0.5502  -0.5292  -0.5147
 -0.5853  -0.9019  -1.4710  -2.1196  -2.8069  -3.5605  -4.4340  -5.5089  -6.9104
 -8.8334 -11.5854 -15.6526 -21.8052 -31.2633 -36.9193 -36.9193 -36.9193 -36.9193
-36.9193 -36.9193 -36.9193 -36.9193
  0.0000  -0.6156  -0.6156  -0.6156  -0.6156  -0.6156  -0.6156  -0.6156  -0.6156
 -0.6156  -0.6156  -0.6156  -0.6152  -0.6131  -0.6064  -0.5893  -0.5572  -0.5220
 -0.5641  -0.8734  -1.4608  -2.1195  -2.8091  -3.5624  -4.4350  -5.5092  -6.9101
 -8.8326 -11.5843 -15.6514 -21.8038 -31.2618 -36.9177 -36.9177 -36.9177 -36.9177
-36.9177 -36.9177 -36.9177 -36.9177
  0.0000  -0.6029  -0.6029  -0.6029  -0.6029  -0.6029  -0.6029  -0.6029  -0.6029
 -0.6028  -0.6028  -0.6027  -0.6022  -0.6004  -0.5944  -0.5789  -0.5498  -0.5203
 -0.5698  -0.8801  -1.4626  -2.1191  -2.8084  -3.5618  -4.4346  -5.5090  -6.9101
 -8.8327 -11.5845 -15.6516 -21.8041 -31.2621 -36.9180 -36.9180 -36.9180 -36.9180
-36.9180 -36.9180 -36.9180 -36.9180
  0.0000  -0.5636  -0.5636  -0.5636  -0.5636  -0.5636  -0.5636  -0.5636  -0.5636
 -0.5636  -0.5635  -0.5634  -0.5631  -0.5619  -0.5580  -0.5475  -0.5281  -0.5158
 -0.5878  -0.9022  -1.4699  -2.1188  -2.8064  -3.5602  -4.4338  -5.5088  -6.9104
 -8.8334 -11.5854 -15.6526 -21.8052 -31.2633 -36.9193 -36.9193 -36.9193 -36.9193
-36.9193 -36.9193 -36.9193 -36.9193
  0.0000  -0.5173  -0.5173  -0.5173  -0.5173  -0.5173  -0.5173  -0.5173  -0.5173
 -0.5173  -0.5173  -0.5172  -0.5171  -0.5166  -0.5148  -0.5100  -0.5024  -0.5112
 -0.6106  -0.9315  -1.4819  -2.1199  -2.8042  -3.5579  -4.4325  -5.5083  -6.9104
 -8.8342 -11.5865 -15.6539 -21.8066 -31.2648 -36.9210 -36.9210 -36.9210 -36.9210
-36.9210 -36.9210 -36.9210 -36.9210
 -2.0000  -0.3675  -0.3675  -0.3675  -0.3676  -0.3676  -0.3677  -0.3679  -0.3683
 -0.3690  -0.3700  -0.3713  -0.3729  -0.3743  -0.3751  -0.3770  -0.3893  -0.4707
 -0.6651  -1.0808  -1.6742  -2.3813  -3.2079  -4.2115  -5.4951  -7.2244  -9.6625
-13.2267 -18.5780 -26.7632 -36.8767 -36.8767 -36.8767 -36.8767 -36.8767 -36.8767
-36.8767 -36.8767 -36.8767 -36.8767
 -1.0000  -0.3677  -0.3677  -0.3677  -0.3677  -0.3678  -0.3678  -0.3680  -0.3683
 -0.3690  -0.3700  -0.3713  -0.3729  -0.3743  -0.3751  -0.3770  -0.3893  -0.4707
 -0.6651  -1.0808  -1.6742  -2.3813  -3.2079  -4.2115  -5.4951  -7.2244  -9.6625
-13.2267 -18.5780 -26.7632 -36.8767 -36.8767 -36.8767 -36.8767 -36.8767 -36.8767
-36.8767 -36.8767 -36.8767 -36.8767
  0.0000  -0.3680  -0.3680  -0.3680  -0.3680  -0.3680  -0.3680  -0.3682  -0.3684
 -0.3690  -0.3699  -0.3713  -0.3729  -0.3743  -0.3751  -0.3770  -0.3894  -0.4707
 -0.6651  -1.0807  -1.6742  -2.3813  -3.2079  -4.2115  -5.4951  -7.2244  -9.6625
-13.2267 -18.5780 -26.7632 -36.8767 -36.8767 -36.8767 -36.8767 -36.8767 -36.8767
-36.8767 -36.8767 -36.8767 -36.8767
  1.0000  -0.3681  -0.3681  -0.3681  -0.3681  -0.3681  -0.3682  -0.3682  -0.3684
 -0.3689  -0.3697  -0.3710  -0.3726  -0.3740  -0.3749  -0.3768  -0.3892  -0.4705
 -0.6649  -1.0805  -1.6739  -2.3811  -3.2077  -4.2113  -5.4949  -7.2242  -9.6623
-13.2265 -18.5778 -26.7630 -36.8765 -36.8765 -36.8765 -36.8765 -36.8765 -36.8765
-36.8765 -36.8765 -36.8765 -36.8765
  2.0000  -0.3688  -0.3688  -0.3688  -0.3688  -0.3688  -0.3688  -0.3688  -0.3690
 -0.3693  -0.3700  -0.3711  -0.3727  -0.3742  -0.3752  -0.3770  -0.3896  -0.4707
 -0.6650  -1.0806  -1.6741  -2.3812  -3.2079  -4.2115  -5.4951  -7.2244  -9.6625
-13.2267 -18.5780 -26.7632 -36.8767 -36.8767 -36.8767 -36.8767 -36.8767 -36.8767
-36.8767 -36.8767 -36.8767 -36.8767
  3.0000  -0.3694  -0.3694  -0.3694  -0.3694  -0.3694  -0.3694  -0.3695  -0.3696
 -0.3698  -0.3702  -0.3712  -0.3727  -0.3742  -0.3753  -0.3771  -0.3900  -0.4708
 -0.6651  -1.0805  -1.6740  -2.3812  -3.2079  -4.2115  -5.4952  -7.2245  -9.6626
-13.2268 -18.5781 -26.7633 -36.8768 -36.8768 -36.8768 -36.8768 -36.8768 -36.8768
-36.8768 -36.8768 -36.8768 -36.8768
  4.0000  -0.3700  -0.3700  -0.3700  -0.3700  -0.3700  -0.3700  -0.3701  -0.3701
 -0.3702  -0.3705  -0.3712  -0.3724  -0.3739  -0.3752  -0.3770  -0.3904  -0.4707
 -0.6649  -1.0800  -1.6736  -2.3810  -3.2077  -4.2114  -5.4950  -7.2243  -9.6625
-13.2267 -18.5780 -26.7631 -36.8767 -36.8767 -36.8767 -36.8767 -36.8767 -36.8767
-36.8767 -36.8767 -36.8767 -36.8767
-12.0000  -0.3673  -0.3673  -0.3673  -0.3674  -0.3674  -0.3676  -0.3679  -0.3683
 -0.3690  -0.3700  -0.3713  -0.3729  -0.3743  -0.3751  -0.3770  -0.3893  -0.4707
 -0.6651  -1.0808  -1.6742  -2.3813  -3.2079  -4.2115  -5.4951  -7.2244  -9.6625
-13.2267 -18.5780 -26.7632 -36.8767 -36.8767 -36.8767 -36.8767 -36.8767 -36.8767
-36.8767 -36.8767 -36.8767 -36.8767
-11.0000  -0.3674  -0.3674  -0.3674  -0.3674  -0.3675  -0.3676  -0.3679  -0.3683
 -0.3690  -0.3700  -0.3713  -0.3729  -0.3743  -0.3751  -0.3770  -0.3893  -0.4707
 -0.6651  -1.0808  -1.6742  -2.3813  -3.2079  -4.2115  -5.4951  -7.2244  -9.6625
-13.2267 -18.5780 -26.7632 -36.8767 -36.8767 -36.8767 -36.8767 -36.8767 -36.8767
-36.8767 -36.8767 -36.8767 -36.8767
-10.0000  -0.3675  -0.3675  -0.3675  -0.3675  -0.3676  -0.3677  -0.3679  -0.3683
 -0.3690  -0.3700  -0.3713  -0.3729  -0.3743  -0.3751  -0.3770  -0.3893  -0.4707
 -0.6651  -1.0808  -1.6742  -2.3813  -3.2079  -4.2115  -5.4951  -7.2244  -9.6625
-13.2267 -18.5780 -26.7632 -36.8767 -36.8767 -36.8767 -36.8767 -36.8767 -36.8767
-36.8767 -36.8767 -36.8767 -36.8767
 11.0000  -0.3677  -0.3677  -0.3677  -0.3677  -0.3677  -0.3678  -0.3680  -0.3683
 -0.3690  -0.3700  -0.3713  -0.3729  -0.3743  -0.3751  -0.3770  -0.3893  -0.4707
 -0.6651  -1.0808  -1.6742  -2.3813  -3.2079  -4.2115  -5.4951  -7.2244  -9.6625
-13.2267 -18.5780 -26.7632 -36.8767 -36.8767 -36.8767 -36.8767 -36.8767 -36.8767
-36.8767 -36.8767 -36.8767 -36.8767
 12.0000  -0.3679  -0.3679  -0.3679  -0.3679  -0.3679  -0.3680  -0.3681  -0.3684
 -0.3690  -0.3699  -0.3713  -0.3729  -0.3743  -0.3751  -0.3770  -0.3894  -0.4707
 -0.6651  -1.0808  -1.6742  -2.3813  -3.2079  -4.2115  -5.4951  -7.2244  -9.6625
-13.2267 -18.5780 -26.7632 -36.8767 -36.8767 -36.8767 -36.8767 -36.8767 -36.8767
-36.8767 -36.8767 -36.8767 -36.8767
 13.0000  -0.3681  -0.3681  -0.3681  -0.3681  -0.3681  -0.3682  -0.3683  -0.3685
 -0.3689  -0.3698  -0.3711  -0.3727  -0.3741  -0.3750  -0.3769  -0.3893  -0.4706
 -0.6650  -1.0806  -1.6740  -2.3812  -3.2078  -4.2114  -5.4950  -7.2243  -9.6624
-13.2266 -18.5779 -26.7631 -36.8766 -36.8766 -36.8766 -36.8766 -36.8766 -36.8766
-36.8766 -36.8766 -36.8766 -36.8766
 14.0000  -0.3687  -0.3687  -0.3687  -0.3688  -0.3688  -0.3688  -0.3688  -0.3690
 -0.3693  -0.3700  -0.3713  -0.3729  -0.3743  -0.3753  -0.3771  -0.3897  -0.4708
 -0.6652  -1.0807  -1.6742  -2.3813  -3.2080  -4.2116  -5.4952  -7.2245  -9.6626
-13.2268 -18.5781 -26.7633 -36.8768 -36.8768 -36.8768 -36.8768 -36.8768 -36.8768
-36.8768 -36.8768 -36.8768 -36.8768
-22.0000  -0.3672  -0.3672  -0.3672  -0.3673  -0.3674  -0.3676  -0.3679  -0.3683
 -0.3690  -0.3700  -0.3713  -0.3729  -0.3743  -0.3751  -0.3770  -0.3893  -0.4707
 -0.6651  -1.0808  -1.6742  -2.3813  -3.2079  -4.2115  -5.4951  -7.2244  -9.6625
-13.2267 -18.5780 -26.7632 -36.8767 -36.8767 -36.8767 -36.8767 -36.8767 -36.8767
-36.8767 -36.8767 -36.8767 -36.8767
-21.0000  -0.3672  -0.3672  -0.3673  -0.3673  -0.3674  -0.3676  -0.3679  -0.3683
 -0.3690  -0.3700  -0.3713  -0.3729  -0.3743  -0.3751  -0.3770  -0.3893  -0.4707
 -0.6651  -1.0808  -1.6742  -2.3813  -3.2079  -4.2115  -5.4951  -7.2244  -9.6625
-13.2267 -18.5780 -26.7632 -36.8767 -36.8767 -36.8767 -36.8767 -36.8767 -36.8767
-36.8767 -36.8767 -36.8767 -36.8767
-20.0000  -0.3673  -0.3673  -0.3673  -0.3673  -0.3674  -0.3676  -0.3679  -0.3683
 -0.3690  -0.3700  -0.3713  -0.3729  -0.3743  -0.3751  -0.3770  -0.3893  -0.4707
 -0.6651  -1.0808  -1.6742  -2.3813  -3.2079  -4.2115  -5.4951  -7.2244  -9.6625
-13.2267 -18.5780 -26.7632 -36.8767 -36.8767 -36.8767 -36.8767 -36.8767 -36.8767
-36.8767 -36.8767 -36.8767 -36.8767
 21.0000  -0.3674  -0.3674  -0.3674  -0.3674  -0.3675  -0.3676  -0.3679  -0.3683
 -0.3690  -0.3700  -0.3713  -0.3729  -0.3743  -0.3751  -0.3770  -0.3893  -0.4707
 -0.6651  -1.0808  -1.6742  -2.3813  -3.2079  -4.2115  -5.4951  -7.2244  -9.6625
-13.2267 -18.5780 -26.7632 -36.8767 -36.8767 -36.8767 -36.8767 -36.8767 -36.8767
-36.8767 -36.8767 -36.8767 -36.8767
 22.0000  -0.3675  -0.3675  -0.3675  -0.3675  -0.3676  -0.3677  -0.3679  -0.3683
 -0.3690  -0.3700  -0.3713  -0.3729  -0.3743  -0.3751  -0.3770  -0.3893  -0.4707
 -0.6651  -1.0808  -1.6742  -2.3813  -3.2079  -4.2115  -5.4951  -7.2244  -9.6625
-13.2267 -18.5780 -26.7632 -36.8767 -36.8767 -36.8767 -36.8767 -36.8767 -36.8767
-36.8767 -36.8767 -36.8767 -36.8767
 23.0000  -0.3675  -0.3675  -0.3675  -0.3676  -0.3676  -0.3677  -0.3678  -0.3682
 -0.3689  -0.3699  -0.3712  -0.3728  -0.3742  -0.3750  -0.3769  -0.3892  -0.4706
 -0.6650  -1.0807  -1.6741  -2.3812  -3.2078  -4.2114  -5.4950  -7.2243  -9.6624
-13.2266 -18.5779 -26.7631 -36.8766 -36.8766 -36.8766 -36.8766 -36.8766 -36.8766
-36.8766 -36.8766 -36.8766 -36.8766
 24.0000  -0.3677  -0.3678  -0.3678  -0.3678  -0.3678  -0.3678  -0.3680  -0.3683
 -0.3689  -0.3699  -0.3712  -0.3728  -0.3742  -0.3750  -0.3769  -0.3893  -0.4706
 -0.6650  -1.0807  -1.6741  -2.3812  -3.2078  -4.2114  -5.4950  -7.2243  -9.6624
-13.2266 -18.5779 -26.7631 -36.8766 -36.8766 -36.8766 -36.8766 -36.8766 -36.8766
-36.8766 -36.8766 -36.8766 -36.8766
-32.0000  -0.3670  -0.3671  -0.3671  -0.3672  -0.3673  -0.3675  -0.3678  -0.3682
 -0.3689  -0.3699  -0.3712  -0.3728  -0.3742  -0.3750  -0.3769  -0.3892  -0.4706
 -0.6650  -1.0807  -1.6741  -2.3812  -3.2078  -4.2114  -5.4950  -7.2243  -9.6624
-13.2266 -18.5779 -26.7631 -36.8766 -36.8766 -36.8766 -36.8766 -36.8766 -36.8766
-36.8766 -36.8766 -36.8766 -36.8766
-31.0000  -0.3671  -0.3671  -0.3671  -0.3672  -0.3673  -0.3675  -0.3678  -0.3682
 -0.3689  -0.3699  -0.3712  -0.3728  -0.3742  -0.3750  -0.3769  -0.3892  -0.4706
 -0.6650  -1.0807  -1.6741  -2.3812  -3.2078  -4.2114  -5.4950  -7.2243  -9.6624
-13.2266 -18.5779 -26.7631 -36.8766 -36.8766 -36.8766 -36.8766 -36.8766 -36.8766
-36.8766 -36.8766 -36.8766 -36.8766
-30.0000  -0.3671  -0.3671  -0.3671  -0.3672  -0.3673  -0.3675  -0.3678  -0.3682
 -0.3689  -0.3699  -0.3712  -0.3728  -0.3742  -0.3750  -0.3769  -0.3892  -0.4706
 -0.6650  -1.0807  -1.6741  -2.3812  -3.2078  -4.2114  -5.4950  -7.2243  -9.6624
-13.2266 -18.5779 -26.7631 -36.8766 -36.8766 -36.8766 -36.8766 -36.8766 -36.8766
-36.8766 -36.8766 -36.8766 -36.8766
 31.0000  -0.3671  -0.3671  -0.3672  -0.3672  -0.3673  -0.3675  -0.3678  -0.3682
 -0.3689  -0.3699  -0.3712  -0.3728  -0.3742  -0.3750  -0.3769  -0.3892  -0.4706
 -0.6650  -1.0807  -1.6741  -2.3812  -3.2078  -4.2114  -5.4950  -7.2243  -9.6624
-13.2266 -18.5779 -26.7631 -36.8766 -36.8766 -36.8766 -36.8766 -36.8766 -36.8766
-36.8766 -36.8766 -36.8766 -36.8766
 32.0000  -0.3672  -0.3672  -0.3672  -0.3672  -0.3673  -0.3675  -0.3678  -0.3682
 -0.3689  -0.3699  -0.3712  -0.3728  -0.3742  -0.3750  -0.3769  -0.3892  -0.4706
 -0.6650  -1.0807  -1.6741  -2.3812  -3.2078  -4.2114  -5.4950  -7.2243  -9.6624
-13.2266 -18.5779 -26.7631 -36.8766 -36.8766 -36.8766 -36.8766 -36.8766 -36.8766
-36.8766 -36.8766 -36.8766 -36.8766
 33.0000  -0.3672  -0.3673  -0.3673  -0.3673  -0.3674  -0.3675  -0.3678  -0.3682
 -0.3689  -0.3699  -0.3712  -0.3728  -0.3742  -0.3750  -0.3769  -0.3892  -0.4706
 -0.6650  -1.0807  -1.6741  -2.3812  -3.2078  -4.2114  -5.4950  -7.2243  -9.6624
-13.2266 -18.5779 -26.7631 -36.8766 -36.8766 -36.8766 -36.8766 -36.8766 -36.8766
-36.8766 -36.8766 -36.8766 -36.8766
 34.0000  -0.3674  -0.3674  -0.3674  -0.3674  -0.3674  -0.3675  -0.3678  -0.3682
 -0.3689  -0.3699  -0.3712  -0.3728  -0.3742  -0.3750  -0.3769  -0.3892  -0.4706
 -0.6650  -1.0807  -1.6741  -2.3812  -3.2078  -4.2114  -5.4950  -7.2243  -9.6624
-13.2266 -18.5779 -26.7631 -36.8766 -36.8766 -36.8766 -36.8766 -36.8766 -36.8766
-36.8766 -36.8766 -36.8766 -36.8766
-42.0000  -0.3670  -0.3671  -0.3671  -0.3672  -0.3673  -0.3675  -0.3678  -0.3682
 -0.3689  -0.3699  -0.3712  -0.3728  -0.3742  -0.3750  -0.3769  -0.3892  -0.4706
 -0.6650  -1.0807  -1.6741  -2.3812  -3.2078  -4.2114  -5.4950  -7.2243  -9.6624
-13.2266 -18.5779 -26.7631 -36.8766 -36.8766 -36.8766 -36.8766 -36.8766 -36.8766
-36.8766 -36.8766 -36.8766 -36.8766
-41.0000  -0.3670  -0.3671  -0.3671  -0.3672  -0.3673  -0.3675  -0.3678  -0.3682
 -0.3689  -0.3699  -0.3712  -0.3728  -0.3742  -0.3750  -0.3769  -0.3892  -0.4706
 -0.6650  -1.0807  -1.6741  -2.3812  -3.2078  -4.2114  -5.4950  -7.2243  -9.6624
-13.2266 -18.5779 -26.7631 -36.8766 -36.8766 -36.8766 -36.8766 -36.8766 -36.8766
-36.8766 -36.8766 -36.8766 -36.8766
-40.0000  -0.3670  -0.3671  -0.3671  -0.3672  -0.3673  -0.3675  -0.3678  -0.3682
 -0.3689  -0.3699  -0.3712  -0.3728  -0.3742  -0.3750  -0.3769  -0.3892  -0.4706
 -0.6650  -1.0807  -1.6741  -2.3812  -3.2078  -4.2114  -5.4950  -7.2243  -9.6624
-13.2266 -18.5779 -26.7631 -36.8766 -36.8766 -36.8766 -36.8766 -36.8766 -36.8766
-36.8766 -36.8766 -36.8766 -36.8766
 41.0000  -0.3671  -0.3671  -0.3671  -0.3672  -0.3673  -0.3675  -0.3678  -0.3682
 -0.3689  -0.3699  -0.3712  -0.3728  -0.3742  -0.3750  -0.3769  -0.3892  -0.4706
 -0.6650  -1.0807  -1.6741  -2.3812  -3.2078  -4.2114  -5.4950  -7.2243  -9.6624
-13.2266 -18.5779 -26.7631 -36.8766 -36.8766 -36.8766 -36.8766 -36.8766 -36.8766
-36.8766 -36.8766 -36.8766 -36.8766
 42.0000  -0.3671  -0.3671  -0.3671  -0.3672  -0.3673  -0.3675  -0.3678  -0.3682
 -0.3689  -0.3699  -0.3712  -0.3728  -0.3742  -0.3750  -0.3769  -0.3892  -0.4706
 -0.6650  -1.0807  -1.6741  -2.3812  -3.2078  -4.2114  -5.4950  -7.2243  -9.6624
-13.2266 -18.5779 -26.7631 -36.8766 -36.8766 -36.8766 -36.8766 -36.8766 -36.8766
-36.8766 -36.8766 -36.8766 -36.8766
 43.0000  -0.3671  -0.3671  -0.3671  -0.3672  -0.3673  -0.3675  -0.3678  -0.3682
 -0.3689  -0.3699  -0.3712  -0.3728  -0.3742  -0.3750  -0.3769  -0.3892  -0.4706
 -0.6650  -1.0807  -1.6741  -2.3812  -3.2078  -4.2114  -5.4950  -7.2243  -9.6624
-13.2266 -18.5779 -26.7631 -36.8766 -36.8766 -36.8766 -36.8766 -36.8766 -36.8766
-36.8766 -36.8766 -36.8766 -36.8766
 44.0000  -0.3673  -0.3673  -0.3673  -0.3673  -0.3674  -0.3676  -0.3679  -0.3683
 -0.3690  -0.3700  -0.3713  -0.3729  -0.3743  -0.3751  -0.3770  -0.3893  -0.4707
 -0.6651  -1.0808  -1.6742  -2.3813  -3.2079  -4.2115  -5.4951  -7.2244  -9.6625
-13.2267 -18.5780 -26.7632 -36.8767 -36.8767 -36.8767 -36.8767 -36.8767 -36.8767
-36.8767 -36.8767 -36.8767 -36.8767
-52.0000  -0.3670  -0.3671  -0.3671  -0.3672  -0.3673  -0.3675  -0.3678  -0.3682
 -0.3689  -0.3699  -0.3712  -0.3728  -0.3742  -0.3750  -0.3769  -0.3892  -0.4706
 -0.6650  -1.0807  -1.6741  -2.3812  -3.2078  -4.2114  -5.4950  -7.2243  -9.6624
-13.2266 -18.5779 -26.7631 -36.8766 -36.8766 -36.8766 -36.8766 -36.8766 -36.8766
-36.8766 -36.8766 -36.8766 -36.8766
-51.0000  -0.3670  -0.3671  -0.3671  -0.3672  -0.3673  -0.3675  -0.3678  -0.3682
 -0.3689  -0.3699  -0.3712  -0.3728  -0.3742  -0.3750  -0.3769  -0.3892  -0.4706
 -0.6650  -1.0807  -1.6741  -2.3812  -3.2078  -4.2114  -5.4950  -7.2243  -9.6624
-13.2266 -18.5779 -26.7631 -36.8766 -36.8766 -36.8766 -36.8766 -36.8766 -36.8766
-36.8766 -36.8766 -36.8766 -36.8766
-50.0000  -0.3670  -0.3671  -0.3671  -0.3672  -0.3673  -0.3675  -0.3678  -0.3682
 -0.3689  -0.3699  -0.3712  -0.3728  -0.3742  -0.3750  -0.3769  -0.3892  -0.4706
 -0.6650  -1.0807  -1.6741  -2.3812  -3.2078  -4.2114  -5.4950  -7.2243  -9.6624
-13.2266 -18.5779 -26.7631 -36.8766 -36.8766 -36.8766 -36.8766 -36.8766 -36.8766
-36.8766 -36.8766 -36.8766 -36.8766
 51.0000  -0.3670  -0.3671  -0.3671  -0.3672  -0.3673  -0.3675  -0.3678  -0.3682
 -0.3689  -0.3699  -0.3712  -0.3728  -0.3742  -0.3750  -0.3769  -0.3892  -0.4706
 -0.6650  -1.0807  -1.6741  -2.3812  -3.2078  -4.2114  -5.4950  -7.2243  -9.6624
-13.2266 -18.5779 -26.7631 -36.8766 -36.8766 -36.8766 -36.8766 -36.8766 -36.8766
-36.8766 -36.8766 -36.8766 -36.8766
 52.0000  -0.3670  -0.3671  -0.3671  -0.3672  -0.3673  -0.3675  -0.3678  -0.3682
 -0.3689  -0.3699  -0.3712  -0.3728  -0.3742  -0.3750  -0.3769  -0.3892  -0.4706
 -0.6650  -1.0807  -1.6741  -2.3812  -3.2078  -4.2114  -5.4950  -7.2243  -9.6624
-13.2266 -18.5779 -26.7631 -36.8766 -36.8766 -36.8766 -36.8766 -36.8766 -36.8766
-36.8766 -36.8766 -36.8766 -36.8766
 53.0000  -0.3671  -0.3671  -0.3671  -0.3672  -0.3673  -0.3675  -0.3678  -0.3682
 -0.3689  -0.3699  -0.3712  -0.3728  -0.3742  -0.3750  -0.3769  -0.3892  -0.4706
 -0.6650  -1.0807  -1.6741  -2.3812  -3.2078  -4.2114  -5.4950  -7.2243  -9.6624
-13.2266 -18.5779 -26.7631 -36.8766 -36.8766 -36.8766 -36.8766 -36.8766 -36.8766
-36.8766 -36.8766 -36.8766 -36.8766
 54.0000  -0.3669  -0.3669  -0.3669  -0.3670  -0.3671  -0.3673  -0.3676  -0.3680
 -0.3687  -0.3697  -0.3710  -0.3726  -0.3740  -0.3748  -0.3767  -0.3890  -0.4704
 -0.6648  -1.0805  -1.6739  -2.3810  -3.2076  -4.2112  -5.4948  -7.2241  -9.6622
-13.2264 -18.5777 -26.7629 -36.8764 -36.8764 -36.8764 -36.8764 -36.8764 -36.8764
-36.8764 -36.8764 -36.8764 -36.8764
-62.0000  -0.4904  -0.4905  -0.4905  -0.4906  -0.4907  -0.4909  -0.4912  -0.4916
 -0.4923  -0.4933  -0.4946  -0.4962  -0.4976  -0.4984  -0.5003  -0.5126  -0.5940
 -0.7884  -1.2041  -1.7975  -2.5046  -3.3312  -4.3348  -5.6184  -7.3477  -9.7858
-13.3500 -18.7013 -26.8865 -37.0000 -37.0000 -37.0000 -37.0000 -37.0000 -37.0000
-37.0000 -37.0000 -37.0000 -37.0000
-61.0000  -0.4904  -0.4905  -0.4905  -0.4906  -0.4907  -0.4909  -0.4912  -0.4916
 -0.4923  -0.4933  -0.4946  -0.4962  -0.4976  -0.4984  -0.5003  -0.5126  -0.5940
 -0.7884  -1.2041  -1.7975  -2.5046  -3.3312  -4.3348  -5.6184  -7.3477  -9.7858
-13.3500 -18.7013 -26.8865 -37.0000 -37.0000 -37.0000 -37.0000 -37.0000 -37.0000
-37.0000 -37.0000 -37.0000 -37.0000
-60.0000  -0.4904  -0.4905  -0.4905  -0.4906  -0.4907  -0.4909  -0.4912  -0.4916
 -0.4923  -0.4933  -0.4946  -0.4962  -0.4976  -0.4984  -0.5003  -0.5126  -0.5940
 -0.7884  -1.2041  -1.7975  -2.5046  -3.3312  -4.3348  -5.6184  -7.3477  -9.7858
-13.3500 -18.7013 -26.8865 -37.0000 -37.0000 -37.0000 -37.0000 -37.0000 -37.0000
-37.0000 -37.0000 -37.0000 -37.0000
 61.0000  -0.4904  -0.4905  -0.4905  -0.4906  -0.4907  -0.4909  -0.4912  -0.4916
 -0.4923  -0.4933  -0.4946  -0.4962  -0.4976  -0.4984  -0.5003  -0.5126  -0.5940
 -0.7884  -1.2041  -1.7975  -2.5046  -3.3312  -4.3348  -5.6184  -7.3477  -9.7858
-13.3500 -18.7013 -26.8865 -37.0000 -37.0000 -37.0000 -37.0000 -37.0000 -37.0000
-37.0000 -37.0000 -37.0000 -37.0000
 62.0000  -0.4904  -0.4905  -0.4905  -0.4906  -0.4907  -0.4909  -0.4912  -0.4916
 -0.4923  -0.4933  -0.4946  -0.4962  -0.4976  -0.4984  -0.5003  -0.5126  -0.5940
 -0.7884  -1.2041  -1.7975  -2.5046  -3.3312  -4.3348  -5.6184  -7.3477  -9.7858
-13.3500 -18.7013 -26.8865 -37.0000 -37.0000 -37.0000 -37.0000 -37.0000 -37.0000
-37.0000 -37.0000 -37.0000 -37.0000
 63.0000  -0.4904  -0.4905  -0.4905  -0.4906  -0.4907  -0.4909  -0.4912  -0.4916
 -0.4923  -0.4933  -0.4946  -0.4962  -0.4976  -0.4984  -0.5003  -0.5126  -0.5940
 -0.7884  -1.2041  -1.7975  -2.5046  -3.3312  -4.3348  -5.6184  -7.3477  -9.7858
-13.3500 -18.7013 -26.8865 -37.0000 -37.0000 -37.0000 -37.0000 -37.0000 -37.0000
-37.0000 -37.0000 -37.0000 -37.0000
 64.0000  -0.4904  -0.4905  -0.4905  -0.4906  -0.4907  -0.4909  -0.4912  -0.4916
 -0.4923  -0.4933  -0.4946  -0.4962  -0.4976  -0.4984  -0.5003  -0.5126  -0.5940
 -0.7884  -1.2041  -1.7975  -2.5046  -3.3312  -4.3348  -5.6184  -7.3477  -9.7858
-13.3500 -18.7013 -26.8865 -37.0000 -37.0000 -37.0000 -37.0000 -37.0000 -37.0000
-37.0000 -37.0000 -37.0000 -37.0000
nl= 2 nu=20
  0.0000  -1.4038  -1.4038  -1.4038  -1.4038  -1.4038  -1.4038  -1.4038  -1.4038
 -1.4038  -1.4038  -1.4038  -1.4038  -1.4038  -1.4038  -1.4039  -1.4041  -1.4046
 -1.4059  -1.4092  -1.4175  -1.4383  -1.4904  -1.6209  -1.9451  -2.7202  -3.9706
 -4.6409  -5.1885  -5.7404  -6.4022  -7.0237  -7.5429  -8.0697  -8.6103  -9.1738
 -9.7737 -10.4316 -11.1817
  0.0000  -1.5461  -1.5461  -1.5461  -1.5461  -1.5461  -1.5461  -1.5461  -1.5461
 -1.5461  -1.5461  -1.5461  -1.5461  -1.5461  -1.5461  -1.5462  -1.5463  -1.5465
 -1.5472  -1.5489  -1.5532  -1.5639  -1.5908  -1.6582  -1.8272  -2.2477  -3.2475
 -4.5562  -5.1641  -5.7291  -6.3944  -7.0195  -7.5410  -8.0688  -8.6101  -9.1739
 -9.7740 -10.4321 -11.1822
  0.0000  -1.6922  -1.6922  -1.6922  -1.6922  -1.6922  -1.6922  -1.6922  -1.6922
 -1.6922  -1.6922  -1.6922  -1.6922  -1.6922  -1.6922  -1.6922  -1.6922  -1.6924
 -1.6927  -1.6936  -1.6958  -1.7012  -1.7149  -1.7493  -1.8356  -2.0518  -2.5905
 -3.8561  -5.1095  -5.7079  -6.3801  -7.0126  -7.5377  -8.0671  -8.6095  -9.1739
 -9.7744 -10.4327 -11.1830
  0.0000  -1.8382  -1.8382  -1.8382  -1.8382  -1.8382  -1.8382  -1.8382  -1.8382
 -1.8382  -1.8382  -1.8382  -1.8382  -1.8382  -1.8382  -1.8382  -1.8382  -1.8383
 -1.8384  -1.8389  -1.8400  -1.8427  -1.8496  -1.8670  -1.9107  -2.0202  -2.2950
 -2.9798  -4.5459  -5.6629  -6.3514  -6.9978  -7.5295  -8.0614  -8.6054  -9.1709
 -9.7721 -10.4307 -11.1813
  0.0000  -1.9873  -1.9873  -1.9873  -1.9873  -1.9873  -1.9873  -1.9873  -1.9873
 -1.9873  -1.9873  -1.9873  -1.9873  -1.9873  -1.9873  -1.9873  -1.9873  -1.9874
 -1.9875  -1.9877  -1.9882  -1.9896  -1.9931  -2.0018  -2.0238  -2.0790  -2.2175
 -2.5649  -3.4313  -5.3022  -6.3020  -6.9758  -7.5188  -8.0549  -8.6015  -9.1686
 -9.7708 -10.4302 -11.1811
  0.0000  -2.1359  -2.1359  -2.1359  -2.1359  -2.1359  -2.1359  -2.1359  -2.1359
 -2.1359  -2.1359  -2.1359  -2.1359  -2.1359  -2.1359  -2.1359  -2.1359  -2.1359
 -2.1360  -2.1361  -2.1364  -2.1371  -2.1388  -2.1432  -2.1542  -2.1819  -2.2514
 -2.4261  -2.8643  -3.9569  -6.0915  -6.9372  -7.5008  -8.0429  -8.5937  -9.1633
 -9.7671 -10.4276 -11.1792
  0.0000  -2.2874  -2.2874  -2.2874  -2.2874  -2.2874  -2.2874  -2.2874  -2.2874
 -2.2874  -2.2874  -2.2874  -2.2874  -2.2874  -2.2874  -2.2874  -2.2874  -2.2874
 -2.2875  -2.2875  -2.2877  -2.2880  -2.2889  -2.2911  -2.2966  -2.3105  -2.3453
 -2.4329  -2.6527  -3.2045  -4.5801  -6.8394  -7.4777  -8.0282  -8.5847  -9.1579
 -9.7642 -10.4262 -11.1789
  0.0000  -1.1136  -1.1136  -1.1136  -1.1136  -1.1136  -1.1136  -1.1136  -1.1136
 -1.1136  -1.1136  -1.1136  -1.1136  -1.1137  -1.1138  -1.1141  -1.1150  -1.1171
 -1.1223  -1.1356  -1.1688  -1.2517  -1.4561  -1.9392  -2.8395  -3.6000  -4.1680
 -4.7186  -5.3133  -6.0153  -6.5350  -7.0590  -7.5946  -8.1495  -8.7354  -9.3710
-10.0856 -10.9254 -11.9639
  0.0000  -1.2391  -1.2391  -1.2391  -1.2391  -1.2391  -1.2391  -1.2391  -1.2391
 -1.2391  -1.2391  -1.2391  -1.2391  -1.2391  -1.2392  -1.2394  -1.2398  -1.2410
 -1.2439  -1.2511  -1.2692  -1.3146  -1.4280  -1.7082  -2.3674  -3.4459  -4.1341
 -4.7034  -5.3042  -6.0086  -6.5316  -7.0568  -7.5933  -8.1486  -8.7349  -9.3707
-10.0854 -10.9253 -11.9638
  0.0000  -1.3739  -1.3739  -1.3739  -1.3739  -1.3739  -1.3739  -1.3739  -1.3739
 -1.3739  -1.3739  -1.3739  -1.3739  -1.3739  -1.3739  -1.3740  -1.3743  -1.3749
 -1.3764  -1.3802  -1.3898  -1.4137  -1.4739  -1.6242  -1.9965  -2.8661  -4.0388
 -4.6747  -5.2885  -5.9969  -6.5265  -7.0534  -7.5913  -8.1474  -8.7341  -9.3703
-10.0852 -10.9252 -11.9638
  0.0000  -1.5144  -1.5144  -1.5144  -1.5144  -1.5144  -1.5144  -1.5144  -1.5144
 -1.5144  -1.5144  -1.5144  -1.5144  -1.5144  -1.5145  -1.5145  -1.5146  -1.5149
 -1.5157  -1.5177  -1.5226  -1.5350  -1.5661  -1.6441  -1.8394  -2.3236  -3.4405
 -4.6111  -5.2600  -5.9768  -6.5177  -7.0476  -7.5873  -8.1448  -8.7324  -9.3691
-10.0843 -10.9246 -11.9633
  0.0000  -1.6593  -1.6593  -1.6593  -1.6593  -1.6593  -1.6593  -1.6593  -1.6593
 -1.6593  -1.6593  -1.6593  -1.6593  -1.6593  -1.6593  -1.6594  -1.6594  -1.6596
 -1.6600  -1.6610  -1.6635  -1.6698  -1.6857  -1.7255  -1.8255  -2.0758  -2.6973
 -4.0955  -5.2072  -5.9437  -6.5048  -7.0389  -7.5821  -8.1414  -8.7304  -9.3679
-10.0836 -10.9243 -11.9632
  0.0000  -1.8064  -1.8064  -1.8064  -1.8064  -1.8064  -1.8064  -1.8064  -1.8064
 -1.8064  -1.8064  -1.8064  -1.8064  -1.8064  -1.8064  -1.8065  -1.8065  -1.8066
 -1.8068  -1.8073  -1.8085  -1.8117  -1.8198  -1.8399  -1.8905  -2.0175  -2.3359
 -3.1270  -4.8287  -5.8855  -6.4858  -7.0255  -7.5734  -8.1358  -8.7266  -9.3656
-10.0822 -10.9234 -11.9626
  0.0000  -1.9544  -1.9544  -1.9544  -1.9544  -1.9544  -1.9544  -1.9544  -1.9544
 -1.9544  -1.9544  -1.9544  -1.9544  -1.9544  -1.9544  -1.9544  -1.9544  -1.9545
 -1.9546  -1.9548  -1.9555  -1.9571  -1.9611  -1.9712  -1.9967  -2.0607  -2.2213
 -2.6242  -3.6263  -5.6302  -6.4581  -7.0064  -7.5603  -8.1268  -8.7206  -9.3613
-10.0793 -10.9213 -11.9612
  0.0000  -0.8868  -0.8868  -0.8868  -0.8868  -0.8868  -0.8868  -0.8868  -0.8868
 -0.8868  -0.8868  -0.8868  -0.8869  -0.8871  -0.8875  -0.8886  -0.8912  -0.8979
 -0.9146  -0.9562  -1.0584  -1.3006  -1.8050  -2.5057  -3.1250  -3.6899  -4.2620
 -5.0030  -5.5247  -6.0474  -6.5794  -7.1271  -7.7013  -8.3179  -9.0021  -9.7937
-10.7556 -11.9875 -13.6475
  0.0000  -0.9771  -0.9771  -0.9771  -0.9771  -0.9771  -0.9771  -0.9771  -0.9771
 -0.9771  -0.9771  -0.9771  -0.9771  -0.9772  -0.9775  -0.9782  -0.9798  -0.9840
 -0.9944  -1.0204  -1.0853  -1.2447  -1.6174  -2.3309  -3.0751  -3.6703  -4.2516
 -4.9938  -5.5207  -6.0445  -6.5776  -7.1261  -7.7006  -8.3175  -9.0018  -9.7935
-10.7555 -11.9875 -13.6474
  0.0000  -1.0859  -1.0859  -1.0859  -1.0859  -1.0859  -1.0859  -1.0859  -1.0859
 -1.0859  -1.0859  -1.0859  -1.0859  -1.0860  -1.0861  -1.0865  -1.0875  -1.0899
 -1.0959  -1.1110  -1.1488  -1.2432  -1.4748  -2.0115  -2.9210  -3.6320  -4.2336
 -4.9780  -5.5140  -6.0402  -6.5747  -7.1243  -7.6995  -8.3168  -9.0014  -9.7932
-10.7553 -11.9874 -13.6474
  0.0000  -1.2084  -1.2084  -1.2084  -1.2084  -1.2084  -1.2084  -1.2084  -1.2084
 -1.2084  -1.2084  -1.2084  -1.2084  -1.2085  -1.2086  -1.2088  -1.2093  -1.2106
 -1.2139  -1.2222  -1.2430  -1.2952  -1.4254  -1.7454  -2.4802  -3.5243  -4.2008
 -4.9510  -5.5031  -6.0325  -6.5695  -7.1206  -7.6970  -8.3149  -9.0000  -9.7921
-10.7543 -11.9865 -13.6466
  0.0000  -1.3430  -1.3430  -1.3430  -1.3430  -1.3430  -1.3430  -1.3430  -1.3430
 -1.3430  -1.3430  -1.3430  -1.3430  -1.3430  -1.3431  -1.3432  -1.3434  -1.3441
 -1.3459  -1.3503  -1.3613  -1.3890  -1.4584  -1.6318  -2.0591  -3.0269  -4.1306
 -4.9072  -5.4894  -6.0227  -6.5637  -7.1172  -7.6951  -8.3141  -8.9999  -9.7924
-10.7551 -11.9874 -13.6476
  0.0000  -1.4828  -1.4828  -1.4828  -1.4828  -1.4828  -1.4828  -1.4828  -1.4828
 -1.4828  -1.4828  -1.4828  -1.4828  -1.4828  -1.4828  -1.4829  -1.4830  -1.4834
 -1.4843  -1.4865  -1.4923  -1.5066  -1.5426  -1.6329  -1.8587  -2.4164  -3.6551
 -4.8249  -5.4687  -6.0068  -6.5528  -7.1097  -7.6900  -8.3106  -8.9976  -9.7909
-10.7539 -11.9866 -13.6470
  0.0000  -1.6265  -1.6265  -1.6265  -1.6265  -1.6265  -1.6265  -1.6265  -1.6265
 -1.6265  -1.6265  -1.6265  -1.6265  -1.6265  -1.6265  -1.6265  -1.6266  -1.6268
 -1.6273  -1.6284  -1.6313  -1.6386  -1.6570  -1.7032  -1.8190  -2.1089  -2.8269
 -4.3865  -5.4356  -5.9863  -6.5381  -7.0988  -7.6825  -8.3054  -8.9937  -9.7883
-10.7521 -11.9851 -13.6458
  0.0000  -0.7621  -0.7621  -0.7621  -0.7621  -0.7621  -0.7621  -0.7621  -0.7622
 -0.7622  -0.7622  -0.7622  -0.7624  -0.7627  -0.7635  -0.7657  -0.7710  -0.7843
 -0.8173  -0.8977  -1.0845  -1.4621  -2.0212  -2.6120  -3.2010  -3.8776  -4.5087
 -5.0340  -5.5641  -6.1067  -6.6713  -7.2719  -7.9302  -8.6805  -9.5768 -10.7046
-12.1996 -14.2764 -17.2753
  0.0000  -0.8036  -0.8036  -0.8036  -0.8036  -0.8036  -0.8036  -0.8036  -0.8036
 -0.8036  -0.8036  -0.8037  -0.8038  -0.8040  -0.8047  -0.8064  -0.8105  -0.8210
 -0.8471  -0.9114  -1.0649  -1.3997  -1.9643  -2.5876  -3.1882  -3.8686  -4.5030
 -5.0307  -5.5618  -6.1054  -6.6705  -7.2714  -7.9299  -8.6804  -9.5767 -10.7047
-12.1996 -14.2764 -17.2754
  0.0000  -0.8659  -0.8659  -0.8659  -0.8659  -0.8659  -0.8659  -0.8659  -0.8659
 -0.8659  -0.8659  -0.8659  -0.8660  -0.8662  -0.8667  -0.8678  -0.8708  -0.8781
 -0.8966  -0.9425  -1.0550  -1.3183  -1.8472  -2.5367  -3.1663  -3.8530  -4.4938
 -5.0252  -5.5584  -6.1030  -6.6691  -7.2704  -7.9294  -8.6800  -9.5765 -10.7045
-12.1995 -14.2764 -17.2754
  0.0000  -0.9511  -0.9511  -0.9511  -0.9511  -0.9511  -0.9511  -0.9511  -0.9511
 -0.9511  -0.9511  -0.9511  -0.9512  -0.9513  -0.9516  -0.9523  -0.9542  -0.9589
 -0.9706  -1.0000  -1.0732  -1.2518  -1.6627  -2.3995  -3.1254  -3.8272  -4.4798
 -5.0169  -5.5528  -6.0994  -6.6666  -7.2690  -7.9284  -8.6795  -9.5762 -10.7044
-12.1995 -14.2764 -17.2754
  0.0000  -1.0558  -1.0558  -1.0558  -1.0558  -1.0558  -1.0558  -1.0558  -1.0558
 -1.0558  -1.0558  -1.0558  -1.0559  -1.0559  -1.0561  -1.0565  -1.0576  -1.0604
 -1.0673  -1.0846  -1.1278  -1.2355  -1.4983  -2.0938  -3.0109  -3.7813  -4.4583
 -5.0040  -5.5433  -6.0929  -6.6620  -7.2656  -7.9261  -8.6777  -9.5749 -10.7032
-12.1985 -14.2755 -17.2746
  0.0000  -1.1781  -1.1781  -1.1781  -1.1781  -1.1781  -1.1781  -1.1781  -1.1781
 -1.1781  -1.1781  -1.1781  -1.1781  -1.1782  -1.1783  -1.1785  -1.1791  -1.1806
 -1.1844  -1.1940  -1.2180  -1.2780  -1.4276  -1.7938  -2.6124  -3.6829  -4.4283
 -4.9894  -5.5321  -6.0851  -6.6571  -7.2627  -7.9245  -8.6770  -9.5747 -10.7036
-12.1991 -14.2762 -17.2754
  0.0000  -1.3103  -1.3103  -1.3103  -1.3103  -1.3103  -1.3103  -1.3103  -1.3103
 -1.3103  -1.3103  -1.3104  -1.3104  -1.3104  -1.3104  -1.3106  -1.3109  -1.3117
 -1.3137  -1.3188  -1.3315  -1.3635  -1.4438  -1.6439  -2.1357  -3.2248  -4.3641
 -4.9708  -5.5172  -6.0734  -6.6485  -7.2568  -7.9203  -8.6741  -9.5730 -10.7023
-12.1981 -14.2755 -17.2749
  0.0000  -0.7194  -0.7194  -0.7194  -0.7194  -0.7194  -0.7194  -0.7194  -0.7194
 -0.7194  -0.7194  -0.7195  -0.7197  -0.7201  -0.7211  -0.7237  -0.7301  -0.7463
 -0.7864  -0.8840  -1.1052  -1.5182  -2.0804  -2.7187  -3.4697  -4.0096  -4.5436
 -5.0846  -5.6424  -6.2299  -6.8664  -7.5816  -8.4217  -9.4604 -10.8138 -12.6663
-15.3097 -19.2066 -25.0904
  0.0000  -0.7335  -0.7335  -0.7335  -0.7335  -0.7335  -0.7335  -0.7335  -0.7335
 -0.7335  -0.7335  -0.7336  -0.7338  -0.7341  -0.7351  -0.7376  -0.7438  -0.7593
 -0.7976  -0.8903  -1.1005  -1.5034  -2.0694  -2.7130  -3.4657  -4.0093  -4.5446
 -5.0864  -5.6449  -6.2329  -6.8696  -7.5849  -8.4251  -9.4639 -10.8174 -12.6698
-15.3132 -19.2102 -25.0940
  0.0000  -0.7484  -0.7484  -0.7484  -0.7484  -0.7484  -0.7484  -0.7484  -0.7484
 -0.7484  -0.7484  -0.7485  -0.7486  -0.7490  -0.7499  -0.7521  -0.7577  -0.7717
 -0.8064  -0.8907  -1.0847  -1.4723  -2.0445  -2.6964  -3.4503  -3.9998  -4.5370
 -5.0804  -5.6396  -6.2284  -6.8657  -7.5812  -8.4216  -9.4605 -10.8140 -12.6666
-15.3100 -19.2070 -25.0908
  0.0000  -0.7825  -0.7825  -0.7825  -0.7825  -0.7825  -0.7825  -0.7825  -0.7825
 -0.7826  -0.7826  -0.7826  -0.7827  -0.7830  -0.7837  -0.7856  -0.7901  -0.8015
 -0.8299  -0.8998  -1.0654  -1.4204  -2.0016  -2.6745  -3.4317  -3.9906  -4.5300
 -5.0757  -5.6365  -6.2262  -6.8643  -7.5804  -8.4211  -9.4601 -10.8138 -12.6664
-15.3099 -19.2069 -25.0908
  0.0000  -0.8391  -0.8391  -0.8391  -0.8391  -0.8391  -0.8391  -0.8391  -0.8391
 -0.8391  -0.8391  -0.8391  -0.8392  -0.8394  -0.8399  -0.8413  -0.8445  -0.8528
 -0.8734  -0.9247  -1.0499  -1.3396  -1.9030  -2.6317  -3.4034  -3.9788  -4.5201
 -5.0685  -5.6317  -6.2230  -6.8621  -7.5790  -8.4203  -9.4597 -10.8136 -12.6663
-15.3099 -19.2069 -25.0908
  0.0000  -0.9197  -0.9197  -0.9197  -0.9197  -0.9197  -0.9197  -0.9197  -0.9197
 -0.9197  -0.9197  -0.9197  -0.9197  -0.9199  -0.9202  -0.9211  -0.9232  -0.9285
 -0.9419  -0.9754  -1.0584  -1.2605  -1.7187  -2.5132  -3.3542  -3.9648  -4.5068
 -5.0581  -5.6239  -6.2175  -6.8582  -7.5762  -8.4184  -9.4582 -10.8125 -12.6654
-15.3091 -19.2063 -25.0902
  0.0000  -1.0237  -1.0237  -1.0237  -1.0237  -1.0237  -1.0237  -1.0237  -1.0237
 -1.0237  -1.0237  -1.0237  -1.0238  -1.0238  -1.0240  -1.0245  -1.0258  -1.0289
 -1.0369  -1.0567  -1.1064  -1.2299  -1.5307  -2.2056  -3.2332  -3.9497  -4.4936
 -5.0468  -5.6149  -6.2112  -6.8542  -7.5737  -8.4168  -9.4576 -10.8123 -12.6655
-15.3094 -19.2068 -25.0907
-10.0000  -0.6362  -0.6362  -0.6362  -0.6362  -0.6362  -0.6362  -0.6362  -0.6362
 -0.6362  -0.6362  -0.6363  -0.6366  -0.6372  -0.6387  -0.6426  -0.6529  -0.6792
 -0.7430  -0.8885  -1.1827  -1.6421  -2.1818  -2.7802  -3.4808  -3.9879  -4.5113
 -5.0536  -5.6177  -6.2122  -6.8545  -7.5737  -8.4167  -9.4574 -10.8121 -12.6653
-15.3092 -19.2065 -25.0905
-10.0000  -0.6410  -0.6410  -0.6410  -0.6410  -0.6410  -0.6410  -0.6410  -0.6410
 -0.6410  -0.6410  -0.6411  -0.6414  -0.6420  -0.6436  -0.6476  -0.6577  -0.6831
 -0.7449  -0.8872  -1.1778  -1.6375  -2.1798  -2.7795  -3.4806  -3.9882  -4.5117
 -5.0540  -5.6181  -6.2126  -6.8549  -7.5741  -8.4171  -9.4578 -10.8125 -12.6657
-15.3096 -19.2069 -25.0909
-10.0000  -0.6498  -0.6498  -0.6498  -0.6498  -0.6498  -0.6498  -0.6498  -0.6498
 -0.6498  -0.6498  -0.6499  -0.6502  -0.6508  -0.6523  -0.6561  -0.6657  -0.6896
 -0.7481  -0.8842  -1.1675  -1.6273  -2.1748  -2.7770  -3.4792  -3.9879  -4.5115
 -5.0538  -5.6180  -6.2125  -6.8548  -7.5740  -8.4170  -9.4577 -10.8124 -12.6656
-15.3095 -19.2068 -25.0908
-10.0000  -0.6661  -0.6661  -0.6661  -0.6661  -0.6661  -0.6661  -0.6661  -0.6661
 -0.6661  -0.6661  -0.6662  -0.6664  -0.6670  -0.6684  -0.6718  -0.6805  -0.7020
 -0.7550  -0.8801  -1.1488  -1.6068  -2.1646  -2.7721  -3.4766  -3.9873  -4.5110
 -5.0535  -5.6177  -6.2123  -6.8546  -7.5738  -8.4168  -9.4575 -10.8122 -12.6654
-15.3093 -19.2066 -25.0906
-10.0000  -0.6949  -0.6949  -0.6949  -0.6949  -0.6949  -0.6949  -0.6949  -0.6949
 -0.6949  -0.6950  -0.6950  -0.6952  -0.6957  -0.6968  -0.6997  -0.7070  -0.7251
 -0.7699  -0.8776  -1.1190  -1.5662  -2.1438  -2.7626  -3.4718  -3.9866  -4.5107
 -5.0535  -5.6178  -6.2124  -6.8548  -7.5740  -8.4170  -9.4577 -10.8124 -12.6656
-15.3095 -19.2068 -25.0908
-10.0000  -0.7406  -0.7406  -0.7406  -0.7406  -0.7406  -0.7406  -0.7406  -0.7406
 -0.7406  -0.7406  -0.7407  -0.7408  -0.7412  -0.7421  -0.7443  -0.7498  -0.7637
 -0.7982  -0.8827  -1.0810  -1.4906  -2.0970  -2.7427  -3.4616  -3.9849  -4.5098
 -5.0531  -5.6177  -6.2124  -6.8547  -7.5740  -8.4170  -9.4577 -10.8124 -12.6656
-15.3095 -19.2068 -25.0908
-10.0000  -0.8067  -0.8067  -0.8067  -0.8067  -0.8067  -0.8067  -0.8067  -0.8067
 -0.8067  -0.8067  -0.8067  -0.8068  -0.8071  -0.8077  -0.8092  -0.8130  -0.8226
 -0.8467  -0.9063  -1.0511  -1.3810  -1.9877  -2.6992  -3.4402  -3.9813  -4.5079
 -5.0524  -5.6173  -6.2122  -6.8547  -7.5739  -8.4170  -9.4577 -10.8124 -12.6656
-15.3095 -19.2068 -25.0908
 -1.0000  -0.6531  -0.6531  -0.6531  -0.6531  -0.6531  -0.6531  -0.6531  -0.6531
 -0.6531  -0.6531  -0.6532  -0.6534  -0.6540  -0.6553  -0.6584  -0.6657  -0.6834
 -0.7282  -0.8433  -1.1291  -1.7224  -2.3967  -2.9943  -3.5645  -4.1431  -4.7509
 -5.4135  -6.1660  -7.0636  -8.1921  -9.6875 -11.7645 -14.7637 -19.2243 -26.0014
-36.4498 -36.9870 -36.9870
  0.0000  -0.6540  -0.6540  -0.6540  -0.6540  -0.6540  -0.6540  -0.6540  -0.6540
 -0.6540  -0.6540  -0.6541  -0.6543  -0.6548  -0.6561  -0.6591  -0.6664  -0.6841
 -0.7288  -0.8433  -1.1283  -1.7206  -2.3960  -2.9941  -3.5645  -4.1431  -4.7510
 -5.4136  -6.1661  -7.0637  -8.1922  -9.6876 -11.7646 -14.7638 -19.2244 -26.0015
-36.4499 -36.9871 -36.9871
  0.0000  -0.6527  -0.6527  -0.6527  -0.6527  -0.6527  -0.6527  -0.6528  -0.6528
 -0.6528  -0.6528  -0.6529  -0.6531  -0.6536  -0.6548  -0.6579  -0.6655  -0.6840
 -0.7302  -0.8455  -1.1287  -1.7171  -2.3916  -2.9912  -3.5624  -4.1419  -4.7501
 -5.4131  -6.1658  -7.0635  -8.1922  -9.6876 -11.7647 -14.7638 -19.2245 -26.0016
-36.4500 -36.9872 -36.9872
  0.0000  -0.6464  -0.6464  -0.6464  -0.6464  -0.6464  -0.6464  -0.6464  -0.6464
 -0.6464  -0.6464  -0.6465  -0.6467  -0.6472  -0.6485  -0.6518  -0.6598  -0.6796
 -0.7287  -0.8485  -1.1367  -1.7203  -2.3866  -2.9857  -3.5581  -4.1387  -4.7482
 -5.4116  -6.1649  -7.0630  -8.1918  -9.6874 -11.7645 -14.7637 -19.2244 -26.0015
-36.4500 -36.9872 -36.9872
  0.0000  -0.6388  -0.6388  -0.6388  -0.6388  -0.6388  -0.6388  -0.6388  -0.6388
 -0.6388  -0.6388  -0.6389  -0.6391  -0.6397  -0.6410  -0.6444  -0.6529  -0.6739
 -0.7257  -0.8514  -1.1480  -1.7286  -2.3828  -2.9786  -3.5516  -4.1338  -4.7448
 -5.4093  -6.1634  -7.0622  -8.1914  -9.6872 -11.7645 -14.7638 -19.2245 -26.0017
-36.4501 -36.9874 -36.9874
  0.0000  -0.6354  -0.6354  -0.6354  -0.6354  -0.6354  -0.6354  -0.6354  -0.6354
 -0.6355  -0.6355  -0.6356  -0.6358  -0.6363  -0.6377  -0.6411  -0.6496  -0.6709
 -0.7236  -0.8520  -1.1533  -1.7348  -2.3821  -2.9715  -3.5433  -4.1266  -4.7396
 -5.4058  -6.1610  -7.0605  -8.1905  -9.6866 -11.7642 -14.7636 -19.2244 -26.0017
-36.4502 -36.9875 -36.9875
  1.0000  -0.6605  -0.6605  -0.6605  -0.6605  -0.6605  -0.6605  -0.6605  -0.6605
 -0.6605  -0.6605  -0.6606  -0.6608  -0.6613  -0.6624  -0.6654  -0.6728  -0.6915
 -0.7378  -0.8518  -1.1228  -1.6774  -2.3604  -2.9644  -3.5408  -4.1257  -4.7394
 -5.4058  -6.1611  -7.0608  -8.1907  -9.6868 -11.7644 -14.7638 -19.2246 -26.0019
-36.4505 -36.9878 -36.9878
  0.0000  -0.5440  -0.5440  -0.5440  -0.5440  -0.5440  -0.5440  -0.5440  -0.5440
 -0.5440  -0.5441  -0.5443  -0.5449  -0.5461  -0.5487  -0.5546  -0.5682  -0.6004
 -0.6788  -0.8775  -1.3141  -1.8923  -2.4778  -3.0658  -3.6738  -4.3236  -5.0471
 -5.8926  -6.9345  -8.2900 -10.1436 -12.7878 -16.6852 -22.5693 -31.6022 -36.9757
-36.9757 -36.9757 -36.9757
  0.0000  -0.6045  -0.6045  -0.6045  -0.6045  -0.6045  -0.6045  -0.6045  -0.6045
 -0.6045  -0.6045  -0.6047  -0.6050  -0.6057  -0.6072  -0.6103  -0.6171  -0.6336
 -0.6794  -0.8282  -1.2486  -1.8701  -2.4789  -3.0738  -3.6818  -4.3296  -5.0510
 -5.8948  -6.9355  -8.2901 -10.1433 -12.7871 -16.6843 -22.5683 -31.6011 -36.9744
-36.9744 -36.9744 -36.9744
  0.0000  -0.6114  -0.6114  -0.6114  -0.6114  -0.6114  -0.6114  -0.6114  -0.6114
 -0.6115  -0.6115  -0.6116  -0.6118  -0.6124  -0.6138  -0.6167  -0.6229  -0.6381
 -0.6805  -0.8232  -1.2405  -1.8680  -2.4791  -3.0744  -3.6823  -4.3299  -5.0512
 -5.8949  -6.9355  -8.2900 -10.1431 -12.7869 -16.6841 -22.5681 -31.6009 -36.9742
-36.9742 -36.9742 -36.9742
  0.0000  -0.5988  -0.5988  -0.5988  -0.5988  -0.5988  -0.5988  -0.5988  -0.5988
 -0.5988  -0.5989  -0.5990  -0.5992  -0.5998  -0.6013  -0.6049  -0.6129  -0.6322
 -0.6820  -0.8334  -1.2492  -1.8679  -2.4767  -3.0720  -3.6805  -4.3286  -5.0504
 -5.8944  -6.9352  -8.2899 -10.1431 -12.7869 -16.6842 -22.5681 -31.6010 -36.9743
-36.9743 -36.9743 -36.9743
  0.0000  -0.5752  -0.5752  -0.5752  -0.5752  -0.5752  -0.5752  -0.5752  -0.5752
 -0.5752  -0.5753  -0.5754  -0.5757  -0.5764  -0.5783  -0.5829  -0.5938  -0.6200
 -0.6835  -0.8535  -1.2697  -1.8708  -2.4730  -3.0675  -3.6769  -4.3262  -5.0487
 -5.8935  -6.9348  -8.2898 -10.1431 -12.7871 -16.6844 -22.5685 -31.6013 -36.9747
-36.9747 -36.9747 -36.9747
  0.0000  -0.5481  -0.5481  -0.5481  -0.5481  -0.5481  -0.5481  -0.5481  -0.5482
 -0.5482  -0.5482  -0.5484  -0.5487  -0.5496  -0.5519  -0.5575  -0.5712  -0.6045
 -0.6842  -0.8783  -1.2984  -1.8787  -2.4699  -3.0615  -3.6713  -4.3222  -5.0461
 -5.8916  -6.9338  -8.2894 -10.1431 -12.7872 -16.6847 -22.5688 -31.6017 -36.9752
-36.9752 -36.9752 -36.9752
  0.0000  -0.5272  -0.5272  -0.5272  -0.5272  -0.5272  -0.5272  -0.5272  -0.5272
 -0.5272  -0.5273  -0.5274  -0.5278  -0.5288  -0.5313  -0.5375  -0.5530  -0.5911
 -0.6834  -0.8983  -1.3254  -1.8913  -2.4696  -3.0557  -3.6647  -4.3167  -5.0422
 -5.8892  -6.9321  -8.2884 -10.1426 -12.7870 -16.6848 -22.5689 -31.6019 -36.9756
-36.9756 -36.9756 -36.9756
 -1.0000  -0.5662  -0.5662  -0.5662  -0.5662  -0.5662  -0.5662  -0.5663  -0.5663
 -0.5664  -0.5665  -0.5668  -0.5672  -0.5676  -0.5677  -0.5667  -0.5644  -0.5699
 -0.6322  -0.8731  -1.3664  -1.9597  -2.5789  -3.2268  -3.9310  -4.7347  -5.7039
 -6.9403  -8.6029 -10.9428 -14.3573 -19.4755 -27.2944 -36.9584 -36.9584 -36.9584
-36.9584 -36.9584 -36.9584
  0.0000  -0.5664  -0.5664  -0.5664  -0.5664  -0.5664  -0.5664  -0.5664  -0.5664
 -0.5665  -0.5666  -0.5668  -0.5672  -0.5676  -0.5676  -0.5667  -0.5645  -0.5700
 -0.6323  -0.8730  -1.3663  -1.9597  -2.5788  -3.2268  -3.9310  -4.7347  -5.7039
 -6.9403  -8.6029 -10.9428 -14.3573 -19.4755 -27.2944 -36.9584 -36.9584 -36.9584
-36.9584 -36.9584 -36.9584
  0.0000  -0.6411  -0.6411  -0.6411  -0.6411  -0.6411  -0.6411  -0.6411  -0.6411
 -0.6411  -0.6411  -0.6410  -0.6409  -0.6402  -0.6378  -0.6307  -0.6147  -0.5928
 -0.6130  -0.8194  -1.3336  -1.9537  -2.5829  -3.2324  -3.9354  -4.7374  -5.7055
 -6.9408  -8.6027 -10.9421 -14.3563 -19.4744 -27.2931 -36.9569 -36.9569 -36.9569
-36.9569 -36.9569 -36.9569
  0.0000  -0.6447  -0.6447  -0.6447  -0.6447  -0.6447  -0.6447  -0.6447  -0.6447
 -0.6447  -0.6446  -0.6445  -0.6443  -0.6434  -0.6408  -0.6335  -0.6169  -0.5941
 -0.6125  -0.8170  -1.3321  -1.9535  -2.5831  -3.2327  -3.9355  -4.7375  -5.7056
 -6.9408  -8.6027 -10.9422 -14.3563 -19.4744 -27.2931 -36.9569 -36.9569 -36.9569
-36.9569 -36.9569 -36.9569
  0.0000  -0.6149  -0.6149  -0.6149  -0.6149  -0.6149  -0.6149  -0.6149  -0.6149
 -0.6149  -0.6148  -0.6148  -0.6146  -0.6140  -0.6124  -0.6079  -0.5977  -0.5866
 -0.6212  -0.8360  -1.3408  -1.9536  -2.5809  -3.2306  -3.9341  -4.7367  -5.7052
 -6.9408  -8.6029 -10.9425 -14.3568 -19.4749 -27.2936 -36.9575 -36.9575 -36.9575
-36.9575 -36.9575 -36.9575
  0.0000  -0.5690  -0.5690  -0.5690  -0.5690  -0.5690  -0.5690  -0.5690  -0.5690
 -0.5690  -0.5690  -0.5690  -0.5691  -0.5691  -0.5690  -0.5686  -0.5679  -0.5751
 -0.6356  -0.8675  -1.3575  -1.9555  -2.5776  -3.2269  -3.9314  -4.7351  -5.7041
 -6.9406  -8.6031 -10.9429 -14.3574 -19.4756 -27.2944 -36.9584 -36.9584 -36.9584
-36.9584 -36.9584 -36.9584
  0.0000  -0.5218  -0.5218  -0.5218  -0.5218  -0.5218  -0.5218  -0.5218  -0.5218
 -0.5218  -0.5218  -0.5219  -0.5222  -0.5228  -0.5242  -0.5278  -0.5369  -0.5636
 -0.6522  -0.9037  -1.3804  -1.9609  -2.5752  -3.2227  -3.9278  -4.7329  -5.7031
 -6.9400  -8.6032 -10.9435 -14.3582 -19.4765 -27.2954 -36.9597 -36.9597 -36.9597
-36.9597 -36.9597 -36.9597
 -2.0000  -0.6089  -0.6089  -0.6089  -0.6089  -0.6089  -0.6089  -0.6089  -0.6091
 -0.6093  -0.6096  -0.6101  -0.6102  -0.6093  -0.6050  -0.5935  -0.5726  -0.5526
 -0.5949  -0.8470  -1.3918  -2.0475  -2.7535  -3.5348  -4.4497  -5.5883  -7.0896
 -9.1701 -12.1712 -16.6330 -23.4107 -33.8596 -36.8973 -36.8973 -36.8973 -36.8973
-36.8973 -36.8973 -36.8973
 -1.0000  -0.6090  -0.6090  -0.6090  -0.6090  -0.6090  -0.6090  -0.6091  -0.6091
 -0.6093  -0.6096  -0.6100  -0.6102  -0.6092  -0.6049  -0.5935  -0.5726  -0.5527
 -0.5950  -0.8470  -1.3917  -2.0475  -2.7535  -3.5348  -4.4497  -5.5883  -7.0896
 -9.1701 -12.1712 -16.6330 -23.4107 -33.8596 -36.8973 -36.8973 -36.8973 -36.8973
-36.8973 -36.8973 -36.8973
  0.0000  -0.6092  -0.6092  -0.6092  -0.6092  -0.6092  -0.6092  -0.6092  -0.6093
 -0.6094  -0.6096  -0.6099  -0.6101  -0.6091  -0.6049  -0.5935  -0.5726  -0.5527
 -0.5950  -0.8469  -1.3916  -2.0474  -2.7535  -3.5348  -4.4497  -5.5883  -7.0896
 -9.1701 -12.1712 -16.6330 -23.4107 -33.8596 -36.8973 -36.8973 -36.8973 -36.8973
-36.8973 -36.8973 -36.8973
 -3.0000  -0.5852  -0.5852  -0.5852  -0.5852  -0.5852  -0.5852  -0.5852  -0.5853
 -0.5853  -0.5855  -0.5857  -0.5860  -0.5855  -0.5823  -0.5733  -0.5580  -0.5482
 -0.6049  -0.8618  -1.3980  -2.0481  -2.7525  -3.5339  -4.4492  -5.5883  -7.0898
 -9.1706 -12.1718 -16.6337 -23.4115 -33.8605 -36.8982 -36.8982 -36.8982 -36.8982
-36.8982 -36.8982 -36.8982
 -2.0000  -0.5855  -0.5855  -0.5855  -0.5855  -0.5855  -0.5855  -0.5856  -0.5856
 -0.5856  -0.5856  -0.5858  -0.5858  -0.5852  -0.5821  -0.5734  -0.5582  -0.5485
 -0.6052  -0.8618  -1.3978  -2.0480  -2.7526  -3.5339  -4.4493  -5.5884  -7.0899
 -9.1707 -12.1719 -16.6338 -23.4116 -33.8606 -36.8983 -36.8983 -36.8983 -36.8983
-36.8983 -36.8983 -36.8983
 -1.0000  -0.5855  -0.5855  -0.5855  -0.5855  -0.5855  -0.5855  -0.5855  -0.5855
 -0.5854  -0.5854  -0.5854  -0.5853  -0.5845  -0.5815  -0.5731  -0.5581  -0.5488
 -0.6053  -0.8613  -1.3970  -2.0475  -2.7522  -3.5337  -4.4490  -5.5882  -7.0897
 -9.1705 -12.1717 -16.6336 -23.4114 -33.8604 -36.8981 -36.8981 -36.8981 -36.8981
-36.8981 -36.8981 -36.8981
  0.0000  -0.5852  -0.5852  -0.5852  -0.5852  -0.5852  -0.5852  -0.5852  -0.5852
 -0.5852  -0.5851  -0.5850  -0.5847  -0.5836  -0.5807  -0.5728  -0.5585  -0.5497
 -0.6060  -0.8606  -1.3958  -2.0469  -2.7520  -3.5335  -4.4489  -5.5881  -7.0896
 -9.1704 -12.1716 -16.6335 -23.4113 -33.8604 -36.8981 -36.8981 -36.8981 -36.8981
-36.8981 -36.8981 -36.8981
 -2.0000  -0.3503  -0.3503  -0.3503  -0.3505  -0.3508  -0.3516  -0.3531  -0.3551
 -0.3566  -0.3577  -0.3592  -0.3610  -0.3630  -0.3651  -0.3701  -0.3882  -0.4733
 -0.6724  -1.0825  -1.6704  -2.3825  -3.2294  -4.2759  -5.6373  -7.4978 -10.1489
-14.0525 -19.9414 -28.9778 -36.8579 -36.8579 -36.8579 -36.8579 -36.8579 -36.8579
-36.8579 -36.8579 -36.8579
 -1.0000  -0.3516  -0.3516  -0.3516  -0.3517  -0.3519  -0.3523  -0.3531  -0.3546
 -0.3564  -0.3577  -0.3592  -0.3610  -0.3630  -0.3651  -0.3701  -0.3882  -0.4733
 -0.6724  -1.0825  -1.6704  -2.3825  -3.2294  -4.2759  -5.6373  -7.4978 -10.1489
-14.0525 -19.9414 -28.9778 -36.8579 -36.8579 -36.8579 -36.8579 -36.8579 -36.8579
-36.8579 -36.8579 -36.8579
  0.0000  -0.3528  -0.3528  -0.3528  -0.3528  -0.3529  -0.3531  -0.3536  -0.3545
 -0.3560  -0.3576  -0.3591  -0.3610  -0.3630  -0.3651  -0.3701  -0.3883  -0.4733
 -0.6724  -1.0825  -1.6704  -2.3825  -3.2294  -4.2759  -5.6373  -7.4978 -10.1489
-14.0525 -19.9414 -28.9778 -36.8579 -36.8579 -36.8579 -36.8579 -36.8579 -36.8579
-36.8579 -36.8579 -36.8579
  1.0000  -0.3546  -0.3546  -0.3546  -0.3546  -0.3547  -0.3548  -0.3550  -0.3555
 -0.3565  -0.3580  -0.3598  -0.3616  -0.3636  -0.3658  -0.3708  -0.3890  -0.4740
 -0.6731  -1.0831  -1.6710  -2.3832  -3.2301  -4.2766  -5.6380  -7.4985 -10.1496
-14.0532 -19.9421 -28.9785 -36.8586 -36.8586 -36.8586 -36.8586 -36.8586 -36.8586
-36.8586 -36.8586 -36.8586
  2.0000  -0.3556  -0.3556  -0.3556  -0.3556  -0.3556  -0.3556  -0.3557  -0.3560
 -0.3566  -0.3578  -0.3595  -0.3615  -0.3635  -0.3658  -0.3707  -0.3890  -0.4739
 -0.6729  -1.0829  -1.6709  -2.3830  -3.2300  -4.2765  -5.6379  -7.4984 -10.1495
-14.0531 -19.9420 -28.9784 -36.8585 -36.8585 -36.8585 -36.8585 -36.8585 -36.8585
-36.8585 -36.8585 -36.8585
  3.0000  -0.3566  -0.3566  -0.3566  -0.3566  -0.3566  -0.3566  -0.3567  -0.3568
 -0.3572  -0.3579  -0.3593  -0.3613  -0.3634  -0.3658  -0.3707  -0.3893  -0.4739
 -0.6729  -1.0827  -1.6707  -2.3829  -3.2299  -4.2764  -5.6379  -7.4984 -10.1495
-14.0531 -19.9420 -28.9784 -36.8585 -36.8585 -36.8585 -36.8585 -36.8585 -36.8585
-36.8585 -36.8585 -36.8585
  4.0000  -0.3578  -0.3578  -0.3578  -0.3578  -0.3578  -0.3578  -0.3578  -0.3579
 -0.3581  -0.3585  -0.3595  -0.3612  -0.3634  -0.3660  -0.3709  -0.3899  -0.4740
 -0.6728  -1.0824  -1.6705  -2.3829  -3.2299  -4.2765  -5.6379  -7.4984 -10.1495
-14.0531 -19.9420 -28.9784 -36.8586 -36.8586 -36.8586 -36.8586 -36.8586 -36.8586
-36.8586 -36.8586 -36.8586
-12.0000  -0.3495  -0.3494  -0.3492  -0.3490  -0.3490  -0.3509  -0.3549  -0.3563
 -0.3571  -0.3582  -0.3597  -0.3615  -0.3635  -0.3656  -0.3706  -0.3887  -0.4738
 -0.6729  -1.0830  -1.6709  -2.3830  -3.2299  -4.2764  -5.6378  -7.4983 -10.1494
-14.0530 -19.9419 -28.9783 -36.8584 -36.8584 -36.8584 -36.8584 -36.8584 -36.8584
-36.8584 -36.8584 -36.8584
-11.0000  -0.3495  -0.3495  -0.3496  -0.3498  -0.3502  -0.3515  -0.3540  -0.3562
 -0.3571  -0.3582  -0.3597  -0.3615  -0.3635  -0.3656  -0.3706  -0.3887  -0.4738
 -0.6729  -1.0830  -1.6709  -2.3830  -3.2299  -4.2764  -5.6378  -7.4983 -10.1494
-14.0530 -19.9419 -28.9783 -36.8584 -36.8584 -36.8584 -36.8584 -36.8584 -36.8584
-36.8584 -36.8584 -36.8584
-10.0000  -0.3505  -0.3505  -0.3506  -0.3507  -0.3511  -0.3520  -0.3536  -0.3558
 -0.3571  -0.3582  -0.3597  -0.3615  -0.3635  -0.3656  -0.3706  -0.3887  -0.4738
 -0.6729  -1.0830  -1.6709  -2.3830  -3.2299  -4.2764  -5.6378  -7.4983 -10.1494
-14.0530 -19.9419 -28.9783 -36.8584 -36.8584 -36.8584 -36.8584 -36.8584 -36.8584
-36.8584 -36.8584 -36.8584
 11.0000  -0.3518  -0.3518  -0.3518  -0.3519  -0.3521  -0.3526  -0.3536  -0.3552
 -0.3569  -0.3582  -0.3597  -0.3615  -0.3635  -0.3656  -0.3706  -0.3887  -0.4738
 -0.6729  -1.0830  -1.6709  -2.3830  -3.2299  -4.2764  -5.6378  -7.4983 -10.1494
-14.0530 -19.9419 -28.9783 -36.8584 -36.8584 -36.8584 -36.8584 -36.8584 -36.8584
-36.8584 -36.8584 -36.8584
 12.0000  -0.3531  -0.3532  -0.3532  -0.3532  -0.3533  -0.3535  -0.3540  -0.3551
 -0.3567  -0.3582  -0.3598  -0.3616  -0.3636  -0.3657  -0.3707  -0.3889  -0.4739
 -0.6730  -1.0831  -1.6710  -2.3831  -3.2300  -4.2765  -5.6379  -7.4984 -10.1495
-14.0531 -19.9420 -28.9784 -36.8585 -36.8585 -36.8585 -36.8585 -36.8585 -36.8585
-36.8585 -36.8585 -36.8585
 13.0000  -0.3543  -0.3543  -0.3543  -0.3543  -0.3544  -0.3545  -0.3547  -0.3553
 -0.3564  -0.3580  -0.3597  -0.3616  -0.3635  -0.3657  -0.3707  -0.3889  -0.4739
 -0.6730  -1.0830  -1.6709  -2.3831  -3.2300  -4.2765  -5.6379  -7.4984 -10.1495
-14.0531 -19.9420 -28.9784 -36.8585 -36.8585 -36.8585 -36.8585 -36.8585 -36.8585
-36.8585 -36.8585 -36.8585
 14.0000  -0.3553  -0.3553  -0.3553  -0.3553  -0.3554  -0.3554  -0.3555  -0.3558
 -0.3565  -0.3578  -0.3595  -0.3615  -0.3635  -0.3658  -0.3707  -0.3890  -0.4739
 -0.6729  -1.0829  -1.6709  -2.3830  -3.2300  -4.2765  -5.6379  -7.4984 -10.1495
-14.0531 -19.9420 -28.9784 -36.8585 -36.8585 -36.8585 -36.8585 -36.8585 -36.8585
-36.8585 -36.8585 -36.8585
-22.0000  -0.3537  -0.3531  -0.3514  -0.3475  -0.3427  -0.3507  -0.3564  -0.3563
 -0.3571  -0.3582  -0.3597  -0.3615  -0.3635  -0.3656  -0.3706  -0.3887  -0.4738
 -0.6729  -1.0830  -1.6709  -2.3830  -3.2299  -4.2764  -5.6378  -7.4983 -10.1494
-14.0530 -19.9419 -28.9783 -36.8584 -36.8584 -36.8584 -36.8584 -36.8584 -36.8584
-36.8584 -36.8584 -36.8584
-21.0000  -0.3515  -0.3511  -0.3500  -0.3480  -0.3461  -0.3503  -0.3561  -0.3563
 -0.3571  -0.3582  -0.3597  -0.3615  -0.3635  -0.3656  -0.3706  -0.3887  -0.4738
 -0.6729  -1.0830  -1.6709  -2.3830  -3.2299  -4.2764  -5.6378  -7.4983 -10.1494
-14.0530 -19.9419 -28.9783 -36.8584 -36.8584 -36.8584 -36.8584 -36.8584 -36.8584
-36.8584 -36.8584 -36.8584
-20.0000  -0.3497  -0.3495  -0.3493  -0.3489  -0.3487  -0.3507  -0.3551  -0.3563
 -0.3571  -0.3582  -0.3597  -0.3615  -0.3635  -0.3656  -0.3706  -0.3887  -0.4738
 -0.6729  -1.0830  -1.6709  -2.3830  -3.2299  -4.2764  -5.6378  -7.4983 -10.1494
-14.0530 -19.9419 -28.9783 -36.8584 -36.8584 -36.8584 -36.8584 -36.8584 -36.8584
-36.8584 -36.8584 -36.8584
 21.0000  -0.3494  -0.3494  -0.3494  -0.3496  -0.3500  -0.3514  -0.3542  -0.3562
 -0.3571  -0.3582  -0.3597  -0.3615  -0.3635  -0.3656  -0.3706  -0.3887  -0.4738
 -0.6729  -1.0830  -1.6709  -2.3830  -3.2299  -4.2764  -5.6378  -7.4983 -10.1494
-14.0530 -19.9419 -28.9783 -36.8584 -36.8584 -36.8584 -36.8584 -36.8584 -36.8584
-36.8584 -36.8584 -36.8584
 22.0000  -0.3502  -0.3503  -0.3503  -0.3505  -0.3509  -0.3519  -0.3537  -0.3559
 -0.3571  -0.3582  -0.3597  -0.3615  -0.3635  -0.3656  -0.3706  -0.3887  -0.4738
 -0.6729  -1.0830  -1.6709  -2.3830  -3.2299  -4.2764  -5.6378  -7.4983 -10.1494
-14.0530 -19.9419 -28.9783 -36.8584 -36.8584 -36.8584 -36.8584 -36.8584 -36.8584
-36.8584 -36.8584 -36.8584
 23.0000  -0.3516  -0.3516  -0.3517  -0.3518  -0.3520  -0.3525  -0.3537  -0.3554
 -0.3571  -0.3583  -0.3598  -0.3616  -0.3636  -0.3657  -0.3707  -0.3888  -0.4739
 -0.6730  -1.0831  -1.6710  -2.3831  -3.2300  -4.2765  -5.6379  -7.4984 -10.1495
-14.0531 -19.9420 -28.9784 -36.8585 -36.8585 -36.8585 -36.8585 -36.8585 -36.8585
-36.8585 -36.8585 -36.8585
 24.0000  -0.3530  -0.3530  -0.3530  -0.3531  -0.3532  -0.3534  -0.3540  -0.3552
 -0.3568  -0.3583  -0.3599  -0.3617  -0.3637  -0.3658  -0.3708  -0.3889  -0.4740
 -0.6731  -1.0832  -1.6711  -2.3832  -3.2301  -4.2766  -5.6380  -7.4985 -10.1496
-14.0532 -19.9421 -28.9785 -36.8586 -36.8586 -36.8586 -36.8586 -36.8586 -36.8586
-36.8586 -36.8586 -36.8586
-32.0000  -0.3550  -0.3551  -0.3550  -0.3498  -0.3347  -0.3536  -0.3560  -0.3563
 -0.3570  -0.3581  -0.3596  -0.3614  -0.3634  -0.3655  -0.3705  -0.3886  -0.4737
 -0.6728  -1.0829  -1.6708  -2.3829  -3.2298  -4.2763  -5.6377  -7.4982 -10.1493
-14.0529 -19.9418 -28.9782 -36.8583 -36.8583 -36.8583 -36.8583 -36.8583 -36.8583
-36.8583 -36.8583 -36.8583
-31.0000  -0.3549  -0.3547  -0.3536  -0.3482  -0.3381  -0.3522  -0.3561  -0.3563
 -0.3570  -0.3581  -0.3596  -0.3614  -0.3634  -0.3655  -0.3705  -0.3886  -0.4737
 -0.6728  -1.0829  -1.6708  -2.3829  -3.2298  -4.2763  -5.6377  -7.4982 -10.1493
-14.0529 -19.9418 -28.9782 -36.8583 -36.8583 -36.8583 -36.8583 -36.8583 -36.8583
-36.8583 -36.8583 -36.8583
-30.0000  -0.3540  -0.3534  -0.3517  -0.3474  -0.3418  -0.3508  -0.3563  -0.3562
 -0.3570  -0.3581  -0.3596  -0.3614  -0.3634  -0.3655  -0.3705  -0.3886  -0.4737
 -0.6728  -1.0829  -1.6708  -2.3829  -3.2298  -4.2763  -5.6377  -7.4982 -10.1493
-14.0529 -19.9418 -28.9782 -36.8583 -36.8583 -36.8583 -36.8583 -36.8583 -36.8583
-36.8583 -36.8583 -36.8583
 31.0000  -0.3519  -0.3514  -0.3502  -0.3477  -0.3454  -0.3502  -0.3561  -0.3562
 -0.3570  -0.3581  -0.3596  -0.3614  -0.3634  -0.3655  -0.3705  -0.3886  -0.4737
 -0.6728  -1.0829  -1.6708  -2.3829  -3.2298  -4.2763  -5.6377  -7.4982 -10.1493
-14.0529 -19.9418 -28.9782 -36.8583 -36.8583 -36.8583 -36.8583 -36.8583 -36.8583
-36.8583 -36.8583 -36.8583
 32.0000  -0.3498  -0.3497  -0.3493  -0.3486  -0.3481  -0.3505  -0.3552  -0.3562
 -0.3570  -0.3581  -0.3596  -0.3614  -0.3634  -0.3655  -0.3705  -0.3886  -0.4737
 -0.6728  -1.0829  -1.6708  -2.3829  -3.2298  -4.2763  -5.6377  -7.4982 -10.1493
-14.0529 -19.9418 -28.9782 -36.8583 -36.8583 -36.8583 -36.8583 -36.8583 -36.8583
-36.8583 -36.8583 -36.8583
 33.0000  -0.3492  -0.3492  -0.3492  -0.3493  -0.3497  -0.3512  -0.3542  -0.3562
 -0.3570  -0.3581  -0.3596  -0.3614  -0.3634  -0.3655  -0.3705  -0.3886  -0.4737
 -0.6728  -1.0829  -1.6708  -2.3829  -3.2298  -4.2763  -5.6377  -7.4982 -10.1493
-14.0529 -19.9418 -28.9782 -36.8583 -36.8583 -36.8583 -36.8583 -36.8583 -36.8583
-36.8583 -36.8583 -36.8583
 34.0000  -0.3501  -0.3501  -0.3502  -0.3504  -0.3508  -0.3519  -0.3538  -0.3561
 -0.3572  -0.3583  -0.3598  -0.3616  -0.3636  -0.3657  -0.3707  -0.3888  -0.4739
 -0.6730  -1.0831  -1.6710  -2.3831  -3.2300  -4.2765  -5.6379  -7.4984 -10.1495
-14.0531 -19.9420 -28.9784 -36.8585 -36.8585 -36.8585 -36.8585 -36.8585 -36.8585
-36.8585 -36.8585 -36.8585
-42.0000  -0.3550  -0.3548  -0.3557  -0.3532  -0.3305  -0.3550  -0.3559  -0.3563
 -0.3570  -0.3581  -0.3596  -0.3614  -0.3634  -0.3655  -0.3705  -0.3886  -0.4737
 -0.6728  -1.0829  -1.6708  -2.3829  -3.2298  -4.2763  -5.6377  -7.4982 -10.1493
-14.0529 -19.9418 -28.9782 -36.8583 -36.8583 -36.8583 -36.8583 -36.8583 -36.8583
-36.8583 -36.8583 -36.8583
-41.0000  -0.3549  -0.3550  -0.3557  -0.3519  -0.3318  -0.3546  -0.3559  -0.3563
 -0.3570  -0.3581  -0.3596  -0.3614  -0.3634  -0.3655  -0.3705  -0.3886  -0.4737
 -0.6728  -1.0829  -1.6708  -2.3829  -3.2298  -4.2763  -5.6377  -7.4982 -10.1493
-14.0529 -19.9418 -28.9782 -36.8583 -36.8583 -36.8583 -36.8583 -36.8583 -36.8583
-36.8583 -36.8583 -36.8583
-40.0000  -0.3550  -0.3551  -0.3552  -0.3501  -0.3341  -0.3538  -0.3560  -0.3563
 -0.3570  -0.3581  -0.3596  -0.3614  -0.3634  -0.3655  -0.3705  -0.3886  -0.4737
 -0.6728  -1.0829  -1.6708  -2.3829  -3.2298  -4.2763  -5.6377  -7.4982 -10.1493
-14.0529 -19.9418 -28.9782 -36.8583 -36.8583 -36.8583 -36.8583 -36.8583 -36.8583
-36.8583 -36.8583 -36.8583
 41.0000  -0.3550  -0.3549  -0.3539  -0.3485  -0.3373  -0.3526  -0.3561  -0.3563
 -0.3570  -0.3581  -0.3596  -0.3614  -0.3634  -0.3655  -0.3705  -0.3886  -0.4737
 -0.6728  -1.0829  -1.6708  -2.3829  -3.2298  -4.2763  -5.6377  -7.4982 -10.1493
-14.0529 -19.9418 -28.9782 -36.8583 -36.8583 -36.8583 -36.8583 -36.8583 -36.8583
-36.8583 -36.8583 -36.8583
 42.0000  -0.3543  -0.3537  -0.3521  -0.3475  -0.3410  -0.3511  -0.3563  -0.3562
 -0.3570  -0.3581  -0.3596  -0.3614  -0.3634  -0.3655  -0.3705  -0.3886  -0.4737
 -0.6728  -1.0829  -1.6708  -2.3829  -3.2298  -4.2763  -5.6377  -7.4982 -10.1493
-14.0529 -19.9418 -28.9782 -36.8583 -36.8583 -36.8583 -36.8583 -36.8583 -36.8583
-36.8583 -36.8583 -36.8583
 43.0000  -0.3524  -0.3518  -0.3504  -0.3476  -0.3446  -0.3502  -0.3562  -0.3562
 -0.3570  -0.3581  -0.3596  -0.3614  -0.3634  -0.3655  -0.3705  -0.3886  -0.4737
 -0.6728  -1.0829  -1.6708  -2.3829  -3.2298  -4.2763  -5.6377  -7.4982 -10.1493
-14.0529 -19.9418 -28.9782 -36.8583 -36.8583 -36.8583 -36.8583 -36.8583 -36.8583
-36.8583 -36.8583 -36.8583
 44.0000  -0.3505  -0.3503  -0.3497  -0.3487  -0.3479  -0.3507  -0.3557  -0.3565
 -0.3573  -0.3584  -0.3599  -0.3617  -0.3637  -0.3658  -0.3708  -0.3889  -0.4740
 -0.6731  -1.0832  -1.6711  -2.3832  -3.2301  -4.2766  -5.6380  -7.4985 -10.1496
-14.0532 -19.9421 -28.9785 -36.8586 -36.8586 -36.8586 -36.8586 -36.8586 -36.8586
-36.8586 -36.8586 -36.8586
-52.0000  -0.4967  -0.4966  -0.4970  -0.4963  -0.4710  -0.4971  -0.4975  -0.4980
 -0.4987  -0.4998  -0.5013  -0.5031  -0.5051  -0.5072  -0.5122  -0.5303  -0.6154
 -0.8145  -1.2246  -1.8125  -2.5246  -3.3715  -4.4180  -5.7794  -7.6399 -10.2910
-14.1946 -20.0835 -29.1199 -37.0000 -37.0000 -37.0000 -37.0000 -37.0000 -37.0000
-37.0000 -37.0000 -37.0000
-51.0000  -0.4967  -0.4965  -0.4971  -0.4959  -0.4713  -0.4970  -0.4975  -0.4980
 -0.4987  -0.4998  -0.5013  -0.5031  -0.5051  -0.5072  -0.5122  -0.5303  -0.6154
 -0.8145  -1.2246  -1.8125  -2.5246  -3.3715  -4.4180  -5.7794  -7.6399 -10.2910
-14.1946 -20.0835 -29.1199 -37.0000 -37.0000 -37.0000 -37.0000 -37.0000 -37.0000
-37.0000 -37.0000 -37.0000
-50.0000  -0.4967  -0.4965  -0.4973  -0.4951  -0.4720  -0.4968  -0.4975  -0.4980
 -0.4987  -0.4998  -0.5013  -0.5031  -0.5051  -0.5072  -0.5122  -0.5303  -0.6154
 -0.8145  -1.2246  -1.8125  -2.5246  -3.3715  -4.4180  -5.7794  -7.6399 -10.2910
-14.1946 -20.0835 -29.1199 -37.0000 -37.0000 -37.0000 -37.0000 -37.0000 -37.0000
-37.0000 -37.0000 -37.0000
 51.0000  -0.4966  -0.4966  -0.4974  -0.4939  -0.4732  -0.4964  -0.4976  -0.4980
 -0.4987  -0.4998  -0.5013  -0.5031  -0.5051  -0.5072  -0.5122  -0.5303  -0.6154
 -0.8145  -1.2246  -1.8125  -2.5246  -3.3715  -4.4180  -5.7794  -7.6399 -10.2910
-14.1946 -20.0835 -29.1199 -37.0000 -37.0000 -37.0000 -37.0000 -37.0000 -37.0000
-37.0000 -37.0000 -37.0000
 52.0000  -0.4967  -0.4968  -0.4971  -0.4922  -0.4752  -0.4957  -0.4977  -0.4980
 -0.4987  -0.4998  -0.5013  -0.5031  -0.5051  -0.5072  -0.5122  -0.5303  -0.6154
 -0.8145  -1.2246  -1.8125  -2.5246  -3.3715  -4.4180  -5.7794  -7.6399 -10.2910
-14.1946 -20.0835 -29.1199 -37.0000 -37.0000 -37.0000 -37.0000 -37.0000 -37.0000
-37.0000 -37.0000 -37.0000
 53.0000  -0.4967  -0.4967  -0.4960  -0.4905  -0.4783  -0.4946  -0.4978  -0.4980
 -0.4987  -0.4998  -0.5013  -0.5031  -0.5051  -0.5072  -0.5122  -0.5303  -0.6154
 -0.8145  -1.2246  -1.8125  -2.5246  -3.3715  -4.4180  -5.7794  -7.6399 -10.2910
-14.1946 -20.0835 -29.1199 -37.0000 -37.0000 -37.0000 -37.0000 -37.0000 -37.0000
-37.0000 -37.0000 -37.0000
 54.0000  -0.4962  -0.4958  -0.4942  -0.4893  -0.4819  -0.4931  -0.4979  -0.4979
 -0.4987  -0.4998  -0.5013  -0.5031  -0.5051  -0.5072  -0.5122  -0.5303  -0.6154
 -0.8145  -1.2246  -1.8125  -2.5246  -3.3715  -4.4180  -5.7794  -7.6399 -10.2910
-14.1946 -20.0835 -29.1199 -37.0000 -37.0000 -37.0000 -37.0000 -37.0000 -37.0000
-37.0000 -37.0000 -37.0000
-62.0000  -0.4967  -0.4967  -0.4968  -0.4967  -0.4707  -0.4972  -0.4975  -0.4980
 -0.4987  -0.4998  -0.5013  -0.5031  -0.5051  -0.5072  -0.5122  -0.5303  -0.6154
 -0.8145  -1.2246  -1.8125  -2.5246  -3.3715  -4.4180  -5.7794  -7.6399 -10.2910
-14.1946 -20.0835 -29.1199 -37.0000 -37.0000 -37.0000 -37.0000 -37.0000 -37.0000
-37.0000 -37.0000 -37.0000
-61.0000  -0.4967  -0.4966  -0.4968  -0.4966  -0.4708  -0.4972  -0.4975  -0.4980
 -0.4987  -0.4998  -0.5013  -0.5031  -0.5051  -0.5072  -0.5122  -0.5303  -0.6154
 -0.8145  -1.2246  -1.8125  -2.5246  -3.3715  -4.4180  -5.7794  -7.6399 -10.2910
-14.1946 -20.0835 -29.1199 -37.0000 -37.0000 -37.0000 -37.0000 -37.0000 -37.0000
-37.0000 -37.0000 -37.0000
-60.0000  -0.4967  -0.4966  -0.4969  -0.4964  -0.4709  -0.4971  -0.4975  -0.4980
 -0.4987  -0.4998  -0.5013  -0.5031  -0.5051  -0.5072  -0.5122  -0.5303  -0.6154
 -0.8145  -1.2246  -1.8125  -2.5246  -3.3715  -4.4180  -5.7794  -7.6399 -10.2910
-14.1946 -20.0835 -29.1199 -37.0000 -37.0000 -37.0000 -37.0000 -37.0000 -37.0000
-37.0000 -37.0000 -37.0000
 61.0000  -0.4967  -0.4965  -0.4971  -0.4960  -0.4712  -0.4970  -0.4975  -0.4980
 -0.4987  -0.4998  -0.5013  -0.5031  -0.5051  -0.5072  -0.5122  -0.5303  -0.6154
 -0.8145  -1.2246  -1.8125  -2.5246  -3.3715  -4.4180  -5.7794  -7.6399 -10.2910
-14.1946 -20.0835 -29.1199 -37.0000 -37.0000 -37.0000 -37.0000 -37.0000 -37.0000
-37.0000 -37.0000 -37.0000
 62.0000  -0.4967  -0.4965  -0.4973  -0.4953  -0.4718  -0.4968  -0.4975  -0.4980
 -0.4987  -0.4998  -0.5013  -0.5031  -0.5051  -0.5072  -0.5122  -0.5303  -0.6154
 -0.8145  -1.2246  -1.8125  -2.5246  -3.3715  -4.4180  -5.7794  -7.6399 -10.2910
-14.1946 -20.0835 -29.1199 -37.0000 -37.0000 -37.0000 -37.0000 -37.0000 -37.0000
-37.0000 -37.0000 -37.0000
 63.0000  -0.4966  -0.4966  -0.4974  -0.4942  -0.4729  -0.4965  -0.4976  -0.4980
 -0.4987  -0.4998  -0.5013  -0.5031  -0.5051  -0.5072  -0.5122  -0.5303  -0.6154
 -0.8145  -1.2246  -1.8125  -2.5246  -3.3715  -4.4180  -5.7794  -7.6399 -10.2910
-14.1946 -20.0835 -29.1199 -37.0000 -37.0000 -37.0000 -37.0000 -37.0000 -37.0000
-37.0000 -37.0000 -37.0000
 64.0000  -0.4966  -0.4968  -0.4972  -0.4926  -0.4747  -0.4959  -0.4976  -0.4980
 -0.4987  -0.4998  -0.5013  -0.5031  -0.5051  -0.5072  -0.5122  -0.5303  -0.6154
 -0.8145  -1.2246  -1.8125  -2.5246  -3.3715  -4.4180  -5.7794  -7.6399 -10.2910
-14.1946 -20.0835 -29.1199 -37.0000 -37.0000 -37.0000 -37.0000 -37.0000 -37.0000
-37.0000 -37.0000 -37.0000
nl= 2 nu=21
  0.0000  -1.4078  -1.4078  -1.4078  -1.4078  -1.4078  -1.4078  -1.4078  -1.4078
 -1.4078  -1.4078  -1.4078  -1.4078  -1.4078  -1.4079  -1.4079  -1.4082  -1.4087
 -1.4100  -1.4132  -1.4214  -1.4420  -1.4936  -1.6227  -1.9429  -2.7041  -3.9125
 -4.5812  -5.1365  -5.7131  -6.4457  -6.9652  -7.4853  -8.0147  -8.5594  -9.1295
 -9.7397 -10.4141 -11.1903
  0.0000  -1.5478  -1.5478  -1.5478  -1.5478  -1.5478  -1.5478  -1.5478  -1.5478
 -1.5478  -1.5478  -1.5478  -1.5478  -1.5478  -1.5478  -1.5478  -1.5479  -1.5482
 -1.5489  -1.5506  -1.5548  -1.5654  -1.5922  -1.6593  -1.8273  -2.2446  -3.2304
 -4.4964  -5.1107  -5.6998  -6.4353  -6.9609  -7.4825  -8.0129  -8.5582  -9.1285
 -9.7391 -10.4136 -11.1899
  0.0000  -1.6930  -1.6930  -1.6930  -1.6930  -1.6930  -1.6930  -1.6930  -1.6930
 -1.6930  -1.6930  -1.6930  -1.6930  -1.6930  -1.6930  -1.6930  -1.6931  -1.6932
 -1.6936  -1.6944  -1.6966  -1.7020  -1.7157  -1.7500  -1.8360  -2.0517  -2.5881
 -3.8380  -5.0548  -5.6767  -6.4180  -6.9555  -7.4792  -8.0114  -8.5578  -9.1287
 -9.7394 -10.4143 -11.1907
  0.0000  -1.8390  -1.8390  -1.8390  -1.8390  -1.8390  -1.8390  -1.8390  -1.8390
 -1.8390  -1.8390  -1.8390  -1.8390  -1.8390  -1.8390  -1.8390  -1.8391  -1.8391
 -1.8393  -1.8397  -1.8408  -1.8436  -1.8505  -1.8679  -1.9115  -2.0210  -2.2954
 -2.9787  -4.5252  -5.6290  -6.3841  -6.9441  -7.4717  -8.0064  -8.5544  -9.1263
 -9.7378 -10.4129 -11.1896
  0.0000  -1.9870  -1.9870  -1.9870  -1.9870  -1.9870  -1.9870  -1.9870  -1.9870
 -1.9870  -1.9870  -1.9870  -1.9870  -1.9870  -1.9870  -1.9870  -1.9870  -1.9871
 -1.9871  -1.9874  -1.9879  -1.9893  -1.9928  -2.0015  -2.0235  -2.0787  -2.2173
 -2.5647  -3.4302  -5.2799  -6.3224  -6.9262  -7.4600  -7.9995  -8.5499  -9.1233
 -9.7358 -10.4116 -11.1886
  0.0000  -2.1374  -2.1374  -2.1374  -2.1374  -2.1374  -2.1374  -2.1374  -2.1374
 -2.1374  -2.1374  -2.1374  -2.1374  -2.1374  -2.1374  -2.1374  -2.1374  -2.1374
 -2.1374  -2.1376  -2.1378  -2.1385  -2.1403  -2.1447  -2.1557  -2.1834  -2.2530
 -2.4279  -2.8664  -3.9590  -6.0940  -6.8984  -7.4432  -7.9898  -8.5443  -9.1201
 -9.7342 -10.4110 -11.1887
  0.0000  -2.2874  -2.2874  -2.2874  -2.2874  -2.2874  -2.2874  -2.2874  -2.2874
 -2.2874  -2.2874  -2.2874  -2.2874  -2.2874  -2.2874  -2.2874  -2.2874  -2.2874
 -2.2874  -2.2874  -2.2876  -2.2879  -2.2888  -2.2910  -2.2965  -2.3104  -2.3453
 -2.4330  -2.6531  -3.2056  -4.5826  -6.8139  -7.4171  -7.9741  -8.5341  -9.1138
 -9.7300 -10.4084 -11.1871
  0.0000  -1.1228  -1.1228  -1.1228  -1.1228  -1.1228  -1.1228  -1.1228  -1.1228
 -1.1228  -1.1228  -1.1228  -1.1229  -1.1229  -1.1230  -1.1234  -1.1242  -1.1262
 -1.1313  -1.1441  -1.1763  -1.2565  -1.4540  -1.9184  -2.7798  -3.5345  -4.1111
 -4.6737  -5.3327  -5.9556  -6.4757  -7.0020  -7.5411  -8.1016  -8.6964  -9.3462
-10.0832 -10.9586 -12.0534
  0.0000  -1.2449  -1.2449  -1.2449  -1.2449  -1.2449  -1.2449  -1.2449  -1.2450
 -1.2450  -1.2450  -1.2450  -1.2450  -1.2450  -1.2451  -1.2452  -1.2457  -1.2468
 -1.2496  -1.2567  -1.2745  -1.3190  -1.4301  -1.7042  -2.3447  -3.3844  -4.0763
 -4.6582  -5.3221  -5.9499  -6.4725  -7.0001  -7.5400  -8.1009  -8.6961  -9.3460
-10.0831 -10.9585 -12.0534
  0.0000  -1.3770  -1.3770  -1.3770  -1.3770  -1.3770  -1.3770  -1.3770  -1.3770
 -1.3770  -1.3770  -1.3770  -1.3770  -1.3770  -1.3771  -1.3772  -1.3774  -1.3780
 -1.3795  -1.3833  -1.3927  -1.4164  -1.4759  -1.6245  -1.9915  -2.8427  -3.9798
 -4.6283  -5.3025  -5.9396  -6.4671  -6.9964  -7.5377  -8.0993  -8.6949  -9.3452
-10.0825 -10.9581 -12.0530
  0.0000  -1.5174  -1.5174  -1.5174  -1.5174  -1.5174  -1.5174  -1.5174  -1.5174
 -1.5174  -1.5174  -1.5174  -1.5174  -1.5174  -1.5174  -1.5175  -1.5176  -1.5179
 -1.5187  -1.5206  -1.5255  -1.5378  -1.5688  -1.6463  -1.8403  -2.3204  -3.4180
 -4.5642  -5.2689  -5.9241  -6.4598  -6.9923  -7.5353  -8.0983  -8.6947  -9.3454
-10.0831 -10.9588 -12.0539
  0.0000  -1.6598  -1.6598  -1.6598  -1.6598  -1.6598  -1.6598  -1.6598  -1.6598
 -1.6598  -1.6598  -1.6598  -1.6598  -1.6598  -1.6598  -1.6598  -1.6599  -1.6601
 -1.6604  -1.6614  -1.6640  -1.6703  -1.6861  -1.7258  -1.8255  -2.0750  -2.6935
 -4.0718  -5.2019  -5.8950  -6.4450  -6.9824  -7.5287  -8.0935  -8.6913  -9.3427
-10.0809 -10.9570 -12.0523
  0.0000  -1.8059  -1.8059  -1.8059  -1.8059  -1.8059  -1.8059  -1.8059  -1.8059
 -1.8059  -1.8059  -1.8059  -1.8059  -1.8060  -1.8060  -1.8060  -1.8060  -1.8061
 -1.8063  -1.8068  -1.8081  -1.8112  -1.8193  -1.8394  -1.8900  -2.0169  -2.3348
 -3.1241  -4.8143  -5.8461  -6.4248  -6.9689  -7.5199  -8.0878  -8.6872  -9.3402
-10.0791 -10.9558 -12.0513
  0.0000  -1.9555  -1.9555  -1.9555  -1.9555  -1.9555  -1.9555  -1.9555  -1.9555
 -1.9555  -1.9555  -1.9555  -1.9555  -1.9555  -1.9555  -1.9555  -1.9556  -1.9556
 -1.9557  -1.9560  -1.9566  -1.9582  -1.9622  -1.9724  -1.9979  -2.0619  -2.2226
 -2.6255  -3.6271  -5.6099  -6.3972  -6.9520  -7.5092  -8.0811  -8.6835  -9.3381
-10.0784 -10.9558 -12.0520
  0.0000  -0.9081  -0.9081  -0.9081  -0.9081  -0.9081  -0.9081  -0.9081  -0.9081
 -0.9081  -0.9081  -0.9081  -0.9082  -0.9083  -0.9087  -0.9097  -0.9121  -0.9183
 -0.9336  -0.9719  -1.0659  -1.2887  -1.7562  -2.4333  -3.0597  -3.6290  -4.2413
 -4.9426  -5.4649  -5.9896  -6.5245  -7.0770  -7.6589  -8.2876  -8.9910  -9.8131
-10.8234 -12.1319 -13.9133
  0.0000  -0.9923  -0.9923  -0.9923  -0.9923  -0.9923  -0.9923  -0.9923  -0.9923
 -0.9923  -0.9923  -0.9923  -0.9923  -0.9924  -0.9927  -0.9933  -0.9949  -0.9988
 -1.0086  -1.0333  -1.0946  -1.2451  -1.5961  -2.2710  -3.0050  -3.6091  -4.2301
 -4.9344  -5.4614  -5.9873  -6.5232  -7.0765  -7.6586  -8.2876  -8.9912  -9.8134
-10.8237 -12.1323 -13.9137
  0.0000  -1.0958  -1.0958  -1.0958  -1.0958  -1.0958  -1.0958  -1.0958  -1.0958
 -1.0958  -1.0958  -1.0958  -1.0959  -1.0959  -1.0961  -1.0964  -1.0974  -1.0997
 -1.1055  -1.1201  -1.1566  -1.2476  -1.4706  -1.9846  -2.8563  -3.5704  -4.2095
 -4.9202  -5.4549  -5.9831  -6.5205  -7.0748  -7.6576  -8.2869  -8.9908  -9.8131
-10.8235 -12.1322 -13.9136
  0.0000  -1.2153  -1.2153  -1.2153  -1.2153  -1.2153  -1.2153  -1.2153  -1.2153
 -1.2153  -1.2153  -1.2154  -1.2154  -1.2154  -1.2155  -1.2157  -1.2162  -1.2175
 -1.2207  -1.2288  -1.2492  -1.3003  -1.4276  -1.7400  -2.4516  -3.4639  -4.1723
 -4.8962  -5.4449  -5.9765  -6.5164  -7.0721  -7.6560  -8.2859  -8.9901  -9.8128
-10.8233 -12.1321 -13.9136
  0.0000  -1.3466  -1.3466  -1.3466  -1.3466  -1.3466  -1.3466  -1.3466  -1.3466
 -1.3466  -1.3466  -1.3466  -1.3466  -1.3466  -1.3466  -1.3467  -1.3470  -1.3477
 -1.3494  -1.3538  -1.3647  -1.3920  -1.4606  -1.6318  -2.0526  -2.9975  -4.0917
 -4.8556  -5.4301  -5.9662  -6.5100  -7.0681  -7.6535  -8.2845  -8.9894  -9.8124
-10.8233 -12.1322 -13.9138
  0.0000  -1.4847  -1.4847  -1.4847  -1.4847  -1.4847  -1.4847  -1.4847  -1.4847
 -1.4847  -1.4847  -1.4847  -1.4847  -1.4848  -1.4848  -1.4848  -1.4850  -1.4853
 -1.4862  -1.4885  -1.4942  -1.5084  -1.5442  -1.6339  -1.8581  -2.4109  -3.6294
 -4.7782  -5.4084  -5.9506  -6.4995  -7.0611  -7.6487  -8.2813  -8.9873  -9.8110
-10.8223 -12.1315 -13.9133
  0.0000  -1.6281  -1.6281  -1.6281  -1.6281  -1.6281  -1.6281  -1.6281  -1.6281
 -1.6281  -1.6281  -1.6281  -1.6281  -1.6281  -1.6281  -1.6281  -1.6282  -1.6284
 -1.6288  -1.6300  -1.6329  -1.6402  -1.6585  -1.7045  -1.8200  -2.1090  -2.8236
 -4.3605  -5.3741  -5.9301  -6.4854  -7.0511  -7.6420  -8.2769  -8.9842  -9.8091
-10.8210 -12.1306 -13.9127
  0.0000  -0.7974  -0.7974  -0.7974  -0.7974  -0.7974  -0.7974  -0.7974  -0.7974
 -0.7974  -0.7974  -0.7974  -0.7976  -0.7978  -0.7986  -0.8004  -0.8049  -0.8161
 -0.8442  -0.9130  -1.0747  -1.4129  -1.9474  -2.5438  -3.1650  -3.9161  -4.4480
 -4.9745  -5.5075  -6.0544  -6.6255  -7.2365  -7.9113  -8.6877  -9.6255 -10.8191
-12.4182 -14.6600 -17.9206
  0.0000  -0.8324  -0.8324  -0.8324  -0.8324  -0.8324  -0.8324  -0.8324  -0.8324
 -0.8324  -0.8324  -0.8325  -0.8326  -0.8328  -0.8334  -0.8349  -0.8385  -0.8478
 -0.8708  -0.9275  -1.0636  -1.3645  -1.8942  -2.5181  -3.1502  -3.9048  -4.4429
 -4.9712  -5.5052  -6.0528  -6.6245  -7.2358  -7.9108  -8.6873  -9.6252 -10.8188
-12.4179 -14.6598 -17.9204
  0.0000  -0.8876  -0.8876  -0.8876  -0.8876  -0.8876  -0.8876  -0.8876  -0.8876
 -0.8876  -0.8876  -0.8876  -0.8877  -0.8878  -0.8883  -0.8893  -0.8920  -0.8988
 -0.9156  -0.9576  -1.0605  -1.3016  -1.7920  -2.4666  -3.1256  -3.8859  -4.4351
 -4.9658  -5.5018  -6.0506  -6.6231  -7.2348  -7.9102  -8.6870  -9.6250 -10.8187
-12.4178 -14.6597 -17.9204
  0.0000  -0.9661  -0.9661  -0.9661  -0.9661  -0.9661  -0.9661  -0.9661  -0.9661
 -0.9661  -0.9661  -0.9661  -0.9662  -0.9663  -0.9666  -0.9673  -0.9690  -0.9734
 -0.9845  -1.0123  -1.0812  -1.2492  -1.6351  -2.3362  -3.0803  -3.8544  -4.4239
 -4.9577  -5.4968  -6.0473  -6.6210  -7.2337  -7.9096  -8.6867  -9.6249 -10.8187
-12.4180 -14.6599 -17.9206
  0.0000  -1.0660  -1.0660  -1.0660  -1.0660  -1.0660  -1.0660  -1.0660  -1.0660
 -1.0660  -1.0661  -1.0661  -1.0661  -1.0662  -1.0663  -1.0667  -1.0678  -1.0704
 -1.0771  -1.0938  -1.1355  -1.2391  -1.4917  -2.0616  -2.9611  -3.7980  -4.4078
 -4.9454  -5.4885  -6.0420  -6.6174  -7.2313  -7.9082  -8.6858  -9.6244 -10.8184
-12.4178 -14.6599 -17.9206
  0.0000  -1.1835  -1.1835  -1.1835  -1.1835  -1.1835  -1.1835  -1.1835  -1.1835
 -1.1835  -1.1835  -1.1835  -1.1835  -1.1836  -1.1837  -1.1839  -1.1845  -1.1860
 -1.1897  -1.1991  -1.2225  -1.2813  -1.4276  -1.7848  -2.5819  -3.6769  -4.3853
 -4.9287  -5.4768  -6.0337  -6.6120  -7.2278  -7.9058  -8.6845  -9.6235 -10.8179
-12.4177 -14.6598 -17.9206
  0.0000  -1.3145  -1.3145  -1.3145  -1.3145  -1.3145  -1.3145  -1.3145  -1.3145
 -1.3145  -1.3145  -1.3145  -1.3146  -1.3146  -1.3146  -1.3148  -1.3151  -1.3159
 -1.3179  -1.3229  -1.3355  -1.3671  -1.4464  -1.6442  -2.1295  -3.2077  -4.3359
 -4.9089  -5.4631  -6.0235  -6.6052  -7.2235  -7.9034  -8.6832  -9.6232 -10.8182
-12.4182 -14.6606 -17.9215
  0.0000  -0.7602  -0.7602  -0.7602  -0.7602  -0.7602  -0.7602  -0.7602  -0.7602
 -0.7602  -0.7602  -0.7603  -0.7604  -0.7607  -0.7616  -0.7636  -0.7688  -0.7819
 -0.8143  -0.8943  -1.0821  -1.4571  -2.0118  -2.6879  -3.4054  -3.9485  -4.4857
 -5.0306  -5.5942  -6.1908  -6.8415  -7.5790  -8.4547  -9.5498 -10.9925 -12.9866
-15.8543 -20.1070 -26.5544
  0.0000  -0.7687  -0.7687  -0.7687  -0.7687  -0.7687  -0.7687  -0.7687  -0.7687
 -0.7688  -0.7688  -0.7688  -0.7689  -0.7693  -0.7701  -0.7721  -0.7772  -0.7899
 -0.8215  -0.8985  -1.0781  -1.4416  -1.9966  -2.6779  -3.3985  -3.9449  -4.4835
 -5.0291  -5.5933  -6.1903  -6.8412  -7.5789  -8.4547  -9.5498 -10.9926 -12.9866
-15.8544 -20.1070 -26.5545
  0.0000  -0.7828  -0.7828  -0.7828  -0.7828  -0.7828  -0.7828  -0.7828  -0.7828
 -0.7828  -0.7829  -0.7829  -0.7830  -0.7833  -0.7841  -0.7860  -0.7907  -0.8025
 -0.8320  -0.9038  -1.0717  -1.4199  -1.9752  -2.6629  -3.3871  -3.9387  -4.4793
 -5.0264  -5.5914  -6.1890  -6.8405  -7.5784  -8.4544  -9.5496 -10.9925 -12.9866
-15.8544 -20.1070 -26.5545
  0.0000  -0.8110  -0.8110  -0.8110  -0.8110  -0.8110  -0.8110  -0.8110  -0.8110
 -0.8110  -0.8110  -0.8110  -0.8111  -0.8114  -0.8120  -0.8136  -0.8176  -0.8277
 -0.8527  -0.9142  -1.0609  -1.3806  -1.9349  -2.6384  -3.3702  -3.9297  -4.4727
 -5.0221  -5.5885  -6.1872  -6.8393  -7.5778  -8.4540  -9.5494 -10.9924 -12.9865
-15.8544 -20.1071 -26.5545
  0.0000  -0.8603  -0.8603  -0.8603  -0.8603  -0.8603  -0.8603  -0.8603  -0.8603
 -0.8603  -0.8603  -0.8603  -0.8604  -0.8606  -0.8611  -0.8623  -0.8653  -0.8728
 -0.8917  -0.9385  -1.0529  -1.3183  -1.8472  -2.5897  -3.3445  -3.9174  -4.4629
 -5.0153  -5.5840  -6.1841  -6.8373  -7.5765  -8.4533  -9.5490 -10.9921 -12.9864
-15.8544 -20.1071 -26.5546
  1.0000  -0.9405  -0.9405  -0.9405  -0.9405  -0.9405  -0.9405  -0.9405  -0.9405
 -0.9405  -0.9406  -0.9406  -0.9406  -0.9407  -0.9411  -0.9418  -0.9438  -0.9487
 -0.9610  -0.9917  -1.0680  -1.2534  -1.6757  -2.4426  -3.2913  -3.9069  -4.4584
 -5.0136  -5.5834  -6.1838  -6.8373  -7.5765  -8.4533  -9.5490 -10.9922 -12.9865
-15.8545 -20.1072 -26.5546
  2.0000  -1.0403  -1.0403  -1.0403  -1.0403  -1.0403  -1.0403  -1.0403  -1.0403
 -1.0403  -1.0403  -1.0403  -1.0403  -1.0404  -1.0406  -1.0411  -1.0422  -1.0452
 -1.0526  -1.0711  -1.1175  -1.2328  -1.5130  -2.1435  -3.1452  -3.8823  -4.4488
 -5.0099  -5.5817  -6.1830  -6.8369  -7.5763  -8.4531  -9.5489 -10.9920 -12.9863
-15.8543 -20.1070 -26.5545
  0.0000  -0.7308  -0.7308  -0.7308  -0.7308  -0.7308  -0.7308  -0.7308  -0.7308
 -0.7308  -0.7308  -0.7309  -0.7310  -0.7314  -0.7323  -0.7344  -0.7398  -0.7530
 -0.7861  -0.8703  -1.0761  -1.5075  -2.2001  -2.8658  -3.4433  -3.9968  -4.5588
 -5.1458  -5.7773  -6.4822  -7.3052  -8.3159  -9.6248 -11.4063 -13.9373 -17.6559
-23.2571 -31.8418 -36.9922
  0.0000  -0.7359  -0.7359  -0.7359  -0.7359  -0.7359  -0.7359  -0.7359  -0.7359
 -0.7359  -0.7359  -0.7360  -0.7361  -0.7365  -0.7373  -0.7395  -0.7448  -0.7580
 -0.7909  -0.8731  -1.0721  -1.4951  -2.1904  -2.8616  -3.4412  -3.9957  -4.5582
 -5.1453  -5.7770  -6.4821  -7.3051  -8.3159  -9.6247 -11.4063 -13.9372 -17.6559
-23.2571 -31.8418 -36.9922
  0.0000  -0.7360  -0.7360  -0.7360  -0.7360  -0.7360  -0.7360  -0.7360  -0.7360
 -0.7360  -0.7361  -0.7361  -0.7363  -0.7366  -0.7375  -0.7397  -0.7452  -0.7588
 -0.7927  -0.8760  -1.0726  -1.4890  -2.1823  -2.8545  -3.4363  -3.9924  -4.5560
 -5.1438  -5.7760  -6.4814  -7.3046  -8.3155  -9.6245 -11.4061 -13.9371 -17.6558
-23.2569 -31.8417 -36.9921
  1.0000  -0.7456  -0.7456  -0.7456  -0.7456  -0.7456  -0.7456  -0.7456  -0.7456
 -0.7456  -0.7457  -0.7457  -0.7458  -0.7462  -0.7470  -0.7491  -0.7542  -0.7671
 -0.7993  -0.8786  -1.0665  -1.4723  -2.1652  -2.8493  -3.4347  -3.9918  -4.5558
 -5.1437  -5.7760  -6.4813  -7.3046  -8.3155  -9.6245 -11.4061 -13.9371 -17.6558
-23.2569 -31.8417 -36.9921
  2.0000  -0.7634  -0.7634  -0.7634  -0.7634  -0.7634  -0.7634  -0.7634  -0.7634
 -0.7634  -0.7635  -0.7635  -0.7636  -0.7639  -0.7647  -0.7665  -0.7712  -0.7829
 -0.8122  -0.8843  -1.0573  -1.4418  -2.1300  -2.8388  -3.4315  -3.9906  -4.5554
 -5.1436  -5.7760  -6.4814  -7.3046  -8.3156  -9.6246 -11.4062 -13.9372 -17.6559
-23.2570 -31.8418 -36.9922
  3.0000  -0.7943  -0.7943  -0.7943  -0.7943  -0.7943  -0.7943  -0.7943  -0.7943
 -0.7943  -0.7944  -0.7944  -0.7945  -0.7947  -0.7954  -0.7970  -0.8009  -0.8108
 -0.8356  -0.8970  -1.0463  -1.3908  -2.0582  -2.8157  -3.4248  -3.9881  -4.5544
 -5.1431  -5.7758  -6.4813  -7.3046  -8.3155  -9.6246 -11.4062 -13.9372 -17.6559
-23.2570 -31.8418 -36.9922
  4.0000  -0.8440  -0.8440  -0.8440  -0.8440  -0.8440  -0.8440  -0.8440  -0.8440
 -0.8440  -0.8440  -0.8440  -0.8441  -0.8443  -0.8448  -0.8460  -0.8490  -0.8567
 -0.8757  -0.9234  -1.0408  -1.3218  -1.9248  -2.7603  -3.4107  -3.9831  -4.5523
 -5.1422  -5.7754  -6.4811  -7.3045  -8.3155  -9.6245 -11.4061 -13.9371 -17.6558
-23.2569 -31.8418 -36.9922
  0.0000  -0.6659  -0.6659  -0.6659  -0.6659  -0.6659  -0.6659  -0.6659  -0.6659
 -0.6659  -0.6660  -0.6661  -0.6663  -0.6668  -0.6681  -0.6712  -0.6783  -0.6954
 -0.7376  -0.8460  -1.1185  -1.6900  -2.3367  -2.9326  -3.5077  -4.0940  -4.7132
 -5.3928  -6.1719  -7.1112  -8.3056  -9.9052 -12.1474 -15.4082 -20.2835 -27.7177
-36.9858 -36.9858 -36.9858
  0.0000  -0.6795  -0.6795  -0.6795  -0.6795  -0.6795  -0.6795  -0.6795  -0.6795
 -0.6795  -0.6795  -0.6796  -0.6798  -0.6802  -0.6814  -0.6841  -0.6906  -0.7061
 -0.7450  -0.8441  -1.1007  -1.6741  -2.3351  -2.9346  -3.5100  -4.0959  -4.7146
 -5.3938  -6.1726  -7.1117  -8.3060  -9.9056 -12.1477 -15.4084 -20.2837 -27.7179
-36.9860 -36.9860 -36.9860
  0.0000  -0.6766  -0.6766  -0.6766  -0.6766  -0.6766  -0.6766  -0.6766  -0.6766
 -0.6766  -0.6767  -0.6767  -0.6769  -0.6775  -0.6787  -0.6817  -0.6887  -0.7052
 -0.7458  -0.8466  -1.1026  -1.6711  -2.3316  -2.9323  -3.5085  -4.0950  -4.7139
 -5.3936  -6.1725  -7.1117  -8.3061  -9.9057 -12.1478 -15.4086 -20.2839 -27.7181
-36.9862 -36.9862 -36.9862
  0.0000  -0.6688  -0.6688  -0.6688  -0.6688  -0.6688  -0.6688  -0.6688  -0.6688
 -0.6689  -0.6689  -0.6690  -0.6692  -0.6696  -0.6708  -0.6737  -0.6810  -0.6989
 -0.7428  -0.8501  -1.1138  -1.6745  -2.3272  -2.9274  -3.5047  -4.0923  -4.7123
 -5.3923  -6.1718  -7.1113  -8.3059  -9.9056 -12.1478 -15.4086 -20.2839 -27.7182
-36.9863 -36.9863 -36.9863
  0.0000  -0.6583  -0.6583  -0.6583  -0.6583  -0.6583  -0.6583  -0.6583  -0.6583
 -0.6583  -0.6583  -0.6584  -0.6586  -0.6591  -0.6603  -0.6634  -0.6712  -0.6904
 -0.7379  -0.8538  -1.1304  -1.6836  -2.3237  -2.9209  -3.4988  -4.0879  -4.7095
 -5.3905  -6.1708  -7.1109  -8.3058  -9.9057 -12.1481 -15.4090 -20.2843 -27.7186
-36.9868 -36.9868 -36.9868
  0.0000  -0.6513  -0.6513  -0.6513  -0.6513  -0.6513  -0.6513  -0.6513  -0.6513
 -0.6513  -0.6513  -0.6514  -0.6516  -0.6521  -0.6534  -0.6566  -0.6646  -0.6846
 -0.7342  -0.8558  -1.1423  -1.6923  -2.3228  -2.9139  -3.4910  -4.0814  -4.7048
 -5.3874  -6.1688  -7.1097  -8.3052  -9.9055 -12.1481 -15.4091 -20.2846 -27.7189
-36.9872 -36.9872 -36.9872
  0.0000  -0.6572  -0.6572  -0.6572  -0.6572  -0.6572  -0.6572  -0.6572  -0.6573
 -0.6573  -0.6573  -0.6574  -0.6576  -0.6580  -0.6593  -0.6623  -0.6700  -0.6891
 -0.7369  -0.8551  -1.1350  -1.6830  -2.3233  -2.9087  -3.4830  -4.0736  -4.6986
 -5.3832  -6.1660  -7.1079  -8.3043  -9.9050 -12.1479 -15.4092 -20.2848 -27.7192
-36.9877 -36.9877 -36.9877
  0.0000  -0.5604  -0.5604  -0.5604  -0.5604  -0.5604  -0.5604  -0.5605  -0.5605
 -0.5605  -0.5606  -0.5608  -0.5614  -0.5626  -0.5651  -0.5706  -0.5831  -0.6122
 -0.6846  -0.8758  -1.2898  -1.8479  -2.4241  -3.0138  -3.6302  -4.2949  -5.0419
 -5.9238  -7.0228  -8.4680 -10.4636 -13.3323 -17.5855 -24.0334 -33.9596 -36.9757
-36.9757 -36.9757 -36.9757
  0.0000  -0.6518  -0.6518  -0.6518  -0.6518  -0.6518  -0.6518  -0.6518  -0.6518
 -0.6518  -0.6518  -0.6519  -0.6521  -0.6525  -0.6531  -0.6541  -0.6556  -0.6603
 -0.6876  -0.8126  -1.2027  -1.8066  -2.4206  -3.0225  -3.6408  -4.3036  -5.0479
 -5.9276  -7.0249  -8.4689 -10.4637 -13.3319 -17.5848 -24.0324 -33.9586 -36.9744
-36.9744 -36.9744 -36.9744
  0.0000  -0.6654  -0.6654  -0.6654  -0.6654  -0.6654  -0.6654  -0.6654  -0.6654
 -0.6654  -0.6654  -0.6655  -0.6655  -0.6657  -0.6660  -0.6662  -0.6662  -0.6681
 -0.6882  -0.8042  -1.1914  -1.8037  -2.4215  -3.0239  -3.6419  -4.3043  -5.0485
 -5.9279  -7.0250  -8.4689 -10.4636 -13.3318 -17.5846 -24.0322 -33.9584 -36.9742
-36.9742 -36.9742 -36.9742
  0.0000  -0.6513  -0.6513  -0.6513  -0.6513  -0.6513  -0.6513  -0.6513  -0.6513
 -0.6513  -0.6513  -0.6514  -0.6515  -0.6517  -0.6522  -0.6533  -0.6555  -0.6620
 -0.6895  -0.8135  -1.1991  -1.8038  -2.4196  -3.0220  -3.6405  -4.3034  -5.0479
 -5.9276  -7.0248  -8.4689 -10.4637 -13.3319 -17.5848 -24.0324 -33.9586 -36.9744
-36.9744 -36.9744 -36.9744
  0.0000  -0.6220  -0.6220  -0.6220  -0.6220  -0.6220  -0.6220  -0.6220  -0.6221
 -0.6221  -0.6221  -0.6222  -0.6223  -0.6228  -0.6238  -0.6264  -0.6326  -0.6480
 -0.6914  -0.8339  -1.2194  -1.8071  -2.4165  -3.0181  -3.6373  -4.3013  -5.0465
 -5.9270  -7.0247  -8.4690 -10.4640 -13.3323 -17.5853 -24.0329 -33.9591 -36.9750
-36.9750 -36.9750 -36.9750
  0.0000  -0.5871  -0.5871  -0.5871  -0.5871  -0.5871  -0.5871  -0.5871  -0.5871
 -0.5871  -0.5872  -0.5873  -0.5876  -0.5882  -0.5899  -0.5942  -0.6046  -0.6299
 -0.6932  -0.8604  -1.2482  -1.8151  -2.4137  -3.0125  -3.6324  -4.2978  -5.0443
 -5.9255  -7.0240  -8.4689 -10.4641 -13.3327 -17.5858 -24.0334 -33.9597 -36.9757
-36.9757 -36.9757 -36.9757
  0.0000  -0.5585  -0.5585  -0.5585  -0.5585  -0.5585  -0.5585  -0.5585  -0.5585
 -0.5585  -0.5585  -0.5587  -0.5590  -0.5599  -0.5620  -0.5674  -0.5809  -0.6139
 -0.6941  -0.8845  -1.2772  -1.8278  -2.4136  -3.0073  -3.6266  -4.2931  -5.0414
 -5.9238  -7.0231  -8.4686 -10.4643 -13.3331 -17.5864 -24.0342 -33.9606 -36.9767
-36.9767 -36.9767 -36.9767
 -1.0000  -0.6010  -0.6010  -0.6010  -0.6010  -0.6010  -0.6010  -0.6010  -0.6010
 -0.6011  -0.6012  -0.6015  -0.6019  -0.6022  -0.6019  -0.5999  -0.5949  -0.5945
 -0.6433  -0.8545  -1.3060  -1.8902  -2.5145  -3.1754  -3.9004  -4.7361  -5.7546
 -7.0682  -8.8527 -11.3854 -15.1050 -20.7068 -29.2919 -36.9430 -36.9430 -36.9430
-36.9430 -36.9430 -36.9430
  0.0000  -0.6011  -0.6011  -0.6011  -0.6011  -0.6011  -0.6011  -0.6011  -0.6012
 -0.6012  -0.6013  -0.6015  -0.6019  -0.6022  -0.6019  -0.5998  -0.5949  -0.5946
 -0.6434  -0.8545  -1.3058  -1.8902  -2.5144  -3.1754  -3.9004  -4.7361  -5.7546
 -7.0682  -8.8527 -11.3854 -15.1050 -20.7068 -29.2919 -36.9430 -36.9430 -36.9430
-36.9430 -36.9430 -36.9430
  0.0000  -0.7000  -0.7000  -0.7000  -0.7000  -0.7000  -0.7000  -0.7000  -0.7000
 -0.7000  -0.7000  -0.6999  -0.6997  -0.6988  -0.6957  -0.6866  -0.6659  -0.6334
 -0.6281  -0.7875  -1.2562  -1.8767  -2.5170  -3.1816  -3.9058  -4.7392  -5.7562
 -7.0684  -8.8519 -11.3839 -15.1032 -20.7047 -29.2895 -36.9404 -36.9404 -36.9404
-36.9404 -36.9404 -36.9404
  0.0000  -0.7109  -0.7109  -0.7109  -0.7109  -0.7109  -0.7109  -0.7109  -0.7109
 -0.7108  -0.7108  -0.7106  -0.7102  -0.7090  -0.7055  -0.6958  -0.6734  -0.6375
 -0.6268  -0.7816  -1.2524  -1.8763  -2.5175  -3.1824  -3.9062  -4.7395  -5.7564
 -7.0685  -8.8519 -11.3839 -15.1031 -20.7046 -29.2895 -36.9403 -36.9403 -36.9403
-36.9403 -36.9403 -36.9403
  0.0000  -0.6823  -0.6823  -0.6823  -0.6823  -0.6823  -0.6823  -0.6823  -0.6822
 -0.6822  -0.6822  -0.6820  -0.6817  -0.6807  -0.6780  -0.6706  -0.6537  -0.6279
 -0.6323  -0.7982  -1.2610  -1.8766  -2.5157  -3.1805  -3.9049  -4.7388  -5.7560
 -7.0685  -8.8521 -11.3841 -15.1035 -20.7050 -29.2899 -36.9408 -36.9408 -36.9408
-36.9408 -36.9408 -36.9408
  0.0000  -0.6348  -0.6348  -0.6348  -0.6348  -0.6348  -0.6348  -0.6348  -0.6348
 -0.6348  -0.6348  -0.6347  -0.6345  -0.6340  -0.6327  -0.6291  -0.6211  -0.6125
 -0.6423  -0.8278  -1.2786  -1.8790  -2.5130  -3.1772  -3.9025  -4.7375  -5.7552
 -7.0684  -8.8524 -11.3847 -15.1042 -20.7058 -29.2908 -36.9418 -36.9418 -36.9418
-36.9418 -36.9418 -36.9418
  0.0000  -0.5850  -0.5850  -0.5850  -0.5850  -0.5850  -0.5850  -0.5850  -0.5850
 -0.5850  -0.5850  -0.5850  -0.5850  -0.5850  -0.5850  -0.5851  -0.5862  -0.5964
 -0.6546  -0.8620  -1.3021  -1.8845  -2.5106  -3.1731  -3.8992  -4.7354  -5.7542
 -7.0679  -8.8525 -11.3852 -15.1049 -20.7067 -29.2917 -36.9430 -36.9430 -36.9430
-36.9430 -36.9430 -36.9430
 -2.0000  -0.6198  -0.6198  -0.6198  -0.6198  -0.6198  -0.6198  -0.6199  -0.6200
 -0.6203  -0.6207  -0.6212  -0.6216  -0.6210  -0.6175  -0.6076  -0.5893  -0.5690
 -0.6103  -0.8313  -1.3447  -2.0041  -2.7288  -3.5391  -4.4976  -5.7033  -7.3095
 -9.5556 -12.8186 -17.6952 -25.1303 -36.6207 -36.8994 -36.8994 -36.8994 -36.8994
-36.8994 -36.8994 -36.8994
 -1.0000  -0.6200  -0.6200  -0.6200  -0.6200  -0.6200  -0.6200  -0.6200  -0.6201
 -0.6203  -0.6207  -0.6212  -0.6215  -0.6209  -0.6174  -0.6076  -0.5893  -0.5691
 -0.6103  -0.8313  -1.3446  -2.0041  -2.7288  -3.5391  -4.4976  -5.7033  -7.3095
 -9.5556 -12.8186 -17.6952 -25.1303 -36.6207 -36.8994 -36.8994 -36.8994 -36.8994
-36.8994 -36.8994 -36.8994
  0.0000  -0.6202  -0.6202  -0.6202  -0.6202  -0.6202  -0.6202  -0.6202  -0.6203
 -0.6204  -0.6207  -0.6211  -0.6214  -0.6208  -0.6174  -0.6076  -0.5893  -0.5691
 -0.6104  -0.8313  -1.3446  -2.0040  -2.7288  -3.5391  -4.4976  -5.7033  -7.3095
 -9.5556 -12.8186 -17.6952 -25.1303 -36.6207 -36.8994 -36.8994 -36.8994 -36.8994
-36.8994 -36.8994 -36.8994
  1.0000  -0.6204  -0.6204  -0.6204  -0.6204  -0.6204  -0.6205  -0.6205  -0.6205
 -0.6206  -0.6207  -0.6210  -0.6212  -0.6207  -0.6172  -0.6076  -0.5893  -0.5693
 -0.6105  -0.8312  -1.3444  -2.0039  -2.7287  -3.5391  -4.4976  -5.7033  -7.3095
 -9.5556 -12.8186 -17.6952 -25.1303 -36.6207 -36.8994 -36.8994 -36.8994 -36.8994
-36.8994 -36.8994 -36.8994
  2.0000  -0.6208  -0.6208  -0.6208  -0.6208  -0.6208  -0.6208  -0.6208  -0.6208
 -0.6208  -0.6209  -0.6210  -0.6211  -0.6204  -0.6171  -0.6076  -0.5894  -0.5696
 -0.6107  -0.8312  -1.3442  -2.0039  -2.7288  -3.5391  -4.4977  -5.7034  -7.3096
 -9.5557 -12.8187 -17.6953 -25.1304 -36.6208 -36.8995 -36.8995 -36.8995 -36.8995
-36.8995 -36.8995 -36.8995
  3.0000  -0.6211  -0.6211  -0.6211  -0.6211  -0.6211  -0.6211  -0.6211  -0.6211
 -0.6211  -0.6211  -0.6210  -0.6209  -0.6200  -0.6168  -0.6076  -0.5896  -0.5703
 -0.6112  -0.8313  -1.3439  -2.0038  -2.7288  -3.5393  -4.4978  -5.7035  -7.3098
 -9.5559 -12.8189 -17.6955 -25.1305 -36.6210 -36.8997 -36.8997 -36.8997 -36.8997
-36.8997 -36.8997 -36.8997
  4.0000  -0.6206  -0.6206  -0.6206  -0.6206  -0.6206  -0.6206  -0.6206  -0.6206
 -0.6206  -0.6205  -0.6204  -0.6200  -0.6189  -0.6157  -0.6070  -0.5895  -0.5711
 -0.6117  -0.8307  -1.3425  -2.0030  -2.7283  -3.5389  -4.4975  -5.7033  -7.3095
 -9.5556 -12.8186 -17.6952 -25.1303 -36.6208 -36.8995 -36.8995 -36.8995 -36.8995
-36.8995 -36.8995 -36.8995
 -2.0000  -0.3097  -0.3097  -0.3097  -0.3097  -0.3098  -0.3099  -0.3102  -0.3107
 -0.3115  -0.3128  -0.3145  -0.3169  -0.3198  -0.3240  -0.3329  -0.3919  -0.4728
 -0.6924  -1.1181  -1.7154  -2.4411  -3.3136  -4.4054  -5.8439  -7.8333 -10.6967
-14.9461 -21.3923 -31.3192 -36.8499 -36.8499 -36.8499 -36.8499 -36.8499 -36.8499
-36.8499 -36.8499 -36.8499
 -1.0000  -0.3099  -0.3099  -0.3099  -0.3099  -0.3100  -0.3101  -0.3103  -0.3107
 -0.3115  -0.3127  -0.3145  -0.3169  -0.3198  -0.3239  -0.3330  -0.3919  -0.4728
 -0.6924  -1.1181  -1.7154  -2.4411  -3.3136  -4.4054  -5.8439  -7.8333 -10.6967
-14.9461 -21.3923 -31.3192 -36.8499 -36.8499 -36.8499 -36.8499 -36.8499 -36.8499
-36.8499 -36.8499 -36.8499
  0.0000  -0.3102  -0.3102  -0.3102  -0.3102  -0.3103  -0.3103  -0.3105  -0.3108
 -0.3115  -0.3127  -0.3145  -0.3168  -0.3199  -0.3239  -0.3331  -0.3918  -0.4728
 -0.6924  -1.1180  -1.7154  -2.4411  -3.3136  -4.4054  -5.8439  -7.8333 -10.6967
-14.9461 -21.3923 -31.3192 -36.8499 -36.8499 -36.8499 -36.8499 -36.8499 -36.8499
-36.8499 -36.8499 -36.8499
  1.0000  -0.3113  -0.3113  -0.3113  -0.3113  -0.3113  -0.3113  -0.3114  -0.3117
 -0.3122  -0.3133  -0.3151  -0.3174  -0.3205  -0.3244  -0.3339  -0.3924  -0.4735
 -0.6929  -1.1186  -1.7159  -2.4417  -3.3142  -4.4060  -5.8445  -7.8339 -10.6973
-14.9467 -21.3929 -31.3198 -36.8505 -36.8505 -36.8505 -36.8505 -36.8505 -36.8505
-36.8505 -36.8505 -36.8505
  2.0000  -0.3118  -0.3118  -0.3118  -0.3118  -0.3118  -0.3119  -0.3119  -0.3121
 -0.3125  -0.3134  -0.3150  -0.3173  -0.3205  -0.3243  -0.3342  -0.3922  -0.4735
 -0.6929  -1.1185  -1.7159  -2.4416  -3.3142  -4.4060  -5.8445  -7.8339 -10.6973
-14.9467 -21.3929 -31.3198 -36.8505 -36.8505 -36.8505 -36.8505 -36.8505 -36.8505
-36.8505 -36.8505 -36.8505
  3.0000  -0.3126  -0.3126  -0.3126  -0.3126  -0.3126  -0.3126  -0.3126  -0.3128
 -0.3130  -0.3137  -0.3150  -0.3172  -0.3205  -0.3242  -0.3348  -0.3920  -0.4736
 -0.6928  -1.1183  -1.7157  -2.4415  -3.3141  -4.4059  -5.8445  -7.8339 -10.6973
-14.9467 -21.3929 -31.3198 -36.8505 -36.8505 -36.8505 -36.8505 -36.8505 -36.8505
-36.8505 -36.8505 -36.8505
  4.0000  -0.3136  -0.3136  -0.3136  -0.3136  -0.3136  -0.3137  -0.3137  -0.3138
 -0.3139  -0.3144  -0.3153  -0.3173  -0.3205  -0.3242  -0.3361  -0.3916  -0.4739
 -0.6926  -1.1180  -1.7155  -2.4415  -3.3141  -4.4060  -5.8445  -7.8339 -10.6973
-14.9467 -21.3929 -31.3198 -36.8506 -36.8506 -36.8506 -36.8506 -36.8506 -36.8506
-36.8506 -36.8506 -36.8506
-12.0000  -0.3099  -0.3099  -0.3099  -0.3100  -0.3101  -0.3103  -0.3106  -0.3112
 -0.3120  -0.3133  -0.3150  -0.3174  -0.3203  -0.3245  -0.3334  -0.3924  -0.4733
 -0.6929  -1.1186  -1.7159  -2.4416  -3.3141  -4.4059  -5.8444  -7.8338 -10.6972
-14.9466 -21.3928 -31.3197 -36.8504 -36.8504 -36.8504 -36.8504 -36.8504 -36.8504
-36.8504 -36.8504 -36.8504
-11.0000  -0.3100  -0.3100  -0.3100  -0.3101  -0.3101  -0.3103  -0.3106  -0.3112
 -0.3120  -0.3133  -0.3150  -0.3174  -0.3203  -0.3245  -0.3334  -0.3924  -0.4733
 -0.6929  -1.1186  -1.7159  -2.4416  -3.3141  -4.4059  -5.8444  -7.8338 -10.6972
-14.9466 -21.3928 -31.3197 -36.8504 -36.8504 -36.8504 -36.8504 -36.8504 -36.8504
-36.8504 -36.8504 -36.8504
-10.0000  -0.3102  -0.3102  -0.3102  -0.3102  -0.3102  -0.3104  -0.3106  -0.3112
 -0.3120  -0.3133  -0.3150  -0.3174  -0.3203  -0.3245  -0.3334  -0.3924  -0.4733
 -0.6929  -1.1186  -1.7159  -2.4416  -3.3141  -4.4059  -5.8444  -7.8338 -10.6972
-14.9466 -21.3928 -31.3197 -36.8504 -36.8504 -36.8504 -36.8504 -36.8504 -36.8504
-36.8504 -36.8504 -36.8504
 11.0000  -0.3104  -0.3104  -0.3104  -0.3104  -0.3104  -0.3105  -0.3107  -0.3112
 -0.3120  -0.3133  -0.3150  -0.3174  -0.3203  -0.3245  -0.3335  -0.3924  -0.4733
 -0.6929  -1.1186  -1.7159  -2.4416  -3.3141  -4.4059  -5.8444  -7.8338 -10.6972
-14.9466 -21.3928 -31.3197 -36.8504 -36.8504 -36.8504 -36.8504 -36.8504 -36.8504
-36.8504 -36.8504 -36.8504
 12.0000  -0.3107  -0.3107  -0.3107  -0.3107  -0.3107  -0.3108  -0.3109  -0.3113
 -0.3120  -0.3132  -0.3150  -0.3173  -0.3203  -0.3244  -0.3336  -0.3923  -0.4733
 -0.6929  -1.1186  -1.7159  -2.4416  -3.3141  -4.4059  -5.8444  -7.8338 -10.6972
-14.9466 -21.3928 -31.3197 -36.8504 -36.8504 -36.8504 -36.8504 -36.8504 -36.8504
-36.8504 -36.8504 -36.8504
 13.0000  -0.3110  -0.3111  -0.3111  -0.3111  -0.3111  -0.3111  -0.3112  -0.3115
 -0.3121  -0.3132  -0.3150  -0.3173  -0.3204  -0.3244  -0.3337  -0.3923  -0.4733
 -0.6928  -1.1185  -1.7158  -2.4416  -3.3141  -4.4059  -5.8444  -7.8338 -10.6972
-14.9466 -21.3928 -31.3197 -36.8504 -36.8504 -36.8504 -36.8504 -36.8504 -36.8504
-36.8504 -36.8504 -36.8504
 14.0000  -0.3117  -0.3117  -0.3117  -0.3117  -0.3117  -0.3117  -0.3118  -0.3120
 -0.3124  -0.3134  -0.3150  -0.3173  -0.3205  -0.3243  -0.3341  -0.3923  -0.4735
 -0.6929  -1.1185  -1.7159  -2.4416  -3.3142  -4.4060  -5.8445  -7.8339 -10.6973
-14.9467 -21.3929 -31.3198 -36.8505 -36.8505 -36.8505 -36.8505 -36.8505 -36.8505
-36.8505 -36.8505 -36.8505
-22.0000  -0.3098  -0.3098  -0.3098  -0.3099  -0.3100  -0.3103  -0.3106  -0.3112
 -0.3120  -0.3133  -0.3150  -0.3174  -0.3203  -0.3245  -0.3334  -0.3924  -0.4733
 -0.6929  -1.1186  -1.7159  -2.4416  -3.3141  -4.4059  -5.8444  -7.8338 -10.6972
-14.9466 -21.3928 -31.3197 -36.8504 -36.8504 -36.8504 -36.8504 -36.8504 -36.8504
-36.8504 -36.8504 -36.8504
-21.0000  -0.3098  -0.3098  -0.3098  -0.3099  -0.3100  -0.3103  -0.3106  -0.3112
 -0.3120  -0.3133  -0.3150  -0.3174  -0.3203  -0.3245  -0.3334  -0.3924  -0.4733
 -0.6929  -1.1186  -1.7159  -2.4416  -3.3141  -4.4059  -5.8444  -7.8338 -10.6972
-14.9466 -21.3928 -31.3197 -36.8504 -36.8504 -36.8504 -36.8504 -36.8504 -36.8504
-36.8504 -36.8504 -36.8504
-20.0000  -0.3099  -0.3099  -0.3099  -0.3100  -0.3101  -0.3103  -0.3106  -0.3112
 -0.3120  -0.3133  -0.3150  -0.3174  -0.3203  -0.3245  -0.3334  -0.3924  -0.4733
 -0.6929  -1.1186  -1.7159  -2.4416  -3.3141  -4.4059  -5.8444  -7.8338 -10.6972
-14.9466 -21.3928 -31.3197 -36.8504 -36.8504 -36.8504 -36.8504 -36.8504 -36.8504
-36.8504 -36.8504 -36.8504
 21.0000  -0.3100  -0.3100  -0.3100  -0.3100  -0.3101  -0.3103  -0.3106  -0.3112
 -0.3120  -0.3133  -0.3150  -0.3174  -0.3203  -0.3245  -0.3334  -0.3924  -0.4733
 -0.6929  -1.1186  -1.7159  -2.4416  -3.3141  -4.4059  -5.8444  -7.8338 -10.6972
-14.9466 -21.3928 -31.3197 -36.8504 -36.8504 -36.8504 -36.8504 -36.8504 -36.8504
-36.8504 -36.8504 -36.8504
 22.0000  -0.3101  -0.3101  -0.3101  -0.3102  -0.3102  -0.3104  -0.3106  -0.3112
 -0.3120  -0.3133  -0.3150  -0.3174  -0.3203  -0.3245  -0.3334  -0.3924  -0.4733
 -0.6929  -1.1186  -1.7159  -2.4416  -3.3141  -4.4059  -5.8444  -7.8338 -10.6972
-14.9466 -21.3928 -31.3197 -36.8504 -36.8504 -36.8504 -36.8504 -36.8504 -36.8504
-36.8504 -36.8504 -36.8504
 23.0000  -0.3103  -0.3103  -0.3103  -0.3103  -0.3104  -0.3105  -0.3107  -0.3112
 -0.3120  -0.3133  -0.3150  -0.3174  -0.3203  -0.3245  -0.3335  -0.3924  -0.4733
 -0.6929  -1.1186  -1.7159  -2.4416  -3.3141  -4.4059  -5.8444  -7.8338 -10.6972
-14.9466 -21.3928 -31.3197 -36.8504 -36.8504 -36.8504 -36.8504 -36.8504 -36.8504
-36.8504 -36.8504 -36.8504
 24.0000  -0.3107  -0.3107  -0.3107  -0.3107  -0.3107  -0.3108  -0.3110  -0.3114
 -0.3121  -0.3133  -0.3151  -0.3174  -0.3204  -0.3245  -0.3336  -0.3924  -0.4734
 -0.6930  -1.1187  -1.7160  -2.4417  -3.3142  -4.4060  -5.8445  -7.8339 -10.6973
-14.9467 -21.3929 -31.3198 -36.8505 -36.8505 -36.8505 -36.8505 -36.8505 -36.8505
-36.8505 -36.8505 -36.8505
-32.0000  -0.3097  -0.3097  -0.3098  -0.3099  -0.3100  -0.3103  -0.3106  -0.3112
 -0.3120  -0.3133  -0.3150  -0.3174  -0.3203  -0.3245  -0.3334  -0.3924  -0.4733
 -0.6929  -1.1186  -1.7159  -2.4416  -3.3141  -4.4059  -5.8444  -7.8338 -10.6972
-14.9466 -21.3928 -31.3197 -36.8504 -36.8504 -36.8504 -36.8504 -36.8504 -36.8504
-36.8504 -36.8504 -36.8504
-31.0000  -0.3097  -0.3097  -0.3098  -0.3099  -0.3100  -0.3103  -0.3106  -0.3112
 -0.3120  -0.3133  -0.3150  -0.3174  -0.3203  -0.3245  -0.3334  -0.3924  -0.4733
 -0.6929  -1.1186  -1.7159  -2.4416  -3.3141  -4.4059  -5.8444  -7.8338 -10.6972
-14.9466 -21.3928 -31.3197 -36.8504 -36.8504 -36.8504 -36.8504 -36.8504 -36.8504
-36.8504 -36.8504 -36.8504
-30.0000  -0.3098  -0.3098  -0.3098  -0.3099  -0.3100  -0.3103  -0.3106  -0.3112
 -0.3120  -0.3133  -0.3150  -0.3174  -0.3203  -0.3245  -0.3334  -0.3924  -0.4733
 -0.6929  -1.1186  -1.7159  -2.4416  -3.3141  -4.4059  -5.8444  -7.8338 -10.6972
-14.9466 -21.3928 -31.3197 -36.8504 -36.8504 -36.8504 -36.8504 -36.8504 -36.8504
-36.8504 -36.8504 -36.8504
 31.0000  -0.3098  -0.3098  -0.3098  -0.3099  -0.3100  -0.3103  -0.3106  -0.3112
 -0.3120  -0.3133  -0.3150  -0.3174  -0.3203  -0.3245  -0.3334  -0.3924  -0.4733
 -0.6929  -1.1186  -1.7159  -2.4416  -3.3141  -4.4059  -5.8444  -7.8338 -10.6972
-14.9466 -21.3928 -31.3197 -36.8504 -36.8504 -36.8504 -36.8504 -36.8504 -36.8504
-36.8504 -36.8504 -36.8504
 32.0000  -0.3099  -0.3099  -0.3099  -0.3099  -0.3101  -0.3103  -0.3106  -0.3112
 -0.3120  -0.3133  -0.3150  -0.3174  -0.3203  -0.3245  -0.3334  -0.3924  -0.4733
 -0.6929  -1.1186  -1.7159  -2.4416  -3.3141  -4.4059  -5.8444  -7.8338 -10.6972
-14.9466 -21.3928 -31.3197 -36.8504 -36.8504 -36.8504 -36.8504 -36.8504 -36.8504
-36.8504 -36.8504 -36.8504
 33.0000  -0.3100  -0.3100  -0.3100  -0.3100  -0.3101  -0.3103  -0.3106  -0.3112
 -0.3120  -0.3133  -0.3150  -0.3174  -0.3203  -0.3245  -0.3334  -0.3924  -0.4733
 -0.6929  -1.1186  -1.7159  -2.4416  -3.3141  -4.4059  -5.8444  -7.8338 -10.6972
-14.9466 -21.3928 -31.3197 -36.8504 -36.8504 -36.8504 -36.8504 -36.8504 -36.8504
-36.8504 -36.8504 -36.8504
 34.0000  -0.3100  -0.3100  -0.3100  -0.3100  -0.3101  -0.3102  -0.3105  -0.3111
 -0.3119  -0.3132  -0.3149  -0.3173  -0.3202  -0.3244  -0.3333  -0.3923  -0.4732
 -0.6928  -1.1185  -1.7158  -2.4415  -3.3140  -4.4058  -5.8443  -7.8337 -10.6971
-14.9465 -21.3927 -31.3196 -36.8503 -36.8503 -36.8503 -36.8503 -36.8503 -36.8503
-36.8503 -36.8503 -36.8503
-42.0000  -0.3097  -0.3097  -0.3098  -0.3099  -0.3100  -0.3103  -0.3106  -0.3112
 -0.3120  -0.3133  -0.3150  -0.3174  -0.3203  -0.3245  -0.3334  -0.3924  -0.4733
 -0.6929  -1.1186  -1.7159  -2.4416  -3.3141  -4.4059  -5.8444  -7.8338 -10.6972
-14.9466 -21.3928 -31.3197 -36.8504 -36.8504 -36.8504 -36.8504 -36.8504 -36.8504
-36.8504 -36.8504 -36.8504
-41.0000  -0.3097  -0.3097  -0.3098  -0.3099  -0.3100  -0.3103  -0.3106  -0.3112
 -0.3120  -0.3133  -0.3150  -0.3174  -0.3203  -0.3245  -0.3334  -0.3924  -0.4733
 -0.6929  -1.1186  -1.7159  -2.4416  -3.3141  -4.4059  -5.8444  -7.8338 -10.6972
-14.9466 -21.3928 -31.3197 -36.8504 -36.8504 -36.8504 -36.8504 -36.8504 -36.8504
-36.8504 -36.8504 -36.8504
-40.0000  -0.3097  -0.3097  -0.3098  -0.3099  -0.3100  -0.3103  -0.3106  -0.3112
 -0.3120  -0.3133  -0.3150  -0.3174  -0.3203  -0.3245  -0.3334  -0.3924  -0.4733
 -0.6929  -1.1186  -1.7159  -2.4416  -3.3141  -4.4059  -5.8444  -7.8338 -10.6972
-14.9466 -21.3928 -31.3197 -36.8504 -36.8504 -36.8504 -36.8504 -36.8504 -36.8504
-36.8504 -36.8504 -36.8504
 41.0000  -0.3097  -0.3097  -0.3098  -0.3099  -0.3100  -0.3103  -0.3106  -0.3112
 -0.3120  -0.3133  -0.3150  -0.3174  -0.3203  -0.3245  -0.3334  -0.3924  -0.4733
 -0.6929  -1.1186  -1.7159  -2.4416  -3.3141  -4.4059  -5.8444  -7.8338 -10.6972
-14.9466 -21.3928 -31.3197 -36.8504 -36.8504 -36.8504 -36.8504 -36.8504 -36.8504
-36.8504 -36.8504 -36.8504
 42.0000  -0.3097  -0.3098  -0.3098  -0.3099  -0.3100  -0.3103  -0.3106  -0.3112
 -0.3120  -0.3133  -0.3150  -0.3174  -0.3203  -0.3245  -0.3334  -0.3924  -0.4733
 -0.6929  -1.1186  -1.7159  -2.4416  -3.3141  -4.4059  -5.8444  -7.8338 -10.6972
-14.9466 -21.3928 -31.3197 -36.8504 -36.8504 -36.8504 -36.8504 -36.8504 -36.8504
-36.8504 -36.8504 -36.8504
 43.0000  -0.3098  -0.3098  -0.3098  -0.3099  -0.3100  -0.3103  -0.3106  -0.3112
 -0.3120  -0.3133  -0.3150  -0.3174  -0.3203  -0.3245  -0.3334  -0.3924  -0.4733
 -0.6929  -1.1186  -1.7159  -2.4416  -3.3141  -4.4059  -5.8444  -7.8338 -10.6972
-14.9466 -21.3928 -31.3197 -36.8504 -36.8504 -36.8504 -36.8504 -36.8504 -36.8504
-36.8504 -36.8504 -36.8504
 44.0000  -0.3099  -0.3100  -0.3100  -0.3100  -0.3101  -0.3104  -0.3107  -0.3113
 -0.3121  -0.3134  -0.3151  -0.3175  -0.3204  -0.3246  -0.3335  -0.3925  -0.4734
 -0.6930  -1.1187  -1.7160  -2.4417  -3.3142  -4.4060  -5.8445  -7.8339 -10.6973
-14.9467 -21.3929 -31.3198 -36.8505 -36.8505 -36.8505 -36.8505 -36.8505 -36.8505
-36.8505 -36.8505 -36.8505
-52.0000  -0.4593  -0.4593  -0.4594  -0.4595  -0.4596  -0.4599  -0.4602  -0.4608
 -0.4616  -0.4629  -0.4646  -0.4670  -0.4699  -0.4741  -0.4830  -0.5420  -0.6229
 -0.8425  -1.2682  -1.8655  -2.5912  -3.4637  -4.5555  -5.9940  -7.9834 -10.8468
-15.0962 -21.5424 -31.4693 -37.0000 -37.0000 -37.0000 -37.0000 -37.0000 -37.0000
-37.0000 -37.0000 -37.0000
-51.0000  -0.4593  -0.4593  -0.4594  -0.4595  -0.4596  -0.4599  -0.4602  -0.4608
 -0.4616  -0.4629  -0.4646  -0.4670  -0.4699  -0.4741  -0.4830  -0.5420  -0.6229
 -0.8425  -1.2682  -1.8655  -2.5912  -3.4637  -4.5555  -5.9940  -7.9834 -10.8468
-15.0962 -21.5424 -31.4693 -37.0000 -37.0000 -37.0000 -37.0000 -37.0000 -37.0000
-37.0000 -37.0000 -37.0000
-50.0000  -0.4593  -0.4593  -0.4594  -0.4595  -0.4596  -0.4599  -0.4602  -0.4608
 -0.4616  -0.4629  -0.4646  -0.4670  -0.4699  -0.4741  -0.4830  -0.5420  -0.6229
 -0.8425  -1.2682  -1.8655  -2.5912  -3.4637  -4.5555  -5.9940  -7.9834 -10.8468
-15.0962 -21.5424 -31.4693 -37.0000 -37.0000 -37.0000 -37.0000 -37.0000 -37.0000
-37.0000 -37.0000 -37.0000
 51.0000  -0.4593  -0.4593  -0.4594  -0.4595  -0.4596  -0.4599  -0.4602  -0.4608
 -0.4616  -0.4629  -0.4646  -0.4670  -0.4699  -0.4741  -0.4830  -0.5420  -0.6229
 -0.8425  -1.2682  -1.8655  -2.5912  -3.4637  -4.5555  -5.9940  -7.9834 -10.8468
-15.0962 -21.5424 -31.4693 -37.0000 -37.0000 -37.0000 -37.0000 -37.0000 -37.0000
-37.0000 -37.0000 -37.0000
 52.0000  -0.4593  -0.4593  -0.4594  -0.4595  -0.4596  -0.4599  -0.4602  -0.4608
 -0.4616  -0.4629  -0.4646  -0.4670  -0.4699  -0.4741  -0.4830  -0.5420  -0.6229
 -0.8425  -1.2682  -1.8655  -2.5912  -3.4637  -4.5555  -5.9940  -7.9834 -10.8468
-15.0962 -21.5424 -31.4693 -37.0000 -37.0000 -37.0000 -37.0000 -37.0000 -37.0000
-37.0000 -37.0000 -37.0000
 53.0000  -0.4593  -0.4593  -0.4594  -0.4595  -0.4596  -0.4599  -0.4602  -0.4608
 -0.4616  -0.4629  -0.4646  -0.4670  -0.4699  -0.4741  -0.4830  -0.5420  -0.6229
 -0.8425  -1.2682  -1.8655  -2.5912  -3.4637  -4.5555  -5.9940  -7.9834 -10.8468
-15.0962 -21.5424 -31.4693 -37.0000 -37.0000 -37.0000 -37.0000 -37.0000 -37.0000
-37.0000 -37.0000 -37.0000
 54.0000  -0.4593  -0.4594  -0.4594  -0.4595  -0.4596  -0.4599  -0.4602  -0.4608
 -0.4616  -0.4629  -0.4646  -0.4670  -0.4699  -0.4741  -0.4830  -0.5420  -0.6229
 -0.8425  -1.2682  -1.8655  -2.5912  -3.4637  -4.5555  -5.9940  -7.9834 -10.8468
-15.0962 -21.5424 -31.4693 -37.0000 -37.0000 -37.0000 -37.0000 -37.0000 -37.0000
-37.0000 -37.0000 -37.0000
-62.0000  -0.4593  -0.4593  -0.4594  -0.4595  -0.4596  -0.4599  -0.4602  -0.4608
 -0.4616  -0.4629  -0.4646  -0.4670  -0.4699  -0.4741  -0.4830  -0.5420  -0.6229
 -0.8425  -1.2682  -1.8655  -2.5912  -3.4637  -4.5555  -5.9940  -7.9834 -10.8468
-15.0962 -21.5424 -31.4693 -37.0000 -37.0000 -37.0000 -37.0000 -37.0000 -37.0000
-37.0000 -37.0000 -37.0000
-61.0000  -0.4593  -0.4593  -0.4594  -0.4595  -0.4596  -0.4599  -0.4602  -0.4608
 -0.4616  -0.4629  -0.4646  -0.4670  -0.4699  -0.4741  -0.4830  -0.5420  -0.6229
 -0.8425  -1.2682  -1.8655  -2.5912  -3.4637  -4.5555  -5.9940  -7.9834 -10.8468
-15.0962 -21.5424 -31.4693 -37.0000 -37.0000 -37.0000 -37.0000 -37.0000 -37.0000
-37.0000 -37.0000 -37.0000
-60.0000  -0.4593  -0.4593  -0.4594  -0.4595  -0.4596  -0.4599  -0.4602  -0.4608
 -0.4616  -0.4629  -0.4646  -0.4670  -0.4699  -0.4741  -0.4830  -0.5420  -0.6229
 -0.8425  -1.2682  -1.8655  -2.5912  -3.4637  -4.5555  -5.9940  -7.9834 -10.8468
-15.0962 -21.5424 -31.4693 -37.0000 -37.0000 -37.0000 -37.0000 -37.0000 -37.0000
-37.0000 -37.0000 -37.0000
 61.0000  -0.4593  -0.4593  -0.4594  -0.4595  -0.4596  -0.4599  -0.4602  -0.4608
 -0.4616  -0.4629  -0.4646  -0.4670  -0.4699  -0.4741  -0.4830  -0.5420  -0.6229
 -0.8425  -1.2682  -1.8655  -2.5912  -3.4637  -4.5555  -5.9940  -7.9834 -10.8468
-15.0962 -21.5424 -31.4693 -37.0000 -37.0000 -37.0000 -37.0000 -37.0000 -37.0000
-37.0000 -37.0000 -37.0000
 62.0000  -0.4593  -0.4593  -0.4594  -0.4595  -0.4596  -0.4599  -0.4602  -0.4608
 -0.4616  -0.4629  -0.4646  -0.4670  -0.4699  -0.4741  -0.4830  -0.5420  -0.6229
 -0.8425  -1.2682  -1.8655  -2.5912  -3.4637  -4.5555  -5.9940  -7.9834 -10.8468
-15.0962 -21.5424 -31.4693 -37.0000 -37.0000 -37.0000 -37.0000 -37.0000 -37.0000
-37.0000 -37.0000 -37.0000
 63.0000  -0.4593  -0.4593  -0.4594  -0.4595  -0.4596  -0.4599  -0.4602  -0.4608
 -0.4616  -0.4629  -0.4646  -0.4670  -0.4699  -0.4741  -0.4830  -0.5420  -0.6229
 -0.8425  -1.2682  -1.8655  -2.5912  -3.4637  -4.5555  -5.9940  -7.9834 -10.8468
-15.0962 -21.5424 -31.4693 -37.0000 -37.0000 -37.0000 -37.0000 -37.0000 -37.0000
-37.0000 -37.0000 -37.0000
 64.0000  -0.4593  -0.4593  -0.4594  -0.4595  -0.4596  -0.4599  -0.4602  -0.4608
 -0.4616  -0.4629  -0.4646  -0.4670  -0.4699  -0.4741  -0.4830  -0.5420  -0.6229
 -0.8425  -1.2682  -1.8655  -2.5912  -3.4637  -4.5555  -5.9940  -7.9834 -10.8468
-15.0962 -21.5424 -31.4693 -37.0000 -37.0000 -37.0000 -37.0000 -37.0000 -37.0000
-37.0000 -37.0000 -37.0000
nl= 2 nu=22
  0.0000  -1.4110  -1.4110  -1.4110  -1.4110  -1.4110  -1.4110  -1.4110  -1.4110
 -1.4110  -1.4110  -1.4110  -1.4110  -1.4110  -1.4110  -1.4111  -1.4113  -1.4118
 -1.4131  -1.4163  -1.4244  -1.4448  -1.4958  -1.6233  -1.9391  -2.6856  -3.8551
 -4.5235  -5.0889  -5.6705  -6.3877  -6.9080  -7.4297  -7.9617  -8.5108  -9.0877
 -9.7089 -10.4005
  0.0000  -1.5497  -1.5497  -1.5497  -1.5497  -1.5497  -1.5497  -1.5497  -1.5497
 -1.5497  -1.5497  -1.5497  -1.5497  -1.5497  -1.5497  -1.5498  -1.5499  -1.5501
 -1.5508  -1.5525  -1.5567  -1.5673  -1.5938  -1.6605  -1.8273  -2.2412  -3.2120
 -4.4395  -5.0624  -5.6575  -6.3782  -6.9041  -7.4273  -7.9603  -8.5100  -9.0871
 -9.7085 -10.4004
  0.0000  -1.6930  -1.6930  -1.6930  -1.6930  -1.6930  -1.6930  -1.6930  -1.6930
 -1.6930  -1.6930  -1.6930  -1.6930  -1.6930  -1.6930  -1.6930  -1.6931  -1.6932
 -1.6936  -1.6944  -1.6966  -1.7020  -1.7156  -1.7498  -1.8356  -2.0504  -2.5841
 -3.8174  -5.0038  -5.6331  -6.3607  -6.8980  -7.4233  -7.9580  -8.5086  -9.0863
 -9.7079 -10.4000
  0.0000  -1.8394  -1.8394  -1.8394  -1.8394  -1.8394  -1.8394  -1.8394  -1.8394
 -1.8394  -1.8394  -1.8394  -1.8394  -1.8394  -1.8394  -1.8394  -1.8394  -1.8395
 -1.8397  -1.8401  -1.8412  -1.8440  -1.8509  -1.8682  -1.9118  -2.0211  -2.2951
 -2.9764  -4.5029  -5.5852  -6.3290  -6.8876  -7.4169  -7.9541  -8.5063  -9.0850
 -9.7073 -10.3996
  0.0000  -1.9871  -1.9871  -1.9871  -1.9871  -1.9871  -1.9871  -1.9871  -1.9871
 -1.9871  -1.9871  -1.9871  -1.9871  -1.9871  -1.9871  -1.9871  -1.9871  -1.9872
 -1.9872  -1.9875  -1.9880  -1.9894  -1.9929  -2.0016  -2.0236  -2.0788  -2.2173
 -2.5647  -3.4289  -5.2527  -6.2691  -6.8700  -7.4056  -7.9475  -8.5019  -9.0822
 -9.7054 -10.3985
  0.0000  -2.1375  -2.1375  -2.1375  -2.1375  -2.1375  -2.1375  -2.1375  -2.1375
 -2.1375  -2.1375  -2.1375  -2.1375  -2.1375  -2.1375  -2.1375  -2.1375  -2.1375
 -2.1375  -2.1376  -2.1379  -2.1386  -2.1404  -2.1448  -2.1558  -2.1835  -2.2532
 -2.4281  -2.8668  -3.9589  -6.0543  -6.8420  -7.3894  -7.9385  -8.4970  -9.0794
 -9.7043 -10.3982
  0.0000  -2.2876  -2.2876  -2.2876  -2.2876  -2.2876  -2.2876  -2.2876  -2.2876
 -2.2876  -2.2876  -2.2876  -2.2876  -2.2876  -2.2876  -2.2876  -2.2876  -2.2876
 -2.2876  -2.2877  -2.2878  -2.2882  -2.2890  -2.2913  -2.2968  -2.3107  -2.3456
 -2.4334  -2.6538  -3.2067  -4.5835  -6.7601  -7.3631  -7.9232  -8.4874  -9.0736
 -9.7006 -10.3961
  0.0000  -1.1326  -1.1326  -1.1326  -1.1326  -1.1326  -1.1326  -1.1326  -1.1326
 -1.1326  -1.1326  -1.1326  -1.1326  -1.1326  -1.1328  -1.1331  -1.1339  -1.1358
 -1.1408  -1.1531  -1.1842  -1.2615  -1.4517  -1.8971  -2.7225  -3.4734  -4.0542
 -4.6275  -5.3764  -5.8992  -6.4198  -6.9484  -7.4913  -8.0576  -8.6618  -9.3263
-10.0868 -10.9995
  0.0000  -1.2509  -1.2509  -1.2509  -1.2509  -1.2509  -1.2509  -1.2509  -1.2509
 -1.2509  -1.2509  -1.2509  -1.2509  -1.2510  -1.2510  -1.2512  -1.2517  -1.2528
 -1.2555  -1.2624  -1.2798  -1.3234  -1.4320  -1.6995  -2.3210  -3.3258  -4.0188
 -4.6114  -5.3631  -5.8946  -6.4166  -6.9466  -7.4901  -8.0568  -8.6613  -9.3261
-10.0866 -10.9994
  0.0000  -1.3807  -1.3807  -1.3807  -1.3807  -1.3807  -1.3807  -1.3807  -1.3807
 -1.3807  -1.3807  -1.3807  -1.3807  -1.3808  -1.3808  -1.3809  -1.3811  -1.3817
 -1.3832  -1.3869  -1.3962  -1.4197  -1.4784  -1.6250  -1.9864  -2.8184  -3.9225
 -4.5811  -5.3389  -5.8867  -6.4115  -6.9435  -7.4883  -8.0557  -8.6606  -9.3256
-10.0864 -10.9992
  0.0000  -1.5183  -1.5183  -1.5183  -1.5183  -1.5183  -1.5183  -1.5183  -1.5183
 -1.5183  -1.5183  -1.5183  -1.5183  -1.5183  -1.5183  -1.5184  -1.5185  -1.5188
 -1.5196  -1.5215  -1.5264  -1.5386  -1.5693  -1.6463  -1.8389  -2.3144  -3.3917
 -4.5143  -5.2945  -5.8737  -6.4029  -6.9384  -7.4849  -8.0536  -8.6592  -9.3247
-10.0858 -10.9988
  0.0000  -1.6612  -1.6612  -1.6612  -1.6612  -1.6612  -1.6612  -1.6612  -1.6612
 -1.6612  -1.6612  -1.6612  -1.6612  -1.6612  -1.6612  -1.6613  -1.6613  -1.6615
 -1.6619  -1.6629  -1.6654  -1.6716  -1.6874  -1.7270  -1.8263  -2.0748  -2.6897
 -4.0470  -5.2107  -5.8528  -6.3894  -6.9303  -7.4800  -8.0504  -8.6574  -9.3236
-10.0851 -10.9985
  0.0000  -1.8068  -1.8068  -1.8068  -1.8068  -1.8068  -1.8068  -1.8068  -1.8068
 -1.8068  -1.8068  -1.8068  -1.8068  -1.8068  -1.8068  -1.8068  -1.8068  -1.8069
 -1.8071  -1.8076  -1.8089  -1.8121  -1.8201  -1.8402  -1.8907  -2.0174  -2.3348
 -3.1216  -4.8036  -5.8148  -6.3680  -6.9173  -7.4716  -8.0451  -8.6536  -9.3212
-10.0835 -10.9973
  0.0000  -1.9550  -1.9550  -1.9550  -1.9550  -1.9550  -1.9550  -1.9550  -1.9550
 -1.9550  -1.9550  -1.9550  -1.9550  -1.9550  -1.9550  -1.9550  -1.9551  -1.9551
 -1.9552  -1.9555  -1.9561  -1.9577  -1.9617  -1.9719  -1.9974  -2.0614  -2.2221
 -2.6248  -3.6256  -5.5928  -6.3375  -6.8995  -7.4599  -8.0377  -8.6491  -9.3182
-10.0818 -10.9964
  0.0000  -0.9306  -0.9306  -0.9306  -0.9306  -0.9306  -0.9306  -0.9306  -0.9306
 -0.9306  -0.9306  -0.9306  -0.9307  -0.9308  -0.9312  -0.9320  -0.9343  -0.9399
 -0.9539  -0.9889  -1.0749  -1.2791  -1.7115  -2.3642  -2.9913  -3.5781  -4.2325
 -4.8852  -5.4082  -5.9351  -6.4732  -7.0307  -7.6206  -8.2620  -8.9856  -9.8397
-10.9005 -12.2894
  0.0000  -1.0080  -1.0080  -1.0080  -1.0080  -1.0080  -1.0080  -1.0080  -1.0080
 -1.0080  -1.0080  -1.0080  -1.0080  -1.0081  -1.0083  -1.0089  -1.0104  -1.0141
 -1.0234  -1.0466  -1.1043  -1.2457  -1.5753  -2.2135  -2.9405  -3.5576  -4.2194
 -4.8776  -5.4045  -5.9326  -6.4716  -7.0299  -7.6200  -8.2617  -8.9854  -9.8395
-10.9004 -12.2893
  0.0000  -1.1061  -1.1061  -1.1061  -1.1061  -1.1061  -1.1061  -1.1061  -1.1061
 -1.1061  -1.1061  -1.1061  -1.1061  -1.1062  -1.1063  -1.1067  -1.1076  -1.1098
 -1.1154  -1.1295  -1.1646  -1.2521  -1.4660  -1.9573  -2.7951  -3.5174  -4.1960
 -4.8648  -5.3982  -5.9286  -6.4691  -7.0282  -7.6190  -8.2610  -8.9850  -9.8393
-10.9003 -12.2892
  0.0000  -1.2215  -1.2215  -1.2215  -1.2215  -1.2215  -1.2215  -1.2215  -1.2215
 -1.2215  -1.2215  -1.2215  -1.2215  -1.2216  -1.2216  -1.2218  -1.2223  -1.2236
 -1.2268  -1.2347  -1.2546  -1.3045  -1.4288  -1.7328  -2.4213  -3.4089  -4.1531
 -4.8435  -5.3882  -5.9222  -6.4650  -7.0257  -7.6174  -8.2600  -8.9843  -9.8389
-10.9000 -12.2890
  0.0000  -1.3495  -1.3495  -1.3495  -1.3495  -1.3495  -1.3495  -1.3495  -1.3495
 -1.3495  -1.3495  -1.3495  -1.3495  -1.3495  -1.3496  -1.3497  -1.3499  -1.3506
 -1.3523  -1.3566  -1.3674  -1.3944  -1.4620  -1.6307  -2.0445  -2.9672  -4.0612
 -4.8068  -5.3726  -5.9118  -6.4584  -7.0214  -7.6146  -8.2582  -8.9832  -9.8380
-10.8995 -12.2887
  0.0000  -1.4866  -1.4866  -1.4866  -1.4866  -1.4866  -1.4866  -1.4866  -1.4866
 -1.4866  -1.4866  -1.4866  -1.4866  -1.4866  -1.4866  -1.4867  -1.4868  -1.4872
 -1.4881  -1.4903  -1.4959  -1.5101  -1.5456  -1.6347  -1.8571  -2.4044  -3.6051
 -4.7364  -5.3503  -5.8970  -6.4489  -7.0152  -7.6107  -8.2558  -8.9818  -9.8374
-10.8992 -12.2885
  0.0000  -1.6285  -1.6285  -1.6285  -1.6285  -1.6285  -1.6285  -1.6285  -1.6285
 -1.6285  -1.6285  -1.6285  -1.6285  -1.6285  -1.6285  -1.6285  -1.6286  -1.6288
 -1.6292  -1.6304  -1.6333  -1.6406  -1.6588  -1.7047  -1.8198  -2.1076  -2.8186
 -4.3354  -5.3144  -5.8758  -6.4345  -7.0052  -7.6040  -8.2512  -8.9786  -9.8352
-10.8976 -12.2875
  0.0000  -0.8322  -0.8322  -0.8322  -0.8322  -0.8322  -0.8322  -0.8322  -0.8322
 -0.8322  -0.8322  -0.8323  -0.8324  -0.8326  -0.8332  -0.8347  -0.8386  -0.8481
 -0.8719  -0.9306  -1.0702  -1.3716  -1.8787  -2.4790  -3.1154  -3.8559  -4.3899
 -4.9187  -5.4547  -6.0059  -6.5840  -7.2058  -7.8979  -8.7018  -9.6830 -10.9454
-12.6536 -15.0683
  0.0000  -0.8621  -0.8621  -0.8621  -0.8621  -0.8621  -0.8621  -0.8621  -0.8621
 -0.8621  -0.8621  -0.8622  -0.8623  -0.8625  -0.8630  -0.8643  -0.8675  -0.8756
 -0.8958  -0.9456  -1.0659  -1.3354  -1.8301  -2.4528  -3.1003  -3.8452  -4.3853
 -4.9158  -5.4526  -6.0047  -6.5831  -7.2054  -7.8976  -8.7016  -9.6828 -10.9453
-12.6535 -15.0683
  0.0000  -0.9107  -0.9107  -0.9107  -0.9107  -0.9107  -0.9107  -0.9107  -0.9107
 -0.9107  -0.9107  -0.9107  -0.9108  -0.9110  -0.9113  -0.9123  -0.9148  -0.9209
 -0.9362  -0.9744  -1.0681  -1.2880  -1.7421  -2.4007  -3.0727  -3.8270  -4.3778
 -4.9107  -5.4496  -6.0027  -6.5820  -7.2046  -7.8972  -8.7014  -9.6827 -10.9453
-12.6535 -15.0684
  0.0000  -0.9822  -0.9822  -0.9822  -0.9822  -0.9822  -0.9822  -0.9822  -0.9822
 -0.9822  -0.9822  -0.9822  -0.9822  -0.9823  -0.9826  -0.9833  -0.9849  -0.9891
 -0.9995  -1.0255  -1.0901  -1.2475  -1.6091  -2.2764  -3.0260  -3.7959  -4.3663
 -4.9025  -5.4444  -5.9992  -6.5797  -7.2032  -7.8962  -8.7007  -9.6823 -10.9449
-12.6533 -15.0682
  0.0000  -1.0765  -1.0765  -1.0765  -1.0765  -1.0765  -1.0765  -1.0765  -1.0765
 -1.0765  -1.0765  -1.0765  -1.0765  -1.0766  -1.0767  -1.0771  -1.0782  -1.0807
 -1.0871  -1.1031  -1.1431  -1.2426  -1.4846  -2.0294  -2.9054  -3.7410  -4.3498
 -4.8905  -5.4365  -5.9941  -6.5763  -7.2010  -7.8950  -8.6999  -9.6819 -10.9448
-12.6533 -15.0682
  0.0000  -1.1897  -1.1897  -1.1897  -1.1897  -1.1897  -1.1897  -1.1897  -1.1897
 -1.1897  -1.1897  -1.1897  -1.1898  -1.1898  -1.1899  -1.1901  -1.1907  -1.1921
 -1.1958  -1.2049  -1.2278  -1.2852  -1.4278  -1.7754  -2.5475  -3.6212  -4.3260
 -4.8738  -5.4251  -5.9864  -6.5713  -7.1977  -7.8929  -8.6988  -9.6812 -10.9444
-12.6532 -15.0683
  1.0000  -1.3189  -1.3189  -1.3189  -1.3189  -1.3189  -1.3189  -1.3189  -1.3189
 -1.3189  -1.3189  -1.3189  -1.3189  -1.3190  -1.3190  -1.3191  -1.3194  -1.3202
 -1.3222  -1.3271  -1.3395  -1.3705  -1.4481  -1.6416  -2.1151  -3.1577  -4.2648
 -4.8565  -5.4189  -5.9840  -6.5705  -7.1975  -7.8931  -8.6990  -9.6815 -10.9448
-12.6535 -15.0686
  0.0000  -0.7974  -0.7974  -0.7974  -0.7974  -0.7974  -0.7974  -0.7974  -0.7974
 -0.7974  -0.7974  -0.7975  -0.7976  -0.7978  -0.7985  -0.8002  -0.8044  -0.8150
 -0.8414  -0.9071  -1.0665  -1.4043  -1.9494  -2.6639  -3.3432  -3.8898  -4.4303
 -4.9794  -5.5490  -6.1550  -6.8206  -7.5817  -8.4946  -9.6487 -11.1851 -13.3274
-16.4303 -21.0554
  0.0000  -0.8043  -0.8043  -0.8043  -0.8043  -0.8043  -0.8043  -0.8043  -0.8043
 -0.8043  -0.8043  -0.8044  -0.8045  -0.8047  -0.8054  -0.8071  -0.8113  -0.8217
 -0.8478  -0.9120  -1.0653  -1.3914  -1.9335  -2.6536  -3.3368  -3.8861  -4.4281
 -4.9778  -5.5480  -6.1544  -6.8201  -7.5813  -8.4944  -9.6485 -11.1849 -13.3273
-16.4301 -21.0553
  0.0000  -0.8152  -0.8152  -0.8152  -0.8152  -0.8152  -0.8152  -0.8152  -0.8152
 -0.8152  -0.8152  -0.8152  -0.8153  -0.8156  -0.8162  -0.8178  -0.8218  -0.8318
 -0.8568  -0.9180  -1.0633  -1.3751  -1.9124  -2.6385  -3.3264  -3.8801  -4.4241
 -4.9753  -5.5463  -6.1532  -6.8195  -7.5809  -8.4941  -9.6484 -11.1848 -13.3272
-16.4301 -21.0553
  1.0000  -0.8457  -0.8457  -0.8457  -0.8457  -0.8457  -0.8457  -0.8457  -0.8457
 -0.8457  -0.8457  -0.8458  -0.8459  -0.8461  -0.8466  -0.8479  -0.8513  -0.8597
 -0.8805  -0.9322  -1.0569  -1.3369  -1.8628  -2.6056  -3.3165  -3.8776  -4.4231
 -4.9749  -5.5462  -6.1532  -6.8195  -7.5810  -8.4942  -9.6485 -11.1849 -13.3273
-16.4302 -21.0554
  2.0000  -0.8940  -0.8940  -0.8940  -0.8940  -0.8940  -0.8940  -0.8940  -0.8940
 -0.8940  -0.8940  -0.8941  -0.8941  -0.8943  -0.8947  -0.8957  -0.8982  -0.9046
 -0.9205  -0.9602  -1.0575  -1.2869  -1.7688  -2.5339  -3.2949  -3.8721  -4.4207
 -4.9739  -5.5457  -6.1530  -6.8193  -7.5808  -8.4941  -9.6484 -11.1848 -13.3272
-16.4301 -21.0553
  3.0000  -0.9637  -0.9637  -0.9637  -0.9637  -0.9637  -0.9637  -0.9637  -0.9637
 -0.9637  -0.9637  -0.9637  -0.9637  -0.9639  -0.9641  -0.9648  -0.9666  -0.9710
 -0.9819  -1.0094  -1.0777  -1.2443  -1.6297  -2.3760  -3.2440  -3.8608  -4.4161
 -4.9721  -5.5449  -6.1526  -6.8192  -7.5807  -8.4940  -9.6483 -11.1847 -13.3272
-16.4301 -21.0553
  4.0000  -1.0548  -1.0548  -1.0548  -1.0548  -1.0548  -1.0548  -1.0548  -1.0549
 -1.0549  -1.0549  -1.0549  -1.0549  -1.0550  -1.0551  -1.0556  -1.0567  -1.0594
 -1.0663  -1.0836  -1.1270  -1.2346  -1.4973  -2.0966  -3.0943  -3.8354  -4.4067
 -4.9684  -5.5434  -6.1519  -6.8188  -7.5806  -8.4939  -9.6483 -11.1847 -13.3271
-16.4300 -21.0552
  0.0000  -0.7596  -0.7596  -0.7596  -0.7596  -0.7596  -0.7596  -0.7596  -0.7596
 -0.7596  -0.7597  -0.7597  -0.7598  -0.7601  -0.7609  -0.7627  -0.7672  -0.7783
 -0.8059  -0.8771  -1.0577  -1.4655  -2.1546  -2.8061  -3.3840  -3.9420  -4.5097
 -5.1051  -5.7494  -6.4746  -7.3295  -8.3910  -9.7801 -11.6889 -14.4214 -18.4596
-24.5672 -33.9546
  0.0000  -0.7647  -0.7647  -0.7647  -0.7647  -0.7647  -0.7647  -0.7647  -0.7647
 -0.7647  -0.7648  -0.7648  -0.7649  -0.7652  -0.7659  -0.7677  -0.7722  -0.7832
 -0.8107  -0.8803  -1.0548  -1.4535  -2.1447  -2.8024  -3.3823  -3.9412  -4.5092
 -5.1047  -5.7492  -6.4744  -7.3294  -8.3908  -9.7800 -11.6888 -14.4213 -18.4595
-24.5671 -33.9545
  0.0000  -0.7640  -0.7640  -0.7640  -0.7640  -0.7640  -0.7640  -0.7640  -0.7640
 -0.7640  -0.7640  -0.7641  -0.7642  -0.7645  -0.7652  -0.7671  -0.7717  -0.7832
 -0.8119  -0.8830  -1.0565  -1.4496  -2.1358  -2.7958  -3.3777  -3.9381  -4.5072
 -5.1033  -5.7482  -6.4738  -7.3290  -8.3905  -9.7797 -11.6886 -14.4212 -18.4594
-24.5670 -33.9544
  0.0000  -0.7632  -0.7632  -0.7632  -0.7632  -0.7632  -0.7632  -0.7632  -0.7632
 -0.7632  -0.7632  -0.7633  -0.7634  -0.7637  -0.7644  -0.7663  -0.7711  -0.7830
 -0.8125  -0.8851  -1.0590  -1.4476  -2.1261  -2.7868  -3.3705  -3.9329  -4.5038
 -5.1009  -5.7467  -6.4728  -7.3284  -8.3901  -9.7795 -11.6884 -14.4211 -18.4593
-24.5669 -33.9543
  1.0000  -0.7796  -0.7796  -0.7796  -0.7796  -0.7796  -0.7796  -0.7796  -0.7796
 -0.7796  -0.7796  -0.7796  -0.7797  -0.7800  -0.7807  -0.7824  -0.7867  -0.7976
 -0.8246  -0.8913  -1.0526  -1.4198  -2.0922  -2.7770  -3.3673  -3.9318  -4.5034
 -5.1007  -5.7467  -6.4729  -7.3284  -8.3902  -9.7796 -11.6885 -14.4212 -18.4594
-24.5670 -33.9544
  2.0000  -0.8081  -0.8081  -0.8081  -0.8081  -0.8081  -0.8081  -0.8081  -0.8081
 -0.8081  -0.8081  -0.8082  -0.8083  -0.8085  -0.8091  -0.8106  -0.8143  -0.8235
 -0.8467  -0.9042  -1.0450  -1.3740  -2.0230  -2.7555  -3.3604  -3.9292  -4.5022
 -5.1002  -5.7464  -6.4727  -7.3283  -8.3900  -9.7794 -11.6884 -14.4211 -18.4593
-24.5668 -33.9543
  3.0000  -0.8549  -0.8549  -0.8549  -0.8549  -0.8549  -0.8549  -0.8549  -0.8549
 -0.8549  -0.8549  -0.8550  -0.8550  -0.8552  -0.8557  -0.8568  -0.8597  -0.8670
 -0.8851  -0.9305  -1.0427  -1.3125  -1.8964  -2.7039  -3.3463  -3.9240  -4.5001
 -5.0993  -5.7460  -6.4725  -7.3282  -8.3899  -9.7794 -11.6883 -14.4210 -18.4592
-24.5668 -33.9543
  0.0000  -0.6897  -0.6897  -0.6897  -0.6897  -0.6897  -0.6897  -0.6897  -0.6897
 -0.6897  -0.6898  -0.6899  -0.6901  -0.6906  -0.6918  -0.6945  -0.7009  -0.7159
 -0.7530  -0.8476  -1.0988  -1.6466  -2.2788  -2.8731  -3.4535  -4.0476  -4.6783
 -5.3755  -6.1823  -7.1652  -8.4286 -10.1374 -12.5525 -16.0873 -21.3970 -29.5197
-36.9824 -36.9824
  0.0000  -0.7077  -0.7077  -0.7077  -0.7077  -0.7077  -0.7077  -0.7077  -0.7077
 -0.7077  -0.7077  -0.7078  -0.7080  -0.7084  -0.7094  -0.7117  -0.7172  -0.7302
 -0.7620  -0.8443  -1.0766  -1.6290  -2.2773  -2.8756  -3.4563  -4.0496  -4.6796
 -5.3764  -6.1827  -7.1653  -8.4285 -10.1372 -12.5522 -16.0870 -21.3967 -29.5193
-36.9820 -36.9820
  0.0000  -0.7050  -0.7050  -0.7050  -0.7050  -0.7050  -0.7050  -0.7050  -0.7050
 -0.7050  -0.7050  -0.7051  -0.7052  -0.7056  -0.7066  -0.7090  -0.7148  -0.7286
 -0.7624  -0.8469  -1.0788  -1.6263  -2.2747  -2.8738  -3.4550  -4.0488  -4.6790
 -5.3760  -6.1825  -7.1652  -8.4284 -10.1371 -12.5522 -16.0870 -21.3966 -29.5193
-36.9820 -36.9820
  0.0000  -0.6937  -0.6937  -0.6937  -0.6937  -0.6937  -0.6937  -0.6937  -0.6937
 -0.6937  -0.6937  -0.6938  -0.6940  -0.6944  -0.6954  -0.6980  -0.7045  -0.7202
 -0.7584  -0.8516  -1.0923  -1.6301  -2.2709  -2.8694  -3.4515  -4.0464  -4.6775
 -5.3749  -6.1819  -7.1648  -8.4282 -10.1370 -12.5521 -16.0870 -21.3967 -29.5194
-36.9821 -36.9821
  0.0000  -0.6788  -0.6788  -0.6788  -0.6788  -0.6788  -0.6788  -0.6788  -0.6788
 -0.6788  -0.6788  -0.6789  -0.6791  -0.6795  -0.6807  -0.6835  -0.6907  -0.7084
 -0.7519  -0.8571  -1.1127  -1.6394  -2.2675  -2.8630  -3.4458  -4.0422  -4.6748
 -5.3731  -6.1808  -7.1643  -8.4281 -10.1371 -12.5523 -16.0873 -21.3970 -29.5197
-36.9825 -36.9825
  0.0000  -0.6668  -0.6668  -0.6668  -0.6668  -0.6668  -0.6668  -0.6668  -0.6668
 -0.6668  -0.6669  -0.6670  -0.6671  -0.6676  -0.6688  -0.6719  -0.6795  -0.6986
 -0.7458  -0.8610  -1.1307  -1.6499  -2.2663  -2.8562  -3.4383  -4.0361  -4.6704
 -5.3704  -6.1791  -7.1633  -8.4276 -10.1370 -12.5525 -16.0875 -21.3973 -29.5201
-36.9830 -36.9830
  0.0000  -0.6682  -0.6682  -0.6682  -0.6682  -0.6682  -0.6682  -0.6682  -0.6682
 -0.6682  -0.6682  -0.6683  -0.6685  -0.6690  -0.6702  -0.6732  -0.6807  -0.6994
 -0.7462  -0.8613  -1.1304  -1.6469  -2.2659  -2.8504  -3.4302  -4.0283  -4.6645
 -5.3664  -6.1765  -7.1616  -8.4268 -10.1366 -12.5523 -16.0876 -21.3976 -29.5204
-36.9835 -36.9835
  0.0000  -0.5731  -0.5731  -0.5731  -0.5731  -0.5731  -0.5731  -0.5731  -0.5731
 -0.5732  -0.5733  -0.5735  -0.5740  -0.5751  -0.5775  -0.5826  -0.5939  -0.6208
 -0.6903  -0.8792  -1.2756  -1.8030  -2.3693  -2.9579  -3.5807  -4.2600  -5.0313
 -5.9516  -7.1106  -8.6500 -10.7944 -13.8986 -18.5245 -25.5630 -36.4252 -36.9656
-36.9656 -36.9656
  0.0000  -0.7030  -0.7030  -0.7030  -0.7030  -0.7030  -0.7030  -0.7030  -0.7030
 -0.7030  -0.7030  -0.7030  -0.7030  -0.7031  -0.7028  -0.7015  -0.6977  -0.6918
 -0.6997  -0.8003  -1.1581  -1.7415  -2.3530  -2.9626  -3.5919  -4.2705  -5.0389
 -5.9563  -7.1127  -8.6505 -10.7936 -13.8970 -18.5224 -25.5605 -36.4225 -36.9626
-36.9626 -36.9626
  0.0000  -0.7261  -0.7261  -0.7261  -0.7261  -0.7261  -0.7261  -0.7261  -0.7261
 -0.7261  -0.7260  -0.7260  -0.7259  -0.7256  -0.7247  -0.7222  -0.7156  -0.7039
 -0.7013  -0.7886  -1.1425  -1.7373  -2.3541  -2.9646  -3.5934  -4.2715  -5.0396
 -5.9565  -7.1128  -8.6504 -10.7934 -13.8967 -18.5221 -25.5602 -36.4221 -36.9622
-36.9622 -36.9622
  0.0000  -0.7122  -0.7122  -0.7122  -0.7122  -0.7122  -0.7122  -0.7122  -0.7122
 -0.7122  -0.7121  -0.7121  -0.7120  -0.7118  -0.7112  -0.7094  -0.7050  -0.6977
 -0.7020  -0.7964  -1.1493  -1.7375  -2.3525  -2.9630  -3.5922  -4.2707  -5.0391
 -5.9562  -7.1126  -8.6503 -10.7934 -13.8967 -18.5222 -25.5602 -36.4222 -36.9623
-36.9623 -36.9623
  0.0000  -0.6780  -0.6780  -0.6780  -0.6780  -0.6780  -0.6780  -0.6780  -0.6780
 -0.6780  -0.6780  -0.6780  -0.6781  -0.6781  -0.6782  -0.6783  -0.6786  -0.6815
 -0.7030  -0.8162  -1.1692  -1.7410  -2.3497  -2.9592  -3.5892  -4.2687  -5.0377
 -5.9555  -7.1124  -8.6503 -10.7936 -13.8970 -18.5225 -25.5607 -36.4227 -36.9628
-36.9628 -36.9628
  0.0000  -0.6356  -0.6356  -0.6356  -0.6356  -0.6356  -0.6356  -0.6356  -0.6356
 -0.6356  -0.6356  -0.6357  -0.6358  -0.6362  -0.6371  -0.6395  -0.6453  -0.6605
 -0.7044  -0.8430  -1.1983  -1.7491  -2.3473  -2.9541  -3.5847  -4.2656  -5.0359
 -5.9544  -7.1119  -8.6503 -10.7939 -13.8975 -18.5231 -25.5612 -36.4234 -36.9636
-36.9636 -36.9636
  0.0000  -0.5983  -0.5983  -0.5983  -0.5983  -0.5983  -0.5983  -0.5983  -0.5983
 -0.5983  -0.5983  -0.5984  -0.5987  -0.5993  -0.6010  -0.6051  -0.6154  -0.6411
 -0.7056  -0.8690  -1.2285  -1.7617  -2.3469  -2.9489  -3.5790  -4.2612  -5.0330
 -5.9528  -7.1112  -8.6502 -10.7941 -13.8980 -18.5238 -25.5621 -36.4243 -36.9646
-36.9646 -36.9646
 -1.0000  -0.6263  -0.6263  -0.6263  -0.6263  -0.6263  -0.6263  -0.6263  -0.6263
 -0.6264  -0.6266  -0.6268  -0.6273  -0.6276  -0.6271  -0.6246  -0.6186  -0.6164
 -0.6569  -0.8443  -1.2595  -1.8311  -2.4582  -3.1313  -3.8775  -4.7464  -5.8168
 -7.2115  -9.1237 -11.8584 -15.8979 -22.0062 -31.3940 -36.9304 -36.9304 -36.9304
-36.9304 -36.9304
  0.0000  -0.6264  -0.6264  -0.6264  -0.6264  -0.6264  -0.6264  -0.6265  -0.6265
 -0.6265  -0.6266  -0.6268  -0.6272  -0.6275  -0.6271  -0.6245  -0.6186  -0.6164
 -0.6570  -0.8442  -1.2594  -1.8311  -2.4581  -3.1313  -3.8775  -4.7464  -5.8168
 -7.2115  -9.1237 -11.8584 -15.8979 -22.0062 -31.3940 -36.9304 -36.9304 -36.9304
-36.9304 -36.9304
  0.0000  -0.7523  -0.7523  -0.7523  -0.7523  -0.7523  -0.7523  -0.7523  -0.7523
 -0.7523  -0.7523  -0.7522  -0.7519  -0.7509  -0.7474  -0.7374  -0.7145  -0.6766
 -0.6518  -0.7651  -1.1868  -1.8052  -2.4571  -3.1377  -3.8840  -4.7506  -5.8188
 -7.2117  -9.1225 -11.8562 -15.8951 -22.0031 -31.3906 -36.9266 -36.9266 -36.9266
-36.9266 -36.9266
  0.0000  -0.7711  -0.7711  -0.7711  -0.7711  -0.7711  -0.7711  -0.7711  -0.7711
 -0.7711  -0.7710  -0.7709  -0.7704  -0.7690  -0.7649  -0.7536  -0.7280  -0.6847
 -0.6511  -0.7551  -1.1795  -1.8038  -2.4576  -3.1386  -3.8845  -4.7508  -5.8188
 -7.2115  -9.1222 -11.8559 -15.8947 -22.0026 -31.3901 -36.9261 -36.9261 -36.9261
-36.9261 -36.9261
  0.0000  -0.7451  -0.7451  -0.7451  -0.7451  -0.7451  -0.7451  -0.7451  -0.7451
 -0.7450  -0.7450  -0.7448  -0.7443  -0.7430  -0.7396  -0.7304  -0.7092  -0.6740
 -0.6534  -0.7693  -1.1882  -1.8047  -2.4563  -3.1372  -3.8836  -4.7503  -5.8187
 -7.2116  -9.1225 -11.8563 -15.8952 -22.0031 -31.3907 -36.9267 -36.9267 -36.9267
-36.9267 -36.9267
  0.0000  -0.6976  -0.6976  -0.6976  -0.6976  -0.6976  -0.6976  -0.6976  -0.6976
 -0.6975  -0.6975  -0.6974  -0.6970  -0.6962  -0.6939  -0.6881  -0.6750  -0.6550
 -0.6585  -0.7963  -1.2066  -1.8078  -2.4542  -3.1343  -3.8816  -4.7494  -5.8182
 -7.2117  -9.1231 -11.8571 -15.8961 -22.0041 -31.3918 -36.9279 -36.9279 -36.9279
-36.9279 -36.9279
  0.0000  -0.6453  -0.6453  -0.6453  -0.6453  -0.6453  -0.6453  -0.6453  -0.6453
 -0.6453  -0.6453  -0.6452  -0.6451  -0.6447  -0.6439  -0.6417  -0.6374  -0.6346
 -0.6655  -0.8281  -1.2311  -1.8139  -2.4523  -3.1309  -3.8788  -4.7478  -5.8174
 -7.2117  -9.1235 -11.8578 -15.8970 -22.0052 -31.3929 -36.9293 -36.9293 -36.9293
-36.9293 -36.9293
-11.0000  -0.6452  -0.6452  -0.6452  -0.6452  -0.6452  -0.6452  -0.6452  -0.6453
 -0.6454  -0.6457  -0.6461  -0.6465  -0.6468  -0.6462  -0.6433  -0.6365  -0.6302
 -0.6601  -0.8290  -1.2378  -1.8185  -2.4542  -3.1317  -3.8791  -4.7479  -5.8175
 -7.2117  -9.1235 -11.8578 -15.8970 -22.0052 -31.3929 -36.9292 -36.9292 -36.9292
-36.9292 -36.9292
-10.0000  -0.6453  -0.6453  -0.6453  -0.6453  -0.6453  -0.6453  -0.6453  -0.6454
 -0.6455  -0.6457  -0.6461  -0.6465  -0.6468  -0.6462  -0.6433  -0.6365  -0.6302
 -0.6601  -0.8290  -1.2378  -1.8185  -2.4542  -3.1317  -3.8791  -4.7479  -5.8175
 -7.2117  -9.1235 -11.8578 -15.8970 -22.0052 -31.3929 -36.9292 -36.9292 -36.9292
-36.9292 -36.9292
-10.0000  -0.6454  -0.6454  -0.6454  -0.6454  -0.6454  -0.6454  -0.6454  -0.6455
 -0.6455  -0.6457  -0.6460  -0.6464  -0.6467  -0.6461  -0.6433  -0.6365  -0.6303
 -0.6602  -0.8290  -1.2377  -1.8184  -2.4542  -3.1317  -3.8791  -4.7479  -5.8175
 -7.2117  -9.1235 -11.8578 -15.8970 -22.0052 -31.3929 -36.9292 -36.9292 -36.9292
-36.9292 -36.9292
-10.0000  -0.6457  -0.6457  -0.6457  -0.6457  -0.6457  -0.6457  -0.6457  -0.6457
 -0.6458  -0.6459  -0.6461  -0.6465  -0.6468  -0.6462  -0.6433  -0.6366  -0.6304
 -0.6603  -0.8291  -1.2377  -1.8185  -2.4542  -3.1318  -3.8792  -4.7480  -5.8176
 -7.2118  -9.1236 -11.8579 -15.8971 -22.0053 -31.3930 -36.9293 -36.9293 -36.9293
-36.9293 -36.9293
-10.0000  -0.6459  -0.6459  -0.6459  -0.6459  -0.6459  -0.6459  -0.6459  -0.6459
 -0.6459  -0.6460  -0.6461  -0.6464  -0.6466  -0.6461  -0.6433  -0.6366  -0.6305
 -0.6605  -0.8290  -1.2375  -1.8183  -2.4542  -3.1317  -3.8792  -4.7480  -5.8176
 -7.2118  -9.1236 -11.8579 -15.8971 -22.0053 -31.3930 -36.9293 -36.9293 -36.9293
-36.9293 -36.9293
-10.0000  -0.6461  -0.6461  -0.6461  -0.6461  -0.6461  -0.6461  -0.6461  -0.6461
 -0.6461  -0.6461  -0.6462  -0.6463  -0.6464  -0.6459  -0.6432  -0.6367  -0.6307
 -0.6608  -0.8290  -1.2372  -1.8181  -2.4541  -3.1317  -3.8791  -4.7480  -5.8176
 -7.2118  -9.1236 -11.8579 -15.8971 -22.0053 -31.3930 -36.9293 -36.9293 -36.9293
-36.9293 -36.9293
-10.0000  -0.6462  -0.6462  -0.6462  -0.6462  -0.6462  -0.6462  -0.6462  -0.6462
 -0.6462  -0.6462  -0.6462  -0.6462  -0.6461  -0.6455  -0.6429  -0.6367  -0.6312
 -0.6614  -0.8289  -1.2364  -1.8176  -2.4539  -3.1316  -3.8791  -4.7479  -5.8176
 -7.2118  -9.1236 -11.8579 -15.8971 -22.0053 -31.3930 -36.9293 -36.9293 -36.9293
-36.9293 -36.9293
-21.0000  -0.6452  -0.6452  -0.6452  -0.6452  -0.6452  -0.6453  -0.6453  -0.6455
 -0.6457  -0.6459  -0.6463  -0.6467  -0.6470  -0.6464  -0.6435  -0.6367  -0.6304
 -0.6603  -0.8292  -1.2380  -1.8187  -2.4544  -3.1319  -3.8793  -4.7481  -5.8177
 -7.2119  -9.1237 -11.8580 -15.8972 -22.0054 -31.3931 -36.9294 -36.9294 -36.9294
-36.9294 -36.9294
-20.0000  -0.6453  -0.6453  -0.6453  -0.6453  -0.6453  -0.6453  -0.6454  -0.6455
 -0.6457  -0.6459  -0.6463  -0.6467  -0.6470  -0.6464  -0.6435  -0.6367  -0.6304
 -0.6603  -0.8292  -1.2380  -1.8187  -2.4544  -3.1319  -3.8793  -4.7481  -5.8177
 -7.2119  -9.1237 -11.8580 -15.8972 -22.0054 -31.3931 -36.9294 -36.9294 -36.9294
-36.9294 -36.9294
-20.0000  -0.6453  -0.6453  -0.6453  -0.6454  -0.6454  -0.6454  -0.6454  -0.6455
 -0.6456  -0.6459  -0.6463  -0.6467  -0.6470  -0.6464  -0.6435  -0.6367  -0.6304
 -0.6603  -0.8292  -1.2380  -1.8187  -2.4544  -3.1319  -3.8793  -4.7481  -5.8177
 -7.2119  -9.1237 -11.8580 -15.8972 -22.0054 -31.3931 -36.9294 -36.9294 -36.9294
-36.9294 -36.9294
-20.0000  -0.6454  -0.6454  -0.6454  -0.6454  -0.6455  -0.6455  -0.6455  -0.6455
 -0.6457  -0.6459  -0.6463  -0.6467  -0.6470  -0.6464  -0.6435  -0.6367  -0.6304
 -0.6603  -0.8292  -1.2380  -1.8187  -2.4544  -3.1319  -3.8793  -4.7481  -5.8177
 -7.2119  -9.1237 -11.8580 -15.8972 -22.0054 -31.3931 -36.9294 -36.9294 -36.9294
-36.9294 -36.9294
-20.0000  -0.6455  -0.6455  -0.6455  -0.6455  -0.6455  -0.6455  -0.6455  -0.6455
 -0.6456  -0.6458  -0.6461  -0.6466  -0.6468  -0.6463  -0.6434  -0.6366  -0.6303
 -0.6603  -0.8291  -1.2378  -1.8185  -2.4543  -3.1318  -3.8792  -4.7480  -5.8176
 -7.2118  -9.1236 -11.8579 -15.8971 -22.0053 -31.3930 -36.9293 -36.9293 -36.9293
-36.9293 -36.9293
-20.0000  -0.6456  -0.6456  -0.6456  -0.6456  -0.6456  -0.6456  -0.6456  -0.6457
 -0.6457  -0.6459  -0.6461  -0.6465  -0.6468  -0.6462  -0.6433  -0.6366  -0.6304
 -0.6603  -0.8291  -1.2377  -1.8185  -2.4543  -3.1318  -3.8792  -4.7480  -5.8176
 -7.2118  -9.1236 -11.8579 -15.8971 -22.0053 -31.3930 -36.9293 -36.9293 -36.9293
-36.9293 -36.9293
-20.0000  -0.6458  -0.6458  -0.6458  -0.6458  -0.6458  -0.6458  -0.6458  -0.6458
 -0.6459  -0.6460  -0.6461  -0.6464  -0.6467  -0.6461  -0.6433  -0.6366  -0.6305
 -0.6605  -0.8291  -1.2376  -1.8184  -2.4542  -3.1318  -3.8792  -4.7480  -5.8176
 -7.2118  -9.1236 -11.8579 -15.8971 -22.0053 -31.3930 -36.9293 -36.9293 -36.9293
-36.9293 -36.9293
-31.0000  -0.6440  -0.6440  -0.6440  -0.6441  -0.6441  -0.6441  -0.6442  -0.6443
 -0.6446  -0.6448  -0.6452  -0.6456  -0.6459  -0.6453  -0.6424  -0.6356  -0.6293
 -0.6592  -0.8281  -1.2369  -1.8176  -2.4533  -3.1308  -3.8782  -4.7470  -5.8166
 -7.2108  -9.1226 -11.8569 -15.8961 -22.0043 -31.3920 -36.9283 -36.9283 -36.9283
-36.9283 -36.9283
-30.0000  -0.6441  -0.6441  -0.6441  -0.6441  -0.6441  -0.6441  -0.6442  -0.6443
 -0.6446  -0.6448  -0.6452  -0.6456  -0.6459  -0.6453  -0.6424  -0.6356  -0.6293
 -0.6592  -0.8281  -1.2369  -1.8176  -2.4533  -3.1308  -3.8782  -4.7470  -5.8166
 -7.2108  -9.1226 -11.8569 -15.8961 -22.0043 -31.3920 -36.9283 -36.9283 -36.9283
-36.9283 -36.9283
-30.0000  -0.6441  -0.6441  -0.6441  -0.6441  -0.6441  -0.6442  -0.6442  -0.6444
 -0.6446  -0.6448  -0.6452  -0.6456  -0.6459  -0.6453  -0.6424  -0.6356  -0.6293
 -0.6592  -0.8281  -1.2369  -1.8176  -2.4533  -3.1308  -3.8782  -4.7470  -5.8166
 -7.2108  -9.1226 -11.8569 -15.8961 -22.0043 -31.3920 -36.9283 -36.9283 -36.9283
-36.9283 -36.9283
-30.0000  -0.6442  -0.6442  -0.6442  -0.6442  -0.6442  -0.6442  -0.6443  -0.6444
 -0.6446  -0.6448  -0.6452  -0.6456  -0.6459  -0.6453  -0.6424  -0.6356  -0.6293
 -0.6592  -0.8281  -1.2369  -1.8176  -2.4533  -3.1308  -3.8782  -4.7470  -5.8166
 -7.2108  -9.1226 -11.8569 -15.8961 -22.0043 -31.3920 -36.9283 -36.9283 -36.9283
-36.9283 -36.9283
-30.0000  -0.6452  -0.6452  -0.6452  -0.6452  -0.6452  -0.6453  -0.6453  -0.6454
 -0.6455  -0.6458  -0.6462  -0.6466  -0.6469  -0.6463  -0.6434  -0.6366  -0.6303
 -0.6602  -0.8291  -1.2379  -1.8186  -2.4543  -3.1318  -3.8792  -4.7480  -5.8176
 -7.2118  -9.1236 -11.8579 -15.8971 -22.0053 -31.3930 -36.9293 -36.9293 -36.9293
-36.9293 -36.9293
-30.0000  -0.6453  -0.6453  -0.6453  -0.6453  -0.6453  -0.6453  -0.6454  -0.6454
 -0.6456  -0.6458  -0.6462  -0.6466  -0.6469  -0.6463  -0.6434  -0.6366  -0.6303
 -0.6602  -0.8291  -1.2379  -1.8186  -2.4543  -3.1318  -3.8792  -4.7480  -5.8176
 -7.2118  -9.1236 -11.8579 -15.8971 -22.0053 -31.3930 -36.9293 -36.9293 -36.9293
-36.9293 -36.9293
-30.0000  -0.6452  -0.6452  -0.6452  -0.6452  -0.6452  -0.6453  -0.6453  -0.6453
 -0.6454  -0.6456  -0.6459  -0.6464  -0.6466  -0.6461  -0.6432  -0.6364  -0.6301
 -0.6601  -0.8289  -1.2376  -1.8184  -2.4541  -3.1316  -3.8790  -4.7478  -5.8174
 -7.2116  -9.1234 -11.8577 -15.8969 -22.0051 -31.3928 -36.9291 -36.9291 -36.9291
-36.9291 -36.9291
-41.0000  -0.6462  -0.6462  -0.6462  -0.6462  -0.6463  -0.6463  -0.6465  -0.6465
 -0.6468  -0.6470  -0.6474  -0.6478  -0.6481  -0.6475  -0.6446  -0.6378  -0.6315
 -0.6614  -0.8303  -1.2391  -1.8198  -2.4555  -3.1330  -3.8804  -4.7492  -5.8188
 -7.2130  -9.1248 -11.8591 -15.8983 -22.0065 -31.3942 -36.9305 -36.9305 -36.9305
-36.9305 -36.9305
-40.0000  -0.6462  -0.6462  -0.6462  -0.6462  -0.6463  -0.6463  -0.6465  -0.6465
 -0.6468  -0.6470  -0.6474  -0.6478  -0.6481  -0.6475  -0.6446  -0.6378  -0.6315
 -0.6614  -0.8303  -1.2391  -1.8198  -2.4555  -3.1330  -3.8804  -4.7492  -5.8188
 -7.2130  -9.1248 -11.8591 -15.8983 -22.0065 -31.3942 -36.9305 -36.9305 -36.9305
-36.9305 -36.9305
-40.0000  -0.6462  -0.6462  -0.6462  -0.6463  -0.6463  -0.6463  -0.6464  -0.6465
 -0.6468  -0.6470  -0.6474  -0.6478  -0.6481  -0.6475  -0.6446  -0.6378  -0.6315
 -0.6614  -0.8303  -1.2391  -1.8198  -2.4555  -3.1330  -3.8804  -4.7492  -5.8188
 -7.2130  -9.1248 -11.8591 -15.8983 -22.0065 -31.3942 -36.9305 -36.9305 -36.9305
-36.9305 -36.9305
-40.0000  -0.6463  -0.6463  -0.6463  -0.6463  -0.6463  -0.6463  -0.6464  -0.6465
 -0.6468  -0.6470  -0.6474  -0.6478  -0.6481  -0.6475  -0.6446  -0.6378  -0.6315
 -0.6614  -0.8303  -1.2391  -1.8198  -2.4555  -3.1330  -3.8804  -4.7492  -5.8188
 -7.2130  -9.1248 -11.8591 -15.8983 -22.0065 -31.3942 -36.9305 -36.9305 -36.9305
-36.9305 -36.9305
-40.0000  -0.6463  -0.6463  -0.6463  -0.6463  -0.6463  -0.6464  -0.6464  -0.6466
 -0.6468  -0.6470  -0.6474  -0.6478  -0.6481  -0.6475  -0.6446  -0.6378  -0.6315
 -0.6614  -0.8303  -1.2391  -1.8198  -2.4555  -3.1330  -3.8804  -4.7492  -5.8188
 -7.2130  -9.1248 -11.8591 -15.8983 -22.0065 -31.3942 -36.9305 -36.9305 -36.9305
-36.9305 -36.9305
-40.0000  -0.6450  -0.6450  -0.6451  -0.6451  -0.6451  -0.6451  -0.6451  -0.6453
 -0.6455  -0.6457  -0.6461  -0.6465  -0.6468  -0.6462  -0.6433  -0.6365  -0.6302
 -0.6601  -0.8290  -1.2378  -1.8185  -2.4542  -3.1317  -3.8791  -4.7479  -5.8175
 -7.2117  -9.1235 -11.8578 -15.8970 -22.0052 -31.3929 -36.9292 -36.9292 -36.9292
-36.9292 -36.9292
-40.0000  -0.6449  -0.6449  -0.6449  -0.6449  -0.6449  -0.6449  -0.6450  -0.6451
 -0.6452  -0.6455  -0.6459  -0.6463  -0.6466  -0.6460  -0.6431  -0.6363  -0.6300
 -0.6599  -0.8288  -1.2376  -1.8183  -2.4540  -3.1315  -3.8789  -4.7477  -5.8173
 -7.2115  -9.1233 -11.8576 -15.8968 -22.0050 -31.3927 -36.9290 -36.9290 -36.9290
-36.9290 -36.9290
-51.0000  -0.6445  -0.6445  -0.6445  -0.6445  -0.6446  -0.6446  -0.6448  -0.6448
 -0.6451  -0.6453  -0.6457  -0.6461  -0.6464  -0.6458  -0.6429  -0.6361  -0.6298
 -0.6597  -0.8286  -1.2374  -1.8181  -2.4538  -3.1313  -3.8787  -4.7475  -5.8171
 -7.2113  -9.1231 -11.8574 -15.8966 -22.0048 -31.3925 -36.9288 -36.9288 -36.9288
-36.9288 -36.9288
-50.0000  -0.6445  -0.6445  -0.6445  -0.6445  -0.6446  -0.6446  -0.6448  -0.6448
 -0.6451  -0.6453  -0.6457  -0.6461  -0.6464  -0.6458  -0.6429  -0.6361  -0.6298
 -0.6597  -0.8286  -1.2374  -1.8181  -2.4538  -3.1313  -3.8787  -4.7475  -5.8171
 -7.2113  -9.1231 -11.8574 -15.8966 -22.0048 -31.3925 -36.9288 -36.9288 -36.9288
-36.9288 -36.9288
-50.0000  -0.6445  -0.6445  -0.6445  -0.6445  -0.6446  -0.6446  -0.6448  -0.6448
 -0.6451  -0.6453  -0.6457  -0.6461  -0.6464  -0.6458  -0.6429  -0.6361  -0.6298
 -0.6597  -0.8286  -1.2374  -1.8181  -2.4538  -3.1313  -3.8787  -4.7475  -5.8171
 -7.2113  -9.1231 -11.8574 -15.8966 -22.0048 -31.3925 -36.9288 -36.9288 -36.9288
-36.9288 -36.9288
-50.0000  -0.6445  -0.6445  -0.6445  -0.6445  -0.6446  -0.6446  -0.6448  -0.6448
 -0.6451  -0.6453  -0.6457  -0.6461  -0.6464  -0.6458  -0.6429  -0.6361  -0.6298
 -0.6597  -0.8286  -1.2374  -1.8181  -2.4538  -3.1313  -3.8787  -4.7475  -5.8171
 -7.2113  -9.1231 -11.8574 -15.8966 -22.0048 -31.3925 -36.9288 -36.9288 -36.9288
-36.9288 -36.9288
-50.0000  -0.6445  -0.6445  -0.6445  -0.6445  -0.6446  -0.6446  -0.6447  -0.6448
 -0.6451  -0.6453  -0.6457  -0.6461  -0.6464  -0.6458  -0.6429  -0.6361  -0.6298
 -0.6597  -0.8286  -1.2374  -1.8181  -2.4538  -3.1313  -3.8787  -4.7475  -5.8171
 -7.2113  -9.1231 -11.8574 -15.8966 -22.0048 -31.3925 -36.9288 -36.9288 -36.9288
-36.9288 -36.9288
-50.0000  -0.6446  -0.6446  -0.6446  -0.6446  -0.6446  -0.6446  -0.6447  -0.6448
 -0.6451  -0.6453  -0.6457  -0.6461  -0.6464  -0.6458  -0.6429  -0.6361  -0.6298
 -0.6597  -0.8286  -1.2374  -1.8181  -2.4538  -3.1313  -3.8787  -4.7475  -5.8171
 -7.2113  -9.1231 -11.8574 -15.8966 -22.0048 -31.3925 -36.9288 -36.9288 -36.9288
-36.9288 -36.9288
-50.0000  -0.6451  -0.6451  -0.6451  -0.6451  -0.6451  -0.6452  -0.6452  -0.6454
 -0.6456  -0.6458  -0.6462  -0.6466  -0.6469  -0.6463  -0.6434  -0.6366  -0.6303
 -0.6602  -0.8291  -1.2379  -1.8186  -2.4543  -3.1318  -3.8792  -4.7480  -5.8176
 -7.2118  -9.1236 -11.8579 -15.8971 -22.0053 -31.3930 -36.9293 -36.9293 -36.9293
-36.9293 -36.9293
-61.0000  -0.6445  -0.6445  -0.6445  -0.6445  -0.6446  -0.6446  -0.6448  -0.6448
 -0.6451  -0.6453  -0.6457  -0.6461  -0.6464  -0.6458  -0.6429  -0.6361  -0.6298
 -0.6597  -0.8286  -1.2374  -1.8181  -2.4538  -3.1313  -3.8787  -4.7475  -5.8171
 -7.2113  -9.1231 -11.8574 -15.8966 -22.0048 -31.3925 -36.9288 -36.9288 -36.9288
-36.9288 -36.9288
-60.0000  -0.6445  -0.6445  -0.6445  -0.6445  -0.6446  -0.6446  -0.6448  -0.6448
 -0.6451  -0.6453  -0.6457  -0.6461  -0.6464  -0.6458  -0.6429  -0.6361  -0.6298
 -0.6597  -0.8286  -1.2374  -1.8181  -2.4538  -3.1313  -3.8787  -4.7475  -5.8171
 -7.2113  -9.1231 -11.8574 -15.8966 -22.0048 -31.3925 -36.9288 -36.9288 -36.9288
-36.9288 -36.9288
-60.0000  -0.6445  -0.6445  -0.6445  -0.6445  -0.6446  -0.6446  -0.6448  -0.6448
 -0.6451  -0.6453  -0.6457  -0.6461  -0.6464  -0.6458  -0.6429  -0.6361  -0.6298
 -0.6597  -0.8286  -1.2374  -1.8181  -2.4538  -3.1313  -3.8787  -4.7475  -5.8171
 -7.2113  -9.1231 -11.8574 -15.8966 -22.0048 -31.3925 -36.9288 -36.9288 -36.9288
-36.9288 -36.9288
-60.0000  -0.6445  -0.6445  -0.6445  -0.6445  -0.6446  -0.6446  -0.6448  -0.6448
 -0.6451  -0.6453  -0.6457  -0.6461  -0.6464  -0.6458  -0.6429  -0.6361  -0.6298
 -0.6597  -0.8286  -1.2374  -1.8181  -2.4538  -3.1313  -3.8787  -4.7475  -5.8171
 -7.2113  -9.1231 -11.8574 -15.8966 -22.0048 -31.3925 -36.9288 -36.9288 -36.9288
-36.9288 -36.9288
-60.0000  -0.6445  -0.6445  -0.6445  -0.6445  -0.6446  -0.6446  -0.6448  -0.6448
 -0.6451  -0.6453  -0.6457  -0.6461  -0.6464  -0.6458  -0.6429  -0.6361  -0.6298
 -0.6597  -0.8286  -1.2374  -1.8181  -2.4538  -3.1313  -3.8787  -4.7475  -5.8171
 -7.2113  -9.1231 -11.8574 -15.8966 -22.0048 -31.3925 -36.9288 -36.9288 -36.9288
-36.9288 -36.9288
-60.0000  -0.6445  -0.6445  -0.6445  -0.6445  -0.6446  -0.6446  -0.6448  -0.6448
 -0.6451  -0.6453  -0.6457  -0.6461  -0.6464  -0.6458  -0.6429  -0.6361  -0.6298
 -0.6597  -0.8286  -1.2374  -1.8181  -2.4538  -3.1313  -3.8787  -4.7475  -5.8171
 -7.2113  -9.1231 -11.8574 -15.8966 -22.0048 -31.3925 -36.9288 -36.9288 -36.9288
-36.9288 -36.9288
-60.0000  -0.6449  -0.6449  -0.6449  -0.6449  -0.6450  -0.6450  -0.6452  -0.6452
 -0.6455  -0.6457  -0.6461  -0.6465  -0.6468  -0.6462  -0.6433  -0.6365  -0.6302
 -0.6601  -0.8290  -1.2378  -1.8185  -2.4542  -3.1317  -3.8791  -4.7479  -5.8175
 -7.2117  -9.1235 -11.8578 -15.8970 -22.0052 -31.3929 -36.9292 -36.9292 -36.9292
-36.9292 -36.9292
-71.0000  -0.7157  -0.7157  -0.7157  -0.7157  -0.7158  -0.7158  -0.7160  -0.7160
 -0.7163  -0.7165  -0.7169  -0.7173  -0.7176  -0.7170  -0.7141  -0.7073  -0.7010
 -0.7309  -0.8998  -1.3086  -1.8893  -2.5250  -3.2025  -3.9499  -4.8187  -5.8883
 -7.2825  -9.1943 -11.9286 -15.9678 -22.0760 -31.4637 -37.0000 -37.0000 -37.0000
-37.0000 -37.0000
-70.0000  -0.7157  -0.7157  -0.7157  -0.7157  -0.7158  -0.7158  -0.7160  -0.7160
 -0.7163  -0.7165  -0.7169  -0.7173  -0.7176  -0.7170  -0.7141  -0.7073  -0.7010
 -0.7309  -0.8998  -1.3086  -1.8893  -2.5250  -3.2025  -3.9499  -4.8187  -5.8883
 -7.2825  -9.1943 -11.9286 -15.9678 -22.0760 -31.4637 -37.0000 -37.0000 -37.0000
-37.0000 -37.0000
-70.0000  -0.7157  -0.7157  -0.7157  -0.7157  -0.7158  -0.7158  -0.7160  -0.7160
 -0.7163  -0.7165  -0.7169  -0.7173  -0.7176  -0.7170  -0.7141  -0.7073  -0.7010
 -0.7309  -0.8998  -1.3086  -1.8893  -2.5250  -3.2025  -3.9499  -4.8187  -5.8883
 -7.2825  -9.1943 -11.9286 -15.9678 -22.0760 -31.4637 -37.0000 -37.0000 -37.0000
-37.0000 -37.0000
-70.0000  -0.7157  -0.7157  -0.7157  -0.7157  -0.7158  -0.7158  -0.7160  -0.7160
 -0.7163  -0.7165  -0.7169  -0.7173  -0.7176  -0.7170  -0.7141  -0.7073  -0.7010
 -0.7309  -0.8998  -1.3086  -1.8893  -2.5250  -3.2025  -3.9499  -4.8187  -5.8883
 -7.2825  -9.1943 -11.9286 -15.9678 -22.0760 -31.4637 -37.0000 -37.0000 -37.0000
-37.0000 -37.0000
-70.0000  -0.7157  -0.7157  -0.7157  -0.7157  -0.7158  -0.7158  -0.7160  -0.7160
 -0.7163  -0.7165  -0.7169  -0.7173  -0.7176  -0.7170  -0.7141  -0.7073  -0.7010
 -0.7309  -0.8998  -1.3086  -1.8893  -2.5250  -3.2025  -3.9499  -4.8187  -5.8883
 -7.2825  -9.1943 -11.9286 -15.9678 -22.0760 -31.4637 -37.0000 -37.0000 -37.0000
-37.0000 -37.0000
-70.0000  -0.7157  -0.7157  -0.7157  -0.7157  -0.7158  -0.7158  -0.7160  -0.7160
 -0.7163  -0.7165  -0.7169  -0.7173  -0.7176  -0.7170  -0.7141  -0.7073  -0.7010
 -0.7309  -0.8998  -1.3086  -1.8893  -2.5250  -3.2025  -3.9499  -4.8187  -5.8883
 -7.2825  -9.1943 -11.9286 -15.9678 -22.0760 -31.4637 -37.0000 -37.0000 -37.0000
-37.0000 -37.0000
-70.0000  -0.7157  -0.7157  -0.7157  -0.7157  -0.7158  -0.7158  -0.7160  -0.7160
 -0.7163  -0.7165  -0.7169  -0.7173  -0.7176  -0.7170  -0.7141  -0.7073  -0.7010
 -0.7309  -0.8998  -1.3086  -1.8893  -2.5250  -3.2025  -3.9499  -4.8187  -5.8883
 -7.2825  -9.1943 -11.9286 -15.9678 -22.0760 -31.4637 -37.0000 -37.0000 -37.0000
-37.0000 -37.0000
-81.0000  -0.7157  -0.7157  -0.7157  -0.7157  -0.7158  -0.7158  -0.7160  -0.7160
 -0.7163  -0.7165  -0.7169  -0.7173  -0.7176  -0.7170  -0.7141  -0.7073  -0.7010
 -0.7309  -0.8998  -1.3086  -1.8893  -2.5250  -3.2025  -3.9499  -4.8187  -5.8883
 -7.2825  -9.1943 -11.9286 -15.9678 -22.0760 -31.4637 -37.0000 -37.0000 -37.0000
-37.0000 -37.0000
-80.0000  -0.7157  -0.7157  -0.7157  -0.7157  -0.7158  -0.7158  -0.7160  -0.7160
 -0.7163  -0.7165  -0.7169  -0.7173  -0.7176  -0.7170  -0.7141  -0.7073  -0.7010
 -0.7309  -0.8998  -1.3086  -1.8893  -2.5250  -3.2025  -3.9499  -4.8187  -5.8883
 -7.2825  -9.1943 -11.9286 -15.9678 -22.0760 -31.4637 -37.0000 -37.0000 -37.0000
-37.0000 -37.0000
-80.0000  -0.7157  -0.7157  -0.7157  -0.7157  -0.7158  -0.7158  -0.7160  -0.7160
 -0.7163  -0.7165  -0.7169  -0.7173  -0.7176  -0.7170  -0.7141  -0.7073  -0.7010
 -0.7309  -0.8998  -1.3086  -1.8893  -2.5250  -3.2025  -3.9499  -4.8187  -5.8883
 -7.2825  -9.1943 -11.9286 -15.9678 -22.0760 -31.4637 -37.0000 -37.0000 -37.0000
-37.0000 -37.0000
-80.0000  -0.7157  -0.7157  -0.7157  -0.7157  -0.7158  -0.7158  -0.7160  -0.7160
 -0.7163  -0.7165  -0.7169  -0.7173  -0.7176  -0.7170  -0.7141  -0.7073  -0.7010
 -0.7309  -0.8998  -1.3086  -1.8893  -2.5250  -3.2025  -3.9499  -4.8187  -5.8883
 -7.2825  -9.1943 -11.9286 -15.9678 -22.0760 -31.4637 -37.0000 -37.0000 -37.0000
-37.0000 -37.0000
-80.0000  -0.7157  -0.7157  -0.7157  -0.7157  -0.7158  -0.7158  -0.7160  -0.7160
 -0.7163  -0.7165  -0.7169  -0.7173  -0.7176  -0.7170  -0.7141  -0.7073  -0.7010
 -0.7309  -0.8998  -1.3086  -1.8893  -2.5250  -3.2025  -3.9499  -4.8187  -5.8883
 -7.2825  -9.1943 -11.9286 -15.9678 -22.0760 -31.4637 -37.0000 -37.0000 -37.0000
-37.0000 -37.0000
-80.0000  -0.7157  -0.7157  -0.7157  -0.7157  -0.7158  -0.7158  -0.7160  -0.7160
 -0.7163  -0.7165  -0.7169  -0.7173  -0.7176  -0.7170  -0.7141  -0.7073  -0.7010
 -0.7309  -0.8998  -1.3086  -1.8893  -2.5250  -3.2025  -3.9499  -4.8187  -5.8883
 -7.2825  -9.1943 -11.9286 -15.9678 -22.0760 -31.4637 -37.0000 -37.0000 -37.0000
-37.0000 -37.0000
-80.0000  -0.7157  -0.7157  -0.7157  -0.7157  -0.7158  -0.7158  -0.7160  -0.7160
 -0.7163  -0.7165  -0.7169  -0.7173  -0.7176  -0.7170  -0.7141  -0.7073  -0.7010
 -0.7309  -0.8998  -1.3086  -1.8893  -2.5250  -3.2025  -3.9499  -4.8187  -5.8883
 -7.2825  -9.1943 -11.9286 -15.9678 -22.0760 -31.4637 -37.0000 -37.0000 -37.0000
-37.0000 -37.0000
