          19
           3           4  -2.60000000000000        10.0000000000000     
   3.39794000000000       0.200000000000000       0.500000000000000     
  0.301030000000000               38          17           7
           3           5  -2.60000000000000        10.0000000000000     
   3.39794000000000       0.200000000000000       0.500000000000000     
  0.301030000000000               38          17           7
           3           6  -2.20000000000000        10.0000000000000     
   3.39794000000000       0.200000000000000       0.500000000000000     
  0.301030000000000               36          17           7
           3           7  -2.00000000000000        10.0000000000000     
   3.39794000000000       0.200000000000000       0.500000000000000     
  0.301030000000000               35          17           7
           3           8  -2.00000000000000        10.0000000000000     
   3.39794000000000       0.200000000000000       0.500000000000000     
  0.301030000000000               35          17           7
           3           9  -1.60000002384186        10.0000000000000     
   3.39794000000000       0.200000000000000       0.500000000000000     
  0.301030000000000               35          17           7
           3          10  -1.60000002384186        10.0000000000000     
   3.39794000000000       0.200000000000000       0.500000000000000     
  0.301030000000000               35          17           7
           3          11  -1.60000002384186        10.0000000000000     
   3.39794000000000       0.200000000000000       0.500000000000000     
  0.301030000000000               35          17           7
           3          12  -1.60000002384186        10.0000000000000     
   3.39794000000000       0.200000000000000       0.500000000000000     
  0.301030000000000               35          17           7
           3          13  -1.60000002384186        10.0000000000000     
   3.39794000000000       0.200000000000000       0.500000000000000     
  0.301030000000000               35          17           7
           3          14  -1.85513000000000        10.0000000000000     
   3.39794000000000       0.200000000000000       0.500000000000000     
  0.301030000000000               44          17           7
           3          15  -1.60000002384186        10.0000000000000     
   3.39794000000000       0.200000000000000       0.500000000000000     
  0.301030000000000               35          17           7
           3          16  -1.60000002384186        10.0000000000000     
   3.39794000000000       0.200000000000000       0.500000000000000     
  0.301030000000000               35          17           7
           3          17  -1.60000002384186        10.0000000000000     
   3.39794000000000       0.200000000000000       0.500000000000000     
  0.301030000000000               35          17           7
           3          18  -1.60000002384186        10.0000000000000     
   3.39794000000000       0.200000000000000       0.500000000000000     
  0.301030000000000               35          17           7
           3          19  -1.60000002384186        10.0000000000000     
   3.39794000000000       0.200000000000000       0.500000000000000     
  0.301030000000000               35          17           7
           3          20  -1.60000002384186        10.0000000000000     
   3.39794000000000       0.200000000000000       0.500000000000000     
  0.301030000000000               35          17           7
           3          21  -1.60000002384186        10.0000000000000     
   3.39794000000000       0.200000000000000       0.500000000000000     
  0.301030000000000               35          17           7
           3          22  -1.60000002384186        10.0000000000000     
   3.39794000000000       0.200000000000000       0.500000000000000     
  0.301030000000000               35          17           7
nl= 3 nu= 4
  0.0000  -2.1107  -2.1107  -2.1107  -2.1107  -2.1107  -2.1107  -2.1107  -2.1107
 -2.1107  -2.1107  -2.1107  -2.1107  -2.1107  -2.1108  -2.1109  -2.1113  -2.1121
 -2.1143  -2.1197  -2.1334  -2.1678  -2.2541  -2.4709  -3.0153  -4.3803  -7.0282
 -7.6300  -8.1175  -8.5921  -9.0632  -9.5360 -10.0144 -10.5005 -10.9945 -11.4943
-11.9974 -12.5015 -13.0213
  0.0000  -2.2620  -2.2620  -2.2620  -2.2620  -2.2620  -2.2620  -2.2620  -2.2620
 -2.2620  -2.2620  -2.2620  -2.2620  -2.2620  -2.2621  -2.2621  -2.2623  -2.2627
 -2.2638  -2.2666  -2.2734  -2.2906  -2.3337  -2.4422  -2.7145  -3.3985  -5.1121
 -7.6212  -8.1420  -8.6260  -9.0995  -9.5698 -10.0415 -10.5184 -11.0029 -11.4956
-11.9946 -12.4974 -13.0175
  0.0000  -2.3907  -2.3907  -2.3907  -2.3907  -2.3907  -2.3907  -2.3907  -2.3907
 -2.3907  -2.3907  -2.3907  -2.3907  -2.3907  -2.3907  -2.3908  -2.3909  -2.3911
 -2.3916  -2.3930  -2.3964  -2.4050  -2.4266  -2.4808  -2.6170  -2.9591  -3.8183
 -5.9658  -8.1256  -8.6299  -9.1116  -9.5842 -10.0537 -10.5244 -10.9997 -11.4825
-11.9738 -12.4721 -12.9904
  0.0000  -2.5407  -2.5407  -2.5407  -2.5407  -2.5407  -2.5407  -2.5407  -2.5407
 -2.5407  -2.5407  -2.5407  -2.5407  -2.5407  -2.5407  -2.5407  -2.5408  -2.5409
 -2.5412  -2.5418  -2.5436  -2.5478  -2.5586  -2.5858  -2.6539  -2.8249  -3.2547
 -4.3339  -7.0077  -8.6391  -9.1371  -9.6169 -10.0888 -10.5578 -11.0275 -11.5017
-11.9831 -12.4732 -12.9865
  0.0000  -2.6915  -2.6915  -2.6915  -2.6915  -2.6915  -2.6915  -2.6915  -2.6915
 -2.6915  -2.6915  -2.6915  -2.6915  -2.6915  -2.6915  -2.6915  -2.6915  -2.6916
 -2.6917  -2.6921  -2.6929  -2.6951  -2.7005  -2.7140  -2.7481  -2.8336  -3.0485
 -3.5882  -4.9437  -8.2104  -9.1488  -9.6417 -10.1199 -10.5913 -11.0598 -11.5291
-12.0028 -12.4838 -12.9891
  0.0000  -2.8418  -2.8418  -2.8418  -2.8418  -2.8418  -2.8418  -2.8418  -2.8418
 -2.8418  -2.8418  -2.8418  -2.8418  -2.8418  -2.8418  -2.8418  -2.8418  -2.8418
 -2.8419  -2.8421  -2.8425  -2.8436  -2.8463  -2.8530  -2.8701  -2.9128  -3.0203
 -3.2902  -3.9681  -5.6704  -9.0792  -9.6520 -10.1406 -10.6173 -11.0882 -11.5570
-12.0270 -12.5015 -12.9992
  0.0000  -2.9924  -2.9924  -2.9924  -2.9924  -2.9924  -2.9924  -2.9924  -2.9924
 -2.9924  -2.9924  -2.9924  -2.9924  -2.9924  -2.9924  -2.9924  -2.9924  -2.9924
 -2.9924  -2.9925  -2.9927  -2.9933  -2.9946  -2.9980  -3.0065  -3.0279  -3.0816
 -3.2166  -3.5555  -4.4069  -6.5444  -9.6396 -10.1475 -10.6325 -11.1080 -11.5792
-12.0495 -12.5214 -13.0144
  0.0000  -1.7564  -1.7564  -1.7564  -1.7564  -1.7564  -1.7564  -1.7564  -1.7564
 -1.7564  -1.7564  -1.7565  -1.7565  -1.7566  -1.7569  -1.7575  -1.7591  -1.7631
 -1.7731  -1.7984  -1.8618  -2.0210  -2.4208  -3.4228  -5.6994  -6.6143  -7.1109
 -7.5891  -8.0606  -8.5313  -9.0057  -9.4868  -9.9759 -10.4725 -10.9739 -11.4776
-11.9977 -12.5198 -13.0385
  0.0000  -1.9071  -1.9071  -1.9071  -1.9071  -1.9071  -1.9071  -1.9071  -1.9071
 -1.9071  -1.9071  -1.9071  -1.9071  -1.9071  -1.9073  -1.9076  -1.9084  -1.9104
 -1.9154  -1.9280  -1.9598  -2.0395  -2.2396  -2.7422  -4.0015  -6.4915  -7.1274
 -7.6190  -8.0955  -8.5662  -9.0363  -9.5095  -9.9892 -10.4771 -10.9725 -11.4735
-11.9929 -12.5157 -13.0354
  0.0000  -2.0568  -2.0568  -2.0568  -2.0568  -2.0568  -2.0568  -2.0568  -2.0568
 -2.0568  -2.0568  -2.0568  -2.0569  -2.0569  -2.0569  -2.0571  -2.0575  -2.0585
 -2.0610  -2.0673  -2.0832  -2.1231  -2.2232  -2.4747  -3.1064  -4.6875  -7.1063
 -7.6377  -8.1256  -8.6009  -9.0711  -9.5404 -10.0125 -10.4907 -10.9771 -11.4716
-11.9877 -12.5096 -13.0300
  0.0000  -2.2076  -2.2076  -2.2076  -2.2076  -2.2076  -2.2076  -2.2076  -2.2076
 -2.2076  -2.2076  -2.2076  -2.2076  -2.2076  -2.2076  -2.2077  -2.2079  -2.2084
 -2.2096  -2.2128  -2.2207  -2.2407  -2.2908  -2.4166  -2.7326  -3.5262  -5.5079
 -7.6362  -8.1464  -8.6314  -9.1060  -9.5757 -10.0443 -10.5154 -10.9925 -11.4778
-11.9870 -12.5052 -13.0246
  0.0000  -2.3581  -2.3581  -2.3581  -2.3581  -2.3581  -2.3581  -2.3581  -2.3581
 -2.3581  -2.3581  -2.3581  -2.3581  -2.3581  -2.3581  -2.3582  -2.3583  -2.3585
 -2.3592  -2.3607  -2.3647  -2.3747  -2.3997  -2.4626  -2.6207  -3.0176  -4.0145
 -6.4839  -8.1489  -8.6513  -9.1339  -9.6076 -10.0769 -10.5453 -11.0163 -11.4929
-11.9937 -12.5049 -13.0203
  0.0000  -2.5087  -2.5087  -2.5087  -2.5087  -2.5087  -2.5087  -2.5087  -2.5087
 -2.5087  -2.5087  -2.5087  -2.5087  -2.5087  -2.5087  -2.5087  -2.5088  -2.5089
 -2.5092  -2.5100  -2.5120  -2.5170  -2.5295  -2.5610  -2.6400  -2.8385  -3.3371
 -4.5893  -7.5838  -8.6547  -9.1510  -9.6312 -10.1041 -10.5735 -11.0425 -11.5143
-12.0082 -12.5116 -13.0203
  0.0000  -2.6586  -2.6586  -2.6586  -2.6586  -2.6586  -2.6586  -2.6586  -2.6586
 -2.6586  -2.6586  -2.6586  -2.6586  -2.6586  -2.6586  -2.6586  -2.6586  -2.6587
 -2.6589  -2.6592  -2.6602  -2.6627  -2.6690  -2.6847  -2.7242  -2.8235  -3.0728
 -3.6991  -5.2716  -8.5439  -9.1514  -9.6423 -10.1208 -10.5934 -11.0638 -11.5346
-12.0255 -12.5232 -13.0252
  0.0000  -1.4245  -1.4245  -1.4245  -1.4245  -1.4245  -1.4245  -1.4245  -1.4245
 -1.4246  -1.4246  -1.4247  -1.4248  -1.4253  -1.4265  -1.4294  -1.4368  -1.4552
 -1.5017  -1.6182  -1.9109  -2.6433  -4.3833  -5.6132  -6.1236  -6.6070  -7.0803
 -7.5503  -8.0217  -8.4981  -8.9819  -9.4740  -9.9725 -10.4751 -10.9950 -11.4992
-12.0211 -12.5955 -13.2785
  0.0000  -1.5712  -1.5712  -1.5712  -1.5712  -1.5712  -1.5712  -1.5712  -1.5712
 -1.5712  -1.5713  -1.5713  -1.5714  -1.5716  -1.5722  -1.5737  -1.5774  -1.5866
 -1.6099  -1.6684  -1.8152  -2.1838  -3.1064  -5.1930  -6.1265  -6.6286  -7.1097
 -7.5821  -8.0515  -8.5222  -8.9974  -9.4801  -9.9711 -10.4690 -10.9870 -11.4913
-12.0140 -12.5891 -13.2718
  0.0000  -1.7252  -1.7252  -1.7252  -1.7252  -1.7252  -1.7252  -1.7252  -1.7252
 -1.7252  -1.7252  -1.7252  -1.7252  -1.7254  -1.7256  -1.7264  -1.7282  -1.7329
 -1.7445  -1.7738  -1.8474  -2.0321  -2.4958  -3.6563  -5.9761  -6.6436  -7.1398
 -7.6191  -8.0909  -8.5599  -9.0297  -9.5039  -9.9852 -10.4750 -10.9879 -11.4901
-12.0128 -12.5882 -13.2705
  0.0000  -1.8746  -1.8746  -1.8746  -1.8746  -1.8746  -1.8746  -1.8746  -1.8746
 -1.8746  -1.8746  -1.8746  -1.8747  -1.8747  -1.8749  -1.8752  -1.8761  -1.8785
 -1.8843  -1.8990  -1.9358  -2.0282  -2.2604  -2.8435  -4.3013  -6.6027  -7.1527
 -7.6445  -8.1224  -8.5938  -9.0624  -9.5316 -10.0048 -10.4852 -10.9898 -11.4865
-12.0067 -12.5813 -13.2624
  0.0000  -2.0268  -2.0268  -2.0268  -2.0268  -2.0268  -2.0268  -2.0268  -2.0268
 -2.0269  -2.0269  -2.0269  -2.0269  -2.0269  -2.0270  -2.0272  -2.0276  -2.0288
 -2.0317  -2.0390  -2.0574  -2.1037  -2.2199  -2.5117  -3.2445  -5.0720  -7.1424
 -7.6605  -8.1487  -8.6254  -9.0963  -9.5646 -10.0336 -10.5067 -11.0030 -11.4915
-12.0062 -12.5775 -13.2558
  0.0000  -2.1754  -2.1754  -2.1754  -2.1754  -2.1754  -2.1754  -2.1754  -2.1754
 -2.1754  -2.1754  -2.1754  -2.1754  -2.1754  -2.1754  -2.1755  -2.1757  -2.1763
 -2.1778  -2.1814  -2.1906  -2.2138  -2.2719  -2.4179  -2.7845  -3.7052  -5.9832
 -7.6524  -8.1588  -8.6438  -9.1192  -9.5898 -10.0586 -10.5286 -11.0196 -11.5002
-12.0075 -12.5733 -13.2465
  0.0000  -2.3259  -2.3259  -2.3259  -2.3259  -2.3259  -2.3259  -2.3259  -2.3259
 -2.3259  -2.3259  -2.3259  -2.3259  -2.3259  -2.3260  -2.3260  -2.3261  -2.3264
 -2.3271  -2.3290  -2.3336  -2.3451  -2.3742  -2.4472  -2.6306  -3.0912  -4.2477
 -7.0227  -8.1529  -8.6516  -9.1337  -9.6083 -10.0794 -10.5497 -11.0393 -11.5149
-12.0162 -12.5761 -13.2436
  0.0000  -1.0957  -1.0957  -1.0957  -1.0957  -1.0957  -1.0957  -1.0957  -1.0958
 -1.0958  -1.0960  -1.0963  -1.0971  -1.0993  -1.1046  -1.1180  -1.1517  -1.2363
 -1.4484  -1.9778  -3.2448  -4.5964  -5.1325  -5.6236  -6.1004  -6.5712  -7.0409
 -7.5133  -7.9919  -8.4786  -8.9730  -9.4733  -9.9767 -10.4968 -11.0192 -11.5382
-12.2731 -12.7889 -13.2912
  0.0000  -1.2425  -1.2425  -1.2425  -1.2425  -1.2425  -1.2425  -1.2425  -1.2425
 -1.2425  -1.2426  -1.2428  -1.2432  -1.2443  -1.2470  -1.2537  -1.2707  -1.3134
 -1.4204  -1.6891  -2.3601  -3.9357  -5.1226  -5.6407  -6.1279  -6.6033  -7.0736
 -7.5428  -8.0145  -8.4922  -8.9779  -9.4716  -9.9715 -10.4906 -11.0134 -11.5333
-12.2675 -12.7845 -13.2879
  0.0000  -1.3923  -1.3923  -1.3923  -1.3923  -1.3923  -1.3923  -1.3923  -1.3923
 -1.3923  -1.3924  -1.3925  -1.3927  -1.3932  -1.3946  -1.3980  -1.4065  -1.4279
 -1.4817  -1.6169  -1.9561  -2.8036  -4.7026  -5.6415  -6.1494  -6.6340  -7.1085
 -7.5783  -8.0470  -8.5179  -8.9945  -9.4791  -9.9721 -10.4873 -11.0088 -11.5292
-12.2620 -12.7809 -13.2856
  0.0000  -1.5424  -1.5424  -1.5424  -1.5424  -1.5424  -1.5424  -1.5424  -1.5424
 -1.5424  -1.5424  -1.5424  -1.5425  -1.5428  -1.5435  -1.5452  -1.5495  -1.5602
 -1.5872  -1.6550  -1.8253  -2.2527  -3.3204  -5.4603  -6.1547  -6.6557  -7.1381
 -7.6119  -8.0814  -8.5496  -9.0200  -9.4957  -9.9796 -10.4877 -11.0050 -11.5241
-12.2542 -12.7748 -13.2815
  0.0000  -1.6923  -1.6923  -1.6922  -1.6922  -1.6923  -1.6923  -1.6923  -1.6923
 -1.6923  -1.6923  -1.6923  -1.6923  -1.6925  -1.6928  -1.6937  -1.6958  -1.7012
 -1.7147  -1.7487  -1.8340  -2.0483  -2.5861  -3.9284  -6.0960  -6.6626  -7.1581
 -7.6386  -8.1116  -8.5808  -9.0490  -9.5194  -9.9953 -10.4951 -11.0054 -11.5201
-12.2455 -12.7667 -13.2753
  0.0000  -1.8454  -1.8454  -1.8454  -1.8454  -1.8454  -1.8454  -1.8454  -1.8454
 -1.8455  -1.8455  -1.8455  -1.8455  -1.8456  -1.8457  -1.8462  -1.8472  -1.8499
 -1.8567  -1.8737  -1.9164  -2.0237  -2.2931  -2.9693  -4.6525  -6.6440  -7.1674
 -7.6582  -8.1368  -8.6093  -9.0786  -9.5476 -10.0192 -10.5129 -11.0156 -11.5237
-12.2430 -12.7620 -13.2713
  0.0000  -1.9921  -1.9921  -1.9921  -1.9921  -1.9921  -1.9921  -1.9921  -1.9921
 -1.9921  -1.9921  -1.9921  -1.9921  -1.9921  -1.9922  -1.9924  -1.9930  -1.9943
 -1.9977  -2.0062  -2.0276  -2.0812  -2.2160  -2.5546  -3.4046  -5.5029  -7.1478
 -7.6575  -8.1443  -8.6213  -9.0937  -9.5642 -10.0351 -10.5260 -11.0237 -11.5255
-12.2396 -12.7536 -13.2616
  0.0000  -0.7739  -0.7739  -0.7739  -0.7739  -0.7739  -0.7739  -0.7739  -0.7740
 -0.7743  -0.7749  -0.7764  -0.7801  -0.7896  -0.8135  -0.8733  -1.0231  -1.3950
 -2.2780  -3.5344  -4.1322  -4.6362  -5.1185  -5.5918  -6.0613  -6.5313  -7.0054
 -7.4862  -7.9754  -8.4720  -8.9736  -9.4933 -10.0160 -10.5356 -11.1841 -11.7829
-12.2896 -12.7912 -13.2922
  0.0000  -0.9223  -0.9223  -0.9223  -0.9223  -0.9223  -0.9223  -0.9223  -0.9223
 -0.9225  -0.9228  -0.9235  -0.9255  -0.9303  -0.9425  -0.9731  -1.0499  -1.2423
 -1.7210  -2.8487  -4.1007  -4.6508  -5.1474  -5.6273  -6.0996  -6.5687  -7.0382
 -7.5116  -7.9919  -8.4803  -8.9765  -9.4936 -10.0158 -10.5361 -11.1846 -11.7838
-12.2918 -12.7943 -13.2959
  0.0000  -1.0626  -1.0626  -1.0626  -1.0626  -1.0626  -1.0626  -1.0626  -1.0626
 -1.0627  -1.0628  -1.0632  -1.0642  -1.0666  -1.0728  -1.0884  -1.1273  -1.2252
 -1.4705  -2.0815  -3.4936  -4.6285  -5.1553  -5.6470  -6.1253  -6.5970  -7.0657
 -7.5348  -8.0074  -8.4867  -8.9745  -9.4858 -10.0052 -10.5250 -11.1727 -11.7725
-12.2821 -12.7859 -13.2884
  0.0000  -1.2107  -1.2107  -1.2107  -1.2107  -1.2107  -1.2107  -1.2107  -1.2107
 -1.2107  -1.2108  -1.2110  -1.2115  -1.2128  -1.2159  -1.2237  -1.2434  -1.2928
 -1.4168  -1.7279  -2.5030  -4.2157  -5.1486  -5.6628  -6.1510  -6.6280  -7.0993
 -7.5677  -8.0363  -8.5083  -8.9872  -9.4902 -10.0035 -10.5203 -11.1657 -11.7654
-12.2769 -12.7824 -13.2860
  0.0000  -1.3605  -1.3605  -1.3605  -1.3605  -1.3605  -1.3605  -1.3605  -1.3605
 -1.3605  -1.3605  -1.3606  -1.3609  -1.3615  -1.3631  -1.3670  -1.3769  -1.4017
 -1.4642  -1.6208  -2.0138  -2.9931  -4.9462  -5.6614  -6.1670  -6.6523  -7.1281
 -7.5989  -8.0672  -8.5359  -9.0082  -9.5035 -10.0088 -10.5195 -11.1603 -11.7578
-12.2707 -12.7781 -13.2835
  0.0000  -1.5325  -1.5325  -1.5325  -1.5325  -1.5325  -1.5325  -1.5325  -1.5325
 -1.5325  -1.5325  -1.5326  -1.5327  -1.5330  -1.5338  -1.5358  -1.5407  -1.5532
 -1.5845  -1.6631  -1.8606  -2.3560  -3.5891  -5.6099  -6.1885  -6.6872  -7.1697
 -7.6445  -8.1150  -8.5839  -9.0538  -9.5444 -10.0429 -10.5462 -11.1808 -11.7736
-12.2858 -12.7945 -13.3015
  0.0000  -1.6598  -1.6598  -1.6598  -1.6598  -1.6598  -1.6598  -1.6598  -1.6598
 -1.6598  -1.6599  -1.6599  -1.6599  -1.6601  -1.6605  -1.6615  -1.6640  -1.6702
 -1.6859  -1.7253  -1.8242  -2.0728  -2.6963  -4.2436  -6.1324  -6.6619  -7.1546
 -7.6347  -8.1090  -8.5801  -9.0506  -9.5402 -10.0349 -10.5324 -11.1620 -11.7486
-12.2578 -12.7663 -13.2744
  0.0000  -0.4753  -0.4753  -0.4753  -0.4753  -0.4754  -0.4754  -0.4756  -0.4760
 -0.4770  -0.4795  -0.4859  -0.5019  -0.5419  -0.6416  -0.8869  -1.4581  -2.4252
 -3.1172  -3.6430  -4.1360  -4.6149  -5.0866  -5.5560  -6.0267  -6.5023  -6.9855
 -7.4769  -7.9752  -8.4934  -8.9978  -9.5205 -10.0955 -10.7782 -11.2911 -11.7934
-12.2948 -12.7957 -13.2963
  0.0000  -0.6066  -0.6066  -0.6066  -0.6066  -0.6066  -0.6067  -0.6067  -0.6070
 -0.6075  -0.6088  -0.6122  -0.6206  -0.6416  -0.6945  -0.8264  -1.1520  -1.9094
 -3.0168  -3.6393  -4.1522  -4.6398  -5.1161  -5.5867  -6.0555  -6.5258  -7.0010
 -7.4838  -7.9749  -8.4887  -8.9914  -9.5141 -10.0894 -10.7718 -11.2859 -11.7895
-12.2916 -12.7930 -13.2939
  0.0000  -0.7460  -0.7460  -0.7460  -0.7460  -0.7460  -0.7460  -0.7461  -0.7462
 -0.7464  -0.7471  -0.7489  -0.7532  -0.7642  -0.7916  -0.8605  -1.0327  -1.4586
 -2.4423  -3.5898  -4.1578  -4.6609  -5.1447  -5.6196  -6.0896  -6.5580  -7.0279
 -7.5025  -7.9846  -8.4909  -8.9890  -9.5098 -10.0846 -10.7660 -11.2820 -11.7869
-12.2902 -12.7924 -13.2938
  0.0000  -0.8844  -0.8844  -0.8844  -0.8844  -0.8844  -0.8844  -0.8844  -0.8845
 -0.8846  -0.8850  -0.8859  -0.8881  -0.8937  -0.9078  -0.9431  -1.0318  -1.2538
 -1.8040  -3.0505  -4.1274  -4.6647  -5.1612  -5.6428  -6.1167  -6.5863  -7.0543
 -7.5238  -7.9981  -8.4959  -8.9862  -9.5022 -10.0744 -10.7535 -11.2711 -11.7780
-12.2826 -12.7859 -13.2881
  0.0000  -1.0323  -1.0323  -1.0323  -1.0323  -1.0323  -1.0324  -1.0324  -1.0324
 -1.0325  -1.0326  -1.0331  -1.0342  -1.0371  -1.0442  -1.0622  -1.1073  -1.2205
 -1.5041  -2.2077  -3.7334  -4.6518  -5.1725  -5.6643  -6.1439  -6.6169  -7.0862
 -7.5543  -8.0241  -8.5155  -8.9974  -9.5062 -10.0732 -10.7477 -11.2655 -11.7741
-12.2806 -12.7852 -13.2884
  0.0000  -1.1787  -1.1787  -1.1787  -1.1787  -1.1787  -1.1787  -1.1787  -1.1787
 -1.1787  -1.1788  -1.1790  -1.1796  -1.1810  -1.1847  -1.1937  -1.2165  -1.2738
 -1.4174  -1.7775  -2.6709  -4.4316  -5.1609  -5.6706  -6.1582  -6.6359  -7.1082
 -7.5777  -8.0467  -8.5355  -9.0112  -9.5130 -10.0737 -10.7420 -11.2572 -11.7661
-12.2742 -12.7804 -13.2847
  0.0000  -1.3498  -1.3498  -1.3498  -1.3498  -1.3498  -1.3498  -1.3498  -1.3498
 -1.3498  -1.3498  -1.3500  -1.3502  -1.3510  -1.3528  -1.3573  -1.3688  -1.3976
 -1.4699  -1.6515  -2.1067  -3.2350  -5.0895  -5.6830  -6.1840  -6.6681  -7.1444
 -7.6169  -8.0876  -8.5768  -9.0496  -9.5469 -10.1026 -10.7655 -11.2757 -11.7831
-12.2916 -12.7990 -13.3045
  0.0000  -0.2080  -0.2080  -0.2080  -0.2080  -0.2081  -0.2084  -0.2090  -0.2106
 -0.2145  -0.2244  -0.2492  -0.3104  -0.4586  -0.7925  -1.3897  -2.0579  -2.6264
 -3.1373  -3.6253  -4.1034  -4.5757  -5.0455  -5.5174  -5.9947  -6.4798  -6.9731
 -7.4728  -7.9918  -8.5146  -9.0345  -9.7687 -10.2858 -10.7893 -11.2912 -11.7925
-12.2933 -12.7938 -13.2941
  0.0000  -0.3227  -0.3227  -0.3227  -0.3227  -0.3228  -0.3229  -0.3233  -0.3241
 -0.3263  -0.3316  -0.3451  -0.3788  -0.4623  -0.6654  -1.1246  -1.9042  -2.6009
 -3.1447  -3.6460  -4.1305  -4.6058  -5.0761  -5.5451  -6.0165  -6.4937  -6.9788
 -7.4722  -7.9876  -8.5092  -9.0295  -9.7624 -10.2812 -10.7858 -11.2888 -11.7907
-12.2919 -12.7927 -13.2932
  0.0000  -0.4471  -0.4471  -0.4471  -0.4471  -0.4471  -0.4472  -0.4474  -0.4478
 -0.4490  -0.4519  -0.4591  -0.4773  -0.5227  -0.6358  -0.9118  -1.5373  -2.4856
 -3.1364  -3.6608  -4.1552  -4.6358  -5.1090  -5.5783  -6.0468  -6.5178  -6.9946
 -7.4795  -7.9884  -8.5064  -9.0256  -9.7561 -10.2765 -10.7829 -11.2871 -11.7900
-12.2920 -12.7932 -13.2939
  0.0000  -0.5770  -0.5770  -0.5770  -0.5770  -0.5770  -0.5770  -0.5771  -0.5774
 -0.5780  -0.5795  -0.5833  -0.5929  -0.6171  -0.6776  -0.8283  -1.1979  -2.0308
 -3.0677  -3.6582  -4.1696  -4.6584  -5.1364  -5.6084  -6.0772  -6.5454  -7.0161
 -7.4929  -7.9937  -8.5050  -9.0205  -9.7467 -10.2679 -10.7763 -11.2823 -11.7863
-12.2893 -12.7911 -13.2923
  0.0000  -0.7125  -0.7125  -0.7125  -0.7125  -0.7125  -0.7125  -0.7126  -0.7127
 -0.7130  -0.7138  -0.7158  -0.7208  -0.7334  -0.7650  -0.8442  -1.0420  -1.5284
 -2.6042  -3.6188  -4.1696  -4.6713  -5.1561  -5.6323  -6.1035  -6.5720  -7.0405
 -7.5120  -8.0059  -8.5095  -9.0185  -9.7386 -10.2583 -10.7676 -11.2754 -11.7812
-12.2851 -12.7879 -13.2897
  0.0000  -0.8564  -0.8564  -0.8564  -0.8564  -0.8564  -0.8564  -0.8564  -0.8565
 -0.8566  -0.8571  -0.8581  -0.8607  -0.8671  -0.8834  -0.9242  -1.0265  -1.2823
 -1.9127  -3.2485  -4.1468  -4.6749  -5.1696  -5.6513  -6.1262  -6.5970  -7.0661
 -7.5359  -8.0263  -8.5237  -9.0257  -9.7398 -10.2544 -10.7627 -11.2714 -11.7788
-12.2841 -12.7877 -13.2903
  0.0000  -0.9957  -0.9957  -0.9957  -0.9957  -0.9957  -0.9957  -0.9957  -0.9957
 -0.9958  -0.9960  -0.9966  -0.9979  -1.0012  -1.0094  -1.0302  -1.0824  -1.2133
 -1.5408  -2.3483  -3.9115  -4.6492  -5.1626  -5.6520  -6.1312  -6.6053  -7.0769
 -7.5475  -8.0373  -8.5318  -9.0287  -9.7393 -10.2473 -10.7523 -11.2606 -11.7687
-12.2752 -12.7799 -13.2830
  0.0000   0.0104   0.0104   0.0103   0.0102   0.0098   0.0089   0.0065   0.0007
 -0.0140  -0.0501  -0.1365  -0.3260  -0.6562  -1.0783  -1.5892  -2.1184  -2.6267
 -3.1157  -3.5930  -4.0662  -4.5381  -5.0112  -5.4902  -5.9770  -6.4719  -6.9882
 -7.5102  -8.0305  -8.6789  -9.2783  -9.7865 -10.2893 -10.7910 -11.2922 -11.7929
-12.2934 -12.7937 -13.2938
  0.0000  -0.0860  -0.0860  -0.0860  -0.0861  -0.0863  -0.0868  -0.0881  -0.0914
 -0.0995  -0.1196  -0.1693  -0.2877  -0.5446  -0.9818  -1.5320  -2.1063  -2.6370
 -3.1362  -3.6201  -4.0962  -4.5676  -5.0375  -5.5103  -5.9894  -6.4766  -6.9875
 -7.5066  -8.0262  -8.6738  -9.2737  -9.7834 -10.2872 -10.7899 -11.2916 -11.7927
-12.2934 -12.7938 -13.2941
  0.0000  -0.1884  -0.1884  -0.1884  -0.1884  -0.1885  -0.1888  -0.1895  -0.1913
 -0.1957  -0.2068  -0.2345  -0.3027  -0.4657  -0.8201  -1.4118  -2.0671  -2.6378
 -3.1518  -3.6438  -4.1243  -4.5976  -5.0670  -5.5361  -6.0086  -6.4876  -6.9908
 -7.5042  -8.0210  -8.6664  -9.2660  -9.7776 -10.2830 -10.7867 -11.2893 -11.7910
-12.2920 -12.7927 -13.2931
  0.0000  -0.3012  -0.3012  -0.3012  -0.3012  -0.3013  -0.3014  -0.3018  -0.3028
 -0.3052  -0.3113  -0.3264  -0.3644  -0.4582  -0.6836  -1.1765  -1.9480  -2.6195
 -3.1610  -3.6641  -4.1505  -4.6275  -5.0987  -5.5672  -6.0360  -6.5086  -7.0040
 -7.5096  -8.0207  -8.6617  -9.2594  -9.7723 -10.2797 -10.7849 -11.2885 -11.7911
-12.2927 -12.7937 -13.2943
  0.0000  -0.4200  -0.4200  -0.4200  -0.4201  -0.4201  -0.4202  -0.4204  -0.4209
 -0.4222  -0.4255  -0.4337  -0.4544  -0.5060  -0.6339  -0.9435  -1.6197  -2.5304
 -3.1501  -3.6719  -4.1664  -4.6483  -5.1228  -5.5930  -6.0614  -6.5307  -7.0211
 -7.5194  -8.0230  -8.6578  -9.2509  -9.7634 -10.2721 -10.7792 -11.2842 -11.7876
-12.2900 -12.7915 -13.2925
  0.0000  -0.5442  -0.5442  -0.5442  -0.5442  -0.5443  -0.5443  -0.5444  -0.5447
 -0.5454  -0.5471  -0.5515  -0.5625  -0.5901  -0.6593  -0.8311  -1.2488  -2.1474
 -3.0927  -3.6612  -4.1692  -4.6573  -5.1359  -5.6090  -6.0790  -6.5484  -7.0371
 -7.5310  -8.0279  -8.6570  -9.2434  -9.7527 -10.2612 -10.7695 -11.2761 -11.7806
-12.2838 -12.7860 -13.2873
  0.0000  -0.6841  -0.6841  -0.6841  -0.6841  -0.6841  -0.6841  -0.6842  -0.6843
 -0.6847  -0.6856  -0.6879  -0.6937  -0.7081  -0.7444  -0.8354  -1.0620  -1.6146
 -2.7555  -3.6292  -4.1661  -4.6641  -5.1477  -5.6243  -6.0972  -6.5684  -7.0578
 -7.5504  -8.0434  -8.6695  -9.2497  -9.7539 -10.2607 -10.7692 -11.2767 -11.7823
-12.2862 -12.7890 -13.2907
  0.0000   0.1780   0.1780   0.1778   0.1773   0.1760   0.1728   0.1649   0.1454
  0.0983  -0.0078  -0.2069  -0.4652  -0.7516  -1.1388  -1.6140  -2.1129  -2.6045
 -3.0851  -3.5579  -4.0307  -4.5065  -4.9870  -5.4753  -5.9869  -6.4884  -7.0107
 -7.5861  -8.2683  -8.7831  -9.2870  -9.7896 -10.2913 -10.7923 -11.2930 -11.7934
-12.2937 -12.7939 -13.2940
  0.0000   0.1043   0.1042   0.1041   0.1038   0.1031   0.1012   0.0965   0.0849
  0.0562  -0.0122  -0.1611  -0.4157  -0.7184  -1.1042  -1.5977  -2.1167  -2.6207
 -3.1077  -3.5845  -4.0575  -4.5297  -5.0042  -5.4850  -5.9899  -6.4866  -7.0067
 -7.5811  -8.2622  -8.7785  -9.2838  -9.7874 -10.2898 -10.7914 -11.2923 -11.7930
-12.2934 -12.7936 -13.2938
  0.0000   0.0203   0.0203   0.0202   0.0201   0.0197   0.0186   0.0160   0.0094
 -0.0070  -0.0473  -0.1423  -0.3429  -0.6635  -1.0614  -1.5747  -2.1188  -2.6368
 -3.1310  -3.6130  -4.0876  -4.5585  -5.0289  -5.5030  -6.0002  -6.4897  -7.0050
 -7.5768  -8.2554  -8.7731  -9.2802  -9.7851 -10.2885 -10.7908 -11.2923 -11.7932
-12.2938 -12.7942 -13.2945
  0.0000  -0.0699  -0.0699  -0.0700  -0.0701  -0.0703  -0.0709  -0.0723  -0.0760
 -0.0851  -0.1077  -0.1630  -0.2929  -0.5629  -0.9881  -1.5280  -2.1090  -2.6458
 -3.1488  -3.6363  -4.1142  -4.5861  -5.0551  -5.5251  -6.0161  -6.4974  -7.0058
 -7.5725  -8.2466  -8.7644  -9.2731  -9.7798 -10.2845 -10.7877 -11.2900 -11.7913
-12.2922 -12.7928 -13.2931
  0.0000  -0.1730  -0.1730  -0.1730  -0.1730  -0.1732  -0.1735  -0.1743  -0.1763
 -0.1812  -0.1937  -0.2248  -0.3009  -0.4798  -0.8526  -1.4350  -2.0798  -2.6492
 -3.1644  -3.6583  -4.1400  -4.6145  -5.0845  -5.5533  -6.0416  -6.5164  -7.0177
 -7.5779  -8.2457  -8.7608  -9.2699  -9.7781 -10.2844 -10.7888 -11.2919 -11.7939
-12.2952 -12.7960 -13.2966
  0.0000  -0.2778  -0.2778  -0.2778  -0.2779  -0.2779  -0.2781  -0.2785  -0.2796
 -0.2824  -0.2892  -0.3064  -0.3491  -0.4542  -0.7031  -1.2248  -1.9780  -2.6258
 -3.1626  -3.6648  -4.1510  -4.6286  -5.1011  -5.5711  -6.0595  -6.5312  -7.0274
 -7.5821  -8.2438  -8.7532  -9.2605  -9.7692 -10.2769 -10.7826 -11.2866 -11.7894
-12.2912 -12.7923 -13.2930
  0.0000  -0.3951  -0.3951  -0.3951  -0.3951  -0.3952  -0.3953  -0.3955  -0.3961
 -0.3976  -0.4013  -0.4106  -0.4340  -0.4925  -0.6368  -0.9812  -1.6977  -2.5534
 -3.1468  -3.6630  -4.1552  -4.6366  -5.1120  -5.5845  -6.0747  -6.5457  -7.0399
 -7.5916  -8.2498  -8.7528  -9.2567  -9.7646 -10.2728 -10.7795 -11.2844 -11.7876
-12.2900 -12.7914 -13.2924
  0.0000   0.2777   0.2775   0.2770   0.2758   0.2727   0.2650   0.2461   0.2016
  0.1061  -0.0599  -0.2694  -0.4933  -0.7729  -1.1542  -1.6121  -2.0954  -2.5776
 -3.0538  -3.5260  -4.0018  -4.4849  -4.9743  -5.4866  -6.0067  -6.5267  -7.2584
 -7.7782  -8.2840  -8.7876  -9.2901  -9.7918 -10.2928 -10.7934 -11.2938 -11.7941
-12.2943 -12.7944 -13.2944
  0.0000   0.2356   0.2355   0.2351   0.2343   0.2321   0.2266   0.2131   0.1804
  0.1055  -0.0426  -0.2572  -0.4832  -0.7504  -1.1299  -1.6024  -2.1016  -2.5939
 -3.0747  -3.5483  -4.0223  -4.4996  -4.9823  -5.4886  -6.0045  -6.5227  -7.2517
 -7.7727  -8.2799  -8.7847  -9.2882  -9.7904 -10.2918 -10.7928 -11.2934 -11.7937
-12.2940 -12.7941 -13.2942
  0.0000   0.1808   0.1808   0.1805   0.1800   0.1786   0.1750   0.1663   0.1446
  0.0929  -0.0210  -0.2240  -0.4672  -0.7305  -1.1070  -1.5941  -2.1096  -2.6122
 -3.0982  -3.5747  -4.0476  -4.5206  -4.9967  -5.4959  -6.0054  -6.5195  -7.2442
 -7.7654  -8.2742  -8.7807  -9.2851  -9.7884 -10.2904 -10.7918 -11.2926 -11.7931
-12.2935 -12.7937 -13.2938
  0.0000   0.1109   0.1109   0.1107   0.1104   0.1096   0.1075   0.1022   0.0892
  0.0572  -0.0183  -0.1775  -0.4299  -0.7101  -1.0833  -1.5849  -2.1177  -2.6303
 -3.1219  -3.6023  -4.0761  -4.5470  -5.0186  -5.5117  -6.0138  -6.5215  -7.2403
 -7.7594  -8.2688  -8.7769  -9.2831  -9.7873 -10.2903 -10.7922 -11.2934 -11.7942
-12.2947 -12.7950 -13.2952
  0.0000   0.0334   0.0334   0.0333   0.0331   0.0326   0.0314   0.0285   0.0211
  0.0026  -0.0423  -0.1467  -0.3579  -0.6675  -1.0478  -1.5633  -2.1162  -2.6399
 -3.1371  -3.6216  -4.0975  -4.5689  -5.0389  -5.5285  -6.0248  -6.5254  -7.2383
 -7.7518  -8.2598  -8.7687  -9.2763  -9.7820 -10.2859 -10.7887 -11.2904 -11.7915
-12.2922 -12.7927 -13.2930
  0.0000  -0.0592  -0.0592  -0.0592  -0.0594  -0.0596  -0.0603  -0.0619  -0.0660
 -0.0762  -0.1015  -0.1631  -0.3049  -0.5850  -0.9957  -1.5274  -2.1094  -2.6473
 -3.1511  -3.6394  -4.1182  -4.5916  -5.0623  -5.5515  -6.0447  -6.5398  -7.2492
 -7.7548  -8.2587  -8.7668  -9.2753  -9.7823 -10.2874 -10.7907 -11.2932 -11.7947
-12.2957 -12.7963 -13.2967
  0.0000  -0.1522  -0.1523  -0.1523  -0.1523  -0.1525  -0.1528  -0.1537  -0.1559
 -0.1615  -0.1755  -0.2102  -0.2946  -0.4891  -0.8741  -1.4412  -2.0723  -2.6350
 -3.1477  -3.6404  -4.1221  -4.5982  -5.0708  -5.5612  -6.0538  -6.5463  -7.2555
 -7.7541  -8.2531  -8.7591  -9.2675  -9.7751 -10.2811 -10.7852 -11.2881 -11.7900
-12.2912 -12.7919 -13.2924
  0.0000   0.3079   0.3076   0.3069   0.3050   0.3004   0.2890   0.2621   0.2031
  0.0923  -0.0736  -0.2733  -0.4974  -0.7820  -1.1584  -1.6037  -2.0754  -2.5510
 -3.0255  -3.5001  -3.9813  -4.4885  -5.0034  -5.5211  -6.1670  -6.7669  -7.2784
 -7.7838  -8.2875  -8.7900  -9.2916  -9.7927 -10.2933 -10.7937 -11.2940 -11.7942
-12.2943 -12.7943 -13.2944
  0.0000   0.2925   0.2923   0.2916   0.2900   0.2859   0.2758   0.2514   0.1966
  0.0888  -0.0779  -0.2770  -0.4909  -0.7604  -1.1355  -1.5938  -2.0798  -2.5641
 -3.0417  -3.5157  -3.9942  -4.4957  -5.0054  -5.5194  -6.1625  -6.7614  -7.2740
 -7.7806  -8.2853  -8.7886  -9.2908  -9.7922 -10.2930 -10.7936 -11.2940 -11.7942
-12.2943 -12.7944 -13.2945
  0.0000   0.2705   0.2703   0.2698   0.2684   0.2651   0.2569   0.2367   0.1897
  0.0911  -0.0743  -0.2771  -0.4869  -0.7437  -1.1170  -1.5886  -2.0891  -2.5822
 -3.0633  -3.5379  -4.0132  -4.5089  -5.0120  -5.5201  -6.1587  -6.7548  -7.2680
 -7.7761  -8.2822  -8.7864  -9.2894  -9.7914 -10.2926 -10.7934 -11.2939 -11.7942
-12.2944 -12.7945 -13.2946
  0.0000   0.2356   0.2355   0.2351   0.2341   0.2317   0.2257   0.2109   0.1752
  0.0950  -0.0575  -0.2667  -0.4810  -0.7294  -1.0999  -1.5840  -2.0983  -2.6000
 -3.0852  -3.5617  -4.0353  -4.5270  -5.0240  -5.5251  -6.1579  -6.7488  -7.2606
 -7.7696  -8.2773  -8.7830  -9.2868  -9.7896 -10.2913 -10.7924 -11.2931 -11.7936
-12.2939 -12.7941 -13.2942
  0.0000   0.1844   0.1843   0.1840   0.1834   0.1819   0.1779   0.1682   0.1443
  0.0879  -0.0334  -0.2374  -0.4681  -0.7159  -1.0827  -1.5777  -2.1049  -2.6143
 -3.1037  -3.5832  -4.0570  -4.5476  -5.0407  -5.5357  -6.1632  -6.7470  -7.2546
 -7.7629  -8.2716  -8.7788  -9.2839  -9.7874 -10.2899 -10.7914 -11.2924 -11.7930
-12.2934 -12.7936 -13.2938
  0.0000   0.1173   0.1173   0.1171   0.1167   0.1158   0.1135   0.1077   0.0932
  0.0580  -0.0239  -0.1907  -0.4368  -0.7001  -1.0631  -1.5672  -2.1067  -2.6231
 -3.1168  -3.5993  -4.0750  -4.5665  -5.0588  -5.5501  -6.1748  -6.7517  -7.2530
 -7.7586  -8.2671  -8.7752  -9.2816  -9.7860 -10.2891 -10.7911 -11.2924 -11.7932
-12.2938 -12.7941 -13.2943
  0.0000   0.0394   0.0393   0.0393   0.0390   0.0385   0.0372   0.0339   0.0257
  0.0054  -0.0438  -0.1561  -0.3731  -0.6682  -1.0343  -1.5458  -2.0995  -2.6231
 -3.1209  -3.6064  -4.0844  -4.5779  -5.0708  -5.5609  -6.1857  -6.7584  -7.2540
 -7.7561  -8.2634  -8.7717  -9.2787  -9.7839 -10.2874 -10.7900 -11.2915 -11.7925
-12.2932 -12.7936 -13.2938
  0.0000   0.3018   0.3015   0.3008   0.2989   0.2942   0.2828   0.2560   0.1986
  0.0925  -0.0673  -0.2665  -0.4979  -0.7883  -1.1608  -1.5956  -2.0581  -2.5295
 -3.0042  -3.4974  -3.9869  -4.5017  -5.0728  -5.7507  -6.2690  -6.7770  -7.2827
 -7.7865  -8.2894  -8.7911  -9.2922  -9.7929 -10.2934 -10.7937 -11.2939 -11.7940
-12.2940 -12.7941 -13.2941
  0.0000   0.2938   0.2935   0.2927   0.2908   0.2861   0.2747   0.2478   0.1899
  0.0831  -0.0767  -0.2715  -0.4894  -0.7647  -1.1354  -1.5814  -2.0565  -2.5352
 -3.0124  -3.5049  -3.9912  -4.5033  -5.0713  -5.7463  -6.2644  -6.7732  -7.2800
 -7.7847  -8.2880  -8.7902  -9.2915  -9.7924 -10.2930 -10.7933 -11.2936 -11.7937
-12.2938 -12.7939 -13.2939
  0.0000   0.2902   0.2899   0.2892   0.2873   0.2826   0.2712   0.2444   0.1860
  0.0773  -0.0843  -0.2777  -0.4862  -0.7473  -1.1165  -1.5748  -2.0631  -2.5492
 -3.0284  -3.5201  -4.0024  -4.5086  -5.0717  -5.7421  -6.2586  -6.7679  -7.2759
 -7.7819  -8.2859  -8.7889  -9.2907  -9.7919 -10.2927 -10.7931 -11.2934 -11.7936
-12.2938 -12.7938 -13.2939
  0.0000   0.2815   0.2812   0.2805   0.2788   0.2745   0.2639   0.2387   0.1825
  0.0745  -0.0887  -0.2820  -0.4851  -0.7345  -1.1015  -1.5719  -2.0732  -2.5670
 -3.0487  -3.5412  -4.0194  -4.5199  -5.0773  -5.7418  -6.2541  -6.7627  -7.2716
 -7.7789  -8.2843  -8.7879  -9.2905  -9.7921 -10.2931 -10.7937 -11.2942 -11.7944
-12.2946 -12.7947 -13.2947
  0.0000   0.2628   0.2626   0.2620   0.2606   0.2571   0.2483   0.2270   0.1778
  0.0773  -0.0847  -0.2799  -0.4819  -0.7227  -1.0868  -1.5674  -2.0804  -2.5814
 -3.0663  -3.5613  -4.0374  -4.5340  -5.0868  -5.7460  -6.2514  -6.7569  -7.2655
 -7.7739  -8.2806  -8.7853  -9.2885  -9.7907 -10.2921 -10.7929 -11.2935 -11.7939
-12.2941 -12.7942 -13.2943
  0.0000   0.2278   0.2277   0.2272   0.2262   0.2236   0.2172   0.2015   0.1639
  0.0812  -0.0699  -0.2691  -0.4753  -0.7118  -1.0722  -1.5606  -2.0835  -2.5905
 -3.0791  -3.5772  -4.0533  -4.5484  -5.0991  -5.7554  -6.2531  -6.7537  -7.2607
 -7.7693  -8.2769  -8.7826  -9.2865  -9.7893 -10.2911 -10.7922 -11.2929 -11.7934
-12.2937 -12.7938 -13.2940
  0.0000   0.1747   0.1746   0.1743   0.1736   0.1720   0.1678   0.1576   0.1325
  0.0739  -0.0482  -0.2439  -0.4622  -0.7006  -1.0565  -1.5500  -2.0810  -2.5931
 -3.0853  -3.5864  -4.0634  -4.5588  -5.1094  -5.7658  -6.2580  -6.7542  -7.2589
 -7.7669  -8.2748  -8.7811  -9.2856  -9.7886 -10.2908 -10.7921 -11.2930 -11.7935
-12.2939 -12.7941 -13.2942
  0.0000   0.2921   0.2918   0.2911   0.2894   0.2851   0.2747   0.2503   0.1974
  0.0971  -0.0585  -0.2596  -0.4993  -0.7964  -1.1664  -1.5930  -2.0487  -2.5204
 -3.0083  -3.5064  -4.0153  -4.7360  -5.2556  -5.7656  -6.2743  -6.7809  -7.2854
 -7.7886  -8.2907  -8.7920  -9.2928  -9.7933 -10.2937 -10.7939 -11.2940 -11.7941
-12.2942 -12.7942 -13.2942
  0.0000   0.2753   0.2750   0.2744   0.2727   0.2685   0.2583   0.2344   0.1824
  0.0844  -0.0676  -0.2615  -0.4862  -0.7672  -1.1341  -1.5700  -2.0366  -2.5158
 -3.0071  -3.5074  -4.0162  -4.7350  -5.2531  -5.7628  -6.2718  -6.7789  -7.2839
 -7.7873  -8.2897  -8.7912  -9.2921  -9.7927 -10.2931 -10.7933 -11.2935 -11.7936
-12.2937 -12.7937 -13.2937
  0.0000   0.2721   0.2718   0.2711   0.2693   0.2650   0.2543   0.2294   0.1756
  0.0754  -0.0776  -0.2683  -0.4815  -0.7483  -1.1130  -1.5593  -2.0376  -2.5230
 -3.0159  -3.5147  -4.0233  -4.7362  -5.2502  -5.7586  -6.2679  -6.7759  -7.2819
 -7.7860  -8.2889  -8.7907  -9.2919  -9.7927 -10.2931 -10.7934 -11.2936 -11.7938
-12.2938 -12.7939 -13.2939
  0.0000   0.2724   0.2721   0.2714   0.2696   0.2650   0.2539   0.2279   0.1721
  0.0693  -0.0853  -0.2742  -0.4792  -0.7330  -1.0957  -1.5531  -2.0433  -2.5382
 -3.0300  -3.5277  -4.0319  -4.7417  -5.2488  -5.7537  -6.2624  -6.7712  -7.2784
 -7.7835  -8.2870  -8.7895  -9.2910  -9.7920 -10.2926 -10.7930 -11.2932 -11.7934
-12.2935 -12.7936 -13.2936
  0.0000   0.2687   0.2684   0.2676   0.2658   0.2613   0.2503   0.2243   0.1681
  0.0640  -0.0907  -0.2775  -0.4776  -0.7211  -1.0809  -1.5483  -2.0499  -2.5483
 -3.0459  -3.5442  -4.0445  -4.7537  -5.2523  -5.7515  -6.2579  -6.7667  -7.2749
 -7.7811  -8.2855  -8.7885  -9.2905  -9.7918 -10.2926 -10.7931 -11.2934 -11.7936
-12.2937 -12.7938 -13.2939
  0.0000   0.2557   0.2554   0.2548   0.2531   0.2490   0.2390   0.2150   0.1617
  0.0603  -0.0926  -0.2769  -0.4741  -0.7105  -1.0665  -1.5417  -2.0532  -2.5574
 -3.0588  -3.5587  -4.0570  -4.7686  -5.2597  -5.7526  -6.2554  -6.7632  -7.2717
 -7.7788  -8.2840  -8.7874  -9.2900  -9.7915 -10.2925 -10.7932 -11.2936 -11.7938
-12.2940 -12.7941 -13.2942
  0.0000   0.2295   0.2293   0.2287   0.2274   0.2241   0.2160   0.1963   0.1510
  0.0592  -0.0884  -0.2706  -0.4673  -0.6994  -1.0513  -1.5313  -2.0504  -2.5596
 -3.0643  -3.5663  -4.0642  -4.7793  -5.2664  -5.7551  -6.2548  -6.7611  -7.2693
 -7.7768  -8.2824  -8.7863  -9.2891  -9.7909 -10.2920 -10.7927 -11.2932 -11.7935
-12.2936 -12.7938 -13.2938
  0.0000   0.3014   0.3012   0.3007   0.2988   0.2945   0.2843   0.2600   0.2073
  0.1070  -0.0502  -0.2560  -0.5044  -0.8118  -1.1817  -1.6026  -2.0690  -2.5450
 -3.0404  -3.6377  -4.2431  -4.7494  -5.2577  -5.7672  -6.2754  -6.7815  -7.2856
 -7.7886  -8.2904  -8.7916  -9.2924  -9.7928 -10.2931 -10.7933 -11.2935 -11.7935
-12.2936 -12.7936 -13.2936
  0.0000   0.2593   0.2591   0.2585   0.2571   0.2535   0.2446   0.2238   0.1777
  0.0878  -0.0576  -0.2510  -0.4825  -0.7698  -1.1348  -1.5646  -2.0378  -2.5250
 -3.0262  -3.6327  -4.2426  -4.7506  -5.2596  -5.7691  -6.2770  -6.7828  -7.2866
 -7.7894  -8.2911  -8.7922  -9.2929  -9.7934 -10.2937 -10.7939 -11.2940 -11.7940
-12.2941 -12.7941 -13.2941
  0.0000   0.2466   0.2464   0.2458   0.2444   0.2408   0.2320   0.2113   0.1653
  0.0763  -0.0669  -0.2549  -0.4738  -0.7463  -1.1075  -1.5496  -2.0285  -2.5222
 -3.0259  -3.6335  -4.2438  -4.7492  -5.2570  -5.7665  -6.2749  -6.7812  -7.2855
 -7.7886  -8.2905  -8.7918  -9.2926  -9.7931 -10.2934 -10.7936 -11.2937 -11.7938
-12.2939 -12.7939 -13.2939
  0.0000   0.2421   0.2418   0.2412   0.2398   0.2360   0.2269   0.2055   0.1583
  0.0679  -0.0758  -0.2608  -0.4704  -0.7295  -1.0877  -1.5347  -2.0291  -2.5291
 -3.0337  -3.6428  -4.2492  -4.7491  -5.2541  -5.7630  -6.2718  -6.7790  -7.2842
 -7.7876  -8.2901  -8.7916  -9.2926  -9.7932 -10.2936 -10.7938 -11.2940 -11.7941
-12.2942 -12.7942 -13.2942
  0.0000   0.2377   0.2375   0.2369   0.2354   0.2316   0.2223   0.2004   0.1523
  0.0608  -0.0824  -0.2647  -0.4674  -0.7155  -1.0704  -1.5268  -2.0325  -2.5388
 -3.0447  -3.6572  -4.2528  -4.7516  -5.2521  -5.7592  -6.2681  -6.7761  -7.2821
 -7.7862  -8.2891  -8.7910  -9.2922  -9.7929 -10.2934 -10.7937 -11.2939 -11.7941
-12.2941 -12.7942 -13.2942
  0.0000   0.2283   0.2281   0.2275   0.2260   0.2223   0.2132   0.1917   0.1444
  0.0543  -0.0864  -0.2647  -0.4628  -0.7026  -1.0538  -1.5177  -2.0335  -2.5462
 -3.0547  -3.6715  -4.2638  -4.7563  -5.2520  -5.7566  -6.2649  -6.7731  -7.2798
 -7.7846  -8.2877  -8.7901  -9.2915  -9.7924 -10.2930 -10.7933 -11.2936 -11.7937
-12.2938 -12.7939 -13.2939
  0.0000   0.2088   0.2086   0.2081   0.2068   0.2035   0.1953   0.1759   0.1326
  0.0474  -0.0884  -0.2617  -0.4567  -0.6917  -1.0384  -1.5068  -2.0310  -2.5486
 -3.0598  -3.6806  -4.2719  -4.7615  -5.2545  -5.7571  -6.2645  -6.7726  -7.2795
 -7.7846  -8.2880  -8.7905  -9.2920  -9.7930 -10.2936 -10.7940 -11.2942 -11.7944
-12.2945 -12.7946 -13.2946
 -1.0000   0.2606   0.2603   0.2598   0.2585   0.2552   0.2469   0.2273   0.1833
  0.0965  -0.0450  -0.2422  -0.4808  -0.7772  -1.1515  -1.5860  -2.0603  -2.5959
 -3.2370  -3.7449  -4.2475  -4.7535  -5.2629  -5.7721  -6.2793  -6.7845  -7.2878
 -7.7904  -8.2919  -8.7929  -9.2935  -9.7939 -10.2941 -10.7943 -11.2944 -11.7945
-12.2945 -12.7945 -13.2945
  0.0000   0.2605   0.2603   0.2598   0.2585   0.2552   0.2469   0.2273   0.1833
  0.0965  -0.0450  -0.2422  -0.4808  -0.7772  -1.1515  -1.5860  -2.0603  -2.5959
 -3.2370  -3.7449  -4.2475  -4.7535  -5.2629  -5.7721  -6.2793  -6.7845  -7.2878
 -7.7904  -8.2919  -8.7929  -9.2935  -9.7939 -10.2941 -10.7943 -11.2944 -11.7945
-12.2945 -12.7945 -13.2945
  0.0000   0.2271   0.2269   0.2265   0.2253   0.2224   0.2151   0.1978   0.1586
  0.0794  -0.0546  -0.2396  -0.4640  -0.7437  -1.1099  -1.5509  -2.0345  -2.5792
 -3.2303  -3.7426  -4.2471  -4.7538  -5.2634  -5.7724  -6.2795  -6.7845  -7.2879
 -7.7902  -8.2916  -8.7926  -9.2931  -9.7935 -10.2938 -10.7939 -11.2940 -11.7941
-12.2941 -12.7941 -13.2941
  0.0000   0.2118   0.2116   0.2112   0.2100   0.2072   0.2002   0.1833   0.1452
  0.0679  -0.0628  -0.2426  -0.4567  -0.7226  -1.0837  -1.5319  -2.0255  -2.5781
 -3.2367  -3.7464  -4.2478  -4.7527  -5.2616  -5.7708  -6.2783  -6.7837  -7.2872
 -7.7899  -8.2915  -8.7925  -9.2931  -9.7936 -10.2938 -10.7940 -11.2941 -11.7941
-12.2942 -12.7942 -13.2942
  0.0000   0.1997   0.1995   0.1990   0.1979   0.1952   0.1883   0.1718   0.1345
  0.0589  -0.0693  -0.2451  -0.4515  -0.7060  -1.0630  -1.5188  -2.0227  -2.5828
 -3.2484  -3.7534  -4.2501  -4.7518  -5.2593  -5.7684  -6.2764  -6.7824  -7.2864
 -7.7893  -8.2911  -8.7923  -9.2931  -9.7935 -10.2938 -10.7940 -11.2942 -11.7942
-12.2943 -12.7943 -13.2943
  0.0000   0.1839   0.1837   0.1833   0.1823   0.1797   0.1733   0.1578   0.1224
  0.0502  -0.0735  -0.2444  -0.4454  -0.6916  -1.0444  -1.5064  -2.0201  -2.5869
 -3.2589  -3.7607  -4.2535  -4.7521  -5.2580  -5.7666  -6.2748  -6.7812  -7.2856
 -7.7886  -8.2908  -8.7921  -9.2929  -9.7934 -10.2938 -10.7940 -11.2941 -11.7942
-12.2943 -12.7943 -13.2943
  0.0000   0.1610   0.1608   0.1605   0.1596   0.1574   0.1519   0.1385   0.1070
  0.0410  -0.0751  -0.2397  -0.4373  -0.6784  -1.0263  -1.4916  -2.0130  -2.5851
 -3.2618  -3.7639  -4.2557  -4.7531  -5.2581  -5.7662  -6.2742  -6.7806  -7.2851
 -7.7882  -8.2904  -8.7917  -9.2926  -9.7931 -10.2935 -10.7937 -11.2938 -11.7939
-12.2940 -12.7940 -13.2940
 -2.0000   0.2284   0.2282   0.2278   0.2268   0.2242   0.2177   0.2022   0.1664
  0.0926  -0.0366  -0.2222  -0.4563  -0.7523  -1.1289  -1.5911  -2.2093  -2.7602
 -3.2518  -3.7459  -4.2490  -4.7569  -5.2664  -5.7748  -6.2812  -6.7855  -7.2886
 -7.7905  -8.2918  -8.7926  -9.2931  -9.7934 -10.2936 -10.7937 -11.2938 -11.7939
-12.2939 -12.7939 -13.2939
 -1.0000   0.2284   0.2282   0.2278   0.2268   0.2242   0.2177   0.2022   0.1664
  0.0926  -0.0366  -0.2222  -0.4563  -0.7523  -1.1289  -1.5911  -2.2093  -2.7602
 -3.2518  -3.7459  -4.2490  -4.7569  -5.2664  -5.7748  -6.2812  -6.7855  -7.2886
 -7.7905  -8.2918  -8.7926  -9.2931  -9.7934 -10.2936 -10.7937 -11.2938 -11.7939
-12.2939 -12.7939 -13.2939
  0.0000   0.2284   0.2282   0.2278   0.2268   0.2242   0.2177   0.2022   0.1664
  0.0926  -0.0366  -0.2222  -0.4563  -0.7523  -1.1289  -1.5911  -2.2093  -2.7602
 -3.2518  -3.7459  -4.2490  -4.7569  -5.2664  -5.7748  -6.2812  -6.7855  -7.2886
 -7.7905  -8.2918  -8.7926  -9.2931  -9.7934 -10.2936 -10.7937 -11.2938 -11.7939
-12.2939 -12.7939 -13.2939
  0.0000   0.1938   0.1937   0.1934   0.1925   0.1903   0.1848   0.1715   0.1405
  0.0748  -0.0440  -0.2196  -0.4413  -0.7211  -1.0890  -1.5561  -2.1894  -2.7508
 -3.2479  -3.7450  -4.2497  -4.7581  -5.2677  -5.7758  -6.2819  -6.7860  -7.2889
 -7.7907  -8.2919  -8.7927  -9.2931  -9.7934 -10.2936 -10.7938 -11.2938 -11.7939
-12.2939 -12.7939 -13.2939
  0.0000   0.1700   0.1699   0.1696   0.1688   0.1668   0.1616   0.1502   0.1222
  0.0618  -0.0500  -0.2186  -0.4319  -0.6997  -1.0610  -1.5338  -2.1824  -2.7519
 -3.2498  -3.7461  -4.2499  -4.7577  -5.2671  -5.7752  -6.2814  -6.7857  -7.2886
 -7.7905  -8.2917  -8.7925  -9.2930  -9.7933 -10.2935 -10.7936 -11.2937 -11.7938
-12.2938 -12.7938 -13.2938
  0.0000   0.1457   0.1456   0.1454   0.1447   0.1431   0.1390   0.1288   0.1044
  0.0500  -0.0539  -0.2155  -0.4233  -0.6826  -1.0377  -1.5149  -2.1759  -2.7534
 -3.2521  -3.7477  -4.2504  -4.7576  -5.2666  -5.7747  -6.2809  -6.7853  -7.2882
 -7.7902  -8.2915  -8.7923  -9.2928  -9.7931 -10.2933 -10.7934 -11.2935 -11.7936
-12.2936 -12.7936 -13.2936
  0.0000   0.1155   0.1154   0.1153   0.1149   0.1138   0.1109   0.1031   0.0831
  0.0367  -0.0571  -0.2105  -0.4145  -0.6686  -1.0160  -1.4956  -2.1628  -2.7494
 -3.2516  -3.7489  -4.2522  -4.7593  -5.2680  -5.7758  -6.2818  -6.7860  -7.2888
 -7.7908  -8.2920  -8.7927  -9.2932  -9.7935 -10.2937 -10.7939 -11.2939 -11.7940
-12.2940 -12.7940 -13.2940
 -3.0000   0.2033   0.2032   0.2029   0.2021   0.2003   0.1957   0.1845   0.1576
  0.0983  -0.0151  -0.1930  -0.4268  -0.7284  -1.1867  -1.7658  -2.2762  -2.7616
 -3.2500  -3.7499  -4.2550  -4.7639  -5.2730  -5.7803  -6.2856  -6.7891  -7.2917
 -7.7932  -8.2942  -8.7949  -9.2953  -9.7955 -10.2957 -10.7958 -11.2959 -11.7959
-12.2959 -12.7959 -13.2959
 -2.0000   0.2033   0.2032   0.2029   0.2021   0.2003   0.1957   0.1845   0.1576
  0.0983  -0.0151  -0.1930  -0.4268  -0.7284  -1.1867  -1.7658  -2.2762  -2.7616
 -3.2500  -3.7499  -4.2550  -4.7639  -5.2730  -5.7803  -6.2856  -6.7891  -7.2917
 -7.7932  -8.2942  -8.7949  -9.2953  -9.7955 -10.2957 -10.7958 -11.2959 -11.7959
-12.2959 -12.7959 -13.2959
 -1.0000   0.2033   0.2032   0.2029   0.2021   0.2003   0.1957   0.1845   0.1576
  0.0983  -0.0151  -0.1930  -0.4268  -0.7284  -1.1867  -1.7658  -2.2762  -2.7616
 -3.2500  -3.7499  -4.2550  -4.7639  -5.2730  -5.7803  -6.2856  -6.7891  -7.2917
 -7.7932  -8.2942  -8.7949  -9.2953  -9.7955 -10.2957 -10.7958 -11.2959 -11.7959
-12.2959 -12.7959 -13.2959
  0.0000   0.2033   0.2032   0.2029   0.2021   0.2003   0.1957   0.1845   0.1576
  0.0983  -0.0151  -0.1930  -0.4268  -0.7284  -1.1867  -1.7658  -2.2762  -2.7616
 -3.2500  -3.7499  -4.2550  -4.7639  -5.2730  -5.7803  -6.2856  -6.7891  -7.2917
 -7.7932  -8.2942  -8.7949  -9.2953  -9.7955 -10.2957 -10.7958 -11.2959 -11.7959
-12.2959 -12.7959 -13.2959
  0.0000   0.1620   0.1620   0.1618   0.1612   0.1599   0.1565   0.1479   0.1268
  0.0783  -0.0203  -0.1851  -0.4086  -0.6964  -1.1444  -1.7325  -2.2565  -2.7512
 -3.2460  -3.7504  -4.2577  -4.7671  -5.2758  -5.7825  -6.2872  -6.7904  -7.2926
 -7.7940  -8.2949  -8.7954  -9.2958  -9.7960 -10.2961 -10.7962 -11.2963 -11.7963
-12.2963 -12.7963 -13.2963
  0.0000   0.1274   0.1274   0.1273   0.1270   0.1262   0.1240   0.1177   0.1013
  0.0615  -0.0241  -0.1776  -0.3949  -0.6738  -1.1121  -1.7086  -2.2442  -2.7457
 -3.2445  -3.7516  -4.2596  -4.7690  -5.2773  -5.7837  -6.2880  -6.7910  -7.2930
 -7.7943  -8.2951  -8.7956  -9.2959  -9.7961 -10.2962 -10.7963 -11.2964 -11.7964
-12.2964 -12.7964 -13.2964
  0.0000   0.0903   0.0904   0.0905   0.0907   0.0907   0.0900   0.0864   0.0746
  0.0433  -0.0287  -0.1695  -0.3820  -0.6563  -1.0820  -1.6816  -2.2302  -2.7396
 -3.2436  -3.7536  -4.2626  -4.7719  -5.2797  -5.7855  -6.2893  -6.7920  -7.2938
 -7.7949  -8.2956  -8.7961  -9.2964  -9.7966 -10.2967 -10.7967 -11.2968 -11.7968
-12.2968 -12.7968 -13.2969
nl= 3 nu= 5
  0.0000  -1.9249  -1.9249  -1.9249  -1.9249  -1.9249  -1.9249  -1.9249  -1.9250
 -1.9250  -1.9250  -1.9250  -1.9250  -1.9250  -1.9251  -1.9254  -1.9262  -1.9280
 -1.9326  -1.9443  -1.9735  -2.0469  -2.2312  -2.6939  -3.8512  -6.1112  -6.7485
 -7.2370  -7.7161  -8.1968  -8.6841  -9.1789  -9.6795 -10.1832 -10.6878 -11.1918
-11.6979 -12.2256 -12.8102
  0.0000  -2.0949  -2.0949  -2.0949  -2.0949  -2.0949  -2.0949  -2.0949  -2.0949
 -2.0949  -2.0949  -2.0949  -2.0949  -2.0950  -2.0950  -2.0952  -2.0955  -2.0965
 -2.0988  -2.1046  -2.1192  -2.1560  -2.2482  -2.4800  -3.0618  -4.5155  -6.7493
 -7.2805  -7.7644  -8.2412  -8.7202  -9.2059  -9.6992 -10.1990 -10.7025 -11.2070
-11.7142 -12.2428 -12.8278
  0.0000  -2.2252  -2.2252  -2.2252  -2.2252  -2.2252  -2.2252  -2.2252  -2.2252
 -2.2252  -2.2252  -2.2252  -2.2252  -2.2252  -2.2252  -2.2253  -2.2255  -2.2260
 -2.2271  -2.2300  -2.2373  -2.2557  -2.3019  -2.4178  -2.7091  -3.4403  -5.2622
 -7.2672  -7.7721  -8.2524  -8.7272  -9.2044  -9.6882 -10.1800 -10.6787 -11.1816
-11.6891 -12.2186 -12.8042
  0.0000  -2.3757  -2.3757  -2.3757  -2.3757  -2.3757  -2.3757  -2.3757  -2.3757
 -2.3757  -2.3757  -2.3757  -2.3757  -2.3757  -2.3757  -2.3757  -2.3758  -2.3761
 -2.3766  -2.3781  -2.3818  -2.3910  -2.4140  -2.4720  -2.6177  -2.9837  -3.9024
 -6.1721  -7.7874  -8.2832  -8.7608  -9.2339  -9.7093 -10.1911 -10.6812 -11.1786
-11.6840 -12.2132 -12.7991
  0.0000  -2.5261  -2.5261  -2.5261  -2.5261  -2.5261  -2.5261  -2.5261  -2.5261
 -2.5261  -2.5261  -2.5261  -2.5261  -2.5261  -2.5261  -2.5261  -2.5261  -2.5262
 -2.5265  -2.5273  -2.5291  -2.5337  -2.5452  -2.5742  -2.6471  -2.8301  -3.2898
 -4.4439  -7.2049  -8.3026  -8.7927  -9.2681  -9.7399 -10.2137 -10.6939 -11.1822
-11.6813 -12.2077 -12.7922
  0.0000  -2.6766  -2.6766  -2.6766  -2.6766  -2.6766  -2.6766  -2.6766  -2.6766
 -2.6766  -2.6766  -2.6766  -2.6766  -2.6766  -2.6766  -2.6767  -2.6767  -2.6767
 -2.6769  -2.6772  -2.6782  -2.6805  -2.6862  -2.7007  -2.7372  -2.8287  -3.0586
 -3.6360  -5.0855  -8.1597  -8.8138  -9.2996  -9.7733 -10.2440 -10.7168 -11.1956
-11.6859 -12.2058 -12.7862
  0.0000  -2.8282  -2.8282  -2.8282  -2.8282  -2.8282  -2.8282  -2.8282  -2.8282
 -2.8282  -2.8282  -2.8282  -2.8282  -2.8282  -2.8282  -2.8282  -2.8283  -2.8283
 -2.8284  -2.8285  -2.8290  -2.8301  -2.8330  -2.8403  -2.8585  -2.9042  -3.0192
 -3.3079  -4.0332  -5.8533  -8.8003  -9.3203  -9.8024 -10.2749 -10.7450 -11.2174
-11.6993 -12.2112 -12.7853
  0.0000  -1.5875  -1.5875  -1.5875  -1.5875  -1.5875  -1.5875  -1.5875  -1.5875
 -1.5875  -1.5875  -1.5875  -1.5876  -1.5878  -1.5883  -1.5897  -1.5931  -1.6016
 -1.6230  -1.6767  -1.8115  -2.1498  -2.9945  -4.8616  -5.7500  -6.2470  -6.7264
 -7.2038  -7.6860  -8.1757  -8.6727  -9.1747  -9.6791 -10.1835 -10.6903 -11.1931
-11.7633 -12.4087 -12.9924
  0.0000  -1.7417  -1.7417  -1.7417  -1.7417  -1.7417  -1.7417  -1.7417  -1.7417
 -1.7417  -1.7417  -1.7417  -1.7418  -1.7419  -1.7421  -1.7428  -1.7445  -1.7488
 -1.7595  -1.7864  -1.8541  -2.0240  -2.4503  -3.5148  -5.6057  -6.2694  -6.7596
 -7.2366  -7.7124  -8.1931  -8.6816  -9.1777  -9.6791 -10.1832 -10.6908 -11.1948
-11.7654 -12.4111 -12.9953
  0.0000  -1.8911  -1.8911  -1.8911  -1.8911  -1.8911  -1.8911  -1.8911  -1.8911
 -1.8911  -1.8911  -1.8911  -1.8912  -1.8912  -1.8913  -1.8917  -1.8925  -1.8947
 -1.9000  -1.9135  -1.9474  -2.0326  -2.2464  -2.7830  -4.1214  -6.2360  -6.7821
 -7.2675  -7.7423  -8.2167  -8.6959  -9.1827  -9.6775 -10.1782 -10.6851 -11.1898
-11.7611 -12.4068 -12.9917
  0.0000  -2.0496  -2.0496  -2.0496  -2.0496  -2.0496  -2.0496  -2.0496  -2.0496
 -2.0496  -2.0496  -2.0496  -2.0496  -2.0496  -2.0497  -2.0499  -2.0503  -2.0514
 -2.0540  -2.0608  -2.0778  -2.1204  -2.2274  -2.4963  -3.1711  -4.8493  -6.7906
 -7.3025  -7.7842  -8.2574  -8.7303  -9.2079  -9.6930 -10.1862 -10.6891 -11.1927
-11.7638 -12.4093 -12.9951
  0.0000  -2.1927  -2.1927  -2.1927  -2.1927  -2.1927  -2.1927  -2.1927  -2.1927
 -2.1927  -2.1927  -2.1927  -2.1927  -2.1927  -2.1928  -2.1928  -2.1931  -2.1936
 -2.1949  -2.1983  -2.2068  -2.2281  -2.2817  -2.4162  -2.7541  -3.6023  -5.6941
 -7.3047  -7.8055  -8.2845  -8.7564  -9.2280  -9.7041 -10.1875 -10.6825 -11.1816
-11.7504 -12.3943 -12.9807
  0.0000  -2.3429  -2.3429  -2.3429  -2.3429  -2.3429  -2.3429  -2.3429  -2.3429
 -2.3429  -2.3429  -2.3429  -2.3429  -2.3429  -2.3429  -2.3430  -2.3431  -2.3434
 -2.3440  -2.3457  -2.3500  -2.3606  -2.3874  -2.4547  -2.6237  -3.0483  -4.1141
 -6.6687  -7.8182  -8.3123  -8.7892  -9.2601  -9.7309 -10.2058 -10.6914 -11.1824
-11.7461 -12.3860 -12.9714
  0.0000  -2.4936  -2.4936  -2.4936  -2.4936  -2.4936  -2.4936  -2.4936  -2.4936
 -2.4936  -2.4936  -2.4936  -2.4936  -2.4936  -2.4937  -2.4937  -2.4937  -2.4939
 -2.4942  -2.4950  -2.4972  -2.5025  -2.5159  -2.5495  -2.6341  -2.8464  -3.3798
 -4.7185  -7.6190  -8.3257  -8.8146  -9.2895  -9.7597 -10.2301 -10.7083 -11.1910
-11.7475 -12.3812 -12.9630
  0.0000  -1.2644  -1.2644  -1.2644  -1.2644  -1.2644  -1.2644  -1.2644  -1.2644
 -1.2645  -1.2645  -1.2647  -1.2651  -1.2660  -1.2685  -1.2747  -1.2901  -1.3290
 -1.4265  -1.6708  -2.2790  -3.6731  -4.7545  -5.2670  -5.7497  -6.2253  -6.7030
 -7.1872  -7.6794  -8.1783  -8.6815  -9.1859  -9.6901 -10.1968 -10.7253 -11.3451
-11.9916 -12.4986 -12.9994
  0.0000  -1.4119  -1.4119  -1.4119  -1.4119  -1.4119  -1.4119  -1.4119  -1.4119
 -1.4120  -1.4120  -1.4121  -1.4123  -1.4128  -1.4140  -1.4171  -1.4249  -1.4445
 -1.4938  -1.6175  -1.9276  -2.6999  -4.3857  -5.2745  -5.7757  -6.2551  -6.7292
 -7.2058  -7.6888  -8.1800  -8.6783  -9.1811  -9.6855 -10.1931 -10.7225 -11.3425
-11.9892 -12.4970 -12.9984
  0.0000  -1.5617  -1.5617  -1.5617  -1.5617  -1.5617  -1.5617  -1.5617  -1.5617
 -1.5617  -1.5617  -1.5617  -1.5618  -1.5621  -1.5627  -1.5643  -1.5682  -1.5780
 -1.6028  -1.6651  -1.8214  -2.2134  -3.1895  -5.1047  -5.7918  -6.2855  -6.7623
 -7.2351  -7.7104  -8.1921  -8.6820  -9.1793  -9.6815 -10.1891 -10.7193 -11.3396
-11.9863 -12.4954 -12.9978
  0.0000  -1.7158  -1.7158  -1.7158  -1.7158  -1.7158  -1.7158  -1.7158  -1.7158
 -1.7158  -1.7158  -1.7159  -1.7159  -1.7160  -1.7163  -1.7171  -1.7191  -1.7240
 -1.7365  -1.7677  -1.8462  -2.0432  -2.5375  -3.7670  -5.7468  -6.3104  -6.7988
 -7.2737  -7.7453  -8.2192  -8.6995  -9.1878  -9.6840 -10.1889 -10.7185 -11.3384
-11.9851 -12.4959 -12.9996
  0.0000  -1.8610  -1.8610  -1.8610  -1.8610  -1.8610  -1.8610  -1.8610  -1.8610
 -1.8610  -1.8610  -1.8610  -1.8610  -1.8611  -1.8612  -1.8616  -1.8626  -1.8651
 -1.8713  -1.8870  -1.9263  -2.0251  -2.2731  -2.8953  -4.4383  -6.2965  -6.8170
 -7.3016  -7.7750  -8.2456  -8.7184  -9.1972  -9.6841 -10.1825 -10.7087 -11.3265
-11.9721 -12.4851 -12.9906
  0.0000  -2.0090  -2.0090  -2.0090  -2.0090  -2.0090  -2.0090  -2.0090  -2.0090
 -2.0090  -2.0091  -2.0091  -2.0091  -2.0091  -2.0092  -2.0094  -2.0099  -2.0111
 -2.0142  -2.0221  -2.0417  -2.0912  -2.2154  -2.5273  -3.3099  -5.2341  -6.8164
 -7.3227  -7.8042  -8.2765  -8.7464  -9.2182  -9.6961 -10.1855 -10.7053 -11.3183
-11.9605 -12.4748 -12.9825
  0.0000  -2.1782  -2.1782  -2.1782  -2.1782  -2.1782  -2.1782  -2.1782  -2.1782
 -2.1782  -2.1782  -2.1782  -2.1782  -2.1783  -2.1783  -2.1784  -2.1786  -2.1793
 -2.1808  -2.1847  -2.1946  -2.2193  -2.2815  -2.4375  -2.8296  -3.8133  -6.1689
 -7.3458  -7.8440  -8.3227  -8.7941  -9.2635  -9.7354 -10.2169 -10.7289 -11.3355
-11.9719 -12.4853 -12.9943
  0.0000  -0.9458  -0.9458  -0.9458  -0.9458  -0.9458  -0.9458  -0.9459  -0.9459
 -0.9460  -0.9463  -0.9470  -0.9487  -0.9530  -0.9638  -0.9910  -1.0592  -1.2297
 -1.6516  -2.6232  -3.7300  -4.2776  -4.7676  -5.2441  -5.7186  -6.1974  -6.6838
 -7.1782  -7.6786  -8.1825  -8.6871  -9.1942  -9.7227 -10.3077 -10.9840 -11.4975
-11.9987 -12.4994 -12.9999
  0.0000  -1.0876  -1.0876  -1.0876  -1.0876  -1.0876  -1.0876  -1.0876  -1.0876
 -1.0877  -1.0878  -1.0882  -1.0891  -1.0913  -1.0969  -1.1109  -1.1460  -1.2342
 -1.4550  -2.0018  -3.2333  -4.2674  -4.7885  -5.2733  -5.7478  -6.2213  -6.6993
 -7.1849  -7.6786  -8.1788  -8.6824  -9.1900  -9.7193 -10.3049 -10.9811 -11.4956
-11.9975 -12.4987 -12.9995
  0.0000  -1.2322  -1.2322  -1.2322  -1.2322  -1.2322  -1.2322  -1.2322  -1.2322
 -1.2322  -1.2323  -1.2325  -1.2329  -1.2341  -1.2369  -1.2440  -1.2619  -1.3069
 -1.4197  -1.7023  -2.4029  -3.9080  -4.7906  -5.2980  -5.7790  -6.2519  -6.7245
 -7.2014  -7.6859  -8.1787  -8.6781  -9.1844  -9.7140 -10.2999 -10.9759 -11.4917
-11.9948 -12.4968 -12.9981
  0.0000  -1.3818  -1.3818  -1.3818  -1.3818  -1.3818  -1.3818  -1.3818  -1.3818
 -1.3818  -1.3819  -1.3820  -1.3822  -1.3828  -1.3842  -1.3878  -1.3969  -1.4196
 -1.4767  -1.6200  -1.9790  -2.8695  -4.6043  -5.3109  -5.8095  -6.2880  -6.7597
 -7.2311  -7.7069  -8.1901  -8.6816  -9.1833  -9.7109 -10.2961 -10.9712 -11.4890
-11.9936 -12.4968 -12.9990
  0.0000  -1.5285  -1.5285  -1.5285  -1.5285  -1.5285  -1.5285  -1.5285  -1.5285
 -1.5285  -1.5285  -1.5285  -1.5287  -1.5289  -1.5297  -1.5315  -1.5360  -1.5475
 -1.5762  -1.6484  -1.8296  -2.2838  -3.4089  -5.2405  -5.8228  -6.3154  -6.7919
 -7.2626  -7.7331  -8.2079  -8.6898  -9.1831  -9.7056 -10.2877 -10.9602 -11.4797
-11.9865 -12.4912 -12.9946
  0.0000  -1.6776  -1.6776  -1.6776  -1.6776  -1.6776  -1.6776  -1.6776  -1.6776
 -1.6776  -1.6776  -1.6776  -1.6777  -1.6778  -1.6782  -1.6791  -1.6814  -1.6871
 -1.7015  -1.7378  -1.8288  -2.0572  -2.6301  -4.0447  -5.8016  -6.3320  -6.8200
 -7.2949  -7.7649  -8.2349  -8.7089  -9.1931  -9.7077 -10.2839 -10.9510 -11.4706
-11.9793 -12.4862 -12.9910
  0.0000  -1.8279  -1.8279  -1.8279  -1.8279  -1.8279  -1.8279  -1.8279  -1.8279
 -1.8279  -1.8279  -1.8279  -1.8280  -1.8280  -1.8282  -1.8287  -1.8298  -1.8327
 -1.8399  -1.8581  -1.9037  -2.0182  -2.3059  -3.0273  -4.7925  -6.3237  -6.8358
 -7.3199  -7.7932  -8.2627  -8.7326  -9.2102  -9.7171 -10.2863 -10.9464 -11.4629
-11.9719 -12.4805 -12.9872
  0.0000  -0.6552  -0.6552  -0.6552  -0.6552  -0.6552  -0.6552  -0.6553  -0.6555
 -0.6559  -0.6570  -0.6597  -0.6666  -0.6839  -0.7273  -0.8353  -1.1009  -1.7127
 -2.6553  -3.2757  -3.7822  -4.2638  -4.7379  -5.2126  -5.6932  -6.1816  -6.6779
 -7.1797  -7.6839  -8.1916  -8.6955  -9.2662  -9.9118 -10.4960 -10.9981 -11.4991
-11.9998 -12.5002 -13.0004
  0.0000  -0.7813  -0.7813  -0.7813  -0.7813  -0.7813  -0.7813  -0.7813  -0.7814
 -0.7817  -0.7823  -0.7837  -0.7875  -0.7969  -0.8205  -0.8797  -1.0274  -1.3904
 -2.2135  -3.2277  -3.7944  -4.2901  -4.7676  -5.2401  -5.7143  -6.1943  -6.6824
 -7.1783  -7.6798  -8.1870  -8.6917  -9.2630  -9.9087 -10.4935 -10.9964 -11.4981
-11.9992 -12.4998 -13.0003
  0.0000  -0.9161  -0.9161  -0.9161  -0.9161  -0.9161  -0.9161  -0.9162  -0.9162
 -0.9163  -0.9166  -0.9174  -0.9194  -0.9244  -0.9368  -0.9681  -1.0465  -1.2424
 -1.7245  -2.7903  -3.7753  -4.3085  -4.7972  -5.2723  -5.7437  -6.2169  -6.6961
 -7.1834  -7.6786  -8.1828  -8.6869  -9.2582  -9.9038 -10.4894 -10.9937 -11.4964
-11.9981 -12.4992 -12.9999
  0.0000  -1.0561  -1.0561  -1.0561  -1.0561  -1.0561  -1.0561  -1.0561  -1.0561
 -1.0562  -1.0563  -1.0567  -1.0578  -1.0603  -1.0668  -1.0829  -1.1235  -1.2253
 -1.4799  -2.1072  -3.4310  -4.3036  -4.8188  -5.3032  -5.7767  -6.2471  -6.7194
 -7.1976  -7.6836  -8.1811  -8.6817  -9.2515  -9.8960 -10.4823 -10.9885 -11.4925
-11.9953 -12.4971 -12.9983
  0.0000  -1.2018  -1.2018  -1.2018  -1.2018  -1.2018  -1.2018  -1.2018  -1.2018
 -1.2019  -1.2019  -1.2021  -1.2027  -1.2040  -1.2073  -1.2155  -1.2362  -1.2882
 -1.4187  -1.7453  -2.5503  -4.1016  -4.8241  -5.3287  -5.8100  -6.2823  -6.7520
 -7.2235  -7.7005  -8.1887  -8.6824  -9.2478  -9.8890 -10.4749 -10.9833 -11.4893
-11.9934 -12.4963 -12.9982
  0.0000  -1.3481  -1.3481  -1.3481  -1.3481  -1.3481  -1.3481  -1.3481  -1.3481
 -1.3481  -1.3481  -1.3482  -1.3485  -1.3492  -1.3508  -1.3550  -1.3655  -1.3918
 -1.4579  -1.6239  -2.0393  -3.0626  -4.7349  -5.3359  -5.8332  -6.3120  -6.7833
 -7.2525  -7.7235  -8.2033  -8.6880  -9.2466  -9.8820 -10.4650 -10.9745 -11.4825
-11.9885 -12.4927 -12.9956
  0.0000  -1.4959  -1.4959  -1.4959  -1.4959  -1.4959  -1.4959  -1.4959  -1.4959
 -1.4959  -1.4959  -1.4960  -1.4961  -1.4964  -1.4973  -1.4994  -1.5046  -1.5179
 -1.5512  -1.6349  -1.8448  -2.3707  -3.6612  -5.2999  -5.8409  -6.3322  -6.8089
 -7.2793  -7.7482  -8.2229  -8.7003  -9.2519  -9.8804 -10.4576 -10.9659 -11.4750
-11.9828 -12.4886 -12.9925
  0.0000  -0.4302  -0.4302  -0.4302  -0.4302  -0.4302  -0.4303  -0.4305  -0.4310
 -0.4324  -0.4357  -0.4441  -0.4650  -0.5176  -0.6482  -0.9603  -1.5739  -2.2455
 -2.7834  -3.2765  -3.7566  -4.2309  -4.7070  -5.1894  -5.6798  -6.1777  -6.6802
 -7.1847  -7.6925  -8.2220  -8.8421  -9.4888  -9.9967 -10.4981 -10.9991 -11.4997
-12.0000 -12.5003 -13.0004
  0.0000  -0.5210  -0.5210  -0.5210  -0.5210  -0.5210  -0.5211  -0.5212  -0.5215
 -0.5224  -0.5245  -0.5298  -0.5431  -0.5764  -0.6595  -0.8637  -1.3357  -2.1329
 -2.7803  -3.2972  -3.7846  -4.2598  -4.7322  -5.2076  -5.6897  -6.1801  -6.6779
 -7.1804  -7.6881  -8.2183  -8.8387  -9.4854  -9.9944 -10.4967 -10.9981 -11.4991
-11.9997 -12.5000 -13.0003
  0.0000  -0.6316  -0.6316  -0.6316  -0.6316  -0.6316  -0.6316  -0.6317  -0.6319
 -0.6324  -0.6336  -0.6367  -0.6445  -0.6639  -0.7127  -0.8342  -1.1313  -1.7996
 -2.7157  -3.3069  -3.8113  -4.2925  -4.7652  -5.2364  -5.7110  -6.1927  -6.6824
 -7.1798  -7.6853  -8.2152  -8.8353  -9.4821  -9.9926 -10.4961 -10.9984 -11.4999
-12.0008 -12.5014 -13.0018
  0.0000  -0.7536  -0.7536  -0.7536  -0.7536  -0.7536  -0.7536  -0.7536  -0.7537
 -0.7540  -0.7547  -0.7564  -0.7607  -0.7714  -0.7984  -0.8659  -1.0340  -1.4451
 -2.3413  -3.2749  -3.8244  -4.3193  -4.7970  -5.2682  -5.7385  -6.2124  -6.6930
 -7.1821  -7.6820  -8.2092  -8.8277  -9.4736  -9.9861 -10.4912 -10.9948 -11.4972
-11.9988 -12.4998 -13.0004
  0.0000  -0.8852  -0.8852  -0.8852  -0.8852  -0.8852  -0.8853  -0.8853  -0.8853
 -0.8855  -0.8858  -0.8867  -0.8890  -0.8947  -0.9090  -0.9450  -1.0351  -1.2597
 -1.8090  -2.9498  -3.8100  -4.3354  -4.8242  -5.2998  -5.7701  -6.2397  -6.7128
 -7.1926  -7.6842  -8.2055  -8.8198  -9.4630  -9.9771 -10.4843 -10.9896 -11.4932
-11.9957 -12.4973 -12.9983
  0.0000  -1.0195  -1.0195  -1.0195  -1.0195  -1.0195  -1.0195  -1.0195  -1.0195
 -1.0196  -1.0198  -1.0203  -1.0215  -1.0244  -1.0318  -1.0505  -1.0973  -1.2148
 -1.5079  -2.2248  -3.5900  -4.3256  -4.8369  -5.3216  -5.7955  -6.2652  -6.7343
 -7.2071  -7.6900  -8.2035  -8.8114  -9.4491  -9.9628 -10.4717 -10.9790 -11.4842
-11.9878 -12.4903 -12.9918
  0.0000  -1.1698  -1.1698  -1.1698  -1.1698  -1.1698  -1.1698  -1.1699  -1.1699
 -1.1699  -1.1700  -1.1702  -1.1708  -1.1724  -1.1761  -1.1857  -1.2096  -1.2698
 -1.4206  -1.7976  -2.7181  -4.2229  -4.8422  -5.3439  -5.8251  -6.2977  -6.7667
 -7.2360  -7.7131  -8.2195  -8.8210  -9.4515  -9.9617 -10.4706 -10.9793 -11.4863
-11.9912 -12.4945 -12.9969
  0.0000  -0.3273  -0.3273  -0.3273  -0.3273  -0.3273  -0.3274  -0.3275  -0.3279
 -0.3290  -0.3318  -0.3402  -0.3674  -0.4580  -0.7163  -1.2023  -1.7565  -2.2760
 -2.7676  -3.2462  -3.7239  -4.2022  -4.6866  -5.1787  -5.6779  -6.1811  -6.6889
 -7.2185  -7.8042  -8.4803  -8.9951  -9.4973  -9.9986 -10.4995 -11.0000 -11.5004
-12.0006 -12.5008 -13.0008
  0.0000  -0.3615  -0.3615  -0.3615  -0.3615  -0.3616  -0.3617  -0.3619  -0.3626
 -0.3642  -0.3684  -0.3790  -0.4063  -0.4789  -0.6704  -1.1053  -1.7229  -2.2844
 -2.7911  -3.2750  -3.7520  -4.2260  -4.7033  -5.1875  -5.6800  -6.1793  -6.6856
 -7.2152  -7.8012  -8.4772  -8.9930  -9.4962  -9.9983 -10.4996 -11.0004 -11.5010
-12.0013 -12.5015 -13.0017
  0.0000  -0.4198  -0.4198  -0.4198  -0.4198  -0.4198  -0.4199  -0.4201  -0.4207
 -0.4220  -0.4255  -0.4341  -0.4559  -0.5108  -0.6483  -0.9793  -1.6121  -2.2720
 -2.8087  -3.3030  -3.7832  -4.2559  -4.7281  -5.2046  -5.6885  -6.1808  -6.6829
 -7.2108  -7.7961  -8.4713  -8.9890  -9.4935  -9.9966 -10.4987 -11.0000 -11.5008
-12.0014 -12.5017 -13.0019
  0.0000  -0.5005  -0.5005  -0.5005  -0.5005  -0.5005  -0.5006  -0.5007  -0.5011
 -0.5020  -0.5043  -0.5101  -0.5247  -0.5612  -0.6523  -0.8759  -1.3854  -2.1848
 -2.8078  -3.3233  -3.8112  -4.2866  -4.7572  -5.2283  -5.7041  -6.1873  -6.6820
 -7.2053  -7.7880  -8.4609  -8.9803  -9.4867  -9.9912 -10.4945 -10.9966 -11.4979
-11.9988 -12.4994 -12.9997
  0.0000  -0.6058  -0.6058  -0.6058  -0.6058  -0.6058  -0.6058  -0.6059  -0.6061
 -0.6067  -0.6081  -0.6116  -0.6203  -0.6422  -0.6970  -0.8333  -1.1648  -1.8873
 -2.7617  -3.3328  -3.8362  -4.3183  -4.7913  -5.2608  -5.7313  -6.2064  -6.6920
 -7.2079  -7.7852  -8.4533  -8.9729  -9.4813  -9.9879 -10.4925 -10.9957 -11.4979
-11.9992 -12.5001 -13.0006
  0.0000  -0.7268  -0.7269  -0.7269  -0.7269  -0.7269  -0.7269  -0.7269  -0.7271
 -0.7274  -0.7281  -0.7301  -0.7349  -0.7472  -0.7779  -0.8547  -1.0458  -1.5092
 -2.4649  -3.3094  -3.8478  -4.3422  -4.8209  -5.2923  -5.7612  -6.2313  -6.7095
 -7.2173  -7.7872  -8.4482  -8.9652  -9.4742  -9.9826 -10.4891 -10.9936 -11.4967
-11.9989 -12.5002 -13.0010
  0.0000  -0.8568  -0.8568  -0.8568  -0.8569  -0.8569  -0.8569  -0.8569  -0.8570
 -0.8571  -0.8575  -0.8586  -0.8612  -0.8677  -0.8842  -0.9254  -1.0287  -1.2858
 -1.9080  -3.0853  -3.8319  -4.3508  -4.8390  -5.3149  -5.7852  -6.2538  -6.7279
 -7.2298  -7.7935  -8.4473  -8.9582  -9.4655  -9.9746 -10.4827 -10.9888 -11.4929
-11.9959 -12.4978 -12.9990
  0.0000  -0.3699  -0.3699  -0.3698  -0.3696  -0.3692  -0.3681  -0.3655  -0.3591
 -0.3448  -0.3174  -0.2840  -0.2969  -0.4550  -0.7974  -1.2613  -1.7613  -2.2547
 -2.7369  -3.2147  -3.6974  -4.1841  -4.6781  -5.1782  -5.6851  -6.1901  -6.7616
 -7.4075  -7.9925  -8.4961  -8.9981  -9.4994 -10.0002 -10.5007 -11.0010 -11.5012
-12.0014 -12.5014 -13.0015
  0.0000  -0.3501  -0.3501  -0.3501  -0.3500  -0.3499  -0.3496  -0.3487  -0.3466
 -0.3418  -0.3320  -0.3185  -0.3266  -0.4402  -0.7581  -1.2415  -1.7667  -2.2737
 -2.7612  -3.2390  -3.7173  -4.1972  -4.6837  -5.1780  -5.6815  -6.1855  -6.7569
 -7.4025  -7.9883  -8.4928  -8.9958  -9.4977  -9.9989 -10.4997 -11.0001 -11.5005
-12.0007 -12.5008 -13.0009
  0.0000  -0.3425  -0.3425  -0.3425  -0.3425  -0.3425  -0.3425  -0.3424  -0.3424
 -0.3423  -0.3426  -0.3456  -0.3640  -0.4476  -0.7094  -1.2021  -1.7655  -2.2928
 -2.7886  -3.2688  -3.7449  -4.2193  -4.6981  -5.1843  -5.6816  -6.1822  -6.7519
 -7.3963  -7.9827  -8.4890  -8.9931  -9.4960  -9.9979 -10.4990 -10.9998 -11.5003
-12.0006 -12.5008 -13.0009
  0.0000  -0.3585  -0.3585  -0.3585  -0.3585  -0.3586  -0.3587  -0.3589  -0.3594
 -0.3609  -0.3645  -0.3738  -0.3989  -0.4696  -0.6669  -1.1181  -1.7392  -2.3030
 -2.8126  -3.2986  -3.7755  -4.2473  -4.7201  -5.1979  -5.6868  -6.1809  -6.7465
 -7.3879  -7.9738  -8.4821  -8.9880  -9.4921  -9.9950 -10.4969 -10.9980 -11.4988
-11.9993 -12.4996 -12.9998
  0.0000  -0.4062  -0.4062  -0.4062  -0.4062  -0.4062  -0.4063  -0.4065  -0.4071
 -0.4085  -0.4121  -0.4210  -0.4435  -0.5007  -0.6461  -0.9983  -1.6476  -2.2948
 -2.8299  -3.3260  -3.8071  -4.2796  -4.7497  -5.2214  -5.7020  -6.1876  -6.7466
 -7.3824  -7.9656  -8.4750  -8.9829  -9.4888  -9.9928 -10.4957 -10.9976 -11.4987
-11.9995 -12.5000 -13.0003
  0.0000  -0.4816  -0.4816  -0.4816  -0.4816  -0.4816  -0.4817  -0.4818  -0.4822
 -0.4832  -0.4858  -0.4921  -0.5080  -0.5478  -0.6474  -0.8914  -1.4377  -2.2272
 -2.8293  -3.3433  -3.8319  -4.3081  -4.7787  -5.2478  -5.7227  -6.2002  -6.7522
 -7.3808  -7.9581  -8.4663  -8.9754  -9.4832  -9.9890 -10.4928 -10.9957 -11.4974
-11.9985 -12.4993 -12.9997
  0.0000  -0.5821  -0.5821  -0.5821  -0.5821  -0.5821  -0.5821  -0.5822  -0.5825
 -0.5831  -0.5846  -0.5885  -0.5983  -0.6228  -0.6841  -0.8364  -1.2040  -1.9715
 -2.7906  -3.3463  -3.8478  -4.3300  -4.8034  -5.2726  -5.7453  -6.2179  -6.7647
 -7.3872  -7.9568  -8.4610  -8.9695  -9.4785  -9.9858 -10.4911 -10.9946 -11.4972
-11.9987 -12.4997 -13.0004
  0.0000  -0.4681  -0.4680  -0.4677  -0.4668  -0.4648  -0.4599  -0.4479  -0.4211
 -0.3685  -0.2920  -0.2356  -0.2797  -0.4757  -0.8168  -1.2588  -1.7402  -2.2250
 -2.7065  -3.1887  -3.6798  -4.1755  -4.6767  -5.1842  -5.7149  -6.3355  -6.9824
 -7.4923  -7.9954  -8.4974  -8.9987  -9.4995 -10.0000 -10.5003 -11.0005 -11.5007
-12.0008 -12.5008 -13.0008
  0.0000  -0.4580  -0.4579  -0.4577  -0.4572  -0.4559  -0.4526  -0.4447  -0.4262
 -0.3874  -0.3229  -0.2597  -0.2781  -0.4558  -0.7975  -1.2543  -1.7510  -2.2437
 -2.7267  -3.2062  -3.6914  -4.1806  -4.6765  -5.1813  -5.7110  -6.3309  -6.9777
 -7.4890  -7.9930  -8.4958  -8.9976  -9.4987  -9.9994 -10.4999 -11.0002 -11.5004
-12.0005 -12.5006 -13.0006
  0.0000  -0.4216  -0.4216  -0.4215  -0.4212  -0.4206  -0.4189  -0.4149  -0.4052
 -0.3836  -0.3428  -0.2915  -0.2896  -0.4387  -0.7772  -1.2504  -1.7652  -2.2677
 -2.7539  -3.2318  -3.7114  -4.1929  -4.6816  -5.1808  -5.7076  -6.3256  -6.9714
 -7.4843  -7.9898  -8.4937  -8.9963  -9.4980  -9.9991 -10.4998 -11.0002 -11.5005
-12.0007 -12.5008 -13.0009
  0.0000  -0.3795  -0.3795  -0.3794  -0.3793  -0.3791  -0.3785  -0.3771  -0.3735
 -0.3652  -0.3482  -0.3226  -0.3186  -0.4286  -0.7484  -1.2390  -1.7765  -2.2917
 -2.7832  -3.2620  -3.7379  -4.2132  -4.6937  -5.1851  -5.7061  -6.3201  -6.9630
 -7.4771  -7.9845  -8.4900  -8.9937  -9.4963  -9.9980 -10.4991 -10.9997 -11.5002
-12.0004 -12.5006 -13.0007
  0.0000  -0.3539  -0.3539  -0.3539  -0.3538  -0.3538  -0.3537  -0.3535  -0.3529
 -0.3516  -0.3491  -0.3464  -0.3569  -0.4373  -0.7074  -1.2074  -1.7778  -2.3107
 -2.8102  -3.2923  -3.7678  -4.2396  -4.7134  -5.1966  -5.7100  -6.3176  -6.9551
 -7.4686  -7.9775  -8.4848  -8.9901  -9.4938  -9.9964 -10.4980 -10.9990 -11.4997
-12.0001 -12.5003 -13.0005
  0.0000  -0.3583  -0.3583  -0.3583  -0.3583  -0.3583  -0.3584  -0.3586  -0.3590
 -0.3601  -0.3630  -0.3708  -0.3933  -0.4627  -0.6681  -1.1350  -1.7559  -2.3193
 -2.8306  -3.3183  -3.7959  -4.2671  -4.7374  -5.2144  -5.7207  -6.3216  -6.9514
 -7.4611  -7.9698  -8.4787  -8.9858  -9.4908  -9.9943 -10.4968 -10.9983 -11.4992
-11.9998 -12.5002 -13.0005
  0.0000  -0.3983  -0.3983  -0.3983  -0.3983  -0.3984  -0.3984  -0.3987  -0.3992
 -0.4007  -0.4043  -0.4133  -0.4363  -0.4955  -0.6487  -1.0217  -1.6785  -2.3096
 -2.8414  -3.3374  -3.8189  -4.2917  -4.7612  -5.2354  -5.7369  -6.3333  -6.9561
 -7.4592  -7.9654  -8.4745  -8.9829  -9.4895  -9.9940 -10.4972 -10.9993 -11.5006
-12.0014 -12.5020 -13.0023
  0.0000  -0.4954  -0.4952  -0.4947  -0.4935  -0.4903  -0.4826  -0.4646  -0.4262
 -0.3587  -0.2758  -0.2303  -0.2891  -0.4874  -0.8192  -1.2468  -1.7178  -2.1996
 -2.6842  -3.1732  -3.6725  -4.1779  -4.7076  -5.2939  -5.9697  -6.4877  -6.9922
 -7.4954  -7.9975  -8.4988  -8.9996  -9.5002 -10.0005 -10.5007 -11.0009 -11.5009
-12.0010 -12.5010 -13.0011
  0.0000  -0.5370  -0.5368  -0.5363  -0.5351  -0.5320  -0.5244  -0.5065  -0.4675
 -0.3964  -0.3026  -0.2391  -0.2806  -0.4697  -0.8031  -1.2427  -1.7254  -2.2126
 -2.6969  -3.1825  -3.6771  -4.1781  -4.7052  -5.2901  -5.9648  -6.4838  -6.9896
 -7.4935  -7.9963  -8.4980  -8.9992  -9.4999 -10.0003 -10.5006 -11.0008 -11.5009
-12.0010 -12.5010 -13.0010
  0.0000  -0.5461  -0.5460  -0.5456  -0.5445  -0.5419  -0.5355  -0.5201  -0.4859
 -0.4199  -0.3249  -0.2486  -0.2735  -0.4544  -0.7912  -1.2442  -1.7403  -2.2339
 -2.7182  -3.1996  -3.6874  -4.1817  -4.7039  -5.2857  -5.9577  -6.4777  -6.9850
 -7.4903  -7.9940  -8.4965  -8.9981  -9.4991  -9.9998 -10.5002 -11.0004 -11.5006
-12.0007 -12.5008 -13.0008
  0.0000  -0.5174  -0.5172  -0.5170  -0.5163  -0.5145  -0.5102  -0.4997  -0.4755
 -0.4257  -0.3449  -0.2656  -0.2719  -0.4408  -0.7803  -1.2477  -1.7587  -2.2598
 -2.7457  -3.2244  -3.7054  -4.1920  -4.7072  -5.2835  -5.9506  -6.4700  -6.9788
 -7.4859  -7.9909  -8.4944  -8.9968  -9.4983  -9.9993 -10.4999 -11.0003 -11.5006
-12.0007 -12.5008 -13.0009
  0.0000  -0.4615  -0.4614  -0.4613  -0.4609  -0.4600  -0.4578  -0.4523  -0.4393
 -0.4107  -0.3578  -0.2927  -0.2823  -0.4284  -0.7660  -1.2478  -1.7749  -2.2849
 -2.7745  -3.2527  -3.7293  -4.2092  -4.7170  -5.2862  -5.9462  -6.4622  -6.9710
 -7.4797  -7.9866  -8.4914  -8.9948  -9.4971  -9.9985 -10.4994 -11.0000 -11.5004
-12.0006 -12.5007 -13.0008
  0.0000  -0.4039  -0.4039  -0.4038  -0.4037  -0.4034  -0.4025  -0.4004  -0.3954
 -0.3836  -0.3596  -0.3237  -0.3113  -0.4217  -0.7436  -1.2388  -1.7847  -2.3053
 -2.7998  -3.2799  -3.7549  -4.2309  -4.7330  -5.2960  -5.9486  -6.4576  -6.9640
 -7.4732  -7.9816  -8.4881  -8.9925  -9.4958  -9.9978 -10.4991 -10.9999 -11.5005
-12.0008 -12.5010 -13.0012
  0.0000  -0.3660  -0.3660  -0.3660  -0.3660  -0.3659  -0.3657  -0.3653  -0.3642
 -0.3615  -0.3560  -0.3477  -0.3513  -0.4307  -0.7078  -1.2097  -1.7814  -2.3160
 -2.8166  -3.2998  -3.7755  -4.2502  -4.7496  -5.3092  -5.9570  -6.4574  -6.9590
 -7.4668  -7.9759  -8.4838  -8.9895  -9.4934  -9.9963 -10.4980 -10.9991 -11.4999
-12.0003 -12.5006 -13.0008
  0.0000  -0.4635  -0.4633  -0.4628  -0.4617  -0.4588  -0.4519  -0.4356  -0.4015
 -0.3425  -0.2718  -0.2372  -0.3002  -0.4954  -0.8188  -1.2360  -1.7002  -2.1819
 -2.6711  -3.1683  -3.6738  -4.2451  -4.8904  -5.4779  -5.9857  -6.4908  -6.9943
 -7.4967  -7.9981  -8.4991  -8.9997  -9.5000 -10.0003 -10.5004 -11.0005 -11.5006
-12.0006 -12.5007 -13.0007
  0.0000  -0.5270  -0.5268  -0.5262  -0.5249  -0.5216  -0.5136  -0.4949  -0.4553
 -0.3860  -0.2997  -0.2462  -0.2925  -0.4778  -0.8005  -1.2263  -1.7001  -2.1860
 -2.6750  -3.1707  -3.6745  -4.2436  -4.8872  -5.4744  -5.9830  -6.4890  -6.9930
 -7.4959  -7.9977  -8.4989  -8.9996  -9.5001 -10.0004 -10.5006 -11.0007 -11.5008
-12.0008 -12.5008 -13.0009
  0.0000  -0.5774  -0.5771  -0.5765  -0.5751  -0.5714  -0.5624  -0.5414  -0.4967
 -0.4178  -0.3174  -0.2487  -0.2833  -0.4635  -0.7896  -1.2268  -1.7112  -2.2012
 -2.6885  -3.1795  -3.6777  -4.2425  -4.8826  -5.4683  -5.9778  -6.4852  -6.9904
 -7.4940  -7.9965  -8.4981  -8.9991  -9.4997 -10.0001 -10.5004 -11.0005 -11.5006
-12.0007 -12.5007 -13.0007
  0.0000  -0.6056  -0.6054  -0.6048  -0.6033  -0.5996  -0.5905  -0.5691  -0.5231
 -0.4402  -0.3309  -0.2500  -0.2744  -0.4514  -0.7823  -1.2326  -1.7291  -2.2239
 -2.7097  -3.1958  -3.6864  -4.2451  -4.8795  -5.4614  -5.9709  -6.4796  -6.9865
 -7.4913  -7.9946  -8.4969  -8.9983  -9.4992  -9.9998 -10.5002 -11.0004 -11.5005
-12.0006 -12.5007 -13.0007
  0.0000  -0.5989  -0.5987  -0.5982  -0.5969  -0.5938  -0.5862  -0.5680  -0.5277
 -0.4517  -0.3440  -0.2552  -0.2684  -0.4406  -0.7757  -1.2389  -1.7481  -2.2487
 -2.7350  -3.2176  -3.7011  -4.2534  -4.8809  -5.4561  -5.9633  -6.4725  -6.9809
 -7.4874  -7.9918  -8.4949  -8.9970  -9.4983  -9.9992 -10.4997 -11.0000 -11.5002
-12.0004 -12.5004 -13.0005
  0.0000  -0.5552  -0.5551  -0.5548  -0.5540  -0.5519  -0.5468  -0.5346  -0.5065
 -0.4496  -0.3591  -0.2707  -0.2698  -0.4319  -0.7686  -1.2431  -1.7646  -2.2718
 -2.7601  -3.2417  -3.7202  -4.2682  -4.8900  -5.4567  -5.9585  -6.4663  -6.9755
 -7.4835  -7.9894  -8.4934  -8.9963  -9.4981  -9.9993 -10.5000 -11.0005 -11.5008
-12.0010 -12.5011 -13.0012
  0.0000  -0.4879  -0.4879  -0.4877  -0.4873  -0.4862  -0.4836  -0.4772  -0.4621
 -0.4292  -0.3693  -0.2966  -0.2816  -0.4232  -0.7559  -1.2396  -1.7727  -2.2865
 -2.7776  -3.2600  -3.7366  -4.2829  -4.9023  -5.4616  -5.9563  -6.4608  -6.9695
 -7.4784  -7.9855  -8.4906  -8.9940  -9.4965  -9.9980 -10.4990 -10.9996 -11.5000
-12.0003 -12.5004 -13.0005
  0.0000  -0.4186  -0.4184  -0.4181  -0.4171  -0.4149  -0.4093  -0.3964  -0.3689
 -0.3211  -0.2640  -0.2404  -0.3085  -0.5035  -0.8225  -1.2331  -1.6930  -2.1745
 -2.6698  -3.1963  -3.8113  -4.4574  -4.9736  -5.4824  -5.9887  -6.4928  -6.9959
 -7.4978  -7.9989  -8.4997  -9.0002  -9.5005 -10.0007 -10.5008 -11.0009 -11.5009
-12.0009 -12.5010 -13.0010
  0.0000  -0.4855  -0.4853  -0.4849  -0.4839  -0.4813  -0.4751  -0.4604  -0.4289
 -0.3729  -0.3012  -0.2573  -0.3045  -0.4838  -0.7968  -1.2119  -1.6802  -2.1676
 -2.6657  -3.1946  -3.8108  -4.4563  -4.9724  -5.4814  -5.9881  -6.4925  -6.9957
 -7.4977  -7.9990  -8.4998  -9.0003  -9.5006 -10.0008 -10.5010 -11.0011 -11.5011
-12.0011 -12.5012 -13.0012
  0.0000  -0.5432  -0.5430  -0.5425  -0.5413  -0.5382  -0.5307  -0.5130  -0.4754
 -0.4085  -0.3219  -0.2620  -0.2966  -0.4695  -0.7834  -1.2071  -1.6835  -2.1739
 -2.6704  -3.1963  -3.8101  -4.4523  -4.9676  -5.4773  -5.9849  -6.4904  -6.9941
 -7.4966  -7.9982  -8.4992  -8.9999  -9.5003 -10.0005 -10.5007 -11.0008 -11.5009
-12.0009 -12.5009 -13.0010
  0.0000  -0.5923  -0.5921  -0.5915  -0.5900  -0.5863  -0.5774  -0.5566  -0.5125
 -0.4347  -0.3341  -0.2613  -0.2874  -0.4578  -0.7762  -1.2111  -1.6972  -2.1900
 -2.6835  -3.2040  -3.8128  -4.4491  -4.9617  -5.4714  -5.9803  -6.4871  -6.9918
 -7.4951  -7.9973  -8.4987  -8.9996  -9.5001 -10.0005 -10.5007 -11.0008 -11.5009
-12.0010 -12.5010 -13.0011
  0.0000  -0.6252  -0.6249  -0.6243  -0.6227  -0.6187  -0.6090  -0.5863  -0.5381
 -0.4528  -0.3424  -0.2596  -0.2788  -0.4477  -0.7711  -1.2180  -1.7147  -2.2108
 -2.7022  -3.2174  -3.8208  -4.4499  -4.9567  -5.4646  -5.9741  -6.4824  -6.9885
 -7.4927  -7.9958  -8.4977  -8.9989  -9.4997 -10.0001 -10.5005 -11.0007 -11.5008
-12.0009 -12.5009 -13.0009
  0.0000  -0.6318  -0.6315  -0.6309  -0.6294  -0.6257  -0.6165  -0.5949  -0.5484
 -0.4640  -0.3507  -0.2613  -0.2733  -0.4394  -0.7663  -1.2237  -1.7309  -2.2313
 -2.7900  -3.2341  -3.8342  -4.4567  -4.9552  -5.4591  -5.9678  -6.4770  -6.9846
 -7.4901  -7.9937  -8.4964  -8.9980  -9.4991  -9.9997 -10.5002 -11.0004 -11.5006
-12.0007 -12.5008 -13.0008
  0.0000  -0.6067  -0.6065  -0.6060  -0.6049  -0.6020  -0.5948  -0.5778  -0.5400
 -0.4676  -0.3624  -0.2707  -0.2738  -0.4334  -0.7606  -1.2259  -1.7418  -2.2468
 -2.7388  -3.2497  -3.8495  -4.4686  -4.9589  -5.4574  -5.9640  -6.4731  -6.9816
 -7.4881  -7.9926  -8.4958  -8.9979  -9.4992 -10.0000 -10.5006 -11.0009 -11.5011
-12.0013 -12.5013 -13.0014
  0.0000  -0.3668  -0.3667  -0.3663  -0.3656  -0.3636  -0.3587  -0.3474  -0.3237
 -0.2830  -0.2371  -0.2276  -0.3094  -0.5144  -0.8375  -1.2460  -1.7043  -2.2046
 -2.7607  -3.4362  -3.9528  -4.4631  -4.9735  -5.4821  -5.9884  -6.4925  -6.9956
 -7.4974  -7.9986  -8.4994  -8.9999  -9.5002 -10.0004 -10.5005 -11.0006 -11.5006
-12.0006 -12.5007 -13.0007
  0.0000  -0.4399  -0.4398  -0.4395  -0.4387  -0.4368  -0.4321  -0.4210  -0.3968
 -0.3526  -0.2949  -0.2609  -0.3106  -0.4871  -0.7943  -1.2029  -1.6703  -2.1807
 -2.7464  -3.4326  -3.9542  -4.4662  -4.9767  -5.4846  -5.9901  -6.4938  -6.9963
 -7.4979  -7.9989  -8.4995  -8.9999  -9.5002 -10.0003 -10.5004 -11.0005 -11.5005
-12.0005 -12.5006 -13.0006
  0.0000  -0.4966  -0.4965  -0.4961  -0.4952  -0.4930  -0.4875  -0.4747  -0.4466
 -0.3949  -0.3246  -0.2741  -0.3075  -0.4722  -0.7751  -1.1881  -1.6626  -2.1776
 -2.7453  -3.4328  -3.9527  -4.4641  -4.9747  -5.4832  -5.9892  -6.4931  -6.9960
 -7.4978  -7.9989  -8.4996  -9.0000  -9.5003 -10.0005 -10.5006 -11.0007 -11.5007
-12.0007 -12.5008 -13.0008
  0.0000  -0.5450  -0.5448  -0.5444  -0.5433  -0.5406  -0.5341  -0.5187  -0.4853
 -0.4241  -0.3407  -0.2767  -0.3003  -0.4608  -0.7657  -1.1868  -1.6686  -2.1858
 -2.7520  -3.4104  -3.9506  -4.4596  -4.9702  -5.4795  -5.9866  -6.4914  -6.9948
 -7.4971  -7.9985  -8.4993  -8.9999  -9.5003 -10.0005 -10.5006 -11.0007 -11.5008
-12.0008 -12.5009 -13.0009
  0.0000  -0.5831  -0.5829  -0.5824  -0.5812  -0.5781  -0.5705  -0.5528  -0.5145
 -0.4449  -0.3505  -0.2760  -0.2927  -0.4511  -0.7601  -1.1913  -1.6814  -2.2009
 -2.7654  -3.4214  -3.9512  -4.4554  -4.9646  -5.4745  -5.9828  -6.4889  -6.9930
 -7.4960  -7.9978  -8.4990  -8.9997  -9.5002 -10.0005 -10.5007 -11.0008 -11.5009
-12.0009 -12.5009 -13.0010
  0.0000  -0.6051  -0.6049  -0.6043  -0.6030  -0.5998  -0.5919  -0.5732  -0.5327
 -0.4588  -0.3580  -0.2764  -0.2869  -0.4429  -0.7551  -1.1958  -1.6946  -2.2175
 -2.7820  -3.4376  -3.9562  -4.4536  -4.9597  -5.4692  -5.9784  -6.4857  -6.9908
 -7.4943  -7.9968  -8.4983  -8.9992  -9.4998 -10.0002 -10.5005 -11.0006 -11.5007
-12.0008 -12.5008 -13.0008
  0.0000  -0.6060  -0.6058  -0.6054  -0.6042  -0.6012  -0.5938  -0.5765  -0.5384
 -0.4670  -0.3666  -0.2813  -0.2855  -0.4367  -0.7490  -1.1965  -1.7032  -2.2300
 -2.7962  -3.4541  -3.9643  -4.4552  -4.9573  -5.4654  -5.9747  -6.4828  -6.9888
 -7.4928  -7.9958  -8.4976  -8.9988  -9.4995 -10.0000 -10.5003 -11.0005 -11.5006
-12.0007 -12.5007 -13.0007
 -1.0000  -0.3892  -0.3891  -0.3888  -0.3882  -0.3866  -0.3827  -0.3734  -0.3531
 -0.3161  -0.2687  -0.2461  -0.3056  -0.4884  -0.7993  -1.2164  -1.7279  -2.3248
 -2.9252  -3.4455  -3.9562  -4.4680  -4.9781  -5.4857  -5.9908  -6.4944  -6.9968
 -7.4982  -7.9992  -8.4998  -9.0001  -9.5004 -10.0005 -10.5006 -11.0007 -11.5007
-12.0008 -12.5008 -13.0008
  0.0000  -0.3892  -0.3890  -0.3888  -0.3881  -0.3866  -0.3827  -0.3734  -0.3531
 -0.3161  -0.2687  -0.2461  -0.3056  -0.4884  -0.7993  -1.2164  -1.7279  -2.3248
 -2.9252  -3.4455  -3.9562  -4.4680  -4.9781  -5.4857  -5.9908  -6.4944  -6.9968
 -7.4982  -7.9992  -8.4998  -9.0001  -9.5004 -10.0005 -10.5006 -11.0007 -11.5007
-12.0008 -12.5008 -13.0008
  0.0000  -0.4477  -0.4476  -0.4473  -0.4466  -0.4451  -0.4412  -0.4318  -0.4110
 -0.3713  -0.3153  -0.2746  -0.3090  -0.4689  -0.7658  -1.1824  -1.7013  -2.3083
 -2.9196  -3.4450  -3.9577  -4.4700  -4.9799  -5.4871  -5.9918  -6.4952  -6.9973
 -7.4987  -7.9995  -8.5001  -9.0004  -9.5006 -10.0008 -10.5008 -11.0009 -11.5009
-12.0010 -12.5010 -13.0010
  0.0000  -0.4921  -0.4920  -0.4917  -0.4910  -0.4892  -0.4847  -0.4741  -0.4504
 -0.4050  -0.3391  -0.2853  -0.3065  -0.4569  -0.7506  -1.1713  -1.6973  -2.3101
 -2.9220  -3.4442  -3.9553  -4.4673  -4.9776  -5.4854  -5.9907  -6.4943  -6.9968
 -7.4984  -7.9993  -8.4999  -9.0003  -9.5006 -10.0007 -10.5008 -11.0009 -11.5009
-12.0010 -12.5010 -13.0010
  0.0000  -0.5261  -0.5260  -0.5256  -0.5248  -0.5228  -0.5178  -0.5058  -0.4792
 -0.4281  -0.3534  -0.2890  -0.3016  -0.4474  -0.7422  -1.1699  -1.7038  -2.3216
 -2.9301  -3.4450  -3.9523  -4.4630  -4.9737  -5.4824  -5.9887  -6.4929  -6.9959
 -7.4978  -7.9989  -8.4997  -9.0002  -9.5005 -10.0007 -10.5008 -11.0009 -11.5009
-12.0009 -12.5010 -13.0010
  0.0000  -0.5468  -0.5466  -0.5463  -0.5455  -0.5434  -0.5382  -0.5257  -0.4978
 -0.4439  -0.3640  -0.2926  -0.2979  -0.4394  -0.7354  -1.1704  -1.7132  -2.3370
 -2.9422  -3.4488  -3.9508  -4.4592  -4.9696  -5.4790  -5.9863  -6.4912  -6.9946
 -7.4970  -7.9984  -8.4993  -8.9999  -9.5003 -10.0005 -10.5006 -11.0007 -11.5008
-12.0008 -12.5009 -13.0009
  0.0000  -0.5522  -0.5521  -0.5518  -0.5510  -0.5490  -0.5442  -0.5326  -0.5063
 -0.4542  -0.3749  -0.3001  -0.2987  -0.4336  -0.7280  -1.1685  -1.7190  -2.3494
 -2.9542  -3.4547  -3.9520  -4.4576  -4.9671  -5.4767  -5.9845  -6.4901  -6.9939
 -7.4965  -7.9982  -8.4993  -8.9999  -9.5004 -10.0006 -10.5008 -11.0009 -11.5010
-12.0010 -12.5010 -13.0011
 -2.0000  -0.3808  -0.3807  -0.3805  -0.3800  -0.3787  -0.3756  -0.3681  -0.3513
 -0.3191  -0.2733  -0.2431  -0.2860  -0.4565  -0.7872  -1.2756  -1.8835  -2.4214
 -2.9340  -3.4476  -3.9602  -4.4720  -4.9814  -5.4881  -5.9924  -6.4956  -6.9975
 -7.4987  -7.9995  -8.5000  -9.0003  -9.5005 -10.0006 -10.5007 -11.0007 -11.5007
-12.0008 -12.5008 -13.0008
 -1.0000  -0.3808  -0.3807  -0.3805  -0.3800  -0.3787  -0.3756  -0.3681  -0.3513
 -0.3191  -0.2733  -0.2431  -0.2860  -0.4565  -0.7872  -1.2756  -1.8835  -2.4214
 -2.9340  -3.4476  -3.9602  -4.4720  -4.9814  -5.4881  -5.9924  -6.4956  -6.9975
 -7.4987  -7.9995  -8.5000  -9.0003  -9.5005 -10.0006 -10.5007 -11.0007 -11.5007
-12.0008 -12.5008 -13.0008
  0.0000  -0.3808  -0.3807  -0.3805  -0.3800  -0.3787  -0.3756  -0.3681  -0.3513
 -0.3191  -0.2733  -0.2431  -0.2860  -0.4565  -0.7872  -1.2756  -1.8835  -2.4214
 -2.9340  -3.4476  -3.9602  -4.4720  -4.9814  -5.4881  -5.9924  -6.4956  -6.9975
 -7.4987  -7.9995  -8.5000  -9.0003  -9.5005 -10.0006 -10.5007 -11.0007 -11.5007
-12.0008 -12.5008 -13.0008
  0.0000  -0.4232  -0.4232  -0.4230  -0.4225  -0.4212  -0.4182  -0.4108  -0.3941
 -0.3608  -0.3099  -0.2666  -0.2894  -0.4400  -0.7583  -1.2464  -1.8660  -2.4143
 -2.9317  -3.4476  -3.9611  -4.4730  -4.9822  -5.4886  -5.9928  -6.4958  -6.9976
 -7.4988  -7.9995  -8.5000  -9.0003  -9.5005 -10.0006 -10.5007 -11.0007 -11.5007
-12.0008 -12.5008 -13.0008
  0.0000  -0.4522  -0.4521  -0.4519  -0.4514  -0.4502  -0.4469  -0.4392  -0.4218
 -0.3863  -0.3303  -0.2777  -0.2885  -0.4291  -0.7438  -1.2374  -1.8697  -2.4177
 -2.9325  -3.4464  -3.9591  -4.4711  -4.9807  -5.4876  -5.9921  -6.4953  -6.9973
 -7.4986  -7.9994  -8.4999  -9.0002  -9.5004 -10.0006 -10.5007 -11.0007 -11.5007
-12.0008 -12.5008 -13.0008
  0.0000  -0.4706  -0.4705  -0.4703  -0.4698  -0.4686  -0.4655  -0.4579  -0.4404
 -0.4045  -0.3461  -0.2874  -0.2892  -0.4218  -0.7345  -1.2351  -1.8810  -2.4262
 -2.9366  -3.4470  -3.9581  -4.4698  -4.9798  -5.4873  -5.9923  -6.4958  -6.9981
 -7.4995  -8.0004  -8.5010  -9.0014  -9.5016 -10.0017 -10.5018 -11.0019 -11.5019
-12.0020 -12.5020 -13.0020
  0.0000  -0.4746  -0.4746  -0.4744  -0.4739  -0.4728  -0.4701  -0.4634  -0.4477
 -0.4145  -0.3584  -0.2977  -0.2913  -0.4141  -0.7219  -1.2271  -1.8858  -2.4311
 -2.9387  -3.4465  -3.9560  -4.4671  -4.9771  -5.4849  -5.9903  -6.4939  -6.9964
 -7.4980  -7.9990  -8.4996  -9.0000  -9.5003 -10.0004 -10.5005 -11.0006 -11.5006
-12.0006 -12.5007 -13.0007
 -4.0000  -0.3172  -0.3172  -0.3171  -0.3168  -0.3160  -0.3140  -0.3093  -0.2983
 -0.2753  -0.2387  -0.2096  -0.2548  -0.4586  -0.8623  -1.3937  -1.9147  -2.4259
 -2.9385  -3.4523  -3.9658  -4.4768  -4.9849  -5.4903  -5.9940  -6.4964  -6.9979
 -7.4989  -7.9995  -8.4998  -9.0001  -9.5002 -10.0003 -10.5004 -11.0004 -11.5005
-12.0005 -12.5005 -13.0005
 -3.0000  -0.3172  -0.3172  -0.3171  -0.3168  -0.3160  -0.3140  -0.3093  -0.2983
 -0.2753  -0.2387  -0.2096  -0.2548  -0.4586  -0.8623  -1.3937  -1.9147  -2.4259
 -2.9385  -3.4523  -3.9658  -4.4768  -4.9849  -5.4903  -5.9940  -6.4964  -6.9979
 -7.4989  -7.9995  -8.4998  -9.0001  -9.5002 -10.0003 -10.5004 -11.0004 -11.5005
-12.0005 -12.5005 -13.0005
 -2.0000  -0.3172  -0.3172  -0.3171  -0.3168  -0.3160  -0.3140  -0.3093  -0.2983
 -0.2753  -0.2387  -0.2096  -0.2548  -0.4586  -0.8623  -1.3937  -1.9147  -2.4259
 -2.9385  -3.4523  -3.9658  -4.4768  -4.9849  -5.4903  -5.9940  -6.4964  -6.9979
 -7.4989  -7.9995  -8.4998  -9.0001  -9.5002 -10.0003 -10.5004 -11.0004 -11.5005
-12.0005 -12.5005 -13.0005
 -1.0000  -0.3172  -0.3172  -0.3171  -0.3168  -0.3160  -0.3140  -0.3093  -0.2983
 -0.2753  -0.2387  -0.2096  -0.2548  -0.4586  -0.8623  -1.3937  -1.9147  -2.4259
 -2.9385  -3.4523  -3.9658  -4.4768  -4.9849  -5.4903  -5.9940  -6.4964  -6.9979
 -7.4989  -7.9995  -8.4998  -9.0001  -9.5002 -10.0003 -10.5004 -11.0004 -11.5005
-12.0005 -12.5005 -13.0005
  0.0000  -0.3172  -0.3172  -0.3171  -0.3168  -0.3160  -0.3140  -0.3093  -0.2983
 -0.2753  -0.2387  -0.2096  -0.2548  -0.4586  -0.8623  -1.3937  -1.9147  -2.4259
 -2.9385  -3.4523  -3.9658  -4.4768  -4.9849  -5.4903  -5.9940  -6.4964  -6.9979
 -7.4989  -7.9995  -8.4998  -9.0001  -9.5002 -10.0003 -10.5004 -11.0004 -11.5005
-12.0005 -12.5005 -13.0005
  0.0000  -0.3251  -0.3250  -0.3249  -0.3246  -0.3240  -0.3223  -0.3181  -0.3083
 -0.2874  -0.2522  -0.2202  -0.2555  -0.4481  -0.8499  -1.3890  -1.9138  -2.4261
 -2.9386  -3.4522  -3.9655  -4.4765  -4.9846  -5.4902  -5.9937  -6.4963  -6.9978
 -7.4987  -7.9994  -8.4997  -9.0000  -9.5001 -10.0002 -10.5003 -11.0003 -11.5004
-12.0004 -12.5004 -13.0004
  0.0000  -0.3257  -0.3257  -0.3256  -0.3254  -0.3248  -0.3236  -0.3204  -0.3125
 -0.2952  -0.2647  -0.2334  -0.2598  -0.4383  -0.8358  -1.3830  -1.9129  -2.4270
 -2.9395  -3.4527  -3.9657  -4.4765  -4.9845  -5.4900  -5.9937  -6.4962  -6.9977
 -7.4986  -7.9993  -8.4996  -8.9999  -9.5000 -10.0001 -10.5002 -11.0002 -11.5003
-12.0003 -12.5003 -13.0003
 -3.0000  -0.1069  -0.1067  -0.1066  -0.1064  -0.1059  -0.1045  -0.1013  -0.0945
 -0.0835  -0.0794  -0.1252  -0.2925  -0.6216  -1.0500  -1.5047  -1.9723  -2.4526
 -2.9467  -3.4509  -3.9604  -4.4708  -4.9798  -5.4864  -5.9910  -6.4941  -6.9962
 -7.4975  -7.9983  -8.4988  -8.9991  -9.4993  -9.9995 -10.4996 -10.9996 -11.4996
-11.9997 -12.4997 -12.9997
 -2.0000  -0.1069  -0.1067  -0.1066  -0.1064  -0.1059  -0.1045  -0.1013  -0.0945
 -0.0835  -0.0794  -0.1252  -0.2925  -0.6216  -1.0500  -1.5047  -1.9723  -2.4526
 -2.9467  -3.4509  -3.9604  -4.4708  -4.9798  -5.4864  -5.9910  -6.4941  -6.9962
 -7.4975  -7.9983  -8.4988  -8.9991  -9.4993  -9.9995 -10.4996 -10.9996 -11.4996
-11.9997 -12.4997 -12.9997
 -1.0000  -0.1069  -0.1067  -0.1066  -0.1064  -0.1059  -0.1045  -0.1013  -0.0945
 -0.0835  -0.0794  -0.1252  -0.2925  -0.6216  -1.0500  -1.5047  -1.9723  -2.4526
 -2.9467  -3.4509  -3.9604  -4.4708  -4.9798  -5.4864  -5.9910  -6.4941  -6.9962
 -7.4975  -7.9983  -8.4988  -8.9991  -9.4993  -9.9995 -10.4996 -10.9996 -11.4996
-11.9997 -12.4997 -12.9997
  0.0000  -0.1069  -0.1067  -0.1066  -0.1064  -0.1059  -0.1045  -0.1013  -0.0945
 -0.0835  -0.0794  -0.1252  -0.2925  -0.6216  -1.0500  -1.5047  -1.9723  -2.4526
 -2.9467  -3.4509  -3.9604  -4.4708  -4.9798  -5.4864  -5.9910  -6.4941  -6.9962
 -7.4975  -7.9983  -8.4988  -8.9991  -9.4993  -9.9995 -10.4996 -10.9996 -11.4996
-11.9997 -12.4997 -12.9997
  0.0000  -0.1469  -0.1469  -0.1469  -0.1469  -0.1468  -0.1463  -0.1452  -0.1428
 -0.1391  -0.1388  -0.1672  -0.2857  -0.5575  -0.9680  -1.4385  -1.9299  -2.4319
 -2.9423  -3.4557  -3.9684  -4.4786  -4.9858  -5.4906  -5.9939  -6.4960  -6.9973
 -7.4981  -7.9986  -8.4989  -8.9991  -9.4993  -9.9994 -10.4994 -10.9994 -11.4995
-11.9995 -12.4995 -12.9995
  0.0000  -0.1628  -0.1629  -0.1629  -0.1629  -0.1629  -0.1629  -0.1628  -0.1627
 -0.1631  -0.1669  -0.1892  -0.2840  -0.5299  -0.9354  -1.4161  -1.9189  -2.4289
 -2.9438  -3.4588  -3.9715  -4.4809  -4.9874  -5.4916  -5.9945  -6.4963  -6.9974
 -7.4981  -7.9985  -8.4988  -8.9990  -9.4991  -9.9992 -10.4992 -10.9992 -11.4993
-11.9993 -12.4993 -12.9993
  0.0000  -0.1753  -0.1753  -0.1753  -0.1754  -0.1755  -0.1759  -0.1765  -0.1780
 -0.1819  -0.1899  -0.2087  -0.2829  -0.5074  -0.9113  -1.4022  -1.9138  -2.4288
 -2.9458  -3.4613  -3.9736  -4.4825  -4.9884  -5.4923  -5.9949  -6.4965  -6.9975
 -7.4981  -7.9985  -8.4988  -8.9989  -9.4990  -9.9991 -10.4991 -10.9992 -11.4992
-11.9992 -12.4992 -12.9992
nl= 3 nu= 6
  0.0000  -1.8585  -1.8585  -1.8585  -1.8585  -1.8585  -1.8585  -1.8585  -1.8585
 -1.8585  -1.8585  -1.8586  -1.8588  -1.8592  -1.8602  -1.8627  -1.8690  -1.8850
 -1.9250  -2.0256  -2.2780  -2.9109  -4.4629  -6.0488  -6.5617  -7.0516  -7.5409
 -8.0355  -8.5358  -9.0394  -9.5440 -10.0482 -10.5541 -11.0590 -11.5629 -12.1983
-12.8556
  0.0000  -2.0076  -2.0076  -2.0076  -2.0076  -2.0076  -2.0076  -2.0076  -2.0076
 -2.0076  -2.0077  -2.0077  -2.0078  -2.0080  -2.0085  -2.0097  -2.0129  -2.0209
 -2.0410  -2.0913  -2.2179  -2.5356  -3.3322  -5.2549  -6.5686  -7.0694  -7.5554
 -8.0425  -8.5356  -9.0349  -9.5381 -10.0426 -10.5497 -11.0556 -11.5602 -12.1959
-12.8533
  0.0000  -2.1606  -2.1606  -2.1606  -2.1606  -2.1606  -2.1606  -2.1606  -2.1606
 -2.1606  -2.1606  -2.1606  -2.1606  -2.1607  -2.1610  -2.1616  -2.1632  -2.1672
 -2.1773  -2.2025  -2.2658  -2.4249  -2.8245  -3.8262  -6.1351  -7.0876  -7.5806
 -8.0633  -8.5481  -9.0394  -9.5376 -10.0402 -10.5474 -11.0545 -11.5602 -12.1960
-12.8536
  0.0000  -2.2942  -2.2942  -2.2942  -2.2942  -2.2942  -2.2942  -2.2942  -2.2942
 -2.2942  -2.2942  -2.2942  -2.2942  -2.2943  -2.2944  -2.2947  -2.2955  -2.2975
 -2.3026  -2.3152  -2.3469  -2.4265  -2.6264  -3.1286  -4.3875  -6.9412  -7.5857
 -8.0727  -8.5524  -9.0348  -9.5241 -10.0209 -10.5255 -11.0324 -11.5392 -12.1751
-12.8327
  0.0000  -2.4714  -2.4714  -2.4714  -2.4714  -2.4714  -2.4714  -2.4714  -2.4714
 -2.4714  -2.4714  -2.4714  -2.4714  -2.4714  -2.4715  -2.4717  -2.4721  -2.4730
 -2.4756  -2.4819  -2.4977  -2.5375  -2.6376  -2.8888  -3.5198  -5.1005  -7.6022
 -8.1258  -8.6083  -9.0852  -9.5653 -10.0526 -10.5504 -11.0541 -11.5604 -12.1956
-12.8530
  0.0000  -2.6082  -2.6082  -2.6082  -2.6082  -2.6082  -2.6082  -2.6082  -2.6082
 -2.6082  -2.6082  -2.6082  -2.6082  -2.6082  -2.6082  -2.6083  -2.6085  -2.6090
 -2.6102  -2.6134  -2.6213  -2.6412  -2.6913  -2.8169  -3.1325  -3.9252  -5.9072
 -8.1232  -8.6232  -9.1024  -9.5772 -10.0552 -10.5433 -11.0395 -11.5419 -12.1743
-12.8301
  0.0000  -2.7587  -2.7587  -2.7587  -2.7587  -2.7587  -2.7587  -2.7587  -2.7587
 -2.7587  -2.7587  -2.7587  -2.7587  -2.7587  -2.7588  -2.7588  -2.7589  -2.7591
 -2.7598  -2.7613  -2.7653  -2.7753  -2.8003  -2.8631  -3.0209  -3.4174  -4.4131
 -6.8869  -8.6382  -9.1310  -9.6075 -10.0809 -10.5607 -11.0474 -11.5420 -12.1688
-12.8201
  0.0000  -1.5273  -1.5273  -1.5273  -1.5273  -1.5273  -1.5273  -1.5273  -1.5273
 -1.5274  -1.5275  -1.5278  -1.5285  -1.5303  -1.5350  -1.5466  -1.5757  -1.6490
 -1.8327  -2.2927  -3.4202  -5.0203  -5.5714  -6.0630  -6.5486  -7.0383  -7.5344
 -8.0359  -8.5400  -9.0445  -9.5512 -10.0567 -10.5610 -11.1295 -11.8465 -12.3559
-12.8567
  0.0000  -1.6752  -1.6752  -1.6752  -1.6752  -1.6752  -1.6752  -1.6752  -1.6752
 -1.6752  -1.6752  -1.6754  -1.6758  -1.6767  -1.6790  -1.6849  -1.6995  -1.7364
 -1.8289  -2.0611  -2.6427  -4.0595  -5.5638  -6.0806  -6.5673  -7.0507  -7.5388
 -8.0339  -8.5348  -9.0388  -9.5461 -10.0527 -10.5579 -11.1268 -11.8438 -12.3539
-12.8550
  0.0000  -1.8268  -1.8268  -1.8268  -1.8268  -1.8268  -1.8268  -1.8268  -1.8268
 -1.8268  -1.8269  -1.8269  -1.8271  -1.8276  -1.8287  -1.8317  -1.8390  -1.8575
 -1.9040  -2.0206  -2.3134  -3.0467  -4.8053  -6.0900  -6.5925  -7.0752  -7.5563
 -8.0427  -8.5367  -9.0368  -9.5431 -10.0503 -10.5566 -11.1262 -11.8427 -12.3540
-12.8559
  0.0000  -1.9785  -1.9785  -1.9785  -1.9785  -1.9785  -1.9785  -1.9785  -1.9785
 -1.9785  -1.9785  -1.9786  -1.9787  -1.9789  -1.9795  -1.9810  -1.9846  -1.9939
 -2.0172  -2.0756  -2.2224  -2.5909  -3.5142  -5.6364  -6.6101  -7.1041  -7.5835
 -8.0623  -8.5468  -9.0391  -9.5408 -10.0466 -10.5535 -11.1236 -11.8395 -12.3521
-12.8554
  0.0000  -2.1249  -2.1249  -2.1249  -2.1249  -2.1249  -2.1249  -2.1249  -2.1249
 -2.1249  -2.1249  -2.1250  -2.1250  -2.1251  -2.1254  -2.1261  -2.1280  -2.1326
 -2.1443  -2.1735  -2.2470  -2.4316  -2.8951  -4.0560  -6.4424  -7.1219  -7.6099
 -8.0864  -8.5632  -9.0457  -9.5389 -10.0394 -10.5442 -11.1138 -11.8281 -12.3429
-12.8478
  0.0000  -2.2580  -2.2580  -2.2580  -2.2580  -2.2580  -2.2580  -2.2580  -2.2580
 -2.2580  -2.2580  -2.2580  -2.2580  -2.2581  -2.2582  -2.2586  -2.2595  -2.2619
 -2.2677  -2.2823  -2.3191  -2.4115  -2.6435  -3.2261  -4.6843  -7.0795  -7.6174
 -8.1007  -8.5752  -9.0502  -9.5338 -10.0252 -10.5241 -11.0904 -11.8010 -12.3176
-12.8248
  0.0000  -2.4267  -2.4267  -2.4267  -2.4267  -2.4267  -2.4267  -2.4267  -2.4267
 -2.4267  -2.4267  -2.4267  -2.4267  -2.4267  -2.4268  -2.4270  -2.4275  -2.4286
 -2.4315  -2.4388  -2.4572  -2.5034  -2.6195  -2.9110  -3.6431  -5.4717  -7.6378
 -8.1441  -8.6242  -9.0972  -9.5741 -10.0564 -10.5464 -11.1062 -11.8101 -12.3262
-12.8351
  0.0000  -1.2006  -1.2006  -1.2006  -1.2006  -1.2006  -1.2006  -1.2006  -1.2007
 -1.2009  -1.2014  -1.2027  -1.2060  -1.2143  -1.2352  -1.2874  -1.4185  -1.7455
 -2.5417  -3.9276  -4.5764  -5.0748  -5.5587  -6.0434  -6.5343  -7.0319  -7.5344
 -8.0388  -8.5461  -9.0496  -9.5549 -10.0797 -10.7626 -11.3527 -11.8537 -12.3543
-12.8547
  0.0000  -1.3480  -1.3480  -1.3480  -1.3480  -1.3480  -1.3480  -1.3480  -1.3481
 -1.3482  -1.3485  -1.3491  -1.3508  -1.3550  -1.3656  -1.3922  -1.4591  -1.6267
 -2.0453  -3.0626  -4.5272  -5.0920  -5.5830  -6.0641  -6.5475  -7.0374  -7.5345
 -8.0367  -8.5437  -9.0482  -9.5545 -10.0801 -10.7629 -11.3535 -11.8550 -12.3560
-12.8567
  0.0000  -1.4909  -1.4909  -1.4909  -1.4909  -1.4909  -1.4909  -1.4910  -1.4910
 -1.4910  -1.4912  -1.4915  -1.4923  -1.4945  -1.4998  -1.5133  -1.5471  -1.6319
 -1.8448  -2.3770  -3.6619  -5.0751  -5.5992  -6.0849  -6.5636  -7.0453  -7.5341
 -8.0303  -8.5347  -9.0390  -9.5461 -10.0727 -10.7553 -11.3463 -11.8490 -12.3506
-12.8517
  0.0000  -1.6452  -1.6452  -1.6452  -1.6452  -1.6452  -1.6452  -1.6452  -1.6452
 -1.6452  -1.6453  -1.6455  -1.6459  -1.6470  -1.6497  -1.6564  -1.6734  -1.7162
 -1.8234  -2.0926  -2.7659  -4.3660  -5.6092  -6.1160  -6.5975  -7.0741  -7.5540
 -8.0411  -8.5389  -9.0399  -9.5465 -10.0737 -10.7558 -11.3477 -11.8516 -12.3544
-12.8561
  0.0000  -1.7925  -1.7925  -1.7925  -1.7925  -1.7925  -1.7925  -1.7925  -1.7925
 -1.7925  -1.7926  -1.7927  -1.7929  -1.7934  -1.7948  -1.7982  -1.8067  -1.8281
 -1.8820  -2.0173  -2.3568  -3.2061  -5.1456  -6.1271  -6.6244  -7.1026  -7.5773
 -8.0553  -8.5435  -9.0371  -9.5398 -10.0659 -10.7463 -11.3389 -11.8449 -12.3491
-12.8520
  0.0000  -1.9475  -1.9475  -1.9475  -1.9475  -1.9475  -1.9475  -1.9475  -1.9475
 -1.9475  -1.9475  -1.9475  -1.9476  -1.9479  -1.9486  -1.9503  -1.9546  -1.9653
 -1.9923  -2.0601  -2.2304  -2.6578  -3.7270  -5.9367  -6.6474  -7.1380  -7.6139
 -8.0869  -8.5664  -9.0503  -9.5452 -10.0665 -10.7429 -11.3347 -11.8430 -12.3493
-12.8536
  0.0000  -2.0922  -2.0922  -2.0922  -2.0922  -2.0922  -2.0922  -2.0922  -2.0922
 -2.0922  -2.0922  -2.0922  -2.0923  -2.0924  -2.0927  -2.0936  -2.0957  -2.1011
 -2.1146  -2.1485  -2.2338  -2.4480  -2.9856  -4.3294  -6.5971  -7.1520  -7.6378
 -8.1119  -8.5871  -9.0628  -9.5484 -10.0621 -10.7317 -11.3196 -11.8287 -12.3370
-12.8435
  0.0000  -0.8954  -0.8954  -0.8954  -0.8954  -0.8955  -0.8955  -0.8957  -0.8960
 -0.8969  -0.8991  -0.9047  -0.9188  -0.9540  -1.0422  -1.2611  -1.7883  -2.8117
 -3.5737  -4.0897  -4.5759  -5.0572  -5.5424  -6.0349  -6.5341  -7.0373  -7.5419
 -8.0489  -8.5549  -9.0594  -9.6951 -10.3526 -10.8548 -11.3557 -11.8562 -12.3566
-12.8568
  0.0000  -1.0298  -1.0298  -1.0298  -1.0298  -1.0298  -1.0298  -1.0299  -1.0301
 -1.0305  -1.0317  -1.0347  -1.0420  -1.0606  -1.1072  -1.2237  -1.5136  -2.2116
 -3.4277  -4.0949  -4.5968  -5.0786  -5.5581  -6.0425  -6.5346  -7.0335  -7.5365
 -8.0438  -8.5508  -9.0563  -9.6921 -10.3497 -10.8527 -11.3541 -11.8550 -12.3555
-12.8559
  0.0000  -1.1711  -1.1711  -1.1711  -1.1711  -1.1712  -1.1712  -1.1712  -1.1713
 -1.1715  -1.1721  -1.1737  -1.1775  -1.1871  -1.2111  -1.2715  -1.4228  -1.7995
 -2.7044  -4.0293  -4.6117  -5.1046  -5.5832  -6.0611  -6.5445  -7.0357  -7.5340
 -8.0395  -8.5467  -9.0533  -9.6892 -10.3467 -10.8510 -11.3532 -11.8546 -12.3555
-12.8561
  0.0000  -1.3136  -1.3136  -1.3136  -1.3136  -1.3136  -1.3136  -1.3136  -1.3137
 -1.3138  -1.3141  -1.3149  -1.3168  -1.3217  -1.3340  -1.3648  -1.4421  -1.6360
 -2.1194  -3.2728  -4.5883  -5.1233  -5.6100  -6.0861  -6.5624  -7.0444  -7.5343
 -8.0345  -8.5394  -9.0462  -9.6817 -10.3393 -10.8451 -11.3486 -11.8509 -12.3524
-12.8533
  0.0000  -1.4616  -1.4616  -1.4616  -1.4616  -1.4616  -1.4616  -1.4616  -1.4616
 -1.4617  -1.4619  -1.4623  -1.4632  -1.4657  -1.4719  -1.4875  -1.5267  -1.6250
 -1.8715  -2.4868  -3.9312  -5.1227  -5.6362  -6.1186  -6.5927  -7.0675  -7.5478
 -8.0391  -8.5380  -9.0421  -9.6758 -10.3323 -10.8404 -11.3456 -11.8492 -12.3517
-12.8533
  0.0000  -1.6035  -1.6035  -1.6035  -1.6035  -1.6035  -1.6035  -1.6035  -1.6035
 -1.6035  -1.6036  -1.6038  -1.6043  -1.6055  -1.6087  -1.6165  -1.6362  -1.6858
 -1.8101  -2.1221  -2.9010  -4.6605  -5.6369  -6.1392  -6.6184  -7.0909  -7.5644
 -8.0462  -8.5360  -9.0336  -9.6625 -10.3158 -10.8256 -11.3331 -11.8386 -12.3424
-12.8450
  0.0000  -1.7609  -1.7609  -1.7609  -1.7609  -1.7609  -1.7609  -1.7609  -1.7609
 -1.7609  -1.7609  -1.7610  -1.7613  -1.7619  -1.7635  -1.7674  -1.7773  -1.8022
 -1.8646  -2.0215  -2.4150  -3.3976  -5.4237  -6.1582  -6.6528  -7.1296  -7.6013
 -8.0770  -8.5580  -9.0468  -9.6687 -10.3154 -10.8242 -11.3332 -11.8409 -12.3465
-12.8503
  0.0000  -0.6316  -0.6316  -0.6316  -0.6317  -0.6318  -0.6320  -0.6325  -0.6338
 -0.6370  -0.6452  -0.6657  -0.7170  -0.8434  -1.1451  -1.7731  -2.5345  -3.0907
 -3.5886  -4.0713  -4.5527  -5.0395  -5.5336  -6.0340  -6.5377  -7.0452  -7.5519
 -8.0573  -8.6262  -9.3432  -9.8534 -10.3546 -10.8554 -11.3559 -11.8562 -12.3564
-12.8566
  0.0000  -0.7431  -0.7431  -0.7431  -0.7431  -0.7432  -0.7433  -0.7436  -0.7443
 -0.7462  -0.7508  -0.7625  -0.7919  -0.8652  -1.0465  -1.4781  -2.3214  -3.0786
 -3.6068  -4.0954  -4.5741  -5.0540  -5.5403  -6.0343  -6.5346  -7.0411  -7.5484
 -8.0547  -8.6242  -9.3407  -9.8519 -10.3539 -10.8551 -11.3558 -11.8563 -12.3567
-12.8568
  0.0000  -0.8670  -0.8670  -0.8670  -0.8671  -0.8671  -0.8671  -0.8673  -0.8677
 -0.8687  -0.8713  -0.8777  -0.8937  -0.9340  -1.0347  -1.2840  -1.8764  -2.9218
 -3.6091  -4.1183  -4.6008  -5.0769  -5.5557  -6.0412  -6.5347  -7.0374  -7.5437
 -8.0505  -8.6206  -9.3366  -9.8490 -10.3520 -10.8539 -11.3551 -11.8559 -12.3564
-12.8567
  0.0000  -1.0008  -1.0008  -1.0008  -1.0008  -1.0008  -1.0008  -1.0009  -1.0011
 -1.0017  -1.0030  -1.0064  -1.0149  -1.0363  -1.0898  -1.2238  -1.5562  -2.3432
 -3.5259  -4.1308  -4.6284  -5.1068  -5.5811  -6.0584  -6.5428  -7.0381  -7.5401
 -8.0458  -8.6156  -9.3304  -9.8447 -10.3490 -10.8522 -11.3542 -11.8555 -12.3563
-12.8568
  0.0000  -1.1404  -1.1404  -1.1404  -1.1404  -1.1405  -1.1405  -1.1405  -1.1406
 -1.1409  -1.1416  -1.1434  -1.1478  -1.1588  -1.1866  -1.2563  -1.4308  -1.8644
 -2.8834  -4.0969  -4.6464  -5.1366  -5.6123  -6.0850  -6.5610  -7.0468  -7.5409
 -8.0417  -8.6093  -9.3212  -9.8374 -10.3439 -10.8484 -11.3516 -11.8538 -12.3551
-12.8560
  0.0000  -1.2852  -1.2852  -1.2852  -1.2852  -1.2852  -1.2852  -1.2852  -1.2853
 -1.2854  -1.2858  -1.2867  -1.2889  -1.2946  -1.3088  -1.3444  -1.4339  -1.6581
 -2.2155  -3.5041  -4.6363  -5.1586  -5.6438  -6.1176  -6.5892  -7.0670  -7.5514
 -8.0441  -8.6060  -9.3122  -9.8288 -10.3373 -10.8441 -11.3488 -11.8521 -12.3543
-12.8557
  0.0000  -1.4322  -1.4322  -1.4322  -1.4322  -1.4322  -1.4322  -1.4322  -1.4322
 -1.4323  -1.4325  -1.4329  -1.4341  -1.4369  -1.4441  -1.4622  -1.5075  -1.6214
 -1.9067  -2.6170  -4.1973  -5.1574  -5.6656  -6.1470  -6.6195  -7.0937  -7.5708
 -8.0545  -8.6087  -9.3069  -9.8200 -10.3288 -10.8374 -11.3443 -11.8490 -12.3523
-12.8546
  0.0000  -0.4497  -0.4497  -0.4497  -0.4498  -0.4500  -0.4506  -0.4521  -0.4557
 -0.4647  -0.4873  -0.5425  -0.6735  -0.9614  -1.4764  -2.0641  -2.5885  -3.0802
 -3.5642  -4.0480  -4.5370  -5.0327  -5.5342  -6.0412  -6.5459  -7.0526  -7.5785
 -8.2612  -8.8520  -9.3538  -9.8549 -10.3556 -10.8561 -11.3564 -11.8566 -12.3567
-12.8568
  0.0000  -0.5213  -0.5213  -0.5214  -0.5214  -0.5216  -0.5219  -0.5229  -0.5252
 -0.5311  -0.5458  -0.5824  -0.6724  -0.8863  -1.3416  -2.0128  -2.5952  -3.1018
 -3.5879  -4.0674  -4.5491  -5.0376  -5.5334  -6.0376  -6.5419  -7.0491  -7.5758
 -8.2584  -8.8496  -9.3523  -9.8540 -10.3551 -10.8558 -11.3562 -11.8565 -12.3567
-12.8568
  0.0000  -0.6102  -0.6102  -0.6102  -0.6102  -0.6103  -0.6106  -0.6111  -0.6126
 -0.6162  -0.6253  -0.6480  -0.7047  -0.8441  -1.1738  -1.8344  -2.5714  -3.1179
 -3.6137  -4.0929  -4.5694  -5.0499  -5.5377  -6.0361  -6.5375  -7.0443  -7.5715
 -8.2537  -8.8455  -9.3493  -9.8520 -10.3537 -10.8548 -11.3555 -11.8559 -12.3562
-12.8564
  0.0000  -0.7174  -0.7174  -0.7174  -0.7174  -0.7175  -0.7176  -0.7180  -0.7188
 -0.7209  -0.7262  -0.7394  -0.7726  -0.8553  -1.0590  -1.5378  -2.4094  -3.1149
 -3.6368  -4.1230  -4.5984  -5.0729  -5.5521  -6.0418  -6.5368  -7.0405  -7.5669
 -8.2477  -8.8402  -9.3459  -9.8498 -10.3525 -10.8542 -11.3554 -11.8561 -12.3565
-12.8568
  0.0000  -0.8382  -0.8382  -0.8382  -0.8382  -0.8382  -0.8383  -0.8385  -0.8390
 -0.8401  -0.8430  -0.8503  -0.8687  -0.9147  -1.0296  -1.3129  -1.9744  -3.0113
 -3.6434  -4.1488  -4.6297  -5.1026  -5.5757  -6.0565  -6.5423  -7.0391  -7.5618
 -8.2393  -8.8314  -9.3393  -9.8451 -10.3491 -10.8519 -11.3537 -11.8549 -12.3556
-12.8561
  0.0000  -0.9710  -0.9710  -0.9710  -0.9710  -0.9711  -0.9711  -0.9712  -0.9714
 -0.9721  -0.9736  -0.9775  -0.9873  -1.0118  -1.0734  -1.2272  -1.6074  -2.4860
 -3.5938  -4.1626  -4.6582  -5.1355  -5.6070  -6.0821  -6.5591  -7.0467  -7.5622
 -8.2336  -8.8227  -9.3318  -9.8398 -10.3458 -10.8498 -11.3528 -11.8546 -12.3558
-12.8566
  0.0000  -1.1095  -1.1095  -1.1095  -1.1095  -1.1096  -1.1096  -1.1096  -1.1098
 -1.1101  -1.1109  -1.1129  -1.1180  -1.1307  -1.1628  -1.2432  -1.4443  -1.9420
 -3.0711  -4.1389  -4.6722  -5.1613  -5.6364  -6.1103  -6.5818  -7.0613  -7.5686
 -8.2326  -8.8149  -9.3222  -9.8313 -10.3393 -10.8453 -11.3493 -11.8523 -12.3541
-12.8553
  0.0000  -0.3512  -0.3512  -0.3513  -0.3516  -0.3522  -0.3538  -0.3577  -0.3672
 -0.3897  -0.4385  -0.5325  -0.7139  -1.0715  -1.5637  -2.0732  -2.5677  -3.0532
 -3.5412  -4.0335  -4.5312  -5.0338  -5.5412  -6.0487  -6.5550  -7.1909  -7.8484
 -8.3521  -8.8538  -9.3549  -9.8556 -10.3560 -10.8563 -11.3565 -11.8566 -12.3567
-12.8567
  0.0000  -0.3924  -0.3924  -0.3925  -0.3926  -0.3930  -0.3939  -0.3963  -0.4021
 -0.4164  -0.4507  -0.5284  -0.6935  -1.0277  -1.5448  -2.0832  -2.5884  -3.0747
 -3.5585  -4.0436  -4.5346  -5.0323  -5.5376  -6.0448  -6.5517  -7.1877  -7.8454
 -8.3498  -8.8523  -9.3539  -9.8549 -10.3556 -10.8560 -11.3562 -11.8564 -12.3565
-12.8566
  0.0000  -0.4417  -0.4418  -0.4418  -0.4419  -0.4421  -0.4427  -0.4443  -0.4481
 -0.4576  -0.4812  -0.5387  -0.6734  -0.9670  -1.4915  -2.0831  -2.6093  -3.1013
 -3.5834  -4.0624  -4.5454  -5.0357  -5.5360  -6.0411  -6.5479  -7.1834  -7.8410
 -8.3469  -8.8505  -9.3529  -9.8544 -10.3554 -10.8560 -11.3564 -11.8567 -12.3568
-12.8569
  0.0000  -0.5046  -0.5046  -0.5046  -0.5047  -0.5049  -0.5053  -0.5063  -0.5088
 -0.5152  -0.5310  -0.5705  -0.6673  -0.8954  -1.3720  -2.0449  -2.6209  -3.1271
 -3.6121  -4.0880  -4.5642  -5.0458  -5.5381  -6.0378  -6.5423  -7.1762  -7.8329
 -8.3408  -8.8459  -9.3495  -9.8519 -10.3534 -10.8544 -11.3550 -11.8554 -12.3557
-12.8558
  0.0000  -0.5892  -0.5892  -0.5892  -0.5893  -0.5894  -0.5896  -0.5902  -0.5918
 -0.5959  -0.6059  -0.6311  -0.6939  -0.8477  -1.2072  -1.8967  -2.6080  -3.1480
 -3.6428  -4.1206  -4.5935  -5.0679  -5.5512  -6.0424  -6.5412  -7.1710  -7.8248
 -8.3345  -8.8417  -9.3469  -9.8505 -10.3530 -10.8546 -11.3556 -11.8562 -12.3566
-12.8568
  0.0000  -0.6900  -0.6900  -0.6900  -0.6901  -0.6901  -0.6903  -0.6907  -0.6916
 -0.6940  -0.6999  -0.7149  -0.7522  -0.8454  -1.0738  -1.6014  -2.4839  -3.1451
 -3.6629  -4.1487  -4.6230  -5.0942  -5.5705  -6.0528  -6.5430  -7.1661  -7.8141
 -8.3233  -8.8322  -9.3395  -9.8448 -10.3484 -10.8509 -11.3525 -11.8535 -12.3542
-12.8546
  0.0000  -0.8105  -0.8105  -0.8105  -0.8105  -0.8106  -0.8106  -0.8108  -0.8114
 -0.8127  -0.8160  -0.8244  -0.8453  -0.8977  -1.0284  -1.3493  -2.0794  -3.0754
 -3.6690  -4.1720  -4.6528  -5.1251  -5.5987  -6.0745  -6.5564  -7.1727  -7.8121
 -8.3168  -8.8253  -9.3342  -9.8414 -10.3467 -10.8502 -11.3527 -11.8543 -12.3553
-12.8559
  0.0000  -0.2893  -0.2894  -0.2898  -0.2907  -0.2929  -0.2984  -0.3115  -0.3405
 -0.3933  -0.4580  -0.5374  -0.7322  -1.0948  -1.5595  -2.0506  -2.5413  -3.0313
 -3.5276  -4.0284  -4.5351  -5.0432  -5.5507  -6.1210  -6.8374  -7.3493  -7.8521
 -8.3538  -8.8549  -9.3556  -9.8560 -10.3563 -10.8565 -11.3566 -11.8567 -12.3567
-12.8567
  0.0000  -0.3187  -0.3188  -0.3190  -0.3196  -0.3209  -0.3243  -0.3324  -0.3514
 -0.3910  -0.4549  -0.5382  -0.7167  -1.0803  -1.5627  -2.0658  -2.5590  -3.0458
 -3.5365  -4.0312  -4.5338  -5.0400  -5.5473  -6.1178  -6.8336  -7.3468  -7.8503
 -8.3527  -8.8542  -9.3551  -9.8557 -10.3561 -10.8564 -11.3565 -11.8566 -12.3567
-12.8567
  0.0000  -0.3513  -0.3513  -0.3515  -0.3518  -0.3525  -0.3543  -0.3588  -0.3698
 -0.3950  -0.4465  -0.5350  -0.7034  -1.0600  -1.5643  -2.0843  -2.5827  -3.0678
 -3.5527  -4.0397  -4.5355  -5.0375  -5.5431  -6.1130  -6.8276  -7.3424  -7.8471
 -8.3504  -8.8526  -9.3540  -9.8549 -10.3555 -10.8559 -11.3561 -11.8562 -12.3563
-12.8564
  0.0000  -0.3873  -0.3873  -0.3874  -0.3875  -0.3879  -0.3890  -0.3915  -0.3979
 -0.4134  -0.4497  -0.5286  -0.6905  -1.0267  -1.5546  -2.1015  -2.6100  -3.0967
 -3.5776  -4.0571  -4.5445  -5.0392  -5.5404  -6.1080  -6.8198  -7.3362  -7.8428
 -8.3475  -8.8507  -9.3529  -9.8543 -10.3552 -10.8557 -11.3561 -11.8563 -12.3564
-12.8565
  0.0000  -0.4304  -0.4304  -0.4304  -0.4305  -0.4308  -0.4314  -0.4331  -0.4371
 -0.4473  -0.4725  -0.5331  -0.6728  -0.9747  -1.5113  -2.1059  -2.6340  -3.1271
 -3.6077  -4.0827  -4.5625  -5.0483  -5.5417  -6.1042  -6.8108  -7.3274  -7.8359
 -8.3426  -8.8472  -9.3505  -9.8527 -10.3541 -10.8550 -11.3555 -11.8559 -12.3561
-12.8562
  0.0000  -0.4894  -0.4894  -0.4895  -0.4895  -0.4897  -0.4901  -0.4912  -0.4940
 -0.5009  -0.5181  -0.5608  -0.6650  -0.9080  -1.4056  -2.0771  -2.6473  -3.1540
 -3.6389  -4.1134  -4.5888  -5.0670  -5.5516  -6.1065  -6.8056  -7.3190  -7.8279
 -8.3364  -8.8431  -9.3478  -9.8510 -10.3532 -10.8546 -11.3555 -11.8560 -12.3564
-12.8566
  0.0000  -0.5689  -0.5689  -0.5689  -0.5689  -0.5691  -0.5693  -0.5700  -0.5718
 -0.5763  -0.5874  -0.6152  -0.6845  -0.8534  -1.2424  -1.9513  -2.6346  -3.1693
 -3.6640  -4.1420  -4.6172  -5.0913  -5.5687  -6.1167  -6.8083  -7.3138  -7.8200
 -8.3290  -8.8374  -9.3440  -9.8485 -10.3517 -10.8538 -11.3551 -11.8559 -12.3565
-12.8568
  0.0000  -0.2636  -0.2639  -0.2646  -0.2664  -0.2708  -0.2814  -0.3053  -0.3510
 -0.4120  -0.4626  -0.5395  -0.7392  -1.0916  -1.5420  -2.0273  -2.5209  -3.0181
 -3.5255  -4.0319  -4.5412  -5.0697  -5.7526  -6.3449  -6.8488  -7.3518  -7.8536
 -8.3547  -8.8554  -9.3559  -9.8562 -10.3564 -10.8565 -11.3566 -11.8566 -12.3566
-12.8567
  0.0000  -0.2733  -0.2735  -0.2741  -0.2757  -0.2795  -0.2888  -0.3102  -0.3539
 -0.4187  -0.4731  -0.5380  -0.7258  -1.0820  -1.5447  -2.0373  -2.5310  -3.0246
 -3.5279  -4.0310  -4.5387  -5.0669  -5.7491  -6.3418  -6.8469  -7.3504  -7.8527
 -8.3542  -8.8552  -9.3558  -9.8561 -10.3564 -10.8565 -11.3566 -11.8567 -12.3567
-12.8567
  0.0000  -0.2889  -0.2891  -0.2896  -0.2907  -0.2935  -0.3003  -0.3166  -0.3519
 -0.4129  -0.4759  -0.5375  -0.7149  -1.0768  -1.5546  -2.0561  -2.5501  -3.0388
 -3.5358  -4.0326  -4.5367  -5.0634  -5.7440  -6.3369  -6.8435  -7.3480  -7.8513
 -8.3534  -8.8547  -9.3555  -9.8561 -10.3564 -10.8566 -11.3568 -11.8568 -12.3569
-12.8569
  0.0000  -0.3133  -0.3134  -0.3136  -0.3143  -0.3160  -0.3202  -0.3303  -0.3535
 -0.4000  -0.4667  -0.5379  -0.7049  -1.0707  -1.5667  -2.0798  -2.5761  -3.0614
 -3.5510  -4.0396  -4.5372  -5.0600  -5.7372  -6.3294  -6.8377  -7.3440  -7.8483
 -8.3514  -8.8533  -9.3546  -9.8554 -10.3559 -10.8562 -11.3564 -11.8566 -12.3566
-12.8567
  0.0000  -0.3445  -0.3445  -0.3447  -0.3450  -0.3459  -0.3481  -0.3535  -0.3666
 -0.3957  -0.4514  -0.5359  -0.6968  -1.0579  -1.5746  -2.1039  -2.6057  -3.0905
 -3.5749  -4.0554  -4.5444  -5.0604  -5.7318  -6.3209  -6.8301  -7.3382  -7.8444
 -8.3486  -8.8517  -9.3536  -9.8548 -10.3556 -10.8561 -11.3564 -11.8566 -12.3568
-12.8569
  0.0000  -0.3790  -0.3791  -0.3791  -0.3793  -0.3798  -0.3810  -0.3839  -0.3910
 -0.4083  -0.4475  -0.5284  -0.6885  -1.0303  -1.5678  -2.1212  -2.6330  -3.1208
 -3.6034  -4.0786  -4.5597  -5.0675  -5.7319  -6.3141  -6.8214  -7.3305  -7.8386
 -8.3447  -8.8488  -9.3518  -9.8537 -10.3549 -10.8557 -11.3561 -11.8565 -12.3567
-12.8568
  0.0000  -0.4203  -0.4203  -0.4204  -0.4205  -0.4208  -0.4215  -0.4232  -0.4277
 -0.4387  -0.4656  -0.5296  -0.6741  -0.9839  -1.5293  -2.1232  -2.6520  -3.1466
 -3.6310  -4.1043  -4.5806  -5.0817  -5.7407  -6.3134  -6.8148  -7.3225  -7.8316
 -8.3395  -8.8453  -9.3492  -9.8521 -10.3539 -10.8550 -11.3557 -11.8562 -12.3565
-12.8567
  0.0000  -0.2713  -0.2716  -0.2724  -0.2743  -0.2789  -0.2898  -0.3135  -0.3564
 -0.4110  -0.4607  -0.5432  -0.7425  -1.0857  -1.5275  -2.0114  -2.5103  -3.0157
 -3.5285  -4.0394  -4.6768  -5.3357  -5.8435  -6.3481  -6.8513  -7.3534  -7.8547
 -8.3555  -8.8560  -9.3563  -9.8565 -10.3567 -10.8567 -11.3568 -11.8568 -12.3569
-12.8569
  0.0000  -0.2730  -0.2733  -0.2742  -0.2762  -0.2812  -0.2932  -0.3194  -0.3676
 -0.4284  -0.4751  -0.5423  -0.7287  -1.0724  -1.5227  -2.0124  -2.5119  -3.0157
 -3.5276  -4.0378  -4.6743  -5.3328  -5.8413  -6.3467  -6.8503  -7.3528  -7.8543
 -8.3553  -8.8559  -9.3563  -9.8566 -10.3567 -10.8568 -11.3569 -11.8569 -12.3569
-12.8570
  0.0000  -0.2676  -0.2679  -0.2688  -0.2709  -0.2761  -0.2886  -0.3165  -0.3693
 -0.4372  -0.4838  -0.5399  -0.7187  -1.0679  -1.5295  -2.0245  -2.5223  -3.0213
 -3.5288  -4.0357  -4.6701  -5.3272  -5.8369  -6.3435  -6.8480  -7.3512  -7.8532
 -8.3545  -8.8554  -9.3559  -9.8562 -10.3564 -10.8566 -11.3566 -11.8567 -12.3567
-12.8568
  0.0000  -0.2666  -0.2669  -0.2677  -0.2695  -0.2742  -0.2856  -0.3116  -0.3636
 -0.4366  -0.4879  -0.5372  -0.7111  -1.0688  -1.5444  -2.0461  -2.5423  -3.0354
 -3.5353  -4.0362  -4.6663  -5.3201  -5.8305  -6.3387  -6.8448  -7.3489  -7.8519
 -8.3537  -8.8549  -9.3557  -9.8562 -10.3565 -10.8567 -11.3568 -11.8569 -12.3569
-12.8569
  0.0000  -0.2780  -0.2782  -0.2788  -0.2802  -0.2836  -0.2920  -0.3119  -0.3544
 -0.4240  -0.4858  -0.5354  -0.7043  -1.0702  -1.5616  -2.0723  -2.5689  -3.0573
 -3.5491  -4.0418  -4.6657  -5.3133  -5.8225  -6.3318  -6.8397  -7.3455  -7.8494
 -8.3522  -8.8540  -9.3551  -9.8558 -10.3563 -10.8566 -11.3568 -11.8569 -12.3570
-12.8570
  0.0000  -0.3031  -0.3032  -0.3035  -0.3043  -0.3064  -0.3115  -0.3237  -0.3515
 -0.4050  -0.4738  -0.5360  -0.6977  -1.0676  -1.5756  -2.0975  -2.5973  -3.0841
 -3.5698  -4.0545  -4.6720  -5.3114  -5.8152  -6.3235  -6.8327  -7.3403  -7.8459
 -8.3496  -8.8524  -9.3540  -9.8551 -10.3558 -10.8562 -11.3565 -11.8567 -12.3568
-12.8569
  0.0000  -0.3369  -0.3369  -0.3371  -0.3375  -0.3386  -0.3412  -0.3476  -0.3628
 -0.3960  -0.4555  -0.5361  -0.6925  -1.0569  -1.5812  -2.1167  -2.6224  -3.1108
 -3.5937  -4.0729  -4.6867  -5.3183  -5.8128  -6.3169  -6.8255  -7.3345  -7.8418
 -8.3470  -8.8504  -9.3530  -9.8546 -10.3556 -10.8562 -11.3566 -11.8569 -12.3570
-12.8571
  0.0000  -0.2804  -0.2806  -0.2812  -0.2828  -0.2866  -0.2957  -0.3156  -0.3520
 -0.4016  -0.4543  -0.5446  -0.7464  -1.0855  -1.5225  -2.0076  -2.5102  -3.0198
 -3.5958  -4.3112  -4.8307  -5.3393  -5.8453  -6.3490  -6.8519  -7.3535  -7.8546
 -8.3552  -8.8557  -9.3559  -9.8561 -10.3562 -10.8563 -11.3563 -11.8563 -12.3564
-12.8564
  0.0000  -0.2931  -0.2934  -0.2941  -0.2958  -0.3000  -0.3099  -0.3318  -0.3719
 -0.4252  -0.4733  -0.5457  -0.7288  -1.0623  -1.5049  -1.9972  -2.5041  -3.0158
 -3.5940  -4.3103  -4.8300  -5.3388  -5.8450  -6.3488  -6.8518  -7.3535  -7.8546
 -8.3553  -8.8557  -9.3560  -9.8562 -10.3563 -10.8564 -11.3564 -11.8564 -12.3565
-12.8565
  0.0000  -0.2865  -0.2868  -0.2877  -0.2897  -0.2947  -0.3065  -0.3324  -0.3796
 -0.4396  -0.4853  -0.5451  -0.7189  -1.0540  -1.5042  -2.0005  -2.5066  -3.0157
 -3.5924  -4.3063  -4.8259  -5.3356  -5.8427  -6.3474  -6.8507  -7.3528  -7.8542
 -8.3550  -8.8556  -9.3559  -9.8561 -10.3563 -10.8563 -11.3564 -11.8564 -12.3565
-12.8565
  0.0000  -0.2710  -0.2714  -0.2723  -0.2747  -0.2806  -0.2945  -0.3250  -0.3802
 -0.4477  -0.4917  -0.5421  -0.7119  -1.0547  -1.5152  -2.0150  -2.5177  -3.0209
 -3.5927  -4.3014  -4.8195  -5.3299  -5.8383  -6.3444  -6.8485  -7.3514  -7.8532
 -8.3544  -8.8551  -9.3556  -9.8559 -10.3561 -10.8562 -11.3563 -11.8563 -12.3563
-12.8564
  0.0000  -0.2573  -0.2577  -0.2587  -0.2613  -0.2675  -0.2823  -0.3152  -0.3758
 -0.4500  -0.4943  -0.5382  -0.7065  -1.0585  -1.5325  -2.0377  -2.5374  -3.0336
 -3.5983  -4.2999  -4.8131  -5.3226  -5.8322  -6.3399  -6.8455  -7.3493  -7.8519
 -8.3536  -8.8547  -9.3553  -9.8558 -10.3560 -10.8562 -11.3563 -11.8564 -12.3564
-12.8564
  0.0000  -0.2559  -0.2562  -0.2571  -0.2594  -0.2649  -0.2781  -0.3082  -0.3668
 -0.4447  -0.4938  -0.5350  -0.7016  -1.0627  -1.5506  -2.0629  -2.5620  -3.0529
 -3.6110  -4.3064  -4.8103  -5.3156  -5.8248  -6.3339  -6.8412  -7.3464  -7.8499
 -8.3524  -8.8539  -9.3549  -9.8555 -10.3559 -10.8562 -11.3563 -11.8564 -12.3565
-12.8565
  0.0000  -0.2715  -0.2717  -0.2724  -0.2739  -0.2778  -0.2873  -0.3095  -0.3562
 -0.4295  -0.4894  -0.5341  -0.6972  -1.0640  -1.5645  -2.0850  -2.5862  -3.0746
 -3.6290  -4.3219  -4.8140  -5.3118  -5.8180  -6.3273  -6.8359  -7.3427  -7.8474
 -8.3507  -8.8528  -9.3542  -9.8551 -10.3556 -10.8560 -11.3562 -11.8563 -12.3564
-12.8565
  0.0000  -0.2673  -0.2675  -0.2681  -0.2695  -0.2731  -0.2815  -0.2996  -0.3334
 -0.3811  -0.4391  -0.5428  -0.7571  -1.1017  -1.5367  -2.0175  -2.5363  -3.2149
 -3.8066  -4.3197  -4.8309  -5.3395  -5.8454  -6.3493  -6.8521  -7.3538  -7.8548
 -8.3555  -8.8560  -9.3562  -9.8564 -10.3565 -10.8566 -11.3566 -11.8566 -12.3567
-12.8567
  0.0000  -0.3070  -0.3072  -0.3078  -0.3090  -0.3122  -0.3199  -0.3369  -0.3693
 -0.4160  -0.4663  -0.5446  -0.7280  -1.0575  -1.4973  -1.9907  -2.5213  -3.2108
 -3.8091  -4.3236  -4.8346  -5.3422  -5.8472  -6.3507  -6.8529  -7.3542  -7.8551
 -8.3557  -8.8560  -9.3562  -9.8564 -10.3564 -10.8565 -11.3565 -11.8566 -12.3566
-12.8566
  0.0000  -0.3124  -0.3126  -0.3132  -0.3147  -0.3184  -0.3272  -0.3465  -0.3835
 -0.4349  -0.4825  -0.5470  -0.7157  -1.0407  -1.4851  -1.9839  -2.5173  -3.1769
 -3.8075  -4.3220  -4.8333  -5.3414  -5.8468  -6.3504  -6.8528  -7.3542  -7.8552
 -8.3558  -8.8562  -9.3564  -9.8565 -10.3566 -10.8567 -11.3567 -11.8567 -12.3568
-12.8568
  0.0000  -0.3002  -0.3005  -0.3013  -0.3032  -0.3078  -0.3187  -0.3427  -0.3871
 -0.4455  -0.4916  -0.5464  -0.7092  -1.0376  -1.4887  -1.9897  -2.5207  -3.1787
 -3.8040  -4.3172  -4.8289  -5.3380  -5.8445  -6.3487  -6.8518  -7.3537  -7.8548
 -8.3556  -8.8561  -9.3564  -9.8566 -10.3567 -10.8568 -11.3568 -11.8568 -12.3569
-12.8569
  0.0000  -0.2811  -0.2815  -0.2824  -0.2848  -0.2905  -0.3039  -0.3330  -0.3857
 -0.4511  -0.4957  -0.5432  -0.7043  -1.0409  -1.5017  -2.0048  -2.5317  -3.1870
 -3.8025  -4.3114  -4.8224  -5.3325  -5.8404  -6.3460  -6.8497  -7.3524  -7.8540
 -8.3550  -8.8557  -9.3561  -9.8563 -10.3565 -10.8566 -11.3567 -11.8567 -12.3567
-12.8568
  0.0000  -0.2643  -0.2647  -0.2658  -0.2684  -0.2749  -0.2903  -0.3234  -0.3822
 -0.4526  -0.4965  -0.5393  -0.7002  -1.0461  -1.5183  -2.0252  -2.5490  -3.2035
 -3.8073  -4.3080  -4.8157  -5.3258  -5.8350  -6.3421  -6.8471  -7.3504  -7.8528
 -8.3542  -8.8551  -9.3557  -9.8561 -10.3563 -10.8564 -11.3565 -11.8566 -12.3566
-12.8566
  0.0000  -0.2574  -0.2578  -0.2588  -0.2615  -0.2680  -0.2834  -0.3168  -0.3768
 -0.4499  -0.4956  -0.5368  -0.6971  -1.0501  -1.5335  -2.0457  -2.5690  -3.2260
 -3.8199  -4.3102  -4.8118  -5.3199  -5.8295  -6.3380  -6.8443  -7.3486  -7.8517
 -8.3536  -8.8548  -9.3556  -9.8561 -10.3564 -10.8566 -11.3568 -11.8569 -12.3569
-12.8569
 -1.0000  -0.2975  -0.2977  -0.2981  -0.2992  -0.3016  -0.3085  -0.3231  -0.3517
 -0.3951  -0.4480  -0.5365  -0.7298  -1.0623  -1.5067  -2.0770  -2.7474  -3.2952
 -3.8114  -4.3251  -4.8355  -5.3428  -5.8476  -6.3510  -6.8530  -7.3543  -7.8552
 -8.3557  -8.8560  -9.3562  -9.8564 -10.3564 -10.8565 -11.3565 -11.8566 -12.3566
-12.8566
  0.0000  -0.2975  -0.2977  -0.2982  -0.2992  -0.3017  -0.3085  -0.3231  -0.3517
 -0.3951  -0.4480  -0.5365  -0.7298  -1.0623  -1.5067  -2.0770  -2.7474  -3.2952
 -3.8114  -4.3251  -4.8355  -5.3428  -5.8476  -6.3510  -6.8530  -7.3543  -7.8552
 -8.3557  -8.8560  -9.3562  -9.8564 -10.3564 -10.8565 -11.3565 -11.8566 -12.3566
-12.8566
  0.0000  -0.3255  -0.3257  -0.3261  -0.3272  -0.3298  -0.3362  -0.3505  -0.3792
 -0.4230  -0.4714  -0.5413  -0.7091  -1.0280  -1.4759  -2.0563  -2.7393  -3.2950
 -3.8136  -4.3277  -4.8377  -5.3444  -5.8487  -6.3518  -6.8536  -7.3547  -7.8555
 -8.3559  -8.8562  -9.3564  -9.8565 -10.3566 -10.8566 -11.3566 -11.8567 -12.3567
-12.8567
  0.0000  -0.3244  -0.3246  -0.3251  -0.3264  -0.3296  -0.3371  -0.3541  -0.3873
 -0.4361  -0.4837  -0.5436  -0.7009  -1.0170  -1.4687  -2.0545  -2.7402  -3.2930
 -3.8107  -4.3249  -4.8356  -5.3429  -5.8477  -6.3511  -6.8532  -7.3545  -7.8553
 -8.3558  -8.8561  -9.3563  -9.8565 -10.3565 -10.8566 -11.3566 -11.8567 -12.3567
-12.8567
  0.0000  -0.3113  -0.3115  -0.3122  -0.3137  -0.3176  -0.3269  -0.3477  -0.3873
 -0.4425  -0.4897  -0.5428  -0.6966  -1.0166  -1.4743  -2.0648  -2.7489  -3.2925
 -3.8063  -4.3198  -4.8311  -5.3397  -5.8456  -6.3494  -6.8522  -7.3538  -7.8549
 -8.3555  -8.8560  -9.3562  -9.8564 -10.3565 -10.8566 -11.3566 -11.8566 -12.3567
-12.8567
  0.0000  -0.2963  -0.2966  -0.2973  -0.2992  -0.3039  -0.3150  -0.3393  -0.3846
 -0.4449  -0.4919  -0.5407  -0.6929  -1.0204  -1.4865  -2.0833  -2.7665  -3.2970
 -3.8037  -4.3144  -4.8257  -5.3354  -5.8426  -6.3475  -6.8509  -7.3531  -7.8545
 -8.3554  -8.8559  -9.3563  -9.8565 -10.3566 -10.8567 -11.3568 -11.8568 -12.3569
-12.8569
  0.0000  -0.2860  -0.2863  -0.2871  -0.2892  -0.2942  -0.3062  -0.3325  -0.3807
 -0.4434  -0.4911  -0.5384  -0.6907  -1.0234  -1.4984  -2.1032  -2.7886  -3.3063
 -3.8043  -4.3101  -4.8201  -5.3303  -5.8386  -6.3447  -6.8487  -7.3517  -7.8535
 -8.3546  -8.8553  -9.3558  -9.8561 -10.3563 -10.8564 -11.3565 -11.8565 -12.3565
-12.8566
 -1.0000  -0.2318  -0.2321  -0.2326  -0.2339  -0.2372  -0.2449  -0.2621  -0.2939
 -0.3409  -0.4027  -0.5130  -0.7372  -1.1319  -1.7324  -2.2965  -2.8055  -3.3039
 -3.8090  -4.3180  -4.8279  -5.3364  -5.8428  -6.3473  -6.8504  -7.3524  -7.8537
 -8.3545  -8.8550  -9.3553  -9.8555 -10.3557 -10.8557 -11.3558 -11.8558 -12.3559
-12.8559
  0.0000  -0.2318  -0.2321  -0.2326  -0.2339  -0.2372  -0.2449  -0.2621  -0.2939
 -0.3409  -0.4027  -0.5130  -0.7372  -1.1319  -1.7324  -2.2965  -2.8055  -3.3039
 -3.8090  -4.3180  -4.8279  -5.3364  -5.8428  -6.3473  -6.8504  -7.3524  -7.8537
 -8.3545  -8.8550  -9.3553  -9.8555 -10.3557 -10.8557 -11.3558 -11.8558 -12.3559
-12.8559
  0.0000  -0.3084  -0.3086  -0.3089  -0.3098  -0.3119  -0.3171  -0.3291  -0.3535
 -0.3929  -0.4415  -0.5160  -0.6905  -1.0500  -1.6334  -2.2351  -2.7738  -3.2996
 -3.8165  -4.3295  -4.8388  -5.3450  -5.8489  -6.3517  -6.8534  -7.3544  -7.8551
 -8.3555  -8.8557  -9.3559  -9.8560 -10.3561 -10.8561 -11.3561 -11.8562 -12.3562
-12.8562
  0.0000  -0.3256  -0.3258  -0.3261  -0.3270  -0.3291  -0.3344  -0.3467  -0.3718
 -0.4124  -0.4587  -0.5199  -0.6745  -1.0233  -1.6122  -2.2265  -2.7712  -3.2993
 -3.8170  -4.3301  -4.8392  -5.3452  -5.8491  -6.3517  -6.8533  -7.3543  -7.8549
 -8.3553  -8.8556  -9.3557  -9.8558 -10.3559 -10.8559 -11.3559 -11.8560 -12.3560
-12.8560
  0.0000  -0.3224  -0.3226  -0.3230  -0.3240  -0.3265  -0.3326  -0.3467  -0.3753
 -0.4201  -0.4667  -0.5210  -0.6675  -1.0168  -1.6179  -2.2317  -2.7715  -3.2969
 -3.8138  -4.3272  -4.8370  -5.3437  -5.8480  -6.3510  -6.8529  -7.3540  -7.8547
 -8.3552  -8.8555  -9.3557  -9.8558 -10.3559 -10.8559 -11.3559 -11.8560 -12.3560
-12.8560
  0.0000  -0.3136  -0.3137  -0.3142  -0.3153  -0.3182  -0.3251  -0.3412  -0.3732
 -0.4219  -0.4697  -0.5202  -0.6634  -1.0181  -1.6362  -2.2456  -2.7758  -3.2951
 -3.8096  -4.3229  -4.8335  -5.3412  -5.8463  -6.3499  -6.8521  -7.3535  -7.8544
 -8.3550  -8.8554  -9.3556  -9.8557 -10.3558 -10.8559 -11.3559 -11.8560 -12.3560
-12.8560
  0.0000  -0.3076  -0.3078  -0.3083  -0.3095  -0.3124  -0.3196  -0.3362  -0.3696
 -0.4204  -0.4697  -0.5194  -0.6606  -1.0201  -1.6560  -2.2629  -2.7837  -3.2957
 -3.8065  -4.3188  -4.8298  -5.3384  -5.8445  -6.3484  -6.8513  -7.3530  -7.8541
 -8.3548  -8.8552  -9.3555  -9.8557 -10.3558 -10.8559 -11.3559 -11.8559 -12.3560
-12.8560
 -2.0000  -0.2283  -0.2284  -0.2288  -0.2298  -0.2321  -0.2377  -0.2501  -0.2747
 -0.3110  -0.3582  -0.4694  -0.7729  -1.2749  -1.7897  -2.2908  -2.7957  -3.3033
 -3.8147  -4.3263  -4.8361  -5.3433  -5.8481  -6.3516  -6.8537  -7.3551  -7.8560
 -8.3565  -8.8569  -9.3571  -9.8573 -10.3573 -10.8574 -11.3574 -11.8575 -12.3575
-12.8575
 -1.0000  -0.2283  -0.2284  -0.2288  -0.2298  -0.2321  -0.2377  -0.2501  -0.2747
 -0.3110  -0.3582  -0.4694  -0.7729  -1.2749  -1.7897  -2.2908  -2.7957  -3.3033
 -3.8147  -4.3263  -4.8361  -5.3433  -5.8481  -6.3516  -6.8537  -7.3551  -7.8560
 -8.3565  -8.8569  -9.3571  -9.8573 -10.3573 -10.8574 -11.3574 -11.8575 -12.3575
-12.8575
  0.0000  -0.2283  -0.2284  -0.2288  -0.2298  -0.2321  -0.2377  -0.2501  -0.2747
 -0.3110  -0.3582  -0.4694  -0.7729  -1.2749  -1.7897  -2.2908  -2.7957  -3.3033
 -3.8147  -4.3263  -4.8361  -5.3433  -5.8481  -6.3516  -6.8537  -7.3551  -7.8560
 -8.3565  -8.8569  -9.3571  -9.8573 -10.3573 -10.8574 -11.3574 -11.8575 -12.3575
-12.8575
  0.0000  -0.2838  -0.2839  -0.2841  -0.2848  -0.2863  -0.2902  -0.2991  -0.3174
 -0.3470  -0.3853  -0.4689  -0.7208  -1.1933  -1.7334  -2.2627  -2.7878  -3.3068
 -3.8225  -4.3343  -4.8425  -5.3478  -5.8515  -6.3537  -6.8551  -7.3560  -7.8565
 -8.3569  -8.8571  -9.3573  -9.8573 -10.3574 -10.8574 -11.3575 -11.8575 -12.3575
-12.8575
  0.0000  -0.2934  -0.2935  -0.2937  -0.2943  -0.2958  -0.2995  -0.3081  -0.3259
 -0.3552  -0.3914  -0.4674  -0.7101  -1.1823  -1.7282  -2.2607  -2.7874  -3.3069
 -3.8228  -4.3346  -4.8428  -5.3480  -5.8516  -6.3538  -6.8552  -7.3561  -7.8567
 -8.3570  -8.8572  -9.3574  -9.8574 -10.3575 -10.8575 -11.3576 -11.8576 -12.3576
-12.8576
  0.0000  -0.2896  -0.2897  -0.2899  -0.2905  -0.2921  -0.2958  -0.3046  -0.3229
 -0.3531  -0.3899  -0.4646  -0.7112  -1.1931  -1.7372  -2.2645  -2.7873  -3.3050
 -3.8206  -4.3327  -4.8414  -5.3472  -5.8509  -6.3535  -6.8550  -7.3560  -7.8566
 -8.3570  -8.8573  -9.3574  -9.8575 -10.3576 -10.8576 -11.3576 -11.8577 -12.3577
-12.8577
  0.0000  -0.2856  -0.2857  -0.2858  -0.2862  -0.2877  -0.2911  -0.2994  -0.3168
 -0.3474  -0.3867  -0.4632  -0.7139  -1.2069  -1.7492  -2.2704  -2.7884  -3.3035
 -3.8182  -4.3306  -4.8398  -5.3461  -5.8501  -6.3531  -6.8548  -7.3559  -7.8566
 -8.3570  -8.8573  -9.3575  -9.8576 -10.3577 -10.8577 -11.3577 -11.8578 -12.3578
-12.8578
 -3.0000  -0.1857  -0.1857  -0.1859  -0.1864  -0.1876  -0.1906  -0.1976  -0.2135
 -0.2474  -0.3260  -0.5177  -0.8693  -1.3156  -1.7945  -2.2860  -2.7910  -3.3025
 -3.8156  -4.3271  -4.8359  -5.3420  -5.8460  -6.3489  -6.8506  -7.3516  -7.8523
 -8.3528  -8.8530  -9.3532  -9.8533 -10.3534 -10.8534 -11.3534 -11.8535 -12.3535
-12.8535
 -2.0000  -0.1857  -0.1857  -0.1859  -0.1864  -0.1876  -0.1906  -0.1976  -0.2135
 -0.2474  -0.3260  -0.5177  -0.8693  -1.3156  -1.7945  -2.2860  -2.7910  -3.3025
 -3.8156  -4.3271  -4.8359  -5.3420  -5.8460  -6.3489  -6.8506  -7.3516  -7.8523
 -8.3528  -8.8530  -9.3532  -9.8533 -10.3534 -10.8534 -11.3534 -11.8535 -12.3535
-12.8535
 -1.0000  -0.1857  -0.1857  -0.1859  -0.1864  -0.1876  -0.1906  -0.1976  -0.2135
 -0.2474  -0.3260  -0.5177  -0.8693  -1.3156  -1.7945  -2.2860  -2.7910  -3.3025
 -3.8156  -4.3271  -4.8359  -5.3420  -5.8460  -6.3489  -6.8506  -7.3516  -7.8523
 -8.3528  -8.8530  -9.3532  -9.8533 -10.3534 -10.8534 -11.3534 -11.8535 -12.3535
-12.8535
  0.0000  -0.1857  -0.1857  -0.1859  -0.1864  -0.1876  -0.1906  -0.1976  -0.2135
 -0.2474  -0.3260  -0.5177  -0.8693  -1.3156  -1.7945  -2.2860  -2.7910  -3.3025
 -3.8156  -4.3271  -4.8359  -5.3420  -5.8460  -6.3489  -6.8506  -7.3516  -7.8523
 -8.3528  -8.8530  -9.3532  -9.8533 -10.3534 -10.8534 -11.3534 -11.8535 -12.3535
-12.8535
  0.0000  -0.2355  -0.2355  -0.2357  -0.2359  -0.2366  -0.2383  -0.2427  -0.2540
 -0.2811  -0.3427  -0.4936  -0.8103  -1.2614  -1.7613  -2.2717  -2.7896  -3.3073
 -3.8219  -4.3326  -4.8399  -5.3445  -5.8478  -6.3497  -6.8509  -7.3517  -7.8522
 -8.3525  -8.8527  -9.3528  -9.8529 -10.3529 -10.8529 -11.3530 -11.8530 -12.3530
-12.8530
  0.0000  -0.2444  -0.2444  -0.2445  -0.2446  -0.2452  -0.2465  -0.2502  -0.2605
 -0.2870  -0.3468  -0.4897  -0.8000  -1.2532  -1.7572  -2.2704  -2.7899  -3.3081
 -3.8226  -4.3332  -4.8402  -5.3446  -5.8478  -6.3497  -6.8508  -7.3516  -7.8520
 -8.3523  -8.8525  -9.3526  -9.8527 -10.3527 -10.8527 -11.3528 -11.8528 -12.3528
-12.8528
  0.0000  -0.2440  -0.2440  -0.2440  -0.2442  -0.2446  -0.2458  -0.2491  -0.2592
 -0.2869  -0.3484  -0.4895  -0.7992  -1.2538  -1.7582  -2.2708  -2.7898  -3.3078
 -3.8223  -4.3328  -4.8399  -5.3444  -5.8475  -6.3494  -6.8506  -7.3513  -7.8518
 -8.3521  -8.8523  -9.3524  -9.8525 -10.3525 -10.8525 -11.3526 -11.8526 -12.3526
-12.8526
 -4.0000  -0.1747  -0.1746  -0.1747  -0.1750  -0.1758  -0.1781  -0.1840  -0.1991
 -0.2367  -0.3318  -0.5391  -0.8805  -1.3051  -1.7813  -2.2793  -2.7886  -3.3024
 -3.8160  -4.3269  -4.8349  -5.3401  -5.8437  -6.3460  -6.8475  -7.3484  -7.8489
 -8.3493  -8.8495  -9.3496  -9.8497 -10.3498 -10.8498 -11.3499 -11.8499 -12.3499
-12.8499
 -3.0000  -0.1747  -0.1746  -0.1747  -0.1750  -0.1758  -0.1781  -0.1840  -0.1991
 -0.2367  -0.3318  -0.5391  -0.8805  -1.3051  -1.7813  -2.2793  -2.7886  -3.3024
 -3.8160  -4.3269  -4.8349  -5.3401  -5.8437  -6.3460  -6.8475  -7.3484  -7.8489
 -8.3493  -8.8495  -9.3496  -9.8497 -10.3498 -10.8498 -11.3499 -11.8499 -12.3499
-12.8499
 -2.0000  -0.1747  -0.1746  -0.1747  -0.1750  -0.1758  -0.1781  -0.1840  -0.1991
 -0.2367  -0.3318  -0.5391  -0.8805  -1.3051  -1.7813  -2.2793  -2.7886  -3.3024
 -3.8160  -4.3269  -4.8349  -5.3401  -5.8437  -6.3460  -6.8475  -7.3484  -7.8489
 -8.3493  -8.8495  -9.3496  -9.8497 -10.3498 -10.8498 -11.3499 -11.8499 -12.3499
-12.8499
 -1.0000  -0.1747  -0.1746  -0.1747  -0.1750  -0.1758  -0.1781  -0.1840  -0.1991
 -0.2367  -0.3318  -0.5391  -0.8805  -1.3051  -1.7813  -2.2793  -2.7886  -3.3024
 -3.8160  -4.3269  -4.8349  -5.3401  -5.8437  -6.3460  -6.8475  -7.3484  -7.8489
 -8.3493  -8.8495  -9.3496  -9.8497 -10.3498 -10.8498 -11.3499 -11.8499 -12.3499
-12.8499
  0.0000  -0.1747  -0.1746  -0.1747  -0.1750  -0.1758  -0.1781  -0.1840  -0.1991
 -0.2367  -0.3318  -0.5391  -0.8805  -1.3051  -1.7813  -2.2793  -2.7886  -3.3024
 -3.8160  -4.3269  -4.8349  -5.3401  -5.8437  -6.3460  -6.8475  -7.3484  -7.8489
 -8.3493  -8.8495  -9.3496  -9.8497 -10.3498 -10.8498 -11.3499 -11.8499 -12.3499
-12.8499
  0.0000  -0.2475  -0.2475  -0.2475  -0.2476  -0.2478  -0.2485  -0.2510  -0.2572
 -0.2754  -0.3349  -0.4960  -0.8161  -1.2540  -1.7536  -2.2707  -2.7911  -3.3092
 -3.8230  -4.3326  -4.8389  -5.3429  -5.8456  -6.3472  -6.8482  -7.3488  -7.8492
 -8.3495  -8.8496  -9.3497  -9.8498 -10.3498 -10.8498 -11.3499 -11.8499 -12.3499
-12.8499
  0.0000  -0.2824  -0.2824  -0.2824  -0.2823  -0.2821  -0.2822  -0.2831  -0.2851
 -0.2940  -0.3376  -0.4772  -0.7882  -1.2347  -1.7457  -2.2699  -2.7935  -3.3123
 -3.8256  -4.3345  -4.8401  -5.3438  -5.8460  -6.3474  -6.8483  -7.3488  -7.8491
 -8.3493  -8.8495  -9.3496  -9.8496 -10.3496 -10.8497 -11.3497 -11.8497 -12.3497
-12.8497
nl= 3 nu= 7
  0.0000  -1.8292  -1.8292  -1.8292  -1.8292  -1.8292  -1.8292  -1.8292  -1.8292
 -1.8292  -1.8293  -1.8295  -1.8300  -1.8312  -1.8341  -1.8416  -1.8605  -1.9077
 -2.0264  -2.3243  -3.0690  -4.7979  -5.8818  -6.3910  -6.8867  -7.3837  -7.8846
 -8.3883  -8.8929  -9.3977  -9.9076 -10.4215 -10.9357 -11.5113 -12.2057 -12.7065
  0.0000  -1.9450  -1.9450  -1.9450  -1.9450  -1.9450  -1.9450  -1.9450  -1.9450
 -1.9450  -1.9450  -1.9451  -1.9454  -1.9460  -1.9475  -1.9512  -1.9607  -1.9844
 -2.0439  -2.1935  -2.5690  -3.5077  -5.5459  -6.3634  -6.8640  -7.3562  -7.8512
 -8.3511  -8.8543  -9.3594  -9.8701 -10.3852 -10.9000 -11.4761 -12.1704 -12.6718
  0.0000  -2.1321  -2.1321  -2.1321  -2.1321  -2.1321  -2.1321  -2.1321  -2.1321
 -2.1321  -2.1321  -2.1322  -2.1323  -2.1326  -2.1333  -2.1352  -2.1399  -2.1518
 -2.1817  -2.2566  -2.4449  -2.9174  -4.0984  -6.3052  -6.9137  -7.4075  -7.8966
 -8.3898  -8.8885  -9.3918  -9.9025 -10.4183 -10.9343 -11.5108 -12.2051 -12.7074
  0.0000  -2.2582  -2.2582  -2.2582  -2.2582  -2.2582  -2.2582  -2.2582  -2.2582
 -2.2582  -2.2582  -2.2582  -2.2583  -2.2584  -2.2588  -2.2597  -2.2621  -2.2680
 -2.2830  -2.3205  -2.4147  -2.6515  -3.2457  -4.7290  -6.8768  -7.4016  -7.8900
 -8.3761  -8.8671  -9.3650  -9.8734 -10.3890 -10.9058 -11.4829 -12.1768 -12.6805
  0.0000  -2.4334  -2.4334  -2.4334  -2.4334  -2.4334  -2.4334  -2.4334  -2.4334
 -2.4334  -2.4334  -2.4334  -2.4334  -2.4335  -2.4337  -2.4341  -2.4353  -2.4383
 -2.4458  -2.4645  -2.5117  -2.6302  -2.9277  -3.6746  -5.5321  -7.4353  -7.9377
 -8.4216  -8.9048  -9.3941  -9.8963 -10.4088 -10.9250 -11.5022 -12.1954 -12.7009
  0.0000  -2.5616  -2.5616  -2.5616  -2.5616  -2.5616  -2.5616  -2.5616  -2.5616
 -2.5616  -2.5616  -2.5616  -2.5616  -2.5616  -2.5617  -2.5620  -2.5625  -2.5640
 -2.5678  -2.5772  -2.6007  -2.6600  -2.8088  -3.1826  -4.1212  -6.4291  -7.9313
 -8.4251  -8.9053  -9.3866  -9.8798 -10.3853 -10.8977 -11.4732 -12.1642 -12.6721
  0.0000  -2.7143  -2.7143  -2.7143  -2.7143  -2.7143  -2.7143  -2.7143  -2.7143
 -2.7143  -2.7143  -2.7143  -2.7143  -2.7143  -2.7144  -2.7145  -2.7148  -2.7156
 -2.7174  -2.7221  -2.7339  -2.7635  -2.8380  -3.0249  -3.4945  -4.6735  -7.4536
 -8.4463  -8.9340  -9.4124  -9.8978 -10.3944 -10.8995 -11.4700 -12.1566 -12.6657
  0.0000  -1.4840  -1.4840  -1.4840  -1.4840  -1.4840  -1.4840  -1.4841  -1.4841
 -1.4843  -1.4846  -1.4855  -1.4876  -1.4930  -1.5067  -1.5409  -1.6267  -1.8420
 -2.3784  -3.6412  -4.8584  -5.3825  -5.8773  -6.3701  -6.8671  -7.3688  -7.8728
 -8.3780  -8.8821  -9.3916  -9.9142 -10.4364 -11.1866 -11.6891 -12.1898 -12.6903
  0.0000  -1.6339  -1.6339  -1.6339  -1.6339  -1.6340  -1.6340  -1.6340  -1.6340
 -1.6341  -1.6342  -1.6347  -1.6358  -1.6385  -1.6454  -1.6627  -1.7060  -1.8150
 -2.0882  -2.7694  -4.3314  -5.3846  -5.8932  -6.3837  -6.8744  -7.3704  -7.8713
 -8.3757  -8.8804  -9.3909  -9.9143 -10.4372 -11.1871 -11.6903 -12.1915 -12.6923
  0.0000  -1.7709  -1.7709  -1.7709  -1.7709  -1.7709  -1.7709  -1.7709  -1.7710
 -1.7710  -1.7711  -1.7713  -1.7718  -1.7732  -1.7767  -1.7854  -1.8072  -1.8620
 -1.9997  -2.3450  -3.2064  -5.0627  -5.8902  -6.3890  -6.8759  -7.3647  -7.8594
 -8.3601  -8.8638  -9.3747  -9.8991 -10.4228 -11.1721 -11.6765 -12.1784 -12.6797
  0.0000  -1.9477  -1.9477  -1.9477  -1.9477  -1.9477  -1.9477  -1.9477  -1.9477
 -1.9477  -1.9477  -1.9478  -1.9481  -1.9488  -1.9505  -1.9549  -1.9658  -1.9934
 -2.0625  -2.2360  -2.6713  -3.7571  -5.8027  -6.4324  -6.9241  -7.4076  -7.8942
 -8.3879  -8.8873  -9.3969  -9.9213 -10.4461 -11.1944 -11.7001 -12.2034 -12.7055
  0.0000  -2.0590  -2.0590  -2.0590  -2.0590  -2.0590  -2.0590  -2.0590  -2.0590
 -2.0591  -2.0591  -2.0591  -2.0593  -2.0596  -2.0605  -2.0627  -2.0682  -2.0819
 -2.1166  -2.2035  -2.4219  -2.9700  -4.3350  -6.3725  -6.9070  -7.3932  -7.8738
 -8.3587  -8.8503  -9.3548  -9.8773 -10.4021 -11.1483 -11.6563 -12.1611 -12.6645
  0.0000  -2.2511  -2.2511  -2.2511  -2.2511  -2.2511  -2.2511  -2.2511  -2.2511
 -2.2511  -2.2511  -2.2511  -2.2512  -2.2514  -2.2518  -2.2529  -2.2556  -2.2625
 -2.2799  -2.3234  -2.4328  -2.7074  -3.3967  -5.1071  -6.9533  -7.4600  -7.9418
 -8.4205  -8.9030  -9.3991  -9.9159 -10.4382 -11.1804 -11.6904 -12.1974 -12.7025
  0.0000  -2.3884  -2.3884  -2.3884  -2.3884  -2.3884  -2.3884  -2.3884  -2.3884
 -2.3884  -2.3884  -2.3884  -2.3885  -2.3885  -2.3888  -2.3893  -2.3907  -2.3941
 -2.4028  -2.4246  -2.4793  -2.6167  -2.9619  -3.8283  -5.9550  -7.4582  -7.9544
 -8.4337  -8.9103  -9.3978  -9.9062 -10.4223 -11.1580 -11.6679 -12.1767 -12.6840
  0.0000  -1.1698  -1.1698  -1.1698  -1.1698  -1.1698  -1.1698  -1.1699  -1.1702
 -1.1708  -1.1723  -1.1761  -1.1856  -1.2096  -1.2697  -1.4200  -1.7926  -2.6662
 -3.8255  -4.3938  -4.8918  -5.3811  -5.8735  -6.3714  -6.8738  -7.3787  -7.8832
 -8.3936  -8.9078  -9.4363 -10.0996 -10.6923 -11.1933 -11.6940 -12.1944 -12.6946
  0.0000  -1.3177  -1.3177  -1.3177  -1.3177  -1.3177  -1.3178  -1.3178  -1.3179
 -1.3182  -1.3190  -1.3210  -1.3259  -1.3382  -1.3692  -1.4469  -1.6415  -2.1246
 -3.2436  -4.3815  -4.9113  -5.4029  -5.8898  -6.3810  -6.8783  -7.3809  -7.8852
 -8.3963  -8.9114  -9.4406 -10.1040 -10.6971 -11.1987 -11.6998 -12.2004 -12.7009
  0.0000  -1.4489  -1.4489  -1.4489  -1.4489  -1.4490  -1.4490  -1.4490  -1.4491
 -1.4492  -1.4496  -1.4506  -1.4531  -1.4594  -1.4752  -1.5148  -1.6142  -1.8632
 -2.4821  -3.8786  -4.8962  -5.4069  -5.8938  -6.3786  -6.8684  -7.3655  -7.8671
 -8.3776  -8.8934  -9.4236 -10.0869 -10.6805 -11.1831 -11.6848 -12.1859 -12.6866
  0.0000  -1.5998  -1.5998  -1.5998  -1.5998  -1.5998  -1.5998  -1.5998  -1.5998
 -1.5999  -1.6001  -1.6006  -1.6019  -1.6050  -1.6130  -1.6330  -1.6833  -1.8095
 -2.1259  -2.9128  -4.5882  -5.4200  -5.9195  -6.4025  -6.8850  -7.3739  -7.8693
 -8.3768  -8.8918  -9.4225 -10.0855 -10.6797 -11.1837 -11.6865 -12.1883 -12.6894
  0.0000  -1.7467  -1.7467  -1.7467  -1.7467  -1.7467  -1.7467  -1.7467  -1.7467
 -1.7468  -1.7469  -1.7471  -1.7478  -1.7494  -1.7534  -1.7634  -1.7887  -1.8523
 -2.0119  -2.4121  -3.4071  -5.2842  -5.9348  -6.4266  -6.9063  -7.3872  -7.8738
 -8.3744  -8.8856  -9.4151 -10.0767 -10.6716 -11.1775 -11.6816 -12.1846 -12.6865
  0.0000  -1.8847  -1.8847  -1.8847  -1.8847  -1.8847  -1.8847  -1.8847  -1.8847
 -1.8847  -1.8848  -1.8849  -1.8852  -1.8860  -1.8880  -1.8931  -1.9058  -1.9377
 -2.0178  -2.2190  -2.7237  -3.9770  -5.8886  -6.4364  -6.9226  -7.4002  -7.8787
 -8.3701  -8.8741  -9.3991 -10.0570 -10.6512 -11.1593 -11.6656 -12.1698 -12.6729
  0.0000  -2.0559  -2.0559  -2.0559  -2.0559  -2.0559  -2.0559  -2.0559  -2.0559
 -2.0559  -2.0560  -2.0560  -2.0562  -2.0566  -2.0576  -2.0601  -2.0665  -2.0825
 -2.1226  -2.2235  -2.4768  -3.1123  -4.6840  -6.4538  -6.9665  -7.4491  -7.9244
 -8.4084  -8.9034  -9.4208 -10.0723 -10.6629 -11.1720 -11.6803 -12.1867 -12.6911
  0.0000  -0.8850  -0.8850  -0.8850  -0.8851  -0.8851  -0.8853  -0.8857  -0.8866
 -0.8891  -0.8952  -0.9105  -0.9489  -1.0446  -1.2801  -1.8280  -2.7451  -3.3959
 -3.9076  -4.3974  -4.8856  -5.3787  -5.8777  -6.3808  -6.8859  -7.3968  -7.9118
 -8.4268  -9.0029  -9.6972 -10.1987 -10.6996 -11.2002 -11.7006 -12.2008 -12.7009
  0.0000  -1.0029  -1.0029  -1.0029  -1.0029  -1.0029  -1.0030  -1.0032  -1.0037
 -1.0050  -1.0084  -1.0167  -1.0375  -1.0898  -1.2204  -1.5421  -2.2843  -3.3213
 -3.9080  -4.4072  -4.8926  -5.3791  -5.8716  -6.3703  -6.8737  -7.3845  -7.9004
 -8.4163  -8.9928  -9.6871 -10.1893 -10.6908 -11.1917 -11.6923 -12.1927 -12.6929
  0.0000  -1.1490  -1.1490  -1.1490  -1.1490  -1.1490  -1.1491  -1.1492  -1.1495
 -1.1502  -1.1519  -1.1563  -1.1673  -1.1949  -1.2641  -1.4371  -1.8640  -2.8355
 -3.8930  -4.4338  -4.9247  -5.4070  -5.8921  -6.3838  -6.8826  -7.3916  -7.9072
 -8.4240  -9.0011  -9.6950 -10.1985 -10.7007 -11.2022 -11.7032 -12.2038 -12.7041
  0.0000  -1.2690  -1.2690  -1.2690  -1.2690  -1.2690  -1.2690  -1.2691  -1.2692
 -1.2696  -1.2705  -1.2727  -1.2784  -1.2927  -1.3285  -1.4183  -1.6429  -2.1983
 -3.4287  -4.4084  -4.9247  -5.4100  -5.8899  -6.3732  -6.8644  -7.3682  -7.8817
 -8.3983  -8.9756  -9.6690 -10.1740 -10.6776 -11.1799 -11.6814 -12.1824 -12.6830
  0.0000  -1.4353  -1.4353  -1.4353  -1.4353  -1.4353  -1.4354  -1.4354  -1.4355
 -1.4356  -1.4361  -1.4373  -1.4401  -1.4474  -1.4657  -1.5115  -1.6266  -1.9146
 -2.6274  -4.1223  -4.9538  -5.4567  -5.9378  -6.4154  -6.8978  -7.3933  -7.9010
 -8.4149  -8.9912  -9.6830 -10.1901 -10.6953 -11.1990 -11.7015 -12.2031 -12.7041
  0.0000  -1.5626  -1.5626  -1.5626  -1.5626  -1.5626  -1.5626  -1.5627  -1.5627
 -1.5628  -1.5630  -1.5636  -1.5651  -1.5687  -1.5780  -1.6012  -1.6594  -1.8057
 -2.1720  -3.0787  -4.7812  -5.4511  -5.9454  -6.4233  -6.8996  -7.3863  -7.8854
 -8.3929  -8.9653  -9.6535 -10.1624 -10.6698 -11.1753 -11.6790 -12.1816 -12.6833
  0.0000  -1.7236  -1.7236  -1.7236  -1.7236  -1.7236  -1.7236  -1.7237  -1.7237
 -1.7237  -1.7238  -1.7241  -1.7249  -1.7267  -1.7314  -1.7430  -1.7724  -1.8461
 -2.0310  -2.4946  -3.6405  -5.4113  -5.9747  -6.4627  -6.9391  -7.4205  -7.9112
 -8.4101  -8.9757  -9.6575 -10.1657 -10.6747 -11.1823 -11.6878 -12.1915 -12.6942
  0.0000  -0.6528  -0.6528  -0.6528  -0.6529  -0.6531  -0.6536  -0.6548  -0.6579
 -0.6658  -0.6854  -0.7342  -0.8539  -1.1344  -1.6901  -2.3568  -2.9015  -3.3996
 -3.8891  -4.3785  -4.8732  -5.3734  -5.8777  -6.3826  -6.8934  -7.4171  -7.9401
 -8.6900  -9.1934  -9.6947 -10.1955 -10.6961 -11.1964 -11.6966 -12.1968 -12.6968
  0.0000  -0.7494  -0.7494  -0.7494  -0.7495  -0.7496  -0.7499  -0.7507  -0.7526
 -0.7574  -0.7694  -0.7995  -0.8745  -1.0580  -1.4819  -2.2349  -2.9011  -3.4212
 -3.9123  -4.3968  -4.8844  -5.3785  -5.8792  -6.3829  -6.8940  -7.4184  -7.9423
 -8.6915  -9.1960  -9.6980 -10.1992 -10.7001 -11.2006 -11.7009 -12.2011 -12.7013
  0.0000  -0.8497  -0.8498  -0.8498  -0.8498  -0.8499  -0.8500  -0.8505  -0.8516
 -0.8543  -0.8612  -0.8786  -0.9221  -1.0304  -1.2955  -1.8994  -2.8087  -3.4195
 -3.9242  -4.4083  -4.8900  -5.3765  -5.8707  -6.3706  -6.8804  -7.4050  -7.9297
 -8.6781  -9.1837  -9.6869 -10.1889 -10.6901 -11.1910 -11.6915 -12.1918 -12.6920
  0.0000  -0.9848  -0.9848  -0.9848  -0.9849  -0.9849  -0.9850  -0.9852  -0.9858
 -0.9873  -0.9911  -1.0007  -1.0245  -1.0844  -1.2336  -1.5993  -2.4180  -3.3933
 -3.9513  -4.4449  -4.9247  -5.4042  -5.8900  -6.3830  -6.8888  -7.4117  -7.9367
 -8.6834  -9.1909  -9.6953 -10.1985 -10.7006 -11.2019 -11.7027 -12.2033 -12.7036
  0.0000  -1.0957  -1.0957  -1.0957  -1.0957  -1.0957  -1.0957  -1.0959  -1.0962
 -1.0970  -1.0990  -1.1040  -1.1167  -1.1485  -1.2281  -1.4270  -1.9151  -2.9768
 -3.9173  -4.4436  -4.9299  -5.4067  -5.8850  -6.3691  -6.8673  -7.3857  -7.9088
 -8.6521  -9.1616  -9.6681 -10.1726 -10.6759 -11.1781 -11.6794 -12.1803 -12.6808
  0.0000  -1.2618  -1.2618  -1.2618  -1.2618  -1.2618  -1.2618  -1.2619  -1.2620
 -1.2624  -1.2635  -1.2661  -1.2726  -1.2891  -1.3305  -1.4342  -1.6932  -2.3301
 -3.6432  -4.4713  -4.9803  -5.4618  -5.9370  -6.4136  -6.9027  -7.4133  -7.9312
 -8.6687  -9.1788  -9.6873 -10.1940 -10.6986 -11.2020 -11.7042 -12.2056 -12.7064
  0.0000  -1.3971  -1.3971  -1.3971  -1.3971  -1.3971  -1.3971  -1.3971  -1.3972
 -1.3974  -1.3979  -1.3993  -1.4026  -1.4110  -1.4322  -1.4852  -1.6183  -1.9511
 -2.7695  -4.2920  -4.9788  -5.4773  -5.9562  -6.4296  -6.9119  -7.4140  -7.9240
 -8.6539  -9.1609  -9.6699 -10.1784 -10.6852 -11.1899 -11.6931 -12.1954 -12.6968
  0.0000  -0.5290  -0.5290  -0.5291  -0.5293  -0.5297  -0.5307  -0.5332  -0.5395
 -0.5553  -0.5951  -0.6934  -0.9191  -1.3386  -1.8744  -2.3955  -2.8941  -3.3835
 -3.8773  -4.3744  -4.8767  -5.3811  -5.8928  -6.4085  -6.9383  -7.6016  -8.1950
 -8.6970  -9.1982  -9.6990 -10.1995 -10.6998 -11.2000 -11.7002 -12.2003 -12.7003
  0.0000  -0.5711  -0.5711  -0.5712  -0.5713  -0.5716  -0.5724  -0.5743  -0.5792
 -0.5914  -0.6219  -0.6972  -0.8769  -1.2583  -1.8374  -2.4003  -2.9090  -3.3984
 -3.8863  -4.3766  -4.8733  -5.3748  -5.8855  -6.4015  -6.9319  -7.5953  -8.1890
 -8.6919  -9.1938  -9.6949 -10.1957 -10.6962 -11.1965 -11.6967 -12.1968 -12.6969
  0.0000  -0.6382  -0.6383  -0.6383  -0.6384  -0.6386  -0.6391  -0.6405  -0.6438
 -0.6523  -0.6735  -0.7262  -0.8552  -1.1551  -1.7319  -2.3895  -2.9283  -3.4234
 -3.9079  -4.3914  -4.8807  -5.3764  -5.8840  -6.3993  -6.9300  -7.5930  -8.1873
 -8.6913  -9.1941  -9.6959 -10.1971 -10.6978 -11.1983 -11.6986 -12.1988 -12.6989
  0.0000  -0.7208  -0.7208  -0.7208  -0.7208  -0.7210  -0.7213  -0.7222  -0.7243
 -0.7296  -0.7430  -0.7765  -0.8598  -1.0627  -1.5239  -2.2899  -2.9281  -3.4428
 -3.9297  -4.4088  -4.8905  -5.3780  -5.8796  -6.3915  -6.9213  -7.5830  -8.1779
 -8.6836  -9.1876  -9.6904 -10.1922 -10.6934 -11.1941 -11.6946 -12.1949 -12.6951
  0.0000  -0.8288  -0.8288  -0.8288  -0.8288  -0.8289  -0.8291  -0.8296  -0.8308
 -0.8339  -0.8418  -0.8614  -0.9107  -1.0330  -1.3308  -1.9910  -2.8757  -3.4584
 -3.9586  -4.4389  -4.9156  -5.3949  -5.8878  -6.3931  -6.9191  -7.5778  -8.1722
 -8.6799  -9.1858  -9.6898 -10.1927 -10.6946 -11.1957 -11.6965 -12.1970 -12.6973
  0.0000  -0.9389  -0.9389  -0.9389  -0.9389  -0.9389  -0.9390  -0.9393  -0.9400
 -0.9417  -0.9461  -0.9569  -0.9843  -1.0527  -1.2229  -1.6374  -2.5264  -3.4244
 -3.9657  -4.4561  -4.9332  -5.4072  -5.8920  -6.3885  -6.9075  -7.5603  -8.1519
 -8.6609  -9.1688  -9.6748 -10.1789 -10.6818 -11.1836 -11.6848 -12.1856 -12.6861
  0.0000  -1.0833  -1.0833  -1.0833  -1.0833  -1.0833  -1.0834  -1.0835  -1.0839
 -1.0848  -1.0871  -1.0929  -1.1075  -1.1440  -1.2356  -1.4637  -2.0195  -3.1482
 -3.9700  -4.4879  -4.9727  -5.4468  -5.9269  -6.4158  -6.9264  -7.5719  -8.1569
 -8.6645  -9.1736  -9.6815 -10.1874 -10.6914 -11.1944 -11.6962 -12.1974 -12.6981
  0.0000  -0.4966  -0.4966  -0.4966  -0.4967  -0.4967  -0.4970  -0.4978  -0.5011
 -0.5152  -0.5668  -0.7021  -0.9676  -1.3845  -1.8755  -2.3742  -2.8695  -3.3662
 -3.8682  -4.3728  -4.8848  -5.4018  -5.9188  -6.4959  -7.1900  -7.6931  -8.1950
 -8.6963  -9.1970  -9.6975 -10.1979 -10.6981 -11.1982 -11.6983 -12.1983 -12.6983
  0.0000  -0.5082  -0.5082  -0.5083  -0.5084  -0.5087  -0.5096  -0.5118  -0.5175
 -0.5331  -0.5774  -0.6945  -0.9479  -1.3733  -1.8855  -2.3933  -2.8879  -3.3793
 -3.8749  -4.3745  -4.8838  -5.4002  -5.9175  -6.4950  -7.1890  -7.6929  -8.1956
 -8.6974  -9.1985  -9.6992 -10.1996 -10.6999 -11.2001 -11.7002 -12.2003 -12.7003
  0.0000  -0.5258  -0.5258  -0.5259  -0.5260  -0.5264  -0.5274  -0.5298  -0.5358
 -0.5511  -0.5901  -0.6882  -0.9159  -1.3407  -1.8853  -2.4108  -2.9082  -3.3955
 -3.8839  -4.3766  -4.8808  -5.3945  -5.9114  -6.4888  -7.1822  -7.6876  -8.1913
 -8.6939  -9.1955  -9.6966 -10.1972 -10.6977 -11.1979 -11.6981 -12.1982 -12.6983
  0.0000  -0.5612  -0.5613  -0.5613  -0.5614  -0.5618  -0.5626  -0.5646  -0.5696
 -0.5823  -0.6140  -0.6925  -0.8801  -1.2751  -1.8618  -2.4249  -2.9327  -3.4197
 -3.9021  -4.3869  -4.8835  -5.3919  -5.9062  -6.4825  -7.1744  -7.6816  -8.1869
 -8.6906  -9.1931  -9.6947 -10.1957 -10.6964 -11.1968 -11.6970 -12.1972 -12.6973
  0.0000  -0.6218  -0.6218  -0.6218  -0.6219  -0.6221  -0.6227  -0.6242  -0.6278
 -0.6370  -0.6599  -0.7170  -0.8563  -1.1774  -1.7745  -2.4227  -2.9575  -3.4507
 -3.9312  -4.4096  -4.8979  -5.3981  -5.9066  -6.4795  -7.1681  -7.6768  -8.1841
 -8.6894  -9.1931  -9.6956 -10.1972 -10.6982 -11.1989 -11.6993 -12.1995 -12.6997
  0.0000  -0.6986  -0.6986  -0.6986  -0.6987  -0.6988  -0.6992  -0.7002  -0.7025
 -0.7085  -0.7233  -0.7606  -0.8529  -1.0769  -1.5756  -2.3450  -2.9597  -3.4711
 -3.9558  -4.4320  -4.9140  -5.4058  -5.9058  -6.4724  -7.1549  -7.6634  -8.1723
 -8.6796  -9.1849  -9.6885 -10.1911 -10.6927 -11.1937 -11.6944 -12.1948 -12.6950
  0.0000  -0.8051  -0.8051  -0.8051  -0.8051  -0.8052  -0.8054  -0.8060  -0.8074
 -0.8109  -0.8198  -0.8420  -0.8975  -1.0352  -1.3679  -2.0795  -2.9234  -3.4864
 -3.9841  -4.4636  -4.9437  -5.4298  -5.9217  -6.4805  -7.1553  -7.6594  -8.1680
 -8.6769  -9.1841  -9.6893 -10.1928 -10.6953 -11.1969 -11.6979 -12.1985 -12.6989
  0.0000  -0.5147  -0.5146  -0.5143  -0.5135  -0.5115  -0.5072  -0.4990  -0.4906
 -0.5030  -0.5700  -0.7127  -0.9772  -1.3797  -1.8566  -2.3535  -2.8548  -3.3614
 -3.8697  -4.3836  -4.9102  -5.4359  -6.1851  -6.6908  -7.1940  -7.6959  -8.1972
 -8.6980  -9.1985  -9.6988 -10.1990 -10.6992 -11.1993 -11.6993 -12.1993 -12.6994
  0.0000  -0.5159  -0.5158  -0.5157  -0.5152  -0.5141  -0.5116  -0.5066  -0.5006
 -0.5089  -0.5676  -0.7055  -0.9665  -1.3780  -1.8655  -2.3650  -2.8629  -3.3645
 -3.8688  -4.3805  -4.9064  -5.4324  -6.1806  -6.6875  -7.1914  -7.6941  -8.1957
 -8.6968  -9.1975  -9.6979 -10.1982 -10.6984 -11.1985 -11.6986 -12.1986 -12.6986
  0.0000  -0.5116  -0.5116  -0.5116  -0.5115  -0.5112  -0.5106  -0.5096  -0.5094
 -0.5186  -0.5670  -0.6981  -0.9565  -1.3787  -1.8810  -2.3848  -2.8795  -3.3745
 -3.8721  -4.3793  -4.9031  -5.4287  -6.1752  -6.6836  -7.1887  -7.6923  -8.1947
 -8.6962  -9.1972  -9.6978 -10.1982 -10.6985 -11.1986 -11.6987 -12.1988 -12.6988
  0.0000  -0.5117  -0.5117  -0.5117  -0.5118  -0.5120  -0.5126  -0.5141  -0.5184
 -0.5317  -0.5737  -0.6907  -0.9432  -1.3753  -1.8984  -2.4108  -2.9046  -3.3933
 -3.8830  -4.3832  -4.9022  -5.4257  -6.1690  -6.6788  -7.1857  -7.6906  -8.1940
 -8.6963  -9.1977  -9.6987 -10.1993 -10.6996 -11.1999 -11.7000 -12.2001 -12.7002
  0.0000  -0.5192  -0.5192  -0.5193  -0.5194  -0.5198  -0.5207  -0.5230  -0.5288
 -0.5437  -0.5825  -0.6825  -0.9156  -1.3495  -1.9031  -2.4325  -2.9297  -3.4150
 -3.8973  -4.3892  -4.9009  -5.4194  -6.1572  -6.6672  -7.1758  -7.6826  -8.1874
 -8.6908  -9.1930  -9.6944 -10.1953 -10.6959 -11.1963 -11.6965 -12.1966 -12.6967
  0.0000  -0.5538  -0.5539  -0.5539  -0.5541  -0.5544  -0.5552  -0.5573  -0.5626
 -0.5757  -0.6088  -0.6910  -0.8877  -1.2974  -1.8910  -2.4540  -2.9618  -3.4484
 -3.9268  -4.4116  -4.9150  -5.4256  -6.1562  -6.6632  -7.1721  -7.6807  -8.1875
 -8.6922  -9.1955  -9.6977 -10.1991 -10.7000 -11.2005 -11.7009 -12.2011 -12.7012
  0.0000  -0.6047  -0.6048  -0.6048  -0.6049  -0.6051  -0.6058  -0.6073  -0.6113
 -0.6212  -0.6459  -0.7074  -0.8572  -1.1989  -1.8108  -2.4472  -2.9785  -3.4722
 -3.9511  -4.4324  -4.9297  -5.4323  -6.1561  -6.6554  -7.1617  -7.6708  -8.1792
 -8.6857  -9.1903  -9.6935 -10.1956 -10.6969 -11.1977 -11.6983 -12.1986 -12.6988
  0.0000  -0.5237  -0.5235  -0.5229  -0.5216  -0.5185  -0.5118  -0.5004  -0.4912
 -0.5080  -0.5760  -0.7160  -0.9749  -1.3672  -1.8390  -2.3395  -2.8478  -3.3676
 -3.8896  -4.4243  -5.0892  -5.6851  -6.1901  -6.6936  -7.1958  -7.6972  -8.1981
 -8.6986  -9.1990  -9.6992 -10.1994 -10.6994 -11.1995 -11.6995 -12.1996 -12.6996
  0.0000  -0.5392  -0.5390  -0.5384  -0.5369  -0.5335  -0.5258  -0.5121  -0.4983
 -0.5104  -0.5767  -0.7116  -0.9658  -1.3632  -1.8418  -2.3437  -2.8499  -3.3670
 -3.8880  -4.4220  -5.0863  -5.6824  -6.1883  -6.6923  -7.1951  -7.6968  -8.1979
 -8.6986  -9.1990  -9.6993 -10.1995 -10.6996 -11.1997 -11.6997 -12.1997 -12.6998
  0.0000  -0.5425  -0.5422  -0.5417  -0.5404  -0.5373  -0.5303  -0.5170  -0.5014
 -0.5086  -0.5732  -0.7067  -0.9605  -1.3669  -1.8540  -2.3562  -2.8578  -3.3695
 -3.8866  -4.4186  -5.0812  -5.6772  -6.1845  -6.6896  -7.1931  -7.6954  -8.1969
 -8.6979  -9.1985  -9.6988 -10.1991 -10.6992 -11.1993 -11.6994 -12.1994 -12.6995
  0.0000  -0.5331  -0.5330  -0.5326  -0.5318  -0.5299  -0.5254  -0.5165  -0.5044
 -0.5079  -0.5667  -0.7005  -0.9562  -1.3745  -1.8729  -2.3766  -2.8729  -3.3771
 -3.8875  -4.4154  -5.0746  -5.6696  -6.1783  -6.6849  -7.1895  -7.6929  -8.1950
 -8.6963  -9.1972  -9.6977 -10.1981 -10.6983 -11.1985 -11.6985 -12.1986 -12.6986
  0.0000  -0.5206  -0.5205  -0.5204  -0.5201  -0.5195  -0.5180  -0.5148  -0.5108
 -0.5160  -0.5645  -0.6956  -0.9528  -1.3839  -1.8973  -2.4054  -2.8985  -3.3951
 -3.8971  -4.4181  -5.0718  -5.6634  -6.1727  -6.6811  -7.1875  -7.6919  -8.1950
 -8.6971  -9.1983  -9.6992 -10.1997 -10.7000 -11.2002 -11.7004 -12.2005 -12.7005
  0.0000  -0.5078  -0.5078  -0.5078  -0.5078  -0.5079  -0.5081  -0.5089  -0.5117
 -0.5227  -0.5640  -0.6833  -0.9378  -1.3786  -1.9117  -2.4288  -2.9222  -3.4141
 -3.9086  -4.4214  -5.0679  -5.6529  -6.1602  -6.6695  -7.1777  -7.6839  -8.1881
 -8.6912  -9.1931  -9.6943 -10.1951 -10.6956 -11.1959 -11.6962 -12.1963 -12.6964
  0.0000  -0.5190  -0.5190  -0.5191  -0.5192  -0.5195  -0.5204  -0.5225  -0.5280
 -0.5423  -0.5810  -0.6833  -0.9218  -1.3632  -1.9226  -2.4551  -2.9531  -3.4444
 -3.9346  -4.4408  -5.0816  -5.6572  -6.1587  -6.6665  -7.1757  -7.6836  -8.1895
 -8.6934  -9.1964  -9.6981 -10.1993 -10.7000 -11.2005 -11.7008 -12.2010 -12.7011
  0.0000  -0.5161  -0.5160  -0.5156  -0.5146  -0.5122  -0.5072  -0.4991  -0.4939
 -0.5117  -0.5776  -0.7163  -0.9725  -1.3596  -1.8300  -2.3366  -2.8595  -3.3918
 -3.9746  -4.6714  -5.1808  -5.6872  -6.1911  -6.6941  -7.1958  -7.6969  -8.1976
 -8.6981  -9.1983  -9.6985 -10.1986 -10.6987 -11.1987 -11.6987 -12.1988 -12.6988
  0.0000  -0.5404  -0.5401  -0.5396  -0.5383  -0.5351  -0.5283  -0.5165  -0.5062
 -0.5197  -0.5819  -0.7120  -0.9583  -1.3454  -1.8215  -2.3319  -2.8563  -3.3889
 -3.9730  -4.6693  -5.1791  -5.6859  -6.1903  -6.6934  -7.1953  -7.6965  -8.1973
 -8.6978  -9.1981  -9.6983 -10.1984 -10.6985 -11.1985 -11.6985 -12.1986 -12.6986
  0.0000  -0.5561  -0.5558  -0.5551  -0.5532  -0.5490  -0.5397  -0.5235  -0.5076
 -0.5184  -0.5815  -0.7090  -0.9528  -1.3450  -1.8263  -2.3367  -2.8580  -3.3878
 -3.9704  -4.6649  -5.1754  -5.6832  -6.1885  -6.6922  -7.1946  -7.6961  -8.1970
 -8.6977  -9.1980  -9.6983 -10.1984 -10.6985 -11.1986 -11.6986 -12.1987 -12.6987
  0.0000  -0.5641  -0.5637  -0.5629  -0.5608  -0.5558  -0.5448  -0.5251  -0.5043
 -0.5126  -0.5780  -0.7063  -0.9526  -1.3543  -1.8422  -2.3512  -2.8669  -3.3904
 -3.9688  -4.6595  -5.1703  -5.6794  -6.1862  -6.6907  -7.1940  -7.6960  -8.1973
 -8.6982  -9.1987  -9.6990 -10.1992 -10.6994 -11.1995 -11.6995 -12.1995 -12.6996
  0.0000  -0.5585  -0.5582  -0.5574  -0.5555  -0.5510  -0.5409  -0.5220  -0.4996
 -0.5041  -0.5701  -0.7007  -0.9515  -1.3660  -1.8632  -2.3719  -2.8813  -3.3960
 -3.9679  -4.6525  -5.1617  -5.6716  -6.1799  -6.6861  -7.1902  -7.6932  -8.1951
 -8.6963  -9.1971  -9.6976 -10.1979 -10.6981 -11.1982 -11.6983 -12.1983 -12.6983
  0.0000  -0.5446  -0.5444  -0.5439  -0.5428  -0.5400  -0.5335  -0.5207  -0.5033
 -0.5041  -0.5647  -0.6976  -0.9526  -1.3799  -1.8890  -2.4001  -2.9055  -3.4118
 -3.9761  -4.6532  -5.1569  -5.6657  -6.1751  -6.6830  -7.1888  -7.6927  -8.1955
 -8.6973  -9.1984  -9.6991 -10.1995 -10.6998 -11.2000 -11.7001 -12.2002 -12.7002
  0.0000  -0.5248  -0.5247  -0.5245  -0.5241  -0.5231  -0.5206  -0.5156  -0.5083
 -0.5106  -0.5599  -0.6911  -0.9477  -1.3854  -1.9078  -2.4245  -2.9293  -3.4304
 -3.9889  -4.6596  -5.1539  -5.6583  -6.1671  -6.6762  -7.1836  -7.6890  -8.1925
 -8.6951  -9.1967  -9.6977 -10.1984 -10.6988 -11.1990 -11.6992 -12.1993 -12.6994
  0.0000  -0.4967  -0.4966  -0.4963  -0.4956  -0.4940  -0.4907  -0.4856  -0.4841
 -0.5044  -0.5721  -0.7164  -0.9781  -1.3659  -1.8395  -2.3558  -2.9005  -3.6430
 -4.1606  -4.6732  -5.1821  -5.6881  -6.1919  -6.6946  -7.1962  -7.6973  -8.1979
 -8.6983  -9.1986  -9.6987 -10.1988 -10.6989 -11.1989 -11.6990 -12.1990 -12.6990
  0.0000  -0.5319  -0.5317  -0.5314  -0.5306  -0.5287  -0.5245  -0.5174  -0.5117
 -0.5251  -0.5830  -0.7099  -0.9519  -1.3344  -1.8160  -2.3422  -2.8940  -3.6438
 -4.1625  -4.6750  -5.1835  -5.6889  -6.1926  -6.6950  -7.1964  -7.6973  -8.1979
 -8.6983  -9.1985  -9.6986 -10.1987 -10.6988 -11.1988 -11.6989 -12.1989 -12.6989
  0.0000  -0.5522  -0.5520  -0.5515  -0.5503  -0.5475  -0.5412  -0.5303  -0.5197
 -0.5299  -0.5864  -0.7076  -0.9422  -1.3247  -1.8104  -2.3390  -2.8913  -3.6414
 -4.1599  -4.6727  -5.1818  -5.6878  -6.1918  -6.6945  -7.1961  -7.6971  -8.1978
 -8.6982  -9.1985  -9.6986 -10.1987 -10.6988 -11.1988 -11.6989 -12.1989 -12.6989
  0.0000  -0.5654  -0.5651  -0.5643  -0.5625  -0.5582  -0.5490  -0.5328  -0.5164
 -0.5251  -0.5843  -0.7053  -0.9401  -1.3280  -1.8173  -2.3442  -2.8922  -3.6384
 -4.1548  -4.6678  -5.1779  -5.6850  -6.1898  -6.6931  -7.1952  -7.6965  -8.1974
 -8.6979  -9.1982  -9.6984 -10.1986 -10.6987 -11.1987 -11.6987 -12.1988 -12.6988
  0.0000  -0.5743  -0.5739  -0.5729  -0.5705  -0.5648  -0.5525  -0.5309  -0.5090
 -0.5169  -0.5800  -0.7033  -0.9427  -1.3404  -1.8350  -2.3591  -2.9001  -3.6397
 -4.1506  -4.6622  -5.1731  -5.6818  -6.1879  -6.6920  -7.1949  -7.6968  -8.1979
 -8.6986  -9.1991  -9.6994 -10.1996 -10.6997 -11.1998 -11.6998 -12.1998 -12.6999
  0.0000  -0.5739  -0.5735  -0.5724  -0.5698  -0.5636  -0.5501  -0.5261  -0.5004
 -0.5067  -0.5726  -0.6988  -0.9437  -1.3533  -1.8552  -2.3788  -2.9127  -3.6466
 -4.1479  -4.6550  -5.1653  -5.6751  -6.1828  -6.6883  -7.1921  -7.6947  -8.1963
 -8.6973  -9.1980  -9.6984 -10.1986 -10.6988 -11.1989 -11.6990 -12.1990 -12.6990
  0.0000  -0.5649  -0.5645  -0.5637  -0.5616  -0.5565  -0.5453  -0.5242  -0.4993
 -0.5020  -0.5668  -0.6953  -0.9446  -1.3654  -1.8774  -2.4020  -2.9317  -3.6643
 -4.1534  -4.6526  -5.1595  -5.6692  -6.1782  -6.6853  -7.1901  -7.6935  -8.1958
 -8.6972  -9.1981  -9.6987 -10.1991 -10.6993 -11.1994 -11.6995 -12.1996 -12.6996
  0.0000  -0.4466  -0.4465  -0.4462  -0.4455  -0.4439  -0.4408  -0.4370  -0.4394
 -0.4683  -0.5514  -0.7195  -1.0087  -1.4150  -1.8947  -2.5163  -3.1385  -3.6458
 -4.1561  -4.6671  -5.1768  -5.6841  -6.1893  -6.6927  -7.1951  -7.6966  -8.1975
 -8.6981  -9.1985  -9.6987 -10.1988 -10.6989 -11.1990 -11.6990 -12.1991 -12.6991
  0.0000  -0.5104  -0.5104  -0.5102  -0.5097  -0.5086  -0.5061  -0.5021  -0.5001
 -0.5151  -0.5729  -0.7027  -0.9515  -1.3433  -1.8360  -2.4736  -3.1267  -3.6493
 -4.1658  -4.6774  -5.1851  -5.6900  -6.1934  -6.6955  -7.1968  -7.6976  -8.1981
 -8.6984  -9.1986  -9.6988 -10.1989 -10.6989 -11.1989 -11.6990 -12.1990 -12.6990
  0.0000  -0.5387  -0.5386  -0.5383  -0.5377  -0.5362  -0.5329  -0.5270  -0.5215
 -0.5315  -0.5825  -0.6996  -0.9319  -1.3182  -1.8172  -2.4642  -3.1094  -3.6501
 -4.1670  -4.6784  -5.1860  -5.6906  -6.1939  -6.6959  -7.1971  -7.6979  -8.1984
 -8.6987  -9.1989  -9.6990 -10.1991 -10.6991 -11.1991 -11.6992 -12.1992 -12.6992
  0.0000  -0.5537  -0.5535  -0.5531  -0.5521  -0.5497  -0.5445  -0.5350  -0.5249
 -0.5324  -0.5839  -0.6985  -0.9266  -1.3131  -1.8145  -2.4649  -3.1077  -3.6468
 -4.1637  -4.6758  -5.1841  -5.6894  -6.1931  -6.6953  -7.1968  -7.6977  -8.1982
 -8.6986  -9.1988  -9.6990 -10.1990 -10.6991 -11.1991 -11.6992 -12.1992 -12.6992
  0.0000  -0.5625  -0.5623  -0.5617  -0.5601  -0.5565  -0.5485  -0.5342  -0.5189
 -0.5254  -0.5802  -0.6965  -0.9269  -1.3194  -1.8230  -2.4747  -3.1088  -3.6422
 -4.1579  -4.6706  -5.1801  -5.6867  -6.1909  -6.6939  -7.1957  -7.6969  -8.1976
 -8.6981  -9.1984  -9.6986 -10.1987 -10.6988 -11.1988 -11.6988 -12.1989 -12.6989
  0.0000  -0.5678  -0.5674  -0.5666  -0.5645  -0.5597  -0.5492  -0.5304  -0.5105
 -0.5164  -0.5749  -0.6937  -0.9293  -1.3313  -1.8394  -2.4935  -3.1168  -3.6405
 -4.1523  -4.6646  -5.1752  -5.6831  -6.1886  -6.6922  -7.1948  -7.6963  -8.1973
 -8.6979  -9.1983  -9.6986 -10.1987 -10.6988 -11.1989 -11.6989 -12.1990 -12.6990
  0.0000  -0.5689  -0.5685  -0.5676  -0.5654  -0.5600  -0.5484  -0.5277  -0.5053
 -0.5101  -0.5703  -0.6914  -0.9318  -1.3438  -1.8586  -2.5187  -3.1331  -3.6450
 -4.1501  -4.6599  -5.1706  -5.6797  -6.1865  -6.6911  -7.1944  -7.6964  -8.1977
 -8.6986  -9.1991  -9.6994 -10.1996 -10.6998 -11.1998 -11.6999 -12.1999 -12.7000
 -1.0000  -0.4513  -0.4513  -0.4511  -0.4507  -0.4498  -0.4480  -0.4454  -0.4469
 -0.4695  -0.5421  -0.6977  -0.9747  -1.4263  -2.0593  -2.6094  -3.1356  -3.6500
 -4.1637  -4.6750  -5.1834  -5.6892  -6.1931  -6.6957  -7.1973  -7.6983  -8.1990
 -8.6994  -9.1997  -9.6998 -10.1999 -10.7000 -11.2000 -11.7001 -12.2001 -12.7001
  0.0000  -0.4513  -0.4513  -0.4511  -0.4507  -0.4498  -0.4480  -0.4454  -0.4469
 -0.4695  -0.5421  -0.6977  -0.9747  -1.4263  -2.0593  -2.6094  -3.1356  -3.6500
 -4.1637  -4.6750  -5.1834  -5.6892  -6.1931  -6.6957  -7.1973  -7.6983  -8.1990
 -8.6994  -9.1997  -9.6998 -10.1999 -10.7000 -11.2000 -11.7001 -12.2001 -12.7001
 -1.0000  -0.5195  -0.5194  -0.5192  -0.5188  -0.5177  -0.5153  -0.5110  -0.5070
 -0.5166  -0.5670  -0.6844  -0.9125  -1.3425  -1.9969  -2.5869  -3.1334  -3.6560
 -4.1715  -4.6818  -5.1884  -5.6926  -6.1954  -6.6971  -7.1981  -7.6988  -8.1992
 -8.6995  -9.1996  -9.6997 -10.1998 -10.6998 -11.1999 -11.6999 -12.1999 -12.6999
  0.0000  -0.5196  -0.5196  -0.5194  -0.5190  -0.5179  -0.5155  -0.5112  -0.5072
 -0.5168  -0.5672  -0.6846  -0.9127  -1.3427  -1.9971  -2.5871  -3.1336  -3.6562
 -4.1717  -4.6820  -5.1886  -5.6928  -6.1956  -6.6973  -7.1983  -7.6990  -8.1994
 -8.6997  -9.1998  -9.6999 -10.2000 -10.7000 -11.2001 -11.7001 -12.2001 -12.7001
  0.0000  -0.5280  -0.5279  -0.5276  -0.5269  -0.5252  -0.5214  -0.5143  -0.5066
 -0.5145  -0.5665  -0.6842  -0.9098  -1.3439  -2.0062  -2.5886  -3.1311  -3.6526
 -4.1684  -4.6795  -5.1870  -5.6916  -6.1950  -6.6969  -7.1982  -7.6990  -8.1995
 -8.6998  -9.2000  -9.7001 -10.2002 -10.7002 -11.2002 -11.7003 -12.2003 -12.7003
  1.0000  -0.5277  -0.5275  -0.5273  -0.5266  -0.5249  -0.5211  -0.5140  -0.5063
 -0.5142  -0.5662  -0.6839  -0.9095  -1.3435  -2.0059  -2.5883  -3.1308  -3.6523
 -4.1681  -4.6792  -5.1867  -5.6913  -6.1947  -6.6966  -7.1979  -7.6987  -8.1992
 -8.6995  -9.1997  -9.6998 -10.1999 -10.6999 -11.1999 -11.7000 -12.2000 -12.7000
  2.0000  -0.5282  -0.5281  -0.5278  -0.5271  -0.5254  -0.5217  -0.5148  -0.5071
 -0.5150  -0.5669  -0.6846  -0.9101  -1.3442  -2.0065  -2.5890  -3.1315  -3.6530
 -4.1688  -4.6799  -5.1874  -5.6920  -6.1954  -6.6973  -7.1986  -7.6994  -8.1999
 -8.7002  -9.2004  -9.7005 -10.2006 -10.7006 -11.2006 -11.7007 -12.2007 -12.7007
 -3.0000  -0.4429  -0.4430  -0.4430  -0.4428  -0.4431  -0.4433  -0.4445  -0.4500
 -0.4715  -0.5313  -0.6644  -0.9799  -1.5114  -2.0719  -2.6156  -3.1425  -3.6620
 -4.1755  -4.6843  -5.1899  -5.6936  -6.1958  -6.6972  -7.1981  -7.6987  -8.1990
 -8.6992  -9.1994  -9.6995 -10.1995 -10.6995 -11.1996 -11.6996 -12.1996 -12.6996
 -2.0000  -0.4429  -0.4430  -0.4430  -0.4428  -0.4431  -0.4433  -0.4445  -0.4500
 -0.4715  -0.5313  -0.6644  -0.9799  -1.5114  -2.0719  -2.6156  -3.1425  -3.6620
 -4.1755  -4.6843  -5.1899  -5.6936  -6.1958  -6.6972  -7.1981  -7.6987  -8.1990
 -8.6992  -9.1994  -9.6995 -10.1995 -10.6995 -11.1996 -11.6996 -12.1996 -12.6996
 -1.0000  -0.4429  -0.4430  -0.4430  -0.4428  -0.4431  -0.4433  -0.4445  -0.4500
 -0.4715  -0.5313  -0.6644  -0.9799  -1.5114  -2.0719  -2.6156  -3.1425  -3.6620
 -4.1755  -4.6843  -5.1899  -5.6936  -6.1958  -6.6972  -7.1981  -7.6987  -8.1990
 -8.6992  -9.1994  -9.6995 -10.1995 -10.6995 -11.1996 -11.6996 -12.1996 -12.6996
  0.0000  -0.4431  -0.4432  -0.4432  -0.4430  -0.4433  -0.4435  -0.4447  -0.4502
 -0.4717  -0.5315  -0.6646  -0.9801  -1.5116  -2.0721  -2.6158  -3.1427  -3.6622
 -4.1757  -4.6845  -5.1901  -5.6938  -6.1960  -6.6974  -7.1983  -7.6989  -8.1992
 -8.6994  -9.1996  -9.6997 -10.1997 -10.6997 -11.1998 -11.6998 -12.1998 -12.6998
  0.0000  -0.4476  -0.4484  -0.4486  -0.4486  -0.4485  -0.4484  -0.4489  -0.4534
 -0.4741  -0.5326  -0.6613  -0.9763  -1.5110  -2.0719  -2.6152  -3.1419  -3.6615
 -4.1751  -4.6842  -5.1899  -5.6937  -6.1961  -6.6976  -7.1985  -7.6990  -8.1994
 -8.6996  -9.1998  -9.6998 -10.1999 -10.6999 -11.2000 -11.7000 -12.2000 -12.7000
  0.0000  -0.4447  -0.4447  -0.4446  -0.4446  -0.4443  -0.4439  -0.4435  -0.4471
 -0.4680  -0.5283  -0.6589  -0.9876  -1.5274  -2.0793  -2.6159  -3.1395  -3.6583
 -4.1723  -4.6821  -5.1885  -5.6926  -6.1955  -6.6971  -7.1982  -7.6989  -8.1993
 -8.6996  -9.1997  -9.6998 -10.1999 -10.6999 -11.2000 -11.7000 -12.2000 -12.7000
  0.0000  -0.4388  -0.4388  -0.4387  -0.4386  -0.4384  -0.4379  -0.4374  -0.4405
 -0.4611  -0.5223  -0.6566  -1.0020  -1.5492  -2.0916  -2.6196  -3.1382  -3.6552
 -4.1692  -4.6796  -5.1869  -5.6916  -6.1948  -6.6968  -7.1981  -7.6988  -8.1993
 -8.6997  -9.1999  -9.7000 -10.2001 -10.7001 -11.2001 -11.7002 -12.2002 -12.7002
 -3.0000  -0.3505  -0.3505  -0.3507  -0.3511  -0.3520  -0.3544  -0.3604  -0.3750
 -0.4125  -0.5038  -0.7176  -1.1062  -1.5924  -2.1084  -2.6274  -3.1470  -3.6636
 -4.1762  -4.6849  -5.1906  -5.6943  -6.1967  -6.6982  -7.1991  -7.6997  -8.2001
 -8.7003  -9.2005  -9.7005 -10.2006 -10.7006 -11.2007 -11.7007 -12.2007 -12.7007
 -2.0000  -0.3505  -0.3505  -0.3507  -0.3511  -0.3520  -0.3544  -0.3604  -0.3750
 -0.4125  -0.5038  -0.7176  -1.1062  -1.5924  -2.1084  -2.6274  -3.1470  -3.6636
 -4.1762  -4.6849  -5.1906  -5.6943  -6.1967  -6.6982  -7.1991  -7.6997  -8.2001
 -8.7003  -9.2005  -9.7005 -10.2006 -10.7006 -11.2007 -11.7007 -12.2007 -12.7007
 -1.0000  -0.3505  -0.3505  -0.3507  -0.3511  -0.3520  -0.3544  -0.3604  -0.3750
 -0.4125  -0.5038  -0.7176  -1.1062  -1.5924  -2.1084  -2.6274  -3.1470  -3.6636
 -4.1762  -4.6849  -5.1906  -5.6943  -6.1967  -6.6982  -7.1991  -7.6997  -8.2001
 -8.7003  -9.2005  -9.7005 -10.2006 -10.7006 -11.2007 -11.7007 -12.2007 -12.7007
  0.0000  -0.3505  -0.3505  -0.3507  -0.3511  -0.3520  -0.3544  -0.3604  -0.3750
 -0.4125  -0.5038  -0.7176  -1.1062  -1.5924  -2.1084  -2.6274  -3.1470  -3.6636
 -4.1762  -4.6849  -5.1906  -5.6943  -6.1967  -6.6982  -7.1991  -7.6997  -8.2001
 -8.7003  -9.2005  -9.7005 -10.2006 -10.7006 -11.2007 -11.7007 -12.2007 -12.7007
  0.0000  -0.3811  -0.3812  -0.3813  -0.3817  -0.3825  -0.3845  -0.3893  -0.4009
 -0.4308  -0.5056  -0.6929  -1.0713  -1.5706  -2.1007  -2.6280  -3.1510  -3.6682
 -4.1800  -4.6878  -5.1926  -5.6959  -6.1979  -6.6991  -7.1998  -7.7003  -8.2006
 -8.7008  -9.2009  -9.7010 -10.2010 -10.7010 -11.2011 -11.7011 -12.2011 -12.7011
  0.0000  -0.3799  -0.3800  -0.3801  -0.3804  -0.3813  -0.3833  -0.3882  -0.3998
 -0.4297  -0.5047  -0.6935  -1.0740  -1.5728  -2.1017  -2.6281  -3.1507  -3.6678
 -4.1797  -4.6876  -5.1925  -5.6959  -6.1979  -6.6991  -7.1999  -7.7004  -8.2007
 -8.7009  -9.2010  -9.7011 -10.2011 -10.7011 -11.2012 -11.7012 -12.2012 -12.7012
  0.0000  -0.3725  -0.3726  -0.3727  -0.3731  -0.3740  -0.3761  -0.3813  -0.3933
 -0.4244  -0.5029  -0.6996  -1.0860  -1.5818  -2.1058  -2.6289  -3.1499  -3.6667
 -4.1789  -4.6871  -5.1924  -5.6959  -6.1981  -6.6994  -7.2003  -7.7008  -8.2011
 -8.7013  -9.2015  -9.7016 -10.2016 -10.7016 -11.2017 -11.7017 -12.2017 -12.7017
 -4.0000  -0.3537  -0.3538  -0.3539  -0.3541  -0.3546  -0.3559  -0.3596  -0.3696
 -0.4002  -0.4942  -0.7240  -1.1250  -1.6053  -2.1179  -2.6388  -3.1589  -3.6751
 -4.1867  -4.6944  -5.1993  -5.7027  -6.2047  -6.7059  -7.2067  -7.7072  -8.2075
 -8.7077  -9.2078  -9.7079 -10.2079 -10.7079 -11.2080 -11.7080 -12.2080 -12.7080
 -3.0000  -0.3537  -0.3538  -0.3539  -0.3541  -0.3546  -0.3559  -0.3596  -0.3696
 -0.4002  -0.4942  -0.7240  -1.1250  -1.6053  -2.1179  -2.6388  -3.1589  -3.6751
 -4.1867  -4.6944  -5.1993  -5.7027  -6.2047  -6.7059  -7.2067  -7.7072  -8.2075
 -8.7077  -9.2078  -9.7079 -10.2079 -10.7079 -11.2080 -11.7080 -12.2080 -12.7080
 -2.0000  -0.3537  -0.3538  -0.3539  -0.3541  -0.3546  -0.3559  -0.3596  -0.3696
 -0.4002  -0.4942  -0.7240  -1.1250  -1.6053  -2.1179  -2.6388  -3.1589  -3.6751
 -4.1867  -4.6944  -5.1993  -5.7027  -6.2047  -6.7059  -7.2067  -7.7072  -8.2075
 -8.7077  -9.2078  -9.7079 -10.2079 -10.7079 -11.2080 -11.7080 -12.2080 -12.7080
 -1.0000  -0.3537  -0.3538  -0.3539  -0.3541  -0.3546  -0.3559  -0.3596  -0.3696
 -0.4002  -0.4942  -0.7240  -1.1250  -1.6053  -2.1179  -2.6388  -3.1589  -3.6751
 -4.1867  -4.6944  -5.1993  -5.7027  -6.2047  -6.7059  -7.2067  -7.7072  -8.2075
 -8.7077  -9.2078  -9.7079 -10.2079 -10.7079 -11.2080 -11.7080 -12.2080 -12.7080
  0.0000  -0.3530  -0.3531  -0.3532  -0.3534  -0.3539  -0.3552  -0.3589  -0.3689
 -0.3995  -0.4935  -0.7233  -1.1243  -1.6046  -2.1172  -2.6381  -3.1582  -3.6744
 -4.1860  -4.6937  -5.1986  -5.7020  -6.2040  -6.7052  -7.2060  -7.7065  -8.2068
 -8.7070  -9.2071  -9.7072 -10.2072 -10.7072 -11.2073 -11.7073 -12.2073 -12.7073
  0.0000  -0.3977  -0.3978  -0.3977  -0.3978  -0.3977  -0.3977  -0.3981  -0.4005
 -0.4155  -0.4845  -0.6911  -1.0934  -1.5884  -2.1131  -2.6403  -3.1625  -3.6786
 -4.1893  -4.6961  -5.2005  -5.7032  -6.2049  -6.7059  -7.2065  -7.7069  -8.2072
 -8.7073  -9.2074  -9.7075 -10.2075 -10.7076 -11.2076 -11.7076 -12.2076 -12.7076
  0.0000  -0.4148  -0.4149  -0.4148  -0.4147  -0.4145  -0.4137  -0.4124  -0.4111
 -0.4193  -0.4802  -0.6816  -1.0865  -1.5861  -2.1135  -2.6417  -3.1641  -3.6800
 -4.1905  -4.6971  -5.2013  -5.7039  -6.2055  -6.7065  -7.2071  -7.7075  -8.2077
 -8.7079  -9.2079  -9.7080 -10.2080 -10.7081 -11.2081 -11.7081 -12.2081 -12.7081
-14.0000  -0.4148  -0.4149  -0.4148  -0.4147  -0.4145  -0.4137  -0.4124  -0.4111
 -0.4193  -0.4802  -0.6816  -1.0865  -1.5861  -2.1135  -2.6417  -3.1641  -3.6800
 -4.1905  -4.6971  -5.2013  -5.7039  -6.2055  -6.7065  -7.2071  -7.7075  -8.2077
 -8.7079  -9.2079  -9.7080 -10.2080 -10.7081 -11.2081 -11.7081 -12.2081 -12.7081
-13.0000  -0.4148  -0.4149  -0.4148  -0.4147  -0.4145  -0.4137  -0.4124  -0.4111
 -0.4193  -0.4802  -0.6816  -1.0865  -1.5861  -2.1135  -2.6417  -3.1641  -3.6800
 -4.1905  -4.6971  -5.2013  -5.7039  -6.2055  -6.7065  -7.2071  -7.7075  -8.2077
 -8.7079  -9.2079  -9.7080 -10.2080 -10.7081 -11.2081 -11.7081 -12.2081 -12.7081
-12.0000  -0.4148  -0.4149  -0.4148  -0.4147  -0.4145  -0.4137  -0.4124  -0.4111
 -0.4193  -0.4802  -0.6816  -1.0865  -1.5861  -2.1135  -2.6417  -3.1641  -3.6800
 -4.1905  -4.6971  -5.2013  -5.7039  -6.2055  -6.7065  -7.2071  -7.7075  -8.2077
 -8.7079  -9.2079  -9.7080 -10.2080 -10.7081 -11.2081 -11.7081 -12.2081 -12.7081
-11.0000  -0.4148  -0.4149  -0.4148  -0.4147  -0.4145  -0.4137  -0.4124  -0.4111
 -0.4193  -0.4802  -0.6816  -1.0865  -1.5861  -2.1135  -2.6417  -3.1641  -3.6800
 -4.1905  -4.6971  -5.2013  -5.7039  -6.2055  -6.7065  -7.2071  -7.7075  -8.2077
 -8.7079  -9.2079  -9.7080 -10.2080 -10.7081 -11.2081 -11.7081 -12.2081 -12.7081
-10.0000  -0.4148  -0.4149  -0.4148  -0.4147  -0.4145  -0.4137  -0.4124  -0.4111
 -0.4193  -0.4802  -0.6816  -1.0865  -1.5861  -2.1135  -2.6417  -3.1641  -3.6800
 -4.1905  -4.6971  -5.2013  -5.7039  -6.2055  -6.7065  -7.2071  -7.7075  -8.2077
 -8.7079  -9.2079  -9.7080 -10.2080 -10.7081 -11.2081 -11.7081 -12.2081 -12.7081
-10.0000  -0.4143  -0.4144  -0.4143  -0.4142  -0.4140  -0.4132  -0.4119  -0.4106
 -0.4188  -0.4797  -0.6811  -1.0860  -1.5856  -2.1130  -2.6412  -3.1636  -3.6795
 -4.1900  -4.6966  -5.2008  -5.7034  -6.2050  -6.7060  -7.2066  -7.7070  -8.2072
 -8.7074  -9.2074  -9.7075 -10.2075 -10.7076 -11.2076 -11.7076 -12.2076 -12.7076
-10.0000  -0.4147  -0.4148  -0.4147  -0.4146  -0.4144  -0.4136  -0.4123  -0.4110
 -0.4192  -0.4801  -0.6815  -1.0864  -1.5860  -2.1134  -2.6416  -3.1640  -3.6799
 -4.1904  -4.6970  -5.2012  -5.7038  -6.2054  -6.7064  -7.2070  -7.7074  -8.2076
 -8.7078  -9.2078  -9.7079 -10.2079 -10.7080 -11.2080 -11.7080 -12.2080 -12.7080
nl= 3 nu= 8
  0.0000  -1.7986  -1.7986  -1.7986  -1.7986  -1.7986  -1.7986  -1.7986  -1.7986
 -1.7987  -1.7987  -1.7989  -1.7995  -1.8008  -1.8041  -1.8123  -1.8331  -1.8853
 -2.0162  -2.3446  -3.1617  -4.8958  -5.7160  -6.2275  -6.7287  -7.2306  -7.7349
 -8.2399  -8.7456  -9.2494  -9.7537 -10.2887 -10.8481 -11.5538 -12.0547 -12.5553
  0.0000  -1.9572  -1.9572  -1.9572  -1.9572  -1.9572  -1.9572  -1.9573  -1.9573
 -1.9573  -1.9573  -1.9574  -1.9577  -1.9583  -1.9600  -1.9641  -1.9746  -2.0008
 -2.0667  -2.2320  -2.6466  -3.6784  -5.5999  -6.2389  -6.7426  -7.2406  -7.7410
 -8.2445  -8.7504  -9.2552  -9.7606 -10.2963 -10.8562 -11.5618 -12.0634 -12.5643
  0.0000  -2.0971  -2.0971  -2.0971  -2.0971  -2.0971  -2.0971  -2.0971  -2.0971
 -2.0971  -2.0971  -2.0971  -2.0973  -2.0976  -2.0984  -2.1005  -2.1058  -2.1189
 -2.1519  -2.2349  -2.4432  -2.9657  -4.2639  -6.1957  -6.7404  -7.2379  -7.7330
 -8.2319  -8.7356  -9.2404  -9.7467 -10.2832 -10.8438 -11.5492 -12.0517 -12.5534
  0.0000  -2.2535  -2.2535  -2.2535  -2.2535  -2.2535  -2.2535  -2.2535  -2.2535
 -2.2535  -2.2535  -2.2536  -2.2536  -2.2538  -2.2542  -2.2552  -2.2579  -2.2645
 -2.2810  -2.3225  -2.4269  -2.6890  -3.3465  -4.9737  -6.7443  -7.2573  -7.7495
 -8.2419  -8.7401  -9.2420  -9.7480 -10.2850 -10.8464 -11.5513 -12.0552 -12.5579
  0.0000  -2.3997  -2.3997  -2.3997  -2.3997  -2.3997  -2.3997  -2.3997  -2.3997
 -2.3997  -2.3998  -2.3998  -2.3998  -2.3999  -2.4001  -2.4006  -2.4019  -2.4052
 -2.4135  -2.4343  -2.4865  -2.6177  -2.9472  -3.7741  -5.7971  -7.2623  -7.7631
 -8.2509  -8.7414  -9.2368  -9.7392 -10.2751 -10.8365 -11.5404 -12.0465 -12.5506
  0.0000  -2.5439  -2.5439  -2.5439  -2.5439  -2.5439  -2.5439  -2.5439  -2.5439
 -2.5439  -2.5439  -2.5439  -2.5440  -2.5440  -2.5441  -2.5444  -2.5450  -2.5467
 -2.5508  -2.5612  -2.5873  -2.6530  -2.8179  -3.2320  -4.2711  -6.7243  -7.7728
 -8.2658  -8.7509  -9.2379  -9.7330 -10.2644 -10.8237 -11.5249 -12.0332 -12.5395
  0.0000  -2.7011  -2.7011  -2.7011  -2.7011  -2.7011  -2.7011  -2.7011  -2.7011
 -2.7011  -2.7011  -2.7011  -2.7011  -2.7011  -2.7011  -2.7013  -2.7016  -2.7024
 -2.7045  -2.7097  -2.7228  -2.7556  -2.8381  -3.0452  -3.5655  -4.8709  -7.6190
 -8.2920  -8.7803  -9.2616  -9.7481 -10.2718 -10.8257 -11.5215 -12.0305 -12.5390
  0.0000  -1.4753  -1.4753  -1.4753  -1.4753  -1.4753  -1.4754  -1.4754  -1.4754
 -1.4756  -1.4760  -1.4769  -1.4793  -1.4852  -1.5001  -1.5375  -1.6314  -1.8664
 -2.4481  -3.7383  -4.7140  -5.2349  -5.7342  -6.2327  -6.7345  -7.2389  -7.7448
 -8.2493  -8.7542  -9.2679  -9.8165 -10.5445 -11.0564 -11.5572 -12.0577 -12.5581
  0.0000  -1.6207  -1.6207  -1.6207  -1.6207  -1.6207  -1.6207  -1.6207  -1.6208
 -1.6208  -1.6210  -1.6215  -1.6227  -1.6257  -1.6333  -1.6523  -1.7000  -1.8197
 -2.1196  -2.8628  -4.4168  -5.2329  -5.7414  -6.2368  -6.7336  -7.2346  -7.7395
 -8.2444  -8.7503  -9.2651  -9.8142 -10.5419 -11.0546 -11.5559 -12.0568 -12.5573
  0.0000  -1.7686  -1.7686  -1.7686  -1.7686  -1.7686  -1.7686  -1.7687  -1.7687
 -1.7687  -1.7688  -1.7690  -1.7696  -1.7712  -1.7750  -1.7846  -1.8087  -1.8691
 -2.0209  -2.4013  -3.3439  -5.0950  -5.7481  -6.2481  -6.7401  -7.2351  -7.7361
 -8.2397  -8.7458  -9.2614  -9.8115 -10.5386 -11.0525 -11.5546 -12.0560 -12.5569
  0.0000  -1.9189  -1.9189  -1.9189  -1.9189  -1.9189  -1.9189  -1.9189  -1.9189
 -1.9189  -1.9190  -1.9191  -1.9194  -1.9202  -1.9221  -1.9269  -1.9390  -1.9694
 -2.0458  -2.2375  -2.7181  -3.9075  -5.7091  -6.2626  -6.7559  -7.2448  -7.7388
 -8.2378  -8.7422  -9.2579  -9.8083 -10.5348 -11.0500 -11.5535 -12.0558 -12.5573
  0.0000  -2.0675  -2.0675  -2.0675  -2.0675  -2.0675  -2.0675  -2.0675  -2.0675
 -2.0675  -2.0676  -2.0676  -2.0678  -2.0681  -2.0691  -2.0715  -2.0776  -2.0928
 -2.1312  -2.2274  -2.4689  -3.0747  -4.5677  -6.2578  -6.7735  -7.2616  -7.7484
 -8.2395  -8.7385  -9.2516  -9.8016 -10.5259 -11.0433 -11.5485 -12.0521 -12.5546
  0.0000  -2.2175  -2.2175  -2.2175  -2.2175  -2.2175  -2.2175  -2.2175  -2.2175
 -2.2175  -2.2175  -2.2175  -2.2176  -2.2178  -2.2183  -2.2195  -2.2225  -2.2301
 -2.2493  -2.2975  -2.4186  -2.7226  -3.4851  -5.3433  -6.7826  -7.2840  -7.7686
 -8.2520  -8.7425  -9.2495  -9.7959 -10.5160 -11.0349 -11.5423 -12.0478 -12.5517
  0.0000  -2.3636  -2.3636  -2.3636  -2.3636  -2.3636  -2.3636  -2.3636  -2.3636
 -2.3636  -2.3636  -2.3637  -2.3637  -2.3638  -2.3640  -2.3646  -2.3662  -2.3700
 -2.3796  -2.4037  -2.4643  -2.6165  -2.9988  -3.9576  -6.2188  -7.2943  -7.7886
 -8.2692  -8.7520  -9.2504  -9.7901 -10.5032 -11.0209 -11.5300 -12.0377 -12.5434
  0.0000  -1.1645  -1.1645  -1.1645  -1.1645  -1.1645  -1.1646  -1.1647  -1.1649
 -1.1656  -1.1672  -1.1712  -1.1814  -1.2070  -1.2711  -1.4309  -1.8234  -2.7018
 -3.6887  -4.2392  -4.7402  -5.2352  -5.7332  -6.2354  -6.7399  -7.2459  -7.7516
 -8.2642  -8.7990  -9.4057 -10.0553 -10.5564 -11.0572 -11.5576 -12.0579 -12.5581
  0.0000  -1.3015  -1.3015  -1.3015  -1.3015  -1.3015  -1.3015  -1.3015  -1.3017
 -1.3020  -1.3029  -1.3050  -1.3103  -1.3237  -1.3572  -1.4413  -1.6513  -2.1681
 -3.2917  -4.2262  -4.7494  -5.2444  -5.7371  -6.2341  -6.7358  -7.2411  -7.7476
 -8.2612  -8.7968  -9.4036 -10.0534 -10.5553 -11.0564 -11.5572 -12.0576 -12.5579
  0.0000  -1.4503  -1.4503  -1.4503  -1.4503  -1.4503  -1.4503  -1.4504  -1.4504
 -1.4506  -1.4510  -1.4521  -1.4549  -1.4617  -1.4790  -1.5222  -1.6308  -1.9022
 -2.5709  -3.9457  -4.7564  -5.2646  -5.7550  -6.2457  -6.7416  -7.2437  -7.7495
 -8.2635  -8.8000  -9.4073 -10.0571 -10.5600 -11.0619 -11.5631 -12.0638 -12.5643
  0.0000  -1.5916  -1.5916  -1.5916  -1.5916  -1.5916  -1.5916  -1.5916  -1.5916
 -1.5917  -1.5919  -1.5925  -1.5939  -1.5973  -1.6061  -1.6281  -1.6834  -1.8220
 -2.1690  -3.0240  -4.6024  -5.2699  -5.7683  -6.2549  -6.7434  -7.2392  -7.7412
 -8.2541  -8.7907  -9.3983 -10.0483 -10.5525 -11.0555 -11.5575 -12.0588 -12.5596
  0.0000  -1.7359  -1.7359  -1.7359  -1.7359  -1.7359  -1.7359  -1.7359  -1.7359
 -1.7360  -1.7361  -1.7363  -1.7370  -1.7388  -1.7432  -1.7543  -1.7822  -1.8523
 -2.0282  -2.4687  -3.5528  -5.2153  -5.7816  -6.2728  -6.7561  -7.2436  -7.7383
 -8.2469  -8.7818  -9.3884 -10.0379 -10.5443 -11.0488 -11.5520 -12.0541 -12.5554
  0.0000  -1.8859  -1.8859  -1.8859  -1.8859  -1.8859  -1.8859  -1.8860  -1.8860
 -1.8860  -1.8860  -1.8862  -1.8865  -1.8874  -1.8896  -1.8952  -1.9093  -1.9445
 -2.0331  -2.2553  -2.8122  -4.1767  -5.7736  -6.2952  -6.7810  -7.2627  -7.7487
 -8.2495  -8.7792  -9.3824 -10.0297 -10.5382 -11.0449 -11.5496 -12.0530 -12.5552
  0.0000  -2.0259  -2.0259  -2.0259  -2.0259  -2.0259  -2.0259  -2.0259  -2.0259
 -2.0259  -2.0259  -2.0260  -2.0262  -2.0266  -2.0278  -2.0306  -2.0376  -2.0553
 -2.0997  -2.2113  -2.4915  -3.1935  -4.8943  -6.2899  -6.7946  -7.2775  -7.7577
 -8.2500  -8.7717  -9.3685 -10.0106 -10.5194 -11.0281 -11.5350 -12.0399 -12.5433
  0.0000  -0.8927  -0.8927  -0.8927  -0.8927  -0.8928  -0.8929  -0.8933  -0.8943
 -0.8967  -0.9028  -0.9182  -0.9566  -1.0519  -1.2841  -1.8068  -2.6174  -3.2315
 -3.7449  -4.2400  -4.7345  -5.2332  -5.7361  -6.2419  -6.7468  -7.2525  -7.7883
 -8.3483  -9.0539  -9.5556 -10.0566 -10.5573 -11.0577 -11.5580 -12.0581 -12.5583
  0.0000  -1.0072  -1.0072  -1.0072  -1.0072  -1.0072  -1.0073  -1.0075  -1.0081
 -1.0094  -1.0129  -1.0215  -1.0432  -1.0974  -1.2322  -1.5606  -2.2849  -3.1857
 -3.7516  -4.2524  -4.7428  -5.2355  -5.7337  -6.2372  -6.7419  -7.2482  -7.7849
 -8.3455  -9.0509  -9.5534 -10.0550 -10.5560 -11.0567 -11.5571 -12.0574 -12.5576
  0.0000  -1.1344  -1.1344  -1.1344  -1.1344  -1.1345  -1.1345  -1.1346  -1.1349
 -1.1357  -1.1375  -1.1422  -1.1539  -1.1832  -1.2568  -1.4399  -1.8866  -2.8416
 -3.7346  -4.2658  -4.7584  -5.2457  -5.7370  -6.2355  -6.7377  -7.2438  -7.7808
 -8.3422  -9.0472  -9.5509 -10.0535 -10.5551 -11.0561 -11.5568 -12.0572 -12.5575
  0.0000  -1.2716  -1.2716  -1.2716  -1.2716  -1.2716  -1.2716  -1.2717  -1.2718
 -1.2722  -1.2732  -1.2756  -1.2818  -1.2972  -1.3359  -1.4328  -1.6746  -2.2654
 -3.4612  -4.2667  -4.7780  -5.2650  -5.7499  -6.2406  -6.7373  -7.2407  -7.7769
 -8.3385  -9.0427  -9.5482 -10.0520 -10.5546 -11.0563 -11.5574 -12.0581 -12.5585
  0.0000  -1.4130  -1.4130  -1.4130  -1.4130  -1.4130  -1.4130  -1.4131  -1.4131
 -1.4133  -1.4138  -1.4151  -1.4183  -1.4262  -1.4461  -1.4962  -1.6217  -1.9350
 -2.7011  -4.1051  -4.7880  -5.2875  -5.7705  -6.2539  -6.7421  -7.2392  -7.7721
 -8.3322  -9.0343  -9.5420 -10.0477 -10.5516 -11.0544 -11.5561 -12.0573 -12.5580
  0.0000  -1.5560  -1.5560  -1.5560  -1.5560  -1.5560  -1.5560  -1.5561  -1.5561
 -1.5562  -1.5564  -1.5571  -1.5587  -1.5627  -1.5729  -1.5984  -1.6623  -1.8228
 -2.2240  -3.2037  -4.7193  -5.3020  -5.7936  -6.2743  -6.7548  -7.2430  -7.7690
 -8.3247  -9.0223  -9.5313 -10.0391 -10.5451 -11.0491 -11.5520 -12.0539 -12.5551
  0.0000  -1.7069  -1.7069  -1.7069  -1.7069  -1.7069  -1.7069  -1.7069  -1.7069
 -1.7070  -1.7071  -1.7075  -1.7083  -1.7103  -1.7154  -1.7283  -1.7606  -1.8419
 -2.0457  -2.5554  -3.7945  -5.2855  -5.8165  -6.3036  -6.7810  -7.2617  -7.7794
 -8.3276  -9.0179  -9.5253 -10.0343 -10.5424 -11.0484 -11.5525 -12.0555 -12.5574
  0.0000  -0.6990  -0.6990  -0.6990  -0.6991  -0.6992  -0.6997  -0.7008  -0.7035
 -0.7104  -0.7277  -0.7706  -0.8749  -1.1157  -1.5868  -2.1920  -2.7345  -3.2378
 -3.7344  -4.2310  -4.7316  -5.2364  -5.7418  -6.2482  -6.7634  -7.3128  -8.0405
 -8.5534  -9.0550  -9.5559 -10.0566 -10.5570 -11.0572 -11.5574 -12.0575 -12.5575
  0.0000  -0.7733  -0.7733  -0.7734  -0.7734  -0.7735  -0.7738  -0.7745  -0.7763
 -0.7808  -0.7921  -0.8204  -0.8904  -1.0603  -1.4436  -2.1030  -2.7312  -3.2519
 -3.7482  -4.2390  -4.7333  -5.2340  -5.7376  -6.2440  -6.7599  -7.3100  -8.0372
 -8.5511  -9.0534  -9.5549 -10.0558 -10.5564 -11.0568 -11.5570 -12.0572 -12.5573
  0.0000  -0.8685  -0.8685  -0.8685  -0.8685  -0.8686  -0.8688  -0.8692  -0.8703
 -0.8730  -0.8799  -0.8971  -0.9401  -1.0468  -1.3050  -1.8718  -2.6734  -3.2611
 -3.7669  -4.2553  -4.7429  -5.2368  -5.7360  -6.2405  -6.7563  -7.3070  -8.0335
 -8.5487  -9.0521  -9.5544 -10.0558 -10.5567 -11.0573 -11.5577 -12.0579 -12.5581
  0.0000  -0.9795  -0.9795  -0.9795  -0.9796  -0.9796  -0.9797  -0.9799  -0.9806
 -0.9821  -0.9860  -0.9959  -1.0205  -1.0821  -1.2351  -1.6051  -2.3888  -3.2359
 -3.7818  -4.2757  -4.7592  -5.2457  -5.7375  -6.2373  -6.7511  -7.3012  -8.0260
 -8.5431  -9.0479  -9.5514 -10.0537 -10.5552 -11.0561 -11.5567 -12.0571 -12.5573
  0.0000  -1.1066  -1.1066  -1.1066  -1.1066  -1.1067  -1.1067  -1.1068  -1.1072
 -1.1080  -1.1102  -1.1155  -1.1289  -1.1626  -1.2469  -1.4565  -1.9634  -2.9796
 -3.7794  -4.2986  -4.7851  -5.2663  -5.7499  -6.2418  -6.7502  -7.2977  -8.0189
 -8.5375  -9.0445  -9.5495 -10.0531 -10.5555 -11.0570 -11.5580 -12.0586 -12.5590
  0.0000  -1.2390  -1.2390  -1.2390  -1.2390  -1.2390  -1.2391  -1.2391  -1.2393
 -1.2398  -1.2409  -1.2437  -1.2508  -1.2686  -1.3131  -1.4248  -1.7028  -2.3756
 -3.6036  -4.3032  -4.8072  -5.2898  -5.7676  -6.2510  -6.7512  -7.2926  -8.0075
 -8.5258  -9.0345  -9.5417 -10.0469 -10.5506 -11.0530 -11.5546 -12.0556 -12.5562
  0.0000  -1.3817  -1.3817  -1.3817  -1.3817  -1.3817  -1.3817  -1.3817  -1.3818
 -1.3820  -1.3826  -1.3841  -1.3877  -1.3969  -1.4199  -1.4778  -1.6227  -1.9839
 -2.8568  -4.2193  -4.8211  -5.3167  -5.7951  -6.2728  -6.7648  -7.2981  -8.0052
 -8.5187  -9.0272  -9.5361 -10.0434 -10.5487 -11.0523 -11.5548 -12.0564 -12.5574
  0.0000  -0.6057  -0.6058  -0.6058  -0.6060  -0.6063  -0.6071  -0.6093  -0.6146
 -0.6278  -0.6598  -0.7345  -0.9006  -1.2273  -1.7047  -2.2195  -2.7241  -3.2224
 -3.7248  -4.2287  -4.7352  -5.2428  -5.7574  -6.2938  -6.9010  -7.5509  -8.0533
 -8.5548  -9.0557  -9.5563 -10.0567 -10.5569 -11.0571 -11.5572 -12.0572 -12.5573
  0.0000  -0.6386  -0.6386  -0.6386  -0.6387  -0.6390  -0.6396  -0.6413  -0.6453
 -0.6553  -0.6803  -0.7411  -0.8833  -1.1853  -1.6803  -2.2266  -2.7403  -3.2364
 -3.7327  -4.2304  -4.7332  -5.2394  -5.7541  -6.2910  -6.8985  -7.5485  -8.0518
 -8.5539  -9.0553  -9.5561 -10.0567 -10.5570 -11.0573 -11.5574 -12.0575 -12.5575
  0.0000  -0.6861  -0.6861  -0.6861  -0.6862  -0.6864  -0.6869  -0.6880  -0.6910
 -0.6983  -0.7166  -0.7621  -0.8725  -1.1253  -1.6112  -2.2172  -2.7564  -3.2556
 -3.7470  -4.2375  -4.7341  -5.2365  -5.7497  -6.2866  -6.8943  -7.5443  -8.0487
 -8.5519  -9.0540  -9.5553 -10.0561 -10.5566 -11.0570 -11.5572 -12.0573 -12.5574
  0.0000  -0.7550  -0.7550  -0.7551  -0.7551  -0.7552  -0.7556  -0.7563  -0.7583
 -0.7633  -0.7757  -0.8067  -0.8834  -1.0685  -1.4793  -2.1507  -2.7635  -3.2785
 -3.7695  -4.2539  -4.7425  -5.2383  -5.7475  -6.2827  -6.8896  -7.5392  -8.0455
 -8.5499  -9.0530  -9.5551 -10.0564 -10.5572 -11.0577 -11.5581 -12.0583 -12.5584
  0.0000  -0.8444  -0.8444  -0.8444  -0.8445  -0.8445  -0.8447  -0.8452  -0.8464
 -0.8495  -0.8572  -0.8765  -0.9248  -1.0441  -1.3307  -1.9411  -2.7254  -3.2939
 -3.7944  -4.2771  -4.7589  -5.2462  -5.7481  -6.2788  -6.8828  -7.5306  -8.0388
 -8.5452  -9.0496  -9.5528 -10.0549 -10.5562 -11.0571 -11.5576 -12.0580 -12.5582
  0.0000  -0.9517  -0.9517  -0.9517  -0.9517  -0.9517  -0.9518  -0.9521  -0.9528
 -0.9546  -0.9591  -0.9702  -0.9982  -1.0682  -1.2416  -1.6567  -2.4912  -3.2798
 -3.8133  -4.3027  -4.7820  -5.2621  -5.7554  -6.2785  -6.8766  -7.5197  -8.0286
 -8.5370  -9.0435  -9.5481 -10.0513 -10.5534 -11.0548 -11.5557 -12.0562 -12.5565
  0.0000  -1.0744  -1.0744  -1.0744  -1.0744  -1.0744  -1.0745  -1.0746  -1.0750
 -1.0760  -1.0784  -1.0845  -1.0999  -1.1385  -1.2350  -1.4742  -2.0460  -3.0954
 -3.8116  -4.3238  -4.8080  -5.2853  -5.7720  -6.2869  -6.8772  -7.5127  -8.0189
 -8.5279  -9.0364  -9.5429 -10.0474 -10.5506 -11.0528 -11.5541 -12.0550 -12.5555
  0.0000  -0.5754  -0.5755  -0.5756  -0.5759  -0.5766  -0.5785  -0.5829  -0.5932
 -0.6146  -0.6547  -0.7366  -0.9198  -1.2520  -1.7056  -2.2030  -2.7070  -3.2123
 -3.7242  -4.2329  -4.7420  -5.2804  -5.8422  -6.5478  -7.0514  -7.5537  -8.0552
 -8.5562  -9.0568  -9.5572 -10.0574 -10.5576 -11.0577 -11.5577 -12.0578 -12.5578
  0.0000  -0.5890  -0.5890  -0.5891  -0.5893  -0.5898  -0.5910  -0.5941  -0.6015
 -0.6188  -0.6561  -0.7349  -0.9093  -1.2423  -1.7098  -2.2158  -2.7189  -3.2189
 -3.7255  -4.2307  -4.7386  -5.2770  -5.8391  -6.5444  -7.0489  -7.5521  -8.0542
 -8.5555  -9.0563  -9.5568 -10.0572 -10.5574 -11.0575 -11.5576 -12.0577 -12.5577
  0.0000  -0.6054  -0.6055  -0.6055  -0.6056  -0.6060  -0.6069  -0.6091  -0.6145
 -0.6279  -0.6599  -0.7333  -0.8969  -1.2252  -1.7112  -2.2327  -2.7375  -3.2323
 -3.7317  -4.2311  -4.7357  -5.2727  -5.8348  -6.5392  -7.0453  -7.5494  -8.0524
 -8.5543  -9.0555  -9.5563 -10.0568 -10.5571 -11.0573 -11.5574 -12.0575 -12.5576
  0.0000  -0.6308  -0.6308  -0.6309  -0.6310  -0.6312  -0.6319  -0.6336  -0.6378
 -0.6482  -0.6740  -0.7367  -0.8825  -1.1919  -1.6968  -2.2478  -2.7611  -3.2536
 -3.7457  -4.2371  -4.7358  -5.2693  -5.8299  -6.5322  -7.0401  -7.5460  -8.0500
 -8.5529  -9.0547  -9.5559 -10.0567 -10.5571 -11.0574 -11.5576 -12.0577 -12.5578
  0.0000  -0.6718  -0.6718  -0.6719  -0.6719  -0.6721  -0.6726  -0.6739  -0.6770
 -0.6849  -0.7045  -0.7530  -0.8705  -1.1374  -1.6402  -2.2474  -2.7839  -3.2803
 -3.7677  -4.2514  -4.7416  -5.2688  -5.8252  -6.5233  -7.0324  -7.5402  -8.0461
 -8.5501  -9.0530  -9.5548 -10.0560 -10.5568 -11.0572 -11.5575 -12.0577 -12.5578
  0.0000  -0.7344  -0.7344  -0.7345  -0.7345  -0.7347  -0.7350  -0.7359  -0.7380
 -0.7435  -0.7571  -0.7911  -0.8751  -1.0767  -1.5156  -2.1951  -2.7946  -3.3062
 -3.7948  -4.2738  -4.7560  -5.2750  -5.8243  -6.5156  -7.0232  -7.5322  -8.0401
 -8.5460  -9.0500  -9.5529 -10.0547 -10.5559 -11.0567 -11.5571 -12.0574 -12.5576
  0.0000  -0.8207  -0.8207  -0.8207  -0.8207  -0.8208  -0.8210  -0.8216  -0.8229
 -0.8264  -0.8350  -0.8566  -0.9105  -1.0434  -1.3598  -2.0087  -2.7667  -3.3219
 -3.8207  -4.3003  -4.7780  -5.2901  -5.8314  -6.5145  -7.0161  -7.5238  -8.0329
 -8.5408  -9.0466  -9.5505 -10.0534 -10.5552 -11.0564 -11.5571 -12.0575 -12.5578
  0.0000  -0.5689  -0.5690  -0.5692  -0.5698  -0.5713  -0.5748  -0.5828  -0.5986
 -0.6228  -0.6587  -0.7404  -0.9230  -1.2466  -1.6894  -2.1857  -2.6965  -3.2138
 -3.7274  -4.2490  -4.8025  -5.5304  -6.0466  -6.5505  -7.0531  -7.5548  -8.0558
 -8.5564  -9.0568  -9.5571 -10.0573 -10.5574 -11.0574 -11.5575 -12.0575 -12.5575
  0.0000  -0.5746  -0.5747  -0.5749  -0.5754  -0.5767  -0.5797  -0.5869  -0.6017
 -0.6264  -0.6617  -0.7384  -0.9169  -1.2423  -1.6929  -2.1924  -2.7011  -3.2104
 -3.7259  -4.2464  -4.7997  -5.5267  -6.0440  -6.5486  -7.0519  -7.5540  -8.0553
 -8.5561  -9.0566  -9.5570 -10.0572 -10.5573 -11.0574 -11.5575 -12.0575 -12.5575
  0.0000  -0.5800  -0.5801  -0.5802  -0.5806  -0.5815  -0.5837  -0.5890  -0.6009
 -0.6237  -0.6609  -0.7353  -0.9113  -1.2418  -1.7037  -2.2077  -2.7131  -3.2161
 -3.7263  -4.2437  -4.7958  -5.5210  -6.0395  -6.5456  -7.0497  -7.5526  -8.0544
 -8.5555  -9.0563  -9.5567 -10.0570 -10.5572 -11.0573 -11.5574 -12.0575 -12.5575
  0.0000  -0.5871  -0.5872  -0.5873  -0.5875  -0.5881  -0.5895  -0.5929  -0.6012
 -0.6197  -0.6568  -0.7318  -0.9038  -1.2394  -1.7169  -2.2292  -2.7325  -3.2285
 -3.7308  -4.2426  -4.7915  -5.5133  -6.0326  -6.5404  -7.0460  -7.5498  -8.0525
 -8.5542  -9.0553  -9.5560 -10.0564 -10.5567 -11.0568 -11.5570 -12.0570 -12.5571
  0.0000  -0.5992  -0.5992  -0.5992  -0.5994  -0.5998  -0.6007  -0.6031  -0.6089
 -0.6231  -0.6561  -0.7299  -0.8947  -1.2293  -1.7262  -2.2538  -2.7591  -3.2500
 -3.7435  -4.2472  -4.7903  -5.5062  -6.0247  -6.5338  -7.0413  -7.5467  -8.0504
 -8.5530  -9.0547  -9.5557 -10.0564 -10.5568 -11.0571 -11.5572 -12.0574 -12.5574
  0.0000  -0.6203  -0.6203  -0.6203  -0.6205  -0.6207  -0.6214  -0.6232  -0.6276
 -0.6387  -0.6658  -0.7310  -0.8818  -1.2012  -1.7172  -2.2728  -2.7872  -3.2772
 -3.7641  -4.2598  -4.7950  -5.5032  -6.0169  -6.5255  -7.0344  -7.5418  -8.0472
 -8.5509  -9.0534  -9.5550 -10.0561 -10.5567 -11.0571 -11.5574 -12.0576 -12.5577
  0.0000  -0.6582  -0.6583  -0.6583  -0.6584  -0.6586  -0.6591  -0.6605  -0.6638
 -0.6722  -0.6932  -0.7450  -0.8696  -1.1504  -1.6674  -2.2735  -2.8093  -3.3047
 -3.7894  -4.2795  -4.8076  -5.5096  -6.0136  -6.5180  -7.0268  -7.5357  -8.0429
 -8.5481  -9.0516  -9.5541 -10.0556 -10.5566 -11.0573 -11.5577 -12.0579 -12.5581
  0.0000  -0.5751  -0.5752  -0.5755  -0.5761  -0.5775  -0.5810  -0.5887  -0.6033
 -0.6257  -0.6613  -0.7428  -0.9216  -1.2386  -1.6772  -2.1766  -2.6933  -3.2267
 -3.7706  -4.3839  -5.0374  -5.5446  -6.0491  -6.5523  -7.0543  -7.5555  -8.0562
 -8.5567  -9.0570  -9.5572 -10.0573 -10.5574 -11.0575 -11.5575 -12.0575 -12.5575
  0.0000  -0.5804  -0.5805  -0.5808  -0.5815  -0.5832  -0.5872  -0.5960  -0.6125
 -0.6355  -0.6676  -0.7429  -0.9154  -1.2298  -1.6721  -2.1745  -2.6917  -3.2238
 -3.7687  -4.3817  -5.0349  -5.5428  -6.0480  -6.5515  -7.0537  -7.5551  -8.0560
 -8.5566  -9.0569  -9.5572 -10.0573 -10.5574 -11.0574 -11.5575 -12.0575 -12.5575
  0.0000  -0.5776  -0.5777  -0.5780  -0.5788  -0.5806  -0.5851  -0.5949  -0.6132
 -0.6380  -0.6682  -0.7404  -0.9120  -1.2299  -1.6787  -2.1822  -2.6960  -3.2230
 -3.7666  -4.3779  -5.0301  -5.5392  -6.0455  -6.5496  -7.0526  -7.5544  -8.0556
 -8.5563  -9.0568  -9.5570 -10.0572 -10.5573 -11.0574 -11.5575 -12.0575 -12.5575
  0.0000  -0.5739  -0.5741  -0.5743  -0.5750  -0.5767  -0.5807  -0.5898  -0.6079
 -0.6344  -0.6653  -0.7360  -0.9095  -1.2350  -1.6939  -2.1993  -2.7077  -3.2268
 -3.7659  -4.3736  -5.0235  -5.5335  -6.0414  -6.5469  -7.0507  -7.5532  -8.0548
 -8.5559  -9.0565  -9.5569 -10.0572 -10.5574 -11.0575 -11.5575 -12.0576 -12.5576
  0.0000  -0.5741  -0.5741  -0.5743  -0.5748  -0.5760  -0.5788  -0.5855  -0.5999
 -0.6251  -0.6603  -0.7308  -0.9060  -1.2408  -1.7133  -2.2234  -2.7274  -3.2375
 -3.7694  -4.3710  -5.0160  -5.5258  -6.0350  -6.5423  -7.0474  -7.5510  -8.0534
 -8.5549  -9.0559  -9.5565 -10.0569 -10.5571 -11.0573 -11.5574 -12.0574 -12.5575
  0.0000  -0.5799  -0.5799  -0.5800  -0.5803  -0.5810  -0.5827  -0.5868  -0.5963
 -0.6166  -0.6542  -0.7273  -0.9007  -1.2426  -1.7313  -2.2505  -2.7534  -3.2539
 -3.7803  -4.3743  -5.0115  -5.5179  -6.0272  -6.5361  -7.0431  -7.5480  -8.0514
 -8.5537  -9.0551  -9.5560 -10.0566 -10.5570 -11.0572 -11.5574 -12.0575 -12.5575
  0.0000  -0.5914  -0.5915  -0.5915  -0.5917  -0.5921  -0.5932  -0.5957  -0.6021
 -0.6171  -0.6513  -0.7256  -0.8925  -1.2338  -1.7396  -2.2735  -2.7799  -3.2779
 -3.7981  -4.3858  -5.0143  -5.5128  -6.0194  -6.5287  -7.0373  -7.5439  -8.0486
 -8.5518  -9.0539  -9.5553 -10.0561 -10.5567 -11.0570 -11.5573 -12.0574 -12.5575
  0.0000  -0.5754  -0.5755  -0.5757  -0.5762  -0.5773  -0.5800  -0.5862  -0.5988
 -0.6202  -0.6574  -0.7408  -0.9209  -1.2378  -1.6755  -2.1774  -2.7192  -3.3066
 -4.0155  -4.5302  -5.0400  -5.5464  -6.0504  -6.5532  -7.0548  -7.5559  -8.0565
 -8.5569  -9.0572  -9.5574 -10.0575 -10.5575 -11.0576 -11.5576 -12.0576 -12.5576
  0.0000  -0.5925  -0.5926  -0.5928  -0.5933  -0.5945  -0.5975  -0.6042  -0.6174
 -0.6380  -0.6705  -0.7439  -0.9105  -1.2176  -1.6573  -2.1659  -2.7129  -3.3034
 -4.0151  -4.5300  -5.0400  -5.5463  -6.0505  -6.5531  -7.0548  -7.5558  -8.0564
 -8.5569  -9.0571  -9.5573 -10.0574 -10.5574 -11.0575 -11.5575 -12.0575 -12.5575
  0.0000  -0.5921  -0.5922  -0.5924  -0.5931  -0.5947  -0.5986  -0.6071  -0.6228
 -0.6446  -0.6742  -0.7437  -0.9065  -1.2124  -1.6546  -2.1647  -2.7110  -3.2998
 -4.0110  -4.5263  -5.0370  -5.5442  -6.0487  -6.5519  -7.0538  -7.5551  -8.0558
 -8.5563  -9.0566  -9.5568 -10.0569 -10.5570 -11.0571 -11.5571 -12.0571 -12.5571
  0.0000  -0.5825  -0.5826  -0.5830  -0.5839  -0.5860  -0.5911  -0.6021  -0.6216
 -0.6452  -0.6724  -0.7406  -0.9052  -1.2163  -1.6640  -2.1732  -2.7153  -3.2981
 -4.0060  -4.5206  -5.0322  -5.5406  -6.0463  -6.5502  -7.0528  -7.5544  -8.0554
 -8.5560  -9.0564  -9.5567 -10.0569 -10.5570 -11.0570 -11.5571 -12.0571 -12.5571
  0.0000  -0.5703  -0.5704  -0.5708  -0.5718  -0.5743  -0.5801  -0.5927  -0.6150
 -0.6411  -0.6670  -0.7352  -0.9044  -1.2248  -1.6819  -2.1908  -2.7267  -3.3010
 -4.0025  -4.5137  -5.0252  -5.5350  -6.0423  -6.5474  -7.0508  -7.5531  -8.0546
 -8.5555  -9.0560  -9.5564 -10.0566 -10.5568 -11.0569 -11.5569 -12.0570 -12.5570
  0.0000  -0.5640  -0.5641  -0.5645  -0.5653  -0.5675  -0.5726  -0.5840  -0.6057
 -0.6339  -0.6617  -0.7300  -0.9036  -1.2348  -1.7040  -2.2152  -2.7465  -3.3117
 -4.0060  -4.5094  -5.0183  -5.5285  -6.0375  -6.5442  -7.0488  -7.5520  -8.0541
 -8.5554  -9.0563  -9.5568 -10.0572 -10.5574 -11.0575 -11.5576 -12.0576 -12.5577
  0.0000  -0.5659  -0.5660  -0.5662  -0.5668  -0.5682  -0.5715  -0.5794  -0.5960
 -0.6230  -0.6567  -0.7255  -0.9010  -1.2409  -1.7230  -2.2398  -2.7698  -3.3288
 -4.0181  -4.5101  -5.0127  -5.5212  -6.0309  -6.5392  -7.0454  -7.5495  -8.0526
 -8.5544  -9.0556  -9.5564 -10.0569 -10.5572 -11.0574 -11.5575 -12.0576 -12.5577
  0.0000  -0.5498  -0.5499  -0.5501  -0.5505  -0.5516  -0.5543  -0.5604  -0.5730
 -0.5957  -0.6380  -0.7318  -0.9260  -1.2532  -1.7022  -2.2293  -2.9045  -3.4970
 -4.0148  -4.5285  -5.0385  -5.5452  -6.0496  -6.5526  -7.0545  -7.5556  -8.0564
 -8.5569  -9.0571  -9.5573 -10.0574 -10.5575 -11.0576 -11.5576 -12.0576 -12.5576
 -3.0000  -0.5845  -0.5847  -0.5850  -0.5860  -0.5882  -0.5935  -0.6047  -0.6238
 -0.6462  -0.6716  -0.7367  -0.8953  -1.2000  -1.6590  -2.2041  -2.8987  -3.4914
 -4.0090  -4.5234  -5.0345  -5.5423  -6.0475  -6.5511  -7.0534  -7.5548  -8.0557
 -8.5563  -9.0566  -9.5569 -10.0570 -10.5571 -11.0571 -11.5572 -12.0572 -12.5572
 -2.0000  -0.5851  -0.5852  -0.5856  -0.5865  -0.5887  -0.5940  -0.6051  -0.6241
 -0.6465  -0.6720  -0.7370  -0.8956  -1.2002  -1.6592  -2.2044  -2.8990  -3.4917
 -4.0093  -4.5237  -5.0348  -5.5426  -6.0478  -6.5514  -7.0537  -7.5551  -8.0560
 -8.5566  -9.0569  -9.5572 -10.0573 -10.5574 -11.0574 -11.5575 -12.0575 -12.5575
 -1.0000  -0.5856  -0.5857  -0.5861  -0.5870  -0.5891  -0.5942  -0.6051  -0.6239
 -0.6464  -0.6720  -0.7371  -0.8955  -1.2002  -1.6592  -2.2043  -2.8990  -3.4917
 -4.0093  -4.5237  -5.0348  -5.5426  -6.0478  -6.5514  -7.0537  -7.5551  -8.0560
 -8.5566  -9.0569  -9.5572 -10.0573 -10.5574 -11.0574 -11.5575 -12.0575 -12.5575
  0.0000  -0.5866  -0.5867  -0.5870  -0.5879  -0.5899  -0.5948  -0.6053  -0.6236
 -0.6461  -0.6721  -0.7371  -0.8955  -1.2000  -1.6591  -2.2043  -2.8989  -3.4917
 -4.0093  -4.5237  -5.0348  -5.5426  -6.0478  -6.5514  -7.0537  -7.5551  -8.0560
 -8.5566  -9.0569  -9.5572 -10.0573 -10.5574 -11.0574 -11.5575 -12.0575 -12.5575
  0.0000  -0.5708  -0.5710  -0.5714  -0.5725  -0.5751  -0.5812  -0.5943  -0.6164
 -0.6407  -0.6651  -0.7312  -0.8951  -1.2093  -1.6771  -2.2219  -2.9171  -3.4933
 -4.0039  -4.5163  -5.0279  -5.5372  -6.0439  -6.5484  -7.0515  -7.5535  -8.0548
 -8.5556  -9.0561  -9.5564 -10.0566 -10.5567 -11.0568 -11.5569 -12.0569 -12.5569
  0.0000  -0.5613  -0.5615  -0.5619  -0.5630  -0.5656  -0.5719  -0.5854  -0.6087
 -0.6348  -0.6595  -0.7267  -0.8951  -1.2187  -1.6971  -2.2446  -2.9448  -3.5036
 -4.0040  -4.5113  -5.0218  -5.5320  -6.0402  -6.5461  -7.0499  -7.5528  -8.0545
 -8.5556  -9.0563  -9.5568 -10.0571 -10.5572 -11.0574 -11.5574 -12.0575 -12.5575
  0.0000  -0.4508  -0.4509  -0.4512  -0.4519  -0.4539  -0.4583  -0.4680  -0.4860
 -0.5170  -0.5779  -0.7091  -0.9603  -1.3549  -1.9019  -2.5458  -3.0531  -3.5363
 -4.0257  -4.5222  -5.0245  -5.5300  -6.0366  -6.5426  -7.0472  -7.5506  -8.0529
 -8.5545  -9.0555  -9.5561 -10.0565 -10.5568 -11.0570 -11.5571 -12.0571 -12.5572
  1.0000  -0.4508  -0.4509  -0.4512  -0.4520  -0.4539  -0.4583  -0.4680  -0.4860
 -0.5170  -0.5779  -0.7091  -0.9603  -1.3549  -1.9019  -2.5458  -3.0531  -3.5363
 -4.0257  -4.5222  -5.0245  -5.5300  -6.0366  -6.5426  -7.0472  -7.5506  -8.0529
 -8.5545  -9.0555  -9.5561 -10.0565 -10.5568 -11.0570 -11.5571 -12.0571 -12.5572
  2.0000  -0.4508  -0.4510  -0.4513  -0.4520  -0.4540  -0.4584  -0.4680  -0.4860
 -0.5170  -0.5779  -0.7091  -0.9603  -1.3549  -1.9019  -2.5458  -3.0531  -3.5363
 -4.0257  -4.5222  -5.0245  -5.5300  -6.0366  -6.5426  -7.0472  -7.5506  -8.0529
 -8.5545  -9.0555  -9.5561 -10.0565 -10.5568 -11.0570 -11.5571 -12.0571 -12.5572
  3.0000  -0.4509  -0.4511  -0.4514  -0.4521  -0.4540  -0.4584  -0.4680  -0.4860
 -0.5170  -0.5779  -0.7091  -0.9602  -1.3549  -1.9019  -2.5458  -3.0531  -3.5363
 -4.0257  -4.5222  -5.0245  -5.5300  -6.0366  -6.5426  -7.0472  -7.5506  -8.0529
 -8.5545  -9.0555  -9.5561 -10.0565 -10.5568 -11.0570 -11.5571 -12.0571 -12.5572
  4.0000  -0.4511  -0.4512  -0.4515  -0.4523  -0.4542  -0.4585  -0.4681  -0.4860
 -0.5170  -0.5779  -0.7091  -0.9602  -1.3548  -1.9018  -2.5458  -3.0531  -3.5363
 -4.0257  -4.5222  -5.0245  -5.5300  -6.0366  -6.5426  -7.0472  -7.5506  -8.0529
 -8.5545  -9.0555  -9.5561 -10.0565 -10.5568 -11.0570 -11.5571 -12.0571 -12.5572
  5.0000  -0.4515  -0.4516  -0.4519  -0.4526  -0.4545  -0.4588  -0.4682  -0.4860
 -0.5170  -0.5780  -0.7090  -0.9601  -1.3547  -1.9018  -2.5457  -3.0531  -3.5363
 -4.0257  -4.5222  -5.0245  -5.5300  -6.0366  -6.5426  -7.0472  -7.5506  -8.0529
 -8.5545  -9.0555  -9.5561 -10.0565 -10.5568 -11.0570 -11.5571 -12.0571 -12.5572
  6.0000  -0.4520  -0.4521  -0.4524  -0.4531  -0.4549  -0.4590  -0.4682  -0.4858
 -0.5169  -0.5778  -0.7087  -0.9597  -1.3543  -1.9014  -2.5455  -3.0529  -3.5361
 -4.0255  -4.5220  -5.0243  -5.5298  -6.0364  -6.5424  -7.0470  -7.5504  -8.0527
 -8.5543  -9.0553  -9.5559 -10.0563 -10.5566 -11.0568 -11.5569 -12.0569 -12.5570
 -3.0000  -0.5592  -0.5592  -0.5592  -0.5594  -0.5598  -0.5607  -0.5632  -0.5691
 -0.5824  -0.6125  -0.6895  -0.8762  -1.2834  -1.8744  -2.4447  -2.9878  -3.5130
 -4.0293  -4.5397  -5.0461  -5.5503  -6.0528  -6.5544  -7.0553  -7.5559  -8.0563
 -8.5566  -9.0567  -9.5568 -10.0568 -10.5569 -11.0569 -11.5569 -12.0569 -12.5569
 -2.0000  -0.5592  -0.5592  -0.5592  -0.5594  -0.5598  -0.5607  -0.5632  -0.5691
 -0.5824  -0.6125  -0.6895  -0.8762  -1.2834  -1.8744  -2.4447  -2.9878  -3.5130
 -4.0293  -4.5397  -5.0461  -5.5503  -6.0528  -6.5544  -7.0553  -7.5559  -8.0563
 -8.5566  -9.0567  -9.5568 -10.0568 -10.5569 -11.0569 -11.5569 -12.0569 -12.5569
 -1.0000  -0.5594  -0.5594  -0.5594  -0.5596  -0.5600  -0.5609  -0.5634  -0.5693
 -0.5826  -0.6127  -0.6897  -0.8764  -1.2836  -1.8746  -2.4449  -2.9880  -3.5132
 -4.0295  -4.5399  -5.0463  -5.5505  -6.0530  -6.5546  -7.0555  -7.5561  -8.0565
 -8.5568  -9.0569  -9.5570 -10.0570 -10.5571 -11.0571 -11.5571 -12.0571 -12.5571
  0.0000  -0.5594  -0.5594  -0.5594  -0.5596  -0.5600  -0.5609  -0.5634  -0.5693
 -0.5826  -0.6127  -0.6897  -0.8764  -1.2836  -1.8746  -2.4449  -2.9880  -3.5132
 -4.0295  -4.5399  -5.0463  -5.5505  -6.0530  -6.5546  -7.0555  -7.5561  -8.0565
 -8.5568  -9.0569  -9.5570 -10.0570 -10.5571 -11.0571 -11.5571 -12.0571 -12.5571
  0.0000  -0.5567  -0.5567  -0.5567  -0.5569  -0.5574  -0.5585  -0.5615  -0.5681
 -0.5816  -0.6110  -0.6886  -0.8758  -1.2899  -1.8790  -2.4449  -2.9858  -3.5106
 -4.0273  -4.5383  -5.0452  -5.5496  -6.0525  -6.5542  -7.0553  -7.5559  -8.0563
 -8.5566  -9.0568  -9.5569 -10.0569 -10.5570 -11.0570 -11.5570 -12.0570 -12.5570
  0.0000  -0.5458  -0.5458  -0.5459  -0.5462  -0.5468  -0.5483  -0.5520  -0.5598
 -0.5742  -0.6036  -0.6852  -0.8794  -1.3126  -1.8955  -2.4491  -2.9836  -3.5063
 -4.0232  -4.5351  -5.0430  -5.5480  -6.0515  -6.5535  -7.0548  -7.5557  -8.0562
 -8.5565  -9.0567  -9.5568 -10.0569 -10.5570 -11.0570 -11.5570 -12.0570 -12.5570
  0.0000  -0.5340  -0.5341  -0.5342  -0.5345  -0.5352  -0.5370  -0.5413  -0.5500
 -0.5653  -0.5956  -0.6808  -0.8831  -1.3402  -1.9178  -2.4579  -2.9836  -3.5025
 -4.0187  -4.5312  -5.0402  -5.5461  -6.0500  -6.5527  -7.0543  -7.5553  -8.0560
 -8.5564  -9.0566  -9.5568 -10.0569 -10.5569 -11.0570 -11.5570 -12.0570 -12.5570
 -3.0000  -0.4894  -0.4895  -0.4895  -0.4897  -0.4902  -0.4913  -0.4942  -0.5016
 -0.5201  -0.5658  -0.6781  -0.9444  -1.4034  -1.9337  -2.4724  -3.0002  -3.5209
 -4.0352  -4.5446  -5.0504  -5.5543  -6.0566  -6.5581  -7.0590  -7.5595  -8.0599
 -8.5601  -9.0602  -9.5603 -10.0604 -10.5604 -11.0604 -11.5604 -12.0604 -12.5604
 -2.0000  -0.4894  -0.4895  -0.4895  -0.4897  -0.4902  -0.4913  -0.4942  -0.5016
 -0.5201  -0.5658  -0.6781  -0.9444  -1.4034  -1.9337  -2.4724  -3.0002  -3.5209
 -4.0352  -4.5446  -5.0504  -5.5543  -6.0566  -6.5581  -7.0590  -7.5595  -8.0599
 -8.5601  -9.0602  -9.5603 -10.0604 -10.5604 -11.0604 -11.5604 -12.0604 -12.5604
 -1.0000  -0.4894  -0.4895  -0.4895  -0.4897  -0.4902  -0.4913  -0.4942  -0.5016
 -0.5201  -0.5658  -0.6781  -0.9444  -1.4034  -1.9337  -2.4724  -3.0002  -3.5209
 -4.0352  -4.5446  -5.0504  -5.5543  -6.0566  -6.5581  -7.0590  -7.5595  -8.0599
 -8.5601  -9.0602  -9.5603 -10.0604 -10.5604 -11.0604 -11.5604 -12.0604 -12.5604
  0.0000  -0.4896  -0.4897  -0.4897  -0.4899  -0.4904  -0.4915  -0.4944  -0.5018
 -0.5203  -0.5660  -0.6783  -0.9446  -1.4036  -1.9339  -2.4726  -3.0004  -3.5211
 -4.0354  -4.5448  -5.0506  -5.5545  -6.0568  -6.5583  -7.0592  -7.5597  -8.0601
 -8.5603  -9.0604  -9.5605 -10.0606 -10.5606 -11.0606 -11.5606 -12.0606 -12.5606
  0.0000  -0.5001  -0.5001  -0.5002  -0.5003  -0.5007  -0.5017  -0.5045  -0.5113
 -0.5284  -0.5707  -0.6757  -0.9328  -1.3934  -1.9299  -2.4726  -3.0018  -3.5228
 -4.0368  -4.5459  -5.0514  -5.5552  -6.0574  -6.5587  -7.0596  -7.5601  -8.0604
 -8.5606  -9.0607  -9.5608 -10.0609 -10.5609 -11.0609 -11.5609 -12.0609 -12.5609
  0.0000  -0.4876  -0.4876  -0.4877  -0.4879  -0.4883  -0.4895  -0.4925  -0.5001
 -0.5192  -0.5658  -0.6787  -0.9460  -1.4055  -1.9347  -2.4728  -3.0001  -3.5208
 -4.0352  -4.5448  -5.0507  -5.5547  -6.0571  -6.5586  -7.0595  -7.5601  -8.0604
 -8.5607  -9.0608  -9.5609 -10.0609 -10.5610 -11.0610 -11.5610 -12.0610 -12.5610
  0.0000  -0.4706  -0.4707  -0.4707  -0.4709  -0.4714  -0.4727  -0.4761  -0.4849
 -0.5065  -0.5587  -0.6827  -0.9649  -1.4242  -1.9436  -2.4745  -2.9983  -3.5180
 -4.0328  -4.5429  -5.0496  -5.5537  -6.0566  -6.5583  -7.0594  -7.5600  -8.0604
 -8.5607  -9.0609  -9.5610 -10.0610 -10.5611 -11.0611 -11.5611 -12.0611 -12.5611
 -3.0000  -0.4076  -0.4076  -0.4078  -0.4081  -0.4088  -0.4107  -0.4156  -0.4277
 -0.4582  -0.5355  -0.7167  -1.0462  -1.4779  -1.9666  -2.4746  -2.9897  -3.5058
 -4.0196  -4.5300  -5.0371  -5.5418  -6.0449  -6.5469  -7.0482  -7.5489  -8.0494
 -8.5497  -9.0499  -9.5500 -10.0501 -10.5502 -11.0502 -11.5502 -12.0502 -12.5502
 -2.0000  -0.4076  -0.4076  -0.4078  -0.4081  -0.4088  -0.4107  -0.4156  -0.4277
 -0.4582  -0.5355  -0.7167  -1.0462  -1.4779  -1.9666  -2.4746  -2.9897  -3.5058
 -4.0196  -4.5300  -5.0371  -5.5418  -6.0449  -6.5469  -7.0482  -7.5489  -8.0494
 -8.5497  -9.0499  -9.5500 -10.0501 -10.5502 -11.0502 -11.5502 -12.0502 -12.5502
 -1.0000  -0.4076  -0.4076  -0.4078  -0.4081  -0.4088  -0.4107  -0.4156  -0.4277
 -0.4582  -0.5355  -0.7167  -1.0462  -1.4779  -1.9666  -2.4746  -2.9897  -3.5058
 -4.0196  -4.5300  -5.0371  -5.5418  -6.0449  -6.5469  -7.0482  -7.5489  -8.0494
 -8.5497  -9.0499  -9.5500 -10.0501 -10.5502 -11.0502 -11.5502 -12.0502 -12.5502
  0.0000  -0.4076  -0.4076  -0.4078  -0.4081  -0.4088  -0.4107  -0.4156  -0.4277
 -0.4582  -0.5355  -0.7167  -1.0462  -1.4779  -1.9666  -2.4746  -2.9897  -3.5058
 -4.0196  -4.5300  -5.0371  -5.5418  -6.0449  -6.5469  -7.0482  -7.5489  -8.0494
 -8.5497  -9.0499  -9.5500 -10.0501 -10.5502 -11.0502 -11.5502 -12.0502 -12.5502
  0.0000  -0.4965  -0.4966  -0.4966  -0.4966  -0.4967  -0.4971  -0.4980  -0.5008
 -0.5103  -0.5468  -0.6703  -0.9677  -1.4182  -1.9385  -2.4689  -2.9952  -3.5146
 -4.0277  -4.5361  -5.0411  -5.5446  -6.0467  -6.5479  -7.0487  -7.5492  -8.0495
 -8.5496  -9.0498  -9.5498 -10.0499 -10.5499 -11.0499 -11.5499 -12.0499 -12.5499
  0.0000  -0.5113  -0.5113  -0.5113  -0.5113  -0.5095  -0.5114  -0.5117  -0.5129
 -0.5189  -0.5488  -0.6632  -0.9566  -1.4112  -1.9364  -2.4694  -2.9965  -3.5159
 -4.0287  -4.5368  -5.0416  -5.5450  -6.0469  -6.5480  -7.0488  -7.5492  -8.0495
 -8.5497  -9.0498  -9.5498 -10.0499 -10.5499 -11.0499 -11.5499 -12.0499 -12.5499
  0.0000  -0.5071  -0.5071  -0.5071  -0.5070  -0.5071  -0.5072  -0.5077  -0.5090
 -0.5157  -0.5471  -0.6648  -0.9611  -1.4149  -1.9378  -2.4694  -2.9959  -3.5152
 -4.0281  -4.5363  -5.0413  -5.5447  -6.0467  -6.5479  -7.0486  -7.5491  -8.0494
 -8.5495  -9.0497  -9.5497 -10.0498 -10.5498 -11.0498 -11.5498 -12.0498 -12.5498
-13.0000  -0.5071  -0.5071  -0.5071  -0.5070  -0.5071  -0.5072  -0.5077  -0.5090
 -0.5157  -0.5471  -0.6648  -0.9611  -1.4149  -1.9378  -2.4694  -2.9959  -3.5152
 -4.0281  -4.5363  -5.0413  -5.5447  -6.0467  -6.5479  -7.0486  -7.5491  -8.0494
 -8.5495  -9.0497  -9.5497 -10.0498 -10.5498 -11.0498 -11.5498 -12.0498 -12.5498
-12.0000  -0.5071  -0.5071  -0.5071  -0.5070  -0.5071  -0.5072  -0.5077  -0.5090
 -0.5157  -0.5471  -0.6648  -0.9611  -1.4149  -1.9378  -2.4694  -2.9959  -3.5152
 -4.0281  -4.5363  -5.0413  -5.5447  -6.0467  -6.5479  -7.0486  -7.5491  -8.0494
 -8.5495  -9.0497  -9.5497 -10.0498 -10.5498 -11.0498 -11.5498 -12.0498 -12.5498
-11.0000  -0.5071  -0.5071  -0.5071  -0.5070  -0.5071  -0.5072  -0.5077  -0.5090
 -0.5157  -0.5471  -0.6648  -0.9611  -1.4149  -1.9378  -2.4694  -2.9959  -3.5152
 -4.0281  -4.5363  -5.0413  -5.5447  -6.0467  -6.5479  -7.0486  -7.5491  -8.0494
 -8.5495  -9.0497  -9.5497 -10.0498 -10.5498 -11.0498 -11.5498 -12.0498 -12.5498
-10.0000  -0.5071  -0.5071  -0.5071  -0.5070  -0.5071  -0.5072  -0.5077  -0.5090
 -0.5157  -0.5471  -0.6648  -0.9611  -1.4149  -1.9378  -2.4694  -2.9959  -3.5152
 -4.0281  -4.5363  -5.0413  -5.5447  -6.0467  -6.5479  -7.0486  -7.5491  -8.0494
 -8.5495  -9.0497  -9.5497 -10.0498 -10.5498 -11.0498 -11.5498 -12.0498 -12.5498
-10.0000  -0.5071  -0.5071  -0.5071  -0.5070  -0.5071  -0.5072  -0.5077  -0.5090
 -0.5157  -0.5471  -0.6648  -0.9611  -1.4149  -1.9378  -2.4694  -2.9959  -3.5152
 -4.0281  -4.5363  -5.0413  -5.5447  -6.0467  -6.5479  -7.0486  -7.5491  -8.0494
 -8.5495  -9.0497  -9.5497 -10.0498 -10.5498 -11.0498 -11.5498 -12.0498 -12.5498
-10.0000  -0.5071  -0.5071  -0.5071  -0.5070  -0.5071  -0.5072  -0.5077  -0.5090
 -0.5157  -0.5471  -0.6648  -0.9611  -1.4149  -1.9378  -2.4694  -2.9959  -3.5152
 -4.0281  -4.5363  -5.0413  -5.5447  -6.0467  -6.5479  -7.0486  -7.5491  -8.0494
 -8.5495  -9.0497  -9.5497 -10.0498 -10.5498 -11.0498 -11.5498 -12.0498 -12.5498
-10.0000  -0.5071  -0.5071  -0.5071  -0.5070  -0.5071  -0.5072  -0.5077  -0.5090
 -0.5157  -0.5471  -0.6648  -0.9611  -1.4149  -1.9378  -2.4694  -2.9959  -3.5152
 -4.0281  -4.5363  -5.0413  -5.5447  -6.0467  -6.5479  -7.0486  -7.5491  -8.0494
 -8.5495  -9.0497  -9.5497 -10.0498 -10.5498 -11.0498 -11.5498 -12.0498 -12.5498
-23.0000  -0.5071  -0.5071  -0.5071  -0.5070  -0.5071  -0.5072  -0.5077  -0.5090
 -0.5157  -0.5471  -0.6648  -0.9611  -1.4149  -1.9378  -2.4694  -2.9959  -3.5152
 -4.0281  -4.5363  -5.0413  -5.5447  -6.0467  -6.5479  -7.0486  -7.5491  -8.0494
 -8.5495  -9.0497  -9.5497 -10.0498 -10.5498 -11.0498 -11.5498 -12.0498 -12.5498
-22.0000  -0.5071  -0.5071  -0.5071  -0.5070  -0.5071  -0.5072  -0.5077  -0.5090
 -0.5157  -0.5471  -0.6648  -0.9611  -1.4149  -1.9378  -2.4694  -2.9959  -3.5152
 -4.0281  -4.5363  -5.0413  -5.5447  -6.0467  -6.5479  -7.0486  -7.5491  -8.0494
 -8.5495  -9.0497  -9.5497 -10.0498 -10.5498 -11.0498 -11.5498 -12.0498 -12.5498
-21.0000  -0.5071  -0.5071  -0.5071  -0.5070  -0.5071  -0.5072  -0.5077  -0.5090
 -0.5157  -0.5471  -0.6648  -0.9611  -1.4149  -1.9378  -2.4694  -2.9959  -3.5152
 -4.0281  -4.5363  -5.0413  -5.5447  -6.0467  -6.5479  -7.0486  -7.5491  -8.0494
 -8.5495  -9.0497  -9.5497 -10.0498 -10.5498 -11.0498 -11.5498 -12.0498 -12.5498
-20.0000  -0.5071  -0.5071  -0.5071  -0.5070  -0.5071  -0.5072  -0.5077  -0.5090
 -0.5157  -0.5471  -0.6648  -0.9611  -1.4149  -1.9378  -2.4694  -2.9959  -3.5152
 -4.0281  -4.5363  -5.0413  -5.5447  -6.0467  -6.5479  -7.0486  -7.5491  -8.0494
 -8.5495  -9.0497  -9.5497 -10.0498 -10.5498 -11.0498 -11.5498 -12.0498 -12.5498
-20.0000  -0.5071  -0.5071  -0.5071  -0.5070  -0.5071  -0.5072  -0.5077  -0.5090
 -0.5157  -0.5471  -0.6648  -0.9611  -1.4149  -1.9378  -2.4694  -2.9959  -3.5152
 -4.0281  -4.5363  -5.0413  -5.5447  -6.0467  -6.5479  -7.0486  -7.5491  -8.0494
 -8.5495  -9.0497  -9.5497 -10.0498 -10.5498 -11.0498 -11.5498 -12.0498 -12.5498
-20.0000  -0.5071  -0.5071  -0.5071  -0.5070  -0.5071  -0.5072  -0.5077  -0.5090
 -0.5157  -0.5471  -0.6648  -0.9611  -1.4149  -1.9378  -2.4694  -2.9959  -3.5152
 -4.0281  -4.5363  -5.0413  -5.5447  -6.0467  -6.5479  -7.0486  -7.5491  -8.0494
 -8.5495  -9.0497  -9.5497 -10.0498 -10.5498 -11.0498 -11.5498 -12.0498 -12.5498
-20.0000  -0.5071  -0.5071  -0.5071  -0.5070  -0.5071  -0.5072  -0.5077  -0.5090
 -0.5157  -0.5471  -0.6648  -0.9611  -1.4149  -1.9378  -2.4694  -2.9959  -3.5152
 -4.0281  -4.5363  -5.0413  -5.5447  -6.0467  -6.5479  -7.0486  -7.5491  -8.0494
 -8.5495  -9.0497  -9.5497 -10.0498 -10.5498 -11.0498 -11.5498 -12.0498 -12.5498
nl= 3 nu= 9
  0.0000  -1.7892  -1.7892  -1.7892  -1.7892  -1.7892  -1.7892  -1.7892  -1.7893
 -1.7895  -1.7901  -1.7915  -1.7950  -1.8038  -1.8259  -1.8814  -2.0206  -2.3693
 -3.2318  -4.8793  -5.5766  -6.0910  -6.5961  -7.1009  -7.6065  -8.1117  -8.6186
 -9.1276  -9.6420 -10.1998 -10.9202 -11.4234 -11.9241 -12.4246 -12.9251 -13.4546
  0.0000  -1.9364  -1.9364  -1.9364  -1.9364  -1.9364  -1.9364  -1.9364  -1.9365
 -1.9366  -1.9369  -1.9376  -1.9393  -1.9438  -1.9549  -1.9828  -2.0530  -2.2293
 -2.6708  -3.7617  -5.5054  -6.0875  -6.5947  -7.0969  -7.6006  -8.1055  -8.6132
 -9.1233  -9.6386 -10.1970 -10.9172 -11.4211 -11.9223 -12.4231 -12.9239 -13.4538
  0.0000  -2.0857  -2.0857  -2.0857  -2.0857  -2.0857  -2.0857  -2.0857  -2.0857
 -2.0858  -2.0859  -2.0862  -2.0871  -2.0894  -2.0949  -2.1090  -2.1442  -2.2328
 -2.4551  -3.0124  -4.3844  -6.0664  -6.5976  -7.0990  -7.5987  -8.1010  -8.6082
 -9.1188  -9.6352 -10.1941 -10.9140 -11.4190 -11.9210 -12.4223 -12.9236 -13.4541
  0.0000  -2.2346  -2.2346  -2.2346  -2.2346  -2.2346  -2.2346  -2.2346  -2.2346
 -2.2347  -2.2347  -2.2349  -2.2353  -2.2365  -2.2393  -2.2463  -2.2640  -2.3084
 -2.4199  -2.6999  -3.4019  -5.1143  -6.5935  -7.1058  -7.6024  -8.0994  -8.6031
 -9.1126  -9.6294 -10.1890 -10.9082 -11.4146 -11.9179 -12.4200 -12.9221 -13.4540
  0.0000  -2.3840  -2.3840  -2.3840  -2.3840  -2.3840  -2.3840  -2.3840  -2.3840
 -2.3841  -2.3841  -2.3842  -2.3844  -2.3850  -2.3864  -2.3899  -2.3987  -2.4210
 -2.4768  -2.6171  -2.9693  -3.8525  -5.9531  -7.1117  -7.6137  -8.1058  -8.6029
 -9.1081  -9.6231 -10.1825 -10.9000 -11.4087 -11.9135 -12.4169 -12.9203 -13.4529
  0.0000  -2.5339  -2.5339  -2.5339  -2.5339  -2.5339  -2.5339  -2.5339  -2.5339
 -2.5339  -2.5339  -2.5339  -2.5341  -2.5343  -2.5350  -2.5368  -2.5412  -2.5524
 -2.5803  -2.6505  -2.8268  -3.2696  -4.3799  -6.8308  -7.6265  -8.1208  -8.6118
 -9.1096  -9.6193 -10.1758 -10.8895 -11.4003 -11.9074 -12.4125 -12.9176 -13.4523
  0.0000  -2.6844  -2.6844  -2.6844  -2.6844  -2.6844  -2.6844  -2.6844  -2.6844
 -2.6844  -2.6844  -2.6844  -2.6844  -2.6846  -2.6849  -2.6858  -2.6880  -2.6936
 -2.7076  -2.7427  -2.8309  -3.0525  -3.6089  -5.0036  -7.5682  -8.1379  -8.6294
 -9.1205  -9.6225 -10.1726 -10.8799 -11.3905 -11.8995 -12.4068 -12.9141 -13.4506
  0.0000  -1.4642  -1.4642  -1.4642  -1.4642  -1.4643  -1.4643  -1.4645  -1.4649
 -1.4659  -1.4684  -1.4746  -1.4903  -1.5296  -1.6283  -1.8747  -2.4796  -3.7315
 -4.5680  -5.0900  -5.5935  -6.0958  -6.6002  -7.1053  -7.6129  -8.1216  -8.6283
 -9.1673  -9.8266 -10.4197 -10.9207 -11.4214 -11.9218 -12.4220 -12.9222 -13.4206
  0.0000  -1.6105  -1.6105  -1.6105  -1.6105  -1.6105  -1.6106  -1.6106  -1.6109
 -1.6114  -1.6126  -1.6158  -1.6238  -1.6440  -1.6945  -1.8212  -2.1379  -2.9162
 -4.3854  -5.0883  -5.5990  -6.0987  -6.5997  -7.1032  -7.6107  -8.1203  -8.6280
 -9.1677  -9.8270 -10.4206 -10.9222 -11.4233 -11.9239 -12.4244 -12.9249 -13.4233
  0.0000  -1.7551  -1.7551  -1.7551  -1.7551  -1.7551  -1.7552  -1.7552  -1.7553
 -1.7556  -1.7562  -1.7578  -1.7619  -1.7721  -1.7977  -1.8620  -2.0233  -2.4269
 -3.4177  -5.0083  -5.6002  -6.1029  -6.5995  -7.0988  -7.6042  -8.1135  -8.6220
 -9.1626  -9.8219 -10.4160 -10.9186 -11.4203 -11.9214 -12.4221 -12.9228 -13.4219
  0.0000  -1.9034  -1.9034  -1.9034  -1.9034  -1.9034  -1.9034  -1.9035  -1.9035
 -1.9036  -1.9040  -1.9048  -1.9068  -1.9120  -1.9249  -1.9573  -2.0387  -2.2429
 -2.7543  -4.0054  -5.5773  -6.1121  -6.6085  -7.1022  -7.6024  -8.1090  -8.6171
 -9.1581  -9.8170 -10.4119 -10.9158 -11.4186 -11.9204 -12.4215 -12.9226 -13.4225
  0.0000  -2.0550  -2.0550  -2.0550  -2.0550  -2.0550  -2.0550  -2.0550  -2.0550
 -2.0551  -2.0552  -2.0557  -2.0567  -2.0593  -2.0657  -2.0820  -2.1229  -2.2256
 -2.4835  -3.1292  -4.6942  -6.1131  -6.6252  -7.1163  -7.6097  -8.1102  -8.6149
 -9.1546  -9.8123 -10.4078 -10.9137 -11.4178 -11.9208 -12.4227 -12.9246 -13.4260
  0.0000  -2.2021  -2.2021  -2.2021  -2.2021  -2.2021  -2.2021  -2.2021  -2.2021
 -2.2021  -2.2022  -2.2024  -2.2029  -2.2042  -2.2075  -2.2156  -2.2361  -2.2876
 -2.4170  -2.7417  -3.5553  -5.4797  -6.6313  -7.1319  -7.6213  -8.1140  -8.6118
 -9.1472  -9.8013 -10.3959 -10.9042 -11.4104 -11.9147 -12.4179 -12.9211 -13.4236
  0.0000  -2.3516  -2.3516  -2.3516  -2.3516  -2.3516  -2.3516  -2.3516  -2.3516
 -2.3516  -2.3516  -2.3517  -2.3520  -2.3527  -2.3543  -2.3584  -2.3686  -2.3944
 -2.4592  -2.6219  -3.0305  -4.0541  -6.3186  -7.1453  -7.6410  -8.1292  -8.6190
 -9.1470  -9.7945 -10.3855 -10.8945 -11.4030 -11.9095 -12.4139 -12.9183 -13.4235
  0.0000  -1.1641  -1.1641  -1.1641  -1.1642  -1.1643  -1.1645  -1.1652  -1.1668
 -1.1710  -1.1814  -1.2074  -1.2726  -1.4347  -1.8284  -2.6699  -3.5443  -4.0913
 -4.5965  -5.0961  -5.5981  -6.1022  -6.6073  -7.1153  -7.6266  -8.1588  -8.7256
 -9.4193  -9.9208 -10.4217 -10.9223 -11.4226 -11.9229 -12.4230 -12.9231 -13.4231
  0.0000  -1.2945  -1.2945  -1.2945  -1.2945  -1.2946  -1.2947  -1.2951  -1.2960
 -1.2982  -1.3037  -1.3176  -1.3524  -1.4395  -1.6566  -2.1848  -3.2598  -4.0777
 -4.6010  -5.0999  -5.5974  -6.0981  -6.6018  -7.1100  -7.6222  -8.1553  -8.7226
 -9.4162  -9.9184 -10.4199 -10.9208 -11.4214 -11.9217 -12.4220 -12.9223 -13.4220
  0.0000  -1.4330  -1.4330  -1.4330  -1.4330  -1.4331  -1.4331  -1.4333  -1.4338
 -1.4349  -1.4378  -1.4450  -1.4631  -1.5086  -1.6225  -1.9065  -2.5981  -3.8900
 -4.6000  -5.1090  -5.6036  -6.0989  -6.5987  -7.1053  -7.6176  -8.1513  -8.7194
 -9.4126  -9.9161 -10.4184 -10.9198 -11.4208 -11.9214 -12.4217 -12.9220 -13.4221
  0.0000  -1.5785  -1.5785  -1.5785  -1.5785  -1.5785  -1.5786  -1.5787  -1.5789
 -1.5795  -1.5809  -1.5846  -1.5939  -1.6172  -1.6757  -1.8222  -2.1882  -3.0788
 -4.5136  -5.1187  -5.6185  -6.1091  -6.6026  -7.1047  -7.6150  -8.1484  -8.7168
 -9.4096  -9.9146 -10.4181 -10.9205 -11.4220 -11.9230 -12.4236 -12.9242 -13.4248
  0.0000  -1.7230  -1.7230  -1.7230  -1.7230  -1.7230  -1.7230  -1.7231  -1.7232
 -1.7235  -1.7242  -1.7261  -1.7308  -1.7426  -1.7723  -1.8468  -2.0336  -2.5006
 -3.6328  -5.0885  -5.6309  -6.1235  -6.6109  -7.1056  -7.6107  -8.1413  -8.7088
 -9.4000  -9.9073 -10.4125 -10.9162 -11.4187 -11.9203 -12.4213 -12.9223 -13.4235
  0.0000  -1.8720  -1.8720  -1.8720  -1.8720  -1.8720  -1.8720  -1.8721  -1.8721
 -1.8723  -1.8726  -1.8736  -1.8760  -1.8819  -1.8969  -1.9345  -2.0288  -2.2656
 -2.8576  -4.2797  -5.6285  -6.1433  -6.6305  -7.1184  -7.6154  -8.1400  -8.7038
 -9.3912  -9.9002 -10.4077 -10.9131 -11.4170 -11.9196 -12.4213 -12.9230 -13.4252
  0.0000  -2.0163  -2.0163  -2.0163  -2.0163  -2.0163  -2.0163  -2.0163  -2.0164
 -2.0164  -2.0166  -2.0171  -2.0183  -2.0213  -2.0288  -2.0477  -2.0951  -2.2142
 -2.5131  -3.2610  -5.0145  -6.1448  -6.6466  -7.1334  -7.6236  -8.1401  -8.6969
 -9.3777  -9.8858 -10.3949 -10.9025 -11.4082 -11.9120 -12.4148 -12.9176 -13.4209
  0.0000  -0.9150  -0.9150  -0.9151  -0.9152  -0.9156  -0.9165  -0.9188  -0.9245
 -0.9390  -0.9750  -1.0643  -1.2798  -1.7542  -2.4781  -3.0781  -3.5946  -4.0961
 -4.5957  -5.0983  -5.6030  -6.1109  -6.6213  -7.1370  -7.6954  -8.4157  -8.9197
 -9.4211  -9.9219 -10.4225 -10.9228 -11.4230 -11.9231 -12.4232 -12.9233 -13.4233
  0.0000  -1.0201  -1.0202  -1.0202  -1.0203  -1.0205  -1.0210  -1.0224  -1.0258
 -1.0342  -1.0555  -1.1087  -1.2406  -1.5581  -2.2328  -3.0426  -3.6022  -4.1075
 -4.6030  -5.1006  -5.6022  -6.1091  -6.6199  -7.1363  -7.6954  -8.4152  -8.9203
 -9.4223  -9.9236 -10.4245 -10.9250 -11.4253 -11.9255 -12.4257 -12.9259 -13.4260
  0.0000  -1.1356  -1.1357  -1.1357  -1.1357  -1.1358  -1.1361  -1.1369  -1.1388
 -1.1435  -1.1554  -1.1851  -1.2596  -1.4443  -1.8890  -2.7873  -3.5855  -4.1152
 -4.6113  -5.1035  -5.5995  -6.1030  -6.6126  -7.1294  -7.6890  -8.4084  -8.9146
 -9.4177  -9.9197 -10.4210 -10.9219 -11.4224 -11.9227 -12.4229 -12.9231 -13.4234
  0.0000  -1.2647  -1.2647  -1.2647  -1.2647  -1.2648  -1.2650  -1.2654  -1.2664
 -1.2689  -1.2753  -1.2912  -1.3313  -1.4315  -1.6805  -2.2802  -3.3958  -4.1146
 -4.6255  -5.1159  -5.6053  -6.1026  -6.6083  -7.1239  -7.6833  -8.4011  -8.9094
 -9.4138  -9.9170 -10.4191 -10.9204 -11.4212 -11.9218 -12.4221 -12.9224 -13.4231
  0.0000  -1.4042  -1.4042  -1.4042  -1.4042  -1.4042  -1.4043  -1.4045  -1.4050
 -1.4064  -1.4097  -1.4180  -1.4389  -1.4914  -1.6228  -1.9500  -2.7371  -4.0147
 -4.6372  -5.1365  -5.6223  -6.1121  -6.6109  -7.1219  -7.6792  -8.3941  -8.9044
 -9.4109  -9.9154 -10.4187 -10.9208 -11.4222 -11.9231 -12.4236 -12.9241 -13.4250
  0.0000  -1.5594  -1.5594  -1.5594  -1.5594  -1.5595  -1.5595  -1.5596  -1.5599
 -1.5606  -1.5623  -1.5665  -1.5773  -1.6042  -1.6718  -1.8413  -2.2638  -3.2764
 -4.6107  -5.1650  -5.6565  -6.1416  -6.6323  -7.1358  -7.6877  -8.3970  -8.9078
 -9.4162  -9.9230 -10.4277 -10.9311 -11.4333 -11.9347 -12.4356 -12.9365 -13.4379
  0.0000  -1.6903  -1.6903  -1.6903  -1.6903  -1.6903  -1.6903  -1.6904  -1.6905
 -1.6908  -1.6917  -1.6939  -1.6993  -1.7130  -1.7474  -1.8336  -2.0499  -2.5896
 -3.8701  -5.1392  -5.6603  -6.1491  -6.6351  -7.1305  -7.6747  -8.3760  -8.8834
 -9.3922  -9.9009 -10.4078 -10.9126 -11.4160 -11.9182 -12.4197 -12.9212 -13.4234
  0.0000  -0.7586  -0.7587  -0.7588  -0.7592  -0.7600  -0.7622  -0.7678  -0.7816
 -0.8160  -0.9000  -1.0950  -1.4854  -2.0348  -2.5757  -3.0860  -3.5886  -4.0923
 -4.5968  -5.1053  -5.6157  -6.1242  -6.6644  -7.3238  -7.9177  -8.4196  -8.9209
 -9.4217  -9.9222 -10.4225 -10.9227 -11.4229 -11.9229 -12.4230 -12.9231 -13.4230
  0.0000  -0.8160  -0.8161  -0.8162  -0.8164  -0.8170  -0.8186  -0.8225  -0.8323
 -0.8569  -0.9177  -1.0647  -1.3938  -1.9684  -2.5726  -3.0981  -3.5992  -4.0973
 -4.5969  -5.1025  -5.6122  -6.1211  -6.6620  -7.3214  -7.9156  -8.4185  -8.9203
 -9.4215  -9.9223 -10.4228 -10.9231 -11.4233 -11.9234 -12.4235 -12.9236 -13.4237
  0.0000  -0.8961  -0.8961  -0.8962  -0.8964  -0.8968  -0.8978  -0.9003  -0.9067
 -0.9227  -0.9626  -1.0613  -1.2979  -1.8062  -2.5270  -3.1077  -3.6161  -4.1105
 -4.6037  -5.1039  -5.6108  -6.1190  -6.6601  -7.3193  -7.9141  -8.4181  -8.9209
 -9.4227  -9.9239 -10.4246 -10.9251 -11.4254 -11.9256 -12.4257 -12.9258 -13.4260
  0.0000  -0.9921  -0.9921  -0.9922  -0.9923  -0.9925  -0.9931  -0.9946  -0.9985
 -1.0081  -1.0321  -1.0922  -1.2405  -1.5946  -2.3152  -3.0854  -3.6278  -4.1253
 -4.6133  -5.1065  -5.6075  -6.1127  -6.6528  -7.3107  -7.9061  -8.4118  -8.9158
 -9.4186  -9.9204 -10.4216 -10.9223 -11.4228 -11.9231 -12.4233 -12.9235 -13.4238
  0.0000  -1.1073  -1.1074  -1.1074  -1.1074  -1.1076  -1.1079  -1.1088  -1.1109
 -1.1163  -1.1299  -1.1639  -1.2488  -1.4590  -1.9594  -2.8985  -3.6260  -4.1440
 -4.6327  -5.1196  -5.6128  -6.1116  -6.6479  -7.3027  -7.8977  -8.4055  -8.9114
 -9.4154  -9.9183 -10.4202 -10.9213 -11.4221 -11.9226 -12.4229 -12.9232 -13.4237
  0.0000  -1.2382  -1.2382  -1.2383  -1.2383  -1.2384  -1.2385  -1.2390  -1.2402
 -1.2431  -1.2504  -1.2687  -1.3148  -1.4299  -1.7151  -2.3924  -3.5112  -4.1551
 -4.6578  -5.1438  -5.6301  -6.1205  -6.6500  -7.2990  -7.8909  -8.3999  -8.9079
 -9.4139  -9.9180 -10.4210 -10.9229 -11.4241 -11.9249 -12.4253 -12.9257 -13.4266
  0.0000  -1.3718  -1.3718  -1.3718  -1.3719  -1.3719  -1.3720  -1.3722  -1.3728
 -1.3744  -1.3782  -1.3878  -1.4119  -1.4725  -1.6240  -2.0000  -2.8885  -4.0967
 -4.6680  -5.1640  -5.6488  -6.1322  -6.6538  -7.2953  -7.8802  -8.3875  -8.8966
 -9.4047  -9.9107 -10.4149 -10.9179 -11.4198 -11.9210 -12.4217 -12.9224 -13.4237
  0.0000  -0.7017  -0.7018  -0.7020  -0.7025  -0.7037  -0.7067  -0.7144  -0.7340
 -0.7839  -0.9034  -1.1521  -1.5610  -2.0581  -2.5678  -3.0748  -3.5842  -4.0934
 -4.6044  -5.1185  -5.6530  -6.2213  -6.9149  -7.4180  -7.9200  -8.4212  -8.9220
 -9.4225  -9.9228 -10.4230 -10.9232 -11.4232 -11.9233 -12.4233 -12.9233 -13.4235
  0.0000  -0.7196  -0.7196  -0.7198  -0.7203  -0.7214  -0.7242  -0.7311  -0.7486
 -0.7921  -0.8974  -1.1297  -1.5433  -2.0626  -2.5805  -3.0852  -3.5887  -4.0929
 -4.6015  -5.1151  -5.6498  -6.2185  -6.9120  -7.4159  -7.9187  -8.4204  -8.9215
 -9.4223  -9.9227 -10.4230 -10.9232 -11.4233 -11.9234 -12.4234 -12.9234 -13.4236
  0.0000  -0.7503  -0.7503  -0.7505  -0.7508  -0.7517  -0.7540  -0.7597  -0.7741
 -0.8097  -0.8968  -1.0987  -1.4998  -2.0551  -2.5950  -3.1016  -3.5993  -4.0969
 -4.6006  -5.1118  -5.6457  -6.2146  -6.9075  -7.4129  -7.9167  -8.4193  -8.9209
 -9.4220  -9.9226 -10.4231 -10.9233 -11.4235 -11.9236 -12.4237 -12.9238 -13.4238
  0.0000  -0.8013  -0.8013  -0.8014  -0.8017  -0.8024  -0.8040  -0.8083  -0.8189
 -0.8454  -0.9109  -1.0686  -1.4177  -2.0058  -2.6026  -3.1225  -3.6181  -4.1090
 -4.6055  -5.1115  -5.6428  -6.2106  -6.9021  -7.4094  -7.9147  -8.4184  -8.9209
 -9.4225  -9.9235 -10.4242 -10.9246 -11.4248 -11.9250 -12.4251 -12.9252 -13.4255
  0.0000  -0.8726  -0.8726  -0.8727  -0.8729  -0.8733  -0.8745  -0.8773  -0.8844
 -0.9021  -0.9463  -1.0554  -1.3150  -1.8575  -2.5712  -3.1371  -3.6396  -4.1268
 -4.6158  -5.1141  -5.6397  -6.2041  -6.8923  -7.4012  -7.9084  -8.4137  -8.9175
 -9.4200  -9.9216 -10.4226 -10.9232 -11.4237 -11.9239 -12.4241 -12.9243 -13.4244
  0.0000  -0.9663  -0.9663  -0.9663  -0.9665  -0.9667  -0.9674  -0.9691  -0.9734
 -0.9843  -1.0114  -1.0791  -1.2457  -1.6391  -2.3981  -3.1274  -3.6588  -4.1500
 -4.6347  -5.1251  -5.6428  -6.2007  -6.8827  -7.3912  -7.9000  -8.4074  -8.9128
 -9.4165  -9.9190 -10.4206 -10.9217 -11.4223 -11.9228 -12.4230 -12.9232 -13.4239
  0.0000  -1.0834  -1.0834  -1.0834  -1.0835  -1.0837  -1.0841  -1.0850  -1.0875
 -1.0936  -1.1091  -1.1479  -1.2446  -1.4830  -2.0417  -2.9972  -3.6650  -4.1754
 -4.6627  -5.1489  -5.6593  -6.2093  -6.8831  -7.3868  -7.8952  -8.4041  -8.9115
 -9.4169  -9.9205 -10.4231 -10.9247 -11.4257 -11.9264 -12.4268 -12.9272 -13.4280
  0.0000  -0.6992  -0.6992  -0.6992  -0.6993  -0.6997  -0.7010  -0.7064  -0.7266
 -0.7835  -0.9110  -1.1626  -1.5594  -2.0436  -2.5535  -3.0672  -3.5866  -4.1049
 -4.6257  -5.1872  -5.9077  -6.4143  -6.9176  -7.4197  -7.9210  -8.4218  -8.9223
 -9.4226  -9.9228 -10.4230 -10.9230 -11.4231 -11.9231 -12.4231 -12.9231 -13.4230
  0.0000  -0.7021  -0.7022  -0.7023  -0.7026  -0.7034  -0.7055  -0.7116  -0.7304
 -0.7831  -0.9065  -1.1564  -1.5606  -2.0523  -2.5619  -3.0715  -3.5865  -4.1026
 -4.6227  -5.1844  -5.9042  -6.4120  -6.9160  -7.4187  -7.9204  -8.4215  -8.9222
 -9.4226  -9.9229 -10.4231 -10.9232 -11.4233 -11.9233 -12.4233 -12.9233 -13.4233
  0.0000  -0.7051  -0.7051  -0.7053  -0.7057  -0.7068  -0.7095  -0.7165  -0.7349
 -0.7833  -0.9006  -1.1475  -1.5617  -2.0663  -2.5774  -3.0816  -3.5899  -4.1014
 -4.6195  -5.1802  -5.8986  -6.4080  -6.9132  -7.4168  -7.9193  -8.4208  -8.9218
 -9.4224  -9.9228 -10.4231 -10.9232 -11.4233 -11.9234 -12.4234 -12.9234 -13.4236
  0.0000  -0.7143  -0.7144  -0.7145  -0.7150  -0.7161  -0.7188  -0.7258  -0.7432
 -0.7870  -0.8938  -1.1303  -1.5523  -2.0791  -2.5977  -3.0985  -3.5989  -4.1033
 -4.6168  -5.1751  -5.8905  -6.4013  -6.9083  -7.4132  -7.9167  -8.4190  -8.9204
 -9.4214  -9.9220 -10.4223 -10.9226 -11.4227 -11.9228 -12.4229 -12.9230 -13.4231
  0.0000  -0.7399  -0.7400  -0.7401  -0.7405  -0.7414  -0.7438  -0.7498  -0.7648
 -0.8021  -0.8933  -1.1045  -1.5195  -2.0821  -2.6214  -3.1242  -3.6186  -4.1148
 -4.6208  -5.1740  -5.8842  -6.3951  -6.9037  -7.4106  -7.9154  -8.4188  -8.9211
 -9.4225  -9.9234 -10.4240 -10.9243 -11.4246 -11.9247 -12.4248 -12.9249 -13.4249
  0.0000  -0.7820  -0.7821  -0.7822  -0.7825  -0.7832  -0.7850  -0.7896  -0.8011
 -0.8297  -0.9004  -1.0699  -1.4402  -2.0407  -2.6313  -3.1471  -3.6407  -4.1307
 -4.6284  -5.1741  -5.8766  -6.3844  -6.8933  -7.4019  -7.9087  -8.4135  -8.9169
 -9.4191  -9.9205 -10.4214 -10.9220 -11.4224 -11.9226 -12.4227 -12.9228 -13.4230
  0.0000  -0.8506  -0.8507  -0.8507  -0.8509  -0.8514  -0.8527  -0.8558  -0.8636
 -0.8832  -0.9320  -1.0521  -1.3353  -1.9080  -2.6090  -3.1637  -3.6655  -4.1544
 -4.6463  -5.1846  -5.8798  -6.3792  -6.8851  -7.3941  -7.9027  -8.4094  -8.9140
 -9.4173  -9.9195 -10.4209 -10.9218 -11.4223 -11.9227 -12.4229 -12.9231 -13.4236
  0.0000  -0.7068  -0.7067  -0.7066  -0.7063  -0.7057  -0.7056  -0.7101  -0.7312
 -0.7879  -0.9126  -1.1580  -1.5468  -2.0296  -2.5469  -3.0709  -3.5978  -4.1470
 -4.8101  -5.4076  -5.9131  -6.4168  -6.9191  -7.4206  -7.9215  -8.4221  -8.9225
 -9.4227  -9.9228 -10.4229 -10.9230 -11.4230 -11.9230 -12.4231 -12.9232 -13.4232
  0.0000  -0.7126  -0.7125  -0.7123  -0.7120  -0.7112  -0.7105  -0.7138  -0.7334
 -0.7885  -0.9099  -1.1532  -1.5450  -2.0313  -2.5482  -3.0701  -3.5954  -4.1444
 -4.8069  -5.4046  -5.9110  -6.4152  -6.9181  -7.4199  -7.9211  -8.4218  -8.9222
 -9.4225  -9.9227 -10.4228 -10.9229 -11.4229 -11.9229 -12.4230 -12.9231 -13.4231
  0.0000  -0.7111  -0.7110  -0.7109  -0.7107  -0.7104  -0.7102  -0.7134  -0.7316
 -0.7859  -0.9068  -1.1523  -1.5518  -2.0426  -2.5567  -3.0735  -3.5944  -4.1413
 -4.8022  -5.3999  -5.9076  -6.4129  -6.9166  -7.4190  -7.9205  -8.4214  -8.9220
 -9.4224  -9.9227 -10.4228 -10.9229 -11.4230 -11.9230 -12.4230 -12.9230 -13.4230
  0.0000  -0.7054  -0.7054  -0.7055  -0.7056  -0.7060  -0.7072  -0.7119  -0.7292
 -0.7813  -0.9024  -1.1515  -1.5621  -2.0611  -2.5731  -3.0831  -3.5966  -4.1390
 -4.7964  -5.3931  -5.9022  -6.4091  -6.9138  -7.4172  -7.9193  -8.4207  -8.9216
 -9.4221  -9.9225 -10.4227 -10.9228 -11.4229 -11.9230 -12.4230 -12.9230 -13.4232
  0.0000  -0.7012  -0.7013  -0.7015  -0.7018  -0.7028  -0.7052  -0.7116  -0.7293
 -0.7778  -0.8963  -1.1467  -1.5704  -2.0831  -2.5966  -3.1005  -3.6046  -4.1400
 -4.7917  -5.3849  -5.8946  -6.4032  -6.9097  -7.4142  -7.9174  -8.4194  -8.9207
 -9.4215  -9.9221 -10.4224 -10.9226 -11.4228 -11.9228 -12.4229 -12.9230 -13.4229
  0.0000  -0.7075  -0.7076  -0.7077  -0.7082  -0.7093  -0.7120  -0.7190  -0.7366
 -0.7813  -0.8913  -1.1347  -1.5679  -2.1027  -2.6245  -3.1261  -3.6221  -4.1494
 -4.7938  -5.3799  -5.8875  -6.3969  -6.9052  -7.4116  -7.9158  -8.4189  -8.9209
 -9.4222  -9.9230 -10.4235 -10.9238 -11.4240 -11.9242 -12.4242 -12.9242 -13.4245
  0.0000  -0.7263  -0.7264  -0.7265  -0.7269  -0.7279  -0.7304  -0.7367  -0.7523
 -0.7913  -0.8868  -1.1072  -1.5351  -2.1031  -2.6447  -3.1504  -3.6425  -4.1636
 -4.8021  -5.3783  -5.8794  -6.3871  -6.8963  -7.4044  -7.9105  -8.4146  -8.9176
 -9.4195  -9.9207 -10.4215 -10.9219 -11.4223 -11.9224 -12.4226 -12.9228 -13.4227
  0.0000  -0.7069  -0.7069  -0.7068  -0.7067  -0.7067  -0.7074  -0.7127  -0.7333
 -0.7884  -0.9110  -1.1531  -1.5392  -2.0255  -2.5502  -3.0945  -3.6910  -4.3917
 -4.9033  -5.4107  -5.9151  -6.4183  -6.9202  -7.4213  -7.9221  -8.4225  -8.9228
 -9.4230  -9.9231 -10.4232 -10.9232 -11.4232 -11.9233 -12.4233 -12.9233 -13.4235
  0.0000  -0.7205  -0.7204  -0.7202  -0.7198  -0.7192  -0.7187  -0.7222  -0.7413
 -0.7933  -0.9092  -1.1436  -1.5279  -2.0178  -2.5455  -3.0913  -3.6885  -4.3900
 -4.9020  -5.4098  -5.9146  -6.4180  -6.9200  -7.4213  -7.9220  -8.4225  -8.9229
 -9.4231  -9.9232 -10.4233 -10.9233 -11.4233 -11.9233 -12.4234 -12.9235 -13.4234
  0.0000  -0.7243  -0.7242  -0.7238  -0.7231  -0.7216  -0.7197  -0.7218  -0.7407
 -0.7929  -0.9078  -1.1423  -1.5296  -2.0211  -2.5469  -3.0902  -3.6856  -4.3854
 -4.8982  -5.4070  -5.9128  -6.4167  -6.9192  -7.4207  -7.9217  -8.4223  -8.9227
 -9.4230  -9.9231 -10.4232 -10.9233 -11.4233 -11.9233 -12.4234 -12.9235 -13.4235
  0.0000  -0.7214  -0.7212  -0.7208  -0.7199  -0.7180  -0.7152  -0.7161  -0.7349
 -0.7887  -0.9053  -1.1448  -1.5399  -2.0339  -2.5552  -3.0929  -3.6832  -4.3792
 -4.8922  -5.4023  -5.9095  -6.4142  -6.9175  -7.4197  -7.9210  -8.4218  -8.9224
 -9.4227  -9.9229 -10.4231 -10.9231 -11.4232 -11.9232 -12.4232 -12.9232 -13.4231
  0.0000  -0.7129  -0.7128  -0.7125  -0.7119  -0.7106  -0.7086  -0.7096  -0.7274
 -0.7822  -0.9018  -1.1486  -1.5555  -2.0551  -2.5717  -3.1020  -3.6841  -4.3737
 -4.8849  -5.3956  -5.9044  -6.4108  -6.9151  -7.4181  -7.9201  -8.4213  -8.9221
 -9.4225  -9.9229 -10.4230 -10.9232 -11.4232 -11.9233 -12.4233 -12.9233 -13.4235
  0.0000  -0.7023  -0.7023  -0.7022  -0.7022  -0.7021  -0.7023  -0.7056  -0.7222
 -0.7755  -0.8973  -1.1504  -1.5711  -2.0801  -2.5952  -3.1188  -3.6917  -4.3731
 -4.8783  -5.3878  -5.8976  -6.4058  -6.9117  -7.4157  -7.9186  -8.4204  -8.9215
 -9.4222  -9.9227 -10.4230 -10.9232 -11.4233 -11.9234 -12.4234 -12.9234 -13.4236
  0.0000  -0.6970  -0.6970  -0.6971  -0.6974  -0.6982  -0.7003  -0.7061  -0.7233
 -0.7725  -0.8927  -1.1474  -1.5801  -2.1030  -2.6215  -3.1420  -3.7077  -4.3824
 -4.8772  -5.3817  -5.8907  -6.4001  -6.9078  -7.4133  -7.9170  -8.4197  -8.9214
 -9.4224  -9.9231 -10.4235 -10.9238 -11.4240 -11.9241 -12.4242 -12.9243 -13.4244
  0.0000  -0.6918  -0.6918  -0.6919  -0.6920  -0.6924  -0.6942  -0.7007  -0.7224
 -0.7794  -0.9065  -1.1551  -1.5462  -2.0380  -2.6022  -3.3496  -3.8765  -4.3931
 -4.9039  -5.4108  -5.9152  -6.4181  -6.9199  -7.4209  -7.9216  -8.4221  -8.9223
 -9.4225  -9.9226 -10.4227 -10.9227 -11.4227 -11.9228 -12.4228 -12.9228 -13.4230
  0.0000  -0.7181  -0.7181  -0.7181  -0.7181  -0.7182  -0.7191  -0.7237  -0.7416
 -0.7906  -0.9029  -1.1335  -1.5184  -2.0178  -2.5919  -3.3493  -3.8783  -4.3951
 -4.9055  -5.4120  -5.9161  -6.4186  -6.9202  -7.4212  -7.9218  -8.4221  -8.9224
 -9.4225  -9.9226 -10.4227 -10.9227 -11.4227 -11.9228 -12.4228 -12.9228 -13.4230
  0.0000  -0.7276  -0.7276  -0.7274  -0.7272  -0.7266  -0.7263  -0.7295  -0.7465
 -0.7943  -0.9025  -1.1278  -1.5107  -2.0122  -2.5879  -3.3467  -3.8757  -4.3930
 -4.9040  -5.4110  -5.9154  -6.4182  -6.9200  -7.4211  -7.9217  -8.4222  -8.9224
 -9.4226  -9.9227 -10.4228 -10.9228 -11.4228 -11.9229 -12.4229 -12.9229 -13.4231
  0.0000  -0.7289  -0.7288  -0.7284  -0.7276  -0.7260  -0.7239  -0.7256  -0.7433
 -0.7926  -0.9017  -1.1295  -1.5154  -2.0170  -2.5897  -3.3439  -3.8708  -4.3882
 -4.9002  -5.4083  -5.9135  -6.4170  -6.9192  -7.4206  -7.9214  -8.4220  -8.9223
 -9.4225  -9.9227 -10.4227 -10.9228 -11.4228 -11.9228 -12.4229 -12.9230 -13.4230
  0.0000  -0.7254  -0.7251  -0.7246  -0.7232  -0.7204  -0.7162  -0.7163  -0.7353
 -0.7873  -0.8997  -1.1347  -1.5290  -2.0315  -2.5989  -3.3061  -3.8659  -4.3817
 -4.8944  -5.4040  -5.9106  -6.4149  -6.9179  -7.4198  -7.9210  -8.4217  -8.9222
 -9.4225  -9.9227 -10.4228 -10.9229 -11.4229 -11.9229 -12.4230 -12.9231 -13.4231
  0.0000  -0.7176  -0.7174  -0.7167  -0.7153  -0.7121  -0.7073  -0.7064  -0.7258
 -0.7803  -0.8966  -1.1406  -1.5467  -2.0532  -2.6161  -3.3196  -3.8647  -4.3754
 -4.8873  -5.3979  -5.9062  -6.4120  -6.9158  -7.4185  -7.9202  -8.4212  -8.9219
 -9.4224  -9.9226 -10.4228 -10.9229 -11.4230 -11.9230 -12.4230 -12.9230 -13.4230
  0.0000  -0.7072  -0.7071  -0.7067  -0.7058  -0.7038  -0.7007  -0.7004  -0.7183
 -0.7736  -0.8932  -1.1446  -1.5631  -2.0769  -2.6389  -3.3432  -3.8712  -4.3728
 -4.8808  -5.3912  -5.9007  -6.4081  -6.9133  -7.4168  -7.9192  -8.4207  -8.9216
 -9.4222  -9.9226 -10.4229 -10.9230 -11.4231 -11.9232 -12.4232 -12.9232 -13.4234
  0.0000  -0.6375  -0.6376  -0.6376  -0.6379  -0.6386  -0.6413  -0.6502  -0.6796
 -0.7516  -0.9043  -1.1809  -1.6066  -2.1858  -2.8204  -3.3592  -3.8739  -4.3873
 -4.8983  -5.4066  -5.9124  -6.4162  -6.9188  -7.4204  -7.9214  -8.4221  -8.9225
 -9.4227  -9.9229 -10.4230 -10.9231 -11.4231 -11.9231 -12.4232 -12.9233 -13.4233
  0.0000  -0.6963  -0.6963  -0.6964  -0.6967  -0.6974  -0.6992  -0.7051  -0.7239
 -0.7746  -0.8909  -1.1275  -1.5367  -2.1303  -2.7959  -3.3596  -3.8833  -4.3983
 -4.9077  -5.4134  -5.9173  -6.4195  -6.9209  -7.4218  -7.9224  -8.4227  -8.9229
 -9.4231  -9.9231 -10.4232 -10.9232 -11.4232 -11.9233 -12.4233 -12.9233 -13.4235
  0.0000  -0.7157  -0.7158  -0.7158  -0.7160  -0.7164  -0.7176  -0.7222  -0.7383
 -0.7839  -0.8895  -1.1113  -1.5140  -2.1087  -2.7916  -3.3597  -3.8844  -4.3995
 -4.9087  -5.4142  -5.9178  -6.4200  -6.9213  -7.4221  -7.9226  -8.4230  -8.9231
 -9.4233  -9.9234 -10.4234 -10.9234 -11.4234 -11.9235 -12.4235 -12.9235 -13.4237
  0.0000  -0.7207  -0.7206  -0.7206  -0.7205  -0.7202  -0.7205  -0.7238  -0.7398
 -0.7856  -0.8899  -1.1086  -1.5102  -2.1076  -2.7899  -3.3564  -3.8812  -4.3970
 -4.9069  -5.4130  -5.9170  -6.4195  -6.9210  -7.4219  -7.9225  -8.4229  -8.9231
 -9.4232  -9.9233 -10.4234 -10.9234 -11.4234 -11.9235 -12.4235 -12.9235 -13.4237
  0.0000  -0.7188  -0.7187  -0.7184  -0.7178  -0.7166  -0.7150  -0.7170  -0.7341
 -0.7826  -0.8896  -1.1124  -1.5188  -2.1193  -2.7931  -3.3526  -3.8758  -4.3921
 -4.9033  -5.4106  -5.9152  -6.4184  -6.9203  -7.4215  -7.9223  -8.4228  -8.9231
 -9.4233  -9.9234 -10.4235 -10.9235 -11.4235 -11.9236 -12.4236 -12.9236 -13.4238
  0.0000  -0.7135  -0.7133  -0.7128  -0.7117  -0.7093  -0.7059  -0.7066  -0.7251
 -0.7769  -0.8879  -1.1182  -1.5345  -2.1415  -2.8045  -3.3516  -3.8702  -4.3857
 -4.8979  -5.4067  -5.9126  -6.4165  -6.9192  -7.4208  -7.9218  -8.4225  -8.9229
 -9.4231  -9.9233 -10.4234 -10.9235 -11.4235 -11.9235 -12.4236 -12.9237 -13.4237
  0.0000  -0.7064  -0.7062  -0.7056  -0.7042  -0.7012  -0.6968  -0.6966  -0.7159
 -0.7700  -0.8849  -1.1233  -1.5516  -2.1696  -2.8245  -3.3563  -3.8669  -4.3793
 -4.8915  -5.4015  -5.9089  -6.4139  -6.9172  -7.4195  -7.9209  -8.4218  -8.9223
 -9.4227  -9.9229 -10.4230 -10.9231 -11.4232 -11.9232 -12.4232 -12.9232 -13.4232
 -1.0000  -0.6256  -0.6257  -0.6258  -0.6264  -0.6276  -0.6311  -0.6408  -0.6674
 -0.7314  -0.8758  -1.1807  -1.7165  -2.2967  -2.8393  -3.3617  -3.8795  -4.3933
 -4.9031  -5.4097  -5.9141  -6.4170  -6.9187  -7.4199  -7.9206  -8.4210  -8.9213
 -9.4215  -9.9216 -10.4217 -10.9217 -11.4217 -11.9218 -12.4218 -12.9218 -13.4220
  0.0000  -0.6256  -0.6257  -0.6258  -0.6264  -0.6276  -0.6311  -0.6408  -0.6674
 -0.7314  -0.8758  -1.1807  -1.7165  -2.2967  -2.8393  -3.3617  -3.8795  -4.3933
 -4.9031  -5.4097  -5.9141  -6.4170  -6.9187  -7.4199  -7.9206  -8.4210  -8.9213
 -9.4215  -9.9216 -10.4217 -10.9217 -11.4217 -11.9218 -12.4218 -12.9218 -13.4220
  0.0000  -0.6702  -0.6702  -0.6704  -0.6709  -0.6720  -0.6748  -0.6820  -0.7011
 -0.7495  -0.8649  -1.1308  -1.6453  -2.2652  -2.8337  -3.3670  -3.8877  -4.4007
 -4.9086  -5.4134  -5.9166  -6.4185  -6.9196  -7.4203  -7.9208  -8.4210  -8.9212
 -9.4213  -9.9214 -10.4214 -10.9214 -11.4215 -11.9215 -12.4215 -12.9215 -13.4214
  0.0000  -0.6802  -0.6802  -0.6804  -0.6808  -0.6818  -0.6843  -0.6908  -0.7087
 -0.7542  -0.8629  -1.1192  -1.6323  -2.2600  -2.8318  -3.3663  -3.8875  -4.4005
 -4.9084  -5.4133  -5.9164  -6.4182  -6.9193  -7.4200  -7.9205  -8.4207  -8.9209
 -9.4210  -9.9211 -10.4211 -10.9211 -11.4212 -11.9212 -12.4212 -12.9212 -13.4211
  1.0000  -0.6799  -0.6800  -0.6801  -0.6805  -0.6815  -0.6840  -0.6905  -0.7084
 -0.7539  -0.8626  -1.1189  -1.6319  -2.2597  -2.8315  -3.3660  -3.8872  -4.4002
 -4.9081  -5.4130  -5.9161  -6.4179  -6.9190  -7.4197  -7.9202  -8.4204  -8.9206
 -9.4207  -9.9208 -10.4208 -10.9208 -11.4209 -11.9209 -12.4209 -12.9209 -13.4208
  2.0000  -0.6804  -0.6805  -0.6806  -0.6811  -0.6821  -0.6846  -0.6911  -0.7090
 -0.7544  -0.8631  -1.1193  -1.6324  -2.2601  -2.8320  -3.3665  -3.8877  -4.4007
 -4.9086  -5.4135  -5.9166  -6.4184  -6.9195  -7.4202  -7.9207  -8.4209  -8.9211
 -9.4212  -9.9213 -10.4213 -10.9213 -11.4214 -11.9214 -12.4214 -12.9214 -13.4213
  3.0000  -0.6805  -0.6805  -0.6807  -0.6811  -0.6821  -0.6846  -0.6911  -0.7090
 -0.7545  -0.8631  -1.1193  -1.6322  -2.2601  -2.8320  -3.3665  -3.8877  -4.4007
 -4.9086  -5.4135  -5.9166  -6.4184  -6.9195  -7.4202  -7.9207  -8.4209  -8.9211
 -9.4212  -9.9213 -10.4213 -10.9213 -11.4214 -11.9214 -12.4214 -12.9214 -13.4213
 -2.0000  -0.5775  -0.5776  -0.5780  -0.5788  -0.5808  -0.5858  -0.5982  -0.6294
 -0.7067  -0.8908  -1.2700  -1.7853  -2.3192  -2.8471  -3.3698  -3.8871  -4.3992
 -4.9073  -5.4124  -5.9158  -6.4179  -6.9192  -7.4200  -7.9205  -8.4208  -8.9210
 -9.4212  -9.9212 -10.4213 -10.9213 -11.4213 -11.9214 -12.4214 -12.9214 -13.4216
 -1.0000  -0.5775  -0.5776  -0.5780  -0.5788  -0.5808  -0.5858  -0.5982  -0.6294
 -0.7067  -0.8908  -1.2700  -1.7853  -2.3192  -2.8471  -3.3698  -3.8871  -4.3992
 -4.9073  -5.4124  -5.9158  -6.4179  -6.9192  -7.4200  -7.9205  -8.4208  -8.9210
 -9.4212  -9.9212 -10.4213 -10.9213 -11.4213 -11.9214 -12.4214 -12.9214 -13.4216
  0.0000  -0.5775  -0.5776  -0.5780  -0.5788  -0.5808  -0.5858  -0.5982  -0.6294
 -0.7067  -0.8908  -1.2700  -1.7853  -2.3192  -2.8471  -3.3698  -3.8871  -4.3992
 -4.9073  -5.4124  -5.9158  -6.4179  -6.9192  -7.4200  -7.9205  -8.4208  -8.9210
 -9.4212  -9.9212 -10.4213 -10.9213 -11.4213 -11.9214 -12.4214 -12.9214 -13.4216
  0.0000  -0.6150  -0.6151  -0.6154  -0.6160  -0.6176  -0.6214  -0.6310  -0.6551
 -0.7153  -0.8658  -1.2185  -1.7535  -2.3096  -2.8488  -3.3754  -3.8927  -4.4035
 -4.9101  -5.4144  -5.9169  -6.4185  -6.9194  -7.4200  -7.9204  -8.4206  -8.9207
 -9.4208  -9.9209 -10.4209 -10.9209 -11.4210 -11.9210 -12.4210 -12.9210 -13.4209
  0.0000  -0.6130  -0.6131  -0.6133  -0.6140  -0.6156  -0.6195  -0.6293  -0.6539
 -0.7152  -0.8670  -1.2212  -1.7551  -2.3094  -2.8480  -3.3745  -3.8919  -4.4029
 -4.9097  -5.4140  -5.9167  -6.4183  -6.9193  -7.4199  -7.9203  -8.4205  -8.9206
 -9.4207  -9.9208 -10.4208 -10.9208 -11.4209 -11.9209 -12.4209 -12.9209 -13.4208
  0.0000  -0.5972  -0.5973  -0.5976  -0.5983  -0.6001  -0.6044  -0.6153  -0.6427
 -0.7109  -0.8770  -1.2440  -1.7686  -2.3124  -2.8461  -3.3712  -3.8888  -4.4006
 -4.9082  -5.4128  -5.9160  -6.4178  -6.9190  -7.4197  -7.9201  -8.4204  -8.9206
 -9.4207  -9.9208 -10.4208 -10.9208 -11.4209 -11.9209 -12.4209 -12.9209 -13.4208
  0.0000  -0.5785  -0.5785  -0.5790  -0.5799  -0.5818  -0.5866  -0.5984  -0.6287
 -0.7046  -0.8886  -1.2725  -1.7877  -2.3184  -2.8448  -3.3672  -3.8846  -4.3971
 -4.9056  -5.4109  -5.9146  -6.4168  -6.9182  -7.4190  -7.9196  -8.4199  -8.9201
 -9.4203  -9.9203 -10.4204 -10.9204 -11.4204 -11.9205 -12.4205 -12.9205 -13.4207
 -2.0000  -0.3780  -0.3784  -0.3794  -0.3818  -0.3882  -0.4039  -0.4427  -0.5360
 -0.7397  -1.0829  -1.5082  -1.9714  -2.4399  -2.9180  -3.4042  -3.8974  -4.3966
 -4.9000  -5.4056  -5.9116  -6.4168  -6.9208  -7.4238  -7.9257  -8.4270  -8.9278
 -9.4284  -9.9287 -10.4289 -10.9290 -11.4291 -11.9292 -12.4292 -12.9292 -13.4294
 -1.0000  -0.3780  -0.3784  -0.3794  -0.3818  -0.3882  -0.4039  -0.4427  -0.5360
 -0.7397  -1.0829  -1.5082  -1.9714  -2.4399  -2.9180  -3.4042  -3.8974  -4.3966
 -4.9000  -5.4056  -5.9116  -6.4168  -6.9208  -7.4238  -7.9257  -8.4270  -8.9278
 -9.4284  -9.9287 -10.4289 -10.9290 -11.4291 -11.9292 -12.4292 -12.9292 -13.4294
  0.0000  -0.3780  -0.3784  -0.3794  -0.3818  -0.3882  -0.4039  -0.4427  -0.5360
 -0.7397  -1.0829  -1.5082  -1.9714  -2.4399  -2.9180  -3.4042  -3.8974  -4.3966
 -4.9000  -5.4056  -5.9116  -6.4168  -6.9208  -7.4238  -7.9257  -8.4270  -8.9278
 -9.4284  -9.9287 -10.4289 -10.9290 -11.4291 -11.9292 -12.4292 -12.9292 -13.4294
  0.0000  -0.5745  -0.5746  -0.5748  -0.5753  -0.5765  -0.5798  -0.5884  -0.6134
 -0.6902  -0.9000  -1.2963  -1.8068  -2.3345  -2.8627  -3.3851  -3.9010  -4.4116
 -4.9183  -5.4226  -5.9253  -6.4269  -6.9279  -7.4286  -7.9289  -8.4292  -8.9293
 -9.4294  -9.9295 -10.4295 -10.9295 -11.4296 -11.9296 -12.4296 -12.9296 -13.4295
  0.0000  -0.6142  -0.6142  -0.6143  -0.6144  -0.6146  -0.6153  -0.6180  -0.6301
 -0.6846  -0.8702  -1.2667  -1.7938  -2.3330  -2.8660  -3.3895  -3.9048  -4.4145
 -4.9202  -5.4241  -5.9263  -6.4276  -6.9284  -7.4290  -7.9293  -8.4295  -8.9296
 -9.4297  -9.9297 -10.4297 -10.9298 -11.4298 -11.9298 -12.4298 -12.9298 -13.4298
  0.0000  -0.6082  -0.6082  -0.6082  -0.6084  -0.6086  -0.6098  -0.6133  -0.6270
 -0.6848  -0.8748  -1.2718  -1.7962  -2.3333  -2.8655  -3.3888  -3.9043  -4.4141
 -4.9200  -5.4240  -5.9262  -6.4276  -6.9285  -7.4290  -7.9293  -8.4295  -8.9297
 -9.4298  -9.9298 -10.4298 -10.9298 -11.4299 -11.9299 -12.4299 -12.9299 -13.4298
  0.0000  -0.5908  -0.5908  -0.5909  -0.5912  -0.5920  -0.5940  -0.5997  -0.6184
 -0.6861  -0.8887  -1.2867  -1.8033  -2.3345  -2.8642  -3.3869  -3.9027  -4.4130
 -4.9194  -5.4235  -5.9260  -6.4276  -6.9285  -7.4291  -7.9295  -8.4297  -8.9298
 -9.4299  -9.9300 -10.4300 -10.9300 -11.4301 -11.9301 -12.4301 -12.9301 -13.4300
 -3.0000  -0.4397  -0.4399  -0.4406  -0.4421  -0.4461  -0.4564  -0.4843  -0.5585
 -0.7283  -1.0205  -1.4240  -1.8816  -2.3648  -2.8616  -3.3666  -3.8758  -4.3861
 -4.8952  -5.4022  -5.9072  -6.4106  -6.9128  -7.4142  -7.9151  -8.4157  -8.9161
 -9.4163  -9.9164 -10.4165 -10.9166 -11.4166 -11.9166 -12.4167 -12.9168 -13.4168
 -2.0000  -0.4397  -0.4399  -0.4406  -0.4421  -0.4461  -0.4564  -0.4843  -0.5585
 -0.7283  -1.0205  -1.4240  -1.8816  -2.3648  -2.8616  -3.3666  -3.8758  -4.3861
 -4.8952  -5.4022  -5.9072  -6.4106  -6.9128  -7.4142  -7.9151  -8.4157  -8.9161
 -9.4163  -9.9164 -10.4165 -10.9166 -11.4166 -11.9166 -12.4167 -12.9168 -13.4168
 -1.0000  -0.4397  -0.4399  -0.4406  -0.4421  -0.4461  -0.4564  -0.4843  -0.5585
 -0.7283  -1.0205  -1.4240  -1.8816  -2.3648  -2.8616  -3.3666  -3.8758  -4.3861
 -4.8952  -5.4022  -5.9072  -6.4106  -6.9128  -7.4142  -7.9151  -8.4157  -8.9161
 -9.4163  -9.9164 -10.4165 -10.9166 -11.4166 -11.9166 -12.4167 -12.9168 -13.4168
  0.0000  -0.4397  -0.4399  -0.4406  -0.4421  -0.4461  -0.4564  -0.4843  -0.5585
 -0.7283  -1.0205  -1.4240  -1.8816  -2.3648  -2.8616  -3.3666  -3.8758  -4.3861
 -4.8952  -5.4022  -5.9072  -6.4106  -6.9128  -7.4142  -7.9151  -8.4157  -8.9161
 -9.4163  -9.9164 -10.4165 -10.9166 -11.4166 -11.9166 -12.4167 -12.9168 -13.4168
  0.0000  -0.6220  -0.6219  -0.6216  -0.6206  -0.6186  -0.6144  -0.6089  -0.6151
 -0.6769  -0.8805  -1.2857  -1.7936  -2.3257  -2.8557  -3.3780  -3.8931  -4.4027
 -4.9085  -5.4124  -5.9147  -6.4161  -6.9169  -7.4174  -7.9178  -8.4180  -8.9181
 -9.4182  -9.9182 -10.4182 -10.9182 -11.4183 -11.9183 -12.4183 -12.9183 -13.4182
  0.0000  -0.6657  -0.6657  -0.6648  -0.6632  -0.6596  -0.6517  -0.6383  -0.6297
 -0.6681  -0.8524  -1.2636  -1.7857  -2.3262  -2.8591  -3.3817  -3.8961  -4.4048
 -4.9102  -5.4135  -5.9154  -6.4166  -6.9173  -7.4178  -7.9180  -8.4182  -8.9183
 -9.4184  -9.9184 -10.4184 -10.9185 -11.4185 -11.9185 -12.4185 -12.9185 -13.4185
  0.0000  -0.6750  -0.6747  -0.6741  -0.6722  -0.6678  -0.6582  -0.6421  -0.6304
 -0.6657  -0.8487  -1.2617  -1.7855  -2.3265  -2.8596  -3.3820  -3.8963  -4.4050
 -4.9102  -5.4136  -5.9155  -6.4167  -6.9174  -7.4178  -7.9181  -8.4182  -8.9183
 -9.4184  -9.9184 -10.4184 -10.9185 -11.4185 -11.9185 -12.4185 -12.9185 -13.4185
-13.0000  -0.6745  -0.6742  -0.6736  -0.6717  -0.6673  -0.6577  -0.6416  -0.6299
 -0.6652  -0.8482  -1.2612  -1.7850  -2.3260  -2.8591  -3.3815  -3.8958  -4.4045
 -4.9097  -5.4131  -5.9150  -6.4162  -6.9169  -7.4173  -7.9176  -8.4177  -8.9178
 -9.4179  -9.9179 -10.4179 -10.9180 -11.4180 -11.9180 -12.4180 -12.9180 -13.4180
-12.0000  -0.6745  -0.6742  -0.6736  -0.6717  -0.6673  -0.6577  -0.6416  -0.6299
 -0.6652  -0.8482  -1.2612  -1.7850  -2.3260  -2.8591  -3.3815  -3.8958  -4.4045
 -4.9097  -5.4131  -5.9150  -6.4162  -6.9169  -7.4173  -7.9176  -8.4177  -8.9178
 -9.4179  -9.9179 -10.4179 -10.9180 -11.4180 -11.9180 -12.4180 -12.9180 -13.4180
-11.0000  -0.6745  -0.6742  -0.6736  -0.6717  -0.6673  -0.6577  -0.6416  -0.6299
 -0.6652  -0.8482  -1.2612  -1.7850  -2.3260  -2.8591  -3.3815  -3.8958  -4.4045
 -4.9097  -5.4131  -5.9150  -6.4162  -6.9169  -7.4173  -7.9176  -8.4177  -8.9178
 -9.4179  -9.9179 -10.4179 -10.9180 -11.4180 -11.9180 -12.4180 -12.9180 -13.4180
-10.0000  -0.6745  -0.6742  -0.6736  -0.6717  -0.6673  -0.6577  -0.6416  -0.6299
 -0.6652  -0.8482  -1.2612  -1.7850  -2.3260  -2.8591  -3.3815  -3.8958  -4.4045
 -4.9097  -5.4131  -5.9150  -6.4162  -6.9169  -7.4173  -7.9176  -8.4177  -8.9178
 -9.4179  -9.9179 -10.4179 -10.9180 -11.4180 -11.9180 -12.4180 -12.9180 -13.4180
-10.0000  -0.6745  -0.6742  -0.6736  -0.6717  -0.6673  -0.6577  -0.6416  -0.6299
 -0.6652  -0.8482  -1.2612  -1.7850  -2.3260  -2.8591  -3.3815  -3.8958  -4.4045
 -4.9097  -5.4131  -5.9150  -6.4162  -6.9169  -7.4173  -7.9176  -8.4177  -8.9178
 -9.4179  -9.9179 -10.4179 -10.9180 -11.4180 -11.9180 -12.4180 -12.9180 -13.4180
-10.0000  -0.6750  -0.6747  -0.6741  -0.6722  -0.6678  -0.6582  -0.6421  -0.6304
 -0.6657  -0.8487  -1.2617  -1.7855  -2.3265  -2.8596  -3.3820  -3.8963  -4.4050
 -4.9102  -5.4136  -5.9155  -6.4167  -6.9174  -7.4178  -7.9181  -8.4182  -8.9183
 -9.4184  -9.9184 -10.4184 -10.9185 -11.4185 -11.9185 -12.4185 -12.9185 -13.4185
-10.0000  -0.6750  -0.6747  -0.6741  -0.6722  -0.6678  -0.6582  -0.6421  -0.6304
 -0.6657  -0.8487  -1.2617  -1.7855  -2.3265  -2.8596  -3.3820  -3.8963  -4.4050
 -4.9102  -5.4136  -5.9155  -6.4167  -6.9174  -7.4178  -7.9181  -8.4182  -8.9183
 -9.4184  -9.9184 -10.4184 -10.9185 -11.4185 -11.9185 -12.4185 -12.9185 -13.4185
-23.0000  -0.6750  -0.6747  -0.6741  -0.6722  -0.6678  -0.6582  -0.6421  -0.6304
 -0.6657  -0.8487  -1.2617  -1.7855  -2.3265  -2.8596  -3.3820  -3.8963  -4.4050
 -4.9102  -5.4136  -5.9155  -6.4167  -6.9174  -7.4178  -7.9181  -8.4182  -8.9183
 -9.4184  -9.9184 -10.4184 -10.9185 -11.4185 -11.9185 -12.4185 -12.9185 -13.4185
-22.0000  -0.6750  -0.6747  -0.6741  -0.6722  -0.6678  -0.6582  -0.6421  -0.6304
 -0.6657  -0.8487  -1.2617  -1.7855  -2.3265  -2.8596  -3.3820  -3.8963  -4.4050
 -4.9102  -5.4136  -5.9155  -6.4167  -6.9174  -7.4178  -7.9181  -8.4182  -8.9183
 -9.4184  -9.9184 -10.4184 -10.9185 -11.4185 -11.9185 -12.4185 -12.9185 -13.4185
-21.0000  -0.6750  -0.6747  -0.6741  -0.6722  -0.6678  -0.6582  -0.6421  -0.6304
 -0.6657  -0.8487  -1.2617  -1.7855  -2.3265  -2.8596  -3.3820  -3.8963  -4.4050
 -4.9102  -5.4136  -5.9155  -6.4167  -6.9174  -7.4178  -7.9181  -8.4182  -8.9183
 -9.4184  -9.9184 -10.4184 -10.9185 -11.4185 -11.9185 -12.4185 -12.9185 -13.4185
-20.0000  -0.6750  -0.6747  -0.6741  -0.6722  -0.6678  -0.6582  -0.6421  -0.6304
 -0.6657  -0.8487  -1.2617  -1.7855  -2.3265  -2.8596  -3.3820  -3.8963  -4.4050
 -4.9102  -5.4136  -5.9155  -6.4167  -6.9174  -7.4178  -7.9181  -8.4182  -8.9183
 -9.4184  -9.9184 -10.4184 -10.9185 -11.4185 -11.9185 -12.4185 -12.9185 -13.4185
-20.0000  -0.6750  -0.6747  -0.6741  -0.6722  -0.6678  -0.6582  -0.6421  -0.6304
 -0.6657  -0.8487  -1.2617  -1.7855  -2.3265  -2.8596  -3.3820  -3.8963  -4.4050
 -4.9102  -5.4136  -5.9155  -6.4167  -6.9174  -7.4178  -7.9181  -8.4182  -8.9183
 -9.4184  -9.9184 -10.4184 -10.9185 -11.4185 -11.9185 -12.4185 -12.9185 -13.4185
-20.0000  -0.6750  -0.6747  -0.6741  -0.6722  -0.6678  -0.6582  -0.6421  -0.6304
 -0.6657  -0.8487  -1.2617  -1.7855  -2.3265  -2.8596  -3.3820  -3.8963  -4.4050
 -4.9102  -5.4136  -5.9155  -6.4167  -6.9174  -7.4178  -7.9181  -8.4182  -8.9183
 -9.4184  -9.9184 -10.4184 -10.9185 -11.4185 -11.9185 -12.4185 -12.9185 -13.4185
-20.0000  -0.6750  -0.6747  -0.6741  -0.6722  -0.6678  -0.6582  -0.6421  -0.6304
 -0.6657  -0.8487  -1.2617  -1.7855  -2.3265  -2.8596  -3.3820  -3.8963  -4.4050
 -4.9102  -5.4136  -5.9155  -6.4167  -6.9174  -7.4178  -7.9181  -8.4182  -8.9183
 -9.4184  -9.9184 -10.4184 -10.9185 -11.4185 -11.9185 -12.4185 -12.9185 -13.4185
nl= 3 nu=10
  0.0000  -1.7793  -1.7793  -1.7793  -1.7793  -1.7793  -1.7793  -1.7794  -1.7795
 -1.7797  -1.7803  -1.7817  -1.7854  -1.7945  -1.8175  -1.8752  -2.0201  -2.3821
 -3.2704  -4.8046  -5.4459  -5.9634  -6.4714  -6.9780  -7.4846  -7.9896  -8.4943
 -9.0127  -9.5480 -10.2066 -10.7984 -11.2994 -11.7999 -12.3003 -12.8007 -13.3085
  0.0000  -1.9271  -1.9271  -1.9271  -1.9271  -1.9271  -1.9271  -1.9272  -1.9272
 -1.9273  -1.9276  -1.9284  -1.9302  -1.9348  -1.9464  -1.9756  -2.0489  -2.2327
 -2.6926  -3.8184  -5.3948  -5.9576  -6.4681  -6.9735  -7.4796  -7.9851  -8.4910
 -9.0105  -9.5463 -10.2051 -10.7973 -11.2988 -11.7998 -12.3004 -12.8010 -13.3095
  0.0000  -2.0757  -2.0757  -2.0757  -2.0757  -2.0757  -2.0757  -2.0757  -2.0757
 -2.0758  -2.0759  -2.0763  -2.0772  -2.0795  -2.0854  -2.1000  -2.1369  -2.2295
 -2.4618  -3.0435  -4.4578  -5.9377  -6.4668  -6.9717  -7.4753  -7.9797  -8.4857
 -9.0061  -9.5431 -10.2017 -10.7946 -11.2970 -11.7986 -12.2996 -12.8006 -13.3096
  0.0000  -2.2225  -2.2225  -2.2225  -2.2225  -2.2225  -2.2225  -2.2226  -2.2226
 -2.2226  -2.2227  -2.2229  -2.2233  -2.2245  -2.2274  -2.2348  -2.2533  -2.2997
 -2.4164  -2.7094  -3.4430  -5.1969  -6.4584  -6.9723  -7.4731  -7.9739  -8.4781
 -8.9982  -9.5358 -10.1943 -10.7879 -11.2917 -11.7943 -12.2959 -12.7975 -13.3076
  0.0000  -2.3743  -2.3743  -2.3743  -2.3743  -2.3743  -2.3743  -2.3743  -2.3743
 -2.3743  -2.3744  -2.3745  -2.3747  -2.3753  -2.3768  -2.3804  -2.3897  -2.4130
 -2.4715  -2.6184  -2.9871  -3.9107  -6.0224  -6.9775  -7.4822  -7.9783  -8.4776
 -8.9949  -9.5316 -10.1890 -10.7832 -11.2890 -11.7931 -12.2958 -12.7985 -13.3101
  0.0000  -2.5300  -2.5300  -2.5300  -2.5300  -2.5300  -2.5300  -2.5300  -2.5300
 -2.5300  -2.5300  -2.5300  -2.5301  -2.5304  -2.5312  -2.5330  -2.5377  -2.5493
 -2.5786  -2.6521  -2.8368  -3.3006  -4.4620  -6.8267  -7.4977  -7.9943  -8.4876
 -8.9989  -9.5318 -10.1857 -10.7796 -11.2876 -11.7938 -12.2980 -12.8022 -13.3158
  0.0000  -2.6759  -2.6759  -2.6759  -2.6759  -2.6759  -2.6759  -2.6759  -2.6759
 -2.6759  -2.6759  -2.6759  -2.6760  -2.6761  -2.6765  -2.6774  -2.6797  -2.6855
 -2.7002  -2.7370  -2.8294  -3.0615  -3.6445  -5.1032  -7.4669  -8.0041  -8.4961
 -9.0006  -9.5268 -10.1744 -10.7650 -11.2741 -11.7825 -12.2888 -12.7951 -13.3111
  0.0000  -1.4617  -1.4617  -1.4617  -1.4617  -1.4618  -1.4618  -1.4620  -1.4624
 -1.4634  -1.4660  -1.4724  -1.4884  -1.5288  -1.6299  -1.8818  -2.4940  -3.6792
 -4.4379  -4.9623  -5.4695  -5.9746  -6.4801  -6.9863  -7.4918  -8.0014  -8.5265
 -9.1149  -9.7975 -10.2988 -10.7996 -11.3002 -11.8005 -12.3007 -12.8009 -13.3028
  0.0000  -1.6025  -1.6025  -1.6025  -1.6025  -1.6025  -1.6026  -1.6027  -1.6029
 -1.6034  -1.6047  -1.6080  -1.6163  -1.6371  -1.6894  -1.8204  -2.1471  -2.9411
 -4.3052  -4.9548  -5.4683  -5.9717  -6.4753  -6.9809  -7.4870  -7.9977  -8.5236
 -9.1125  -9.7951 -10.2972 -10.7985 -11.2993 -11.7999 -12.3002 -12.8005 -13.3029
  0.0000  -1.7485  -1.7485  -1.7485  -1.7485  -1.7485  -1.7485  -1.7486  -1.7487
 -1.7489  -1.7496  -1.7513  -1.7555  -1.7661  -1.7928  -1.8596  -2.0273  -2.4459
 -3.4611  -4.8999  -5.4691  -5.9747  -6.4750  -6.9779  -7.4832  -7.9942  -8.5210
 -9.1104  -9.7929 -10.2961 -10.7982 -11.2996 -11.8005 -12.3010 -12.8015 -13.3041
  0.0000  -1.8961  -1.8961  -1.8961  -1.8961  -1.8961  -1.8961  -1.8961  -1.8962
 -1.8963  -1.8967  -1.8975  -1.8997  -1.9050  -1.9185  -1.9523  -2.0372  -2.2502
 -2.7825  -4.0647  -5.4507  -5.9805  -6.4799  -6.9781  -7.4798  -7.9895  -8.5165
 -9.1060  -9.7882 -10.2930 -10.7964 -11.2986 -11.8000 -12.3009 -12.8018 -13.3049
  0.0000  -2.0451  -2.0451  -2.0451  -2.0451  -2.0451  -2.0451  -2.0451  -2.0452
 -2.0452  -2.0454  -2.0458  -2.0469  -2.0496  -2.0564  -2.0734  -2.1161  -2.2235
 -2.4928  -3.1665  -4.7619  -5.9787  -6.4906  -6.9855  -7.4812  -7.9864  -8.5114
 -9.1000  -9.7808 -10.2880 -10.7929 -11.2965 -11.7988 -12.3003 -12.8018 -13.3057
  0.0000  -2.1943  -2.1943  -2.1943  -2.1943  -2.1943  -2.1943  -2.1943  -2.1944
 -2.1944  -2.1945  -2.1947  -2.1952  -2.1966  -2.2000  -2.2085  -2.2300  -2.2839
 -2.4192  -2.7589  -3.6087  -5.5388  -6.4977  -6.9995  -7.4905  -7.9886  -8.5082
 -9.0932  -9.7708 -10.2797 -10.7870 -11.2923 -11.7960 -12.2985 -12.8010 -13.3065
  0.0000  -2.3488  -2.3488  -2.3488  -2.3488  -2.3488  -2.3488  -2.3488  -2.3488
 -2.3488  -2.3488  -2.3489  -2.3492  -2.3499  -2.3516  -2.3559  -2.3666  -2.3936
 -2.4615  -2.6318  -3.0596  -4.1292  -6.3199  -7.0165  -7.5114  -8.0041  -8.5162
 -9.0947  -9.7660 -10.2745 -10.7834 -11.2910 -11.7965 -12.3003 -12.8041 -13.3115
  0.0000  -1.1721  -1.1721  -1.1721  -1.1722  -1.1723  -1.1725  -1.1732  -1.1748
 -1.1789  -1.1891  -1.2149  -1.2791  -1.4384  -1.8209  -2.6076  -3.4103  -3.9583
 -4.4679  -4.9714  -5.4758  -5.9818  -6.4881  -6.9985  -7.5150  -8.0823  -8.7957
 -9.2976  -9.7988 -10.2996 -10.8001 -11.3004 -11.8006 -12.3007 -12.8008 -13.3012
  0.0000  -1.2966  -1.2966  -1.2966  -1.2966  -1.2967  -1.2968  -1.2972  -1.2980
 -1.3003  -1.3058  -1.3199  -1.3550  -1.4429  -1.6609  -2.1849  -3.1919  -3.9441
 -4.4697  -4.9725  -5.4735  -5.9773  -6.4832  -6.9942  -7.5118  -8.0797  -8.7927
 -9.2957  -9.7975 -10.2986 -10.7994 -11.2999 -11.8002 -12.3004 -12.8006 -13.3010
  0.0000  -1.4309  -1.4309  -1.4309  -1.4309  -1.4309  -1.4310  -1.4312  -1.4317
 -1.4328  -1.4358  -1.4432  -1.4617  -1.5083  -1.6249  -1.9148  -2.6110  -3.8063
 -4.4664  -4.9777  -5.4758  -5.9755  -6.4788  -6.9893  -7.5074  -8.0759  -8.7883
 -9.2926  -9.7955 -10.2973 -10.7985 -11.2993 -11.7998 -12.3001 -12.8004 -13.3011
  0.0000  -1.5713  -1.5713  -1.5713  -1.5713  -1.5714  -1.5714  -1.5715  -1.5717
 -1.5723  -1.5739  -1.5777  -1.5873  -1.6113  -1.6718  -1.8231  -2.1999  -3.1028
 -4.4029  -4.9828  -5.4847  -5.9798  -6.4780  -6.9854  -7.5026  -8.0710  -8.7824
 -9.2886  -9.7927 -10.2957 -10.7976 -11.2988 -11.7996 -12.3001 -12.8006 -13.3016
  0.0000  -1.7164  -1.7164  -1.7164  -1.7164  -1.7164  -1.7164  -1.7164  -1.7166
 -1.7169  -1.7176  -1.7196  -1.7245  -1.7368  -1.7676  -1.8450  -2.0391  -2.5228
 -3.6737  -4.9623  -5.4964  -5.9919  -6.4840  -6.9853  -7.4988  -8.0653  -8.7740
 -9.2824  -9.7886 -10.2929 -10.7960 -11.2981 -11.7993 -12.3002 -12.8011 -13.3023
  0.0000  -1.8626  -1.8626  -1.8626  -1.8626  -1.8626  -1.8626  -1.8627  -1.8627
 -1.8629  -1.8633  -1.8643  -1.8667  -1.8729  -1.8885  -1.9277  -2.0261  -2.2729
 -2.8885  -4.3289  -5.4938  -6.0070  -6.4975  -6.9919  -7.4984  -8.0599  -8.7633
 -9.2725  -9.7809 -10.2874 -10.7919 -11.2952 -11.7973 -12.2986 -12.7999 -13.3022
  0.0000  -2.0171  -2.0171  -2.0171  -2.0171  -2.0171  -2.0171  -2.0171  -2.0172
 -2.0172  -2.0174  -2.0179  -2.0192  -2.0223  -2.0301  -2.0499  -2.0994  -2.2239
 -2.5361  -3.3154  -5.0669  -6.0198  -6.5219  -7.0135  -7.5128  -8.0668  -8.7624
 -9.2689  -9.7778 -10.2864 -10.7931 -11.2978 -11.8011 -12.3033 -12.8055 -13.3092
  0.0000  -0.9556  -0.9556  -0.9557  -0.9558  -0.9561  -0.9570  -0.9590  -0.9643
 -0.9773  -1.0099  -1.0903  -1.2831  -1.7021  -2.3533  -2.9460  -3.4676  -3.9749
 -4.4790  -4.9848  -5.4908  -5.9970  -6.5170  -7.0534  -7.7121  -8.3045  -8.8063
 -9.3074  -9.8081 -10.3085 -10.8088 -11.3090 -11.8091 -12.3092 -12.8093 -13.3094
  0.0000  -1.0368  -1.0368  -1.0368  -1.0369  -1.0371  -1.0376  -1.0389  -1.0421
 -1.0502  -1.0703  -1.1207  -1.2450  -1.5413  -2.1556  -2.9022  -3.4616  -3.9719
 -4.4724  -4.9742  -5.4781  -5.9843  -6.5049  -7.0418  -7.7007  -8.2936  -8.7961
 -9.2978  -9.7988 -10.2995 -10.7999 -11.3002 -11.8004 -12.3005 -12.8006 -13.3008
  0.0000  -1.1448  -1.1449  -1.1449  -1.1449  -1.1450  -1.1453  -1.1461  -1.1479
 -1.1526  -1.1642  -1.1935  -1.2665  -1.4468  -1.8753  -2.7050  -3.4478  -3.9793
 -4.4796  -4.9765  -5.4761  -5.9801  -6.5003  -7.0379  -7.6964  -8.2900  -8.7937
 -9.2963  -9.7979 -10.2990 -10.7996 -11.3001 -11.8003 -12.3005 -12.8007 -13.3008
  0.0000  -1.2669  -1.2669  -1.2669  -1.2670  -1.2670  -1.2672  -1.2676  -1.2686
 -1.2711  -1.2776  -1.2936  -1.3339  -1.4346  -1.6838  -2.2744  -3.3029  -3.9779
 -4.4906  -4.9849  -5.4785  -5.9777  -6.4953  -7.0322  -7.6899  -8.2841  -8.7894
 -9.2932  -9.7958 -10.2975 -10.7985 -11.2992 -11.7996 -12.2999 -12.8002 -13.3005
  0.0000  -1.4000  -1.4000  -1.4000  -1.4000  -1.4001  -1.4002  -1.4004  -1.4009
 -1.4023  -1.4056  -1.4142  -1.4356  -1.4892  -1.6234  -1.9561  -2.7418  -3.9031
 -4.4994  -5.0004  -5.4895  -5.9816  -6.4937  -7.0274  -7.6823  -8.2762  -8.7838
 -9.2894  -9.7933 -10.2959 -10.7977 -11.2988 -11.7995 -12.2999 -12.8003 -13.3011
  0.0000  -1.5378  -1.5378  -1.5378  -1.5378  -1.5379  -1.5379  -1.5380  -1.5383
 -1.5390  -1.5407  -1.5452  -1.5562  -1.5841  -1.6539  -1.8287  -2.2628  -3.2802
 -4.4692  -5.0131  -5.5056  -5.9921  -6.4965  -7.0238  -7.6731  -8.2645  -8.7735
 -9.2813  -9.7871 -10.2911 -10.7938 -11.2957 -11.7968 -12.2975 -12.7982 -13.2993
  0.0000  -1.6839  -1.6839  -1.6839  -1.6839  -1.6840  -1.6840  -1.6840  -1.6842
 -1.6845  -1.6854  -1.6877  -1.6933  -1.7075  -1.7432  -1.8328  -2.0573  -2.6154
 -3.9008  -5.0081  -5.5253  -6.0133  -6.5119  -7.0316  -7.6734  -8.2584  -8.7661
 -9.2752  -9.7831 -10.2890 -10.7930 -11.2959 -11.7977 -12.2989 -12.8001 -13.3019
  0.0000  -0.8229  -0.8230  -0.8231  -0.8234  -0.8241  -0.8258  -0.8302  -0.8412
 -0.8685  -0.9348  -1.0888  -1.4052  -1.8954  -2.4299  -2.9472  -3.4569  -3.9657
 -4.4742  -4.9823  -5.4943  -6.0214  -6.6107  -7.2934  -7.7960  -8.2977  -8.7987
 -9.2994  -9.7998 -10.3001 -10.8003 -11.3004 -11.8005 -12.3005 -12.8005 -13.3007
  0.0000  -0.8745  -0.8745  -0.8746  -0.8748  -0.8753  -0.8766  -0.8799  -0.8882
 -0.9088  -0.9599  -1.0827  -1.3576  -1.8537  -2.4339  -2.9650  -3.4725  -3.9766
 -4.4811  -4.9874  -5.4993  -6.0268  -6.6166  -7.2991  -7.8027  -8.3052  -8.8067
 -9.3077  -9.8083 -10.3087 -10.8090 -11.3091 -11.8092 -12.3093 -12.8094 -13.3095
  0.0000  -0.9282  -0.9282  -0.9282  -0.9284  -0.9287  -0.9296  -0.9319  -0.9376
 -0.9519  -0.9875  -1.0753  -1.2843  -1.7294  -2.3837  -2.9619  -3.4750  -3.9751
 -4.4739  -4.9762  -5.4862  -6.0136  -6.6034  -7.2857  -7.7906  -8.2941  -8.7964
 -9.2979  -9.7988 -10.2994 -10.7998 -11.3001 -11.8002 -12.3003 -12.8004 -13.3004
  0.0000  -1.0132  -1.0132  -1.0133  -1.0134  -1.0136  -1.0142  -1.0156  -1.0192
 -1.0282  -1.0508  -1.1072  -1.2459  -1.5733  -2.2242  -2.9442  -3.4875  -3.9891
 -4.4825  -4.9784  -5.4841  -6.0094  -6.5982  -7.2794  -7.7863  -8.2912  -8.7946
 -9.2969  -9.7984 -10.2994 -10.8000 -11.3003 -11.8006 -12.3007 -12.8008 -13.3012
  0.0000  -1.1174  -1.1174  -1.1175  -1.1175  -1.1176  -1.1180  -1.1188  -1.1209
 -1.1262  -1.1395  -1.1727  -1.2556  -1.4596  -1.9377  -2.7973  -3.4862  -4.0054
 -4.4979  -4.9870  -5.4857  -6.0060  -6.5918  -7.2700  -7.7787  -8.2857  -8.7906
 -9.2941  -9.7965 -10.2980 -10.7989 -11.2995 -11.7999 -12.3002 -12.8005 -13.3009
  0.0000  -1.2382  -1.2382  -1.2382  -1.2382  -1.2383  -1.2385  -1.2390  -1.2401
 -1.2430  -1.2504  -1.2688  -1.3150  -1.4303  -1.7145  -2.3759  -3.3961  -4.0144
 -4.5182  -5.0048  -5.4961  -6.0089  -6.5886  -7.2611  -7.7698  -8.2785  -8.7856
 -9.2907  -9.7943 -10.2967 -10.7982 -11.2992 -11.7998 -12.3002 -12.8006 -13.3012
  0.0000  -1.3695  -1.3695  -1.3695  -1.3695  -1.3695  -1.3696  -1.3699  -1.3705
 -1.3721  -1.3760  -1.3858  -1.4104  -1.4722  -1.6265  -2.0077  -2.8859  -3.9721
 -4.5314  -5.0256  -5.5137  -6.0193  -6.5915  -7.2559  -7.7605  -8.2691  -8.7780
 -9.2852  -9.7903 -10.2938 -10.7963 -11.2978 -11.7988 -12.2994 -12.8000 -13.3011
  0.0000  -0.7841  -0.7842  -0.7843  -0.7848  -0.7858  -0.7885  -0.7949  -0.8106
 -0.8472  -0.9309  -1.1141  -1.4497  -1.9139  -2.4236  -2.9385  -3.4560  -3.9698
 -4.4857  -5.0062  -5.5758  -6.2893  -6.7934  -7.2961  -7.7978  -8.2988  -8.7995
 -9.2999  -9.8002 -10.3004 -10.8005 -11.3006 -11.8006 -12.3006 -12.8006 -13.3006
  0.0000  -0.7962  -0.7963  -0.7964  -0.7968  -0.7976  -0.7998  -0.8053  -0.8188
 -0.8517  -0.9294  -1.1031  -1.4377  -1.9159  -2.4333  -2.9459  -3.4576  -3.9682
 -4.4823  -5.0027  -5.5724  -6.2855  -6.7907  -7.2942  -7.7965  -8.2980  -8.7990
 -9.2996  -9.7999 -10.3002 -10.8003 -11.3004 -11.8005 -12.3005 -12.8005 -13.3007
  0.0000  -0.8165  -0.8165  -0.8166  -0.8169  -0.8176  -0.8194  -0.8240  -0.8353
 -0.8632  -0.9311  -1.0884  -1.4117  -1.9094  -2.4455  -2.9594  -3.4648  -3.9696
 -4.4800  -4.9988  -5.5682  -6.2799  -6.7868  -7.2915  -7.7948  -8.2969  -8.7983
 -9.2992  -9.7997 -10.3001 -10.8003 -11.3004 -11.8005 -12.3006 -12.8007 -13.3008
  0.0000  -0.8512  -0.8512  -0.8513  -0.8515  -0.8521  -0.8535  -0.8570  -0.8658
 -0.8878  -0.9421  -1.0724  -1.3614  -1.8713  -2.4503  -2.9760  -3.4780  -3.9761
 -4.4802  -4.9951  -5.5623  -6.2716  -6.7801  -7.2866  -7.7911  -8.2943  -8.7964
 -9.2977  -9.7985 -10.2991 -10.7994 -11.2996 -11.7997 -12.2998 -12.7999 -13.3000
  0.0000  -0.9087  -0.9087  -0.9088  -0.9090  -0.9094  -0.9104  -0.9129  -0.9191
 -0.9348  -0.9739  -1.0699  -1.2970  -1.7693  -2.4252  -2.9915  -3.4987  -3.9920
 -4.4886  -4.9966  -5.5592  -6.2636  -6.7728  -7.2811  -7.7875  -8.2920  -8.7952
 -9.2973  -9.7986 -10.2994 -10.8000 -11.3003 -11.8005 -12.3006 -12.8007 -13.3009
  0.0000  -0.9893  -0.9894  -0.9894  -0.9895  -0.9898  -0.9904  -0.9920  -0.9960
 -1.0062  -1.0315  -1.0945  -1.2491  -1.6096  -2.2926  -2.9853  -3.5182  -4.0136
 -4.5048  -5.0049  -5.5602  -6.2571  -6.7639  -7.2729  -7.7813  -8.2878  -8.7922
 -9.2954  -9.7975 -10.2989 -10.7997 -11.3003 -11.8006 -12.3008 -12.8010 -13.3012
  0.0000  -1.0907  -1.0907  -1.0908  -1.0908  -1.0910  -1.0914  -1.0923  -1.0947
 -1.1007  -1.1157  -1.1534  -1.2472  -1.4772  -2.0064  -2.8771  -3.5218  -4.0339
 -4.5259  -5.0205  -5.5687  -6.2577  -6.7569  -7.2634  -7.7726  -8.2810  -8.7874
 -9.2919  -9.7950 -10.2971 -10.7984 -11.2992 -11.7998 -12.3001 -12.8004 -13.3011
  0.0000  -0.7806  -0.7807  -0.7810  -0.7816  -0.7832  -0.7870  -0.7954  -0.8129
 -0.8493  -0.9339  -1.1174  -1.4461  -1.9012  -2.4118  -2.9333  -3.4589  -3.9887
 -4.5317  -5.1931  -5.7882  -6.2925  -6.7956  -7.2975  -7.7986  -8.2993  -8.7998
 -9.3001  -9.8003 -10.3004 -10.8005 -11.3005 -11.8005 -12.3006 -12.8007 -13.3007
  0.0000  -0.7833  -0.7834  -0.7836  -0.7842  -0.7855  -0.7888  -0.7965  -0.8134
 -0.8492  -0.9315  -1.1130  -1.4443  -1.9050  -2.4162  -2.9345  -3.4563  -3.9854
 -4.5279  -5.1889  -5.7845  -6.2898  -6.7935  -7.2958  -7.7973  -8.2983  -8.7989
 -9.2992  -9.7995 -10.2996 -10.7997 -11.2998 -11.7998 -12.2998 -12.7998 -13.2998
  0.0000  -0.7862  -0.7862  -0.7864  -0.7868  -0.7879  -0.7907  -0.7973  -0.8128
 -0.8482  -0.9290  -1.1090  -1.4458  -1.9165  -2.4295  -2.9427  -3.4579  -3.9837
 -4.5248  -5.1844  -5.7802  -6.2870  -6.7916  -7.2949  -7.7969  -8.2982  -8.7991
 -9.2996  -9.7999 -10.3001 -10.8003 -11.3003 -11.8004 -12.3004 -12.8004 -13.3006
  0.0000  -0.7918  -0.7918  -0.7920  -0.7923  -0.7932  -0.7955  -0.8011  -0.8149
 -0.8481  -0.9260  -1.1015  -1.4419  -1.9284  -2.4483  -2.9575  -3.4645  -3.9844
 -4.5218  -5.1785  -5.7736  -6.2821  -6.7883  -7.2925  -7.7955  -8.2975  -8.7987
 -9.2994  -9.7999 -10.3002 -10.8004 -11.3006 -11.8006 -12.3007 -12.8008 -13.3007
  0.0000  -0.8059  -0.8059  -0.8061  -0.8064  -0.8071  -0.8090  -0.8137  -0.8256
 -0.8547  -0.9253  -1.0885  -1.4225  -1.9306  -2.4689  -2.9789  -3.4785  -3.9906
 -4.5214  -5.1728  -5.7651  -6.2746  -6.7827  -7.2887  -7.7928  -8.2957  -8.7975
 -9.2987  -9.7995 -10.3000 -10.8003 -11.3005 -11.8006 -12.3007 -12.8008 -13.3009
  0.0000  -0.8366  -0.8366  -0.8367  -0.8370  -0.8376  -0.8391  -0.8429  -0.8523
 -0.8759  -0.9339  -1.0727  -1.3776  -1.9023  -2.4813  -3.0029  -3.4998  -4.0050
 -4.5279  -5.1719  -5.7579  -6.2659  -6.7752  -7.2831  -7.7890  -8.2931  -8.7959
 -9.2978  -9.7990 -10.2997 -10.8002 -11.3005 -11.8007 -12.3008 -12.8009 -13.3011
  0.0000  -0.8898  -0.8898  -0.8899  -0.8900  -0.8905  -0.8916  -0.8943  -0.9012
 -0.9183  -0.9610  -1.0657  -1.3112  -1.8085  -2.4625  -3.0200  -3.5233  -4.0260
 -4.5425  -5.1800  -5.7565  -6.2587  -6.7668  -7.2760  -7.7838  -8.2896  -8.7935
 -9.2963  -9.7981 -10.2992 -10.7999 -11.3004 -11.8007 -12.3009 -12.8011 -13.3014
  0.0000  -0.7864  -0.7865  -0.7868  -0.7874  -0.7891  -0.7929  -0.8011  -0.8177
 -0.8527  -0.9351  -1.1136  -1.4364  -1.8902  -2.4058  -2.9406  -3.4898  -4.0882
 -4.7767  -5.2856  -5.7911  -6.2947  -6.7969  -7.2983  -7.7991  -8.2997  -8.8000
 -9.3002  -9.8004 -10.3004 -10.8005 -11.3005 -11.8005 -12.3006 -12.8007 -13.3007
  0.0000  -0.7905  -0.7906  -0.7909  -0.7916  -0.7934  -0.7975  -0.8062  -0.8225
 -0.8559  -0.9354  -1.1103  -1.4315  -1.8871  -2.4039  -2.9384  -3.4866  -4.0859
 -4.7738  -5.2835  -5.7896  -6.2937  -6.7963  -7.2979  -7.7989  -8.2995  -8.7999
 -9.3002  -9.8003 -10.3004 -10.8005 -11.3005 -11.8005 -12.3006 -12.8007 -13.3007
  0.0000  -0.7871  -0.7872  -0.7875  -0.7882  -0.7901  -0.7943  -0.8033  -0.8201
 -0.8532  -0.9325  -1.1087  -1.4342  -1.8939  -2.4088  -2.9390  -3.4833  -4.0814
 -4.7678  -5.2786  -5.7860  -6.2908  -6.7942  -7.2962  -7.7975  -8.2984  -8.7989
 -9.2992  -9.7994 -10.2996 -10.7996 -11.2997 -11.7997 -12.2997 -12.7997 -13.2996
  0.0000  -0.7834  -0.7835  -0.7837  -0.7844  -0.7859  -0.7897  -0.7981  -0.8152
 -0.8494  -0.9293  -1.1090  -1.4428  -1.9100  -2.4234  -2.9469  -3.4842  -4.0786
 -4.7617  -5.2733  -5.7822  -6.2885  -6.7927  -7.2956  -7.7974  -8.2986  -8.7993
 -9.2998  -9.8001 -10.3003 -10.8004 -11.3005 -11.8005 -12.3005 -12.8005 -13.3005
  0.0000  -0.7802  -0.7802  -0.7804  -0.7809  -0.7821  -0.7851  -0.7922  -0.8084
 -0.8438  -0.9244  -1.1066  -1.4503  -1.9299  -2.4447  -2.9615  -3.4895  -4.0777
 -4.7549  -5.2655  -5.7755  -6.2835  -6.7893  -7.2932  -7.7959  -8.2976  -8.7987
 -9.2994  -9.7998 -10.3001 -10.8003 -11.3004 -11.8005 -12.3005 -12.8005 -13.3007
  0.0000  -0.7818  -0.7819  -0.7820  -0.7824  -0.7834  -0.7858  -0.7917  -0.8061
 -0.8403  -0.9200  -1.1000  -1.4501  -1.9470  -2.4696  -2.9829  -3.5023  -4.0828
 -4.7520  -5.2576  -5.7670  -6.2764  -6.7841  -7.2896  -7.7933  -8.2959  -8.7975
 -9.2986  -9.7992 -10.2997 -10.7999 -11.3001 -11.8002 -12.3003 -12.8004 -13.3004
  0.0000  -0.7944  -0.7944  -0.7946  -0.7949  -0.7957  -0.7977  -0.8026  -0.8150
 -0.8455  -0.9190  -1.0883  -1.4333  -1.9510  -2.4916  -3.0079  -3.5223  -4.0968
 -4.7583  -5.2545  -5.7596  -6.2688  -6.7779  -7.2852  -7.7904  -8.2940  -8.7964
 -9.2980  -9.7990 -10.2996 -10.8000 -11.3002 -11.8004 -12.3005 -12.8006 -13.3009
  0.0000  -0.7855  -0.7856  -0.7858  -0.7864  -0.7877  -0.7909  -0.7983  -0.8143
 -0.8493  -0.9310  -1.1089  -1.4314  -1.8895  -2.4189  -2.9990  -3.7462  -4.2670
 -4.7797  -5.2875  -5.7922  -6.2954  -6.7973  -7.2985  -7.7992  -8.2996  -8.7999
 -9.3001  -9.8002 -10.3003 -10.8003 -11.3003 -11.8004 -12.3004 -12.8004 -13.3006
  0.0000  -0.7988  -0.7989  -0.7991  -0.7997  -0.8011  -0.8043  -0.8117  -0.8267
 -0.8586  -0.9338  -1.1015  -1.4161  -1.8756  -2.4105  -2.9945  -3.7450  -4.2664
 -4.7794  -5.2873  -5.7920  -6.2954  -6.7973  -7.2984  -7.7992  -8.2996  -8.7999
 -9.3001  -9.8002 -10.3003 -10.8003 -11.3003 -11.8004 -12.3004 -12.8004 -13.3006
  0.0000  -0.7986  -0.7987  -0.7990  -0.7997  -0.8014  -0.8054  -0.8136  -0.8288
 -0.8597  -0.9340  -1.1006  -1.4145  -1.8747  -2.4092  -2.9924  -3.7409  -4.2625
 -4.7763  -5.2851  -5.7906  -6.2943  -6.7965  -7.2979  -7.7988  -8.2994  -8.7997
 -9.2999  -9.8001 -10.3001 -10.8002 -11.3002 -11.8002 -12.3003 -12.8004 -13.3004
  0.0000  -0.7905  -0.7906  -0.7910  -0.7919  -0.7941  -0.7990  -0.8085  -0.8242
 -0.8550  -0.9309  -1.1012  -1.4207  -1.8836  -2.4145  -2.9932  -3.7359  -4.2560
 -4.7704  -5.2805  -5.7873  -6.2917  -6.7946  -7.2965  -7.7976  -8.2983  -8.7988
 -9.2991  -9.7993 -10.2994 -10.7995 -11.2995 -11.7995 -12.2996 -12.7997 -13.2997
 -1.0000  -0.7660  -0.7662  -0.7667  -0.7680  -0.7710  -0.7777  -0.7899  -0.8075
 -0.8390  -0.9211  -1.1059  -1.4487  -1.9275  -2.4524  -3.0171  -3.7413  -4.2469
 -4.7566  -5.2677  -5.7775  -6.2850  -6.7902  -7.2938  -7.7962  -8.2977  -8.7986
 -9.2992  -9.7996 -10.2999 -10.8000 -11.3001 -11.8002 -12.3002 -12.8002 -13.3004
  0.0000  -0.7728  -0.7729  -0.7733  -0.7740  -0.7759  -0.7804  -0.7899  -0.8076
 -0.8409  -0.9215  -1.1043  -1.4459  -1.9255  -2.4516  -3.0167  -3.7411  -4.2468
 -4.7566  -5.2677  -5.7775  -6.2850  -6.7902  -7.2938  -7.7962  -8.2977  -8.7986
 -9.2992  -9.7996 -10.2999 -10.8000 -11.3001 -11.8002 -12.3002 -12.8002 -13.3004
  0.0000  -0.7696  -0.7697  -0.7699  -0.7705  -0.7718  -0.7751  -0.7828  -0.7996
 -0.8352  -0.9166  -1.1024  -1.4539  -1.9465  -2.4763  -3.0387  -3.7582  -4.2506
 -4.7521  -5.2602  -5.7703  -6.2793  -6.7862  -7.2910  -7.7943  -8.2965  -8.7979
 -9.2988  -9.7993 -10.2997 -10.7999 -11.3000 -11.8001 -12.3002 -12.8003 -13.3004
 -1.0000  -0.7948  -0.7948  -0.7950  -0.7953  -0.7963  -0.7988  -0.8050  -0.8189
 -0.8499  -0.9231  -1.0894  -1.4102  -1.8933  -2.5265  -3.2204  -3.7526  -4.2715
 -4.7828  -5.2895  -5.7937  -6.2963  -6.7978  -7.2988  -7.7994  -8.2998  -8.8000
 -9.3001  -9.8002 -10.3003 -10.8003 -11.3003 -11.8004 -12.3004 -12.8004 -13.3006
  0.0000  -0.7947  -0.7947  -0.7949  -0.7953  -0.7963  -0.7988  -0.8049  -0.8188
 -0.8498  -0.9230  -1.0893  -1.4100  -1.8931  -2.5264  -3.2203  -3.7525  -4.2714
 -4.7827  -5.2894  -5.7936  -6.2962  -6.7977  -7.2987  -7.7993  -8.2997  -8.7999
 -9.3000  -9.8001 -10.3002 -10.8002 -11.3002 -11.8003 -12.3003 -12.8003 -13.3005
  1.0000  -0.7949  -0.7949  -0.7951  -0.7955  -0.7964  -0.7989  -0.8051  -0.8190
 -0.8500  -0.9231  -1.0893  -1.4101  -1.8932  -2.5264  -3.2204  -3.7526  -4.2715
 -4.7828  -5.2895  -5.7937  -6.2963  -6.7978  -7.2988  -7.7994  -8.2998  -8.8000
 -9.3001  -9.8002 -10.3003 -10.8003 -11.3003 -11.8004 -12.3004 -12.8004 -13.3006
  2.0000  -0.7949  -0.7950  -0.7951  -0.7955  -0.7965  -0.7990  -0.8051  -0.8189
 -0.8499  -0.9230  -1.0892  -1.4098  -1.8930  -2.5263  -3.2202  -3.7525  -4.2714
 -4.7827  -5.2894  -5.7936  -6.2962  -6.7977  -7.2987  -7.7993  -8.2997  -8.7999
 -9.3000  -9.8001 -10.3002 -10.8002 -11.3002 -11.8003 -12.3003 -12.8003 -13.3005
  3.0000  -0.7946  -0.7946  -0.7948  -0.7952  -0.7962  -0.7987  -0.8047  -0.8185
 -0.8495  -0.9225  -1.0885  -1.4090  -1.8922  -2.5255  -3.2196  -3.7519  -4.2708
 -4.7821  -5.2888  -5.7930  -6.2956  -6.7971  -7.2981  -7.7987  -8.2991  -8.7993
 -9.2994  -9.7995 -10.2996 -10.7996 -11.2996 -11.7997 -12.2997 -12.7997 -13.2999
  4.0000  -0.7957  -0.7957  -0.7959  -0.7963  -0.7972  -0.7997  -0.8056  -0.8193
 -0.8502  -0.9231  -1.0887  -1.4089  -1.8922  -2.5257  -3.2200  -3.7523  -4.2713
 -4.7826  -5.2893  -5.7935  -6.2961  -6.7976  -7.2986  -7.7992  -8.2996  -8.7998
 -9.2999  -9.8000 -10.3001 -10.8001 -11.3001 -11.8002 -12.3002 -12.8002 -13.3004
  5.0000  -0.7970  -0.7971  -0.7972  -0.7976  -0.7985  -0.8009  -0.8067  -0.8201
 -0.8510  -0.9235  -1.0885  -1.4081  -1.8915  -2.5254  -3.2199  -3.7525  -4.2715
 -4.7828  -5.2895  -5.7937  -6.2963  -6.7978  -7.2988  -7.7994  -8.2998  -8.8000
 -9.3001  -9.8002 -10.3003 -10.8003 -11.3003 -11.8004 -12.3004 -12.8004 -13.3006
 -2.0000  -0.7778  -0.7779  -0.7780  -0.7782  -0.7790  -0.7809  -0.7858  -0.7978
 -0.8266  -0.8982  -1.0670  -1.4254  -2.0396  -2.6681  -3.2289  -3.7566  -4.2729
 -4.7825  -5.2882  -5.7919  -6.2941  -6.7954  -7.2962  -7.7967  -8.2970  -8.7972
 -9.2973  -9.7974 -10.2974 -10.7974 -11.2975 -11.7975 -12.2975 -12.7975 -13.2974
 -1.0000  -0.7798  -0.7799  -0.7800  -0.7802  -0.7810  -0.7829  -0.7878  -0.7998
 -0.8286  -0.9002  -1.0690  -1.4274  -2.0416  -2.6701  -3.2309  -3.7586  -4.2749
 -4.7845  -5.2902  -5.7939  -6.2961  -6.7974  -7.2982  -7.7987  -8.2990  -8.7992
 -9.2993  -9.7994 -10.2994 -10.7994 -11.2995 -11.7995 -12.2995 -12.7995 -13.2994
  0.0000  -0.7799  -0.7799  -0.7800  -0.7802  -0.7810  -0.7829  -0.7878  -0.7998
 -0.8286  -0.9002  -1.0690  -1.4274  -2.0416  -2.6701  -3.2309  -3.7586  -4.2749
 -4.7845  -5.2902  -5.7939  -6.2961  -6.7974  -7.2982  -7.7987  -8.2990  -8.7992
 -9.2993  -9.7994 -10.2994 -10.7994 -11.2995 -11.7995 -12.2995 -12.7995 -13.2994
  0.0000  -0.7827  -0.7827  -0.7828  -0.7832  -0.7840  -0.7860  -0.7911  -0.8031
 -0.8310  -0.9014  -1.0667  -1.4214  -2.0394  -2.6675  -3.2282  -3.7563  -4.2731
 -4.7833  -5.2893  -5.7932  -6.2956  -6.7970  -7.2978  -7.7984  -8.2987  -8.7989
 -9.2991  -9.7991 -10.2992 -10.7992 -11.2992 -11.7993 -12.2993 -12.7993 -13.2995
  0.0000  -0.7753  -0.7754  -0.7756  -0.7760  -0.7771  -0.7799  -0.7860  -0.7983
 -0.8266  -0.9001  -1.0690  -1.4296  -2.0533  -2.6685  -3.2242  -3.7514  -4.2690
 -4.7803  -5.2873  -5.7918  -6.2947  -6.7964  -7.2975  -7.7982  -8.2986  -8.7988
 -9.2990  -9.7991 -10.2992 -10.7992 -11.2992 -11.7993 -12.2993 -12.7993 -13.2995
  1.0000  -0.7755  -0.7756  -0.7757  -0.7762  -0.7773  -0.7800  -0.7860  -0.7984
 -0.8267  -0.9001  -1.0690  -1.4294  -2.0532  -2.6685  -3.2242  -3.7514  -4.2690
 -4.7803  -5.2873  -5.7918  -6.2947  -6.7964  -7.2975  -7.7982  -8.2986  -8.7988
 -9.2990  -9.7991 -10.2992 -10.7992 -11.2992 -11.7993 -12.2993 -12.7993 -13.2995
  2.0000  -0.7758  -0.7758  -0.7760  -0.7764  -0.7775  -0.7802  -0.7861  -0.7985
 -0.8268  -0.9002  -1.0689  -1.4292  -2.0529  -2.6684  -3.2241  -3.7514  -4.2690
 -4.7803  -5.2873  -5.7918  -6.2947  -6.7964  -7.2975  -7.7982  -8.2986  -8.7988
 -9.2990  -9.7991 -10.2992 -10.7992 -11.2992 -11.7993 -12.2993 -12.7993 -13.2995
 -2.0000  -0.7119  -0.7119  -0.7121  -0.7124  -0.7134  -0.7158  -0.7220  -0.7376
 -0.7767  -0.8739  -1.1068  -1.5768  -2.1512  -2.7077  -3.2416  -3.7635  -4.2774
 -4.7859  -5.2911  -5.7946  -6.2966  -6.7978  -7.2985  -7.7990  -8.2993  -8.7995
 -9.2996  -9.7997 -10.2997 -10.7997 -11.2998 -11.7998 -12.2998 -12.7998 -13.2997
 -1.0000  -0.7119  -0.7119  -0.7121  -0.7124  -0.7134  -0.7158  -0.7220  -0.7376
 -0.7767  -0.8739  -1.1068  -1.5768  -2.1512  -2.7077  -3.2416  -3.7635  -4.2774
 -4.7859  -5.2911  -5.7946  -6.2966  -6.7978  -7.2985  -7.7990  -8.2993  -8.7995
 -9.2996  -9.7997 -10.2997 -10.7997 -11.2998 -11.7998 -12.2998 -12.7998 -13.2997
  0.0000  -0.7117  -0.7117  -0.7119  -0.7122  -0.7132  -0.7156  -0.7218  -0.7374
 -0.7765  -0.8737  -1.1066  -1.5766  -2.1510  -2.7075  -3.2414  -3.7633  -4.2772
 -4.7857  -5.2909  -5.7944  -6.2964  -6.7976  -7.2983  -7.7988  -8.2991  -8.7993
 -9.2994  -9.7995 -10.2995 -10.7995 -11.2996 -11.7996 -12.2996 -12.7996 -13.2995
  0.0000  -0.7249  -0.7249  -0.7250  -0.7254  -0.7263  -0.7285  -0.7342  -0.7485
 -0.7842  -0.8735  -1.0916  -1.5579  -2.1443  -2.7070  -3.2429  -3.7650  -4.2785
 -4.7866  -5.2915  -5.7946  -6.2964  -6.7975  -7.2982  -7.7986  -8.2989  -8.7990
 -9.2991  -9.7992 -10.2992 -10.7992 -11.2993 -11.7993 -12.2993 -12.7993 -13.2992
  0.0000  -0.7169  -0.7170  -0.7171  -0.7175  -0.7184  -0.7208  -0.7268  -0.7421
 -0.7800  -0.8741  -1.1004  -1.5694  -2.1478  -2.7059  -3.2405  -3.7628  -4.2768
 -4.7855  -5.2908  -5.7942  -6.2962  -6.7975  -7.2982  -7.7987  -8.2990  -8.7992
 -9.2993  -9.7994 -10.2994 -10.7994 -11.2995 -11.7995 -12.2995 -12.7995 -13.2994
  0.0000  -0.7002  -0.7002  -0.7004  -0.7012  -0.7033  -0.7047  -0.7112  -0.7281
 -0.7698  -0.8733  -1.1190  -1.5960  -2.1577  -2.7055  -3.2364  -3.7582  -4.2731
 -4.7828  -5.2889  -5.7929  -6.2954  -6.7969  -7.2978  -7.7984  -8.2988  -8.7990
 -9.2991  -9.7992 -10.2993 -10.7993 -11.2993 -11.7994 -12.2994 -12.7994 -13.2996
  0.0000  -0.6821  -0.6822  -0.6824  -0.6829  -0.6841  -0.6870  -0.6945  -0.7129
 -0.7585  -0.8714  -1.1403  -1.6291  -2.1741  -2.7087  -3.2333  -3.7533  -4.2685
 -4.7793  -5.2865  -5.7910  -6.2942  -6.7961  -7.2973  -7.7980  -8.2985  -8.7988
 -9.2990  -9.7991 -10.2992 -10.7992 -11.2992 -11.7993 -12.2993 -12.7993 -13.2995
 -2.0000  -0.6095  -0.6096  -0.6099  -0.6107  -0.6126  -0.6172  -0.6289  -0.6579
 -0.7291  -0.8994  -1.2375  -1.7023  -2.2048  -2.7207  -3.2385  -3.7550  -4.2682
 -4.7778  -5.2844  -5.7887  -6.2915  -6.7933  -7.2944  -7.7951  -8.2955  -8.7958
 -9.2960  -9.7961 -10.2962 -10.7962 -11.2962 -11.7963 -12.2963 -12.7963 -13.2965
 -1.0000  -0.6095  -0.6096  -0.6099  -0.6107  -0.6126  -0.6172  -0.6289  -0.6579
 -0.7291  -0.8994  -1.2375  -1.7023  -2.2048  -2.7207  -3.2385  -3.7550  -4.2682
 -4.7778  -5.2844  -5.7887  -6.2915  -6.7933  -7.2944  -7.7951  -8.2955  -8.7958
 -9.2960  -9.7961 -10.2962 -10.7962 -11.2962 -11.7963 -12.2963 -12.7963 -13.2965
  0.0000  -0.6095  -0.6096  -0.6099  -0.6107  -0.6126  -0.6172  -0.6289  -0.6579
 -0.7291  -0.8994  -1.2375  -1.7023  -2.2048  -2.7207  -3.2385  -3.7550  -4.2682
 -4.7778  -5.2844  -5.7887  -6.2915  -6.7933  -7.2944  -7.7951  -8.2955  -8.7958
 -9.2960  -9.7961 -10.2962 -10.7962 -11.2962 -11.7963 -12.2963 -12.7963 -13.2965
  0.0000  -0.6965  -0.6965  -0.6966  -0.6968  -0.6974  -0.6989  -0.7029  -0.7140
 -0.7473  -0.8559  -1.1494  -1.6378  -2.1779  -2.7178  -3.2464  -3.7652  -4.2771
 -4.7843  -5.2889  -5.7916  -6.2933  -6.7943  -7.2949  -7.7953  -8.2955  -8.7956
 -9.2957  -9.7958 -10.2958 -10.7958 -11.2959 -11.7959 -12.2959 -12.7959 -13.2958
  0.0000  -0.7041  -0.7041  -0.7042  -0.7044  -0.7049  -0.7061  -0.7094  -0.7189
 -0.7490  -0.8523  -1.1424  -1.6339  -2.1769  -2.7181  -3.2470  -3.7658  -4.2775
 -4.7845  -5.2889  -5.7916  -6.2932  -6.7941  -7.2947  -7.7951  -8.2953  -8.7955
 -9.2955  -9.7956 -10.2956 -10.7956 -11.2957 -11.7957 -12.2957 -12.7957 -13.2956
  0.0000  -0.6842  -0.6843  -0.6844  -0.6847  -0.6855  -0.6876  -0.6927  -0.7066
 -0.7452  -0.8614  -1.1602  -1.6445  -2.1791  -2.7166  -3.2445  -3.7635  -4.2757
 -4.7833  -5.2880  -5.7910  -6.2927  -6.7938  -7.2945  -7.7949  -8.2952  -8.7953
 -9.2954  -9.7955 -10.2955 -10.7955 -11.2956 -11.7956 -12.2956 -12.7956 -13.2955
  0.0000  -0.6583  -0.6583  -0.6585  -0.6589  -0.6602  -0.6632  -0.6708  -0.6901
 -0.7399  -0.8738  -1.1855  -1.6614  -2.1843  -2.7155  -3.2414  -3.7604  -4.2733
 -4.7816  -5.2867  -5.7902  -6.2922  -6.7935  -7.2943  -7.7948  -8.2951  -8.7953
 -9.2954  -9.7955 -10.2955 -10.7955 -11.2956 -11.7956 -12.2956 -12.7956 -13.2955
 -3.0000  -0.6558  -0.6558  -0.6558  -0.6558  -0.6559  -0.6564  -0.6588  -0.6710
 -0.7228  -0.8830  -1.2096  -1.6769  -2.1926  -2.7182  -3.2414  -3.7592  -4.2717
 -4.7798  -5.2850  -5.7884  -6.2904  -6.7917  -7.2925  -7.7930  -8.2933  -8.7935
 -9.2936  -9.7937 -10.2937 -10.7937 -11.2938 -11.7938 -12.2938 -12.7938 -13.2937
 -2.0000  -0.6558  -0.6558  -0.6558  -0.6558  -0.6559  -0.6564  -0.6588  -0.6710
 -0.7228  -0.8830  -1.2096  -1.6769  -2.1926  -2.7182  -3.2414  -3.7592  -4.2717
 -4.7798  -5.2850  -5.7884  -6.2904  -6.7917  -7.2925  -7.7930  -8.2933  -8.7935
 -9.2936  -9.7937 -10.2937 -10.7937 -11.2938 -11.7938 -12.2938 -12.7938 -13.2937
 -1.0000  -0.6558  -0.6558  -0.6558  -0.6558  -0.6559  -0.6564  -0.6588  -0.6710
 -0.7228  -0.8830  -1.2096  -1.6769  -2.1926  -2.7182  -3.2414  -3.7592  -4.2717
 -4.7798  -5.2850  -5.7884  -6.2904  -6.7917  -7.2925  -7.7930  -8.2933  -8.7935
 -9.2936  -9.7937 -10.2937 -10.7937 -11.2938 -11.7938 -12.2938 -12.7938 -13.2937
  0.0000  -0.6558  -0.6558  -0.6558  -0.6558  -0.6559  -0.6564  -0.6588  -0.6710
 -0.7228  -0.8830  -1.2096  -1.6769  -2.1926  -2.7182  -3.2414  -3.7592  -4.2717
 -4.7798  -5.2850  -5.7884  -6.2904  -6.7917  -7.2925  -7.7930  -8.2933  -8.7935
 -9.2936  -9.7937 -10.2937 -10.7937 -11.2938 -11.7938 -12.2938 -12.7938 -13.2937
  0.0000  -0.7387  -0.7386  -0.7383  -0.7377  -0.7360  -0.7323  -0.7248  -0.7156
 -0.7279  -0.8379  -1.1494  -1.6431  -2.1838  -2.7218  -3.2489  -3.7665  -4.2773
 -4.7836  -5.2878  -5.7902  -6.2916  -6.7925  -7.2930  -7.7934  -8.2936  -8.7937
 -9.2938  -9.7938 -10.2938 -10.7939 -11.2939 -11.7939 -12.2939 -12.7939 -13.2939
  0.0000  -0.7466  -0.7464  -0.7461  -0.7454  -0.7435  -0.7393  -0.7306  -0.7192
 -0.7281  -0.8341  -1.1452  -1.6414  -2.1837  -2.7224  -3.2495  -3.7669  -4.2776
 -4.7839  -5.2880  -5.7903  -6.2917  -6.7925  -7.2931  -7.7934  -8.2936  -8.7937
 -9.2938  -9.7938 -10.2938 -10.7939 -11.2939 -11.7939 -12.2939 -12.7939 -13.2939
  0.0000  -0.7344  -0.7343  -0.7340  -0.7334  -0.7317  -0.7278  -0.7200  -0.7112
 -0.7258  -0.8406  -1.1547  -1.6462  -2.1844  -2.7213  -3.2481  -3.7657  -4.2767
 -4.7833  -5.2875  -5.7900  -6.2914  -6.7923  -7.2929  -7.7932  -8.2934  -8.7936
 -9.2936  -9.7937 -10.2937 -10.7937 -11.2938 -11.7938 -12.2938 -12.7938 -13.2937
-13.0000  -0.7344  -0.7343  -0.7340  -0.7334  -0.7317  -0.7278  -0.7200  -0.7112
 -0.7258  -0.8406  -1.1547  -1.6462  -2.1844  -2.7213  -3.2481  -3.7657  -4.2767
 -4.7833  -5.2875  -5.7900  -6.2914  -6.7923  -7.2929  -7.7932  -8.2934  -8.7936
 -9.2936  -9.7937 -10.2937 -10.7937 -11.2938 -11.7938 -12.2938 -12.7938 -13.2937
-12.0000  -0.7344  -0.7343  -0.7340  -0.7334  -0.7317  -0.7278  -0.7200  -0.7112
 -0.7258  -0.8406  -1.1547  -1.6462  -2.1844  -2.7213  -3.2481  -3.7657  -4.2767
 -4.7833  -5.2875  -5.7900  -6.2914  -6.7923  -7.2929  -7.7932  -8.2934  -8.7936
 -9.2936  -9.7937 -10.2937 -10.7937 -11.2938 -11.7938 -12.2938 -12.7938 -13.2937
-11.0000  -0.7344  -0.7343  -0.7340  -0.7334  -0.7317  -0.7278  -0.7200  -0.7112
 -0.7258  -0.8406  -1.1547  -1.6462  -2.1844  -2.7213  -3.2481  -3.7657  -4.2767
 -4.7833  -5.2875  -5.7900  -6.2914  -6.7923  -7.2929  -7.7932  -8.2934  -8.7936
 -9.2936  -9.7937 -10.2937 -10.7937 -11.2938 -11.7938 -12.2938 -12.7938 -13.2937
-10.0000  -0.7344  -0.7343  -0.7340  -0.7334  -0.7317  -0.7278  -0.7200  -0.7112
 -0.7258  -0.8406  -1.1547  -1.6462  -2.1844  -2.7213  -3.2481  -3.7657  -4.2767
 -4.7833  -5.2875  -5.7900  -6.2914  -6.7923  -7.2929  -7.7932  -8.2934  -8.7936
 -9.2936  -9.7937 -10.2937 -10.7937 -11.2938 -11.7938 -12.2938 -12.7938 -13.2937
-10.0000  -0.7344  -0.7343  -0.7340  -0.7334  -0.7317  -0.7278  -0.7200  -0.7112
 -0.7258  -0.8406  -1.1547  -1.6462  -2.1844  -2.7213  -3.2481  -3.7657  -4.2767
 -4.7833  -5.2875  -5.7900  -6.2914  -6.7923  -7.2929  -7.7932  -8.2934  -8.7936
 -9.2936  -9.7937 -10.2937 -10.7937 -11.2938 -11.7938 -12.2938 -12.7938 -13.2937
-10.0000  -0.7344  -0.7343  -0.7340  -0.7334  -0.7317  -0.7278  -0.7200  -0.7112
 -0.7258  -0.8406  -1.1547  -1.6462  -2.1844  -2.7213  -3.2481  -3.7657  -4.2767
 -4.7833  -5.2875  -5.7900  -6.2914  -6.7923  -7.2929  -7.7932  -8.2934  -8.7936
 -9.2936  -9.7937 -10.2937 -10.7937 -11.2938 -11.7938 -12.2938 -12.7938 -13.2937
-10.0000  -0.7344  -0.7343  -0.7340  -0.7334  -0.7317  -0.7278  -0.7200  -0.7112
 -0.7258  -0.8406  -1.1547  -1.6462  -2.1844  -2.7213  -3.2481  -3.7657  -4.2767
 -4.7833  -5.2875  -5.7900  -6.2914  -6.7923  -7.2929  -7.7932  -8.2934  -8.7936
 -9.2936  -9.7937 -10.2937 -10.7937 -11.2938 -11.7938 -12.2938 -12.7938 -13.2937
-23.0000  -0.7337  -0.7336  -0.7333  -0.7327  -0.7310  -0.7271  -0.7193  -0.7105
 -0.7251  -0.8399  -1.1540  -1.6455  -2.1837  -2.7206  -3.2474  -3.7650  -4.2760
 -4.7826  -5.2868  -5.7893  -6.2907  -6.7916  -7.2922  -7.7925  -8.2927  -8.7929
 -9.2929  -9.7930 -10.2930 -10.7930 -11.2931 -11.7931 -12.2931 -12.7931 -13.2930
-22.0000  -0.7337  -0.7336  -0.7333  -0.7327  -0.7310  -0.7271  -0.7193  -0.7105
 -0.7251  -0.8399  -1.1540  -1.6455  -2.1837  -2.7206  -3.2474  -3.7650  -4.2760
 -4.7826  -5.2868  -5.7893  -6.2907  -6.7916  -7.2922  -7.7925  -8.2927  -8.7929
 -9.2929  -9.7930 -10.2930 -10.7930 -11.2931 -11.7931 -12.2931 -12.7931 -13.2930
-21.0000  -0.7337  -0.7336  -0.7333  -0.7327  -0.7310  -0.7271  -0.7193  -0.7105
 -0.7251  -0.8399  -1.1540  -1.6455  -2.1837  -2.7206  -3.2474  -3.7650  -4.2760
 -4.7826  -5.2868  -5.7893  -6.2907  -6.7916  -7.2922  -7.7925  -8.2927  -8.7929
 -9.2929  -9.7930 -10.2930 -10.7930 -11.2931 -11.7931 -12.2931 -12.7931 -13.2930
-20.0000  -0.7337  -0.7336  -0.7333  -0.7327  -0.7310  -0.7271  -0.7193  -0.7105
 -0.7251  -0.8399  -1.1540  -1.6455  -2.1837  -2.7206  -3.2474  -3.7650  -4.2760
 -4.7826  -5.2868  -5.7893  -6.2907  -6.7916  -7.2922  -7.7925  -8.2927  -8.7929
 -9.2929  -9.7930 -10.2930 -10.7930 -11.2931 -11.7931 -12.2931 -12.7931 -13.2930
-20.0000  -0.7337  -0.7336  -0.7333  -0.7327  -0.7310  -0.7271  -0.7193  -0.7105
 -0.7251  -0.8399  -1.1540  -1.6455  -2.1837  -2.7206  -3.2474  -3.7650  -4.2760
 -4.7826  -5.2868  -5.7893  -6.2907  -6.7916  -7.2922  -7.7925  -8.2927  -8.7929
 -9.2929  -9.7930 -10.2930 -10.7930 -11.2931 -11.7931 -12.2931 -12.7931 -13.2930
-20.0000  -0.7344  -0.7343  -0.7340  -0.7334  -0.7317  -0.7278  -0.7200  -0.7112
 -0.7258  -0.8406  -1.1547  -1.6462  -2.1844  -2.7213  -3.2481  -3.7657  -4.2767
 -4.7833  -5.2875  -5.7900  -6.2914  -6.7923  -7.2929  -7.7932  -8.2934  -8.7936
 -9.2936  -9.7937 -10.2937 -10.7937 -11.2938 -11.7938 -12.2938 -12.7938 -13.2937
-20.0000  -0.7344  -0.7343  -0.7340  -0.7334  -0.7317  -0.7278  -0.7200  -0.7112
 -0.7258  -0.8406  -1.1547  -1.6462  -2.1844  -2.7213  -3.2481  -3.7657  -4.2767
 -4.7833  -5.2875  -5.7900  -6.2914  -6.7923  -7.2929  -7.7932  -8.2934  -8.7936
 -9.2936  -9.7937 -10.2937 -10.7937 -11.2938 -11.7938 -12.2938 -12.7938 -13.2937
-33.0000  -0.7345  -0.7344  -0.7341  -0.7335  -0.7318  -0.7279  -0.7201  -0.7113
 -0.7259  -0.8407  -1.1548  -1.6463  -2.1845  -2.7214  -3.2482  -3.7658  -4.2768
 -4.7834  -5.2876  -5.7901  -6.2915  -6.7924  -7.2930  -7.7933  -8.2935  -8.7937
 -9.2937  -9.7938 -10.2938 -10.7938 -11.2939 -11.7939 -12.2939 -12.7939 -13.2938
-32.0000  -0.7345  -0.7344  -0.7341  -0.7335  -0.7318  -0.7279  -0.7201  -0.7113
 -0.7259  -0.8407  -1.1548  -1.6463  -2.1845  -2.7214  -3.2482  -3.7658  -4.2768
 -4.7834  -5.2876  -5.7901  -6.2915  -6.7924  -7.2930  -7.7933  -8.2935  -8.7937
 -9.2937  -9.7938 -10.2938 -10.7938 -11.2939 -11.7939 -12.2939 -12.7939 -13.2938
-31.0000  -0.7345  -0.7344  -0.7341  -0.7335  -0.7318  -0.7279  -0.7201  -0.7113
 -0.7259  -0.8407  -1.1548  -1.6463  -2.1845  -2.7214  -3.2482  -3.7658  -4.2768
 -4.7834  -5.2876  -5.7901  -6.2915  -6.7924  -7.2930  -7.7933  -8.2935  -8.7937
 -9.2937  -9.7938 -10.2938 -10.7938 -11.2939 -11.7939 -12.2939 -12.7939 -13.2938
-30.0000  -0.7345  -0.7344  -0.7341  -0.7335  -0.7318  -0.7279  -0.7201  -0.7113
 -0.7259  -0.8407  -1.1548  -1.6463  -2.1845  -2.7214  -3.2482  -3.7658  -4.2768
 -4.7834  -5.2876  -5.7901  -6.2915  -6.7924  -7.2930  -7.7933  -8.2935  -8.7937
 -9.2937  -9.7938 -10.2938 -10.7938 -11.2939 -11.7939 -12.2939 -12.7939 -13.2938
-30.0000  -0.7345  -0.7344  -0.7341  -0.7335  -0.7318  -0.7279  -0.7201  -0.7113
 -0.7259  -0.8407  -1.1548  -1.6463  -2.1845  -2.7214  -3.2482  -3.7658  -4.2768
 -4.7834  -5.2876  -5.7901  -6.2915  -6.7924  -7.2930  -7.7933  -8.2935  -8.7937
 -9.2937  -9.7938 -10.2938 -10.7938 -11.2939 -11.7939 -12.2939 -12.7939 -13.2938
-30.0000  -0.7345  -0.7344  -0.7341  -0.7335  -0.7318  -0.7279  -0.7201  -0.7113
 -0.7259  -0.8407  -1.1548  -1.6463  -2.1845  -2.7214  -3.2482  -3.7658  -4.2768
 -4.7834  -5.2876  -5.7901  -6.2915  -6.7924  -7.2930  -7.7933  -8.2935  -8.7937
 -9.2937  -9.7938 -10.2938 -10.7938 -11.2939 -11.7939 -12.2939 -12.7939 -13.2938
-30.0000  -0.7341  -0.7340  -0.7337  -0.7331  -0.7314  -0.7275  -0.7197  -0.7109
 -0.7255  -0.8403  -1.1544  -1.6459  -2.1841  -2.7210  -3.2478  -3.7654  -4.2764
 -4.7830  -5.2872  -5.7897  -6.2911  -6.7920  -7.2926  -7.7929  -8.2931  -8.7933
 -9.2933  -9.7934 -10.2934 -10.7934 -11.2935 -11.7935 -12.2935 -12.7935 -13.2934
nl= 3 nu=11
  0.0000  -1.7719  -1.7719  -1.7719  -1.7719  -1.7719  -1.7719  -1.7720  -1.7721
 -1.7723  -1.7729  -1.7744  -1.7781  -1.7875  -1.8111  -1.8703  -2.0187  -2.3890
 -3.2884  -4.7102  -5.3250  -5.8451  -6.3552  -6.8627  -7.3704  -7.8777  -8.3828
 -8.9106  -9.4847 -10.1806 -10.6818 -11.1826 -11.6831 -12.1834 -12.6837 -13.1773
  0.0000  -1.9198  -1.9198  -1.9198  -1.9198  -1.9198  -1.9198  -1.9198  -1.9199
 -1.9200  -1.9203  -1.9210  -1.9229  -1.9277  -1.9396  -1.9697  -2.0450  -2.2341
 -2.7064  -3.8487  -5.2814  -5.8374  -6.3508  -6.8583  -7.3663  -7.8746  -8.3811
 -8.9098  -9.4842 -10.1801 -10.6821 -11.1833 -11.6842 -12.1847 -12.6852 -13.1794
  0.0000  -2.0678  -2.0678  -2.0678  -2.0678  -2.0678  -2.0678  -2.0679  -2.0679
 -2.0679  -2.0681  -2.0685  -2.0694  -2.0718  -2.0778  -2.0930  -2.1310  -2.2265
 -2.4660  -3.0648  -4.4974  -5.8164  -6.3461  -6.8542  -7.3610  -7.8691  -8.3763
 -8.9060  -9.4812 -10.1767 -10.6800 -11.1820 -11.6834 -12.1842 -12.6850 -13.1798
  0.0000  -2.2179  -2.2179  -2.2179  -2.2179  -2.2179  -2.2179  -2.2179  -2.2180
 -2.2180  -2.2181  -2.2182  -2.2187  -2.2199  -2.2230  -2.2306  -2.2497  -2.2977
 -2.4182  -2.7206  -3.4769  -5.2389  -6.3384  -6.8546  -7.3596  -7.8653  -8.3719
 -8.9018  -9.4775 -10.1727 -10.6774 -11.1808 -11.6829 -12.1843 -12.6857 -13.1810
  0.0000  -2.3667  -2.3667  -2.3667  -2.3667  -2.3667  -2.3667  -2.3667  -2.3667
 -2.3667  -2.3667  -2.3668  -2.3671  -2.3677  -2.3692  -2.3730  -2.3826  -2.4066
 -2.4671  -2.6189  -2.9998  -3.9528  -6.0297  -6.8535  -7.3616  -7.8636  -8.3667
 -8.8949  -9.4702 -10.1640 -10.6710 -11.1760 -11.6795 -12.1818 -12.6841 -13.1813
  0.0000  -2.5168  -2.5168  -2.5168  -2.5168  -2.5168  -2.5168  -2.5168  -2.5168
 -2.5169  -2.5169  -2.5169  -2.5170  -2.5173  -2.5181  -2.5200  -2.5248  -2.5369
 -2.5671  -2.6432  -2.8341  -3.3135  -4.5122  -6.7571  -7.3682  -7.8701  -8.3679
 -8.8913  -9.4635 -10.1540 -10.6631 -11.1703 -11.6756 -12.1792 -12.6828 -13.1819
  0.0000  -2.6676  -2.6676  -2.6676  -2.6676  -2.6676  -2.6676  -2.6676  -2.6676
 -2.6676  -2.6676  -2.6676  -2.6677  -2.6678  -2.6682  -2.6691  -2.6715  -2.6776
 -2.6927  -2.7308  -2.8264  -3.0664  -3.6692  -5.1744  -7.3524  -7.8813  -8.3771
 -8.8942  -9.4604 -10.1446 -10.6537 -11.1627 -11.6702 -12.1757 -12.6812 -13.1830
  0.0000  -1.4617  -1.4617  -1.4617  -1.4618  -1.4618  -1.4618  -1.4620  -1.4624
 -1.4634  -1.4660  -1.4725  -1.4887  -1.5294  -1.6312  -1.8839  -2.4911  -3.6017
 -4.3162  -4.8435  -5.3536  -5.8606  -6.3685  -6.8742  -7.3826  -7.9062  -8.4511
 -9.1812  -9.6831 -10.1842 -10.6849 -11.1854 -11.6857 -12.1859 -12.6861 -13.1858
  0.0000  -1.5996  -1.5996  -1.5996  -1.5996  -1.5996  -1.5997  -1.5998  -1.6000
 -1.6005  -1.6018  -1.6052  -1.6136  -1.6348  -1.6881  -1.8213  -2.1527  -2.9478
 -4.2100  -4.8333  -5.3498  -5.8561  -6.3632  -6.8692  -7.3784  -7.9030  -8.4486
 -9.1783  -9.6813 -10.1830 -10.6841 -11.1848 -11.6853 -12.1856 -12.6859 -13.1859
  0.0000  -1.7424  -1.7424  -1.7424  -1.7424  -1.7424  -1.7424  -1.7424  -1.7425
 -1.7428  -1.7435  -1.7452  -1.7495  -1.7604  -1.7877  -1.8562  -2.0279  -2.4555
 -3.4770  -4.7857  -5.3460  -5.8547  -6.3595  -6.8641  -7.3732  -7.8985  -8.4449
 -9.1741  -9.6783 -10.1811 -10.6828 -11.1840 -11.6847 -12.1852 -12.6857 -13.1857
  0.0000  -1.8885  -1.8885  -1.8885  -1.8885  -1.8885  -1.8885  -1.8885  -1.8886
 -1.8887  -1.8890  -1.8899  -1.8921  -1.8976  -1.9115  -1.9463  -2.0336  -2.2526
 -2.7986  -4.0888  -5.3275  -5.8565  -6.3606  -6.8616  -7.3685  -7.8931  -8.4401
 -9.1679  -9.6741 -10.1782 -10.6811 -11.1829 -11.6841 -12.1849 -12.6857 -13.1864
  0.0000  -2.0369  -2.0369  -2.0369  -2.0369  -2.0369  -2.0369  -2.0370  -2.0370
 -2.0370  -2.0372  -2.0377  -2.0388  -2.0416  -2.0485  -2.0661  -2.1102  -2.2208
 -2.4984  -3.1912  -4.7860  -5.8529  -6.3675  -6.8655  -7.3674  -7.8889  -8.4344
 -9.1595  -9.6680 -10.1742 -10.6784 -11.1815 -11.6834 -12.1847 -12.6860 -13.1873
  0.0000  -2.1852  -2.1852  -2.1852  -2.1852  -2.1852  -2.1852  -2.1852  -2.1852
 -2.1852  -2.1853  -2.1855  -2.1861  -2.1875  -2.1910  -2.1998  -2.2220  -2.2776
 -2.4174  -2.7680  -3.6432  -5.5377  -6.3713  -6.8748  -7.3720  -7.8873  -8.4287
 -9.1484  -9.6581 -10.1663 -10.6728 -11.1772 -11.6805 -12.1825 -12.6845 -13.1877
  0.0000  -2.3355  -2.3355  -2.3355  -2.3355  -2.3355  -2.3355  -2.3355  -2.3355
 -2.3355  -2.3356  -2.3357  -2.3360  -2.3367  -2.3384  -2.3429  -2.3540  -2.3819
 -2.4520  -2.6280  -3.0699  -4.1725  -6.2560  -6.8857  -7.3853  -7.8951  -8.4297
 -9.1417  -9.6490 -10.1579 -10.6664 -11.1731 -11.6778 -12.1810 -12.6842 -13.1886
  0.0000  -1.1862  -1.1862  -1.1862  -1.1863  -1.1864  -1.1866  -1.1872  -1.1888
 -1.1927  -1.2026  -1.2274  -1.2891  -1.4416  -1.8041  -2.5294  -3.2838  -3.8353
 -4.3492  -4.8561  -5.3624  -5.8702  -6.3782  -6.8910  -7.4223  -8.0496  -8.6822
 -9.1838  -9.6848 -10.1854 -10.6859 -11.1861 -11.6863 -12.1864 -12.6865 -13.1869
  0.0000  -1.3027  -1.3027  -1.3027  -1.3027  -1.3028  -1.3029  -1.3033  -1.3042
 -1.3064  -1.3119  -1.3257  -1.3604  -1.4471  -1.6615  -2.1697  -3.1047  -3.8193
 -4.3479  -4.8544  -5.3583  -5.8651  -6.3733  -6.8868  -7.4191  -8.0464  -8.6794
 -9.1818  -9.6833 -10.1843 -10.6850 -11.1854 -11.6856 -12.1858 -12.6860 -13.1862
  0.0000  -1.4332  -1.4332  -1.4332  -1.4332  -1.4332  -1.4333  -1.4335  -1.4340
 -1.4351  -1.4381  -1.4455  -1.4642  -1.5110  -1.6280  -1.9178  -2.6032  -3.7079
 -4.3439  -4.8580  -5.3597  -5.8633  -6.3701  -6.8837  -7.4166  -8.0442  -8.6773
 -9.1809  -9.6834 -10.1849 -10.6859 -11.1866 -11.6870 -12.1872 -12.6874 -13.1879
  0.0000  -1.5679  -1.5679  -1.5679  -1.5679  -1.5679  -1.5679  -1.5680  -1.5683
 -1.5689  -1.5704  -1.5743  -1.5841  -1.6085  -1.6700  -1.8237  -2.2051  -3.1027
 -4.2885  -4.8575  -5.3622  -5.8618  -6.3647  -6.8764  -7.4091  -8.0363  -8.6695
 -9.1748  -9.6785 -10.1810 -10.6826 -11.1836 -11.6842 -12.1847 -12.6852 -13.1858
  0.0000  -1.7124  -1.7124  -1.7124  -1.7124  -1.7125  -1.7125  -1.7125  -1.7126
 -1.7130  -1.7138  -1.7157  -1.7208  -1.7333  -1.7649  -1.8442  -2.0427  -2.5359
 -3.6835  -4.8409  -5.3724  -5.8716  -6.3690  -6.8759  -7.4060  -8.0311  -8.6637
 -9.1713  -9.6767 -10.1805 -10.6831 -11.1847 -11.6858 -12.1865 -12.6872 -13.1885
  0.0000  -1.8567  -1.8567  -1.8567  -1.8567  -1.8567  -1.8568  -1.8568  -1.8568
 -1.8570  -1.8574  -1.8584  -1.8610  -1.8674  -1.8834  -1.9237  -2.0249  -2.2784
 -2.9091  -4.3390  -5.3685  -5.8827  -6.3777  -6.8781  -7.4023  -8.0229  -8.6525
 -9.1616  -9.6693 -10.1749 -10.6789 -11.1816 -11.6833 -12.1844 -12.6855 -13.1873
  0.0000  -2.0054  -2.0054  -2.0054  -2.0054  -2.0054  -2.0054  -2.0054  -2.0054
 -2.0055  -2.0057  -2.0062  -2.0075  -2.0107  -2.0188  -2.0392  -2.0903  -2.2186
 -2.5402  -3.3407  -5.0534  -5.8893  -6.3939  -6.8906  -7.4079  -8.0214  -8.6448
 -9.1529  -9.6620 -10.1699 -10.6757 -11.1796 -11.6824 -12.1842 -12.6860 -13.1892
  0.0000  -0.9877  -0.9877  -0.9878  -0.9879  -0.9882  -0.9889  -0.9907  -0.9952
 -1.0066  -1.0349  -1.1048  -1.2718  -1.6345  -2.2203  -2.8058  -3.3331  -3.8469
 -4.3551  -4.8640  -5.3731  -5.8804  -6.4097  -6.9846  -7.6805  -8.1828  -8.6843
 -9.1853  -9.6859 -10.1863 -10.6865 -11.1867 -11.6868 -12.1869 -12.6870 -13.1871
  0.0000  -1.0632  -1.0632  -1.0633  -1.0633  -1.0635  -1.0640  -1.0652  -1.0681
 -1.0755  -1.0940  -1.1402  -1.2539  -1.5228  -2.0737  -2.7707  -3.3329  -3.8491
 -4.3540  -4.8599  -5.3680  -5.8756  -6.4055  -6.9809  -7.6765  -8.1800  -8.6822
 -9.1836  -9.6845 -10.1851 -10.6854 -11.1857 -11.6858 -12.1859 -12.6860 -13.1860
  0.0000  -1.1596  -1.1596  -1.1596  -1.1597  -1.1598  -1.1601  -1.1608  -1.1626
 -1.1670  -1.1782  -1.2061  -1.2758  -1.4473  -1.8499  -2.6095  -3.3179  -3.8531
 -4.3576  -4.8593  -5.3641  -5.8705  -6.4005  -6.9763  -7.6715  -8.1762  -8.6796
 -9.1818  -9.6831 -10.1840 -10.6846 -11.1849 -11.6852 -12.1853 -12.6854 -13.1859
  0.0000  -1.2739  -1.2739  -1.2739  -1.2740  -1.2740  -1.2742  -1.2746  -1.2756
 -1.2781  -1.2844  -1.3002  -1.3399  -1.4389  -1.6826  -2.2512  -3.1984  -3.8507
 -4.3660  -4.8649  -5.3645  -5.8672  -6.3955  -6.9708  -7.6649  -8.1717  -8.6763
 -9.1797  -9.6818 -10.1832 -10.6841 -11.1847 -11.6850 -12.1853 -12.6856 -13.1858
  0.0000  -1.4012  -1.4012  -1.4012  -1.4012  -1.4013  -1.4013  -1.4016  -1.4021
 -1.4035  -1.4069  -1.4154  -1.4369  -1.4907  -1.6252  -1.9569  -2.7250  -3.7884
 -4.3725  -4.8765  -5.3715  -5.8681  -6.3920  -6.9647  -7.6559  -8.1646  -8.6714
 -9.1762  -9.6796 -10.1818 -10.6833 -11.1842 -11.6848 -12.1851 -12.6854 -13.1861
  0.0000  -1.5377  -1.5377  -1.5377  -1.5377  -1.5377  -1.5377  -1.5378  -1.5381
 -1.5388  -1.5406  -1.5451  -1.5564  -1.5846  -1.6555  -1.8328  -2.2711  -3.2730
 -4.3490  -4.8893  -5.3862  -5.8769  -6.3939  -6.9610  -7.6467  -8.1557  -8.6643
 -9.1714  -9.6763 -10.1798 -10.6821 -11.1836 -11.6845 -12.1851 -12.6857 -13.1866
  0.0000  -1.6793  -1.6793  -1.6793  -1.6793  -1.6793  -1.6793  -1.6794  -1.6795
 -1.6799  -1.6808  -1.6831  -1.6889  -1.7035  -1.7400  -1.8316  -2.0610  -2.6289
 -3.8934  -4.8832  -5.4017  -5.8925  -6.4033  -6.9632  -7.6409  -8.1464  -8.6551
 -9.1639  -9.6709 -10.1760 -10.6795 -11.1818 -11.6833 -12.1843 -12.6853 -13.1869
  0.0000  -0.8927  -0.8928  -0.8928  -0.8930  -0.8936  -0.8949  -0.8981  -0.9063
 -0.9266  -0.9766  -1.0949  -1.3475  -1.7750  -2.2938  -2.8165  -3.3316  -3.8496
 -4.3606  -4.8729  -5.3994  -5.9463  -6.6762  -7.1799  -7.6822  -8.1837  -8.6846
 -9.1852  -9.6856 -10.1859 -10.6860 -11.1861 -11.6862 -12.1862 -12.6862 -13.1864
  0.0000  -0.9229  -0.9229  -0.9230  -0.9231  -0.9236  -0.9246  -0.9273  -0.9339
 -0.9504  -0.9914  -1.0905  -1.3149  -1.7381  -2.2880  -2.8233  -3.3370  -3.8503
 -4.3581  -4.8692  -5.3958  -5.9432  -6.6725  -7.1773  -7.6806  -8.1827  -8.6840
 -9.1849  -9.6854 -10.1858 -10.6860 -11.1861 -11.6862 -12.1863 -12.6864 -13.1865
  0.0000  -0.9709  -0.9709  -0.9709  -0.9711  -0.9714  -0.9721  -0.9741  -0.9790
 -0.9913  -1.0218  -1.0971  -1.2761  -1.6587  -2.2518  -2.8271  -3.3463  -3.8550
 -4.3577  -4.8658  -5.3912  -5.9386  -6.6668  -7.1733  -7.6776  -8.1807  -8.6827
 -9.1840  -9.6848 -10.1853 -10.6856 -11.1858 -11.6859 -12.1860 -12.6861 -13.1862
  0.0000  -1.0411  -1.0411  -1.0411  -1.0412  -1.0414  -1.0419  -1.0433  -1.0465
 -1.0547  -1.0753  -1.1265  -1.2522  -1.5465  -2.1279  -2.8091  -3.3564  -3.8651
 -4.3625  -4.8650  -5.3871  -5.9331  -6.6587  -7.1671  -7.6732  -8.1775  -8.6805
 -9.1825  -9.6837 -10.1845 -10.6850 -11.1853 -11.6855 -12.1856 -12.6857 -13.1859
  0.0000  -1.1370  -1.1370  -1.1371  -1.1371  -1.1372  -1.1376  -1.1383  -1.1404
 -1.1454  -1.1580  -1.1896  -1.2683  -1.4610  -1.9067  -2.6913  -3.3583  -3.8822
 -4.3778  -4.8739  -5.3898  -5.9318  -6.6525  -7.1619  -7.6701  -8.1762  -8.6805
 -9.1836  -9.6855 -10.1868 -10.6876 -11.1881 -11.6884 -12.1886 -12.6888 -13.1891
  0.0000  -1.2425  -1.2425  -1.2425  -1.2425  -1.2426  -1.2428  -1.2432  -1.2444
 -1.2473  -1.2545  -1.2726  -1.3178  -1.4307  -1.7073  -2.3391  -3.2758  -3.8836
 -4.3889  -4.8814  -5.3902  -5.9253  -6.6388  -7.1464  -7.6553  -8.1636  -8.6698
 -9.1741  -9.6773 -10.1793 -10.6805 -11.1814 -11.6819 -12.1822 -12.6825 -13.1830
  0.0000  -1.3710  -1.3710  -1.3710  -1.3710  -1.3710  -1.3711  -1.3714  -1.3720
 -1.3736  -1.3775  -1.3873  -1.4120  -1.4738  -1.6280  -2.0066  -2.8570  -3.8506
 -4.4044  -4.9027  -5.4077  -5.9358  -6.6415  -7.1420  -7.6487  -8.1579  -8.6662
 -9.1725  -9.6768 -10.1800 -10.6820 -11.1832 -11.6841 -12.1846 -12.6851 -13.1862
  0.0000  -0.8730  -0.8730  -0.8731  -0.8733  -0.8739  -0.8753  -0.8788  -0.8879
 -0.9114  -0.9703  -1.1045  -1.3709  -1.7879  -2.2889  -2.8097  -3.3314  -3.8554
 -4.3762  -4.9124  -5.5418  -6.1757  -6.6795  -7.1820  -7.6835  -8.1845  -8.6851
 -9.1855  -9.6858 -10.1859 -10.6860 -11.1861 -11.6861 -12.1861 -12.6861 -13.1861
  0.0000  -0.8784  -0.8784  -0.8785  -0.8787  -0.8793  -0.8806  -0.8842  -0.8930
 -0.9153  -0.9705  -1.0995  -1.3637  -1.7882  -2.2959  -2.8150  -3.3325  -3.8535
 -4.3729  -4.9092  -5.5384  -6.1726  -6.6773  -7.1806  -7.6826  -8.1839  -8.6847
 -9.1853  -9.6856 -10.1858 -10.6859 -11.1860 -11.6861 -12.1861 -12.6861 -13.1863
  0.0000  -0.8886  -0.8887  -0.8888  -0.8890  -0.8895  -0.8908  -0.8941  -0.9022
 -0.9227  -0.9731  -1.0928  -1.3492  -1.7834  -2.3059  -2.8261  -3.3382  -3.8534
 -4.3698  -4.9050  -5.5335  -6.1677  -6.6739  -7.1780  -7.6810  -8.1828  -8.6840
 -9.1848  -9.6852 -10.1855 -10.6857 -11.1859 -11.6859 -12.1860 -12.6861 -13.1860
  0.0000  -0.9128  -0.9129  -0.9129  -0.9131  -0.9136  -0.9147  -0.9174  -0.9244
 -0.9417  -0.9847  -1.0886  -1.3229  -1.7588  -2.3119  -2.8428  -3.3518  -3.8596
 -4.3704  -4.9026  -5.5290  -6.1622  -6.6702  -7.1760  -7.6800  -8.1827  -8.6845
 -9.1856  -9.6863 -10.1868 -10.6871 -11.1873 -11.6874 -12.1874 -12.6874 -13.1875
  0.0000  -0.9531  -0.9531  -0.9532  -0.9533  -0.9537  -0.9545  -0.9566  -0.9619
 -0.9752  -1.0084  -1.0898  -1.2825  -1.6872  -2.2880  -2.8546  -3.3679  -3.8696
 -4.3733  -4.8995  -5.5213  -6.1517  -6.6610  -7.1688  -7.6744  -8.1784  -8.6811
 -9.1828  -9.6839 -10.1846 -10.6851 -11.1854 -11.6856 -12.1857 -12.6858 -13.1860
  0.0000  -1.0191  -1.0191  -1.0191  -1.0192  -1.0195  -1.0200  -1.0215  -1.0251
 -1.0343  -1.0571  -1.1139  -1.2527  -1.5743  -2.1840  -2.8488  -3.3866  -3.8882
 -4.3858  -4.9044  -5.5194  -6.1437  -6.6520  -7.1612  -7.6689  -8.1746  -8.6785
 -9.1812  -9.6829 -10.1840 -10.6847 -11.1852 -11.6855 -12.1857 -12.6859 -13.1862
  0.0000  -1.1080  -1.1080  -1.1081  -1.1081  -1.1083  -1.1086  -1.1095  -1.1118
 -1.1174  -1.1317  -1.1673  -1.2557  -1.4714  -1.9609  -2.7567  -3.3904  -3.9067
 -4.4038  -4.9167  -5.5248  -6.1403  -6.6433  -7.1515  -7.6607  -8.1683  -8.6739
 -9.1777  -9.6805 -10.1822 -10.6833 -11.1840 -11.6844 -12.1847 -12.6850 -13.1854
  0.0000  -0.8777  -0.8777  -0.8778  -0.8780  -0.8783  -0.8793  -0.8822  -0.8906
 -0.9142  -0.9729  -1.1051  -1.3661  -1.7765  -2.2792  -2.8081  -3.3423  -3.8847
 -4.4680  -5.1674  -5.6743  -6.1787  -6.6815  -7.1833  -7.6843  -8.1850  -8.6854
 -9.1857  -9.6859 -10.1860 -10.6861 -11.1861 -11.6861 -12.1861 -12.6861 -13.1861
  0.0000  -0.8795  -0.8795  -0.8796  -0.8798  -0.8801  -0.8812  -0.8840  -0.8921
 -0.9150  -0.9727  -1.1034  -1.3644  -1.7777  -2.2814  -2.8083  -3.3396  -3.8825
 -4.4650  -5.1639  -5.6718  -6.1769  -6.6804  -7.1825  -7.6839  -8.1847  -8.6853
 -9.1856  -9.6858 -10.1859 -10.6860 -11.1861 -11.6861 -12.1861 -12.6861 -13.1861
  0.0000  -0.8772  -0.8772  -0.8773  -0.8775  -0.8780  -0.8792  -0.8823  -0.8906
 -0.9131  -0.9701  -1.1010  -1.3655  -1.7858  -2.2916  -2.8141  -3.3359  -3.8801
 -4.4611  -5.1584  -5.6678  -6.1742  -6.6784  -7.1813  -7.6831  -8.1843  -8.6850
 -9.1855  -9.6858 -10.1860 -10.6861 -11.1861 -11.6862 -12.1862 -12.6862 -13.1864
  0.0000  -0.8752  -0.8752  -0.8753  -0.8755  -0.8761  -0.8774  -0.8808  -0.8894
 -0.9115  -0.9668  -1.0966  -1.3642  -1.7958  -2.3080  -2.8266  -3.3411  -3.8792
 -4.4568  -5.1511  -5.6616  -6.1697  -6.6753  -7.1792  -7.6818  -8.1834  -8.6845
 -9.1851  -9.6855 -10.1858 -10.6860 -11.1861 -11.6862 -12.1862 -12.6862 -13.1864
  0.0000  -0.8795  -0.8796  -0.8796  -0.8799  -0.8804  -0.8817  -0.8850  -0.8934
 -0.9144  -0.9663  -1.0900  -1.3547  -1.7993  -2.3270  -2.8460  -3.3532  -3.8828
 -4.4546  -5.1434  -5.6535  -6.1630  -6.6705  -7.1758  -7.6795  -8.1819  -8.6835
 -9.1845  -9.6852 -10.1856 -10.6858 -11.1860 -11.6861 -12.1862 -12.6863 -13.1864
  0.0000  -0.8981  -0.8982  -0.8982  -0.8984  -0.8989  -0.9001  -0.9030  -0.9103
 -0.9287  -0.9741  -1.0839  -1.3301  -1.7810  -2.3395  -2.8692  -3.3732  -3.8947
 -4.4590  -5.1399  -5.6460  -6.1552  -6.6643  -7.1716  -7.6767  -8.1803  -8.6828
 -9.1843  -9.6853 -10.1859 -10.6863 -11.1865 -11.6867 -12.1868 -12.6869 -13.1872
  0.0000  -0.9359  -0.9360  -0.9360  -0.9362  -0.9365  -0.9374  -0.9397  -0.9455
 -0.9599  -0.9957  -1.0835  -1.2901  -1.7157  -2.3225  -2.8852  -3.3946  -3.9122
 -4.4704  -5.1438  -5.6409  -6.1463  -6.6554  -7.1643  -7.6714  -8.1764  -8.6798
 -9.1822  -9.6837 -10.1846 -10.6852 -11.1856 -11.6859 -12.1860 -12.6861 -13.1865
  0.0000  -0.8809  -0.8809  -0.8810  -0.8811  -0.8815  -0.8826  -0.8855  -0.8937
 -0.9163  -0.9727  -1.1010  -1.3580  -1.7682  -2.2762  -2.8224  -3.4058  -4.1460
 -4.6615  -5.1710  -5.6766  -6.1803  -6.6825  -7.1838  -7.6847  -8.1852  -8.6855
 -9.1857  -9.6859 -10.1859 -10.6860 -11.1860 -11.6860 -12.1860 -12.6860 -13.1860
  0.0000  -0.8880  -0.8880  -0.8881  -0.8882  -0.8885  -0.8893  -0.8917  -0.8993
 -0.9212  -0.9757  -1.0999  -1.3521  -1.7610  -2.2709  -2.8186  -3.4021  -4.1432
 -4.6594  -5.1695  -5.6756  -6.1796  -6.6821  -7.1836  -7.6845  -8.1851  -8.6855
 -9.1857  -9.6858 -10.1859 -10.6860 -11.1860 -11.6860 -12.1860 -12.6860 -13.1860
  0.0000  -0.8865  -0.8865  -0.8865  -0.8866  -0.8868  -0.8874  -0.8895  -0.8968
 -0.9190  -0.9741  -1.0993  -1.3536  -1.7649  -2.2738  -2.8185  -3.3985  -4.1379
 -4.6546  -5.1658  -5.6730  -6.1776  -6.6807  -7.1826  -7.6838  -8.1845  -8.6850
 -9.1853  -9.6855 -10.1856 -10.6856 -11.1857 -11.6857 -12.1857 -12.6857 -13.1856
  0.0000  -0.8801  -0.8801  -0.8801  -0.8802  -0.8805  -0.8812  -0.8834  -0.8907
 -0.9132  -0.9698  -1.0984  -1.3592  -1.7771  -2.2853  -2.8241  -3.3971  -4.1321
 -4.6483  -5.1605  -5.6691  -6.1750  -6.6788  -7.1814  -7.6830  -8.1840  -8.6847
 -9.1851  -9.6853 -10.1855 -10.6856 -11.1857 -11.6857 -12.1857 -12.6857 -13.1857
  0.0000  -0.8716  -0.8716  -0.8717  -0.8718  -0.8722  -0.8732  -0.8760  -0.8839
 -0.9064  -0.9640  -1.0963  -1.3656  -1.7946  -2.3051  -2.8373  -3.4007  -4.1288
 -4.6413  -5.1534  -5.6635  -6.1710  -6.6762  -7.1797  -7.6821  -8.1835  -8.6845
 -9.1851  -9.6854 -10.1857 -10.6858 -11.1859 -11.6860 -12.1860 -12.6860 -13.1862
  0.0000  -0.8655  -0.8655  -0.8656  -0.8658  -0.8663  -0.8676  -0.8710  -0.8796
 -0.9019  -0.9587  -1.0919  -1.3675  -1.8106  -2.3288  -2.8577  -3.4116  -4.1325
 -4.6366  -5.1454  -5.6559  -6.1651  -6.6720  -7.1768  -7.6802  -8.1824  -8.6838
 -9.1846  -9.6852 -10.1856 -10.6858 -11.1859 -11.6860 -12.1861 -12.6862 -13.1863
  0.0000  -0.8681  -0.8681  -0.8682  -0.8684  -0.8689  -0.8703  -0.8737  -0.8823
 -0.9038  -0.9575  -1.0854  -1.3589  -1.8155  -2.3499  -2.8814  -3.4300  -4.1474
 -4.6388  -5.1399  -5.6478  -6.1576  -6.6663  -7.1729  -7.6773  -8.1805  -8.6826
 -9.1839  -9.6847 -10.1853 -10.6856 -11.1858 -11.6859 -12.1860 -12.6861 -13.1862
  0.0000  -0.8710  -0.8710  -0.8711  -0.8713  -0.8718  -0.8730  -0.8762  -0.8848
 -0.9076  -0.9646  -1.0950  -1.3556  -1.7728  -2.3043  -2.9438  -3.6264  -4.1501
 -4.6643  -5.1728  -5.6779  -6.1813  -6.6833  -7.1845  -7.6852  -8.1857  -8.6860
 -9.1862  -9.6863 -10.1863 -10.6864 -11.1864 -11.6864 -12.1864 -12.6864 -13.1864
 -2.0000  -0.8888  -0.8888  -0.8888  -0.8888  -0.8888  -0.8890  -0.8904  -0.8972
 -0.9187  -0.9716  -1.0927  -1.3412  -1.7553  -2.2912  -2.9354  -3.6183  -4.1425
 -4.6583  -5.1686  -5.6751  -6.1793  -6.6820  -7.1837  -7.6847  -8.1854  -8.6858
 -9.1860  -9.6862 -10.1863 -10.6864 -11.1864 -11.6864 -12.1864 -12.6864 -13.1864
 -1.0000  -0.8888  -0.8888  -0.8888  -0.8888  -0.8888  -0.8891  -0.8907  -0.8975
 -0.9189  -0.9716  -1.0926  -1.3411  -1.7551  -2.2911  -2.9354  -3.6182  -4.1425
 -4.6583  -5.1686  -5.6751  -6.1793  -6.6820  -7.1837  -7.6847  -8.1854  -8.6858
 -9.1860  -9.6862 -10.1863 -10.6864 -11.1864 -11.6864 -12.1864 -12.6864 -13.1864
  0.0000  -0.8886  -0.8886  -0.8886  -0.8887  -0.8888  -0.8892  -0.8909  -0.8978
 -0.9189  -0.9716  -1.0923  -1.3405  -1.7545  -2.2906  -2.9350  -3.6180  -4.1423
 -4.6581  -5.1684  -5.6749  -6.1791  -6.6818  -7.1835  -7.6845  -8.1852  -8.6856
 -9.1858  -9.6860 -10.1861 -10.6862 -11.1862 -11.6862 -12.1862 -12.6862 -13.1862
  0.0000  -0.8804  -0.8804  -0.8803  -0.8803  -0.8803  -0.8804  -0.8818  -0.8886
 -0.9111  -0.9664  -1.0925  -1.3495  -1.7700  -2.3038  -2.9425  -3.6151  -4.1361
 -4.6519  -5.1635  -5.6716  -6.1768  -6.6804  -7.1827  -7.6841  -8.1850  -8.6856
 -9.1860  -9.6862 -10.1863 -10.6864 -11.1865 -11.6865 -12.1865 -12.6865 -13.1865
  0.0000  -0.8693  -0.8693  -0.8693  -0.8694  -0.8694  -0.8698  -0.8714  -0.8783
 -0.9015  -0.9594  -1.0912  -1.3588  -1.7901  -2.3246  -2.9586  -3.6180  -4.1311
 -4.6445  -5.1566  -5.6662  -6.1732  -6.6777  -7.1810  -7.6830  -8.1843  -8.6852
 -9.1857  -9.6860 -10.1862 -10.6863 -11.1864 -11.6865 -12.1865 -12.6865 -13.1867
  1.0000  -0.8704  -0.8704  -0.8705  -0.8706  -0.8710  -0.8719  -0.8745  -0.8821
 -0.9040  -0.9604  -1.0902  -1.3556  -1.7867  -2.3227  -2.9575  -3.6175  -4.1309
 -4.6443  -5.1565  -5.6661  -6.1731  -6.6776  -7.1809  -7.6829  -8.1842  -8.6851
 -9.1856  -9.6859 -10.1861 -10.6862 -11.1863 -11.6864 -12.1864 -12.6864 -13.1866
-10.0000  -0.8723  -0.8721  -0.8718  -0.8711  -0.8694  -0.8665  -0.8651  -0.8729
 -0.8992  -0.9580  -1.0919  -1.3617  -1.7931  -2.3261  -2.9593  -3.6181  -4.1309
 -4.6442  -5.1563  -5.6659  -6.1729  -6.6774  -7.1807  -7.6827  -8.1840  -8.6849
 -9.1854  -9.6857 -10.1859 -10.6860 -11.1861 -11.6862 -12.1862 -12.6862 -13.1864
-12.0000  -0.8725  -0.8724  -0.8721  -0.8713  -0.8697  -0.8669  -0.8654  -0.8733
 -0.8995  -0.9583  -1.0922  -1.3620  -1.7934  -2.3264  -2.9596  -3.6184  -4.1312
 -4.6445  -5.1566  -5.6662  -6.1732  -6.6777  -7.1810  -7.6830  -8.1843  -8.6852
 -9.1857  -9.6860 -10.1862 -10.6863 -11.1864 -11.6865 -12.1865 -12.6865 -13.1867
-11.0000  -0.8720  -0.8719  -0.8716  -0.8709  -0.8693  -0.8667  -0.8653  -0.8730
 -0.8992  -0.9580  -1.0919  -1.3616  -1.7930  -2.3261  -2.9593  -3.6181  -4.1309
 -4.6442  -5.1563  -5.6659  -6.1729  -6.6774  -7.1807  -7.6827  -8.1840  -8.6849
 -9.1854  -9.6857 -10.1859 -10.6860 -11.1861 -11.6862 -12.1862 -12.6862 -13.1864
-10.0000  -0.8721  -0.8720  -0.8717  -0.8710  -0.8696  -0.8671  -0.8658  -0.8735
 -0.8996  -0.9584  -1.0921  -1.3618  -1.7932  -2.3263  -2.9595  -3.6184  -4.1312
 -4.6445  -5.1566  -5.6662  -6.1732  -6.6777  -7.1810  -7.6830  -8.1843  -8.6852
 -9.1857  -9.6860 -10.1862 -10.6863 -11.1864 -11.6865 -12.1865 -12.6865 -13.1867
-10.0000  -0.8716  -0.8715  -0.8713  -0.8707  -0.8695  -0.8674  -0.8663  -0.8738
 -0.8996  -0.9584  -1.0921  -1.3617  -1.7930  -2.3262  -2.9595  -3.6184  -4.1312
 -4.6445  -5.1566  -5.6662  -6.1732  -6.6777  -7.1810  -7.6830  -8.1843  -8.6852
 -9.1857  -9.6860 -10.1862 -10.6863 -11.1864 -11.6865 -12.1865 -12.6865 -13.1867
-10.0000  -0.8709  -0.8708  -0.8706  -0.8702  -0.8693  -0.8678  -0.8672  -0.8743
 -0.8998  -0.9585  -1.0920  -1.3613  -1.7927  -2.3260  -2.9594  -3.6183  -4.1312
 -4.6445  -5.1566  -5.6662  -6.1732  -6.6777  -7.1810  -7.6830  -8.1843  -8.6852
 -9.1857  -9.6860 -10.1862 -10.6863 -11.1864 -11.6865 -12.1865 -12.6865 -13.1867
 11.0000  -0.8700  -0.8699  -0.8698  -0.8696  -0.8692  -0.8685  -0.8687  -0.8755
 -0.9002  -0.9588  -1.0918  -1.3606  -1.7920  -2.3256  -2.9592  -3.6182  -4.1312
 -4.6445  -5.1566  -5.6662  -6.1732  -6.6777  -7.1810  -7.6830  -8.1843  -8.6852
 -9.1857  -9.6860 -10.1862 -10.6863 -11.1864 -11.6865 -12.1865 -12.6865 -13.1867
 -2.0000  -0.8304  -0.8305  -0.8306  -0.8308  -0.8314  -0.8327  -0.8362  -0.8446
 -0.8661  -0.9205  -1.0568  -1.3752  -1.9521  -2.5554  -3.1136  -3.6431  -4.1605
 -4.6708  -5.1767  -5.6806  -6.1828  -6.6841  -7.1849  -7.6854  -8.1858  -8.6859
 -9.1861  -9.6861 -10.1862 -10.6862 -11.1862 -11.6862 -12.1863 -12.6864 -13.1863
 -1.0000  -0.8303  -0.8304  -0.8305  -0.8307  -0.8313  -0.8326  -0.8361  -0.8445
 -0.8660  -0.9204  -1.0567  -1.3751  -1.9520  -2.5553  -3.1135  -3.6430  -4.1604
 -4.6707  -5.1766  -5.6805  -6.1827  -6.6840  -7.1848  -7.6853  -8.1857  -8.6858
 -9.1860  -9.6860 -10.1861 -10.6861 -11.1861 -11.6861 -12.1862 -12.6863 -13.1862
  0.0000  -0.8302  -0.8302  -0.8303  -0.8305  -0.8311  -0.8324  -0.8359  -0.8443
 -0.8658  -0.9202  -1.0565  -1.3749  -1.9518  -2.5551  -3.1133  -3.6428  -4.1602
 -4.6705  -5.1764  -5.6803  -6.1825  -6.6838  -7.1846  -7.6851  -8.1855  -8.6856
 -9.1858  -9.6858 -10.1859 -10.6859 -11.1859 -11.6859 -12.1860 -12.6861 -13.1860
  0.0000  -0.8338  -0.8338  -0.8339  -0.8341  -0.8347  -0.8361  -0.8394  -0.8477
 -0.8689  -0.9222  -1.0557  -1.3699  -1.9481  -2.5535  -3.1124  -3.6423  -4.1600
 -4.6704  -5.1765  -5.6804  -6.1827  -6.6841  -7.1849  -7.6854  -8.1857  -8.6859
 -9.1861  -9.6861 -10.1862 -10.6862 -11.1862 -11.6862 -12.1863 -12.6864 -13.1863
  0.0000  -0.8249  -0.8250  -0.8251  -0.8253  -0.8259  -0.8274  -0.8309  -0.8398
 -0.8622  -0.9185  -1.0582  -1.3836  -1.9601  -2.5541  -3.1088  -3.6382  -4.1566
 -4.6680  -5.1748  -5.6792  -6.1819  -6.6835  -7.1845  -7.6851  -8.1855  -8.6858
 -9.1859  -9.6860 -10.1861 -10.6861 -11.1861 -11.6861 -12.1862 -12.6863 -13.1862
  0.0000  -0.8110  -0.8110  -0.8111  -0.8113  -0.8119  -0.8134  -0.8171  -0.8267
 -0.8510  -0.9116  -1.0613  -1.4081  -1.9844  -2.5600  -3.1059  -3.6329  -4.1515
 -4.6640  -5.1722  -5.6772  -6.1807  -6.6827  -7.1840  -7.6848  -8.1853  -8.6856
 -9.1858  -9.6860 -10.1860 -10.6861 -11.1861 -11.6861 -12.1861 -12.6861 -13.1861
  0.0000  -0.7962  -0.7962  -0.7963  -0.7966  -0.7971  -0.7986  -0.8025  -0.8128
 -0.8387  -0.9032  -1.0633  -1.4372  -2.0167  -2.5725  -3.1061  -3.6279  -4.1456
 -4.6589  -5.1684  -5.6747  -6.1787  -6.6815  -7.1831  -7.6842  -8.1848  -8.6853
 -9.1855  -9.6857 -10.1858 -10.6859 -11.1859 -11.6859 -12.1859 -12.6859 -13.1859
 -2.0000  -0.7606  -0.7607  -0.7608  -0.7611  -0.7618  -0.7637  -0.7685  -0.7804
 -0.8116  -0.8874  -1.0874  -1.5052  -2.0431  -2.5926  -3.1258  -3.6488  -4.1639
 -4.6735  -5.1794  -5.6832  -6.1854  -6.6868  -7.1877  -7.6882  -8.1885  -8.6887
 -9.1889  -9.6889 -10.1890 -10.6890 -11.1890 -11.6890 -12.1891 -12.6892 -13.1891
 -1.0000  -0.7607  -0.7607  -0.7608  -0.7611  -0.7618  -0.7637  -0.7685  -0.7804
 -0.8116  -0.8874  -1.0874  -1.5052  -2.0431  -2.5926  -3.1258  -3.6488  -4.1639
 -4.6735  -5.1794  -5.6832  -6.1854  -6.6868  -7.1877  -7.6882  -8.1885  -8.6887
 -9.1889  -9.6889 -10.1890 -10.6890 -11.1890 -11.6890 -12.1891 -12.6892 -13.1891
  0.0000  -0.7605  -0.7605  -0.7606  -0.7609  -0.7616  -0.7635  -0.7683  -0.7802
 -0.8114  -0.8872  -1.0872  -1.5050  -2.0429  -2.5924  -3.1256  -3.6486  -4.1637
 -4.6733  -5.1792  -5.6830  -6.1852  -6.6866  -7.1875  -7.6880  -8.1883  -8.6885
 -9.1887  -9.6887 -10.1888 -10.6888 -11.1888 -11.6888 -12.1889 -12.6890 -13.1889
  0.0000  -0.7912  -0.7913  -0.7913  -0.7916  -0.7921  -0.7934  -0.7966  -0.8050
 -0.8268  -0.8864  -1.0612  -1.4747  -2.0314  -2.5927  -3.1299  -3.6533  -4.1676
 -4.6762  -5.1814  -5.6845  -6.1864  -6.6875  -7.1882  -7.6886  -8.1888  -8.6890
 -9.1891  -9.6892 -10.1892 -10.6892 -11.1892 -11.6893 -12.1893 -12.6893 -13.1895
  0.0000  -0.7825  -0.7826  -0.7827  -0.7829  -0.7835  -0.7850  -0.7888  -0.7984
 -0.8228  -0.8871  -1.0680  -1.4823  -2.0339  -2.5924  -3.1288  -3.6522  -4.1668
 -4.6757  -5.1810  -5.6844  -6.1864  -6.6876  -7.1883  -7.6887  -8.1890  -8.6892
 -9.1893  -9.6894 -10.1894 -10.6894 -11.1894 -11.6894 -12.1895 -12.6896 -13.1895
  0.0000  -0.7586  -0.7587  -0.7588  -0.7591  -0.7599  -0.7619  -0.7668  -0.7793
 -0.8103  -0.8882  -1.0886  -1.5060  -2.0429  -2.5923  -3.1255  -3.6486  -4.1640
 -4.6737  -5.1796  -5.6835  -6.1858  -6.6873  -7.1881  -7.6887  -8.1890  -8.6892
 -9.1893  -9.6894 -10.1895 -10.6895 -11.1895 -11.6895 -12.1896 -12.6897 -13.1896
  0.0000  -0.7320  -0.7320  -0.7322  -0.7325  -0.7335  -0.7360  -0.7421  -0.7575
 -0.7956  -0.8891  -1.1135  -1.5366  -2.0573  -2.5947  -3.1224  -3.6444  -4.1602
 -4.6709  -5.1778  -5.6822  -6.1851  -6.6868  -7.1879  -7.6886  -8.1890  -8.6892
 -9.1894  -9.6895 -10.1896 -10.6896 -11.1896 -11.6896 -12.1896 -12.6896 -13.1896
 -2.0000  -0.6291  -0.6292  -0.6295  -0.6302  -0.6319  -0.6363  -0.6473  -0.6751
 -0.7453  -0.9125  -1.2269  -1.6471  -2.1239  -2.6190  -3.1225  -3.6305  -4.1406
 -4.6505  -5.1588  -5.6651  -6.1694  -6.6723  -7.1742  -7.6754  -8.1762  -8.6766
 -9.1769  -9.6771 -10.1773 -10.6773 -11.1774 -11.6774 -12.1774 -12.6774 -13.1773
 -1.0000  -0.6291  -0.6292  -0.6295  -0.6302  -0.6319  -0.6363  -0.6473  -0.6751
 -0.7453  -0.9125  -1.2269  -1.6471  -2.1239  -2.6190  -3.1225  -3.6305  -4.1406
 -4.6505  -5.1588  -5.6651  -6.1694  -6.6723  -7.1742  -7.6754  -8.1762  -8.6766
 -9.1769  -9.6771 -10.1773 -10.6773 -11.1774 -11.6774 -12.1774 -12.6774 -13.1773
  0.0000  -0.6291  -0.6292  -0.6295  -0.6302  -0.6319  -0.6363  -0.6473  -0.6751
 -0.7453  -0.9125  -1.2269  -1.6471  -2.1239  -2.6190  -3.1225  -3.6305  -4.1406
 -4.6505  -5.1588  -5.6651  -6.1694  -6.6723  -7.1742  -7.6754  -8.1762  -8.6766
 -9.1769  -9.6771 -10.1773 -10.6773 -11.1774 -11.6774 -12.1774 -12.6774 -13.1773
  0.0000  -0.7946  -0.7916  -0.7952  -0.7952  -0.7947  -0.7937  -0.7915  -0.7888
 -0.7958  -0.8598  -1.0872  -1.5186  -2.0505  -2.5915  -3.1230  -3.6442  -4.1576
 -4.6658  -5.1709  -5.6740  -6.1758  -6.6769  -7.1776  -7.6780  -8.1782  -8.6784
 -9.1785  -9.6786 -10.1786 -10.6786 -11.1786 -11.6787 -12.1787 -12.6787 -13.1789
  0.0000  -0.8240  -0.8240  -0.8238  -0.8234  -0.8226  -0.8206  -0.8161  -0.8081
 -0.8046  -0.8524  -1.0675  -1.5053  -2.0472  -2.5930  -3.1258  -3.6468  -4.1596
 -4.6672  -5.1720  -5.6747  -6.1763  -6.6773  -7.1779  -7.6783  -8.1785  -8.6786
 -9.1787  -9.6788 -10.1788 -10.6788 -11.1788 -11.6789 -12.1789 -12.6789 -13.1791
  0.0000  -0.8090  -0.8090  -0.8089  -0.8086  -0.8080  -0.8064  -0.8030  -0.7976
 -0.7994  -0.8563  -1.0786  -1.5128  -2.0490  -2.5921  -3.1242  -3.6453  -4.1585
 -4.6664  -5.1714  -5.6743  -6.1760  -6.6771  -7.1777  -7.6781  -8.1784  -8.6785
 -9.1786  -9.6787 -10.1787 -10.6787 -11.1787 -11.6788 -12.1788 -12.6788 -13.1790
  0.0000  -0.7828  -0.7828  -0.7827  -0.7826  -0.7822  -0.7815  -0.7801  -0.7791
 -0.7904  -0.8634  -1.0990  -1.5276  -2.0535  -2.5912  -3.1216  -3.6428  -4.1566
 -4.6651  -5.1703  -5.6737  -6.1757  -6.6768  -7.1776  -7.6780  -8.1783  -8.6785
 -9.1786  -9.6787 -10.1787 -10.6787 -11.1787 -11.6787 -12.1788 -12.6789 -13.1788
-12.0000  -0.7827  -0.7827  -0.7826  -0.7825  -0.7821  -0.7814  -0.7800  -0.7790
 -0.7903  -0.8633  -1.0989  -1.5275  -2.0534  -2.5911  -3.1215  -3.6427  -4.1565
 -4.6650  -5.1702  -5.6736  -6.1756  -6.6767  -7.1775  -7.6779  -8.1782  -8.6784
 -9.1785  -9.6786 -10.1786 -10.6786 -11.1786 -11.6786 -12.1787 -12.6788 -13.1787
-11.0000  -0.7827  -0.7827  -0.7826  -0.7825  -0.7821  -0.7814  -0.7800  -0.7790
 -0.7903  -0.8633  -1.0989  -1.5275  -2.0534  -2.5911  -3.1215  -3.6427  -4.1565
 -4.6650  -5.1702  -5.6736  -6.1756  -6.6767  -7.1775  -7.6779  -8.1782  -8.6784
 -9.1785  -9.6786 -10.1786 -10.6786 -11.1786 -11.6786 -12.1787 -12.6788 -13.1787
-10.0000  -0.7827  -0.7827  -0.7826  -0.7825  -0.7821  -0.7814  -0.7800  -0.7790
 -0.7903  -0.8633  -1.0989  -1.5275  -2.0534  -2.5911  -3.1215  -3.6427  -4.1565
 -4.6650  -5.1702  -5.6736  -6.1756  -6.6767  -7.1775  -7.6779  -8.1782  -8.6784
 -9.1785  -9.6786 -10.1786 -10.6786 -11.1786 -11.6786 -12.1787 -12.6788 -13.1787
-10.0000  -0.7827  -0.7827  -0.7826  -0.7825  -0.7821  -0.7814  -0.7800  -0.7790
 -0.7903  -0.8633  -1.0989  -1.5275  -2.0534  -2.5911  -3.1215  -3.6427  -4.1565
 -4.6650  -5.1702  -5.6736  -6.1756  -6.6767  -7.1775  -7.6779  -8.1782  -8.6784
 -9.1785  -9.6786 -10.1786 -10.6786 -11.1786 -11.6786 -12.1787 -12.6788 -13.1787
-10.0000  -0.7827  -0.7827  -0.7826  -0.7825  -0.7821  -0.7814  -0.7800  -0.7790
 -0.7903  -0.8633  -1.0989  -1.5275  -2.0534  -2.5911  -3.1215  -3.6427  -4.1565
 -4.6650  -5.1702  -5.6736  -6.1756  -6.6767  -7.1775  -7.6779  -8.1782  -8.6784
 -9.1785  -9.6786 -10.1786 -10.6786 -11.1786 -11.6786 -12.1787 -12.6788 -13.1787
-10.0000  -0.7828  -0.7828  -0.7827  -0.7826  -0.7822  -0.7815  -0.7801  -0.7791
 -0.7904  -0.8634  -1.0990  -1.5276  -2.0535  -2.5912  -3.1216  -3.6428  -4.1566
 -4.6651  -5.1703  -5.6737  -6.1757  -6.6768  -7.1776  -7.6780  -8.1783  -8.6785
 -9.1786  -9.6787 -10.1787 -10.6787 -11.1787 -11.6787 -12.1788 -12.6789 -13.1788
-10.0000  -0.7828  -0.7828  -0.7827  -0.7826  -0.7822  -0.7815  -0.7801  -0.7791
 -0.7904  -0.8634  -1.0990  -1.5276  -2.0535  -2.5912  -3.1216  -3.6428  -4.1566
 -4.6651  -5.1703  -5.6737  -6.1757  -6.6768  -7.1776  -7.6780  -8.1783  -8.6785
 -9.1786  -9.6787 -10.1787 -10.6787 -11.1787 -11.6787 -12.1788 -12.6789 -13.1788
-22.0000  -0.7826  -0.7826  -0.7825  -0.7824  -0.7820  -0.7813  -0.7799  -0.7789
 -0.7902  -0.8632  -1.0988  -1.5274  -2.0533  -2.5910  -3.1214  -3.6426  -4.1564
 -4.6649  -5.1701  -5.6735  -6.1755  -6.6766  -7.1774  -7.6778  -8.1781  -8.6783
 -9.1784  -9.6785 -10.1785 -10.6785 -11.1785 -11.6785 -12.1786 -12.6787 -13.1786
-21.0000  -0.7826  -0.7826  -0.7825  -0.7824  -0.7820  -0.7813  -0.7799  -0.7789
 -0.7902  -0.8632  -1.0988  -1.5274  -2.0533  -2.5910  -3.1214  -3.6426  -4.1564
 -4.6649  -5.1701  -5.6735  -6.1755  -6.6766  -7.1774  -7.6778  -8.1781  -8.6783
 -9.1784  -9.6785 -10.1785 -10.6785 -11.1785 -11.6785 -12.1786 -12.6787 -13.1786
-20.0000  -0.7826  -0.7826  -0.7825  -0.7824  -0.7820  -0.7813  -0.7799  -0.7789
 -0.7902  -0.8632  -1.0988  -1.5274  -2.0533  -2.5910  -3.1214  -3.6426  -4.1564
 -4.6649  -5.1701  -5.6735  -6.1755  -6.6766  -7.1774  -7.6778  -8.1781  -8.6783
 -9.1784  -9.6785 -10.1785 -10.6785 -11.1785 -11.6785 -12.1786 -12.6787 -13.1786
-20.0000  -0.7826  -0.7826  -0.7825  -0.7824  -0.7820  -0.7813  -0.7799  -0.7789
 -0.7902  -0.8632  -1.0988  -1.5274  -2.0533  -2.5910  -3.1214  -3.6426  -4.1564
 -4.6649  -5.1701  -5.6735  -6.1755  -6.6766  -7.1774  -7.6778  -8.1781  -8.6783
 -9.1784  -9.6785 -10.1785 -10.6785 -11.1785 -11.6785 -12.1786 -12.6787 -13.1786
-20.0000  -0.7826  -0.7826  -0.7825  -0.7824  -0.7820  -0.7813  -0.7799  -0.7789
 -0.7902  -0.8632  -1.0988  -1.5274  -2.0533  -2.5910  -3.1214  -3.6426  -4.1564
 -4.6649  -5.1701  -5.6735  -6.1755  -6.6766  -7.1774  -7.6778  -8.1781  -8.6783
 -9.1784  -9.6785 -10.1785 -10.6785 -11.1785 -11.6785 -12.1786 -12.6787 -13.1786
-20.0000  -0.7827  -0.7827  -0.7826  -0.7825  -0.7821  -0.7814  -0.7800  -0.7790
 -0.7903  -0.8633  -1.0989  -1.5275  -2.0534  -2.5911  -3.1215  -3.6427  -4.1565
 -4.6650  -5.1702  -5.6736  -6.1756  -6.6767  -7.1775  -7.6779  -8.1782  -8.6784
 -9.1785  -9.6786 -10.1786 -10.6786 -11.1786 -11.6786 -12.1787 -12.6788 -13.1787
-20.0000  -0.7828  -0.7828  -0.7827  -0.7826  -0.7822  -0.7815  -0.7801  -0.7791
 -0.7904  -0.8634  -1.0990  -1.5276  -2.0535  -2.5912  -3.1216  -3.6428  -4.1566
 -4.6651  -5.1703  -5.6737  -6.1757  -6.6768  -7.1776  -7.6780  -8.1783  -8.6785
 -9.1786  -9.6787 -10.1787 -10.6787 -11.1787 -11.6787 -12.1788 -12.6789 -13.1788
-32.0000  -0.7822  -0.7822  -0.7821  -0.7820  -0.7816  -0.7809  -0.7795  -0.7785
 -0.7898  -0.8628  -1.0984  -1.5270  -2.0529  -2.5906  -3.1210  -3.6422  -4.1560
 -4.6645  -5.1697  -5.6731  -6.1751  -6.6762  -7.1770  -7.6774  -8.1777  -8.6779
 -9.1780  -9.6781 -10.1781 -10.6781 -11.1781 -11.6781 -12.1782 -12.6783 -13.1782
-31.0000  -0.7822  -0.7822  -0.7821  -0.7820  -0.7816  -0.7809  -0.7795  -0.7785
 -0.7898  -0.8628  -1.0984  -1.5270  -2.0529  -2.5906  -3.1210  -3.6422  -4.1560
 -4.6645  -5.1697  -5.6731  -6.1751  -6.6762  -7.1770  -7.6774  -8.1777  -8.6779
 -9.1780  -9.6781 -10.1781 -10.6781 -11.1781 -11.6781 -12.1782 -12.6783 -13.1782
-30.0000  -0.7822  -0.7822  -0.7821  -0.7820  -0.7816  -0.7809  -0.7795  -0.7785
 -0.7898  -0.8628  -1.0984  -1.5270  -2.0529  -2.5906  -3.1210  -3.6422  -4.1560
 -4.6645  -5.1697  -5.6731  -6.1751  -6.6762  -7.1770  -7.6774  -8.1777  -8.6779
 -9.1780  -9.6781 -10.1781 -10.6781 -11.1781 -11.6781 -12.1782 -12.6783 -13.1782
-30.0000  -0.7822  -0.7822  -0.7821  -0.7820  -0.7816  -0.7809  -0.7795  -0.7785
 -0.7898  -0.8628  -1.0984  -1.5270  -2.0529  -2.5906  -3.1210  -3.6422  -4.1560
 -4.6645  -5.1697  -5.6731  -6.1751  -6.6762  -7.1770  -7.6774  -8.1777  -8.6779
 -9.1780  -9.6781 -10.1781 -10.6781 -11.1781 -11.6781 -12.1782 -12.6783 -13.1782
-30.0000  -0.7822  -0.7822  -0.7821  -0.7820  -0.7816  -0.7809  -0.7795  -0.7785
 -0.7898  -0.8628  -1.0984  -1.5270  -2.0529  -2.5906  -3.1210  -3.6422  -4.1560
 -4.6645  -5.1697  -5.6731  -6.1751  -6.6762  -7.1770  -7.6774  -8.1777  -8.6779
 -9.1780  -9.6781 -10.1781 -10.6781 -11.1781 -11.6781 -12.1782 -12.6783 -13.1782
-30.0000  -0.7822  -0.7822  -0.7821  -0.7820  -0.7816  -0.7809  -0.7795  -0.7785
 -0.7898  -0.8628  -1.0984  -1.5270  -2.0529  -2.5906  -3.1210  -3.6422  -4.1560
 -4.6645  -5.1697  -5.6731  -6.1751  -6.6762  -7.1770  -7.6774  -8.1777  -8.6779
 -9.1780  -9.6781 -10.1781 -10.6781 -11.1781 -11.6781 -12.1782 -12.6783 -13.1782
-30.0000  -0.7828  -0.7828  -0.7827  -0.7826  -0.7822  -0.7815  -0.7801  -0.7791
 -0.7904  -0.8634  -1.0990  -1.5276  -2.0535  -2.5912  -3.1216  -3.6428  -4.1566
 -4.6651  -5.1703  -5.6737  -6.1757  -6.6768  -7.1776  -7.6780  -8.1783  -8.6785
 -9.1786  -9.6787 -10.1787 -10.6787 -11.1787 -11.6787 -12.1788 -12.6789 -13.1788
-42.0000  -0.7822  -0.7822  -0.7821  -0.7820  -0.7816  -0.7809  -0.7795  -0.7785
 -0.7898  -0.8628  -1.0984  -1.5270  -2.0529  -2.5906  -3.1210  -3.6422  -4.1560
 -4.6645  -5.1697  -5.6731  -6.1751  -6.6762  -7.1770  -7.6774  -8.1777  -8.6779
 -9.1780  -9.6781 -10.1781 -10.6781 -11.1781 -11.6781 -12.1782 -12.6783 -13.1782
-41.0000  -0.7822  -0.7822  -0.7821  -0.7820  -0.7816  -0.7809  -0.7795  -0.7785
 -0.7898  -0.8628  -1.0984  -1.5270  -2.0529  -2.5906  -3.1210  -3.6422  -4.1560
 -4.6645  -5.1697  -5.6731  -6.1751  -6.6762  -7.1770  -7.6774  -8.1777  -8.6779
 -9.1780  -9.6781 -10.1781 -10.6781 -11.1781 -11.6781 -12.1782 -12.6783 -13.1782
-40.0000  -0.7822  -0.7822  -0.7821  -0.7820  -0.7816  -0.7809  -0.7795  -0.7785
 -0.7898  -0.8628  -1.0984  -1.5270  -2.0529  -2.5906  -3.1210  -3.6422  -4.1560
 -4.6645  -5.1697  -5.6731  -6.1751  -6.6762  -7.1770  -7.6774  -8.1777  -8.6779
 -9.1780  -9.6781 -10.1781 -10.6781 -11.1781 -11.6781 -12.1782 -12.6783 -13.1782
-40.0000  -0.7822  -0.7822  -0.7821  -0.7820  -0.7816  -0.7809  -0.7795  -0.7785
 -0.7898  -0.8628  -1.0984  -1.5270  -2.0529  -2.5906  -3.1210  -3.6422  -4.1560
 -4.6645  -5.1697  -5.6731  -6.1751  -6.6762  -7.1770  -7.6774  -8.1777  -8.6779
 -9.1780  -9.6781 -10.1781 -10.6781 -11.1781 -11.6781 -12.1782 -12.6783 -13.1782
-40.0000  -0.7822  -0.7822  -0.7821  -0.7820  -0.7816  -0.7809  -0.7795  -0.7785
 -0.7898  -0.8628  -1.0984  -1.5270  -2.0529  -2.5906  -3.1210  -3.6422  -4.1560
 -4.6645  -5.1697  -5.6731  -6.1751  -6.6762  -7.1770  -7.6774  -8.1777  -8.6779
 -9.1780  -9.6781 -10.1781 -10.6781 -11.1781 -11.6781 -12.1782 -12.6783 -13.1782
-40.0000  -0.7822  -0.7822  -0.7821  -0.7820  -0.7816  -0.7809  -0.7795  -0.7785
 -0.7898  -0.8628  -1.0984  -1.5270  -2.0529  -2.5906  -3.1210  -3.6422  -4.1560
 -4.6645  -5.1697  -5.6731  -6.1751  -6.6762  -7.1770  -7.6774  -8.1777  -8.6779
 -9.1780  -9.6781 -10.1781 -10.6781 -11.1781 -11.6781 -12.1782 -12.6783 -13.1782
-40.0000  -0.7827  -0.7827  -0.7826  -0.7825  -0.7821  -0.7814  -0.7800  -0.7790
 -0.7903  -0.8633  -1.0989  -1.5275  -2.0534  -2.5911  -3.1215  -3.6427  -4.1565
 -4.6650  -5.1702  -5.6736  -6.1756  -6.6767  -7.1775  -7.6779  -8.1782  -8.6784
 -9.1785  -9.6786 -10.1786 -10.6786 -11.1786 -11.6786 -12.1787 -12.6788 -13.1787
nl= 3 nu=12
  0.0000  -1.7716  -1.7716  -1.7716  -1.7716  -1.7716  -1.7716  -1.7716  -1.7717
 -1.7720  -1.7726  -1.7741  -1.7779  -1.7874  -1.8113  -1.8714  -2.0218  -2.3965
 -3.2960  -4.6167  -5.2185  -5.7409  -6.2524  -6.7609  -7.2676  -7.7758  -8.2924
 -8.8284  -9.5628 -10.0775 -10.5786 -11.0793 -11.5797 -12.0800 -12.5803 -13.0825
  0.0000  -1.9171  -1.9171  -1.9171  -1.9171  -1.9171  -1.9171  -1.9171  -1.9171
 -1.9173  -1.9176  -1.9183  -1.9203  -1.9251  -1.9373  -1.9679  -2.0447  -2.2373
 -2.7174  -3.8624  -5.1759  -5.7298  -6.2455  -6.7549  -7.2627  -7.7721  -8.2900
 -8.8268  -9.5608 -10.0764 -10.5781 -11.0792 -11.5799 -12.0803 -12.5807 -13.0833
  0.0000  -2.0639  -2.0639  -2.0639  -2.0639  -2.0639  -2.0639  -2.0639  -2.0639
 -2.0640  -2.0641  -2.0645  -2.0655  -2.0679  -2.0741  -2.0896  -2.1284  -2.2260
 -2.4706  -3.0811  -4.5141  -5.7065  -6.2378  -6.7486  -7.2563  -7.7662  -8.2851
 -8.8229  -9.5563 -10.0732 -10.5759 -11.0777 -11.5788 -12.0795 -12.5802 -13.0831
  0.0000  -2.2121  -2.2121  -2.2121  -2.2121  -2.2121  -2.2121  -2.2121  -2.2121
 -2.2121  -2.2122  -2.2124  -2.2129  -2.2141  -2.2172  -2.2250  -2.2446  -2.2937
 -2.4170  -2.7264  -3.4988  -5.2450  -6.2257  -6.7447  -7.2514  -7.7602  -8.2789
 -8.8174  -9.5497 -10.0684 -10.5725 -11.0754 -11.5772 -12.0784 -12.5796 -13.0832
  0.0000  -2.3530  -2.3530  -2.3530  -2.3530  -2.3530  -2.3530  -2.3530  -2.3530
 -2.3530  -2.3531  -2.3532  -2.3534  -2.3540  -2.3556  -2.3595  -2.3693  -2.3940
 -2.4559  -2.6114  -3.0015  -3.9758  -5.9917  -6.7328  -7.2427  -7.7486  -8.2651
 -8.8028  -9.5321 -10.0531 -10.5592 -11.0636 -11.5666 -12.0686 -12.5706 -13.0756
  0.0000  -2.5132  -2.5132  -2.5132  -2.5132  -2.5132  -2.5132  -2.5132  -2.5132
 -2.5132  -2.5133  -2.5133  -2.5134  -2.5137  -2.5145  -2.5165  -2.5214  -2.5337
 -2.5648  -2.6427  -2.8384  -3.3297  -4.5555  -6.6758  -7.2561  -7.7619  -8.2737
 -8.8078  -9.5318 -10.0540 -10.5624 -11.0689 -11.5734 -12.0767 -12.5800 -13.0860
  0.0000  -2.6632  -2.6632  -2.6632  -2.6632  -2.6632  -2.6632  -2.6632  -2.6632
 -2.6632  -2.6632  -2.6632  -2.6633  -2.6634  -2.6638  -2.6648  -2.6672  -2.6734
 -2.6890  -2.7280  -2.8260  -3.0721  -3.6900  -5.2287  -7.2425  -7.7690  -8.2785
 -8.8070  -9.5236 -10.0437 -10.5527 -11.0614 -11.5682 -12.0729 -12.5776 -13.0866
  0.0000  -1.4664  -1.4664  -1.4664  -1.4664  -1.4665  -1.4665  -1.4667  -1.4671
 -1.4681  -1.4707  -1.4771  -1.4932  -1.5337  -1.6347  -1.8849  -2.4784  -3.5161
 -4.2048  -4.7358  -5.2483  -5.7570  -6.2643  -6.7736  -7.2849  -7.8170  -8.4226
 -9.0774  -9.5789 -10.0799 -10.5805 -11.0809 -11.5811 -12.0813 -12.5815 -13.0813
  0.0000  -1.6002  -1.6002  -1.6002  -1.6002  -1.6002  -1.6002  -1.6003  -1.6005
 -1.6011  -1.6024  -1.6058  -1.6143  -1.6356  -1.6892  -1.8231  -2.1551  -2.9406
 -4.1118  -4.7227  -5.2420  -5.7509  -6.2583  -6.7682  -7.2806  -7.8136  -8.4196
 -9.0745  -9.5769 -10.0784 -10.5793 -11.0799 -11.5803 -12.0805 -12.5807 -13.0808
  0.0000  -1.7409  -1.7409  -1.7409  -1.7409  -1.7409  -1.7409  -1.7409  -1.7411
 -1.7413  -1.7420  -1.7438  -1.7482  -1.7592  -1.7869  -1.8563  -2.0302  -2.4621
 -3.4765  -4.6785  -5.2356  -5.7475  -6.2536  -6.7629  -7.2757  -7.8096  -8.4161
 -9.0710  -9.5746 -10.0770 -10.5785 -11.0795 -11.5801 -12.0805 -12.5809 -13.0811
  0.0000  -1.8853  -1.8853  -1.8853  -1.8853  -1.8853  -1.8854  -1.8854  -1.8854
 -1.8856  -1.8859  -1.8868  -1.8891  -1.8947  -1.9088  -1.9442  -2.0332  -2.2561
 -2.8104  -4.0916  -5.2157  -5.7458  -6.2518  -6.7587  -7.2702  -7.8041  -8.4105
 -9.0654  -9.5707 -10.0744 -10.5768 -11.0784 -11.5794 -12.0801 -12.5808 -13.0814
  0.0000  -2.0321  -2.0321  -2.0321  -2.0321  -2.0321  -2.0321  -2.0321  -2.0321
 -2.0322  -2.0323  -2.0328  -2.0339  -2.0368  -2.0439  -2.0618  -2.1069  -2.2199
 -2.5033  -3.2089  -4.7813  -5.7390  -6.2544  -6.7586  -7.2664  -7.7981  -8.4030
 -9.0569  -9.5645 -10.0700 -10.5738 -11.0764 -11.5781 -12.0791 -12.5801 -13.0816
  0.0000  -2.1812  -2.1812  -2.1812  -2.1812  -2.1812  -2.1812  -2.1812  -2.1812
 -2.1812  -2.1813  -2.1815  -2.1821  -2.1835  -2.1871  -2.1962  -2.2188  -2.2758
 -2.4188  -2.7774  -3.6704  -5.5058  -6.2572  -6.7658  -7.2692  -7.7958  -8.3966
 -9.0474  -9.5567 -10.0644 -10.5701 -11.0741 -11.5768 -12.0786 -12.5804 -13.0829
  0.0000  -2.3298  -2.3298  -2.3298  -2.3298  -2.3298  -2.3298  -2.3298  -2.3298
 -2.3298  -2.3299  -2.3300  -2.3303  -2.3310  -2.3328  -2.3373  -2.3487  -2.3773
 -2.4491  -2.6295  -3.0818  -4.2077  -6.1759  -6.7727  -7.2777  -7.7989  -8.3932
 -9.0376  -9.5462 -10.0552 -10.5632 -11.0692 -11.5732 -12.0760 -12.5788 -13.0826
  0.0000  -1.2056  -1.2056  -1.2056  -1.2056  -1.2057  -1.2060  -1.2065  -1.2080
 -1.2117  -1.2211  -1.2444  -1.3026  -1.4458  -1.7831  -2.4471  -3.1667  -3.7212
 -4.2404  -4.7506  -5.2584  -5.7656  -6.2797  -6.8045  -7.3869  -8.0757  -8.5778
 -9.0792  -9.5801 -10.0807 -10.5811 -11.0813 -11.5814 -12.0815 -12.5816 -13.0816
  0.0000  -1.3141  -1.3141  -1.3141  -1.3141  -1.3141  -1.3143  -1.3146  -1.3155
 -1.3176  -1.3230  -1.3364  -1.3702  -1.4543  -1.6614  -2.1465  -3.0131  -3.7038
 -4.2368  -4.7474  -5.2538  -5.7606  -6.2752  -6.8008  -7.3840  -8.0723  -8.5757
 -9.0778  -9.5791 -10.0800 -10.5805 -11.0809 -11.5811 -12.0812 -12.5813 -13.0814
  0.0000  -1.4364  -1.4364  -1.4364  -1.4364  -1.4364  -1.4365  -1.4367  -1.4371
 -1.4383  -1.4412  -1.4486  -1.4671  -1.5135  -1.6294  -1.9151  -2.5806  -3.6047
 -4.2282  -4.7461  -5.2509  -5.7557  -6.2696  -6.7956  -7.3790  -8.0673  -8.5718
 -9.0751  -9.5772 -10.0785 -10.5794 -11.0799 -11.5803 -12.0805 -12.5807 -13.0812
  0.0000  -1.5707  -1.5707  -1.5707  -1.5707  -1.5707  -1.5707  -1.5708  -1.5711
 -1.5717  -1.5733  -1.5772  -1.5870  -1.6116  -1.6733  -1.8276  -2.2088  -3.0888
 -4.1812  -4.7465  -5.2541  -5.7556  -6.2666  -6.7915  -7.3745  -8.0616  -8.5684
 -9.0730  -9.5763 -10.0784 -10.5798 -11.0806 -11.5812 -12.0816 -12.5820 -13.0827
  0.0000  -1.7085  -1.7085  -1.7085  -1.7085  -1.7085  -1.7085  -1.7086  -1.7087
 -1.7090  -1.7098  -1.7118  -1.7169  -1.7296  -1.7617  -1.8420  -2.0428  -2.5401
 -3.6688  -4.7256  -5.2570  -5.7579  -6.2642  -6.7852  -7.3658  -8.0504  -8.5591
 -9.0658  -9.5706 -10.0740 -10.5763 -11.0777 -11.5786 -12.0792 -12.5798 -13.0807
  0.0000  -1.8535  -1.8535  -1.8535  -1.8535  -1.8535  -1.8536  -1.8536  -1.8536
 -1.8538  -1.8542  -1.8552  -1.8578  -1.8643  -1.8807  -1.9217  -2.0247  -2.2826
 -2.9219  -4.3225  -5.2542  -5.7682  -6.2717  -6.7869  -7.3621  -8.0413  -8.5507
 -9.0593  -9.5663 -10.0713 -10.5748 -11.0771 -11.5786 -12.0795 -12.5804 -13.0820
  0.0000  -2.0003  -2.0003  -2.0003  -2.0003  -2.0003  -2.0003  -2.0003  -2.0003
 -2.0004  -2.0006  -2.0011  -2.0024  -2.0057  -2.0140  -2.0348  -2.0870  -2.2180
 -2.5462  -3.3602  -5.0142  -5.7725  -6.2837  -6.7952  -7.3638  -8.0353  -8.5412
 -9.0499  -9.5588 -10.0660 -10.5711 -11.0746 -11.5770 -12.0785 -12.5800 -13.0826
  0.0000  -1.0316  -1.0317  -1.0317  -1.0318  -1.0320  -1.0326  -1.0342  -1.0380
 -1.0477  -1.0718  -1.1313  -1.2732  -1.5829  -2.1067  -2.6821  -3.2160  -3.7339
 -4.2474  -4.7573  -5.2684  -5.7874  -6.3250  -7.0589  -7.5752  -8.0773  -8.5787
 -9.0795  -9.5800 -10.0804 -10.5806 -11.0807 -11.5808 -12.0809 -12.5810 -13.0811
  0.0000  -1.0956  -1.0956  -1.0956  -1.0957  -1.0959  -1.0963  -1.0973  -1.1000
 -1.1066  -1.1233  -1.1647  -1.2663  -1.5055  -1.9949  -2.6488  -3.2148  -3.7349
 -4.2458  -4.7537  -5.2643  -5.7838  -6.3220  -7.0555  -7.5726  -8.0757  -8.5777
 -9.0789  -9.5797 -10.0802 -10.5805 -11.0807 -11.5809 -12.0809 -12.5809 -13.0812
  0.0000  -1.1812  -1.1812  -1.1812  -1.1812  -1.1814  -1.1816  -1.1823  -1.1839
 -1.1881  -1.1986  -1.2248  -1.2900  -1.4499  -1.8215  -2.5146  -3.1991  -3.7373
 -4.2476  -4.7521  -5.2603  -5.7791  -6.3177  -7.0501  -7.5689  -8.0730  -8.5760
 -9.0779  -9.5791 -10.0798 -10.5803 -11.0806 -11.5808 -12.0810 -12.5812 -13.0814
  0.0000  -1.2861  -1.2861  -1.2861  -1.2861  -1.2862  -1.2864  -1.2867  -1.2877
 -1.2901  -1.2963  -1.3116  -1.3500  -1.4456  -1.6800  -2.2189  -3.0943  -3.7331
 -4.2527  -4.7545  -5.2584  -5.7744  -6.3121  -7.0420  -7.5626  -8.0686  -8.5728
 -9.0757  -9.5776 -10.0788 -10.5795 -11.0800 -11.5803 -12.0805 -12.5807 -13.0810
  0.0000  -1.4071  -1.4071  -1.4071  -1.4071  -1.4071  -1.4072  -1.4074  -1.4080
 -1.4093  -1.4127  -1.4212  -1.4424  -1.4957  -1.6284  -1.9543  -2.6945  -3.6778
 -4.2571  -4.7632  -5.2627  -5.7733  -6.3075  -7.0328  -7.5544  -8.0624  -8.5686
 -9.0728  -9.5758 -10.0777 -10.5789 -11.0797 -11.5802 -12.0805 -12.5808 -13.0813
  0.0000  -1.5404  -1.5404  -1.5404  -1.5404  -1.5405  -1.5405  -1.5406  -1.5409
 -1.5416  -1.5434  -1.5479  -1.5592  -1.5876  -1.6587  -1.8363  -2.2732  -3.2463
 -4.2365  -4.7749  -5.2752  -5.7802  -6.3082  -7.0263  -7.5462  -8.0553  -8.5634
 -9.0697  -9.5740 -10.0771 -10.5791 -11.0804 -11.5812 -12.0817 -12.5822 -13.0830
  0.0000  -1.6781  -1.6781  -1.6781  -1.6781  -1.6781  -1.6781  -1.6782  -1.6784
 -1.6787  -1.6797  -1.6820  -1.6879  -1.7026  -1.7396  -1.8323  -2.0642  -2.6354
 -3.8630  -4.7678  -5.2871  -5.7913  -6.3132  -7.0239  -7.5374  -8.0442  -8.5534
 -9.0617  -9.5681 -10.0724 -10.5755 -11.0776 -11.5788 -12.0797 -12.5806 -13.0817
  0.0000  -0.9607  -0.9607  -0.9607  -0.9609  -0.9613  -0.9623  -0.9648  -0.9711
 -0.9867  -1.0248  -1.1152  -1.3135  -1.6771  -2.1697  -2.6947  -3.2174  -3.7386
 -4.2567  -4.7735  -5.3091  -5.9164  -6.5718  -7.0752  -7.5773  -8.0787  -8.5795
 -9.0801  -9.5804 -10.0806 -10.5807 -11.0808 -11.5809 -12.0809 -12.5809 -13.0811
  0.0000  -0.9818  -0.9819  -0.9819  -0.9820  -0.9824  -0.9832  -0.9853  -0.9906
 -1.0038  -1.0365  -1.1155  -1.2961  -1.6518  -2.1631  -2.6995  -3.2210  -3.7377
 -4.2537  -4.7697  -5.3056  -5.9131  -6.5687  -7.0729  -7.5759  -8.0777  -8.5789
 -9.0797  -9.5802 -10.0805 -10.5806 -11.0808 -11.5808 -12.0809 -12.5810 -13.0808
  0.0000  -1.0181  -1.0181  -1.0182  -1.0183  -1.0185  -1.0192  -1.0208  -1.0249
 -1.0353  -1.0610  -1.1243  -1.2748  -1.5995  -2.1327  -2.7020  -3.2284  -3.7405
 -4.2522  -4.7660  -5.3012  -5.9084  -6.5637  -7.0695  -7.5735  -8.0762  -8.5779
 -9.0791  -9.5798 -10.0802 -10.5805 -11.0807 -11.5808 -12.0808 -12.5808 -13.0809
  0.0000  -1.0754  -1.0754  -1.0754  -1.0755  -1.0757  -1.0761  -1.0773  -1.0802
 -1.0875  -1.1058  -1.1514  -1.2627  -1.5225  -2.0378  -2.6843  -3.2365  -3.7483
 -4.2547  -4.7639  -5.2965  -5.9021  -6.5564  -7.0641  -7.5697  -8.0735  -8.5761
 -9.0778  -9.5789 -10.0796 -10.5800 -11.0803 -11.5805 -12.0806 -12.5807 -13.0809
  0.0000  -1.1570  -1.1570  -1.1571  -1.1571  -1.1572  -1.1575  -1.1583  -1.1601
 -1.1648  -1.1766  -1.2060  -1.2792  -1.4576  -1.8662  -2.5825  -3.2352  -3.7610
 -4.2649  -4.7679  -5.2952  -5.8968  -6.5481  -7.0573  -7.5649  -8.0704  -8.5743
 -9.0769  -9.5786 -10.0797 -10.5804 -11.0808 -11.5811 -12.0813 -12.5815 -13.0818
  0.0000  -1.2580  -1.2580  -1.2580  -1.2581  -1.2581  -1.2583  -1.2588  -1.2599
 -1.2626  -1.2696  -1.2870  -1.3307  -1.4393  -1.7039  -2.2985  -3.1661  -3.7667
 -4.2783  -4.7774  -5.2979  -5.8929  -6.5383  -7.0468  -7.5558  -8.0635  -8.5691
 -9.0730  -9.5757 -10.0774 -10.5785 -11.0792 -11.5796 -12.0799 -12.5802 -13.0806
  0.0000  -1.3782  -1.3782  -1.3782  -1.3782  -1.3782  -1.3783  -1.3786  -1.3792
 -1.3807  -1.3846  -1.3943  -1.4187  -1.4797  -1.6315  -2.0019  -2.8145  -3.7360
 -4.2909  -4.7948  -5.3108  -5.8991  -6.5361  -7.0396  -7.5478  -8.0569  -8.5647
 -9.0703  -9.5741 -10.0768 -10.5785 -11.0796 -11.5803 -12.0807 -12.5811 -13.0819
  0.0000  -0.9490  -0.9490  -0.9491  -0.9493  -0.9498  -0.9510  -0.9541  -0.9616
 -0.9794  -1.0210  -1.1177  -1.3237  -1.6840  -2.1653  -2.6894  -3.2177  -3.7515
 -4.2870  -4.8747  -5.5657  -6.0712  -6.5749  -7.0772  -7.5787  -8.0796  -8.5801
 -9.0805  -9.5807 -10.0808 -10.5809 -11.0810 -11.5810 -12.0810 -12.5810 -13.0810
  0.0000  -0.9519  -0.9519  -0.9520  -0.9522  -0.9526  -0.9538  -0.9566  -0.9635
 -0.9805  -1.0210  -1.1154  -1.3196  -1.6833  -2.1695  -2.6926  -3.2173  -3.7484
 -4.2833  -4.8710  -5.5614  -6.0682  -6.5726  -7.0756  -7.5775  -8.0787  -8.5794
 -9.0799  -9.5802 -10.0804 -10.5805 -11.0805 -11.5806 -12.0806 -12.5806 -13.0808
  0.0000  -0.9576  -0.9576  -0.9577  -0.9578  -0.9582  -0.9592  -0.9618  -0.9681
 -0.9838  -1.0221  -1.1127  -1.3126  -1.6809  -2.1779  -2.7021  -3.2217  -3.7473
 -4.2800  -4.8666  -5.5558  -6.0642  -6.5699  -7.0738  -7.5764  -8.0780  -8.5791
 -9.0797  -9.5801 -10.0804 -10.5806 -11.0807 -11.5808 -12.0808 -12.5808 -13.0810
  0.0000  -0.9717  -0.9718  -0.9718  -0.9719  -0.9723  -0.9732  -0.9754  -0.9809
 -0.9947  -1.0287  -1.1109  -1.2981  -1.6644  -2.1819  -2.7157  -3.2316  -3.7501
 -4.2780  -4.8616  -5.5480  -6.0579  -6.5653  -7.0706  -7.5742  -8.0766  -8.5782
 -9.0792  -9.5798 -10.0802 -10.5804 -11.0806 -11.5807 -12.0808 -12.5809 -13.0810
  0.0000  -1.0019  -1.0019  -1.0019  -1.0020  -1.0023  -1.0030  -1.0048  -1.0092
 -1.0204  -1.0480  -1.1160  -1.2768  -1.6192  -2.1639  -2.7281  -3.2473  -3.7594
 -4.2803  -4.8585  -5.5398  -6.0495  -6.5585  -7.0657  -7.5708  -8.0744  -8.5767
 -9.0782  -9.5792 -10.0798 -10.5802 -11.0804 -11.5806 -12.0807 -12.5808 -13.0811
  0.0000  -1.0554  -1.0555  -1.0555  -1.0556  -1.0558  -1.0563  -1.0576  -1.0608
 -1.0688  -1.0890  -1.1391  -1.2613  -1.5432  -2.0843  -2.7233  -3.2650  -3.7765
 -4.2910  -4.8621  -5.5355  -6.0417  -6.5507  -7.0597  -7.5668  -8.0718  -8.5753
 -9.0777  -9.5792 -10.0801 -10.5807 -11.0811 -11.5813 -12.0815 -12.5817 -13.0818
  0.0000  -1.1322  -1.1322  -1.1322  -1.1323  -1.1324  -1.1327  -1.1336  -1.1357
 -1.1409  -1.1541  -1.1871  -1.2688  -1.4673  -1.9132  -2.6430  -3.2687  -3.7935
 -4.3069  -4.8724  -5.5383  -6.0359  -6.5413  -7.0504  -7.5592  -8.0662  -8.5712
 -9.0746  -9.5769 -10.0784 -10.5793 -11.0799 -11.5803 -12.0806 -12.5809 -13.0813
  0.0000  -0.9536  -0.9536  -0.9537  -0.9539  -0.9544  -0.9557  -0.9588  -0.9663
 -0.9834  -1.0233  -1.1171  -1.3182  -1.6736  -2.1560  -2.6893  -3.2320  -3.7953
 -4.5372  -5.0618  -5.5689  -6.0734  -6.5761  -7.0778  -7.5788  -8.0795  -8.5799
 -9.0801  -9.5803 -10.0804 -10.5805 -11.0805 -11.5805 -12.0805 -12.5805 -13.0805
  0.0000  -0.9549  -0.9549  -0.9550  -0.9552  -0.9558  -0.9571  -0.9603  -0.9678
 -0.9848  -1.0242  -1.1169  -1.3165  -1.6720  -2.1551  -2.6876  -3.2294  -3.7920
 -4.5333  -5.0587  -5.5667  -6.0716  -6.5750  -7.0770  -7.5783  -8.0791  -8.5795
 -9.0798  -9.5800 -10.0802 -10.5802 -11.0803 -11.5803 -12.0803 -12.5803 -13.0802
  0.0000  -0.9522  -0.9522  -0.9523  -0.9525  -0.9530  -0.9543  -0.9574  -0.9648
 -0.9821  -1.0219  -1.1156  -1.3180  -1.6783  -2.1633  -2.6921  -3.2297  -3.7892
 -4.5280  -5.0542  -5.5635  -6.0696  -6.5737  -7.0763  -7.5780  -8.0790  -8.5797
 -9.0801  -9.5803 -10.0805 -10.5806 -11.0807 -11.5807 -12.0807 -12.5807 -13.0807
  0.0000  -0.9482  -0.9482  -0.9483  -0.9484  -0.9489  -0.9501  -0.9530  -0.9601
 -0.9772  -1.0176  -1.1120  -1.3179  -1.6868  -2.1774  -2.7026  -3.2334  -3.7870
 -4.5211  -5.0470  -5.5577  -6.0654  -6.5706  -7.0742  -7.5765  -8.0779  -8.5789
 -9.0795  -9.5798 -10.0801 -10.5802 -11.0803 -11.5804 -12.0804 -12.5804 -13.0806
  0.0000  -0.9483  -0.9483  -0.9484  -0.9485  -0.9490  -0.9500  -0.9527  -0.9592
 -0.9755  -1.0149  -1.1080  -1.3138  -1.6920  -2.1953  -2.7205  -3.2443  -3.7893
 -4.5165  -5.0395  -5.5503  -6.0597  -6.5667  -7.0714  -7.5748  -8.0770  -8.5784
 -9.0793  -9.5798 -10.0802 -10.5804 -11.0805 -11.5806 -12.0807 -12.5808 -13.0809
  0.0000  -0.9580  -0.9581  -0.9581  -0.9583  -0.9586  -0.9596  -0.9619  -0.9677
 -0.9823  -1.0181  -1.1045  -1.3008  -1.6810  -2.2067  -2.7417  -3.2620  -3.7982
 -4.5181  -5.0335  -5.5417  -6.0515  -6.5604  -7.0671  -7.5716  -8.0749  -8.5770
 -9.0783  -9.5792 -10.0797 -10.5801 -11.0803 -11.5804 -12.0805 -12.5806 -13.0807
  0.0000  -0.9863  -0.9863  -0.9864  -0.9865  -0.9868  -0.9875  -0.9894  -0.9942
 -1.0061  -1.0358  -1.1086  -1.2800  -1.6399  -2.1947  -2.7589  -3.2841  -3.8156
 -4.5319  -5.0357  -5.5365  -6.0442  -6.5538  -7.0622  -7.5686  -8.0730  -8.5761
 -9.0782  -9.5794 -10.0803 -10.5808 -11.0811 -11.5813 -12.0814 -12.5815 -13.0817
  0.0000  -0.9544  -0.9545  -0.9545  -0.9547  -0.9551  -0.9562  -0.9590  -0.9659
 -0.9822  -1.0207  -1.1117  -1.3099  -1.6664  -2.1573  -2.7159  -3.3634  -4.0371
 -4.5548  -5.0650  -5.5709  -6.0748  -6.5770  -7.0784  -7.5792  -8.0797  -8.5800
 -9.0802  -9.5804 -10.0804 -10.5805 -11.0805 -11.5805 -12.0805 -12.5805 -13.0805
  0.0000  -0.9625  -0.9625  -0.9626  -0.9628  -0.9632  -0.9644  -0.9672  -0.9740
 -0.9896  -1.0262  -1.1134  -1.3049  -1.6566  -2.1487  -2.7106  -3.3605  -4.0355
 -4.5537  -5.0644  -5.5707  -6.0747  -6.5771  -7.0785  -7.5794  -8.0799  -8.5803
 -9.0805  -9.5806 -10.0807 -10.5808 -11.0808 -11.5808 -12.0808 -12.5808 -13.0808
  0.0000  -0.9603  -0.9603  -0.9604  -0.9606  -0.9612  -0.9625  -0.9656  -0.9727
 -0.9886  -1.0256  -1.1137  -1.3062  -1.6583  -2.1496  -2.7095  -3.3385  -4.0309
 -4.5498  -5.0616  -5.5688  -6.0733  -6.5762  -7.0780  -7.5790  -8.0797  -8.5802
 -9.0804  -9.5806 -10.0807 -10.5808 -11.0808 -11.5808 -12.0808 -12.5808 -13.0808
  0.0000  -0.9531  -0.9531  -0.9532  -0.9535  -0.9541  -0.9555  -0.9590  -0.9666
 -0.9832  -1.0213  -1.1124  -1.3104  -1.6682  -2.1595  -2.7143  -3.3375  -4.0253
 -4.5442  -5.0571  -5.5657  -6.0712  -6.5749  -7.0772  -7.5787  -8.0796  -8.5802
 -9.0806  -9.5808 -10.0809 -10.5810 -11.0811 -11.5811 -12.0811 -12.5811 -13.0811
  0.0000  -0.9437  -0.9437  -0.9438  -0.9440  -0.9446  -0.9460  -0.9494  -0.9572
 -0.9746  -1.0144  -1.1091  -1.3149  -1.6831  -2.1773  -2.7261  -3.3411  -4.0206
 -4.5369  -5.0503  -5.5604  -6.0676  -6.5722  -7.0755  -7.5776  -8.0789  -8.5798
 -9.0803  -9.5806 -10.0808 -10.5809 -11.0810 -11.5811 -12.0811 -12.5811 -13.0813
  0.0000  -0.9361  -0.9362  -0.9363  -0.9365  -0.9369  -0.9382  -0.9413  -0.9487
 -0.9664  -1.0076  -1.1046  -1.3169  -1.6975  -2.1997  -2.7454  -3.3526  -4.0214
 -4.5308  -5.0422  -5.5532  -6.0621  -6.5686  -7.0728  -7.5759  -8.0778  -8.5791
 -9.0798  -9.5803 -10.0806 -10.5808 -11.0810 -11.5810 -12.0811 -12.5812 -13.0811
  0.0000  -0.9352  -0.9353  -0.9353  -0.9355  -0.9359  -0.9370  -0.9398  -0.9467
 -0.9635  -1.0043  -1.1005  -1.3133  -1.7039  -2.2203  -2.7692  -3.3728  -4.0322
 -4.5303  -5.0359  -5.5455  -6.0556  -6.5638  -7.0697  -7.5737  -8.0766  -8.5784
 -9.0795  -9.5802 -10.0807 -10.5810 -11.0812 -11.5813 -12.0813 -12.5813 -13.0814
 -6.0000  -0.9136  -0.9137  -0.9139  -0.9147  -0.9164  -0.9202  -0.9269  -0.9360
 -0.9516  -0.9926  -1.0933  -1.3121  -1.7028  -2.2562  -2.9633  -3.5140  -4.0222
 -4.5335  -5.0456  -5.5563  -6.0645  -6.5701  -7.0739  -7.5765  -8.0782  -8.5792
 -9.0798  -9.5803 -10.0805 -10.5807 -11.0808 -11.5809 -12.0809 -12.5809 -13.0811
 -5.0000  -0.9139  -0.9141  -0.9143  -0.9150  -0.9167  -0.9204  -0.9270  -0.9361
 -0.9517  -0.9928  -1.0934  -1.3122  -1.7028  -2.2563  -2.9633  -3.5141  -4.0223
 -4.5336  -5.0457  -5.5564  -6.0646  -6.5702  -7.0740  -7.5766  -8.0783  -8.5793
 -9.0799  -9.5804 -10.0806 -10.5808 -11.0809 -11.5810 -12.0810 -12.5810 -13.0812
 -4.0000  -0.9145  -0.9146  -0.9149  -0.9155  -0.9171  -0.9205  -0.9269  -0.9361
 -0.9519  -0.9929  -1.0934  -1.3121  -1.7027  -2.2562  -2.9633  -3.5141  -4.0223
 -4.5336  -5.0457  -5.5564  -6.0646  -6.5702  -7.0740  -7.5766  -8.0783  -8.5793
 -9.0799  -9.5804 -10.0806 -10.5808 -11.0809 -11.5810 -12.0810 -12.5810 -13.0812
 -3.0000  -0.9152  -0.9153  -0.9155  -0.9161  -0.9175  -0.9205  -0.9265  -0.9357
 -0.9518  -0.9927  -1.0931  -1.3115  -1.7020  -2.2556  -2.9628  -3.5137  -4.0220
 -4.5333  -5.0454  -5.5561  -6.0643  -6.5699  -7.0737  -7.5763  -8.0780  -8.5790
 -9.0796  -9.5801 -10.0803 -10.5805 -11.0806 -11.5807 -12.0807 -12.5807 -13.0809
 -2.0000  -0.9172  -0.9172  -0.9174  -0.9179  -0.9190  -0.9215  -0.9268  -0.9361
 -0.9526  -0.9934  -1.0934  -1.3114  -1.7017  -2.2554  -2.9628  -3.5140  -4.0223
 -4.5336  -5.0457  -5.5564  -6.0646  -6.5702  -7.0740  -7.5766  -8.0783  -8.5793
 -9.0799  -9.5804 -10.0806 -10.5808 -11.0809 -11.5810 -12.0810 -12.5810 -13.0812
 -1.0000  -0.9198  -0.9199  -0.9200  -0.9203  -0.9212  -0.9231  -0.9275  -0.9364
 -0.9536  -0.9941  -1.0934  -1.3106  -1.7004  -2.2545  -2.9623  -3.5140  -4.0223
 -4.5337  -5.0458  -5.5565  -6.0647  -6.5703  -7.0741  -7.5767  -8.0784  -8.5794
 -9.0800  -9.5805 -10.0807 -10.5809 -11.0810 -11.5811 -12.0811 -12.5811 -13.0813
  0.0000  -0.9233  -0.9233  -0.9234  -0.9236  -0.9242  -0.9257  -0.9293  -0.9374
 -0.9549  -0.9953  -1.0932  -1.3086  -1.6975  -2.2524  -2.9610  -3.5135  -4.0220
 -4.5334  -5.0456  -5.5563  -6.0645  -6.5701  -7.0739  -7.5765  -8.0782  -8.5792
 -9.0798  -9.5803 -10.0805 -10.5807 -11.0808 -11.5809 -12.0809 -12.5809 -13.0811
 -2.0000  -0.9337  -0.9337  -0.9338  -0.9339  -0.9342  -0.9350  -0.9371  -0.9425
 -0.9562  -0.9903  -1.0754  -1.2796  -1.7147  -2.3754  -2.9759  -3.5234  -4.0467
 -4.5599  -5.0674  -5.5721  -6.0747  -6.5763  -7.0773  -7.5779  -8.0783  -8.5785
 -9.0786  -9.5787 -10.0788 -10.5788 -11.0788 -11.5788 -12.0789 -12.5790 -13.0789
 -1.0000  -0.9337  -0.9337  -0.9338  -0.9339  -0.9342  -0.9350  -0.9371  -0.9425
 -0.9562  -0.9903  -1.0754  -1.2796  -1.7147  -2.3754  -2.9759  -3.5234  -4.0467
 -4.5599  -5.0674  -5.5721  -6.0747  -6.5763  -7.0773  -7.5779  -8.0783  -8.5785
 -9.0786  -9.5787 -10.0788 -10.5788 -11.0788 -11.5788 -12.0789 -12.5790 -13.0789
  0.0000  -0.9337  -0.9338  -0.9338  -0.9339  -0.9342  -0.9350  -0.9371  -0.9425
 -0.9562  -0.9903  -1.0754  -1.2796  -1.7146  -2.3753  -2.9759  -3.5234  -4.0467
 -4.5599  -5.0674  -5.5721  -6.0747  -6.5763  -7.0773  -7.5779  -8.0783  -8.5785
 -9.0786  -9.5787 -10.0788 -10.5788 -11.0788 -11.5788 -12.0789 -12.5790 -13.0789
  0.0000  -0.9326  -0.9326  -0.9327  -0.9328  -0.9331  -0.9339  -0.9361  -0.9417
 -0.9558  -0.9905  -1.0760  -1.2798  -1.7156  -2.3749  -2.9730  -3.5202  -4.0440
 -4.5580  -5.0661  -5.5710  -6.0740  -6.5758  -7.0769  -7.5776  -8.0780  -8.5782
 -9.0784  -9.5785 -10.0786 -10.5786 -11.0786 -11.5786 -12.0787 -12.5788 -13.0787
  1.0000  -0.9328  -0.9328  -0.9328  -0.9330  -0.9333  -0.9341  -0.9363  -0.9419
 -0.9559  -0.9906  -1.0761  -1.2799  -1.7155  -2.3748  -2.9730  -3.5203  -4.0441
 -4.5581  -5.0662  -5.5711  -6.0741  -6.5759  -7.0770  -7.5777  -8.0781  -8.5783
 -9.0785  -9.5786 -10.0787 -10.5787 -11.0787 -11.5787 -12.0788 -12.5789 -13.0788
  2.0000  -0.9329  -0.9329  -0.9329  -0.9331  -0.9334  -0.9342  -0.9364  -0.9420
 -0.9560  -0.9907  -1.0761  -1.2796  -1.7151  -2.3744  -2.9728  -3.5201  -4.0440
 -4.5580  -5.0661  -5.5710  -6.0740  -6.5758  -7.0769  -7.5776  -8.0780  -8.5782
 -9.0784  -9.5785 -10.0786 -10.5786 -11.0786 -11.5786 -12.0787 -12.5788 -13.0787
  3.0000  -0.9334  -0.9334  -0.9335  -0.9336  -0.9340  -0.9348  -0.9370  -0.9426
 -0.9565  -0.9911  -1.0763  -1.2796  -1.7145  -2.3740  -2.9729  -3.5203  -4.0442
 -4.5582  -5.0663  -5.5712  -6.0742  -6.5760  -7.0771  -7.5778  -8.0782  -8.5784
 -9.0786  -9.5787 -10.0788 -10.5788 -11.0788 -11.5788 -12.0789 -12.5790 -13.0789
 -2.0000  -0.8729  -0.8729  -0.8730  -0.8731  -0.8736  -0.8746  -0.8774  -0.8843
 -0.9017  -0.9454  -1.0566  -1.3375  -1.8686  -2.4504  -3.0053  -3.5359  -4.0544
 -4.5653  -5.0717  -5.5758  -6.0781  -6.5795  -7.0804  -7.5809  -8.0812  -8.5814
 -9.0816  -9.5816 -10.0817 -10.5817 -11.0817 -11.5817 -12.0818 -12.5819 -13.0818
 -1.0000  -0.8729  -0.8729  -0.8730  -0.8731  -0.8736  -0.8746  -0.8774  -0.8843
 -0.9017  -0.9454  -1.0566  -1.3375  -1.8686  -2.4504  -3.0053  -3.5359  -4.0544
 -4.5653  -5.0717  -5.5758  -6.0781  -6.5795  -7.0804  -7.5809  -8.0812  -8.5814
 -9.0816  -9.5816 -10.0817 -10.5817 -11.0817 -11.5817 -12.0818 -12.5819 -13.0818
  0.0000  -0.8732  -0.8732  -0.8733  -0.8734  -0.8739  -0.8749  -0.8777  -0.8846
 -0.9020  -0.9457  -1.0569  -1.3378  -1.8689  -2.4507  -3.0056  -3.5362  -4.0547
 -4.5656  -5.0720  -5.5761  -6.0784  -6.5798  -7.0807  -7.5812  -8.0815  -8.5817
 -9.0819  -9.5819 -10.0820 -10.5820 -11.0820 -11.5820 -12.0821 -12.5822 -13.0821
  0.0000  -0.8785  -0.8786  -0.8786  -0.8788  -0.8792  -0.8802  -0.8829  -0.8896
 -0.9065  -0.9488  -1.0557  -1.3299  -1.8632  -2.4494  -3.0060  -3.5370  -4.0553
 -4.5661  -5.0723  -5.5764  -6.0787  -6.5800  -7.0808  -7.5814  -8.0817  -8.5819
 -9.0820  -9.5820 -10.0821 -10.5821 -11.0821 -11.5821 -12.0822 -12.5823 -13.0822
  0.0000  -0.8650  -0.8651  -0.8651  -0.8653  -0.8658  -0.8670  -0.8700  -0.8776
 -0.8966  -0.9439  -1.0606  -1.3463  -1.8741  -2.4505  -3.0034  -3.5338  -4.0527
 -4.5643  -5.0711  -5.5755  -6.0781  -6.5797  -7.0806  -7.5812  -8.0816  -8.5818
 -9.0819  -9.5820 -10.0821 -10.5821 -11.0821 -11.5821 -12.0822 -12.5823 -13.0822
  0.0000  -0.8434  -0.8434  -0.8435  -0.8437  -0.8442  -0.8456  -0.8492  -0.8580
 -0.8800  -0.9346  -1.0677  -1.3762  -1.8963  -2.4553  -3.0005  -3.5289  -4.0482
 -4.5608  -5.0688  -5.5737  -6.0770  -6.5789  -7.0801  -7.5808  -8.0813  -8.5816
 -9.0818  -9.5819 -10.0819 -10.5820 -11.0820 -11.5820 -12.0820 -12.5820 -13.0820
  0.0000  -0.8208  -0.8208  -0.8209  -0.8212  -0.8218  -0.8234  -0.8274  -0.8373
 -0.8621  -0.9238  -1.0747  -1.4113  -1.9261  -2.4660  -3.0000  -3.5242  -4.0429
 -4.5565  -5.0657  -5.5716  -6.0755  -6.5780  -7.0795  -7.5805  -8.0811  -8.5814
 -9.0817  -9.5818 -10.0819 -10.5820 -11.0820 -11.5820 -12.0820 -12.5820 -13.0820
 -2.0000  -0.8190  -0.8191  -0.8191  -0.8193  -0.8196  -0.8206  -0.8231  -0.8297
 -0.8482  -0.9047  -1.0734  -1.4408  -1.9490  -2.4822  -3.0135  -3.5375  -4.0541
 -4.5651  -5.0720  -5.5763  -6.0791  -6.5808  -7.0818  -7.5824  -8.0828  -8.5831
 -9.0832  -9.5833 -10.0834 -10.5834 -11.0834 -11.5834 -12.0835 -12.5836 -13.0835
 -1.0000  -0.8190  -0.8191  -0.8191  -0.8193  -0.8196  -0.8206  -0.8231  -0.8297
 -0.8482  -0.9047  -1.0734  -1.4408  -1.9490  -2.4822  -3.0135  -3.5375  -4.0541
 -4.5651  -5.0720  -5.5763  -6.0791  -6.5808  -7.0818  -7.5824  -8.0828  -8.5831
 -9.0832  -9.5833 -10.0834 -10.5834 -11.0834 -11.5834 -12.0835 -12.5836 -13.0835
  0.0000  -0.8190  -0.8191  -0.8191  -0.8193  -0.8196  -0.8206  -0.8231  -0.8297
 -0.8482  -0.9047  -1.0734  -1.4408  -1.9490  -2.4822  -3.0135  -3.5375  -4.0541
 -4.5651  -5.0720  -5.5763  -6.0791  -6.5808  -7.0818  -7.5824  -8.0828  -8.5831
 -9.0832  -9.5833 -10.0834 -10.5834 -11.0834 -11.5834 -12.0835 -12.5836 -13.0835
  0.0000  -0.8824  -0.8824  -0.8824  -0.8823  -0.8821  -0.8818  -0.8809  -0.8797
 -0.8812  -0.9061  -1.0332  -1.3894  -1.9253  -2.4790  -3.0189  -3.5445  -4.0602
 -4.5695  -5.0751  -5.5785  -6.0804  -6.5816  -7.0823  -7.5828  -8.0830  -8.5832
 -9.0833  -9.5834 -10.0834 -10.5834 -11.0834 -11.5835 -12.0835 -12.5835 -13.0837
  0.0000  -0.8798  -0.8798  -0.8797  -0.8797  -0.8793  -0.8792  -0.8786  -0.8777
 -0.8800  -0.9062  -1.0346  -1.3914  -1.9262  -2.4791  -3.0187  -3.5443  -4.0600
 -4.5694  -5.0751  -5.5785  -6.0805  -6.5817  -7.0824  -7.5829  -8.0831  -8.5833
 -9.0834  -9.5835 -10.0835 -10.5835 -11.0835 -11.5836 -12.0836 -12.5836 -13.0838
  0.0000  -0.8520  -0.8520  -0.8520  -0.8521  -0.8522  -0.8525  -0.8534  -0.8561
 -0.8661  -0.9060  -1.0518  -1.4119  -1.9343  -2.4792  -3.0160  -3.5414  -4.0578
 -4.5679  -5.0739  -5.5778  -6.0801  -6.5815  -7.0823  -7.5828  -8.0832  -8.5833
 -9.0835  -9.5835 -10.0836 -10.5836 -11.0836 -11.5836 -12.0837 -12.5838 -13.0837
  0.0000  -0.8184  -0.8184  -0.8185  -0.8186  -0.8190  -0.8200  -0.8227  -0.8297
 -0.8488  -0.9057  -1.0741  -1.4397  -1.9473  -2.4810  -3.0131  -3.5376  -4.0545
 -4.5655  -5.0723  -5.5767  -6.0794  -6.5810  -7.0820  -7.5826  -8.0830  -8.5833
 -9.0834  -9.5835 -10.0836 -10.5836 -11.0836 -11.5836 -12.0837 -12.5838 -13.0837
 -3.0000  -0.8830  -0.8830  -0.8828  -0.8825  -0.8815  -0.8792  -0.8742  -0.8650
 -0.8582  -0.8882  -1.0512  -1.4186  -1.9319  -2.4720  -3.0064  -3.5304  -4.0459
 -4.5554  -5.0612  -5.5648  -6.0669  -6.5682  -7.0690  -7.5695  -8.0698  -8.5700
 -9.0701  -9.5702 -10.0702 -10.5702 -11.0702 -11.5702 -12.0703 -12.5704 -13.0703
 -2.0000  -0.8830  -0.8830  -0.8828  -0.8825  -0.8815  -0.8792  -0.8742  -0.8650
 -0.8582  -0.8882  -1.0512  -1.4186  -1.9319  -2.4720  -3.0064  -3.5304  -4.0459
 -4.5554  -5.0612  -5.5648  -6.0669  -6.5682  -7.0690  -7.5695  -8.0698  -8.5700
 -9.0701  -9.5702 -10.0702 -10.5702 -11.0702 -11.5702 -12.0703 -12.5704 -13.0703
 -1.0000  -0.8830  -0.8830  -0.8828  -0.8825  -0.8815  -0.8792  -0.8742  -0.8650
 -0.8582  -0.8882  -1.0512  -1.4186  -1.9319  -2.4720  -3.0064  -3.5304  -4.0459
 -4.5554  -5.0612  -5.5648  -6.0669  -6.5682  -7.0690  -7.5695  -8.0698  -8.5700
 -9.0701  -9.5702 -10.0702 -10.5702 -11.0702 -11.5702 -12.0703 -12.5704 -13.0703
  0.0000  -0.8829  -0.8829  -0.8827  -0.8824  -0.8814  -0.8791  -0.8741  -0.8649
 -0.8581  -0.8881  -1.0511  -1.4185  -1.9318  -2.4719  -3.0063  -3.5303  -4.0458
 -4.5553  -5.0611  -5.5647  -6.0668  -6.5681  -7.0689  -7.5694  -8.0697  -8.5699
 -9.0700  -9.5701 -10.0701 -10.5701 -11.0701 -11.5701 -12.0702 -12.5703 -13.0702
  0.0000  -0.9374  -0.9373  -0.9371  -0.9365  -0.9349  -0.9311  -0.9225  -0.9053
 -0.8824  -0.8845  -1.0183  -1.3894  -1.9221  -2.4731  -3.0108  -3.5348  -4.0493
 -4.5577  -5.0629  -5.5659  -6.0676  -6.5687  -7.0693  -7.5697  -8.0699  -8.5700
 -9.0701  -9.5702 -10.0702 -10.5702 -11.0702 -11.5703 -12.0703 -12.5703 -13.0705
  0.0000  -0.9316  -0.9315  -0.9312  -0.9306  -0.9291  -0.9254  -0.9170  -0.9005
 -0.8792  -0.8844  -1.0221  -1.3928  -1.9231  -2.4728  -3.0101  -3.5342  -4.0488
 -4.5574  -5.0626  -5.5657  -6.0675  -6.5685  -7.0692  -7.5696  -8.0698  -8.5699
 -9.0700  -9.5701 -10.0701 -10.5701 -11.0701 -11.5702 -12.0702 -12.5702 -13.0704
  0.0000  -0.9093  -0.9092  -0.9090  -0.9084  -0.9071  -0.9039  -0.8967  -0.8829
 -0.8679  -0.8853  -1.0363  -1.4055  -1.9271  -2.4721  -3.0080  -3.5321  -4.0472
 -4.5563  -5.0618  -5.5651  -6.0671  -6.5682  -7.0689  -7.5694  -8.0696  -8.5698
 -9.0699  -9.5700 -10.0700 -10.5700 -11.0700 -11.5701 -12.0701 -12.5701 -13.0703
-13.0000  -0.9093  -0.9092  -0.9090  -0.9084  -0.9071  -0.9039  -0.8967  -0.8829
 -0.8679  -0.8853  -1.0363  -1.4055  -1.9271  -2.4721  -3.0080  -3.5321  -4.0472
 -4.5563  -5.0618  -5.5651  -6.0671  -6.5682  -7.0689  -7.5694  -8.0696  -8.5698
 -9.0699  -9.5700 -10.0700 -10.5700 -11.0700 -11.5701 -12.0701 -12.5701 -13.0703
-12.0000  -0.9093  -0.9092  -0.9090  -0.9084  -0.9071  -0.9039  -0.8967  -0.8829
 -0.8679  -0.8853  -1.0363  -1.4055  -1.9271  -2.4721  -3.0080  -3.5321  -4.0472
 -4.5563  -5.0618  -5.5651  -6.0671  -6.5682  -7.0689  -7.5694  -8.0696  -8.5698
 -9.0699  -9.5700 -10.0700 -10.5700 -11.0700 -11.5701 -12.0701 -12.5701 -13.0703
-11.0000  -0.9093  -0.9092  -0.9090  -0.9084  -0.9071  -0.9039  -0.8967  -0.8829
 -0.8679  -0.8853  -1.0363  -1.4055  -1.9271  -2.4721  -3.0080  -3.5321  -4.0472
 -4.5563  -5.0618  -5.5651  -6.0671  -6.5682  -7.0689  -7.5694  -8.0696  -8.5698
 -9.0699  -9.5700 -10.0700 -10.5700 -11.0700 -11.5701 -12.0701 -12.5701 -13.0703
-10.0000  -0.9093  -0.9092  -0.9090  -0.9084  -0.9071  -0.9039  -0.8967  -0.8829
 -0.8679  -0.8853  -1.0363  -1.4055  -1.9271  -2.4721  -3.0080  -3.5321  -4.0472
 -4.5563  -5.0618  -5.5651  -6.0671  -6.5682  -7.0689  -7.5694  -8.0696  -8.5698
 -9.0699  -9.5700 -10.0700 -10.5700 -11.0700 -11.5701 -12.0701 -12.5701 -13.0703
-10.0000  -0.9093  -0.9092  -0.9090  -0.9084  -0.9071  -0.9039  -0.8967  -0.8829
 -0.8679  -0.8853  -1.0363  -1.4055  -1.9271  -2.4721  -3.0080  -3.5321  -4.0472
 -4.5563  -5.0618  -5.5651  -6.0671  -6.5682  -7.0689  -7.5694  -8.0696  -8.5698
 -9.0699  -9.5700 -10.0700 -10.5700 -11.0700 -11.5701 -12.0701 -12.5701 -13.0703
-10.0000  -0.9093  -0.9092  -0.9090  -0.9084  -0.9071  -0.9039  -0.8967  -0.8829
 -0.8679  -0.8853  -1.0363  -1.4055  -1.9271  -2.4721  -3.0080  -3.5321  -4.0472
 -4.5563  -5.0618  -5.5651  -6.0671  -6.5682  -7.0689  -7.5694  -8.0696  -8.5698
 -9.0699  -9.5700 -10.0700 -10.5700 -11.0700 -11.5701 -12.0701 -12.5701 -13.0703
-10.0000  -0.9093  -0.9092  -0.9090  -0.9084  -0.9071  -0.9039  -0.8967  -0.8829
 -0.8679  -0.8853  -1.0363  -1.4055  -1.9271  -2.4721  -3.0080  -3.5321  -4.0472
 -4.5563  -5.0618  -5.5651  -6.0671  -6.5682  -7.0689  -7.5694  -8.0696  -8.5698
 -9.0699  -9.5700 -10.0700 -10.5700 -11.0700 -11.5701 -12.0701 -12.5701 -13.0703
-23.0000  -0.9092  -0.9091  -0.9089  -0.9083  -0.9070  -0.9038  -0.8966  -0.8828
 -0.8678  -0.8852  -1.0362  -1.4054  -1.9270  -2.4720  -3.0079  -3.5320  -4.0471
 -4.5562  -5.0617  -5.5650  -6.0670  -6.5681  -7.0688  -7.5693  -8.0695  -8.5697
 -9.0698  -9.5699 -10.0699 -10.5699 -11.0699 -11.5700 -12.0700 -12.5700 -13.0702
-22.0000  -0.9092  -0.9091  -0.9089  -0.9083  -0.9070  -0.9038  -0.8966  -0.8828
 -0.8678  -0.8852  -1.0362  -1.4054  -1.9270  -2.4720  -3.0079  -3.5320  -4.0471
 -4.5562  -5.0617  -5.5650  -6.0670  -6.5681  -7.0688  -7.5693  -8.0695  -8.5697
 -9.0698  -9.5699 -10.0699 -10.5699 -11.0699 -11.5700 -12.0700 -12.5700 -13.0702
-21.0000  -0.9092  -0.9091  -0.9089  -0.9083  -0.9070  -0.9038  -0.8966  -0.8828
 -0.8678  -0.8852  -1.0362  -1.4054  -1.9270  -2.4720  -3.0079  -3.5320  -4.0471
 -4.5562  -5.0617  -5.5650  -6.0670  -6.5681  -7.0688  -7.5693  -8.0695  -8.5697
 -9.0698  -9.5699 -10.0699 -10.5699 -11.0699 -11.5700 -12.0700 -12.5700 -13.0702
-20.0000  -0.9092  -0.9091  -0.9089  -0.9083  -0.9070  -0.9038  -0.8966  -0.8828
 -0.8678  -0.8852  -1.0362  -1.4054  -1.9270  -2.4720  -3.0079  -3.5320  -4.0471
 -4.5562  -5.0617  -5.5650  -6.0670  -6.5681  -7.0688  -7.5693  -8.0695  -8.5697
 -9.0698  -9.5699 -10.0699 -10.5699 -11.0699 -11.5700 -12.0700 -12.5700 -13.0702
-20.0000  -0.9092  -0.9091  -0.9089  -0.9083  -0.9070  -0.9038  -0.8966  -0.8828
 -0.8678  -0.8852  -1.0362  -1.4054  -1.9270  -2.4720  -3.0079  -3.5320  -4.0471
 -4.5562  -5.0617  -5.5650  -6.0670  -6.5681  -7.0688  -7.5693  -8.0695  -8.5697
 -9.0698  -9.5699 -10.0699 -10.5699 -11.0699 -11.5700 -12.0700 -12.5700 -13.0702
-20.0000  -0.9093  -0.9092  -0.9090  -0.9084  -0.9071  -0.9039  -0.8967  -0.8829
 -0.8679  -0.8853  -1.0363  -1.4055  -1.9271  -2.4721  -3.0080  -3.5321  -4.0472
 -4.5563  -5.0618  -5.5651  -6.0671  -6.5682  -7.0689  -7.5694  -8.0696  -8.5698
 -9.0699  -9.5700 -10.0700 -10.5700 -11.0700 -11.5701 -12.0701 -12.5701 -13.0703
-20.0000  -0.9092  -0.9091  -0.9089  -0.9083  -0.9070  -0.9038  -0.8966  -0.8828
 -0.8678  -0.8852  -1.0362  -1.4054  -1.9270  -2.4720  -3.0079  -3.5320  -4.0471
 -4.5562  -5.0617  -5.5650  -6.0670  -6.5681  -7.0688  -7.5693  -8.0695  -8.5697
 -9.0698  -9.5699 -10.0699 -10.5699 -11.0699 -11.5700 -12.0700 -12.5700 -13.0702
-33.0000  -0.9087  -0.9086  -0.9084  -0.9078  -0.9065  -0.9033  -0.8961  -0.8823
 -0.8673  -0.8847  -1.0357  -1.4049  -1.9265  -2.4715  -3.0074  -3.5315  -4.0466
 -4.5557  -5.0612  -5.5645  -6.0665  -6.5676  -7.0683  -7.5688  -8.0690  -8.5692
 -9.0693  -9.5694 -10.0694 -10.5694 -11.0694 -11.5695 -12.0695 -12.5695 -13.0697
-32.0000  -0.9087  -0.9086  -0.9084  -0.9078  -0.9065  -0.9033  -0.8961  -0.8823
 -0.8673  -0.8847  -1.0357  -1.4049  -1.9265  -2.4715  -3.0074  -3.5315  -4.0466
 -4.5557  -5.0612  -5.5645  -6.0665  -6.5676  -7.0683  -7.5688  -8.0690  -8.5692
 -9.0693  -9.5694 -10.0694 -10.5694 -11.0694 -11.5695 -12.0695 -12.5695 -13.0697
-31.0000  -0.9087  -0.9086  -0.9084  -0.9078  -0.9065  -0.9033  -0.8961  -0.8823
 -0.8673  -0.8847  -1.0357  -1.4049  -1.9265  -2.4715  -3.0074  -3.5315  -4.0466
 -4.5557  -5.0612  -5.5645  -6.0665  -6.5676  -7.0683  -7.5688  -8.0690  -8.5692
 -9.0693  -9.5694 -10.0694 -10.5694 -11.0694 -11.5695 -12.0695 -12.5695 -13.0697
-30.0000  -0.9087  -0.9086  -0.9084  -0.9078  -0.9065  -0.9033  -0.8961  -0.8823
 -0.8673  -0.8847  -1.0357  -1.4049  -1.9265  -2.4715  -3.0074  -3.5315  -4.0466
 -4.5557  -5.0612  -5.5645  -6.0665  -6.5676  -7.0683  -7.5688  -8.0690  -8.5692
 -9.0693  -9.5694 -10.0694 -10.5694 -11.0694 -11.5695 -12.0695 -12.5695 -13.0697
-30.0000  -0.9087  -0.9086  -0.9084  -0.9078  -0.9065  -0.9033  -0.8961  -0.8823
 -0.8673  -0.8847  -1.0357  -1.4049  -1.9265  -2.4715  -3.0074  -3.5315  -4.0466
 -4.5557  -5.0612  -5.5645  -6.0665  -6.5676  -7.0683  -7.5688  -8.0690  -8.5692
 -9.0693  -9.5694 -10.0694 -10.5694 -11.0694 -11.5695 -12.0695 -12.5695 -13.0697
-30.0000  -0.9087  -0.9086  -0.9084  -0.9078  -0.9065  -0.9033  -0.8961  -0.8823
 -0.8673  -0.8847  -1.0357  -1.4049  -1.9265  -2.4715  -3.0074  -3.5315  -4.0466
 -4.5557  -5.0612  -5.5645  -6.0665  -6.5676  -7.0683  -7.5688  -8.0690  -8.5692
 -9.0693  -9.5694 -10.0694 -10.5694 -11.0694 -11.5695 -12.0695 -12.5695 -13.0697
-30.0000  -0.9093  -0.9092  -0.9090  -0.9084  -0.9071  -0.9039  -0.8967  -0.8829
 -0.8679  -0.8853  -1.0363  -1.4055  -1.9271  -2.4721  -3.0080  -3.5321  -4.0472
 -4.5563  -5.0618  -5.5651  -6.0671  -6.5682  -7.0689  -7.5694  -8.0696  -8.5698
 -9.0699  -9.5700 -10.0700 -10.5700 -11.0700 -11.5701 -12.0701 -12.5701 -13.0703
-43.0000  -0.9087  -0.9086  -0.9084  -0.9078  -0.9065  -0.9033  -0.8961  -0.8823
 -0.8673  -0.8847  -1.0357  -1.4049  -1.9265  -2.4715  -3.0074  -3.5315  -4.0466
 -4.5557  -5.0612  -5.5645  -6.0665  -6.5676  -7.0683  -7.5688  -8.0690  -8.5692
 -9.0693  -9.5694 -10.0694 -10.5694 -11.0694 -11.5695 -12.0695 -12.5695 -13.0697
-42.0000  -0.9087  -0.9086  -0.9084  -0.9078  -0.9065  -0.9033  -0.8961  -0.8823
 -0.8673  -0.8847  -1.0357  -1.4049  -1.9265  -2.4715  -3.0074  -3.5315  -4.0466
 -4.5557  -5.0612  -5.5645  -6.0665  -6.5676  -7.0683  -7.5688  -8.0690  -8.5692
 -9.0693  -9.5694 -10.0694 -10.5694 -11.0694 -11.5695 -12.0695 -12.5695 -13.0697
-41.0000  -0.9087  -0.9086  -0.9084  -0.9078  -0.9065  -0.9033  -0.8961  -0.8823
 -0.8673  -0.8847  -1.0357  -1.4049  -1.9265  -2.4715  -3.0074  -3.5315  -4.0466
 -4.5557  -5.0612  -5.5645  -6.0665  -6.5676  -7.0683  -7.5688  -8.0690  -8.5692
 -9.0693  -9.5694 -10.0694 -10.5694 -11.0694 -11.5695 -12.0695 -12.5695 -13.0697
-40.0000  -0.9087  -0.9086  -0.9084  -0.9078  -0.9065  -0.9033  -0.8961  -0.8823
 -0.8673  -0.8847  -1.0357  -1.4049  -1.9265  -2.4715  -3.0074  -3.5315  -4.0466
 -4.5557  -5.0612  -5.5645  -6.0665  -6.5676  -7.0683  -7.5688  -8.0690  -8.5692
 -9.0693  -9.5694 -10.0694 -10.5694 -11.0694 -11.5695 -12.0695 -12.5695 -13.0697
-40.0000  -0.9087  -0.9086  -0.9084  -0.9078  -0.9065  -0.9033  -0.8961  -0.8823
 -0.8673  -0.8847  -1.0357  -1.4049  -1.9265  -2.4715  -3.0074  -3.5315  -4.0466
 -4.5557  -5.0612  -5.5645  -6.0665  -6.5676  -7.0683  -7.5688  -8.0690  -8.5692
 -9.0693  -9.5694 -10.0694 -10.5694 -11.0694 -11.5695 -12.0695 -12.5695 -13.0697
-40.0000  -0.9087  -0.9086  -0.9084  -0.9078  -0.9065  -0.9033  -0.8961  -0.8823
 -0.8673  -0.8847  -1.0357  -1.4049  -1.9265  -2.4715  -3.0074  -3.5315  -4.0466
 -4.5557  -5.0612  -5.5645  -6.0665  -6.5676  -7.0683  -7.5688  -8.0690  -8.5692
 -9.0693  -9.5694 -10.0694 -10.5694 -11.0694 -11.5695 -12.0695 -12.5695 -13.0697
-40.0000  -0.9094  -0.9093  -0.9091  -0.9085  -0.9072  -0.9040  -0.8968  -0.8830
 -0.8680  -0.8854  -1.0364  -1.4056  -1.9272  -2.4722  -3.0081  -3.5322  -4.0473
 -4.5564  -5.0619  -5.5652  -6.0672  -6.5683  -7.0690  -7.5695  -8.0697  -8.5699
 -9.0700  -9.5701 -10.0701 -10.5701 -11.0701 -11.5702 -12.0702 -12.5702 -13.0704
nl= 3 nu=13
  0.0000  -1.7775  -1.7775  -1.7775  -1.7775  -1.7775  -1.7776  -1.7776  -1.7777
 -1.7779  -1.7785  -1.7801  -1.7839  -1.7935  -1.8176  -1.8780  -2.0293  -2.4052
 -3.2960  -4.5290  -5.1243  -5.6487  -6.1613  -6.6707  -7.1788  -7.6884  -8.2211
 -8.8084  -9.4842  -9.9857 -10.4866 -10.9872 -11.4876 -11.9878 -12.4880 -12.9901
  0.0000  -1.9157  -1.9157  -1.9157  -1.9157  -1.9157  -1.9157  -1.9157  -1.9158
 -1.9159  -1.9162  -1.9170  -1.9189  -1.9238  -1.9362  -1.9671  -2.0449  -2.2395
 -2.7238  -3.8609  -5.0760  -5.6298  -6.1475  -6.6587  -7.1682  -7.6792  -8.2129
 -8.8007  -9.4766  -9.9790 -10.4804 -10.9814 -11.4820 -11.9824 -12.4828 -12.9850
  0.0000  -2.0613  -2.0613  -2.0613  -2.0613  -2.0613  -2.0613  -2.0613  -2.0614
 -2.0614  -2.0616  -2.0620  -2.0630  -2.0654  -2.0717  -2.0874  -2.1268  -2.2259
 -2.4740  -3.0920  -4.5116  -5.6040  -6.1372  -6.6508  -7.1610  -7.6731  -8.2079
 -8.7964  -9.4720  -9.9758 -10.4781 -10.9797 -11.4806 -11.9813 -12.4820 -12.9843
  0.0000  -2.2103  -2.2103  -2.2103  -2.2103  -2.2103  -2.2103  -2.2103  -2.2103
 -2.2103  -2.2104  -2.2106  -2.2111  -2.2123  -2.2155  -2.2234  -2.2433  -2.2933
 -2.4187  -2.7331  -3.5167  -5.2301  -6.1240  -6.6459  -7.1563  -7.6681  -8.2032
 -8.7920  -9.4675  -9.9729 -10.4767 -10.9791 -11.4807 -11.9818 -12.4829 -12.9861
  0.0000  -2.3582  -2.3582  -2.3582  -2.3582  -2.3582  -2.3582  -2.3583  -2.3583
 -2.3583  -2.3583  -2.3584  -2.3587  -2.3593  -2.3609  -2.3649  -2.3748  -2.3999
 -2.4630  -2.6213  -3.0184  -4.0077  -5.9493  -6.6384  -7.1522  -7.6622  -8.1957
 -8.7836  -9.4579  -9.9658 -10.4713 -10.9752 -11.4779 -11.9796 -12.4813 -12.9858
  0.0000  -2.5079  -2.5079  -2.5079  -2.5079  -2.5079  -2.5079  -2.5079  -2.5079
 -2.5079  -2.5079  -2.5079  -2.5081  -2.5084  -2.5092  -2.5112  -2.5162  -2.5288
 -2.5604  -2.6398  -2.8392  -3.3395  -4.5849  -6.5856  -7.1520  -7.6620  -8.1918
 -8.7763  -9.4471  -9.9570 -10.4649 -10.9707 -11.4748 -11.9776 -12.4804 -12.9860
  0.0000  -2.6619  -2.6619  -2.6619  -2.6619  -2.6619  -2.6619  -2.6619  -2.6619
 -2.6619  -2.6619  -2.6619  -2.6620  -2.6621  -2.6625  -2.6635  -2.6660  -2.6723
 -2.6881  -2.7279  -2.8278  -3.0787  -3.7083  -5.2707  -7.1432  -7.6703  -8.1978
 -8.7770  -9.4416  -9.9508 -10.4600 -10.9682 -11.4743 -11.9784 -12.4825 -12.9905
  0.0000  -1.4726  -1.4726  -1.4726  -1.4726  -1.4727  -1.4727  -1.4729  -1.4733
 -1.4743  -1.4768  -1.4831  -1.4990  -1.5387  -1.6379  -1.8824  -2.4558  -3.4262
 -4.1001  -4.6343  -5.1489  -5.6595  -6.1682  -6.6788  -7.1998  -7.7550  -8.4765
 -8.9787  -9.4800  -9.9809 -10.4814 -10.9818 -11.4820 -11.9821 -12.4822 -12.9825
  0.0000  -1.6029  -1.6029  -1.6029  -1.6029  -1.6030  -1.6030  -1.6031  -1.6033
 -1.6038  -1.6052  -1.6085  -1.6170  -1.6383  -1.6916  -1.8249  -2.1542  -2.9218
 -4.0151  -4.6198  -5.1419  -5.6534  -6.1628  -6.6743  -7.1964  -7.7526  -8.4735
 -8.9769  -9.4789  -9.9802 -10.4811 -10.9816 -11.4820 -11.9822 -12.4824 -12.9831
  0.0000  -1.7405  -1.7405  -1.7405  -1.7405  -1.7405  -1.7405  -1.7406  -1.7407
 -1.7410  -1.7417  -1.7434  -1.7478  -1.7589  -1.7868  -1.8566  -2.0313  -2.4637
 -3.4610  -4.5761  -5.1327  -5.6477  -6.1569  -6.6684  -7.1914  -7.7482  -8.4687
 -8.9734  -9.4766  -9.9787 -10.4800 -10.9809 -11.4814 -11.9818 -12.4822 -12.9828
  0.0000  -1.8896  -1.8896  -1.8896  -1.8896  -1.8896  -1.8896  -1.8896  -1.8897
 -1.8898  -1.8902  -1.8911  -1.8934  -1.8990  -1.9133  -1.9492  -2.0391  -2.2643
 -2.8227  -4.0824  -5.1172  -5.6496  -6.1594  -6.6695  -7.1918  -7.7488  -8.4679
 -8.9748  -9.4794  -9.9827 -10.4849 -10.9862 -11.4871 -11.9877 -12.4883 -12.9894
  0.0000  -2.0294  -2.0294  -2.0294  -2.0294  -2.0294  -2.0294  -2.0294  -2.0294
 -2.0295  -2.0297  -2.0301  -2.0313  -2.0342  -2.0414  -2.0596  -2.1053  -2.2200
 -2.5074  -3.2207  -4.7559  -5.6343  -6.1530  -6.6612  -7.1807  -7.7361  -8.4520
 -8.9612  -9.4681  -9.9729 -10.4763 -10.9786 -11.4800 -11.9809 -12.4818 -12.9834
  0.0000  -2.1769  -2.1769  -2.1769  -2.1769  -2.1769  -2.1769  -2.1770  -2.1770
 -2.1770  -2.1771  -2.1773  -2.1779  -2.1794  -2.1830  -2.1922  -2.2153  -2.2732
 -2.4186  -2.7829  -3.6876  -5.4521  -6.1521  -6.6643  -7.1800  -7.7310  -8.4413
 -8.9514  -9.4601  -9.9672 -10.4723 -10.9758 -11.4782 -11.9797 -12.4812 -12.9839
  0.0000  -2.3275  -2.3275  -2.3275  -2.3275  -2.3275  -2.3275  -2.3275  -2.3275
 -2.3275  -2.3276  -2.3277  -2.3280  -2.3287  -2.3305  -2.3351  -2.3467  -2.3758
 -2.4490  -2.6325  -3.0928  -4.2345  -6.0916  -6.6709  -7.1874  -7.7334  -8.4361
 -8.9433  -9.4520  -9.9611 -10.4683 -10.9736 -11.4772 -11.9797 -12.4822 -12.9861
  0.0000  -1.2283  -1.2283  -1.2283  -1.2283  -1.2284  -1.2286  -1.2292  -1.2305
 -1.2340  -1.2426  -1.2642  -1.3181  -1.4501  -1.7591  -2.3640  -3.0544  -3.6142
 -4.1378  -4.6513  -5.1606  -5.6700  -6.1878  -6.7308  -7.3906  -7.9771  -8.4790
 -8.9803  -9.4811  -9.9816 -10.4819 -10.9821 -11.4822 -11.9823 -12.4824 -12.9825
  0.0000  -1.3279  -1.3279  -1.3280  -1.3280  -1.3280  -1.3282  -1.3285  -1.3293
 -1.3313  -1.3365  -1.3494  -1.3817  -1.4621  -1.6592  -2.1159  -2.9189  -3.5948
 -4.1324  -4.6470  -5.1556  -5.6652  -6.1838  -6.7275  -7.3875  -7.9744  -8.4773
 -8.9792  -9.4804  -9.9811 -10.4816 -10.9819 -11.4821 -11.9822 -12.4823 -12.9825
  0.0000  -1.4441  -1.4441  -1.4441  -1.4442  -1.4442  -1.4443  -1.4444  -1.4449
 -1.4460  -1.4489  -1.4562  -1.4743  -1.5198  -1.6331  -1.9113  -2.5497  -3.5045
 -4.1222  -4.6441  -5.1519  -5.6602  -6.1787  -6.7229  -7.3827  -7.9703  -8.4745
 -8.9774  -9.4792  -9.9804 -10.4811 -10.9816 -11.4819 -11.9821 -12.4823 -12.9826
  0.0000  -1.5722  -1.5722  -1.5722  -1.5722  -1.5723  -1.5723  -1.5724  -1.5726
 -1.5733  -1.5748  -1.5787  -1.5885  -1.6130  -1.6744  -1.8276  -2.2046  -3.0581
 -4.0753  -4.6402  -5.1508  -5.6567  -6.1732  -6.7167  -7.3754  -7.9638  -8.4698
 -8.9740  -9.4769  -9.9788 -10.4800 -10.9807 -11.4812 -11.9815 -12.4818 -12.9824
  0.0000  -1.7095  -1.7095  -1.7095  -1.7095  -1.7095  -1.7095  -1.7096  -1.7097
 -1.7100  -1.7108  -1.7129  -1.7180  -1.7308  -1.7629  -1.8436  -2.0452  -2.5419
 -3.6410  -4.6207  -5.1533  -5.6587  -6.1712  -6.7117  -7.3672  -7.9555  -8.4637
 -8.9699  -9.4741  -9.9771 -10.4791 -10.9803 -11.4811 -11.9816 -12.4821 -12.9830
  0.0000  -1.8514  -1.8514  -1.8514  -1.8514  -1.8514  -1.8515  -1.8515  -1.8515
 -1.8517  -1.8521  -1.8532  -1.8558  -1.8624  -1.8789  -1.9204  -2.0245  -2.2848
 -2.9275  -4.2864  -5.1475  -5.6647  -6.1745  -6.7098  -7.3596  -7.9452  -8.4545
 -8.9628  -9.4691  -9.9735 -10.4766 -10.9786 -11.4799 -11.9807 -12.4815 -12.9829
  0.0000  -1.9992  -1.9992  -1.9992  -1.9992  -1.9992  -1.9992  -1.9992  -1.9992
 -1.9993  -1.9995  -2.0001  -2.0014  -2.0047  -2.0131  -2.0342  -2.0871  -2.2200
 -2.5526  -3.3741  -4.9597  -5.6693  -6.1858  -6.7173  -7.3605  -7.9397  -8.4468
 -8.9560  -9.4644  -9.9710 -10.4754 -10.9786 -11.4807 -11.9820 -12.4833 -12.9855
  0.0000  -1.0801  -1.0801  -1.0802  -1.0803  -1.0805  -1.0810  -1.0822  -1.0854
 -1.0935  -1.1135  -1.1628  -1.2810  -1.5422  -2.0063  -2.5660  -3.1053  -3.6304
 -4.1478  -4.6609  -5.1742  -5.7094  -6.2981  -6.9741  -7.4772  -7.9791  -8.4804
 -8.9811  -9.4816  -9.9819 -10.4821 -10.9822 -11.4823 -11.9824 -12.4825 -12.9826
  0.0000  -1.1322  -1.1322  -1.1322  -1.1323  -1.1324  -1.1328  -1.1337  -1.1360
 -1.1419  -1.1564  -1.1927  -1.2817  -1.4908  -1.9219  -2.5336  -3.1023  -3.6295
 -4.1452  -4.6569  -5.1702  -5.7058  -6.2949  -6.9710  -7.4750  -7.9778  -8.4795
 -8.9806  -9.4813  -9.9818 -10.4821 -10.9822 -11.4824 -11.9824 -12.4824 -12.9828
  0.0000  -1.2077  -1.2077  -1.2078  -1.2078  -1.2079  -1.2081  -1.2087  -1.2103
 -1.2141  -1.2237  -1.2478  -1.3077  -1.4540  -1.7918  -2.4223  -3.0868  -3.6311
 -4.1467  -4.6556  -5.1673  -5.7027  -6.2918  -6.9675  -7.4731  -7.9770  -8.4796
 -8.9812  -9.4823  -9.9830 -10.4834 -10.9837 -11.4839 -11.9840 -12.4841 -12.9843
  0.0000  -1.3020  -1.3020  -1.3020  -1.3020  -1.3021  -1.3022  -1.3026  -1.3035
 -1.3058  -1.3117  -1.3263  -1.3628  -1.4538  -1.6756  -2.1796  -2.9913  -3.6237
 -4.1483  -4.6549  -5.1631  -5.6964  -6.2844  -6.9589  -7.4665  -7.9720  -8.4757
 -8.9783  -9.4800  -9.9810 -10.4817 -10.9821 -11.4824 -11.9826 -12.4828 -12.9831
  0.0000  -1.4209  -1.4209  -1.4209  -1.4209  -1.4210  -1.4211  -1.4213  -1.4218
 -1.4231  -1.4264  -1.4347  -1.4555  -1.5075  -1.6369  -1.9530  -2.6582  -3.5766
 -4.1553  -4.6660  -5.1700  -5.6987  -6.2835  -6.9547  -7.4641  -7.9715  -8.4771
 -8.9809  -9.4835  -9.9852 -10.4863 -10.9870 -11.4874 -11.9877 -12.4880 -12.9884
  0.0000  -1.5425  -1.5425  -1.5425  -1.5425  -1.5425  -1.5425  -1.5426  -1.5429
 -1.5436  -1.5454  -1.5499  -1.5611  -1.5893  -1.6600  -1.8361  -2.2667  -3.2026
 -4.1279  -4.6682  -5.1728  -5.6960  -6.2749  -6.9402  -7.4491  -7.9582  -8.4658
 -8.9714  -9.4753  -9.9780 -10.4797 -10.9808 -11.4815 -11.9820 -12.4825 -12.9832
  0.0000  -1.6780  -1.6780  -1.6780  -1.6780  -1.6780  -1.6781  -1.6781  -1.6783
 -1.6786  -1.6796  -1.6819  -1.6878  -1.7026  -1.7397  -1.8328  -2.0651  -2.6342
 -3.8158  -4.6613  -5.1834  -5.7054  -6.2784  -6.9359  -7.4401  -7.9481  -8.4573
 -8.9651  -9.4708  -9.9746 -10.4774 -10.9791 -11.4802 -11.9809 -12.4816 -12.9828
  0.0000  -1.0294  -1.0294  -1.0295  -1.0296  -1.0299  -1.0306  -1.0324  -1.0369
 -1.0482  -1.0762  -1.1441  -1.2986  -1.6014  -2.0572  -2.5793  -3.1087  -3.6375
 -4.1596  -4.6876  -5.2468  -5.9690  -6.4737  -6.9769  -7.4789  -7.9801  -8.4809
 -8.9814  -9.4817  -9.9819 -10.4820 -10.9821 -11.4822 -11.9822 -12.4822 -12.9824
  0.0000  -1.0431  -1.0431  -1.0431  -1.0432  -1.0435  -1.0441  -1.0457  -1.0498
 -1.0599  -1.0852  -1.1468  -1.2902  -1.5852  -2.0507  -2.5823  -3.1107  -3.6355
 -4.1563  -4.6838  -5.2433  -5.9649  -6.4710  -6.9749  -7.4776  -7.9793  -8.4804
 -8.9811  -9.4815  -9.9818 -10.4820 -10.9821 -11.4821 -11.9822 -12.4823 -12.9822
  0.0000  -1.0690  -1.0690  -1.0690  -1.0691  -1.0693  -1.0699  -1.0712  -1.0746
 -1.0830  -1.1041  -1.1561  -1.2802  -1.5524  -2.0264  -2.5835  -3.1166  -3.6367
 -4.1541  -4.6799  -5.2388  -5.9588  -6.4667  -6.9720  -7.4757  -7.9781  -8.4797
 -8.9806  -9.4813  -9.9817 -10.4819 -10.9821 -11.4822 -11.9822 -12.4822 -12.9823
  0.0000  -1.1162  -1.1162  -1.1162  -1.1163  -1.1164  -1.1168  -1.1178  -1.1204
 -1.1267  -1.1426  -1.1821  -1.2787  -1.5041  -1.9573  -2.5682  -3.1251  -3.6443
 -4.1570  -4.6788  -5.2356  -5.9527  -6.4621  -6.9693  -7.4743  -7.9779  -8.4802
 -8.9817  -9.4826  -9.9832 -10.4836 -10.9838 -11.4840 -11.9841 -12.4842 -12.9845
  0.0000  -1.1834  -1.1834  -1.1834  -1.1834  -1.1835  -1.1838  -1.1845  -1.1862
 -1.1905  -1.2012  -1.2281  -1.2948  -1.4570  -1.8262  -2.4791  -3.1203  -3.6523
 -4.1621  -4.6783  -5.2304  -5.9420  -6.4519  -6.9607  -7.4678  -7.9728  -8.4763
 -8.9786  -9.4801  -9.9810 -10.4816 -10.9820 -11.4822 -11.9824 -12.4826 -12.9827
  0.0000  -1.2812  -1.2812  -1.2812  -1.2812  -1.2813  -1.2815  -1.2819  -1.2829
 -1.2856  -1.2922  -1.3087  -1.3501  -1.4529  -1.7022  -2.2552  -3.0634  -3.6633
 -4.1800  -4.6921  -5.2376  -5.9419  -6.4487  -6.9575  -7.4663  -7.9734  -8.4784
 -8.9819  -9.4843  -9.9857 -10.4867 -10.9873 -11.4877 -11.9879 -12.4881 -12.9886
  0.0000  -1.3873  -1.3873  -1.3873  -1.3874  -1.3874  -1.3875  -1.3877  -1.3883
 -1.3898  -1.3936  -1.4031  -1.4268  -1.4862  -1.6337  -1.9915  -2.7602  -3.6274
 -4.1847  -4.7006  -5.2417  -5.9392  -6.4381  -6.9432  -7.4522  -7.9610  -8.4681
 -8.9731  -9.4765  -9.9789 -10.4804 -10.9813 -11.4819 -11.9823 -12.4827 -12.9833
  0.0000  -1.0261  -1.0261  -1.0261  -1.0262  -1.0265  -1.0272  -1.0289  -1.0334
 -1.0448  -1.0740  -1.1444  -1.3015  -1.6029  -2.0528  -2.5753  -3.1104  -3.6557
 -4.2105  -4.8763  -5.4675  -5.9729  -6.4766  -6.9788  -7.4802  -7.9810  -8.4816
 -8.9819  -9.4821  -9.9822 -10.4823 -10.9824 -11.4824 -11.9824 -12.4824 -12.9824
  0.0000  -1.0271  -1.0271  -1.0271  -1.0272  -1.0275  -1.0282  -1.0300  -1.0345
 -1.0458  -1.0744  -1.1438  -1.3001  -1.6025  -2.0553  -2.5773  -3.1096  -3.6524
 -4.2075  -4.8726  -5.4642  -5.9708  -6.4751  -6.9779  -7.4796  -7.9807  -8.4814
 -8.9818  -9.4821  -9.9823 -10.4824 -10.9824 -11.4825 -11.9825 -12.4825 -12.9827
  0.0000  -1.0277  -1.0277  -1.0278  -1.0279  -1.0282  -1.0289  -1.0307  -1.0351
 -1.0463  -1.0741  -1.1419  -1.2967  -1.6018  -2.0619  -2.5850  -3.1126  -3.6502
 -4.2037  -4.8671  -5.4588  -5.9670  -6.4723  -6.9760  -7.4784  -7.9799  -8.4808
 -8.9814  -9.4818  -9.9820 -10.4822 -10.9823 -11.4823 -11.9824 -12.4825 -12.9824
  0.0000  -1.0345  -1.0345  -1.0345  -1.0347  -1.0349  -1.0356  -1.0372  -1.0414
 -1.0519  -1.0779  -1.1415  -1.2895  -1.5929  -2.0662  -2.5972  -3.1210  -3.6515
 -4.2008  -4.8609  -5.4516  -5.9613  -6.4685  -6.9732  -7.4766  -7.9788  -8.4802
 -8.9810  -9.4816  -9.9819 -10.4822 -10.9823 -11.4824 -11.9825 -12.4826 -12.9827
  0.0000  -1.0559  -1.0559  -1.0559  -1.0560  -1.0562  -1.0568  -1.0582  -1.0618
 -1.0708  -1.0933  -1.1486  -1.2804  -1.5667  -2.0541  -2.6101  -3.1367  -3.6600
 -4.2031  -4.8573  -5.4448  -5.9551  -6.4640  -6.9706  -7.4751  -7.9784  -8.4805
 -8.9818  -9.4827  -9.9832 -10.4836 -10.9838 -11.4839 -11.9840 -12.4841 -12.9842
  0.0000  -1.0949  -1.0949  -1.0949  -1.0950  -1.0952  -1.0956  -1.0967  -1.0995
 -1.1064  -1.1238  -1.1669  -1.2721  -1.5154  -1.9921  -2.6031  -3.1509  -3.6724
 -4.2092  -4.8563  -5.4369  -5.9448  -6.4543  -6.9629  -7.4694  -7.9739  -8.4771
 -8.9792  -9.4805  -9.9813 -10.4818 -10.9822 -11.4824 -11.9825 -12.4826 -12.9828
  0.0000  -1.1604  -1.1604  -1.1604  -1.1605  -1.1606  -1.1609  -1.1617  -1.1636
 -1.1683  -1.1803  -1.2102  -1.2842  -1.4633  -1.8642  -2.5336  -3.1551  -3.6887
 -4.2242  -4.8665  -5.4378  -5.9384  -6.4457  -6.9551  -7.4636  -7.9699  -8.4743
 -8.9774  -9.4794  -9.9807 -10.4815 -10.9821 -11.4824 -11.9826 -12.4828 -12.9830
  0.0000  -1.0306  -1.0306  -1.0307  -1.0308  -1.0310  -1.0317  -1.0333  -1.0375
 -1.0483  -1.0760  -1.1432  -1.2958  -1.5935  -2.0449  -2.5779  -3.1367  -3.7627
 -4.4505  -4.9633  -5.4708  -5.9753  -6.4781  -6.9798  -7.4808  -7.9814  -8.4818
 -8.9820  -9.4822  -9.9823 -10.4823 -10.9824 -11.4824 -11.9824 -12.4824 -12.9823
  0.0000  -1.0332  -1.0332  -1.0332  -1.0333  -1.0336  -1.0342  -1.0357  -1.0398
 -1.0504  -1.0779  -1.1446  -1.2954  -1.5908  -2.0416  -2.5748  -3.1335  -3.7590
 -4.4472  -4.9609  -5.4692  -5.9741  -6.4774  -6.9793  -7.4805  -7.9812  -8.4817
 -8.9820  -9.4821  -9.9823 -10.4823 -10.9824 -11.4824 -11.9824 -12.4824 -12.9823
  0.0000  -1.0298  -1.0299  -1.0299  -1.0300  -1.0302  -1.0309  -1.0324  -1.0366
 -1.0474  -1.0754  -1.1434  -1.2967  -1.5956  -2.0476  -2.5779  -3.1330  -3.7551
 -4.4420  -4.9569  -5.4663  -5.9723  -6.4762  -6.9787  -7.4802  -7.9811  -8.4817
 -8.9821  -9.4823  -9.9825 -10.4826 -10.9826 -11.4827 -11.9827 -12.4827 -12.9829
  0.0000  -1.0231  -1.0232  -1.0232  -1.0233  -1.0236  -1.0243  -1.0260  -1.0303
 -1.0415  -1.0701  -1.1396  -1.2968  -1.6027  -2.0600  -2.5870  -3.1357  -3.7516
 -4.4349  -4.9501  -5.4611  -5.9685  -6.4734  -6.9768  -7.4789  -7.9802  -8.4810
 -8.9815  -9.4819  -9.9821 -10.4822 -10.9823 -11.4824 -11.9824 -12.4824 -12.9826
  0.0000  -1.0178  -1.0178  -1.0179  -1.0180  -1.0183  -1.0190  -1.0208  -1.0253
 -1.0367  -1.0652  -1.1350  -1.2943  -1.6080  -2.0759  -2.6031  -3.1448  -3.7515
 -4.4287  -4.9421  -5.4536  -5.9628  -6.4694  -6.9738  -7.4769  -7.9788  -8.4800
 -8.9808  -9.4813  -9.9816 -10.4818 -10.9819 -11.4820 -11.9821 -12.4822 -12.9823
  0.0000  -1.0206  -1.0207  -1.0207  -1.0208  -1.0211  -1.0218  -1.0235  -1.0279
 -1.0388  -1.0661  -1.1327  -1.2877  -1.6034  -2.0877  -2.6237  -3.1619  -3.7595
 -4.4283  -4.9355  -5.4456  -5.9558  -6.4643  -6.9704  -7.4745  -7.9775  -8.4793
 -8.9805  -9.4813  -9.9817 -10.4820 -10.9822 -11.4823 -11.9824 -12.4825 -12.9826
  0.0000  -1.0379  -1.0380  -1.0380  -1.0381  -1.0383  -1.0389  -1.0405  -1.0443
 -1.0539  -1.0778  -1.1365  -1.2763  -1.5775  -2.0783  -2.6393  -3.1826  -3.7754
 -4.4377  -4.9341  -5.4384  -5.9475  -6.4572  -6.9652  -7.4710  -7.9749  -8.4777
 -8.9795  -9.4806  -9.9813 -10.4818 -10.9821 -11.4822 -11.9824 -12.4826 -12.9826
-10.0000  -0.9871  -0.9869  -0.9866  -0.9857  -0.9837  -0.9801  -0.9761  -0.9791
 -0.9966  -1.0331  -1.1179  -1.3068  -1.6598  -2.1474  -2.6674  -3.1935  -3.7809
 -4.4404  -4.9346  -5.4387  -5.9476  -6.4572  -6.9652  -7.4710  -7.9749  -8.4777
 -8.9795  -9.4806  -9.9813 -10.4818 -10.9821 -11.4822 -11.9824 -12.4826 -12.9826
-10.0000  -0.9856  -0.9855  -0.9853  -0.9846  -0.9832  -0.9804  -0.9773  -0.9798
 -0.9967  -1.0333  -1.1180  -1.3067  -1.6595  -2.1472  -2.6673  -3.1934  -3.7809
 -4.4404  -4.9346  -5.4387  -5.9476  -6.4572  -6.9652  -7.4710  -7.9749  -8.4777
 -8.9795  -9.4806  -9.9813 -10.4818 -10.9821 -11.4822 -11.9824 -12.4826 -12.9826
-10.0000  -0.9838  -0.9837  -0.9836  -0.9832  -0.9824  -0.9808  -0.9789  -0.9813
 -0.9970  -1.0336  -1.1180  -1.3063  -1.6588  -2.1467  -2.6671  -3.1934  -3.7808
 -4.4404  -4.9346  -5.4387  -5.9476  -6.4572  -6.9652  -7.4710  -7.9749  -8.4777
 -8.9795  -9.4806  -9.9813 -10.4818 -10.9821 -11.4822 -11.9824 -12.4826 -12.9826
-10.0000  -0.9821  -0.9821  -0.9821  -0.9820  -0.9817  -0.9812  -0.9809  -0.9837
 -0.9978  -1.0342  -1.1181  -1.3056  -1.6576  -2.1458  -2.6668  -3.1932  -3.7808
 -4.4403  -4.9346  -5.4387  -5.9476  -6.4572  -6.9652  -7.4710  -7.9749  -8.4777
 -8.9795  -9.4806  -9.9813 -10.4818 -10.9821 -11.4822 -11.9824 -12.4826 -12.9826
-10.0000  -0.9818  -0.9818  -0.9818  -0.9819  -0.9820  -0.9823  -0.9833  -0.9871
 -1.0000  -1.0353  -1.1184  -1.3043  -1.6550  -2.1441  -2.6661  -3.1929  -3.7806
 -4.4403  -4.9346  -5.4387  -5.9476  -6.4572  -6.9652  -7.4710  -7.9749  -8.4777
 -8.9795  -9.4806  -9.9813 -10.4818 -10.9821 -11.4822 -11.9824 -12.4826 -12.9826
-10.0000  -0.9841  -0.9841  -0.9841  -0.9842  -0.9845  -0.9852  -0.9869  -0.9916
 -1.0042  -1.0377  -1.1190  -1.3015  -1.6499  -2.1404  -2.6645  -3.1922  -3.7802
 -4.4400  -4.9344  -5.4386  -5.9475  -6.4571  -6.9651  -7.4709  -7.9748  -8.4776
 -8.9794  -9.4805  -9.9812 -10.4817 -10.9820 -11.4821 -11.9823 -12.4825 -12.9825
-10.0000  -0.9918  -0.9918  -0.9919  -0.9920  -0.9923  -0.9931  -0.9950  -0.9999
 -1.0124  -1.0440  -1.1214  -1.2977  -1.6409  -2.1342  -2.6625  -3.1920  -3.7805
 -4.4406  -4.9353  -5.4394  -5.9484  -6.4580  -6.9660  -7.4718  -7.9757  -8.4785
 -8.9803  -9.4814  -9.9821 -10.4826 -10.9829 -11.4830 -11.9832 -12.4834 -12.9834
 -1.0000  -1.0182  -1.0182  -1.0183  -1.0184  -1.0186  -1.0192  -1.0208  -1.0247
 -1.0344  -1.0588  -1.1198  -1.2657  -1.5771  -2.1220  -2.8191  -3.4102  -3.9413
 -4.4584  -4.9680  -5.4736  -5.9770  -6.4789  -6.9801  -7.4808  -7.9812  -8.4815
 -8.9817  -9.4818  -9.9818 -10.4819 -10.9819 -11.4819 -11.9819 -12.4819 -12.9819
  0.0000  -1.0183  -1.0183  -1.0183  -1.0184  -1.0187  -1.0193  -1.0209  -1.0248
 -1.0345  -1.0589  -1.1198  -1.2657  -1.5770  -2.1220  -2.8190  -3.4102  -3.9413
 -4.4584  -4.9680  -5.4736  -5.9770  -6.4789  -6.9801  -7.4808  -7.9812  -8.4815
 -8.9817  -9.4818  -9.9818 -10.4819 -10.9819 -11.4819 -11.9819 -12.4819 -12.9819
  0.0000  -1.0239  -1.0239  -1.0239  -1.0240  -1.0243  -1.0249  -1.0264  -1.0302
 -1.0397  -1.0636  -1.1228  -1.2642  -1.5686  -2.1129  -2.8149  -3.4079  -3.9398
 -4.4575  -4.9674  -5.4732  -5.9767  -6.4788  -6.9800  -7.4807  -7.9812  -8.4815
 -8.9817  -9.4818  -9.9818 -10.4819 -10.9819 -11.4819 -11.9819 -12.4819 -12.9819
  0.0000  -1.0201  -1.0201  -1.0201  -1.0202  -1.0205  -1.0211  -1.0226  -1.0265
 -1.0364  -1.0615  -1.1225  -1.2664  -1.5716  -2.1164  -2.8138  -3.4033  -3.9355
 -4.4541  -4.9650  -5.4714  -5.9756  -6.4780  -6.9795  -7.4804  -7.9809  -8.4813
 -8.9815  -9.4816  -9.9817 -10.4818 -10.9818 -11.4818 -11.9818 -12.4818 -12.9818
  0.0000  -1.0107  -1.0107  -1.0108  -1.0108  -1.0110  -1.0116  -1.0130  -1.0170
 -1.0277  -1.0548  -1.1194  -1.2701  -1.5827  -2.1323  -2.8191  -3.3991  -3.9293
 -4.4487  -4.9610  -5.4687  -5.9736  -6.4767  -6.9787  -7.4799  -7.9806  -8.4811
 -8.9814  -9.4815  -9.9817 -10.4817 -10.9818 -11.4818 -11.9818 -12.4818 -12.9817
  1.0000  -1.0113  -1.0114  -1.0114  -1.0115  -1.0117  -1.0123  -1.0138  -1.0178
 -1.0284  -1.0553  -1.1198  -1.2699  -1.5820  -2.1314  -2.8186  -3.3990  -3.9294
 -4.4488  -4.9611  -5.4688  -5.9737  -6.4768  -6.9788  -7.4800  -7.9807  -8.4812
 -8.9815  -9.4816  -9.9818 -10.4818 -10.9819 -11.4819 -11.9819 -12.4819 -12.9818
  2.0000  -1.0124  -1.0125  -1.0125  -1.0126  -1.0128  -1.0135  -1.0150  -1.0191
 -1.0296  -1.0561  -1.1202  -1.2693  -1.5803  -2.1293  -2.8175  -3.3987  -3.9292
 -4.4486  -4.9610  -5.4687  -5.9736  -6.4767  -6.9787  -7.4799  -7.9806  -8.4811
 -8.9814  -9.4815  -9.9817 -10.4817 -10.9818 -11.4818 -11.9818 -12.4818 -12.9817
 -1.0000  -0.9578  -0.9578  -0.9578  -0.9580  -0.9583  -0.9590  -0.9609  -0.9656
 -0.9774  -1.0078  -1.0843  -1.2728  -1.6869  -2.2957  -2.8797  -3.4206  -3.9449
 -4.4595  -4.9681  -5.4733  -5.9765  -6.4784  -6.9796  -7.4803  -7.9807  -8.4810
 -8.9812  -9.4813  -9.9813 -10.4814 -10.9814 -11.4814 -11.9814 -12.4814 -12.9814
  0.0000  -0.9584  -0.9584  -0.9585  -0.9586  -0.9589  -0.9596  -0.9615  -0.9662
 -0.9780  -1.0084  -1.0849  -1.2734  -1.6875  -2.2963  -2.8803  -3.4212  -3.9455
 -4.4601  -4.9687  -5.4739  -5.9771  -6.4790  -6.9802  -7.4809  -7.9813  -8.4816
 -8.9818  -9.4819  -9.9819 -10.4820 -10.9820 -11.4820 -11.9820 -12.4820 -12.9820
  0.0000  -0.9762  -0.9763  -0.9763  -0.9764  -0.9767  -0.9773  -0.9790  -0.9831
 -0.9937  -1.0203  -1.0885  -1.2603  -1.6588  -2.2845  -2.8757  -3.4240  -3.9486
 -4.4625  -4.9704  -5.4752  -5.9780  -6.4796  -6.9806  -7.4812  -7.9816  -8.4818
 -8.9819  -9.4820  -9.9821 -10.4821 -10.9821 -11.4821 -11.9821 -12.4821 -12.9821
  0.0000  -0.9741  -0.9741  -0.9741  -0.9742  -0.9745  -0.9752  -0.9770  -0.9812
 -0.9921  -1.0195  -1.0889  -1.2619  -1.6610  -2.2841  -2.8737  -3.4219  -3.9469
 -4.4613  -4.9695  -5.4746  -5.9775  -6.4793  -6.9804  -7.4810  -7.9814  -8.4816
 -8.9818  -9.4819  -9.9819 -10.4820 -10.9820 -11.4820 -11.9820 -12.4820 -12.9820
  0.0000  -0.9621  -0.9621  -0.9621  -0.9623  -0.9625  -0.9633  -0.9652  -0.9700
 -0.9817  -1.0116  -1.0863  -1.2701  -1.6822  -2.2921  -2.8718  -3.4174  -3.9426
 -4.4579  -4.9672  -5.4728  -5.9764  -6.4786  -6.9798  -7.4806  -7.9811  -8.4814
 -8.9816  -9.4817  -9.9818 -10.4819 -10.9819 -11.4819 -11.9819 -12.4819 -12.9819
  0.0000  -0.9455  -0.9455  -0.9455  -0.9457  -0.9460  -0.9468  -0.9489  -0.9540
 -0.9670  -0.9998  -1.0814  -1.2814  -1.7169  -2.3096  -2.8733  -3.4125  -3.9367
 -4.4530  -4.9636  -5.4704  -5.9747  -6.4775  -6.9792  -7.4802  -7.9809  -8.4813
 -8.9815  -9.4817  -9.9818 -10.4818 -10.9819 -11.4819 -11.9819 -12.4819 -12.9818
  1.0000  -0.9459  -0.9459  -0.9460  -0.9461  -0.9465  -0.9473  -0.9494  -0.9545
 -0.9674  -1.0001  -1.0815  -1.2813  -1.7162  -2.3093  -2.8732  -3.4126  -3.9368
 -4.4531  -4.9637  -5.4705  -5.9748  -6.4776  -6.9793  -7.4803  -7.9810  -8.4814
 -8.9816  -9.4818  -9.9819 -10.4819 -10.9820 -11.4820 -11.9820 -12.4820 -12.9819
 -1.0000  -0.8346  -0.8346  -0.8347  -0.8350  -0.8356  -0.8372  -0.8413  -0.8513
 -0.8763  -0.9380  -1.0856  -1.4031  -1.8751  -2.3928  -2.9089  -3.4252  -3.9405
 -4.4535  -4.9635  -5.4705  -5.9753  -6.4783  -6.9804  -7.4816  -7.9824  -8.4829
 -8.9832  -9.4834  -9.9835 -10.4836 -10.9837 -11.4837 -11.9837 -12.4837 -12.9837
  0.0000  -0.8346  -0.8346  -0.8347  -0.8350  -0.8356  -0.8372  -0.8413  -0.8513
 -0.8763  -0.9380  -1.0856  -1.4031  -1.8751  -2.3928  -2.9089  -3.4252  -3.9405
 -4.4535  -4.9635  -5.4705  -5.9753  -6.4783  -6.9804  -7.4816  -7.9824  -8.4829
 -8.9832  -9.4834  -9.9835 -10.4836 -10.9837 -11.4837 -11.9837 -12.4837 -12.9837
  0.0000  -0.9318  -0.9318  -0.9319  -0.9320  -0.9322  -0.9328  -0.9343  -0.9381
 -0.9480  -0.9752  -1.0566  -1.2997  -1.7851  -2.3543  -2.9035  -3.4355  -3.9553
 -4.4672  -4.9741  -5.4786  -5.9811  -6.4827  -6.9836  -7.4841  -7.9845  -8.4847
 -8.9848  -9.4849  -9.9850 -10.4850 -10.9850 -11.4850 -11.9850 -12.4850 -12.9850
  0.0000  -0.9472  -0.9472  -0.9472  -0.9473  -0.9475  -0.9479  -0.9490  -0.9518
 -0.9592  -0.9810  -1.0523  -1.2846  -1.7749  -2.3527  -2.9051  -3.4376  -3.9571
 -4.4685  -4.9751  -5.4793  -5.9816  -6.4830  -6.9838  -7.4843  -7.9847  -8.4848
 -8.9850  -9.4850  -9.9851 -10.4851 -10.9851 -11.4851 -11.9851 -12.4851 -12.9851
  0.0000  -0.9312  -0.9312  -0.9313  -0.9313  -0.9316  -0.9322  -0.9338  -0.9378
 -0.9481  -0.9760  -1.0570  -1.2989  -1.7842  -2.3539  -2.9033  -3.4353  -3.9552
 -4.4671  -4.9741  -5.4786  -5.9812  -6.4827  -6.9837  -7.4842  -7.9846  -8.4848
 -8.9849  -9.4850  -9.9851 -10.4851 -10.9851 -11.4851 -11.9851 -12.4851 -12.9851
  0.0000  -0.9018  -0.9019  -0.9019  -0.9021  -0.9025  -0.9035  -0.9059  -0.9120
 -0.9272  -0.9657  -1.0661  -1.3279  -1.8048  -2.3584  -2.9007  -3.4311  -3.9513
 -4.4643  -4.9722  -5.4772  -5.9803  -6.4822  -6.9833  -7.4840  -7.9844  -8.4847
 -8.9849  -9.4850  -9.9850 -10.4851 -10.9851 -11.4851 -11.9851 -12.4851 -12.9851
  0.0000  -0.8702  -0.8702  -0.8703  -0.8705  -0.8710  -0.8723  -0.8756  -0.8837
 -0.9039  -0.9539  -1.0765  -1.3625  -1.8326  -2.3678  -2.8998  -3.4266  -3.9465
 -4.4604  -4.9696  -5.4753  -5.9791  -6.4814  -6.9828  -7.4837  -7.9842  -8.4846
 -8.9848  -9.4849  -9.9850 -10.4851 -10.9851 -11.4851 -11.9851 -12.4851 -12.9851
 -2.0000  -0.8745  -0.8745  -0.8745  -0.8746  -0.8747  -0.8749  -0.8757  -0.8783
 -0.8885  -0.9306  -1.0714  -1.3931  -1.8553  -2.3737  -2.9000  -3.4233  -3.9412
 -4.4537  -4.9620  -5.4674  -5.9708  -6.4730  -6.9743  -7.4751  -7.9756  -8.4759
 -8.9761  -9.4762  -9.9763 -10.4764 -10.9764 -11.4764 -11.9764 -12.4764 -12.9764
 -1.0000  -0.8745  -0.8745  -0.8745  -0.8746  -0.8747  -0.8749  -0.8757  -0.8783
 -0.8885  -0.9306  -1.0714  -1.3931  -1.8553  -2.3737  -2.9000  -3.4233  -3.9412
 -4.4537  -4.9620  -5.4674  -5.9708  -6.4730  -6.9743  -7.4751  -7.9756  -8.4759
 -8.9761  -9.4762  -9.9763 -10.4764 -10.9764 -11.4764 -11.9764 -12.4764 -12.9764
  0.0000  -0.8745  -0.8745  -0.8745  -0.8746  -0.8747  -0.8749  -0.8757  -0.8783
 -0.8885  -0.9306  -1.0714  -1.3931  -1.8553  -2.3737  -2.9000  -3.4233  -3.9412
 -4.4537  -4.9620  -5.4674  -5.9708  -6.4730  -6.9743  -7.4751  -7.9756  -8.4759
 -8.9761  -9.4762  -9.9763 -10.4764 -10.9764 -11.4764 -11.9764 -12.4764 -12.9764
  0.0000  -0.9808  -0.9807  -0.9807  -0.9804  -0.9797  -0.9781  -0.9743  -0.9660
 -0.9518  -0.9476  -1.0216  -1.3118  -1.8074  -2.3606  -2.9043  -3.4331  -3.9507
 -4.4611  -4.9673  -5.4710  -5.9731  -6.4744  -6.9752  -7.4756  -7.9759  -8.4761
 -8.9762  -9.4762  -9.9763 -10.4763 -10.9763 -11.4763 -11.9763 -12.4763 -12.9763
  0.0000  -0.9902  -0.9901  -0.9900  -0.9897  -0.9890  -0.9872  -0.9829  -0.9735
 -0.9570  -0.9484  -1.0176  -1.3063  -1.8052  -2.3606  -2.9051  -3.4338  -3.9512
 -4.4615  -4.9675  -5.4711  -5.9732  -6.4745  -6.9752  -7.4756  -7.9759  -8.4761
 -8.9762  -9.4762  -9.9763 -10.4763 -10.9763 -11.4763 -11.9763 -12.4763 -12.9763
  0.0000  -0.9646  -0.9645  -0.9645  -0.9643  -0.9637  -0.9625  -0.9593  -0.9526
 -0.9420  -0.9445  -1.0290  -1.3234  -1.8126  -2.3609  -2.9030  -3.4315  -3.9494
 -4.4602  -4.9666  -5.4706  -5.9728  -6.4742  -6.9750  -7.4755  -7.9759  -8.4760
 -8.9762  -9.4762  -9.9763 -10.4763 -10.9763 -11.4763 -11.9763 -12.4763 -12.9763
  0.0000  -0.9298  -0.9298  -0.9298  -0.9297  -0.9294  -0.9287  -0.9270  -0.9239
 -0.9213  -0.9393  -1.0452  -1.3484  -1.8250  -2.3626  -2.9003  -3.4281  -3.9465
 -4.4581  -4.9651  -5.4695  -5.9721  -6.4737  -6.9747  -7.4753  -7.9757  -8.4759
 -8.9760  -9.4761  -9.9762 -10.4762 -10.9762 -11.4762 -11.9762 -12.4762 -12.9762
-12.0000  -0.9298  -0.9298  -0.9298  -0.9297  -0.9294  -0.9287  -0.9270  -0.9239
 -0.9212  -0.9392  -1.0452  -1.3485  -1.8251  -2.3626  -2.9003  -3.4281  -3.9465
 -4.4581  -4.9651  -5.4695  -5.9721  -6.4737  -6.9747  -7.4753  -7.9757  -8.4759
 -8.9760  -9.4761  -9.9762 -10.4762 -10.9762 -11.4762 -11.9762 -12.4762 -12.9762
-11.0000  -0.9298  -0.9298  -0.9298  -0.9297  -0.9294  -0.9287  -0.9270  -0.9239
 -0.9212  -0.9392  -1.0452  -1.3485  -1.8251  -2.3626  -2.9003  -3.4281  -3.9465
 -4.4581  -4.9651  -5.4695  -5.9721  -6.4737  -6.9747  -7.4753  -7.9757  -8.4759
 -8.9760  -9.4761  -9.9762 -10.4762 -10.9762 -11.4762 -11.9762 -12.4762 -12.9762
-10.0000  -0.9298  -0.9298  -0.9298  -0.9297  -0.9294  -0.9287  -0.9270  -0.9239
 -0.9212  -0.9392  -1.0452  -1.3485  -1.8251  -2.3626  -2.9003  -3.4281  -3.9465
 -4.4581  -4.9651  -5.4695  -5.9721  -6.4737  -6.9747  -7.4753  -7.9757  -8.4759
 -8.9760  -9.4761  -9.9762 -10.4762 -10.9762 -11.4762 -11.9762 -12.4762 -12.9762
-10.0000  -0.9298  -0.9298  -0.9298  -0.9297  -0.9294  -0.9287  -0.9270  -0.9239
 -0.9212  -0.9392  -1.0452  -1.3485  -1.8251  -2.3626  -2.9003  -3.4281  -3.9465
 -4.4581  -4.9651  -5.4695  -5.9721  -6.4737  -6.9747  -7.4753  -7.9757  -8.4759
 -8.9760  -9.4761  -9.9762 -10.4762 -10.9762 -11.4762 -11.9762 -12.4762 -12.9762
-10.0000  -0.9299  -0.9299  -0.9299  -0.9298  -0.9295  -0.9288  -0.9271  -0.9240
 -0.9213  -0.9393  -1.0453  -1.3486  -1.8252  -2.3627  -2.9004  -3.4282  -3.9466
 -4.4582  -4.9652  -5.4696  -5.9722  -6.4738  -6.9748  -7.4754  -7.9758  -8.4760
 -8.9761  -9.4762  -9.9763 -10.4763 -10.9763 -11.4763 -11.9763 -12.4763 -12.9763
-10.0000  -0.9299  -0.9299  -0.9299  -0.9298  -0.9295  -0.9288  -0.9271  -0.9240
 -0.9213  -0.9393  -1.0453  -1.3486  -1.8252  -2.3627  -2.9004  -3.4282  -3.9466
 -4.4582  -4.9652  -5.4696  -5.9722  -6.4738  -6.9748  -7.4754  -7.9758  -8.4760
 -8.9761  -9.4762  -9.9763 -10.4763 -10.9763 -11.4763 -11.9763 -12.4763 -12.9763
-10.0000  -0.9296  -0.9296  -0.9296  -0.9295  -0.9292  -0.9285  -0.9268  -0.9237
 -0.9210  -0.9390  -1.0450  -1.3483  -1.8249  -2.3624  -2.9001  -3.4279  -3.9463
 -4.4579  -4.9649  -5.4693  -5.9719  -6.4735  -6.9745  -7.4751  -7.9755  -8.4757
 -8.9758  -9.4759  -9.9760 -10.4760 -10.9760 -11.4760 -11.9760 -12.4760 -12.9760
-22.0000  -0.9296  -0.9296  -0.9296  -0.9295  -0.9292  -0.9285  -0.9268  -0.9237
 -0.9210  -0.9390  -1.0450  -1.3483  -1.8249  -2.3624  -2.9001  -3.4279  -3.9463
 -4.4579  -4.9649  -5.4693  -5.9719  -6.4735  -6.9745  -7.4751  -7.9755  -8.4757
 -8.9758  -9.4759  -9.9760 -10.4760 -10.9760 -11.4760 -11.9760 -12.4760 -12.9760
-21.0000  -0.9296  -0.9296  -0.9296  -0.9295  -0.9292  -0.9285  -0.9268  -0.9237
 -0.9210  -0.9390  -1.0450  -1.3483  -1.8249  -2.3624  -2.9001  -3.4279  -3.9463
 -4.4579  -4.9649  -5.4693  -5.9719  -6.4735  -6.9745  -7.4751  -7.9755  -8.4757
 -8.9758  -9.4759  -9.9760 -10.4760 -10.9760 -11.4760 -11.9760 -12.4760 -12.9760
-20.0000  -0.9296  -0.9296  -0.9296  -0.9295  -0.9292  -0.9285  -0.9268  -0.9237
 -0.9210  -0.9390  -1.0450  -1.3483  -1.8249  -2.3624  -2.9001  -3.4279  -3.9463
 -4.4579  -4.9649  -5.4693  -5.9719  -6.4735  -6.9745  -7.4751  -7.9755  -8.4757
 -8.9758  -9.4759  -9.9760 -10.4760 -10.9760 -11.4760 -11.9760 -12.4760 -12.9760
-20.0000  -0.9296  -0.9296  -0.9296  -0.9295  -0.9292  -0.9285  -0.9268  -0.9237
 -0.9210  -0.9390  -1.0450  -1.3483  -1.8249  -2.3624  -2.9001  -3.4279  -3.9463
 -4.4579  -4.9649  -5.4693  -5.9719  -6.4735  -6.9745  -7.4751  -7.9755  -8.4757
 -8.9758  -9.4759  -9.9760 -10.4760 -10.9760 -11.4760 -11.9760 -12.4760 -12.9760
-20.0000  -0.9298  -0.9298  -0.9298  -0.9297  -0.9294  -0.9287  -0.9270  -0.9239
 -0.9212  -0.9392  -1.0452  -1.3485  -1.8251  -2.3626  -2.9003  -3.4281  -3.9465
 -4.4581  -4.9651  -5.4695  -5.9721  -6.4737  -6.9747  -7.4753  -7.9757  -8.4759
 -8.9760  -9.4761  -9.9762 -10.4762 -10.9762 -11.4762 -11.9762 -12.4762 -12.9762
-20.0000  -0.9299  -0.9299  -0.9299  -0.9298  -0.9295  -0.9288  -0.9271  -0.9240
 -0.9213  -0.9393  -1.0453  -1.3486  -1.8252  -2.3627  -2.9004  -3.4282  -3.9466
 -4.4582  -4.9652  -5.4696  -5.9722  -6.4738  -6.9748  -7.4754  -7.9758  -8.4760
 -8.9761  -9.4762  -9.9763 -10.4763 -10.9763 -11.4763 -11.9763 -12.4763 -12.9763
-20.0000  -0.9298  -0.9298  -0.9298  -0.9297  -0.9294  -0.9287  -0.9270  -0.9239
 -0.9212  -0.9392  -1.0452  -1.3485  -1.8251  -2.3626  -2.9003  -3.4281  -3.9465
 -4.4581  -4.9651  -5.4695  -5.9721  -6.4737  -6.9747  -7.4753  -7.9757  -8.4759
 -8.9760  -9.4761  -9.9762 -10.4762 -10.9762 -11.4762 -11.9762 -12.4762 -12.9762
-32.0000  -0.9299  -0.9299  -0.9299  -0.9298  -0.9295  -0.9288  -0.9271  -0.9240
 -0.9213  -0.9393  -1.0453  -1.3486  -1.8252  -2.3627  -2.9004  -3.4282  -3.9466
 -4.4582  -4.9652  -5.4696  -5.9722  -6.4738  -6.9748  -7.4754  -7.9758  -8.4760
 -8.9761  -9.4762  -9.9763 -10.4763 -10.9763 -11.4763 -11.9763 -12.4763 -12.9763
-31.0000  -0.9299  -0.9299  -0.9299  -0.9298  -0.9295  -0.9288  -0.9271  -0.9240
 -0.9213  -0.9393  -1.0453  -1.3486  -1.8252  -2.3627  -2.9004  -3.4282  -3.9466
 -4.4582  -4.9652  -5.4696  -5.9722  -6.4738  -6.9748  -7.4754  -7.9758  -8.4760
 -8.9761  -9.4762  -9.9763 -10.4763 -10.9763 -11.4763 -11.9763 -12.4763 -12.9763
-30.0000  -0.9299  -0.9299  -0.9299  -0.9298  -0.9295  -0.9288  -0.9271  -0.9240
 -0.9213  -0.9393  -1.0453  -1.3486  -1.8252  -2.3627  -2.9004  -3.4282  -3.9466
 -4.4582  -4.9652  -5.4696  -5.9722  -6.4738  -6.9748  -7.4754  -7.9758  -8.4760
 -8.9761  -9.4762  -9.9763 -10.4763 -10.9763 -11.4763 -11.9763 -12.4763 -12.9763
-30.0000  -0.9299  -0.9299  -0.9299  -0.9298  -0.9295  -0.9288  -0.9271  -0.9240
 -0.9213  -0.9393  -1.0453  -1.3486  -1.8252  -2.3627  -2.9004  -3.4282  -3.9466
 -4.4582  -4.9652  -5.4696  -5.9722  -6.4738  -6.9748  -7.4754  -7.9758  -8.4760
 -8.9761  -9.4762  -9.9763 -10.4763 -10.9763 -11.4763 -11.9763 -12.4763 -12.9763
-30.0000  -0.9299  -0.9299  -0.9299  -0.9298  -0.9295  -0.9288  -0.9271  -0.9240
 -0.9213  -0.9393  -1.0453  -1.3486  -1.8252  -2.3627  -2.9004  -3.4282  -3.9466
 -4.4582  -4.9652  -5.4696  -5.9722  -6.4738  -6.9748  -7.4754  -7.9758  -8.4760
 -8.9761  -9.4762  -9.9763 -10.4763 -10.9763 -11.4763 -11.9763 -12.4763 -12.9763
-30.0000  -0.9298  -0.9298  -0.9298  -0.9297  -0.9294  -0.9287  -0.9270  -0.9239
 -0.9212  -0.9392  -1.0452  -1.3485  -1.8251  -2.3626  -2.9003  -3.4281  -3.9465
 -4.4581  -4.9651  -5.4695  -5.9721  -6.4737  -6.9747  -7.4753  -7.9757  -8.4759
 -8.9760  -9.4761  -9.9762 -10.4762 -10.9762 -11.4762 -11.9762 -12.4762 -12.9762
-30.0000  -0.9300  -0.9300  -0.9300  -0.9299  -0.9296  -0.9289  -0.9272  -0.9241
 -0.9214  -0.9394  -1.0454  -1.3487  -1.8253  -2.3628  -2.9005  -3.4283  -3.9467
 -4.4583  -4.9653  -5.4697  -5.9723  -6.4739  -6.9749  -7.4755  -7.9759  -8.4761
 -8.9762  -9.4763  -9.9764 -10.4764 -10.9764 -11.4764 -11.9764 -12.4764 -12.9764
-42.0000  -0.9300  -0.9300  -0.9300  -0.9299  -0.9296  -0.9289  -0.9272  -0.9241
 -0.9214  -0.9394  -1.0454  -1.3487  -1.8253  -2.3628  -2.9005  -3.4283  -3.9467
 -4.4583  -4.9653  -5.4697  -5.9723  -6.4739  -6.9749  -7.4755  -7.9759  -8.4761
 -8.9762  -9.4763  -9.9764 -10.4764 -10.9764 -11.4764 -11.9764 -12.4764 -12.9764
-41.0000  -0.9300  -0.9300  -0.9300  -0.9299  -0.9296  -0.9289  -0.9272  -0.9241
 -0.9214  -0.9394  -1.0454  -1.3487  -1.8253  -2.3628  -2.9005  -3.4283  -3.9467
 -4.4583  -4.9653  -5.4697  -5.9723  -6.4739  -6.9749  -7.4755  -7.9759  -8.4761
 -8.9762  -9.4763  -9.9764 -10.4764 -10.9764 -11.4764 -11.9764 -12.4764 -12.9764
-40.0000  -0.9300  -0.9300  -0.9300  -0.9299  -0.9296  -0.9289  -0.9272  -0.9241
 -0.9214  -0.9394  -1.0454  -1.3487  -1.8253  -2.3628  -2.9005  -3.4283  -3.9467
 -4.4583  -4.9653  -5.4697  -5.9723  -6.4739  -6.9749  -7.4755  -7.9759  -8.4761
 -8.9762  -9.4763  -9.9764 -10.4764 -10.9764 -11.4764 -11.9764 -12.4764 -12.9764
-40.0000  -0.9300  -0.9300  -0.9300  -0.9299  -0.9296  -0.9289  -0.9272  -0.9241
 -0.9214  -0.9394  -1.0454  -1.3487  -1.8253  -2.3628  -2.9005  -3.4283  -3.9467
 -4.4583  -4.9653  -5.4697  -5.9723  -6.4739  -6.9749  -7.4755  -7.9759  -8.4761
 -8.9762  -9.4763  -9.9764 -10.4764 -10.9764 -11.4764 -11.9764 -12.4764 -12.9764
-40.0000  -0.9300  -0.9300  -0.9300  -0.9299  -0.9296  -0.9289  -0.9272  -0.9241
 -0.9214  -0.9394  -1.0454  -1.3487  -1.8253  -2.3628  -2.9005  -3.4283  -3.9467
 -4.4583  -4.9653  -5.4697  -5.9723  -6.4739  -6.9749  -7.4755  -7.9759  -8.4761
 -8.9762  -9.4763  -9.9764 -10.4764 -10.9764 -11.4764 -11.9764 -12.4764 -12.9764
-40.0000  -0.9300  -0.9300  -0.9300  -0.9299  -0.9296  -0.9289  -0.9272  -0.9241
 -0.9214  -0.9394  -1.0454  -1.3487  -1.8253  -2.3628  -2.9005  -3.4283  -3.9467
 -4.4583  -4.9653  -5.4697  -5.9723  -6.4739  -6.9749  -7.4755  -7.9759  -8.4761
 -8.9762  -9.4763  -9.9764 -10.4764 -10.9764 -11.4764 -11.9764 -12.4764 -12.9764
-40.0000  -0.9298  -0.9298  -0.9298  -0.9297  -0.9294  -0.9287  -0.9270  -0.9239
 -0.9212  -0.9392  -1.0452  -1.3485  -1.8251  -2.3626  -2.9003  -3.4281  -3.9465
 -4.4581  -4.9651  -5.4695  -5.9721  -6.4737  -6.9747  -7.4753  -7.9757  -8.4759
 -8.9760  -9.4761  -9.9762 -10.4762 -10.9762 -11.4762 -11.9762 -12.4762 -12.9762
-52.0000  -0.9300  -0.9300  -0.9300  -0.9299  -0.9296  -0.9289  -0.9272  -0.9241
 -0.9214  -0.9394  -1.0454  -1.3487  -1.8253  -2.3628  -2.9005  -3.4283  -3.9467
 -4.4583  -4.9653  -5.4697  -5.9723  -6.4739  -6.9749  -7.4755  -7.9759  -8.4761
 -8.9762  -9.4763  -9.9764 -10.4764 -10.9764 -11.4764 -11.9764 -12.4764 -12.9764
-51.0000  -0.9300  -0.9300  -0.9300  -0.9299  -0.9296  -0.9289  -0.9272  -0.9241
 -0.9214  -0.9394  -1.0454  -1.3487  -1.8253  -2.3628  -2.9005  -3.4283  -3.9467
 -4.4583  -4.9653  -5.4697  -5.9723  -6.4739  -6.9749  -7.4755  -7.9759  -8.4761
 -8.9762  -9.4763  -9.9764 -10.4764 -10.9764 -11.4764 -11.9764 -12.4764 -12.9764
-50.0000  -0.9300  -0.9300  -0.9300  -0.9299  -0.9296  -0.9289  -0.9272  -0.9241
 -0.9214  -0.9394  -1.0454  -1.3487  -1.8253  -2.3628  -2.9005  -3.4283  -3.9467
 -4.4583  -4.9653  -5.4697  -5.9723  -6.4739  -6.9749  -7.4755  -7.9759  -8.4761
 -8.9762  -9.4763  -9.9764 -10.4764 -10.9764 -11.4764 -11.9764 -12.4764 -12.9764
-50.0000  -0.9300  -0.9300  -0.9300  -0.9299  -0.9296  -0.9289  -0.9272  -0.9241
 -0.9214  -0.9394  -1.0454  -1.3487  -1.8253  -2.3628  -2.9005  -3.4283  -3.9467
 -4.4583  -4.9653  -5.4697  -5.9723  -6.4739  -6.9749  -7.4755  -7.9759  -8.4761
 -8.9762  -9.4763  -9.9764 -10.4764 -10.9764 -11.4764 -11.9764 -12.4764 -12.9764
-50.0000  -0.9300  -0.9300  -0.9300  -0.9299  -0.9296  -0.9289  -0.9272  -0.9241
 -0.9214  -0.9394  -1.0454  -1.3487  -1.8253  -2.3628  -2.9005  -3.4283  -3.9467
 -4.4583  -4.9653  -5.4697  -5.9723  -6.4739  -6.9749  -7.4755  -7.9759  -8.4761
 -8.9762  -9.4763  -9.9764 -10.4764 -10.9764 -11.4764 -11.9764 -12.4764 -12.9764
-50.0000  -0.9300  -0.9300  -0.9300  -0.9299  -0.9296  -0.9289  -0.9272  -0.9241
 -0.9214  -0.9394  -1.0454  -1.3487  -1.8253  -2.3628  -2.9005  -3.4283  -3.9467
 -4.4583  -4.9653  -5.4697  -5.9723  -6.4739  -6.9749  -7.4755  -7.9759  -8.4761
 -8.9762  -9.4763  -9.9764 -10.4764 -10.9764 -11.4764 -11.9764 -12.4764 -12.9764
-50.0000  -0.9297  -0.9297  -0.9297  -0.9296  -0.9293  -0.9286  -0.9269  -0.9238
 -0.9211  -0.9391  -1.0451  -1.3484  -1.8250  -2.3625  -2.9002  -3.4280  -3.9464
 -4.4580  -4.9650  -5.4694  -5.9720  -6.4736  -6.9746  -7.4752  -7.9756  -8.4758
 -8.9759  -9.4760  -9.9761 -10.4761 -10.9761 -11.4761 -11.9761 -12.4761 -12.9761
nl= 3 nu=14
  0.0000  -1.7727  -1.7727  -1.7727  -1.7727  -1.7727  -1.7727  -1.7727  -1.7727
 -1.7728  -1.7730  -1.7735  -1.7746  -1.7776  -1.7850  -1.8038  -1.8503  -1.9693
 -2.2554  -2.9780  -4.1493  -4.8951  -5.4024  -5.9255  -6.4331  -6.9434  -7.4603
 -7.9886  -8.6285  -9.2390  -9.7522 -10.2504 -10.7518 -11.2520 -11.7522 -12.2524
-12.7529 -13.2540 -13.7564 -14.2603 -14.7662 -15.2745 -15.7856 -16.3000 -16.8180
  0.0000  -1.9141  -1.9141  -1.9141  -1.9141  -1.9141  -1.9141  -1.9141  -1.9141
 -1.9141  -1.9142  -1.9145  -1.9151  -1.9166  -1.9205  -1.9300  -1.9545  -2.0140
 -2.1704  -2.5322  -3.4977  -4.7203  -5.4111  -5.9078  -6.4275  -6.9371  -7.4562
 -7.9855  -8.6256  -9.2365  -9.7506 -10.2494 -10.7510 -11.2515 -11.7519 -12.2521
-12.7530 -13.2552 -13.7596 -14.2670 -14.7783 -15.2943 -15.8157 -16.3434 -16.8782
  0.0000  -2.0593  -2.0593  -2.0593  -2.0593  -2.0593  -2.0593  -2.0593  -2.0593
 -2.0593  -2.0594  -2.0595  -2.0598  -2.0606  -2.0625  -2.0675  -2.0796  -2.1111
 -2.1865  -2.3889  -2.8437  -4.0980  -5.2937  -5.9138  -6.4140  -6.9316  -7.4503
 -7.9813  -8.6216  -9.2330  -9.7482 -10.2480 -10.7502 -11.2510 -11.7517 -12.2521
-12.7532 -13.2558 -13.7609 -14.2694 -14.7821 -15.3001 -15.8241 -16.3552 -16.8942
  0.0000  -2.2058  -2.2058  -2.2058  -2.2058  -2.2058  -2.2058  -2.2058  -2.2058
 -2.2058  -2.2058  -2.2059  -2.2060  -2.2064  -2.2074  -2.2099  -2.2161  -2.2315
 -2.2715  -2.3671  -2.6245  -3.2013  -4.7601  -5.8710  -6.4079  -6.9229  -7.4430
 -7.9744  -8.6144  -9.2266  -9.7434 -10.2445 -10.7477 -11.2491 -11.7502 -12.2510
-12.7525 -13.2555 -13.7611 -14.2702 -14.7837 -15.3024 -15.8274 -16.3596 -16.8998
  0.0000  -2.3553  -2.3553  -2.3553  -2.3553  -2.3553  -2.3553  -2.3553  -2.3553
 -2.3553  -2.3554  -2.3554  -2.3555  -2.3557  -2.3562  -2.3574  -2.3605  -2.3684
 -2.3880  -2.4381  -2.5604  -2.8806  -3.6293  -5.4333  -6.4380  -6.9067  -7.4413
 -7.9677  -8.6071  -9.2192  -9.7383 -10.2413 -10.7459 -11.2483 -11.7500 -12.2514
-12.7537 -13.2581 -13.7660 -14.2785 -14.7970 -15.3226 -15.8567 -16.4004 -16.9551
  0.0000  -2.5066  -2.5066  -2.5066  -2.5066  -2.5066  -2.5066  -2.5066  -2.5066
 -2.5066  -2.5067  -2.5067  -2.5067  -2.5068  -2.5071  -2.5077  -2.5092  -2.5132
 -2.5231  -2.5480  -2.6102  -2.7679  -3.1584  -4.1518  -6.0619  -6.9762  -7.4212
 -7.9702  -8.5988  -9.2110  -9.7313 -10.2367 -10.7432 -11.2471 -11.7499 -12.2521
-12.7557 -13.2628 -13.7752 -14.2949 -14.8240 -15.3643 -15.9178 -16.4866 -17.0726
  0.0000  -2.6543  -2.6543  -2.6543  -2.6543  -2.6543  -2.6543  -2.6543  -2.6543
 -2.6543  -2.6543  -2.6543  -2.6543  -2.6544  -2.6545  -2.6548  -2.6556  -2.6576
 -2.6626  -2.6749  -2.7066  -2.7836  -2.9873  -3.4594  -4.7803  -6.6604  -7.4899
 -7.9495  -8.5968  -9.1979  -9.7191 -10.2257 -10.7346 -11.2404 -11.7446 -12.2482
-12.7535 -13.2627 -13.7783 -14.3024 -14.8375 -15.3859 -15.9497 -16.5315 -17.1334
  0.0000  -1.4816  -1.4816  -1.4816  -1.4816  -1.4816  -1.4816  -1.4817  -1.4818
 -1.4821  -1.4829  -1.4848  -1.4895  -1.5015  -1.5315  -1.6064  -1.7919  -2.2301
 -3.0900  -3.8438  -4.3953  -4.9153  -5.4271  -5.9368  -6.4495  -6.9770  -7.5537
 -8.2148  -8.7564  -9.2480  -9.7515 -10.2514 -10.7519 -11.2521 -11.7523 -12.2523
-12.7526 -13.2532 -13.7545 -14.2566 -14.7598 -15.2644 -15.7705 -16.2783 -16.7882
  0.0000  -1.6075  -1.6075  -1.6075  -1.6075  -1.6075  -1.6075  -1.6075  -1.6076
 -1.6078  -1.6082  -1.6092  -1.6118  -1.6183  -1.6347  -1.6754  -1.7786  -2.0282
 -2.6409  -3.6624  -4.3862  -4.9028  -5.4216  -5.9312  -6.4453  -6.9739  -7.5513
 -8.2125  -8.7548  -9.2473  -9.7512 -10.2513 -10.7521 -11.2524 -11.7526 -12.2528
-12.7531 -13.2538 -13.7550 -14.2570 -14.7599 -15.2640 -15.7694 -16.2764 -16.7852
  0.0000  -1.7420  -1.7420  -1.7420  -1.7420  -1.7420  -1.7420  -1.7420  -1.7421
 -1.7421  -1.7424  -1.7429  -1.7443  -1.7477  -1.7562  -1.7780  -1.8313  -1.9699
 -2.2938  -3.1286  -4.2327  -4.9091  -5.4084  -5.9261  -6.4388  -6.9687  -7.5466
 -8.2079  -8.7512  -9.2449  -9.7497 -10.2503 -10.7513 -11.2519 -11.7522 -12.2525
-12.7530 -13.2540 -13.7558 -14.2588 -14.7632 -15.2694 -15.7776 -16.2881 -16.8013
  0.0000  -1.8827  -1.8827  -1.8827  -1.8827  -1.8827  -1.8827  -1.8827  -1.8827
 -1.8828  -1.8829  -1.8831  -1.8839  -1.8856  -1.8901  -1.9011  -1.9295  -1.9980
 -2.1798  -2.5934  -3.6933  -4.8015  -5.4172  -5.9161  -6.4341  -6.9620  -7.5404
 -8.2011  -8.7462  -9.2415  -9.7473 -10.2488 -10.7503 -11.2511 -11.7516 -12.2521
-12.7528 -13.2539 -13.7557 -14.2584 -14.7623 -15.2677 -15.7747 -16.2838 -16.7950
  0.0000  -2.0273  -2.0273  -2.0273  -2.0273  -2.0273  -2.0273  -2.0273  -2.0273
 -2.0273  -2.0274  -2.0275  -2.0279  -2.0288  -2.0310  -2.0367  -2.0508  -2.0872
 -2.1748  -2.4082  -2.9368  -4.3211  -5.3734  -5.9179  -6.4292  -6.9568  -7.5329
 -8.1920  -8.7385  -9.2362  -9.7434 -10.2462 -10.7486 -11.2501 -11.7510 -12.2517
-12.7530 -13.2554 -13.7597 -14.2666 -14.7768 -15.2910 -15.8099 -16.3341 -16.8645
  0.0000  -2.1742  -2.1742  -2.1742  -2.1742  -2.1742  -2.1742  -2.1742  -2.1742
 -2.1742  -2.1743  -2.1743  -2.1745  -2.1750  -2.1761  -2.1790  -2.1862  -2.2042
 -2.2501  -2.3624  -2.6552  -3.3416  -4.9706  -5.9385  -6.4215  -6.9573  -7.5264
 -8.1820  -8.7284  -9.2284  -9.7379 -10.2423 -10.7459 -11.2483 -11.7498 -12.2511
-12.7531 -13.2564 -13.7620 -14.2707 -14.7833 -15.3006 -15.8235 -16.3528 -16.8894
  0.0000  -2.3229  -2.3229  -2.3229  -2.3229  -2.3229  -2.3229  -2.3229  -2.3229
 -2.3229  -2.3229  -2.3230  -2.3231  -2.3233  -2.3239  -2.3253  -2.3289  -2.3380
 -2.3609  -2.4183  -2.5631  -2.9228  -3.8307  -5.5922  -6.4821  -6.9447  -7.5309
 -8.1742  -8.7189  -9.2189  -9.7303 -10.2370 -10.7424 -11.2459 -11.7483 -12.2504
-12.7534 -13.2587 -13.7675 -14.2811 -14.8008 -15.3280 -15.8639 -16.4098 -16.9671
  0.0000  -1.2550  -1.2550  -1.2550  -1.2550  -1.2550  -1.2551  -1.2552  -1.2556
 -1.2566  -1.2590  -1.2651  -1.2805  -1.3185  -1.4130  -1.6343  -2.1121  -2.7711
 -3.3655  -3.8978  -4.4168  -4.9300  -5.4405  -5.9625  -6.5034  -7.1988  -7.7583
 -8.2464  -8.7514  -9.2513  -9.7520 -10.2523 -10.7525 -11.2527 -11.7527 -12.2528
-12.7529 -13.2530 -13.7530 -14.2529 -14.7527 -15.2524 -15.7519 -16.2513 -16.7505
  0.0000  -1.3449  -1.3449  -1.3449  -1.3449  -1.3449  -1.3449  -1.3450  -1.3453
 -1.3459  -1.3474  -1.3511  -1.3606  -1.3843  -1.4432  -1.5891  -1.9287  -2.6134
 -3.3251  -3.8914  -4.4103  -4.9243  -5.4350  -5.9578  -6.4996  -7.1948  -7.7551
 -8.2442  -8.7499  -9.2500  -9.7511 -10.2515 -10.7518 -11.2520 -11.7522 -12.2522
-12.7524 -13.2528 -13.7536 -14.2549 -14.7567 -15.2594 -15.7629 -16.2674 -16.7730
  0.0000  -1.4543  -1.4543  -1.4544  -1.4544  -1.4544  -1.4544  -1.4544  -1.4546
 -1.4549  -1.4558  -1.4580  -1.4634  -1.4771  -1.5112  -1.5970  -1.8056  -2.3027
 -3.1719  -3.8764  -4.4046  -4.9205  -5.4302  -5.9531  -6.4954  -7.1901  -7.7514
 -8.2419  -8.7485  -9.2494  -9.7509 -10.2515 -10.7521 -11.2523 -11.7525 -12.2527
-12.7529 -13.2528 -13.7524 -14.2515 -14.7501 -15.2479 -15.7450 -16.2411 -16.7362
  0.0000  -1.5805  -1.5805  -1.5805  -1.5805  -1.5805  -1.5806  -1.5806  -1.5807
 -1.5809  -1.5813  -1.5825  -1.5855  -1.5929  -1.6118  -1.6583  -1.7777  -2.0599
 -2.7594  -3.7454  -4.4120  -4.9169  -5.4303  -5.9502  -6.4924  -7.1853  -7.7479
 -8.2406  -8.7484  -9.2503  -9.7524 -10.2535 -10.7543 -11.2549 -11.7551 -12.2553
-12.7558 -13.2570 -13.7593 -14.2632 -14.7692 -15.2775 -15.7887 -16.3032 -16.8213
  0.0000  -1.7115  -1.7115  -1.7115  -1.7115  -1.7115  -1.7115  -1.7115  -1.7115
 -1.7116  -1.7119  -1.7125  -1.7141  -1.7180  -1.7279  -1.7531  -1.8144  -1.9749
 -2.3443  -3.2886  -4.3109  -4.9268  -5.4237  -5.9458  -6.4839  -7.1734  -7.7364
 -8.2316  -8.7412  -9.2445  -9.7478 -10.2497 -10.7509 -11.2517 -11.7522 -12.2525
-12.7532 -13.2544 -13.7567 -14.2603 -14.7656 -15.2730 -15.7829 -16.2956 -16.8114
  0.0000  -1.8512  -1.8512  -1.8512  -1.8512  -1.8512  -1.8512  -1.8513  -1.8513
 -1.8513  -1.8515  -1.8518  -1.8526  -1.8546  -1.8598  -1.8725  -1.9053  -1.9848
 -2.1942  -2.6731  -3.8843  -4.8801  -5.4332  -5.9460  -6.4821  -7.1645  -7.7261
 -8.2225  -8.7342  -9.2397  -9.7444 -10.2473 -10.7494 -11.2506 -11.7514 -12.2521
-12.7530 -13.2547 -13.7576 -14.2620 -14.7685 -15.2774 -15.7891 -16.3041 -16.8229
  0.0000  -1.9952  -1.9952  -1.9952  -1.9952  -1.9952  -1.9952  -1.9952  -1.9952
 -1.9952  -1.9953  -1.9954  -1.9959  -1.9969  -1.9995  -2.0061  -2.0225  -2.0643
 -2.1669  -2.4328  -3.0576  -4.5114  -5.4427  -5.9471  -6.4870  -7.1610  -7.7177
 -8.2122  -8.7248  -9.2324  -9.7391 -10.2435 -10.7466 -11.2487 -11.7500 -12.2511
-12.7527 -13.2554 -13.7599 -14.2667 -14.7766 -15.2902 -15.8080 -16.3308 -16.8593
  0.0000  -1.1298  -1.1298  -1.1298  -1.1298  -1.1299  -1.1300  -1.1303  -1.1311
 -1.1332  -1.1383  -1.1511  -1.1827  -1.2596  -1.4359  -1.7902  -2.3043  -2.8529
 -3.3839  -3.9090  -4.4281  -4.9500  -5.4817  -6.1229  -6.7345  -7.2492  -7.7486
 -8.2506  -8.7512  -9.2517  -9.7520 -10.2522 -10.7523 -11.2525 -11.7525 -12.2525
-12.7526 -13.2530 -13.7538 -14.2553 -14.7576 -15.2609 -15.7652 -16.2709 -16.7781
  0.0000  -1.1717  -1.1717  -1.1717  -1.1717  -1.1718  -1.1719  -1.1721  -1.1727
 -1.1743  -1.1782  -1.1880  -1.2123  -1.2725  -1.4156  -1.7312  -2.2624  -2.8442
 -3.3833  -3.9065  -4.4243  -4.9461  -5.4783  -6.1194  -6.7315  -7.2472  -7.7474
 -8.2499  -8.7509  -9.2517  -9.7521 -10.2524 -10.7526 -11.2526 -11.7527 -12.2528
-12.7530 -13.2531 -13.7533 -14.2536 -14.7540 -15.2544 -15.7551 -16.2559 -16.7568
  0.0000  -1.2348  -1.2348  -1.2348  -1.2348  -1.2348  -1.2349  -1.2351  -1.2355
 -1.2366  -1.2393  -1.2460  -1.2630  -1.3050  -1.4090  -1.6507  -2.1565  -2.8070
 -3.3827  -3.9053  -4.4213  -4.9416  -5.4736  -6.1143  -6.7269  -7.2439  -7.7452
 -8.2486  -8.7501  -9.2512  -9.7518 -10.2523 -10.7526 -11.2528 -11.7528 -12.2530
-12.7530 -13.2529 -13.7526 -14.2520 -14.7510 -15.2496 -15.7476 -16.2450 -16.7418
  0.0000  -1.3204  -1.3204  -1.3204  -1.3204  -1.3204  -1.3205  -1.3206  -1.3208
 -1.3215  -1.3232  -1.3275  -1.3381  -1.3648  -1.4313  -1.5942  -1.9727  -2.6814
 -3.3631  -3.9069  -4.4206  -4.9384  -5.4685  -6.1073  -6.7196  -7.2385  -7.7414
 -8.2460  -8.7483  -9.2500  -9.7511 -10.2518 -10.7522 -11.2525 -11.7527 -12.2527
-12.7530 -13.2540 -13.7558 -14.2590 -14.7638 -15.2705 -15.7796 -16.2914 -16.8062
  0.0000  -1.4259  -1.4259  -1.4259  -1.4259  -1.4259  -1.4260  -1.4260  -1.4262
 -1.4266  -1.4276  -1.4300  -1.4362  -1.4519  -1.4907  -1.5889  -1.8236  -2.3841
 -3.2470  -3.9085  -4.4219  -4.9393  -5.4648  -6.0995  -6.7101  -7.2303  -7.7354
 -8.2416  -8.7453  -9.2479  -9.7496 -10.2507 -10.7513 -11.2518 -11.7521 -12.2524
-12.7527 -13.2533 -13.7541 -14.2552 -14.7568 -15.2589 -15.7617 -16.2652 -16.7695
  0.0000  -1.5483  -1.5483  -1.5483  -1.5483  -1.5483  -1.5483  -1.5484  -1.5485
 -1.5487  -1.5492  -1.5506  -1.5540  -1.5626  -1.5843  -1.6376  -1.7751  -2.0953
 -2.8810  -3.8176  -4.4374  -4.9434  -5.4686  -6.0961  -6.7020  -7.2215  -7.7282
 -8.2365  -8.7420  -9.2459  -9.7486 -10.2503 -10.7514 -11.2521 -11.7526 -12.2530
-12.7535 -13.2543 -13.7556 -14.2577 -14.7606 -15.2645 -15.7698 -16.2764 -16.7847
  0.0000  -1.6801  -1.6801  -1.6801  -1.6801  -1.6801  -1.6801  -1.6801  -1.6802
 -1.6803  -1.6806  -1.6813  -1.6831  -1.6877  -1.6990  -1.7281  -1.7989  -1.9831
 -2.4084  -3.4452  -4.3842  -4.9575  -5.4745  -6.0993  -6.6974  -7.2121  -7.7180
 -8.2279  -8.7354  -9.2411  -9.7451 -10.2478 -10.7495 -11.2506 -11.7513 -12.2519
-12.7528 -13.2546 -13.7577 -14.2628 -14.7702 -15.2805 -15.7941 -16.3117 -16.8336
  0.0000  -1.0938  -1.0938  -1.0938  -1.0939  -1.0939  -1.0941  -1.0945  -1.0956
 -1.0983  -1.1051  -1.1218  -1.1623  -1.2574  -1.4633  -1.8315  -2.3251  -2.8572
 -3.3936  -3.9246  -4.4617  -5.0436  -5.7073  -6.2514  -6.7452  -7.2500  -7.7506
 -8.2516  -8.7521  -9.2524  -9.7526 -10.2527 -10.7529 -11.2529 -11.7529 -12.2529
-12.7528 -13.2527 -13.7525 -14.2521 -14.7515 -15.2506 -15.7494 -16.2479 -16.7460
  0.0000  -1.1023  -1.1023  -1.1023  -1.1024  -1.1024  -1.1026  -1.1030  -1.1040
 -1.1064  -1.1126  -1.1280  -1.1657  -1.2556  -1.4546  -1.8237  -2.3247  -2.8587
 -3.3914  -3.9210  -4.4577  -5.0396  -5.7031  -6.2482  -6.7430  -7.2483  -7.7494
 -8.2507  -8.7513  -9.2518  -9.7521 -10.2523 -10.7523 -11.2525 -11.7525 -12.2525
-12.7526 -13.2529 -13.7537 -14.2551 -14.7572 -15.2602 -15.7642 -16.2694 -16.7760
  0.0000  -1.1207  -1.1207  -1.1207  -1.1207  -1.1208  -1.1209  -1.1213  -1.1221
 -1.1242  -1.1296  -1.1429  -1.1760  -1.2561  -1.4392  -1.8032  -2.3204  -2.8638
 -3.3930  -3.9190  -4.4541  -5.0350  -5.6979  -6.2441  -6.7403  -7.2466  -7.7485
 -8.2503  -8.7513  -9.2519  -9.7523 -10.2525 -10.7527 -11.2527 -11.7528 -12.2529
-12.7531 -13.2532 -13.7533 -14.2534 -14.7536 -15.2538 -15.7541 -16.2543 -16.7547
  0.0000  -1.1571  -1.1571  -1.1571  -1.1571  -1.1572  -1.1573  -1.1575  -1.1582
 -1.1599  -1.1641  -1.1747  -1.2010  -1.2659  -1.4194  -1.7537  -2.2942  -2.8680
 -3.3981  -3.9206  -4.4529  -5.0312  -5.6920  -6.2391  -6.7374  -7.2449  -7.7478
 -8.2504  -8.7519  -9.2529  -9.7535 -10.2539 -10.7541 -11.2543 -11.7544 -12.2544
-12.7546 -13.2553 -13.7570 -14.2598 -14.7642 -15.2704 -15.7789 -16.2898 -16.8035
  0.0000  -1.2126  -1.2126  -1.2126  -1.2126  -1.2126  -1.2127  -1.2129  -1.2134
 -1.2146  -1.2176  -1.2251  -1.2439  -1.2904  -1.4051  -1.6698  -2.2034  -2.8456
 -3.4054  -3.9245  -4.4519  -5.0254  -5.6817  -6.2285  -6.7286  -7.2382  -7.7425
 -8.2462  -8.7486  -9.2501  -9.7510 -10.2516 -10.7520 -11.2522 -11.7524 -12.2526
-12.7528 -13.2530 -13.7531 -14.2532 -14.7533 -15.2532 -15.7531 -16.2529 -16.7526
  0.0000  -1.2947  -1.2947  -1.2947  -1.2948  -1.2948  -1.2948  -1.2949  -1.2952
 -1.2960  -1.2979  -1.3027  -1.3148  -1.3448  -1.4199  -1.6014  -2.0223  -2.7469
 -3.4029  -3.9351  -4.4594  -5.0271  -5.6763  -6.2197  -6.7200  -7.2313  -7.7378
 -8.2430  -8.7465  -9.2489  -9.7504 -10.2513 -10.7519 -11.2523 -11.7525 -12.2527
-12.7529 -13.2532 -13.7537 -14.2543 -14.7550 -15.2561 -15.7574 -16.2591 -16.7612
  0.0000  -1.3979  -1.3979  -1.3979  -1.3979  -1.3979  -1.3980  -1.3980  -1.3982
 -1.3987  -1.3998  -1.4026  -1.4097  -1.4275  -1.4716  -1.5836  -1.8475  -2.4712
 -3.3151  -3.9466  -4.4689  -5.0366  -5.6779  -6.2140  -6.7108  -7.2223  -7.7305
 -8.2377  -8.7427  -9.2461  -9.7485 -10.2500 -10.7509 -11.2515 -11.7519 -12.2522
-12.7527 -13.2541 -13.7566 -14.2607 -14.7669 -15.2756 -15.7872 -16.3021 -16.8209
  0.0000  -1.0936  -1.0936  -1.0936  -1.0936  -1.0937  -1.0939  -1.0943  -1.0954
 -1.0982  -1.1052  -1.1219  -1.1621  -1.2567  -1.4616  -1.8265  -2.3208  -2.8584
 -3.4153  -3.9760  -4.6798  -5.2465  -5.7391  -6.2470  -6.7485  -7.2502  -7.7511
 -8.2517  -8.7521  -9.2523  -9.7524 -10.2526 -10.7526 -11.2526 -11.7526 -12.2528
-12.7528 -13.2525 -13.7519 -14.2506 -14.7487 -15.2460 -15.7422 -16.2373 -16.7311
  0.0000  -1.0938  -1.0938  -1.0938  -1.0938  -1.0939  -1.0940  -1.0945  -1.0956
 -1.0984  -1.1053  -1.1220  -1.1622  -1.2567  -1.4614  -1.8270  -2.3214  -2.8575
 -3.4120  -3.9730  -4.6760  -5.2430  -5.7370  -6.2454  -6.7475  -7.2496  -7.7507
 -8.2514  -8.7519  -9.2522  -9.7524 -10.2524 -10.7526 -11.2526 -11.7526 -12.2526
-12.7526 -13.2525 -13.7522 -14.2519 -14.7513 -15.2505 -15.7494 -16.2480 -16.7463
  0.0000  -1.0924  -1.0924  -1.0924  -1.0924  -1.0925  -1.0926  -1.0931  -1.0941
 -1.0969  -1.1036  -1.1202  -1.1604  -1.2551  -1.4613  -1.8316  -2.3283  -2.8610
 -3.4103  -3.9694  -4.6702  -5.2377  -5.7334  -6.2427  -6.7457  -7.2485  -7.7500
 -8.2510  -8.7516  -9.2520  -9.7522 -10.2524 -10.7525 -11.2525 -11.7526 -12.2526
-12.7527 -13.2532 -13.7544 -14.2564 -14.7595 -15.2638 -15.7697 -16.2774 -16.7870
  0.0000  -1.0945  -1.0945  -1.0945  -1.0945  -1.0946  -1.0948  -1.0952  -1.0962
 -1.0987  -1.1051  -1.1209  -1.1598  -1.2522  -1.4566  -1.8333  -2.3384  -2.8701
 -3.4121  -3.9667  -4.6634  -5.2304  -5.7277  -6.2388  -6.7429  -7.2466  -7.7488
 -8.2502  -8.7511  -9.2517  -9.7520 -10.2522 -10.7524 -11.2526 -11.7526 -12.2526
-12.7526 -13.2529 -13.7535 -14.2545 -14.7561 -15.2583 -15.7613 -16.2652 -16.7701
  0.0000  -1.1066  -1.1066  -1.1066  -1.1067  -1.1067  -1.1069  -1.1072  -1.1081
 -1.1104  -1.1161  -1.1302  -1.1652  -1.2500  -1.4427  -1.8206  -2.3443  -2.8839
 -3.4196  -3.9675  -4.6577  -5.2220  -5.7200  -6.2326  -6.7386  -7.2436  -7.7468
 -8.2489  -8.7503  -9.2512  -9.7518 -10.2521 -10.7523 -11.2525 -11.7525 -12.2526
-12.7527 -13.2527 -13.7527 -14.2524 -14.7521 -15.2515 -15.7506 -16.2495 -16.7481
  0.0000  -1.1360  -1.1360  -1.1360  -1.1361  -1.1361  -1.1362  -1.1365  -1.1372
 -1.1391  -1.1437  -1.1552  -1.1837  -1.2541  -1.4195  -1.7747  -2.3269  -2.8955
 -3.4325  -3.9744  -4.6573  -5.2151  -5.7106  -6.2239  -6.7318  -7.2387  -7.7432
 -8.2464  -8.7485  -9.2498  -9.7506 -10.2512 -10.7515 -11.2517 -11.7519 -12.2519
-12.7521 -13.2526 -13.7533 -14.2547 -14.7566 -15.2594 -15.7631 -16.2678 -16.7738
  0.0000  -1.1907  -1.1907  -1.1907  -1.1907  -1.1907  -1.1908  -1.1910  -1.1915
 -1.1929  -1.1962  -1.2045  -1.2252  -1.2767  -1.4026  -1.6914  -2.2501  -2.8858
 -3.4483  -3.9886  -4.6679  -5.2167  -5.7046  -6.2158  -6.7245  -7.2332  -7.7395
 -8.2440  -8.7471  -9.2492  -9.7504 -10.2512 -10.7518 -11.2521 -11.7523 -12.2525
-12.7528 -13.2532 -13.7538 -14.2548 -14.7562 -15.2582 -15.7607 -16.2639 -16.7679
  0.0000  -1.0963  -1.0963  -1.0963  -1.0963  -1.0964  -1.0966  -1.0970  -1.0980
 -1.1005  -1.1069  -1.1225  -1.1605  -1.2510  -1.4521  -1.8172  -2.3250  -2.8770
 -3.5960  -4.2154  -4.7289  -5.2392  -5.7444  -6.2477  -6.7496  -7.2507  -7.7515
 -8.2520  -8.7522  -9.2524  -9.7524 -10.2526 -10.7526 -11.2526 -11.7526 -12.2528
-12.7528 -13.2525 -13.7519 -14.2506 -14.7487 -15.2459 -15.7422 -16.2372 -16.7310
  0.0000  -1.0993  -1.0993  -1.0994  -1.0994  -1.0995  -1.0996  -1.1000  -1.1011
 -1.1037  -1.1101  -1.1257  -1.1632  -1.2525  -1.4502  -1.8121  -2.3196  -2.8729
 -3.5924  -4.2124  -4.7268  -5.2377  -5.7433  -6.2471  -6.7492  -7.2505  -7.7513
 -8.2519  -8.7521  -9.2523  -9.7525 -10.2526 -10.7526 -11.2526 -11.7526 -12.2528
-12.7528 -13.2525 -13.7519 -14.2507 -14.7488 -15.2460 -15.7423 -16.2374 -16.7312
  0.0000  -1.0953  -1.0953  -1.0953  -1.0954  -1.0954  -1.0956  -1.0961  -1.0972
 -1.0999  -1.1067  -1.1227  -1.1613  -1.2528  -1.4531  -1.8162  -2.3221  -2.8725
 -3.5882  -4.2072  -4.7225  -5.2347  -5.7412  -6.2456  -6.7483  -7.2500  -7.7510
 -8.2516  -8.7520  -9.2522  -9.7524 -10.2525 -10.7526 -11.2526 -11.7526 -12.2528
-12.7527 -13.2523 -13.7513 -14.2494 -14.7465 -15.2424 -15.7367 -16.2293 -16.7200
  0.0000  -1.0881  -1.0881  -1.0881  -1.0882  -1.0882  -1.0884  -1.0889  -1.0900
 -1.0929  -1.0999  -1.1166  -1.1567  -1.2514  -1.4576  -1.8267  -2.3320  -2.8770
 -3.5853  -4.2007  -4.7163  -5.2298  -5.7378  -6.2432  -6.7466  -7.2489  -7.7503
 -8.2512  -8.7518  -9.2521  -9.7523 -10.2524 -10.7526 -11.2526 -11.7526 -12.2526
-12.7525 -13.2524 -13.7522 -14.2518 -14.7512 -15.2503 -15.7491 -16.2476 -16.7457
  0.0000  -1.0810  -1.0810  -1.0810  -1.0811  -1.0811  -1.0813  -1.0818  -1.0829
 -1.0857  -1.0927  -1.1097  -1.1510  -1.2483  -1.4605  -1.8396  -2.3486  -2.8883
 -3.5868  -4.1953  -4.7087  -5.2227  -5.7324  -6.2394  -6.7441  -7.2472  -7.7493
 -8.2505  -8.7513  -9.2518  -9.7521 -10.2523 -10.7524 -11.2526 -11.7526 -12.2526
-12.7527 -13.2531 -13.7539 -14.2554 -14.7577 -15.2610 -15.7654 -16.2711 -16.7783
  0.0000  -1.0791  -1.0791  -1.0791  -1.0791  -1.0792  -1.0793  -1.0798  -1.0808
 -1.0835  -1.0902  -1.1068  -1.1475  -1.2441  -1.4578  -1.8474  -2.3672  -2.9064
 -3.5967  -4.1953  -4.7021  -5.2144  -5.7251  -6.2340  -6.7402  -7.2445  -7.7476
 -8.2494  -8.7506  -9.2513  -9.7519 -10.2521 -10.7523 -11.2525 -11.7525 -12.2527
-12.7527 -13.2527 -13.7525 -14.2522 -14.7516 -15.2506 -15.7494 -16.2477 -16.7456
  0.0000  -1.0893  -1.0893  -1.0893  -1.0893  -1.0894  -1.0895  -1.0899  -1.0909
 -1.0933  -1.0993  -1.1144  -1.1515  -1.2411  -1.4445  -1.8375  -2.3778  -2.9270
 -3.6162  -4.2055  -4.7012  -5.2075  -5.7171  -6.2271  -6.7352  -7.2412  -7.7452
 -8.2480  -8.7498  -9.2509  -9.7516 -10.2521 -10.7524 -11.2526 -11.7526 -12.2528
-12.7528 -13.2527 -13.7524 -14.2518 -14.7509 -15.2495 -15.7475 -16.2450 -16.7418
-10.0000  -1.0307  -1.0307  -1.0308  -1.0310  -1.0316  -1.0331  -1.0362  -1.0420
 -1.0494  -1.0573  -1.0758  -1.1250  -1.2410  -1.4869  -1.8988  -2.4149  -2.9412
 -3.6247  -4.2082  -4.7015  -5.2077  -5.7170  -6.2269  -6.7350  -7.2410  -7.7450
 -8.2478  -8.7496  -9.2507  -9.7514 -10.2519 -10.7522 -11.2524 -11.7524 -12.2526
-12.7526 -13.2525 -13.7522 -14.2516 -14.7507 -15.2493 -15.7473 -16.2448 -16.7416
-10.0000  -1.0320  -1.0320  -1.0321  -1.0323  -1.0328  -1.0339  -1.0366  -1.0418
 -1.0491  -1.0574  -1.0760  -1.1251  -1.2410  -1.4867  -1.8986  -2.4147  -2.9411
 -3.6247  -4.2082  -4.7015  -5.2077  -5.7170  -6.2269  -6.7350  -7.2410  -7.7450
 -8.2478  -8.7496  -9.2507  -9.7514 -10.2519 -10.7522 -11.2524 -11.7524 -12.2526
-12.7526 -13.2525 -13.7522 -14.2516 -14.7507 -15.2493 -15.7473 -16.2448 -16.7416
-10.0000  -1.0340  -1.0340  -1.0340  -1.0342  -1.0346  -1.0354  -1.0375  -1.0417
 -1.0487  -1.0576  -1.0764  -1.1252  -1.2409  -1.4864  -1.8982  -2.4145  -2.9410
 -3.6246  -4.2082  -4.7015  -5.2077  -5.7170  -6.2269  -6.7350  -7.2410  -7.7450
 -8.2478  -8.7496  -9.2507  -9.7514 -10.2519 -10.7522 -11.2524 -11.7524 -12.2526
-12.7526 -13.2525 -13.7522 -14.2516 -14.7507 -15.2493 -15.7473 -16.2448 -16.7416
-10.0000  -1.0367  -1.0367  -1.0368  -1.0369  -1.0371  -1.0377  -1.0391  -1.0422
 -1.0483  -1.0579  -1.0771  -1.1256  -1.2408  -1.4857  -1.8973  -2.4140  -2.9408
 -3.6245  -4.2082  -4.7015  -5.2077  -5.7170  -6.2269  -6.7350  -7.2410  -7.7450
 -8.2478  -8.7496  -9.2507  -9.7514 -10.2519 -10.7522 -11.2524 -11.7524 -12.2526
-12.7526 -13.2525 -13.7522 -14.2516 -14.7507 -15.2493 -15.7473 -16.2448 -16.7416
-10.0000  -1.0402  -1.0402  -1.0403  -1.0403  -1.0405  -1.0408  -1.0418  -1.0440
 -1.0488  -1.0585  -1.0783  -1.1264  -1.2406  -1.4842  -1.8956  -2.4131  -2.9405
 -3.6243  -4.2081  -4.7014  -5.2077  -5.7170  -6.2269  -6.7350  -7.2410  -7.7450
 -8.2478  -8.7496  -9.2507  -9.7514 -10.2519 -10.7522 -11.2524 -11.7524 -12.2526
-12.7526 -13.2525 -13.7522 -14.2516 -14.7507 -15.2493 -15.7473 -16.2448 -16.7416
-10.0000  -1.0448  -1.0448  -1.0448  -1.0448  -1.0450  -1.0452  -1.0459  -1.0475
 -1.0513  -1.0603  -1.0804  -1.1279  -1.2402  -1.4814  -1.8922  -2.4111  -2.9397
 -3.6238  -4.2079  -4.7014  -5.2077  -5.7170  -6.2269  -6.7350  -7.2410  -7.7450
 -8.2478  -8.7496  -9.2507  -9.7514 -10.2519 -10.7522 -11.2524 -11.7524 -12.2526
-12.7526 -13.2525 -13.7522 -14.2516 -14.7507 -15.2493 -15.7473 -16.2448 -16.7416
-10.0000  -1.0516  -1.0516  -1.0516  -1.0517  -1.0517  -1.0519  -1.0525  -1.0538
 -1.0571  -1.0651  -1.0845  -1.1308  -1.2397  -1.4759  -1.8855  -2.4073  -2.9382
 -3.6229  -4.2076  -4.7014  -5.2076  -5.7170  -6.2269  -6.7350  -7.2410  -7.7450
 -8.2478  -8.7496  -9.2507  -9.7514 -10.2519 -10.7522 -11.2524 -11.7524 -12.2526
-12.7526 -13.2525 -13.7522 -14.2516 -14.7507 -15.2493 -15.7473 -16.2448 -16.7416
 -2.0000  -1.0711  -1.0711  -1.0711  -1.0711  -1.0712  -1.0713  -1.0717  -1.0725
 -1.0747  -1.0801  -1.0939  -1.1282  -1.2154  -1.4231  -1.8810  -2.5415  -3.1607
 -3.7033  -4.2250  -4.7373  -5.2442  -5.7484  -6.2507  -6.7522  -7.2530  -7.7536
 -8.2538  -8.7540  -9.2542  -9.7543 -10.2543 -10.7543 -11.2544 -11.7544 -12.2544
-12.7545 -13.2550 -13.7560 -14.2577 -14.7605 -15.2643 -15.7695 -16.2763 -16.7848
 -1.0000  -1.0711  -1.0711  -1.0712  -1.0712  -1.0712  -1.0714  -1.0717  -1.0725
 -1.0747  -1.0801  -1.0939  -1.1282  -1.2154  -1.4231  -1.8809  -2.5414  -3.1607
 -3.7033  -4.2250  -4.7373  -5.2442  -5.7484  -6.2507  -6.7522  -7.2530  -7.7536
 -8.2538  -8.7540  -9.2542  -9.7543 -10.2543 -10.7543 -11.2544 -11.7544 -12.2544
-12.7545 -13.2550 -13.7560 -14.2577 -14.7605 -15.2643 -15.7695 -16.2763 -16.7848
  0.0000  -1.0712  -1.0712  -1.0712  -1.0712  -1.0713  -1.0714  -1.0718  -1.0726
 -1.0748  -1.0802  -1.0939  -1.1282  -1.2154  -1.4231  -1.8808  -2.5413  -3.1607
 -3.7033  -4.2250  -4.7373  -5.2442  -5.7484  -6.2507  -6.7522  -7.2530  -7.7536
 -8.2538  -8.7540  -9.2542  -9.7543 -10.2543 -10.7543 -11.2544 -11.7544 -12.2544
-12.7545 -13.2550 -13.7560 -14.2577 -14.7605 -15.2643 -15.7695 -16.2763 -16.7848
  0.0000  -1.0669  -1.0669  -1.0669  -1.0669  -1.0670  -1.0671  -1.0674  -1.0683
 -1.0706  -1.0763  -1.0909  -1.1267  -1.2164  -1.4258  -1.8871  -2.5422  -3.1570
 -3.6996  -4.2221  -4.7353  -5.2428  -5.7474  -6.2502  -6.7519  -7.2529  -7.7535
 -8.2538  -8.7541  -9.2543  -9.7544 -10.2544 -10.7544 -11.2545 -11.7545 -12.2545
-12.7546 -13.2551 -13.7561 -14.2578 -14.7605 -15.2644 -15.7696 -16.2764 -16.7848
  0.0000  -1.0559  -1.0559  -1.0559  -1.0559  -1.0560  -1.0561  -1.0565  -1.0575
 -1.0601  -1.0663  -1.0820  -1.1208  -1.2162  -1.4335  -1.9079  -2.5514  -3.1536
 -3.6940  -4.2168  -4.7313  -5.2401  -5.7456  -6.2490  -6.7511  -7.2523  -7.7531
 -8.2537  -8.7539  -9.2541  -9.7543 -10.2544 -10.7544 -11.2544 -11.7544 -12.2546
-12.7546 -13.2543 -13.7537 -14.2525 -14.7506 -15.2478 -15.7441 -16.2392 -16.7330
  0.0000  -1.0410  -1.0411  -1.0411  -1.0411  -1.0412  -1.0414  -1.0418  -1.0430
 -1.0458  -1.0526  -1.0696  -1.1116  -1.2142  -1.4428  -1.9396  -2.5709  -3.1537
 -3.6880  -4.2096  -4.7251  -5.2354  -5.7421  -6.2465  -6.7493  -7.2510  -7.7521
 -8.2528  -8.7533  -9.2535  -9.7537 -10.2537 -10.7539 -11.2539 -11.7539 -12.2539
-12.7539 -13.2538 -13.7535 -14.2532 -14.7526 -15.2518 -15.7507 -16.2492 -16.7474
  1.0000  -1.0427  -1.0427  -1.0427  -1.0427  -1.0428  -1.0430  -1.0434  -1.0445
 -1.0473  -1.0541  -1.0710  -1.1127  -1.2146  -1.4424  -1.9381  -2.5701  -3.1539
 -3.6883  -4.2101  -4.7256  -5.2359  -5.7426  -6.2470  -6.7498  -7.2515  -7.7526
 -8.2533  -8.7538  -9.2540  -9.7542 -10.2542 -10.7544 -11.2544 -11.7544 -12.2544
-12.7544 -13.2543 -13.7540 -14.2537 -14.7531 -15.2523 -15.7512 -16.2497 -16.7479
 -1.0000  -0.9898  -0.9898  -0.9898  -0.9899  -0.9899  -0.9901  -0.9907  -0.9919
 -0.9951  -1.0033  -1.0236  -1.0757  -1.2024  -1.5203  -2.0538  -2.6312  -3.1770
 -3.7056  -4.2235  -4.7344  -5.2410  -5.7451  -6.2477  -6.7492  -7.2501  -7.7507
 -8.2510  -8.7512  -9.2513  -9.7515 -10.2515 -10.7515 -11.2516 -11.7516 -12.2516
-12.7517 -13.2522 -13.7532 -14.2549 -14.7577 -15.2615 -15.7667 -16.2735 -16.7820
  0.0000  -0.9898  -0.9898  -0.9898  -0.9899  -0.9899  -0.9901  -0.9907  -0.9919
 -0.9951  -1.0033  -1.0236  -1.0757  -1.2024  -1.5203  -2.0538  -2.6312  -3.1770
 -3.7056  -4.2235  -4.7344  -5.2410  -5.7451  -6.2477  -6.7492  -7.2501  -7.7507
 -8.2510  -8.7512  -9.2513  -9.7515 -10.2515 -10.7515 -11.2516 -11.7516 -12.2516
-12.7517 -13.2522 -13.7532 -14.2549 -14.7577 -15.2615 -15.7667 -16.2735 -16.7820
  0.0000  -1.0174  -1.0174  -1.0174  -1.0174  -1.0175  -1.0176  -1.0180  -1.0190
 -1.0216  -1.0281  -1.0442  -1.0863  -1.1910  -1.4836  -2.0305  -2.6282  -3.1807
 -3.7105  -4.2275  -4.7372  -5.2430  -5.7464  -6.2484  -6.7496  -7.2502  -7.7507
 -8.2509  -8.7511  -9.2512  -9.7513 -10.2513 -10.7513 -11.2514 -11.7514 -12.2514
-12.7513 -13.2512 -13.7509 -14.2504 -14.7496 -15.2485 -15.7469 -16.2449 -16.7424
  0.0000  -1.0148  -1.0148  -1.0148  -1.0149  -1.0149  -1.0151  -1.0155  -1.0166
 -1.0193  -1.0261  -1.0429  -1.0864  -1.1927  -1.4854  -2.0308  -2.6273  -3.1795
 -3.7095  -4.2269  -4.7368  -5.2426  -5.7461  -6.2482  -6.7493  -7.2501  -7.7506
 -8.2508  -8.7510  -9.2510  -9.7512 -10.2512 -10.7513 -11.2513 -11.7513 -12.2513
-12.7512 -13.2511 -13.7508 -14.2503 -14.7495 -15.2484 -15.7469 -16.2450 -16.7425
  0.0000  -0.9978  -0.9978  -0.9978  -0.9979  -0.9979  -0.9981  -0.9986  -0.9999
 -1.0030  -1.0109  -1.0306  -1.0806  -1.1997  -1.5064  -2.0430  -2.6271  -3.1758
 -3.7054  -4.2235  -4.7344  -5.2408  -5.7449  -6.2472  -6.7487  -7.2496  -7.7501
 -8.2504  -8.7506  -9.2507  -9.7509 -10.2509 -10.7509 -11.2510 -11.7510 -12.2510
-12.7511 -13.2516 -13.7526 -14.2543 -14.7571 -15.2609 -15.7661 -16.2729 -16.7814
  0.0000  -0.9747  -0.9747  -0.9747  -0.9748  -0.9749  -0.9751  -0.9757  -0.9771
 -0.9808  -0.9901  -1.0133  -1.0716  -1.2099  -1.5402  -2.0663  -2.6312  -3.1723
 -3.7003  -4.2191  -4.7311  -5.2387  -5.7434  -6.2465  -6.7483  -7.2494  -7.7501
 -8.2506  -8.7508  -9.2510  -9.7510 -10.2512 -10.7512 -11.2512 -11.7512 -12.2514
-12.7514 -13.2511 -13.7505 -14.2492 -14.7473 -15.2445 -15.7408 -16.2358 -16.7296
  0.0000  -0.9500  -0.9500  -0.9501  -0.9501  -0.9502  -0.9505  -0.9511  -0.9528
 -0.9570  -0.9676  -0.9939  -1.0600  -1.2194  -1.5782  -2.0967  -2.6404  -3.1705
 -3.6944  -4.2128  -4.7259  -5.2348  -5.7405  -6.2444  -6.7467  -7.2482  -7.7491
 -8.2497  -8.7501  -9.2503  -9.7504 -10.2506 -10.7506 -11.2506 -11.7506 -12.2508
-12.7508 -13.2505 -13.7499 -14.2486 -14.7467 -15.2440 -15.7402 -16.2353 -16.7291
 -2.0000  -1.0016  -1.0016  -1.0016  -1.0016  -1.0016  -1.0015  -1.0014  -1.0013
 -1.0010  -1.0011  -1.0059  -1.0392  -1.1863  -1.5644  -2.1038  -2.6585  -3.1955
 -3.7204  -4.2355  -4.7445  -5.2500  -5.7533  -6.2553  -6.7565  -7.2572  -7.7577
 -8.2579  -8.7581  -9.2582  -9.7583 -10.2583 -10.7583 -11.2584 -11.7584 -12.2584
-12.7583 -13.2582 -13.7579 -14.2574 -14.7566 -15.2555 -15.7539 -16.2519 -16.7494
 -1.0000  -1.0016  -1.0016  -1.0016  -1.0016  -1.0016  -1.0015  -1.0014  -1.0013
 -1.0010  -1.0011  -1.0059  -1.0392  -1.1863  -1.5644  -2.1038  -2.6585  -3.1955
 -3.7204  -4.2355  -4.7445  -5.2500  -5.7533  -6.2553  -6.7565  -7.2572  -7.7577
 -8.2579  -8.7581  -9.2582  -9.7583 -10.2583 -10.7583 -11.2584 -11.7584 -12.2584
-12.7583 -13.2582 -13.7579 -14.2574 -14.7566 -15.2555 -15.7539 -16.2519 -16.7494
  0.0000  -1.0016  -1.0016  -1.0016  -1.0016  -1.0016  -1.0015  -1.0014  -1.0013
 -1.0010  -1.0011  -1.0059  -1.0392  -1.1863  -1.5644  -2.1038  -2.6585  -3.1955
 -3.7204  -4.2355  -4.7445  -5.2500  -5.7533  -6.2553  -6.7565  -7.2572  -7.7577
 -8.2579  -8.7581  -9.2582  -9.7583 -10.2583 -10.7583 -11.2584 -11.7584 -12.2584
-12.7583 -13.2582 -13.7579 -14.2574 -14.7566 -15.2555 -15.7539 -16.2519 -16.7494
  0.0000  -1.0351  -1.0351  -1.0350  -1.0350  -1.0349  -1.0348  -1.0344  -1.0334
 -1.0312  -1.0267  -1.0222  -1.0388  -1.1650  -1.5424  -2.0965  -2.6601  -3.1992
 -3.7239  -4.2383  -4.7465  -5.2515  -5.7544  -6.2561  -6.7572  -7.2578  -7.7581
 -8.2583  -8.7584  -9.2586  -9.7586 -10.2586 -10.7587 -11.2587 -11.7587 -12.2587
-12.7586 -13.2585 -13.7582 -14.2578 -14.7570 -15.2560 -15.7546 -16.2528 -16.7505
  0.0000  -1.0206  -1.0206  -1.0206  -1.0206  -1.0206  -1.0205  -1.0202  -1.0197
 -1.0183  -1.0159  -1.0156  -1.0392  -1.1739  -1.5512  -2.0993  -2.6594  -3.1978
 -3.7227  -4.2373  -4.7458  -5.2511  -5.7542  -6.2560  -6.7571  -7.2577  -7.7581
 -8.2584  -8.7586  -9.2587  -9.7587 -10.2587 -10.7588 -11.2588 -11.7588 -12.2588
-12.7587 -13.2586 -13.7583 -14.2579 -14.7571 -15.2561 -15.7547 -16.2529 -16.7506
  0.0000  -0.9861  -0.9861  -0.9861  -0.9861  -0.9861  -0.9861  -0.9862  -0.9865
 -0.9872  -0.9896  -0.9993  -1.0405  -1.1964  -1.5743  -2.1074  -2.6583  -3.1943
 -3.7191  -4.2346  -4.7440  -5.2498  -5.7534  -6.2555  -6.7567  -7.2575  -7.7580
 -8.2583  -8.7585  -9.2585  -9.7587 -10.2587 -10.7587 -11.2588 -11.7588 -12.2588
-12.7589 -13.2594 -13.7604 -14.2621 -14.7649 -15.2687 -15.7739 -16.2807 -16.7892
  0.0000  -0.9473  -0.9473  -0.9473  -0.9473  -0.9472  -0.9472  -0.9475  -0.9486
 -0.9515  -0.9592  -0.9796  -1.0413  -1.2235  -1.6040  -2.1203  -2.6587  -3.1901
 -3.7141  -4.2304  -4.7410  -5.2474  -5.7516  -6.2542  -6.7558  -7.2567  -7.7572
 -8.2577  -8.7579  -9.2580  -9.7582 -10.2582 -10.7582 -11.2583 -11.7583 -12.2583
-12.7584 -13.2589 -13.7599 -14.2616 -14.7644 -15.2682 -15.7734 -16.2802 -16.7887
 -2.0000  -0.9035  -0.9036  -0.9036  -0.9036  -0.9035  -0.9035  -0.9035  -0.9036
 -0.9044  -0.9091  -0.9345  -1.0257  -1.2762  -1.6810  -2.1668  -2.6791  -3.1964
 -3.7132  -4.2273  -4.7382  -5.2458  -5.7510  -6.2543  -6.7564  -7.2578  -7.7586
 -8.2592  -8.7595  -9.2597  -9.7598 -10.2600 -10.7600 -11.2600 -11.7600 -12.2602
-12.7602 -13.2599 -13.7593 -14.2581 -14.7561 -15.2534 -15.7496 -16.2447 -16.7385
 -1.0000  -0.9036  -0.9036  -0.9036  -0.9036  -0.9035  -0.9035  -0.9035  -0.9036
 -0.9044  -0.9091  -0.9345  -1.0257  -1.2762  -1.6810  -2.1668  -2.6791  -3.1964
 -3.7132  -4.2273  -4.7382  -5.2458  -5.7510  -6.2543  -6.7564  -7.2578  -7.7586
 -8.2592  -8.7595  -9.2597  -9.7598 -10.2600 -10.7600 -11.2600 -11.7600 -12.2602
-12.7602 -13.2599 -13.7593 -14.2581 -14.7561 -15.2534 -15.7496 -16.2447 -16.7385
  0.0000  -0.9036  -0.9036  -0.9036  -0.9036  -0.9035  -0.9035  -0.9035  -0.9036
 -0.9044  -0.9091  -0.9345  -1.0257  -1.2762  -1.6810  -2.1668  -2.6791  -3.1964
 -3.7132  -4.2273  -4.7382  -5.2458  -5.7510  -6.2543  -6.7564  -7.2578  -7.7586
 -8.2592  -8.7595  -9.2597  -9.7598 -10.2600 -10.7600 -11.2600 -11.7600 -12.2602
-12.7602 -13.2599 -13.7593 -14.2581 -14.7561 -15.2534 -15.7496 -16.2447 -16.7385
  0.0000  -1.0615  -1.0615  -1.0615  -1.0614  -1.0611  -1.0604  -1.0587  -1.0546
 -1.0452  -1.0262  -1.0024  -1.0041  -1.1667  -1.5754  -2.1148  -2.6666  -3.2031
 -3.7261  -4.2397  -4.7477  -5.2525  -5.7552  -6.2569  -6.7579  -7.2585  -7.7588
 -8.2590  -8.7591  -9.2593  -9.7593 -10.2593 -10.7594 -11.2594 -11.7594 -12.2594
-12.7593 -13.2592 -13.7589 -14.2585 -14.7577 -15.2567 -15.7553 -16.2535 -16.7512
  0.0000  -1.0857  -1.0857  -1.0856  -1.0855  -1.0852  -1.0844  -1.0823  -1.0774
 -1.0663  -1.0434  -1.0121  -1.0012  -1.1529  -1.5655  -2.1129  -2.6680  -3.2051
 -3.7278  -4.2409  -4.7487  -5.2531  -5.7557  -6.2573  -6.7581  -7.2587  -7.7590
 -8.2592  -8.7592  -9.2594  -9.7594 -10.2594 -10.7595 -11.2595 -11.7595 -12.2595
-12.7594 -13.2593 -13.7590 -14.2586 -14.7578 -15.2568 -15.7554 -16.2536 -16.7513
  0.0000  -1.0655  -1.0655  -1.0655  -1.0653  -1.0651  -1.0643  -1.0625  -1.0582
 -1.0483  -1.0285  -1.0035  -1.0035  -1.1650  -1.5744  -2.1148  -2.6669  -3.2035
 -3.7264  -4.2400  -4.7479  -5.2527  -5.7555  -6.2572  -6.7581  -7.2587  -7.7590
 -8.2592  -8.7593  -9.2595  -9.7595 -10.2595 -10.7596 -11.2596 -11.7596 -12.2596
-12.7595 -13.2594 -13.7591 -14.2587 -14.7579 -15.2569 -15.7555 -16.2537 -16.7514
  0.0000  -1.0331  -1.0331  -1.0331  -1.0330  -1.0327  -1.0321  -1.0307  -1.0272
 -1.0195  -1.0044  -0.9892  -1.0074  -1.1856  -1.5904  -2.1191  -2.6656  -3.2008
 -3.7240  -4.2383  -4.7467  -5.2519  -5.7551  -6.2569  -6.7580  -7.2586  -7.7590
 -8.2592  -8.7594  -9.2596  -9.7596 -10.2596 -10.7597 -11.2597 -11.7597 -12.2597
-12.7596 -13.2595 -13.7592 -14.2588 -14.7580 -15.2570 -15.7556 -16.2538 -16.7515
-12.0000  -1.0332  -1.0332  -1.0331  -1.0330  -1.0328  -1.0322  -1.0308  -1.0273
 -1.0195  -1.0044  -0.9892  -1.0073  -1.1856  -1.5905  -2.1191  -2.6656  -3.2008
 -3.7240  -4.2383  -4.7467  -5.2519  -5.7551  -6.2569  -6.7580  -7.2586  -7.7590
 -8.2592  -8.7594  -9.2596  -9.7596 -10.2596 -10.7597 -11.2597 -11.7597 -12.2597
-12.7596 -13.2595 -13.7592 -14.2588 -14.7580 -15.2570 -15.7556 -16.2538 -16.7515
-11.0000  -1.0332  -1.0332  -1.0331  -1.0330  -1.0328  -1.0322  -1.0308  -1.0273
 -1.0195  -1.0044  -0.9892  -1.0073  -1.1856  -1.5905  -2.1191  -2.6656  -3.2008
 -3.7240  -4.2383  -4.7467  -5.2519  -5.7551  -6.2569  -6.7580  -7.2586  -7.7590
 -8.2592  -8.7594  -9.2596  -9.7596 -10.2596 -10.7597 -11.2597 -11.7597 -12.2597
-12.7596 -13.2595 -13.7592 -14.2588 -14.7580 -15.2570 -15.7556 -16.2538 -16.7515
-10.0000  -1.0332  -1.0332  -1.0331  -1.0330  -1.0328  -1.0322  -1.0308  -1.0273
 -1.0195  -1.0044  -0.9892  -1.0073  -1.1856  -1.5905  -2.1191  -2.6656  -3.2008
 -3.7240  -4.2383  -4.7467  -5.2519  -5.7551  -6.2569  -6.7580  -7.2586  -7.7590
 -8.2592  -8.7594  -9.2596  -9.7596 -10.2596 -10.7597 -11.2597 -11.7597 -12.2597
-12.7596 -13.2595 -13.7592 -14.2588 -14.7580 -15.2570 -15.7556 -16.2538 -16.7515
-10.0000  -1.0332  -1.0332  -1.0331  -1.0330  -1.0328  -1.0322  -1.0308  -1.0273
 -1.0195  -1.0044  -0.9892  -1.0073  -1.1856  -1.5905  -2.1191  -2.6656  -3.2008
 -3.7240  -4.2383  -4.7467  -5.2519  -5.7551  -6.2569  -6.7580  -7.2586  -7.7590
 -8.2592  -8.7594  -9.2596  -9.7596 -10.2596 -10.7597 -11.2597 -11.7597 -12.2597
-12.7596 -13.2595 -13.7592 -14.2588 -14.7580 -15.2570 -15.7556 -16.2538 -16.7515
-10.0000  -1.0333  -1.0333  -1.0332  -1.0331  -1.0329  -1.0323  -1.0309  -1.0274
 -1.0196  -1.0045  -0.9893  -1.0074  -1.1857  -1.5906  -2.1192  -2.6657  -3.2009
 -3.7241  -4.2384  -4.7468  -5.2520  -5.7552  -6.2570  -6.7581  -7.2587  -7.7591
 -8.2593  -8.7595  -9.2597  -9.7597 -10.2597 -10.7598 -11.2598 -11.7598 -12.2598
-12.7597 -13.2596 -13.7593 -14.2589 -14.7581 -15.2571 -15.7557 -16.2539 -16.7516
-10.0000  -1.0333  -1.0333  -1.0332  -1.0331  -1.0329  -1.0323  -1.0309  -1.0274
 -1.0196  -1.0045  -0.9893  -1.0074  -1.1857  -1.5906  -2.1192  -2.6657  -3.2009
 -3.7241  -4.2384  -4.7468  -5.2520  -5.7552  -6.2570  -6.7581  -7.2587  -7.7591
 -8.2593  -8.7595  -9.2597  -9.7597 -10.2597 -10.7598 -11.2598 -11.7598 -12.2598
-12.7597 -13.2596 -13.7593 -14.2589 -14.7581 -15.2571 -15.7557 -16.2539 -16.7516
-10.0000  -1.0332  -1.0332  -1.0331  -1.0330  -1.0328  -1.0322  -1.0308  -1.0273
 -1.0195  -1.0044  -0.9892  -1.0073  -1.1856  -1.5905  -2.1191  -2.6656  -3.2008
 -3.7240  -4.2383  -4.7467  -5.2519  -5.7551  -6.2569  -6.7580  -7.2586  -7.7590
 -8.2592  -8.7594  -9.2596  -9.7596 -10.2596 -10.7597 -11.2597 -11.7597 -12.2597
-12.7596 -13.2595 -13.7592 -14.2588 -14.7580 -15.2570 -15.7556 -16.2538 -16.7515
-22.0000  -1.0332  -1.0332  -1.0331  -1.0330  -1.0328  -1.0322  -1.0308  -1.0273
 -1.0195  -1.0044  -0.9892  -1.0073  -1.1856  -1.5905  -2.1191  -2.6656  -3.2008
 -3.7240  -4.2383  -4.7467  -5.2519  -5.7551  -6.2569  -6.7580  -7.2586  -7.7590
 -8.2592  -8.7594  -9.2596  -9.7596 -10.2596 -10.7597 -11.2597 -11.7597 -12.2597
-12.7596 -13.2595 -13.7592 -14.2588 -14.7580 -15.2570 -15.7556 -16.2538 -16.7515
-21.0000  -1.0332  -1.0332  -1.0331  -1.0330  -1.0328  -1.0322  -1.0308  -1.0273
 -1.0195  -1.0044  -0.9892  -1.0073  -1.1856  -1.5905  -2.1191  -2.6656  -3.2008
 -3.7240  -4.2383  -4.7467  -5.2519  -5.7551  -6.2569  -6.7580  -7.2586  -7.7590
 -8.2592  -8.7594  -9.2596  -9.7596 -10.2596 -10.7597 -11.2597 -11.7597 -12.2597
-12.7596 -13.2595 -13.7592 -14.2588 -14.7580 -15.2570 -15.7556 -16.2538 -16.7515
-20.0000  -1.0332  -1.0332  -1.0331  -1.0330  -1.0328  -1.0322  -1.0308  -1.0273
 -1.0195  -1.0044  -0.9892  -1.0073  -1.1856  -1.5905  -2.1191  -2.6656  -3.2008
 -3.7240  -4.2383  -4.7467  -5.2519  -5.7551  -6.2569  -6.7580  -7.2586  -7.7590
 -8.2592  -8.7594  -9.2596  -9.7596 -10.2596 -10.7597 -11.2597 -11.7597 -12.2597
-12.7596 -13.2595 -13.7592 -14.2588 -14.7580 -15.2570 -15.7556 -16.2538 -16.7515
-20.0000  -1.0332  -1.0332  -1.0331  -1.0330  -1.0328  -1.0322  -1.0308  -1.0273
 -1.0195  -1.0044  -0.9892  -1.0073  -1.1856  -1.5905  -2.1191  -2.6656  -3.2008
 -3.7240  -4.2383  -4.7467  -5.2519  -5.7551  -6.2569  -6.7580  -7.2586  -7.7590
 -8.2592  -8.7594  -9.2596  -9.7596 -10.2596 -10.7597 -11.2597 -11.7597 -12.2597
-12.7596 -13.2595 -13.7592 -14.2588 -14.7580 -15.2570 -15.7556 -16.2538 -16.7515
-20.0000  -1.0332  -1.0332  -1.0331  -1.0330  -1.0328  -1.0322  -1.0308  -1.0273
 -1.0195  -1.0044  -0.9892  -1.0073  -1.1856  -1.5905  -2.1191  -2.6656  -3.2008
 -3.7240  -4.2383  -4.7467  -5.2519  -5.7551  -6.2569  -6.7580  -7.2586  -7.7590
 -8.2592  -8.7594  -9.2596  -9.7596 -10.2596 -10.7597 -11.2597 -11.7597 -12.2597
-12.7596 -13.2595 -13.7592 -14.2588 -14.7580 -15.2570 -15.7556 -16.2538 -16.7515
-20.0000  -1.0332  -1.0332  -1.0331  -1.0330  -1.0328  -1.0322  -1.0308  -1.0273
 -1.0195  -1.0044  -0.9892  -1.0073  -1.1856  -1.5905  -2.1191  -2.6656  -3.2008
 -3.7240  -4.2383  -4.7467  -5.2519  -5.7551  -6.2569  -6.7580  -7.2586  -7.7590
 -8.2592  -8.7594  -9.2596  -9.7596 -10.2596 -10.7597 -11.2597 -11.7597 -12.2597
-12.7596 -13.2595 -13.7592 -14.2588 -14.7580 -15.2570 -15.7556 -16.2538 -16.7515
-20.0000  -1.0334  -1.0334  -1.0333  -1.0332  -1.0330  -1.0324  -1.0310  -1.0275
 -1.0197  -1.0046  -0.9894  -1.0075  -1.1858  -1.5907  -2.1193  -2.6658  -3.2010
 -3.7242  -4.2385  -4.7469  -5.2521  -5.7553  -6.2571  -6.7582  -7.2588  -7.7592
 -8.2594  -8.7596  -9.2598  -9.7598 -10.2598 -10.7599 -11.2599 -11.7599 -12.2599
-12.7598 -13.2597 -13.7594 -14.2590 -14.7582 -15.2572 -15.7558 -16.2540 -16.7517
-32.0000  -1.0331  -1.0331  -1.0330  -1.0329  -1.0327  -1.0321  -1.0307  -1.0272
 -1.0194  -1.0043  -0.9891  -1.0072  -1.1855  -1.5904  -2.1190  -2.6655  -3.2007
 -3.7239  -4.2382  -4.7466  -5.2518  -5.7550  -6.2568  -6.7579  -7.2585  -7.7589
 -8.2591  -8.7593  -9.2595  -9.7595 -10.2595 -10.7596 -11.2596 -11.7596 -12.2596
-12.7595 -13.2594 -13.7591 -14.2587 -14.7579 -15.2569 -15.7555 -16.2537 -16.7514
-31.0000  -1.0331  -1.0331  -1.0330  -1.0329  -1.0327  -1.0321  -1.0307  -1.0272
 -1.0194  -1.0043  -0.9891  -1.0072  -1.1855  -1.5904  -2.1190  -2.6655  -3.2007
 -3.7239  -4.2382  -4.7466  -5.2518  -5.7550  -6.2568  -6.7579  -7.2585  -7.7589
 -8.2591  -8.7593  -9.2595  -9.7595 -10.2595 -10.7596 -11.2596 -11.7596 -12.2596
-12.7595 -13.2594 -13.7591 -14.2587 -14.7579 -15.2569 -15.7555 -16.2537 -16.7514
-30.0000  -1.0331  -1.0331  -1.0330  -1.0329  -1.0327  -1.0321  -1.0307  -1.0272
 -1.0194  -1.0043  -0.9891  -1.0072  -1.1855  -1.5904  -2.1190  -2.6655  -3.2007
 -3.7239  -4.2382  -4.7466  -5.2518  -5.7550  -6.2568  -6.7579  -7.2585  -7.7589
 -8.2591  -8.7593  -9.2595  -9.7595 -10.2595 -10.7596 -11.2596 -11.7596 -12.2596
-12.7595 -13.2594 -13.7591 -14.2587 -14.7579 -15.2569 -15.7555 -16.2537 -16.7514
-30.0000  -1.0331  -1.0331  -1.0330  -1.0329  -1.0327  -1.0321  -1.0307  -1.0272
 -1.0194  -1.0043  -0.9891  -1.0072  -1.1855  -1.5904  -2.1190  -2.6655  -3.2007
 -3.7239  -4.2382  -4.7466  -5.2518  -5.7550  -6.2568  -6.7579  -7.2585  -7.7589
 -8.2591  -8.7593  -9.2595  -9.7595 -10.2595 -10.7596 -11.2596 -11.7596 -12.2596
-12.7595 -13.2594 -13.7591 -14.2587 -14.7579 -15.2569 -15.7555 -16.2537 -16.7514
-30.0000  -1.0331  -1.0331  -1.0330  -1.0329  -1.0327  -1.0321  -1.0307  -1.0272
 -1.0194  -1.0043  -0.9891  -1.0072  -1.1855  -1.5904  -2.1190  -2.6655  -3.2007
 -3.7239  -4.2382  -4.7466  -5.2518  -5.7550  -6.2568  -6.7579  -7.2585  -7.7589
 -8.2591  -8.7593  -9.2595  -9.7595 -10.2595 -10.7596 -11.2596 -11.7596 -12.2596
-12.7595 -13.2594 -13.7591 -14.2587 -14.7579 -15.2569 -15.7555 -16.2537 -16.7514
-30.0000  -1.0331  -1.0331  -1.0330  -1.0329  -1.0327  -1.0321  -1.0307  -1.0272
 -1.0194  -1.0043  -0.9891  -1.0072  -1.1855  -1.5904  -2.1190  -2.6655  -3.2007
 -3.7239  -4.2382  -4.7466  -5.2518  -5.7550  -6.2568  -6.7579  -7.2585  -7.7589
 -8.2591  -8.7593  -9.2595  -9.7595 -10.2595 -10.7596 -11.2596 -11.7596 -12.2596
-12.7595 -13.2594 -13.7591 -14.2587 -14.7579 -15.2569 -15.7555 -16.2537 -16.7514
-30.0000  -1.0334  -1.0334  -1.0333  -1.0332  -1.0330  -1.0324  -1.0310  -1.0275
 -1.0197  -1.0046  -0.9894  -1.0075  -1.1858  -1.5907  -2.1193  -2.6658  -3.2010
 -3.7242  -4.2385  -4.7469  -5.2521  -5.7553  -6.2571  -6.7582  -7.2588  -7.7592
 -8.2594  -8.7596  -9.2598  -9.7598 -10.2598 -10.7599 -11.2599 -11.7599 -12.2599
-12.7598 -13.2597 -13.7594 -14.2590 -14.7582 -15.2572 -15.7558 -16.2540 -16.7517
-42.0000  -1.0333  -1.0333  -1.0332  -1.0331  -1.0329  -1.0323  -1.0309  -1.0274
 -1.0196  -1.0045  -0.9893  -1.0074  -1.1857  -1.5906  -2.1192  -2.6657  -3.2009
 -3.7241  -4.2384  -4.7468  -5.2520  -5.7552  -6.2570  -6.7581  -7.2587  -7.7591
 -8.2593  -8.7595  -9.2597  -9.7597 -10.2597 -10.7598 -11.2598 -11.7598 -12.2598
-12.7597 -13.2596 -13.7593 -14.2589 -14.7581 -15.2571 -15.7557 -16.2539 -16.7516
-41.0000  -1.0333  -1.0333  -1.0332  -1.0331  -1.0329  -1.0323  -1.0309  -1.0274
 -1.0196  -1.0045  -0.9893  -1.0074  -1.1857  -1.5906  -2.1192  -2.6657  -3.2009
 -3.7241  -4.2384  -4.7468  -5.2520  -5.7552  -6.2570  -6.7581  -7.2587  -7.7591
 -8.2593  -8.7595  -9.2597  -9.7597 -10.2597 -10.7598 -11.2598 -11.7598 -12.2598
-12.7597 -13.2596 -13.7593 -14.2589 -14.7581 -15.2571 -15.7557 -16.2539 -16.7516
-40.0000  -1.0333  -1.0333  -1.0332  -1.0331  -1.0329  -1.0323  -1.0309  -1.0274
 -1.0196  -1.0045  -0.9893  -1.0074  -1.1857  -1.5906  -2.1192  -2.6657  -3.2009
 -3.7241  -4.2384  -4.7468  -5.2520  -5.7552  -6.2570  -6.7581  -7.2587  -7.7591
 -8.2593  -8.7595  -9.2597  -9.7597 -10.2597 -10.7598 -11.2598 -11.7598 -12.2598
-12.7597 -13.2596 -13.7593 -14.2589 -14.7581 -15.2571 -15.7557 -16.2539 -16.7516
-40.0000  -1.0333  -1.0333  -1.0332  -1.0331  -1.0329  -1.0323  -1.0309  -1.0274
 -1.0196  -1.0045  -0.9893  -1.0074  -1.1857  -1.5906  -2.1192  -2.6657  -3.2009
 -3.7241  -4.2384  -4.7468  -5.2520  -5.7552  -6.2570  -6.7581  -7.2587  -7.7591
 -8.2593  -8.7595  -9.2597  -9.7597 -10.2597 -10.7598 -11.2598 -11.7598 -12.2598
-12.7597 -13.2596 -13.7593 -14.2589 -14.7581 -15.2571 -15.7557 -16.2539 -16.7516
-40.0000  -1.0333  -1.0333  -1.0332  -1.0331  -1.0329  -1.0323  -1.0309  -1.0274
 -1.0196  -1.0045  -0.9893  -1.0074  -1.1857  -1.5906  -2.1192  -2.6657  -3.2009
 -3.7241  -4.2384  -4.7468  -5.2520  -5.7552  -6.2570  -6.7581  -7.2587  -7.7591
 -8.2593  -8.7595  -9.2597  -9.7597 -10.2597 -10.7598 -11.2598 -11.7598 -12.2598
-12.7597 -13.2596 -13.7593 -14.2589 -14.7581 -15.2571 -15.7557 -16.2539 -16.7516
-40.0000  -1.0333  -1.0333  -1.0332  -1.0331  -1.0329  -1.0323  -1.0309  -1.0274
 -1.0196  -1.0045  -0.9893  -1.0074  -1.1857  -1.5906  -2.1192  -2.6657  -3.2009
 -3.7241  -4.2384  -4.7468  -5.2520  -5.7552  -6.2570  -6.7581  -7.2587  -7.7591
 -8.2593  -8.7595  -9.2597  -9.7597 -10.2597 -10.7598 -11.2598 -11.7598 -12.2598
-12.7597 -13.2596 -13.7593 -14.2589 -14.7581 -15.2571 -15.7557 -16.2539 -16.7516
-40.0000  -1.0333  -1.0333  -1.0332  -1.0331  -1.0329  -1.0323  -1.0309  -1.0274
 -1.0196  -1.0045  -0.9893  -1.0074  -1.1857  -1.5906  -2.1192  -2.6657  -3.2009
 -3.7241  -4.2384  -4.7468  -5.2520  -5.7552  -6.2570  -6.7581  -7.2587  -7.7591
 -8.2593  -8.7595  -9.2597  -9.7597 -10.2597 -10.7598 -11.2598 -11.7598 -12.2598
-12.7597 -13.2596 -13.7593 -14.2589 -14.7581 -15.2571 -15.7557 -16.2539 -16.7516
-52.0000  -1.0333  -1.0333  -1.0332  -1.0331  -1.0329  -1.0323  -1.0309  -1.0274
 -1.0196  -1.0045  -0.9893  -1.0074  -1.1857  -1.5906  -2.1192  -2.6657  -3.2009
 -3.7241  -4.2384  -4.7468  -5.2520  -5.7552  -6.2570  -6.7581  -7.2587  -7.7591
 -8.2593  -8.7595  -9.2597  -9.7597 -10.2597 -10.7598 -11.2598 -11.7598 -12.2598
-12.7597 -13.2596 -13.7593 -14.2589 -14.7581 -15.2571 -15.7557 -16.2539 -16.7516
-51.0000  -1.0333  -1.0333  -1.0332  -1.0331  -1.0329  -1.0323  -1.0309  -1.0274
 -1.0196  -1.0045  -0.9893  -1.0074  -1.1857  -1.5906  -2.1192  -2.6657  -3.2009
 -3.7241  -4.2384  -4.7468  -5.2520  -5.7552  -6.2570  -6.7581  -7.2587  -7.7591
 -8.2593  -8.7595  -9.2597  -9.7597 -10.2597 -10.7598 -11.2598 -11.7598 -12.2598
-12.7597 -13.2596 -13.7593 -14.2589 -14.7581 -15.2571 -15.7557 -16.2539 -16.7516
-50.0000  -1.0333  -1.0333  -1.0332  -1.0331  -1.0329  -1.0323  -1.0309  -1.0274
 -1.0196  -1.0045  -0.9893  -1.0074  -1.1857  -1.5906  -2.1192  -2.6657  -3.2009
 -3.7241  -4.2384  -4.7468  -5.2520  -5.7552  -6.2570  -6.7581  -7.2587  -7.7591
 -8.2593  -8.7595  -9.2597  -9.7597 -10.2597 -10.7598 -11.2598 -11.7598 -12.2598
-12.7597 -13.2596 -13.7593 -14.2589 -14.7581 -15.2571 -15.7557 -16.2539 -16.7516
-50.0000  -1.0333  -1.0333  -1.0332  -1.0331  -1.0329  -1.0323  -1.0309  -1.0274
 -1.0196  -1.0045  -0.9893  -1.0074  -1.1857  -1.5906  -2.1192  -2.6657  -3.2009
 -3.7241  -4.2384  -4.7468  -5.2520  -5.7552  -6.2570  -6.7581  -7.2587  -7.7591
 -8.2593  -8.7595  -9.2597  -9.7597 -10.2597 -10.7598 -11.2598 -11.7598 -12.2598
-12.7597 -13.2596 -13.7593 -14.2589 -14.7581 -15.2571 -15.7557 -16.2539 -16.7516
-50.0000  -1.0333  -1.0333  -1.0332  -1.0331  -1.0329  -1.0323  -1.0309  -1.0274
 -1.0196  -1.0045  -0.9893  -1.0074  -1.1857  -1.5906  -2.1192  -2.6657  -3.2009
 -3.7241  -4.2384  -4.7468  -5.2520  -5.7552  -6.2570  -6.7581  -7.2587  -7.7591
 -8.2593  -8.7595  -9.2597  -9.7597 -10.2597 -10.7598 -11.2598 -11.7598 -12.2598
-12.7597 -13.2596 -13.7593 -14.2589 -14.7581 -15.2571 -15.7557 -16.2539 -16.7516
-50.0000  -1.0333  -1.0333  -1.0332  -1.0331  -1.0329  -1.0323  -1.0309  -1.0274
 -1.0196  -1.0045  -0.9893  -1.0074  -1.1857  -1.5906  -2.1192  -2.6657  -3.2009
 -3.7241  -4.2384  -4.7468  -5.2520  -5.7552  -6.2570  -6.7581  -7.2587  -7.7591
 -8.2593  -8.7595  -9.2597  -9.7597 -10.2597 -10.7598 -11.2598 -11.7598 -12.2598
-12.7597 -13.2596 -13.7593 -14.2589 -14.7581 -15.2571 -15.7557 -16.2539 -16.7516
-50.0000  -1.0332  -1.0332  -1.0331  -1.0330  -1.0328  -1.0322  -1.0308  -1.0273
 -1.0195  -1.0044  -0.9892  -1.0073  -1.1856  -1.5905  -2.1191  -2.6656  -3.2008
 -3.7240  -4.2383  -4.7467  -5.2519  -5.7551  -6.2569  -6.7580  -7.2586  -7.7590
 -8.2592  -8.7594  -9.2596  -9.7596 -10.2596 -10.7597 -11.2597 -11.7597 -12.2597
-12.7596 -13.2595 -13.7592 -14.2588 -14.7580 -15.2570 -15.7556 -16.2538 -16.7515
nl= 3 nu=15
  0.0000  -1.7751  -1.7751  -1.7751  -1.7751  -1.7751  -1.7751  -1.7752  -1.7753
 -1.7755  -1.7761  -1.7776  -1.7814  -1.7910  -1.8150  -1.8751  -2.0253  -2.3962
 -3.2516  -4.3452  -4.9372  -5.4654  -5.9797  -6.4900  -7.0038  -7.5300  -8.1008
 -8.7988  -9.3008  -9.8020 -10.3028 -10.8032 -11.3035 -11.8037 -12.3039 -12.8038
  0.0000  -1.9155  -1.9155  -1.9155  -1.9155  -1.9155  -1.9155  -1.9155  -1.9156
 -1.9157  -1.9160  -1.9168  -1.9188  -1.9237  -1.9362  -1.9674  -2.0457  -2.2416
 -2.7260  -3.8249  -4.8936  -5.4500  -5.9709  -6.4841  -6.9998  -7.5274  -8.0990
 -8.7969  -9.3000  -9.8018 -10.3030 -10.8038 -11.3042 -11.8045 -12.3048 -12.8046
  0.0000  -2.0599  -2.0599  -2.0599  -2.0599  -2.0599  -2.0600  -2.0600  -2.0600
 -2.0600  -2.0602  -2.0606  -2.0616  -2.0641  -2.0705  -2.0865  -2.1265  -2.2271
 -2.4788  -3.1023  -4.4689  -5.4218  -5.9590  -6.4762  -6.9938  -7.5228  -8.0954
 -8.7930  -9.2976  -9.8006 -10.3025 -10.8037 -11.3044 -11.8049 -12.3054 -12.8056
  0.0000  -2.2055  -2.2055  -2.2055  -2.2055  -2.2055  -2.2055  -2.2055  -2.2055
 -2.2056  -2.2057  -2.2059  -2.2064  -2.2077  -2.2109  -2.2190  -2.2393  -2.2903
 -2.4183  -2.7389  -3.5336  -5.1548  -5.9392  -6.4657  -6.9852  -7.5151  -8.0883
 -8.7852  -9.2920  -9.7963 -10.2995 -10.8014 -11.3027 -11.8035 -12.3043 -12.8053
  0.0000  -2.3555  -2.3555  -2.3555  -2.3555  -2.3555  -2.3555  -2.3555  -2.3555
 -2.3556  -2.3556  -2.3557  -2.3560  -2.3566  -2.3582  -2.3623  -2.3725  -2.3982
 -2.4628  -2.6249  -3.0310  -4.0373  -5.8221  -6.4560  -6.9800  -7.5098  -8.0824
 -8.7772  -9.2868  -9.7932 -10.2977 -10.8011 -11.3031 -11.8045 -12.3059 -12.8073
  0.0000  -2.5071  -2.5071  -2.5071  -2.5071  -2.5071  -2.5071  -2.5071  -2.5071
 -2.5072  -2.5072  -2.5072  -2.5074  -2.5077  -2.5085  -2.5105  -2.5157  -2.5286
 -2.5610  -2.6425  -2.8470  -3.3597  -4.6275  -6.4172  -6.9768  -7.5075  -8.0776
 -8.7682  -9.2797  -9.7884 -10.2952 -10.7999 -11.3033 -11.8055 -12.3077 -12.8108
  0.0000  -2.6521  -2.6521  -2.6521  -2.6521  -2.6521  -2.6521  -2.6521  -2.6521
 -2.6521  -2.6521  -2.6521  -2.6522  -2.6523  -2.6527  -2.6538  -2.6563  -2.6628
 -2.6791  -2.7199  -2.8225  -3.0800  -3.7259  -5.3142  -6.9563  -7.5011  -8.0694
 -8.7539  -9.2645  -9.7737 -10.2828 -10.7898 -11.2948 -11.7982 -12.3016 -12.8064
  0.0000  -1.4934  -1.4934  -1.4934  -1.4934  -1.4934  -1.4935  -1.4937  -1.4940
 -1.4950  -1.4973  -1.5033  -1.5182  -1.5554  -1.6482  -1.8752  -2.3961  -3.2511
 -3.9100  -4.4517  -4.9712  -5.4837  -5.9949  -6.5122  -7.0725  -7.7965  -8.2995
 -8.8012  -9.3023  -9.8030 -10.3034 -10.8037 -11.3039 -11.8040 -12.3041 -12.8043
  0.0000  -1.6122  -1.6122  -1.6122  -1.6122  -1.6123  -1.6123  -1.6124  -1.6126
 -1.6131  -1.6144  -1.6177  -1.6259  -1.6466  -1.6983  -1.8273  -2.1435  -2.8598
 -3.8300  -4.4322  -4.9603  -5.4753  -5.9880  -6.5065  -7.0678  -7.7915  -8.2956
 -8.7982  -9.2999  -9.8009 -10.3016 -10.8020 -11.3023 -11.8025 -12.3027 -12.8030
  0.0000  -1.7452  -1.7452  -1.7452  -1.7452  -1.7453  -1.7453  -1.7453  -1.7454
 -1.7457  -1.7464  -1.7481  -1.7525  -1.7635  -1.7912  -1.8605  -2.0334  -2.4581
 -3.4018  -4.3892  -4.9494  -5.4692  -5.9832  -6.5028  -7.0649  -7.7877  -8.2936
 -8.7974  -9.3001  -9.8018 -10.3028 -10.8035 -11.3039 -11.8042 -12.3045 -12.8048
  0.0000  -1.8834  -1.8834  -1.8834  -1.8834  -1.8834  -1.8835  -1.8835  -1.8835
 -1.8837  -1.8840  -1.8850  -1.8872  -1.8930  -1.9073  -1.9434  -2.0340  -2.2601
 -2.8166  -4.0108  -4.9233  -5.4603  -5.9763  -6.4958  -7.0579  -7.7790  -8.2875
 -8.7930  -9.2970  -9.7996 -10.3013 -10.8024 -11.3031 -11.8035 -12.3039 -12.8046
  0.0000  -2.0277  -2.0277  -2.0277  -2.0277  -2.0277  -2.0277  -2.0277  -2.0278
 -2.0278  -2.0280  -2.0285  -2.0297  -2.0326  -2.0399  -2.0584  -2.1048  -2.2213
 -2.5124  -3.2298  -4.6687  -5.4473  -5.9723  -6.4915  -7.0518  -7.7692  -8.2801
 -8.7879  -9.2936  -9.7977 -10.3004 -10.8022 -11.3033 -11.8040 -12.3047 -12.8058
  0.0000  -2.1725  -2.1725  -2.1725  -2.1725  -2.1725  -2.1725  -2.1725  -2.1725
 -2.1725  -2.1726  -2.1728  -2.1734  -2.1749  -2.1787  -2.1880  -2.2116  -2.2707
 -2.4190  -2.7902  -3.7049  -5.3204  -5.9651  -6.4881  -7.0454  -7.7569  -8.2684
 -8.7775  -9.2856  -9.7916 -10.2958 -10.7987 -11.3005 -11.8017 -12.3029 -12.8047
  0.0000  -2.3215  -2.3215  -2.3215  -2.3215  -2.3215  -2.3215  -2.3215  -2.3215
 -2.3216  -2.3216  -2.3217  -2.3220  -2.3228  -2.3247  -2.3294  -2.3412  -2.3710
 -2.4459  -2.6338  -3.1043  -4.2612  -5.9202  -6.4889  -7.0468  -7.7523  -8.2608
 -8.7685  -9.2781  -9.7863 -10.2924 -10.7966 -11.2996 -11.8015 -12.3034 -12.8068
  0.0000  -1.2848  -1.2848  -1.2848  -1.2848  -1.2849  -1.2851  -1.2855  -1.2867
 -1.2895  -1.2966  -1.3143  -1.3583  -1.4660  -1.7164  -2.2121  -2.8497  -3.4185
 -3.9526  -4.4723  -4.9873  -5.5019  -6.0350  -6.6645  -7.2974  -7.8001  -8.3017
 -8.8028  -9.3034  -9.8038 -10.3041 -10.8043 -11.3044 -11.8044 -12.3044 -12.8045
  0.0000  -1.3657  -1.3658  -1.3658  -1.3658  -1.3658  -1.3659  -1.3662  -1.3669
 -1.3688  -1.3733  -1.3847  -1.4131  -1.4839  -1.6561  -2.0491  -2.7397  -3.3966
 -3.9444  -4.4662  -4.9818  -5.4972  -6.0313  -6.6610  -7.2943  -7.7980  -8.3004
 -8.8019  -9.3029  -9.8035 -10.3039 -10.8041 -11.3043 -11.8044 -12.3045 -12.8048
  0.0000  -1.4658  -1.4658  -1.4658  -1.4658  -1.4658  -1.4659  -1.4661  -1.4665
 -1.4676  -1.4703  -1.4770  -1.4939  -1.5363  -1.6415  -1.8975  -2.4703  -3.3139
 -3.9291  -4.4590  -4.9750  -5.4905  -6.0250  -6.6547  -7.2882  -7.7934  -8.2970
 -8.7993  -9.3008  -9.8017 -10.3023 -10.8027 -11.3029 -11.8031 -12.3033 -12.8034
  0.0000  -1.5848  -1.5848  -1.5848  -1.5848  -1.5848  -1.5849  -1.5850  -1.5852
 -1.5858  -1.5873  -1.5910  -1.6005  -1.6242  -1.6835  -1.8312  -2.1908  -2.9765
 -3.8840  -4.4522  -4.9720  -5.4864  -6.0202  -6.6488  -7.2824  -7.7897  -8.2946
 -8.7982  -9.3005  -9.8020 -10.3029 -10.8035 -11.3039 -11.8041 -12.3043 -12.8048
  0.0000  -1.7142  -1.7142  -1.7142  -1.7142  -1.7142  -1.7143  -1.7143  -1.7144
 -1.7148  -1.7156  -1.7176  -1.7226  -1.7353  -1.7672  -1.8470  -2.0460  -2.5314
 -3.5539  -4.4289  -4.9687  -5.4836  -6.0149  -6.6405  -7.2724  -7.7818  -8.2890
 -8.7941  -9.2977  -9.8001 -10.3016 -10.8026 -11.3032 -11.8036 -12.3040 -12.8046
  0.0000  -1.8529  -1.8529  -1.8529  -1.8529  -1.8529  -1.8529  -1.8529  -1.8530
 -1.8532  -1.8536  -1.8546  -1.8573  -1.8639  -1.8805  -1.9222  -2.0268  -2.2878
 -2.9255  -4.1848  -4.9600  -5.4857  -6.0148  -6.6354  -7.2633  -7.7732  -8.2822
 -8.7895  -9.2947  -9.7984 -10.3008 -10.8024 -11.3034 -11.8041 -12.3048 -12.8058
  0.0000  -1.9946  -1.9946  -1.9946  -1.9946  -1.9946  -1.9946  -1.9946  -1.9946
 -1.9947  -1.9949  -1.9955  -1.9968  -2.0002  -2.0087  -2.0301  -2.0839  -2.2186
 -2.5551  -3.3778  -4.8240  -5.4829  -6.0177  -6.6342  -7.2560  -7.7626  -8.2714
 -8.7806  -9.2880  -9.7934 -10.2970 -10.7996 -11.3012 -11.8022 -12.3032 -12.8048
  0.0000  -1.1815  -1.1815  -1.1815  -1.1816  -1.1817  -1.1820  -1.1829  -1.1850
 -1.1903  -1.2035  -1.2363  -1.3156  -1.4962  -1.8488  -2.3568  -2.9019  -3.4360
 -3.9646  -4.4886  -5.0203  -5.5942  -6.2931  -6.7972  -7.2999  -7.8015  -8.3026
 -8.8032  -9.3037  -9.8039 -10.3041 -10.8042 -11.3042 -11.8043 -12.3044 -12.8043
  0.0000  -1.2139  -1.2139  -1.2140  -1.2140  -1.2141  -1.2144  -1.2151  -1.2168
 -1.2210  -1.2317  -1.2583  -1.3235  -1.4776  -1.8044  -2.3288  -2.8961  -3.4337
 -3.9607  -4.4843  -5.0163  -5.5906  -6.2892  -6.7945  -7.2981  -7.8004  -8.3019
 -8.8028  -9.3034  -9.8037 -10.3040 -10.8041 -11.3042 -11.8043 -12.3044 -12.8045
  0.0000  -1.2664  -1.2664  -1.2664  -1.2665  -1.2665  -1.2667  -1.2672  -1.2685
 -1.2716  -1.2793  -1.2988  -1.3470  -1.4644  -1.7345  -2.2509  -2.8770  -3.4315
 -3.9580  -4.4800  -5.0114  -5.5856  -6.2832  -6.7905  -7.2953  -7.7986  -8.3007
 -8.8021  -9.3030  -9.8035 -10.3039 -10.8041 -11.3042 -11.8043 -12.3044 -12.8045
  0.0000  -1.3422  -1.3422  -1.3422  -1.3422  -1.3423  -1.3424  -1.3427  -1.3436
 -1.3456  -1.3507  -1.3634  -1.3954  -1.4745  -1.6662  -2.0949  -2.7974  -3.4228
 -3.9573  -4.4777  -5.0068  -5.5796  -6.2752  -6.7844  -7.2910  -7.7956  -8.2989
 -8.8009  -9.3023  -9.8031 -10.3036 -10.8040 -11.3042 -11.8043 -12.3044 -12.8046
  0.0000  -1.4399  -1.4400  -1.4400  -1.4400  -1.4400  -1.4401  -1.4403  -1.4408
 -1.4420  -1.4450  -1.4527  -1.4720  -1.5201  -1.6394  -1.9278  -2.5535  -3.3733
 -3.9551  -4.4789  -5.0049  -5.5742  -6.2654  -6.7759  -7.2844  -7.7910  -8.2956
 -8.7988  -9.3009  -9.8022 -10.3031 -10.8036 -11.3040 -11.8042 -12.3044 -12.8049
  0.0000  -1.5554  -1.5554  -1.5554  -1.5554  -1.5554  -1.5555  -1.5556  -1.5558
 -1.5565  -1.5582  -1.5626  -1.5734  -1.6006  -1.6686  -1.8374  -2.2455  -3.0955
 -3.9317  -4.4817  -5.0080  -5.5725  -6.2572  -6.7662  -7.2754  -7.7840  -8.2906
 -8.7952  -9.2985  -9.8006 -10.3020 -10.8029 -11.3034 -11.8038 -12.3042 -12.8046
  0.0000  -1.6845  -1.6845  -1.6845  -1.6845  -1.6845  -1.6845  -1.6846  -1.6847
 -1.6851  -1.6860  -1.6883  -1.6941  -1.7088  -1.7455  -1.8374  -2.0659  -2.6187
 -3.6985  -4.4732  -5.0152  -5.5783  -6.2567  -6.7599  -7.2664  -7.7759  -8.2844
 -8.7911  -9.2957  -9.7990 -10.3011 -10.8025 -11.3034 -11.8039 -12.3044 -12.8054
  0.0000  -1.1572  -1.1572  -1.1572  -1.1573  -1.1574  -1.1578  -1.1588  -1.1613
 -1.1676  -1.1832  -1.2218  -1.3136  -1.5134  -1.8750  -2.3694  -2.9069  -3.4447
 -3.9857  -4.5565  -5.2845  -5.7922  -6.2968  -6.7997  -7.3015  -7.8026  -8.3033
 -8.8037  -9.3040  -9.8042 -10.3043 -10.8043 -11.3044 -11.8044 -12.3044 -12.8046
  0.0000  -1.1621  -1.1621  -1.1621  -1.1622  -1.1624  -1.1627  -1.1637  -1.1661
 -1.1721  -1.1871  -1.2242  -1.3128  -1.5088  -1.8709  -2.3696  -2.9069  -3.4424
 -3.9822  -4.5529  -5.2799  -5.7889  -6.2945  -6.7982  -7.3005  -7.8020  -8.3029
 -8.8035  -9.3038  -9.8041 -10.3042 -10.8043 -11.3044 -11.8044 -12.3044 -12.8046
  0.0000  -1.1735  -1.1735  -1.1735  -1.1736  -1.1737  -1.1741  -1.1749  -1.1771
 -1.1826  -1.1963  -1.2302  -1.3122  -1.4983  -1.8585  -2.3691  -2.9102  -3.4426
 -3.9788  -4.5482  -5.2731  -5.7838  -6.2909  -6.7956  -7.2989  -7.8009  -8.3022
 -8.8031  -9.3036  -9.8039 -10.3041 -10.8042 -11.3043 -11.8044 -12.3045 -12.8046
  0.0000  -1.1991  -1.1991  -1.1991  -1.1992  -1.1993  -1.1996  -1.2003  -1.2021
 -1.2067  -1.2181  -1.2466  -1.3164  -1.4803  -1.8229  -2.3545  -2.9143  -3.4462
 -3.9775  -4.5436  -5.2647  -5.7767  -6.2855  -6.7919  -7.2962  -7.7992  -8.3012
 -8.8024  -9.3031  -9.8036 -10.3039 -10.8041 -11.3042 -11.8043 -12.3044 -12.8045
  0.0000  -1.2457  -1.2457  -1.2457  -1.2457  -1.2458  -1.2460  -1.2466  -1.2479
 -1.2514  -1.2599  -1.2813  -1.3343  -1.4629  -1.7551  -2.2931  -2.9088  -3.4530
 -3.9803  -4.5415  -5.2565  -5.7678  -6.2777  -6.7860  -7.2922  -7.7963  -8.2992
 -8.8011  -9.3023  -9.8031 -10.3035 -10.8038 -11.3040 -11.8042 -12.3044 -12.8046
  0.0000  -1.3177  -1.3177  -1.3177  -1.3177  -1.3178  -1.3179  -1.3183  -1.3192
 -1.3215  -1.3272  -1.3415  -1.3773  -1.4659  -1.6790  -2.1455  -2.8533  -3.4332
 -3.9859  -4.5461  -5.2538  -5.7605  -6.2689  -6.7785  -7.2866  -7.7927  -8.2968
 -8.7998  -9.3016  -9.8028 -10.3036 -10.8040 -11.3043 -11.8045 -12.3047 -12.8051
  0.0000  -1.4123  -1.4123  -1.4123  -1.4123  -1.4123  -1.4124  -1.4126  -1.4132
 -1.4146  -1.4180  -1.4268  -1.4486  -1.5032  -1.6382  -1.9617  -2.6375  -3.4264
 -3.9951  -4.5551  -5.2599  -5.7583  -6.2605  -6.7690  -7.2784  -7.7864  -8.2924
 -8.7964  -9.2993  -9.8012 -10.3023 -10.8031 -11.3035 -11.8038 -12.3041 -12.8044
  0.0000  -1.1585  -1.1585  -1.1586  -1.1586  -1.1588  -1.1591  -1.1601  -1.1624
 -1.1684  -1.1834  -1.2209  -1.3105  -1.5078  -1.8680  -2.3655  -2.9144  -3.4882
 -4.1328  -4.7785  -5.2888  -5.7945  -6.2983  -6.8005  -7.3018  -7.8026  -8.3030
 -8.8034  -9.3035  -9.8037 -10.3037 -10.8038 -11.3038 -11.8038 -12.3038 -12.8037
  0.0000  -1.1592  -1.1592  -1.1592  -1.1593  -1.1594  -1.1598  -1.1607  -1.1631
 -1.1691  -1.1843  -1.2220  -1.3119  -1.5088  -1.8682  -2.3651  -2.9128  -3.4782
 -4.1295  -4.7757  -5.2869  -5.7936  -6.2978  -6.8004  -7.3020  -7.8029  -8.3036
 -8.8039  -9.3042  -9.8043 -10.3044 -10.8045 -11.3045 -11.8045 -12.3045 -12.8045
  0.0000  -1.1559  -1.1560  -1.1560  -1.1560  -1.1562  -1.1566  -1.1576  -1.1600
 -1.1661  -1.1816  -1.2199  -1.3111  -1.5106  -1.8733  -2.3704  -2.9140  -3.4758
 -4.1248  -4.7699  -5.2825  -5.7906  -6.2956  -6.7990  -7.3011  -7.8024  -8.3032
 -8.8037  -9.3040  -9.8042 -10.3043 -10.8044 -11.3045 -11.8045 -12.3045 -12.8047
  0.0000  -1.1542  -1.1542  -1.1542  -1.1543  -1.1545  -1.1548  -1.1558  -1.1583
 -1.1644  -1.1798  -1.2178  -1.3087  -1.5096  -1.8784  -2.3803  -2.9204  -3.4761
 -4.1200  -4.7626  -5.2763  -5.7858  -6.2924  -6.7967  -7.2996  -7.8015  -8.3026
 -8.8033  -9.3038  -9.8041 -10.3043 -10.8044 -11.3044 -11.8045 -12.3046 -12.8045
  0.0000  -1.1598  -1.1598  -1.1599  -1.1599  -1.1601  -1.1604  -1.1613  -1.1637
 -1.1694  -1.1839  -1.2196  -1.3059  -1.5012  -1.8741  -2.3902  -2.9320  -3.4814
 -4.1179  -4.7551  -5.2680  -5.7790  -6.2874  -6.7932  -7.2972  -7.7999  -8.3016
 -8.8027  -9.3034  -9.8038 -10.3041 -10.8043 -11.3044 -11.8044 -12.3044 -12.8045
  0.0000  -1.1804  -1.1804  -1.1805  -1.1805  -1.1806  -1.1809  -1.1817  -1.1837
 -1.1886  -1.2010  -1.2317  -1.3069  -1.4826  -1.8441  -2.3859  -2.9451  -3.4927
 -4.1220  -4.7513  -5.2598  -5.7701  -6.2799  -6.7878  -7.2933  -7.7971  -8.2997
 -8.8014  -9.3024  -9.8031 -10.3035 -10.8038 -11.3040 -11.8041 -12.3042 -12.8044
  0.0000  -1.2243  -1.2243  -1.2243  -1.2243  -1.2244  -1.2247  -1.2253  -1.2268
 -1.2305  -1.2399  -1.2634  -1.3216  -1.4621  -1.7772  -2.3357  -2.9480  -3.5075
 -4.1347  -4.7573  -5.2565  -5.7623  -6.2718  -6.7812  -7.2888  -7.7941  -8.2977
 -8.8003  -9.3019  -9.8029 -10.3035 -10.8040 -11.3042 -11.8044 -12.3046 -12.8047
 -5.0000  -1.1211  -1.1211  -1.1211  -1.1211  -1.1211  -1.1211  -1.1214  -1.1231
 -1.1298  -1.1484  -1.1938  -1.2993  -1.5234  -1.9138  -2.4268  -3.0149  -3.7331
 -4.2454  -4.7583  -5.2708  -5.7812  -6.2890  -6.7943  -7.2979  -7.8004  -8.3019
 -8.8028  -9.3034  -9.8038 -10.3040 -10.8042 -11.3043 -11.8044 -12.3045 -12.8046
 -4.0000  -1.1211  -1.1211  -1.1211  -1.1211  -1.1212  -1.1214  -1.1219  -1.1239
 -1.1304  -1.1488  -1.1940  -1.2992  -1.5228  -1.9130  -2.4263  -3.0146  -3.7329
 -4.2453  -4.7582  -5.2707  -5.7811  -6.2889  -6.7942  -7.2978  -7.8003  -8.3018
 -8.8027  -9.3033  -9.8037 -10.3039 -10.8041 -11.3042 -11.8043 -12.3044 -12.8045
 -3.0000  -1.1219  -1.1219  -1.1219  -1.1220  -1.1221  -1.1224  -1.1232  -1.1255
 -1.1320  -1.1500  -1.1948  -1.2993  -1.5220  -1.9119  -2.4256  -3.0144  -3.7328
 -4.2454  -4.7584  -5.2709  -5.7813  -6.2891  -6.7944  -7.2980  -7.8005  -8.3020
 -8.8029  -9.3035  -9.8039 -10.3041 -10.8043 -11.3044 -11.8045 -12.3046 -12.8047
 -2.0000  -1.1237  -1.1237  -1.1238  -1.1238  -1.1240  -1.1244  -1.1254  -1.1279
 -1.1345  -1.1520  -1.1960  -1.2991  -1.5200  -1.9091  -2.4239  -3.0135  -3.7323
 -4.2453  -4.7583  -5.2709  -5.7813  -6.2891  -6.7944  -7.2980  -7.8005  -8.3020
 -8.8029  -9.3035  -9.8039 -10.3041 -10.8043 -11.3044 -11.8045 -12.3046 -12.8047
 -1.0000  -1.1280  -1.1280  -1.1280  -1.1281  -1.1283  -1.1287  -1.1297  -1.1324
 -1.1391  -1.1560  -1.1984  -1.2989  -1.5161  -1.9036  -2.4205  -3.0118  -3.7314
 -4.2452  -4.7582  -5.2708  -5.7813  -6.2891  -6.7944  -7.2980  -7.8005  -8.3020
 -8.8029  -9.3035  -9.8039 -10.3041 -10.8043 -11.3044 -11.8045 -12.3046 -12.8047
  0.0000  -1.1367  -1.1367  -1.1367  -1.1368  -1.1369  -1.1373  -1.1384  -1.1409
 -1.1474  -1.1635  -1.2035  -1.2990  -1.5088  -1.8927  -2.4136  -3.0084  -3.7295
 -4.2449  -4.7581  -5.2708  -5.7812  -6.2891  -6.7944  -7.2980  -7.8005  -8.3020
 -8.8029  -9.3035  -9.8039 -10.3041 -10.8043 -11.3044 -11.8045 -12.3046 -12.8047
  0.0000  -1.1405  -1.1405  -1.1405  -1.1406  -1.1407  -1.1411  -1.1421  -1.1446
 -1.1507  -1.1660  -1.2038  -1.2951  -1.5007  -1.8909  -2.4287  -3.0291  -3.7459
 -4.2490  -4.7532  -5.2628  -5.7736  -6.2830  -6.7902  -7.2951  -7.7984  -8.3007
 -8.8021  -9.3030  -9.8036 -10.3039 -10.8042 -11.3043 -11.8044 -12.3045 -12.8045
 -1.0000  -1.1508  -1.1508  -1.1508  -1.1509  -1.1510  -1.1514  -1.1522  -1.1543
 -1.1595  -1.1725  -1.2052  -1.2866  -1.4787  -1.8665  -2.4938  -3.1788  -3.7483
 -4.2731  -4.7864  -5.2937  -5.7981  -6.3006  -6.8021  -7.3030  -7.8035  -8.3038
 -8.8040  -9.3042  -9.8042 -10.3043 -10.8043 -11.3043 -11.8043 -12.3043 -12.8043
  0.0000  -1.1507  -1.1507  -1.1507  -1.1508  -1.1509  -1.1513  -1.1521  -1.1542
 -1.1594  -1.1724  -1.2050  -1.2864  -1.4785  -1.8661  -2.4934  -3.1786  -3.7481
 -4.2729  -4.7862  -5.2935  -5.7979  -6.3004  -6.8019  -7.3028  -7.8033  -8.3036
 -8.8038  -9.3040  -9.8040 -10.3041 -10.8041 -11.3041 -11.8041 -12.3041 -12.8041
  0.0000  -1.1518  -1.1518  -1.1518  -1.1519  -1.1520  -1.1524  -1.1532  -1.1554
 -1.1606  -1.1738  -1.2070  -1.2885  -1.4782  -1.8618  -2.4902  -3.1750  -3.7451
 -4.2708  -4.7849  -5.2927  -5.7975  -6.3002  -6.8018  -7.3028  -7.8034  -8.3038
 -8.8040  -9.3041  -9.8042 -10.3043 -10.8043 -11.3043 -11.8043 -12.3043 -12.8043
  1.0000  -1.1522  -1.1522  -1.1522  -1.1523  -1.1524  -1.1528  -1.1536  -1.1557
 -1.1610  -1.1742  -1.2073  -1.2886  -1.4780  -1.8613  -2.4897  -3.1748  -3.7451
 -4.2708  -4.7849  -5.2927  -5.7975  -6.3002  -6.8018  -7.3028  -7.8034  -8.3038
 -8.8040  -9.3041  -9.8042 -10.3043 -10.8043 -11.3043 -11.8043 -12.3043 -12.8043
  2.0000  -1.1531  -1.1531  -1.1531  -1.1531  -1.1533  -1.1536  -1.1545  -1.1566
 -1.1618  -1.1750  -1.2079  -1.2889  -1.4776  -1.8603  -2.4887  -3.1744  -3.7451
 -4.2708  -4.7850  -5.2928  -5.7976  -6.3003  -6.8019  -7.3029  -7.8035  -8.3039
 -8.8041  -9.3042  -9.8043 -10.3044 -10.8044 -11.3044 -11.8044 -12.3044 -12.8044
  3.0000  -1.1545  -1.1545  -1.1545  -1.1545  -1.1547  -1.1550  -1.1558  -1.1579
 -1.1631  -1.1762  -1.2088  -1.2892  -1.4765  -1.8579  -2.4863  -3.1734  -3.7447
 -4.2706  -4.7848  -5.2927  -5.7975  -6.3002  -6.8018  -7.3028  -7.8034  -8.3038
 -8.8040  -9.3041  -9.8042 -10.3043 -10.8043 -11.3043 -11.8043 -12.3043 -12.8043
  4.0000  -1.1574  -1.1574  -1.1574  -1.1575  -1.1576  -1.1580  -1.1588  -1.1608
 -1.1660  -1.1788  -1.2109  -1.2900  -1.4745  -1.8535  -2.4818  -3.1716  -3.7442
 -4.2704  -4.7848  -5.2926  -5.7975  -6.3002  -6.8018  -7.3028  -7.8034  -8.3038
 -8.8040  -9.3041  -9.8042 -10.3043 -10.8043 -11.3043 -11.8043 -12.3043 -12.8043
 -1.0000  -1.1011  -1.1011  -1.1011  -1.1012  -1.1013  -1.1017  -1.1026  -1.1049
 -1.1106  -1.1253  -1.1628  -1.2593  -1.4985  -2.0071  -2.6451  -3.2229  -3.7583
 -4.2779  -4.7889  -5.2951  -5.7990  -6.3012  -6.8024  -7.3032  -7.8037  -8.3040
 -8.8042  -9.3043  -9.8043 -10.3044 -10.8044 -11.3044 -11.8044 -12.3044 -12.8044
  0.0000  -1.1011  -1.1011  -1.1011  -1.1012  -1.1013  -1.1017  -1.1026  -1.1049
 -1.1106  -1.1253  -1.1628  -1.2593  -1.4985  -2.0071  -2.6450  -3.2229  -3.7583
 -4.2779  -4.7889  -5.2951  -5.7990  -6.3012  -6.8024  -7.3032  -7.8037  -8.3040
 -8.8042  -9.3043  -9.8043 -10.3044 -10.8044 -11.3044 -11.8044 -12.3044 -12.8044
  0.0000  -1.1083  -1.1083  -1.1083  -1.1084  -1.1085  -1.1089  -1.1098  -1.1120
 -1.1176  -1.1316  -1.1675  -1.2596  -1.4897  -1.9950  -2.6415  -3.2227  -3.7588
 -4.2785  -4.7893  -5.2956  -5.7992  -6.3013  -6.8025  -7.3033  -7.8037  -8.3040
 -8.8042  -9.3043  -9.8044 -10.3044 -10.8044 -11.3044 -11.8044 -12.3044 -12.8044
  0.0000  -1.1026  -1.1026  -1.1026  -1.1027  -1.1028  -1.1032  -1.1042  -1.1065
 -1.1125  -1.1274  -1.1652  -1.2608  -1.4954  -2.0017  -2.6405  -3.2195  -3.7559
 -4.2762  -4.7878  -5.2944  -5.7985  -6.3009  -6.8023  -7.3031  -7.8036  -8.3039
 -8.8041  -9.3043  -9.8043 -10.3044 -10.8044 -11.3044 -11.8044 -12.3044 -12.8044
  0.0000  -1.0895  -1.0895  -1.0895  -1.0896  -1.0898  -1.0902  -1.0912  -1.0938
 -1.1004  -1.1168  -1.1583  -1.2614  -1.5104  -2.0237  -2.6441  -3.2157  -3.7508
 -4.2719  -4.7847  -5.2923  -5.7971  -6.3000  -6.8017  -7.3028  -7.8035  -8.3039
 -8.8041  -9.3043  -9.8044 -10.3045 -10.8045 -11.3045 -11.8045 -12.3045 -12.8045
  0.0000  -1.0725  -1.0726  -1.0726  -1.0727  -1.0728  -1.0733  -1.0745  -1.0773
 -1.0845  -1.1027  -1.1482  -1.2609  -1.5306  -2.0587  -2.6552  -3.2136  -3.7448
 -4.2659  -4.7799  -5.2891  -5.7947  -6.2985  -6.8008  -7.3023  -7.8032  -8.3037
 -8.8041  -9.3043  -9.8044 -10.3045 -10.8046 -11.3046 -11.8046 -12.3046 -12.8046
  0.0000  -1.0555  -1.0555  -1.0555  -1.0556  -1.0558  -1.0563  -1.0575  -1.0606
 -1.0684  -1.0881  -1.1372  -1.2589  -1.5515  -2.1009  -2.6753  -3.2169  -3.7403
 -4.2592  -4.7739  -5.2845  -5.7917  -6.2962  -6.7995  -7.3014  -7.8026  -8.3034
 -8.8038  -9.3041  -9.8043 -10.3045 -10.8045 -11.3046 -11.8046 -12.3046 -12.8048
 -1.0000  -1.0254  -1.0254  -1.0254  -1.0256  -1.0258  -1.0263  -1.0276  -1.0300
 -1.0394  -1.0608  -1.1157  -1.2615  -1.6136  -2.1427  -2.6979  -3.2355  -3.7613
 -4.2781  -4.7888  -5.2953  -5.7994  -6.3020  -6.8035  -7.3044  -7.8050  -8.3054
 -8.8056  -9.3057  -9.8058 -10.3059 -10.8059 -11.3059 -11.8059 -12.3059 -12.8059
  0.0000  -1.0254  -1.0254  -1.0255  -1.0256  -1.0258  -1.0263  -1.0276  -1.0300
 -1.0394  -1.0608  -1.1157  -1.2615  -1.6136  -2.1427  -2.6979  -3.2355  -3.7613
 -4.2781  -4.7888  -5.2953  -5.7994  -6.3020  -6.8035  -7.3044  -7.8050  -8.3054
 -8.8056  -9.3057  -9.8058 -10.3059 -10.8059 -11.3059 -11.8059 -12.3059 -12.8059
  0.0000  -1.0748  -1.0748  -1.0748  -1.0749  -1.0750  -1.0752  -1.0758  -1.0773
 -1.0812  -1.0919  -1.1242  -1.2329  -1.5610  -2.1180  -2.6960  -3.2416  -3.7685
 -4.2841  -4.7930  -5.2984  -5.8014  -6.3032  -6.8043  -7.3050  -7.8053  -8.3056
 -8.8057  -9.3058  -9.8059 -10.3059 -10.8059 -11.3059 -11.8059 -12.3059 -12.8059
  0.0000  -1.0758  -1.0758  -1.0758  -1.0758  -1.0759  -1.0761  -1.0767  -1.0782
 -1.0822  -1.0929  -1.1250  -1.2323  -1.5592  -2.1173  -2.6959  -3.2417  -3.7687
 -4.2842  -4.7931  -5.2985  -5.8015  -6.3033  -6.8044  -7.3051  -7.8054  -8.3057
 -8.8058  -9.3059  -9.8060 -10.3060 -10.8060 -11.3060 -11.8060 -12.3060 -12.8060
  0.0000  -1.0546  -1.0546  -1.0546  -1.0547  -1.0548  -1.0552  -1.0562  -1.0586
 -1.0647  -1.0805  -1.1224  -1.2444  -1.5793  -2.1247  -2.6950  -3.2387  -3.7657
 -4.2820  -4.7916  -5.2974  -5.8009  -6.3030  -6.8042  -7.3050  -7.8054  -8.3057
 -8.8059  -9.3060  -9.8061 -10.3061 -10.8061 -11.3061 -11.8061 -12.3061 -12.8061
  0.0000  -1.0230  -1.0230  -1.0231  -1.0232  -1.0234  -1.0240  -1.0254  -1.0290
 -1.0381  -1.0608  -1.1174  -1.2637  -1.6128  -2.1400  -2.6959  -3.2344  -3.7608
 -4.2780  -4.7888  -5.2954  -5.7996  -6.3022  -6.8037  -7.3046  -7.8052  -8.3056
 -8.8058  -9.3059  -9.8060 -10.3061 -10.8061 -11.3061 -11.8061 -12.3061 -12.8061
  0.0000  -0.9903  -0.9903  -0.9903  -0.9905  -0.9908  -0.9915  -0.9934  -0.9982
 -1.0100  -1.0394  -1.1115  -1.2856  -1.6531  -2.1628  -2.7010  -3.2314  -3.7555
 -4.2731  -4.7851  -5.2929  -5.7977  -6.3011  -6.8030  -7.3043  -7.8050  -8.3055
 -8.8058  -9.3060  -9.8061 -10.3061 -10.8062 -11.3062 -11.8062 -12.3062 -12.8061
 -2.0000  -1.0723  -1.0723  -1.0723  -1.0721  -1.0719  -1.0714  -1.0699  -1.0667
 -1.0605  -1.0554  -1.0833  -1.2410  -1.6287  -2.1573  -2.7041  -3.2400  -3.7637
 -4.2785  -4.7874  -5.2929  -5.7962  -6.2982  -6.7993  -7.3000  -7.8005  -8.3007
 -8.8009  -9.3010  -9.8011 -10.3011 -10.8011 -11.3011 -11.8011 -12.3011 -12.8011
 -1.0000  -1.0723  -1.0723  -1.0723  -1.0721  -1.0719  -1.0714  -1.0699  -1.0667
 -1.0605  -1.0554  -1.0833  -1.2410  -1.6287  -2.1573  -2.7041  -3.2400  -3.7637
 -4.2785  -4.7874  -5.2929  -5.7962  -6.2982  -6.7993  -7.3000  -7.8005  -8.3007
 -8.8009  -9.3010  -9.8011 -10.3011 -10.8011 -11.3011 -11.8011 -12.3011 -12.8011
  0.0000  -1.0724  -1.0724  -1.0724  -1.0722  -1.0720  -1.0715  -1.0700  -1.0668
 -1.0606  -1.0555  -1.0834  -1.2411  -1.6288  -2.1574  -2.7042  -3.2401  -3.7638
 -4.2786  -4.7875  -5.2930  -5.7963  -6.2983  -6.7994  -7.3001  -7.8006  -8.3008
 -8.8010  -9.3011  -9.8012 -10.3012 -10.8012 -11.3012 -11.8012 -12.3012 -12.8012
  0.0000  -1.1285  -1.1285  -1.1284  -1.1282  -1.1278  -1.1266  -1.1238  -1.1170
 -1.1027  -1.0807  -1.0800  -1.2068  -1.5979  -2.1486  -2.7064  -3.2452  -3.7687
 -4.2823  -4.7900  -5.2949  -5.7975  -6.2991  -6.8000  -7.3005  -7.8008  -8.3010
 -8.8012  -9.3012  -9.8013 -10.3013 -10.8013 -11.3013 -11.8013 -12.3013 -12.8013
  0.0000  -1.1198  -1.1197  -1.1196  -1.1195  -1.1190  -1.1180  -1.1154  -1.1092
 -1.0962  -1.0766  -1.0806  -1.2119  -1.6021  -2.1495  -2.7058  -3.2443  -3.7679
 -4.2817  -4.7896  -5.2945  -5.7973  -6.2989  -6.7998  -7.3004  -7.8007  -8.3009
 -8.8011  -9.3011  -9.8012 -10.3012 -10.8012 -11.3012 -11.8012 -12.3012 -12.8012
  0.0000  -1.0847  -1.0847  -1.0847  -1.0846  -1.0843  -1.0836  -1.0819  -1.0780
 -1.0702  -1.0615  -1.0833  -1.2334  -1.6205  -2.1541  -2.7041  -3.2411  -3.7650
 -4.2796  -4.7882  -5.2935  -5.7966  -6.2985  -6.7996  -7.3002  -7.8006  -8.3009
 -8.8010  -9.3011  -9.8012 -10.3012 -10.8012 -11.3012 -11.8012 -12.3012 -12.8012
  0.0000  -1.0429  -1.0429  -1.0429  -1.0428  -1.0427  -1.0425  -1.0419  -1.0406
 -1.0390  -1.0431  -1.0870  -1.2607  -1.6457  -2.1626  -2.7031  -3.2371  -3.7610
 -4.2764  -4.7860  -5.2917  -5.7955  -6.2976  -6.7990  -7.2998  -7.8003  -8.3006
 -8.8008  -9.3009  -9.8009 -10.3010 -10.8010 -11.3010 -11.8010 -12.3010 -12.8010
-12.0000  -1.0417  -1.0417  -1.0417  -1.0417  -1.0416  -1.0413  -1.0407  -1.0394
 -1.0377  -1.0417  -1.0856  -1.2596  -1.6447  -2.1616  -2.7020  -3.2359  -3.7598
 -4.2752  -4.7848  -5.2905  -5.7943  -6.2964  -6.7978  -7.2986  -7.7991  -8.2994
 -8.7996  -9.2997  -9.7997 -10.2998 -10.7998 -11.2998 -11.7998 -12.2998 -12.7998
-11.0000  -1.0417  -1.0417  -1.0417  -1.0417  -1.0416  -1.0413  -1.0407  -1.0394
 -1.0377  -1.0417  -1.0856  -1.2596  -1.6447  -2.1616  -2.7020  -3.2359  -3.7598
 -4.2752  -4.7848  -5.2905  -5.7943  -6.2964  -6.7978  -7.2986  -7.7991  -8.2994
 -8.7996  -9.2997  -9.7997 -10.2998 -10.7998 -11.2998 -11.7998 -12.2998 -12.7998
-10.0000  -1.0417  -1.0417  -1.0417  -1.0417  -1.0416  -1.0413  -1.0407  -1.0394
 -1.0377  -1.0417  -1.0856  -1.2596  -1.6447  -2.1616  -2.7020  -3.2359  -3.7598
 -4.2752  -4.7848  -5.2905  -5.7943  -6.2964  -6.7978  -7.2986  -7.7991  -8.2994
 -8.7996  -9.2997  -9.7997 -10.2998 -10.7998 -11.2998 -11.7998 -12.2998 -12.7998
-10.0000  -1.0430  -1.0430  -1.0430  -1.0430  -1.0429  -1.0426  -1.0420  -1.0407
 -1.0390  -1.0430  -1.0869  -1.2609  -1.6460  -2.1629  -2.7033  -3.2372  -3.7611
 -4.2765  -4.7861  -5.2918  -5.7956  -6.2977  -6.7991  -7.2999  -7.8004  -8.3007
 -8.8009  -9.3010  -9.8010 -10.3011 -10.8011 -11.3011 -11.8011 -12.3011 -12.8011
-10.0000  -1.0428  -1.0428  -1.0428  -1.0428  -1.0427  -1.0424  -1.0418  -1.0405
 -1.0388  -1.0428  -1.0867  -1.2607  -1.6458  -2.1627  -2.7031  -3.2370  -3.7609
 -4.2763  -4.7859  -5.2916  -5.7954  -6.2975  -6.7989  -7.2997  -7.8002  -8.3005
 -8.8007  -9.3008  -9.8008 -10.3009 -10.8009 -11.3009 -11.8009 -12.3009 -12.8009
-10.0000  -1.0430  -1.0430  -1.0430  -1.0430  -1.0429  -1.0426  -1.0420  -1.0407
 -1.0390  -1.0430  -1.0869  -1.2609  -1.6460  -2.1629  -2.7033  -3.2372  -3.7611
 -4.2765  -4.7861  -5.2918  -5.7956  -6.2977  -6.7991  -7.2999  -7.8004  -8.3007
 -8.8009  -9.3010  -9.8010 -10.3011 -10.8011 -11.3011 -11.8011 -12.3011 -12.8011
-10.0000  -1.0429  -1.0429  -1.0429  -1.0429  -1.0428  -1.0425  -1.0419  -1.0406
 -1.0389  -1.0429  -1.0868  -1.2608  -1.6458  -2.1628  -2.7032  -3.2371  -3.7610
 -4.2764  -4.7860  -5.2917  -5.7955  -6.2976  -6.7990  -7.2998  -7.8003  -8.3006
 -8.8008  -9.3009  -9.8009 -10.3010 -10.8010 -11.3010 -11.8010 -12.3010 -12.8010
-22.0000  -1.0429  -1.0429  -1.0429  -1.0429  -1.0428  -1.0425  -1.0419  -1.0406
 -1.0389  -1.0429  -1.0868  -1.2608  -1.6459  -2.1628  -2.7032  -3.2371  -3.7610
 -4.2764  -4.7860  -5.2917  -5.7955  -6.2976  -6.7990  -7.2998  -7.8003  -8.3006
 -8.8008  -9.3009  -9.8009 -10.3010 -10.8010 -11.3010 -11.8010 -12.3010 -12.8010
-21.0000  -1.0429  -1.0429  -1.0429  -1.0429  -1.0428  -1.0425  -1.0419  -1.0406
 -1.0389  -1.0429  -1.0868  -1.2608  -1.6459  -2.1628  -2.7032  -3.2371  -3.7610
 -4.2764  -4.7860  -5.2917  -5.7955  -6.2976  -6.7990  -7.2998  -7.8003  -8.3006
 -8.8008  -9.3009  -9.8009 -10.3010 -10.8010 -11.3010 -11.8010 -12.3010 -12.8010
-20.0000  -1.0429  -1.0429  -1.0429  -1.0429  -1.0428  -1.0425  -1.0419  -1.0406
 -1.0389  -1.0429  -1.0868  -1.2608  -1.6459  -2.1628  -2.7032  -3.2371  -3.7610
 -4.2764  -4.7860  -5.2917  -5.7955  -6.2976  -6.7990  -7.2998  -7.8003  -8.3006
 -8.8008  -9.3009  -9.8009 -10.3010 -10.8010 -11.3010 -11.8010 -12.3010 -12.8010
-20.0000  -1.0429  -1.0429  -1.0429  -1.0429  -1.0428  -1.0425  -1.0419  -1.0406
 -1.0389  -1.0429  -1.0868  -1.2608  -1.6459  -2.1628  -2.7032  -3.2371  -3.7610
 -4.2764  -4.7860  -5.2917  -5.7955  -6.2976  -6.7990  -7.2998  -7.8003  -8.3006
 -8.8008  -9.3009  -9.8009 -10.3010 -10.8010 -11.3010 -11.8010 -12.3010 -12.8010
-20.0000  -1.0430  -1.0430  -1.0430  -1.0430  -1.0429  -1.0426  -1.0420  -1.0407
 -1.0390  -1.0430  -1.0869  -1.2609  -1.6460  -2.1629  -2.7033  -3.2372  -3.7611
 -4.2765  -4.7861  -5.2918  -5.7956  -6.2977  -6.7991  -7.2999  -7.8004  -8.3007
 -8.8009  -9.3010  -9.8010 -10.3011 -10.8011 -11.3011 -11.8011 -12.3011 -12.8011
-20.0000  -1.0431  -1.0431  -1.0431  -1.0431  -1.0430  -1.0427  -1.0421  -1.0408
 -1.0391  -1.0431  -1.0870  -1.2610  -1.6461  -2.1630  -2.7034  -3.2373  -3.7612
 -4.2766  -4.7862  -5.2919  -5.7957  -6.2978  -6.7992  -7.3000  -7.8005  -8.3008
 -8.8010  -9.3011  -9.8011 -10.3012 -10.8012 -11.3012 -11.8012 -12.3012 -12.8012
-20.0000  -1.0430  -1.0430  -1.0430  -1.0430  -1.0429  -1.0426  -1.0420  -1.0407
 -1.0390  -1.0430  -1.0869  -1.2609  -1.6460  -2.1629  -2.7033  -3.2372  -3.7611
 -4.2765  -4.7861  -5.2918  -5.7956  -6.2977  -6.7991  -7.2999  -7.8004  -8.3007
 -8.8009  -9.3010  -9.8010 -10.3011 -10.8011 -11.3011 -11.8011 -12.3011 -12.8011
-32.0000  -1.0430  -1.0430  -1.0430  -1.0430  -1.0429  -1.0426  -1.0420  -1.0407
 -1.0390  -1.0430  -1.0869  -1.2609  -1.6460  -2.1629  -2.7033  -3.2372  -3.7611
 -4.2765  -4.7861  -5.2918  -5.7956  -6.2977  -6.7991  -7.2999  -7.8004  -8.3007
 -8.8009  -9.3010  -9.8010 -10.3011 -10.8011 -11.3011 -11.8011 -12.3011 -12.8011
-31.0000  -1.0430  -1.0430  -1.0430  -1.0430  -1.0429  -1.0426  -1.0420  -1.0407
 -1.0390  -1.0430  -1.0869  -1.2609  -1.6460  -2.1629  -2.7033  -3.2372  -3.7611
 -4.2765  -4.7861  -5.2918  -5.7956  -6.2977  -6.7991  -7.2999  -7.8004  -8.3007
 -8.8009  -9.3010  -9.8010 -10.3011 -10.8011 -11.3011 -11.8011 -12.3011 -12.8011
-30.0000  -1.0430  -1.0430  -1.0430  -1.0430  -1.0429  -1.0426  -1.0420  -1.0407
 -1.0390  -1.0430  -1.0869  -1.2609  -1.6460  -2.1629  -2.7033  -3.2372  -3.7611
 -4.2765  -4.7861  -5.2918  -5.7956  -6.2977  -6.7991  -7.2999  -7.8004  -8.3007
 -8.8009  -9.3010  -9.8010 -10.3011 -10.8011 -11.3011 -11.8011 -12.3011 -12.8011
-30.0000  -1.0430  -1.0430  -1.0430  -1.0430  -1.0429  -1.0426  -1.0420  -1.0407
 -1.0390  -1.0430  -1.0869  -1.2609  -1.6460  -2.1629  -2.7033  -3.2372  -3.7611
 -4.2765  -4.7861  -5.2918  -5.7956  -6.2977  -6.7991  -7.2999  -7.8004  -8.3007
 -8.8009  -9.3010  -9.8010 -10.3011 -10.8011 -11.3011 -11.8011 -12.3011 -12.8011
-30.0000  -1.0430  -1.0430  -1.0430  -1.0430  -1.0429  -1.0426  -1.0420  -1.0407
 -1.0390  -1.0430  -1.0869  -1.2609  -1.6460  -2.1629  -2.7033  -3.2372  -3.7611
 -4.2765  -4.7861  -5.2918  -5.7956  -6.2977  -6.7991  -7.2999  -7.8004  -8.3007
 -8.8009  -9.3010  -9.8010 -10.3011 -10.8011 -11.3011 -11.8011 -12.3011 -12.8011
-30.0000  -1.0428  -1.0428  -1.0428  -1.0428  -1.0427  -1.0424  -1.0418  -1.0405
 -1.0388  -1.0428  -1.0867  -1.2607  -1.6458  -2.1627  -2.7031  -3.2370  -3.7609
 -4.2763  -4.7859  -5.2916  -5.7954  -6.2975  -6.7989  -7.2997  -7.8002  -8.3005
 -8.8007  -9.3008  -9.8008 -10.3009 -10.8009 -11.3009 -11.8009 -12.3009 -12.8009
-30.0000  -1.0430  -1.0430  -1.0430  -1.0430  -1.0429  -1.0426  -1.0420  -1.0407
 -1.0390  -1.0430  -1.0869  -1.2609  -1.6460  -2.1629  -2.7033  -3.2372  -3.7611
 -4.2765  -4.7861  -5.2918  -5.7956  -6.2977  -6.7991  -7.2999  -7.8004  -8.3007
 -8.8009  -9.3010  -9.8010 -10.3011 -10.8011 -11.3011 -11.8011 -12.3011 -12.8011
-42.0000  -1.0429  -1.0429  -1.0429  -1.0429  -1.0428  -1.0425  -1.0419  -1.0406
 -1.0389  -1.0429  -1.0868  -1.2608  -1.6459  -2.1628  -2.7032  -3.2371  -3.7610
 -4.2764  -4.7860  -5.2917  -5.7955  -6.2976  -6.7990  -7.2998  -7.8003  -8.3006
 -8.8008  -9.3009  -9.8009 -10.3010 -10.8010 -11.3010 -11.8010 -12.3010 -12.8010
-41.0000  -1.0429  -1.0429  -1.0429  -1.0429  -1.0428  -1.0425  -1.0419  -1.0406
 -1.0389  -1.0429  -1.0868  -1.2608  -1.6459  -2.1628  -2.7032  -3.2371  -3.7610
 -4.2764  -4.7860  -5.2917  -5.7955  -6.2976  -6.7990  -7.2998  -7.8003  -8.3006
 -8.8008  -9.3009  -9.8009 -10.3010 -10.8010 -11.3010 -11.8010 -12.3010 -12.8010
-40.0000  -1.0429  -1.0429  -1.0429  -1.0429  -1.0428  -1.0425  -1.0419  -1.0406
 -1.0389  -1.0429  -1.0868  -1.2608  -1.6459  -2.1628  -2.7032  -3.2371  -3.7610
 -4.2764  -4.7860  -5.2917  -5.7955  -6.2976  -6.7990  -7.2998  -7.8003  -8.3006
 -8.8008  -9.3009  -9.8009 -10.3010 -10.8010 -11.3010 -11.8010 -12.3010 -12.8010
-40.0000  -1.0429  -1.0429  -1.0429  -1.0429  -1.0428  -1.0425  -1.0419  -1.0406
 -1.0389  -1.0429  -1.0868  -1.2608  -1.6459  -2.1628  -2.7032  -3.2371  -3.7610
 -4.2764  -4.7860  -5.2917  -5.7955  -6.2976  -6.7990  -7.2998  -7.8003  -8.3006
 -8.8008  -9.3009  -9.8009 -10.3010 -10.8010 -11.3010 -11.8010 -12.3010 -12.8010
-40.0000  -1.0429  -1.0429  -1.0429  -1.0429  -1.0428  -1.0425  -1.0419  -1.0406
 -1.0389  -1.0429  -1.0868  -1.2608  -1.6459  -2.1628  -2.7032  -3.2371  -3.7610
 -4.2764  -4.7860  -5.2917  -5.7955  -6.2976  -6.7990  -7.2998  -7.8003  -8.3006
 -8.8008  -9.3009  -9.8009 -10.3010 -10.8010 -11.3010 -11.8010 -12.3010 -12.8010
-40.0000  -1.0429  -1.0429  -1.0429  -1.0429  -1.0428  -1.0425  -1.0419  -1.0406
 -1.0389  -1.0429  -1.0868  -1.2608  -1.6459  -2.1628  -2.7032  -3.2371  -3.7610
 -4.2764  -4.7860  -5.2917  -5.7955  -6.2976  -6.7990  -7.2998  -7.8003  -8.3006
 -8.8008  -9.3009  -9.8009 -10.3010 -10.8010 -11.3010 -11.8010 -12.3010 -12.8010
-40.0000  -1.0430  -1.0430  -1.0430  -1.0430  -1.0429  -1.0426  -1.0420  -1.0407
 -1.0390  -1.0430  -1.0869  -1.2609  -1.6460  -2.1629  -2.7033  -3.2372  -3.7611
 -4.2765  -4.7861  -5.2918  -5.7956  -6.2977  -6.7991  -7.2999  -7.8004  -8.3007
 -8.8009  -9.3010  -9.8010 -10.3011 -10.8011 -11.3011 -11.8011 -12.3011 -12.8011
-52.0000  -1.0429  -1.0429  -1.0429  -1.0429  -1.0428  -1.0425  -1.0419  -1.0406
 -1.0389  -1.0429  -1.0868  -1.2608  -1.6459  -2.1628  -2.7032  -3.2371  -3.7610
 -4.2764  -4.7860  -5.2917  -5.7955  -6.2976  -6.7990  -7.2998  -7.8003  -8.3006
 -8.8008  -9.3009  -9.8009 -10.3010 -10.8010 -11.3010 -11.8010 -12.3010 -12.8010
-51.0000  -1.0429  -1.0429  -1.0429  -1.0429  -1.0428  -1.0425  -1.0419  -1.0406
 -1.0389  -1.0429  -1.0868  -1.2608  -1.6459  -2.1628  -2.7032  -3.2371  -3.7610
 -4.2764  -4.7860  -5.2917  -5.7955  -6.2976  -6.7990  -7.2998  -7.8003  -8.3006
 -8.8008  -9.3009  -9.8009 -10.3010 -10.8010 -11.3010 -11.8010 -12.3010 -12.8010
-50.0000  -1.0429  -1.0429  -1.0429  -1.0429  -1.0428  -1.0425  -1.0419  -1.0406
 -1.0389  -1.0429  -1.0868  -1.2608  -1.6459  -2.1628  -2.7032  -3.2371  -3.7610
 -4.2764  -4.7860  -5.2917  -5.7955  -6.2976  -6.7990  -7.2998  -7.8003  -8.3006
 -8.8008  -9.3009  -9.8009 -10.3010 -10.8010 -11.3010 -11.8010 -12.3010 -12.8010
-50.0000  -1.0429  -1.0429  -1.0429  -1.0429  -1.0428  -1.0425  -1.0419  -1.0406
 -1.0389  -1.0429  -1.0868  -1.2608  -1.6459  -2.1628  -2.7032  -3.2371  -3.7610
 -4.2764  -4.7860  -5.2917  -5.7955  -6.2976  -6.7990  -7.2998  -7.8003  -8.3006
 -8.8008  -9.3009  -9.8009 -10.3010 -10.8010 -11.3010 -11.8010 -12.3010 -12.8010
-50.0000  -1.0429  -1.0429  -1.0429  -1.0429  -1.0428  -1.0425  -1.0419  -1.0406
 -1.0389  -1.0429  -1.0868  -1.2608  -1.6459  -2.1628  -2.7032  -3.2371  -3.7610
 -4.2764  -4.7860  -5.2917  -5.7955  -6.2976  -6.7990  -7.2998  -7.8003  -8.3006
 -8.8008  -9.3009  -9.8009 -10.3010 -10.8010 -11.3010 -11.8010 -12.3010 -12.8010
-50.0000  -1.0429  -1.0429  -1.0429  -1.0429  -1.0428  -1.0425  -1.0419  -1.0406
 -1.0389  -1.0429  -1.0868  -1.2608  -1.6459  -2.1628  -2.7032  -3.2371  -3.7610
 -4.2764  -4.7860  -5.2917  -5.7955  -6.2976  -6.7990  -7.2998  -7.8003  -8.3006
 -8.8008  -9.3009  -9.8009 -10.3010 -10.8010 -11.3010 -11.8010 -12.3010 -12.8010
-50.0000  -1.0428  -1.0428  -1.0428  -1.0428  -1.0427  -1.0424  -1.0418  -1.0405
 -1.0388  -1.0428  -1.0867  -1.2607  -1.6458  -2.1627  -2.7031  -3.2370  -3.7609
 -4.2763  -4.7859  -5.2916  -5.7954  -6.2975  -6.7989  -7.2997  -7.8002  -8.3005
 -8.8007  -9.3008  -9.8008 -10.3009 -10.8009 -11.3009 -11.8009 -12.3009 -12.8009
-62.0000  -1.0463  -1.0463  -1.0463  -1.0463  -1.0462  -1.0459  -1.0453  -1.0440
 -1.0423  -1.0463  -1.0902  -1.2642  -1.6493  -2.1662  -2.7066  -3.2405  -3.7644
 -4.2798  -4.7894  -5.2951  -5.7989  -6.3010  -6.8024  -7.3032  -7.8037  -8.3040
 -8.8042  -9.3043  -9.8043 -10.3044 -10.8044 -11.3044 -11.8044 -12.3044 -12.8044
-61.0000  -1.0463  -1.0463  -1.0463  -1.0463  -1.0462  -1.0459  -1.0453  -1.0440
 -1.0423  -1.0463  -1.0902  -1.2642  -1.6493  -2.1662  -2.7066  -3.2405  -3.7644
 -4.2798  -4.7894  -5.2951  -5.7989  -6.3010  -6.8024  -7.3032  -7.8037  -8.3040
 -8.8042  -9.3043  -9.8043 -10.3044 -10.8044 -11.3044 -11.8044 -12.3044 -12.8044
-60.0000  -1.0463  -1.0463  -1.0463  -1.0463  -1.0462  -1.0459  -1.0453  -1.0440
 -1.0423  -1.0463  -1.0902  -1.2642  -1.6493  -2.1662  -2.7066  -3.2405  -3.7644
 -4.2798  -4.7894  -5.2951  -5.7989  -6.3010  -6.8024  -7.3032  -7.8037  -8.3040
 -8.8042  -9.3043  -9.8043 -10.3044 -10.8044 -11.3044 -11.8044 -12.3044 -12.8044
-60.0000  -1.0463  -1.0463  -1.0463  -1.0463  -1.0462  -1.0459  -1.0453  -1.0440
 -1.0423  -1.0463  -1.0902  -1.2642  -1.6493  -2.1662  -2.7066  -3.2405  -3.7644
 -4.2798  -4.7894  -5.2951  -5.7989  -6.3010  -6.8024  -7.3032  -7.8037  -8.3040
 -8.8042  -9.3043  -9.8043 -10.3044 -10.8044 -11.3044 -11.8044 -12.3044 -12.8044
-60.0000  -1.0463  -1.0463  -1.0463  -1.0463  -1.0462  -1.0459  -1.0453  -1.0440
 -1.0423  -1.0463  -1.0902  -1.2642  -1.6493  -2.1662  -2.7066  -3.2405  -3.7644
 -4.2798  -4.7894  -5.2951  -5.7989  -6.3010  -6.8024  -7.3032  -7.8037  -8.3040
 -8.8042  -9.3043  -9.8043 -10.3044 -10.8044 -11.3044 -11.8044 -12.3044 -12.8044
-60.0000  -1.0463  -1.0463  -1.0463  -1.0463  -1.0462  -1.0459  -1.0453  -1.0440
 -1.0423  -1.0463  -1.0902  -1.2642  -1.6493  -2.1662  -2.7066  -3.2405  -3.7644
 -4.2798  -4.7894  -5.2951  -5.7989  -6.3010  -6.8024  -7.3032  -7.8037  -8.3040
 -8.8042  -9.3043  -9.8043 -10.3044 -10.8044 -11.3044 -11.8044 -12.3044 -12.8044
-60.0000  -1.0463  -1.0463  -1.0463  -1.0463  -1.0462  -1.0459  -1.0453  -1.0440
 -1.0423  -1.0463  -1.0902  -1.2642  -1.6493  -2.1662  -2.7066  -3.2405  -3.7644
 -4.2798  -4.7894  -5.2951  -5.7989  -6.3010  -6.8024  -7.3032  -7.8037  -8.3040
 -8.8042  -9.3043  -9.8043 -10.3044 -10.8044 -11.3044 -11.8044 -12.3044 -12.8044
nl= 3 nu=16
  0.0000  -1.7793  -1.7793  -1.7793  -1.7793  -1.7793  -1.7793  -1.7794  -1.7795
 -1.7797  -1.7803  -1.7818  -1.7856  -1.7950  -1.8188  -1.8783  -2.0268  -2.3923
 -3.2238  -4.2631  -4.8556  -5.3848  -5.9011  -6.4124  -6.9290  -7.4643  -8.0925
 -8.7188  -9.2206  -9.7217 -10.2224 -10.7228 -11.2231 -11.7233 -12.2235 -12.7236
  0.0000  -1.9158  -1.9158  -1.9158  -1.9158  -1.9158  -1.9158  -1.9158  -1.9159
 -1.9160  -1.9163  -1.9171  -1.9191  -1.9240  -1.9364  -1.9676  -2.0457  -2.2409
 -2.7222  -3.7946  -4.8093  -5.3670  -5.8904  -6.4050  -6.9236  -7.4603  -8.0888
 -8.7155  -9.2184  -9.7200 -10.2211 -10.7218 -11.2222 -11.7225 -12.2228 -12.7229
  0.0000  -2.0585  -2.0585  -2.0585  -2.0585  -2.0585  -2.0585  -2.0585  -2.0585
 -2.0586  -2.0587  -2.0591  -2.0602  -2.0627  -2.0691  -2.0851  -2.1253  -2.2261
 -2.4783  -3.1008  -4.4327  -5.3370  -5.8770  -6.3964  -6.9173  -7.4555  -8.0846
 -8.7119  -9.2159  -9.7187 -10.2204 -10.7215 -11.2222 -11.7226 -12.2230 -12.7235
  0.0000  -2.2098  -2.2098  -2.2098  -2.2098  -2.2098  -2.2098  -2.2098  -2.2098
 -2.2098  -2.2099  -2.2101  -2.2106  -2.2119  -2.2151  -2.2233  -2.2437  -2.2950
 -2.4237  -2.7459  -3.5419  -5.1109  -5.8618  -6.3914  -6.9147  -7.4542  -8.0832
 -8.7112  -9.2173  -9.7214 -10.2242 -10.7260 -11.2271 -11.7278 -12.2285 -12.7294
  0.0000  -2.3540  -2.3540  -2.3540  -2.3540  -2.3540  -2.3540  -2.3540  -2.3541
 -2.3541  -2.3541  -2.3542  -2.3545  -2.3551  -2.3568  -2.3609  -2.3712  -2.3971
 -2.4621  -2.6254  -3.0343  -4.0440  -5.7536  -6.3745  -6.9029  -7.4430  -8.0706
 -8.6987  -9.2075  -9.7135 -10.2177 -10.7207 -11.2225 -11.7237 -12.2249 -12.7265
  0.0000  -2.5006  -2.5006  -2.5006  -2.5006  -2.5006  -2.5006  -2.5006  -2.5006
 -2.5006  -2.5007  -2.5007  -2.5008  -2.5012  -2.5020  -2.5040  -2.5092  -2.5223
 -2.5550  -2.6371  -2.8433  -3.3601  -4.6329  -6.3324  -6.8925  -7.4341  -8.0588
 -8.6851  -9.1960  -9.7044 -10.2108 -10.7151 -11.2182 -11.7201 -12.2220 -12.7253
  0.0000  -2.6500  -2.6500  -2.6500  -2.6500  -2.6500  -2.6500  -2.6500  -2.6500
 -2.6500  -2.6500  -2.6501  -2.6501  -2.6503  -2.6507  -2.6517  -2.6543  -2.6609
 -2.6773  -2.7185  -2.8220  -3.0819  -3.7334  -5.3265  -6.8748  -7.4300  -8.0520
 -8.6751  -9.1853  -9.6951 -10.2037 -10.7102 -11.2147 -11.7179 -12.2211 -12.7254
  0.0000  -1.5073  -1.5073  -1.5073  -1.5073  -1.5073  -1.5074  -1.5075  -1.5079
 -1.5088  -1.5110  -1.5167  -1.5310  -1.5666  -1.6551  -1.8712  -2.3625  -3.1678
 -3.8234  -4.3689  -4.8898  -5.4052  -5.9181  -6.4492  -7.0412  -7.7165  -8.2191
 -8.7206  -9.2216  -9.7223 -10.2227 -10.7229 -11.2231 -11.7232 -12.2233 -12.7235
  0.0000  -1.6219  -1.6219  -1.6219  -1.6219  -1.6219  -1.6219  -1.6220  -1.6222
 -1.6227  -1.6240  -1.6272  -1.6353  -1.6554  -1.7059  -1.8315  -2.1382  -2.8240
 -3.7459  -4.3493  -4.8797  -5.3979  -5.9127  -6.4451  -7.0378  -7.7130  -8.2168
 -8.7192  -9.2207  -9.7217 -10.2223 -10.7227 -11.2229 -11.7231 -12.2233 -12.7234
  0.0000  -1.7496  -1.7496  -1.7496  -1.7496  -1.7496  -1.7497  -1.7497  -1.7498
 -1.7501  -1.7508  -1.7525  -1.7568  -1.7677  -1.7951  -1.8636  -2.0342  -2.4515
 -3.3627  -4.3038  -4.8659  -5.3896  -5.9063  -6.4398  -7.0332  -7.7083  -8.2138
 -8.7173  -9.2197  -9.7212 -10.2222 -10.7228 -11.2232 -11.7235 -12.2238 -12.7242
  0.0000  -1.8847  -1.8847  -1.8847  -1.8847  -1.8847  -1.8847  -1.8847  -1.8848
 -1.8849  -1.8853  -1.8862  -1.8885  -1.8942  -1.9085  -1.9445  -2.0347  -2.2599
 -2.8114  -3.9668  -4.8375  -5.3783  -5.8979  -6.4319  -7.0250  -7.6996  -8.2075
 -8.7126  -9.2163  -9.7187 -10.2202 -10.7212 -11.2218 -11.7222 -12.2226 -12.7232
  0.0000  -2.0270  -2.0270  -2.0270  -2.0270  -2.0270  -2.0270  -2.0270  -2.0270
 -2.0271  -2.0273  -2.0278  -2.0289  -2.0319  -2.0392  -2.0578  -2.1043  -2.2209
 -2.5121  -3.2268  -4.6149  -5.3652  -5.8942  -6.4282  -7.0199  -7.6922  -8.2027
 -8.7101  -9.2154  -9.7191 -10.2216 -10.7232 -11.2242 -11.7249 -12.2256 -12.7266
  0.0000  -2.1740  -2.1740  -2.1740  -2.1740  -2.1740  -2.1740  -2.1740  -2.1741
 -2.1741  -2.1742  -2.1744  -2.1750  -2.1765  -2.1803  -2.1897  -2.2134  -2.2728
 -2.4219  -2.7948  -3.7092  -5.2538  -5.8854  -6.4233  -7.0122  -7.6805  -8.1919
 -8.7011  -9.2087  -9.7142 -10.2181 -10.7207 -11.2224 -11.7234 -12.2244 -12.7262
  0.0000  -2.3253  -2.3253  -2.3253  -2.3253  -2.3253  -2.3253  -2.3253  -2.3253
 -2.3253  -2.3253  -2.3255  -2.3258  -2.3265  -2.3284  -2.3332  -2.3451  -2.3751
 -2.4505  -2.6398  -3.1133  -4.2716  -5.8464  -6.4241  -7.0136  -7.6769  -8.1862
 -8.6949  -9.2044  -9.7122 -10.2178 -10.7217 -11.2244 -11.7261 -12.2278 -12.7308
  0.0000  -1.3168  -1.3168  -1.3168  -1.3168  -1.3169  -1.3170  -1.3174  -1.3184
 -1.3210  -1.3272  -1.3430  -1.3821  -1.4776  -1.6999  -2.1458  -2.7554  -3.3285
 -3.8672  -4.3903  -4.9058  -5.4317  -5.9971  -6.7130  -7.2169  -7.7193  -8.2208
 -8.7218  -9.2224  -9.7228 -10.2231 -10.7232 -11.2233 -11.7234 -12.2235 -12.7236
  0.0000  -1.3887  -1.3887  -1.3887  -1.3887  -1.3888  -1.3889  -1.3891  -1.3898
 -1.3915  -1.3957  -1.4062  -1.4325  -1.4977  -1.6563  -2.0165  -2.6565  -3.3055
 -3.8581  -4.3840  -4.9006  -5.4275  -5.9935  -6.7091  -7.2142  -7.7177  -8.2199
 -8.7213  -9.2222  -9.7228 -10.2232 -10.7234 -11.2235 -11.7236 -12.2237 -12.7238
  0.0000  -1.4805  -1.4805  -1.4805  -1.4805  -1.4805  -1.4806  -1.4808  -1.4812
 -1.4822  -1.4847  -1.4912  -1.5073  -1.5476  -1.6476  -1.8900  -2.4274  -3.2250
 -3.8409  -4.3751  -4.8929  -5.4202  -5.9866  -6.7010  -7.2085  -7.7130  -8.2165
 -8.7186  -9.2199  -9.7208 -10.2213 -10.7217 -11.2219 -11.7220 -12.2221 -12.7223
  0.0000  -1.5938  -1.5938  -1.5938  -1.5938  -1.5938  -1.5939  -1.5940  -1.5942
 -1.5948  -1.5962  -1.5999  -1.6091  -1.6322  -1.6899  -1.8333  -2.1808  -2.9289
 -3.7955  -4.3669  -4.8890  -5.4157  -5.9815  -6.6937  -7.2035  -7.7101  -8.2147
 -8.7181  -9.2202  -9.7215 -10.2224 -10.7229 -11.2233 -11.7235 -12.2237 -12.7242
  0.0000  -1.7182  -1.7182  -1.7182  -1.7182  -1.7182  -1.7182  -1.7183  -1.7184
 -1.7187  -1.7195  -1.7215  -1.7265  -1.7390  -1.7705  -1.8493  -2.0453  -2.5209
 -3.5013  -4.3408  -4.8830  -5.4103  -5.9739  -6.6817  -7.1933  -7.7020  -8.2087
 -8.7134  -9.2168  -9.7189 -10.2203 -10.7211 -11.2217 -11.7221 -12.2225 -12.7232
  0.0000  -1.8545  -1.8545  -1.8545  -1.8545  -1.8545  -1.8545  -1.8546  -1.8546
 -1.8548  -1.8552  -1.8563  -1.8589  -1.8655  -1.8821  -1.9236  -2.0278  -2.2873
 -2.9178  -4.1251  -4.8728  -5.4102  -5.9720  -6.6737  -7.1847  -7.6939  -8.2028
 -8.7097  -9.2145  -9.7179 -10.2201 -10.7215 -11.2224 -11.7230 -12.2236 -12.7245
  0.0000  -1.9954  -1.9954  -1.9954  -1.9954  -1.9954  -1.9954  -1.9954  -1.9954
 -1.9955  -1.9957  -1.9963  -1.9976  -2.0010  -2.0096  -2.0310  -2.0848  -2.2198
 -2.5564  -3.3742  -4.7536  -5.4055  -5.9731  -6.6704  -7.1775  -7.6837  -8.1932
 -8.7021  -9.2091  -9.7140 -10.2173 -10.7196 -11.2211 -11.7220 -12.2229 -12.7245
  0.0000  -1.2322  -1.2322  -1.2322  -1.2323  -1.2324  -1.2326  -1.2333  -1.2350
 -1.2393  -1.2500  -1.2765  -1.3408  -1.4893  -1.7917  -2.2647  -2.8071  -3.3477
 -3.8831  -4.4116  -4.9534  -5.5846  -6.2129  -6.7169  -7.2195  -7.7210  -8.2220
 -8.7226  -9.2230  -9.7233 -10.2234 -10.7235 -11.2236 -11.7236 -12.2236 -12.7238
  0.0000  -1.2570  -1.2570  -1.2570  -1.2570  -1.2571  -1.2573  -1.2579  -1.2593
 -1.2629  -1.2719  -1.2943  -1.3493  -1.4797  -1.7613  -2.2399  -2.8000  -3.3444
 -3.8783  -4.4070  -4.9491  -5.5803  -6.2091  -6.7142  -7.2176  -7.7198  -8.2212
 -8.7220  -9.2225  -9.7229 -10.2231 -10.7232 -11.2233 -11.7234 -12.2235 -12.7236
  0.0000  -1.3003  -1.3003  -1.3003  -1.3003  -1.3004  -1.3005  -1.3010  -1.3021
 -1.3048  -1.3116  -1.3288  -1.3712  -1.4747  -1.7129  -2.1773  -2.7806  -3.3412
 -3.8748  -4.4024  -4.9444  -5.5750  -6.2039  -6.7108  -7.2153  -7.7184  -8.2204
 -8.7216  -9.2224  -9.7229 -10.2232 -10.7234 -11.2236 -11.7236 -12.2236 -12.7239
  0.0000  -1.3644  -1.3644  -1.3644  -1.3645  -1.3645  -1.3646  -1.3649  -1.3657
 -1.3675  -1.3722  -1.3840  -1.4133  -1.4859  -1.6613  -2.0525  -2.7060  -3.3291
 -3.8705  -4.3971  -4.9373  -5.5660  -6.1944  -6.7032  -7.2095  -7.7138  -8.2168
 -8.7187  -9.2199  -9.7206 -10.2211 -10.7214 -11.2216 -11.7218 -12.2220 -12.7222
  0.0000  -1.4554  -1.4554  -1.4554  -1.4554  -1.4555  -1.4555  -1.4557  -1.4562
 -1.4573  -1.4602  -1.4675  -1.4858  -1.5314  -1.6444  -1.9163  -2.5009  -3.2815
 -3.8680  -4.3982  -4.9357  -5.5606  -6.1865  -6.6969  -7.2051  -7.7112  -8.2155
 -8.7185  -9.2204  -9.7216 -10.2223 -10.7228 -11.2231 -11.7233 -12.2235 -12.7238
  0.0000  -1.5659  -1.5659  -1.5659  -1.5659  -1.5660  -1.5660  -1.5661  -1.5664
 -1.5670  -1.5687  -1.5729  -1.5834  -1.6098  -1.6758  -1.8394  -2.2323  -3.0379
 -3.8448  -4.4004  -4.9384  -5.5581  -6.1792  -6.6885  -7.1980  -7.7063  -8.2125
 -8.7167  -9.2197  -9.7216 -10.2228 -10.7236 -11.2241 -11.7244 -12.2247 -12.7252
  0.0000  -1.6893  -1.6893  -1.6893  -1.6893  -1.6894  -1.6894  -1.6894  -1.6896
 -1.6899  -1.6909  -1.6931  -1.6989  -1.7133  -1.7495  -1.8401  -2.0648  -2.6047
 -3.6345  -4.3889  -4.9423  -5.5602  -6.1756  -6.6797  -7.1877  -7.6973  -8.2055
 -8.7117  -9.2159  -9.7189 -10.2208 -10.7220 -11.2228 -11.7233 -12.2238 -12.7247
  0.0000  -1.2159  -1.2159  -1.2159  -1.2159  -1.2161  -1.2164  -1.2171  -1.2191
 -1.2239  -1.2359  -1.2654  -1.3360  -1.4958  -1.8074  -2.2749  -2.8131  -3.3587
 -3.9186  -4.5221  -5.2037  -5.7114  -6.2161  -6.7190  -7.2207  -7.7218  -8.2225
 -8.7229  -9.2231  -9.7233 -10.2234 -10.7235 -11.2235 -11.7235 -12.2235 -12.7235
  0.0000  -1.2186  -1.2186  -1.2186  -1.2187  -1.2188  -1.2191  -1.2198  -1.2217
 -1.2264  -1.2382  -1.2671  -1.3365  -1.4943  -1.8050  -2.2744  -2.8124  -3.3562
 -3.9147  -4.5183  -5.1994  -5.7085  -6.2141  -6.7177  -7.2200  -7.7214  -8.2222
 -8.7228  -9.2231  -9.7233 -10.2234 -10.7235 -11.2236 -11.7236 -12.2236 -12.7238
  0.0000  -1.2251  -1.2251  -1.2252  -1.2252  -1.2253  -1.2256  -1.2263  -1.2281
 -1.2325  -1.2435  -1.2707  -1.3368  -1.4892  -1.7975  -2.2737  -2.8148  -3.3554
 -3.9106  -4.5130  -5.1929  -5.7037  -6.2106  -6.7152  -7.2183  -7.7202  -8.2214
 -8.7222  -9.2227  -9.7230 -10.2231 -10.7233 -11.2233 -11.7234 -12.2235 -12.7233
  0.0000  -1.2434  -1.2434  -1.2434  -1.2435  -1.2436  -1.2438  -1.2444  -1.2459
 -1.2498  -1.2593  -1.2832  -1.3416  -1.4797  -1.7743  -2.2617  -2.8178  -3.3581
 -3.9082  -4.5077  -5.1849  -5.6971  -6.2058  -6.7119  -7.2160  -7.7188  -8.2205
 -8.7217  -9.2224  -9.7228 -10.2231 -10.7233 -11.2234 -11.7235 -12.2236 -12.7237
  0.0000  -1.2803  -1.2803  -1.2803  -1.2804  -1.2804  -1.2806  -1.2811  -1.2823
 -1.2853  -1.2928  -1.3115  -1.3580  -1.4706  -1.7274  -2.2123  -2.8114  -3.3634
 -3.9093  -4.5041  -5.1761  -5.6881  -6.1982  -6.7062  -7.2120  -7.7160  -8.2186
 -8.7203  -9.2214  -9.7221 -10.2225 -10.7228 -11.2230 -11.7231 -12.2232 -12.7234
  0.0000  -1.3424  -1.3424  -1.3424  -1.3424  -1.3425  -1.3426  -1.3430  -1.3438
 -1.3459  -1.3511  -1.3642  -1.3969  -1.4778  -1.6720  -2.0963  -2.7599  -3.3454
 -3.9134  -4.5069  -5.1720  -5.6802  -6.1898  -6.6993  -7.2071  -7.7128  -8.2166
 -8.7193  -9.2209  -9.7220 -10.2227 -10.7231 -11.2234 -11.7236 -12.2238 -12.7241
  0.0000  -1.4279  -1.4279  -1.4279  -1.4279  -1.4279  -1.4280  -1.4282  -1.4287
 -1.4301  -1.4333  -1.4416  -1.4623  -1.5138  -1.6412  -1.9449  -2.5747  -3.3347
 -3.9200  -4.5139  -5.1751  -5.6756  -6.1803  -6.6896  -7.1989  -7.7065  -8.2121
 -8.7158  -9.2185  -9.7201 -10.2211 -10.7218 -11.2222 -11.7225 -12.2228 -12.7232
  0.0000  -1.2178  -1.2178  -1.2178  -1.2178  -1.2180  -1.2183  -1.2190  -1.2208
 -1.2253  -1.2367  -1.2646  -1.3323  -1.4883  -1.7992  -2.2722  -2.8258  -3.4194
 -4.1771  -4.6971  -5.2080  -5.7140  -6.2178  -6.7200  -7.2213  -7.7221  -8.2226
 -8.7229  -9.2231  -9.7232 -10.2233 -10.7233 -11.2233 -11.7233 -12.2233 -12.7233
  0.0000  -1.2178  -1.2178  -1.2178  -1.2179  -1.2180  -1.2183  -1.2190  -1.2209
 -1.2256  -1.2371  -1.2654  -1.3335  -1.4894  -1.7982  -2.2694  -2.8225  -3.4169
 -4.1727  -4.6938  -5.2057  -5.7126  -6.2168  -6.7194  -7.2209  -7.7218  -8.2224
 -8.7228  -9.2230  -9.7231 -10.2232 -10.7233 -11.2233 -11.7233 -12.2233 -12.7233
  0.0000  -1.2138  -1.2138  -1.2138  -1.2139  -1.2140  -1.2143  -1.2151  -1.2170
 -1.2218  -1.2337  -1.2629  -1.3328  -1.4915  -1.8029  -2.2739  -2.8234  -3.4140
 -4.1666  -4.6887  -5.2018  -5.7100  -6.2150  -6.7182  -7.2202  -7.7214  -8.2222
 -8.7227  -9.2230  -9.7232 -10.2233 -10.7233 -11.2234 -11.7234 -12.2234 -12.7236
  0.0000  -1.2096  -1.2096  -1.2096  -1.2097  -1.2098  -1.2101  -1.2109  -1.2128
 -1.2177  -1.2297  -1.2593  -1.3304  -1.4918  -1.8083  -2.2830  -2.8290  -3.4141
 -4.1597  -4.6815  -5.1956  -5.7054  -6.2118  -6.7160  -7.2187  -7.7204  -8.2215
 -8.7221  -9.2226  -9.7228 -10.2230 -10.7231 -11.2232 -11.7232 -12.2232 -12.7234
  0.0000  -1.2107  -1.2107  -1.2107  -1.2108  -1.2109  -1.2112  -1.2119  -1.2138
 -1.2184  -1.2300  -1.2587  -1.3281  -1.4877  -1.8076  -2.2926  -2.8401  -3.4194
 -4.1556  -4.6739  -5.1878  -5.6990  -6.2072  -6.7127  -7.2165  -7.7190  -8.2206
 -8.7216  -9.2222  -9.7226 -10.2228 -10.7230 -11.2231 -11.7232 -12.2233 -12.7234
  0.0000  -1.2244  -1.2244  -1.2244  -1.2244  -1.2245  -1.2248  -1.2254  -1.2271
 -1.2312  -1.2415  -1.2671  -1.3299  -1.4775  -1.7888  -2.2903  -2.8528  -3.4311
 -4.1587  -4.6695  -5.1794  -5.6906  -6.2004  -6.7080  -7.2132  -7.7168  -8.2192
 -8.7207  -9.2216  -9.7222 -10.2226 -10.7229 -11.2230 -11.7231 -12.2232 -12.7232
  0.0000  -1.2585  -1.2585  -1.2585  -1.2585  -1.2586  -1.2588  -1.2593  -1.2606
 -1.2639  -1.2721  -1.2926  -1.3433  -1.4658  -1.7421  -2.2490  -2.8547  -3.4455
 -4.1717  -4.6734  -5.1742  -5.6822  -6.1923  -6.7015  -7.2087  -7.7136  -8.2170
 -8.7193  -9.2208  -9.7217 -10.2223 -10.7226 -11.2229 -11.7230 -12.2231 -12.7236
  0.0000  -1.2125  -1.2125  -1.2125  -1.2126  -1.2127  -1.2129  -1.2136  -1.2152
 -1.2194  -1.2299  -1.2562  -1.3214  -1.4762  -1.7932  -2.2933  -2.9467  -3.6521
 -4.1845  -4.7015  -5.2107  -5.7160  -6.2190  -6.7208  -7.2219  -7.7225  -8.2229
 -8.7232  -9.2233  -9.7234 -10.2235 -10.7235 -11.2235 -11.7235 -12.2235 -12.7235
  0.0000  -1.2180  -1.2180  -1.2180  -1.2181  -1.2182  -1.2184  -1.2191  -1.2207
 -1.2248  -1.2352  -1.2610  -1.3244  -1.4746  -1.7849  -2.2837  -2.9410  -3.6494
 -4.1829  -4.7005  -5.2100  -5.7156  -6.2188  -6.7207  -7.2218  -7.7225  -8.2229
 -8.7232  -9.2233  -9.7234 -10.2235 -10.7235 -11.2235 -11.7235 -12.2235 -12.7235
  0.0000  -1.2148  -1.2148  -1.2148  -1.2148  -1.2149  -1.2152  -1.2159  -1.2176
 -1.2220  -1.2329  -1.2597  -1.3251  -1.4772  -1.7867  -2.2829  -2.9389  -3.6445
 -4.1785  -4.6973  -5.2078  -5.7139  -6.2177  -6.7200  -7.2213  -7.7221  -8.2226
 -8.7230  -9.2231  -9.7233 -10.2233 -10.7234 -11.2234 -11.7234 -12.2234 -12.7233
  1.0000  -1.2162  -1.2162  -1.2162  -1.2163  -1.2164  -1.2166  -1.2173  -1.2190
 -1.2234  -1.2341  -1.2607  -1.3256  -1.4767  -1.7850  -2.2812  -2.9378  -3.6440
 -4.1784  -4.6972  -5.2078  -5.7139  -6.2177  -6.7200  -7.2213  -7.7221  -8.2226
 -8.7230  -9.2231  -9.7233 -10.2233 -10.7234 -11.2234 -11.7234 -12.2234 -12.7233
  2.0000  -1.2191  -1.2191  -1.2191  -1.2192  -1.2193  -1.2195  -1.2202  -1.2219
 -1.2261  -1.2367  -1.2629  -1.3267  -1.4757  -1.7817  -2.2780  -2.9358  -3.6433
 -4.1783  -4.6972  -5.2078  -5.7140  -6.2178  -6.7201  -7.2214  -7.7222  -8.2227
 -8.7231  -9.2232  -9.7234 -10.2234 -10.7235 -11.2235 -11.7235 -12.2235 -12.7234
  3.0000  -1.2243  -1.2243  -1.2243  -1.2243  -1.2244  -1.2247  -1.2253  -1.2270
 -1.2310  -1.2412  -1.2665  -1.3284  -1.4734  -1.7749  -2.2711  -2.9313  -3.6412
 -4.1777  -4.6968  -5.2075  -5.7137  -6.2175  -6.7198  -7.2211  -7.7219  -8.2224
 -8.7228  -9.2229  -9.7231 -10.2231 -10.7232 -11.2232 -11.7232 -12.2232 -12.7231
  4.0000  -1.2348  -1.2348  -1.2348  -1.2349  -1.2350  -1.2352  -1.2358  -1.2373
 -1.2412  -1.2507  -1.2745  -1.3327  -1.4704  -1.7625  -2.2579  -2.9229  -3.6379
 -4.1772  -4.6966  -5.2076  -5.7138  -6.2177  -6.7200  -7.2213  -7.7221  -8.2226
 -8.7230  -9.2231  -9.7233 -10.2233 -10.7234 -11.2234 -11.7234 -12.2234 -12.7233
  0.0000  -1.1762  -1.1762  -1.1762  -1.1763  -1.1764  -1.1767  -1.1774  -1.1792
 -1.1836  -1.1949  -1.2232  -1.2945  -1.4669  -1.8359  -2.4607  -3.0994  -3.6636
 -4.1898  -4.7044  -5.2127  -5.7176  -6.2206  -6.7223  -7.2233  -7.7240  -8.2243
 -8.7246  -9.2247  -9.7248 -10.2249 -10.7249 -11.2249 -11.7249 -12.2249 -12.7249
  0.0000  -1.1938  -1.1939  -1.1939  -1.1939  -1.1940  -1.1942  -1.1949  -1.1964
 -1.2003  -1.2101  -1.2351  -1.2986  -1.4566  -1.8117  -2.4420  -3.0976  -3.6659
 -4.1924  -4.7066  -5.2142  -5.7189  -6.2215  -6.7230  -7.2239  -7.7244  -8.2247
 -8.7249  -9.2251  -9.7251 -10.2252 -10.7252 -11.2252 -11.7253 -12.2254 -12.7254
  0.0000  -1.1951  -1.1951  -1.1951  -1.1952  -1.1953  -1.1955  -1.1961  -1.1977
 -1.2017  -1.2118  -1.2370  -1.3005  -1.4566  -1.8073  -2.4384  -3.0942  -3.6635
 -4.1909  -4.7056  -5.2137  -5.7186  -6.2214  -6.7230  -7.2239  -7.7245  -8.2249
 -8.7251  -9.2252  -9.7253 -10.2254 -10.7254 -11.2254 -11.7254 -12.2254 -12.7254
  0.0000  -1.1885  -1.1885  -1.1885  -1.1886  -1.1887  -1.1889  -1.1896  -1.1913
 -1.1956  -1.2064  -1.2334  -1.3002  -1.4604  -1.8140  -2.4449  -3.0909  -3.6588
 -4.1868  -4.7027  -5.2118  -5.7172  -6.2205  -6.7224  -7.2236  -7.7243  -8.2247
 -8.7250  -9.2252  -9.7253 -10.2254 -10.7254 -11.2254 -11.7254 -12.2254 -12.7254
  0.0000  -1.1767  -1.1767  -1.1768  -1.1768  -1.1769  -1.1772  -1.1780  -1.1799
 -1.1846  -1.1965  -1.2258  -1.2977  -1.4662  -1.8296  -2.4632  -3.0906  -3.6531
 -4.1806  -4.6977  -5.2083  -5.7147  -6.2188  -6.7214  -7.2229  -7.7239  -8.2245
 -8.7248  -9.2251  -9.7252 -10.2253 -10.7254 -11.2254 -11.7254 -12.2254 -12.7254
  1.0000  -1.1783  -1.1783  -1.1783  -1.1783  -1.1785  -1.1788  -1.1795  -1.1814
 -1.1861  -1.1978  -1.2269  -1.2983  -1.4657  -1.8278  -2.4611  -3.0900  -3.6530
 -4.1807  -4.6978  -5.2085  -5.7149  -6.2190  -6.7216  -7.2231  -7.7241  -8.2247
 -8.7250  -9.2253  -9.7254 -10.2255 -10.7256 -11.2256 -11.7256 -12.2256 -12.7256
  2.0000  -1.1807  -1.1807  -1.1807  -1.1808  -1.1809  -1.1812  -1.1819  -1.1838
 -1.1884  -1.1999  -1.2286  -1.2990  -1.4643  -1.8237  -2.4564  -3.0884  -3.6523
 -4.1803  -4.6976  -5.2082  -5.7147  -6.2188  -6.7214  -7.2229  -7.7239  -8.2245
 -8.7248  -9.2251  -9.7252 -10.2253 -10.7254 -11.2254 -11.7254 -12.2254 -12.7254
 -1.0000  -1.1339  -1.1339  -1.1339  -1.1340  -1.1341  -1.1344  -1.1352  -1.1371
 -1.1420  -1.1543  -1.1859  -1.2671  -1.4766  -1.9560  -2.5665  -3.1373  -3.6736
 -4.1943  -4.7060  -5.2127  -5.7168  -6.2191  -6.7205  -7.2214  -7.7219  -8.2222
 -8.7224  -9.2225  -9.7226 -10.2226 -10.7226 -11.2226 -11.7227 -12.2228 -12.7227
  0.0000  -1.1338  -1.1338  -1.1339  -1.1339  -1.1340  -1.1343  -1.1351  -1.1370
 -1.1419  -1.1542  -1.1858  -1.2670  -1.4765  -1.9558  -2.5663  -3.1372  -3.6735
 -4.1942  -4.7059  -5.2126  -5.7167  -6.2190  -6.7204  -7.2213  -7.7218  -8.2221
 -8.7223  -9.2224  -9.7225 -10.2225 -10.7225 -11.2225 -11.7226 -12.2227 -12.7226
  0.0000  -1.1441  -1.1441  -1.1441  -1.1442  -1.1443  -1.1446  -1.1453  -1.1471
 -1.1516  -1.1631  -1.1924  -1.2676  -1.4652  -1.9421  -2.5635  -3.1381  -3.6752
 -4.1956  -4.7069  -5.2135  -5.7172  -6.2194  -6.7206  -7.2214  -7.7218  -8.2221
 -8.7223  -9.2224  -9.7225 -10.2225 -10.7225 -11.2225 -11.7226 -12.2227 -12.7226
  0.0000  -1.1365  -1.1366  -1.1366  -1.1366  -1.1367  -1.1371  -1.1379  -1.1398
 -1.1448  -1.1574  -1.1892  -1.2692  -1.4726  -1.9489  -2.5634  -3.1359  -3.6731
 -4.1940  -4.7058  -5.2127  -5.7168  -6.2191  -6.7205  -7.2214  -7.7219  -8.2222
 -8.7224  -9.2225  -9.7226 -10.2226 -10.7226 -11.2226 -11.7227 -12.2228 -12.7227
  0.0000  -1.1190  -1.1190  -1.1191  -1.1191  -1.1193  -1.1196  -1.1205  -1.1228
 -1.1286  -1.1432  -1.1798  -1.2703  -1.4915  -1.9701  -2.5669  -3.1325  -3.6685
 -4.1901  -4.7030  -5.2107  -5.7154  -6.2183  -6.7200  -7.2210  -7.7216  -8.2220
 -8.7223  -9.2224  -9.7225 -10.2226 -10.7226 -11.2226 -11.7226 -12.2226 -12.7226
  0.0000  -1.0964  -1.0965  -1.0965  -1.0965  -1.0967  -1.0971  -1.0982  -1.1009
 -1.1076  -1.1244  -1.1664  -1.2703  -1.5180  -2.0038  -2.5771  -3.1302  -3.6626
 -4.1844  -4.6986  -5.2076  -5.7131  -6.2169  -6.7191  -7.2204  -7.7213  -8.2218
 -8.7221  -9.2223  -9.7225 -10.2225 -10.7226 -11.2226 -11.7226 -12.2226 -12.7225
  0.0000  -1.0740  -1.0740  -1.0740  -1.0741  -1.0743  -1.0748  -1.0760  -1.0789
 -1.0864  -1.1052  -1.1521  -1.2693  -1.5472  -2.0450  -2.5957  -3.1327  -3.6581
 -4.1782  -4.6932  -5.2037  -5.7106  -6.2150  -6.7180  -7.2198  -7.7210  -8.2217
 -8.7221  -9.2224  -9.7226 -10.2227 -10.7228 -11.2228 -11.7228 -12.2228 -12.7228
 -1.0000  -1.0627  -1.0627  -1.0627  -1.0627  -1.0630  -1.0633  -1.0631  -1.0665
 -1.0723  -1.0879  -1.1319  -1.2627  -1.5845  -2.0779  -2.6127  -3.1459  -3.6713
 -4.1892  -4.7011  -5.2087  -5.7136  -6.2166  -6.7185  -7.2196  -7.7203  -8.2207
 -8.7210  -9.2212  -9.7213 -10.2214 -10.7214 -11.2214 -11.7214 -12.2214 -12.7214
  0.0000  -1.0627  -1.0627  -1.0627  -1.0627  -1.0630  -1.0632  -1.0632  -1.0665
 -1.0723  -1.0879  -1.1319  -1.2627  -1.5845  -2.0779  -2.6127  -3.1459  -3.6713
 -4.1892  -4.7011  -5.2087  -5.7136  -6.2166  -6.7185  -7.2196  -7.7203  -8.2207
 -8.7210  -9.2212  -9.7213 -10.2214 -10.7214 -11.2214 -11.7214 -12.2214 -12.7214
  0.0000  -1.1459  -1.1459  -1.1459  -1.1458  -1.1458  -1.1456  -1.1451  -1.1440
 -1.1418  -1.1392  -1.1476  -1.2243  -1.5109  -2.0369  -2.6045  -3.1518  -3.6807
 -4.1976  -4.7072  -5.2130  -5.7163  -6.2183  -6.7194  -7.2201  -7.7205  -8.2208
 -8.7209  -9.2210  -9.7211 -10.2211 -10.7211 -11.2211 -11.7212 -12.2213 -12.7212
  0.0000  -1.1548  -1.1548  -1.1548  -1.1547  -1.1546  -1.1544  -1.1537  -1.1523
 -1.1492  -1.1447  -1.1494  -1.2206  -1.5040  -2.0343  -2.6047  -3.1528  -3.6816
 -4.1982  -4.7076  -5.2133  -5.7165  -6.2184  -6.7195  -7.2202  -7.7206  -8.2208
 -8.7209  -9.2210  -9.7211 -10.2211 -10.7211 -11.2211 -11.7212 -12.2213 -12.7212
  0.0000  -1.1313  -1.1313  -1.1312  -1.1312  -1.1312  -1.1311  -1.1309  -1.1306
 -1.1300  -1.1311  -1.1459  -1.2310  -1.5216  -2.0411  -2.6041  -3.1502  -3.6790
 -4.1963  -4.7064  -5.2124  -5.7160  -6.2180  -6.7193  -7.2200  -7.7205  -8.2207
 -8.7209  -9.2210  -9.7211 -10.2211 -10.7211 -11.2211 -11.7212 -12.2213 -12.7212
  0.0000  -1.0928  -1.0928  -1.0928  -1.0928  -1.0929  -1.0931  -1.0936  -1.0949
 -1.0983  -1.1082  -1.1399  -1.2492  -1.5533  -2.0562  -2.6051  -3.1463  -3.6746
 -4.1927  -4.7039  -5.2105  -5.7148  -6.2173  -6.7188  -7.2197  -7.7203  -8.2206
 -8.7208  -9.2210  -9.7210 -10.2211 -10.7211 -11.2211 -11.7212 -12.2213 -12.7213
  0.0000  -1.0517  -1.0517  -1.0517  -1.0518  -1.0520  -1.0525  -1.0536  -1.0566
 -1.0641  -1.0832  -1.1332  -1.2705  -1.5913  -2.0780  -2.6097  -3.1432  -3.6696
 -4.1881  -4.7004  -5.2082  -5.7130  -6.2162  -6.7181  -7.2193  -7.7200  -8.2204
 -8.7207  -9.2209  -9.7210 -10.2211 -10.7211 -11.2211 -11.7211 -12.2211 -12.7211
 -2.0000  -1.1266  -1.1266  -1.1266  -1.1264  -1.1261  -1.1252  -1.1232  -1.1185
 -1.1089  -1.0967  -1.1075  -1.2259  -1.5801  -2.0848  -2.6271  -3.1641  -3.6900
 -4.2066  -4.7169  -5.2231  -5.7270  -6.2292  -6.7306  -7.2315  -7.7320  -8.2323
 -8.7325  -9.2326  -9.7326 -10.2327 -10.7327 -11.2327 -11.7328 -12.2329 -12.7329
 -1.0000  -1.1266  -1.1266  -1.1266  -1.1264  -1.1261  -1.1252  -1.1232  -1.1185
 -1.1089  -1.0967  -1.1075  -1.2259  -1.5801  -2.0848  -2.6271  -3.1641  -3.6900
 -4.2066  -4.7169  -5.2231  -5.7270  -6.2292  -6.7306  -7.2315  -7.7320  -8.2323
 -8.7325  -9.2326  -9.7326 -10.2327 -10.7327 -11.2327 -11.7328 -12.2329 -12.7329
  0.0000  -1.1266  -1.1266  -1.1266  -1.1264  -1.1261  -1.1252  -1.1232  -1.1185
 -1.1089  -1.0967  -1.1075  -1.2259  -1.5801  -2.0848  -2.6271  -3.1641  -3.6900
 -4.2066  -4.7169  -5.2231  -5.7270  -6.2292  -6.7306  -7.2315  -7.7320  -8.2323
 -8.7325  -9.2326  -9.7326 -10.2327 -10.7327 -11.2327 -11.7328 -12.2329 -12.7329
  0.0000  -1.2086  -1.2086  -1.2085  -1.2082  -1.2076  -1.2061  -1.2023  -1.1934
 -1.1740  -1.1411  -1.1139  -1.1837  -1.5312  -2.0665  -2.6275  -3.1705  -3.6967
 -4.2119  -4.7204  -5.2257  -5.7286  -6.2302  -6.7312  -7.2318  -7.7321  -8.2323
 -8.7325  -9.2325  -9.7326 -10.2326 -10.7326 -11.2327 -11.7327 -12.2327 -12.7329
  0.0000  -1.2080  -1.2080  -1.2079  -1.2076  -1.2070  -1.2055  -1.2019  -1.1928
 -1.1733  -1.1404  -1.1135  -1.1840  -1.5319  -2.0669  -2.6276  -3.1705  -3.6967
 -4.2119  -4.7205  -5.2257  -5.7286  -6.2303  -6.7313  -7.2319  -7.7322  -8.2324
 -8.7326  -9.2326  -9.7327 -10.2327 -10.7327 -11.2328 -11.7328 -12.2328 -12.7330
  0.0000  -1.1752  -1.1752  -1.1751  -1.1749  -1.1744  -1.1731  -1.1701  -1.1628
 -1.1477  -1.1235  -1.1116  -1.2005  -1.5491  -2.0718  -2.6265  -3.1680  -3.6944
 -4.2102  -4.7194  -5.2250  -5.7282  -6.2301  -6.7312  -7.2318  -7.7322  -8.2325
 -8.7326  -9.2327  -9.7328 -10.2328 -10.7328 -11.2328 -11.7329 -12.2330 -12.7329
  0.0000  -1.1338  -1.1338  -1.1338  -1.1336  -1.1332  -1.1323  -1.1302  -1.1252
 -1.1150  -1.1014  -1.1094  -1.2226  -1.5737  -2.0809  -2.6261  -3.1648  -3.6911
 -4.2078  -4.7178  -5.2238  -5.7276  -6.2297  -6.7310  -7.2318  -7.7323  -8.2326
 -8.7328  -9.2329  -9.7330 -10.2330 -10.7330 -11.2330 -11.7331 -12.2332 -12.7331
-12.0000  -1.1342  -1.1342  -1.1341  -1.1340  -1.1336  -1.1327  -1.1305  -1.1255
 -1.1152  -1.1015  -1.1094  -1.2227  -1.5741  -2.0812  -2.6264  -3.1650  -3.6913
 -4.2080  -4.7180  -5.2240  -5.7278  -6.2299  -6.7312  -7.2320  -7.7325  -8.2328
 -8.7330  -9.2331  -9.7332 -10.2332 -10.7332 -11.2332 -11.7333 -12.2334 -12.7333
-11.0000  -1.1342  -1.1342  -1.1341  -1.1340  -1.1336  -1.1327  -1.1305  -1.1255
 -1.1152  -1.1015  -1.1094  -1.2227  -1.5741  -2.0812  -2.6264  -3.1650  -3.6913
 -4.2080  -4.7180  -5.2240  -5.7278  -6.2299  -6.7312  -7.2320  -7.7325  -8.2328
 -8.7330  -9.2331  -9.7332 -10.2332 -10.7332 -11.2332 -11.7333 -12.2334 -12.7333
-10.0000  -1.1342  -1.1342  -1.1341  -1.1340  -1.1336  -1.1327  -1.1305  -1.1255
 -1.1152  -1.1015  -1.1094  -1.2227  -1.5741  -2.0812  -2.6264  -3.1650  -3.6913
 -4.2080  -4.7180  -5.2240  -5.7278  -6.2299  -6.7312  -7.2320  -7.7325  -8.2328
 -8.7330  -9.2331  -9.7332 -10.2332 -10.7332 -11.2332 -11.7333 -12.2334 -12.7333
-10.0000  -1.1339  -1.1339  -1.1338  -1.1337  -1.1333  -1.1324  -1.1302  -1.1252
 -1.1149  -1.1012  -1.1091  -1.2224  -1.5738  -2.0809  -2.6261  -3.1647  -3.6910
 -4.2077  -4.7177  -5.2237  -5.7275  -6.2296  -6.7309  -7.2317  -7.7322  -8.2325
 -8.7327  -9.2328  -9.7329 -10.2329 -10.7329 -11.2329 -11.7330 -12.2331 -12.7330
-10.0000  -1.1341  -1.1341  -1.1340  -1.1339  -1.1335  -1.1326  -1.1304  -1.1254
 -1.1151  -1.1014  -1.1093  -1.2226  -1.5740  -2.0811  -2.6263  -3.1649  -3.6912
 -4.2079  -4.7179  -5.2239  -5.7277  -6.2298  -6.7311  -7.2319  -7.7324  -8.2327
 -8.7329  -9.2330  -9.7331 -10.2331 -10.7331 -11.2331 -11.7332 -12.2333 -12.7332
-10.0000  -1.1341  -1.1341  -1.1340  -1.1339  -1.1335  -1.1326  -1.1304  -1.1254
 -1.1151  -1.1014  -1.1093  -1.2226  -1.5740  -2.0811  -2.6263  -3.1649  -3.6912
 -4.2079  -4.7179  -5.2239  -5.7277  -6.2298  -6.7311  -7.2319  -7.7324  -8.2327
 -8.7329  -9.2330  -9.7331 -10.2331 -10.7331 -11.2331 -11.7332 -12.2333 -12.7332
-10.0000  -1.1340  -1.1339  -1.1339  -1.1337  -1.1334  -1.1325  -1.1303  -1.1253
 -1.1150  -1.1013  -1.1092  -1.2225  -1.5739  -2.0810  -2.6262  -3.1648  -3.6911
 -4.2078  -4.7178  -5.2238  -5.7276  -6.2297  -6.7310  -7.2318  -7.7323  -8.2326
 -8.7328  -9.2329  -9.7330 -10.2330 -10.7330 -11.2330 -11.7331 -12.2332 -12.7331
-22.0000  -1.1337  -1.1337  -1.1336  -1.1335  -1.1331  -1.1322  -1.1300  -1.1250
 -1.1147  -1.1010  -1.1089  -1.2222  -1.5736  -2.0807  -2.6259  -3.1645  -3.6908
 -4.2075  -4.7175  -5.2235  -5.7273  -6.2294  -6.7307  -7.2315  -7.7320  -8.2323
 -8.7325  -9.2326  -9.7327 -10.2327 -10.7327 -11.2327 -11.7328 -12.2329 -12.7328
-21.0000  -1.1337  -1.1337  -1.1336  -1.1335  -1.1331  -1.1322  -1.1300  -1.1250
 -1.1147  -1.1010  -1.1089  -1.2222  -1.5736  -2.0807  -2.6259  -3.1645  -3.6908
 -4.2075  -4.7175  -5.2235  -5.7273  -6.2294  -6.7307  -7.2315  -7.7320  -8.2323
 -8.7325  -9.2326  -9.7327 -10.2327 -10.7327 -11.2327 -11.7328 -12.2329 -12.7328
-20.0000  -1.1337  -1.1337  -1.1336  -1.1335  -1.1331  -1.1322  -1.1300  -1.1250
 -1.1147  -1.1010  -1.1089  -1.2222  -1.5736  -2.0807  -2.6259  -3.1645  -3.6908
 -4.2075  -4.7175  -5.2235  -5.7273  -6.2294  -6.7307  -7.2315  -7.7320  -8.2323
 -8.7325  -9.2326  -9.7327 -10.2327 -10.7327 -11.2327 -11.7328 -12.2329 -12.7328
-20.0000  -1.1337  -1.1337  -1.1336  -1.1335  -1.1331  -1.1322  -1.1300  -1.1250
 -1.1147  -1.1010  -1.1089  -1.2222  -1.5736  -2.0807  -2.6259  -3.1645  -3.6908
 -4.2075  -4.7175  -5.2235  -5.7273  -6.2294  -6.7307  -7.2315  -7.7320  -8.2323
 -8.7325  -9.2326  -9.7327 -10.2327 -10.7327 -11.2327 -11.7328 -12.2329 -12.7328
-20.0000  -1.1340  -1.1340  -1.1339  -1.1338  -1.1334  -1.1325  -1.1303  -1.1253
 -1.1150  -1.1013  -1.1092  -1.2225  -1.5739  -2.0810  -2.6262  -3.1648  -3.6911
 -4.2078  -4.7178  -5.2238  -5.7276  -6.2297  -6.7310  -7.2318  -7.7323  -8.2326
 -8.7328  -9.2329  -9.7330 -10.2330 -10.7330 -11.2330 -11.7331 -12.2332 -12.7331
-20.0000  -1.1341  -1.1341  -1.1340  -1.1339  -1.1335  -1.1326  -1.1304  -1.1254
 -1.1151  -1.1014  -1.1093  -1.2226  -1.5740  -2.0811  -2.6263  -3.1649  -3.6912
 -4.2079  -4.7179  -5.2239  -5.7277  -6.2298  -6.7311  -7.2319  -7.7324  -8.2327
 -8.7329  -9.2330  -9.7331 -10.2331 -10.7331 -11.2331 -11.7332 -12.2333 -12.7332
-20.0000  -1.1342  -1.1342  -1.1341  -1.1340  -1.1336  -1.1327  -1.1305  -1.1255
 -1.1152  -1.1015  -1.1094  -1.2227  -1.5741  -2.0812  -2.6264  -3.1650  -3.6913
 -4.2080  -4.7180  -5.2240  -5.7278  -6.2299  -6.7312  -7.2320  -7.7325  -8.2328
 -8.7330  -9.2331  -9.7332 -10.2332 -10.7332 -11.2332 -11.7333 -12.2334 -12.7333
-32.0000  -1.1339  -1.1339  -1.1338  -1.1337  -1.1333  -1.1324  -1.1302  -1.1252
 -1.1149  -1.1012  -1.1091  -1.2224  -1.5738  -2.0809  -2.6261  -3.1647  -3.6910
 -4.2077  -4.7177  -5.2237  -5.7275  -6.2296  -6.7309  -7.2317  -7.7322  -8.2325
 -8.7327  -9.2328  -9.7329 -10.2329 -10.7329 -11.2329 -11.7330 -12.2331 -12.7330
-31.0000  -1.1339  -1.1339  -1.1338  -1.1337  -1.1333  -1.1324  -1.1302  -1.1252
 -1.1149  -1.1012  -1.1091  -1.2224  -1.5738  -2.0809  -2.6261  -3.1647  -3.6910
 -4.2077  -4.7177  -5.2237  -5.7275  -6.2296  -6.7309  -7.2317  -7.7322  -8.2325
 -8.7327  -9.2328  -9.7329 -10.2329 -10.7329 -11.2329 -11.7330 -12.2331 -12.7330
-30.0000  -1.1339  -1.1339  -1.1338  -1.1337  -1.1333  -1.1324  -1.1302  -1.1252
 -1.1149  -1.1012  -1.1091  -1.2224  -1.5738  -2.0809  -2.6261  -3.1647  -3.6910
 -4.2077  -4.7177  -5.2237  -5.7275  -6.2296  -6.7309  -7.2317  -7.7322  -8.2325
 -8.7327  -9.2328  -9.7329 -10.2329 -10.7329 -11.2329 -11.7330 -12.2331 -12.7330
-30.0000  -1.1339  -1.1339  -1.1338  -1.1337  -1.1333  -1.1324  -1.1302  -1.1252
 -1.1149  -1.1012  -1.1091  -1.2224  -1.5738  -2.0809  -2.6261  -3.1647  -3.6910
 -4.2077  -4.7177  -5.2237  -5.7275  -6.2296  -6.7309  -7.2317  -7.7322  -8.2325
 -8.7327  -9.2328  -9.7329 -10.2329 -10.7329 -11.2329 -11.7330 -12.2331 -12.7330
-30.0000  -1.1339  -1.1339  -1.1338  -1.1337  -1.1333  -1.1324  -1.1302  -1.1252
 -1.1149  -1.1012  -1.1091  -1.2224  -1.5738  -2.0809  -2.6261  -3.1647  -3.6910
 -4.2077  -4.7177  -5.2237  -5.7275  -6.2296  -6.7309  -7.2317  -7.7322  -8.2325
 -8.7327  -9.2328  -9.7329 -10.2329 -10.7329 -11.2329 -11.7330 -12.2331 -12.7330
-30.0000  -1.1341  -1.1341  -1.1340  -1.1339  -1.1335  -1.1326  -1.1304  -1.1254
 -1.1151  -1.1014  -1.1093  -1.2226  -1.5740  -2.0811  -2.6263  -3.1649  -3.6912
 -4.2079  -4.7179  -5.2239  -5.7277  -6.2298  -6.7311  -7.2319  -7.7324  -8.2327
 -8.7329  -9.2330  -9.7331 -10.2331 -10.7331 -11.2331 -11.7332 -12.2333 -12.7332
-30.0000  -1.1340  -1.1340  -1.1339  -1.1338  -1.1334  -1.1325  -1.1303  -1.1253
 -1.1150  -1.1013  -1.1092  -1.2225  -1.5739  -2.0810  -2.6262  -3.1648  -3.6911
 -4.2078  -4.7178  -5.2238  -5.7276  -6.2297  -6.7310  -7.2318  -7.7323  -8.2326
 -8.7328  -9.2329  -9.7330 -10.2330 -10.7330 -11.2330 -11.7331 -12.2332 -12.7331
-42.0000  -1.1340  -1.1340  -1.1339  -1.1338  -1.1334  -1.1325  -1.1303  -1.1253
 -1.1150  -1.1013  -1.1092  -1.2225  -1.5739  -2.0810  -2.6262  -3.1648  -3.6911
 -4.2078  -4.7178  -5.2238  -5.7276  -6.2297  -6.7310  -7.2318  -7.7323  -8.2326
 -8.7328  -9.2329  -9.7330 -10.2330 -10.7330 -11.2330 -11.7331 -12.2332 -12.7331
-41.0000  -1.1340  -1.1340  -1.1339  -1.1338  -1.1334  -1.1325  -1.1303  -1.1253
 -1.1150  -1.1013  -1.1092  -1.2225  -1.5739  -2.0810  -2.6262  -3.1648  -3.6911
 -4.2078  -4.7178  -5.2238  -5.7276  -6.2297  -6.7310  -7.2318  -7.7323  -8.2326
 -8.7328  -9.2329  -9.7330 -10.2330 -10.7330 -11.2330 -11.7331 -12.2332 -12.7331
-40.0000  -1.1340  -1.1340  -1.1339  -1.1338  -1.1334  -1.1325  -1.1303  -1.1253
 -1.1150  -1.1013  -1.1092  -1.2225  -1.5739  -2.0810  -2.6262  -3.1648  -3.6911
 -4.2078  -4.7178  -5.2238  -5.7276  -6.2297  -6.7310  -7.2318  -7.7323  -8.2326
 -8.7328  -9.2329  -9.7330 -10.2330 -10.7330 -11.2330 -11.7331 -12.2332 -12.7331
-40.0000  -1.1340  -1.1340  -1.1339  -1.1338  -1.1334  -1.1325  -1.1303  -1.1253
 -1.1150  -1.1013  -1.1092  -1.2225  -1.5739  -2.0810  -2.6262  -3.1648  -3.6911
 -4.2078  -4.7178  -5.2238  -5.7276  -6.2297  -6.7310  -7.2318  -7.7323  -8.2326
 -8.7328  -9.2329  -9.7330 -10.2330 -10.7330 -11.2330 -11.7331 -12.2332 -12.7331
-40.0000  -1.1340  -1.1340  -1.1339  -1.1338  -1.1334  -1.1325  -1.1303  -1.1253
 -1.1150  -1.1013  -1.1092  -1.2225  -1.5739  -2.0810  -2.6262  -3.1648  -3.6911
 -4.2078  -4.7178  -5.2238  -5.7276  -6.2297  -6.7310  -7.2318  -7.7323  -8.2326
 -8.7328  -9.2329  -9.7330 -10.2330 -10.7330 -11.2330 -11.7331 -12.2332 -12.7331
-40.0000  -1.1340  -1.1340  -1.1339  -1.1338  -1.1334  -1.1325  -1.1303  -1.1253
 -1.1150  -1.1013  -1.1092  -1.2225  -1.5739  -2.0810  -2.6262  -3.1648  -3.6911
 -4.2078  -4.7178  -5.2238  -5.7276  -6.2297  -6.7310  -7.2318  -7.7323  -8.2326
 -8.7328  -9.2329  -9.7330 -10.2330 -10.7330 -11.2330 -11.7331 -12.2332 -12.7331
-40.0000  -1.1341  -1.1341  -1.1340  -1.1339  -1.1335  -1.1326  -1.1304  -1.1254
 -1.1151  -1.1014  -1.1093  -1.2226  -1.5740  -2.0811  -2.6263  -3.1649  -3.6912
 -4.2079  -4.7179  -5.2239  -5.7277  -6.2298  -6.7311  -7.2319  -7.7324  -8.2327
 -8.7329  -9.2330  -9.7331 -10.2331 -10.7331 -11.2331 -11.7332 -12.2333 -12.7332
-52.0000  -1.1340  -1.1340  -1.1339  -1.1338  -1.1334  -1.1325  -1.1303  -1.1253
 -1.1150  -1.1013  -1.1092  -1.2225  -1.5739  -2.0810  -2.6262  -3.1648  -3.6911
 -4.2078  -4.7178  -5.2238  -5.7276  -6.2297  -6.7310  -7.2318  -7.7323  -8.2326
 -8.7328  -9.2329  -9.7330 -10.2330 -10.7330 -11.2330 -11.7331 -12.2332 -12.7331
-51.0000  -1.1340  -1.1340  -1.1339  -1.1338  -1.1334  -1.1325  -1.1303  -1.1253
 -1.1150  -1.1013  -1.1092  -1.2225  -1.5739  -2.0810  -2.6262  -3.1648  -3.6911
 -4.2078  -4.7178  -5.2238  -5.7276  -6.2297  -6.7310  -7.2318  -7.7323  -8.2326
 -8.7328  -9.2329  -9.7330 -10.2330 -10.7330 -11.2330 -11.7331 -12.2332 -12.7331
-50.0000  -1.1340  -1.1340  -1.1339  -1.1338  -1.1334  -1.1325  -1.1303  -1.1253
 -1.1150  -1.1013  -1.1092  -1.2225  -1.5739  -2.0810  -2.6262  -3.1648  -3.6911
 -4.2078  -4.7178  -5.2238  -5.7276  -6.2297  -6.7310  -7.2318  -7.7323  -8.2326
 -8.7328  -9.2329  -9.7330 -10.2330 -10.7330 -11.2330 -11.7331 -12.2332 -12.7331
-50.0000  -1.1340  -1.1340  -1.1339  -1.1338  -1.1334  -1.1325  -1.1303  -1.1253
 -1.1150  -1.1013  -1.1092  -1.2225  -1.5739  -2.0810  -2.6262  -3.1648  -3.6911
 -4.2078  -4.7178  -5.2238  -5.7276  -6.2297  -6.7310  -7.2318  -7.7323  -8.2326
 -8.7328  -9.2329  -9.7330 -10.2330 -10.7330 -11.2330 -11.7331 -12.2332 -12.7331
-50.0000  -1.1340  -1.1340  -1.1339  -1.1338  -1.1334  -1.1325  -1.1303  -1.1253
 -1.1150  -1.1013  -1.1092  -1.2225  -1.5739  -2.0810  -2.6262  -3.1648  -3.6911
 -4.2078  -4.7178  -5.2238  -5.7276  -6.2297  -6.7310  -7.2318  -7.7323  -8.2326
 -8.7328  -9.2329  -9.7330 -10.2330 -10.7330 -11.2330 -11.7331 -12.2332 -12.7331
-50.0000  -1.1340  -1.1340  -1.1339  -1.1338  -1.1334  -1.1325  -1.1303  -1.1253
 -1.1150  -1.1013  -1.1092  -1.2225  -1.5739  -2.0810  -2.6262  -3.1648  -3.6911
 -4.2078  -4.7178  -5.2238  -5.7276  -6.2297  -6.7310  -7.2318  -7.7323  -8.2326
 -8.7328  -9.2329  -9.7330 -10.2330 -10.7330 -11.2330 -11.7331 -12.2332 -12.7331
-50.0000  -1.1338  -1.1338  -1.1337  -1.1336  -1.1332  -1.1323  -1.1301  -1.1251
 -1.1148  -1.1011  -1.1090  -1.2223  -1.5737  -2.0808  -2.6260  -3.1646  -3.6909
 -4.2076  -4.7176  -5.2236  -5.7274  -6.2295  -6.7308  -7.2316  -7.7321  -8.2324
 -8.7326  -9.2327  -9.7328 -10.2328 -10.7328 -11.2328 -11.7329 -12.2330 -12.7329
-62.0000  -1.1245  -1.1245  -1.1244  -1.1243  -1.1239  -1.1230  -1.1208  -1.1158
 -1.1055  -1.0918  -1.0997  -1.2130  -1.5644  -2.0715  -2.6167  -3.1553  -3.6816
 -4.1983  -4.7083  -5.2143  -5.7181  -6.2202  -6.7215  -7.2223  -7.7228  -8.2231
 -8.7233  -9.2234  -9.7235 -10.2235 -10.7235 -11.2235 -11.7236 -12.2237 -12.7236
-61.0000  -1.1245  -1.1245  -1.1244  -1.1243  -1.1239  -1.1230  -1.1208  -1.1158
 -1.1055  -1.0918  -1.0997  -1.2130  -1.5644  -2.0715  -2.6167  -3.1553  -3.6816
 -4.1983  -4.7083  -5.2143  -5.7181  -6.2202  -6.7215  -7.2223  -7.7228  -8.2231
 -8.7233  -9.2234  -9.7235 -10.2235 -10.7235 -11.2235 -11.7236 -12.2237 -12.7236
-60.0000  -1.1245  -1.1245  -1.1244  -1.1243  -1.1239  -1.1230  -1.1208  -1.1158
 -1.1055  -1.0918  -1.0997  -1.2130  -1.5644  -2.0715  -2.6167  -3.1553  -3.6816
 -4.1983  -4.7083  -5.2143  -5.7181  -6.2202  -6.7215  -7.2223  -7.7228  -8.2231
 -8.7233  -9.2234  -9.7235 -10.2235 -10.7235 -11.2235 -11.7236 -12.2237 -12.7236
-60.0000  -1.1245  -1.1245  -1.1244  -1.1243  -1.1239  -1.1230  -1.1208  -1.1158
 -1.1055  -1.0918  -1.0997  -1.2130  -1.5644  -2.0715  -2.6167  -3.1553  -3.6816
 -4.1983  -4.7083  -5.2143  -5.7181  -6.2202  -6.7215  -7.2223  -7.7228  -8.2231
 -8.7233  -9.2234  -9.7235 -10.2235 -10.7235 -11.2235 -11.7236 -12.2237 -12.7236
-60.0000  -1.1245  -1.1245  -1.1244  -1.1243  -1.1239  -1.1230  -1.1208  -1.1158
 -1.1055  -1.0918  -1.0997  -1.2130  -1.5644  -2.0715  -2.6167  -3.1553  -3.6816
 -4.1983  -4.7083  -5.2143  -5.7181  -6.2202  -6.7215  -7.2223  -7.7228  -8.2231
 -8.7233  -9.2234  -9.7235 -10.2235 -10.7235 -11.2235 -11.7236 -12.2237 -12.7236
-60.0000  -1.1245  -1.1245  -1.1244  -1.1243  -1.1239  -1.1230  -1.1208  -1.1158
 -1.1055  -1.0918  -1.0997  -1.2130  -1.5644  -2.0715  -2.6167  -3.1553  -3.6816
 -4.1983  -4.7083  -5.2143  -5.7181  -6.2202  -6.7215  -7.2223  -7.7228  -8.2231
 -8.7233  -9.2234  -9.7235 -10.2235 -10.7235 -11.2235 -11.7236 -12.2237 -12.7236
-60.0000  -1.1245  -1.1245  -1.1244  -1.1243  -1.1239  -1.1230  -1.1208  -1.1158
 -1.1055  -1.0918  -1.0997  -1.2130  -1.5644  -2.0715  -2.6167  -3.1553  -3.6816
 -4.1983  -4.7083  -5.2143  -5.7181  -6.2202  -6.7215  -7.2223  -7.7228  -8.2231
 -8.7233  -9.2234  -9.7235 -10.2235 -10.7235 -11.2235 -11.7236 -12.2237 -12.7236
nl= 3 nu=17
  0.0000  -1.7837  -1.7837  -1.7837  -1.7837  -1.7837  -1.7837  -1.7838  -1.7839
 -1.7841  -1.7847  -1.7862  -1.7899  -1.7992  -1.8226  -1.8813  -2.0274  -2.3859
 -3.1908  -4.1837  -4.7777  -5.3081  -5.8243  -6.3392  -6.8604  -7.4317  -8.1394
 -8.6422  -9.1437  -9.6447 -10.1454 -10.6458 -11.1460 -11.6462 -12.1464 -12.6467
  0.0000  -1.9189  -1.9189  -1.9189  -1.9189  -1.9189  -1.9189  -1.9189  -1.9189
 -1.9191  -1.9194  -1.9202  -1.9221  -1.9270  -1.9394  -1.9704  -2.0480  -2.2419
 -2.7181  -3.7610  -4.7316  -5.2909  -5.8149  -6.3331  -6.8565  -7.4288  -8.1364
 -8.6404  -9.1428  -9.6445 -10.1455 -10.6461 -11.1465 -11.6467 -12.1469 -12.6475
  0.0000  -2.0640  -2.0640  -2.0640  -2.0640  -2.0640  -2.0640  -2.0640  -2.0640
 -2.0641  -2.0643  -2.0647  -2.0657  -2.0682  -2.0746  -2.0906  -2.1308  -2.2316
 -2.4834  -3.1030  -4.3975  -5.2635  -5.8049  -6.3284  -6.8543  -7.4279  -8.1351
 -8.6412  -9.1449  -9.6474 -10.1489 -10.6499 -11.1506 -11.6510 -12.1514 -12.6523
  0.0000  -2.2041  -2.2041  -2.2041  -2.2041  -2.2041  -2.2041  -2.2041  -2.2041
 -2.2042  -2.2043  -2.2045  -2.2050  -2.2063  -2.2095  -2.2177  -2.2382  -2.2897
 -2.4188  -2.7417  -3.5368  -5.0528  -5.7780  -6.3121  -6.8413  -7.4158  -8.1221
 -8.6311  -9.1365  -9.6403 -10.1429 -10.6445 -11.1455 -11.6461 -12.1467 -12.6479
  0.0000  -2.3507  -2.3507  -2.3507  -2.3507  -2.3507  -2.3507  -2.3507  -2.3507
 -2.3507  -2.3508  -2.3509  -2.3511  -2.3518  -2.3534  -2.3576  -2.3679  -2.3940
 -2.4594  -2.6235  -3.0342  -4.0446  -5.6825  -6.2960  -6.8311  -7.4060  -8.1098
 -8.6222  -9.1300  -9.6356 -10.1395 -10.6422 -11.1439 -11.6450 -12.1461 -12.6480
  0.0000  -2.5058  -2.5058  -2.5058  -2.5058  -2.5058  -2.5058  -2.5058  -2.5058
 -2.5058  -2.5059  -2.5059  -2.5060  -2.5064  -2.5072  -2.5093  -2.5145  -2.5276
 -2.5605  -2.6432  -2.8508  -3.3706  -4.6450  -6.2628  -6.8275  -7.4036  -8.1034
 -8.6184  -9.1278  -9.6360 -10.1419 -10.6459 -11.1487 -11.6505 -12.1523 -12.6555
  0.0000  -2.6496  -2.6496  -2.6496  -2.6496  -2.6496  -2.6496  -2.6496  -2.6496
 -2.6496  -2.6497  -2.6497  -2.6497  -2.6499  -2.6503  -2.6514  -2.6540  -2.6606
 -2.6771  -2.7186  -2.8229  -3.0846  -3.7405  -5.3342  -6.8024  -7.3905  -8.0875
 -8.6030  -9.1117  -9.6217 -10.1300 -10.6360 -11.1401 -11.6430 -12.1459 -12.6501
  0.0000  -1.5232  -1.5232  -1.5232  -1.5232  -1.5232  -1.5233  -1.5234  -1.5237
 -1.5246  -1.5267  -1.5321  -1.5456  -1.5794  -1.6633  -1.8672  -2.3281  -3.0875
 -3.7415  -4.2913  -4.8143  -5.3296  -5.8517  -6.3922  -7.0629  -7.6407  -8.1431
 -8.6446  -9.1455  -9.6461 -10.1465 -10.6467 -11.1469 -11.6470 -12.1471 -12.6474
  0.0000  -1.6317  -1.6317  -1.6317  -1.6317  -1.6317  -1.6317  -1.6318  -1.6320
 -1.6325  -1.6337  -1.6368  -1.6446  -1.6642  -1.7131  -1.8347  -2.1303  -2.7840
 -3.6642  -4.2704  -4.8036  -5.3223  -5.8463  -6.3881  -7.0590  -7.6375  -8.1410
 -8.6432  -9.1446  -9.6455 -10.1461 -10.6464 -11.1467 -11.6468 -12.1469 -12.6473
  0.0000  -1.7536  -1.7536  -1.7536  -1.7536  -1.7536  -1.7536  -1.7536  -1.7537
 -1.7540  -1.7547  -1.7564  -1.7607  -1.7714  -1.7983  -1.8657  -2.0333  -2.4414
 -3.3180  -4.2218  -4.7870  -5.3119  -5.8380  -6.3812  -7.0518  -7.6317  -8.1366
 -8.6399  -9.1422  -9.6436 -10.1444 -10.6450 -11.1453 -11.6456 -12.1459 -12.6461
  0.0000  -1.8922  -1.8922  -1.8922  -1.8922  -1.8922  -1.8922  -1.8922  -1.8922
 -1.8924  -1.8927  -1.8936  -1.8959  -1.9016  -1.9158  -1.9516  -2.0412  -2.2645
 -2.8090  -3.9241  -4.7631  -5.3058  -5.8350  -6.3792  -7.0485  -7.6300  -8.1371
 -8.6419  -9.1454  -9.6475 -10.1489 -10.6498 -11.1504 -11.6507 -12.1510 -12.6517
  0.0000  -2.0252  -2.0252  -2.0252  -2.0252  -2.0252  -2.0252  -2.0252  -2.0252
 -2.0253  -2.0255  -2.0260  -2.0271  -2.0301  -2.0374  -2.0560  -2.1025  -2.2190
 -2.5099  -3.2199  -4.5547  -5.2807  -5.8194  -6.3645  -7.0311  -7.6134  -8.1228
 -8.6299  -9.1347  -9.6382 -10.1405 -10.6419 -11.1429 -11.6434 -12.1439 -12.6451
  0.0000  -2.1721  -2.1721  -2.1721  -2.1721  -2.1721  -2.1721  -2.1721  -2.1721
 -2.1722  -2.1723  -2.1725  -2.1731  -2.1746  -2.1784  -2.1878  -2.2116  -2.2712
 -2.4207  -2.7942  -3.7056  -5.1834  -5.8112  -6.3612  -7.0236  -7.6052  -8.1157
 -8.6248  -9.1320  -9.6371 -10.1407 -10.6430 -11.1445 -11.6455 -12.1465 -12.6481
  0.0000  -2.3190  -2.3190  -2.3190  -2.3190  -2.3190  -2.3190  -2.3190  -2.3190
 -2.3190  -2.3191  -2.3192  -2.3195  -2.3203  -2.3222  -2.3270  -2.3390  -2.3692
 -2.4450  -2.6351  -3.1106  -4.2669  -5.7686  -6.3565  -7.0176  -7.5977  -8.1057
 -8.6153  -9.1246  -9.6319 -10.1371 -10.6407 -11.1431 -11.6447 -12.1463 -12.6489
  0.0000  -1.3510  -1.3510  -1.3510  -1.3510  -1.3511  -1.3512  -1.3516  -1.3524
 -1.3546  -1.3602  -1.3740  -1.4083  -1.4921  -1.6878  -2.0870  -2.6665  -3.2425
 -3.7869  -4.3145  -4.8362  -5.3736  -5.9673  -6.6371  -7.1409  -7.6432  -8.1446
 -8.6455  -9.1461  -9.6464 -10.1467 -10.6468 -11.1469 -11.6470 -12.1471 -12.6472
  0.0000  -1.4136  -1.4136  -1.4136  -1.4137  -1.4137  -1.4138  -1.4140  -1.4146
 -1.4162  -1.4200  -1.4296  -1.4536  -1.5132  -1.6577  -1.9857  -2.5778  -3.2180
 -3.7765  -4.3076  -4.8305  -5.3690  -5.9633  -6.6332  -7.1381  -7.6414  -8.1435
 -8.6448  -9.1456  -9.6462 -10.1465 -10.6467 -11.1468 -11.6469 -12.1470 -12.6471
  0.0000  -1.4987  -1.4987  -1.4987  -1.4987  -1.4987  -1.4988  -1.4989  -1.4993
 -1.5003  -1.5027  -1.5088  -1.5240  -1.5621  -1.6563  -1.8840  -2.3856  -3.1413
 -3.7592  -4.2992  -4.8239  -5.3630  -5.9576  -6.6272  -7.1342  -7.6385  -8.1417
 -8.6437  -9.1449  -9.6457 -10.1462 -10.6465 -11.1467 -11.6468 -12.1469 -12.6471
  0.0000  -1.6041  -1.6041  -1.6041  -1.6041  -1.6041  -1.6041  -1.6042  -1.6045
 -1.6050  -1.6064  -1.6100  -1.6189  -1.6412  -1.6970  -1.8353  -2.1690  -2.8786
 -3.7112  -4.2876  -4.8172  -5.3563  -5.9502  -6.6189  -7.1282  -7.6345  -8.1388
 -8.6419  -9.1438  -9.6450 -10.1458 -10.6463 -11.1466 -11.6468 -12.1470 -12.6473
  0.0000  -1.7296  -1.7296  -1.7296  -1.7297  -1.7297  -1.7297  -1.7297  -1.7299
 -1.7302  -1.7309  -1.7329  -1.7378  -1.7501  -1.7811  -1.8585  -2.0506  -2.5143
 -3.4520  -4.2654  -4.8150  -5.3553  -5.9470  -6.6128  -7.1242  -7.6326  -8.1390
 -8.6433  -9.1464  -9.6483 -10.1496 -10.6504 -11.1509 -11.6512 -12.1515 -12.6520
  0.0000  -1.8571  -1.8571  -1.8571  -1.8571  -1.8572  -1.8572  -1.8572  -1.8573
 -1.8574  -1.8578  -1.8589  -1.8615  -1.8680  -1.8845  -1.9258  -2.0291  -2.2862
 -2.9069  -4.0643  -4.7967  -5.3473  -5.9371  -6.5982  -7.1095  -7.6191  -8.1276
 -8.6340  -9.1385  -9.6416 -10.1436 -10.6449 -11.1457 -11.6463 -12.1469 -12.6477
  0.0000  -1.9962  -1.9962  -1.9962  -1.9962  -1.9962  -1.9962  -1.9962  -1.9962
 -1.9963  -1.9965  -1.9971  -1.9984  -2.0018  -2.0104  -2.0318  -2.0856  -2.2203
 -2.5559  -3.3661  -4.6870  -5.3406  -5.9360  -6.5936  -7.1013  -7.6089  -8.1186
 -8.6272  -9.1337  -9.6382 -10.1413 -10.6434 -11.1447 -11.6455 -12.1463 -12.6476
  0.0000  -1.2827  -1.2827  -1.2827  -1.2827  -1.2828  -1.2830  -1.2836  -1.2849
 -1.2883  -1.2968  -1.3179  -1.3696  -1.4911  -1.7481  -2.1817  -2.7166  -3.2617
 -3.8051  -4.3411  -4.9193  -5.6301  -6.1364  -6.6404  -7.1428  -7.6443  -8.1453
 -8.6459  -9.1462  -9.6465 -10.1466 -10.6467 -11.1468 -11.6468 -12.1468 -12.6470
  0.0000  -1.3014  -1.3014  -1.3014  -1.3014  -1.3015  -1.3017  -1.3021  -1.3033
 -1.3063  -1.3138  -1.3324  -1.3782  -1.4877  -1.7287  -2.1613  -2.7091  -3.2581
 -3.8003  -4.3368  -4.9152  -5.6253  -6.1333  -6.6380  -7.1415  -7.6435  -8.1448
 -8.6456  -9.1461  -9.6464 -10.1466 -10.6467 -11.1468 -11.6469 -12.1470 -12.6471
  0.0000  -1.3358  -1.3358  -1.3358  -1.3358  -1.3359  -1.3360  -1.3364  -1.3373
 -1.3397  -1.3457  -1.3606  -1.3975  -1.4877  -1.6962  -2.1117  -2.6892  -3.2535
 -3.7954  -4.3316  -4.9095  -5.6181  -6.1282  -6.6346  -7.1390  -7.6419  -8.1437
 -8.6449  -9.1456  -9.6461 -10.1464 -10.6465 -11.1467 -11.6467 -12.1467 -12.6471
  0.0000  -1.3924  -1.3924  -1.3924  -1.3924  -1.3925  -1.3926  -1.3929  -1.3935
 -1.3952  -1.3995  -1.4101  -1.4368  -1.5027  -1.6617  -2.0163  -2.6233  -3.2419
 -3.7914  -4.3271  -4.9033  -5.6090  -6.1210  -6.6293  -7.1352  -7.6394  -8.1421
 -8.6438  -9.1449  -9.6456 -10.1461 -10.6464 -11.1465 -11.6467 -12.1469 -12.6469
  0.0000  -1.4730  -1.4730  -1.4730  -1.4731  -1.4731  -1.4732  -1.4733  -1.4738
 -1.4749  -1.4776  -1.4844  -1.5016  -1.5446  -1.6506  -1.9050  -2.4487  -3.1931
 -3.7854  -4.3248  -4.8984  -5.5992  -6.1119  -6.6216  -7.1296  -7.6354  -8.1394
 -8.6421  -9.1438  -9.6449 -10.1456 -10.6461 -11.1464 -11.6465 -12.1466 -12.6469
  0.0000  -1.5757  -1.5757  -1.5757  -1.5757  -1.5757  -1.5758  -1.5759  -1.5761
 -1.5768  -1.5784  -1.5824  -1.5926  -1.6181  -1.6817  -1.8390  -2.2150  -2.9763
 -3.7593  -4.3240  -4.8977  -5.5929  -6.1033  -6.6122  -7.1219  -7.6298  -8.1356
 -8.6395  -9.1423  -9.6440 -10.1451 -10.6458 -11.1463 -11.6466 -12.1469 -12.6475
  0.0000  -1.6949  -1.6949  -1.6949  -1.6949  -1.6949  -1.6949  -1.6950  -1.6951
 -1.6955  -1.6964  -1.6986  -1.7042  -1.7184  -1.7539  -1.8427  -2.0626  -2.5872
 -3.5684  -4.3114  -4.8995  -5.5937  -6.0995  -6.6032  -7.1123  -7.6218  -8.1297
 -8.6355  -9.1393  -9.6421 -10.1438 -10.6449 -11.1456 -11.6461 -12.1466 -12.6473
  0.0000  -1.2726  -1.2726  -1.2726  -1.2726  -1.2727  -1.2729  -1.2735  -1.2749
 -1.2785  -1.2874  -1.3096  -1.3640  -1.4912  -1.7554  -2.1893  -2.7233  -3.2780
 -3.8561  -4.5416  -5.1270  -5.6350  -6.1398  -6.6427  -7.1444  -7.6454  -8.1461
 -8.6465  -9.1467  -9.6469 -10.1470 -10.6471 -11.1471 -11.6471 -12.1471 -12.6471
  0.0000  -1.2734  -1.2734  -1.2734  -1.2734  -1.2735  -1.2737  -1.2743  -1.2757
 -1.2793  -1.2882  -1.3104  -1.3647  -1.4912  -1.7543  -2.1880  -2.7215  -3.2750
 -3.8519  -4.5372  -5.1230  -5.6322  -6.1377  -6.6414  -7.1435  -7.6449  -8.1457
 -8.6462  -9.1465  -9.6467 -10.1468 -10.6469 -11.1470 -11.6470 -12.1470 -12.6472
  0.0000  -1.2764  -1.2764  -1.2764  -1.2764  -1.2765  -1.2767  -1.2773  -1.2787
 -1.2821  -1.2908  -1.3124  -1.3654  -1.4895  -1.7509  -2.1879  -2.7232  -3.2741
 -3.8474  -4.5310  -5.1171  -5.6279  -6.1348  -6.6393  -7.1422  -7.6440  -8.1451
 -8.6459  -9.1463  -9.6466 -10.1468 -10.6469 -11.1469 -11.6470 -12.1471 -12.6470
  0.0000  -1.2884  -1.2884  -1.2884  -1.2885  -1.2885  -1.2887  -1.2892  -1.2905
 -1.2937  -1.3016  -1.3212  -1.3697  -1.4851  -1.7369  -2.1790  -2.7256  -3.2762
 -3.8443  -4.5241  -5.1094  -5.6216  -6.1303  -6.6362  -7.1401  -7.6427  -8.1444
 -8.6454  -9.1460  -9.6464 -10.1467 -10.6469 -11.1470 -11.6470 -12.1470 -12.6471
  0.0000  -1.3171  -1.3171  -1.3171  -1.3171  -1.3172  -1.3173  -1.3178  -1.3188
 -1.3214  -1.3279  -1.3441  -1.3843  -1.4820  -1.7061  -2.1409  -2.7192  -3.2808
 -3.8443  -4.5186  -5.1010  -5.6132  -6.1235  -6.6313  -7.1367  -7.6404  -8.1429
 -8.6444  -9.1454  -9.6461 -10.1465 -10.6467 -11.1469 -11.6470 -12.1471 -12.6474
  0.0000  -1.3685  -1.3685  -1.3685  -1.3685  -1.3685  -1.3687  -1.3690  -1.3697
 -1.3716  -1.3763  -1.3882  -1.4178  -1.4909  -1.6662  -2.0499  -2.6718  -3.2807
 -3.8481  -4.5180  -5.0950  -5.6038  -6.1141  -6.6236  -7.1310  -7.6363  -8.1399
 -8.6424  -9.1439  -9.6449 -10.1455 -10.6459 -11.1461 -11.6463 -12.1465 -12.6466
  0.0000  -1.4466  -1.4466  -1.4466  -1.4466  -1.4466  -1.4467  -1.4469  -1.4474
 -1.4486  -1.4517  -1.4594  -1.4788  -1.5271  -1.6462  -1.9293  -2.5144  -3.2500
 -3.8525  -4.5251  -5.0984  -5.5989  -6.1058  -6.6155  -7.1247  -7.6319  -8.1371
 -8.6406  -9.1429  -9.6444 -10.1454 -10.6460 -11.1464 -11.6466 -12.1468 -12.6473
  0.0000  -1.2733  -1.2733  -1.2733  -1.2733  -1.2734  -1.2736  -1.2742  -1.2755
 -1.2788  -1.2871  -1.3078  -1.3594  -1.4826  -1.7456  -2.1870  -2.7434  -3.3739
 -4.0974  -4.6195  -5.1312  -5.6376  -6.1416  -6.6438  -7.1451  -7.6459  -8.1464
 -8.6467  -9.1469  -9.6470 -10.1470 -10.6471 -11.1471 -11.6471 -12.1471 -12.6470
  0.0000  -1.2738  -1.2738  -1.2738  -1.2738  -1.2739  -1.2741  -1.2747  -1.2760
 -1.2794  -1.2878  -1.3089  -1.3611  -1.4841  -1.7445  -2.1830  -2.7392  -3.3700
 -4.0934  -4.6166  -5.1293  -5.6363  -6.1407  -6.6432  -7.1448  -7.6457  -8.1462
 -8.6466  -9.1468  -9.6469 -10.1470 -10.6471 -11.1471 -11.6471 -12.1471 -12.6471
  0.0000  -1.2694  -1.2694  -1.2694  -1.2695  -1.2696  -1.2698  -1.2703  -1.2717
 -1.2752  -1.2841  -1.3061  -1.3602  -1.4863  -1.7490  -2.1866  -2.7395  -3.3674
 -4.0875  -4.6119  -5.1257  -5.6341  -6.1391  -6.6422  -7.1442  -7.6453  -8.1461
 -8.6465  -9.1468  -9.6470 -10.1471 -10.6471 -11.1472 -11.6472 -12.1472 -12.6474
  0.0000  -1.2636  -1.2636  -1.2636  -1.2637  -1.2638  -1.2640  -1.2646  -1.2660
 -1.2697  -1.2789  -1.3017  -1.3574  -1.4869  -1.7547  -2.1952  -2.7449  -3.3673
 -4.0807  -4.6050  -5.1200  -5.6299  -6.1362  -6.6403  -7.1429  -7.6445  -8.1455
 -8.6461  -9.1465  -9.6467 -10.1469 -10.6470 -11.1470 -11.6471 -12.1472 -12.6471
 -2.0000  -1.2333  -1.2333  -1.2333  -1.2333  -1.2334  -1.2337  -1.2343  -1.2360
 -1.2401  -1.2503  -1.2758  -1.3381  -1.4833  -1.7833  -2.2596  -2.8126  -3.4172
 -4.0979  -4.5951  -5.0987  -5.6077  -6.1181  -6.6270  -7.1337  -7.6382  -8.1414
 -8.6436  -9.1449  -9.6457 -10.1462 -10.6466 -11.1468 -11.6469 -12.1470 -12.6472
 -1.0000  -1.2562  -1.2562  -1.2562  -1.2563  -1.2563  -1.2566  -1.2571  -1.2586
 -1.2621  -1.2710  -1.2931  -1.3476  -1.4768  -1.7557  -2.2305  -2.7989  -3.4107
 -4.0947  -4.5944  -5.0983  -5.6075  -6.1179  -6.6269  -7.1336  -7.6381  -8.1413
 -8.6435  -9.1448  -9.6456 -10.1461 -10.6465 -11.1467 -11.6468 -12.1469 -12.6471
  0.0000  -1.2944  -1.2944  -1.2945  -1.2945  -1.2946  -1.2947  -1.2952  -1.2963
 -1.2991  -1.3062  -1.3239  -1.3676  -1.4736  -1.7146  -2.1725  -2.7699  -3.3978
 -4.0885  -4.5934  -5.0978  -5.6073  -6.1179  -6.6269  -7.1337  -7.6382  -8.1414
 -8.6436  -9.1449  -9.6457 -10.1462 -10.6466 -11.1468 -11.6469 -12.1470 -12.6472
  0.0000  -1.2604  -1.2604  -1.2604  -1.2605  -1.2606  -1.2608  -1.2613  -1.2625
 -1.2657  -1.2735  -1.2933  -1.3434  -1.4667  -1.7393  -2.2199  -2.9057  -3.5695
 -4.1052  -4.6237  -5.1336  -5.6394  -6.1426  -6.6444  -7.1455  -7.6462  -8.1466
 -8.6469  -9.1470  -9.6471 -10.1472 -10.6472 -11.1472 -11.6472 -12.1472 -12.6472
  1.0000  -1.2607  -1.2607  -1.2607  -1.2607  -1.2608  -1.2610  -1.2615  -1.2628
 -1.2659  -1.2738  -1.2935  -1.3436  -1.4666  -1.7390  -2.2195  -2.9054  -3.5694
 -4.1052  -4.6237  -5.1336  -5.6394  -6.1426  -6.6444  -7.1455  -7.6462  -8.1466
 -8.6469  -9.1470  -9.6471 -10.1472 -10.6472 -11.1472 -11.6472 -12.1472 -12.6472
  2.0000  -1.2612  -1.2612  -1.2612  -1.2613  -1.2613  -1.2615  -1.2620  -1.2633
 -1.2664  -1.2742  -1.2940  -1.3438  -1.4666  -1.7383  -2.2187  -2.9049  -3.5692
 -4.1051  -4.6237  -5.1336  -5.6394  -6.1426  -6.6444  -7.1455  -7.6462  -8.1466
 -8.6469  -9.1470  -9.6471 -10.1472 -10.6472 -11.1472 -11.6472 -12.1472 -12.6472
  3.0000  -1.2623  -1.2623  -1.2623  -1.2624  -1.2624  -1.2626  -1.2631  -1.2644
 -1.2675  -1.2753  -1.2950  -1.3445  -1.4666  -1.7372  -2.2172  -2.9038  -3.5690
 -4.1051  -4.6237  -5.1337  -5.6395  -6.1427  -6.6445  -7.1456  -7.6463  -8.1467
 -8.6470  -9.1471  -9.6472 -10.1473 -10.6473 -11.1473 -11.6473 -12.1473 -12.6473
  4.0000  -1.2642  -1.2642  -1.2642  -1.2643  -1.2644  -1.2646  -1.2650  -1.2663
 -1.2693  -1.2771  -1.2966  -1.3456  -1.4663  -1.7346  -2.2140  -2.9014  -3.5681
 -4.1048  -4.6235  -5.1335  -5.6394  -6.1426  -6.6444  -7.1455  -7.6462  -8.1466
 -8.6469  -9.1470  -9.6471 -10.1472 -10.6472 -11.1472 -11.6472 -12.1472 -12.6472
  5.0000  -1.2683  -1.2683  -1.2683  -1.2683  -1.2684  -1.2686  -1.2691  -1.2703
 -1.2733  -1.2810  -1.3001  -1.3480  -1.4661  -1.7299  -2.2078  -2.8969  -3.5667
 -4.1045  -4.6235  -5.1336  -5.6395  -6.1427  -6.6445  -7.1456  -7.6463  -8.1467
 -8.6470  -9.1471  -9.6472 -10.1473 -10.6473 -11.1473 -11.6473 -12.1473 -12.6473
  6.0000  -1.2759  -1.2759  -1.2760  -1.2760  -1.2761  -1.2762  -1.2767  -1.2779
 -1.2808  -1.2882  -1.3066  -1.3526  -1.4656  -1.7209  -2.1951  -2.8875  -3.5636
 -4.1037  -4.6231  -5.1334  -5.6393  -6.1426  -6.6444  -7.1455  -7.6462  -8.1466
 -8.6469  -9.1470  -9.6471 -10.1472 -10.6472 -11.1472 -11.6472 -12.1472 -12.6472
  0.0000  -1.2079  -1.2079  -1.2079  -1.2079  -1.2080  -1.2083  -1.2089  -1.2104
 -1.2140  -1.2233  -1.2468  -1.3068  -1.4570  -1.8005  -2.4055  -3.0218  -3.5839
 -4.1115  -4.6273  -5.1363  -5.6416  -6.1449  -6.6468  -7.1479  -7.6486  -8.1491
 -8.6493  -9.1495  -9.6496 -10.1496 -10.6497 -11.1497 -11.6497 -12.1497 -12.6496
  0.0000  -1.2288  -1.2288  -1.2288  -1.2288  -1.2289  -1.2291  -1.2296  -1.2308
 -1.2339  -1.2418  -1.2618  -1.3136  -1.4477  -1.7705  -2.3846  -3.0203  -3.5877
 -4.1156  -4.6306  -5.1387  -5.6436  -6.1462  -6.6478  -7.1487  -7.6493  -8.1496
 -8.6498  -9.1499  -9.6500 -10.1501 -10.6501 -11.1501 -11.6501 -12.1501 -12.6501
  0.0000  -1.2297  -1.2297  -1.2298  -1.2298  -1.2299  -1.2301  -1.2306  -1.2318
 -1.2350  -1.2430  -1.2634  -1.3153  -1.4479  -1.7670  -2.3806  -3.0176  -3.5860
 -4.1147  -4.6301  -5.1384  -5.6434  -6.1462  -6.6479  -7.1489  -7.6494  -8.1498
 -8.6500  -9.1501  -9.6502 -10.1503 -10.6503 -11.1503 -11.6503 -12.1503 -12.6503
  0.0000  -1.2222  -1.2222  -1.2222  -1.2222  -1.2223  -1.2225  -1.2231  -1.2244
 -1.2279  -1.2366  -1.2585  -1.3137  -1.4516  -1.7768  -2.3864  -3.0148  -3.5821
 -4.1113  -4.6277  -5.1369  -5.6424  -6.1457  -6.6476  -7.1487  -7.6494  -8.1499
 -8.6501  -9.1503  -9.6504 -10.1504 -10.6505 -11.1505 -11.6505 -12.1505 -12.6504
  0.0000  -1.2089  -1.2089  -1.2089  -1.2090  -1.2091  -1.2093  -1.2099  -1.2115
 -1.2153  -1.2249  -1.2490  -1.3092  -1.4565  -1.7973  -2.4033  -3.0144  -3.5769
 -4.1058  -4.6234  -5.1340  -5.6403  -6.1444  -6.6469  -7.1483  -7.6493  -8.1498
 -8.6502  -9.1504  -9.6505 -10.1506 -10.6507 -11.1507 -11.6507 -12.1507 -12.6507
  0.0000  -1.1930  -1.1930  -1.1930  -1.1930  -1.1931  -1.1934  -1.1941  -1.1957
 -1.2000  -1.2106  -1.2369  -1.3017  -1.4615  -1.8250  -2.4320  -3.0201  -3.5726
 -4.0991  -4.6172  -5.1294  -5.6373  -6.1422  -6.6456  -7.1476  -7.6488  -8.1496
 -8.6501  -9.1504  -9.6506 -10.1507 -10.6508 -11.1509 -11.6509 -12.1509 -12.6511
  1.0000  -1.1953  -1.1953  -1.1953  -1.1954  -1.1955  -1.1957  -1.1964  -1.1981
 -1.2022  -1.2127  -1.2386  -1.3028  -1.4607  -1.8210  -2.4278  -3.0188  -3.5721
 -4.0990  -4.6172  -5.1293  -5.6373  -6.1422  -6.6456  -7.1476  -7.6488  -8.1496
 -8.6501  -9.1504  -9.6506 -10.1507 -10.6508 -11.1509 -11.6509 -12.1509 -12.6511
 -1.0000  -1.1739  -1.1741  -1.1747  -1.1767  -1.1800  -1.1757  -1.1745  -1.1760
 -1.1796  -1.1885  -1.2117  -1.2747  -1.4583  -1.9048  -2.4913  -3.0556  -3.5929
 -4.1146  -4.6272  -5.1344  -5.6389  -6.1414  -6.6429  -7.1438  -7.6444  -8.1447
 -8.6449  -9.1450  -9.6451 -10.1452 -10.6452 -11.1452 -11.6452 -12.1452 -12.6452
  0.0000  -1.1744  -1.1747  -1.1753  -1.1767  -1.1784  -1.1760  -1.1744  -1.1760
 -1.1795  -1.1884  -1.2116  -1.2746  -1.4582  -1.9046  -2.4912  -3.0555  -3.5928
 -4.1145  -4.6271  -5.1343  -5.6388  -6.1413  -6.6428  -7.1437  -7.6443  -8.1446
 -8.6448  -9.1449  -9.6450 -10.1451 -10.6451 -11.1451 -11.6451 -12.1451 -12.6451
  0.0000  -1.1920  -1.1920  -1.1920  -1.1921  -1.1921  -1.1923  -1.1928  -1.1938
 -1.1964  -1.2033  -1.2217  -1.2741  -1.4417  -1.8871  -2.4878  -3.0575  -3.5956
 -4.1169  -4.6287  -5.1356  -5.6395  -6.1418  -6.6431  -7.1439  -7.6443  -8.1446
 -8.6448  -9.1449  -9.6449 -10.1450 -10.6450 -11.1450 -11.6450 -12.1450 -12.6450
  0.0000  -1.1837  -1.1837  -1.1837  -1.1837  -1.1838  -1.1840  -1.1845  -1.1857
 -1.1890  -1.1972  -1.2183  -1.2757  -1.4485  -1.8930  -2.4882  -3.0559  -3.5940
 -4.1156  -4.6279  -5.1349  -5.6391  -6.1415  -6.6429  -7.1438  -7.6443  -8.1446
 -8.6448  -9.1449  -9.6449 -10.1450 -10.6450 -11.1450 -11.6450 -12.1450 -12.6450
  0.0000  -1.1607  -1.1607  -1.1607  -1.1608  -1.1609  -1.1612  -1.1619  -1.1637
 -1.1681  -1.1792  -1.2071  -1.2778  -1.4688  -1.9131  -2.4917  -3.0529  -3.5898
 -4.1120  -4.6253  -5.1330  -5.6378  -6.1407  -6.6423  -7.1433  -7.6440  -8.1443
 -8.6446  -9.1447  -9.6448 -10.1449 -10.6449 -11.1449 -11.6449 -12.1449 -12.6449
  0.0000  -1.1308  -1.1308  -1.1309  -1.1309  -1.1311  -1.1314  -1.1324  -1.1347
 -1.1405  -1.1551  -1.1912  -1.2801  -1.4984  -1.9453  -2.5014  -3.0507  -3.5844
 -4.1069  -4.6213  -5.1304  -5.6359  -6.1395  -6.6416  -7.1429  -7.6437  -8.1442
 -8.6445  -9.1447  -9.6449 -10.1449 -10.6450 -11.1450 -11.6450 -12.1450 -12.6449
  0.0000  -1.1007  -1.1007  -1.1007  -1.1008  -1.1010  -1.1014  -1.1025  -1.1053
 -1.1124  -1.1301  -1.1740  -1.2817  -1.5317  -1.9849  -2.5185  -3.0524  -3.5797
 -4.1008  -4.6162  -5.1267  -5.6334  -6.1377  -6.6406  -7.1423  -7.6434  -8.1440
 -8.6445  -9.1447  -9.6449 -10.1450 -10.6450 -11.1451 -11.6451 -12.1451 -12.6453
 -1.0000  -1.0930  -1.0930  -1.0930  -1.0930  -1.0931  -1.0933  -1.0939  -1.0953
 -1.0991  -1.1103  -1.1470  -1.2671  -1.5629  -2.0326  -2.5495  -3.0746  -3.5971
 -4.1150  -4.6281  -5.1370  -5.6429  -6.1467  -6.6491  -7.1506  -7.6515  -8.1521
 -8.6525  -9.1527  -9.6528 -10.1529 -10.6530 -11.1530 -11.6530 -12.1530 -12.6530
  0.0000  -1.0930  -1.0930  -1.0930  -1.0930  -1.0931  -1.0933  -1.0939  -1.0953
 -1.0991  -1.1103  -1.1470  -1.2671  -1.5629  -2.0326  -2.5495  -3.0746  -3.5971
 -4.1150  -4.6281  -5.1370  -5.6429  -6.1467  -6.6491  -7.1506  -7.6515  -8.1521
 -8.6525  -9.1527  -9.6528 -10.1529 -10.6530 -11.1530 -11.6530 -12.1530 -12.6530
  0.0000  -1.2178  -1.2178  -1.2178  -1.2177  -1.2175  -1.2169  -1.2157  -1.2125
 -1.2055  -1.1921  -1.1800  -1.2235  -1.4617  -1.9642  -2.5275  -3.0773  -3.6085
 -4.1270  -4.6377  -5.1440  -5.6476  -6.1497  -6.6510  -7.1517  -7.6522  -8.1524
 -8.6526  -9.1527  -9.6528 -10.1528 -10.6528 -11.1528 -11.6528 -12.1528 -12.6528
  0.0000  -1.2378  -1.2377  -1.2377  -1.2376  -1.2374  -1.2367  -1.2351  -1.2312
 -1.2223  -1.2047  -1.1847  -1.2171  -1.4485  -1.9584  -2.5277  -3.0791  -3.6104
 -4.1285  -4.6387  -5.1447  -5.6482  -6.1501  -6.6513  -7.1519  -7.6523  -8.1526
 -8.6527  -9.1528  -9.6529 -10.1529 -10.6529 -11.1529 -11.6529 -12.1529 -12.6529
  0.0000  -1.2159  -1.2159  -1.2159  -1.2158  -1.2156  -1.2151  -1.2139  -1.2109
 -1.2041  -1.1913  -1.1801  -1.2223  -1.4638  -1.9655  -2.5282  -3.0778  -3.6091
 -4.1276  -4.6383  -5.1447  -5.6484  -6.1505  -6.6518  -7.1525  -7.6530  -8.1532
 -8.6534  -9.1535  -9.6536 -10.1536 -10.6536 -11.1536 -11.6536 -12.1536 -12.6536
  0.0000  -1.1736  -1.1736  -1.1735  -1.1735  -1.1734  -1.1732  -1.1726  -1.1713
 -1.1686  -1.1646  -1.1701  -1.2390  -1.4925  -1.9797  -2.5290  -3.0738  -3.6046
 -4.1239  -4.6356  -5.1425  -5.6468  -6.1493  -6.6508  -7.1517  -7.6523  -8.1526
 -8.6528  -9.1529  -9.6530 -10.1531 -10.6531 -11.1531 -11.6531 -12.1531 -12.6531
  0.0000  -1.1276  -1.1276  -1.1276  -1.1277  -1.1277  -1.1278  -1.1279  -1.1284
 -1.1299  -1.1356  -1.1599  -1.2567  -1.5284  -2.0012  -2.5337  -3.0711  -3.6001
 -4.1199  -4.6327  -5.1406  -5.6455  -6.1486  -6.6504  -7.1516  -7.6522  -8.1527
 -8.6529  -9.1531  -9.6532 -10.1532 -10.6533 -11.1533 -11.6533 -12.1533 -12.6532
 -2.0000  -1.1731  -1.1731  -1.1730  -1.1728  -1.1725  -1.1714  -1.1693  -1.1641
 -1.1535  -1.1393  -1.1409  -1.2291  -1.5346  -2.0096  -2.5433  -3.0795  -3.6068
 -4.1253  -4.6371  -5.1445  -5.6490  -6.1518  -6.6534  -7.1544  -7.6551  -8.1554
 -8.6557  -9.1558  -9.6559 -10.1560 -10.6560 -11.1560 -11.6560 -12.1560 -12.6560
 -1.0000  -1.1731  -1.1731  -1.1730  -1.1728  -1.1725  -1.1714  -1.1693  -1.1641
 -1.1535  -1.1393  -1.1409  -1.2291  -1.5346  -2.0096  -2.5433  -3.0795  -3.6068
 -4.1253  -4.6371  -5.1445  -5.6490  -6.1518  -6.6534  -7.1544  -7.6551  -8.1554
 -8.6557  -9.1558  -9.6559 -10.1560 -10.6560 -11.1560 -11.6560 -12.1560 -12.6560
  0.0000  -1.1731  -1.1731  -1.1730  -1.1728  -1.1725  -1.1714  -1.1693  -1.1641
 -1.1535  -1.1393  -1.1409  -1.2291  -1.5346  -2.0096  -2.5433  -3.0795  -3.6068
 -4.1253  -4.6371  -5.1445  -5.6490  -6.1518  -6.6534  -7.1544  -7.6551  -8.1554
 -8.6557  -9.1558  -9.6559 -10.1560 -10.6560 -11.1560 -11.6560 -12.1560 -12.6560
 -3.0000  -1.2258  -1.2258  -1.2257  -1.2255  -1.2250  -1.2237  -1.2205  -1.2130
 -1.1972  -1.1726  -1.1534  -1.2085  -1.4974  -1.9881  -2.5381  -3.0821  -3.6115
 -4.1296  -4.6403  -5.1466  -5.6505  -6.1527  -6.6540  -7.1547  -7.6552  -8.1555
 -8.6557  -9.1558  -9.6558 -10.1559 -10.6559 -11.1559 -11.6559 -12.1559 -12.6559
 -2.0000  -1.2260  -1.2260  -1.2259  -1.2257  -1.2251  -1.2238  -1.2207  -1.2132
 -1.1974  -1.1728  -1.1536  -1.2087  -1.4976  -1.9883  -2.5383  -3.0823  -3.6117
 -4.1298  -4.6405  -5.1468  -5.6507  -6.1529  -6.6542  -7.1549  -7.6554  -8.1557
 -8.6559  -9.1560  -9.6560 -10.1561 -10.6561 -11.1561 -11.6561 -12.1561 -12.6561
 -1.0000  -1.2259  -1.2258  -1.2257  -1.2255  -1.2250  -1.2237  -1.2205  -1.2130
 -1.1973  -1.1727  -1.1536  -1.2087  -1.4974  -1.9881  -2.5382  -3.0822  -3.6116
 -4.1297  -4.6404  -5.1467  -5.6506  -6.1528  -6.6541  -7.1548  -7.6553  -8.1556
 -8.6558  -9.1559  -9.6559 -10.1560 -10.6560 -11.1560 -11.6560 -12.1560 -12.6560
  0.0000  -1.2257  -1.2257  -1.2256  -1.2254  -1.2249  -1.2236  -1.2204  -1.2129
 -1.1973  -1.1728  -1.1536  -1.2088  -1.4974  -1.9881  -2.5381  -3.0822  -3.6116
 -4.1297  -4.6404  -5.1467  -5.6506  -6.1528  -6.6541  -7.1548  -7.6553  -8.1556
 -8.6558  -9.1559  -9.6559 -10.1560 -10.6560 -11.1560 -11.6560 -12.1560 -12.6560
-12.0000  -1.2259  -1.2258  -1.2258  -1.2255  -1.2250  -1.2237  -1.2205  -1.2130
 -1.1972  -1.1726  -1.1534  -1.2085  -1.4974  -1.9881  -2.5381  -3.0821  -3.6115
 -4.1296  -4.6403  -5.1466  -5.6505  -6.1527  -6.6540  -7.1547  -7.6552  -8.1555
 -8.6557  -9.1558  -9.6558 -10.1559 -10.6559 -11.1559 -11.6559 -12.1559 -12.6559
-11.0000  -1.2259  -1.2258  -1.2258  -1.2255  -1.2250  -1.2237  -1.2205  -1.2130
 -1.1972  -1.1726  -1.1534  -1.2085  -1.4974  -1.9881  -2.5381  -3.0821  -3.6115
 -4.1296  -4.6403  -5.1466  -5.6505  -6.1527  -6.6540  -7.1547  -7.6552  -8.1555
 -8.6557  -9.1558  -9.6558 -10.1559 -10.6559 -11.1559 -11.6559 -12.1559 -12.6559
-10.0000  -1.2259  -1.2258  -1.2258  -1.2255  -1.2250  -1.2237  -1.2205  -1.2130
 -1.1972  -1.1726  -1.1534  -1.2085  -1.4974  -1.9881  -2.5381  -3.0821  -3.6115
 -4.1296  -4.6403  -5.1466  -5.6505  -6.1527  -6.6540  -7.1547  -7.6552  -8.1555
 -8.6557  -9.1558  -9.6558 -10.1559 -10.6559 -11.1559 -11.6559 -12.1559 -12.6559
-13.0000  -1.2259  -1.2258  -1.2258  -1.2255  -1.2250  -1.2237  -1.2205  -1.2130
 -1.1972  -1.1726  -1.1534  -1.2085  -1.4974  -1.9881  -2.5381  -3.0821  -3.6115
 -4.1296  -4.6403  -5.1466  -5.6505  -6.1527  -6.6540  -7.1547  -7.6552  -8.1555
 -8.6557  -9.1558  -9.6558 -10.1559 -10.6559 -11.1559 -11.6559 -12.1559 -12.6559
-12.0000  -1.2259  -1.2258  -1.2258  -1.2255  -1.2250  -1.2237  -1.2205  -1.2130
 -1.1972  -1.1726  -1.1534  -1.2085  -1.4974  -1.9881  -2.5381  -3.0821  -3.6115
 -4.1296  -4.6403  -5.1466  -5.6505  -6.1527  -6.6540  -7.1547  -7.6552  -8.1555
 -8.6557  -9.1558  -9.6558 -10.1559 -10.6559 -11.1559 -11.6559 -12.1559 -12.6559
-11.0000  -1.2260  -1.2259  -1.2258  -1.2256  -1.2251  -1.2238  -1.2206  -1.2131
 -1.1973  -1.1727  -1.1535  -1.2086  -1.4975  -1.9882  -2.5382  -3.0822  -3.6116
 -4.1297  -4.6404  -5.1467  -5.6506  -6.1528  -6.6541  -7.1548  -7.6553  -8.1556
 -8.6558  -9.1559  -9.6559 -10.1560 -10.6560 -11.1560 -11.6560 -12.1560 -12.6560
-10.0000  -1.2259  -1.2259  -1.2258  -1.2256  -1.2250  -1.2238  -1.2206  -1.2131
 -1.1973  -1.1727  -1.1535  -1.2086  -1.4975  -1.9882  -2.5382  -3.0822  -3.6116
 -4.1297  -4.6404  -5.1467  -5.6506  -6.1528  -6.6541  -7.1548  -7.6553  -8.1556
 -8.6558  -9.1559  -9.6559 -10.1560 -10.6560 -11.1560 -11.6560 -12.1560 -12.6560
-22.0000  -1.2258  -1.2257  -1.2257  -1.2254  -1.2249  -1.2236  -1.2204  -1.2129
 -1.1971  -1.1725  -1.1533  -1.2084  -1.4973  -1.9880  -2.5380  -3.0820  -3.6114
 -4.1295  -4.6402  -5.1465  -5.6504  -6.1526  -6.6539  -7.1546  -7.6551  -8.1554
 -8.6556  -9.1557  -9.6557 -10.1558 -10.6558 -11.1558 -11.6558 -12.1558 -12.6558
-21.0000  -1.2258  -1.2257  -1.2257  -1.2254  -1.2249  -1.2236  -1.2204  -1.2129
 -1.1971  -1.1725  -1.1533  -1.2084  -1.4973  -1.9880  -2.5380  -3.0820  -3.6114
 -4.1295  -4.6402  -5.1465  -5.6504  -6.1526  -6.6539  -7.1546  -7.6551  -8.1554
 -8.6556  -9.1557  -9.6557 -10.1558 -10.6558 -11.1558 -11.6558 -12.1558 -12.6558
-20.0000  -1.2258  -1.2257  -1.2257  -1.2254  -1.2249  -1.2236  -1.2204  -1.2129
 -1.1971  -1.1725  -1.1533  -1.2084  -1.4973  -1.9880  -2.5380  -3.0820  -3.6114
 -4.1295  -4.6402  -5.1465  -5.6504  -6.1526  -6.6539  -7.1546  -7.6551  -8.1554
 -8.6556  -9.1557  -9.6557 -10.1558 -10.6558 -11.1558 -11.6558 -12.1558 -12.6558
-23.0000  -1.2258  -1.2257  -1.2257  -1.2254  -1.2249  -1.2236  -1.2204  -1.2129
 -1.1971  -1.1725  -1.1533  -1.2084  -1.4973  -1.9880  -2.5380  -3.0820  -3.6114
 -4.1295  -4.6402  -5.1465  -5.6504  -6.1526  -6.6539  -7.1546  -7.6551  -8.1554
 -8.6556  -9.1557  -9.6557 -10.1558 -10.6558 -11.1558 -11.6558 -12.1558 -12.6558
-22.0000  -1.2259  -1.2258  -1.2258  -1.2255  -1.2250  -1.2237  -1.2205  -1.2130
 -1.1972  -1.1726  -1.1534  -1.2085  -1.4974  -1.9881  -2.5381  -3.0821  -3.6115
 -4.1296  -4.6403  -5.1466  -5.6505  -6.1527  -6.6540  -7.1547  -7.6552  -8.1555
 -8.6557  -9.1558  -9.6558 -10.1559 -10.6559 -11.1559 -11.6559 -12.1559 -12.6559
-21.0000  -1.2259  -1.2258  -1.2258  -1.2255  -1.2250  -1.2237  -1.2205  -1.2130
 -1.1972  -1.1726  -1.1534  -1.2085  -1.4974  -1.9881  -2.5381  -3.0821  -3.6115
 -4.1296  -4.6403  -5.1466  -5.6505  -6.1527  -6.6540  -7.1547  -7.6552  -8.1555
 -8.6557  -9.1558  -9.6558 -10.1559 -10.6559 -11.1559 -11.6559 -12.1559 -12.6559
-20.0000  -1.2260  -1.2259  -1.2259  -1.2256  -1.2251  -1.2238  -1.2206  -1.2131
 -1.1973  -1.1727  -1.1535  -1.2086  -1.4975  -1.9882  -2.5382  -3.0822  -3.6116
 -4.1297  -4.6404  -5.1467  -5.6506  -6.1528  -6.6541  -7.1548  -7.6553  -8.1556
 -8.6558  -9.1559  -9.6559 -10.1560 -10.6560 -11.1560 -11.6560 -12.1560 -12.6560
-32.0000  -1.2257  -1.2256  -1.2256  -1.2253  -1.2248  -1.2235  -1.2203  -1.2128
 -1.1970  -1.1724  -1.1532  -1.2083  -1.4972  -1.9879  -2.5379  -3.0819  -3.6113
 -4.1294  -4.6401  -5.1464  -5.6503  -6.1525  -6.6538  -7.1545  -7.6550  -8.1553
 -8.6555  -9.1556  -9.6556 -10.1557 -10.6557 -11.1557 -11.6557 -12.1557 -12.6557
-31.0000  -1.2257  -1.2256  -1.2256  -1.2253  -1.2248  -1.2235  -1.2203  -1.2128
 -1.1970  -1.1724  -1.1532  -1.2083  -1.4972  -1.9879  -2.5379  -3.0819  -3.6113
 -4.1294  -4.6401  -5.1464  -5.6503  -6.1525  -6.6538  -7.1545  -7.6550  -8.1553
 -8.6555  -9.1556  -9.6556 -10.1557 -10.6557 -11.1557 -11.6557 -12.1557 -12.6557
-30.0000  -1.2257  -1.2256  -1.2256  -1.2253  -1.2248  -1.2235  -1.2203  -1.2128
 -1.1970  -1.1724  -1.1532  -1.2083  -1.4972  -1.9879  -2.5379  -3.0819  -3.6113
 -4.1294  -4.6401  -5.1464  -5.6503  -6.1525  -6.6538  -7.1545  -7.6550  -8.1553
 -8.6555  -9.1556  -9.6556 -10.1557 -10.6557 -11.1557 -11.6557 -12.1557 -12.6557
-33.0000  -1.2257  -1.2256  -1.2256  -1.2253  -1.2248  -1.2235  -1.2203  -1.2128
 -1.1970  -1.1724  -1.1532  -1.2083  -1.4972  -1.9879  -2.5379  -3.0819  -3.6113
 -4.1294  -4.6401  -5.1464  -5.6503  -6.1525  -6.6538  -7.1545  -7.6550  -8.1553
 -8.6555  -9.1556  -9.6556 -10.1557 -10.6557 -11.1557 -11.6557 -12.1557 -12.6557
-32.0000  -1.2257  -1.2256  -1.2256  -1.2253  -1.2248  -1.2235  -1.2203  -1.2128
 -1.1970  -1.1724  -1.1532  -1.2083  -1.4972  -1.9879  -2.5379  -3.0819  -3.6113
 -4.1294  -4.6401  -5.1464  -5.6503  -6.1525  -6.6538  -7.1545  -7.6550  -8.1553
 -8.6555  -9.1556  -9.6556 -10.1557 -10.6557 -11.1557 -11.6557 -12.1557 -12.6557
-31.0000  -1.2259  -1.2258  -1.2258  -1.2255  -1.2250  -1.2237  -1.2205  -1.2130
 -1.1972  -1.1726  -1.1534  -1.2085  -1.4974  -1.9881  -2.5381  -3.0821  -3.6115
 -4.1296  -4.6403  -5.1466  -5.6505  -6.1527  -6.6540  -7.1547  -7.6552  -8.1555
 -8.6557  -9.1558  -9.6558 -10.1559 -10.6559 -11.1559 -11.6559 -12.1559 -12.6559
-30.0000  -1.2258  -1.2257  -1.2257  -1.2254  -1.2249  -1.2236  -1.2204  -1.2129
 -1.1971  -1.1725  -1.1533  -1.2084  -1.4973  -1.9880  -2.5380  -3.0820  -3.6114
 -4.1295  -4.6402  -5.1465  -5.6504  -6.1526  -6.6539  -7.1546  -7.6551  -8.1554
 -8.6556  -9.1557  -9.6557 -10.1558 -10.6558 -11.1558 -11.6558 -12.1558 -12.6558
-42.0000  -1.2251  -1.2250  -1.2250  -1.2247  -1.2242  -1.2229  -1.2197  -1.2122
 -1.1964  -1.1718  -1.1526  -1.2077  -1.4966  -1.9873  -2.5373  -3.0813  -3.6107
 -4.1288  -4.6395  -5.1458  -5.6497  -6.1519  -6.6532  -7.1539  -7.6544  -8.1547
 -8.6549  -9.1550  -9.6550 -10.1551 -10.6551 -11.1551 -11.6551 -12.1551 -12.6551
-41.0000  -1.2251  -1.2250  -1.2250  -1.2247  -1.2242  -1.2229  -1.2197  -1.2122
 -1.1964  -1.1718  -1.1526  -1.2077  -1.4966  -1.9873  -2.5373  -3.0813  -3.6107
 -4.1288  -4.6395  -5.1458  -5.6497  -6.1519  -6.6532  -7.1539  -7.6544  -8.1547
 -8.6549  -9.1550  -9.6550 -10.1551 -10.6551 -11.1551 -11.6551 -12.1551 -12.6551
-40.0000  -1.2251  -1.2250  -1.2250  -1.2247  -1.2242  -1.2229  -1.2197  -1.2122
 -1.1964  -1.1718  -1.1526  -1.2077  -1.4966  -1.9873  -2.5373  -3.0813  -3.6107
 -4.1288  -4.6395  -5.1458  -5.6497  -6.1519  -6.6532  -7.1539  -7.6544  -8.1547
 -8.6549  -9.1550  -9.6550 -10.1551 -10.6551 -11.1551 -11.6551 -12.1551 -12.6551
-43.0000  -1.2251  -1.2250  -1.2250  -1.2247  -1.2242  -1.2229  -1.2197  -1.2122
 -1.1964  -1.1718  -1.1526  -1.2077  -1.4966  -1.9873  -2.5373  -3.0813  -3.6107
 -4.1288  -4.6395  -5.1458  -5.6497  -6.1519  -6.6532  -7.1539  -7.6544  -8.1547
 -8.6549  -9.1550  -9.6550 -10.1551 -10.6551 -11.1551 -11.6551 -12.1551 -12.6551
-42.0000  -1.2251  -1.2250  -1.2250  -1.2247  -1.2242  -1.2229  -1.2197  -1.2122
 -1.1964  -1.1718  -1.1526  -1.2077  -1.4966  -1.9873  -2.5373  -3.0813  -3.6107
 -4.1288  -4.6395  -5.1458  -5.6497  -6.1519  -6.6532  -7.1539  -7.6544  -8.1547
 -8.6549  -9.1550  -9.6550 -10.1551 -10.6551 -11.1551 -11.6551 -12.1551 -12.6551
-41.0000  -1.2251  -1.2250  -1.2250  -1.2247  -1.2242  -1.2229  -1.2197  -1.2122
 -1.1964  -1.1718  -1.1526  -1.2077  -1.4966  -1.9873  -2.5373  -3.0813  -3.6107
 -4.1288  -4.6395  -5.1458  -5.6497  -6.1519  -6.6532  -7.1539  -7.6544  -8.1547
 -8.6549  -9.1550  -9.6550 -10.1551 -10.6551 -11.1551 -11.6551 -12.1551 -12.6551
-40.0000  -1.2260  -1.2259  -1.2259  -1.2256  -1.2251  -1.2238  -1.2206  -1.2131
 -1.1973  -1.1727  -1.1535  -1.2086  -1.4975  -1.9882  -2.5382  -3.0822  -3.6116
 -4.1297  -4.6404  -5.1467  -5.6506  -6.1528  -6.6541  -7.1548  -7.6553  -8.1556
 -8.6558  -9.1559  -9.6559 -10.1560 -10.6560 -11.1560 -11.6560 -12.1560 -12.6560
-52.0000  -1.2251  -1.2250  -1.2250  -1.2247  -1.2242  -1.2229  -1.2197  -1.2122
 -1.1964  -1.1718  -1.1526  -1.2077  -1.4966  -1.9873  -2.5373  -3.0813  -3.6107
 -4.1288  -4.6395  -5.1458  -5.6497  -6.1519  -6.6532  -7.1539  -7.6544  -8.1547
 -8.6549  -9.1550  -9.6550 -10.1551 -10.6551 -11.1551 -11.6551 -12.1551 -12.6551
-51.0000  -1.2251  -1.2250  -1.2250  -1.2247  -1.2242  -1.2229  -1.2197  -1.2122
 -1.1964  -1.1718  -1.1526  -1.2077  -1.4966  -1.9873  -2.5373  -3.0813  -3.6107
 -4.1288  -4.6395  -5.1458  -5.6497  -6.1519  -6.6532  -7.1539  -7.6544  -8.1547
 -8.6549  -9.1550  -9.6550 -10.1551 -10.6551 -11.1551 -11.6551 -12.1551 -12.6551
-50.0000  -1.2251  -1.2250  -1.2250  -1.2247  -1.2242  -1.2229  -1.2197  -1.2122
 -1.1964  -1.1718  -1.1526  -1.2077  -1.4966  -1.9873  -2.5373  -3.0813  -3.6107
 -4.1288  -4.6395  -5.1458  -5.6497  -6.1519  -6.6532  -7.1539  -7.6544  -8.1547
 -8.6549  -9.1550  -9.6550 -10.1551 -10.6551 -11.1551 -11.6551 -12.1551 -12.6551
-53.0000  -1.2251  -1.2250  -1.2250  -1.2247  -1.2242  -1.2229  -1.2197  -1.2122
 -1.1964  -1.1718  -1.1526  -1.2077  -1.4966  -1.9873  -2.5373  -3.0813  -3.6107
 -4.1288  -4.6395  -5.1458  -5.6497  -6.1519  -6.6532  -7.1539  -7.6544  -8.1547
 -8.6549  -9.1550  -9.6550 -10.1551 -10.6551 -11.1551 -11.6551 -12.1551 -12.6551
-52.0000  -1.2251  -1.2250  -1.2250  -1.2247  -1.2242  -1.2229  -1.2197  -1.2122
 -1.1964  -1.1718  -1.1526  -1.2077  -1.4966  -1.9873  -2.5373  -3.0813  -3.6107
 -4.1288  -4.6395  -5.1458  -5.6497  -6.1519  -6.6532  -7.1539  -7.6544  -8.1547
 -8.6549  -9.1550  -9.6550 -10.1551 -10.6551 -11.1551 -11.6551 -12.1551 -12.6551
-51.0000  -1.2251  -1.2250  -1.2250  -1.2247  -1.2242  -1.2229  -1.2197  -1.2122
 -1.1964  -1.1718  -1.1526  -1.2077  -1.4966  -1.9873  -2.5373  -3.0813  -3.6107
 -4.1288  -4.6395  -5.1458  -5.6497  -6.1519  -6.6532  -7.1539  -7.6544  -8.1547
 -8.6549  -9.1550  -9.6550 -10.1551 -10.6551 -11.1551 -11.6551 -12.1551 -12.6551
-50.0000  -1.2260  -1.2259  -1.2259  -1.2256  -1.2251  -1.2238  -1.2206  -1.2131
 -1.1973  -1.1727  -1.1535  -1.2086  -1.4975  -1.9882  -2.5382  -3.0822  -3.6116
 -4.1297  -4.6404  -5.1467  -5.6506  -6.1528  -6.6541  -7.1548  -7.6553  -8.1556
 -8.6558  -9.1559  -9.6559 -10.1560 -10.6560 -11.1560 -11.6560 -12.1560 -12.6560
-62.0000  -1.2170  -1.2169  -1.2169  -1.2166  -1.2161  -1.2148  -1.2116  -1.2041
 -1.1883  -1.1637  -1.1445  -1.1996  -1.4885  -1.9792  -2.5292  -3.0732  -3.6026
 -4.1207  -4.6314  -5.1377  -5.6416  -6.1438  -6.6451  -7.1458  -7.6463  -8.1466
 -8.6468  -9.1469  -9.6469 -10.1470 -10.6470 -11.1470 -11.6470 -12.1470 -12.6470
-61.0000  -1.2170  -1.2169  -1.2169  -1.2166  -1.2161  -1.2148  -1.2116  -1.2041
 -1.1883  -1.1637  -1.1445  -1.1996  -1.4885  -1.9792  -2.5292  -3.0732  -3.6026
 -4.1207  -4.6314  -5.1377  -5.6416  -6.1438  -6.6451  -7.1458  -7.6463  -8.1466
 -8.6468  -9.1469  -9.6469 -10.1470 -10.6470 -11.1470 -11.6470 -12.1470 -12.6470
-60.0000  -1.2170  -1.2169  -1.2169  -1.2166  -1.2161  -1.2148  -1.2116  -1.2041
 -1.1883  -1.1637  -1.1445  -1.1996  -1.4885  -1.9792  -2.5292  -3.0732  -3.6026
 -4.1207  -4.6314  -5.1377  -5.6416  -6.1438  -6.6451  -7.1458  -7.6463  -8.1466
 -8.6468  -9.1469  -9.6469 -10.1470 -10.6470 -11.1470 -11.6470 -12.1470 -12.6470
-63.0000  -1.2170  -1.2169  -1.2169  -1.2166  -1.2161  -1.2148  -1.2116  -1.2041
 -1.1883  -1.1637  -1.1445  -1.1996  -1.4885  -1.9792  -2.5292  -3.0732  -3.6026
 -4.1207  -4.6314  -5.1377  -5.6416  -6.1438  -6.6451  -7.1458  -7.6463  -8.1466
 -8.6468  -9.1469  -9.6469 -10.1470 -10.6470 -11.1470 -11.6470 -12.1470 -12.6470
-62.0000  -1.2170  -1.2169  -1.2169  -1.2166  -1.2161  -1.2148  -1.2116  -1.2041
 -1.1883  -1.1637  -1.1445  -1.1996  -1.4885  -1.9792  -2.5292  -3.0732  -3.6026
 -4.1207  -4.6314  -5.1377  -5.6416  -6.1438  -6.6451  -7.1458  -7.6463  -8.1466
 -8.6468  -9.1469  -9.6469 -10.1470 -10.6470 -11.1470 -11.6470 -12.1470 -12.6470
-61.0000  -1.2170  -1.2169  -1.2169  -1.2166  -1.2161  -1.2148  -1.2116  -1.2041
 -1.1883  -1.1637  -1.1445  -1.1996  -1.4885  -1.9792  -2.5292  -3.0732  -3.6026
 -4.1207  -4.6314  -5.1377  -5.6416  -6.1438  -6.6451  -7.1458  -7.6463  -8.1466
 -8.6468  -9.1469  -9.6469 -10.1470 -10.6470 -11.1470 -11.6470 -12.1470 -12.6470
-60.0000  -1.2170  -1.2169  -1.2169  -1.2166  -1.2161  -1.2148  -1.2116  -1.2041
 -1.1883  -1.1637  -1.1445  -1.1996  -1.4885  -1.9792  -2.5292  -3.0732  -3.6026
 -4.1207  -4.6314  -5.1377  -5.6416  -6.1438  -6.6451  -7.1458  -7.6463  -8.1466
 -8.6468  -9.1469  -9.6469 -10.1470 -10.6470 -11.1470 -11.6470 -12.1470 -12.6470
nl= 3 nu=18
  0.0000  -1.7898  -1.7898  -1.7898  -1.7898  -1.7898  -1.7899  -1.7899  -1.7900
 -1.7902  -1.7908  -1.7922  -1.7959  -1.8051  -1.8280  -1.8856  -2.0289  -2.3789
 -3.1555  -4.1082  -4.7041  -5.2370  -5.7544  -6.2711  -6.7993  -7.4043  -8.0678
 -8.5703  -9.0718  -9.5727 -10.0733 -10.5737 -11.0739 -11.5740 -12.0741 -12.5744
  0.0000  -1.9205  -1.9205  -1.9205  -1.9205  -1.9205  -1.9206  -1.9206  -1.9206
 -1.9207  -1.9210  -1.9218  -1.9238  -1.9286  -1.9409  -1.9716  -2.0486  -2.2405
 -2.7101  -3.7216  -4.6554  -5.2175  -5.7432  -6.2636  -6.7939  -7.3997  -8.0634
 -8.5672  -9.0695  -9.5709 -10.0718 -10.5724 -11.0728 -11.5730 -12.0732 -12.5738
  0.0000  -2.0605  -2.0605  -2.0605  -2.0605  -2.0605  -2.0605  -2.0605  -2.0606
 -2.0606  -2.0608  -2.0612  -2.0622  -2.0647  -2.0711  -2.0871  -2.1272  -2.2277
 -2.4786  -3.0935  -4.3491  -5.1854  -5.7293  -6.2553  -6.7884  -7.3952  -8.0594
 -8.5649  -9.0684  -9.5707 -10.0721 -10.5730 -11.0736 -11.5740 -12.0744 -12.5751
  0.0000  -2.2022  -2.2022  -2.2022  -2.2022  -2.2022  -2.2022  -2.2022  -2.2022
 -2.2023  -2.2024  -2.2026  -2.2031  -2.2044  -2.2076  -2.2158  -2.2363  -2.2879
 -2.4171  -2.7401  -3.5322  -4.9964  -5.7037  -6.2410  -6.7777  -7.3851  -8.0496
 -8.5579  -9.0629  -9.5665 -10.0689 -10.5703 -11.0713 -11.5719 -12.0725 -12.5737
  0.0000  -2.3522  -2.3522  -2.3522  -2.3522  -2.3522  -2.3522  -2.3522  -2.3522
 -2.3522  -2.3523  -2.3524  -2.3526  -2.3533  -2.3549  -2.3591  -2.3695  -2.3956
 -2.4613  -2.6259  -3.0378  -4.0466  -5.6186  -6.2273  -6.7706  -7.3781  -8.0420
 -8.5536  -9.0610  -9.5662 -10.0699 -10.5724 -11.0739 -11.5749 -12.0759 -12.5775
  0.0000  -2.4984  -2.4984  -2.4984  -2.4984  -2.4984  -2.4984  -2.4984  -2.4984
 -2.4984  -2.4984  -2.4985  -2.4986  -2.4990  -2.4998  -2.5019  -2.5071  -2.5203
 -2.5534  -2.6365  -2.8450  -3.3671  -4.6404  -6.1851  -6.7565  -7.3647  -8.0271
 -8.5413  -9.0508  -9.5586 -10.0640 -10.5678 -11.0704 -11.5720 -12.0736 -12.5766
  0.0000  -2.6473  -2.6473  -2.6473  -2.6473  -2.6473  -2.6473  -2.6473  -2.6473
 -2.6473  -2.6473  -2.6473  -2.6474  -2.6475  -2.6479  -2.6490  -2.6516  -2.6582
 -2.6749  -2.7166  -2.8215  -3.0847  -3.7439  -5.3347  -6.7346  -7.3534  -8.0158
 -8.5304  -9.0402  -9.5501 -10.0579 -10.5635 -11.0674 -11.5700 -12.0726 -12.5767
  0.0000  -1.5406  -1.5406  -1.5406  -1.5406  -1.5406  -1.5407  -1.5408  -1.5411
 -1.5420  -1.5440  -1.5490  -1.5618  -1.5936  -1.6724  -1.8637  -2.2939  -3.0106
 -3.6609  -4.2156  -4.7427  -5.2600  -5.7866  -6.3544  -7.0652  -7.5689  -8.0711
 -8.5725  -9.0734  -9.5739 -10.0743 -10.5745 -11.0747 -11.5747 -12.0747 -12.5751
  0.0000  -1.6421  -1.6421  -1.6421  -1.6421  -1.6421  -1.6421  -1.6422  -1.6424
 -1.6428  -1.6440  -1.6470  -1.6545  -1.6734  -1.7205  -1.8375  -2.1209  -2.7417
 -3.5841  -4.1930  -4.7307  -5.2518  -5.7804  -6.3493  -7.0600  -7.5651  -8.0683
 -8.5705  -9.0717  -9.5726 -10.0731 -10.5734 -11.0736 -11.5738 -12.0740 -12.5742
  0.0000  -1.7614  -1.7614  -1.7614  -1.7614  -1.7614  -1.7614  -1.7614  -1.7615
 -1.7618  -1.7625  -1.7641  -1.7683  -1.7788  -1.8052  -1.8712  -2.0351  -2.4325
 -3.2737  -4.1454  -4.7149  -5.2429  -5.7741  -6.3441  -7.0542  -7.5618  -8.0662
 -8.5694  -9.0714  -9.5727 -10.0735 -10.5740 -11.0743 -11.5745 -12.0747 -12.5750
  0.0000  -1.8909  -1.8909  -1.8909  -1.8909  -1.8909  -1.8910  -1.8910  -1.8910
 -1.8912  -1.8915  -1.8924  -1.8947  -1.9003  -1.9144  -1.9498  -2.0385  -2.2592
 -2.7948  -3.8690  -4.6833  -5.2298  -5.7646  -6.3355  -7.0440  -7.5547  -8.0612
 -8.5657  -9.0689  -9.5709 -10.0722 -10.5730 -11.0735 -11.5738 -12.0741 -12.5746
  0.0000  -2.0297  -2.0297  -2.0297  -2.0297  -2.0297  -2.0297  -2.0297  -2.0297
 -2.0298  -2.0300  -2.0305  -2.0316  -2.0346  -2.0419  -2.0604  -2.1067  -2.2229
 -2.5124  -3.2154  -4.4998  -5.2107  -5.7553  -6.3271  -7.0324  -7.5464  -8.0549
 -8.5617  -9.0662  -9.5695 -10.0716 -10.5729 -11.0737 -11.5743 -12.0749 -12.5757
  0.0000  -2.1715  -2.1715  -2.1715  -2.1715  -2.1715  -2.1715  -2.1715  -2.1715
 -2.1715  -2.1716  -2.1719  -2.1724  -2.1739  -2.1777  -2.1872  -2.2110  -2.2706
 -2.4203  -2.7936  -3.6995  -5.1160  -5.7411  -6.3174  -7.0186  -7.5345  -8.0442
 -8.5533  -9.0600  -9.5647 -10.0681 -10.5702 -11.0716 -11.5725 -12.0734 -12.5749
  0.0000  -2.3169  -2.3169  -2.3169  -2.3169  -2.3169  -2.3169  -2.3169  -2.3169
 -2.3169  -2.3170  -2.3171  -2.3174  -2.3181  -2.3200  -2.3248  -2.3369  -2.3672
 -2.4433  -2.6340  -3.1105  -4.2620  -5.6979  -6.3084  -7.0088  -7.5258  -8.0331
 -8.5433  -9.0523  -9.5592 -10.0639 -10.5673 -11.0696 -11.5709 -12.0722 -12.5748
  0.0000  -1.3861  -1.3861  -1.3861  -1.3862  -1.3862  -1.3863  -1.3866  -1.3874
 -1.3893  -1.3941  -1.4061  -1.4360  -1.5090  -1.6803  -2.0359  -2.5831  -3.1596
 -3.7054  -4.2414  -4.7677  -5.3198  -5.9926  -6.5651  -7.0687  -7.5709  -8.0723
 -8.5731  -9.0737  -9.5740 -10.0742 -10.5744 -11.0744 -11.5745 -12.0746 -12.5745
  0.0000  -1.4404  -1.4404  -1.4404  -1.4405  -1.4405  -1.4406  -1.4408  -1.4414
 -1.4427  -1.4462  -1.4549  -1.4767  -1.5306  -1.6613  -1.9583  -2.5048  -3.1341
 -3.6955  -4.2343  -4.7622  -5.3153  -5.9880  -6.5617  -7.0663  -7.5694  -8.0714
 -8.5726  -9.0734  -9.5739 -10.0742 -10.5744 -11.0745 -11.5746 -12.0747 -12.5748
  0.0000  -1.5162  -1.5162  -1.5162  -1.5162  -1.5162  -1.5163  -1.5164  -1.5168
 -1.5177  -1.5199  -1.5256  -1.5399  -1.5755  -1.6637  -1.8762  -2.3424  -3.0587
 -3.6769  -4.2238  -4.7539  -5.3078  -5.9800  -6.5550  -7.0614  -7.5656  -8.0685
 -8.5703  -9.0715  -9.5722 -10.0727 -10.5730 -11.0732 -11.5733 -12.0734 -12.5736
  0.0000  -1.6159  -1.6159  -1.6159  -1.6159  -1.6159  -1.6160  -1.6160  -1.6163
 -1.6168  -1.6182  -1.6216  -1.6301  -1.6516  -1.7052  -1.8379  -2.1565  -2.8276
 -3.6299  -4.2119  -4.7475  -5.3017  -5.9719  -6.5483  -7.0569  -7.5629  -8.0669
 -8.5698  -9.0716  -9.5727 -10.0734 -10.5739 -11.0742 -11.5744 -12.0746 -12.5749
  0.0000  -1.7315  -1.7315  -1.7315  -1.7315  -1.7316  -1.7316  -1.7316  -1.7317
 -1.7320  -1.7328  -1.7347  -1.7395  -1.7516  -1.7819  -1.8575  -2.0450  -2.4950
 -3.3904  -4.1830  -4.7385  -5.2941  -5.9611  -6.5379  -7.0482  -7.5564  -8.0624
 -8.5665  -9.0693  -9.5712 -10.0723 -10.5730 -11.0735 -11.5738 -12.0741 -12.5747
  0.0000  -1.8641  -1.8641  -1.8641  -1.8641  -1.8641  -1.8641  -1.8642  -1.8642
 -1.8644  -1.8648  -1.8658  -1.8684  -1.8749  -1.8912  -1.9320  -2.0342  -2.2880
 -2.8969  -4.0061  -4.7265  -5.2924  -5.9564  -6.5319  -7.0419  -7.5517  -8.0600
 -8.5660  -9.0702  -9.5730 -10.0749 -10.5760 -11.0768 -11.5773 -12.0778 -12.5787
  0.0000  -1.9960  -1.9960  -1.9960  -1.9960  -1.9960  -1.9960  -1.9961  -1.9961
 -1.9962  -1.9964  -1.9969  -1.9983  -2.0017  -2.0102  -2.0315  -2.0851  -2.2193
 -2.5530  -3.3530  -4.6186  -5.2786  -5.9463  -6.5218  -7.0275  -7.5366  -8.0463
 -8.5545  -9.0606  -9.5648 -10.0677 -10.5695 -11.0707 -11.5715 -12.0723 -12.5736
  0.0000  -1.3315  -1.3315  -1.3315  -1.3315  -1.3316  -1.3318  -1.3322  -1.3333
 -1.3360  -1.3428  -1.3598  -1.4015  -1.5005  -1.7171  -2.1087  -2.6306  -3.1805
 -3.7317  -4.2766  -4.8901  -5.5583  -6.0646  -6.5686  -7.0709  -7.5724  -8.0733
 -8.5739  -9.0742  -9.5744 -10.0746 -10.5746 -11.0747 -11.5747 -12.0747 -12.5749
  0.0000  -1.3451  -1.3451  -1.3451  -1.3451  -1.3452  -1.3454  -1.3458  -1.3467
 -1.3492  -1.3554  -1.3708  -1.4089  -1.5004  -1.7055  -2.0924  -2.6224  -3.1761
 -3.7263  -4.2722  -4.8856  -5.5536  -6.0615  -6.5663  -7.0695  -7.5714  -8.0726
 -8.5734  -9.0739  -9.5742 -10.0744 -10.5745 -11.0746 -11.5746 -12.0746 -12.5748
  0.0000  -1.3724  -1.3724  -1.3724  -1.3725  -1.3725  -1.3726  -1.3730  -1.3738
 -1.3758  -1.3810  -1.3938  -1.4258  -1.5038  -1.6853  -2.0550  -2.6034  -3.1709
 -3.7209  -4.2669  -4.8796  -5.5471  -6.0570  -6.5632  -7.0674  -7.5701  -8.0718
 -8.5729  -9.0736  -9.5740 -10.0743 -10.5745 -11.0746 -11.5747 -12.0748 -12.5749
  0.0000  -1.4202  -1.4202  -1.4203  -1.4203  -1.4203  -1.4204  -1.4206  -1.4213
 -1.4228  -1.4266  -1.4362  -1.4602  -1.5195  -1.6626  -1.9825  -2.5448  -3.1583
 -3.7156  -4.2617  -4.8723  -5.5381  -6.0500  -6.5582  -7.0638  -7.5677  -8.0703
 -8.5719  -9.0729  -9.5736 -10.0740 -10.5742 -11.0744 -11.5745 -12.0746 -12.5749
  0.0000  -1.4926  -1.4926  -1.4926  -1.4926  -1.4926  -1.4927  -1.4928  -1.4933
 -1.4943  -1.4968  -1.5032  -1.5193  -1.5593  -1.6582  -1.8945  -2.3985  -3.1102
 -3.7081  -4.2582  -4.8660  -5.5284  -6.0413  -6.5511  -7.0588  -7.5642  -8.0680
 -8.5705  -9.0721  -9.5731 -10.0738 -10.5742 -11.0744 -11.5746 -12.0748 -12.5749
  0.0000  -1.5880  -1.5880  -1.5880  -1.5881  -1.5881  -1.5881  -1.5882  -1.5885
 -1.5891  -1.5906  -1.5945  -1.6043  -1.6287  -1.6897  -1.8402  -2.1980  -2.9166
 -3.6801  -4.2555  -4.8630  -5.5211  -6.0321  -6.5418  -7.0514  -7.5590  -8.0644
 -8.5681  -9.0706  -9.5722 -10.0732 -10.5739 -11.0743 -11.5745 -12.0747 -12.5751
  0.0000  -1.7020  -1.7020  -1.7020  -1.7020  -1.7020  -1.7021  -1.7021  -1.7022
 -1.7026  -1.7035  -1.7057  -1.7112  -1.7250  -1.7597  -1.8464  -2.0605  -2.5681
 -3.5035  -4.2408  -4.8620  -5.5203  -6.0265  -6.5322  -7.0419  -7.5513  -8.0588
 -8.5642  -9.0678  -9.5703 -10.0719 -10.5729 -11.0736 -11.5740 -12.0744 -12.5752
  0.0000  -1.3249  -1.3249  -1.3249  -1.3249  -1.3250  -1.3252  -1.3256  -1.3267
 -1.3295  -1.3364  -1.3535  -1.3957  -1.4966  -1.7175  -2.1130  -2.6376  -3.2018
 -3.8126  -4.5387  -5.0541  -5.5625  -6.0675  -6.5704  -7.0721  -7.5731  -8.0738
 -8.5741  -9.0744  -9.5745 -10.0746 -10.5747 -11.0747 -11.5747 -12.0747 -12.5747
  0.0000  -1.3248  -1.3248  -1.3248  -1.3248  -1.3249  -1.3251  -1.3255  -1.3267
 -1.3295  -1.3365  -1.3539  -1.3965  -1.4978  -1.7180  -2.1116  -2.6352  -3.1985
 -3.8079  -4.5337  -5.0506  -5.5601  -6.0657  -6.5693  -7.0714  -7.5727  -8.0735
 -8.5740  -9.0743  -9.5745 -10.0746 -10.5747 -11.0747 -11.5747 -12.0747 -12.5747
  0.0000  -1.3252  -1.3252  -1.3252  -1.3252  -1.3253  -1.3255  -1.3259  -1.3270
 -1.3298  -1.3368  -1.3541  -1.3966  -1.4974  -1.7172  -2.1121  -2.6363  -3.1970
 -3.8027  -4.5266  -5.0450  -5.5560  -6.0628  -6.5673  -7.0701  -7.5718  -8.0729
 -8.5736  -9.0740  -9.5742 -10.0744 -10.5745 -11.0746 -11.5746 -12.0746 -12.5748
  0.0000  -1.3324  -1.3324  -1.3324  -1.3324  -1.3325  -1.3327  -1.3331  -1.3341
 -1.3367  -1.3433  -1.3595  -1.3997  -1.4957  -1.7096  -2.1063  -2.6382  -3.1984
 -3.7984  -4.5183  -5.0376  -5.5500  -6.0586  -6.5643  -7.0681  -7.5705  -8.0721
 -8.5730  -9.0737  -9.5740 -10.0743 -10.5744 -11.0745 -11.5746 -12.0747 -12.5748
  0.0000  -1.3537  -1.3538  -1.3538  -1.3538  -1.3538  -1.3540  -1.3543  -1.3552
 -1.3574  -1.3630  -1.3770  -1.4116  -1.4958  -1.6903  -2.0784  -2.6321  -3.2019
 -3.7969  -4.5112  -5.0293  -5.5418  -6.0522  -6.5598  -7.0649  -7.5684  -8.0707
 -8.5722  -9.0731  -9.5737 -10.0741 -10.5743 -11.0744 -11.5745 -12.0746 -12.5747
  0.0000  -1.3969  -1.3969  -1.3969  -1.3969  -1.3970  -1.3971  -1.3974  -1.3980
 -1.3997  -1.4040  -1.4146  -1.4412  -1.5067  -1.6639  -2.0096  -2.5901  -3.2012
 -3.7995  -4.5096  -5.0232  -5.5327  -6.0437  -6.5531  -7.0602  -7.5652  -8.0686
 -8.5708  -9.0722  -9.5731 -10.0737 -10.5741 -11.0743 -11.5744 -12.0745 -12.5747
  0.0000  -1.4660  -1.4660  -1.4660  -1.4660  -1.4660  -1.4661  -1.4663  -1.4667
 -1.4679  -1.4707  -1.4779  -1.4959  -1.5409  -1.6515  -1.9136  -2.4560  -3.1694
 -3.8009  -4.5151  -5.0246  -5.5261  -6.0347  -6.5448  -7.0539  -7.5607  -8.0654
 -8.5687  -9.0709  -9.5723 -10.0732 -10.5737 -11.0741 -11.5743 -12.0745 -12.5750
-10.0000  -1.2435  -1.2436  -1.2436  -1.2437  -1.2439  -1.2445  -1.2458  -1.2488
 -1.2544  -1.2648  -1.2895  -1.3510  -1.4933  -1.7821  -2.2350  -2.7547  -3.2796
 -3.8441  -4.5402  -5.0286  -5.5285  -6.0357  -6.5453  -7.0542  -7.5610  -8.0656
 -8.5689  -9.0711  -9.5725 -10.0734 -10.5739 -11.0743 -11.5745 -12.0747 -12.5752
-10.0000  -1.2462  -1.2462  -1.2463  -1.2463  -1.2465  -1.2468  -1.2478  -1.2500
 -1.2550  -1.2658  -1.2906  -1.3514  -1.4927  -1.7803  -2.2333  -2.7538  -3.2792
 -3.8438  -4.5400  -5.0285  -5.5284  -6.0356  -6.5452  -7.0541  -7.5609  -8.0655
 -8.5688  -9.0710  -9.5724 -10.0733 -10.5738 -11.0742 -11.5744 -12.0746 -12.5751
-10.0000  -1.2502  -1.2502  -1.2502  -1.2503  -1.2504  -1.2507  -1.2514  -1.2532
 -1.2577  -1.2681  -1.2929  -1.3527  -1.4918  -1.7771  -2.2301  -2.7524  -3.2787
 -3.8437  -4.5400  -5.0286  -5.5285  -6.0357  -6.5453  -7.0542  -7.5610  -8.0656
 -8.5689  -9.0711  -9.5725 -10.0734 -10.5739 -11.0743 -11.5745 -12.0747 -12.5752
-10.0000  -1.2566  -1.2566  -1.2566  -1.2567  -1.2568  -1.2570  -1.2577  -1.2593
 -1.2632  -1.2731  -1.2971  -1.3550  -1.4900  -1.7706  -2.2236  -2.7494  -3.2775
 -3.8431  -4.5396  -5.0285  -5.5284  -6.0357  -6.5453  -7.0542  -7.5610  -8.0656
 -8.5689  -9.0711  -9.5725 -10.0734 -10.5739 -11.0743 -11.5745 -12.0747 -12.5752
-10.0000  -1.2679  -1.2679  -1.2679  -1.2679  -1.2680  -1.2683  -1.2688  -1.2703
 -1.2739  -1.2829  -1.3052  -1.3595  -1.4871  -1.7582  -2.2104  -2.7431  -3.2751
 -3.8419  -4.5389  -5.0283  -5.5283  -6.0356  -6.5452  -7.0541  -7.5609  -8.0655
 -8.5688  -9.0710  -9.5724 -10.0733 -10.5738 -11.0742 -11.5744 -12.0746 -12.5751
-10.0000  -1.2882  -1.2882  -1.2882  -1.2882  -1.2883  -1.2885  -1.2890  -1.2902
 -1.2934  -1.3013  -1.3209  -1.3691  -1.4842  -1.7368  -2.1840  -2.7305  -3.2704
 -3.8398  -4.5377  -5.0282  -5.5283  -6.0356  -6.5453  -7.0542  -7.5610  -8.0656
 -8.5689  -9.0711  -9.5725 -10.0734 -10.5739 -11.0743 -11.5745 -12.0747 -12.5752
-10.0000  -1.3219  -1.3219  -1.3219  -1.3219  -1.3220  -1.3221  -1.3226  -1.3236
 -1.3261  -1.3325  -1.3485  -1.3882  -1.4843  -1.7046  -2.1321  -2.7031  -3.2603
 -3.8351  -4.5348  -5.0276  -5.5278  -6.0353  -6.5450  -7.0540  -7.5608  -8.0654
 -8.5687  -9.0709  -9.5723 -10.0732 -10.5737 -11.0741 -11.5743 -12.0745 -12.5750
 -1.0000  -1.3086  -1.3086  -1.3086  -1.3086  -1.3087  -1.3089  -1.3092  -1.3102
 -1.3125  -1.3184  -1.3333  -1.3709  -1.4659  -1.6924  -2.1509  -2.8517  -3.4778
 -4.0300  -4.5504  -5.0611  -5.5671  -6.0705  -6.5725  -7.0736  -7.5743  -8.0747
 -8.5750  -9.0751  -9.5752 -10.0753 -10.5753 -11.0753 -11.5754 -12.0755 -12.5755
  0.0000  -1.3089  -1.3089  -1.3089  -1.3089  -1.3090  -1.3091  -1.3095  -1.3104
 -1.3128  -1.3187  -1.3335  -1.3711  -1.4661  -1.6923  -2.1507  -2.8515  -3.4778
 -4.0300  -4.5505  -5.0612  -5.5672  -6.0706  -6.5726  -7.0737  -7.5744  -8.0748
 -8.5751  -9.0752  -9.5753 -10.0754 -10.5754 -11.0754 -11.5755 -12.0756 -12.5756
  1.0000  -1.3092  -1.3092  -1.3092  -1.3092  -1.3093  -1.3094  -1.3098  -1.3107
 -1.3131  -1.3189  -1.3338  -1.3713  -1.4660  -1.6919  -2.1498  -2.8508  -3.4776
 -4.0299  -4.5504  -5.0611  -5.5671  -6.0705  -6.5725  -7.0736  -7.5743  -8.0747
 -8.5750  -9.0751  -9.5752 -10.0753 -10.5753 -11.0753 -11.5754 -12.0755 -12.5755
  2.0000  -1.3099  -1.3099  -1.3099  -1.3100  -1.3100  -1.3102  -1.3105  -1.3115
 -1.3138  -1.3197  -1.3345  -1.3718  -1.4662  -1.6911  -2.1484  -2.8496  -3.4773
 -4.0298  -4.5503  -5.0611  -5.5671  -6.0705  -6.5725  -7.0736  -7.5743  -8.0747
 -8.5750  -9.0751  -9.5752 -10.0753 -10.5753 -11.0753 -11.5754 -12.0755 -12.5755
  3.0000  -1.3114  -1.3114  -1.3114  -1.3115  -1.3115  -1.3117  -1.3120  -1.3130
 -1.3153  -1.3211  -1.3358  -1.3729  -1.4665  -1.6897  -2.1454  -2.8473  -3.4766
 -4.0296  -4.5502  -5.0610  -5.5671  -6.0705  -6.5725  -7.0736  -7.5743  -8.0747
 -8.5750  -9.0751  -9.5752 -10.0753 -10.5753 -11.0753 -11.5754 -12.0755 -12.5755
  4.0000  -1.3144  -1.3144  -1.3144  -1.3144  -1.3145  -1.3146  -1.3150  -1.3159
 -1.3182  -1.3240  -1.3385  -1.3751  -1.4672  -1.6870  -2.1395  -2.8425  -3.4754
 -4.0291  -4.5501  -5.0610  -5.5671  -6.0705  -6.5725  -7.0736  -7.5743  -8.0747
 -8.5750  -9.0751  -9.5752 -10.0753 -10.5753 -11.0753 -11.5754 -12.0755 -12.5755
  5.0000  -1.3204  -1.3204  -1.3204  -1.3204  -1.3204  -1.3206  -1.3209  -1.3218
 -1.3241  -1.3297  -1.3439  -1.3795  -1.4687  -1.6820  -2.1281  -2.8329  -3.4729
 -4.0284  -4.5499  -5.0610  -5.5671  -6.0706  -6.5726  -7.0737  -7.5744  -8.0748
 -8.5751  -9.0752  -9.5753 -10.0754 -10.5754 -11.0754 -11.5755 -12.0756 -12.5756
  0.0000  -1.2332  -1.2332  -1.2332  -1.2333  -1.2333  -1.2335  -1.2339  -1.2353
 -1.2387  -1.2469  -1.2676  -1.3207  -1.4553  -1.7739  -2.3497  -2.9483  -3.5039
 -4.0327  -4.5496  -5.0594  -5.5653  -6.0690  -6.5711  -7.0724  -7.5731  -8.0736
 -8.5739  -9.0741  -9.5742 -10.0743 -10.5743 -11.0743 -11.5744 -12.0745 -12.5745
  0.0000  -1.2603  -1.2603  -1.2603  -1.2604  -1.2604  -1.2606  -1.2610  -1.2620
 -1.2646  -1.2712  -1.2880  -1.3316  -1.4459  -1.7363  -2.3253  -2.9472  -3.5092
 -4.0385  -4.5542  -5.0628  -5.5679  -6.0707  -6.5724  -7.0733  -7.5739  -8.0742
 -8.5744  -9.0746  -9.5747 -10.0747 -10.5747 -11.0748 -11.5748 -12.0748 -12.5750
  0.0000  -1.2613  -1.2613  -1.2613  -1.2613  -1.2614  -1.2616  -1.2620  -1.2630
 -1.2657  -1.2725  -1.2895  -1.3334  -1.4467  -1.7329  -2.3218  -2.9455  -3.5082
 -4.0380  -4.5539  -5.0626  -5.5678  -6.0706  -6.5723  -7.0733  -7.5739  -8.0742
 -8.5744  -9.0746  -9.5747 -10.0747 -10.5747 -11.0748 -11.5748 -12.0748 -12.5750
  0.0000  -1.2517  -1.2517  -1.2517  -1.2517  -1.2518  -1.2520  -1.2524  -1.2536
 -1.2566  -1.2641  -1.2828  -1.3306  -1.4508  -1.7451  -2.3275  -2.9432  -3.5045
 -4.0348  -4.5516  -5.0610  -5.5666  -6.0699  -6.5718  -7.0729  -7.5736  -8.0740
 -8.5743  -9.0744  -9.5745 -10.0746 -10.5746 -11.0746 -11.5747 -12.0748 -12.5748
  0.0000  -1.2352  -1.2352  -1.2352  -1.2353  -1.2354  -1.2356  -1.2361  -1.2374
 -1.2408  -1.2493  -1.2705  -1.3238  -1.4562  -1.7694  -2.3434  -2.9427  -3.4992
 -4.0292  -4.5472  -5.0580  -5.5643  -6.0683  -6.5707  -7.0722  -7.5731  -8.0736
 -8.5739  -9.0741  -9.5743 -10.0744 -10.5744 -11.0744 -11.5745 -12.0746 -12.5745
  0.0000  -1.2154  -1.2155  -1.2155  -1.2155  -1.2156  -1.2158  -1.2164  -1.2180
 -1.2217  -1.2312  -1.2551  -1.3145  -1.4618  -1.8028  -2.3705  -2.9476  -3.4946
 -4.0225  -4.5411  -5.0535  -5.5612  -6.0661  -6.5693  -7.0712  -7.5724  -8.0731
 -8.5736  -9.0739  -9.5741 -10.0742 -10.5743 -11.0743 -11.5743 -12.0743 -12.5743
  0.0000  -1.1964  -1.1964  -1.1964  -1.1965  -1.1966  -1.1968  -1.1975  -1.1991
 -1.2032  -1.2136  -1.2396  -1.3042  -1.4659  -1.8384  -2.4056  -2.9605  -3.4937
 -4.0162  -4.5341  -5.0474  -5.5568  -6.0630  -6.5670  -7.0697  -7.5713  -8.0723
 -8.5730  -9.0734  -9.5737 -10.0738 -10.5739 -11.0740 -11.5740 -12.0740 -12.5742
 -1.0000  -1.2214  -1.2214  -1.2214  -1.2214  -1.2214  -1.2215  -1.2217  -1.2221
 -1.2234  -1.2271  -1.2390  -1.2825  -1.4423  -1.8541  -2.4240  -2.9826  -3.5206
 -4.0437  -4.5573  -5.0652  -5.5701  -6.0729  -6.5745  -7.0755  -7.5761  -8.0765
 -8.5767  -9.0769  -9.5769 -10.0770 -10.5770 -11.0771 -11.5771 -12.0771 -12.5773
  0.0000  -1.2214  -1.2214  -1.2214  -1.2214  -1.2214  -1.2215  -1.2217  -1.2221
 -1.2234  -1.2271  -1.2390  -1.2825  -1.4423  -1.8540  -2.4240  -2.9826  -3.5206
 -4.0437  -4.5573  -5.0652  -5.5701  -6.0729  -6.5745  -7.0755  -7.5761  -8.0765
 -8.5767  -9.0769  -9.5769 -10.0770 -10.5770 -11.0771 -11.5771 -12.0771 -12.5773
  0.0000  -1.2543  -1.2543  -1.2543  -1.2543  -1.2543  -1.2543  -1.2541  -1.2538
 -1.2531  -1.2523  -1.2546  -1.2811  -1.4188  -1.8299  -2.4189  -2.9854  -3.5249
 -4.0474  -4.5600  -5.0673  -5.5714  -6.0738  -6.5751  -7.0760  -7.5764  -8.0767
 -8.5769  -9.0770  -9.5771 -10.0771 -10.5771 -11.0772 -11.5772 -12.0772 -12.5774
  0.0000  -1.2471  -1.2471  -1.2471  -1.2471  -1.2471  -1.2471  -1.2471  -1.2469
 -1.2468  -1.2472  -1.2519  -1.2819  -1.4234  -1.8339  -2.4194  -2.9846  -3.5241
 -4.0467  -4.5596  -5.0670  -5.5713  -6.0737  -6.5751  -7.0760  -7.5765  -8.0768
 -8.5770  -9.0771  -9.5772 -10.0772 -10.5772 -11.0773 -11.5773 -12.0773 -12.5775
  0.0000  -1.2191  -1.2191  -1.2191  -1.2192  -1.2192  -1.2193  -1.2195  -1.2202
 -1.2218  -1.2261  -1.2395  -1.2842  -1.4433  -1.8530  -2.4231  -2.9822  -3.5205
 -4.0437  -4.5574  -5.0654  -5.5703  -6.0731  -6.5748  -7.0758  -7.5764  -8.0768
 -8.5770  -9.0772  -9.5772 -10.0773 -10.5773 -11.0774 -11.5774 -12.0774 -12.5776
  0.0000  -1.1808  -1.1808  -1.1809  -1.1809  -1.1810  -1.1812  -1.1818  -1.1834
 -1.1872  -1.1967  -1.2214  -1.2872  -1.4729  -1.8837  -2.4320  -2.9801  -3.5154
 -4.0388  -4.5537  -5.0629  -5.5684  -6.0720  -6.5741  -7.0754  -7.5761  -8.0766
 -8.5769  -9.0771  -9.5772 -10.0773 -10.5773 -11.0773 -11.5774 -12.0775 -12.5775
  0.0000  -1.1420  -1.1420  -1.1420  -1.1421  -1.1422  -1.1426  -1.1435  -1.1458
 -1.1516  -1.1661  -1.2019  -1.2906  -1.5070  -1.9220  -2.4481  -2.9815  -3.5108
 -4.0332  -4.5491  -5.0596  -5.5663  -6.0705  -6.5732  -7.0749  -7.5759  -8.0765
 -8.5769  -9.0772  -9.5773 -10.0774 -10.5775 -11.0775 -11.5775 -12.0775 -12.5775
 -1.0000  -1.1111  -1.1111  -1.1111  -1.1112  -1.1112  -1.1113  -1.1117  -1.1126
 -1.1154  -1.1247  -1.1597  -1.2769  -1.5570  -1.9997  -2.4962  -3.0082  -3.5230
 -4.0373  -4.5498  -5.0598  -5.5670  -6.0720  -6.5753  -7.0774  -7.5788  -8.0797
 -8.5802  -9.0805  -9.5807 -10.0809 -10.5809 -11.0810 -11.5810 -12.0810 -12.5812
  0.0000  -1.1111  -1.1111  -1.1111  -1.1112  -1.1112  -1.1113  -1.1117  -1.1126
 -1.1154  -1.1247  -1.1597  -1.2769  -1.5570  -1.9997  -2.4962  -3.0082  -3.5230
 -4.0373  -4.5498  -5.0598  -5.5670  -6.0720  -6.5753  -7.0774  -7.5788  -8.0797
 -8.5802  -9.0805  -9.5807 -10.0809 -10.5809 -11.0810 -11.5810 -12.0810 -12.5812
  0.0000  -1.2864  -1.2864  -1.2864  -1.2863  -1.2860  -1.2852  -1.2834  -1.2791
 -1.2690  -1.2488  -1.2227  -1.2361  -1.4236  -1.8878  -2.4453  -2.9976  -3.5317
 -4.0522  -4.5640  -5.0709  -5.5750  -6.0773  -6.5787  -7.0795  -7.5799  -8.0802
 -8.5804  -9.0805  -9.5806 -10.0806 -10.5806 -11.0807 -11.5807 -12.0807 -12.5809
  0.0000  -1.3196  -1.3196  -1.3196  -1.3194  -1.3191  -1.3181  -1.3159  -1.3104
 -1.2976  -1.2713  -1.2335  -1.2290  -1.4031  -1.8769  -2.4445  -3.0000  -3.5343
 -4.0542  -4.5653  -5.0719  -5.5755  -6.0776  -6.5788  -7.0795  -7.5800  -8.0802
 -8.5804  -9.0804  -9.5805 -10.0805 -10.5806 -11.0806 -11.5806 -12.0806 -12.5805
  0.0000  -1.3007  -1.3007  -1.3007  -1.3005  -1.3002  -1.2994  -1.2974  -1.2926
 -1.2813  -1.2587  -1.2274  -1.2331  -1.4147  -1.8829  -2.4449  -2.9988  -3.5330
 -4.0532  -4.5647  -5.0715  -5.5754  -6.0776  -6.5789  -7.0796  -7.5801  -8.0804
 -8.5805  -9.0806  -9.5807 -10.0807 -10.5807 -11.0808 -11.5808 -12.0808 -12.5810
  0.0000  -1.2581  -1.2581  -1.2580  -1.2579  -1.2577  -1.2572  -1.2558  -1.2524
 -1.2447  -1.2298  -1.2138  -1.2426  -1.4410  -1.8976  -2.4465  -2.9956  -3.5293
 -4.0502  -4.5626  -5.0699  -5.5744  -6.0769  -6.5784  -7.0793  -7.5798  -8.0802
 -8.5804  -9.0805  -9.5806 -10.0806 -10.5806 -11.0807 -11.5807 -12.0807 -12.5809
  0.0000  -1.2101  -1.2101  -1.2101  -1.2101  -1.2100  -1.2097  -1.2090  -1.2072
 -1.2034  -1.1974  -1.1988  -1.2552  -1.4742  -1.9193  -2.4514  -2.9933  -3.5254
 -4.0468  -4.5602  -5.0684  -5.5734  -6.0764  -6.5783  -7.0794  -7.5800  -8.0804
 -8.5807  -9.0808  -9.5809 -10.0810 -10.5810 -11.0810 -11.5811 -12.0812 -12.5812
-11.0000  -1.2102  -1.2101  -1.2103  -1.2103  -1.2101  -1.2098  -1.2091  -1.2073
 -1.2034  -1.1971  -1.1983  -1.2547  -1.4744  -1.9198  -2.4516  -2.9933  -3.5253
 -4.0467  -4.5601  -5.0683  -5.5733  -6.0763  -6.5782  -7.0793  -7.5799  -8.0803
 -8.5806  -9.0807  -9.5808 -10.0809 -10.5809 -11.0809 -11.5810 -12.0811 -12.5811
-10.0000  -1.2102  -1.2101  -1.2103  -1.2103  -1.2101  -1.2098  -1.2091  -1.2073
 -1.2034  -1.1971  -1.1983  -1.2547  -1.4744  -1.9198  -2.4516  -2.9933  -3.5253
 -4.0467  -4.5601  -5.0683  -5.5733  -6.0763  -6.5782  -7.0793  -7.5799  -8.0803
 -8.5806  -9.0807  -9.5808 -10.0809 -10.5809 -11.0809 -11.5810 -12.0811 -12.5811
-10.0000  -1.2102  -1.2102  -1.2102  -1.2103  -1.2101  -1.2098  -1.2091  -1.2073
 -1.2034  -1.1971  -1.1983  -1.2547  -1.4744  -1.9198  -2.4516  -2.9933  -3.5253
 -4.0467  -4.5601  -5.0683  -5.5733  -6.0763  -6.5782  -7.0793  -7.5799  -8.0803
 -8.5806  -9.0807  -9.5808 -10.0809 -10.5809 -11.0809 -11.5810 -12.0811 -12.5811
-10.0000  -1.2104  -1.2104  -1.2104  -1.2105  -1.2103  -1.2100  -1.2093  -1.2075
 -1.2036  -1.1973  -1.1985  -1.2549  -1.4746  -1.9200  -2.4518  -2.9935  -3.5255
 -4.0469  -4.5603  -5.0685  -5.5735  -6.0765  -6.5784  -7.0795  -7.5801  -8.0805
 -8.5808  -9.0809  -9.5810 -10.0811 -10.5811 -11.0811 -11.5812 -12.0813 -12.5813
-10.0000  -1.2104  -1.2104  -1.2104  -1.2104  -1.2103  -1.2100  -1.2093  -1.2075
 -1.2036  -1.1973  -1.1985  -1.2549  -1.4746  -1.9200  -2.4518  -2.9935  -3.5255
 -4.0469  -4.5603  -5.0685  -5.5735  -6.0765  -6.5784  -7.0795  -7.5801  -8.0805
 -8.5808  -9.0809  -9.5810 -10.0811 -10.5811 -11.0811 -11.5812 -12.0813 -12.5813
-10.0000  -1.2104  -1.2104  -1.2104  -1.2104  -1.2103  -1.2100  -1.2093  -1.2075
 -1.2036  -1.1973  -1.1985  -1.2549  -1.4746  -1.9199  -2.4518  -2.9935  -3.5255
 -4.0469  -4.5603  -5.0685  -5.5735  -6.0765  -6.5784  -7.0795  -7.5801  -8.0805
 -8.5808  -9.0809  -9.5810 -10.0811 -10.5811 -11.0811 -11.5812 -12.0813 -12.5813
-10.0000  -1.2103  -1.2103  -1.2103  -1.2103  -1.2102  -1.2099  -1.2091  -1.2074
 -1.2035  -1.1972  -1.1985  -1.2549  -1.4744  -1.9198  -2.4516  -2.9934  -3.5254
 -4.0468  -4.5602  -5.0684  -5.5734  -6.0764  -6.5783  -7.0794  -7.5800  -8.0804
 -8.5807  -9.0808  -9.5809 -10.0810 -10.5810 -11.0810 -11.5811 -12.0812 -12.5812
-21.0000  -1.2104  -1.2101  -1.2104  -1.2104  -1.2102  -1.2099  -1.2092  -1.2074
 -1.2035  -1.1972  -1.1984  -1.2548  -1.4745  -1.9199  -2.4517  -2.9934  -3.5254
 -4.0468  -4.5602  -5.0684  -5.5734  -6.0764  -6.5783  -7.0794  -7.5800  -8.0804
 -8.5807  -9.0808  -9.5809 -10.0810 -10.5810 -11.0810 -11.5811 -12.0812 -12.5812
-20.0000  -1.2103  -1.2102  -1.2104  -1.2104  -1.2102  -1.2099  -1.2092  -1.2074
 -1.2035  -1.1972  -1.1984  -1.2548  -1.4745  -1.9199  -2.4517  -2.9934  -3.5254
 -4.0468  -4.5602  -5.0684  -5.5734  -6.0764  -6.5783  -7.0794  -7.5800  -8.0804
 -8.5807  -9.0808  -9.5809 -10.0810 -10.5810 -11.0810 -11.5811 -12.0812 -12.5812
-20.0000  -1.2103  -1.2102  -1.2104  -1.2104  -1.2102  -1.2099  -1.2092  -1.2074
 -1.2035  -1.1972  -1.1984  -1.2548  -1.4745  -1.9199  -2.4517  -2.9934  -3.5254
 -4.0468  -4.5602  -5.0684  -5.5734  -6.0764  -6.5783  -7.0794  -7.5800  -8.0804
 -8.5807  -9.0808  -9.5809 -10.0810 -10.5810 -11.0810 -11.5811 -12.0812 -12.5812
-20.0000  -1.2103  -1.2102  -1.2104  -1.2104  -1.2102  -1.2099  -1.2092  -1.2074
 -1.2035  -1.1972  -1.1984  -1.2548  -1.4745  -1.9199  -2.4517  -2.9934  -3.5254
 -4.0468  -4.5602  -5.0684  -5.5734  -6.0764  -6.5783  -7.0794  -7.5800  -8.0804
 -8.5807  -9.0808  -9.5809 -10.0810 -10.5810 -11.0810 -11.5811 -12.0812 -12.5812
-20.0000  -1.2104  -1.2104  -1.2104  -1.2105  -1.2103  -1.2100  -1.2093  -1.2075
 -1.2036  -1.1973  -1.1985  -1.2549  -1.4746  -1.9200  -2.4518  -2.9935  -3.5255
 -4.0469  -4.5603  -5.0685  -5.5735  -6.0765  -6.5784  -7.0795  -7.5801  -8.0805
 -8.5808  -9.0809  -9.5810 -10.0811 -10.5811 -11.0811 -11.5812 -12.0813 -12.5813
-20.0000  -1.2102  -1.2102  -1.2102  -1.2103  -1.2101  -1.2098  -1.2091  -1.2073
 -1.2034  -1.1971  -1.1983  -1.2547  -1.4744  -1.9198  -2.4516  -2.9933  -3.5253
 -4.0467  -4.5601  -5.0683  -5.5733  -6.0763  -6.5782  -7.0793  -7.5799  -8.0803
 -8.5806  -9.0807  -9.5808 -10.0809 -10.5809 -11.0809 -11.5810 -12.0811 -12.5811
-20.0000  -1.2103  -1.2103  -1.2103  -1.2103  -1.2102  -1.2099  -1.2092  -1.2074
 -1.2035  -1.1972  -1.1984  -1.2548  -1.4745  -1.9199  -2.4517  -2.9934  -3.5254
 -4.0468  -4.5602  -5.0684  -5.5734  -6.0764  -6.5783  -7.0794  -7.5800  -8.0804
 -8.5807  -9.0808  -9.5809 -10.0810 -10.5810 -11.0810 -11.5811 -12.0812 -12.5812
-31.0000  -1.2105  -1.2102  -1.2105  -1.2105  -1.2103  -1.2100  -1.2093  -1.2075
 -1.2036  -1.1973  -1.1985  -1.2549  -1.4746  -1.9200  -2.4518  -2.9935  -3.5255
 -4.0469  -4.5603  -5.0685  -5.5735  -6.0765  -6.5784  -7.0795  -7.5801  -8.0805
 -8.5808  -9.0809  -9.5810 -10.0811 -10.5811 -11.0811 -11.5812 -12.0813 -12.5813
-30.0000  -1.2105  -1.2102  -1.2105  -1.2105  -1.2103  -1.2100  -1.2093  -1.2075
 -1.2036  -1.1973  -1.1985  -1.2549  -1.4746  -1.9200  -2.4518  -2.9935  -3.5255
 -4.0469  -4.5603  -5.0685  -5.5735  -6.0765  -6.5784  -7.0795  -7.5801  -8.0805
 -8.5808  -9.0809  -9.5810 -10.0811 -10.5811 -11.0811 -11.5812 -12.0813 -12.5813
-30.0000  -1.2105  -1.2102  -1.2105  -1.2105  -1.2103  -1.2100  -1.2093  -1.2075
 -1.2036  -1.1973  -1.1985  -1.2549  -1.4746  -1.9200  -2.4518  -2.9935  -3.5255
 -4.0469  -4.5603  -5.0685  -5.5735  -6.0765  -6.5784  -7.0795  -7.5801  -8.0805
 -8.5808  -9.0809  -9.5810 -10.0811 -10.5811 -11.0811 -11.5812 -12.0813 -12.5813
-30.0000  -1.2104  -1.2103  -1.2105  -1.2105  -1.2103  -1.2100  -1.2093  -1.2075
 -1.2036  -1.1973  -1.1985  -1.2549  -1.4746  -1.9200  -2.4518  -2.9935  -3.5255
 -4.0469  -4.5603  -5.0685  -5.5735  -6.0765  -6.5784  -7.0795  -7.5801  -8.0805
 -8.5808  -9.0809  -9.5810 -10.0811 -10.5811 -11.0811 -11.5812 -12.0813 -12.5813
-30.0000  -1.2104  -1.2103  -1.2105  -1.2105  -1.2103  -1.2100  -1.2093  -1.2075
 -1.2036  -1.1973  -1.1985  -1.2549  -1.4746  -1.9200  -2.4518  -2.9935  -3.5255
 -4.0469  -4.5603  -5.0685  -5.5735  -6.0765  -6.5784  -7.0795  -7.5801  -8.0805
 -8.5808  -9.0809  -9.5810 -10.0811 -10.5811 -11.0811 -11.5812 -12.0813 -12.5813
-30.0000  -1.2102  -1.2101  -1.2103  -1.2103  -1.2101  -1.2098  -1.2091  -1.2073
 -1.2034  -1.1971  -1.1983  -1.2547  -1.4744  -1.9198  -2.4516  -2.9933  -3.5253
 -4.0467  -4.5601  -5.0683  -5.5733  -6.0763  -6.5782  -7.0793  -7.5799  -8.0803
 -8.5806  -9.0807  -9.5808 -10.0809 -10.5809 -11.0809 -11.5810 -12.0811 -12.5811
-30.0000  -1.2104  -1.2104  -1.2104  -1.2105  -1.2103  -1.2100  -1.2093  -1.2075
 -1.2036  -1.1973  -1.1985  -1.2549  -1.4746  -1.9200  -2.4518  -2.9935  -3.5255
 -4.0469  -4.5603  -5.0685  -5.5735  -6.0765  -6.5784  -7.0795  -7.5801  -8.0805
 -8.5808  -9.0809  -9.5810 -10.0811 -10.5811 -11.0811 -11.5812 -12.0813 -12.5813
-41.0000  -1.2104  -1.2101  -1.2104  -1.2104  -1.2102  -1.2099  -1.2092  -1.2074
 -1.2035  -1.1972  -1.1984  -1.2548  -1.4745  -1.9199  -2.4517  -2.9934  -3.5254
 -4.0468  -4.5602  -5.0684  -5.5734  -6.0764  -6.5783  -7.0794  -7.5800  -8.0804
 -8.5807  -9.0808  -9.5809 -10.0810 -10.5810 -11.0810 -11.5811 -12.0812 -12.5812
-40.0000  -1.2104  -1.2101  -1.2104  -1.2104  -1.2102  -1.2099  -1.2092  -1.2074
 -1.2035  -1.1972  -1.1984  -1.2548  -1.4745  -1.9199  -2.4517  -2.9934  -3.5254
 -4.0468  -4.5602  -5.0684  -5.5734  -6.0764  -6.5783  -7.0794  -7.5800  -8.0804
 -8.5807  -9.0808  -9.5809 -10.0810 -10.5810 -11.0810 -11.5811 -12.0812 -12.5812
-40.0000  -1.2104  -1.2101  -1.2104  -1.2104  -1.2102  -1.2099  -1.2092  -1.2074
 -1.2035  -1.1972  -1.1984  -1.2548  -1.4745  -1.9199  -2.4517  -2.9934  -3.5254
 -4.0468  -4.5602  -5.0684  -5.5734  -6.0764  -6.5783  -7.0794  -7.5800  -8.0804
 -8.5807  -9.0808  -9.5809 -10.0810 -10.5810 -11.0810 -11.5811 -12.0812 -12.5812
-40.0000  -1.2104  -1.2101  -1.2104  -1.2104  -1.2102  -1.2099  -1.2092  -1.2074
 -1.2035  -1.1972  -1.1984  -1.2548  -1.4745  -1.9199  -2.4517  -2.9934  -3.5254
 -4.0468  -4.5602  -5.0684  -5.5734  -6.0764  -6.5783  -7.0794  -7.5800  -8.0804
 -8.5807  -9.0808  -9.5809 -10.0810 -10.5810 -11.0810 -11.5811 -12.0812 -12.5812
-40.0000  -1.2104  -1.2101  -1.2104  -1.2104  -1.2102  -1.2099  -1.2092  -1.2074
 -1.2035  -1.1972  -1.1984  -1.2548  -1.4745  -1.9199  -2.4517  -2.9934  -3.5254
 -4.0468  -4.5602  -5.0684  -5.5734  -6.0764  -6.5783  -7.0794  -7.5800  -8.0804
 -8.5807  -9.0808  -9.5809 -10.0810 -10.5810 -11.0810 -11.5811 -12.0812 -12.5812
-40.0000  -1.2105  -1.2102  -1.2105  -1.2105  -1.2103  -1.2100  -1.2093  -1.2075
 -1.2036  -1.1973  -1.1985  -1.2549  -1.4746  -1.9200  -2.4518  -2.9935  -3.5255
 -4.0469  -4.5603  -5.0685  -5.5735  -6.0765  -6.5784  -7.0795  -7.5801  -8.0805
 -8.5808  -9.0809  -9.5810 -10.0811 -10.5811 -11.0811 -11.5812 -12.0813 -12.5813
-40.0000  -1.2103  -1.2102  -1.2104  -1.2104  -1.2102  -1.2099  -1.2092  -1.2074
 -1.2035  -1.1972  -1.1984  -1.2548  -1.4745  -1.9199  -2.4517  -2.9934  -3.5254
 -4.0468  -4.5602  -5.0684  -5.5734  -6.0764  -6.5783  -7.0794  -7.5800  -8.0804
 -8.5807  -9.0808  -9.5809 -10.0810 -10.5810 -11.0810 -11.5811 -12.0812 -12.5812
-51.0000  -1.2104  -1.2101  -1.2104  -1.2104  -1.2102  -1.2099  -1.2092  -1.2074
 -1.2035  -1.1972  -1.1984  -1.2548  -1.4745  -1.9199  -2.4517  -2.9934  -3.5254
 -4.0468  -4.5602  -5.0684  -5.5734  -6.0764  -6.5783  -7.0794  -7.5800  -8.0804
 -8.5807  -9.0808  -9.5809 -10.0810 -10.5810 -11.0810 -11.5811 -12.0812 -12.5812
-50.0000  -1.2104  -1.2101  -1.2104  -1.2104  -1.2102  -1.2099  -1.2092  -1.2074
 -1.2035  -1.1972  -1.1984  -1.2548  -1.4745  -1.9199  -2.4517  -2.9934  -3.5254
 -4.0468  -4.5602  -5.0684  -5.5734  -6.0764  -6.5783  -7.0794  -7.5800  -8.0804
 -8.5807  -9.0808  -9.5809 -10.0810 -10.5810 -11.0810 -11.5811 -12.0812 -12.5812
-50.0000  -1.2104  -1.2101  -1.2104  -1.2104  -1.2102  -1.2099  -1.2092  -1.2074
 -1.2035  -1.1972  -1.1984  -1.2548  -1.4745  -1.9199  -2.4517  -2.9934  -3.5254
 -4.0468  -4.5602  -5.0684  -5.5734  -6.0764  -6.5783  -7.0794  -7.5800  -8.0804
 -8.5807  -9.0808  -9.5809 -10.0810 -10.5810 -11.0810 -11.5811 -12.0812 -12.5812
-50.0000  -1.2104  -1.2101  -1.2104  -1.2104  -1.2102  -1.2099  -1.2092  -1.2074
 -1.2035  -1.1972  -1.1984  -1.2548  -1.4745  -1.9199  -2.4517  -2.9934  -3.5254
 -4.0468  -4.5602  -5.0684  -5.5734  -6.0764  -6.5783  -7.0794  -7.5800  -8.0804
 -8.5807  -9.0808  -9.5809 -10.0810 -10.5810 -11.0810 -11.5811 -12.0812 -12.5812
-50.0000  -1.2104  -1.2101  -1.2104  -1.2104  -1.2102  -1.2099  -1.2092  -1.2074
 -1.2035  -1.1972  -1.1984  -1.2548  -1.4745  -1.9199  -2.4517  -2.9934  -3.5254
 -4.0468  -4.5602  -5.0684  -5.5734  -6.0764  -6.5783  -7.0794  -7.5800  -8.0804
 -8.5807  -9.0808  -9.5809 -10.0810 -10.5810 -11.0810 -11.5811 -12.0812 -12.5812
-50.0000  -1.2104  -1.2101  -1.2104  -1.2104  -1.2102  -1.2099  -1.2092  -1.2074
 -1.2035  -1.1972  -1.1984  -1.2548  -1.4745  -1.9199  -2.4517  -2.9934  -3.5254
 -4.0468  -4.5602  -5.0684  -5.5734  -6.0764  -6.5783  -7.0794  -7.5800  -8.0804
 -8.5807  -9.0808  -9.5809 -10.0810 -10.5810 -11.0810 -11.5811 -12.0812 -12.5812
-50.0000  -1.2105  -1.2102  -1.2105  -1.2105  -1.2103  -1.2100  -1.2093  -1.2075
 -1.2036  -1.1973  -1.1985  -1.2549  -1.4746  -1.9200  -2.4518  -2.9935  -3.5255
 -4.0469  -4.5603  -5.0685  -5.5735  -6.0765  -6.5784  -7.0795  -7.5801  -8.0805
 -8.5808  -9.0809  -9.5810 -10.0811 -10.5811 -11.0811 -11.5812 -12.0813 -12.5813
-61.0000  -1.2104  -1.2101  -1.2104  -1.2104  -1.2102  -1.2099  -1.2092  -1.2074
 -1.2035  -1.1972  -1.1984  -1.2548  -1.4745  -1.9199  -2.4517  -2.9934  -3.5254
 -4.0468  -4.5602  -5.0684  -5.5734  -6.0764  -6.5783  -7.0794  -7.5800  -8.0804
 -8.5807  -9.0808  -9.5809 -10.0810 -10.5810 -11.0810 -11.5811 -12.0812 -12.5812
-60.0000  -1.2104  -1.2101  -1.2104  -1.2104  -1.2102  -1.2099  -1.2092  -1.2074
 -1.2035  -1.1972  -1.1984  -1.2548  -1.4745  -1.9199  -2.4517  -2.9934  -3.5254
 -4.0468  -4.5602  -5.0684  -5.5734  -6.0764  -6.5783  -7.0794  -7.5800  -8.0804
 -8.5807  -9.0808  -9.5809 -10.0810 -10.5810 -11.0810 -11.5811 -12.0812 -12.5812
-60.0000  -1.2104  -1.2101  -1.2104  -1.2104  -1.2102  -1.2099  -1.2092  -1.2074
 -1.2035  -1.1972  -1.1984  -1.2548  -1.4745  -1.9199  -2.4517  -2.9934  -3.5254
 -4.0468  -4.5602  -5.0684  -5.5734  -6.0764  -6.5783  -7.0794  -7.5800  -8.0804
 -8.5807  -9.0808  -9.5809 -10.0810 -10.5810 -11.0810 -11.5811 -12.0812 -12.5812
-60.0000  -1.2104  -1.2101  -1.2104  -1.2104  -1.2102  -1.2099  -1.2092  -1.2074
 -1.2035  -1.1972  -1.1984  -1.2548  -1.4745  -1.9199  -2.4517  -2.9934  -3.5254
 -4.0468  -4.5602  -5.0684  -5.5734  -6.0764  -6.5783  -7.0794  -7.5800  -8.0804
 -8.5807  -9.0808  -9.5809 -10.0810 -10.5810 -11.0810 -11.5811 -12.0812 -12.5812
-60.0000  -1.2104  -1.2101  -1.2104  -1.2104  -1.2102  -1.2099  -1.2092  -1.2074
 -1.2035  -1.1972  -1.1984  -1.2548  -1.4745  -1.9199  -2.4517  -2.9934  -3.5254
 -4.0468  -4.5602  -5.0684  -5.5734  -6.0764  -6.5783  -7.0794  -7.5800  -8.0804
 -8.5807  -9.0808  -9.5809 -10.0810 -10.5810 -11.0810 -11.5811 -12.0812 -12.5812
-60.0000  -1.2104  -1.2101  -1.2104  -1.2104  -1.2102  -1.2099  -1.2092  -1.2074
 -1.2035  -1.1972  -1.1984  -1.2548  -1.4745  -1.9199  -2.4517  -2.9934  -3.5254
 -4.0468  -4.5602  -5.0684  -5.5734  -6.0764  -6.5783  -7.0794  -7.5800  -8.0804
 -8.5807  -9.0808  -9.5809 -10.0810 -10.5810 -11.0810 -11.5811 -12.0812 -12.5812
-60.0000  -1.2096  -1.2093  -1.2096  -1.2096  -1.2094  -1.2091  -1.2084  -1.2066
 -1.2027  -1.1964  -1.1976  -1.2540  -1.4737  -1.9191  -2.4509  -2.9926  -3.5246
 -4.0460  -4.5594  -5.0676  -5.5726  -6.0756  -6.5775  -7.0786  -7.5792  -8.0796
 -8.5799  -9.0800  -9.5801 -10.0802 -10.5802 -11.0802 -11.5803 -12.0804 -12.5804
-71.0000  -1.2041  -1.2038  -1.2041  -1.2041  -1.2039  -1.2036  -1.2029  -1.2011
 -1.1972  -1.1909  -1.1921  -1.2485  -1.4682  -1.9136  -2.4454  -2.9871  -3.5191
 -4.0405  -4.5539  -5.0621  -5.5671  -6.0701  -6.5720  -7.0731  -7.5737  -8.0741
 -8.5744  -9.0745  -9.5746 -10.0747 -10.5747 -11.0747 -11.5748 -12.0749 -12.5749
-70.0000  -1.2041  -1.2038  -1.2041  -1.2041  -1.2039  -1.2036  -1.2029  -1.2011
 -1.1972  -1.1909  -1.1921  -1.2485  -1.4682  -1.9136  -2.4454  -2.9871  -3.5191
 -4.0405  -4.5539  -5.0621  -5.5671  -6.0701  -6.5720  -7.0731  -7.5737  -8.0741
 -8.5744  -9.0745  -9.5746 -10.0747 -10.5747 -11.0747 -11.5748 -12.0749 -12.5749
-70.0000  -1.2041  -1.2038  -1.2041  -1.2041  -1.2039  -1.2036  -1.2029  -1.2011
 -1.1972  -1.1909  -1.1921  -1.2485  -1.4682  -1.9136  -2.4454  -2.9871  -3.5191
 -4.0405  -4.5539  -5.0621  -5.5671  -6.0701  -6.5720  -7.0731  -7.5737  -8.0741
 -8.5744  -9.0745  -9.5746 -10.0747 -10.5747 -11.0747 -11.5748 -12.0749 -12.5749
-70.0000  -1.2041  -1.2038  -1.2041  -1.2041  -1.2039  -1.2036  -1.2029  -1.2011
 -1.1972  -1.1909  -1.1921  -1.2485  -1.4682  -1.9136  -2.4454  -2.9871  -3.5191
 -4.0405  -4.5539  -5.0621  -5.5671  -6.0701  -6.5720  -7.0731  -7.5737  -8.0741
 -8.5744  -9.0745  -9.5746 -10.0747 -10.5747 -11.0747 -11.5748 -12.0749 -12.5749
-70.0000  -1.2041  -1.2038  -1.2041  -1.2041  -1.2039  -1.2036  -1.2029  -1.2011
 -1.1972  -1.1909  -1.1921  -1.2485  -1.4682  -1.9136  -2.4454  -2.9871  -3.5191
 -4.0405  -4.5539  -5.0621  -5.5671  -6.0701  -6.5720  -7.0731  -7.5737  -8.0741
 -8.5744  -9.0745  -9.5746 -10.0747 -10.5747 -11.0747 -11.5748 -12.0749 -12.5749
-70.0000  -1.2041  -1.2038  -1.2041  -1.2041  -1.2039  -1.2036  -1.2029  -1.2011
 -1.1972  -1.1909  -1.1921  -1.2485  -1.4682  -1.9136  -2.4454  -2.9871  -3.5191
 -4.0405  -4.5539  -5.0621  -5.5671  -6.0701  -6.5720  -7.0731  -7.5737  -8.0741
 -8.5744  -9.0745  -9.5746 -10.0747 -10.5747 -11.0747 -11.5748 -12.0749 -12.5749
-70.0000  -1.2041  -1.2038  -1.2041  -1.2041  -1.2039  -1.2036  -1.2029  -1.2011
 -1.1972  -1.1909  -1.1921  -1.2485  -1.4682  -1.9136  -2.4454  -2.9871  -3.5191
 -4.0405  -4.5539  -5.0621  -5.5671  -6.0701  -6.5720  -7.0731  -7.5737  -8.0741
 -8.5744  -9.0745  -9.5746 -10.0747 -10.5747 -11.0747 -11.5748 -12.0749 -12.5749
nl= 3 nu=19
  0.0000  -1.7971  -1.7971  -1.7971  -1.7971  -1.7971  -1.7971  -1.7972  -1.7973
 -1.7975  -1.7980  -1.7995  -1.8030  -1.8120  -1.8345  -1.8907  -2.0306  -2.3711
 -3.1182  -4.0362  -4.6344  -5.1683  -5.6886  -6.2083  -6.7565  -7.4304  -7.9998
 -8.5020  -9.0034  -9.5043 -10.0048 -10.5052 -11.0054 -11.5056 -12.0058 -12.5059
  0.0000  -1.9259  -1.9259  -1.9259  -1.9259  -1.9259  -1.9259  -1.9259  -1.9260
 -1.9261  -1.9264  -1.9271  -1.9291  -1.9339  -1.9460  -1.9764  -2.0524  -2.2418
 -2.7034  -3.6824  -4.5858  -5.1496  -5.6785  -6.2021  -6.7522  -7.4265  -7.9969
 -8.5003  -9.0025  -9.5038 -10.0046 -10.5052 -11.0055 -11.5057 -12.0059 -12.5062
  0.0000  -2.0631  -2.0631  -2.0631  -2.0631  -2.0631  -2.0632  -2.0632  -2.0632
 -2.0632  -2.0634  -2.0638  -2.0648  -2.0673  -2.0737  -2.0896  -2.1295  -2.2295
 -2.4788  -3.0875  -4.3037  -5.1158  -5.6633  -6.1931  -6.7458  -7.4203  -7.9926
 -8.4975  -9.0008  -9.5030 -10.0043 -10.5051 -11.0057 -11.5060 -12.0063 -12.5071
  0.0000  -2.2045  -2.2045  -2.2045  -2.2045  -2.2045  -2.2045  -2.2045  -2.2045
 -2.2045  -2.2046  -2.2048  -2.2053  -2.2066  -2.2099  -2.2181  -2.2386  -2.2901
 -2.4192  -2.7417  -3.5291  -4.9424  -5.6371  -6.1790  -6.7353  -7.4094  -7.9846
 -8.4918  -8.9965  -9.4999 -10.0021 -10.5034 -11.0043 -11.5048 -12.0053 -12.5064
  0.0000  -2.3511  -2.3511  -2.3511  -2.3511  -2.3511  -2.3511  -2.3511  -2.3511
 -2.3511  -2.3511  -2.3512  -2.3515  -2.3521  -2.3538  -2.3580  -2.3684  -2.3946
 -2.4603  -2.6253  -3.0376  -4.0428  -5.5534  -6.1612  -6.7241  -7.3972  -7.9752
 -8.4853  -8.9924  -9.4973 -10.0007 -10.5030 -11.0044 -11.5053 -12.0062 -12.5077
  0.0000  -2.4983  -2.4983  -2.4983  -2.4983  -2.4983  -2.4983  -2.4983  -2.4983
 -2.4983  -2.4984  -2.4984  -2.4985  -2.4989  -2.4997  -2.5018  -2.5071  -2.5203
 -2.5535  -2.6369  -2.8462  -3.3696  -4.6394  -6.1196  -6.7090  -7.3816  -7.9627
 -8.4746  -8.9842  -9.4916  -9.9967 -10.5002 -11.0025 -11.5040 -12.0055 -12.5080
  0.0000  -2.6461  -2.6461  -2.6461  -2.6461  -2.6461  -2.6461  -2.6461  -2.6461
 -2.6461  -2.6461  -2.6461  -2.6462  -2.6464  -2.6468  -2.6478  -2.6505  -2.6571
 -2.6738  -2.7158  -2.8211  -3.0855  -3.7472  -5.3322  -6.6830  -7.3642  -7.9514
 -8.4624  -8.9731  -9.4827  -9.9902 -10.4954 -10.9990 -11.5014 -12.0038 -12.5076
  0.0000  -1.5598  -1.5599  -1.5599  -1.5599  -1.5599  -1.5599  -1.5600  -1.5603
 -1.5611  -1.5630  -1.5677  -1.5796  -1.6093  -1.6829  -1.8611  -2.2609  -2.9372
 -3.5857  -4.1446  -4.6737  -5.1944  -5.7323  -6.3237  -6.9971  -7.5006  -8.0028
 -8.5041  -9.0049  -9.5054 -10.0057 -10.5059 -11.0061 -11.5061 -12.0061 -12.5064
  0.0000  -1.6557  -1.6557  -1.6557  -1.6557  -1.6557  -1.6557  -1.6558  -1.6560
 -1.6564  -1.6576  -1.6604  -1.6676  -1.6857  -1.7309  -1.8428  -2.1130  -2.7007
 -3.5098  -4.1219  -4.6623  -5.1870  -5.7269  -6.3194  -6.9931  -7.4980  -8.0010
 -8.5030  -9.0042  -9.5050 -10.0055 -10.5058 -11.0060 -11.5061 -12.0062 -12.5064
  0.0000  -1.7687  -1.7687  -1.7687  -1.7687  -1.7687  -1.7687  -1.7687  -1.7688
 -1.7691  -1.7697  -1.7714  -1.7755  -1.7857  -1.8115  -1.8758  -2.0354  -2.4205
 -3.2259  -4.0717  -4.6443  -5.1763  -5.7190  -6.3125  -6.9864  -7.4934  -7.9978
 -8.5007  -9.0026  -9.5038 -10.0045 -10.5050 -11.0053 -11.5055 -12.0057 -12.5060
  0.0000  -1.8963  -1.8963  -1.8963  -1.8963  -1.8963  -1.8963  -1.8963  -1.8963
 -1.8965  -1.8968  -1.8977  -1.8999  -1.9055  -1.9194  -1.9544  -2.0419  -2.2594
 -2.7844  -3.8182  -4.6126  -5.1635  -5.7102  -6.3046  -6.9781  -7.4883  -7.9944
 -8.4986  -9.0016  -9.5035 -10.0046 -10.5054 -11.0059 -11.5062 -12.0065 -12.5070
  0.0000  -2.0317  -2.0317  -2.0317  -2.0317  -2.0317  -2.0317  -2.0317  -2.0318
 -2.0318  -2.0320  -2.0325  -2.0336  -2.0365  -2.0439  -2.0622  -2.1084  -2.2238
 -2.5113  -3.2054  -4.4412  -5.1415  -5.6983  -6.2938  -6.9658  -7.4791  -7.9876
 -8.4939  -8.9981  -9.5012 -10.0031 -10.5043 -11.0051 -11.5055 -12.0059 -12.5068
  0.0000  -2.1740  -2.1740  -2.1740  -2.1740  -2.1740  -2.1740  -2.1740  -2.1740
 -2.1740  -2.1741  -2.1744  -2.1750  -2.1765  -2.1802  -2.1897  -2.2135  -2.2731
 -2.4225  -2.7950  -3.6933  -5.0532  -5.6836  -6.2838  -6.9536  -7.4690  -7.9790
 -8.4878  -8.9942  -9.4985 -10.0017 -10.5037 -11.0049 -11.5057 -12.0065 -12.5077
  0.0000  -2.3188  -2.3188  -2.3188  -2.3188  -2.3188  -2.3188  -2.3188  -2.3188
 -2.3188  -2.3189  -2.3190  -2.3193  -2.3201  -2.3220  -2.3268  -2.3389  -2.3692
 -2.4454  -2.6365  -3.1133  -4.2575  -5.6391  -6.2717  -6.9432  -7.4593  -7.9680
 -8.4784  -8.9871  -9.4936  -9.9979 -10.5012 -11.0032 -11.5045 -12.0058 -12.5078
  0.0000  -1.4224  -1.4224  -1.4224  -1.4224  -1.4225  -1.4226  -1.4229  -1.4235
 -1.4252  -1.4293  -1.4396  -1.4654  -1.5285  -1.6773  -1.9927  -2.5056  -3.0803
 -3.6319  -4.1731  -4.7094  -5.2745  -5.9915  -6.4970  -7.0006  -7.5027  -8.0040
 -8.5048  -9.0053  -9.5056 -10.0058 -10.5060 -11.0061 -11.5061 -12.0061 -12.5062
  0.0000  -1.4687  -1.4688  -1.4688  -1.4688  -1.4688  -1.4689  -1.4691  -1.4696
 -1.4708  -1.4739  -1.4817  -1.5013  -1.5497  -1.6670  -1.9343  -2.4373  -3.0541
 -3.6213  -4.1656  -4.7038  -5.2699  -5.9863  -6.4938  -6.9982  -7.5013  -8.0031
 -8.5042  -9.0049  -9.5054 -10.0057 -10.5059 -11.0060 -11.5061 -12.0062 -12.5063
  0.0000  -1.5377  -1.5377  -1.5377  -1.5377  -1.5378  -1.5378  -1.5379  -1.5383
 -1.5391  -1.5412  -1.5465  -1.5598  -1.5929  -1.6748  -1.8718  -2.3033  -2.9827
 -3.6029  -4.1558  -4.6964  -5.2635  -5.9788  -6.4889  -6.9948  -7.4989  -8.0017
 -8.5034  -9.0044  -9.5051 -10.0055 -10.5058 -11.0060 -11.5061 -12.0062 -12.5064
  0.0000  -1.6291  -1.6291  -1.6291  -1.6292  -1.6292  -1.6292  -1.6293  -1.6295
 -1.6300  -1.6313  -1.6346  -1.6427  -1.6632  -1.7144  -1.8410  -2.1436  -2.7769
 -3.5534  -4.1412  -4.6875  -5.2553  -5.9682  -6.4813  -6.9893  -7.4951  -7.9989
 -8.5016  -9.0032  -9.5043 -10.0049 -10.5054 -11.0056 -11.5058 -12.0060 -12.5061
  0.0000  -1.7386  -1.7386  -1.7386  -1.7387  -1.7387  -1.7387  -1.7387  -1.7388
 -1.7391  -1.7399  -1.7417  -1.7464  -1.7582  -1.7877  -1.8613  -2.0435  -2.4784
 -3.3329  -4.1096  -4.6758  -5.2456  -5.9546  -6.4704  -6.9801  -7.4881  -7.9938
 -8.4977  -9.0002  -9.5019 -10.0030 -10.5036 -11.0041 -11.5043 -12.0045 -12.5052
  0.0000  -1.8649  -1.8649  -1.8649  -1.8649  -1.8649  -1.8649  -1.8649  -1.8650
 -1.8652  -1.8656  -1.8666  -1.8691  -1.8755  -1.8916  -1.9319  -2.0326  -2.2822
 -2.8776  -3.9418  -4.6586  -5.2393  -5.9445  -6.4618  -6.9712  -7.4811  -7.9890
 -8.4947  -8.9986  -9.5012 -10.0029 -10.5040 -11.0047 -11.5051 -12.0055 -12.5063
  0.0000  -2.0008  -2.0008  -2.0008  -2.0008  -2.0008  -2.0008  -2.0008  -2.0009
 -2.0010  -2.0012  -2.0017  -2.0030  -2.0064  -2.0149  -2.0361  -2.0894  -2.2227
 -2.5536  -3.3416  -4.5601  -5.2295  -5.9375  -6.4574  -6.9624  -7.4724  -7.9820
 -8.4899  -8.9956  -9.4995 -10.0022 -10.5039 -11.0050 -11.5057 -12.0064 -12.5076
  0.0000  -1.3792  -1.3792  -1.3792  -1.3792  -1.3793  -1.3794  -1.3797  -1.3806
 -1.3828  -1.3882  -1.4017  -1.4350  -1.5155  -1.6971  -2.0460  -2.5488  -3.1023
 -3.6543  -4.2294  -4.9134  -5.4895  -5.9959  -6.5000  -7.0023  -7.5038  -8.0046
 -8.5052  -9.0055  -9.5057 -10.0059 -10.5059 -11.0060 -11.5060 -12.0060 -12.5062
  0.0000  -1.3889  -1.3889  -1.3889  -1.3889  -1.3889  -1.3891  -1.3894  -1.3902
 -1.3922  -1.3973  -1.4100  -1.4414  -1.5175  -1.6913  -2.0341  -2.5407  -3.0975
 -3.6497  -4.2247  -4.9083  -5.4855  -5.9933  -6.4981  -7.0011  -7.5030  -8.0042
 -8.5049  -9.0053  -9.5056 -10.0058 -10.5059 -11.0060 -11.5060 -12.0060 -12.5062
  0.0000  -1.4098  -1.4098  -1.4098  -1.4098  -1.4099  -1.4100  -1.4103  -1.4110
 -1.4127  -1.4171  -1.4281  -1.4555  -1.5225  -1.6795  -2.0068  -2.5230  -3.0915
 -3.6452  -4.2189  -4.9009  -5.4793  -5.9889  -6.4950  -6.9991  -7.5017  -8.0033
 -8.5043  -9.0050  -9.5054 -10.0057 -10.5058 -11.0059 -11.5060 -12.0061 -12.5062
  0.0000  -1.4494  -1.4494  -1.4494  -1.4494  -1.4495  -1.4496  -1.4498  -1.4503
 -1.4517  -1.4551  -1.4637  -1.4851  -1.5380  -1.6658  -1.9528  -2.4717  -3.0777
 -3.6402  -4.2124  -4.8917  -5.4707  -5.9821  -6.4901  -6.9955  -7.4993  -8.0017
 -8.5032  -9.0041  -9.5047 -10.0051 -10.5054 -11.0055 -11.5056 -12.0057 -12.5057
  0.0000  -1.5133  -1.5133  -1.5133  -1.5133  -1.5134  -1.5134  -1.5136  -1.5140
 -1.5149  -1.5173  -1.5232  -1.5381  -1.5751  -1.6666  -1.8847  -2.3501  -3.0302
 -3.6325  -4.2072  -4.8830  -5.4613  -5.9735  -6.4833  -6.9908  -7.4959  -7.9995
 -8.5018  -9.0033  -9.5043 -10.0049 -10.5052 -11.0055 -11.5056 -12.0057 -12.5061
  0.0000  -1.6005  -1.6005  -1.6005  -1.6005  -1.6005  -1.6006  -1.6007  -1.6009
 -1.6015  -1.6030  -1.6067  -1.6160  -1.6392  -1.6973  -1.8404  -2.1791  -2.8563
 -3.6032  -4.2013  -4.8762  -5.4530  -5.9628  -6.4733  -6.9828  -7.4901  -7.9951
 -8.4986  -9.0010  -9.5024 -10.0034 -10.5040 -11.0043 -11.5046 -12.0049 -12.5051
  0.0000  -1.7104  -1.7104  -1.7104  -1.7104  -1.7104  -1.7104  -1.7105  -1.7106
 -1.7109  -1.7118  -1.7139  -1.7193  -1.7327  -1.7665  -1.8507  -2.0582  -2.5474
 -3.4405  -4.1856  -4.8732  -5.4538  -5.9572  -6.4650  -6.9750  -7.4842  -7.9913
 -8.4964  -8.9998  -9.5021 -10.0035 -10.5045 -11.0051 -11.5054 -12.0057 -12.5063
  0.0000  -1.3745  -1.3745  -1.3745  -1.3745  -1.3746  -1.3747  -1.3750  -1.3759
 -1.3780  -1.3832  -1.3964  -1.4293  -1.5094  -1.6926  -2.0466  -2.5566  -3.1310
 -3.7835  -4.4682  -4.9847  -5.4936  -5.9988  -6.5017  -7.0034  -7.5045  -8.0051
 -8.5055  -9.0057  -9.5058 -10.0059 -10.5060 -11.0060 -11.5061 -12.0062 -12.5061
  0.0000  -1.3739  -1.3739  -1.3739  -1.3739  -1.3740  -1.3741  -1.3745  -1.3753
 -1.3775  -1.3829  -1.3964  -1.4300  -1.5109  -1.6939  -2.0453  -2.5534  -3.1272
 -3.7785  -4.4635  -4.9815  -5.4914  -5.9972  -6.5007  -7.0028  -7.5041  -8.0048
 -8.5053  -9.0056  -9.5058 -10.0059 -10.5060 -11.0060 -11.5060 -12.0060 -12.5060
  0.0000  -1.3726  -1.3726  -1.3726  -1.3726  -1.3727  -1.3728  -1.3732  -1.3740
 -1.3762  -1.3817  -1.3955  -1.4295  -1.5114  -1.6952  -2.0470  -2.5543  -3.1255
 -3.7729  -4.4569  -4.9764  -5.4878  -5.9947  -6.4991  -7.0018  -7.5035  -8.0045
 -8.5051  -9.0055  -9.5058 -10.0059 -10.5060 -11.0061 -11.5061 -12.0061 -12.5063
  0.0000  -1.3759  -1.3759  -1.3759  -1.3759  -1.3760  -1.3761  -1.3765  -1.3773
 -1.3795  -1.3848  -1.3981  -1.4312  -1.5109  -1.6919  -2.0441  -2.5561  -3.1263
 -3.7675  -4.4488  -4.9692  -5.4821  -5.9908  -6.4963  -7.0000  -7.5023  -8.0037
 -8.5046  -9.0052  -9.5056 -10.0058 -10.5059 -11.0060 -11.5061 -12.0062 -12.5063
  0.0000  -1.3912  -1.3912  -1.3912  -1.3912  -1.3912  -1.3914  -1.3917  -1.3924
 -1.3943  -1.3991  -1.4110  -1.4405  -1.5126  -1.6805  -2.0248  -2.5508  -3.1294
 -3.7646  -4.4415  -4.9609  -5.4744  -5.9848  -6.4922  -6.9971  -7.5005  -8.0026
 -8.5040  -9.0048  -9.5054 -10.0057 -10.5059 -11.0061 -11.5061 -12.0061 -12.5064
  0.0000  -1.4259  -1.4259  -1.4259  -1.4260  -1.4260  -1.4261  -1.4263  -1.4269
 -1.4284  -1.4322  -1.4417  -1.4653  -1.5236  -1.6636  -1.9736  -2.5137  -3.1277
 -3.7649  -4.4386  -4.9535  -5.4648  -5.9762  -6.4855  -6.9923  -7.4970  -8.0002
 -8.5023  -9.0036  -9.5045 -10.0050 -10.5053 -11.0055 -11.5057 -12.0059 -12.5061
  0.0000  -1.4870  -1.4870  -1.4871  -1.4871  -1.4871  -1.4872  -1.4873  -1.4877
 -1.4888  -1.4914  -1.4981  -1.5147  -1.5562  -1.6582  -1.8996  -2.4014  -3.0958
 -3.7578  -4.4433  -4.9535  -5.4579  -5.9677  -6.4781  -6.9869  -7.4933  -7.9978
 -8.5009  -9.0029  -9.5042 -10.0050 -10.5055 -11.0058 -11.5060 -12.0062 -12.5065
  0.0000  -1.3687  -1.3687  -1.3687  -1.3687  -1.3688  -1.3689  -1.3692  -1.3700
 -1.3719  -1.3767  -1.3888  -1.4194  -1.4962  -1.6791  -2.0452  -2.6019  -3.3233
 -3.9485  -4.4751  -4.9887  -5.4960  -6.0003  -6.5026  -7.0040  -7.5048  -8.0053
 -8.5056  -9.0058  -9.5059 -10.0060 -10.5060 -11.0060 -11.5061 -12.0062 -12.5062
  0.0000  -1.3704  -1.3704  -1.3704  -1.3704  -1.3705  -1.3706  -1.3709  -1.3717
 -1.3737  -1.3786  -1.3910  -1.4220  -1.4987  -1.6787  -2.0396  -2.5951  -3.3195
 -3.9453  -4.4729  -4.9874  -5.4950  -5.9997  -6.5023  -7.0038  -7.5047  -8.0052
 -8.5056  -9.0058  -9.5059 -10.0060 -10.5060 -11.0060 -11.5061 -12.0062 -12.5062
  1.0000  -1.3718  -1.3719  -1.3719  -1.3719  -1.3719  -1.3721  -1.3724  -1.3731
 -1.3751  -1.3800  -1.3923  -1.4231  -1.4991  -1.6779  -2.0374  -2.5932  -3.3184
 -3.9450  -4.4728  -4.9873  -5.4950  -5.9997  -6.5023  -7.0038  -7.5047  -8.0052
 -8.5056  -9.0058  -9.5059 -10.0060 -10.5060 -11.0060 -11.5061 -12.0062 -12.5062
  2.0000  -1.3748  -1.3748  -1.3748  -1.3749  -1.3749  -1.3750  -1.3753  -1.3761
 -1.3780  -1.3829  -1.3950  -1.4253  -1.5000  -1.6763  -2.0333  -2.5896  -3.3163
 -3.9445  -4.4727  -4.9874  -5.4950  -5.9998  -6.5024  -7.0039  -7.5048  -8.0053
 -8.5057  -9.0059  -9.5060 -10.0061 -10.5061 -11.0061 -11.5062 -12.0063 -12.5063
  3.0000  -1.3805  -1.3805  -1.3805  -1.3805  -1.3806  -1.3807  -1.3810  -1.3817
 -1.3836  -1.3883  -1.4001  -1.4294  -1.5018  -1.6732  -2.0250  -2.5822  -3.3118
 -3.9434  -4.4724  -4.9872  -5.4950  -5.9998  -6.5024  -7.0039  -7.5048  -8.0053
 -8.5057  -9.0059  -9.5060 -10.0061 -10.5061 -11.0061 -11.5062 -12.0063 -12.5063
  4.0000  -1.3913  -1.3913  -1.3913  -1.3913  -1.3914  -1.3915  -1.3918  -1.3925
 -1.3943  -1.3987  -1.4098  -1.4374  -1.5056  -1.6680  -2.0091  -2.5673  -3.3028
 -3.9410  -4.4717  -4.9869  -5.4949  -5.9997  -6.5024  -7.0039  -7.5048  -8.0053
 -8.5057  -9.0059  -9.5060 -10.0061 -10.5061 -11.0061 -11.5062 -12.0063 -12.5063
  5.0000  -1.4112  -1.4112  -1.4112  -1.4112  -1.4113  -1.4114  -1.4116  -1.4122
 -1.4138  -1.4178  -1.4277  -1.4525  -1.5137  -1.6605  -1.9805  -2.5372  -3.2840
 -3.9363  -4.4702  -4.9863  -5.4947  -5.9996  -6.5023  -7.0039  -7.5048  -8.0053
 -8.5057  -9.0059  -9.5060 -10.0061 -10.5061 -11.0061 -11.5062 -12.0063 -12.5063
  0.0000  -1.3348  -1.3348  -1.3348  -1.3348  -1.3348  -1.3350  -1.3353  -1.3361
 -1.3380  -1.3429  -1.3553  -1.3872  -1.4698  -1.6755  -2.1183  -2.7993  -3.4085
 -3.9573  -4.4786  -4.9900  -5.4964  -6.0001  -6.5022  -7.0034  -7.5042  -8.0046
 -8.5049  -9.0050  -9.5051 -10.0052 -10.5052 -11.0052 -11.5053 -12.0054 -12.5054
  0.0000  -1.3438  -1.3438  -1.3438  -1.3438  -1.3439  -1.3440  -1.3443  -1.3450
 -1.3468  -1.3515  -1.3633  -1.3934  -1.4713  -1.6676  -2.1021  -2.7922  -3.4075
 -3.9574  -4.4791  -4.9904  -5.4967  -6.0002  -6.5023  -7.0034  -7.5041  -8.0045
 -8.5048  -9.0049  -9.5050 -10.0051 -10.5051 -11.0052 -11.5052 -12.0052 -12.5054
  0.0000  -1.3415  -1.3415  -1.3415  -1.3415  -1.3415  -1.3417  -1.3420  -1.3428
 -1.3447  -1.3497  -1.3622  -1.3936  -1.4731  -1.6694  -2.1022  -2.7893  -3.4038
 -3.9545  -4.4770  -4.9890  -5.4958  -5.9997  -6.5019  -7.0032  -7.5040  -8.0044
 -8.5047  -9.0049  -9.5050 -10.0051 -10.5051 -11.0051 -11.5052 -12.0053 -12.5053
  0.0000  -1.3328  -1.3328  -1.3328  -1.3328  -1.3329  -1.3330  -1.3333  -1.3342
 -1.3364  -1.3418  -1.3554  -1.3893  -1.4734  -1.6754  -2.1133  -2.7909  -3.3988
 -3.9491  -4.4726  -4.9859  -5.4933  -5.9980  -6.5007  -7.0023  -7.5032  -8.0038
 -8.5042  -9.0044  -9.5046 -10.0046 -10.5047 -11.0047 -11.5048 -12.0049 -12.5048
  1.0000  -1.3346  -1.3346  -1.3346  -1.3346  -1.3347  -1.3348  -1.3351  -1.3360
 -1.3381  -1.3435  -1.3570  -1.3907  -1.4742  -1.6749  -2.1109  -2.7891  -3.3986
 -3.9493  -4.4729  -4.9862  -5.4937  -5.9984  -6.5011  -7.0027  -7.5036  -8.0042
 -8.5046  -9.0048  -9.5050 -10.0050 -10.5051 -11.0051 -11.5052 -12.0053 -12.5052
  2.0000  -1.3374  -1.3374  -1.3374  -1.3374  -1.3375  -1.3376  -1.3380  -1.3388
 -1.3409  -1.3462  -1.3595  -1.3928  -1.4750  -1.6732  -2.1056  -2.7847  -3.3975
 -3.9489  -4.4729  -4.9863  -5.4938  -5.9985  -6.5012  -7.0028  -7.5037  -8.0043
 -8.5047  -9.0049  -9.5051 -10.0051 -10.5052 -11.0052 -11.5053 -12.0054 -12.5053
  3.0000  -1.3427  -1.3427  -1.3427  -1.3427  -1.3427  -1.3429  -1.3432  -1.3440
 -1.3461  -1.3512  -1.3642  -1.3965  -1.4765  -1.6698  -2.0949  -2.7755  -3.3950
 -3.9480  -4.4725  -4.9861  -5.4936  -5.9984  -6.5011  -7.0027  -7.5036  -8.0042
 -8.5046  -9.0048  -9.5050 -10.0050 -10.5051 -11.0051 -11.5052 -12.0053 -12.5052
  0.0000  -1.2548  -1.2548  -1.2548  -1.2549  -1.2549  -1.2552  -1.2556  -1.2568
 -1.2599  -1.2674  -1.2865  -1.3349  -1.4571  -1.7573  -2.3007  -2.8806  -3.4329
 -3.9619  -4.4798  -4.9906  -5.4971  -6.0011  -6.5036  -7.0051  -7.5059  -8.0065
 -8.5068  -9.0070  -9.5072 -10.0073 -10.5073 -11.0073 -11.5074 -12.0075 -12.5074
  0.0000  -1.2937  -1.2937  -1.2937  -1.2937  -1.2938  -1.2939  -1.2942  -1.2951
 -1.2972  -1.3024  -1.3158  -1.3505  -1.4438  -1.7081  -2.2697  -2.8779  -3.4395
 -3.9697  -4.4862  -4.9952  -5.5006  -6.0035  -6.5053  -7.0063  -7.5069  -8.0072
 -8.5074  -9.0076  -9.5077 -10.0077 -10.5077 -11.0078 -11.5078 -12.0078 -12.5080
  0.0000  -1.2957  -1.2957  -1.2957  -1.2957  -1.2958  -1.2959  -1.2962  -1.2971
 -1.2991  -1.3044  -1.3179  -1.3524  -1.4438  -1.7034  -2.2660  -2.8769  -3.4393
 -3.9698  -4.4862  -4.9952  -5.5005  -6.0035  -6.5052  -7.0062  -7.5068  -8.0071
 -8.5073  -9.0075  -9.5076 -10.0076 -10.5076 -11.0077 -11.5077 -12.0077 -12.5079
  0.0000  -1.2838  -1.2838  -1.2838  -1.2838  -1.2839  -1.2840  -1.2844  -1.2854
 -1.2878  -1.2940  -1.3097  -1.3489  -1.4489  -1.7167  -2.2719  -2.8755  -3.4365
 -3.9672  -4.4844  -4.9940  -5.4997  -6.0030  -6.5049  -7.0060  -7.5067  -8.0071
 -8.5074  -9.0075  -9.5076 -10.0077 -10.5077 -11.0078 -11.5078 -12.0078 -12.5080
  0.0000  -1.2626  -1.2626  -1.2626  -1.2626  -1.2627  -1.2629  -1.2633  -1.2645
 -1.2675  -1.2751  -1.2939  -1.3406  -1.4563  -1.7431  -2.2869  -2.8748  -3.4315
 -3.9620  -4.4803  -4.9911  -5.4975  -6.0015  -6.5038  -7.0053  -7.5061  -8.0066
 -8.5070  -9.0072  -9.5073 -10.0074 -10.5074 -11.0074 -11.5075 -12.0076 -12.5076
  0.0000  -1.2374  -1.2374  -1.2374  -1.2375  -1.2376  -1.2378  -1.2383  -1.2397
 -1.2433  -1.2521  -1.2744  -1.3296  -1.4655  -1.7802  -2.3128  -2.8795  -3.4272
 -3.9559  -4.4749  -4.9872  -5.4949  -5.9997  -6.5028  -7.0047  -7.5058  -8.0065
 -8.5070  -9.0072  -9.5074 -10.0075 -10.5076 -11.0076 -11.5076 -12.0076 -12.5076
  0.0000  -1.2128  -1.2128  -1.2128  -1.2128  -1.2129  -1.2132  -1.2138  -1.2154
 -1.2194  -1.2294  -1.2546  -1.3175  -1.4734  -1.8204  -2.3469  -2.8911  -3.4259
 -3.9498  -4.4683  -4.9817  -5.4910  -5.9970  -6.5009  -7.0034  -7.5050  -8.0060
 -8.5066  -9.0069  -9.5072 -10.0073 -10.5074 -11.0075 -11.5075 -12.0075 -12.5077
 -1.0000  -1.2734  -1.2734  -1.2734  -1.2734  -1.2734  -1.2733  -1.2731  -1.2727
 -1.2717  -1.2700  -1.2711  -1.2968  -1.4311  -1.8056  -2.3472  -2.9027  -3.4418
 -3.9665  -4.4814  -4.9902  -5.4955  -5.9987  -6.5005  -7.0017  -7.5023  -8.0027
 -8.5030  -9.0031  -9.5032 -10.0033 -10.5033 -11.0034 -11.5034 -12.0034 -12.5036
  0.0000  -1.2735  -1.2735  -1.2735  -1.2735  -1.2735  -1.2734  -1.2732  -1.2728
 -1.2718  -1.2701  -1.2712  -1.2969  -1.4312  -1.8056  -2.3473  -2.9028  -3.4419
 -3.9666  -4.4815  -4.9903  -5.4956  -5.9988  -6.5006  -7.0018  -7.5024  -8.0028
 -8.5031  -9.0032  -9.5033 -10.0034 -10.5034 -11.0035 -11.5035 -12.0035 -12.5037
  0.0000  -1.3304  -1.3304  -1.3304  -1.3304  -1.3302  -1.3299  -1.3292  -1.3275
 -1.3236  -1.3151  -1.3016  -1.3018  -1.3825  -1.7766  -2.3427  -2.9102  -3.4522
 -3.9763  -4.4899  -4.9977  -5.5021  -6.0046  -6.5061  -7.0069  -7.5074  -8.0077
 -8.5079  -9.0080  -9.5081 -10.0081 -10.5081 -11.0082 -11.5082 -12.0082 -12.5084
  0.0000  -1.3225  -1.3225  -1.3224  -1.3224  -1.3223  -1.3220  -1.3214  -1.3198
 -1.3160  -1.3080  -1.2955  -1.2974  -1.4023  -1.7735  -2.3382  -2.9051  -3.4470
 -3.9712  -4.4848  -4.9927  -5.4972  -5.9997  -6.5012  -7.0021  -7.5026  -8.0029
 -8.5031  -9.0032  -9.5033 -10.0033 -10.5033 -11.0034 -11.5034 -12.0034 -12.5036
  0.0000  -1.2918  -1.2918  -1.2918  -1.2917  -1.2917  -1.2915  -1.2912  -1.2904
 -1.2885  -1.2848  -1.2813  -1.2981  -1.4201  -1.7914  -2.3420  -2.9031  -3.4438
 -3.9684  -4.4829  -4.9911  -5.4962  -5.9991  -6.5008  -7.0018  -7.5024  -8.0028
 -8.5030  -9.0032  -9.5033 -10.0033 -10.5033 -11.0034 -11.5034 -12.0034 -12.5036
  0.0000  -1.2472  -1.2472  -1.2472  -1.2473  -1.2473  -1.2473  -1.2474  -1.2477
 -1.2484  -1.2507  -1.2600  -1.2992  -1.4477  -1.8210  -2.3509  -2.9010  -3.4388
 -3.9637  -4.4793  -4.9887  -5.4944  -5.9979  -6.5000  -7.0012  -7.5020  -8.0024
 -8.5027  -9.0029  -9.5030 -10.0031 -10.5031 -11.0031 -11.5032 -12.0033 -12.5033
  0.0000  -1.2008  -1.2008  -1.2009  -1.2009  -1.2010  -1.2012  -1.2016  -1.2029
 -1.2062  -1.2148  -1.2373  -1.3009  -1.4797  -1.8580  -2.3664  -2.9019  -3.4340
 -3.9581  -4.4747  -4.9854  -5.4920  -5.9963  -6.4989  -7.0005  -7.5015  -8.0021
 -8.5025  -9.0027  -9.5028 -10.0029 -10.5030 -11.0030 -11.5031 -12.0032 -12.5031
 -1.0000  -1.1155  -1.1155  -1.1155  -1.1155  -1.1156  -1.1157  -1.1160  -1.1168
 -1.1194  -1.1294  -1.1680  -1.2909  -1.5627  -1.9808  -2.4599  -2.9562  -3.4573
 -3.9608  -4.4662  -4.9731  -5.4801  -5.9864  -6.4912  -6.9947  -7.4970  -7.9985
 -8.4996  -9.0002  -9.5006 -10.0009 -10.5010 -11.0011 -11.5012 -12.0013 -12.5014
  0.0000  -1.1155  -1.1155  -1.1155  -1.1155  -1.1156  -1.1157  -1.1160  -1.1168
 -1.1194  -1.1294  -1.1680  -1.2909  -1.5627  -1.9808  -2.4599  -2.9562  -3.4573
 -3.9608  -4.4662  -4.9731  -5.4801  -5.9864  -6.4912  -6.9947  -7.4970  -7.9985
 -8.4996  -9.0002  -9.5006 -10.0009 -10.5010 -11.0011 -11.5012 -12.0013 -12.5014
  0.0000  -1.3529  -1.3529  -1.3529  -1.3527  -1.3524  -1.3516  -1.3496  -1.3446
 -1.3332  -1.3101  -1.2769  -1.2670  -1.3960  -1.8071  -2.3558  -2.9106  -3.4479
 -3.9706  -4.4838  -4.9914  -5.4960  -5.9985  -6.5001  -7.0009  -7.5015  -8.0018
 -8.5020  -9.0021  -9.5022 -10.0022 -10.5022 -11.0023 -11.5023 -12.0023 -12.5025
  0.0000  -1.4016  -1.4016  -1.4015  -1.4014  -1.4009  -1.3998  -1.3972  -1.3909
 -1.3760  -1.3455  -1.2978  -1.2635  -1.3691  -1.7892  -2.3534  -2.9138  -3.4518
 -3.9738  -4.4860  -4.9932  -5.4971  -5.9994  -6.5007  -7.0014  -7.5018  -8.0021
 -8.5022  -9.0023  -9.5024 -10.0024 -10.5025 -11.0025 -11.5025 -12.0025 -12.5024
  0.0000  -1.3875  -1.3874  -1.3874  -1.3872  -1.3868  -1.3858  -1.3835  -1.3774
 -1.3636  -1.3352  -1.2918  -1.2644  -1.3768  -1.7940  -2.3537  -2.9128  -3.4507
 -3.9729  -4.4854  -4.9927  -5.4968  -5.9991  -6.5004  -7.0012  -7.5017  -8.0020
 -8.5021  -9.0022  -9.5023 -10.0023 -10.5024 -11.0024 -11.5024 -12.0024 -12.5023
  0.0000  -1.3462  -1.3462  -1.3462  -1.3460  -1.3457  -1.3450  -1.3430  -1.3383
 -1.3275  -1.3056  -1.2747  -1.2684  -1.3998  -1.8088  -2.3558  -2.9101  -3.4474
 -3.9702  -4.4835  -4.9912  -5.4959  -5.9985  -6.5000  -7.0009  -7.5015  -8.0018
 -8.5020  -9.0021  -9.5022 -10.0022 -10.5022 -11.0023 -11.5023 -12.0023 -12.5025
  0.0000  -1.2979  -1.2979  -1.2979  -1.2978  -1.2976  -1.2970  -1.2956  -1.2923
 -1.2848  -1.2704  -1.2546  -1.2739  -1.4290  -1.8303  -2.3606  -2.9076  -3.4433
 -3.9665  -4.4809  -4.9893  -5.4946  -5.9976  -6.4994  -7.0005  -7.5012  -8.0016
 -8.5018  -9.0019  -9.5020 -10.0021 -10.5021 -11.0022 -11.5022 -12.0022 -12.5024
-11.0000  -1.2985  -1.2985  -1.2984  -1.2983  -1.2981  -1.2976  -1.2961  -1.2928
 -1.2851  -1.2704  -1.2544  -1.2736  -1.4291  -1.8309  -2.3610  -2.9078  -3.4434
 -3.9666  -4.4810  -4.9894  -5.4947  -5.9977  -6.4995  -7.0006  -7.5013  -8.0017
 -8.5019  -9.0020  -9.5021 -10.0022 -10.5022 -11.0023 -11.5023 -12.0023 -12.5025
-10.0000  -1.2985  -1.2985  -1.2984  -1.2983  -1.2981  -1.2976  -1.2961  -1.2928
 -1.2851  -1.2704  -1.2544  -1.2736  -1.4291  -1.8309  -2.3610  -2.9078  -3.4434
 -3.9666  -4.4810  -4.9894  -5.4947  -5.9977  -6.4995  -7.0006  -7.5013  -8.0017
 -8.5019  -9.0020  -9.5021 -10.0022 -10.5022 -11.0023 -11.5023 -12.0023 -12.5025
-10.0000  -1.2985  -1.2985  -1.2984  -1.2983  -1.2981  -1.2976  -1.2961  -1.2928
 -1.2851  -1.2704  -1.2544  -1.2736  -1.4291  -1.8309  -2.3610  -2.9078  -3.4434
 -3.9666  -4.4810  -4.9894  -5.4947  -5.9977  -6.4995  -7.0006  -7.5013  -8.0017
 -8.5019  -9.0020  -9.5021 -10.0022 -10.5022 -11.0023 -11.5023 -12.0023 -12.5025
-10.0000  -1.2983  -1.2983  -1.2982  -1.2981  -1.2979  -1.2974  -1.2959  -1.2926
 -1.2849  -1.2702  -1.2542  -1.2734  -1.4289  -1.8307  -2.3608  -2.9076  -3.4432
 -3.9664  -4.4808  -4.9892  -5.4945  -5.9975  -6.4993  -7.0004  -7.5011  -8.0015
 -8.5017  -9.0018  -9.5019 -10.0020 -10.5020 -11.0021 -11.5021 -12.0021 -12.5023
-10.0000  -1.2985  -1.2984  -1.2984  -1.2983  -1.2981  -1.2976  -1.2961  -1.2928
 -1.2851  -1.2704  -1.2544  -1.2736  -1.4291  -1.8309  -2.3610  -2.9078  -3.4434
 -3.9666  -4.4810  -4.9894  -5.4947  -5.9977  -6.4995  -7.0006  -7.5013  -8.0017
 -8.5019  -9.0020  -9.5021 -10.0022 -10.5022 -11.0023 -11.5023 -12.0023 -12.5025
-10.0000  -1.2984  -1.2984  -1.2984  -1.2983  -1.2981  -1.2975  -1.2961  -1.2928
 -1.2851  -1.2704  -1.2544  -1.2736  -1.4291  -1.8308  -2.3610  -2.9078  -3.4434
 -3.9666  -4.4810  -4.9894  -5.4947  -5.9977  -6.4995  -7.0006  -7.5013  -8.0017
 -8.5019  -9.0020  -9.5021 -10.0022 -10.5022 -11.0023 -11.5023 -12.0023 -12.5025
-10.0000  -1.2983  -1.2983  -1.2982  -1.2981  -1.2979  -1.2974  -1.2959  -1.2926
 -1.2850  -1.2703  -1.2544  -1.2736  -1.4290  -1.8307  -2.3608  -2.9077  -3.4433
 -3.9665  -4.4809  -4.9893  -5.4946  -5.9976  -6.4994  -7.0005  -7.5012  -8.0016
 -8.5018  -9.0019  -9.5020 -10.0021 -10.5021 -11.0022 -11.5022 -12.0022 -12.5024
-21.0000  -1.2984  -1.2984  -1.2983  -1.2982  -1.2980  -1.2975  -1.2960  -1.2927
 -1.2850  -1.2703  -1.2543  -1.2735  -1.4290  -1.8308  -2.3609  -2.9077  -3.4433
 -3.9665  -4.4809  -4.9893  -5.4946  -5.9976  -6.4994  -7.0005  -7.5012  -8.0016
 -8.5018  -9.0019  -9.5020 -10.0021 -10.5021 -11.0022 -11.5022 -12.0022 -12.5024
-20.0000  -1.2984  -1.2984  -1.2983  -1.2982  -1.2980  -1.2975  -1.2960  -1.2927
 -1.2850  -1.2703  -1.2543  -1.2735  -1.4290  -1.8308  -2.3609  -2.9077  -3.4433
 -3.9665  -4.4809  -4.9893  -5.4946  -5.9976  -6.4994  -7.0005  -7.5012  -8.0016
 -8.5018  -9.0019  -9.5020 -10.0021 -10.5021 -11.0022 -11.5022 -12.0022 -12.5024
-20.0000  -1.2984  -1.2984  -1.2983  -1.2982  -1.2980  -1.2975  -1.2960  -1.2927
 -1.2850  -1.2703  -1.2543  -1.2735  -1.4290  -1.8308  -2.3609  -2.9077  -3.4433
 -3.9665  -4.4809  -4.9893  -5.4946  -5.9976  -6.4994  -7.0005  -7.5012  -8.0016
 -8.5018  -9.0019  -9.5020 -10.0021 -10.5021 -11.0022 -11.5022 -12.0022 -12.5024
-20.0000  -1.2984  -1.2984  -1.2983  -1.2982  -1.2980  -1.2975  -1.2960  -1.2927
 -1.2850  -1.2703  -1.2543  -1.2735  -1.4290  -1.8308  -2.3609  -2.9077  -3.4433
 -3.9665  -4.4809  -4.9893  -5.4946  -5.9976  -6.4994  -7.0005  -7.5012  -8.0016
 -8.5018  -9.0019  -9.5020 -10.0021 -10.5021 -11.0022 -11.5022 -12.0022 -12.5024
-20.0000  -1.2985  -1.2985  -1.2984  -1.2983  -1.2981  -1.2976  -1.2961  -1.2928
 -1.2851  -1.2704  -1.2544  -1.2736  -1.4291  -1.8309  -2.3610  -2.9078  -3.4434
 -3.9666  -4.4810  -4.9894  -5.4947  -5.9977  -6.4995  -7.0006  -7.5013  -8.0017
 -8.5019  -9.0020  -9.5021 -10.0022 -10.5022 -11.0023 -11.5023 -12.0023 -12.5025
-20.0000  -1.2984  -1.2984  -1.2983  -1.2982  -1.2980  -1.2975  -1.2960  -1.2927
 -1.2850  -1.2703  -1.2543  -1.2735  -1.4290  -1.8308  -2.3609  -2.9077  -3.4433
 -3.9665  -4.4809  -4.9893  -5.4946  -5.9976  -6.4994  -7.0005  -7.5012  -8.0016
 -8.5018  -9.0019  -9.5020 -10.0021 -10.5021 -11.0022 -11.5022 -12.0022 -12.5024
-20.0000  -1.2985  -1.2984  -1.2984  -1.2983  -1.2981  -1.2976  -1.2961  -1.2928
 -1.2851  -1.2704  -1.2544  -1.2736  -1.4291  -1.8309  -2.3610  -2.9078  -3.4434
 -3.9666  -4.4810  -4.9894  -5.4947  -5.9977  -6.4995  -7.0006  -7.5013  -8.0017
 -8.5019  -9.0020  -9.5021 -10.0022 -10.5022 -11.0023 -11.5023 -12.0023 -12.5025
-31.0000  -1.2984  -1.2984  -1.2983  -1.2982  -1.2980  -1.2975  -1.2960  -1.2927
 -1.2850  -1.2703  -1.2543  -1.2735  -1.4290  -1.8308  -2.3609  -2.9077  -3.4433
 -3.9665  -4.4809  -4.9893  -5.4946  -5.9976  -6.4994  -7.0005  -7.5012  -8.0016
 -8.5018  -9.0019  -9.5020 -10.0021 -10.5021 -11.0022 -11.5022 -12.0022 -12.5024
-30.0000  -1.2984  -1.2984  -1.2983  -1.2982  -1.2980  -1.2975  -1.2960  -1.2927
 -1.2850  -1.2703  -1.2543  -1.2735  -1.4290  -1.8308  -2.3609  -2.9077  -3.4433
 -3.9665  -4.4809  -4.9893  -5.4946  -5.9976  -6.4994  -7.0005  -7.5012  -8.0016
 -8.5018  -9.0019  -9.5020 -10.0021 -10.5021 -11.0022 -11.5022 -12.0022 -12.5024
-30.0000  -1.2984  -1.2984  -1.2983  -1.2982  -1.2980  -1.2975  -1.2960  -1.2927
 -1.2850  -1.2703  -1.2543  -1.2735  -1.4290  -1.8308  -2.3609  -2.9077  -3.4433
 -3.9665  -4.4809  -4.9893  -5.4946  -5.9976  -6.4994  -7.0005  -7.5012  -8.0016
 -8.5018  -9.0019  -9.5020 -10.0021 -10.5021 -11.0022 -11.5022 -12.0022 -12.5024
-30.0000  -1.2984  -1.2984  -1.2983  -1.2982  -1.2980  -1.2975  -1.2960  -1.2927
 -1.2850  -1.2703  -1.2543  -1.2735  -1.4290  -1.8308  -2.3609  -2.9077  -3.4433
 -3.9665  -4.4809  -4.9893  -5.4946  -5.9976  -6.4994  -7.0005  -7.5012  -8.0016
 -8.5018  -9.0019  -9.5020 -10.0021 -10.5021 -11.0022 -11.5022 -12.0022 -12.5024
-30.0000  -1.2984  -1.2984  -1.2983  -1.2982  -1.2980  -1.2975  -1.2960  -1.2927
 -1.2850  -1.2703  -1.2543  -1.2735  -1.4290  -1.8308  -2.3609  -2.9077  -3.4433
 -3.9665  -4.4809  -4.9893  -5.4946  -5.9976  -6.4994  -7.0005  -7.5012  -8.0016
 -8.5018  -9.0019  -9.5020 -10.0021 -10.5021 -11.0022 -11.5022 -12.0022 -12.5024
-30.0000  -1.2984  -1.2984  -1.2983  -1.2982  -1.2980  -1.2975  -1.2960  -1.2927
 -1.2850  -1.2703  -1.2543  -1.2735  -1.4290  -1.8308  -2.3609  -2.9077  -3.4433
 -3.9665  -4.4809  -4.9893  -5.4946  -5.9976  -6.4994  -7.0005  -7.5012  -8.0016
 -8.5018  -9.0019  -9.5020 -10.0021 -10.5021 -11.0022 -11.5022 -12.0022 -12.5024
-30.0000  -1.2984  -1.2984  -1.2983  -1.2982  -1.2980  -1.2975  -1.2960  -1.2927
 -1.2850  -1.2703  -1.2543  -1.2735  -1.4290  -1.8308  -2.3609  -2.9077  -3.4433
 -3.9665  -4.4809  -4.9893  -5.4946  -5.9976  -6.4994  -7.0005  -7.5012  -8.0016
 -8.5018  -9.0019  -9.5020 -10.0021 -10.5021 -11.0022 -11.5022 -12.0022 -12.5024
-41.0000  -1.2984  -1.2984  -1.2983  -1.2982  -1.2980  -1.2975  -1.2960  -1.2927
 -1.2850  -1.2703  -1.2543  -1.2735  -1.4290  -1.8308  -2.3609  -2.9077  -3.4433
 -3.9665  -4.4809  -4.9893  -5.4946  -5.9976  -6.4994  -7.0005  -7.5012  -8.0016
 -8.5018  -9.0019  -9.5020 -10.0021 -10.5021 -11.0022 -11.5022 -12.0022 -12.5024
-40.0000  -1.2984  -1.2984  -1.2983  -1.2982  -1.2980  -1.2975  -1.2960  -1.2927
 -1.2850  -1.2703  -1.2543  -1.2735  -1.4290  -1.8308  -2.3609  -2.9077  -3.4433
 -3.9665  -4.4809  -4.9893  -5.4946  -5.9976  -6.4994  -7.0005  -7.5012  -8.0016
 -8.5018  -9.0019  -9.5020 -10.0021 -10.5021 -11.0022 -11.5022 -12.0022 -12.5024
-40.0000  -1.2984  -1.2984  -1.2983  -1.2982  -1.2980  -1.2975  -1.2960  -1.2927
 -1.2850  -1.2703  -1.2543  -1.2735  -1.4290  -1.8308  -2.3609  -2.9077  -3.4433
 -3.9665  -4.4809  -4.9893  -5.4946  -5.9976  -6.4994  -7.0005  -7.5012  -8.0016
 -8.5018  -9.0019  -9.5020 -10.0021 -10.5021 -11.0022 -11.5022 -12.0022 -12.5024
-40.0000  -1.2984  -1.2984  -1.2983  -1.2982  -1.2980  -1.2975  -1.2960  -1.2927
 -1.2850  -1.2703  -1.2543  -1.2735  -1.4290  -1.8308  -2.3609  -2.9077  -3.4433
 -3.9665  -4.4809  -4.9893  -5.4946  -5.9976  -6.4994  -7.0005  -7.5012  -8.0016
 -8.5018  -9.0019  -9.5020 -10.0021 -10.5021 -11.0022 -11.5022 -12.0022 -12.5024
-40.0000  -1.2984  -1.2984  -1.2983  -1.2982  -1.2980  -1.2975  -1.2960  -1.2927
 -1.2850  -1.2703  -1.2543  -1.2735  -1.4290  -1.8308  -2.3609  -2.9077  -3.4433
 -3.9665  -4.4809  -4.9893  -5.4946  -5.9976  -6.4994  -7.0005  -7.5012  -8.0016
 -8.5018  -9.0019  -9.5020 -10.0021 -10.5021 -11.0022 -11.5022 -12.0022 -12.5024
-40.0000  -1.2984  -1.2984  -1.2983  -1.2982  -1.2980  -1.2975  -1.2960  -1.2927
 -1.2850  -1.2703  -1.2543  -1.2735  -1.4290  -1.8308  -2.3609  -2.9077  -3.4433
 -3.9665  -4.4809  -4.9893  -5.4946  -5.9976  -6.4994  -7.0005  -7.5012  -8.0016
 -8.5018  -9.0019  -9.5020 -10.0021 -10.5021 -11.0022 -11.5022 -12.0022 -12.5024
-40.0000  -1.2984  -1.2984  -1.2983  -1.2982  -1.2980  -1.2975  -1.2960  -1.2927
 -1.2850  -1.2703  -1.2543  -1.2735  -1.4290  -1.8308  -2.3609  -2.9077  -3.4433
 -3.9665  -4.4809  -4.9893  -5.4946  -5.9976  -6.4994  -7.0005  -7.5012  -8.0016
 -8.5018  -9.0019  -9.5020 -10.0021 -10.5021 -11.0022 -11.5022 -12.0022 -12.5024
-51.0000  -1.2984  -1.2984  -1.2983  -1.2982  -1.2980  -1.2975  -1.2960  -1.2927
 -1.2850  -1.2703  -1.2543  -1.2735  -1.4290  -1.8308  -2.3609  -2.9077  -3.4433
 -3.9665  -4.4809  -4.9893  -5.4946  -5.9976  -6.4994  -7.0005  -7.5012  -8.0016
 -8.5018  -9.0019  -9.5020 -10.0021 -10.5021 -11.0022 -11.5022 -12.0022 -12.5024
-50.0000  -1.2984  -1.2984  -1.2983  -1.2982  -1.2980  -1.2975  -1.2960  -1.2927
 -1.2850  -1.2703  -1.2543  -1.2735  -1.4290  -1.8308  -2.3609  -2.9077  -3.4433
 -3.9665  -4.4809  -4.9893  -5.4946  -5.9976  -6.4994  -7.0005  -7.5012  -8.0016
 -8.5018  -9.0019  -9.5020 -10.0021 -10.5021 -11.0022 -11.5022 -12.0022 -12.5024
-50.0000  -1.2984  -1.2984  -1.2983  -1.2982  -1.2980  -1.2975  -1.2960  -1.2927
 -1.2850  -1.2703  -1.2543  -1.2735  -1.4290  -1.8308  -2.3609  -2.9077  -3.4433
 -3.9665  -4.4809  -4.9893  -5.4946  -5.9976  -6.4994  -7.0005  -7.5012  -8.0016
 -8.5018  -9.0019  -9.5020 -10.0021 -10.5021 -11.0022 -11.5022 -12.0022 -12.5024
-50.0000  -1.2984  -1.2984  -1.2983  -1.2982  -1.2980  -1.2975  -1.2960  -1.2927
 -1.2850  -1.2703  -1.2543  -1.2735  -1.4290  -1.8308  -2.3609  -2.9077  -3.4433
 -3.9665  -4.4809  -4.9893  -5.4946  -5.9976  -6.4994  -7.0005  -7.5012  -8.0016
 -8.5018  -9.0019  -9.5020 -10.0021 -10.5021 -11.0022 -11.5022 -12.0022 -12.5024
-50.0000  -1.2984  -1.2984  -1.2983  -1.2982  -1.2980  -1.2975  -1.2960  -1.2927
 -1.2850  -1.2703  -1.2543  -1.2735  -1.4290  -1.8308  -2.3609  -2.9077  -3.4433
 -3.9665  -4.4809  -4.9893  -5.4946  -5.9976  -6.4994  -7.0005  -7.5012  -8.0016
 -8.5018  -9.0019  -9.5020 -10.0021 -10.5021 -11.0022 -11.5022 -12.0022 -12.5024
-50.0000  -1.2984  -1.2984  -1.2983  -1.2982  -1.2980  -1.2975  -1.2960  -1.2927
 -1.2850  -1.2703  -1.2543  -1.2735  -1.4290  -1.8308  -2.3609  -2.9077  -3.4433
 -3.9665  -4.4809  -4.9893  -5.4946  -5.9976  -6.4994  -7.0005  -7.5012  -8.0016
 -8.5018  -9.0019  -9.5020 -10.0021 -10.5021 -11.0022 -11.5022 -12.0022 -12.5024
-50.0000  -1.2985  -1.2985  -1.2984  -1.2983  -1.2981  -1.2976  -1.2961  -1.2928
 -1.2851  -1.2704  -1.2544  -1.2736  -1.4291  -1.8309  -2.3610  -2.9078  -3.4434
 -3.9666  -4.4810  -4.9894  -5.4947  -5.9977  -6.4995  -7.0006  -7.5013  -8.0017
 -8.5019  -9.0020  -9.5021 -10.0022 -10.5022 -11.0023 -11.5023 -12.0023 -12.5025
-61.0000  -1.2984  -1.2984  -1.2983  -1.2982  -1.2980  -1.2975  -1.2960  -1.2927
 -1.2850  -1.2703  -1.2543  -1.2735  -1.4290  -1.8308  -2.3609  -2.9077  -3.4433
 -3.9665  -4.4809  -4.9893  -5.4946  -5.9976  -6.4994  -7.0005  -7.5012  -8.0016
 -8.5018  -9.0019  -9.5020 -10.0021 -10.5021 -11.0022 -11.5022 -12.0022 -12.5024
-60.0000  -1.2984  -1.2984  -1.2983  -1.2982  -1.2980  -1.2975  -1.2960  -1.2927
 -1.2850  -1.2703  -1.2543  -1.2735  -1.4290  -1.8308  -2.3609  -2.9077  -3.4433
 -3.9665  -4.4809  -4.9893  -5.4946  -5.9976  -6.4994  -7.0005  -7.5012  -8.0016
 -8.5018  -9.0019  -9.5020 -10.0021 -10.5021 -11.0022 -11.5022 -12.0022 -12.5024
-60.0000  -1.2984  -1.2984  -1.2983  -1.2982  -1.2980  -1.2975  -1.2960  -1.2927
 -1.2850  -1.2703  -1.2543  -1.2735  -1.4290  -1.8308  -2.3609  -2.9077  -3.4433
 -3.9665  -4.4809  -4.9893  -5.4946  -5.9976  -6.4994  -7.0005  -7.5012  -8.0016
 -8.5018  -9.0019  -9.5020 -10.0021 -10.5021 -11.0022 -11.5022 -12.0022 -12.5024
-60.0000  -1.2984  -1.2984  -1.2983  -1.2982  -1.2980  -1.2975  -1.2960  -1.2927
 -1.2850  -1.2703  -1.2543  -1.2735  -1.4290  -1.8308  -2.3609  -2.9077  -3.4433
 -3.9665  -4.4809  -4.9893  -5.4946  -5.9976  -6.4994  -7.0005  -7.5012  -8.0016
 -8.5018  -9.0019  -9.5020 -10.0021 -10.5021 -11.0022 -11.5022 -12.0022 -12.5024
-60.0000  -1.2984  -1.2984  -1.2983  -1.2982  -1.2980  -1.2975  -1.2960  -1.2927
 -1.2850  -1.2703  -1.2543  -1.2735  -1.4290  -1.8308  -2.3609  -2.9077  -3.4433
 -3.9665  -4.4809  -4.9893  -5.4946  -5.9976  -6.4994  -7.0005  -7.5012  -8.0016
 -8.5018  -9.0019  -9.5020 -10.0021 -10.5021 -11.0022 -11.5022 -12.0022 -12.5024
-60.0000  -1.2984  -1.2984  -1.2983  -1.2982  -1.2980  -1.2975  -1.2960  -1.2927
 -1.2850  -1.2703  -1.2543  -1.2735  -1.4290  -1.8308  -2.3609  -2.9077  -3.4433
 -3.9665  -4.4809  -4.9893  -5.4946  -5.9976  -6.4994  -7.0005  -7.5012  -8.0016
 -8.5018  -9.0019  -9.5020 -10.0021 -10.5021 -11.0022 -11.5022 -12.0022 -12.5024
-60.0000  -1.2981  -1.2981  -1.2980  -1.2979  -1.2977  -1.2972  -1.2957  -1.2924
 -1.2847  -1.2700  -1.2540  -1.2732  -1.4287  -1.8305  -2.3606  -2.9074  -3.4430
 -3.9662  -4.4806  -4.9890  -5.4943  -5.9973  -6.4991  -7.0002  -7.5009  -8.0013
 -8.5015  -9.0016  -9.5017 -10.0018 -10.5018 -11.0019 -11.5019 -12.0019 -12.5021
-71.0000  -1.3023  -1.3023  -1.3022  -1.3021  -1.3019  -1.3014  -1.2999  -1.2966
 -1.2889  -1.2742  -1.2582  -1.2774  -1.4329  -1.8347  -2.3648  -2.9116  -3.4472
 -3.9704  -4.4848  -4.9932  -5.4985  -6.0015  -6.5033  -7.0044  -7.5051  -8.0055
 -8.5057  -9.0058  -9.5059 -10.0060 -10.5060 -11.0061 -11.5061 -12.0061 -12.5063
-70.0000  -1.3023  -1.3023  -1.3022  -1.3021  -1.3019  -1.3014  -1.2999  -1.2966
 -1.2889  -1.2742  -1.2582  -1.2774  -1.4329  -1.8347  -2.3648  -2.9116  -3.4472
 -3.9704  -4.4848  -4.9932  -5.4985  -6.0015  -6.5033  -7.0044  -7.5051  -8.0055
 -8.5057  -9.0058  -9.5059 -10.0060 -10.5060 -11.0061 -11.5061 -12.0061 -12.5063
-70.0000  -1.3023  -1.3023  -1.3022  -1.3021  -1.3019  -1.3014  -1.2999  -1.2966
 -1.2889  -1.2742  -1.2582  -1.2774  -1.4329  -1.8347  -2.3648  -2.9116  -3.4472
 -3.9704  -4.4848  -4.9932  -5.4985  -6.0015  -6.5033  -7.0044  -7.5051  -8.0055
 -8.5057  -9.0058  -9.5059 -10.0060 -10.5060 -11.0061 -11.5061 -12.0061 -12.5063
-70.0000  -1.3023  -1.3023  -1.3022  -1.3021  -1.3019  -1.3014  -1.2999  -1.2966
 -1.2889  -1.2742  -1.2582  -1.2774  -1.4329  -1.8347  -2.3648  -2.9116  -3.4472
 -3.9704  -4.4848  -4.9932  -5.4985  -6.0015  -6.5033  -7.0044  -7.5051  -8.0055
 -8.5057  -9.0058  -9.5059 -10.0060 -10.5060 -11.0061 -11.5061 -12.0061 -12.5063
-70.0000  -1.3023  -1.3023  -1.3022  -1.3021  -1.3019  -1.3014  -1.2999  -1.2966
 -1.2889  -1.2742  -1.2582  -1.2774  -1.4329  -1.8347  -2.3648  -2.9116  -3.4472
 -3.9704  -4.4848  -4.9932  -5.4985  -6.0015  -6.5033  -7.0044  -7.5051  -8.0055
 -8.5057  -9.0058  -9.5059 -10.0060 -10.5060 -11.0061 -11.5061 -12.0061 -12.5063
-70.0000  -1.3023  -1.3023  -1.3022  -1.3021  -1.3019  -1.3014  -1.2999  -1.2966
 -1.2889  -1.2742  -1.2582  -1.2774  -1.4329  -1.8347  -2.3648  -2.9116  -3.4472
 -3.9704  -4.4848  -4.9932  -5.4985  -6.0015  -6.5033  -7.0044  -7.5051  -8.0055
 -8.5057  -9.0058  -9.5059 -10.0060 -10.5060 -11.0061 -11.5061 -12.0061 -12.5063
-70.0000  -1.3023  -1.3023  -1.3022  -1.3021  -1.3019  -1.3014  -1.2999  -1.2966
 -1.2889  -1.2742  -1.2582  -1.2774  -1.4329  -1.8347  -2.3648  -2.9116  -3.4472
 -3.9704  -4.4848  -4.9932  -5.4985  -6.0015  -6.5033  -7.0044  -7.5051  -8.0055
 -8.5057  -9.0058  -9.5059 -10.0060 -10.5060 -11.0061 -11.5061 -12.0061 -12.5063
nl= 3 nu=20
  0.0000  -1.8047  -1.8047  -1.8047  -1.8047  -1.8047  -1.8047  -1.8047  -1.8048
 -1.8050  -1.8056  -1.8070  -1.8104  -1.8192  -1.8411  -1.8958  -2.0319  -2.3618
 -3.0790  -3.9669  -4.5682  -5.1039  -5.6260  -6.1522  -6.7213  -7.4309  -7.9347
 -8.4367  -8.9380  -9.4389  -9.9394 -10.4397 -10.9399 -11.4400 -11.9401 -12.4403
  0.0000  -1.9305  -1.9305  -1.9305  -1.9305  -1.9305  -1.9305  -1.9305  -1.9305
 -1.9307  -1.9310  -1.9317  -1.9336  -1.9384  -1.9503  -1.9802  -2.0552  -2.2415
 -2.6939  -3.6402  -4.5189  -5.0853  -5.6163  -6.1464  -6.7173  -7.4270  -7.9325
 -8.4356  -8.9376  -9.4388  -9.9396 -10.4401 -10.9404 -11.4406 -11.9408 -12.4411
  0.0000  -2.0660  -2.0660  -2.0660  -2.0660  -2.0660  -2.0660  -2.0660  -2.0661
 -2.0661  -2.0663  -2.0667  -2.0677  -2.0702  -2.0765  -2.0923  -2.1319  -2.2312
 -2.4785  -3.0795  -4.2571  -5.0509  -5.6012  -6.1376  -6.7110  -7.4206  -7.9290
 -8.4335  -8.9366  -9.4386  -9.9398 -10.4406 -10.9411 -11.4414 -11.9417 -12.4422
  0.0000  -2.2054  -2.2054  -2.2054  -2.2054  -2.2054  -2.2054  -2.2054  -2.2055
 -2.2055  -2.2056  -2.2058  -2.2063  -2.2076  -2.2108  -2.2190  -2.2395  -2.2909
 -2.4197  -2.7411  -3.5222  -4.8879  -5.5734  -6.1224  -6.6993  -7.4083  -7.9210
 -8.4275  -8.9321  -9.4352  -9.9372 -10.4385 -10.9393 -11.4398 -11.9403 -12.4411
  0.0000  -2.3507  -2.3507  -2.3507  -2.3507  -2.3507  -2.3507  -2.3507  -2.3507
 -2.3507  -2.3507  -2.3508  -2.3511  -2.3517  -2.3534  -2.3576  -2.3680  -2.3942
 -2.4600  -2.6251  -3.0372  -4.0371  -5.4920  -6.1025  -6.6860  -7.3938  -7.9119
 -8.4209  -8.9277  -9.4323  -9.9356 -10.4377 -10.9390 -11.4398 -11.9406 -12.4420
  0.0000  -2.4968  -2.4968  -2.4968  -2.4968  -2.4968  -2.4968  -2.4968  -2.4968
 -2.4968  -2.4969  -2.4969  -2.4971  -2.4974  -2.4982  -2.5003  -2.5056  -2.5189
 -2.5522  -2.6358  -2.8455  -3.3698  -4.6340  -6.0588  -6.6677  -7.3749  -7.8995
 -8.4100  -8.9196  -9.4265  -9.9312 -10.4346 -10.9367 -11.4381 -11.9395 -12.4416
  0.0000  -2.6471  -2.6471  -2.6471  -2.6471  -2.6471  -2.6471  -2.6471  -2.6471
 -2.6471  -2.6471  -2.6471  -2.6472  -2.6473  -2.6478  -2.6488  -2.6515  -2.6581
 -2.6749  -2.7170  -2.8227  -3.0880  -3.7515  -5.3286  -6.6405  -7.3565  -7.8911
 -8.4001  -8.9114  -9.4208  -9.9279 -10.4327 -10.9361 -11.4383 -11.9405 -12.4441
  0.0000  -1.5801  -1.5801  -1.5801  -1.5801  -1.5801  -1.5802  -1.5803  -1.5806
 -1.5813  -1.5830  -1.5874  -1.5984  -1.6260  -1.6943  -1.8594  -2.2295  -2.8672
 -3.5128  -4.0769  -4.6092  -5.1380  -5.6859  -6.3635  -6.9322  -7.4355  -7.9375
 -8.4387  -8.9395  -9.4400  -9.9403 -10.4405 -10.9406 -11.4407 -11.9408 -12.4409
  0.0000  -1.6692  -1.6692  -1.6692  -1.6692  -1.6692  -1.6692  -1.6693  -1.6695
 -1.6699  -1.6710  -1.6737  -1.6806  -1.6979  -1.7409  -1.8474  -2.1038  -2.6588
 -3.4371  -4.0532  -4.5974  -5.1304  -5.6805  -6.3582  -6.9285  -7.4328  -7.9358
 -8.4377  -8.9388  -9.4395  -9.9400 -10.4403 -10.9404 -11.4405 -11.9406 -12.4406
  0.0000  -1.7777  -1.7777  -1.7777  -1.7777  -1.7777  -1.7778  -1.7778  -1.7779
 -1.7781  -1.7788  -1.7804  -1.7843  -1.7943  -1.8193  -1.8818  -2.0366  -2.4085
 -3.1784  -4.0022  -4.5794  -5.1200  -5.6730  -6.3505  -6.9230  -7.4293  -7.9334
 -8.4362  -8.9379  -9.4390  -9.9397 -10.4402 -10.9405 -11.4406 -11.9407 -12.4411
  0.0000  -1.9005  -1.9005  -1.9005  -1.9005  -1.9005  -1.9005  -1.9005  -1.9006
 -1.9007  -1.9010  -1.9019  -1.9041  -1.9096  -1.9233  -1.9577  -2.0438  -2.2575
 -2.7706  -3.7650  -4.5451  -5.1047  -5.6624  -6.3391  -6.9144  -7.4232  -7.9291
 -8.4332  -8.9359  -9.4376  -9.9387 -10.4394 -10.9399 -11.4402 -11.9405 -12.4411
  0.0000  -2.0340  -2.0340  -2.0340  -2.0340  -2.0340  -2.0340  -2.0341  -2.0341
 -2.0342  -2.0343  -2.0348  -2.0359  -2.0388  -2.0461  -2.0643  -2.1101  -2.2247
 -2.5094  -3.1931  -4.3840  -5.0808  -5.6498  -6.3253  -6.9036  -7.4148  -7.9232
 -8.4292  -8.9332  -9.4360  -9.9378 -10.4389 -10.9396 -11.4401 -11.9406 -12.4413
  0.0000  -2.1742  -2.1742  -2.1742  -2.1742  -2.1742  -2.1742  -2.1742  -2.1742
 -2.1742  -2.1743  -2.1746  -2.1752  -2.1767  -2.1804  -2.1899  -2.2136  -2.2730
 -2.4220  -2.7930  -3.6820  -4.9936  -5.6330  -6.3097  -6.8921  -7.4042  -7.9146
 -8.4230  -8.9290  -9.4331  -9.9361 -10.4379 -10.9390 -11.4398 -11.9406 -12.4417
  0.0000  -2.3180  -2.3180  -2.3180  -2.3180  -2.3180  -2.3180  -2.3180  -2.3180
 -2.3180  -2.3181  -2.3182  -2.3185  -2.3192  -2.3212  -2.3260  -2.3381  -2.3684
 -2.4447  -2.6358  -3.1121  -4.2474  -5.5871  -6.2896  -6.8831  -7.3928  -7.9031
 -8.4134  -8.9219  -9.4280  -9.9321 -10.4351 -10.9369 -11.4381 -11.9393 -12.4411
  0.0000  -1.4587  -1.4587  -1.4588  -1.4588  -1.4588  -1.4589  -1.4591  -1.4597
 -1.4611  -1.4646  -1.4735  -1.4956  -1.5499  -1.6786  -1.9569  -2.4338  -3.0034
 -3.5600  -4.1079  -4.6537  -5.2555  -5.9262  -6.4317  -6.9352  -7.4373  -7.9385
 -8.4393  -8.9398  -9.4401  -9.9403 -10.4404 -10.9405 -11.4406 -11.9407 -12.4408
  0.0000  -1.4980  -1.4980  -1.4980  -1.4980  -1.4980  -1.4981  -1.4983  -1.4987
 -1.4998  -1.5026  -1.5096  -1.5270  -1.5701  -1.6748  -1.9144  -2.3756  -2.9769
 -3.5490  -4.1001  -4.6479  -5.2506  -5.9215  -6.4287  -6.9331  -7.4360  -7.9377
 -8.4388  -8.9395  -9.4399  -9.9402 -10.4404 -10.9405 -11.4405 -11.9405 -12.4406
  0.0000  -1.5591  -1.5591  -1.5591  -1.5592  -1.5592  -1.5592  -1.5593  -1.5597
 -1.5604  -1.5624  -1.5673  -1.5795  -1.6101  -1.6857  -1.8672  -2.2652  -2.9086
 -3.5295  -4.0894  -4.6402  -5.2435  -5.9144  -6.4240  -6.9298  -7.4337  -7.9363
 -8.4379  -8.9389  -9.4395  -9.9400 -10.4402 -10.9404 -11.4405 -11.9406 -12.4409
  0.0000  -1.6430  -1.6430  -1.6430  -1.6430  -1.6430  -1.6431  -1.6431  -1.6433
 -1.6438  -1.6451  -1.6482  -1.6559  -1.6754  -1.7241  -1.8441  -2.1301  -2.7263
 -3.4787  -4.0730  -4.6300  -5.2336  -5.9037  -6.4163  -6.9241  -7.4296  -7.9332
 -8.4357  -8.9373  -9.4383  -9.9389 -10.4393 -10.9395 -11.4397 -11.9399 -12.4400
  0.0000  -1.7495  -1.7495  -1.7495  -1.7495  -1.7495  -1.7495  -1.7496  -1.7497
 -1.7500  -1.7507  -1.7525  -1.7570  -1.7685  -1.7971  -1.8684  -2.0447  -2.4633
 -3.2781  -4.0418  -4.6194  -5.2245  -5.8929  -6.4080  -6.9178  -7.4255  -7.9308
 -8.4345  -8.9369  -9.4385  -9.9394 -10.4401 -10.9405 -11.4407 -11.9409 -12.4413
  0.0000  -1.8705  -1.8705  -1.8705  -1.8705  -1.8705  -1.8705  -1.8705  -1.8706
 -1.8707  -1.8711  -1.8721  -1.8746  -1.8809  -1.8967  -1.9363  -2.0353  -2.2802
 -2.8603  -3.8817  -4.5986  -5.2136  -5.8813  -6.3974  -6.9076  -7.4174  -7.9251
 -8.4304  -8.9341  -9.4366  -9.9381 -10.4391 -10.9397 -11.4402 -11.9407 -12.4412
  0.0000  -2.0023  -2.0023  -2.0023  -2.0023  -2.0023  -2.0023  -2.0023  -2.0023
 -2.0024  -2.0026  -2.0032  -2.0045  -2.0078  -2.0162  -2.0373  -2.0901  -2.2222
 -2.5497  -3.3237  -4.5007  -5.1974  -5.8728  -6.3898  -6.8969  -7.4073  -7.9169
 -8.4244  -8.9298  -9.4335  -9.9360 -10.4375 -10.9385 -11.4391 -11.9397 -12.4408
  0.0000  -1.4245  -1.4245  -1.4245  -1.4246  -1.4246  -1.4247  -1.4250  -1.4257
 -1.4274  -1.4318  -1.4426  -1.4695  -1.5349  -1.6863  -1.9937  -2.4724  -3.0267
 -3.5888  -4.1906  -4.9122  -5.4242  -5.9307  -6.4349  -6.9372  -7.4386  -7.9394
 -8.4400  -8.9403  -9.4405  -9.9406 -10.4407 -10.9408 -11.4408 -11.9408 -12.4410
  0.0000  -1.4312  -1.4312  -1.4312  -1.4312  -1.4313  -1.4314  -1.4316  -1.4323
 -1.4340  -1.4382  -1.4486  -1.4745  -1.5377  -1.6842  -1.9856  -2.4644  -3.0214
 -3.5841  -4.1855  -4.9064  -5.4205  -5.9283  -6.4331  -6.9361  -7.4379  -7.9390
 -8.4397  -8.9401  -9.4404  -9.9406 -10.4407 -10.9407 -11.4408 -11.9409 -12.4408
  0.0000  -1.4468  -1.4468  -1.4468  -1.4469  -1.4469  -1.4470  -1.4472  -1.4478
 -1.4493  -1.4531  -1.4625  -1.4858  -1.5431  -1.6783  -1.9667  -2.4486  -3.0149
 -3.5791  -4.1788  -4.8983  -5.4146  -5.9240  -6.4301  -6.9341  -7.4366  -7.9381
 -8.4391  -8.9397  -9.4401  -9.9403 -10.4405 -10.9406 -11.4406 -11.9406 -12.4407
  0.0000  -1.4798  -1.4798  -1.4798  -1.4798  -1.4798  -1.4799  -1.4801  -1.4806
 -1.4818  -1.4848  -1.4924  -1.5114  -1.5583  -1.6718  -1.9282  -2.4055  -3.0009
 -3.5737  -4.1717  -4.8882  -5.4068  -5.9180  -6.4259  -6.9311  -7.4347  -7.9370
 -8.4384  -8.9393  -9.4399  -9.9402 -10.4405 -10.9406 -11.4407 -11.9408 -12.4408
  0.0000  -1.5348  -1.5348  -1.5348  -1.5348  -1.5348  -1.5349  -1.5350  -1.5354
 -1.5362  -1.5384  -1.5439  -1.5576  -1.5917  -1.6757  -1.8761  -2.3047  -2.9540
 -3.5640  -4.1640  -4.8768  -5.3969  -5.9088  -6.4187  -6.9259  -7.4307  -7.9342
 -8.4364  -8.9378  -9.4386  -9.9392 -10.4395 -10.9398 -11.4399 -11.9400 -12.4405
  0.0000  -1.6165  -1.6165  -1.6165  -1.6165  -1.6166  -1.6166  -1.6167  -1.6169
 -1.6175  -1.6189  -1.6224  -1.6312  -1.6533  -1.7083  -1.8436  -2.1629  -2.8007
 -3.5349  -4.1573  -4.8696  -5.3902  -5.8998  -6.4108  -6.9201  -7.4271  -7.9318
 -8.4351  -8.9373  -9.4387  -9.9395 -10.4401 -10.9404 -11.4407 -11.9410 -12.4412
  0.0000  -1.7194  -1.7194  -1.7194  -1.7194  -1.7195  -1.7195  -1.7195  -1.7197
 -1.7200  -1.7208  -1.7229  -1.7281  -1.7411  -1.7738  -1.8552  -2.0557  -2.5255
 -3.3802  -4.1370  -4.8631  -5.3892  -5.8917  -6.4011  -6.9114  -7.4204  -7.9272
 -8.4319  -8.9351  -9.4373  -9.9386 -10.4395 -10.9400 -11.4403 -11.9406 -12.4411
-10.0000  -1.3320  -1.3320  -1.3320  -1.3321  -1.3321  -1.3324  -1.3329  -1.3342
 -1.3373  -1.3448  -1.3620  -1.4036  -1.5029  -1.7208  -2.1127  -2.6226  -3.1444
 -3.6599  -4.2185  -4.9089  -5.3959  -5.8953  -6.4022  -6.9116  -7.4202  -7.9269
 -8.4315  -8.9347  -9.4369  -9.9382 -10.4391 -10.9396 -11.4399 -11.9402 -12.4407
-10.0000  -1.3408  -1.3408  -1.3408  -1.3409  -1.3409  -1.3411  -1.3416  -1.3427
 -1.3455  -1.3524  -1.3692  -1.4098  -1.5066  -1.7206  -2.1105  -2.6227  -3.1466
 -3.6630  -4.2218  -4.9123  -5.3995  -5.8989  -6.4058  -6.9152  -7.4238  -7.9305
 -8.4351  -8.9383  -9.4405  -9.9418 -10.4427 -10.9432 -11.4435 -11.9438 -12.4443
-10.0000  -1.3468  -1.3468  -1.3468  -1.3468  -1.3469  -1.3471  -1.3475  -1.3485
 -1.3510  -1.3574  -1.3731  -1.4117  -1.5040  -1.7104  -2.0958  -2.6125  -3.1408
 -3.6587  -4.2181  -4.9088  -5.3962  -5.8956  -6.4026  -6.9120  -7.4206  -7.9273
 -8.4319  -8.9351  -9.4373  -9.9386 -10.4395 -10.9400 -11.4403 -11.9406 -12.4411
-10.0000  -1.3632  -1.3632  -1.3632  -1.3632  -1.3633  -1.3634  -1.3638  -1.3647
 -1.3669  -1.3726  -1.3867  -1.4216  -1.5060  -1.6985  -2.0732  -2.5979  -3.1352
 -3.6565  -4.2170  -4.9081  -5.3960  -5.8955  -6.4025  -6.9119  -7.4205  -7.9272
 -8.4318  -8.9350  -9.4372  -9.9385 -10.4394 -10.9399 -11.4402 -11.9405 -12.4410
-10.0000  -1.3916  -1.3916  -1.3916  -1.3916  -1.3916  -1.3918  -1.3921  -1.3928
 -1.3947  -1.3995  -1.4113  -1.4408  -1.5129  -1.6818  -2.0321  -2.5674  -3.1239
 -3.6523  -4.2150  -4.9069  -5.3958  -5.8954  -6.4024  -6.9119  -7.4205  -7.9272
 -8.4318  -8.9350  -9.4372  -9.9385 -10.4394 -10.9399 -11.4402 -11.9405 -12.4410
-10.0000  -1.4363  -1.4363  -1.4363  -1.4364  -1.4364  -1.4365  -1.4367  -1.4373
 -1.4387  -1.4424  -1.4515  -1.4742  -1.5304  -1.6656  -1.9674  -2.5009  -3.0987
 -3.6430  -4.2104  -4.9040  -5.3949  -5.8946  -6.4017  -6.9112  -7.4199  -7.9266
 -8.4312  -8.9344  -9.4366  -9.9379 -10.4388 -10.9393 -11.4396 -11.9399 -12.4404
-10.0000  -1.5028  -1.5028  -1.5028  -1.5028  -1.5028  -1.5029  -1.5030  -1.5034
 -1.5044  -1.5069  -1.5133  -1.5291  -1.5685  -1.6653  -1.8948  -2.3732  -3.0395
 -3.6252  -4.2028  -4.8998  -5.3947  -5.8947  -6.4022  -6.9118  -7.4204  -7.9272
 -8.4318  -8.9350  -9.4372  -9.9385 -10.4394 -10.9399 -11.4402 -11.9405 -12.4410
 -1.0000  -1.4108  -1.4108  -1.4108  -1.4108  -1.4109  -1.4110  -1.4112  -1.4118
 -1.4133  -1.4172  -1.4269  -1.4513  -1.5126  -1.6622  -1.9852  -2.5386  -3.2689
 -3.8765  -4.4063  -4.9215  -5.4296  -5.9344  -6.4370  -6.9385  -7.4394  -7.9400
 -8.4403  -8.9405  -9.4406  -9.9407 -10.4408 -10.9408 -11.4408 -11.9408 -12.4408
  0.0000  -1.4117  -1.4117  -1.4117  -1.4117  -1.4117  -1.4118  -1.4121  -1.4127
 -1.4142  -1.4180  -1.4277  -1.4521  -1.5132  -1.6623  -1.9847  -2.5379  -3.2687
 -3.8766  -4.4065  -4.9218  -5.4299  -5.9347  -6.4373  -6.9388  -7.4397  -7.9403
 -8.4406  -8.9408  -9.4409  -9.9410 -10.4411 -10.9411 -11.4411 -11.9411 -12.4411
  0.0000  -1.4073  -1.4073  -1.4073  -1.4073  -1.4074  -1.4075  -1.4077  -1.4084
 -1.4100  -1.4142  -1.4245  -1.4504  -1.5142  -1.6659  -1.9871  -2.5372  -3.2649
 -3.8715  -4.4025  -4.9190  -5.4281  -5.9334  -6.4365  -6.9383  -7.4394  -7.9401
 -8.4405  -8.9407  -9.4409  -9.9410 -10.4410 -10.9411 -11.4411 -11.9411 -12.4413
  0.0000  -1.3993  -1.3993  -1.3993  -1.3994  -1.3994  -1.3995  -1.3998  -1.4005
 -1.4023  -1.4068  -1.4179  -1.4457  -1.5132  -1.6703  -1.9949  -2.5431  -3.2636
 -3.8651  -4.3963  -4.9143  -5.4247  -5.9309  -6.4349  -6.9372  -7.4386  -7.9395
 -8.4401  -8.9404  -9.4406  -9.9407 -10.4408 -10.9409 -11.4409 -11.9409 -12.4411
  1.0000  -1.4048  -1.4048  -1.4048  -1.4049  -1.4049  -1.4050  -1.4053  -1.4060
 -1.4077  -1.4120  -1.4228  -1.4497  -1.5152  -1.6685  -1.9887  -2.5360  -3.2595
 -3.8643  -4.3963  -4.9144  -5.4250  -5.9312  -6.4352  -6.9375  -7.4389  -7.9398
 -8.4404  -8.9407  -9.4409  -9.9410 -10.4411 -10.9412 -11.4412 -11.9412 -12.4414
  2.0000  -1.4147  -1.4147  -1.4147  -1.4147  -1.4147  -1.4148  -1.4151  -1.4157
 -1.4173  -1.4214  -1.4316  -1.4569  -1.5188  -1.6649  -1.9760  -2.5211  -3.2506
 -3.8621  -4.3954  -4.9140  -5.4248  -5.9310  -6.4351  -6.9374  -7.4388  -7.9397
 -8.4403  -8.9406  -9.4408  -9.9409 -10.4410 -10.9411 -11.4411 -11.9411 -12.4413
  3.0000  -1.4328  -1.4328  -1.4328  -1.4328  -1.4329  -1.4330  -1.4332  -1.4338
 -1.4352  -1.4389  -1.4480  -1.4707  -1.5266  -1.6600  -1.9533  -2.4918  -3.2324
 -3.8578  -4.3939  -4.9134  -5.4246  -5.9309  -6.4350  -6.9374  -7.4388  -7.9397
 -8.4403  -8.9406  -9.4408  -9.9409 -10.4410 -10.9411 -11.4411 -11.9411 -12.4413
  0.0000  -1.3639  -1.3639  -1.3639  -1.3640  -1.3640  -1.3641  -1.3644  -1.3650
 -1.3667  -1.3706  -1.3796  -1.4080  -1.4786  -1.6603  -2.0765  -2.7377  -3.3466
 -3.8898  -4.4124  -4.9245  -5.4313  -5.9352  -6.4375  -6.9388  -7.4395  -7.9400
 -8.4403  -8.9405  -9.4406  -9.9406 -10.4407 -10.9407 -11.4407 -11.9407 -12.4406
  0.0000  -1.3741  -1.3742  -1.3742  -1.3742  -1.3742  -1.3743  -1.3745  -1.3751
 -1.3766  -1.3805  -1.3902  -1.4152  -1.4810  -1.6527  -2.0581  -2.7308  -3.3403
 -3.8908  -4.4135  -4.9253  -5.4319  -5.9356  -6.4377  -6.9389  -7.4396  -7.9400
 -8.4402  -8.9404  -9.4405  -9.9405 -10.4406 -10.9406 -11.4406 -11.9406 -12.4405
  0.0000  -1.3712  -1.3712  -1.3712  -1.3712  -1.3713  -1.3714  -1.3717  -1.3723
 -1.3739  -1.3780  -1.3884  -1.4147  -1.4823  -1.6552  -2.0594  -2.7282  -3.3373
 -3.8884  -4.4118  -4.9242  -5.4312  -5.9351  -6.4373  -6.9387  -7.4394  -7.9399
 -8.4402  -8.9404  -9.4405  -9.9405 -10.4406 -10.9406 -11.4406 -11.9406 -12.4405
  0.0000  -1.3617  -1.3617  -1.3617  -1.3617  -1.3617  -1.3618  -1.3621  -1.3629
 -1.3647  -1.3692  -1.3806  -1.4094  -1.4818  -1.6620  -2.0735  -2.7300  -3.3330
 -3.8837  -4.4080  -4.9216  -5.4292  -5.9338  -6.4365  -6.9381  -7.4390  -7.9396
 -8.4400  -8.9402  -9.4403  -9.9404 -10.4405 -10.9405 -11.4405 -11.9405 -12.4405
  0.0000  -1.3476  -1.3476  -1.3476  -1.3476  -1.3477  -1.3478  -1.3481  -1.3489
 -1.3510  -1.3561  -1.3688  -1.4006  -1.4795  -1.6719  -2.0995  -2.7391  -3.3296
 -3.8774  -4.4022  -4.9172  -5.4263  -5.9318  -6.4352  -6.9372  -7.4385  -7.9393
 -8.4398  -8.9400  -9.4402  -9.9403 -10.4404 -10.9405 -11.4405 -11.9405 -12.4407
  1.0000  -1.3500  -1.3500  -1.3500  -1.3500  -1.3501  -1.3502  -1.3505  -1.3513
 -1.3533  -1.3583  -1.3709  -1.4023  -1.4800  -1.6703  -2.0941  -2.7349  -3.3282
 -3.8767  -4.4019  -4.9170  -5.4261  -5.9316  -6.4350  -6.9370  -7.4383  -7.9391
 -8.4396  -8.9398  -9.4400  -9.9401 -10.4402 -10.9403 -11.4403 -11.9403 -12.4405
  2.0000  -1.3552  -1.3552  -1.3552  -1.3552  -1.3553  -1.3554  -1.3557  -1.3565
 -1.3584  -1.3633  -1.3756  -1.4062  -1.4820  -1.6678  -2.0840  -2.7271  -3.3261
 -3.8761  -4.4018  -4.9171  -5.4262  -5.9318  -6.4352  -6.9372  -7.4385  -7.9393
 -8.4398  -8.9400  -9.4402  -9.9403 -10.4404 -10.9405 -11.4405 -11.9405 -12.4407
  0.0000  -1.2763  -1.2763  -1.2764  -1.2764  -1.2765  -1.2766  -1.2771  -1.2781
 -1.2808  -1.2876  -1.3049  -1.3484  -1.4600  -1.7457  -2.2566  -2.8179  -3.3605
 -3.8892  -4.4078  -4.9196  -5.4270  -5.9316  -6.4345  -6.9362  -7.4372  -7.9379
 -8.4383  -8.9385  -9.4387  -9.9388 -10.4388 -10.9389 -11.4389 -11.9389 -12.4391
  0.0000  -1.3363  -1.3363  -1.3363  -1.3363  -1.3364  -1.3364  -1.3366  -1.3370
 -1.3381  -1.3409  -1.3484  -1.3702  -1.4412  -1.6815  -2.2140  -2.8112  -3.3674
 -3.8988  -4.4161  -4.9257  -5.4314  -5.9346  -6.4364  -6.9374  -7.4381  -7.9385
 -8.4387  -8.9388  -9.4389  -9.9390 -10.4390 -10.9390 -11.4390 -11.9390 -12.4390
  0.0000  -1.3425  -1.3425  -1.3425  -1.3425  -1.3425  -1.3426  -1.3427  -1.3434
 -1.3451  -1.3467  -1.3533  -1.3731  -1.4398  -1.6744  -2.2098  -2.8109  -3.3680
 -3.8995  -4.4167  -4.9260  -5.4316  -5.9346  -6.4364  -6.9374  -7.4380  -7.9384
 -8.4386  -8.9387  -9.4388  -9.9389 -10.4389 -10.9389 -11.4389 -11.9389 -12.4389
  0.0000  -1.3282  -1.3282  -1.3282  -1.3282  -1.3282  -1.3283  -1.3286  -1.3292
 -1.3306  -1.3343  -1.3438  -1.3693  -1.4450  -1.6871  -2.2154  -2.8097  -3.3655
 -3.8971  -4.4148  -4.9247  -5.4306  -5.9340  -6.4359  -6.9370  -7.4377  -7.9381
 -8.4384  -8.9385  -9.4386  -9.9387 -10.4387 -10.9387 -11.4387 -11.9387 -12.4387
  0.0000  -1.3017  -1.3017  -1.3017  -1.3017  -1.3017  -1.3019  -1.3022  -1.3031
 -1.3054  -1.3110  -1.3252  -1.3607  -1.4544  -1.7140  -2.2301  -2.8094  -3.3611
 -3.8925  -4.4113  -4.9223  -5.4288  -5.9327  -6.4351  -6.9365  -7.4373  -7.9378
 -8.4381  -8.9383  -9.4384  -9.9385 -10.4386 -10.9386 -11.4386 -11.9386 -12.4386
  0.0000  -1.2689  -1.2689  -1.2689  -1.2689  -1.2690  -1.2692  -1.2697  -1.2709
 -1.2740  -1.2817  -1.3011  -1.3487  -1.4663  -1.7516  -2.2539  -2.8131  -3.3565
 -3.8862  -4.4058  -4.9183  -5.4259  -5.9307  -6.4337  -6.9355  -7.4366  -7.9373
 -8.4377  -8.9380  -9.4382  -9.9383 -10.4383 -10.9384 -11.4384 -11.9384 -12.4386
  0.0000  -1.2366  -1.2366  -1.2366  -1.2367  -1.2368  -1.2370  -1.2376  -1.2392
 -1.2430  -1.2525  -1.2764  -1.3352  -1.4777  -1.7930  -2.2872  -2.8232  -3.3544
 -3.8798  -4.3990  -4.9127  -5.4219  -5.9277  -6.4316  -6.9340  -7.4355  -7.9364
 -8.4370  -8.9373  -9.4376  -9.9377 -10.4378 -10.9379 -11.4379 -11.9379 -12.4381
 -1.0000  -1.3208  -1.3208  -1.3208  -1.3208  -1.3207  -1.3205  -1.3200  -1.3189
 -1.3163  -1.3110  -1.3039  -1.3157  -1.4253  -1.7617  -2.2861  -2.8370  -3.3767
 -3.9030  -4.4193  -4.9292  -5.4351  -5.9387  -6.4408  -6.9421  -7.4428  -7.9433
 -8.4436  -8.9438  -9.4439  -9.9439 -10.4440 -10.9440 -11.4440 -11.9440 -12.4439
  0.0000  -1.3208  -1.3208  -1.3208  -1.3208  -1.3207  -1.3205  -1.3200  -1.3189
 -1.3163  -1.3110  -1.3039  -1.3157  -1.4253  -1.7617  -2.2861  -2.8370  -3.3767
 -3.9030  -4.4193  -4.9292  -5.4351  -5.9387  -6.4408  -6.9421  -7.4428  -7.9433
 -8.4436  -8.9438  -9.4439  -9.9439 -10.4440 -10.9440 -11.4440 -11.9440 -12.4439
  0.0000  -1.3950  -1.3950  -1.3950  -1.3949  -1.3947  -1.3943  -1.3932  -1.3906
 -1.3842  -1.3702  -1.3443  -1.3223  -1.3886  -1.7145  -2.2701  -2.8388  -3.3836
 -3.9097  -4.4245  -4.9328  -5.4376  -5.9403  -6.4419  -6.9428  -7.4433  -7.9437
 -8.4438  -8.9440  -9.4440  -9.9441 -10.4441 -10.9441 -11.4441 -11.9441 -12.4441
  0.0000  -1.3978  -1.3978  -1.3978  -1.3977  -1.3975  -1.3971  -1.3960  -1.3932
 -1.3868  -1.3723  -1.3458  -1.3225  -1.3875  -1.7132  -2.2699  -2.8390  -3.3839
 -3.9100  -4.4247  -4.9330  -5.4378  -5.9405  -6.4420  -6.9429  -7.4435  -7.9438
 -8.4440  -8.9441  -9.4441  -9.9442 -10.4442 -10.9442 -11.4442 -11.9442 -12.4442
  0.0000  -1.3667  -1.3667  -1.3667  -1.3666  -1.3665  -1.3662  -1.3653  -1.3633
 -1.3586  -1.3480  -1.3298  -1.3206  -1.4021  -1.7299  -2.2739  -2.8374  -3.3811
 -3.9076  -4.4229  -4.9317  -5.4370  -5.9400  -6.4417  -6.9427  -7.4433  -7.9437
 -8.4439  -8.9440  -9.4441  -9.9442 -10.4442 -10.9442 -11.4442 -11.9442 -12.4442
  0.0000  -1.3189  -1.3189  -1.3189  -1.3189  -1.3188  -1.3186  -1.3183  -1.3173
 -1.3151  -1.3106  -1.3052  -1.3183  -1.4268  -1.7590  -2.2833  -2.8358  -3.3767
 -3.9034  -4.4198  -4.9296  -5.4354  -5.9390  -6.4411  -6.9423  -7.4431  -7.9435
 -8.4438  -8.9440  -9.4441  -9.9441 -10.4442 -10.9442 -11.4442 -11.9442 -12.4441
  0.0000  -1.2679  -1.2679  -1.2679  -1.2679  -1.2679  -1.2679  -1.2680  -1.2682
 -1.2686  -1.2703  -1.2786  -1.3162  -1.4554  -1.7951  -2.2989  -2.8368  -3.3722
 -3.8982  -4.4156  -4.9266  -5.4333  -5.9376  -6.4402  -6.9418  -7.4427  -7.9433
 -8.4437  -8.9439  -9.4440  -9.9441 -10.4442 -10.9442 -11.4442 -11.9442 -12.4442
-11.0000  -1.2679  -1.2679  -1.2678  -1.2678  -1.2678  -1.2678  -1.2679  -1.2681
 -1.2684  -1.2698  -1.2778  -1.3152  -1.4554  -1.7967  -2.3001  -2.8373  -3.3724
 -3.8983  -4.4156  -4.9266  -5.4333  -5.9376  -6.4402  -6.9418  -7.4427  -7.9433
 -8.4437  -8.9439  -9.4440  -9.9441 -10.4442 -10.9442 -11.4442 -11.9442 -12.4442
-10.0000  -1.2679  -1.2679  -1.2678  -1.2678  -1.2678  -1.2678  -1.2679  -1.2681
 -1.2684  -1.2698  -1.2778  -1.3152  -1.4554  -1.7967  -2.3001  -2.8373  -3.3724
 -3.8983  -4.4156  -4.9266  -5.4333  -5.9376  -6.4402  -6.9418  -7.4427  -7.9433
 -8.4437  -8.9439  -9.4440  -9.9441 -10.4442 -10.9442 -11.4442 -11.9442 -12.4442
-10.0000  -1.2679  -1.2679  -1.2678  -1.2678  -1.2678  -1.2678  -1.2679  -1.2681
 -1.2684  -1.2698  -1.2778  -1.3152  -1.4554  -1.7967  -2.3001  -2.8373  -3.3724
 -3.8983  -4.4156  -4.9266  -5.4333  -5.9376  -6.4402  -6.9418  -7.4427  -7.9433
 -8.4437  -8.9439  -9.4440  -9.9441 -10.4442 -10.9442 -11.4442 -11.9442 -12.4442
-10.0000  -1.2681  -1.2681  -1.2680  -1.2680  -1.2680  -1.2680  -1.2681  -1.2683
 -1.2686  -1.2700  -1.2780  -1.3154  -1.4556  -1.7969  -2.3003  -2.8375  -3.3726
 -3.8985  -4.4158  -4.9268  -5.4335  -5.9378  -6.4404  -6.9420  -7.4429  -7.9435
 -8.4439  -8.9441  -9.4442  -9.9443 -10.4444 -10.9444 -11.4444 -11.9444 -12.4444
-10.0000  -1.2681  -1.2681  -1.2681  -1.2681  -1.2681  -1.2681  -1.2682  -1.2684
 -1.2687  -1.2701  -1.2781  -1.3156  -1.4557  -1.7969  -2.3003  -2.8376  -3.3727
 -3.8986  -4.4159  -4.9269  -5.4336  -5.9379  -6.4405  -6.9421  -7.4430  -7.9436
 -8.4440  -8.9442  -9.4443  -9.9444 -10.4445 -10.9445 -11.4445 -11.9445 -12.4445
-10.0000  -1.2680  -1.2680  -1.2680  -1.2680  -1.2680  -1.2680  -1.2681  -1.2683
 -1.2686  -1.2701  -1.2781  -1.3155  -1.4556  -1.7967  -2.3002  -2.8374  -3.3726
 -3.8985  -4.4158  -4.9268  -5.4335  -5.9378  -6.4404  -6.9420  -7.4429  -7.9435
 -8.4439  -8.9441  -9.4442  -9.9443 -10.4444 -10.9444 -11.4444 -11.9444 -12.4444
-10.0000  -1.2679  -1.2679  -1.2679  -1.2679  -1.2679  -1.2680  -1.2680  -1.2682
 -1.2685  -1.2700  -1.2781  -1.3155  -1.4555  -1.7965  -2.2999  -2.8373  -3.3725
 -3.8984  -4.4157  -4.9267  -5.4334  -5.9377  -6.4403  -6.9419  -7.4428  -7.9434
 -8.4438  -8.9440  -9.4441  -9.9442 -10.4443 -10.9443 -11.4443 -11.9443 -12.4443
-21.0000  -1.2674  -1.2674  -1.2673  -1.2673  -1.2673  -1.2673  -1.2674  -1.2676
 -1.2679  -1.2693  -1.2773  -1.3147  -1.4549  -1.7962  -2.2996  -2.8368  -3.3719
 -3.8978  -4.4151  -4.9261  -5.4328  -5.9371  -6.4397  -6.9413  -7.4422  -7.9428
 -8.4432  -8.9434  -9.4435  -9.9436 -10.4437 -10.9437 -11.4437 -11.9437 -12.4437
-20.0000  -1.2674  -1.2674  -1.2673  -1.2673  -1.2673  -1.2673  -1.2674  -1.2676
 -1.2679  -1.2693  -1.2773  -1.3147  -1.4549  -1.7962  -2.2996  -2.8368  -3.3719
 -3.8978  -4.4151  -4.9261  -5.4328  -5.9371  -6.4397  -6.9413  -7.4422  -7.9428
 -8.4432  -8.9434  -9.4435  -9.9436 -10.4437 -10.9437 -11.4437 -11.9437 -12.4437
-20.0000  -1.2674  -1.2674  -1.2673  -1.2673  -1.2673  -1.2673  -1.2674  -1.2676
 -1.2679  -1.2693  -1.2773  -1.3147  -1.4549  -1.7962  -2.2996  -2.8368  -3.3719
 -3.8978  -4.4151  -4.9261  -5.4328  -5.9371  -6.4397  -6.9413  -7.4422  -7.9428
 -8.4432  -8.9434  -9.4435  -9.9436 -10.4437 -10.9437 -11.4437 -11.9437 -12.4437
-20.0000  -1.2681  -1.2681  -1.2680  -1.2680  -1.2680  -1.2680  -1.2681  -1.2683
 -1.2686  -1.2700  -1.2780  -1.3154  -1.4556  -1.7969  -2.3003  -2.8375  -3.3726
 -3.8985  -4.4158  -4.9268  -5.4335  -5.9378  -6.4404  -6.9420  -7.4429  -7.9435
 -8.4439  -8.9441  -9.4442  -9.9443 -10.4444 -10.9444 -11.4444 -11.9444 -12.4444
-20.0000  -1.2680  -1.2680  -1.2679  -1.2679  -1.2679  -1.2679  -1.2680  -1.2682
 -1.2685  -1.2699  -1.2779  -1.3153  -1.4555  -1.7968  -2.3002  -2.8374  -3.3725
 -3.8984  -4.4157  -4.9267  -5.4334  -5.9377  -6.4403  -6.9419  -7.4428  -7.9434
 -8.4438  -8.9440  -9.4441  -9.9442 -10.4443 -10.9443 -11.4443 -11.9443 -12.4443
-20.0000  -1.2680  -1.2680  -1.2679  -1.2679  -1.2679  -1.2679  -1.2680  -1.2682
 -1.2685  -1.2699  -1.2779  -1.3153  -1.4555  -1.7968  -2.3002  -2.8374  -3.3725
 -3.8984  -4.4157  -4.9267  -5.4334  -5.9377  -6.4403  -6.9419  -7.4428  -7.9434
 -8.4438  -8.9440  -9.4441  -9.9442 -10.4443 -10.9443 -11.4443 -11.9443 -12.4443
-20.0000  -1.2680  -1.2680  -1.2680  -1.2680  -1.2680  -1.2680  -1.2681  -1.2683
 -1.2686  -1.2700  -1.2780  -1.3154  -1.4556  -1.7968  -2.3002  -2.8375  -3.3726
 -3.8985  -4.4158  -4.9268  -5.4335  -5.9378  -6.4404  -6.9420  -7.4429  -7.9435
 -8.4439  -8.9441  -9.4442  -9.9443 -10.4444 -10.9444 -11.4444 -11.9444 -12.4444
-31.0000  -1.2680  -1.2680  -1.2679  -1.2679  -1.2679  -1.2679  -1.2680  -1.2682
 -1.2685  -1.2699  -1.2779  -1.3153  -1.4555  -1.7968  -2.3002  -2.8374  -3.3725
 -3.8984  -4.4157  -4.9267  -5.4334  -5.9377  -6.4403  -6.9419  -7.4428  -7.9434
 -8.4438  -8.9440  -9.4441  -9.9442 -10.4443 -10.9443 -11.4443 -11.9443 -12.4443
-30.0000  -1.2680  -1.2680  -1.2679  -1.2679  -1.2679  -1.2679  -1.2680  -1.2682
 -1.2685  -1.2699  -1.2779  -1.3153  -1.4555  -1.7968  -2.3002  -2.8374  -3.3725
 -3.8984  -4.4157  -4.9267  -5.4334  -5.9377  -6.4403  -6.9419  -7.4428  -7.9434
 -8.4438  -8.9440  -9.4441  -9.9442 -10.4443 -10.9443 -11.4443 -11.9443 -12.4443
-30.0000  -1.2680  -1.2680  -1.2679  -1.2679  -1.2679  -1.2679  -1.2680  -1.2682
 -1.2685  -1.2699  -1.2779  -1.3153  -1.4555  -1.7968  -2.3002  -2.8374  -3.3725
 -3.8984  -4.4157  -4.9267  -5.4334  -5.9377  -6.4403  -6.9419  -7.4428  -7.9434
 -8.4438  -8.9440  -9.4441  -9.9442 -10.4443 -10.9443 -11.4443 -11.9443 -12.4443
-30.0000  -1.2680  -1.2680  -1.2679  -1.2679  -1.2679  -1.2679  -1.2680  -1.2682
 -1.2685  -1.2699  -1.2779  -1.3153  -1.4555  -1.7968  -2.3002  -2.8374  -3.3725
 -3.8984  -4.4157  -4.9267  -5.4334  -5.9377  -6.4403  -6.9419  -7.4428  -7.9434
 -8.4438  -8.9440  -9.4441  -9.9442 -10.4443 -10.9443 -11.4443 -11.9443 -12.4443
-30.0000  -1.2680  -1.2680  -1.2679  -1.2679  -1.2679  -1.2679  -1.2680  -1.2682
 -1.2685  -1.2699  -1.2779  -1.3153  -1.4555  -1.7968  -2.3002  -2.8374  -3.3725
 -3.8984  -4.4157  -4.9267  -5.4334  -5.9377  -6.4403  -6.9419  -7.4428  -7.9434
 -8.4438  -8.9440  -9.4441  -9.9442 -10.4443 -10.9443 -11.4443 -11.9443 -12.4443
-30.0000  -1.2680  -1.2680  -1.2679  -1.2679  -1.2679  -1.2679  -1.2680  -1.2682
 -1.2685  -1.2699  -1.2779  -1.3153  -1.4555  -1.7968  -2.3002  -2.8374  -3.3725
 -3.8984  -4.4157  -4.9267  -5.4334  -5.9377  -6.4403  -6.9419  -7.4428  -7.9434
 -8.4438  -8.9440  -9.4441  -9.9442 -10.4443 -10.9443 -11.4443 -11.9443 -12.4443
-30.0000  -1.2680  -1.2680  -1.2679  -1.2679  -1.2679  -1.2679  -1.2680  -1.2682
 -1.2685  -1.2699  -1.2779  -1.3153  -1.4555  -1.7968  -2.3002  -2.8374  -3.3725
 -3.8984  -4.4157  -4.9267  -5.4334  -5.9377  -6.4403  -6.9419  -7.4428  -7.9434
 -8.4438  -8.9440  -9.4441  -9.9442 -10.4443 -10.9443 -11.4443 -11.9443 -12.4443
-41.0000  -1.2679  -1.2679  -1.2678  -1.2678  -1.2678  -1.2678  -1.2679  -1.2681
 -1.2684  -1.2698  -1.2778  -1.3152  -1.4554  -1.7967  -2.3001  -2.8373  -3.3724
 -3.8983  -4.4156  -4.9266  -5.4333  -5.9376  -6.4402  -6.9418  -7.4427  -7.9433
 -8.4437  -8.9439  -9.4440  -9.9441 -10.4442 -10.9442 -11.4442 -11.9442 -12.4442
-40.0000  -1.2679  -1.2679  -1.2678  -1.2678  -1.2678  -1.2678  -1.2679  -1.2681
 -1.2684  -1.2698  -1.2778  -1.3152  -1.4554  -1.7967  -2.3001  -2.8373  -3.3724
 -3.8983  -4.4156  -4.9266  -5.4333  -5.9376  -6.4402  -6.9418  -7.4427  -7.9433
 -8.4437  -8.9439  -9.4440  -9.9441 -10.4442 -10.9442 -11.4442 -11.9442 -12.4442
-40.0000  -1.2679  -1.2679  -1.2678  -1.2678  -1.2678  -1.2678  -1.2679  -1.2681
 -1.2684  -1.2698  -1.2778  -1.3152  -1.4554  -1.7967  -2.3001  -2.8373  -3.3724
 -3.8983  -4.4156  -4.9266  -5.4333  -5.9376  -6.4402  -6.9418  -7.4427  -7.9433
 -8.4437  -8.9439  -9.4440  -9.9441 -10.4442 -10.9442 -11.4442 -11.9442 -12.4442
-40.0000  -1.2679  -1.2679  -1.2678  -1.2678  -1.2678  -1.2678  -1.2679  -1.2681
 -1.2684  -1.2698  -1.2778  -1.3152  -1.4554  -1.7967  -2.3001  -2.8373  -3.3724
 -3.8983  -4.4156  -4.9266  -5.4333  -5.9376  -6.4402  -6.9418  -7.4427  -7.9433
 -8.4437  -8.9439  -9.4440  -9.9441 -10.4442 -10.9442 -11.4442 -11.9442 -12.4442
-40.0000  -1.2679  -1.2679  -1.2678  -1.2678  -1.2678  -1.2678  -1.2679  -1.2681
 -1.2684  -1.2698  -1.2778  -1.3152  -1.4554  -1.7967  -2.3001  -2.8373  -3.3724
 -3.8983  -4.4156  -4.9266  -5.4333  -5.9376  -6.4402  -6.9418  -7.4427  -7.9433
 -8.4437  -8.9439  -9.4440  -9.9441 -10.4442 -10.9442 -11.4442 -11.9442 -12.4442
-40.0000  -1.2680  -1.2680  -1.2679  -1.2679  -1.2679  -1.2679  -1.2680  -1.2682
 -1.2685  -1.2699  -1.2779  -1.3153  -1.4555  -1.7968  -2.3002  -2.8374  -3.3725
 -3.8984  -4.4157  -4.9267  -5.4334  -5.9377  -6.4403  -6.9419  -7.4428  -7.9434
 -8.4438  -8.9440  -9.4441  -9.9442 -10.4443 -10.9443 -11.4443 -11.9443 -12.4443
-40.0000  -1.2681  -1.2681  -1.2680  -1.2680  -1.2680  -1.2680  -1.2681  -1.2683
 -1.2686  -1.2700  -1.2780  -1.3154  -1.4556  -1.7969  -2.3003  -2.8375  -3.3726
 -3.8985  -4.4158  -4.9268  -5.4335  -5.9378  -6.4404  -6.9420  -7.4429  -7.9435
 -8.4439  -8.9441  -9.4442  -9.9443 -10.4444 -10.9444 -11.4444 -11.9444 -12.4444
-51.0000  -1.2678  -1.2678  -1.2677  -1.2677  -1.2677  -1.2677  -1.2678  -1.2680
 -1.2683  -1.2697  -1.2777  -1.3151  -1.4553  -1.7966  -2.3000  -2.8372  -3.3723
 -3.8982  -4.4155  -4.9265  -5.4332  -5.9375  -6.4401  -6.9417  -7.4426  -7.9432
 -8.4436  -8.9438  -9.4439  -9.9440 -10.4441 -10.9441 -11.4441 -11.9441 -12.4441
-50.0000  -1.2678  -1.2678  -1.2677  -1.2677  -1.2677  -1.2677  -1.2678  -1.2680
 -1.2683  -1.2697  -1.2777  -1.3151  -1.4553  -1.7966  -2.3000  -2.8372  -3.3723
 -3.8982  -4.4155  -4.9265  -5.4332  -5.9375  -6.4401  -6.9417  -7.4426  -7.9432
 -8.4436  -8.9438  -9.4439  -9.9440 -10.4441 -10.9441 -11.4441 -11.9441 -12.4441
-50.0000  -1.2678  -1.2678  -1.2677  -1.2677  -1.2677  -1.2677  -1.2678  -1.2680
 -1.2683  -1.2697  -1.2777  -1.3151  -1.4553  -1.7966  -2.3000  -2.8372  -3.3723
 -3.8982  -4.4155  -4.9265  -5.4332  -5.9375  -6.4401  -6.9417  -7.4426  -7.9432
 -8.4436  -8.9438  -9.4439  -9.9440 -10.4441 -10.9441 -11.4441 -11.9441 -12.4441
-50.0000  -1.2678  -1.2678  -1.2677  -1.2677  -1.2677  -1.2677  -1.2678  -1.2680
 -1.2683  -1.2697  -1.2777  -1.3151  -1.4553  -1.7966  -2.3000  -2.8372  -3.3723
 -3.8982  -4.4155  -4.9265  -5.4332  -5.9375  -6.4401  -6.9417  -7.4426  -7.9432
 -8.4436  -8.9438  -9.4439  -9.9440 -10.4441 -10.9441 -11.4441 -11.9441 -12.4441
-50.0000  -1.2678  -1.2678  -1.2677  -1.2677  -1.2677  -1.2677  -1.2678  -1.2680
 -1.2683  -1.2697  -1.2777  -1.3151  -1.4553  -1.7966  -2.3000  -2.8372  -3.3723
 -3.8982  -4.4155  -4.9265  -5.4332  -5.9375  -6.4401  -6.9417  -7.4426  -7.9432
 -8.4436  -8.9438  -9.4439  -9.9440 -10.4441 -10.9441 -11.4441 -11.9441 -12.4441
-50.0000  -1.2678  -1.2678  -1.2677  -1.2677  -1.2677  -1.2677  -1.2678  -1.2680
 -1.2683  -1.2697  -1.2777  -1.3151  -1.4553  -1.7966  -2.3000  -2.8372  -3.3723
 -3.8982  -4.4155  -4.9265  -5.4332  -5.9375  -6.4401  -6.9417  -7.4426  -7.9432
 -8.4436  -8.9438  -9.4439  -9.9440 -10.4441 -10.9441 -11.4441 -11.9441 -12.4441
-50.0000  -1.2680  -1.2680  -1.2679  -1.2679  -1.2679  -1.2679  -1.2680  -1.2682
 -1.2685  -1.2699  -1.2779  -1.3153  -1.4555  -1.7968  -2.3002  -2.8374  -3.3725
 -3.8984  -4.4157  -4.9267  -5.4334  -5.9377  -6.4403  -6.9419  -7.4428  -7.9434
 -8.4438  -8.9440  -9.4441  -9.9442 -10.4443 -10.9443 -11.4443 -11.9443 -12.4443
-61.0000  -1.2678  -1.2678  -1.2677  -1.2677  -1.2677  -1.2677  -1.2678  -1.2680
 -1.2683  -1.2697  -1.2777  -1.3151  -1.4553  -1.7966  -2.3000  -2.8372  -3.3723
 -3.8982  -4.4155  -4.9265  -5.4332  -5.9375  -6.4401  -6.9417  -7.4426  -7.9432
 -8.4436  -8.9438  -9.4439  -9.9440 -10.4441 -10.9441 -11.4441 -11.9441 -12.4441
-60.0000  -1.2678  -1.2678  -1.2677  -1.2677  -1.2677  -1.2677  -1.2678  -1.2680
 -1.2683  -1.2697  -1.2777  -1.3151  -1.4553  -1.7966  -2.3000  -2.8372  -3.3723
 -3.8982  -4.4155  -4.9265  -5.4332  -5.9375  -6.4401  -6.9417  -7.4426  -7.9432
 -8.4436  -8.9438  -9.4439  -9.9440 -10.4441 -10.9441 -11.4441 -11.9441 -12.4441
-60.0000  -1.2678  -1.2678  -1.2677  -1.2677  -1.2677  -1.2677  -1.2678  -1.2680
 -1.2683  -1.2697  -1.2777  -1.3151  -1.4553  -1.7966  -2.3000  -2.8372  -3.3723
 -3.8982  -4.4155  -4.9265  -5.4332  -5.9375  -6.4401  -6.9417  -7.4426  -7.9432
 -8.4436  -8.9438  -9.4439  -9.9440 -10.4441 -10.9441 -11.4441 -11.9441 -12.4441
-60.0000  -1.2678  -1.2678  -1.2677  -1.2677  -1.2677  -1.2677  -1.2678  -1.2680
 -1.2683  -1.2697  -1.2777  -1.3151  -1.4553  -1.7966  -2.3000  -2.8372  -3.3723
 -3.8982  -4.4155  -4.9265  -5.4332  -5.9375  -6.4401  -6.9417  -7.4426  -7.9432
 -8.4436  -8.9438  -9.4439  -9.9440 -10.4441 -10.9441 -11.4441 -11.9441 -12.4441
-60.0000  -1.2678  -1.2678  -1.2677  -1.2677  -1.2677  -1.2677  -1.2678  -1.2680
 -1.2683  -1.2697  -1.2777  -1.3151  -1.4553  -1.7966  -2.3000  -2.8372  -3.3723
 -3.8982  -4.4155  -4.9265  -5.4332  -5.9375  -6.4401  -6.9417  -7.4426  -7.9432
 -8.4436  -8.9438  -9.4439  -9.9440 -10.4441 -10.9441 -11.4441 -11.9441 -12.4441
-60.0000  -1.2678  -1.2678  -1.2677  -1.2677  -1.2677  -1.2677  -1.2678  -1.2680
 -1.2683  -1.2697  -1.2777  -1.3151  -1.4553  -1.7966  -2.3000  -2.8372  -3.3723
 -3.8982  -4.4155  -4.9265  -5.4332  -5.9375  -6.4401  -6.9417  -7.4426  -7.9432
 -8.4436  -8.9438  -9.4439  -9.9440 -10.4441 -10.9441 -11.4441 -11.9441 -12.4441
-60.0000  -1.2681  -1.2681  -1.2680  -1.2680  -1.2680  -1.2680  -1.2681  -1.2683
 -1.2686  -1.2700  -1.2780  -1.3154  -1.4556  -1.7969  -2.3003  -2.8375  -3.3726
 -3.8985  -4.4158  -4.9268  -5.4335  -5.9378  -6.4404  -6.9420  -7.4429  -7.9435
 -8.4439  -8.9441  -9.4442  -9.9443 -10.4444 -10.9444 -11.4444 -11.9444 -12.4444
-71.0000  -1.2645  -1.2645  -1.2644  -1.2644  -1.2644  -1.2644  -1.2645  -1.2647
 -1.2650  -1.2664  -1.2744  -1.3118  -1.4520  -1.7933  -2.2967  -2.8339  -3.3690
 -3.8949  -4.4122  -4.9232  -5.4299  -5.9342  -6.4368  -6.9384  -7.4393  -7.9399
 -8.4403  -8.9405  -9.4406  -9.9407 -10.4408 -10.9408 -11.4408 -11.9408 -12.4408
-70.0000  -1.2645  -1.2645  -1.2644  -1.2644  -1.2644  -1.2644  -1.2645  -1.2647
 -1.2650  -1.2664  -1.2744  -1.3118  -1.4520  -1.7933  -2.2967  -2.8339  -3.3690
 -3.8949  -4.4122  -4.9232  -5.4299  -5.9342  -6.4368  -6.9384  -7.4393  -7.9399
 -8.4403  -8.9405  -9.4406  -9.9407 -10.4408 -10.9408 -11.4408 -11.9408 -12.4408
-70.0000  -1.2645  -1.2645  -1.2644  -1.2644  -1.2644  -1.2644  -1.2645  -1.2647
 -1.2650  -1.2664  -1.2744  -1.3118  -1.4520  -1.7933  -2.2967  -2.8339  -3.3690
 -3.8949  -4.4122  -4.9232  -5.4299  -5.9342  -6.4368  -6.9384  -7.4393  -7.9399
 -8.4403  -8.9405  -9.4406  -9.9407 -10.4408 -10.9408 -11.4408 -11.9408 -12.4408
-70.0000  -1.2645  -1.2645  -1.2644  -1.2644  -1.2644  -1.2644  -1.2645  -1.2647
 -1.2650  -1.2664  -1.2744  -1.3118  -1.4520  -1.7933  -2.2967  -2.8339  -3.3690
 -3.8949  -4.4122  -4.9232  -5.4299  -5.9342  -6.4368  -6.9384  -7.4393  -7.9399
 -8.4403  -8.9405  -9.4406  -9.9407 -10.4408 -10.9408 -11.4408 -11.9408 -12.4408
-70.0000  -1.2645  -1.2645  -1.2644  -1.2644  -1.2644  -1.2644  -1.2645  -1.2647
 -1.2650  -1.2664  -1.2744  -1.3118  -1.4520  -1.7933  -2.2967  -2.8339  -3.3690
 -3.8949  -4.4122  -4.9232  -5.4299  -5.9342  -6.4368  -6.9384  -7.4393  -7.9399
 -8.4403  -8.9405  -9.4406  -9.9407 -10.4408 -10.9408 -11.4408 -11.9408 -12.4408
-70.0000  -1.2645  -1.2645  -1.2644  -1.2644  -1.2644  -1.2644  -1.2645  -1.2647
 -1.2650  -1.2664  -1.2744  -1.3118  -1.4520  -1.7933  -2.2967  -2.8339  -3.3690
 -3.8949  -4.4122  -4.9232  -5.4299  -5.9342  -6.4368  -6.9384  -7.4393  -7.9399
 -8.4403  -8.9405  -9.4406  -9.9407 -10.4408 -10.9408 -11.4408 -11.9408 -12.4408
-70.0000  -1.2645  -1.2645  -1.2644  -1.2644  -1.2644  -1.2644  -1.2645  -1.2647
 -1.2650  -1.2664  -1.2744  -1.3118  -1.4520  -1.7933  -2.2967  -2.8339  -3.3690
 -3.8949  -4.4122  -4.9232  -5.4299  -5.9342  -6.4368  -6.9384  -7.4393  -7.9399
 -8.4403  -8.9405  -9.4406  -9.9407 -10.4408 -10.9408 -11.4408 -11.9408 -12.4408
-81.0000  -1.2645  -1.2645  -1.2644  -1.2644  -1.2644  -1.2644  -1.2645  -1.2647
 -1.2650  -1.2664  -1.2744  -1.3118  -1.4520  -1.7933  -2.2967  -2.8339  -3.3690
 -3.8949  -4.4122  -4.9232  -5.4299  -5.9342  -6.4368  -6.9384  -7.4393  -7.9399
 -8.4403  -8.9405  -9.4406  -9.9407 -10.4408 -10.9408 -11.4408 -11.9408 -12.4408
-80.0000  -1.2645  -1.2645  -1.2644  -1.2644  -1.2644  -1.2644  -1.2645  -1.2647
 -1.2650  -1.2664  -1.2744  -1.3118  -1.4520  -1.7933  -2.2967  -2.8339  -3.3690
 -3.8949  -4.4122  -4.9232  -5.4299  -5.9342  -6.4368  -6.9384  -7.4393  -7.9399
 -8.4403  -8.9405  -9.4406  -9.9407 -10.4408 -10.9408 -11.4408 -11.9408 -12.4408
-80.0000  -1.2645  -1.2645  -1.2644  -1.2644  -1.2644  -1.2644  -1.2645  -1.2647
 -1.2650  -1.2664  -1.2744  -1.3118  -1.4520  -1.7933  -2.2967  -2.8339  -3.3690
 -3.8949  -4.4122  -4.9232  -5.4299  -5.9342  -6.4368  -6.9384  -7.4393  -7.9399
 -8.4403  -8.9405  -9.4406  -9.9407 -10.4408 -10.9408 -11.4408 -11.9408 -12.4408
-80.0000  -1.2645  -1.2645  -1.2644  -1.2644  -1.2644  -1.2644  -1.2645  -1.2647
 -1.2650  -1.2664  -1.2744  -1.3118  -1.4520  -1.7933  -2.2967  -2.8339  -3.3690
 -3.8949  -4.4122  -4.9232  -5.4299  -5.9342  -6.4368  -6.9384  -7.4393  -7.9399
 -8.4403  -8.9405  -9.4406  -9.9407 -10.4408 -10.9408 -11.4408 -11.9408 -12.4408
-80.0000  -1.2645  -1.2645  -1.2644  -1.2644  -1.2644  -1.2644  -1.2645  -1.2647
 -1.2650  -1.2664  -1.2744  -1.3118  -1.4520  -1.7933  -2.2967  -2.8339  -3.3690
 -3.8949  -4.4122  -4.9232  -5.4299  -5.9342  -6.4368  -6.9384  -7.4393  -7.9399
 -8.4403  -8.9405  -9.4406  -9.9407 -10.4408 -10.9408 -11.4408 -11.9408 -12.4408
-80.0000  -1.2645  -1.2645  -1.2644  -1.2644  -1.2644  -1.2644  -1.2645  -1.2647
 -1.2650  -1.2664  -1.2744  -1.3118  -1.4520  -1.7933  -2.2967  -2.8339  -3.3690
 -3.8949  -4.4122  -4.9232  -5.4299  -5.9342  -6.4368  -6.9384  -7.4393  -7.9399
 -8.4403  -8.9405  -9.4406  -9.9407 -10.4408 -10.9408 -11.4408 -11.9408 -12.4408
-80.0000  -1.2645  -1.2645  -1.2644  -1.2644  -1.2644  -1.2644  -1.2645  -1.2647
 -1.2650  -1.2664  -1.2744  -1.3118  -1.4520  -1.7933  -2.2967  -2.8339  -3.3690
 -3.8949  -4.4122  -4.9232  -5.4299  -5.9342  -6.4368  -6.9384  -7.4393  -7.9399
 -8.4403  -8.9405  -9.4406  -9.9407 -10.4408 -10.9408 -11.4408 -11.9408 -12.4408
nl= 3 nu=21
  0.0000  -1.8144  -1.8144  -1.8144  -1.8144  -1.8144  -1.8144  -1.8145  -1.8146
 -1.8148  -1.8153  -1.8167  -1.8200  -1.8285  -1.8498  -1.9029  -2.0347  -2.3532
 -3.0403  -3.9010  -4.5051  -5.0436  -5.5678  -6.1058  -6.7063  -7.3699  -7.8734
 -8.3753  -8.8766  -9.3773  -9.8778 -10.3781 -10.8783 -11.3784 -11.8785 -12.3787
  0.0000  -1.9356  -1.9356  -1.9356  -1.9356  -1.9356  -1.9356  -1.9357  -1.9357
 -1.9358  -1.9361  -1.9369  -1.9387  -1.9434  -1.9551  -1.9846  -2.0582  -2.2411
 -2.6832  -3.5965  -4.4540  -5.0236  -5.5572  -6.0989  -6.7010  -7.3653  -7.8704
 -8.3733  -8.8752  -9.3764  -9.8771 -10.3776 -10.8778 -11.3780 -11.8782 -12.3783
  0.0000  -2.0688  -2.0688  -2.0688  -2.0688  -2.0688  -2.0688  -2.0688  -2.0688
 -2.0689  -2.0690  -2.0694  -2.0704  -2.0729  -2.0791  -2.0948  -2.1341  -2.2325
 -2.4772  -3.0693  -4.2087  -4.9882  -5.5416  -6.0898  -6.6941  -7.3594  -7.8672
 -8.3715  -8.8744  -9.3762  -9.8774 -10.3781 -10.8786 -11.3788 -11.8790 -12.3796
  0.0000  -2.2072  -2.2072  -2.2072  -2.2072  -2.2072  -2.2072  -2.2073  -2.2073
 -2.2073  -2.2074  -2.2076  -2.2081  -2.2094  -2.2126  -2.2208  -2.2412  -2.2924
 -2.4207  -2.7404  -3.5139  -4.8340  -5.5135  -6.0743  -6.6819  -7.3484  -7.8600
 -8.3663  -8.8707  -9.3736  -9.8755 -10.3766 -10.8774 -11.3778 -11.8782 -12.3792
  0.0000  -2.3507  -2.3507  -2.3507  -2.3507  -2.3507  -2.3507  -2.3507  -2.3507
 -2.3507  -2.3508  -2.3509  -2.3512  -2.3518  -2.3535  -2.3576  -2.3681  -2.3943
 -2.4601  -2.6250  -3.0364  -4.0293  -5.4330  -6.0518  -6.6658  -7.3339  -7.8504
 -8.3593  -8.8658  -9.3703  -9.8732 -10.3752 -10.8764 -11.3771 -11.8778 -12.3791
  0.0000  -2.4983  -2.4983  -2.4983  -2.4983  -2.4983  -2.4983  -2.4983  -2.4983
 -2.4983  -2.4983  -2.4984  -2.4985  -2.4988  -2.4997  -2.5018  -2.5071  -2.5203
 -2.5537  -2.6374  -2.8475  -3.3719  -4.6288  -6.0077  -6.6458  -7.3178  -7.8397
 -8.3506  -8.8599  -9.3665  -9.8710 -10.3741 -10.8761 -11.3774 -11.8787 -12.3808
  0.0000  -2.6467  -2.6467  -2.6467  -2.6467  -2.6467  -2.6467  -2.6467  -2.6467
 -2.6467  -2.6467  -2.6468  -2.6468  -2.6470  -2.6474  -2.6485  -2.6511  -2.6578
 -2.6746  -2.7168  -2.8228  -3.0888  -3.7534  -5.3214  -6.6113  -7.2991  -7.8287
 -8.3392  -8.8507  -9.3598  -9.8666 -10.3710 -10.8743 -11.3763 -11.8783 -12.3820
  0.0000  -1.6018  -1.6018  -1.6018  -1.6018  -1.6018  -1.6019  -1.6020  -1.6022
 -1.6029  -1.6045  -1.6085  -1.6187  -1.6441  -1.7071  -1.8591  -2.2005  -2.8009
 -3.4428  -4.0112  -4.5480  -5.0794  -5.6455  -6.3647  -6.8702  -7.3732  -7.8752
 -8.3764  -8.8771  -9.3776  -9.8778 -10.3780 -10.8781 -11.3782 -11.8783 -12.3783
  0.0000  -1.6843  -1.6843  -1.6843  -1.6843  -1.6844  -1.6844  -1.6845  -1.6846
 -1.6850  -1.6861  -1.6887  -1.6952  -1.7115  -1.7523  -1.8532  -2.0954  -2.6180
 -3.3676  -3.9870  -4.5360  -5.0720  -5.6400  -6.3591  -6.8668  -7.3709  -7.8737
 -8.3754  -8.8765  -9.3772  -9.8776 -10.3779 -10.8781 -11.3782 -11.8783 -12.3785
  0.0000  -1.7870  -1.7870  -1.7870  -1.7870  -1.7870  -1.7870  -1.7870  -1.7871
 -1.7874  -1.7880  -1.7895  -1.7933  -1.8030  -1.8272  -1.8877  -2.0372  -2.3951
 -3.1300  -3.9343  -4.5166  -5.0609  -5.6317  -6.3501  -6.8613  -7.3670  -7.8710
 -8.3736  -8.8752  -9.3763  -9.8769 -10.3773 -10.8776 -11.3778 -11.8780 -12.3783
  0.0000  -1.9073  -1.9073  -1.9073  -1.9073  -1.9073  -1.9073  -1.9074  -1.9074
 -1.9075  -1.9079  -1.9087  -1.9109  -1.9162  -1.9297  -1.9635  -2.0480  -2.2573
 -2.7573  -3.7135  -4.4822  -5.0463  -5.6216  -6.3390  -6.8547  -7.3627  -7.8685
 -8.3723  -8.8749  -9.3765  -9.8775 -10.3781 -10.8785 -11.3788 -11.8791 -12.3795
  0.0000  -2.0368  -2.0368  -2.0368  -2.0368  -2.0368  -2.0368  -2.0368  -2.0368
 -2.0369  -2.0371  -2.0375  -2.0387  -2.0415  -2.0487  -2.0668  -2.1121  -2.2255
 -2.5069  -3.1788  -4.3269  -5.0195  -5.6058  -6.3215  -6.8431  -7.3531  -7.8613
 -8.3670  -8.8708  -9.3735  -9.8751 -10.3761 -10.8768 -11.3772 -11.8776 -12.3784
  0.0000  -2.1748  -2.1748  -2.1748  -2.1748  -2.1748  -2.1748  -2.1748  -2.1748
 -2.1749  -2.1749  -2.1752  -2.1758  -2.1773  -2.1810  -2.1904  -2.2140  -2.2733
 -2.4216  -2.7904  -3.6684  -4.9335  -5.5856  -6.3021  -6.8315  -7.3419  -7.8525
 -8.3606  -8.8663  -9.3702  -9.8729 -10.3746 -10.8757 -11.3764 -11.8771 -12.3783
  0.0000  -2.3196  -2.3196  -2.3196  -2.3196  -2.3196  -2.3196  -2.3196  -2.3196
 -2.3196  -2.3197  -2.3198  -2.3201  -2.3209  -2.3228  -2.3276  -2.3397  -2.3700
 -2.4462  -2.6371  -3.1124  -4.2368  -5.5389  -6.2797  -6.8253  -7.3322  -7.8436
 -8.3538  -8.8619  -9.3677  -9.8716 -10.3744 -10.8761 -11.3772 -11.8783 -12.3800
  0.0000  -1.4951  -1.4951  -1.4951  -1.4951  -1.4951  -1.4952  -1.4954  -1.4958
 -1.4971  -1.5001  -1.5076  -1.5264  -1.5728  -1.6837  -1.9282  -2.3685  -2.9291
 -3.4910  -4.0464  -4.6012  -5.2700  -5.8641  -6.3695  -6.8729  -7.3749  -7.8761
 -8.3769  -8.8774  -9.3777  -9.8778 -10.3780 -10.8780 -11.3781 -11.8782 -12.3780
  0.0000  -1.5283  -1.5283  -1.5283  -1.5283  -1.5283  -1.5284  -1.5285  -1.5289
 -1.5299  -1.5324  -1.5385  -1.5539  -1.5921  -1.6849  -1.8986  -2.3200  -2.9030
 -3.4799  -4.0386  -4.5959  -5.2647  -5.8601  -6.3670  -6.8713  -7.3741  -7.8757
 -8.3768  -8.8774  -9.3779  -9.8781 -10.3783 -10.8784 -11.3784 -11.8784 -12.3785
  0.0000  -1.5820  -1.5820  -1.5820  -1.5820  -1.5821  -1.5821  -1.5822  -1.5825
 -1.5832  -1.5850  -1.5895  -1.6007  -1.6288  -1.6981  -1.8644  -2.2303  -2.8386
 -3.4596  -4.0273  -4.5879  -5.2563  -5.8536  -6.3626  -6.8682  -7.3720  -7.8745
 -8.3760  -8.8769  -9.3775  -9.8779 -10.3781 -10.8783 -11.3784 -11.8785 -12.3788
  0.0000  -1.6597  -1.6597  -1.6597  -1.6597  -1.6597  -1.6597  -1.6598  -1.6600
 -1.6605  -1.6616  -1.6646  -1.6719  -1.6903  -1.7363  -1.8495  -2.1186  -2.6788
 -3.4089  -4.0103  -4.5777  -5.2453  -5.8444  -6.3559  -6.8636  -7.3688  -7.8724
 -8.3747  -8.8762  -9.3771  -9.8776 -10.3780 -10.8782 -11.3784 -11.8786 -12.3787
  0.0000  -1.7596  -1.7596  -1.7596  -1.7596  -1.7597  -1.7597  -1.7597  -1.7598
 -1.7601  -1.7608  -1.7625  -1.7669  -1.7780  -1.8056  -1.8745  -2.0444  -2.4459
 -3.2225  -3.9763  -4.5649  -5.2322  -5.8336  -6.3470  -6.8569  -7.3643  -7.8693
 -8.3729  -8.8751  -9.3766  -9.8775 -10.3780 -10.8784 -11.3786 -11.8788 -12.3793
  0.0000  -1.8765  -1.8765  -1.8765  -1.8765  -1.8765  -1.8765  -1.8765  -1.8766
 -1.8767  -1.8771  -1.8781  -1.8806  -1.8867  -1.9022  -1.9411  -2.0380  -2.2774
 -2.8413  -3.8231  -4.5425  -5.2168  -5.8229  -6.3361  -6.8472  -7.3567  -7.8641
 -8.3690  -8.8726  -9.3749  -9.8763 -10.3772 -10.8778 -11.3782 -11.8786 -12.3792
  0.0000  -2.0061  -2.0061  -2.0061  -2.0061  -2.0061  -2.0061  -2.0061  -2.0062
 -2.0063  -2.0065  -2.0070  -2.0083  -2.0116  -2.0199  -2.0408  -2.0931  -2.2237
 -2.5470  -3.3058  -4.4465  -5.1933  -5.8168  -6.3276  -6.8367  -7.3474  -7.8568
 -8.3640  -8.8690  -9.3725  -9.8748 -10.3762 -10.8771 -11.3777 -11.8783 -12.3792
  0.0000  -1.4683  -1.4683  -1.4683  -1.4683  -1.4684  -1.4685  -1.4687  -1.4692
 -1.4706  -1.4741  -1.4827  -1.5044  -1.5575  -1.6835  -1.9514  -2.4014  -2.9539
 -3.5282  -4.1710  -4.8489  -5.3616  -5.8682  -6.3725  -6.8748  -7.3762  -7.8771
 -8.3776  -8.8779  -9.3781  -9.8782 -10.3783 -10.8784 -11.3784 -11.8784 -12.3786
  0.0000  -1.4724  -1.4724  -1.4724  -1.4724  -1.4724  -1.4725  -1.4727  -1.4733
 -1.4747  -1.4781  -1.4866  -1.5079  -1.5602  -1.6834  -1.9463  -2.3937  -2.9479
 -3.5230  -4.1649  -4.8433  -5.3577  -5.8657  -6.3706  -6.8735  -7.3753  -7.8764
 -8.3770  -8.8775  -9.3777  -9.8779 -10.3780 -10.8780 -11.3781 -11.8782 -12.3781
  0.0000  -1.4839  -1.4839  -1.4839  -1.4839  -1.4839  -1.4840  -1.4842  -1.4847
 -1.4860  -1.4891  -1.4971  -1.5169  -1.5656  -1.6816  -1.9344  -2.3805  -2.9411
 -3.5178  -4.1575  -4.8357  -5.3524  -5.8620  -6.3679  -6.8719  -7.3743  -7.8758
 -8.3767  -8.8773  -9.3776  -9.8779 -10.3780 -10.8781 -11.3782 -11.8783 -12.3784
  0.0000  -1.5105  -1.5105  -1.5105  -1.5105  -1.5106  -1.5106  -1.5108  -1.5112
 -1.5123  -1.5150  -1.5216  -1.5384  -1.5797  -1.6799  -1.9080  -2.3453  -2.9272
 -3.5121  -4.1491  -4.8262  -5.3451  -5.8564  -6.3643  -6.8692  -7.3728  -7.8749
 -8.3763  -8.8771  -9.3776  -9.8780 -10.3782 -10.8783 -11.3784 -11.8785 -12.3786
  0.0000  -1.5587  -1.5587  -1.5587  -1.5588  -1.5588  -1.5588  -1.5589  -1.5593
 -1.5601  -1.5620  -1.5670  -1.5795  -1.6107  -1.6875  -1.8704  -2.2641  -2.8828
 -3.5023  -4.1400  -4.8157  -5.3356  -5.8482  -6.3581  -6.8650  -7.3697  -7.8730
 -8.3750  -8.8763  -9.3771  -9.8777 -10.3780 -10.8782 -11.3783 -11.8784 -12.3786
  0.0000  -1.6324  -1.6324  -1.6324  -1.6324  -1.6324  -1.6325  -1.6326  -1.6328
 -1.6333  -1.6346  -1.6379  -1.6462  -1.6670  -1.7189  -1.8462  -2.1459  -2.7457
 -3.4708  -4.1293  -4.8078  -5.3274  -5.8385  -6.3497  -6.8589  -7.3656  -7.8701
 -8.3732  -8.8753  -9.3765  -9.8773 -10.3779 -10.8782 -11.3784 -11.8786 -12.3788
  0.0000  -1.7306  -1.7306  -1.7306  -1.7306  -1.7306  -1.7306  -1.7307  -1.7308
 -1.7311  -1.7319  -1.7339  -1.7389  -1.7515  -1.7830  -1.8615  -2.0543  -2.5041
 -3.3245  -4.1043  -4.8034  -5.3254  -5.8308  -6.3412  -6.8516  -7.3604  -7.8669
 -8.3712  -8.8743  -9.3763  -9.8776 -10.3784 -10.8789 -11.3792 -11.8795 -12.3800
-10.0000  -1.3792  -1.3792  -1.3792  -1.3792  -1.3793  -1.3794  -1.3797  -1.3805
 -1.3825  -1.3878  -1.4015  -1.4357  -1.5182  -1.7027  -2.0528  -2.5450  -3.0701
 -3.5994  -4.1969  -4.8414  -5.3319  -5.8334  -6.3414  -6.8509  -7.3593  -7.8657
 -8.3699  -8.8730  -9.3750  -9.8763 -10.3771 -10.8776 -11.3779 -11.8782 -12.3787
-10.0000  -1.3827  -1.3827  -1.3827  -1.3827  -1.3828  -1.3829  -1.3832  -1.3840
 -1.3861  -1.3914  -1.4048  -1.4381  -1.5188  -1.7004  -2.0481  -2.5417  -3.0687
 -3.5988  -4.1966  -4.8412  -5.3319  -5.8334  -6.3414  -6.8509  -7.3593  -7.8657
 -8.3699  -8.8730  -9.3750  -9.8763 -10.3771 -10.8776 -11.3779 -11.8782 -12.3787
-10.0000  -1.3899  -1.3899  -1.3899  -1.3899  -1.3899  -1.3901  -1.3904  -1.3912
 -1.3932  -1.3984  -1.4112  -1.4430  -1.5203  -1.6961  -2.0391  -2.5351  -3.0661
 -3.5978  -4.1962  -4.8411  -5.3319  -5.8334  -6.3415  -6.8510  -7.3594  -7.8658
 -8.3700  -8.8731  -9.3751  -9.8764 -10.3772 -10.8777 -11.3780 -11.8783 -12.3788
-10.0000  -1.4033  -1.4033  -1.4033  -1.4033  -1.4034  -1.4035  -1.4038  -1.4045
 -1.4064  -1.4111  -1.4230  -1.4523  -1.5237  -1.6888  -2.0215  -2.5214  -3.0605
 -3.5957  -4.1950  -4.8406  -5.3318  -5.8334  -6.3415  -6.8510  -7.3594  -7.8658
 -8.3700  -8.8731  -9.3751  -9.8764 -10.3772 -10.8777 -11.3780 -11.8783 -12.3788
-10.0000  -1.4273  -1.4273  -1.4273  -1.4273  -1.4273  -1.4274  -1.4277  -1.4283
 -1.4300  -1.4340  -1.4442  -1.4696  -1.5319  -1.6788  -1.9898  -2.4930  -3.0491
 -3.5913  -4.1928  -4.8396  -5.3316  -5.8333  -6.3414  -6.8510  -7.3594  -7.8658
 -8.3700  -8.8731  -9.3751  -9.8764 -10.3772 -10.8777 -11.3780 -11.8783 -12.3788
-10.0000  -1.4668  -1.4668  -1.4668  -1.4668  -1.4669  -1.4670  -1.4672  -1.4677
 -1.4690  -1.4722  -1.4803  -1.5004  -1.5503  -1.6706  -1.9409  -2.4344  -3.0244
 -3.5823  -4.1883  -4.8377  -5.3313  -5.8332  -6.3414  -6.8510  -7.3595  -7.8659
 -8.3701  -8.8732  -9.3752  -9.8765 -10.3773 -10.8778 -11.3781 -11.8784 -12.3789
-10.0000  -1.5259  -1.5259  -1.5260  -1.5260  -1.5260  -1.5260  -1.5262  -1.5266
 -1.5275  -1.5298  -1.5356  -1.5500  -1.5861  -1.6747  -1.8846  -2.3252  -2.9656
 -3.5632  -4.1789  -4.8336  -5.3305  -5.8328  -6.3413  -6.8510  -7.3594  -7.8659
 -8.3701  -8.8732  -9.3752  -9.8765 -10.3773 -10.8778 -11.3781 -11.8784 -12.3789
 -1.0000  -1.4471  -1.4471  -1.4471  -1.4471  -1.4472  -1.4473  -1.4474  -1.4479
 -1.4492  -1.4522  -1.4599  -1.4793  -1.5289  -1.6534  -1.9422  -2.4903  -3.2112
 -3.8099  -4.3418  -4.8580  -5.3665  -5.8714  -6.3741  -6.8757  -7.3766  -7.8771
 -8.3774  -8.8776  -9.3777  -9.8778 -10.3779 -10.8779 -11.3779 -11.8779 -12.3779
  0.0000  -1.4477  -1.4477  -1.4477  -1.4477  -1.4477  -1.4478  -1.4480  -1.4485
 -1.4497  -1.4528  -1.4604  -1.4798  -1.5292  -1.6535  -1.9417  -2.4894  -3.2107
 -3.8098  -4.3418  -4.8581  -5.3666  -5.8715  -6.3742  -6.8758  -7.3767  -7.8772
 -8.3775  -8.8777  -9.3778  -9.8779 -10.3780 -10.8780 -11.3780 -11.8780 -12.3780
  0.0000  -1.4434  -1.4434  -1.4434  -1.4435  -1.4435  -1.4436  -1.4438  -1.4443
 -1.4456  -1.4489  -1.4572  -1.4779  -1.5297  -1.6567  -1.9440  -2.4901  -3.2063
 -3.8050  -4.3381  -4.8555  -5.3649  -5.8704  -6.3735  -6.8753  -7.3764  -7.8770
 -8.3774  -8.8777  -9.3778  -9.8779 -10.3780 -10.8780 -11.3780 -11.8780 -12.3780
  0.0000  -1.4352  -1.4352  -1.4352  -1.4352  -1.4353  -1.4354  -1.4356  -1.4362
 -1.4376  -1.4412  -1.4502  -1.4726  -1.5281  -1.6604  -1.9523  -2.4986  -3.2041
 -3.7988  -4.3324  -4.8512  -5.3619  -5.8682  -6.3721  -6.8743  -7.3757  -7.8766
 -8.3771  -8.8774  -9.3776  -9.8777 -10.3778 -10.8779 -11.3779 -11.8779 -12.3781
  1.0000  -1.4395  -1.4395  -1.4395  -1.4395  -1.4396  -1.4396  -1.4399  -1.4404
 -1.4418  -1.4453  -1.4541  -1.4760  -1.5302  -1.6597  -1.9475  -2.4912  -3.2001
 -3.7978  -4.3322  -4.8511  -5.3620  -5.8683  -6.3722  -6.8744  -7.3758  -7.8767
 -8.3772  -8.8775  -9.3777  -9.8778 -10.3779 -10.8780 -11.3780 -11.8780 -12.3782
  2.0000  -1.4475  -1.4475  -1.4475  -1.4475  -1.4475  -1.4476  -1.4478  -1.4483
 -1.4497  -1.4530  -1.4614  -1.4823  -1.5340  -1.6584  -1.9381  -2.4761  -3.1916
 -3.7956  -4.3313  -4.8507  -5.3618  -5.8681  -6.3721  -6.8743  -7.3757  -7.8766
 -8.3771  -8.8774  -9.3776  -9.8777 -10.3778 -10.8779 -11.3779 -11.8779 -12.3781
  3.0000  -1.4626  -1.4626  -1.4626  -1.4626  -1.4627  -1.4627  -1.4629  -1.4634
 -1.4646  -1.4677  -1.4754  -1.4946  -1.5421  -1.6573  -1.9215  -2.4468  -3.1744
 -3.7915  -4.3299  -4.8503  -5.3617  -5.8681  -6.3721  -6.8744  -7.3758  -7.8767
 -8.3772  -8.8775  -9.3777  -9.8778 -10.3779 -10.8780 -11.3780 -11.8780 -12.3782
  0.0000  -1.3884  -1.3884  -1.3884  -1.3884  -1.3884  -1.3885  -1.3888  -1.3893
 -1.3908  -1.3944  -1.4035  -1.4270  -1.4887  -1.6499  -2.0430  -2.6797  -3.2806
 -3.8249  -4.3485  -4.8614  -5.3685  -5.8728  -6.3752  -6.8765  -7.3774  -7.8779
 -8.3782  -8.8784  -9.3785  -9.8785 -10.3786 -10.8786 -11.3786 -11.8786 -12.3785
  0.0000  -1.4012  -1.4012  -1.4012  -1.4012  -1.4012  -1.4013  -1.4015  -1.4021
 -1.4034  -1.4066  -1.4150  -1.4364  -1.4926  -1.6416  -2.0225  -2.6736  -3.2819
 -3.8274  -4.3509  -4.8632  -5.3701  -5.8738  -6.3760  -6.8772  -7.3779  -7.8784
 -8.3786  -8.8788  -9.3789  -9.8790 -10.3790 -10.8790 -11.3790 -11.8790 -12.3790
  0.0000  -1.3974  -1.3974  -1.3974  -1.3974  -1.3975  -1.3976  -1.3978  -1.3984
 -1.3998  -1.4033  -1.4122  -1.4350  -1.4935  -1.6447  -2.0246  -2.6717  -3.2795
 -3.8256  -4.3496  -4.8623  -5.3695  -5.8735  -6.3757  -6.8771  -7.3779  -7.8783
 -8.3786  -8.8788  -9.3789  -9.8789 -10.3790 -10.8790 -11.3790 -11.8790 -12.3789
  0.0000  -1.3860  -1.3860  -1.3860  -1.3860  -1.3861  -1.3862  -1.3864  -1.3871
 -1.3887  -1.3927  -1.4026  -1.4281  -1.4921  -1.6532  -2.0404  -2.6737  -3.2757
 -3.8214  -4.3462  -4.8600  -5.3677  -5.8724  -6.3751  -6.8766  -7.3776  -7.8781
 -8.3785  -8.8787  -9.3788  -9.8789 -10.3790 -10.8790 -11.3790 -11.8790 -12.3790
  0.0000  -1.3693  -1.3693  -1.3694  -1.3694  -1.3694  -1.3695  -1.3698  -1.3705
 -1.3724  -1.3769  -1.3883  -1.4170  -1.4885  -1.6655  -2.0689  -2.6825  -3.2674
 -3.8156  -4.3410  -4.8562  -5.3652  -5.8707  -6.3741  -6.8761  -7.3773  -7.8780
 -8.3785  -8.8788  -9.3790  -9.8791 -10.3791 -10.8792 -11.3792 -11.8792 -12.3794
  0.0000  -1.3506  -1.3506  -1.3506  -1.3506  -1.3507  -1.3508  -1.3511  -1.3519
 -1.3540  -1.3590  -1.3717  -1.4037  -1.4830  -1.6790  -2.1068  -2.7005  -3.2679
 -3.8097  -4.3342  -4.8506  -5.3613  -5.8680  -6.3723  -6.8750  -7.3767  -7.8777
 -8.3784  -8.8788  -9.3790  -9.8792 -10.3793 -10.8793 -11.3794 -11.8795 -12.3794
  1.0000  -1.3557  -1.3557  -1.3557  -1.3557  -1.3558  -1.3559  -1.3562  -1.3570
 -1.3589  -1.3639  -1.3763  -1.4074  -1.4848  -1.6761  -2.0962  -2.6937  -3.2657
 -3.8088  -4.3339  -4.8505  -5.3612  -5.8680  -6.3723  -6.8750  -7.3767  -7.8777
 -8.3784  -8.8788  -9.3790  -9.8792 -10.3793 -10.8793 -11.3794 -11.8795 -12.3794
  0.0000  -1.2968  -1.2968  -1.2968  -1.2969  -1.2969  -1.2971  -1.2974  -1.2984
 -1.3008  -1.3068  -1.3217  -1.3602  -1.4642  -1.7373  -2.2179  -2.7635  -3.2992
 -3.8259  -4.3448  -4.8576  -5.3660  -5.8714  -6.3747  -6.8768  -7.3781  -7.8789
 -8.3794  -8.8797  -9.3799  -9.8800 -10.3801 -10.8802 -11.3802 -11.8802 -12.3804
  0.0000  -1.3875  -1.3875  -1.3875  -1.3875  -1.3875  -1.3875  -1.3874  -1.3873
 -1.3869  -1.3862  -1.3857  -1.3921  -1.4404  -1.6543  -2.1566  -2.7483  -3.3050
 -3.8378  -4.3562  -4.8664  -5.3725  -5.8759  -6.3778  -6.8790  -7.3796  -7.8800
 -8.3803  -8.8804  -9.3805  -9.8806 -10.3806 -10.8806 -11.3806 -11.8806 -12.3806
  0.0000  -1.4008  -1.4008  -1.4008  -1.4008  -1.4007  -1.4007  -1.4006  -1.4002
 -1.3995  -1.3977  -1.3950  -1.3967  -1.4374  -1.6434  -2.1507  -2.7485  -3.3067
 -3.8395  -4.3575  -4.8673  -5.3732  -5.8764  -6.3782  -6.8793  -7.3799  -7.8803
 -8.3805  -8.8806  -9.3807  -9.8808 -10.3808 -10.8808 -11.3808 -11.8808 -12.3808
  0.0000  -1.3856  -1.3856  -1.3856  -1.3856  -1.3856  -1.3856  -1.3855  -1.3853
 -1.3850  -1.3847  -1.3851  -1.3926  -1.4418  -1.6546  -2.1559  -2.7478  -3.3047
 -3.8376  -4.3561  -4.8664  -5.3725  -5.8759  -6.3779  -6.8790  -7.3797  -7.8801
 -8.3804  -8.8805  -9.3806  -9.8807 -10.3807 -10.8807 -11.3807 -11.8807 -12.3807
  0.0000  -1.3534  -1.3534  -1.3535  -1.3535  -1.3535  -1.3535  -1.3537  -1.3540
 -1.3549  -1.3572  -1.3636  -1.3831  -1.4512  -1.6807  -2.1702  -2.7478  -3.3007
 -3.8333  -4.3528  -4.8641  -5.3708  -5.8748  -6.3771  -6.8785  -7.3793  -7.8798
 -8.3802  -8.8803  -9.3805  -9.8805 -10.3806 -10.8806 -11.3806 -11.8806 -12.3805
  0.0000  -1.3131  -1.3131  -1.3131  -1.3132  -1.3132  -1.3133  -1.3137  -1.3145
 -1.3167  -1.3220  -1.3355  -1.3700  -1.4640  -1.7177  -2.1943  -2.7516  -3.2963
 -3.8275  -4.3477  -4.8605  -5.3682  -5.8730  -6.3760  -6.8777  -7.3788  -7.8795
 -8.3799  -8.8801  -9.3803  -9.8804 -10.3804 -10.8805 -11.3805 -11.8805 -12.3807
  0.0000  -1.2734  -1.2734  -1.2734  -1.2734  -1.2735  -1.2737  -1.2742  -1.2755
 -1.2787  -1.2867  -1.3067  -1.3559  -1.4776  -1.7591  -2.2263  -2.7615  -3.2944
 -3.8215  -4.3417  -4.8556  -5.3648  -5.8705  -6.3744  -6.8767  -7.3781  -7.8790
 -8.3795  -8.8799  -9.3801  -9.8802 -10.3803 -10.8804 -11.3804 -11.8804 -12.3806
 -1.0000  -1.3638  -1.3638  -1.3638  -1.3637  -1.3636  -1.3634  -1.3628  -1.3613
 -1.3578  -1.3503  -1.3385  -1.3408  -1.4288  -1.7279  -2.2171  -2.7611  -3.3005
 -3.8282  -4.3460  -4.8571  -5.3638  -5.8679  -6.3704  -6.8718  -7.3727  -7.8733
 -8.3736  -8.8738  -9.3739  -9.8740 -10.3741 -10.8741 -11.3741 -11.8741 -12.3741
  0.0000  -1.3638  -1.3638  -1.3637  -1.3637  -1.3636  -1.3634  -1.3628  -1.3613
 -1.3578  -1.3503  -1.3385  -1.3408  -1.4288  -1.7279  -2.2171  -2.7611  -3.3005
 -3.8282  -4.3460  -4.8571  -5.3638  -5.8679  -6.3704  -6.8718  -7.3727  -7.8733
 -8.3736  -8.8738  -9.3739  -9.8740 -10.3741 -10.8741 -11.3741 -11.8741 -12.3741
  0.0000  -1.4629  -1.4629  -1.4629  -1.4628  -1.4626  -1.4621  -1.4608  -1.4576
 -1.4498  -1.4323  -1.3987  -1.3597  -1.3890  -1.6644  -2.1899  -2.7601  -3.3083
 -3.8368  -4.3530  -4.8620  -5.3673  -5.8702  -6.3719  -6.8728  -7.3734  -7.8737
 -8.3739  -8.8741  -9.3741  -9.8742 -10.3742 -10.8742 -11.3742 -11.8742 -12.3742
  0.0000  -1.4731  -1.4731  -1.4731  -1.4730  -1.4728  -1.4722  -1.4709  -1.4675
 -1.4592  -1.4405  -1.4045  -1.3613  -1.3853  -1.6595  -2.1887  -2.7605  -3.3092
 -3.8376  -4.3535  -4.8625  -5.3676  -5.8704  -6.3721  -6.8730  -7.3735  -7.8739
 -8.3741  -8.8742  -9.3742  -9.8743 -10.3743 -10.8743 -11.3743 -11.8743 -12.3743
  0.0000  -1.4435  -1.4434  -1.4434  -1.4433  -1.4432  -1.4427  -1.4416  -1.4387
 -1.4319  -1.4166  -1.3875  -1.3567  -1.3967  -1.6750  -2.1930  -2.7593  -3.3067
 -3.8354  -4.3519  -4.8613  -5.3668  -5.8699  -6.3717  -6.8727  -7.3733  -7.8737
 -8.3739  -8.8740  -9.3741  -9.8742 -10.3742 -10.8742 -11.3742 -11.8742 -12.3742
  0.0000  -1.3943  -1.3943  -1.3943  -1.3942  -1.3941  -1.3938  -1.3931  -1.3912
 -1.3868  -1.3769  -1.3596  -1.3497  -1.4170  -1.7031  -2.2028  -2.7580  -3.3025
 -3.8314  -4.3489  -4.8592  -5.3653  -5.8689  -6.3710  -6.8723  -7.3730  -7.8734
 -8.3737  -8.8739  -9.3740  -9.8740 -10.3741 -10.8741 -11.3741 -11.8741 -12.3740
  0.0000  -1.3408  -1.3408  -1.3408  -1.3408  -1.3407  -1.3406  -1.3402  -1.3394
 -1.3374  -1.3334  -1.3290  -1.3425  -1.4410  -1.7381  -2.2185  -2.7590  -3.2983
 -3.8265  -4.3449  -4.8564  -5.3632  -5.8676  -6.3701  -6.8716  -7.3726  -7.8731
 -8.3735  -8.8737  -9.3738  -9.8739 -10.3740 -10.8740 -11.3740 -11.8740 -12.3740
-11.0000  -1.3413  -1.3413  -1.3413  -1.3414  -1.3412  -1.3411  -1.3407  -1.3398
 -1.3377  -1.3334  -1.3282  -1.3414  -1.4405  -1.7393  -2.2196  -2.7595  -3.2985
 -3.8266  -4.3449  -4.8564  -5.3632  -5.8676  -6.3701  -6.8716  -7.3726  -7.8731
 -8.3735  -8.8737  -9.3738  -9.8739 -10.3740 -10.8740 -11.3740 -11.8740 -12.3740
-10.0000  -1.3413  -1.3413  -1.3413  -1.3413  -1.3412  -1.3411  -1.3407  -1.3398
 -1.3377  -1.3334  -1.3282  -1.3414  -1.4405  -1.7393  -2.2196  -2.7595  -3.2985
 -3.8266  -4.3449  -4.8564  -5.3632  -5.8676  -6.3701  -6.8716  -7.3726  -7.8731
 -8.3735  -8.8737  -9.3738  -9.8739 -10.3740 -10.8740 -11.3740 -11.8740 -12.3740
-10.0000  -1.3413  -1.3413  -1.3413  -1.3413  -1.3412  -1.3411  -1.3407  -1.3398
 -1.3377  -1.3334  -1.3282  -1.3414  -1.4405  -1.7393  -2.2196  -2.7595  -3.2985
 -3.8266  -4.3449  -4.8564  -5.3632  -5.8676  -6.3701  -6.8716  -7.3726  -7.8731
 -8.3735  -8.8737  -9.3738  -9.8739 -10.3740 -10.8740 -11.3740 -11.8740 -12.3740
-10.0000  -1.3413  -1.3413  -1.3413  -1.3413  -1.3412  -1.3411  -1.3407  -1.3398
 -1.3377  -1.3334  -1.3282  -1.3414  -1.4405  -1.7393  -2.2196  -2.7595  -3.2985
 -3.8266  -4.3449  -4.8564  -5.3632  -5.8676  -6.3701  -6.8716  -7.3726  -7.8731
 -8.3735  -8.8737  -9.3738  -9.8739 -10.3740 -10.8740 -11.3740 -11.8740 -12.3740
-10.0000  -1.3413  -1.3413  -1.3413  -1.3413  -1.3412  -1.3411  -1.3407  -1.3398
 -1.3377  -1.3334  -1.3282  -1.3415  -1.4405  -1.7392  -2.2195  -2.7595  -3.2985
 -3.8266  -4.3449  -4.8564  -5.3632  -5.8676  -6.3701  -6.8716  -7.3726  -7.8731
 -8.3735  -8.8737  -9.3738  -9.8739 -10.3740 -10.8740 -11.3740 -11.8740 -12.3740
-10.0000  -1.3415  -1.3415  -1.3415  -1.3414  -1.3414  -1.3412  -1.3409  -1.3399
 -1.3379  -1.3336  -1.3285  -1.3417  -1.4408  -1.7394  -2.2197  -2.7596  -3.2987
 -3.8268  -4.3451  -4.8566  -5.3634  -5.8678  -6.3703  -6.8718  -7.3728  -7.8733
 -8.3737  -8.8739  -9.3740  -9.8741 -10.3742 -10.8742 -11.3742 -11.8742 -12.3742
-10.0000  -1.3413  -1.3413  -1.3413  -1.3413  -1.3412  -1.3411  -1.3407  -1.3398
 -1.3377  -1.3335  -1.3285  -1.3417  -1.4407  -1.7391  -2.2195  -2.7595  -3.2986
 -3.8267  -4.3450  -4.8565  -5.3633  -5.8677  -6.3702  -6.8717  -7.3727  -7.8732
 -8.3736  -8.8738  -9.3739  -9.8740 -10.3741 -10.8741 -11.3741 -11.8741 -12.3741
-21.0000  -1.3408  -1.3408  -1.3408  -1.3409  -1.3407  -1.3406  -1.3402  -1.3393
 -1.3372  -1.3329  -1.3277  -1.3409  -1.4400  -1.7388  -2.2191  -2.7590  -3.2980
 -3.8261  -4.3444  -4.8559  -5.3627  -5.8671  -6.3696  -6.8711  -7.3721  -7.8726
 -8.3730  -8.8732  -9.3733  -9.8734 -10.3735 -10.8735 -11.3735 -11.8735 -12.3735
-20.0000  -1.3408  -1.3408  -1.3408  -1.3409  -1.3407  -1.3406  -1.3402  -1.3393
 -1.3372  -1.3329  -1.3277  -1.3409  -1.4400  -1.7388  -2.2191  -2.7590  -3.2980
 -3.8261  -4.3444  -4.8559  -5.3627  -5.8671  -6.3696  -6.8711  -7.3721  -7.8726
 -8.3730  -8.8732  -9.3733  -9.8734 -10.3735 -10.8735 -11.3735 -11.8735 -12.3735
-20.0000  -1.3408  -1.3408  -1.3408  -1.3409  -1.3407  -1.3406  -1.3402  -1.3393
 -1.3372  -1.3329  -1.3277  -1.3409  -1.4400  -1.7388  -2.2191  -2.7590  -3.2980
 -3.8261  -4.3444  -4.8559  -5.3627  -5.8671  -6.3696  -6.8711  -7.3721  -7.8726
 -8.3730  -8.8732  -9.3733  -9.8734 -10.3735 -10.8735 -11.3735 -11.8735 -12.3735
-20.0000  -1.3413  -1.3413  -1.3413  -1.3413  -1.3412  -1.3411  -1.3407  -1.3398
 -1.3377  -1.3334  -1.3282  -1.3414  -1.4405  -1.7393  -2.2196  -2.7595  -3.2985
 -3.8266  -4.3449  -4.8564  -5.3632  -5.8676  -6.3701  -6.8716  -7.3726  -7.8731
 -8.3735  -8.8737  -9.3738  -9.8739 -10.3740 -10.8740 -11.3740 -11.8740 -12.3740
-20.0000  -1.3413  -1.3413  -1.3413  -1.3413  -1.3412  -1.3411  -1.3407  -1.3398
 -1.3377  -1.3334  -1.3282  -1.3414  -1.4405  -1.7393  -2.2196  -2.7595  -3.2985
 -3.8266  -4.3449  -4.8564  -5.3632  -5.8676  -6.3701  -6.8716  -7.3726  -7.8731
 -8.3735  -8.8737  -9.3738  -9.8739 -10.3740 -10.8740 -11.3740 -11.8740 -12.3740
-20.0000  -1.3413  -1.3413  -1.3413  -1.3413  -1.3412  -1.3411  -1.3407  -1.3398
 -1.3377  -1.3334  -1.3282  -1.3414  -1.4405  -1.7393  -2.2196  -2.7595  -3.2985
 -3.8266  -4.3449  -4.8564  -5.3632  -5.8676  -6.3701  -6.8716  -7.3726  -7.8731
 -8.3735  -8.8737  -9.3738  -9.8739 -10.3740 -10.8740 -11.3740 -11.8740 -12.3740
-20.0000  -1.3415  -1.3415  -1.3415  -1.3415  -1.3414  -1.3413  -1.3409  -1.3400
 -1.3379  -1.3336  -1.3284  -1.3416  -1.4407  -1.7394  -2.2197  -2.7597  -3.2987
 -3.8268  -4.3451  -4.8566  -5.3634  -5.8678  -6.3703  -6.8718  -7.3728  -7.8733
 -8.3737  -8.8739  -9.3740  -9.8741 -10.3742 -10.8742 -11.3742 -11.8742 -12.3742
-31.0000  -1.3413  -1.3413  -1.3413  -1.3414  -1.3412  -1.3411  -1.3407  -1.3398
 -1.3377  -1.3334  -1.3282  -1.3414  -1.4405  -1.7393  -2.2196  -2.7595  -3.2985
 -3.8266  -4.3449  -4.8564  -5.3632  -5.8676  -6.3701  -6.8716  -7.3726  -7.8731
 -8.3735  -8.8737  -9.3738  -9.8739 -10.3740 -10.8740 -11.3740 -11.8740 -12.3740
-30.0000  -1.3413  -1.3413  -1.3413  -1.3414  -1.3412  -1.3411  -1.3407  -1.3398
 -1.3377  -1.3334  -1.3282  -1.3414  -1.4405  -1.7393  -2.2196  -2.7595  -3.2985
 -3.8266  -4.3449  -4.8564  -5.3632  -5.8676  -6.3701  -6.8716  -7.3726  -7.8731
 -8.3735  -8.8737  -9.3738  -9.8739 -10.3740 -10.8740 -11.3740 -11.8740 -12.3740
-30.0000  -1.3413  -1.3413  -1.3413  -1.3414  -1.3412  -1.3411  -1.3407  -1.3398
 -1.3377  -1.3334  -1.3282  -1.3414  -1.4405  -1.7393  -2.2196  -2.7595  -3.2985
 -3.8266  -4.3449  -4.8564  -5.3632  -5.8676  -6.3701  -6.8716  -7.3726  -7.8731
 -8.3735  -8.8737  -9.3738  -9.8739 -10.3740 -10.8740 -11.3740 -11.8740 -12.3740
-30.0000  -1.3413  -1.3413  -1.3413  -1.3414  -1.3412  -1.3411  -1.3407  -1.3398
 -1.3377  -1.3334  -1.3282  -1.3414  -1.4405  -1.7393  -2.2196  -2.7595  -3.2985
 -3.8266  -4.3449  -4.8564  -5.3632  -5.8676  -6.3701  -6.8716  -7.3726  -7.8731
 -8.3735  -8.8737  -9.3738  -9.8739 -10.3740 -10.8740 -11.3740 -11.8740 -12.3740
-30.0000  -1.3413  -1.3413  -1.3413  -1.3414  -1.3412  -1.3411  -1.3407  -1.3398
 -1.3377  -1.3334  -1.3282  -1.3414  -1.4405  -1.7393  -2.2196  -2.7595  -3.2985
 -3.8266  -4.3449  -4.8564  -5.3632  -5.8676  -6.3701  -6.8716  -7.3726  -7.8731
 -8.3735  -8.8737  -9.3738  -9.8739 -10.3740 -10.8740 -11.3740 -11.8740 -12.3740
-30.0000  -1.3413  -1.3413  -1.3413  -1.3413  -1.3412  -1.3411  -1.3407  -1.3398
 -1.3377  -1.3334  -1.3282  -1.3414  -1.4405  -1.7393  -2.2196  -2.7595  -3.2985
 -3.8266  -4.3449  -4.8564  -5.3632  -5.8676  -6.3701  -6.8716  -7.3726  -7.8731
 -8.3735  -8.8737  -9.3738  -9.8739 -10.3740 -10.8740 -11.3740 -11.8740 -12.3740
-30.0000  -1.3413  -1.3413  -1.3413  -1.3413  -1.3412  -1.3411  -1.3407  -1.3398
 -1.3377  -1.3334  -1.3282  -1.3414  -1.4405  -1.7393  -2.2196  -2.7595  -3.2985
 -3.8266  -4.3449  -4.8564  -5.3632  -5.8676  -6.3701  -6.8716  -7.3726  -7.8731
 -8.3735  -8.8737  -9.3738  -9.8739 -10.3740 -10.8740 -11.3740 -11.8740 -12.3740
-41.0000  -1.3413  -1.3413  -1.3413  -1.3414  -1.3412  -1.3411  -1.3407  -1.3398
 -1.3377  -1.3334  -1.3282  -1.3414  -1.4405  -1.7393  -2.2196  -2.7595  -3.2985
 -3.8266  -4.3449  -4.8564  -5.3632  -5.8676  -6.3701  -6.8716  -7.3726  -7.8731
 -8.3735  -8.8737  -9.3738  -9.8739 -10.3740 -10.8740 -11.3740 -11.8740 -12.3740
-40.0000  -1.3413  -1.3413  -1.3413  -1.3414  -1.3412  -1.3411  -1.3407  -1.3398
 -1.3377  -1.3334  -1.3282  -1.3414  -1.4405  -1.7393  -2.2196  -2.7595  -3.2985
 -3.8266  -4.3449  -4.8564  -5.3632  -5.8676  -6.3701  -6.8716  -7.3726  -7.8731
 -8.3735  -8.8737  -9.3738  -9.8739 -10.3740 -10.8740 -11.3740 -11.8740 -12.3740
-40.0000  -1.3413  -1.3413  -1.3413  -1.3414  -1.3412  -1.3411  -1.3407  -1.3398
 -1.3377  -1.3334  -1.3282  -1.3414  -1.4405  -1.7393  -2.2196  -2.7595  -3.2985
 -3.8266  -4.3449  -4.8564  -5.3632  -5.8676  -6.3701  -6.8716  -7.3726  -7.8731
 -8.3735  -8.8737  -9.3738  -9.8739 -10.3740 -10.8740 -11.3740 -11.8740 -12.3740
-40.0000  -1.3413  -1.3413  -1.3413  -1.3414  -1.3412  -1.3411  -1.3407  -1.3398
 -1.3377  -1.3334  -1.3282  -1.3414  -1.4405  -1.7393  -2.2196  -2.7595  -3.2985
 -3.8266  -4.3449  -4.8564  -5.3632  -5.8676  -6.3701  -6.8716  -7.3726  -7.8731
 -8.3735  -8.8737  -9.3738  -9.8739 -10.3740 -10.8740 -11.3740 -11.8740 -12.3740
-40.0000  -1.3413  -1.3413  -1.3413  -1.3414  -1.3412  -1.3411  -1.3407  -1.3398
 -1.3377  -1.3334  -1.3282  -1.3414  -1.4405  -1.7393  -2.2196  -2.7595  -3.2985
 -3.8266  -4.3449  -4.8564  -5.3632  -5.8676  -6.3701  -6.8716  -7.3726  -7.8731
 -8.3735  -8.8737  -9.3738  -9.8739 -10.3740 -10.8740 -11.3740 -11.8740 -12.3740
-40.0000  -1.3413  -1.3413  -1.3413  -1.3414  -1.3412  -1.3411  -1.3407  -1.3398
 -1.3377  -1.3334  -1.3282  -1.3414  -1.4405  -1.7393  -2.2196  -2.7595  -3.2985
 -3.8266  -4.3449  -4.8564  -5.3632  -5.8676  -6.3701  -6.8716  -7.3726  -7.8731
 -8.3735  -8.8737  -9.3738  -9.8739 -10.3740 -10.8740 -11.3740 -11.8740 -12.3740
-40.0000  -1.3414  -1.3414  -1.3414  -1.3415  -1.3413  -1.3412  -1.3408  -1.3399
 -1.3378  -1.3335  -1.3283  -1.3415  -1.4406  -1.7394  -2.2197  -2.7596  -3.2986
 -3.8267  -4.3450  -4.8565  -5.3633  -5.8677  -6.3702  -6.8717  -7.3727  -7.8732
 -8.3736  -8.8738  -9.3739  -9.8740 -10.3741 -10.8741 -11.3741 -11.8741 -12.3741
-51.0000  -1.3413  -1.3413  -1.3413  -1.3414  -1.3412  -1.3411  -1.3407  -1.3398
 -1.3377  -1.3334  -1.3282  -1.3414  -1.4405  -1.7393  -2.2196  -2.7595  -3.2985
 -3.8266  -4.3449  -4.8564  -5.3632  -5.8676  -6.3701  -6.8716  -7.3726  -7.8731
 -8.3735  -8.8737  -9.3738  -9.8739 -10.3740 -10.8740 -11.3740 -11.8740 -12.3740
-50.0000  -1.3413  -1.3413  -1.3413  -1.3414  -1.3412  -1.3411  -1.3407  -1.3398
 -1.3377  -1.3334  -1.3282  -1.3414  -1.4405  -1.7393  -2.2196  -2.7595  -3.2985
 -3.8266  -4.3449  -4.8564  -5.3632  -5.8676  -6.3701  -6.8716  -7.3726  -7.8731
 -8.3735  -8.8737  -9.3738  -9.8739 -10.3740 -10.8740 -11.3740 -11.8740 -12.3740
-50.0000  -1.3413  -1.3413  -1.3413  -1.3414  -1.3412  -1.3411  -1.3407  -1.3398
 -1.3377  -1.3334  -1.3282  -1.3414  -1.4405  -1.7393  -2.2196  -2.7595  -3.2985
 -3.8266  -4.3449  -4.8564  -5.3632  -5.8676  -6.3701  -6.8716  -7.3726  -7.8731
 -8.3735  -8.8737  -9.3738  -9.8739 -10.3740 -10.8740 -11.3740 -11.8740 -12.3740
-50.0000  -1.3413  -1.3413  -1.3413  -1.3414  -1.3412  -1.3411  -1.3407  -1.3398
 -1.3377  -1.3334  -1.3282  -1.3414  -1.4405  -1.7393  -2.2196  -2.7595  -3.2985
 -3.8266  -4.3449  -4.8564  -5.3632  -5.8676  -6.3701  -6.8716  -7.3726  -7.8731
 -8.3735  -8.8737  -9.3738  -9.8739 -10.3740 -10.8740 -11.3740 -11.8740 -12.3740
-50.0000  -1.3413  -1.3413  -1.3413  -1.3414  -1.3412  -1.3411  -1.3407  -1.3398
 -1.3377  -1.3334  -1.3282  -1.3414  -1.4405  -1.7393  -2.2196  -2.7595  -3.2985
 -3.8266  -4.3449  -4.8564  -5.3632  -5.8676  -6.3701  -6.8716  -7.3726  -7.8731
 -8.3735  -8.8737  -9.3738  -9.8739 -10.3740 -10.8740 -11.3740 -11.8740 -12.3740
-50.0000  -1.3413  -1.3413  -1.3413  -1.3414  -1.3412  -1.3411  -1.3407  -1.3398
 -1.3377  -1.3334  -1.3282  -1.3414  -1.4405  -1.7393  -2.2196  -2.7595  -3.2985
 -3.8266  -4.3449  -4.8564  -5.3632  -5.8676  -6.3701  -6.8716  -7.3726  -7.8731
 -8.3735  -8.8737  -9.3738  -9.8739 -10.3740 -10.8740 -11.3740 -11.8740 -12.3740
-50.0000  -1.3412  -1.3412  -1.3412  -1.3413  -1.3411  -1.3410  -1.3406  -1.3397
 -1.3376  -1.3333  -1.3281  -1.3413  -1.4404  -1.7392  -2.2195  -2.7594  -3.2984
 -3.8265  -4.3448  -4.8563  -5.3631  -5.8675  -6.3700  -6.8715  -7.3725  -7.8730
 -8.3734  -8.8736  -9.3737  -9.8738 -10.3739 -10.8739 -11.3739 -11.8739 -12.3739
-61.0000  -1.3413  -1.3413  -1.3413  -1.3414  -1.3412  -1.3411  -1.3407  -1.3398
 -1.3377  -1.3334  -1.3282  -1.3414  -1.4405  -1.7393  -2.2196  -2.7595  -3.2985
 -3.8266  -4.3449  -4.8564  -5.3632  -5.8676  -6.3701  -6.8716  -7.3726  -7.8731
 -8.3735  -8.8737  -9.3738  -9.8739 -10.3740 -10.8740 -11.3740 -11.8740 -12.3740
-60.0000  -1.3413  -1.3413  -1.3413  -1.3414  -1.3412  -1.3411  -1.3407  -1.3398
 -1.3377  -1.3334  -1.3282  -1.3414  -1.4405  -1.7393  -2.2196  -2.7595  -3.2985
 -3.8266  -4.3449  -4.8564  -5.3632  -5.8676  -6.3701  -6.8716  -7.3726  -7.8731
 -8.3735  -8.8737  -9.3738  -9.8739 -10.3740 -10.8740 -11.3740 -11.8740 -12.3740
-60.0000  -1.3413  -1.3413  -1.3413  -1.3414  -1.3412  -1.3411  -1.3407  -1.3398
 -1.3377  -1.3334  -1.3282  -1.3414  -1.4405  -1.7393  -2.2196  -2.7595  -3.2985
 -3.8266  -4.3449  -4.8564  -5.3632  -5.8676  -6.3701  -6.8716  -7.3726  -7.8731
 -8.3735  -8.8737  -9.3738  -9.8739 -10.3740 -10.8740 -11.3740 -11.8740 -12.3740
-60.0000  -1.3413  -1.3413  -1.3413  -1.3414  -1.3412  -1.3411  -1.3407  -1.3398
 -1.3377  -1.3334  -1.3282  -1.3414  -1.4405  -1.7393  -2.2196  -2.7595  -3.2985
 -3.8266  -4.3449  -4.8564  -5.3632  -5.8676  -6.3701  -6.8716  -7.3726  -7.8731
 -8.3735  -8.8737  -9.3738  -9.8739 -10.3740 -10.8740 -11.3740 -11.8740 -12.3740
-60.0000  -1.3413  -1.3413  -1.3413  -1.3414  -1.3412  -1.3411  -1.3407  -1.3398
 -1.3377  -1.3334  -1.3282  -1.3414  -1.4405  -1.7393  -2.2196  -2.7595  -3.2985
 -3.8266  -4.3449  -4.8564  -5.3632  -5.8676  -6.3701  -6.8716  -7.3726  -7.8731
 -8.3735  -8.8737  -9.3738  -9.8739 -10.3740 -10.8740 -11.3740 -11.8740 -12.3740
-60.0000  -1.3413  -1.3413  -1.3413  -1.3414  -1.3412  -1.3411  -1.3407  -1.3398
 -1.3377  -1.3334  -1.3282  -1.3414  -1.4405  -1.7393  -2.2196  -2.7595  -3.2985
 -3.8266  -4.3449  -4.8564  -5.3632  -5.8676  -6.3701  -6.8716  -7.3726  -7.8731
 -8.3735  -8.8737  -9.3738  -9.8739 -10.3740 -10.8740 -11.3740 -11.8740 -12.3740
-60.0000  -1.3414  -1.3414  -1.3414  -1.3415  -1.3413  -1.3412  -1.3408  -1.3399
 -1.3378  -1.3335  -1.3283  -1.3415  -1.4406  -1.7394  -2.2197  -2.7596  -3.2986
 -3.8267  -4.3450  -4.8565  -5.3633  -5.8677  -6.3702  -6.8717  -7.3727  -7.8732
 -8.3736  -8.8738  -9.3739  -9.8740 -10.3741 -10.8741 -11.3741 -11.8741 -12.3741
-71.0000  -1.3457  -1.3457  -1.3457  -1.3458  -1.3456  -1.3455  -1.3451  -1.3442
 -1.3421  -1.3378  -1.3326  -1.3458  -1.4449  -1.7437  -2.2240  -2.7639  -3.3029
 -3.8310  -4.3493  -4.8608  -5.3676  -5.8720  -6.3745  -6.8760  -7.3770  -7.8775
 -8.3779  -8.8781  -9.3782  -9.8783 -10.3784 -10.8784 -11.3784 -11.8784 -12.3784
-70.0000  -1.3457  -1.3457  -1.3457  -1.3458  -1.3456  -1.3455  -1.3451  -1.3442
 -1.3421  -1.3378  -1.3326  -1.3458  -1.4449  -1.7437  -2.2240  -2.7639  -3.3029
 -3.8310  -4.3493  -4.8608  -5.3676  -5.8720  -6.3745  -6.8760  -7.3770  -7.8775
 -8.3779  -8.8781  -9.3782  -9.8783 -10.3784 -10.8784 -11.3784 -11.8784 -12.3784
-70.0000  -1.3457  -1.3457  -1.3457  -1.3458  -1.3456  -1.3455  -1.3451  -1.3442
 -1.3421  -1.3378  -1.3326  -1.3458  -1.4449  -1.7437  -2.2240  -2.7639  -3.3029
 -3.8310  -4.3493  -4.8608  -5.3676  -5.8720  -6.3745  -6.8760  -7.3770  -7.8775
 -8.3779  -8.8781  -9.3782  -9.8783 -10.3784 -10.8784 -11.3784 -11.8784 -12.3784
-70.0000  -1.3457  -1.3457  -1.3457  -1.3458  -1.3456  -1.3455  -1.3451  -1.3442
 -1.3421  -1.3378  -1.3326  -1.3458  -1.4449  -1.7437  -2.2240  -2.7639  -3.3029
 -3.8310  -4.3493  -4.8608  -5.3676  -5.8720  -6.3745  -6.8760  -7.3770  -7.8775
 -8.3779  -8.8781  -9.3782  -9.8783 -10.3784 -10.8784 -11.3784 -11.8784 -12.3784
-70.0000  -1.3457  -1.3457  -1.3457  -1.3458  -1.3456  -1.3455  -1.3451  -1.3442
 -1.3421  -1.3378  -1.3326  -1.3458  -1.4449  -1.7437  -2.2240  -2.7639  -3.3029
 -3.8310  -4.3493  -4.8608  -5.3676  -5.8720  -6.3745  -6.8760  -7.3770  -7.8775
 -8.3779  -8.8781  -9.3782  -9.8783 -10.3784 -10.8784 -11.3784 -11.8784 -12.3784
-70.0000  -1.3457  -1.3457  -1.3457  -1.3458  -1.3456  -1.3455  -1.3451  -1.3442
 -1.3421  -1.3378  -1.3326  -1.3458  -1.4449  -1.7437  -2.2240  -2.7639  -3.3029
 -3.8310  -4.3493  -4.8608  -5.3676  -5.8720  -6.3745  -6.8760  -7.3770  -7.8775
 -8.3779  -8.8781  -9.3782  -9.8783 -10.3784 -10.8784 -11.3784 -11.8784 -12.3784
-70.0000  -1.3457  -1.3457  -1.3457  -1.3458  -1.3456  -1.3455  -1.3451  -1.3442
 -1.3421  -1.3378  -1.3326  -1.3458  -1.4449  -1.7437  -2.2240  -2.7639  -3.3029
 -3.8310  -4.3493  -4.8608  -5.3676  -5.8720  -6.3745  -6.8760  -7.3770  -7.8775
 -8.3779  -8.8781  -9.3782  -9.8783 -10.3784 -10.8784 -11.3784 -11.8784 -12.3784
-81.0000  -1.3457  -1.3457  -1.3457  -1.3458  -1.3456  -1.3455  -1.3451  -1.3442
 -1.3421  -1.3378  -1.3326  -1.3458  -1.4449  -1.7437  -2.2240  -2.7639  -3.3029
 -3.8310  -4.3493  -4.8608  -5.3676  -5.8720  -6.3745  -6.8760  -7.3770  -7.8775
 -8.3779  -8.8781  -9.3782  -9.8783 -10.3784 -10.8784 -11.3784 -11.8784 -12.3784
-80.0000  -1.3457  -1.3457  -1.3457  -1.3458  -1.3456  -1.3455  -1.3451  -1.3442
 -1.3421  -1.3378  -1.3326  -1.3458  -1.4449  -1.7437  -2.2240  -2.7639  -3.3029
 -3.8310  -4.3493  -4.8608  -5.3676  -5.8720  -6.3745  -6.8760  -7.3770  -7.8775
 -8.3779  -8.8781  -9.3782  -9.8783 -10.3784 -10.8784 -11.3784 -11.8784 -12.3784
-80.0000  -1.3457  -1.3457  -1.3457  -1.3458  -1.3456  -1.3455  -1.3451  -1.3442
 -1.3421  -1.3378  -1.3326  -1.3458  -1.4449  -1.7437  -2.2240  -2.7639  -3.3029
 -3.8310  -4.3493  -4.8608  -5.3676  -5.8720  -6.3745  -6.8760  -7.3770  -7.8775
 -8.3779  -8.8781  -9.3782  -9.8783 -10.3784 -10.8784 -11.3784 -11.8784 -12.3784
-80.0000  -1.3457  -1.3457  -1.3457  -1.3458  -1.3456  -1.3455  -1.3451  -1.3442
 -1.3421  -1.3378  -1.3326  -1.3458  -1.4449  -1.7437  -2.2240  -2.7639  -3.3029
 -3.8310  -4.3493  -4.8608  -5.3676  -5.8720  -6.3745  -6.8760  -7.3770  -7.8775
 -8.3779  -8.8781  -9.3782  -9.8783 -10.3784 -10.8784 -11.3784 -11.8784 -12.3784
-80.0000  -1.3457  -1.3457  -1.3457  -1.3458  -1.3456  -1.3455  -1.3451  -1.3442
 -1.3421  -1.3378  -1.3326  -1.3458  -1.4449  -1.7437  -2.2240  -2.7639  -3.3029
 -3.8310  -4.3493  -4.8608  -5.3676  -5.8720  -6.3745  -6.8760  -7.3770  -7.8775
 -8.3779  -8.8781  -9.3782  -9.8783 -10.3784 -10.8784 -11.3784 -11.8784 -12.3784
-80.0000  -1.3457  -1.3457  -1.3457  -1.3458  -1.3456  -1.3455  -1.3451  -1.3442
 -1.3421  -1.3378  -1.3326  -1.3458  -1.4449  -1.7437  -2.2240  -2.7639  -3.3029
 -3.8310  -4.3493  -4.8608  -5.3676  -5.8720  -6.3745  -6.8760  -7.3770  -7.8775
 -8.3779  -8.8781  -9.3782  -9.8783 -10.3784 -10.8784 -11.3784 -11.8784 -12.3784
-80.0000  -1.3457  -1.3457  -1.3457  -1.3458  -1.3456  -1.3455  -1.3451  -1.3442
 -1.3421  -1.3378  -1.3326  -1.3458  -1.4449  -1.7437  -2.2240  -2.7639  -3.3029
 -3.8310  -4.3493  -4.8608  -5.3676  -5.8720  -6.3745  -6.8760  -7.3770  -7.8775
 -8.3779  -8.8781  -9.3782  -9.8783 -10.3784 -10.8784 -11.3784 -11.8784 -12.3784
nl= 3 nu=22
  0.0000  -1.8241  -1.8241  -1.8241  -1.8241  -1.8241  -1.8241  -1.8242  -1.8243
 -1.8245  -1.8250  -1.8263  -1.8295  -1.8377  -1.8583  -1.9096  -2.0369  -2.3434
 -3.0005  -3.8363  -4.4442  -4.9854  -5.5116  -6.0614  -6.7109  -7.3108  -7.8141
 -8.3159  -8.8171  -9.3178  -9.8183 -10.3186 -10.8187 -11.3189 -11.8191 -12.3191
  0.0000  -1.9417  -1.9417  -1.9417  -1.9417  -1.9417  -1.9417  -1.9417  -1.9418
 -1.9419  -1.9422  -1.9429  -1.9447  -1.9493  -1.9608  -1.9897  -2.0618  -2.2408
 -2.6718  -3.5524  -4.3923  -4.9654  -5.5011  -6.0547  -6.7053  -7.3068  -7.8113
 -8.3142  -8.8160  -9.3171  -9.8178 -10.3182 -10.8185 -11.3187 -11.8189 -12.3192
  0.0000  -2.0713  -2.0713  -2.0713  -2.0713  -2.0713  -2.0713  -2.0713  -2.0714
 -2.0714  -2.0716  -2.0720  -2.0729  -2.0754  -2.0816  -2.0971  -2.1360  -2.2332
 -2.4749  -3.0570  -4.1596  -4.9282  -5.4845  -6.0444  -6.6966  -7.3006  -7.8075
 -8.3117  -8.8144  -9.3161  -9.8172 -10.3179 -10.8183 -11.3186 -11.8189 -12.3193
  0.0000  -2.2091  -2.2091  -2.2091  -2.2091  -2.2091  -2.2091  -2.2091  -2.2091
 -2.2091  -2.2092  -2.2094  -2.2099  -2.2112  -2.2144  -2.2225  -2.2428  -2.2937
 -2.4212  -2.7386  -3.5026  -4.7817  -5.4575  -6.0301  -6.6847  -7.2926  -7.8027
 -8.3088  -8.8130  -9.3157  -9.8175 -10.3186 -10.8193 -11.3197 -11.8201 -12.3209
  0.0000  -2.3514  -2.3514  -2.3514  -2.3514  -2.3514  -2.3514  -2.3514  -2.3514
 -2.3514  -2.3514  -2.3515  -2.3518  -2.3525  -2.3541  -2.3583  -2.3687  -2.3949
 -2.4606  -2.6252  -3.0355  -4.0201  -5.3768  -6.0046  -6.6643  -7.2779  -7.7921
 -8.3008  -8.8071  -9.3113  -9.8140 -10.3159 -10.8170 -11.3177 -11.8184 -12.3195
  0.0000  -2.4987  -2.4987  -2.4987  -2.4987  -2.4987  -2.4987  -2.4987  -2.4987
 -2.4987  -2.4987  -2.4988  -2.4989  -2.4992  -2.5001  -2.5022  -2.5075  -2.5208
 -2.5541  -2.6379  -2.8480  -3.3722  -4.6201  -5.9587  -6.6395  -7.2634  -7.7815
 -8.2930  -8.8020  -9.3082  -9.8125 -10.3154 -10.8173 -11.3184 -11.8195 -12.3216
  0.0000  -2.6469  -2.6469  -2.6469  -2.6469  -2.6469  -2.6469  -2.6469  -2.6469
 -2.6469  -2.6470  -2.6470  -2.6471  -2.6472  -2.6476  -2.6487  -2.6514  -2.6581
 -2.6749  -2.7172  -2.8234  -3.0898  -3.7550  -5.3125  -6.5966  -7.2476  -7.7697
 -8.2818  -8.7932  -9.3021  -9.8085 -10.3127 -10.8158 -11.3177 -11.8196 -12.3230
  0.0000  -1.6243  -1.6243  -1.6243  -1.6243  -1.6243  -1.6244  -1.6245  -1.6247
 -1.6253  -1.6268  -1.6305  -1.6398  -1.6631  -1.7208  -1.8602  -2.1740  -2.7383
 -3.3747  -3.9494  -4.4899  -5.0307  -5.6289  -6.3059  -6.8111  -7.3141  -7.8160
 -8.3172  -8.8179  -9.3183  -9.8186 -10.3188 -10.8189 -11.3189 -11.8189 -12.3190
  0.0000  -1.7003  -1.7003  -1.7003  -1.7003  -1.7004  -1.7004  -1.7004  -1.7006
 -1.7010  -1.7020  -1.7044  -1.7106  -1.7260  -1.7645  -1.8595  -2.0873  -2.5782
 -3.3002  -3.9244  -4.4779  -5.0233  -5.6232  -6.3009  -6.8080  -7.3120  -7.8147
 -8.3164  -8.8174  -9.3181  -9.8185 -10.3187 -10.8189 -11.3190 -11.8191 -12.3194
  0.0000  -1.7977  -1.7977  -1.7977  -1.7977  -1.7977  -1.7977  -1.7977  -1.7978
 -1.7980  -1.7986  -1.8001  -1.8038  -1.8131  -1.8365  -1.8948  -2.0387  -2.3818
 -3.0827  -3.8705  -4.4580  -5.0119  -5.6143  -6.2926  -6.8030  -7.3086  -7.8124
 -8.3149  -8.8164  -9.3174  -9.8180 -10.3184 -10.8186 -11.3188 -11.8190 -12.3191
  0.0000  -1.9126  -1.9126  -1.9126  -1.9126  -1.9126  -1.9126  -1.9126  -1.9127
 -1.9128  -1.9131  -1.9140  -1.9161  -1.9213  -1.9345  -1.9676  -2.0503  -2.2546
 -2.7407  -3.6605  -4.4209  -4.9951  -5.6016  -6.2808  -6.7955  -7.3032  -7.8088
 -8.3124  -8.8148  -9.3164  -9.8173 -10.3179 -10.8183 -11.3185 -11.8187 -12.3192
  0.0000  -2.0407  -2.0407  -2.0407  -2.0407  -2.0407  -2.0407  -2.0407  -2.0408
 -2.0408  -2.0410  -2.0415  -2.0426  -2.0454  -2.0525  -2.0704  -2.1152  -2.2273
 -2.5048  -3.1637  -4.2726  -4.9680  -5.5847  -6.2655  -6.7854  -7.2956  -7.8035
 -8.3088  -8.8125  -9.3150  -9.8165 -10.3175 -10.8181 -11.3185 -11.8189 -12.3195
  0.0000  -2.1771  -2.1771  -2.1771  -2.1771  -2.1771  -2.1771  -2.1771  -2.1771
 -2.1772  -2.1773  -2.1775  -2.1781  -2.1796  -2.1833  -2.1926  -2.2161  -2.2751
 -2.4225  -2.7885  -3.6545  -4.8821  -5.5602  -6.2472  -6.7735  -7.2847  -7.7952
 -8.3030  -8.8084  -9.3121  -9.8147 -10.3162 -10.8172 -11.3179 -11.8186 -12.3197
  0.0000  -2.3198  -2.3198  -2.3198  -2.3198  -2.3198  -2.3198  -2.3199  -2.3199
 -2.3199  -2.3199  -2.3200  -2.3203  -2.3211  -2.3230  -2.3278  -2.3399  -2.3702
 -2.4463  -2.6368  -3.1105  -4.2234  -5.5055  -6.2259  -6.7645  -7.2737  -7.7855
 -8.2956  -8.8034  -9.3089  -9.8125 -10.3151 -10.8167 -11.3177 -11.8187 -12.3204
  0.0000  -1.5315  -1.5315  -1.5315  -1.5315  -1.5315  -1.5316  -1.5317  -1.5322
 -1.5332  -1.5357  -1.5421  -1.5582  -1.5977  -1.6929  -1.9068  -2.3102  -2.8583
 -3.4253  -3.9920  -4.5736  -5.2950  -5.8051  -6.3105  -6.8139  -7.3158  -7.8170
 -8.3177  -8.8182  -9.3185  -9.8187 -10.3188 -10.8188 -11.3189 -11.8190 -12.3189
  0.0000  -1.5587  -1.5587  -1.5587  -1.5587  -1.5588  -1.5588  -1.5589  -1.5593
 -1.5601  -1.5623  -1.5677  -1.5813  -1.6149  -1.6968  -1.8867  -2.2703  -2.8321
 -3.4133  -3.9836  -4.5676  -5.2884  -5.8011  -6.3077  -6.8120  -7.3147  -7.8163
 -8.3173  -8.8179  -9.3183  -9.8185 -10.3187 -10.8188 -11.3189 -11.8190 -12.3191
  0.0000  -1.6056  -1.6056  -1.6056  -1.6056  -1.6056  -1.6056  -1.6057  -1.6060
 -1.6066  -1.6083  -1.6124  -1.6226  -1.6482  -1.7114  -1.8631  -2.1984  -2.7722
 -3.3923  -3.9715  -4.5587  -5.2787  -5.7950  -6.3034  -6.8090  -7.3127  -7.8151
 -8.3165  -8.8174  -9.3180  -9.8183 -10.3186 -10.8187 -11.3188 -11.8189 -12.3189
  0.0000  -1.6761  -1.6761  -1.6761  -1.6761  -1.6762  -1.6762  -1.6763  -1.6764
 -1.6769  -1.6780  -1.6807  -1.6876  -1.7050  -1.7481  -1.8544  -2.1067  -2.6321
 -3.3409  -3.9531  -4.5468  -5.2655  -5.7865  -6.2969  -6.8046  -7.3095  -7.8129
 -8.3152  -8.8165  -9.3174  -9.8179 -10.3183 -10.8185 -11.3186 -11.8187 -12.3189
  0.0000  -1.7696  -1.7696  -1.7696  -1.7696  -1.7697  -1.7697  -1.7697  -1.7698
 -1.7701  -1.7708  -1.7724  -1.7767  -1.7873  -1.8139  -1.8801  -2.0432  -2.4271
 -3.1675  -3.9162  -4.5311  -5.2491  -5.7759  -6.2876  -6.7977  -7.3048  -7.8096
 -8.3130  -8.8151  -9.3164  -9.8173 -10.3178 -10.8182 -11.3184 -11.8186 -12.3191
  0.0000  -1.8829  -1.8829  -1.8829  -1.8829  -1.8829  -1.8829  -1.8829  -1.8830
 -1.8831  -1.8835  -1.8845  -1.8869  -1.8929  -1.9081  -1.9460  -2.0408  -2.2742
 -2.8210  -3.7682  -4.5056  -5.2305  -5.7668  -6.2772  -6.7889  -7.2983  -7.8053
 -8.3100  -8.8134  -9.3156  -9.8169 -10.3178 -10.8183 -11.3187 -11.8191 -12.3195
  0.0000  -2.0091  -2.0091  -2.0091  -2.0091  -2.0091  -2.0091  -2.0091  -2.0092
 -2.0092  -2.0095  -2.0100  -2.0113  -2.0145  -2.0227  -2.0433  -2.0950  -2.2240
 -2.5426  -3.2857  -4.4049  -5.2008  -5.7622  -6.2669  -6.7780  -7.2888  -7.7980
 -8.3049  -8.8096  -9.3129  -9.8151 -10.3164 -10.8173 -11.3178 -11.8183 -12.3194
  0.0000  -1.5097  -1.5097  -1.5098  -1.5098  -1.5098  -1.5099  -1.5100  -1.5105
 -1.5116  -1.5144  -1.5214  -1.5389  -1.5823  -1.6868  -1.9188  -2.3365  -2.8841
 -3.4728  -4.1692  -4.7884  -5.3017  -5.8087  -6.3130  -6.8154  -7.3168  -7.8176
 -8.3181  -8.8184  -9.3186  -9.8188 -10.3188 -10.8189 -11.3189 -11.8189 -12.3191
  0.0000  -1.5125  -1.5125  -1.5125  -1.5125  -1.5125  -1.5126  -1.5128  -1.5132
 -1.5144  -1.5172  -1.5242  -1.5418  -1.5851  -1.6886  -1.9167  -2.3302  -2.8781
 -3.4673  -4.1631  -4.7835  -5.2984  -5.8067  -6.3116  -6.8146  -7.3163  -7.8173
 -8.3180  -8.8184  -9.3186  -9.8188 -10.3189 -10.8190 -11.3190 -11.8190 -12.3192
  0.0000  -1.5203  -1.5203  -1.5203  -1.5203  -1.5203  -1.5204  -1.5206  -1.5210
 -1.5221  -1.5247  -1.5315  -1.5483  -1.5897  -1.6889  -1.9098  -2.3195  -2.8709
 -3.4616  -4.1545  -4.7762  -5.2931  -5.8030  -6.3089  -6.8129  -7.3152  -7.8166
 -8.3175  -8.8180  -9.3184  -9.8186 -10.3187 -10.8188 -11.3189 -11.8190 -12.3191
  0.0000  -1.5411  -1.5411  -1.5411  -1.5411  -1.5412  -1.5412  -1.5414  -1.5417
 -1.5427  -1.5450  -1.5509  -1.5655  -1.6018  -1.6899  -1.8922  -2.2912  -2.8566
 -3.4548  -4.1442  -4.7670  -5.2857  -5.7974  -6.3052  -6.8101  -7.3135  -7.8155
 -8.3168  -8.8176  -9.3181  -9.8184 -10.3186 -10.8187 -11.3188 -11.8189 -12.3190
  0.0000  -1.5825  -1.5825  -1.5825  -1.5825  -1.5825  -1.5825  -1.5826  -1.5829
 -1.5837  -1.5855  -1.5900  -1.6014  -1.6297  -1.6994  -1.8659  -2.2266  -2.8148
 -3.4439  -4.1325  -4.7572  -5.2763  -5.7896  -6.2994  -6.8062  -7.3107  -7.8138
 -8.3158  -8.8170  -9.3177  -9.8182 -10.3185 -10.8187 -11.3189 -11.8191 -12.3193
  0.0000  -1.6488  -1.6488  -1.6488  -1.6488  -1.6488  -1.6488  -1.6489  -1.6491
 -1.6496  -1.6508  -1.6540  -1.6617  -1.6813  -1.7299  -1.8491  -2.1295  -2.6932
 -3.4107  -4.1175  -4.7498  -5.2671  -5.7798  -6.2912  -6.8002  -7.3066  -7.8109
 -8.3139  -8.8158  -9.3170  -9.8177 -10.3182 -10.8185 -11.3187 -11.8189 -12.3192
  0.0000  -1.7404  -1.7404  -1.7404  -1.7404  -1.7404  -1.7404  -1.7404  -1.7406
 -1.7409  -1.7416  -1.7436  -1.7484  -1.7605  -1.7907  -1.8661  -2.0509  -2.4805
 -3.2698  -4.0840  -4.7474  -5.2628  -5.7711  -6.2822  -6.7927  -7.3013  -7.8074
 -8.3116  -8.8145  -9.3164  -9.8175 -10.3183 -10.8187 -11.3190 -11.8193 -12.3196
-10.0000  -1.4206  -1.4206  -1.4206  -1.4206  -1.4207  -1.4208  -1.4212  -1.4220
 -1.4241  -1.4290  -1.4406  -1.4687  -1.5370  -1.6933  -2.0036  -2.4719  -2.9989
 -3.5432  -4.1952  -4.7774  -5.2710  -5.7745  -6.2833  -6.7929  -7.3011  -7.8071
 -8.3112  -8.8141  -9.3160  -9.8171 -10.3179 -10.8183 -11.3186 -11.8189 -12.3192
-10.0000  -1.4239  -1.4239  -1.4239  -1.4239  -1.4240  -1.4241  -1.4244  -1.4252
 -1.4270  -1.4317  -1.4431  -1.4708  -1.5378  -1.6918  -1.9999  -2.4688  -2.9974
 -3.5426  -4.1947  -4.7772  -5.2708  -5.7744  -6.2832  -6.7928  -7.3010  -7.8070
 -8.3111  -8.8140  -9.3159  -9.8170 -10.3178 -10.8182 -11.3185 -11.8188 -12.3191
-10.0000  -1.4301  -1.4301  -1.4301  -1.4301  -1.4302  -1.4303  -1.4306  -1.4313
 -1.4330  -1.4374  -1.4482  -1.4750  -1.5397  -1.6894  -1.9929  -2.4626  -2.9947
 -3.5414  -4.1941  -4.7770  -5.2708  -5.7743  -6.2832  -6.7928  -7.3010  -7.8070
 -8.3111  -8.8140  -9.3159  -9.8170 -10.3178 -10.8182 -11.3185 -11.8188 -12.3191
-10.0000  -1.4416  -1.4416  -1.4416  -1.4416  -1.4417  -1.4418  -1.4420  -1.4427
 -1.4443  -1.4483  -1.4583  -1.4832  -1.5438  -1.6854  -1.9795  -2.4501  -2.9891
 -3.5392  -4.1928  -4.7767  -5.2708  -5.7744  -6.2833  -6.7929  -7.3011  -7.8071
 -8.3112  -8.8141  -9.3160  -9.8171 -10.3179 -10.8183 -11.3186 -11.8189 -12.3192
-10.0000  -1.4620  -1.4620  -1.4620  -1.4620  -1.4620  -1.4621  -1.4623  -1.4629
 -1.4643  -1.4678  -1.4766  -1.4985  -1.5523  -1.6800  -1.9555  -2.4244  -2.9774
 -3.5345  -4.1900  -4.7759  -5.2704  -5.7742  -6.2831  -6.7928  -7.3010  -7.8070
 -8.3111  -8.8140  -9.3159  -9.8170 -10.3178 -10.8182 -11.3185 -11.8188 -12.3191
-10.0000  -1.4963  -1.4963  -1.4963  -1.4963  -1.4964  -1.4964  -1.4966  -1.4971
 -1.4982  -1.5011  -1.5082  -1.5261  -1.5702  -1.6770  -1.9187  -2.3731  -2.9525
 -3.5250  -4.1846  -4.7743  -5.2700  -5.7740  -6.2830  -6.7927  -7.3010  -7.8070
 -8.3111  -8.8140  -9.3159  -9.8170 -10.3178 -10.8182 -11.3185 -11.8188 -12.3191
-10.0000  -1.5493  -1.5493  -1.5493  -1.5493  -1.5493  -1.5494  -1.5495  -1.5498
 -1.5507  -1.5528  -1.5580  -1.5712  -1.6040  -1.6848  -1.8761  -2.2811  -2.8950
 -3.5050  -4.1736  -4.7712  -5.2691  -5.7736  -6.2829  -6.7927  -7.3009  -7.8070
 -8.3111  -8.8140  -9.3159  -9.8170 -10.3178 -10.8182 -11.3185 -11.8188 -12.3191
 -1.0000  -1.4776  -1.4776  -1.4776  -1.4776  -1.4776  -1.4777  -1.4779  -1.4782
 -1.4792  -1.4817  -1.4879  -1.5038  -1.5449  -1.6506  -1.9112  -2.4474  -3.1541
 -3.7465  -4.2802  -4.7972  -5.3060  -5.8111  -6.3139  -6.8155  -7.3164  -7.8169
 -8.3172  -8.8174  -9.3176  -9.8176 -10.3177 -10.8177 -11.3177 -11.8177 -12.3176
  0.0000  -1.4780  -1.4780  -1.4780  -1.4780  -1.4780  -1.4781  -1.4782  -1.4786
 -1.4796  -1.4820  -1.4883  -1.5042  -1.5451  -1.6507  -1.9107  -2.4465  -3.1536
 -3.7463  -4.2801  -4.7972  -5.3060  -5.8111  -6.3139  -6.8155  -7.3164  -7.8169
 -8.3172  -8.8174  -9.3176  -9.8176 -10.3177 -10.8177 -11.3177 -11.8177 -12.3176
  0.0000  -1.4733  -1.4733  -1.4733  -1.4733  -1.4733  -1.4734  -1.4736  -1.4740
 -1.4751  -1.4778  -1.4846  -1.5017  -1.5450  -1.6533  -1.9139  -2.4485  -3.1491
 -3.7417  -4.2765  -4.7946  -5.3043  -5.8099  -6.3130  -6.8148  -7.3159  -7.8166
 -8.3169  -8.8172  -9.3173  -9.8174 -10.3175 -10.8175 -11.3175 -11.8175 -12.3175
  0.0000  -1.4645  -1.4645  -1.4645  -1.4645  -1.4645  -1.4646  -1.4648  -1.4653
 -1.4665  -1.4694  -1.4769  -1.4956  -1.5423  -1.6562  -1.9226  -2.4602  -3.1465
 -3.7357  -4.2711  -4.7906  -5.3015  -5.8079  -6.3117  -6.8140  -7.3153  -7.8161
 -8.3166  -8.8169  -9.3171  -9.8173 -10.3173 -10.8174 -11.3174 -11.8174 -12.3176
  0.0000  -1.4536  -1.4536  -1.4536  -1.4536  -1.4536  -1.4537  -1.4539  -1.4544
 -1.4557  -1.4590  -1.4671  -1.4874  -1.5377  -1.6583  -1.9343  -2.4810  -3.1488
 -3.7296  -4.2639  -4.7844  -5.2970  -5.8047  -6.3095  -6.8125  -7.3144  -7.8155
 -8.3162  -8.8166  -9.3169  -9.8171 -10.3172 -10.8172 -11.3173 -11.8174 -12.3173
  1.0000  -1.4609  -1.4609  -1.4609  -1.4609  -1.4610  -1.4611  -1.4613  -1.4617
 -1.4630  -1.4661  -1.4739  -1.4934  -1.5416  -1.6577  -1.9262  -2.4656  -3.1414
 -3.7274  -4.2630  -4.7840  -5.2968  -5.8045  -6.3094  -6.8124  -7.3143  -7.8154
 -8.3161  -8.8165  -9.3168  -9.8170 -10.3171 -10.8171 -11.3172 -11.8173 -12.3172
  2.0000  -1.4749  -1.4749  -1.4749  -1.4749  -1.4750  -1.4750  -1.4752  -1.4757
 -1.4768  -1.4797  -1.4869  -1.5049  -1.5494  -1.6577  -1.9119  -2.4354  -3.1263
 -3.7233  -4.2615  -4.7834  -5.2966  -5.8044  -6.3093  -6.8124  -7.3143  -7.8154
 -8.3161  -8.8165  -9.3168  -9.8170 -10.3171 -10.8171 -11.3172 -11.8173 -12.3172
  0.0000  -1.4142  -1.4142  -1.4142  -1.4142  -1.4142  -1.4143  -1.4144  -1.4149
 -1.4161  -1.4193  -1.4272  -1.4475  -1.5004  -1.6423  -2.0153  -2.6261  -3.2166
 -3.7615  -4.2861  -4.7997  -5.3073  -5.8118  -6.3144  -6.8159  -7.3168  -7.8173
 -8.3176  -8.8178  -9.3180  -9.8180 -10.3181 -10.8181 -11.3181 -11.8181 -12.3180
  0.0000  -1.4314  -1.4314  -1.4314  -1.4314  -1.4314  -1.4315  -1.4317  -1.4321
 -1.4331  -1.4358  -1.4424  -1.4597  -1.5049  -1.6310  -1.9910  -2.6193  -3.2185
 -3.7647  -4.2889  -4.8017  -5.3088  -5.8128  -6.3150  -6.8163  -7.3170  -7.8175
 -8.3177  -8.8179  -9.3180  -9.8181 -10.3181 -10.8181 -11.3181 -11.8181 -12.3181
  0.0000  -1.4272  -1.4272  -1.4272  -1.4272  -1.4272  -1.4273  -1.4275  -1.4279
 -1.4291  -1.4320  -1.4393  -1.4581  -1.5057  -1.6342  -1.9932  -2.6181  -3.2167
 -3.7633  -4.2878  -4.8009  -5.3083  -5.8124  -6.3147  -6.8161  -7.3169  -7.8173
 -8.3176  -8.8178  -9.3179  -9.8180 -10.3180 -10.8180 -11.3180 -11.8180 -12.3180
  0.0000  -1.4130  -1.4130  -1.4131  -1.4131  -1.4131  -1.4132  -1.4134  -1.4140
 -1.4153  -1.4188  -1.4275  -1.4494  -1.5039  -1.6442  -2.0096  -2.6204  -3.2133
 -3.7594  -4.2847  -4.7988  -5.3066  -5.8113  -6.3140  -6.8156  -7.3165  -7.8171
 -8.3174  -8.8176  -9.3178  -9.8178 -10.3179 -10.8179 -11.3179 -11.8179 -12.3178
  0.0000  -1.3921  -1.3921  -1.3921  -1.3922  -1.3922  -1.3923  -1.3926  -1.3932
 -1.3949  -1.3990  -1.4094  -1.4355  -1.4998  -1.6594  -2.0386  -2.6289  -3.2101
 -3.7538  -4.2796  -4.7950  -5.3041  -5.8096  -6.3129  -6.8149  -7.3161  -7.8168
 -8.3172  -8.8175  -9.3177  -9.8178 -10.3178 -10.8179 -11.3179 -11.8179 -12.3181
  0.0000  -1.3684  -1.3684  -1.3684  -1.3685  -1.3685  -1.3686  -1.3689  -1.3697
 -1.3716  -1.3764  -1.3885  -1.4188  -1.4938  -1.6771  -2.0774  -2.6460  -3.2099
 -3.7478  -4.2730  -4.7897  -5.3003  -5.8069  -6.3112  -6.8138  -7.3154  -7.8164
 -8.3170  -8.8174  -9.3177  -9.8178 -10.3179 -10.8180 -11.3180 -11.8180 -12.3182
  0.0000  -1.3476  -1.3476  -1.3476  -1.3476  -1.3476  -1.3478  -1.3481  -1.3490
 -1.3511  -1.3564  -1.3698  -1.4034  -1.4871  -1.6921  -2.1171  -2.6712  -3.2161
 -3.7440  -4.2660  -4.7829  -5.2950  -5.8033  -6.3086  -6.8121  -7.3144  -7.8157
 -8.3166  -8.8171  -9.3175  -9.8177 -10.3178 -10.8179 -11.3180 -11.8181 -12.3182
  0.0000  -1.3134  -1.3134  -1.3134  -1.3135  -1.3135  -1.3137  -1.3140  -1.3148
 -1.3167  -1.3218  -1.3349  -1.3701  -1.4712  -1.7361  -2.1907  -2.7086  -3.2345
 -3.7565  -4.2741  -4.7874  -5.2969  -5.8032  -6.3074  -6.8101  -7.3118  -7.8128
 -8.3135  -8.8139  -9.3141  -9.8143 -10.3144 -10.8145 -11.3145 -11.8145 -12.3147
  0.0000  -1.4437  -1.4437  -1.4437  -1.4437  -1.4436  -1.4435  -1.4432  -1.4425
 -1.4406  -1.4363  -1.4279  -1.4190  -1.4454  -1.6304  -2.1016  -2.6764  -3.2343
 -3.7688  -4.2885  -4.7996  -5.3061  -5.8097  -6.3118  -6.8131  -7.3138  -7.8142
 -8.3145  -8.8146  -9.3147  -9.8148 -10.3148 -10.8148 -11.3148 -11.8148 -12.3148
  0.0000  -1.4666  -1.4666  -1.4666  -1.4666  -1.4665  -1.4663  -1.4659  -1.4648
 -1.4622  -1.4561  -1.4437  -1.4267  -1.4411  -1.6151  -2.0929  -2.6763  -3.2365
 -3.7711  -4.2903  -4.8008  -5.3070  -5.8103  -6.3123  -6.8134  -7.3140  -7.8144
 -8.3146  -8.8147  -9.3148  -9.8149 -10.3149 -10.8149 -11.3149 -11.8149 -12.3149
  0.0000  -1.4519  -1.4519  -1.4519  -1.4519  -1.4518  -1.4517  -1.4513  -1.4504
 -1.4484  -1.4436  -1.4339  -1.4224  -1.4445  -1.6244  -2.0976  -2.6759  -3.2348
 -3.7695  -4.2890  -4.7999  -5.3063  -5.8098  -6.3119  -6.8130  -7.3137  -7.8141
 -8.3144  -8.8145  -9.3146  -9.8147 -10.3147 -10.8147 -11.3147 -11.8147 -12.3147
  0.0000  -1.4157  -1.4157  -1.4157  -1.4157  -1.4156  -1.4156  -1.4154  -1.4151
 -1.4142  -1.4125  -1.4096  -1.4112  -1.4527  -1.6490  -2.1117  -2.6762  -3.2310
 -3.7654  -4.2858  -4.7976  -5.3045  -5.8086  -6.3110  -6.8124  -7.3132  -7.8137
 -8.3140  -8.8142  -9.3143  -9.8143 -10.3144 -10.8144 -11.3144 -11.8144 -12.3143
  0.0000  -1.3687  -1.3687  -1.3687  -1.3687  -1.3687  -1.3688  -1.3689  -1.3692
 -1.3699  -1.3719  -1.3775  -1.3961  -1.4645  -1.6849  -2.1355  -2.6800  -3.2269
 -3.7598  -4.2810  -4.7942  -5.3021  -5.8069  -6.3099  -6.8116  -7.3127  -7.8133
 -8.3137  -8.8140  -9.3141  -9.8142 -10.3143 -10.8143 -11.3143 -11.8143 -12.3143
  0.0000  -1.3214  -1.3214  -1.3214  -1.3215  -1.3215  -1.3216  -1.3220  -1.3228
 -1.3250  -1.3304  -1.3443  -1.3802  -1.4778  -1.7251  -2.1671  -2.6896  -3.2248
 -3.7540  -4.2752  -4.7895  -5.2988  -5.8045  -6.3083  -6.8105  -7.3119  -7.8128
 -8.3133  -8.8136  -9.3138  -9.8139 -10.3140 -10.8141 -11.3141 -11.8141 -12.3143
 -1.0000  -1.3996  -1.3996  -1.3996  -1.3996  -1.3995  -1.3992  -1.3985  -1.3968
 -1.3929  -1.3843  -1.3708  -1.3684  -1.4404  -1.6971  -2.1627  -2.6963  -3.2333
 -3.7615  -4.2807  -4.7930  -5.3007  -5.8055  -6.3084  -6.8102  -7.3112  -7.8119
 -8.3123  -8.8126  -9.3127  -9.8128 -10.3129 -10.8129 -11.3129 -11.8129 -12.3129
  0.0000  -1.3996  -1.3996  -1.3996  -1.3995  -1.3995  -1.3992  -1.3985  -1.3968
 -1.3929  -1.3843  -1.3708  -1.3684  -1.4404  -1.6971  -2.1627  -2.6963  -3.2333
 -3.7615  -4.2807  -4.7930  -5.3007  -5.8055  -6.3084  -6.8102  -7.3112  -7.8119
 -8.3123  -8.8126  -9.3127  -9.8128 -10.3129 -10.8129 -11.3129 -11.8129 -12.3129
  0.0000  -1.5274  -1.5274  -1.5274  -1.5273  -1.5270  -1.5265  -1.5250  -1.5215
 -1.5129  -1.4935  -1.4561  -1.4065  -1.4031  -1.6148  -2.1192  -2.6899  -3.2419
 -3.7730  -4.2907  -4.8006  -5.3064  -5.8095  -6.3113  -6.8124  -7.3130  -7.8133
 -8.3135  -8.8137  -9.3137  -9.8138 -10.3138 -10.8138 -11.3138 -11.8138 -12.3138
  0.0000  -1.5459  -1.5459  -1.5458  -1.5457  -1.5455  -1.5448  -1.5433  -1.5393
 -1.5300  -1.5087  -1.4675  -1.4110  -1.3979  -1.6055  -2.1161  -2.6904  -3.2432
 -3.7742  -4.2915  -4.8013  -5.3067  -5.8098  -6.3115  -6.8125  -7.3130  -7.8134
 -8.3136  -8.8137  -9.3137  -9.8138 -10.3138 -10.8138 -11.3138 -11.8138 -12.3138
  0.0000  -1.5189  -1.5189  -1.5189  -1.5188  -1.5186  -1.5180  -1.5166  -1.5133
 -1.5046  -1.4829  -1.4508  -1.4045  -1.4059  -1.6195  -2.1208  -2.6897  -3.2412
 -3.7725  -4.2904  -4.8004  -5.3062  -5.8095  -6.3113  -6.8124  -7.3130  -7.8134
 -8.3136  -8.8138  -9.3138  -9.8139 -10.3139 -10.8139 -11.3139 -11.8139 -12.3139
  0.0000  -1.4696  -1.4696  -1.4696  -1.4695  -1.4693  -1.4689  -1.4679  -1.4653
 -1.4593  -1.4457  -1.4203  -1.3926  -1.4207  -1.6461  -2.1308  -2.6885  -3.2371
 -3.7685  -4.2872  -4.7980  -5.3044  -5.8082  -6.3103  -6.8116  -7.3123  -7.8128
 -8.3130  -8.8132  -9.3133  -9.8134 -10.3134 -10.8134 -11.3134 -11.8134 -12.3134
  0.0000  -1.4149  -1.4149  -1.4149  -1.4149  -1.4148  -1.4145  -1.4138  -1.4122
 -1.4084  -1.4001  -1.3861  -1.3797  -1.4389  -1.6796  -2.1467  -2.6895  -3.2328
 -3.7635  -4.2832  -4.7951  -5.3021  -5.8066  -6.3092  -6.8107  -7.3116  -7.8122
 -8.3125  -8.8127  -9.3129  -9.8129 -10.3130 -10.8130 -11.3130 -11.8130 -12.3129
-11.0000  -1.4159  -1.4159  -1.4159  -1.4159  -1.4157  -1.4155  -1.4148  -1.4131
 -1.4091  -1.4003  -1.3856  -1.3787  -1.4381  -1.6803  -2.1478  -2.6900  -3.2330
 -3.7636  -4.2832  -4.7951  -5.3021  -5.8066  -6.3092  -6.8107  -7.3116  -7.8122
 -8.3125  -8.8127  -9.3129  -9.8129 -10.3130 -10.8130 -11.3130 -11.8130 -12.3129
-10.0000  -1.4159  -1.4159  -1.4159  -1.4159  -1.4157  -1.4155  -1.4148  -1.4131
 -1.4091  -1.4003  -1.3856  -1.3787  -1.4381  -1.6803  -2.1478  -2.6900  -3.2330
 -3.7636  -4.2832  -4.7951  -5.3021  -5.8066  -6.3092  -6.8107  -7.3116  -7.8122
 -8.3125  -8.8127  -9.3129  -9.8129 -10.3130 -10.8130 -11.3130 -11.8130 -12.3129
-10.0000  -1.4159  -1.4159  -1.4159  -1.4158  -1.4157  -1.4155  -1.4148  -1.4131
 -1.4091  -1.4003  -1.3856  -1.3787  -1.4381  -1.6803  -2.1478  -2.6900  -3.2330
 -3.7636  -4.2832  -4.7951  -5.3021  -5.8066  -6.3092  -6.8107  -7.3116  -7.8122
 -8.3125  -8.8127  -9.3129  -9.8129 -10.3130 -10.8130 -11.3130 -11.8130 -12.3129
-10.0000  -1.4160  -1.4160  -1.4160  -1.4159  -1.4158  -1.4156  -1.4149  -1.4132
 -1.4092  -1.4004  -1.3857  -1.3788  -1.4382  -1.6804  -2.1479  -2.6901  -3.2331
 -3.7637  -4.2833  -4.7952  -5.3022  -5.8067  -6.3093  -6.8108  -7.3117  -7.8123
 -8.3126  -8.8128  -9.3130  -9.8130 -10.3131 -10.8131 -11.3131 -11.8131 -12.3130
-10.0000  -1.4160  -1.4160  -1.4159  -1.4159  -1.4158  -1.4155  -1.4148  -1.4132
 -1.4092  -1.4004  -1.3857  -1.3789  -1.4382  -1.6804  -2.1478  -2.6901  -3.2331
 -3.7637  -4.2833  -4.7952  -5.3022  -5.8067  -6.3093  -6.8108  -7.3117  -7.8123
 -8.3126  -8.8128  -9.3130  -9.8130 -10.3131 -10.8131 -11.3131 -11.8131 -12.3130
-10.0000  -1.4159  -1.4159  -1.4159  -1.4158  -1.4157  -1.4155  -1.4148  -1.4131
 -1.4091  -1.4004  -1.3857  -1.3789  -1.4383  -1.6803  -2.1478  -2.6900  -3.2331
 -3.7637  -4.2833  -4.7952  -5.3022  -5.8067  -6.3093  -6.8108  -7.3117  -7.8123
 -8.3126  -8.8128  -9.3130  -9.8130 -10.3131 -10.8131 -11.3131 -11.8131 -12.3130
-10.0000  -1.4158  -1.4158  -1.4158  -1.4157  -1.4156  -1.4154  -1.4147  -1.4130
 -1.4090  -1.4003  -1.3858  -1.3790  -1.4384  -1.6803  -2.1477  -2.6900  -3.2331
 -3.7637  -4.2833  -4.7952  -5.3022  -5.8067  -6.3093  -6.8108  -7.3117  -7.8123
 -8.3126  -8.8128  -9.3130  -9.8130 -10.3131 -10.8131 -11.3131 -11.8131 -12.3130
-21.0000  -1.4160  -1.4160  -1.4160  -1.4160  -1.4158  -1.4156  -1.4149  -1.4132
 -1.4092  -1.4004  -1.3857  -1.3788  -1.4382  -1.6804  -2.1479  -2.6901  -3.2331
 -3.7637  -4.2833  -4.7952  -5.3022  -5.8067  -6.3093  -6.8108  -7.3117  -7.8123
 -8.3126  -8.8128  -9.3130  -9.8130 -10.3131 -10.8131 -11.3131 -11.8131 -12.3130
-20.0000  -1.4160  -1.4160  -1.4160  -1.4160  -1.4158  -1.4156  -1.4149  -1.4132
 -1.4092  -1.4004  -1.3857  -1.3788  -1.4382  -1.6804  -2.1479  -2.6901  -3.2331
 -3.7637  -4.2833  -4.7952  -5.3022  -5.8067  -6.3093  -6.8108  -7.3117  -7.8123
 -8.3126  -8.8128  -9.3130  -9.8130 -10.3131 -10.8131 -11.3131 -11.8131 -12.3130
-20.0000  -1.4160  -1.4160  -1.4160  -1.4160  -1.4158  -1.4156  -1.4149  -1.4132
 -1.4092  -1.4004  -1.3857  -1.3788  -1.4382  -1.6804  -2.1479  -2.6901  -3.2331
 -3.7637  -4.2833  -4.7952  -5.3022  -5.8067  -6.3093  -6.8108  -7.3117  -7.8123
 -8.3126  -8.8128  -9.3130  -9.8130 -10.3131 -10.8131 -11.3131 -11.8131 -12.3130
-20.0000  -1.4160  -1.4160  -1.4160  -1.4160  -1.4158  -1.4156  -1.4149  -1.4132
 -1.4092  -1.4004  -1.3857  -1.3788  -1.4382  -1.6804  -2.1479  -2.6901  -3.2331
 -3.7637  -4.2833  -4.7952  -5.3022  -5.8067  -6.3093  -6.8108  -7.3117  -7.8123
 -8.3126  -8.8128  -9.3130  -9.8130 -10.3131 -10.8131 -11.3131 -11.8131 -12.3130
-20.0000  -1.4160  -1.4160  -1.4160  -1.4159  -1.4158  -1.4156  -1.4149  -1.4132
 -1.4092  -1.4004  -1.3857  -1.3788  -1.4382  -1.6804  -2.1479  -2.6901  -3.2331
 -3.7637  -4.2833  -4.7952  -5.3022  -5.8067  -6.3093  -6.8108  -7.3117  -7.8123
 -8.3126  -8.8128  -9.3130  -9.8130 -10.3131 -10.8131 -11.3131 -11.8131 -12.3130
-20.0000  -1.4159  -1.4159  -1.4159  -1.4158  -1.4157  -1.4155  -1.4148  -1.4131
 -1.4091  -1.4003  -1.3856  -1.3787  -1.4381  -1.6803  -2.1478  -2.6900  -3.2330
 -3.7636  -4.2832  -4.7951  -5.3021  -5.8066  -6.3092  -6.8107  -7.3116  -7.8122
 -8.3125  -8.8127  -9.3129  -9.8129 -10.3130 -10.8130 -11.3130 -11.8130 -12.3129
-20.0000  -1.4160  -1.4160  -1.4159  -1.4159  -1.4158  -1.4155  -1.4149  -1.4132
 -1.4092  -1.4004  -1.3857  -1.3788  -1.4382  -1.6804  -2.1478  -2.6901  -3.2331
 -3.7637  -4.2833  -4.7952  -5.3022  -5.8067  -6.3093  -6.8108  -7.3117  -7.8123
 -8.3126  -8.8128  -9.3130  -9.8130 -10.3131 -10.8131 -11.3131 -11.8131 -12.3130
-31.0000  -1.4149  -1.4149  -1.4149  -1.4149  -1.4147  -1.4145  -1.4138  -1.4121
 -1.4081  -1.3993  -1.3846  -1.3777  -1.4371  -1.6793  -2.1468  -2.6890  -3.2320
 -3.7626  -4.2822  -4.7941  -5.3011  -5.8056  -6.3082  -6.8097  -7.3106  -7.8112
 -8.3115  -8.8117  -9.3119  -9.8119 -10.3120 -10.8120 -11.3120 -11.8120 -12.3119
-30.0000  -1.4149  -1.4149  -1.4149  -1.4149  -1.4147  -1.4145  -1.4138  -1.4121
 -1.4081  -1.3993  -1.3846  -1.3777  -1.4371  -1.6793  -2.1468  -2.6890  -3.2320
 -3.7626  -4.2822  -4.7941  -5.3011  -5.8056  -6.3082  -6.8097  -7.3106  -7.8112
 -8.3115  -8.8117  -9.3119  -9.8119 -10.3120 -10.8120 -11.3120 -11.8120 -12.3119
-30.0000  -1.4149  -1.4149  -1.4149  -1.4149  -1.4147  -1.4145  -1.4138  -1.4121
 -1.4081  -1.3993  -1.3846  -1.3777  -1.4371  -1.6793  -2.1468  -2.6890  -3.2320
 -3.7626  -4.2822  -4.7941  -5.3011  -5.8056  -6.3082  -6.8097  -7.3106  -7.8112
 -8.3115  -8.8117  -9.3119  -9.8119 -10.3120 -10.8120 -11.3120 -11.8120 -12.3119
-30.0000  -1.4149  -1.4149  -1.4149  -1.4149  -1.4147  -1.4145  -1.4138  -1.4121
 -1.4081  -1.3993  -1.3846  -1.3777  -1.4371  -1.6793  -2.1468  -2.6890  -3.2320
 -3.7626  -4.2822  -4.7941  -5.3011  -5.8056  -6.3082  -6.8097  -7.3106  -7.8112
 -8.3115  -8.8117  -9.3119  -9.8119 -10.3120 -10.8120 -11.3120 -11.8120 -12.3119
-30.0000  -1.4160  -1.4160  -1.4160  -1.4160  -1.4158  -1.4156  -1.4149  -1.4132
 -1.4092  -1.4004  -1.3857  -1.3788  -1.4382  -1.6804  -2.1479  -2.6901  -3.2331
 -3.7637  -4.2833  -4.7952  -5.3022  -5.8067  -6.3093  -6.8108  -7.3117  -7.8123
 -8.3126  -8.8128  -9.3130  -9.8130 -10.3131 -10.8131 -11.3131 -11.8131 -12.3130
-30.0000  -1.4159  -1.4159  -1.4159  -1.4159  -1.4157  -1.4155  -1.4148  -1.4131
 -1.4091  -1.4003  -1.3856  -1.3787  -1.4381  -1.6803  -2.1478  -2.6900  -3.2330
 -3.7636  -4.2832  -4.7951  -5.3021  -5.8066  -6.3092  -6.8107  -7.3116  -7.8122
 -8.3125  -8.8127  -9.3129  -9.8129 -10.3130 -10.8130 -11.3130 -11.8130 -12.3129
-30.0000  -1.4158  -1.4158  -1.4158  -1.4158  -1.4156  -1.4154  -1.4147  -1.4130
 -1.4090  -1.4002  -1.3855  -1.3786  -1.4380  -1.6802  -2.1477  -2.6899  -3.2329
 -3.7635  -4.2831  -4.7950  -5.3020  -5.8065  -6.3091  -6.8106  -7.3115  -7.8121
 -8.3124  -8.8126  -9.3128  -9.8128 -10.3129 -10.8129 -11.3129 -11.8129 -12.3128
-41.0000  -1.4172  -1.4172  -1.4172  -1.4172  -1.4170  -1.4168  -1.4161  -1.4144
 -1.4104  -1.4016  -1.3869  -1.3800  -1.4394  -1.6816  -2.1491  -2.6913  -3.2343
 -3.7649  -4.2845  -4.7964  -5.3034  -5.8079  -6.3105  -6.8120  -7.3129  -7.8135
 -8.3138  -8.8140  -9.3142  -9.8142 -10.3143 -10.8143 -11.3143 -11.8143 -12.3142
-40.0000  -1.4172  -1.4172  -1.4172  -1.4172  -1.4170  -1.4168  -1.4161  -1.4144
 -1.4104  -1.4016  -1.3869  -1.3800  -1.4394  -1.6816  -2.1491  -2.6913  -3.2343
 -3.7649  -4.2845  -4.7964  -5.3034  -5.8079  -6.3105  -6.8120  -7.3129  -7.8135
 -8.3138  -8.8140  -9.3142  -9.8142 -10.3143 -10.8143 -11.3143 -11.8143 -12.3142
-40.0000  -1.4172  -1.4172  -1.4172  -1.4172  -1.4170  -1.4168  -1.4161  -1.4144
 -1.4104  -1.4016  -1.3869  -1.3800  -1.4394  -1.6816  -2.1491  -2.6913  -3.2343
 -3.7649  -4.2845  -4.7964  -5.3034  -5.8079  -6.3105  -6.8120  -7.3129  -7.8135
 -8.3138  -8.8140  -9.3142  -9.8142 -10.3143 -10.8143 -11.3143 -11.8143 -12.3142
-40.0000  -1.4172  -1.4172  -1.4172  -1.4172  -1.4170  -1.4168  -1.4161  -1.4144
 -1.4104  -1.4016  -1.3869  -1.3800  -1.4394  -1.6816  -2.1491  -2.6913  -3.2343
 -3.7649  -4.2845  -4.7964  -5.3034  -5.8079  -6.3105  -6.8120  -7.3129  -7.8135
 -8.3138  -8.8140  -9.3142  -9.8142 -10.3143 -10.8143 -11.3143 -11.8143 -12.3142
-40.0000  -1.4172  -1.4172  -1.4172  -1.4172  -1.4170  -1.4168  -1.4161  -1.4144
 -1.4104  -1.4016  -1.3869  -1.3800  -1.4394  -1.6816  -2.1491  -2.6913  -3.2343
 -3.7649  -4.2845  -4.7964  -5.3034  -5.8079  -6.3105  -6.8120  -7.3129  -7.8135
 -8.3138  -8.8140  -9.3142  -9.8142 -10.3143 -10.8143 -11.3143 -11.8143 -12.3142
-40.0000  -1.4159  -1.4159  -1.4159  -1.4159  -1.4157  -1.4155  -1.4148  -1.4131
 -1.4091  -1.4003  -1.3856  -1.3787  -1.4381  -1.6803  -2.1478  -2.6900  -3.2330
 -3.7636  -4.2832  -4.7951  -5.3021  -5.8066  -6.3092  -6.8107  -7.3116  -7.8122
 -8.3125  -8.8127  -9.3129  -9.8129 -10.3130 -10.8130 -11.3130 -11.8130 -12.3129
-40.0000  -1.4157  -1.4157  -1.4157  -1.4157  -1.4155  -1.4153  -1.4146  -1.4129
 -1.4089  -1.4001  -1.3854  -1.3785  -1.4379  -1.6801  -2.1476  -2.6898  -3.2328
 -3.7634  -4.2830  -4.7949  -5.3019  -5.8064  -6.3090  -6.8105  -7.3114  -7.8120
 -8.3123  -8.8125  -9.3127  -9.8127 -10.3128 -10.8128 -11.3128 -11.8128 -12.3127
-51.0000  -1.4155  -1.4155  -1.4155  -1.4155  -1.4153  -1.4151  -1.4144  -1.4127
 -1.4087  -1.3999  -1.3852  -1.3783  -1.4377  -1.6799  -2.1474  -2.6896  -3.2326
 -3.7632  -4.2828  -4.7947  -5.3017  -5.8062  -6.3088  -6.8103  -7.3112  -7.8118
 -8.3121  -8.8123  -9.3125  -9.8125 -10.3126 -10.8126 -11.3126 -11.8126 -12.3125
-50.0000  -1.4155  -1.4155  -1.4155  -1.4155  -1.4153  -1.4151  -1.4144  -1.4127
 -1.4087  -1.3999  -1.3852  -1.3783  -1.4377  -1.6799  -2.1474  -2.6896  -3.2326
 -3.7632  -4.2828  -4.7947  -5.3017  -5.8062  -6.3088  -6.8103  -7.3112  -7.8118
 -8.3121  -8.8123  -9.3125  -9.8125 -10.3126 -10.8126 -11.3126 -11.8126 -12.3125
-50.0000  -1.4155  -1.4155  -1.4155  -1.4155  -1.4153  -1.4151  -1.4144  -1.4127
 -1.4087  -1.3999  -1.3852  -1.3783  -1.4377  -1.6799  -2.1474  -2.6896  -3.2326
 -3.7632  -4.2828  -4.7947  -5.3017  -5.8062  -6.3088  -6.8103  -7.3112  -7.8118
 -8.3121  -8.8123  -9.3125  -9.8125 -10.3126 -10.8126 -11.3126 -11.8126 -12.3125
-50.0000  -1.4155  -1.4155  -1.4155  -1.4155  -1.4153  -1.4151  -1.4144  -1.4127
 -1.4087  -1.3999  -1.3852  -1.3783  -1.4377  -1.6799  -2.1474  -2.6896  -3.2326
 -3.7632  -4.2828  -4.7947  -5.3017  -5.8062  -6.3088  -6.8103  -7.3112  -7.8118
 -8.3121  -8.8123  -9.3125  -9.8125 -10.3126 -10.8126 -11.3126 -11.8126 -12.3125
-50.0000  -1.4155  -1.4155  -1.4155  -1.4155  -1.4153  -1.4151  -1.4144  -1.4127
 -1.4087  -1.3999  -1.3852  -1.3783  -1.4377  -1.6799  -2.1474  -2.6896  -3.2326
 -3.7632  -4.2828  -4.7947  -5.3017  -5.8062  -6.3088  -6.8103  -7.3112  -7.8118
 -8.3121  -8.8123  -9.3125  -9.8125 -10.3126 -10.8126 -11.3126 -11.8126 -12.3125
-50.0000  -1.4155  -1.4155  -1.4155  -1.4155  -1.4153  -1.4151  -1.4144  -1.4127
 -1.4087  -1.3999  -1.3852  -1.3783  -1.4377  -1.6799  -2.1474  -2.6896  -3.2326
 -3.7632  -4.2828  -4.7947  -5.3017  -5.8062  -6.3088  -6.8103  -7.3112  -7.8118
 -8.3121  -8.8123  -9.3125  -9.8125 -10.3126 -10.8126 -11.3126 -11.8126 -12.3125
-50.0000  -1.4159  -1.4159  -1.4159  -1.4159  -1.4157  -1.4155  -1.4148  -1.4131
 -1.4091  -1.4003  -1.3856  -1.3787  -1.4381  -1.6803  -2.1478  -2.6900  -3.2330
 -3.7636  -4.2832  -4.7951  -5.3021  -5.8066  -6.3092  -6.8107  -7.3116  -7.8122
 -8.3125  -8.8127  -9.3129  -9.8129 -10.3130 -10.8130 -11.3130 -11.8130 -12.3129
-61.0000  -1.4155  -1.4155  -1.4155  -1.4155  -1.4153  -1.4151  -1.4144  -1.4127
 -1.4087  -1.3999  -1.3852  -1.3783  -1.4377  -1.6799  -2.1474  -2.6896  -3.2326
 -3.7632  -4.2828  -4.7947  -5.3017  -5.8062  -6.3088  -6.8103  -7.3112  -7.8118
 -8.3121  -8.8123  -9.3125  -9.8125 -10.3126 -10.8126 -11.3126 -11.8126 -12.3125
-60.0000  -1.4155  -1.4155  -1.4155  -1.4155  -1.4153  -1.4151  -1.4144  -1.4127
 -1.4087  -1.3999  -1.3852  -1.3783  -1.4377  -1.6799  -2.1474  -2.6896  -3.2326
 -3.7632  -4.2828  -4.7947  -5.3017  -5.8062  -6.3088  -6.8103  -7.3112  -7.8118
 -8.3121  -8.8123  -9.3125  -9.8125 -10.3126 -10.8126 -11.3126 -11.8126 -12.3125
-60.0000  -1.4155  -1.4155  -1.4155  -1.4155  -1.4153  -1.4151  -1.4144  -1.4127
 -1.4087  -1.3999  -1.3852  -1.3783  -1.4377  -1.6799  -2.1474  -2.6896  -3.2326
 -3.7632  -4.2828  -4.7947  -5.3017  -5.8062  -6.3088  -6.8103  -7.3112  -7.8118
 -8.3121  -8.8123  -9.3125  -9.8125 -10.3126 -10.8126 -11.3126 -11.8126 -12.3125
-60.0000  -1.4155  -1.4155  -1.4155  -1.4155  -1.4153  -1.4151  -1.4144  -1.4127
 -1.4087  -1.3999  -1.3852  -1.3783  -1.4377  -1.6799  -2.1474  -2.6896  -3.2326
 -3.7632  -4.2828  -4.7947  -5.3017  -5.8062  -6.3088  -6.8103  -7.3112  -7.8118
 -8.3121  -8.8123  -9.3125  -9.8125 -10.3126 -10.8126 -11.3126 -11.8126 -12.3125
-60.0000  -1.4155  -1.4155  -1.4155  -1.4155  -1.4153  -1.4151  -1.4144  -1.4127
 -1.4087  -1.3999  -1.3852  -1.3783  -1.4377  -1.6799  -2.1474  -2.6896  -3.2326
 -3.7632  -4.2828  -4.7947  -5.3017  -5.8062  -6.3088  -6.8103  -7.3112  -7.8118
 -8.3121  -8.8123  -9.3125  -9.8125 -10.3126 -10.8126 -11.3126 -11.8126 -12.3125
-60.0000  -1.4155  -1.4155  -1.4155  -1.4155  -1.4153  -1.4151  -1.4144  -1.4127
 -1.4087  -1.3999  -1.3852  -1.3783  -1.4377  -1.6799  -2.1474  -2.6896  -3.2326
 -3.7632  -4.2828  -4.7947  -5.3017  -5.8062  -6.3088  -6.8103  -7.3112  -7.8118
 -8.3121  -8.8123  -9.3125  -9.8125 -10.3126 -10.8126 -11.3126 -11.8126 -12.3125
-60.0000  -1.4159  -1.4159  -1.4159  -1.4159  -1.4157  -1.4155  -1.4148  -1.4131
 -1.4091  -1.4003  -1.3856  -1.3787  -1.4381  -1.6803  -2.1478  -2.6900  -3.2330
 -3.7636  -4.2832  -4.7951  -5.3021  -5.8066  -6.3092  -6.8107  -7.3116  -7.8122
 -8.3125  -8.8127  -9.3129  -9.8129 -10.3130 -10.8130 -11.3130 -11.8130 -12.3129
-71.0000  -1.4219  -1.4219  -1.4219  -1.4219  -1.4217  -1.4215  -1.4208  -1.4191
 -1.4151  -1.4063  -1.3916  -1.3847  -1.4441  -1.6863  -2.1538  -2.6960  -3.2390
 -3.7696  -4.2892  -4.8011  -5.3081  -5.8126  -6.3152  -6.8167  -7.3176  -7.8182
 -8.3185  -8.8187  -9.3189  -9.8189 -10.3190 -10.8190 -11.3190 -11.8190 -12.3189
-70.0000  -1.4219  -1.4219  -1.4219  -1.4219  -1.4217  -1.4215  -1.4208  -1.4191
 -1.4151  -1.4063  -1.3916  -1.3847  -1.4441  -1.6863  -2.1538  -2.6960  -3.2390
 -3.7696  -4.2892  -4.8011  -5.3081  -5.8126  -6.3152  -6.8167  -7.3176  -7.8182
 -8.3185  -8.8187  -9.3189  -9.8189 -10.3190 -10.8190 -11.3190 -11.8190 -12.3189
-70.0000  -1.4219  -1.4219  -1.4219  -1.4219  -1.4217  -1.4215  -1.4208  -1.4191
 -1.4151  -1.4063  -1.3916  -1.3847  -1.4441  -1.6863  -2.1538  -2.6960  -3.2390
 -3.7696  -4.2892  -4.8011  -5.3081  -5.8126  -6.3152  -6.8167  -7.3176  -7.8182
 -8.3185  -8.8187  -9.3189  -9.8189 -10.3190 -10.8190 -11.3190 -11.8190 -12.3189
-70.0000  -1.4219  -1.4219  -1.4219  -1.4219  -1.4217  -1.4215  -1.4208  -1.4191
 -1.4151  -1.4063  -1.3916  -1.3847  -1.4441  -1.6863  -2.1538  -2.6960  -3.2390
 -3.7696  -4.2892  -4.8011  -5.3081  -5.8126  -6.3152  -6.8167  -7.3176  -7.8182
 -8.3185  -8.8187  -9.3189  -9.8189 -10.3190 -10.8190 -11.3190 -11.8190 -12.3189
-70.0000  -1.4219  -1.4219  -1.4219  -1.4219  -1.4217  -1.4215  -1.4208  -1.4191
 -1.4151  -1.4063  -1.3916  -1.3847  -1.4441  -1.6863  -2.1538  -2.6960  -3.2390
 -3.7696  -4.2892  -4.8011  -5.3081  -5.8126  -6.3152  -6.8167  -7.3176  -7.8182
 -8.3185  -8.8187  -9.3189  -9.8189 -10.3190 -10.8190 -11.3190 -11.8190 -12.3189
-70.0000  -1.4219  -1.4219  -1.4219  -1.4219  -1.4217  -1.4215  -1.4208  -1.4191
 -1.4151  -1.4063  -1.3916  -1.3847  -1.4441  -1.6863  -2.1538  -2.6960  -3.2390
 -3.7696  -4.2892  -4.8011  -5.3081  -5.8126  -6.3152  -6.8167  -7.3176  -7.8182
 -8.3185  -8.8187  -9.3189  -9.8189 -10.3190 -10.8190 -11.3190 -11.8190 -12.3189
-70.0000  -1.4219  -1.4219  -1.4219  -1.4219  -1.4217  -1.4215  -1.4208  -1.4191
 -1.4151  -1.4063  -1.3916  -1.3847  -1.4441  -1.6863  -2.1538  -2.6960  -3.2390
 -3.7696  -4.2892  -4.8011  -5.3081  -5.8126  -6.3152  -6.8167  -7.3176  -7.8182
 -8.3185  -8.8187  -9.3189  -9.8189 -10.3190 -10.8190 -11.3190 -11.8190 -12.3189
-81.0000  -1.4219  -1.4219  -1.4219  -1.4219  -1.4217  -1.4215  -1.4208  -1.4191
 -1.4151  -1.4063  -1.3916  -1.3847  -1.4441  -1.6863  -2.1538  -2.6960  -3.2390
 -3.7696  -4.2892  -4.8011  -5.3081  -5.8126  -6.3152  -6.8167  -7.3176  -7.8182
 -8.3185  -8.8187  -9.3189  -9.8189 -10.3190 -10.8190 -11.3190 -11.8190 -12.3189
-80.0000  -1.4219  -1.4219  -1.4219  -1.4219  -1.4217  -1.4215  -1.4208  -1.4191
 -1.4151  -1.4063  -1.3916  -1.3847  -1.4441  -1.6863  -2.1538  -2.6960  -3.2390
 -3.7696  -4.2892  -4.8011  -5.3081  -5.8126  -6.3152  -6.8167  -7.3176  -7.8182
 -8.3185  -8.8187  -9.3189  -9.8189 -10.3190 -10.8190 -11.3190 -11.8190 -12.3189
-80.0000  -1.4219  -1.4219  -1.4219  -1.4219  -1.4217  -1.4215  -1.4208  -1.4191
 -1.4151  -1.4063  -1.3916  -1.3847  -1.4441  -1.6863  -2.1538  -2.6960  -3.2390
 -3.7696  -4.2892  -4.8011  -5.3081  -5.8126  -6.3152  -6.8167  -7.3176  -7.8182
 -8.3185  -8.8187  -9.3189  -9.8189 -10.3190 -10.8190 -11.3190 -11.8190 -12.3189
-80.0000  -1.4219  -1.4219  -1.4219  -1.4219  -1.4217  -1.4215  -1.4208  -1.4191
 -1.4151  -1.4063  -1.3916  -1.3847  -1.4441  -1.6863  -2.1538  -2.6960  -3.2390
 -3.7696  -4.2892  -4.8011  -5.3081  -5.8126  -6.3152  -6.8167  -7.3176  -7.8182
 -8.3185  -8.8187  -9.3189  -9.8189 -10.3190 -10.8190 -11.3190 -11.8190 -12.3189
-80.0000  -1.4219  -1.4219  -1.4219  -1.4219  -1.4217  -1.4215  -1.4208  -1.4191
 -1.4151  -1.4063  -1.3916  -1.3847  -1.4441  -1.6863  -2.1538  -2.6960  -3.2390
 -3.7696  -4.2892  -4.8011  -5.3081  -5.8126  -6.3152  -6.8167  -7.3176  -7.8182
 -8.3185  -8.8187  -9.3189  -9.8189 -10.3190 -10.8190 -11.3190 -11.8190 -12.3189
-80.0000  -1.4219  -1.4219  -1.4219  -1.4219  -1.4217  -1.4215  -1.4208  -1.4191
 -1.4151  -1.4063  -1.3916  -1.3847  -1.4441  -1.6863  -2.1538  -2.6960  -3.2390
 -3.7696  -4.2892  -4.8011  -5.3081  -5.8126  -6.3152  -6.8167  -7.3176  -7.8182
 -8.3185  -8.8187  -9.3189  -9.8189 -10.3190 -10.8190 -11.3190 -11.8190 -12.3189
-80.0000  -1.4219  -1.4219  -1.4219  -1.4219  -1.4217  -1.4215  -1.4208  -1.4191
 -1.4151  -1.4063  -1.3916  -1.3847  -1.4441  -1.6863  -2.1538  -2.6960  -3.2390
 -3.7696  -4.2892  -4.8011  -5.3081  -5.8126  -6.3152  -6.8167  -7.3176  -7.8182
 -8.3185  -8.8187  -9.3189  -9.8189 -10.3190 -10.8190 -11.3190 -11.8190 -12.3189
