          10
           4           5  -2.20000000000000        10.0000000000000     
   3.39794000000000       0.200000000000000       0.500000000000000     
  0.301030000000000               36          17           7
           4           6  -2.00000000000000        10.0000000000000     
   3.39794000000000       0.200000000000000       0.500000000000000     
  0.301030000000000               35          17           7
           4           7  -1.60000002384186        10.0000000000000     
   3.39794000000000       0.200000000000000       0.500000000000000     
  0.301030000000000               35          17           7
           4           8  -1.60000002384186        10.0000000000000     
   3.39794000000000       0.200000000000000       0.500000000000000     
  0.301030000000000               35          17           7
           4           9  -1.60000002384186        10.0000000000000     
   3.39794000000000       0.200000000000000       0.500000000000000     
  0.301030000000000               35          17           7
           4          10  -1.60000002384186        10.0000000000000     
   3.39794000000000       0.200000000000000       0.500000000000000     
  0.301030000000000               35          17           7
           4          11  -1.60000002384186        10.0000000000000     
   3.39794000000000       0.200000000000000       0.500000000000000     
  0.301030000000000               35          17           7
           4          12  -1.60000002384186        10.0000000000000     
   3.39794000000000       0.200000000000000       0.500000000000000     
  0.301030000000000               35          17           7
           4          13  -1.60000002384186        10.0000000000000     
   3.39794000000000       0.200000000000000       0.500000000000000     
  0.301030000000000               35          17           7
           4          14  -1.60000002384186        10.0000000000000     
   3.39794000000000       0.200000000000000       0.500000000000000     
  0.301030000000000               35          17           7
nl= 4 nu= 5
  0.0000  -2.4252  -2.4252  -2.4252  -2.4252  -2.4252  -2.4252  -2.4252  -2.4252
 -2.4252  -2.4252  -2.4252  -2.4252  -2.4252  -2.4253  -2.4255  -2.4260  -2.4271
 -2.4301  -2.4374  -2.4558  -2.5022  -2.6185  -2.9107  -3.6434  -5.4355  -6.9563
 -7.4696  -7.9553  -8.4299  -8.8999  -9.3694  -9.8418 -10.3204 -10.8070 -11.3014
-11.8016
  0.0000  -2.5692  -2.5692  -2.5692  -2.5692  -2.5692  -2.5692  -2.5692  -2.5692
 -2.5692  -2.5692  -2.5692  -2.5692  -2.5692  -2.5693  -2.5694  -2.5696  -2.5702
 -2.5716  -2.5753  -2.5846  -2.6077  -2.6660  -2.8123  -3.1798  -4.1014  -6.2967
 -7.4671  -7.9719  -8.4554  -8.9294  -9.3990  -9.8680 -10.3394 -10.8166 -11.3018
-11.7951
  0.0000  -2.7297  -2.7297  -2.7297  -2.7297  -2.7297  -2.7297  -2.7297  -2.7297
 -2.7297  -2.7297  -2.7297  -2.7297  -2.7297  -2.7297  -2.7298  -2.7299  -2.7302
 -2.7309  -2.7328  -2.7374  -2.7490  -2.7781  -2.8514  -3.0353  -3.4972  -4.6555
 -7.2008  -7.9902  -8.4892  -8.9709  -9.4445  -9.9139 -10.3823 -10.8529 -11.3289
-11.8127
  0.0000  -2.8539  -2.8539  -2.8539  -2.8539  -2.8539  -2.8539  -2.8539  -2.8539
 -2.8539  -2.8539  -2.8539  -2.8539  -2.8539  -2.8539  -2.8539  -2.8540  -2.8541
 -2.8545  -2.8554  -2.8577  -2.8635  -2.8781  -2.9148  -3.0068  -3.2379  -3.8183
 -5.2732  -7.9052  -8.4730  -8.9674  -9.4478  -9.9209 -10.3901 -10.8583 -11.3284
-11.8037
  0.0000  -3.0284  -3.0284  -3.0284  -3.0284  -3.0284  -3.0284  -3.0284  -3.0284
 -3.0284  -3.0284  -3.0284  -3.0284  -3.0284  -3.0284  -3.0285  -3.0285  -3.0286
 -3.0287  -3.0292  -3.0304  -3.0333  -3.0406  -3.0589  -3.1049  -3.2205  -3.5108
 -4.2400  -6.0657  -8.4783  -9.0012  -9.4919  -9.9707 -10.4434 -10.9127 -11.3812
-11.8518
  0.0000  -3.1802  -3.1802  -3.1802  -3.1802  -3.1802  -3.1802  -3.1802  -3.1802
 -3.1802  -3.1802  -3.1802  -3.1802  -3.1802  -3.1802  -3.1802  -3.1802  -3.1803
 -3.1804  -3.1806  -3.1812  -3.1826  -3.1863  -3.1954  -3.2184  -3.2762  -3.4214
 -3.7861  -4.7021  -6.9872  -8.9918  -9.5002  -9.9873 -10.4649 -10.9375 -11.4075
-11.8771
  0.0000  -3.3294  -3.3294  -3.3294  -3.3294  -3.3294  -3.3294  -3.3294  -3.3294
 -3.3294  -3.3294  -3.3294  -3.3294  -3.3294  -3.3294  -3.3294  -3.3294  -3.3294
 -3.3295  -3.3296  -3.3299  -3.3306  -3.3324  -3.3370  -3.3485  -3.3774  -3.4500
 -3.6324  -4.0905  -5.2410  -8.0687  -9.4881  -9.9888 -10.4730 -10.9498 -11.4226
-11.8936
  0.0000  -2.0929  -2.0929  -2.0929  -2.0929  -2.0929  -2.0929  -2.0929  -2.0929
 -2.0929  -2.0929  -2.0930  -2.0930  -2.0932  -2.0935  -2.0943  -2.0965  -2.1018
 -2.1153  -2.1492  -2.2342  -2.4476  -2.9821  -4.2935  -5.9337  -6.4754  -6.9686
 -7.4470  -7.9187  -8.3877  -8.8577  -9.3320  -9.8135 -10.3030 -10.7999 -11.3114
-11.8154
  0.0000  -2.2500  -2.2500  -2.2500  -2.2500  -2.2500  -2.2500  -2.2500  -2.2500
 -2.2500  -2.2500  -2.2500  -2.2500  -2.2501  -2.2502  -2.2507  -2.2517  -2.2544
 -2.2612  -2.2782  -2.3209  -2.4281  -2.6972  -3.3715  -5.0101  -6.4719  -6.9927
 -7.4823  -7.9597  -8.4310  -8.8997  -9.3691  -9.8424 -10.3226 -10.8110 -11.3168
-11.8183
  0.0000  -2.3885  -2.3885  -2.3885  -2.3885  -2.3885  -2.3885  -2.3885  -2.3885
 -2.3885  -2.3885  -2.3885  -2.3885  -2.3885  -2.3886  -2.3888  -2.3894  -2.3907
 -2.3941  -2.4026  -2.4240  -2.4778  -2.6127  -2.9516  -3.8008  -5.8119  -6.9786
 -7.4891  -7.9761  -8.4526  -8.9237  -9.3922  -9.8609 -10.3333 -10.8124 -11.3096
-11.8050
  0.0000  -2.5471  -2.5471  -2.5471  -2.5471  -2.5471  -2.5471  -2.5471  -2.5471
 -2.5471  -2.5471  -2.5471  -2.5471  -2.5471  -2.5471  -2.5472  -2.5475  -2.5482
 -2.5499  -2.5541  -2.5649  -2.5918  -2.6594  -2.8291  -3.2554  -4.3234  -6.6756
 -7.4991  -8.0025  -8.4873  -8.9632  -9.4340  -9.9023 -10.3708 -10.8428 -11.3314
-11.8181
  0.0000  -2.6718  -2.6718  -2.6718  -2.6718  -2.6718  -2.6718  -2.6718  -2.6718
 -2.6718  -2.6718  -2.6719  -2.6719  -2.6719  -2.6719  -2.6719  -2.6721  -2.6724
 -2.6733  -2.6754  -2.6808  -2.6942  -2.7280  -2.8130  -3.0264  -3.5622  -4.9043
 -7.3707  -7.9799  -8.4776  -8.9603  -9.4354  -9.9060 -10.3746 -10.8438 -11.3270
-11.8055
  0.0000  -2.8461  -2.8461  -2.8461  -2.8461  -2.8461  -2.8461  -2.8461  -2.8461
 -2.8461  -2.8461  -2.8461  -2.8461  -2.8461  -2.8461  -2.8462  -2.8462  -2.8464
 -2.8468  -2.8479  -2.8506  -2.8573  -2.8742  -2.9167  -3.0235  -3.2916  -3.9650
 -5.6493  -7.9728  -8.5032  -8.9960  -9.4768  -9.9513 -10.4223 -10.8919 -11.3734
-11.8470
  0.0000  -2.9953  -2.9953  -2.9953  -2.9953  -2.9953  -2.9953  -2.9953  -2.9953
 -2.9953  -2.9953  -2.9953  -2.9953  -2.9953  -2.9954  -2.9954  -2.9954  -2.9955
 -2.9957  -2.9962  -2.9976  -3.0009  -3.0094  -3.0306  -3.0840  -3.2181  -3.5550
 -4.4010  -6.5091  -8.4817  -8.9932  -9.4819  -9.9611 -10.4354 -10.9070 -11.3895
-11.8614
  0.0000  -1.7673  -1.7673  -1.7673  -1.7673  -1.7673  -1.7673  -1.7673  -1.7673
 -1.7674  -1.7674  -1.7675  -1.7677  -1.7684  -1.7699  -1.7738  -1.7835  -1.8079
 -1.8692  -2.0230  -2.4071  -3.3447  -4.8590  -5.4775  -5.9820  -6.4656  -6.9401
 -7.4099  -7.8787  -8.3498  -8.8262  -9.3105  -9.8029 -10.3115 -10.8144 -11.3340
-11.8665
  0.0000  -1.9218  -1.9218  -1.9218  -1.9218  -1.9218  -1.9218  -1.9218  -1.9218
 -1.9219  -1.9219  -1.9219  -1.9220  -1.9224  -1.9231  -1.9251  -1.9300  -1.9424
 -1.9734  -2.0513  -2.2467  -2.7353  -3.9237  -5.4424  -5.9978  -6.4960  -6.9776
 -7.4514  -7.9211  -8.3895  -8.8599  -9.3355  -9.8187 -10.3199 -10.8184 -11.3364
-11.8689
  0.0000  -2.0619  -2.0619  -2.0619  -2.0619  -2.0619  -2.0619  -2.0619  -2.0619
 -2.0619  -2.0620  -2.0620  -2.0620  -2.0622  -2.0626  -2.0636  -2.0661  -2.0723
 -2.0879  -2.1271  -2.2257  -2.4729  -3.0916  -4.5811  -5.9700  -6.4990  -6.9927
 -7.4731  -7.9465  -8.4159  -8.8841  -9.3538  -9.8285 -10.3207 -10.8114 -11.3246
-11.8552
  0.0000  -2.2106  -2.2106  -2.2106  -2.2106  -2.2106  -2.2106  -2.2106  -2.2106
 -2.2106  -2.2106  -2.2106  -2.2106  -2.2107  -2.2109  -2.2114  -2.2126  -2.2157
 -2.2236  -2.2433  -2.2928  -2.4171  -2.7291  -3.5099  -5.3423  -6.4883  -7.0044
 -7.4948  -7.9739  -8.4469  -8.9162  -9.3842  -9.8538 -10.3386 -10.8202 -11.3257
-11.8512
  0.0000  -2.3611  -2.3611  -2.3611  -2.3611  -2.3611  -2.3611  -2.3611  -2.3611
 -2.3611  -2.3611  -2.3611  -2.3611  -2.3612  -2.3613  -2.3615  -2.3621  -2.3637
 -2.3676  -2.3775  -2.4023  -2.4646  -2.6212  -3.0141  -3.9975  -6.1547  -6.9993
 -7.5067  -7.9940  -8.4719  -8.9445  -9.4138  -9.8824 -10.3636 -10.8382 -11.3358
-11.8539
  0.0000  -2.5107  -2.5107  -2.5107  -2.5107  -2.5107  -2.5107  -2.5107  -2.5107
 -2.5107  -2.5107  -2.5107  -2.5107  -2.5107  -2.5108  -2.5109  -2.5112  -2.5120
 -2.5140  -2.5189  -2.5313  -2.5625  -2.6409  -2.8379  -3.3322  -4.5688  -6.8824
 -7.5010  -8.0013  -8.4858  -8.9627  -9.4352  -9.9052 -10.3866 -10.8578 -11.3500
-11.8615
  0.0000  -2.6621  -2.6621  -2.6621  -2.6621  -2.6621  -2.6621  -2.6621  -2.6621
 -2.6621  -2.6621  -2.6621  -2.6621  -2.6621  -2.6622  -2.6622  -2.6624  -2.6628
 -2.6637  -2.6662  -2.6724  -2.6881  -2.7273  -2.8258  -3.0734  -3.6950  -5.2473
 -7.4593  -7.9955  -8.4900  -8.9722  -9.4483  -9.9210 -10.4041 -10.8748 -11.3653
-11.8731
  0.0000  -1.4525  -1.4525  -1.4525  -1.4525  -1.4525  -1.4525  -1.4525  -1.4525
 -1.4526  -1.4528  -1.4532  -1.4543  -1.4570  -1.4637  -1.4808  -1.5235  -1.6303
 -1.8959  -2.5362  -3.7231  -4.4654  -4.9889  -5.4809  -5.9599  -6.4321  -6.9011
 -7.3702  -7.8427  -8.3215  -8.8084  -9.3032  -9.8135 -10.3323 -10.8504 -11.4074
-12.1025
  0.0000  -1.5907  -1.5907  -1.5907  -1.5907  -1.5907  -1.5907  -1.5907  -1.5907
 -1.5907  -1.5908  -1.5910  -1.5916  -1.5930  -1.5965  -1.6052  -1.6273  -1.6826
 -1.8210  -2.1659  -2.9975  -4.3431  -4.9840  -5.4954  -5.9835  -6.4609  -6.9325
 -7.4013  -7.8699  -8.3417  -8.8198  -9.3060  -9.8100 -10.3255 -10.8427 -11.3999
-12.0942
  0.0000  -1.7344  -1.7344  -1.7344  -1.7344  -1.7344  -1.7344  -1.7344  -1.7344
 -1.7345  -1.7345  -1.7346  -1.7349  -1.7356  -1.7374  -1.7419  -1.7531  -1.7813
 -1.8522  -2.0298  -2.4728  -3.5371  -4.9265  -5.4977  -6.0013  -6.4867  -6.9631
 -7.4344  -7.9029  -8.3712  -8.8425  -9.3198  -9.8152 -10.3241 -10.8378 -11.3935
-12.0859
  0.0000  -1.8841  -1.8841  -1.8841  -1.8841  -1.8841  -1.8841  -1.8841  -1.8841
 -1.8842  -1.8842  -1.8842  -1.8844  -1.8847  -1.8856  -1.8879  -1.8936  -1.9079
 -1.9438  -2.0340  -2.2601  -2.8245  -4.1665  -5.4716  -6.0098  -6.5076  -6.9909
 -7.4665  -7.9376  -8.4060  -8.8742  -9.3455  -9.8329 -10.3333 -10.8402 -11.3918
-12.0804
  0.0000  -2.0291  -2.0291  -2.0291  -2.0291  -2.0291  -2.0291  -2.0291  -2.0291
 -2.0291  -2.0291  -2.0291  -2.0292  -2.0294  -2.0298  -2.0310  -2.0339  -2.0411
 -2.0592  -2.1046  -2.2188  -2.5052  -3.2205  -4.8772  -5.9882  -6.5099  -7.0031
 -7.4845  -7.9594  -8.4302  -8.8990  -9.3679  -9.8508 -10.3441 -10.8430 -11.3881
-12.0706
  0.0000  -2.1796  -2.1796  -2.1796  -2.1796  -2.1796  -2.1796  -2.1796  -2.1796
 -2.1796  -2.1796  -2.1796  -2.1796  -2.1797  -2.1799  -2.1805  -2.1820  -2.1856
 -2.1947  -2.2175  -2.2749  -2.4190  -2.7806  -3.6837  -5.6447  -6.4970  -7.0078
 -7.4970  -7.9766  -8.4509  -8.9221  -9.3918  -9.8735 -10.3632 -10.8560 -11.3947
-12.0710
  0.0000  -2.3317  -2.3317  -2.3317  -2.3317  -2.3317  -2.3317  -2.3317  -2.3317
 -2.3318  -2.3318  -2.3318  -2.3318  -2.3318  -2.3319  -2.3322  -2.3329  -2.3348
 -2.3393  -2.3508  -2.3795  -2.4518  -2.6334  -3.0889  -4.2261  -6.3589  -6.9963
 -7.4987  -7.9846  -8.4629  -8.9370  -9.4087  -9.8914 -10.3804 -10.8704 -11.4054
-12.0780
  0.0000  -1.1601  -1.1601  -1.1601  -1.1601  -1.1601  -1.1601  -1.1601  -1.1602
 -1.1605  -1.1612  -1.1630  -1.1674  -1.1784  -1.2061  -1.2751  -1.4450  -1.8455
 -2.6262  -3.4150  -3.9782  -4.4851  -4.9723  -5.4495  -5.9207  -6.3896  -6.8594
 -7.3334  -7.8145  -8.3039  -8.8104  -9.3123  -9.8451 -10.3643 -11.0378 -11.6122
-12.1163
  0.0000  -1.2889  -1.2889  -1.2889  -1.2889  -1.2889  -1.2889  -1.2889  -1.2890
 -1.2891  -1.2895  -1.2904  -1.2928  -1.2987  -1.3135  -1.3506  -1.4433  -1.6722
 -2.2140  -3.2079  -3.9597  -4.4968  -4.9954  -5.4787  -5.9541  -6.4246  -6.8930
 -7.3623  -7.8358  -8.3164  -8.8151  -9.3118  -9.8421 -10.3611 -11.0335 -11.6089
-12.1145
  0.0000  -1.4220  -1.4220  -1.4220  -1.4220  -1.4220  -1.4220  -1.4220  -1.4221
 -1.4222  -1.4224  -1.4228  -1.4241  -1.4272  -1.4350  -1.4545  -1.5035  -1.6260
 -1.9294  -2.6487  -3.8207  -4.4868  -5.0069  -5.4999  -5.9809  -6.4550  -6.9250
 -7.3931  -7.8620  -8.3352  -8.8253  -9.3139  -9.8387 -10.3551 -11.0251 -11.6009
-12.1085
  0.0000  -1.5643  -1.5643  -1.5643  -1.5643  -1.5643  -1.5643  -1.5643  -1.5643
 -1.5644  -1.5645  -1.5647  -1.5654  -1.5670  -1.5710  -1.5811  -1.6065  -1.6702
 -1.8297  -2.2256  -3.1612  -4.4155  -5.0061  -5.5153  -6.0044  -6.4837  -6.9571
 -7.4268  -7.8948  -8.3638  -8.8476  -9.3275  -9.8447 -10.3554 -11.0208 -11.5952
-12.1044
  0.0000  -1.7083  -1.7083  -1.7083  -1.7083  -1.7083  -1.7083  -1.7083  -1.7083
 -1.7083  -1.7083  -1.7085  -1.7088  -1.7096  -1.7117  -1.7168  -1.7298  -1.7625
 -1.8444  -2.0494  -2.5594  -3.7515  -4.9658  -5.5143  -6.0160  -6.5019  -6.9796
 -7.4523  -7.9221  -8.3908  -8.8719  -9.3456  -9.8557 -10.3589 -11.0180 -11.5882
-12.0972
  0.0000  -1.8509  -1.8509  -1.8509  -1.8509  -1.8509  -1.8509  -1.8509  -1.8509
 -1.8509  -1.8509  -1.8510  -1.8511  -1.8515  -1.8526  -1.8552  -1.8618  -1.8784
 -1.9199  -2.0243  -2.2858  -2.9367  -4.4177  -5.4829  -6.0103  -6.5058  -6.9888
 -7.4654  -7.9381  -8.4085  -8.8900  -9.3611  -9.8671 -10.3638 -11.0176 -11.5813
-12.0876
  0.0000  -1.9887  -1.9887  -1.9887  -1.9887  -1.9887  -1.9888  -1.9888  -1.9888
 -1.9888  -1.9888  -1.9888  -1.9889  -1.9891  -1.9896  -1.9909  -1.9943  -2.0026
 -2.0236  -2.0763  -2.2085  -2.5401  -3.3655  -5.1284  -5.9767  -6.4906  -6.9812
 -7.4622  -7.9380  -8.4108  -8.8940  -9.3650  -9.8701 -10.3634 -11.0148 -11.5728
-12.0749
  0.0000  -0.9141  -0.9141  -0.9142  -0.9142  -0.9142  -0.9143  -0.9144  -0.9148
 -0.9159  -0.9186  -0.9252  -0.9418  -0.9830  -1.0829  -1.3108  -1.7465  -2.3369
 -2.9350  -3.4739  -3.9769  -4.4628  -4.9402  -5.4121  -5.8815  -6.3522  -6.8280
 -7.3112  -7.8125  -8.3110  -8.8289  -9.3614  -9.9638 -10.6032 -11.1144 -11.6177
-12.1198
  0.0000  -1.0197  -1.0197  -1.0197  -1.0197  -1.0198  -1.0198  -1.0199  -1.0201
 -1.0207  -1.0221  -1.0258  -1.0349  -1.0578  -1.1146  -1.2527  -1.5693  -2.1669
 -2.8778  -3.4691  -3.9900  -4.4850  -4.9672  -5.4417  -5.9121  -6.3807  -6.8510
 -7.3264  -7.8194  -8.3108  -8.8244  -9.3552  -9.9568 -10.5959 -11.1088 -11.6133
-12.1166
  0.0000  -1.1352  -1.1352  -1.1352  -1.1352  -1.1352  -1.1353  -1.1353  -1.1354
 -1.1357  -1.1365  -1.1385  -1.1435  -1.1560  -1.1873  -1.2652  -1.4555  -1.8949
 -2.6919  -3.4370  -3.9940  -4.5023  -4.9911  -5.4701  -5.9432  -6.4126  -6.8807
 -7.3508  -7.8363  -8.3189  -8.8255  -9.3517  -9.9505 -10.5880 -11.1027 -11.6091
-12.1136
  0.0000  -1.2589  -1.2589  -1.2589  -1.2589  -1.2589  -1.2589  -1.2589  -1.2590
 -1.2592  -1.2596  -1.2607  -1.2633  -1.2701  -1.2870  -1.3293  -1.4347  -1.6936
 -2.2935  -3.2843  -3.9759  -4.5085  -5.0071  -5.4919  -5.9690  -6.4410  -6.9099
 -7.3781  -7.8593  -8.3344  -8.8329  -9.3520  -9.9456 -10.5792 -11.0943 -11.6026
-12.1089
  0.0000  -1.3956  -1.3956  -1.3956  -1.3956  -1.3956  -1.3956  -1.3956  -1.3957
 -1.3958  -1.3960  -1.3965  -1.3980  -1.4015  -1.4104  -1.4329  -1.4890  -1.6292
 -1.9749  -2.7742  -3.8868  -4.5019  -5.0179  -5.5105  -5.9925  -6.4680  -6.9394
 -7.4087  -7.8891  -8.3600  -8.8522  -9.3640  -9.9509 -10.5783 -11.0914 -11.6002
-12.1082
  0.0000  -1.5361  -1.5361  -1.5361  -1.5361  -1.5361  -1.5361  -1.5361  -1.5361
 -1.5362  -1.5363  -1.5366  -1.5373  -1.5391  -1.5438  -1.5554  -1.5847  -1.6580
 -1.8414  -2.2945  -3.3307  -4.4491  -5.0108  -5.5161  -6.0042  -6.4838  -6.9585
 -7.4300  -7.9122  -8.3820  -8.8713  -9.3782  -9.9598 -10.5807 -11.0889 -11.5964
-12.1050
  0.0000  -1.6731  -1.6731  -1.6731  -1.6731  -1.6731  -1.6731  -1.6731  -1.6731
 -1.6732  -1.6732  -1.6734  -1.6737  -1.6747  -1.6771  -1.6830  -1.6980  -1.7357
 -1.8302  -2.0667  -2.6521  -3.9535  -4.9664  -5.4998  -5.9975  -6.4820  -6.9600
 -7.4342  -7.9186  -8.3891  -8.8784  -9.3836  -9.9629 -10.5797 -11.0825 -11.5874
-12.0955
  0.0000  -0.7160  -0.7160  -0.7160  -0.7161  -0.7162  -0.7164  -0.7170  -0.7186
 -0.7224  -0.7320  -0.7556  -0.8128  -0.9422  -1.1861  -1.5126  -1.9204  -2.4293
 -2.9549  -3.4614  -3.9502  -4.4280  -4.9014  -5.3725  -5.8448  -6.3222  -6.8074
 -7.3104  -7.8253  -8.3423  -8.8993  -9.5935 -10.1099 -10.6143 -11.1174 -11.6193
-12.1205
  0.0000  -0.8030  -0.8030  -0.8030  -0.8030  -0.8031  -0.8032  -0.8036  -0.8044
 -0.8066  -0.8120  -0.8254  -0.8585  -0.9382  -1.1154  -1.4362  -1.8660  -2.4003
 -2.9546  -3.4762  -3.9730  -4.4564  -4.9321  -5.4032  -5.8725  -6.3442  -6.8216
 -7.3169  -7.8255  -8.3390  -8.8947  -9.5869 -10.1050 -10.6112 -11.1152 -11.6182
-12.1200
  0.0000  -0.8968  -0.8968  -0.8968  -0.8968  -0.8968  -0.8969  -0.8971  -0.8976
 -0.8988  -0.9017  -0.9092  -0.9278  -0.9737  -1.0838  -1.3277  -1.7643  -2.3397
 -2.9405  -3.4840  -3.9908  -4.4805  -4.9597  -5.4326  -5.9022  -6.3709  -6.8424
 -7.3300  -7.8307  -8.3379  -8.8896  -9.5782 -10.0972 -10.6052 -11.1110 -11.6150
-12.1178
  0.0000  -1.0000  -1.0000  -1.0000  -1.0001  -1.0001  -1.0001  -1.0002  -1.0005
 -1.0011  -1.0028  -1.0069  -1.0172  -1.0429  -1.1064  -1.2594  -1.6004  -2.2035
 -2.8947  -3.4810  -4.0024  -4.4994  -4.9832  -5.4595  -5.9310  -6.3997  -6.8685
 -7.3511  -7.8446  -8.3438  -8.8892  -9.5720 -10.0897 -10.5988 -11.1064 -11.6120
-12.1158
  0.0000  -1.1114  -1.1114  -1.1114  -1.1114  -1.1114  -1.1114  -1.1115  -1.1116
 -1.1120  -1.1129  -1.1151  -1.1208  -1.1349  -1.1703  -1.2580  -1.4706  -1.9480
 -2.7459  -3.4514  -4.0015  -4.5087  -4.9978  -5.4778  -5.9525  -6.4232  -6.8923
 -7.3734  -7.8625  -8.3549  -8.8934  -9.5695 -10.0825 -10.5909 -11.0996 -11.6068
-12.1121
  0.0000  -1.2354  -1.2354  -1.2354  -1.2354  -1.2354  -1.2354  -1.2355  -1.2355
 -1.2357  -1.2362  -1.2374  -1.2405  -1.2481  -1.2674  -1.3155  -1.4351  -1.7266
 -2.3820  -3.3399  -3.9837  -4.5097  -5.0062  -5.4907  -5.9686  -6.4422  -6.9132
 -7.3951  -7.8831  -8.3717  -8.9054  -9.5767 -10.0828 -10.5880 -11.0963 -11.6045
-12.1110
  0.0000  -1.3691  -1.3691  -1.3691  -1.3691  -1.3691  -1.3691  -1.3691  -1.3692
 -1.3693  -1.3695  -1.3702  -1.3718  -1.3759  -1.3861  -1.4118  -1.4760  -1.6360
 -2.0277  -2.8995  -3.9147  -4.4950  -5.0049  -5.4951  -5.9766  -6.4529  -6.9261
 -7.4097  -7.8984  -8.3863  -8.9183  -9.5881 -10.0882 -10.5895 -11.0964 -11.6046
-12.1118
  0.0000  -0.5734  -0.5735  -0.5735  -0.5736  -0.5739  -0.5747  -0.5766  -0.5813
 -0.5930  -0.6215  -0.6879  -0.8249  -1.0387  -1.2758  -1.5580  -1.9544  -2.4380
 -2.9416  -3.4357  -3.9174  -4.3911  -4.8642  -5.3389  -5.8181  -6.3148  -6.8095
 -7.3387  -7.8572  -8.5292  -9.1048  -9.6110 -10.1149 -10.6177 -11.1195 -11.6206
-12.1213
  0.0000  -0.6352  -0.6352  -0.6352  -0.6353  -0.6355  -0.6359  -0.6371  -0.6400
 -0.6473  -0.6654  -0.7090  -0.8081  -0.9981  -1.2526  -1.5351  -1.9303  -2.4303
 -2.9504  -3.4547  -3.9423  -4.4196  -4.8924  -5.3639  -5.8372  -6.3266  -6.8139
 -7.3377  -7.8535  -8.5229  -9.0985  -9.6065 -10.1119 -10.6156 -11.1183 -11.6200
-12.1210
  0.0000  -0.7070  -0.7070  -0.7070  -0.7071  -0.7072  -0.7075  -0.7081  -0.7098
 -0.7141  -0.7248  -0.7511  -0.8141  -0.9533  -1.2000  -1.5055  -1.9007  -2.4177
 -2.9562  -3.4711  -3.9647  -4.4466  -4.9209  -5.3911  -5.8614  -6.3450  -6.8244
 -7.3410  -7.8512  -8.5160  -9.0902  -9.5994 -10.1067 -10.6119 -11.1155 -11.6180
-12.1196
  0.0000  -0.7898  -0.7898  -0.7898  -0.7898  -0.7899  -0.7900  -0.7904  -0.7914
 -0.7938  -0.7998  -0.8148  -0.8518  -0.9396  -1.1290  -1.4475  -1.8589  -2.3944
 -2.9565  -3.4835  -3.9836  -4.4700  -4.9472  -5.4189  -5.8883  -6.3694  -6.8427
 -7.3523  -7.8550  -8.5137  -9.0835  -9.5925 -10.1012 -10.6082 -11.1131 -11.6165
-12.1189
  0.0000  -0.8807  -0.8807  -0.8807  -0.8807  -0.8807  -0.8808  -0.8810  -0.8816
 -0.8829  -0.8862  -0.8946  -0.9154  -0.9666  -1.0878  -1.3468  -1.7795  -2.3433
 -2.9430  -3.4872  -3.9950  -4.4859  -4.9662  -5.4406  -5.9116  -6.3929  -6.8632
 -7.3685  -7.8642  -8.5171  -9.0800  -9.5860 -10.0947 -10.6030 -11.1095 -11.6140
-12.1172
  0.0000  -0.9826  -0.9826  -0.9826  -0.9826  -0.9826  -0.9826  -0.9828  -0.9830
 -0.9838  -0.9856  -0.9902  -1.0018  -1.0306  -1.1015  -1.2701  -1.6327  -2.2322
 -2.9029  -3.4804  -3.9994  -4.4954  -4.9791  -5.4565  -5.9300  -6.4131  -6.8831
 -7.3870  -7.8784  -8.5284  -9.0841  -9.5849 -10.0917 -10.6003 -11.1078 -11.6135
-12.1174
  0.0000  -1.0923  -1.0923  -1.0923  -1.0923  -1.0923  -1.0923  -1.0924  -1.0925
 -1.0929  -1.0939  -1.0965  -1.1028  -1.1188  -1.1586  -1.2569  -1.4923  -2.0020
 -2.7821  -3.4494  -3.9900  -4.4935  -4.9813  -5.4614  -5.9372  -6.4223  -6.8933
 -7.3980  -7.8881  -8.5381  -9.0894  -9.5854 -10.0897 -10.5975 -11.1054 -11.6118
-12.1163
  0.0000  -0.4999  -0.4999  -0.5000  -0.5003  -0.5009  -0.5025  -0.5065  -0.5164
 -0.5402  -0.5942  -0.7014  -0.8686  -1.0691  -1.2884  -1.5710  -1.9616  -2.4297
 -2.9199  -3.4056  -3.8831  -4.3560  -4.8324  -5.3244  -5.8126  -6.3234  -6.8525
 -7.4532  -8.0917  -8.6056  -9.1111  -9.6149 -10.1175 -10.6192 -11.1203 -11.6210
-12.1214
  0.0000  -0.5308  -0.5308  -0.5309  -0.5311  -0.5316  -0.5328  -0.5358  -0.5433
 -0.5617  -0.6049  -0.6978  -0.8596  -1.0651  -1.2820  -1.5529  -1.9435  -2.4261
 -2.9307  -3.4254  -3.9072  -4.3815  -4.8551  -5.3417  -5.8226  -6.3270  -6.8513
 -7.4488  -8.0853  -8.6003  -9.1074  -9.6125 -10.1161 -10.6185 -11.1200 -11.6210
-12.1216
  0.0000  -0.5737  -0.5737  -0.5738  -0.5739  -0.5743  -0.5751  -0.5771  -0.5823
 -0.5950  -0.6259  -0.6967  -0.8384  -1.0486  -1.2733  -1.5372  -1.9268  -2.4231
 -2.9415  -3.4449  -3.9315  -4.4085  -4.8811  -5.3643  -5.8389  -6.3360  -6.8536
 -7.4458  -8.0782  -8.5932  -9.1017  -9.6085 -10.1132 -10.6165 -11.1188 -11.6202
-12.1211
  0.0000  -0.6301  -0.6301  -0.6302  -0.6302  -0.6304  -0.6310  -0.6322  -0.6355
 -0.6435  -0.6634  -0.7110  -0.8170  -1.0112  -1.2551  -1.5213  -1.9087  -2.4177
 -2.9495  -3.4608  -3.9523  -4.4328  -4.9063  -5.3882  -5.8598  -6.3513  -6.8619
 -7.4475  -8.0734  -8.5858  -9.0947  -9.6030 -10.1093 -10.6137 -11.1169 -11.6189
-12.1202
  0.0000  -0.7004  -0.7004  -0.7004  -0.7004  -0.7006  -0.7009  -0.7016  -0.7035
 -0.7083  -0.7201  -0.7491  -0.8180  -0.9661  -1.2127  -1.5010  -1.8868  -2.4077
 -2.9535  -3.4723  -3.9684  -4.4524  -4.9282  -5.4117  -5.8824  -6.3710  -6.8766
 -7.4567  -8.0757  -8.5824  -9.0895  -9.5983 -10.1060 -10.6118 -11.1158 -11.6186
-12.1204
  0.0000  -0.7794  -0.7794  -0.7794  -0.7794  -0.7795  -0.7797  -0.7801  -0.7812
 -0.7839  -0.7906  -0.8072  -0.8480  -0.9437  -1.1430  -1.4548  -1.8509  -2.3838
 -2.9472  -3.4744  -3.9750  -4.4622  -4.9406  -5.4268  -5.8982  -6.3866  -6.8901
 -7.4677  -8.0818  -8.5815  -9.0850  -9.5929 -10.1012 -10.6081 -11.1130 -11.6163
-12.1188
  0.0000  -0.8700  -0.8700  -0.8700  -0.8700  -0.8701  -0.8702  -0.8704  -0.8710
 -0.8725  -0.8762  -0.8855  -0.9086  -0.9649  -1.0964  -1.3661  -1.7880  -2.3383
 -2.9300  -3.4699  -3.9758  -4.4661  -4.9467  -5.4350  -5.9078  -6.3974  -6.9012
 -7.4788  -8.0912  -8.5862  -9.0861  -9.5925 -10.1006 -10.6079 -11.1134 -11.6172
-12.1199
  0.0000  -0.4870  -0.4871  -0.4872  -0.4876  -0.4884  -0.4905  -0.4956  -0.5082
 -0.5375  -0.5995  -0.7109  -0.8733  -1.0687  -1.2905  -1.5775  -1.9624  -2.4177
 -2.8969  -3.3764  -3.8526  -4.3286  -4.8203  -5.3263  -5.8361  -6.3895  -7.0795
 -7.5985  -8.1062  -8.6117  -9.1154  -9.6180 -10.1197 -10.6207 -11.1214 -11.6218
-12.1221
  0.0000  -0.4955  -0.4955  -0.4956  -0.4960  -0.4967  -0.4987  -0.5036  -0.5154
 -0.5434  -0.6039  -0.7151  -0.8782  -1.0721  -1.2849  -1.5589  -1.9444  -2.4132
 -2.9057  -3.3929  -3.8716  -4.3467  -4.8347  -5.3345  -5.8384  -6.3875  -7.0735
 -7.5923  -8.1011  -8.6080  -9.1128  -9.6162 -10.1185 -10.6199 -11.1209 -11.6215
-12.1218
  0.0000  -0.5099  -0.5099  -0.5100  -0.5103  -0.5110  -0.5127  -0.5168  -0.5271
 -0.5518  -0.6071  -0.7141  -0.8776  -1.0730  -1.2810  -1.5441  -1.9295  -2.4117
 -2.9172  -3.4123  -3.8941  -4.3698  -4.8548  -5.3489  -5.8459  -6.3888  -7.0691
 -7.5854  -8.0946  -8.6029  -9.1092  -9.6137 -10.1168 -10.6188 -11.1201 -11.6209
-12.1215
  0.0000  -0.5365  -0.5365  -0.5366  -0.5368  -0.5373  -0.5386  -0.5418  -0.5498
 -0.5692  -0.6144  -0.7093  -0.8688  -1.0683  -1.2768  -1.5321  -1.9164  -2.4102
 -2.9277  -3.4300  -3.9158  -4.3935  -4.8777  -5.3683  -5.8594  -6.3960  -7.0699
 -7.5805  -8.0881  -8.5970  -9.1049  -9.6107 -10.1147 -10.6176 -11.1194 -11.6206
-12.1213
  0.0000  -0.5775  -0.5776  -0.5776  -0.5778  -0.5781  -0.5790  -0.5812  -0.5867
 -0.6003  -0.6330  -0.7068  -0.8497  -1.0534  -1.2696  -1.5212  -1.9034  -2.4067
 -2.9343  -3.4429  -3.9328  -4.4131  -4.8987  -5.3885  -5.8762  -6.4082  -7.0777
 -7.5803  -8.0836  -8.5917  -9.1003  -9.6074 -10.1127 -10.6161 -11.1187 -11.6202
-12.1212
  0.0000  -0.6332  -0.6332  -0.6332  -0.6333  -0.6335  -0.6341  -0.6354  -0.6389
 -0.6475  -0.6687  -0.7189  -0.8285  -1.0208  -1.2534  -1.5088  -1.8877  -2.3985
 -2.9350  -3.4489  -3.9424  -4.4254  -4.9130  -5.4039  -5.8908  -6.4210  -7.0895
 -7.5845  -8.0824  -8.5880  -9.0964  -9.6043 -10.1104 -10.6147 -11.1178 -11.6197
-12.1210
  0.0000  -0.7008  -0.7008  -0.7009  -0.7009  -0.7010  -0.7014  -0.7022  -0.7042
 -0.7093  -0.7219  -0.7528  -0.8252  -0.9767  -1.2158  -1.4897  -1.8658  -2.3825
 -2.9281  -3.4467  -3.9432  -4.4283  -4.9177  -5.4101  -5.8979  -6.4285  -7.0982
 -7.5892  -8.0834  -8.5866  -9.0941  -9.6021 -10.1086 -10.6134 -11.1166 -11.6189
-12.1203
  0.0000  -0.5007  -0.5008  -0.5009  -0.5012  -0.5020  -0.5039  -0.5088  -0.5205
 -0.5476  -0.6052  -0.7098  -0.8663  -1.0615  -1.2899  -1.5815  -1.9610  -2.4052
 -2.8753  -3.3512  -3.8376  -4.3237  -4.8336  -5.3486  -6.0138  -6.5881  -7.0977
 -7.6055  -8.1111  -8.6149  -9.1177  -9.6194 -10.1205 -10.6212 -11.1216 -11.6219
-12.1221
  0.0000  -0.5043  -0.5044  -0.5045  -0.5048  -0.5056  -0.5077  -0.5126  -0.5248
 -0.5528  -0.6119  -0.7181  -0.8750  -1.0665  -1.2833  -1.5617  -1.9415  -2.3978
 -2.8799  -3.3622  -3.8500  -4.3341  -4.8412  -5.3509  -6.0119  -6.5833  -7.0928
 -7.6014  -8.1082  -8.6130  -9.1163  -9.6186 -10.1200 -10.6209 -11.1215 -11.6218
-12.1221
  0.0000  -0.5060  -0.5061  -0.5062  -0.5065  -0.5074  -0.5094  -0.5145  -0.5268
 -0.5555  -0.6158  -0.7236  -0.8810  -1.0709  -1.2796  -1.5462  -1.9263  -2.3952
 -2.8896  -3.3787  -3.8685  -4.3511  -4.8543  -5.3574  -6.0131  -6.5791  -7.0868
 -7.5958  -8.1039  -8.6101  -9.1142  -9.6172 -10.1191 -10.6203 -11.1211 -11.6216
-12.1219
  0.0000  -0.5124  -0.5125  -0.5126  -0.5129  -0.5137  -0.5156  -0.5205  -0.5322
 -0.5599  -0.6190  -0.7263  -0.8835  -1.0727  -1.2765  -1.5336  -1.9130  -2.3935
 -2.8995  -3.3953  -3.8885  -4.3710  -4.8717  -5.3687  -6.0201  -6.5786  -7.0817
 -7.5897  -8.0986  -8.6061  -9.1115  -9.6151 -10.1178 -10.6195 -11.1205 -11.6212
-12.1216
  0.0000  -0.5287  -0.5287  -0.5288  -0.5291  -0.5297  -0.5314  -0.5355  -0.5457
 -0.5700  -0.6239  -0.7266  -0.8820  -1.0709  -1.2730  -1.5228  -1.9006  -2.3906
 -2.9066  -3.4086  -3.9057  -4.3893  -4.8900  -5.3831  -6.0328  -6.5838  -7.0803
 -7.5852  -8.0937  -8.6021  -9.1087  -9.6134 -10.1165 -10.6188 -11.1202 -11.6210
-12.1216
  0.0000  -0.5582  -0.5582  -0.5583  -0.5585  -0.5590  -0.5602  -0.5634  -0.5712
 -0.5902  -0.6340  -0.7245  -0.8741  -1.0636  -1.2671  -1.5128  -1.8879  -2.3846
 -2.9087  -3.4156  -3.9163  -4.4015  -4.9038  -5.3956  -6.0464  -6.5925  -7.0826
 -7.5836  -8.0906  -8.5990  -9.1063  -9.6118 -10.1156 -10.6182 -11.1199 -11.6210
-12.1217
  0.0000  -0.6016  -0.6017  -0.6017  -0.6018  -0.6022  -0.6030  -0.6052  -0.6105
 -0.6237  -0.6552  -0.7254  -0.8585  -1.0475  -1.2566  -1.5016  -1.8731  -2.3738
 -2.9039  -3.4144  -3.9178  -4.4043  -4.9088  -5.4011  -6.0539  -6.5987  -7.0856
 -7.5840  -8.0895  -8.5975  -9.1049  -9.6107 -10.1148 -10.6176 -11.1194 -11.6206
-12.1214
  0.0000  -0.5173  -0.5173  -0.5174  -0.5177  -0.5184  -0.5200  -0.5241  -0.5343
 -0.5580  -0.6093  -0.7061  -0.8570  -1.0529  -1.2883  -1.5847  -1.9601  -2.3958
 -2.8644  -3.3440  -3.8385  -4.3475  -4.9448  -5.5714  -6.0858  -6.5953  -7.1036
 -7.6099  -8.1140  -8.6171  -9.1190  -9.6202 -10.1210 -10.6215 -11.1218 -11.6220
-12.1222
  0.0000  -0.5266  -0.5267  -0.5268  -0.5270  -0.5277  -0.5294  -0.5336  -0.5439
 -0.5680  -0.6199  -0.7168  -0.8662  -1.0566  -1.2789  -1.5620  -1.9363  -2.3820
 -2.8609  -3.3465  -3.8427  -4.3507  -4.9482  -5.5707  -6.0828  -6.5920  -7.1009
 -7.6079  -8.1128  -8.6162  -9.1186  -9.6200 -10.1210 -10.6215 -11.1219 -11.6222
-12.1223
  0.0000  -0.5284  -0.5284  -0.5286  -0.5288  -0.5296  -0.5313  -0.5358  -0.5466
 -0.5718  -0.6255  -0.7241  -0.8740  -1.0615  -1.2742  -1.5449  -1.9191  -2.3760
 -2.8661  -3.3574  -3.8543  -4.3606  -4.9548  -5.5720  -6.0794  -6.5870  -7.0962
 -7.6043  -8.1103  -8.6144  -9.1174  -9.6192 -10.1204 -10.6212 -11.1216 -11.6219
-12.1221
  0.0000  -0.5309  -0.5309  -0.5311  -0.5313  -0.5321  -0.5339  -0.5385  -0.5497
 -0.5755  -0.6303  -0.7299  -0.8793  -1.0647  -1.2705  -1.5311  -1.9045  -2.3726
 -2.8743  -3.3713  -3.8699  -4.3756  -4.9663  -5.5784  -6.0787  -6.5827  -7.0911
 -7.5999  -8.1071  -8.6122  -9.1157  -9.6182 -10.1198 -10.6208 -11.1214 -11.6218
-12.1220
  0.0000  -0.5385  -0.5386  -0.5387  -0.5390  -0.5397  -0.5415  -0.5460  -0.5568
 -0.5822  -0.6362  -0.7346  -0.8821  -1.0650  -1.2666  -1.5187  -1.8909  -2.3685
 -2.8809  -3.3835  -3.8848  -4.3915  -4.9805  -5.5895  -6.0821  -6.5808  -7.0871
 -7.5958  -8.1038  -8.6099  -9.1142  -9.6172 -10.1192 -10.6204 -11.1212 -11.6217
-12.1220
  0.0000  -0.5550  -0.5550  -0.5551  -0.5554  -0.5560  -0.5576  -0.5616  -0.5714
 -0.5946  -0.6449  -0.7388  -0.8816  -1.0614  -1.2609  -1.5074  -1.8770  -2.3615
 -2.8825  -3.3897  -3.8939  -4.4027  -4.9917  -5.6008  -6.0877  -6.5815  -7.0850
 -7.5928  -8.1010  -8.6078  -9.1127  -9.6159 -10.1183 -10.6198 -11.1207 -11.6213
-12.1217
  0.0000  -0.5827  -0.5827  -0.5828  -0.5830  -0.5835  -0.5848  -0.5880  -0.5960
 -0.6150  -0.6581  -0.7430  -0.8786  -1.0546  -1.2540  -1.4974  -1.8633  -2.3513
 -2.8783  -3.3887  -3.8956  -4.4066  -4.9961  -5.6073  -6.0925  -6.5843  -7.0861
 -7.5930  -8.1010  -8.6078  -9.1129  -9.6164 -10.1188 -10.6204 -11.1213 -11.6220
-12.1224
  0.0000  -0.5235  -0.5236  -0.5237  -0.5239  -0.5245  -0.5260  -0.5297  -0.5388
 -0.5603  -0.6077  -0.6995  -0.8467  -1.0453  -1.2881  -1.5908  -1.9670  -2.4037
 -2.8755  -3.3647  -3.9063  -4.5567  -5.0719  -5.5810  -6.0904  -6.5997  -7.1071
 -7.6124  -8.1159  -8.6184  -9.1200  -9.6210 -10.1216 -10.6220 -11.1222 -11.6224
-12.1225
  0.0000  -0.5473  -0.5473  -0.5474  -0.5476  -0.5482  -0.5496  -0.5530  -0.5616
 -0.5818  -0.6266  -0.7138  -0.8553  -1.0445  -1.2726  -1.5605  -1.9332  -2.3769
 -2.8580  -3.3551  -3.9030  -4.5567  -5.0717  -5.5801  -6.0893  -6.5986  -7.1062
 -7.6117  -8.1153  -8.6179  -9.1195  -9.6206 -10.1212 -10.6217 -11.1219 -11.6221
-12.1222
  0.0000  -0.5565  -0.5566  -0.5566  -0.5569  -0.5574  -0.5589  -0.5623  -0.5710
 -0.5914  -0.6364  -0.7236  -0.8637  -1.0483  -1.2656  -1.5409  -1.9119  -2.3648
 -2.8559  -3.3585  -3.9091  -4.5643  -5.0738  -5.5786  -6.0864  -6.5958  -7.1040
 -7.6102  -8.1144  -8.6174  -9.1193  -9.6205 -10.1213 -10.6218 -11.1221 -11.6223
-12.1225
  0.0000  -0.5626  -0.5626  -0.5627  -0.5629  -0.5635  -0.5649  -0.5685  -0.5773
 -0.5980  -0.6433  -0.7303  -0.8691  -1.0506  -1.2600  -1.5245  -1.8943  -2.3574
 -2.8591  -3.3671  -3.9195  -4.5768  -5.0788  -5.5777  -6.0826  -6.5913  -7.1001
 -7.6072  -8.1122  -8.6156  -9.1181  -9.6196 -10.1205 -10.6211 -11.1215 -11.6217
-12.1219
  0.0000  -0.5730  -0.5731  -0.5732  -0.5734  -0.5739  -0.5753  -0.5788  -0.5874
 -0.6075  -0.6518  -0.7368  -0.8728  -1.0508  -1.2550  -1.5108  -1.8788  -2.3499
 -2.8631  -3.3765  -3.9309  -4.5925  -5.0876  -5.5803  -6.0812  -6.5883  -7.0971
 -7.6048  -8.1106  -8.6146  -9.1174  -9.6192 -10.1204 -10.6211 -11.1216 -11.6219
-12.1220
  0.0000  -0.5903  -0.5903  -0.5904  -0.5906  -0.5911  -0.5924  -0.5956  -0.6033
 -0.6218  -0.6630  -0.7433  -0.8738  -1.0476  -1.2487  -1.4985  -1.8635  -2.3425
 -2.8630  -3.3810  -3.9381  -4.6044  -5.0958  -5.5843  -6.0817  -6.5870  -7.0952
 -7.6032  -8.1094  -8.6138  -9.1168  -9.6189 -10.1202 -10.6210 -11.1216 -11.6219
-12.1221
  0.0000  -0.6157  -0.6157  -0.6158  -0.6160  -0.6164  -0.6174  -0.6200  -0.6264
 -0.6421  -0.6776  -0.7494  -0.8726  -1.0411  -1.2408  -1.4866  -1.8475  -2.3296
 -2.8558  -3.3779  -3.9367  -4.6070  -5.0987  -5.5866  -6.0832  -6.5876  -7.0953
 -7.6030  -8.1092  -8.6137  -9.1167  -9.6188 -10.1201 -10.6209 -11.1214 -11.6218
-12.1220
 -1.0000  -0.5557  -0.5557  -0.5558  -0.5560  -0.5565  -0.5577  -0.5607  -0.5682
 -0.5858  -0.6257  -0.7059  -0.8415  -1.0306  -1.2664  -1.5645  -1.9444  -2.3928
 -2.8937  -3.5293  -4.0735  -4.5720  -5.0765  -5.5845  -6.0942  -6.6028  -7.1094
 -7.6138  -8.1170  -8.6190  -9.1203  -9.6211 -10.1217 -10.6220 -11.1222 -11.6223
-12.1224
  0.0000  -0.5557  -0.5557  -0.5558  -0.5560  -0.5565  -0.5577  -0.5607  -0.5682
 -0.5858  -0.6257  -0.7059  -0.8415  -1.0306  -1.2664  -1.5645  -1.9444  -2.3928
 -2.8937  -3.5293  -4.0735  -4.5720  -5.0765  -5.5845  -6.0942  -6.6028  -7.1094
 -7.6138  -8.1170  -8.6190  -9.1203  -9.6211 -10.1217 -10.6220 -11.1222 -11.6223
-12.1224
  0.0000  -0.5785  -0.5785  -0.5786  -0.5788  -0.5792  -0.5803  -0.5830  -0.5899
 -0.6063  -0.6436  -0.7193  -0.8487  -1.0302  -1.2537  -1.5375  -1.9130  -2.3681
 -2.8791  -3.5276  -4.0747  -4.5726  -5.0751  -5.5835  -6.0931  -6.6019  -7.1086
 -7.6132  -8.1165  -8.6186  -9.1199  -9.6208 -10.1213 -10.6217 -11.1219 -11.6220
-12.1221
  0.0000  -0.5935  -0.5935  -0.5936  -0.5938  -0.5942  -0.5953  -0.5979  -0.6044
 -0.6201  -0.6558  -0.7288  -0.8545  -1.0311  -1.2458  -1.5183  -1.8908  -2.3542
 -2.8753  -3.5361  -4.0830  -4.5766  -5.0754  -5.5818  -6.0908  -6.5997  -7.1069
 -7.6121  -8.1155  -8.6180  -9.1195  -9.6205 -10.1211 -10.6215 -11.1217 -11.6219
-12.1220
  0.0000  -0.6102  -0.6102  -0.6103  -0.6104  -0.6108  -0.6117  -0.6141  -0.6201
 -0.6346  -0.6679  -0.7370  -0.8579  -1.0299  -1.2390  -1.5025  -1.8719  -2.3432
 -2.8741  -3.5459  -4.0932  -4.5825  -5.0773  -5.5810  -6.0888  -6.5977  -7.1053
 -7.6109  -8.1147  -8.6175  -9.1192  -9.6203 -10.1210 -10.6214 -11.1217 -11.6219
-12.1220
  0.0000  -0.6322  -0.6322  -0.6323  -0.6324  -0.6327  -0.6335  -0.6354  -0.6405
 -0.6530  -0.6824  -0.7453  -0.8590  -1.0258  -1.2312  -1.4885  -1.8536  -2.3304
 -2.8696  -3.5495  -4.0994  -4.5871  -5.0796  -5.5813  -6.0880  -6.5966  -7.1042
 -7.6101  -8.1141  -8.6169  -9.1188  -9.6199 -10.1207 -10.6212 -11.1215 -11.6216
-12.1218
  0.0000  -0.6613  -0.6613  -0.6613  -0.6614  -0.6616  -0.6621  -0.6634  -0.6670
 -0.6766  -0.7007  -0.7551  -0.8591  -1.0195  -1.2226  -1.4755  -1.8351  -2.3138
 -2.8590  -3.5419  -4.0972  -4.5873  -5.0810  -5.5829  -6.0894  -6.5975  -7.1048
 -7.6104  -8.1143  -8.6170  -9.1188  -9.6199 -10.1206 -10.6211 -11.1214 -11.6216
-12.1217
 -2.0000  -0.5829  -0.5829  -0.5829  -0.5831  -0.5834  -0.5843  -0.5866  -0.5922
 -0.6059  -0.6376  -0.7051  -0.8273  -1.0096  -1.2445  -1.5427  -1.9318  -2.4733
 -3.0799  -3.5853  -4.0762  -4.5740  -5.0795  -5.5886  -6.0980  -6.6057  -7.1113
 -7.6151  -8.1178  -8.6195  -9.1205  -9.6212 -10.1216 -10.6219 -11.1221 -11.6222
-12.1223
 -1.0000  -0.5829  -0.5829  -0.5829  -0.5831  -0.5834  -0.5843  -0.5866  -0.5922
 -0.6059  -0.6376  -0.7051  -0.8273  -1.0096  -1.2445  -1.5427  -1.9318  -2.4733
 -3.0799  -3.5853  -4.0762  -4.5740  -5.0795  -5.5886  -6.0980  -6.6057  -7.1113
 -7.6151  -8.1178  -8.6195  -9.1205  -9.6212 -10.1216 -10.6219 -11.1221 -11.6222
-12.1223
  0.0000  -0.5829  -0.5829  -0.5829  -0.5831  -0.5834  -0.5843  -0.5866  -0.5922
 -0.6059  -0.6376  -0.7051  -0.8273  -1.0096  -1.2445  -1.5427  -1.9318  -2.4733
 -3.0799  -3.5853  -4.0762  -4.5740  -5.0795  -5.5886  -6.0980  -6.6057  -7.1113
 -7.6151  -8.1178  -8.6195  -9.1205  -9.6212 -10.1216 -10.6219 -11.1221 -11.6222
-12.1223
  0.0000  -0.6111  -0.6111  -0.6111  -0.6110  -0.6115  -0.6123  -0.6142  -0.6190
 -0.6308  -0.6585  -0.7189  -0.8322  -1.0061  -1.2310  -1.5159  -1.8986  -2.4489
 -3.0715  -3.5828  -4.0758  -4.5741  -5.0796  -5.5885  -6.0978  -6.6054  -7.1110
 -7.6147  -8.1174  -8.6191  -9.1201  -9.6208 -10.1212 -10.6215 -11.1217 -11.6218
-12.1219
  0.0000  -0.6363  -0.6364  -0.6364  -0.6365  -0.6367  -0.6373  -0.6388  -0.6427
 -0.6526  -0.6766  -0.7305  -0.8357  -1.0029  -1.2213  -1.4961  -1.8732  -2.4315
 -3.0695  -3.5848  -4.0779  -4.5754  -5.0799  -5.5883  -6.0974  -6.6051  -7.1107
 -7.6146  -8.1173  -8.6190  -9.1201  -9.6208 -10.1212 -10.6215 -11.1217 -11.6218
-12.1218
  0.0000  -0.6646  -0.6646  -0.6646  -0.6646  -0.6647  -0.6650  -0.6659  -0.6687
 -0.6763  -0.6960  -0.7424  -0.8382  -0.9980  -1.2119  -1.4794  -1.8504  -2.4123
 -3.0631  -3.5839  -4.0789  -4.5768  -5.0810  -5.5890  -6.0978  -6.6053  -7.1109
 -7.6146  -8.1173  -8.6190  -9.1201  -9.6208 -10.1212 -10.6215 -11.1217 -11.6218
-12.1218
  0.0000  -0.6984  -0.6983  -0.6983  -0.6982  -0.6980  -0.6977  -0.6976  -0.6987
 -0.7035  -0.7188  -0.7568  -0.8408  -0.9911  -1.2010  -1.4639  -1.8281  -2.3871
 -3.0464  -3.5762  -4.0764  -4.5773  -5.0829  -5.5912  -6.0996  -6.6066  -7.1117
 -7.6151  -8.1176  -8.6191  -9.1201  -9.6207 -10.1211 -10.6213 -11.1215 -11.6216
-12.1217
 -4.0000  -0.6390  -0.6390  -0.6390  -0.6390  -0.6391  -0.6393  -0.6400  -0.6423
 -0.6487  -0.6658  -0.7069  -0.7988  -0.9643  -1.1968  -1.5253  -2.0353  -2.5794
 -3.0832  -3.5765  -4.0741  -4.5784  -5.0865  -5.5959  -6.1039  -6.6099  -7.1140
 -7.6168  -8.1186  -8.6198  -9.1205  -9.6210 -10.1213 -10.6214 -11.1216 -11.6216
-12.1217
 -3.0000  -0.6390  -0.6390  -0.6390  -0.6390  -0.6391  -0.6393  -0.6400  -0.6423
 -0.6487  -0.6658  -0.7069  -0.7988  -0.9643  -1.1968  -1.5253  -2.0353  -2.5794
 -3.0832  -3.5765  -4.0741  -4.5784  -5.0865  -5.5959  -6.1039  -6.6099  -7.1140
 -7.6168  -8.1186  -8.6198  -9.1205  -9.6210 -10.1213 -10.6214 -11.1216 -11.6216
-12.1217
 -2.0000  -0.6390  -0.6390  -0.6390  -0.6390  -0.6391  -0.6393  -0.6400  -0.6423
 -0.6487  -0.6658  -0.7069  -0.7988  -0.9643  -1.1968  -1.5253  -2.0353  -2.5794
 -3.0832  -3.5765  -4.0741  -4.5784  -5.0865  -5.5959  -6.1039  -6.6099  -7.1140
 -7.6168  -8.1186  -8.6198  -9.1205  -9.6210 -10.1213 -10.6214 -11.1216 -11.6216
-12.1217
 -1.0000  -0.6390  -0.6390  -0.6390  -0.6390  -0.6391  -0.6393  -0.6400  -0.6423
 -0.6487  -0.6658  -0.7069  -0.7988  -0.9643  -1.1968  -1.5253  -2.0353  -2.5794
 -3.0832  -3.5765  -4.0741  -4.5784  -5.0865  -5.5959  -6.1039  -6.6099  -7.1140
 -7.6168  -8.1186  -8.6198  -9.1205  -9.6210 -10.1213 -10.6214 -11.1216 -11.6216
-12.1217
  0.0000  -0.6390  -0.6390  -0.6390  -0.6390  -0.6391  -0.6393  -0.6400  -0.6423
 -0.6487  -0.6658  -0.7069  -0.7988  -0.9643  -1.1968  -1.5253  -2.0353  -2.5794
 -3.0832  -3.5765  -4.0741  -4.5784  -5.0865  -5.5959  -6.1039  -6.6099  -7.1140
 -7.6168  -8.1186  -8.6198  -9.1205  -9.6210 -10.1213 -10.6214 -11.1216 -11.6216
-12.1217
  0.0000  -0.6746  -0.6746  -0.6745  -0.6744  -0.6741  -0.6738  -0.6736  -0.6745
 -0.6788  -0.6914  -0.7228  -0.8005  -0.9546  -1.1821  -1.5023  -2.0041  -2.5590
 -3.0724  -3.5721  -4.0736  -4.5800  -5.0885  -5.5977  -6.1052  -6.6106  -7.1144
 -7.6169  -8.1185  -8.6196  -9.1202  -9.6207 -10.1209 -10.6211 -11.1212 -11.6213
-12.1213
  0.0000  -0.7152  -0.7151  -0.7148  -0.7143  -0.7134  -0.7121  -0.7105  -0.7097
 -0.7121  -0.7218  -0.7431  -0.8046  -0.9445  -1.1679  -1.4823  -1.9686  -2.5332
 -3.0590  -3.5672  -4.0742  -4.5832  -5.0923  -5.6010  -6.1077  -6.6124  -7.1157
 -7.6178  -8.1192  -8.6201  -9.1206  -9.6210 -10.1212 -10.6213 -11.1214 -11.6215
-12.1215
 -4.0000  -0.6377  -0.6376  -0.6375  -0.6373  -0.6371  -0.6368  -0.6366  -0.6372
 -0.6396  -0.6461  -0.6732  -0.7552  -0.9333  -1.2241  -1.6355  -2.1097  -2.5939
 -3.0809  -3.5749  -4.0753  -4.5828  -5.0922  -5.6008  -6.1075  -6.6122  -7.1153
 -7.6175  -8.1188  -8.6197  -9.1202  -9.6206 -10.1208 -10.6209 -11.1210 -11.6211
-12.1211
 -3.0000  -0.6377  -0.6376  -0.6375  -0.6373  -0.6371  -0.6368  -0.6366  -0.6372
 -0.6396  -0.6461  -0.6732  -0.7552  -0.9333  -1.2241  -1.6355  -2.1097  -2.5939
 -3.0809  -3.5749  -4.0753  -4.5828  -5.0922  -5.6008  -6.1075  -6.6122  -7.1153
 -7.6175  -8.1188  -8.6197  -9.1202  -9.6206 -10.1208 -10.6209 -11.1210 -11.6211
-12.1211
 -2.0000  -0.6377  -0.6376  -0.6375  -0.6373  -0.6371  -0.6368  -0.6366  -0.6372
 -0.6396  -0.6461  -0.6732  -0.7552  -0.9333  -1.2241  -1.6355  -2.1097  -2.5939
 -3.0809  -3.5749  -4.0753  -4.5828  -5.0922  -5.6008  -6.1075  -6.6122  -7.1153
 -7.6175  -8.1188  -8.6197  -9.1202  -9.6206 -10.1208 -10.6209 -11.1210 -11.6211
-12.1211
 -1.0000  -0.6377  -0.6376  -0.6375  -0.6373  -0.6371  -0.6368  -0.6366  -0.6372
 -0.6396  -0.6461  -0.6732  -0.7552  -0.9333  -1.2241  -1.6355  -2.1097  -2.5939
 -3.0809  -3.5749  -4.0753  -4.5828  -5.0922  -5.6008  -6.1075  -6.6122  -7.1153
 -7.6175  -8.1188  -8.6197  -9.1202  -9.6206 -10.1208 -10.6209 -11.1210 -11.6211
-12.1211
  0.0000  -0.6377  -0.6376  -0.6375  -0.6373  -0.6371  -0.6368  -0.6366  -0.6372
 -0.6396  -0.6461  -0.6732  -0.7552  -0.9333  -1.2241  -1.6355  -2.1097  -2.5939
 -3.0809  -3.5749  -4.0753  -4.5828  -5.0922  -5.6008  -6.1075  -6.6122  -7.1153
 -7.6175  -8.1188  -8.6197  -9.1202  -9.6206 -10.1208 -10.6209 -11.1210 -11.6211
-12.1211
  0.0000  -0.6885  -0.6883  -0.6881  -0.6876  -0.6868  -0.6858  -0.6848  -0.6846
 -0.6853  -0.6850  -0.6998  -0.7608  -0.9166  -1.1907  -1.5908  -2.0700  -2.5674
 -3.0668  -3.5702  -4.0763  -4.5863  -5.0960  -5.6038  -6.1094  -6.6132  -7.1157
 -7.6174  -8.1185  -8.6191  -9.1196  -9.6198 -10.1200 -10.6201 -11.1202 -11.6202
-12.1202
  0.0000  -0.7412  -0.7409  -0.7402  -0.7390  -0.7374  -0.7354  -0.7335  -0.7329
 -0.7332  -0.7274  -0.7322  -0.7722  -0.9019  -1.1586  -1.5485  -2.0332  -2.5458
 -3.0580  -3.5698  -4.0802  -4.5913  -5.1005  -5.6072  -6.1118  -6.6148  -7.1168
 -7.6181  -8.1189  -8.6194  -9.1197  -9.6199 -10.1201 -10.6201 -11.1202 -11.6202
-12.1202
nl= 4 nu= 6
  0.0000  -2.2381  -2.2381  -2.2381  -2.2381  -2.2381  -2.2381  -2.2381  -2.2381
 -2.2381  -2.2381  -2.2381  -2.2382  -2.2384  -2.2388  -2.2399  -2.2427  -2.2496
 -2.2669  -2.3106  -2.4201  -2.6949  -3.3819  -5.0024  -6.1957  -6.7033  -7.1843
 -7.6581  -8.1329  -8.6136  -9.1021  -9.5984 -10.1000 -10.6044 -11.1088 -11.6161
  0.0000  -2.3876  -2.3876  -2.3876  -2.3876  -2.3876  -2.3876  -2.3876  -2.3876
 -2.3876  -2.3877  -2.3877  -2.3877  -2.3878  -2.3880  -2.3886  -2.3899  -2.3934
 -2.4021  -2.4240  -2.4790  -2.6172  -2.9638  -3.8307  -5.7819  -6.7145  -7.2130
 -7.6913  -8.1637  -8.6374  -9.1167  -9.6038 -10.0989 -10.6002 -11.1040 -11.6120
  0.0000  -2.5372  -2.5372  -2.5372  -2.5372  -2.5372  -2.5372  -2.5372  -2.5372
 -2.5372  -2.5372  -2.5372  -2.5372  -2.5373  -2.5374  -2.5377  -2.5384  -2.5401
 -2.5445  -2.5554  -2.5830  -2.6523  -2.8262  -3.2627  -4.3542  -6.5485  -7.2299
 -7.7221  -8.1984  -8.6698  -9.1422  -9.6200 -10.1055 -10.5994 -11.0995 -11.6065
  0.0000  -2.6914  -2.6914  -2.6914  -2.6914  -2.6914  -2.6914  -2.6914  -2.6914
 -2.6914  -2.6914  -2.6914  -2.6914  -2.6914  -2.6915  -2.6916  -2.6920  -2.6928
 -2.6950  -2.7005  -2.7143  -2.7490  -2.8361  -3.0549  -3.6041  -4.9758  -7.1958
 -7.7472  -8.2351  -8.7098  -9.1803  -9.6516 -10.1277 -10.6119 -11.1041 -11.6066
  0.0000  -2.8366  -2.8366  -2.8366  -2.8366  -2.8366  -2.8366  -2.8366  -2.8366
 -2.8366  -2.8366  -2.8366  -2.8366  -2.8366  -2.8366  -2.8367  -2.8369  -2.8373
 -2.8384  -2.8411  -2.8480  -2.8654  -2.9090  -3.0185  -3.2935  -3.9839  -5.7041
 -7.7370  -8.2526  -8.7372  -9.2109  -9.6805 -10.1509 -10.6261 -11.1084 -11.6028
  0.0000  -2.9799  -2.9799  -2.9799  -2.9799  -2.9799  -2.9799  -2.9799  -2.9799
 -2.9799  -2.9799  -2.9799  -2.9799  -2.9799  -2.9800  -2.9800  -2.9801  -2.9803
 -2.9808  -2.9822  -2.9857  -2.9943  -3.0162  -3.0709  -3.2085  -3.5541  -4.4217
 -6.5676  -8.2477  -8.7522  -9.2341  -9.7067 -10.1758 -10.6460 -11.1201 -11.6052
  0.0000  -3.1386  -3.1386  -3.1386  -3.1386  -3.1386  -3.1386  -3.1386  -3.1386
 -3.1386  -3.1386  -3.1386  -3.1386  -3.1386  -3.1386  -3.1386  -3.1386  -3.1387
 -3.1390  -3.1397  -3.1414  -3.1458  -3.1567  -3.1841  -3.2529  -3.4257  -3.8599
 -4.9498  -7.5761  -8.7639  -9.2610  -9.7403 -10.2118 -10.6811 -11.1510 -11.6294
  0.0000  -1.9116  -1.9116  -1.9116  -1.9116  -1.9116  -1.9116  -1.9116  -1.9116
 -1.9116  -1.9116  -1.9118  -1.9121  -1.9129  -1.9149  -1.9198  -1.9323  -1.9638
 -2.0426  -2.2403  -2.7327  -3.9012  -5.1804  -5.7151  -6.2026  -6.6775  -7.1502
 -7.6262  -8.1092  -8.6006  -9.0990  -9.6017 -10.1065 -10.6143 -11.1354 -11.7084
  0.0000  -2.0586  -2.0586  -2.0586  -2.0586  -2.0586  -2.0586  -2.0586  -2.0586
 -2.0586  -2.0587  -2.0587  -2.0589  -2.0593  -2.0603  -2.0628  -2.0691  -2.0850
 -2.1250  -2.2253  -2.4768  -3.1040  -4.5640  -5.7113  -6.2261  -6.7096  -7.1828
 -7.6545  -8.1295  -8.6115  -9.1017  -9.5993 -10.1019 -10.6097 -11.1316 -11.7053
  0.0000  -2.2071  -2.2071  -2.2071  -2.2071  -2.2071  -2.2071  -2.2071  -2.2071
 -2.2071  -2.2071  -2.2072  -2.2073  -2.2075  -2.2080  -2.2092  -2.2124  -2.2204
 -2.2406  -2.2911  -2.4181  -2.7365  -3.5309  -5.2994  -6.2323  -6.7365  -7.2170
 -7.6892  -8.1599  -8.6338  -9.1143  -9.6030 -10.0999 -10.6051 -11.1266 -11.7005
  0.0000  -2.3555  -2.3555  -2.3555  -2.3555  -2.3555  -2.3555  -2.3555  -2.3555
 -2.3555  -2.3555  -2.3555  -2.3556  -2.3557  -2.3559  -2.3566  -2.3582  -2.3622
 -2.3723  -2.3977  -2.4615  -2.6217  -3.0235  -4.0261  -6.0409  -6.7477  -7.2449
 -7.7233  -8.1946  -8.6645  -9.1372  -9.6162 -10.1037 -10.6025 -11.1208 -11.6933
  0.0000  -2.5051  -2.5051  -2.5051  -2.5051  -2.5051  -2.5051  -2.5051  -2.5051
 -2.5051  -2.5051  -2.5051  -2.5051  -2.5052  -2.5053  -2.5056  -2.5064  -2.5085
 -2.5135  -2.5263  -2.5582  -2.6386  -2.8403  -3.3465  -4.6082  -6.6903  -7.2601
 -7.7521  -8.2290  -8.6996  -9.1688  -9.6404 -10.1186 -10.6080 -11.1194 -11.6876
  0.0000  -2.6557  -2.6557  -2.6557  -2.6557  -2.6557  -2.6557  -2.6557  -2.6557
 -2.6557  -2.6558  -2.6558  -2.6558  -2.6558  -2.6559  -2.6560  -2.6564  -2.6574
 -2.6600  -2.6663  -2.6823  -2.7226  -2.8236  -3.0774  -3.7143  -5.2975  -7.2444
 -7.7684  -8.2564  -8.7319  -9.2019  -9.6706 -10.1423 -10.6230 -11.1259 -11.6871
  0.0000  -2.8087  -2.8087  -2.8087  -2.8087  -2.8087  -2.8087  -2.8087  -2.8087
 -2.8087  -2.8087  -2.8087  -2.8087  -2.8087  -2.8087  -2.8088  -2.8090  -2.8095
 -2.8108  -2.8140  -2.8220  -2.8421  -2.8927  -3.0197  -3.3388  -4.1395  -6.1149
 -7.7636  -8.2727  -8.7570  -9.2310  -9.7004 -10.1696 -10.6450 -11.1409 -11.6952
  0.0000  -1.5965  -1.5965  -1.5965  -1.5965  -1.5965  -1.5965  -1.5966  -1.5966
 -1.5967  -1.5969  -1.5974  -1.5988  -1.6022  -1.6109  -1.6326  -1.6870  -1.8231
 -2.1603  -2.9554  -4.1187  -4.7189  -5.2180  -5.6967  -6.1689  -6.6417  -7.1195
 -7.6050  -8.0988  -8.5990  -9.1029  -9.6074 -10.1149 -10.6671 -11.2950 -11.9152
  0.0000  -1.7344  -1.7344  -1.7344  -1.7344  -1.7344  -1.7344  -1.7344  -1.7345
 -1.7345  -1.7346  -1.7349  -1.7356  -1.7374  -1.7419  -1.7531  -1.7814  -1.8523
 -2.0299  -2.4705  -3.4997  -4.6827  -5.2319  -5.7238  -6.2000  -6.6711  -7.1431
 -7.6201  -8.1048  -8.5977  -9.0977  -9.6010 -10.1090 -10.6618 -11.2899 -11.9104
  0.0000  -1.8944  -1.8944  -1.8944  -1.8944  -1.8944  -1.8944  -1.8944  -1.8944
 -1.8944  -1.8945  -1.8946  -1.8950  -1.8959  -1.8982  -1.9040  -1.9184  -1.9548
 -2.0460  -2.2743  -2.8418  -4.1411  -5.2362  -5.7603  -6.2474  -6.7220  -7.1923
 -7.6635  -8.1394  -8.6228  -9.1150  -9.6137 -10.1202 -10.6728 -11.3008 -11.9217
  0.0000  -2.0269  -2.0269  -2.0269  -2.0269  -2.0269  -2.0269  -2.0269  -2.0269
 -2.0269  -2.0269  -2.0270  -2.0272  -2.0277  -2.0288  -2.0317  -2.0391  -2.0575
 -2.1038  -2.2199  -2.5110  -3.2347  -4.8215  -5.7457  -6.2566  -6.7405  -7.2140
 -7.6836  -8.1539  -8.6286  -9.1110  -9.6016 -10.1030 -10.6532 -11.2796 -11.9003
  0.0000  -2.1755  -2.1755  -2.1755  -2.1755  -2.1755  -2.1755  -2.1755  -2.1755
 -2.1755  -2.1755  -2.1756  -2.1757  -2.1759  -2.1765  -2.1780  -2.1816  -2.1909
 -2.2143  -2.2729  -2.4200  -2.7888  -3.7060  -5.5362  -6.2625  -6.7651  -7.2465
 -7.7191  -8.1883  -8.6578  -9.1319  -9.6129 -10.1059 -10.6505 -11.2728 -11.8915
  0.0000  -2.3232  -2.3232  -2.3232  -2.3232  -2.3232  -2.3232  -2.3232  -2.3232
 -2.3232  -2.3232  -2.3232  -2.3233  -2.3234  -2.3237  -2.3244  -2.3263  -2.3309
 -2.3427  -2.3721  -2.4461  -2.6318  -3.0975  -4.2545  -6.1834  -6.7715  -7.2677
 -7.7471  -8.2188  -8.6875  -9.1572  -9.6306 -10.1147 -10.6517 -11.2674 -11.8813
  0.0000  -2.4725  -2.4725  -2.4725  -2.4725  -2.4725  -2.4725  -2.4725  -2.4725
 -2.4725  -2.4725  -2.4725  -2.4726  -2.4726  -2.4728  -2.4731  -2.4741  -2.4764
 -2.4823  -2.4971  -2.5341  -2.6273  -2.8612  -3.4481  -4.9015  -6.7419  -7.2746
 -7.7654  -8.2427  -8.7135  -9.1824  -9.6521 -10.1301 -10.6605 -11.2694 -11.8763
  0.0000  -1.3159  -1.3159  -1.3159  -1.3159  -1.3159  -1.3159  -1.3160  -1.3161
 -1.3165  -1.3173  -1.3194  -1.3247  -1.3379  -1.3711  -1.4539  -1.6583  -2.1393
 -3.0077  -3.7037  -4.2259  -4.7138  -5.1889  -5.6604  -6.1342  -6.6140  -7.1020
 -7.5979  -8.0996  -8.6037  -9.1117  -9.6644 -10.2488 -10.9095 -11.4161 -11.9178
  0.0000  -1.4361  -1.4361  -1.4361  -1.4361  -1.4361  -1.4361  -1.4361  -1.4362
 -1.4364  -1.4369  -1.4380  -1.4410  -1.4483  -1.4669  -1.5133  -1.6291  -1.9148
 -2.5799  -3.6035  -4.2298  -4.7375  -5.2198  -5.6927  -6.1633  -6.6363  -7.1155
 -7.6029  -8.0986  -8.5997  -9.1072  -9.6601 -10.2450 -10.9057 -11.4135 -11.9162
  0.0000  -1.5835  -1.5835  -1.5835  -1.5835  -1.5835  -1.5835  -1.5835  -1.5835
 -1.5836  -1.5839  -1.5845  -1.5861  -1.5900  -1.5999  -1.6248  -1.6872  -1.8431
 -2.2280  -3.1121  -4.1971  -4.7651  -5.2631  -5.7422  -6.2139  -6.6837  -7.1560
 -7.6342  -8.1209  -8.6154  -9.1195  -9.6711 -10.2558 -10.9161 -11.4258 -11.9298
  0.0000  -1.7063  -1.7063  -1.7063  -1.7063  -1.7063  -1.7063  -1.7063  -1.7063
 -1.7064  -1.7065  -1.7068  -1.7076  -1.7097  -1.7149  -1.7278  -1.7604  -1.8422
 -2.0466  -2.5519  -3.6878  -4.7279  -5.2633  -5.7553  -6.2325  -6.7033  -7.1725
 -7.6438  -8.1214  -8.6066  -9.1036  -9.6510 -10.2335 -10.8921 -11.4039 -11.9098
  0.0000  -1.8487  -1.8487  -1.8487  -1.8487  -1.8487  -1.8487  -1.8487  -1.8487
 -1.8487  -1.8488  -1.8489  -1.8494  -1.8504  -1.8531  -1.8597  -1.8765  -1.9185
 -2.0238  -2.2875  -2.9399  -4.3446  -5.2538  -5.7723  -6.2602  -6.7359  -7.2062
 -7.6749  -8.1460  -8.6222  -9.1101  -9.6502 -10.2275 -10.8820 -11.3947 -11.9027
  0.0000  -1.9946  -1.9946  -1.9946  -1.9946  -1.9946  -1.9946  -1.9946  -1.9946
 -1.9946  -1.9946  -1.9947  -1.9949  -1.9955  -1.9968  -2.0002  -2.0087  -2.0300
 -2.0836  -2.2180  -2.5546  -3.3876  -5.0296  -5.7694  -6.2773  -6.7619  -7.2364
 -7.7061  -8.1748  -8.6453  -9.1251  -9.6574 -10.2272 -10.8748 -11.3857 -11.8948
  0.0000  -2.1420  -2.1420  -2.1420  -2.1420  -2.1420  -2.1420  -2.1420  -2.1420
 -2.1420  -2.1421  -2.1421  -2.1422  -2.1425  -2.1432  -2.1449  -2.1491  -2.1599
 -2.1869  -2.2548  -2.4252  -2.8522  -3.9077  -5.6706  -6.2759  -6.7757  -7.2572
 -7.7302  -8.1998  -8.6682  -9.1434  -9.6702 -10.2333 -10.8734 -11.3791 -11.8871
  0.0000  -1.1154  -1.1154  -1.1154  -1.1154  -1.1155  -1.1155  -1.1157  -1.1160
 -1.1169  -1.1191  -1.1247  -1.1387  -1.1742  -1.2636  -1.4858  -1.9727  -2.6453
 -3.2148  -3.7213  -4.2053  -4.6808  -5.1533  -5.6285  -6.1105  -6.6007  -7.0983
 -7.6010  -8.1090  -8.6310  -9.2047  -9.8523 -10.4149 -10.9172 -11.4187 -11.9196
  0.0000  -1.1958  -1.1958  -1.1958  -1.1958  -1.1958  -1.1959  -1.1960  -1.1962
 -1.1968  -1.1984  -1.2022  -1.2118  -1.2360  -1.2966  -1.4466  -1.8035  -2.4958
 -3.1987  -3.7389  -4.2347  -4.7141  -5.1861  -5.6572  -6.1319  -6.6134  -7.1033
 -7.6010  -8.1067  -8.6285  -9.2024  -9.8501 -10.4135 -10.9170 -11.4194 -11.9208
  0.0000  -1.2930  -1.2930  -1.2930  -1.2930  -1.2930  -1.2930  -1.2931  -1.2932
 -1.2936  -1.2945  -1.2969  -1.3028  -1.3176  -1.3546  -1.4470  -1.6743  -2.2015
 -3.0780  -3.7337  -4.2532  -4.7415  -5.2172  -5.6877  -6.1580  -6.6318  -7.1125
 -7.6020  -8.1023  -8.6215  -9.1944  -9.8413 -10.4059 -10.9110 -11.4146 -11.9170
  0.0000  -1.4084  -1.4084  -1.4084  -1.4084  -1.4084  -1.4084  -1.4084  -1.4085
 -1.4087  -1.4092  -1.4106  -1.4139  -1.4223  -1.4433  -1.4960  -1.6274  -1.9499
 -2.6819  -3.6649  -4.2575  -4.7637  -5.2472  -5.7210  -6.1906  -6.6601  -7.1332
 -7.6132  -8.1050  -8.6183  -9.1877  -9.8320 -10.3971 -10.9044 -11.4097 -11.9133
  0.0000  -1.5377  -1.5377  -1.5377  -1.5377  -1.5377  -1.5377  -1.5377  -1.5378
 -1.5379  -1.5382  -1.5389  -1.5407  -1.5452  -1.5566  -1.5851  -1.6566  -1.8350
 -2.2729  -3.2406  -4.2237  -4.7738  -5.2716  -5.7521  -6.2246  -6.6937  -7.1626
 -7.6354  -8.1182  -8.6230  -9.1859  -9.8250 -10.3885 -10.8973 -11.4047 -11.9101
  0.0000  -1.6640  -1.6640  -1.6640  -1.6640  -1.6640  -1.6640  -1.6640  -1.6640
 -1.6641  -1.6642  -1.6646  -1.6656  -1.6679  -1.6739  -1.6889  -1.7264  -1.8205
 -2.0556  -2.6331  -3.8535  -4.7443  -5.2714  -5.7633  -6.2416  -6.7133  -7.1818
 -7.6510  -8.1271  -8.6240  -9.1794  -9.8111 -10.3697 -10.8782 -11.3871 -11.8944
  0.0000  -1.8173  -1.8173  -1.8173  -1.8173  -1.8173  -1.8173  -1.8173  -1.8173
 -1.8174  -1.8174  -1.8176  -1.8181  -1.8193  -1.8224  -1.8301  -1.8494  -1.8979
 -2.0196  -2.3237  -3.0709  -4.5214  -5.2701  -5.7831  -6.2703  -6.7464  -7.2170
 -7.6857  -8.1589  -8.6509  -9.2007  -9.8257 -10.3771 -10.8825 -11.3914 -11.9000
  0.0000  -1.0505  -1.0505  -1.0505  -1.0505  -1.0505  -1.0505  -1.0504  -1.0503
 -1.0499  -1.0493  -1.0490  -1.0545  -1.0941  -1.2526  -1.6333  -2.1661  -2.7029
 -3.2079  -3.6933  -4.1698  -4.6456  -5.1231  -5.6072  -6.0993  -6.5987  -7.1019
 -7.6100  -8.1629  -8.7911  -9.4116  -9.9156 -10.4177 -10.9190 -11.4199 -11.9204
  0.0000  -1.0665  -1.0665  -1.0666  -1.0666  -1.0666  -1.0666  -1.0668  -1.0671
 -1.0678  -1.0698  -1.0750  -1.0890  -1.1291  -1.2480  -1.5613  -2.1167  -2.7021
 -3.2277  -3.7217  -4.2014  -4.6754  -5.1481  -5.6247  -6.1085  -6.6010  -7.1000
 -7.6066  -8.1593  -8.7873  -9.4083  -9.9134 -10.4166 -10.9187 -11.4200 -11.9209
  0.0000  -1.1073  -1.1073  -1.1073  -1.1074  -1.1074  -1.1074  -1.1076  -1.1079
 -1.1088  -1.1110  -1.1166  -1.1306  -1.1664  -1.2584  -1.4916  -1.9997  -2.6699
 -3.2369  -3.7455  -4.2316  -4.7073  -5.1782  -5.6496  -6.1254  -6.6090  -7.1006
 -7.6027  -8.1534  -8.7801  -9.4009  -9.9081 -10.4126 -10.9158 -11.4179 -11.9193
  0.0000  -1.1764  -1.1764  -1.1764  -1.1764  -1.1764  -1.1765  -1.1766  -1.1768
 -1.1775  -1.1791  -1.1833  -1.1937  -1.2198  -1.2851  -1.4475  -1.8325  -2.5455
 -3.2242  -3.7611  -4.2583  -4.7390  -5.2117  -5.6812  -6.1516  -6.6270  -7.1095
 -7.6040  -8.1496  -8.7728  -9.3919  -9.9010 -10.4076 -10.9122 -11.4155 -11.9177
  0.0000  -1.2706  -1.2706  -1.2706  -1.2706  -1.2706  -1.2707  -1.2707  -1.2709
 -1.2713  -1.2723  -1.2750  -1.2815  -1.2980  -1.3393  -1.4421  -1.6943  -2.2680
 -3.1359  -3.7593  -4.2766  -4.7662  -5.2434  -5.7145  -6.1831  -6.6533  -7.1278
 -7.6135  -8.1516  -8.7685  -9.3833  -9.8928 -10.4013 -10.9079 -11.4126 -11.9158
  0.0000  -1.3873  -1.3873  -1.3873  -1.3873  -1.3873  -1.3873  -1.3873  -1.3874
 -1.3877  -1.3883  -1.3898  -1.3936  -1.4031  -1.4269  -1.4866  -1.6351  -1.9976
 -2.7918  -3.7124  -4.2822  -4.7869  -5.2713  -5.7463  -6.2162  -6.6849  -7.1547
 -7.6332  -8.1641  -8.7737  -9.3812  -9.8882 -10.3973 -10.9057 -11.4122 -11.9167
  0.0000  -1.5094  -1.5094  -1.5094  -1.5094  -1.5094  -1.5094  -1.5094  -1.5095
 -1.5096  -1.5099  -1.5108  -1.5128  -1.5180  -1.5310  -1.5636  -1.6453  -1.8488
 -2.3445  -3.3774  -4.2469  -4.7844  -5.2804  -5.7609  -6.2339  -6.7035  -7.1719
 -7.6465  -8.1729  -8.7772  -9.3771  -9.8786 -10.3861 -10.8952 -11.4032 -11.9091
  0.0000  -1.1280  -1.1280  -1.1279  -1.1277  -1.1273  -1.1262  -1.1235  -1.1170
 -1.1017  -1.0703  -1.0203  -0.9841  -1.0492  -1.2906  -1.6933  -2.1839  -2.6874
 -3.1779  -3.6583  -4.1357  -4.6176  -5.1042  -5.5984  -6.0986  -6.6058  -7.1588
 -7.7439  -8.4046  -8.9129  -9.4160  -9.9179 -10.4192 -10.9200 -11.4205 -11.9208
  0.0000  -1.0950  -1.0950  -1.0950  -1.0949  -1.0947  -1.0943  -1.0932  -1.0906
 -1.0843  -1.0704  -1.0451  -1.0201  -1.0575  -1.2646  -1.6693  -2.1823  -2.7039
 -3.2030  -3.6865  -4.1630  -4.6394  -5.1186  -5.6051  -6.0992  -6.6029  -7.1545
 -7.7392  -8.3995  -8.9094  -9.4135  -9.9165 -10.4183 -10.9196 -11.4203 -11.9208
  0.0000  -1.0722  -1.0722  -1.0722  -1.0722  -1.0721  -1.0720  -1.0718  -1.0712
 -1.0699  -1.0668  -1.0611  -1.0575  -1.0875  -1.2456  -1.6317  -2.1725  -2.7191
 -3.2301  -3.7191  -4.1969  -4.6706  -5.1439  -5.6223  -6.1080  -6.6053  -7.1529
 -7.7355  -8.3941  -8.9059  -9.4118  -9.9160 -10.4189 -10.9208 -11.4220 -11.9227
  0.0000  -1.0688  -1.0688  -1.0688  -1.0688  -1.0688  -1.0688  -1.0689  -1.0691
 -1.0696  -1.0709  -1.0745  -1.0852  -1.1210  -1.2402  -1.5660  -2.1298  -2.7184
 -3.2476  -3.7449  -4.2267  -4.7006  -5.1712  -5.6436  -6.1209  -6.6095  -7.1503
 -7.7281  -8.3829  -8.8956  -9.4035  -9.9095 -10.4137 -10.9165 -11.4185 -11.9197
  0.0000  -1.1025  -1.1025  -1.1025  -1.1025  -1.1025  -1.1026  -1.1027  -1.1031
 -1.1039  -1.1061  -1.1115  -1.1254  -1.1614  -1.2563  -1.5026  -2.0317  -2.6962
 -3.2601  -3.7701  -4.2583  -4.7353  -5.2063  -5.6759  -6.1471  -6.6277  -7.1607
 -7.7311  -8.3792  -8.8902  -9.3992  -9.9072 -10.4131 -10.9172 -11.4202 -11.9220
  0.0000  -1.1603  -1.1603  -1.1603  -1.1603  -1.1603  -1.1603  -1.1605  -1.1607
 -1.1614  -1.1632  -1.1676  -1.1787  -1.2067  -1.2770  -1.4522  -1.8656  -2.5898
 -3.2438  -3.7770  -4.2747  -4.7566  -5.2303  -5.7001  -6.1687  -6.6439  -7.1709
 -7.7338  -8.3739  -8.8795  -9.3875  -9.8966 -10.4043 -10.9100 -11.4139 -11.9167
  0.0000  -1.2483  -1.2483  -1.2483  -1.2483  -1.2483  -1.2483  -1.2484  -1.2486
 -1.2490  -1.2502  -1.2531  -1.2604  -1.2786  -1.3243  -1.4382  -1.7161  -2.3324
 -3.1726  -3.7691  -4.2826  -4.7716  -5.2490  -5.7209  -6.1896  -6.6627  -7.1868
 -7.7451  -8.3789  -8.8768  -9.3811  -9.8898 -10.3986 -10.9057 -11.4108 -11.9142
  0.0000  -1.2318  -1.2317  -1.2315  -1.2308  -1.2293  -1.2255  -1.2161  -1.1944
 -1.1488  -1.0714  -0.9841  -0.9546  -1.0546  -1.3088  -1.6988  -2.1691  -2.6592
 -3.1447  -3.6260  -4.1090  -4.6002  -5.0963  -5.6011  -6.1227  -6.6968  -7.3444
 -7.9086  -8.4128  -8.9158  -9.4176  -9.9188 -10.4196 -10.9201 -11.4204 -11.9206
  0.0000  -1.2217  -1.2217  -1.2215  -1.2210  -1.2199  -1.2172  -1.2105  -1.1945
 -1.1595  -1.0945  -1.0093  -0.9636  -1.0441  -1.2915  -1.6891  -2.1756  -2.6779
 -3.1684  -3.6496  -4.1286  -4.6127  -5.1017  -5.6010  -6.1196  -6.6923  -7.3390
 -7.9039  -8.4096  -8.9136  -9.4163  -9.9181 -10.4192 -10.9199 -11.4204 -11.9207
  0.0000  -1.1795  -1.1795  -1.1794  -1.1791  -1.1785  -1.1770  -1.1732  -1.1641
 -1.1431  -1.1005  -1.0344  -0.9832  -1.0388  -1.2738  -1.6784  -2.1824  -2.6985
 -3.1955  -3.6783  -4.1552  -4.6327  -5.1139  -5.6055  -6.1184  -6.6875  -7.3315
 -7.8966  -8.4042  -8.9097  -9.4135  -9.9162 -10.4179 -10.9190 -11.4197 -11.9201
  0.0000  -1.1257  -1.1257  -1.1256  -1.1255  -1.1253  -1.1246  -1.1231  -1.1192
 -1.1100  -1.0898  -1.0534  -1.0155  -1.0467  -1.2541  -1.6613  -2.1851  -2.7173
 -3.2225  -3.7091  -4.1860  -4.6598  -5.1344  -5.6178  -6.1228  -6.6857  -7.3245
 -7.8879  -8.3967  -8.9042  -9.4097  -9.9134 -10.4161 -10.9177 -11.4188 -11.9195
  0.0000  -1.0854  -1.0854  -1.0854  -1.0854  -1.0853  -1.0851  -1.0847  -1.0836
 -1.0811  -1.0753  -1.0642  -1.0519  -1.0755  -1.2374  -1.6299  -2.1770  -2.7307
 -3.2462  -3.7383  -4.2178  -4.6908  -5.1619  -5.6389  -6.1360  -6.6914  -7.3229
 -7.8812  -8.3896  -8.8985  -9.4059  -9.9112 -10.4149 -10.9174 -11.4190 -11.9201
  0.0000  -1.0707  -1.0707  -1.0707  -1.0707  -1.0707  -1.0707  -1.0707  -1.0708
 -1.0709  -1.0714  -1.0731  -1.0803  -1.1120  -1.2335  -1.5723  -2.1403  -2.7285
 -3.2591  -3.7582  -4.2415  -4.7161  -5.1866  -5.6604  -6.1522  -6.7015  -7.3258
 -7.8761  -8.3809  -8.8898  -9.3986  -9.9056 -10.4106 -10.9140 -11.4164 -11.9179
  0.0000  -1.0922  -1.0922  -1.0922  -1.0922  -1.0922  -1.0923  -1.0924  -1.0927
 -1.0935  -1.0956  -1.1008  -1.1143  -1.1499  -1.2474  -1.5069  -2.0507  -2.7030
 -3.2611  -3.7701  -4.2581  -4.7354  -5.2071  -5.6802  -6.1699  -6.7163  -7.3364
 -7.8787  -8.3777  -8.8845  -9.3935  -9.9017 -10.4080 -10.9124 -11.4154 -11.9174
  0.0000  -1.2485  -1.2483  -1.2480  -1.2472  -1.2451  -1.2400  -1.2277  -1.1999
 -1.1451  -1.0610  -0.9781  -0.9604  -1.0662  -1.3155  -1.6928  -2.1489  -2.6311
 -3.1162  -3.6022  -4.0932  -4.5938  -5.0998  -5.6525  -6.2804  -6.9018  -7.4087
 -7.9129  -8.4159  -8.9178  -9.4190  -9.9198 -10.4203 -10.9206 -11.4208 -11.9209
  0.0000  -1.2903  -1.2902  -1.2899  -1.2890  -1.2868  -1.2815  -1.2687  -1.2395
 -1.1809  -1.0884  -0.9918  -0.9587  -1.0538  -1.3002  -1.6848  -2.1552  -2.6465
 -3.1340  -3.6178  -4.1039  -4.5981  -5.0994  -5.6492  -6.2753  -6.8961  -7.4044
 -7.9100  -8.4138  -8.9164  -9.4181  -9.9192 -10.4199 -10.9203 -11.4206 -11.9208
  0.0000  -1.3034  -1.3033  -1.3030  -1.3022  -1.3003  -1.2955  -1.2839  -1.2571
 -1.2017  -1.1094  -1.0053  -0.9591  -1.0440  -1.2888  -1.6817  -2.1664  -2.6690
 -3.1601  -3.6424  -4.1236  -4.6098  -5.1040  -5.6487  -6.2710  -6.8896  -7.3992
 -7.9064  -8.4116  -8.9153  -9.4177  -9.9193 -10.4203 -10.9209 -11.4214 -11.9216
  0.0000  -1.2762  -1.2761  -1.2759  -1.2753  -1.2739  -1.2705  -1.2620  -1.2420
 -1.1988  -1.1208  -1.0210  -0.9638  -1.0352  -1.2766  -1.6775  -2.1775  -2.6916
 -3.1878  -3.6705  -4.1483  -4.6273  -5.1136  -5.6513  -6.2674  -6.8813  -7.3906
 -7.8994  -8.4064  -8.9114  -9.4149  -9.9173 -10.4188 -10.9198 -11.4204 -11.9208
  0.0000  -1.2180  -1.2180  -1.2178  -1.2175  -1.2168  -1.2148  -1.2101  -1.1985
 -1.1724  -1.1202  -1.0417  -0.9811  -1.0324  -1.2644  -1.6718  -2.1860  -2.7119
 -3.2142  -3.6994  -4.1764  -4.6508  -5.1305  -5.6613  -6.2703  -6.8767  -7.3828
 -7.8917  -8.4004  -8.9072  -9.4120  -9.9153 -10.4176 -10.9190 -11.4199 -11.9205
  0.0000  -1.1506  -1.1506  -1.1506  -1.1504  -1.1501  -1.1493  -1.1472  -1.1422
 -1.1303  -1.1045  -1.0590  -1.0120  -1.0407  -1.2489  -1.6565  -2.1865  -2.7252
 -3.2342  -3.7230  -4.2012  -4.6741  -5.1499  -5.6761  -6.2796  -6.8777  -7.3773
 -7.8841  -8.3932  -8.9015  -9.4079  -9.9122 -10.4154 -10.9174 -11.4186 -11.9194
  0.0000  -1.0996  -1.0996  -1.0996  -1.0996  -1.0995  -1.0992  -1.0986  -1.0971
 -1.0934  -1.0851  -1.0688  -1.0493  -1.0688  -1.2344  -1.6284  -2.1750  -2.7299
 -3.2464  -3.7391  -4.2193  -4.6927  -5.1673  -5.6921  -6.2935  -6.8856  -7.3775
 -7.8802  -8.3883  -8.8973  -9.4048  -9.9103 -10.4140 -10.9167 -11.4183 -11.9194
  0.0000  -1.2130  -1.2128  -1.2126  -1.2119  -1.2101  -1.2058  -1.1955  -1.1721
 -1.1260  -1.0547  -0.9844  -0.9728  -1.0773  -1.3193  -1.6851  -2.1304  -2.6082
 -3.0956  -3.5882  -4.0896  -4.6438  -5.2287  -5.8887  -6.4015  -6.9081  -7.4126
 -7.9159  -8.4179  -8.9192  -9.4200  -9.9205 -10.4209 -10.9211 -11.4212 -11.9213
  0.0000  -1.2722  -1.2721  -1.2718  -1.2709  -1.2688  -1.2637  -1.2514  -1.2236
 -1.1689  -1.0844  -0.9979  -0.9714  -1.0653  -1.3038  -1.6750  -2.1313  -2.6166
 -3.1054  -3.5954  -4.0933  -4.6438  -5.2258  -5.8836  -6.3969  -6.9047  -7.4103
 -7.9142  -8.4168  -8.9185  -9.4196  -9.9203 -10.4207 -10.9210 -11.4212 -11.9213
  0.0000  -1.3204  -1.3203  -1.3199  -1.3189  -1.3165  -1.3106  -1.2964  -1.2644
 -1.2016  -1.1047  -1.0044  -0.9663  -1.0537  -1.2921  -1.6714  -2.1410  -2.6347
 -3.1244  -3.6108  -4.1030  -4.6470  -5.2239  -5.8773  -6.3902  -6.8991  -7.4063
 -7.9113  -8.4148  -8.9172  -9.4187  -9.9197 -10.4203 -10.9207 -11.4209 -11.9211
  0.0000  -1.3481  -1.3480  -1.3476  -1.3466  -1.3441  -1.3379  -1.3231  -1.2895
 -1.2230  -1.1190  -1.0089  -0.9613  -1.0434  -1.2825  -1.6705  -2.1541  -2.6572
 -3.1494  -3.6331  -4.1195  -4.6563  -5.2262  -5.8728  -6.3827  -6.8918  -7.4004
 -7.9071  -8.4118  -8.9151  -9.4173  -9.9187 -10.4196 -10.9202 -11.4205 -11.9208
  0.0000  -1.3439  -1.3438  -1.3435  -1.3426  -1.3404  -1.3350  -1.3220  -1.2920
 -1.2306  -1.1299  -1.0165  -0.9606  -1.0358  -1.2746  -1.6702  -2.1670  -2.6799
 -3.1758  -3.6589  -4.1414  -4.6726  -5.2356  -5.8745  -6.3777  -6.8846  -7.3938
 -7.9022  -8.4085  -8.9128  -9.4160  -9.9180 -10.4192 -10.9200 -11.4206 -11.9209
  0.0000  -1.3032  -1.3031  -1.3029  -1.3023  -1.3008  -1.2970  -1.2878  -1.2661
 -1.2196  -1.1363  -1.0308  -0.9678  -1.0321  -1.2670  -1.6678  -2.1762  -2.6980
 -3.1983  -3.6827  -4.1637  -4.6924  -5.2510  -5.8838  -6.3777  -6.8799  -7.3879
 -7.8971  -8.4049  -8.9106  -9.4144  -9.9173 -10.4190 -10.9201 -11.4208 -11.9213
  0.0000  -1.2367  -1.2367  -1.2365  -1.2362  -1.2354  -1.2333  -1.2282  -1.2158
 -1.1879  -1.1326  -1.0502  -0.9864  -1.0332  -1.2577  -1.6599  -2.1776  -2.7074
 -3.2119  -3.6983  -4.1796  -4.7084  -5.2658  -5.8962  -6.3818  -6.8780  -7.3834
 -7.8922  -8.4008  -8.9076  -9.4124  -9.9156 -10.4179 -10.9193 -11.4202 -11.9208
  0.0000  -1.1687  -1.1686  -1.1684  -1.1678  -1.1665  -1.1633  -1.1556  -1.1378
 -1.1020  -1.0451  -0.9878  -0.9826  -1.0859  -1.3223  -1.6796  -2.1174  -2.5933
 -3.0862  -3.6011  -4.1696  -4.8202  -5.3876  -5.8977  -6.4054  -6.9107  -7.4143
 -7.9167  -8.4182  -8.9192  -9.4198  -9.9202 -10.4204 -10.9206 -11.4207 -11.9207
  0.0000  -1.2286  -1.2285  -1.2283  -1.2277  -1.2261  -1.2223  -1.2130  -1.1919
 -1.1493  -1.0808  -1.0078  -0.9859  -1.0757  -1.3048  -1.6636  -2.1095  -2.5919
 -3.0869  -3.6015  -4.1691  -4.8184  -5.3846  -5.8949  -6.4033  -6.9093  -7.4133
 -7.9162  -8.4180  -8.9191  -9.4198  -9.9203 -10.4206 -10.9207 -11.4209 -11.9209
  0.0000  -1.2817  -1.2816  -1.2813  -1.2805  -1.2786  -1.2739  -1.2625  -1.2368
 -1.1854  -1.1039  -1.0163  -0.9821  -1.0649  -1.2930  -1.6582  -2.1145  -2.6031
 -3.0980  -3.6089  -4.1724  -4.8167  -5.3795  -5.8894  -6.3987  -6.9060  -7.4111
 -7.9146  -8.4170  -8.9184  -9.4194  -9.9200 -10.4204 -10.9206 -11.4208 -11.9209
  0.0000  -1.3256  -1.3255  -1.3251  -1.3242  -1.3219  -1.3163  -1.3029  -1.2726
 -1.2128  -1.1192  -1.0193  -0.9760  -1.0546  -1.2840  -1.6575  -2.1263  -2.6220
 -3.1168  -3.6236  -4.1821  -4.8191  -5.3754  -5.8829  -6.3925  -6.9011  -7.4077
 -7.9122  -8.4154  -8.9175  -9.4189  -9.9197 -10.4202 -10.9206 -11.4208 -11.9209
  0.0000  -1.3529  -1.3527  -1.3523  -1.3513  -1.3489  -1.3428  -1.3282  -1.2954
 -1.2305  -1.1293  -1.0209  -0.9707  -1.0455  -1.2761  -1.6576  -2.1389  -2.6425
 -3.1387  -3.6429  -4.1973  -4.8277  -5.3752  -5.8773  -6.3855  -6.8948  -7.4029
 -7.9089  -8.4129  -8.9159  -9.4177  -9.9188 -10.4196 -10.9200 -11.4203 -11.9205
  0.0000  -1.3558  -1.3557  -1.3553  -1.3544  -1.3521  -1.3463  -1.3326  -1.3013
 -1.2383  -1.1373  -1.0257  -0.9698  -1.0399  -1.2697  -1.6568  -2.1489  -2.6602
 -3.1591  -3.6628  -4.2157  -4.8425  -5.3812  -5.8757  -6.3804  -6.8893  -7.3983
 -7.9056  -8.4108  -8.9142  -9.4168  -9.9184 -10.4193 -10.9200 -11.4204 -11.9206
  0.0000  -1.3297  -1.3296  -1.3293  -1.3286  -1.3268  -1.3223  -1.3114  -1.2862
 -1.2333  -1.1431  -1.0355  -0.9749  -1.0374  -1.2632  -1.6525  -2.1523  -2.6700
 -3.1718  -3.6766  -4.2302  -4.8570  -5.3899  -5.8777  -6.3779  -6.8851  -7.3942
 -7.9023  -8.4084  -8.9126  -9.4156  -9.9174 -10.4186 -10.9194 -11.4199 -11.9202
  0.0000  -1.1238  -1.1237  -1.1235  -1.1231  -1.1221  -1.1196  -1.1134  -1.0994
 -1.0708  -1.0248  -0.9795  -0.9833  -1.0909  -1.3277  -1.6821  -2.1166  -2.5988
 -3.1337  -3.7418  -4.3680  -4.8801  -5.3916  -5.9011  -6.4080  -6.9127  -7.4159
 -7.9180  -8.4193  -8.9201  -9.4206  -9.9210 -10.4212 -10.9213 -11.4214 -11.9215
  0.0000  -1.1841  -1.1840  -1.1838  -1.1834  -1.1822  -1.1795  -1.1728  -1.1574
 -1.1254  -1.0719  -1.0125  -0.9958  -1.0824  -1.3039  -1.6534  -2.0931  -2.5833
 -3.1249  -3.7375  -4.3591  -4.8798  -5.3915  -5.9009  -6.4079  -6.9125  -7.4157
 -7.9178  -8.4191  -8.9199  -9.4205  -9.9208 -10.4210 -10.9211 -11.4212 -11.9213
  0.0000  -1.2343  -1.2342  -1.2340  -1.2335  -1.2322  -1.2289  -1.2209  -1.2024
 -1.1643  -1.1004  -1.0273  -0.9973  -1.0739  -1.2909  -1.6430  -2.0900  -2.5854
 -3.1282  -3.7401  -4.3588  -4.8768  -5.3879  -5.8979  -6.4057  -6.9112  -7.4148
 -7.9174  -8.4189  -8.9199  -9.4206  -9.9210 -10.4212 -10.9214 -11.4215 -11.9215
  0.0000  -1.2763  -1.2762  -1.2759  -1.2753  -1.2737  -1.2697  -1.2601  -1.2382
 -1.1931  -1.1185  -1.0332  -0.9931  -1.0645  -1.2816  -1.6400  -2.0968  -2.5974
 -3.1398  -3.7491  -4.3616  -4.8735  -5.3825  -5.8927  -6.4016  -6.9083  -7.4128
 -7.9160  -8.4181  -8.9194  -9.4202  -9.9207 -10.4211 -10.9213 -11.4214 -11.9215
  0.0000  -1.3063  -1.3061  -1.3059  -1.3051  -1.3033  -1.2988  -1.2880  -1.2633
 -1.2129  -1.1302  -1.0358  -0.9883  -1.0558  -1.2736  -1.6392  -2.1066  -2.6135
 -3.1563  -3.7642  -4.3698  -4.8727  -5.3773  -5.8866  -6.3963  -6.9042  -7.4100
 -7.9138  -8.4166  -8.9183  -9.4194  -9.9201 -10.4206 -10.9209 -11.4210 -11.9212
  0.0000  -1.3194  -1.3193  -1.3190  -1.3182  -1.3164  -1.3118  -1.3008  -1.2755
 -1.2238  -1.1383  -1.0394  -0.9865  -1.0496  -1.2665  -1.6373  -2.1144  -2.6280
 -3.1725  -3.7817  -4.3827  -4.8761  -5.3748  -5.8815  -6.3910  -6.8999  -7.4068
 -7.9116  -8.4150  -8.9171  -9.4185  -9.9194 -10.4200 -10.9203 -11.4206 -11.9207
  0.0000  -1.3147  -1.3146  -1.3143  -1.3137  -1.3120  -1.3080  -1.2981  -1.2753
 -1.2277  -1.1465  -1.0486  -0.9917  -1.0486  -1.2613  -1.6339  -2.1181  -2.6375
 -3.1843  -3.7966  -4.3966  -4.8835  -5.3769  -5.8805  -6.3890  -6.8981  -7.4056
 -7.9112  -8.4148  -8.9175  -9.4192  -9.9202 -10.4209 -10.9213 -11.4216 -11.9218
 -1.0000  -1.1355  -1.1354  -1.1353  -1.1350  -1.1341  -1.1320  -1.1270  -1.1152
 -1.0904  -1.0478  -1.0001  -0.9909  -1.0793  -1.2993  -1.6492  -2.1122  -2.6730
 -3.3145  -3.8513  -4.3707  -4.8836  -5.3949  -5.9035  -6.4095  -6.9134  -7.4163
 -7.9180  -8.4191  -8.9198  -9.4202  -9.9205 -10.4207 -10.9208 -11.4208 -11.9209
  0.0000  -1.1354  -1.1354  -1.1353  -1.1350  -1.1341  -1.1320  -1.1270  -1.1152
 -1.0904  -1.0478  -1.0001  -0.9909  -1.0793  -1.2993  -1.6492  -2.1122  -2.6730
 -3.3145  -3.8513  -4.3707  -4.8836  -5.3949  -5.9035  -6.4095  -6.9134  -7.4163
 -7.9180  -8.4191  -8.9198  -9.4202  -9.9205 -10.4207 -10.9208 -11.4208 -11.9209
  0.0000  -1.1839  -1.1838  -1.1837  -1.1833  -1.1824  -1.1800  -1.1745  -1.1616
 -1.1340  -1.0854  -1.0265  -1.0016  -1.0736  -1.2816  -1.6277  -2.0953  -2.6638
 -3.3130  -3.8510  -4.3700  -4.8828  -5.3942  -5.9031  -6.4093  -6.9134  -7.4164
 -7.9182  -8.4193  -8.9200  -9.4205  -9.9208 -10.4209 -10.9211 -11.4211 -11.9212
  0.0000  -1.2210  -1.2210  -1.2208  -1.2204  -1.2193  -1.2167  -1.2103  -1.1954
 -1.1635  -1.1076  -1.0382  -1.0023  -1.0661  -1.2706  -1.6191  -2.0940  -2.6693
 -3.3221  -3.8532  -4.3678  -4.8788  -5.3902  -5.8998  -6.4069  -6.9117  -7.4151
 -7.9172  -8.4186  -8.9195  -9.4200  -9.9204 -10.4206 -10.9207 -11.4208 -11.9209
  0.0000  -1.2476  -1.2475  -1.2473  -1.2469  -1.2457  -1.2428  -1.2358  -1.2194
 -1.1843  -1.1225  -1.0452  -1.0013  -1.0592  -1.2624  -1.6156  -2.0996  -2.6826
 -3.3391  -3.8602  -4.3653  -4.8751  -5.3857  -5.8959  -6.4041  -6.9098  -7.4136
 -7.9164  -8.4181  -8.9192  -9.4199  -9.9203 -10.4206 -10.9208 -11.4209 -11.9209
  0.0000  -1.2604  -1.2603  -1.2601  -1.2596  -1.2585  -1.2556  -1.2485  -1.2320
 -1.1965  -1.1332  -1.0522  -1.0024  -1.0545  -1.2551  -1.6120  -2.1047  -2.6960
 -3.3578  -3.8702  -4.3680  -4.8733  -5.3820  -5.8922  -6.4011  -6.9077  -7.4123
 -7.9155  -8.4175  -8.9188  -9.4196  -9.9201 -10.4205 -10.9207 -11.4208 -11.9209
  0.0000  -1.2591  -1.2590  -1.2588  -1.2584  -1.2574  -1.2548  -1.2486  -1.2338
 -1.2015  -1.1421  -1.0626  -1.0090  -1.0537  -1.2482  -1.6051  -2.1041  -2.7028
 -3.3708  -3.8791  -4.3724  -4.8739  -5.3806  -5.8901  -6.3992  -6.9063  -7.4113
 -7.9147  -8.4171  -8.9186  -9.4195  -9.9201 -10.4205 -10.9207 -11.4209 -11.9210
 -2.0000  -1.1140  -1.1140  -1.1139  -1.1136  -1.1130  -1.1113  -1.1073  -1.0978
 -1.0771  -1.0397  -0.9931  -0.9762  -1.0521  -1.2755  -1.6734  -2.2358  -2.8202
 -3.3438  -3.8590  -4.3740  -4.8871  -5.3978  -5.9056  -6.4109  -6.9145  -7.4168
 -7.9182  -8.4192  -8.9197  -9.4201  -9.9204 -10.4205 -10.9206 -11.4207 -11.9207
 -1.0000  -1.1140  -1.1140  -1.1139  -1.1136  -1.1130  -1.1113  -1.1073  -1.0978
 -1.0771  -1.0397  -0.9931  -0.9762  -1.0521  -1.2755  -1.6734  -2.2358  -2.8202
 -3.3438  -3.8590  -4.3740  -4.8871  -5.3978  -5.9056  -6.4109  -6.9145  -7.4168
 -7.9182  -8.4192  -8.9197  -9.4201  -9.9204 -10.4205 -10.9206 -11.4207 -11.9207
  0.0000  -1.1140  -1.1140  -1.1139  -1.1136  -1.1130  -1.1113  -1.1073  -1.0978
 -1.0771  -1.0397  -0.9931  -0.9762  -1.0521  -1.2755  -1.6734  -2.2358  -2.8202
 -3.3438  -3.8590  -4.3740  -4.8871  -5.3978  -5.9056  -6.4109  -6.9145  -7.4168
 -7.9182  -8.4192  -8.9197  -9.4201  -9.9204 -10.4205 -10.9206 -11.4207 -11.9207
  0.0000  -1.1469  -1.1468  -1.1467  -1.1465  -1.1458  -1.1441  -1.1399  -1.1299
 -1.1081  -1.0674  -1.0135  -0.9843  -1.0463  -1.2594  -1.6552  -2.2268  -2.8193
 -3.3436  -3.8581  -4.3726  -4.8856  -5.3965  -5.9046  -6.4101  -6.9137  -7.4163
 -7.9178  -8.4188  -8.9194  -9.4198  -9.9200 -10.4202 -10.9203 -11.4203 -11.9204
  0.0000  -1.1684  -1.1684  -1.1682  -1.1680  -1.1672  -1.1655  -1.1612  -1.1508
 -1.1279  -1.0846  -1.0252  -0.9878  -1.0404  -1.2486  -1.6470  -2.2319  -2.8287
 -3.3480  -3.8583  -4.3703  -4.8826  -5.3938  -5.9025  -6.4086  -6.9126  -7.4155
 -7.9172  -8.4183  -8.9190  -9.4195  -9.9198 -10.4199 -10.9201 -11.4201 -11.9202
  0.0000  -1.1791  -1.1790  -1.1789  -1.1786  -1.1779  -1.1763  -1.1721  -1.1621
 -1.1400  -1.0971  -1.0357  -0.9921  -1.0369  -1.2396  -1.6399  -2.2382  -2.8400
 -3.3547  -3.8603  -4.3692  -4.8803  -5.3914  -5.9006  -6.4072  -6.9117  -7.4149
 -7.9168  -8.4181  -8.9189  -9.4194  -9.9197 -10.4199 -10.9200 -11.4201 -11.9202
  0.0000  -1.1798  -1.1798  -1.1797  -1.1795  -1.1789  -1.1775  -1.1740  -1.1654
 -1.1460  -1.1075  -1.0490  -1.0023  -1.0377  -1.2313  -1.6289  -2.2363  -2.8457
 -3.3597  -3.8634  -4.3702  -4.8800  -5.3907  -5.8999  -6.4068  -6.9115  -7.4147
 -7.9169  -8.4182  -8.9191  -9.4196  -9.9200 -10.4202 -10.9203 -11.4204 -11.9205
 -2.0000  -0.9825  -0.9824  -0.9824  -0.9821  -0.9816  -0.9803  -0.9769  -0.9691
 -0.9522  -0.9227  -0.8917  -0.9070  -1.0480  -1.3707  -1.8573  -2.3642  -2.8594
 -3.3583  -3.8657  -4.3766  -4.8886  -5.3990  -5.9067  -6.4120  -6.9156  -7.4180
 -7.9195  -8.4204  -8.9210  -9.4214  -9.9216 -10.4218 -10.9219 -11.4219 -11.9220
 -1.0000  -0.9825  -0.9824  -0.9824  -0.9821  -0.9816  -0.9803  -0.9769  -0.9691
 -0.9522  -0.9227  -0.8917  -0.9070  -1.0480  -1.3707  -1.8573  -2.3642  -2.8594
 -3.3583  -3.8657  -4.3766  -4.8886  -5.3990  -5.9067  -6.4120  -6.9156  -7.4180
 -7.9195  -8.4204  -8.9210  -9.4214  -9.9216 -10.4218 -10.9219 -11.4219 -11.9220
  0.0000  -0.9825  -0.9824  -0.9824  -0.9821  -0.9816  -0.9803  -0.9769  -0.9691
 -0.9522  -0.9227  -0.8917  -0.9070  -1.0480  -1.3707  -1.8573  -2.3642  -2.8594
 -3.3583  -3.8657  -4.3766  -4.8886  -5.3990  -5.9067  -6.4120  -6.9156  -7.4180
 -7.9195  -8.4204  -8.9210  -9.4214  -9.9216 -10.4218 -10.9219 -11.4219 -11.9220
  0.0000  -1.0093  -1.0093  -1.0092  -1.0090  -1.0086  -1.0075  -1.0047  -0.9982
 -0.9837  -0.9567  -0.9235  -0.9246  -1.0411  -1.3384  -1.8132  -2.3330  -2.8424
 -3.3519  -3.8660  -4.3799  -4.8925  -5.4023  -5.9092  -6.4136  -6.9169  -7.4188
 -7.9200  -8.4208  -8.9213  -9.4216  -9.9218 -10.4219 -10.9220 -11.4221 -11.9221
  0.0000  -1.0197  -1.0197  -1.0196  -1.0194  -1.0190  -1.0180  -1.0155  -1.0096
 -0.9962  -0.9703  -0.9358  -0.9304  -1.0358  -1.3258  -1.8037  -2.3291  -2.8411
 -3.3516  -3.8661  -4.3800  -4.8926  -5.4024  -5.9093  -6.4138  -6.9169  -7.4189
 -7.9201  -8.4209  -8.9214  -9.4217  -9.9219 -10.4220 -10.9221 -11.4222 -11.9222
  0.0000  -1.0218  -1.0218  -1.0217  -1.0216  -1.0212  -1.0204  -1.0183  -1.0131
 -1.0014  -0.9781  -0.9451  -0.9359  -1.0318  -1.3162  -1.8001  -2.3304  -2.8431
 -3.3528  -3.8664  -4.3798  -4.8922  -5.4020  -5.9090  -6.4136  -6.9169  -7.4189
 -7.9202  -8.4210  -8.9215  -9.4218  -9.9220 -10.4221 -10.9222 -11.4223 -11.9223
  0.0000  -1.0195  -1.0195  -1.0194  -1.0194  -1.0191  -1.0185  -1.0169  -1.0130
 -1.0043  -0.9861  -0.9585  -0.9477  -1.0305  -1.3028  -1.7886  -2.3266  -2.8431
 -3.3540  -3.8677  -4.3806  -4.8926  -5.4022  -5.9091  -6.4137  -6.9168  -7.4189
 -7.9202  -8.4210  -8.9215  -9.4218  -9.9220 -10.4221 -10.9222 -11.4223 -11.9223
 -4.0000  -0.8629  -0.8629  -0.8629  -0.8630  -0.8629  -0.8629  -0.8628  -0.8627
 -0.8625  -0.8639  -0.8749  -0.9284  -1.0938  -1.4189  -1.8591  -2.3439  -2.8458
 -3.3527  -3.8671  -4.3813  -4.8929  -5.4013  -5.9070  -6.4107  -6.9133  -7.4148
 -7.9158  -8.4164  -8.9168  -9.4170  -9.9172 -10.4173 -10.9173 -11.4174 -11.9174
 -3.0000  -0.8629  -0.8629  -0.8629  -0.8630  -0.8629  -0.8629  -0.8628  -0.8627
 -0.8625  -0.8639  -0.8749  -0.9284  -1.0938  -1.4189  -1.8591  -2.3439  -2.8458
 -3.3527  -3.8671  -4.3813  -4.8929  -5.4013  -5.9070  -6.4107  -6.9133  -7.4148
 -7.9158  -8.4164  -8.9168  -9.4170  -9.9172 -10.4173 -10.9173 -11.4174 -11.9174
 -2.0000  -0.8629  -0.8629  -0.8629  -0.8630  -0.8629  -0.8629  -0.8628  -0.8627
 -0.8625  -0.8639  -0.8749  -0.9284  -1.0938  -1.4189  -1.8591  -2.3439  -2.8458
 -3.3527  -3.8671  -4.3813  -4.8929  -5.4013  -5.9070  -6.4107  -6.9133  -7.4148
 -7.9158  -8.4164  -8.9168  -9.4170  -9.9172 -10.4173 -10.9173 -11.4174 -11.9174
 -1.0000  -0.8629  -0.8629  -0.8629  -0.8630  -0.8629  -0.8629  -0.8628  -0.8627
 -0.8625  -0.8639  -0.8749  -0.9284  -1.0938  -1.4189  -1.8591  -2.3439  -2.8458
 -3.3527  -3.8671  -4.3813  -4.8929  -5.4013  -5.9070  -6.4107  -6.9133  -7.4148
 -7.9158  -8.4164  -8.9168  -9.4170  -9.9172 -10.4173 -10.9173 -11.4174 -11.9174
  0.0000  -0.8629  -0.8629  -0.8629  -0.8630  -0.8629  -0.8629  -0.8628  -0.8627
 -0.8625  -0.8639  -0.8749  -0.9284  -1.0938  -1.4189  -1.8591  -2.3439  -2.8458
 -3.3527  -3.8671  -4.3813  -4.8929  -5.4013  -5.9070  -6.4107  -6.9133  -7.4148
 -7.9158  -8.4164  -8.9168  -9.4170  -9.9172 -10.4173 -10.9173 -11.4174 -11.9174
  0.0000  -0.8750  -0.8749  -0.8749  -0.8749  -0.8750  -0.8751  -0.8754  -0.8763
 -0.8782  -0.8831  -0.8954  -0.9380  -1.0823  -1.3957  -1.8403  -2.3339  -2.8425
 -3.3530  -3.8689  -4.3833  -4.8944  -5.4024  -5.9076  -6.4111  -6.9134  -7.4148
 -7.9157  -8.4162  -8.9166  -9.4168  -9.9169 -10.4170 -10.9171 -11.4171 -11.9171
  0.0000  -0.8896  -0.8896  -0.8896  -0.8897  -0.8898  -0.8900  -0.8907  -0.8923
 -0.8958  -0.9038  -0.9179  -0.9498  -1.0700  -1.3710  -1.8221  -2.3256  -2.8409
 -3.3544  -3.8713  -4.3855  -4.8961  -5.4035  -5.9084  -6.4115  -6.9136  -7.4149
 -7.9157  -8.4162  -8.9165  -9.4167  -9.9168 -10.4169 -10.9170 -11.4170 -11.9170
 -4.0000  -0.8134  -0.8134  -0.8134  -0.8135  -0.8136  -0.8141  -0.8152  -0.8177
 -0.8235  -0.8350  -0.8603  -0.9337  -1.1191  -1.4469  -1.8757  -2.3452  -2.8438
 -3.3529  -3.8661  -4.3794  -4.8904  -5.3985  -5.9039  -6.4075  -6.9099  -7.4114
 -7.9124  -8.4130  -8.9133  -9.4136  -9.9137 -10.4138 -10.9139 -11.4139 -11.9139
 -3.0000  -0.8134  -0.8134  -0.8134  -0.8135  -0.8136  -0.8141  -0.8152  -0.8177
 -0.8235  -0.8350  -0.8603  -0.9337  -1.1191  -1.4469  -1.8757  -2.3452  -2.8438
 -3.3529  -3.8661  -4.3794  -4.8904  -5.3985  -5.9039  -6.4075  -6.9099  -7.4114
 -7.9124  -8.4130  -8.9133  -9.4136  -9.9137 -10.4138 -10.9139 -11.4139 -11.9139
 -2.0000  -0.8134  -0.8134  -0.8134  -0.8135  -0.8136  -0.8141  -0.8152  -0.8177
 -0.8235  -0.8350  -0.8603  -0.9337  -1.1191  -1.4469  -1.8757  -2.3452  -2.8438
 -3.3529  -3.8661  -4.3794  -4.8904  -5.3985  -5.9039  -6.4075  -6.9099  -7.4114
 -7.9124  -8.4130  -8.9133  -9.4136  -9.9137 -10.4138 -10.9139 -11.4139 -11.9139
 -1.0000  -0.8134  -0.8134  -0.8134  -0.8135  -0.8136  -0.8141  -0.8152  -0.8177
 -0.8235  -0.8350  -0.8603  -0.9337  -1.1191  -1.4469  -1.8757  -2.3452  -2.8438
 -3.3529  -3.8661  -4.3794  -4.8904  -5.3985  -5.9039  -6.4075  -6.9099  -7.4114
 -7.9124  -8.4130  -8.9133  -9.4136  -9.9137 -10.4138 -10.9139 -11.4139 -11.9139
  0.0000  -0.8134  -0.8134  -0.8134  -0.8135  -0.8136  -0.8141  -0.8152  -0.8177
 -0.8235  -0.8350  -0.8603  -0.9337  -1.1191  -1.4469  -1.8757  -2.3452  -2.8438
 -3.3529  -3.8661  -4.3794  -4.8904  -5.3985  -5.9039  -6.4075  -6.9099  -7.4114
 -7.9124  -8.4130  -8.9133  -9.4136  -9.9137 -10.4138 -10.9139 -11.4139 -11.9139
  0.0000  -0.8843  -0.8843  -0.8844  -0.8844  -0.8845  -0.8847  -0.8852  -0.8864
 -0.8893  -0.8942  -0.9039  -0.9420  -1.0800  -1.3864  -1.8278  -2.3189  -2.8350
 -3.3544  -3.8720  -4.3858  -4.8957  -5.4022  -5.9065  -6.4093  -6.9110  -7.4121
 -7.9127  -8.4131  -8.9134  -9.4136  -9.9137 -10.4137 -10.9138 -11.4138 -11.9138
  0.0000  -0.9432  -0.9432  -0.9432  -0.9432  -0.9432  -0.9432  -0.9431  -0.9430
 -0.9428  -0.9416  -0.9389  -0.9508  -1.0517  -1.3434  -1.7988  -2.3070  -2.8337
 -3.3578  -3.8765  -4.3897  -4.8986  -5.4042  -5.9077  -6.4100  -6.9114  -7.4122
 -7.9128  -8.4131  -8.9133  -9.4134  -9.9135 -10.4136 -10.9136 -11.4136 -11.9136
nl= 4 nu= 7
  0.0000  -2.1569  -2.1569  -2.1569  -2.1569  -2.1569  -2.1569  -2.1569  -2.1569
 -2.1570  -2.1571  -2.1573  -2.1580  -2.1596  -2.1636  -2.1737  -2.1990  -2.2627
 -2.4224  -2.8223  -3.8080  -5.4709  -6.0743  -6.5662  -7.0467  -7.5284  -8.0168
 -8.5124  -9.0137  -9.5177 -10.0240 -10.5301 -11.0346 -11.5523 -12.0700 -12.5659
  0.0000  -2.3048  -2.3048  -2.3048  -2.3048  -2.3048  -2.3048  -2.3048  -2.3048
 -2.3049  -2.3049  -2.3050  -2.3054  -2.3062  -2.3082  -2.3133  -2.3260  -2.3581
 -2.4386  -2.6406  -3.1467  -4.3908  -6.0499  -6.5860  -7.0723  -7.5504  -8.0305
 -8.5175  -9.0122  -9.5129 -10.0185 -10.5253 -11.0309 -11.5495 -12.0681 -12.5653
  0.0000  -2.4567  -2.4567  -2.4567  -2.4567  -2.4567  -2.4567  -2.4567  -2.4567
 -2.4567  -2.4567  -2.4568  -2.4569  -2.4574  -2.4584  -2.4609  -2.4673  -2.4834
 -2.5238  -2.6254  -2.8802  -3.5188  -5.0771  -6.5890  -7.1000  -7.5821  -8.0580
 -8.5365  -9.0218  -9.5153 -10.0168 -10.5226 -11.0288 -11.5485 -12.0682 -12.5661
  0.0000  -2.5908  -2.5908  -2.5908  -2.5908  -2.5908  -2.5908  -2.5908  -2.5908
 -2.5908  -2.5908  -2.5908  -2.5909  -2.5911  -2.5916  -2.5929  -2.5961  -2.6042
 -2.6244  -2.6753  -2.8031  -3.1240  -3.9283  -5.8531  -7.0955  -7.5954  -8.0741
 -8.5481  -9.0249  -9.5083 -10.0018 -10.5029 -11.0076 -11.5276 -12.0476 -12.5438
  0.0000  -2.7543  -2.7543  -2.7543  -2.7543  -2.7543  -2.7543  -2.7543  -2.7543
 -2.7543  -2.7543  -2.7544  -2.7544  -2.7545  -2.7548  -2.7554  -2.7570  -2.7610
 -2.7712  -2.7967  -2.8607  -3.0214  -3.4251  -4.4368  -6.7288  -7.6262  -8.1190
 -8.5954  -9.0678  -9.5428 -10.0261 -10.5184 -11.0176 -11.5354 -12.0531 -12.5432
  0.0000  -2.9166  -2.9166  -2.9166  -2.9166  -2.9166  -2.9166  -2.9166  -2.9166
 -2.9166  -2.9166  -2.9166  -2.9166  -2.9167  -2.9168  -2.9171  -2.9179  -2.9199
 -2.9250  -2.9378  -2.9698  -3.0502  -3.2523  -3.7598  -5.0313  -7.5271  -8.1513
 -8.6391  -9.1137  -9.5849 -10.0605 -10.5428 -11.0329 -11.5445 -12.0562 -12.5356
  0.0000  -3.0568  -3.0568  -3.0568  -3.0568  -3.0568  -3.0568  -3.0568  -3.0568
 -3.0568  -3.0568  -3.0568  -3.0568  -3.0568  -3.0569  -3.0570  -3.0574  -3.0585
 -3.0610  -3.0674  -3.0834  -3.1236  -3.2247  -3.4787  -4.1164  -5.7127  -8.1242
 -8.6494  -9.1333  -9.6066 -10.0792 -10.5546 -11.0355 -11.5384 -12.0413 -12.5119
  0.0000  -1.8341  -1.8341  -1.8341  -1.8341  -1.8342  -1.8342  -1.8342  -1.8343
 -1.8344  -1.8349  -1.8360  -1.8389  -1.8461  -1.8641  -1.9093  -2.0226  -2.3056
 -2.9979  -4.3373  -5.0782  -5.5816  -6.0631  -6.5415  -7.0243  -7.5147  -8.0124
 -8.5148  -9.0209  -9.5256 -10.0320 -10.5377 -11.1356 -11.8253 -12.5150 -13.0970
  0.0000  -1.9808  -1.9808  -1.9808  -1.9808  -1.9808  -1.9809  -1.9809  -1.9809
 -1.9810  -1.9812  -1.9818  -1.9833  -1.9869  -1.9961  -2.0192  -2.0772  -2.2226
 -2.5859  -3.4746  -4.9747  -5.5971  -6.0914  -6.5698  -7.0466  -7.5284  -8.0179
 -8.5149  -9.0187  -9.5234 -10.0306 -10.5374 -11.1357 -11.8253 -12.5149 -13.0973
  0.0000  -2.1234  -2.1234  -2.1234  -2.1234  -2.1234  -2.1234  -2.1234  -2.1234
 -2.1235  -2.1236  -2.1239  -2.1246  -2.1265  -2.1311  -2.1428  -2.1722  -2.2459
 -2.4309  -2.8935  -4.0221  -5.5574  -6.1069  -6.5949  -7.0710  -7.5462  -8.0266
 -8.5149  -9.0126  -9.5144 -10.0214 -10.5291 -11.1278 -11.8171 -12.5064 -13.0893
  0.0000  -2.2681  -2.2681  -2.2681  -2.2681  -2.2681  -2.2681  -2.2681  -2.2681
 -2.2681  -2.2682  -2.2683  -2.2687  -2.2696  -2.2720  -2.2778  -2.2926  -2.3298
 -2.4231  -2.6573  -3.2432  -4.6618  -6.0971  -6.6159  -7.0994  -7.5734  -8.0472
 -8.5260  -9.0143  -9.5094 -10.0130 -10.5201 -11.1185 -11.8072 -12.4959 -13.0786
  0.0000  -2.4244  -2.4244  -2.4244  -2.4244  -2.4244  -2.4244  -2.4244  -2.4244
 -2.4244  -2.4244  -2.4245  -2.4247  -2.4251  -2.4263  -2.4293  -2.4367  -2.4554
 -2.5022  -2.6200  -2.9155  -3.6552  -5.4116  -6.6287  -7.1341  -7.6143  -8.0868
 -8.5592  -9.0381  -9.5233 -10.0194 -10.5226 -11.1188 -11.8053 -12.4918 -13.0727
  0.0000  -2.5724  -2.5724  -2.5724  -2.5724  -2.5724  -2.5724  -2.5724  -2.5724
 -2.5725  -2.5725  -2.5725  -2.5726  -2.5728  -2.5734  -2.5749  -2.5786  -2.5880
 -2.6115  -2.6705  -2.8188  -3.1909  -4.1227  -6.2254  -7.1436  -7.6410  -8.1189
 -8.5903  -9.0635  -9.5397 -10.0260 -10.5213 -11.1121 -11.7936 -12.4751 -13.0510
  0.0000  -2.7361  -2.7361  -2.7361  -2.7361  -2.7361  -2.7361  -2.7361  -2.7361
 -2.7361  -2.7361  -2.7361  -2.7362  -2.7363  -2.7366  -2.7373  -2.7392  -2.7439
 -2.7556  -2.7852  -2.8595  -3.0460  -3.5142  -4.6861  -7.0132  -7.6677  -8.1592
 -8.6352  -9.1079  -9.5791 -10.0574 -10.5434 -11.1266 -11.8005 -12.4743 -13.0438
  0.0000  -1.5330  -1.5330  -1.5330  -1.5330  -1.5331  -1.5331  -1.5332  -1.5335
 -1.5343  -1.5362  -1.5409  -1.5529  -1.5830  -1.6581  -1.8449  -2.2972  -3.2299
 -4.0647  -4.5940  -5.0819  -5.5595  -6.0380  -6.5225  -7.0150  -7.5143  -8.0177
 -8.5242  -9.0311  -9.5376 -10.0844 -10.7668 -11.3335 -11.8348 -12.3361 -12.8783
  0.0000  -1.6632  -1.6632  -1.6632  -1.6633  -1.6633  -1.6633  -1.6634  -1.6635
 -1.6639  -1.6649  -1.6674  -1.6738  -1.6898  -1.7298  -1.8300  -2.0794  -2.6836
 -3.8418  -4.5917  -5.1021  -5.5844  -6.0598  -6.5371  -7.0210  -7.5130  -8.0119
 -8.5171  -9.0243  -9.5317 -10.0793 -10.7615 -11.3289 -11.8310 -12.3331 -12.8764
  0.0000  -1.8040  -1.8040  -1.8040  -1.8040  -1.8040  -1.8040  -1.8040  -1.8041
 -1.8043  -1.8048  -1.8062  -1.8095  -1.8177  -1.8385  -1.8907  -2.0214  -2.3472
 -3.1361  -4.4702  -5.1138  -5.6128  -6.0913  -6.5650  -7.0412  -7.5240  -8.0150
 -8.5153  -9.0208  -9.5285 -10.0767 -10.7587 -11.3268 -11.8301 -12.3334 -12.8776
  0.0000  -1.9448  -1.9448  -1.9448  -1.9448  -1.9448  -1.9448  -1.9448  -1.9449
 -1.9450  -1.9453  -1.9459  -1.9476  -1.9518  -1.9625  -1.9892  -2.0562  -2.2243
 -2.6437  -3.6563  -5.0609  -5.6271  -6.1188  -6.5948  -7.0671  -7.5419  -8.0232
 -8.5150  -9.0149  -9.5205 -10.0683 -10.7492 -11.3185 -11.8235 -12.3285 -12.8747
  0.0000  -2.0930  -2.0930  -2.0930  -2.0930  -2.0930  -2.0930  -2.0930  -2.0930
 -2.0931  -2.0932  -2.0935  -2.0944  -2.0965  -2.1019  -2.1155  -2.1495  -2.2349
 -2.4490  -2.9838  -4.2647  -5.6131  -6.1420  -6.6287  -7.1028  -7.5739  -8.0474
 -8.5294  -9.0203  -9.5197 -10.0644 -10.7423 -11.3122 -11.8195 -12.3268 -12.8742
  0.0000  -2.2423  -2.2423  -2.2423  -2.2423  -2.2423  -2.2423  -2.2423  -2.2424
 -2.2424  -2.2424  -2.2426  -2.2431  -2.2441  -2.2468  -2.2537  -2.2708  -2.3139
 -2.4220  -2.6933  -3.3713  -4.9633  -6.1408  -6.6530  -7.1361  -7.6090  -8.0792
 -8.5540  -9.0354  -9.5256 -10.0636 -10.7356 -11.3036 -11.8125 -12.3214 -12.8665
  0.0000  -2.3905  -2.3905  -2.3905  -2.3905  -2.3905  -2.3905  -2.3905  -2.3905
 -2.3905  -2.3906  -2.3907  -2.3909  -2.3914  -2.3928  -2.3962  -2.4048  -2.4265
 -2.4808  -2.6173  -2.9598  -3.8159  -5.7306  -6.6548  -7.1572  -7.6375  -8.1095
 -8.5817  -9.0568  -9.5382 -10.0679 -10.7322 -11.2944 -11.8025 -12.3106 -12.8475
  0.0000  -1.2781  -1.2782  -1.2782  -1.2782  -1.2783  -1.2784  -1.2788  -1.2799
 -1.2826  -1.2893  -1.3062  -1.3482  -1.4522  -1.7021  -2.2420  -3.0013  -3.5871
 -4.0908  -4.5746  -5.0519  -5.5317  -6.0183  -6.5128  -7.0134  -7.5191  -8.0260
 -8.5316  -9.0503  -9.6990 -10.3307 -10.8326 -11.3337 -11.8345 -12.3353 -12.8496
  0.0000  -1.3834  -1.3834  -1.3834  -1.3834  -1.3834  -1.3835  -1.3838  -1.3844
 -1.3860  -1.3899  -1.3997  -1.4243  -1.4858  -1.6379  -2.0028  -2.7561  -3.5605
 -4.1065  -4.6004  -5.0784  -5.5533  -6.0322  -6.5184  -7.0127  -7.5149  -8.0210
 -8.5272  -9.0468  -9.6956 -10.3274 -10.8303 -11.3322 -11.8333 -12.3344 -12.8497
  0.0000  -1.5030  -1.5030  -1.5030  -1.5030  -1.5030  -1.5031  -1.5032  -1.5035
 -1.5044  -1.5066  -1.5120  -1.5257  -1.5599  -1.6456  -1.8578  -2.3662  -3.3428
 -4.1001  -4.6217  -5.1075  -5.5822  -6.0557  -6.5335  -7.0189  -7.5142  -8.0166
 -8.5219  -9.0419  -9.6905 -10.3227 -10.8268 -11.3298 -11.8317 -12.3336 -12.8500
  0.0000  -1.6343  -1.6343  -1.6344  -1.6344  -1.6344  -1.6344  -1.6345  -1.6347
 -1.6351  -1.6363  -1.6392  -1.6465  -1.6648  -1.7108  -1.8258  -2.1113  -2.7942
 -3.9608  -4.6277  -5.1341  -5.6151  -6.0878  -6.5600  -7.0366  -7.5225  -8.0173
 -8.5185  -9.0371  -9.6845 -10.3165 -10.8227 -11.3270 -11.8301 -12.3332 -12.8504
  0.0000  -1.7706  -1.7706  -1.7706  -1.7706  -1.7706  -1.7706  -1.7706  -1.7707
 -1.7710  -1.7716  -1.7731  -1.7769  -1.7864  -1.8104  -1.8706  -2.0213  -2.3959
 -3.2885  -4.5579  -5.1445  -5.6416  -6.1195  -6.5909  -7.0620  -7.5391  -8.0244
 -8.5173  -9.0312  -9.6749 -10.3052 -10.8136 -11.3201 -11.8246 -12.3291 -12.8486
  0.0000  -1.9157  -1.9157  -1.9157  -1.9157  -1.9157  -1.9157  -1.9157  -1.9158
 -1.9159  -1.9162  -1.9170  -1.9189  -1.9238  -1.9361  -1.9670  -2.0445  -2.2388
 -2.7223  -3.8640  -5.1181  -5.6593  -6.1502  -6.6262  -7.0967  -7.5689  -8.0458
 -8.5293  -9.0350  -9.6721 -10.2976 -10.8065 -11.3150 -11.8217 -12.3284 -12.8499
  0.0000  -2.0617  -2.0617  -2.0617  -2.0617  -2.0617  -2.0617  -2.0617  -2.0617
 -2.0618  -2.0619  -2.0623  -2.0633  -2.0658  -2.0720  -2.0877  -2.1271  -2.2259
 -2.4737  -3.0912  -4.5195  -5.6463  -6.1660  -6.6525  -7.1269  -7.5989  -8.0716
 -8.5475  -9.0446  -9.6745 -10.2918 -10.7975 -11.3064 -11.8149 -12.3234 -12.8453
  0.0000  -1.1114  -1.1114  -1.1114  -1.1115  -1.1117  -1.1121  -1.1133  -1.1161
 -1.1231  -1.1406  -1.1835  -1.2854  -1.5133  -1.9557  -2.5406  -3.0818  -3.5807
 -4.0632  -4.5442  -5.0265  -5.5155  -6.0118  -6.5153  -7.0199  -7.5273  -8.0344
 -8.6328  -9.3223  -9.8309 -10.3325 -10.8336 -11.3343 -11.8347 -12.3351 -12.8373
  0.0000  -1.1758  -1.1758  -1.1759  -1.1759  -1.1760  -1.1763  -1.1771  -1.1789
 -1.1836  -1.1952  -1.2243  -1.2960  -1.4675  -1.8447  -2.4730  -3.0831  -3.6027
 -4.0910  -4.5701  -5.0467  -5.5278  -6.0164  -6.5143  -7.0164  -7.5235  -8.0313
 -8.6299  -9.3193  -9.8289 -10.3315 -10.8331 -11.3342 -11.8348 -12.3354 -12.8381
  0.0000  -1.2567  -1.2567  -1.2567  -1.2567  -1.2568  -1.2570  -1.2574  -1.2586
 -1.2616  -1.2690  -1.2875  -1.3338  -1.4480  -1.7202  -2.2925  -3.0402  -3.6136
 -4.1162  -4.5985  -5.0728  -5.5474  -6.0275  -6.5172  -7.0133  -7.5177  -8.0251
 -8.6236  -9.3124  -9.8236 -10.3273 -10.8300 -11.3316 -11.8327 -12.3338 -12.8367
  0.0000  -1.3587  -1.3587  -1.3587  -1.3587  -1.3587  -1.3588  -1.3591  -1.3598
 -1.3616  -1.3660  -1.3770  -1.4047  -1.4738  -1.6442  -2.0486  -2.8407  -3.5988
 -4.1365  -4.6294  -5.1062  -5.5781  -6.0513  -6.5320  -7.0193  -7.5172  -8.0215
 -8.6184  -9.3055  -9.8187 -10.3243 -10.8281 -11.3308 -11.8325 -12.3342 -12.8386
  0.0000  -1.4731  -1.4731  -1.4731  -1.4731  -1.4731  -1.4732  -1.4733  -1.4737
 -1.4747  -1.4772  -1.4834  -1.4989  -1.5379  -1.6354  -1.8761  -2.4444  -3.4407
 -4.1322  -4.6494  -5.1350  -5.6091  -6.0795  -6.5535  -7.0315  -7.5202  -8.0177
 -8.6100  -9.2931  -9.8076 -10.3153 -10.8211 -11.3250 -11.8279 -12.3308 -12.8360
  0.0000  -1.6047  -1.6047  -1.6047  -1.6047  -1.6047  -1.6048  -1.6048  -1.6051
 -1.6056  -1.6069  -1.6103  -1.6186  -1.6397  -1.6924  -1.8243  -2.1504  -2.9159
 -4.0462  -4.6571  -5.1614  -5.6427  -6.1151  -6.5868  -7.0585  -7.5384  -8.0266
 -8.6118  -9.2877  -9.8005 -10.3096 -10.8175 -11.3234 -11.8275 -12.3316 -12.8393
  0.0000  -1.7431  -1.7431  -1.7431  -1.7431  -1.7431  -1.7431  -1.7432  -1.7433
 -1.7436  -1.7443  -1.7460  -1.7504  -1.7614  -1.7890  -1.8584  -2.0318  -2.4616
 -3.4593  -4.6141  -5.1702  -5.6661  -6.1447  -6.6182  -7.0878  -7.5622  -8.0424
 -8.6203  -9.2879  -9.7944 -10.3020 -10.8111 -11.3190 -11.8248 -12.3306 -12.8406
  0.0000  -1.0232  -1.0232  -1.0233  -1.0235  -1.0240  -1.0253  -1.0286  -1.0364
 -1.0550  -1.0952  -1.1695  -1.3023  -1.5862  -2.0462  -2.5606  -3.0629  -3.5501
 -4.0326  -4.5206  -5.0125  -5.5107  -6.0154  -6.5228  -7.0307  -7.5787  -8.2609
 -8.8285  -9.3310  -9.8325 -10.3335 -10.8342 -11.3346 -11.8349 -12.3352 -12.8355
  0.0000  -1.0603  -1.0603  -1.0604  -1.0605  -1.0608  -1.0615  -1.0634  -1.0680
 -1.0794  -1.1064  -1.1671  -1.2929  -1.5544  -2.0216  -2.5670  -3.0842  -3.5757
 -4.0565  -4.5381  -5.0223  -5.5134  -6.0135  -6.5189  -7.0267  -7.5751  -8.2570
 -8.8254  -9.3288  -9.8312 -10.3327 -10.8336 -11.3343 -11.8346 -12.3349 -12.8357
  0.0000  -1.1043  -1.1043  -1.1044  -1.1044  -1.1046  -1.1051  -1.1063  -1.1093
 -1.1167  -1.1351  -1.1798  -1.2844  -1.5158  -1.9670  -2.5587  -3.1033  -3.6041
 -4.0866  -4.5643  -5.0415  -5.5241  -6.0167  -6.5172  -7.0230  -7.5710  -8.2519
 -8.8213  -9.3262  -9.8296 -10.3320 -10.8334 -11.3344 -11.8350 -12.3356 -12.8367
  0.0000  -1.1608  -1.1608  -1.1608  -1.1608  -1.1610  -1.1613  -1.1621  -1.1641
 -1.1691  -1.1817  -1.2129  -1.2896  -1.4717  -1.8669  -2.5042  -3.1086  -3.6283
 -4.1173  -4.5950  -5.0681  -5.5433  -6.0269  -6.5192  -7.0197  -7.5650  -8.2434
 -8.8134  -9.3204  -9.8254 -10.3288 -10.8312 -11.3327 -11.8336 -12.3345 -12.8360
  0.0000  -1.2389  -1.2389  -1.2389  -1.2389  -1.2390  -1.2392  -1.2397  -1.2410
 -1.2443  -1.2525  -1.2729  -1.3239  -1.4492  -1.7451  -2.3478  -3.0800  -3.6440
 -4.1467  -4.6291  -5.1024  -5.5734  -6.0494  -6.5325  -7.0245  -7.5639  -8.2371
 -8.8057  -9.3145  -9.8216 -10.3267 -10.8303 -11.3327 -11.8342 -12.3357 -12.8382
  0.0000  -1.3338  -1.3338  -1.3338  -1.3338  -1.3338  -1.3340  -1.3343  -1.3351
 -1.3370  -1.3420  -1.3544  -1.3855  -1.4629  -1.6533  -2.0987  -2.9168  -3.6296
 -4.1616  -4.6546  -5.1320  -5.6032  -6.0755  -6.5515  -7.0343  -7.5656  -8.2313
 -8.7947  -9.3032  -9.8121 -10.3193 -10.8245 -11.3280 -11.8305 -12.3330 -12.8365
  0.0000  -1.4495  -1.4495  -1.4495  -1.4495  -1.4495  -1.4496  -1.4498  -1.4502
 -1.4513  -1.4541  -1.4612  -1.4789  -1.5232  -1.6337  -1.9055  -2.5346  -3.5195
 -4.1587  -4.6724  -5.1584  -5.6332  -6.1058  -6.5784  -7.0548  -7.5788  -8.2375
 -8.7921  -9.2965  -9.8052 -10.3139 -10.8210 -11.3261 -11.8295 -12.3329 -12.8383
  0.0000  -0.9671  -0.9673  -0.9676  -0.9683  -0.9701  -0.9746  -0.9855  -1.0102
 -1.0579  -1.1210  -1.1797  -1.3099  -1.6086  -2.0489  -2.5405  -3.0341  -3.5225
 -4.0118  -4.5096  -5.0119  -5.5181  -6.0250  -6.5454  -7.1944  -7.8265  -8.3301
 -8.8325  -9.3340  -9.8350 -10.3356 -10.8360 -11.3363 -11.8364 -12.3365 -12.8369
  0.0000  -0.9907  -0.9908  -0.9910  -0.9915  -0.9926  -0.9954  -1.0023  -1.0187
 -1.0536  -1.1122  -1.1801  -1.3001  -1.5925  -2.0474  -2.5544  -3.0540  -3.5415
 -4.0258  -4.5163  -5.0121  -5.5144  -6.0197  -6.5400  -7.1887  -7.8210  -8.3257
 -8.8290  -9.3312  -9.8326 -10.3335 -10.8340 -11.3344 -11.8346 -12.3348 -12.8353
  0.0000  -1.0212  -1.0213  -1.0213  -1.0216  -1.0222  -1.0238  -1.0276  -1.0369
 -1.0584  -1.1026  -1.1752  -1.2959  -1.5751  -2.0444  -2.5715  -3.0801  -3.5689
 -4.0498  -4.5327  -5.0205  -5.5160  -6.0172  -6.5360  -7.1833  -7.8153  -8.3218
 -8.8263  -9.3295  -9.8316 -10.3330 -10.8338 -11.3344 -11.8347 -12.3350 -12.8357
  0.0000  -1.0544  -1.0545  -1.0545  -1.0546  -1.0550  -1.0558  -1.0579  -1.0631
 -1.0757  -1.1051  -1.1677  -1.2907  -1.5511  -2.0279  -2.5832  -3.1061  -3.5999
 -4.0802  -4.5577  -5.0377  -5.5243  -6.0183  -6.5326  -7.1766  -7.8070  -8.3154
 -8.8219  -9.3264  -9.8296 -10.3317 -10.8330 -11.3338 -11.8344 -12.3350 -12.8358
  0.0000  -1.0934  -1.0934  -1.0934  -1.0935  -1.0937  -1.0942  -1.0955  -1.0987
 -1.1067  -1.1264  -1.1736  -1.2819  -1.5184  -1.9810  -2.5784  -3.1258  -3.6290
 -4.1125  -4.5883  -5.0633  -5.5420  -6.0267  -6.5335  -7.1715  -7.7975  -8.3065
 -8.8149  -9.3215  -9.8260 -10.3292 -10.8313 -11.3327 -11.8335 -12.3343 -12.8358
  0.0000  -1.1482  -1.1482  -1.1482  -1.1482  -1.1484  -1.1487  -1.1496  -1.1517
 -1.1572  -1.1707  -1.2044  -1.2865  -1.4795  -1.8924  -2.5355  -3.1334  -3.6534
 -4.1440  -4.6220  -5.0958  -5.5696  -6.0466  -6.5448  -7.1754  -7.7936  -8.2997
 -8.8087  -9.3172  -9.8237 -10.3282 -10.8314 -11.3335 -11.8349 -12.3363 -12.8384
  0.0000  -1.2185  -1.2185  -1.2186  -1.2186  -1.2187  -1.2189  -1.2195  -1.2209
 -1.2245  -1.2335  -1.2559  -1.3118  -1.4486  -1.7680  -2.3944  -3.1045  -3.6602
 -4.1628  -4.6462  -5.1222  -5.5949  -6.0675  -6.5589  -7.1842  -7.7932  -8.2920
 -8.7987  -9.3078  -9.8161 -10.3224 -10.8267 -11.3299 -11.8318 -12.3337 -12.8374
  0.0000  -0.9467  -0.9469  -0.9474  -0.9488  -0.9521  -0.9601  -0.9788  -1.0169
 -1.0758  -1.1303  -1.1797  -1.3143  -1.6070  -2.0314  -2.5126  -3.0057  -3.5003
 -3.9996  -4.5069  -5.0154  -5.5248  -6.1243  -6.8138  -7.3249  -7.8285  -8.3310
 -8.8325  -9.3335  -9.8341 -10.3345 -10.8348 -11.3349 -11.8350 -12.3351 -12.8351
  0.0000  -0.9507  -0.9509  -0.9513  -0.9525  -0.9555  -0.9628  -0.9799  -1.0165
 -1.0779  -1.1385  -1.1825  -1.3052  -1.5974  -2.0340  -2.5258  -3.0213  -3.5127
 -4.0068  -4.5085  -5.0136  -5.5216  -6.1205  -6.8092  -7.3216  -7.8262  -8.3295
 -8.8315  -9.3329  -9.8337 -10.3343 -10.8346 -11.3348 -11.8350 -12.3352 -12.8354
  0.0000  -0.9620  -0.9621  -0.9625  -0.9634  -0.9656  -0.9711  -0.9845  -1.0143
 -1.0702  -1.1370  -1.1842  -1.2976  -1.5903  -2.0413  -2.5457  -3.0451  -3.5337
 -4.0218  -4.5152  -5.0143  -5.5189  -6.1157  -6.8026  -7.3165  -7.8227  -8.3269
 -8.8300  -9.3319  -9.8332 -10.3339 -10.8344 -11.3348 -11.8350 -12.3352 -12.8357
  0.0000  -0.9835  -0.9835  -0.9838  -0.9843  -0.9857  -0.9892  -0.9978  -1.0177
 -1.0591  -1.1233  -1.1840  -1.2923  -1.5826  -2.0485  -2.5683  -3.0736  -3.5619
 -4.0452  -4.5301  -5.0208  -5.5188  -6.1113  -6.7943  -7.3090  -7.8170  -8.3231
 -8.8272  -9.3301  -9.8320 -10.3332 -10.8340 -11.3345 -11.8348 -12.3351 -12.8356
  0.0000  -1.0133  -1.0133  -1.0134  -1.0137  -1.0145  -1.0163  -1.0210  -1.0321
 -1.0574  -1.1066  -1.1783  -1.2908  -1.5707  -2.0502  -2.5884  -3.1029  -3.5937
 -4.0752  -4.5538  -5.0363  -5.5257  -6.1114  -6.7876  -7.3005  -7.8096  -8.3176
 -8.8236  -9.3277  -9.8306 -10.3325 -10.8336 -11.3344 -11.8349 -12.3354 -12.8363
  0.0000  -1.0456  -1.0457  -1.0457  -1.0459  -1.0463  -1.0472  -1.0496  -1.0555
 -1.0698  -1.1021  -1.1673  -1.2880  -1.5501  -2.0355  -2.5982  -3.1256  -3.6219
 -4.1050  -4.5810  -5.0579  -5.5393  -6.1179  -6.7858  -7.2923  -7.7999  -8.3090
 -8.8169  -9.3228  -9.8268 -10.3297 -10.8315 -11.3327 -11.8334 -12.3341 -12.8354
  0.0000  -1.0849  -1.0849  -1.0849  -1.0850  -1.0852  -1.0858  -1.0872  -1.0907
 -1.0994  -1.1206  -1.1706  -1.2822  -1.5229  -1.9944  -2.5925  -3.1404  -3.6453
 -4.1324  -4.6089  -5.0838  -5.5601  -6.1342  -6.7957  -7.2918  -7.7942  -8.3023
 -8.8113  -9.3190  -9.8246 -10.3283 -10.8311 -11.3327 -11.8338 -12.3349 -12.8363
  0.0000  -0.9606  -0.9608  -0.9614  -0.9627  -0.9660  -0.9738  -0.9917  -1.0269
 -1.0793  -1.1298  -1.1834  -1.3191  -1.6029  -2.0154  -2.4913  -2.9877  -3.4911
 -3.9985  -4.5145  -5.0656  -5.7481  -6.3188  -6.8246  -7.3284  -7.8311  -8.3328
 -8.8339  -9.3345  -9.8350 -10.3352 -10.8354 -11.3355 -11.8356 -12.3357 -12.8357
  0.0000  -0.9555  -0.9558  -0.9564  -0.9578  -0.9615  -0.9704  -0.9906  -1.0308
 -1.0904  -1.1432  -1.1870  -1.3103  -1.5924  -2.0135  -2.4972  -2.9948  -3.4954
 -3.9996  -4.5130  -5.0628  -5.7440  -6.3150  -6.8219  -7.3265  -7.8298  -8.3319
 -8.8333  -9.3341  -9.8347 -10.3350 -10.8352 -11.3354 -11.8355 -12.3356 -12.8359
  0.0000  -0.9462  -0.9465  -0.9471  -0.9487  -0.9526  -0.9620  -0.9837  -1.0277
 -1.0943  -1.1509  -1.1877  -1.3027  -1.5872  -2.0195  -2.5133  -3.0115  -3.5075
 -4.0058  -4.5133  -5.0597  -5.7382  -6.3090  -6.8173  -7.3233  -7.8274  -8.3304
 -8.8323  -9.3335  -9.8342 -10.3347 -10.8350 -11.3352 -11.8353 -12.3354 -12.8356
  0.0000  -0.9426  -0.9428  -0.9434  -0.9448  -0.9484  -0.9571  -0.9775  -1.0205
 -1.0902  -1.1529  -1.1871  -1.2960  -1.5851  -2.0327  -2.5367  -3.0368  -3.5288
 -4.0198  -4.5188  -5.0594  -5.7328  -6.3015  -6.8108  -7.3187  -7.8244  -8.3283
 -8.8310  -9.3328  -9.8339 -10.3346 -10.8350 -11.3353 -11.8355 -12.3357 -12.8360
  0.0000  -0.9512  -0.9514  -0.9518  -0.9529  -0.9556  -0.9622  -0.9781  -1.0133
 -1.0772  -1.1468  -1.1861  -1.2904  -1.5826  -2.0448  -2.5615  -3.0659  -3.5562
 -4.0417  -4.5317  -5.0646  -5.7309  -6.2940  -6.8025  -7.3116  -7.8192  -8.3248
 -8.8285  -9.3312  -9.8329 -10.3339 -10.8346 -11.3351 -11.8353 -12.3355 -12.8361
  0.0000  -0.9741  -0.9742  -0.9745  -0.9751  -0.9768  -0.9809  -0.9910  -1.0143
 -1.0618  -1.1302  -1.1852  -1.2870  -1.5775  -2.0526  -2.5828  -3.0936  -3.5853
 -4.0682  -4.5515  -5.0776  -5.7373  -6.2911  -6.7948  -7.3034  -7.8124  -8.3198
 -8.8251  -9.3287  -9.8313 -10.3329 -10.8339 -11.3346 -11.8350 -12.3354 -12.8362
  0.0000  -1.0067  -1.0068  -1.0069  -1.0073  -1.0082  -1.0103  -1.0157  -1.0286
 -1.0573  -1.1106  -1.1805  -1.2869  -1.5676  -2.0523  -2.5971  -3.1157  -3.6110
 -4.0942  -4.5743  -5.0964  -5.7531  -6.2965  -6.7918  -7.2969  -7.8057  -8.3145
 -8.8215  -9.3264  -9.8298 -10.3321 -10.8336 -11.3345 -11.8351 -12.3357 -12.8366
  0.0000  -0.9780  -0.9782  -0.9786  -0.9796  -0.9822  -0.9884  -1.0025  -1.0311
 -1.0756  -1.1247  -1.1841  -1.3218  -1.5996  -2.0044  -2.4794  -2.9804  -3.4903
 -4.0192  -4.6699  -5.3054  -5.8153  -6.3222  -6.8267  -7.3299  -7.8319  -8.3331
 -8.8339  -9.3344  -9.8348 -10.3350 -10.8351 -11.3352 -11.8352 -12.3352 -12.8354
  0.0000  -0.9796  -0.9798  -0.9803  -0.9815  -0.9845  -0.9918  -1.0082  -1.0411
 -1.0916  -1.1419  -1.1909  -1.3134  -1.5847  -1.9937  -2.4753  -2.9787  -3.4885
 -4.0125  -4.6679  -5.3026  -5.8130  -6.3205  -6.8256  -7.3292  -7.8314  -8.3328
 -8.8337  -9.3343  -9.8347 -10.3349 -10.8351 -11.3351 -11.8352 -12.3353 -12.8351
  0.0000  -0.9677  -0.9679  -0.9685  -0.9700  -0.9736  -0.9824  -1.0023  -1.0416
 -1.1002  -1.1529  -1.1934  -1.3068  -1.5787  -1.9965  -2.4841  -2.9873  -3.4928
 -4.0131  -4.6650  -5.2973  -5.8082  -6.3169  -6.8232  -7.3273  -7.8303  -8.3322
 -8.8334  -9.3341  -9.8346 -10.3349 -10.8351 -11.3352 -11.8353 -12.3354 -12.8355
  0.0000  -0.9502  -0.9505  -0.9512  -0.9529  -0.9572  -0.9675  -0.9907  -1.0364
 -1.1031  -1.1584  -1.1923  -1.3002  -1.5770  -2.0073  -2.5028  -3.0048  -3.5045
 -4.0183  -4.6638  -5.2911  -5.8010  -6.3108  -6.8186  -7.3242  -7.8280  -8.3307
 -8.8323  -9.3334  -9.8340 -10.3345 -10.8347 -11.3349 -11.8350 -12.3351 -12.8354
  0.0000  -0.9366  -0.9369  -0.9376  -0.9394  -0.9439  -0.9548  -0.9796  -1.0290
 -1.1016  -1.1601  -1.1898  -1.2943  -1.5773  -2.0216  -2.5269  -3.0298  -3.5241
 -4.0306  -4.6689  -5.2882  -5.7939  -6.3033  -6.8125  -7.3198  -7.8250  -8.3286
 -8.8311  -9.3326  -9.8336 -10.3342 -10.8346 -11.3349 -11.8350 -12.3351 -12.8355
  0.0000  -0.9340  -0.9342  -0.9349  -0.9365  -0.9405  -0.9502  -0.9729  -1.0200
 -1.0938  -1.1571  -1.1869  -1.2888  -1.5766  -2.0340  -2.5501  -3.0561  -3.5479
 -4.0488  -4.6821  -5.2923  -5.7894  -6.2953  -6.8046  -7.3134  -7.8203  -8.3252
 -8.8286  -9.3309  -9.8323 -10.3332 -10.8338 -11.3342 -11.8344 -12.3346 -12.8351
  0.0000  -0.9484  -0.9485  -0.9490  -0.9502  -0.9531  -0.9602  -0.9772  -1.0145
 -1.0804  -1.1494  -1.1867  -1.2863  -1.5752  -2.0430  -2.5694  -3.0800  -3.5719
 -4.0701  -4.7026  -5.3061  -5.7922  -6.2915  -6.7985  -7.3077  -7.8161  -8.3225
 -8.8268  -9.3299  -9.8319 -10.3332 -10.8340 -11.3345 -11.8348 -12.3351 -12.8356
  0.0000  -0.9817  -0.9819  -0.9822  -0.9831  -0.9851  -0.9902  -1.0016  -1.0254
 -1.0645  -1.1131  -1.1794  -1.3236  -1.6029  -2.0055  -2.4792  -2.9844  -3.5660
 -4.2756  -4.7964  -5.3087  -5.8178  -6.3240  -6.8279  -7.3308  -7.8326  -8.3336
 -8.8343  -9.3348  -9.8350 -10.3352 -10.8353 -11.3354 -11.8354 -12.3354 -12.8356
  0.0000  -1.0003  -1.0004  -1.0008  -1.0017  -1.0039  -1.0092  -1.0214  -1.0466
 -1.0882  -1.1364  -1.1904  -1.3133  -1.5776  -1.9799  -2.4614  -2.9739  -3.5605
 -4.2750  -4.7966  -5.3091  -5.8181  -6.3242  -6.8280  -7.3309  -7.8325  -8.3336
 -8.8343  -9.3347  -9.8350 -10.3351 -10.8352 -11.3353 -11.8353 -12.3353 -12.8355
  0.0000  -0.9961  -0.9963  -0.9967  -0.9977  -1.0004  -1.0068  -1.0216  -1.0518
 -1.0997  -1.1501  -1.1961  -1.3076  -1.5679  -1.9744  -2.4606  -2.9740  -3.5599
 -4.2727  -4.7931  -5.3059  -5.8156  -6.3225  -6.8269  -7.3302  -7.8321  -8.3334
 -8.8342  -9.3346  -9.8350 -10.3352 -10.8353 -11.3354 -11.8354 -12.3354 -12.8356
  0.0000  -0.9801  -0.9803  -0.9808  -0.9822  -0.9855  -0.9936  -1.0119  -1.0486
 -1.1046  -1.1576  -1.1970  -1.3024  -1.5656  -1.9811  -2.4720  -2.9830  -3.5654
 -4.2718  -4.7881  -5.3000  -5.8106  -6.3188  -6.8245  -7.3283  -7.8310  -8.3326
 -8.8337  -9.3344  -9.8348 -10.3350 -10.8352 -11.3353 -11.8354 -12.3355 -12.8356
  0.0000  -0.9610  -0.9613  -0.9620  -0.9636  -0.9676  -0.9773  -0.9992  -1.0423
 -1.1057  -1.1610  -1.1951  -1.2972  -1.5664  -1.9938  -2.4914  -3.0000  -3.5787
 -4.2641  -4.7850  -5.2934  -5.8038  -6.3133  -6.8206  -7.3256  -7.8291  -8.3315
 -8.8329  -9.3339  -9.8345 -10.3349 -10.8351 -11.3352 -11.8353 -12.3354 -12.8355
  0.0000  -0.9460  -0.9463  -0.9470  -0.9488  -0.9533  -0.9640  -0.9882  -1.0354
 -1.1038  -1.1607  -1.1920  -1.2921  -1.5672  -2.0070  -2.5129  -3.0211  -3.5985
 -4.2797  -4.7876  -5.2887  -5.7966  -6.3064  -6.8151  -7.3218  -7.8263  -8.3295
 -8.8316  -9.3329  -9.8337 -10.3343 -10.8346 -11.3348 -11.8350 -12.3352 -12.8354
  0.0000  -0.9415  -0.9417  -0.9424  -0.9442  -0.9485  -0.9588  -0.9824  -1.0292
 -1.0986  -1.1578  -1.1894  -1.2883  -1.5672  -2.0170  -2.5313  -3.0413  -3.6202
 -4.3018  -4.7970  -5.2888  -5.7917  -6.3002  -6.8096  -7.3175  -7.8234  -8.3273
 -8.8302  -9.3319  -9.8330 -10.3338 -10.8342 -11.3345 -11.8347 -12.3349 -12.8353
  0.0000  -0.9505  -0.9512  -0.9522  -0.9529  -0.9550  -0.9600  -0.9714  -0.9947
 -1.0335  -1.0852  -1.1642  -1.3280  -1.6213  -2.0276  -2.5278  -3.1742  -3.7595
 -4.2822  -4.7944  -5.3060  -5.8154  -6.3221  -6.8267  -7.3298  -7.8319  -8.3331
 -8.8339  -9.3344  -9.8348 -10.3350 -10.8351 -11.3352 -11.8352 -12.3352 -12.8354
  0.0000  -1.0042  -1.0043  -1.0045  -1.0051  -1.0068  -1.0109  -1.0204  -1.0406
 -1.0759  -1.1221  -1.1815  -1.3089  -1.5724  -1.9734  -2.4850  -3.1458  -3.7522
 -4.2856  -4.8013  -5.3128  -5.8208  -6.3260  -6.8295  -7.3317  -7.8331  -8.3340
 -8.8346  -9.3349  -9.8351 -10.3353 -10.8354 -11.3354 -11.8354 -12.3354 -12.8354
 -4.0000  -0.9673  -0.9675  -0.9680  -0.9692  -0.9726  -0.9810  -1.0002  -1.0384
 -1.0967  -1.1531  -1.1916  -1.2882  -1.5501  -1.9819  -2.5238  -3.2138  -3.7885
 -4.2875  -4.7857  -5.2920  -5.8019  -6.3115  -6.8192  -7.3246  -7.8282  -8.3309
 -8.8325  -9.3335  -9.8342 -10.3346 -10.8349 -11.3350 -11.8351 -12.3352 -12.8352
 -3.0000  -0.9674  -0.9676  -0.9681  -0.9693  -0.9727  -0.9811  -1.0003  -1.0384
 -1.0967  -1.1530  -1.1916  -1.2882  -1.5501  -1.9819  -2.5238  -3.2138  -3.7885
 -4.2875  -4.7857  -5.2920  -5.8019  -6.3115  -6.8192  -7.3246  -7.8282  -8.3309
 -8.8325  -9.3335  -9.8342 -10.3346 -10.8349 -11.3350 -11.8351 -12.3352 -12.8352
 -2.0000  -0.9677  -0.9679  -0.9684  -0.9697  -0.9731  -0.9814  -1.0005  -1.0384
 -1.0967  -1.1531  -1.1917  -1.2883  -1.5502  -1.9820  -2.5239  -3.2139  -3.7886
 -4.2876  -4.7858  -5.2921  -5.8020  -6.3116  -6.8193  -7.3247  -7.8283  -8.3310
 -8.8326  -9.3336  -9.8343 -10.3347 -10.8350 -11.3351 -11.8352 -12.3353 -12.8353
 -1.0000  -0.9682  -0.9684  -0.9690  -0.9703  -0.9736  -0.9818  -1.0007  -1.0384
 -1.0965  -1.1529  -1.1917  -1.2883  -1.5501  -1.9819  -2.5239  -3.2139  -3.7886
 -4.2876  -4.7858  -5.2921  -5.8020  -6.3116  -6.8193  -7.3247  -7.8283  -8.3310
 -8.8326  -9.3336  -9.8343 -10.3347 -10.8350 -11.3351 -11.8352 -12.3353 -12.8353
  0.0000  -0.9692  -0.9694  -0.9699  -0.9712  -0.9745  -0.9825  -1.0009  -1.0381
 -1.0960  -1.1526  -1.1917  -1.2883  -1.5499  -1.9817  -2.5237  -3.2137  -3.7885
 -4.2875  -4.7857  -5.2920  -5.8019  -6.3115  -6.8192  -7.3246  -7.8282  -8.3309
 -8.8325  -9.3335  -9.8342 -10.3346 -10.8349 -11.3350 -11.8351 -12.3352 -12.8352
-10.0000  -0.9673  -0.9675  -0.9681  -0.9692  -0.9727  -0.9811  -1.0004  -1.0386
 -1.0970  -1.1533  -1.1918  -1.2884  -1.5503  -1.9821  -2.5240  -3.2140  -3.7887
 -4.2877  -4.7859  -5.2922  -5.8021  -6.3117  -6.8194  -7.3248  -7.8284  -8.3311
 -8.8327  -9.3337  -9.8344 -10.3348 -10.8351 -11.3352 -11.8353 -12.3354 -12.8354
-10.0000  -0.9673  -0.9675  -0.9681  -0.9692  -0.9727  -0.9811  -1.0004  -1.0386
 -1.0970  -1.1533  -1.1918  -1.2884  -1.5503  -1.9821  -2.5240  -3.2140  -3.7887
 -4.2877  -4.7859  -5.2922  -5.8021  -6.3117  -6.8194  -7.3248  -7.8284  -8.3311
 -8.8327  -9.3337  -9.8344 -10.3348 -10.8351 -11.3352 -11.8353 -12.3354 -12.8354
-14.0000  -0.9672  -0.9675  -0.9680  -0.9691  -0.9726  -0.9810  -1.0003  -1.0385
 -1.0969  -1.1532  -1.1917  -1.2883  -1.5502  -1.9820  -2.5239  -3.2139  -3.7886
 -4.2876  -4.7858  -5.2921  -5.8020  -6.3116  -6.8193  -7.3247  -7.8283  -8.3310
 -8.8326  -9.3336  -9.8343 -10.3347 -10.8350 -11.3351 -11.8352 -12.3353 -12.8353
-13.0000  -0.9672  -0.9674  -0.9679  -0.9691  -0.9725  -0.9809  -1.0002  -1.0384
 -1.0968  -1.1531  -1.1916  -1.2882  -1.5501  -1.9819  -2.5238  -3.2138  -3.7885
 -4.2875  -4.7857  -5.2920  -5.8019  -6.3115  -6.8192  -7.3246  -7.8282  -8.3309
 -8.8325  -9.3335  -9.8342 -10.3346 -10.8349 -11.3350 -11.8351 -12.3352 -12.8352
-12.0000  -0.9672  -0.9674  -0.9679  -0.9692  -0.9726  -0.9810  -1.0002  -1.0384
 -1.0968  -1.1531  -1.1916  -1.2882  -1.5501  -1.9819  -2.5238  -3.2138  -3.7885
 -4.2875  -4.7857  -5.2920  -5.8019  -6.3115  -6.8192  -7.3246  -7.8282  -8.3309
 -8.8325  -9.3335  -9.8342 -10.3346 -10.8349 -11.3350 -11.8351 -12.3352 -12.8352
-11.0000  -0.9673  -0.9675  -0.9680  -0.9693  -0.9727  -0.9811  -1.0003  -1.0384
 -1.0967  -1.1530  -1.1916  -1.2882  -1.5501  -1.9819  -2.5238  -3.2138  -3.7885
 -4.2875  -4.7857  -5.2920  -5.8019  -6.3115  -6.8192  -7.3246  -7.8282  -8.3309
 -8.8325  -9.3335  -9.8342 -10.3346 -10.8349 -11.3350 -11.8351 -12.3352 -12.8352
-10.0000  -0.9678  -0.9680  -0.9685  -0.9698  -0.9731  -0.9814  -1.0006  -1.0385
 -1.0968  -1.1532  -1.1918  -1.2884  -1.5503  -1.9821  -2.5240  -3.2140  -3.7887
 -4.2877  -4.7859  -5.2922  -5.8021  -6.3117  -6.8194  -7.3248  -7.8284  -8.3311
 -8.8327  -9.3337  -9.8344 -10.3348 -10.8351 -11.3352 -11.8353 -12.3354 -12.8354
 -3.0000  -0.9802  -0.9802  -0.9804  -0.9808  -0.9818  -0.9843  -0.9902  -1.0033
 -1.0276  -1.0609  -1.1103  -1.2629  -1.6412  -2.1808  -2.7241  -3.2538  -3.7785
 -4.2963  -4.8097  -5.3191  -5.8252  -6.3292  -6.8319  -7.3335  -7.8345  -8.3351
 -8.8355  -9.3358  -9.8359 -10.3360 -10.8361 -11.3361 -11.8362 -12.3363 -12.8362
 -2.0000  -0.9802  -0.9802  -0.9804  -0.9808  -0.9818  -0.9843  -0.9902  -1.0033
 -1.0276  -1.0609  -1.1103  -1.2629  -1.6412  -2.1808  -2.7241  -3.2538  -3.7785
 -4.2963  -4.8097  -5.3191  -5.8252  -6.3292  -6.8319  -7.3335  -7.8345  -8.3351
 -8.8355  -9.3358  -9.8359 -10.3360 -10.8361 -11.3361 -11.8362 -12.3363 -12.8362
 -1.0000  -0.9802  -0.9802  -0.9804  -0.9808  -0.9818  -0.9843  -0.9902  -1.0033
 -1.0276  -1.0609  -1.1103  -1.2629  -1.6412  -2.1808  -2.7241  -3.2538  -3.7785
 -4.2963  -4.8097  -5.3191  -5.8252  -6.3292  -6.8319  -7.3335  -7.8345  -8.3351
 -8.8355  -9.3358  -9.8359 -10.3360 -10.8361 -11.3361 -11.8362 -12.3363 -12.8362
  0.0000  -0.9801  -0.9801  -0.9803  -0.9807  -0.9817  -0.9842  -0.9901  -1.0032
 -1.0275  -1.0608  -1.1102  -1.2628  -1.6411  -2.1807  -2.7240  -3.2537  -3.7784
 -4.2962  -4.8096  -5.3190  -5.8251  -6.3291  -6.8318  -7.3334  -7.8344  -8.3350
 -8.8354  -9.3357  -9.8358 -10.3359 -10.8360 -11.3360 -11.8361 -12.3362 -12.8361
  0.0000  -0.9789  -0.9789  -0.9791  -0.9795  -0.9805  -0.9831  -0.9895  -1.0033
 -1.0288  -1.0626  -1.1087  -1.2590  -1.6438  -2.1871  -2.7274  -3.2541  -3.7770
 -4.2944  -4.8080  -5.3178  -5.8244  -6.3285  -6.8315  -7.3332  -7.8343  -8.3350
 -8.8355  -9.3357  -9.8359 -10.3360 -10.8361 -11.3361 -11.8362 -12.3363 -12.8362
  0.0000  -0.9716  -0.9717  -0.9718  -0.9722  -0.9732  -0.9759  -0.9825  -0.9967
 -1.0235  -1.0587  -1.1047  -1.2579  -1.6573  -2.2046  -2.7371  -3.2568  -3.7756
 -4.2915  -4.8051  -5.3155  -5.8228  -6.3275  -6.8308  -7.3328  -7.8341  -8.3349
 -8.8354  -9.3358  -9.8360 -10.3361 -10.8362 -11.3362 -11.8362 -12.3362 -12.8362
  0.0000  -0.9674  -0.9674  -0.9675  -0.9678  -0.9686  -0.9711  -0.9771  -0.9902
 -1.0164  -1.0536  -1.1027  -1.2577  -1.6683  -2.2211  -2.7477  -3.2610  -3.7755
 -4.2893  -4.8026  -5.3134  -5.8212  -6.3265  -6.8302  -7.3324  -7.8339  -8.3348
 -8.8354  -9.3358  -9.8360 -10.3362 -10.8362 -11.3363 -11.8363 -12.3363 -12.8365
 -3.0000  -0.9096  -0.9096  -0.9097  -0.9100  -0.9105  -0.9118  -0.9153  -0.9238
 -0.9437  -0.9883  -1.0966  -1.3484  -1.7586  -2.2429  -2.7496  -3.2666  -3.7837
 -4.2994  -4.8119  -5.3208  -5.8267  -6.3306  -6.8331  -7.3347  -7.8356  -8.3363
 -8.8366  -9.3369  -9.8370 -10.3371 -10.8372 -11.3372 -11.8373 -12.3374 -12.8373
 -2.0000  -0.9096  -0.9096  -0.9097  -0.9100  -0.9105  -0.9118  -0.9153  -0.9238
 -0.9437  -0.9883  -1.0966  -1.3484  -1.7586  -2.2429  -2.7496  -3.2666  -3.7837
 -4.2994  -4.8119  -5.3208  -5.8267  -6.3306  -6.8331  -7.3347  -7.8356  -8.3363
 -8.8366  -9.3369  -9.8370 -10.3371 -10.8372 -11.3372 -11.8373 -12.3374 -12.8373
 -1.0000  -0.9096  -0.9096  -0.9097  -0.9100  -0.9105  -0.9118  -0.9153  -0.9238
 -0.9437  -0.9883  -1.0966  -1.3484  -1.7586  -2.2429  -2.7496  -3.2666  -3.7837
 -4.2994  -4.8119  -5.3208  -5.8267  -6.3306  -6.8331  -7.3347  -7.8356  -8.3363
 -8.8366  -9.3369  -9.8370 -10.3371 -10.8372 -11.3372 -11.8373 -12.3374 -12.8373
  0.0000  -0.9096  -0.9096  -0.9097  -0.9100  -0.9105  -0.9118  -0.9153  -0.9238
 -0.9437  -0.9883  -1.0966  -1.3484  -1.7586  -2.2429  -2.7496  -3.2666  -3.7837
 -4.2994  -4.8119  -5.3208  -5.8267  -6.3306  -6.8331  -7.3347  -7.8356  -8.3363
 -8.8366  -9.3369  -9.8370 -10.3371 -10.8372 -11.3372 -11.8373 -12.3374 -12.8373
  0.0000  -0.9280  -0.9280  -0.9281  -0.9282  -0.9286  -0.9296  -0.9322  -0.9392
 -0.9571  -0.9984  -1.0959  -1.3310  -1.7376  -2.2296  -2.7441  -3.2663  -3.7856
 -4.3019  -4.8140  -5.3224  -5.8278  -6.3314  -6.8336  -7.3350  -7.8359  -8.3365
 -8.8368  -9.3370  -9.8372 -10.3373 -10.8373 -11.3373 -11.8374 -12.3375 -12.8374
  0.0000  -0.9263  -0.9263  -0.9264  -0.9265  -0.9268  -0.9277  -0.9299  -0.9366
 -0.9551  -0.9986  -1.0975  -1.3339  -1.7420  -2.2335  -2.7464  -3.2675  -3.7863
 -4.3024  -4.8146  -5.3231  -5.8286  -6.3323  -6.8346  -7.3361  -7.8370  -8.3375
 -8.8379  -9.3381  -9.8383 -10.3384 -10.8384 -11.3384 -11.8385 -12.3386 -12.8385
  0.0000  -0.9212  -0.9212  -0.9213  -0.9227  -0.9216  -0.9223  -0.9242  -0.9308
 -0.9502  -0.9968  -1.0976  -1.3353  -1.7459  -2.2367  -2.7476  -3.2671  -3.7849
 -4.3008  -4.8130  -5.3217  -5.8274  -6.3311  -6.8336  -7.3351  -7.8360  -8.3366
 -8.8370  -9.3372  -9.8374 -10.3374 -10.8375 -11.3375 -11.8376 -12.3377 -12.8376
 -4.0000  -0.9037  -0.9037  -0.9038  -0.9039  -0.9041  -0.9049  -0.9072  -0.9135
 -0.9296  -0.9756  -1.0996  -1.3636  -1.7663  -2.2549  -2.7611  -3.2776  -3.7957
 -4.3112  -4.8228  -5.3308  -5.8359  -6.3395  -6.8416  -7.3429  -7.8438  -8.3443
 -8.8446  -9.3449  -9.8450 -10.3451 -10.8451 -11.3451 -11.8452 -12.3453 -12.8453
 -3.0000  -0.9037  -0.9037  -0.9038  -0.9039  -0.9041  -0.9049  -0.9072  -0.9135
 -0.9296  -0.9756  -1.0996  -1.3636  -1.7663  -2.2549  -2.7611  -3.2776  -3.7957
 -4.3112  -4.8228  -5.3308  -5.8359  -6.3395  -6.8416  -7.3429  -7.8438  -8.3443
 -8.8446  -9.3449  -9.8450 -10.3451 -10.8451 -11.3451 -11.8452 -12.3453 -12.8453
 -2.0000  -0.9037  -0.9037  -0.9038  -0.9039  -0.9041  -0.9049  -0.9072  -0.9135
 -0.9296  -0.9756  -1.0996  -1.3636  -1.7663  -2.2549  -2.7611  -3.2776  -3.7957
 -4.3112  -4.8228  -5.3308  -5.8359  -6.3395  -6.8416  -7.3429  -7.8438  -8.3443
 -8.8446  -9.3449  -9.8450 -10.3451 -10.8451 -11.3451 -11.8452 -12.3453 -12.8453
 -1.0000  -0.9037  -0.9037  -0.9038  -0.9039  -0.9041  -0.9049  -0.9072  -0.9135
 -0.9296  -0.9756  -1.0996  -1.3636  -1.7663  -2.2549  -2.7611  -3.2776  -3.7957
 -4.3112  -4.8228  -5.3308  -5.8359  -6.3395  -6.8416  -7.3429  -7.8438  -8.3443
 -8.8446  -9.3449  -9.8450 -10.3451 -10.8451 -11.3451 -11.8452 -12.3453 -12.8453
  0.0000  -0.9037  -0.9037  -0.9038  -0.9039  -0.9041  -0.9049  -0.9072  -0.9135
 -0.9296  -0.9756  -1.0996  -1.3636  -1.7663  -2.2549  -2.7611  -3.2776  -3.7957
 -4.3112  -4.8228  -5.3308  -5.8359  -6.3395  -6.8416  -7.3429  -7.8438  -8.3443
 -8.8446  -9.3449  -9.8450 -10.3451 -10.8451 -11.3451 -11.8452 -12.3453 -12.8453
  0.0000  -0.9418  -0.9417  -0.9417  -0.9417  -0.9417  -0.9419  -0.9431  -0.9465
 -0.9554  -0.9872  -1.0890  -1.3349  -1.7398  -2.2409  -2.7575  -3.2799  -3.8001
 -4.3158  -4.8267  -5.3339  -5.8384  -6.3415  -6.8433  -7.3444  -7.8451  -8.3456
 -8.8458  -9.3460  -9.8461 -10.3462 -10.8462 -11.3463 -11.8463 -12.3463 -12.8465
  0.0000  -0.9628  -0.9627  -0.9627  -0.9627  -0.9623  -0.9622  -0.9628  -0.9643
 -0.9684  -0.9922  -1.0812  -1.3177  -1.7253  -2.2338  -2.7556  -3.2803  -3.8012
 -4.3167  -4.8272  -5.3340  -5.8382  -6.3411  -6.8427  -7.3438  -7.8444  -8.3448
 -8.8451  -9.3452  -9.8453 -10.3454 -10.8454 -11.3455 -11.8455 -12.3455 -12.8457
-14.0000  -0.9626  -0.9625  -0.9625  -0.9625  -0.9621  -0.9620  -0.9626  -0.9641
 -0.9682  -0.9920  -1.0810  -1.3175  -1.7251  -2.2336  -2.7554  -3.2801  -3.8010
 -4.3165  -4.8270  -5.3338  -5.8380  -6.3409  -6.8425  -7.3436  -7.8442  -8.3446
 -8.8449  -9.3450  -9.8451 -10.3452 -10.8452 -11.3453 -11.8453 -12.3453 -12.8455
-13.0000  -0.9626  -0.9625  -0.9625  -0.9625  -0.9621  -0.9620  -0.9626  -0.9641
 -0.9682  -0.9920  -1.0810  -1.3175  -1.7251  -2.2336  -2.7554  -3.2801  -3.8010
 -4.3165  -4.8270  -5.3338  -5.8380  -6.3409  -6.8425  -7.3436  -7.8442  -8.3446
 -8.8449  -9.3450  -9.8451 -10.3452 -10.8452 -11.3453 -11.8453 -12.3453 -12.8455
-12.0000  -0.9626  -0.9625  -0.9625  -0.9625  -0.9621  -0.9620  -0.9626  -0.9641
 -0.9682  -0.9920  -1.0810  -1.3175  -1.7251  -2.2336  -2.7554  -3.2801  -3.8010
 -4.3165  -4.8270  -5.3338  -5.8380  -6.3409  -6.8425  -7.3436  -7.8442  -8.3446
 -8.8449  -9.3450  -9.8451 -10.3452 -10.8452 -11.3453 -11.8453 -12.3453 -12.8455
-11.0000  -0.9626  -0.9625  -0.9625  -0.9625  -0.9621  -0.9620  -0.9626  -0.9641
 -0.9682  -0.9920  -1.0810  -1.3175  -1.7251  -2.2336  -2.7554  -3.2801  -3.8010
 -4.3165  -4.8270  -5.3338  -5.8380  -6.3409  -6.8425  -7.3436  -7.8442  -8.3446
 -8.8449  -9.3450  -9.8451 -10.3452 -10.8452 -11.3453 -11.8453 -12.3453 -12.8455
-10.0000  -0.9626  -0.9625  -0.9625  -0.9625  -0.9621  -0.9620  -0.9626  -0.9641
 -0.9682  -0.9920  -1.0810  -1.3175  -1.7251  -2.2336  -2.7554  -3.2801  -3.8010
 -4.3165  -4.8270  -5.3338  -5.8380  -6.3409  -6.8425  -7.3436  -7.8442  -8.3446
 -8.8449  -9.3450  -9.8451 -10.3452 -10.8452 -11.3453 -11.8453 -12.3453 -12.8455
-10.0000  -0.9628  -0.9627  -0.9627  -0.9627  -0.9623  -0.9622  -0.9628  -0.9643
 -0.9684  -0.9922  -1.0812  -1.3177  -1.7253  -2.2338  -2.7556  -3.2803  -3.8012
 -4.3167  -4.8272  -5.3340  -5.8382  -6.3411  -6.8427  -7.3438  -7.8444  -8.3448
 -8.8451  -9.3452  -9.8453 -10.3454 -10.8454 -11.3455 -11.8455 -12.3455 -12.8457
-10.0000  -0.9628  -0.9627  -0.9627  -0.9627  -0.9623  -0.9622  -0.9628  -0.9643
 -0.9684  -0.9922  -1.0812  -1.3177  -1.7253  -2.2338  -2.7556  -3.2803  -3.8012
 -4.3167  -4.8272  -5.3340  -5.8382  -6.3411  -6.8427  -7.3438  -7.8444  -8.3448
 -8.8451  -9.3452  -9.8453 -10.3454 -10.8454 -11.3455 -11.8455 -12.3455 -12.8457
nl= 4 nu= 8
  0.0000  -2.1166  -2.1166  -2.1166  -2.1166  -2.1166  -2.1166  -2.1166  -2.1167
 -2.1167  -2.1168  -2.1171  -2.1179  -2.1199  -2.1248  -2.1372  -2.1684  -2.2465
 -2.4424  -2.9309  -4.0965  -5.4059  -5.9376  -6.4285  -6.9144  -7.4045  -7.9009
 -8.4025  -8.9065  -9.4116  -9.9203 -10.4324 -10.9499 -11.5895 -12.2291 -12.6744
  0.0000  -2.2616  -2.2616  -2.2616  -2.2616  -2.2616  -2.2616  -2.2616  -2.2616
 -2.2617  -2.2617  -2.2619  -2.2623  -2.2633  -2.2658  -2.2720  -2.2878  -2.3273
 -2.4265  -2.6753  -3.2964  -4.7539  -5.9342  -6.4451  -6.9313  -7.4150  -7.9037
 -8.3992  -8.9002  -9.4046  -9.9139 -10.4270 -10.9454 -11.5851 -12.2248 -12.6715
  0.0000  -2.4095  -2.4095  -2.4095  -2.4095  -2.4095  -2.4095  -2.4095  -2.4095
 -2.4095  -2.4095  -2.4096  -2.4098  -2.4103  -2.4116  -2.4147  -2.4226  -2.4425
 -2.4925  -2.6179  -2.9326  -3.7184  -5.4912  -6.4539  -6.9536  -7.4360  -7.9176
 -8.4046  -8.8990  -9.3999  -9.9081 -10.4218 -10.9411 -11.5809 -12.2207 -12.6688
  0.0000  -2.5591  -2.5591  -2.5591  -2.5591  -2.5591  -2.5591  -2.5591  -2.5591
 -2.5591  -2.5591  -2.5592  -2.5593  -2.5595  -2.5602  -2.5618  -2.5657  -2.5757
 -2.6008  -2.6638  -2.8219  -3.2188  -4.2098  -6.2481  -6.9710  -7.4631  -7.9423
 -8.4217  -8.9070  -9.4005  -9.9045 -10.4167 -10.9364 -11.5760 -12.2156 -12.6649
  0.0000  -2.7078  -2.7078  -2.7078  -2.7078  -2.7078  -2.7078  -2.7078  -2.7078
 -2.7078  -2.7079  -2.7079  -2.7079  -2.7080  -2.7084  -2.7092  -2.7111  -2.7161
 -2.7287  -2.7603  -2.8396  -3.0387  -3.5384  -4.7853  -6.9158  -7.4845  -7.9709
 -8.4474  -8.9247  -9.4087  -9.9047 -10.4119 -10.9296 -11.5677 -12.2057 -12.6541
  0.0000  -2.8579  -2.8579  -2.8579  -2.8579  -2.8579  -2.8579  -2.8579  -2.8579
 -2.8579  -2.8580  -2.8580  -2.8580  -2.8580  -2.8582  -2.8586  -2.8596  -2.8621
 -2.8684  -2.8842  -2.9239  -3.0236  -3.2740  -3.9025  -5.4676  -7.4797  -7.9962
 -8.4783  -8.9527  -9.4290  -9.9154 -10.4140 -10.9262 -11.5601 -12.1941 -12.6367
  0.0000  -3.0079  -3.0079  -3.0079  -3.0079  -3.0079  -3.0079  -3.0079  -3.0079
 -3.0079  -3.0079  -3.0079  -3.0080  -3.0080  -3.0081  -3.0083  -3.0088  -3.0100
 -3.0132  -3.0211  -3.0409  -3.0908  -3.2161  -3.5309  -4.3210  -6.2765  -8.0019
 -8.5033  -8.9822  -9.4561  -9.9355 -10.4252 -10.9288 -11.5559 -12.1829 -12.6171
  0.0000  -1.7937  -1.7937  -1.7937  -1.7937  -1.7937  -1.7937  -1.7937  -1.7938
 -1.7940  -1.7946  -1.7959  -1.7994  -1.8080  -1.8297  -1.8842  -2.0204  -2.3583
 -3.1587  -4.3436  -4.9387  -5.4360  -5.9203  -6.4056  -6.8970  -7.3950  -7.8974
 -8.4025  -8.9069  -9.4245  -9.9366 -10.4772 -11.2129 -11.7154 -12.2179 -13.1758
  0.0000  -1.9406  -1.9406  -1.9406  -1.9406  -1.9406  -1.9406  -1.9406  -1.9407
 -1.9408  -1.9410  -1.9418  -1.9435  -1.9480  -1.9592  -1.9873  -2.0579  -2.2347
 -2.6740  -3.7067  -4.9157  -5.4582  -5.9483  -6.4296  -6.9135  -7.4041  -7.9015
 -8.4043  -8.9084  -9.4268  -9.9400 -10.4812 -11.2165 -11.7199 -12.2233 -13.1796
  0.0000  -2.0810  -2.0810  -2.0810  -2.0810  -2.0810  -2.0811  -2.0811  -2.0811
 -2.0811  -2.0813  -2.0816  -2.0826  -2.0848  -2.0905  -2.1049  -2.1409  -2.2314
 -2.4580  -3.0217  -4.3249  -5.4486  -5.9653  -6.4502  -6.9292  -7.4115  -7.9010
 -8.3982  -8.8999  -9.4178  -9.9317 -10.4737 -11.2084 -11.7131 -12.2178 -13.1718
  0.0000  -2.2281  -2.2281  -2.2281  -2.2281  -2.2281  -2.2281  -2.2281  -2.2281
 -2.2281  -2.2282  -2.2284  -2.2288  -2.2300  -2.2329  -2.2401  -2.2584  -2.3041
 -2.4191  -2.7073  -3.4248  -5.0216  -5.9726  -6.4759  -6.9568  -7.4336  -7.9142
 -8.4029  -8.8984  -9.4132  -9.9265 -10.4690 -11.2024 -11.7089 -12.2154 -13.1653
  0.0000  -2.3771  -2.3771  -2.3771  -2.3771  -2.3771  -2.3771  -2.3771  -2.3771
 -2.3771  -2.3771  -2.3772  -2.3775  -2.3780  -2.3795  -2.3832  -2.3923  -2.4154
 -2.4733  -2.6187  -2.9834  -3.8915  -5.7489  -6.4915  -6.9863  -7.4640  -7.9390
 -8.4185  -8.9048  -9.4126  -9.9223 -10.4636 -11.1943 -11.7030 -12.2117 -13.1552
  0.0000  -2.5274  -2.5274  -2.5274  -2.5274  -2.5274  -2.5274  -2.5274  -2.5274
 -2.5274  -2.5274  -2.5275  -2.5276  -2.5279  -2.5286  -2.5305  -2.5351  -2.5466
 -2.5757  -2.6488  -2.8322  -3.2923  -4.4373  -6.4176  -7.0065  -7.4952  -7.9706
 -8.4448  -8.9220  -9.4208  -9.9229 -10.4596 -11.1854 -11.6953 -12.2052 -13.1394
  0.0000  -2.6758  -2.6758  -2.6758  -2.6758  -2.6758  -2.6758  -2.6758  -2.6758
 -2.6758  -2.6758  -2.6759  -2.6759  -2.6761  -2.6764  -2.6774  -2.6797  -2.6855
 -2.7000  -2.7366  -2.8286  -3.0595  -3.6390  -5.0776  -6.9878  -7.5139  -7.9981
 -8.4726  -8.9451  -9.4360  -9.9289 -10.4583 -11.1764 -11.6844 -12.1924 -13.1153
  0.0000  -1.5086  -1.5086  -1.5086  -1.5086  -1.5087  -1.5087  -1.5089  -1.5092
 -1.5101  -1.5122  -1.5177  -1.5314  -1.5657  -1.6513  -1.8622  -2.3574  -3.2437
 -3.9322  -4.4486  -4.9362  -5.4186  -5.9048  -6.3980  -6.8974  -7.4013  -7.9059
 -8.4149  -8.9370  -9.4545 -10.1456 -10.7165 -11.2179 -11.7187 -12.2195 -12.7106
  0.0000  -1.6315  -1.6315  -1.6315  -1.6315  -1.6315  -1.6315  -1.6316  -1.6318
 -1.6322  -1.6334  -1.6364  -1.6439  -1.6627  -1.7098  -1.8275  -2.1178  -2.7953
 -3.8378  -4.4556  -4.9574  -5.4397  -5.9199  -6.4052  -6.8978  -7.3976  -7.9006
 -8.4098  -8.9327  -9.4511 -10.1420 -10.7136 -11.2157 -11.7170 -12.2183 -12.7101
  0.0000  -1.7653  -1.7653  -1.7653  -1.7653  -1.7653  -1.7654  -1.7654  -1.7655
 -1.7657  -1.7664  -1.7679  -1.7719  -1.7819  -1.8068  -1.8695  -2.0261  -2.4132
 -3.3082  -4.4146  -4.9734  -5.4655  -5.9444  -6.4229  -6.9070  -7.3995  -7.8982
 -8.4056  -8.9285  -9.4478 -10.1383 -10.7105 -11.2139 -11.7161 -12.2183 -12.7118
  0.0000  -1.9051  -1.9051  -1.9051  -1.9051  -1.9051  -1.9051  -1.9051  -1.9052
 -1.9053  -1.9056  -1.9064  -1.9085  -1.9136  -1.9266  -1.9591  -2.0406  -2.2446
 -2.7496  -3.8967  -4.9610  -5.4869  -5.9728  -6.4490  -6.9259  -7.4094  -7.9000
 -8.4026  -8.9232  -9.4425 -10.1319 -10.7052 -11.2100 -11.7135 -12.2170 -12.7118
  0.0000  -2.0500  -2.0500  -2.0500  -2.0500  -2.0500  -2.0501  -2.0501  -2.0501
 -2.0502  -2.0503  -2.0507  -2.0518  -2.0544  -2.0610  -2.0776  -2.1193  -2.2240
 -2.4860  -3.1355  -4.5567  -5.4900  -5.9993  -6.4808  -6.9550  -7.4310  -7.9122
 -8.4063  -8.9213  -9.4380 -10.1246 -10.6984 -11.2054 -11.7105 -12.2156 -12.7133
  0.0000  -2.1979  -2.1979  -2.1979  -2.1979  -2.1979  -2.1979  -2.1979  -2.1979
 -2.1979  -2.1980  -2.1982  -2.1988  -2.2001  -2.2034  -2.2119  -2.2330  -2.2860
 -2.4192  -2.7527  -3.5801  -5.2536  -6.0101  -6.5093  -6.9877  -7.4611  -7.9349
 -8.4198  -8.9261  -9.4365 -10.1176 -10.6899 -11.1987 -11.7061 -12.2135 -12.7137
  0.0000  -2.3456  -2.3456  -2.3456  -2.3456  -2.3456  -2.3456  -2.3456  -2.3456
 -2.3457  -2.3457  -2.3458  -2.3461  -2.3467  -2.3484  -2.3527  -2.3633  -2.3900
 -2.4572  -2.6257  -3.0481  -4.0951  -5.9125  -6.5212  -7.0135  -7.4903  -7.9619
 -8.4403  -8.9383  -9.4402 -10.1138 -10.6808 -11.1892 -11.6981 -12.2070 -12.7075
  0.0000  -1.2886  -1.2886  -1.2886  -1.2886  -1.2887  -1.2889  -1.2893  -1.2904
 -1.2931  -1.2998  -1.3167  -1.3589  -1.4626  -1.7081  -2.2136  -2.8829  -3.4427
 -3.9431  -4.4300  -4.9138  -5.4020  -5.8970  -6.3977  -6.9022  -7.4117  -7.9250
 -8.4435  -9.0833  -9.7151 -10.2170 -10.7182 -11.2190 -11.7195 -12.2200 -12.7172
  0.0000  -1.3759  -1.3759  -1.3759  -1.3759  -1.3759  -1.3760  -1.3763  -1.3770
 -1.3787  -1.3829  -1.3935  -1.4200  -1.4860  -1.6480  -2.0263  -2.7371  -3.4321
 -3.9612  -4.4531  -4.9338  -5.4150  -5.9024  -6.3970  -6.8982  -7.4067  -7.9204
 -8.4398  -9.0797  -9.7116 -10.2145 -10.7164 -11.2176 -11.7184 -12.2192 -12.7168
  0.0000  -1.4844  -1.4844  -1.4844  -1.4844  -1.4844  -1.4845  -1.4847  -1.4850
 -1.4860  -1.4885  -1.4947  -1.5101  -1.5489  -1.6455  -1.8826  -2.4295  -3.3241
 -3.9681  -4.4786  -4.9622  -5.4396  -5.9192  -6.4056  -6.9004  -7.4053  -7.9180
 -8.4377  -9.0775  -9.7097 -10.2138 -10.7168 -11.2187 -11.7199 -12.2211 -12.7194
  0.0000  -1.6034  -1.6034  -1.6034  -1.6034  -1.6034  -1.6034  -1.6035  -1.6038
 -1.6043  -1.6056  -1.6091  -1.6176  -1.6391  -1.6930  -1.8272  -2.1570  -2.9076
 -3.9086  -4.4899  -4.9874  -5.4662  -5.9411  -6.4194  -6.9053  -7.4033  -7.9120
 -8.4305  -9.0690  -9.7011 -10.2072 -10.7114 -11.2145 -11.7164 -12.2183 -12.7183
  0.0000  -1.7365  -1.7365  -1.7365  -1.7365  -1.7365  -1.7366  -1.7366  -1.7367
 -1.7370  -1.7377  -1.7395  -1.7441  -1.7556  -1.7843  -1.8563  -2.0362  -2.4786
 -3.4653  -4.4683  -5.0081  -5.4974  -5.9731  -6.4463  -6.9238  -7.4126  -7.9138
 -8.4277  -9.0630  -9.6935 -10.2017 -10.7080 -11.2124 -11.7156 -12.2188 -12.7199
  0.0000  -1.8735  -1.8735  -1.8735  -1.8735  -1.8735  -1.8735  -1.8735  -1.8736
 -1.8738  -1.8741  -1.8751  -1.8774  -1.8834  -1.8983  -1.9358  -2.0299  -2.2650
 -2.8443  -4.0881  -4.9999  -5.5175  -6.0016  -6.4752  -6.9480  -7.4286  -7.9205
 -8.4266  -9.0557  -9.6819 -10.1908 -10.6992 -11.2057 -11.7102 -12.2147 -12.7183
  0.0000  -2.0185  -2.0185  -2.0185  -2.0185  -2.0185  -2.0185  -2.0185  -2.0185
 -2.0186  -2.0188  -2.0193  -2.0205  -2.0235  -2.0312  -2.0504  -2.0986  -2.2196
 -2.5222  -3.2683  -4.7550  -5.5200  -6.0250  -6.5053  -6.9784  -7.4549  -7.9395
 -8.4369  -9.0586  -9.6770 -10.1832 -10.6922 -11.2006 -11.7072 -12.2138 -12.7195
  0.0000  -1.1727  -1.1727  -1.1727  -1.1727  -1.1729  -1.1732  -1.1740  -1.1760
 -1.1810  -1.1938  -1.2260  -1.3067  -1.4974  -1.8739  -2.4002  -2.9300  -3.4311
 -3.9182  -4.4072  -4.8987  -5.3959  -5.8986  -6.4031  -6.9218  -7.4354  -7.9769
 -8.7121  -9.2159  -9.7176 -10.2188 -10.7195 -11.2199 -11.7202 -12.2205 -12.7203
  0.0000  -1.2123  -1.2123  -1.2123  -1.2123  -1.2124  -1.2127  -1.2133  -1.2150
 -1.2190  -1.2293  -1.2548  -1.3182  -1.4712  -1.8066  -2.3596  -2.9360  -3.4523
 -3.9414  -4.4257  -4.9100  -5.3999  -5.8973  -6.3990  -6.9172  -7.4312  -7.9734
 -8.7081  -9.2129  -9.7155 -10.2172 -10.7183 -11.2190 -11.7195 -12.2200 -12.7201
  0.0000  -1.2724  -1.2724  -1.2724  -1.2725  -1.2725  -1.2727  -1.2732  -1.2743
 -1.2773  -1.2845  -1.3028  -1.3482  -1.4598  -1.7222  -2.2496  -2.9147  -3.4688
 -3.9675  -4.4511  -4.9298  -5.4119  -5.9015  -6.3978  -6.9131  -7.4266  -7.9691
 -8.7027  -9.2091  -9.7129 -10.2155 -10.7172 -11.2182 -11.7189 -12.2196 -12.7200
  0.0000  -1.3537  -1.3537  -1.3537  -1.3538  -1.3538  -1.3539  -1.3542  -1.3550
 -1.3568  -1.3615  -1.3733  -1.4027  -1.4758  -1.6546  -2.0664  -2.7982  -3.4660
 -3.9900  -4.4796  -4.9568  -5.4327  -5.9138  -6.4017  -6.9110  -7.4216  -7.9632
 -8.6945  -9.2028  -9.7083 -10.2122 -10.7148 -11.2165 -11.7176 -12.2187 -12.7199
  0.0000  -1.4580  -1.4580  -1.4580  -1.4580  -1.4581  -1.4581  -1.4583  -1.4587
 -1.4599  -1.4626  -1.4696  -1.4871  -1.5309  -1.6398  -1.9057  -2.5054  -3.3906
 -4.0010  -4.5081  -4.9899  -5.4638  -5.9384  -6.4174  -6.9181  -7.4220  -7.9600
 -8.6869  -9.1967  -9.7043 -10.2099 -10.7138 -11.2166 -11.7184 -12.2202 -12.7227
  0.0000  -1.5758  -1.5758  -1.5758  -1.5758  -1.5758  -1.5758  -1.5759  -1.5762
 -1.5768  -1.5783  -1.5822  -1.5920  -1.6165  -1.6780  -1.8309  -2.2043  -3.0250
 -3.9622  -4.5212  -5.0167  -5.4942  -5.9669  -6.4394  -6.9318  -7.4267  -7.9577
 -8.6778  -9.1864  -9.6954 -10.2031 -10.7089 -11.2128 -11.7156 -12.2184 -12.7218
  0.0000  -1.7057  -1.7057  -1.7057  -1.7057  -1.7057  -1.7057  -1.7057  -1.7059
 -1.7062  -1.7070  -1.7091  -1.7144  -1.7275  -1.7605  -1.8432  -2.0494  -2.5530
 -3.6159  -4.5029  -5.0316  -5.5198  -5.9954  -6.4662  -6.9534  -7.4403  -7.9631
 -8.6753  -9.1782  -9.6861 -10.1952 -10.7029 -11.2086 -11.7124 -12.2162 -12.7218
  0.0000  -1.1507  -1.1507  -1.1507  -1.1507  -1.1506  -1.1506  -1.1505  -1.1504
 -1.1513  -1.1595  -1.1975  -1.3080  -1.5349  -1.9207  -2.4073  -2.9088  -3.4034
 -3.8946  -4.3927  -4.8937  -5.3975  -5.9074  -6.4311  -6.9503  -7.6412  -8.2131
 -8.7158  -9.2175  -9.7185 -10.2192 -10.7197 -11.2199 -11.7201 -12.2203 -12.7204
  0.0000  -1.1557  -1.1557  -1.1557  -1.1557  -1.1558  -1.1560  -1.1566  -1.1581
 -1.1621  -1.1735  -1.2074  -1.3024  -1.5180  -1.9068  -2.4147  -2.9291  -3.4253
 -3.9122  -4.4031  -4.8973  -5.3964  -5.9042  -6.4274  -6.9471  -7.6377  -8.2103
 -8.7139  -9.2163  -9.7179 -10.2189 -10.7195 -11.2199 -11.7202 -12.2205 -12.7209
  0.0000  -1.1706  -1.1706  -1.1707  -1.1707  -1.1708  -1.1711  -1.1719  -1.1738
 -1.1786  -1.1908  -1.2222  -1.3028  -1.4955  -1.8769  -2.4127  -2.9488  -3.4512
 -3.9366  -4.4208  -4.9073  -5.3992  -5.9021  -6.4232  -6.9426  -7.6321  -8.2055
 -8.7105  -9.2140  -9.7164 -10.2179 -10.7188 -11.2195 -11.7198 -12.2201 -12.7210
  0.0000  -1.2023  -1.2023  -1.2024  -1.2024  -1.2025  -1.2028  -1.2034  -1.2051
 -1.2093  -1.2199  -1.2464  -1.3123  -1.4717  -1.8196  -2.3825  -2.9605  -3.4775
 -3.9659  -4.4465  -4.9259  -5.4092  -5.9047  -6.4205  -6.9377  -7.6246  -8.1984
 -8.7054  -9.2103  -9.7139 -10.2162 -10.7177 -11.2186 -11.7193 -12.2200 -12.7208
  0.0000  -1.2572  -1.2572  -1.2572  -1.2573  -1.2573  -1.2575  -1.2580  -1.2593
 -1.2624  -1.2703  -1.2899  -1.3389  -1.4590  -1.7395  -2.2887  -2.9486  -3.4986
 -3.9970  -4.4786  -4.9544  -5.4303  -5.9168  -6.4246  -6.9363  -7.6183  -8.1908
 -8.6995  -9.2065  -9.7115 -10.2151 -10.7174 -11.2190 -11.7199 -12.2208 -12.7227
  0.0000  -1.3313  -1.3313  -1.3313  -1.3313  -1.3314  -1.3315  -1.3318  -1.3326
 -1.3347  -1.3399  -1.3529  -1.3855  -1.4663  -1.6631  -2.1087  -2.8524  -3.4955
 -4.0164  -4.5053  -4.9820  -5.4541  -5.9335  -6.4328  -6.9360  -7.6109  -8.1788
 -8.6874  -9.1962  -9.7033 -10.2084 -10.7118 -11.2143 -11.7158 -12.2173 -12.7202
  0.0000  -1.4358  -1.4358  -1.4358  -1.4358  -1.4358  -1.4359  -1.4361  -1.4366
 -1.4378  -1.4410  -1.4488  -1.4685  -1.5178  -1.6401  -1.9366  -2.5856  -3.4425
 -4.0277  -4.5325  -5.0150  -5.4877  -5.9641  -6.4574  -6.9524  -7.6205  -8.1798
 -8.6847  -9.1935  -9.7023 -10.2092 -10.7142 -11.2176 -11.7199 -12.2222 -12.7258
  0.0000  -1.1726  -1.1725  -1.1724  -1.1720  -1.1712  -1.1692  -1.1646  -1.1555
 -1.1435  -1.1464  -1.1979  -1.3163  -1.5419  -1.9158  -2.3853  -2.8811  -3.3800
 -3.8798  -4.3880  -4.8991  -5.4147  -5.9357  -6.5762  -7.2087  -7.7126  -8.2152
 -8.7169  -9.2180  -9.7186 -10.2191 -10.7193 -11.2195 -11.7196 -12.2197 -12.7200
  0.0000  -1.1708  -1.1708  -1.1707  -1.1705  -1.1700  -1.1688  -1.1660  -1.1602
 -1.1516  -1.1521  -1.1961  -1.3116  -1.5344  -1.9157  -2.3980  -2.8989  -3.3953
 -3.8893  -4.3914  -4.8983  -5.4120  -5.9327  -6.5727  -7.2054  -7.7104  -8.2139
 -8.7162  -9.2177  -9.7187 -10.2193 -10.7197 -11.2199 -11.7201 -12.2203 -12.7204
  0.0000  -1.1618  -1.1617  -1.1617  -1.1617  -1.1615  -1.1611  -1.1603  -1.1585
 -1.1562  -1.1598  -1.1953  -1.3040  -1.5248  -1.9139  -2.4127  -2.9213  -3.4166
 -3.9048  -4.3990  -4.8993  -5.4089  -5.9278  -6.5665  -7.1988  -7.7055  -8.2101
 -8.7135  -9.2156  -9.7170 -10.2179 -10.7184 -11.2188 -11.7190 -12.2192 -12.7197
  0.0000  -1.1581  -1.1581  -1.1581  -1.1581  -1.1582  -1.1583  -1.1586  -1.1595
 -1.1622  -1.1713  -1.2032  -1.2987  -1.5140  -1.9079  -2.4277  -2.9487  -3.4460
 -3.9305  -4.4167  -4.9088  -5.4114  -5.9260  -6.5616  -7.1922  -7.7006  -8.2070
 -8.7116  -9.2148  -9.7169 -10.2183 -10.7191 -11.2197 -11.7200 -12.2203 -12.7211
  0.0000  -1.1649  -1.1649  -1.1649  -1.1650  -1.1651  -1.1654  -1.1661  -1.1679
 -1.1724  -1.1842  -1.2152  -1.2972  -1.4947  -1.8840  -2.4298  -2.9713  -3.4753
 -3.9598  -4.4408  -4.9251  -5.4190  -5.9263  -6.5561  -7.1826  -7.6916  -8.1999
 -8.7064  -9.2108  -9.7141 -10.2162 -10.7175 -11.2183 -11.7189 -12.2195 -12.7203
  0.0000  -1.1921  -1.1921  -1.1921  -1.1922  -1.1923  -1.1926  -1.1933  -1.1950
 -1.1993  -1.2103  -1.2377  -1.3064  -1.4733  -1.8342  -2.4059  -2.9846  -3.5023
 -3.9912  -4.4709  -4.9506  -5.4370  -5.9355  -6.5580  -7.1771  -7.6836  -8.1927
 -8.7010  -9.2075  -9.7119 -10.2151 -10.7171 -11.2184 -11.7193 -12.2202 -12.7216
  0.0000  -1.2403  -1.2403  -1.2403  -1.2403  -1.2404  -1.2406  -1.2412  -1.2425
 -1.2459  -1.2543  -1.2754  -1.3279  -1.4565  -1.7544  -2.3202  -2.9705  -3.5162
 -4.0148  -4.4975  -4.9764  -5.4587  -5.9504  -6.5671  -7.1771  -7.6766  -8.1835
 -8.6926  -9.2008  -9.7071 -10.2113 -10.7144 -11.2163 -11.7176 -12.2189 -12.7207
  0.0000  -1.1844  -1.1843  -1.1841  -1.1836  -1.1823  -1.1793  -1.1727  -1.1605
 -1.1472  -1.1535  -1.2064  -1.3212  -1.5407  -1.9024  -2.3631  -2.8602  -3.3669
 -3.8762  -4.4024  -4.9209  -5.4660  -6.2009  -6.7080  -7.2120  -7.7150  -8.2168
 -8.7179  -9.2186  -9.7190 -10.2193 -10.7195 -11.2196 -11.7197 -12.2198 -12.7199
  0.0000  -1.1964  -1.1963  -1.1961  -1.1955  -1.1941  -1.1907  -1.1831  -1.1686
 -1.1509  -1.1530  -1.2053  -1.3183  -1.5348  -1.9019  -2.3711  -2.8705  -3.3741
 -3.8788  -4.4019  -4.9187  -5.4634  -6.1971  -6.7054  -7.2104  -7.7140  -8.2163
 -8.7178  -9.2187  -9.7193 -10.2197 -10.7199 -11.2201 -11.7202 -12.2203 -12.7206
  0.0000  -1.1969  -1.1968  -1.1966  -1.1961  -1.1948  -1.1918  -1.1848  -1.1710
 -1.1521  -1.1499  -1.2004  -1.3141  -1.5304  -1.9063  -2.3867  -2.8888  -3.3883
 -3.8865  -4.4034  -4.9165  -5.4595  -6.1908  -6.7004  -7.2070  -7.7114  -8.2147
 -8.7167  -9.2180  -9.7189 -10.2194 -10.7197 -11.2200 -11.7201 -12.2202 -12.7206
  0.0000  -1.1855  -1.1855  -1.1854  -1.1850  -1.1842  -1.1823  -1.1778  -1.1684
 -1.1540  -1.1498  -1.1942  -1.3084  -1.5263  -1.9127  -2.4073  -2.9142  -3.4106
 -3.9016  -4.4102  -4.9169  -5.4559  -6.1830  -6.6933  -7.2015  -7.7077  -8.2119
 -8.7149  -9.2168  -9.7181 -10.2189 -10.7194 -11.2197 -11.7199 -12.2201 -12.7204
  0.0000  -1.1694  -1.1694  -1.1693  -1.1692  -1.1689  -1.1682  -1.1665  -1.1628
 -1.1570  -1.1567  -1.1919  -1.3022  -1.5215  -1.9175  -2.4286  -2.9435  -3.4398
 -3.9254  -4.4257  -4.9239  -5.4563  -6.1768  -6.6855  -7.1946  -7.7027  -8.2087
 -8.7127  -9.2157  -9.7176 -10.2187 -10.7195 -11.2200 -11.7203 -12.2206 -12.7211
  0.0000  -1.1579  -1.1579  -1.1579  -1.1579  -1.1579  -1.1579  -1.1580  -1.1582
 -1.1594  -1.1663  -1.1971  -1.2950  -1.5119  -1.9124  -2.4425  -2.9694  -3.4690
 -3.9529  -4.4478  -4.9379  -5.4620  -6.1751  -6.6778  -7.1857  -7.6948  -8.2027
 -8.7086  -9.2125  -9.7154 -10.2172 -10.7183 -11.2191 -11.7195 -12.2199 -12.7209
  0.0000  -1.1611  -1.1612  -1.1612  -1.1612  -1.1613  -1.1616  -1.1622  -1.1639
 -1.1681  -1.1792  -1.2098  -1.2935  -1.4954  -1.8908  -2.4422  -2.9868  -3.4933
 -3.9790  -4.4723  -4.9574  -5.4750  -6.1830  -6.6754  -7.1782  -7.6864  -8.1955
 -8.7031  -9.2086  -9.7123 -10.2150 -10.7167 -11.2178 -11.7184 -12.2190 -12.7202
  0.0000  -1.1814  -1.1814  -1.1812  -1.1809  -1.1800  -1.1778  -1.1731  -1.1646
 -1.1558  -1.1635  -1.2126  -1.3236  -1.5379  -1.8912  -2.3481  -2.8490  -3.3660
 -3.8956  -4.4293  -5.1228  -5.6996  -6.2069  -6.7116  -7.2149  -7.7169  -8.2182
 -8.7190  -9.2195  -9.7199 -10.2201 -10.7202 -11.2203 -11.7203 -12.2203 -12.7205
  0.0000  -1.2002  -1.2001  -1.1999  -1.1994  -1.1981  -1.1951  -1.1883  -1.1760
 -1.1619  -1.1659  -1.2144  -1.3220  -1.5301  -1.8842  -2.3465  -2.8496  -3.3659
 -3.8938  -4.4273  -5.1196  -5.6964  -6.2045  -6.7100  -7.2137  -7.7161  -8.2177
 -8.7186  -9.2193  -9.7196 -10.2199 -10.7200 -11.2201 -11.7202 -12.2203 -12.7204
  0.0000  -1.2126  -1.2124  -1.2122  -1.2115  -1.2097  -1.2056  -1.1965  -1.1796
 -1.1599  -1.1610  -1.2114  -1.3192  -1.5265  -1.8868  -2.3565  -2.8600  -3.3719
 -3.8954  -4.4254  -5.1149  -5.6911  -6.2003  -6.7071  -7.2115  -7.7148  -8.2168
 -8.7181  -9.2189  -9.7194 -10.2198 -10.7200 -11.2201 -11.7202 -12.2203 -12.7204
  0.0000  -1.2172  -1.2171  -1.2168  -1.2160  -1.2140  -1.2092  -1.1986  -1.1787
 -1.1542  -1.1525  -1.2051  -1.3152  -1.5248  -1.8954  -2.3753  -2.8794  -3.3857
 -3.9022  -4.4256  -5.1102  -5.6842  -6.1942  -6.7024  -7.2085  -7.7125  -8.2154
 -8.7172  -9.2184  -9.7191 -10.2196 -10.7199 -11.2201 -11.7202 -12.2203 -12.7205
  0.0000  -1.2106  -1.2105  -1.2102  -1.2095  -1.2078  -1.2035  -1.1940  -1.1752
 -1.1501  -1.1449  -1.1971  -1.3100  -1.5234  -1.9058  -2.3983  -2.9053  -3.4072
 -3.9165  -4.4307  -5.1086  -5.6772  -6.1862  -6.6957  -7.2034  -7.7091  -8.2129
 -8.7156  -9.2174  -9.7184 -10.2191 -10.7196 -11.2198 -11.7200 -12.2202 -12.7203
  0.0000  -1.1937  -1.1936  -1.1934  -1.1930  -1.1919  -1.1893  -1.1832  -1.1706
 -1.1515  -1.1444  -1.1904  -1.3047  -1.5214  -1.9145  -2.4208  -2.9334  -3.4338
 -3.9381  -4.4433  -5.1150  -5.6746  -6.1792  -6.6881  -7.1973  -7.7047  -8.2100
 -8.7136  -9.2162  -9.7178 -10.2188 -10.7195 -11.2199 -11.7202 -12.2205 -12.7209
  0.0000  -1.1734  -1.1733  -1.1733  -1.1731  -1.1727  -1.1717  -1.1693  -1.1641
 -1.1555  -1.1524  -1.1881  -1.2988  -1.5169  -1.9169  -2.4368  -2.9571  -3.4592
 -3.9620  -4.4612  -5.1303  -5.6795  -6.1756  -6.6810  -7.1900  -7.6988  -8.2058
 -8.7107  -9.2141  -9.7164 -10.2179 -10.7188 -11.2194 -11.7198 -12.2202 -12.7208
  0.0000  -1.1701  -1.1700  -1.1699  -1.1697  -1.1692  -1.1679  -1.1651  -1.1601
 -1.1556  -1.1649  -1.2119  -1.3218  -1.5357  -1.8865  -2.3446  -2.8561  -3.3874
 -4.0412  -4.6794  -5.1931  -5.7026  -6.2089  -6.7129  -7.2157  -7.7174  -8.2184
 -8.7191  -9.2195  -9.7198 -10.2199 -10.7200 -11.2201 -11.7201 -12.2201 -12.7203
  0.0000  -1.1947  -1.1947  -1.1945  -1.1942  -1.1935  -1.1917  -1.1877  -1.1802
 -1.1717  -1.1765  -1.2197  -1.3218  -1.5232  -1.8686  -2.3310  -2.8480  -3.3827
 -4.0386  -4.6782  -5.1922  -5.7020  -6.2085  -6.7126  -7.2155  -7.7172  -8.2183
 -8.7190  -9.2195  -9.7197 -10.2199 -10.7200 -11.2201 -11.7201 -12.2201 -12.7203
  0.0000  -1.2102  -1.2101  -1.2100  -1.2095  -1.2083  -1.2055  -1.1994  -1.1878
 -1.1741  -1.1760  -1.2199  -1.3209  -1.5185  -1.8656  -2.3320  -2.8498  -3.3825
 -4.0029  -4.6743  -5.1883  -5.6989  -6.2063  -6.7111  -7.2145  -7.7166  -8.2179
 -8.7188  -9.2193  -9.7196 -10.2199 -10.7200 -11.2201 -11.7201 -12.2201 -12.7203
  0.0000  -1.2208  -1.2207  -1.2204  -1.2197  -1.2180  -1.2139  -1.2048  -1.1880
 -1.1682  -1.1679  -1.2152  -1.3183  -1.5177  -1.8720  -2.3449  -2.8611  -3.3882
 -4.0045  -4.6697  -5.1824  -5.6937  -6.2024  -6.7086  -7.2127  -7.7155  -8.2173
 -8.7185  -9.2192  -9.7196 -10.2199 -10.7201 -11.2202 -11.7203 -12.2204 -12.7205
  0.0000  -1.2266  -1.2264  -1.2261  -1.2251  -1.2229  -1.2175  -1.2058  -1.1842
 -1.1588  -1.1570  -1.2080  -1.3143  -1.5177  -1.8830  -2.3653  -2.8809  -3.4010
 -4.0130  -4.6676  -5.1760  -5.6867  -6.1966  -6.7044  -7.2099  -7.7136  -8.2161
 -8.7177  -9.2188  -9.7194 -10.2198 -10.7201 -11.2202 -11.7203 -12.2204 -12.7204
  0.0000  -1.2247  -1.2245  -1.2241  -1.2232  -1.2208  -1.2152  -1.2027  -1.1795
 -1.1510  -1.1472  -1.2000  -1.3093  -1.5172  -1.8941  -2.3875  -2.9050  -3.4202
 -4.0290  -4.6724  -5.1722  -5.6794  -6.1893  -6.6985  -7.2056  -7.7106  -8.2140
 -8.7163  -9.2178  -9.7187 -10.2193 -10.7197 -11.2199 -11.7201 -12.2203 -12.7204
  0.0000  -1.2133  -1.2132  -1.2129  -1.2121  -1.2103  -1.2058  -1.1957  -1.1760
 -1.1495  -1.1428  -1.1933  -1.3044  -1.5156  -1.9019  -2.4066  -2.9283  -3.4418
 -4.0512  -4.6860  -5.1745  -5.6750  -6.1824  -6.6919  -7.2004  -7.7069  -8.2113
 -8.7145  -9.2165  -9.7178 -10.2186 -10.7191 -11.2194 -11.7197 -12.2200 -12.7202
  0.0000  -1.1429  -1.1429  -1.1428  -1.1427  -1.1423  -1.1414  -1.1396  -1.1365
 -1.1350  -1.1475  -1.1982  -1.3158  -1.5413  -1.9026  -2.3687  -2.9096  -3.6054
 -4.1636  -4.6805  -5.1935  -5.7029  -6.2091  -6.7132  -7.2160  -7.7177  -8.2188
 -8.7195  -9.2199  -9.7202 -10.2203 -10.7204 -11.2205 -11.7205 -12.2205 -12.7207
  0.0000  -1.1816  -1.1816  -1.1815  -1.1814  -1.1810  -1.1801  -1.1779  -1.1740
 -1.1698  -1.1762  -1.2162  -1.3156  -1.5160  -1.8635  -2.3354  -2.8896  -3.5982
 -4.1657  -4.6844  -5.1972  -5.7057  -6.2110  -6.7147  -7.2169  -7.7183  -8.2191
 -8.7197  -9.2200  -9.7202 -10.2204 -10.7205 -11.2205 -11.7206 -12.2207 -12.7206
  0.0000  -1.2007  -1.2007  -1.2006  -1.2004  -1.1998  -1.1983  -1.1951  -1.1887
 -1.1810  -1.1838  -1.2216  -1.3162  -1.5075  -1.8503  -2.3251  -2.8835  -3.5964
 -4.1637  -4.6826  -5.1957  -5.7046  -6.2103  -6.7141  -7.2165  -7.7180  -8.2189
 -8.7195  -9.2199  -9.7201 -10.2203 -10.7204 -11.2204 -11.7205 -12.2206 -12.7205
  0.0000  -1.2118  -1.2117  -1.2115  -1.2111  -1.2101  -1.2078  -1.2026  -1.1924
 -1.1797  -1.1799  -1.2196  -1.3154  -1.5058  -1.8515  -2.3294  -2.8870  -3.5990
 -4.1602  -4.6779  -5.1916  -5.7015  -6.2082  -6.7125  -7.2156  -7.7174  -8.2186
 -8.7194  -9.2198  -9.7201 -10.2203 -10.7204 -11.2205 -11.7205 -12.2205 -12.7207
  0.0000  -1.2184  -1.2183  -1.2180  -1.2174  -1.2160  -1.2125  -1.2047  -1.1901
 -1.1719  -1.1704  -1.2136  -1.3126  -1.5062  -1.8602  -2.3435  -2.8993  -3.6089
 -4.1584  -4.6723  -5.1855  -5.6964  -6.2045  -6.7101  -7.2138  -7.7164  -8.2179
 -8.7189  -9.2195  -9.7199 -10.2202 -10.7203 -11.2204 -11.7205 -12.2206 -12.7207
  0.0000  -1.2214  -1.2213  -1.2210  -1.2202  -1.2183  -1.2139  -1.2040  -1.1856
 -1.1631  -1.1602  -1.2063  -1.3086  -1.5068  -1.8711  -2.3627  -2.9184  -3.6281
 -4.1622  -4.6686  -5.1790  -5.6901  -6.1996  -6.7066  -7.2114  -7.7147  -8.2169
 -8.7183  -9.2191  -9.7197 -10.2200 -10.7202 -11.2204 -11.7205 -12.2206 -12.7209
  0.0000  -1.2201  -1.2200  -1.2197  -1.2189  -1.2169  -1.2123  -1.2019  -1.1823
 -1.1580  -1.1534  -1.2005  -1.3050  -1.5067  -1.8772  -2.3817  -2.9401  -3.6547
 -4.1739  -4.6703  -5.1752  -5.6847  -6.1947  -6.7030  -7.2091  -7.7132  -8.2161
 -8.7179  -9.2191  -9.7198 -10.2203 -10.7206 -11.2208 -11.7209 -12.2210 -12.7212
 -1.0000  -1.1439  -1.1438  -1.1438  -1.1437  -1.1435  -1.1430  -1.1418  -1.1397
 -1.1388  -1.1485  -1.1922  -1.3007  -1.5162  -1.8818  -2.4587  -3.0923  -3.6399
 -4.1689  -4.6858  -5.1977  -5.7056  -6.2107  -6.7142  -7.2163  -7.7177  -8.2185
 -8.7190  -9.2194  -9.7196 -10.2197 -10.7198 -11.2198 -11.7199 -12.2200 -12.7199
  0.0000  -1.1439  -1.1438  -1.1438  -1.1437  -1.1435  -1.1430  -1.1418  -1.1397
 -1.1388  -1.1485  -1.1922  -1.3007  -1.5162  -1.8818  -2.4587  -3.0923  -3.6399
 -4.1689  -4.6858  -5.1977  -5.7056  -6.2107  -6.7142  -7.2163  -7.7177  -8.2185
 -8.7190  -9.2194  -9.7196 -10.2197 -10.7198 -11.2198 -11.7199 -12.2200 -12.7199
  0.0000  -1.1731  -1.1731  -1.1730  -1.1729  -1.1726  -1.1720  -1.1705  -1.1677
 -1.1646  -1.1700  -1.2063  -1.3017  -1.4968  -1.8492  -2.4304  -3.0816  -3.6387
 -4.1708  -4.6882  -5.1998  -5.7071  -6.2116  -6.7148  -7.2167  -7.7179  -8.2186
 -8.7190  -9.2193  -9.7195 -10.2196 -10.7197 -11.2197 -11.7198 -12.2199 -12.7198
  0.0000  -1.1857  -1.1856  -1.1856  -1.1854  -1.1849  -1.1839  -1.1815  -1.1765
 -1.1702  -1.1728  -1.2086  -1.3027  -1.4922  -1.8410  -2.4294  -3.0817  -3.6368
 -4.1683  -4.6860  -5.1980  -5.7060  -6.2110  -6.7144  -7.2165  -7.7178  -8.2186
 -8.7192  -9.2195  -9.7197 -10.2198 -10.7199 -11.2199 -11.7200 -12.2201 -12.7200
  0.0000  -1.1911  -1.1910  -1.1909  -1.1906  -1.1899  -1.1882  -1.1843  -1.1766
 -1.1665  -1.1669  -1.2047  -1.3015  -1.4923  -1.8444  -2.4444  -3.0898  -3.6361
 -4.1639  -4.6811  -5.1939  -5.7030  -6.2090  -6.7130  -7.2156  -7.7173  -8.2183
 -8.7189  -9.2193  -9.7196 -10.2197 -10.7198 -11.2199 -11.7199 -12.2199 -12.7201
  0.0000  -1.1927  -1.1927  -1.1925  -1.1921  -1.1912  -1.1888  -1.1836  -1.1733
 -1.1597  -1.1583  -1.1984  -1.2985  -1.4931  -1.8526  -2.4689  -3.1065  -3.6400
 -4.1608  -4.6755  -5.1886  -5.6988  -6.2060  -6.7109  -7.2142  -7.7163  -8.2176
 -8.7185  -9.2190  -9.7193 -10.2196 -10.7197 -11.2198 -11.7198 -12.2198 -12.7200
  0.0000  -1.1916  -1.1915  -1.1914  -1.1910  -1.1899  -1.1874  -1.1816  -1.1703
 -1.1549  -1.1522  -1.1927  -1.2950  -1.4932  -1.8606  -2.4951  -3.1289  -3.6497
 -4.1615  -4.6717  -5.1836  -5.6944  -6.2028  -6.7087  -7.2125  -7.7154  -8.2171
 -8.7181  -9.2188  -9.7193 -10.2195 -10.7197 -11.2198 -11.7199 -12.2200 -12.7200
 -1.0000  -1.0396  -1.0396  -1.0396  -1.0395  -1.0394  -1.0391  -1.0385  -1.0383
 -1.0427  -1.0668  -1.1369  -1.2817  -1.5851  -2.1131  -2.6467  -3.1548  -3.6613
 -4.1691  -4.6798  -5.1906  -5.6996  -6.2064  -6.7111  -7.2143  -7.7164  -8.2177
 -8.7186  -9.2191  -9.7194 -10.2197 -10.7198 -11.2199 -11.7199 -12.2199 -12.7201
  0.0000  -1.0396  -1.0396  -1.0396  -1.0395  -1.0394  -1.0391  -1.0385  -1.0383
 -1.0427  -1.0668  -1.1369  -1.2817  -1.5851  -2.1131  -2.6467  -3.1548  -3.6613
 -4.1691  -4.6798  -5.1906  -5.6996  -6.2064  -6.7111  -7.2143  -7.7164  -8.2177
 -8.7186  -9.2191  -9.7194 -10.2197 -10.7198 -11.2199 -11.7199 -12.2199 -12.7201
  0.0000  -1.1010  -1.1010  -1.1010  -1.1010  -1.1009  -1.1002  -1.1009  -1.1013
 -1.1043  -1.1192  -1.1671  -1.2750  -1.5176  -2.0013  -2.5743  -3.1218  -3.6544
 -4.1759  -4.6911  -5.2014  -5.7080  -6.2123  -6.7151  -7.2168  -7.7178  -8.2185
 -8.7189  -9.2192  -9.7193 -10.2194 -10.7195 -11.2195 -11.7196 -12.2197 -12.7196
  0.0000  -1.1166  -1.1166  -1.1166  -1.1166  -1.1165  -1.1164  -1.1162  -1.1161
 -1.1180  -1.1307  -1.1747  -1.2739  -1.5023  -1.9818  -2.5651  -3.1193  -3.6546
 -4.1769  -4.6922  -5.2023  -5.7086  -6.2128  -6.7154  -7.2170  -7.7180  -8.2186
 -8.7190  -9.2192  -9.7194 -10.2195 -10.7195 -11.2196 -11.7196 -12.2196 -12.7198
  0.0000  -1.1170  -1.1170  -1.1170  -1.1170  -1.1168  -1.1165  -1.1157  -1.1146
 -1.1149  -1.1267  -1.1727  -1.2716  -1.5029  -1.9931  -2.5716  -3.1200  -3.6523
 -4.1739  -4.6895  -5.2002  -5.7072  -6.2116  -6.7147  -7.2165  -7.7176  -8.2183
 -8.7188  -9.2190  -9.7192 -10.2193 -10.7194 -11.2194 -11.7195 -12.2196 -12.7195
  0.0000  -1.1124  -1.1123  -1.1123  -1.1122  -1.1120  -1.1115  -1.1102  -1.1081
 -1.1070  -1.1187  -1.1668  -1.2677  -1.5083  -2.0177  -2.5873  -3.1249  -3.6508
 -4.1700  -4.6855  -5.1970  -5.7050  -6.2101  -6.7137  -7.2158  -7.7172  -8.2181
 -8.7186  -9.2189  -9.7192 -10.2193 -10.7194 -11.2194 -11.7195 -12.2196 -12.7195
  0.0000  -1.1065  -1.1064  -1.1064  -1.1063  -1.1061  -1.1056  -1.1044  -1.1021
 -1.1005  -1.1115  -1.1601  -1.2632  -1.5134  -2.0435  -2.6067  -3.1335  -3.6518
 -4.1672  -4.6817  -5.1936  -5.7024  -6.2084  -6.7122  -7.2150  -7.7167  -8.2177
 -8.7184  -9.2188  -9.7191 -10.2192 -10.7193 -11.2194 -11.7194 -12.2194 -12.7196
 -2.0000  -0.9801  -0.9801  -0.9802  -0.9803  -0.9806  -0.9814  -0.9833  -0.9882
 -1.0012  -1.0350  -1.1178  -1.3101  -1.6756  -2.1446  -2.6412  -3.1510  -3.6628
 -4.1769  -4.6902  -5.2008  -5.7085  -6.2136  -6.7171  -7.2193  -7.7207  -8.2216
 -8.7222  -9.2225  -9.7227 -10.2229 -10.7230 -11.2230 -11.7231 -12.2232 -12.7231
 -1.0000  -0.9801  -0.9801  -0.9802  -0.9803  -0.9806  -0.9814  -0.9833  -0.9882
 -1.0012  -1.0350  -1.1178  -1.3101  -1.6756  -2.1446  -2.6412  -3.1510  -3.6628
 -4.1769  -4.6902  -5.2008  -5.7085  -6.2136  -6.7171  -7.2193  -7.7207  -8.2216
 -8.7222  -9.2225  -9.7227 -10.2229 -10.7230 -11.2230 -11.7231 -12.2232 -12.7231
  0.0000  -0.9801  -0.9801  -0.9802  -0.9803  -0.9806  -0.9814  -0.9833  -0.9882
 -1.0012  -1.0350  -1.1178  -1.3101  -1.6756  -2.1446  -2.6412  -3.1510  -3.6628
 -4.1769  -4.6902  -5.2008  -5.7085  -6.2136  -6.7171  -7.2193  -7.7207  -8.2216
 -8.7222  -9.2225  -9.7227 -10.2229 -10.7230 -11.2230 -11.7231 -12.2232 -12.7231
  0.0000  -1.0376  -1.0376  -1.0377  -1.0378  -1.0380  -1.0387  -1.0402  -1.0440
 -1.0532  -1.0765  -1.1355  -1.2789  -1.6001  -2.0818  -2.6084  -3.1418  -3.6665
 -4.1856  -4.6990  -5.2080  -5.7136  -6.2174  -6.7196  -7.2211  -7.7219  -8.2225
 -8.7228  -9.2231  -9.7232 -10.2233 -10.7233 -11.2234 -11.7234 -12.2234 -12.7236
  0.0000  -1.0431  -1.0431  -1.0431  -1.0432  -1.0434  -1.0441  -1.0456  -1.0493
 -1.0581  -1.0803  -1.1370  -1.2756  -1.5938  -2.0775  -2.6068  -3.1419  -3.6672
 -4.1863  -4.6997  -5.2085  -5.7140  -6.2177  -6.7199  -7.2213  -7.7222  -8.2227
 -8.7231  -9.2233  -9.7234 -10.2235 -10.7235 -11.2236 -11.7236 -12.2236 -12.7238
  0.0000  -1.0329  -1.0329  -1.0329  -1.0331  -1.0333  -1.0340  -1.0357  -1.0396
 -1.0490  -1.0724  -1.1328  -1.2797  -1.6077  -2.0892  -2.6120  -3.1427  -3.6658
 -4.1845  -4.6981  -5.2074  -5.7134  -6.2173  -6.7197  -7.2213  -7.7222  -8.2228
 -8.7232  -9.2234  -9.7236 -10.2237 -10.7237 -11.2238 -11.7238 -12.2238 -12.7240
  0.0000  -1.0219  -1.0219  -1.0219  -1.0221  -1.0224  -1.0232  -1.0250  -1.0293
 -1.0390  -1.0633  -1.1275  -1.2837  -1.6238  -2.1042  -2.6197  -3.1447  -3.6647
 -4.1823  -4.6961  -5.2058  -5.7123  -6.2164  -6.7193  -7.2210  -7.7221  -8.2228
 -8.7232  -9.2235  -9.7236 -10.2237 -10.7238 -11.2238 -11.7239 -12.2240 -12.7239
 -3.0000  -0.9716  -0.9718  -0.9717  -0.9718  -0.9721  -0.9730  -0.9752  -0.9806
 -0.9943  -1.0293  -1.1193  -1.3271  -1.6845  -2.1314  -2.6274  -3.1390  -3.6558
 -4.1720  -4.6852  -5.1948  -5.7012  -6.2054  -6.7082  -7.2099  -7.7110  -8.2117
 -8.7121  -9.2124  -9.7125 -10.2126 -10.7127 -11.2127 -11.7128 -12.2129 -12.7128
 -2.0000  -0.9716  -0.9718  -0.9717  -0.9718  -0.9721  -0.9730  -0.9752  -0.9806
 -0.9943  -1.0293  -1.1193  -1.3271  -1.6845  -2.1314  -2.6274  -3.1390  -3.6558
 -4.1720  -4.6852  -5.1948  -5.7012  -6.2054  -6.7082  -7.2099  -7.7110  -8.2117
 -8.7121  -9.2124  -9.7125 -10.2126 -10.7127 -11.2127 -11.7128 -12.2129 -12.7128
 -1.0000  -0.9716  -0.9718  -0.9717  -0.9718  -0.9721  -0.9730  -0.9752  -0.9806
 -0.9943  -1.0293  -1.1193  -1.3271  -1.6845  -2.1314  -2.6274  -3.1390  -3.6558
 -4.1720  -4.6852  -5.1948  -5.7012  -6.2054  -6.7082  -7.2099  -7.7110  -8.2117
 -8.7121  -9.2124  -9.7125 -10.2126 -10.7127 -11.2127 -11.7128 -12.2129 -12.7128
  0.0000  -0.9716  -0.9718  -0.9717  -0.9718  -0.9721  -0.9730  -0.9752  -0.9806
 -0.9943  -1.0293  -1.1193  -1.3271  -1.6845  -2.1314  -2.6274  -3.1390  -3.6558
 -4.1720  -4.6852  -5.1948  -5.7012  -6.2054  -6.7082  -7.2099  -7.7110  -8.2117
 -8.7121  -9.2124  -9.7125 -10.2126 -10.7127 -11.2127 -11.7128 -12.2129 -12.7128
  0.0000  -1.0391  -1.0391  -1.0391  -1.0392  -1.0393  -1.0396  -1.0403  -1.0421
 -1.0475  -1.0635  -1.1185  -1.2828  -1.6261  -2.0918  -2.6106  -3.1373  -3.6610
 -4.1789  -4.6912  -5.1992  -5.7041  -6.2075  -6.7095  -7.2107  -7.7115  -8.2119
 -8.7122  -9.2124  -9.7125 -10.2126 -10.7126 -11.2127 -11.7127 -12.2127 -12.7129
  0.0000  -1.0531  -1.0531  -1.0531  -1.0531  -1.0532  -1.0534  -1.0537  -1.0547
 -1.0579  -1.0694  -1.1172  -1.2744  -1.6168  -2.0868  -2.6093  -3.1377  -3.6619
 -4.1797  -4.6918  -5.1995  -5.7043  -6.2075  -6.7094  -7.2106  -7.7113  -8.2118
 -8.7121  -9.2122  -9.7123 -10.2124 -10.7124 -11.2125 -11.7125 -12.2125 -12.7127
  0.0000  -1.0564  -1.0564  -1.0564  -1.0564  -1.0567  -1.0565  -1.0567  -1.0571
 -1.0594  -1.0684  -1.1144  -1.2728  -1.6183  -2.0889  -2.6105  -3.1380  -3.6617
 -4.1794  -4.6915  -5.1993  -5.7041  -6.2074  -6.7093  -7.2105  -7.7112  -8.2117
 -8.7119  -9.2121  -9.7122 -10.2123 -10.7123 -11.2124 -11.7124 -12.2124 -12.7126
-13.0000  -1.0565  -1.0565  -1.0565  -1.0565  -1.0568  -1.0566  -1.0568  -1.0572
 -1.0595  -1.0685  -1.1145  -1.2729  -1.6184  -2.0890  -2.6106  -3.1381  -3.6618
 -4.1795  -4.6916  -5.1994  -5.7042  -6.2075  -6.7094  -7.2106  -7.7113  -8.2118
 -8.7120  -9.2122  -9.7123 -10.2124 -10.7124 -11.2125 -11.7125 -12.2125 -12.7127
-12.0000  -1.0565  -1.0565  -1.0565  -1.0565  -1.0568  -1.0566  -1.0568  -1.0572
 -1.0595  -1.0685  -1.1145  -1.2729  -1.6184  -2.0890  -2.6106  -3.1381  -3.6618
 -4.1795  -4.6916  -5.1994  -5.7042  -6.2075  -6.7094  -7.2106  -7.7113  -8.2118
 -8.7120  -9.2122  -9.7123 -10.2124 -10.7124 -11.2125 -11.7125 -12.2125 -12.7127
-11.0000  -1.0565  -1.0565  -1.0565  -1.0565  -1.0568  -1.0566  -1.0568  -1.0572
 -1.0595  -1.0685  -1.1145  -1.2729  -1.6184  -2.0890  -2.6106  -3.1381  -3.6618
 -4.1795  -4.6916  -5.1994  -5.7042  -6.2075  -6.7094  -7.2106  -7.7113  -8.2118
 -8.7120  -9.2122  -9.7123 -10.2124 -10.7124 -11.2125 -11.7125 -12.2125 -12.7127
-10.0000  -1.0565  -1.0565  -1.0565  -1.0565  -1.0568  -1.0566  -1.0568  -1.0572
 -1.0595  -1.0685  -1.1145  -1.2729  -1.6184  -2.0890  -2.6106  -3.1381  -3.6618
 -4.1795  -4.6916  -5.1994  -5.7042  -6.2075  -6.7094  -7.2106  -7.7113  -8.2118
 -8.7120  -9.2122  -9.7123 -10.2124 -10.7124 -11.2125 -11.7125 -12.2125 -12.7127
-10.0000  -1.0565  -1.0565  -1.0565  -1.0565  -1.0568  -1.0566  -1.0568  -1.0572
 -1.0595  -1.0685  -1.1145  -1.2729  -1.6184  -2.0890  -2.6106  -3.1381  -3.6618
 -4.1795  -4.6916  -5.1994  -5.7042  -6.2075  -6.7094  -7.2106  -7.7113  -8.2118
 -8.7120  -9.2122  -9.7123 -10.2124 -10.7124 -11.2125 -11.7125 -12.2125 -12.7127
-10.0000  -1.0564  -1.0564  -1.0564  -1.0564  -1.0567  -1.0565  -1.0567  -1.0571
 -1.0594  -1.0684  -1.1144  -1.2728  -1.6183  -2.0889  -2.6105  -3.1380  -3.6617
 -4.1794  -4.6915  -5.1993  -5.7041  -6.2074  -6.7093  -7.2105  -7.7112  -8.2117
 -8.7119  -9.2121  -9.7122 -10.2123 -10.7123 -11.2124 -11.7124 -12.2124 -12.7126
-10.0000  -1.0564  -1.0564  -1.0564  -1.0564  -1.0567  -1.0565  -1.0567  -1.0571
 -1.0594  -1.0684  -1.1144  -1.2728  -1.6183  -2.0889  -2.6105  -3.1380  -3.6617
 -4.1794  -4.6915  -5.1993  -5.7041  -6.2074  -6.7093  -7.2105  -7.7112  -8.2117
 -8.7119  -9.2121  -9.7122 -10.2123 -10.7123 -11.2124 -11.7124 -12.2124 -12.7126
-23.0000  -1.0564  -1.0564  -1.0564  -1.0564  -1.0567  -1.0565  -1.0567  -1.0571
 -1.0594  -1.0684  -1.1144  -1.2728  -1.6183  -2.0889  -2.6105  -3.1380  -3.6617
 -4.1794  -4.6915  -5.1993  -5.7041  -6.2074  -6.7093  -7.2105  -7.7112  -8.2117
 -8.7119  -9.2121  -9.7122 -10.2123 -10.7123 -11.2124 -11.7124 -12.2124 -12.7126
-22.0000  -1.0564  -1.0564  -1.0564  -1.0564  -1.0567  -1.0565  -1.0567  -1.0571
 -1.0594  -1.0684  -1.1144  -1.2728  -1.6183  -2.0889  -2.6105  -3.1380  -3.6617
 -4.1794  -4.6915  -5.1993  -5.7041  -6.2074  -6.7093  -7.2105  -7.7112  -8.2117
 -8.7119  -9.2121  -9.7122 -10.2123 -10.7123 -11.2124 -11.7124 -12.2124 -12.7126
-21.0000  -1.0564  -1.0564  -1.0564  -1.0564  -1.0567  -1.0565  -1.0567  -1.0571
 -1.0594  -1.0684  -1.1144  -1.2728  -1.6183  -2.0889  -2.6105  -3.1380  -3.6617
 -4.1794  -4.6915  -5.1993  -5.7041  -6.2074  -6.7093  -7.2105  -7.7112  -8.2117
 -8.7119  -9.2121  -9.7122 -10.2123 -10.7123 -11.2124 -11.7124 -12.2124 -12.7126
-20.0000  -1.0564  -1.0564  -1.0564  -1.0564  -1.0567  -1.0565  -1.0567  -1.0571
 -1.0594  -1.0684  -1.1144  -1.2728  -1.6183  -2.0889  -2.6105  -3.1380  -3.6617
 -4.1794  -4.6915  -5.1993  -5.7041  -6.2074  -6.7093  -7.2105  -7.7112  -8.2117
 -8.7119  -9.2121  -9.7122 -10.2123 -10.7123 -11.2124 -11.7124 -12.2124 -12.7126
-20.0000  -1.0564  -1.0564  -1.0564  -1.0564  -1.0567  -1.0565  -1.0567  -1.0571
 -1.0594  -1.0684  -1.1144  -1.2728  -1.6183  -2.0889  -2.6105  -3.1380  -3.6617
 -4.1794  -4.6915  -5.1993  -5.7041  -6.2074  -6.7093  -7.2105  -7.7112  -8.2117
 -8.7119  -9.2121  -9.7122 -10.2123 -10.7123 -11.2124 -11.7124 -12.2124 -12.7126
-20.0000  -1.0564  -1.0564  -1.0564  -1.0564  -1.0567  -1.0565  -1.0567  -1.0571
 -1.0594  -1.0684  -1.1144  -1.2728  -1.6183  -2.0889  -2.6105  -3.1380  -3.6617
 -4.1794  -4.6915  -5.1993  -5.7041  -6.2074  -6.7093  -7.2105  -7.7112  -8.2117
 -8.7119  -9.2121  -9.7122 -10.2123 -10.7123 -11.2124 -11.7124 -12.2124 -12.7126
-20.0000  -1.0564  -1.0564  -1.0564  -1.0564  -1.0567  -1.0565  -1.0567  -1.0571
 -1.0594  -1.0684  -1.1144  -1.2728  -1.6183  -2.0889  -2.6105  -3.1380  -3.6617
 -4.1794  -4.6915  -5.1993  -5.7041  -6.2074  -6.7093  -7.2105  -7.7112  -8.2117
 -8.7119  -9.2121  -9.7122 -10.2123 -10.7123 -11.2124 -11.7124 -12.2124 -12.7126
nl= 4 nu= 9
  0.0000  -2.0992  -2.0992  -2.0992  -2.0992  -2.0992  -2.0992  -2.0992  -2.0992
 -2.0992  -2.0994  -2.0997  -2.1006  -2.1028  -2.1084  -2.1225  -2.1577  -2.2460
 -2.4671  -3.0153  -4.2553  -5.2952  -5.8154  -6.3089  -6.8007  -7.2970  -7.7982
 -8.3023  -8.8079  -9.3129  -9.8238 -10.3549 -10.9304 -11.6177 -12.3050 -12.8296
  0.0000  -2.2334  -2.2334  -2.2334  -2.2334  -2.2334  -2.2334  -2.2334  -2.2334
 -2.2334  -2.2335  -2.2337  -2.2341  -2.2353  -2.2381  -2.2452  -2.2631  -2.3080
 -2.4207  -2.7030  -3.4038  -4.9196  -5.8061  -6.3123  -6.8015  -7.2912  -7.7864
 -8.2870  -8.7916  -9.2971  -9.8090 -10.3410 -10.9169 -11.6042 -12.2915 -12.8165
  0.0000  -2.3816  -2.3816  -2.3816  -2.3816  -2.3816  -2.3816  -2.3816  -2.3816
 -2.3817  -2.3817  -2.3818  -2.3820  -2.3826  -2.3840  -2.3876  -2.3966  -2.4193
 -2.4762  -2.6192  -2.9774  -3.8667  -5.6178  -6.3236  -6.8207  -7.3063  -7.7939
 -8.2878  -8.7884  -9.2927  -9.8049 -10.3378 -10.9143 -11.6013 -12.2883 -12.8143
  0.0000  -2.5335  -2.5335  -2.5335  -2.5335  -2.5335  -2.5335  -2.5335  -2.5335
 -2.5335  -2.5335  -2.5336  -2.5337  -2.5340  -2.5347  -2.5365  -2.5411  -2.5524
 -2.5811  -2.6530  -2.8335  -3.2862  -4.4091  -6.2652  -6.8414  -7.3317  -7.8141
 -8.2996  -8.7927  -9.2924  -9.8028 -10.3355 -10.9125 -11.5992 -12.2859 -12.8128
  0.0000  -2.6810  -2.6810  -2.6810  -2.6810  -2.6810  -2.6810  -2.6810  -2.6810
 -2.6810  -2.6810  -2.6811  -2.6811  -2.6813  -2.6816  -2.6825  -2.6848  -2.6905
 -2.7049  -2.7410  -2.8316  -3.0591  -3.6298  -5.0413  -6.8307  -7.3526  -7.8375
 -8.3172  -8.8013  -9.2926  -9.7977 -10.3280 -10.9039 -11.5893 -12.2746 -12.8013
  0.0000  -2.8299  -2.8299  -2.8299  -2.8299  -2.8299  -2.8299  -2.8299  -2.8299
 -2.8299  -2.8299  -2.8299  -2.8300  -2.8300  -2.8302  -2.8307  -2.8318  -2.8347
 -2.8419  -2.8599  -2.9053  -3.0194  -3.3057  -4.0241  -5.7873  -7.3586  -7.8626
 -8.3436  -8.8217  -9.3040  -9.8002 -10.3242 -10.8964 -11.5780 -12.2597 -12.7832
  0.0000  -2.9810  -2.9810  -2.9810  -2.9810  -2.9810  -2.9810  -2.9810  -2.9810
 -2.9810  -2.9810  -2.9810  -2.9810  -2.9811  -2.9812  -2.9814  -2.9820  -2.9834
 -2.9870  -2.9960  -3.0188  -3.0758  -3.2192  -3.5793  -4.4827  -6.6518  -7.8764
 -8.3715  -8.8505  -9.3270  -9.8145 -10.3298 -10.8949 -11.5700 -12.2451 -12.7620
  0.0000  -1.7785  -1.7785  -1.7785  -1.7785  -1.7785  -1.7785  -1.7785  -1.7786
 -1.7789  -1.7795  -1.7810  -1.7848  -1.7943  -1.8183  -1.8784  -2.0284  -2.3972
 -3.2342  -4.2521  -4.8110  -5.3084  -5.7971  -6.2888  -6.7862  -7.2883  -7.7936
 -8.2991  -8.8043  -9.3270  -9.8632 -10.5976 -11.1072 -11.6082 -12.1092 -12.5046
  0.0000  -1.9141  -1.9141  -1.9141  -1.9141  -1.9141  -1.9141  -1.9141  -1.9141
 -1.9143  -1.9146  -1.9154  -1.9174  -1.9224  -1.9349  -1.9664  -2.0455  -2.2429
 -2.7294  -3.8092  -4.7959  -5.3220  -5.8127  -6.2987  -6.7890  -7.2858  -7.7884
 -8.2936  -8.7995  -9.3231  -9.8600 -10.5940 -11.1045 -11.6062 -12.1079 -12.5050
  0.0000  -2.0569  -2.0569  -2.0569  -2.0569  -2.0569  -2.0569  -2.0569  -2.0569
 -2.0570  -2.0572  -2.0576  -2.0586  -2.0612  -2.0676  -2.0838  -2.1246  -2.2267
 -2.4820  -3.1123  -4.4518  -5.3241  -5.8329  -6.3187  -6.8024  -7.2914  -7.7881
 -8.2903  -8.7955  -9.3198  -9.8576 -10.5909 -11.1026 -11.6053 -12.1080 -12.5074
  0.0000  -2.2020  -2.2020  -2.2020  -2.2020  -2.2020  -2.2020  -2.2020  -2.2020
 -2.2021  -2.2021  -2.2024  -2.2029  -2.2042  -2.2075  -2.2157  -2.2364  -2.2884
 -2.4189  -2.7456  -3.5522  -5.1246  -5.8439  -6.3419  -6.8239  -7.3055  -7.7937
 -8.2892  -8.7910  -9.3142  -9.8524 -10.5844 -11.0979 -11.6020 -12.1061 -12.5091
  0.0000  -2.3529  -2.3529  -2.3529  -2.3529  -2.3529  -2.3529  -2.3529  -2.3529
 -2.3529  -2.3529  -2.3530  -2.3533  -2.3540  -2.3556  -2.3598  -2.3702  -2.3965
 -2.4625  -2.6281  -3.0430  -4.0668  -5.7699  -6.3637  -6.8544  -7.3332  -7.8135
 -8.3000  -8.7944  -9.3133  -9.8498 -10.5788 -11.0944 -11.6006 -12.1068 -12.5142
  0.0000  -2.4988  -2.4988  -2.4988  -2.4988  -2.4988  -2.4988  -2.4988  -2.4988
 -2.4988  -2.4988  -2.4989  -2.4990  -2.4994  -2.5002  -2.5023  -2.5075  -2.5208
 -2.5540  -2.6373  -2.8467  -3.3712  -4.6619  -6.3421  -6.8740  -7.3593  -7.8366
 -8.3152  -8.8002  -9.3113  -9.8428 -10.5661 -11.0823 -11.5906 -12.0989 -12.5089
  0.0000  -2.6490  -2.6490  -2.6490  -2.6490  -2.6490  -2.6490  -2.6490  -2.6490
 -2.6490  -2.6490  -2.6490  -2.6491  -2.6492  -2.6496  -2.6507  -2.6533  -2.6600
 -2.6766  -2.7185  -2.8236  -3.0874  -3.7488  -5.3634  -6.8742  -7.3837  -7.8661
 -8.3418  -8.8192  -9.3215  -9.8448 -10.5603 -11.0734 -11.5823 -12.0912 -12.4979
  0.0000  -1.5085  -1.5085  -1.5085  -1.5085  -1.5085  -1.5086  -1.5087  -1.5091
 -1.5100  -1.5123  -1.5179  -1.5322  -1.5678  -1.6564  -1.8726  -2.3647  -3.1683
 -3.8012  -4.3150  -4.8057  -5.2940  -5.7869  -6.2856  -6.7895  -7.2942  -7.8007
 -8.3111  -8.8529  -9.4780 -10.1055 -10.6070 -11.1079 -11.6085 -12.1091 -12.6239
  0.0000  -1.6220  -1.6220  -1.6221  -1.6221  -1.6221  -1.6221  -1.6222  -1.6224
 -1.6229  -1.6242  -1.6274  -1.6354  -1.6557  -1.7063  -1.8323  -2.1399  -2.8281
 -3.7457  -4.3248  -4.8245  -5.3099  -5.7959  -6.2877  -6.7870  -7.2897  -7.7962
 -8.3074  -8.8501  -9.4753 -10.1031 -10.6054 -11.1069 -11.6078 -12.1087 -12.6242
  0.0000  -1.7475  -1.7475  -1.7475  -1.7475  -1.7475  -1.7475  -1.7476  -1.7477
 -1.7480  -1.7486  -1.7504  -1.7548  -1.7657  -1.7932  -1.8621  -2.0339  -2.4538
 -3.3698  -4.3022  -4.8401  -5.3308  -5.8127  -6.2969  -6.7886  -7.2864  -7.7908
 -8.3018  -8.8450  -9.4705 -10.0985 -10.6020 -11.1044 -11.6059 -12.1074 -12.6237
  0.0000  -1.8830  -1.8830  -1.8830  -1.8830  -1.8830  -1.8830  -1.8830  -1.8831
 -1.8832  -1.8836  -1.8845  -1.8868  -1.8925  -1.9070  -1.9434  -2.0344  -2.2616
 -2.8181  -3.9805  -4.8380  -5.3528  -5.8377  -6.3168  -6.8002  -7.2899  -7.7887
 -8.2972  -8.8399  -9.4649 -10.0931 -10.5983 -11.1020 -11.6044 -12.1068 -12.6243
  0.0000  -2.0179  -2.0179  -2.0179  -2.0179  -2.0179  -2.0180  -2.0180  -2.0180
 -2.0181  -2.0183  -2.0187  -2.0199  -2.0229  -2.0303  -2.0491  -2.0961  -2.2141
 -2.5089  -3.2316  -4.6240  -5.3556  -5.8574  -6.3380  -6.8158  -7.2966  -7.7868
 -8.2891  -8.8283  -9.4512 -10.0787 -10.5861 -11.0915 -11.5954 -12.0993 -12.6181
  0.0000  -2.1710  -2.1710  -2.1710  -2.1710  -2.1710  -2.1710  -2.1710  -2.1710
 -2.1710  -2.1711  -2.1714  -2.1720  -2.1735  -2.1773  -2.1868  -2.2108  -2.2710
 -2.4220  -2.7997  -3.7250  -5.2678  -5.8809  -6.3743  -6.8528  -7.3279  -7.8091
 -8.3024  -8.8348  -9.4526 -10.0769 -10.5858 -11.0935 -11.5991 -12.1047 -12.6260
  0.0000  -2.3176  -2.3176  -2.3176  -2.3176  -2.3176  -2.3176  -2.3176  -2.3176
 -2.3176  -2.3176  -2.3178  -2.3181  -2.3188  -2.3208  -2.3256  -2.3377  -2.3681
 -2.4446  -2.6365  -3.1165  -4.2891  -5.8471  -6.3917  -6.8802  -7.3555  -7.8314
 -8.3164  -8.8403  -9.4504 -10.0680 -10.5757 -11.0847 -11.5926 -12.1005 -12.6231
  0.0000  -1.3199  -1.3199  -1.3200  -1.3200  -1.3200  -1.3202  -1.3206  -1.3216
 -1.3241  -1.3303  -1.3460  -1.3849  -1.4798  -1.7010  -2.1464  -2.7524  -3.3030
 -3.8064  -4.2984  -4.7892  -5.2843  -5.7848  -6.2895  -6.7954  -7.3076  -7.8399
 -8.4158  -9.1032  -9.6053 -10.1067 -10.6076 -11.1081 -11.6085 -12.1089 -12.6111
  0.0000  -1.3918  -1.3918  -1.3918  -1.3918  -1.3918  -1.3919  -1.3922  -1.3929
 -1.3945  -1.3986  -1.4090  -1.4350  -1.4994  -1.6562  -2.0136  -2.6548  -3.2988
 -3.8244  -4.3184  -4.8040  -5.2918  -5.7858  -6.2866  -6.7911  -7.3035  -7.8365
 -8.4131  -9.1001  -9.6033 -10.1054 -10.6068 -11.1076 -11.6081 -12.1086 -12.6111
  0.0000  -1.4849  -1.4849  -1.4849  -1.4849  -1.4849  -1.4850  -1.4851  -1.4855
 -1.4865  -1.4891  -1.4954  -1.5114  -1.5513  -1.6504  -1.8907  -2.4259  -3.2285
 -3.8336  -4.3413  -4.8266  -5.3084  -5.7945  -6.2884  -6.7888  -7.2997  -7.8327
 -8.4097  -9.0965  -9.6009 -10.1041 -10.6062 -11.1075 -11.6084 -12.1093 -12.6123
  0.0000  -1.5949  -1.5949  -1.5949  -1.5949  -1.5949  -1.5949  -1.5950  -1.5953
 -1.5958  -1.5973  -1.6009  -1.6101  -1.6331  -1.6906  -1.8335  -2.1800  -2.9283
 -3.8003  -4.3574  -4.8520  -5.3321  -5.8113  -6.2967  -6.7898  -7.2962  -7.8271
 -8.4036  -9.0893  -9.5958 -10.1004 -10.6037 -11.1058 -11.6072 -12.1086 -12.6124
  0.0000  -1.7215  -1.7215  -1.7215  -1.7215  -1.7216  -1.7216  -1.7216  -1.7217
 -1.7221  -1.7229  -1.7249  -1.7299  -1.7424  -1.7740  -1.8529  -2.0493  -2.5259
 -3.5092  -4.3506  -4.8765  -5.3631  -5.8399  -6.3179  -6.8018  -7.3003  -7.8262
 -8.3996  -9.0825  -9.5909 -10.0977 -10.6024 -11.1058 -11.6080 -12.1102 -12.6156
  0.0000  -1.8535  -1.8535  -1.8535  -1.8535  -1.8535  -1.8535  -1.8535  -1.8536
 -1.8538  -1.8542  -1.8552  -1.8579  -1.8645  -1.8812  -1.9231  -2.0279  -2.2890
 -2.9230  -4.1338  -4.8774  -5.3859  -5.8676  -6.3429  -6.8195  -7.3089  -7.8265
 -8.3937  -9.0708  -9.5794 -10.0880 -10.5950 -11.0999 -11.6034 -12.1069 -12.6135
  0.0000  -1.9943  -1.9943  -1.9943  -1.9943  -1.9943  -1.9943  -1.9943  -1.9944
 -1.9944  -1.9947  -1.9952  -1.9966  -2.0000  -2.0086  -2.0303  -2.0846  -2.2209
 -2.5606  -3.3850  -4.7615  -5.3950  -5.8932  -6.3723  -6.8462  -7.3290  -7.8382
 -8.3972  -9.0660  -9.5707 -10.0794 -10.5881 -11.0952 -11.6002 -12.1052 -12.6146
  0.0000  -1.2328  -1.2328  -1.2328  -1.2328  -1.2330  -1.2333  -1.2340  -1.2359
 -1.2406  -1.2522  -1.2804  -1.3465  -1.4955  -1.7988  -2.2666  -2.7850  -3.2901
 -3.7850  -4.2819  -4.7810  -5.2846  -5.7905  -6.2972  -6.8215  -7.3589  -8.0927
 -8.6037  -9.1058  -9.6070 -10.1079 -10.6084 -11.1087 -11.6089 -12.1091 -12.6096
  0.0000  -1.2620  -1.2620  -1.2620  -1.2621  -1.2622  -1.2624  -1.2629  -1.2644
 -1.2680  -1.2770  -1.2993  -1.3538  -1.4822  -1.7608  -2.2401  -2.7923  -3.3100
 -3.8045  -4.2952  -4.7869  -5.2846  -5.7873  -6.2930  -6.8175  -7.3556  -8.0890
 -8.6008  -9.1038  -9.6057 -10.1070 -10.6077 -11.1082 -11.6085 -12.1088 -12.6095
  0.0000  -1.3071  -1.3071  -1.3071  -1.3071  -1.3072  -1.3074  -1.3078  -1.3088
 -1.3115  -1.3181  -1.3348  -1.3760  -1.4765  -1.7091  -2.1703  -2.7796  -3.3278
 -3.8287  -4.3163  -4.8009  -5.2908  -5.7874  -6.2897  -6.8132  -7.3515  -8.0836
 -8.5972  -9.1012  -9.6041 -10.1060 -10.6072 -11.1080 -11.6084 -12.1088 -12.6099
  0.0000  -1.3728  -1.3728  -1.3728  -1.3728  -1.3728  -1.3730  -1.3732  -1.3740
 -1.3758  -1.3803  -1.3917  -1.4201  -1.4906  -1.6613  -2.0450  -2.7021  -3.3316
 -3.8526  -4.3430  -4.8234  -5.3056  -5.7937  -6.2895  -6.8093  -7.3463  -8.0759
 -8.5912  -9.0972  -9.6012 -10.1042 -10.6061 -11.1073 -11.6080 -12.1087 -12.6102
  0.0000  -1.4604  -1.4604  -1.4604  -1.4604  -1.4605  -1.4605  -1.4607  -1.4612
 -1.4623  -1.4652  -1.4723  -1.4902  -1.5348  -1.6455  -1.9122  -2.4901  -3.2821
 -3.8666  -4.3704  -4.8522  -5.3295  -5.8094  -6.2963  -6.8091  -7.3418  -8.0665
 -8.5828  -9.0908  -9.5968 -10.1010 -10.6041 -11.1060 -11.6072 -12.1084 -12.6104
  0.0000  -1.5784  -1.5784  -1.5784  -1.5784  -1.5784  -1.5785  -1.5786  -1.5789
 -1.5795  -1.5812  -1.5853  -1.5958  -1.6219  -1.6873  -1.8493  -2.2385  -3.0391
 -3.8545  -4.3979  -4.8899  -5.3679  -5.8429  -6.3215  -6.8255  -7.3507  -8.0680
 -8.5820  -9.0909  -9.5990 -10.1053 -10.6095 -11.1126 -11.6146 -12.1166 -12.6202
  0.0000  -1.6903  -1.6903  -1.6903  -1.6903  -1.6903  -1.6904  -1.6904  -1.6906
 -1.6909  -1.6918  -1.6941  -1.6998  -1.7142  -1.7503  -1.8406  -2.0646  -2.6023
 -3.6288  -4.3826  -4.9014  -5.3874  -5.8627  -6.3368  -6.8335  -7.3502  -8.0597
 -8.5664  -9.0732  -9.5823 -10.0905 -10.5968 -11.1010 -11.6041 -12.1072 -12.6115
  0.0000  -1.2049  -1.2050  -1.2050  -1.2051  -1.2054  -1.2061  -1.2077  -1.2118
 -1.2211  -1.2406  -1.2761  -1.3468  -1.5104  -1.8219  -2.2675  -2.7644  -3.2662
 -3.7674  -4.2749  -4.7814  -5.2901  -5.8029  -6.3467  -6.9726  -7.6006  -8.1038
 -8.6057  -9.1070  -9.6078 -10.1083 -10.6086 -11.1088 -11.6090 -12.1092 -12.6094
  0.0000  -1.2162  -1.2162  -1.2162  -1.2163  -1.2165  -1.2169  -1.2180  -1.2208
 -1.2274  -1.2429  -1.2761  -1.3456  -1.5021  -1.8138  -2.2738  -2.7819  -3.2841
 -3.7799  -4.2807  -4.7816  -5.2874  -5.7996  -6.3435  -6.9694  -7.5978  -8.1017
 -8.6046  -9.1064  -9.6075 -10.1082 -10.6087 -11.1090 -11.6092 -12.1094 -12.6097
  0.0000  -1.2305  -1.2305  -1.2305  -1.2306  -1.2307  -1.2310  -1.2318  -1.2338
 -1.2386  -1.2505  -1.2790  -1.3445  -1.4919  -1.7972  -2.2743  -2.8008  -3.3075
 -3.7996  -4.2928  -4.7861  -5.2866  -5.7958  -6.3389  -6.9642  -7.5927  -8.0982
 -8.6021  -9.1047  -9.6064 -10.1075 -10.6082 -11.1086 -11.6089 -12.1092 -12.6095
  0.0000  -1.2538  -1.2538  -1.2538  -1.2539  -1.2540  -1.2542  -1.2548  -1.2563
 -1.2600  -1.2694  -1.2925  -1.3488  -1.4808  -1.7668  -2.2568  -2.8151  -3.3338
 -3.8262  -4.3135  -4.7987  -5.2912  -5.7948  -6.3347  -6.9580  -7.5857  -8.0931
 -8.5986  -9.1024  -9.6050 -10.1067 -10.6077 -11.1084 -11.6088 -12.1092 -12.6100
  0.0000  -1.2926  -1.2927  -1.2927  -1.2927  -1.2928  -1.2929  -1.2934  -1.2945
 -1.2974  -1.3045  -1.3222  -1.3663  -1.4731  -1.7187  -2.1971  -2.8094  -3.3560
 -3.8556  -4.3411  -4.8200  -5.3039  -5.7992  -6.3329  -6.9515  -7.5765  -8.0853
 -8.5928  -9.0983  -9.6021 -10.1047 -10.6064 -11.1075 -11.6082 -12.1089 -12.6100
  0.0000  -1.3548  -1.3548  -1.3548  -1.3549  -1.3549  -1.3550  -1.3553  -1.3561
 -1.3581  -1.3631  -1.3756  -1.4067  -1.4838  -1.6693  -2.0796  -2.7479  -3.3641
 -3.8827  -4.3727  -4.8497  -5.3273  -5.8139  -6.3394  -6.9508  -7.5696  -8.0775
 -8.5865  -9.0941  -9.5996 -10.1034 -10.6061 -11.1078 -11.6089 -12.1100 -12.6117
  0.0000  -1.4382  -1.4382  -1.4382  -1.4382  -1.4382  -1.4383  -1.4385  -1.4390
 -1.4403  -1.4434  -1.4514  -1.4713  -1.5212  -1.6442  -1.9382  -2.5545  -3.3248
 -3.8938  -4.3969  -4.8776  -5.3533  -5.8342  -6.3524  -6.9562  -7.5659  -8.0689
 -8.5771  -9.0861  -9.5937 -10.0992 -10.6028 -11.1055 -11.6072 -12.1089 -12.6120
  0.0000  -1.2010  -1.2010  -1.2011  -1.2013  -1.2019  -1.2033  -1.2066  -1.2142
 -1.2292  -1.2520  -1.2828  -1.3520  -1.5146  -1.8165  -2.2486  -2.7414  -3.2489
 -3.7597  -4.2752  -4.7932  -5.3294  -5.9080  -6.5958  -7.1004  -7.6037  -8.1057
 -8.6070  -9.1079  -9.6084 -10.1087 -10.6089 -11.1090 -11.6091 -12.1092 -12.6093
  0.0000  -1.2031  -1.2031  -1.2032  -1.2034  -1.2038  -1.2050  -1.2080  -1.2147
 -1.2288  -1.2521  -1.2834  -1.3492  -1.5094  -1.8148  -2.2565  -2.7540  -3.2589
 -3.7643  -4.2753  -4.7906  -5.3260  -5.9045  -6.5919  -7.0978  -7.6017  -8.1045
 -8.6063  -9.1074  -9.6081 -10.1085 -10.6088 -11.1090 -11.6091 -12.1092 -12.6094
  0.0000  -1.2066  -1.2066  -1.2066  -1.2068  -1.2071  -1.2080  -1.2100  -1.2149
 -1.2260  -1.2472  -1.2808  -1.3456  -1.5040  -1.8146  -2.2696  -2.7740  -3.2767
 -3.7755  -4.2793  -4.7895  -5.3225  -5.8999  -6.5860  -7.0935  -7.5988  -8.1025
 -8.6049  -9.1065  -9.6075 -10.1082 -10.6086 -11.1088 -11.6090 -12.1092 -12.6093
  0.0000  -1.2130  -1.2130  -1.2131  -1.2132  -1.2134  -1.2139  -1.2152  -1.2183
 -1.2258  -1.2425  -1.2760  -1.3427  -1.4975  -1.8121  -2.2827  -2.7989  -3.3019
 -3.7949  -4.2901  -4.7928  -5.3205  -5.8949  -6.5782  -7.0871  -7.5942  -8.0993
 -8.6029  -9.1052  -9.6067 -10.1077 -10.6083 -11.1087 -11.6089 -12.1091 -12.6096
  0.0000  -1.2233  -1.2233  -1.2233  -1.2233  -1.2235  -1.2238  -1.2247  -1.2268
 -1.2320  -1.2446  -1.2740  -1.3400  -1.4888  -1.8006  -2.2885  -2.8228  -3.3311
 -3.8215  -4.3090  -4.8031  -5.3231  -5.8915  -6.5695  -7.0783  -7.5870  -8.0940
 -8.5990  -9.1025  -9.6049 -10.1064 -10.6073 -11.1079 -11.6083 -12.1087 -12.6093
  0.0000  -1.2435  -1.2435  -1.2435  -1.2436  -1.2437  -1.2439  -1.2445  -1.2461
 -1.2501  -1.2599  -1.2842  -1.3427  -1.4792  -1.7743  -2.2754  -2.8390  -3.3595
 -3.8522  -4.3358  -4.8230  -5.3347  -5.8951  -6.5650  -7.0701  -7.5788  -8.0876
 -8.5946  -9.0995  -9.6030 -10.1053 -10.6068 -11.1077 -11.6083 -12.1089 -12.6098
  0.0000  -1.2802  -1.2802  -1.2802  -1.2802  -1.2803  -1.2805  -1.2810  -1.2822
 -1.2852  -1.2928  -1.3117  -1.3586  -1.4718  -1.7297  -2.2223  -2.8342  -3.3793
 -3.8800  -4.3643  -4.8484  -5.3543  -5.9076  -6.5695  -7.0658  -7.5713  -8.0803
 -8.5890  -9.0958  -9.6006 -10.1039 -10.6062 -11.1076 -11.6085 -12.1094 -12.6108
  0.0000  -1.2115  -1.2115  -1.2116  -1.2118  -1.2124  -1.2137  -1.2170  -1.2242
 -1.2381  -1.2586  -1.2886  -1.3568  -1.5138  -1.8061  -2.2307  -2.7256  -3.2407
 -3.7597  -4.2978  -4.8429  -5.5782  -6.0941  -6.5994  -7.1030  -7.6053  -8.1067
 -8.6076  -9.1082  -9.6086 -10.1088 -10.6089 -11.1090 -11.6091 -12.1092 -12.6093
  0.0000  -1.2105  -1.2106  -1.2107  -1.2109  -1.2116  -1.2132  -1.2171  -1.2257
 -1.2419  -1.2639  -1.2915  -1.3558  -1.5098  -1.8027  -2.2325  -2.7298  -3.2431
 -3.7591  -4.2960  -4.8402  -5.5742  -6.0910  -6.5973  -7.1014  -7.6043  -8.1061
 -8.6072  -9.1079  -9.6084 -10.1087 -10.6089 -11.1090 -11.6090 -12.1090 -12.6091
  0.0000  -1.2046  -1.2046  -1.2048  -1.2051  -1.2058  -1.2076  -1.2119  -1.2214
 -1.2394  -1.2635  -1.2899  -1.3519  -1.5068  -1.8049  -2.2435  -2.7435  -3.2526
 -3.7626  -4.2952  -4.8369  -5.5682  -6.0859  -6.5936  -7.0989  -7.6026  -8.1050
 -8.6065  -9.1075  -9.6081 -10.1085 -10.6087 -11.1089 -11.6090 -12.1091 -12.6094
  0.0000  -1.1994  -1.1994  -1.1995  -1.1998  -1.2004  -1.2020  -1.2058  -1.2145
 -1.2319  -1.2575  -1.2855  -1.3464  -1.5035  -1.8098  -2.2609  -2.7656  -3.2703
 -3.7727  -4.2977  -4.8346  -5.5612  -6.0788  -6.5879  -7.0949  -7.5997  -8.1031
 -8.6053  -9.1067  -9.6076 -10.1082 -10.6086 -11.1088 -11.6089 -12.1090 -12.6092
  0.0000  -1.1996  -1.1996  -1.1997  -1.1998  -1.2003  -1.2013  -1.2040  -1.2102
 -1.2236  -1.2474  -1.2797  -1.3411  -1.4994  -1.8143  -2.2804  -2.7931  -3.2960
 -3.7910  -4.3071  -4.8364  -5.5561  -6.0708  -6.5802  -7.0889  -7.5956  -8.1002
 -8.6034  -9.1056  -9.6069 -10.1078 -10.6083 -11.1087 -11.6089 -12.1091 -12.6096
  0.0000  -1.2048  -1.2048  -1.2048  -1.2049  -1.2052  -1.2058  -1.2073  -1.2110
 -1.2197  -1.2382  -1.2723  -1.3374  -1.4934  -1.8135  -2.2954  -2.8200  -3.3247
 -3.8157  -4.3240  -4.8450  -5.5574  -6.0643  -6.5713  -7.0806  -7.5890  -8.0955
 -8.5999  -9.1031  -9.6052 -10.1065 -10.6073 -11.1079 -11.6082 -12.1085 -12.6092
  0.0000  -1.2167  -1.2167  -1.2168  -1.2168  -1.2170  -1.2173  -1.2183  -1.2206
 -1.2262  -1.2397  -1.2703  -1.3368  -1.4872  -1.8045  -2.3007  -2.8418  -3.3526
 -3.8434  -4.3476  -4.8622  -5.5706  -6.0656  -6.5659  -7.0733  -7.5825  -8.0908
 -8.5969  -9.1011  -9.6042 -10.1061 -10.6073 -11.1081 -11.6086 -12.1091 -12.6100
  0.0000  -1.2206  -1.2206  -1.2207  -1.2209  -1.2213  -1.2222  -1.2246  -1.2299
 -1.2408  -1.2594  -1.2900  -1.3578  -1.5113  -1.7987  -2.2206  -2.7186  -3.2460
 -3.8005  -4.4444  -5.0799  -5.5905  -6.0974  -6.6015  -7.1046  -7.6064  -8.1075
 -8.6082  -9.1086  -9.6089 -10.1091 -10.6092 -11.1093 -11.6093 -12.1093 -12.6095
  0.0000  -1.2268  -1.2268  -1.2269  -1.2271  -1.2276  -1.2288  -1.2317  -1.2381
 -1.2507  -1.2700  -1.2979  -1.3601  -1.5066  -1.7888  -2.2121  -2.7134  -3.2424
 -3.7972  -4.4420  -5.0775  -5.5886  -6.0960  -6.6007  -7.1040  -7.6059  -8.1072
 -8.6079  -9.1084  -9.6087 -10.1089 -10.6091 -11.1091 -11.6092 -12.1093 -12.6092
  0.0000  -1.2211  -1.2212  -1.2213  -1.2216  -1.2222  -1.2239  -1.2278  -1.2364
 -1.2521  -1.2731  -1.2988  -1.3585  -1.5046  -1.7888  -2.2164  -2.7187  -3.2445
 -3.7963  -4.4391  -5.0727  -5.5847  -6.0932  -6.5988  -7.1027  -7.6051  -8.1067
 -8.6077  -9.1083  -9.6087 -10.1089 -10.6091 -11.1092 -11.6093 -12.1094 -12.6095
  0.0000  -1.2087  -1.2088  -1.2089  -1.2093  -1.2101  -1.2123  -1.2173  -1.2283
 -1.2478  -1.2712  -1.2950  -1.3537  -1.5028  -1.7943  -2.2305  -2.7335  -3.2536
 -3.7993  -4.4366  -5.0664  -5.5784  -6.0882  -6.5954  -7.1001  -7.6035  -8.1057
 -8.6070  -9.1079  -9.6084 -10.1088 -10.6090 -11.1091 -11.6092 -12.1093 -12.6094
  0.0000  -1.1957  -1.1958  -1.1960  -1.1963  -1.1973  -1.1997  -1.2053  -1.2175
 -1.2395  -1.2654  -1.2884  -1.3471  -1.5008  -1.8023  -2.2506  -2.7566  -3.2709
 -3.8088  -4.4380  -5.0610  -5.5708  -6.0812  -6.5900  -7.0965  -7.6008  -8.1039
 -8.6059  -9.1072  -9.6080 -10.1085 -10.6088 -11.1090 -11.6092 -12.1094 -12.6096
  0.0000  -1.1895  -1.1895  -1.1897  -1.1900  -1.1908  -1.1928  -1.1975  -1.2082
 -1.2288  -1.2563  -1.2818  -1.3407  -1.4982  -1.8096  -2.2717  -2.7836  -3.2946
 -3.8261  -4.4472  -5.0609  -5.5644  -6.0732  -6.5829  -7.0912  -7.5973  -8.1013
 -8.6043  -9.1061  -9.6073 -10.1081 -10.6086 -11.1089 -11.6090 -12.1091 -12.6095
  0.0000  -1.1919  -1.1919  -1.1920  -1.1922  -1.1927  -1.1940  -1.1970  -1.2042
 -1.2195  -1.2449  -1.2761  -1.3360  -1.4946  -1.8133  -2.2885  -2.8087  -3.3200
 -3.8484  -4.4646  -5.0695  -5.5628  -6.0665  -6.5753  -7.0846  -7.5924  -8.0980
 -8.6017  -9.1045  -9.6062 -10.1073 -10.6080 -11.1084 -11.6087 -12.1090 -12.6094
  0.0000  -1.2142  -1.2142  -1.2142  -1.2143  -1.2147  -1.2154  -1.2172  -1.2216
 -1.2309  -1.2486  -1.2808  -1.3515  -1.5083  -1.7984  -2.2234  -2.7417  -3.3187
 -4.0453  -4.5673  -5.0821  -5.5920  -6.0982  -6.6022  -7.1049  -7.6065  -8.1075
 -8.6081  -9.1085  -9.6087 -10.1089 -10.6090 -11.1091 -11.6091 -12.1091 -12.6093
  0.0000  -1.2356  -1.2356  -1.2356  -1.2358  -1.2361  -1.2368  -1.2387  -1.2430
 -1.2523  -1.2691  -1.2972  -1.3581  -1.4997  -1.7757  -2.1998  -2.7261  -3.3109
 -4.0449  -4.5682  -5.0832  -5.5928  -6.0987  -6.6026  -7.1051  -7.6066  -8.1075
 -8.6081  -9.1085  -9.6087 -10.1088 -10.6089 -11.1090 -11.6090 -12.1090 -12.6092
 -3.0000  -1.1924  -1.1925  -1.1927  -1.1932  -1.1945  -1.1977  -1.2050  -1.2202
 -1.2442  -1.2678  -1.2876  -1.3452  -1.4951  -1.7902  -2.2387  -2.7697  -3.3391
 -4.0332  -4.5541  -5.0625  -5.5735  -6.0838  -6.5921  -7.0979  -7.6018  -8.1046
 -8.6063  -9.1074  -9.6081 -10.1085 -10.6088 -11.1090 -11.6091 -12.1092 -12.6094
 -2.0000  -1.1930  -1.1931  -1.1933  -1.1938  -1.1950  -1.1981  -1.2052  -1.2200
 -1.2437  -1.2674  -1.2875  -1.3451  -1.4948  -1.7900  -2.2385  -2.7694  -3.3389
 -4.0330  -4.5539  -5.0623  -5.5733  -6.0836  -6.5919  -7.0977  -7.6016  -8.1044
 -8.6061  -9.1072  -9.6079 -10.1083 -10.6086 -11.1088 -11.6089 -12.1090 -12.6092
 -1.0000  -1.1946  -1.1947  -1.1949  -1.1954  -1.1966  -1.1994  -1.2061  -1.2202
 -1.2434  -1.2673  -1.2878  -1.3453  -1.4950  -1.7900  -2.2385  -2.7696  -3.3390
 -4.0332  -4.5541  -5.0625  -5.5735  -6.0838  -6.5921  -7.0979  -7.6018  -8.1046
 -8.6063  -9.1074  -9.6081 -10.1085 -10.6088 -11.1090 -11.6091 -12.1092 -12.6094
  0.0000  -1.1973  -1.1974  -1.1976  -1.1980  -1.1990  -1.2016  -1.2076  -1.2204
 -1.2424  -1.2666  -1.2881  -1.3455  -1.4949  -1.7897  -2.2383  -2.7694  -3.3390
 -4.0331  -4.5541  -5.0625  -5.5735  -6.0838  -6.5921  -7.0979  -7.6018  -8.1046
 -8.6063  -9.1074  -9.6081 -10.1085 -10.6088 -11.1090 -11.6091 -12.1092 -12.6094
  0.0000  -1.1881  -1.1882  -1.1883  -1.1887  -1.1897  -1.1922  -1.1981  -1.2109
 -1.2335  -1.2594  -1.2818  -1.3397  -1.4931  -1.7969  -2.2571  -2.7940  -3.3621
 -4.0541  -4.5603  -5.0599  -5.5671  -6.0771  -6.5866  -7.0940  -7.5992  -8.1026
 -8.6051  -9.1066  -9.6076 -10.1082 -10.6086 -11.1088 -11.6090 -12.1092 -12.6093
-10.0000  -1.1757  -1.1757  -1.1760  -1.1766  -1.1784  -1.1825  -1.1920  -1.2107
 -1.2383  -1.2625  -1.2807  -1.3392  -1.4937  -1.7982  -2.2583  -2.7946  -3.3624
 -4.0543  -4.5604  -5.0600  -5.5672  -6.0772  -6.5867  -7.0941  -7.5993  -8.1027
 -8.6052  -9.1067  -9.6077 -10.1083 -10.6087 -11.1089 -11.6091 -12.1093 -12.6094
-10.0000  -1.1756  -1.1757  -1.1759  -1.1766  -1.1783  -1.1825  -1.1919  -1.2106
 -1.2382  -1.2624  -1.2806  -1.3391  -1.4936  -1.7981  -2.2582  -2.7945  -3.3623
 -4.0542  -4.5603  -5.0599  -5.5671  -6.0771  -6.5866  -7.0940  -7.5992  -8.1026
 -8.6051  -9.1066  -9.6076 -10.1082 -10.6086 -11.1088 -11.6090 -12.1092 -12.6093
-13.0000  -1.1757  -1.1758  -1.1761  -1.1767  -1.1784  -1.1826  -1.1920  -1.2106
 -1.2381  -1.2624  -1.2806  -1.3391  -1.4936  -1.7981  -2.2582  -2.7945  -3.3623
 -4.0542  -4.5603  -5.0599  -5.5671  -6.0771  -6.5866  -7.0940  -7.5992  -8.1026
 -8.6051  -9.1066  -9.6076 -10.1082 -10.6086 -11.1088 -11.6090 -12.1092 -12.6093
-12.0000  -1.1757  -1.1758  -1.1761  -1.1767  -1.1784  -1.1825  -1.1919  -1.2104
 -1.2378  -1.2621  -1.2804  -1.3389  -1.4934  -1.7979  -2.2580  -2.7943  -3.3621
 -4.0540  -4.5601  -5.0597  -5.5669  -6.0769  -6.5864  -7.0938  -7.5990  -8.1024
 -8.6049  -9.1064  -9.6074 -10.1080 -10.6084 -11.1086 -11.6088 -12.1090 -12.6091
-11.0000  -1.1761  -1.1762  -1.1765  -1.1772  -1.1788  -1.1828  -1.1920  -1.2103
 -1.2377  -1.2620  -1.2805  -1.3389  -1.4934  -1.7978  -2.2579  -2.7943  -3.3621
 -4.0540  -4.5601  -5.0597  -5.5669  -6.0769  -6.5864  -7.0938  -7.5990  -8.1024
 -8.6049  -9.1064  -9.6074 -10.1080 -10.6084 -11.1086 -11.6088 -12.1090 -12.6091
-10.0000  -1.1772  -1.1773  -1.1775  -1.1782  -1.1798  -1.1837  -1.1926  -1.2105
 -1.2375  -1.2620  -1.2808  -1.3392  -1.4935  -1.7980  -2.2581  -2.7944  -3.3623
 -4.0542  -4.5603  -5.0599  -5.5671  -6.0771  -6.5866  -7.0940  -7.5992  -8.1026
 -8.6051  -9.1066  -9.6076 -10.1082 -10.6086 -11.1088 -11.6090 -12.1092 -12.6093
-10.0000  -1.1788  -1.1789  -1.1791  -1.1797  -1.1812  -1.1849  -1.1933  -1.2104
 -1.2369  -1.2617  -1.2809  -1.3392  -1.4935  -1.7978  -2.2580  -2.7944  -3.3623
 -4.0542  -4.5603  -5.0599  -5.5671  -6.0771  -6.5866  -7.0940  -7.5992  -8.1026
 -8.6051  -9.1066  -9.6076 -10.1082 -10.6086 -11.1088 -11.6090 -12.1092 -12.6093
 -3.0000  -1.2119  -1.2119  -1.2119  -1.2120  -1.2121  -1.2125  -1.2135  -1.2160
 -1.2218  -1.2338  -1.2572  -1.3151  -1.4632  -1.7890  -2.3727  -2.9740  -3.5272
 -4.0580  -4.5766  -5.0884  -5.5958  -6.1004  -6.6034  -7.1051  -7.6062  -8.1069
 -8.6074  -9.1076  -9.6078 -10.1079 -10.6080 -11.1080 -11.6080 -12.1080 -12.6080
 -2.0000  -1.2119  -1.2119  -1.2119  -1.2120  -1.2121  -1.2125  -1.2135  -1.2160
 -1.2218  -1.2338  -1.2572  -1.3151  -1.4632  -1.7890  -2.3727  -2.9740  -3.5272
 -4.0580  -4.5766  -5.0884  -5.5958  -6.1004  -6.6034  -7.1051  -7.6062  -8.1069
 -8.6074  -9.1076  -9.6078 -10.1079 -10.6080 -11.1080 -11.6080 -12.1080 -12.6080
 -1.0000  -1.2118  -1.2118  -1.2118  -1.2119  -1.2120  -1.2124  -1.2134  -1.2159
 -1.2217  -1.2337  -1.2571  -1.3150  -1.4631  -1.7889  -2.3726  -2.9739  -3.5271
 -4.0579  -4.5765  -5.0883  -5.5957  -6.1003  -6.6033  -7.1050  -7.6061  -8.1068
 -8.6073  -9.1075  -9.6077 -10.1078 -10.6079 -11.1079 -11.6079 -12.1079 -12.6079
  0.0000  -1.2116  -1.2116  -1.2116  -1.2117  -1.2118  -1.2122  -1.2132  -1.2157
 -1.2215  -1.2335  -1.2569  -1.3148  -1.4629  -1.7887  -2.3724  -2.9737  -3.5269
 -4.0577  -4.5763  -5.0881  -5.5955  -6.1001  -6.6031  -7.1048  -7.6059  -8.1066
 -8.6071  -9.1073  -9.6075 -10.1076 -10.6077 -11.1077 -11.6077 -12.1077 -12.6077
  0.0000  -1.2046  -1.2046  -1.2047  -1.2048  -1.2050  -1.2055  -1.2070  -1.2103
 -1.2175  -1.2306  -1.2534  -1.3120  -1.4637  -1.7965  -2.3873  -2.9777  -3.5250
 -4.0537  -4.5725  -5.0852  -5.5935  -6.0987  -6.6022  -7.1043  -7.6057  -8.1065
 -8.6070  -9.1073  -9.6075 -10.1077 -10.6077 -11.1078 -11.6078 -12.1078 -12.6080
  1.0000  -1.2044  -1.2044  -1.2044  -1.2045  -1.2047  -1.2053  -1.2067  -1.2100
 -1.2172  -1.2303  -1.2531  -1.3117  -1.4634  -1.7962  -2.3870  -2.9774  -3.5247
 -4.0534  -4.5722  -5.0849  -5.5932  -6.0984  -6.6019  -7.1040  -7.6054  -8.1062
 -8.6067  -9.1070  -9.6072 -10.1074 -10.6074 -11.1075 -11.6075 -12.1075 -12.6077
  2.0000  -1.2047  -1.2047  -1.2048  -1.2048  -1.2051  -1.2056  -1.2071  -1.2104
 -1.2175  -1.2306  -1.2534  -1.3120  -1.4637  -1.7964  -2.3872  -2.9777  -3.5250
 -4.0537  -4.5725  -5.0852  -5.5935  -6.0987  -6.6022  -7.1043  -7.6057  -8.1065
 -8.6070  -9.1073  -9.6075 -10.1077 -10.6077 -11.1078 -11.6078 -12.1078 -12.6080
 -2.0000  -1.1185  -1.1185  -1.1185  -1.1186  -1.1187  -1.1191  -1.1201  -1.1227
 -1.1293  -1.1459  -1.1868  -1.2873  -1.5206  -1.9549  -2.4809  -3.0131  -3.5397
 -4.0610  -4.5768  -5.0877  -5.5949  -6.0994  -6.6024  -7.1042  -7.6054  -8.1061
 -8.6065  -9.1068  -9.6070 -10.1071 -10.6072 -11.1072 -11.6072 -12.1072 -12.6072
 -1.0000  -1.1185  -1.1185  -1.1185  -1.1186  -1.1187  -1.1191  -1.1201  -1.1227
 -1.1293  -1.1459  -1.1868  -1.2873  -1.5206  -1.9549  -2.4809  -3.0131  -3.5397
 -4.0610  -4.5768  -5.0877  -5.5949  -6.0994  -6.6024  -7.1042  -7.6054  -8.1061
 -8.6065  -9.1068  -9.6070 -10.1071 -10.6072 -11.1072 -11.6072 -12.1072 -12.6072
  0.0000  -1.1185  -1.1185  -1.1185  -1.1186  -1.1187  -1.1191  -1.1201  -1.1227
 -1.1293  -1.1459  -1.1868  -1.2873  -1.5206  -1.9549  -2.4809  -3.0131  -3.5397
 -4.0610  -4.5768  -5.0877  -5.5949  -6.0994  -6.6024  -7.1042  -7.6054  -8.1061
 -8.6065  -9.1068  -9.6070 -10.1071 -10.6072 -11.1072 -11.6072 -12.1072 -12.6072
  0.0000  -1.1468  -1.1468  -1.1468  -1.1468  -1.1469  -1.1472  -1.1480  -1.1501
 -1.1556  -1.1694  -1.2034  -1.2877  -1.4928  -1.9179  -2.4622  -3.0086  -3.5420
 -4.0652  -4.5807  -5.0906  -5.5967  -6.1007  -6.6031  -7.1046  -7.6055  -8.1060
 -8.6064  -9.1066  -9.6067 -10.1068 -10.6069 -11.1069 -11.6069 -12.1069 -12.6069
  0.0000  -1.1413  -1.1413  -1.1414  -1.1414  -1.1415  -1.1419  -1.1427  -1.1449
 -1.1506  -1.1651  -1.2004  -1.2878  -1.4976  -1.9250  -2.4655  -3.0086  -3.5407
 -4.0638  -4.5795  -5.0897  -5.5961  -6.1002  -6.6027  -7.1043  -7.6053  -8.1059
 -8.6062  -9.1065  -9.6066 -10.1067 -10.6068 -11.1068 -11.6068 -12.1068 -12.6068
  0.0000  -1.1247  -1.1247  -1.1247  -1.1248  -1.1249  -1.1253  -1.1262  -1.1287
 -1.1351  -1.1512  -1.1905  -1.2870  -1.5137  -1.9482  -2.4773  -3.0108  -3.5384
 -4.0602  -4.5762  -5.0872  -5.5944  -6.0988  -6.6019  -7.1037  -7.6049  -8.1056
 -8.6060  -9.1063  -9.6065 -10.1066 -10.6067 -11.1067 -11.6067 -12.1067 -12.6067
  0.0000  -1.1076  -1.1076  -1.1076  -1.1077  -1.1078  -1.1082  -1.1092  -1.1119
 -1.1190  -1.1370  -1.1800  -1.2856  -1.5309  -1.9746  -2.4930  -3.0168  -3.5372
 -4.0568  -4.5727  -5.0843  -5.5923  -6.0974  -6.6009  -7.1031  -7.6044  -8.1052
 -8.6058  -9.1061  -9.6063 -10.1064 -10.6065 -11.1066 -11.6066 -12.1066 -12.6068
 -3.0000  -1.1078  -1.1078  -1.1079  -1.1079  -1.1080  -1.1083  -1.1091  -1.1111
 -1.1162  -1.1297  -1.1678  -1.2786  -1.5463  -1.9829  -2.5022  -3.0293  -3.5553
 -4.0757  -4.5901  -5.0996  -5.6056  -6.1096  -6.6120  -7.1134  -7.6144  -8.1149
 -8.6153  -9.1155  -9.6156 -10.1157 -10.6158 -11.1158 -11.6158 -12.1158 -12.6158
 -2.0000  -1.1078  -1.1078  -1.1079  -1.1079  -1.1080  -1.1083  -1.1091  -1.1111
 -1.1162  -1.1297  -1.1678  -1.2786  -1.5463  -1.9829  -2.5022  -3.0293  -3.5553
 -4.0757  -4.5901  -5.0996  -5.6056  -6.1096  -6.6120  -7.1134  -7.6144  -8.1149
 -8.6153  -9.1155  -9.6156 -10.1157 -10.6158 -11.1158 -11.6158 -12.1158 -12.6158
 -1.0000  -1.1078  -1.1078  -1.1079  -1.1079  -1.1080  -1.1083  -1.1091  -1.1111
 -1.1162  -1.1297  -1.1678  -1.2786  -1.5463  -1.9829  -2.5022  -3.0293  -3.5553
 -4.0757  -4.5901  -5.0996  -5.6056  -6.1096  -6.6120  -7.1134  -7.6144  -8.1149
 -8.6153  -9.1155  -9.6156 -10.1157 -10.6158 -11.1158 -11.6158 -12.1158 -12.6158
  0.0000  -1.1078  -1.1078  -1.1079  -1.1079  -1.1080  -1.1083  -1.1091  -1.1111
 -1.1162  -1.1297  -1.1678  -1.2786  -1.5463  -1.9829  -2.5022  -3.0293  -3.5553
 -4.0757  -4.5901  -5.0996  -5.6056  -6.1096  -6.6120  -7.1134  -7.6144  -8.1149
 -8.6153  -9.1155  -9.6156 -10.1157 -10.6158 -11.1158 -11.6158 -12.1158 -12.6158
  0.0000  -1.1366  -1.1366  -1.1366  -1.1367  -1.1367  -1.1369  -1.1372  -1.1382
 -1.1409  -1.1490  -1.1757  -1.2683  -1.5216  -1.9636  -2.4948  -3.0291  -3.5580
 -4.0788  -4.5927  -5.1016  -5.6069  -6.1105  -6.6126  -7.1139  -7.6147  -8.1152
 -8.6155  -9.1157  -9.6158 -10.1158 -10.6159 -11.1159 -11.6159 -12.1159 -12.6158
  0.0000  -1.1287  -1.1286  -1.1286  -1.1287  -1.1287  -1.1289  -1.1294  -1.1307
 -1.1340  -1.1436  -1.1731  -1.2707  -1.5284  -1.9691  -2.4971  -3.0292  -3.5573
 -4.0780  -4.5921  -5.1011  -5.6066  -6.1104  -6.6125  -7.1139  -7.6147  -8.1152
 -8.6155  -9.1157  -9.6159 -10.1159 -10.6160 -11.1160 -11.6160 -12.1160 -12.6159
  0.0000  -1.1139  -1.1139  -1.1139  -1.1140  -1.1141  -1.1143  -1.1150  -1.1168
 -1.1212  -1.1335  -1.1683  -1.2752  -1.5415  -1.9805  -2.5022  -3.0299  -3.5560
 -4.0763  -4.5907  -5.1001  -5.6061  -6.1100  -6.6123  -7.1138  -7.6147  -8.1152
 -8.6156  -9.1158  -9.6159 -10.1160 -10.6161 -11.1161 -11.6161 -12.1161 -12.6161
 -3.0000  -1.0021  -1.0021  -1.0022  -1.0023  -1.0025  -1.0033  -1.0051  -1.0096
 -1.0217  -1.0550  -1.1421  -1.3343  -1.6506  -2.0721  -2.5431  -3.0374  -3.5434
 -4.0549  -4.5674  -5.0783  -5.5867  -6.0925  -6.5964  -7.0989  -7.6006  -8.1016
 -8.6023  -9.1027  -9.6029 -10.1031 -10.6032 -11.1033 -11.6033 -12.1033 -12.6035
 -2.0000  -1.0021  -1.0021  -1.0022  -1.0023  -1.0025  -1.0033  -1.0051  -1.0096
 -1.0217  -1.0550  -1.1421  -1.3343  -1.6506  -2.0721  -2.5431  -3.0374  -3.5434
 -4.0549  -4.5674  -5.0783  -5.5867  -6.0925  -6.5964  -7.0989  -7.6006  -8.1016
 -8.6023  -9.1027  -9.6029 -10.1031 -10.6032 -11.1033 -11.6033 -12.1033 -12.6035
 -1.0000  -1.0021  -1.0021  -1.0022  -1.0023  -1.0025  -1.0033  -1.0051  -1.0096
 -1.0217  -1.0550  -1.1421  -1.3343  -1.6506  -2.0721  -2.5431  -3.0374  -3.5434
 -4.0549  -4.5674  -5.0783  -5.5867  -6.0925  -6.5964  -7.0989  -7.6006  -8.1016
 -8.6023  -9.1027  -9.6029 -10.1031 -10.6032 -11.1033 -11.6033 -12.1033 -12.6035
  0.0000  -1.0021  -1.0021  -1.0022  -1.0023  -1.0025  -1.0033  -1.0051  -1.0096
 -1.0217  -1.0550  -1.1421  -1.3343  -1.6506  -2.0721  -2.5431  -3.0374  -3.5434
 -4.0549  -4.5674  -5.0783  -5.5867  -6.0925  -6.5964  -7.0989  -7.6006  -8.1016
 -8.6023  -9.1027  -9.6029 -10.1031 -10.6032 -11.1033 -11.6033 -12.1033 -12.6035
  0.0000  -1.1488  -1.1488  -1.1488  -1.1487  -1.1485  -1.1482  -1.1473  -1.1455
 -1.1421  -1.1413  -1.1632  -1.2658  -1.5315  -1.9741  -2.4897  -3.0201  -3.5472
 -4.0673  -4.5809  -5.0895  -5.5948  -6.0984  -6.6004  -7.1017  -7.6025  -8.1030
 -8.6033  -9.1035  -9.6036 -10.1036 -10.6037 -11.1037 -11.6037 -12.1037 -12.6036
  0.0000  -1.1866  -1.1866  -1.1865  -1.1864  -1.1861  -1.1855  -1.1839  -1.1802
 -1.1727  -1.1637  -1.1702  -1.2511  -1.5056  -1.9576  -2.4846  -3.0211  -3.5502
 -4.0703  -4.5832  -5.0911  -5.5961  -6.0991  -6.6009  -7.1020  -7.6027  -8.1031
 -8.6034  -9.1035  -9.6036 -10.1037 -10.6037 -11.1037 -11.6037 -12.1037 -12.6037
  0.0000  -1.1989  -1.1989  -1.1988  -1.1987  -1.1983  -1.1975  -1.1956  -1.1908
 -1.1814  -1.1690  -1.1707  -1.2463  -1.4998  -1.9550  -2.4844  -3.0217  -3.5510
 -4.0709  -4.5836  -5.0914  -5.5963  -6.0992  -6.6010  -7.1021  -7.6027  -8.1031
 -8.6034  -9.1035  -9.6036 -10.1037 -10.6037 -11.1037 -11.6037 -12.1037 -12.6037
-13.0000  -1.1988  -1.1988  -1.1987  -1.1986  -1.1982  -1.1974  -1.1955  -1.1907
 -1.1813  -1.1689  -1.1706  -1.2462  -1.4997  -1.9549  -2.4843  -3.0216  -3.5509
 -4.0708  -4.5835  -5.0913  -5.5962  -6.0991  -6.6009  -7.1020  -7.6026  -8.1030
 -8.6033  -9.1034  -9.6035 -10.1036 -10.6036 -11.1036 -11.6036 -12.1036 -12.6036
-12.0000  -1.1988  -1.1988  -1.1987  -1.1986  -1.1982  -1.1974  -1.1955  -1.1907
 -1.1813  -1.1689  -1.1706  -1.2462  -1.4997  -1.9549  -2.4843  -3.0216  -3.5509
 -4.0708  -4.5835  -5.0913  -5.5962  -6.0991  -6.6009  -7.1020  -7.6026  -8.1030
 -8.6033  -9.1034  -9.6035 -10.1036 -10.6036 -11.1036 -11.6036 -12.1036 -12.6036
-11.0000  -1.1988  -1.1988  -1.1987  -1.1986  -1.1982  -1.1974  -1.1955  -1.1907
 -1.1813  -1.1689  -1.1706  -1.2462  -1.4997  -1.9549  -2.4843  -3.0216  -3.5509
 -4.0708  -4.5835  -5.0913  -5.5962  -6.0991  -6.6009  -7.1020  -7.6026  -8.1030
 -8.6033  -9.1034  -9.6035 -10.1036 -10.6036 -11.1036 -11.6036 -12.1036 -12.6036
-10.0000  -1.1988  -1.1988  -1.1987  -1.1986  -1.1982  -1.1974  -1.1955  -1.1907
 -1.1813  -1.1689  -1.1706  -1.2462  -1.4997  -1.9549  -2.4843  -3.0216  -3.5509
 -4.0708  -4.5835  -5.0913  -5.5962  -6.0991  -6.6009  -7.1020  -7.6026  -8.1030
 -8.6033  -9.1034  -9.6035 -10.1036 -10.6036 -11.1036 -11.6036 -12.1036 -12.6036
-10.0000  -1.1988  -1.1988  -1.1987  -1.1986  -1.1982  -1.1974  -1.1955  -1.1907
 -1.1813  -1.1689  -1.1706  -1.2462  -1.4997  -1.9549  -2.4843  -3.0216  -3.5509
 -4.0708  -4.5835  -5.0913  -5.5962  -6.0991  -6.6009  -7.1020  -7.6026  -8.1030
 -8.6033  -9.1034  -9.6035 -10.1036 -10.6036 -11.1036 -11.6036 -12.1036 -12.6036
-10.0000  -1.1987  -1.1987  -1.1986  -1.1985  -1.1981  -1.1973  -1.1954  -1.1906
 -1.1812  -1.1688  -1.1705  -1.2461  -1.4996  -1.9548  -2.4842  -3.0215  -3.5508
 -4.0707  -4.5834  -5.0912  -5.5961  -6.0990  -6.6008  -7.1019  -7.6025  -8.1029
 -8.6032  -9.1033  -9.6034 -10.1035 -10.6035 -11.1035 -11.6035 -12.1035 -12.6035
-10.0000  -1.1988  -1.1988  -1.1987  -1.1986  -1.1982  -1.1974  -1.1955  -1.1907
 -1.1813  -1.1689  -1.1706  -1.2462  -1.4997  -1.9549  -2.4843  -3.0216  -3.5509
 -4.0708  -4.5835  -5.0913  -5.5962  -6.0991  -6.6009  -7.1020  -7.6026  -8.1030
 -8.6033  -9.1034  -9.6035 -10.1036 -10.6036 -11.1036 -11.6036 -12.1036 -12.6036
-23.0000  -1.1991  -1.1991  -1.1990  -1.1989  -1.1985  -1.1977  -1.1958  -1.1910
 -1.1816  -1.1692  -1.1709  -1.2465  -1.5000  -1.9552  -2.4846  -3.0219  -3.5512
 -4.0711  -4.5838  -5.0916  -5.5965  -6.0994  -6.6012  -7.1023  -7.6029  -8.1033
 -8.6036  -9.1037  -9.6038 -10.1039 -10.6039 -11.1039 -11.6039 -12.1039 -12.6039
-22.0000  -1.1991  -1.1991  -1.1990  -1.1989  -1.1985  -1.1977  -1.1958  -1.1910
 -1.1816  -1.1692  -1.1709  -1.2465  -1.5000  -1.9552  -2.4846  -3.0219  -3.5512
 -4.0711  -4.5838  -5.0916  -5.5965  -6.0994  -6.6012  -7.1023  -7.6029  -8.1033
 -8.6036  -9.1037  -9.6038 -10.1039 -10.6039 -11.1039 -11.6039 -12.1039 -12.6039
-21.0000  -1.1991  -1.1991  -1.1990  -1.1989  -1.1985  -1.1977  -1.1958  -1.1910
 -1.1816  -1.1692  -1.1709  -1.2465  -1.5000  -1.9552  -2.4846  -3.0219  -3.5512
 -4.0711  -4.5838  -5.0916  -5.5965  -6.0994  -6.6012  -7.1023  -7.6029  -8.1033
 -8.6036  -9.1037  -9.6038 -10.1039 -10.6039 -11.1039 -11.6039 -12.1039 -12.6039
-20.0000  -1.1991  -1.1991  -1.1990  -1.1989  -1.1985  -1.1977  -1.1958  -1.1910
 -1.1816  -1.1692  -1.1709  -1.2465  -1.5000  -1.9552  -2.4846  -3.0219  -3.5512
 -4.0711  -4.5838  -5.0916  -5.5965  -6.0994  -6.6012  -7.1023  -7.6029  -8.1033
 -8.6036  -9.1037  -9.6038 -10.1039 -10.6039 -11.1039 -11.6039 -12.1039 -12.6039
-20.0000  -1.1991  -1.1991  -1.1990  -1.1989  -1.1985  -1.1977  -1.1958  -1.1910
 -1.1816  -1.1692  -1.1709  -1.2465  -1.5000  -1.9552  -2.4846  -3.0219  -3.5512
 -4.0711  -4.5838  -5.0916  -5.5965  -6.0994  -6.6012  -7.1023  -7.6029  -8.1033
 -8.6036  -9.1037  -9.6038 -10.1039 -10.6039 -11.1039 -11.6039 -12.1039 -12.6039
-20.0000  -1.1991  -1.1991  -1.1990  -1.1989  -1.1985  -1.1977  -1.1958  -1.1910
 -1.1816  -1.1692  -1.1709  -1.2465  -1.5000  -1.9552  -2.4846  -3.0219  -3.5512
 -4.0711  -4.5838  -5.0916  -5.5965  -6.0994  -6.6012  -7.1023  -7.6029  -8.1033
 -8.6036  -9.1037  -9.6038 -10.1039 -10.6039 -11.1039 -11.6039 -12.1039 -12.6039
-20.0000  -1.1988  -1.1988  -1.1987  -1.1986  -1.1982  -1.1974  -1.1955  -1.1907
 -1.1813  -1.1689  -1.1706  -1.2462  -1.4997  -1.9549  -2.4843  -3.0216  -3.5509
 -4.0708  -4.5835  -5.0913  -5.5962  -6.0991  -6.6009  -7.1020  -7.6026  -8.1030
 -8.6033  -9.1034  -9.6035 -10.1036 -10.6036 -11.1036 -11.6036 -12.1036 -12.6036
nl= 4 nu=10
  0.0000  -2.0733  -2.0733  -2.0733  -2.0733  -2.0733  -2.0733  -2.0733  -2.0733
 -2.0734  -2.0735  -2.0739  -2.0749  -2.0773  -2.0833  -2.0984  -2.1364  -2.2316
 -2.4695  -3.0546  -4.2919  -5.1639  -5.6820  -6.1790  -6.6755  -7.1757  -7.6794
 -8.1842  -8.6908  -9.1992  -9.7121 -10.2714 -10.9943 -11.4974 -12.0005 -12.9222
  0.0000  -2.2160  -2.2160  -2.2160  -2.2160  -2.2160  -2.2160  -2.2160  -2.2160
 -2.2161  -2.2161  -2.2163  -2.2168  -2.2181  -2.2211  -2.2289  -2.2483  -2.2970
 -2.4193  -2.7251  -3.4780  -4.9486  -5.6823  -6.1884  -6.6813  -7.1759  -7.6755
 -8.1785  -8.6851  -9.1944  -9.7084 -10.2682 -10.9908 -11.4948 -11.9988 -12.9192
  0.0000  -2.3714  -2.3714  -2.3714  -2.3714  -2.3714  -2.3714  -2.3714  -2.3714
 -2.3714  -2.3714  -2.3715  -2.3718  -2.3724  -2.3740  -2.3779  -2.3877  -2.4124
 -2.4745  -2.6301  -3.0197  -3.9785  -5.5980  -6.2063  -6.7039  -7.1936  -7.6865
 -8.1847  -8.6893  -9.1984  -9.7132 -10.2738 -10.9958 -11.5011 -12.0064 -12.9245
  0.0000  -2.5171  -2.5171  -2.5171  -2.5171  -2.5171  -2.5171  -2.5171  -2.5171
 -2.5171  -2.5171  -2.5172  -2.5173  -2.5176  -2.5184  -2.5204  -2.5253  -2.5378
 -2.5690  -2.6476  -2.8447  -3.3383  -4.5499  -6.1780  -6.7171  -7.2082  -7.6949
 -8.1857  -8.6847  -9.1913  -9.7056 -10.2664 -10.9875 -11.4945 -12.0015 -12.9164
  0.0000  -2.6608  -2.6608  -2.6608  -2.6608  -2.6608  -2.6608  -2.6608  -2.6608
 -2.6608  -2.6608  -2.6608  -2.6609  -2.6610  -2.6614  -2.6624  -2.6649  -2.6711
 -2.6868  -2.7263  -2.8254  -3.0742  -3.6974  -5.2162  -6.7115  -7.2235  -7.7097
 -8.1934  -8.6841  -9.1842  -9.6953 -10.2548 -10.9734 -11.4827 -11.9920 -12.9012
  0.0000  -2.8186  -2.8186  -2.8186  -2.8186  -2.8186  -2.8186  -2.8186  -2.8186
 -2.8186  -2.8186  -2.8187  -2.8187  -2.8188  -2.8190  -2.8195  -2.8207  -2.8238
 -2.8317  -2.8515  -2.9012  -3.0260  -3.3393  -4.1245  -6.0021  -7.2421  -7.7421
 -8.2242  -8.7072  -9.1986  -9.7026 -10.2577 -10.9714 -11.4819 -11.9923 -12.8924
  0.0000  -2.9587  -2.9587  -2.9587  -2.9587  -2.9587  -2.9587  -2.9587  -2.9587
 -2.9587  -2.9587  -2.9588  -2.9588  -2.9588  -2.9589  -2.9592  -2.9598  -2.9613
 -2.9653  -2.9752  -3.0001  -3.0626  -3.2196  -3.6138  -4.6017  -6.8424  -7.7473
 -8.2395  -8.7208  -9.2048  -9.7000 -10.2475 -10.9537 -11.4621 -11.9706 -12.8595
  0.0000  -1.7720  -1.7720  -1.7720  -1.7720  -1.7720  -1.7720  -1.7720  -1.7721
 -1.7724  -1.7730  -1.7746  -1.7786  -1.7886  -1.8137  -1.8766  -2.0330  -2.4139
 -3.2396  -4.1372  -4.6853  -5.1854  -5.6787  -6.1751  -6.6763  -7.1802  -7.6871
 -8.1955  -8.7042  -9.2458  -9.9208 -10.4960 -10.9973 -11.4981 -11.9989 -12.4840
  0.0000  -1.9033  -1.9033  -1.9033  -1.9033  -1.9033  -1.9033  -1.9034  -1.9034
 -1.9036  -1.9039  -1.9047  -1.9069  -1.9122  -1.9256  -1.9592  -2.0433  -2.2529
 -2.7640  -3.8266  -4.6753  -5.1972  -5.6904  -6.1810  -6.6764  -7.1768  -7.6825
 -8.1913  -8.7010  -9.2434  -9.9182 -10.4940 -10.9960 -11.4973 -11.9986 -12.4845
  0.0000  -2.0418  -2.0418  -2.0418  -2.0418  -2.0418  -2.0418  -2.0418  -2.0418
 -2.0419  -2.0421  -2.0425  -2.0436  -2.0464  -2.0533  -2.0708  -2.1147  -2.2246
 -2.4988  -3.1684  -4.4599  -5.1996  -5.7062  -6.1947  -6.6833  -7.1773  -7.6790
 -8.1864  -8.6963  -9.2395  -9.9141 -10.4905 -10.9937 -11.4958 -11.9979 -12.4854
  0.0000  -2.1855  -2.1855  -2.1855  -2.1855  -2.1855  -2.1855  -2.1855  -2.1855
 -2.1856  -2.1856  -2.1859  -2.1864  -2.1878  -2.1914  -2.2004  -2.2228  -2.2792
 -2.4207  -2.7740  -3.6365  -5.0936  -5.7182  -6.2150  -6.6998  -7.1862  -7.6806
 -8.1836  -8.6917  -9.2346  -9.9085 -10.4859 -10.9906 -11.4939 -11.9972 -12.4863
  0.0000  -2.3370  -2.3370  -2.3370  -2.3370  -2.3370  -2.3370  -2.3370  -2.3370
 -2.3370  -2.3370  -2.3371  -2.3374  -2.3381  -2.3400  -2.3445  -2.3559  -2.3845
 -2.4564  -2.6367  -3.0874  -4.1849  -5.6880  -6.2384  -6.7284  -7.2098  -7.6960
 -8.1910  -8.6939  -9.2342  -9.9056 -10.4835 -10.9904 -11.4954 -12.0004 -12.4925
  0.0000  -2.4774  -2.4774  -2.4774  -2.4774  -2.4774  -2.4774  -2.4774  -2.4774
 -2.4774  -2.4774  -2.4774  -2.4776  -2.4780  -2.4789  -2.4811  -2.4869  -2.5013
 -2.5376  -2.6286  -2.8570  -3.4285  -4.8096  -6.2252  -6.7430  -7.2277  -7.7085
 -8.1949  -8.6892  -9.2236  -9.8896 -10.4660 -10.9748 -11.4820 -11.9892 -12.4838
  0.0000  -2.6276  -2.6276  -2.6276  -2.6276  -2.6276  -2.6276  -2.6276  -2.6276
 -2.6276  -2.6276  -2.6276  -2.6277  -2.6279  -2.6284  -2.6295  -2.6324  -2.6396
 -2.6579  -2.7036  -2.8185  -3.1069  -3.8287  -5.5403  -6.7495  -7.2530  -7.7359
 -8.2171  -8.7031  -9.2291  -9.8875 -10.4583 -10.9667 -11.4756 -11.9845 -12.4796
  0.0000  -1.5229  -1.5229  -1.5229  -1.5229  -1.5229  -1.5230  -1.5231  -1.5235
 -1.5244  -1.5266  -1.5321  -1.5460  -1.5806  -1.6665  -1.8743  -2.3361  -3.0632
 -3.6725  -4.1866  -4.6828  -5.1764  -5.6741  -6.1763  -6.6808  -7.1881  -7.7001
 -8.2246  -8.8147  -9.4942  -9.9960 -10.4972 -10.9979 -11.4984 -11.9989 -12.4935
  0.0000  -1.6247  -1.6248  -1.6248  -1.6248  -1.6248  -1.6248  -1.6249  -1.6251
 -1.6256  -1.6269  -1.6302  -1.6383  -1.6588  -1.7101  -1.8372  -2.1442  -2.8055
 -3.6311  -4.1956  -4.6976  -5.1872  -5.6783  -6.1751  -6.6767  -7.1834  -7.6957
 -8.2212  -8.8117  -9.4910  -9.9939 -10.4957 -10.9968 -11.4976 -11.9984 -12.4935
  0.0000  -1.7447  -1.7447  -1.7447  -1.7447  -1.7447  -1.7447  -1.7448  -1.7449
 -1.7452  -1.7459  -1.7477  -1.7523  -1.7637  -1.7924  -1.8642  -2.0424  -2.4730
 -3.3596  -4.1832  -4.7145  -5.2068  -5.6926  -6.1821  -6.6779  -7.1813  -7.6929
 -8.2188  -8.8096  -9.4888  -9.9928 -10.4957 -10.9975 -11.4987 -11.9999 -12.4957
  0.0000  -1.8722  -1.8722  -1.8722  -1.8722  -1.8722  -1.8722  -1.8722  -1.8723
 -1.8724  -1.8728  -1.8738  -1.8762  -1.8824  -1.8977  -1.9364  -2.0331  -2.2735
 -2.8545  -3.9670  -4.7136  -5.2248  -5.7107  -6.1939  -6.6816  -7.1786  -7.6867
 -8.2113  -8.8017  -9.4803  -9.9862 -10.4904 -10.9933 -11.4952 -11.9971 -12.4943
  0.0000  -2.0119  -2.0119  -2.0119  -2.0119  -2.0119  -2.0119  -2.0120  -2.0120
 -2.0121  -2.0123  -2.0128  -2.0141  -2.0172  -2.0253  -2.0455  -2.0961  -2.2229
 -2.5387  -3.3015  -4.5940  -5.2379  -5.7367  -6.2186  -6.6991  -7.1876  -7.6884
 -8.2089  -8.7971  -9.4733  -9.9814 -10.4876 -10.9919 -11.4949 -11.9979 -12.4966
  0.0000  -2.1526  -2.1526  -2.1526  -2.1526  -2.1526  -2.1526  -2.1526  -2.1526
 -2.1527  -2.1528  -2.1530  -2.1537  -2.1553  -2.1594  -2.1698  -2.1958  -2.2610
 -2.4246  -2.8324  -3.8147  -5.1865  -5.7522  -6.2433  -6.7218  -7.2028  -7.6948
 -8.2076  -8.7903  -9.4616  -9.9706 -10.4788 -10.9853 -11.4897 -11.9941 -12.4956
  0.0000  -2.2951  -2.2951  -2.2951  -2.2951  -2.2951  -2.2951  -2.2951  -2.2951
 -2.2951  -2.2951  -2.2953  -2.2956  -2.2964  -2.2985  -2.3038  -2.3170  -2.3501
 -2.4333  -2.6420  -3.1630  -4.4077  -5.7331  -6.2597  -6.7451  -7.2239  -7.7090
 -8.2133  -8.7880  -9.4516  -9.9577 -10.4667 -10.9751 -11.4816 -11.9881 -12.4916
  0.0000  -1.3682  -1.3682  -1.3682  -1.3682  -1.3683  -1.3684  -1.3687  -1.3696
 -1.3717  -1.3769  -1.3901  -1.4228  -1.5029  -1.6900  -2.0712  -2.6230  -3.1684
 -3.6769  -4.1739  -4.6719  -5.1723  -5.6760  -6.1832  -6.6931  -7.2075  -7.7676
 -8.4902  -8.9945  -9.4962  -9.9972 -10.4979 -10.9984 -11.4987 -11.9990 -12.4990
  0.0000  -1.4238  -1.4238  -1.4238  -1.4238  -1.4238  -1.4239  -1.4242  -1.4248
 -1.4263  -1.4300  -1.4394  -1.4630  -1.5213  -1.6625  -1.9816  -2.5527  -3.1756
 -3.6945  -4.1897  -4.6820  -5.1758  -5.6745  -6.1793  -6.6888  -7.2039  -7.7646
 -8.4866  -8.9920  -9.4945  -9.9962 -10.4972 -10.9979 -11.4983 -11.9987 -12.4990
  0.0000  -1.5009  -1.5009  -1.5009  -1.5009  -1.5009  -1.5010  -1.5011  -1.5015
 -1.5025  -1.5049  -1.5111  -1.5264  -1.5648  -1.6598  -1.8882  -2.3846  -3.1123
 -3.7022  -4.2096  -4.6992  -5.1862  -5.6777  -6.1774  -6.6845  -7.1991  -7.7601
 -8.4813  -8.9881  -9.4919  -9.9944 -10.4960 -10.9970 -11.4977 -11.9984 -12.4988
  0.0000  -1.6002  -1.6002  -1.6002  -1.6002  -1.6003  -1.6003  -1.6004  -1.6006
 -1.6012  -1.6027  -1.6063  -1.6156  -1.6388  -1.6966  -1.8397  -2.1825  -2.8915
 -3.6801  -4.2276  -4.7233  -5.2066  -5.6904  -6.1823  -6.6838  -7.1958  -7.7556
 -8.4749  -8.9838  -9.4891  -9.9929 -10.4954 -10.9970 -11.4981 -11.9992 -12.5003
  0.0000  -1.7155  -1.7155  -1.7155  -1.7156  -1.7156  -1.7156  -1.7156  -1.7158
 -1.7161  -1.7169  -1.7190  -1.7242  -1.7373  -1.7700  -1.8519  -2.0547  -2.5393
 -3.4718  -4.2245  -4.7453  -5.2322  -5.7115  -6.1951  -6.6883  -7.1940  -7.7504
 -8.4654  -8.9758  -9.4833  -9.9888 -10.4926 -10.9953 -11.4970 -11.9987 -12.5012
  0.0000  -1.8452  -1.8452  -1.8452  -1.8452  -1.8452  -1.8452  -1.8452  -1.8453
 -1.8455  -1.8459  -1.8471  -1.8499  -1.8569  -1.8746  -1.9190  -2.0300  -2.3053
 -2.9620  -4.0881  -4.7541  -5.2589  -5.7402  -6.2189  -6.7036  -7.2007  -7.7502
 -8.4583  -8.9677  -9.4766  -9.9843 -10.4899 -10.9938 -11.4966 -11.9994 -12.5029
  0.0000  -1.9802  -1.9802  -1.9802  -1.9802  -1.9802  -1.9802  -1.9802  -1.9803
 -1.9804  -1.9806  -1.9812  -1.9826  -1.9863  -1.9956  -2.0189  -2.0772  -2.2234
 -2.5864  -3.4489  -4.6839  -5.2694  -5.7640  -6.2440  -6.7241  -7.2131  -7.7546
 -8.4545  -8.9579  -9.4657  -9.9747 -10.4824 -10.9882 -11.4921 -11.9960 -12.5018
  0.0000  -1.3128  -1.3128  -1.3128  -1.3128  -1.3129  -1.3131  -1.3135  -1.3146
 -1.3175  -1.3246  -1.3430  -1.3900  -1.5033  -1.7430  -2.1479  -2.6469  -3.1557
 -3.6586  -4.1620  -4.6679  -5.1761  -5.6865  -6.1974  -6.7407  -7.4157  -7.9919
 -8.4945  -8.9961  -9.4971  -9.9978 -10.4982 -10.9985 -11.4986 -11.9987 -12.4991
  0.0000  -1.3290  -1.3290  -1.3290  -1.3291  -1.3291  -1.3293  -1.3297  -1.3308
 -1.3334  -1.3400  -1.3566  -1.3979  -1.4983  -1.7225  -2.1309  -2.6541  -3.1737
 -3.6750  -4.1718  -4.6710  -5.1748  -5.6833  -6.1940  -6.7377  -7.4125  -7.9893
 -8.4928  -8.9952  -9.4967  -9.9977 -10.4983 -10.9987 -11.4989 -11.9991 -12.4996
  0.0000  -1.3583  -1.3583  -1.3583  -1.3584  -1.3584  -1.3585  -1.3589  -1.3598
 -1.3619  -1.3674  -1.3811  -1.4151  -1.4985  -1.6930  -2.0861  -2.6453  -3.1907
 -3.6963  -4.1884  -4.6801  -5.1770  -5.6810  -6.1898  -6.7331  -7.4071  -7.9847
 -8.4895  -8.9930  -9.4952  -9.9967 -10.4976 -10.9982 -11.4986 -11.9990 -12.4997
  0.0000  -1.4074  -1.4074  -1.4074  -1.4075  -1.4075  -1.4076  -1.4079  -1.4085
 -1.4101  -1.4142  -1.4243  -1.4497  -1.5126  -1.6644  -2.0036  -2.5895  -3.1967
 -3.7194  -4.2119  -4.6977  -5.1865  -5.6832  -6.1872  -6.7283  -7.4001  -7.9781
 -8.4849  -8.9897  -9.4931  -9.9953 -10.4968 -10.9977 -11.4983 -11.9989 -12.4998
  0.0000  -1.4787  -1.4787  -1.4787  -1.4787  -1.4787  -1.4788  -1.4790  -1.4794
 -1.4805  -1.4832  -1.4900  -1.5070  -1.5495  -1.6545  -1.9052  -2.4360  -3.1592
 -3.7343  -4.2374  -4.7220  -5.2043  -5.6925  -6.1887  -6.7243  -7.3915  -7.9683
 -8.4768  -8.9837  -9.4886  -9.9921 -10.4944 -10.9959 -11.4968 -11.9977 -12.4993
  0.0000  -1.5746  -1.5746  -1.5746  -1.5746  -1.5747  -1.5747  -1.5748  -1.5751
 -1.5757  -1.5774  -1.5815  -1.5919  -1.6180  -1.6832  -1.8438  -2.2245  -2.9741
 -3.7227  -4.2595  -4.7513  -5.2320  -5.7134  -6.2007  -6.7285  -7.3884  -7.9605
 -8.4692  -8.9779  -9.4849  -9.9899 -10.4934 -10.9957 -11.4972 -11.9987 -12.5011
  0.0000  -1.6878  -1.6878  -1.6878  -1.6878  -1.6878  -1.6878  -1.6879  -1.6880
 -1.6884  -1.6893  -1.6917  -1.6976  -1.7125  -1.7499  -1.8430  -2.0730  -2.6147
 -3.5698  -4.2587  -4.7731  -5.2593  -5.7391  -6.2200  -6.7399  -7.3925  -7.9557
 -8.4605  -8.9692  -9.4780  -9.9850 -10.4900 -10.9934 -11.4958 -11.9982 -12.5017
  0.0000  -1.3127  -1.3127  -1.3127  -1.3127  -1.3127  -1.3127  -1.3128  -1.3130
 -1.3139  -1.3185  -1.3371  -1.3906  -1.5112  -1.7537  -2.1454  -2.6282  -3.1353
 -3.6453  -4.1588  -4.6724  -5.1887  -5.7165  -6.3083  -6.9882  -7.4921  -7.9947
 -8.4963  -8.9973  -9.4980  -9.9984 -10.4987 -10.9988 -11.4990 -11.9992 -12.4992
  0.0000  -1.3124  -1.3124  -1.3124  -1.3124  -1.3124  -1.3125  -1.3128  -1.3135
 -1.3154  -1.3211  -1.3386  -1.3885  -1.5062  -1.7485  -2.1494  -2.6420  -3.1494
 -3.6542  -4.1611  -4.6708  -5.1853  -5.7130  -6.3049  -6.9845  -7.4895  -7.9929
 -8.4952  -8.9966  -9.4975  -9.9981 -10.4985 -10.9987 -11.4989 -11.9991 -12.4992
  0.0000  -1.3138  -1.3138  -1.3138  -1.3138  -1.3139  -1.3141  -1.3145  -1.3155
 -1.3180  -1.3247  -1.3421  -1.3881  -1.5003  -1.7400  -2.1513  -2.6592  -3.1702
 -3.6703  -4.1694  -4.6726  -5.1832  -5.7092  -6.3004  -6.9792  -7.4858  -7.9903
 -8.4936  -8.9957  -9.4970  -9.9979 -10.4984 -10.9987 -11.4990 -11.9993 -12.4996
  0.0000  -1.3233  -1.3233  -1.3233  -1.3233  -1.3234  -1.3236  -1.3240  -1.3250
 -1.3277  -1.3343  -1.3510  -1.3928  -1.4951  -1.7242  -2.1419  -2.6738  -3.1954
 -3.6940  -4.1857  -4.6807  -5.1846  -5.7064  -6.2952  -6.9720  -7.4803  -7.9867
 -8.4910  -8.9942  -9.4963  -9.9976 -10.4984 -10.9989 -11.4993 -11.9997 -12.5002
  0.0000  -1.3466  -1.3466  -1.3466  -1.3466  -1.3467  -1.3468  -1.3472  -1.3481
 -1.3504  -1.3561  -1.3705  -1.4062  -1.4938  -1.6975  -2.1047  -2.6719  -3.2180
 -3.7217  -4.2095  -4.6968  -5.1920  -5.7068  -6.2906  -6.9628  -7.4718  -7.9801
 -8.4864  -8.9908  -9.4939  -9.9960 -10.4973 -10.9981 -11.4986 -11.9991 -12.4999
  0.0000  -1.3908  -1.3908  -1.3908  -1.3908  -1.3909  -1.3910  -1.3913  -1.3920
 -1.3937  -1.3981  -1.4091  -1.4365  -1.5043  -1.6675  -2.0273  -2.6265  -3.2279
 -3.7480  -4.2380  -4.7212  -5.2090  -5.7151  -6.2914  -6.9562  -7.4628  -7.9719
 -8.4801  -8.9865  -9.4909  -9.9940 -10.4961 -10.9974 -11.4982 -11.9990 -12.5004
  0.0000  -1.4596  -1.4596  -1.4596  -1.4597  -1.4597  -1.4598  -1.4599  -1.4604
 -1.4616  -1.4646  -1.4721  -1.4909  -1.5378  -1.6533  -1.9266  -2.4879  -3.1994
 -3.7632  -4.2642  -4.7489  -5.2330  -5.7324  -6.3013  -6.9575  -7.4569  -7.9637
 -8.4728  -8.9810  -9.4873  -9.9916 -10.4947 -10.9967 -11.4979 -11.9991 -12.5012
  0.0000  -1.3281  -1.3280  -1.3280  -1.3280  -1.3279  -1.3277  -1.3272  -1.3263
 -1.3255  -1.3289  -1.3485  -1.4015  -1.5182  -1.7525  -2.1330  -2.6123  -3.1254
 -3.6455  -4.1712  -4.6947  -5.2598  -5.9836  -6.4916  -6.9957  -7.4986  -8.0003
 -8.5014  -9.0021  -9.5026 -10.0029 -10.5030 -11.0031 -11.5032 -12.0033 -12.5034
  0.0000  -1.3254  -1.3254  -1.3254  -1.3254  -1.3253  -1.3251  -1.3245  -1.3235
 -1.3222  -1.3245  -1.3430  -1.3957  -1.5111  -1.7464  -2.1327  -2.6164  -3.1276
 -3.6435  -4.1654  -4.6878  -5.2524  -5.9751  -6.4843  -6.9894  -7.4929  -7.9952
 -8.4967  -8.9976  -9.4981  -9.9985 -10.4987 -10.9989 -11.4990 -11.9991 -12.4994
  0.0000  -1.3210  -1.3210  -1.3210  -1.3210  -1.3209  -1.3208  -1.3205  -1.3200
 -1.3195  -1.3220  -1.3391  -1.3914  -1.5074  -1.7463  -2.1425  -2.6329  -3.1418
 -3.6514  -4.1667  -4.6855  -5.2486  -5.9691  -6.4796  -6.9862  -7.4906  -7.9938
 -8.4958  -8.9970  -9.4978  -9.9984 -10.4987 -10.9989 -11.4990 -11.9991 -12.4993
  0.0000  -1.3136  -1.3136  -1.3136  -1.3136  -1.3136  -1.3137  -1.3138  -1.3141
 -1.3152  -1.3195  -1.3359  -1.3858  -1.5023  -1.7452  -2.1539  -2.6552  -3.1638
 -3.6667  -4.1734  -4.6858  -5.2448  -5.9614  -6.4727  -6.9809  -7.4870  -7.9911
 -8.4941  -8.9960  -9.4972  -9.9979 -10.4984 -10.9987 -11.4989 -11.9991 -12.4994
  0.0000  -1.3089  -1.3089  -1.3089  -1.3089  -1.3090  -1.3091  -1.3095  -1.3104
 -1.3127  -1.3188  -1.3358  -1.3822  -1.4960  -1.7397  -2.1610  -2.6784  -3.1914
 -3.6900  -4.1878  -4.6916  -5.2441  -5.9541  -6.4640  -6.9733  -7.4813  -7.9872
 -8.4912  -8.9940  -9.4959  -9.9970 -10.4978 -10.9982 -11.4985 -11.9988 -12.4991
  0.0000  -1.3146  -1.3146  -1.3146  -1.3146  -1.3147  -1.3148  -1.3153  -1.3163
 -1.3189  -1.3256  -1.3425  -1.3853  -1.4907  -1.7265  -2.1553  -2.6959  -3.2200
 -3.7189  -4.2109  -4.7066  -5.2511  -5.9532  -6.4571  -6.9652  -7.4743  -7.9822
 -8.4880  -8.9919  -9.4948  -9.9965 -10.4977 -10.9984 -11.4988 -11.9992 -12.4999
  0.0000  -1.3347  -1.3347  -1.3347  -1.3347  -1.3348  -1.3349  -1.3353  -1.3363
 -1.3386  -1.3446  -1.3596  -1.3969  -1.4884  -1.7010  -2.1209  -2.6936  -3.2400
 -3.7454  -4.2365  -4.7271  -5.2653  -5.9616  -6.4545  -6.9572  -7.4654  -7.9745
 -8.4821  -8.9877  -9.4915  -9.9943 -10.4960 -10.9970 -11.4977 -11.9984 -12.4994
  0.0000  -1.3288  -1.3288  -1.3288  -1.3287  -1.3287  -1.3286  -1.3284  -1.3280
 -1.3282  -1.3323  -1.3509  -1.4009  -1.5131  -1.7402  -2.1143  -2.5956  -3.1184
 -3.6486  -4.2115  -4.8935  -5.4766  -5.9847  -6.4896  -6.9930  -7.4951  -7.9964
 -8.4972  -8.9977  -9.4980  -9.9982 -10.4983 -10.9984 -11.4984 -11.9984 -12.4986
  0.0000  -1.3363  -1.3363  -1.3363  -1.3362  -1.3361  -1.3359  -1.3353  -1.3341
 -1.3329  -1.3355  -1.3536  -1.4029  -1.5122  -1.7367  -2.1118  -2.5953  -3.1181
 -3.6472  -4.2091  -4.8907  -5.4739  -5.9828  -6.4886  -6.9924  -7.4948  -7.9963
 -8.4973  -8.9979  -9.4983  -9.9985 -10.4987 -10.9988 -11.4988 -11.9988 -12.4989
  0.0000  -1.3408  -1.3407  -1.3407  -1.3406  -1.3405  -1.3401  -1.3391  -1.3371
 -1.3342  -1.3354  -1.3538  -1.4042  -1.5142  -1.7416  -2.1227  -2.6091  -3.1284
 -3.6525  -4.2110  -4.8902  -5.4728  -5.9829  -6.4898  -6.9944  -7.4976  -7.9996
 -8.5009  -9.0017  -9.5022 -10.0025 -10.5027 -11.0028 -11.5029 -12.0030 -12.5031
  0.0000  -1.3314  -1.3314  -1.3314  -1.3313  -1.3311  -1.3306  -1.3295  -1.3272
 -1.3238  -1.3238  -1.3421  -1.3944  -1.5067  -1.7406  -2.1322  -2.6235  -3.1386
 -3.6553  -4.2069  -4.8814  -5.4619  -5.9728  -6.4813  -6.9873  -7.4914  -7.9942
 -8.4960  -8.9971  -9.4978  -9.9983 -10.4985 -10.9987 -11.4988 -11.9989 -12.4992
  0.0000  -1.3210  -1.3210  -1.3210  -1.3210  -1.3209  -1.3206  -1.3199  -1.3184
 -1.3162  -1.3167  -1.3337  -1.3869  -1.5022  -1.7437  -2.1487  -2.6486  -3.1611
 -3.6696  -4.2122  -4.8796  -5.4549  -5.9649  -6.4746  -6.9824  -7.4880  -7.9919
 -8.4945  -8.9961  -9.4972  -9.9979 -10.4983 -10.9986 -11.4987 -11.9988 -12.4992
  0.0000  -1.3093  -1.3093  -1.3093  -1.3093  -1.3093  -1.3092  -1.3091  -1.3090
 -1.3093  -1.3123  -1.3282  -1.3794  -1.4968  -1.7439  -2.1628  -2.6746  -3.1884
 -3.6908  -4.2251  -4.8853  -5.4514  -5.9568  -6.4661  -6.9753  -7.4828  -7.9881
 -8.4918  -8.9943  -9.4959  -9.9969 -10.4975 -10.9979 -11.4982 -11.9985 -12.4989
  0.0000  -1.3042  -1.3042  -1.3042  -1.3042  -1.3042  -1.3044  -1.3047  -1.3054
 -1.3074  -1.3131  -1.3296  -1.3767  -1.4922  -1.7399  -2.1698  -2.6967  -3.2163
 -3.7171  -4.2460  -4.9026  -5.4574  -5.9538  -6.4593  -6.9684  -7.4773  -7.9844
 -8.4894  -8.9929  -9.4953  -9.9967 -10.4977 -10.9983 -11.4987 -11.9991 -12.4997
  0.0000  -1.3262  -1.3262  -1.3262  -1.3262  -1.3262  -1.3263  -1.3264  -1.3267
 -1.3279  -1.3331  -1.3510  -1.3994  -1.5101  -1.7357  -2.1103  -2.5967  -3.1254
 -3.7349  -4.4521  -4.9698  -5.4810  -5.9879  -6.4922  -6.9950  -7.4967  -7.9978
 -8.4984  -8.9988  -9.4991  -9.9993 -10.4994 -10.9994 -11.4995 -11.9996 -12.4995
  0.0000  -1.3404  -1.3404  -1.3404  -1.3404  -1.3404  -1.3403  -1.3402  -1.3400
 -1.3404  -1.3441  -1.3604  -1.4057  -1.5093  -1.7253  -2.0959  -2.5856  -3.1324
 -3.7310  -4.4504  -4.9685  -5.4800  -5.9871  -6.4916  -6.9945  -7.4963  -7.9974
 -8.4981  -8.9985  -9.4988  -9.9989 -10.4991 -10.9991 -11.4992 -11.9993 -12.4991
  0.0000  -1.3446  -1.3446  -1.3446  -1.3446  -1.3445  -1.3443  -1.3438  -1.3427
 -1.3416  -1.3439  -1.3602  -1.4061  -1.5088  -1.7242  -2.0958  -2.5864  -3.1318
 -3.7288  -4.4463  -4.9646  -5.4769  -5.9850  -6.4901  -6.9935  -7.4957  -7.9970
 -8.4978  -8.9983  -9.4987  -9.9989 -10.4990 -10.9991 -11.4991 -11.9991 -12.4993
  0.0000  -1.3431  -1.3431  -1.3431  -1.3430  -1.3428  -1.3423  -1.3412  -1.3389
 -1.3357  -1.3364  -1.3539  -1.4020  -1.5070  -1.7274  -2.1055  -2.5974  -3.1381
 -3.7294  -4.4415  -4.9586  -5.4717  -5.9811  -6.4875  -6.9916  -7.4945  -7.9962
 -8.4973  -8.9980  -9.4985  -9.9988 -10.4989 -10.9990 -11.4991 -11.9992 -12.4993
  0.0000  -1.3376  -1.3375  -1.3375  -1.3374  -1.3371  -1.3364  -1.3347  -1.3312
 -1.3261  -1.3254  -1.3443  -1.3951  -1.5038  -1.7326  -2.1219  -2.6173  -3.1526
 -3.7361  -4.4393  -4.9521  -5.4647  -5.9753  -6.4833  -6.9888  -7.4925  -7.9951
 -8.4966  -8.9976  -9.4982  -9.9986 -10.4989 -10.9991 -11.4992 -11.9993 -12.4995
  0.0000  -1.3283  -1.3283  -1.3282  -1.3281  -1.3278  -1.3271  -1.3255  -1.3220
 -1.3165  -1.3149  -1.3339  -1.3872  -1.4997  -1.7374  -2.1400  -2.6423  -3.1743
 -3.7508  -4.4445  -4.9482  -5.4572  -5.9679  -6.4774  -6.9846  -7.4896  -7.9931
 -8.4954  -8.9968  -9.4977  -9.9983 -10.4987 -10.9989 -11.4991 -11.9993 -12.4994
  0.0000  -1.3170  -1.3170  -1.3170  -1.3169  -1.3168  -1.3164  -1.3154  -1.3133
 -1.3100  -1.3093  -1.3265  -1.3803  -1.4957  -1.7403  -2.1555  -2.6672  -3.1996
 -3.7726  -4.4604  -4.9514  -5.4528  -5.9608  -6.4707  -6.9794  -7.4861  -7.9906
 -8.4938  -8.9959  -9.4972  -9.9981 -10.4986 -10.9990 -11.4992 -11.9994 -12.4999
  0.0000  -1.3011  -1.3011  -1.3011  -1.3011  -1.3012  -1.3013  -1.3013  -1.3022
 -1.3042  -1.3106  -1.3304  -1.3827  -1.5015  -1.7382  -2.1239  -2.6462  -3.3255
 -3.9292  -4.4535  -4.9697  -5.4803  -5.9871  -6.4914  -6.9942  -7.4960  -7.9970
 -8.4977  -8.9981  -9.4984  -9.9986 -10.4987 -10.9987 -11.4988 -11.9989 -12.4988
  0.0000  -1.3313  -1.3313  -1.3313  -1.3314  -1.3314  -1.3315  -1.3316  -1.3321
 -1.3336  -1.3383  -1.3538  -1.3972  -1.4991  -1.7139  -2.0899  -2.6204  -3.3189
 -3.9303  -4.4570  -4.9731  -5.4830  -5.9889  -6.4928  -6.9951  -7.4965  -7.9974
 -8.4979  -8.9983  -9.4985  -9.9986 -10.4987 -10.9987 -11.4988 -11.9989 -12.4988
  1.0000  -1.3313  -1.3313  -1.3314  -1.3314  -1.3314  -1.3315  -1.3316  -1.3321
 -1.3336  -1.3383  -1.3538  -1.3972  -1.4991  -1.7139  -2.0899  -2.6204  -3.3189
 -3.9303  -4.4570  -4.9731  -5.4830  -5.9889  -6.4928  -6.9951  -7.4965  -7.9974
 -8.4979  -8.9983  -9.4985  -9.9986 -10.4987 -10.9987 -11.4988 -11.9989 -12.4988
  2.0000  -1.3314  -1.3314  -1.3314  -1.3314  -1.3314  -1.3315  -1.3317  -1.3322
 -1.3337  -1.3384  -1.3539  -1.3972  -1.4991  -1.7138  -2.0898  -2.6203  -3.3189
 -3.9303  -4.4570  -4.9731  -5.4830  -5.9889  -6.4928  -6.9951  -7.4965  -7.9974
 -8.4979  -8.9983  -9.4985  -9.9986 -10.4987 -10.9987 -11.4988 -11.9989 -12.4988
  3.0000  -1.3314  -1.3314  -1.3314  -1.3314  -1.3315  -1.3315  -1.3317  -1.3322
 -1.3337  -1.3385  -1.3540  -1.3973  -1.4991  -1.7138  -2.0897  -2.6203  -3.3188
 -3.9303  -4.4570  -4.9731  -5.4830  -5.9889  -6.4928  -6.9951  -7.4965  -7.9974
 -8.4979  -8.9983  -9.4985  -9.9986 -10.4987 -10.9987 -11.4988 -11.9989 -12.4988
  4.0000  -1.3316  -1.3316  -1.3316  -1.3316  -1.3316  -1.3317  -1.3319  -1.3324
 -1.3339  -1.3388  -1.3542  -1.3974  -1.4992  -1.7138  -2.0897  -2.6203  -3.3188
 -3.9304  -4.4571  -4.9732  -5.4831  -5.9890  -6.4929  -6.9952  -7.4966  -7.9975
 -8.4980  -8.9984  -9.4986  -9.9987 -10.4988 -10.9988 -11.4989 -11.9990 -12.4989
  5.0000  -1.3307  -1.3307  -1.3307  -1.3307  -1.3307  -1.3308  -1.3310  -1.3316
 -1.3332  -1.3381  -1.3536  -1.3966  -1.4981  -1.7125  -2.0883  -2.6190  -3.3177
 -3.9293  -4.4561  -4.9722  -5.4821  -5.9880  -6.4919  -6.9942  -7.4956  -7.9965
 -8.4970  -8.9974  -9.4976  -9.9977 -10.4978 -10.9978 -11.4979 -11.9980 -12.4979
  0.0000  -1.2134  -1.2135  -1.2135  -1.2135  -1.2136  -1.2137  -1.2141  -1.2153
 -1.2204  -1.2293  -1.2602  -1.3341  -1.4890  -1.7878  -2.2871  -2.9027  -3.4301
 -3.9414  -4.4482  -4.9575  -5.4673  -5.9759  -6.4825  -6.9872  -7.4903  -7.9925
 -8.4938  -8.9947  -9.4952  -9.9955 -10.4958 -10.9959 -11.4960 -11.9961 -12.4961
 -1.0000  -1.3114  -1.3114  -1.3114  -1.3115  -1.3115  -1.3116  -1.3120  -1.3128
 -1.3149  -1.3204  -1.3361  -1.3778  -1.4752  -1.6983  -2.1436  -2.7987  -3.3919
 -3.9388  -4.4620  -4.9760  -5.4845  -5.9894  -6.4929  -6.9948  -7.4960  -7.9967
 -8.4972  -8.9975  -9.4976  -9.9977 -10.4978 -10.9979 -11.4979 -11.9979 -12.4981
  0.0000  -1.3115  -1.3115  -1.3115  -1.3116  -1.3116  -1.3117  -1.3121  -1.3129
 -1.3150  -1.3205  -1.3362  -1.3779  -1.4753  -1.6984  -2.1437  -2.7988  -3.3920
 -3.9389  -4.4621  -4.9761  -5.4846  -5.9895  -6.4930  -6.9949  -7.4961  -7.9968
 -8.4973  -8.9976  -9.4977  -9.9978 -10.4979 -10.9980 -11.4980 -11.9980 -12.4982
  0.0000  -1.3149  -1.3149  -1.3149  -1.3150  -1.3150  -1.3151  -1.3153  -1.3158
 -1.3173  -1.3222  -1.3379  -1.3798  -1.4751  -1.6956  -2.1409  -2.7986  -3.3898
 -3.9360  -4.4596  -4.9742  -5.4832  -5.9887  -6.4923  -6.9944  -7.4958  -7.9966
 -8.4971  -8.9974  -9.4976  -9.9977 -10.4978 -10.9978 -11.4979 -11.9980 -12.4979
  0.0000  -1.3104  -1.3104  -1.3104  -1.3104  -1.3104  -1.3103  -1.3103  -1.3102
 -1.3108  -1.3150  -1.3318  -1.3764  -1.4739  -1.7001  -2.1546  -2.8101  -3.3897
 -3.9315  -4.4545  -4.9700  -5.4801  -5.9866  -6.4908  -6.9935  -7.4951  -7.9961
 -8.4968  -8.9972  -9.4974  -9.9976 -10.4977 -10.9977 -11.4978 -11.9979 -12.4978
  1.0000  -1.3104  -1.3104  -1.3104  -1.3104  -1.3104  -1.3103  -1.3103  -1.3102
 -1.3109  -1.3150  -1.3319  -1.3764  -1.4739  -1.7000  -2.1546  -2.8100  -3.3897
 -3.9315  -4.4545  -4.9700  -5.4801  -5.9866  -6.4908  -6.9935  -7.4951  -7.9961
 -8.4968  -8.9972  -9.4974  -9.9976 -10.4977 -10.9977 -11.4978 -11.9979 -12.4978
  2.0000  -1.3101  -1.3101  -1.3101  -1.3101  -1.3101  -1.3100  -1.3100  -1.3100
 -1.3106  -1.3148  -1.3316  -1.3761  -1.4736  -1.6997  -2.1542  -2.8096  -3.3894
 -3.9312  -4.4542  -4.9697  -5.4798  -5.9863  -6.4905  -6.9932  -7.4948  -7.9958
 -8.4965  -8.9969  -9.4971  -9.9973 -10.4974 -10.9974 -11.4975 -11.9976 -12.4975
 -2.0000  -1.2421  -1.2421  -1.2422  -1.2422  -1.2423  -1.2422  -1.2431  -1.2445
 -1.2479  -1.2563  -1.2776  -1.3313  -1.4640  -1.7723  -2.3024  -2.8705  -3.4176
 -3.9467  -4.4657  -4.9777  -5.4851  -5.9898  -6.4927  -6.9945  -7.4956  -7.9962
 -8.4966  -8.9969  -9.4971  -9.9972 -10.4972 -10.9973 -11.4973 -11.9973 -12.4975
 -1.0000  -1.2421  -1.2421  -1.2422  -1.2422  -1.2423  -1.2422  -1.2431  -1.2445
 -1.2479  -1.2563  -1.2776  -1.3313  -1.4640  -1.7723  -2.3024  -2.8705  -3.4176
 -3.9467  -4.4657  -4.9777  -5.4851  -5.9898  -6.4927  -6.9945  -7.4956  -7.9962
 -8.4966  -8.9969  -9.4971  -9.9972 -10.4972 -10.9973 -11.4973 -11.9973 -12.4975
  0.0000  -1.2432  -1.2432  -1.2433  -1.2433  -1.2434  -1.2433  -1.2442  -1.2456
 -1.2490  -1.2574  -1.2787  -1.3324  -1.4651  -1.7734  -2.3035  -2.8716  -3.4187
 -3.9478  -4.4668  -4.9788  -5.4862  -5.9909  -6.4938  -6.9956  -7.4967  -7.9973
 -8.4977  -8.9980  -9.4982  -9.9983 -10.4983 -10.9984 -11.4984 -11.9984 -12.4986
  0.0000  -1.2534  -1.2534  -1.2534  -1.2534  -1.2535  -1.2537  -1.2543  -1.2556
 -1.2588  -1.2667  -1.2865  -1.3368  -1.4616  -1.7590  -2.2927  -2.8685  -3.4188
 -3.9489  -4.4679  -4.9797  -5.4868  -5.9913  -6.4940  -6.9957  -7.4967  -7.9973
 -8.4977  -8.9979  -9.4981  -9.9982 -10.4982 -10.9983 -11.4983 -11.9983 -12.4985
  0.0000  -1.2444  -1.2444  -1.2444  -1.2444  -1.2445  -1.2448  -1.2453  -1.2467
 -1.2501  -1.2584  -1.2795  -1.3326  -1.4642  -1.7725  -2.3038  -2.8707  -3.4169
 -3.9459  -4.4651  -4.9776  -5.4854  -5.9902  -6.4933  -6.9952  -7.4963  -7.9971
 -8.4975  -8.9978  -9.4979  -9.9980 -10.4981 -10.9982 -11.4982 -11.9982 -12.4984
  0.0000  -1.2290  -1.2290  -1.2290  -1.2290  -1.2291  -1.2293  -1.2299  -1.2313
 -1.2349  -1.2438  -1.2667  -1.3244  -1.4683  -1.7970  -2.3273  -2.8787  -3.4160
 -3.9419  -4.4610  -4.9743  -5.4831  -5.9886  -6.4924  -6.9947  -7.4961  -7.9970
 -8.4975  -8.9979  -9.4981  -9.9982 -10.4983 -10.9983 -11.4984 -11.9985 -12.4984
  0.0000  -1.2126  -1.2127  -1.2127  -1.2127  -1.2128  -1.2131  -1.2137  -1.2152
 -1.2185  -1.2282  -1.2526  -1.3146  -1.4710  -1.8277  -2.3553  -2.8911  -3.4173
 -3.9381  -4.4558  -4.9696  -5.4795  -5.9861  -6.4902  -6.9932  -7.4950  -7.9961
 -8.4968  -8.9972  -9.4975  -9.9976 -10.4977 -10.9978 -11.4979 -11.9980 -12.4981
 -2.0000  -1.1510  -1.1510  -1.1510  -1.1511  -1.1512  -1.1516  -1.1526  -1.1549
 -1.1609  -1.1757  -1.2126  -1.3040  -1.5191  -1.9067  -2.3934  -2.9038  -3.4235
 -3.9428  -4.4589  -4.9710  -5.4793  -5.9848  -6.4883  -6.9906  -7.4921  -7.9929
 -8.4935  -8.9938  -9.4941  -9.9942 -10.4943 -10.9943 -11.4944 -11.9945 -12.4944
 -1.0000  -1.1510  -1.1510  -1.1510  -1.1511  -1.1512  -1.1516  -1.1526  -1.1549
 -1.1609  -1.1757  -1.2126  -1.3040  -1.5191  -1.9067  -2.3934  -2.9038  -3.4235
 -3.9428  -4.4589  -4.9710  -5.4793  -5.9848  -6.4883  -6.9906  -7.4921  -7.9929
 -8.4935  -8.9938  -9.4941  -9.9942 -10.4943 -10.9943 -11.4944 -11.9945 -12.4944
  0.0000  -1.1510  -1.1510  -1.1510  -1.1511  -1.1512  -1.1516  -1.1526  -1.1549
 -1.1609  -1.1757  -1.2126  -1.3040  -1.5191  -1.9067  -2.3934  -2.9038  -3.4235
 -3.9428  -4.4589  -4.9710  -5.4793  -5.9848  -6.4883  -6.9906  -7.4921  -7.9929
 -8.4935  -8.9938  -9.4941  -9.9942 -10.4943 -10.9943 -11.4944 -11.9945 -12.4944
  0.0000  -1.2225  -1.2225  -1.2225  -1.2225  -1.2226  -1.2227  -1.2231  -1.2241
 -1.2266  -1.2331  -1.2509  -1.3039  -1.4660  -1.8367  -2.3528  -2.8908  -3.4259
 -3.9509  -4.4673  -4.9776  -5.4839  -5.9880  -6.4904  -6.9919  -7.4928  -7.9933
 -8.4937  -8.9939  -9.4940  -9.9941 -10.4941 -10.9942 -11.4942 -11.9942 -12.4944
  0.0000  -1.2257  -1.2257  -1.2258  -1.2258  -1.2255  -1.2260  -1.2263  -1.2273
 -1.2296  -1.2357  -1.2526  -1.3038  -1.4636  -1.8340  -2.3517  -2.8906  -3.4260
 -3.9509  -4.4673  -4.9776  -5.4838  -5.9879  -6.4903  -6.9917  -7.4926  -7.9931
 -8.4935  -8.9937  -9.4938  -9.9939 -10.4939 -10.9940 -11.4940 -11.9940 -12.4942
  0.0000  -1.2061  -1.2061  -1.2061  -1.2061  -1.2062  -1.2065  -1.2070  -1.2083
 -1.2116  -1.2201  -1.2422  -1.3035  -1.4774  -1.8520  -2.3605  -2.8918  -3.4241
 -3.9483  -4.4650  -4.9759  -5.4827  -5.9870  -6.4897  -6.9913  -7.4923  -7.9929
 -8.4933  -8.9935  -9.4937  -9.9938 -10.4938 -10.9939 -11.4939 -11.9939 -12.4941
  0.0000  -1.1830  -1.1830  -1.1831  -1.1831  -1.1833  -1.1835  -1.1842  -1.1860
 -1.1904  -1.2014  -1.2294  -1.3027  -1.4946  -1.8755  -2.3736  -2.8952  -3.4225
 -3.9453  -4.4621  -4.9737  -5.4812  -5.9858  -6.4890  -6.9909  -7.4920  -7.9927
 -8.4932  -8.9935  -9.4936  -9.9937 -10.4938 -10.9939 -11.4939 -11.9939 -12.4941
 -3.0000  -1.1918  -1.1919  -1.1918  -1.1918  -1.1918  -1.1918  -1.1918  -1.1919
 -1.1925  -1.1962  -1.2156  -1.2922  -1.5056  -1.8852  -2.3760  -2.8981  -3.4241
 -3.9459  -4.4620  -4.9729  -5.4798  -5.9842  -6.4871  -6.9888  -7.4899  -7.9905
 -8.4910  -8.9912  -9.4914  -9.9915 -10.4915 -10.9916 -11.4916 -11.9916 -12.4918
 -2.0000  -1.1918  -1.1919  -1.1918  -1.1918  -1.1918  -1.1918  -1.1918  -1.1919
 -1.1925  -1.1962  -1.2156  -1.2922  -1.5056  -1.8852  -2.3760  -2.8981  -3.4241
 -3.9459  -4.4620  -4.9729  -5.4798  -5.9842  -6.4871  -6.9888  -7.4899  -7.9905
 -8.4910  -8.9912  -9.4914  -9.9915 -10.4915 -10.9916 -11.4916 -11.9916 -12.4918
 -1.0000  -1.1918  -1.1919  -1.1918  -1.1918  -1.1918  -1.1918  -1.1918  -1.1919
 -1.1925  -1.1962  -1.2156  -1.2922  -1.5056  -1.8852  -2.3760  -2.8981  -3.4241
 -3.9459  -4.4620  -4.9729  -5.4798  -5.9842  -6.4871  -6.9888  -7.4899  -7.9905
 -8.4910  -8.9912  -9.4914  -9.9915 -10.4915 -10.9916 -11.4916 -11.9916 -12.4918
  0.0000  -1.1918  -1.1919  -1.1918  -1.1918  -1.1918  -1.1918  -1.1918  -1.1919
 -1.1925  -1.1962  -1.2156  -1.2922  -1.5056  -1.8852  -2.3760  -2.8981  -3.4241
 -3.9459  -4.4620  -4.9729  -5.4798  -5.9842  -6.4871  -6.9888  -7.4899  -7.9905
 -8.4910  -8.9912  -9.4914  -9.9915 -10.4915 -10.9916 -11.4916 -11.9916 -12.4918
  0.0000  -1.2611  -1.2609  -1.2615  -1.2602  -1.2367  -1.2604  -1.2598  -1.2581
 -1.2537  -1.2464  -1.2433  -1.2819  -1.4586  -1.8409  -2.3559  -2.8953  -3.4289
 -3.9525  -4.4677  -4.9771  -5.4827  -5.9864  -6.4885  -6.9898  -7.4906  -7.9911
 -8.4914  -8.9915  -9.4916  -9.9917 -10.4918 -10.9918 -11.4918 -11.9918 -12.4918
  0.0000  -1.2671  -1.2671  -1.2671  -1.2671  -1.2668  -1.2665  -1.2656  -1.2634
 -1.2586  -1.2497  -1.2444  -1.2804  -1.4554  -1.8386  -2.3552  -2.8953  -3.4291
 -3.9526  -4.4677  -4.9771  -5.4826  -5.9863  -6.4884  -6.9896  -7.4904  -7.9909
 -8.4912  -8.9913  -9.4914  -9.9915 -10.4916 -10.9916 -11.4916 -11.9916 -12.4916
  0.0000  -1.2584  -1.2584  -1.2584  -1.2583  -1.2582  -1.2578  -1.2569  -1.2548
 -1.2499  -1.2414  -1.2383  -1.2804  -1.4629  -1.8464  -2.3586  -2.8956  -3.4281
 -3.9515  -4.4668  -4.9764  -5.4822  -5.9860  -6.4882  -6.9895  -7.4903  -7.9908
 -8.4911  -8.9913  -9.4914  -9.9915 -10.4916 -10.9916 -11.4916 -11.9916 -12.4916
-13.0000  -1.2583  -1.2583  -1.2583  -1.2582  -1.2581  -1.2577  -1.2568  -1.2547
 -1.2498  -1.2413  -1.2382  -1.2803  -1.4628  -1.8463  -2.3585  -2.8955  -3.4280
 -3.9514  -4.4667  -4.9763  -5.4821  -5.9859  -6.4881  -6.9894  -7.4902  -7.9907
 -8.4910  -8.9912  -9.4913  -9.9914 -10.4915 -10.9915 -11.4915 -11.9915 -12.4915
-12.0000  -1.2583  -1.2583  -1.2583  -1.2582  -1.2581  -1.2577  -1.2568  -1.2547
 -1.2498  -1.2413  -1.2382  -1.2803  -1.4628  -1.8463  -2.3585  -2.8955  -3.4280
 -3.9514  -4.4667  -4.9763  -5.4821  -5.9859  -6.4881  -6.9894  -7.4902  -7.9907
 -8.4910  -8.9912  -9.4913  -9.9914 -10.4915 -10.9915 -11.4915 -11.9915 -12.4915
-11.0000  -1.2583  -1.2583  -1.2583  -1.2582  -1.2581  -1.2577  -1.2568  -1.2547
 -1.2498  -1.2413  -1.2382  -1.2803  -1.4628  -1.8463  -2.3585  -2.8955  -3.4280
 -3.9514  -4.4667  -4.9763  -5.4821  -5.9859  -6.4881  -6.9894  -7.4902  -7.9907
 -8.4910  -8.9912  -9.4913  -9.9914 -10.4915 -10.9915 -11.4915 -11.9915 -12.4915
-10.0000  -1.2583  -1.2583  -1.2583  -1.2582  -1.2581  -1.2577  -1.2568  -1.2547
 -1.2498  -1.2413  -1.2382  -1.2803  -1.4628  -1.8463  -2.3585  -2.8955  -3.4280
 -3.9514  -4.4667  -4.9763  -5.4821  -5.9859  -6.4881  -6.9894  -7.4902  -7.9907
 -8.4910  -8.9912  -9.4913  -9.9914 -10.4915 -10.9915 -11.4915 -11.9915 -12.4915
-10.0000  -1.2583  -1.2583  -1.2583  -1.2582  -1.2581  -1.2577  -1.2568  -1.2547
 -1.2498  -1.2413  -1.2382  -1.2803  -1.4628  -1.8463  -2.3585  -2.8955  -3.4280
 -3.9514  -4.4667  -4.9763  -5.4821  -5.9859  -6.4881  -6.9894  -7.4902  -7.9907
 -8.4910  -8.9912  -9.4913  -9.9914 -10.4915 -10.9915 -11.4915 -11.9915 -12.4915
-10.0000  -1.2583  -1.2583  -1.2583  -1.2582  -1.2581  -1.2577  -1.2568  -1.2547
 -1.2498  -1.2413  -1.2382  -1.2803  -1.4628  -1.8463  -2.3585  -2.8955  -3.4280
 -3.9514  -4.4667  -4.9763  -5.4821  -5.9859  -6.4881  -6.9894  -7.4902  -7.9907
 -8.4910  -8.9912  -9.4913  -9.9914 -10.4915 -10.9915 -11.4915 -11.9915 -12.4915
-10.0000  -1.2584  -1.2584  -1.2584  -1.2583  -1.2582  -1.2578  -1.2569  -1.2548
 -1.2499  -1.2414  -1.2383  -1.2804  -1.4629  -1.8464  -2.3586  -2.8956  -3.4281
 -3.9515  -4.4668  -4.9764  -5.4822  -5.9860  -6.4882  -6.9895  -7.4903  -7.9908
 -8.4911  -8.9913  -9.4914  -9.9915 -10.4916 -10.9916 -11.4916 -11.9916 -12.4916
-23.0000  -1.2583  -1.2583  -1.2583  -1.2582  -1.2581  -1.2577  -1.2568  -1.2547
 -1.2498  -1.2413  -1.2382  -1.2803  -1.4628  -1.8463  -2.3585  -2.8955  -3.4280
 -3.9514  -4.4667  -4.9763  -5.4821  -5.9859  -6.4881  -6.9894  -7.4902  -7.9907
 -8.4910  -8.9912  -9.4913  -9.9914 -10.4915 -10.9915 -11.4915 -11.9915 -12.4915
-22.0000  -1.2583  -1.2583  -1.2583  -1.2582  -1.2581  -1.2577  -1.2568  -1.2547
 -1.2498  -1.2413  -1.2382  -1.2803  -1.4628  -1.8463  -2.3585  -2.8955  -3.4280
 -3.9514  -4.4667  -4.9763  -5.4821  -5.9859  -6.4881  -6.9894  -7.4902  -7.9907
 -8.4910  -8.9912  -9.4913  -9.9914 -10.4915 -10.9915 -11.4915 -11.9915 -12.4915
-21.0000  -1.2583  -1.2583  -1.2583  -1.2582  -1.2581  -1.2577  -1.2568  -1.2547
 -1.2498  -1.2413  -1.2382  -1.2803  -1.4628  -1.8463  -2.3585  -2.8955  -3.4280
 -3.9514  -4.4667  -4.9763  -5.4821  -5.9859  -6.4881  -6.9894  -7.4902  -7.9907
 -8.4910  -8.9912  -9.4913  -9.9914 -10.4915 -10.9915 -11.4915 -11.9915 -12.4915
-20.0000  -1.2583  -1.2583  -1.2583  -1.2582  -1.2581  -1.2577  -1.2568  -1.2547
 -1.2498  -1.2413  -1.2382  -1.2803  -1.4628  -1.8463  -2.3585  -2.8955  -3.4280
 -3.9514  -4.4667  -4.9763  -5.4821  -5.9859  -6.4881  -6.9894  -7.4902  -7.9907
 -8.4910  -8.9912  -9.4913  -9.9914 -10.4915 -10.9915 -11.4915 -11.9915 -12.4915
-20.0000  -1.2583  -1.2583  -1.2583  -1.2582  -1.2581  -1.2577  -1.2568  -1.2547
 -1.2498  -1.2413  -1.2382  -1.2803  -1.4628  -1.8463  -2.3585  -2.8955  -3.4280
 -3.9514  -4.4667  -4.9763  -5.4821  -5.9859  -6.4881  -6.9894  -7.4902  -7.9907
 -8.4910  -8.9912  -9.4913  -9.9914 -10.4915 -10.9915 -11.4915 -11.9915 -12.4915
-20.0000  -1.2583  -1.2583  -1.2583  -1.2582  -1.2581  -1.2577  -1.2568  -1.2547
 -1.2498  -1.2413  -1.2382  -1.2803  -1.4628  -1.8463  -2.3585  -2.8955  -3.4280
 -3.9514  -4.4667  -4.9763  -5.4821  -5.9859  -6.4881  -6.9894  -7.4902  -7.9907
 -8.4910  -8.9912  -9.4913  -9.9914 -10.4915 -10.9915 -11.4915 -11.9915 -12.4915
-20.0000  -1.2584  -1.2584  -1.2584  -1.2583  -1.2582  -1.2578  -1.2569  -1.2548
 -1.2499  -1.2414  -1.2383  -1.2804  -1.4629  -1.8464  -2.3586  -2.8956  -3.4281
 -3.9515  -4.4668  -4.9764  -5.4822  -5.9860  -6.4882  -6.9895  -7.4903  -7.9908
 -8.4911  -8.9913  -9.4914  -9.9915 -10.4916 -10.9916 -11.4916 -11.9916 -12.4916
-33.0000  -1.2582  -1.2582  -1.2582  -1.2581  -1.2580  -1.2576  -1.2567  -1.2546
 -1.2497  -1.2412  -1.2381  -1.2802  -1.4627  -1.8462  -2.3584  -2.8954  -3.4279
 -3.9513  -4.4666  -4.9762  -5.4820  -5.9858  -6.4880  -6.9893  -7.4901  -7.9906
 -8.4909  -8.9911  -9.4912  -9.9913 -10.4914 -10.9914 -11.4914 -11.9914 -12.4914
-32.0000  -1.2582  -1.2582  -1.2582  -1.2581  -1.2580  -1.2576  -1.2567  -1.2546
 -1.2497  -1.2412  -1.2381  -1.2802  -1.4627  -1.8462  -2.3584  -2.8954  -3.4279
 -3.9513  -4.4666  -4.9762  -5.4820  -5.9858  -6.4880  -6.9893  -7.4901  -7.9906
 -8.4909  -8.9911  -9.4912  -9.9913 -10.4914 -10.9914 -11.4914 -11.9914 -12.4914
-31.0000  -1.2582  -1.2582  -1.2582  -1.2581  -1.2580  -1.2576  -1.2567  -1.2546
 -1.2497  -1.2412  -1.2381  -1.2802  -1.4627  -1.8462  -2.3584  -2.8954  -3.4279
 -3.9513  -4.4666  -4.9762  -5.4820  -5.9858  -6.4880  -6.9893  -7.4901  -7.9906
 -8.4909  -8.9911  -9.4912  -9.9913 -10.4914 -10.9914 -11.4914 -11.9914 -12.4914
-30.0000  -1.2582  -1.2582  -1.2582  -1.2581  -1.2580  -1.2576  -1.2567  -1.2546
 -1.2497  -1.2412  -1.2381  -1.2802  -1.4627  -1.8462  -2.3584  -2.8954  -3.4279
 -3.9513  -4.4666  -4.9762  -5.4820  -5.9858  -6.4880  -6.9893  -7.4901  -7.9906
 -8.4909  -8.9911  -9.4912  -9.9913 -10.4914 -10.9914 -11.4914 -11.9914 -12.4914
-30.0000  -1.2582  -1.2582  -1.2582  -1.2581  -1.2580  -1.2576  -1.2567  -1.2546
 -1.2497  -1.2412  -1.2381  -1.2802  -1.4627  -1.8462  -2.3584  -2.8954  -3.4279
 -3.9513  -4.4666  -4.9762  -5.4820  -5.9858  -6.4880  -6.9893  -7.4901  -7.9906
 -8.4909  -8.9911  -9.4912  -9.9913 -10.4914 -10.9914 -11.4914 -11.9914 -12.4914
-30.0000  -1.2582  -1.2582  -1.2582  -1.2581  -1.2580  -1.2576  -1.2567  -1.2546
 -1.2497  -1.2412  -1.2381  -1.2802  -1.4627  -1.8462  -2.3584  -2.8954  -3.4279
 -3.9513  -4.4666  -4.9762  -5.4820  -5.9858  -6.4880  -6.9893  -7.4901  -7.9906
 -8.4909  -8.9911  -9.4912  -9.9913 -10.4914 -10.9914 -11.4914 -11.9914 -12.4914
-30.0000  -1.2583  -1.2583  -1.2583  -1.2582  -1.2581  -1.2577  -1.2568  -1.2547
 -1.2498  -1.2413  -1.2382  -1.2803  -1.4628  -1.8463  -2.3585  -2.8955  -3.4280
 -3.9514  -4.4667  -4.9763  -5.4821  -5.9859  -6.4881  -6.9894  -7.4902  -7.9907
 -8.4910  -8.9912  -9.4913  -9.9914 -10.4915 -10.9915 -11.4915 -11.9915 -12.4915
nl= 4 nu=11
  0.0000  -2.0648  -2.0648  -2.0648  -2.0648  -2.0648  -2.0648  -2.0649  -2.0649
 -2.0649  -2.0651  -2.0655  -2.0665  -2.0690  -2.0753  -2.0912  -2.1309  -2.2305
 -2.4788  -3.0836  -4.2762  -5.0503  -5.5690  -6.0696  -6.5698  -7.0726  -7.5779
 -8.0833  -8.5918  -9.1036  -9.6374 -10.2704 -10.8929 -11.3941 -11.8953 -12.5762
  0.0000  -2.2046  -2.2046  -2.2046  -2.2046  -2.2046  -2.2046  -2.2046  -2.2046
 -2.2046  -2.2047  -2.2049  -2.2054  -2.2067  -2.2100  -2.2181  -2.2386  -2.2901
 -2.4190  -2.7407  -3.5247  -4.9076  -5.5669  -6.0743  -6.5710  -7.0694  -7.5719
 -8.0767  -8.5859  -9.0987  -9.6334 -10.2665 -10.8894 -11.3913 -11.8932 -12.5745
  0.0000  -2.3508  -2.3508  -2.3508  -2.3508  -2.3508  -2.3508  -2.3508  -2.3508
 -2.3508  -2.3508  -2.3509  -2.3512  -2.3518  -2.3535  -2.3576  -2.3681  -2.3943
 -2.4600  -2.6249  -3.0368  -4.0390  -5.5106  -6.0820  -6.5814  -7.0749  -7.5721
 -8.0737  -8.5819  -9.0952  -9.6308 -10.2642 -10.8872 -11.3903 -11.8934 -12.5742
  0.0000  -2.4976  -2.4976  -2.4976  -2.4976  -2.4976  -2.4976  -2.4976  -2.4976
 -2.4976  -2.4976  -2.4977  -2.4978  -2.4981  -2.4990  -2.5011  -2.5063  -2.5196
 -2.5528  -2.6363  -2.8457  -3.3692  -4.6358  -6.0659  -6.5937  -7.0869  -7.5778
 -8.0732  -8.5775  -9.0896  -9.6253 -10.2584 -10.8820 -11.3863 -11.8906 -12.5719
  0.0000  -2.6446  -2.6446  -2.6446  -2.6446  -2.6446  -2.6446  -2.6446  -2.6446
 -2.6446  -2.6446  -2.6446  -2.6447  -2.6448  -2.6453  -2.6463  -2.6490  -2.6556
 -2.6723  -2.7144  -2.8198  -3.0846  -3.7469  -5.3264  -6.5941  -7.1030  -7.5917
 -8.0797  -8.5768  -9.0842  -9.6178 -10.2494 -10.8728 -11.3795 -11.8861 -12.5664
  0.0000  -2.7968  -2.7968  -2.7968  -2.7968  -2.7968  -2.7968  -2.7968  -2.7968
 -2.7968  -2.7969  -2.7969  -2.7969  -2.7970  -2.7972  -2.7977  -2.7990  -2.8024
 -2.8108  -2.8319  -2.8848  -3.0178  -3.3516  -4.1870  -6.1085  -7.1172  -7.6160
 -8.1005  -8.5898  -9.0891  -9.6172 -10.2446 -10.8659 -11.3746 -11.8833 -12.5597
  0.0000  -2.9381  -2.9381  -2.9381  -2.9381  -2.9381  -2.9381  -2.9381  -2.9381
 -2.9381  -2.9381  -2.9381  -2.9381  -2.9382  -2.9383  -2.9385  -2.9392  -2.9409
 -2.9451  -2.9556  -2.9822  -3.0488  -3.2162  -3.6365  -4.6880  -6.8940  -7.6233
 -8.1150  -8.6004  -9.0918  -9.6117 -10.2320 -10.8478 -11.3563 -11.8649 -12.5330
  0.0000  -1.7735  -1.7735  -1.7735  -1.7735  -1.7735  -1.7735  -1.7736  -1.7737
 -1.7739  -1.7746  -1.7762  -1.7802  -1.7904  -1.8158  -1.8793  -2.0367  -2.4161
 -3.2053  -4.0234  -4.5687  -5.0722  -5.5697  -6.0697  -6.5735  -7.0785  -7.5844
 -8.0988  -8.6174  -9.1981  -9.8909 -10.3926 -10.8936 -11.3943 -11.8950 -12.4209
  0.0000  -1.8997  -1.8997  -1.8997  -1.8997  -1.8997  -1.8997  -1.8998  -1.8998
 -1.9000  -1.9003  -1.9012  -1.9034  -1.9089  -1.9227  -1.9573  -2.0440  -2.2593
 -2.7783  -3.7926  -4.5604  -5.0817  -5.5781  -6.0729  -6.5722  -7.0750  -7.5807
 -8.0959  -8.6154  -9.1966  -9.8893 -10.3918 -10.8935 -11.3945 -11.8955 -12.4222
  0.0000  -2.0342  -2.0342  -2.0342  -2.0342  -2.0342  -2.0342  -2.0342  -2.0342
 -2.0343  -2.0345  -2.0350  -2.0361  -2.0390  -2.0463  -2.0646  -2.1104  -2.2252
 -2.5108  -3.1990  -4.4112  -5.0838  -5.5905  -6.0821  -6.5751  -7.0730  -7.5762
 -8.0910  -8.6110  -9.1928  -9.8852 -10.3890 -10.8916 -11.3933 -11.8950 -12.4223
  0.0000  -2.1765  -2.1765  -2.1765  -2.1765  -2.1765  -2.1765  -2.1765  -2.1766
 -2.1766  -2.1767  -2.1769  -2.1775  -2.1790  -2.1828  -2.1922  -2.2159  -2.2753
 -2.4243  -2.7954  -3.6882  -5.0171  -5.6025  -6.0998  -6.5880  -7.0787  -7.5762
 -8.0880  -8.6074  -9.1890  -9.8807 -10.3863 -10.8903 -11.3930 -11.8957 -12.4242
  0.0000  -2.3312  -2.3312  -2.3312  -2.3312  -2.3312  -2.3312  -2.3312  -2.3312
 -2.3312  -2.3313  -2.3314  -2.3317  -2.3324  -2.3344  -2.3392  -2.3512  -2.3816
 -2.4577  -2.6485  -3.1245  -4.2631  -5.5915  -6.1266  -6.6175  -7.1021  -7.5917
 -8.0969  -8.6127  -9.1924  -9.8820 -10.3898 -10.8957 -11.3998 -11.9039 -12.4340
  0.0000  -2.4676  -2.4676  -2.4676  -2.4676  -2.4676  -2.4676  -2.4676  -2.4676
 -2.4676  -2.4676  -2.4677  -2.4679  -2.4682  -2.4692  -2.4716  -2.4777  -2.4931
 -2.5316  -2.6283  -2.8709  -3.4765  -4.9039  -6.1152  -6.6280  -7.1133  -7.5963
 -8.0930  -8.6015  -9.1764  -9.8611 -10.3702 -10.8782 -11.3844 -11.8906 -12.4224
  0.0000  -2.6130  -2.6130  -2.6130  -2.6130  -2.6130  -2.6130  -2.6130  -2.6130
 -2.6130  -2.6130  -2.6130  -2.6131  -2.6133  -2.6138  -2.6150  -2.6181  -2.6258
 -2.6452  -2.6939  -2.8162  -3.1230  -3.8894  -5.6337  -6.6329  -7.1335  -7.6161
 -8.1065  -8.6064  -9.1735  -9.8506 -10.3573 -10.8664 -11.3747 -11.8830 -12.4160
  0.0000  -1.5466  -1.5466  -1.5466  -1.5466  -1.5466  -1.5467  -1.5468  -1.5471
 -1.5480  -1.5500  -1.5552  -1.5681  -1.6004  -1.6803  -1.8722  -2.2922  -2.9533
 -3.5503  -4.0674  -4.5690  -5.0676  -5.5689  -6.0737  -6.5799  -7.0893  -7.6074
 -8.1710  -8.8867  -9.3910  -9.8925 -10.3935 -10.8941 -11.3945 -11.8949 -12.3975
  0.0000  -1.6374  -1.6374  -1.6374  -1.6374  -1.6374  -1.6375  -1.6375  -1.6377
 -1.6382  -1.6395  -1.6427  -1.6507  -1.6707  -1.7206  -1.8439  -2.1387  -2.7558
 -3.5163  -4.0760  -4.5813  -5.0754  -5.5709  -6.0714  -6.5761  -7.0855  -7.6042
 -8.1685  -8.8838  -9.3892  -9.8915 -10.3930 -10.8939 -11.3945 -11.8951 -12.3980
  0.0000  -1.7464  -1.7464  -1.7464  -1.7464  -1.7464  -1.7464  -1.7465  -1.7466
 -1.7469  -1.7476  -1.7494  -1.7540  -1.7655  -1.7944  -1.8666  -2.0451  -2.4707
 -3.3066  -4.0649  -4.5945  -5.0894  -5.5792  -6.0733  -6.5735  -7.0810  -7.5998
 -8.1643  -8.8791  -9.3858  -9.8893 -10.3916 -10.8931 -11.3940 -11.8949 -12.3985
  0.0000  -1.8700  -1.8700  -1.8700  -1.8700  -1.8700  -1.8700  -1.8700  -1.8701
 -1.8703  -1.8707  -1.8717  -1.8742  -1.8805  -1.8963  -1.9361  -2.0355  -2.2815
 -2.8673  -3.9091  -4.5974  -5.1076  -5.5958  -6.0831  -6.5762  -7.0788  -7.5953
 -8.1592  -8.8721  -9.3810  -9.8860 -10.3895 -10.8919 -11.3934 -11.8949 -12.3994
  0.0000  -2.0030  -2.0030  -2.0030  -2.0030  -2.0030  -2.0030  -2.0030  -2.0030
 -2.0031  -2.0033  -2.0038  -2.0052  -2.0085  -2.0169  -2.0380  -2.0908  -2.2230
 -2.5510  -3.3295  -4.5145  -5.1190  -5.6170  -6.1013  -6.5866  -7.0814  -7.5923
 -8.1530  -8.8623  -9.3728  -9.8800 -10.3852 -10.8888 -11.3913 -11.8938 -12.3995
  0.0000  -2.1431  -2.1431  -2.1431  -2.1431  -2.1432  -2.1432  -2.1432  -2.1432
 -2.1432  -2.1433  -2.1436  -2.1443  -2.1460  -2.1504  -2.1613  -2.1886  -2.2573
 -2.4294  -2.8569  -3.8649  -5.0878  -5.6350  -6.1256  -6.6071  -7.0938  -7.5963
 -8.1506  -8.8532  -9.3632  -9.8720 -10.3794 -10.8848 -11.3886 -11.8924 -12.3999
  0.0000  -2.2871  -2.2871  -2.2871  -2.2871  -2.2871  -2.2871  -2.2871  -2.2871
 -2.2871  -2.2872  -2.2873  -2.2877  -2.2886  -2.2908  -2.2963  -2.3103  -2.3454
 -2.4335  -2.6543  -3.2036  -4.4790  -5.6264  -6.1458  -6.6318  -7.1144  -7.6092
 -8.1553  -8.8495  -9.3542  -9.8623 -10.3713 -10.8788 -11.3844 -11.8900 -12.3999
  0.0000  -1.4216  -1.4216  -1.4216  -1.4216  -1.4216  -1.4217  -1.4220  -1.4227
 -1.4245  -1.4288  -1.4397  -1.4668  -1.5328  -1.6868  -2.0057  -2.5032  -3.0413
 -3.5553  -4.0577  -4.5626  -5.0676  -5.5739  -6.0841  -6.5978  -7.1330  -7.7663
 -8.3894  -8.8916  -9.3930  -9.8939 -10.3945 -10.8948 -11.3950 -11.8952 -12.3952
  0.0000  -1.4643  -1.4643  -1.4643  -1.4643  -1.4644  -1.4644  -1.4647  -1.4652
 -1.4665  -1.4698  -1.4780  -1.4986  -1.5494  -1.6721  -1.9481  -2.4512  -3.0395
 -3.5697  -4.0712  -4.5697  -5.0687  -5.5713  -6.0802  -6.5940  -7.1300  -7.7635
 -8.3866  -8.8899  -9.3920  -9.8933 -10.3942 -10.8947 -11.3951 -11.8955 -12.3957
  0.0000  -1.5277  -1.5277  -1.5277  -1.5277  -1.5277  -1.5278  -1.5279  -1.5283
 -1.5292  -1.5315  -1.5371  -1.5513  -1.5868  -1.6742  -1.8828  -2.3304  -2.9962
 -3.5789  -4.0889  -4.5835  -5.0757  -5.5720  -6.0771  -6.5895  -7.1255  -7.7588
 -8.3824  -8.8868  -9.3900  -9.8921 -10.3934 -10.8942 -11.3947 -11.8952 -12.3958
  0.0000  -1.6136  -1.6136  -1.6136  -1.6136  -1.6136  -1.6136  -1.6137  -1.6140
 -1.6145  -1.6159  -1.6195  -1.6285  -1.6509  -1.7068  -1.8445  -2.1707  -2.8265
 -3.5608  -4.1056  -4.6036  -5.0909  -5.5796  -6.0780  -6.5864  -7.1206  -7.7526
 -8.3761  -8.8825  -9.3869  -9.8901 -10.3922 -10.8935 -11.3944 -11.8953 -12.3964
  0.0000  -1.7193  -1.7193  -1.7193  -1.7193  -1.7193  -1.7193  -1.7194  -1.7195
 -1.7198  -1.7206  -1.7227  -1.7279  -1.7411  -1.7739  -1.8559  -2.0579  -2.5332
 -3.4024  -4.1057  -4.6248  -5.1134  -5.5963  -6.0864  -6.5874  -7.1168  -7.7455
 -8.3672  -8.8756  -9.3821  -9.8867 -10.3900 -10.8921 -11.3935 -11.8949 -12.3968
  0.0000  -1.8405  -1.8405  -1.8405  -1.8405  -1.8405  -1.8405  -1.8406  -1.8406
 -1.8408  -1.8413  -1.8424  -1.8453  -1.8525  -1.8707  -1.9162  -2.0300  -2.3107
 -2.9674  -4.0054  -4.6343  -5.1378  -5.6204  -6.1042  -6.5966  -7.1182  -7.7404
 -8.3577  -8.8665  -9.3749  -9.8816 -10.3863 -10.8897 -11.3919 -11.8941 -12.3976
  0.0000  -1.9732  -1.9732  -1.9732  -1.9732  -1.9732  -1.9732  -1.9732  -1.9732
 -1.9733  -1.9736  -1.9742  -1.9757  -1.9795  -1.9892  -2.0135  -2.0743  -2.2263
 -2.6022  -3.4739  -4.5872  -5.1524  -5.6458  -6.1290  -6.6153  -7.1287  -7.7430
 -8.3521  -8.8576  -9.3666  -9.8751 -10.3819 -10.8867 -11.3900 -11.8933 -12.3981
  0.0000  -1.3833  -1.3833  -1.3833  -1.3833  -1.3834  -1.3835  -1.3839  -1.3850
 -1.3876  -1.3939  -1.4093  -1.4455  -1.5291  -1.7131  -2.0526  -2.5211  -3.0301
 -3.5403  -4.0524  -4.5627  -5.0726  -5.5902  -6.1114  -6.6935  -7.3865  -7.8898
 -8.3920  -8.8934  -9.3942  -9.8948 -10.3951 -10.8954 -11.3955 -11.8956 -12.3960
  0.0000  -1.3936  -1.3936  -1.3937  -1.3937  -1.3937  -1.3939  -1.3942  -1.3951
 -1.3972  -1.4027  -1.4161  -1.4489  -1.5267  -1.7019  -2.0414  -2.5265  -3.0450
 -3.5531  -4.0559  -4.5632  -5.0696  -5.5863  -6.1077  -6.6900  -7.3828  -7.8870
 -8.3902  -8.8921  -9.3934  -9.8942 -10.3947 -10.8950 -11.3952 -11.8954 -12.3957
  0.0000  -1.4137  -1.4137  -1.4137  -1.4137  -1.4138  -1.4139  -1.4142  -1.4149
 -1.4167  -1.4212  -1.4325  -1.4604  -1.5285  -1.6868  -2.0144  -2.5209  -3.0613
 -3.5724  -4.0700  -4.5692  -5.0699  -5.5833  -6.1036  -6.6858  -7.3777  -7.8837
 -8.3878  -8.8907  -9.3926  -9.8938 -10.3945 -10.8950 -11.3953 -11.8956 -12.3961
  0.0000  -1.4491  -1.4491  -1.4491  -1.4491  -1.4492  -1.4492  -1.4495  -1.4500
 -1.4514  -1.4549  -1.4637  -1.4857  -1.5400  -1.6705  -1.9616  -2.4796  -3.0673
 -3.5933  -4.0901  -4.5821  -5.0749  -5.5822  -6.0990  -6.6794  -7.3695  -7.8773
 -8.3832  -8.8872  -9.3901  -9.8919 -10.3931 -10.8938 -11.3943 -11.8948 -12.3954
  0.0000  -1.5082  -1.5082  -1.5082  -1.5082  -1.5082  -1.5083  -1.5085  -1.5088
 -1.5098  -1.5123  -1.5186  -1.5342  -1.5731  -1.6688  -1.8957  -2.3715  -3.0395
 -3.6111  -4.1164  -4.6049  -5.0904  -5.5894  -6.0996  -6.6755  -7.3614  -7.8703
 -8.3782  -8.8841  -9.3882  -9.8911 -10.3930 -10.8942 -11.3949 -11.8956 -12.3969
  0.0000  -1.5893  -1.5893  -1.5893  -1.5893  -1.5893  -1.5894  -1.5895  -1.5897
 -1.5904  -1.5920  -1.5960  -1.6060  -1.6311  -1.6936  -1.8471  -2.2065  -2.8956
 -3.6019  -4.1375  -4.6307  -5.1126  -5.6040  -6.1057  -6.6743  -7.3530  -7.8604
 -8.3693  -8.8773  -9.3833  -9.8875 -10.3904 -10.8923 -11.3935 -11.8947 -12.3967
  0.0000  -1.6925  -1.6925  -1.6925  -1.6925  -1.6925  -1.6925  -1.6926  -1.6927
 -1.6931  -1.6940  -1.6964  -1.7023  -1.7172  -1.7544  -1.8472  -2.0748  -2.6014
 -3.4838  -4.1404  -4.6533  -5.1387  -5.6268  -6.1212  -6.6821  -7.3523  -7.8530
 -8.3604  -8.8695  -9.3775  -9.8835 -10.3876 -10.8906 -11.3925 -11.8944 -12.3977
  0.0000  -1.3813  -1.3813  -1.3813  -1.3814  -1.3815  -1.3817  -1.3824  -1.3840
 -1.3878  -1.3962  -1.4133  -1.4490  -1.5334  -1.7170  -2.0473  -2.5035  -3.0118
 -3.5298  -4.0517  -4.5705  -5.0950  -5.6622  -6.3786  -6.8857  -7.3893  -7.8915
 -8.3929  -8.8938  -9.3944  -9.8947 -10.3950 -10.8951 -11.3952 -11.8953 -12.3953
  0.0000  -1.3818  -1.3818  -1.3819  -1.3819  -1.3820  -1.3822  -1.3827  -1.3841
 -1.3874  -1.3950  -1.4117  -1.4474  -1.5304  -1.7140  -2.0499  -2.5141  -3.0229
 -3.5360  -4.0520  -4.5685  -5.0917  -5.6588  -6.3745  -6.8829  -7.3871  -7.8902
 -8.3921  -8.8934  -9.3941  -9.8946 -10.3949 -10.8951 -11.3952 -11.8953 -12.3955
  0.0000  -1.3827  -1.3827  -1.3827  -1.3827  -1.3828  -1.3830  -1.3834  -1.3845
 -1.3871  -1.3937  -1.4092  -1.4446  -1.5263  -1.7093  -2.0521  -2.5289  -3.0409
 -3.5491  -4.0543  -4.5681  -5.0885  -5.6543  -6.3682  -6.8782  -7.3840  -7.8880
 -8.3907  -8.8924  -9.3935  -9.8942 -10.3947 -10.8950 -11.3951 -11.8952 -12.3955
  0.0000  -1.3879  -1.3879  -1.3879  -1.3879  -1.3880  -1.3881  -1.3885  -1.3894
 -1.3916  -1.3972  -1.4110  -1.4443  -1.5230  -1.7010  -2.0478  -2.5425  -3.0643
 -3.5698  -4.0677  -4.5728  -5.0877  -5.6502  -6.3605  -6.8717  -7.3793  -7.8848
 -8.3886  -8.8912  -9.3928  -9.8939 -10.3946 -10.8950 -11.3953 -11.8956 -12.3960
  0.0000  -1.4020  -1.4020  -1.4020  -1.4020  -1.4021  -1.4022  -1.4025  -1.4032
 -1.4051  -1.4098  -1.4217  -1.4509  -1.5218  -1.6864  -2.0255  -2.5430  -3.0863
 -3.5954  -4.0883  -4.5845  -5.0913  -5.6477  -6.3519  -6.8623  -7.3713  -7.8788
 -8.3842  -8.8880  -9.3905  -9.8922 -10.3932 -10.8939 -11.3943 -11.8947 -12.3955
  0.0000  -1.4339  -1.4339  -1.4339  -1.4339  -1.4340  -1.4340  -1.4343  -1.4349
 -1.4364  -1.4402  -1.4496  -1.4731  -1.5312  -1.6703  -1.9776  -2.5106  -3.0980
 -3.6219  -4.1156  -4.6057  -5.1042  -5.6526  -6.3487  -6.8542  -7.3626  -7.8715
 -8.3790  -8.8844  -9.3881  -9.8907 -10.3924 -10.8934 -11.3941 -11.8948 -12.3958
  0.0000  -1.4861  -1.4861  -1.4861  -1.4862  -1.4862  -1.4863  -1.4864  -1.4869
 -1.4879  -1.4907  -1.4975  -1.5146  -1.5571  -1.6614  -1.9067  -2.4078  -3.0729
 -3.6362  -4.1396  -4.6291  -5.1225  -5.6641  -6.3534  -6.8485  -7.3523  -7.8608
 -8.3698  -8.8771  -9.3825  -9.8861 -10.3887 -10.8902 -11.3913 -11.8924 -12.3937
  0.0000  -1.3905  -1.3905  -1.3906  -1.3906  -1.3907  -1.3910  -1.3917  -1.3935
 -1.3974  -1.4057  -1.4216  -1.4556  -1.5366  -1.7129  -2.0336  -2.4864  -3.0003
 -3.5286  -4.0667  -4.6125  -5.2515  -5.8786  -6.3847  -6.8887  -7.3912  -7.8928
 -8.3938  -8.8944  -9.3948  -9.8950 -10.3952 -10.8953 -11.3953 -11.8953 -12.3954
  0.0000  -1.3886  -1.3886  -1.3886  -1.3886  -1.3888  -1.3891  -1.3899  -1.3918
 -1.3962  -1.4051  -1.4212  -1.4542  -1.5343  -1.7105  -2.0336  -2.4897  -3.0027
 -3.5281  -4.0631  -4.6090  -5.2472  -5.8742  -6.3814  -6.8860  -7.3892  -7.8912
 -8.3924  -8.8932  -9.3937  -9.8940 -10.3942 -10.8943 -11.3944 -11.8945 -12.3946
  0.0000  -1.3845  -1.3845  -1.3845  -1.3846  -1.3847  -1.3850  -1.3858  -1.3877
 -1.3921  -1.4013  -1.4179  -1.4510  -1.5318  -1.7112  -2.0416  -2.5038  -3.0151
 -3.5346  -4.0635  -4.6069  -5.2434  -5.8698  -6.3784  -6.8843  -7.3883  -7.8910
 -8.3926  -8.8937  -9.3944  -9.8948 -10.3951 -10.8953 -11.3954 -11.8955 -12.3957
  0.0000  -1.3789  -1.3789  -1.3789  -1.3790  -1.3791  -1.3793  -1.3800  -1.3816
 -1.3853  -1.3937  -1.4107  -1.4451  -1.5267  -1.7103  -2.0510  -2.5234  -3.0346
 -3.5470  -4.0672  -4.6055  -5.2381  -5.8625  -6.3723  -6.8799  -7.3852  -7.8889
 -8.3913  -8.8929  -9.3938  -9.8945 -10.3949 -10.8951 -11.3953 -11.8955 -12.3956
  0.0000  -1.3756  -1.3756  -1.3757  -1.3757  -1.3758  -1.3760  -1.3764  -1.3776
 -1.3805  -1.3875  -1.4036  -1.4392  -1.5213  -1.7073  -2.0583  -2.5454  -3.0606
 -3.5678  -4.0782  -4.6086  -5.2351  -5.8545  -6.3643  -6.8734  -7.3806  -7.8856
 -8.3891  -8.8915  -9.3930  -9.8939 -10.3945 -10.8949 -11.3951 -11.8953 -12.3958
  0.0000  -1.3780  -1.3780  -1.3780  -1.3780  -1.3781  -1.3782  -1.3786  -1.3796
 -1.3819  -1.3878  -1.4021  -1.4365  -1.5171  -1.7000  -2.0568  -2.5626  -3.0883
 -3.5945  -4.0975  -4.6196  -5.2383  -5.8497  -6.3559  -6.8651  -7.3740  -7.8810
 -8.3859  -8.8893  -9.3916  -9.8930 -10.3939 -10.8945 -11.3949 -11.8953 -12.3959
  0.0000  -1.3915  -1.3915  -1.3915  -1.3915  -1.3916  -1.3917  -1.3920  -1.3928
 -1.3948  -1.3998  -1.4121  -1.4427  -1.5165  -1.6874  -2.0373  -2.5642  -3.1103
 -3.6222  -4.1222  -4.6386  -5.2514  -5.8531  -6.3509  -6.8571  -7.3663  -7.8750
 -8.3818  -8.8865  -9.3897  -9.8919 -10.3933 -10.8942 -11.3948 -11.8954 -12.3963
  0.0000  -1.3980  -1.3980  -1.3980  -1.3981  -1.3981  -1.3984  -1.3989  -1.4002
 -1.4033  -1.4104  -1.4254  -1.4583  -1.5359  -1.7067  -2.0224  -2.4763  -3.0020
 -3.5497  -4.1584  -4.8607  -5.3741  -5.8822  -6.3870  -6.8904  -7.3923  -7.8935
 -8.3943  -8.8948  -9.3951  -9.8952 -10.3953 -10.8954 -11.3955 -11.8956 -12.3957
  0.0000  -1.4023  -1.4023  -1.4023  -1.4024  -1.4025  -1.4027  -1.4034  -1.4049
 -1.4085  -1.4161  -1.4308  -1.4621  -1.5370  -1.7038  -2.0166  -2.4712  -2.9984
 -3.5464  -4.1549  -4.8579  -5.3718  -5.8807  -6.3861  -6.8897  -7.3919  -7.8933
 -8.3941  -8.8946  -9.3950  -9.8952 -10.3953 -10.8954 -11.3955 -11.8956 -12.3957
  0.0000  -1.3974  -1.3974  -1.3974  -1.3975  -1.3976  -1.3980  -1.3988  -1.4008
 -1.4053  -1.4140  -1.4289  -1.4598  -1.5354  -1.7043  -2.0204  -2.4769  -3.0020
 -3.5460  -4.1513  -4.8526  -5.3673  -5.8773  -6.3838  -6.8880  -7.3908  -7.8925
 -8.3936  -8.8943  -9.3947  -9.8950 -10.3952 -10.8953 -11.3953 -11.8953 -12.3954
  0.0000  -1.3874  -1.3874  -1.3875  -1.3875  -1.3877  -1.3881  -1.3892  -1.3917
 -1.3970  -1.4070  -1.4225  -1.4535  -1.5315  -1.7057  -2.0305  -2.4921  -3.0137
 -3.5504  -4.1492  -4.8464  -5.3608  -5.8719  -6.3799  -6.8852  -7.3889  -7.8913
 -8.3928  -8.8937  -9.3943  -9.8947 -10.3949 -10.8951 -11.3952 -11.8953 -12.3956
  0.0000  -1.3770  -1.3770  -1.3770  -1.3771  -1.3773  -1.3777  -1.3787  -1.3811
 -1.3866  -1.3971  -1.4137  -1.4455  -1.5263  -1.7075  -2.0442  -2.5147  -3.0343
 -3.5625  -4.1522  -4.8424  -5.3537  -5.8650  -6.3745  -6.8816  -7.3864  -7.8898
 -8.3920  -8.8934  -9.3942  -9.8948 -10.3951 -10.8954 -11.3955 -11.8956 -12.3961
  0.0000  -1.3691  -1.3691  -1.3691  -1.3691  -1.3693  -1.3696  -1.3704  -1.3723
 -1.3767  -1.3862  -1.4038  -1.4375  -1.5200  -1.7072  -2.0565  -2.5394  -3.0606
 -3.5818  -4.1625  -4.8443  -5.3479  -5.8567  -6.3668  -6.8756  -7.3822  -7.8867
 -8.3899  -8.8920  -9.3933  -9.8941 -10.3946 -10.8950 -11.3952 -11.8954 -12.3959
  0.0000  -1.3667  -1.3667  -1.3667  -1.3667  -1.3668  -1.3670  -1.3676  -1.3689
 -1.3721  -1.3796  -1.3964  -1.4322  -1.5152  -1.7047  -2.0636  -2.5606  -3.0879
 -3.6064  -4.1813  -4.8573  -5.3486  -5.8508  -6.3591  -6.8687  -7.3771  -7.8833
 -8.3875  -8.8905  -9.3924  -9.8936 -10.3944 -10.8949 -11.3952 -11.8955 -12.3960
-10.0000  -1.3270  -1.3271  -1.3273  -1.3277  -1.3289  -1.3317  -1.3378  -1.3500
 -1.3678  -1.3833  -1.3929  -1.4242  -1.5138  -1.7118  -2.0763  -2.5690  -3.0913
 -3.6076  -4.1819  -4.8576  -5.3486  -5.8507  -6.3590  -6.8686  -7.3770  -7.8832
 -8.3874  -8.8904  -9.3923  -9.8935 -10.3943 -10.8948 -11.3951 -11.8954 -12.3959
-10.0000  -1.3274  -1.3275  -1.3277  -1.3281  -1.3292  -1.3318  -1.3378  -1.3496
 -1.3673  -1.3828  -1.3926  -1.4240  -1.5135  -1.7115  -2.0759  -2.5686  -3.0910
 -3.6073  -4.1816  -4.8573  -5.3483  -5.8504  -6.3587  -6.8683  -7.3767  -7.8829
 -8.3871  -8.8901  -9.3920  -9.8932 -10.3940 -10.8945 -11.3948 -11.8951 -12.3956
-10.0000  -1.3290  -1.3290  -1.3292  -1.3296  -1.3306  -1.3331  -1.3386  -1.3499
 -1.3671  -1.3828  -1.3930  -1.4243  -1.5138  -1.7117  -2.0761  -2.5689  -3.0913
 -3.6076  -4.1819  -4.8576  -5.3486  -5.8507  -6.3590  -6.8686  -7.3770  -7.8832
 -8.3874  -8.8904  -9.3923  -9.8935 -10.3943 -10.8948 -11.3951 -11.8954 -12.3959
-10.0000  -1.3311  -1.3312  -1.3313  -1.3317  -1.3325  -1.3347  -1.3396  -1.3498
 -1.3662  -1.3822  -1.3931  -1.4244  -1.5137  -1.7115  -2.0759  -2.5687  -3.0911
 -3.6075  -4.1818  -4.8575  -5.3485  -5.8506  -6.3589  -6.8685  -7.3769  -7.8831
 -8.3873  -8.8903  -9.3922  -9.8934 -10.3942 -10.8947 -11.3950 -11.8953 -12.3958
-10.0000  -1.3349  -1.3350  -1.3351  -1.3354  -1.3360  -1.3377  -1.3417  -1.3502
 -1.3650  -1.3813  -1.3935  -1.4247  -1.5138  -1.7114  -2.0756  -2.5685  -3.0911
 -3.6075  -4.1819  -4.8576  -5.3486  -5.8507  -6.3590  -6.8686  -7.3770  -7.8832
 -8.3874  -8.8904  -9.3923  -9.8935 -10.3943 -10.8948 -11.3951 -11.8954 -12.3959
-10.0000  -1.3403  -1.3403  -1.3404  -1.3406  -1.3410  -1.3422  -1.3450  -1.3514
 -1.3635  -1.3795  -1.3939  -1.4252  -1.5137  -1.7109  -2.0748  -2.5680  -3.0908
 -3.6074  -4.1817  -4.8575  -5.3485  -5.8506  -6.3589  -6.8685  -7.3769  -7.8831
 -8.3873  -8.8903  -9.3922  -9.8934 -10.3942 -10.8947 -11.3950 -11.8953 -12.3958
-10.0000  -1.3543  -1.3543  -1.3544  -1.3545  -1.3548  -1.3555  -1.3573  -1.3614
 -1.3699  -1.3841  -1.4013  -1.4333  -1.5208  -1.7171  -2.0804  -2.5741  -3.0974
 -3.6142  -4.1887  -4.8644  -5.3555  -5.8576  -6.3659  -6.8755  -7.3839  -7.8901
 -8.3943  -8.8973  -9.3992  -9.9004 -10.4012 -10.9017 -11.4020 -11.9023 -12.4028
 -1.0000  -1.3909  -1.3909  -1.3909  -1.3910  -1.3910  -1.3911  -1.3915  -1.3923
 -1.3944  -1.3996  -1.4121  -1.4413  -1.5122  -1.6777  -2.0072  -2.5537  -3.2381
 -3.8212  -4.3510  -4.8685  -5.3789  -5.8850  -6.3889  -6.8912  -7.3927  -7.8935
 -8.3941  -8.8944  -9.3946  -9.8947 -10.3948 -10.8949 -11.3949 -11.8949 -12.3951
  0.0000  -1.3909  -1.3909  -1.3909  -1.3910  -1.3910  -1.3911  -1.3915  -1.3923
 -1.3944  -1.3996  -1.4121  -1.4413  -1.5122  -1.6777  -2.0072  -2.5537  -3.2381
 -3.8212  -4.3510  -4.8685  -5.3789  -5.8850  -6.3889  -6.8912  -7.3927  -7.8935
 -8.3941  -8.8944  -9.3946  -9.8947 -10.3948 -10.8949 -11.3949 -11.8949 -12.3951
  1.0000  -1.3909  -1.3909  -1.3910  -1.3910  -1.3910  -1.3912  -1.3915  -1.3923
 -1.3944  -1.3996  -1.4121  -1.4413  -1.5122  -1.6777  -2.0072  -2.5537  -3.2381
 -3.8212  -4.3510  -4.8685  -5.3789  -5.8850  -6.3889  -6.8912  -7.3927  -7.8935
 -8.3941  -8.8944  -9.3946  -9.8947 -10.3948 -10.8949 -11.3949 -11.8949 -12.3951
  2.0000  -1.3909  -1.3909  -1.3909  -1.3909  -1.3910  -1.3911  -1.3914  -1.3923
 -1.3943  -1.3995  -1.4120  -1.4412  -1.5121  -1.6776  -2.0070  -2.5535  -3.2380
 -3.8211  -4.3509  -4.8684  -5.3788  -5.8849  -6.3888  -6.8911  -7.3926  -7.8934
 -8.3940  -8.8943  -9.3945  -9.8946 -10.3947 -10.8948 -11.3948 -11.8948 -12.3950
  3.0000  -1.3911  -1.3911  -1.3911  -1.3912  -1.3912  -1.3913  -1.3917  -1.3925
 -1.3946  -1.3998  -1.4123  -1.4415  -1.5123  -1.6777  -2.0072  -2.5537  -3.2381
 -3.8213  -4.3511  -4.8686  -5.3790  -5.8851  -6.3890  -6.8913  -7.3928  -7.8936
 -8.3942  -8.8945  -9.3947  -9.8948 -10.3949 -10.8950 -11.3950 -11.8950 -12.3952
  4.0000  -1.3911  -1.3911  -1.3911  -1.3912  -1.3912  -1.3914  -1.3917  -1.3925
 -1.3946  -1.3998  -1.4122  -1.4414  -1.5123  -1.6776  -2.0070  -2.5534  -3.2380
 -3.8212  -4.3510  -4.8685  -5.3789  -5.8850  -6.3889  -6.8912  -7.3927  -7.8935
 -8.3941  -8.8944  -9.3946  -9.8947 -10.3948 -10.8949 -11.3949 -11.8949 -12.3951
  5.0000  -1.3907  -1.3908  -1.3908  -1.3908  -1.3908  -1.3910  -1.3913  -1.3921
 -1.3942  -1.3994  -1.4118  -1.4409  -1.5117  -1.6769  -2.0061  -2.5526  -3.2372
 -3.8205  -4.3504  -4.8679  -5.3783  -5.8844  -6.3883  -6.8906  -7.3921  -7.8929
 -8.3935  -8.8938  -9.3940  -9.8941 -10.3942 -10.8943 -11.3943 -11.8943 -12.3945
 -2.0000  -1.3539  -1.3539  -1.3539  -1.3539  -1.3539  -1.3540  -1.3543  -1.3550
 -1.3569  -1.3618  -1.3743  -1.4053  -1.4833  -1.6744  -2.0942  -2.7079  -3.2885
 -3.8343  -4.3586  -4.8732  -5.3819  -5.8871  -6.3904  -6.8923  -7.3935  -7.8942
 -8.3946  -8.8949  -9.3951  -9.8952 -10.3952 -10.8953 -11.3953 -11.8953 -12.3955
 -1.0000  -1.3539  -1.3539  -1.3539  -1.3539  -1.3539  -1.3540  -1.3543  -1.3550
 -1.3569  -1.3618  -1.3743  -1.4053  -1.4833  -1.6744  -2.0942  -2.7079  -3.2885
 -3.8343  -4.3586  -4.8732  -5.3819  -5.8871  -6.3904  -6.8923  -7.3935  -7.8942
 -8.3946  -8.8949  -9.3951  -9.8952 -10.3952 -10.8953 -11.3953 -11.8953 -12.3955
  0.0000  -1.3536  -1.3536  -1.3536  -1.3536  -1.3536  -1.3537  -1.3540  -1.3547
 -1.3566  -1.3615  -1.3740  -1.4050  -1.4830  -1.6741  -2.0939  -2.7076  -3.2882
 -3.8340  -4.3583  -4.8729  -5.3816  -5.8868  -6.3901  -6.8920  -7.3932  -7.8939
 -8.3943  -8.8946  -9.3948  -9.8949 -10.3949 -10.8950 -11.3950 -11.8950 -12.3952
  0.0000  -1.3555  -1.3555  -1.3555  -1.3555  -1.3555  -1.3556  -1.3559  -1.3566
 -1.3585  -1.3634  -1.3758  -1.4065  -1.4837  -1.6725  -2.0914  -2.7061  -3.2868
 -3.8326  -4.3573  -4.8722  -5.3812  -5.8865  -6.3899  -6.8919  -7.3932  -7.8939
 -8.3944  -8.8947  -9.3948  -9.8950 -10.3950 -10.8951 -11.3951 -11.8951 -12.3953
  0.0000  -1.3458  -1.3458  -1.3458  -1.3458  -1.3459  -1.3460  -1.3463  -1.3472
 -1.3493  -1.3546  -1.3676  -1.4003  -1.4818  -1.6792  -2.1113  -2.7151  -3.2863
 -3.8289  -4.3534  -4.8691  -5.3790  -5.8851  -6.3890  -6.8914  -7.3929  -7.8938
 -8.3944  -8.8948  -9.3950  -9.8951 -10.3952 -10.8952 -11.3953 -11.8954 -12.3953
  0.0000  -1.3311  -1.3311  -1.3311  -1.3312  -1.3312  -1.3313  -1.3316  -1.3327
 -1.3353  -1.3412  -1.3551  -1.3903  -1.4775  -1.6888  -2.1442  -2.7338  -3.2895
 -3.8252  -4.3479  -4.8642  -5.3754  -5.8827  -6.3872  -6.8904  -7.3923  -7.8935
 -8.3942  -8.8947  -9.3950  -9.8951 -10.3952 -10.8953 -11.3954 -11.8955 -12.3956
  0.0000  -1.3159  -1.3159  -1.3159  -1.3159  -1.3160  -1.3162  -1.3167  -1.3179
 -1.3208  -1.3274  -1.3420  -1.3795  -1.4719  -1.6973  -2.1816  -2.7594  -3.2982
 -3.8238  -4.3427  -4.8585  -5.3706  -5.8791  -6.3848  -6.8885  -7.3910  -7.8925
 -8.3935  -8.8941  -9.3945  -9.8947 -10.3949 -10.8950 -11.3950 -11.8950 -12.3951
 -2.0000  -1.2858  -1.2858  -1.2859  -1.2859  -1.2860  -1.2861  -1.2866  -1.2876
 -1.2903  -1.2972  -1.3143  -1.3575  -1.4682  -1.7440  -2.2252  -2.7705  -3.3154
 -3.8446  -4.3645  -4.8774  -5.3855  -5.8905  -6.3937  -6.8957  -7.3968  -7.8976
 -8.3980  -8.8983  -9.3985  -9.8986 -10.3986 -10.8987 -11.3987 -11.8987 -12.3989
 -1.0000  -1.2858  -1.2858  -1.2859  -1.2859  -1.2860  -1.2861  -1.2866  -1.2876
 -1.2903  -1.2972  -1.3143  -1.3575  -1.4682  -1.7440  -2.2252  -2.7705  -3.3154
 -3.8446  -4.3645  -4.8774  -5.3855  -5.8905  -6.3937  -6.8957  -7.3968  -7.8976
 -8.3980  -8.8983  -9.3985  -9.8986 -10.3986 -10.8987 -11.3987 -11.8987 -12.3989
  0.0000  -1.2857  -1.2857  -1.2858  -1.2858  -1.2859  -1.2860  -1.2865  -1.2875
 -1.2902  -1.2971  -1.3142  -1.3574  -1.4681  -1.7439  -2.2251  -2.7704  -3.3153
 -3.8445  -4.3644  -4.8773  -5.3854  -5.8904  -6.3936  -6.8956  -7.3967  -7.8975
 -8.3979  -8.8982  -9.3984  -9.8985 -10.3985 -10.8986 -11.3986 -11.8986 -12.3988
  0.0000  -1.3104  -1.3104  -1.3104  -1.3104  -1.3105  -1.3106  -1.3109  -1.3117
 -1.3138  -1.3190  -1.3323  -1.3665  -1.4598  -1.7171  -2.2052  -2.7648  -3.3168
 -3.8481  -4.3678  -4.8800  -5.3872  -5.8918  -6.3945  -6.8962  -7.3972  -7.8978
 -8.3981  -8.8984  -9.3985  -9.8986 -10.3986 -10.8987 -11.3987 -11.8987 -12.3989
  0.0000  -1.2996  -1.2996  -1.2996  -1.2996  -1.2996  -1.2998  -1.3002  -1.3011
 -1.3036  -1.3096  -1.3248  -1.3633  -1.4638  -1.7282  -2.2132  -2.7667  -3.3162
 -3.8467  -4.3666  -4.8792  -5.3869  -5.8916  -6.3946  -6.8963  -7.3974  -7.8981
 -8.3985  -8.8987  -9.3989  -9.8990 -10.3990 -10.8991 -11.3991 -11.8991 -12.3993
  0.0000  -1.2751  -1.2751  -1.2751  -1.2751  -1.2752  -1.2754  -1.2759  -1.2771
 -1.2802  -1.2879  -1.3072  -1.3547  -1.4721  -1.7546  -2.2331  -2.7725  -3.3147
 -3.8430  -4.3630  -4.8764  -5.3849  -5.8901  -6.3937  -6.8958  -7.3970  -7.8978
 -8.3983  -8.8986  -9.3988  -9.8989 -10.3990 -10.8991 -11.3991 -11.8991 -12.3993
  0.0000  -1.2494  -1.2494  -1.2494  -1.2495  -1.2495  -1.2497  -1.2503  -1.2518
 -1.2556  -1.2650  -1.2882  -1.3450  -1.4810  -1.7850  -2.2585  -2.7825  -3.3152
 -3.8395  -4.3588  -4.8729  -5.3824  -5.8885  -6.3925  -6.8950  -7.3966  -7.8975
 -8.3981  -8.8985  -9.3987  -9.8989 -10.3990 -10.8990 -11.3991 -11.8992 -12.3991
 -2.0000  -1.1734  -1.1734  -1.1734  -1.1735  -1.1736  -1.1739  -1.1748  -1.1770
 -1.1825  -1.1965  -1.2319  -1.3218  -1.5280  -1.8836  -2.3274  -2.8174  -3.3217
 -3.8322  -4.3448  -4.8567  -5.3665  -5.8737  -6.3787  -6.8820  -7.3842  -7.8855
 -8.3864  -8.8869  -9.3873  -9.8875 -10.3876 -10.8877 -11.3877 -11.8877 -12.3879
 -1.0000  -1.1734  -1.1734  -1.1734  -1.1735  -1.1736  -1.1739  -1.1748  -1.1770
 -1.1825  -1.1965  -1.2319  -1.3218  -1.5280  -1.8836  -2.3274  -2.8174  -3.3217
 -3.8322  -4.3448  -4.8567  -5.3665  -5.8737  -6.3787  -6.8820  -7.3842  -7.8855
 -8.3864  -8.8869  -9.3873  -9.8875 -10.3876 -10.8877 -11.3877 -11.8877 -12.3879
  0.0000  -1.1734  -1.1734  -1.1734  -1.1735  -1.1736  -1.1739  -1.1748  -1.1770
 -1.1825  -1.1965  -1.2319  -1.3218  -1.5280  -1.8836  -2.3274  -2.8174  -3.3217
 -3.8322  -4.3448  -4.8567  -5.3665  -5.8737  -6.3787  -6.8820  -7.3842  -7.8855
 -8.3864  -8.8869  -9.3873  -9.8875 -10.3876 -10.8877 -11.3877 -11.8877 -12.3879
  0.0000  -1.3149  -1.3149  -1.3149  -1.3149  -1.3148  -1.3148  -1.3146  -1.3141
 -1.3131  -1.3113  -1.3116  -1.3343  -1.4475  -1.7588  -2.2372  -2.7751  -3.3125
 -3.8399  -4.3581  -4.8695  -5.3764  -5.8808  -6.3834  -6.8850  -7.3859  -7.8865
 -8.3869  -8.8871  -9.3872  -9.8873 -10.3874 -10.8874 -11.3874 -11.8874 -12.3874
  0.0000  -1.3367  -1.3367  -1.3367  -1.3367  -1.3366  -1.3365  -1.3361  -1.3352
 -1.3331  -1.3289  -1.3239  -1.3367  -1.4369  -1.7436  -2.2297  -2.7740  -3.3140
 -3.8419  -4.3598  -4.8707  -5.3772  -5.8814  -6.3838  -6.8852  -7.3861  -7.8866
 -8.3869  -8.8871  -9.3872  -9.8873 -10.3874 -10.8874 -11.3874 -11.8874 -12.3874
  0.0000  -1.3206  -1.3206  -1.3206  -1.3205  -1.3205  -1.3204  -1.3201  -1.3196
 -1.3182  -1.3157  -1.3146  -1.3347  -1.4451  -1.7557  -2.2357  -2.7749  -3.3128
 -3.8403  -4.3584  -4.8698  -5.3765  -5.8809  -6.3835  -6.8850  -7.3859  -7.8865
 -8.3869  -8.8871  -9.3872  -9.8873 -10.3874 -10.8874 -11.3874 -11.8874 -12.3874
  0.0000  -1.2963  -1.2963  -1.2963  -1.2963  -1.2963  -1.2962  -1.2963  -1.2960
 -1.2957  -1.2958  -1.3003  -1.3314  -1.4577  -1.7754  -2.2467  -2.7775  -3.3114
 -3.8379  -4.3562  -4.8681  -5.3755  -5.8802  -6.3830  -6.8848  -7.3858  -7.8865
 -8.3869  -8.8871  -9.3873  -9.8874 -10.3874 -10.8875 -11.3875 -11.8875 -12.3877
-12.0000  -1.2962  -1.2962  -1.2962  -1.2962  -1.2962  -1.2961  -1.2962  -1.2959
 -1.2956  -1.2957  -1.3002  -1.3313  -1.4576  -1.7753  -2.2466  -2.7774  -3.3113
 -3.8378  -4.3561  -4.8680  -5.3754  -5.8801  -6.3829  -6.8847  -7.3857  -7.8864
 -8.3868  -8.8870  -9.3872  -9.8873 -10.3873 -10.8874 -11.3874 -11.8874 -12.3876
-11.0000  -1.2962  -1.2962  -1.2962  -1.2962  -1.2962  -1.2961  -1.2962  -1.2959
 -1.2956  -1.2957  -1.3002  -1.3313  -1.4576  -1.7753  -2.2466  -2.7774  -3.3113
 -3.8378  -4.3561  -4.8680  -5.3754  -5.8801  -6.3829  -6.8847  -7.3857  -7.8864
 -8.3868  -8.8870  -9.3872  -9.8873 -10.3873 -10.8874 -11.3874 -11.8874 -12.3876
-10.0000  -1.2962  -1.2962  -1.2962  -1.2962  -1.2962  -1.2961  -1.2962  -1.2959
 -1.2956  -1.2957  -1.3002  -1.3313  -1.4576  -1.7753  -2.2466  -2.7774  -3.3113
 -3.8378  -4.3561  -4.8680  -5.3754  -5.8801  -6.3829  -6.8847  -7.3857  -7.8864
 -8.3868  -8.8870  -9.3872  -9.8873 -10.3873 -10.8874 -11.3874 -11.8874 -12.3876
-10.0000  -1.2962  -1.2962  -1.2962  -1.2962  -1.2962  -1.2961  -1.2962  -1.2959
 -1.2956  -1.2957  -1.3002  -1.3313  -1.4576  -1.7753  -2.2466  -2.7774  -3.3113
 -3.8378  -4.3561  -4.8680  -5.3754  -5.8801  -6.3829  -6.8847  -7.3857  -7.8864
 -8.3868  -8.8870  -9.3872  -9.8873 -10.3873 -10.8874 -11.3874 -11.8874 -12.3876
-10.0000  -1.2962  -1.2962  -1.2962  -1.2962  -1.2962  -1.2961  -1.2962  -1.2959
 -1.2956  -1.2957  -1.3002  -1.3313  -1.4576  -1.7753  -2.2466  -2.7774  -3.3113
 -3.8378  -4.3561  -4.8680  -5.3754  -5.8801  -6.3829  -6.8847  -7.3857  -7.8864
 -8.3868  -8.8870  -9.3872  -9.8873 -10.3873 -10.8874 -11.3874 -11.8874 -12.3876
-10.0000  -1.2962  -1.2962  -1.2962  -1.2962  -1.2962  -1.2961  -1.2962  -1.2959
 -1.2956  -1.2957  -1.3002  -1.3313  -1.4576  -1.7753  -2.2466  -2.7774  -3.3113
 -3.8378  -4.3561  -4.8680  -5.3754  -5.8801  -6.3829  -6.8847  -7.3857  -7.8864
 -8.3868  -8.8870  -9.3872  -9.8873 -10.3873 -10.8874 -11.3874 -11.8874 -12.3876
-10.0000  -1.2963  -1.2963  -1.2963  -1.2963  -1.2963  -1.2962  -1.2963  -1.2960
 -1.2957  -1.2958  -1.3003  -1.3314  -1.4577  -1.7754  -2.2467  -2.7775  -3.3114
 -3.8379  -4.3562  -4.8681  -5.3755  -5.8802  -6.3830  -6.8848  -7.3858  -7.8865
 -8.3869  -8.8871  -9.3873  -9.8874 -10.3874 -10.8875 -11.3875 -11.8875 -12.3877
-22.0000  -1.2961  -1.2961  -1.2961  -1.2961  -1.2961  -1.2960  -1.2961  -1.2958
 -1.2955  -1.2956  -1.3001  -1.3312  -1.4575  -1.7752  -2.2465  -2.7773  -3.3112
 -3.8377  -4.3560  -4.8679  -5.3753  -5.8800  -6.3828  -6.8846  -7.3856  -7.8863
 -8.3867  -8.8869  -9.3871  -9.8872 -10.3872 -10.8873 -11.3873 -11.8873 -12.3875
-21.0000  -1.2961  -1.2961  -1.2961  -1.2961  -1.2961  -1.2960  -1.2961  -1.2958
 -1.2955  -1.2956  -1.3001  -1.3312  -1.4575  -1.7752  -2.2465  -2.7773  -3.3112
 -3.8377  -4.3560  -4.8679  -5.3753  -5.8800  -6.3828  -6.8846  -7.3856  -7.8863
 -8.3867  -8.8869  -9.3871  -9.8872 -10.3872 -10.8873 -11.3873 -11.8873 -12.3875
-20.0000  -1.2961  -1.2961  -1.2961  -1.2961  -1.2961  -1.2960  -1.2961  -1.2958
 -1.2955  -1.2956  -1.3001  -1.3312  -1.4575  -1.7752  -2.2465  -2.7773  -3.3112
 -3.8377  -4.3560  -4.8679  -5.3753  -5.8800  -6.3828  -6.8846  -7.3856  -7.8863
 -8.3867  -8.8869  -9.3871  -9.8872 -10.3872 -10.8873 -11.3873 -11.8873 -12.3875
-20.0000  -1.2961  -1.2961  -1.2961  -1.2961  -1.2961  -1.2960  -1.2961  -1.2958
 -1.2955  -1.2956  -1.3001  -1.3312  -1.4575  -1.7752  -2.2465  -2.7773  -3.3112
 -3.8377  -4.3560  -4.8679  -5.3753  -5.8800  -6.3828  -6.8846  -7.3856  -7.8863
 -8.3867  -8.8869  -9.3871  -9.8872 -10.3872 -10.8873 -11.3873 -11.8873 -12.3875
-20.0000  -1.2961  -1.2961  -1.2961  -1.2961  -1.2961  -1.2960  -1.2961  -1.2958
 -1.2955  -1.2956  -1.3001  -1.3312  -1.4575  -1.7752  -2.2465  -2.7773  -3.3112
 -3.8377  -4.3560  -4.8679  -5.3753  -5.8800  -6.3828  -6.8846  -7.3856  -7.8863
 -8.3867  -8.8869  -9.3871  -9.8872 -10.3872 -10.8873 -11.3873 -11.8873 -12.3875
-20.0000  -1.2960  -1.2960  -1.2960  -1.2960  -1.2960  -1.2959  -1.2960  -1.2957
 -1.2954  -1.2955  -1.3000  -1.3311  -1.4574  -1.7751  -2.2464  -2.7772  -3.3111
 -3.8376  -4.3559  -4.8678  -5.3752  -5.8799  -6.3827  -6.8845  -7.3855  -7.8862
 -8.3866  -8.8868  -9.3870  -9.8871 -10.3871 -10.8872 -11.3872 -11.8872 -12.3874
-20.0000  -1.2963  -1.2963  -1.2963  -1.2963  -1.2963  -1.2962  -1.2963  -1.2960
 -1.2957  -1.2958  -1.3003  -1.3314  -1.4577  -1.7754  -2.2467  -2.7775  -3.3114
 -3.8379  -4.3562  -4.8681  -5.3755  -5.8802  -6.3830  -6.8848  -7.3858  -7.8865
 -8.3869  -8.8871  -9.3873  -9.8874 -10.3874 -10.8875 -11.3875 -11.8875 -12.3877
-32.0000  -1.2958  -1.2958  -1.2958  -1.2958  -1.2958  -1.2957  -1.2958  -1.2955
 -1.2952  -1.2953  -1.2998  -1.3309  -1.4572  -1.7749  -2.2462  -2.7770  -3.3109
 -3.8374  -4.3557  -4.8676  -5.3750  -5.8797  -6.3825  -6.8843  -7.3853  -7.8860
 -8.3864  -8.8866  -9.3868  -9.8869 -10.3869 -10.8870 -11.3870 -11.8870 -12.3872
-31.0000  -1.2958  -1.2958  -1.2958  -1.2958  -1.2958  -1.2957  -1.2958  -1.2955
 -1.2952  -1.2953  -1.2998  -1.3309  -1.4572  -1.7749  -2.2462  -2.7770  -3.3109
 -3.8374  -4.3557  -4.8676  -5.3750  -5.8797  -6.3825  -6.8843  -7.3853  -7.8860
 -8.3864  -8.8866  -9.3868  -9.8869 -10.3869 -10.8870 -11.3870 -11.8870 -12.3872
-30.0000  -1.2958  -1.2958  -1.2958  -1.2958  -1.2958  -1.2957  -1.2958  -1.2955
 -1.2952  -1.2953  -1.2998  -1.3309  -1.4572  -1.7749  -2.2462  -2.7770  -3.3109
 -3.8374  -4.3557  -4.8676  -5.3750  -5.8797  -6.3825  -6.8843  -7.3853  -7.8860
 -8.3864  -8.8866  -9.3868  -9.8869 -10.3869 -10.8870 -11.3870 -11.8870 -12.3872
-30.0000  -1.2958  -1.2958  -1.2958  -1.2958  -1.2958  -1.2957  -1.2958  -1.2955
 -1.2952  -1.2953  -1.2998  -1.3309  -1.4572  -1.7749  -2.2462  -2.7770  -3.3109
 -3.8374  -4.3557  -4.8676  -5.3750  -5.8797  -6.3825  -6.8843  -7.3853  -7.8860
 -8.3864  -8.8866  -9.3868  -9.8869 -10.3869 -10.8870 -11.3870 -11.8870 -12.3872
-30.0000  -1.2958  -1.2958  -1.2958  -1.2958  -1.2958  -1.2957  -1.2958  -1.2955
 -1.2952  -1.2953  -1.2998  -1.3309  -1.4572  -1.7749  -2.2462  -2.7770  -3.3109
 -3.8374  -4.3557  -4.8676  -5.3750  -5.8797  -6.3825  -6.8843  -7.3853  -7.8860
 -8.3864  -8.8866  -9.3868  -9.8869 -10.3869 -10.8870 -11.3870 -11.8870 -12.3872
-30.0000  -1.2958  -1.2958  -1.2958  -1.2958  -1.2958  -1.2957  -1.2958  -1.2955
 -1.2952  -1.2953  -1.2998  -1.3309  -1.4572  -1.7749  -2.2462  -2.7770  -3.3109
 -3.8374  -4.3557  -4.8676  -5.3750  -5.8797  -6.3825  -6.8843  -7.3853  -7.8860
 -8.3864  -8.8866  -9.3868  -9.8869 -10.3869 -10.8870 -11.3870 -11.8870 -12.3872
-30.0000  -1.2963  -1.2963  -1.2963  -1.2963  -1.2963  -1.2962  -1.2963  -1.2960
 -1.2957  -1.2958  -1.3003  -1.3314  -1.4577  -1.7754  -2.2467  -2.7775  -3.3114
 -3.8379  -4.3562  -4.8681  -5.3755  -5.8802  -6.3830  -6.8848  -7.3858  -7.8865
 -8.3869  -8.8871  -9.3873  -9.8874 -10.3874 -10.8875 -11.3875 -11.8875 -12.3877
-42.0000  -1.2958  -1.2958  -1.2958  -1.2958  -1.2958  -1.2957  -1.2958  -1.2955
 -1.2952  -1.2953  -1.2998  -1.3309  -1.4572  -1.7749  -2.2462  -2.7770  -3.3109
 -3.8374  -4.3557  -4.8676  -5.3750  -5.8797  -6.3825  -6.8843  -7.3853  -7.8860
 -8.3864  -8.8866  -9.3868  -9.8869 -10.3869 -10.8870 -11.3870 -11.8870 -12.3872
-41.0000  -1.2958  -1.2958  -1.2958  -1.2958  -1.2958  -1.2957  -1.2958  -1.2955
 -1.2952  -1.2953  -1.2998  -1.3309  -1.4572  -1.7749  -2.2462  -2.7770  -3.3109
 -3.8374  -4.3557  -4.8676  -5.3750  -5.8797  -6.3825  -6.8843  -7.3853  -7.8860
 -8.3864  -8.8866  -9.3868  -9.8869 -10.3869 -10.8870 -11.3870 -11.8870 -12.3872
-40.0000  -1.2958  -1.2958  -1.2958  -1.2958  -1.2958  -1.2957  -1.2958  -1.2955
 -1.2952  -1.2953  -1.2998  -1.3309  -1.4572  -1.7749  -2.2462  -2.7770  -3.3109
 -3.8374  -4.3557  -4.8676  -5.3750  -5.8797  -6.3825  -6.8843  -7.3853  -7.8860
 -8.3864  -8.8866  -9.3868  -9.8869 -10.3869 -10.8870 -11.3870 -11.8870 -12.3872
-40.0000  -1.2958  -1.2958  -1.2958  -1.2958  -1.2958  -1.2957  -1.2958  -1.2955
 -1.2952  -1.2953  -1.2998  -1.3309  -1.4572  -1.7749  -2.2462  -2.7770  -3.3109
 -3.8374  -4.3557  -4.8676  -5.3750  -5.8797  -6.3825  -6.8843  -7.3853  -7.8860
 -8.3864  -8.8866  -9.3868  -9.8869 -10.3869 -10.8870 -11.3870 -11.8870 -12.3872
-40.0000  -1.2958  -1.2958  -1.2958  -1.2958  -1.2958  -1.2957  -1.2958  -1.2955
 -1.2952  -1.2953  -1.2998  -1.3309  -1.4572  -1.7749  -2.2462  -2.7770  -3.3109
 -3.8374  -4.3557  -4.8676  -5.3750  -5.8797  -6.3825  -6.8843  -7.3853  -7.8860
 -8.3864  -8.8866  -9.3868  -9.8869 -10.3869 -10.8870 -11.3870 -11.8870 -12.3872
-40.0000  -1.2958  -1.2958  -1.2958  -1.2958  -1.2958  -1.2957  -1.2958  -1.2955
 -1.2952  -1.2953  -1.2998  -1.3309  -1.4572  -1.7749  -2.2462  -2.7770  -3.3109
 -3.8374  -4.3557  -4.8676  -5.3750  -5.8797  -6.3825  -6.8843  -7.3853  -7.8860
 -8.3864  -8.8866  -9.3868  -9.8869 -10.3869 -10.8870 -11.3870 -11.8870 -12.3872
-40.0000  -1.2961  -1.2961  -1.2961  -1.2961  -1.2961  -1.2960  -1.2961  -1.2958
 -1.2955  -1.2956  -1.3001  -1.3312  -1.4575  -1.7752  -2.2465  -2.7773  -3.3112
 -3.8377  -4.3560  -4.8679  -5.3753  -5.8800  -6.3828  -6.8846  -7.3856  -7.8863
 -8.3867  -8.8869  -9.3871  -9.8872 -10.3872 -10.8873 -11.3873 -11.8873 -12.3875
nl= 4 nu=12
  0.0000  -2.0604  -2.0604  -2.0604  -2.0604  -2.0604  -2.0604  -2.0604  -2.0604
 -2.0605  -2.0607  -2.0611  -2.0621  -2.0647  -2.0711  -2.0874  -2.1282  -2.2302
 -2.4837  -3.0946  -4.2247  -4.9424  -5.4629  -5.9667  -6.4697  -6.9743  -7.4806
 -7.9877  -8.4981  -9.0214  -9.5965 -10.2921 -10.7937 -11.2946 -11.7955 -12.2016
  0.0000  -2.1995  -2.1995  -2.1995  -2.1995  -2.1995  -2.1995  -2.1995  -2.1995
 -2.1995  -2.1996  -2.1998  -2.2003  -2.2017  -2.2050  -2.2135  -2.2347  -2.2879
 -2.4211  -2.7528  -3.5513  -4.8380  -5.4604  -5.9700  -6.4700  -6.9713  -7.4762
 -7.9833  -8.4947  -9.0189  -9.5945 -10.2900 -10.7925 -11.2940 -11.7955 -12.2031
  0.0000  -2.3427  -2.3427  -2.3427  -2.3427  -2.3427  -2.3427  -2.3427  -2.3427
 -2.3427  -2.3427  -2.3428  -2.3431  -2.3438  -2.3455  -2.3498  -2.3607  -2.3879
 -2.4563  -2.6278  -3.0551  -4.0800  -5.4174  -5.9736  -6.4755  -6.9724  -7.4732
 -7.9784  -8.4896  -9.0145  -9.5907 -10.2860 -10.7897 -11.2922 -11.7947 -12.2044
  0.0000  -2.4888  -2.4888  -2.4888  -2.4888  -2.4888  -2.4888  -2.4888  -2.4888
 -2.4889  -2.4889  -2.4889  -2.4891  -2.4894  -2.4903  -2.4925  -2.4980  -2.5118
 -2.5465  -2.6336  -2.8521  -3.3973  -4.6918  -5.9609  -6.4850  -6.9808  -7.4758
 -7.9760  -8.4848  -9.0092  -9.5855 -10.2799 -10.7855 -11.2893 -11.7931 -12.2062
  0.0000  -2.6368  -2.6368  -2.6368  -2.6368  -2.6368  -2.6368  -2.6368  -2.6368
 -2.6368  -2.6369  -2.6369  -2.6370  -2.6371  -2.6376  -2.6387  -2.6414  -2.6484
 -2.6659  -2.7099  -2.8202  -3.0970  -3.7883  -5.3909  -6.4868  -6.9951  -7.4869
 -7.9803  -8.4831  -9.0041  -9.5788 -10.2712 -10.7791 -11.2848 -11.7905 -12.2081
  0.0000  -2.7859  -2.7859  -2.7859  -2.7859  -2.7859  -2.7859  -2.7859  -2.7859
 -2.7859  -2.7859  -2.7859  -2.7860  -2.7861  -2.7863  -2.7868  -2.7882  -2.7917
 -2.8005  -2.8226  -2.8781  -3.0174  -3.3669  -4.2399  -6.1511  -7.0057  -7.5051
 -7.9939  -8.4889  -9.0032  -9.5732 -10.2611 -10.7701 -11.2782 -11.7862 -12.2069
  0.0000  -2.9265  -2.9265  -2.9265  -2.9265  -2.9265  -2.9265  -2.9265  -2.9265
 -2.9265  -2.9265  -2.9265  -2.9266  -2.9266  -2.9267  -2.9270  -2.9277  -2.9294
 -2.9339  -2.9449  -2.9727  -3.0426  -3.2181  -3.6584  -4.7580  -6.8719  -7.5113
 -8.0051  -8.4951  -9.0015  -9.5640 -10.2441 -10.7512 -11.2602 -11.7693 -12.1883
  0.0000  -1.7821  -1.7821  -1.7821  -1.7821  -1.7821  -1.7821  -1.7822  -1.7823
 -1.7825  -1.7831  -1.7847  -1.7887  -1.7987  -1.8237  -1.8861  -2.0404  -2.4081
 -3.1489  -3.9137  -4.4598  -4.9669  -5.4682  -5.9709  -6.4767  -6.9823  -7.4911
 -8.0103  -8.5622  -9.2803  -9.7929 -10.2942 -10.7951 -11.2957 -11.7963 -12.2909
  0.0000  -1.9005  -1.9005  -1.9005  -1.9005  -1.9005  -1.9005  -1.9006  -1.9006
 -1.9008  -1.9011  -1.9020  -1.9042  -1.9097  -1.9237  -1.9586  -2.0458  -2.2617
 -2.7754  -3.7297  -4.4500  -4.9726  -5.4725  -5.9708  -6.4733  -6.9777  -7.4869
 -8.0069  -8.5595  -9.2771  -9.7907 -10.2929 -10.7942 -11.2951 -11.7960 -12.2909
  0.0000  -2.0321  -2.0321  -2.0321  -2.0321  -2.0321  -2.0321  -2.0321  -2.0321
 -2.0322  -2.0324  -2.0329  -2.0340  -2.0370  -2.0445  -2.0632  -2.1101  -2.2274
 -2.5183  -3.2090  -4.3374  -4.9750  -5.4832  -5.9780  -6.4752  -6.9759  -7.4836
 -8.0038  -8.5570  -9.2739  -9.7889 -10.2922 -10.7944 -11.2958 -11.7972 -12.2932
  0.0000  -2.1684  -2.1684  -2.1684  -2.1684  -2.1684  -2.1684  -2.1685  -2.1685
 -2.1685  -2.1686  -2.1688  -2.1695  -2.1710  -2.1749  -2.1846  -2.2091  -2.2706
 -2.4244  -2.8063  -3.7093  -4.9226  -5.4903  -5.9891  -6.4812  -6.9756  -7.4789
 -7.9973  -8.5500  -9.2655  -9.7824 -10.2871 -10.7906 -11.2929 -11.7952 -12.2929
  0.0000  -2.3149  -2.3149  -2.3149  -2.3149  -2.3149  -2.3149  -2.3149  -2.3149
 -2.3150  -2.3150  -2.3151  -2.3154  -2.3162  -2.3182  -2.3232  -2.3358  -2.3673
 -2.4465  -2.6447  -3.1378  -4.2916  -5.4786  -6.0075  -6.5005  -6.9885  -7.4846
 -7.9979  -8.5479  -9.2598  -9.7784 -10.2854 -10.7904 -11.2939 -11.7974 -12.2966
  0.0000  -2.4558  -2.4558  -2.4558  -2.4558  -2.4558  -2.4558  -2.4558  -2.4558
 -2.4559  -2.4559  -2.4559  -2.4561  -2.4565  -2.4575  -2.4600  -2.4664  -2.4824
 -2.5226  -2.6236  -2.8765  -3.5064  -4.9456  -6.0036  -6.5146  -7.0016  -7.4907
 -7.9960  -8.5399  -9.2454  -9.7635 -10.2723 -10.7796 -11.2849 -11.7902 -12.2922
  0.0000  -2.6064  -2.6064  -2.6064  -2.6064  -2.6064  -2.6064  -2.6064  -2.6064
 -2.6064  -2.6064  -2.6065  -2.6066  -2.6068  -2.6073  -2.6086  -2.6118  -2.6198
 -2.6401  -2.6911  -2.8190  -3.1397  -3.9387  -5.6679  -6.5261  -7.0257  -7.5129
 -8.0112  -8.5470  -9.2443  -9.7573 -10.2655 -10.7745 -11.2820 -11.7895 -12.2933
  0.0000  -1.5791  -1.5791  -1.5791  -1.5792  -1.5792  -1.5792  -1.5793  -1.5796
 -1.5804  -1.5822  -1.5869  -1.5985  -1.6275  -1.6992  -1.8708  -2.2445  -2.8463
 -3.4343  -3.9563  -4.4635  -4.9663  -5.4706  -5.9775  -6.4854  -6.9973  -7.5277
 -8.1457  -8.7914  -9.2934  -9.7946 -10.2954 -10.7960 -11.2963 -11.7966 -12.2985
  0.0000  -1.6571  -1.6571  -1.6571  -1.6571  -1.6571  -1.6571  -1.6572  -1.6574
 -1.6579  -1.6591  -1.6621  -1.6696  -1.6885  -1.7355  -1.8514  -2.1262  -2.6920
 -3.4029  -3.9625  -4.4722  -4.9705  -5.4698  -5.9738  -6.4808  -6.9931  -7.5242
 -8.1426  -8.7882  -9.2912  -9.7932 -10.2944 -10.7952 -11.2957 -11.7962 -12.2983
  0.0000  -1.7559  -1.7559  -1.7559  -1.7559  -1.7559  -1.7559  -1.7560  -1.7561
 -1.7564  -1.7571  -1.7589  -1.7634  -1.7747  -1.8030  -1.8735  -2.0473  -2.4567
 -3.2347  -3.9521  -4.4830  -4.9811  -5.4747  -5.9732  -6.4770  -6.9884  -7.5198
 -8.1382  -8.7840  -9.2882  -9.7912 -10.2932 -10.7944 -11.2952 -11.7960 -12.2984
  0.0000  -1.8719  -1.8719  -1.8719  -1.8719  -1.8719  -1.8719  -1.8719  -1.8720
 -1.8722  -1.8726  -1.8736  -1.8761  -1.8825  -1.8984  -1.9383  -2.0380  -2.2837
 -2.8594  -3.8285  -4.4854  -4.9962  -5.4874  -5.9791  -6.4769  -6.9846  -7.5147
 -8.1322  -8.7777  -9.2839  -9.7882 -10.2912 -10.7932 -11.2945 -11.7958 -12.2991
  0.0000  -1.9998  -1.9998  -1.9998  -1.9998  -1.9998  -1.9998  -1.9999  -1.9999
 -2.0000  -2.0002  -2.0007  -2.0021  -2.0055  -2.0141  -2.0356  -2.0896  -2.2244
 -2.5576  -3.3329  -4.4215  -5.0070  -5.5056  -5.9933  -6.4834  -6.9843  -7.5100
 -8.1246  -8.7684  -9.2766  -9.7829 -10.2873 -10.7905 -11.2926 -11.7947 -12.2994
  0.0000  -2.1376  -2.1376  -2.1376  -2.1376  -2.1376  -2.1376  -2.1376  -2.1376
 -2.1377  -2.1378  -2.1381  -2.1388  -2.1406  -2.1451  -2.1563  -2.1846  -2.2555
 -2.4329  -2.8719  -3.8817  -4.9848  -5.5236  -6.0155  -6.5006  -6.9934  -7.5117
 -8.1204  -8.7595  -9.2685  -9.7768 -10.2833 -10.7879 -11.2912 -11.7945 -12.3004
  0.0000  -2.2811  -2.2811  -2.2811  -2.2811  -2.2811  -2.2811  -2.2811  -2.2811
 -2.2812  -2.2812  -2.2814  -2.2817  -2.2826  -2.2849  -2.2907  -2.3052  -2.3417
 -2.4333  -2.6624  -3.2303  -4.5051  -5.5200  -6.0365  -6.5243  -7.0118  -7.5222
 -8.1231  -8.7543  -9.2602  -9.7691 -10.2776 -10.7843 -11.2890 -11.7937 -12.3020
  0.0000  -1.4811  -1.4811  -1.4811  -1.4811  -1.4812  -1.4812  -1.4815  -1.4820
 -1.4834  -1.4868  -1.4953  -1.5164  -1.5685  -1.6918  -1.9548  -2.3962  -2.9206
 -3.4395  -3.9488  -4.4596  -4.9685  -5.4783  -5.9912  -6.5166  -7.0927  -7.7882
 -8.2913  -8.7932  -9.2944  -9.7952 -10.2957 -10.7960 -11.2962 -11.7964 -12.2968
  0.0000  -1.5117  -1.5117  -1.5117  -1.5117  -1.5118  -1.5118  -1.5120  -1.5124
 -1.5135  -1.5163  -1.5232  -1.5403  -1.5829  -1.6858  -1.9191  -2.3581  -2.9184
 -3.4518  -3.9595  -4.4640  -4.9679  -5.4748  -5.9872  -6.5129  -7.0895  -7.7849
 -8.2889  -8.7917  -9.2934  -9.7946 -10.2953 -10.7958 -11.2961 -11.7964 -12.2971
  0.0000  -1.5617  -1.5617  -1.5617  -1.5617  -1.5617  -1.5617  -1.5619  -1.5622
 -1.5630  -1.5650  -1.5700  -1.5827  -1.6141  -1.6917  -1.8764  -2.2721  -2.8822
 -3.4601  -3.9748  -4.4745  -4.9718  -5.4736  -5.9832  -6.5082  -7.0848  -7.7795
 -8.2851  -8.7890  -9.2917  -9.7934 -10.2945 -10.7952 -11.2957 -11.7962 -12.2970
  0.0000  -1.6347  -1.6347  -1.6347  -1.6347  -1.6347  -1.6348  -1.6348  -1.6351
 -1.6356  -1.6369  -1.6403  -1.6486  -1.6696  -1.7219  -1.8503  -2.1519  -2.7501
 -3.4442  -3.9902  -4.4916  -4.9834  -5.4780  -5.9820  -6.5040  -7.0792  -7.7720
 -8.2796  -8.7852  -9.2891  -9.7918 -10.2935 -10.7946 -11.2953 -11.7960 -12.2973
  0.0000  -1.7327  -1.7328  -1.7328  -1.7328  -1.7328  -1.7328  -1.7328  -1.7330
 -1.7333  -1.7341  -1.7361  -1.7412  -1.7540  -1.7860  -1.8657  -2.0612  -2.5150
 -3.3194  -3.9943  -4.5141  -5.0057  -5.4936  -5.9898  -6.5055  -7.0766  -7.7655
 -8.2746  -8.7822  -9.2879  -9.7918 -10.2946 -10.7964 -11.2975 -11.7986 -12.3006
  0.0000  -1.8418  -1.8418  -1.8418  -1.8418  -1.8418  -1.8418  -1.8419  -1.8419
 -1.8421  -1.8426  -1.8437  -1.8466  -1.8539  -1.8721  -1.9177  -2.0313  -2.3103
 -2.9507  -3.9097  -4.5200  -5.0238  -5.5102  -5.9992  -6.5066  -7.0708  -7.7528
 -8.2604  -8.7694  -9.2773  -9.7831 -10.2871 -10.7900 -11.2918 -11.7936 -12.2970
  0.0000  -1.9691  -1.9691  -1.9691  -1.9691  -1.9691  -1.9691  -1.9692  -1.9692
 -1.9693  -1.9695  -1.9702  -1.9717  -1.9757  -1.9855  -2.0102  -2.0722  -2.2269
 -2.6073  -3.4670  -4.4831  -5.0391  -5.5341  -6.0211  -6.5217  -7.0781  -7.7516
 -8.2529  -8.7604  -9.2695  -9.7774 -10.2833 -10.7873 -11.2902 -11.7931 -12.2973
  0.0000  -1.4607  -1.4607  -1.4607  -1.4607  -1.4607  -1.4608  -1.4611  -1.4616
 -1.4631  -1.4668  -1.4764  -1.5013  -1.5631  -1.7036  -1.9809  -2.4078  -2.9104
 -3.4267  -3.9431  -4.4619  -4.9773  -5.5008  -6.0555  -6.7737  -7.2883  -7.7915
 -8.2934  -8.7946  -9.2953  -9.7958 -10.2961 -10.7963 -11.2964 -11.7965 -12.2967
  0.0000  -1.4642  -1.4642  -1.4642  -1.4642  -1.4642  -1.4643  -1.4646  -1.4652
 -1.4666  -1.4704  -1.4798  -1.5034  -1.5617  -1.6975  -1.9743  -2.4121  -2.9228
 -3.4372  -3.9478  -4.4613  -4.9740  -5.4970  -6.0518  -6.7693  -7.2852  -7.7892
 -8.2918  -8.7935  -9.2946  -9.7953 -10.2957 -10.7960 -11.2962 -11.7964 -12.2968
  0.0000  -1.4749  -1.4749  -1.4749  -1.4749  -1.4749  -1.4750  -1.4752  -1.4758
 -1.4772  -1.4806  -1.4892  -1.5108  -1.5638  -1.6897  -1.9586  -2.4089  -2.9376
 -3.4542  -3.9590  -4.4650  -4.9727  -5.4934  -6.0474  -6.7633  -7.2809  -7.7861
 -8.2898  -8.7923  -9.2939  -9.7949 -10.2955 -10.7960 -11.2962 -11.7964 -12.2971
  0.0000  -1.4989  -1.4989  -1.4989  -1.4990  -1.4990  -1.4991  -1.4992  -1.4997
 -1.5008  -1.5037  -1.5110  -1.5291  -1.5740  -1.6824  -1.9269  -2.3802  -2.9442
 -3.4741  -3.9770  -4.4750  -4.9754  -5.4911  -6.0423  -6.7551  -7.2739  -7.7811
 -8.2862  -8.7898  -9.2922  -9.7938 -10.2947 -10.7954 -11.2958 -11.7962 -12.2971
  0.0000  -1.5434  -1.5434  -1.5434  -1.5434  -1.5435  -1.5435  -1.5437  -1.5440
 -1.5449  -1.5471  -1.5525  -1.5663  -1.6005  -1.6846  -1.8839  -2.3030  -2.9207
 -3.4905  -4.0004  -4.4936  -4.9863  -5.4941  -6.0397  -6.7467  -7.2652  -7.7739
 -8.2811  -8.7862  -9.2898  -9.7922 -10.2938 -10.7947 -11.2954 -11.7961 -12.2969
  0.0000  -1.6142  -1.6142  -1.6142  -1.6142  -1.6143  -1.6143  -1.6144  -1.6146
 -1.6152  -1.6167  -1.6204  -1.6297  -1.6531  -1.7111  -1.8531  -2.1828  -2.8101
 -3.4865  -4.0238  -4.5199  -5.0078  -5.5078  -6.0454  -6.7444  -7.2584  -7.7670
 -8.2758  -8.7830  -9.2882  -9.7918 -10.2943 -10.7958 -11.2968 -11.7978 -12.2993
  0.0000  -1.7041  -1.7041  -1.7041  -1.7041  -1.7041  -1.7041  -1.7042  -1.7043
 -1.7047  -1.7056  -1.7079  -1.7137  -1.7281  -1.7641  -1.8538  -2.0727  -2.5715
 -3.3868  -4.0261  -4.5398  -5.0297  -5.5252  -6.0557  -6.7478  -7.2519  -7.7561
 -8.2647  -8.7736  -9.2808  -9.7860 -10.2895 -10.7920 -11.2935 -11.7950 -12.2978
  0.0000  -1.4681  -1.4681  -1.4681  -1.4681  -1.4681  -1.4682  -1.4683  -1.4687
 -1.4696  -1.4725  -1.4814  -1.5065  -1.5679  -1.7055  -1.9750  -2.3921  -2.8942
 -3.4192  -3.9445  -4.4748  -5.0134  -5.6352  -6.2832  -6.7880  -7.2914  -7.7934
 -8.2947  -8.7955  -9.2960  -9.7963 -10.2965 -10.7966 -11.2967 -11.7968 -12.2969
  0.0000  -1.4661  -1.4661  -1.4661  -1.4661  -1.4661  -1.4662  -1.4664  -1.4668
 -1.4678  -1.4708  -1.4796  -1.5042  -1.5654  -1.7034  -1.9763  -2.3994  -2.9024
 -3.4232  -3.9443  -4.4724  -5.0100  -5.6316  -6.2794  -6.7855  -7.2895  -7.7922
 -8.2939  -8.7949  -9.2956  -9.7960 -10.2963 -10.7965 -11.2966 -11.7967 -12.2969
  0.0000  -1.4614  -1.4614  -1.4614  -1.4614  -1.4614  -1.4615  -1.4617  -1.4622
 -1.4635  -1.4669  -1.4759  -1.5001  -1.5609  -1.6999  -1.9783  -2.4113  -2.9178
 -3.4335  -3.9477  -4.4707  -5.0060  -5.6262  -6.2735  -6.7811  -7.2863  -7.7899
 -8.2923  -8.7938  -9.2947  -9.7953 -10.2957 -10.7959 -11.2961 -11.7963 -12.2964
  0.0000  -1.4595  -1.4595  -1.4595  -1.4595  -1.4595  -1.4596  -1.4599  -1.4604
 -1.4619  -1.4656  -1.4748  -1.4984  -1.5573  -1.6950  -1.9771  -2.4241  -2.9393
 -3.4520  -3.9585  -4.4734  -5.0039  -5.6211  -6.2664  -6.7755  -7.2825  -7.7873
 -8.2907  -8.7929  -9.2943  -9.7952 -10.2958 -10.7961 -11.2964 -11.7967 -12.2969
  0.0000  -1.4654  -1.4654  -1.4654  -1.4654  -1.4655  -1.4655  -1.4658  -1.4663
 -1.4677  -1.4713  -1.4802  -1.5024  -1.5572  -1.6877  -1.9659  -2.4280  -2.9617
 -3.4771  -3.9775  -4.4829  -5.0061  -5.6176  -6.2584  -6.7679  -7.2766  -7.7833
 -8.2880  -8.7913  -9.2935  -9.7949 -10.2957 -10.7963 -11.2966 -11.7969 -12.2976
  0.0000  -1.4849  -1.4849  -1.4849  -1.4849  -1.4850  -1.4850  -1.4852  -1.4857
 -1.4869  -1.4900  -1.4977  -1.5169  -1.5644  -1.6792  -1.9364  -2.4049  -2.9731
 -3.5021  -4.0019  -4.4999  -5.0149  -5.6188  -6.2519  -6.7585  -7.2676  -7.7762
 -8.2828  -8.7875  -9.2908  -9.7929 -10.2943 -10.7951 -11.2957 -11.7963 -12.2970
  0.0000  -1.5263  -1.5263  -1.5263  -1.5263  -1.5263  -1.5264  -1.5266  -1.5269
 -1.5279  -1.5302  -1.5362  -1.5511  -1.5881  -1.6789  -1.8927  -2.3333  -2.9546
 -3.5194  -4.0276  -4.5235  -5.0327  -5.6301  -6.2540  -6.7526  -7.2591  -7.7683
 -8.2767  -8.7833  -9.2878  -9.7910 -10.2931 -10.7944 -11.2953 -11.7962 -12.2975
  0.0000  -1.4765  -1.4765  -1.4765  -1.4766  -1.4766  -1.4766  -1.4768  -1.4771
 -1.4781  -1.4809  -1.4894  -1.5130  -1.5710  -1.7022  -1.9632  -2.3771  -2.8856
 -3.4209  -3.9780  -4.5668  -5.2700  -5.7800  -6.2861  -6.7900  -7.2924  -7.7939
 -8.2948  -8.7954  -9.2958  -9.7960 -10.2961 -10.7962 -11.2963 -11.7964 -12.2965
  0.0000  -1.4781  -1.4781  -1.4781  -1.4781  -1.4781  -1.4781  -1.4782  -1.4784
 -1.4791  -1.4815  -1.4896  -1.5133  -1.5711  -1.7016  -1.9628  -2.3779  -2.8863
 -3.4198  -3.9665  -4.5645  -5.2663  -5.7773  -6.2843  -6.7887  -7.2917  -7.7935
 -8.2946  -8.7953  -9.2957  -9.7960 -10.2962 -10.7963 -11.2963 -11.7963 -12.2964
  0.0000  -1.4732  -1.4732  -1.4732  -1.4732  -1.4732  -1.4732  -1.4732  -1.4734
 -1.4739  -1.4760  -1.4841  -1.5083  -1.5674  -1.7008  -1.9673  -2.3878  -2.8950
 -3.4231  -3.9655  -4.5608  -5.2603  -5.7723  -6.2806  -6.7861  -7.2898  -7.7921
 -8.2936  -8.7946  -9.2952  -9.7955 -10.2958 -10.7959 -11.2960 -11.7961 -12.2961
  0.0000  -1.4652  -1.4652  -1.4652  -1.4653  -1.4653  -1.4653  -1.4654  -1.4656
 -1.4664  -1.4687  -1.4768  -1.5014  -1.5622  -1.6998  -1.9750  -2.4050  -2.9127
 -3.4339  -3.9690  -4.5586  -5.2537  -5.7661  -6.2759  -6.7829  -7.2876  -7.7909
 -8.2930  -8.7944  -9.2952  -9.7957 -10.2961 -10.7963 -11.2964 -11.7965 -12.2967
  0.0000  -1.4554  -1.4554  -1.4554  -1.4554  -1.4554  -1.4555  -1.4557  -1.4561
 -1.4572  -1.4603  -1.4690  -1.4934  -1.5553  -1.6967  -1.9811  -2.4246  -2.9365
 -3.4518  -3.9782  -4.5592  -5.2475  -5.7577  -6.2681  -6.7769  -7.2833  -7.7877
 -8.2908  -8.7928  -9.2941  -9.7949 -10.2954 -10.7957 -11.2959 -11.7961 -12.2964
  0.0000  -1.4500  -1.4500  -1.4500  -1.4500  -1.4500  -1.4501  -1.4503  -1.4509
 -1.4523  -1.4560  -1.4653  -1.4893  -1.5499  -1.6914  -1.9820  -2.4411  -2.9634
 -3.4770  -3.9961  -4.5678  -5.2478  -5.7511  -6.2597  -6.7694  -7.2777  -7.7839
 -8.2881  -8.7911  -9.2930  -9.7942 -10.2950 -10.7955 -11.2958 -11.7961 -12.2966
  0.0000  -1.4545  -1.4545  -1.4545  -1.4545  -1.4545  -1.4546  -1.4548  -1.4554
 -1.4569  -1.4605  -1.4696  -1.4925  -1.5493  -1.6844  -1.9716  -2.4450  -2.9856
 -3.5039  -4.0202  -4.5855  -5.2592  -5.7508  -6.2531  -6.7614  -7.2708  -7.7788
 -8.2848  -8.7887  -9.2917  -9.7935 -10.2946 -10.7954 -11.2958 -11.7962 -12.2972
  0.0000  -1.4771  -1.4771  -1.4771  -1.4771  -1.4771  -1.4772  -1.4774  -1.4779
 -1.4791  -1.4822  -1.4905  -1.5127  -1.5681  -1.6956  -1.9539  -2.3699  -2.8924
 -3.4691  -4.2274  -4.7601  -5.2746  -5.7831  -6.2880  -6.7914  -7.2934  -7.7945
 -8.2953  -8.7957  -9.2960  -9.7962 -10.2963 -10.7963 -11.2964 -11.7965 -12.2964
  0.0000  -1.4846  -1.4846  -1.4846  -1.4846  -1.4846  -1.4847  -1.4848  -1.4852
 -1.4862  -1.4889  -1.4965  -1.5180  -1.5714  -1.6943  -1.9465  -2.3603  -2.8853
 -3.4643  -4.2243  -4.7577  -5.2727  -5.7817  -6.2870  -6.7906  -7.2927  -7.7940
 -8.2947  -8.7952  -9.2955  -9.7957 -10.2959 -10.7959 -11.2960 -11.7961 -12.2960
  0.0000  -1.4836  -1.4836  -1.4836  -1.4836  -1.4836  -1.4836  -1.4837  -1.4839
 -1.4845  -1.4867  -1.4943  -1.5164  -1.5706  -1.6948  -1.9487  -2.3632  -2.8867
 -3.4632  -4.2200  -4.7532  -5.2691  -5.7792  -6.2854  -6.7895  -7.2920  -7.7935
 -8.2945  -8.7951  -9.2955  -9.7958 -10.2959 -10.7960 -11.2961 -11.7962 -12.2963
  0.0000  -1.4772  -1.4772  -1.4772  -1.4772  -1.4772  -1.4772  -1.4771  -1.4771
 -1.4773  -1.4788  -1.4865  -1.5100  -1.5666  -1.6953  -1.9561  -2.3755  -2.8964
 -3.4668  -4.2166  -4.7472  -5.2634  -5.7747  -6.2824  -6.7872  -7.2906  -7.7927
 -8.2940  -8.7949  -9.2954  -9.7957 -10.2959 -10.7960 -11.2961 -11.7962 -12.2963
  0.0000  -1.4669  -1.4669  -1.4669  -1.4669  -1.4669  -1.4668  -1.4668  -1.4666
 -1.4666  -1.4678  -1.4755  -1.5005  -1.5599  -1.6948  -1.9665  -2.3952  -2.9148
 -3.4776  -4.2176  -4.7417  -5.2561  -5.7682  -6.2775  -6.7840  -7.2883  -7.7913
 -8.2931  -8.7943  -9.2951  -9.7955 -10.2958 -10.7960 -11.2962 -11.7964 -12.2966
  0.0000  -1.4548  -1.4548  -1.4548  -1.4548  -1.4548  -1.4548  -1.4548  -1.4548
 -1.4552  -1.4569  -1.4648  -1.4903  -1.5522  -1.6930  -1.9761  -2.4176  -2.9396
 -3.4965  -4.2282  -4.7404  -5.2491  -5.7601  -6.2705  -6.7788  -7.2847  -7.7886
 -8.2914  -8.7931  -9.2942  -9.7949 -10.2954 -10.7957 -11.2959 -11.7961 -12.2964
  0.0000  -1.4452  -1.4452  -1.4452  -1.4452  -1.4453  -1.4453  -1.4455  -1.4458
 -1.4468  -1.4497  -1.4582  -1.4831  -1.5461  -1.6904  -1.9825  -2.4378  -2.9665
 -3.5218  -4.2514  -4.7489  -5.2471  -5.7534  -6.2632  -6.7728  -7.2804  -7.7859
 -8.2895  -8.7922  -9.2938  -9.7948 -10.2954 -10.7958 -11.2961 -11.7964 -12.2968
  0.0000  -1.4586  -1.4586  -1.4586  -1.4587  -1.4587  -1.4588  -1.4590  -1.4596
 -1.4609  -1.4644  -1.4733  -1.4965  -1.5541  -1.6859  -1.9533  -2.3913  -2.9913
 -3.6783  -4.2416  -4.7634  -5.2765  -5.7844  -6.2891  -6.7922  -7.2940  -7.7951
 -8.2958  -8.7962  -9.2965  -9.7967 -10.2968 -10.7968 -11.2969 -11.7970 -12.2969
  0.0000  -1.4791  -1.4791  -1.4791  -1.4791  -1.4792  -1.4792  -1.4794  -1.4799
 -1.4811  -1.4840  -1.4916  -1.5117  -1.5625  -1.6812  -1.9330  -2.3673  -2.9761
 -3.6756  -4.2430  -4.7653  -5.2781  -5.7855  -6.2900  -6.7927  -7.2943  -7.7953
 -8.2960  -8.7963  -9.2966  -9.7967 -10.2968 -10.7969 -11.2969 -11.7969 -12.2971
  0.0000  -1.4833  -1.4833  -1.4833  -1.4833  -1.4833  -1.4834  -1.4835  -1.4840
 -1.4850  -1.4877  -1.4950  -1.5150  -1.5650  -1.6815  -1.9290  -2.3607  -2.9712
 -3.6725  -4.2401  -4.7630  -5.2765  -5.7844  -6.2893  -6.7923  -7.2941  -7.7952
 -8.2958  -8.7963  -9.2965  -9.7967 -10.2968 -10.7968 -11.2969 -11.7970 -12.2969
  0.0000  -1.4795  -1.4795  -1.4795  -1.4795  -1.4795  -1.4795  -1.4796  -1.4799
 -1.4806  -1.4829  -1.4902  -1.5113  -1.5635  -1.6829  -1.9335  -2.3657  -2.9751
 -3.6708  -4.2352  -4.7584  -5.2729  -5.7820  -6.2875  -6.7912  -7.2934  -7.7948
 -8.2956  -8.7962  -9.2965  -9.7967 -10.2968 -10.7969 -11.2970 -11.7971 -12.2972
  0.0000  -1.4707  -1.4707  -1.4707  -1.4707  -1.4707  -1.4707  -1.4707  -1.4707
 -1.4709  -1.4725  -1.4800  -1.5031  -1.5585  -1.6837  -1.9431  -2.3806  -2.9885
 -3.6742  -4.2303  -4.7518  -5.2671  -5.7776  -6.2846  -6.7891  -7.2921  -7.7939
 -8.2951  -8.7958  -9.2963  -9.7966 -10.2967 -10.7969 -11.2969 -11.7969 -12.2973
  0.0000  -1.4597  -1.4597  -1.4597  -1.4597  -1.4597  -1.4596  -1.4595  -1.4592
 -1.4589  -1.4600  -1.4678  -1.4928  -1.5515  -1.6836  -1.9545  -2.4018  -3.0120
 -3.6867  -4.2289  -4.7454  -5.2599  -5.7716  -6.2802  -6.7861  -7.2900  -7.7926
 -8.2942  -8.7953  -9.2959  -9.7963 -10.2966 -10.7968 -11.2969 -11.7970 -12.2972
  0.0000  -1.4487  -1.4487  -1.4487  -1.4486  -1.4486  -1.4486  -1.4484  -1.4482
 -1.4479  -1.4490  -1.4569  -1.4830  -1.5444  -1.6827  -1.9648  -2.4244  -3.0417
 -3.7097  -4.2351  -4.7423  -5.2532  -5.7648  -6.2747  -6.7822  -7.2873  -7.7908
 -8.2932  -8.7946  -9.2956  -9.7961 -10.2965 -10.7968 -11.2969 -11.7970 -12.2974
  0.0000  -1.3866  -1.3866  -1.3867  -1.3867  -1.3867  -1.3869  -1.3872  -1.3877
 -1.3899  -1.3948  -1.4074  -1.4388  -1.5134  -1.6816  -2.0185  -2.5849  -3.1748
 -3.7174  -4.2389  -4.7556  -5.2683  -5.7772  -6.2833  -6.7873  -7.2899  -7.7916
 -8.2926  -8.7933  -9.2937  -9.7939 -10.2941 -10.7942 -11.2942 -11.7942 -12.2943
  0.0000  -1.4400  -1.4400  -1.4400  -1.4401  -1.4401  -1.4402  -1.4404  -1.4410
 -1.4424  -1.4459  -1.4544  -1.4760  -1.5300  -1.6612  -1.9557  -2.5054  -3.1454
 -3.7158  -4.2477  -4.7664  -5.2775  -5.7840  -6.2881  -6.7905  -7.2920  -7.7929
 -8.2934  -8.7938  -9.2940  -9.7941 -10.2942 -10.7943 -11.2943 -11.7943 -12.2945
  0.0000  -1.4530  -1.4530  -1.4530  -1.4530  -1.4531  -1.4532  -1.4534  -1.4539
 -1.4552  -1.4584  -1.4662  -1.4859  -1.5355  -1.6576  -1.9395  -2.4873  -3.1401
 -3.7151  -4.2483  -4.7672  -5.2781  -5.7843  -6.2883  -6.7906  -7.2920  -7.7928
 -8.2933  -8.7936  -9.2938  -9.7939 -10.2940 -10.7941 -11.2941 -11.7941 -12.2943
  0.0000  -1.4514  -1.4514  -1.4515  -1.4515  -1.4515  -1.4516  -1.4518  -1.4523
 -1.4536  -1.4568  -1.4647  -1.4851  -1.5354  -1.6582  -1.9403  -2.4912  -3.1389
 -3.7094  -4.2450  -4.7645  -5.2761  -5.7830  -6.2873  -6.7899  -7.2914  -7.7924
 -8.2930  -8.7934  -9.2936  -9.7937 -10.2938 -10.7939 -11.2939 -11.7939 -12.2941
  1.0000  -1.4515  -1.4515  -1.4515  -1.4515  -1.4515  -1.4516  -1.4519  -1.4524
 -1.4537  -1.4568  -1.4648  -1.4851  -1.5354  -1.6582  -1.9402  -2.4912  -3.1388
 -3.7094  -4.2450  -4.7645  -5.2761  -5.7830  -6.2873  -6.7899  -7.2914  -7.7924
 -8.2930  -8.7934  -9.2936  -9.7937 -10.2938 -10.7939 -11.2939 -11.7939 -12.2941
  2.0000  -1.4516  -1.4516  -1.4516  -1.4516  -1.4516  -1.4517  -1.4519  -1.4524
 -1.4537  -1.4569  -1.4648  -1.4852  -1.5355  -1.6582  -1.9402  -2.4910  -3.1388
 -3.7094  -4.2450  -4.7645  -5.2761  -5.7830  -6.2873  -6.7899  -7.2914  -7.7924
 -8.2930  -8.7934  -9.2936  -9.7937 -10.2938 -10.7939 -11.2939 -11.7939 -12.2941
  3.0000  -1.4517  -1.4517  -1.4517  -1.4517  -1.4517  -1.4518  -1.4520  -1.4526
 -1.4538  -1.4570  -1.4650  -1.4853  -1.5355  -1.6581  -1.9400  -2.4908  -3.1387
 -3.7093  -4.2450  -4.7645  -5.2761  -5.7830  -6.2873  -6.7899  -7.2914  -7.7924
 -8.2930  -8.7934  -9.2936  -9.7937 -10.2938 -10.7939 -11.2939 -11.7939 -12.2941
 -1.0000  -1.3464  -1.3464  -1.3465  -1.3465  -1.3465  -1.3467  -1.3470  -1.3479
 -1.3501  -1.3557  -1.3697  -1.4047  -1.4916  -1.6974  -2.1139  -2.6547  -3.1996
 -3.7289  -4.2509  -4.7669  -5.2779  -5.7851  -6.2897  -6.7927  -7.2945  -7.7956
 -8.2964  -8.7968  -9.2971  -9.7973 -10.2974 -10.7974 -11.2975 -11.7976 -12.2975
  0.0000  -1.3464  -1.3464  -1.3465  -1.3465  -1.3465  -1.3467  -1.3470  -1.3479
 -1.3501  -1.3557  -1.3697  -1.4047  -1.4916  -1.6974  -2.1139  -2.6547  -3.1996
 -3.7289  -4.2509  -4.7669  -5.2779  -5.7851  -6.2897  -6.7927  -7.2945  -7.7956
 -8.2964  -8.7968  -9.2971  -9.7973 -10.2974 -10.7974 -11.2975 -11.7976 -12.2975
  0.0000  -1.3927  -1.3927  -1.3927  -1.3928  -1.3928  -1.3929  -1.3932  -1.3937
 -1.3954  -1.3995  -1.4095  -1.4349  -1.4990  -1.6610  -2.0472  -2.6204  -3.1931
 -3.7342  -4.2594  -4.7746  -5.2837  -5.7891  -6.2925  -6.7945  -7.2957  -7.7964
 -8.2968  -8.7971  -9.2973  -9.7974 -10.2974 -10.7975 -11.2975 -11.7975 -12.2977
  0.0000  -1.3962  -1.3962  -1.3962  -1.3962  -1.3963  -1.3964  -1.3966  -1.3973
 -1.3988  -1.4028  -1.4127  -1.4377  -1.5005  -1.6584  -2.0415  -2.6179  -3.1926
 -3.7344  -4.2597  -4.7749  -5.2839  -5.7893  -6.2927  -6.7946  -7.2958  -7.7965
 -8.2969  -8.7972  -9.2974  -9.7975 -10.2975 -10.7976 -11.2976 -11.7976 -12.2978
  0.0000  -1.3821  -1.3821  -1.3821  -1.3821  -1.3822  -1.3823  -1.3825  -1.3832
 -1.3851  -1.3895  -1.4007  -1.4286  -1.4982  -1.6690  -2.0608  -2.6255  -3.1921
 -3.7314  -4.2566  -4.7725  -5.2822  -5.7881  -6.2919  -6.7942  -7.2955  -7.7964
 -8.2969  -8.7972  -9.2974  -9.7975 -10.2976 -10.7977 -11.2977 -11.7977 -12.2979
  0.0000  -1.3609  -1.3609  -1.3609  -1.3609  -1.3610  -1.3611  -1.3614  -1.3622
 -1.3642  -1.3693  -1.3820  -1.4140  -1.4936  -1.6857  -2.0939  -2.6417  -3.1941
 -3.7277  -4.2518  -4.7683  -5.2792  -5.7861  -6.2905  -6.7933  -7.2950  -7.7961
 -8.2968  -8.7972  -9.2974  -9.7976 -10.2977 -10.7977 -11.2978 -11.7979 -12.2978
  0.0000  -1.3395  -1.3395  -1.3395  -1.3395  -1.3396  -1.3397  -1.3401  -1.3410
 -1.3433  -1.3488  -1.3629  -1.3986  -1.4880  -1.7037  -2.1324  -2.6647  -3.1976
 -3.7259  -4.2470  -4.7635  -5.2755  -5.7836  -6.2888  -6.7923  -7.2944  -7.7958
 -8.2966  -8.7972  -9.2975  -9.7977 -10.2978 -10.7979 -11.2980 -11.7981 -12.2982
 -2.0000  -1.3435  -1.3435  -1.3435  -1.3435  -1.3436  -1.3436  -1.3439  -1.3444
 -1.3458  -1.3493  -1.3588  -1.3865  -1.4734  -1.7125  -2.1482  -2.6761  -3.2107
 -3.7398  -4.2609  -4.7752  -5.2843  -5.7900  -6.2937  -6.7959  -7.2973  -7.7981
 -8.2986  -8.7989  -9.2991  -9.7992 -10.2993 -10.7994 -11.2994 -11.7994 -12.2996
 -1.0000  -1.3435  -1.3435  -1.3435  -1.3435  -1.3436  -1.3436  -1.3439  -1.3444
 -1.3458  -1.3493  -1.3588  -1.3865  -1.4734  -1.7125  -2.1482  -2.6761  -3.2107
 -3.7398  -4.2609  -4.7752  -5.2843  -5.7900  -6.2937  -6.7959  -7.2973  -7.7981
 -8.2986  -8.7989  -9.2991  -9.7992 -10.2993 -10.7994 -11.2994 -11.7994 -12.2996
  0.0000  -1.3435  -1.3435  -1.3435  -1.3435  -1.3436  -1.3436  -1.3439  -1.3444
 -1.3458  -1.3493  -1.3588  -1.3865  -1.4734  -1.7125  -2.1482  -2.6761  -3.2107
 -3.7398  -4.2609  -4.7752  -5.2843  -5.7900  -6.2937  -6.7959  -7.2973  -7.7981
 -8.2986  -8.7989  -9.2991  -9.7992 -10.2993 -10.7994 -11.2994 -11.7994 -12.2996
  0.0000  -1.3989  -1.3989  -1.3989  -1.3989  -1.3989  -1.3989  -1.3988  -1.3987
 -1.3984  -1.3979  -1.3981  -1.4065  -1.4608  -1.6678  -2.1118  -2.6641  -3.2121
 -3.7458  -4.2671  -4.7802  -5.2879  -5.7927  -6.2955  -6.7972  -7.2982  -7.7988
 -8.2992  -8.7994  -9.2995  -9.7996 -10.2997 -10.7997 -11.2997 -11.7997 -12.2997
  0.0000  -1.3934  -1.3934  -1.3934  -1.3934  -1.3934  -1.3934  -1.3934  -1.3933
 -1.3932  -1.3932  -1.3944  -1.4046  -1.4619  -1.6720  -2.1151  -2.6650  -3.2119
 -3.7452  -4.2666  -4.7798  -5.2877  -5.7926  -6.2955  -6.7972  -7.2982  -7.7988
 -8.2992  -8.7995  -9.2996  -9.7997 -10.2998 -10.7998 -11.2998 -11.7998 -12.2998
  0.0000  -1.3653  -1.3653  -1.3653  -1.3653  -1.3654  -1.3654  -1.3655  -1.3658
 -1.3666  -1.3686  -1.3746  -1.3947  -1.4684  -1.6942  -2.1322  -2.6698  -3.2105
 -3.7421  -4.2636  -4.7775  -5.2861  -5.7913  -6.2947  -6.7966  -7.2978  -7.7986
 -8.2990  -8.7993  -9.2995  -9.7996 -10.2996 -10.7997 -11.2997 -11.7997 -12.2999
  0.0000  -1.3333  -1.3333  -1.3333  -1.3333  -1.3334  -1.3335  -1.3338  -1.3345
 -1.3362  -1.3405  -1.3519  -1.3831  -1.4763  -1.7216  -2.1553  -2.6785  -3.2104
 -3.7387  -4.2599  -4.7745  -5.2840  -5.7898  -6.2937  -6.7960  -7.2974  -7.7983
 -8.2989  -8.7992  -9.2994  -9.7995 -10.2996 -10.7997 -11.2997 -11.7997 -12.2999
 -3.0000  -1.4060  -1.4060  -1.4059  -1.4059  -1.4058  -1.4056  -1.4051  -1.4038
 -1.4007  -1.3942  -1.3846  -1.3860  -1.4535  -1.6854  -2.1342  -2.6649  -3.2040
 -3.7343  -4.2548  -4.7677  -5.2756  -5.7805  -6.2834  -6.7852  -7.2863  -7.7869
 -8.2873  -8.7876  -9.2877  -9.7878 -10.2879 -10.7879 -11.2879 -11.7879 -12.2879
 -2.0000  -1.4060  -1.4060  -1.4059  -1.4059  -1.4058  -1.4056  -1.4051  -1.4038
 -1.4007  -1.3942  -1.3846  -1.3860  -1.4535  -1.6854  -2.1342  -2.6649  -3.2040
 -3.7343  -4.2548  -4.7677  -5.2756  -5.7805  -6.2834  -6.7852  -7.2863  -7.7869
 -8.2873  -8.7876  -9.2877  -9.7878 -10.2879 -10.7879 -11.2879 -11.7879 -12.2879
 -1.0000  -1.4060  -1.4060  -1.4059  -1.4059  -1.4058  -1.4056  -1.4051  -1.4038
 -1.4007  -1.3942  -1.3846  -1.3860  -1.4535  -1.6854  -2.1342  -2.6649  -3.2040
 -3.7343  -4.2548  -4.7677  -5.2756  -5.7805  -6.2834  -6.7852  -7.2863  -7.7869
 -8.2873  -8.7876  -9.2877  -9.7878 -10.2879 -10.7879 -11.2879 -11.7879 -12.2879
  0.0000  -1.4059  -1.4059  -1.4058  -1.4058  -1.4057  -1.4055  -1.4050  -1.4037
 -1.4006  -1.3941  -1.3845  -1.3859  -1.4534  -1.6853  -2.1341  -2.6648  -3.2039
 -3.7342  -4.2547  -4.7676  -5.2755  -5.7804  -6.2833  -6.7851  -7.2862  -7.7868
 -8.2872  -8.7875  -9.2876  -9.7877 -10.2878 -10.7878 -11.2878 -11.7878 -12.2878
  0.0000  -1.4533  -1.4533  -1.4533  -1.4532  -1.4530  -1.4527  -1.4519  -1.4498
 -1.4449  -1.4341  -1.4152  -1.3988  -1.4391  -1.6544  -2.1160  -2.6611  -3.2068
 -3.7386  -4.2586  -4.7706  -5.2775  -5.7820  -6.2845  -6.7860  -7.2869  -7.7874
 -8.2877  -8.7879  -9.2881  -9.7881 -10.2882 -10.7882 -11.2882 -11.7882 -12.2881
  0.0000  -1.4463  -1.4463  -1.4463  -1.4462  -1.4460  -1.4457  -1.4449  -1.4429
 -1.4381  -1.4277  -1.4096  -1.3960  -1.4412  -1.6597  -2.1191  -2.6617  -3.2062
 -3.7378  -4.2579  -4.7701  -5.2772  -5.7817  -6.2843  -6.7858  -7.2867  -7.7873
 -8.2876  -8.7878  -9.2879  -9.7880 -10.2881 -10.7881 -11.2881 -11.7881 -12.2881
  0.0000  -1.4255  -1.4255  -1.4254  -1.4255  -1.4254  -1.4251  -1.4244  -1.4226
 -1.4183  -1.4091  -1.3943  -1.3887  -1.4473  -1.6747  -2.1281  -2.6634  -3.2047
 -3.7356  -4.2559  -4.7685  -5.2761  -5.7808  -6.2836  -6.7853  -7.2863  -7.7869
 -8.2873  -8.7875  -9.2876  -9.7877 -10.2878 -10.7878 -11.2878 -11.7878 -12.2878
-13.0000  -1.4250  -1.4250  -1.4245  -1.4250  -1.4248  -1.4245  -1.4238  -1.4220
 -1.4177  -1.4085  -1.3937  -1.3881  -1.4467  -1.6741  -2.1275  -2.6628  -3.2041
 -3.7350  -4.2553  -4.7679  -5.2755  -5.7802  -6.2830  -6.7847  -7.2857  -7.7863
 -8.2867  -8.7869  -9.2870  -9.7871 -10.2872 -10.7872 -11.2872 -11.7872 -12.2872
-12.0000  -1.4250  -1.4250  -1.4245  -1.4250  -1.4248  -1.4245  -1.4238  -1.4220
 -1.4177  -1.4085  -1.3937  -1.3881  -1.4467  -1.6741  -2.1275  -2.6628  -3.2041
 -3.7350  -4.2553  -4.7679  -5.2755  -5.7802  -6.2830  -6.7847  -7.2857  -7.7863
 -8.2867  -8.7869  -9.2870  -9.7871 -10.2872 -10.7872 -11.2872 -11.7872 -12.2872
-11.0000  -1.4250  -1.4250  -1.4245  -1.4250  -1.4248  -1.4245  -1.4238  -1.4220
 -1.4177  -1.4085  -1.3937  -1.3881  -1.4467  -1.6741  -2.1275  -2.6628  -3.2041
 -3.7350  -4.2553  -4.7679  -5.2755  -5.7802  -6.2830  -6.7847  -7.2857  -7.7863
 -8.2867  -8.7869  -9.2870  -9.7871 -10.2872 -10.7872 -11.2872 -11.7872 -12.2872
-10.0000  -1.4250  -1.4250  -1.4245  -1.4250  -1.4248  -1.4245  -1.4238  -1.4220
 -1.4177  -1.4085  -1.3937  -1.3881  -1.4467  -1.6741  -2.1275  -2.6628  -3.2041
 -3.7350  -4.2553  -4.7679  -5.2755  -5.7802  -6.2830  -6.7847  -7.2857  -7.7863
 -8.2867  -8.7869  -9.2870  -9.7871 -10.2872 -10.7872 -11.2872 -11.7872 -12.2872
-10.0000  -1.4256  -1.4255  -1.4252  -1.4256  -1.4254  -1.4251  -1.4244  -1.4226
 -1.4183  -1.4091  -1.3943  -1.3887  -1.4473  -1.6747  -2.1281  -2.6634  -3.2047
 -3.7356  -4.2559  -4.7685  -5.2761  -5.7808  -6.2836  -6.7853  -7.2863  -7.7869
 -8.2873  -8.7875  -9.2876  -9.7877 -10.2878 -10.7878 -11.2878 -11.7878 -12.2878
-10.0000  -1.4257  -1.4256  -1.4253  -1.4257  -1.4255  -1.4252  -1.4245  -1.4227
 -1.4184  -1.4092  -1.3944  -1.3888  -1.4474  -1.6748  -2.1282  -2.6635  -3.2048
 -3.7357  -4.2560  -4.7686  -5.2762  -5.7809  -6.2837  -6.7854  -7.2864  -7.7870
 -8.2874  -8.7876  -9.2877  -9.7878 -10.2879 -10.7879 -11.2879 -11.7879 -12.2879
-10.0000  -1.4258  -1.4257  -1.4255  -1.4257  -1.4256  -1.4253  -1.4246  -1.4228
 -1.4185  -1.4093  -1.3945  -1.3889  -1.4475  -1.6749  -2.1283  -2.6636  -3.2049
 -3.7358  -4.2561  -4.7687  -5.2763  -5.7810  -6.2838  -6.7855  -7.2865  -7.7871
 -8.2875  -8.7877  -9.2878  -9.7879 -10.2880 -10.7880 -11.2880 -11.7880 -12.2880
-23.0000  -1.4255  -1.4255  -1.4250  -1.4255  -1.4253  -1.4250  -1.4243  -1.4225
 -1.4182  -1.4090  -1.3942  -1.3886  -1.4472  -1.6746  -2.1280  -2.6633  -3.2046
 -3.7355  -4.2558  -4.7684  -5.2760  -5.7807  -6.2835  -6.7852  -7.2862  -7.7868
 -8.2872  -8.7874  -9.2875  -9.7876 -10.2877 -10.7877 -11.2877 -11.7877 -12.2877
-22.0000  -1.4255  -1.4255  -1.4250  -1.4255  -1.4253  -1.4250  -1.4243  -1.4225
 -1.4182  -1.4090  -1.3942  -1.3886  -1.4472  -1.6746  -2.1280  -2.6633  -3.2046
 -3.7355  -4.2558  -4.7684  -5.2760  -5.7807  -6.2835  -6.7852  -7.2862  -7.7868
 -8.2872  -8.7874  -9.2875  -9.7876 -10.2877 -10.7877 -11.2877 -11.7877 -12.2877
-21.0000  -1.4255  -1.4255  -1.4250  -1.4255  -1.4253  -1.4250  -1.4243  -1.4225
 -1.4182  -1.4090  -1.3942  -1.3886  -1.4472  -1.6746  -2.1280  -2.6633  -3.2046
 -3.7355  -4.2558  -4.7684  -5.2760  -5.7807  -6.2835  -6.7852  -7.2862  -7.7868
 -8.2872  -8.7874  -9.2875  -9.7876 -10.2877 -10.7877 -11.2877 -11.7877 -12.2877
-20.0000  -1.4255  -1.4255  -1.4250  -1.4255  -1.4253  -1.4250  -1.4243  -1.4225
 -1.4182  -1.4090  -1.3942  -1.3886  -1.4472  -1.6746  -2.1280  -2.6633  -3.2046
 -3.7355  -4.2558  -4.7684  -5.2760  -5.7807  -6.2835  -6.7852  -7.2862  -7.7868
 -8.2872  -8.7874  -9.2875  -9.7876 -10.2877 -10.7877 -11.2877 -11.7877 -12.2877
-20.0000  -1.4255  -1.4255  -1.4250  -1.4255  -1.4253  -1.4250  -1.4243  -1.4225
 -1.4182  -1.4090  -1.3942  -1.3886  -1.4472  -1.6746  -2.1280  -2.6633  -3.2046
 -3.7355  -4.2558  -4.7684  -5.2760  -5.7807  -6.2835  -6.7852  -7.2862  -7.7868
 -8.2872  -8.7874  -9.2875  -9.7876 -10.2877 -10.7877 -11.2877 -11.7877 -12.2877
-20.0000  -1.4258  -1.4258  -1.4253  -1.4258  -1.4256  -1.4253  -1.4246  -1.4228
 -1.4185  -1.4093  -1.3945  -1.3889  -1.4475  -1.6749  -2.1283  -2.6636  -3.2049
 -3.7358  -4.2561  -4.7687  -5.2763  -5.7810  -6.2838  -6.7855  -7.2865  -7.7871
 -8.2875  -8.7877  -9.2878  -9.7879 -10.2880 -10.7880 -11.2880 -11.7880 -12.2880
-20.0000  -1.4258  -1.4257  -1.4254  -1.4258  -1.4256  -1.4253  -1.4246  -1.4228
 -1.4185  -1.4093  -1.3945  -1.3889  -1.4475  -1.6749  -2.1283  -2.6636  -3.2049
 -3.7358  -4.2561  -4.7687  -5.2763  -5.7810  -6.2838  -6.7855  -7.2865  -7.7871
 -8.2875  -8.7877  -9.2878  -9.7879 -10.2880 -10.7880 -11.2880 -11.7880 -12.2880
-33.0000  -1.4256  -1.4256  -1.4251  -1.4256  -1.4254  -1.4251  -1.4244  -1.4226
 -1.4183  -1.4091  -1.3943  -1.3887  -1.4473  -1.6747  -2.1281  -2.6634  -3.2047
 -3.7356  -4.2559  -4.7685  -5.2761  -5.7808  -6.2836  -6.7853  -7.2863  -7.7869
 -8.2873  -8.7875  -9.2876  -9.7877 -10.2878 -10.7878 -11.2878 -11.7878 -12.2878
-32.0000  -1.4256  -1.4256  -1.4251  -1.4256  -1.4254  -1.4251  -1.4244  -1.4226
 -1.4183  -1.4091  -1.3943  -1.3887  -1.4473  -1.6747  -2.1281  -2.6634  -3.2047
 -3.7356  -4.2559  -4.7685  -5.2761  -5.7808  -6.2836  -6.7853  -7.2863  -7.7869
 -8.2873  -8.7875  -9.2876  -9.7877 -10.2878 -10.7878 -11.2878 -11.7878 -12.2878
-31.0000  -1.4256  -1.4256  -1.4251  -1.4256  -1.4254  -1.4251  -1.4244  -1.4226
 -1.4183  -1.4091  -1.3943  -1.3887  -1.4473  -1.6747  -2.1281  -2.6634  -3.2047
 -3.7356  -4.2559  -4.7685  -5.2761  -5.7808  -6.2836  -6.7853  -7.2863  -7.7869
 -8.2873  -8.7875  -9.2876  -9.7877 -10.2878 -10.7878 -11.2878 -11.7878 -12.2878
-30.0000  -1.4256  -1.4256  -1.4251  -1.4256  -1.4254  -1.4251  -1.4244  -1.4226
 -1.4183  -1.4091  -1.3943  -1.3887  -1.4473  -1.6747  -2.1281  -2.6634  -3.2047
 -3.7356  -4.2559  -4.7685  -5.2761  -5.7808  -6.2836  -6.7853  -7.2863  -7.7869
 -8.2873  -8.7875  -9.2876  -9.7877 -10.2878 -10.7878 -11.2878 -11.7878 -12.2878
-30.0000  -1.4256  -1.4256  -1.4251  -1.4256  -1.4254  -1.4251  -1.4244  -1.4226
 -1.4183  -1.4091  -1.3943  -1.3887  -1.4473  -1.6747  -2.1281  -2.6634  -3.2047
 -3.7356  -4.2559  -4.7685  -5.2761  -5.7808  -6.2836  -6.7853  -7.2863  -7.7869
 -8.2873  -8.7875  -9.2876  -9.7877 -10.2878 -10.7878 -11.2878 -11.7878 -12.2878
-30.0000  -1.4256  -1.4256  -1.4251  -1.4256  -1.4254  -1.4251  -1.4244  -1.4226
 -1.4183  -1.4091  -1.3943  -1.3887  -1.4473  -1.6747  -2.1281  -2.6634  -3.2047
 -3.7356  -4.2559  -4.7685  -5.2761  -5.7808  -6.2836  -6.7853  -7.2863  -7.7869
 -8.2873  -8.7875  -9.2876  -9.7877 -10.2878 -10.7878 -11.2878 -11.7878 -12.2878
-30.0000  -1.4258  -1.4258  -1.4253  -1.4258  -1.4256  -1.4253  -1.4246  -1.4228
 -1.4185  -1.4093  -1.3945  -1.3889  -1.4475  -1.6749  -2.1283  -2.6636  -3.2049
 -3.7358  -4.2561  -4.7687  -5.2763  -5.7810  -6.2838  -6.7855  -7.2865  -7.7871
 -8.2875  -8.7877  -9.2878  -9.7879 -10.2880 -10.7880 -11.2880 -11.7880 -12.2880
-43.0000  -1.4256  -1.4256  -1.4251  -1.4256  -1.4254  -1.4251  -1.4244  -1.4226
 -1.4183  -1.4091  -1.3943  -1.3887  -1.4473  -1.6747  -2.1281  -2.6634  -3.2047
 -3.7356  -4.2559  -4.7685  -5.2761  -5.7808  -6.2836  -6.7853  -7.2863  -7.7869
 -8.2873  -8.7875  -9.2876  -9.7877 -10.2878 -10.7878 -11.2878 -11.7878 -12.2878
-42.0000  -1.4256  -1.4256  -1.4251  -1.4256  -1.4254  -1.4251  -1.4244  -1.4226
 -1.4183  -1.4091  -1.3943  -1.3887  -1.4473  -1.6747  -2.1281  -2.6634  -3.2047
 -3.7356  -4.2559  -4.7685  -5.2761  -5.7808  -6.2836  -6.7853  -7.2863  -7.7869
 -8.2873  -8.7875  -9.2876  -9.7877 -10.2878 -10.7878 -11.2878 -11.7878 -12.2878
-41.0000  -1.4256  -1.4256  -1.4251  -1.4256  -1.4254  -1.4251  -1.4244  -1.4226
 -1.4183  -1.4091  -1.3943  -1.3887  -1.4473  -1.6747  -2.1281  -2.6634  -3.2047
 -3.7356  -4.2559  -4.7685  -5.2761  -5.7808  -6.2836  -6.7853  -7.2863  -7.7869
 -8.2873  -8.7875  -9.2876  -9.7877 -10.2878 -10.7878 -11.2878 -11.7878 -12.2878
-40.0000  -1.4256  -1.4256  -1.4251  -1.4256  -1.4254  -1.4251  -1.4244  -1.4226
 -1.4183  -1.4091  -1.3943  -1.3887  -1.4473  -1.6747  -2.1281  -2.6634  -3.2047
 -3.7356  -4.2559  -4.7685  -5.2761  -5.7808  -6.2836  -6.7853  -7.2863  -7.7869
 -8.2873  -8.7875  -9.2876  -9.7877 -10.2878 -10.7878 -11.2878 -11.7878 -12.2878
-40.0000  -1.4256  -1.4256  -1.4251  -1.4256  -1.4254  -1.4251  -1.4244  -1.4226
 -1.4183  -1.4091  -1.3943  -1.3887  -1.4473  -1.6747  -2.1281  -2.6634  -3.2047
 -3.7356  -4.2559  -4.7685  -5.2761  -5.7808  -6.2836  -6.7853  -7.2863  -7.7869
 -8.2873  -8.7875  -9.2876  -9.7877 -10.2878 -10.7878 -11.2878 -11.7878 -12.2878
-40.0000  -1.4256  -1.4256  -1.4251  -1.4256  -1.4254  -1.4251  -1.4244  -1.4226
 -1.4183  -1.4091  -1.3943  -1.3887  -1.4473  -1.6747  -2.1281  -2.6634  -3.2047
 -3.7356  -4.2559  -4.7685  -5.2761  -5.7808  -6.2836  -6.7853  -7.2863  -7.7869
 -8.2873  -8.7875  -9.2876  -9.7877 -10.2878 -10.7878 -11.2878 -11.7878 -12.2878
-40.0000  -1.4256  -1.4256  -1.4251  -1.4256  -1.4254  -1.4251  -1.4244  -1.4226
 -1.4183  -1.4091  -1.3943  -1.3887  -1.4473  -1.6747  -2.1281  -2.6634  -3.2047
 -3.7356  -4.2559  -4.7685  -5.2761  -5.7808  -6.2836  -6.7853  -7.2863  -7.7869
 -8.2873  -8.7875  -9.2876  -9.7877 -10.2878 -10.7878 -11.2878 -11.7878 -12.2878
nl= 4 nu=13
  0.0000  -2.0668  -2.0668  -2.0668  -2.0668  -2.0668  -2.0668  -2.0668  -2.0668
 -2.0669  -2.0671  -2.0675  -2.0685  -2.0711  -2.0777  -2.0941  -2.1352  -2.2381
 -2.4929  -3.0996  -4.1635  -4.8480  -5.3715  -5.8782  -6.3832  -6.8891  -7.3954
 -7.9028  -8.4183  -8.9632  -9.6400 -10.2062 -10.7075 -11.2084 -11.7093 -12.1995
  0.0000  -2.1970  -2.1970  -2.1970  -2.1970  -2.1970  -2.1970  -2.1970  -2.1970
 -2.1971  -2.1972  -2.1974  -2.1979  -2.1993  -2.2027  -2.2113  -2.2330  -2.2872
 -2.4231  -2.7601  -3.5604  -4.7571  -5.3611  -5.8730  -6.3759  -6.8796  -7.3851
 -7.8931  -8.4096  -8.9553  -9.6320 -10.1989 -10.7010 -11.2023 -11.7036 -12.1948
  0.0000  -2.3377  -2.3377  -2.3377  -2.3377  -2.3377  -2.3377  -2.3377  -2.3378
 -2.3378  -2.3378  -2.3379  -2.3382  -2.3389  -2.3407  -2.3451  -2.3563  -2.3843
 -2.4545  -2.6304  -3.0677  -4.0991  -5.3236  -5.8735  -6.3778  -6.8778  -7.3805
 -7.8874  -8.4043  -8.9506  -9.6271 -10.1948 -10.6981 -11.2002 -11.7023 -12.1950
  0.0000  -2.4838  -2.4838  -2.4838  -2.4838  -2.4838  -2.4838  -2.4838  -2.4838
 -2.4838  -2.4838  -2.4839  -2.4840  -2.4844  -2.4853  -2.4875  -2.4932  -2.5075
 -2.5433  -2.6331  -2.8582  -3.4186  -4.7201  -5.8622  -6.3853  -6.8839  -7.3815
 -7.8848  -8.4001  -8.9463  -9.6218 -10.1908 -10.6955 -11.1989 -11.7023 -12.1962
  0.0000  -2.6300  -2.6300  -2.6300  -2.6300  -2.6300  -2.6300  -2.6300  -2.6300
 -2.6300  -2.6300  -2.6300  -2.6301  -2.6303  -2.6308  -2.6319  -2.6348  -2.6420
 -2.6601  -2.7055  -2.8195  -3.1055  -3.8180  -5.4155  -6.3850  -6.8940  -7.3880
 -7.8851  -8.3957  -8.9394  -9.6123 -10.1819 -10.6889 -11.1940 -11.6991 -12.1959
  0.0000  -2.7786  -2.7786  -2.7786  -2.7786  -2.7786  -2.7786  -2.7786  -2.7786
 -2.7786  -2.7786  -2.7786  -2.7786  -2.7787  -2.7790  -2.7795  -2.7810  -2.7846
 -2.7937  -2.8166  -2.8740  -3.0182  -3.3798  -4.2810  -6.1474  -6.9031  -7.4030
 -7.8948  -8.3982  -8.9362  -9.6037 -10.1719 -10.6807 -11.1881 -11.6954 -12.1948
  0.0000  -2.9320  -2.9320  -2.9320  -2.9320  -2.9320  -2.9320  -2.9320  -2.9320
 -2.9320  -2.9320  -2.9320  -2.9320  -2.9320  -2.9321  -2.9324  -2.9332  -2.9350
 -2.9395  -2.9510  -2.9798  -3.0522  -3.2340  -3.6900  -4.8258  -6.8280  -7.4209
 -7.9159  -8.4137  -8.9442  -9.6040 -10.1667 -10.6749 -11.1838 -11.6928 -12.1917
  0.0000  -1.7956  -1.7956  -1.7956  -1.7956  -1.7956  -1.7956  -1.7957  -1.7958
 -1.7960  -1.7966  -1.7981  -1.8020  -1.8116  -1.8357  -1.8958  -2.0438  -2.3933
 -3.0823  -3.8095  -4.3566  -4.8687  -5.3734  -5.8787  -6.3850  -6.8927  -7.4050
 -7.9374  -8.5277  -9.1988  -9.7006 -10.2018 -10.7026 -11.2031 -11.7036 -12.1987
  0.0000  -1.9068  -1.9068  -1.9068  -1.9068  -1.9068  -1.9068  -1.9068  -1.9069
 -1.9070  -1.9073  -1.9082  -1.9104  -1.9159  -1.9297  -1.9642  -2.0505  -2.2629
 -2.7623  -3.6559  -4.3463  -4.8720  -5.3753  -5.8769  -6.3809  -6.8883  -7.4012
 -7.9345  -8.5251  -9.1962  -9.6990 -10.2009 -10.7021 -11.2028 -11.7035 -12.1991
  0.0000  -2.0312  -2.0312  -2.0312  -2.0312  -2.0312  -2.0312  -2.0313  -2.0313
 -2.0314  -2.0316  -2.0320  -2.0332  -2.0362  -2.0437  -2.0626  -2.1098  -2.2279
 -2.5193  -3.2009  -4.2516  -4.8707  -5.3813  -5.8796  -6.3792  -6.8838  -7.3960
 -7.9297  -8.5208  -9.1917  -9.6959 -10.1988 -10.7006 -11.2018 -11.7030 -12.1991
  0.0000  -2.1717  -2.1717  -2.1717  -2.1718  -2.1718  -2.1718  -2.1718  -2.1718
 -2.1718  -2.1719  -2.1722  -2.1728  -2.1744  -2.1783  -2.1883  -2.2132  -2.2758
 -2.4324  -2.8196  -3.7179  -4.8342  -5.3939  -5.8950  -6.3897  -6.8890  -7.3980
 -7.9305  -8.5212  -9.1915  -9.6976 -10.2018 -10.7048 -11.2067 -11.7086 -12.2064
  0.0000  -2.3063  -2.3063  -2.3063  -2.3063  -2.3063  -2.3063  -2.3063  -2.3063
 -2.3063  -2.3064  -2.3065  -2.3068  -2.3076  -2.3097  -2.3148  -2.3277  -2.3601
 -2.4413  -2.6446  -3.1483  -4.2982  -5.3746  -5.9012  -6.3957  -6.8888  -7.3915
 -7.9199  -8.5082  -9.1764  -9.6846 -10.1909 -10.6953 -11.1984 -11.7015 -12.2006
  0.0000  -2.4507  -2.4507  -2.4507  -2.4507  -2.4507  -2.4507  -2.4507  -2.4507
 -2.4507  -2.4507  -2.4508  -2.4510  -2.4514  -2.4524  -2.4550  -2.4616  -2.4781
 -2.5196  -2.6236  -2.8841  -3.5306  -4.9565  -5.9024  -6.4124  -6.9033  -7.3988
 -7.9201  -8.5028  -9.1661  -9.6751 -10.1835 -10.6901 -11.1947 -11.6993 -12.2012
  0.0000  -2.5994  -2.5994  -2.5994  -2.5994  -2.5994  -2.5994  -2.5994  -2.5994
 -2.5994  -2.5994  -2.5995  -2.5995  -2.5997  -2.6003  -2.6016  -2.6049  -2.6133
 -2.6342  -2.6869  -2.8190  -3.1503  -3.9726  -5.6572  -6.4229  -6.9241  -7.4167
 -7.9308  -8.5058  -9.1611  -9.6671 -10.1761 -10.6847 -11.1914 -11.6981 -12.2021
  0.0000  -1.6159  -1.6159  -1.6159  -1.6159  -1.6160  -1.6160  -1.6161  -1.6164
 -1.6170  -1.6186  -1.6227  -1.6330  -1.6585  -1.7214  -1.8716  -2.1992  -2.7454
 -3.3243  -3.8518  -4.3627  -4.8711  -5.3779  -5.8852  -6.3981  -6.9197  -7.4879
 -8.1965  -8.6992  -9.2010  -9.7021 -10.2028 -10.7032 -11.2035 -11.7038 -12.2036
  0.0000  -1.6825  -1.6825  -1.6825  -1.6825  -1.6825  -1.6825  -1.6826  -1.6828
 -1.6832  -1.6843  -1.6871  -1.6940  -1.7114  -1.7548  -1.8612  -2.1122  -2.6252
 -3.2951  -3.8565  -4.3692  -4.8733  -5.3760  -5.8812  -6.3939  -6.9160  -7.4846
 -8.1930  -8.6968  -9.1994  -9.7011 -10.2022 -10.7028 -11.2033 -11.7038 -12.2038
  0.0000  -1.7710  -1.7710  -1.7710  -1.7710  -1.7710  -1.7710  -1.7711  -1.7712
 -1.7714  -1.7721  -1.7738  -1.7782  -1.7890  -1.8161  -1.8837  -2.0494  -2.4356
 -3.1558  -3.8460  -4.3780  -4.8811  -5.3785  -5.8792  -6.3895  -6.9113  -7.4802
 -8.1877  -8.6931  -9.1969  -9.6995 -10.2011 -10.7022 -11.2029 -11.7036 -12.2043
  0.0000  -1.8785  -1.8785  -1.8785  -1.8785  -1.8785  -1.8785  -1.8785  -1.8786
 -1.8788  -1.8791  -1.8801  -1.8826  -1.8889  -1.9046  -1.9440  -2.0421  -2.2829
 -2.8388  -3.7413  -4.3794  -4.8931  -5.3875  -5.8819  -6.3872  -6.9063  -7.4739
 -8.1796  -8.6871  -9.1926  -9.6964 -10.1990 -10.7007 -11.2017 -11.7027 -12.2040
  0.0000  -2.0017  -2.0017  -2.0017  -2.0017  -2.0017  -2.0017  -2.0017  -2.0017
 -2.0018  -2.0020  -2.0026  -2.0040  -2.0074  -2.0160  -2.0377  -2.0919  -2.2273
 -2.5600  -3.3193  -4.3272  -4.9035  -5.4038  -5.8934  -6.3916  -6.9048  -7.4688
 -8.1705  -8.6794  -9.1870  -9.6926 -10.1965 -10.6992 -11.2010 -11.7028 -12.2052
  0.0000  -2.1345  -2.1345  -2.1345  -2.1345  -2.1345  -2.1345  -2.1346  -2.1346
 -2.1346  -2.1347  -2.1350  -2.1357  -2.1376  -2.1421  -2.1536  -2.1824  -2.2545
 -2.4348  -2.8788  -3.8737  -4.8841  -5.4194  -5.9117  -6.4041  -6.9096  -7.4667
 -8.1614  -8.6693  -9.1781  -9.6860 -10.1918 -10.6958 -11.1986 -11.7014 -12.2051
  0.0000  -2.2768  -2.2768  -2.2768  -2.2768  -2.2768  -2.2768  -2.2768  -2.2768
 -2.2768  -2.2769  -2.2770  -2.2774  -2.2783  -2.2807  -2.2866  -2.3015  -2.3390
 -2.4328  -2.6675  -3.2464  -4.4994  -5.4186  -5.9326  -6.4262  -6.9258  -7.4754
 -8.1616  -8.6634  -9.1709  -9.6800 -10.1879 -10.6938 -11.1979 -11.7020 -12.2078
  0.0000  -1.5404  -1.5404  -1.5404  -1.5404  -1.5404  -1.5405  -1.5406  -1.5411
 -1.5422  -1.5449  -1.5517  -1.5685  -1.6098  -1.7075  -1.9211  -2.3055  -2.8084
 -3.3308  -3.8468  -4.3623  -4.8750  -5.3866  -5.9052  -6.4522  -7.1294  -7.6968
 -8.1995  -8.7012  -9.2023  -9.7029 -10.2034 -10.7037 -11.2038 -11.7039 -12.2043
  0.0000  -1.5621  -1.5621  -1.5621  -1.5622  -1.5622  -1.5622  -1.5624  -1.5627
 -1.5636  -1.5659  -1.5716  -1.5858  -1.6210  -1.7061  -1.9002  -2.2788  -2.8061
 -3.3412  -3.8553  -4.3647  -4.8732  -5.3829  -5.9013  -6.4487  -7.1256  -7.6938
 -8.1974  -8.6999  -9.2014  -9.7024 -10.2030 -10.7034 -11.2037 -11.7040 -12.2044
  0.0000  -1.6024  -1.6024  -1.6024  -1.6024  -1.6025  -1.6025  -1.6026  -1.6029
 -1.6036  -1.6053  -1.6097  -1.6207  -1.6481  -1.7155  -1.8759  -2.2210  -2.7776
 -3.3501  -3.8702  -4.3745  -4.8769  -5.3821  -5.8987  -6.4456  -7.1216  -7.6908
 -8.1958  -8.6993  -9.2016  -9.7031 -10.2041 -10.7047 -11.2051 -11.7055 -12.2061
  0.0000  -1.6620  -1.6620  -1.6620  -1.6620  -1.6620  -1.6620  -1.6621  -1.6623
 -1.6628  -1.6640  -1.6671  -1.6747  -1.6940  -1.7418  -1.8588  -2.1322  -2.6732
 -3.3342  -3.8828  -4.3877  -4.8840  -5.3828  -5.8948  -6.4393  -7.1130  -7.6827
 -8.1896  -8.6945  -9.1980  -9.7003 -10.2018 -10.7028 -11.2034 -11.7040 -12.2051
  0.0000  -1.7516  -1.7516  -1.7516  -1.7516  -1.7516  -1.7517  -1.7517  -1.7518
 -1.7521  -1.7529  -1.7548  -1.7597  -1.7719  -1.8024  -1.8783  -2.0636  -2.4890
 -3.2327  -3.8896  -4.4109  -4.9057  -5.3976  -5.9023  -6.4416  -7.1104  -7.6790
 -8.1877  -8.6947  -9.1997  -9.7032 -10.2056 -10.7071 -11.2080 -11.7089 -12.2105
  0.0000  -1.8513  -1.8513  -1.8513  -1.8513  -1.8513  -1.8513  -1.8513  -1.8514
 -1.8516  -1.8520  -1.8532  -1.8560  -1.8631  -1.8810  -1.9258  -2.0373  -2.3095
 -2.9235  -3.8159  -4.4161  -4.9210  -5.4101  -5.9074  -6.4390  -7.1005  -7.6644
 -8.1729  -8.6817  -9.1888  -9.6940 -10.1975 -10.7000 -11.2015 -11.7030 -12.2058
  0.0000  -1.9720  -1.9720  -1.9720  -1.9720  -1.9720  -1.9720  -1.9720  -1.9720
 -1.9721  -1.9724  -1.9730  -1.9746  -1.9785  -1.9884  -2.0132  -2.0754  -2.2302
 -2.6087  -3.4432  -4.3845  -4.9355  -5.4315  -5.9256  -6.4503  -7.1046  -7.6593
 -8.1636  -8.6721  -9.1811  -9.6883 -10.1934 -10.6970 -11.1995 -11.7020 -12.2058
  0.0000  -1.5283  -1.5283  -1.5283  -1.5283  -1.5283  -1.5284  -1.5286  -1.5292
 -1.5305  -1.5339  -1.5420  -1.5613  -1.6068  -1.7123  -1.9340  -2.3114  -2.7988
 -3.3196  -3.8425  -4.3671  -4.8892  -5.4270  -6.0201  -6.6923  -7.1965  -7.6992
 -8.2010  -8.7021  -9.2027  -9.7032 -10.2035 -10.7036 -11.2037 -11.7038 -12.2038
  0.0000  -1.5296  -1.5296  -1.5296  -1.5296  -1.5297  -1.5298  -1.5299  -1.5304
 -1.5317  -1.5347  -1.5423  -1.5608  -1.6053  -1.7089  -1.9307  -2.3151  -2.8093
 -3.3284  -3.8459  -4.3656  -4.8859  -5.4234  -6.0164  -6.6886  -7.1938  -7.6975
 -8.1998  -8.7013  -9.2023  -9.7029 -10.2033 -10.7035 -11.2037 -11.7039 -12.2040
  0.0000  -1.5350  -1.5350  -1.5350  -1.5350  -1.5350  -1.5351  -1.5353  -1.5357
 -1.5368  -1.5396  -1.5465  -1.5636  -1.6055  -1.7046  -1.9221  -2.3138  -2.8223
 -3.3433  -3.8548  -4.3673  -4.8835  -5.4193  -6.0116  -6.6828  -7.1899  -7.6946
 -8.1980  -8.7001  -9.2015  -9.7024 -10.2030 -10.7033 -11.2035 -11.7037 -12.2040
  0.0000  -1.5527  -1.5527  -1.5527  -1.5527  -1.5527  -1.5528  -1.5529  -1.5533
 -1.5542  -1.5566  -1.5626  -1.5775  -1.6144  -1.7034  -1.9059  -2.2970  -2.8310
 -3.3639  -3.8726  -4.3771  -4.8865  -5.4180  -6.0079  -6.6771  -7.1857  -7.6923
 -8.1968  -8.7001  -9.2022  -9.7035 -10.2043 -10.7049 -11.2052 -11.7055 -12.2062
  0.0000  -1.5843  -1.5843  -1.5843  -1.5843  -1.5844  -1.5844  -1.5845  -1.5848
 -1.5856  -1.5875  -1.5922  -1.6041  -1.6336  -1.7062  -1.8780  -2.2426  -2.8105
 -3.3783  -3.8925  -4.3914  -4.8928  -5.4173  -6.0019  -6.6666  -7.1759  -7.6843
 -8.1908  -8.6952  -9.1985  -9.7006 -10.2019 -10.7027 -11.2033 -11.7039 -12.2047
  0.0000  -1.6467  -1.6467  -1.6467  -1.6467  -1.6467  -1.6467  -1.6468  -1.6470
 -1.6475  -1.6489  -1.6523  -1.6607  -1.6820  -1.7346  -1.8632  -2.1603  -2.7277
 -3.3794  -3.9192  -4.4195  -4.9151  -5.4317  -6.0087  -6.6658  -7.1725  -7.6816
 -8.1900  -8.6965  -9.2010  -9.7042 -10.2064 -10.7077 -11.2085 -11.7093 -12.2106
  0.0000  -1.7224  -1.7224  -1.7224  -1.7224  -1.7224  -1.7224  -1.7225  -1.7226
 -1.7230  -1.7238  -1.7260  -1.7315  -1.7451  -1.7793  -1.8642  -2.0704  -2.5349
 -3.2905  -3.9194  -4.4358  -4.9320  -5.4434  -6.0134  -6.6617  -7.1606  -7.6671
 -8.1762  -8.6846  -9.1911  -9.6956 -10.1988 -10.7009 -11.2022 -11.7035 -12.2057
  0.0000  -1.5358  -1.5358  -1.5358  -1.5358  -1.5359  -1.5360  -1.5362  -1.5368
 -1.5383  -1.5418  -1.5499  -1.5683  -1.6118  -1.7135  -1.9277  -2.2968  -2.7840
 -3.3131  -3.8480  -4.3925  -4.9707  -5.6834  -6.1911  -6.6958  -7.1991  -7.7010
 -8.2021  -8.7029  -9.2033  -9.7036 -10.2038 -10.7039 -11.2040 -11.7041 -12.2042
  0.0000  -1.5333  -1.5333  -1.5334  -1.5334  -1.5334  -1.5335  -1.5337  -1.5343
 -1.5358  -1.5394  -1.5477  -1.5663  -1.6099  -1.7123  -1.9287  -2.3016  -2.7898
 -3.3155  -3.8471  -4.3895  -4.9673  -5.6791  -6.1880  -6.6938  -7.1976  -7.7000
 -8.2015  -8.7025  -9.2031  -9.7035 -10.2037 -10.7039 -11.2040 -11.7041 -12.2044
  0.0000  -1.5282  -1.5282  -1.5282  -1.5282  -1.5283  -1.5284  -1.5286  -1.5292
 -1.5306  -1.5340  -1.5422  -1.5611  -1.6055  -1.7095  -1.9307  -2.3118  -2.8033
 -3.3243  -3.8496  -4.3872  -4.9631  -5.6727  -6.1830  -6.6902  -7.1950  -7.6983
 -8.2004  -8.7017  -9.2026  -9.7031 -10.2034 -10.7037 -11.2038 -11.7039 -12.2043
  0.0000  -1.5240  -1.5240  -1.5240  -1.5241  -1.5241  -1.5242  -1.5244  -1.5249
 -1.5262  -1.5293  -1.5371  -1.5559  -1.6006  -1.7054  -1.9308  -2.3232  -2.8229
 -3.3407  -3.8581  -4.3880  -4.9596  -5.6652  -6.1762  -6.6850  -7.1914  -7.6958
 -8.1988  -8.7008  -9.2020  -9.7028 -10.2033 -10.7036 -11.2038 -11.7040 -12.2043
  0.0000  -1.5264  -1.5264  -1.5264  -1.5264  -1.5264  -1.5265  -1.5267  -1.5272
 -1.5283  -1.5312  -1.5384  -1.5561  -1.5994  -1.7017  -1.9264  -2.3297  -2.8452
 -3.3652  -3.8760  -4.3965  -4.9610  -5.6601  -6.1693  -6.6791  -7.1874  -7.6935
 -8.1976  -8.7006  -9.2025  -9.7036 -10.2044 -10.7049 -11.2052 -11.7055 -12.2060
  0.0000  -1.5372  -1.5372  -1.5372  -1.5372  -1.5372  -1.5373  -1.5374  -1.5378
 -1.5388  -1.5414  -1.5477  -1.5634  -1.6023  -1.6961  -1.9085  -2.3144  -2.8564
 -3.3889  -3.8980  -4.4104  -4.9668  -5.6576  -6.1606  -6.6688  -7.1782  -7.6863
 -8.1923  -8.6963  -9.1993  -9.7011 -10.2023 -10.7030 -11.2035 -11.7040 -12.2046
  0.0000  -1.5679  -1.5679  -1.5679  -1.5679  -1.5680  -1.5680  -1.5681  -1.5685
 -1.5693  -1.5713  -1.5764  -1.5892  -1.6209  -1.6988  -1.8821  -2.2651  -2.8417
 -3.4067  -3.9230  -4.4325  -4.9833  -5.6679  -6.1594  -6.6617  -7.1698  -7.6791
 -8.1870  -8.6928  -9.1968  -9.6996 -10.2014 -10.7025 -11.2033 -11.7041 -12.2052
 -5.0000  -1.4913  -1.4913  -1.4913  -1.4914  -1.4916  -1.4922  -1.4934  -1.4962
 -1.5018  -1.5104  -1.5201  -1.5373  -1.5858  -1.7006  -1.9425  -2.3487  -2.8527
 -3.3726  -3.9123  -4.5855  -5.1531  -5.6599  -6.1700  -6.6797  -7.1875  -7.6931
 -8.1969  -8.6995  -9.2011  -9.7022 -10.2029 -10.7033 -11.2036 -11.7039 -12.2043
 -4.0000  -1.4934  -1.4934  -1.4935  -1.4935  -1.4937  -1.4941  -1.4950  -1.4972
 -1.5019  -1.5098  -1.5201  -1.5378  -1.5859  -1.7006  -1.9421  -2.3483  -2.8524
 -3.3725  -3.9122  -4.5855  -5.1531  -5.6599  -6.1700  -6.6797  -7.1875  -7.6931
 -8.1969  -8.6995  -9.2011  -9.7022 -10.2029 -10.7033 -11.2036 -11.7039 -12.2043
 -3.0000  -1.4967  -1.4967  -1.4968  -1.4968  -1.4969  -1.4972  -1.4978  -1.4994
 -1.5029  -1.5097  -1.5203  -1.5388  -1.5866  -1.7008  -1.9417  -2.3477  -2.8523
 -3.3726  -3.9124  -4.5857  -5.1534  -5.6602  -6.1703  -6.6800  -7.1878  -7.6934
 -8.1972  -8.6998  -9.2014  -9.7025 -10.2032 -10.7036 -11.2039 -11.7042 -12.2046
 -2.0000  -1.5004  -1.5004  -1.5004  -1.5004  -1.5005  -1.5006  -1.5011  -1.5021
 -1.5045  -1.5099  -1.5202  -1.5398  -1.5870  -1.7003  -1.9400  -2.3458  -2.8511
 -3.3720  -3.9120  -4.5853  -5.1531  -5.6599  -6.1700  -6.6797  -7.1875  -7.6931
 -8.1969  -8.6995  -9.2011  -9.7022 -10.2029 -10.7033 -11.2036 -11.7039 -12.2043
 -1.0000  -1.5050  -1.5050  -1.5050  -1.5050  -1.5050  -1.5052  -1.5054  -1.5061
 -1.5079  -1.5119  -1.5212  -1.5414  -1.5882  -1.6995  -1.9369  -2.3420  -2.8488
 -3.3708  -3.9113  -4.5847  -5.1526  -5.6595  -6.1696  -6.6793  -7.1871  -7.6927
 -8.1965  -8.6991  -9.2007  -9.7018 -10.2025 -10.7029 -11.2032 -11.7035 -12.2039
  0.0000  -1.5125  -1.5125  -1.5125  -1.5125  -1.5126  -1.5126  -1.5129  -1.5134
 -1.5147  -1.5181  -1.5262  -1.5457  -1.5915  -1.6994  -1.9320  -2.3357  -2.8456
 -3.3698  -3.9111  -4.5847  -5.1529  -5.6598  -6.1700  -6.6797  -7.1875  -7.6931
 -8.1969  -8.6995  -9.2011  -9.7022 -10.2029 -10.7033 -11.2036 -11.7039 -12.2043
  0.0000  -1.5128  -1.5128  -1.5128  -1.5129  -1.5129  -1.5130  -1.5132  -1.5136
 -1.5148  -1.5178  -1.5253  -1.5438  -1.5885  -1.6943  -1.9264  -2.3411  -2.8671
 -3.3960  -3.9341  -4.6031  -5.1595  -5.6566  -6.1622  -6.6717  -7.1810  -7.6884
 -8.1936  -8.6972  -9.1997  -9.7013 -10.2023 -10.7029 -11.2033 -11.7037 -12.2043
 -1.0000  -1.5503  -1.5503  -1.5503  -1.5503  -1.5504  -1.5504  -1.5506  -1.5510
 -1.5521  -1.5547  -1.5612  -1.5767  -1.6141  -1.7034  -1.9018  -2.2670  -2.7835
 -3.4051  -4.1355  -4.6644  -5.1807  -5.6901  -6.1955  -6.6990  -7.2010  -7.7022
 -8.2030  -8.7035  -9.2037  -9.7039 -10.2040 -10.7041 -11.2041 -11.7041 -12.2043
  0.0000  -1.5504  -1.5504  -1.5504  -1.5504  -1.5504  -1.5505  -1.5506  -1.5511
 -1.5521  -1.5547  -1.5613  -1.5768  -1.6142  -1.7034  -1.9017  -2.2670  -2.7835
 -3.4050  -4.1355  -4.6644  -5.1807  -5.6901  -6.1955  -6.6990  -7.2010  -7.7022
 -8.2030  -8.7035  -9.2037  -9.7039 -10.2040 -10.7041 -11.2041 -11.7041 -12.2043
  1.0000  -1.5505  -1.5505  -1.5505  -1.5505  -1.5506  -1.5506  -1.5508  -1.5512
 -1.5522  -1.5549  -1.5614  -1.5769  -1.6142  -1.7034  -1.9016  -2.2668  -2.7834
 -3.4050  -4.1354  -4.6644  -5.1807  -5.6901  -6.1955  -6.6990  -7.2010  -7.7022
 -8.2030  -8.7035  -9.2037  -9.7039 -10.2040 -10.7041 -11.2041 -11.7041 -12.2043
  2.0000  -1.5508  -1.5508  -1.5508  -1.5508  -1.5508  -1.5509  -1.5510  -1.5515
 -1.5525  -1.5551  -1.5616  -1.5771  -1.6144  -1.7034  -1.9014  -2.2665  -2.7832
 -3.4049  -4.1354  -4.6644  -5.1807  -5.6901  -6.1955  -6.6990  -7.2010  -7.7022
 -8.2030  -8.7035  -9.2037  -9.7039 -10.2040 -10.7041 -11.2041 -11.7041 -12.2043
  3.0000  -1.5513  -1.5513  -1.5513  -1.5513  -1.5513  -1.5514  -1.5516  -1.5520
 -1.5530  -1.5556  -1.5620  -1.5775  -1.6146  -1.7035  -1.9011  -2.2659  -2.7828
 -3.4046  -4.1353  -4.6644  -5.1807  -5.6901  -6.1955  -6.6990  -7.2010  -7.7022
 -8.2030  -8.7035  -9.2037  -9.7039 -10.2040 -10.7041 -11.2041 -11.7041 -12.2043
  4.0000  -1.5524  -1.5524  -1.5524  -1.5524  -1.5524  -1.5525  -1.5526  -1.5530
 -1.5541  -1.5566  -1.5629  -1.5782  -1.6152  -1.7036  -1.9004  -2.2648  -2.7819
 -3.4042  -4.1350  -4.6643  -5.1807  -5.6901  -6.1955  -6.6990  -7.2010  -7.7022
 -8.2030  -8.7035  -9.2037  -9.7039 -10.2040 -10.7041 -11.2041 -11.7041 -12.2043
  5.0000  -1.5552  -1.5552  -1.5552  -1.5552  -1.5552  -1.5553  -1.5555  -1.5559
 -1.5569  -1.5593  -1.5655  -1.5806  -1.6172  -1.7046  -1.8998  -2.2632  -2.7810
 -3.4041  -4.1354  -4.6650  -5.1814  -5.6909  -6.1963  -6.6998  -7.2018  -7.7030
 -8.2038  -8.7043  -9.2045  -9.7047 -10.2048 -10.7049 -11.2049 -11.7049 -12.2051
 -1.0000  -1.5350  -1.5350  -1.5350  -1.5350  -1.5351  -1.5351  -1.5352  -1.5356
 -1.5365  -1.5388  -1.5446  -1.5591  -1.5952  -1.6839  -1.8878  -2.2889  -2.9298
 -3.5842  -4.1461  -4.6706  -5.1843  -5.6920  -6.1967  -6.6995  -7.2011  -7.7021
 -8.2027  -8.7031  -9.2033  -9.7035 -10.2036 -10.7036 -11.2037 -11.7038 -12.2037
  0.0000  -1.5350  -1.5350  -1.5350  -1.5350  -1.5351  -1.5351  -1.5352  -1.5356
 -1.5365  -1.5388  -1.5446  -1.5591  -1.5952  -1.6839  -1.8878  -2.2889  -2.9298
 -3.5842  -4.1461  -4.6706  -5.1843  -5.6920  -6.1967  -6.6995  -7.2011  -7.7021
 -8.2027  -8.7031  -9.2033  -9.7035 -10.2036 -10.7036 -11.2037 -11.7038 -12.2037
  0.0000  -1.5400  -1.5400  -1.5400  -1.5400  -1.5400  -1.5400  -1.5402  -1.5405
 -1.5415  -1.5437  -1.5495  -1.5638  -1.5989  -1.6854  -1.8838  -2.2798  -2.9241
 -3.5810  -4.1440  -4.6691  -5.1833  -5.6914  -6.1963  -6.6992  -7.2010  -7.7020
 -8.2027  -8.7031  -9.2033  -9.7035 -10.2036 -10.7036 -11.2037 -11.7038 -12.2037
  0.0000  -1.5351  -1.5351  -1.5351  -1.5351  -1.5351  -1.5352  -1.5353  -1.5357
 -1.5368  -1.5394  -1.5457  -1.5605  -1.5970  -1.6861  -1.8870  -2.2837  -2.9304
 -3.5783  -4.1393  -4.6649  -5.1801  -5.6892  -6.1946  -6.6982  -7.2003  -7.7015
 -8.2023  -8.7028  -9.2031  -9.7033 -10.2034 -10.7035 -11.2035 -11.7035 -12.2037
  1.0000  -1.5352  -1.5352  -1.5352  -1.5352  -1.5352  -1.5353  -1.5355  -1.5359
 -1.5369  -1.5395  -1.5458  -1.5606  -1.5970  -1.6861  -1.8869  -2.2835  -2.9302
 -3.5782  -4.1393  -4.6649  -5.1801  -5.6892  -6.1946  -6.6982  -7.2003  -7.7015
 -8.2023  -8.7028  -9.2031  -9.7033 -10.2034 -10.7035 -11.2035 -11.7035 -12.2037
  2.0000  -1.5355  -1.5355  -1.5355  -1.5355  -1.5356  -1.5356  -1.5358  -1.5362
 -1.5372  -1.5398  -1.5460  -1.5608  -1.5972  -1.6863  -1.8869  -2.2833  -2.9300
 -3.5782  -4.1393  -4.6650  -5.1802  -5.6893  -6.1947  -6.6983  -7.2004  -7.7016
 -8.2024  -8.7029  -9.2032  -9.7034 -10.2035 -10.7036 -11.2036 -11.7036 -12.2038
  3.0000  -1.5359  -1.5359  -1.5359  -1.5359  -1.5359  -1.5360  -1.5361  -1.5365
 -1.5376  -1.5401  -1.5463  -1.5611  -1.5974  -1.6862  -1.8865  -2.2826  -2.9294
 -3.5779  -4.1392  -4.6649  -5.1801  -5.6892  -6.1946  -6.6982  -7.2003  -7.7015
 -8.2023  -8.7028  -9.2031  -9.7033 -10.2034 -10.7035 -11.2035 -11.7035 -12.2037
 -1.0000  -1.4750  -1.4750  -1.4750  -1.4750  -1.4750  -1.4749  -1.4753  -1.4757
 -1.4768  -1.4796  -1.4866  -1.5042  -1.5487  -1.6605  -1.9264  -2.4485  -3.0553
 -3.6199  -4.1529  -4.6727  -5.1846  -5.6916  -6.1960  -6.6986  -7.2002  -7.7012
 -8.2018  -8.7021  -9.2023  -9.7025 -10.2026 -10.7026 -11.2027 -11.7028 -12.2027
  0.0000  -1.4756  -1.4756  -1.4756  -1.4756  -1.4756  -1.4756  -1.4759  -1.4763
 -1.4774  -1.4802  -1.4872  -1.5048  -1.5493  -1.6611  -1.9270  -2.4491  -3.0559
 -3.6205  -4.1535  -4.6733  -5.1852  -5.6922  -6.1966  -6.6992  -7.2008  -7.7018
 -8.2024  -8.7027  -9.2029  -9.7031 -10.2032 -10.7032 -11.2033 -11.7034 -12.2033
  0.0000  -1.4917  -1.4917  -1.4917  -1.4917  -1.4917  -1.4918  -1.4920  -1.4926
 -1.4933  -1.4958  -1.5020  -1.5178  -1.5577  -1.6590  -1.9070  -2.4267  -3.0504
 -3.6215  -4.1560  -4.6757  -5.1869  -5.6933  -6.1974  -6.6997  -7.2011  -7.7019
 -8.2024  -8.7027  -9.2029  -9.7030 -10.2031 -10.7031 -11.2032 -11.7033 -12.2032
  0.0000  -1.4886  -1.4886  -1.4886  -1.4886  -1.4887  -1.4887  -1.4889  -1.4893
 -1.4903  -1.4928  -1.4993  -1.5156  -1.5567  -1.6599  -1.9100  -2.4299  -3.0495
 -3.6191  -4.1538  -4.6739  -5.1856  -5.6924  -6.1967  -6.6992  -7.2007  -7.7017
 -8.2022  -8.7026  -9.2028  -9.7029 -10.2030 -10.7030 -11.2031 -11.7032 -12.2031
  0.0000  -1.4761  -1.4761  -1.4761  -1.4761  -1.4761  -1.4761  -1.4763  -1.4767
 -1.4777  -1.4807  -1.4878  -1.5056  -1.5502  -1.6609  -1.9254  -2.4500  -3.0532
 -3.6158  -4.1491  -4.6698  -5.1826  -5.6904  -6.1953  -6.6983  -7.2002  -7.7013
 -8.2020  -8.7024  -9.2027  -9.7028 -10.2029 -10.7030 -11.2030 -11.7030 -12.2032
  0.0000  -1.4592  -1.4592  -1.4592  -1.4592  -1.4592  -1.4593  -1.4595  -1.4600
 -1.4612  -1.4644  -1.4722  -1.4918  -1.5406  -1.6610  -1.9480  -2.4832  -3.0642
 -3.6145  -4.1437  -4.6641  -5.1781  -5.6873  -6.1931  -6.6969  -7.1993  -7.7008
 -8.2017  -8.7023  -9.2026  -9.7028 -10.2030 -10.7031 -11.2031 -11.7031 -12.2032
  0.0000  -1.4423  -1.4423  -1.4423  -1.4423  -1.4424  -1.4424  -1.4427  -1.4432
 -1.4446  -1.4480  -1.4564  -1.4776  -1.5301  -1.6600  -1.9721  -2.5233  -3.0833
 -3.6181  -4.1400  -4.6583  -5.1728  -5.6833  -6.1904  -6.6950  -7.1982  -7.7001
 -8.2013  -8.7021  -9.2026  -9.7029 -10.2031 -10.7032 -11.2033 -11.7034 -12.2035
 -1.0000  -1.3593  -1.3593  -1.3593  -1.3593  -1.3593  -1.3595  -1.3598  -1.3607
 -1.3630  -1.3687  -1.3828  -1.4179  -1.5036  -1.7052  -2.0945  -2.5940  -3.1168
 -3.6358  -4.1536  -4.6689  -5.1809  -5.6894  -6.1952  -6.6990  -7.2015  -7.7030
 -8.2040  -8.7046  -9.2050  -9.7052 -10.2054 -10.7055 -11.2055 -11.7055 -12.2056
  0.0000  -1.3593  -1.3593  -1.3593  -1.3593  -1.3593  -1.3595  -1.3598  -1.3607
 -1.3630  -1.3687  -1.3828  -1.4179  -1.5036  -1.7052  -2.0945  -2.5940  -3.1168
 -3.6358  -4.1536  -4.6689  -5.1809  -5.6894  -6.1952  -6.6990  -7.2015  -7.7030
 -8.2040  -8.7046  -9.2050  -9.7052 -10.2054 -10.7055 -11.2055 -11.7055 -12.2056
  0.0000  -1.4476  -1.4476  -1.4476  -1.4476  -1.4476  -1.4477  -1.4479  -1.4482
 -1.4491  -1.4498  -1.4568  -1.4730  -1.5165  -1.6477  -1.9948  -2.5335  -3.0981
 -3.6395  -4.1660  -4.6822  -5.1919  -5.6977  -6.2013  -6.7034  -7.2047  -7.7055
 -8.2060  -8.7062  -9.2064  -9.7065 -10.2066 -10.7066 -11.2067 -11.7068 -12.2067
  0.0000  -1.4598  -1.4598  -1.4598  -1.4599  -1.4599  -1.4599  -1.4599  -1.4603
 -1.4610  -1.4629  -1.4676  -1.4805  -1.5183  -1.6400  -1.9821  -2.5283  -3.0980
 -3.6410  -4.1676  -4.6835  -5.1928  -5.6984  -6.2017  -6.7037  -7.2049  -7.7056
 -8.2060  -8.7063  -9.2065  -9.7066 -10.2066 -10.7067 -11.2067 -11.7067 -12.2069
  0.0000  -1.4424  -1.4424  -1.4424  -1.4424  -1.4425  -1.4425  -1.4426  -1.4431
 -1.4441  -1.4468  -1.4534  -1.4706  -1.5169  -1.6505  -1.9982  -2.5348  -3.0979
 -3.6388  -4.1652  -4.6816  -5.1916  -5.6975  -6.2012  -6.7034  -7.2047  -7.7055
 -8.2060  -8.7063  -9.2065  -9.7066 -10.2067 -10.7067 -11.2068 -11.7069 -12.2068
  0.0000  -1.4128  -1.4128  -1.4128  -1.4129  -1.4129  -1.4130  -1.4132  -1.4138
 -1.4154  -1.4192  -1.4289  -1.4530  -1.5134  -1.6696  -2.0288  -2.5492  -3.0994
 -3.6353  -4.1610  -4.6781  -5.1890  -5.6958  -6.2001  -6.7027  -7.2043  -7.7053
 -8.2059  -8.7063  -9.2065  -9.7067 -10.2068 -10.7068 -11.2069 -11.7070 -12.2069
  0.0000  -1.3820  -1.3820  -1.3820  -1.3820  -1.3821  -1.3822  -1.3825  -1.3833
 -1.3853  -1.3904  -1.4028  -1.4338  -1.5093  -1.6911  -2.0649  -2.5697  -3.1045
 -3.6329  -4.1562  -4.6736  -5.1856  -5.6934  -6.1983  -6.7017  -7.2036  -7.7049
 -8.2056  -8.7061  -9.2064  -9.7066 -10.2067 -10.7068 -11.2068 -11.7068 -12.2070
 -2.0000  -1.3983  -1.3983  -1.3983  -1.3983  -1.3983  -1.3983  -1.3983  -1.3985
 -1.3988  -1.3999  -1.4039  -1.4211  -1.4901  -1.6945  -2.0805  -2.5794  -3.1053
 -3.6323  -4.1540  -4.6697  -5.1803  -5.6872  -6.1915  -6.6943  -7.1960  -7.6970
 -8.1977  -8.6981  -9.1983  -9.6985 -10.1986 -10.6986 -11.1987 -11.6988 -12.1987
 -1.0000  -1.3983  -1.3983  -1.3983  -1.3983  -1.3983  -1.3983  -1.3983  -1.3985
 -1.3988  -1.3999  -1.4039  -1.4211  -1.4901  -1.6945  -2.0805  -2.5794  -3.1053
 -3.6323  -4.1540  -4.6697  -5.1803  -5.6872  -6.1915  -6.6943  -7.1960  -7.6970
 -8.1977  -8.6981  -9.1983  -9.6985 -10.1986 -10.6986 -11.1987 -11.6988 -12.1987
  0.0000  -1.3983  -1.3983  -1.3983  -1.3983  -1.3983  -1.3983  -1.3983  -1.3985
 -1.3988  -1.3999  -1.4039  -1.4211  -1.4901  -1.6945  -2.0805  -2.5794  -3.1053
 -3.6323  -4.1540  -4.6697  -5.1803  -5.6872  -6.1915  -6.6943  -7.1960  -7.6970
 -8.1977  -8.6981  -9.1983  -9.6985 -10.1986 -10.6986 -11.1987 -11.6988 -12.1987
  0.0000  -1.4941  -1.4941  -1.4941  -1.4941  -1.4941  -1.4939  -1.4936  -1.4927
 -1.4906  -1.4857  -1.4758  -1.4638  -1.4815  -1.6302  -2.0167  -2.5519  -3.1025
 -3.6396  -4.1634  -4.6778  -5.1862  -5.6914  -6.1944  -6.6962  -7.1973  -7.6979
 -8.1983  -8.6985  -9.1987  -9.6988 -10.1988 -10.6989 -11.1989 -11.6989 -12.1991
  0.0000  -1.4998  -1.4998  -1.4998  -1.4998  -1.4997  -1.4996  -1.4992  -1.4983
 -1.4960  -1.4907  -1.4799  -1.4660  -1.4809  -1.6269  -2.0141  -2.5513  -3.1028
 -3.6401  -4.1638  -4.6781  -5.1864  -5.6916  -6.1945  -6.6963  -7.1973  -7.6979
 -8.1983  -8.6985  -9.1987  -9.6988 -10.1988 -10.6989 -11.1989 -11.6989 -12.1991
  0.0000  -1.4734  -1.4733  -1.4733  -1.4733  -1.4733  -1.4732  -1.4729  -1.4723
 -1.4707  -1.4671  -1.4602  -1.4544  -1.4832  -1.6435  -2.0284  -2.5554  -3.1016
 -3.6375  -4.1613  -4.6762  -5.1851  -5.6905  -6.1938  -6.6957  -7.1969  -7.6976
 -8.1980  -8.6983  -9.1985  -9.6986 -10.1986 -10.6987 -11.1987 -11.6987 -12.1989
  0.0000  -1.4398  -1.4398  -1.4398  -1.4398  -1.4397  -1.4397  -1.4396  -1.4392
 -1.4385  -1.4370  -1.4350  -1.4394  -1.4862  -1.6659  -2.0494  -2.5631  -3.1012
 -3.6343  -4.1579  -4.6734  -5.1831  -5.6889  -6.1928  -6.6950  -7.1964  -7.6972
 -8.1977  -8.6980  -9.1982  -9.6983 -10.1984 -10.6984 -11.1985 -11.6986 -12.1985
-12.0000  -1.4399  -1.4399  -1.4399  -1.4399  -1.4398  -1.4398  -1.4397  -1.4393
 -1.4386  -1.4371  -1.4351  -1.4395  -1.4863  -1.6660  -2.0495  -2.5632  -3.1013
 -3.6344  -4.1580  -4.6735  -5.1832  -5.6890  -6.1929  -6.6951  -7.1965  -7.6973
 -8.1978  -8.6981  -9.1983  -9.6984 -10.1985 -10.6985 -11.1986 -11.6987 -12.1986
-11.0000  -1.4399  -1.4399  -1.4399  -1.4399  -1.4398  -1.4398  -1.4397  -1.4393
 -1.4386  -1.4371  -1.4351  -1.4395  -1.4863  -1.6660  -2.0495  -2.5632  -3.1013
 -3.6344  -4.1580  -4.6735  -5.1832  -5.6890  -6.1929  -6.6951  -7.1965  -7.6973
 -8.1978  -8.6981  -9.1983  -9.6984 -10.1985 -10.6985 -11.1986 -11.6987 -12.1986
-10.0000  -1.4399  -1.4399  -1.4399  -1.4399  -1.4398  -1.4398  -1.4397  -1.4393
 -1.4386  -1.4371  -1.4351  -1.4395  -1.4863  -1.6660  -2.0495  -2.5632  -3.1013
 -3.6344  -4.1580  -4.6735  -5.1832  -5.6890  -6.1929  -6.6951  -7.1965  -7.6973
 -8.1978  -8.6981  -9.1983  -9.6984 -10.1985 -10.6985 -11.1986 -11.6987 -12.1986
-10.0000  -1.4399  -1.4399  -1.4399  -1.4399  -1.4398  -1.4398  -1.4397  -1.4393
 -1.4386  -1.4371  -1.4351  -1.4395  -1.4863  -1.6660  -2.0495  -2.5632  -3.1013
 -3.6344  -4.1580  -4.6735  -5.1832  -5.6890  -6.1929  -6.6951  -7.1965  -7.6973
 -8.1978  -8.6981  -9.1983  -9.6984 -10.1985 -10.6985 -11.1986 -11.6987 -12.1986
-10.0000  -1.4399  -1.4399  -1.4399  -1.4399  -1.4398  -1.4398  -1.4397  -1.4393
 -1.4386  -1.4371  -1.4351  -1.4395  -1.4863  -1.6660  -2.0495  -2.5632  -3.1013
 -3.6344  -4.1580  -4.6735  -5.1832  -5.6890  -6.1929  -6.6951  -7.1965  -7.6973
 -8.1978  -8.6981  -9.1983  -9.6984 -10.1985 -10.6985 -11.1986 -11.6987 -12.1986
-10.0000  -1.4400  -1.4400  -1.4400  -1.4400  -1.4399  -1.4399  -1.4398  -1.4394
 -1.4387  -1.4372  -1.4352  -1.4396  -1.4864  -1.6661  -2.0496  -2.5633  -3.1014
 -3.6345  -4.1581  -4.6736  -5.1833  -5.6891  -6.1930  -6.6952  -7.1966  -7.6974
 -8.1979  -8.6982  -9.1984  -9.6985 -10.1986 -10.6986 -11.1987 -11.6988 -12.1987
-10.0000  -1.4397  -1.4397  -1.4397  -1.4397  -1.4396  -1.4396  -1.4395  -1.4391
 -1.4384  -1.4369  -1.4349  -1.4393  -1.4861  -1.6658  -2.0493  -2.5630  -3.1011
 -3.6342  -4.1578  -4.6733  -5.1830  -5.6888  -6.1927  -6.6949  -7.1963  -7.6971
 -8.1976  -8.6979  -9.1981  -9.6982 -10.1983 -10.6983 -11.1984 -11.6985 -12.1984
-22.0000  -1.4397  -1.4397  -1.4397  -1.4397  -1.4396  -1.4396  -1.4395  -1.4391
 -1.4384  -1.4369  -1.4349  -1.4393  -1.4861  -1.6658  -2.0493  -2.5630  -3.1011
 -3.6342  -4.1578  -4.6733  -5.1830  -5.6888  -6.1927  -6.6949  -7.1963  -7.6971
 -8.1976  -8.6979  -9.1981  -9.6982 -10.1983 -10.6983 -11.1984 -11.6985 -12.1984
-21.0000  -1.4397  -1.4397  -1.4397  -1.4397  -1.4396  -1.4396  -1.4395  -1.4391
 -1.4384  -1.4369  -1.4349  -1.4393  -1.4861  -1.6658  -2.0493  -2.5630  -3.1011
 -3.6342  -4.1578  -4.6733  -5.1830  -5.6888  -6.1927  -6.6949  -7.1963  -7.6971
 -8.1976  -8.6979  -9.1981  -9.6982 -10.1983 -10.6983 -11.1984 -11.6985 -12.1984
-20.0000  -1.4397  -1.4397  -1.4397  -1.4397  -1.4396  -1.4396  -1.4395  -1.4391
 -1.4384  -1.4369  -1.4349  -1.4393  -1.4861  -1.6658  -2.0493  -2.5630  -3.1011
 -3.6342  -4.1578  -4.6733  -5.1830  -5.6888  -6.1927  -6.6949  -7.1963  -7.6971
 -8.1976  -8.6979  -9.1981  -9.6982 -10.1983 -10.6983 -11.1984 -11.6985 -12.1984
-20.0000  -1.4397  -1.4397  -1.4397  -1.4397  -1.4396  -1.4396  -1.4395  -1.4391
 -1.4384  -1.4369  -1.4349  -1.4393  -1.4861  -1.6658  -2.0493  -2.5630  -3.1011
 -3.6342  -4.1578  -4.6733  -5.1830  -5.6888  -6.1927  -6.6949  -7.1963  -7.6971
 -8.1976  -8.6979  -9.1981  -9.6982 -10.1983 -10.6983 -11.1984 -11.6985 -12.1984
-20.0000  -1.4399  -1.4399  -1.4399  -1.4399  -1.4398  -1.4398  -1.4397  -1.4393
 -1.4386  -1.4371  -1.4351  -1.4395  -1.4863  -1.6660  -2.0495  -2.5632  -3.1013
 -3.6344  -4.1580  -4.6735  -5.1832  -5.6890  -6.1929  -6.6951  -7.1965  -7.6973
 -8.1978  -8.6981  -9.1983  -9.6984 -10.1985 -10.6985 -11.1986 -11.6987 -12.1986
-20.0000  -1.4400  -1.4400  -1.4400  -1.4400  -1.4399  -1.4399  -1.4398  -1.4394
 -1.4387  -1.4372  -1.4352  -1.4396  -1.4864  -1.6661  -2.0496  -2.5633  -3.1014
 -3.6345  -4.1581  -4.6736  -5.1833  -5.6891  -6.1930  -6.6952  -7.1966  -7.6974
 -8.1979  -8.6982  -9.1984  -9.6985 -10.1986 -10.6986 -11.1987 -11.6988 -12.1987
-20.0000  -1.4399  -1.4399  -1.4399  -1.4399  -1.4398  -1.4398  -1.4397  -1.4393
 -1.4386  -1.4371  -1.4351  -1.4395  -1.4863  -1.6660  -2.0495  -2.5632  -3.1013
 -3.6344  -4.1580  -4.6735  -5.1832  -5.6890  -6.1929  -6.6951  -7.1965  -7.6973
 -8.1978  -8.6981  -9.1983  -9.6984 -10.1985 -10.6985 -11.1986 -11.6987 -12.1986
-32.0000  -1.4400  -1.4400  -1.4400  -1.4400  -1.4399  -1.4399  -1.4398  -1.4394
 -1.4387  -1.4372  -1.4352  -1.4396  -1.4864  -1.6661  -2.0496  -2.5633  -3.1014
 -3.6345  -4.1581  -4.6736  -5.1833  -5.6891  -6.1930  -6.6952  -7.1966  -7.6974
 -8.1979  -8.6982  -9.1984  -9.6985 -10.1986 -10.6986 -11.1987 -11.6988 -12.1987
-31.0000  -1.4400  -1.4400  -1.4400  -1.4400  -1.4399  -1.4399  -1.4398  -1.4394
 -1.4387  -1.4372  -1.4352  -1.4396  -1.4864  -1.6661  -2.0496  -2.5633  -3.1014
 -3.6345  -4.1581  -4.6736  -5.1833  -5.6891  -6.1930  -6.6952  -7.1966  -7.6974
 -8.1979  -8.6982  -9.1984  -9.6985 -10.1986 -10.6986 -11.1987 -11.6988 -12.1987
-30.0000  -1.4400  -1.4400  -1.4400  -1.4400  -1.4399  -1.4399  -1.4398  -1.4394
 -1.4387  -1.4372  -1.4352  -1.4396  -1.4864  -1.6661  -2.0496  -2.5633  -3.1014
 -3.6345  -4.1581  -4.6736  -5.1833  -5.6891  -6.1930  -6.6952  -7.1966  -7.6974
 -8.1979  -8.6982  -9.1984  -9.6985 -10.1986 -10.6986 -11.1987 -11.6988 -12.1987
-30.0000  -1.4400  -1.4400  -1.4400  -1.4400  -1.4399  -1.4399  -1.4398  -1.4394
 -1.4387  -1.4372  -1.4352  -1.4396  -1.4864  -1.6661  -2.0496  -2.5633  -3.1014
 -3.6345  -4.1581  -4.6736  -5.1833  -5.6891  -6.1930  -6.6952  -7.1966  -7.6974
 -8.1979  -8.6982  -9.1984  -9.6985 -10.1986 -10.6986 -11.1987 -11.6988 -12.1987
-30.0000  -1.4400  -1.4400  -1.4400  -1.4400  -1.4399  -1.4399  -1.4398  -1.4394
 -1.4387  -1.4372  -1.4352  -1.4396  -1.4864  -1.6661  -2.0496  -2.5633  -3.1014
 -3.6345  -4.1581  -4.6736  -5.1833  -5.6891  -6.1930  -6.6952  -7.1966  -7.6974
 -8.1979  -8.6982  -9.1984  -9.6985 -10.1986 -10.6986 -11.1987 -11.6988 -12.1987
-30.0000  -1.4399  -1.4399  -1.4399  -1.4399  -1.4398  -1.4398  -1.4397  -1.4393
 -1.4386  -1.4371  -1.4351  -1.4395  -1.4863  -1.6660  -2.0495  -2.5632  -3.1013
 -3.6344  -4.1580  -4.6735  -5.1832  -5.6890  -6.1929  -6.6951  -7.1965  -7.6973
 -8.1978  -8.6981  -9.1983  -9.6984 -10.1985 -10.6985 -11.1986 -11.6987 -12.1986
-30.0000  -1.4401  -1.4401  -1.4401  -1.4401  -1.4400  -1.4400  -1.4399  -1.4395
 -1.4388  -1.4373  -1.4353  -1.4397  -1.4865  -1.6662  -2.0497  -2.5634  -3.1015
 -3.6346  -4.1582  -4.6737  -5.1834  -5.6892  -6.1931  -6.6953  -7.1967  -7.6975
 -8.1980  -8.6983  -9.1985  -9.6986 -10.1987 -10.6987 -11.1988 -11.6989 -12.1988
-42.0000  -1.4401  -1.4401  -1.4401  -1.4401  -1.4400  -1.4400  -1.4399  -1.4395
 -1.4388  -1.4373  -1.4353  -1.4397  -1.4865  -1.6662  -2.0497  -2.5634  -3.1015
 -3.6346  -4.1582  -4.6737  -5.1834  -5.6892  -6.1931  -6.6953  -7.1967  -7.6975
 -8.1980  -8.6983  -9.1985  -9.6986 -10.1987 -10.6987 -11.1988 -11.6989 -12.1988
-41.0000  -1.4401  -1.4401  -1.4401  -1.4401  -1.4400  -1.4400  -1.4399  -1.4395
 -1.4388  -1.4373  -1.4353  -1.4397  -1.4865  -1.6662  -2.0497  -2.5634  -3.1015
 -3.6346  -4.1582  -4.6737  -5.1834  -5.6892  -6.1931  -6.6953  -7.1967  -7.6975
 -8.1980  -8.6983  -9.1985  -9.6986 -10.1987 -10.6987 -11.1988 -11.6989 -12.1988
-40.0000  -1.4401  -1.4401  -1.4401  -1.4401  -1.4400  -1.4400  -1.4399  -1.4395
 -1.4388  -1.4373  -1.4353  -1.4397  -1.4865  -1.6662  -2.0497  -2.5634  -3.1015
 -3.6346  -4.1582  -4.6737  -5.1834  -5.6892  -6.1931  -6.6953  -7.1967  -7.6975
 -8.1980  -8.6983  -9.1985  -9.6986 -10.1987 -10.6987 -11.1988 -11.6989 -12.1988
-40.0000  -1.4401  -1.4401  -1.4401  -1.4401  -1.4400  -1.4400  -1.4399  -1.4395
 -1.4388  -1.4373  -1.4353  -1.4397  -1.4865  -1.6662  -2.0497  -2.5634  -3.1015
 -3.6346  -4.1582  -4.6737  -5.1834  -5.6892  -6.1931  -6.6953  -7.1967  -7.6975
 -8.1980  -8.6983  -9.1985  -9.6986 -10.1987 -10.6987 -11.1988 -11.6989 -12.1988
-40.0000  -1.4401  -1.4401  -1.4401  -1.4401  -1.4400  -1.4400  -1.4399  -1.4395
 -1.4388  -1.4373  -1.4353  -1.4397  -1.4865  -1.6662  -2.0497  -2.5634  -3.1015
 -3.6346  -4.1582  -4.6737  -5.1834  -5.6892  -6.1931  -6.6953  -7.1967  -7.6975
 -8.1980  -8.6983  -9.1985  -9.6986 -10.1987 -10.6987 -11.1988 -11.6989 -12.1988
-40.0000  -1.4401  -1.4401  -1.4401  -1.4401  -1.4400  -1.4400  -1.4399  -1.4395
 -1.4388  -1.4373  -1.4353  -1.4397  -1.4865  -1.6662  -2.0497  -2.5634  -3.1015
 -3.6346  -4.1582  -4.6737  -5.1834  -5.6892  -6.1931  -6.6953  -7.1967  -7.6975
 -8.1980  -8.6983  -9.1985  -9.6986 -10.1987 -10.6987 -11.1988 -11.6989 -12.1988
-40.0000  -1.4399  -1.4399  -1.4399  -1.4399  -1.4398  -1.4398  -1.4397  -1.4393
 -1.4386  -1.4371  -1.4351  -1.4395  -1.4863  -1.6660  -2.0495  -2.5632  -3.1013
 -3.6344  -4.1580  -4.6735  -5.1832  -5.6890  -6.1929  -6.6951  -7.1965  -7.6973
 -8.1978  -8.6981  -9.1983  -9.6984 -10.1985 -10.6985 -11.1986 -11.6987 -12.1986
-52.0000  -1.4401  -1.4401  -1.4401  -1.4401  -1.4400  -1.4400  -1.4399  -1.4395
 -1.4388  -1.4373  -1.4353  -1.4397  -1.4865  -1.6662  -2.0497  -2.5634  -3.1015
 -3.6346  -4.1582  -4.6737  -5.1834  -5.6892  -6.1931  -6.6953  -7.1967  -7.6975
 -8.1980  -8.6983  -9.1985  -9.6986 -10.1987 -10.6987 -11.1988 -11.6989 -12.1988
-51.0000  -1.4401  -1.4401  -1.4401  -1.4401  -1.4400  -1.4400  -1.4399  -1.4395
 -1.4388  -1.4373  -1.4353  -1.4397  -1.4865  -1.6662  -2.0497  -2.5634  -3.1015
 -3.6346  -4.1582  -4.6737  -5.1834  -5.6892  -6.1931  -6.6953  -7.1967  -7.6975
 -8.1980  -8.6983  -9.1985  -9.6986 -10.1987 -10.6987 -11.1988 -11.6989 -12.1988
-50.0000  -1.4401  -1.4401  -1.4401  -1.4401  -1.4400  -1.4400  -1.4399  -1.4395
 -1.4388  -1.4373  -1.4353  -1.4397  -1.4865  -1.6662  -2.0497  -2.5634  -3.1015
 -3.6346  -4.1582  -4.6737  -5.1834  -5.6892  -6.1931  -6.6953  -7.1967  -7.6975
 -8.1980  -8.6983  -9.1985  -9.6986 -10.1987 -10.6987 -11.1988 -11.6989 -12.1988
-50.0000  -1.4401  -1.4401  -1.4401  -1.4401  -1.4400  -1.4400  -1.4399  -1.4395
 -1.4388  -1.4373  -1.4353  -1.4397  -1.4865  -1.6662  -2.0497  -2.5634  -3.1015
 -3.6346  -4.1582  -4.6737  -5.1834  -5.6892  -6.1931  -6.6953  -7.1967  -7.6975
 -8.1980  -8.6983  -9.1985  -9.6986 -10.1987 -10.6987 -11.1988 -11.6989 -12.1988
-50.0000  -1.4401  -1.4401  -1.4401  -1.4401  -1.4400  -1.4400  -1.4399  -1.4395
 -1.4388  -1.4373  -1.4353  -1.4397  -1.4865  -1.6662  -2.0497  -2.5634  -3.1015
 -3.6346  -4.1582  -4.6737  -5.1834  -5.6892  -6.1931  -6.6953  -7.1967  -7.6975
 -8.1980  -8.6983  -9.1985  -9.6986 -10.1987 -10.6987 -11.1988 -11.6989 -12.1988
-50.0000  -1.4401  -1.4401  -1.4401  -1.4401  -1.4400  -1.4400  -1.4399  -1.4395
 -1.4388  -1.4373  -1.4353  -1.4397  -1.4865  -1.6662  -2.0497  -2.5634  -3.1015
 -3.6346  -4.1582  -4.6737  -5.1834  -5.6892  -6.1931  -6.6953  -7.1967  -7.6975
 -8.1980  -8.6983  -9.1985  -9.6986 -10.1987 -10.6987 -11.1988 -11.6989 -12.1988
-50.0000  -1.4398  -1.4398  -1.4398  -1.4398  -1.4397  -1.4397  -1.4396  -1.4392
 -1.4385  -1.4370  -1.4350  -1.4394  -1.4862  -1.6659  -2.0494  -2.5631  -3.1012
 -3.6343  -4.1579  -4.6734  -5.1831  -5.6889  -6.1928  -6.6950  -7.1964  -7.6972
 -8.1977  -8.6980  -9.1982  -9.6983 -10.1984 -10.6984 -11.1985 -11.6986 -12.1985
nl= 4 nu=14
  0.0000  -2.0642  -2.0642  -2.0642  -2.0642  -2.0642  -2.0642  -2.0642  -2.0642
 -2.0643  -2.0645  -2.0649  -2.0659  -2.0685  -2.0750  -2.0914  -2.1324  -2.2348
 -2.4877  -3.0822  -4.0830  -4.7478  -5.2740  -5.7833  -6.2900  -6.7972  -7.3047
 -7.8135  -8.3416  -8.9227  -9.6111 -10.1129 -10.6140 -11.1148 -11.6156 -12.1410
  0.0000  -2.1957  -2.1957  -2.1957  -2.1957  -2.1957  -2.1957  -2.1957  -2.1957
 -2.1957  -2.1958  -2.1960  -2.1966  -2.1979  -2.2014  -2.2101  -2.2320  -2.2867
 -2.4236  -2.7623  -3.5543  -4.6710  -5.2652  -5.7798  -6.2851  -6.7909  -7.2983
 -7.8080  -8.3370  -8.9186  -9.6069 -10.1097 -10.6116 -11.1127 -11.6138 -12.1401
  0.0000  -2.3349  -2.3349  -2.3349  -2.3349  -2.3349  -2.3349  -2.3349  -2.3349
 -2.3349  -2.3349  -2.3351  -2.3353  -2.3361  -2.3379  -2.3424  -2.3537  -2.3822
 -2.4536  -2.6323  -3.0752  -4.1007  -5.2320  -5.7795  -6.2863  -6.7893  -7.2948
 -7.8042  -8.3337  -8.9158  -9.6038 -10.1080 -10.6109 -11.1128 -11.6147 -12.1418
  0.0000  -2.4776  -2.4776  -2.4776  -2.4776  -2.4776  -2.4776  -2.4776  -2.4776
 -2.4776  -2.4776  -2.4777  -2.4778  -2.4782  -2.4791  -2.4814  -2.4872  -2.5018
 -2.5384  -2.6301  -2.8600  -3.4305  -4.7229  -5.7655  -6.2891  -6.7907  -7.2921
 -7.7986  -8.3274  -8.9092  -9.5964 -10.1026 -10.6069 -11.1099 -11.6129 -12.1410
  0.0000  -2.6249  -2.6249  -2.6249  -2.6249  -2.6249  -2.6249  -2.6249  -2.6249
 -2.6249  -2.6249  -2.6250  -2.6250  -2.6252  -2.6257  -2.6269  -2.6298  -2.6372
 -2.6557  -2.7023  -2.8192  -3.1120  -3.8396  -5.4118  -6.2891  -6.7997  -7.2974
 -7.7987  -8.3237  -8.9034  -9.5882 -10.0965 -10.6030 -11.1073 -11.6116 -12.1417
  0.0000  -2.7749  -2.7749  -2.7749  -2.7749  -2.7749  -2.7749  -2.7749  -2.7749
 -2.7749  -2.7749  -2.7749  -2.7749  -2.7750  -2.7753  -2.7759  -2.7773  -2.7811
 -2.7904  -2.8139  -2.8728  -3.0208  -3.3918  -4.3137  -6.1158  -6.8089  -7.3111
 -7.8072  -8.3257  -8.9001  -9.5797 -10.0890 -10.5974 -11.1041 -11.6107 -12.1425
  0.0000  -2.9218  -2.9218  -2.9218  -2.9218  -2.9218  -2.9218  -2.9218  -2.9218
 -2.9218  -2.9218  -2.9218  -2.9218  -2.9218  -2.9220  -2.9223  -2.9230  -2.9249
 -2.9296  -2.9413  -2.9710  -3.0453  -3.2321  -3.7005  -4.8632  -6.7514  -7.3212
 -7.8192  -8.3319  -8.8992  -9.5709 -10.0770 -10.5859 -11.0945 -11.6032 -12.1351
  0.0000  -1.8132  -1.8132  -1.8132  -1.8132  -1.8132  -1.8132  -1.8133  -1.8133
 -1.8136  -1.8142  -1.8156  -1.8192  -1.8283  -1.8512  -1.9080  -2.0474  -2.3743
 -3.0112  -3.7094  -4.2603  -4.7763  -5.2840  -5.7914  -6.2992  -6.8091  -7.3283
 -7.8766  -8.6060  -9.1113  -9.6129 -10.1140 -10.6147 -11.1151 -11.6155 -12.1184
  0.0000  -1.9166  -1.9166  -1.9166  -1.9166  -1.9166  -1.9166  -1.9166  -1.9167
 -1.9168  -1.9172  -1.9180  -1.9201  -1.9255  -1.9389  -1.9726  -2.0565  -2.2625
 -2.7409  -3.5765  -4.2487  -4.7775  -5.2843  -5.7887  -6.2951  -6.8050  -7.3250
 -7.8742  -8.6029  -9.1093  -9.6119 -10.1135 -10.6145 -11.1152 -11.6159 -12.1190
  0.0000  -2.0352  -2.0352  -2.0352  -2.0352  -2.0352  -2.0352  -2.0352  -2.0353
 -2.0353  -2.0355  -2.0360  -2.0372  -2.0402  -2.0476  -2.0664  -2.1134  -2.2306
 -2.5188  -3.1824  -4.1653  -4.7743  -5.2876  -5.7892  -6.2920  -6.8001  -7.3199
 -7.8695  -8.5974  -9.1054  -9.6091 -10.1117 -10.6133 -11.1143 -11.6153 -12.1190
  0.0000  -2.1655  -2.1655  -2.1655  -2.1655  -2.1655  -2.1655  -2.1655  -2.1655
 -2.1656  -2.1657  -2.1659  -2.1666  -2.1682  -2.1721  -2.1822  -2.2073  -2.2704
 -2.4279  -2.8159  -3.6984  -4.7356  -5.2917  -5.7955  -6.2937  -6.7974  -7.3148
 -7.8638  -8.5894  -9.0996  -9.6050 -10.1088 -10.6114 -11.1131 -11.6148 -12.1196
  0.0000  -2.3035  -2.3035  -2.3035  -2.3035  -2.3035  -2.3035  -2.3035  -2.3035
 -2.3036  -2.3036  -2.3037  -2.3041  -2.3049  -2.3070  -2.3122  -2.3253  -2.3582
 -2.4407  -2.6470  -3.1562  -4.2882  -5.2789  -5.8052  -6.3026  -6.8005  -7.3125
 -7.8582  -8.5795  -9.0912  -9.5988 -10.1045 -10.6084 -11.1111 -11.6138 -12.1199
  0.0000  -2.4464  -2.4464  -2.4464  -2.4464  -2.4464  -2.4464  -2.4464  -2.4464
 -2.4464  -2.4465  -2.4465  -2.4467  -2.4471  -2.4482  -2.4509  -2.4576  -2.4744
 -2.5168  -2.6230  -2.8888  -3.5457  -4.9412  -5.8058  -6.3167  -6.8117  -7.3169
 -7.8562  -8.5704  -9.0810  -9.5900 -10.0979 -10.6038 -11.1078 -11.6118 -12.1202
  0.0000  -2.5928  -2.5928  -2.5928  -2.5928  -2.5928  -2.5928  -2.5928  -2.5928
 -2.5928  -2.5928  -2.5929  -2.5930  -2.5932  -2.5937  -2.5951  -2.5985  -2.6070
 -2.6285  -2.6824  -2.8178  -3.1568  -3.9951  -5.6188  -6.3251  -6.8289  -7.3304
 -7.8626  -8.5688  -9.0733  -9.5805 -10.0896 -10.5977 -11.1037 -11.6097 -12.1204
  0.0000  -1.6571  -1.6571  -1.6571  -1.6571  -1.6571  -1.6572  -1.6573  -1.6575
 -1.6580  -1.6594  -1.6629  -1.6717  -1.6936  -1.7475  -1.8766  -2.1603  -2.6530
 -3.2196  -3.7523  -4.2689  -4.7814  -5.2906  -5.8007  -6.3167  -6.8568  -7.4745
 -8.1095  -8.6120  -9.1135  -9.6145 -10.1152 -10.6156 -11.1158 -11.6160 -12.1161
  0.0000  -1.7119  -1.7119  -1.7119  -1.7119  -1.7120  -1.7120  -1.7120  -1.7122
 -1.7126  -1.7136  -1.7161  -1.7224  -1.7381  -1.7771  -1.8729  -2.0981  -2.5593
 -3.1914  -3.7549  -4.2728  -4.7815  -5.2873  -5.7960  -6.3121  -6.8527  -7.4707
 -8.1059  -8.6094  -9.1117  -9.6132 -10.1141 -10.6147 -11.1151 -11.6155 -12.1159
  0.0000  -1.7904  -1.7904  -1.7904  -1.7904  -1.7904  -1.7904  -1.7905  -1.7906
 -1.7908  -1.7915  -1.7931  -1.7972  -1.8074  -1.8329  -1.8963  -2.0514  -2.4102
 -3.0745  -3.7443  -4.2800  -4.7873  -5.2884  -5.7935  -6.3081  -6.8484  -7.4663
 -8.1016  -8.6066  -9.1100  -9.6123 -10.1137 -10.6146 -11.1152 -11.6158 -12.1165
  0.0000  -1.8924  -1.8924  -1.8924  -1.8924  -1.8924  -1.8924  -1.8925  -1.8925
 -1.8927  -1.8931  -1.8940  -1.8965  -1.9025  -1.9178  -1.9560  -2.0511  -2.2834
 -2.8125  -3.6553  -4.2832  -4.8000  -5.2978  -5.7972  -6.3075  -6.8459  -7.4625
 -8.0974  -8.6044  -9.1092  -9.6127 -10.1149 -10.6164 -11.1173 -11.6182 -12.1196
  0.0000  -2.0064  -2.0064  -2.0064  -2.0064  -2.0064  -2.0064  -2.0064  -2.0064
 -2.0065  -2.0067  -2.0073  -2.0086  -2.0120  -2.0206  -2.0421  -2.0959  -2.2299
 -2.5577  -3.2919  -4.2337  -4.8059  -5.3084  -5.8028  -6.3066  -6.8400  -7.4528
 -8.0857  -8.5943  -9.1013  -9.6063 -10.1099 -10.6122 -11.1137 -11.6152 -12.1173
  0.0000  -2.1351  -2.1351  -2.1351  -2.1351  -2.1351  -2.1351  -2.1351  -2.1351
 -2.1351  -2.1353  -2.1355  -2.1363  -2.1381  -2.1427  -2.1542  -2.1832  -2.2558
 -2.4369  -2.8805  -3.8491  -4.7884  -5.3223  -5.8182  -6.3160  -6.8421  -7.4485
 -8.0758  -8.5845  -9.0932  -9.6005 -10.1056 -10.6092 -11.1116 -11.6140 -12.1176
  0.0000  -2.2721  -2.2721  -2.2721  -2.2721  -2.2721  -2.2721  -2.2721  -2.2721
 -2.2721  -2.2722  -2.2723  -2.2727  -2.2737  -2.2761  -2.2821  -2.2972  -2.3352
 -2.4305  -2.6683  -3.2520  -4.4696  -5.3198  -5.8351  -6.3330  -6.8532  -7.4520
 -8.0708  -8.5751  -9.0836  -9.5925 -10.0998 -10.6051 -11.1087 -11.6123 -12.1177
  0.0000  -1.6008  -1.6008  -1.6008  -1.6008  -1.6009  -1.6009  -1.6010  -1.6014
 -1.6022  -1.6042  -1.6093  -1.6221  -1.6538  -1.7303  -1.9023  -2.2310  -2.7045
 -3.2264  -3.7486  -4.2708  -4.7873  -5.3019  -5.8337  -6.4168  -7.1056  -7.6093
 -8.1118  -8.6133  -9.1143  -9.6149 -10.1153 -10.6155 -11.1157 -11.6159 -12.1160
  0.0000  -1.6153  -1.6153  -1.6153  -1.6153  -1.6153  -1.6154  -1.6155  -1.6158
 -1.6165  -1.6183  -1.6229  -1.6343  -1.6626  -1.7315  -1.8910  -2.2138  -2.7025
 -3.2355  -3.7558  -4.2720  -4.7851  -5.2984  -5.8301  -6.4134  -7.1021  -7.6069
 -8.1103  -8.6125  -9.1138  -9.6147 -10.1153 -10.6156 -11.1159 -11.6162 -12.1164
  0.0000  -1.6441  -1.6441  -1.6441  -1.6441  -1.6441  -1.6441  -1.6442  -1.6445
 -1.6451  -1.6465  -1.6503  -1.6596  -1.6828  -1.7401  -1.8767  -2.1743  -2.6785
 -3.2421  -3.7675  -4.2781  -4.7858  -5.2956  -5.8259  -6.4087  -7.0964  -7.6031
 -8.1075  -8.6108  -9.1128  -9.6142 -10.1150 -10.6155 -11.1159 -11.6163 -12.1168
  0.0000  -1.6934  -1.6934  -1.6934  -1.6934  -1.6934  -1.6934  -1.6935  -1.6936
 -1.6941  -1.6952  -1.6979  -1.7048  -1.7220  -1.7647  -1.8692  -2.1128  -2.5986
 -3.2282  -3.7798  -4.2901  -4.7918  -5.2956  -5.8222  -6.4028  -7.0884  -7.5968
 -8.1032  -8.6076  -9.1108  -9.6128 -10.1141 -10.6149 -11.1154 -11.6159 -12.1167
  0.0000  -1.7664  -1.7664  -1.7664  -1.7664  -1.7664  -1.7664  -1.7664  -1.7665
 -1.7668  -1.7676  -1.7694  -1.7739  -1.7853  -1.8139  -1.8847  -2.0571  -2.4499
 -3.1367  -3.7807  -4.3056  -4.8050  -5.3021  -5.8220  -6.3978  -7.0787  -7.5879
 -8.0963  -8.6027  -9.1071  -9.6103 -10.1123 -10.6137 -11.1145 -11.6153 -12.1169
  0.0000  -1.8633  -1.8633  -1.8633  -1.8633  -1.8633  -1.8633  -1.8633  -1.8634
 -1.8635  -1.8640  -1.8651  -1.8678  -1.8747  -1.8921  -1.9354  -2.0429  -2.3043
 -2.8853  -3.7208  -4.3164  -4.8245  -5.3179  -5.8306  -6.3991  -7.0726  -7.5793
 -8.0882  -8.5966  -9.1031  -9.6076 -10.1109 -10.6130 -11.1143 -11.6156 -12.1177
  0.0000  -1.9772  -1.9772  -1.9772  -1.9772  -1.9772  -1.9772  -1.9772  -1.9772
 -1.9773  -1.9776  -1.9782  -1.9797  -1.9836  -1.9934  -2.0180  -2.0795  -2.2323
 -2.6037  -3.4043  -4.2879  -4.8382  -5.3372  -5.8462  -6.4080  -7.0730  -7.5719
 -8.0782  -8.5872  -9.0957  -9.6023 -10.1068 -10.6100 -11.1122 -11.6144 -12.1178
  0.0000  -1.5980  -1.5980  -1.5980  -1.5980  -1.5980  -1.5981  -1.5982  -1.5985
 -1.5993  -1.6013  -1.6064  -1.6197  -1.6531  -1.7329  -1.9080  -2.2326  -2.6953
 -3.2171  -3.7469  -4.2800  -4.8106  -5.3653  -6.0966  -6.6054  -7.1094  -7.6120
 -8.1136  -8.6146  -9.1153  -9.6157 -10.1159 -10.6161 -11.1162 -11.6163 -12.1166
  0.0000  -1.5961  -1.5961  -1.5961  -1.5961  -1.5961  -1.5961  -1.5963  -1.5966
 -1.5974  -1.5995  -1.6047  -1.6178  -1.6508  -1.7302  -1.9061  -2.2354  -2.7034
 -3.2238  -3.7486  -4.2773  -4.8068  -5.3614  -6.0915  -6.6017  -7.1067  -7.6101
 -8.1123  -8.6136  -9.1145  -9.6150 -10.1154 -10.6156 -11.1157 -11.6158 -12.1160
  0.0000  -1.5968  -1.5968  -1.5968  -1.5968  -1.5969  -1.5969  -1.5970  -1.5974
 -1.5982  -1.6002  -1.6053  -1.6182  -1.6501  -1.7274  -1.9018  -2.2360  -2.7154
 -3.2374  -3.7564  -4.2781  -4.8042  -5.3574  -6.0854  -6.5971  -7.1036  -7.6079
 -8.1111  -8.6130  -9.1142  -9.6150 -10.1155 -10.6158 -11.1160 -11.6162 -12.1165
  0.0000  -1.6067  -1.6067  -1.6067  -1.6067  -1.6067  -1.6068  -1.6069  -1.6072
 -1.6079  -1.6098  -1.6146  -1.6264  -1.6558  -1.7275  -1.8933  -2.2268  -2.7239
 -3.2564  -3.7720  -4.2853  -4.8054  -5.3550  -6.0788  -6.5916  -7.0998  -7.6059
 -8.1100  -8.6129  -9.1147  -9.6159 -10.1167 -10.6171 -11.1174 -11.6177 -12.1180
  0.0000  -1.6280  -1.6280  -1.6280  -1.6281  -1.6281  -1.6281  -1.6282  -1.6285
 -1.6291  -1.6307  -1.6347  -1.6447  -1.6695  -1.7307  -1.8763  -2.1900  -2.7076
 -3.2698  -3.7900  -4.2967  -4.8091  -5.3523  -6.0695  -6.5809  -7.0903  -7.5982
 -8.1041  -8.6082  -9.1110  -9.6129 -10.1140 -10.6148 -11.1152 -11.6156 -12.1166
  0.0000  -1.6733  -1.6733  -1.6733  -1.6733  -1.6733  -1.6733  -1.6734  -1.6736
 -1.6740  -1.6752  -1.6782  -1.6858  -1.7046  -1.7514  -1.8654  -2.1289  -2.6389
 -3.2661  -3.8102  -4.3171  -4.8233  -5.3587  -6.0681  -6.5733  -7.0813  -7.5905
 -8.0984  -8.6043  -9.1084  -9.6112 -10.1131 -10.6142 -11.1150 -11.6158 -12.1168
  0.0000  -1.7431  -1.7431  -1.7431  -1.7431  -1.7431  -1.7431  -1.7432  -1.7433
 -1.7436  -1.7444  -1.7464  -1.7515  -1.7642  -1.7960  -1.8748  -2.0655  -2.4921
 -3.1929  -3.8159  -4.3375  -4.8435  -5.3733  -6.0773  -6.5715  -7.0732  -7.5811
 -8.0904  -8.5982  -9.1041  -9.6080 -10.1109 -10.6127 -11.1138 -11.6149 -12.1167
  0.0000  -1.6069  -1.6069  -1.6069  -1.6069  -1.6069  -1.6069  -1.6070  -1.6073
 -1.6080  -1.6098  -1.6145  -1.6270  -1.6586  -1.7343  -1.9020  -2.2190  -2.6819
 -3.2119  -3.7564  -4.3248  -4.9534  -5.5955  -6.1034  -6.6082  -7.1112  -7.6130
 -8.1142  -8.6149  -9.1153  -9.6156 -10.1158 -10.6159 -11.1159 -11.6159 -12.1160
  0.0000  -1.6048  -1.6048  -1.6048  -1.6048  -1.6048  -1.6049  -1.6050  -1.6053
 -1.6059  -1.6077  -1.6124  -1.6249  -1.6570  -1.7336  -1.9030  -2.2220  -2.6854
 -3.2129  -3.7548  -4.3214  -4.9498  -5.5917  -6.1007  -6.6063  -7.1100  -7.6123
 -8.1137  -8.6146  -9.1151  -9.6155 -10.1157 -10.6158 -11.1159 -11.6160 -12.1161
  0.0000  -1.5985  -1.5985  -1.5985  -1.5985  -1.5985  -1.5986  -1.5987  -1.5990
 -1.5997  -1.6015  -1.6064  -1.6192  -1.6520  -1.7307  -1.9045  -2.2305  -2.6971
 -3.2204  -3.7563  -4.3185  -4.9451  -5.5859  -6.0964  -6.6033  -7.1078  -7.6109
 -8.1128  -8.6140  -9.1148  -9.6152 -10.1155 -10.6157 -11.1158 -11.6159 -12.1161
  0.0000  -1.5910  -1.5910  -1.5910  -1.5910  -1.5910  -1.5911  -1.5912  -1.5915
 -1.5923  -1.5943  -1.5995  -1.6126  -1.6460  -1.7263  -1.9047  -2.2404  -2.7147
 -3.2351  -3.7632  -4.3178  -4.9402  -5.5785  -6.0899  -6.5985  -7.1045  -7.6085
 -8.1112  -8.6130  -9.1141  -9.6148 -10.1152 -10.6155 -11.1156 -11.6157 -12.1161
  0.0000  -1.5868  -1.5868  -1.5868  -1.5868  -1.5869  -1.5869  -1.5870  -1.5874
 -1.5882  -1.5903  -1.5955  -1.6087  -1.6416  -1.7214  -1.9016  -2.2465  -2.7346
 -3.2570  -3.7778  -4.3229  -4.9385  -5.5712  -6.0818  -6.5918  -7.0996  -7.6052
 -8.1090  -8.6116  -9.1133  -9.6143 -10.1150 -10.6154 -11.1157 -11.6160 -12.1164
  0.0000  -1.5909  -1.5909  -1.5909  -1.5910  -1.5910  -1.5910  -1.5911  -1.5915
 -1.5923  -1.5942  -1.5992  -1.6116  -1.6425  -1.7177  -1.8914  -2.2384  -2.7465
 -3.2805  -3.7988  -4.3354  -4.9432  -5.5671  -6.0731  -6.5824  -7.0918  -7.5994
 -8.1048  -8.6085  -9.1110  -9.6126 -10.1137 -10.6143 -11.1147 -11.6151 -12.1156
  0.0000  -1.6124  -1.6124  -1.6124  -1.6124  -1.6124  -1.6125  -1.6126  -1.6129
 -1.6135  -1.6152  -1.6195  -1.6301  -1.6567  -1.7219  -1.8764  -2.2060  -2.7359
 -3.2985  -3.8234  -4.3565  -4.9592  -5.5737  -6.0699  -6.5749  -7.0840  -7.5931
 -8.1004  -8.6056  -9.1092  -9.6117 -10.1132 -10.6142 -11.1148 -11.6154 -12.1165
 -5.0000  -1.5751  -1.5751  -1.5750  -1.5750  -1.5750  -1.5749  -1.5746  -1.5740
 -1.5729  -1.5723  -1.5766  -1.5926  -1.6297  -1.7166  -1.9078  -2.2586  -2.7424
 -3.2746  -3.8582  -4.5578  -5.0635  -5.5735  -6.0845  -6.5941  -7.1014  -7.6065
 -8.1100  -8.6123  -9.1137  -9.6146 -10.1152 -10.6156 -11.1158 -11.6160 -12.1165
 -4.0000  -1.5746  -1.5746  -1.5746  -1.5746  -1.5746  -1.5745  -1.5743  -1.5739
 -1.5732  -1.5730  -1.5771  -1.5928  -1.6299  -1.7166  -1.9076  -2.2583  -2.7422
 -3.2745  -3.8581  -4.5577  -5.0635  -5.5735  -6.0845  -6.5941  -7.1014  -7.6065
 -8.1100  -8.6123  -9.1137  -9.6146 -10.1152 -10.6156 -11.1158 -11.6160 -12.1165
 -3.0000  -1.5741  -1.5741  -1.5741  -1.5741  -1.5741  -1.5741  -1.5740  -1.5738
 -1.5736  -1.5739  -1.5780  -1.5932  -1.6302  -1.7167  -1.9073  -2.2577  -2.7418
 -3.2743  -3.8580  -4.5577  -5.0635  -5.5735  -6.0845  -6.5941  -7.1014  -7.6065
 -8.1100  -8.6123  -9.1137  -9.6146 -10.1152 -10.6156 -11.1158 -11.6160 -12.1165
 -2.0000  -1.5739  -1.5739  -1.5739  -1.5739  -1.5739  -1.5739  -1.5740  -1.5740
 -1.5743  -1.5754  -1.5797  -1.5941  -1.6308  -1.7168  -1.9066  -2.2564  -2.7409
 -3.2740  -3.8578  -4.5576  -5.0635  -5.5735  -6.0845  -6.5941  -7.1014  -7.6065
 -8.1100  -8.6123  -9.1137  -9.6146 -10.1152 -10.6156 -11.1158 -11.6160 -12.1165
 -1.0000  -1.5749  -1.5749  -1.5749  -1.5749  -1.5749  -1.5749  -1.5750  -1.5753
 -1.5759  -1.5776  -1.5824  -1.5961  -1.6320  -1.7170  -1.9051  -2.2540  -2.7392
 -3.2732  -3.8575  -4.5574  -5.0634  -5.5735  -6.0845  -6.5941  -7.1014  -7.6065
 -8.1100  -8.6123  -9.1137  -9.6146 -10.1152 -10.6156 -11.1158 -11.6160 -12.1165
  0.0000  -1.5781  -1.5781  -1.5781  -1.5781  -1.5782  -1.5782  -1.5783  -1.5787
 -1.5794  -1.5814  -1.5866  -1.6001  -1.6345  -1.7175  -1.9024  -2.2491  -2.7358
 -3.2717  -3.8568  -4.5570  -5.0634  -5.5734  -6.0845  -6.5941  -7.1014  -7.6065
 -8.1100  -8.6123  -9.1137  -9.6146 -10.1152 -10.6156 -11.1158 -11.6160 -12.1165
  0.0000  -1.5734  -1.5734  -1.5734  -1.5734  -1.5735  -1.5735  -1.5736  -1.5740
 -1.5748  -1.5770  -1.5823  -1.5959  -1.6299  -1.7126  -1.8993  -2.2556  -2.7571
 -3.2980  -3.8808  -4.5743  -5.0671  -5.5686  -6.0766  -6.5867  -7.0957  -7.6025
 -8.1072  -8.6105  -9.1127  -9.6141 -10.1149 -10.6155 -11.1158 -11.6161 -12.1168
  0.0000  -1.5994  -1.5994  -1.5994  -1.5995  -1.5995  -1.5995  -1.5996  -1.5999
 -1.6007  -1.6025  -1.6070  -1.6184  -1.6472  -1.7180  -1.8811  -2.2048  -2.7080
 -3.3825  -4.0433  -4.5747  -5.0920  -5.6018  -6.1074  -6.6110  -7.1130  -7.6143
 -8.1150  -8.6155  -9.1158  -9.6159 -10.1161 -10.6161 -11.1162 -11.6163 -12.1161
  1.0000  -1.5996  -1.5996  -1.5996  -1.5996  -1.5996  -1.5997  -1.5998  -1.6001
 -1.6008  -1.6027  -1.6072  -1.6186  -1.6474  -1.7181  -1.8812  -2.2049  -2.7080
 -3.3825  -4.0434  -4.5748  -5.0921  -5.6019  -6.1075  -6.6111  -7.1131  -7.6144
 -8.1151  -8.6156  -9.1159  -9.6160 -10.1162 -10.6162 -11.1163 -11.6164 -12.1162
  2.0000  -1.5997  -1.5997  -1.5997  -1.5997  -1.5997  -1.5998  -1.5999  -1.6002
 -1.6009  -1.6027  -1.6073  -1.6187  -1.6474  -1.7181  -1.8811  -2.2048  -2.7079
 -3.3825  -4.0434  -4.5748  -5.0921  -5.6019  -6.1075  -6.6111  -7.1131  -7.6144
 -8.1151  -8.6156  -9.1159  -9.6160 -10.1162 -10.6162 -11.1163 -11.6164 -12.1162
  3.0000  -1.5999  -1.5999  -1.5999  -1.5999  -1.5999  -1.5999  -1.6001  -1.6003
 -1.6011  -1.6029  -1.6074  -1.6188  -1.6476  -1.7182  -1.8810  -2.2045  -2.7077
 -3.3823  -4.0433  -4.5748  -5.0921  -5.6019  -6.1075  -6.6111  -7.1131  -7.6144
 -8.1151  -8.6156  -9.1159  -9.6160 -10.1162 -10.6162 -11.1163 -11.6164 -12.1162
  4.0000  -1.6001  -1.6001  -1.6001  -1.6001  -1.6002  -1.6002  -1.6003  -1.6006
 -1.6013  -1.6032  -1.6077  -1.6190  -1.6477  -1.7182  -1.8808  -2.2040  -2.7072
 -3.3820  -4.0431  -4.5747  -5.0920  -5.6018  -6.1074  -6.6110  -7.1130  -7.6143
 -8.1150  -8.6155  -9.1158  -9.6159 -10.1161 -10.6161 -11.1162 -11.6163 -12.1161
  5.0000  -1.6009  -1.6009  -1.6009  -1.6010  -1.6010  -1.6010  -1.6011  -1.6014
 -1.6021  -1.6039  -1.6085  -1.6198  -1.6483  -1.7185  -1.8805  -2.2032  -2.7065
 -3.3815  -4.0430  -4.5747  -5.0921  -5.6019  -6.1075  -6.6111  -7.1131  -7.6144
 -8.1151  -8.6156  -9.1159  -9.6160 -10.1162 -10.6162 -11.1163 -11.6164 -12.1162
  6.0000  -1.6024  -1.6024  -1.6024  -1.6024  -1.6024  -1.6024  -1.6025  -1.6028
 -1.6035  -1.6053  -1.6098  -1.6211  -1.6494  -1.7189  -1.8798  -2.2014  -2.7049
 -3.3805  -4.0427  -4.5746  -5.0920  -5.6019  -6.1075  -6.6111  -7.1131  -7.6144
 -8.1151  -8.6156  -9.1159  -9.6160 -10.1162 -10.6162 -11.1163 -11.6164 -12.1162
 -1.0000  -1.5798  -1.5798  -1.5798  -1.5798  -1.5798  -1.5799  -1.5800  -1.5803
 -1.5809  -1.5827  -1.5870  -1.5977  -1.6250  -1.6938  -1.8625  -2.2352  -2.8695
 -3.4941  -4.0572  -4.5832  -5.0978  -5.6059  -6.1109  -6.6137  -7.1154  -7.6164
 -8.1170  -8.6174  -9.1177  -9.6178 -10.1179 -10.6179 -11.1180 -11.6181 -12.1180
  0.0000  -1.5798  -1.5798  -1.5798  -1.5798  -1.5798  -1.5799  -1.5800  -1.5803
 -1.5809  -1.5827  -1.5870  -1.5977  -1.6250  -1.6938  -1.8625  -2.2352  -2.8695
 -3.4941  -4.0572  -4.5832  -5.0978  -5.6059  -6.1109  -6.6137  -7.1154  -7.6164
 -8.1170  -8.6174  -9.1177  -9.6178 -10.1179 -10.6179 -11.1180 -11.6181 -12.1180
  0.0000  -1.5856  -1.5856  -1.5856  -1.5856  -1.5857  -1.5857  -1.5858  -1.5861
 -1.5868  -1.5885  -1.5926  -1.6031  -1.6296  -1.6960  -1.8591  -2.2248  -2.8624
 -3.4932  -4.0561  -4.5828  -5.0976  -5.6059  -6.1109  -6.6138  -7.1155  -7.6165
 -8.1171  -8.6175  -9.1178  -9.6179 -10.1180 -10.6180 -11.1181 -11.6182 -12.1181
  0.0000  -1.5811  -1.5811  -1.5811  -1.5811  -1.5811  -1.5812  -1.5813  -1.5816
 -1.5824  -1.5842  -1.5886  -1.5996  -1.6273  -1.6961  -1.8620  -2.2294  -2.8670
 -3.4906  -4.0524  -4.5796  -5.0953  -5.6044  -6.1099  -6.6133  -7.1153  -7.6165
 -8.1172  -8.6177  -9.1180  -9.6181 -10.1183 -10.6183 -11.1184 -11.6185 -12.1183
  0.0000  -1.5700  -1.5700  -1.5700  -1.5700  -1.5700  -1.5701  -1.5702  -1.5705
 -1.5712  -1.5731  -1.5779  -1.5899  -1.6199  -1.6934  -1.8674  -2.2475  -2.8833
 -3.4905  -4.0472  -4.5739  -5.0907  -5.6012  -6.1076  -6.6117  -7.1143  -7.6159
 -8.1168  -8.6174  -9.1178  -9.6180 -10.1182 -10.6183 -11.1183 -11.6183 -12.1184
  1.0000  -1.5696  -1.5696  -1.5696  -1.5696  -1.5697  -1.5697  -1.5698  -1.5701
 -1.5709  -1.5727  -1.5775  -1.5896  -1.6195  -1.6930  -1.8668  -2.2468  -2.8826
 -3.4899  -4.0466  -4.5734  -5.0902  -5.6007  -6.1071  -6.6112  -7.1138  -7.6154
 -8.1163  -8.6169  -9.1173  -9.6175 -10.1177 -10.6178 -11.1178 -11.6178 -12.1179
  2.0000  -1.5705  -1.5705  -1.5705  -1.5705  -1.5705  -1.5705  -1.5706  -1.5709
 -1.5717  -1.5736  -1.5783  -1.5904  -1.6202  -1.6936  -1.8672  -2.2468  -2.8825
 -3.4903  -4.0471  -4.5739  -5.0907  -5.6012  -6.1076  -6.6117  -7.1143  -7.6159
 -8.1168  -8.6174  -9.1178  -9.6180 -10.1182 -10.6183 -11.1183 -11.6183 -12.1184
  0.0000  -1.3812  -1.3812  -1.3812  -1.3812  -1.3812  -1.3814  -1.3817  -1.3825
 -1.3844  -1.3892  -1.4014  -1.4318  -1.5068  -1.6878  -2.0746  -2.5993  -3.1084
 -3.6033  -4.0940  -4.5872  -5.0845  -5.5857  -6.0899  -6.5954  -7.1008  -7.6053
 -8.1086  -8.6109  -9.1124  -9.6134 -10.1140 -10.6144 -11.1147 -11.6150 -12.1154
  0.0000  -1.5055  -1.5055  -1.5055  -1.5055  -1.5055  -1.5056  -1.5057  -1.5061
 -1.5071  -1.5095  -1.5157  -1.5311  -1.5700  -1.6679  -1.9092  -2.3960  -2.9730
 -3.5281  -4.0612  -4.5820  -5.0947  -5.6024  -6.1071  -6.6101  -7.1119  -7.6129
 -8.1136  -8.6140  -9.1142  -9.6144 -10.1145 -10.6145 -11.1146 -11.6147 -12.1146
  0.0000  -1.5307  -1.5307  -1.5307  -1.5307  -1.5307  -1.5308  -1.5309  -1.5312
 -1.5320  -1.5340  -1.5390  -1.5515  -1.5834  -1.6649  -1.8804  -2.3673  -2.9660
 -3.5302  -4.0655  -4.5858  -5.0975  -5.6041  -6.1084  -6.6108  -7.1122  -7.6130
 -8.1135  -8.6138  -9.1140  -9.6141 -10.1142 -10.6143 -11.1143 -11.6143 -12.1145
  0.0000  -1.5272  -1.5272  -1.5272  -1.5272  -1.5272  -1.5273  -1.5274  -1.5278
 -1.5286  -1.5307  -1.5360  -1.5492  -1.5825  -1.6661  -1.8835  -2.3696  -2.9658
 -3.5290  -4.0643  -4.5849  -5.0969  -5.6037  -6.1081  -6.6106  -7.1120  -7.6129
 -8.1135  -8.6138  -9.1140  -9.6141 -10.1142 -10.6143 -11.1143 -11.6143 -12.1145
  0.0000  -1.5097  -1.5097  -1.5097  -1.5097  -1.5097  -1.5098  -1.5100  -1.5103
 -1.5113  -1.5137  -1.5198  -1.5352  -1.5736  -1.6686  -1.9025  -2.3878  -2.9691
 -3.5260  -4.0600  -4.5812  -5.0941  -5.6018  -6.1066  -6.6095  -7.1113  -7.6123
 -8.1130  -8.6134  -9.1136  -9.6138 -10.1139 -10.6139 -11.1140 -11.6141 -12.1140
  0.0000  -1.4865  -1.4865  -1.4866  -1.4866  -1.4866  -1.4867  -1.4868  -1.4873
 -1.4884  -1.4911  -1.4984  -1.5162  -1.5610  -1.6713  -1.9316  -2.4189  -2.9788
 -3.5245  -4.0551  -4.5762  -5.0903  -5.5993  -6.1048  -6.6085  -7.1107  -7.6121
 -8.1129  -8.6135  -9.1138  -9.6140 -10.1141 -10.6142 -11.1143 -11.6144 -12.1145
  0.0000  -1.4623  -1.4623  -1.4623  -1.4624  -1.4624  -1.4625  -1.4627  -1.4632
 -1.4644  -1.4676  -1.4756  -1.4957  -1.5463  -1.6722  -1.9636  -2.4561  -2.9949
 -3.5260  -4.0504  -4.5700  -5.0847  -5.5950  -6.1018  -6.6061  -7.1091  -7.6109
 -8.1120  -8.6127  -9.1131  -9.6134 -10.1135 -10.6137 -11.1137 -11.6137 -12.1141
 -1.0000  -1.3624  -1.3624  -1.3625  -1.3625  -1.3625  -1.3627  -1.3631  -1.3640
 -1.3664  -1.3723  -1.3872  -1.4238  -1.5133  -1.7207  -2.0930  -2.5682  -3.0618
 -3.5637  -4.0699  -4.5788  -5.0887  -5.5978  -6.1052  -6.6106  -7.1143  -7.6167
 -8.1183  -8.6193  -9.1199  -9.6204 -10.1206 -10.6208 -11.1209 -11.6210 -12.1213
  0.0000  -1.3624  -1.3624  -1.3625  -1.3625  -1.3625  -1.3627  -1.3631  -1.3640
 -1.3664  -1.3723  -1.3872  -1.4238  -1.5133  -1.7207  -2.0930  -2.5682  -3.0618
 -3.5637  -4.0699  -4.5788  -5.0887  -5.5978  -6.1052  -6.6106  -7.1143  -7.6167
 -8.1183  -8.6193  -9.1199  -9.6204 -10.1206 -10.6208 -11.1209 -11.6210 -12.1213
  0.0000  -1.5163  -1.5163  -1.5163  -1.5163  -1.5162  -1.5163  -1.5162  -1.5162
 -1.5161  -1.5159  -1.5159  -1.5187  -1.5389  -1.6381  -1.9405  -2.4468  -3.0067
 -3.5489  -4.0772  -4.5948  -5.1055  -5.6119  -6.1159  -6.6182  -7.1196  -7.6204
 -8.1209  -8.6212  -9.1214  -9.6215 -10.1216 -10.6217 -11.1217 -11.6217 -12.1219
  0.0000  -1.5456  -1.5456  -1.5456  -1.5456  -1.5456  -1.5455  -1.5455  -1.5452
 -1.5446  -1.5431  -1.5401  -1.5361  -1.5436  -1.6246  -1.9178  -2.4365  -3.0063
 -3.5519  -4.0804  -4.5975  -5.1074  -5.6134  -6.1169  -6.6189  -7.1201  -7.6208
 -8.1213  -8.6215  -9.1217  -9.6218 -10.1218 -10.6219 -11.1219 -11.6219 -12.1221
  0.0000  -1.5295  -1.5295  -1.5295  -1.5295  -1.5295  -1.5295  -1.5295  -1.5293
 -1.5290  -1.5283  -1.5270  -1.5268  -1.5412  -1.6318  -1.9298  -2.4417  -3.0065
 -3.5504  -4.0788  -4.5963  -5.1066  -5.6128  -6.1165  -6.6187  -7.1200  -7.6208
 -8.1213  -8.6216  -9.1217  -9.6219 -10.1219 -10.6220 -11.1220 -11.6220 -12.1222
  0.0000  -1.4950  -1.4950  -1.4950  -1.4950  -1.4950  -1.4950  -1.4951  -1.4952
 -1.4955  -1.4963  -1.4987  -1.5066  -1.5364  -1.6488  -1.9575  -2.4551  -3.0080
 -3.5474  -4.0753  -4.5933  -5.1046  -5.6114  -6.1157  -6.6183  -7.1198  -7.6207
 -8.1213  -8.6217  -9.1219  -9.6220 -10.1221 -10.6222 -11.1222 -11.6222 -12.1224
  0.0000  -1.4566  -1.4566  -1.4566  -1.4566  -1.4567  -1.4567  -1.4569  -1.4573
 -1.4583  -1.4606  -1.4669  -1.4834  -1.5302  -1.6680  -1.9905  -2.4737  -3.0118
 -3.5444  -4.0704  -4.5888  -5.1011  -5.6089  -6.1137  -6.6168  -7.1187  -7.6199
 -8.1206  -8.6210  -9.1213  -9.6215 -10.1216 -10.6216 -11.1217 -11.6218 -12.1217
 -2.0000  -1.4306  -1.4306  -1.4306  -1.4306  -1.4306  -1.4306  -1.4306  -1.4305
 -1.4303  -1.4303  -1.4320  -1.4455  -1.5052  -1.6857  -2.0525  -2.5235  -3.0343
 -3.5537  -4.0728  -4.5887  -5.1007  -5.6091  -6.1147  -6.6183  -7.1206  -7.6220
 -8.1229  -8.6235  -9.1239  -9.6241 -10.1242 -10.6243 -11.1243 -11.6243 -12.1245
 -1.0000  -1.4306  -1.4306  -1.4306  -1.4306  -1.4306  -1.4306  -1.4306  -1.4305
 -1.4303  -1.4303  -1.4320  -1.4455  -1.5052  -1.6857  -2.0525  -2.5235  -3.0343
 -3.5537  -4.0728  -4.5887  -5.1007  -5.6091  -6.1147  -6.6183  -7.1206  -7.6220
 -8.1229  -8.6235  -9.1239  -9.6241 -10.1242 -10.6243 -11.1243 -11.6243 -12.1245
  0.0000  -1.4306  -1.4306  -1.4306  -1.4306  -1.4306  -1.4306  -1.4306  -1.4305
 -1.4303  -1.4303  -1.4320  -1.4455  -1.5052  -1.6857  -2.0525  -2.5235  -3.0343
 -3.5537  -4.0728  -4.5887  -5.1007  -5.6091  -6.1147  -6.6183  -7.1206  -7.6220
 -8.1229  -8.6235  -9.1239  -9.6241 -10.1242 -10.6243 -11.1243 -11.6243 -12.1245
  0.0000  -1.5753  -1.5753  -1.5753  -1.5753  -1.5753  -1.5750  -1.5745  -1.5733
 -1.5702  -1.5630  -1.5478  -1.5245  -1.5143  -1.6043  -1.9472  -2.4643  -3.0167
 -3.5579  -4.0846  -4.6007  -5.1101  -5.6159  -6.1192  -6.6211  -7.1223  -7.6230
 -8.1234  -8.6236  -9.1238  -9.6239 -10.1239 -10.6240 -11.1240 -11.6240 -12.1242
  0.0000  -1.5959  -1.5959  -1.5959  -1.5957  -1.5956  -1.5954  -1.5948  -1.5933
 -1.5897  -1.5813  -1.5634  -1.5348  -1.5155  -1.5943  -1.9367  -2.4610  -3.0174
 -3.5596  -4.0861  -4.6019  -5.1110  -5.6165  -6.1196  -6.6214  -7.1225  -7.6232
 -8.1235  -8.6238  -9.1239  -9.6240 -10.1241 -10.6241 -11.1241 -11.6241 -12.1241
  0.0000  -1.5748  -1.5748  -1.5748  -1.5748  -1.5747  -1.5745  -1.5739  -1.5727
 -1.5696  -1.5622  -1.5467  -1.5233  -1.5138  -1.6051  -1.9486  -2.4650  -3.0170
 -3.5580  -4.0846  -4.6008  -5.1103  -5.6160  -6.1193  -6.6213  -7.1225  -7.6232
 -8.1236  -8.6238  -9.1240  -9.6241 -10.1241 -10.6242 -11.1242 -11.6242 -12.1244
  0.0000  -1.5436  -1.5436  -1.5436  -1.5436  -1.5435  -1.5433  -1.5429  -1.5419
 -1.5393  -1.5334  -1.5213  -1.5057  -1.5113  -1.6219  -1.9681  -2.4726  -3.0170
 -3.5555  -4.0820  -4.5988  -5.1089  -5.6149  -6.1188  -6.6210  -7.1223  -7.6231
 -8.1236  -8.6239  -9.1240  -9.6242 -10.1242 -10.6243 -11.1243 -11.6243 -12.1245
-12.0000  -1.5435  -1.5435  -1.5435  -1.5435  -1.5434  -1.5433  -1.5428  -1.5418
 -1.5392  -1.5333  -1.5212  -1.5056  -1.5112  -1.6218  -1.9680  -2.4725  -3.0169
 -3.5554  -4.0819  -4.5987  -5.1088  -5.6148  -6.1187  -6.6209  -7.1222  -7.6230
 -8.1235  -8.6238  -9.1239  -9.6241 -10.1241 -10.6242 -11.1242 -11.6242 -12.1244
-11.0000  -1.5435  -1.5435  -1.5435  -1.5435  -1.5434  -1.5433  -1.5428  -1.5418
 -1.5392  -1.5333  -1.5212  -1.5056  -1.5112  -1.6218  -1.9680  -2.4725  -3.0169
 -3.5554  -4.0819  -4.5987  -5.1088  -5.6148  -6.1187  -6.6209  -7.1222  -7.6230
 -8.1235  -8.6238  -9.1239  -9.6241 -10.1241 -10.6242 -11.1242 -11.6242 -12.1244
-10.0000  -1.5435  -1.5435  -1.5435  -1.5435  -1.5434  -1.5433  -1.5428  -1.5418
 -1.5392  -1.5333  -1.5212  -1.5056  -1.5112  -1.6218  -1.9680  -2.4725  -3.0169
 -3.5554  -4.0819  -4.5987  -5.1088  -5.6148  -6.1187  -6.6209  -7.1222  -7.6230
 -8.1235  -8.6238  -9.1239  -9.6241 -10.1241 -10.6242 -11.1242 -11.6242 -12.1244
-10.0000  -1.5435  -1.5435  -1.5435  -1.5435  -1.5434  -1.5433  -1.5428  -1.5418
 -1.5392  -1.5333  -1.5212  -1.5056  -1.5112  -1.6218  -1.9680  -2.4725  -3.0169
 -3.5554  -4.0819  -4.5987  -5.1088  -5.6148  -6.1187  -6.6209  -7.1222  -7.6230
 -8.1235  -8.6238  -9.1239  -9.6241 -10.1241 -10.6242 -11.1242 -11.6242 -12.1244
-10.0000  -1.5437  -1.5437  -1.5437  -1.5437  -1.5436  -1.5435  -1.5430  -1.5420
 -1.5394  -1.5335  -1.5214  -1.5058  -1.5114  -1.6220  -1.9682  -2.4727  -3.0171
 -3.5556  -4.0821  -4.5989  -5.1090  -5.6150  -6.1189  -6.6211  -7.1224  -7.6232
 -8.1237  -8.6240  -9.1241  -9.6243 -10.1243 -10.6244 -11.1244 -11.6244 -12.1246
-10.0000  -1.5436  -1.5436  -1.5436  -1.5436  -1.5435  -1.5434  -1.5429  -1.5419
 -1.5393  -1.5334  -1.5213  -1.5057  -1.5113  -1.6219  -1.9681  -2.4726  -3.0170
 -3.5555  -4.0820  -4.5988  -5.1089  -5.6149  -6.1188  -6.6210  -7.1223  -7.6231
 -8.1236  -8.6239  -9.1240  -9.6242 -10.1242 -10.6243 -11.1243 -11.6243 -12.1245
-10.0000  -1.5436  -1.5436  -1.5436  -1.5436  -1.5435  -1.5434  -1.5429  -1.5419
 -1.5393  -1.5334  -1.5213  -1.5057  -1.5113  -1.6219  -1.9681  -2.4726  -3.0170
 -3.5555  -4.0820  -4.5988  -5.1089  -5.6149  -6.1188  -6.6210  -7.1223  -7.6231
 -8.1236  -8.6239  -9.1240  -9.6242 -10.1242 -10.6243 -11.1243 -11.6243 -12.1245
-22.0000  -1.5436  -1.5436  -1.5436  -1.5436  -1.5435  -1.5434  -1.5429  -1.5419
 -1.5393  -1.5334  -1.5213  -1.5057  -1.5113  -1.6219  -1.9681  -2.4726  -3.0170
 -3.5555  -4.0820  -4.5988  -5.1089  -5.6149  -6.1188  -6.6210  -7.1223  -7.6231
 -8.1236  -8.6239  -9.1240  -9.6242 -10.1242 -10.6243 -11.1243 -11.6243 -12.1245
-21.0000  -1.5436  -1.5436  -1.5436  -1.5436  -1.5435  -1.5434  -1.5429  -1.5419
 -1.5393  -1.5334  -1.5213  -1.5057  -1.5113  -1.6219  -1.9681  -2.4726  -3.0170
 -3.5555  -4.0820  -4.5988  -5.1089  -5.6149  -6.1188  -6.6210  -7.1223  -7.6231
 -8.1236  -8.6239  -9.1240  -9.6242 -10.1242 -10.6243 -11.1243 -11.6243 -12.1245
-20.0000  -1.5436  -1.5436  -1.5436  -1.5436  -1.5435  -1.5434  -1.5429  -1.5419
 -1.5393  -1.5334  -1.5213  -1.5057  -1.5113  -1.6219  -1.9681  -2.4726  -3.0170
 -3.5555  -4.0820  -4.5988  -5.1089  -5.6149  -6.1188  -6.6210  -7.1223  -7.6231
 -8.1236  -8.6239  -9.1240  -9.6242 -10.1242 -10.6243 -11.1243 -11.6243 -12.1245
-20.0000  -1.5436  -1.5436  -1.5436  -1.5436  -1.5435  -1.5434  -1.5429  -1.5419
 -1.5393  -1.5334  -1.5213  -1.5057  -1.5113  -1.6219  -1.9681  -2.4726  -3.0170
 -3.5555  -4.0820  -4.5988  -5.1089  -5.6149  -6.1188  -6.6210  -7.1223  -7.6231
 -8.1236  -8.6239  -9.1240  -9.6242 -10.1242 -10.6243 -11.1243 -11.6243 -12.1245
-20.0000  -1.5436  -1.5436  -1.5436  -1.5436  -1.5435  -1.5434  -1.5429  -1.5419
 -1.5393  -1.5334  -1.5213  -1.5057  -1.5113  -1.6219  -1.9681  -2.4726  -3.0170
 -3.5555  -4.0820  -4.5988  -5.1089  -5.6149  -6.1188  -6.6210  -7.1223  -7.6231
 -8.1236  -8.6239  -9.1240  -9.6242 -10.1242 -10.6243 -11.1243 -11.6243 -12.1245
-20.0000  -1.5435  -1.5435  -1.5435  -1.5435  -1.5434  -1.5433  -1.5428  -1.5418
 -1.5392  -1.5333  -1.5212  -1.5056  -1.5112  -1.6218  -1.9680  -2.4725  -3.0169
 -3.5554  -4.0819  -4.5987  -5.1088  -5.6148  -6.1187  -6.6209  -7.1222  -7.6230
 -8.1235  -8.6238  -9.1239  -9.6241 -10.1241 -10.6242 -11.1242 -11.6242 -12.1244
-20.0000  -1.5437  -1.5437  -1.5437  -1.5437  -1.5436  -1.5435  -1.5430  -1.5420
 -1.5394  -1.5335  -1.5214  -1.5058  -1.5114  -1.6220  -1.9682  -2.4727  -3.0171
 -3.5556  -4.0821  -4.5989  -5.1090  -5.6150  -6.1189  -6.6211  -7.1224  -7.6232
 -8.1237  -8.6240  -9.1241  -9.6243 -10.1243 -10.6244 -11.1244 -11.6244 -12.1246
-32.0000  -1.5435  -1.5435  -1.5435  -1.5435  -1.5434  -1.5433  -1.5428  -1.5418
 -1.5392  -1.5333  -1.5212  -1.5056  -1.5112  -1.6218  -1.9680  -2.4725  -3.0169
 -3.5554  -4.0819  -4.5987  -5.1088  -5.6148  -6.1187  -6.6209  -7.1222  -7.6230
 -8.1235  -8.6238  -9.1239  -9.6241 -10.1241 -10.6242 -11.1242 -11.6242 -12.1244
-31.0000  -1.5435  -1.5435  -1.5435  -1.5435  -1.5434  -1.5433  -1.5428  -1.5418
 -1.5392  -1.5333  -1.5212  -1.5056  -1.5112  -1.6218  -1.9680  -2.4725  -3.0169
 -3.5554  -4.0819  -4.5987  -5.1088  -5.6148  -6.1187  -6.6209  -7.1222  -7.6230
 -8.1235  -8.6238  -9.1239  -9.6241 -10.1241 -10.6242 -11.1242 -11.6242 -12.1244
-30.0000  -1.5435  -1.5435  -1.5435  -1.5435  -1.5434  -1.5433  -1.5428  -1.5418
 -1.5392  -1.5333  -1.5212  -1.5056  -1.5112  -1.6218  -1.9680  -2.4725  -3.0169
 -3.5554  -4.0819  -4.5987  -5.1088  -5.6148  -6.1187  -6.6209  -7.1222  -7.6230
 -8.1235  -8.6238  -9.1239  -9.6241 -10.1241 -10.6242 -11.1242 -11.6242 -12.1244
-30.0000  -1.5435  -1.5435  -1.5435  -1.5435  -1.5434  -1.5433  -1.5428  -1.5418
 -1.5392  -1.5333  -1.5212  -1.5056  -1.5112  -1.6218  -1.9680  -2.4725  -3.0169
 -3.5554  -4.0819  -4.5987  -5.1088  -5.6148  -6.1187  -6.6209  -7.1222  -7.6230
 -8.1235  -8.6238  -9.1239  -9.6241 -10.1241 -10.6242 -11.1242 -11.6242 -12.1244
-30.0000  -1.5435  -1.5435  -1.5435  -1.5435  -1.5434  -1.5433  -1.5428  -1.5418
 -1.5392  -1.5333  -1.5212  -1.5056  -1.5112  -1.6218  -1.9680  -2.4725  -3.0169
 -3.5554  -4.0819  -4.5987  -5.1088  -5.6148  -6.1187  -6.6209  -7.1222  -7.6230
 -8.1235  -8.6238  -9.1239  -9.6241 -10.1241 -10.6242 -11.1242 -11.6242 -12.1244
-30.0000  -1.5435  -1.5435  -1.5435  -1.5435  -1.5434  -1.5433  -1.5428  -1.5418
 -1.5392  -1.5333  -1.5212  -1.5056  -1.5112  -1.6218  -1.9680  -2.4725  -3.0169
 -3.5554  -4.0819  -4.5987  -5.1088  -5.6148  -6.1187  -6.6209  -7.1222  -7.6230
 -8.1235  -8.6238  -9.1239  -9.6241 -10.1241 -10.6242 -11.1242 -11.6242 -12.1244
-30.0000  -1.5438  -1.5438  -1.5438  -1.5438  -1.5437  -1.5436  -1.5431  -1.5421
 -1.5395  -1.5336  -1.5215  -1.5059  -1.5115  -1.6221  -1.9683  -2.4728  -3.0172
 -3.5557  -4.0822  -4.5990  -5.1091  -5.6151  -6.1190  -6.6212  -7.1225  -7.6233
 -8.1238  -8.6241  -9.1242  -9.6244 -10.1244 -10.6245 -11.1245 -11.6245 -12.1247
-42.0000  -1.5437  -1.5437  -1.5437  -1.5437  -1.5436  -1.5435  -1.5430  -1.5420
 -1.5394  -1.5335  -1.5214  -1.5058  -1.5114  -1.6220  -1.9682  -2.4727  -3.0171
 -3.5556  -4.0821  -4.5989  -5.1090  -5.6150  -6.1189  -6.6211  -7.1224  -7.6232
 -8.1237  -8.6240  -9.1241  -9.6243 -10.1243 -10.6244 -11.1244 -11.6244 -12.1246
-41.0000  -1.5437  -1.5437  -1.5437  -1.5437  -1.5436  -1.5435  -1.5430  -1.5420
 -1.5394  -1.5335  -1.5214  -1.5058  -1.5114  -1.6220  -1.9682  -2.4727  -3.0171
 -3.5556  -4.0821  -4.5989  -5.1090  -5.6150  -6.1189  -6.6211  -7.1224  -7.6232
 -8.1237  -8.6240  -9.1241  -9.6243 -10.1243 -10.6244 -11.1244 -11.6244 -12.1246
-40.0000  -1.5437  -1.5437  -1.5437  -1.5437  -1.5436  -1.5435  -1.5430  -1.5420
 -1.5394  -1.5335  -1.5214  -1.5058  -1.5114  -1.6220  -1.9682  -2.4727  -3.0171
 -3.5556  -4.0821  -4.5989  -5.1090  -5.6150  -6.1189  -6.6211  -7.1224  -7.6232
 -8.1237  -8.6240  -9.1241  -9.6243 -10.1243 -10.6244 -11.1244 -11.6244 -12.1246
-40.0000  -1.5437  -1.5437  -1.5437  -1.5437  -1.5436  -1.5435  -1.5430  -1.5420
 -1.5394  -1.5335  -1.5214  -1.5058  -1.5114  -1.6220  -1.9682  -2.4727  -3.0171
 -3.5556  -4.0821  -4.5989  -5.1090  -5.6150  -6.1189  -6.6211  -7.1224  -7.6232
 -8.1237  -8.6240  -9.1241  -9.6243 -10.1243 -10.6244 -11.1244 -11.6244 -12.1246
-40.0000  -1.5437  -1.5437  -1.5437  -1.5437  -1.5436  -1.5435  -1.5430  -1.5420
 -1.5394  -1.5335  -1.5214  -1.5058  -1.5114  -1.6220  -1.9682  -2.4727  -3.0171
 -3.5556  -4.0821  -4.5989  -5.1090  -5.6150  -6.1189  -6.6211  -7.1224  -7.6232
 -8.1237  -8.6240  -9.1241  -9.6243 -10.1243 -10.6244 -11.1244 -11.6244 -12.1246
-40.0000  -1.5437  -1.5437  -1.5437  -1.5437  -1.5436  -1.5435  -1.5430  -1.5420
 -1.5394  -1.5335  -1.5214  -1.5058  -1.5114  -1.6220  -1.9682  -2.4727  -3.0171
 -3.5556  -4.0821  -4.5989  -5.1090  -5.6150  -6.1189  -6.6211  -7.1224  -7.6232
 -8.1237  -8.6240  -9.1241  -9.6243 -10.1243 -10.6244 -11.1244 -11.6244 -12.1246
-40.0000  -1.5437  -1.5437  -1.5437  -1.5437  -1.5436  -1.5435  -1.5430  -1.5420
 -1.5394  -1.5335  -1.5214  -1.5058  -1.5114  -1.6220  -1.9682  -2.4727  -3.0171
 -3.5556  -4.0821  -4.5989  -5.1090  -5.6150  -6.1189  -6.6211  -7.1224  -7.6232
 -8.1237  -8.6240  -9.1241  -9.6243 -10.1243 -10.6244 -11.1244 -11.6244 -12.1246
-52.0000  -1.5437  -1.5437  -1.5437  -1.5437  -1.5436  -1.5435  -1.5430  -1.5420
 -1.5394  -1.5335  -1.5214  -1.5058  -1.5114  -1.6220  -1.9682  -2.4727  -3.0171
 -3.5556  -4.0821  -4.5989  -5.1090  -5.6150  -6.1189  -6.6211  -7.1224  -7.6232
 -8.1237  -8.6240  -9.1241  -9.6243 -10.1243 -10.6244 -11.1244 -11.6244 -12.1246
-51.0000  -1.5437  -1.5437  -1.5437  -1.5437  -1.5436  -1.5435  -1.5430  -1.5420
 -1.5394  -1.5335  -1.5214  -1.5058  -1.5114  -1.6220  -1.9682  -2.4727  -3.0171
 -3.5556  -4.0821  -4.5989  -5.1090  -5.6150  -6.1189  -6.6211  -7.1224  -7.6232
 -8.1237  -8.6240  -9.1241  -9.6243 -10.1243 -10.6244 -11.1244 -11.6244 -12.1246
-50.0000  -1.5437  -1.5437  -1.5437  -1.5437  -1.5436  -1.5435  -1.5430  -1.5420
 -1.5394  -1.5335  -1.5214  -1.5058  -1.5114  -1.6220  -1.9682  -2.4727  -3.0171
 -3.5556  -4.0821  -4.5989  -5.1090  -5.6150  -6.1189  -6.6211  -7.1224  -7.6232
 -8.1237  -8.6240  -9.1241  -9.6243 -10.1243 -10.6244 -11.1244 -11.6244 -12.1246
-50.0000  -1.5437  -1.5437  -1.5437  -1.5437  -1.5436  -1.5435  -1.5430  -1.5420
 -1.5394  -1.5335  -1.5214  -1.5058  -1.5114  -1.6220  -1.9682  -2.4727  -3.0171
 -3.5556  -4.0821  -4.5989  -5.1090  -5.6150  -6.1189  -6.6211  -7.1224  -7.6232
 -8.1237  -8.6240  -9.1241  -9.6243 -10.1243 -10.6244 -11.1244 -11.6244 -12.1246
-50.0000  -1.5437  -1.5437  -1.5437  -1.5437  -1.5436  -1.5435  -1.5430  -1.5420
 -1.5394  -1.5335  -1.5214  -1.5058  -1.5114  -1.6220  -1.9682  -2.4727  -3.0171
 -3.5556  -4.0821  -4.5989  -5.1090  -5.6150  -6.1189  -6.6211  -7.1224  -7.6232
 -8.1237  -8.6240  -9.1241  -9.6243 -10.1243 -10.6244 -11.1244 -11.6244 -12.1246
-50.0000  -1.5437  -1.5437  -1.5437  -1.5437  -1.5436  -1.5435  -1.5430  -1.5420
 -1.5394  -1.5335  -1.5214  -1.5058  -1.5114  -1.6220  -1.9682  -2.4727  -3.0171
 -3.5556  -4.0821  -4.5989  -5.1090  -5.6150  -6.1189  -6.6211  -7.1224  -7.6232
 -8.1237  -8.6240  -9.1241  -9.6243 -10.1243 -10.6244 -11.1244 -11.6244 -12.1246
-50.0000  -1.5436  -1.5436  -1.5436  -1.5436  -1.5435  -1.5434  -1.5429  -1.5419
 -1.5393  -1.5334  -1.5213  -1.5057  -1.5113  -1.6219  -1.9681  -2.4726  -3.0170
 -3.5555  -4.0820  -4.5988  -5.1089  -5.6149  -6.1188  -6.6210  -7.1223  -7.6231
 -8.1236  -8.6239  -9.1240  -9.6242 -10.1242 -10.6243 -11.1243 -11.6243 -12.1245
