          20
           1           2  -5.80000000000000        10.0000000000000     
   3.39794000000000       0.200000000000000       0.500000000000000     
  0.301030000000000               54          17           7
           1           3  -5.40000000000000        10.0000000000000     
   3.39794000000000       0.200000000000000       0.500000000000000     
  0.301030000000000               52          17           7
           1           4  -5.00000000000000        10.0000000000000     
   3.39794000000000       0.200000000000000       0.500000000000000     
  0.301030000000000               50          17           7
           1           5  -4.40000000000000        10.0000000000000     
   3.39794000000000       0.200000000000000       0.500000000000000     
  0.301030000000000               47          17           7
           1           6  -4.20000000000000        10.0000000000000     
   3.39794000000000       0.200000000000000       0.500000000000000     
  0.301030000000000               46          17           7
           1           7  -3.80000000000000        10.0000000000000     
   3.39794000000000       0.200000000000000       0.500000000000000     
  0.301030000000000               44          17           7
           1           8  -3.80000000000000        10.0000000000000     
   3.39794000000000       0.200000000000000       0.500000000000000     
  0.301030000000000               44          17           7
           1           9  -3.20000000000000        10.0000000000000     
   3.39794000000000       0.200000000000000       0.500000000000000     
  0.301030000000000               41          17           7
           1          10  -3.40000000000000        10.0000000000000     
   3.39794000000000       0.200000000000000       0.500000000000000     
  0.301030000000000               42          17           7
           1          11  -3.20000000000000        10.0000000000000     
   3.39794000000000       0.200000000000000       0.500000000000000     
  0.301030000000000               41          17           7
           1          12  -3.00000000000000        10.0000000000000     
   3.39794000000000       0.200000000000000       0.500000000000000     
  0.301030000000000               40          17           7
           1          13  -3.00000000000000        10.0000000000000     
   3.39794000000000       0.200000000000000       0.500000000000000     
  0.301030000000000               40          17           7
           1          14  -3.80000000000000        10.0000000000000     
   3.39794000000000       0.200000000000000       0.500000000000000     
  0.301030000000000               44          17           7
           1          15  -2.80000000000000        10.0000000000000     
   3.39794000000000       0.200000000000000       0.500000000000000     
  0.301030000000000               39          17           7
           1          16  -2.80000000000000        10.0000000000000     
   3.39794000000000       0.200000000000000       0.500000000000000     
  0.301030000000000               39          17           7
           1          17  -2.80000000000000        10.0000000000000     
   3.39794000000000       0.200000000000000       0.500000000000000     
  0.301030000000000               39          17           7
           1          18  -2.60000000000000        10.0000000000000     
   3.39794000000000       0.200000000000000       0.500000000000000     
  0.301030000000000               38          17           7
           1          19  -2.80000000000000        10.0000000000000     
   3.39794000000000       0.200000000000000       0.500000000000000     
  0.301030000000000               39          17           7
           1          20  -2.60000000000000        10.0000000000000     
   3.39794000000000       0.200000000000000       0.500000000000000     
  0.301030000000000               38          17           7
           1          21  -2.60000000000000        10.0000000000000     
   3.39794000000000       0.200000000000000       0.500000000000000     
  0.301030000000000               38          17           7
nl= 1 nu= 2
  0.0000  -0.9085  -0.9085  -0.9085  -0.9085  -0.9085  -0.9085  -0.9085  -0.9085
 -0.9085  -0.9085  -0.9085  -0.9085  -0.9085  -0.9085  -0.9085  -0.9085  -0.9085
 -0.9085  -0.9085  -0.9085  -0.9086  -0.9085  -0.9086  -0.9086  -0.9087  -0.9091
 -0.9101  -0.9119  -0.9171  -0.9301  -0.9627  -1.0447  -1.2505  -1.7675  -3.0661
 -8.1190  -8.6481  -9.1485  -9.6469 -10.1485 -10.6531 -11.1582 -11.6628 -12.1662
-12.6684 -13.1701 -13.6711 -14.1717 -14.6722 -15.1724 -15.6726 -16.1727 -16.6728
-17.1728
  0.0000  -1.0593  -1.0593  -1.0593  -1.0593  -1.0593  -1.0593  -1.0593  -1.0593
 -1.0593  -1.0593  -1.0593  -1.0593  -1.0593  -1.0593  -1.0593  -1.0593  -1.0593
 -1.0593  -1.0593  -1.0593  -1.0593  -1.0593  -1.0593  -1.0591  -1.0594  -1.0596
 -1.0600  -1.0610  -1.0633  -1.0701  -1.0864  -1.1274  -1.2303  -1.4888  -2.1381
 -3.7691  -8.6464  -9.1596  -9.6541 -10.1490 -10.6486 -11.1522 -11.6573 -12.1619
-12.6655 -13.1680 -13.6698 -14.1709 -14.6716 -15.1721 -15.6724 -16.1726 -16.6727
-17.1728
  0.0000  -1.2098  -1.2098  -1.2098  -1.2098  -1.2098  -1.2098  -1.2098  -1.2098
 -1.2098  -1.2098  -1.2098  -1.2098  -1.2096  -1.2098  -1.2098  -1.2098  -1.2098
 -1.2098  -1.2098  -1.2098  -1.2098  -1.2098  -1.2098  -1.2098  -1.2098  -1.2099
 -1.2101  -1.2106  -1.2119  -1.2152  -1.2233  -1.2438  -1.2953  -1.4245  -1.7492
 -2.5647  -4.6132  -9.1684  -9.6705 -10.1599 -10.6514 -11.1489 -11.6514 -12.1561
-12.6609 -13.1648 -13.6675 -14.1693 -14.6707 -15.1715 -15.6720 -16.1723 -16.6725
-17.1727
  0.0000  -1.3601  -1.3601  -1.3601  -1.3601  -1.3601  -1.3601  -1.3601  -1.3601
 -1.3601  -1.3601  -1.3601  -1.3601  -1.3601  -1.3601  -1.3601  -1.3601  -1.3601
 -1.3601  -1.3601  -1.3601  -1.3601  -1.3601  -1.3601  -1.3601  -1.3602  -1.3602
 -1.3603  -1.3606  -1.3612  -1.3628  -1.3669  -1.3772  -1.4029  -1.4675  -1.6298
 -2.0376  -3.0618  -9.1361  -9.6874 -10.1811 -10.6662 -11.1544 -11.6496 -12.1507
-12.6549 -13.1597 -13.6639 -14.1669 -14.6689 -15.1704 -15.6713 -16.1719 -16.6722
-17.1725
  0.0000  -1.5111  -1.5111  -1.5111  -1.5111  -1.5111  -1.5111  -1.5111  -1.5111
 -1.5111  -1.5111  -1.5111  -1.5111  -1.5111  -1.5111  -1.5112  -1.5112  -1.5111
 -1.5111  -1.5111  -1.5111  -1.5111  -1.5111  -1.5111  -1.5111  -1.5112  -1.5112
 -1.5112  -1.5114  -1.5117  -1.5125  -1.5145  -1.5196  -1.5325  -1.5648  -1.6460
 -1.8499  -2.3620  -3.6484  -9.6805 -10.2039 -10.6914 -11.1727 -11.6580 -12.1506
-12.6501 -13.1537 -13.6586 -14.1629 -14.6662 -15.1685 -15.6701 -16.1711 -16.6717
-17.1722
  0.0000  -1.6619  -1.6619  -1.6619  -1.6619  -1.6619  -1.6619  -1.6619  -1.6619
 -1.6619  -1.6619  -1.6619  -1.6619  -1.6619  -1.6619  -1.6619  -1.6619  -1.6619
 -1.6619  -1.6619  -1.6619  -1.6619  -1.6619  -1.6619  -1.6619  -1.6619  -1.6619
 -1.6619  -1.6620  -1.6622  -1.6626  -1.6636  -1.6662  -1.6726  -1.6887  -1.7293
 -1.8313  -2.0873  -2.7305  -4.3462 -10.2092 -10.7178 -11.2006 -11.6790 -12.1617
-12.6519 -13.1498 -13.6527 -14.1574 -14.6620 -15.1655 -15.6680 -16.1698 -16.6709
-17.1716
  0.0000  -1.8122  -1.8122  -1.8122  -1.8122  -1.8122  -1.8122  -1.8122  -1.8122
 -1.8122  -1.8122  -1.8122  -1.8122  -1.8122  -1.8122  -1.8122  -1.8122  -1.8122
 -1.8122  -1.8122  -1.8122  -1.8122  -1.8122  -1.8122  -1.8122  -1.8122  -1.8122
 -1.8122  -1.8122  -1.8123  -1.8125  -1.8130  -1.8143  -1.8175  -1.8256  -1.8459
 -1.8968  -2.0249  -2.3465  -3.1543  -5.1834 -10.7297 -11.2284 -11.7078 -12.1840
-12.6647 -13.1534 -13.6499 -14.1520 -14.6566 -15.1612 -15.6650 -16.1676 -16.6694
-17.1707
  0.0000  -0.5748  -0.5748  -0.5748  -0.5748  -0.5748  -0.5748  -0.5749  -0.5748
 -0.5748  -0.5748  -0.5748  -0.5748  -0.5748  -0.5748  -0.5748  -0.5748  -0.5747
 -0.5748  -0.5748  -0.5749  -0.5749  -0.5749  -0.5750  -0.5752  -0.5758  -0.5773
 -0.5812  -0.5907  -0.6147  -0.6750  -0.8264  -1.2067  -2.1620  -7.0569  -7.6512
 -8.1539  -8.6494  -9.1478  -9.6504 -10.1553 -10.6602 -11.1642 -11.6672 -12.1691
-12.6705 -13.1714 -13.6719 -14.1723 -14.6725 -15.1726 -15.6727 -16.1728 -16.6728
-17.1728
  0.0000  -0.7256  -0.7256  -0.7256  -0.7256  -0.7256  -0.7256  -0.7256  -0.7256
 -0.7256  -0.7256  -0.7256  -0.7256  -0.7256  -0.7256  -0.7256  -0.7254  -0.7256
 -0.7256  -0.7256  -0.7256  -0.7256  -0.7256  -0.7257  -0.7258  -0.7261  -0.7268
 -0.7288  -0.7335  -0.7454  -0.7757  -0.8514  -1.0415  -1.5192  -2.7190  -7.6341
 -8.1657  -8.6611  -9.1527  -9.6488 -10.1500 -10.6544 -11.1594 -11.6636 -12.1667
-12.6688 -13.1703 -13.6712 -14.1718 -14.6722 -15.1725 -15.6726 -16.1727 -16.6728
-17.1728
  0.0000  -0.8763  -0.8763  -0.8763  -0.8763  -0.8763  -0.8763  -0.8763  -0.8763
 -0.8763  -0.8763  -0.8763  -0.8763  -0.8763  -0.8763  -0.8763  -0.8763  -0.8763
 -0.8763  -0.8763  -0.8763  -0.8763  -0.8763  -0.8764  -0.8764  -0.8765  -0.8769
 -0.8779  -0.8803  -0.8863  -0.9013  -0.9392  -1.0343  -1.2731  -1.8730  -3.3800
 -8.1653  -8.6791  -9.1685  -9.6565 -10.1500 -10.6497 -11.1534 -11.6583 -12.1628
-12.6661 -13.1684 -13.6700 -14.1711 -14.6717 -15.1721 -15.6724 -16.1726 -16.6727
-17.1728
  0.0000  -1.0270  -1.0270  -1.0270  -1.0270  -1.0270  -1.0270  -1.0270  -1.0270
 -1.0270  -1.0270  -1.0270  -1.0270  -1.0270  -1.0270  -1.0270  -1.0270  -1.0270
 -1.0270  -1.0270  -1.0270  -1.0270  -1.0270  -1.0270  -1.0270  -1.0271  -1.0273
 -1.0278  -1.0290  -1.0320  -1.0395  -1.0584  -1.1060  -1.2254  -1.5254  -2.2788
 -4.1714  -8.6896  -9.1916  -9.6762 -10.1609 -10.6517 -11.1496 -11.6524 -12.1571
-12.6618 -13.1654 -13.6679 -14.1697 -14.6708 -15.1716 -15.6721 -16.1724 -16.6726
-17.1727
  0.0000  -1.1774  -1.1774  -1.1774  -1.1774  -1.1774  -1.1774  -1.1774  -1.1774
 -1.1774  -1.1774  -1.1774  -1.1774  -1.1774  -1.1774  -1.1774  -1.1774  -1.1774
 -1.1774  -1.1774  -1.1774  -1.1774  -1.1774  -1.1774  -1.1774  -1.1774  -1.1775
 -1.1778  -1.1784  -1.1799  -1.1836  -1.1931  -1.2169  -1.2766  -1.4270  -1.8033
 -2.7496  -8.5641  -9.2097  -9.7033 -10.1840 -10.6656 -11.1538 -11.6498 -12.1515
-12.6559 -13.1607 -13.6646 -14.1674 -14.6692 -15.1706 -15.6714 -16.1720 -16.6723
-17.1725
  0.0000  -1.3283  -1.3283  -1.3283  -1.3283  -1.3283  -1.3283  -1.3283  -1.3283
 -1.3283  -1.3283  -1.3283  -1.3283  -1.3283  -1.3283  -1.3283  -1.3283  -1.3283
 -1.3283  -1.3283  -1.3283  -1.3283  -1.3283  -1.3283  -1.3283  -1.3283  -1.3283
 -1.3285  -1.3287  -1.3295  -1.3314  -1.3361  -1.3476  -1.3779  -1.4528  -1.6412
 -2.1144  -3.3029  -9.1943  -9.7261 -10.2136 -10.6913 -11.1704 -11.6562 -12.1503
-12.6508 -13.1549 -13.6597 -14.1638 -14.6668 -15.1689 -15.6704 -16.1713 -16.6719
-17.1722
  0.0000  -1.4789  -1.4789  -1.4789  -1.4789  -1.4789  -1.4789  -1.4789  -1.4789
 -1.4789  -1.4789  -1.4789  -1.4789  -1.4789  -1.4789  -1.4789  -1.4789  -1.4789
 -1.4789  -1.4789  -1.4789  -1.4789  -1.4789  -1.4789  -1.4789  -1.4790  -1.4790
 -1.4790  -1.4792  -1.4796  -1.4805  -1.4829  -1.4888  -1.5037  -1.5412  -1.6354
 -1.8720  -2.4663  -3.9590  -9.7240 -10.2382 -10.7212 -11.1967 -11.6741 -12.1582
-12.6508 -13.1504 -13.6541 -14.1589 -14.6632 -15.1664 -15.6686 -16.1702 -16.6711
-17.1718
  0.0000  -0.2416  -0.2416  -0.2416  -0.2416  -0.2416  -0.2416  -0.2416  -0.2416
 -0.2416  -0.2416  -0.2416  -0.2416  -0.2416  -0.2416  -0.2416  -0.2416  -0.2416
 -0.2416  -0.2416  -0.2416  -0.2417  -0.2419  -0.2423  -0.2434  -0.2462  -0.2533
 -0.2709  -0.3153  -0.4266  -0.7064  -1.4092  -3.1739  -6.6517  -7.1612  -7.6547
 -8.1492  -8.6488  -9.1523  -9.6573 -10.1619 -10.6656 -11.1680 -11.6698 -12.1709
-12.6716 -13.1721 -13.6724 -14.1726 -14.6727 -15.1728 -15.6728 -16.1728 -16.6728
-17.1729
  0.0000  -0.3922  -0.3922  -0.3922  -0.3922  -0.3922  -0.3922  -0.3922  -0.3922
 -0.3922  -0.3922  -0.3922  -0.3922  -0.3922  -0.3922  -0.3922  -0.3922  -0.3922
 -0.3922  -0.3922  -0.3922  -0.3922  -0.3923  -0.3926  -0.3931  -0.3945  -0.3980
 -0.4069  -0.4290  -0.4847  -0.6246  -0.9760  -1.8586  -4.0745  -7.1704  -7.6701
 -8.1593  -8.6511  -9.1490  -9.6517 -10.1564 -10.6612 -11.1650 -11.6677 -12.1694
-12.6707 -13.1715 -13.6720 -14.1723 -14.6725 -15.1727 -15.6727 -16.1728 -16.6728
-17.1728
  0.0000  -0.5421  -0.5421  -0.5420  -0.5421  -0.5421  -0.5421  -0.5421  -0.5421
 -0.5421  -0.5421  -0.5421  -0.5421  -0.5421  -0.5421  -0.5421  -0.5421  -0.5421
 -0.5421  -0.5421  -0.5421  -0.5421  -0.5421  -0.5422  -0.5425  -0.5432  -0.5450
 -0.5494  -0.5605  -0.5883  -0.6583  -0.8340  -1.2753  -2.3839  -7.1483  -7.6868
 -8.1791  -8.6644  -9.1535  -9.6494 -10.1510 -10.6555 -11.1602 -11.6643 -12.1672
-12.6691 -13.1705 -13.6714 -14.1719 -14.6723 -15.1725 -15.6726 -16.1727 -16.6728
-17.1728
  0.0000  -0.6931  -0.6931  -0.6931  -0.6931  -0.6931  -0.6931  -0.6931  -0.6931
 -0.6931  -0.6931  -0.6931  -0.6931  -0.6931  -0.6931  -0.6931  -0.6931  -0.6931
 -0.6931  -0.6931  -0.6931  -0.6931  -0.6932  -0.6932  -0.6933  -0.6937  -0.6946
 -0.6968  -0.7023  -0.7163  -0.7512  -0.8391  -1.0597  -1.6140  -3.0063  -7.6841
 -8.2016  -8.6881  -9.1700  -9.6563 -10.1501 -10.6505 -11.1544 -11.6593 -12.1635
-12.6666 -13.1687 -13.6703 -14.1712 -14.6718 -15.1722 -15.6725 -16.1726 -16.6727
-17.1728
  0.0000  -0.8440  -0.8440  -0.8440  -0.8440  -0.8440  -0.8440  -0.8440  -0.8440
 -0.8440  -0.8441  -0.8440  -0.8440  -0.8440  -0.8440  -0.8440  -0.8440  -0.8440
 -0.8440  -0.8440  -0.8440  -0.8441  -0.8441  -0.8441  -0.8442  -0.8443  -0.8448
 -0.8459  -0.8486  -0.8556  -0.8731  -0.9170  -1.0274  -1.3045  -2.0007  -3.7493
 -8.2102  -8.7149  -9.1970  -9.6759 -10.1597 -10.6512 -11.1500 -11.6533 -12.1582
-12.6626 -13.1660 -13.6683 -14.1700 -14.6710 -15.1717 -15.6721 -16.1724 -16.6726
-17.1727
  0.0000  -0.9943  -0.9943  -0.9943  -0.9943  -0.9943  -0.9943  -0.9943  -0.9943
 -0.9943  -0.9943  -0.9943  -0.9943  -0.9943  -0.9943  -0.9943  -0.9943  -0.9943
 -0.9943  -0.9943  -0.9943  -0.9943  -0.9943  -0.9943  -0.9944  -0.9945  -0.9947
 -0.9952  -0.9966  -1.0001  -1.0088  -1.0308  -1.0860  -1.2245  -1.5726  -2.4470
 -4.6431  -8.7304  -9.2262  -9.7049 -10.1814 -10.6630 -11.1526 -11.6499 -12.1524
-12.6571 -13.1617 -13.6653 -14.1679 -14.6697 -15.1708 -15.6716 -16.1721 -16.6724
-17.1725
  0.0000  -1.1453  -1.1453  -1.1453  -1.1453  -1.1453  -1.1453  -1.1453  -1.1453
 -1.1453  -1.1453  -1.1453  -1.1453  -1.1453  -1.1450  -1.1453  -1.1453  -1.1453
 -1.1453  -1.1453  -1.1453  -1.1453  -1.1453  -1.1453  -1.1453  -1.1453  -1.1454
 -1.1457  -1.1464  -1.1482  -1.1526  -1.1635  -1.1911  -1.2604  -1.4344  -1.8716
 -2.9697  -8.7019  -9.2450  -9.7344 -10.2106 -10.6856 -11.1656 -11.6537 -12.1499
-12.6519 -13.1564 -13.6611 -14.1649 -14.6676 -15.1693 -15.6707 -16.1715 -16.6720
-17.1723
  0.0000   0.0922   0.0922   0.0922   0.0922   0.0922   0.0922   0.0922   0.0922
  0.0922   0.0922   0.0922   0.0922   0.0922   0.0922   0.0922   0.0922   0.0922
  0.0921   0.0920   0.0919   0.0916   0.0908   0.0887   0.0836   0.0706   0.0380
 -0.0440  -0.2498  -0.7667  -2.0648  -5.6450  -6.1696  -6.6630  -7.1535  -7.6490
 -8.1500  -8.6542  -9.1592  -9.6635 -10.1666 -10.6687 -11.1703 -11.6712 -12.1718
-12.6722 -13.1725 -13.6726 -14.1727 -14.6728 -15.1728 -15.6728 -16.1729 -16.6729
-17.1729
  0.0000  -0.0583  -0.0587  -0.0587  -0.0587  -0.0587  -0.0587  -0.0587  -0.0587
 -0.0587  -0.0587  -0.0587  -0.0587  -0.0587  -0.0587  -0.0587  -0.0587  -0.0587
 -0.0587  -0.0587  -0.0588  -0.0589  -0.0593  -0.0604  -0.0630  -0.0695  -0.0858
 -0.1267  -0.2294  -0.4881  -1.1374  -2.7677  -6.1708  -6.6803  -7.1687  -7.6565
 -8.1500  -8.6498  -9.1535  -9.6584 -10.1628 -10.6662 -11.1684 -11.6701 -12.1711
-12.6717 -13.1722 -13.6724 -14.1726 -14.6727 -15.1728 -15.6728 -16.1728 -16.6729
-17.1729
  0.0000  -0.2094  -0.2094  -0.2094  -0.2094  -0.2094  -0.2094  -0.2094  -0.2094
 -0.2094  -0.2094  -0.2094  -0.2094  -0.2094  -0.2094  -0.2094  -0.2094  -0.2094
 -0.2094  -0.2094  -0.2095  -0.2095  -0.2097  -0.2103  -0.2115  -0.2148  -0.2229
 -0.2434  -0.2949  -0.4241  -0.7488  -1.5643  -3.6114  -6.6917  -7.1909  -7.6750
 -8.1599  -8.6513  -9.1497  -9.6527 -10.1575 -10.6621 -11.1656 -11.6681 -12.1698
-12.6709 -13.1716 -13.6721 -14.1724 -14.6726 -15.1727 -15.6728 -16.1728 -16.6728
-17.1728
  0.0000  -0.3599  -0.3599  -0.3599  -0.3599  -0.3599  -0.3599  -0.3599  -0.3599
 -0.3599  -0.3599  -0.3599  -0.3599  -0.3599  -0.3599  -0.3599  -0.3599  -0.3599
 -0.3599  -0.3599  -0.3599  -0.3600  -0.3601  -0.3603  -0.3610  -0.3626  -0.3667
 -0.3769  -0.4026  -0.4673  -0.6296  -1.0373  -2.0615  -6.6575  -7.2096  -7.7011
 -8.1817  -8.6639  -9.1530  -9.6497 -10.1519 -10.6564 -11.1612 -11.6649 -12.1676
-12.6693 -13.1707 -13.6715 -14.1720 -14.6723 -15.1725 -15.6727 -16.1727 -16.6728
-17.1728
  0.0000  -0.5104  -0.5104  -0.5104  -0.5104  -0.5104  -0.5104  -0.5104  -0.5104
 -0.5104  -0.5104  -0.5104  -0.5104  -0.5104  -0.5104  -0.5104  -0.5104  -0.5104
 -0.5104  -0.5104  -0.5104  -0.5104  -0.5105  -0.5106  -0.5109  -0.5117  -0.5138
 -0.5189  -0.5318  -0.5641  -0.6453  -0.8491  -1.3612  -2.6476  -7.2007  -7.7249
 -8.2109  -8.6885  -9.1683  -9.6551 -10.1500 -10.6511 -11.1554 -11.6602 -12.1642
-12.6671 -13.1690 -13.6705 -14.1714 -14.6719 -15.1723 -15.6725 -16.1726 -16.6727
-17.1728
  0.0000  -0.6608  -0.6608  -0.6608  -0.6608  -0.6608  -0.6608  -0.6608  -0.6608
 -0.6608  -0.6608  -0.6608  -0.6608  -0.6608  -0.6612  -0.6608  -0.6608  -0.6608
 -0.6608  -0.6608  -0.6609  -0.6609  -0.6609  -0.6611  -0.6611  -0.6615  -0.6625
 -0.6651  -0.6715  -0.6877  -0.7283  -0.8302  -1.0863  -1.7295  -3.3450  -7.7281
 -8.2376  -8.7194  -9.1947  -9.6725 -10.1573 -10.6505 -11.1506 -11.6545 -12.1593
-12.6635 -13.1666 -13.6687 -14.1703 -14.6712 -15.1718 -15.6722 -16.1725 -16.6726
-17.1727
  0.0000  -0.8121  -0.8121  -0.8121  -0.8121  -0.8121  -0.8121  -0.8121  -0.8121
 -0.8121  -0.8121  -0.8121  -0.8121  -0.8121  -0.8121  -0.8121  -0.8121  -0.8121
 -0.8121  -0.8121  -0.8121  -0.8121  -0.8121  -0.8121  -0.8122  -0.8124  -0.8129
 -0.8142  -0.8174  -0.8255  -0.8458  -0.8967  -1.0248  -1.3464  -2.1542  -4.1832
 -8.2471  -8.7467  -9.2254  -9.6991 -10.1755 -10.6590 -11.1510 -11.6504 -12.1539
-12.6587 -13.1630 -13.6663 -14.1685 -14.6701 -15.1711 -15.6718 -16.1722 -16.6724
-17.1726
  0.0000   0.4257   0.4257   0.4257   0.4257   0.4257   0.4257   0.4257   0.4257
  0.4257   0.4257   0.4257   0.4257   0.4257   0.4257   0.4257   0.4257   0.4257
  0.4256   0.4253   0.4247   0.4232   0.4194   0.4099   0.3859   0.3256   0.1740
 -0.2059  -1.1606  -4.5821  -5.1774  -5.6741  -6.1615  -6.6521  -7.1491  -7.6513
 -8.1559  -8.6607  -9.1647  -9.6674 -10.1692 -10.6706 -11.1714 -11.6720 -12.1723
-12.6725 -13.1727 -13.6727 -14.1728 -14.6728 -15.1728 -15.6729 -16.1729 -16.6729
-17.1729
  0.0000   0.2750   0.2750   0.2750   0.2750   0.2750   0.2750   0.2750   0.2750
  0.2750   0.2750   0.2750   0.2750   0.2750   0.2750   0.2750   0.2750   0.2749
  0.2749   0.2748   0.2745   0.2737   0.2718   0.2670   0.2550   0.2249   0.1492
 -0.0409  -0.5185  -1.7176  -5.1608  -5.6905  -6.1808  -6.6653  -7.1539  -7.6495
 -8.1509  -8.6554  -9.1602  -9.6642 -10.1671 -10.6690 -11.1705 -11.6714 -12.1719
-12.6723 -13.1725 -13.6726 -14.1727 -14.6728 -15.1728 -15.6728 -16.1729 -16.6729
-17.1729
  0.0000   0.1242   0.1242   0.1242   0.1242   0.1242   0.1242   0.1242   0.1242
  0.1242   0.1242   0.1242   0.1242   0.1242   0.1242   0.1242   0.1242   0.1242
  0.1242   0.1241   0.1240   0.1236   0.1226   0.1202   0.1142   0.0992   0.0613
 -0.0337  -0.2725  -0.8724  -2.3784  -5.6903  -6.2028  -6.6880  -7.1697  -7.6561
 -8.1501  -8.6505  -9.1545  -9.6594 -10.1636 -10.6667 -11.1688 -11.6703 -12.1712
-12.6718 -13.1722 -13.6725 -14.1726 -14.6727 -15.1728 -15.6728 -16.1728 -16.6729
-17.1729
  0.0000  -0.0266  -0.0266  -0.0266  -0.0266  -0.0266  -0.0266  -0.0266  -0.0266
 -0.0266  -0.0266  -0.0266  -0.0266  -0.0266  -0.0266  -0.0266  -0.0266  -0.0266
 -0.0266  -0.0266  -0.0267  -0.0269  -0.0274  -0.0286  -0.0316  -0.0391  -0.0580
 -0.1056  -0.2250  -0.5249  -1.2783  -3.1694  -6.2132  -6.7144  -7.1956  -7.6746
 -8.1589  -8.6509  -9.1501  -9.6536 -10.1585 -10.6628 -11.1662 -11.6684 -12.1701
-12.6711 -13.1717 -13.6722 -14.1724 -14.6726 -15.1727 -15.6728 -16.1728 -16.6728
-17.1729
  0.0000  -0.1771  -0.1771  -0.1771  -0.1771  -0.1771  -0.1771  -0.1771  -0.1771
 -0.1771  -0.1774  -0.1771  -0.1771  -0.1771  -0.1771  -0.1771  -0.1771  -0.1771
 -0.1771  -0.1771  -0.1771  -0.1772  -0.1775  -0.1781  -0.1796  -0.1833  -0.1928
 -0.2166  -0.2763  -0.4262  -0.8030  -1.7492  -6.0796  -6.7317  -7.2250  -7.7031
 -8.1798  -8.6619  -9.1521  -9.6500 -10.1528 -10.6575 -11.1620 -11.6656 -12.1680
-12.6698 -13.1709 -13.6716 -14.1721 -14.6724 -15.1726 -15.6727 -16.1728 -16.6728
-17.1728
  0.0000  -0.3277  -0.3278  -0.3277  -0.3277  -0.3277  -0.3277  -0.3277  -0.3277
 -0.3277  -0.3277  -0.3277  -0.3277  -0.3277  -0.3277  -0.3277  -0.3278  -0.3277
 -0.3277  -0.3278  -0.3278  -0.3278  -0.3279  -0.3282  -0.3290  -0.3309  -0.3356
 -0.3475  -0.3773  -0.4523  -0.6407  -1.1139  -2.3023  -6.7129  -7.2465  -7.7341
 -8.2097  -8.6847  -9.1649  -9.6534 -10.1499 -10.6521 -11.1566 -11.6613 -12.1650
-12.6677 -13.1694 -13.6707 -14.1715 -14.6720 -15.1723 -15.6725 -16.1727 -16.6727
-17.1728
  0.0000  -0.4785  -0.4785  -0.4785  -0.4785  -0.4785  -0.4785  -0.4785  -0.4785
 -0.4785  -0.4785  -0.4785  -0.4785  -0.4785  -0.4785  -0.4785  -0.4785  -0.4785
 -0.4785  -0.4785  -0.4785  -0.4785  -0.4786  -0.4787  -0.4792  -0.4801  -0.4824
 -0.4884  -0.5033  -0.5408  -0.6350  -0.8716  -1.4658  -2.9585  -7.2411  -7.7570
 -8.2402  -8.7141  -9.1879  -9.6669 -10.1543 -10.6500 -11.1517 -11.6561 -12.1608
-12.6646 -13.1674 -13.6692 -14.1706 -14.6714 -15.1720 -15.6723 -16.1725 -16.6726
-17.1727
  0.0000   0.7594   0.7594   0.7594   0.7594   0.7594   0.7594   0.7594   0.7594
  0.7594   0.7594   0.7594   0.7594   0.7594   0.7594   0.7594   0.7593   0.7591
  0.7587   0.7576   0.7548   0.7478   0.7301   0.6858   0.5746   0.2951  -0.4066
 -2.1552  -4.1820  -4.6873  -5.1734  -5.6592  -6.1510  -6.6496  -7.1528  -7.6576
 -8.1621  -8.6657  -9.1681  -9.6698 -10.1709 -10.6716 -11.1721 -11.6724 -12.1726
-12.6727 -13.1728 -13.6728 -14.1728 -14.6728 -15.1729 -15.6729 -16.1729 -16.6729
-17.1729
  0.0000   0.6083   0.6083   0.6083   0.6083   0.6083   0.6083   0.6083   0.6083
  0.6083   0.6083   0.6083   0.6083   0.6083   0.6083   0.6083   0.6082   0.6081
  0.6079   0.6074   0.6060   0.6025   0.5936   0.5715   0.5158   0.3760   0.0249
 -0.8568  -3.0379  -4.6987  -5.1949  -5.6776  -6.1615  -6.6519  -7.1496  -7.6523
 -8.1570  -8.6617  -9.1653  -9.6679 -10.1697 -10.6708 -11.1716 -11.6721 -12.1724
-12.6725 -13.1727 -13.6727 -14.1728 -14.6728 -15.1728 -15.6729 -16.1729 -16.6729
-17.1729
  0.0000   0.4584   0.4584   0.4584   0.4584   0.4584   0.4584   0.4584   0.4584
  0.4584   0.4584   0.4584   0.4584   0.4584   0.4584   0.4584   0.4584   0.4584
  0.4583   0.4580   0.4573   0.4555   0.4511   0.4400   0.4122   0.3423   0.1666
 -0.2745  -1.3820  -4.6743  -5.2134  -5.7029  -6.1826  -6.6645  -7.1532  -7.6497
 -8.1518  -8.6564  -9.1611  -9.6649 -10.1676 -10.6693 -11.1707 -11.6715 -12.1720
-12.6723 -13.1725 -13.6727 -14.1727 -14.6728 -15.1728 -15.6728 -16.1729 -16.6729
-17.1729
  0.0000   0.3071   0.3071   0.3071   0.3071   0.3071   0.3071   0.3071   0.3071
  0.3071   0.3071   0.3071   0.3071   0.3074   0.3071   0.3071   0.3070   0.3067
  0.3070   0.3068   0.3065   0.3056   0.3034   0.2979   0.2839   0.2490   0.1611
 -0.0595  -0.6136  -2.0047  -5.2084  -5.7266  -6.2111  -6.6883  -7.1680  -7.6550
 -8.1500  -8.6512  -9.1556  -9.6603 -10.1643 -10.6672 -11.1691 -11.6705 -12.1714
-12.6719 -13.1723 -13.6725 -14.1726 -14.6727 -15.1728 -15.6728 -16.1728 -16.6729
-17.1729
  0.0000   0.1566   0.1566   0.1566   0.1566   0.1566   0.1566   0.1566   0.1566
  0.1566   0.1566   0.1566   0.1566   0.1566   0.1566   0.1566   0.1566   0.1566
  0.1566   0.1565   0.1564   0.1559   0.1548   0.1520   0.1451   0.1276   0.0837
 -0.0266  -0.3038  -0.9998  -2.7466  -5.7328  -6.2383  -6.7190  -7.1941  -7.6719
 -8.1570  -8.6505  -9.1507  -9.6547 -10.1595 -10.6636 -11.1667 -11.6688 -12.1703
-12.6712 -13.1718 -13.6722 -14.1725 -14.6726 -15.1727 -15.6728 -16.1728 -16.6728
-17.1729
  0.0000   0.0056   0.0056   0.0056   0.0056   0.0056   0.0056   0.0056   0.0056
  0.0056   0.0056   0.0056   0.0056   0.0056   0.0056   0.0056   0.0056   0.0056
  0.0056   0.0055   0.0054   0.0052   0.0047   0.0033  -0.0002  -0.0089  -0.0309
 -0.0861  -0.2246  -0.5726  -1.4469  -3.6392  -6.2513  -6.7480  -7.2258  -7.6992
 -8.1755  -8.6590  -9.1510  -9.6504 -10.1539 -10.6587 -11.1630 -11.6663 -12.1685
-12.6701 -13.1711 -13.6718 -14.1722 -14.6724 -15.1726 -15.6727 -16.1728 -16.6728
-17.1728
  0.0000  -0.1452  -0.1452  -0.1452  -0.1452  -0.1452  -0.1452  -0.1452  -0.1452
 -0.1452  -0.1452  -0.1452  -0.1452  -0.1452  -0.1452  -0.1452  -0.1452  -0.1452
 -0.1452  -0.1453  -0.1453  -0.1454  -0.1457  -0.1464  -0.1481  -0.1525  -0.1635
 -0.1911  -0.2603  -0.4344  -0.8715  -1.9695  -6.2183  -6.7640  -7.2545  -7.7301
 -8.2023  -8.6777  -9.1602  -9.6514 -10.1502 -10.6535 -11.1583 -11.6627 -12.1660
-12.6683 -13.1700 -13.6710 -14.1717 -14.6721 -15.1724 -15.6726 -16.1727 -16.6728
-17.1728
  0.0000   1.0923   1.0923   1.0923   1.0923   1.0918   1.0923   1.0923   1.0923
  1.0923   1.0923   1.0923   1.0923   1.0923   1.0922   1.0920   1.0917   1.0909
  1.0889   1.0837   1.0708   1.0382   0.9565   0.7514   0.2365  -1.0475  -3.1781
 -3.7011  -4.1888  -4.6708  -5.1568  -5.6503  -6.1502  -6.6541  -7.1590  -7.6633
 -8.1665  -8.6686  -9.1702  -9.6712 -10.1718 -10.6722 -11.1724 -11.6726 -12.1727
-12.6728 -13.1728 -13.6728 -14.1729 -14.6729 -15.1729 -15.6729 -16.1729 -16.6729
-17.1729
  0.0000   0.9426   0.9426   0.9426   0.9426   0.9426   0.9425   0.9426   0.9426
  0.9426   0.9426   0.9426   0.9426   0.9426   0.9426   0.9425   0.9424   0.9420
  0.9409   0.9383   0.9319   0.9156   0.8747   0.7720   0.5140  -0.1335  -1.7441
 -3.7015  -4.2097  -4.6932  -5.1732  -5.6581  -6.1506  -6.6502  -7.1538  -7.6587
 -8.1630  -8.6663  -9.1685  -9.6701 -10.1711 -10.6718 -11.1722 -11.6724 -12.1726
-12.6727 -13.1728 -13.6728 -14.1728 -14.6729 -15.1729 -15.6729 -16.1729 -16.6729
-17.1729
  0.0000   0.7912   0.7912   0.7912   0.7912   0.7912   0.7912   0.7912   0.7912
  0.7912   0.7912   0.7912   0.7912   0.7912   0.7912   0.7911   0.7910   0.7908
  0.7903   0.7890   0.7858   0.7776   0.7572   0.7058   0.5767   0.2524  -0.5615
 -2.5713  -4.2202  -4.7185  -5.1985  -5.6766  -6.1599  -6.6513  -7.1501  -7.6533
 -8.1581  -8.6625  -9.1659  -9.6683 -10.1699 -10.6710 -11.1717 -11.6721 -12.1724
-12.6726 -13.1727 -13.6728 -14.1728 -14.6728 -15.1729 -15.6729 -16.1729 -16.6729
-17.1729
  0.0000   0.6404   0.6404   0.6404   0.6404   0.6404   0.6404   0.6404   0.6404
  0.6404   0.6404   0.6404   0.6404   0.6404   0.6404   0.6404   0.6404   0.6403
  0.6400   0.6394   0.6377   0.6337   0.6234   0.5977   0.5331   0.3705  -0.0366
 -1.0592  -4.1813  -4.7361  -5.2272  -5.7044  -6.1807  -6.6624  -7.1522  -7.6499
 -8.1527  -8.6574  -9.1619  -9.6655 -10.1680 -10.6697 -11.1709 -11.6716 -12.1721
-12.6724 -13.1726 -13.6727 -14.1728 -14.6728 -15.1728 -15.6728 -16.1729 -16.6729
-17.1729
  0.0000   0.4898   0.4898   0.4898   0.4898   0.4898   0.4898   0.4898   0.4898
  0.4898   0.4898   0.4898   0.4898   0.4898   0.4898   0.4898   0.4898   0.4898
  0.4896   0.4893   0.4885   0.4865   0.4813   0.4685   0.4362   0.3550   0.1512
 -0.3606  -1.6453  -4.7232  -5.2495  -5.7354  -6.2105  -6.6851  -7.1651  -7.6535
 -8.1499  -8.6521  -9.1566  -9.6612 -10.1650 -10.6676 -11.1694 -11.6707 -12.1715
-12.6720 -13.1723 -13.6725 -14.1727 -14.6727 -15.1728 -15.6728 -16.1728 -16.6729
-17.1729
  0.0000   0.3394   0.3393   0.3394   0.3394   0.3394   0.3394   0.3394   0.3394
  0.3390   0.3394   0.3394   0.3394   0.3394   0.3394   0.3394   0.3394   0.3393
  0.3393   0.3391   0.3387   0.3377   0.3351   0.3287   0.3125   0.2720   0.1700
 -0.0860  -0.7289  -2.3423  -5.2488  -5.7603  -6.2423  -6.7156  -7.1891  -7.6678
 -8.1547  -8.6501  -9.1515  -9.6559 -10.1606 -10.6645 -11.1673 -11.6692 -12.1706
-12.6714 -13.1720 -13.6723 -14.1725 -14.6726 -15.1727 -15.6728 -16.1728 -16.6728
-17.1729
  0.0000   0.1885   0.1885   0.1885   0.1885   0.1885   0.1885   0.1885   0.1885
  0.1885   0.1885   0.1885   0.1885   0.1885   0.1885   0.1885   0.1885   0.1884
  0.1884   0.1883   0.1881   0.1876   0.1863   0.1831   0.1750   0.1548   0.1038
 -0.0242  -0.3458  -1.1534  -3.1782  -5.7659  -6.2673  -6.7463  -7.2184  -7.6910
 -8.1691  -8.6553  -9.1502  -9.6513 -10.1556 -10.6603 -11.1643 -11.6672 -12.1691
-12.6705 -13.1714 -13.6719 -14.1723 -14.6725 -15.1726 -15.6727 -16.1728 -16.6728
-17.1728
  0.0000   1.4247   1.4247   1.4247   1.4247   1.4247   1.4247   1.4247   1.4247
  1.4247   1.4247   1.4247   1.4246   1.4245   1.4243   1.4237   1.4222   1.4184
  1.4090   1.3852   1.3254   1.1754   0.7993  -0.1369  -2.1186  -2.7131  -3.2067
 -3.6870  -4.1677  -4.6549  -5.1499  -5.6511  -6.1553  -6.6602  -7.1642  -7.6671
 -8.1690  -8.6705  -9.1713  -9.6719 -10.1723 -10.6725 -11.1726 -11.6727 -12.1728
-12.6728 -13.1728 -13.6729 -14.1729 -14.6729 -15.1729 -15.6729 -16.1729 -16.6729
-17.1729
  0.0000   1.2745   1.2745   1.2745   1.2745   1.2745   1.2745   1.2745   1.2745
  1.2745   1.2745   1.2745   1.2745   1.2744   1.2743   1.2740   1.2733   1.2714
  1.2666   1.2547   1.2247   1.1494   0.9603   0.4862  -0.6931  -2.6921  -3.2235
 -3.7111  -4.1891  -4.6688  -5.1554  -5.6501  -6.1510  -6.6553  -7.1600  -7.6641
 -8.1670  -8.6690  -9.1704  -9.6713 -10.1719 -10.6723 -11.1725 -11.6726 -12.1727
-12.6728 -13.1728 -13.6728 -14.1729 -14.6729 -15.1729 -15.6729 -16.1729 -16.6729
-17.1729
  0.0000   1.1248   1.1248   1.1248   1.1248   1.1246   1.1248   1.1248   1.1248
  1.1248   1.1248   1.1248   1.1248   1.1248   1.1247   1.1246   1.1242   1.1233
  1.1209   1.1149   1.0999   1.0622   0.9674   0.7294   0.1324  -1.3483  -3.2197
 -3.7333  -4.2164  -4.6925  -5.1709  -5.6564  -6.1503  -6.6508  -7.1549  -7.6596
 -8.1638  -8.6668  -9.1688  -9.6703 -10.1713 -10.6719 -11.1722 -11.6725 -12.1726
-12.6727 -13.1728 -13.6728 -14.1728 -14.6729 -15.1729 -15.6729 -16.1729 -16.6729
-17.1729
  0.0000   0.9739   0.9739   0.9739   0.9739   0.9739   0.9739   0.9739   0.9739
  0.9738   0.9739   0.9739   0.9739   0.9738   0.9738   0.9737   0.9735   0.9731
  0.9719   0.9689   0.9614   0.9425   0.8950   0.7758   0.4766  -0.2744  -2.1233
 -3.7405  -4.2428  -4.7223  -5.1967  -5.6738  -6.1580  -6.6508  -7.1505  -7.6543
 -8.1590  -8.6633  -9.1665  -9.6686 -10.1702 -10.6712 -11.1718 -11.6722 -12.1724
-12.6726 -13.1727 -13.6728 -14.1728 -14.6728 -15.1729 -15.6729 -16.1729 -16.6729
-17.1729
  0.0000   0.8230   0.8230   0.8230   0.8230   0.8230   0.8230   0.8230   0.8230
  0.8230   0.8230   0.8230   0.8230   0.8230   0.8230   0.8229   0.8228   0.8226
  0.8220   0.8205   0.8167   0.8073   0.7835   0.7239   0.5741   0.1979  -0.7461
 -3.5677  -4.2570  -4.7514  -5.2283  -5.7013  -6.1770  -6.6598  -7.1513  -7.6503
 -8.1536  -8.6584  -9.1628  -9.6661 -10.1684 -10.6700 -11.1711 -11.6717 -12.1721
-12.6724 -13.1726 -13.6727 -14.1728 -14.6728 -15.1728 -15.6729 -16.1729 -16.6729
-17.1729
  0.0000   0.6727   0.6727   0.6727   0.6727   0.6727   0.6727   0.6727   0.6727
  0.6727   0.6727   0.6727   0.6727   0.6727   0.6727   0.6727   0.6726   0.6725
  0.6722   0.6715   0.6696   0.6648   0.6530   0.6231   0.5482   0.3600  -0.1128
 -1.2989  -4.2330  -4.7697  -5.2584  -5.7333  -6.2051  -6.6798  -7.1615  -7.6519
 -8.1501  -8.6531  -9.1578  -9.6623 -10.1658 -10.6682 -11.1699 -11.6710 -12.1717
-12.6721 -13.1724 -13.6726 -14.1727 -14.6728 -15.1728 -15.6728 -16.1729 -16.6729
-17.1729
  0.0000   0.5217   0.5217   0.5217   0.5217   0.5217   0.5217   0.5217   0.5217
  0.5217   0.5217   0.5217   0.5217   0.5217   0.5217   0.5217   0.5217   0.5216
  0.5215   0.5211   0.5202   0.5178   0.5119   0.4970   0.4595   0.3653   0.1288
 -0.4651  -1.9547  -4.7594  -5.2779  -5.7623  -6.2356  -6.7067  -7.1809  -7.6622
 -8.1522  -8.6501  -9.1529  -9.6576 -10.1621 -10.6656 -11.1681 -11.6698 -12.1709
-12.6716 -13.1721 -13.6724 -14.1726 -14.6727 -15.1728 -15.6728 -16.1728 -16.6728
-17.1729
  0.0000   1.7529   1.7529   1.7529   1.7529   1.7529   1.7529   1.7529   1.7529
  1.7529   1.7528   1.7528   1.7526   1.7522   1.7511   1.7483   1.7415   1.7243
  1.6810   1.5725   1.3009   0.6279  -0.8231  -1.7184  -2.2251  -2.7071  -3.1841
 -3.6650  -4.1534  -4.6498  -5.1518  -5.6564  -6.1611  -6.6649  -7.1676  -7.6693
 -8.1707  -8.6715  -9.1720  -9.6723 -10.1725 -10.6727 -11.1727 -11.6728 -12.1728
-12.6728 -13.1729 -13.6729 -14.1729 -14.6729 -15.1729 -15.6729 -16.1729 -16.6729
-17.1729
  0.0000   1.6054   1.6053   1.6054   1.6054   1.6054   1.6054   1.6054   1.6054
  1.6054   1.6054   1.6053   1.6052   1.6050   1.6045   1.6031   1.5996   1.5910
  1.5691   1.5143   1.3768   1.0322   0.1782  -1.5127  -2.2332  -2.7298  -3.2085
 -3.6845  -4.1650  -4.6534  -5.1499  -5.6520  -6.1565  -6.6612  -7.1649  -7.6676
 -8.1693  -8.6707  -9.1715  -9.6720 -10.1723 -10.6725 -11.1727 -11.6727 -12.1728
-12.6728 -13.1728 -13.6729 -14.1729 -14.6729 -15.1729 -15.6729 -16.1729 -16.6729
-17.1729
  0.0000   1.4558   1.4558   1.4558   1.4558   1.4558   1.4558   1.4558   1.4558
  1.4558   1.4557   1.4557   1.4557   1.4556   1.4553   1.4546   1.4529   1.4485
  1.4375   1.4099   1.3407   1.1668   0.7312  -0.3479  -2.2016  -2.7455  -3.2352
 -3.7115  -4.1863  -4.6660  -5.1539  -5.6499  -6.1518  -6.6563  -7.1609  -7.6648
 -8.1675  -8.6693  -9.1707  -9.6715 -10.1720 -10.6723 -11.1725 -11.6727 -12.1727
-12.6728 -13.1728 -13.6728 -14.1729 -14.6729 -15.1729 -15.6729 -16.1729 -16.6729
-17.1729
  0.0000   1.3065   1.3065   1.3065   1.3065   1.3065   1.3065   1.3065   1.3065
  1.3065   1.3065   1.3065   1.3065   1.3065   1.3063   1.3060   1.3051   1.3029
  1.2974   1.2835   1.2488   1.1615   0.9422   0.3926  -0.9648  -2.7351  -3.2564
 -3.7411  -4.2155  -4.6891  -5.1679  -5.6547  -6.1500  -6.6515  -7.1558  -7.6605
 -8.1645  -8.6673  -9.1691  -9.6706 -10.1714 -10.6719 -11.1723 -11.6725 -12.1726
-12.6727 -13.1728 -13.6728 -14.1728 -14.6729 -15.1729 -15.6729 -16.1729 -16.6729
-17.1729
  0.0000   1.1568   1.1568   1.1568   1.1568   1.1568   1.1568   1.1568   1.1568
  1.1568   1.1568   1.1568   1.1568   1.1568   1.1567   1.1566   1.1561   1.1550
  1.1523   1.1453   1.1279   1.0841   0.9742   0.6982   0.0060  -1.6907  -3.2578
 -3.7659  -4.2470  -4.7198  -5.1925  -5.6701  -6.1559  -6.6503  -7.1511  -7.6553
 -8.1600  -8.6641  -9.1670  -9.6690 -10.1704 -10.6713 -11.1719 -11.6723 -12.1725
-12.6726 -13.1727 -13.6728 -14.1728 -14.6728 -15.1729 -15.6729 -16.1729 -16.6729
-17.1729
  0.0000   1.0055   1.0055   1.0055   1.0055   1.0055   1.0055   1.0055   1.0055
  1.0055   1.0055   1.0055   1.0055   1.0055   1.0055   1.0054   1.0052   1.0046
  1.0032   0.9998   0.9910   0.9691   0.9141   0.7758   0.4286  -0.4421  -2.5329
 -3.7741  -4.2733  -4.7516  -5.2232  -5.6951  -6.1719  -6.6568  -7.1505  -7.6509
 -8.1549  -8.6596  -9.1638  -9.6668 -10.1688 -10.6703 -11.1713 -11.6719 -12.1722
-12.6725 -13.1726 -13.6727 -14.1728 -14.6728 -15.1728 -15.6729 -16.1729 -16.6729
-17.1729
  0.0000   0.8558   0.8558   0.8558   0.8558   0.8558   0.8558   0.8558   0.8558
  0.8558   0.8558   0.8558   0.8558   0.8558   0.8558   0.8558   0.8557   0.8554
  0.8547   0.8530   0.8486   0.8376   0.8101   0.7409   0.5671   0.1306  -0.9639
 -3.7355  -4.2847  -4.7773  -5.2534  -5.7242  -6.1956  -6.6722  -7.1569  -7.6505
 -8.1508  -8.6548  -9.1596  -9.6637 -10.1668 -10.6688 -11.1703 -11.6713 -12.1718
-12.6722 -13.1725 -13.6726 -14.1727 -14.6728 -15.1728 -15.6728 -16.1729 -16.6729
-17.1729
  0.0000   2.0728   2.0728   2.0728   2.0728   2.0728   2.0728   2.0728   2.0728
  2.0727   2.0726   2.0723   2.0715   2.0696   2.0647   2.0526   2.0220   1.9454
  1.7542   1.2847   0.2556  -0.7090  -1.2395  -1.7285  -2.2054  -2.6815  -3.1629
 -3.6525  -4.1498  -4.6525  -5.1571  -5.6617  -6.1653  -6.6679  -7.1697  -7.6708
 -8.1716  -8.6721  -9.1724  -9.6726 -10.1727 -10.6727 -11.1728 -11.6728 -12.1728
-12.6729 -13.1729 -13.6729 -14.1729 -14.6729 -15.1729 -15.6729 -16.1729 -16.6729
-17.1729
  0.0000   1.9292   1.9292   1.9292   1.9292   1.9292   1.9292   1.9292   1.9292
  1.9292   1.9291   1.9290   1.9286   1.9276   1.9251   1.9189   1.9033   1.8641
  1.7658   1.5202   0.9162  -0.3564  -1.2312  -1.7464  -2.2298  -2.7047  -3.1803
 -3.6620  -4.1521  -4.6499  -5.1528  -5.6575  -6.1621  -6.6656  -7.1681  -7.6698
 -8.1709  -8.6716  -9.1721  -9.6724 -10.1726 -10.6727 -11.1728 -11.6728 -12.1728
-12.6728 -13.1729 -13.6729 -14.1729 -14.6729 -15.1729 -15.6729 -16.1729 -16.6729
-17.1729
  0.0000   1.7840   1.7840   1.7840   1.7840   1.7840   1.7840   1.7840   1.7840
  1.7839   1.7839   1.7838   1.7836   1.7831   1.7818   1.7787   1.7708   1.7509
  1.7009   1.5755   1.2618   0.4894  -1.0147  -1.7509  -2.2531  -2.7324  -3.2057
 -3.6808  -4.1622  -4.6522  -5.1500  -5.6528  -6.1575  -6.6620  -7.1656  -7.6681
 -8.1698  -8.6709  -9.1716  -9.6721 -10.1724 -10.6726 -11.1727 -11.6728 -12.1728
-12.6728 -13.1728 -13.6729 -14.1729 -14.6729 -15.1729 -15.6729 -16.1729 -16.6729
-17.1729
  0.0000   1.6362   1.6362   1.6362   1.6362   1.6362   1.6362   1.6362   1.6362
  1.6362   1.6362   1.6362   1.6360   1.6358   1.6352   1.6336   1.6296   1.6195
  1.5942   1.5308   1.3715   0.9729  -0.0083  -1.7009  -2.2656  -2.7594  -3.2360
 -3.7080  -4.1824  -4.6632  -5.1525  -5.6500  -6.1526  -6.6573  -7.1618  -7.6654
 -8.1679  -8.6697  -9.1709  -9.6716 -10.1721 -10.6724 -11.1726 -11.6727 -12.1728
-12.6728 -13.1728 -13.6728 -14.1729 -14.6729 -15.1729 -15.6729 -16.1729 -16.6729
-17.1729
  0.0000   1.4876   1.4876   1.4876   1.4875   1.4876   1.4876   1.4876   1.4876
  1.4876   1.4876   1.4876   1.4878   1.4874   1.4871   1.4863   1.4843   1.4792
  1.4665   1.4345   1.3542   1.1528   0.6483  -0.5902  -2.2458  -2.7772  -3.2653
 -3.7399  -4.2110  -4.6844  -5.1644  -5.6531  -6.1500  -6.6523  -7.1569  -7.6615
 -8.1652  -8.6678  -9.1694  -9.6708 -10.1715 -10.6720 -11.1723 -11.6725 -12.1727
-12.6727 -13.1728 -13.6728 -14.1728 -14.6729 -15.1729 -15.6729 -16.1729 -16.6729
-17.1729
  0.0000   1.3383   1.3383   1.3383   1.3383   1.3383   1.3383   1.3383   1.3383
  1.3383   1.3383   1.3383   1.3382   1.3382   1.3380   1.3376   1.3366   1.3340
  1.3276   1.3116   1.2713   1.1700   0.9159   0.2791  -1.2718  -2.7705  -3.2858
 -3.7696  -4.2427  -4.7131  -5.1861  -5.6655  -6.1536  -6.6500  -7.1521  -7.6566
 -8.1613  -8.6650  -9.1677  -9.6694 -10.1707 -10.6715 -11.1720 -11.6723 -12.1725
-12.6727 -13.1727 -13.6728 -14.1728 -14.6728 -15.1729 -15.6729 -16.1729 -16.6729
-17.1729
  0.0000   1.1880   1.1880   1.1880   1.1880   1.1880   1.1880   1.1880   1.1880
  1.1880   1.1880   1.1880   1.1880   1.1880   1.1879   1.1877   1.1872   1.1859
  1.1827   1.1747   1.1545   1.1037   0.9762   0.6561  -0.1460  -2.0595  -3.2859
 -3.7903  -4.2709  -4.7427  -5.2127  -5.6856  -6.1651  -6.6534  -7.1500  -7.6522
 -8.1567  -8.6613  -9.1651  -9.6677 -10.1694 -10.6707 -11.1715 -11.6720 -12.1723
-12.6725 -13.1727 -13.6727 -14.1728 -14.6728 -15.1728 -15.6729 -16.1729 -16.6729
-17.1729
  0.0000   2.3748   2.3748   2.3748   2.3748   2.3748   2.3747   2.3747   2.3746
  2.3744   2.3739   2.3726   2.3693   2.3610   2.3402   2.2881   2.1591   1.8470
  1.1730   0.3212  -0.2512  -0.7522  -1.2284  -1.7034  -2.1796  -2.6616  -3.1519
 -3.6499  -4.1528  -4.6575  -5.1621  -5.6656  -6.1681  -6.6698  -7.1709  -7.6716
 -8.1721  -8.6724  -9.1726  -9.6727 -10.1728 -10.6728 -11.1728 -11.6728 -12.1729
-12.6729 -13.1729 -13.6729 -14.1729 -14.6729 -15.1729 -15.6729 -16.1729 -16.6729
-17.1729
  0.0000   2.2402   2.2402   2.2402   2.2402   2.2402   2.2402   2.2402   2.2401
  2.2400   2.2397   2.2391   2.2373   2.2330   2.2223   2.1952   2.1274   1.9591
  1.5508   0.6835  -0.2091  -0.7537  -1.2488  -1.7272  -2.2007  -2.6769  -3.1598
 -3.6512  -4.1502  -4.6535  -5.1583  -5.6627  -6.1661  -6.6684  -7.1700  -7.6710
 -8.1717  -8.6721  -9.1724  -9.6726 -10.1727 -10.6728 -11.1728 -11.6728 -12.1729
-12.6729 -13.1729 -13.6729 -14.1729 -14.6729 -15.1729 -15.6729 -16.1729 -16.6729
-17.1729
  0.0000   2.1019   2.1019   2.1019   2.1019   2.1019   2.1019   2.1019   2.1018
  2.1018   2.1016   2.1013   2.1004   2.0982   2.0926   2.0786   2.0435   1.9556
  1.7368   1.2044   0.1116  -0.7382  -1.2648  -1.7528  -2.2278  -2.7002  -3.1761
 -3.6593  -4.1511  -4.6503  -5.1538  -5.6586  -6.1629  -6.6662  -7.1685  -7.6701
 -8.1711  -8.6717  -9.1722  -9.6724 -10.1726 -10.6727 -11.1728 -11.6728 -12.1728
-12.6729 -13.1729 -13.6729 -14.1729 -14.6729 -15.1729 -15.6729 -16.1729 -16.6729
-17.1729
  0.0000   1.9599   1.9599   1.9599   1.9599   1.9599   1.9599   1.9599   1.9598
  1.9598   1.9597   1.9596   1.9591   1.9580   1.9551   1.9479   1.9299   1.8847
  1.7715   1.4890   0.7997  -0.5172  -1.2640  -1.7744  -2.2568  -2.7296  -3.2011
 -3.6765  -4.1595  -4.6512  -5.1503  -5.6538  -6.1585  -6.6629  -7.1662  -7.6684
 -8.1701  -8.6711  -9.1717  -9.6722 -10.1724 -10.6726 -11.1727 -11.6728 -12.1728
-12.6728 -13.1729 -13.6729 -14.1729 -14.6729 -15.1729 -15.6729 -16.1729 -16.6729
-17.1729
  0.0000   1.8148   1.8148   1.8148   1.8148   1.8148   1.8148   1.8148   1.8148
  1.8148   1.8148   1.8147   1.8144   1.8139   1.8124   1.8088   1.7996   1.7766
  1.7188   1.5738   1.2118   0.3288  -1.1832  -1.7819  -2.2815  -2.7604  -3.2318
 -3.7027  -4.1776  -4.6601  -5.1514  -5.6503  -6.1536  -6.6584  -7.1627  -7.6661
 -8.1684  -8.6700  -9.1711  -9.6717 -10.1721 -10.6724 -11.1726 -11.6727 -12.1728
-12.6728 -13.1728 -13.6729 -14.1729 -14.6729 -15.1729 -15.6729 -16.1729 -16.6729
-17.1729
  0.0000   1.6677   1.6677   1.6678   1.6677   1.6677   1.6677   1.6677   1.6677
  1.6677   1.6677   1.6677   1.6676   1.6673   1.6665   1.6647   1.6600   1.6484
  1.6191   1.5456   1.3613   0.9005  -0.2208  -1.7497  -2.2937  -2.7863  -3.2626
 -3.7332  -4.2035  -4.6782  -5.1604  -5.6515  -6.1502  -6.6535  -7.1583  -7.6627
 -8.1660  -8.6683  -9.1700  -9.6710 -10.1717 -10.6721 -11.1724 -11.6726 -12.1727
-12.6728 -13.1728 -13.6728 -14.1729 -14.6729 -15.1729 -15.6729 -16.1729 -16.6729
-17.1729
  0.0000   1.5193   1.5193   1.5193   1.5193   1.5192   1.5193   1.5193   1.5193
  1.5193   1.5193   1.5192   1.5192   1.5190   1.5187   1.5177   1.5154   1.5095
  1.4948   1.4577   1.3647   1.1313   0.5475  -0.8615  -2.2769  -2.8001  -3.2874
 -3.7618  -4.2317  -4.7020  -5.1769  -5.6597  -6.1513  -6.6503  -7.1538  -7.6585
 -8.1629  -8.6662  -9.1685  -9.6701 -10.1711 -10.6717 -11.1722 -11.6724 -12.1726
-12.6727 -13.1728 -13.6728 -14.1728 -14.6729 -15.1729 -15.6729 -16.1729 -16.6729
-17.1729
  0.0000   2.6514   2.6514   2.6514   2.6513   2.6514   2.6513   2.6511   2.6508
  2.6499   2.6477   2.6422   2.6283   2.5938   2.5087   2.3067   1.8851   1.2934
  0.7363   0.2250  -0.2581  -0.7379  -1.2021  -1.6787  -2.1612  -2.6517  -3.1497
 -3.6527  -4.1575  -4.6620  -5.1656  -5.6680  -6.1698  -6.6709  -7.1716  -7.6721
 -8.1724  -8.6726  -9.1727  -9.6728 -10.1728 -10.6728 -11.1728 -11.6729 -12.1729
-12.6729 -13.1729 -13.6729 -14.1729 -14.6729 -15.1729 -15.6729 -16.1729 -16.6729
-17.1729
  0.0000   2.5263   2.5263   2.5263   2.5259   2.5263   2.5263   2.5262   2.5260
  2.5256   2.5244   2.5215   2.5144   2.4963   2.4513   2.3404   2.0777   1.5370
  0.8309   0.2445  -0.2643  -0.7485  -1.2233  -1.6975  -2.1744  -2.6583  -3.1507
 -3.6503  -4.1539  -4.6587  -5.1630  -5.6663  -6.1685  -6.6701  -7.1711  -7.6718
 -8.1722  -8.6724  -9.1726  -9.6727 -10.1728 -10.6728 -11.1728 -11.6729 -12.1729
-12.6729 -13.1729 -13.6729 -14.1729 -14.6729 -15.1729 -15.6729 -16.1729 -16.6729
-17.1729
  0.0000   2.3992   2.3992   2.3991   2.3992   2.3991   2.3992   2.3991   2.3990
  2.3988   2.3982   2.3967   2.3929   2.3835   2.3599   2.3010   2.1556   1.8096
  1.1048   0.3034  -0.2644  -0.7646  -1.2485  -1.7227  -2.1955  -2.6725  -3.1571
 -3.6505  -4.1507  -4.6546  -5.1594  -5.6635  -6.1667  -6.6688  -7.1703  -7.6712
 -8.1718  -8.6722  -9.1725  -9.6726 -10.1727 -10.6728 -11.1728 -11.6728 -12.1729
-12.6729 -13.1729 -13.6729 -14.1729 -14.6729 -15.1729 -15.6729 -16.1729 -16.6729
-17.1729
  0.0000   2.2673   2.2673   2.2673   2.2673   2.2673   2.2673   2.2673   2.2672
  2.2671   2.2668   2.2660   2.2640   2.2591   2.2468   2.2159   2.1386   1.9475
  1.4900   0.5808  -0.2370  -0.7776  -1.2734  -1.7514  -2.2231  -2.6951  -3.1719
 -3.6569  -4.1504  -4.6508  -5.1548  -5.6596  -6.1637  -6.6668  -7.1688  -7.6703
 -8.1713  -8.6719  -9.1722  -9.6725 -10.1726 -10.6727 -11.1728 -11.6728 -12.1728
-12.6729 -13.1729 -13.6729 -14.1729 -14.6729 -15.1729 -15.6729 -16.1729 -16.6729
-17.1729
  0.0000   2.1308   2.1308   2.1308   2.1308   2.1308   2.1308   2.1308   2.1307
  2.1307   2.1305   2.1301   2.1291   2.1265   2.1201   2.1041   2.0638   1.9630
  1.7127   1.1113  -0.0155  -0.7698  -1.2914  -1.7788  -2.2535  -2.7239  -3.1953
 -3.6720  -4.1569  -4.6504  -5.1509  -5.6548  -6.1596  -6.6638  -7.1668  -7.6688
 -8.1703  -8.6713  -9.1719  -9.6722 -10.1725 -10.6726 -11.1727 -11.6728 -12.1728
-12.6728 -13.1729 -13.6729 -14.1729 -14.6729 -15.1729 -15.6729 -16.1729 -16.6729
-17.1729
  0.0000   1.9900   1.9900   1.9900   1.9900   1.9900   1.9900   1.9900   1.9900
  1.9900   1.9899   1.9897   1.9892   1.9878   1.9846   1.9763   1.9555   1.9034
  1.7729   1.4482   0.6666  -0.6385  -1.2920  -1.7990  -2.2815  -2.7542  -3.2237
 -3.6949  -4.1716  -4.6567  -5.1504  -5.6509  -6.1550  -6.6597  -7.1638  -7.6669
 -8.1689  -8.6704  -9.1713  -9.6719 -10.1722 -10.6725 -11.1726 -11.6727 -12.1728
-12.6728 -13.1728 -13.6729 -14.1729 -14.6729 -15.1729 -15.6729 -16.1729 -16.6729
-17.1729
  0.0000   1.8466   1.8466   1.8466   1.8466   1.8466   1.8466   1.8466   1.8466
  1.8466   1.8465   1.8464   1.8462   1.8455   1.8438   1.8396   1.8290   1.8024
  1.7356   1.5681   1.1509   0.1482  -1.2428  -1.8037  -2.3013  -2.7803  -3.2517
 -3.7209  -4.1923  -4.6696  -5.1556  -5.6502  -6.1512  -6.6555  -7.1602  -7.6642
 -8.1671  -8.6690  -9.1705  -9.6714 -10.1719 -10.6723 -11.1725 -11.6726 -12.1727
-12.6728 -13.1728 -13.6728 -14.1729 -14.6729 -15.1729 -15.6729 -16.1729 -16.6729
-17.1729
  0.0000   2.9005   2.9004   2.9004   2.9004   2.9003   2.9001   2.8995   2.8980
  2.8944   2.8852   2.8624   2.8062   2.6733   2.3938   1.9967   1.6126   1.1695
  0.6983   0.2259  -0.2416  -0.7100  -1.1792  -1.6618  -2.1518  -2.6493  -3.1520
 -3.6567  -4.1614  -4.6651  -5.1678  -5.6694  -6.1708  -6.6715  -7.1720  -7.6723
 -8.1725  -8.6727  -9.1727  -9.6728 -10.1728 -10.6728 -11.1729 -11.6729 -12.1729
-12.6729 -13.1729 -13.6729 -14.1729 -14.6729 -15.1729 -15.6729 -16.1729 -16.6729
-17.1729
  0.0000   2.7862   2.7862   2.7862   2.7862   2.7862   2.7860   2.7857   2.7850
  2.7830   2.7782   2.7660   2.7357   2.6616   2.4884   2.1438   1.6988   1.2272
  0.7215   0.2279  -0.2494  -0.7262  -1.1947  -1.6729  -2.1576  -2.6504  -3.1501
 -3.6539  -4.1587  -4.6631  -5.1663  -5.6685  -6.1701  -6.6711  -7.1718  -7.6722
 -8.1724  -8.6726  -9.1727  -9.6728 -10.1728 -10.6728 -11.1729 -11.6729 -12.1729
-12.6729 -13.1729 -13.6729 -14.1729 -14.6729 -15.1729 -15.6729 -16.1729 -16.6729
-17.1729
  0.0000   2.6688   2.6688   2.6687   2.6687   2.6687   2.6686   2.6685   2.6681
  2.6671   2.6646   2.6582   2.6424   2.6030   2.5070   2.2848   1.8575   1.3145
  0.7535   0.2279  -0.2638  -0.7416  -1.2172  -1.6915  -2.1698  -2.6557  -3.1500
 -3.6508  -4.1550  -4.6598  -5.1639  -5.6669  -6.1689  -6.6704  -7.1713  -7.6719
 -8.1722  -8.6725  -9.1726  -9.6727 -10.1728 -10.6728 -11.1728 -11.6729 -12.1729
-12.6729 -13.1729 -13.6729 -14.1729 -14.6729 -15.1729 -15.6729 -16.1729 -16.6729
-17.1729
  0.0000   2.5485   2.5485   2.5482   2.5485   2.5485   2.5485   2.5484   2.5482
  2.5476   2.5461   2.5431   2.5348   2.5143   2.4632   2.3384   2.0500   1.4991
  0.8258   0.2372  -0.2780  -0.7651  -1.2442  -1.7169  -2.1899  -2.6683  -3.1549
 -3.6500  -4.1513  -4.6556  -5.1604  -5.6643  -6.1672  -6.6691  -7.1705  -7.6714
 -8.1719  -8.6723  -9.1725  -9.6726 -10.1727 -10.6728 -11.1728 -11.6728 -12.1729
-12.6729 -13.1729 -13.6729 -14.1729 -14.6729 -15.1729 -15.6729 -16.1729 -16.6729
-17.1729
  0.0000   2.4235   2.4235   2.4235   2.4235   2.4235   2.4235   2.4235   2.4234
  2.4231   2.4224   2.4207   2.4164   2.4057   2.3788   2.3119   2.1479   1.7660
  1.0412   0.2813  -0.2832  -0.7879  -1.2721  -1.7458  -2.2165  -2.6890  -3.1675
 -3.6545  -4.1500  -4.6516  -5.1560  -5.6607  -6.1646  -6.6674  -7.1692  -7.6706
 -8.1714  -8.6720  -9.1723  -9.6725 -10.1726 -10.6727 -11.1728 -11.6728 -12.1728
-12.6729 -13.1729 -13.6729 -14.1729 -14.6729 -15.1729 -15.6729 -16.1729 -16.6729
-17.1729
  0.0000   2.2950   2.2950   2.2950   2.2950   2.2950   2.2950   2.2949   2.2949
  2.2948   2.2944   2.2935   2.2913   2.2856   2.2715   2.2362   2.1480   1.9310
  1.4213   0.4897  -0.2629  -0.8010  -1.2956  -1.7740  -2.2453  -2.7150  -3.1875
 -3.6664  -4.1540  -4.6500  -5.1518  -5.6563  -6.1610  -6.6648  -7.1675  -7.6693
 -8.1707  -8.6715  -9.1720  -9.6723 -10.1725 -10.6727 -11.1727 -11.6728 -12.1728
-12.6728 -13.1729 -13.6729 -14.1729 -14.6729 -15.1729 -15.6729 -16.1729 -16.6729
-17.1729
  0.0000   2.1598   2.1598   2.1598   2.1598   2.1598   2.1598   2.1597   2.1597
  2.1596   2.1595   2.1590   2.1578   2.1549   2.1475   2.1291   2.0828   1.9672
  1.6815   1.0070  -0.1136  -0.7925  -1.3092  -1.7962  -2.2713  -2.7412  -3.2107
 -3.6838  -4.1639  -4.6529  -5.1500  -5.6525  -6.1571  -6.6617  -7.1653  -7.6679
 -8.1697  -8.6708  -9.1716  -9.6721 -10.1724 -10.6725 -11.1727 -11.6727 -12.1728
-12.6728 -13.1728 -13.6729 -14.1729 -14.6729 -15.1729 -15.6729 -16.1729 -16.6729
-17.1729
  0.0000   3.1066   3.1066   3.1065   3.1064   3.1061   3.1052   3.1031   3.0979
  3.0848   3.0523   2.9744   2.8010   2.5004   2.1970   1.9125   1.5582   1.1449
  0.6931   0.2330  -0.2299  -0.6528  -1.1642  -1.6530  -2.1489  -2.6505  -3.1551
 -3.6600  -4.1641  -4.6670  -5.1690  -5.6705  -6.1713  -6.6719  -7.1723  -7.6725
 -8.1726  -8.6727  -9.1728  -9.6728 -10.1728 -10.6729 -11.1729 -11.6729 -12.1729
-12.6729 -13.1729 -13.6729 -14.1729 -14.6729 -15.1729 -15.6729 -16.1729 -16.6729
-17.1729
  0.0000   3.0152   3.0152   3.0151   3.0151   3.0149   3.0144   3.0131   3.0100
  3.0023   2.9830   2.9355   2.8227   2.5841   2.2424   1.9587   1.6161   1.1830
  0.7149   0.2415  -0.2270  -0.7047  -1.1725  -1.6575  -2.1501  -2.6496  -3.1532
 -3.6581  -4.1626  -4.6660  -5.1683  -5.6700  -6.1710  -6.6717  -7.1721  -7.6724
 -8.1726  -8.6727  -9.1728  -9.6728 -10.1728 -10.6729 -11.1729 -11.6729 -12.1729
-12.6729 -13.1729 -13.6729 -14.1729 -14.6729 -15.1729 -15.6729 -16.1729 -16.6729
-17.1729
  0.0000   2.9147   2.9146   2.9146   2.9146   2.9145   2.9142   2.9135   2.9118
  2.9075   2.8966   2.8699   2.8042   2.6511   2.3504   2.0010   1.6665   1.2174
  0.7255   0.2365  -0.2396  -0.7145  -1.1880  -1.6680  -2.1548  -2.6496  -3.1507
 -3.6550  -4.1599  -4.6640  -5.1670  -5.6689  -6.1704  -6.6713  -7.1719  -7.6723
 -8.1725  -8.6726  -9.1727  -9.6728 -10.1728 -10.6728 -11.1729 -11.6729 -12.1729
-12.6729 -13.1729 -13.6729 -14.1729 -14.6729 -15.1729 -15.6729 -16.1729 -16.6729
-17.1729
  0.0000   2.8051   2.8051   2.8051   2.8051   2.8050   2.8049   2.8045   2.8036
  2.8014   2.7956   2.7814   2.7459   2.6597   2.4635   2.1090   1.7217   1.2602
  0.7359   0.2276  -0.2583  -0.7342  -1.2105  -1.6857  -2.1657  -2.6536  -3.1497
 -3.6516  -4.1561  -4.6608  -5.1647  -5.6675  -6.1692  -6.6706  -7.1715  -7.6720
 -8.1723  -8.6725  -9.1727  -9.6727 -10.1728 -10.6728 -11.1728 -11.6729 -12.1729
-12.6729 -13.1729 -13.6729 -14.1729 -14.6729 -15.1729 -15.6729 -16.1729 -16.6729
-17.1729
  0.0000   2.6901   2.6897   2.6901   2.6901   2.6901   2.6900   2.6898   2.6894
  2.6882   2.6853   2.6779   2.6595   2.6140   2.5041   2.2582   1.8320   1.3276
  0.7581   0.2213  -0.2779  -0.7607  -1.2374  -1.7097  -2.1837  -2.6641  -3.1529
 -3.6498  -4.1522  -4.6568  -5.1615  -5.6652  -6.1678  -6.6694  -7.1708  -7.6715
 -8.1720  -8.6723  -9.1725  -9.6727 -10.1727 -10.6728 -11.1728 -11.6728 -12.1729
-12.6729 -13.1729 -13.6729 -14.1729 -14.6729 -15.1729 -15.6729 -16.1729 -16.6729
-17.1729
  0.0000   2.5709   2.5709   2.5709   2.5709   2.5709   2.5708   2.5707   2.5705
  2.5699   2.5684   2.5646   2.5552   2.5316   2.4733   2.3323   2.0172   1.4662
  0.8171   0.2264  -0.2929  -0.7858  -1.2645  -1.7364  -2.2071  -2.6811  -3.1623
 -3.6522  -4.1500  -4.6528  -5.1575  -5.6620  -6.1656  -6.6680  -7.1698  -7.6709
 -8.1716  -8.6721  -9.1724  -9.6726 -10.1727 -10.6728 -11.1728 -11.6728 -12.1728
-12.6729 -13.1729 -13.6729 -14.1729 -14.6729 -15.1729 -15.6729 -16.1729 -16.6729
-17.1729
  0.0000   2.4490   2.4492   2.4490   2.4490   2.4489   2.4489   2.4489   2.4488
  2.4484   2.4477   2.4457   2.4408   2.4285   2.3979   2.3217   2.1368   1.7184
  0.9869   0.2627  -0.2965  -0.8036  -1.2870  -1.7610  -2.2310  -2.7015  -3.1766
 -3.6594  -4.1512  -4.6503  -5.1538  -5.6586  -6.1629  -6.6662  -7.1685  -7.6701
 -8.1711  -8.6717  -9.1722  -9.6724 -10.1726 -10.6727 -11.1728 -11.6728 -12.1728
-12.6729 -13.1729 -13.6729 -14.1729 -14.6729 -15.1729 -15.6729 -16.1729 -16.6729
-17.1729
  0.0000   3.2434   3.2433   3.2432   3.2427   3.2420   3.2399   3.2343   3.2207
  3.1874   3.1097   2.9487   2.6943   2.4247   2.1780   1.8685   1.5100   1.1321
  0.6777   0.2235  -0.2390  -0.5187  -1.1572  -1.6498  -2.1487  -2.6520  -3.1570
 -3.6617  -4.1654  -4.6679  -5.1697  -5.6709  -6.1716  -6.6721  -7.1724  -7.6726
 -8.1727  -8.6728  -9.1728  -9.6728 -10.1728 -10.6729 -11.1729 -11.6729 -12.1729
-12.6729 -13.1729 -13.6729 -14.1729 -14.6729 -15.1729 -15.6729 -16.1729 -16.6729
-17.1729
  0.0000   3.1790   3.1790   3.1789   3.1787   3.1781   3.1766   3.1728   3.1635
  3.1403   3.0843   2.9573   2.7180   2.4274   2.1897   1.9336   1.5904   1.1726
  0.7188   0.2550  -0.2107  -0.6788  -1.1586  -1.6503  -2.1486  -2.6517  -3.1566
 -3.6614  -4.1651  -4.6678  -5.1696  -5.6708  -6.1715  -6.6720  -7.1723  -7.6725
 -8.1727  -8.6727  -9.1728  -9.6728 -10.1728 -10.6729 -11.1729 -11.6729 -12.1729
-12.6729 -13.1729 -13.6729 -14.1729 -14.6729 -15.1729 -15.6729 -16.1729 -16.6729
-17.1729
  0.0000   3.1153   3.1153   3.1152   3.1151   3.1147   3.1137   3.1113   3.1051
  3.0898   3.0521   2.9619   2.7654   2.4511   2.1902   1.9637   1.6326   1.2023
  0.7321   0.2560  -0.2145  -0.6932  -1.1668  -1.6543  -2.1491  -2.6501  -3.1544
 -3.6593  -4.1636  -4.6667  -5.1688  -5.6703  -6.1712  -6.6718  -7.1722  -7.6725
 -8.1726  -8.6727  -9.1728  -9.6728 -10.1728 -10.6729 -11.1729 -11.6729 -12.1729
-12.6729 -13.1729 -13.6729 -14.1729 -14.6729 -15.1729 -15.6729 -16.1729 -16.6729
-17.1729
  0.0000   3.0355   3.0354   3.0354   3.0353   3.0351   3.0345   3.0330   3.0293
  3.0201   2.9970   2.9404   2.8067   2.5348   2.2032   1.9821   1.6686   1.2253
  0.7359   0.2469  -0.2295  -0.7042  -1.1817  -1.6636  -2.1526  -2.6493  -3.1515
 -3.6562  -4.1609  -4.6648  -5.1675  -5.6693  -6.1707  -6.6715  -7.1720  -7.6723
 -8.1725  -8.6727  -9.1727  -9.6728 -10.1728 -10.6728 -11.1729 -11.6729 -12.1729
-12.6729 -13.1729 -13.6729 -14.1729 -14.6729 -15.1729 -15.6729 -16.1729 -16.6729
-17.1729
  0.0000   2.9380   2.9380   2.9380   2.9379   2.9378   2.9375   2.9367   2.9346
  2.9294   2.9160   2.8845   2.8063   2.6265   2.2981   1.9980   1.7036   1.2486
  0.7369   0.2342  -0.2497  -0.7260  -1.2028  -1.6793  -2.1614  -2.6517  -3.1497
 -3.6526  -4.1574  -4.6619  -5.1655  -5.6680  -6.1698  -6.6709  -7.1716  -7.6721
 -8.1724  -8.6726  -9.1727  -9.6728 -10.1728 -10.6728 -11.1728 -11.6729 -12.1729
-12.6729 -13.1729 -13.6729 -14.1729 -14.6729 -15.1729 -15.6729 -16.1729 -16.6729
-17.1729
  0.0000   2.8287   2.8287   2.8287   2.8286   2.8286   2.8284   2.8280   2.8269
  2.8242   2.8174   2.8005   2.7587   2.6576   2.4336   2.0737   1.7396   1.2815
  0.7417   0.2224  -0.2702  -0.7516  -1.2270  -1.6998  -2.1759  -2.6591  -3.1510
 -3.6502  -4.1536  -4.6585  -5.1628  -5.6662  -6.1684  -6.6701  -7.1711  -7.6717
 -8.1722  -8.6724  -9.1726  -9.6727 -10.1728 -10.6728 -11.1728 -11.6729 -12.1729
-12.6729 -13.1729 -13.6729 -14.1729 -14.6729 -15.1729 -15.6729 -16.1729 -16.6729
-17.1729
  0.0000   2.7126   2.7126   2.7126   2.7126   2.7126   2.7125   2.7123   2.7117
  2.7104   2.7069   2.6984   2.6770   2.6241   2.4980   2.2269   1.8119   1.3366
  0.7601   0.2171  -0.2863  -0.7740  -1.2494  -1.7209  -2.1931  -2.6706  -3.1561
 -3.6502  -4.1509  -4.6551  -5.1598  -5.6639  -6.1669  -6.6689  -7.1704  -7.6713
 -8.1719  -8.6722  -9.1725  -9.6726 -10.1727 -10.6728 -11.1728 -11.6728 -12.1729
-12.6729 -13.1729 -13.6729 -14.1729 -14.6729 -15.1729 -15.6729 -16.1729 -16.6729
-17.1729
 -1.0000   3.2836   3.2835   3.2832   3.2827   3.2813   3.2777   3.2689   3.2473
  3.1967   3.0895   2.9026   2.6597   2.4178   2.1897   1.9146   1.5660   1.1630
  0.7151   0.2572  -0.2082  -0.6190  -1.1520  -1.6476  -2.1488  -2.6532  -3.1584
 -3.6628  -4.1660  -4.6682  -5.1698  -5.6708  -6.1714  -6.6718  -7.1721  -7.6722
 -8.1723  -8.6724  -9.1724  -9.6724 -10.1725 -10.6725 -11.1725 -11.6725 -12.1725
-12.6725 -13.1725 -13.6725 -14.1725 -14.6725 -15.1725 -15.6725 -16.1725 -16.6725
-17.1725
  0.0000   3.2612   3.2611   3.2609   3.2605   3.2593   3.2564   3.2492   3.2313
  3.1887   3.0939   2.9158   2.6690   2.4207   2.1900   1.9144   1.5656   1.1623
  0.7143   0.2564  -0.2091  -0.6199  -1.1529  -1.6485  -2.1497  -2.6541  -3.1593
 -3.6637  -4.1669  -4.6691  -5.1707  -5.6717  -6.1723  -6.6727  -7.1730  -7.6731
 -8.1732  -8.6733  -9.1733  -9.6733 -10.1734 -10.6734 -11.1734 -11.6734 -12.1734
-12.6734 -13.1734 -13.6734 -14.1734 -14.6734 -15.1734 -15.6734 -16.1734 -16.6734
-17.1734
  0.0000   3.2285   3.2284   3.2283   3.2279   3.2270   3.2247   3.2189   3.2046
  3.1697   3.0886   2.9212   2.6619   2.4030   2.1941   1.9576   1.6208   1.1994
  0.7410   0.2723  -0.1964  -0.6790  -1.1549  -1.6492  -2.1495  -2.6535  -3.1586
 -3.6632  -4.1666  -4.6690  -5.1706  -5.6717  -6.1724  -6.6728  -7.1731  -7.6732
 -8.1733  -8.6734  -9.1734  -9.6735 -10.1735 -10.6735 -11.1735 -11.6735 -12.1735
-12.6735 -13.1735 -13.6735 -14.1735 -14.6735 -15.1735 -15.6735 -16.1735 -16.6735
-17.1735
  0.0000   3.1969   3.1969   3.1968   3.1965   3.1958   3.1940   3.1897   3.1788
  3.1519   3.0871   2.9415   2.6751   2.3799   2.1826   1.9814   1.6571   1.2234
  0.7488   0.2693  -0.2036  -0.6824  -1.1625  -1.6524  -2.1493  -2.6516  -3.1563
 -3.6612  -4.1652  -4.6681  -5.1699  -5.6713  -6.1722  -6.6727  -7.1730  -7.6732
 -8.1734  -8.6735  -9.1735  -9.6736 -10.1736 -10.6736 -11.1736 -11.6736 -12.1736
-12.6736 -13.1736 -13.6736 -14.1736 -14.6736 -15.1736 -15.6736 -16.1736 -16.6736
-17.1736
  0.0000   3.1443   3.1442   3.1442   3.1440   3.1435   3.1423   3.1394   3.1321
  3.1137   3.0686   2.9611   2.7303   2.3877   2.1642   1.9961   1.6882   1.2408
  0.7484   0.2581  -0.2193  -0.6952  -1.1760  -1.6602  -2.1517  -2.6504  -3.1537
 -3.6585  -4.1631  -4.6667  -5.1691  -5.6708  -6.1720  -6.6727  -7.1731  -7.6734
 -8.1736  -8.6737  -9.1738  -9.6738 -10.1739 -10.6739 -11.1739 -11.6739 -12.1739
-12.6739 -13.1739 -13.6739 -14.1739 -14.6739 -15.1739 -15.6739 -16.1739 -16.6739
-17.1739
  0.0000   3.0653   3.0653   3.0652   3.0651   3.0648   3.0641   3.0624   3.0579
  3.0469   3.0193   2.9516   2.7931   2.4799   2.1620   2.0033   1.7169   1.2568
  0.7456   0.2445  -0.2382  -0.7158  -1.1935  -1.6723  -2.1577  -2.6512  -3.1514
 -3.6554  -4.1602  -4.6645  -5.1677  -5.6698  -6.1713  -6.6723  -7.1729  -7.6733
 -8.1736  -8.6737  -9.1738  -9.6739 -10.1739 -10.6740 -11.1740 -11.6740 -12.1740
-12.6740 -13.1740 -13.6740 -14.1740 -14.6740 -15.1740 -15.6740 -16.1740 -16.6740
-17.1740
  0.0000   2.9652   2.9652   2.9652   2.9651   2.9650   2.9646   2.9636   2.9612
  2.9551   2.9398   2.9019   2.8097   2.6007   2.2491   2.0071   1.7447   1.2768
  0.7455   0.2336  -0.2548  -0.7359  -1.2109  -1.6859  -2.1660  -2.6541  -3.1503
 -3.6522  -4.1568  -4.6615  -5.1653  -5.6681  -6.1699  -6.6713  -7.1721  -7.6726
 -8.1729  -8.6731  -9.1733  -9.6733 -10.1734 -10.6734 -11.1735 -11.6735 -12.1735
-12.6735 -13.1735 -13.6735 -14.1735 -14.6735 -15.1735 -15.6735 -16.1735 -16.6735
-17.1735
 -2.0000   3.2724   3.2723   3.2721   3.2715   3.2699   3.2661   3.2565   3.2335
  3.1807   3.0730   2.8924   2.6586   2.4220   2.2017   1.9454   1.6054   1.1940
  0.7446   0.2815  -0.1870  -0.6554  -1.1471  -1.6454  -2.1484  -2.6534  -3.1585
 -3.6626  -4.1655  -4.6674  -5.1688  -5.6697  -6.1702  -6.6706  -7.1708  -7.6709
 -8.1710  -8.6711  -9.1711  -9.6711 -10.1711 -10.6711 -11.1711 -11.6711 -12.1711
-12.6711 -13.1711 -13.6711 -14.1711 -14.6711 -15.1711 -15.6711 -16.1711 -16.6711
-17.1711
 -1.0000   3.2647   3.2646   3.2644   3.2638   3.2624   3.2587   3.2497   3.2279
  3.1774   3.0724   2.8931   2.6583   2.4205   2.1997   1.9432   1.6032   1.1918
  0.7423   0.2792  -0.1893  -0.6577  -1.1494  -1.6477  -2.1507  -2.6557  -3.1608
 -3.6649  -4.1678  -4.6697  -5.1711  -5.6720  -6.1725  -6.6729  -7.1731  -7.6732
 -8.1733  -8.6734  -9.1734  -9.6734 -10.1734 -10.6734 -11.1734 -11.6734 -12.1734
-12.6734 -13.1734 -13.6734 -14.1734 -14.6734 -15.1734 -15.6734 -16.1734 -16.6734
-17.1734
  0.0000   3.2548   3.2547   3.2545   3.2539   3.2526   3.2494   3.2412   3.2214
  3.1748   3.0753   2.8989   2.6625   2.4222   2.2002   1.9435   1.6034   1.1919
  0.7424   0.2792  -0.1893  -0.6577  -1.1494  -1.6477  -2.1507  -2.6557  -3.1608
 -3.6649  -4.1678  -4.6697  -5.1711  -5.6720  -6.1725  -6.6729  -7.1731  -7.6732
 -8.1733  -8.6734  -9.1734  -9.6734 -10.1734 -10.6734 -11.1734 -11.6734 -12.1734
-12.6734 -13.1734 -13.6734 -14.1734 -14.6734 -15.1734 -15.6734 -16.1734 -16.6734
-17.1734
  0.0000   3.2467   3.2466   3.2464   3.2460   3.2448   3.2418   3.2343   3.2159
  3.1719   3.0746   2.8929   2.6419   2.3972   2.1974   1.9742   1.6463   1.2244
  0.7617   0.2885  -0.1839  -0.6697  -1.1513  -1.6480  -2.1499  -2.6547  -3.1598
 -3.6641  -4.1673  -4.6693  -5.1709  -5.6718  -6.1724  -6.6728  -7.1730  -7.6732
 -8.1733  -8.6733  -9.1734  -9.6734 -10.1734 -10.6734 -11.1734 -11.6734 -12.1734
-12.6734 -13.1734 -13.6734 -14.1734 -14.6734 -15.1734 -15.6734 -16.1734 -16.6734
-17.1734
  0.0000   3.2430   3.2429   3.2427   3.2423   3.2413   3.2386   3.2320   3.2157
  3.1760   3.0843   2.8993   2.6234   2.3624   2.1808   1.9920   1.6776   1.2448
  0.7670   0.2844  -0.1912  -0.6714  -1.1573  -1.6500  -2.1492  -2.6526  -3.1577
 -3.6624  -4.1661  -4.6686  -5.1704  -5.6715  -6.1722  -6.6727  -7.1730  -7.6732
 -8.1733  -8.6734  -9.1734  -9.6735 -10.1735 -10.6735 -11.1735 -11.6735 -12.1735
-12.6735 -13.1735 -13.6735 -14.1735 -14.6735 -15.1735 -15.6735 -16.1735 -16.6735
-17.1735
  0.0000   3.2191   3.2191   3.2189   3.2186   3.2178   3.2158   3.2107   3.1981
  3.1669   3.0921   2.9263   2.6344   2.3342   2.1592   2.0030   1.7041   1.2597
  0.7663   0.2749  -0.2041  -0.6828  -1.1668  -1.6546  -2.1496  -2.6506  -3.1549
 -3.6599  -4.1641  -4.6672  -5.1693  -5.6708  -6.1718  -6.6724  -7.1727  -7.6730
 -8.1731  -8.6732  -9.1733  -9.6733 -10.1734 -10.6734 -11.1734 -11.6734 -12.1734
-12.6734 -13.1734 -13.6734 -14.1734 -14.6734 -15.1734 -15.6734 -16.1734 -16.6734
-17.1734
  0.0000   3.1636   3.1636   3.1635   3.1633   3.1628   3.1614   3.1581   3.1497
  3.1287   3.0772   2.9552   2.6991   2.3441   2.1406   2.0085   1.7270   1.2727
  0.7644   0.2649  -0.2177  -0.6978  -1.1780  -1.6614  -2.1520  -2.6500  -3.1529
 -3.6577  -4.1624  -4.6660  -5.1686  -5.6704  -6.1715  -6.6723  -7.1728  -7.6731
 -8.1733  -8.6734  -9.1735  -9.6735 -10.1735 -10.6736 -11.1736 -11.6736 -12.1736
-12.6736 -13.1736 -13.6736 -14.1736 -14.6736 -15.1736 -15.6736 -16.1736 -16.6736
-17.1736
nl=01 nu= 3
  0.0000  -0.8391  -0.8391  -0.8391  -0.8391  -0.8391  -0.8391  -0.8391  -0.8391
 -0.8391  -0.8391  -0.8391  -0.8391  -0.8391  -0.8391  -0.8391  -0.8391  -0.8391
 -0.8391  -0.8391  -0.8391  -0.8391  -0.8392  -0.8394  -0.8398  -0.8410  -0.8439
 -0.8511  -0.8694  -0.9152  -1.0304  -1.3196  -2.0461  -3.8705  -7.3756  -7.9041
 -8.4165  -8.9248  -9.4313  -9.9362 -10.4398 -10.9421 -11.4438 -11.9448 -12.4454
-12.9459 -13.4461 -13.9463 -14.4464 -14.9465 -15.4465 -15.9465 -16.4465
  0.0000  -0.9898  -0.9898  -0.9898  -0.9898  -0.9898  -0.9898  -0.9898  -0.9898
 -0.9898  -0.9898  -0.9898  -0.9898  -0.9898  -0.9898  -0.9898  -0.9898  -0.9898
 -0.9898  -0.9898  -0.9898  -0.9899  -0.9899  -0.9900  -0.9902  -0.9908  -0.9922
 -0.9959  -1.0050  -1.0279  -1.0855  -1.2301  -1.5933  -2.5058  -4.7965  -7.8916
 -8.4099  -8.9181  -9.4248  -9.9307 -10.4357 -10.9393 -11.4417 -11.9435 -12.4446
-12.9453 -13.4458 -13.9461 -14.4463 -14.9464 -15.4464 -15.9465 -16.4465
  0.0000  -1.1405  -1.1405  -1.1405  -1.1405  -1.1405  -1.1405  -1.1405  -1.1405
 -1.1405  -1.1405  -1.1405  -1.1405  -1.1405  -1.1405  -1.1405  -1.1405  -1.1405
 -1.1405  -1.1405  -1.1405  -1.1405  -1.1405  -1.1406  -1.1407  -1.1410  -1.1418
 -1.1435  -1.1481  -1.1596  -1.1883  -1.2607  -1.4423  -1.8985  -3.0445  -7.8577
 -8.4049  -8.9150  -9.4196  -9.9246 -10.4300 -10.9349 -11.4387 -11.9414 -12.4432
-12.9444 -13.4452 -13.9457 -14.4460 -14.9462 -15.4464 -15.9464 -16.4465
  0.0000  -1.2911  -1.2911  -1.2911  -1.2911  -1.2912  -1.2911  -1.2911  -1.2911
 -1.2911  -1.2911  -1.2911  -1.2912  -1.2911  -1.2911  -1.2911  -1.2911  -1.2912
 -1.2911  -1.2911  -1.2912  -1.2911  -1.2912  -1.2912  -1.2912  -1.2914  -1.2918
 -1.2926  -1.2949  -1.3007  -1.3151  -1.3512  -1.4420  -1.6701  -2.2432  -3.6824
 -8.3902  -8.9165  -9.4197  -9.9209 -10.4242 -10.9291 -11.4340 -11.9380 -12.4409
-12.9429 -13.4442 -13.9451 -14.4456 -14.9460 -15.4462 -15.9463 -16.4464
  0.0000  -1.4418  -1.4417  -1.4418  -1.4417  -1.4417  -1.4417  -1.4417  -1.4417
 -1.4417  -1.4417  -1.4417  -1.4417  -1.4417  -1.4417  -1.4418  -1.4417  -1.4418
 -1.4417  -1.4418  -1.4417  -1.4417  -1.4418  -1.4418  -1.4418  -1.4419  -1.4420
 -1.4425  -1.4437  -1.4465  -1.4537  -1.4718  -1.5172  -1.6312  -1.9177  -2.6374
 -4.4451  -8.9144  -9.4267  -9.9242 -10.4223 -10.9240 -11.4282 -11.9330 -12.4372
-12.9403 -13.4425 -13.9439 -14.4449 -14.9455 -15.4459 -15.9461 -16.4463
  0.0000  -1.5923  -1.5923  -1.5923  -1.5923  -1.5923  -1.5924  -1.5923  -1.5923
 -1.5923  -1.5924  -1.5923  -1.5924  -1.5923  -1.5924  -1.5923  -1.5924  -1.5924
 -1.5924  -1.5923  -1.5924  -1.5924  -1.5924  -1.5924  -1.5924  -1.5924  -1.5925
 -1.5927  -1.5933  -1.5947  -1.5983  -1.6074  -1.6301  -1.6871  -1.8303  -2.1902
 -3.0940  -5.3643  -9.4331  -9.9353 -10.4282 -10.9235 -11.4237 -11.9274 -12.4321
-12.9364 -13.4398 -13.9420 -14.4437 -14.9447 -15.4454 -15.9458 -16.4461
  0.0000  -1.7429  -1.7429  -1.7429  -1.7429  -1.7429  -1.7429  -1.7429  -1.7429
 -1.7429  -1.7429  -1.7429  -1.7429  -1.7429  -1.7429  -1.7429  -1.7429  -1.7429
 -1.7429  -1.7429  -1.7429  -1.7429  -1.7429  -1.7429  -1.7429  -1.7429  -1.7430
 -1.7431  -1.7434  -1.7441  -1.7459  -1.7504  -1.7618  -1.7903  -1.8619  -2.0418
 -2.4937  -3.6289  -9.4099  -9.9467 -10.4415 -10.9309 -11.4243 -11.9235 -12.4268
-12.9315 -13.4359 -13.9394 -14.4418 -14.9435 -15.4446 -15.9453 -16.4458
  0.0000  -0.5056  -0.5056  -0.5056  -0.5056  -0.5056  -0.5056  -0.5056  -0.5056
 -0.5056  -0.5056  -0.5056  -0.5056  -0.5056  -0.5056  -0.5056  -0.5056  -0.5056
 -0.5056  -0.5056  -0.5057  -0.5058  -0.5061  -0.5070  -0.5091  -0.5144  -0.5279
 -0.5616  -0.6463  -0.8590  -1.3934  -2.7355  -6.3597  -6.9001  -7.4132  -7.9213
 -8.4280  -8.9336  -9.4379  -9.9409 -10.4429 -10.9442 -11.4451 -11.9456 -12.4460
-12.9462 -13.4463 -13.9464 -14.4465 -14.9465 -15.4465 -15.9465 -16.4466
  0.0000  -0.6564  -0.6564  -0.6563  -0.6564  -0.6564  -0.6563  -0.6563  -0.6564
 -0.6564  -0.6564  -0.6564  -0.6563  -0.6564  -0.6564  -0.6564  -0.6564  -0.6564
 -0.6564  -0.6564  -0.6564  -0.6565  -0.6566  -0.6571  -0.6581  -0.6608  -0.6675
 -0.6844  -0.7267  -0.8331  -1.1003  -1.7715  -3.4569  -6.8834  -7.4083  -7.9162
 -8.4219  -8.9276  -9.4330  -9.9374 -10.4405 -10.9426 -11.4440 -11.9450 -12.4455
-12.9459 -13.4462 -13.9463 -14.4464 -14.9465 -15.4465 -15.9465 -16.4465
  0.0000  -0.8070  -0.8070  -0.8070  -0.8070  -0.8070  -0.8070  -0.8070  -0.8070
 -0.8070  -0.8070  -0.8070  -0.8070  -0.8070  -0.8070  -0.8070  -0.8070  -0.8070
 -0.8070  -0.8070  -0.8071  -0.8071  -0.8072  -0.8074  -0.8079  -0.8093  -0.8126
 -0.8210  -0.8422  -0.8954  -1.0290  -1.3646  -2.2077  -4.3239  -7.4020  -7.9156
 -8.4189  -8.9223  -9.4271  -9.9323 -10.4367 -10.9399 -11.4422 -11.9438 -12.4448
-12.9454 -13.4459 -13.9461 -14.4463 -14.9464 -15.4465 -15.9465 -16.4465
  0.0000  -0.9577  -0.9577  -0.9577  -0.9577  -0.9577  -0.9577  -0.9577  -0.9577
 -0.9577  -0.9577  -0.9577  -0.9577  -0.9577  -0.9577  -0.9577  -0.9577  -0.9577
 -0.9577  -0.9577  -0.9577  -0.9577  -0.9578  -0.9579  -0.9582  -0.9588  -0.9605
 -0.9648  -0.9753  -1.0018  -1.0687  -1.2365  -1.6580  -2.7168  -7.3661  -7.9175
 -8.4223  -8.9214  -9.4226  -9.9265 -10.4314 -10.9359 -11.4393 -11.9418 -12.4435
-12.9446 -13.4453 -13.9458 -14.4461 -14.9463 -15.4464 -15.9464 -16.4465
  0.0000  -1.1084  -1.1084  -1.1084  -1.1084  -1.1084  -1.1084  -1.1084  -1.1084
 -1.1084  -1.1084  -1.1084  -1.1084  -1.1084  -1.1084  -1.1084  -1.1084  -1.1084
 -1.1084  -1.1084  -1.1084  -1.1084  -1.1084  -1.1085  -1.1086  -1.1089  -1.1098
 -1.1119  -1.1172  -1.1305  -1.1639  -1.2478  -1.4585  -1.9880  -3.3177  -7.9047
 -8.4308  -8.9286  -9.4239  -9.9230 -10.4258 -10.9304 -11.4350 -11.9388 -12.4414
-12.9432 -13.4444 -13.9452 -14.4457 -14.9460 -15.4462 -15.9463 -16.4464
  0.0000  -1.2590  -1.2590  -1.2590  -1.2590  -1.2590  -1.2590  -1.2590  -1.2590
 -1.2590  -1.2590  -1.2590  -1.2590  -1.2590  -1.2590  -1.2590  -1.2590  -1.2590
 -1.2590  -1.2590  -1.2590  -1.2590  -1.2590  -1.2590  -1.2591  -1.2592  -1.2597
 -1.2607  -1.2634  -1.2700  -1.2867  -1.3287  -1.4341  -1.6987  -2.3637  -4.0338
 -8.4308  -8.9418  -9.4339  -9.9262 -10.4234 -10.9253 -11.4296 -11.9342 -12.4381
-12.9409 -13.4429 -13.9442 -14.4451 -14.9456 -15.4460 -15.9462 -16.4463
  0.0000  -1.4096  -1.4096  -1.4096  -1.4096  -1.4096  -1.4096  -1.4096  -1.4096
 -1.4096  -1.4096  -1.4096  -1.4096  -1.4096  -1.4096  -1.4096  -1.4096  -1.4096
 -1.4096  -1.4096  -1.4096  -1.4096  -1.4096  -1.4096  -1.4096  -1.4097  -1.4099
 -1.4104  -1.4118  -1.4151  -1.4234  -1.4444  -1.4971  -1.6294  -1.9619  -2.7970
 -4.8945  -8.9488  -9.4495  -9.9376 -10.4275 -10.9235 -11.4248 -11.9290 -12.4337
-12.9378 -13.4407 -13.9427 -14.4441 -14.9450 -15.4456 -15.9459 -16.4462
  0.0000  -0.1721  -0.1721  -0.1721  -0.1721  -0.1721  -0.1721  -0.1721  -0.1721
 -0.1721  -0.1721  -0.1721  -0.1721  -0.1721  -0.1721  -0.1721  -0.1721  -0.1721
 -0.1721  -0.1722  -0.1725  -0.1731  -0.1747  -0.1786  -0.1885  -0.2133  -0.2756
 -0.4320  -0.8251  -1.8121  -5.3212  -5.8963  -6.4115  -6.9185  -7.4246  -7.9305
 -8.4354  -8.9391  -9.4416  -9.9434 -10.4446 -10.9453 -11.4458 -11.9461 -12.4462
-12.9464 -13.4464 -13.9465 -14.4465 -14.9465 -15.4465 -15.9466 -16.4466
  0.0000  -0.3228  -0.3228  -0.3228  -0.3228  -0.3228  -0.3228  -0.3228  -0.3228
 -0.3228  -0.3228  -0.3228  -0.3228  -0.3228  -0.3228  -0.3228  -0.3228  -0.3229
 -0.3229  -0.3229  -0.3230  -0.3233  -0.3241  -0.3261  -0.3310  -0.3434  -0.3746
 -0.4528  -0.6494  -1.1431  -2.3828  -5.8683  -6.4077  -6.9158  -7.4199  -7.9246
 -8.4300  -8.9350  -9.4388  -9.9414 -10.4432 -10.9445 -11.4452 -11.9457 -12.4460
-12.9462 -13.4464 -13.9464 -14.4465 -14.9465 -15.4465 -15.9465 -16.4466
  0.0000  -0.4736  -0.4736  -0.4736  -0.4736  -0.4736  -0.4736  -0.4736  -0.4736
 -0.4736  -0.4736  -0.4736  -0.4736  -0.4736  -0.4736  -0.4736  -0.4736  -0.4736
 -0.4736  -0.4737  -0.4737  -0.4739  -0.4743  -0.4752  -0.4777  -0.4839  -0.4995
 -0.5386  -0.6369  -0.8838  -1.5039  -3.0609  -6.3956  -6.9175  -7.4200  -7.9211
 -8.4246  -8.9294  -9.4342  -9.9382 -10.4410 -10.9430 -11.4443 -11.9451 -12.4456
-12.9460 -13.4462 -13.9463 -14.4464 -14.9465 -15.4465 -15.9465 -16.4465
  0.0000  -0.6243  -0.6243  -0.6243  -0.6243  -0.6243  -0.6243  -0.6244  -0.6243
 -0.6243  -0.6243  -0.6243  -0.6243  -0.6243  -0.6243  -0.6243  -0.6243  -0.6243
 -0.6243  -0.6243  -0.6243  -0.6244  -0.6246  -0.6251  -0.6263  -0.6294  -0.6372
 -0.6568  -0.7059  -0.8294  -1.1394  -1.9183  -3.8733  -6.9168  -7.4266  -7.9239
 -8.4224  -8.9243  -9.4286  -9.9334 -10.4375 -10.9405 -11.4426 -11.9440 -12.4450
-12.9455 -13.4459 -13.9462 -14.4463 -14.9464 -15.4465 -15.9465 -16.4465
  0.0000  -0.7749  -0.7749  -0.7749  -0.7749  -0.7749  -0.7749  -0.7749  -0.7749
 -0.7749  -0.7749  -0.7749  -0.7749  -0.7749  -0.7749  -0.7749  -0.7749  -0.7749
 -0.7749  -0.7749  -0.7750  -0.7750  -0.7751  -0.7754  -0.7760  -0.7775  -0.7814
 -0.7912  -0.8158  -0.8775  -1.0325  -1.4220  -2.4002  -6.8659  -7.4342  -7.9347
 -8.4276  -8.9235  -9.4241  -9.9278 -10.4325 -10.9367 -11.4400 -11.9422 -12.4438
-12.9448 -13.4454 -13.9459 -14.4461 -14.9463 -15.4464 -15.9465 -16.4465
  0.0000  -0.9256  -0.9256  -0.9256  -0.9256  -0.9256  -0.9256  -0.9256  -0.9256
 -0.9256  -0.9256  -0.9256  -0.9256  -0.9256  -0.9256  -0.9256  -0.9256  -0.9256
 -0.9256  -0.9256  -0.9256  -0.9256  -0.9257  -0.9258  -0.9261  -0.9269  -0.9288
 -0.9337  -0.9460  -0.9769  -1.0544  -1.2491  -1.7382  -2.9668  -7.4189  -7.9480
 -8.4416  -8.9310  -9.4245  -9.9239 -10.4271 -10.9318 -11.4362 -11.9395 -12.4419
-12.9435 -13.4447 -13.9454 -14.4458 -14.9461 -15.4463 -15.9464 -16.4464
  0.0000  -1.0762  -1.0762  -1.0762  -1.0762  -1.0762  -1.0762  -1.0762  -1.0762
 -1.0762  -1.0762  -1.0762  -1.0762  -1.0762  -1.0762  -1.0762  -1.0762  -1.0762
 -1.0762  -1.0762  -1.0762  -1.0762  -1.0762  -1.0763  -1.0764  -1.0768  -1.0778
 -1.0802  -1.0864  -1.1018  -1.1406  -1.2379  -1.4825  -2.0968  -3.6398  -7.9453
 -8.4576  -8.9461  -9.4329  -9.9250 -10.4236 -10.9266 -11.4313 -11.9358 -12.4393
-12.9417 -13.4434 -13.9446 -14.4453 -14.9458 -15.4461 -15.9462 -16.4464
  0.0000   0.1615   0.1615   0.1615   0.1615   0.1615   0.1615   0.1615   0.1615
  0.1615   0.1615   0.1615   0.1615   0.1615   0.1615   0.1615   0.1614   0.1614
  0.1612   0.1607   0.1596   0.1567   0.1494   0.1312   0.0854  -0.0297  -0.3186
 -1.0442  -2.8530  -4.8917  -5.4115  -5.9171  -6.4217  -6.9272  -7.4325  -7.9369
 -8.4401  -8.9423  -9.4438  -9.9449 -10.4455 -10.9459 -11.4461 -11.9463 -12.4464
-12.9465 -13.4465 -13.9465 -14.4465 -14.9465 -15.4466 -15.9466 -16.4466
  0.0000   0.0107   0.0107   0.0107   0.0107   0.0107   0.0107   0.0107   0.0107
  0.0107   0.0107   0.0107   0.0107   0.0107   0.0107   0.0107   0.0106   0.0106
  0.0105   0.0103   0.0097   0.0083   0.0046  -0.0045  -0.0274  -0.0849  -0.2295
 -0.5926  -1.5041  -3.7598  -5.4071  -5.9176  -6.4195  -6.9223  -7.4269  -7.9321
 -8.4365  -8.9398  -9.4421  -9.9437 -10.4448 -10.9454 -11.4458 -11.9461 -12.4463
-12.9464 -13.4465 -13.9465 -14.4465 -14.9465 -15.4465 -15.9466 -16.4466
  0.0000  -0.1401  -0.1401  -0.1401  -0.1401  -0.1401  -0.1401  -0.1401  -0.1401
 -0.1401  -0.1401  -0.1401  -0.1401  -0.1401  -0.1401  -0.1401  -0.1402  -0.1402
 -0.1402  -0.1403  -0.1406  -0.1413  -0.1432  -0.1477  -0.1592  -0.1880  -0.2602
 -0.4418  -0.8979  -2.0430  -5.3794  -5.9203  -6.4232  -6.9217  -7.4228  -7.9266
 -8.4315  -8.9360  -9.4394  -9.9418 -10.4435 -10.9446 -11.4453 -11.9458 -12.4461
-12.9463 -13.4464 -13.9464 -14.4465 -14.9465 -15.4465 -15.9465 -16.4466
  0.0000  -0.2908  -0.2908  -0.2908  -0.2909  -0.2908  -0.2908  -0.2908  -0.2908
 -0.2908  -0.2908  -0.2908  -0.2908  -0.2908  -0.2908  -0.2908  -0.2909  -0.2908
 -0.2909  -0.2909  -0.2911  -0.2914  -0.2923  -0.2946  -0.3003  -0.3147  -0.3509
 -0.4417  -0.6698  -1.2426  -2.6809  -5.9110  -6.4319  -6.9287  -7.4240  -7.9231
 -8.4261  -8.9306  -9.4352  -9.9389 -10.4415 -10.9433 -11.4445 -11.9452 -12.4457
-12.9460 -13.4462 -13.9464 -14.4464 -14.9465 -15.4465 -15.9465 -16.4465
  0.0000  -0.4415  -0.4415  -0.4415  -0.4415  -0.4415  -0.4415  -0.4415  -0.4415
 -0.4415  -0.4415  -0.4415  -0.4415  -0.4415  -0.4415  -0.4415  -0.4415  -0.4415
 -0.4415  -0.4416  -0.4416  -0.4418  -0.4423  -0.4434  -0.4463  -0.4535  -0.4715
 -0.5169  -0.6310  -0.9175  -1.6370  -3.4430  -6.4344  -6.9422  -7.4339  -7.9261
 -8.4236  -8.9255  -9.4299  -9.9344 -10.4383 -10.9410 -11.4430 -11.9443 -12.4451
-12.9456 -13.4460 -13.9462 -14.4463 -14.9464 -15.4465 -15.9465 -16.4465
  0.0000  -0.5921  -0.5921  -0.5922  -0.5922  -0.5921  -0.5921  -0.5921  -0.5921
 -0.5921  -0.5921  -0.5922  -0.5921  -0.5921  -0.5921  -0.5921  -0.5921  -0.5922
 -0.5922  -0.5922  -0.5923  -0.5923  -0.5925  -0.5931  -0.5945  -0.5981  -0.6072
 -0.6299  -0.6869  -0.8301  -1.1899  -2.0937  -4.3601  -6.9523  -7.4507  -7.9382
 -8.4280  -8.9239  -9.4250  -9.9291 -10.4337 -10.9378 -11.4407 -11.9427 -12.4441
-12.9450 -13.4456 -13.9459 -14.4462 -14.9463 -15.4464 -15.9465 -16.4465
  0.0000  -0.7428  -0.7428  -0.7428  -0.7428  -0.7428  -0.7428  -0.7428  -0.7428
 -0.7428  -0.7428  -0.7428  -0.7428  -0.7428  -0.7428  -0.7428  -0.7428  -0.7428
 -0.7428  -0.7428  -0.7428  -0.7428  -0.7430  -0.7433  -0.7440  -0.7458  -0.7503
 -0.7616  -0.7901  -0.8618  -1.0417  -1.4936  -2.6287  -6.9289  -7.4646  -7.9561
 -8.4407  -8.9288  -9.4238  -9.9247 -10.4287 -10.9335 -11.4375 -11.9405 -12.4425
-12.9441 -13.4450 -13.9455 -14.4459 -14.9462 -15.4463 -15.9464 -16.4465
  0.0000   0.4947   0.4947   0.4947   0.4947   0.4947   0.4947   0.4947   0.4947
  0.4947   0.4947   0.4947   0.4947   0.4947   0.4947   0.4946   0.4945   0.4942
  0.4933   0.4912   0.4859   0.4725   0.4388   0.3540   0.1421  -0.3906  -1.7197
 -3.8826  -4.4136  -4.9183  -5.4202  -5.9240  -6.4291  -6.9341  -7.4381  -7.9410
 -8.4429  -8.9442  -9.4451  -9.9456 -10.4460 -10.9462 -11.4463 -11.9464 -12.4465
-12.9465 -13.4465 -13.9465 -14.4466 -14.9466 -15.4466 -15.9466 -16.4466
  0.0000   0.3438   0.3440   0.3440   0.3440   0.3440   0.3440   0.3440   0.3440
  0.3440   0.3440   0.3440   0.3440   0.3440   0.3440   0.3439   0.3439   0.3437
  0.3433   0.3422   0.3395   0.3328   0.3160   0.2737   0.1675  -0.0993  -0.7691
 -2.4357  -4.4048  -4.9215  -5.4216  -5.9214  -6.4242  -6.9289  -7.4338  -7.9378
 -8.4408  -8.9428  -9.4442  -9.9450 -10.4456 -10.9459 -11.4462 -11.9463 -12.4464
-12.9465 -13.4465 -13.9465 -14.4465 -14.9466 -15.4466 -15.9466 -16.4466
  0.0000   0.1933   0.1933   0.1933   0.1933   0.1933   0.1933   0.1933   0.1933
  0.1933   0.1933   0.1933   0.1933   0.1933   0.1933   0.1933   0.1933   0.1932
  0.1930   0.1925   0.1911   0.1878   0.1793   0.1582   0.1050  -0.0285  -0.3638
 -1.2055  -3.2841  -4.9224  -5.4288  -5.9248  -6.4226  -6.9242  -7.4284  -7.9332
 -8.4373  -8.9404  -9.4426  -9.9439 -10.4449 -10.9455 -11.4459 -11.9461 -12.4463
-12.9464 -13.4465 -13.9465 -14.4465 -14.9465 -15.4466 -15.9466 -16.4466
  0.0000   0.0425   0.0426   0.0426   0.0426   0.0426   0.0426   0.0426   0.0426
  0.0426   0.0426   0.0426   0.0426   0.0426   0.0426   0.0426   0.0426   0.0425
  0.0424   0.0421   0.0415   0.0398   0.0356   0.0251  -0.0016  -0.0684  -0.2361
 -0.6574  -1.7149  -4.8900  -5.4374  -5.9359  -6.4281  -6.9237  -7.4241  -7.9278
 -8.4326  -8.9367  -9.4400  -9.9422 -10.4438 -10.9448 -11.4454 -11.9459 -12.4461
-12.9463 -13.4464 -13.9465 -14.4465 -14.9465 -15.4465 -15.9465 -16.4466
  0.0000  -0.1081  -0.1081  -0.1081  -0.1081  -0.1081  -0.1081  -0.1081  -0.1081
 -0.1081  -0.1081  -0.1081  -0.1081  -0.1081  -0.1081  -0.1081  -0.1081  -0.1081
 -0.1082  -0.1083  -0.1087  -0.1095  -0.1116  -0.1169  -0.1302  -0.1636  -0.2475
 -0.4582  -0.9874  -2.3157  -5.4274  -5.9502  -6.4424  -6.9314  -7.4249  -7.9240
 -8.4272  -8.9318  -9.4362  -9.9396 -10.4419 -10.9436 -11.4447 -11.9454 -12.4458
-12.9461 -13.4463 -13.9464 -14.4464 -14.9465 -15.4465 -15.9465 -16.4465
  0.0000  -0.2587  -0.2587  -0.2587  -0.2587  -0.2587  -0.2587  -0.2587  -0.2587
 -0.2587  -0.2587  -0.2588  -0.2588  -0.2587  -0.2587  -0.2587  -0.2587  -0.2588
 -0.2588  -0.2589  -0.2590  -0.2594  -0.2605  -0.2631  -0.2698  -0.2865  -0.3284
 -0.4338  -0.6985  -1.3632  -3.0312  -5.9522  -6.4605  -6.9477  -7.4340  -7.9257
 -8.4239  -8.9266  -9.4311  -9.9356 -10.4392 -10.9416 -11.4434 -11.9445 -12.4453
-12.9458 -13.4461 -13.9462 -14.4464 -14.9464 -15.4465 -15.9465 -16.4465
  0.0000  -0.4094  -0.4094  -0.4094  -0.4094  -0.4094  -0.4094  -0.4094  -0.4094
 -0.4094  -0.4094  -0.4094  -0.4094  -0.4094  -0.4094  -0.4094  -0.4094  -0.4094
 -0.4094  -0.4094  -0.4096  -0.4097  -0.4103  -0.4116  -0.4149  -0.4233  -0.4442
 -0.4969  -0.6293  -0.9617  -1.7966  -3.8900  -6.4686  -6.9670  -7.4507  -7.9352
 -8.4259  -8.9237  -9.4262  -9.9308 -10.4354 -10.9390 -11.4416 -11.9433 -12.4445
-12.9453 -13.4457 -13.9460 -14.4462 -14.9464 -15.4464 -15.9465 -16.4465
  0.0000   0.8271   0.8271   0.8271   0.8271   0.8271   0.8271   0.8271   0.8271
  0.8271   0.8271   0.8271   0.8270   0.8270   0.8268   0.8267   0.8260   0.8245
  0.8206   0.8108   0.7861   0.7243   0.5689   0.1793  -0.7915  -2.8494  -3.4174
 -3.9227  -4.4213  -4.9220  -5.4257  -5.9307  -6.4353  -6.9390  -7.4416  -7.9433
 -8.4445  -8.9453  -9.4457  -9.9460 -10.4462 -10.9464 -11.4464 -11.9465 -12.4465
-12.9465 -13.4465 -13.9466 -14.4466 -14.9466 -15.4466 -15.9466 -16.4466
  0.0000   0.6768   0.6768   0.6768   0.6768   0.6768   0.6768   0.6768   0.6768
  0.6768   0.6768   0.6768   0.6768   0.6768   0.6768   0.6766   0.6763   0.6755
  0.6736   0.6687   0.6563   0.6253   0.5474   0.3517  -0.1393  -1.3612  -3.3954
 -3.9274  -4.4268  -4.9230  -5.4227  -5.9258  -6.4306  -6.9352  -7.4389  -7.9415
 -8.4433  -8.9445  -9.4452  -9.9457 -10.4460 -10.9462 -11.4464 -11.9464 -12.4465
-12.9465 -13.4465 -13.9465 -14.4466 -14.9466 -15.4466 -15.9466 -16.4466
  0.0000   0.5264   0.5264   0.5264   0.5264   0.5264   0.5264   0.5264   0.5264
  0.5264   0.5264   0.5264   0.5264   0.5264   0.5264   0.5263   0.5262   0.5258
  0.5248   0.5223   0.5161   0.5006   0.4616   0.3635   0.1173  -0.5005  -2.0339
 -3.9209  -4.4365  -4.9310  -5.4249  -5.9233  -6.4257  -6.9302  -7.4348  -7.9386
 -8.4412  -8.9431  -9.4444  -9.9452 -10.4457 -10.9460 -11.4462 -11.9463 -12.4464
-12.9465 -13.4465 -13.9465 -14.4465 -14.9466 -15.4466 -15.9466 -16.4466
  0.0000   0.3759   0.3759   0.3759   0.3759   0.3759   0.3759   0.3759   0.3759
  0.3759   0.3759   0.3759   0.3758   0.3758   0.3758   0.3757   0.3757   0.3755
  0.3750   0.3738   0.3707   0.3629   0.3434   0.2943   0.1711  -0.1385  -0.9153
 -2.8290  -4.4408  -4.9451  -5.4353  -5.9269  -6.4237  -6.9254  -7.4296  -7.9342
 -8.4381  -8.9409  -9.4429  -9.9442 -10.4451 -10.9456 -11.4460 -11.9462 -12.4463
-12.9464 -13.4465 -13.9465 -14.4465 -14.9465 -15.4466 -15.9466 -16.4466
  0.0000   0.2252   0.2252   0.2252   0.2252   0.2252   0.2252   0.2252   0.2252
  0.2252   0.2252   0.2252   0.2252   0.2252   0.2252   0.2252   0.2251   0.2250
  0.2248   0.2242   0.2226   0.2187   0.2090   0.1844   0.1227  -0.0322  -0.4212
 -1.3975  -4.3896  -4.9570  -5.4530  -5.9395  -6.4287  -6.9241  -7.4250  -7.9290
 -8.4336  -8.9376  -9.4406  -9.9427 -10.4440 -10.9450 -11.4456 -11.9459 -12.4462
-12.9463 -13.4464 -13.9465 -14.4465 -14.9465 -15.4465 -15.9466 -16.4466
  0.0000   0.0746   0.0746   0.0746   0.0746   0.0746   0.0746   0.0746   0.0746
  0.0746   0.0746   0.0746   0.0746   0.0746   0.0746   0.0746   0.0746   0.0745
  0.0744   0.0741   0.0733   0.0714   0.0665   0.0542   0.0234  -0.0541  -0.2487
 -0.7375  -1.9641  -4.9418  -5.4696  -5.9593  -6.4429  -6.9302  -7.4244  -7.9247
 -8.4284  -8.9331  -9.4372  -9.9403 -10.4424 -10.9439 -11.4449 -11.9455 -12.4459
-12.9461 -13.4463 -13.9464 -14.4465 -14.9465 -15.4465 -15.9465 -16.4466
  0.0000  -0.0760  -0.0760  -0.0760  -0.0760  -0.0760  -0.0760  -0.0760  -0.0760
 -0.0760  -0.0760  -0.0760  -0.0760  -0.0760  -0.0760  -0.0760  -0.0760  -0.0760
 -0.0761  -0.0762  -0.0766  -0.0776  -0.0800  -0.0862  -0.1016  -0.1404  -0.2377
 -0.4822  -1.0962  -2.6366  -5.4663  -5.9775  -6.4626  -6.9441  -7.4305  -7.9243
 -8.4244  -8.9282  -9.4330  -9.9371 -10.4403 -10.9424 -11.4439 -11.9449 -12.4455
-12.9459 -13.4461 -13.9463 -14.4464 -14.9465 -15.4465 -15.9465 -16.4465
  0.0000   1.1565   1.1565   1.1565   1.1565   1.1565   1.1565   1.1565   1.1565
  1.1565   1.1565   1.1565   1.1564   1.1562   1.1558   1.1546   1.1518   1.1447
  1.1268   1.0820   0.9694   0.6873  -0.0131  -1.5298  -2.4204  -2.9309  -3.4264
 -3.9226  -4.4232  -4.9271  -5.4320  -5.9363  -6.4397  -6.9420  -7.4436  -7.9447
 -8.4454  -8.9458  -9.4461  -9.9463 -10.4464 -10.9464 -11.4465 -11.9465 -12.4465
-12.9465 -13.4466 -13.9466 -14.4466 -14.9466 -15.4466 -15.9466 -16.4466
  0.0000   1.0079   1.0079   1.0080   1.0079   1.0079   1.0078   1.0079   1.0079
  1.0079   1.0079   1.0079   1.0079   1.0078   1.0076   1.0070   1.0056   1.0020
  0.9930   0.9703   0.9135   0.7709   0.4134  -0.4742  -2.2377  -2.9337  -3.4356
 -3.9283  -4.4236  -4.9236  -5.4272  -5.9320  -6.4363  -6.9397  -7.4420  -7.9436
 -8.4447  -8.9454  -9.4458  -9.9461 -10.4463 -10.9464 -11.4464 -11.9465 -12.4465
-12.9465 -13.4465 -13.9466 -14.4466 -14.9466 -15.4466 -15.9466 -16.4466
  0.0000   0.8585   0.8585   0.8585   0.8585   0.8585   0.8585   0.8585   0.8585
  0.8585   0.8585   0.8585   0.8584   0.8584   0.8583   0.8580   0.8573   0.8555
  0.8509   0.8396   0.8110   0.7393   0.5592   0.1076  -1.0126  -2.9085  -3.4451
 -3.9405  -4.4307  -4.9245  -5.4239  -5.9271  -6.4318  -6.9361  -7.4395  -7.9419
 -8.4435  -8.9447  -9.4454  -9.9458 -10.4461 -10.9463 -11.4464 -11.9464 -12.4465
-12.9465 -13.4465 -13.9465 -14.4466 -14.9466 -15.4466 -15.9466 -16.4466
  0.0000   0.7085   0.7085   0.7085   0.7085   0.7085   0.7085   0.7085   0.7085
  0.7085   0.7085   0.7085   0.7085   0.7085   0.7084   0.7083   0.7079   0.7070
  0.7047   0.6990   0.6847   0.6487   0.5583   0.3314  -0.2378  -1.6456  -3.4385
 -3.9556  -4.4457  -4.9332  -5.4256  -5.9241  -6.4268  -6.9313  -7.4357  -7.9392
 -8.4417  -8.9434  -9.4446  -9.9453 -10.4458 -10.9461 -11.4462 -11.9464 -12.4464
-12.9465 -13.4465 -13.9465 -14.4465 -14.9466 -15.4466 -15.9466 -16.4466
  0.0000   0.5582   0.5582   0.5582   0.5582   0.5582   0.5582   0.5582   0.5582
  0.5582   0.5582   0.5582   0.5582   0.5582   0.5582   0.5581   0.5579   0.5575
  0.5564   0.5535   0.5463   0.5283   0.4830   0.3693   0.0837  -0.6327  -2.3911
 -3.9603  -4.4648  -4.9506  -5.4358  -5.9266  -6.4241  -6.9263  -7.4307  -7.9352
 -8.4389  -8.9414  -9.4432  -9.9445 -10.4452 -10.9457 -11.4460 -11.9462 -12.4464
-12.9464 -13.4465 -13.9465 -14.4465 -14.9465 -15.4466 -15.9466 -16.4466
  0.0000   0.4078   0.4078   0.4078   0.4078   0.4078   0.4078   0.4078   0.4078
  0.4078   0.4078   0.4078   0.4078   0.4078   0.4078   0.4078   0.4077   0.4075
  0.4069   0.4055   0.4019   0.3928   0.3702   0.3132   0.1702  -0.1889  -1.0898
 -3.2553  -4.4764  -4.9721  -5.4545  -5.9378  -6.4273  -6.9240  -7.4260  -7.9302
 -8.4349  -8.9386  -9.4413  -9.9431 -10.4444 -10.9452 -11.4457 -11.9460 -12.4462
-12.9463 -13.4464 -13.9465 -14.4465 -14.9465 -15.4465 -15.9466 -16.4466
  0.0000   0.2573   0.2573   0.2573   0.2573   0.2573   0.2573   0.2573   0.2573
  0.2573   0.2573   0.2573   0.2572   0.2573   0.2573   0.2572   0.2572   0.2571
  0.2568   0.2561   0.2543   0.2498   0.2384   0.2099   0.1386  -0.0413  -0.4927
 -1.6248  -4.4504  -4.9866  -5.4758  -5.9558  -6.4380  -6.9271  -7.4237  -7.9258
 -8.4303  -8.9349  -9.4386  -9.9413 -10.4431 -10.9444 -11.4452 -11.9457 -12.4460
-12.9462 -13.4463 -13.9464 -14.4465 -14.9465 -15.4465 -15.9465 -16.4466
  0.0000   1.4774   1.4774   1.4774   1.4774   1.4774   1.4774   1.4774   1.4774
  1.4774   1.4773   1.4772   1.4769   1.4761   1.4741   1.4691   1.4565   1.4248
  1.3454   1.1470   0.6578  -0.4288  -1.4160  -1.9417  -2.4362  -2.9275  -3.4232
 -3.9240  -4.4280  -4.9329  -5.4371  -5.9403  -6.4424  -6.9439  -7.4449  -7.9455
 -8.4459  -8.9461  -9.4463  -9.9464 -10.4465 -10.9465 -11.4465 -11.9465 -12.4466
-12.9466 -13.4466 -13.9466 -14.4466 -14.9466 -15.4466 -15.9466 -16.4466
  0.0000   1.3338   1.3338   1.3338   1.3338   1.3338   1.3338   1.3338   1.3338
  1.3338   1.3337   1.3337   1.3335   1.3331   1.3321   1.3295   1.3230   1.3068
  1.2661   1.1639   0.9084   0.2775  -1.0644  -1.9365  -2.4472  -2.9379  -3.4281
 -3.9236  -4.4245  -4.9285  -5.4332  -5.9373  -6.4404  -6.9425  -7.4439  -7.9449
 -8.4455  -8.9459  -9.4461  -9.9463 -10.4464 -10.9465 -11.4465 -11.9465 -12.4465
-12.9466 -13.4466 -13.9466 -14.4466 -14.9466 -15.4466 -15.9466 -16.4466
  0.0000   1.1878   1.1878   1.1878   1.1878   1.1878   1.1878   1.1878   1.1878
  1.1878   1.1877   1.1877   1.1876   1.1874   1.1869   1.1856   1.1823   1.1741
  1.1534   1.1015   0.9711   0.6449  -0.1609  -1.7342  -2.4523  -2.9529  -3.4404
 -3.9293  -4.4242  -4.9247  -5.4284  -5.9331  -6.4372  -6.9403  -7.4425  -7.9439
 -8.4449  -8.9455  -9.4459  -9.9461 -10.4463 -10.9464 -11.4465 -11.9465 -12.4465
-12.9465 -13.4466 -13.9466 -14.4466 -14.9466 -15.4466 -15.9466 -16.4466
  0.0000   1.0393   1.0393   1.0393   1.0393   1.0393   1.0393   1.0393   1.0393
  1.0393   1.0393   1.0393   1.0392   1.0391   1.0388   1.0382   1.0365   1.0324
  1.0219   0.9957   0.9299   0.7646   0.3506  -0.6712  -2.4187  -2.9655  -3.4588
 -3.9434  -4.4308  -4.9247  -5.4247  -5.9282  -6.4328  -6.9370  -7.4401  -7.9423
 -8.4438  -8.9448  -9.4455  -9.9459 -10.4461 -10.9463 -11.4464 -11.9465 -12.4465
-12.9465 -13.4465 -13.9465 -14.4466 -14.9466 -15.4466 -15.9466 -16.4466
  0.0000   0.8901   0.8901   0.8901   0.8901   0.8901   0.8901   0.8901   0.8901
  0.8900   0.8901   0.8901   0.8901   0.8900   0.8899   0.8896   0.8887   0.8866
  0.8814   0.8682   0.8351   0.7519   0.5431   0.0198  -1.2678  -2.9551  -3.4767
 -3.9643  -4.4464  -4.9323  -5.4252  -5.9246  -6.4278  -6.9324  -7.4366  -7.9399
 -8.4421  -8.9437  -9.4448  -9.9454 -10.4458 -10.9461 -11.4463 -11.9464 -12.4465
-12.9465 -13.4465 -13.9465 -14.4465 -14.9466 -15.4466 -15.9466 -16.4466
  0.0000   0.7403   0.7403   0.7403   0.7403   0.7403   0.7403   0.7403   0.7403
  0.7403   0.7403   0.7403   0.7403   0.7403   0.7402   0.7401   0.7396   0.7386
  0.7360   0.7293   0.7127   0.6710   0.5661   0.3029  -0.3568  -1.9675  -3.4779
 -3.9852  -4.4686  -4.9486  -5.4333  -5.9253  -6.4243  -6.9274  -7.4321  -7.9364
 -8.4397  -8.9420  -9.4436  -9.9447 -10.4454 -10.9458 -11.4461 -11.9463 -12.4464
-12.9464 -13.4465 -13.9465 -14.4465 -14.9465 -15.4466 -15.9466 -16.4466
  0.0000   0.5902   0.5902   0.5902   0.5902   0.5902   0.5902   0.5902   0.5902
  0.5902   0.5902   0.5902   0.5902   0.5902   0.5901   0.5901   0.5899   0.5893
  0.5880   0.5847   0.5764   0.5555   0.5029   0.3710   0.0397  -0.7908  -2.7756
 -3.9919  -4.4894  -4.9697  -5.4485  -5.9328  -6.4249  -6.9241  -7.4274  -7.9322
 -8.4365  -8.9398  -9.4421  -9.9437 -10.4448 -10.9454 -11.4458 -11.9461 -12.4463
-12.9464 -13.4465 -13.9465 -14.4465 -14.9465 -15.4465 -15.9466 -16.4466
  0.0000   1.7759   1.7759   1.7759   1.7759   1.7759   1.7759   1.7759   1.7758
  1.7757   1.7755   1.7750   1.7737   1.7704   1.7621   1.7414   1.6893   1.5598
  1.2433   0.5354  -0.3831  -0.9501  -1.4495  -1.9376  -2.4274  -2.9232  -3.4244
 -3.9287  -4.4334  -4.9376  -5.4406  -5.9426  -6.4441  -6.9450  -7.4456  -7.9459
 -8.4462  -8.9463  -9.4464  -9.9465 -10.4465 -10.9465 -11.4465 -11.9466 -12.4466
-12.9466 -13.4466 -13.9466 -14.4466 -14.9466 -15.4466 -15.9466 -16.4466
  0.0000   1.6447   1.6447   1.6447   1.6447   1.6447   1.6447   1.6447   1.6447
  1.6446   1.6445   1.6442   1.6435   1.6418   1.6374   1.6263   1.5985   1.5288
  1.3552   0.9303   0.0035  -0.9253  -1.4587  -1.9515  -2.4377  -2.9274  -3.4236
 -3.9251  -4.4294  -4.9341  -5.4380  -5.9409  -6.4429  -6.9442  -7.4451  -7.9456
 -8.4460  -8.9462  -9.4463  -9.9464 -10.4465 -10.9465 -11.4465 -11.9465 -12.4466
-12.9466 -13.4466 -13.9466 -14.4466 -14.9466 -15.4466 -15.9466 -16.4466
  0.0000   1.5069   1.5069   1.5069   1.5069   1.5069   1.5069   1.5069   1.5069
  1.5069   1.5068   1.5067   1.5063   1.5054   1.5031   1.4973   1.4828   1.4463
  1.3550   1.1270   0.5682  -0.5989  -1.4522  -1.9664  -2.4541  -2.9386  -3.4280
 -3.9240  -4.4255  -4.9296  -5.4343  -5.9381  -6.4409  -6.9429  -7.4442  -7.9451
 -8.4456  -8.9460  -9.4462  -9.9463 -10.4464 -10.9465 -11.4465 -11.9465 -12.4465
-12.9466 -13.4466 -13.9466 -14.4466 -14.9466 -15.4466 -15.9466 -16.4466
  0.0000   1.3643   1.3643   1.3643   1.3643   1.3643   1.3643   1.3643   1.3643
  1.3643   1.3642   1.3642   1.3640   1.3635   1.3623   1.3594   1.3519   1.3331
  1.2861   1.1681   0.8733   0.1502  -1.2435  -1.9715  -2.4735  -2.9573  -3.4402
 -3.9288  -4.4243  -4.9255  -5.4295  -5.9341  -6.4380  -6.9408  -7.4428  -7.9442
 -8.4451  -8.9456  -9.4460  -9.9462 -10.4463 -10.9464 -11.4465 -11.9465 -12.4465
-12.9465 -13.4466 -13.9466 -14.4466 -14.9466 -15.4466 -15.9466 -16.4466
  0.0000   1.2185   1.2185   1.2185   1.2185   1.2185   1.2185   1.2185   1.2185
  1.2185   1.2185   1.2185   1.2184   1.2181   1.2175   1.2160   1.2122   1.2027
  1.1787   1.1186   0.9678   0.5906  -0.3338  -1.9111  -2.4863  -2.9798  -3.4605
 -3.9419  -4.4295  -4.9245  -5.4253  -5.9292  -6.4339  -6.9378  -7.4407  -7.9428
 -8.4441  -8.9450  -9.4456  -9.9459 -10.4462 -10.9463 -11.4464 -11.9465 -12.4465
-12.9465 -13.4465 -13.9466 -14.4466 -14.9466 -15.4466 -15.9466 -16.4466
  0.0000   1.0709   1.0709   1.0709   1.0709   1.0709   1.0709   1.0709   1.0709
  1.0709   1.0709   1.0709   1.0708   1.0707   1.0704   1.0696   1.0677   1.0629
  1.0508   1.0204   0.9441   0.7526   0.2735  -0.8973  -2.4675  -2.9969  -3.4843
 -3.9627  -4.4428  -4.9297  -5.4244  -5.9251  -6.4291  -6.9337  -7.4377  -7.9407
 -8.4427  -8.9441  -9.4450  -9.9456 -10.4459 -10.9462 -11.4463 -11.9464 -12.4465
-12.9465 -13.4465 -13.9465 -14.4466 -14.9466 -15.4466 -15.9466 -16.4466
  0.0000   0.9219   0.9219   0.9219   0.9219   0.9219   0.9219   0.9219   0.9219
  0.9219   0.9219   0.9219   0.9219   0.9218   0.9216   0.9213   0.9203   0.9179
  0.9118   0.8965   0.8581   0.7616   0.5196  -0.0863  -1.5545  -2.9902  -3.5022
 -3.9852  -4.4620  -4.9418  -5.4288  -5.9239  -6.4251  -6.9293  -7.4340  -7.9380
 -8.4409  -8.9427  -9.4442  -9.9451 -10.4456 -10.9460 -11.4462 -11.9463 -12.4464
-12.9465 -13.4465 -13.9465 -14.4465 -14.9466 -15.4466 -15.9466 -16.4466
  0.0000   2.0214   2.0214   2.0214   2.0214   2.0214   2.0214   2.0213   2.0212
  2.0209   2.0202   2.0185   2.0140   2.0028   1.9746   1.9046   1.7332   1.3402
  0.6642   0.0492  -0.4636  -0.9512  -1.4372  -1.9269  -2.4229  -2.9244  -3.4288
 -3.9337  -4.4377  -4.9407  -5.4427  -5.9441  -6.4450  -6.9456  -7.4459  -7.9462
 -8.4463  -8.9464  -9.4465  -9.9465 -10.4465 -10.9465 -11.4466 -11.9466 -12.4466
-12.9466 -13.4466 -13.9466 -14.4466 -14.9466 -15.4466 -15.9466 -16.4466
  0.0000   1.9173   1.9173   1.9173   1.9173   1.9173   1.9173   1.9173   1.9172
  1.9170   1.9166   1.9156   1.9129   1.9063   1.8897   1.8481   1.7448   1.4932
  0.9326   0.1241  -0.4627  -0.9651  -1.4513  -1.9363  -2.4265  -2.9235  -3.4256
 -3.9300  -4.4347  -4.9385  -5.4412  -5.9431  -6.4443  -6.9452  -7.4457  -7.9460
 -8.4462  -8.9463  -9.4464  -9.9465 -10.4465 -10.9465 -11.4465 -11.9466 -12.4466
-12.9466 -13.4466 -13.9466 -14.4466 -14.9466 -15.4466 -15.9466 -16.4466
  0.0000   1.8003   1.8003   1.8003   1.8003   1.8003   1.8003   1.8003   1.8003
  1.8002   1.8000   1.7994   1.7979   1.7942   1.7848   1.7614   1.7028   1.5571
  1.2031   0.4390  -0.4280  -0.9754  -1.4695  -1.9523  -2.4364  -2.9266  -3.4239
 -3.9262  -4.4306  -4.9351  -5.4388  -5.9414  -6.4432  -6.9444  -7.4452  -7.9457
 -8.4460  -8.9462  -9.4463  -9.9464 -10.4465 -10.9465 -11.4465 -11.9465 -12.4466
-12.9466 -13.4466 -13.9466 -14.4466 -14.9466 -15.4466 -15.9466 -16.4466
  0.0000   1.6726   1.6726   1.6726   1.6726   1.6726   1.6726   1.6726   1.6725
  1.6725   1.6724   1.6720   1.6712   1.6692   1.6642   1.6515   1.6197   1.5402
  1.3421   0.8611  -0.1308  -0.9643  -1.4864  -1.9737  -2.4539  -2.9370  -3.4271
 -3.9242  -4.4263  -4.9307  -5.4352  -5.9388  -6.4414  -6.9432  -7.4444  -7.9452
 -8.4457  -8.9460  -9.4462  -9.9464 -10.4464 -10.9465 -11.4465 -11.9465 -12.4465
-12.9466 -13.4466 -13.9466 -14.4466 -14.9466 -15.4466 -15.9466 -16.4466
  0.0000   1.5365   1.5365   1.5365   1.5365   1.5365   1.5365   1.5365   1.5365
  1.5365   1.5364   1.5363   1.5358   1.5348   1.5321   1.5255   1.5087   1.4668
  1.3617   1.0998   0.4635  -0.7511  -1.4884  -1.9948  -2.4773  -2.9556  -3.4378
 -3.9273  -4.4242  -4.9262  -5.4307  -5.9351  -6.4388  -6.9414  -7.4432  -7.9444
 -8.4452  -8.9457  -9.4460  -9.9462 -10.4463 -10.9464 -11.4465 -11.9465 -12.4465
-12.9465 -13.4466 -13.9466 -14.4466 -14.9466 -15.4466 -15.9466 -16.4466
  0.0000   1.3949   1.3949   1.3949   1.3949   1.3949   1.3949   1.3949   1.3949
  1.3949   1.3949   1.3948   1.3946   1.3940   1.3927   1.3892   1.3806   1.3590
  1.3046   1.1683   0.8285   0.0034  -1.3825  -2.0041  -2.5003  -2.9794  -3.4562
 -3.9378  -4.4271  -4.9240  -5.4263  -5.9307  -6.4352  -6.9388  -7.4414  -7.9432
 -8.4445  -8.9452  -9.4457  -9.9460 -10.4462 -10.9464 -11.4464 -11.9465 -12.4465
-12.9465 -13.4465 -13.9466 -14.4466 -14.9466 -15.4466 -15.9466 -16.4466
  0.0000   1.2497   1.2497   1.2498   1.2497   1.2497   1.2497   1.2497   1.2497
  1.2497   1.2497   1.2497   1.2496   1.2493   1.2486   1.2468   1.2424   1.2314
  1.2037   1.1341   0.9597   0.5241  -0.5298  -1.9718  -2.5122  -3.0013  -3.4780
 -3.9543  -4.4361  -4.9261  -5.4238  -5.9265  -6.4311  -6.9356  -7.4392  -7.9417
 -8.4434  -8.9446  -9.4453  -9.9458 -10.4461 -10.9462 -11.4464 -11.9464 -12.4465
-12.9465 -13.4465 -13.9465 -14.4466 -14.9466 -15.4466 -15.9466 -16.4466
  0.0000   2.1687   2.1688   2.1688   2.1688   2.1687   2.1687   2.1686   2.1684
  2.1679   2.1666   2.1633   2.1548   2.1328   2.0748   1.9206   1.5665   1.0426
  0.5225   0.0301  -0.4535  -0.9353  -1.4256  -1.9220  -2.4238  -2.9284  -3.4333
 -3.9375  -4.4405  -4.9426  -5.4441  -5.9450  -6.4456  -6.9459  -7.4462  -7.9463
 -8.4464  -8.9465  -9.4465  -9.9465 -10.4465 -10.9466 -11.4466 -11.9466 -12.4466
-12.9466 -13.4466 -13.9466 -14.4466 -14.9466 -15.4466 -15.9466 -16.4466
  0.0000   2.1078   2.1080   2.1078   2.1078   2.1078   2.1078   2.1077   2.1075
  2.1071   2.1060   2.1034   2.0966   2.0797   2.0368   1.9284   1.6649   1.1468
  0.5493   0.0272  -0.4656  -0.9484  -1.4341  -1.9252  -2.4229  -2.9255  -3.4302
 -3.9349  -4.4387  -4.9413  -5.4432  -5.9444  -6.4452  -6.9457  -7.4460  -7.9462
 -8.4463  -8.9464  -9.4465  -9.9465 -10.4465 -10.9465 -11.4466 -11.9466 -12.4466
-12.9466 -13.4466 -13.9466 -14.4466 -14.9466 -15.4466 -15.9466 -16.4466
  0.0000   2.0314   2.0314   2.0314   2.0314   2.0314   2.0314   2.0313   2.0312
  2.0309   2.0302   2.0283   2.0237   2.0119   1.9826   1.9094   1.7292   1.3166
  0.6347   0.0315  -0.4800  -0.9668  -1.4489  -1.9339  -2.4254  -2.9238  -3.4266
 -3.9312  -4.4357  -4.9392  -5.4417  -5.9434  -6.4446  -6.9453  -7.4458  -7.9461
 -8.4462  -8.9464  -9.4464  -9.9465 -10.4465 -10.9465 -11.4465 -11.9466 -12.4466
-12.9466 -13.4466 -13.9466 -14.4466 -14.9466 -15.4466 -15.9466 -16.4466
  0.0000   1.9368   1.9368   1.9368   1.9368   1.9368   1.9367   1.9367   1.9366
  1.9365   1.9360   1.9349   1.9319   1.9247   1.9064   1.8608   1.7473   1.4720
  0.8721   0.0804  -0.4885  -0.9878  -1.4702  -1.9498  -2.4341  -2.9256  -3.4242
 -3.9271  -4.4317  -4.9360  -5.4395  -5.9418  -6.4435  -6.9446  -7.4453  -7.9458
 -8.4461  -8.9463  -9.4464  -9.9464 -10.4465 -10.9465 -11.4465 -11.9465 -12.4466
-12.9466 -13.4466 -13.9466 -14.4466 -14.9466 -15.4466 -15.9466 -16.4466
  0.0000   1.8252   1.8252   1.8252   1.8252   1.8253   1.8252   1.8252   1.8252
  1.8251   1.8248   1.8241   1.8225   1.8183   1.8077   1.7813   1.7153   1.5514
  1.1561   0.3403  -0.4688  -1.0039  -1.4942  -1.9724  -2.4505  -2.9342  -3.4257
 -3.9243  -4.4273  -4.9319  -5.4362  -5.9396  -6.4419  -6.9436  -7.4447  -7.9454
 -8.4458  -8.9461  -9.4463  -9.9464 -10.4464 -10.9465 -11.4465 -11.9465 -12.4465
-12.9466 -13.4466 -13.9466 -14.4466 -14.9466 -15.4466 -15.9466 -16.4466
  0.0000   1.7004   1.7004   1.7004   1.7004   1.7004   1.7004   1.7004   1.7004
  1.7003   1.7002   1.6998   1.6989   1.6966   1.6908   1.6763   1.6400   1.5492
  1.3237   0.7813  -0.2539  -0.9989  -1.5134  -1.9971  -2.4729  -2.9500  -3.4336
 -3.9253  -4.4242  -4.9275  -5.4321  -5.9364  -6.4397  -6.9420  -7.4436  -7.9447
 -8.4454  -8.9458  -9.4461  -9.9463 -10.4464 -10.9464 -11.4465 -11.9465 -12.4465
-12.9465 -13.4466 -13.9466 -14.4466 -14.9466 -15.4466 -15.9466 -16.4466
  0.0000   1.5660   1.5660   1.5660   1.5661   1.5660   1.5660   1.5660   1.5660
  1.5660   1.5659   1.5657   1.5652   1.5640   1.5610   1.5533   1.5341   1.4858
  1.3651   1.0649   0.3448  -0.8674  -1.5151  -2.0161  -2.4954  -2.9699  -3.4472
 -3.9316  -4.4245  -4.9243  -5.4280  -5.9328  -6.4370  -6.9402  -7.4423  -7.9439
 -8.4449  -8.9455  -9.4459  -9.9461 -10.4463 -10.9464 -11.4465 -11.9465 -12.4465
-12.9465 -13.4465 -13.9466 -14.4466 -14.9466 -15.4466 -15.9466 -16.4466
  0.0000   2.1919   2.1919   2.1919   2.1919   2.1919   2.1920   2.1922   2.1928
  2.1941   2.1972   2.2036   2.2124   2.2057   2.1175   1.8596   1.4562   0.9947
  0.5189   0.0417  -0.4387  -0.9237  -1.4204  -1.9222  -2.4268  -2.9321  -3.4366
 -3.9400  -4.4422  -4.9438  -5.4448  -5.9455  -6.4459  -6.9461  -7.4463  -7.9464
 -8.4465  -8.9465  -9.4465  -9.9465 -10.4465 -10.9466 -11.4466 -11.9466 -12.4466
-12.9466 -13.4466 -13.9466 -14.4466 -14.9466 -15.4466 -15.9466 -16.4466
  0.0000   2.1686   2.1686   2.1686   2.1686   2.1686   2.1686   2.1686   2.1687
  2.1689   2.1694   2.1703   2.1706   2.1618   2.1058   1.9074   1.5083   1.0181
  0.5228   0.0377  -0.4463  -0.9306  -1.4233  -1.9218  -2.4249  -2.9298  -3.4346
 -3.9385  -4.4412  -4.9431  -5.4444  -5.9452  -6.4457  -6.9460  -7.4462  -7.9463
 -8.4464  -8.9465  -9.4465  -9.9465 -10.4465 -10.9466 -11.4466 -11.9466 -12.4466
-12.9466 -13.4466 -13.9466 -14.4466 -14.9466 -15.4466 -15.9466 -16.4466
  0.0000   2.1448   2.1448   2.1448   2.1448   2.1448   2.1448   2.1447   2.1446
  2.1443   2.1436   2.1417   2.1366   2.1219   2.0759   1.9335   1.5816   1.0530
  0.5237   0.0249  -0.4615  -0.9440  -1.4309  -1.9239  -2.4232  -2.9267  -3.4315
 -3.9360  -4.4394  -4.9418  -5.4435  -5.9446  -6.4453  -6.9458  -7.4461  -7.9463
 -8.4464  -8.9464  -9.4465  -9.9465 -10.4465 -10.9465 -11.4466 -11.9466 -12.4466
-12.9466 -13.4466 -13.9466 -14.4466 -14.9466 -15.4466 -15.9466 -16.4466
  0.0000   2.1053   2.1053   2.1053   2.1053   2.1053   2.1053   2.1052   2.1051
  2.1047   2.1037   2.1013   2.0952   2.0797   2.0395   1.9335   1.6644   1.1347
  0.5363   0.0107  -0.4820  -0.9638  -1.4452  -1.9312  -2.4245  -2.9241  -3.4276
 -3.9323  -4.4366  -4.9399  -5.4421  -5.9437  -6.4448  -6.9454  -7.4458  -7.9461
 -8.4463  -8.9464  -9.4465  -9.9465 -10.4465 -10.9465 -11.4465 -11.9466 -12.4466
-12.9466 -13.4466 -13.9466 -14.4466 -14.9466 -15.4466 -15.9466 -16.4466
  0.0000   2.0429   2.0428   2.0428   2.0428   2.0428   2.0428   2.0428   2.0426
  2.0423   2.0416   2.0396   2.0348   2.0227   1.9921   1.9154   1.7248   1.2883
  0.6003   0.0066  -0.5026  -0.9880  -1.4662  -1.9455  -2.4311  -2.9246  -3.4245
 -3.9282  -4.4328  -4.9370  -5.4402  -5.9423  -6.4438  -6.9449  -7.4455  -7.9459
 -8.4461  -8.9463  -9.4464  -9.9465 -10.4465 -10.9465 -11.4465 -11.9465 -12.4466
-12.9466 -13.4466 -13.9466 -14.4466 -14.9466 -15.4466 -15.9466 -16.4466
  0.0000   1.9570   1.9570   1.9570   1.9570   1.9570   1.9570   1.9569   1.9569
  1.9567   1.9562   1.9549   1.9517   1.9437   1.9237   1.8736   1.7490   1.4477
  0.8093   0.0412  -0.5140  -1.0108  -1.4904  -1.9658  -2.4444  -2.9303  -3.4242
 -3.9247  -4.4286  -4.9333  -5.4374  -5.9405  -6.4425  -6.9440  -7.4449  -7.9455
 -8.4459  -8.9462  -9.4463  -9.9464 -10.4465 -10.9465 -11.4465 -11.9465 -12.4466
-12.9466 -13.4466 -13.9466 -14.4466 -14.9466 -15.4466 -15.9466 -16.4466
  0.0000   1.8495   1.8496   1.8496   1.8496   1.8496   1.8495   1.8495   1.8495
  1.8494   1.8491   1.8483   1.8464   1.8417   1.8299   1.8002   1.7259   1.5422
  1.1031   0.2497  -0.4978  -1.0239  -1.5115  -1.9873  -2.4618  -2.9410  -3.4282
 -3.9236  -4.4252  -4.9296  -5.4343  -5.9382  -6.4410  -6.9428  -7.4443  -7.9451
 -8.4456  -8.9460  -9.4462  -9.9463 -10.4464 -10.9465 -11.4465 -11.9465 -12.4465
-12.9466 -13.4466 -13.9466 -14.4466 -14.9466 -15.4466 -15.9466 -16.4466
  0.0000   2.1517   2.1517   2.1517   2.1518   2.1521   2.1528   2.1545   2.1586
  2.1685   2.1899   2.2279   2.2685   2.2523   2.1055   1.8184   1.4315   0.9898
  0.5253   0.0563  -0.4312  -0.9182  -1.4194  -1.9239  -2.4295  -2.9347  -3.4386
 -3.9414  -4.4432  -4.9444  -5.4452  -5.9457  -6.4460  -6.9462  -7.4464  -7.9464
 -8.4465  -8.9465  -9.4465  -9.9465 -10.4466 -10.9466 -11.4466 -11.9466 -12.4466
-12.9466 -13.4466 -13.9466 -14.4466 -14.9466 -15.4466 -15.9466 -16.4466
  0.0000   2.1163   2.1163   2.1163   2.1164   2.1166   2.1170   2.1181   2.1208
  2.1272   2.1420   2.1716   2.2140   2.2287   2.1263   1.8574   1.4655   1.0105
  0.5348   0.0552  -0.4304  -0.9200  -1.4196  -1.9231  -2.4284  -2.9336  -3.4378
 -3.9408  -4.4427  -4.9442  -5.4451  -5.9456  -6.4460  -6.9462  -7.4463  -7.9464
 -8.4465  -8.9465  -9.4465  -9.9465 -10.4466 -10.9466 -11.4466 -11.9466 -12.4466
-12.9466 -13.4466 -13.9466 -14.4466 -14.9466 -15.4466 -15.9466 -16.4466
  0.0000   2.1132   2.1132   2.1132   2.1132   2.1133   2.1135   2.1141   2.1154
  2.1187   2.1265   2.1432   2.1717   2.1932   2.1324   1.8932   1.4930   1.0196
  0.5312   0.0468  -0.4391  -0.9266  -1.4216  -1.9220  -2.4260  -2.9311  -3.4358
 -3.9393  -4.4418  -4.9435  -5.4446  -5.9453  -6.4458  -6.9461  -7.4463  -7.9464
 -8.4464  -8.9465  -9.4465  -9.9465 -10.4465 -10.9466 -11.4466 -11.9466 -12.4466
-12.9466 -13.4466 -13.9466 -14.4466 -14.9466 -15.4466 -15.9466 -16.4466
  0.0000   2.1234   2.1234   2.1235   2.1235   2.1235   2.1235   2.1237   2.1242
  2.1252   2.1278   2.1335   2.1441   2.1528   2.1159   1.9268   1.5280   1.0277
  0.5209   0.0293  -0.4556  -0.9393  -1.4280  -1.9229  -2.4237  -2.9277  -3.4326
 -3.9369  -4.4401  -4.9423  -5.4438  -5.9448  -6.4455  -6.9459  -7.4461  -7.9463
 -8.4464  -8.9465  -9.4465  -9.9465 -10.4465 -10.9465 -11.4466 -11.9466 -12.4466
-12.9466 -13.4466 -13.9466 -14.4466 -14.9466 -15.4466 -15.9466 -16.4466
  0.0000   2.1257   2.1257   2.1257   2.1257   2.1257   2.1257   2.1257   2.1257
  2.1257   2.1257   2.1255   2.1242   2.1171   2.0820   1.9449   1.5860   1.0503
  0.5125   0.0082  -0.4776  -0.9582  -1.4404  -1.9283  -2.4235  -2.9246  -3.4288
 -3.9335  -4.4376  -4.9406  -5.4427  -5.9441  -6.4450  -6.9456  -7.4459  -7.9462
 -8.4463  -8.9464  -9.4465  -9.9465 -10.4465 -10.9465 -11.4466 -11.9466 -12.4466
-12.9466 -13.4466 -13.9466 -14.4466 -14.9466 -15.4466 -15.9466 -16.4466
  0.0000   2.1044   2.1044   2.1044   2.1044   2.1044   2.1044   2.1043   2.1042
  2.1039   2.1031   2.1010   2.0958   2.0821   2.0448   1.9400   1.6607   1.1173
  0.5191  -0.0085  -0.5005  -0.9810  -1.4583  -1.9393  -2.4275  -2.9235  -3.4253
 -3.9297  -4.4344  -4.9382  -5.4410  -5.9430  -6.4443  -6.9451  -7.4456  -7.9460
 -8.4462  -8.9463  -9.4464  -9.9465 -10.4465 -10.9465 -11.4465 -11.9466 -12.4466
-12.9466 -13.4466 -13.9466 -14.4466 -14.9466 -15.4466 -15.9466 -16.4466
  0.0000   2.0532   2.0532   2.0532   2.0532   2.0532   2.0532   2.0531   2.0530
  2.0527   2.0519   2.0499   2.0450   2.0325   2.0010   1.9210   1.7195   1.2588
  0.5719  -0.0107  -0.5176  -1.0019  -1.4779  -1.9540  -2.4358  -2.9257  -3.4235
 -3.9263  -4.4310  -4.9355  -5.4391  -5.9416  -6.4433  -6.9446  -7.4453  -7.9458
 -8.4461  -8.9462  -9.4464  -9.9464 -10.4465 -10.9465 -11.4465 -11.9465 -12.4466
-12.9466 -13.4466 -13.9466 -14.4466 -14.9466 -15.4466 -15.9466 -16.4466
  0.0000   2.1526   2.1526   2.1525   2.1528   2.1536   2.1551   2.1588   2.1678
  2.1877   2.2260   2.2791   2.3116   2.2619   2.0868   1.7925   1.4112   0.9771
  0.5190   0.0628  -0.4356  -0.9174  -1.4197  -1.9247  -2.4304  -2.9354  -3.4392
 -3.9417  -4.4434  -4.9446  -5.4453  -5.9458  -6.4461  -6.9463  -7.4464  -7.9464
 -8.4465  -8.9465  -9.4465  -9.9465 -10.4466 -10.9466 -11.4466 -11.9466 -12.4466
-12.9466 -13.4466 -13.9466 -14.4466 -14.9466 -15.4466 -15.9466 -16.4466
  0.0000   2.0698   2.0700   2.0699   2.0701   2.0706   2.0720   2.0750   2.0825
  2.1004   2.1362   2.1960   2.2551   2.2494   2.1141   1.8397   1.4585   1.0155
  0.5460   0.0660  -0.4223  -0.9158  -1.4197  -1.9255  -2.4314  -2.9362  -3.4397
 -3.9421  -4.4437  -4.9448  -5.4454  -5.9459  -6.4461  -6.9463  -7.4464  -7.9465
 -8.4465  -8.9465  -9.4465  -9.9465 -10.4466 -10.9466 -11.4466 -11.9466 -12.4466
-12.9466 -13.4466 -13.9466 -14.4466 -14.9466 -15.4466 -15.9466 -16.4466
  0.0000   2.0282   2.0282   2.0283   2.0285   2.0289   2.0299   2.0323   2.0384
  2.0528   2.0843   2.1417   2.2133   2.2377   2.1309   1.8673   1.4826   1.0285
  0.5504   0.0672  -0.4236  -0.9175  -1.4194  -1.9242  -2.4299  -2.9349  -3.4388
 -3.9415  -4.4433  -4.9445  -5.4453  -5.9457  -6.4460  -6.9462  -7.4464  -7.9464
 -8.4465  -8.9465  -9.4465  -9.9465 -10.4466 -10.9466 -11.4466 -11.9466 -12.4466
-12.9466 -13.4466 -13.9466 -14.4466 -14.9466 -15.4466 -15.9466 -16.4466
  0.0000   2.0230   2.0230   2.0230   2.0231   2.0234   2.0243   2.0258   2.0299
  2.0400   2.0629   2.1085   2.1760   2.2198   2.1433   1.8897   1.4974   1.0295
  0.5420   0.0560  -0.4325  -0.9231  -1.4205  -1.9224  -2.4271  -2.9323  -3.4368
 -3.9401  -4.4423  -4.9439  -5.4448  -5.9455  -6.4459  -6.9461  -7.4463  -7.9464
 -8.4465  -8.9465  -9.4465  -9.9465 -10.4465 -10.9466 -11.4466 -11.9466 -12.4466
-12.9466 -13.4466 -13.9466 -14.4466 -14.9466 -15.4466 -15.9466 -16.4466
  0.0000   2.0485   2.0485   2.0485   2.0486   2.0486   2.0491   2.0499   2.0522
  2.0576   2.0704   2.0979   2.1449   2.1893   2.1456   1.9136   1.5124   1.0266
  0.5269   0.0371  -0.4480  -0.9339  -1.4249  -1.9221  -2.4243  -2.9289  -3.4338
 -3.9379  -4.4408  -4.9428  -5.4442  -5.9451  -6.4456  -6.9460  -7.4462  -7.9463
 -8.4464  -8.9465  -9.4465  -9.9465 -10.4465 -10.9466 -11.4466 -11.9466 -12.4466
-12.9466 -13.4466 -13.9466 -14.4466 -14.9466 -15.4466 -15.9466 -16.4466
  0.0000   2.0849   2.0849   2.0849   2.0849   2.0850   2.0851   2.0854   2.0862
  2.0883   2.0932   2.1042   2.1254   2.1502   2.1270   1.9398   1.5381   1.0286
  0.5122   0.0157  -0.4679  -0.9495  -1.4339  -1.9249  -2.4228  -2.9256  -3.4304
 -3.9351  -4.4388  -4.9414  -5.4432  -5.9445  -6.4452  -6.9457  -7.4460  -7.9462
 -8.4464  -8.9464  -9.4465  -9.9465 -10.4465 -10.9465 -11.4466 -11.9466 -12.4466
-12.9466 -13.4466 -13.9466 -14.4466 -14.9466 -15.4466 -15.9466 -16.4466
  0.0000   2.1074   2.1074   2.1074   2.1074   2.1074   2.1075   2.1075   2.1075
  2.1080   2.1088   2.1105   2.1136   2.1147   2.0895   1.9541   1.5873   1.0481
  0.5056  -0.0016  -0.4869  -0.9665  -1.4461  -1.9311  -2.4239  -2.9235  -3.4273
 -3.9322  -4.4366  -4.9399  -5.4421  -5.9438  -6.4448  -6.9454  -7.4458  -7.9461
 -8.4463  -8.9464  -9.4465  -9.9465 -10.4465 -10.9465 -11.4465 -11.9466 -12.4466
-12.9466 -13.4466 -13.9466 -14.4466 -14.9466 -15.4466 -15.9466 -16.4466
  0.0000   2.2171   2.2172   2.2174   2.2177   2.2187   2.2211   2.2270   2.2404
  2.2680   2.3129   2.3602   2.3677   2.2726   2.0544   1.7363   1.3598   0.9277
  0.4777   0.0727  -0.4700  -0.9266  -1.4228  -1.9236  -2.4275  -2.9323  -3.4366
 -3.9399  -4.4422  -4.9437  -5.4448  -5.9454  -6.4458  -6.9461  -7.4463  -7.9464
 -8.4465  -8.9465  -9.4465  -9.9465 -10.4465 -10.9466 -11.4466 -11.9466 -12.4466
-12.9466 -13.4466 -13.9466 -14.4466 -14.9466 -15.4466 -15.9466 -16.4466
  0.0000   2.0881   2.0881   2.0882   2.0885   2.0892   2.0910   2.0953   2.1056
  2.1283   2.1715   2.2324   2.2798   2.2539   2.1036   1.8247   1.4471   1.0102
  0.5453   0.0725  -0.4226  -0.9150  -1.4204  -1.9268  -2.4327  -2.9373  -3.4405
 -3.9425  -4.4441  -4.9450  -5.4456  -5.9459  -6.4462  -6.9463  -7.4464  -7.9465
 -8.4465  -8.9465  -9.4465  -9.9466 -10.4466 -10.9466 -11.4466 -11.9466 -12.4466
-12.9466 -13.4466 -13.9466 -14.4466 -14.9466 -15.4466 -15.9466 -16.4466
  0.0000   2.0103   2.0104   2.0105   2.0106   2.0114   2.0130   2.0170   2.0267
  2.0489   2.0934   2.1637   2.2337   2.2419   2.1222   1.8601   1.4840   1.0390
  0.5643   0.0789  -0.4161  -0.9146  -1.4205  -1.9271  -2.4330  -2.9375  -3.4406
 -3.9426  -4.4441  -4.9450  -5.4456  -5.9460  -6.4462  -6.9463  -7.4464  -7.9465
 -8.4465  -8.9465  -9.4465  -9.9466 -10.4466 -10.9466 -11.4466 -11.9466 -12.4466
-12.9466 -13.4466 -13.9466 -14.4466 -14.9466 -15.4466 -15.9466 -16.4466
  0.0000   1.9577   1.9577   1.9578   1.9578   1.9587   1.9602   1.9640   1.9733
  1.9947   2.0397   2.1161   2.2031   2.2357   2.1357   1.8809   1.5013   1.0464
  0.5646   0.0772  -0.4179  -0.9157  -1.4196  -1.9253  -2.4312  -2.9361  -3.4396
 -3.9420  -4.4436  -4.9447  -5.4454  -5.9458  -6.4461  -6.9463  -7.4464  -7.9465
 -8.4465  -8.9465  -9.4465  -9.9465 -10.4466 -10.9466 -11.4466 -11.9466 -12.4466
-12.9466 -13.4466 -13.9466 -14.4466 -14.9466 -15.4466 -15.9466 -16.4466
  0.0000   1.9347   1.9347   1.9348   1.9350   1.9355   1.9368   1.9401   1.9480
  1.9666   2.0072   2.0811   2.1765   2.2292   2.1473   1.8962   1.5101   1.0433
  0.5544   0.0658  -0.4256  -0.9197  -1.4195  -1.9231  -2.4284  -2.9336  -3.4378
 -3.9408  -4.4428  -4.9442  -5.4451  -5.9456  -6.4460  -6.9462  -7.4463  -7.9464
 -8.4465  -8.9465  -9.4465  -9.9465 -10.4466 -10.9466 -11.4466 -11.9466 -12.4466
-12.9466 -13.4466 -13.9466 -14.4466 -14.9466 -15.4466 -15.9466 -16.4466
  0.0000   1.9492   1.9492   1.9492   1.9494   1.9498   1.9507   1.9529   1.9585
  1.9719   2.0021   2.0615   2.1491   2.2144   2.1556   1.9110   1.5172   1.0372
  0.5396   0.0492  -0.4378  -0.9271  -1.4216  -1.9216  -2.4255  -2.9307  -3.4355
 -3.9391  -4.4417  -4.9434  -5.4446  -5.9453  -6.4458  -6.9461  -7.4462  -7.9464
 -8.4464  -8.9465  -9.4465  -9.9465 -10.4465 -10.9466 -11.4466 -11.9466 -12.4466
-12.9466 -13.4466 -13.9466 -14.4466 -14.9466 -15.4466 -15.9466 -16.4466
  0.0000   1.9950   1.9950   1.9950   1.9951   1.9953   1.9958   1.9970   2.0000
  2.0074   2.0247   2.0613   2.1235   2.1850   2.1536   1.9286   1.5286   1.0345
  0.5267   0.0328  -0.4516  -0.9369  -1.4262  -1.9220  -2.4235  -2.9280  -3.4331
 -3.9373  -4.4404  -4.9425  -5.4440  -5.9449  -6.4455  -6.9459  -7.4462  -7.9463
 -8.4464  -8.9465  -9.4465  -9.9465 -10.4465 -10.9466 -11.4466 -11.9466 -12.4466
-12.9466 -13.4466 -13.9466 -14.4466 -14.9466 -15.4466 -15.9466 -16.4466
  0.0000   2.3202   2.3204   2.3210   2.3224   2.3259   2.3346   2.3553   2.3981
  2.4661   2.5304   2.5438   2.4974   2.2491   1.9617   1.4696   1.2315   0.7499
  0.3106   0.0830  -0.6845  -1.0559  -1.5500  -2.0446  -2.5385  -3.0302  -3.5191
 -4.0052  -4.4890  -4.9721  -5.4562  -5.9435  -6.4357  -6.9329  -7.4338  -7.9364
 -8.4393  -8.9416  -9.4433  -9.9444 -10.4452 -10.9457 -11.4460 -11.9462 -12.4463
-12.9464 -13.4465 -13.9465 -14.4465 -14.9465 -15.4466 -15.9466 -16.4466
  0.0000   2.1447   2.1447   2.1449   2.1452   2.1461   2.1482   2.1535   2.1657
  2.1916   2.2365   2.2924   2.3225   2.2664   2.0860   1.7899   1.4093   0.9758
  0.5181   0.0662  -0.4382  -0.9180  -1.4203  -1.9251  -2.4307  -2.9355  -3.4392
 -3.9417  -4.4434  -4.9446  -5.4453  -5.9458  -6.4461  -6.9463  -7.4464  -7.9464
 -8.4465  -8.9465  -9.4465  -9.9465 -10.4466 -10.9466 -11.4466 -11.9466 -12.4466
-12.9466 -13.4466 -13.9466 -14.4466 -14.9466 -15.4466 -15.9466 -16.4466
  0.0000   2.0439   2.0440   2.0441   2.0444   2.0450   2.0468   2.0510   2.0611
  2.0835   2.1265   2.1899   2.2482   2.2429   2.1146   1.8508   1.4784   1.0386
  0.5668   0.0809  -0.4152  -0.9143  -1.4218  -1.9288  -2.4345  -2.9386  -3.4414
 -3.9433  -4.4445  -4.9453  -5.4457  -5.9460  -6.4462  -6.9464  -7.4464  -7.9465
 -8.4465  -8.9465  -9.4465  -9.9466 -10.4466 -10.9466 -11.4466 -11.9466 -12.4466
-12.9466 -13.4466 -13.9466 -14.4466 -14.9466 -15.4466 -15.9466 -16.4466
  0.0000   1.9726   1.9728   1.9728   1.9730   1.9737   1.9754   1.9797   1.9900
  2.0133   2.0596   2.1324   2.2096   2.2317   2.1284   1.8784   1.5074   1.0601
  0.5803   0.0895  -0.4116  -0.9141  -1.4215  -1.9286  -2.4343  -2.9385  -3.4413
 -3.9432  -4.4445  -4.9452  -5.4457  -5.9460  -6.4462  -6.9464  -7.4464  -7.9465
 -8.4465  -8.9465  -9.4465  -9.9466 -10.4466 -10.9466 -11.4466 -11.9466 -12.4466
-12.9466 -13.4466 -13.9466 -14.4466 -14.9466 -15.4466 -15.9466 -16.4466
  0.0000   1.9159   1.9162   1.9163   1.9165   1.9173   1.9191   1.9235   1.9342
  1.9588   2.0089   2.0912   2.1847   2.2273   2.1397   1.8951   1.5207   1.0648
  0.5791   0.0871  -0.4127  -0.9143  -1.4201  -1.9267  -2.4326  -2.9372  -3.4404
 -3.9425  -4.4441  -4.9450  -5.4456  -5.9459  -6.4462  -6.9463  -7.4464  -7.9465
 -8.4465  -8.9465  -9.4465  -9.9466 -10.4466 -10.9466 -11.4466 -11.9466 -12.4466
-12.9466 -13.4466 -13.9466 -14.4466 -14.9466 -15.4466 -15.9466 -16.4466
  0.0000   1.8803   1.8804   1.8805   1.8808   1.8815   1.8832   1.8874   1.8977
  1.9216   1.9720   2.0588   2.1641   2.2237   2.1491   1.9075   1.5280   1.0621
  0.5708   0.0784  -0.4173  -0.9160  -1.4190  -1.9244  -2.4304  -2.9354  -3.4392
 -3.9417  -4.4435  -4.9446  -5.4453  -5.9458  -6.4461  -6.9463  -7.4464  -7.9464
 -8.4465  -8.9465  -9.4465  -9.9465 -10.4466 -10.9466 -11.4466 -11.9466 -12.4466
-12.9466 -13.4466 -13.9466 -14.4466 -14.9466 -15.4466 -15.9466 -16.4466
  0.0000   1.8757   1.8758   1.8758   1.8761   1.8766   1.8780   1.8815   1.8901
  1.9103   1.9544   2.0351   2.1427   2.2149   2.1553   1.9184   1.5343   1.0589
  0.5614   0.0680  -0.4239  -0.9193  -1.4191  -1.9228  -2.4282  -2.9335  -3.4378
 -3.9408  -4.4427  -4.9442  -5.4451  -5.9456  -6.4460  -6.9462  -7.4463  -7.9464
 -8.4465  -8.9465  -9.4465  -9.9465 -10.4466 -10.9466 -11.4466 -11.9466 -12.4466
-12.9466 -13.4466 -13.9466 -14.4466 -14.9466 -15.4466 -15.9466 -16.4466
 -1.0000   2.2316   2.2317   2.2320   2.2328   2.2348   2.2396   2.2509   2.2750
  2.3210   2.3869   2.4390   2.4291   2.2861   2.0308   1.6717   1.2994   0.8531
  0.4002   0.0237  -0.5492  -0.9865  -1.4721  -1.9580  -2.4456  -2.9364  -3.4316
 -3.9310  -4.4332  -4.9365  -5.4395  -5.9418  -6.4434  -6.9446  -7.4453  -7.9458
 -8.4460  -8.9462  -9.4464  -9.9464 -10.4465 -10.9465 -11.4465 -11.9465 -12.4466
-12.9466 -13.4466 -13.9466 -14.4466 -14.9466 -15.4466 -15.9466 -16.4466
  0.0000   2.2324   2.2325   2.2328   2.2336   2.2355   2.2403   2.2514   2.2756
  2.3213   2.3865   2.4383   2.4282   2.2856   2.0306   1.6717   1.2993   0.8531
  0.4002   0.0236  -0.5491  -0.9865  -1.4721  -1.9580  -2.4456  -2.9364  -3.4316
 -3.9310  -4.4332  -4.9365  -5.4395  -5.9418  -6.4434  -6.9446  -7.4453  -7.9458
 -8.4460  -8.9462  -9.4464  -9.9464 -10.4465 -10.9465 -11.4465 -11.9465 -12.4466
-12.9466 -13.4466 -13.9466 -14.4466 -14.9466 -15.4466 -15.9466 -16.4466
  0.0000   2.0937   2.0937   2.0938   2.0941   2.0949   2.0967   2.1013   2.1120
  2.1349   2.1771   2.2360   2.2817   2.2547   2.1043   1.8262   1.4500   1.0138
  0.5486   0.0757  -0.4223  -0.9150  -1.4211  -1.9277  -2.4334  -2.9378  -3.4408
 -3.9428  -4.4442  -4.9451  -5.4456  -5.9460  -6.4462  -6.9463  -7.4464  -7.9465
 -8.4465  -8.9465  -9.4465  -9.9466 -10.4466 -10.9466 -11.4466 -11.9466 -12.4466
-12.9466 -13.4466 -13.9466 -14.4466 -14.9466 -15.4466 -15.9466 -16.4466
  0.0000   2.0136   2.0136   2.0137   2.0140   2.0146   2.0162   2.0200   2.0292
  2.0497   2.0899   2.1524   2.2175   2.2292   2.1215   1.8724   1.5055   1.0630
  0.5849   0.0922  -0.4108  -0.9145  -1.4233  -1.9305  -2.4359  -2.9397  -3.4421
 -3.9438  -4.4448  -4.9455  -5.4459  -5.9461  -6.4463  -6.9464  -7.4465  -7.9465
 -8.4465  -8.9465  -9.4465  -9.9466 -10.4466 -10.9466 -11.4466 -11.9466 -12.4466
-12.9466 -13.4466 -13.9466 -14.4466 -14.9466 -15.4466 -15.9466 -16.4466
  0.0000   1.9523   1.9523   1.9524   1.9527   1.9533   1.9549   1.9588   1.9682
  1.9897   2.0329   2.1028   2.1827   2.2173   2.1316   1.8953   1.5304   1.0812
  0.5959   0.0990  -0.4078  -0.9141  -1.4229  -1.9302  -2.4357  -2.9395  -3.4420
 -3.9437  -4.4448  -4.9454  -5.4458  -5.9461  -6.4463  -6.9464  -7.4465  -7.9465
 -8.4465  -8.9465  -9.4465  -9.9466 -10.4466 -10.9466 -11.4466 -11.9466 -12.4466
-12.9466 -13.4466 -13.9466 -14.4466 -14.9466 -15.4466 -15.9466 -16.4466
  0.0000   1.9031   1.9031   1.9032   1.9035   1.9042   1.9058   1.9099   1.9198
  1.9424   1.9887   2.0659   2.1586   2.2108   2.1400   1.9101   1.5437   1.0872
  0.5968   0.0987  -0.4072  -0.9135  -1.4216  -1.9288  -2.4346  -2.9387  -3.4415
 -3.9433  -4.4445  -4.9453  -5.4458  -5.9461  -6.4462  -6.9464  -7.4464  -7.9465
 -8.4465  -8.9465  -9.4465  -9.9466 -10.4466 -10.9466 -11.4466 -11.9466 -12.4466
-12.9466 -13.4466 -13.9466 -14.4466 -14.9466 -15.4466 -15.9466 -16.4466
  0.0000   1.8714   1.8715   1.8716   1.8718   1.8725   1.8740   1.8780   1.8875
  1.9097   1.9562   2.0367   2.1377   2.2034   2.1458   1.9216   1.5534   1.0899
  0.5946   0.0952  -0.4083  -0.9136  -1.4205  -1.9275  -2.4334  -2.9378  -3.4408
 -3.9429  -4.4442  -4.9451  -5.4456  -5.9460  -6.4462  -6.9463  -7.4464  -7.9465
 -8.4465  -8.9465  -9.4465  -9.9466 -10.4466 -10.9466 -11.4466 -11.9466 -12.4466
-12.9466 -13.4466 -13.9466 -14.4466 -14.9466 -15.4466 -15.9466 -16.4466
nl=01 nu= 4
  0.0000  -0.8133  -0.8133  -0.8133  -0.8133  -0.8133  -0.8133  -0.8133  -0.8133
 -0.8133  -0.8133  -0.8133  -0.8133  -0.8133  -0.8133  -0.8133  -0.8133  -0.8133
 -0.8133  -0.8134  -0.8134  -0.8136  -0.8141  -0.8154  -0.8186  -0.8267  -0.8470
 -0.8980  -1.0261  -1.3480  -2.1563  -4.1843  -7.0240  -7.5598  -8.0765  -8.5858
 -9.0913  -9.5947 -10.0968 -10.5981 -11.0989 -11.5994 -12.0997 -12.5999 -13.1001
-13.6001 -14.1002 -14.6002 -15.1002 -15.6003 -16.1003
  0.0000  -0.9643  -0.9643  -0.9643  -0.9643  -0.9643  -0.9643  -0.9643  -0.9643
 -0.9643  -0.9643  -0.9643  -0.9643  -0.9643  -0.9643  -0.9643  -0.9643  -0.9643
 -0.9643  -0.9643  -0.9643  -0.9644  -0.9647  -0.9653  -0.9669  -0.9710  -0.9811
 -1.0066  -1.0707  -1.2316  -1.6358  -2.6510  -6.9518  -7.5365  -8.0636  -8.5774
 -9.0858  -9.5911 -10.0945 -10.5966 -11.0979 -11.5988 -12.0994 -12.5997 -13.0999
-13.6001 -14.1001 -14.6002 -15.1002 -15.6002 -16.1003
  0.0000  -1.1150  -1.1150  -1.1150  -1.1150  -1.1150  -1.1150  -1.1150  -1.1150
 -1.1150  -1.1150  -1.1150  -1.1150  -1.1150  -1.1150  -1.1150  -1.1150  -1.1149
 -1.1150  -1.1150  -1.1150  -1.1151  -1.1152  -1.1155  -1.1163  -1.1184  -1.1234
 -1.1362  -1.1682  -1.2487  -1.4508  -1.9584  -3.2335  -7.4930  -8.0461  -8.5664
 -9.0779  -9.5855 -10.0907 -10.5941 -11.0964 -11.5978 -12.0987 -12.5993 -13.0997
-13.5999 -14.1000 -14.6001 -15.1002 -15.6002 -16.1002
  0.0000  -1.2657  -1.2657  -1.2657  -1.2657  -1.2657  -1.2657  -1.2657  -1.2657
 -1.2657  -1.2657  -1.2657  -1.2657  -1.2657  -1.2657  -1.2657  -1.2657  -1.2657
 -1.2657  -1.2657  -1.2657  -1.2658  -1.2658  -1.2660  -1.2664  -1.2674  -1.2699
 -1.2763  -1.2923  -1.3326  -1.4336  -1.6874  -2.3250  -3.9264  -8.0186  -8.5539
 -9.0686  -9.5780 -10.0850 -10.5901 -11.0937 -11.5959 -12.0976 -12.5986 -13.0992
-13.5996 -14.0998 -14.6000 -15.1001 -15.6002 -16.1002
  0.0000  -1.4165  -1.4165  -1.4165  -1.4165  -1.4165  -1.4165  -1.4164  -1.4165
 -1.4164  -1.4165  -1.4165  -1.4165  -1.4165  -1.4164  -1.4164  -1.4165  -1.4165
 -1.4165  -1.4165  -1.4165  -1.4164  -1.4165  -1.4166  -1.4168  -1.4173  -1.4186
 -1.4218  -1.4298  -1.4499  -1.5004  -1.6273  -1.9461  -2.7469  -4.7580  -8.5380
 -9.0605  -9.5703 -10.0778 -10.5842 -11.0893 -11.5930 -12.0955 -12.5972 -13.0984
-13.5991 -14.0995 -14.5998 -15.1000 -15.6001 -16.1002
  0.0000  -1.5671  -1.5671  -1.5671  -1.5671  -1.5671  -1.5671  -1.5671  -1.5671
 -1.5671  -1.5671  -1.5671  -1.5671  -1.5671  -1.5671  -1.5671  -1.5671  -1.5671
 -1.5671  -1.5671  -1.5671  -1.5671  -1.5672  -1.5672  -1.5673  -1.5676  -1.5681
 -1.5698  -1.5738  -1.5838  -1.6091  -1.6726  -1.8320  -2.2323  -3.2381  -8.4866
 -9.0535  -9.5663 -10.0718 -10.5775 -11.0833 -11.5884 -12.0923 -12.5950 -13.0969
-13.5981 -14.0989 -14.5994 -15.0997 -15.5999 -16.1001
  0.0000  -1.7177  -1.7177  -1.7177  -1.7177  -1.7177  -1.7177  -1.7177  -1.7177
 -1.7178  -1.7177  -1.7177  -1.7177  -1.7177  -1.7177  -1.7177  -1.7177  -1.7177
 -1.7177  -1.7177  -1.7177  -1.7177  -1.7177  -1.7178  -1.7178  -1.7179  -1.7183
 -1.7191  -1.7211  -1.7261  -1.7387  -1.7705  -1.8501  -2.0503  -2.5532  -3.8163
 -9.0311  -9.5660 -10.0711 -10.5732 -11.0772 -11.5824 -12.0876 -12.5917 -13.0946
-13.5966 -14.0979 -14.5988 -15.0993 -15.5997 -16.0999
  0.0000  -0.4795  -0.4795  -0.4795  -0.4795  -0.4795  -0.4795  -0.4795  -0.4795
 -0.4795  -0.4795  -0.4795  -0.4795  -0.4795  -0.4795  -0.4795  -0.4795  -0.4796
 -0.4796  -0.4798  -0.4801  -0.4811  -0.4835  -0.4894  -0.5043  -0.5418  -0.6361
 -0.8728  -1.4673  -2.9593  -6.0032  -6.5505  -7.0706  -7.5818  -8.0886  -8.5929
 -9.0956  -9.5974 -10.0985 -10.5991 -11.0996 -11.5998 -12.1000 -12.6001 -13.1002
-13.6002 -14.1002 -14.6003 -15.1003 -15.6003 -16.1003
  0.0000  -0.6305  -0.6305  -0.6305  -0.6305  -0.6305  -0.6305  -0.6305  -0.6305
 -0.6305  -0.6305  -0.6305  -0.6305  -0.6305  -0.6305  -0.6306  -0.6305  -0.6305
 -0.6305  -0.6306  -0.6308  -0.6313  -0.6324  -0.6354  -0.6429  -0.6616  -0.7088
 -0.8271  -1.1244  -1.8712  -3.7443  -6.5221  -7.0564  -7.5724  -8.0821  -8.5885
 -9.0928  -9.5954 -10.0972 -10.5984 -11.0991 -11.5995 -12.0998 -12.6000 -13.1001
-13.6002 -14.1002 -14.6002 -15.1002 -15.6003 -16.1003
  0.0000  -0.7814  -0.7814  -0.7814  -0.7814  -0.7814  -0.7814  -0.7814  -0.7814
 -0.7814  -0.7814  -0.7814  -0.7814  -0.7814  -0.7814  -0.7814  -0.7814  -0.7814
 -0.7815  -0.7815  -0.7816  -0.7818  -0.7824  -0.7839  -0.7876  -0.7970  -0.8206
 -0.8798  -1.0284  -1.4019  -2.3398  -5.8381  -7.0366  -7.5610  -8.0736  -8.5821
 -9.0881  -9.5924 -10.0951 -10.5969 -11.0982 -11.5990 -12.0995 -12.5998 -13.1000
-13.6001 -14.1001 -14.6002 -15.1002 -15.6002 -16.1003
  0.0000  -0.9322  -0.9322  -0.9322  -0.9322  -0.9322  -0.9322  -0.9322  -0.9322
 -0.9322  -0.9322  -0.9322  -0.9322  -0.9322  -0.9322  -0.9322  -0.9322  -0.9322
 -0.9322  -0.9322  -0.9323  -0.9324  -0.9327  -0.9334  -0.9353  -0.9400  -0.9518
 -0.9814  -1.0557  -1.2424  -1.7114  -2.8894  -6.9958  -7.5480  -8.0647  -8.5743
 -9.0817  -9.5875 -10.0919 -10.5948 -11.0968 -11.5980 -12.0989 -12.5994 -13.0997
-13.5999 -14.1001 -14.6001 -15.1002 -15.6002 -16.1002
  0.0000  -1.0829  -1.0829  -1.0829  -1.0829  -1.0829  -1.0829  -1.0829  -1.0829
 -1.0829  -1.0829  -1.0826  -1.0829  -1.0829  -1.0829  -1.0829  -1.0829  -1.0829
 -1.0829  -1.0829  -1.0829  -1.0830  -1.0832  -1.0835  -1.0845  -1.0868  -1.0927
 -1.1075  -1.1447  -1.2380  -1.4725  -2.0616  -3.5411  -7.5259  -8.0578  -8.5679
 -9.0747  -9.5811 -10.0867 -10.5911 -11.0943 -11.5963 -12.0978 -12.5987 -13.0993
-13.5996 -14.0999 -14.6000 -15.1001 -15.6002 -16.1002
  0.0000  -1.2335  -1.2335  -1.2335  -1.2334  -1.2335  -1.2335  -1.2335  -1.2335
 -1.2335  -1.2335  -1.2335  -1.2335  -1.2335  -1.2335  -1.2335  -1.2335  -1.2335
 -1.2335  -1.2335  -1.2335  -1.2335  -1.2336  -1.2338  -1.2342  -1.2354  -1.2383
 -1.2457  -1.2643  -1.3110  -1.4283  -1.7228  -2.4626  -4.3207  -8.0482  -8.5662
 -9.0708  -9.5750 -10.0804 -10.5858 -11.0904 -11.5937 -12.0959 -12.5975 -13.0985
-13.5992 -14.0996 -14.5998 -15.1000 -15.6001 -16.1002
  0.0000  -1.3843  -1.3843  -1.3843  -1.3843  -1.3843  -1.3843  -1.3843  -1.3843
 -1.3843  -1.3843  -1.3843  -1.3843  -1.3843  -1.3843  -1.3843  -1.3843  -1.3843
 -1.3843  -1.3844  -1.3844  -1.3843  -1.3844  -1.3845  -1.3847  -1.3853  -1.3867
 -1.3904  -1.3998  -1.4231  -1.4817  -1.6290  -1.9989  -2.9281  -5.2616  -8.5652
 -9.0731  -9.5733 -10.0753 -10.5798 -11.0850 -11.5896 -12.0931 -12.5956 -13.0972
-13.5984 -14.0991 -14.5995 -15.0998 -15.6000 -16.1001
  0.0000  -0.1459  -0.1459  -0.1457  -0.1459  -0.1459  -0.1459  -0.1459  -0.1459
 -0.1459  -0.1459  -0.1459  -0.1459  -0.1459  -0.1459  -0.1459  -0.1459  -0.1461
 -0.1463  -0.1470  -0.1488  -0.1531  -0.1641  -0.1917  -0.2610  -0.4350  -0.8722
 -1.9691  -4.9712  -5.5403  -6.0642  -6.5771  -7.0853  -7.5906  -8.0941  -8.5963
 -9.0978  -9.5987 -10.0993 -10.5997 -11.0999 -11.6000 -12.1001 -12.6002 -13.1002
-13.6002 -14.1003 -14.6003 -15.1003 -15.6003 -16.1003
  0.0000  -0.2967  -0.2967  -0.2967  -0.2967  -0.2967  -0.2967  -0.2967  -0.2967
 -0.2967  -0.2967  -0.2967  -0.2967  -0.2967  -0.2967  -0.2967  -0.2968  -0.2968
 -0.2970  -0.2973  -0.2982  -0.3004  -0.3059  -0.3197  -0.3543  -0.4414  -0.6600
 -1.2092  -2.5870  -5.5030  -6.0490  -6.5671  -7.0779  -7.5853  -8.0905  -8.5939
 -9.0961  -9.5977 -10.0987 -10.5993 -11.0996 -11.5999 -12.1000 -12.6001 -13.1002
-13.6002 -14.1002 -14.6003 -15.1003 -15.6003 -16.1003
  0.0000  -0.4474  -0.4474  -0.4474  -0.4474  -0.4474  -0.4474  -0.4474  -0.4474
 -0.4474  -0.4474  -0.4474  -0.4474  -0.4474  -0.4474  -0.4474  -0.4474  -0.4474
 -0.4475  -0.4477  -0.4481  -0.4492  -0.4520  -0.4588  -0.4762  -0.5197  -0.6291
 -0.9037  -1.5935  -3.3234  -6.0247  -6.5559  -7.0693  -7.5783  -8.0850  -8.5901
 -9.0937  -9.5959 -10.0976 -10.5986 -11.0992 -11.5996 -12.0998 -12.6000 -13.1001
-13.6002 -14.1002 -14.6002 -15.1003 -15.6003 -16.1003
  0.0000  -0.5985  -0.5985  -0.5985  -0.5986  -0.5985  -0.5985  -0.5986  -0.5985
 -0.5986  -0.5985  -0.5985  -0.5985  -0.5985  -0.5985  -0.5986  -0.5986  -0.5986
 -0.5986  -0.5987  -0.5989  -0.5995  -0.6008  -0.6043  -0.6129  -0.6347  -0.6894
 -0.8267  -1.1717  -2.0382  -4.2076  -6.5415  -7.0617  -7.5710  -8.0782  -8.5845
 -9.0895  -9.5932 -10.0956 -10.5973 -11.0984 -11.5991 -12.0995 -12.5998 -13.1000
-13.6001 -14.1002 -14.6002 -15.1002 -15.6003 -16.1003
  0.0000  -0.7493  -0.7493  -0.7493  -0.7493  -0.7493  -0.7493  -0.7493  -0.7493
 -0.7493  -0.7493  -0.7493  -0.7493  -0.7493  -0.7493  -0.7493  -0.7493  -0.7493
 -0.7494  -0.7494  -0.7495  -0.7498  -0.7505  -0.7522  -0.7565  -0.7674  -0.7948
 -0.8634  -1.0359  -1.4693  -2.5576  -6.5019  -7.0553  -7.5668  -8.0724  -8.5780
 -9.0838  -9.5888 -10.0927 -10.5952 -11.0970 -11.5982 -12.0990 -12.5995 -13.0998
-13.5999 -14.1001 -14.6001 -15.1002 -15.6002 -16.1002
  0.0000  -0.9001  -0.9001  -0.9001  -0.9001  -0.9002  -0.9001  -0.9001  -0.9001
 -0.9001  -0.9001  -0.9001  -0.9001  -0.9001  -0.9001  -0.9001  -0.9001  -0.9001
 -0.9001  -0.9001  -0.9002  -0.9003  -0.9006  -0.9015  -0.9037  -0.9091  -0.9228
 -0.9571  -1.0434  -1.2600  -1.8043  -3.1712  -7.0373  -7.5669  -8.0714  -8.5736
 -9.0776  -9.5830 -10.0880 -10.5920 -11.0948 -11.5967 -12.0980 -12.5988 -13.0994
-13.5997 -14.0999 -14.6000 -15.1001 -15.6002 -16.1002
  0.0000  -1.0506  -1.0506  -1.0506  -1.0506  -1.0506  -1.0506  -1.0506  -1.0507
 -1.0507  -1.0506  -1.0506  -1.0506  -1.0506  -1.0506  -1.0506  -1.0506  -1.0506
 -1.0506  -1.0507  -1.0507  -1.0508  -1.0509  -1.0514  -1.0524  -1.0552  -1.0620
 -1.0792  -1.1223  -1.2306  -1.5028  -2.1863  -3.9030  -7.5614  -8.0763  -8.5753
 -9.0746  -9.5774 -10.0822 -10.5873 -11.0914 -11.5944 -12.0964 -12.5978 -13.0987
-13.5993 -14.0997 -14.5999 -15.1000 -15.6001 -16.1002
  0.0000   0.1877   0.1877   0.1877   0.1877   0.1877   0.1877   0.1877   0.1877
  0.1877   0.1877   0.1877   0.1877   0.1876   0.1877   0.1876   0.1874   0.1869
  0.1856   0.1824   0.1743   0.1541   0.1032  -0.0247  -0.3458  -1.1511  -3.1106
 -4.5290  -5.0580  -5.5720  -6.0812  -6.5875  -7.0920  -7.5949  -8.0968  -8.5982
 -9.0989  -9.5994 -10.0997 -10.5999 -11.1001 -11.6001 -12.1002 -12.6002 -13.1002
-13.6003 -14.1003 -14.6003 -15.1003 -15.6003 -16.1003
  0.0000   0.0370   0.0370   0.0370   0.0370   0.0370   0.0370   0.0370   0.0370
  0.0370   0.0370   0.0370   0.0370   0.0370   0.0370   0.0369   0.0367   0.0366
  0.0359   0.0343   0.0303   0.0201  -0.0053  -0.0693  -0.2300  -0.6336  -1.6460
 -4.4671  -5.0414  -5.5624  -6.0735  -6.5815  -7.0876  -7.5919  -8.0948  -8.5967
 -9.0981  -9.5989 -10.0994 -10.5997 -11.0999 -11.6001 -12.1001 -12.6002 -13.1002
-13.6002 -14.1003 -14.6003 -15.1003 -15.6003 -16.1003
  0.0000  -0.1142  -0.1142  -0.1142  -0.1142  -0.1142  -0.1142  -0.1142  -0.1142
 -0.1142  -0.1142  -0.1142  -0.1142  -0.1142  -0.1142  -0.1142  -0.1142  -0.1144
 -0.1147  -0.1155  -0.1175  -0.1226  -0.1353  -0.1673  -0.2478  -0.4497  -0.9569
 -2.2288  -5.0072  -5.5514  -6.0658  -6.5744  -7.0815  -7.5873  -8.0917  -8.5947
 -9.0967  -9.5980 -10.0988 -10.5994 -11.0997 -11.5999 -12.1000 -12.6001 -13.1002
-13.6002 -14.1002 -14.6003 -15.1003 -15.6003 -16.1003
  0.0000  -0.2649  -0.2649  -0.2649  -0.2649  -0.2649  -0.2649  -0.2649  -0.2649
 -0.2649  -0.2649  -0.2649  -0.2649  -0.2649  -0.2649  -0.2649  -0.2650  -0.2650
 -0.2652  -0.2656  -0.2666  -0.2691  -0.2755  -0.2915  -0.3317  -0.4327  -0.6864
 -1.3236  -2.9207  -5.5323  -6.0598  -6.5687  -7.0751  -7.5812  -8.0868  -8.5912
 -9.0943  -9.5963 -10.0978 -10.5987 -11.0993 -11.5996 -12.0999 -12.6000 -13.1001
-13.6002 -14.1002 -14.6002 -15.1003 -15.6003 -16.1003
  0.0000  -0.4155  -0.4155  -0.4155  -0.4155  -0.4155  -0.4155  -0.4155  -0.4155
 -0.4155  -0.4155  -0.4155  -0.4155  -0.4155  -0.4155  -0.4155  -0.4155  -0.4156
 -0.4156  -0.4158  -0.4164  -0.4176  -0.4208  -0.4288  -0.4489  -0.4994  -0.6263
 -0.9450  -1.7455  -3.7485  -6.0519  -6.5672  -7.0713  -7.5754  -8.0807  -8.5861
 -9.0905  -9.5938 -10.0960 -10.5976 -11.0986 -11.5992 -12.0996 -12.5998 -13.1000
-13.6001 -14.1002 -14.6002 -15.1002 -15.6003 -16.1003
  0.0000  -0.5663  -0.5663  -0.5663  -0.5663  -0.5663  -0.5663  -0.5663  -0.5663
 -0.5663  -0.5663  -0.5663  -0.5663  -0.5663  -0.5663  -0.5663  -0.5663  -0.5664
 -0.5664  -0.5665  -0.5667  -0.5674  -0.5690  -0.5730  -0.5830  -0.6083  -0.6717
 -0.8311  -1.2314  -2.2368  -6.0064  -6.5677  -7.0738  -7.5737  -8.0757  -8.5800
 -9.0852  -9.5898 -10.0933 -10.5957 -11.0973 -11.5984 -12.0991 -12.5995 -13.0998
-13.6000 -14.1001 -14.6002 -15.1002 -15.6002 -16.1003
  0.0000  -0.7167  -0.7167  -0.7167  -0.7167  -0.7167  -0.7167  -0.7167  -0.7167
 -0.7167  -0.7167  -0.7167  -0.7167  -0.7167  -0.7167  -0.7167  -0.7167  -0.7167
 -0.7168  -0.7169  -0.7169  -0.7173  -0.7180  -0.7201  -0.7251  -0.7377  -0.7694
 -0.8491  -1.0493  -1.5521  -2.8149  -6.5500  -7.0800  -7.5792  -8.0757  -8.5759
 -9.0796  -9.5846 -10.0892 -10.5929 -11.0954 -11.5971 -12.0983 -12.5990 -13.0995
-13.5998 -14.1000 -14.6001 -15.1002 -15.6002 -16.1002
  0.0000   0.5202   0.5202   0.5202   0.5202   0.5202   0.5202   0.5202   0.5202
  0.5202   0.5202   0.5202   0.5202   0.5201   0.5200   0.5196   0.5187   0.5163
  0.5104   0.4955   0.4582   0.3646   0.1294  -0.4599  -1.9048  -3.5154  -4.0527
 -4.5674  -5.0766  -5.5838  -6.0892  -6.5930  -7.0955  -7.5973  -8.0984  -8.5991
 -9.0995  -9.5998 -10.1000 -10.6001 -11.1002 -11.6002 -12.1002 -12.6002 -13.1003
-13.6003 -14.1003 -14.6003 -15.1003 -15.6003 -16.1003
  0.0000   0.3698   0.3698   0.3698   0.3698   0.3698   0.3698   0.3698   0.3698
  0.3698   0.3698   0.3698   0.3698   0.3698   0.3697   0.3695   0.3690   0.3678
  0.3649   0.3574   0.3387   0.2918   0.1738  -0.1223  -0.8645  -2.6599  -4.0333
 -4.5587  -5.0696  -5.5775  -6.0841  -6.5893  -7.0930  -7.5955  -8.0972  -8.5984
 -9.0991  -9.5995 -10.0998 -10.6000 -11.1001 -11.6002 -12.1002 -12.6002 -13.1002
-13.6003 -14.1003 -14.6003 -15.1003 -15.6003 -16.1003
  0.0000   0.2193   0.2193   0.2193   0.2193   0.2193   0.2193   0.2193   0.2192
  0.2193   0.2193   0.2193   0.2193   0.2193   0.2192   0.2191   0.2189   0.2183
  0.2168   0.2131   0.2037   0.1802   0.1211  -0.0272  -0.3997  -1.3334  -3.7275
 -4.5473  -5.0637  -5.5713  -6.0779  -6.5840  -7.0891  -7.5928  -8.0954  -8.5971
 -9.0983  -9.5990 -10.0995 -10.5998 -11.1000 -11.6001 -12.1002 -12.6002 -13.1002
-13.6002 -14.1003 -14.6003 -15.1003 -15.6003 -16.1003
  0.0000   0.0684   0.0684   0.0684   0.0684   0.0684   0.0684   0.0684   0.0684
  0.0684   0.0684   0.0684   0.0684   0.0684   0.0684   0.0683   0.0682   0.0679
  0.0673   0.0653   0.0606   0.0488   0.0193  -0.0550  -0.2414  -0.7097  -1.8833
 -4.5152  -5.0590  -5.5682  -6.0727  -6.5780  -7.0837  -7.5887  -8.0925  -8.5952
 -9.0970  -9.5982 -10.0989 -10.5994 -11.0997 -11.5999 -12.1001 -12.6001 -13.1002
-13.6002 -14.1002 -14.6003 -15.1003 -15.6003 -16.1003
  0.0000  -0.0823  -0.0823  -0.0823  -0.0823  -0.0823  -0.0823  -0.0823  -0.0823
 -0.0823  -0.0823  -0.0823  -0.0823  -0.0823  -0.0823  -0.0823  -0.0824  -0.0825
 -0.0829  -0.0838  -0.0862  -0.0921  -0.1068  -0.1439  -0.2373  -0.4716  -1.0601
 -2.5340  -5.0447  -5.5692  -6.0723  -6.5739  -7.0778  -7.5830  -8.0880  -8.5920
 -9.0948  -9.5967 -10.0980 -10.5988 -11.0994 -11.5997 -12.0999 -12.6000 -13.1001
-13.6002 -14.1002 -14.6002 -15.1003 -15.6003 -16.1003
  0.0000  -0.2330  -0.2330  -0.2330  -0.2330  -0.2330  -0.2330  -0.2330  -0.2330
 -0.2330  -0.2330  -0.2330  -0.2330  -0.2330  -0.2330  -0.2330  -0.2330  -0.2331
 -0.2333  -0.2337  -0.2349  -0.2379  -0.2453  -0.2638  -0.3105  -0.4277  -0.7221
 -1.4614  -3.3103  -5.5666  -6.0781  -6.5760  -7.0750  -7.5775  -8.0823  -8.5873
 -9.0914  -9.5944 -10.0964 -10.5978 -11.0987 -11.5993 -12.0997 -12.5999 -13.1000
-13.6001 -14.1002 -14.6002 -15.1002 -15.6003 -16.1003
  0.0000  -0.3836  -0.3835  -0.3835  -0.3835  -0.3835  -0.3835  -0.3835  -0.3835
 -0.3835  -0.3835  -0.3835  -0.3835  -0.3835  -0.3835  -0.3836  -0.3836  -0.3836
 -0.3837  -0.3839  -0.3845  -0.3860  -0.3897  -0.3990  -0.4223  -0.4809  -0.6282
 -0.9980  -1.9267  -4.2435  -6.0829  -6.5851  -7.0790  -7.5759  -8.0774  -8.5817
 -9.0866  -9.5909 -10.0941 -10.5961 -11.0977 -11.5986 -12.0992 -12.5996 -13.0999
-13.6000 -14.1001 -14.6002 -15.1002 -15.6002 -16.1003
  0.0000   0.8504   0.8504   0.8504   0.8504   0.8504   0.8504   0.8504   0.8504
  0.8504   0.8504   0.8503   0.8502   0.8500   0.8493   0.8476   0.8431   0.8325
  0.8053   0.7373   0.5664   0.1392  -0.9062  -2.4919  -3.0491  -3.5642  -4.0725
 -4.5794  -5.0856  -5.5903  -6.0938  -6.5960  -7.0976  -7.5986  -8.0992  -8.5996
 -9.0998  -9.6000 -10.1001 -10.6002 -11.1002 -11.6002 -12.1003 -12.6003 -13.1003
-13.6003 -14.1003 -14.6003 -15.1003 -15.6003 -16.1003
  0.0000   0.7015   0.7015   0.7015   0.7015   0.7015   0.7015   0.7015   0.7015
  0.7015   0.7015   0.7015   0.7014   0.7013   0.7009   0.7001   0.6979   0.6925
  0.6788   0.6445   0.5584   0.3422  -0.1987  -1.5150  -3.0218  -3.5571  -4.0673
 -4.5738  -5.0801  -5.5860  -6.0905  -6.5939  -7.0961  -7.5976  -8.0986  -8.5992
 -9.0996  -9.5999 -10.1000 -10.6001 -11.1002 -11.6002 -12.1002 -12.6003 -13.1003
-13.6003 -14.1003 -14.6003 -15.1003 -15.6003 -16.1003
  0.0000   0.5518   0.5518   0.5518   0.5518   0.5518   0.5518   0.5518   0.5518
  0.5518   0.5518   0.5518   0.5518   0.5517   0.5515   0.5511   0.5500   0.5473
  0.5404   0.5232   0.4799   0.3713   0.0986  -0.5842  -2.2233  -3.5422  -4.0639
 -4.5700  -5.0748  -5.5804  -6.0859  -6.5905  -7.0938  -7.5960  -8.0976  -8.5986
 -9.0992  -9.5996 -10.0998 -10.6000 -11.1001 -11.6002 -12.1002 -12.6002 -13.1003
-13.6003 -14.1003 -14.6003 -15.1003 -15.6003 -16.1003
  0.0000   0.4018   0.4018   0.4018   0.4018   0.4018   0.4018   0.4018   0.4018
  0.4018   0.4018   0.4018   0.4018   0.4017   0.4017   0.4014   0.4009   0.3995
  0.3961   0.3875   0.3658   0.3113   0.1745  -0.1690  -1.0291  -3.0234  -4.0584
 -4.5700  -5.0722  -5.5754  -6.0803  -6.5856  -7.0901  -7.5935  -8.0958  -8.5974
 -9.0985  -9.5991 -10.0996 -10.5998 -11.1000 -11.6001 -12.1002 -12.6002 -13.1002
-13.6003 -14.1003 -14.6003 -15.1003 -15.6003 -16.1003
  0.0000   0.2512   0.2510   0.2510   0.2510   0.2510   0.2510   0.2510   0.2510
  0.2510   0.2510   0.2510   0.2510   0.2509   0.2509   0.2508   0.2505   0.2498
  0.2481   0.2438   0.2329   0.2056   0.1371  -0.0350  -0.4671  -1.5490  -4.0253
 -4.5720  -5.0757  -5.5744  -6.0758  -6.5799  -7.0850  -7.5897  -8.0931  -8.5956
 -9.0972  -9.5984 -10.0991 -10.5995 -11.0998 -11.6000 -12.1001 -12.6002 -13.1002
-13.6002 -14.1002 -14.6003 -15.1003 -15.6003 -16.1003
  0.0000   0.1007   0.1007   0.1007   0.1007   0.1007   0.1007   0.1007   0.1007
  0.1007   0.1007   0.1007   0.1007   0.1007   0.1007   0.1006   0.1005   0.1002
  0.0993   0.0971   0.0917   0.0781   0.0438  -0.0424  -0.2588  -0.8020  -2.1615
 -4.5598  -5.0836  -5.5809  -6.0765  -6.5761  -7.0794  -7.5843  -8.0890  -8.5927
 -9.0953  -9.5970 -10.0982 -10.5990 -11.0995 -11.5998 -12.0999 -12.6001 -13.1001
-13.6002 -14.1002 -14.6002 -15.1003 -15.6003 -16.1003
  0.0000  -0.0502  -0.0502  -0.0503  -0.0502  -0.0502  -0.0502  -0.0502  -0.0502
 -0.0502  -0.0502  -0.0502  -0.0502  -0.0502  -0.0502  -0.0503  -0.0503  -0.0505
 -0.0509  -0.0520  -0.0547  -0.0615  -0.0787  -0.1218  -0.2301  -0.5020  -1.1847
 -2.8903  -5.0826  -5.5925  -6.0850  -6.5781  -7.0763  -7.5791  -8.0839  -8.5885
 -9.0924  -9.5950 -10.0969 -10.5981 -11.0989 -11.5994 -12.0997 -12.5999 -13.1001
-13.6001 -14.1002 -14.6002 -15.1002 -15.6003 -16.1003
  0.0000   1.1733   1.1733   1.1733   1.1733   1.1733   1.1733   1.1733   1.1733
  1.1733   1.1732   1.1729   1.1725   1.1713   1.1682   1.1605   1.1413   1.0929
  0.9716   0.6695  -0.0639  -1.3682  -2.0460  -2.5640  -3.0700  -3.5753  -4.0812
 -4.5867  -5.0911  -5.5942  -6.0963  -6.5978  -7.0987  -7.5993  -8.0996  -8.5999
 -9.1000  -9.6001 -10.1002 -10.6002 -11.1002 -11.6003 -12.1003 -12.6003 -13.1003
-13.6003 -14.1003 -14.6003 -15.1003 -15.6003 -16.1003
  0.0000   1.0287   1.0287   1.0287   1.0287   1.0287   1.0287   1.0287   1.0287
  1.0287   1.0287   1.0286   1.0283   1.0277   1.0262   1.0222   1.0124   0.9877
  0.9257   0.7702   0.3823  -0.5575  -1.9907  -2.5571  -3.0678  -3.5717  -4.0764
 -4.5820  -5.0873  -5.5914  -6.0944  -6.5964  -7.0979  -7.5988  -8.0993  -8.5997
 -9.0999  -9.6000 -10.1001 -10.6002 -11.1002 -11.6002 -12.1003 -12.6003 -13.1003
-13.6003 -14.1003 -14.6003 -15.1003 -15.6003 -16.1003
  0.0000   0.8816   0.8816   0.8816   0.8816   0.8816   0.8816   0.8816   0.8816
  0.8816   0.8816   0.8815   0.8814   0.8811   0.8803   0.8783   0.8734   0.8608
  0.8294   0.7505   0.5527   0.0586  -1.1320  -2.5312  -3.0661  -3.5712  -4.0732
 -4.5770  -5.0823  -5.5874  -6.0916  -6.5946  -7.0965  -7.5979  -8.0988  -8.5993
 -9.0997  -9.5999 -10.1000 -10.6001 -11.1002 -11.6002 -12.1002 -12.6003 -13.1003
-13.6003 -14.1003 -14.6003 -15.1003 -15.6003 -16.1003
  0.0000   0.7330   0.7330   0.7330   0.7330   0.7330   0.7330   0.7330   0.7330
  0.7330   0.7330   0.7330   0.7329   0.7328   0.7324   0.7314   0.7289   0.7225
  0.7067   0.6669   0.5671   0.3166  -0.3096  -1.7976  -3.0554  -3.5743  -4.0745
 -4.5744  -5.0773  -5.5822  -6.0873  -6.5914  -7.0944  -7.5964  -8.0978  -8.5987
 -9.0993  -9.5997 -10.0999 -10.6000 -11.1001 -11.6002 -12.1002 -12.6002 -13.1003
-13.6003 -14.1003 -14.6003 -15.1003 -15.6003 -16.1003
  0.0000   0.5836   0.5836   0.5836   0.5836   0.5836   0.5836   0.5836   0.5836
  0.5836   0.5836   0.5836   0.5836   0.5835   0.5833   0.5828   0.5815   0.5784
  0.5704   0.5504   0.5003   0.3742   0.0580  -0.7326  -2.5500  -3.5741  -4.0818
 -4.5778  -5.0755  -5.5773  -6.0818  -6.5868  -7.0910  -7.5941  -8.0962  -8.5977
 -9.0986  -9.5992 -10.0996 -10.5999 -11.1000 -11.6001 -12.1002 -12.6002 -13.1002
-13.6003 -14.1003 -14.6003 -15.1003 -15.6003 -16.1003
  0.0000   0.4333   0.4333   0.4333   0.4333   0.4333   0.4333   0.4333   0.4333
  0.4333   0.4333   0.4333   0.4333   0.4332   0.4331   0.4329   0.4322   0.4307
  0.4267   0.4166   0.3915   0.3283   0.1696  -0.2288  -1.2248  -3.5312  -4.0892
 -4.5885  -5.0808  -5.5765  -6.0773  -6.5813  -7.0862  -7.5905  -8.0938  -8.5960
 -9.0976  -9.5985 -10.0992 -10.5996 -11.0998 -11.6000 -12.1001 -12.6002 -13.1002
-13.6002 -14.1003 -14.6003 -15.1003 -15.6003 -16.1003
  0.0000   0.2829   0.2829   0.2829   0.2829   0.2829   0.2829   0.2829   0.2829
  0.2829   0.2829   0.2829   0.2829   0.2829   0.2829   0.2827   0.2824   0.2816
  0.2796   0.2746   0.2620   0.2304   0.1508  -0.0488  -0.5501  -1.8026  -4.0738
 -4.6004  -5.0935  -5.5830  -6.0773  -6.5772  -7.0809  -7.5858  -8.0902  -8.5935
 -9.0958  -9.5974 -10.0985 -10.5991 -11.0996 -11.5998 -12.1000 -12.6001 -13.1002
-13.6002 -14.1002 -14.6003 -15.1003 -15.6003 -16.1003
  0.0000   1.4775   1.4775   1.4775   1.4775   1.4775   1.4775   1.4775   1.4774
  1.4773   1.4769   1.4761   1.4741   1.4689   1.4560   1.4236   1.3426   1.1418
  0.6606  -0.2755  -1.0355  -1.5657  -2.0705  -2.5725  -3.0766  -3.5820  -4.0873
 -4.5915  -5.0945  -5.5964  -6.0979  -6.5988  -7.0993  -7.5997  -8.0999  -8.6000
 -9.1001  -9.6002 -10.1002 -10.6002 -11.1003 -11.6003 -12.1003 -12.6003 -13.1003
-13.6003 -14.1003 -14.6003 -15.1003 -15.6003 -16.1003
  0.0000   1.3434   1.3434   1.3434   1.3434   1.3434   1.3434   1.3434   1.3433
  1.3433   1.3431   1.3427   1.3416   1.3389   1.3321   1.3150   1.2721   1.1647
  0.8982   0.2595  -0.8709  -1.5548  -2.0713  -2.5726  -3.0739  -3.5779  -4.0832
 -4.5882  -5.0921  -5.5949  -6.0968  -6.5981  -7.0989  -7.5994  -8.0997  -8.5999
 -9.1001  -9.6001 -10.1002 -10.6002 -11.1002 -11.6003 -12.1003 -12.6003 -13.1003
-13.6003 -14.1003 -14.6003 -15.1003 -15.6003 -16.1003
  0.0000   1.2036   1.2037   1.2037   1.2037   1.2037   1.2036   1.2036   1.2036
  1.2036   1.2035   1.2033   1.2027   1.2013   1.1978   1.1889   1.1667   1.1108
  0.9710   0.6234  -0.2084  -1.4771  -2.0688  -2.5758  -3.0743  -3.5749  -4.0786
 -4.5838  -5.0885  -5.5924  -6.0951  -6.5969  -7.0981  -7.5989  -8.0994  -8.5997
 -9.0999  -9.6001 -10.1001 -10.6002 -11.1002 -11.6002 -12.1003 -12.6003 -13.1003
-13.6003 -14.1003 -14.6003 -15.1003 -15.6003 -16.1003
  0.0000   1.0597   1.0597   1.0596   1.0597   1.0597   1.0597   1.0597   1.0597
  1.0596   1.0596   1.0595   1.0592   1.0585   1.0567   1.0521   1.0408   1.0122
  0.9404   0.7607   0.3130  -0.7518  -2.0419  -2.5800  -3.0802  -3.5762  -4.0757
 -4.5789  -5.0838  -5.5886  -6.0924  -6.5951  -7.0969  -7.5981  -8.0989  -8.5994
 -9.0997  -9.5999 -10.1001 -10.6001 -11.1002 -11.6002 -12.1002 -12.6003 -13.1003
-13.6003 -14.1003 -14.6003 -15.1003 -15.6003 -16.1003
  0.0000   0.9129   0.9129   0.9129   0.9129   0.9129   0.9129   0.9129   0.9128
  0.9128   0.9128   0.9128   0.9126   0.9123   0.9113   0.9090   0.9033   0.8888
  0.8524   0.7610   0.5319  -0.0392  -1.3791  -2.5713  -3.0898  -3.5845  -4.0780
 -4.5763  -5.0788  -5.5835  -6.0883  -6.5921  -7.0949  -7.5968  -8.0980  -8.5989
 -9.0994  -9.5997 -10.0999 -10.6001 -11.1001 -11.6002 -12.1002 -12.6002 -13.1003
-13.6003 -14.1003 -14.6003 -15.1003 -15.6003 -16.1003
  0.0000   0.7649   0.7649   0.7649   0.7649   0.7649   0.7649   0.7649   0.7649
  0.7649   0.7649   0.7649   0.7649   0.7646   0.7642   0.7630   0.7601   0.7528
  0.7344   0.6883   0.5726   0.2822  -0.4420  -2.0872  -3.0923  -3.5983  -4.0885
 -4.5797  -5.0766  -5.5786  -6.0831  -6.5878  -7.0918  -7.5947  -8.0966  -8.5979
 -9.0988  -9.5993 -10.0997 -10.5999 -11.1000 -11.6001 -12.1002 -12.6002 -13.1002
-13.6003 -14.1003 -14.6003 -15.1003 -15.6003 -16.1003
  0.0000   0.6152   0.6152   0.6152   0.6152   0.6152   0.6152   0.6152   0.6152
  0.6152   0.6152   0.6152   0.6151   0.6150   0.6148   0.6142   0.6128   0.6091
  0.5999   0.5767   0.5185   0.3724   0.0058  -0.9089  -2.8775  -3.6070  -4.1043
 -4.5913  -5.0809  -5.5769  -6.0784  -6.5827  -7.0875  -7.5916  -8.0945  -8.5964
 -9.0979  -9.5988 -10.0993 -10.5997 -11.0999 -11.6000 -12.1001 -12.6002 -13.1002
-13.6002 -14.1003 -14.6003 -15.1003 -15.6003 -16.1003
  0.0000   1.7374   1.7374   1.7374   1.7374   1.7374   1.7374   1.7373   1.7371
  1.7366   1.7354   1.7324   1.7248   1.7059   1.6587   1.5425   1.2674   0.7018
 -0.0083  -0.5643  -1.0718  -1.5719  -2.0729  -2.5766  -3.0820  -3.5874  -4.0915
 -4.5945  -5.0964  -5.5979  -6.0988  -6.5993  -7.0997  -7.5999  -8.1000  -8.6001
 -9.1002  -9.6002 -10.1002 -10.6003 -11.1003 -11.6003 -12.1003 -12.6003 -13.1003
-13.6003 -14.1003 -14.6003 -15.1003 -15.6003 -16.1003
  0.0000   1.6264   1.6264   1.6264   1.6264   1.6264   1.6264   1.6263   1.6262
  1.6260   1.6253   1.6236   1.6193   1.6086   1.5818   1.5148   1.3497   0.9590
  0.1978  -0.5377  -1.0727  -1.5758  -2.0739  -2.5746  -3.0785  -3.5838  -4.0887
 -4.5925  -5.0952  -5.5969  -6.0982  -6.5989  -7.0994  -7.5997  -8.0999  -8.6001
 -9.1001  -9.6002 -10.1002 -10.6002 -11.1003 -11.6003 -12.1003 -12.6003 -13.1003
-13.6003 -14.1003 -14.6003 -15.1003 -15.6003 -16.1003
  0.0000   1.5041   1.5041   1.5041   1.5041   1.5039   1.5040   1.5040   1.5040
  1.5038   1.5035   1.5025   1.5002   1.4943   1.4796   1.4427   1.3506   1.1231
  0.5855  -0.3733  -1.0634  -1.5817  -2.0790  -2.5753  -3.0758  -3.5797  -4.0848
 -4.5894  -5.0930  -5.5955  -6.0971  -6.5983  -7.0990  -7.5995  -8.0998  -8.6000
 -9.1001  -9.6002 -10.1002 -10.6002 -11.1002 -11.6003 -12.1003 -12.6003 -13.1003
-13.6003 -14.1003 -14.6003 -15.1003 -15.6003 -16.1003
  0.0000   1.3724   1.3724   1.3723   1.3724   1.3724   1.3724   1.3724   1.3724
  1.3723   1.3721   1.3716   1.3703   1.3672   1.3594   1.3397   1.2905   1.1673
  0.8624   0.1439  -0.9689  -1.5830  -2.0885  -2.5816  -3.0766  -3.5765  -4.0801
 -4.5850  -5.0896  -5.5931  -6.0955  -6.5972  -7.0983  -7.5991  -8.0995  -8.5998
 -9.1000  -9.6001 -10.1002 -10.6002 -11.1002 -11.6002 -12.1003 -12.6003 -13.1003
-13.6003 -14.1003 -14.6003 -15.1003 -15.6003 -16.1003
  0.0000   1.2341   1.2341   1.2341   1.2341   1.2341   1.2341   1.2341   1.2340
  1.2340   1.2339   1.2336   1.2330   1.2314   1.2272   1.2171   1.1914   1.1270
  0.9657   0.5660  -0.3704  -1.5498  -2.0975  -2.5944  -3.0843  -3.5777  -4.0769
 -4.5802  -5.0850  -5.5894  -6.0930  -6.5955  -7.0972  -7.5983  -8.0990  -8.5995
 -9.0998  -9.6000 -10.1001 -10.6002 -11.1002 -11.6002 -12.1002 -12.6003 -13.1003
-13.6003 -14.1003 -14.6003 -15.1003 -15.6003 -16.1003
  0.0000   1.0906   1.0906   1.0906   1.0906   1.0906   1.0906   1.0906   1.0905
  1.0906   1.0905   1.0904   1.0901   1.0892   1.0871   1.0819   1.0687   1.0357
  0.9527   0.7449   0.2288  -0.9628  -2.0869  -2.6087  -3.0994  -3.5866  -4.0786
 -4.5770  -5.0799  -5.5847  -6.0893  -6.5928  -7.0953  -7.5971  -8.0983  -8.5990
 -9.0995  -9.5998 -10.1000 -10.6001 -11.1002 -11.6002 -12.1002 -12.6002 -13.1003
-13.6003 -14.1003 -14.6003 -15.1003 -15.6003 -16.1003
  0.0000   0.9443   0.9443   0.9443   0.9443   0.9443   0.9443   0.9443   0.9443
  0.9443   0.9443   0.9442   0.9441   0.9436   0.9426   0.9399   0.9332   0.9164
  0.8743   0.7685   0.5033  -0.1560  -1.6302  -2.6089  -3.1162  -3.6026  -4.0880
 -4.5791  -5.0770  -5.5798  -6.0845  -6.5892  -7.0928  -7.5953  -8.0970  -8.5982
 -9.0990  -9.5995 -10.0998 -10.5999 -11.1001 -11.6001 -12.1002 -12.6002 -13.1002
-13.6003 -14.1003 -14.6003 -15.1003 -15.6003 -16.1003
  0.0000   1.9237   1.9237   1.9237   1.9238   1.9237   1.9236   1.9234   1.9228
  1.9213   1.9177   1.9087   1.8864   1.8321   1.7054   1.4379   0.9794   0.4382
 -0.0762  -0.5736  -1.0702  -1.5710  -2.0752  -2.5810  -3.0866  -3.5911  -4.0942
 -4.5963  -5.0978  -5.5987  -6.0993  -6.5996  -7.0999  -7.6000  -8.1001  -8.6002
 -9.1002  -9.6002 -10.1003 -10.6003 -11.1003 -11.6003 -12.1003 -12.6003 -13.1003
-13.6003 -14.1003 -14.6003 -15.1003 -15.6003 -16.1003
  0.0000   1.8448   1.8448   1.8448   1.8448   1.8447   1.8447   1.8445   1.8442
  1.8433   1.8411   1.8356   1.8219   1.7877   1.7042   1.5086   1.1023   0.4992
 -0.0661  -0.5759  -1.0739  -1.5725  -2.0739  -2.5782  -3.0837  -3.5887  -4.0926
 -4.5952  -5.0970  -5.5982  -6.0990  -6.5994  -7.0998  -7.5999  -8.1001  -8.6001
 -9.1002  -9.6002 -10.1002 -10.6003 -11.1003 -11.6003 -12.1003 -12.6003 -13.1003
-13.6003 -14.1003 -14.6003 -15.1003 -15.6003 -16.1003
  0.0000   1.7546   1.7546   1.7546   1.7546   1.7546   1.7546   1.7544   1.7543
  1.7537   1.7524   1.7491   1.7408   1.7201   1.6686   1.5422   1.2463   0.6591
 -0.0327  -0.5791  -1.0827  -1.5780  -2.0747  -2.5758  -3.0801  -3.5853  -4.0899
 -4.5934  -5.0957  -5.5974  -6.0984  -6.5991  -7.0995  -7.5998  -8.1000  -8.6001
 -9.1002  -9.6002 -10.1002 -10.6003 -11.1003 -11.6003 -12.1003 -12.6003 -13.1003
-13.6003 -14.1003 -14.6003 -15.1003 -15.6003 -16.1003
  0.0000   1.6499   1.6499   1.6499   1.6499   1.6499   1.6498   1.6498   1.6497
  1.6494   1.6486   1.6467   1.6419   1.6299   1.5997   1.5247   1.3403   0.9102
  0.1234  -0.5689  -1.0936  -1.5892  -2.0806  -2.5761  -3.0769  -3.5810  -4.0860
 -4.5904  -5.0937  -5.5959  -6.0975  -6.5985  -7.0992  -7.5996  -8.0998  -8.6000
 -9.1001  -9.6002 -10.1002 -10.6002 -11.1003 -11.6003 -12.1003 -12.6003 -13.1003
-13.6003 -14.1003 -14.6003 -15.1003 -15.6003 -16.1003
  0.0000   1.5313   1.5313   1.5313   1.5313   1.5313   1.5312   1.5312   1.5311
  1.5310   1.5306   1.5295   1.5268   1.5201   1.5034   1.4613   1.3565   1.0987
  0.5000  -0.4617  -1.0967  -1.6045  -2.0938  -2.5827  -3.0771  -3.5774  -4.0812
 -4.5861  -5.0905  -5.5937  -6.0959  -6.5975  -7.0985  -7.5992  -8.0996  -8.5998
 -9.1000  -9.6001 -10.1002 -10.6002 -11.1002 -11.6003 -12.1003 -12.6003 -13.1003
-13.6003 -14.1003 -14.6003 -15.1003 -15.6003 -16.1003
  0.0000   1.4019   1.4019   1.4019   1.4019   1.4019   1.4019   1.4019   1.4018
  1.4017   1.4015   1.4009   1.3995   1.3959   1.3869   1.3643   1.3078   1.1664
  0.8180   0.0157  -1.0474  -1.6154  -2.1120  -2.5972  -3.0842  -3.5777  -4.0776
 -4.5813  -5.0860  -5.5904  -6.0937  -6.5959  -7.0975  -7.5985  -8.0992  -8.5996
 -9.0998  -9.6000 -10.1001 -10.6002 -11.1002 -11.6002 -12.1003 -12.6003 -13.1003
-13.6003 -14.1003 -14.6003 -15.1003 -15.6003 -16.1003
  0.0000   1.2644   1.2644   1.2644   1.2644   1.2644   1.2644   1.2643   1.2643
  1.2643   1.2642   1.2639   1.2631   1.2612   1.2566   1.2447   1.2151   1.1408
  0.9551   0.4963  -0.5436  -1.5970  -2.1265  -2.6162  -3.0987  -3.5848  -4.0779
 -4.5776  -5.0813  -5.5862  -6.0905  -6.5937  -7.0959  -7.5975  -8.0985  -8.5992
 -9.0996  -9.5998 -10.1000 -10.6001 -11.1002 -11.6002 -12.1002 -12.6003 -13.1003
-13.6003 -14.1003 -14.6003 -15.1003 -15.6003 -16.1003
  0.0000   2.0402   2.0402   2.0402   2.0401   2.0400   2.0397   2.0391   2.0373
  2.0330   2.0223   1.9970   1.9413   1.8358   1.6552   1.3365   0.8960   0.4147
 -0.0751  -0.5698  -1.0686  -1.5718  -2.0784  -2.5847  -3.0897  -3.5934  -4.0957
 -4.5974  -5.0985  -5.5991  -6.0996  -6.5998  -7.1000  -7.6001  -8.1002  -8.6002
 -9.1002  -9.6003 -10.1003 -10.6003 -11.1003 -11.6003 -12.1003 -12.6003 -13.1003
-13.6003 -14.1003 -14.6003 -15.1003 -15.6003 -16.1003
  0.0000   1.9822   1.9822   1.9822   1.9821   1.9821   1.9819   1.9815   1.9805
  1.9780   1.9718   1.9565   1.9202   1.8396   1.6798   1.3853   0.9312   0.4264
 -0.0738  -0.5689  -1.0677  -1.5711  -2.0766  -2.5827  -3.0881  -3.5922  -4.0950
 -4.5968  -5.0981  -5.5989  -6.0994  -6.5997  -7.0999  -7.6001  -8.1001  -8.6002
 -9.1002  -9.6002 -10.1003 -10.6003 -11.1003 -11.6003 -12.1003 -12.6003 -13.1003
-13.6003 -14.1003 -14.6003 -15.1003 -15.6003 -16.1003
  0.0000   1.9230   1.9230   1.9230   1.9230   1.9230   1.9229   1.9226   1.9220
  1.9205   1.9168   1.9074   1.8843   1.8287   1.7022   1.4408   0.9860   0.4400
 -0.0782  -0.5763  -1.0727  -1.5721  -2.0747  -2.5797  -3.0852  -3.5900  -4.0934
 -4.5958  -5.0974  -5.5985  -6.0991  -6.5995  -7.0998  -7.6000  -8.1001  -8.6002
 -9.1002  -9.6002 -10.1003 -10.6003 -11.1003 -11.6003 -12.1003 -12.6003 -13.1003
-13.6003 -14.1003 -14.6003 -15.1003 -15.6003 -16.1003
  0.0000   1.8557   1.8557   1.8557   1.8557   1.8556   1.8556   1.8554   1.8551
  1.8541   1.8518   1.8459   1.8312   1.7947   1.7061   1.5017   1.0850   0.4800
 -0.0818  -0.5898  -1.0843  -1.5776  -2.0748  -2.5767  -3.0814  -3.5865  -4.0908
 -4.5940  -5.0961  -5.5977  -6.0986  -6.5992  -7.0996  -7.5999  -8.1000  -8.6001
 -9.1002  -9.6002 -10.1002 -10.6003 -11.1003 -11.6003 -12.1003 -12.6003 -13.1003
-13.6003 -14.1003 -14.6003 -15.1003 -15.6003 -16.1003
  0.0000   1.7736   1.7736   1.7743   1.7736   1.7736   1.7736   1.7734   1.7733
  1.7727   1.7712   1.7676   1.7585   1.7356   1.6789   1.5405   1.2207   0.6100
 -0.0656  -0.6038  -1.1019  -1.5901  -2.0803  -2.5762  -3.0777  -3.5821  -4.0870
 -4.5912  -5.0942  -5.5962  -6.0978  -6.5987  -7.0993  -7.5996  -8.0999  -8.6000
 -9.1001  -9.6002 -10.1002 -10.6002 -11.1003 -11.6003 -12.1003 -12.6003 -13.1003
-13.6003 -14.1003 -14.6003 -15.1003 -15.6003 -16.1003
  0.0000   1.6738   1.6738   1.6738   1.6738   1.6738   1.6738   1.6737   1.6736
  1.6732   1.6724   1.6702   1.6648   1.6513   1.6174   1.5331   1.3271   0.8547
  0.0507  -0.6039  -1.1204  -1.6091  -2.0933  -2.5817  -3.0770  -3.5781  -4.0823
 -4.5872  -5.0913  -5.5943  -6.0963  -6.5978  -7.0987  -7.5993  -8.0996  -8.5999
 -9.1000  -9.6001 -10.1002 -10.6002 -11.1002 -11.6003 -12.1003 -12.6003 -13.1003
-13.6003 -14.1003 -14.6003 -15.1003 -15.6003 -16.1003
  0.0000   1.5585   1.5585   1.5585   1.5585   1.5585   1.5585   1.5585   1.5584
  1.5582   1.5577   1.5565   1.5535   1.5459   1.5268   1.4789   1.3598   1.0681
  0.4071  -0.5332  -1.1280  -1.6287  -2.1119  -2.5940  -3.0819  -3.5772  -4.0785
 -4.5827  -5.0875  -5.5915  -6.0945  -6.5964  -7.0979  -7.5987  -8.0993  -8.5997
 -9.0999  -9.6000 -10.1001 -10.6002 -11.1002 -11.6002 -12.1003 -12.6003 -13.1003
-13.6003 -14.1003 -14.6003 -15.1003 -15.6003 -16.1003
  0.0000   2.1230   2.1229   2.1229   2.1227   2.1224   2.1214   2.1191   2.1134
  2.0996   2.0685   2.0085   1.9252   1.8244   1.6331   1.3057   0.8818   0.4134
 -0.0724  -0.5695  -1.0698  -1.5733  -2.0807  -2.5869  -3.0914  -3.5945  -4.0965
 -4.5980  -5.0988  -5.5994  -6.0997  -6.5999  -7.1000  -7.6001  -8.1002  -8.6002
 -9.1002  -9.6003 -10.1003 -10.6003 -11.1003 -11.6003 -12.1003 -12.6003 -13.1003
-13.6003 -14.1003 -14.6003 -15.1003 -15.6003 -16.1003
  0.0000   2.0718   2.0717   2.0717   2.0716   2.0714   2.0708   2.0694   2.0658
  2.0571   2.0365   1.9922   1.9162   1.8191   1.6550   1.3404   0.9085   0.4289
 -0.0640  -0.5627  -1.0661  -1.5727  -2.0802  -2.5864  -3.0911  -3.5943  -4.0963
 -4.5979  -5.0987  -5.5993  -6.0997  -6.5999  -7.1000  -7.6001  -8.1002  -8.6002
 -9.1002  -9.6003 -10.1003 -10.6003 -11.1003 -11.6003 -12.1003 -12.6003 -13.1003
-13.6003 -14.1003 -14.6003 -15.1003 -15.6003 -16.1003
  0.0000   2.0260   2.0260   2.0260   2.0259   2.0258   2.0255   2.0246   2.0226
  2.0175   2.0052   1.9765   1.9176   1.8207   1.6684   1.3683   0.9247   0.4311
 -0.0667  -0.5638  -1.0658  -1.5716  -2.0780  -2.5843  -3.0894  -3.5931  -4.0956
 -4.5973  -5.0984  -5.5991  -6.0995  -6.5998  -7.1000  -7.6001  -8.1002  -8.6002
 -9.1002  -9.6003 -10.1003 -10.6003 -11.1003 -11.6003 -12.1003 -12.6003 -13.1003
-13.6003 -14.1003 -14.6003 -15.1003 -15.6003 -16.1003
  0.0000   1.9799   1.9799   1.9799   1.9799   1.9798   1.9796   1.9792   1.9780
  1.9752   1.9682   1.9513   1.9121   1.8305   1.6811   1.3990   0.9405   0.4265
 -0.0780  -0.5736  -1.0710  -1.5717  -2.0754  -2.5809  -3.0865  -3.5909  -4.0941
 -4.5962  -5.0977  -5.5987  -6.0993  -6.5996  -7.0999  -7.6000  -8.1001  -8.6002
 -9.1002  -9.6002 -10.1003 -10.6003 -11.1003 -11.6003 -12.1003 -12.6003 -13.1003
-13.6003 -14.1003 -14.6003 -15.1003 -15.6003 -16.1003
  0.0000   1.9300   1.9300   1.9300   1.9300   1.9300   1.9299   1.9296   1.9289
  1.9273   1.9232   1.9131   1.8882   1.8294   1.7001   1.4392   0.9784   0.4259
 -0.0941  -0.5908  -1.0830  -1.5764  -2.0747  -2.5775  -3.0825  -3.5875  -4.0916
 -4.5945  -5.0965  -5.5979  -6.0988  -6.5993  -7.0997  -7.5999  -8.1000  -8.6001
 -9.1002  -9.6002 -10.1002 -10.6003 -11.1003 -11.6003 -12.1003 -12.6003 -13.1003
-13.6003 -14.1003 -14.6003 -15.1003 -15.6003 -16.1003
  0.0000   1.8701   1.8701   1.8701   1.8701   1.8700   1.8700   1.8698   1.8694
  1.8684   1.8658   1.8594   1.8434   1.8040   1.7091   1.4934   1.0621   0.4522
 -0.1064  -0.6117  -1.1015  -1.5879  -2.0788  -2.5761  -3.0785  -3.5832  -4.0881
 -4.5920  -5.0948  -5.5967  -6.0980  -6.5988  -7.0994  -7.5997  -8.0999  -8.6000
 -9.1001  -9.6002 -10.1002 -10.6002 -11.1003 -11.6003 -12.1003 -12.6003 -13.1003
-13.6003 -14.1003 -14.6003 -15.1003 -15.6003 -16.1003
  0.0000   1.7930   1.7930   1.7930   1.7930   1.7929   1.7929   1.7928   1.7924
  1.7919   1.7903   1.7863   1.7762   1.7509   1.6884   1.5371   1.1924   0.5617
 -0.0968  -0.6284  -1.1224  -1.6051  -2.0891  -2.5793  -3.0767  -3.5792  -4.0839
 -4.5886  -5.0924  -5.5951  -6.0969  -6.5981  -7.0989  -7.5994  -8.0997  -8.5999
 -9.1001  -9.6001 -10.1002 -10.6002 -11.1002 -11.6003 -12.1003 -12.6003 -13.1003
-13.6003 -14.1003 -14.6003 -15.1003 -15.6003 -16.1003
  0.0000   2.1856   2.1855   2.1854   2.1851   2.1842   2.1821   2.1769   2.1645
  2.1364   2.0825   2.0075   1.9328   1.8265   1.6154   1.2815   0.8622   0.4004
 -0.0802  -0.5714  -1.0693  -1.5735  -2.0808  -2.5868  -3.0914  -3.5945  -4.0965
 -4.5979  -5.0988  -5.5993  -6.0997  -6.5999  -7.1000  -7.6001  -8.1002  -8.6002
 -9.1002  -9.6003 -10.1003 -10.6003 -11.1003 -11.6003 -12.1003 -12.6003 -13.1003
-13.6003 -14.1003 -14.6003 -15.1003 -15.6003 -16.1003
  0.0000   2.1281   2.1281   2.1280   2.1278   2.1272   2.1257   2.1220   2.1130
  2.0918   2.0475   1.9759   1.9022   1.8218   1.6472   1.3310   0.9080   0.4342
 -0.0589  -0.5625  -1.0681  -1.5749  -2.0828  -2.5887  -3.0928  -3.5954  -4.0972
 -4.5984  -5.0991  -5.5995  -6.0998  -6.6000  -7.1001  -7.6002  -8.1002  -8.6002
 -9.1003  -9.6003 -10.1003 -10.6003 -11.1003 -11.6003 -12.1003 -12.6003 -13.1003
-13.6003 -14.1003 -14.6003 -15.1003 -15.6003 -16.1003
  0.0000   2.0969   2.0968   2.0966   2.0966   2.0961   2.0950   2.0923   2.0855
  2.0692   2.0330   1.9659   1.8855   1.8135   1.6619   1.3553   0.9264   0.4440
 -0.0538  -0.5573  -1.0648  -1.5741  -2.0819  -2.5879  -3.0922  -3.5951  -4.0969
 -4.5982  -5.0990  -5.5995  -6.0998  -6.6000  -7.1001  -7.6002  -8.1002  -8.6002
 -9.1002  -9.6003 -10.1003 -10.6003 -11.1003 -11.6003 -12.1003 -12.6003 -13.1003
-13.6003 -14.1003 -14.6003 -15.1003 -15.6003 -16.1003
  0.0000   2.0672   2.0672   2.0671   2.0670   2.0667   2.0660   2.0642   2.0596
  2.0486   2.0227   1.9690   1.8868   1.8068   1.6707   1.3690   0.9304   0.4399
 -0.0592  -0.5598  -1.0648  -1.5721  -2.0793  -2.5856  -3.0904  -3.5938  -4.0961
 -4.5976  -5.0986  -5.5992  -6.0996  -6.5999  -7.1000  -7.6001  -8.1002  -8.6002
 -9.1002  -9.6003 -10.1003 -10.6003 -11.1003 -11.6003 -12.1003 -12.6003 -13.1003
-13.6003 -14.1003 -14.6003 -15.1003 -15.6003 -16.1003
  0.0000   2.0303   2.0305   2.0305   2.0305   2.0303   2.0299   2.0288   2.0262
  2.0198   2.0044   1.9695   1.9024   1.8094   1.6764   1.3826   0.9294   0.4270
 -0.0738  -0.5701  -1.0693  -1.5714  -2.0762  -2.5821  -3.0875  -3.5917  -4.0946
 -4.5966  -5.0980  -5.5988  -6.0994  -6.5997  -7.0999  -7.6000  -8.1001  -8.6002
 -9.1002  -9.6002 -10.1003 -10.6003 -11.1003 -11.6003 -12.1003 -12.6003 -13.1003
-13.6003 -14.1003 -14.6003 -15.1003 -15.6003 -16.1003
  0.0000   1.9881   1.9881   1.9881   1.9880   1.9879   1.9877   1.9872   1.9858
  1.9825   1.9742   1.9544   1.9100   1.8245   1.6820   1.4035   0.9355   0.4129
 -0.0936  -0.5872  -1.0798  -1.5747  -2.0746  -2.5784  -3.0836  -3.5885  -4.0924
 -4.5951  -5.0969  -5.5982  -6.0989  -6.5994  -7.0997  -7.5999  -8.1001  -8.6001
 -9.1002  -9.6002 -10.1002 -10.6003 -11.1003 -11.6003 -12.1003 -12.6003 -13.1003
-13.6003 -14.1003 -14.6003 -15.1003 -15.6003 -16.1003
  0.0000   1.9407   1.9407   1.9407   1.9407   1.9407   1.9406   1.9403   1.9395
  1.9377   1.9331   1.9218   1.8943   1.8311   1.6980   1.4355   0.9661   0.4087
 -0.1124  -0.6074  -1.0955  -1.5832  -2.0766  -2.5761  -3.0798  -3.5849  -4.0895
 -4.5930  -5.0955  -5.5972  -6.0983  -6.5990  -7.0995  -7.5998  -8.1000  -8.6001
 -9.1002  -9.6002 -10.1002 -10.6002 -11.1003 -11.6003 -12.1003 -12.6003 -13.1003
-13.6003 -14.1003 -14.6003 -15.1003 -15.6003 -16.1003
  0.0000   2.2798   2.2797   2.2794   2.2787   2.2770   2.2729   2.2628   2.2397
  2.1933   2.1212   2.0418   1.9601   1.8214   1.5706   1.2193   0.8000   0.3452
 -0.1224  -0.5780  -1.0641  -1.5748  -2.0771  -2.5817  -3.0866  -3.5908  -4.0940
 -4.5962  -5.0976  -5.5986  -6.0992  -6.5996  -7.0999  -7.6000  -8.1001  -8.6002
 -9.1002  -9.6002 -10.1003 -10.6003 -11.1003 -11.6003 -12.1003 -12.6003 -13.1003
-13.6003 -14.1003 -14.6003 -15.1003 -15.6003 -16.1003
  0.0000   2.1572   2.1572   2.1570   2.1567   2.1558   2.1535   2.1480   2.1348
  2.1057   2.0522   1.9812   1.9147   1.8268   1.6382   1.3167   0.8968   0.4275
 -0.0628  -0.5662  -1.0703  -1.5756  -2.0834  -2.5892  -3.0931  -3.5956  -4.0974
 -4.5985  -5.0991  -5.5996  -6.0998  -6.6000  -7.1001  -7.6002  -8.1002  -8.6002
 -9.1003  -9.6003 -10.1003 -10.6003 -11.1003 -11.6003 -12.1003 -12.6003 -13.1003
-13.6003 -14.1003 -14.6003 -15.1003 -15.6003 -16.1003
  0.0000   2.1205   2.1204   2.1202   2.1200   2.1192   2.1173   2.1127   2.1014
  2.0757   2.0249   1.9515   1.8853   1.8183   1.6607   1.3556   0.9329   0.4528
 -0.0478  -0.5571  -1.0671  -1.5767  -2.0847  -2.5902  -3.0938  -3.5961  -4.0977
 -4.5987  -5.0993  -5.5996  -6.0999  -6.6000  -7.1001  -7.6002  -8.1002  -8.6002
 -9.1003  -9.6003 -10.1003 -10.6003 -11.1003 -11.6003 -12.1003 -12.6003 -13.1003
-13.6003 -14.1003 -14.6003 -15.1003 -15.6003 -16.1003
  0.0000   2.1116   2.1115   2.1115   2.1112   2.1105   2.1088   2.1043   2.0940
  2.0696   2.0186   1.9384   1.8659   1.8102   1.6703   1.3719   0.9438   0.4574
 -0.0455  -0.5539  -1.0645  -1.5752  -2.0833  -2.5891  -3.0931  -3.5956  -4.0974
 -4.5985  -5.0991  -5.5996  -6.0998  -6.6000  -7.1001  -7.6002  -8.1002  -8.6002
 -9.1003  -9.6003 -10.1003 -10.6003 -11.1003 -11.6003 -12.1003 -12.6003 -13.1003
-13.6003 -14.1003 -14.6003 -15.1003 -15.6003 -16.1003
  0.0000   2.1034   2.1033   2.1032   2.1030   2.1024   2.1010   2.0971   2.0889
  2.0682   2.0225   1.9414   1.8571   1.8038   1.6756   1.3777   0.9412   0.4494
 -0.0525  -0.5567  -1.0642  -1.5728  -2.0804  -2.5866  -3.0913  -3.5944  -4.0965
 -4.5979  -5.0988  -5.5993  -6.0997  -6.5999  -7.1000  -7.6001  -8.1002  -8.6002
 -9.1002  -9.6003 -10.1003 -10.6003 -11.1003 -11.6003 -12.1003 -12.6003 -13.1003
-13.6003 -14.1003 -14.6003 -15.1003 -15.6003 -16.1003
  0.0000   2.0803   2.0803   2.0802   2.0801   2.0797   2.0788   2.0764   2.0706
  2.0562   2.0235   1.9574   1.8662   1.7990   1.6795   1.3814   0.9331   0.4339
 -0.0669  -0.5655  -1.0674  -1.5713  -2.0771  -2.5833  -3.0885  -3.5925  -4.0952
 -4.5970  -5.0982  -5.5990  -6.0995  -6.5998  -7.1000  -7.6001  -8.1001  -8.6002
 -9.1002  -9.6002 -10.1003 -10.6003 -11.1003 -11.6003 -12.1003 -12.6003 -13.1003
-13.6003 -14.1003 -14.6003 -15.1003 -15.6003 -16.1003
  0.0000   2.0420   2.0420   2.0419   2.0418   2.0416   2.0411   2.0398   2.0366
  2.0287   2.0097   1.9676   1.8914   1.8015   1.6810   1.3890   0.9280   0.4177
 -0.0849  -0.5792  -1.0747  -1.5726  -2.0749  -2.5798  -3.0853  -3.5900  -4.0935
 -4.5958  -5.0974  -5.5985  -6.0991  -6.5996  -7.0998  -7.6000  -8.1001  -8.6002
 -9.1002  -9.6002 -10.1003 -10.6003 -11.1003 -11.6003 -12.1003 -12.6003 -13.1003
-13.6003 -14.1003 -14.6003 -15.1003 -15.6003 -16.1003
 -1.0000   2.2193   2.2192   2.2190   2.2185   2.2171   2.2136   2.2052   2.1860
  2.1474   2.0842   2.0104   1.9406   1.8299   1.6101   1.2710   0.8508   0.3900
 -0.0883  -0.5748  -1.0699  -1.5736  -2.0799  -2.5857  -3.0904  -3.5938  -4.0961
 -4.5976  -5.0986  -5.5992  -6.0996  -6.5999  -7.1000  -7.6001  -8.1002  -8.6002
 -9.1002  -9.6003 -10.1003 -10.6003 -11.1003 -11.6003 -12.1003 -12.6003 -13.1003
-13.6003 -14.1003 -14.6003 -15.1003 -15.6003 -16.1003
  0.0000   2.2176   2.2175   2.2173   2.2168   2.2154   2.2121   2.2040   2.1854
  2.1473   2.0847   2.0108   1.9403   1.8292   1.6097   1.2708   0.8508   0.3900
 -0.0883  -0.5748  -1.0699  -1.5736  -2.0799  -2.5857  -3.0904  -3.5938  -4.0961
 -4.5976  -5.0986  -5.5992  -6.0996  -6.5999  -7.1000  -7.6001  -8.1002  -8.6002
 -9.1002  -9.6003 -10.1003 -10.6003 -11.1003 -11.6003 -12.1003 -12.6003 -13.1003
-13.6003 -14.1003 -14.6003 -15.1003 -15.6003 -16.1003
  0.0000   2.1239   2.1238   2.1237   2.1234   2.1226   2.1206   2.1156   2.1037
  2.0774   2.0286   1.9613   1.8979   1.8234   1.6560   1.3476   0.9276   0.4502
 -0.0497  -0.5608  -1.0700  -1.5779  -2.0857  -2.5910  -3.0944  -3.5965  -4.0980
 -4.5988  -5.0994  -5.5997  -6.0999  -6.6001  -7.1001  -7.6002  -8.1002  -8.6002
 -9.1003  -9.6003 -10.1003 -10.6003 -11.1003 -11.6003 -12.1003 -12.6003 -13.1003
-13.6003 -14.1003 -14.6003 -15.1003 -15.6003 -16.1003
  0.0000   2.1049   2.1048   2.1047   2.1044   2.1036   2.1016   2.0968   2.0851
  2.0589   2.0083   1.9364   1.8722   1.8135   1.6711   1.3765   0.9539   0.4678
 -0.0398  -0.5540  -1.0670  -1.5782  -2.0861  -2.5913  -3.0946  -3.5967  -4.0981
 -4.5989  -5.0994  -5.5997  -6.0999  -6.6001  -7.1001  -7.6002  -8.1002  -8.6002
 -9.1003  -9.6003 -10.1003 -10.6003 -11.1003 -11.6003 -12.1003 -12.6003 -13.1003
-13.6003 -14.1003 -14.6003 -15.1003 -15.6003 -16.1003
  0.0000   2.1125   2.1124   2.1123   2.1119   2.1111   2.1089   2.1036   2.0909
  2.0618   2.0043   1.9222   1.8546   1.8063   1.6773   1.3869   0.9592   0.4689
 -0.0389  -0.5516  -1.0648  -1.5763  -2.0844  -2.5900  -3.0937  -3.5960  -4.0977
 -4.5986  -5.0992  -5.5996  -6.0999  -6.6000  -7.1001  -7.6002  -8.1002  -8.6002
 -9.1003  -9.6003 -10.1003 -10.6003 -11.1003 -11.6003 -12.1003 -12.6003 -13.1003
-13.6003 -14.1003 -14.6003 -15.1003 -15.6003 -16.1003
  0.0000   2.1210   2.1209   2.1208   2.1204   2.1194   2.1175   2.1123   2.0997
  2.0704   2.0099   1.9180   1.8434   1.8013   1.6804   1.3893   0.9546   0.4604
 -0.0451  -0.5536  -1.0640  -1.5737  -2.0816  -2.5878  -3.0921  -3.5950  -4.0969
 -4.5982  -5.0989  -5.5994  -6.0998  -6.5999  -7.1001  -7.6001  -8.1002  -8.6002
 -9.1002  -9.6003 -10.1003 -10.6003 -11.1003 -11.6003 -12.1003 -12.6003 -13.1003
-13.6003 -14.1003 -14.6003 -15.1003 -15.6003 -16.1003
  0.0000   2.1128   2.1128   2.1127   2.1125   2.1118   2.1102   2.1061   2.0960
  2.0720   2.0195   1.9288   1.8416   1.7968   1.6820   1.3899   0.9471   0.4476
 -0.0560  -0.5594  -1.0653  -1.5717  -2.0787  -2.5851  -3.0900  -3.5936  -4.0959
 -4.5975  -5.0985  -5.5992  -6.0996  -6.5998  -7.1000  -7.6001  -8.1002  -8.6002
 -9.1002  -9.6003 -10.1003 -10.6003 -11.1003 -11.6003 -12.1003 -12.6003 -13.1003
-13.6003 -14.1003 -14.6003 -15.1003 -15.6003 -16.1003
 -1.0000   2.4662   2.4660   2.4656   2.4641   2.4590   2.4435   2.4054   2.3498
  2.2574   2.1576   2.0785   1.9834   1.8026   1.5001   1.1201   0.6826   0.2166
 -0.2554  -0.6901  -1.1729  -1.6907  -2.1843  -2.6766  -3.1664  -3.6534  -4.1382
 -4.6222  -5.1073  -5.5957  -6.0888  -6.5868  -7.0880  -7.5907  -8.0934  -8.5957
 -9.0972  -9.5982 -10.0990 -10.5995 -11.0998 -11.6000 -12.1001 -12.6002 -13.1002
-13.6002 -14.1002 -14.6003 -15.1003 -15.6003 -16.1003
  0.0000   2.4652   2.4649   2.4642   2.4623   2.4570   2.4418   2.4061   2.3494
  2.2579   2.1582   2.0784   1.9829   1.8022   1.5000   1.1201   0.6826   0.2166
 -0.2554  -0.6901  -1.1729  -1.6907  -2.1843  -2.6766  -3.1664  -3.6534  -4.1382
 -4.6222  -5.1073  -5.5957  -6.0888  -6.5868  -7.0880  -7.5907  -8.0934  -8.5957
 -9.0972  -9.5982 -10.0990 -10.5995 -11.0998 -11.6000 -12.1001 -12.6002 -13.1002
-13.6002 -14.1002 -14.6003 -15.1003 -15.6003 -16.1003
  0.0000   2.1619   2.1619   2.1617   2.1613   2.1603   2.1578   2.1518   2.1377
  2.1078   2.0548   1.9857   1.9198   1.8292   1.6372   1.3141   0.8943   0.4254
 -0.0646  -0.5673  -1.0708  -1.5758  -2.0834  -2.5891  -3.0930  -3.5956  -4.0974
 -4.5984  -5.0991  -5.5995  -6.0998  -6.6000  -7.1001  -7.6002  -8.1002  -8.6002
 -9.1003  -9.6003 -10.1003 -10.6003 -11.1003 -11.6003 -12.1003 -12.6003 -13.1003
-13.6003 -14.1003 -14.6003 -15.1003 -15.6003 -16.1003
  0.0000   2.0936   2.0935   2.0934   2.0932   2.0925   2.0908   2.0866   2.0766
  2.0542   2.0112   1.9475   1.8843   1.8178   1.6683   1.3725   0.9523   0.4675
 -0.0405  -0.5571  -1.0698  -1.5798  -2.0874  -2.5922  -3.0952  -3.5971  -4.0983
 -4.5991  -5.0995  -5.5998  -6.1000  -6.6001  -7.1002  -7.6002  -8.1002  -8.6003
 -9.1003  -9.6003 -10.1003 -10.6003 -11.1003 -11.6003 -12.1003 -12.6003 -13.1003
-13.6003 -14.1003 -14.6003 -15.1003 -15.6003 -16.1003
  0.0000   2.0848   2.0848   2.0847   2.0844   2.0837   2.0819   2.0775   2.0670
  2.0432   1.9969   1.9283   1.8632   1.8078   1.6778   1.3938   0.9719   0.4801
 -0.0335  -0.5520  -1.0673  -1.5795  -2.0872  -2.5921  -3.0951  -3.5971  -4.0983
 -4.5990  -5.0995  -5.5998  -6.1000  -6.6001  -7.1002  -7.6002  -8.1002  -8.6003
 -9.1003  -9.6003 -10.1003 -10.6003 -11.1003 -11.6003 -12.1003 -12.6003 -13.1003
-13.6003 -14.1003 -14.6003 -15.1003 -15.6003 -16.1003
  0.0000   2.0959   2.0958   2.0957   2.0954   2.0945   2.0925   2.0875   2.0753
  2.0478   1.9943   1.9170   1.8491   1.8009   1.6816   1.4013   0.9758   0.4808
 -0.0325  -0.5500  -1.0655  -1.5776  -2.0856  -2.5909  -3.0944  -3.5965  -4.0980
 -4.5988  -5.0994  -5.5997  -6.0999  -6.6001  -7.1001  -7.6002  -8.1002  -8.6002
 -9.1003  -9.6003 -10.1003 -10.6003 -11.1003 -11.6003 -12.1003 -12.6003 -13.1003
-13.6003 -14.1003 -14.6003 -15.1003 -15.6003 -16.1003
  0.0000   2.1059   2.1058   2.1057   2.1053   2.1045   2.1023   2.0971   2.0843
  2.0551   1.9973   1.9128   1.8407   1.7959   1.6829   1.4039   0.9735   0.4759
 -0.0356  -0.5504  -1.0644  -1.5754  -2.0836  -2.5894  -3.0933  -3.5958  -4.0975
 -4.5985  -5.0992  -5.5996  -6.0998  -6.6000  -7.1001  -7.6002  -8.1002  -8.6002
 -9.1003  -9.6003 -10.1003 -10.6003 -11.1003 -11.6003 -12.1003 -12.6003 -13.1003
-13.6003 -14.1003 -14.6003 -15.1003 -15.6003 -16.1003
 -2.0000   2.3388   2.3386   2.3381   2.3370   2.3341   2.3269   2.3103   2.2745
  2.2089   2.1200   2.0396   1.9648   1.8262   1.5680   1.2013   0.7683   0.3061
 -0.1660  -0.6353  -1.1140  -1.6027  -2.0927  -2.5860  -3.0834  -3.5843  -4.0873
 -4.5908  -5.0937  -5.5959  -6.0974  -6.5985  -7.0991  -7.5995  -8.0998  -8.6000
 -9.1001  -9.6002 -10.1002 -10.6002 -11.1003 -11.6003 -12.1003 -12.6003 -13.1003
-13.6003 -14.1003 -14.6003 -15.1003 -15.6003 -16.1003
 -1.0000   2.3386   2.3384   2.3380   2.3368   2.3339   2.3267   2.3100   2.2741
  2.2087   2.1201   2.0396   1.9646   1.8260   1.5679   1.2012   0.7683   0.3061
 -0.1660  -0.6353  -1.1140  -1.6027  -2.0927  -2.5860  -3.0834  -3.5843  -4.0873
 -4.5908  -5.0937  -5.5959  -6.0974  -6.5985  -7.0991  -7.5995  -8.0998  -8.6000
 -9.1001  -9.6002 -10.1002 -10.6002 -11.1003 -11.6003 -12.1003 -12.6003 -13.1003
-13.6003 -14.1003 -14.6003 -15.1003 -15.6003 -16.1003
  0.0000   2.3383   2.3381   2.3376   2.3365   2.3336   2.3264   2.3096   2.2737
  2.2086   2.1203   2.0397   1.9644   1.8258   1.5678   1.2012   0.7682   0.3061
 -0.1660  -0.6353  -1.1140  -1.6027  -2.0927  -2.5860  -3.0834  -3.5843  -4.0873
 -4.5908  -5.0937  -5.5959  -6.0974  -6.5985  -7.0991  -7.5995  -8.0998  -8.6000
 -9.1001  -9.6002 -10.1002 -10.6002 -11.1003 -11.6003 -12.1003 -12.6003 -13.1003
-13.6003 -14.1003 -14.6003 -15.1003 -15.6003 -16.1003
  0.0000   2.1184   2.1184   2.1183   2.1180   2.1173   2.1155   2.1109   2.1002
  2.0769   2.0324   1.9681   1.9032   1.8246   1.6552   1.3468   0.9274   0.4502
 -0.0500  -0.5618  -1.0708  -1.5782  -2.0860  -2.5911  -3.0945  -3.5966  -4.0980
 -4.5989  -5.0994  -5.5997  -6.0999  -6.6001  -7.1001  -7.6002  -8.1002  -8.6002
 -9.1003  -9.6003 -10.1003 -10.6003 -11.1003 -11.6003 -12.1003 -12.6003 -13.1003
-13.6003 -14.1003 -14.6003 -15.1003 -15.6003 -16.1003
  0.0000   2.0660   2.0660   2.0659   2.0657   2.0652   2.0639   2.0607   2.0527
  2.0347   1.9983   1.9396   1.8752   1.8112   1.6755   1.3921   0.9726   0.4809
 -0.0342  -0.5548  -1.0698  -1.5811  -2.0885  -2.5930  -3.0957  -3.5975  -4.0986
 -4.5992  -5.0996  -5.5999  -6.1000  -6.6001  -7.1002  -7.6002  -8.1002  -8.6003
 -9.1003  -9.6003 -10.1003 -10.6003 -11.1003 -11.6003 -12.1003 -12.6003 -13.1003
-13.6003 -14.1003 -14.6003 -15.1003 -15.6003 -16.1003
  0.0000   2.0561   2.0561   2.0560   2.0558   2.0553   2.0540   2.0508   2.0428
  2.0244   1.9870   1.9260   1.8592   1.8009   1.6813   1.4099   0.9900   0.4921
 -0.0277  -0.5511  -1.0684  -1.5808  -2.0883  -2.5929  -3.0956  -3.5975  -4.0985
 -4.5992  -5.0996  -5.5999  -6.1000  -6.6001  -7.1002  -7.6002  -8.1002  -8.6003
 -9.1003  -9.6003 -10.1003 -10.6003 -11.1003 -11.6003 -12.1003 -12.6003 -13.1003
-13.6003 -14.1003 -14.6003 -15.1003 -15.6003 -16.1003
  0.0000   2.0566   2.0565   2.0564   2.0562   2.0557   2.0543   2.0509   2.0426
  2.0233   1.9840   1.9199   1.8499   1.7933   1.6827   1.4183   0.9973   0.4961
 -0.0251  -0.5492  -1.0673  -1.5797  -2.0874  -2.5923  -3.0953  -3.5972  -4.0984
 -4.5991  -5.0995  -5.5998  -6.1000  -6.6001  -7.1002  -7.6002  -8.1002  -8.6003
 -9.1003  -9.6003 -10.1003 -10.6003 -11.1003 -11.6003 -12.1003 -12.6003 -13.1003
-13.6003 -14.1003 -14.6003 -15.1003 -15.6003 -16.1003
nl= 1 nu= 5
  0.0000  -0.7936  -0.7936  -0.7936  -0.7936  -0.7936  -0.7936  -0.7936  -0.7936
 -0.7936  -0.7936  -0.7936  -0.7936  -0.7936  -0.7937  -0.7937  -0.7937  -0.7938
 -0.7940  -0.7945  -0.7959  -0.7992  -0.8077  -0.8289  -0.8823  -1.0163  -1.3529
 -2.1984  -4.3159  -6.7352  -7.2721  -7.7889  -8.2979  -8.8037  -9.3082  -9.8347
-10.3514 -10.9515 -11.6707 -12.2084 -12.7677 -13.3615 -14.0099 -14.7449 -15.6174
-16.7078 -18.1434 -20.1261
  0.0000  -0.9440  -0.9440  -0.9440  -0.9440  -0.9440  -0.9440  -0.9440  -0.9440
 -0.9440  -0.9440  -0.9440  -0.9440  -0.9440  -0.9440  -0.9440  -0.9441  -0.9441
 -0.9442  -0.9445  -0.9451  -0.9468  -0.9511  -0.9617  -0.9884  -1.0554  -1.2237
 -1.6465  -2.7084  -5.3547  -7.2470  -7.7760  -8.2905  -8.7992  -9.3054  -9.8328
-10.3502 -10.9505 -11.6698 -12.2078 -12.7673 -13.3612 -14.0096 -14.7448 -15.6173
-16.7076 -18.1432 -20.1260
  0.0000  -1.0943  -1.0943  -1.0943  -1.0943  -1.0943  -1.0943  -1.0943  -1.0943
 -1.0943  -1.0943  -1.0943  -1.0943  -1.0944  -1.0944  -1.0944  -1.0944  -1.0944
 -1.0944  -1.0946  -1.0949  -1.0957  -1.0979  -1.1032  -1.1165  -1.1500  -1.2342
 -1.4456  -1.9766  -3.3103  -6.5380  -7.7560  -8.2793  -8.7921  -9.3008  -9.8296
-10.3480 -10.9487 -11.6680 -12.2067 -12.7665 -13.3606 -14.0092 -14.7444 -15.6170
-16.7074 -18.1430 -20.1258
  0.0000  -1.2450  -1.2450  -1.2450  -1.2450  -1.2450  -1.2450  -1.2450  -1.2450
 -1.2450  -1.2450  -1.2450  -1.2450  -1.2450  -1.2450  -1.2450  -1.2450  -1.2451
 -1.2451  -1.2452  -1.2453  -1.2457  -1.2468  -1.2494  -1.2561  -1.2729  -1.3149
 -1.4207  -1.6862  -2.3531  -4.0282  -7.6283  -8.2636  -8.7825  -9.2944  -9.8251
-10.3451 -10.9464 -11.6657 -12.2053 -12.7657 -13.3601 -14.0090 -14.7444 -15.6170
-16.7075 -18.1431 -20.1260
  0.0000  -1.3956  -1.3956  -1.3956  -1.3956  -1.3956  -1.3956  -1.3956  -1.3956
 -1.3956  -1.3956  -1.3956  -1.3956  -1.3956  -1.3956  -1.3956  -1.3956  -1.3956
 -1.3956  -1.3956  -1.3957  -1.3959  -1.3965  -1.3978  -1.4011  -1.4095  -1.4305
 -1.4834  -1.6161  -1.9496  -2.7873  -4.8907  -8.2397  -8.7697  -9.2856  -9.8182
-10.3403 -10.9424 -11.6614 -12.2025 -12.7640 -13.3590 -14.0083 -14.7439 -15.6168
-16.7073 -18.1430 -20.1259
  0.0000  -1.5461  -1.5461  -1.5461  -1.5461  -1.5461  -1.5461  -1.5461  -1.5461
 -1.5461  -1.5461  -1.5461  -1.5461  -1.5461  -1.5461  -1.5461  -1.5461  -1.5461
 -1.5461  -1.5461  -1.5461  -1.5463  -1.5465  -1.5472  -1.5488  -1.5530  -1.5635
 -1.5900  -1.6563  -1.8231  -2.2419  -3.2940  -5.9343  -8.7534  -9.2755  -9.8096
-10.3335 -10.9362 -11.6551 -12.1982 -12.7610 -13.3572 -14.0071 -14.7432 -15.6163
-16.7070 -18.1428 -20.1258
  0.0000  -1.6966  -1.6966  -1.6966  -1.6966  -1.6966  -1.6966  -1.6966  -1.6966
 -1.6966  -1.6966  -1.6966  -1.6966  -1.6966  -1.6966  -1.6966  -1.6966  -1.6966
 -1.6966  -1.6966  -1.6967  -1.6967  -1.6968  -1.6972  -1.6980  -1.7001  -1.7054
 -1.7186  -1.7517  -1.8351  -2.0445  -2.5705  -3.8919  -7.4716  -9.2648  -9.8010
-10.3260 -10.9282 -11.6458 -12.1919 -12.7566 -13.3542 -14.0052 -14.7420 -15.6155
-16.7065 -18.1425 -20.1256
  0.0000  -0.4603  -0.4603  -0.4603  -0.4603  -0.4603  -0.4603  -0.4603  -0.4603
 -0.4603  -0.4603  -0.4603  -0.4603  -0.4603  -0.4603  -0.4604  -0.4606  -0.4609
 -0.4619  -0.4644  -0.4706  -0.4862  -0.5255  -0.6240  -0.8716  -1.4933  -3.0517
 -5.6864  -6.2618  -6.7829  -7.2940  -7.8010  -8.3061  -8.8325  -9.3381  -9.8564
-10.6611 -11.1937 -11.7447 -12.3252 -12.9525 -13.6542 -14.4737 -15.4800 -16.7825
-18.5543 -21.0699 -24.7645
  0.0000  -0.6108  -0.6108  -0.6108  -0.6108  -0.6108  -0.6108  -0.6108  -0.6108
 -0.6108  -0.6108  -0.6108  -0.6108  -0.6109  -0.6109  -0.6109  -0.6110  -0.6112
 -0.6117  -0.6129  -0.6160  -0.6238  -0.6434  -0.6927  -0.8165  -1.1275  -1.9085
 -3.8634  -6.2302  -6.7678  -7.2853  -7.7956  -8.3027  -8.8302  -9.3367  -9.8555
-10.6600 -11.1931 -11.7444 -12.3250 -12.9524 -13.6542 -14.4737 -15.4801 -16.7826
-18.5544 -21.0700 -24.7646
  0.0000  -0.7613  -0.7613  -0.7613  -0.7613  -0.7613  -0.7613  -0.7613  -0.7613
 -0.7613  -0.7613  -0.7613  -0.7613  -0.7613  -0.7613  -0.7613  -0.7614  -0.7615
 -0.7617  -0.7623  -0.7639  -0.7678  -0.7776  -0.8023  -0.8642  -1.0197  -1.4103
 -2.3913  -4.8353  -6.7438  -7.2726  -7.7875  -8.2973  -8.8266  -9.3343  -9.8539
-10.6581 -11.1919 -11.7436 -12.3245 -12.9521 -13.6540 -14.4736 -15.4800 -16.7825
-18.5543 -21.0700 -24.7646
  0.0000  -0.9117  -0.9117  -0.9117  -0.9117  -0.9117  -0.9117  -0.9117  -0.9117
 -0.9117  -0.9117  -0.9117  -0.9117  -0.9117  -0.9118  -0.9118  -0.9118  -0.9118
 -0.9120  -0.9123  -0.9130  -0.9150  -0.9199  -0.9322  -0.9632  -1.0409  -1.2362
 -1.7269  -2.9590  -5.9658  -7.2543  -7.7766  -8.2897  -8.8208  -9.3304  -9.8513
-10.6547 -11.1898 -11.7422 -12.3236 -12.9515 -13.6535 -14.4733 -15.4798 -16.7823
-18.5542 -21.0699 -24.7645
  0.0000  -1.0623  -1.0623  -1.0623  -1.0623  -1.0623  -1.0623  -1.0623  -1.0623
 -1.0623  -1.0623  -1.0623  -1.0623  -1.0623  -1.0623  -1.0623  -1.0623  -1.0623
 -1.0624  -1.0625  -1.0629  -1.0639  -1.0663  -1.0725  -1.0880  -1.1268  -1.2245
 -1.4698  -2.0860  -3.6335  -7.0515  -7.7630  -8.2804  -8.8132  -9.3248  -9.8473
-10.6494 -11.1861 -11.7399 -12.3222 -12.9506 -13.6530 -14.4729 -15.4796 -16.7822
-18.5541 -21.0698 -24.7644
  0.0000  -1.2127  -1.2127  -1.2127  -1.2127  -1.2127  -1.2127  -1.2127  -1.2127
 -1.2127  -1.2127  -1.2127  -1.2127  -1.2127  -1.2127  -1.2127  -1.2127  -1.2127
 -1.2128  -1.2129  -1.2130  -1.2135  -1.2148  -1.2178  -1.2256  -1.2450  -1.2938
 -1.4165  -1.7246  -2.4985  -4.4418  -7.7433  -8.2707  -8.8046  -9.3177  -9.8416
-10.6416 -11.1810 -11.7362 -12.3199 -12.9491 -13.6520 -14.4723 -15.4792 -16.7820
-18.5539 -21.0697 -24.7644
  0.0000  -1.3634  -1.3634  -1.3634  -1.3634  -1.3634  -1.3634  -1.3634  -1.3634
 -1.3634  -1.3634  -1.3634  -1.3634  -1.3634  -1.3634  -1.3634  -1.3634  -1.3634
 -1.3634  -1.3635  -1.3636  -1.3638  -1.3644  -1.3659  -1.3698  -1.3795  -1.4039
 -1.4653  -1.6193  -2.0063  -2.9783  -5.4177  -8.2591  -8.7970  -9.3108  -9.8348
-10.6309 -11.1737 -11.7312 -12.3162 -12.9469 -13.6506 -14.4715 -15.4787 -16.7817
-18.5538 -21.0697 -24.7644
  0.0000  -0.1274  -0.1274  -0.1274  -0.1274  -0.1274  -0.1274  -0.1274  -0.1274
 -0.1274  -0.1274  -0.1274  -0.1274  -0.1275  -0.1276  -0.1279  -0.1286  -0.1304
 -0.1350  -0.1465  -0.1753  -0.2478  -0.4297  -0.8866  -2.0315  -4.4827  -5.2498
 -5.7761  -6.2896  -6.7979  -7.3037  -7.8087  -8.3358  -8.8535  -9.4556 -10.1812
-10.7251 -11.2943 -11.9036 -12.5766 -13.3507 -14.2850 -15.4733 -17.0641 -19.2929
-22.5328 -27.3753 -34.7578
  0.0000  -0.2767  -0.2767  -0.2767  -0.2767  -0.2767  -0.2767  -0.2767  -0.2767
 -0.2767  -0.2767  -0.2767  -0.2767  -0.2767  -0.2768  -0.2769  -0.2773  -0.2782
 -0.2805  -0.2862  -0.3006  -0.3369  -0.4279  -0.6565  -1.2307  -2.6688  -5.1739
 -5.7572  -6.2783  -6.7903  -7.2983  -7.8048  -8.3328  -8.8512  -9.4535 -10.1792
-10.7234 -11.2928 -11.9022 -12.5753 -13.3495 -14.2838 -15.4721 -17.0629 -19.2918
-22.5317 -27.3742 -34.7567
  0.0000  -0.4281  -0.4281  -0.4281  -0.4281  -0.4281  -0.4281  -0.4281  -0.4281
 -0.4281  -0.4281  -0.4281  -0.4281  -0.4281  -0.4281  -0.4282  -0.4284  -0.4288
 -0.4300  -0.4329  -0.4401  -0.4582  -0.5037  -0.6181  -0.9053  -1.6267  -3.4308
 -5.7261  -6.2650  -6.7822  -7.2931  -7.8015  -8.3308  -8.8501  -9.4530 -10.1785
-10.7234 -11.2932 -11.9028 -12.5761 -13.3503 -14.2847 -15.4731 -17.0639 -19.2927
-22.5327 -27.3752 -34.7577
  0.0000  -0.5785  -0.5785  -0.5785  -0.5785  -0.5785  -0.5785  -0.5785  -0.5785
 -0.5785  -0.5785  -0.5785  -0.5785  -0.5785  -0.5785  -0.5785  -0.5786  -0.5788
 -0.5794  -0.5808  -0.5844  -0.5935  -0.6163  -0.6735  -0.8171  -1.1780  -2.0841
 -4.3403  -6.2436  -6.7706  -7.2848  -7.7953  -8.3261  -8.8469  -9.4502 -10.1758
-10.7217 -11.2920 -11.9021 -12.5756 -13.3499 -14.2844 -15.4728 -17.0637 -19.2926
-22.5326 -27.3751 -34.7576
  0.0000  -0.7290  -0.7290  -0.7290  -0.7290  -0.7290  -0.7290  -0.7290  -0.7290
 -0.7290  -0.7290  -0.7290  -0.7290  -0.7290  -0.7290  -0.7290  -0.7290  -0.7291
 -0.7294  -0.7301  -0.7320  -0.7365  -0.7479  -0.7765  -0.8483  -1.0287  -1.4820
 -2.6202  -5.4047  -6.7560  -7.2756  -7.7878  -8.3197  -8.8421  -9.4462 -10.1714
-10.7187 -11.2902 -11.9009 -12.5748 -13.3495 -14.2841 -15.4727 -17.0636 -19.2925
-22.5325 -27.3751 -34.7575
  0.0000  -0.8795  -0.8795  -0.8795  -0.8795  -0.8795  -0.8795  -0.8795  -0.8795
 -0.8795  -0.8795  -0.8795  -0.8795  -0.8795  -0.8795  -0.8796  -0.8796  -0.8796
 -0.8798  -0.8801  -0.8810  -0.8833  -0.8890  -0.9033  -0.9392  -1.0294  -1.2561
 -1.8254  -3.2549  -6.4854  -7.2663  -7.7806  -8.3124  -8.8359  -9.4403 -10.1650
-10.7145 -11.2872 -11.8991 -12.5737 -13.3488 -14.2838 -15.4724 -17.0635 -19.2925
-22.5325 -27.3751 -34.7576
  0.0000  -1.0300  -1.0300  -1.0300  -1.0300  -1.0300  -1.0300  -1.0300  -1.0300
 -1.0300  -1.0300  -1.0300  -1.0301  -1.0301  -1.0301  -1.0301  -1.0301  -1.0301
 -1.0302  -1.0303  -1.0308  -1.0319  -1.0348  -1.0419  -1.0599  -1.1050  -1.2183
 -1.5029  -2.2180  -4.0132  -7.2218  -7.7751  -8.3062  -8.8293  -9.4327 -10.1560
-10.7081 -11.2829 -11.8959 -12.5718 -13.3476 -14.2830 -15.4720 -17.0632 -19.2923
-22.5324 -27.3751 -34.7576
  0.0000   0.2052   0.2052   0.2052   0.2052   0.2052   0.2052   0.2052   0.2052
  0.2052   0.2052   0.2051   0.2051   0.2048   0.2043   0.2030   0.1996   0.1912
  0.1700   0.1169  -0.0166  -0.3516  -1.1905  -3.1448  -4.2352  -4.7681  -5.2840
 -5.7938  -6.3006  -6.8061  -7.3332  -7.8505  -8.4507  -9.1699  -9.7079 -10.2674
-10.8613 -11.5097 -12.2449 -13.1174 -14.2078 -15.6434 -17.6262 -20.4762 -24.7008
-31.1039 -36.9999 -36.9999
  0.0000   0.0551   0.0551   0.0551   0.0551   0.0551   0.0551   0.0551   0.0551
  0.0551   0.0551   0.0551   0.0550   0.0549   0.0546   0.0540   0.0523   0.0481
  0.0375   0.0109  -0.0560  -0.2239  -0.6455  -1.7008  -3.9613  -4.7475  -5.2728
 -5.7864  -6.2956  -6.8028  -7.3309  -7.8489  -8.4495  -9.1688  -9.7072 -10.2670
-10.8611 -11.5096 -12.2448 -13.1174 -14.2078 -15.6434 -17.6262 -20.4763 -24.7009
-31.1040 -37.0000 -37.0000
  0.0000  -0.0950  -0.0950  -0.0950  -0.0950  -0.0950  -0.0950  -0.0950  -0.0950
 -0.0950  -0.0950  -0.0951  -0.0951  -0.0951  -0.0953  -0.0956  -0.0964  -0.0985
 -0.1039  -0.1172  -0.1506  -0.2347  -0.4458  -0.9758  -2.3020  -4.6611  -5.2570
 -5.7766  -6.2885  -6.7976  -7.3271  -7.8463  -8.4473  -9.1666  -9.7058 -10.2661
-10.8604 -11.5092 -12.2445 -13.1172 -14.2076 -15.6433 -17.6261 -20.4762 -24.7008
-31.1038 -36.9999 -36.9999
  0.0000  -0.2454  -0.2454  -0.2454  -0.2454  -0.2454  -0.2454  -0.2454  -0.2454
 -0.2454  -0.2454  -0.2454  -0.2454  -0.2454  -0.2455  -0.2457  -0.2461  -0.2471
 -0.2498  -0.2565  -0.2732  -0.3152  -0.4209  -0.6862  -1.3523  -3.0164  -5.2261
 -5.7648  -6.2801  -6.7909  -7.3216  -7.8425  -8.4441  -9.1630  -9.7037 -10.2647
-10.8595 -11.5086 -12.2442 -13.1170 -14.2075 -15.6432 -17.6260 -20.4761 -24.7008
-31.1038 -36.9999 -36.9999
  0.0000  -0.3957  -0.3957  -0.3957  -0.3957  -0.3957  -0.3957  -0.3957  -0.3957
 -0.3957  -0.3957  -0.3957  -0.3957  -0.3957  -0.3958  -0.3958  -0.3960  -0.3966
 -0.3979  -0.4012  -0.4096  -0.4306  -0.4835  -0.6162  -0.9495  -1.7864  -3.8679
 -5.7479  -6.2715  -6.7835  -7.3147  -7.8369  -8.4390  -9.1578  -9.6998 -10.2623
-10.8579 -11.5076 -12.2435 -13.1165 -14.2071 -15.6429 -17.6258 -20.4760 -24.7006
-31.1037 -36.9998 -36.9998
  0.0000  -0.5463  -0.5463  -0.5463  -0.5463  -0.5463  -0.5463  -0.5463  -0.5463
 -0.5463  -0.5463  -0.5463  -0.5463  -0.5463  -0.5463  -0.5464  -0.5465  -0.5467
 -0.5474  -0.5490  -0.5532  -0.5637  -0.5902  -0.6565  -0.8232  -1.2419  -2.2933
 -4.8678  -6.2620  -6.7779  -7.3081  -7.8303  -8.4323  -9.1501  -9.6947 -10.2585
-10.8556 -11.5061 -12.2426 -13.1159 -14.2068 -15.6428 -17.6258 -20.4760 -24.7007
-31.1038 -36.9999 -36.9999
  0.0000  -0.6967  -0.6967  -0.6967  -0.6967  -0.6967  -0.6967  -0.6967  -0.6967
 -0.6967  -0.6967  -0.6967  -0.6967  -0.6967  -0.6967  -0.6967  -0.6967  -0.6969
 -0.6972  -0.6980  -0.7001  -0.7054  -0.7186  -0.7518  -0.8351  -1.0445  -1.5704
 -2.8909  -5.9141  -6.7734  -7.3037  -7.8245  -8.4244  -9.1398  -9.6870 -10.2531
-10.8517 -11.5035 -12.2409 -13.1148 -14.2061 -15.6423 -17.6254 -20.4757 -24.7005
-31.1036 -36.9998 -36.9998
  0.0000   0.5364   0.5364   0.5364   0.5364   0.5364   0.5364   0.5364   0.5364
  0.5364   0.5363   0.5361   0.5358   0.5348   0.5323   0.5262   0.5107   0.4720
  0.3746   0.1304  -0.4799  -1.9315  -3.2164  -3.7594  -4.2775  -4.7885  -5.2965
 -5.8027  -6.3300  -6.8363  -7.3552  -8.1596  -8.6926  -9.2439  -9.8246 -10.4520
-11.1538 -11.9733 -12.9797 -14.2822 -16.0540 -18.5696 -22.2641 -27.8272 -36.3515
-36.9995 -36.9995 -36.9995
  0.0000   0.3869   0.3869   0.3869   0.3869   0.3869   0.3869   0.3869   0.3869
  0.3869   0.3869   0.3868   0.3866   0.3861   0.3849   0.3818   0.3740   0.3545
  0.3056   0.1827  -0.1257  -0.8965  -2.6731  -3.7353  -4.2662  -4.7811  -5.2910
 -5.7990  -6.3274  -6.8347  -7.3542  -8.1584  -8.6921  -9.2438  -9.8247 -10.4523
-11.1541 -11.9737 -12.9801 -14.2826 -16.0544 -18.5701 -22.2646 -27.8277 -36.3520
-37.0000 -37.0000 -37.0000
  0.0000   0.2374   0.2374   0.2374   0.2374   0.2374   0.2374   0.2374   0.2374
  0.2374   0.2374   0.2373   0.2372   0.2370   0.2364   0.2348   0.2309   0.2212
  0.1966   0.1350  -0.0199  -0.4084  -1.3797  -3.4516  -4.2487  -4.7714  -5.2837
 -5.7931  -6.3229  -6.8316  -7.3520  -8.1555  -8.6903  -9.2426  -9.8239 -10.4517
-11.1537 -11.9734 -12.9799 -14.2825 -16.0543 -18.5700 -22.2645 -27.8275 -36.3519
-36.9999 -36.9999 -36.9999
  0.0000   0.0873   0.0873   0.0873   0.0873   0.0873   0.0873   0.0873   0.0873
  0.0873   0.0873   0.0873   0.0873   0.0871   0.0868   0.0860   0.0841   0.0792
  0.0669   0.0360  -0.0415  -0.2363  -0.7253  -1.9470  -4.1518  -4.7596  -5.2761
 -5.7866  -6.3170  -6.8272  -7.3489  -8.1514  -8.6875  -9.2408  -9.8228 -10.4511
-11.1533 -11.9732 -12.9798 -14.2824 -16.0543 -18.5700 -22.2646 -27.8276 -36.3520
-37.0000 -37.0000 -37.0000
  0.0000  -0.0627  -0.0627  -0.0627  -0.0627  -0.0627  -0.0627  -0.0627  -0.0627
 -0.0627  -0.0627  -0.0627  -0.0627  -0.0628  -0.0629  -0.0633  -0.0643  -0.0667
 -0.0729  -0.0883  -0.1272  -0.2247  -0.4696  -1.0845  -2.6181  -4.7299  -5.2684
 -5.7803  -6.3101  -6.8210  -7.3439  -8.1446  -8.6829  -9.2375  -9.8206 -10.4496
-11.1523 -11.9725 -12.9793 -14.2820 -16.0540 -18.5697 -22.2643 -27.8274 -36.3517
-36.9998 -36.9998 -36.9998
  0.0000  -0.2125  -0.2125  -0.2125  -0.2125  -0.2125  -0.2125  -0.2125  -0.2125
 -0.2125  -0.2125  -0.2125  -0.2125  -0.2126  -0.2127  -0.2128  -0.2133  -0.2146
 -0.2176  -0.2254  -0.2448  -0.2936  -0.4161  -0.7239  -1.4967  -3.4156  -5.2562
 -5.7761  -6.3044  -6.8145  -7.3374  -8.1349  -8.6758  -9.2325  -9.8169 -10.4471
-11.1506 -11.9712 -12.9783 -14.2812 -16.0533 -18.5691 -22.2638 -27.8268 -36.3512
-36.9993 -36.9993 -36.9993
  0.0000  -0.3634  -0.3634  -0.3634  -0.3634  -0.3634  -0.3634  -0.3634  -0.3634
 -0.3634  -0.3634  -0.3634  -0.3634  -0.3635  -0.3635  -0.3636  -0.3638  -0.3645
 -0.3660  -0.3699  -0.3796  -0.4040  -0.4653  -0.6192  -1.0060  -1.9769  -4.3537
 -5.7718  -6.3032  -6.8114  -7.3322  -8.1243  -8.6677  -9.2265  -9.8130 -10.4445
-11.1491 -11.9704 -12.9780 -14.2812 -16.0534 -18.5694 -22.2641 -27.8273 -36.3517
-36.9998 -36.9998 -36.9998
  0.0000   0.8617   0.8617   0.8617   0.8617   0.8617   0.8617   0.8617   0.8617
  0.8616   0.8613   0.8606   0.8588   0.8544   0.8433   0.8155   0.7456   0.5705
  0.1347  -0.9010  -2.1823  -2.7516  -3.2719  -3.7835  -4.2922  -4.7992  -5.3055
 -5.8334  -6.3519  -6.9544  -7.6799  -8.2243  -8.7937  -9.4032 -10.0763 -10.8505
-11.7848 -12.9731 -14.5640 -16.7928 -20.0327 -24.8753 -32.2578 -36.9999 -36.9999
-36.9999 -36.9999 -36.9999
  0.0000   0.7157   0.7157   0.7157   0.7157   0.7157   0.7157   0.7157   0.7157
  0.7156   0.7155   0.7152   0.7143   0.7120   0.7064   0.6923   0.6568   0.5677
  0.3445  -0.2118  -1.5160  -2.7182  -3.2602  -3.7760  -4.2861  -4.7944  -5.3019
 -5.8310  -6.3502  -6.9529  -7.6785  -8.2234  -8.7932  -9.4028 -10.0761 -10.8503
-11.7847 -12.9731 -14.5639 -16.7928 -20.0327 -24.8753 -32.2578 -36.9999 -36.9999
-36.9999 -36.9999 -36.9999
  0.0000   0.5680   0.5680   0.5680   0.5680   0.5680   0.5680   0.5680   0.5680
  0.5680   0.5679   0.5677   0.5673   0.5661   0.5633   0.5562   0.5383   0.4933
  0.3805   0.0974  -0.6083  -2.2123  -3.2391  -3.7672  -4.2795  -4.7886  -5.2971
 -5.8272  -6.3475  -6.9507  -7.6762  -8.2219  -8.7922  -9.4022 -10.0757 -10.8501
-11.7846 -12.9730 -14.5639 -16.7927 -20.0327 -24.8753 -32.2577 -36.9999 -36.9999
-36.9999 -36.9999 -36.9999
  0.0000   0.4193   0.4193   0.4193   0.4193   0.4193   0.4193   0.4193   0.4193
  0.4193   0.4193   0.4192   0.4190   0.4184   0.4170   0.4134   0.4044   0.3818
  0.3250   0.1825  -0.1750  -1.0667  -2.9530  -3.7541  -4.2731  -4.7825  -5.2912
 -5.8218  -6.3433  -6.9471  -7.6723  -8.2194  -8.7905  -9.4010 -10.0749 -10.8495
-11.7841 -12.9726 -14.5636 -16.7925 -20.0325 -24.8750 -32.2575 -36.9997 -36.9997
-36.9997 -36.9997 -36.9997
  0.0000   0.2696   0.2696   0.2696   0.2696   0.2696   0.2696   0.2696   0.2696
  0.2696   0.2696   0.2695   0.2694   0.2691   0.2684   0.2666   0.2621   0.2508
  0.2223   0.1508  -0.0288  -0.4794  -1.6028  -3.6471  -4.2667  -4.7788  -5.2863
 -5.8159  -6.3382  -6.9423  -7.6670  -8.2156  -8.7881  -9.3996 -10.0740 -10.8490
-11.7839 -12.9725 -14.5636 -16.7925 -20.0326 -24.8752 -32.2577 -36.9999 -36.9999
-36.9999 -36.9999 -36.9999
  0.0000   0.1197   0.1197   0.1197   0.1197   0.1197   0.1197   0.1197   0.1197
  0.1197   0.1196   0.1196   0.1196   0.1194   0.1191   0.1182   0.1159   0.1102
  0.0960   0.0601  -0.0298  -0.2558  -0.8230  -2.2345  -4.2365  -4.7768  -5.2842
 -5.8110  -6.3323  -6.9357  -7.6590  -8.2101  -8.7842  -9.3970 -10.0724 -10.8480
-11.7832 -12.9721 -14.5633 -16.7924 -20.0325 -24.8751 -32.2577 -36.9999 -36.9999
-36.9999 -36.9999 -36.9999
  0.0000  -0.0305  -0.0305  -0.0305  -0.0305  -0.0305  -0.0305  -0.0305  -0.0305
 -0.0305  -0.0305  -0.0305  -0.0306  -0.0306  -0.0308  -0.0313  -0.0324  -0.0352
 -0.0424  -0.0603  -0.1053  -0.2185  -0.5026  -1.2158  -2.9826  -4.7672  -5.2854
 -5.8099  -6.3281  -6.9287  -7.6492  -8.2025  -8.7788  -9.3932 -10.0698 -10.8463
-11.7822 -12.9715 -14.5629 -16.7921 -20.0323 -24.8750 -32.2576 -36.9999 -36.9999
-36.9999 -36.9999 -36.9999
  0.0000   1.1734   1.1734   1.1734   1.1734   1.1734   1.1733   1.1733   1.1731
  1.1726   1.1714   1.1683   1.1607   1.1416   1.0936   0.9738   0.6773  -0.0203
 -1.1094  -1.7420  -2.2667  -2.7781  -3.2867  -3.7944  -4.3014  -4.8298  -5.3481
 -5.9489  -6.6680  -7.2067  -7.7667  -8.3608  -9.0094  -9.7447 -10.6173 -11.7077
-13.1433 -15.1261 -17.9762 -22.2007 -28.6038 -36.9999 -36.9999 -36.9999 -36.9999
-36.9999 -36.9999 -36.9999
  0.0000   1.0356   1.0356   1.0356   1.0356   1.0356   1.0355   1.0355   1.0354
  1.0352   1.0345   1.0329   1.0290   1.0190   0.9940   0.9313   0.7745   0.3858
 -0.5226  -1.6801  -2.2549  -2.7721  -3.2814  -3.7895  -4.2974  -4.8266  -5.3458
 -5.9469  -6.6662  -7.2055  -7.7659  -8.3603  -9.0091  -9.7445 -10.6172 -11.7076
-13.1432 -15.1261 -17.9761 -22.2007 -28.6038 -36.9999 -36.9999 -36.9999 -36.9999
-36.9999 -36.9999 -36.9999
  0.0000   0.8930   0.8930   0.8930   0.8930   0.8930   0.8930   0.8930   0.8929
  0.8928   0.8925   0.8917   0.8896   0.8845   0.8717   0.8395   0.7587   0.5564
  0.0543  -1.1029  -2.2225  -2.7646  -3.2767  -3.7845  -4.2925  -4.8224  -5.3427
 -5.9442  -6.6631  -7.2037  -7.7647  -8.3596  -9.0087  -9.7443 -10.6170 -11.7076
-13.1433 -15.1261 -17.9762 -22.2008 -28.6039 -37.0000 -37.0000 -37.0000 -37.0000
-37.0000 -37.0000 -37.0000
  0.0000   0.7475   0.7475   0.7475   0.7475   0.7475   0.7475   0.7475   0.7475
  0.7474   0.7473   0.7469   0.7458   0.7432   0.7367   0.7204   0.6793   0.5761
  0.3177  -0.3243  -1.7590  -2.7471  -3.2724  -3.7806  -4.2875  -4.8169  -5.3380
 -5.9400  -6.6586  -7.2004  -7.7626  -8.3582  -9.0078  -9.7436 -10.6166 -11.7072
-13.1430 -15.1259 -17.9761 -22.2007 -28.6037 -36.9999 -36.9999 -36.9999 -36.9999
-36.9999 -36.9999 -36.9999
  0.0000   0.6002   0.6002   0.6002   0.6002   0.6002   0.6002   0.6002   0.6002
  0.6002   0.6001   0.5999   0.5994   0.5980   0.5948   0.5865   0.5657   0.5136
  0.3828   0.0549  -0.7602  -2.4641  -3.2644  -3.7792  -4.2844  -4.8116  -5.3323
 -5.9339  -6.6516  -7.1955  -7.7591  -8.3559  -9.0062  -9.7425 -10.6159 -11.7067
-13.1426 -15.1256 -17.9758 -22.2004 -28.6035 -36.9997 -36.9997 -36.9997 -36.9997
-36.9997 -36.9997 -36.9997
  0.0000   0.4513   0.4513   0.4513   0.4513   0.4513   0.4513   0.4513   0.4513
  0.4512   0.4512   0.4511   0.4508   0.4502   0.4485   0.4444   0.4339   0.4077
  0.3419   0.1766  -0.2378  -1.2677  -3.1464  -3.7781  -4.2859  -4.8094  -5.3276
 -5.9272  -6.6428  -7.1890  -7.7545  -8.3527  -9.0043  -9.7414 -10.6152 -11.7063
-13.1424 -15.1256 -17.9758 -22.2005 -28.6036 -36.9999 -36.9999 -36.9999 -36.9999
-36.9999 -36.9999 -36.9999
  0.0000   0.3018   0.3018   0.3018   0.3018   0.3018   0.3018   0.3018   0.3018
  0.3018   0.3018   0.3017   0.3016   0.3013   0.3004   0.2983   0.2931   0.2800
  0.2469   0.1640  -0.0443  -0.5667  -1.8629  -3.7427  -4.2886  -4.8119  -5.3262
 -5.9215  -6.6327  -7.1802  -7.7478  -8.3481  -9.0010  -9.7393 -10.6138 -11.7055
-13.1419 -15.1252 -17.9756 -22.2004 -28.6036 -36.9999 -36.9999 -36.9999 -36.9999
-36.9999 -36.9999 -36.9999
  0.0000   1.4496   1.4496   1.4496   1.4496   1.4495   1.4494   1.4491   1.4484
  1.4465   1.4418   1.4301   1.4008   1.3277   1.1483   0.7297  -0.0356  -0.7231
 -1.2593  -1.7723  -2.2803  -2.7881  -3.2959  -3.8248  -4.3328  -4.8529  -5.6568
 -6.1909  -6.7429  -7.3241  -7.9518  -8.6537  -9.4734 -10.4799 -11.7824 -13.5542
-16.0699 -19.7645 -25.3275 -33.8519 -36.9998 -36.9998 -36.9998 -36.9998 -36.9998
-36.9998 -36.9998 -36.9998
  0.0000   1.3312   1.3312   1.3312   1.3312   1.3311   1.3311   1.3309   1.3305
  1.3295   1.3269   1.3204   1.3041   1.2633   1.1615   0.9113   0.3315  -0.6027
 -1.2441  -1.7689  -2.2775  -2.7843  -3.2919  -3.8213  -4.3303  -4.8511  -5.6542
 -6.1894  -6.7420  -7.3235  -7.9515  -8.6536  -9.4734 -10.4799 -11.7824 -13.5543
-16.0700 -19.7645 -25.3276 -33.8520 -36.9999 -36.9999 -36.9999 -36.9999 -36.9999
-36.9999 -36.9999 -36.9999
  0.0000   1.2025   1.2025   1.2025   1.2025   1.2025   1.2025   1.2024   1.2022
  1.2016   1.2002   1.1967   1.1880   1.1661   1.1111   0.9738   0.6357  -0.1407
 -1.1761  -1.7609  -2.2754  -2.7814  -3.2877  -3.8168  -4.3265  -4.8483  -5.6506
 -6.1869  -6.7404  -7.3224  -7.9508  -8.6531  -9.4731 -10.4797 -11.7823 -13.5542
-16.0699 -19.7645 -25.3276 -33.8520 -36.9999 -36.9999 -36.9999 -36.9999 -36.9999
-36.9999 -36.9999 -36.9999
  0.0000   1.0662   1.0662   1.0662   1.0662   1.0662   1.0661   1.0661   1.0660
  1.0657   1.0650   1.0631   1.0586   1.0471   1.0182   0.9460   0.7653   0.3194
 -0.6885  -1.7278  -2.2727  -2.7807  -3.2850  -3.8121  -4.3218  -4.8443  -5.6450
 -6.1830  -6.7377  -7.3207  -7.9497  -8.6524  -9.4726 -10.4794 -11.7821 -13.5541
-16.0698 -19.7645 -25.3276 -33.8519 -36.9999 -36.9999 -36.9999 -36.9999 -36.9999
-36.9999 -36.9999 -36.9999
  0.0000   0.9245   0.9245   0.9245   0.9245   0.9245   0.9245   0.9244   0.9244
  0.9242   0.9239   0.9229   0.9206   0.9147   0.8998   0.8626   0.7691   0.5354
 -0.0424  -1.3093  -2.2583  -2.7822  -3.2856  -3.8093  -4.3170  -4.8392  -5.6370
 -6.1771  -6.7335  -7.3179  -7.9479  -8.6513  -9.4719 -10.4789 -11.7818 -13.5539
-16.0697 -19.7644 -25.3275 -33.8519 -36.9999 -36.9999 -36.9999 -36.9999 -36.9999
-36.9999 -36.9999 -36.9999
  0.0000   0.7795   0.7795   0.7795   0.7795   0.7795   0.7795   0.7795   0.7795
  0.7794   0.7792   0.7787   0.7775   0.7745   0.7670   0.7480   0.7004   0.5810
  0.2820  -0.4579  -1.9810  -2.7778  -3.2900  -3.8105  -4.3143  -4.8340  -5.6268
 -6.1689  -6.7274  -7.3136  -7.9447  -8.6492  -9.4705 -10.4780 -11.7812 -13.5534
-16.0693 -19.7641 -25.3272 -33.8517 -36.9997 -36.9997 -36.9997 -36.9997 -36.9997
-36.9997 -36.9997 -36.9997
  0.0000   0.6320   0.6320   0.6320   0.6320   0.6320   0.6320   0.6320   0.6320
  0.6319   0.6318   0.6316   0.6310   0.6295   0.6257   0.6161   0.5920   0.5316
  0.3800   0.0003  -0.9392  -2.6468  -3.2919  -3.8166  -4.3169  -4.8319  -5.6181
 -6.1600  -6.7199  -7.3081  -7.9412  -8.6466  -9.4690 -10.4771 -11.7807 -13.5532
-16.0693 -19.7641 -25.3273 -33.8518 -36.9999 -36.9999 -36.9999 -36.9999 -36.9999
-36.9999 -36.9999 -36.9999
  0.0000   1.6540   1.6540   1.6540   1.6539   1.6538   1.6535   1.6526   1.6504
  1.6448   1.6310   1.5965   1.5117   1.3116   0.8972   0.3070  -0.2479  -0.7643
 -1.2711  -1.7793  -2.2877  -2.7965  -3.3267  -3.8471  -4.4505  -5.1761  -5.7217
 -6.2920  -6.9020  -7.5754  -8.3498  -9.2843 -10.4727 -12.0635 -14.2924 -17.5324
-22.3749 -29.7574 -36.9996 -36.9996 -36.9996 -36.9996 -36.9996 -36.9996 -36.9996
-36.9996 -36.9996 -36.9996
  0.0000   1.5713   1.5713   1.5713   1.5712   1.5711   1.5709   1.5704   1.5690
  1.5655   1.5567   1.5348   1.4803   1.3469   1.0367   0.4432  -0.2164  -0.7588
 -1.2707  -1.7778  -2.2847  -2.7930  -3.3235  -3.8446  -4.4482  -5.1736  -5.7201
 -6.2908  -6.9011  -7.5748  -8.3493  -9.2838 -10.4723 -12.0632 -14.2921 -17.5321
-22.3746 -29.7570 -36.9993 -36.9993 -36.9993 -36.9993 -36.9993 -36.9993 -36.9993
-36.9993 -36.9993 -36.9993
  0.0000   1.4719   1.4719   1.4719   1.4719   1.4719   1.4717   1.4714   1.4706
  1.4685   1.4633   1.4502   1.4175   1.3362   1.1372   0.6809  -0.0964  -0.7445
 -1.2719  -1.7789  -2.2833  -2.7900  -3.3201  -3.8419  -4.4458  -5.1709  -5.7183
 -6.2899  -6.9007  -7.5747  -8.3494  -9.2841 -10.4726 -12.0636 -14.2925 -17.5325
-22.3751 -29.7575 -36.9998 -36.9998 -36.9998 -36.9998 -36.9998 -36.9998 -36.9998
-36.9998 -36.9998 -36.9998
  0.0000   1.3585   1.3585   1.3585   1.3585   1.3584   1.3584   1.3582   1.3577
  1.3565   1.3536   1.3462   1.3277   1.2813   1.1659   0.8835   0.2446  -0.6681
 -1.2673  -1.7815  -2.2837  -2.7873  -3.3155  -3.8371  -4.4410  -5.1657  -5.7146
 -6.2871  -6.8988  -7.5733  -8.3484  -9.2833 -10.4720 -12.0630 -14.2920 -17.5321
-22.3746 -29.7571 -36.9994 -36.9994 -36.9994 -36.9994 -36.9994 -36.9994 -36.9994
-36.9994 -36.9994 -36.9994
  0.0000   1.2321   1.2321   1.2320   1.2320   1.2320   1.2320   1.2319   1.2316
  1.2310   1.2294   1.2254   1.2154   1.1902   1.1271   0.9699   0.5846  -0.2708
 -1.2305  -1.7842  -2.2888  -2.7885  -3.3129  -3.8327  -4.4357  -5.1588  -5.7097
 -6.2839  -6.8967  -7.5721  -8.3477  -9.2830 -10.4719 -12.0631 -14.2921 -17.5323
-22.3749 -29.7574 -36.9997 -36.9997 -36.9997 -36.9997 -36.9997 -36.9997 -36.9997
-36.9997 -36.9997 -36.9997
  0.0000   1.0978   1.0978   1.0978   1.0978   1.0978   1.0978   1.0977   1.0976
  1.0972   1.0964   1.0943   1.0890   1.0758   1.0425   0.9592   0.7512   0.2405
 -0.8575  -1.7685  -2.2944  -2.7938  -3.3131  -3.8288  -4.4289  -5.1490  -5.7018
 -6.2779  -6.8924  -7.5689  -8.3454  -9.2812 -10.4705 -12.0619 -14.2911 -17.5313
-22.3740 -29.7565 -36.9989 -36.9989 -36.9989 -36.9989 -36.9989 -36.9989 -36.9989
-36.9989 -36.9989 -36.9989
  0.0000   0.9559   0.9559   0.9559   0.9559   0.9559   0.9559   0.9558   0.9558
  0.9556   0.9552   0.9541   0.9514   0.9446   0.9274   0.8843   0.7763   0.5065
 -0.1566  -1.4986  -2.2907  -2.8031  -3.3204  -3.8310  -4.4260  -5.1411  -5.6941
 -6.2719  -6.8882  -7.5664  -8.3439  -9.2806 -10.4703 -12.0621 -14.2915 -17.5319
-22.3746 -29.7572 -36.9997 -36.9997 -36.9997 -36.9997 -36.9997 -36.9997 -36.9997
-36.9997 -36.9997 -36.9997
  0.0000   1.7595   1.7595   1.7594   1.7593   1.7591   1.7585   1.7570   1.7531
  1.7434   1.7185   1.6552   1.5022   1.1954   0.7444   0.2430  -0.2624  -0.7694
 -1.2755  -1.7854  -2.3172  -2.8391  -3.4416  -4.1609  -4.7019  -5.2635  -5.8586
 -6.5079  -7.2436  -8.1164  -9.2070 -10.6427 -12.6256 -15.4757 -19.7003 -26.1034
-35.9592 -36.9995 -36.9995 -36.9995 -36.9995 -36.9995 -36.9995 -36.9995 -36.9995
-36.9995 -36.9995 -36.9995
  0.0000   1.7156   1.7156   1.7156   1.7155   1.7153   1.7148   1.7136   1.7105
  1.7027   1.6832   1.6344   1.5157   1.2516   0.7956   0.2605  -0.2593  -0.7681
 -1.2744  -1.7839  -2.3150  -2.8370  -3.4396  -4.1588  -4.7004  -5.2626  -5.8581
 -6.5076  -7.2434  -8.1164  -9.2070 -10.6428 -12.6257 -15.4758 -19.7004 -26.1035
-35.9593 -36.9996 -36.9996 -36.9996 -36.9996 -36.9996 -36.9996 -36.9996 -36.9996
-36.9996 -36.9996 -36.9996
  0.0000   1.6604   1.6604   1.6604   1.6603   1.6602   1.6598   1.6589   1.6566
  1.6510   1.6367   1.6012   1.5138   1.3078   0.8854   0.2957  -0.2565  -0.7701
 -1.2764  -1.7828  -2.3121  -2.8338  -3.4362  -4.1549  -4.6978  -5.2606  -5.8569
 -6.5068  -7.2429  -8.1160  -9.2068 -10.6426 -12.6256 -15.4757 -19.7004 -26.1035
-35.9592 -36.9996 -36.9996 -36.9996 -36.9996 -36.9996 -36.9996 -36.9996 -36.9996
-36.9996 -36.9996 -36.9996
  0.0000   1.5878   1.5878   1.5878   1.5878   1.5877   1.5874   1.5868   1.5853
  1.5815   1.5720   1.5483   1.4892   1.3450   1.0132   0.4019  -0.2411  -0.7741
 -1.2817  -1.7841  -2.3098  -2.8299  -3.4315  -4.1489  -4.6935  -5.2576  -5.8548
 -6.5054  -7.2420  -8.1154  -9.2064 -10.6423 -12.6254 -15.4756 -19.7002 -26.1034
-35.9591 -36.9995 -36.9995 -36.9995 -36.9995 -36.9995 -36.9995 -36.9995 -36.9995
-36.9995 -36.9995 -36.9995
  0.0000   1.4957   1.4957   1.4957   1.4956   1.4956   1.4954   1.4951   1.4941
  1.4918   1.4860   1.4714   1.4348   1.3440   1.1230   0.6256  -0.1569  -0.7722
 -1.2902  -1.7899  -2.3106  -2.8270  -3.4261  -4.1410  -4.6872  -5.2532  -5.8516
 -6.5034  -7.2406  -8.1146  -9.2058 -10.6420 -12.6251 -15.4754 -19.7002 -26.1033
-35.9591 -36.9995 -36.9995 -36.9995 -36.9995 -36.9995 -36.9995 -36.9995 -36.9995
-36.9995 -36.9995 -36.9995
  0.0000   1.3855   1.3855   1.3855   1.3854   1.3854   1.3853   1.3851   1.3846
  1.3833   1.3799   1.3715   1.3505   1.2978   1.1668   0.8484   0.1496  -0.7267
 -1.2953  -1.8002  -2.3167  -2.8276  -3.4219  -4.1324  -4.6793  -5.2469  -5.8474
 -6.5004  -7.2387  -8.1134  -9.2051 -10.6416 -12.6249 -15.4753 -19.7001 -26.1033
-35.9591 -36.9996 -36.9996 -36.9996 -36.9996 -36.9996 -36.9996 -36.9996 -36.9996
-36.9996 -36.9996 -36.9996
  0.0000   1.2616   1.2616   1.2616   1.2616   1.2616   1.2615   1.2614   1.2611
  1.2604   1.2586   1.2540   1.2425   1.2136   1.1414   0.9615   0.5239  -0.4024
 -1.2735  -1.8083  -2.3269  -2.8334  -3.4218  -4.1258  -4.6706  -5.2389  -5.8410
 -6.4960  -7.2355  -8.1112  -9.2036 -10.6405 -12.6241 -15.4747 -19.6996 -26.1029
-35.9587 -36.9993 -36.9993 -36.9993 -36.9993 -36.9993 -36.9993 -36.9993 -36.9993
-36.9993 -36.9993 -36.9993
  0.0000   1.7876   1.7876   1.7876   1.7876   1.7877   1.7877   1.7878   1.7871
  1.7818   1.7550   1.6663   1.4733   1.1498   0.7179   0.2358  -0.2644  -0.7723
 -1.3019  -1.8141  -2.3395  -3.1416  -3.6804  -4.2356  -4.8190  -5.4482  -6.1510
 -6.9712  -7.9780  -9.2808 -11.0528 -13.5685 -17.2631 -22.8262 -31.3505 -36.9986
-36.9986 -36.9986 -36.9986 -36.9986 -36.9986 -36.9986 -36.9986 -36.9986 -36.9986
-36.9986 -36.9986 -36.9986
  0.0000   1.7623   1.7623   1.7622   1.7622   1.7621   1.7618   1.7610   1.7589
  1.7524   1.7306   1.6617   1.4926   1.1822   0.7424   0.2483  -0.2584  -0.7683
 -1.2987  -1.8132  -2.3385  -3.1401  -3.6794  -4.2349  -4.8185  -5.4479  -6.1508
 -6.9711  -7.9780  -9.2807 -11.0527 -13.5685 -17.2631 -22.8262 -31.3505 -36.9986
-36.9986 -36.9986 -36.9986 -36.9986 -36.9986 -36.9986 -36.9986 -36.9986 -36.9986
-36.9986 -36.9986 -36.9986
  0.0000   1.7417   1.7417   1.7416   1.7416   1.7414   1.7409   1.7397   1.7368
  1.7290   1.7083   1.6518   1.5082   1.2132   0.7622   0.2517  -0.2600  -0.7680
 -1.2981  -1.8113  -2.3362  -3.1362  -3.6765  -4.2329  -4.8171  -5.4470  -6.1503
 -6.9708  -7.9778  -9.2807 -11.0527 -13.5685 -17.2632 -22.8262 -31.3506 -36.9987
-36.9987 -36.9987 -36.9987 -36.9987 -36.9987 -36.9987 -36.9987 -36.9987 -36.9987
-36.9987 -36.9987 -36.9987
  0.0000   1.7144   1.7144   1.7144   1.7143   1.7141   1.7136   1.7125   1.7095
  1.7021   1.6834   1.6360   1.5184   1.2538   0.7947   0.2542  -0.2671  -0.7727
 -1.3001  -1.8097  -2.3330  -3.1301  -3.6716  -4.2293  -4.8146  -5.4453  -6.1492
 -6.9701  -7.9774  -9.2804 -11.0526 -13.5684 -17.2631 -22.8262 -31.3506 -36.9987
-36.9987 -36.9987 -36.9987 -36.9987 -36.9987 -36.9987 -36.9987 -36.9987 -36.9987
-36.9987 -36.9987 -36.9987
  0.0000   1.6713   1.6712   1.6712   1.6712   1.6710   1.6706   1.6697   1.6673
  1.6614   1.6466   1.6096   1.5183   1.3027   0.8660   0.2731  -0.2753  -0.7827
 -1.3065  -1.8104  -2.3301  -3.1226  -3.6645  -4.2238  -4.8108  -5.4426  -6.1474
 -6.9690  -7.9766  -9.2799 -11.0523 -13.5682 -17.2630 -22.8261 -31.3505 -36.9987
-36.9987 -36.9987 -36.9987 -36.9987 -36.9987 -36.9987 -36.9987 -36.9987 -36.9987
-36.9987 -36.9987 -36.9987
  0.0000   1.6066   1.6066   1.6066   1.6065   1.6064   1.6062   1.6055   1.6039
  1.5998   1.5894   1.5635   1.4992   1.3426   0.9861   0.3565  -0.2716  -0.7950
 -1.3179  -1.8160  -2.3301  -3.1159  -3.6564  -4.2165  -4.8053  -5.4388  -6.1447
 -6.9672  -7.9755  -9.2792 -11.0518 -13.5679 -17.2628 -22.8260 -31.3505 -36.9987
-36.9987 -36.9987 -36.9987 -36.9987 -36.9987 -36.9987 -36.9987 -36.9987 -36.9987
-36.9987 -36.9987 -36.9987
  0.0000   1.5190   1.5190   1.5190   1.5190   1.5189   1.5188   1.5184   1.5173
  1.5147   1.5082   1.4919   1.4511   1.3499   1.1050   0.5667  -0.2103  -0.7990
 -1.3307  -1.8269  -2.3349  -3.1147  -3.6502  -4.2088  -4.7984  -5.4338  -6.1413
 -6.9648  -7.9741  -9.2783 -11.0513 -13.5676 -17.2626 -22.8260 -31.3505 -36.9988
-36.9988 -36.9988 -36.9988 -36.9988 -36.9988 -36.9988 -36.9988 -36.9988 -36.9988
-36.9988 -36.9988 -36.9988
  0.0000   1.7995   1.7996   1.7997   1.8001   1.8010   1.8031   1.8076   1.8141
  1.8132   1.7751   1.6652   1.4567   1.1269   0.7005   0.2244  -0.2785  -0.8013
 -1.3228  -1.9260  -2.6520  -3.2047  -3.7801  -4.3935  -5.0695  -5.8454  -6.7808
 -7.9698  -9.5611 -11.7902 -15.0303 -19.8730 -27.2555 -36.9978 -36.9978 -36.9978
-36.9978 -36.9978 -36.9978 -36.9978 -36.9978 -36.9978 -36.9978 -36.9978 -36.9978
-36.9978 -36.9978 -36.9978
  0.0000   1.7606   1.7606   1.7607   1.7610   1.7616   1.7631   1.7664   1.7721
  1.7751   1.7518   1.6628   1.4796   1.1669   0.7375   0.2496  -0.2641  -0.7946
 -1.3196  -1.9273  -2.6544  -3.2066  -3.7814  -4.3943  -5.0700  -5.8457  -6.7810
 -7.9699  -9.5611 -11.7902 -15.0303 -19.8729 -27.2555 -36.9977 -36.9977 -36.9977
-36.9977 -36.9977 -36.9977 -36.9977 -36.9977 -36.9977 -36.9977 -36.9977 -36.9977
-36.9977 -36.9977 -36.9977
  0.0000   1.7442   1.7442   1.7442   1.7444   1.7447   1.7456   1.7474   1.7508
  1.7531   1.7371   1.6618   1.4916   1.1877   0.7528   0.2571  -0.2600  -0.7909
 -1.3172  -1.9258  -2.6521  -3.2049  -3.7802  -4.3934  -5.0694  -5.8452  -6.7807
 -7.9696  -9.5609 -11.7900 -15.0302 -19.8728 -27.2553 -36.9976 -36.9976 -36.9976
-36.9976 -36.9976 -36.9976 -36.9976 -36.9976 -36.9976 -36.9976 -36.9976 -36.9976
-36.9976 -36.9976 -36.9976
  0.0000   1.7393   1.7393   1.7393   1.7394   1.7394   1.7395   1.7398   1.7400
  1.7380   1.7232   1.6611   1.5016   1.2021   0.7578   0.2535  -0.2636  -0.7907
 -1.3162  -1.9229  -2.6474  -3.2010  -3.7774  -4.3916  -5.0681  -5.8444  -6.7802
 -7.9694  -9.5608 -11.7900 -15.0302 -19.8729 -27.2554 -36.9977 -36.9977 -36.9977
-36.9977 -36.9977 -36.9977 -36.9977 -36.9977 -36.9977 -36.9977 -36.9977 -36.9977
-36.9977 -36.9977 -36.9977
  0.0000   1.7351   1.7351   1.7351   1.7350   1.7349   1.7346   1.7337   1.7316
  1.7257   1.7082   1.6553   1.5133   1.2200   0.7625   0.2438  -0.2741  -0.7956
 -1.3174  -1.9199  -2.6408  -3.1948  -3.7726  -4.3884  -5.0657  -5.8429  -6.7792
 -7.9688  -9.5604 -11.7897 -15.0300 -19.8728 -27.2553 -36.9977 -36.9977 -36.9977
-36.9977 -36.9977 -36.9977 -36.9977 -36.9977 -36.9977 -36.9977 -36.9977 -36.9977
-36.9977 -36.9977 -36.9977
  0.0000   1.7196   1.7195   1.7195   1.7194   1.7193   1.7188   1.7177   1.7149
  1.7078   1.6896   1.6427   1.5230   1.2518   0.7836   0.2369  -0.2884  -0.8062
 -1.3224  -1.9190  -2.6344  -3.1872  -3.7658  -4.3832  -5.0622  -5.8402  -6.7775
 -7.9675  -9.5595 -11.7890 -15.0295 -19.8723 -27.2549 -36.9974 -36.9974 -36.9974
-36.9974 -36.9974 -36.9974 -36.9974 -36.9974 -36.9974 -36.9974 -36.9974 -36.9974
-36.9974 -36.9974 -36.9974
  0.0000   1.6832   1.6832   1.6831   1.6831   1.6829   1.6825   1.6816   1.6791
  1.6730   1.6575   1.6189   1.5233   1.2970   0.8449   0.2489  -0.3003  -0.8210
 -1.3331  -1.9238  -2.6328  -3.1813  -3.7592  -4.3776  -5.0583  -5.8378  -6.7757
 -7.9667  -9.5591 -11.7890 -15.0296 -19.8726 -27.2553 -36.9979 -36.9979 -36.9979
-36.9979 -36.9979 -36.9979 -36.9979 -36.9979 -36.9979 -36.9979 -36.9979 -36.9979
-36.9979 -36.9979 -36.9979
  0.0000   1.8469   1.8470   1.8473   1.8482   1.8501   1.8546   1.8630   1.8725
  1.8645   1.8052   1.6678   1.4286   1.0796   0.6504   0.1612  -0.3325  -0.9200
 -1.6178  -2.1598  -2.7278  -3.3310  -3.9874  -4.7285  -5.6052  -6.6983  -8.1357
-10.1196 -12.9704 -17.1955 -23.5988 -33.4546 -36.9954 -36.9954 -36.9954 -36.9954
-36.9954 -36.9954 -36.9954 -36.9954 -36.9954 -36.9954 -36.9954 -36.9954 -36.9954
-36.9954 -36.9954 -36.9954
  0.0000   1.7724   1.7725   1.7727   1.7732   1.7745   1.7774   1.7835   1.7930
  1.7961   1.7642   1.6662   1.4749   1.1575   0.7288   0.2246  -0.2946  -0.9006
 -1.6168  -2.1687  -2.7393  -3.3411  -3.9948  -4.7334  -5.6084  -6.7002  -8.1368
-10.1201 -12.9706 -17.1954 -23.5985 -33.4543 -36.9949 -36.9949 -36.9949 -36.9949
-36.9949 -36.9949 -36.9949 -36.9949 -36.9949 -36.9949 -36.9949 -36.9949 -36.9949
-36.9949 -36.9949 -36.9949
  0.0000   1.7379   1.7380   1.7382   1.7387   1.7398   1.7426   1.7487   1.7593
  1.7677   1.7466   1.6622   1.4909   1.1887   0.7580   0.2442  -0.2865  -0.8964
 -1.6175  -2.1702  -2.7406  -3.3420  -3.9954  -4.7340  -5.6086  -6.7003  -8.1368
-10.1201 -12.9705 -17.1953 -23.5985 -33.4542 -36.9948 -36.9948 -36.9948 -36.9948
-36.9948 -36.9948 -36.9948 -36.9948 -36.9948 -36.9948 -36.9948 -36.9948 -36.9948
-36.9948 -36.9948 -36.9948
  0.0000   1.7226   1.7227   1.7228   1.7233   1.7243   1.7269   1.7327   1.7436
  1.7550   1.7409   1.6619   1.4981   1.2016   0.7669   0.2481  -0.2841  -0.8935
 -1.6147  -2.1671  -2.7379  -3.3400  -3.9940  -4.7329  -5.6079  -6.6998  -8.1364
-10.1198 -12.9702 -17.1950 -23.5982 -33.4540 -36.9946 -36.9946 -36.9946 -36.9946
-36.9946 -36.9946 -36.9946 -36.9946 -36.9946 -36.9946 -36.9946 -36.9946 -36.9946
-36.9946 -36.9946 -36.9946
  0.0000   1.7220   1.7221   1.7222   1.7225   1.7232   1.7250   1.7290   1.7369
  1.7466   1.7374   1.6650   1.5032   1.2065   0.7640   0.2407  -0.2891  -0.8936
 -1.6112  -2.1618  -2.7329  -3.3361  -3.9914  -4.7310  -5.6067  -6.6991  -8.1360
-10.1196 -12.9701 -17.1950 -23.5982 -33.4540 -36.9947 -36.9947 -36.9947 -36.9947
-36.9947 -36.9947 -36.9947 -36.9947 -36.9947 -36.9947 -36.9947 -36.9947 -36.9947
-36.9947 -36.9947 -36.9947
  0.0000   1.7303   1.7303   1.7303   1.7304   1.7307   1.7313   1.7327   1.7354
  1.7382   1.7288   1.6681   1.5099   1.2120   0.7578   0.2269  -0.3009  -0.8985
 -1.6106  -2.1565  -2.7265  -3.3307  -3.9873  -4.7283  -5.6047  -6.6979  -8.1352
-10.1191 -12.9699 -17.1949 -23.5982 -33.4541 -36.9948 -36.9948 -36.9948 -36.9948
-36.9948 -36.9948 -36.9948 -36.9948 -36.9948 -36.9948 -36.9948 -36.9948 -36.9948
-36.9948 -36.9948 -36.9948
  0.0000   1.7346   1.7346   1.7346   1.7346   1.7345   1.7344   1.7340   1.7328
  1.7289   1.7147   1.6637   1.5203   1.2254   0.7584   0.2134  -0.3163  -0.9090
 -1.6162  -2.1543  -2.7206  -3.3243  -3.9821  -4.7246  -5.6022  -6.6961  -8.1341
-10.1184 -12.9694 -17.1946 -23.5980 -33.4539 -36.9948 -36.9948 -36.9948 -36.9948
-36.9948 -36.9948 -36.9948 -36.9948 -36.9948 -36.9948 -36.9948 -36.9948 -36.9948
-36.9948 -36.9948 -36.9948
 -1.0000   1.8206   1.8207   1.8209   1.8216   1.8233   1.8272   1.8348   1.8447
  1.8424   1.7968   1.6798   1.4632   1.1130   0.6730   0.1643  -0.5897  -1.1257
 -1.6845  -2.2758  -2.9140  -3.6246  -4.4507  -5.4615  -6.7670  -8.5409 -11.0578
-14.7531 -20.3167 -28.8413 -36.9898 -36.9898 -36.9898 -36.9898 -36.9898 -36.9898
-36.9898 -36.9898 -36.9898 -36.9898 -36.9898 -36.9898 -36.9898 -36.9898 -36.9898
-36.9898 -36.9898 -36.9898
  0.0000   1.8212   1.8213   1.8215   1.8222   1.8238   1.8275   1.8348   1.8443
  1.8419   1.7967   1.6799   1.4634   1.1132   0.6731   0.1644  -0.5896  -1.1257
 -1.6845  -2.2758  -2.9140  -3.6246  -4.4507  -5.4615  -6.7670  -8.5409 -11.0578
-14.7531 -20.3167 -28.8413 -36.9898 -36.9898 -36.9898 -36.9898 -36.9898 -36.9898
-36.9898 -36.9898 -36.9898 -36.9898 -36.9898 -36.9898 -36.9898 -36.9898 -36.9898
-36.9898 -36.9898 -36.9898
  0.0000   1.7613   1.7613   1.7615   1.7620   1.7631   1.7658   1.7716   1.7810
  1.7860   1.7606   1.6738   1.4971   1.1789   0.7389   0.2123  -0.5627  -1.1197
 -1.6895  -2.2843  -2.9220  -3.6307  -4.4546  -5.4641  -6.7685  -8.5415 -11.0579
-14.7529 -20.3162 -28.8408 -36.9890 -36.9890 -36.9890 -36.9890 -36.9890 -36.9890
-36.9890 -36.9890 -36.9890 -36.9890 -36.9890 -36.9890 -36.9890 -36.9890 -36.9890
-36.9890 -36.9890 -36.9890
  0.0000   1.7317   1.7318   1.7320   1.7326   1.7339   1.7371   1.7440   1.7562
  1.7667   1.7486   1.6700   1.5077   1.2025   0.7616   0.2273  -0.5586  -1.1184
 -1.6893  -2.2844  -2.9220  -3.6306  -4.4545  -5.4639  -6.7683  -8.5412 -11.0576
-14.7526 -20.3159 -28.8405 -36.9887 -36.9887 -36.9887 -36.9887 -36.9887 -36.9887
-36.9887 -36.9887 -36.9887 -36.9887 -36.9887 -36.9887 -36.9887 -36.9887 -36.9887
-36.9887 -36.9887 -36.9887
  0.0000   1.7155   1.7156   1.7159   1.7165   1.7181   1.7220   1.7306   1.7461
  1.7621   1.7483   1.6701   1.5118   1.2091   0.7656   0.2289  -0.5599  -1.1162
 -1.6856  -2.2809  -2.9193  -3.6287  -4.4532  -5.4630  -6.7677  -8.5408 -11.0574
-14.7525 -20.3158 -28.8404 -36.9887 -36.9887 -36.9887 -36.9887 -36.9887 -36.9887
-36.9887 -36.9887 -36.9887 -36.9887 -36.9887 -36.9887 -36.9887 -36.9887 -36.9887
-36.9887 -36.9887 -36.9887
  0.0000   1.7103   1.7104   1.7106   1.7113   1.7129   1.7166   1.7251   1.7412
  1.7600   1.7508   1.6731   1.5145   1.2091   0.7593   0.2211  -0.5183  -1.1167
 -1.6818  -2.2761  -2.9152  -3.6257  -4.4514  -5.4617  -6.7671  -8.5407 -11.0574
-14.7527 -20.3162 -28.8408 -36.9892 -36.9892 -36.9892 -36.9892 -36.9892 -36.9892
-36.9892 -36.9892 -36.9892 -36.9892 -36.9892 -36.9892 -36.9892 -36.9892 -36.9892
-36.9892 -36.9892 -36.9892
  0.0000   1.7172   1.7173   1.7175   1.7179   1.7189   1.7214   1.7272   1.7387
  1.7539   1.7493   1.6780   1.5183   1.2099   0.7512   0.2089  -0.5350  -1.1222
 -1.6801  -2.2712  -2.9101  -3.6216  -4.4485  -5.4599  -6.7658  -8.5399 -11.0570
-14.7525 -20.3161 -28.8409 -36.9894 -36.9894 -36.9894 -36.9894 -36.9894 -36.9894
-36.9894 -36.9894 -36.9894 -36.9894 -36.9894 -36.9894 -36.9894 -36.9894 -36.9894
-36.9894 -36.9894 -36.9894
 -1.0000   1.9472   1.9474   1.9482   1.9502   1.9550   1.9654   1.9821   1.9955
  1.9733   1.8792   1.6844   1.3729   0.9663   0.3528  -0.3645  -0.8895  -1.4170
 -1.9890  -2.6295  -3.3746  -4.2834  -5.4511  -7.0286  -9.2522 -12.4934 -17.3408
-24.7288 -36.1415 -36.9864 -36.9864 -36.9864 -36.9864 -36.9864 -36.9864 -36.9864
-36.9864 -36.9864 -36.9864 -36.9864 -36.9864 -36.9864 -36.9864 -36.9864 -36.9864
-36.9864 -36.9864 -36.9864
  0.0000   1.9475   1.9478   1.9486   1.9505   1.9553   1.9655   1.9820   1.9952
  1.9732   1.8792   1.6844   1.3729   0.9664   0.3529  -0.3645  -0.8895  -1.4170
 -1.9890  -2.6295  -3.3746  -4.2834  -5.4511  -7.0286  -9.2522 -12.4934 -17.3408
-24.7288 -36.1415 -36.9864 -36.9864 -36.9864 -36.9864 -36.9864 -36.9864 -36.9864
-36.9864 -36.9864 -36.9864 -36.9864 -36.9864 -36.9864 -36.9864 -36.9864 -36.9864
-36.9864 -36.9864 -36.9864
  0.0000   1.8244   1.8245   1.8246   1.8250   1.8260   1.8287   1.8347   1.8413
  1.8410   1.8045   1.6941   1.4827   1.1464   0.6093  -0.0489  -0.6332  -1.2156
 -1.8389  -2.5250  -3.3095  -4.2514  -5.4447  -7.0389  -9.2701 -12.5114 -17.3548
-24.7378 -36.1461 -36.9810 -36.9810 -36.9810 -36.9810 -36.9810 -36.9810 -36.9810
-36.9810 -36.9810 -36.9810 -36.9810 -36.9810 -36.9810 -36.9810 -36.9810 -36.9810
-36.9810 -36.9810 -36.9810
  0.0000   1.7797   1.7797   1.7798   1.7801   1.7809   1.7829   1.7872   1.7948
  1.7992   1.7762   1.6879   1.5089   1.1997   0.6682  -0.0124  -0.6216  -1.2159
 -1.8439  -2.5304  -3.3137  -4.2540  -5.4462  -7.0396  -9.2699 -12.5109 -17.3540
-24.7368 -36.1450 -36.9797 -36.9797 -36.9797 -36.9797 -36.9797 -36.9797 -36.9797
-36.9797 -36.9797 -36.9797 -36.9797 -36.9797 -36.9797 -36.9797 -36.9797 -36.9797
-36.9797 -36.9797 -36.9797
  0.0000   1.7576   1.7577   1.7578   1.7583   1.7594   1.7620   1.7679   1.7784
  1.7877   1.7696   1.6853   1.5159   1.2179   0.6833  -0.0073  -0.6192  -1.2144
 -1.8428  -2.5295  -3.3130  -4.2535  -5.4457  -7.0392  -9.2696 -12.5105 -17.3537
-24.7365 -36.1447 -36.9794 -36.9794 -36.9794 -36.9794 -36.9794 -36.9794 -36.9794
-36.9794 -36.9794 -36.9794 -36.9794 -36.9794 -36.9794 -36.9794 -36.9794 -36.9794
-36.9794 -36.9794 -36.9794
  0.0000   1.7440   1.7441   1.7444   1.7450   1.7465   1.7501   1.7581   1.7726
  1.7871   1.7719   1.6860   1.5184   1.2235   0.6808  -0.0144  -0.6199  -1.2117
 -1.8392  -2.5263  -3.3106  -4.2518  -5.4445  -7.0384  -9.2691 -12.5102 -17.3535
-24.7364 -36.1446 -36.9794 -36.9794 -36.9794 -36.9794 -36.9794 -36.9794 -36.9794
-36.9794 -36.9794 -36.9794 -36.9794 -36.9794 -36.9794 -36.9794 -36.9794 -36.9794
-36.9794 -36.9794 -36.9794
  0.0000   1.7376   1.7377   1.7380   1.7386   1.7403   1.7441   1.7528   1.7691
  1.7873   1.7756   1.6889   1.5210   1.2249   0.6711  -0.0293  -0.6251  -1.2109
 -1.8356  -2.5224  -3.3073  -4.2495  -5.4431  -7.0373  -9.2685 -12.5099 -17.3534
-24.7364 -36.1447 -36.9796 -36.9796 -36.9796 -36.9796 -36.9796 -36.9796 -36.9796
-36.9796 -36.9796 -36.9796 -36.9796 -36.9796 -36.9796 -36.9796 -36.9796 -36.9796
-36.9796 -36.9796 -36.9796
 -2.0000   1.9870   1.9870   1.9872   1.9880   1.9901   1.9951   2.0041   2.0110
  1.9859   1.8854   1.7158   1.3890   0.7752   0.2171  -0.3163  -0.8714  -1.4875
 -2.1992  -3.0578  -4.1433  -5.5811  -7.5700 -10.4271 -14.6578 -21.0654 -30.9243
-36.9706 -36.9706 -36.9706 -36.9706 -36.9706 -36.9706 -36.9706 -36.9706 -36.9706
-36.9706 -36.9706 -36.9706 -36.9706 -36.9706 -36.9706 -36.9706 -36.9706 -36.9706
-36.9706 -36.9706 -36.9706
 -1.0000   1.9870   1.9871   1.9873   1.9880   1.9902   1.9951   2.0041   2.0109
  1.9858   1.8854   1.7158   1.3890   0.7752   0.2171  -0.3163  -0.8714  -1.4875
 -2.1992  -3.0578  -4.1433  -5.5811  -7.5700 -10.4271 -14.6578 -21.0654 -30.9243
-36.9706 -36.9706 -36.9706 -36.9706 -36.9706 -36.9706 -36.9706 -36.9706 -36.9706
-36.9706 -36.9706 -36.9706 -36.9706 -36.9706 -36.9706 -36.9706 -36.9706 -36.9706
-36.9706 -36.9706 -36.9706
  0.0000   1.9870   1.9871   1.9874   1.9881   1.9902   1.9952   2.0040   2.0109
  1.9858   1.8854   1.7158   1.3891   0.7753   0.2171  -0.3163  -0.8714  -1.4875
 -2.1992  -3.0578  -4.1433  -5.5811  -7.5700 -10.4271 -14.6578 -21.0654 -30.9243
-36.9706 -36.9706 -36.9706 -36.9706 -36.9706 -36.9706 -36.9706 -36.9706 -36.9706
-36.9706 -36.9706 -36.9706 -36.9706 -36.9706 -36.9706 -36.9706 -36.9706 -36.9706
-36.9706 -36.9706 -36.9706
  0.0000   1.8910   1.8910   1.8909   1.8908   1.8908   1.8911   1.8920   1.8916
  1.8795   1.8291   1.7190   1.4949   1.0274   0.4467  -0.1430  -0.7533  -1.4186
 -2.1693  -3.0544  -4.1539  -5.5957  -7.5825 -10.4354 -14.6616 -21.0658 -30.9221
-36.9636 -36.9636 -36.9636 -36.9636 -36.9636 -36.9636 -36.9636 -36.9636 -36.9636
-36.9636 -36.9636 -36.9636 -36.9636 -36.9636 -36.9636 -36.9636 -36.9636 -36.9636
-36.9636 -36.9636 -36.9636
  0.0000   1.8622   1.8621   1.8621   1.8619   1.8618   1.8617   1.8618   1.8609
  1.8514   1.8114   1.7168   1.5199   1.0791   0.4821  -0.1274  -0.7495  -1.4203
 -2.1724  -3.0571  -4.1555  -5.5962  -7.5826 -10.4347 -14.6607 -21.0646 -30.9208
-36.9620 -36.9620 -36.9620 -36.9620 -36.9620 -36.9620 -36.9620 -36.9620 -36.9620
-36.9620 -36.9620 -36.9620 -36.9620 -36.9620 -36.9620 -36.9620 -36.9620 -36.9620
-36.9620 -36.9620 -36.9620
  0.0000   1.8531   1.8531   1.8531   1.8530   1.8530   1.8531   1.8538   1.8541
  1.8465   1.8087   1.7176   1.5271   1.0845   0.4832  -0.1267  -0.7487  -1.4193
 -2.1715  -3.0562  -4.1549  -5.5958  -7.5822 -10.4344 -14.6604 -21.0643 -30.9206
-36.9618 -36.9618 -36.9618 -36.9618 -36.9618 -36.9618 -36.9618 -36.9618 -36.9618
-36.9618 -36.9618 -36.9618 -36.9618 -36.9618 -36.9618 -36.9618 -36.9618 -36.9618
-36.9618 -36.9618 -36.9618
  0.0000   1.8509   1.8509   1.8509   1.8510   1.8511   1.8515   1.8526   1.8537
  1.8476   1.8114   1.7214   1.5300   1.0756   0.4727  -0.1315  -0.7491  -1.4176
 -2.1692  -3.0542  -4.1534  -5.5949  -7.5813 -10.4340 -14.6602 -21.0642 -30.9205
-36.9619 -36.9619 -36.9619 -36.9619 -36.9619 -36.9619 -36.9619 -36.9619 -36.9619
-36.9619 -36.9619 -36.9619 -36.9619 -36.9619 -36.9619 -36.9619 -36.9619 -36.9619
-36.9619 -36.9619 -36.9619
 -3.0000   2.0967   2.0964   2.0959   2.0951   2.0937   2.0912   2.0853   2.0684
  2.0220   1.9154   1.6667   1.2305   0.7272   0.1902  -0.3987  -1.0730  -1.8774
 -2.8796  -4.1861  -5.9659  -8.4901 -12.1919 -17.7602 -26.2883 -36.9432 -36.9432
-36.9432 -36.9432 -36.9432 -36.9432 -36.9432 -36.9432 -36.9432 -36.9432 -36.9432
-36.9432 -36.9432 -36.9432 -36.9432 -36.9432 -36.9432 -36.9432 -36.9432 -36.9432
-36.9432 -36.9432 -36.9432
 -2.0000   2.0967   2.0964   2.0959   2.0951   2.0937   2.0912   2.0853   2.0684
  2.0220   1.9154   1.6667   1.2305   0.7272   0.1902  -0.3987  -1.0730  -1.8774
 -2.8796  -4.1861  -5.9659  -8.4901 -12.1919 -17.7602 -26.2883 -36.9432 -36.9432
-36.9432 -36.9432 -36.9432 -36.9432 -36.9432 -36.9432 -36.9432 -36.9432 -36.9432
-36.9432 -36.9432 -36.9432 -36.9432 -36.9432 -36.9432 -36.9432 -36.9432 -36.9432
-36.9432 -36.9432 -36.9432
 -1.0000   2.0967   2.0964   2.0959   2.0951   2.0937   2.0912   2.0853   2.0684
  2.0220   1.9154   1.6667   1.2305   0.7272   0.1902  -0.3987  -1.0730  -1.8774
 -2.8796  -4.1861  -5.9659  -8.4901 -12.1919 -17.7602 -26.2883 -36.9432 -36.9432
-36.9432 -36.9432 -36.9432 -36.9432 -36.9432 -36.9432 -36.9432 -36.9432 -36.9432
-36.9432 -36.9432 -36.9432 -36.9432 -36.9432 -36.9432 -36.9432 -36.9432 -36.9432
-36.9432 -36.9432 -36.9432
  0.0000   2.0967   2.0964   2.0959   2.0951   2.0937   2.0912   2.0853   2.0684
  2.0220   1.9154   1.6667   1.2305   0.7272   0.1902  -0.3987  -1.0730  -1.8774
 -2.8796  -4.1861  -5.9659  -8.4901 -12.1919 -17.7602 -26.2883 -36.9432 -36.9432
-36.9432 -36.9432 -36.9432 -36.9432 -36.9432 -36.9432 -36.9432 -36.9432 -36.9432
-36.9432 -36.9432 -36.9432 -36.9432 -36.9432 -36.9432 -36.9432 -36.9432 -36.9432
-36.9432 -36.9432 -36.9432
  0.0000   1.9942   1.9940   1.9934   1.9925   1.9907   1.9875   1.9812   1.9684
  1.9398   1.8733   1.7216   1.4000   0.9099   0.3342  -0.3027  -1.0202  -1.8568
 -2.8781  -4.1920  -5.9718  -8.4927 -12.1908 -17.7560 -26.2817 -36.9321 -36.9321
-36.9321 -36.9321 -36.9321 -36.9321 -36.9321 -36.9321 -36.9321 -36.9321 -36.9321
-36.9321 -36.9321 -36.9321 -36.9321 -36.9321 -36.9321 -36.9321 -36.9321 -36.9321
-36.9321 -36.9321 -36.9321
  0.0000   1.9662   1.9660   1.9655   1.9646   1.9629   1.9597   1.9538   1.9424
  1.9180   1.8618   1.7315   1.4360   0.9452   0.3547  -0.2944  -1.0189  -1.8582
 -2.8797  -4.1929  -5.9718  -8.4918 -12.1895 -17.7543 -26.2798 -36.9297 -36.9297
-36.9297 -36.9297 -36.9297 -36.9297 -36.9297 -36.9297 -36.9297 -36.9297 -36.9297
-36.9297 -36.9297 -36.9297 -36.9297 -36.9297 -36.9297 -36.9297 -36.9297 -36.9297
-36.9297 -36.9297 -36.9297
  0.0000   1.9599   1.9597   1.9593   1.9585   1.9568   1.9537   1.9478   1.9367
  1.9138   1.8607   1.7348   1.4423   0.9487   0.3557  -0.2944  -1.0190  -1.8582
 -2.8796  -4.1927  -5.9715  -8.4915 -12.1891 -17.7539 -26.2794 -36.9293 -36.9293
-36.9293 -36.9293 -36.9293 -36.9293 -36.9293 -36.9293 -36.9293 -36.9293 -36.9293
-36.9293 -36.9293 -36.9293 -36.9293 -36.9293 -36.9293 -36.9293 -36.9293 -36.9293
-36.9293 -36.9293 -36.9293
nl= 1 nu= 6
  0.0000  -0.7882  -0.7882  -0.7882  -0.7882  -0.7882  -0.7882  -0.7882  -0.7882
 -0.7882  -0.7882  -0.7882  -0.7882  -0.7882  -0.7882  -0.7882  -0.7883  -0.7885
 -0.7891  -0.7905  -0.7939  -0.8026  -0.8244  -0.8791  -1.0165  -1.3617  -2.2286
 -4.3934  -6.5095  -7.0469  -7.5634  -8.0720  -8.5779  -9.0829  -9.6247 -10.2312
-10.9370 -11.4722 -12.0276 -12.6149 -13.2532 -13.9721 -14.8192 -15.8691 -17.2406
-19.1219 -21.8110
  0.0000  -0.9389  -0.9389  -0.9389  -0.9389  -0.9389  -0.9389  -0.9389  -0.9389
 -0.9389  -0.9389  -0.9389  -0.9389  -0.9389  -0.9389  -0.9389  -0.9389  -0.9390
 -0.9393  -0.9400  -0.9417  -0.9461  -0.9569  -0.9843  -1.0530  -1.2256  -1.6592
 -2.7481  -5.4388  -7.0213  -7.5513  -8.0658  -8.5746  -9.0810  -9.6235 -10.2304
-10.9363 -11.4719 -12.0274 -12.6149 -13.2532 -13.9723 -14.8193 -15.8692 -17.2408
-19.1221 -21.8112
  0.0000  -1.0893  -1.0893  -1.0893  -1.0893  -1.0893  -1.0893  -1.0893  -1.0893
 -1.0893  -1.0893  -1.0893  -1.0893  -1.0893  -1.0893  -1.0893  -1.0893  -1.0893
 -1.0895  -1.0898  -1.0907  -1.0929  -1.0983  -1.1120  -1.1463  -1.2327  -1.4495
 -1.9941  -3.3617  -6.5738  -7.5301  -8.0548  -8.5684  -9.0774  -9.6209 -10.2285
-10.9345 -11.4708 -12.0267 -12.6144 -13.2529 -13.9720 -14.8191 -15.8691 -17.2407
-19.1219 -21.8111
  0.0000  -1.2398  -1.2398  -1.2398  -1.2398  -1.2398  -1.2398  -1.2398  -1.2398
 -1.2398  -1.2398  -1.2398  -1.2398  -1.2398  -1.2398  -1.2398  -1.2398  -1.2398
 -1.2399  -1.2401  -1.2405  -1.2416  -1.2443  -1.2511  -1.2683  -1.3115  -1.4199
 -1.6922  -2.3762  -4.0938  -7.4460  -8.0373  -8.5586  -9.0715  -9.6171 -10.2254
-10.9317 -11.4689 -12.0256 -12.6137 -13.2524 -13.9717 -14.8189 -15.8690 -17.2406
-19.1219 -21.8111
  0.0000  -1.3903  -1.3903  -1.3903  -1.3903  -1.3903  -1.3903  -1.3903  -1.3903
 -1.3903  -1.3903  -1.3903  -1.3903  -1.3903  -1.3903  -1.3903  -1.3903  -1.3903
 -1.3903  -1.3904  -1.3906  -1.3912  -1.3925  -1.3960  -1.4046  -1.4261  -1.4803
 -1.6165  -1.9585  -2.8176  -4.9741  -8.0090  -8.5439  -9.0625  -9.6107 -10.2204
-10.9267 -11.4658 -12.0235 -12.6124 -13.2516 -13.9712 -14.8186 -15.8688 -17.2405
-19.1218 -21.8110
  0.0000  -1.5408  -1.5408  -1.5408  -1.5408  -1.5408  -1.5408  -1.5408  -1.5408
 -1.5408  -1.5408  -1.5408  -1.5408  -1.5408  -1.5408  -1.5408  -1.5408  -1.5408
 -1.5408  -1.5409  -1.5410  -1.5412  -1.5419  -1.5436  -1.5479  -1.5587  -1.5858
 -1.6539  -1.8249  -2.2544  -3.3334  -6.0385  -8.5226  -9.0502  -9.6015 -10.2126
-10.9190 -11.4610 -12.0202 -12.6102 -13.2503 -13.9704 -14.8181 -15.8684 -17.2402
-19.1217 -21.8110
  0.0000  -1.6917  -1.6917  -1.6917  -1.6917  -1.6917  -1.6917  -1.6917  -1.6917
 -1.6917  -1.6917  -1.6917  -1.6917  -1.6917  -1.6917  -1.6917  -1.6917  -1.6917
 -1.6917  -1.6917  -1.6918  -1.6919  -1.6922  -1.6931  -1.6952  -1.7006  -1.7142
 -1.7482  -1.8337  -2.0485  -2.5880  -3.9431  -7.8582  -9.0346  -9.5899 -10.2021
-10.9079 -11.4535 -12.0150 -12.6066 -13.2479 -13.9689 -14.8171 -15.8678 -17.2398
-19.1214 -21.8107
  0.0000  -0.4552  -0.4552  -0.4552  -0.4552  -0.4552  -0.4552  -0.4552  -0.4552
 -0.4552  -0.4552  -0.4552  -0.4552  -0.4552  -0.4553  -0.4555  -0.4559  -0.4569
 -0.4594  -0.4658  -0.4818  -0.5220  -0.6231  -0.8769  -1.5142  -3.1085  -5.4769
 -6.0365  -6.5578  -7.0687  -7.5754  -8.0810  -8.6224  -9.1500  -9.9282 -10.4588
-11.0063 -11.5814 -12.2000 -12.8879 -13.6855 -14.6572 -15.9048 -17.5895 -19.9671
-23.4430 -28.6594
  0.0000  -0.6054  -0.6054  -0.6054  -0.6054  -0.6054  -0.6054  -0.6054  -0.6054
 -0.6054  -0.6054  -0.6054  -0.6054  -0.6054  -0.6055  -0.6056  -0.6058  -0.6063
 -0.6075  -0.6107  -0.6187  -0.6389  -0.6894  -0.8163  -1.1352  -1.9359  -3.9331
 -6.0026  -6.5421  -7.0603  -7.5705  -8.0781  -8.6203  -9.1487  -9.9267 -10.4578
-11.0057 -11.5809 -12.1996 -12.8876 -13.6853 -14.6570 -15.9045 -17.5893 -19.9669
-23.4428 -28.6592
  0.0000  -0.7560  -0.7560  -0.7560  -0.7560  -0.7560  -0.7560  -0.7560  -0.7560
 -0.7560  -0.7560  -0.7560  -0.7560  -0.7560  -0.7560  -0.7561  -0.7562  -0.7564
 -0.7570  -0.7586  -0.7626  -0.7727  -0.7980  -0.8615  -1.0209  -1.4215  -2.4273
 -4.9116  -6.5157  -7.0471  -7.5631  -8.0737  -8.6174  -9.1468  -9.9246 -10.4566
-11.0049 -11.5804 -12.1994 -12.8875 -13.6852 -14.6570 -15.9046 -17.5893 -19.9670
-23.4429 -28.6593
  0.0000  -0.9064  -0.9064  -0.9064  -0.9064  -0.9064  -0.9064  -0.9064  -0.9064
 -0.9064  -0.9064  -0.9064  -0.9064  -0.9064  -0.9064  -0.9064  -0.9065  -0.9066
 -0.9069  -0.9077  -0.9097  -0.9147  -0.9274  -0.9591  -1.0389  -1.2392  -1.7423
 -3.0056  -5.9988  -7.0259  -7.5513  -8.0664  -8.6124  -9.1436  -9.9206 -10.4542
-11.0033 -11.5794 -12.1987 -12.8870 -13.6849 -14.6567 -15.9044 -17.5892 -19.9668
-23.4427 -28.6592
  0.0000  -1.0569  -1.0569  -1.0569  -1.0569  -1.0569  -1.0569  -1.0569  -1.0569
 -1.0569  -1.0569  -1.0569  -1.0569  -1.0569  -1.0569  -1.0569  -1.0569  -1.0570
 -1.0571  -1.0575  -1.0585  -1.0610  -1.0674  -1.0832  -1.1231  -1.2233  -1.4748
 -2.1068  -3.6934  -6.9085  -7.5343  -8.0561  -8.6047  -9.1385  -9.9147 -10.4503
-11.0009 -11.5778 -12.1977 -12.8863 -13.6845 -14.6565 -15.9042 -17.5891 -19.9668
-23.4427 -28.6591
  0.0000  -1.2075  -1.2075  -1.2075  -1.2075  -1.2075  -1.2075  -1.2075  -1.2075
 -1.2075  -1.2075  -1.2075  -1.2075  -1.2075  -1.2075  -1.2075  -1.2075  -1.2075
 -1.2076  -1.2078  -1.2083  -1.2095  -1.2127  -1.2206  -1.2406  -1.2907  -1.4164
 -1.7324  -2.5261  -4.5183  -7.5088  -8.0428  -8.5945  -9.1312  -9.9052 -10.4445
-10.9967 -11.5752 -12.1961 -12.8854 -13.6839 -14.6561 -15.9040 -17.5890 -19.9668
-23.4427 -28.6592
  0.0000  -1.3578  -1.3578  -1.3578  -1.3578  -1.3578  -1.3578  -1.3578  -1.3578
 -1.3578  -1.3578  -1.3578  -1.3578  -1.3578  -1.3578  -1.3578  -1.3578  -1.3578
 -1.3578  -1.3579  -1.3582  -1.3588  -1.3604  -1.3643  -1.3743  -1.3993  -1.4622
 -1.6202  -2.0171  -3.0139  -5.5131  -8.0252  -8.5822  -9.1220  -9.8920 -10.4356
-10.9904 -11.5707 -12.1930 -12.8834 -13.6826 -14.6552 -15.9034 -17.5885 -19.9664
-23.4424 -28.6589
  0.0000  -0.1224  -0.1224  -0.1224  -0.1224  -0.1224  -0.1224  -0.1224  -0.1224
 -0.1224  -0.1224  -0.1224  -0.1224  -0.1226  -0.1229  -0.1236  -0.1255  -0.1301
 -0.1419  -0.1715  -0.2457  -0.4321  -0.9000  -2.0702  -4.3499  -5.0231  -5.5506
 -6.0642  -6.5724  -7.0785  -7.5840  -8.1468  -8.7352  -9.4468  -9.9879 -10.5524
-11.1542 -11.8154 -12.5707 -13.4753 -14.6165 -16.1326 -18.2431 -21.2954 -25.8407
-32.7519 -37.0001
  0.0000  -0.2727  -0.2727  -0.2727  -0.2727  -0.2727  -0.2727  -0.2727  -0.2727
 -0.2727  -0.2727  -0.2727  -0.2727  -0.2728  -0.2729  -0.2733  -0.2742  -0.2765
 -0.2824  -0.2972  -0.3344  -0.4277  -0.6620  -1.2503  -2.7199  -4.9632  -5.5315
 -6.0543  -6.5666  -7.0752  -7.5819  -8.1454  -8.7343  -9.4458  -9.9873 -10.5521
-11.1541 -11.8153 -12.5707 -13.4754 -14.6165 -16.1327 -18.2432 -21.2955 -25.8408
-32.7520 -37.0002
  0.0000  -0.4227  -0.4227  -0.4227  -0.4227  -0.4227  -0.4227  -0.4227  -0.4227
 -0.4227  -0.4227  -0.4227  -0.4228  -0.4228  -0.4229  -0.4230  -0.4235  -0.4247
 -0.4276  -0.4350  -0.4536  -0.5003  -0.6175  -0.9120  -1.6514  -3.4926  -5.4965
 -6.0379  -6.5571  -7.0692  -7.5782  -8.1425  -8.7321  -9.4437  -9.9860 -10.5511
-11.1533 -11.8148 -12.5703 -13.4749 -14.6162 -16.1324 -18.2428 -21.2952 -25.8404
-32.7517 -36.9999
  0.0000  -0.5730  -0.5730  -0.5730  -0.5730  -0.5730  -0.5730  -0.5730  -0.5730
 -0.5730  -0.5730  -0.5730  -0.5730  -0.5731  -0.5731  -0.5732  -0.5734  -0.5740
 -0.5755  -0.5792  -0.5885  -0.6118  -0.6705  -0.8178  -1.1877  -2.1167  -4.4083
 -6.0122  -6.5435  -7.0606  -7.5726  -8.1383  -8.7289  -9.4406  -9.9839 -10.5498
-11.1525 -11.8142 -12.5699 -13.4747 -14.6160 -16.1322 -18.2427 -21.2951 -25.8403
-32.7516 -36.9998
  0.0000  -0.7237  -0.7237  -0.7237  -0.7237  -0.7237  -0.7237  -0.7237  -0.7237
 -0.7237  -0.7237  -0.7237  -0.7237  -0.7237  -0.7237  -0.7238  -0.7239  -0.7242
 -0.7249  -0.7267  -0.7314  -0.7431  -0.7724  -0.8461  -1.0311  -1.4959  -2.6628
 -5.4409  -6.5244  -7.0493  -7.5649  -8.1322  -8.7243  -9.4359  -9.9810 -10.5478
-11.1514 -11.8136 -12.5695 -13.4745 -14.6159 -16.1322 -18.2428 -21.2952 -25.8405
-32.7518 -37.0000
  0.0000  -0.8739  -0.8739  -0.8739  -0.8739  -0.8739  -0.8739  -0.8739  -0.8739
 -0.8739  -0.8739  -0.8739  -0.8739  -0.8739  -0.8739  -0.8739  -0.8740  -0.8741
 -0.8745  -0.8754  -0.8777  -0.8836  -0.8982  -0.9351  -1.0276  -1.2600  -1.8438
 -3.3094  -6.3825  -7.0347  -7.5550  -8.1233  -8.7166  -9.4280  -9.9756 -10.5440
-11.1488 -11.8119 -12.5683 -13.4737 -14.6153 -16.1317 -18.2423 -21.2948 -25.8401
-32.7514 -36.9997
  0.0000  -1.0245  -1.0245  -1.0245  -1.0245  -1.0245  -1.0245  -1.0245  -1.0245
 -1.0245  -1.0245  -1.0245  -1.0245  -1.0245  -1.0246  -1.0246  -1.0246  -1.0247
 -1.0249  -1.0253  -1.0265  -1.0294  -1.0367  -1.0551  -1.1014  -1.2176  -1.5095
 -2.2428  -4.0829  -7.0047  -7.5449  -8.1136  -8.7077  -9.4175  -9.9684 -10.5392
-11.1454 -11.8097 -12.5671 -13.4729 -14.6149 -16.1315 -18.2423 -21.2949 -25.8402
-32.7516 -36.9999
  0.0000   0.2094   0.2094   0.2094   0.2094   0.2094   0.2094   0.2094   0.2094
  0.2094   0.2093   0.2092   0.2090   0.2085   0.2071   0.2037   0.1951   0.1734
  0.1191  -0.0173  -0.3596  -1.2142  -3.0964  -4.0064  -4.5418  -5.0588  -5.5687
 -6.0757  -6.5814  -7.1238  -7.7305  -8.4363  -8.9719  -9.5275 -10.1150 -10.7533
-11.4724 -12.3194 -13.3693 -14.7409 -16.6222 -19.3114 -23.2810 -29.2799 -37.0002
-37.0002 -37.0002
  0.0000   0.0598   0.0598   0.0598   0.0598   0.0598   0.0598   0.0598   0.0598
  0.0598   0.0598   0.0597   0.0596   0.0593   0.0587   0.0569   0.0526   0.0418
  0.0145  -0.0539  -0.2258  -0.6570  -1.7335  -3.8305  -4.5184  -5.0466  -5.5614
 -6.0714  -6.5788  -7.1219  -7.7291  -8.4350  -8.9711  -9.5269 -10.1146 -10.7531
-11.4722 -12.3193 -13.3693 -14.7409 -16.6222 -19.3113 -23.2809 -29.2799 -37.0002
-37.0002 -37.0002
  0.0000  -0.0898  -0.0898  -0.0898  -0.0898  -0.0898  -0.0898  -0.0898  -0.0898
 -0.0898  -0.0898  -0.0898  -0.0899  -0.0900  -0.0904  -0.0912  -0.0934  -0.0988
 -0.1125  -0.1468  -0.2329  -0.4491  -0.9918  -2.3448  -4.4537  -5.0274  -5.5504
 -6.0642  -6.5741  -7.1184  -7.7262  -8.4323  -8.9693  -9.5256 -10.1136 -10.7523
-11.4716 -12.3188 -13.3688 -14.7404 -16.6217 -19.3109 -23.2805 -29.2795 -36.9998
-36.9998 -36.9998
  0.0000  -0.2402  -0.2402  -0.2402  -0.2402  -0.2402  -0.2402  -0.2402  -0.2402
 -0.2402  -0.2402  -0.2402  -0.2402  -0.2403  -0.2405  -0.2409  -0.2420  -0.2447
 -0.2515  -0.2687  -0.3118  -0.4200  -0.6919  -1.3743  -3.0701  -4.9942  -5.5354
 -6.0548  -6.5677  -7.1139  -7.7226  -8.4286  -8.9670  -9.5243 -10.1129 -10.7519
-11.4714 -12.3187 -13.3688 -14.7405 -16.6219 -19.3111 -23.2807 -29.2797 -37.0000
-37.0000 -37.0000
  0.0000  -0.3905  -0.3905  -0.3905  -0.3905  -0.3905  -0.3905  -0.3905  -0.3905
 -0.3905  -0.3905  -0.3905  -0.3906  -0.3906  -0.3907  -0.3909  -0.3914  -0.3928
 -0.3962  -0.4048  -0.4263  -0.4805  -0.6165  -0.9582  -1.8159  -3.9275  -5.5129
 -6.0427  -6.5591  -7.1069  -7.7165  -8.4225  -8.9629  -9.5216 -10.1111 -10.7508
-11.4707 -12.3183 -13.3686 -14.7403 -16.6218 -19.3110 -23.2807 -29.2796 -37.0000
-37.0000 -37.0000
  0.0000  -0.5409  -0.5409  -0.5409  -0.5409  -0.5409  -0.5409  -0.5409  -0.5409
 -0.5409  -0.5409  -0.5409  -0.5409  -0.5410  -0.5410  -0.5411  -0.5414  -0.5421
 -0.5438  -0.5481  -0.5588  -0.5859  -0.6540  -0.8249  -1.2542  -2.3318  -4.9030
 -6.0271  -6.5496  -7.0982  -7.7081  -8.4134  -8.9567  -9.5172 -10.1082 -10.7490
-11.4695 -12.3175 -13.3681 -14.7400 -16.6216 -19.3109 -23.2806 -29.2796 -37.0000
-37.0000 -37.0000
  0.0000  -0.6914  -0.6914  -0.6914  -0.6914  -0.6914  -0.6914  -0.6914  -0.6914
 -0.6914  -0.6914  -0.6914  -0.6914  -0.6914  -0.6914  -0.6915  -0.6916  -0.6919
 -0.6928  -0.6949  -0.7003  -0.7139  -0.7479  -0.8333  -1.0481  -1.5873  -2.9408
 -5.8520  -6.5394  -7.0897  -7.6986  -8.4017  -8.9481  -9.5110 -10.1039 -10.7460
-11.4677 -12.3164 -13.3673 -14.7396 -16.6213 -19.3107 -23.2805 -29.2795 -37.0000
-37.0000 -37.0000
  0.0000   0.5378   0.5378   0.5378   0.5378   0.5378   0.5378   0.5378   0.5378
  0.5377   0.5376   0.5372   0.5362   0.5337   0.5274   0.5118   0.4724   0.3735
  0.1257  -0.4908  -1.8991  -2.9852  -3.5317  -4.0522  -4.5641  -5.0721  -5.5789
 -6.1209  -6.6492  -7.4273  -7.9583  -8.5063  -9.0815  -9.7003 -10.3882 -11.1859
-12.1577 -13.4052 -15.0899 -17.4676 -20.9434 -26.1598 -34.1348 -37.0006 -37.0006
-37.0006 -37.0006
  0.0000   0.3905   0.3905   0.3905   0.3905   0.3905   0.3905   0.3905   0.3905
  0.3905   0.3904   0.3902   0.3897   0.3884   0.3853   0.3774   0.3575   0.3076
  0.1823  -0.1318  -0.9137  -2.6090  -3.5028  -4.0378  -4.5552  -5.0662  -5.5750
 -6.1181  -6.6470  -7.4249  -7.9567  -8.5050  -9.0805  -9.6995 -10.3876 -11.1853
-12.1571 -13.4047 -15.0894 -17.4671 -20.9429 -26.1593 -34.1343 -37.0001 -37.0001
-37.0001 -37.0001
  0.0000   0.2420   0.2420   0.2420   0.2420   0.2420   0.2420   0.2420   0.2420
  0.2420   0.2420   0.2419   0.2416   0.2410   0.2394   0.2354   0.2254   0.2003
  0.1373  -0.0209  -0.4176  -1.4052  -3.3184  -4.0157  -4.5430  -5.0581  -5.5693
 -6.1138  -6.6442  -7.4212  -7.9544  -8.5034  -9.0794  -9.6986 -10.3868 -11.1847
-12.1566 -13.4042 -15.0890 -17.4666 -20.9425 -26.1589 -34.1339 -36.9997 -36.9997
-36.9997 -36.9997
  0.0000   0.0922   0.0922   0.0922   0.0922   0.0922   0.0922   0.0922   0.0922
  0.0922   0.0922   0.0921   0.0920   0.0917   0.0909   0.0889   0.0839   0.0713
  0.0397  -0.0397  -0.2391  -0.7391  -1.9824  -3.9458  -4.5268  -5.0482  -5.5623
 -6.1083  -6.6405  -7.4168  -7.9513  -8.5016  -9.0784  -9.6981 -10.3866 -11.1847
-12.1566 -13.4043 -15.0892 -17.4669 -20.9428 -26.1592 -34.1342 -37.0000 -37.0000
-37.0000 -37.0000
  0.0000  -0.0578  -0.0578  -0.0578  -0.0578  -0.0578  -0.0578  -0.0578  -0.0578
 -0.0578  -0.0578  -0.0578  -0.0579  -0.0580  -0.0584  -0.0594  -0.0619  -0.0682
 -0.0841  -0.1238  -0.2237  -0.4746  -1.1040  -2.6634  -4.4957  -5.0359  -5.5536
 -6.1006  -6.6345  -7.4092  -7.9465  -8.4981  -9.0760  -9.6967 -10.3857 -11.1841
-12.1563 -13.4041 -15.0890 -17.4668 -20.9427 -26.1591 -34.1341 -37.0000 -37.0000
-37.0000 -37.0000
  0.0000  -0.2079  -0.2079  -0.2079  -0.2079  -0.2079  -0.2079  -0.2079  -0.2079
 -0.2079  -0.2079  -0.2080  -0.2080  -0.2081  -0.2083  -0.2088  -0.2100  -0.2132
 -0.2211  -0.2410  -0.2910  -0.4166  -0.7320  -1.5235  -3.4665  -5.0178  -5.5449
 -6.0923  -6.6272  -7.3983  -7.9390  -8.4929  -9.0724  -9.6943 -10.3842 -11.1832
-12.1557 -13.4037 -15.0888 -17.4666 -20.9426 -26.1591 -34.1341 -37.0000 -37.0000
-37.0000 -37.0000
  0.0000  -0.3585  -0.3585  -0.3585  -0.3585  -0.3585  -0.3585  -0.3585  -0.3585
 -0.3585  -0.3585  -0.3585  -0.3585  -0.3585  -0.3586  -0.3589  -0.3595  -0.3611
 -0.3650  -0.3750  -0.4000  -0.4628  -0.6207  -1.0171  -2.0119  -4.3851  -5.5346
 -6.0850  -6.6205  -7.3859  -7.9295  -8.4856  -9.0674  -9.6908 -10.3820 -11.1818
-12.1549 -13.4033 -15.0886 -17.4666 -20.9426 -26.1592 -34.1342 -37.0002 -37.0002
-37.0002 -37.0002
  0.0000   0.8586   0.8586   0.8586   0.8586   0.8586   0.8586   0.8585   0.8584
  0.8581   0.8574   0.8557   0.8513   0.8402   0.8124   0.7427   0.5685   0.1377
 -0.8499  -1.9489  -2.5190  -3.0435  -3.5572  -4.0667  -4.5745  -5.0812  -5.6446
 -6.2336  -6.9453  -7.4868  -8.0517  -8.6537  -9.3151 -10.0705 -10.9751 -12.1163
-13.6325 -15.7430 -18.7954 -23.3406 -30.2519 -37.0000 -37.0000 -37.0000 -37.0000
-37.0000 -37.0000
  0.0000   0.7154   0.7154   0.7154   0.7154   0.7154   0.7154   0.7153   0.7153
  0.7151   0.7148   0.7139   0.7116   0.7060   0.6917   0.6559   0.5662   0.3416
 -0.2145  -1.4592  -2.4824  -3.0290  -3.5487  -4.0611  -4.5708  -5.0789  -5.6431
 -6.2325  -6.9441  -7.4864  -8.0515  -8.6538  -9.3153 -10.0708 -10.9755 -12.1168
-13.6330 -15.7434 -18.7958 -23.3411 -30.2524 -37.0005 -37.0005 -37.0005 -37.0005
-37.0005 -37.0005
  0.0000   0.5702   0.5702   0.5702   0.5702   0.5702   0.5702   0.5702   0.5702
  0.5701   0.5699   0.5695   0.5683   0.5654   0.5582   0.5400   0.4944   0.3799
  0.0931  -0.6177  -2.1300  -3.0025  -3.5360  -4.0523  -4.5642  -5.0741  -5.6393
 -6.2294  -6.9410  -7.4842  -8.0500  -8.6527  -9.3144 -10.0701 -10.9749 -12.1162
-13.6324 -15.7429 -18.7953 -23.3406 -30.2519 -37.0000 -37.0000 -37.0000 -37.0000
-37.0000 -37.0000
  0.0000   0.4214   0.4214   0.4214   0.4214   0.4214   0.4214   0.4214   0.4214
  0.4214   0.4213   0.4211   0.4205   0.4190   0.4154   0.4062   0.3832   0.3253
  0.1801  -0.1838  -1.0858  -2.8162  -3.5189  -4.0436  -4.5579  -5.0694  -5.6355
 -6.2266  -6.9382  -7.4826  -8.0495  -8.6528  -9.3149 -10.0708 -10.9758 -12.1172
-13.6335 -15.7440 -18.7965 -23.3418 -30.2531 -37.0012 -37.0012 -37.0012 -37.0012
-37.0012 -37.0012
  0.0000   0.2737   0.2737   0.2737   0.2737   0.2737   0.2737   0.2737   0.2737
  0.2737   0.2736   0.2735   0.2732   0.2725   0.2706   0.2660   0.2544   0.2253
  0.1523  -0.0312  -0.4911  -1.6298  -3.4434  -4.0303  -4.5489  -5.0615  -5.6277
 -6.2197  -6.9307  -7.4774  -8.0455  -8.6499  -9.3127 -10.0691 -10.9743 -12.1159
-13.6323 -15.7429 -18.7954 -23.3407 -30.2520 -37.0002 -37.0002 -37.0002 -37.0002
-37.0002 -37.0002
  0.0000   0.1247   0.1247   0.1247   0.1247   0.1247   0.1247   0.1247   0.1247
  0.1247   0.1247   0.1246   0.1245   0.1241   0.1232   0.1209   0.1151   0.1005
  0.0638  -0.0283  -0.2595  -0.8393  -2.2699  -4.0009  -4.5407  -5.0549  -5.6197
 -6.2115  -6.9211  -7.4704  -8.0406  -8.6463  -9.3102 -10.0673 -10.9730 -12.1149
-13.6315 -15.7422 -18.7948 -23.3401 -30.2515 -36.9997 -36.9997 -36.9997 -36.9997
-36.9997 -36.9997
  0.0000  -0.0254  -0.0254  -0.0254  -0.0254  -0.0254  -0.0254  -0.0254  -0.0254
 -0.0254  -0.0254  -0.0255  -0.0255  -0.0257  -0.0262  -0.0273  -0.0303  -0.0376
 -0.0559  -0.1021  -0.2180  -0.5090  -1.2388  -3.0228  -4.5265  -5.0510  -5.6140
 -6.2041  -6.9104  -7.4620  -8.0343  -8.6421  -9.3072 -10.0655 -10.9720 -12.1143
-13.6312 -15.7421 -18.7948 -23.3402 -30.2516 -36.9999 -36.9999 -36.9999 -36.9999
-36.9999 -36.9999
  0.0000   1.1553   1.1553   1.1553   1.1553   1.1553   1.1552   1.1550   1.1546
  1.1534   1.1505   1.1433   1.1251   1.0795   0.9660   0.6878   0.0540  -0.8804
 -1.5019  -2.0334  -2.5493  -3.0603  -3.5693  -4.0769  -4.6205  -5.2278  -5.9337
 -6.4702  -7.0263  -7.6141  -8.2527  -8.9719  -9.8190 -10.8690 -12.2406 -14.1219
-16.8111 -20.7807 -26.7796 -35.9948 -37.0000 -37.0000 -37.0000 -37.0000 -37.0000
-37.0000 -37.0000
  0.0000   1.0259   1.0259   1.0259   1.0259   1.0259   1.0259   1.0258   1.0255
  1.0249   1.0234   1.0195   1.0097   0.9853   0.9241   0.7714   0.3966  -0.4453
 -1.4411  -2.0175  -2.5407  -3.0540  -3.5645  -4.0736  -4.6180  -5.2257  -5.9317
 -6.4689  -7.0254  -7.6136  -8.2524  -8.9717  -9.8189 -10.8690 -12.2406 -14.1219
-16.8111 -20.7807 -26.7796 -35.9948 -37.0000 -37.0000 -37.0000 -37.0000 -37.0000
-37.0000 -37.0000
  0.0000   0.8891   0.8891   0.8891   0.8891   0.8891   0.8891   0.8890   0.8889
  0.8886   0.8878   0.8858   0.8807   0.8679   0.8359   0.7555   0.5548   0.0613
 -1.0195  -1.9814  -2.5287  -3.0463  -3.5584  -4.0686  -4.6140  -5.2225  -5.9283
 -6.4667  -7.0241  -7.6127  -8.2518  -8.9713  -9.8187 -10.8688 -12.2405 -14.1218
-16.8111 -20.7807 -26.7796 -35.9948 -37.0000 -37.0000 -37.0000 -37.0000 -37.0000
-37.0000 -37.0000
  0.0000   0.7472   0.7472   0.7472   0.7472   0.7472   0.7472   0.7472   0.7471
  0.7470   0.7465   0.7455   0.7429   0.7363   0.7198   0.6785   0.5747   0.3152
 -0.3239  -1.6564  -2.5062  -3.0375  -3.5516  -4.0627  -4.6087  -5.2175  -5.9232
 -6.4632  -7.0218  -7.6112  -8.2509  -8.9707  -9.8183 -10.8686 -12.2403 -14.1217
-16.8110 -20.7806 -26.7796 -35.9947 -37.0000 -37.0000 -37.0000 -37.0000 -37.0000
-37.0000 -37.0000
  0.0000   0.6019   0.6019   0.6019   0.6019   0.6019   0.6019   0.6019   0.6019
  0.6018   0.6016   0.6010   0.5997   0.5964   0.5880   0.5669   0.5141   0.3814
  0.0496  -0.7683  -2.3181  -3.0242  -3.5456  -4.0569  -4.6023  -5.2108  -5.9155
 -6.4579  -7.0180  -7.6089  -8.2493  -8.9698  -9.8177 -10.8683 -12.2402 -14.1217
-16.8110 -20.7807 -26.7796 -35.9948 -37.0001 -37.0001 -37.0001 -37.0001 -37.0001
-37.0001 -37.0001
  0.0000   0.4548   0.4548   0.4548   0.4548   0.4548   0.4548   0.4548   0.4548
  0.4548   0.4547   0.4544   0.4537   0.4520   0.4478   0.4372   0.4105   0.3434
  0.1751  -0.2464  -1.2841  -2.9440  -3.5383  -4.0528  -4.5962  -5.2027  -5.9051
 -6.4498  -7.0122  -7.6046  -8.2464  -8.9679  -9.8164 -10.8673 -12.2394 -14.1211
-16.8105 -20.7802 -26.7792 -35.9945 -36.9998 -36.9998 -36.9998 -36.9998 -36.9998
-36.9998 -36.9998
  0.0000   0.3060   0.3060   0.3060   0.3060   0.3060   0.3060   0.3060   0.3060
  0.3060   0.3059   0.3058   0.3054   0.3046   0.3025   0.2971   0.2837   0.2499
  0.1652  -0.0475  -0.5804  -1.8878  -3.5085  -4.0504  -4.5936  -5.1968  -5.8947
 -6.4405  -7.0047  -7.5993  -8.2428  -8.9655  -9.8150 -10.8665 -12.2390 -14.1209
-16.8105 -20.7803 -26.7793 -35.9946 -37.0000 -37.0000 -37.0000 -37.0000 -37.0000
-37.0000 -37.0000
  0.0000   1.3990   1.3990   1.3990   1.3989   1.3988   1.3986   1.3979   1.3964
  1.3924   1.3824   1.3574   1.2954   1.1444   0.7998   0.1755  -0.4712  -1.0173
 -1.5368  -2.0503  -2.5610  -3.0707  -3.6148  -4.1447  -4.9220  -5.4548  -6.0037
 -6.5796  -7.1988  -7.8870  -8.6849  -9.6567 -10.9043 -12.5891 -14.9668 -18.4426
-23.6591 -31.6341 -36.9998 -36.9998 -36.9998 -36.9998 -36.9998 -36.9998 -36.9998
-36.9998 -36.9998
  0.0000   1.2975   1.2975   1.2975   1.2975   1.2974   1.2973   1.2969   1.2960
  1.2937   1.2878   1.2731   1.2363   1.1450   0.9228   0.4226  -0.3674  -0.9964
 -1.5296  -2.0453  -2.5565  -3.0669  -3.6117  -4.1426  -4.9195  -5.4531  -6.0026
 -6.5789  -7.1983  -7.8867  -8.6847  -9.6566 -10.9042 -12.5890 -14.9667 -18.4426
-23.6590 -31.6341 -36.9998 -36.9998 -36.9998 -36.9998 -36.9998 -36.9998 -36.9998
-36.9998 -36.9998
  0.0000   1.1826   1.1826   1.1826   1.1826   1.1826   1.1825   1.1823   1.1818
  1.1805   1.1772   1.1689   1.1482   1.0965   0.9677   0.6542  -0.0384  -0.9308
 -1.5165  -2.0392  -2.5510  -3.0617  -3.6069  -4.1388  -4.9149  -5.4498  -6.0004
 -6.5773  -7.1972  -7.8858  -8.6840  -9.6560 -10.9037 -12.5886 -14.9663 -18.4422
-23.6586 -31.6336 -36.9994 -36.9994 -36.9994 -36.9994 -36.9994 -36.9994 -36.9994
-36.9994 -36.9994
  0.0000   1.0554   1.0554   1.0554   1.0554   1.0553   1.0553   1.0552   1.0549
  1.0542   1.0524   1.0480   1.0368   1.0087   0.9385   0.7636   0.3371  -0.5789
 -1.4808  -2.0320  -2.5468  -3.0571  -3.6018  -4.1345  -4.9090  -5.4459  -5.9976
 -6.5757  -7.1963  -7.8854  -8.6839  -9.6561 -10.9039 -12.5888 -14.9666 -18.4425
-23.6590 -31.6340 -36.9998 -36.9998 -36.9998 -36.9998 -36.9998 -36.9998 -36.9998
-36.9998 -36.9998
  0.0000   0.9204   0.9204   0.9204   0.9204   0.9204   0.9204   0.9203   0.9202
  0.9198   0.9189   0.9165   0.9107   0.8959   0.8589   0.7663   0.5352  -0.0294
 -1.1842  -2.0126  -2.5426  -3.0533  -3.5959  -4.1282  -4.8995  -5.4389  -5.9927
 -6.5719  -7.1938  -7.8837  -8.6826  -9.6551 -10.9032 -12.5882 -14.9661 -18.4420
-23.6585 -31.6336 -36.9994 -36.9994 -36.9994 -36.9994 -36.9994 -36.9994 -36.9994
-36.9994 -36.9994
  0.0000   0.7787   0.7787   0.7787   0.7787   0.7787   0.7787   0.7786   0.7786
  0.7784   0.7779   0.7767   0.7737   0.7661   0.7470   0.6991   0.5791   0.2795
 -0.4532  -1.8246  -2.5342  -3.0531  -3.5933  -4.1237  -4.8895  -5.4305  -5.9862
 -6.5677  -7.1909  -7.8820  -8.6817  -9.6547 -10.9031 -12.5883 -14.9663 -18.4424
-23.6589 -31.6340 -36.9999 -36.9999 -36.9999 -36.9999 -36.9999 -36.9999 -36.9999
-36.9999 -36.9999
  0.0000   0.6338   0.6338   0.6338   0.6338   0.6338   0.6338   0.6338   0.6337
  0.6337   0.6334   0.6328   0.6313   0.6274   0.6177   0.5933   0.5321   0.3785
 -0.0053  -0.9429  -2.4453  -3.0504  -3.5935  -4.1218  -4.8804  -5.4211  -5.9775
 -6.5611  -7.1863  -7.8787  -8.6796  -9.6534 -10.9022 -12.5878 -14.9660 -18.4422
-23.6588 -31.6339 -36.9999 -36.9999 -36.9999 -36.9999 -36.9999 -36.9999 -36.9999
-36.9999 -36.9999
  0.0000   1.5553   1.5553   1.5552   1.5551   1.5549   1.5543   1.5527   1.5486
  1.5386   1.5137   1.4531   1.3125   1.0193   0.5443   0.0076  -0.5164  -1.0348
 -1.5468  -2.0599  -2.5710  -3.1370  -3.7277  -4.4395  -4.9831  -5.5492  -6.1520
 -6.8138  -7.5696  -8.4744  -9.6157 -11.1320 -13.2425 -16.2949 -20.8401 -27.7514
-36.9996 -36.9996 -36.9996 -36.9996 -36.9996 -36.9996 -36.9996 -36.9996 -36.9996
-36.9996 -36.9996
  0.0000   1.4927   1.4927   1.4927   1.4926   1.4925   1.4920   1.4909   1.4883
  1.4815   1.4646   1.4227   1.3210   1.0879   0.6347   0.0437  -0.5070  -1.0300
 -1.5440  -2.0568  -2.5682  -3.1346  -3.7258  -4.4375  -4.9818  -5.5483  -6.1515
 -6.8135  -7.5693  -8.4743  -9.6156 -11.1319 -13.2424 -16.2948 -20.8401 -27.7514
-36.9996 -36.9996 -36.9996 -36.9996 -36.9996 -36.9996 -36.9996 -36.9996 -36.9996
-36.9996 -36.9996
  0.0000   1.4157   1.4157   1.4157   1.4156   1.4155   1.4152   1.4146   1.4128
  1.4085   1.3976   1.3704   1.3030   1.1399   0.7732   0.1392  -0.4883  -1.0254
 -1.5416  -2.0533  -2.5644  -3.1308  -3.7224  -4.4340  -4.9793  -5.5467  -6.1504
 -6.8128  -7.5689  -8.4740  -9.6155 -11.1318 -13.2424 -16.2948 -20.8401 -27.7514
-36.9996 -36.9996 -36.9996 -36.9996 -36.9996 -36.9996 -36.9996 -36.9996 -36.9996
-36.9996 -36.9996
  0.0000   1.3205   1.3205   1.3205   1.3204   1.3204   1.3202   1.3198   1.3188
  1.3161   1.3096   1.2931   1.2519   1.1498   0.9031   0.3618  -0.4189  -1.0169
 -1.5407  -2.0515  -2.5611  -3.1265  -3.7181  -4.4292  -4.9761  -5.5446  -6.1493
 -6.8123  -7.5688  -8.4741  -9.6158 -11.1322 -13.2428 -16.2953 -20.8406 -27.7519
-37.0002 -37.0002 -37.0002 -37.0002 -37.0002 -37.0002 -37.0002 -37.0002 -37.0002
-37.0002 -37.0002
  0.0000   1.2098   1.2098   1.2098   1.2097   1.2097   1.2096   1.2094   1.2088
  1.2073   1.2035   1.1941   1.1706   1.1116   0.9654   0.6120  -0.1386  -0.9787
 -1.5376  -2.0511  -2.5583  -3.1210  -3.7115  -4.4207  -4.9699  -5.5401  -6.1459
 -6.8100  -7.5672  -8.4729  -9.6148 -11.1314 -13.2422 -16.2947 -20.8401 -27.7514
-36.9997 -36.9997 -36.9997 -36.9997 -36.9997 -36.9997 -36.9997 -36.9997 -36.9997
-36.9997 -36.9997
  0.0000   1.0846   1.0846   1.0846   1.0846   1.0846   1.0845   1.0844   1.0841
  1.0832   1.0812   1.0761   1.0632   1.0310   0.9504   0.7500   0.2654  -0.7133
 -1.5205  -2.0532  -2.5601  -3.1187  -3.7061  -4.4118  -4.9623  -5.5346  -6.1423
 -6.8075  -7.5658  -8.4722  -9.6145 -11.1314 -13.2424 -16.2950 -20.8404 -27.7518
-37.0002 -37.0002 -37.0002 -37.0002 -37.0002 -37.0002 -37.0002 -37.0002 -37.0002
-37.0002 -37.0002
  0.0000   0.9506   0.9506   0.9506   0.9506   0.9506   0.9505   0.9505   0.9503
  0.9499   0.9488   0.9461   0.9393   0.9223   0.8797   0.7728   0.5069  -0.1365
 -1.3301  -2.0455  -2.5637  -3.1198  -3.7031  -4.4029  -4.9530  -5.5265  -6.1363
 -6.8033  -7.5626  -8.4702  -9.6131 -11.1304 -13.2416 -16.2944 -20.8400 -27.7514
-36.9999 -36.9999 -36.9999 -36.9999 -36.9999 -36.9999 -36.9999 -36.9999 -36.9999
-36.9999 -36.9999
  0.0000   1.6308   1.6308   1.6307   1.6305   1.6299   1.6286   1.6253   1.6172
  1.5978   1.5543   1.4630   1.2763   0.9424   0.4894  -0.0116  -0.5244  -1.0425
 -1.5545  -2.1041  -2.7150  -3.4221  -3.9622  -4.5208  -5.1103  -5.7499  -6.4698
 -7.3173  -8.3676  -9.7394 -11.6208 -14.3100 -18.2797 -24.2786 -33.4939 -36.9990
-36.9990 -36.9990 -36.9990 -36.9990 -36.9990 -36.9990 -36.9990 -36.9990 -36.9990
-36.9990 -36.9990
  0.0000   1.5932   1.5931   1.5931   1.5929   1.5926   1.5917   1.5894   1.5838
  1.5699   1.5365   1.4602   1.2959   0.9792   0.5150  -0.0005  -0.5196  -1.0387
 -1.5530  -2.1025  -2.7134  -3.4204  -3.9611  -4.5200  -5.1099  -5.7497  -6.4697
 -7.3173  -8.3676  -9.7394 -11.6208 -14.3101 -18.2798 -24.2787 -33.4939 -36.9991
-36.9991 -36.9991 -36.9991 -36.9991 -36.9991 -36.9991 -36.9991 -36.9991 -36.9991
-36.9991 -36.9991
  0.0000   1.5539   1.5539   1.5539   1.5538   1.5535   1.5529   1.5513   1.5472
  1.5372   1.5122   1.4520   1.3131   1.0231   0.5483   0.0080  -0.5185  -1.0363
 -1.5507  -2.0994  -2.7099  -3.4164  -3.9584  -4.5181  -5.1086  -5.7489  -6.4692
 -7.3170  -8.3674  -9.7393 -11.6208 -14.3101 -18.2797 -24.2787 -33.4939 -36.9991
-36.9991 -36.9991 -36.9991 -36.9991 -36.9991 -36.9991 -36.9991 -36.9991 -36.9991
-36.9991 -36.9991
  0.0000   1.5036   1.5036   1.5035   1.5035   1.5033   1.5028   1.5017   1.4988
  1.4917   1.4738   1.4296   1.3228   1.0801   0.6164   0.0269  -0.5193  -1.0370
 -1.5496  -2.0959  -2.7050  -3.4102  -3.9537  -4.5150  -5.1062  -5.7474  -6.4682
 -7.3164  -8.3670  -9.7390 -11.6206 -14.3100 -18.2797 -24.2787 -33.4939 -36.9991
-36.9991 -36.9991 -36.9991 -36.9991 -36.9991 -36.9991 -36.9991 -36.9991 -36.9991
-36.9991 -36.9991
  0.0000   1.4350   1.4350   1.4350   1.4349   1.4348   1.4345   1.4337   1.4318
  1.4271   1.4151   1.3852   1.3114   1.1338   0.7410   0.0957  -0.5143  -1.0410
 -1.5516  -2.0941  -2.7001  -3.4021  -3.9469  -4.5100  -5.1030  -5.7452  -6.4668
 -7.3156  -8.3666  -9.7388 -11.6205 -14.3100 -18.2798 -24.2788 -33.4941 -36.9993
-36.9993 -36.9993 -36.9993 -36.9993 -36.9993 -36.9993 -36.9993 -36.9993 -36.9993
-36.9993 -36.9993
  0.0000   1.3459   1.3459   1.3459   1.3459   1.3458   1.3456   1.3451   1.3440
  1.3410   1.3336   1.3151   1.2688   1.1544   0.8800   0.2956  -0.4701  -1.0427
 -1.5572  -2.0959  -2.6971  -3.3938  -3.9383  -4.5027  -5.0976  -5.7414  -6.4642
 -7.3139  -8.3655  -9.7381 -11.6200 -14.3096 -18.2795 -24.2786 -33.4939 -36.9992
-36.9992 -36.9992 -36.9992 -36.9992 -36.9992 -36.9992 -36.9992 -36.9992 -36.9992
-36.9992 -36.9992
  0.0000   1.2372   1.2372   1.2372   1.2372   1.2371   1.2370   1.2368   1.2361
  1.2344   1.2301   1.2194   1.1926   1.1255   0.9596   0.5624  -0.2394  -1.0217
 -1.5625  -2.1021  -2.6993  -3.3896  -3.9307  -4.4947  -5.0911  -5.7368  -6.4613
 -7.3119  -8.3644  -9.7375 -11.6198 -14.3096 -18.2797 -24.2788 -33.4942 -36.9996
-36.9996 -36.9996 -36.9996 -36.9996 -36.9996 -36.9996 -36.9996 -36.9996 -36.9996
-36.9996 -36.9996
  0.0000   1.6737   1.6736   1.6734   1.6729   1.6717   1.6687   1.6614   1.6453
  1.6143   1.5629   1.4636   1.2584   0.9180   0.4737  -0.0206  -0.5301  -1.0838
 -1.6169  -2.3950  -2.9357  -3.4903  -4.0699  -4.6918  -5.3816  -6.1805  -7.1530
 -8.4010 -10.0860 -12.4639 -15.9398 -21.1563 -29.1313 -36.9972 -36.9972 -36.9972
-36.9972 -36.9972 -36.9972 -36.9972 -36.9972 -36.9972 -36.9972 -36.9972 -36.9972
-36.9972 -36.9972
  0.0000   1.6364   1.6364   1.6363   1.6359   1.6351   1.6331   1.6281   1.6165
  1.5918   1.5462   1.4609   1.2785   0.9505   0.5006  -0.0044  -0.5249  -1.0800
 -1.6173  -2.3960  -2.9367  -3.4911  -4.0705  -4.6923  -5.3820  -6.1808  -7.1533
 -8.4012 -10.0863 -12.4641 -15.9400 -21.1565 -29.1315 -36.9974 -36.9974 -36.9974
-36.9974 -36.9974 -36.9974 -36.9974 -36.9974 -36.9974 -36.9974 -36.9974 -36.9974
-36.9974 -36.9974
  0.0000   1.6124   1.6123   1.6122   1.6120   1.6115   1.6101   1.6067   1.5985
  1.5794   1.5391   1.4592   1.2907   0.9701   0.5132   0.0009  -0.5219  -1.0759
 -1.6151  -2.3924  -2.9337  -3.4890  -4.0690  -4.6911  -5.3811  -6.1802  -7.1527
 -8.4008 -10.0859 -12.4637 -15.9397 -21.1562 -29.1312 -36.9971 -36.9971 -36.9971
-36.9971 -36.9971 -36.9971 -36.9971 -36.9971 -36.9971 -36.9971 -36.9971 -36.9971
-36.9971 -36.9971
  0.0000   1.5896   1.5896   1.5896   1.5894   1.5890   1.5881   1.5858   1.5800
  1.5658   1.5327   1.4590   1.3014   0.9890   0.5207  -0.0012  -0.5244  -1.0742
 -1.6126  -2.3868  -2.9289  -3.4852  -4.0666  -4.6893  -5.3801  -6.1796  -7.1524
 -8.4007 -10.0859 -12.4638 -15.9398 -21.1563 -29.1314 -36.9973 -36.9973 -36.9973
-36.9973 -36.9973 -36.9973 -36.9973 -36.9973 -36.9973 -36.9973 -36.9973 -36.9973
-36.9973 -36.9973
  0.0000   1.5614   1.5614   1.5614   1.5613   1.5610   1.5603   1.5586   1.5544
  1.5439   1.5180   1.4560   1.3145   1.0196   0.5373  -0.0058  -0.5321  -1.0765
 -1.6115  -2.3803  -2.9221  -3.4794  -4.0622  -4.6865  -5.3782  -6.1784  -7.1518
 -8.4003 -10.0857 -12.4638 -15.9399 -21.1564 -29.1315 -36.9975 -36.9975 -36.9975
-36.9975 -36.9975 -36.9975 -36.9975 -36.9975 -36.9975 -36.9975 -36.9975 -36.9975
-36.9975 -36.9975
  0.0000   1.5196   1.5196   1.5195   1.5195   1.5193   1.5188   1.5176   1.5145
  1.5068   1.4876   1.4402   1.3263   1.0700   0.5903   0.0003  -0.5416  -1.0833
 -1.6136  -2.3757  -2.9143  -3.4713  -4.0556  -4.6817  -5.3747  -6.1759  -7.1501
 -8.3992 -10.0849 -12.4631 -15.9394 -21.1560 -29.1311 -36.9972 -36.9972 -36.9972
-36.9972 -36.9972 -36.9972 -36.9972 -36.9972 -36.9972 -36.9972 -36.9972 -36.9972
-36.9972 -36.9972
  0.0000   1.4561   1.4561   1.4561   1.4560   1.4559   1.4556   1.4547   1.4526
  1.4474   1.4342   1.4013   1.3203   1.1265   0.7064   0.0527  -0.5443  -1.0931
 -1.6210  -2.3776  -2.9101  -3.4638  -4.0483  -4.6759  -5.3708  -6.1733  -7.1484
 -8.3982 -10.0844 -12.4629 -15.9393 -21.1561 -29.1313 -36.9975 -36.9975 -36.9975
-36.9975 -36.9975 -36.9975 -36.9975 -36.9975 -36.9975 -36.9975 -36.9975 -36.9975
-36.9975 -36.9975
  0.0000   1.7242   1.7240   1.7236   1.7226   1.7202   1.7143   1.7013   1.6766
  1.6396   1.5833   1.4656   1.2369   0.8841   0.4412  -0.0561  -0.6012  -1.1907
 -1.8956  -2.4486  -3.0236  -3.6334  -4.3002  -5.0593  -5.9665  -7.1092  -8.6264
-10.7375 -13.7903 -18.3358 -25.2472 -35.9085 -36.9956 -36.9956 -36.9956 -36.9956
-36.9956 -36.9956 -36.9956 -36.9956 -36.9956 -36.9956 -36.9956 -36.9956 -36.9956
-36.9956 -36.9956
  0.0000   1.6612   1.6611   1.6608   1.6602   1.6587   1.6550   1.6464   1.6285
  1.5983   1.5538   1.4654   1.2742   0.9433   0.4953  -0.0198  -0.5835  -1.1865
 -1.9013  -2.4561  -3.0301  -3.6381  -4.3031  -5.0613  -5.9675  -7.1097  -8.6265
-10.7374 -13.7900 -18.3354 -25.2468 -35.9081 -36.9951 -36.9951 -36.9951 -36.9951
-36.9951 -36.9951 -36.9951 -36.9951 -36.9951 -36.9951 -36.9951 -36.9951 -36.9951
-36.9951 -36.9951
  0.0000   1.6368   1.6367   1.6365   1.6360   1.6347   1.6317   1.6246   1.6090
  1.5809   1.5394   1.4625   1.2875   0.9667   0.5151  -0.0078  -0.5770  -1.1837
 -1.9011  -2.4563  -3.0302  -3.6383  -4.3035  -5.0615  -5.9677  -7.1099  -8.6266
-10.7375 -13.7901 -18.3355 -25.2469 -35.9082 -36.9952 -36.9952 -36.9952 -36.9952
-36.9952 -36.9952 -36.9952 -36.9952 -36.9952 -36.9952 -36.9952 -36.9952 -36.9952
-36.9952 -36.9952
  0.0000   1.6243   1.6242   1.6240   1.6237   1.6227   1.6203   1.6146   1.6017
  1.5759   1.5342   1.4611   1.2938   0.9757   0.5198  -0.0062  -0.5724  -1.1803
 -1.8974  -2.4527  -3.0275  -3.6364  -4.3021  -5.0606  -5.9672  -7.1096  -8.6265
-10.7375 -13.7901 -18.3356 -25.2470 -35.9082 -36.9953 -36.9953 -36.9953 -36.9953
-36.9953 -36.9953 -36.9953 -36.9953 -36.9953 -36.9953 -36.9953 -36.9953 -36.9953
-36.9953 -36.9953
  0.0000   1.6135   1.6135   1.6134   1.6131   1.6125   1.6109   1.6069   1.5976
  1.5768   1.5363   1.4617   1.2994   0.9801   0.5160  -0.0125  -0.5761  -1.1781
 -1.8916  -2.4465  -3.0220  -3.6323  -4.2993  -5.0585  -5.9658  -7.1086  -8.6257
-10.7369 -13.7897 -18.3352 -25.2466 -35.9079 -36.9950 -36.9950 -36.9950 -36.9950
-36.9950 -36.9950 -36.9950 -36.9950 -36.9950 -36.9950 -36.9950 -36.9950 -36.9950
-36.9950 -36.9950
  0.0000   1.5984   1.5983   1.5983   1.5981   1.5977   1.5967   1.5941   1.5877
  1.5725   1.5377   1.4637   1.3063   0.9890   0.5114  -0.0247  -0.5865  -1.1806
 -1.8884  -2.4399  -3.0155  -3.6270  -4.2957  -5.0561  -5.9642  -7.1077  -8.6253
-10.7367 -13.7897 -18.3353 -25.2468 -35.9081 -36.9953 -36.9953 -36.9953 -36.9953
-36.9953 -36.9953 -36.9953 -36.9953 -36.9953 -36.9953 -36.9953 -36.9953 -36.9953
-36.9953 -36.9953
  0.0000   1.5745   1.5744   1.5744   1.5743   1.5740   1.5733   1.5715   1.5669
  1.5557   1.5282   1.4633   1.3174   1.0139   0.5213  -0.0346  -0.6002  -1.1884
 -1.8901  -2.4355  -3.0086  -3.6207  -4.2907  -5.0528  -5.9619  -7.1064  -8.6245
-10.7363 -13.7895 -18.3353 -25.2469 -35.9083 -36.9956 -36.9956 -36.9956 -36.9956
-36.9956 -36.9956 -36.9956 -36.9956 -36.9956 -36.9956 -36.9956 -36.9956 -36.9956
-36.9956 -36.9956
  0.0000   1.8624   1.8619   1.8607   1.8577   1.8506   1.8350   1.8057   1.7650
  1.7181   1.6350   1.4621   1.1714   0.7758   0.2807  -0.2913  -1.0248  -1.5244
 -2.0475  -2.6089  -3.2285  -3.9371  -4.7812  -5.8341  -7.2114  -9.0986 -11.7928
-15.7660 -21.7673 -30.9841 -36.9923 -36.9923 -36.9923 -36.9923 -36.9923 -36.9923
-36.9923 -36.9923 -36.9923 -36.9923 -36.9923 -36.9923 -36.9923 -36.9923 -36.9923
-36.9923 -36.9923
  0.0000   1.6985   1.6984   1.6981   1.6972   1.6952   1.6903   1.6794   1.6585
  1.6267   1.5789   1.4779   1.2692   0.9237   0.4461  -0.1200  -0.8498  -1.4039
 -1.9752  -2.5757  -3.2237  -3.9495  -4.8010  -5.8539  -7.2274  -9.1098 -11.7998
-15.7698 -21.7690 -30.9844 -36.9899 -36.9899 -36.9899 -36.9899 -36.9899 -36.9899
-36.9899 -36.9899 -36.9899 -36.9899 -36.9899 -36.9899 -36.9899 -36.9899 -36.9899
-36.9899 -36.9899
  0.0000   1.6510   1.6509   1.6507   1.6501   1.6486   1.6451   1.6370   1.6203
  1.5927   1.5535   1.4745   1.2963   0.9708   0.4904  -0.0904  -0.8423  -1.4061
 -1.9807  -2.5810  -3.2278  -3.9522  -4.8028  -5.8550  -7.2279  -9.1100 -11.7997
-15.7696 -21.7688 -30.9841 -36.9895 -36.9895 -36.9895 -36.9895 -36.9895 -36.9895
-36.9895 -36.9895 -36.9895 -36.9895 -36.9895 -36.9895 -36.9895 -36.9895 -36.9895
-36.9895 -36.9895
  0.0000   1.6383   1.6382   1.6379   1.6373   1.6358   1.6322   1.6239   1.6067
  1.5787   1.5422   1.4716   1.3046   0.9871   0.5048  -0.0821  -0.8400  -1.4046
 -1.9797  -2.5803  -3.2274  -3.9519  -4.8027  -5.8549  -7.2279  -9.1101 -11.7998
-15.7697 -21.7688 -30.9841 -36.9896 -36.9896 -36.9896 -36.9896 -36.9896 -36.9896
-36.9896 -36.9896 -36.9896 -36.9896 -36.9896 -36.9896 -36.9896 -36.9896 -36.9896
-36.9896 -36.9896
  0.0000   1.6380   1.6379   1.6376   1.6370   1.6355   1.6319   1.6233   1.6054
  1.5758   1.5390   1.4717   1.3072   0.9897   0.5042  -0.0848  -0.8396  -1.4010
 -1.9751  -2.5765  -3.2245  -3.9501  -4.8013  -5.8541  -7.2274  -9.1098 -11.7997
-15.7697 -21.7688 -30.9842 -36.9897 -36.9897 -36.9897 -36.9897 -36.9897 -36.9897
-36.9897 -36.9897 -36.9897 -36.9897 -36.9897 -36.9897 -36.9897 -36.9897 -36.9897
-36.9897 -36.9897
  0.0000   1.6368   1.6367   1.6365   1.6361   1.6349   1.6319   1.6249   1.6094
  1.5809   1.5409   1.4735   1.3092   0.9873   0.4953  -0.0959  -0.8441  -1.3983
 -1.9692  -2.5703  -3.2196  -3.9465  -4.7988  -5.8523  -7.2262  -9.1090 -11.7990
-15.7692 -21.7685 -30.9839 -36.9895 -36.9895 -36.9895 -36.9895 -36.9895 -36.9895
-36.9895 -36.9895 -36.9895 -36.9895 -36.9895 -36.9895 -36.9895 -36.9895 -36.9895
-36.9895 -36.9895
  0.0000   1.6281   1.6281   1.6279   1.6276   1.6269   1.6250   1.6205   1.6098
  1.5870   1.5458   1.4741   1.3122   0.9864   0.4847  -0.1128  -0.8561  -1.4004
 -1.9652  -2.5646  -3.2143  -3.9426  -4.7963  -5.8506  -7.2253  -9.1086 -11.7990
-15.7694 -21.7688 -30.9842 -36.9900 -36.9900 -36.9900 -36.9900 -36.9900 -36.9900
-36.9900 -36.9900 -36.9900 -36.9900 -36.9900 -36.9900 -36.9900 -36.9900 -36.9900
-36.9900 -36.9900
 -1.0000   1.8154   1.8151   1.8144   1.8125   1.8081   1.7983   1.7791   1.7494
  1.7120   1.6481   1.5034   1.2145   0.7878   0.1242  -0.4675  -0.9907  -1.5446
 -2.1498  -2.8330  -3.6330  -4.6111  -5.8661  -7.5573  -9.9399 -13.4191 -18.6377
-26.6143 -36.9827 -36.9827 -36.9827 -36.9827 -36.9827 -36.9827 -36.9827 -36.9827
-36.9827 -36.9827 -36.9827 -36.9827 -36.9827 -36.9827 -36.9827 -36.9827 -36.9827
-36.9827 -36.9827
  0.0000   1.8148   1.8145   1.8138   1.8120   1.8077   1.7981   1.7792   1.7495
  1.7120   1.6481   1.5034   1.2146   0.7878   0.1242  -0.4675  -0.9907  -1.5446
 -2.1498  -2.8330  -3.6330  -4.6111  -5.8661  -7.5573  -9.9399 -13.4191 -18.6377
-26.6143 -36.9827 -36.9827 -36.9827 -36.9827 -36.9827 -36.9827 -36.9827 -36.9827
-36.9827 -36.9827 -36.9827 -36.9827 -36.9827 -36.9827 -36.9827 -36.9827 -36.9827
-36.9827 -36.9827
  0.0000   1.6917   1.6916   1.6914   1.6907   1.6893   1.6858   1.6780   1.6624
  1.6366   1.5961   1.5061   1.2952   0.9219   0.3204  -0.3167  -0.9112  -1.5083
 -2.1438  -2.8439  -3.6500  -4.6271  -5.8783  -7.5654  -9.9445 -13.4212 -18.6382
-26.6136 -36.9799 -36.9799 -36.9799 -36.9799 -36.9799 -36.9799 -36.9799 -36.9799
-36.9799 -36.9799 -36.9799 -36.9799 -36.9799 -36.9799 -36.9799 -36.9799 -36.9799
-36.9799 -36.9799
  0.0000   1.6589   1.6588   1.6586   1.6582   1.6570   1.6542   1.6478   1.6344
  1.6114   1.5770   1.5031   1.3166   0.9618   0.3604  -0.3016  -0.9088  -1.5105
 -2.1469  -2.8465  -3.6516  -4.6279  -5.8787  -7.5653  -9.9441 -13.4207 -18.6375
-26.6128 -36.9790 -36.9790 -36.9790 -36.9790 -36.9790 -36.9790 -36.9790 -36.9790
-36.9790 -36.9790 -36.9790 -36.9790 -36.9790 -36.9790 -36.9790 -36.9790 -36.9790
-36.9790 -36.9790
  0.0000   1.6547   1.6546   1.6544   1.6539   1.6525   1.6492   1.6418   1.6266
  1.6025   1.5708   1.5022   1.3210   0.9722   0.3635  -0.3005  -0.9070  -1.5083
 -2.1452  -2.8452  -3.6508  -4.6274  -5.8784  -7.5652  -9.9441 -13.4207 -18.6376
-26.6129 -36.9792 -36.9792 -36.9792 -36.9792 -36.9792 -36.9792 -36.9792 -36.9792
-36.9792 -36.9792 -36.9792 -36.9792 -36.9792 -36.9792 -36.9792 -36.9792 -36.9792
-36.9792 -36.9792
  0.0000   1.6610   1.6609   1.6606   1.6600   1.6584   1.6544   1.6455   1.6279
  1.6014   1.5710   1.5041   1.3211   0.9712   0.3492  -0.3064  -0.9055  -1.5042
 -2.1406  -2.8416  -3.6482  -4.6257  -5.8771  -7.5644  -9.9436 -13.4204 -18.6374
-26.6128 -36.9792 -36.9792 -36.9792 -36.9792 -36.9792 -36.9792 -36.9792 -36.9792
-36.9792 -36.9792 -36.9792 -36.9792 -36.9792 -36.9792 -36.9792 -36.9792 -36.9792
-36.9792 -36.9792
  0.0000   1.6658   1.6657   1.6655   1.6648   1.6633   1.6596   1.6510   1.6333
  1.6055   1.5734   1.5064   1.3213   0.9668   0.3268  -0.3188  -0.9073  -1.5007
 -2.1355  -2.8368  -3.6445  -4.6232  -5.8752  -7.5632  -9.9428 -13.4199 -18.6370
-26.6125 -36.9791 -36.9791 -36.9791 -36.9791 -36.9791 -36.9791 -36.9791 -36.9791
-36.9791 -36.9791 -36.9791 -36.9791 -36.9791 -36.9791 -36.9791 -36.9791 -36.9791
-36.9791 -36.9791
 -2.0000   1.8240   1.8238   1.8232   1.8221   1.8197   1.8147   1.8045   1.7863
  1.7563   1.6874   1.5197   1.1755   0.6203   0.0702  -0.4878  -1.0786  -1.7366
 -2.4960  -3.4089  -4.5592  -6.0834  -8.1999 -11.2565 -15.8045 -22.7177 -33.3800
-36.9691 -36.9691 -36.9691 -36.9691 -36.9691 -36.9691 -36.9691 -36.9691 -36.9691
-36.9691 -36.9691 -36.9691 -36.9691 -36.9691 -36.9691 -36.9691 -36.9691 -36.9691
-36.9691 -36.9691
 -1.0000   1.8239   1.8237   1.8232   1.8220   1.8197   1.8147   1.8045   1.7863
  1.7563   1.6874   1.5197   1.1756   0.6204   0.0702  -0.4878  -1.0786  -1.7366
 -2.4960  -3.4089  -4.5592  -6.0834  -8.1999 -11.2565 -15.8045 -22.7177 -33.3800
-36.9691 -36.9691 -36.9691 -36.9691 -36.9691 -36.9691 -36.9691 -36.9691 -36.9691
-36.9691 -36.9691 -36.9691 -36.9691 -36.9691 -36.9691 -36.9691 -36.9691 -36.9691
-36.9691 -36.9691
  0.0000   1.8237   1.8235   1.8230   1.8220   1.8196   1.8146   1.8045   1.7863
  1.7563   1.6874   1.5197   1.1756   0.6204   0.0702  -0.4878  -1.0786  -1.7366
 -2.4960  -3.4089  -4.5592  -6.0834  -8.1999 -11.2565 -15.8045 -22.7177 -33.3800
-36.9691 -36.9691 -36.9691 -36.9691 -36.9691 -36.9691 -36.9691 -36.9691 -36.9691
-36.9691 -36.9691 -36.9691 -36.9691 -36.9691 -36.9691 -36.9691 -36.9691 -36.9691
-36.9691 -36.9691
  0.0000   1.7368   1.7367   1.7364   1.7359   1.7347   1.7322   1.7270   1.7160
  1.6939   1.6457   1.5292   1.2710   0.7786   0.1846  -0.4237  -1.0523  -1.7345
 -2.5053  -3.4207  -4.5689  -6.0894  -8.2030 -11.2572 -15.8035 -22.7155 -33.3771
-36.9649 -36.9649 -36.9649 -36.9649 -36.9649 -36.9649 -36.9649 -36.9649 -36.9649
-36.9649 -36.9649 -36.9649 -36.9649 -36.9649 -36.9649 -36.9649 -36.9649 -36.9649
-36.9649 -36.9649
  0.0000   1.7195   1.7194   1.7193   1.7188   1.7178   1.7157   1.7110   1.7011
  1.6805   1.6356   1.5305   1.2904   0.8069   0.1994  -0.4187  -1.0519  -1.7355
 -2.5063  -3.4212  -4.5689  -6.0892  -8.2023 -11.2563 -15.8026 -22.7145 -33.3760
-36.9637 -36.9637 -36.9637 -36.9637 -36.9637 -36.9637 -36.9637 -36.9637 -36.9637
-36.9637 -36.9637 -36.9637 -36.9637 -36.9637 -36.9637 -36.9637 -36.9637 -36.9637
-36.9637 -36.9637
  0.0000   1.7221   1.7221   1.7219   1.7215   1.7204   1.7181   1.7131   1.7025
  1.6817   1.6376   1.5307   1.2884   0.7989   0.1946  -0.4197  -1.0509  -1.7342
 -2.5053  -3.4206  -4.5688  -6.0892  -8.2027 -11.2569 -15.8032 -22.7151 -33.3767
-36.9645 -36.9645 -36.9645 -36.9645 -36.9645 -36.9645 -36.9645 -36.9645 -36.9645
-36.9645 -36.9645 -36.9645 -36.9645 -36.9645 -36.9645 -36.9645 -36.9645 -36.9645
-36.9645 -36.9645
  0.0000   1.7310   1.7309   1.7307   1.7303   1.7293   1.7269   1.7215   1.7101
  1.6883   1.6427   1.5327   1.2820   0.7798   0.1830  -0.4229  -1.0496  -1.7311
 -2.5023  -3.4183  -4.5672  -6.0883  -8.2021 -11.2566 -15.8031 -22.7151 -33.3768
-36.9647 -36.9647 -36.9647 -36.9647 -36.9647 -36.9647 -36.9647 -36.9647 -36.9647
-36.9647 -36.9647 -36.9647 -36.9647 -36.9647 -36.9647 -36.9647 -36.9647 -36.9647
-36.9647 -36.9647
 -3.0000   1.8995   1.8990   1.8983   1.8970   1.8946   1.8898   1.8797   1.8579
  1.8096   1.7009   1.4693   1.0692   0.5637   0.0011  -0.6283  -1.3494  -2.2054
 -3.2671  -4.6498  -6.5399  -9.2354 -13.2093 -19.2110 -28.4281 -36.9363 -36.9363
-36.9363 -36.9363 -36.9363 -36.9363 -36.9363 -36.9363 -36.9363 -36.9363 -36.9363
-36.9363 -36.9363 -36.9363 -36.9363 -36.9363 -36.9363 -36.9363 -36.9363 -36.9363
-36.9363 -36.9363
 -2.0000   1.8994   1.8990   1.8983   1.8970   1.8946   1.8898   1.8797   1.8579
  1.8096   1.7009   1.4693   1.0692   0.5637   0.0011  -0.6283  -1.3494  -2.2054
 -3.2671  -4.6498  -6.5399  -9.2354 -13.2093 -19.2110 -28.4281 -36.9363 -36.9363
-36.9363 -36.9363 -36.9363 -36.9363 -36.9363 -36.9363 -36.9363 -36.9363 -36.9363
-36.9363 -36.9363 -36.9363 -36.9363 -36.9363 -36.9363 -36.9363 -36.9363 -36.9363
-36.9363 -36.9363
 -1.0000   1.8994   1.8990   1.8983   1.8970   1.8946   1.8898   1.8797   1.8579
  1.8096   1.7009   1.4693   1.0692   0.5637   0.0011  -0.6283  -1.3494  -2.2054
 -3.2671  -4.6498  -6.5399  -9.2354 -13.2093 -19.2110 -28.4281 -36.9363 -36.9363
-36.9363 -36.9363 -36.9363 -36.9363 -36.9363 -36.9363 -36.9363 -36.9363 -36.9363
-36.9363 -36.9363 -36.9363 -36.9363 -36.9363 -36.9363 -36.9363 -36.9363 -36.9363
-36.9363 -36.9363
  0.0000   1.8993   1.8989   1.8982   1.8970   1.8945   1.8898   1.8797   1.8579
  1.8096   1.7009   1.4694   1.0693   0.5637   0.0011  -0.6283  -1.3494  -2.2054
 -3.2671  -4.6498  -6.5399  -9.2354 -13.2093 -19.2110 -28.4281 -36.9363 -36.9363
-36.9363 -36.9363 -36.9363 -36.9363 -36.9363 -36.9363 -36.9363 -36.9363 -36.9363
-36.9363 -36.9363 -36.9363 -36.9363 -36.9363 -36.9363 -36.9363 -36.9363 -36.9363
-36.9363 -36.9363
  0.0000   1.8192   1.8190   1.8185   1.8175   1.8155   1.8118   1.8044   1.7892
  1.7563   1.6837   1.5212   1.1811   0.6642   0.0634  -0.5994  -1.3420  -2.2083
 -3.2722  -4.6533  -6.5407  -9.2339 -13.2059 -19.2064 -28.4226 -36.9293 -36.9293
-36.9293 -36.9293 -36.9293 -36.9293 -36.9293 -36.9293 -36.9293 -36.9293 -36.9293
-36.9293 -36.9293 -36.9293 -36.9293 -36.9293 -36.9293 -36.9293 -36.9293 -36.9293
-36.9293 -36.9293
  0.0000   1.8056   1.8054   1.8050   1.8040   1.8021   1.7986   1.7916   1.7772
  1.7467   1.6797   1.5285   1.1988   0.6780   0.0701  -0.5976  -1.3424  -2.2090
 -3.2727  -4.6533  -6.5403  -9.2332 -13.2051 -19.2055 -28.4215 -36.9281 -36.9281
-36.9281 -36.9281 -36.9281 -36.9281 -36.9281 -36.9281 -36.9281 -36.9281 -36.9281
-36.9281 -36.9281 -36.9281 -36.9281 -36.9281 -36.9281 -36.9281 -36.9281 -36.9281
-36.9281 -36.9281
  0.0000   1.8108   1.8106   1.8103   1.8094   1.8076   1.8040   1.7968   1.7817
  1.7497   1.6801   1.5261   1.1933   0.6730   0.0678  -0.5980  -1.3419  -2.2084
 -3.2722  -4.6530  -6.5401  -9.2332 -13.2051 -19.2055 -28.4217 -36.9283 -36.9283
-36.9283 -36.9283 -36.9283 -36.9283 -36.9283 -36.9283 -36.9283 -36.9283 -36.9283
-36.9283 -36.9283 -36.9283 -36.9283 -36.9283 -36.9283 -36.9283 -36.9283 -36.9283
-36.9283 -36.9283
 -4.0000   1.9594   1.9586   1.9572   1.9551   1.9507   1.9431   1.9284   1.8988
  1.8364   1.7039   1.4420   1.0268   0.4719  -0.1952  -0.9927  -1.9745  -3.2358
 -4.9338  -7.3221 -10.8056 -16.0271 -24.0054 -36.3548 -36.8773 -36.8773 -36.8773
-36.8773 -36.8773 -36.8773 -36.8773 -36.8773 -36.8773 -36.8773 -36.8773 -36.8773
-36.8773 -36.8773 -36.8773 -36.8773 -36.8773 -36.8773 -36.8773 -36.8773 -36.8773
-36.8773 -36.8773
 -3.0000   1.9594   1.9586   1.9572   1.9551   1.9507   1.9431   1.9284   1.8988
  1.8364   1.7039   1.4420   1.0268   0.4719  -0.1952  -0.9927  -1.9745  -3.2358
 -4.9338  -7.3221 -10.8056 -16.0271 -24.0054 -36.3548 -36.8773 -36.8773 -36.8773
-36.8773 -36.8773 -36.8773 -36.8773 -36.8773 -36.8773 -36.8773 -36.8773 -36.8773
-36.8773 -36.8773 -36.8773 -36.8773 -36.8773 -36.8773 -36.8773 -36.8773 -36.8773
-36.8773 -36.8773
 -2.0000   1.9594   1.9586   1.9572   1.9551   1.9507   1.9431   1.9284   1.8988
  1.8364   1.7039   1.4420   1.0268   0.4719  -0.1952  -0.9927  -1.9745  -3.2358
 -4.9338  -7.3221 -10.8056 -16.0271 -24.0054 -36.3548 -36.8773 -36.8773 -36.8773
-36.8773 -36.8773 -36.8773 -36.8773 -36.8773 -36.8773 -36.8773 -36.8773 -36.8773
-36.8773 -36.8773 -36.8773 -36.8773 -36.8773 -36.8773 -36.8773 -36.8773 -36.8773
-36.8773 -36.8773
 -1.0000   1.9594   1.9586   1.9572   1.9551   1.9507   1.9431   1.9284   1.8988
  1.8364   1.7039   1.4420   1.0268   0.4719  -0.1952  -0.9927  -1.9745  -3.2358
 -4.9338  -7.3221 -10.8056 -16.0271 -24.0054 -36.3548 -36.8773 -36.8773 -36.8773
-36.8773 -36.8773 -36.8773 -36.8773 -36.8773 -36.8773 -36.8773 -36.8773 -36.8773
-36.8773 -36.8773 -36.8773 -36.8773 -36.8773 -36.8773 -36.8773 -36.8773 -36.8773
-36.8773 -36.8773
  0.0000   1.9593   1.9586   1.9572   1.9550   1.9507   1.9431   1.9284   1.8988
  1.8364   1.7039   1.4420   1.0268   0.4719  -0.1952  -0.9927  -1.9745  -3.2358
 -4.9338  -7.3221 -10.8056 -16.0271 -24.0054 -36.3548 -36.8773 -36.8773 -36.8773
-36.8773 -36.8773 -36.8773 -36.8773 -36.8773 -36.8773 -36.8773 -36.8773 -36.8773
-36.8773 -36.8773 -36.8773 -36.8773 -36.8773 -36.8773 -36.8773 -36.8773 -36.8773
-36.8773 -36.8773
  0.0000   1.8676   1.8670   1.8659   1.8634   1.8584   1.8551   1.8461   1.8294
  1.7952   1.7144   1.5170   1.1292   0.5515  -0.1494  -0.9723  -1.9678  -3.2338
 -4.9315  -7.3177 -10.7989 -16.0189 -23.9960 -36.3443 -36.8653 -36.8653 -36.8653
-36.8653 -36.8653 -36.8653 -36.8653 -36.8653 -36.8653 -36.8653 -36.8653 -36.8653
-36.8653 -36.8653 -36.8653 -36.8653 -36.8653 -36.8653 -36.8653 -36.8653 -36.8653
-36.8653 -36.8653
  0.0000   1.8380   1.8375   1.8365   1.8348   1.8318   1.8272   1.8197   1.8068
  1.7811   1.7157   1.5378   1.1565   0.5693  -0.1417  -0.9701  -1.9674  -3.2335
 -4.9307  -7.3162 -10.7968 -16.0165 -23.9933 -36.3415 -36.8622 -36.8622 -36.8622
-36.8622 -36.8622 -36.8622 -36.8622 -36.8622 -36.8622 -36.8622 -36.8622 -36.8622
-36.8622 -36.8622 -36.8622 -36.8622 -36.8622 -36.8622 -36.8622 -36.8622 -36.8622
-36.8622 -36.8622
nl= 1 nu= 7
  0.0000  -0.7838  -0.7838  -0.7838  -0.7838  -0.7838  -0.7838  -0.7838  -0.7838
 -0.7838  -0.7838  -0.7838  -0.7838  -0.7838  -0.7839  -0.7841  -0.7847  -0.7861
 -0.7896  -0.7984  -0.8205  -0.8760  -1.0155  -1.3659  -2.2457  -4.4333  -6.3107
 -6.8475  -7.3634  -7.8806  -8.3868  -8.9360  -9.4720 -10.2266 -10.7576 -11.3060
-11.8823 -12.5029 -13.1939 -13.9965 -14.9760 -16.2360 -17.9405 -20.3495 -23.8750
  0.0000  -0.9354  -0.9354  -0.9354  -0.9354  -0.9354  -0.9354  -0.9354  -0.9354
 -0.9354  -0.9354  -0.9354  -0.9354  -0.9354  -0.9355  -0.9356  -0.9359  -0.9366
 -0.9383  -0.9427  -0.9538  -0.9816  -1.0513  -1.2266  -1.6667  -2.7719  -5.4694
 -6.8234  -7.3533  -7.8758  -8.3848  -8.9351  -9.4720 -10.2265 -10.7581 -11.3067
-11.8832 -12.5039 -13.1950 -13.9976 -14.9772 -16.2372 -17.9417 -20.3507 -23.8762
  0.0000  -1.0859  -1.0859  -1.0859  -1.0859  -1.0859  -1.0859  -1.0859  -1.0859
 -1.0859  -1.0859  -1.0859  -1.0859  -1.0859  -1.0859  -1.0860  -1.0861  -1.0865
 -1.0873  -1.0895  -1.0951  -1.1089  -1.1438  -1.2315  -1.4516  -2.0044  -3.3925
 -6.4969  -7.3326  -7.8654  -8.3795  -8.9316  -9.4699 -10.2243 -10.7568 -11.3059
-11.8827 -12.5036 -13.1948 -13.9975 -14.9771 -16.2372 -17.9417 -20.3507 -23.8762
  0.0000  -1.2364  -1.2364  -1.2364  -1.2364  -1.2364  -1.2364  -1.2364  -1.2364
 -1.2364  -1.2364  -1.2364  -1.2364  -1.2364  -1.2364  -1.2364  -1.2365  -1.2367
 -1.2371  -1.2382  -1.2410  -1.2479  -1.2654  -1.3092  -1.4192  -1.6957  -2.3901
 -4.1332  -7.2685  -7.8475  -8.3703  -8.9257  -9.4663 -10.2204 -10.7546 -11.3045
-11.8818 -12.5030 -13.1944 -13.9973 -14.9770 -16.2371 -17.9416 -20.3506 -23.8762
  0.0000  -1.3867  -1.3867  -1.3867  -1.3867  -1.3867  -1.3867  -1.3867  -1.3867
 -1.3867  -1.3867  -1.3867  -1.3867  -1.3867  -1.3867  -1.3867  -1.3868  -1.3868
 -1.3871  -1.3876  -1.3890  -1.3925  -1.4012  -1.4231  -1.4781  -1.6163  -1.9636
 -2.8357  -5.0238  -7.8158  -8.3554  -8.9158  -9.4604 -10.2139 -10.7506 -11.3019
-11.8801 -12.5019 -13.1936 -13.9967 -14.9765 -16.2367 -17.9413 -20.3504 -23.8759
  0.0000  -1.5374  -1.5374  -1.5374  -1.5374  -1.5374  -1.5374  -1.5374  -1.5374
 -1.5374  -1.5374  -1.5374  -1.5374  -1.5374  -1.5374  -1.5374  -1.5374  -1.5375
 -1.5376  -1.5379  -1.5386  -1.5403  -1.5446  -1.5556  -1.5831  -1.6522  -1.8258
 -2.2619  -3.3573  -6.0992  -8.3320  -8.9010  -9.4516 -10.2041 -10.7452 -11.2981
-11.8777 -12.5004 -13.1928 -13.9963 -14.9763 -16.2367 -17.9414 -20.3505 -23.8760
  0.0000  -1.6881  -1.6881  -1.6881  -1.6881  -1.6881  -1.6881  -1.6881  -1.6881
 -1.6881  -1.6881  -1.6881  -1.6881  -1.6881  -1.6881  -1.6881  -1.6881  -1.6882
 -1.6882  -1.6883  -1.6887  -1.6896  -1.6917  -1.6972  -1.7110  -1.7455  -1.8323
 -2.0503  -2.5980  -3.9738  -7.6181  -8.8790  -9.4394 -10.1895 -10.7370 -11.2925
-11.8739 -12.4980 -13.1913 -13.9954 -14.9759 -16.2364 -17.9413 -20.3505 -23.8761
  0.0000  -0.4542  -0.4542  -0.4542  -0.4542  -0.4542  -0.4542  -0.4542  -0.4542
 -0.4542  -0.4542  -0.4542  -0.4543  -0.4544  -0.4548  -0.4559  -0.4584  -0.4649
 -0.4812  -0.5220  -0.6245  -0.8820  -1.5285  -3.1412  -5.2847  -5.8405  -6.3615
 -6.8807  -7.3877  -7.8957  -8.4721  -9.2220  -9.7491 -10.2908 -10.8563 -11.4598
-12.1237 -12.8833 -13.7946 -14.9465 -16.4796 -18.6169 -21.7119 -26.3246 -33.3429
  0.0000  -0.6021  -0.6021  -0.6021  -0.6021  -0.6021  -0.6021  -0.6021  -0.6021
 -0.6021  -0.6021  -0.6021  -0.6022  -0.6023  -0.6025  -0.6030  -0.6043  -0.6075
 -0.6156  -0.6360  -0.6873  -0.8162  -1.1398  -1.9522  -3.9684  -5.8044  -6.3444
 -6.8706  -7.3812  -7.8909  -8.4679  -9.2179  -9.7456 -10.2877 -10.8535 -11.4572
-12.1211 -12.8808 -13.7922 -14.9440 -16.4772 -18.6145 -21.7095 -26.3222 -33.3405
  0.0000  -0.7525  -0.7525  -0.7525  -0.7525  -0.7525  -0.7525  -0.7525  -0.7525
 -0.7525  -0.7525  -0.7526  -0.7526  -0.7526  -0.7527  -0.7530  -0.7536  -0.7552
 -0.7593  -0.7695  -0.7952  -0.8596  -1.0215  -1.4280  -2.4487  -4.9386  -6.3176
 -6.8575  -7.3743  -7.8870  -8.4651  -9.2150  -9.7440 -10.2866 -10.8528 -11.4568
-12.1209 -12.8806 -13.7920 -14.9440 -16.4771 -18.6145 -21.7095 -26.3222 -33.3405
  0.0000  -0.9030  -0.9030  -0.9030  -0.9030  -0.9030  -0.9030  -0.9030  -0.9030
 -0.9030  -0.9030  -0.9030  -0.9030  -0.9030  -0.9031  -0.9032  -0.9035  -0.9044
 -0.9064  -0.9115  -0.9243  -0.9565  -1.0375  -1.2408  -1.7515  -3.0336  -5.9593
 -6.8349  -7.3631  -7.8804  -8.4604  -9.2101  -9.7411 -10.2848 -10.8516 -11.4561
-12.1204 -12.8803 -13.7919 -14.9439 -16.4770 -18.6144 -21.7094 -26.3222 -33.3405
  0.0000  -1.0569  -1.0569  -1.0569  -1.0569  -1.0569  -1.0569  -1.0569  -1.0569
 -1.0569  -1.0569  -1.0569  -1.0569  -1.0569  -1.0570  -1.0570  -1.0572  -1.0576
 -1.0586  -1.0612  -1.0676  -1.0837  -1.1242  -1.2258  -1.4812  -2.1227  -3.7328
 -6.7650  -7.3484  -7.8736  -8.4563  -9.2059  -9.7400 -10.2852 -10.8532 -11.4582
-12.1231 -12.8832 -13.7950 -14.9471 -16.4803 -18.6177 -21.7128 -26.3256 -33.3439
  0.0000  -1.2040  -1.2040  -1.2040  -1.2040  -1.2040  -1.2040  -1.2040  -1.2040
 -1.2040  -1.2040  -1.2040  -1.2040  -1.2040  -1.2040  -1.2041  -1.2041  -1.2043
 -1.2049  -1.2061  -1.2093  -1.2174  -1.2376  -1.2885  -1.4162  -1.7369  -2.5427
 -4.5638  -7.3153  -7.8551  -8.4413  -9.1904  -9.7296 -10.2770 -10.8466 -11.4527
-12.1183 -12.8790 -13.7910 -14.9433 -16.4767 -18.6142 -21.7093 -26.3221 -33.3404
  0.0000  -1.3545  -1.3545  -1.3545  -1.3545  -1.3545  -1.3545  -1.3545  -1.3545
 -1.3545  -1.3545  -1.3545  -1.3545  -1.3545  -1.3545  -1.3545  -1.3546  -1.3547
 -1.3549  -1.3556  -1.3572  -1.3612  -1.3713  -1.3967  -1.4606  -1.6209  -2.0238
 -3.0358  -5.5691  -7.8329  -8.4256  -9.1737  -9.7197 -10.2698 -10.8417 -11.4494
-12.1162 -12.8776 -13.7902 -14.9428 -16.4764 -18.6140 -21.7092 -26.3220 -33.3404
  0.0000  -0.1193  -0.1193  -0.1193  -0.1193  -0.1193  -0.1193  -0.1193  -0.1193
 -0.1194  -0.1194  -0.1195  -0.1198  -0.1206  -0.1225  -0.1272  -0.1391  -0.1691
 -0.2443  -0.4332  -0.9073  -2.0893  -4.1938  -4.8246  -5.3521  -5.8656  -6.3823
 -6.8908  -7.4388  -8.0422  -8.7361  -9.2722  -9.8286 -10.4175 -11.0582 -11.7809
-12.6337 -13.6928 -15.0789 -16.9832 -19.7089 -23.7364 -29.8271 -36.9999 -36.9999
  0.0000  -0.2696  -0.2696  -0.2696  -0.2696  -0.2696  -0.2696  -0.2696  -0.2696
 -0.2696  -0.2696  -0.2697  -0.2698  -0.2702  -0.2711  -0.2735  -0.2795  -0.2945
 -0.3321  -0.4268  -0.6644  -1.2609  -2.7451  -4.7712  -5.3334  -5.8563  -6.3771
 -6.8879  -7.4369  -8.0408  -8.7349  -9.2716  -9.8283 -10.4174 -11.0582 -11.7809
-12.6338 -13.6929 -15.0791 -16.9834 -19.7091 -23.7366 -29.8273 -37.0001 -37.0001
  0.0000  -0.4197  -0.4197  -0.4197  -0.4197  -0.4197  -0.4197  -0.4197  -0.4197
 -0.4197  -0.4197  -0.4197  -0.4198  -0.4200  -0.4205  -0.4217  -0.4247  -0.4322
 -0.4510  -0.4984  -0.6173  -0.9161  -1.6660  -3.5220  -5.2981  -5.8403  -6.3682
 -6.8828  -7.4334  -8.0381  -8.7325  -9.2701  -9.8273 -10.4168 -11.0577 -11.7806
-12.6336 -13.6928 -15.0789 -16.9833 -19.7090 -23.7365 -29.8271 -37.0000 -37.0000
  0.0000  -0.5700  -0.5700  -0.5700  -0.5700  -0.5700  -0.5700  -0.5700  -0.5700
 -0.5700  -0.5700  -0.5701  -0.5701  -0.5702  -0.5704  -0.5710  -0.5725  -0.5763
 -0.5857  -0.6094  -0.6689  -0.8184  -1.1939  -2.1363  -4.4306  -5.8131  -6.3542
 -6.8749  -7.4280  -8.0341  -8.7286  -9.2677  -9.8258 -10.4158 -11.0571 -11.7802
-12.6333 -13.6926 -15.0788 -16.9832 -19.7089 -23.7364 -29.8271 -37.0000 -37.0000
  0.0000  -0.7204  -0.7204  -0.7204  -0.7204  -0.7204  -0.7204  -0.7204  -0.7204
 -0.7204  -0.7204  -0.7204  -0.7204  -0.7205  -0.7206  -0.7209  -0.7216  -0.7235
 -0.7282  -0.7401  -0.7698  -0.8446  -1.0324  -1.5042  -2.6881  -5.4090  -6.3316
 -6.8627  -7.4195  -8.0275  -8.7227  -9.2638  -9.8232 -10.4141 -11.0560 -11.7795
-12.6328 -13.6923 -15.0785 -16.9830 -19.7088 -23.7363 -29.8270 -36.9999 -36.9999
  0.0000  -0.8708  -0.8708  -0.8708  -0.8708  -0.8708  -0.8708  -0.8708  -0.8708
 -0.8708  -0.8708  -0.8708  -0.8708  -0.8709  -0.8709  -0.8711  -0.8714  -0.8724
 -0.8747  -0.8807  -0.8955  -0.9329  -1.0269  -1.2628  -1.8554  -3.3423  -6.2343
 -6.8455  -7.4074  -8.0178  -8.7134  -9.2581  -9.8192 -10.4115 -11.0543 -11.7785
-12.6322 -13.6918 -15.0783 -16.9828 -19.7087 -23.7362 -29.8270 -36.9999 -36.9999
  0.0000  -1.0221  -1.0221  -1.0221  -1.0221  -1.0221  -1.0221  -1.0221  -1.0221
 -1.0221  -1.0221  -1.0221  -1.0221  -1.0221  -1.0222  -1.0222  -1.0224  -1.0229
 -1.0241  -1.0270  -1.0345  -1.0532  -1.1001  -1.2181  -1.5145  -2.2588  -4.1254
 -6.8153  -7.3923  -8.0059  -8.7014  -9.2504  -9.8141 -10.4083 -11.0525 -11.7775
-12.6319 -13.6920 -15.0787 -16.9834 -19.7093 -23.7369 -29.8277 -37.0007 -37.0007
  0.0000   0.2102   0.2102   0.2102   0.2102   0.2102   0.2102   0.2102   0.2101
  0.2101   0.2098   0.2093   0.2079   0.2044   0.1957   0.1739   0.1190  -0.0189
 -0.3644  -1.2237  -3.0021  -3.8084  -4.3444  -4.8615  -5.3799  -5.8871  -6.4368
 -6.9734  -7.7279  -8.2594  -8.8081  -9.3845 -10.0053 -10.6963 -11.4990 -12.4786
-13.7386 -15.4431 -17.8521 -21.3776 -26.6727 -34.7725 -37.0013 -37.0013 -37.0013
  0.0000   0.0623   0.0623   0.0623   0.0623   0.0623   0.0623   0.0623   0.0623
  0.0623   0.0622   0.0619   0.0612   0.0594   0.0551   0.0441   0.0165  -0.0528
 -0.2267  -0.6630  -1.7472  -3.6761  -4.3194  -4.8486  -5.3719  -5.8821  -6.4330
 -6.9705  -7.7249  -8.2572  -8.8062  -9.3829 -10.0038 -10.6950 -11.4977 -12.4773
-13.7374 -15.4419 -17.8509 -21.3764 -26.6715 -34.7713 -37.0001 -37.0001 -37.0001
  0.0000  -0.0873  -0.0873  -0.0873  -0.0873  -0.0873  -0.0873  -0.0873  -0.0873
 -0.0873  -0.0874  -0.0875  -0.0879  -0.0888  -0.0910  -0.0965  -0.1103  -0.1450
 -0.2323  -0.4514  -1.0011  -2.3643  -4.2611  -4.8291  -5.3612  -5.8759  -6.4288
 -6.9678  -7.7218  -8.2553  -8.8050  -9.3822 -10.0033 -10.6947 -11.4975 -12.4772
-13.7373 -15.4418 -17.8509 -21.3764 -26.6715 -34.7713 -37.0001 -37.0001 -37.0001
  0.0000  -0.2372  -0.2372  -0.2372  -0.2372  -0.2372  -0.2372  -0.2372  -0.2372
 -0.2372  -0.2373  -0.2373  -0.2375  -0.2380  -0.2391  -0.2418  -0.2487  -0.2661
 -0.3098  -0.4196  -0.6953  -1.3870  -3.0926  -4.7934  -5.3443  -5.8664  -6.4219
 -6.9634  -7.7168  -8.2522  -8.8030  -9.3809 -10.0025 -10.6941 -11.4971 -12.4769
-13.7371 -15.4417 -17.8507 -21.3763 -26.6714 -34.7712 -37.0000 -37.0000 -37.0000
  0.0000  -0.3899  -0.3899  -0.3899  -0.3899  -0.3899  -0.3899  -0.3899  -0.3899
 -0.3899  -0.3899  -0.3899  -0.3900  -0.3903  -0.3908  -0.3922  -0.3956  -0.4044
 -0.4262  -0.4812  -0.6192  -0.9659  -1.8356  -3.9459  -5.3196  -5.8554  -6.4144
 -6.9592  -7.7116  -8.2500  -8.8023  -9.3812 -10.0037 -10.6958 -11.4991 -12.4791
-13.7394 -15.4440 -17.8531 -21.3787 -26.6739 -34.7736 -37.0025 -37.0025 -37.0025
  0.0000  -0.5374  -0.5374  -0.5374  -0.5374  -0.5374  -0.5374  -0.5374  -0.5374
 -0.5374  -0.5374  -0.5374  -0.5374  -0.5375  -0.5378  -0.5385  -0.5402  -0.5446
 -0.5555  -0.5830  -0.6521  -0.8255  -1.2612  -2.3541  -4.8755  -5.8331  -6.3981
 -6.9471  -7.6974  -8.2400  -8.7944  -9.3749  -9.9985 -10.6915 -11.4953 -12.4756
-13.7361 -15.4409 -17.8501 -21.3757 -26.6709 -34.7707 -36.9996 -36.9996 -36.9996
  0.0000  -0.6910  -0.6910  -0.6910  -0.6910  -0.6910  -0.6910  -0.6910  -0.6910
 -0.6910  -0.6910  -0.6910  -0.6910  -0.6911  -0.6912  -0.6915  -0.6924  -0.6946
 -0.7001  -0.7138  -0.7483  -0.8351  -1.0530  -1.6004  -2.9732  -5.7022  -6.3835
 -6.9396  -7.6858  -8.2335  -8.7905  -9.3733  -9.9983 -10.6925 -11.4972 -12.4780
-13.7388 -15.4438 -17.8531 -21.3788 -26.6740 -34.7738 -37.0028 -37.0028 -37.0028
  0.0000   0.5376   0.5376   0.5376   0.5376   0.5376   0.5376   0.5375   0.5374
  0.5370   0.5360   0.5335   0.5272   0.5115   0.4721   0.3731   0.1255  -0.4870
 -1.8235  -2.7832  -3.3317  -3.8530  -4.3735  -4.8820  -5.3910  -5.9680  -6.7177
 -7.2455  -7.7876  -8.3535  -8.9572  -9.6212 -10.3808 -11.2922 -12.4441 -13.9772
-16.1146 -19.2095 -23.8223 -30.8405 -36.9999 -36.9999 -36.9999 -36.9999 -36.9999
  0.0000   0.3928   0.3928   0.3928   0.3928   0.3928   0.3927   0.3927   0.3926
  0.3924   0.3919   0.3907   0.3875   0.3795   0.3595   0.3093   0.1832  -0.1325
 -0.9139  -2.5011  -3.3004  -3.8377  -4.3640  -4.8758  -5.3867  -5.9643  -6.7140
 -7.2427  -7.7854  -8.3516  -8.9555  -9.6196 -10.3794 -11.2908 -12.4428 -13.9759
-16.1132 -19.2082 -23.8210 -30.8392 -36.9986 -36.9986 -36.9986 -36.9986 -36.9986
  0.0000   0.2434   0.2434   0.2434   0.2434   0.2434   0.2434   0.2434   0.2433
  0.2432   0.2430   0.2423   0.2407   0.2367   0.2266   0.2013   0.1376  -0.0221
 -0.4224  -1.4126  -3.1631  -3.8157  -4.3530  -4.8699  -5.3835  -5.9623  -6.7116
 -7.2418  -7.7853  -8.3521  -8.9564  -9.6208 -10.3807 -11.2922 -12.4442 -13.9773
-16.1147 -19.2097 -23.8224 -30.8407 -37.0001 -37.0001 -37.0001 -37.0001 -37.0001
  0.0000   0.0945   0.0945   0.0945   0.0945   0.0945   0.0945   0.0945   0.0944
  0.0944   0.0943   0.0939   0.0931   0.0911   0.0861   0.0733   0.0413  -0.0390
 -0.2408  -0.7464  -1.9943  -3.7538  -4.3335  -4.8592  -5.3764  -5.9566  -6.7055
 -7.2379  -7.7827  -8.3504  -8.9554  -9.6201 -10.3802 -11.2919 -12.4440 -13.9772
-16.1146 -19.2097 -23.8224 -30.8407 -37.0001 -37.0001 -37.0001 -37.0001 -37.0001
  0.0000  -0.0567  -0.0567  -0.0567  -0.0567  -0.0567  -0.0567  -0.0567  -0.0567
 -0.0567  -0.0568  -0.0570  -0.0574  -0.0584  -0.0609  -0.0673  -0.0834  -0.1237
 -0.2249  -0.4791  -1.1163  -2.6798  -4.2994  -4.8457  -5.3684  -5.9501  -6.6979
 -7.2338  -7.7803  -8.3494  -8.9552  -9.6206 -10.3812 -11.2931 -12.4453 -13.9786
-16.1161 -19.2112 -23.8240 -30.8423 -37.0017 -37.0017 -37.0017 -37.0017 -37.0017
  0.0000  -0.2048  -0.2048  -0.2048  -0.2048  -0.2048  -0.2048  -0.2049  -0.2049
 -0.2049  -0.2049  -0.2050  -0.2052  -0.2057  -0.2070  -0.2102  -0.2182  -0.2384
 -0.2891  -0.4165  -0.7363  -1.5383  -3.4754  -4.8207  -5.3544  -5.9375  -6.6832
 -7.2234  -7.7725  -8.3435  -8.9506  -9.6170 -10.3782 -11.2906 -12.4431 -13.9766
-16.1141 -19.2093 -23.8221 -30.8404 -36.9999 -36.9999 -36.9999 -36.9999 -36.9999
  0.0000  -0.3551  -0.3551  -0.3551  -0.3550  -0.3551  -0.3551  -0.3551  -0.3551
 -0.3551  -0.3551  -0.3551  -0.3552  -0.3555  -0.3561  -0.3577  -0.3617  -0.3718
 -0.3972  -0.4610  -0.6211  -1.0233  -2.0317  -4.3584  -5.3382  -5.9253  -6.6680
 -7.2129  -7.7640  -8.3374  -8.9466  -9.6142 -10.3764 -11.2894 -12.4424 -13.9761
-16.1139 -19.2091 -23.8220 -30.8403 -36.9999 -36.9999 -36.9999 -36.9999 -36.9999
  0.0000   0.8501   0.8501   0.8500   0.8500   0.8500   0.8499   0.8496   0.8489
  0.8472   0.8429   0.8321   0.8050   0.7370   0.5675   0.1521  -0.7654  -1.7427
 -2.3166  -2.8435  -3.3582  -3.8767  -4.3869  -4.9358  -5.5397  -6.2338  -6.7707
 -7.3276  -7.9168  -8.5576  -9.2804 -10.1334 -11.1925 -12.5786 -14.4830 -17.2087
-21.2362 -27.3269 -36.6876 -36.9997 -36.9997 -36.9997 -36.9997 -36.9997 -36.9997
  0.0000   0.7117   0.7117   0.7117   0.7117   0.7117   0.7116   0.7115   0.7111
  0.7103   0.7080   0.7024   0.6883   0.6528   0.5640   0.3422  -0.2024  -1.3633
 -2.2772  -2.8275  -3.3495  -3.8710  -4.3832  -4.9333  -5.5378  -6.2320  -6.7697
 -7.3270  -7.9165  -8.5575  -9.2804 -10.1334 -11.1926 -12.5788 -14.4832 -17.2089
-21.2364 -27.3271 -36.6878 -36.9999 -36.9999 -36.9999 -36.9999 -36.9999 -36.9999
  0.0000   0.5693   0.5693   0.5693   0.5693   0.5693   0.5693   0.5692   0.5690
  0.5686   0.5674   0.5645   0.5573   0.5391   0.4935   0.3790   0.0929  -0.6102
 -2.0098  -2.7983  -3.3356  -3.8622  -4.3773  -4.9288  -5.5342  -6.2284  -6.7672
 -7.3254  -7.9154  -8.5567  -9.2798 -10.1329 -11.1922 -12.5784 -14.4828 -17.2086
-21.2361 -27.3268 -36.6875 -36.9996 -36.9996 -36.9996 -36.9996 -36.9996 -36.9996
  0.0000   0.4218   0.4218   0.4218   0.4218   0.4217   0.4217   0.4217   0.4216
  0.4214   0.4208   0.4193   0.4157   0.4064   0.3832   0.3250   0.1790  -0.1863
 -1.0841  -2.6568  -3.3158  -3.8521  -4.3714  -4.9245  -5.5309  -6.2253  -6.7657
 -7.3250  -7.9158  -8.5576  -9.2811 -10.1344 -11.1938 -12.5801 -14.4845 -17.2103
-21.2379 -27.3286 -36.6893 -37.0014 -37.0014 -37.0014 -37.0014 -37.0014 -37.0014
  0.0000   0.2763   0.2763   0.2763   0.2763   0.2763   0.2763   0.2763   0.2762
  0.2761   0.2758   0.2751   0.2732   0.2686   0.2569   0.2275   0.1537  -0.0315
 -0.4950  -1.6317  -3.2490  -3.8328  -4.3592  -4.9139  -5.5213  -6.2156  -6.7587
 -7.3193  -7.9113  -8.5540  -9.2780 -10.1316 -11.1912 -12.5776 -14.4822 -17.2080
-21.2356 -27.3263 -36.6870 -36.9992 -36.9992 -36.9992 -36.9992 -36.9992 -36.9992
  0.0000   0.1252   0.1252   0.1252   0.1252   0.1252   0.1252   0.1252   0.1252
  0.1251   0.1250   0.1246   0.1236   0.1213   0.1154   0.1007   0.0635  -0.0296
 -0.2636  -0.8494  -2.2770  -3.8014  -4.3496  -4.9064  -5.5140  -6.2073  -6.7535
 -7.3166  -7.9101  -8.5539  -9.2788 -10.1330 -11.1929 -12.5796 -14.4842 -17.2102
-21.2378 -27.3286 -36.6893 -37.0015 -37.0015 -37.0015 -37.0015 -37.0015 -37.0015
  0.0000  -0.0210  -0.0210  -0.0210  -0.0210  -0.0210  -0.0210  -0.0210  -0.0210
 -0.0211  -0.0212  -0.0213  -0.0218  -0.0230  -0.0259  -0.0333  -0.0519  -0.0987
 -0.2161  -0.5109  -1.2494  -3.0210  -4.3267  -4.8926  -5.5009  -6.1919  -6.7408
 -7.3059  -7.9017  -8.5472  -9.2731 -10.1282 -11.1887 -12.5757 -14.4806 -17.2066
-21.2344 -27.3252 -36.6859 -36.9982 -36.9982 -36.9982 -36.9982 -36.9982 -36.9982
  0.0000   1.1270   1.1270   1.1270   1.1269   1.1268   1.1263   1.1253   1.1226
  1.1160   1.0994   1.0578   0.9546   0.7040   0.1472  -0.6715  -1.2905  -1.8290
 -2.3484  -2.8693  -3.3791  -3.9306  -4.4685  -5.2227  -5.7556  -6.3051  -6.8820
 -7.5031  -8.1944  -8.9972  -9.9768 -11.2369 -12.9414 -15.3504 -18.8760 -24.1711
-32.2708 -36.9997 -36.9997 -36.9997 -36.9997 -36.9997 -36.9997 -36.9997 -36.9997
  0.0000   1.0087   1.0087   1.0086   1.0086   1.0085   1.0083   1.0077   1.0062
  1.0026   0.9933   0.9702   0.9122   0.7683   0.4185  -0.3401  -1.2289  -1.8106
 -2.3389  -2.8627  -3.3746  -3.9271  -4.4661  -5.2199  -5.7537  -6.3038  -6.8811
 -7.5025  -8.1939  -8.9968  -9.9765 -11.2366 -12.9412 -15.3502 -18.8757 -24.1709
-32.2706 -36.9995 -36.9995 -36.9995 -36.9995 -36.9995 -36.9995 -36.9995 -36.9995
  0.0000   0.8793   0.8793   0.8793   0.8793   0.8792   0.8791   0.8788   0.8780
  0.8760   0.8711   0.8587   0.8275   0.7495   0.5553   0.0829  -0.9034  -1.7712
 -2.3250  -2.8543  -3.3689  -3.9225  -4.4629  -5.2162  -5.7512  -6.3022  -6.8803
 -7.5021  -8.1938  -8.9968  -9.9766 -11.2368 -12.9414 -15.3505 -18.8760 -24.1711
-32.2709 -36.9998 -36.9998 -36.9998 -36.9998 -36.9998 -36.9998 -36.9998 -36.9998
  0.0000   0.7425   0.7425   0.7425   0.7425   0.7425   0.7424   0.7423   0.7419
  0.7408   0.7382   0.7318   0.7155   0.6745   0.5720   0.3166  -0.3056  -1.5211
 -2.2984  -2.8422  -3.3611  -3.9156  -4.4577  -5.2099  -5.7472  -6.2994  -6.8785
 -7.5009  -8.1930  -8.9963  -9.9764 -11.2366 -12.9413 -15.3504 -18.8760 -24.1711
-32.2708 -36.9998 -36.9998 -36.9998 -36.9998 -36.9998 -36.9998 -36.9998 -36.9998
  0.0000   0.6003   0.6003   0.6003   0.6003   0.6003   0.6003   0.6002   0.6000
  0.5994   0.5981   0.5948   0.5864   0.5654   0.5125   0.3802   0.0498  -0.7550
 -2.1527  -2.8232  -3.3521  -3.9073  -4.4510  -5.2009  -5.7413  -6.2954  -6.8756
 -7.4992  -8.1920  -8.9958  -9.9761 -11.2365 -12.9413 -15.3505 -18.8761 -24.1713
-32.2710 -37.0000 -37.0000 -37.0000 -37.0000 -37.0000 -37.0000 -37.0000 -37.0000
  0.0000   0.4558   0.4558   0.4558   0.4558   0.4558   0.4558   0.4558   0.4556
  0.4554   0.4547   0.4530   0.4488   0.4381   0.4112   0.3438   0.1746  -0.2479
 -1.2751  -2.7525  -3.3395  -3.8975  -4.4425  -5.1882  -5.7318  -6.2881  -6.8705
 -7.4951  -8.1891  -8.9937  -9.9744 -11.2351 -12.9401 -15.3494 -18.8751 -24.1703
-32.2701 -36.9991 -36.9991 -36.9991 -36.9991 -36.9991 -36.9991 -36.9991 -36.9991
  0.0000   0.3056   0.3056   0.3056   0.3056   0.3056   0.3056   0.3055   0.3055
  0.3053   0.3050   0.3042   0.3020   0.2966   0.2830   0.2490   0.1634  -0.0512
 -0.5878  -1.8839  -3.3109  -3.8900  -4.4392  -5.1790  -5.7247  -6.2824  -6.8670
 -7.4937  -8.1889  -8.9945  -9.9760 -11.2372 -12.9424 -15.3519 -18.8777 -24.1730
-32.2728 -37.0019 -37.0019 -37.0019 -37.0019 -37.0019 -37.0019 -37.0019 -37.0019
  0.0000   1.3319   1.3319   1.3318   1.3316   1.3311   1.3298   1.3267   1.3188
  1.2991   1.2504   1.1319   0.8619   0.3568  -0.2492  -0.8018  -1.3291  -1.8559
 -2.3695  -2.8826  -3.4616  -4.2112  -4.7411  -5.2848  -5.8516  -6.4559  -7.1203
 -7.8802  -8.7918  -9.9438 -11.4769 -13.6143 -16.7093 -21.3221 -28.3404 -36.9997
-36.9997 -36.9997 -36.9997 -36.9997 -36.9997 -36.9997 -36.9997 -36.9997 -36.9997
  0.0000   1.2496   1.2496   1.2496   1.2494   1.2491   1.2483   1.2463   1.2414
  1.2289   1.1976   1.1203   0.9336   0.5190  -0.1560  -0.7784  -1.3196  -1.8502
 -2.3653  -2.8792  -3.4587  -4.2080  -4.7388  -5.2833  -5.8506  -6.4553  -7.1199
 -7.8799  -8.7915  -9.9436 -11.4768 -13.6142 -16.7092 -21.3220 -28.3403 -36.9996
-36.9996 -36.9996 -36.9996 -36.9996 -36.9996 -36.9996 -36.9996 -36.9996 -36.9996
  0.0000   1.1506   1.1506   1.1505   1.1505   1.1503   1.1498   1.1486   1.1456
  1.1382   1.1195   1.0729   0.9575   0.6793   0.0804  -0.7133  -1.3040  -1.8423
 -2.3596  -2.8746  -3.4545  -4.2029  -4.7357  -5.2808  -5.8492  -6.4543  -7.1193
 -7.8795  -8.7913  -9.9434 -11.4767 -13.6141 -16.7092 -21.3220 -28.3403 -36.9996
-36.9996 -36.9996 -36.9996 -36.9996 -36.9996 -36.9996 -36.9996 -36.9996 -36.9996
  0.0000   1.0355   1.0355   1.0355   1.0355   1.0354   1.0351   1.0344   1.0328
  1.0286   1.0180   0.9916   0.9257   0.7620   0.3681  -0.4451  -1.2654  -1.8308
 -2.3534  -2.8693  -3.4491  -4.1959  -4.7310  -5.2779  -5.8471  -6.4533  -7.1188
 -7.8794  -8.7914  -9.9437 -11.4770 -13.6145 -16.7096 -21.3224 -28.3407 -37.0001
-37.0001 -37.0001 -37.0001 -37.0001 -37.0001 -37.0001 -37.0001 -37.0001 -37.0001
  0.0000   0.9092   0.9092   0.9092   0.9092   0.9091   0.9090   0.9086   0.9077
  0.9055   0.8998   0.8855   0.8497   0.7601   0.5375   0.0013  -1.0346  -1.8054
 -2.3451  -2.8627  -3.4415  -4.1855  -4.7232  -5.2721  -5.8430  -6.4502  -7.1167
 -7.8779  -8.7902  -9.9427 -11.4763 -13.6139 -16.7090 -21.3219 -28.3402 -36.9996
-36.9996 -36.9996 -36.9996 -36.9996 -36.9996 -36.9996 -36.9996 -36.9996 -36.9996
  0.0000   0.7723   0.7723   0.7723   0.7723   0.7723   0.7722   0.7720   0.7715
  0.7703   0.7673   0.7598   0.7410   0.6938   0.5755   0.2814  -0.4271  -1.6558
 -2.3325  -2.8586  -3.4360  -4.1755  -4.7151  -5.2657  -5.8389  -6.4478  -7.1153
 -7.8775  -8.7905  -9.9434 -11.4771 -13.6149 -16.7101 -21.3230 -28.3414 -37.0009
-37.0009 -37.0009 -37.0009 -37.0009 -37.0009 -37.0009 -37.0009 -37.0009 -37.0009
  0.0000   0.6323   0.6323   0.6323   0.6323   0.6322   0.6322   0.6321   0.6319
  0.6312   0.6297   0.6259   0.6162   0.5918   0.5307   0.3777  -0.0037  -0.9202
 -2.2554  -2.8493  -3.4293  -4.1649  -4.7048  -5.2551  -5.8300  -6.4410  -7.1103
 -7.8735  -8.7875  -9.9410 -11.4751 -13.6131 -16.7085 -21.3215 -28.3399 -36.9995
-36.9995 -36.9995 -36.9995 -36.9995 -36.9995 -36.9995 -36.9995 -36.9995 -36.9995
  0.0000   1.4401   1.4400   1.4399   1.4395   1.4386   1.4362   1.4302   1.4153
  1.3782   1.2884   1.0877   0.7208   0.2283  -0.2963  -0.8204  -1.3485  -1.8673
 -2.4218  -3.0290  -3.7244  -4.2640  -4.8230  -5.4135  -6.0551  -6.7784  -7.6316
 -8.6910 -10.0772 -11.9817 -14.7074 -18.7349 -24.8256 -34.1862 -36.9985 -36.9985
-36.9985 -36.9985 -36.9985 -36.9985 -36.9985 -36.9985 -36.9985 -36.9985 -36.9985
  0.0000   1.3968   1.3967   1.3966   1.3963   1.3956   1.3938   1.3892   1.3777
  1.3491   1.2790   1.1148   0.7774   0.2656  -0.2827  -0.8145  -1.3445  -1.8653
 -2.4200  -3.0274  -3.7228  -4.2633  -4.8226  -5.4135  -6.0553  -6.7787  -7.6321
 -8.6915 -10.0778 -11.9822 -14.7080 -18.7355 -24.8262 -34.1868 -36.9991 -36.9991
-36.9991 -36.9991 -36.9991 -36.9991 -36.9991 -36.9991 -36.9991 -36.9991 -36.9991
  0.0000   1.3419   1.3419   1.3418   1.3416   1.3411   1.3398   1.3365   1.3282
  1.3075   1.2563   1.1322   0.8516   0.3392  -0.2599  -0.8086  -1.3402  -1.8615
 -2.4162  -3.0237  -3.7188  -4.2606  -4.8207  -5.4123  -6.0546  -6.7783  -7.6318
 -8.6914 -10.0777 -11.9822 -14.7080 -18.7356 -24.8263 -34.1869 -36.9992 -36.9992
-36.9992 -36.9992 -36.9992 -36.9992 -36.9992 -36.9992 -36.9992 -36.9992 -36.9992
  0.0000   1.2688   1.2687   1.2687   1.2686   1.2682   1.2673   1.2652   1.2597
  1.2459   1.2117   1.1270   0.9238   0.4818  -0.1941  -0.7964  -1.3357  -1.8574
 -2.4112  -3.0183  -3.7126  -4.2562  -4.8177  -5.4103  -6.0533  -6.7775  -7.6313
 -8.6910 -10.0775 -11.9821 -14.7079 -18.7355 -24.8263 -34.1869 -36.9992 -36.9992
-36.9992 -36.9992 -36.9992 -36.9992 -36.9992 -36.9992 -36.9992 -36.9992 -36.9992
  0.0000   1.1764   1.1764   1.1763   1.1762   1.1760   1.1755   1.1742   1.1708
  1.1624   1.1414   1.0890   0.9594   0.6500   0.0086  -0.7550  -1.3279  -1.8533
 -2.4054  -3.0109  -3.7033  -4.2489  -4.8123  -5.4062  -6.0503  -6.7753  -7.6296
 -8.6897 -10.0764 -11.9811 -14.7070 -18.7346 -24.8254 -34.1861 -36.9984 -36.9984
-36.9984 -36.9984 -36.9984 -36.9984 -36.9984 -36.9984 -36.9984 -36.9984 -36.9984
  0.0000   1.0643   1.0643   1.0643   1.0642   1.0641   1.0638   1.0630   1.0611
  1.0563   1.0443   1.0142   0.9390   0.7529   0.3098  -0.5491  -1.3062  -1.8512
 -2.4032  -3.0059  -3.6946  -4.2413  -4.8065  -5.4024  -6.0479  -6.7740  -7.6291
 -8.6897 -10.0767 -11.9816 -14.7077 -18.7354 -24.8262 -34.1869 -36.9993 -36.9993
-36.9993 -36.9993 -36.9993 -36.9993 -36.9993 -36.9993 -36.9993 -36.9993 -36.9993
  0.0000   0.9402   0.9402   0.9402   0.9401   0.9401   0.9399   0.9395   0.9385
  0.9359   0.9293   0.9129   0.8718   0.7689   0.5141  -0.0916  -1.1503  -1.8386
 -2.4003  -3.0021  -3.6861  -4.2316  -4.7971  -5.3948  -6.0424  -6.7698  -7.6260
 -8.6874 -10.0748 -11.9801 -14.7063 -18.7342 -24.8251 -34.1858 -36.9983 -36.9983
-36.9983 -36.9983 -36.9983 -36.9983 -36.9983 -36.9983 -36.9983 -36.9983 -36.9983
  0.0000   1.4770   1.4769   1.4768   1.4764   1.4755   1.4731   1.4669   1.4494
  1.4017   1.2862   1.0542   0.6797   0.2051  -0.3150  -0.8381  -1.3996  -1.9457
 -2.7022  -3.2416  -3.7953  -4.3752  -4.9980  -5.6905  -6.4940  -7.4741  -8.7344
-10.4392 -12.8483 -16.3739 -21.6691 -29.7688 -36.9977 -36.9977 -36.9977 -36.9977
-36.9977 -36.9977 -36.9977 -36.9977 -36.9977 -36.9977 -36.9977 -36.9977 -36.9977
  0.0000   1.4520   1.4519   1.4518   1.4514   1.4505   1.4482   1.4423   1.4271
  1.3874   1.2889   1.0769   0.7094   0.2254  -0.3039  -0.8319  -1.3951  -1.9442
 -2.7007  -3.2404  -3.7943  -4.3743  -4.9973  -5.6897  -6.4933  -7.4734  -8.7338
-10.4385 -12.8477 -16.3733 -21.6684 -29.7682 -36.9971 -36.9971 -36.9971 -36.9971
-36.9971 -36.9971 -36.9971 -36.9971 -36.9971 -36.9971 -36.9971 -36.9971 -36.9971
  0.0000   1.4299   1.4298   1.4297   1.4294   1.4285   1.4263   1.4209   1.4072
  1.3727   1.2877   1.0949   0.7348   0.2385  -0.2994  -0.8290  -1.3919  -1.9420
 -2.6972  -3.2380  -3.7928  -4.3733  -4.9969  -5.6898  -6.4935  -7.4738  -8.7343
-10.4390 -12.8482 -16.3738 -21.6690 -29.7688 -36.9977 -36.9977 -36.9977 -36.9977
-36.9977 -36.9977 -36.9977 -36.9977 -36.9977 -36.9977 -36.9977 -36.9977 -36.9977
  0.0000   1.4013   1.4013   1.4011   1.4009   1.4001   1.3983   1.3937   1.3821
  1.3532   1.2822   1.1155   0.7739   0.2589  -0.2958  -0.8273  -1.3888  -1.9380
 -2.6906  -3.2328  -3.7891  -4.3708  -4.9951  -5.6885  -6.4927  -7.4732  -8.7339
-10.4388 -12.8480 -16.3737 -21.6689 -29.7687 -36.9976 -36.9976 -36.9976 -36.9976
-36.9976 -36.9976 -36.9976 -36.9976 -36.9976 -36.9976 -36.9976 -36.9976 -36.9976
  0.0000   1.3568   1.3568   1.3567   1.3564   1.3559   1.3545   1.3510   1.3421
  1.3200   1.2654   1.1333   0.8375   0.3121  -0.2863  -0.8315  -1.3877  -1.9345
 -2.6826  -3.2258  -3.7835  -4.3668  -4.9924  -5.6868  -6.4916  -7.4726  -8.7335
-10.4386 -12.8479 -16.3736 -21.6689 -29.7687 -36.9977 -36.9977 -36.9977 -36.9977
-36.9977 -36.9977 -36.9977 -36.9977 -36.9977 -36.9977 -36.9977 -36.9977 -36.9977
  0.0000   1.2908   1.2908   1.2907   1.2906   1.2902   1.2892   1.2868   1.2808
  1.2656   1.2278   1.1345   0.9120   0.4393  -0.2408  -0.8300  -1.3888  -1.9331
 -2.6750  -3.2174  -3.7755  -4.3607  -4.9880  -5.6837  -6.4895  -7.4712  -8.7325
-10.4379 -12.8474 -16.3732 -21.6686 -29.7685 -36.9975 -36.9975 -36.9975 -36.9975
-36.9975 -36.9975 -36.9975 -36.9975 -36.9975 -36.9975 -36.9975 -36.9975 -36.9975
  0.0000   1.2013   1.2013   1.2012   1.2012   1.2009   1.2003   1.1988   1.1951
  1.1856   1.1620   1.1030   0.9578   0.6143  -0.0678  -0.8058  -1.3889  -1.9362
 -2.6724  -3.2117  -3.7677  -4.3537  -4.9828  -5.6802  -6.4872  -7.4698  -8.7318
-10.4375 -12.8473 -16.3734 -21.6688 -29.7687 -36.9979 -36.9979 -36.9979 -36.9979
-36.9979 -36.9979 -36.9979 -36.9979 -36.9979 -36.9979 -36.9979 -36.9979 -36.9979
  0.0000   1.5031   1.5031   1.5031   1.5030   1.5027   1.5016   1.4965   1.4763
  1.4171   1.2851   1.0366   0.6536   0.1801  -0.3329  -0.9157  -1.6626  -2.2059
 -2.7596  -3.3337  -3.9428  -4.6103  -5.3724  -6.2852  -7.4380  -8.9717 -11.1094
-14.2046 -18.8175 -25.8359 -36.6666 -36.9954 -36.9954 -36.9954 -36.9954 -36.9954
-36.9954 -36.9954 -36.9954 -36.9954 -36.9954 -36.9954 -36.9954 -36.9954 -36.9954
  0.0000   1.4663   1.4663   1.4662   1.4661   1.4657   1.4646   1.4606   1.4459
  1.4002   1.2902   1.0677   0.6955   0.2124  -0.3151  -0.9088  -1.6645  -2.2093
 -2.7627  -3.3358  -3.9441  -4.6112  -5.3727  -6.2853  -7.4379  -8.9715 -11.1091
-14.2042 -18.8171 -25.8354 -36.6661 -36.9949 -36.9949 -36.9949 -36.9949 -36.9949
-36.9949 -36.9949 -36.9949 -36.9949 -36.9949 -36.9949 -36.9949 -36.9949 -36.9949
  0.0000   1.4504   1.4503   1.4503   1.4501   1.4495   1.4481   1.4440   1.4309
  1.3912   1.2909   1.0803   0.7130   0.2246  -0.3082  -0.9047  -1.6625  -2.2079
 -2.7617  -3.3353  -3.9438  -4.6111  -5.3728  -6.2854  -7.4381  -8.9717 -11.1093
-14.2045 -18.8174 -25.8357 -36.6664 -36.9952 -36.9952 -36.9952 -36.9952 -36.9952
-36.9952 -36.9952 -36.9952 -36.9952 -36.9952 -36.9952 -36.9952 -36.9952 -36.9952
  0.0000   1.4426   1.4426   1.4425   1.4422   1.4415   1.4396   1.4348   1.4216
  1.3854   1.2923   1.0888   0.7223   0.2280  -0.3069  -0.9014  -1.6578  -2.2032
 -2.7578  -3.3323  -3.9419  -4.6097  -5.3719  -6.2849  -7.4377  -8.9715 -11.1092
-14.2044 -18.8173 -25.8356 -36.6664 -36.9952 -36.9952 -36.9952 -36.9952 -36.9952
-36.9952 -36.9952 -36.9952 -36.9952 -36.9952 -36.9952 -36.9952 -36.9952 -36.9952
  0.0000   1.4338   1.4338   1.4336   1.4333   1.4325   1.4304   1.4253   1.4121
  1.3783   1.2937   1.0998   0.7336   0.2276  -0.3107  -0.9009  -1.6531  -2.1970
 -2.7516  -3.3275  -3.9384  -4.6073  -5.3703  -6.2838  -7.4371  -8.9711 -11.1089
-14.2042 -18.8172 -25.8356 -36.6664 -36.9952 -36.9952 -36.9952 -36.9952 -36.9952
-36.9952 -36.9952 -36.9952 -36.9952 -36.9952 -36.9952 -36.9952 -36.9952 -36.9952
  0.0000   1.4141   1.4140   1.4139   1.4136   1.4129   1.4110   1.4062   1.3943
  1.3644   1.2908   1.1170   0.7619   0.2352  -0.3172  -0.9044  -1.6522  -2.1917
 -2.7443  -3.3209  -3.9335  -4.6039  -5.3679  -6.2824  -7.4362  -8.9706 -11.1087
-14.2042 -18.8172 -25.8357 -36.6665 -36.9954 -36.9954 -36.9954 -36.9954 -36.9954
-36.9954 -36.9954 -36.9954 -36.9954 -36.9954 -36.9954 -36.9954 -36.9954 -36.9954
  0.0000   1.3757   1.3757   1.3756   1.3754   1.3748   1.3733   1.3695   1.3600
  1.3363   1.2778   1.1364   0.8217   0.2783  -0.3157  -0.9095  -1.6571  -2.1909
 -2.7378  -3.3131  -3.9267  -4.5988  -5.3643  -6.2797  -7.4345  -8.9693 -11.1078
-14.2035 -18.8167 -25.8352 -36.6661 -36.9951 -36.9951 -36.9951 -36.9951 -36.9951
-36.9951 -36.9951 -36.9951 -36.9951 -36.9951 -36.9951 -36.9951 -36.9951 -36.9951
  0.0000   1.5711   1.5712   1.5714   1.5719   1.5726   1.5726   1.5654   1.5333
  1.4499   1.2797   0.9869   0.5860   0.0847  -0.5090  -1.1837  -1.7173  -2.2769
 -2.8733  -3.5228  -4.2535  -5.1125  -6.1760  -7.5651  -9.4714 -12.1984 -16.2267
-22.3179 -31.6788 -36.9915 -36.9915 -36.9915 -36.9915 -36.9915 -36.9915 -36.9915
-36.9915 -36.9915 -36.9915 -36.9915 -36.9915 -36.9915 -36.9915 -36.9915 -36.9915
  0.0000   1.4916   1.4916   1.4916   1.4916   1.4915   1.4909   1.4870   1.4700
  1.4180   1.2973   1.0592   0.6813   0.1714  -0.4464  -1.1550  -1.7149  -2.2878
 -2.8879  -3.5359  -4.2632  -5.1192  -6.1802  -7.5675  -9.4726 -12.1988 -16.2265
-22.3174 -31.6782 -36.9905 -36.9905 -36.9905 -36.9905 -36.9905 -36.9905 -36.9905
-36.9905 -36.9905 -36.9905 -36.9905 -36.9905 -36.9905 -36.9905 -36.9905 -36.9905
  0.0000   1.4626   1.4626   1.4626   1.4626   1.4625   1.4621   1.4594   1.4464
  1.4035   1.2986   1.0815   0.7131   0.1965  -0.4339  -1.1545  -1.7174  -2.2907
 -2.8904  -3.5377  -4.2646  -5.1202  -6.1810  -7.5681  -9.4731 -12.1992 -16.2269
-22.3178 -31.6785 -36.9908 -36.9908 -36.9908 -36.9908 -36.9908 -36.9908 -36.9908
-36.9908 -36.9908 -36.9908 -36.9908 -36.9908 -36.9908 -36.9908 -36.9908 -36.9908
  0.0000   1.4522   1.4522   1.4522   1.4522   1.4523   1.4521   1.4500   1.4387
  1.3987   1.2988   1.0889   0.7242   0.2046  -0.4289  -1.1515  -1.7146  -2.2884
 -2.8887  -3.5365  -4.2637  -5.1196  -6.1806  -7.5678  -9.4728 -12.1990 -16.2268
-22.3176 -31.6784 -36.9907 -36.9907 -36.9907 -36.9907 -36.9907 -36.9907 -36.9907
-36.9907 -36.9907 -36.9907 -36.9907 -36.9907 -36.9907 -36.9907 -36.9907 -36.9907
  0.0000   1.4510   1.4510   1.4510   1.4509   1.4507   1.4501   1.4476   1.4367
  1.3986   1.2999   1.0909   0.7243   0.2017  -0.4305  -1.1488  -1.7099  -2.2836
 -2.8849  -3.5339  -4.2620  -5.1185  -6.1799  -7.5675  -9.4727 -12.1990 -16.2268
-22.3178 -31.6785 -36.9909 -36.9909 -36.9909 -36.9909 -36.9909 -36.9909 -36.9909
-36.9909 -36.9909 -36.9909 -36.9909 -36.9909 -36.9909 -36.9909 -36.9909 -36.9909
  0.0000   1.4531   1.4531   1.4530   1.4528   1.4522   1.4507   1.4467   1.4347
  1.3987   1.3030   1.0942   0.7219   0.1929  -0.4384  -1.1496  -1.7052  -2.2771
 -2.8791  -3.5294  -4.2590  -5.1163  -6.1785  -7.5666  -9.4721 -12.1986 -16.2266
-22.3176 -31.6784 -36.9909 -36.9909 -36.9909 -36.9909 -36.9909 -36.9909 -36.9909
-36.9909 -36.9909 -36.9909 -36.9909 -36.9909 -36.9909 -36.9909 -36.9909 -36.9909
  0.0000   1.4493   1.4493   1.4492   1.4488   1.4481   1.4461   1.4410   1.4280
  1.3938   1.3058   1.1038   0.7272   0.1856  -0.4506  -1.1570  -1.7046  -2.2717
 -2.8726  -3.5240  -4.2550  -5.1137  -6.1766  -7.5655  -9.4715 -12.1983 -16.2265
-22.3176 -31.6785 -36.9911 -36.9911 -36.9911 -36.9911 -36.9911 -36.9911 -36.9911
-36.9911 -36.9911 -36.9911 -36.9911 -36.9911 -36.9911 -36.9911 -36.9911 -36.9911
 -1.0000   1.5684   1.5684   1.5683   1.5683   1.5682   1.5672   1.5603   1.5318
  1.4558   1.3055   1.0260   0.5714  -0.0810  -0.6744  -1.2314  -1.8177  -2.4498
 -3.1518  -3.9633  -4.9493  -6.2138  -7.9212 -10.3322 -13.8589 -19.1548 -27.2550
-36.9847 -36.9847 -36.9847 -36.9847 -36.9847 -36.9847 -36.9847 -36.9847 -36.9847
-36.9847 -36.9847 -36.9847 -36.9847 -36.9847 -36.9847 -36.9847 -36.9847 -36.9847
  0.0000   1.5684   1.5683   1.5683   1.5683   1.5681   1.5670   1.5600   1.5316
  1.4559   1.3056   1.0261   0.5715  -0.0808  -0.6743  -1.2314  -1.8177  -2.4498
 -3.1518  -3.9633  -4.9493  -6.2138  -7.9212 -10.3322 -13.8589 -19.1548 -27.2550
-36.9847 -36.9847 -36.9847 -36.9847 -36.9847 -36.9847 -36.9847 -36.9847 -36.9847
-36.9847 -36.9847 -36.9847 -36.9847 -36.9847 -36.9847 -36.9847 -36.9847 -36.9847
  0.0000   1.5074   1.5074   1.5072   1.5069   1.5062   1.5044   1.4991   1.4808
  1.4297   1.3171   1.0849   0.6577   0.0033  -0.6421  -1.2255  -1.8249  -2.4608
 -3.1617  -3.9705  -4.9541  -6.2165  -7.9226 -10.3325 -13.8586 -19.1541 -27.2540
-36.9833 -36.9833 -36.9833 -36.9833 -36.9833 -36.9833 -36.9833 -36.9833 -36.9833
-36.9833 -36.9833 -36.9833 -36.9833 -36.9833 -36.9833 -36.9833 -36.9833 -36.9833
  0.0000   1.4873   1.4872   1.4872   1.4870   1.4864   1.4851   1.4808   1.4654
  1.4198   1.3182   1.1025   0.6845   0.0214  -0.6375  -1.2252  -1.8257  -2.4617
 -3.1623  -3.9708  -4.9542  -6.2165  -7.9224 -10.3322 -13.8583 -19.1537 -27.2536
-36.9829 -36.9829 -36.9829 -36.9829 -36.9829 -36.9829 -36.9829 -36.9829 -36.9829
-36.9829 -36.9829 -36.9829 -36.9829 -36.9829 -36.9829 -36.9829 -36.9829 -36.9829
  0.0000   1.4814   1.4814   1.4814   1.4814   1.4814   1.4810   1.4781   1.4636
  1.4177   1.3181   1.1059   0.6890   0.0188  -0.6210  -1.2224  -1.8229  -2.4595
 -3.1608  -3.9699  -4.9536  -6.2162  -7.9223 -10.3323 -13.8584 -19.1539 -27.2539
-36.9832 -36.9832 -36.9832 -36.9832 -36.9832 -36.9832 -36.9832 -36.9832 -36.9832
-36.9832 -36.9832 -36.9832 -36.9832 -36.9832 -36.9832 -36.9832 -36.9832 -36.9832
  0.0000   1.4826   1.4826   1.4827   1.4828   1.4830   1.4830   1.4808   1.4669
  1.4203   1.3195   1.1050   0.6832   0.0033  -0.6245  -1.2193  -1.8181  -2.4550
 -3.1574  -3.9677  -4.9520  -6.2154  -7.9219 -10.3321 -13.8584 -19.1540 -27.2541
-36.9835 -36.9835 -36.9835 -36.9835 -36.9835 -36.9835 -36.9835 -36.9835 -36.9835
-36.9835 -36.9835 -36.9835 -36.9835 -36.9835 -36.9835 -36.9835 -36.9835 -36.9835
  0.0000   1.4869   1.4869   1.4868   1.4868   1.4866   1.4859   1.4826   1.4690
  1.4245   1.3221   1.1045   0.6750  -0.0192  -0.6342  -1.2192  -1.8136  -2.4497
 -3.1529  -3.9645  -4.9500  -6.2139  -7.9211 -10.3318 -13.8583 -19.1541 -27.2542
-36.9838 -36.9838 -36.9838 -36.9838 -36.9838 -36.9838 -36.9838 -36.9838 -36.9838
-36.9838 -36.9838 -36.9838 -36.9838 -36.9838 -36.9838 -36.9838 -36.9838 -36.9838
 -2.0000   1.6166   1.6163   1.6157   1.6146   1.6122   1.6069   1.5942   1.5629
  1.4910   1.3257   0.9729   0.4212  -0.1557  -0.7461  -1.3662  -2.0458  -2.8188
 -3.7405  -4.8996  -6.4376  -8.5780 -11.6752 -16.2892 -23.3083 -34.1396 -36.9690
-36.9690 -36.9690 -36.9690 -36.9690 -36.9690 -36.9690 -36.9690 -36.9690 -36.9690
-36.9690 -36.9690 -36.9690 -36.9690 -36.9690 -36.9690 -36.9690 -36.9690 -36.9690
 -1.0000   1.6165   1.6163   1.6157   1.6145   1.6121   1.6068   1.5941   1.5629
  1.4910   1.3257   0.9729   0.4212  -0.1557  -0.7461  -1.3662  -2.0458  -2.8188
 -3.7405  -4.8996  -6.4376  -8.5780 -11.6752 -16.2892 -23.3083 -34.1396 -36.9690
-36.9690 -36.9690 -36.9690 -36.9690 -36.9690 -36.9690 -36.9690 -36.9690 -36.9690
-36.9690 -36.9690 -36.9690 -36.9690 -36.9690 -36.9690 -36.9690 -36.9690 -36.9690
  0.0000   1.6164   1.6161   1.6156   1.6145   1.6121   1.6068   1.5941   1.5628
  1.4910   1.3258   0.9730   0.4213  -0.1556  -0.7461  -1.3662  -2.0458  -2.8188
 -3.7405  -4.8996  -6.4376  -8.5780 -11.6752 -16.2892 -23.3083 -34.1396 -36.9690
-36.9690 -36.9690 -36.9690 -36.9690 -36.9690 -36.9690 -36.9690 -36.9690 -36.9690
-36.9690 -36.9690 -36.9690 -36.9690 -36.9690 -36.9690 -36.9690 -36.9690 -36.9690
  0.0000   1.5678   1.5676   1.5671   1.5660   1.5637   1.5590   1.5490   1.5257
  1.4702   1.3393   1.0410   0.4975  -0.1186  -0.7362  -1.3699  -2.0539  -2.8267
 -3.7464  -4.9033  -6.4399  -8.5793 -11.6755 -16.2890 -23.3078 -34.1389 -36.9679
-36.9679 -36.9679 -36.9679 -36.9679 -36.9679 -36.9679 -36.9679 -36.9679 -36.9679
-36.9679 -36.9679 -36.9679 -36.9679 -36.9679 -36.9679 -36.9679 -36.9679 -36.9679
  0.0000   1.5592   1.5590   1.5586   1.5577   1.5556   1.5511   1.5415   1.5197
  1.4669   1.3420   1.0517   0.5070  -0.1147  -0.7351  -1.3696  -2.0540  -2.8268
 -3.7464  -4.9033  -6.4398  -8.5791 -11.6754 -16.2889 -23.3076 -34.1387 -36.9677
-36.9677 -36.9677 -36.9677 -36.9677 -36.9677 -36.9677 -36.9677 -36.9677 -36.9677
-36.9677 -36.9677 -36.9677 -36.9677 -36.9677 -36.9677 -36.9677 -36.9677 -36.9677
  0.0000   1.5635   1.5634   1.5630   1.5622   1.5603   1.5561   1.5467   1.5244
  1.4710   1.3426   1.0432   0.4937  -0.1196  -0.7345  -1.3670  -2.0512  -2.8246
 -3.7450  -4.9025  -6.4393  -8.5789 -11.6753 -16.2890 -23.3078 -34.1389 -36.9680
-36.9680 -36.9680 -36.9680 -36.9680 -36.9680 -36.9680 -36.9680 -36.9680 -36.9680
-36.9680 -36.9680 -36.9680 -36.9680 -36.9680 -36.9680 -36.9680 -36.9680 -36.9680
  0.0000   1.5706   1.5705   1.5703   1.5696   1.5680   1.5642   1.5551   1.5325
  1.4776   1.3437   1.0290   0.4709  -0.1306  -0.7361  -1.3644  -2.0476  -2.8214
 -3.7428  -4.9012  -6.4383  -8.5786 -11.6753 -16.2891 -23.3081 -34.1392 -36.9685
-36.9685 -36.9685 -36.9685 -36.9685 -36.9685 -36.9685 -36.9685 -36.9685 -36.9685
-36.9685 -36.9685 -36.9685 -36.9685 -36.9685 -36.9685 -36.9685 -36.9685 -36.9685
 -2.0000   1.8852   1.8844   1.8828   1.8797   1.8730   1.8571   1.8186   1.7244
  1.4891   1.0242   0.4990  -0.0303  -0.5809  -1.1865  -1.8788  -2.7052  -3.7405
 -5.1038  -6.9855  -9.6892 -13.6976 -19.7748 -29.1289 -36.9629 -36.9629 -36.9629
-36.9629 -36.9629 -36.9629 -36.9629 -36.9629 -36.9629 -36.9629 -36.9629 -36.9629
-36.9629 -36.9629 -36.9629 -36.9629 -36.9629 -36.9629 -36.9629 -36.9629 -36.9629
 -1.0000   1.8852   1.8843   1.8828   1.8797   1.8730   1.8571   1.8186   1.7244
  1.4892   1.0242   0.4990  -0.0303  -0.5809  -1.1865  -1.8788  -2.7052  -3.7405
 -5.1038  -6.9855  -9.6892 -13.6976 -19.7748 -29.1289 -36.9629 -36.9629 -36.9629
-36.9629 -36.9629 -36.9629 -36.9629 -36.9629 -36.9629 -36.9629 -36.9629 -36.9629
-36.9629 -36.9629 -36.9629 -36.9629 -36.9629 -36.9629 -36.9629 -36.9629 -36.9629
  0.0000   1.8851   1.8843   1.8827   1.8796   1.8729   1.8570   1.8185   1.7244
  1.4892   1.0243   0.4991  -0.0303  -0.5809  -1.1865  -1.8788  -2.7052  -3.7405
 -5.1038  -6.9855  -9.6892 -13.6976 -19.7748 -29.1289 -36.9629 -36.9629 -36.9629
-36.9629 -36.9629 -36.9629 -36.9629 -36.9629 -36.9629 -36.9629 -36.9629 -36.9629
-36.9629 -36.9629 -36.9629 -36.9629 -36.9629 -36.9629 -36.9629 -36.9629 -36.9629
  0.0000   1.6885   1.6879   1.6866   1.6843   1.6799   1.6710   1.6518   1.6090
  1.5111   1.2911   0.8812   0.3355  -0.2664  -0.9268  -1.6694  -2.5391  -3.6108
 -5.0057  -6.9157  -9.6451 -13.6751 -19.7673 -29.1288 -36.9426 -36.9426 -36.9426
-36.9426 -36.9426 -36.9426 -36.9426 -36.9426 -36.9426 -36.9426 -36.9426 -36.9426
-36.9426 -36.9426 -36.9426 -36.9426 -36.9426 -36.9426 -36.9426 -36.9426 -36.9426
  0.0000   1.6420   1.6415   1.6405   1.6385   1.6348   1.6277   1.6130   1.5812
  1.5080   1.3284   0.9394   0.3732  -0.2513  -0.9251  -1.6729  -2.5432  -3.6138
 -5.0071  -6.9160  -9.6446 -13.6738 -19.7655 -29.1268 -36.9401 -36.9401 -36.9401
-36.9401 -36.9401 -36.9401 -36.9401 -36.9401 -36.9401 -36.9401 -36.9401 -36.9401
-36.9401 -36.9401 -36.9401 -36.9401 -36.9401 -36.9401 -36.9401 -36.9401 -36.9401
  0.0000   1.6402   1.6398   1.6389   1.6371   1.6334   1.6264   1.6119   1.5807
  1.5083   1.3296   0.9402   0.3732  -0.2515  -0.9251  -1.6729  -2.5432  -3.6138
 -5.0072  -6.9160  -9.6446 -13.6739 -19.7656 -29.1269 -36.9402 -36.9402 -36.9402
-36.9402 -36.9402 -36.9402 -36.9402 -36.9402 -36.9402 -36.9402 -36.9402 -36.9402
-36.9402 -36.9402 -36.9402 -36.9402 -36.9402 -36.9402 -36.9402 -36.9402 -36.9402
  0.0000   1.6510   1.6507   1.6499   1.6482   1.6445   1.6371   1.6217   1.5882
  1.5101   1.3207   0.9243   0.3629  -0.2552  -0.9253  -1.6718  -2.5422  -3.6133
 -5.0071  -6.9161  -9.6451 -13.6745 -19.7664 -29.1277 -36.9412 -36.9412 -36.9412
-36.9412 -36.9412 -36.9412 -36.9412 -36.9412 -36.9412 -36.9412 -36.9412 -36.9412
-36.9412 -36.9412 -36.9412 -36.9412 -36.9412 -36.9412 -36.9412 -36.9412 -36.9412
 -3.0000   1.9367   1.9350   1.9319   1.9258   1.9133   1.8864   1.8265   1.6942
  1.4345   1.0384   0.5373  -0.0238  -0.6702  -1.4389  -2.3937  -3.6376  -5.3342
 -7.7426 -11.2724 -16.5741 -24.6803 -36.9253 -36.9253 -36.9253 -36.9253 -36.9253
-36.9253 -36.9253 -36.9253 -36.9253 -36.9253 -36.9253 -36.9253 -36.9253 -36.9253
-36.9253 -36.9253 -36.9253 -36.9253 -36.9253 -36.9253 -36.9253 -36.9253 -36.9253
 -2.0000   1.9367   1.9350   1.9319   1.9258   1.9133   1.8864   1.8265   1.6942
  1.4345   1.0384   0.5373  -0.0238  -0.6702  -1.4389  -2.3937  -3.6376  -5.3342
 -7.7426 -11.2724 -16.5741 -24.6803 -36.9253 -36.9253 -36.9253 -36.9253 -36.9253
-36.9253 -36.9253 -36.9253 -36.9253 -36.9253 -36.9253 -36.9253 -36.9253 -36.9253
-36.9253 -36.9253 -36.9253 -36.9253 -36.9253 -36.9253 -36.9253 -36.9253 -36.9253
 -1.0000   1.9367   1.9350   1.9319   1.9258   1.9133   1.8864   1.8265   1.6942
  1.4345   1.0384   0.5373  -0.0238  -0.6702  -1.4389  -2.3937  -3.6376  -5.3342
 -7.7426 -11.2724 -16.5741 -24.6803 -36.9253 -36.9253 -36.9253 -36.9253 -36.9253
-36.9253 -36.9253 -36.9253 -36.9253 -36.9253 -36.9253 -36.9253 -36.9253 -36.9253
-36.9253 -36.9253 -36.9253 -36.9253 -36.9253 -36.9253 -36.9253 -36.9253 -36.9253
  0.0000   1.9366   1.9350   1.9318   1.9257   1.9133   1.8864   1.8265   1.6942
  1.4346   1.0385   0.5373  -0.0238  -0.6702  -1.4389  -2.3937  -3.6376  -5.3342
 -7.7426 -11.2724 -16.5741 -24.6803 -36.9253 -36.9253 -36.9253 -36.9253 -36.9253
-36.9253 -36.9253 -36.9253 -36.9253 -36.9253 -36.9253 -36.9253 -36.9253 -36.9253
-36.9253 -36.9253 -36.9253 -36.9253 -36.9253 -36.9253 -36.9253 -36.9253 -36.9253
  0.0000   1.7283   1.7271   1.7250   1.7217   1.7161   1.7061   1.6869   1.6441
  1.5344   1.2770   0.8105   0.2090  -0.4977  -1.3234  -2.3242  -3.6007  -5.3169
 -7.7335 -11.2638 -16.5622 -24.6639 -36.8959 -36.8959 -36.8959 -36.8959 -36.8959
-36.8959 -36.8959 -36.8959 -36.8959 -36.8959 -36.8959 -36.8959 -36.8959 -36.8959
-36.8959 -36.8959 -36.8959 -36.8959 -36.8959 -36.8959 -36.8959 -36.8959 -36.8959
  0.0000   1.6764   1.6754   1.6736   1.6709   1.6667   1.6605   1.6503   1.6257
  1.5470   1.3215   0.8565   0.2356  -0.4872  -1.3210  -2.3243  -3.6005  -5.3155
 -7.7309 -11.2606 -16.5582 -24.6594 -36.8907 -36.8907 -36.8907 -36.8907 -36.8907
-36.8907 -36.8907 -36.8907 -36.8907 -36.8907 -36.8907 -36.8907 -36.8907 -36.8907
-36.8907 -36.8907 -36.8907 -36.8907 -36.8907 -36.8907 -36.8907 -36.8907 -36.8907
  0.0000   1.6650   1.6642   1.6627   1.6602   1.6565   1.6513   1.6438   1.6239
  1.5502   1.3286   0.8625   0.2384  -0.4864  -1.3209  -2.3244  -3.6005  -5.3152
 -7.7305 -11.2601 -16.5576 -24.6588 -36.8900 -36.8900 -36.8900 -36.8900 -36.8900
-36.8900 -36.8900 -36.8900 -36.8900 -36.8900 -36.8900 -36.8900 -36.8900 -36.8900
-36.8900 -36.8900 -36.8900 -36.8900 -36.8900 -36.8900 -36.8900 -36.8900 -36.8900
 -4.0000   1.9585   1.9558   1.9512   1.9435   1.9300   1.9039   1.8464   1.7170
  1.4327   1.0149   0.4525  -0.2489  -1.1248  -2.2560  -3.7801  -5.9176  -9.0187
-13.6400 -20.6665 -31.5038 -36.8465 -36.8465 -36.8465 -36.8465 -36.8465 -36.8465
-36.8465 -36.8465 -36.8465 -36.8465 -36.8465 -36.8465 -36.8465 -36.8465 -36.8465
-36.8465 -36.8465 -36.8465 -36.8465 -36.8465 -36.8465 -36.8465 -36.8465 -36.8465
 -3.0000   1.9585   1.9558   1.9512   1.9435   1.9300   1.9039   1.8464   1.7170
  1.4327   1.0149   0.4525  -0.2489  -1.1248  -2.2560  -3.7801  -5.9176  -9.0187
-13.6400 -20.6665 -31.5038 -36.8465 -36.8465 -36.8465 -36.8465 -36.8465 -36.8465
-36.8465 -36.8465 -36.8465 -36.8465 -36.8465 -36.8465 -36.8465 -36.8465 -36.8465
-36.8465 -36.8465 -36.8465 -36.8465 -36.8465 -36.8465 -36.8465 -36.8465 -36.8465
 -2.0000   1.9585   1.9558   1.9512   1.9435   1.9300   1.9039   1.8464   1.7170
  1.4327   1.0149   0.4525  -0.2489  -1.1248  -2.2560  -3.7801  -5.9176  -9.0187
-13.6400 -20.6665 -31.5038 -36.8465 -36.8465 -36.8465 -36.8465 -36.8465 -36.8465
-36.8465 -36.8465 -36.8465 -36.8465 -36.8465 -36.8465 -36.8465 -36.8465 -36.8465
-36.8465 -36.8465 -36.8465 -36.8465 -36.8465 -36.8465 -36.8465 -36.8465 -36.8465
 -1.0000   1.9585   1.9558   1.9512   1.9435   1.9300   1.9039   1.8464   1.7170
  1.4327   1.0149   0.4525  -0.2489  -1.1248  -2.2560  -3.7801  -5.9176  -9.0187
-13.6400 -20.6665 -31.5038 -36.8465 -36.8465 -36.8465 -36.8465 -36.8465 -36.8465
-36.8465 -36.8465 -36.8465 -36.8465 -36.8465 -36.8465 -36.8465 -36.8465 -36.8465
-36.8465 -36.8465 -36.8465 -36.8465 -36.8465 -36.8465 -36.8465 -36.8465 -36.8465
  0.0000   1.9585   1.9558   1.9512   1.9435   1.9300   1.9039   1.8464   1.7170
  1.4327   1.0149   0.4525  -0.2489  -1.1248  -2.2560  -3.7801  -5.9176  -9.0187
-13.6400 -20.6665 -31.5038 -36.8465 -36.8465 -36.8465 -36.8465 -36.8465 -36.8465
-36.8465 -36.8465 -36.8465 -36.8465 -36.8465 -36.8465 -36.8465 -36.8465 -36.8465
-36.8465 -36.8465 -36.8465 -36.8465 -36.8465 -36.8465 -36.8465 -36.8465 -36.8465
  0.0000   1.7850   1.7827   1.7793   1.7745   1.7681   1.7593   1.7415   1.6951
  1.5435   1.2373   0.6895  -0.0603  -0.9947  -2.1735  -3.7288  -5.8822  -8.9879
-13.6075 -20.6300 -31.4636 -36.7966 -36.7966 -36.7966 -36.7966 -36.7966 -36.7966
-36.7966 -36.7966 -36.7966 -36.7966 -36.7966 -36.7966 -36.7966 -36.7966 -36.7966
-36.7966 -36.7966 -36.7966 -36.7966 -36.7966 -36.7966 -36.7966 -36.7966 -36.7966
  0.0000   1.7243   1.7223   1.7194   1.7157   1.7123   1.7101   1.7039   1.6792
  1.5657   1.2955   0.7440  -0.0289  -0.9794  -2.1650  -3.7217  -5.8743  -8.9786
-13.5970 -20.6189 -31.4517 -36.7836 -36.7836 -36.7836 -36.7836 -36.7836 -36.7836
-36.7836 -36.7836 -36.7836 -36.7836 -36.7836 -36.7836 -36.7836 -36.7836 -36.7836
-36.7836 -36.7836 -36.7836 -36.7836 -36.7836 -36.7836 -36.7836 -36.7836 -36.7836
nl= 1 nu= 8
  0.0000  -0.7831  -0.7831  -0.7831  -0.7831  -0.7831  -0.7831  -0.7831  -0.7831
 -0.7831  -0.7831  -0.7831  -0.7831  -0.7831  -0.7832  -0.7834  -0.7840  -0.7854
 -0.7890  -0.7978  -0.8202  -0.8762  -1.0171  -1.3708  -2.2588  -4.4542  -6.1445
 -6.6809  -7.1968  -7.7221  -8.2339  -8.8179  -9.5482 -10.0745 -10.6150 -11.1785
-11.7789 -12.4379 -13.1897 -14.0887 -15.2210 -16.7231 -18.8114 -21.8286 -26.3181
  0.0000  -0.9337  -0.9337  -0.9337  -0.9337  -0.9337  -0.9337  -0.9337  -0.9337
 -0.9337  -0.9337  -0.9337  -0.9337  -0.9337  -0.9338  -0.9339  -0.9342  -0.9349
 -0.9366  -0.9411  -0.9523  -0.9803  -1.0507  -1.2277  -1.6720  -2.7876  -5.4687
 -6.6562  -7.1861  -7.7168  -8.2311  -8.8162  -9.5467 -10.0738 -10.6145 -11.1784
-11.7789 -12.4379 -13.1898 -14.0888 -15.2212 -16.7233 -18.8116 -21.8288 -26.3183
  0.0000  -1.0830  -1.0830  -1.0830  -1.0830  -1.0830  -1.0830  -1.0830  -1.0830
 -1.0830  -1.0830  -1.0830  -1.0830  -1.0830  -1.0830  -1.0831  -1.0832  -1.0836
 -1.0845  -1.0867  -1.0923  -1.1063  -1.1415  -1.2300  -1.4522  -2.0104  -3.4116
 -6.4430  -7.1646  -7.7055  -8.2251  -8.8115  -9.5423 -10.0710 -10.6123 -11.1764
-11.7773 -12.4365 -13.1884 -14.0875 -15.2199 -16.7221 -18.8104 -21.8276 -26.3171
  0.0000  -1.2344  -1.2344  -1.2344  -1.2344  -1.2344  -1.2344  -1.2344  -1.2344
 -1.2344  -1.2344  -1.2344  -1.2344  -1.2344  -1.2344  -1.2344  -1.2345  -1.2347
 -1.2351  -1.2362  -1.2390  -1.2460  -1.2636  -1.3079  -1.4190  -1.6981  -2.3993
 -4.1587  -7.1108  -7.6882  -8.2173  -8.8065  -9.5379 -10.0690 -10.6114 -11.1763
-11.7774 -12.4370 -13.1891 -14.0883 -15.2207 -16.7229 -18.8112 -21.8285 -26.3180
  0.0000  -1.3849  -1.3849  -1.3849  -1.3849  -1.3849  -1.3849  -1.3849  -1.3849
 -1.3849  -1.3849  -1.3849  -1.3849  -1.3849  -1.3849  -1.3849  -1.3849  -1.3850
 -1.3852  -1.3858  -1.3872  -1.3907  -1.3995  -1.4216  -1.4772  -1.6168  -1.9674
 -2.8480  -5.0558  -7.6548  -8.2024  -8.7963  -9.5291 -10.0642 -10.6082 -11.1743
-11.7763 -12.4362 -13.1886 -14.0880 -15.2205 -16.7228 -18.8111 -21.8284 -26.3179
  0.0000  -1.5353  -1.5353  -1.5353  -1.5353  -1.5353  -1.5353  -1.5353  -1.5353
 -1.5353  -1.5353  -1.5353  -1.5353  -1.5353  -1.5353  -1.5353  -1.5353  -1.5353
 -1.5355  -1.5357  -1.5364  -1.5382  -1.5426  -1.5536  -1.5814  -1.6512  -1.8265
 -2.2669  -3.3729  -6.1358  -8.1770  -8.7795  -9.5144 -10.0567 -10.6031 -11.1709
-11.7741 -12.4348 -13.1876 -14.0873 -15.2201 -16.7225 -18.8109 -21.8282 -26.3178
  0.0000  -1.6858  -1.6858  -1.6858  -1.6858  -1.6858  -1.6858  -1.6858  -1.6858
 -1.6858  -1.6858  -1.6858  -1.6858  -1.6858  -1.6858  -1.6858  -1.6858  -1.6858
 -1.6859  -1.6860  -1.6864  -1.6872  -1.6894  -1.6950  -1.7088  -1.7437  -1.8314
 -2.0515  -2.6046  -3.9937  -7.3831  -8.7535  -9.4924 -10.0457 -10.5954 -11.1659
-11.7707 -12.4326 -13.1863 -14.0864 -15.2196 -16.7222 -18.8107 -21.8281 -26.3177
  0.0000  -0.4500  -0.4500  -0.4500  -0.4500  -0.4500  -0.4500  -0.4500  -0.4500
 -0.4500  -0.4500  -0.4501  -0.4501  -0.4503  -0.4507  -0.4517  -0.4543  -0.4609
 -0.4773  -0.5185  -0.6219  -0.8818  -1.5339  -3.1546  -5.1166  -5.6705  -6.1914
 -6.7019  -7.2261  -7.7805  -8.3812  -9.0640  -9.5991 -10.1538 -10.7401 -11.3765
-12.0925 -12.9347 -13.9771 -15.3366 -17.1989 -19.8579 -23.7797 -29.7029 -37.0000
  0.0000  -0.6003  -0.6003  -0.6003  -0.6003  -0.6003  -0.6003  -0.6003  -0.6003
 -0.6003  -0.6003  -0.6003  -0.6004  -0.6004  -0.6007  -0.6012  -0.6025  -0.6057
 -0.6139  -0.6346  -0.6863  -0.8164  -1.1430  -1.9628  -3.9837  -5.6367  -6.1770
 -6.6951  -7.2223  -7.7781  -8.3795  -9.0627  -9.5983 -10.1533 -10.7398 -11.3763
-12.0924 -12.9346 -13.9770 -15.3366 -17.1989 -19.8579 -23.7797 -29.7028 -37.0000
  0.0000  -0.7507  -0.7507  -0.7507  -0.7507  -0.7507  -0.7507  -0.7507  -0.7507
 -0.7507  -0.7507  -0.7507  -0.7507  -0.7508  -0.7509  -0.7511  -0.7518  -0.7534
 -0.7575  -0.7678  -0.7937  -0.8588  -1.0222  -1.4326  -2.4627  -4.9364  -6.1499
 -6.6827  -7.2156  -7.7742  -8.3767  -9.0604  -9.5970 -10.1524 -10.7392 -11.3759
-12.0921 -12.9345 -13.9770 -15.3365 -17.1988 -19.8579 -23.7797 -29.7028 -37.0000
  0.0000  -0.9009  -0.9009  -0.9009  -0.9009  -0.9009  -0.9009  -0.9009  -0.9009
 -0.9009  -0.9009  -0.9009  -0.9010  -0.9010  -0.9010  -0.9012  -0.9015  -0.9023
 -0.9043  -0.9095  -0.9225  -0.9550  -1.0367  -1.2420  -1.7576  -3.0516  -5.8863
 -6.6605  -7.2039  -7.7671  -8.3719  -9.0562  -9.5945 -10.1507 -10.7381 -11.3752
-12.0916 -12.9341 -13.9766 -15.3363 -17.1986 -19.8576 -23.7794 -29.7026 -36.9998
  0.0000  -1.0515  -1.0515  -1.0515  -1.0515  -1.0515  -1.0515  -1.0515  -1.0515
 -1.0515  -1.0515  -1.0515  -1.0515  -1.0515  -1.0515  -1.0516  -1.0517  -1.0522
 -1.0532  -1.0558  -1.0622  -1.0785  -1.1194  -1.2220  -1.4799  -2.1276  -3.7525
 -6.5944  -7.1846  -7.7557  -8.3641  -9.0497  -9.5906 -10.1484 -10.7366 -11.3742
-12.0911 -12.9338 -13.9765 -15.3362 -17.1986 -19.8577 -23.7795 -29.7027 -36.9999
  0.0000  -1.2020  -1.2020  -1.2020  -1.2020  -1.2020  -1.2020  -1.2020  -1.2020
 -1.2020  -1.2020  -1.2020  -1.2020  -1.2020  -1.2020  -1.2020  -1.2021  -1.2023
 -1.2028  -1.2041  -1.2073  -1.2155  -1.2359  -1.2872  -1.4162  -1.7401  -2.5536
 -4.5926  -7.1511  -7.7376  -8.3517  -9.0393  -9.5846 -10.1442 -10.7339 -11.3726
-12.0899 -12.9331 -13.9760 -15.3359 -17.1984 -19.8576 -23.7794 -29.7027 -36.9999
  0.0000  -1.3525  -1.3525  -1.3525  -1.3525  -1.3525  -1.3525  -1.3525  -1.3525
 -1.3525  -1.3525  -1.3525  -1.3525  -1.3525  -1.3525  -1.3525  -1.3525  -1.3526
 -1.3529  -1.3535  -1.3552  -1.3592  -1.3694  -1.3951  -1.4596  -1.6215  -2.0283
 -3.0502  -5.6027  -7.7087  -8.3335  -9.0240  -9.5756 -10.1381 -10.7298 -11.3699
-12.0883 -12.9320 -13.9754 -15.3355 -17.1981 -19.8574 -23.7793 -29.7026 -36.9999
  0.0000  -0.1178  -0.1178  -0.1178  -0.1178  -0.1178  -0.1178  -0.1178  -0.1178
 -0.1178  -0.1179  -0.1180  -0.1183  -0.1191  -0.1210  -0.1258  -0.1378  -0.1680
 -0.2438  -0.4341  -0.9114  -2.0972  -4.0459  -4.6566  -5.1842  -5.6977  -6.2228
 -6.7348  -7.3201  -8.0547  -8.5853  -9.1325  -9.7066 -10.3237 -11.0090 -11.8026
-12.7678 -14.0051 -15.6735 -18.0252 -21.4601 -26.6115 -34.4835 -36.9999 -36.9999
  0.0000  -0.2684  -0.2684  -0.2684  -0.2684  -0.2684  -0.2684  -0.2684  -0.2684
 -0.2684  -0.2684  -0.2685  -0.2686  -0.2690  -0.2700  -0.2724  -0.2784  -0.2935
 -0.3315  -0.4269  -0.6666  -1.2678  -2.7563  -4.6060  -5.1661  -5.6895  -6.2186
 -6.7328  -7.3190  -8.0537  -8.5851  -9.1326  -9.7070 -10.3242 -11.0097 -11.8033
-12.7686 -14.0058 -15.6742 -18.0260 -21.4609 -26.6123 -34.4843 -37.0007 -37.0007
  0.0000  -0.4178  -0.4178  -0.4178  -0.4178  -0.4178  -0.4178  -0.4178  -0.4178
 -0.4178  -0.4178  -0.4178  -0.4179  -0.4181  -0.4186  -0.4198  -0.4228  -0.4304
 -0.4494  -0.4972  -0.6172  -0.9187  -1.6749  -3.5317  -5.1294  -5.6730  -6.2094
 -6.7277  -7.3150  -8.0498  -8.5826  -9.1308  -9.7056 -10.3231 -11.0087 -11.8024
-12.7678 -14.0051 -15.6735 -18.0253 -21.4602 -26.6116 -34.4836 -37.0000 -37.0000
  0.0000  -0.5680  -0.5680  -0.5680  -0.5680  -0.5680  -0.5680  -0.5680  -0.5680
 -0.5680  -0.5680  -0.5681  -0.5681  -0.5682  -0.5684  -0.5690  -0.5705  -0.5743
 -0.5838  -0.6078  -0.6678  -0.8187  -1.1977  -2.1484  -4.4248  -5.6447  -6.1948
 -6.7200  -7.3096  -8.0446  -8.5796  -9.1289  -9.7044 -10.3224 -11.0082 -11.8022
-12.7676 -14.0049 -15.6734 -18.0253 -21.4601 -26.6116 -34.4836 -37.0000 -37.0000
  0.0000  -0.7184  -0.7184  -0.7184  -0.7184  -0.7184  -0.7184  -0.7184  -0.7184
 -0.7184  -0.7184  -0.7184  -0.7184  -0.7185  -0.7186  -0.7189  -0.7196  -0.7215
 -0.7263  -0.7383  -0.7683  -0.8438  -1.0334  -1.5096  -2.7041  -5.3439  -6.1705
 -6.7079  -7.3005  -8.0362  -8.5748  -9.1256  -9.7023 -10.3210 -11.0074 -11.8016
-12.7672 -14.0047 -15.6733 -18.0252 -21.4601 -26.6115 -34.4835 -37.0000 -37.0000
  0.0000  -0.8687  -0.8687  -0.8687  -0.8687  -0.8687  -0.8687  -0.8687  -0.8687
 -0.8687  -0.8687  -0.8687  -0.8687  -0.8688  -0.8688  -0.8690  -0.8694  -0.8703
 -0.8727  -0.8787  -0.8937  -0.9314  -1.0263  -1.2645  -1.8627  -3.3630  -6.0676
 -6.6891  -7.2867  -8.0229  -8.5673  -9.1205  -9.6989 -10.3187 -11.0059 -11.8007
-12.7666 -14.0043 -15.6730 -18.0249 -21.4599 -26.6114 -34.4834 -36.9999 -36.9999
  0.0000  -1.0191  -1.0191  -1.0191  -1.0191  -1.0191  -1.0191  -1.0191  -1.0191
 -1.0191  -1.0191  -1.0191  -1.0191  -1.0191  -1.0192  -1.0192  -1.0194  -1.0199
 -1.0211  -1.0241  -1.0316  -1.0505  -1.0979  -1.2170  -1.5162  -2.2677  -4.1504
 -6.6580  -7.2667  -8.0042  -8.5566  -9.1127  -9.6937 -10.3152 -11.0035 -11.7991
-12.7655 -14.0036 -15.6725 -18.0246 -21.4597 -26.6112 -34.4832 -36.9998 -36.9998
  0.0000   0.2119   0.2119   0.2119   0.2119   0.2118   0.2118   0.2118   0.2118
  0.2117   0.2115   0.2109   0.2096   0.2061   0.1973   0.1754   0.1203  -0.0180
 -0.3643  -1.2211  -2.8905  -3.6380  -4.1750  -4.6923  -5.2189  -5.7316  -6.3161
 -7.0463  -7.5732  -8.1141  -8.6779  -9.2785  -9.9375 -10.6894 -11.5884 -12.7208
-14.2229 -16.3112 -19.3284 -23.8179 -30.6409 -36.9999 -36.9999 -36.9999 -36.9999
  0.0000   0.0643   0.0643   0.0643   0.0643   0.0643   0.0642   0.0642   0.0642
  0.0642   0.0641   0.0638   0.0631   0.0613   0.0569   0.0459   0.0181  -0.0516
 -0.2265  -0.6649  -1.7485  -3.5277  -4.1499  -4.6801  -5.2118  -5.7273  -6.3128
 -7.0432  -7.5711  -8.1124  -8.6766  -9.2774  -9.9366 -10.6885 -11.5876 -12.7200
-14.2222 -16.3105 -19.3277 -23.8172 -30.6402 -36.9992 -36.9992 -36.9992 -36.9992
  0.0000  -0.0864  -0.0864  -0.0864  -0.0864  -0.0864  -0.0864  -0.0864  -0.0865
 -0.0865  -0.0865  -0.0867  -0.0870  -0.0879  -0.0901  -0.0957  -0.1096  -0.1446
 -0.2325  -0.4533  -1.0065  -2.3695  -4.0955  -4.6616  -5.2025  -5.7230  -6.3101
 -7.0406  -7.5703  -8.1125  -8.6771  -9.2783  -9.9377 -10.6898 -11.5890 -12.7214
-14.2236 -16.3119 -19.3292 -23.8187 -30.6417 -37.0007 -37.0007 -37.0007 -37.0007
  0.0000  -0.2350  -0.2350  -0.2350  -0.2350  -0.2350  -0.2350  -0.2350  -0.2350
 -0.2350  -0.2350  -0.2351  -0.2353  -0.2357  -0.2368  -0.2396  -0.2466  -0.2641
 -0.3082  -0.4189  -0.6969  -1.3938  -3.0954  -4.6232  -5.1835  -5.7126  -6.3020
 -7.0329  -7.5652  -8.1087  -8.6744  -9.2761  -9.9359 -10.6882 -11.5875 -12.7201
-14.2223 -16.3107 -19.3280 -23.8175 -30.6405 -36.9995 -36.9995 -36.9995 -36.9995
  0.0000  -0.3855  -0.3855  -0.3855  -0.3855  -0.3855  -0.3855  -0.3855  -0.3855
 -0.3855  -0.3856  -0.3856  -0.3857  -0.3859  -0.3865  -0.3878  -0.3913  -0.4001
 -0.4222  -0.4777  -0.6169  -0.9666  -1.8434  -3.9328  -5.1538  -5.6987  -6.2916
 -7.0229  -7.5598  -8.1051  -8.6722  -9.2749  -9.9354 -10.6880 -11.5876 -12.7203
-14.2227 -16.3111 -19.3284 -23.8180 -30.6409 -37.0000 -37.0000 -37.0000 -37.0000
  0.0000  -0.5358  -0.5358  -0.5358  -0.5358  -0.5358  -0.5358  -0.5358  -0.5358
 -0.5358  -0.5358  -0.5358  -0.5358  -0.5360  -0.5362  -0.5369  -0.5387  -0.5431
 -0.5541  -0.5819  -0.6516  -0.8266  -1.2663  -2.3685  -4.8180  -5.6765  -6.2756
 -7.0075  -7.5508  -8.0989  -8.6680  -9.2721  -9.9335 -10.6868 -11.5869 -12.7199
-14.2224 -16.3109 -19.3283 -23.8179 -30.6409 -37.0000 -37.0000 -37.0000 -37.0000
  0.0000  -0.6860  -0.6860  -0.6860  -0.6860  -0.6860  -0.6860  -0.6860  -0.6860
 -0.6860  -0.6860  -0.6860  -0.6861  -0.6861  -0.6863  -0.6866  -0.6875  -0.6897
 -0.6952  -0.7091  -0.7439  -0.8315  -1.0515  -1.6040  -2.9887  -5.5725  -6.2532
 -6.9867  -7.5390  -8.0897  -8.6617  -9.2678  -9.9306 -10.6850 -11.5856 -12.7190
-14.2218 -16.3105 -19.3280 -23.8177 -30.6407 -36.9999 -36.9999 -36.9999 -36.9999
  0.0000   0.5345   0.5345   0.5345   0.5345   0.5345   0.5345   0.5344   0.5343
  0.5339   0.5329   0.5304   0.5242   0.5086   0.4695   0.3714   0.1265  -0.4750
 -1.7303  -2.6114  -3.1622  -3.6845  -4.1969  -4.7224  -5.2777  -5.8789  -6.5619
 -7.0976  -7.6527  -8.2392  -8.8758  -9.5919 -10.4342 -11.4766 -12.8362 -14.6984
-17.3574 -21.2792 -27.2024 -36.2975 -36.9996 -36.9996 -36.9996 -36.9996 -36.9996
  0.0000   0.3902   0.3902   0.3902   0.3902   0.3902   0.3902   0.3902   0.3901
  0.3899   0.3894   0.3881   0.3850   0.3770   0.3570   0.3068   0.1810  -0.1336
 -0.9066  -2.3842  -3.1313  -3.6706  -4.1896  -4.7182  -5.2750  -5.8768  -6.5603
 -7.0967  -7.6523  -8.2390  -8.8758  -9.5920 -10.4344 -11.4768 -12.8364 -14.6987
-17.3577 -21.2795 -27.2027 -36.2978 -36.9999 -36.9999 -36.9999 -36.9999 -36.9999
  0.0000   0.2438   0.2438   0.2438   0.2438   0.2438   0.2438   0.2438   0.2437
  0.2436   0.2434   0.2427   0.2411   0.2371   0.2270   0.2015   0.1377  -0.0225
 -0.4232  -1.4070  -3.0140  -3.6455  -4.1771  -4.7106  -5.2700  -5.8732  -6.5568
 -7.0947  -7.6509  -8.2382  -8.8752  -9.5916 -10.4341 -11.4766 -12.8362 -14.6986
-17.3576 -21.2794 -27.2026 -36.2977 -36.9998 -36.9998 -36.9998 -36.9998 -36.9998
  0.0000   0.0954   0.0954   0.0954   0.0954   0.0954   0.0954   0.0954   0.0954
  0.0953   0.0952   0.0949   0.0940   0.0920   0.0869   0.0741   0.0419  -0.0389
 -0.2417  -0.7494  -1.9913  -3.5865  -4.1574  -4.6995  -5.2627  -5.8677  -6.5521
 -7.0916  -7.6491  -8.2371  -8.8747  -9.5914 -10.4341 -11.4767 -12.8364 -14.6988
-17.3578 -21.2797 -27.2028 -36.2979 -37.0001 -37.0001 -37.0001 -37.0001 -37.0001
  0.0000  -0.0535  -0.0535  -0.0535  -0.0535  -0.0535  -0.0535  -0.0535  -0.0535
 -0.0535  -0.0536  -0.0538  -0.0542  -0.0552  -0.0578  -0.0642  -0.0804  -0.1210
 -0.2229  -0.4789  -1.1200  -2.6735  -4.1202  -4.6818  -5.2510  -5.8587  -6.5438
 -7.0865  -7.6454  -8.2347  -8.8730  -9.5903 -10.4333 -11.4761 -12.8360 -14.6984
-17.3576 -21.2794 -27.2026 -36.2977 -36.9999 -36.9999 -36.9999 -36.9999 -36.9999
  0.0000  -0.2033  -0.2033  -0.2033  -0.2033  -0.2033  -0.2033  -0.2033  -0.2033
 -0.2033  -0.2033  -0.2034  -0.2036  -0.2041  -0.2054  -0.2086  -0.2167  -0.2371
 -0.2882  -0.4167  -0.7391  -1.5468  -3.4576  -4.6538  -5.2351  -5.8465  -6.5322
 -7.0790  -7.6403  -8.2311  -8.8708  -9.5888 -10.4325 -11.4757 -12.8357 -14.6983
-17.3575 -21.2794 -27.2026 -36.2978 -37.0000 -37.0000 -37.0000 -37.0000 -37.0000
  0.0000  -0.3533  -0.3533  -0.3533  -0.3533  -0.3533  -0.3533  -0.3533  -0.3533
 -0.3533  -0.3533  -0.3534  -0.3535  -0.3537  -0.3544  -0.3560  -0.3600  -0.3702
 -0.3958  -0.4602  -0.6217  -1.0274  -2.0436  -4.3007  -5.2117  -5.8310  -6.5172
 -7.0687  -7.6326  -8.2261  -8.8673  -9.5866 -10.4309 -11.4747 -12.8351 -14.6979
-17.3573 -21.2793 -27.2025 -36.2977 -37.0000 -37.0000 -37.0000 -37.0000 -37.0000
  0.0000   0.8365   0.8365   0.8365   0.8365   0.8365   0.8364   0.8361   0.8354
  0.8338   0.8297   0.8193   0.7932   0.7281   0.5661   0.1727  -0.6687  -1.5655
 -2.1442  -2.6740  -3.1901  -3.7173  -4.2312  -4.8172  -5.5518  -6.0835  -6.6313
 -7.2059  -7.8232  -8.5087  -9.3024 -10.2677 -11.5050 -13.1734 -15.5252 -18.9601
-24.1115 -31.9836 -36.9999 -36.9999 -36.9999 -36.9999 -36.9999 -36.9999 -36.9999
  0.0000   0.7045   0.7045   0.7045   0.7044   0.7044   0.7044   0.7042   0.7039
  0.7030   0.7008   0.6953   0.6815   0.6468   0.5601   0.3440  -0.1814  -1.2539
 -2.1021  -2.6566  -3.1806  -3.7113  -4.2273  -4.8144  -5.5487  -6.0815  -6.6298
 -7.2048  -7.8224  -8.5081  -9.3019 -10.2672 -11.5045 -13.1730 -15.5248 -18.9597
-24.1111 -31.9832 -36.9995 -36.9995 -36.9995 -36.9995 -36.9995 -36.9995 -36.9995
  0.0000   0.5652   0.5652   0.5652   0.5652   0.5652   0.5651   0.5651   0.5649
  0.5644   0.5633   0.5604   0.5533   0.5353   0.4901   0.3769   0.0946  -0.5923
 -1.8821  -2.6257  -3.1667  -3.7028  -4.2223  -4.8106  -5.5449  -6.0791  -6.6285
 -7.2041  -7.8221  -8.5080  -9.3019 -10.2673 -11.5047 -13.1732 -15.5251 -18.9600
-24.1114 -31.9835 -36.9998 -36.9998 -36.9998 -36.9998 -36.9998 -36.9998 -36.9998
  0.0000   0.4218   0.4218   0.4218   0.4218   0.4218   0.4218   0.4218   0.4217
  0.4214   0.4208   0.4194   0.4157   0.4065   0.3834   0.3253   0.1797  -0.1838
 -1.0676  -2.5033  -3.1427  -3.6897  -4.2144  -4.8041  -5.5383  -6.0751  -6.6257
 -7.2023  -7.8210  -8.5073  -9.3015 -10.2671 -11.5046 -13.1731 -15.5250 -18.9599
-24.1114 -31.9834 -36.9998 -36.9998 -36.9998 -36.9998 -36.9998 -36.9998 -36.9998
  0.0000   0.2753   0.2753   0.2753   0.2753   0.2753   0.2752   0.2752   0.2752
  0.2751   0.2748   0.2740   0.2722   0.2675   0.2558   0.2263   0.1523  -0.0332
 -0.4969  -1.6202  -3.0817  -3.6699  -4.2039  -4.7952  -5.5287  -6.0693  -6.6218
 -7.1997  -7.8194  -8.5065  -9.3011 -10.2670 -11.5046 -13.1733 -15.5253 -18.9602
-24.1117 -31.9838 -37.0002 -37.0002 -37.0002 -37.0002 -37.0002 -37.0002 -37.0002
  0.0000   0.1277   0.1277   0.1277   0.1277   0.1277   0.1277   0.1277   0.1277
  0.1276   0.1275   0.1271   0.1262   0.1238   0.1179   0.1030   0.0657  -0.0280
 -0.2631  -0.8509  -2.2615  -3.6317  -4.1889  -4.7823  -5.5147  -6.0599  -6.6149
 -7.1950  -7.8160  -8.5041  -9.2995 -10.2658 -11.5038 -13.1726 -15.5247 -18.9597
-24.1113 -31.9834 -36.9998 -36.9998 -36.9998 -36.9998 -36.9998 -36.9998 -36.9998
  0.0000  -0.0215  -0.0215  -0.0215  -0.0215  -0.0215  -0.0215  -0.0215  -0.0215
 -0.0215  -0.0216  -0.0218  -0.0223  -0.0234  -0.0264  -0.0339  -0.0526  -0.0997
 -0.2180  -0.5148  -1.2573  -2.9988  -4.1654  -4.7672  -5.4985  -6.0491  -6.6061
 -7.1887  -7.8119  -8.5012  -9.2978 -10.2647 -11.5032 -13.1723 -15.5246 -18.9597
-24.1113 -31.9835 -37.0000 -37.0000 -37.0000 -37.0000 -37.0000 -37.0000 -37.0000
  0.0000   1.0910   1.0910   1.0910   1.0909   1.0908   1.0904   1.0895   1.0871
  1.0812   1.0665   1.0296   0.9384   0.7189   0.2385  -0.4891  -1.1101  -1.6542
 -2.1776  -2.7084  -3.2245  -3.8107  -4.5409  -5.0697  -5.6118  -6.1764  -6.7774
 -7.4368  -8.1888  -9.0880 -10.2204 -11.7226 -13.8109 -16.8282 -21.3177 -28.1406
-36.9997 -36.9997 -36.9997 -36.9997 -36.9997 -36.9997 -36.9997 -36.9997 -36.9997
  0.0000   0.9846   0.9846   0.9845   0.9845   0.9844   0.9842   0.9837   0.9823
  0.9789   0.9704   0.9489   0.8954   0.7628   0.4441  -0.2303  -1.0458  -1.6345
 -2.1679  -2.7020  -3.2204  -3.8075  -4.5377  -5.0676  -5.6104  -6.1755  -6.7769
 -7.4364  -8.1886  -9.0879 -10.2204 -11.7226 -13.8109 -16.8281 -21.3177 -28.1406
-36.9997 -36.9997 -36.9997 -36.9997 -36.9997 -36.9997 -36.9997 -36.9997 -36.9997
  0.0000   0.8647   0.8647   0.8647   0.8647   0.8646   0.8645   0.8642   0.8635
  0.8616   0.8569   0.8450   0.8152   0.7409   0.5564   0.1130  -0.7796  -1.5918
 -2.1519  -2.6925  -3.2144  -3.8025  -4.5325  -5.0644  -5.6082  -6.1740  -6.7760
 -7.4359  -8.1883  -9.0876 -10.2202 -11.7225 -13.8108 -16.8281 -21.3176 -28.1406
-36.9997 -36.9997 -36.9997 -36.9997 -36.9997 -36.9997 -36.9997 -36.9997 -36.9997
  0.0000   0.7341   0.7341   0.7341   0.7341   0.7341   0.7340   0.7339   0.7335
  0.7325   0.7300   0.7236   0.7077   0.6678   0.5680   0.3201  -0.2761  -1.3828
 -2.1226  -2.6784  -3.2060  -3.7951  -4.5245  -5.0594  -5.6047  -6.1718  -6.7745
 -7.4350  -8.1878  -9.0874 -10.2201 -11.7224 -13.8108 -16.8281 -21.3177 -28.1407
-36.9998 -36.9998 -36.9998 -36.9998 -36.9998 -36.9998 -36.9998 -36.9998 -36.9998
  0.0000   0.5964   0.5964   0.5964   0.5964   0.5964   0.5963   0.5962   0.5960
  0.5955   0.5942   0.5909   0.5826   0.5618   0.5096   0.3789   0.0536  -0.7278
 -1.9966  -2.6552  -3.1949  -3.7850  -4.5131  -5.0517  -5.5992  -6.1680  -6.7720
 -7.4334  -8.1867  -9.0866 -10.2196 -11.7221 -13.8106 -16.8279 -21.3175 -28.1405
-36.9997 -36.9997 -36.9997 -36.9997 -36.9997 -36.9997 -36.9997 -36.9997 -36.9997
  0.0000   0.4535   0.4535   0.4535   0.4535   0.4535   0.4534   0.4534   0.4533
  0.4530   0.4524   0.4507   0.4464   0.4358   0.4090   0.3417   0.1732  -0.2465
 -1.2513  -2.5879  -3.1796  -3.7728  -4.4989  -5.0418  -5.5914  -6.1626  -6.7683
 -7.4309  -8.1851  -9.0857 -10.2190 -11.7218 -13.8104 -16.8279 -21.3175 -28.1406
-36.9998 -36.9998 -36.9998 -36.9998 -36.9998 -36.9998 -36.9998 -36.9998 -36.9998
  0.0000   0.3076   0.3076   0.3076   0.3076   0.3076   0.3076   0.3075   0.3075
  0.3073   0.3070   0.3062   0.3040   0.2986   0.2850   0.2508   0.1651  -0.0498
 -0.5859  -1.8572  -3.1448  -3.7573  -4.4835  -5.0311  -5.5814  -6.1549  -6.7629
 -7.4272  -8.1826  -9.0841 -10.2180 -11.7211 -13.8100 -16.8276 -21.3174 -28.1404
-36.9998 -36.9998 -36.9998 -36.9998 -36.9998 -36.9998 -36.9998 -36.9998 -36.9998
  0.0000   1.2595   1.2595   1.2594   1.2593   1.2589   1.2579   1.2555   1.2494
  1.2343   1.1968   1.1060   0.8989   0.4958  -0.0586  -0.6151  -1.1512  -1.6735
 -2.2071  -2.7670  -3.3709  -4.0550  -4.5931  -5.1497  -5.7371  -6.3743  -7.0908
 -7.9333  -8.9759 -10.3355 -12.1979 -14.8569 -18.7787 -24.7019 -33.7971 -36.9991
-36.9991 -36.9991 -36.9991 -36.9991 -36.9991 -36.9991 -36.9991 -36.9991 -36.9991
  0.0000   1.1938   1.1938   1.1938   1.1937   1.1934   1.1928   1.1911   1.1870
  1.1768   1.1511   1.0878   0.9357   0.5991   0.0234  -0.5879  -1.1393  -1.6677
 -2.2027  -2.7636  -3.3680  -4.0524  -4.5910  -5.1484  -5.7363  -6.3737  -7.0903
 -7.9329  -8.9756 -10.3353 -12.1976 -14.8567 -18.7785 -24.7017 -33.7969 -36.9989
-36.9989 -36.9989 -36.9989 -36.9989 -36.9989 -36.9989 -36.9989 -36.9989 -36.9989
  0.0000   1.1109   1.1109   1.1109   1.1108   1.1106   1.1102   1.1092   1.1066
  1.1001   1.0838   1.0431   0.9427   0.7029   0.1930  -0.5226  -1.1205  -1.6594
 -2.1966  -2.7587  -3.3638  -4.0484  -4.5887  -5.1467  -5.7353  -6.3731  -7.0900
 -7.9328  -8.9756 -10.3353 -12.1977 -14.8568 -18.7787 -24.7019 -33.7971 -36.9991
-36.9991 -36.9991 -36.9991 -36.9991 -36.9991 -36.9991 -36.9991 -36.9991 -36.9991
  0.0000   1.0100   1.0100   1.0100   1.0100   1.0099   1.0096   1.0090   1.0075
  1.0036   0.9940   0.9697   0.9093   0.7600   0.4050  -0.3107  -1.0777  -1.6459
 -2.1883  -2.7517  -3.3574  -4.0418  -4.5843  -5.1436  -5.7332  -6.3718  -7.0892
 -7.9323  -8.9752 -10.3351 -12.1976 -14.8568 -18.7786 -24.7019 -33.7970 -36.9991
-36.9991 -36.9991 -36.9991 -36.9991 -36.9991 -36.9991 -36.9991 -36.9991 -36.9991
  0.0000   0.8936   0.8936   0.8936   0.8936   0.8935   0.8934   0.8930   0.8922
  0.8900   0.8846   0.8710   0.8370   0.7519   0.5417   0.0426  -0.8853  -1.6182
 -2.1769  -2.7430  -3.3489  -4.0324  -4.5774  -5.1388  -5.7298  -6.3694  -7.0876
 -7.9313  -8.9745 -10.3346 -12.1972 -14.8564 -18.7783 -24.7016 -33.7968 -36.9989
-36.9989 -36.9989 -36.9989 -36.9989 -36.9989 -36.9989 -36.9989 -36.9989 -36.9989
  0.0000   0.7642   0.7642   0.7642   0.7642   0.7642   0.7641   0.7639   0.7635
  0.7623   0.7594   0.7521   0.7338   0.6878   0.5730   0.2885  -0.3853  -1.4898
 -2.1586  -2.7339  -3.3404  -4.0218  -4.5692  -5.1327  -5.7257  -6.3668  -7.0861
 -7.9306  -8.9743 -10.3347 -12.1975 -14.8569 -18.7789 -24.7022 -33.7974 -36.9996
-36.9996 -36.9996 -36.9996 -36.9996 -36.9996 -36.9996 -36.9996 -36.9996 -36.9996
  0.0000   0.6278   0.6278   0.6278   0.6278   0.6278   0.6278   0.6277   0.6274
  0.6268   0.6253   0.6215   0.6119   0.5879   0.5276   0.3767   0.0023  -0.8804
 -2.0855  -2.7187  -3.3309  -4.0101  -4.5588  -5.1232  -5.7186  -6.3618  -7.0824
 -7.9278  -8.9724 -10.3333 -12.1964 -14.8560 -18.7781 -24.7015 -33.7968 -36.9990
-36.9990 -36.9990 -36.9990 -36.9990 -36.9990 -36.9990 -36.9990 -36.9990 -36.9990
  0.0000   1.3376   1.3376   1.3374   1.3372   1.3365   1.3348   1.3305   1.3199
  1.2941   1.2335   1.0986   0.8291   0.4036  -0.1068  -0.6366  -1.1810  -1.7055
 -2.2992  -3.0364  -3.5731  -4.1240  -4.7008  -5.3195  -6.0058  -6.8000  -7.7656
 -9.0031 -10.6716 -13.0235 -16.4584 -21.6098 -29.4818 -36.9983 -36.9983 -36.9983
-36.9983 -36.9983 -36.9983 -36.9983 -36.9983 -36.9983 -36.9983 -36.9983 -36.9983
  0.0000   1.3037   1.3037   1.3036   1.3034   1.3028   1.3015   1.2983   1.2901
  1.2698   1.2205   1.1058   0.8616   0.4396  -0.0876  -0.6276  -1.1752  -1.7029
 -2.2972  -3.0343  -3.5717  -4.1230  -4.7002  -5.3191  -6.0055  -6.7998  -7.7655
 -9.0030 -10.6716 -13.0235 -16.4584 -21.6098 -29.4818 -36.9983 -36.9983 -36.9983
-36.9983 -36.9983 -36.9983 -36.9983 -36.9983 -36.9983 -36.9983 -36.9983 -36.9983
  0.0000   1.2639   1.2638   1.2638   1.2636   1.2632   1.2622   1.2598   1.2535
  1.2380   1.1997   1.1072   0.8972   0.4917  -0.0620  -0.6185  -1.1687  -1.6993
 -2.2931  -3.0294  -3.5684  -4.1209  -4.6987  -5.3181  -6.0049  -6.7994  -7.7652
 -9.0028 -10.6715 -13.0234 -16.4583 -21.6098 -29.4818 -36.9983 -36.9983 -36.9983
-36.9983 -36.9983 -36.9983 -36.9983 -36.9983 -36.9983 -36.9983 -36.9983 -36.9983
  0.0000   1.2088   1.2088   1.2087   1.2086   1.2083   1.2076   1.2059   1.2015
  1.1904   1.1628   1.0947   0.9322   0.5782  -0.0036  -0.6033  -1.1613  -1.6946
 -2.2875  -3.0220  -3.5631  -4.1172  -4.6960  -5.3164  -6.0038  -6.7987  -7.7648
 -9.0026 -10.6713 -13.0233 -16.4583 -21.6098 -29.4818 -36.9983 -36.9983 -36.9983
-36.9983 -36.9983 -36.9983 -36.9983 -36.9983 -36.9983 -36.9983 -36.9983 -36.9983
  0.0000   1.1333   1.1333   1.1333   1.1332   1.1330   1.1326   1.1314   1.1285
  1.1213   1.1031   1.0579   0.9466   0.6832   0.1412  -0.5609  -1.1507  -1.6895
 -2.2809  -3.0125  -3.5557  -4.1115  -4.6921  -5.3136  -6.0021  -6.7977  -7.7641
 -9.0022 -10.6711 -13.0232 -16.4582 -21.6098 -29.4818 -36.9984 -36.9984 -36.9984
-36.9984 -36.9984 -36.9984 -36.9984 -36.9984 -36.9984 -36.9984 -36.9984 -36.9984
  0.0000   1.0373   1.0373   1.0372   1.0372   1.0371   1.0368   1.0361   1.0344
  1.0300   1.0190   0.9916   0.9231   0.7547   0.3590  -0.3937  -1.1231  -1.6832
 -2.2741  -3.0020  -3.5464  -4.1032  -4.6859  -5.3092  -5.9988  -6.7956  -7.7627
 -9.0011 -10.6703 -13.0226 -16.4578 -21.6094 -29.4815 -36.9981 -36.9981 -36.9981
-36.9981 -36.9981 -36.9981 -36.9981 -36.9981 -36.9981 -36.9981 -36.9981 -36.9981
  0.0000   0.9227   0.9227   0.9227   0.9227   0.9226   0.9224   0.9221   0.9211
  0.9186   0.9124   0.8969   0.8579   0.7607   0.5213  -0.0381  -0.9867  -1.6681
 -2.2679  -2.9938  -3.5385  -4.0943  -4.6785  -5.3039  -5.9953  -6.7930  -7.7612
 -9.0003 -10.6699 -13.0224 -16.4578 -21.6095 -29.4817 -36.9984 -36.9984 -36.9984
-36.9984 -36.9984 -36.9984 -36.9984 -36.9984 -36.9984 -36.9984 -36.9984 -36.9984
  0.0000   1.3738   1.3737   1.3735   1.3731   1.3720   1.3692   1.3626   1.3473
  1.3143   1.2438   1.0912   0.8041   0.3801  -0.1276  -0.6667  -1.2688  -2.0032
 -2.5442  -3.0943  -3.6640  -4.2683  -4.9298  -5.6832  -6.5832  -7.7161  -9.2186
-11.3071 -14.3245 -18.8141 -25.6371 -36.1583 -36.9962 -36.9962 -36.9962 -36.9962
-36.9962 -36.9962 -36.9962 -36.9962 -36.9962 -36.9962 -36.9962 -36.9962 -36.9962
  0.0000   1.3441   1.3440   1.3439   1.3436   1.3428   1.3407   1.3357   1.3236
  1.2959   1.2349   1.1003   0.8314   0.4085  -0.1096  -0.6578  -1.2650  -2.0036
 -2.5451  -3.0950  -3.6645  -4.2688  -4.9301  -5.6833  -6.5833  -7.7162  -9.2187
-11.3071 -14.3245 -18.8141 -25.6371 -36.1583 -36.9962 -36.9962 -36.9962 -36.9962
-36.9962 -36.9962 -36.9962 -36.9962 -36.9962 -36.9962 -36.9962 -36.9962 -36.9962
  0.0000   1.3256   1.3255   1.3254   1.3252   1.3245   1.3229   1.3188   1.3089
  1.2849   1.2293   1.1048   0.8480   0.4251  -0.1003  -0.6524  -1.2600  -1.9994
 -2.5420  -3.0928  -3.6629  -4.2676  -4.9293  -5.6828  -6.5829  -7.7159  -9.2185
-11.3070 -14.3244 -18.8140 -25.6370 -36.1582 -36.9961 -36.9961 -36.9961 -36.9961
-36.9961 -36.9961 -36.9961 -36.9961 -36.9961 -36.9961 -36.9961 -36.9961 -36.9961
  0.0000   1.3063   1.3063   1.3062   1.3060   1.3054   1.3041   1.3008   1.2926
  1.2723   1.2232   1.1095   0.8665   0.4430  -0.0939  -0.6494  -1.2549  -1.9928
 -2.5364  -3.0882  -3.6597  -4.2652  -4.9277  -5.6817  -6.5821  -7.7153  -9.2180
-11.3066 -14.3241 -18.8137 -25.6368 -36.1580 -36.9959 -36.9959 -36.9959 -36.9959
-36.9959 -36.9959 -36.9959 -36.9959 -36.9959 -36.9959 -36.9959 -36.9959 -36.9959
  0.0000   1.2769   1.2769   1.2769   1.2767   1.2763   1.2752   1.2726   1.2661
  1.2497   1.2094   1.1125   0.8942   0.4780  -0.0828  -0.6485  -1.2511  -1.9856
 -2.5293  -3.0817  -3.6549  -4.2620  -4.9254  -5.6804  -6.5813  -7.7149  -9.2178
-11.3066 -14.3241 -18.8138 -25.6369 -36.1582 -36.9961 -36.9961 -36.9961 -36.9961
-36.9961 -36.9961 -36.9961 -36.9961 -36.9961 -36.9961 -36.9961 -36.9961 -36.9961
  0.0000   1.2293   1.2293   1.2293   1.2291   1.2288   1.2281   1.2261   1.2213
  1.2092   1.1791   1.1050   0.9292   0.5529  -0.0426  -0.6444  -1.2491  -1.9801
 -2.5223  -3.0737  -3.6480  -4.2570  -4.9221  -5.6779  -6.5799  -7.7141  -9.2174
-11.3064 -14.3240 -18.8139 -25.6370 -36.1583 -36.9963 -36.9963 -36.9963 -36.9963
-36.9963 -36.9963 -36.9963 -36.9963 -36.9963 -36.9963 -36.9963 -36.9963 -36.9963
  0.0000   1.1583   1.1583   1.1583   1.1582   1.1580   1.1575   1.1562   1.1530
  1.1449   1.1246   1.0742   0.9506   0.6609   0.0844  -0.6164  -1.2449  -1.9779
 -2.5190  -3.0661  -3.6402  -4.2506  -4.9176  -5.6751  -6.5778  -7.7130  -9.2168
-11.3061 -14.3240 -18.8139 -25.6371 -36.1585 -36.9966 -36.9966 -36.9966 -36.9966
-36.9966 -36.9966 -36.9966 -36.9966 -36.9966 -36.9966 -36.9966 -36.9966 -36.9966
  0.0000   1.4197   1.4196   1.4193   1.4185   1.4166   1.4122   1.4022   1.3820
  1.3431   1.2598   1.0841   0.7753   0.3354  -0.1913  -0.8081  -1.4958  -2.0480
 -2.6164  -3.2129  -3.8564  -4.5772  -5.4225  -6.4670  -7.8278  -9.6909 -12.3504
-16.2725 -22.1958 -31.2911 -36.9934 -36.9934 -36.9934 -36.9934 -36.9934 -36.9934
-36.9934 -36.9934 -36.9934 -36.9934 -36.9934 -36.9934 -36.9934 -36.9934 -36.9934
  0.0000   1.3660   1.3660   1.3658   1.3653   1.3642   1.3614   1.3548   1.3403
  1.3106   1.2472   1.1053   0.8264   0.3898  -0.1537  -0.8134  -1.4980  -2.0550
 -2.6236  -3.2185  -3.8601  -4.5796  -5.4240  -6.4676  -7.8280  -9.6907 -12.3500
-16.2720 -22.1953 -31.2904 -36.9927 -36.9927 -36.9927 -36.9927 -36.9927 -36.9927
-36.9927 -36.9927 -36.9927 -36.9927 -36.9927 -36.9927 -36.9927 -36.9927 -36.9927
  0.0000   1.3468   1.3468   1.3466   1.3462   1.3453   1.3429   1.3373   1.3245
  1.2976   1.2404   1.1105   0.8448   0.4104  -0.1404  -0.8069  -1.4966  -2.0547
 -2.6235  -3.2185  -3.8601  -4.5796  -5.4239  -6.4676  -7.8279  -9.6906 -12.3499
-16.2719 -22.1952 -31.2904 -36.9926 -36.9926 -36.9926 -36.9926 -36.9926 -36.9926
-36.9926 -36.9926 -36.9926 -36.9926 -36.9926 -36.9926 -36.9926 -36.9926 -36.9926
  0.0000   1.3387   1.3387   1.3386   1.3382   1.3374   1.3354   1.3304   1.3188
  1.2930   1.2374   1.1123   0.8517   0.4176  -0.1363  -0.8035  -1.4924  -2.0509
 -2.6204  -3.2162  -3.8587  -4.5786  -5.4233  -6.4671  -7.8276  -9.6905 -12.3498
-16.2718 -22.1951 -31.2903 -36.9926 -36.9926 -36.9926 -36.9926 -36.9926 -36.9926
-36.9926 -36.9926 -36.9926 -36.9926 -36.9926 -36.9926 -36.9926 -36.9926 -36.9926
  0.0000   1.3329   1.3328   1.3327   1.3325   1.3318   1.3301   1.3259   1.3158
  1.2917   1.2370   1.1144   0.8563   0.4189  -0.1389  -0.8037  -1.4874  -2.0447
 -2.6149  -3.2120  -3.8557  -4.5764  -5.4220  -6.4663  -7.8271  -9.6901 -12.3496
-16.2717 -22.1950 -31.2903 -36.9926 -36.9926 -36.9926 -36.9926 -36.9926 -36.9926
-36.9926 -36.9926 -36.9926 -36.9926 -36.9926 -36.9926 -36.9926 -36.9926 -36.9926
  0.0000   1.3219   1.3218   1.3218   1.3215   1.3210   1.3196   1.3161   1.3075
  1.2863   1.2356   1.1186   0.8673   0.4249  -0.1443  -0.8082  -1.4848  -2.0384
 -2.6076  -3.2059  -3.8513  -4.5734  -5.4198  -6.4650  -7.8262  -9.6896 -12.3493
-16.2715 -22.1949 -31.2902 -36.9926 -36.9926 -36.9926 -36.9926 -36.9926 -36.9926
-36.9926 -36.9926 -36.9926 -36.9926 -36.9926 -36.9926 -36.9926 -36.9926 -36.9926
  0.0000   1.2975   1.2975   1.2974   1.2973   1.2968   1.2957   1.2929   1.2859
  1.2685   1.2255   1.1228   0.8921   0.4535  -0.1415  -0.8141  -1.4875  -2.0350
 -2.6007  -3.1990  -3.8456  -4.5695  -5.4171  -6.4632  -7.8252  -9.6890 -12.3490
-16.2714 -22.1949 -31.2903 -36.9928 -36.9928 -36.9928 -36.9928 -36.9928 -36.9928
-36.9928 -36.9928 -36.9928 -36.9928 -36.9928 -36.9928 -36.9928 -36.9928 -36.9928
  0.0000   1.5568   1.5564   1.5555   1.5533   1.5481   1.5371   1.5176   1.4873
  1.4283   1.2961   1.0371   0.6494   0.0991  -0.6262  -1.1683  -1.6883  -2.2363
 -2.8303  -3.4965  -4.2760  -5.2334  -6.4690  -8.1402 -10.4970 -13.9368 -19.0922
-26.9672 -36.9891 -36.9891 -36.9891 -36.9891 -36.9891 -36.9891 -36.9891 -36.9891
-36.9891 -36.9891 -36.9891 -36.9891 -36.9891 -36.9891 -36.9891 -36.9891 -36.9891
  0.0000   1.4122   1.4121   1.4119   1.4113   1.4099   1.4065   1.3988   1.3826
  1.3503   1.2771   1.1098   0.7987   0.3015  -0.3766  -0.9884  -1.5615  -2.1544
 -2.7846  -3.4788  -4.2782  -5.2471  -6.4869  -8.1568 -10.5095 -13.9449 -19.0967
-26.9690 -36.9857 -36.9857 -36.9857 -36.9857 -36.9857 -36.9857 -36.9857 -36.9857
-36.9857 -36.9857 -36.9857 -36.9857 -36.9857 -36.9857 -36.9857 -36.9857 -36.9857
  0.0000   1.3728   1.3728   1.3726   1.3722   1.3713   1.3689   1.3634   1.3509
  1.3248   1.2661   1.1254   0.8399   0.3480  -0.3488  -0.9848  -1.5653  -2.1596
 -2.7891  -3.4819  -4.2800  -5.2482  -6.4872  -8.1567 -10.5092 -13.9444 -19.0961
-26.9683 -36.9849 -36.9849 -36.9849 -36.9849 -36.9849 -36.9849 -36.9849 -36.9849
-36.9849 -36.9849 -36.9849 -36.9849 -36.9849 -36.9849 -36.9849 -36.9849 -36.9849
  0.0000   1.3620   1.3619   1.3618   1.3614   1.3605   1.3582   1.3528   1.3408
  1.3163   1.2615   1.1282   0.8528   0.3631  -0.3421  -0.9821  -1.5638  -2.1586
 -2.7884  -3.4814  -4.2798  -5.2480  -6.4870  -8.1565 -10.5090 -13.9443 -19.0960
-26.9682 -36.9848 -36.9848 -36.9848 -36.9848 -36.9848 -36.9848 -36.9848 -36.9848
-36.9848 -36.9848 -36.9848 -36.9848 -36.9848 -36.9848 -36.9848 -36.9848 -36.9848
  0.0000   1.3622   1.3622   1.3620   1.3616   1.3607   1.3583   1.3528   1.3406
  1.3159   1.2612   1.1279   0.8539   0.3631  -0.3452  -0.9791  -1.5594  -2.1545
 -2.7852  -3.4793  -4.2782  -5.2470  -6.4865  -8.1562 -10.5089 -13.9442 -19.0960
-26.9682 -36.9849 -36.9849 -36.9849 -36.9849 -36.9849 -36.9849 -36.9849 -36.9849
-36.9849 -36.9849 -36.9849 -36.9849 -36.9849 -36.9849 -36.9849 -36.9849 -36.9849
  0.0000   1.3646   1.3646   1.3644   1.3641   1.3632   1.3611   1.3561   1.3444
  1.3191   1.2628   1.1283   0.8512   0.3552  -0.3568  -0.9788  -1.5544  -2.1486
 -2.7802  -3.4757  -4.2759  -5.2454  -6.4855  -8.1557 -10.5086 -13.9441 -19.0960
-26.9683 -36.9851 -36.9851 -36.9851 -36.9851 -36.9851 -36.9851 -36.9851 -36.9851
-36.9851 -36.9851 -36.9851 -36.9851 -36.9851 -36.9851 -36.9851 -36.9851 -36.9851
  0.0000   1.3633   1.3632   1.3631   1.3628   1.3621   1.3604   1.3561   1.3457
  1.3210   1.2639   1.1309   0.8519   0.3483  -0.3734  -0.9841  -1.5517  -2.1429
 -2.7744  -3.4710  -4.2727  -5.2433  -6.4842  -8.1550 -10.5082 -13.9440 -19.0961
-26.9684 -36.9854 -36.9854 -36.9854 -36.9854 -36.9854 -36.9854 -36.9854 -36.9854
-36.9854 -36.9854 -36.9854 -36.9854 -36.9854 -36.9854 -36.9854 -36.9854 -36.9854
 -1.0000   1.5582   1.5579   1.5574   1.5561   1.5532   1.5472   1.5353   1.5113
  1.4547   1.3240   1.0525   0.5324  -0.0583  -0.6036  -1.1487  -1.7332  -2.3823
 -3.1311  -4.0328  -5.1713  -6.6803  -8.7745 -11.7962 -16.2889 -23.1138 -33.6364
-36.9768 -36.9768 -36.9768 -36.9768 -36.9768 -36.9768 -36.9768 -36.9768 -36.9768
-36.9768 -36.9768 -36.9768 -36.9768 -36.9768 -36.9768 -36.9768 -36.9768 -36.9768
  0.0000   1.5578   1.5576   1.5571   1.5559   1.5531   1.5471   1.5352   1.5112
  1.4547   1.3240   1.0526   0.5327  -0.0582  -0.6035  -1.1487  -1.7332  -2.3823
 -3.1311  -4.0328  -5.1713  -6.6803  -8.7745 -11.7962 -16.2889 -23.1138 -33.6364
-36.9768 -36.9768 -36.9768 -36.9768 -36.9768 -36.9768 -36.9768 -36.9768 -36.9768
-36.9768 -36.9768 -36.9768 -36.9768 -36.9768 -36.9768 -36.9768 -36.9768 -36.9768
  0.0000   1.4498   1.4497   1.4495   1.4489   1.4476   1.4447   1.4382   1.4233
  1.3889   1.3082   1.1223   0.7303   0.1336  -0.4782  -1.0775  -1.7030  -2.3792
 -3.1425  -4.0489  -5.1858  -6.6910  -8.7811 -11.7995 -16.2897 -23.1131 -33.6345
-36.9729 -36.9729 -36.9729 -36.9729 -36.9729 -36.9729 -36.9729 -36.9729 -36.9729
-36.9729 -36.9729 -36.9729 -36.9729 -36.9729 -36.9729 -36.9729 -36.9729 -36.9729
  0.0000   1.4240   1.4239   1.4238   1.4233   1.4223   1.4198   1.4143   1.4013
  1.3717   1.3019   1.1369   0.7711   0.1627  -0.4701  -1.0783  -1.7063  -2.3825
 -3.1449  -4.0502  -5.1867  -6.6912  -8.7810 -11.7991 -16.2892 -23.1124 -33.6338
-36.9721 -36.9721 -36.9721 -36.9721 -36.9721 -36.9721 -36.9721 -36.9721 -36.9721
-36.9721 -36.9721 -36.9721 -36.9721 -36.9721 -36.9721 -36.9721 -36.9721 -36.9721
  0.0000   1.4233   1.4232   1.4230   1.4226   1.4216   1.4193   1.4136   1.4007
  1.3711   1.3016   1.1380   0.7721   0.1627  -0.4626  -1.0760  -1.7043  -2.3808
 -3.1437  -4.0494  -5.1859  -6.6907  -8.7806 -11.7988 -16.2889 -23.1122 -33.6336
-36.9719 -36.9719 -36.9719 -36.9719 -36.9719 -36.9719 -36.9719 -36.9719 -36.9719
-36.9719 -36.9719 -36.9719 -36.9719 -36.9719 -36.9719 -36.9719 -36.9719 -36.9719
  0.0000   1.4311   1.4311   1.4309   1.4305   1.4295   1.4270   1.4212   1.4077
  1.3768   1.3044   1.1350   0.7559   0.1488  -0.4654  -1.0735  -1.7004  -2.3774
 -3.1412  -4.0479  -5.1849  -6.6904  -8.7805 -11.7989 -16.2892 -23.1125 -33.6340
-36.9724 -36.9724 -36.9724 -36.9724 -36.9724 -36.9724 -36.9724 -36.9724 -36.9724
-36.9724 -36.9724 -36.9724 -36.9724 -36.9724 -36.9724 -36.9724 -36.9724 -36.9724
  0.0000   1.4403   1.4402   1.4401   1.4397   1.4387   1.4362   1.4303   1.4164
  1.3841   1.3092   1.1327   0.7356   0.1280  -0.4727  -1.0723  -1.6961  -2.3728
 -3.1375  -4.0453  -5.1834  -6.6893  -8.7800 -11.7987 -16.2891 -23.1126 -33.6341
-36.9727 -36.9727 -36.9727 -36.9727 -36.9727 -36.9727 -36.9727 -36.9727 -36.9727
-36.9727 -36.9727 -36.9727 -36.9727 -36.9727 -36.9727 -36.9727 -36.9727 -36.9727
 -2.0000   1.6244   1.6240   1.6232   1.6216   1.6184   1.6117   1.5967   1.5627
  1.4841   1.3053   0.9513   0.4609  -0.0813  -0.6549  -1.2858  -2.0032  -2.8521
 -3.9035  -5.2720  -7.1416  -9.8060 -13.7315 -19.6571 -28.7539 -36.9587 -36.9587
-36.9587 -36.9587 -36.9587 -36.9587 -36.9587 -36.9587 -36.9587 -36.9587 -36.9587
-36.9587 -36.9587 -36.9587 -36.9587 -36.9587 -36.9587 -36.9587 -36.9587 -36.9587
 -1.0000   1.6243   1.6239   1.6231   1.6215   1.6183   1.6116   1.5966   1.5627
  1.4841   1.3053   0.9513   0.4610  -0.0813  -0.6549  -1.2858  -2.0032  -2.8521
 -3.9035  -5.2720  -7.1416  -9.8060 -13.7315 -19.6571 -28.7539 -36.9587 -36.9587
-36.9587 -36.9587 -36.9587 -36.9587 -36.9587 -36.9587 -36.9587 -36.9587 -36.9587
-36.9587 -36.9587 -36.9587 -36.9587 -36.9587 -36.9587 -36.9587 -36.9587 -36.9587
  0.0000   1.6241   1.6238   1.6230   1.6214   1.6183   1.6116   1.5966   1.5626
  1.4841   1.3054   0.9514   0.4611  -0.0812  -0.6549  -1.2858  -2.0032  -2.8521
 -3.9035  -5.2720  -7.1416  -9.8060 -13.7315 -19.6571 -28.7539 -36.9587 -36.9587
-36.9587 -36.9587 -36.9587 -36.9587 -36.9587 -36.9587 -36.9587 -36.9587 -36.9587
-36.9587 -36.9587 -36.9587 -36.9587 -36.9587 -36.9587 -36.9587 -36.9587 -36.9587
  0.0000   1.5185   1.5183   1.5177   1.5166   1.5144   1.5098   1.5005   1.4802
  1.4344   1.3289   1.0823   0.6162   0.0245  -0.5990  -1.2659  -2.0040  -2.8612
 -3.9133  -5.2788  -7.1451  -9.8064 -13.7297 -19.6538 -28.7495 -36.9524 -36.9524
-36.9524 -36.9524 -36.9524 -36.9524 -36.9524 -36.9524 -36.9524 -36.9524 -36.9524
-36.9524 -36.9524 -36.9524 -36.9524 -36.9524 -36.9524 -36.9524 -36.9524 -36.9524
  0.0000   1.5001   1.5000   1.4996   1.4986   1.4966   1.4924   1.4840   1.4659
  1.4256   1.3315   1.1019   0.6371   0.0334  -0.5977  -1.2673  -2.0059  -2.8628
 -3.9142  -5.2792  -7.1451  -9.8062 -13.7293 -19.6533 -28.7489 -36.9517 -36.9517
-36.9517 -36.9517 -36.9517 -36.9517 -36.9517 -36.9517 -36.9517 -36.9517 -36.9517
-36.9517 -36.9517 -36.9517 -36.9517 -36.9517 -36.9517 -36.9517 -36.9517 -36.9517
  0.0000   1.5100   1.5098   1.5095   1.5086   1.5066   1.5023   1.4932   1.4735
  1.4296   1.3293   1.0919   0.6269   0.0291  -0.5981  -1.2664  -2.0048  -2.8620
 -3.9139  -5.2792  -7.1453  -9.8066 -13.7298 -19.6538 -28.7495 -36.9524 -36.9524
-36.9524 -36.9524 -36.9524 -36.9524 -36.9524 -36.9524 -36.9524 -36.9524 -36.9524
-36.9524 -36.9524 -36.9524 -36.9524 -36.9524 -36.9524 -36.9524 -36.9524 -36.9524
  0.0000   1.5270   1.5269   1.5266   1.5258   1.5239   1.5194   1.5093   1.4871
  1.4377   1.3263   1.0734   0.6062   0.0194  -0.6000  -1.2649  -2.0027  -2.8603
 -3.9130  -5.2790  -7.1455  -9.8071 -13.7305 -19.6547 -28.7505 -36.9535 -36.9535
-36.9535 -36.9535 -36.9535 -36.9535 -36.9535 -36.9535 -36.9535 -36.9535 -36.9535
-36.9535 -36.9535 -36.9535 -36.9535 -36.9535 -36.9535 -36.9535 -36.9535 -36.9535
 -3.0000   1.6617   1.6609   1.6594   1.6568   1.6520   1.6424   1.6232   1.5819
  1.4903   1.2920   0.9328   0.4403  -0.1559  -0.8420  -1.6458  -2.6247  -3.8753
 -5.5547  -7.9145 -11.3549 -16.5099 -24.3843 -36.5696 -36.9047 -36.9047 -36.9047
-36.9047 -36.9047 -36.9047 -36.9047 -36.9047 -36.9047 -36.9047 -36.9047 -36.9047
-36.9047 -36.9047 -36.9047 -36.9047 -36.9047 -36.9047 -36.9047 -36.9047 -36.9047
 -2.0000   1.6617   1.6608   1.6594   1.6568   1.6520   1.6424   1.6232   1.5819
  1.4903   1.2920   0.9328   0.4403  -0.1559  -0.8420  -1.6458  -2.6247  -3.8753
 -5.5547  -7.9145 -11.3549 -16.5099 -24.3843 -36.5696 -36.9047 -36.9047 -36.9047
-36.9047 -36.9047 -36.9047 -36.9047 -36.9047 -36.9047 -36.9047 -36.9047 -36.9047
-36.9047 -36.9047 -36.9047 -36.9047 -36.9047 -36.9047 -36.9047 -36.9047 -36.9047
 -1.0000   1.6616   1.6608   1.6594   1.6568   1.6520   1.6424   1.6232   1.5819
  1.4903   1.2920   0.9329   0.4403  -0.1559  -0.8420  -1.6458  -2.6247  -3.8753
 -5.5547  -7.9145 -11.3549 -16.5099 -24.3843 -36.5696 -36.9047 -36.9047 -36.9047
-36.9047 -36.9047 -36.9047 -36.9047 -36.9047 -36.9047 -36.9047 -36.9047 -36.9047
-36.9047 -36.9047 -36.9047 -36.9047 -36.9047 -36.9047 -36.9047 -36.9047 -36.9047
  0.0000   1.6615   1.6608   1.6593   1.6567   1.6519   1.6424   1.6232   1.5819
  1.4903   1.2921   0.9329   0.4404  -0.1559  -0.8420  -1.6458  -2.6247  -3.8753
 -5.5547  -7.9145 -11.3549 -16.5099 -24.3843 -36.5696 -36.9047 -36.9047 -36.9047
-36.9047 -36.9047 -36.9047 -36.9047 -36.9047 -36.9047 -36.9047 -36.9047 -36.9047
-36.9047 -36.9047 -36.9047 -36.9047 -36.9047 -36.9047 -36.9047 -36.9047 -36.9047
  0.0000   1.5496   1.5491   1.5481   1.5463   1.5433   1.5384   1.5301   1.5136
  1.4723   1.3515   1.0488   0.5407  -0.0983  -0.8180  -1.6404  -2.6263  -3.8771
 -5.5541  -7.9111 -11.3494 -16.5029 -24.3761 -36.5606 -36.8945 -36.8945 -36.8945
-36.8945 -36.8945 -36.8945 -36.8945 -36.8945 -36.8945 -36.8945 -36.8945 -36.8945
-36.8945 -36.8945 -36.8945 -36.8945 -36.8945 -36.8945 -36.8945 -36.8945 -36.8945
  0.0000   1.5298   1.5295   1.5287   1.5271   1.5245   1.5204   1.5138   1.5015
  1.4685   1.3601   1.0662   0.5531  -0.0934  -0.8171  -1.6408  -2.6266  -3.8771
 -5.5536  -7.9104 -11.3484 -16.5017 -24.3748 -36.5593 -36.8930 -36.8930 -36.8930
-36.8930 -36.8930 -36.8930 -36.8930 -36.8930 -36.8930 -36.8930 -36.8930 -36.8930
-36.8930 -36.8930 -36.8930 -36.8930 -36.8930 -36.8930 -36.8930 -36.8930 -36.8930
  0.0000   1.5359   1.5356   1.5350   1.5336   1.5310   1.5267   1.5196   1.5059
  1.4702   1.3576   1.0597   0.5480  -0.0955  -0.8174  -1.6405  -2.6262  -3.8769
 -5.5537  -7.9104 -11.3487 -16.5020 -24.3752 -36.5597 -36.8935 -36.8935 -36.8935
-36.8935 -36.8935 -36.8935 -36.8935 -36.8935 -36.8935 -36.8935 -36.8935 -36.8935
-36.8935 -36.8935 -36.8935 -36.8935 -36.8935 -36.8935 -36.8935 -36.8935 -36.8935
 -4.0000   1.6896   1.6880   1.6854   1.6813   1.6747   1.6637   1.6441   1.6040
  1.5120   1.3124   0.9128   0.3248  -0.4187  -1.3311  -2.4823  -4.0023  -6.1047
 -9.1321 -13.6284 -20.4557 -30.9798 -36.8223 -36.8223 -36.8223 -36.8223 -36.8223
-36.8223 -36.8223 -36.8223 -36.8223 -36.8223 -36.8223 -36.8223 -36.8223 -36.8223
-36.8223 -36.8223 -36.8223 -36.8223 -36.8223 -36.8223 -36.8223 -36.8223 -36.8223
 -3.0000   1.6896   1.6880   1.6854   1.6813   1.6747   1.6637   1.6441   1.6040
  1.5120   1.3124   0.9128   0.3248  -0.4187  -1.3311  -2.4823  -4.0023  -6.1047
 -9.1321 -13.6284 -20.4557 -30.9798 -36.8223 -36.8223 -36.8223 -36.8223 -36.8223
-36.8223 -36.8223 -36.8223 -36.8223 -36.8223 -36.8223 -36.8223 -36.8223 -36.8223
-36.8223 -36.8223 -36.8223 -36.8223 -36.8223 -36.8223 -36.8223 -36.8223 -36.8223
 -2.0000   1.6896   1.6880   1.6854   1.6813   1.6747   1.6637   1.6441   1.6040
  1.5120   1.3124   0.9128   0.3248  -0.4187  -1.3311  -2.4823  -4.0023  -6.1047
 -9.1321 -13.6284 -20.4557 -30.9798 -36.8223 -36.8223 -36.8223 -36.8223 -36.8223
-36.8223 -36.8223 -36.8223 -36.8223 -36.8223 -36.8223 -36.8223 -36.8223 -36.8223
-36.8223 -36.8223 -36.8223 -36.8223 -36.8223 -36.8223 -36.8223 -36.8223 -36.8223
 -1.0000   1.6896   1.6880   1.6854   1.6813   1.6747   1.6637   1.6441   1.6040
  1.5120   1.3124   0.9128   0.3248  -0.4187  -1.3311  -2.4823  -4.0023  -6.1047
 -9.1321 -13.6284 -20.4557 -30.9798 -36.8223 -36.8223 -36.8223 -36.8223 -36.8223
-36.8223 -36.8223 -36.8223 -36.8223 -36.8223 -36.8223 -36.8223 -36.8223 -36.8223
-36.8223 -36.8223 -36.8223 -36.8223 -36.8223 -36.8223 -36.8223 -36.8223 -36.8223
  0.0000   1.6895   1.6880   1.6854   1.6813   1.6747   1.6637   1.6441   1.6040
  1.5120   1.3124   0.9129   0.3248  -0.4187  -1.3311  -2.4823  -4.0023  -6.1047
 -9.1321 -13.6284 -20.4557 -30.9798 -36.8223 -36.8223 -36.8223 -36.8223 -36.8223
-36.8223 -36.8223 -36.8223 -36.8223 -36.8223 -36.8223 -36.8223 -36.8223 -36.8223
-36.8223 -36.8223 -36.8223 -36.8223 -36.8223 -36.8223 -36.8223 -36.8223 -36.8223
  0.0000   1.5889   1.5877   1.5856   1.5824   1.5779   1.5721   1.5645   1.5499
  1.5071   1.3780   1.0158   0.4039  -0.3761  -1.3123  -2.4738  -3.9960  -6.0970
 -9.1220 -13.6164 -20.4423 -30.9652 -36.8058 -36.8058 -36.8058 -36.8058 -36.8058
-36.8058 -36.8058 -36.8058 -36.8058 -36.8058 -36.8058 -36.8058 -36.8058 -36.8058
-36.8058 -36.8058 -36.8058 -36.8058 -36.8058 -36.8058 -36.8058 -36.8058 -36.8058
  0.0000   1.5563   1.5554   1.5536   1.5508   1.5472   1.5434   1.5399   1.5332
  1.5046   1.3949   1.0412   0.4196  -0.3699  -1.3101  -2.4727  -3.9945  -6.0949
 -9.1194 -13.6134 -20.4390 -30.9618 -36.8020 -36.8020 -36.8020 -36.8020 -36.8020
-36.8020 -36.8020 -36.8020 -36.8020 -36.8020 -36.8020 -36.8020 -36.8020 -36.8020
-36.8020 -36.8020 -36.8020 -36.8020 -36.8020 -36.8020 -36.8020 -36.8020 -36.8020
-14.0000   1.5576   1.5562   1.5542   1.5513   1.5478   1.5440   1.5406   1.5340
  1.5053   1.3957   1.0417   0.4201  -0.3693  -1.3095  -2.4720  -3.9938  -6.0942
 -9.1187 -13.6127 -20.4383 -30.9611 -36.8013 -36.8013 -36.8013 -36.8013 -36.8013
-36.8013 -36.8013 -36.8013 -36.8013 -36.8013 -36.8013 -36.8013 -36.8013 -36.8013
-36.8013 -36.8013 -36.8013 -36.8013 -36.8013 -36.8013 -36.8013 -36.8013 -36.8013
-13.0000   1.5576   1.5562   1.5542   1.5513   1.5478   1.5440   1.5406   1.5340
  1.5053   1.3957   1.0417   0.4201  -0.3693  -1.3095  -2.4720  -3.9938  -6.0942
 -9.1187 -13.6127 -20.4383 -30.9611 -36.8013 -36.8013 -36.8013 -36.8013 -36.8013
-36.8013 -36.8013 -36.8013 -36.8013 -36.8013 -36.8013 -36.8013 -36.8013 -36.8013
-36.8013 -36.8013 -36.8013 -36.8013 -36.8013 -36.8013 -36.8013 -36.8013 -36.8013
-12.0000   1.5576   1.5562   1.5542   1.5513   1.5478   1.5440   1.5406   1.5340
  1.5053   1.3957   1.0417   0.4201  -0.3693  -1.3095  -2.4720  -3.9938  -6.0942
 -9.1187 -13.6127 -20.4383 -30.9611 -36.8013 -36.8013 -36.8013 -36.8013 -36.8013
-36.8013 -36.8013 -36.8013 -36.8013 -36.8013 -36.8013 -36.8013 -36.8013 -36.8013
-36.8013 -36.8013 -36.8013 -36.8013 -36.8013 -36.8013 -36.8013 -36.8013 -36.8013
-11.0000   1.5576   1.5562   1.5542   1.5513   1.5478   1.5440   1.5406   1.5340
  1.5053   1.3957   1.0417   0.4201  -0.3693  -1.3095  -2.4720  -3.9938  -6.0942
 -9.1187 -13.6127 -20.4383 -30.9611 -36.8013 -36.8013 -36.8013 -36.8013 -36.8013
-36.8013 -36.8013 -36.8013 -36.8013 -36.8013 -36.8013 -36.8013 -36.8013 -36.8013
-36.8013 -36.8013 -36.8013 -36.8013 -36.8013 -36.8013 -36.8013 -36.8013 -36.8013
-10.0000   1.5576   1.5562   1.5542   1.5513   1.5478   1.5440   1.5406   1.5340
  1.5053   1.3957   1.0417   0.4201  -0.3693  -1.3095  -2.4720  -3.9938  -6.0942
 -9.1187 -13.6127 -20.4383 -30.9611 -36.8013 -36.8013 -36.8013 -36.8013 -36.8013
-36.8013 -36.8013 -36.8013 -36.8013 -36.8013 -36.8013 -36.8013 -36.8013 -36.8013
-36.8013 -36.8013 -36.8013 -36.8013 -36.8013 -36.8013 -36.8013 -36.8013 -36.8013
-10.0000   1.5576   1.5562   1.5542   1.5513   1.5478   1.5440   1.5406   1.5340
  1.5053   1.3957   1.0417   0.4201  -0.3693  -1.3095  -2.4720  -3.9938  -6.0942
 -9.1187 -13.6127 -20.4383 -30.9611 -36.8013 -36.8013 -36.8013 -36.8013 -36.8013
-36.8013 -36.8013 -36.8013 -36.8013 -36.8013 -36.8013 -36.8013 -36.8013 -36.8013
-36.8013 -36.8013 -36.8013 -36.8013 -36.8013 -36.8013 -36.8013 -36.8013 -36.8013
-10.0000   1.5569   1.5555   1.5535   1.5506   1.5471   1.5433   1.5399   1.5333
  1.5046   1.3950   1.0410   0.4194  -0.3700  -1.3102  -2.4727  -3.9945  -6.0949
 -9.1194 -13.6134 -20.4390 -30.9618 -36.8020 -36.8020 -36.8020 -36.8020 -36.8020
-36.8020 -36.8020 -36.8020 -36.8020 -36.8020 -36.8020 -36.8020 -36.8020 -36.8020
-36.8020 -36.8020 -36.8020 -36.8020 -36.8020 -36.8020 -36.8020 -36.8020 -36.8020
nl= 1 nu= 9
  0.0000  -0.7817  -0.7817  -0.7817  -0.7817  -0.7817  -0.7817  -0.7817  -0.7817
 -0.7817  -0.7818  -0.7819  -0.7821  -0.7826  -0.7841  -0.7876  -0.7966  -0.8190
 -0.8755  -1.0172  -1.3731  -2.2666  -4.4594  -5.9932  -6.5334  -7.0502  -7.5811
 -8.1383  -8.7357  -9.4068  -9.9398 -10.4911 -11.0720 -11.6999 -12.4024 -13.2233
-14.2318 -15.5377 -17.3149 -19.8391 -23.5472 -29.1318
  0.0000  -0.9320  -0.9320  -0.9320  -0.9320  -0.9320  -0.9320  -0.9320  -0.9320
 -0.9321  -0.9321  -0.9321  -0.9322  -0.9325  -0.9332  -0.9350  -0.9395  -0.9507
 -0.9789  -1.0498  -1.2279  -1.6751  -2.7977  -5.4454  -6.5087  -7.0398  -7.5757
 -8.1351  -8.7337  -9.4052  -9.9389 -10.4905 -11.0716 -11.6996 -12.4022 -13.2231
-14.2317 -15.5376 -17.3148 -19.8390 -23.5471 -29.1317
  0.0000  -1.0825  -1.0825  -1.0825  -1.0825  -1.0825  -1.0825  -1.0825  -1.0825
 -1.0825  -1.0825  -1.0825  -1.0826  -1.0827  -1.0831  -1.0840  -1.0862  -1.0918
 -1.1059  -1.1414  -1.2304  -1.4541  -2.0160  -3.4259  -6.3399  -7.0199  -7.5660
 -8.1298  -8.7302  -9.4026  -9.9374 -10.4897 -11.0710 -11.6993 -12.4020 -13.2230
-14.2316 -15.5375 -17.3147 -19.8390 -23.5471 -29.1317
  0.0000  -1.2325  -1.2325  -1.2325  -1.2325  -1.2325  -1.2325  -1.2325  -1.2325
 -1.2325  -1.2325  -1.2325  -1.2325  -1.2326  -1.2328  -1.2332  -1.2343  -1.2371
 -1.2442  -1.2619  -1.3064  -1.4183  -1.6993  -2.4051  -4.1753  -6.9698  -7.5475
 -8.1198  -8.7239  -9.3977  -9.9346 -10.4876 -11.0696 -11.6981 -12.4012 -13.2223
-14.2309 -15.5369 -17.3142 -19.8384 -23.5466 -29.1311
  0.0000  -1.3834  -1.3834  -1.3834  -1.3834  -1.3834  -1.3834  -1.3834  -1.3834
 -1.3834  -1.3834  -1.3834  -1.3834  -1.3834  -1.3835  -1.3837  -1.3843  -1.3857
 -1.3892  -1.3981  -1.4203  -1.4763  -1.6168  -1.9697  -2.8562  -5.0765  -7.5139
 -8.1033  -8.7141  -9.3905  -9.9308 -10.4854 -11.0684 -11.6976 -12.4009 -13.2223
-14.2311 -15.5372 -17.3145 -19.8388 -23.5469 -29.1315
  0.0000  -1.5338  -1.5338  -1.5338  -1.5338  -1.5338  -1.5338  -1.5338  -1.5338
 -1.5338  -1.5338  -1.5338  -1.5338  -1.5338  -1.5338  -1.5339  -1.5342  -1.5349
 -1.5367  -1.5411  -1.5522  -1.5802  -1.6505  -1.8269  -2.2702  -3.3836  -6.1576
 -8.0730  -8.6967  -9.3779  -9.9243 -10.4810 -11.0655 -11.6958 -12.3997 -13.2215
-14.2306 -15.5368 -17.3142 -19.8386 -23.5468 -29.1314
  0.0000  -1.6843  -1.6843  -1.6843  -1.6843  -1.6843  -1.6843  -1.6843  -1.6843
 -1.6843  -1.6843  -1.6843  -1.6843  -1.6843  -1.6843  -1.6844  -1.6845  -1.6849
 -1.6857  -1.6879  -1.6935  -1.7075  -1.7426  -1.8308  -2.0525  -2.6092  -4.0076
 -7.3987  -8.6686  -9.3582  -9.9142 -10.4743 -11.0613 -11.6930 -12.3980 -13.2204
-14.2298 -15.5363 -17.3139 -19.8384 -23.5467 -29.1313
  0.0000  -0.4488  -0.4488  -0.4488  -0.4488  -0.4488  -0.4488  -0.4489  -0.4489
 -0.4489  -0.4491  -0.4495  -0.4506  -0.4532  -0.4597  -0.4762  -0.5177  -0.6217
 -0.8831  -1.5386  -3.1601  -4.9663  -5.5230  -6.0442  -6.5556  -7.0935  -7.6827
 -8.3979  -8.9268  -9.4711 -10.0406 -10.6504 -11.3242 -12.0995 -13.0356 -14.2268
-15.8223 -18.0585 -21.3101 -26.1711 -33.5829 -37.0000
  0.0000  -0.5986  -0.5986  -0.5986  -0.5986  -0.5986  -0.5986  -0.5986  -0.5986
 -0.5987  -0.5988  -0.5990  -0.5995  -0.6008  -0.6041  -0.6123  -0.6331  -0.6852
 -0.8160  -1.1446  -1.9690  -3.9844  -5.4887  -6.0300  -6.5486  -7.0893  -7.6798
 -8.3956  -8.9253  -9.4700 -10.0398 -10.6498 -11.3236 -12.0990 -13.0352 -14.2264
-15.8219 -18.0581 -21.3097 -26.1707 -33.5825 -36.9996
  0.0000  -0.7493  -0.7493  -0.7493  -0.7493  -0.7493  -0.7493  -0.7493  -0.7493
 -0.7493  -0.7493  -0.7494  -0.7497  -0.7503  -0.7520  -0.7561  -0.7665  -0.7926
 -0.8580  -1.0225  -1.4355  -2.4716  -4.9140  -6.0035  -6.5371  -7.0832  -7.6761
 -8.3923  -8.9239  -9.4691 -10.0394 -10.6497 -11.3237 -12.0991 -13.0354 -14.2266
-15.8221 -18.0583 -21.3100 -26.1710 -33.5827 -36.9999
  0.0000  -0.8998  -0.8998  -0.8998  -0.8998  -0.8998  -0.8998  -0.8998  -0.8998
 -0.8998  -0.8998  -0.8998  -0.9000  -0.9003  -0.9011  -0.9032  -0.9084  -0.9214
 -0.9542  -1.0364  -1.2430  -1.7620  -3.0637  -5.7932  -6.5154  -7.0719  -7.6691
 -8.3865  -8.9208  -9.4673 -10.0382 -10.6489 -11.3233 -12.0989 -13.0353 -14.2266
-15.8222 -18.0584 -21.3100 -26.1711 -33.5828 -37.0000
  0.0000  -1.0502  -1.0502  -1.0502  -1.0502  -1.0502  -1.0502  -1.0502  -1.0502
 -1.0502  -1.0502  -1.0502  -1.0503  -1.0505  -1.0509  -1.0519  -1.0545  -1.0610
 -1.0774  -1.1185  -1.2219  -1.4814  -2.1333  -3.7678  -6.4563  -7.0516  -7.6569
 -8.3765  -8.9158  -9.4639 -10.0362 -10.6477 -11.3224 -12.0984 -13.0350 -14.2264
-15.8220 -18.0583 -21.3100 -26.1710 -33.5828 -37.0000
  0.0000  -1.2006  -1.2006  -1.2006  -1.2006  -1.2006  -1.2006  -1.2006  -1.2006
 -1.2006  -1.2006  -1.2006  -1.2006  -1.2007  -1.2009  -1.2014  -1.2027  -1.2060
 -1.2142  -1.2347  -1.2864  -1.4162  -1.7422  -2.5611  -4.6113  -7.0150  -7.6364
 -8.3600  -8.9077  -9.4585 -10.0327 -10.6454 -11.3210 -12.0974 -13.0343 -14.2260
-15.8217 -18.0581 -21.3098 -26.1709 -33.5827 -36.9999
  0.0000  -1.3517  -1.3517  -1.3517  -1.3517  -1.3517  -1.3517  -1.3517  -1.3517
 -1.3517  -1.3517  -1.3517  -1.3517  -1.3517  -1.3518  -1.3521  -1.3527  -1.3544
 -1.3584  -1.3687  -1.3946  -1.4595  -1.6225  -2.0320  -3.0606  -5.6235  -7.6034
 -8.3352  -8.8964  -9.4508 -10.0280 -10.6423 -11.3193 -12.0966 -13.0340 -14.2259
-15.8220 -18.0584 -21.3103 -26.1713 -33.5832 -37.0005
  0.0000  -0.1170  -0.1170  -0.1170  -0.1170  -0.1170  -0.1170  -0.1170  -0.1172
 -0.1175  -0.1182  -0.1201  -0.1249  -0.1370  -0.1673  -0.2434  -0.4345  -0.9133
 -2.0969  -3.9057  -4.5050  -5.0367  -5.5511  -6.0818  -6.6396  -7.3897  -7.9152
 -8.4535  -9.0134  -9.6077 -10.2568 -10.9930 -11.8671 -12.9600 -14.3996 -16.3887
-19.2487 -23.4891 -29.9173 -36.9997 -36.9997 -36.9997
  0.0000  -0.2674  -0.2674  -0.2674  -0.2674  -0.2674  -0.2675  -0.2675  -0.2675
 -0.2677  -0.2681  -0.2690  -0.2714  -0.2775  -0.2927  -0.3309  -0.4268  -0.6676
 -1.2714  -2.7568  -4.4562  -5.0189  -5.5436  -6.0781  -6.6377  -7.3879  -7.9148
 -8.4536  -9.0139  -9.6084 -10.2576 -10.9939 -11.8680 -12.9609 -14.4005 -16.3897
-19.2497 -23.4901 -29.9183 -37.0007 -37.0007 -37.0007
  0.0000  -0.4160  -0.4160  -0.4160  -0.4160  -0.4160  -0.4160  -0.4160  -0.4161
 -0.4162  -0.4163  -0.4168  -0.4180  -0.4211  -0.4287  -0.4478  -0.4959  -0.6166
 -0.9197  -1.6798  -3.5271  -4.9809  -5.5268  -6.0687  -6.6317  -7.3817  -7.9111
 -8.4507  -9.0116  -9.6065 -10.2560 -10.9923 -11.8666 -12.9595 -14.3992 -16.3883
-19.2484 -23.4888 -29.9170 -36.9994 -36.9994 -36.9994
  0.0000  -0.5665  -0.5665  -0.5665  -0.5665  -0.5665  -0.5665  -0.5665  -0.5665
 -0.5665  -0.5666  -0.5669  -0.5675  -0.5690  -0.5728  -0.5824  -0.6064  -0.6669
 -0.8187  -1.1999  -2.1557  -4.3998  -5.4985  -6.0545  -6.6237  -7.3743  -7.9074
 -8.4485  -9.0103  -9.6058 -10.2557 -10.9922 -11.8666 -12.9597 -14.3994 -16.3886
-19.2486 -23.4891 -29.9173 -36.9997 -36.9997 -36.9997
  0.0000  -0.7169  -0.7169  -0.7169  -0.7169  -0.7169  -0.7169  -0.7169  -0.7169
 -0.7169  -0.7170  -0.7171  -0.7174  -0.7181  -0.7200  -0.7248  -0.7369  -0.7671
 -0.8431  -1.0339  -1.5131  -2.7143  -5.2631  -6.0293  -6.6100  -7.3613  -7.9013
 -8.4444  -9.0077  -9.6041 -10.2546 -10.9917 -11.8663 -12.9595 -14.3993 -16.3886
-19.2487 -23.4891 -29.9173 -36.9998 -36.9998 -36.9998
  0.0000  -0.8676  -0.8676  -0.8676  -0.8676  -0.8676  -0.8676  -0.8676  -0.8677
 -0.8677  -0.8677  -0.8677  -0.8679  -0.8683  -0.8692  -0.8716  -0.8776  -0.8928
 -0.9308  -1.0262  -1.2660  -1.8680  -3.3766  -5.9539  -6.5879  -7.3405  -7.8921
 -8.4382  -9.0038  -9.6017 -10.2532 -10.9909 -11.8660 -12.9595 -14.3994 -16.3888
-19.2490 -23.4895 -29.9177 -37.0002 -37.0002 -37.0002
  0.0000  -1.0178  -1.0178  -1.0178  -1.0178  -1.0178  -1.0178  -1.0178  -1.0178
 -1.0178  -1.0178  -1.0179  -1.0179  -1.0181  -1.0186  -1.0198  -1.0228  -1.0304
 -1.0494  -1.0971  -1.2170  -1.5182  -2.2746  -4.1671  -6.5498  -7.3075  -7.8783
 -8.4279  -8.9970  -9.5971 -10.2502 -10.9888 -11.8645 -12.9584 -14.3987 -16.3882
-19.2485 -23.4891 -29.9173 -36.9999 -36.9999 -36.9999
  0.0000   0.2107   0.2107   0.2107   0.2106   0.2106   0.2105   0.2103   0.2097
  0.2084   0.2049   0.1962   0.1743   0.1192  -0.0188  -0.3640  -1.2129  -2.7751
 -3.4863  -4.0276  -4.5460  -5.0782  -5.6360  -6.2340  -6.9052  -7.4388  -7.9905
 -8.5716  -9.1997  -9.9023 -10.7232 -11.7318 -13.0377 -14.8149 -17.3391 -21.0473
-26.6318 -35.1903 -37.0001 -37.0001 -37.0001 -37.0001
  0.0000   0.0633   0.0633   0.0633   0.0633   0.0633   0.0632   0.0631   0.0628
  0.0621   0.0604   0.0560   0.0449   0.0171  -0.0527  -0.2279  -0.6664  -1.7430
 -3.3890  -4.0031  -4.5350  -5.0721  -5.6324  -6.2315  -6.9032  -7.4376  -7.9897
 -8.5712  -9.1994  -9.9021 -10.7231 -11.7317 -13.0376 -14.8148 -17.3391 -21.0472
-26.6318 -35.1903 -37.0001 -37.0001 -37.0001 -37.0001
  0.0000  -0.0854  -0.0854  -0.0854  -0.0854  -0.0854  -0.0854  -0.0855  -0.0856
 -0.0860  -0.0869  -0.0891  -0.0946  -0.1086  -0.1438  -0.2320  -0.4535  -1.0081
 -2.3629  -3.9477  -4.5152  -5.0617  -5.6262  -6.2274  -6.8998  -7.4357  -7.9886
 -8.5704  -9.1990  -9.9019 -10.7230 -11.7317 -13.0376 -14.8149 -17.3392 -21.0473
-26.6319 -35.1904 -37.0002 -37.0002 -37.0002 -37.0002
  0.0000  -0.2342  -0.2342  -0.2342  -0.2342  -0.2342  -0.2342  -0.2342  -0.2343
 -0.2345  -0.2349  -0.2360  -0.2388  -0.2458  -0.2635  -0.3078  -0.4190  -0.6983
 -1.3979  -3.0852  -4.4761  -5.0430  -5.6153  -6.2199  -6.8937  -7.4319  -7.9859
 -8.5685  -9.1975  -9.9008 -10.7221 -11.7309 -13.0369 -14.8142 -17.3385 -21.0467
-26.6313 -35.1898 -36.9996 -36.9996 -36.9996 -36.9996
  0.0000  -0.3850  -0.3850  -0.3850  -0.3850  -0.3850  -0.3850  -0.3850  -0.3851
 -0.3851  -0.3854  -0.3859  -0.3873  -0.3908  -0.3997  -0.4219  -0.4776  -0.6177
 -0.9693  -1.8501  -3.9049  -5.0120  -5.5992  -6.2096  -6.8857  -7.4277  -7.9832
 -8.5674  -9.1971  -9.9008 -10.7225 -11.7315 -13.0377 -14.8151 -17.3394 -21.0476
-26.6323 -35.1908 -37.0006 -37.0006 -37.0006 -37.0006
  0.0000  -0.5340  -0.5340  -0.5340  -0.5340  -0.5340  -0.5340  -0.5340  -0.5341
 -0.5341  -0.5342  -0.5345  -0.5352  -0.5369  -0.5414  -0.5525  -0.5804  -0.6505
 -0.8267  -1.2689  -2.3766  -4.7439  -5.5703  -6.1913  -6.8707  -7.4186  -7.9769
 -8.5625  -9.1938  -9.8983 -10.7205 -11.7298 -13.0362 -14.8138 -17.3382 -21.0464
-26.6311 -35.1897 -36.9995 -36.9995 -36.9995 -36.9995
  0.0000  -0.6846  -0.6846  -0.6846  -0.6846  -0.6846  -0.6846  -0.6846  -0.6846
 -0.6846  -0.6847  -0.6848  -0.6852  -0.6861  -0.6883  -0.6938  -0.7078  -0.7429
 -0.8310  -1.0524  -1.6083  -3.0001  -5.4769  -6.1662  -6.8516  -7.4077  -7.9691
 -8.5577  -9.1904  -9.8963 -10.7193 -11.7291 -13.0359 -14.8137 -17.3382 -21.0466
-26.6312 -35.1899 -36.9998 -36.9998 -36.9998 -36.9998
  0.0000   0.5288   0.5288   0.5288   0.5287   0.5286   0.5282   0.5272   0.5248
  0.5187   0.5034   0.4649   0.3685   0.1285  -0.4562  -1.6276  -2.4574  -3.0138
 -3.5372  -4.0506  -4.5898  -5.1796  -5.8950  -6.4248  -6.9697  -7.5396  -8.1496
 -8.8235  -9.5989 -10.5351 -11.7264 -13.3219 -15.5580 -18.8096 -23.6706 -31.0824
-36.9996 -36.9996 -36.9996 -36.9996 -36.9996 -36.9996
  0.0000   0.3872   0.3872   0.3872   0.3872   0.3871   0.3869   0.3864   0.3851
  0.3820   0.3741   0.3543   0.3045   0.1797  -0.1316  -0.8898  -2.2628  -2.9818
 -3.5234  -4.0437  -4.5857  -5.1769  -5.8926  -6.4235  -6.9689  -7.5393  -8.1495
 -8.8236  -9.5990 -10.5353 -11.7266 -13.3221 -15.5583 -18.8099 -23.6709 -31.0827
-36.9999 -36.9999 -36.9999 -36.9999 -36.9999 -36.9999
  0.0000   0.2421   0.2421   0.2421   0.2421   0.2421   0.2420   0.2417   0.2411
  0.2395   0.2354   0.2253   0.2000   0.1363  -0.0235  -0.4224  -1.3926  -2.8756
 -3.4983  -4.0318  -4.5788  -5.1724  -5.8883  -6.4212  -6.9676  -7.5385  -8.1492
 -8.8235  -9.5991 -10.5355 -11.7268 -13.3223 -15.5586 -18.8102 -23.6712 -31.0829
-37.0002 -37.0002 -37.0002 -37.0002 -37.0002 -37.0002
  0.0000   0.0974   0.0974   0.0974   0.0974   0.0974   0.0973   0.0972   0.0969
  0.0961   0.0940   0.0889   0.0761   0.0439  -0.0371  -0.2401  -0.7475  -1.9749
 -3.4371  -4.0087  -4.5646  -5.1620  -5.8787  -6.4148  -6.9625  -7.5344  -8.1457
 -8.8205  -9.5964 -10.5329 -11.7243 -13.3199 -15.5562 -18.8079 -23.6689 -31.0806
-36.9979 -36.9979 -36.9979 -36.9979 -36.9979 -36.9979
  0.0000  -0.0529  -0.0529  -0.0529  -0.0529  -0.0530  -0.0530  -0.0530  -0.0532
 -0.0536  -0.0546  -0.0572  -0.0637  -0.0799  -0.1206  -0.2230  -0.4798  -1.1220
 -2.6552  -3.9716  -4.5473  -5.1511  -5.8692  -6.4103  -6.9600  -7.5335  -8.1459
 -8.8212  -9.5975 -10.5343 -11.7259 -13.3217 -15.5580 -18.8097 -23.6707 -31.0825
-36.9998 -36.9998 -36.9998 -36.9998 -36.9998 -36.9998
  0.0000  -0.2028  -0.2028  -0.2028  -0.2028  -0.2028  -0.2029  -0.2029  -0.2030
 -0.2032  -0.2037  -0.2050  -0.2082  -0.2164  -0.2368  -0.2882  -0.4173  -0.7412
 -1.5514  -3.4236  -4.5157  -5.1327  -5.8527  -6.4014  -6.9539  -7.5296  -8.1434
 -8.8199  -9.5969 -10.5342 -11.7261 -13.3220 -15.5584 -18.8102 -23.6713 -31.0830
-37.0004 -37.0004 -37.0004 -37.0004 -37.0004 -37.0004
  0.0000  -0.3547  -0.3547  -0.3547  -0.3547  -0.3547  -0.3547  -0.3547  -0.3548
 -0.3549  -0.3551  -0.3558  -0.3574  -0.3615  -0.3717  -0.3975  -0.4622  -0.6246
 -1.0325  -2.0527  -4.2326  -5.1060  -5.8316  -6.3911  -6.9464  -7.5252  -8.1411
 -8.8190  -9.5971 -10.5350 -11.7273 -13.3236 -15.5602 -18.8121 -23.6731 -31.0851
-37.0025 -37.0025 -37.0025 -37.0025 -37.0025 -37.0025
  0.0000   0.8187   0.8187   0.8186   0.8183   0.8177   0.8162   0.8123   0.8025
  0.7779   0.7165   0.5644   0.1984  -0.5658  -1.4049  -1.9886  -2.5248  -3.0429
 -3.5762  -4.1356  -4.8853  -5.4125  -5.9518  -6.5124  -7.1071  -7.7565  -8.4928
 -9.3670 -10.4600 -11.8996 -13.8888 -16.7488 -20.9893 -27.4175 -36.9998 -36.9998
-36.9998 -36.9998 -36.9998 -36.9998 -36.9998 -36.9998
  0.0000   0.6930   0.6929   0.6929   0.6928   0.6924   0.6916   0.6895   0.6841
  0.6708   0.6373   0.5536   0.3459  -0.1540  -1.1396  -1.9454  -2.5076  -3.0344
 -3.5710  -4.1323  -4.8820  -5.4106  -5.9508  -6.5118  -7.1068  -7.7564  -8.4928
 -9.3671 -10.4601 -11.8998 -13.8889 -16.7490 -20.9895 -27.4176 -37.0000 -37.0000
-37.0000 -37.0000 -37.0000 -37.0000 -37.0000 -37.0000
  0.0000   0.5601   0.5601   0.5601   0.5600   0.5598   0.5594   0.5583   0.5555
  0.5484   0.5308   0.4865   0.3755   0.0997  -0.5638  -1.7519  -2.4729  -3.0184
 -3.5610  -4.1252  -4.8747  -5.4059  -5.9470  -6.5089  -7.1045  -7.7544  -8.4910
 -9.3655 -10.4586 -11.8983 -13.8875 -16.7476 -20.9880 -27.4162 -36.9986 -36.9986
-36.9986 -36.9986 -36.9986 -36.9986 -36.9986 -36.9986
  0.0000   0.4186   0.4186   0.4186   0.4186   0.4185   0.4182   0.4177   0.4162
  0.4126   0.4034   0.3805   0.3229   0.1788  -0.1801  -1.0420  -2.3614  -2.9942
 -3.5484  -4.1175  -4.8666  -5.4019  -5.9447  -6.5078  -7.1042  -7.7547  -8.4917
 -9.3663 -10.4595 -11.8993 -13.8886 -16.7487 -20.9892 -27.4174 -36.9998 -36.9998
-36.9998 -36.9998 -36.9998 -36.9998 -36.9998 -36.9998
  0.0000   0.2746   0.2746   0.2746   0.2746   0.2746   0.2744   0.2741   0.2734
  0.2716   0.2669   0.2552   0.2258   0.1520  -0.0329  -0.4938  -1.5946  -2.9323
 -3.5260  -4.1039  -4.8521  -5.3938  -5.9390  -6.5038  -7.1015  -7.7528  -8.4904
 -9.3654 -10.4588 -11.8988 -13.8881 -16.7483 -20.9888 -27.4171 -36.9995 -36.9995
-36.9995 -36.9995 -36.9995 -36.9995 -36.9995 -36.9995
  0.0000   0.1275   0.1275   0.1275   0.1274   0.1274   0.1274   0.1272   0.1268
  0.1259   0.1235   0.1176   0.1027   0.0654  -0.0284  -0.2636  -0.8505  -2.2335
 -3.4848  -4.0852  -4.8322  -5.3834  -5.9310  -6.4987  -7.0981  -7.7507  -8.4892
 -9.3648 -10.4586 -11.8988 -13.8883 -16.7486 -20.9891 -27.4174 -36.9999 -36.9999
-36.9999 -36.9999 -36.9999 -36.9999 -36.9999 -36.9999
  0.0000  -0.0209  -0.0209  -0.0209  -0.0209  -0.0209  -0.0209  -0.0210  -0.0212
 -0.0216  -0.0228  -0.0258  -0.0333  -0.0521  -0.0994  -0.2180  -0.5157  -1.2589
 -2.9580  -4.0544  -4.8046  -5.3710  -5.9202  -6.4907  -7.0927  -7.7470  -8.4866
 -9.3632 -10.4575 -11.8982 -13.8879 -16.7483 -20.9890 -27.4172 -36.9999 -36.9999
-36.9999 -36.9999 -36.9999 -36.9999 -36.9999 -36.9999
  0.0000   1.0478   1.0477   1.0474   1.0466   1.0446   1.0395   1.0269   0.9954
  0.9176   0.7309   0.3238  -0.3240  -0.9428  -1.4987  -2.0267  -2.5648  -3.1263
 -3.7264  -4.3985  -4.9341  -5.4870  -6.0688  -6.6973  -7.4003  -8.2214  -9.2301
-10.5360 -12.3133 -14.8375 -18.5457 -24.1302 -32.6887 -36.9986 -36.9986 -36.9986
-36.9986 -36.9986 -36.9986 -36.9986 -36.9986 -36.9986
  0.0000   0.9540   0.9539   0.9537   0.9532   0.9520   0.9489   0.9412   0.9219
  0.8737   0.7549   0.4713  -0.1212  -0.8785  -1.4776  -2.0176  -2.5594  -3.1230
 -3.7242  -4.3967  -4.9331  -5.4866  -6.0689  -6.6977  -7.4008  -8.2220  -9.2307
-10.5368 -12.3140 -14.8383 -18.5465 -24.1310 -32.6895 -36.9994 -36.9994 -36.9994
-36.9994 -36.9994 -36.9994 -36.9994 -36.9994 -36.9994
  0.0000   0.8449   0.8449   0.8448   0.8445   0.8438   0.8420   0.8376   0.8265
  0.7986   0.7291   0.5573   0.1489  -0.6547  -1.4317  -2.0003  -2.5495  -3.1162
 -3.7189  -4.3922  -4.9301  -5.4847  -6.0676  -6.6969  -7.4002  -8.2216  -9.2305
-10.5365 -12.3139 -14.8382 -18.5463 -24.1309 -32.6894 -36.9993 -36.9993 -36.9993
-36.9993 -36.9993 -36.9993 -36.9993 -36.9993 -36.9993
  0.0000   0.7224   0.7224   0.7223   0.7222   0.7218   0.7208   0.7184   0.7123
  0.6970   0.6586   0.5627   0.3256  -0.2372  -1.2465  -1.9679  -2.5339  -3.1061
 -3.7111  -4.3851  -4.9258  -5.4815  -6.0656  -6.6955  -7.3993  -8.2210  -9.2300
-10.5362 -12.3136 -14.8380 -18.5462 -24.1308 -32.6893 -36.9992 -36.9992 -36.9992
-36.9992 -36.9992 -36.9992 -36.9992 -36.9992 -36.9992
  0.0000   0.5893   0.5892   0.5892   0.5891   0.5889   0.5884   0.5871   0.5839
  0.5758   0.5554   0.5043   0.3765   0.0597  -0.6900  -1.8515  -2.5084  -3.0920
 -3.7006  -4.3752  -4.9195  -5.4774  -6.0629  -6.6940  -7.3985  -8.2207  -9.2300
-10.5364 -12.3139 -14.8383 -18.5466 -24.1312 -32.6897 -36.9997 -36.9997 -36.9997
-36.9997 -36.9997 -36.9997 -36.9997 -36.9997 -36.9997
  0.0000   0.4505   0.4505   0.4504   0.4504   0.4503   0.4500   0.4494   0.4477
  0.4435   0.4329   0.4064   0.3399   0.1733  -0.2404  -1.2134  -2.4400  -3.0697
 -3.6854  -4.3608  -4.9094  -5.4698  -6.0575  -6.6900  -7.3957  -8.2186  -9.2285
-10.5352 -12.3129 -14.8374 -18.5458 -24.1305 -32.6890 -36.9990 -36.9990 -36.9990
-36.9990 -36.9990 -36.9990 -36.9990 -36.9990 -36.9990
  0.0000   0.3062   0.3062   0.3062   0.3062   0.3061   0.3060   0.3057   0.3048
  0.3026   0.2973   0.2837   0.2497   0.1642  -0.0498  -0.5819  -1.8183  -3.0256
 -3.6671  -4.3453  -4.8988  -5.4609  -6.0511  -6.6859  -7.3929  -8.2170  -9.2275
-10.5347 -12.3128 -14.8375 -18.5460 -24.1306 -32.6893 -36.9994 -36.9994 -36.9994
-36.9994 -36.9994 -36.9994 -36.9994 -36.9994 -36.9994
  0.0000   1.1795   1.1792   1.1785   1.1768   1.1725   1.1616   1.1346   1.0687
  0.9149   0.5988   0.1069  -0.4465  -0.9900  -1.5216  -2.0702  -2.6659  -3.3835
 -3.9170  -4.4645  -5.0359  -5.6469  -6.3214  -7.0972  -8.0336  -9.2250 -10.8206
-13.0568 -16.3085 -21.1696 -28.5813 -36.9985 -36.9985 -36.9985 -36.9985 -36.9985
-36.9985 -36.9985 -36.9985 -36.9985 -36.9985 -36.9985
  0.0000   1.1291   1.1289   1.1284   1.1271   1.1240   1.1160   1.0960   1.0466
  0.9277   0.6609   0.1753  -0.4164  -0.9778  -1.5148  -2.0662  -2.6628  -3.3805
 -3.9152  -4.4631  -5.0351  -5.6464  -6.3211  -7.0970  -8.0335  -9.2249 -10.8206
-13.0568 -16.3085 -21.1695 -28.5813 -36.9985 -36.9985 -36.9985 -36.9985 -36.9985
-36.9985 -36.9985 -36.9985 -36.9985 -36.9985 -36.9985
  0.0000   1.0630   1.0628   1.0625   1.0616   1.0594   1.0540   1.0403   1.0062
  0.9221   0.7220   0.2947  -0.3519  -0.9577  -1.5048  -2.0597  -2.6575  -3.3750
 -3.9118  -4.4607  -5.0335  -5.6454  -6.3205  -7.0966  -8.0332  -9.2248 -10.8205
-13.0567 -16.3085 -21.1695 -28.5813 -36.9985 -36.9985 -36.9985 -36.9985 -36.9985
-36.9985 -36.9985 -36.9985 -36.9985 -36.9985 -36.9985
  0.0000   0.9769   0.9768   0.9766   0.9760   0.9747   0.9712   0.9626   0.9410
  0.8873   0.7550   0.4429  -0.1828  -0.9122  -1.4893  -2.0502  -2.6500  -3.3668
 -3.9066  -4.4572  -5.0310  -5.6439  -6.3197  -7.0961  -8.0330  -9.2247 -10.8205
-13.0568 -16.3086 -21.1697 -28.5815 -36.9987 -36.9987 -36.9987 -36.9987 -36.9987
-36.9987 -36.9987 -36.9987 -36.9987 -36.9987 -36.9987
  0.0000   0.8729   0.8728   0.8727   0.8724   0.8716   0.8696   0.8645   0.8519
  0.8202   0.7412   0.5467   0.0909  -0.7431  -1.4584  -2.0353  -2.6387  -3.3545
 -3.8980  -4.4507  -5.0265  -5.6404  -6.3171  -7.0943  -8.0316  -9.2236 -10.8195
-13.0560 -16.3078 -21.1689 -28.5807 -36.9980 -36.9980 -36.9980 -36.9980 -36.9980
-36.9980 -36.9980 -36.9980 -36.9980 -36.9980 -36.9980
  0.0000   0.7519   0.7519   0.7518   0.7516   0.7512   0.7501   0.7473   0.7403
  0.7227   0.6786   0.5687   0.2977  -0.3339  -1.3399  -2.0123  -2.6260  -3.3410
 -3.8889  -4.4433  -5.0214  -5.6372  -6.3151  -7.0932  -8.0313  -9.2237 -10.8198
-13.0565 -16.3084 -21.1696 -28.5815 -36.9988 -36.9988 -36.9988 -36.9988 -36.9988
-36.9988 -36.9988 -36.9988 -36.9988 -36.9988 -36.9988
  0.0000   0.6205   0.6204   0.6204   0.6203   0.6201   0.6195   0.6180   0.6143
  0.6049   0.5814   0.5225   0.3752   0.0116  -0.8291  -1.9382  -2.6060  -3.3252
 -3.8790  -4.4332  -5.0133  -5.6315  -6.3113  -7.0905  -8.0295  -9.2225 -10.8192
-13.0560 -16.3081 -21.1694 -28.5813 -36.9988 -36.9988 -36.9988 -36.9988 -36.9988
-36.9988 -36.9988 -36.9988 -36.9988 -36.9988 -36.9988
  0.0000   1.2318   1.2314   1.2305   1.2282   1.2224   1.2078   1.1710   1.0818
  0.8879   0.5392   0.0589  -0.4710  -1.0273  -1.6028  -2.3577  -2.8944  -3.4395
 -4.0035  -4.6008  -5.2516  -5.9888  -6.8635  -7.9568  -9.3966 -11.3859 -14.2461
-18.4865 -24.9147 -34.8102 -36.9972 -36.9972 -36.9972 -36.9972 -36.9972 -36.9972
-36.9972 -36.9972 -36.9972 -36.9972 -36.9972 -36.9972
  0.0000   1.2059   1.2056   1.2048   1.2028   1.1978   1.1852   1.1539   1.0775
  0.9041   0.5700   0.0830  -0.4587  -1.0210  -1.5989  -2.3557  -2.8933  -3.4389
 -4.0031  -4.6005  -5.2514  -5.9886  -6.8635  -7.9568  -9.3966 -11.3859 -14.2460
-18.4865 -24.9147 -34.8102 -36.9972 -36.9972 -36.9972 -36.9972 -36.9972 -36.9972
-36.9972 -36.9972 -36.9972 -36.9972 -36.9972 -36.9972
  0.0000   1.1793   1.1790   1.1783   1.1766   1.1724   1.1617   1.1351   1.0701
  0.9179   0.6035   0.1093  -0.4471  -1.0135  -1.5934  -2.3499  -2.8896  -3.4362
 -4.0014  -4.5993  -5.2506  -5.9882  -6.8632  -7.9566  -9.3965 -11.3858 -14.2460
-18.4865 -24.9147 -34.8102 -36.9972 -36.9972 -36.9972 -36.9972 -36.9972 -36.9972
-36.9972 -36.9972 -36.9972 -36.9972 -36.9972 -36.9972
  0.0000   1.1408   1.1406   1.1401   1.1387   1.1354   1.1270   1.1060   1.0541
  0.9295   0.6522   0.1580  -0.4294  -1.0047  -1.5865  -2.3412  -2.8836  -3.4317
 -3.9984  -4.5970  -5.2493  -5.9873  -6.8626  -7.9562  -9.3963 -11.3857 -14.2459
-18.4864 -24.9147 -34.8102 -36.9972 -36.9972 -36.9972 -36.9972 -36.9972 -36.9972
-36.9972 -36.9972 -36.9972 -36.9972 -36.9972 -36.9972
  0.0000   1.0845   1.0843   1.0839   1.0830   1.0806   1.0746   1.0596   1.0222
  0.9303   0.7132   0.2607  -0.3850  -0.9907  -1.5771  -2.3285  -2.8742  -3.4236
 -3.9922  -4.5925  -5.2456  -5.9846  -6.8605  -7.9544  -9.3947 -11.3842 -14.2446
-18.4851 -24.9134 -34.8089 -36.9960 -36.9960 -36.9960 -36.9960 -36.9960 -36.9960
-36.9960 -36.9960 -36.9960 -36.9960 -36.9960 -36.9960
  0.0000   1.0030   1.0029   1.0027   1.0021   1.0005   0.9967   0.9870   0.9627
  0.9024   0.7544   0.4096  -0.2492  -0.9610  -1.5681  -2.3168  -2.8667  -3.4157
 -3.9862  -4.5885  -5.2433  -5.9833  -6.8601  -7.9546  -9.3953 -11.3850 -14.2455
-18.4862 -24.9145 -34.8101 -36.9972 -36.9972 -36.9972 -36.9972 -36.9972 -36.9972
-36.9972 -36.9972 -36.9972 -36.9972 -36.9972 -36.9972
  0.0000   0.9011   0.9010   0.9009   0.9005   0.8996   0.8973   0.8916   0.8772
  0.8411   0.7513   0.5313   0.0240  -0.8348  -1.5476  -2.3012  -2.8609  -3.4067
 -3.9779  -4.5820  -5.2387  -5.9803  -6.8581  -7.9534  -9.3947 -11.3848 -14.2454
-18.4863 -24.9146 -34.8103 -36.9975 -36.9975 -36.9975 -36.9975 -36.9975 -36.9975
-36.9975 -36.9975 -36.9975 -36.9975 -36.9975 -36.9975
  0.0000   1.2635   1.2632   1.2623   1.2599   1.2538   1.2371   1.1931   1.0890
  0.8740   0.5143   0.0304  -0.5244  -1.1729  -1.8520  -2.4025  -2.9652  -3.5533
 -4.1857  -4.8912  -5.7139  -6.7235  -8.0301  -9.8078 -12.3323 -16.0406 -21.6253
-30.1838 -36.9937 -36.9937 -36.9937 -36.9937 -36.9937 -36.9937 -36.9937 -36.9937
-36.9937 -36.9937 -36.9937 -36.9937 -36.9937 -36.9937
  0.0000   1.2318   1.2315   1.2307   1.2287   1.2235   1.2099   1.1743   1.0866
  0.8951   0.5488   0.0581  -0.5102  -1.1703  -1.8551  -2.4062  -2.9683  -3.5557
 -4.1877  -4.8927  -5.7151  -6.7246  -8.0310  -9.8086 -12.3330 -16.0413 -21.6260
-30.1845 -36.9944 -36.9944 -36.9944 -36.9944 -36.9944 -36.9944 -36.9944 -36.9944
-36.9944 -36.9944 -36.9944 -36.9944 -36.9944 -36.9944
  0.0000   1.2180   1.2177   1.2170   1.2150   1.2101   1.1974   1.1649   1.0844
  0.9040   0.5657   0.0720  -0.5020  -1.1653  -1.8521  -2.4041  -2.9669  -3.5547
 -4.1870  -4.8922  -5.7148  -6.7243  -8.0308  -9.8084 -12.3329 -16.0412 -21.6259
-30.1844 -36.9943 -36.9943 -36.9943 -36.9943 -36.9943 -36.9943 -36.9943 -36.9943
-36.9943 -36.9943 -36.9943 -36.9943 -36.9943 -36.9943
  0.0000   1.2077   1.2074   1.2066   1.2047   1.1999   1.1878   1.1574   1.0824
  0.9110   0.5783   0.0807  -0.4971  -1.1594  -1.8462  -2.3994  -2.9633  -3.5523
 -4.1851  -4.8912  -5.7141  -6.7239  -8.0306  -9.8083 -12.3328 -16.0411 -21.6258
-30.1844 -36.9943 -36.9943 -36.9943 -36.9943 -36.9943 -36.9943 -36.9943 -36.9943
-36.9943 -36.9943 -36.9943 -36.9943 -36.9943 -36.9943
  0.0000   1.1918   1.1915   1.1908   1.1891   1.1847   1.1737   1.1462   1.0788
  0.9211   0.5982   0.0923  -0.4940  -1.1534  -1.8387  -2.3925  -2.9574  -3.5481
 -4.1824  -4.8890  -5.7128  -6.7231  -8.0300  -9.8079 -12.3326 -16.0410 -21.6257
-30.1844 -36.9943 -36.9943 -36.9943 -36.9943 -36.9943 -36.9943 -36.9943 -36.9943
-36.9943 -36.9943 -36.9943 -36.9943 -36.9943 -36.9943
  0.0000   1.1611   1.1609   1.1603   1.1588   1.1552   1.1462   1.1235   1.0677
  0.9338   0.6392   0.1254  -0.4872  -1.1480  -1.8323  -2.3850  -2.9499  -3.5420
 -4.1782  -4.8863  -5.7109  -6.7220  -8.0294  -9.8076 -12.3324 -16.0410 -21.6258
-30.1845 -36.9945 -36.9945 -36.9945 -36.9945 -36.9945 -36.9945 -36.9945 -36.9945
-36.9945 -36.9945 -36.9945 -36.9945 -36.9945 -36.9945
  0.0000   1.1086   1.1085   1.1080   1.1070   1.1044   1.0977   1.0811   1.0399
  0.9387   0.7012   0.2167  -0.4555  -1.1386  -1.8280  -2.3789  -2.9413  -3.5340
 -4.1719  -4.8818  -5.7078  -6.7196  -8.0278  -9.8065 -12.3317 -16.0404 -21.6252
-30.1840 -36.9942 -36.9942 -36.9942 -36.9942 -36.9942 -36.9942 -36.9942 -36.9942
-36.9942 -36.9942 -36.9942 -36.9942 -36.9942 -36.9942
  0.0000   1.3331   1.3327   1.3317   1.3288   1.3203   1.2954   1.2318   1.0968
  0.8444   0.4423  -0.1078  -0.7850  -1.3560  -1.9106  -2.4912  -3.1117  -3.7944
 -4.5764  -5.5172  -6.7115  -8.3091 -10.5465 -13.7989 -18.6605 -26.0725 -36.9903
-36.9903 -36.9903 -36.9903 -36.9903 -36.9903 -36.9903 -36.9903 -36.9903 -36.9903
-36.9903 -36.9903 -36.9903 -36.9903 -36.9903 -36.9903
  0.0000   1.2652   1.2648   1.2639   1.2615   1.2555   1.2396   1.1983   1.1019
  0.8985   0.5259  -0.0298  -0.7374  -1.3475  -1.9178  -2.5035  -3.1233  -3.8031
 -4.5823  -5.5209  -6.7135  -8.3099 -10.5466 -13.7986 -18.6598 -26.0716 -36.9891
-36.9891 -36.9891 -36.9891 -36.9891 -36.9891 -36.9891 -36.9891 -36.9891 -36.9891
-36.9891 -36.9891 -36.9891 -36.9891 -36.9891 -36.9891
  0.0000   1.2430   1.2427   1.2419   1.2398   1.2345   1.2208   1.1851   1.1000
  0.9136   0.5531  -0.0071  -0.7293  -1.3474  -1.9195  -2.5052  -3.1247  -3.8041
 -4.5830  -5.5213  -6.7138  -8.3101 -10.5467 -13.7986 -18.6598 -26.0717 -36.9891
-36.9891 -36.9891 -36.9891 -36.9891 -36.9891 -36.9891 -36.9891 -36.9891 -36.9891
-36.9891 -36.9891 -36.9891 -36.9891 -36.9891 -36.9891
  0.0000   1.2360   1.2357   1.2350   1.2330   1.2280   1.2149   1.1805   1.0984
  0.9177   0.5627   0.0016  -0.7250  -1.3439  -1.9166  -2.5031  -3.1232  -3.8031
 -4.5823  -5.5209  -6.7136  -8.3099 -10.5466 -13.7986 -18.6598 -26.0716 -36.9891
-36.9891 -36.9891 -36.9891 -36.9891 -36.9891 -36.9891 -36.9891 -36.9891 -36.9891
-36.9891 -36.9891 -36.9891 -36.9891 -36.9891 -36.9891
  0.0000   1.2349   1.2346   1.2338   1.2318   1.2267   1.2136   1.1798   1.0984
  0.9186   0.5641   0.0013  -0.7248  -1.3392  -1.9112  -2.4986  -3.1199  -3.8010
 -4.5809  -5.5200  -6.7131  -8.3097 -10.5466 -13.7986 -18.6599 -26.0718 -36.9893
-36.9893 -36.9893 -36.9893 -36.9893 -36.9893 -36.9893 -36.9893 -36.9893 -36.9893
-36.9893 -36.9893 -36.9893 -36.9893 -36.9893 -36.9893
  0.0000   1.2324   1.2320   1.2312   1.2292   1.2240   1.2110   1.1786   1.0997
  0.9215   0.5663  -0.0024  -0.7297  -1.3363  -1.9050  -2.4923  -3.1148  -3.7975
 -4.5785  -5.5185  -6.7123  -8.3093 -10.5464 -13.7986 -18.6600 -26.0720 -36.9896
-36.9896 -36.9896 -36.9896 -36.9896 -36.9896 -36.9896 -36.9896 -36.9896 -36.9896
-36.9896 -36.9896 -36.9896 -36.9896 -36.9896 -36.9896
  0.0000   1.2203   1.2200   1.2193   1.2174   1.2126   1.2008   1.1712   1.0990
  0.9308   0.5820   0.0024  -0.7363  -1.3380  -1.9002  -2.4854  -3.1085  -3.7926
 -4.5753  -5.5163  -6.7109  -8.3085 -10.5460 -13.7985 -18.6600 -26.0720 -36.9899
-36.9899 -36.9899 -36.9899 -36.9899 -36.9899 -36.9899 -36.9899 -36.9899 -36.9899
-36.9899 -36.9899 -36.9899 -36.9899 -36.9899 -36.9899
 -1.0000   1.3524   1.3516   1.3497   1.3455   1.3356   1.3114   1.2548   1.1261
  0.8537   0.3500  -0.2642  -0.8485  -1.4291  -2.0405  -2.7036  -3.4504  -4.3320
 -5.4299  -6.8727  -8.8640 -11.7254 -15.9667 -22.3954 -32.2912 -36.9786 -36.9786
-36.9786 -36.9786 -36.9786 -36.9786 -36.9786 -36.9786 -36.9786 -36.9786 -36.9786
-36.9786 -36.9786 -36.9786 -36.9786 -36.9786 -36.9786
  0.0000   1.3521   1.3513   1.3494   1.3452   1.3353   1.3113   1.2547   1.1262
  0.8540   0.3504  -0.2640  -0.8485  -1.4290  -2.0405  -2.7036  -3.4504  -4.3320
 -5.4299  -6.8727  -8.8640 -11.7254 -15.9667 -22.3954 -32.2912 -36.9786 -36.9786
-36.9786 -36.9786 -36.9786 -36.9786 -36.9786 -36.9786 -36.9786 -36.9786 -36.9786
-36.9786 -36.9786 -36.9786 -36.9786 -36.9786 -36.9786
  0.0000   1.2997   1.2991   1.2976   1.2943   1.2868   1.2698   1.2285   1.1304
  0.9035   0.4401  -0.2122  -0.8343  -1.4320  -2.0492  -2.7123  -3.4569  -4.3361
 -5.4323  -6.8738  -8.8641 -11.7249 -15.9657 -22.3942 -32.2899 -36.9770 -36.9770
-36.9770 -36.9770 -36.9770 -36.9770 -36.9770 -36.9770 -36.9770 -36.9770 -36.9770
-36.9770 -36.9770 -36.9770 -36.9770 -36.9770 -36.9770
  0.0000   1.2863   1.2858   1.2845   1.2815   1.2747   1.2589   1.2208   1.1299
  0.9152   0.4610  -0.2023  -0.8320  -1.4320  -2.0497  -2.7128  -3.4572  -4.3363
 -5.4322  -6.8737  -8.8639 -11.7246 -15.9655 -22.3939 -32.2896 -36.9767 -36.9767
-36.9767 -36.9767 -36.9767 -36.9767 -36.9767 -36.9767 -36.9767 -36.9767 -36.9767
-36.9767 -36.9767 -36.9767 -36.9767 -36.9767 -36.9767
  0.0000   1.2872   1.2867   1.2856   1.2828   1.2761   1.2601   1.2217   1.1303
  0.9149   0.4565  -0.2035  -0.8291  -1.4282  -2.0463  -2.7102  -3.4554  -4.3348
 -5.4313  -6.8730  -8.8634 -11.7242 -15.9652 -22.3937 -32.2894 -36.9765 -36.9765
-36.9765 -36.9765 -36.9765 -36.9765 -36.9765 -36.9765 -36.9765 -36.9765 -36.9765
-36.9765 -36.9765 -36.9765 -36.9765 -36.9765 -36.9765
  0.0000   1.2928   1.2924   1.2913   1.2887   1.2821   1.2658   1.2263   1.1321
  0.9105   0.4391  -0.2134  -0.8284  -1.4235  -2.0412  -2.7060  -3.4524  -4.3329
 -5.4300  -6.8723  -8.8630 -11.7241 -15.9651 -22.3937 -32.2895 -36.9767 -36.9767
-36.9767 -36.9767 -36.9767 -36.9767 -36.9767 -36.9767 -36.9767 -36.9767 -36.9767
-36.9767 -36.9767 -36.9767 -36.9767 -36.9767 -36.9767
  0.0000   1.2976   1.2972   1.2961   1.2936   1.2871   1.2709   1.2311   1.1352
  0.9078   0.4208  -0.2289  -0.8316  -1.4200  -2.0354  -2.7005  -3.4482  -4.3301
 -5.4280  -6.8711  -8.8622 -11.7236 -15.9649 -22.3935 -32.2894 -36.9768 -36.9768
-36.9768 -36.9768 -36.9768 -36.9768 -36.9768 -36.9768 -36.9768 -36.9768 -36.9768
-36.9768 -36.9768 -36.9768 -36.9768 -36.9768 -36.9768
 -2.0000   1.4153   1.4138   1.4109   1.4049   1.3916   1.3610   1.2894   1.1232
  0.7704   0.2394  -0.3447  -0.9528  -1.6036  -2.3241  -3.1581  -4.1755  -5.4872
 -7.2681  -9.7948 -13.5044 -19.0899 -27.6490 -36.9598 -36.9598 -36.9598 -36.9598
-36.9598 -36.9598 -36.9598 -36.9598 -36.9598 -36.9598 -36.9598 -36.9598 -36.9598
-36.9598 -36.9598 -36.9598 -36.9598 -36.9598 -36.9598
 -1.0000   1.4153   1.4138   1.4109   1.4049   1.3915   1.3609   1.2894   1.1233
  0.7705   0.2395  -0.3446  -0.9528  -1.6036  -2.3241  -3.1581  -4.1755  -5.4872
 -7.2681  -9.7948 -13.5044 -19.0899 -27.6490 -36.9598 -36.9598 -36.9598 -36.9598
-36.9598 -36.9598 -36.9598 -36.9598 -36.9598 -36.9598 -36.9598 -36.9598 -36.9598
-36.9598 -36.9598 -36.9598 -36.9598 -36.9598 -36.9598
  0.0000   1.4151   1.4137   1.4108   1.4048   1.3914   1.3608   1.2893   1.1233
  0.7707   0.2396  -0.3446  -0.9527  -1.6036  -2.3241  -3.1581  -4.1755  -5.4872
 -7.2681  -9.7948 -13.5044 -19.0899 -27.6490 -36.9598 -36.9598 -36.9598 -36.9598
-36.9598 -36.9598 -36.9598 -36.9598 -36.9598 -36.9598 -36.9598 -36.9598 -36.9598
-36.9598 -36.9598 -36.9598 -36.9598 -36.9598 -36.9598
  0.0000   1.3679   1.3668   1.3645   1.3597   1.3493   1.3261   1.2729   1.1454
  0.8365   0.2910  -0.3251  -0.9510  -1.6086  -2.3301  -3.1627  -4.1782  -5.4885
 -7.2683  -9.7941 -13.5033 -19.0884 -27.6472 -36.9577 -36.9577 -36.9577 -36.9577
-36.9577 -36.9577 -36.9577 -36.9577 -36.9577 -36.9577 -36.9577 -36.9577 -36.9577
-36.9577 -36.9577 -36.9577 -36.9577 -36.9577 -36.9577
  0.0000   1.3656   1.3647   1.3625   1.3577   1.3474   1.3245   1.2718   1.1457
  0.8398   0.2934  -0.3238  -0.9503  -1.6082  -2.3297  -3.1623  -4.1778  -5.4882
 -7.2680  -9.7938 -13.5029 -19.0881 -27.6469 -36.9574 -36.9574 -36.9574 -36.9574
-36.9574 -36.9574 -36.9574 -36.9574 -36.9574 -36.9574 -36.9574 -36.9574 -36.9574
-36.9574 -36.9574 -36.9574 -36.9574 -36.9574 -36.9574
  0.0000   1.3790   1.3782   1.3761   1.3711   1.3601   1.3350   1.2771   1.1395
  0.8208   0.2803  -0.3267  -0.9487  -1.6054  -2.3272  -3.1604  -4.1768  -5.4874
 -7.2678  -9.7938 -13.5031 -19.0883 -27.6472 -36.9578 -36.9578 -36.9578 -36.9578
-36.9578 -36.9578 -36.9578 -36.9578 -36.9578 -36.9578 -36.9578 -36.9578 -36.9578
-36.9578 -36.9578 -36.9578 -36.9578 -36.9578 -36.9578
  0.0000   1.3953   1.3945   1.3924   1.3875   1.3758   1.3484   1.2842   1.1319
  0.7950   0.2597  -0.3338  -0.9481  -1.6021  -2.3239  -3.1581  -4.1753  -5.4866
 -7.2676  -9.7940 -13.5035 -19.0889 -27.6479 -36.9587 -36.9587 -36.9587 -36.9587
-36.9587 -36.9587 -36.9587 -36.9587 -36.9587 -36.9587 -36.9587 -36.9587 -36.9587
-36.9587 -36.9587 -36.9587 -36.9587 -36.9587 -36.9587
 -2.0000   1.6784   1.6743   1.6655   1.6459   1.6006   1.4951   1.2664   0.8803
  0.4014  -0.1331  -0.7084  -1.3538  -2.1049  -3.0199  -4.1924  -5.7720  -7.9965
-11.2419 -16.1020 -23.5168 -34.9758 -36.9539 -36.9539 -36.9539 -36.9539 -36.9539
-36.9539 -36.9539 -36.9539 -36.9539 -36.9539 -36.9539 -36.9539 -36.9539 -36.9539
-36.9539 -36.9539 -36.9539 -36.9539 -36.9539 -36.9539
 -1.0000   1.6784   1.6742   1.6654   1.6458   1.6006   1.4951   1.2664   0.8803
  0.4015  -0.1331  -0.7084  -1.3538  -2.1049  -3.0199  -4.1924  -5.7720  -7.9965
-11.2419 -16.1020 -23.5168 -34.9758 -36.9539 -36.9539 -36.9539 -36.9539 -36.9539
-36.9539 -36.9539 -36.9539 -36.9539 -36.9539 -36.9539 -36.9539 -36.9539 -36.9539
-36.9539 -36.9539 -36.9539 -36.9539 -36.9539 -36.9539
  0.0000   1.6783   1.6741   1.6653   1.6457   1.6005   1.4951   1.2665   0.8805
  0.4015  -0.1330  -0.7084  -1.3538  -2.1049  -3.0199  -4.1924  -5.7720  -7.9965
-11.2419 -16.1020 -23.5168 -34.9758 -36.9539 -36.9539 -36.9539 -36.9539 -36.9539
-36.9539 -36.9539 -36.9539 -36.9539 -36.9539 -36.9539 -36.9539 -36.9539 -36.9539
-36.9539 -36.9539 -36.9539 -36.9539 -36.9539 -36.9539
  0.0000   1.4471   1.4450   1.4414   1.4347   1.4215   1.3925   1.3181   1.1225
  0.7226   0.1557  -0.4803  -1.1834  -1.9825  -2.9359  -4.1386  -5.7414  -7.9822
-11.2369 -16.0997 -23.5125 -34.9676 -36.9315 -36.9315 -36.9315 -36.9315 -36.9315
-36.9315 -36.9315 -36.9315 -36.9315 -36.9315 -36.9315 -36.9315 -36.9315 -36.9315
-36.9315 -36.9315 -36.9315 -36.9315 -36.9315 -36.9315
  0.0000   1.3967   1.3952   1.3926   1.3886   1.3820   1.3673   1.3197   1.1585
  0.7683   0.1802  -0.4733  -1.1843  -1.9855  -2.9383  -4.1398  -5.7413  -7.9815
-11.2354 -16.0978 -23.5104 -34.9653 -36.9289 -36.9289 -36.9289 -36.9289 -36.9289
-36.9289 -36.9289 -36.9289 -36.9289 -36.9289 -36.9289 -36.9289 -36.9289 -36.9289
-36.9289 -36.9289 -36.9289 -36.9289 -36.9289 -36.9289
  0.0000   1.3995   1.3982   1.3958   1.3916   1.3847   1.3694   1.3200   1.1562
  0.7652   0.1785  -0.4737  -1.1842  -1.9852  -2.9382  -4.1398  -5.7414  -7.9817
-11.2356 -16.0981 -23.5107 -34.9656 -36.9292 -36.9292 -36.9292 -36.9292 -36.9292
-36.9292 -36.9292 -36.9292 -36.9292 -36.9292 -36.9292 -36.9292 -36.9292 -36.9292
-36.9292 -36.9292 -36.9292 -36.9292 -36.9292 -36.9292
  0.0000   1.4177   1.4165   1.4139   1.4089   1.3996   1.3792   1.3199   1.1427
  0.7482   0.1698  -0.4759  -1.1836  -1.9841  -2.9374  -4.1396  -5.7418  -7.9823
-11.2365 -16.0991 -23.5117 -34.9668 -36.9305 -36.9305 -36.9305 -36.9305 -36.9305
-36.9305 -36.9305 -36.9305 -36.9305 -36.9305 -36.9305 -36.9305 -36.9305 -36.9305
-36.9305 -36.9305 -36.9305 -36.9305 -36.9305 -36.9305
 -3.0000   1.6626   1.6572   1.6471   1.6271   1.5841   1.4873   1.2829   0.9368
  0.4477  -0.1485  -0.8555  -1.7132  -2.7983  -4.2371  -6.2305  -9.0977 -13.3456
-19.7803 -29.6806 -36.8772 -36.8772 -36.8772 -36.8772 -36.8772 -36.8772 -36.8772
-36.8772 -36.8772 -36.8772 -36.8772 -36.8772 -36.8772 -36.8772 -36.8772 -36.8772
-36.8772 -36.8772 -36.8772 -36.8772 -36.8772 -36.8772
 -2.0000   1.6626   1.6572   1.6471   1.6271   1.5841   1.4873   1.2829   0.9368
  0.4477  -0.1485  -0.8555  -1.7132  -2.7983  -4.2371  -6.2305  -9.0977 -13.3456
-19.7803 -29.6806 -36.8772 -36.8772 -36.8772 -36.8772 -36.8772 -36.8772 -36.8772
-36.8772 -36.8772 -36.8772 -36.8772 -36.8772 -36.8772 -36.8772 -36.8772 -36.8772
-36.8772 -36.8772 -36.8772 -36.8772 -36.8772 -36.8772
 -1.0000   1.6626   1.6572   1.6471   1.6271   1.5841   1.4873   1.2829   0.9368
  0.4477  -0.1485  -0.8555  -1.7132  -2.7983  -4.2371  -6.2305  -9.0977 -13.3456
-19.7803 -29.6806 -36.8772 -36.8772 -36.8772 -36.8772 -36.8772 -36.8772 -36.8772
-36.8772 -36.8772 -36.8772 -36.8772 -36.8772 -36.8772 -36.8772 -36.8772 -36.8772
-36.8772 -36.8772 -36.8772 -36.8772 -36.8772 -36.8772
  0.0000   1.6625   1.6571   1.6471   1.6271   1.5841   1.4873   1.2830   0.9369
  0.4478  -0.1485  -0.8555  -1.7132  -2.7983  -4.2371  -6.2305  -9.0977 -13.3456
-19.7803 -29.6806 -36.8772 -36.8772 -36.8772 -36.8772 -36.8772 -36.8772 -36.8772
-36.8772 -36.8772 -36.8772 -36.8772 -36.8772 -36.8772 -36.8772 -36.8772 -36.8772
-36.8772 -36.8772 -36.8772 -36.8772 -36.8772 -36.8772
  0.0000   1.4631   1.4601   1.4561   1.4511   1.4435   1.4219   1.3477   1.1336
  0.6740   0.0279  -0.7408  -1.6472  -2.7644  -4.2204  -6.2200  -9.0865 -13.3310
-19.7616 -29.6586 -36.8479 -36.8479 -36.8479 -36.8479 -36.8479 -36.8479 -36.8479
-36.8479 -36.8479 -36.8479 -36.8479 -36.8479 -36.8479 -36.8479 -36.8479 -36.8479
-36.8479 -36.8479 -36.8479 -36.8479 -36.8479 -36.8479
  0.0000   1.4166   1.4143   1.4118   1.4103   1.4104   1.4036   1.3548   1.1687
  0.7087   0.0451  -0.7353  -1.6461  -2.7640  -4.2192  -6.2178  -9.0836 -13.3275
-19.7577 -29.6544 -36.8432 -36.8432 -36.8432 -36.8432 -36.8432 -36.8432 -36.8432
-36.8432 -36.8432 -36.8432 -36.8432 -36.8432 -36.8432 -36.8432 -36.8432 -36.8432
-36.8432 -36.8432 -36.8432 -36.8432 -36.8432 -36.8432
  0.0000   1.4102   1.4082   1.4062   1.4057   1.4077   1.4028   1.3562   1.1718
  0.7112   0.0461  -0.7350  -1.6460  -2.7638  -4.2190  -6.2175  -9.0832 -13.3271
-19.7572 -29.6540 -36.8428 -36.8428 -36.8428 -36.8428 -36.8428 -36.8428 -36.8428
-36.8428 -36.8428 -36.8428 -36.8428 -36.8428 -36.8428 -36.8428 -36.8428 -36.8428
-36.8428 -36.8428 -36.8428 -36.8428 -36.8428 -36.8428
 -4.0000   1.6700   1.6634   1.6532   1.6340   1.5921   1.5224   1.3153   0.9284
  0.3423  -0.4334  -1.4283  -2.7350  -4.5203  -7.0557 -10.7751 -16.3690 -24.9345
-36.7579 -36.7579 -36.7579 -36.7579 -36.7579 -36.7579 -36.7579 -36.7579 -36.7579
-36.7579 -36.7579 -36.7579 -36.7579 -36.7579 -36.7579 -36.7579 -36.7579 -36.7579
-36.7579 -36.7579 -36.7579 -36.7579 -36.7579 -36.7579
 -3.0000   1.6700   1.6634   1.6532   1.6340   1.5921   1.5224   1.3153   0.9284
  0.3423  -0.4334  -1.4283  -2.7350  -4.5203  -7.0557 -10.7751 -16.3690 -24.9345
-36.7579 -36.7579 -36.7579 -36.7579 -36.7579 -36.7579 -36.7579 -36.7579 -36.7579
-36.7579 -36.7579 -36.7579 -36.7579 -36.7579 -36.7579 -36.7579 -36.7579 -36.7579
-36.7579 -36.7579 -36.7579 -36.7579 -36.7579 -36.7579
 -2.0000   1.6700   1.6634   1.6532   1.6340   1.5921   1.5224   1.3153   0.9284
  0.3423  -0.4334  -1.4283  -2.7350  -4.5203  -7.0557 -10.7751 -16.3690 -24.9345
-36.7579 -36.7579 -36.7579 -36.7579 -36.7579 -36.7579 -36.7579 -36.7579 -36.7579
-36.7579 -36.7579 -36.7579 -36.7579 -36.7579 -36.7579 -36.7579 -36.7579 -36.7579
-36.7579 -36.7579 -36.7579 -36.7579 -36.7579 -36.7579
 -1.0000   1.6700   1.6634   1.6532   1.6340   1.5921   1.5224   1.3153   0.9284
  0.3423  -0.4334  -1.4283  -2.7350  -4.5203  -7.0557 -10.7751 -16.3690 -24.9345
-36.7579 -36.7579 -36.7579 -36.7579 -36.7579 -36.7579 -36.7579 -36.7579 -36.7579
-36.7579 -36.7579 -36.7579 -36.7579 -36.7579 -36.7579 -36.7579 -36.7579 -36.7579
-36.7579 -36.7579 -36.7579 -36.7579 -36.7579 -36.7579
  0.0000   1.6700   1.6634   1.6532   1.6339   1.5921   1.5224   1.3153   0.9284
  0.3423  -0.4334  -1.4283  -2.7350  -4.5203  -7.0557 -10.7751 -16.3690 -24.9345
-36.7579 -36.7579 -36.7579 -36.7579 -36.7579 -36.7579 -36.7579 -36.7579 -36.7579
-36.7579 -36.7579 -36.7579 -36.7579 -36.7579 -36.7579 -36.7579 -36.7579 -36.7579
-36.7579 -36.7579 -36.7579 -36.7579 -36.7579 -36.7579
  1.0000   1.6699   1.6633   1.6531   1.6338   1.5921   1.5222   1.3153   0.9284
  0.3423  -0.4334  -1.4284  -2.7351  -4.5204  -7.0558 -10.7752 -16.3691 -24.9346
-36.7580 -36.7580 -36.7580 -36.7580 -36.7580 -36.7580 -36.7580 -36.7580 -36.7580
-36.7580 -36.7580 -36.7580 -36.7580 -36.7580 -36.7580 -36.7580 -36.7580 -36.7580
-36.7580 -36.7580 -36.7580 -36.7580 -36.7580 -36.7580
  2.0000   1.6699   1.6632   1.6530   1.6336   1.5921   1.5220   1.3152   0.9284
  0.3423  -0.4335  -1.4284  -2.7351  -4.5205  -7.0559 -10.7753 -16.3692 -24.9346
-36.7581 -36.7581 -36.7581 -36.7581 -36.7581 -36.7581 -36.7581 -36.7581 -36.7581
-36.7581 -36.7581 -36.7581 -36.7581 -36.7581 -36.7581 -36.7581 -36.7581 -36.7581
-36.7581 -36.7581 -36.7581 -36.7581 -36.7581 -36.7581
-14.0000   1.6700   1.6634   1.6532   1.6340   1.5921   1.5224   1.3153   0.9284
  0.3423  -0.4334  -1.4283  -2.7350  -4.5203  -7.0557 -10.7751 -16.3690 -24.9345
-36.7579 -36.7579 -36.7579 -36.7579 -36.7579 -36.7579 -36.7579 -36.7579 -36.7579
-36.7579 -36.7579 -36.7579 -36.7579 -36.7579 -36.7579 -36.7579 -36.7579 -36.7579
-36.7579 -36.7579 -36.7579 -36.7579 -36.7579 -36.7579
-13.0000   1.6700   1.6634   1.6532   1.6340   1.5921   1.5224   1.3153   0.9284
  0.3423  -0.4334  -1.4283  -2.7350  -4.5203  -7.0557 -10.7751 -16.3690 -24.9345
-36.7579 -36.7579 -36.7579 -36.7579 -36.7579 -36.7579 -36.7579 -36.7579 -36.7579
-36.7579 -36.7579 -36.7579 -36.7579 -36.7579 -36.7579 -36.7579 -36.7579 -36.7579
-36.7579 -36.7579 -36.7579 -36.7579 -36.7579 -36.7579
-12.0000   1.6700   1.6634   1.6532   1.6340   1.5921   1.5224   1.3153   0.9284
  0.3423  -0.4334  -1.4283  -2.7350  -4.5203  -7.0557 -10.7751 -16.3690 -24.9345
-36.7579 -36.7579 -36.7579 -36.7579 -36.7579 -36.7579 -36.7579 -36.7579 -36.7579
-36.7579 -36.7579 -36.7579 -36.7579 -36.7579 -36.7579 -36.7579 -36.7579 -36.7579
-36.7579 -36.7579 -36.7579 -36.7579 -36.7579 -36.7579
-11.0000   1.6700   1.6634   1.6532   1.6340   1.5921   1.5224   1.3153   0.9284
  0.3423  -0.4334  -1.4283  -2.7350  -4.5203  -7.0557 -10.7751 -16.3690 -24.9345
-36.7579 -36.7579 -36.7579 -36.7579 -36.7579 -36.7579 -36.7579 -36.7579 -36.7579
-36.7579 -36.7579 -36.7579 -36.7579 -36.7579 -36.7579 -36.7579 -36.7579 -36.7579
-36.7579 -36.7579 -36.7579 -36.7579 -36.7579 -36.7579
-10.0000   1.6700   1.6634   1.6532   1.6340   1.5921   1.5224   1.3153   0.9284
  0.3423  -0.4334  -1.4283  -2.7350  -4.5203  -7.0557 -10.7751 -16.3690 -24.9345
-36.7579 -36.7579 -36.7579 -36.7579 -36.7579 -36.7579 -36.7579 -36.7579 -36.7579
-36.7579 -36.7579 -36.7579 -36.7579 -36.7579 -36.7579 -36.7579 -36.7579 -36.7579
-36.7579 -36.7579 -36.7579 -36.7579 -36.7579 -36.7579
 11.0000   1.6700   1.6634   1.6532   1.6340   1.5921   1.5224   1.3153   0.9284
  0.3423  -0.4334  -1.4283  -2.7350  -4.5203  -7.0557 -10.7751 -16.3690 -24.9345
-36.7579 -36.7579 -36.7579 -36.7579 -36.7579 -36.7579 -36.7579 -36.7579 -36.7579
-36.7579 -36.7579 -36.7579 -36.7579 -36.7579 -36.7579 -36.7579 -36.7579 -36.7579
-36.7579 -36.7579 -36.7579 -36.7579 -36.7579 -36.7579
 12.0000   1.6699   1.6633   1.6531   1.6338   1.5920   1.5223   1.3152   0.9283
  0.3422  -0.4335  -1.4284  -2.7351  -4.5204  -7.0558 -10.7752 -16.3691 -24.9346
-36.7580 -36.7580 -36.7580 -36.7580 -36.7580 -36.7580 -36.7580 -36.7580 -36.7580
-36.7580 -36.7580 -36.7580 -36.7580 -36.7580 -36.7580 -36.7580 -36.7580 -36.7580
-36.7580 -36.7580 -36.7580 -36.7580 -36.7580 -36.7580
nl= 1 nu=10
  0.0000  -0.7787  -0.7787  -0.7787  -0.7787  -0.7787  -0.7787  -0.7787  -0.7787
 -0.7787  -0.7787  -0.7787  -0.7788  -0.7790  -0.7796  -0.7810  -0.7846  -0.7936
 -0.8162  -0.8728  -1.0152  -1.3727  -2.2698  -4.4523  -5.8577  -6.3937  -6.9203
 -7.4552  -8.0572  -8.7562  -9.2829  -9.8234 -10.3869 -10.9871 -11.6458 -12.3970
-13.2951 -14.4261 -15.9260 -18.0107 -21.0224 -25.5031 -32.3120
  0.0000  -0.9313  -0.9313  -0.9313  -0.9313  -0.9313  -0.9313  -0.9313  -0.9313
 -0.9313  -0.9313  -0.9314  -0.9314  -0.9315  -0.9318  -0.9325  -0.9343  -0.9388
 -0.9501  -0.9784  -1.0497  -1.2285  -1.6778  -2.8050  -5.4086  -6.3722  -6.9123
 -7.4524  -8.0563  -8.7562  -9.2841  -9.8249 -10.3887 -10.9892 -11.6479 -12.3992
-13.2974 -14.4283 -15.9283 -18.0130 -21.0247 -25.5054 -32.3143
  0.0000  -1.0820  -1.0820  -1.0820  -1.0820  -1.0820  -1.0820  -1.0820  -1.0820
 -1.0820  -1.0820  -1.0820  -1.0820  -1.0821  -1.0822  -1.0826  -1.0835  -1.0857
 -1.0914  -1.1055  -1.1412  -1.2306  -1.4554  -2.0198  -3.4356  -6.2409  -6.8922
 -7.4433  -8.0507  -8.7521  -9.2823  -9.8240 -10.3882 -10.9889 -11.6478 -12.3992
-13.2975 -14.4285 -15.9284 -18.0132 -21.0249 -25.5055 -32.3145
  0.0000  -1.2323  -1.2323  -1.2323  -1.2323  -1.2323  -1.2323  -1.2323  -1.2323
 -1.2323  -1.2323  -1.2323  -1.2324  -1.2324  -1.2325  -1.2326  -1.2331  -1.2342
 -1.2370  -1.2441  -1.2619  -1.3067  -1.4191  -1.7014  -2.4104  -4.1878  -6.8444
 -7.4257  -8.0401  -8.7446  -9.2787  -9.8217 -10.3868 -10.9880 -11.6472 -12.3988
-13.2972 -14.4282 -15.9283 -18.0131 -21.0247 -25.5054 -32.3144
  0.0000  -1.3827  -1.3827  -1.3827  -1.3827  -1.3827  -1.3827  -1.3827  -1.3827
 -1.3827  -1.3827  -1.3827  -1.3827  -1.3827  -1.3828  -1.3829  -1.3831  -1.3836
 -1.3851  -1.3886  -1.3975  -1.4199  -1.4761  -1.6172  -1.9718  -2.8624  -5.0906
 -7.3914  -8.0209  -8.7315  -9.2728  -9.8178 -10.3845 -10.9864 -11.6463 -12.3981
-13.2968 -14.4279 -15.9280 -18.0129 -21.0246 -25.5053 -32.3142
  0.0000  -1.5337  -1.5337  -1.5337  -1.5337  -1.5337  -1.5337  -1.5337  -1.5337
 -1.5337  -1.5337  -1.5337  -1.5337  -1.5337  -1.5337  -1.5338  -1.5339  -1.5342
 -1.5349  -1.5367  -1.5411  -1.5523  -1.5804  -1.6510  -1.8283  -2.2736  -3.3923
 -6.1706  -7.9868  -8.7093  -9.2639  -9.8123 -10.3811 -10.9846 -11.6453 -12.3978
-13.2966 -14.4281 -15.9283 -18.0132 -21.0250 -25.5057 -32.3147
  0.0000  -1.6839  -1.6839  -1.6839  -1.6839  -1.6839  -1.6839  -1.6839  -1.6839
 -1.6839  -1.6839  -1.6839  -1.6839  -1.6839  -1.6839  -1.6839  -1.6840  -1.6841
 -1.6845  -1.6854  -1.6876  -1.6932  -1.7072  -1.7425  -1.8312  -2.0539  -2.6132
 -4.0182  -7.4124  -8.6703  -9.2488  -9.8022 -10.3749 -10.9804 -11.6425 -12.3960
-13.2954 -14.4271 -15.9275 -18.0126 -21.0244 -25.5052 -32.3143
  0.0000  -0.4488  -0.4488  -0.4488  -0.4488  -0.4488  -0.4489  -0.4489  -0.4489
 -0.4489  -0.4490  -0.4491  -0.4495  -0.4506  -0.4532  -0.4598  -0.4764  -0.5179
 -0.6224  -0.8846  -1.5422  -3.1592  -4.8341  -5.3863  -5.9162  -6.4540  -7.0139
 -7.7513  -8.2752  -8.8103  -9.3650  -9.9511 -10.5873 -11.3028 -12.1443 -13.1855
-14.5431 -16.4024 -19.0566 -22.9708 -28.8820 -37.0007 -37.0007
  0.0000  -0.5983  -0.5983  -0.5983  -0.5983  -0.5983  -0.5983  -0.5983  -0.5983
 -0.5983  -0.5983  -0.5984  -0.5986  -0.5992  -0.6005  -0.6038  -0.6121  -0.6329
 -0.6852  -0.8166  -1.1465  -1.9738  -3.9761  -5.3527  -5.9016  -6.4468  -7.0094
 -7.7475  -8.2731  -8.8088  -9.3638  -9.9502 -10.5864 -11.3021 -12.1436 -13.1848
-14.5425 -16.4018 -19.0560 -22.9702 -28.8814 -37.0001 -37.0001
  0.0000  -0.7488  -0.7488  -0.7488  -0.7488  -0.7488  -0.7488  -0.7488  -0.7488
 -0.7488  -0.7488  -0.7489  -0.7490  -0.7492  -0.7499  -0.7515  -0.7557  -0.7661
 -0.7923  -0.8581  -1.0232  -1.4380  -2.4781  -4.8774  -5.8747  -6.4344  -7.0031
 -7.7418  -8.2709  -8.8074  -9.3631  -9.9498 -10.5864 -11.3021 -12.1438 -13.1850
-14.5427 -16.4020 -19.0563 -22.9705 -28.8817 -37.0004 -37.0004
  0.0000  -0.8991  -0.8991  -0.8991  -0.8991  -0.8991  -0.8991  -0.8991  -0.8991
 -0.8991  -0.8991  -0.8991  -0.8991  -0.8993  -0.8996  -0.9004  -0.9025  -0.9077
 -0.9208  -0.9537  -1.0363  -1.2439  -1.7651  -3.0719  -5.7125  -6.4107  -6.9911
 -7.7316  -8.2663  -8.8045  -9.3613  -9.9487 -10.5856 -11.3017 -12.1434 -13.1848
-14.5425 -16.4019 -19.0561 -22.9704 -28.8816 -37.0003 -37.0003
  0.0000  -1.0496  -1.0496  -1.0496  -1.0496  -1.0496  -1.0496  -1.0496  -1.0496
 -1.0496  -1.0496  -1.0496  -1.0496  -1.0497  -1.0499  -1.0503  -1.0513  -1.0539
 -1.0605  -1.0769  -1.1182  -1.2221  -1.4828  -2.1377  -3.7784  -6.3518  -6.9698
 -7.7137  -8.2593  -8.7998  -9.3585  -9.9470 -10.5845 -11.3010 -12.1431 -13.1846
-14.5425 -16.4018 -19.0562 -22.9704 -28.8817 -37.0004 -37.0004
  0.0000  -1.2003  -1.2003  -1.2003  -1.2003  -1.2003  -1.2003  -1.2003  -1.2003
 -1.2003  -1.2003  -1.2003  -1.2003  -1.2003  -1.2004  -1.2006  -1.2011  -1.2024
 -1.2057  -1.2139  -1.2346  -1.2865  -1.4169  -1.7445  -2.5671  -4.6244  -6.9308
 -7.6828  -8.2480  -8.7924  -9.3539  -9.9441 -10.5829 -11.3000 -12.1425 -13.1843
-14.5424 -16.4019 -19.0563 -22.9706 -28.8818 -37.0006 -37.0006
  0.0000  -1.3508  -1.3508  -1.3508  -1.3508  -1.3508  -1.3508  -1.3508  -1.3508
 -1.3508  -1.3508  -1.3508  -1.3509  -1.3509  -1.3509  -1.3510  -1.3513  -1.3519
 -1.3536  -1.3577  -1.3680  -1.3940  -1.4592  -1.6230  -2.0344  -3.0678  -5.6368
 -7.6292  -8.2308  -8.7806  -9.3467  -9.9395 -10.5799 -11.2982 -12.1414 -13.1836
-14.5419 -16.4016 -19.0561 -22.9705 -28.8817 -37.0007 -37.0007
  0.0000  -0.1172  -0.1172  -0.1172  -0.1172  -0.1172  -0.1172  -0.1173  -0.1173
 -0.1174  -0.1177  -0.1185  -0.1204  -0.1252  -0.1373  -0.1676  -0.2439  -0.4351
 -0.9141  -2.0911  -3.7789  -4.3718  -4.9083  -5.4243  -5.9696  -6.6041  -7.2650
 -7.7958  -8.3430  -8.9171  -9.5340 -10.2189 -11.0119 -11.9761 -13.2117 -14.8775
-17.2252 -20.6536 -25.7947 -33.6504 -37.0000 -37.0000 -37.0000
  0.0000  -0.2657  -0.2657  -0.2657  -0.2657  -0.2657  -0.2657  -0.2657  -0.2657
 -0.2658  -0.2660  -0.2663  -0.2673  -0.2697  -0.2758  -0.2910  -0.3293  -0.4255
 -0.6669  -1.2717  -2.7485  -4.3223  -4.8889  -5.4154  -5.9644  -6.6002  -7.2620
 -7.7940  -8.3417  -8.9159  -9.5331 -10.2182 -11.0112 -11.9754 -13.2110 -14.8769
-17.2246 -20.6529 -25.7941 -33.6498 -36.9994 -36.9994 -36.9994
  0.0000  -0.4160  -0.4160  -0.4160  -0.4160  -0.4160  -0.4160  -0.4160  -0.4161
 -0.4161  -0.4162  -0.4164  -0.4168  -0.4181  -0.4211  -0.4287  -0.4479  -0.4962
 -0.6173  -0.9215  -1.6835  -3.5139  -4.8522  -5.4010  -5.9570  -6.5954  -7.2588
 -7.7925  -8.3410  -8.9159  -9.5333 -10.2186 -11.0117 -11.9760 -13.2117 -14.8775
-17.2253 -20.6536 -25.7948 -33.6505 -37.0001 -37.0001 -37.0001
  0.0000  -0.5663  -0.5663  -0.5663  -0.5663  -0.5663  -0.5663  -0.5663  -0.5663
 -0.5664  -0.5664  -0.5665  -0.5667  -0.5673  -0.5689  -0.5727  -0.5823  -0.6065
 -0.6672  -0.8196  -1.2023  -2.1612  -4.3638  -5.3724  -5.9426  -6.5858  -7.2527
 -7.7893  -8.3391  -8.9148  -9.5327 -10.2183 -11.0117 -11.9761 -13.2118 -14.8778
-17.2255 -20.6539 -25.7950 -33.6507 -37.0004 -37.0004 -37.0004
  0.0000  -0.7165  -0.7165  -0.7165  -0.7165  -0.7165  -0.7165  -0.7165  -0.7165
 -0.7166  -0.7166  -0.7166  -0.7167  -0.7170  -0.7178  -0.7197  -0.7245  -0.7366
 -0.7670  -0.8433  -1.0349  -1.5161  -2.7215  -5.1794  -5.9163  -6.5686  -7.2417
 -7.7835  -8.3353  -8.9125  -9.5312 -10.2174 -11.0110 -11.9757 -13.2116 -14.8776
-17.2254 -20.6538 -25.7950 -33.6507 -37.0004 -37.0004 -37.0004
  0.0000  -0.8679  -0.8679  -0.8679  -0.8679  -0.8679  -0.8679  -0.8679  -0.8679
 -0.8679  -0.8679  -0.8679  -0.8680  -0.8681  -0.8685  -0.8695  -0.8719  -0.8779
 -0.8931  -0.9313  -1.0272  -1.2680  -1.8727  -3.3865  -5.8482  -6.5404  -7.2249
 -7.7753  -8.3304  -8.9096  -9.5298 -10.2168 -11.0111 -11.9760 -13.2122 -14.8784
-17.2263 -20.6547 -25.7959 -33.6517 -37.0014 -37.0014 -37.0014
  0.0000  -1.0187  -1.0187  -1.0187  -1.0187  -1.0187  -1.0187  -1.0187  -1.0187
 -1.0187  -1.0187  -1.0187  -1.0187  -1.0188  -1.0190  -1.0195  -1.0207  -1.0237
 -1.0313  -1.0504  -1.0983  -1.2188  -1.5214  -2.2812  -4.1796  -6.4894  -7.1976
 -7.7622  -8.3216  -8.9042  -9.5263 -10.2147 -11.0099 -11.9755 -13.2120 -14.8783
-17.2263 -20.6550 -25.7962 -33.6520 -37.0018 -37.0018 -37.0018
  0.0000   0.2087   0.2087   0.2087   0.2087   0.2086   0.2086   0.2085   0.2083
  0.2078   0.2064   0.2029   0.1942   0.1724   0.1177  -0.0195  -0.3621  -1.1987
 -2.6631  -3.3521  -3.8899  -4.4184  -4.9545  -5.5570  -6.2561  -6.7836  -7.3246
 -7.8885  -8.4889  -9.1476  -9.8990 -10.7972 -11.9281 -13.4281 -15.5128 -18.5245
-23.0052 -29.8142 -37.0001 -37.0001 -37.0001 -37.0001 -37.0001
  0.0000   0.0631   0.0631   0.0631   0.0631   0.0631   0.0631   0.0631   0.0629
  0.0627   0.0620   0.0602   0.0558   0.0448   0.0170  -0.0527  -0.2276  -0.6647
 -1.7293  -3.2610  -3.8653  -4.4066  -4.9481  -5.5525  -6.2524  -6.7814  -7.3229
 -7.8871  -8.4879  -9.1468  -9.8982 -10.7965 -11.9275 -13.4274 -15.5122 -18.5239
-23.0046 -29.8136 -36.9995 -36.9995 -36.9995 -36.9995 -36.9995
  0.0000  -0.0866  -0.0866  -0.0866  -0.0866  -0.0866  -0.0866  -0.0866  -0.0867
 -0.0868  -0.0871  -0.0880  -0.0903  -0.0958  -0.1098  -0.1450  -0.2334  -0.4550
 -1.0094  -2.3501  -3.8132  -4.3878  -4.9397  -5.5476  -6.2489  -6.7804  -7.3230
 -7.8879  -8.4890  -9.1482  -9.8998 -10.7981 -11.9292 -13.4292 -15.5140 -18.5257
-23.0064 -29.8154 -37.0013 -37.0013 -37.0013 -37.0013 -37.0013
  0.0000  -0.2344  -0.2344  -0.2344  -0.2344  -0.2344  -0.2344  -0.2344  -0.2345
 -0.2345  -0.2347  -0.2352  -0.2363  -0.2391  -0.2461  -0.2638  -0.3082  -0.4198
 -0.6997  -1.4000  -3.0651  -4.3464  -4.9206  -5.5350  -6.2391  -6.7748  -7.3189
 -7.8850  -8.4868  -9.1463  -9.8982 -10.7967 -11.9279 -13.4280 -15.5128 -18.5245
-23.0052 -29.8142 -37.0002 -37.0002 -37.0002 -37.0002 -37.0002
  0.0000  -0.3840  -0.3840  -0.3840  -0.3840  -0.3840  -0.3840  -0.3840  -0.3840
 -0.3840  -0.3841  -0.3843  -0.3849  -0.3863  -0.3898  -0.3987  -0.4210  -0.4769
 -0.6175  -0.9702  -1.8529  -3.8638  -4.8877  -5.5154  -6.2246  -6.7677  -7.3141
 -7.8818  -8.4848  -9.1452  -9.8974 -10.7963 -11.9276 -13.4278 -15.5127 -18.5244
-23.0052 -29.8142 -37.0002 -37.0002 -37.0002 -37.0002 -37.0002
  0.0000  -0.5339  -0.5339  -0.5339  -0.5339  -0.5339  -0.5339  -0.5339  -0.5340
 -0.5340  -0.5340  -0.5341  -0.5344  -0.5351  -0.5369  -0.5413  -0.5525  -0.5805
 -0.6509  -0.8277  -1.2717  -2.3823  -4.6657  -5.4825  -6.2014  -6.7566  -7.3067
 -7.8771  -8.4817  -9.1431  -9.8962 -10.7954 -11.9271 -13.4275 -15.5125 -18.5243
-23.0051 -29.8142 -37.0002 -37.0002 -37.0002 -37.0002 -37.0002
  0.0000  -0.6841  -0.6841  -0.6841  -0.6841  -0.6841  -0.6841  -0.6841  -0.6841
 -0.6841  -0.6841  -0.6842  -0.6843  -0.6847  -0.6856  -0.6878  -0.6934  -0.7074
 -0.7426  -0.8312  -1.0535  -1.6117  -3.0074  -5.3910  -6.1651  -6.7414  -7.2957
 -7.8699  -8.4769  -9.1399  -9.8942 -10.7942 -11.9262 -13.4269 -15.5121 -18.5240
-23.0049 -29.8140 -37.0002 -37.0002 -37.0002 -37.0002 -37.0002
  0.0000   0.5212   0.5212   0.5212   0.5211   0.5211   0.5209   0.5205   0.5196
  0.5172   0.5113   0.4963   0.4588   0.3648   0.1313  -0.4322  -1.5238  -2.3205
 -2.8753  -3.4081  -3.9482  -4.5092  -5.2465  -5.7718  -6.3077  -6.8630  -7.4494
 -8.0858  -8.8015  -9.6431 -10.6843 -12.0420 -13.9012 -16.5555 -20.4697 -26.3808
-35.4569 -36.9996 -36.9996 -36.9996 -36.9996 -36.9996 -36.9996
  0.0000   0.3829   0.3829   0.3829   0.3828   0.3828   0.3827   0.3825   0.3820
  0.3808   0.3777   0.3699   0.3503   0.3012   0.1782  -0.1280  -0.8667  -2.1459
 -2.8434  -3.3941  -3.9409  -4.5051  -5.2427  -5.7699  -6.3066  -6.8624  -7.4492
 -8.0857  -8.8016  -9.6432 -10.6845 -12.0422 -13.9015 -16.5557 -20.4700 -26.3811
-35.4572 -36.9999 -36.9999 -36.9999 -36.9999 -36.9999 -36.9999
  0.0000   0.2405   0.2405   0.2405   0.2405   0.2404   0.2404   0.2403   0.2400
  0.2394   0.2378   0.2338   0.2238   0.1986   0.1352  -0.0234  -0.4187  -1.3699
 -2.7443  -3.3673  -3.9275  -4.4972  -5.2353  -5.7660  -6.3039  -6.8606  -7.4479
 -8.0849  -8.8009  -9.6427 -10.6841 -12.0418 -13.9011 -16.5554 -20.4696 -26.3808
-35.4569 -36.9996 -36.9996 -36.9996 -36.9996 -36.9996 -36.9996
  0.0000   0.0940   0.0940   0.0940   0.0940   0.0940   0.0940   0.0939   0.0938
  0.0935   0.0927   0.0907   0.0856   0.0727   0.0406  -0.0402  -0.2427  -0.7479
 -1.9544  -3.3082  -3.9050  -4.4853  -5.2243  -5.7612  -6.3008  -6.8589  -7.4471
 -8.0846  -8.8010  -9.6430 -10.6845 -12.0424 -13.9017 -16.5560 -20.4703 -26.3815
-35.4576 -37.0003 -37.0003 -37.0003 -37.0003 -37.0003 -37.0003
  0.0000  -0.0534  -0.0534  -0.0534  -0.0534  -0.0534  -0.0534  -0.0535  -0.0535
 -0.0537  -0.0541  -0.0551  -0.0577  -0.0642  -0.0804  -0.1212  -0.2236  -0.4805
 -1.1218  -2.6273  -3.8604  -4.4642  -5.2051  -5.7522  -6.2946  -6.8548  -7.4444
 -8.0828  -8.7998  -9.6422 -10.6839 -12.0419 -13.9014 -16.5557 -20.4700 -26.3812
-35.4574 -37.0001 -37.0001 -37.0001 -37.0001 -37.0001 -37.0001
  0.0000  -0.2008  -0.2008  -0.2008  -0.2008  -0.2008  -0.2008  -0.2008  -0.2008
 -0.2009  -0.2011  -0.2016  -0.2029  -0.2062  -0.2143  -0.2348  -0.2864  -0.4157
 -0.7403  -1.5509  -3.3818  -4.4273  -5.1736  -5.7381  -6.2839  -6.8473  -7.4388
 -8.0787  -8.7966  -9.6396 -10.6817 -12.0400 -13.8996 -16.5541 -20.4684 -26.3797
-35.4558 -36.9986 -36.9986 -36.9986 -36.9986 -36.9986 -36.9986
  0.0000  -0.3517  -0.3517  -0.3517  -0.3517  -0.3517  -0.3517  -0.3517  -0.3517
 -0.3518  -0.3519  -0.3521  -0.3528  -0.3544  -0.3585  -0.3688  -0.3946  -0.4596
 -0.6226  -1.0317  -2.0536  -4.1756  -5.1266  -5.7233  -6.2726  -6.8400  -7.4345
 -8.0763  -8.7955  -9.6395 -10.6822 -12.0408 -13.9006 -16.5552 -20.4697 -26.3810
-35.4573 -37.0001 -37.0001 -37.0001 -37.0001 -37.0001 -37.0001
  0.0000   0.7969   0.7969   0.7969   0.7968   0.7965   0.7960   0.7945   0.7909
  0.7818   0.7590   0.7020   0.5612   0.2254  -0.4653  -1.2597  -1.8496  -2.3939
 -2.9149  -3.4631  -4.0988  -4.7605  -5.2929  -5.8410  -6.4158  -7.0330  -7.7182
 -8.5113  -9.4756 -10.7113 -12.3772 -14.7249 -18.1533 -23.2944 -31.1501 -36.9997
-36.9997 -36.9997 -36.9997 -36.9997 -36.9997 -36.9997 -36.9997
  0.0000   0.6793   0.6792   0.6792   0.6792   0.6790   0.6787   0.6779   0.6759
  0.6708   0.6581   0.6261   0.5463   0.3488  -0.1214  -1.0263  -1.8049  -2.3757
 -2.9062  -3.4577  -4.0948  -4.7572  -5.2909  -5.8398  -6.4149  -7.0325  -7.7178
 -8.5111  -9.4754 -10.7111 -12.3770 -14.7248 -18.1532 -23.2943 -31.1500 -36.9996
-36.9996 -36.9996 -36.9996 -36.9996 -36.9996 -36.9996 -36.9996
  0.0000   0.5505   0.5505   0.5505   0.5505   0.5504   0.5502   0.5498   0.5487
  0.5460   0.5391   0.5219   0.4788   0.3710   0.1038  -0.5314  -1.6302  -2.3409
 -2.8914  -3.4490  -4.0882  -4.7524  -5.2879  -5.8378  -6.4137  -7.0317  -7.7174
 -8.5108  -9.4752 -10.7110 -12.3769 -14.7247 -18.1531 -23.2943 -31.1500 -36.9996
-36.9996 -36.9996 -36.9996 -36.9996 -36.9996 -36.9996 -36.9996
  0.0000   0.4136   0.4136   0.4136   0.4135   0.4135   0.4134   0.4132   0.4126
  0.4112   0.4076   0.3986   0.3760   0.3193   0.1774  -0.1747  -1.0091  -2.2329
 -2.8652  -3.4348  -4.0777  -4.7447  -5.2836  -5.8349  -6.4120  -7.0307  -7.7169
 -8.5106  -9.4752 -10.7111 -12.3771 -14.7249 -18.1534 -23.2946 -31.1503 -36.9999
-36.9999 -36.9999 -36.9999 -36.9999 -36.9999 -36.9999 -36.9999
  0.0000   0.2719   0.2719   0.2719   0.2719   0.2719   0.2718   0.2717   0.2714
  0.2707   0.2689   0.2642   0.2526   0.2234   0.1502  -0.0333  -0.4893  -1.5615
 -2.8024  -3.4105  -4.0603  -4.7320  -5.2759  -5.8298  -6.4083  -7.0283  -7.7152
 -8.5093  -9.4744 -10.7105 -12.3766 -14.7245 -18.1530 -23.2942 -31.1500 -36.9996
-36.9996 -36.9996 -36.9996 -36.9996 -36.9996 -36.9996 -36.9996
  0.0000   0.1262   0.1262   0.1262   0.1262   0.1262   0.1261   0.1261   0.1259
  0.1256   0.1246   0.1223   0.1164   0.1015   0.0642  -0.0293  -0.2638  -0.8475
 -2.1963  -3.3659  -4.0343  -4.7147  -5.2658  -5.8227  -6.4037  -7.0252  -7.7134
 -8.5084  -9.4738 -10.7103 -12.3767 -14.7247 -18.1533 -23.2945 -31.1503 -37.0000
-37.0000 -37.0000 -37.0000 -37.0000 -37.0000 -37.0000 -37.0000
  0.0000  -0.0210  -0.0210  -0.0210  -0.0210  -0.0210  -0.0210  -0.0210  -0.0211
 -0.0213  -0.0218  -0.0229  -0.0259  -0.0334  -0.0523  -0.0995  -0.2183  -0.5160
 -1.2574  -2.9109  -3.9897  -4.6903  -5.2521  -5.8119  -6.3963  -7.0202  -7.7098
 -8.5060  -9.4722 -10.7091 -12.3757 -14.7239 -18.1527 -23.2940 -31.1498 -36.9997
-36.9997 -36.9997 -36.9997 -36.9997 -36.9997 -36.9997 -36.9997
  0.0000   0.9989   0.9988   0.9987   0.9985   0.9978   0.9961   0.9919   0.9813
  0.9549   0.8898   0.7340   0.3926  -0.1811  -0.7933  -1.3533  -1.8949  -2.4394
 -3.0462  -3.7471  -4.2773  -4.8204  -5.3855  -5.9866  -6.6459  -7.3975  -8.2958
 -9.4269 -10.9269 -13.0117 -16.0234 -20.5041 -27.3131 -36.9991 -36.9991 -36.9991
-36.9991 -36.9991 -36.9991 -36.9991 -36.9991 -36.9991 -36.9991
  0.0000   0.9187   0.9187   0.9187   0.9185   0.9180   0.9170   0.9143   0.9075
  0.8904   0.8479   0.7434   0.4953  -0.0218  -0.7270  -1.3306  -1.8849  -2.4336
 -3.0419  -3.7434  -4.2754  -4.8190  -5.3846  -5.9862  -6.6456  -7.3974  -8.2958
 -9.4269 -10.9270 -13.0118 -16.0235 -20.5042 -27.3132 -36.9992 -36.9992 -36.9992
-36.9992 -36.9992 -36.9992 -36.9992 -36.9992 -36.9992 -36.9992
  0.0000   0.8210   0.8210   0.8210   0.8209   0.8206   0.8200   0.8183   0.8142
  0.8040   0.7783   0.7143   0.5569   0.1860  -0.5359  -1.2831  -1.8665  -2.4238
 -3.0346  -3.7370  -4.2717  -4.8165  -5.3830  -5.9851  -6.6450  -7.3970  -8.2955
 -9.4268 -10.9269 -13.0117 -16.0235 -20.5042 -27.3131 -36.9992 -36.9992 -36.9992
-36.9992 -36.9992 -36.9992 -36.9992 -36.9992 -36.9992 -36.9992
  0.0000   0.7074   0.7073   0.7073   0.7073   0.7071   0.7068   0.7058   0.7035
  0.6977   0.6832   0.6467   0.5557   0.3316  -0.1936  -1.1157  -1.8308  -2.4075
 -3.0229  -3.7267  -4.2657  -4.8123  -5.3801  -5.9832  -6.6436  -7.3961  -8.2949
 -9.4263 -10.9265 -13.0114 -16.0232 -20.5039 -27.3129 -36.9990 -36.9990 -36.9990
-36.9990 -36.9990 -36.9990 -36.9990 -36.9990 -36.9990 -36.9990
  0.0000   0.5804   0.5804   0.5804   0.5804   0.5803   0.5801   0.5796   0.5784
  0.5752   0.5673   0.5475   0.4979   0.3740   0.0683  -0.6441  -1.7174  -2.3800
 -3.0056  -3.7123  -4.2573  -4.8065  -5.3763  -5.9807  -6.6423  -7.3953  -8.2946
 -9.4263 -10.9266 -13.0117 -16.0235 -20.5043 -27.3133 -36.9994 -36.9994 -36.9994
-36.9994 -36.9994 -36.9994 -36.9994 -36.9994 -36.9994 -36.9994
  0.0000   0.4451   0.4451   0.4451   0.4451   0.4450   0.4449   0.4447   0.4440
  0.4423   0.4382   0.4278   0.4017   0.3362   0.1725  -0.2323  -1.1676  -2.3102
 -2.9781  -3.6916  -4.2457  -4.7973  -5.3700  -5.9765  -6.6393  -7.3934  -8.2933
 -9.4254 -10.9261 -13.0113 -16.0232 -20.5040 -27.3131 -36.9993 -36.9993 -36.9993
-36.9993 -36.9993 -36.9993 -36.9993 -36.9993 -36.9993 -36.9993
  0.0000   0.3032   0.3032   0.3032   0.3032   0.3032   0.3031   0.3030   0.3026
  0.3018   0.2997   0.2943   0.2809   0.2471   0.1623  -0.0498  -0.5753  -1.7708
 -2.9251  -3.6630  -4.2332  -4.7863  -5.3618  -5.9710  -6.6357  -7.3910  -8.2921
 -9.4247 -10.9258 -13.0112 -16.0233 -20.5043 -27.3134 -36.9998 -36.9998 -36.9998
-36.9998 -36.9998 -36.9998 -36.9998 -36.9998 -36.9998 -36.9998
  0.0000   1.1035   1.1035   1.1033   1.1027   1.1015   1.0983   1.0903   1.0704
  1.0219   0.9081   0.6648   0.2429  -0.2899  -0.8449  -1.4092  -1.9825  -2.7263
 -3.2586  -3.7987  -4.3568  -4.9449  -5.5822  -6.2985  -7.1405  -8.1820  -9.5398
-11.3992 -14.0535 -17.9678 -23.8790 -32.9551 -36.9977 -36.9977 -36.9977 -36.9977
-36.9977 -36.9977 -36.9977 -36.9977 -36.9977 -36.9977 -36.9977
  0.0000   1.0635   1.0635   1.0633   1.0629   1.0620   1.0595   1.0533   1.0379
  0.9998   0.9078   0.6992   0.2970  -0.2578  -0.8307  -1.4014  -1.9788  -2.7224
 -3.2566  -3.7974  -4.3558  -4.9444  -5.5820  -6.2984  -7.1405  -8.1820  -9.5399
-11.3992 -14.0536 -17.9678 -23.8791 -32.9552 -36.9978 -36.9978 -36.9978 -36.9978
-36.9978 -36.9978 -36.9978 -36.9978 -36.9978 -36.9978 -36.9978
  0.0000   1.0112   1.0112   1.0111   1.0108   1.0101   1.0083   1.0038   0.9926
  0.9645   0.8955   0.7314   0.3775  -0.1981  -0.8081  -1.3896  -1.9722  -2.7149
 -3.2522  -3.7944  -4.3537  -4.9430  -5.5811  -6.2979  -7.1401  -8.1818  -9.5397
-11.3992 -14.0535 -17.9678 -23.8790 -32.9552 -36.9978 -36.9978 -36.9978 -36.9978
-36.9978 -36.9978 -36.9978 -36.9978 -36.9978 -36.9978 -36.9978
  0.0000   0.9395   0.9395   0.9394   0.9392   0.9388   0.9376   0.9346   0.9270
  0.9082   0.8614   0.7464   0.4767  -0.0662  -0.7600  -1.3709  -1.9617  -2.7034
 -3.2456  -3.7897  -4.3507  -4.9409  -5.5798  -6.2972  -7.1398  -8.1816  -9.5397
-11.3992 -14.0536 -17.9680 -23.8792 -32.9554 -36.9980 -36.9980 -36.9980 -36.9980
-36.9980 -36.9980 -36.9980 -36.9980 -36.9980 -36.9980 -36.9980
  0.0000   0.8477   0.8476   0.8476   0.8475   0.8472   0.8465   0.8446   0.8400
  0.8284   0.7994   0.7272   0.5504   0.1400  -0.6108  -1.3339  -1.9452  -2.6863
 -3.2359  -3.7818  -4.3452  -4.9371  -5.5771  -6.2953  -7.1385  -8.1807  -9.5390
-11.3987 -14.0532 -17.9676 -23.8788 -32.9550 -36.9977 -36.9977 -36.9977 -36.9977
-36.9977 -36.9977 -36.9977 -36.9977 -36.9977 -36.9977 -36.9977
  0.0000   0.7365   0.7365   0.7365   0.7364   0.7363   0.7358   0.7348   0.7321
  0.7255   0.7088   0.6671   0.5632   0.3083  -0.2777  -1.2135  -1.9183  -2.6634
 -3.2253  -3.7721  -4.3380  -4.9322  -5.5740  -6.2933  -7.1374  -8.1801  -9.5389
-11.3988 -14.0534 -17.9679 -23.8792 -32.9555 -36.9982 -36.9982 -36.9982 -36.9982
-36.9982 -36.9982 -36.9982 -36.9982 -36.9982 -36.9982 -36.9982
  0.0000   0.6118   0.6118   0.6118   0.6118   0.6117   0.6114   0.6109   0.6094
  0.6058   0.5967   0.5740   0.5169   0.3744   0.0243  -0.7729  -1.8380  -2.6260
 -3.2148  -3.7603  -4.3282  -4.9248  -5.5688  -6.2897  -7.1348  -8.1785  -9.5377
-11.3979 -14.0527 -17.9674 -23.8788 -32.9552 -36.9980 -36.9980 -36.9980 -36.9980
-36.9980 -36.9980 -36.9980 -36.9980 -36.9980 -36.9980 -36.9980
  0.0000   1.1458   1.1456   1.1454   1.1446   1.1429   1.1384   1.1276   1.1015
  1.0408   0.9045   0.6320   0.2002  -0.3237  -0.8970  -1.5529  -2.2273  -2.7713
 -3.3264  -3.9051  -4.5252  -5.2120  -6.0060  -6.9709  -8.2070  -9.8731 -12.2209
-15.6494 -20.7906 -28.6463 -36.9960 -36.9960 -36.9960 -36.9960 -36.9960 -36.9960
-36.9960 -36.9960 -36.9960 -36.9960 -36.9960 -36.9960 -36.9960
  0.0000   1.1205   1.1204   1.1202   1.1196   1.1182   1.1145   1.1055   1.0835
  1.0307   0.9096   0.6558   0.2279  -0.3070  -0.8888  -1.5494  -2.2268  -2.7713
 -3.3266  -3.9053  -4.5254  -5.2122  -6.0063  -6.9711  -8.2072  -9.8733 -12.2211
-15.6496 -20.7908 -28.6465 -36.9962 -36.9962 -36.9962 -36.9962 -36.9962 -36.9962
-36.9962 -36.9962 -36.9962 -36.9962 -36.9962 -36.9962 -36.9962
  0.0000   1.1003   1.1003   1.1001   1.0996   1.0983   1.0952   1.0875   1.0683
  1.0216   0.9120   0.6746   0.2521  -0.2926  -0.8804  -1.5428  -2.2220  -2.7682
 -3.3244  -3.9039  -4.5244  -5.2115  -6.0058  -6.9708  -8.2069  -9.8731 -12.2210
-15.6494 -20.7907 -28.6464 -36.9961 -36.9961 -36.9961 -36.9961 -36.9961 -36.9961
-36.9961 -36.9961 -36.9961 -36.9961 -36.9961 -36.9961 -36.9961
  0.0000   1.0731   1.0730   1.0729   1.0725   1.0714   1.0689   1.0625   1.0466
  1.0072   0.9125   0.6985   0.2882  -0.2732  -0.8704  -1.5338  -2.2142  -2.7626
 -3.3204  -3.9013  -4.5225  -5.2104  -6.0051  -6.9703  -8.2066  -9.8729 -12.2208
-15.6494 -20.7906 -28.6463 -36.9961 -36.9961 -36.9961 -36.9961 -36.9961 -36.9961
-36.9961 -36.9961 -36.9961 -36.9961 -36.9961 -36.9961 -36.9961
  0.0000   1.0300   1.0300   1.0298   1.0295   1.0287   1.0268   1.0219   1.0097
  0.9794   0.9049   0.7286   0.3546  -0.2319  -0.8554  -1.5219  -2.2038  -2.7548
 -3.3142  -3.8969  -4.5195  -5.2083  -6.0038  -6.9696  -8.2062  -9.8727 -12.2207
-15.6493 -20.7906 -28.6464 -36.9962 -36.9962 -36.9962 -36.9962 -36.9962 -36.9962
-36.9962 -36.9962 -36.9962 -36.9962 -36.9962 -36.9962 -36.9962
  0.0000   0.9649   0.9649   0.9648   0.9646   0.9641   0.9627   0.9594   0.9510
  0.9300   0.8777   0.7501   0.4536  -0.1217  -0.8210  -1.5047  -2.1918  -2.7453
 -3.3055  -3.8903  -4.5150  -5.2052  -6.0017  -6.9682  -8.2054  -9.8721 -12.2204
-15.6491 -20.7905 -28.6463 -36.9962 -36.9962 -36.9962 -36.9962 -36.9962 -36.9962
-36.9962 -36.9962 -36.9962 -36.9962 -36.9962 -36.9962 -36.9962
  0.0000   0.8760   0.8760   0.8759   0.8758   0.8755   0.8746   0.8726   0.8673
  0.8542   0.8213   0.7396   0.5403   0.0850  -0.7019  -1.4716  -2.1786  -2.7369
 -3.2961  -3.8824  -4.5091  -5.2012  -5.9990  -6.9666  -8.2044  -9.8716 -12.2201
-15.6490 -20.7905 -28.6464 -36.9965 -36.9965 -36.9965 -36.9965 -36.9965 -36.9965
-36.9965 -36.9965 -36.9965 -36.9965 -36.9965 -36.9965 -36.9965
  0.0000   1.1879   1.1878   1.1874   1.1864   1.1840   1.1782   1.1644   1.1334
  1.0625   0.9051   0.6070   0.1558  -0.4290  -1.1628  -1.7199  -2.2803  -2.8571
 -3.4659  -4.1300  -4.8848  -5.7852  -6.9175  -8.4183 -10.5036 -13.5155 -17.9965
-24.8055 -35.3047 -36.9917 -36.9917 -36.9917 -36.9917 -36.9917 -36.9917 -36.9917
-36.9917 -36.9917 -36.9917 -36.9917 -36.9917 -36.9917 -36.9917
  0.0000   1.1487   1.1486   1.1483   1.1477   1.1459   1.1417   1.1314   1.1071
  1.0505   0.9188   0.6465   0.1983  -0.4023  -1.1593  -1.7241  -2.2857  -2.8615
 -3.4691  -4.1322  -4.8861  -5.7858  -6.9178  -8.4183 -10.5034 -13.5153 -17.9962
-24.8052 -35.3043 -36.9913 -36.9913 -36.9913 -36.9913 -36.9913 -36.9913 -36.9913
-36.9913 -36.9913 -36.9913 -36.9913 -36.9913 -36.9913 -36.9913
  0.0000   1.1338   1.1337   1.1335   1.1329   1.1314   1.1276   1.1183   1.0961
  1.0436   0.9211   0.6610   0.2162  -0.3904  -1.1227  -1.7225  -2.2851  -2.8614
 -3.4690  -4.1323  -4.8863  -5.7861  -6.9180  -8.4186 -10.5037 -13.5156 -17.9965
-24.8055 -35.3046 -36.9916 -36.9916 -36.9916 -36.9916 -36.9916 -36.9916 -36.9916
-36.9916 -36.9916 -36.9916 -36.9916 -36.9916 -36.9916 -36.9916
  0.0000   1.1262   1.1261   1.1259   1.1253   1.1239   1.1204   1.1118   1.0906
  1.0399   0.9217   0.6683   0.2260  -0.3831  -1.1170  -1.7174  -2.2809  -2.8583
 -3.4670  -4.1307  -4.8854  -5.7855  -6.9177  -8.4183 -10.5036 -13.5155 -17.9964
-24.8055 -35.3046 -36.9916 -36.9916 -36.9916 -36.9916 -36.9916 -36.9916 -36.9916
-36.9916 -36.9916 -36.9916 -36.9916 -36.9916 -36.9916 -36.9916
  0.0000   1.1172   1.1171   1.1169   1.1164   1.1151   1.1119   1.1040   1.0843
  1.0363   0.9233   0.6773   0.2355  -0.3780  -1.1113  -1.7105  -2.2742  -2.8530
 -3.4632  -4.1283  -4.8836  -5.7844  -6.9170  -8.4179 -10.5033 -13.5153 -17.9963
-24.8054 -35.3045 -36.9916 -36.9916 -36.9916 -36.9916 -36.9916 -36.9916 -36.9916
-36.9916 -36.9916 -36.9916 -36.9916 -36.9916 -36.9916 -36.9916
  0.0000   1.0979   1.0978   1.0976   1.0972   1.0961   1.0934   1.0865   1.0694
  1.0271   0.9256   0.6966   0.2594  -0.3682  -1.1064  -1.7042  -2.2661  -2.8457
 -3.4577  -4.1245  -4.8810  -5.7826  -6.9159  -8.4173 -10.5029 -13.5152 -17.9962
-24.8054 -35.3046 -36.9917 -36.9917 -36.9917 -36.9917 -36.9917 -36.9917 -36.9917
-36.9917 -36.9917 -36.9917 -36.9917 -36.9917 -36.9917 -36.9917
  0.0000   1.0593   1.0592   1.0591   1.0587   1.0579   1.0558   1.0504   1.0370
  1.0036   0.9216   0.7284   0.3210  -0.3324  -1.0961  -1.7012  -2.2588  -2.8377
 -3.4508  -4.1193  -4.8775  -5.7803  -6.9145  -8.4164 -10.5024 -13.5148 -17.9960
-24.8053 -35.3047 -36.9919 -36.9919 -36.9919 -36.9919 -36.9919 -36.9919 -36.9919
-36.9919 -36.9919 -36.9919 -36.9919 -36.9919 -36.9919 -36.9919
  0.0000   1.3055   1.3052   1.3044   1.3025   1.2981   1.2882   1.2670   1.2183
  1.1052   0.8797   0.4819  -0.1491  -0.7389  -1.2797  -1.8238  -2.4029  -3.0374
 -3.7560  -4.6035  -5.6512  -7.0145  -8.8781 -11.5353 -15.4514 -21.3640 -30.4409
-36.9850 -36.9850 -36.9850 -36.9850 -36.9850 -36.9850 -36.9850 -36.9850 -36.9850
-36.9850 -36.9850 -36.9850 -36.9850 -36.9850 -36.9850 -36.9850
  0.0000   1.2020   1.2019   1.2016   1.2007   1.1986   1.1935   1.1815   1.1529
  1.0850   0.9297   0.6079   0.0424  -0.6139  -1.2148  -1.7986  -2.4031  -3.0507
 -3.7734  -4.6193  -5.6634  -7.0227  -8.8830 -11.5379 -15.4525 -21.3639 -30.4402
-36.9831 -36.9831 -36.9831 -36.9831 -36.9831 -36.9831 -36.9831 -36.9831 -36.9831
-36.9831 -36.9831 -36.9831 -36.9831 -36.9831 -36.9831 -36.9831
  0.0000   1.1745   1.1744   1.1742   1.1735   1.1718   1.1677   1.1576   1.1335
  1.0761   0.9402   0.6404   0.0807  -0.6025  -1.2154  -1.8021  -2.4066  -3.0535
 -3.7751  -4.6206  -5.6640  -7.0230  -8.8831 -11.5378 -15.4524 -21.3637 -30.4399
-36.9828 -36.9828 -36.9828 -36.9828 -36.9828 -36.9828 -36.9828 -36.9828 -36.9828
-36.9828 -36.9828 -36.9828 -36.9828 -36.9828 -36.9828 -36.9828
  0.0000   1.1681   1.1680   1.1678   1.1671   1.1655   1.1616   1.1519   1.1286
  1.0728   0.9417   0.6494   0.0903  -0.5975  -1.2124  -1.8000  -2.4051  -3.0523
 -3.7744  -4.6200  -5.6636  -7.0227  -8.8828 -11.5376 -15.4521 -21.3635 -30.4397
-36.9826 -36.9826 -36.9826 -36.9826 -36.9826 -36.9826 -36.9826 -36.9826 -36.9826
-36.9826 -36.9826 -36.9826 -36.9826 -36.9826 -36.9826 -36.9826
  0.0000   1.1696   1.1695   1.1693   1.1686   1.1670   1.1631   1.1534   1.1297
  1.0729   0.9411   0.6483   0.0850  -0.5961  -1.2076  -1.7950  -2.4010  -3.0494
 -3.7724  -4.6186  -5.6627  -7.0221  -8.8825 -11.5374 -15.4520 -21.3634 -30.4397
-36.9826 -36.9826 -36.9826 -36.9826 -36.9826 -36.9826 -36.9826 -36.9826 -36.9826
-36.9826 -36.9826 -36.9826 -36.9826 -36.9826 -36.9826 -36.9826
  0.0000   1.1718   1.1717   1.1714   1.1708   1.1692   1.1654   1.1557   1.1319
  1.0747   0.9418   0.6460   0.0734  -0.5996  -1.2035  -1.7885  -2.3949  -3.0447
 -3.7691  -4.6162  -5.6611  -7.0212  -8.8819 -11.5370 -15.4517 -21.3632 -30.4396
-36.9826 -36.9826 -36.9826 -36.9826 -36.9826 -36.9826 -36.9826 -36.9826 -36.9826
-36.9826 -36.9826 -36.9826 -36.9826 -36.9826 -36.9826 -36.9826
  0.0000   1.1670   1.1669   1.1666   1.1661   1.1646   1.1610   1.1519   1.1294
  1.0745   0.9449   0.6518   0.0711  -0.6068  -1.2026  -1.7828  -2.3880  -3.0387
 -3.7648  -4.6133  -5.6590  -7.0198  -8.8810 -11.5364 -15.4514 -21.3630 -30.4394
-36.9827 -36.9827 -36.9827 -36.9827 -36.9827 -36.9827 -36.9827 -36.9827 -36.9827
-36.9827 -36.9827 -36.9827 -36.9827 -36.9827 -36.9827 -36.9827
 -1.0000   1.3455   1.3451   1.3442   1.3422   1.3379   1.3280   1.3052   1.2518
  1.1258   0.8457   0.3505  -0.2032  -0.7602  -1.3363  -1.9581  -2.6511  -3.4535
 -4.4265  -5.6692  -7.3402  -9.6914 -13.1220 -18.2647 -26.1214 -36.9726 -36.9726
-36.9726 -36.9726 -36.9726 -36.9726 -36.9726 -36.9726 -36.9726 -36.9726 -36.9726
-36.9726 -36.9726 -36.9726 -36.9726 -36.9726 -36.9726 -36.9726
  0.0000   1.3451   1.3448   1.3439   1.3420   1.3377   1.3278   1.3051   1.2517
  1.1259   0.8459   0.3508  -0.2031  -0.7602  -1.3362  -1.9581  -2.6511  -3.4535
 -4.4265  -5.6692  -7.3402  -9.6914 -13.1220 -18.2647 -26.1214 -36.9726 -36.9726
-36.9726 -36.9726 -36.9726 -36.9726 -36.9726 -36.9726 -36.9726 -36.9726 -36.9726
-36.9726 -36.9726 -36.9726 -36.9726 -36.9726 -36.9726 -36.9726
  0.0000   1.2594   1.2592   1.2586   1.2573   1.2544   1.2478   1.2330   1.1984
  1.1165   0.9230   0.5037  -0.0965  -0.7094  -1.3216  -1.9630  -2.6635  -3.4660
 -4.4359  -5.6753  -7.3433  -9.6923 -13.1215 -18.2632 -26.1192 -36.9693 -36.9693
-36.9693 -36.9693 -36.9693 -36.9693 -36.9693 -36.9693 -36.9693 -36.9693 -36.9693
-36.9693 -36.9693 -36.9693 -36.9693 -36.9693 -36.9693 -36.9693
  0.0000   1.2418   1.2416   1.2412   1.2401   1.2374   1.2314   1.2181   1.1870
  1.1132   0.9367   0.5315  -0.0835  -0.7073  -1.3233  -1.9653  -2.6653  -3.4671
 -4.4366  -5.6755  -7.3432  -9.6921 -13.1212 -18.2627 -26.1187 -36.9687 -36.9687
-36.9687 -36.9687 -36.9687 -36.9687 -36.9687 -36.9687 -36.9687 -36.9687 -36.9687
-36.9687 -36.9687 -36.9687 -36.9687 -36.9687 -36.9687 -36.9687
  0.0000   1.2473   1.2471   1.2467   1.2456   1.2431   1.2371   1.2231   1.1903
  1.1139   0.9326   0.5250  -0.0848  -0.7053  -1.3204  -1.9627  -2.6632  -3.4655
 -4.4354  -5.6746  -7.3425  -9.6915 -13.1206 -18.2623 -26.1183 -36.9683 -36.9683
-36.9683 -36.9683 -36.9683 -36.9683 -36.9683 -36.9683 -36.9683 -36.9683 -36.9683
-36.9683 -36.9683 -36.9683 -36.9683 -36.9683 -36.9683 -36.9683
  0.0000   1.2596   1.2595   1.2591   1.2580   1.2555   1.2493   1.2343   1.1989
  1.1162   0.9213   0.5022  -0.0950  -0.7055  -1.3172  -1.9591  -2.6604  -3.4638
 -4.4344  -5.6743  -7.3426  -9.6919 -13.1212 -18.2630 -26.1189 -36.9692 -36.9692
-36.9692 -36.9692 -36.9692 -36.9692 -36.9692 -36.9692 -36.9692 -36.9692 -36.9692
-36.9692 -36.9692 -36.9692 -36.9692 -36.9692 -36.9692 -36.9692
  0.0000   1.2716   1.2714   1.2710   1.2700   1.2674   1.2611   1.2457   1.2084
  1.1200   0.9114   0.4773  -0.1109  -0.7083  -1.3140  -1.9543  -2.6562  -3.4608
 -4.4326  -5.6729  -7.3420  -9.6917 -13.1213 -18.2632 -26.1194 -36.9698 -36.9698
-36.9698 -36.9698 -36.9698 -36.9698 -36.9698 -36.9698 -36.9698 -36.9698 -36.9698
-36.9698 -36.9698 -36.9698 -36.9698 -36.9698 -36.9698 -36.9698
 -2.0000   1.3989   1.3981   1.3964   1.3933   1.3868   1.3730   1.3422   1.2723
  1.1135   0.7896   0.3076  -0.2481  -0.8575  -1.5299  -2.2959  -3.2074  -4.3490
 -5.8566  -7.9466 -10.9617 -15.4446 -22.2549 -32.7548 -36.9433 -36.9433 -36.9433
-36.9433 -36.9433 -36.9433 -36.9433 -36.9433 -36.9433 -36.9433 -36.9433 -36.9433
-36.9433 -36.9433 -36.9433 -36.9433 -36.9433 -36.9433 -36.9433
 -1.0000   1.3988   1.3980   1.3964   1.3932   1.3868   1.3729   1.3421   1.2723
  1.1136   0.7897   0.3076  -0.2480  -0.8575  -1.5299  -2.2959  -3.2074  -4.3490
 -5.8566  -7.9466 -10.9617 -15.4446 -22.2549 -32.7548 -36.9433 -36.9433 -36.9433
-36.9433 -36.9433 -36.9433 -36.9433 -36.9433 -36.9433 -36.9433 -36.9433 -36.9433
-36.9433 -36.9433 -36.9433 -36.9433 -36.9433 -36.9433 -36.9433
  0.0000   1.3985   1.3978   1.3962   1.3931   1.3867   1.3728   1.3421   1.2722
  1.1136   0.7899   0.3078  -0.2480  -0.8574  -1.5299  -2.2959  -3.2074  -4.3490
 -5.8566  -7.9466 -10.9617 -15.4446 -22.2549 -32.7548 -36.9433 -36.9433 -36.9433
-36.9433 -36.9433 -36.9433 -36.9433 -36.9433 -36.9433 -36.9433 -36.9433 -36.9433
-36.9433 -36.9433 -36.9433 -36.9433 -36.9433 -36.9433 -36.9433
  0.0000   1.2971   1.2967   1.2958   1.2939   1.2905   1.2841   1.2707   1.2389
  1.1486   0.8964   0.4072  -0.1953  -0.8397  -1.5304  -2.3029  -3.2143  -4.3532
 -5.8581  -7.9459 -10.9593 -15.4411 -22.2507 -32.7501 -36.9378 -36.9378 -36.9378
-36.9378 -36.9378 -36.9378 -36.9378 -36.9378 -36.9378 -36.9378 -36.9378 -36.9378
-36.9378 -36.9378 -36.9378 -36.9378 -36.9378 -36.9378 -36.9378
  0.0000   1.2838   1.2835   1.2828   1.2813   1.2783   1.2729   1.2617   1.2346
  1.1527   0.9093   0.4176  -0.1915  -0.8391  -1.5308  -2.3031  -3.2142  -4.3528
 -5.8576  -7.9451 -10.9584 -15.4401 -22.2497 -32.7491 -36.9367 -36.9367 -36.9367
-36.9367 -36.9367 -36.9367 -36.9367 -36.9367 -36.9367 -36.9367 -36.9367 -36.9367
-36.9367 -36.9367 -36.9367 -36.9367 -36.9367 -36.9367 -36.9367
  0.0000   1.3007   1.3004   1.2998   1.2983   1.2950   1.2881   1.2736   1.2396
  1.1470   0.8941   0.4066  -0.1944  -0.8383  -1.5289  -2.3016  -3.2131  -4.3523
 -5.8573  -7.9451 -10.9586 -15.4404 -22.2501 -32.7495 -36.9372 -36.9372 -36.9372
-36.9372 -36.9372 -36.9372 -36.9372 -36.9372 -36.9372 -36.9372 -36.9372 -36.9372
-36.9372 -36.9372 -36.9372 -36.9372 -36.9372 -36.9372 -36.9372
  0.0000   1.3248   1.3246   1.3239   1.3224   1.3186   1.3101   1.2909   1.2470
  1.1383   0.8706   0.3877  -0.2012  -0.8383  -1.5267  -2.2992  -3.2117  -4.3516
 -5.8570  -7.9454 -10.9592 -15.4412 -22.2510 -32.7505 -36.9384 -36.9384 -36.9384
-36.9384 -36.9384 -36.9384 -36.9384 -36.9384 -36.9384 -36.9384 -36.9384 -36.9384
-36.9384 -36.9384 -36.9384 -36.9384 -36.9384 -36.9384 -36.9384
 -3.0000   1.3991   1.3977   1.3955   1.3919   1.3859   1.3752   1.3524   1.2927
  1.1333   0.7989   0.2725  -0.3697  -1.1080  -1.9728  -3.0329  -4.4043  -6.2729
 -8.9331 -12.8512 -18.7649 -27.8425 -36.8875 -36.8875 -36.8875 -36.8875 -36.8875
-36.8875 -36.8875 -36.8875 -36.8875 -36.8875 -36.8875 -36.8875 -36.8875 -36.8875
-36.8875 -36.8875 -36.8875 -36.8875 -36.8875 -36.8875 -36.8875
 -2.0000   1.3991   1.3977   1.3955   1.3919   1.3859   1.3752   1.3524   1.2927
  1.1333   0.7989   0.2725  -0.3697  -1.1080  -1.9728  -3.0329  -4.4043  -6.2729
 -8.9331 -12.8512 -18.7649 -27.8425 -36.8875 -36.8875 -36.8875 -36.8875 -36.8875
-36.8875 -36.8875 -36.8875 -36.8875 -36.8875 -36.8875 -36.8875 -36.8875 -36.8875
-36.8875 -36.8875 -36.8875 -36.8875 -36.8875 -36.8875 -36.8875
 -1.0000   1.3990   1.3977   1.3955   1.3919   1.3859   1.3752   1.3524   1.2927
  1.1333   0.7990   0.2726  -0.3697  -1.1080  -1.9728  -3.0329  -4.4043  -6.2729
 -8.9331 -12.8512 -18.7649 -27.8425 -36.8875 -36.8875 -36.8875 -36.8875 -36.8875
-36.8875 -36.8875 -36.8875 -36.8875 -36.8875 -36.8875 -36.8875 -36.8875 -36.8875
-36.8875 -36.8875 -36.8875 -36.8875 -36.8875 -36.8875 -36.8875
  0.0000   1.3989   1.3977   1.3955   1.3919   1.3859   1.3752   1.3523   1.2926
  1.1334   0.7991   0.2726  -0.3696  -1.1080  -1.9728  -3.0329  -4.4043  -6.2729
 -8.9331 -12.8512 -18.7649 -27.8425 -36.8875 -36.8875 -36.8875 -36.8875 -36.8875
-36.8875 -36.8875 -36.8875 -36.8875 -36.8875 -36.8875 -36.8875 -36.8875 -36.8875
-36.8875 -36.8875 -36.8875 -36.8875 -36.8875 -36.8875 -36.8875
  0.0000   1.3053   1.3045   1.3031   1.3011   1.2990   1.2978   1.2961   1.2776
  1.1800   0.8829   0.3326  -0.3436  -1.1014  -1.9735  -3.0343  -4.4040  -6.2704
 -8.9291 -12.8460 -18.7587 -27.8358 -36.8798 -36.8798 -36.8798 -36.8798 -36.8798
-36.8798 -36.8798 -36.8798 -36.8798 -36.8798 -36.8798 -36.8798 -36.8798 -36.8798
-36.8798 -36.8798 -36.8798 -36.8798 -36.8798 -36.8798 -36.8798
  0.0000   1.2942   1.2937   1.2927   1.2911   1.2896   1.2893   1.2899   1.2759
  1.1849   0.8912   0.3375  -0.3421  -1.1012  -1.9735  -3.0341  -4.4037  -6.2699
 -8.9286 -12.8453 -18.7580 -27.8350 -36.8790 -36.8790 -36.8790 -36.8790 -36.8790
-36.8790 -36.8790 -36.8790 -36.8790 -36.8790 -36.8790 -36.8790 -36.8790 -36.8790
-36.8790 -36.8790 -36.8790 -36.8790 -36.8790 -36.8790 -36.8790
  0.0000   1.3065   1.3061   1.3053   1.3039   1.3020   1.3005   1.2983   1.2786
  1.1789   0.8800   0.3307  -0.3441  -1.1012  -1.9730  -3.0339  -4.4038  -6.2702
 -8.9291 -12.8460 -18.7587 -27.8358 -36.8800 -36.8800 -36.8800 -36.8800 -36.8800
-36.8800 -36.8800 -36.8800 -36.8800 -36.8800 -36.8800 -36.8800 -36.8800 -36.8800
-36.8800 -36.8800 -36.8800 -36.8800 -36.8800 -36.8800 -36.8800
 -3.0000   1.7768   1.7723   1.7639   1.7471   1.7123   1.6384   1.4857   1.2217
  0.8085   0.2827  -0.3466  -1.1027  -2.0419  -3.2610  -4.9168  -7.2593 -10.6859
-15.8277 -23.6853 -35.8451 -36.8732 -36.8732 -36.8732 -36.8732 -36.8732 -36.8732
-36.8732 -36.8732 -36.8732 -36.8732 -36.8732 -36.8732 -36.8732 -36.8732 -36.8732
-36.8732 -36.8732 -36.8732 -36.8732 -36.8732 -36.8732 -36.8732
 -2.0000   1.7768   1.7723   1.7639   1.7471   1.7123   1.6384   1.4857   1.2217
  0.8085   0.2827  -0.3466  -1.1027  -2.0419  -3.2610  -4.9168  -7.2593 -10.6859
-15.8277 -23.6853 -35.8451 -36.8732 -36.8732 -36.8732 -36.8732 -36.8732 -36.8732
-36.8732 -36.8732 -36.8732 -36.8732 -36.8732 -36.8732 -36.8732 -36.8732 -36.8732
-36.8732 -36.8732 -36.8732 -36.8732 -36.8732 -36.8732 -36.8732
 -1.0000   1.7767   1.7722   1.7638   1.7471   1.7123   1.6384   1.4858   1.2218
  0.8086   0.2827  -0.3466  -1.1027  -2.0419  -3.2610  -4.9168  -7.2593 -10.6859
-15.8277 -23.6853 -35.8451 -36.8732 -36.8732 -36.8732 -36.8732 -36.8732 -36.8732
-36.8732 -36.8732 -36.8732 -36.8732 -36.8732 -36.8732 -36.8732 -36.8732 -36.8732
-36.8732 -36.8732 -36.8732 -36.8732 -36.8732 -36.8732 -36.8732
  0.0000   1.7766   1.7722   1.7638   1.7470   1.7122   1.6384   1.4858   1.2218
  0.8086   0.2828  -0.3466  -1.1027  -2.0419  -3.2610  -4.9168  -7.2593 -10.6859
-15.8277 -23.6853 -35.8451 -36.8732 -36.8732 -36.8732 -36.8732 -36.8732 -36.8732
-36.8732 -36.8732 -36.8732 -36.8732 -36.8732 -36.8732 -36.8732 -36.8732 -36.8732
-36.8732 -36.8732 -36.8732 -36.8732 -36.8732 -36.8732 -36.8732
  0.0000   1.4295   1.4270   1.4232   1.4177   1.4104   1.3990   1.3763   1.3307
  1.1593   0.7624   0.1259  -0.6877  -1.6841  -2.9470  -4.6323  -6.9930 -10.4295
-15.5757 -23.4346 -35.5945 -36.7892 -36.7892 -36.7892 -36.7892 -36.7892 -36.7892
-36.7892 -36.7892 -36.7892 -36.7892 -36.7892 -36.7892 -36.7892 -36.7892 -36.7892
-36.7892 -36.7892 -36.7892 -36.7892 -36.7892 -36.7892 -36.7892
  1.0000   1.4297   1.4274   1.4236   1.4182   1.4109   1.3994   1.3768   1.3311
  1.1597   0.7629   0.1264  -0.6873  -1.6836  -2.9466  -4.6319  -6.9926 -10.4291
-15.5753 -23.4342 -35.5941 -36.7888 -36.7888 -36.7888 -36.7888 -36.7888 -36.7888
-36.7888 -36.7888 -36.7888 -36.7888 -36.7888 -36.7888 -36.7888 -36.7888 -36.7888
-36.7888 -36.7888 -36.7888 -36.7888 -36.7888 -36.7888 -36.7888
  2.0000   1.4289   1.4269   1.4234   1.4180   1.4106   1.3990   1.3765   1.3306
  1.1595   0.7628   0.1263  -0.6875  -1.6839  -2.9468  -4.6321  -6.9928 -10.4293
-15.5756 -23.4344 -35.5944 -36.7891 -36.7891 -36.7891 -36.7891 -36.7891 -36.7891
-36.7891 -36.7891 -36.7891 -36.7891 -36.7891 -36.7891 -36.7891 -36.7891 -36.7891
-36.7891 -36.7891 -36.7891 -36.7891 -36.7891 -36.7891 -36.7891
 -4.0000   1.7937   1.7874   1.7771   1.7599   1.7288   1.6674   1.4878   1.2310
  0.7910   0.1574  -0.6766  -1.7670  -3.2375  -5.2993  -8.2928 -12.7597 -19.5597
-30.0550 -36.7679 -36.7679 -36.7679 -36.7679 -36.7679 -36.7679 -36.7679 -36.7679
-36.7679 -36.7679 -36.7679 -36.7679 -36.7679 -36.7679 -36.7679 -36.7679 -36.7679
-36.7679 -36.7679 -36.7679 -36.7679 -36.7679 -36.7679 -36.7679
 -3.0000   1.7937   1.7874   1.7771   1.7599   1.7288   1.6674   1.4878   1.2310
  0.7910   0.1574  -0.6766  -1.7670  -3.2375  -5.2993  -8.2928 -12.7597 -19.5597
-30.0550 -36.7679 -36.7679 -36.7679 -36.7679 -36.7679 -36.7679 -36.7679 -36.7679
-36.7679 -36.7679 -36.7679 -36.7679 -36.7679 -36.7679 -36.7679 -36.7679 -36.7679
-36.7679 -36.7679 -36.7679 -36.7679 -36.7679 -36.7679 -36.7679
 -2.0000   1.7937   1.7874   1.7771   1.7599   1.7288   1.6674   1.4878   1.2310
  0.7910   0.1574  -0.6766  -1.7670  -3.2375  -5.2993  -8.2928 -12.7597 -19.5597
-30.0550 -36.7679 -36.7679 -36.7679 -36.7679 -36.7679 -36.7679 -36.7679 -36.7679
-36.7679 -36.7679 -36.7679 -36.7679 -36.7679 -36.7679 -36.7679 -36.7679 -36.7679
-36.7679 -36.7679 -36.7679 -36.7679 -36.7679 -36.7679 -36.7679
 -1.0000   1.7937   1.7874   1.7771   1.7599   1.7288   1.6673   1.4879   1.2310
  0.7910   0.1574  -0.6766  -1.7670  -3.2375  -5.2993  -8.2928 -12.7597 -19.5597
-30.0550 -36.7679 -36.7679 -36.7679 -36.7679 -36.7679 -36.7679 -36.7679 -36.7679
-36.7679 -36.7679 -36.7679 -36.7679 -36.7679 -36.7679 -36.7679 -36.7679 -36.7679
-36.7679 -36.7679 -36.7679 -36.7679 -36.7679 -36.7679 -36.7679
  0.0000   1.7937   1.7874   1.7771   1.7598   1.7289   1.6673   1.4879   1.2310
  0.7911   0.1574  -0.6766  -1.7670  -3.2375  -5.2993  -8.2928 -12.7597 -19.5597
-30.0550 -36.7679 -36.7679 -36.7679 -36.7679 -36.7679 -36.7679 -36.7679 -36.7679
-36.7679 -36.7679 -36.7679 -36.7679 -36.7679 -36.7679 -36.7679 -36.7679 -36.7679
-36.7679 -36.7679 -36.7679 -36.7679 -36.7679 -36.7679 -36.7679
  1.0000   1.7939   1.7876   1.7773   1.7600   1.7291   1.6674   1.4882   1.2313
  0.7913   0.1577  -0.6763  -1.7668  -3.2373  -5.2991  -8.2926 -12.7595 -19.5595
-30.0548 -36.7677 -36.7677 -36.7677 -36.7677 -36.7677 -36.7677 -36.7677 -36.7677
-36.7677 -36.7677 -36.7677 -36.7677 -36.7677 -36.7677 -36.7677 -36.7677 -36.7677
-36.7677 -36.7677 -36.7677 -36.7677 -36.7677 -36.7677 -36.7677
  2.0000   1.7939   1.7876   1.7774   1.7599   1.7292   1.6672   1.4884   1.2314
  0.7915   0.1578  -0.6763  -1.7667  -3.2372  -5.2990  -8.2925 -12.7594 -19.5594
-30.0548 -36.7677 -36.7677 -36.7677 -36.7677 -36.7677 -36.7677 -36.7677 -36.7677
-36.7677 -36.7677 -36.7677 -36.7677 -36.7677 -36.7677 -36.7677 -36.7677 -36.7677
-36.7677 -36.7677 -36.7677 -36.7677 -36.7677 -36.7677 -36.7677
 -5.0000   1.7929   1.7828   1.7675   1.7423   1.7891   1.7078   1.5475   1.2267
  0.6412  -0.2738  -1.5745  -3.4032  -6.0370  -9.9369 -15.8392 -24.9122 -36.4877
-36.4877 -36.4877 -36.4877 -36.4877 -36.4877 -36.4877 -36.4877 -36.4877 -36.4877
-36.4877 -36.4877 -36.4877 -36.4877 -36.4877 -36.4877 -36.4877 -36.4877 -36.4877
-36.4877 -36.4877 -36.4877 -36.4877 -36.4877 -36.4877 -36.4877
 -4.0000   1.7929   1.7828   1.7675   1.7423   1.7891   1.7078   1.5475   1.2267
  0.6412  -0.2738  -1.5745  -3.4032  -6.0370  -9.9369 -15.8392 -24.9122 -36.4877
-36.4877 -36.4877 -36.4877 -36.4877 -36.4877 -36.4877 -36.4877 -36.4877 -36.4877
-36.4877 -36.4877 -36.4877 -36.4877 -36.4877 -36.4877 -36.4877 -36.4877 -36.4877
-36.4877 -36.4877 -36.4877 -36.4877 -36.4877 -36.4877 -36.4877
 -3.0000   1.7929   1.7828   1.7675   1.7424   1.7891   1.7078   1.5475   1.2267
  0.6412  -0.2738  -1.5745  -3.4032  -6.0370  -9.9369 -15.8392 -24.9122 -36.4877
-36.4877 -36.4877 -36.4877 -36.4877 -36.4877 -36.4877 -36.4877 -36.4877 -36.4877
-36.4877 -36.4877 -36.4877 -36.4877 -36.4877 -36.4877 -36.4877 -36.4877 -36.4877
-36.4877 -36.4877 -36.4877 -36.4877 -36.4877 -36.4877 -36.4877
 -2.0000   1.7929   1.7829   1.7674   1.7425   1.7890   1.7078   1.5475   1.2267
  0.6412  -0.2738  -1.5745  -3.4032  -6.0370  -9.9369 -15.8392 -24.9122 -36.4877
-36.4877 -36.4877 -36.4877 -36.4877 -36.4877 -36.4877 -36.4877 -36.4877 -36.4877
-36.4877 -36.4877 -36.4877 -36.4877 -36.4877 -36.4877 -36.4877 -36.4877 -36.4877
-36.4877 -36.4877 -36.4877 -36.4877 -36.4877 -36.4877 -36.4877
 -1.0000   1.7929   1.7829   1.7673   1.7426   1.7889   1.7078   1.5475   1.2267
  0.6412  -0.2738  -1.5745  -3.4032  -6.0370  -9.9369 -15.8392 -24.9122 -36.4877
-36.4877 -36.4877 -36.4877 -36.4877 -36.4877 -36.4877 -36.4877 -36.4877 -36.4877
-36.4877 -36.4877 -36.4877 -36.4877 -36.4877 -36.4877 -36.4877 -36.4877 -36.4877
-36.4877 -36.4877 -36.4877 -36.4877 -36.4877 -36.4877 -36.4877
  0.0000   1.7928   1.7830   1.7672   1.7429   1.7888   1.7078   1.5475   1.2267
  0.6412  -0.2738  -1.5745  -3.4032  -6.0370  -9.9369 -15.8392 -24.9122 -36.4877
-36.4877 -36.4877 -36.4877 -36.4877 -36.4877 -36.4877 -36.4877 -36.4877 -36.4877
-36.4877 -36.4877 -36.4877 -36.4877 -36.4877 -36.4877 -36.4877 -36.4877 -36.4877
-36.4877 -36.4877 -36.4877 -36.4877 -36.4877 -36.4877 -36.4877
  1.0000   1.7929   1.7833   1.7670   1.7435   1.7885   1.7080   1.5476   1.2269
  0.6414  -0.2736  -1.5743  -3.4030  -6.0368  -9.9367 -15.8390 -24.9120 -36.4876
-36.4876 -36.4876 -36.4876 -36.4876 -36.4876 -36.4876 -36.4876 -36.4876 -36.4876
-36.4876 -36.4876 -36.4876 -36.4876 -36.4876 -36.4876 -36.4876 -36.4876 -36.4876
-36.4876 -36.4876 -36.4876 -36.4876 -36.4876 -36.4876 -36.4876
nl= 1 nu=11
  0.0000  -0.7777  -0.7777  -0.7777  -0.7777  -0.7777  -0.7778  -0.7778  -0.7778
 -0.7778  -0.7778  -0.7779  -0.7781  -0.7787  -0.7801  -0.7837  -0.7927  -0.8153
 -0.8722  -1.0150  -1.3735  -2.2730  -4.4390  -5.7375  -6.2735  -6.8055  -7.3565
 -8.1189  -8.6416  -9.1730  -9.7220 -10.2990 -10.9206 -11.6131 -12.4181 -13.4014
-14.6674 -16.3814 -18.8053 -22.3546 -27.6873 -35.8466
  0.0000  -0.9298  -0.9298  -0.9298  -0.9298  -0.9298  -0.9298  -0.9298  -0.9298
 -0.9298  -0.9298  -0.9299  -0.9300  -0.9303  -0.9310  -0.9328  -0.9373  -0.9486
 -0.9770  -1.0485  -1.2279  -1.6786  -2.8090  -5.3614  -6.2520  -6.7970  -7.3530
 -8.1160  -8.6416  -9.1737  -9.7230 -10.3002 -10.9221 -11.6147 -12.4197 -13.4031
-14.6691 -16.3830 -18.8070 -22.3562 -27.6890 -35.8483
  0.0000  -1.0802  -1.0802  -1.0802  -1.0802  -1.0802  -1.0802  -1.0802  -1.0802
 -1.0802  -1.0802  -1.0802  -1.0803  -1.0804  -1.0808  -1.0817  -1.0839  -1.0896
 -1.1038  -1.1396  -1.2293  -1.4548  -2.0211  -3.4410  -6.1375  -6.7768  -7.3436
 -8.1075  -8.6386  -9.1718  -9.7220 -10.2996 -10.9216 -11.6144 -12.4196 -13.4030
-14.6690 -16.3830 -18.8070 -22.3562 -27.6890 -35.8483
  0.0000  -1.2318  -1.2318  -1.2318  -1.2318  -1.2318  -1.2318  -1.2318  -1.2318
 -1.2318  -1.2318  -1.2318  -1.2319  -1.2319  -1.2321  -1.2326  -1.2337  -1.2365
 -1.2436  -1.2615  -1.3064  -1.4192  -1.7024  -2.4138  -4.1960  -6.7311  -7.3267
 -8.0935  -8.6348  -9.1697  -9.7214 -10.2997 -10.9222 -11.6151 -12.4205 -13.4040
-14.6701 -16.3841 -18.8081 -22.3574 -27.6902 -35.8495
  0.0000  -1.3814  -1.3814  -1.3814  -1.3814  -1.3814  -1.3814  -1.3814  -1.3814
 -1.3814  -1.3814  -1.3814  -1.3814  -1.3815  -1.3815  -1.3818  -1.3823  -1.3837
 -1.3873  -1.3962  -1.4187  -1.4751  -1.6167  -1.9725  -2.8662  -5.0989  -7.2909
 -8.0637  -8.6253  -9.1632  -9.7172 -10.2968 -10.9200 -11.6136 -12.4191 -13.4029
-14.6690 -16.3831 -18.8072 -22.3565 -27.6892 -35.8486
  0.0000  -1.5321  -1.5321  -1.5321  -1.5321  -1.5321  -1.5321  -1.5321  -1.5321
 -1.5321  -1.5321  -1.5321  -1.5321  -1.5321  -1.5322  -1.5323  -1.5326  -1.5333
 -1.5351  -1.5395  -1.5507  -1.5789  -1.6498  -1.8277  -2.2746  -3.3970  -6.1757
 -8.0100  -8.6107  -9.1541  -9.7119 -10.2936 -10.9182 -11.6124 -12.4186 -13.4025
-14.6688 -16.3831 -18.8072 -22.3566 -27.6894 -35.8488
  0.0000  -1.6831  -1.6831  -1.6831  -1.6831  -1.6831  -1.6831  -1.6831  -1.6831
 -1.6831  -1.6831  -1.6831  -1.6831  -1.6831  -1.6831  -1.6832  -1.6833  -1.6837
 -1.6846  -1.6868  -1.6924  -1.7065  -1.7419  -1.8309  -2.0543  -2.6156  -4.0254
 -7.4046  -8.5864  -9.1393  -9.7036 -10.2887 -10.9152 -11.6109 -12.4177 -13.4021
-14.6689 -16.3832 -18.8074 -22.3569 -27.6897 -35.8491
  0.0000  -0.4477  -0.4477  -0.4477  -0.4477  -0.4477  -0.4477  -0.4477  -0.4477
 -0.4478  -0.4480  -0.4484  -0.4494  -0.4520  -0.4587  -0.4752  -0.5169  -0.6216
 -0.8843  -1.5428  -3.1509  -4.7130  -5.2659  -5.7994  -6.3410  -6.9840  -7.6349
 -8.1629  -8.7051  -9.2714  -9.8758 -10.5410 -11.3027 -12.2173 -13.3742 -14.9155
-17.0656 -20.1810 -24.8260 -31.8954 -36.9999 -36.9999
  0.0000  -0.5976  -0.5976  -0.5976  -0.5976  -0.5976  -0.5976  -0.5976  -0.5976
 -0.5976  -0.5977  -0.5979  -0.5984  -0.5998  -0.6031  -0.6114  -0.6323  -0.6847
 -0.8164  -1.1472  -1.9762  -3.9592  -5.2333  -5.7857  -6.3345  -6.9794  -7.6321
 -8.1614  -8.7043  -9.2708  -9.8755 -10.5408 -11.3026 -12.2172 -13.3742 -14.9154
-17.0656 -20.1810 -24.8260 -31.8954 -36.9999 -36.9999
  0.0000  -0.7476  -0.7476  -0.7476  -0.7476  -0.7476  -0.7476  -0.7476  -0.7476
 -0.7476  -0.7477  -0.7478  -0.7480  -0.7487  -0.7504  -0.7545  -0.7650  -0.7912
 -0.8572  -1.0228  -1.4388  -2.4813  -4.8318  -5.7583  -6.3222  -6.9712  -7.6273
 -8.1591  -8.7027  -9.2699  -9.8748 -10.5404 -11.3023 -12.2170 -13.3740 -14.9153
-17.0655 -20.1809 -24.8259 -31.8953 -36.9998 -36.9998
  0.0000  -0.8981  -0.8981  -0.8981  -0.8981  -0.8981  -0.8981  -0.8981  -0.8981
 -0.8981  -0.8981  -0.8982  -0.8983  -0.8987  -0.8995  -0.9016  -0.9068  -0.9199
 -0.9529  -1.0358  -1.2441  -1.7669  -3.0769  -5.6197  -6.2992  -6.9565  -7.6192
 -8.1551  -8.7005  -9.2686  -9.8741 -10.5400 -11.3021 -12.2169 -13.3741 -14.9154
-17.0656 -20.1810 -24.8261 -31.8955 -37.0000 -37.0000
  0.0000  -1.0492  -1.0492  -1.0492  -1.0492  -1.0492  -1.0492  -1.0492  -1.0492
 -1.0492  -1.0492  -1.0492  -1.0493  -1.0495  -1.0499  -1.0509  -1.0535  -1.0601
 -1.0766  -1.1181  -1.2222  -1.4839  -2.1409  -3.7854  -6.2435  -6.9295  -7.6055
 -8.1492  -8.6970  -9.2667  -9.8733 -10.5397 -11.3022 -12.2172 -13.3746 -14.9159
-17.0662 -20.1817 -24.8267 -31.8962 -37.0007 -37.0007
  0.0000  -1.1989  -1.1989  -1.1989  -1.1989  -1.1989  -1.1989  -1.1989  -1.1989
 -1.1989  -1.1989  -1.1990  -1.1990  -1.1991  -1.1993  -1.1998  -1.2011  -1.2044
 -1.2126  -1.2334  -1.2855  -1.4163  -1.7450  -2.5704  -4.6314  -6.8771  -7.5794
 -8.1373  -8.6893  -9.2617  -9.8699 -10.5374 -11.3004 -12.2159 -13.3734 -14.9150
-17.0654 -20.1809 -24.8260 -31.8955 -37.0000 -37.0000
  0.0000  -1.3502  -1.3502  -1.3502  -1.3502  -1.3502  -1.3502  -1.3502  -1.3502
 -1.3502  -1.3502  -1.3502  -1.3502  -1.3503  -1.3504  -1.3506  -1.3513  -1.3529
 -1.3571  -1.3674  -1.3935  -1.4589  -1.6233  -2.0361  -3.0730  -5.6450  -7.5357
 -8.1204  -8.6791  -9.2559  -9.8664 -10.5355 -11.2996 -12.2156 -13.3736 -14.9153
-17.0658 -20.1814 -24.8266 -31.8961 -37.0008 -37.0008
  0.0000  -0.1181  -0.1181  -0.1181  -0.1181  -0.1181  -0.1181  -0.1182  -0.1183
 -0.1186  -0.1194  -0.1213  -0.1261  -0.1382  -0.1685  -0.2447  -0.4357  -0.9137
 -2.0804  -3.6625  -4.2525  -4.7928  -5.3367  -5.9427  -6.6271  -7.1523  -7.6890
 -8.2461  -8.8359  -9.4777 -10.2022 -11.0579 -12.1214 -13.5144 -15.4298 -18.1730
-22.2281 -28.3627 -37.0004 -37.0004 -37.0004 -37.0004
  0.0000  -0.2661  -0.2661  -0.2661  -0.2661  -0.2661  -0.2661  -0.2661  -0.2662
 -0.2663  -0.2667  -0.2677  -0.2701  -0.2762  -0.2915  -0.3298  -0.4261  -0.6677
 -1.2723  -2.7359  -4.2037  -4.7736  -5.3275  -5.9367  -6.6226  -7.1499  -7.6873
 -8.2449  -8.8349  -9.4769 -10.2015 -11.0572 -12.1207 -13.5138 -15.4292 -18.1723
-22.2275 -28.3621 -36.9998 -36.9998 -36.9998 -36.9998
  0.0000  -0.4170  -0.4170  -0.4170  -0.4170  -0.4170  -0.4171  -0.4171  -0.4171
 -0.4172  -0.4174  -0.4178  -0.4191  -0.4221  -0.4298  -0.4490  -0.4974  -0.6187
 -0.9234  -1.6862  -3.4938  -4.7376  -5.3128  -5.9287  -6.6177  -7.1484  -7.6870
 -8.2454  -8.8358  -9.4780 -10.2028 -11.0586 -12.1222 -13.5153 -15.4307 -18.1739
-22.2291 -28.3637 -37.0014 -37.0014 -37.0014 -37.0014
  0.0000  -0.5647  -0.5647  -0.5647  -0.5647  -0.5647  -0.5647  -0.5647  -0.5647
 -0.5647  -0.5648  -0.5651  -0.5657  -0.5672  -0.5710  -0.5807  -0.6049  -0.6658
 -0.8186  -1.2022  -2.1626  -4.3180  -5.2791  -5.9090  -6.6041  -7.1411  -7.6816
 -8.2412  -8.8324  -9.4751 -10.2001 -11.0561 -12.1198 -13.5130 -15.4285 -18.1717
-22.2269 -28.3614 -36.9992 -36.9992 -36.9992 -36.9992
  0.0000  -0.7170  -0.7170  -0.7170  -0.7170  -0.7170  -0.7170  -0.7170  -0.7170
 -0.7170  -0.7171  -0.7172  -0.7175  -0.7182  -0.7202  -0.7250  -0.7371  -0.7676
 -0.8441  -1.0363  -1.5188  -2.7265  -5.1088  -5.8790  -6.5864  -7.1349  -7.6784
 -8.2400  -8.8326  -9.4760 -10.2015 -11.0577 -12.1217 -13.5150 -15.4305 -18.1738
-22.2290 -28.3636 -37.0014 -37.0014 -37.0014 -37.0014
  0.0000  -0.8659  -0.8659  -0.8659  -0.8659  -0.8659  -0.8659  -0.8659  -0.8659
 -0.8660  -0.8660  -0.8660  -0.8662  -0.8666  -0.8675  -0.8700  -0.8760  -0.8913
 -0.9295  -1.0257  -1.2673  -1.8739  -3.3908  -5.7990  -6.5503  -7.1200  -7.6684
 -8.2334  -8.8278  -9.4726 -10.1989 -11.0557 -12.1198 -13.5133 -15.4290 -18.1724
-22.2276 -28.3623 -37.0001 -37.0001 -37.0001 -37.0001
  0.0000  -1.0174  -1.0174  -1.0174  -1.0174  -1.0174  -1.0174  -1.0174  -1.0174
 -1.0174  -1.0174  -1.0175  -1.0175  -1.0177  -1.0182  -1.0194  -1.0225  -1.0301
 -1.0492  -1.0973  -1.2182  -1.5218  -2.2840  -4.1867  -6.4887  -7.1003  -7.6559
 -8.2261  -8.8237  -9.4703 -10.1978 -11.0554 -12.1201 -13.5139 -15.4297 -18.1732
-22.2285 -28.3632 -37.0012 -37.0012 -37.0012 -37.0012
  0.0000   0.2051   0.2051   0.2051   0.2051   0.2051   0.2050   0.2048   0.2042
  0.2029   0.1994   0.1908   0.1692   0.1150  -0.0209  -0.3597  -1.1801  -2.5561
 -3.2321  -3.7707  -4.3046  -4.8566  -5.6187  -6.1425  -6.6747  -7.2241  -7.8015
 -8.4232  -9.1159  -9.9210 -10.9044 -12.1704 -13.8843 -16.3083 -19.8576 -25.1903
-33.3497 -37.0007 -37.0007 -37.0007 -37.0007 -37.0007
  0.0000   0.0614   0.0614   0.0614   0.0614   0.0614   0.0613   0.0612   0.0609
  0.0602   0.0585   0.0541   0.0431   0.0154  -0.0540  -0.2281  -0.6625  -1.7109
 -3.1449  -3.7460  -4.2925  -4.8498  -5.6121  -6.1391  -6.6722  -7.2222  -7.7998
 -8.4219  -9.1147  -9.9198 -10.9033 -12.1693 -13.8833 -16.3073 -19.8566 -25.1893
-33.3487 -36.9997 -36.9997 -36.9997 -36.9997 -36.9997
  0.0000  -0.0852  -0.0852  -0.0852  -0.0852  -0.0852  -0.0852  -0.0853  -0.0854
 -0.0858  -0.0866  -0.0889  -0.0944  -0.1084  -0.1436  -0.2318  -0.4531  -1.0059
 -2.3278  -3.6922  -4.2714  -4.8391  -5.6023  -6.1349  -6.6694  -7.2204  -7.7987
 -8.4210  -9.1140  -9.9193 -10.9028 -12.1689 -13.8829 -16.3070 -19.8562 -25.1890
-33.3484 -36.9994 -36.9994 -36.9994 -36.9994 -36.9994
  0.0000  -0.2337  -0.2337  -0.2337  -0.2337  -0.2337  -0.2337  -0.2337  -0.2338
 -0.2340  -0.2344  -0.2355  -0.2383  -0.2454  -0.2631  -0.3075  -0.4192  -0.6992
 -1.3989  -3.0363  -4.2298  -4.8204  -5.5854  -6.1286  -6.6651  -7.2178  -7.7970
 -8.4200  -9.1133  -9.9190 -10.9026 -12.1688 -13.8828 -16.3069 -19.8562 -25.1890
-33.3484 -36.9994 -36.9994 -36.9994 -36.9994 -36.9994
  0.0000  -0.3830  -0.3830  -0.3830  -0.3830  -0.3830  -0.3830  -0.3830  -0.3831
 -0.3832  -0.3834  -0.3840  -0.3854  -0.3889  -0.3978  -0.4201  -0.4762  -0.6170
 -0.9703  -1.8532  -3.8150  -4.7863  -5.5558  -6.1185  -6.6584  -7.2137  -7.7944
 -8.4184  -9.1125  -9.9183 -10.9023 -12.1686 -13.8828 -16.3069 -19.8562 -25.1890
-33.3485 -36.9995 -36.9995 -36.9995 -36.9995 -36.9995
  0.0000  -0.5332  -0.5332  -0.5332  -0.5332  -0.5332  -0.5332  -0.5332  -0.5332
 -0.5333  -0.5334  -0.5337  -0.5344  -0.5361  -0.5406  -0.5518  -0.5799  -0.6505
 -0.8277  -1.2727  -2.3844  -4.5925  -5.5037  -6.1031  -6.6478  -7.2075  -7.7905
 -8.4161  -9.1111  -9.9177 -10.9020 -12.1685 -13.8829 -16.3071 -19.8565 -25.1894
-33.3488 -36.9999 -36.9999 -36.9999 -36.9999 -36.9999
  0.0000  -0.6832  -0.6832  -0.6832  -0.6832  -0.6832  -0.6832  -0.6832  -0.6832
 -0.6832  -0.6833  -0.6834  -0.6838  -0.6846  -0.6869  -0.6925  -0.7065  -0.7419
 -0.8307  -1.0536  -1.6134  -3.0110  -5.3779  -6.0796  -6.6315  -7.1971  -7.7838
 -8.4117  -9.1082  -9.9158 -10.9007 -12.1678 -13.8823 -16.3067 -19.8562 -25.1891
-33.3487 -36.9998 -36.9998 -36.9998 -36.9998 -36.9998
  0.0000   0.5113   0.5113   0.5113   0.5112   0.5111   0.5107   0.5098   0.5075
  0.5017   0.4872   0.4509   0.3600   0.1347  -0.4039  -1.4207  -2.1963  -2.7547
 -3.2919  -3.8358  -4.4796  -5.1313  -5.6606  -6.2036  -6.7704  -7.3752  -8.0406
 -8.8024  -9.7170 -10.8740 -12.4153 -14.5655 -17.6808 -22.3258 -29.3953 -36.9998
-36.9998 -36.9998 -36.9998 -36.9998 -36.9998 -36.9998
  0.0000   0.3771   0.3771   0.3771   0.3771   0.3770   0.3768   0.3763   0.3751
  0.3721   0.3644   0.3452   0.2970   0.1763  -0.1231  -0.8379  -2.0341  -2.7225
 -3.2777  -3.8287  -4.4745  -5.1277  -5.6586  -6.2025  -6.7697  -7.3748  -8.0404
 -8.8023  -9.7170 -10.8741 -12.4153 -14.5656 -17.6809 -22.3259 -29.3953 -36.9999
-36.9999 -36.9999 -36.9999 -36.9999 -36.9999 -36.9999
  0.0000   0.2372   0.2372   0.2372   0.2372   0.2371   0.2370   0.2368   0.2361
  0.2346   0.2306   0.2207   0.1957   0.1330  -0.0239  -0.4140  -1.3416  -2.6270
 -3.2504  -3.8156  -4.4651  -5.1218  -5.6551  -6.2002  -6.7682  -7.3738  -8.0397
 -8.8018  -9.7166 -10.8738 -12.4151 -14.5653 -17.6807 -22.3257 -29.3951 -36.9997
-36.9997 -36.9997 -36.9997 -36.9997 -36.9997 -36.9997
  0.0000   0.0933   0.0933   0.0933   0.0933   0.0933   0.0933   0.0931   0.0928
  0.0920   0.0900   0.0849   0.0722   0.0401  -0.0403  -0.2417  -0.7430  -1.9237
 -3.1892  -3.7921  -4.4489  -5.1118  -5.6498  -6.1965  -6.7658  -7.3721  -8.0385
 -8.8010  -9.7160 -10.8733 -12.4146 -14.5649 -17.6803 -22.3254 -29.3948 -36.9994
-36.9994 -36.9994 -36.9994 -36.9994 -36.9994 -36.9994
  0.0000  -0.0565  -0.0565  -0.0565  -0.0565  -0.0565  -0.0565  -0.0566  -0.0568
 -0.0572  -0.0582  -0.0608  -0.0672  -0.0834  -0.1242  -0.2264  -0.4828  -1.1216
 -2.5939  -3.7503  -4.4246  -5.0991  -5.6447  -6.1946  -6.7655  -7.3733  -8.0404
 -8.8033  -9.7187 -10.8762 -12.4177 -14.5681 -17.6835 -22.3286 -29.3981 -37.0027
-37.0027 -37.0027 -37.0027 -37.0027 -37.0027 -37.0027
  0.0000  -0.1985  -0.1985  -0.1985  -0.1985  -0.1985  -0.1985  -0.1986  -0.1986
 -0.1989  -0.1994  -0.2007  -0.2039  -0.2121  -0.2326  -0.2842  -0.4136  -0.7382
 -1.5474  -3.3298  -4.3699  -5.0677  -5.6259  -6.1797  -6.7540  -7.3633  -8.0319
 -8.7956  -9.7115 -10.8693 -12.4111 -14.5616 -17.6771 -22.3222 -29.3917 -36.9964
-36.9964 -36.9964 -36.9964 -36.9964 -36.9964 -36.9964
  0.0000  -0.3504  -0.3504  -0.3504  -0.3504  -0.3504  -0.3504  -0.3504  -0.3505
 -0.3506  -0.3508  -0.3515  -0.3531  -0.3572  -0.3675  -0.3934  -0.4584  -0.6217
 -1.0314  -2.0530  -4.1246  -5.0301  -5.6111  -6.1701  -6.7485  -7.3608  -8.0310
 -8.7961  -9.7128 -10.8711 -12.4131 -14.5638 -17.6795 -22.3247 -29.3942 -36.9991
-36.9991 -36.9991 -36.9991 -36.9991 -36.9991 -36.9991
  0.0000   0.7712   0.7712   0.7711   0.7709   0.7703   0.7690   0.7657   0.7574
  0.7365   0.6845   0.5564   0.2526  -0.3686  -1.1256  -1.7229  -2.2749  -2.8249
 -3.4339  -4.1195  -4.6471  -5.1853  -5.7434  -6.3338  -6.9760  -7.7007  -8.5565
 -9.6201 -11.0133 -12.9287 -15.6719 -19.7271 -25.8616 -35.2918 -36.9993 -36.9993
-36.9993 -36.9993 -36.9993 -36.9993 -36.9993 -36.9993
  0.0000   0.6622   0.6622   0.6621   0.6620   0.6617   0.6609   0.6590   0.6542
  0.6422   0.6121   0.5369   0.3515  -0.0860  -0.9169  -1.6769  -2.2566  -2.8158
 -3.4279  -4.1149  -4.6445  -5.1838  -5.7425  -6.3331  -6.9756  -7.7005  -8.5564
 -9.6200 -11.0132 -12.9286 -15.6718 -19.7270 -25.8616 -35.2918 -36.9993 -36.9993
-36.9993 -36.9993 -36.9993 -36.9993 -36.9993 -36.9993
  0.0000   0.5400   0.5400   0.5400   0.5399   0.5397   0.5393   0.5383   0.5356
  0.5290   0.5124   0.4708   0.3669   0.1104  -0.4926  -1.5135  -2.2203  -2.7994
 -3.4173  -4.1070  -4.6404  -5.1809  -5.7407  -6.3320  -6.9748  -7.7000  -8.5560
 -9.6198 -11.0130 -12.9284 -15.6717 -19.7269 -25.8615 -35.2917 -36.9992 -36.9992
-36.9992 -36.9992 -36.9992 -36.9992 -36.9992 -36.9992
  0.0000   0.4062   0.4062   0.4062   0.4062   0.4061   0.4058   0.4053   0.4039
  0.4004   0.3916   0.3694   0.3139   0.1750  -0.1683  -0.9707  -2.1156  -2.7711
 -3.4011  -4.0958  -4.6355  -5.1782  -5.7394  -6.3318  -6.9753  -7.7007  -8.5571
 -9.6210 -11.0143 -12.9298 -15.6731 -19.7284 -25.8630 -35.2932 -37.0007 -37.0007
-37.0007 -37.0007 -37.0007 -37.0007 -37.0007 -37.0007
  0.0000   0.2688   0.2688   0.2688   0.2687   0.2687   0.2686   0.2683   0.2676
  0.2657   0.2612   0.2497   0.2208   0.1484  -0.0329  -0.4819  -1.5211  -2.7010
 -3.3691  -4.0736  -4.6238  -5.1697  -5.7333  -6.3272  -6.9717  -7.6979  -8.5546
 -9.6189 -11.0123 -12.9280 -15.6713 -19.7266 -25.8612 -35.2915 -36.9990 -36.9990
-36.9990 -36.9990 -36.9990 -36.9990 -36.9990 -36.9990
  0.0000   0.1250   0.1250   0.1250   0.1250   0.1249   0.1249   0.1247   0.1244
  0.1234   0.1211   0.1152   0.1004   0.0633  -0.0298  -0.2628  -0.8413  -2.1553
 -3.3127  -4.0416  -4.6099  -5.1596  -5.7267  -6.3229  -6.9689  -7.6962  -8.5536
 -9.6182 -11.0120 -12.9279 -15.6713 -19.7267 -25.8614 -35.2916 -36.9992 -36.9992
-36.9992 -36.9992 -36.9992 -36.9992 -36.9992 -36.9992
  0.0000  -0.0206  -0.0206  -0.0206  -0.0206  -0.0207  -0.0207  -0.0208  -0.0210
 -0.0214  -0.0226  -0.0256  -0.0331  -0.0519  -0.0991  -0.2176  -0.5146  -1.2528
 -2.8759  -3.9861  -4.5906  -5.1447  -5.7161  -6.3155  -6.9638  -7.6925  -8.5510
 -9.6163 -11.0105 -12.9265 -15.6701 -19.7256 -25.8603 -35.2907 -36.9984 -36.9984
-36.9984 -36.9984 -36.9984 -36.9984 -36.9984 -36.9984
  0.0000   0.9459   0.9459   0.9456   0.9451   0.9437   0.9403   0.9317   0.9103
  0.8574   0.7304   0.4480  -0.0561  -0.6556  -1.2235  -1.7749  -2.3376  -3.1030
 -3.6321  -4.1673  -4.7189  -5.2974  -5.9200  -6.6131  -7.4185  -8.4020  -9.6682
-11.3822 -13.8062 -17.3555 -22.6882 -30.8476 -36.9987 -36.9987 -36.9987 -36.9987
-36.9987 -36.9987 -36.9987 -36.9987 -36.9987 -36.9987
  0.0000   0.8787   0.8787   0.8785   0.8782   0.8772   0.8749   0.8690   0.8544
  0.8178   0.7280   0.5151   0.0671  -0.5890  -1.1985  -1.7637  -2.3316  -3.0970
 -3.6292  -4.1654  -4.7177  -5.2966  -5.9195  -6.6128  -7.4183  -8.4019  -9.6681
-11.3821 -13.8062 -17.3555 -22.6882 -30.8476 -36.9987 -36.9987 -36.9987 -36.9987
-36.9987 -36.9987 -36.9987 -36.9987 -36.9987 -36.9987
  0.0000   0.7930   0.7930   0.7929   0.7927   0.7921   0.7906   0.7869   0.7777
  0.7545   0.6967   0.5549   0.2228  -0.4249  -1.1498  -1.7442  -2.3213  -3.0866
 -3.6243  -4.1622  -4.7154  -5.2953  -5.9186  -6.6123  -7.4180  -8.4017  -9.6679
-11.3821 -13.8061 -17.3554 -22.6882 -30.8476 -36.9987 -36.9987 -36.9987 -36.9987
-36.9987 -36.9987 -36.9987 -36.9987 -36.9987 -36.9987
  0.0000   0.6889   0.6889   0.6888   0.6887   0.6883   0.6875   0.6853   0.6799
  0.6662   0.6320   0.5468   0.3377  -0.1472  -0.9949  -1.7064  -2.3038  -3.0694
 -3.6167  -4.1567  -4.7119  -5.2929  -5.9172  -6.6113  -7.4174  -8.4013  -9.6677
-11.3819 -13.8060 -17.3554 -22.6882 -30.8476 -36.9987 -36.9987 -36.9987 -36.9987
-36.9987 -36.9987 -36.9987 -36.9987 -36.9987 -36.9987
  0.0000   0.5694   0.5693   0.5693   0.5692   0.5691   0.5686   0.5674   0.5643
  0.5568   0.5377   0.4900   0.3710   0.0786  -0.5934  -1.5944  -2.2736  -3.0416
 -3.6057  -4.1484  -4.7066  -5.2893  -5.9148  -6.6099  -7.4164  -8.4008  -9.6674
-11.3818 -13.8060 -17.3554 -22.6882 -30.8476 -36.9988 -36.9988 -36.9988 -36.9988
-36.9988 -36.9988 -36.9988 -36.9988 -36.9988 -36.9988
  0.0000   0.4380   0.4380   0.4379   0.4379   0.4378   0.4375   0.4369   0.4353
  0.4312   0.4211   0.3955   0.3315   0.1716  -0.2221  -1.1159  -2.2015  -2.9961
 -3.5920  -4.1372  -4.6989  -5.2844  -5.9117  -6.6080  -7.4156  -8.4005  -9.6674
-11.3821 -13.8064 -17.3559 -22.6888 -30.8483 -36.9995 -36.9995 -36.9995 -36.9995
-36.9995 -36.9995 -36.9995 -36.9995 -36.9995 -36.9995
  0.0000   0.3002   0.3002   0.3002   0.3001   0.3001   0.3000   0.2996   0.2988
  0.2967   0.2914   0.2781   0.2447   0.1609  -0.0484  -0.5650  -1.7193  -2.9085
 -3.5741  -4.1215  -4.6872  -5.2757  -5.9057  -6.6038  -7.4125  -8.3983  -9.6659
-11.3808 -13.8054 -17.3550 -22.6880 -30.8475 -36.9989 -36.9989 -36.9989 -36.9989
-36.9989 -36.9989 -36.9989 -36.9989 -36.9989 -36.9989
  0.0000   1.0264   1.0262   1.0259   1.0250   1.0228   1.0173   1.0036   0.9696
  0.8874   0.7020   0.3492  -0.1522  -0.7111  -1.2873  -1.9452  -2.6078  -3.1455
 -3.6934  -4.2632  -4.8697  -5.5362  -6.2987  -7.2137  -8.3710  -9.9124 -12.0627
-15.1782 -19.8232 -26.8927 -36.9972 -36.9972 -36.9972 -36.9972 -36.9972 -36.9972
-36.9972 -36.9972 -36.9972 -36.9972 -36.9972 -36.9972
  0.0000   0.9952   0.9951   0.9948   0.9941   0.9923   0.9878   0.9764   0.9482
  0.8793   0.7188   0.3901  -0.1188  -0.6946  -1.2789  -1.9397  -2.6050  -3.1438
 -3.6924  -4.2625  -4.8694  -5.5360  -6.2985  -7.2136  -8.3710  -9.9124 -12.0627
-15.1781 -19.8232 -26.8927 -36.9972 -36.9972 -36.9972 -36.9972 -36.9972 -36.9972
-36.9972 -36.9972 -36.9972 -36.9972 -36.9972 -36.9972
  0.0000   0.9553   0.9552   0.9550   0.9544   0.9530   0.9494   0.9405   0.9182
  0.8633   0.7318   0.4419  -0.0655  -0.6634  -1.2653  -1.9306  -2.5986  -3.1400
 -3.6898  -4.2606  -4.8682  -5.5353  -6.2981  -7.2134  -8.3708  -9.9123 -12.0626
-15.1781 -19.8232 -26.8927 -36.9972 -36.9972 -36.9972 -36.9972 -36.9972 -36.9972
-36.9972 -36.9972 -36.9972 -36.9972 -36.9972 -36.9972
  0.0000   0.8979   0.8978   0.8977   0.8973   0.8962   0.8937   0.8873   0.8713
  0.8315   0.7340   0.5049   0.0360  -0.6197  -1.2452  -1.9157  -2.5882  -3.1335
 -3.6852  -4.2575  -4.8659  -5.5337  -6.2970  -7.2126  -8.3702  -9.9118 -12.0622
-15.1777 -19.8229 -26.8923 -36.9969 -36.9969 -36.9969 -36.9969 -36.9969 -36.9969
-36.9969 -36.9969 -36.9969 -36.9969 -36.9969 -36.9969
  0.0000   0.8183   0.8182   0.8181   0.8179   0.8172   0.8156   0.8114   0.8010
  0.7750   0.7103   0.5523   0.1876  -0.4883  -1.2065  -1.8931  -2.5740  -3.1246
 -3.6786  -4.2533  -4.8632  -5.5320  -6.2960  -7.2121  -8.3701  -9.9119 -12.0624
-15.1780 -19.8232 -26.8927 -36.9973 -36.9973 -36.9973 -36.9973 -36.9973 -36.9973
-36.9973 -36.9973 -36.9973 -36.9973 -36.9973 -36.9973
  0.0000   0.7179   0.7179   0.7179   0.7177   0.7173   0.7163   0.7139   0.7076
  0.6921   0.6531   0.5562   0.3196  -0.2187  -1.0890  -1.8531  -2.5543  -3.1129
 -3.6692  -4.2465  -4.8586  -5.5290  -6.2941  -7.2110  -8.3693  -9.9115 -12.0623
-15.1780 -19.8232 -26.8927 -36.9975 -36.9975 -36.9975 -36.9975 -36.9975 -36.9975
-36.9975 -36.9975 -36.9975 -36.9975 -36.9975 -36.9975
  0.0000   0.6006   0.6006   0.6005   0.6005   0.6002   0.5997   0.5983   0.5948
  0.5861   0.5642   0.5094   0.3730   0.0392  -0.7111  -1.7525  -2.5241  -3.1000
 -3.6574  -4.2373  -4.8519  -5.5244  -6.2910  -7.2089  -8.3681  -9.9106 -12.0617
-15.1776 -19.8229 -26.8926 -36.9975 -36.9975 -36.9975 -36.9975 -36.9975 -36.9975
-36.9975 -36.9975 -36.9975 -36.9975 -36.9975 -36.9975
  0.0000   1.0641   1.0639   1.0635   1.0625   1.0599   1.0534   1.0370   0.9958
  0.8975   0.6878   0.3155  -0.1961  -0.8076  -1.5556  -2.1074  -2.6595  -3.2257
 -3.8209  -4.4662  -5.1927  -6.0496  -7.1139  -8.5074 -10.4231 -13.1665 -17.2217
-23.3564 -32.7865 -36.9942 -36.9942 -36.9942 -36.9942 -36.9942 -36.9942 -36.9942
-36.9942 -36.9942 -36.9942 -36.9942 -36.9942 -36.9942
  0.0000   1.0397   1.0396   1.0392   1.0383   1.0361   1.0305   1.0163   0.9810
  0.8956   0.7055   0.3457  -0.1729  -0.7958  -1.5536  -2.1081  -2.6604  -3.2265
 -3.8212  -4.4665  -5.1929  -6.0496  -7.1138  -8.5073 -10.4230 -13.1663 -17.2216
-23.3562 -32.7864 -36.9940 -36.9940 -36.9940 -36.9940 -36.9940 -36.9940 -36.9940
-36.9940 -36.9940 -36.9940 -36.9940 -36.9940 -36.9940
  0.0000   1.0244   1.0243   1.0239   1.0231   1.0210   1.0159   1.0029   0.9706
  0.8923   0.7145   0.3657  -0.1560  -0.7793  -1.5467  -2.1047  -2.6581  -3.2249
 -3.8204  -4.4658  -5.1925  -6.0495  -7.1138  -8.5073 -10.4230 -13.1663 -17.2216
-23.3563 -32.7864 -36.9941 -36.9941 -36.9941 -36.9941 -36.9941 -36.9941 -36.9941
-36.9941 -36.9941 -36.9941 -36.9941 -36.9941 -36.9941
  0.0000   1.0064   1.0063   1.0060   1.0052   1.0034   0.9987   0.9871   0.9582
  0.8878   0.7245   0.3901  -0.1356  -0.7734  -1.5353  -2.0980  -2.6527  -3.2212
 -3.8179  -4.4640  -5.1912  -6.0485  -7.1131  -8.5068 -10.4225 -13.1659 -17.2213
-23.3559 -32.7861 -36.9938 -36.9938 -36.9938 -36.9938 -36.9938 -36.9938 -36.9938
-36.9938 -36.9938 -36.9938 -36.9938 -36.9938 -36.9938
  0.0000   0.9756   0.9755   0.9752   0.9746   0.9731   0.9693   0.9597   0.9358
  0.8769   0.7365   0.4305  -0.0983  -0.7555  -1.5193  -2.0895  -2.6452  -3.2157
 -3.8141  -4.4615  -5.1896  -6.0475  -7.1126  -8.5065 -10.4224 -13.1660 -17.2214
-23.3560 -32.7863 -36.9940 -36.9940 -36.9940 -36.9940 -36.9940 -36.9940 -36.9940
-36.9940 -36.9940 -36.9940 -36.9940 -36.9940 -36.9940
  0.0000   0.9246   0.9245   0.9243   0.9239   0.9227   0.9199   0.9128   0.8951
  0.8510   0.7432   0.4919  -0.0117  -0.7160  -1.4955  -2.0803  -2.6353  -3.2077
 -3.8083  -4.4576  -5.1869  -6.0458  -7.1114  -8.5058 -10.4221 -13.1658 -17.2213
-23.3560 -32.7863 -36.9941 -36.9941 -36.9941 -36.9941 -36.9941 -36.9941 -36.9941
-36.9941 -36.9941 -36.9941 -36.9941 -36.9941 -36.9941
  0.0000   0.8492   0.8491   0.8490   0.8487   0.8480   0.8461   0.8414   0.8297
  0.8003   0.7272   0.5494   0.1429  -0.5970  -1.4488  -2.0720  -2.6248  -3.1981
 -3.8006  -4.4519  -5.1832  -6.0432  -7.1098  -8.5049 -10.4214 -13.1653 -17.2210
-23.3559 -32.7863 -36.9942 -36.9942 -36.9942 -36.9942 -36.9942 -36.9942 -36.9942
-36.9942 -36.9942 -36.9942 -36.9942 -36.9942 -36.9942
  0.0000   1.1254   1.1252   1.1246   1.1231   1.1195   1.1104   1.0879   1.0342
  0.9131   0.6663   0.2444  -0.3831  -1.0376  -1.5990  -2.1685  -2.7602  -3.3920
 -4.0913  -4.9007  -5.8869  -7.1547  -8.8698 -11.2944 -14.8441 -20.1772 -28.3367
-36.9880 -36.9880 -36.9880 -36.9880 -36.9880 -36.9880 -36.9880 -36.9880 -36.9880
-36.9880 -36.9880 -36.9880 -36.9880 -36.9880 -36.9880
  0.0000   1.0763   1.0761   1.0757   1.0746   1.0719   1.0653   1.0492   1.0100
  0.9163   0.7066   0.3048  -0.3295  -1.0094  -1.6042  -2.1775  -2.7686  -3.3984
 -4.0957  -4.9038  -5.8888  -7.1559  -8.8705 -11.2949 -14.8444 -20.1773 -28.3368
-36.9879 -36.9879 -36.9879 -36.9879 -36.9879 -36.9879 -36.9879 -36.9879 -36.9879
-36.9879 -36.9879 -36.9879 -36.9879 -36.9879 -36.9879
  0.0000   1.0610   1.0609   1.0605   1.0595   1.0571   1.0512   1.0366   1.0009
  0.9149   0.7187   0.3271  -0.3117  -1.0043  -1.6029  -2.1772  -2.7685  -3.3981
 -4.0956  -4.9034  -5.8885  -7.1555  -8.8700 -11.2944 -14.8439 -20.1768 -28.3363
-36.9874 -36.9874 -36.9874 -36.9874 -36.9874 -36.9874 -36.9874 -36.9874 -36.9874
-36.9874 -36.9874 -36.9874 -36.9874 -36.9874 -36.9874
  0.0000   1.0551   1.0550   1.0546   1.0537   1.0514   1.0457   1.0315   0.9966
  0.9129   0.7221   0.3365  -0.3044  -0.9984  -1.5985  -2.1741  -2.7663  -3.3968
 -4.0946  -4.9030  -5.8882  -7.1554  -8.8701 -11.2945 -14.8440 -20.1770 -28.3364
-36.9876 -36.9876 -36.9876 -36.9876 -36.9876 -36.9876 -36.9876 -36.9876 -36.9876
-36.9876 -36.9876 -36.9876 -36.9876 -36.9876 -36.9876
  0.0000   1.0508   1.0507   1.0504   1.0495   1.0473   1.0417   1.0280   0.9940
  0.9119   0.7249   0.3427  -0.3018  -0.9927  -1.5919  -2.1681  -2.7617  -3.3936
 -4.0925  -4.9015  -5.8874  -7.1549  -8.8698 -11.2943 -14.8440 -20.1770 -28.3365
-36.9877 -36.9877 -36.9877 -36.9877 -36.9877 -36.9877 -36.9877 -36.9877 -36.9877
-36.9877 -36.9877 -36.9877 -36.9877 -36.9877 -36.9877
  0.0000   1.0400   1.0399   1.0396   1.0388   1.0368   1.0317   1.0190   0.9874
  0.9107   0.7325   0.3572  -0.2938  -0.9886  -1.5846  -2.1602  -2.7550  -3.3887
 -4.0891  -4.8992  -5.8859  -7.1539  -8.8693 -11.2941 -14.8438 -20.1769 -28.3365
-36.9878 -36.9878 -36.9878 -36.9878 -36.9878 -36.9878 -36.9878 -36.9878 -36.9878
-36.9878 -36.9878 -36.9878 -36.9878 -36.9878 -36.9878
  0.0000   1.0135   1.0134   1.0131   1.0124   1.0107   1.0064   0.9957   0.9691
  0.9035   0.7466   0.3968  -0.2553  -0.9835  -1.5790  -2.1522  -2.7471  -3.3822
 -4.0846  -4.8962  -5.8837  -7.1528  -8.8685 -11.2936 -14.8436 -20.1768 -28.3364
-36.9880 -36.9880 -36.9880 -36.9880 -36.9880 -36.9880 -36.9880 -36.9880 -36.9880
-36.9880 -36.9880 -36.9880 -36.9880 -36.9880 -36.9880
  0.0000   1.3153   1.3148   1.3134   1.3101   1.3020   1.2819   1.2346   1.1263
  0.8929   0.4188  -0.2697  -0.8271  -1.3647  -1.9150  -2.5058  -3.1607  -3.9148
 -4.8235  -5.9752  -7.5103  -9.6521 -12.7561 -17.3864 -24.4381 -35.3305 -36.9851
-36.9851 -36.9851 -36.9851 -36.9851 -36.9851 -36.9851 -36.9851 -36.9851 -36.9851
-36.9851 -36.9851 -36.9851 -36.9851 -36.9851 -36.9851
  0.0000   1.1602   1.1599   1.1591   1.1573   1.1531   1.1434   1.1207   1.0661
  0.9366   0.6454   0.1108  -0.5027  -1.0991  -1.6945  -2.3187  -2.9970  -3.7670
 -4.6869  -5.8473  -7.3906  -9.5421 -12.6582 -17.3037 -24.3734 -35.2854 -36.9785
-36.9785 -36.9785 -36.9785 -36.9785 -36.9785 -36.9785 -36.9785 -36.9785 -36.9785
-36.9785 -36.9785 -36.9785 -36.9785 -36.9785 -36.9785
  0.0000   1.1248   1.1246   1.1240   1.1226   1.1193   1.1115   1.0933   1.0495
  0.9427   0.6882   0.1662  -0.4837  -1.0987  -1.6998  -2.3243  -3.0013  -3.7696
 -4.6885  -5.8479  -7.3905  -9.5416 -12.6575 -17.3028 -24.3724 -35.2843 -36.9773
-36.9773 -36.9773 -36.9773 -36.9773 -36.9773 -36.9773 -36.9773 -36.9773 -36.9773
-36.9773 -36.9773 -36.9773 -36.9773 -36.9773 -36.9773
  0.0000   1.1179   1.1177   1.1172   1.1160   1.1129   1.1054   1.0878   1.0453
  0.9425   0.6952   0.1766  -0.4794  -1.0974  -1.6994  -2.3243  -3.0013  -3.7698
 -4.6886  -5.8481  -7.3907  -9.5418 -12.6577 -17.3030 -24.3726 -35.2845 -36.9775
-36.9775 -36.9775 -36.9775 -36.9775 -36.9775 -36.9775 -36.9775 -36.9775 -36.9775
-36.9775 -36.9775 -36.9775 -36.9775 -36.9775 -36.9775
  0.0000   1.1223   1.1221   1.1216   1.1204   1.1173   1.1099   1.0917   1.0477
  0.9419   0.6894   0.1693  -0.4785  -1.0934  -1.6954  -2.3210  -2.9990  -3.7683
 -4.6875  -5.8475  -7.3904  -9.5416 -12.6576 -17.3030 -24.3726 -35.2846 -36.9776
-36.9776 -36.9776 -36.9776 -36.9776 -36.9776 -36.9776 -36.9776 -36.9776 -36.9776
-36.9776 -36.9776 -36.9776 -36.9776 -36.9776 -36.9776
  0.0000   1.1288   1.1286   1.1281   1.1269   1.1239   1.1164   1.0978   1.0523
  0.9422   0.6804   0.1539  -0.4822  -1.0897  -1.6898  -2.3159  -2.9953  -3.7658
 -4.6859  -5.8465  -7.3899  -9.5415 -12.6577 -17.3032 -24.3728 -35.2849 -36.9780
-36.9780 -36.9780 -36.9780 -36.9780 -36.9780 -36.9780 -36.9780 -36.9780 -36.9780
-36.9780 -36.9780 -36.9780 -36.9780 -36.9780 -36.9780
  0.0000   1.1305   1.1303   1.1298   1.1286   1.1257   1.1184   1.1001   1.0547
  0.9434   0.6779   0.1447  -0.4893  -1.0882  -1.6843  -2.3100  -2.9903  -3.7624
 -4.6838  -5.8452  -7.3893  -9.5412 -12.6577 -17.3034 -24.3732 -35.2854 -36.9786
-36.9786 -36.9786 -36.9786 -36.9786 -36.9786 -36.9786 -36.9786 -36.9786 -36.9786
-36.9786 -36.9786 -36.9786 -36.9786 -36.9786 -36.9786
 -1.0000   1.3784   1.3774   1.3751   1.3701   1.3589   1.3326   1.2699   1.1195
  0.7924   0.3027  -0.2205  -0.7627  -1.3317  -1.9550  -2.6644  -3.5092  -4.5669
 -5.9591  -7.8775 -10.6256 -14.6858 -20.8245 -30.2577 -36.9711 -36.9711 -36.9711
-36.9711 -36.9711 -36.9711 -36.9711 -36.9711 -36.9711 -36.9711 -36.9711 -36.9711
-36.9711 -36.9711 -36.9711 -36.9711 -36.9711 -36.9711
  0.0000   1.3780   1.3770   1.3748   1.3698   1.3587   1.3324   1.2698   1.1196
  0.7928   0.3031  -0.2203  -0.7627  -1.3316  -1.9550  -2.6644  -3.5092  -4.5669
 -5.9591  -7.8775 -10.6256 -14.6858 -20.8245 -30.2577 -36.9711 -36.9711 -36.9711
-36.9711 -36.9711 -36.9711 -36.9711 -36.9711 -36.9711 -36.9711 -36.9711 -36.9711
-36.9711 -36.9711 -36.9711 -36.9711 -36.9711 -36.9711
  0.0000   1.2156   1.2151   1.2138   1.2111   1.2053   1.1930   1.1650   1.0995
  0.9365   0.5648   0.0088  -0.6003  -1.2263  -1.8937  -2.6354  -3.5019  -4.5721
 -5.9694  -7.8875 -10.6322 -14.6884 -20.8236 -30.2541 -36.9622 -36.9622 -36.9622
-36.9622 -36.9622 -36.9622 -36.9622 -36.9622 -36.9622 -36.9622 -36.9622 -36.9622
-36.9622 -36.9622 -36.9622 -36.9622 -36.9622 -36.9622
  0.0000   1.1789   1.1785   1.1776   1.1756   1.1713   1.1623   1.1422   1.0937
  0.9596   0.6070   0.0311  -0.5963  -1.2294  -1.8982  -2.6390  -3.5043  -4.5736
 -5.9702  -7.8876 -10.6320 -14.6879 -20.8229 -30.2534 -36.9613 -36.9613 -36.9613
-36.9613 -36.9613 -36.9613 -36.9613 -36.9613 -36.9613 -36.9613 -36.9613 -36.9613
-36.9613 -36.9613 -36.9613 -36.9613 -36.9613 -36.9613
  0.0000   1.1835   1.1831   1.1823   1.1804   1.1760   1.1664   1.1448   1.0938
  0.9561   0.6029   0.0299  -0.5959  -1.2285  -1.8974  -2.6385  -3.5040  -4.5735
 -5.9702  -7.8877 -10.6322 -14.6881 -20.8232 -30.2537 -36.9616 -36.9616 -36.9616
-36.9616 -36.9616 -36.9616 -36.9616 -36.9616 -36.9616 -36.9616 -36.9616 -36.9616
-36.9616 -36.9616 -36.9616 -36.9616 -36.9616 -36.9616
  0.0000   1.2033   1.2030   1.2022   1.2002   1.1953   1.1838   1.1575   1.0961
  0.9422   0.5810   0.0202  -0.5964  -1.2257  -1.8944  -2.6362  -3.5027  -4.5727
 -5.9699  -7.8879 -10.6326 -14.6887 -20.8238 -30.2544 -36.9624 -36.9624 -36.9624
-36.9624 -36.9624 -36.9624 -36.9624 -36.9624 -36.9624 -36.9624 -36.9624 -36.9624
-36.9624 -36.9624 -36.9624 -36.9624 -36.9624 -36.9624
  0.0000   1.2244   1.2241   1.2232   1.2211   1.2158   1.2028   1.1720   1.0994
  0.9264   0.5547   0.0055  -0.5992  -1.2232  -1.8905  -2.6330  -3.5006  -4.5716
 -5.9694  -7.8879 -10.6330 -14.6893 -20.8246 -30.2552 -36.9635 -36.9635 -36.9635
-36.9635 -36.9635 -36.9635 -36.9635 -36.9635 -36.9635 -36.9635 -36.9635 -36.9635
-36.9635 -36.9635 -36.9635 -36.9635 -36.9635 -36.9635
 -2.0000   1.3980   1.3962   1.3928   1.3860   1.3716   1.3399   1.2678   1.1042
  0.7883   0.3387  -0.2028  -0.8094  -1.4958  -2.3005  -3.2880  -4.5611  -6.2830
 -8.7142 -12.2691 -17.6058 -25.7678 -36.9238 -36.9238 -36.9238 -36.9238 -36.9238
-36.9238 -36.9238 -36.9238 -36.9238 -36.9238 -36.9238 -36.9238 -36.9238 -36.9238
-36.9238 -36.9238 -36.9238 -36.9238 -36.9238 -36.9238
 -1.0000   1.3980   1.3962   1.3928   1.3859   1.3715   1.3398   1.2678   1.1043
  0.7884   0.3387  -0.2027  -0.8094  -1.4958  -2.3005  -3.2880  -4.5611  -6.2830
 -8.7142 -12.2691 -17.6058 -25.7678 -36.9238 -36.9238 -36.9238 -36.9238 -36.9238
-36.9238 -36.9238 -36.9238 -36.9238 -36.9238 -36.9238 -36.9238 -36.9238 -36.9238
-36.9238 -36.9238 -36.9238 -36.9238 -36.9238 -36.9238
  0.0000   1.3977   1.3961   1.3927   1.3858   1.3714   1.3398   1.2677   1.1043
  0.7885   0.3388  -0.2027  -0.8093  -1.4958  -2.3005  -3.2880  -4.5611  -6.2830
 -8.7142 -12.2691 -17.6058 -25.7678 -36.9238 -36.9238 -36.9238 -36.9238 -36.9238
-36.9238 -36.9238 -36.9238 -36.9238 -36.9238 -36.9238 -36.9238 -36.9238 -36.9238
-36.9238 -36.9238 -36.9238 -36.9238 -36.9238 -36.9238
  0.0000   1.2159   1.2152   1.2138   1.2117   1.2089   1.2050   1.1933   1.1392
  0.9475   0.5248  -0.0713  -0.7360  -1.4636  -2.2927  -3.2914  -4.5668  -6.2864
 -8.7140 -12.2653 -17.5993 -25.7594 -36.9117 -36.9117 -36.9117 -36.9117 -36.9117
-36.9117 -36.9117 -36.9117 -36.9117 -36.9117 -36.9117 -36.9117 -36.9117 -36.9117
-36.9117 -36.9117 -36.9117 -36.9117 -36.9117 -36.9117
  0.0000   1.1810   1.1806   1.1798   1.1787   1.1782   1.1794   1.1784   1.1428
  0.9714   0.5479  -0.0623  -0.7351  -1.4653  -2.2944  -3.2925  -4.5671  -6.2863
 -8.7133 -12.2644 -17.5982 -25.7582 -36.9103 -36.9103 -36.9103 -36.9103 -36.9103
-36.9103 -36.9103 -36.9103 -36.9103 -36.9103 -36.9103 -36.9103 -36.9103 -36.9103
-36.9103 -36.9103 -36.9103 -36.9103 -36.9103 -36.9103
  0.0000   1.1931   1.1928   1.1922   1.1910   1.1898   1.1889   1.1838   1.1410
  0.9625   0.5403  -0.0647  -0.7349  -1.4644  -2.2937  -3.2920  -4.5669  -6.2863
 -8.7135 -12.2647 -17.5986 -25.7585 -36.9108 -36.9108 -36.9108 -36.9108 -36.9108
-36.9108 -36.9108 -36.9108 -36.9108 -36.9108 -36.9108 -36.9108 -36.9108 -36.9108
-36.9108 -36.9108 -36.9108 -36.9108 -36.9108 -36.9108
  0.0000   1.2185   1.2182   1.2176   1.2162   1.2135   1.2086   1.1947   1.1369
  0.9433   0.5228  -0.0714  -0.7353  -1.4629  -2.2922  -3.2912  -4.5668  -6.2864
 -8.7142 -12.2656 -17.5996 -25.7598 -36.9122 -36.9122 -36.9122 -36.9122 -36.9122
-36.9122 -36.9122 -36.9122 -36.9122 -36.9122 -36.9122 -36.9122 -36.9122 -36.9122
-36.9122 -36.9122 -36.9122 -36.9122 -36.9122 -36.9122
 -3.0000   1.3747   1.3721   1.3682   1.3621   1.3516   1.3295   1.2733   1.1400
  0.8294   0.3309  -0.3106  -1.0782  -2.0074  -3.1805  -4.7360  -6.8974 -10.0208
-14.6714 -21.7444 -32.6585 -36.8550 -36.8550 -36.8550 -36.8550 -36.8550 -36.8550
-36.8550 -36.8550 -36.8550 -36.8550 -36.8550 -36.8550 -36.8550 -36.8550 -36.8550
-36.8550 -36.8550 -36.8550 -36.8550 -36.8550 -36.8550
 -2.0000   1.3747   1.3721   1.3682   1.3621   1.3516   1.3295   1.2733   1.1400
  0.8294   0.3309  -0.3106  -1.0782  -2.0074  -3.1805  -4.7360  -6.8974 -10.0208
-14.6714 -21.7444 -32.6585 -36.8550 -36.8550 -36.8550 -36.8550 -36.8550 -36.8550
-36.8550 -36.8550 -36.8550 -36.8550 -36.8550 -36.8550 -36.8550 -36.8550 -36.8550
-36.8550 -36.8550 -36.8550 -36.8550 -36.8550 -36.8550
 -1.0000   1.3747   1.3721   1.3682   1.3621   1.3516   1.3295   1.2733   1.1400
  0.8295   0.3310  -0.3106  -1.0782  -2.0074  -3.1805  -4.7360  -6.8974 -10.0208
-14.6714 -21.7444 -32.6585 -36.8550 -36.8550 -36.8550 -36.8550 -36.8550 -36.8550
-36.8550 -36.8550 -36.8550 -36.8550 -36.8550 -36.8550 -36.8550 -36.8550 -36.8550
-36.8550 -36.8550 -36.8550 -36.8550 -36.8550 -36.8550
  0.0000   1.3747   1.3721   1.3682   1.3621   1.3516   1.3294   1.2733   1.1400
  0.8295   0.3310  -0.3105  -1.0782  -2.0074  -3.1805  -4.7360  -6.8974 -10.0208
-14.6714 -21.7444 -32.6585 -36.8550 -36.8550 -36.8550 -36.8550 -36.8550 -36.8550
-36.8550 -36.8550 -36.8550 -36.8550 -36.8550 -36.8550 -36.8550 -36.8550 -36.8550
-36.8550 -36.8550 -36.8550 -36.8550 -36.8550 -36.8550
  0.0000   1.2307   1.2292   1.2271   1.2255   1.2259   1.2278   1.2229   1.1808
  0.9583   0.4562  -0.2372  -1.0454  -1.9956  -3.1761  -4.7316  -6.8902 -10.0108
-14.6589 -21.7301 -32.6430 -36.8373 -36.8373 -36.8373 -36.8373 -36.8373 -36.8373
-36.8373 -36.8373 -36.8373 -36.8373 -36.8373 -36.8373 -36.8373 -36.8373 -36.8373
-36.8373 -36.8373 -36.8373 -36.8373 -36.8373 -36.8373
  0.0000   1.2020   1.2010   1.1996   1.1991   1.2021   1.2090   1.2132   1.1864
  0.9786   0.4720  -0.2312  -1.0440  -1.9955  -3.1756  -4.7305  -6.8888 -10.0090
-14.6568 -21.7278 -32.6407 -36.8348 -36.8348 -36.8348 -36.8348 -36.8348 -36.8348
-36.8348 -36.8348 -36.8348 -36.8348 -36.8348 -36.8348 -36.8348 -36.8348 -36.8348
-36.8348 -36.8348 -36.8348 -36.8348 -36.8348 -36.8348
  0.0000   1.2055   1.2049   1.2039   1.2037   1.2069   1.2134   1.2160   1.1855
  0.9744   0.4688  -0.2322  -1.0441  -1.9953  -3.1755  -4.7307  -6.8889 -10.0093
-14.6571 -21.7282 -32.6411 -36.8353 -36.8353 -36.8353 -36.8353 -36.8353 -36.8353
-36.8353 -36.8353 -36.8353 -36.8353 -36.8353 -36.8353 -36.8353 -36.8353 -36.8353
-36.8353 -36.8353 -36.8353 -36.8353 -36.8353 -36.8353
-13.0000   1.2060   1.2044   1.2030   1.2029   1.2067   1.2139   1.2163   1.1865
  0.9741   0.4677  -0.2329  -1.0444  -1.9954  -3.1755  -4.7307  -6.8889 -10.0093
-14.6571 -21.7282 -32.6411 -36.8352 -36.8352 -36.8352 -36.8352 -36.8352 -36.8352
-36.8352 -36.8352 -36.8352 -36.8352 -36.8352 -36.8352 -36.8352 -36.8352 -36.8352
-36.8352 -36.8352 -36.8352 -36.8352 -36.8352 -36.8352
-12.0000   1.2060   1.2044   1.2030   1.2029   1.2067   1.2139   1.2163   1.1865
  0.9741   0.4677  -0.2329  -1.0444  -1.9954  -3.1755  -4.7307  -6.8889 -10.0093
-14.6571 -21.7282 -32.6411 -36.8352 -36.8352 -36.8352 -36.8352 -36.8352 -36.8352
-36.8352 -36.8352 -36.8352 -36.8352 -36.8352 -36.8352 -36.8352 -36.8352 -36.8352
-36.8352 -36.8352 -36.8352 -36.8352 -36.8352 -36.8352
-11.0000   1.2060   1.2044   1.2030   1.2029   1.2067   1.2139   1.2163   1.1865
  0.9741   0.4677  -0.2329  -1.0444  -1.9954  -3.1755  -4.7307  -6.8889 -10.0093
-14.6571 -21.7282 -32.6411 -36.8352 -36.8352 -36.8352 -36.8352 -36.8352 -36.8352
-36.8352 -36.8352 -36.8352 -36.8352 -36.8352 -36.8352 -36.8352 -36.8352 -36.8352
-36.8352 -36.8352 -36.8352 -36.8352 -36.8352 -36.8352
-10.0000   1.2060   1.2044   1.2030   1.2029   1.2067   1.2139   1.2163   1.1865
  0.9741   0.4677  -0.2329  -1.0444  -1.9954  -3.1755  -4.7307  -6.8889 -10.0093
-14.6571 -21.7282 -32.6411 -36.8352 -36.8352 -36.8352 -36.8352 -36.8352 -36.8352
-36.8352 -36.8352 -36.8352 -36.8352 -36.8352 -36.8352 -36.8352 -36.8352 -36.8352
-36.8352 -36.8352 -36.8352 -36.8352 -36.8352 -36.8352
-10.0000   1.2060   1.2045   1.2031   1.2030   1.2067   1.2139   1.2163   1.1864
  0.9741   0.4678  -0.2329  -1.0444  -1.9954  -3.1755  -4.7307  -6.8889 -10.0093
-14.6571 -21.7282 -32.6411 -36.8352 -36.8352 -36.8352 -36.8352 -36.8352 -36.8352
-36.8352 -36.8352 -36.8352 -36.8352 -36.8352 -36.8352 -36.8352 -36.8352 -36.8352
-36.8352 -36.8352 -36.8352 -36.8352 -36.8352 -36.8352
-10.0000   1.2060   1.2045   1.2030   1.2029   1.2066   1.2137   1.2162   1.1863
  0.9740   0.4677  -0.2329  -1.0445  -1.9955  -3.1756  -4.7308  -6.8890 -10.0094
-14.6572 -21.7283 -32.6412 -36.8353 -36.8353 -36.8353 -36.8353 -36.8353 -36.8353
-36.8353 -36.8353 -36.8353 -36.8353 -36.8353 -36.8353 -36.8353 -36.8353 -36.8353
-36.8353 -36.8353 -36.8353 -36.8353 -36.8353 -36.8353
-10.0000   1.2059   1.2045   1.2031   1.2029   1.2066   1.2136   1.2161   1.1861
  0.9740   0.4678  -0.2329  -1.0445  -1.9956  -3.1757  -4.7309  -6.8891 -10.0095
-14.6573 -21.7284 -32.6413 -36.8354 -36.8354 -36.8354 -36.8354 -36.8354 -36.8354
-36.8354 -36.8354 -36.8354 -36.8354 -36.8354 -36.8354 -36.8354 -36.8354 -36.8354
-36.8354 -36.8354 -36.8354 -36.8354 -36.8354 -36.8354
-23.0000   1.2064   1.2048   1.2034   1.2033   1.2071   1.2143   1.2167   1.1869
  0.9745   0.4681  -0.2325  -1.0440  -1.9950  -3.1751  -4.7303  -6.8885 -10.0089
-14.6567 -21.7278 -32.6407 -36.8348 -36.8348 -36.8348 -36.8348 -36.8348 -36.8348
-36.8348 -36.8348 -36.8348 -36.8348 -36.8348 -36.8348 -36.8348 -36.8348 -36.8348
-36.8348 -36.8348 -36.8348 -36.8348 -36.8348 -36.8348
-22.0000   1.2064   1.2048   1.2034   1.2033   1.2071   1.2143   1.2167   1.1869
  0.9745   0.4681  -0.2325  -1.0440  -1.9950  -3.1751  -4.7303  -6.8885 -10.0089
-14.6567 -21.7278 -32.6407 -36.8348 -36.8348 -36.8348 -36.8348 -36.8348 -36.8348
-36.8348 -36.8348 -36.8348 -36.8348 -36.8348 -36.8348 -36.8348 -36.8348 -36.8348
-36.8348 -36.8348 -36.8348 -36.8348 -36.8348 -36.8348
-21.0000   1.2064   1.2048   1.2034   1.2033   1.2071   1.2143   1.2167   1.1869
  0.9745   0.4681  -0.2325  -1.0440  -1.9950  -3.1751  -4.7303  -6.8885 -10.0089
-14.6567 -21.7278 -32.6407 -36.8348 -36.8348 -36.8348 -36.8348 -36.8348 -36.8348
-36.8348 -36.8348 -36.8348 -36.8348 -36.8348 -36.8348 -36.8348 -36.8348 -36.8348
-36.8348 -36.8348 -36.8348 -36.8348 -36.8348 -36.8348
-20.0000   1.2064   1.2048   1.2034   1.2033   1.2071   1.2143   1.2167   1.1869
  0.9745   0.4681  -0.2325  -1.0440  -1.9950  -3.1751  -4.7303  -6.8885 -10.0089
-14.6567 -21.7278 -32.6407 -36.8348 -36.8348 -36.8348 -36.8348 -36.8348 -36.8348
-36.8348 -36.8348 -36.8348 -36.8348 -36.8348 -36.8348 -36.8348 -36.8348 -36.8348
-36.8348 -36.8348 -36.8348 -36.8348 -36.8348 -36.8348
-20.0000   1.2064   1.2048   1.2034   1.2033   1.2071   1.2143   1.2167   1.1869
  0.9745   0.4681  -0.2325  -1.0440  -1.9950  -3.1751  -4.7303  -6.8885 -10.0089
-14.6567 -21.7278 -32.6407 -36.8348 -36.8348 -36.8348 -36.8348 -36.8348 -36.8348
-36.8348 -36.8348 -36.8348 -36.8348 -36.8348 -36.8348 -36.8348 -36.8348 -36.8348
-36.8348 -36.8348 -36.8348 -36.8348 -36.8348 -36.8348
-20.0000   1.2064   1.2048   1.2034   1.2033   1.2071   1.2143   1.2167   1.1869
  0.9745   0.4681  -0.2325  -1.0440  -1.9950  -3.1751  -4.7303  -6.8885 -10.0089
-14.6567 -21.7278 -32.6407 -36.8348 -36.8348 -36.8348 -36.8348 -36.8348 -36.8348
-36.8348 -36.8348 -36.8348 -36.8348 -36.8348 -36.8348 -36.8348 -36.8348 -36.8348
-36.8348 -36.8348 -36.8348 -36.8348 -36.8348 -36.8348
-20.0000   1.2058   1.2043   1.2029   1.2027   1.2065   1.2137   1.2161   1.1863
  0.9739   0.4676  -0.2331  -1.0446  -1.9956  -3.1757  -4.7309  -6.8891 -10.0095
-14.6573 -21.7284 -32.6413 -36.8354 -36.8354 -36.8354 -36.8354 -36.8354 -36.8354
-36.8354 -36.8354 -36.8354 -36.8354 -36.8354 -36.8354 -36.8354 -36.8354 -36.8354
-36.8354 -36.8354 -36.8354 -36.8354 -36.8354 -36.8354
-33.0000   1.2064   1.2048   1.2034   1.2033   1.2071   1.2143   1.2167   1.1869
  0.9745   0.4681  -0.2325  -1.0440  -1.9950  -3.1751  -4.7303  -6.8885 -10.0089
-14.6567 -21.7278 -32.6407 -36.8348 -36.8348 -36.8348 -36.8348 -36.8348 -36.8348
-36.8348 -36.8348 -36.8348 -36.8348 -36.8348 -36.8348 -36.8348 -36.8348 -36.8348
-36.8348 -36.8348 -36.8348 -36.8348 -36.8348 -36.8348
-32.0000   1.2064   1.2048   1.2034   1.2033   1.2071   1.2143   1.2167   1.1869
  0.9745   0.4681  -0.2325  -1.0440  -1.9950  -3.1751  -4.7303  -6.8885 -10.0089
-14.6567 -21.7278 -32.6407 -36.8348 -36.8348 -36.8348 -36.8348 -36.8348 -36.8348
-36.8348 -36.8348 -36.8348 -36.8348 -36.8348 -36.8348 -36.8348 -36.8348 -36.8348
-36.8348 -36.8348 -36.8348 -36.8348 -36.8348 -36.8348
-31.0000   1.2064   1.2048   1.2034   1.2033   1.2071   1.2143   1.2167   1.1869
  0.9745   0.4681  -0.2325  -1.0440  -1.9950  -3.1751  -4.7303  -6.8885 -10.0089
-14.6567 -21.7278 -32.6407 -36.8348 -36.8348 -36.8348 -36.8348 -36.8348 -36.8348
-36.8348 -36.8348 -36.8348 -36.8348 -36.8348 -36.8348 -36.8348 -36.8348 -36.8348
-36.8348 -36.8348 -36.8348 -36.8348 -36.8348 -36.8348
-30.0000   1.2064   1.2048   1.2034   1.2033   1.2071   1.2143   1.2167   1.1869
  0.9745   0.4681  -0.2325  -1.0440  -1.9950  -3.1751  -4.7303  -6.8885 -10.0089
-14.6567 -21.7278 -32.6407 -36.8348 -36.8348 -36.8348 -36.8348 -36.8348 -36.8348
-36.8348 -36.8348 -36.8348 -36.8348 -36.8348 -36.8348 -36.8348 -36.8348 -36.8348
-36.8348 -36.8348 -36.8348 -36.8348 -36.8348 -36.8348
-30.0000   1.2064   1.2048   1.2034   1.2033   1.2071   1.2143   1.2167   1.1869
  0.9745   0.4681  -0.2325  -1.0440  -1.9950  -3.1751  -4.7303  -6.8885 -10.0089
-14.6567 -21.7278 -32.6407 -36.8348 -36.8348 -36.8348 -36.8348 -36.8348 -36.8348
-36.8348 -36.8348 -36.8348 -36.8348 -36.8348 -36.8348 -36.8348 -36.8348 -36.8348
-36.8348 -36.8348 -36.8348 -36.8348 -36.8348 -36.8348
-30.0000   1.2064   1.2048   1.2034   1.2033   1.2071   1.2143   1.2167   1.1869
  0.9745   0.4681  -0.2325  -1.0440  -1.9950  -3.1751  -4.7303  -6.8885 -10.0089
-14.6567 -21.7278 -32.6407 -36.8348 -36.8348 -36.8348 -36.8348 -36.8348 -36.8348
-36.8348 -36.8348 -36.8348 -36.8348 -36.8348 -36.8348 -36.8348 -36.8348 -36.8348
-36.8348 -36.8348 -36.8348 -36.8348 -36.8348 -36.8348
-30.0000   1.2059   1.2043   1.2029   1.2028   1.2066   1.2138   1.2162   1.1864
  0.9740   0.4676  -0.2330  -1.0445  -1.9955  -3.1756  -4.7308  -6.8890 -10.0094
-14.6572 -21.7283 -32.6412 -36.8353 -36.8353 -36.8353 -36.8353 -36.8353 -36.8353
-36.8353 -36.8353 -36.8353 -36.8353 -36.8353 -36.8353 -36.8353 -36.8353 -36.8353
-36.8353 -36.8353 -36.8353 -36.8353 -36.8353 -36.8353
nl= 1 nu=12
  0.0000  -0.7791  -0.7791  -0.7791  -0.7791  -0.7791  -0.7791  -0.7791  -0.7791
 -0.7792  -0.7793  -0.7795  -0.7801  -0.7815  -0.7851  -0.7941  -0.8168  -0.8738
 -1.0169  -1.3762  -2.2770  -4.4213  -5.6305  -6.1686  -6.7313  -7.3413  -8.0157
 -8.5413  -9.0785  -9.6368 -10.2285 -10.8735 -11.6031 -12.4669 -13.5435 -14.9572
-16.9053 -19.7004 -23.8378 -30.1027 -36.9994
  0.0000  -0.9300  -0.9300  -0.9300  -0.9301  -0.9301  -0.9301  -0.9301  -0.9301
 -0.9301  -0.9301  -0.9302  -0.9305  -0.9312  -0.9330  -0.9376  -0.9489  -0.9774
 -1.0490  -1.2289  -1.6806  -2.8130  -5.3097  -6.1467  -6.7210  -7.3361  -8.0128
 -8.5405  -9.0784  -9.6370 -10.2289 -10.8741 -11.6038 -12.4677 -13.5442 -14.9580
-16.9061 -19.7011 -23.8386 -30.1035 -37.0002
  0.0000  -1.0800  -1.0800  -1.0800  -1.0800  -1.0800  -1.0800  -1.0800  -1.0800
 -1.0800  -1.0800  -1.0801  -1.0802  -1.0806  -1.0815  -1.0838  -1.0894  -1.1037
 -1.1395  -1.2295  -1.4556  -2.0232  -3.4457  -6.0485  -6.6986  -7.3245  -8.0054
 -8.5373  -9.0764  -9.6357 -10.2279 -10.8733 -11.6032 -12.4671 -13.5437 -14.9575
-16.9056 -19.7007 -23.8382 -30.1031 -36.9998
  0.0000  -1.2303  -1.2303  -1.2303  -1.2303  -1.2303  -1.2303  -1.2303  -1.2303
 -1.2303  -1.2303  -1.2303  -1.2304  -1.2306  -1.2310  -1.2322  -1.2350  -1.2421
 -1.2601  -1.3051  -1.4181  -1.7021  -2.4153  -4.2004  -6.6490  -7.3026  -7.9928
 -8.5322  -9.0732  -9.6337 -10.2267 -10.8725 -11.6025 -12.4667 -13.5434 -14.9572
-16.9054 -19.7005 -23.8380 -30.1029 -36.9996
  0.0000  -1.3723  -1.3723  -1.3723  -1.3723  -1.3723  -1.3723  -1.3723  -1.3723
 -1.3723  -1.3724  -1.3724  -1.3724  -1.3725  -1.3727  -1.3733  -1.3747  -1.3783
 -1.3872  -1.4097  -1.4663  -1.6083  -1.9650  -2.8609  -5.0964  -7.2513  -7.9611
 -8.5153  -9.0595  -9.6223 -10.2166 -10.8630 -11.5936 -12.4578 -13.5347 -14.9487
-16.8969 -19.6920 -23.8295 -30.0945 -36.9912
  0.0000  -1.5332  -1.5332  -1.5332  -1.5332  -1.5332  -1.5332  -1.5332  -1.5332
 -1.5332  -1.5332  -1.5332  -1.5333  -1.5333  -1.5334  -1.5337  -1.5344  -1.5362
 -1.5407  -1.5519  -1.5802  -1.6512  -1.8296  -2.2777  -3.4030  -6.1832  -7.9274
 -8.5109  -9.0613  -9.6277 -10.2239 -10.8715 -11.6028 -12.4675 -13.5447 -14.9587
-16.9070 -19.7023 -23.8397 -30.1048 -37.0016
  0.0000  -1.6835  -1.6835  -1.6835  -1.6835  -1.6835  -1.6835  -1.6835  -1.6835
 -1.6835  -1.6835  -1.6835  -1.6835  -1.6835  -1.6836  -1.6837  -1.6841  -1.6850
 -1.6872  -1.6928  -1.7070  -1.7425  -1.8317  -2.0557  -2.6185  -4.0319  -7.4633
 -8.4851  -9.0465  -9.6193 -10.2186 -10.8683 -11.6007 -12.4662 -13.5437 -14.9581
-16.9066 -19.7019 -23.8394 -30.1045 -37.0014
  0.0000  -0.4483  -0.4483  -0.4483  -0.4483  -0.4483  -0.4483  -0.4483  -0.4484
 -0.4486  -0.4490  -0.4500  -0.4527  -0.4593  -0.4759  -0.5176  -0.6224  -0.8853
 -1.5439  -3.1396  -4.6057  -5.1598  -5.7006  -6.2910  -7.0089  -7.5327  -8.0651
 -8.6154  -9.1943  -9.8187 -10.5157 -11.3278 -12.3224 -13.6061 -15.3481 -17.8166
-21.4364 -26.8810 -35.2177 -37.0006 -37.0006
  0.0000  -0.5974  -0.5974  -0.5974  -0.5974  -0.5974  -0.5974  -0.5974  -0.5975
 -0.5975  -0.5977  -0.5983  -0.5996  -0.6029  -0.6112  -0.6322  -0.6847  -0.8166
 -1.1479  -1.9776  -3.9370  -5.1269  -5.6863  -6.2828  -7.0030  -7.5300  -8.0632
 -8.6141  -9.1932  -9.8179 -10.5150 -11.3271 -12.3217 -13.6054 -15.3475 -17.8160
-21.4358 -26.8804 -35.2170 -37.0000 -37.0000
  0.0000  -0.7476  -0.7476  -0.7476  -0.7476  -0.7476  -0.7476  -0.7476  -0.7476
 -0.7477  -0.7478  -0.7480  -0.7487  -0.7504  -0.7545  -0.7650  -0.7913  -0.8574
 -1.0234  -1.4402  -2.4840  -4.7823  -5.6590  -6.2689  -6.9934  -7.5266  -8.0612
 -8.6130  -9.1926  -9.8175 -10.5149 -11.3272 -12.3218 -13.6055 -15.3476 -17.8162
-21.4360 -26.8806 -35.2172 -37.0002 -37.0002
  0.0000  -0.8978  -0.8978  -0.8978  -0.8978  -0.8978  -0.8978  -0.8978  -0.8978
 -0.8979  -0.8979  -0.8981  -0.8984  -0.8992  -0.9013  -0.9065  -0.9197  -0.9528
 -1.0359  -1.2446  -1.7686  -3.0804  -5.5345  -6.2419  -6.9755  -7.5204  -8.0573
 -8.6107  -9.1913  -9.8167 -10.5143 -11.3269 -12.3216 -13.6054 -15.3476 -17.8161
-21.4360 -26.8806 -35.2172 -37.0002 -37.0002
  0.0000  -1.0480  -1.0480  -1.0480  -1.0480  -1.0480  -1.0480  -1.0480  -1.0480
 -1.0480  -1.0480  -1.0481  -1.0483  -1.0487  -1.0497  -1.0523  -1.0589  -1.0755
 -1.1170  -1.2215  -1.4837  -2.1423  -3.7891  -6.1790  -6.9415  -7.5096  -8.0506
 -8.6066  -9.1887  -9.8151 -10.5133 -11.3261 -12.3210 -13.6050 -15.3472 -17.8158
-21.4357 -26.8803 -35.2170 -37.0000 -37.0000
  0.0000  -1.1992  -1.1992  -1.1992  -1.1992  -1.1992  -1.1992  -1.1992  -1.1992
 -1.1992  -1.1992  -1.1992  -1.1993  -1.1995  -1.2000  -1.2014  -1.2047  -1.2129
 -1.2337  -1.2859  -1.4171  -1.7466  -2.5741  -4.6376  -6.8773  -7.4919  -8.0402
 -8.6011  -9.1856  -9.8136 -10.5126 -11.3259 -12.3213 -13.6054 -15.3477 -17.8164
-21.4364 -26.8810 -35.2178 -37.0008 -37.0008
  0.0000  -1.3489  -1.3489  -1.3489  -1.3489  -1.3489  -1.3489  -1.3489  -1.3489
 -1.3489  -1.3489  -1.3490  -1.3490  -1.3491  -1.3494  -1.3500  -1.3517  -1.3558
 -1.3662  -1.3923  -1.4579  -1.6227  -2.0366  -3.0761  -5.6520  -7.4586  -8.0212
 -8.5901  -9.1787  -9.8088 -10.5095 -11.3237 -12.3196 -13.6041 -15.3467 -17.8155
-21.4355 -26.8802 -35.2170 -37.0001 -37.0001
  0.0000  -0.1193  -0.1193  -0.1193  -0.1193  -0.1193  -0.1194  -0.1195  -0.1198
 -0.1206  -0.1225  -0.1273  -0.1393  -0.1696  -0.2456  -0.4361  -0.9122  -2.0655
 -3.5530  -4.1442  -4.6890  -5.2514  -6.0008  -6.5238  -7.0523  -7.5959  -8.1637
 -8.7707  -9.4398 -10.2075 -11.1317 -12.3039 -13.8692 -16.0576 -19.2335 -23.9744
-31.1958 -37.0007 -37.0007 -37.0007 -37.0007
  0.0000  -0.2670  -0.2670  -0.2670  -0.2670  -0.2670  -0.2671  -0.2671  -0.2673
 -0.2677  -0.2686  -0.2710  -0.2771  -0.2924  -0.3307  -0.4269  -0.6684  -1.2720
 -2.7183  -4.0955  -4.6702  -5.2422  -5.9929  -6.5207  -7.0502  -7.5946  -8.1629
 -8.7700  -9.4393 -10.2071 -11.1313 -12.3036 -13.8689 -16.0573 -19.2332 -23.9741
-31.1955 -37.0004 -37.0004 -37.0004 -37.0004
  0.0000  -0.4154  -0.4154  -0.4154  -0.4154  -0.4154  -0.4154  -0.4155  -0.4155
 -0.4157  -0.4162  -0.4174  -0.4205  -0.4282  -0.4474  -0.4958  -0.6173  -0.9222
 -1.6846  -3.4647  -4.6316  -5.2246  -5.9786  -6.5155  -7.0467  -7.5923  -8.1612
 -8.7688  -9.4382 -10.2063 -11.1306 -12.3029 -13.8683 -16.0567 -19.2325 -23.9735
-31.1949 -36.9998 -36.9998 -36.9998 -36.9998
  0.0000  -0.5664  -0.5664  -0.5664  -0.5664  -0.5664  -0.5664  -0.5665  -0.5665
 -0.5666  -0.5668  -0.5674  -0.5690  -0.5728  -0.5825  -0.6067  -0.6677  -0.8207
 -1.2049  -2.1656  -4.2702  -5.1933  -5.9545  -6.5091  -7.0430  -7.5907  -8.1609
 -8.7692  -9.4390 -10.2072 -11.1318 -12.3041 -13.8696 -16.0580 -19.2339 -23.9749
-31.1963 -37.0012 -37.0012 -37.0012 -37.0012
  0.0000  -0.7143  -0.7143  -0.7143  -0.7143  -0.7143  -0.7143  -0.7143  -0.7143
 -0.7144  -0.7145  -0.7148  -0.7156  -0.7175  -0.7223  -0.7345  -0.7650  -0.8417
 -1.0343  -1.5177  -2.7263  -5.0355  -5.9044  -6.4936  -7.0325  -7.5837  -8.1558
 -8.7651  -9.4358 -10.2044 -11.1291 -12.3018 -13.8673 -16.0558 -19.2317 -23.9727
-31.1942 -36.9991 -36.9991 -36.9991 -36.9991
  0.0000  -0.8656  -0.8656  -0.8656  -0.8656  -0.8656  -0.8656  -0.8656  -0.8656
 -0.8656  -0.8657  -0.8659  -0.8662  -0.8672  -0.8696  -0.8757  -0.8910  -0.9294
 -1.0258  -1.2679  -1.8758  -3.3941  -5.7975  -6.4717  -7.0195  -7.5768  -8.1519
 -8.7632  -9.4349 -10.2044 -11.1296 -12.3023 -13.8680 -16.0566 -19.2326 -23.9736
-31.1952 -37.0002 -37.0002 -37.0002 -37.0002
  0.0000  -1.0158  -1.0158  -1.0158  -1.0158  -1.0158  -1.0158  -1.0158  -1.0158
 -1.0159  -1.0159  -1.0160  -1.0162  -1.0166  -1.0178  -1.0209  -1.0285  -1.0477
 -1.0960  -1.2171  -1.5214  -2.2854  -4.1912  -6.4279  -6.9969  -7.5639  -8.1441
 -8.7582  -9.4317 -10.2023 -11.1282 -12.3014 -13.8675 -16.0562 -19.2323 -23.9734
-31.1950 -37.0001 -37.0001 -37.0001 -37.0001
  0.0000   0.2021   0.2021   0.2021   0.2020   0.2019   0.2017   0.2012   0.1998
  0.1965   0.1880   0.1666   0.1130  -0.0212  -0.3549  -1.1561  -2.4519  -3.1218
 -3.6631  -4.2275  -4.8383  -5.5131  -6.0398  -6.5778  -7.1365  -7.7285  -8.3737
 -9.1034  -9.9673 -11.0439 -12.4576 -14.4058 -17.2009 -21.3383 -27.6033 -36.9999
-36.9999 -36.9999 -36.9999 -36.9999 -36.9999
  0.0000   0.0590   0.0590   0.0590   0.0589   0.0589   0.0588   0.0585   0.0578
  0.0561   0.0517   0.0408   0.0133  -0.0557  -0.2286  -0.6591  -1.6878  -3.0375
 -3.6397  -4.2157  -4.8318  -5.5086  -6.0378  -6.5766  -7.1358  -7.7281  -8.3735
 -9.1033  -9.9673 -11.0439 -12.4577 -14.4058 -17.2010 -21.3384 -27.6034 -37.0000
-37.0000 -37.0000 -37.0000 -37.0000 -37.0000
  0.0000  -0.0870  -0.0870  -0.0870  -0.0870  -0.0870  -0.0871  -0.0872  -0.0875
 -0.0884  -0.0906  -0.0962  -0.1102  -0.1452  -0.2332  -0.4538  -1.0037  -2.3028
 -3.5865  -4.1929  -4.8194  -5.5006  -6.0340  -6.5743  -7.1344  -7.7272  -8.3729
 -9.1030  -9.9671 -11.0438 -12.4576 -14.4058 -17.2009 -21.3384 -27.6034 -37.0000
-37.0000 -37.0000 -37.0000 -37.0000 -37.0000
  0.0000  -0.2345  -0.2345  -0.2345  -0.2345  -0.2346  -0.2346  -0.2347  -0.2348
 -0.2353  -0.2364  -0.2392  -0.2462  -0.2639  -0.3084  -0.4199  -0.6997  -1.3976
 -3.0035  -4.1473  -4.7968  -5.4866  -6.0279  -6.5702  -7.1320  -7.7257  -8.3720
 -9.1023  -9.9667 -11.0435 -12.4574 -14.4056 -17.2008 -21.3383 -27.6033 -36.9999
-36.9999 -36.9999 -36.9999 -36.9999 -36.9999
  0.0000  -0.3836  -0.3836  -0.3836  -0.3836  -0.3836  -0.3836  -0.3836  -0.3837
 -0.3839  -0.3845  -0.3859  -0.3894  -0.3983  -0.4207  -0.4768  -0.6177  -0.9711
 -1.8531  -3.7717  -4.7544  -5.4622  -6.0180  -6.5641  -7.1280  -7.7234  -8.3705
 -9.1016  -9.9661 -11.0432 -12.4573 -14.4056 -17.2008 -21.3383 -27.6033 -37.0000
-37.0000 -37.0000 -37.0000 -37.0000 -37.0000
  0.0000  -0.5346  -0.5346  -0.5346  -0.5346  -0.5346  -0.5346  -0.5346  -0.5347
 -0.5348  -0.5351  -0.5358  -0.5375  -0.5420  -0.5532  -0.5813  -0.6520  -0.8296
 -1.2751  -2.3867  -4.5574  -5.4201  -6.0033  -6.5553  -7.1235  -7.7209  -8.3695
 -9.1015  -9.9666 -11.0441 -12.4583 -14.4067 -17.2020 -21.3397 -27.6047 -37.0015
-37.0015 -37.0015 -37.0015 -37.0015 -37.0015
  0.0000  -0.6830  -0.6830  -0.6830  -0.6830  -0.6830  -0.6830  -0.6831  -0.6831
 -0.6831  -0.6833  -0.6836  -0.6845  -0.6867  -0.6924  -0.7065  -0.7419  -0.8308
 -1.0542  -1.6150  -3.0138  -5.3094  -5.9767  -6.5381  -7.1124  -7.7134  -8.3641
 -9.0974  -9.9636 -11.0416 -12.4562 -14.4049 -17.2003 -21.3380 -27.6030 -37.0000
-37.0000 -37.0000 -37.0000 -37.0000 -37.0000
  0.0000   0.4998   0.4998   0.4997   0.4996   0.4992   0.4983   0.4961   0.4906
  0.4766   0.4416   0.3543   0.1386  -0.3728  -1.3215  -2.0838  -2.6461  -3.1915
 -3.7842  -4.5025  -5.0283  -5.5620  -6.1131  -6.6924  -7.3172  -8.0144  -8.8266
 -9.8212 -11.1050 -12.8470 -15.3155 -18.9354 -24.3799 -32.7165 -36.9996 -36.9996
-36.9996 -36.9996 -36.9996 -36.9996 -36.9996
  0.0000   0.3701   0.3701   0.3701   0.3700   0.3698   0.3694   0.3682   0.3652
  0.3577   0.3389   0.2919   0.1742  -0.1170  -0.8052  -1.9293  -2.6137  -3.1771
 -3.7759  -4.4963  -5.0253  -5.5602  -6.1120  -6.6917  -7.3168  -8.0142  -8.8265
 -9.8211 -11.1049 -12.8470 -15.3155 -18.9353 -24.3799 -32.7165 -36.9996 -36.9996
-36.9996 -36.9996 -36.9996 -36.9996 -36.9996
  0.0000   0.2329   0.2329   0.2328   0.2328   0.2327   0.2325   0.2318   0.2303
  0.2264   0.2166   0.1919   0.1301  -0.0246  -0.4080  -1.3088  -2.5203  -3.1496
 -3.7611  -4.4854  -5.0209  -5.5572  -6.1103  -6.6907  -7.3161  -8.0138  -8.8263
 -9.8210 -11.1049 -12.8470 -15.3156 -18.9354 -24.3800 -32.7166 -36.9997 -36.9997
-36.9997 -36.9997 -36.9997 -36.9997 -36.9997
  0.0000   0.0909   0.0909   0.0909   0.0909   0.0908   0.0907   0.0904   0.0896
  0.0876   0.0825   0.0699   0.0381  -0.0417  -0.2416  -0.7377  -1.8893  -3.0873
 -3.7334  -4.4658  -5.0130  -5.5520  -6.1068  -6.6885  -7.3147  -8.0127  -8.8255
 -9.8205 -11.1044 -12.8466 -15.3152 -18.9351 -24.3797 -32.7163 -36.9994 -36.9994
-36.9994 -36.9994 -36.9994 -36.9994 -36.9994
  0.0000  -0.0555  -0.0555  -0.0555  -0.0555  -0.0555  -0.0556  -0.0558  -0.0562
 -0.0572  -0.0597  -0.0662  -0.0824  -0.1230  -0.2249  -0.4803  -1.1151  -2.5523
 -3.6813  -4.4326  -5.0017  -5.5448  -6.1028  -6.6862  -7.3136  -8.0124  -8.8256
 -9.8208 -11.1050 -12.8473 -15.3160 -18.9359 -24.3805 -32.7172 -37.0003 -37.0003
-37.0003 -37.0003 -37.0003 -37.0003 -37.0003
  0.0000  -0.2018  -0.2018  -0.2018  -0.2018  -0.2018  -0.2018  -0.2019  -0.2021
 -0.2026  -0.2039  -0.2072  -0.2153  -0.2358  -0.2873  -0.4167  -0.7408  -1.5474
 -3.2918  -4.3695  -4.9814  -5.5309  -6.0937  -6.6799  -7.3090  -8.0090  -8.8230
 -9.8187 -11.1031 -12.8456 -15.3144 -18.9345 -24.3791 -32.7158 -36.9990 -36.9990
-36.9990 -36.9990 -36.9990 -36.9990 -36.9990
  0.0000  -0.3515  -0.3516  -0.3516  -0.3516  -0.3516  -0.3516  -0.3516  -0.3517
 -0.3520  -0.3526  -0.3543  -0.3584  -0.3687  -0.3946  -0.4597  -0.6231  -1.0329
 -2.0531  -4.1056  -4.9528  -5.5133  -6.0831  -6.6735  -7.3053  -8.0070  -8.8221
 -9.8186 -11.1034 -12.8463 -15.3152 -18.9353 -24.3800 -32.7168 -37.0001 -37.0001
-37.0001 -37.0001 -37.0001 -37.0001 -37.0001
  0.0000   0.7424   0.7423   0.7421   0.7417   0.7405   0.7375   0.7300   0.7112
  0.6643   0.5492   0.2773  -0.2794  -1.0000  -1.6082  -2.1675  -2.7374  -3.4889
 -4.0157  -4.5467  -5.0919  -5.6607  -6.2682  -6.9377  -7.7057  -8.6300  -9.8023
-11.3677 -13.5561 -16.7320 -21.4729 -28.6944 -36.9992 -36.9992 -36.9992 -36.9992
-36.9992 -36.9992 -36.9992 -36.9992 -36.9992
  0.0000   0.6429   0.6428   0.6427   0.6424   0.6417   0.6399   0.6355   0.6242
  0.5961   0.5260   0.3537  -0.0497  -0.8121  -1.5595  -2.1487  -2.7275  -3.4801
 -4.0120  -4.5439  -5.0901  -5.6595  -6.2673  -6.9371  -7.7052  -8.6296  -9.8019
-11.3673 -13.5557 -16.7316 -21.4726 -28.6941 -36.9989 -36.9989 -36.9989 -36.9989
-36.9989 -36.9989 -36.9989 -36.9989 -36.9989
  0.0000   0.5274   0.5274   0.5274   0.5272   0.5268   0.5258   0.5233   0.5169
  0.5010   0.4612   0.3618   0.1175  -0.4508  -1.4035  -2.1116  -2.7105  -3.4654
 -4.0063  -4.5404  -5.0878  -5.6581  -6.2666  -6.9366  -7.7050  -8.6295  -9.8020
-11.3674 -13.5559 -16.7318 -21.4728 -28.6943 -36.9991 -36.9991 -36.9991 -36.9991
-36.9991 -36.9991 -36.9991 -36.9991 -36.9991
  0.0000   0.4001   0.4001   0.4001   0.4000   0.3998   0.3992   0.3979   0.3944
  0.3858   0.3643   0.3102   0.1751  -0.1576  -0.9253  -2.0054  -2.6790  -3.4394
 -3.9970  -4.5341  -5.0839  -5.6557  -6.2651  -6.9357  -7.7043  -8.6292  -9.8017
-11.3673 -13.5558 -16.7317 -21.4728 -28.6943 -36.9991 -36.9991 -36.9991 -36.9991
-36.9991 -36.9991 -36.9991 -36.9991 -36.9991
  0.0000   0.2643   0.2643   0.2642   0.2642   0.2641   0.2638   0.2631   0.2613
  0.2568   0.2454   0.2170   0.1456  -0.0327  -0.4731  -1.4761  -2.6074  -3.3933
 -3.9828  -4.5240  -5.0777  -5.6516  -6.2624  -6.9340  -7.7033  -8.6284  -9.8013
-11.3670 -13.5556 -16.7316 -21.4727 -28.6942 -36.9991 -36.9991 -36.9991 -36.9991
-36.9991 -36.9991 -36.9991 -36.9991 -36.9991
  0.0000   0.1217   0.1217   0.1217   0.1217   0.1216   0.1215   0.1211   0.1202
  0.1179   0.1120   0.0974   0.0606  -0.0318  -0.2629  -0.8345  -2.1117  -3.3080
 -3.9623  -4.5099  -5.0691  -5.6464  -6.2594  -6.9323  -7.7027  -8.6284  -9.8016
-11.3675 -13.5563 -16.7324 -21.4736 -28.6950 -37.0001 -37.0001 -37.0001 -37.0001
-37.0001 -37.0001 -37.0001 -37.0001 -37.0001
  0.0000  -0.0226  -0.0226  -0.0226  -0.0226  -0.0227  -0.0227  -0.0229  -0.0234
 -0.0246  -0.0275  -0.0350  -0.0538  -0.1008  -0.2189  -0.5147  -1.2481  -2.8509
 -3.9247  -4.4880  -5.0546  -5.6363  -6.2525  -6.9276  -7.6991  -8.6259  -9.7997
-11.3661 -13.5551 -16.7313 -21.4725 -28.6942 -36.9993 -36.9993 -36.9993 -36.9993
-36.9993 -36.9993 -36.9993 -36.9993 -36.9993
  0.0000   0.8925   0.8923   0.8919   0.8908   0.8880   0.8811   0.8639   0.8213
  0.7186   0.4873   0.0508  -0.5277  -1.1036  -1.6911  -2.3137  -2.9960  -3.5286
 -4.0700  -4.6310  -5.2243  -5.8702  -6.6004  -7.4646  -8.5414  -9.9552 -11.9034
-14.6986 -18.8360 -25.1010 -34.7378 -36.9977 -36.9977 -36.9977 -36.9977 -36.9977
-36.9977 -36.9977 -36.9977 -36.9977 -36.9977
  0.0000   0.8365   0.8363   0.8360   0.8352   0.8333   0.8283   0.8159   0.7849
  0.7088   0.5283   0.1435  -0.4622  -1.0786  -1.6784  -2.3070  -2.9910  -3.5261
 -4.0683  -4.6298  -5.2235  -5.8697  -6.6001  -7.4644  -8.5412  -9.9551 -11.9033
-14.6984 -18.8359 -25.1009 -34.7377 -36.9976 -36.9976 -36.9976 -36.9976 -36.9976
-36.9976 -36.9976 -36.9976 -36.9976 -36.9976
  0.0000   0.7621   0.7620   0.7618   0.7613   0.7600   0.7567   0.7484   0.7278
  0.6763   0.5504   0.2565  -0.3230  -1.0280  -1.6564  -2.2949  -2.9825  -3.5217
 -4.0657  -4.6282  -5.2225  -5.8692  -6.5999  -7.4644  -8.5413  -9.9553 -11.9035
-14.6987 -18.8362 -25.1012 -34.7380 -36.9979 -36.9979 -36.9979 -36.9979 -36.9979
-36.9979 -36.9979 -36.9979 -36.9979 -36.9979
  0.0000   0.6684   0.6683   0.6682   0.6679   0.6671   0.6651   0.6600   0.6473
  0.6156   0.5367   0.3438  -0.1001  -0.8826  -1.6133  -2.2732  -2.9676  -3.5141
 -4.0605  -4.6247  -5.2203  -5.8678  -6.5988  -7.4637  -8.5408  -9.9549 -11.9032
-14.6984 -18.8359 -25.1009 -34.7378 -36.9977 -36.9977 -36.9977 -36.9977 -36.9977
-36.9977 -36.9977 -36.9977 -36.9977 -36.9977
  0.0000   0.5565   0.5564   0.5564   0.5562   0.5557   0.5546   0.5517   0.5444
  0.5263   0.4807   0.3673   0.0899  -0.5405  -1.4958  -2.2345  -2.9444  -3.5033
 -4.0529  -4.6199  -5.2171  -5.8658  -6.5978  -7.4630  -8.5404  -9.9548 -11.9033
-14.6986 -18.8362 -25.1012 -34.7380 -36.9980 -36.9980 -36.9980 -36.9980 -36.9980
-36.9980 -36.9980 -36.9980 -36.9980 -36.9980
  0.0000   0.4311   0.4311   0.4311   0.4310   0.4307   0.4301   0.4285   0.4246
  0.4147   0.3898   0.3275   0.1722  -0.2086  -1.0639  -2.1441  -2.9059  -3.4877
 -4.0414  -4.6121  -5.2120  -5.8623  -6.5955  -7.4616  -8.5396  -9.9542 -11.9028
-14.6983 -18.8360 -25.1010 -34.7380 -36.9980 -36.9980 -36.9980 -36.9980 -36.9980
-36.9980 -36.9980 -36.9980 -36.9980 -36.9980
  0.0000   0.2952   0.2952   0.2952   0.2951   0.2950   0.2947   0.2938   0.2918
  0.2865   0.2734   0.2405   0.1581  -0.0479  -0.5546  -1.6780  -2.8314  -3.4683
 -4.0271  -4.6023  -5.2055  -5.8584  -6.5931  -7.4604  -8.5392  -9.9544 -11.9033
-14.6989 -18.8367 -25.1018 -34.7389 -36.9990 -36.9990 -36.9990 -36.9990 -36.9990
-36.9990 -36.9990 -36.9990 -36.9990 -36.9990
  0.0000   0.9575   0.9572   0.9566   0.9550   0.9509   0.9408   0.9158   0.8555
  0.7161   0.4292  -0.0306  -0.5888  -1.2011  -1.9574  -2.5008  -3.0442  -3.6008
 -4.1836  -4.8103  -5.5087  -6.3216  -7.3166  -8.6006 -10.3429 -12.8115 -16.4314
-21.8760 -30.2127 -36.9957 -36.9957 -36.9957 -36.9957 -36.9957 -36.9957 -36.9957
-36.9957 -36.9957 -36.9957 -36.9957 -36.9957
  0.0000   0.9308   0.9306   0.9300   0.9287   0.9252   0.9167   0.8955   0.8437
  0.7213   0.4577   0.0025  -0.5699  -1.1918  -1.9526  -2.4993  -3.0434  -3.6005
 -4.1834  -4.8104  -5.5088  -6.3218  -7.3169  -8.6009 -10.3432 -12.8118 -16.4317
-21.8763 -30.2130 -36.9960 -36.9960 -36.9960 -36.9960 -36.9960 -36.9960 -36.9960
-36.9960 -36.9960 -36.9960 -36.9960 -36.9960
  0.0000   0.9002   0.9001   0.8996   0.8985   0.8957   0.8887   0.8711   0.8278
  0.7234   0.4888   0.0474  -0.5432  -1.1777  -1.9413  -2.4940  -3.0396  -3.5979
 -4.1815  -4.8091  -5.5080  -6.3211  -7.3163  -8.6005 -10.3428 -12.8114 -16.4314
-21.8760 -30.2127 -36.9957 -36.9957 -36.9957 -36.9957 -36.9957 -36.9957 -36.9957
-36.9957 -36.9957 -36.9957 -36.9957 -36.9957
  0.0000   0.8541   0.8539   0.8536   0.8527   0.8506   0.8453   0.8319   0.7986
  0.7170   0.5247   0.1220  -0.4939  -1.1556  -1.9232  -2.4863  -3.0341  -3.5944
 -4.1793  -4.8077  -5.5072  -6.3209  -7.3163  -8.6006 -10.3430 -12.8117 -16.4317
-21.8764 -30.2131 -36.9961 -36.9961 -36.9961 -36.9961 -36.9961 -36.9961 -36.9961
-36.9961 -36.9961 -36.9961 -36.9961 -36.9961
  0.0000   0.7873   0.7872   0.7870   0.7864   0.7849   0.7813   0.7721   0.7491
  0.6919   0.5524   0.2310  -0.3789  -1.1121  -1.8926  -2.4748  -3.0248  -3.5881
 -4.1751  -4.8048  -5.5053  -6.3196  -7.3155  -8.6001 -10.3427 -12.8115 -16.4316
-21.8763 -30.2130 -36.9961 -36.9961 -36.9961 -36.9961 -36.9961 -36.9961 -36.9961
-36.9961 -36.9961 -36.9961 -36.9961 -36.9961
  0.0000   0.6979   0.6978   0.6977   0.6973   0.6964   0.6941   0.6884   0.6740
  0.6380   0.5485   0.3309  -0.1617  -0.9910  -1.8385  -2.4602  -3.0122  -3.5789
 -4.1687  -4.8007  -5.5024  -6.3178  -7.3144  -8.5994 -10.3422 -12.8112 -16.4314
-21.8762 -30.2130 -36.9962 -36.9962 -36.9962 -36.9962 -36.9962 -36.9962 -36.9962
-36.9962 -36.9962 -36.9962 -36.9962 -36.9962
  0.0000   0.5882   0.5882   0.5881   0.5879   0.5873   0.5860   0.5827   0.5744
  0.5535   0.5013   0.3714   0.0548  -0.6550  -1.7107  -2.4406  -2.9973  -3.5676
 -4.1603  -4.7949  -5.4988  -6.3153  -7.3131  -8.5986 -10.3419 -12.8112 -16.4315
-21.8764 -30.2132 -36.9966 -36.9966 -36.9966 -36.9966 -36.9966 -36.9966 -36.9966
-36.9966 -36.9966 -36.9966 -36.9966 -36.9966
  0.0000   0.9986   0.9982   0.9975   0.9954   0.9905   0.9782   0.9485   0.8776
  0.7163   0.4013  -0.0907  -0.7561  -1.4394  -1.9992  -2.5604  -3.1389  -3.7521
 -4.4251  -5.1952  -6.1208  -7.2939  -8.8598 -11.0485 -14.2245 -18.9656 -26.1871
-36.9921 -36.9921 -36.9921 -36.9921 -36.9921 -36.9921 -36.9921 -36.9921 -36.9921
-36.9921 -36.9921 -36.9921 -36.9921 -36.9921
  0.0000   0.9714   0.9711   0.9704   0.9688   0.9648   0.9547   0.9298   0.8695
  0.7277   0.4325  -0.0597  -0.7381  -1.4385  -2.0014  -2.5629  -3.1408  -3.7531
 -4.4259  -5.1957  -6.1210  -7.2940  -8.8597 -11.0484 -14.2244 -18.9654 -26.1869
-36.9919 -36.9919 -36.9919 -36.9919 -36.9919 -36.9919 -36.9919 -36.9919 -36.9919
-36.9919 -36.9919 -36.9919 -36.9919 -36.9919
  0.0000   0.9583   0.9580   0.9574   0.9559   0.9522   0.9429   0.9197   0.8633
  0.7305   0.4481  -0.0405  -0.7259  -1.4325  -1.9985  -2.5610  -3.1395  -3.7525
 -4.4254  -5.1954  -6.1209  -7.2939  -8.8596 -11.0483 -14.2244 -18.9654 -26.1869
-36.9919 -36.9919 -36.9919 -36.9919 -36.9919 -36.9919 -36.9919 -36.9919 -36.9919
-36.9919 -36.9919 -36.9919 -36.9919 -36.9919
  0.0000   0.9459   0.9457   0.9451   0.9437   0.9403   0.9316   0.9101   0.8574
  0.7326   0.4626  -0.0210  -0.7123  -1.4225  -1.9921  -2.5561  -3.1362  -3.7503
 -4.4238  -5.1941  -6.1200  -7.2932  -8.8591 -11.0479 -14.2240 -18.9651 -26.1866
-36.9916 -36.9916 -36.9916 -36.9916 -36.9916 -36.9916 -36.9916 -36.9916 -36.9916
-36.9916 -36.9916 -36.9916 -36.9916 -36.9916
  0.0000   0.9244   0.9242   0.9237   0.9225   0.9195   0.9120   0.8931   0.8466
  0.7349   0.4848   0.0099  -0.6916  -1.4091  -1.9833  -2.5491  -3.1312  -3.7470
 -4.4216  -5.1929  -6.1193  -7.2929  -8.8590 -11.0479 -14.2241 -18.9653 -26.1868
-36.9919 -36.9919 -36.9919 -36.9919 -36.9919 -36.9919 -36.9919 -36.9919 -36.9919
-36.9919 -36.9919 -36.9919 -36.9919 -36.9919
  0.0000   0.8852   0.8850   0.8847   0.8837   0.8813   0.8754   0.8605   0.8235
  0.7330   0.5204   0.0755  -0.6442  -1.3908  -1.9726  -2.5394  -3.1238  -3.7417
 -4.4181  -5.1905  -6.1179  -7.2920  -8.8585 -11.0476 -14.2240 -18.9653 -26.1868
-36.9921 -36.9921 -36.9921 -36.9921 -36.9921 -36.9921 -36.9921 -36.9921 -36.9921
-36.9921 -36.9921 -36.9921 -36.9921 -36.9921
  0.0000   0.8222   0.8221   0.8219   0.8212   0.8195   0.8154   0.8049   0.7788
  0.7140   0.5559   0.1908  -0.5186  -1.3552  -1.9606  -2.5282  -3.1141  -3.7344
 -4.4129  -5.1870  -6.1153  -7.2904  -8.8575 -11.0469 -14.2235 -18.9649 -26.1865
-36.9920 -36.9920 -36.9920 -36.9920 -36.9920 -36.9920 -36.9920 -36.9920 -36.9920
-36.9920 -36.9920 -36.9920 -36.9920 -36.9920
  0.0000   1.0895   1.0890   1.0877   1.0845   1.0767   1.0582   1.0144   0.9130
  0.6950   0.2790  -0.3436  -0.9313  -1.4974  -2.0715  -2.6768  -3.3329  -4.0709
 -4.9406  -6.0211  -7.4373  -9.3872 -12.1833 -16.3214 -22.5868 -32.2239 -36.9841
-36.9841 -36.9841 -36.9841 -36.9841 -36.9841 -36.9841 -36.9841 -36.9841 -36.9841
-36.9841 -36.9841 -36.9841 -36.9841 -36.9841
  0.0000   1.0252   1.0248   1.0240   1.0219   1.0169   1.0047   0.9753   0.9042
  0.7357   0.3709  -0.2545  -0.9008  -1.4960  -2.0814  -2.6888  -3.3429  -4.0779
 -4.9451  -6.0236  -7.4385  -9.3873 -12.1829 -16.3206 -22.5857 -32.2227 -36.9826
-36.9826 -36.9826 -36.9826 -36.9826 -36.9826 -36.9826 -36.9826 -36.9826 -36.9826
-36.9826 -36.9826 -36.9826 -36.9826 -36.9826
  0.0000   1.0078   1.0075   1.0068   1.0050   1.0005   0.9896   0.9632   0.8990
  0.7455   0.3959  -0.2336  -0.8964  -1.4964  -2.0828  -2.6900  -3.3437  -4.0786
 -4.9454  -6.0237  -7.4385  -9.3873 -12.1828 -16.3204 -22.5856 -32.2225 -36.9824
-36.9824 -36.9824 -36.9824 -36.9824 -36.9824 -36.9824 -36.9824 -36.9824 -36.9824
-36.9824 -36.9824 -36.9824 -36.9824 -36.9824
  0.0000   1.0042   1.0040   1.0033   1.0015   0.9972   0.9865   0.9603   0.8967
  0.7455   0.4031  -0.2252  -0.8906  -1.4921  -2.0796  -2.6877  -3.3421  -4.0772
 -4.9444  -6.0229  -7.4378  -9.3866 -12.1822 -16.3199 -22.5850 -32.2220 -36.9819
-36.9819 -36.9819 -36.9819 -36.9819 -36.9819 -36.9819 -36.9819 -36.9819 -36.9819
-36.9819 -36.9819 -36.9819 -36.9819 -36.9819
  0.0000   1.0038   1.0035   1.0029   1.0011   0.9969   0.9862   0.9599   0.8959
  0.7446   0.4037  -0.2227  -0.8851  -1.4856  -2.0740  -2.6836  -3.3393  -4.0753
 -4.9432  -6.0221  -7.4374  -9.3864 -12.1821 -16.3199 -22.5850 -32.2220 -36.9820
-36.9820 -36.9820 -36.9820 -36.9820 -36.9820 -36.9820 -36.9820 -36.9820 -36.9820
-36.9820 -36.9820 -36.9820 -36.9820 -36.9820
  0.0000   0.9990   0.9987   0.9981   0.9965   0.9924   0.9822   0.9568   0.8946
  0.7461   0.4098  -0.2162  -0.8808  -1.4781  -2.0665  -2.6774  -3.3349  -4.0724
 -4.9411  -6.0210  -7.4367  -9.3860 -12.1818 -16.3198 -22.5850 -32.2221 -36.9822
-36.9822 -36.9822 -36.9822 -36.9822 -36.9822 -36.9822 -36.9822 -36.9822 -36.9822
-36.9822 -36.9822 -36.9822 -36.9822 -36.9822
  0.0000   0.9804   0.9802   0.9796   0.9782   0.9746   0.9656   0.9430   0.8872
  0.7513   0.4360  -0.1830  -0.8759  -1.4713  -2.0585  -2.6702  -3.3293  -4.0686
 -4.9388  -6.0194  -7.4359  -9.3857 -12.1818 -16.3199 -22.5853 -32.2224 -36.9827
-36.9827 -36.9827 -36.9827 -36.9827 -36.9827 -36.9827 -36.9827 -36.9827 -36.9827
-36.9827 -36.9827 -36.9827 -36.9827 -36.9827
 -1.0000   1.1426   1.1417   1.1398   1.1356   1.1261   1.1041   1.0521   0.9293
  0.6529   0.1592  -0.4154  -1.0024  -1.6055  -2.2491  -2.9602  -3.7821  -4.7832
 -6.0712  -7.8160 -10.2862 -13.9071 -19.3523 -27.6893 -36.9731 -36.9731 -36.9731
-36.9731 -36.9731 -36.9731 -36.9731 -36.9731 -36.9731 -36.9731 -36.9731 -36.9731
-36.9731 -36.9731 -36.9731 -36.9731 -36.9731
  0.0000   1.1420   1.1412   1.1394   1.1352   1.1257   1.1038   1.0519   0.9293
  0.6534   0.1598  -0.4151  -1.0023  -1.6055  -2.2491  -2.9602  -3.7821  -4.7832
 -6.0712  -7.8160 -10.2862 -13.9071 -19.3523 -27.6893 -36.9731 -36.9731 -36.9731
-36.9731 -36.9731 -36.9731 -36.9731 -36.9731 -36.9731 -36.9731 -36.9731 -36.9731
-36.9731 -36.9731 -36.9731 -36.9731 -36.9731
  0.0000   1.0846   1.0841   1.0829   1.0799   1.0730   1.0576   1.0211   0.9338
  0.7172   0.2395  -0.3808  -0.9972  -1.6122  -2.2583  -2.9681  -3.7875  -4.7867
 -6.0731  -7.8167 -10.2861 -13.9065 -19.3515 -27.6883 -36.9717 -36.9717 -36.9717
-36.9717 -36.9717 -36.9717 -36.9717 -36.9717 -36.9717 -36.9717 -36.9717 -36.9717
-36.9717 -36.9717 -36.9717 -36.9717 -36.9717
  0.0000   1.0760   1.0755   1.0744   1.0717   1.0653   1.0505   1.0157   0.9333
  0.7262   0.2523  -0.3761  -0.9967  -1.6129  -2.2590  -2.9685  -3.7878  -4.7868
 -6.0731  -7.8166 -10.2860 -13.9064 -19.3513 -27.6881 -36.9715 -36.9715 -36.9715
-36.9715 -36.9715 -36.9715 -36.9715 -36.9715 -36.9715 -36.9715 -36.9715 -36.9715
-36.9715 -36.9715 -36.9715 -36.9715 -36.9715
  0.0000   1.0848   1.0844   1.0833   1.0806   1.0739   1.0579   1.0201   0.9314
  0.7159   0.2444  -0.3762  -0.9940  -1.6099  -2.2567  -2.9670  -3.7869  -4.7862
 -6.0729  -7.8167 -10.2862 -13.9067 -19.3516 -27.6885 -36.9719 -36.9719 -36.9719
-36.9719 -36.9719 -36.9719 -36.9719 -36.9719 -36.9719 -36.9719 -36.9719 -36.9719
-36.9719 -36.9719 -36.9719 -36.9719 -36.9719
  0.0000   1.0987   1.0983   1.0971   1.0943   1.0872   1.0700   1.0283   0.9299
  0.6989   0.2271  -0.3799  -0.9909  -1.6051  -2.2524  -2.9640  -3.7852  -4.7851
 -6.0724  -7.8166 -10.2864 -13.9070 -19.3521 -27.6889 -36.9726 -36.9726 -36.9726
-36.9726 -36.9726 -36.9726 -36.9726 -36.9726 -36.9726 -36.9726 -36.9726 -36.9726
-36.9726 -36.9726 -36.9726 -36.9726 -36.9726
  0.0000   1.1075   1.1071   1.1059   1.1031   1.0960   1.0783   1.0348   0.9300
  0.6871   0.2127  -0.3862  -0.9890  -1.5999  -2.2471  -2.9599  -3.7824  -4.7836
 -6.0715  -7.8164 -10.2865 -13.9074 -19.3526 -27.6896 -36.9734 -36.9734 -36.9734
-36.9734 -36.9734 -36.9734 -36.9734 -36.9734 -36.9734 -36.9734 -36.9734 -36.9734
-36.9734 -36.9734 -36.9734 -36.9734 -36.9734
 -2.0000   1.1701   1.1688   1.1663   1.1618   1.1525   1.1322   1.0816   0.9430
  0.6154   0.0944  -0.5009  -1.1397  -1.8345  -2.6209  -3.5577  -4.7379  -6.3084
 -8.5001 -11.6779 -16.4201 -23.6423 -34.7955 -36.9483 -36.9483 -36.9483 -36.9483
-36.9483 -36.9483 -36.9483 -36.9483 -36.9483 -36.9483 -36.9483 -36.9483 -36.9483
-36.9483 -36.9483 -36.9483 -36.9483 -36.9483
 -1.0000   1.1700   1.1687   1.1663   1.1617   1.1525   1.1322   1.0816   0.9430
  0.6155   0.0945  -0.5009  -1.1396  -1.8345  -2.6209  -3.5577  -4.7379  -6.3084
 -8.5001 -11.6779 -16.4201 -23.6423 -34.7955 -36.9483 -36.9483 -36.9483 -36.9483
-36.9483 -36.9483 -36.9483 -36.9483 -36.9483 -36.9483 -36.9483 -36.9483 -36.9483
-36.9483 -36.9483 -36.9483 -36.9483 -36.9483
  0.0000   1.1696   1.1685   1.1662   1.1616   1.1524   1.1320   1.0814   0.9430
  0.6159   0.0948  -0.5007  -1.1396  -1.8344  -2.6209  -3.5577  -4.7379  -6.3084
 -8.5001 -11.6779 -16.4201 -23.6423 -34.7955 -36.9483 -36.9483 -36.9483 -36.9483
-36.9483 -36.9483 -36.9483 -36.9483 -36.9483 -36.9483 -36.9483 -36.9483 -36.9483
-36.9483 -36.9483 -36.9483 -36.9483 -36.9483
  0.0000   1.0994   1.0989   1.0979   1.0962   1.0936   1.0883   1.0679   0.9758
  0.6814   0.1369  -0.4878  -1.1406  -1.8397  -2.6256  -3.5607  -4.7392  -6.3085
 -8.4991 -11.6763 -16.4181 -23.6400 -34.7931 -36.9456 -36.9456 -36.9456 -36.9456
-36.9456 -36.9456 -36.9456 -36.9456 -36.9456 -36.9456 -36.9456 -36.9456 -36.9456
-36.9456 -36.9456 -36.9456 -36.9456 -36.9456
  0.0000   1.0981   1.0977   1.0970   1.0954   1.0929   1.0874   1.0669   0.9756
  0.6834   0.1386  -0.4872  -1.1405  -1.8396  -2.6257  -3.5606  -4.7393  -6.3085
 -8.4991 -11.6763 -16.4181 -23.6400 -34.7931 -36.9456 -36.9456 -36.9456 -36.9456
-36.9456 -36.9456 -36.9456 -36.9456 -36.9456 -36.9456 -36.9456 -36.9456 -36.9456
-36.9456 -36.9456 -36.9456 -36.9456 -36.9456
  0.0000   1.1224   1.1220   1.1210   1.1187   1.1135   1.1019   1.0698   0.9635
  0.6639   0.1292  -0.4883  -1.1387  -1.8374  -2.6242  -3.5599  -4.7389  -6.3086
 -8.4995 -11.6769 -16.4189 -23.6408 -34.7940 -36.9466 -36.9466 -36.9466 -36.9466
-36.9466 -36.9466 -36.9466 -36.9466 -36.9466 -36.9466 -36.9466 -36.9466 -36.9466
-36.9466 -36.9466 -36.9466 -36.9466 -36.9466
  0.0000   1.1514   1.1509   1.1495   1.1463   1.1385   1.1199   1.0736   0.9479
  0.6383   0.1150  -0.4915  -1.1366  -1.8344  -2.6217  -3.5585  -4.7385  -6.3087
 -8.5001 -11.6778 -16.4199 -23.6419 -34.7953 -36.9480 -36.9480 -36.9480 -36.9480
-36.9480 -36.9480 -36.9480 -36.9480 -36.9480 -36.9480 -36.9480 -36.9480 -36.9480
-36.9480 -36.9480 -36.9480 -36.9480 -36.9480
 -2.0000   1.4456   1.4412   1.4322   1.4132   1.3714   1.2777   1.0793   0.7352
  0.2839  -0.2612  -0.8781  -1.5874  -2.4346  -3.4964  -4.8961  -6.8305  -9.6129
-13.7403 -19.9992 -29.6344 -36.9127 -36.9127 -36.9127 -36.9127 -36.9127 -36.9127
-36.9127 -36.9127 -36.9127 -36.9127 -36.9127 -36.9127 -36.9127 -36.9127 -36.9127
-36.9127 -36.9127 -36.9127 -36.9127 -36.9127
 -1.0000   1.4455   1.4411   1.4322   1.4132   1.3713   1.2777   1.0793   0.7353
  0.2839  -0.2611  -0.8781  -1.5874  -2.4346  -3.4964  -4.8961  -6.8305  -9.6129
-13.7403 -19.9992 -29.6344 -36.9127 -36.9127 -36.9127 -36.9127 -36.9127 -36.9127
-36.9127 -36.9127 -36.9127 -36.9127 -36.9127 -36.9127 -36.9127 -36.9127 -36.9127
-36.9127 -36.9127 -36.9127 -36.9127 -36.9127
  0.0000   1.4453   1.4410   1.4320   1.4131   1.3712   1.2777   1.0795   0.7355
  0.2840  -0.2611  -0.8780  -1.5874  -2.4346  -3.4964  -4.8961  -6.8305  -9.6129
-13.7403 -19.9992 -29.6344 -36.9127 -36.9127 -36.9127 -36.9127 -36.9127 -36.9127
-36.9127 -36.9127 -36.9127 -36.9127 -36.9127 -36.9127 -36.9127 -36.9127 -36.9127
-36.9127 -36.9127 -36.9127 -36.9127 -36.9127
  0.0000   1.1559   1.1544   1.1525   1.1506   1.1493   1.1442   1.1110   0.9705
  0.6167   0.0394  -0.6432  -1.4102  -2.3013  -3.3958  -4.8207  -6.7755  -9.5749
-13.7148 -19.9813 -29.6190 -36.8803 -36.8803 -36.8803 -36.8803 -36.8803 -36.8803
-36.8803 -36.8803 -36.8803 -36.8803 -36.8803 -36.8803 -36.8803 -36.8803 -36.8803
-36.8803 -36.8803 -36.8803 -36.8803 -36.8803
  0.0000   1.0966   1.0959   1.0954   1.0965   1.1021   1.1118   1.1062   1.0036
  0.6611   0.0617  -0.6376  -1.4107  -2.3027  -3.3962  -4.8198  -6.7739  -9.5724
-13.7118 -19.9779 -29.6154 -36.8764 -36.8764 -36.8764 -36.8764 -36.8764 -36.8764
-36.8764 -36.8764 -36.8764 -36.8764 -36.8764 -36.8764 -36.8764 -36.8764 -36.8764
-36.8764 -36.8764 -36.8764 -36.8764 -36.8764
  0.0000   1.1000   1.0997   1.0993   1.1003   1.1052   1.1138   1.1063   1.0013
  0.6587   0.0610  -0.6375  -1.4105  -2.3024  -3.3961  -4.8197  -6.7739  -9.5724
-13.7120 -19.9780 -29.6155 -36.8766 -36.8766 -36.8766 -36.8766 -36.8766 -36.8766
-36.8766 -36.8766 -36.8766 -36.8766 -36.8766 -36.8766 -36.8766 -36.8766 -36.8766
-36.8766 -36.8766 -36.8766 -36.8766 -36.8766
  0.0000   1.1215   1.1213   1.1210   1.1212   1.1233   1.1261   1.1077   0.9888
  0.6434   0.0545  -0.6384  -1.4097  -2.3016  -3.3957  -4.8199  -6.7743  -9.5733
-13.7129 -19.9792 -29.6168 -36.8780 -36.8780 -36.8780 -36.8780 -36.8780 -36.8780
-36.8780 -36.8780 -36.8780 -36.8780 -36.8780 -36.8780 -36.8780 -36.8780 -36.8780
-36.8780 -36.8780 -36.8780 -36.8780 -36.8780
 -3.0000   1.3900   1.3849   1.3767   1.3616   1.3314   1.2632   1.1373   0.8238
  0.3305  -0.3148  -1.1076  -2.0953  -3.3780  -5.1233  -7.5979 -11.2252 -16.6771
-25.0196 -36.8154 -36.8154 -36.8154 -36.8154 -36.8154 -36.8154 -36.8154 -36.8154
-36.8154 -36.8154 -36.8154 -36.8154 -36.8154 -36.8154 -36.8154 -36.8154 -36.8154
-36.8154 -36.8154 -36.8154 -36.8154 -36.8154
 -2.0000   1.3900   1.3849   1.3767   1.3616   1.3314   1.2632   1.1373   0.8238
  0.3305  -0.3148  -1.1076  -2.0953  -3.3780  -5.1233  -7.5979 -11.2252 -16.6771
-25.0196 -36.8154 -36.8154 -36.8154 -36.8154 -36.8154 -36.8154 -36.8154 -36.8154
-36.8154 -36.8154 -36.8154 -36.8154 -36.8154 -36.8154 -36.8154 -36.8154 -36.8154
-36.8154 -36.8154 -36.8154 -36.8154 -36.8154
 -1.0000   1.3900   1.3849   1.3767   1.3616   1.3313   1.2632   1.1373   0.8239
  0.3306  -0.3148  -1.1076  -2.0953  -3.3780  -5.1233  -7.5979 -11.2252 -16.6771
-25.0196 -36.8154 -36.8154 -36.8154 -36.8154 -36.8154 -36.8154 -36.8154 -36.8154
-36.8154 -36.8154 -36.8154 -36.8154 -36.8154 -36.8154 -36.8154 -36.8154 -36.8154
-36.8154 -36.8154 -36.8154 -36.8154 -36.8154
  0.0000   1.3900   1.3849   1.3766   1.3616   1.3313   1.2633   1.1373   0.8239
  0.3306  -0.3147  -1.1076  -2.0953  -3.3780  -5.1233  -7.5979 -11.2252 -16.6771
-25.0196 -36.8154 -36.8154 -36.8154 -36.8154 -36.8154 -36.8154 -36.8154 -36.8154
-36.8154 -36.8154 -36.8154 -36.8154 -36.8154 -36.8154 -36.8154 -36.8154 -36.8154
-36.8154 -36.8154 -36.8154 -36.8154 -36.8154
  1.0000   1.3900   1.3849   1.3766   1.3616   1.3312   1.2633   1.1372   0.8241
  0.3308  -0.3146  -1.1075  -2.0952  -3.3780  -5.1233  -7.5979 -11.2252 -16.6771
-25.0196 -36.8154 -36.8154 -36.8154 -36.8154 -36.8154 -36.8154 -36.8154 -36.8154
-36.8154 -36.8154 -36.8154 -36.8154 -36.8154 -36.8154 -36.8154 -36.8154 -36.8154
-36.8154 -36.8154 -36.8154 -36.8154 -36.8154
  2.0000   1.3896   1.3848   1.3764   1.3614   1.3308   1.2634   1.1371   0.8243
  0.3309  -0.3146  -1.1075  -2.0953  -3.3780  -5.1233  -7.5979 -11.2252 -16.6772
-25.0196 -36.8155 -36.8155 -36.8155 -36.8155 -36.8155 -36.8155 -36.8155 -36.8155
-36.8155 -36.8155 -36.8155 -36.8155 -36.8155 -36.8155 -36.8155 -36.8155 -36.8155
-36.8155 -36.8155 -36.8155 -36.8155 -36.8155
  3.0000   1.3889   1.3845   1.3762   1.3613   1.3304   1.2636   1.1369   0.8249
  0.3314  -0.3142  -1.1073  -2.0952  -3.3779  -5.1233  -7.5979 -11.2252 -16.6771
-25.0195 -36.8155 -36.8155 -36.8155 -36.8155 -36.8155 -36.8155 -36.8155 -36.8155
-36.8155 -36.8155 -36.8155 -36.8155 -36.8155 -36.8155 -36.8155 -36.8155 -36.8155
-36.8155 -36.8155 -36.8155 -36.8155 -36.8155
-13.0000   1.3900   1.3849   1.3767   1.3616   1.3314   1.2632   1.1373   0.8238
  0.3305  -0.3148  -1.1076  -2.0953  -3.3780  -5.1233  -7.5979 -11.2252 -16.6771
-25.0196 -36.8154 -36.8154 -36.8154 -36.8154 -36.8154 -36.8154 -36.8154 -36.8154
-36.8154 -36.8154 -36.8154 -36.8154 -36.8154 -36.8154 -36.8154 -36.8154 -36.8154
-36.8154 -36.8154 -36.8154 -36.8154 -36.8154
-12.0000   1.3900   1.3849   1.3767   1.3616   1.3314   1.2632   1.1373   0.8238
  0.3305  -0.3148  -1.1076  -2.0953  -3.3780  -5.1233  -7.5979 -11.2252 -16.6771
-25.0196 -36.8154 -36.8154 -36.8154 -36.8154 -36.8154 -36.8154 -36.8154 -36.8154
-36.8154 -36.8154 -36.8154 -36.8154 -36.8154 -36.8154 -36.8154 -36.8154 -36.8154
-36.8154 -36.8154 -36.8154 -36.8154 -36.8154
-11.0000   1.3900   1.3849   1.3767   1.3616   1.3314   1.2632   1.1373   0.8238
  0.3305  -0.3148  -1.1076  -2.0953  -3.3780  -5.1233  -7.5979 -11.2252 -16.6771
-25.0196 -36.8154 -36.8154 -36.8154 -36.8154 -36.8154 -36.8154 -36.8154 -36.8154
-36.8154 -36.8154 -36.8154 -36.8154 -36.8154 -36.8154 -36.8154 -36.8154 -36.8154
-36.8154 -36.8154 -36.8154 -36.8154 -36.8154
-10.0000   1.3900   1.3849   1.3767   1.3616   1.3314   1.2632   1.1373   0.8238
  0.3305  -0.3148  -1.1076  -2.0953  -3.3780  -5.1233  -7.5979 -11.2252 -16.6771
-25.0196 -36.8154 -36.8154 -36.8154 -36.8154 -36.8154 -36.8154 -36.8154 -36.8154
-36.8154 -36.8154 -36.8154 -36.8154 -36.8154 -36.8154 -36.8154 -36.8154 -36.8154
-36.8154 -36.8154 -36.8154 -36.8154 -36.8154
 11.0000   1.3900   1.3849   1.3767   1.3616   1.3313   1.2632   1.1373   0.8239
  0.3306  -0.3148  -1.1076  -2.0953  -3.3780  -5.1233  -7.5979 -11.2252 -16.6771
-25.0196 -36.8154 -36.8154 -36.8154 -36.8154 -36.8154 -36.8154 -36.8154 -36.8154
-36.8154 -36.8154 -36.8154 -36.8154 -36.8154 -36.8154 -36.8154 -36.8154 -36.8154
-36.8154 -36.8154 -36.8154 -36.8154 -36.8154
 12.0000   1.3900   1.3849   1.3766   1.3616   1.3313   1.2633   1.1373   0.8239
  0.3306  -0.3147  -1.1076  -2.0953  -3.3780  -5.1233  -7.5979 -11.2252 -16.6771
-25.0196 -36.8154 -36.8154 -36.8154 -36.8154 -36.8154 -36.8154 -36.8154 -36.8154
-36.8154 -36.8154 -36.8154 -36.8154 -36.8154 -36.8154 -36.8154 -36.8154 -36.8154
-36.8154 -36.8154 -36.8154 -36.8154 -36.8154
 13.0000   1.3900   1.3849   1.3766   1.3616   1.3312   1.2633   1.1372   0.8241
  0.3307  -0.3147  -1.1075  -2.0952  -3.3780  -5.1233  -7.5979 -11.2252 -16.6771
-25.0195 -36.8154 -36.8154 -36.8154 -36.8154 -36.8154 -36.8154 -36.8154 -36.8154
-36.8154 -36.8154 -36.8154 -36.8154 -36.8154 -36.8154 -36.8154 -36.8154 -36.8154
-36.8154 -36.8154 -36.8154 -36.8154 -36.8154
-23.0000   1.3906   1.3855   1.3773   1.3622   1.3320   1.2638   1.1379   0.8244
  0.3311  -0.3142  -1.1070  -2.0947  -3.3774  -5.1227  -7.5973 -11.2246 -16.6765
-25.0190 -36.8148 -36.8148 -36.8148 -36.8148 -36.8148 -36.8148 -36.8148 -36.8148
-36.8148 -36.8148 -36.8148 -36.8148 -36.8148 -36.8148 -36.8148 -36.8148 -36.8148
-36.8148 -36.8148 -36.8148 -36.8148 -36.8148
-22.0000   1.3906   1.3855   1.3773   1.3622   1.3320   1.2638   1.1379   0.8244
  0.3311  -0.3142  -1.1070  -2.0947  -3.3774  -5.1227  -7.5973 -11.2246 -16.6765
-25.0190 -36.8148 -36.8148 -36.8148 -36.8148 -36.8148 -36.8148 -36.8148 -36.8148
-36.8148 -36.8148 -36.8148 -36.8148 -36.8148 -36.8148 -36.8148 -36.8148 -36.8148
-36.8148 -36.8148 -36.8148 -36.8148 -36.8148
-21.0000   1.3906   1.3855   1.3773   1.3622   1.3320   1.2638   1.1379   0.8244
  0.3311  -0.3142  -1.1070  -2.0947  -3.3774  -5.1227  -7.5973 -11.2246 -16.6765
-25.0190 -36.8148 -36.8148 -36.8148 -36.8148 -36.8148 -36.8148 -36.8148 -36.8148
-36.8148 -36.8148 -36.8148 -36.8148 -36.8148 -36.8148 -36.8148 -36.8148 -36.8148
-36.8148 -36.8148 -36.8148 -36.8148 -36.8148
-20.0000   1.3906   1.3855   1.3773   1.3622   1.3320   1.2638   1.1379   0.8244
  0.3311  -0.3142  -1.1070  -2.0947  -3.3774  -5.1227  -7.5973 -11.2246 -16.6765
-25.0190 -36.8148 -36.8148 -36.8148 -36.8148 -36.8148 -36.8148 -36.8148 -36.8148
-36.8148 -36.8148 -36.8148 -36.8148 -36.8148 -36.8148 -36.8148 -36.8148 -36.8148
-36.8148 -36.8148 -36.8148 -36.8148 -36.8148
 21.0000   1.3906   1.3855   1.3773   1.3622   1.3320   1.2638   1.1379   0.8244
  0.3311  -0.3142  -1.1070  -2.0947  -3.3774  -5.1227  -7.5973 -11.2246 -16.6765
-25.0190 -36.8148 -36.8148 -36.8148 -36.8148 -36.8148 -36.8148 -36.8148 -36.8148
-36.8148 -36.8148 -36.8148 -36.8148 -36.8148 -36.8148 -36.8148 -36.8148 -36.8148
-36.8148 -36.8148 -36.8148 -36.8148 -36.8148
 22.0000   1.3906   1.3855   1.3773   1.3622   1.3320   1.2638   1.1379   0.8244
  0.3311  -0.3142  -1.1070  -2.0947  -3.3774  -5.1227  -7.5973 -11.2246 -16.6765
-25.0190 -36.8148 -36.8148 -36.8148 -36.8148 -36.8148 -36.8148 -36.8148 -36.8148
-36.8148 -36.8148 -36.8148 -36.8148 -36.8148 -36.8148 -36.8148 -36.8148 -36.8148
-36.8148 -36.8148 -36.8148 -36.8148 -36.8148
 23.0000   1.3899   1.3848   1.3766   1.3615   1.3313   1.2631   1.1372   0.8238
  0.3304  -0.3149  -1.1077  -2.0954  -3.3781  -5.1234  -7.5980 -11.2253 -16.6772
-25.0197 -36.8155 -36.8155 -36.8155 -36.8155 -36.8155 -36.8155 -36.8155 -36.8155
-36.8155 -36.8155 -36.8155 -36.8155 -36.8155 -36.8155 -36.8155 -36.8155 -36.8155
-36.8155 -36.8155 -36.8155 -36.8155 -36.8155
-33.0000   1.3906   1.3855   1.3773   1.3622   1.3320   1.2638   1.1379   0.8244
  0.3311  -0.3142  -1.1070  -2.0947  -3.3774  -5.1227  -7.5973 -11.2246 -16.6765
-25.0190 -36.8148 -36.8148 -36.8148 -36.8148 -36.8148 -36.8148 -36.8148 -36.8148
-36.8148 -36.8148 -36.8148 -36.8148 -36.8148 -36.8148 -36.8148 -36.8148 -36.8148
-36.8148 -36.8148 -36.8148 -36.8148 -36.8148
-32.0000   1.3906   1.3855   1.3773   1.3622   1.3320   1.2638   1.1379   0.8244
  0.3311  -0.3142  -1.1070  -2.0947  -3.3774  -5.1227  -7.5973 -11.2246 -16.6765
-25.0190 -36.8148 -36.8148 -36.8148 -36.8148 -36.8148 -36.8148 -36.8148 -36.8148
-36.8148 -36.8148 -36.8148 -36.8148 -36.8148 -36.8148 -36.8148 -36.8148 -36.8148
-36.8148 -36.8148 -36.8148 -36.8148 -36.8148
-31.0000   1.3906   1.3855   1.3773   1.3622   1.3320   1.2638   1.1379   0.8244
  0.3311  -0.3142  -1.1070  -2.0947  -3.3774  -5.1227  -7.5973 -11.2246 -16.6765
-25.0190 -36.8148 -36.8148 -36.8148 -36.8148 -36.8148 -36.8148 -36.8148 -36.8148
-36.8148 -36.8148 -36.8148 -36.8148 -36.8148 -36.8148 -36.8148 -36.8148 -36.8148
-36.8148 -36.8148 -36.8148 -36.8148 -36.8148
-30.0000   1.3906   1.3855   1.3773   1.3622   1.3320   1.2638   1.1379   0.8244
  0.3311  -0.3142  -1.1070  -2.0947  -3.3774  -5.1227  -7.5973 -11.2246 -16.6765
-25.0190 -36.8148 -36.8148 -36.8148 -36.8148 -36.8148 -36.8148 -36.8148 -36.8148
-36.8148 -36.8148 -36.8148 -36.8148 -36.8148 -36.8148 -36.8148 -36.8148 -36.8148
-36.8148 -36.8148 -36.8148 -36.8148 -36.8148
 31.0000   1.3906   1.3855   1.3773   1.3622   1.3320   1.2638   1.1379   0.8244
  0.3311  -0.3142  -1.1070  -2.0947  -3.3774  -5.1227  -7.5973 -11.2246 -16.6765
-25.0190 -36.8148 -36.8148 -36.8148 -36.8148 -36.8148 -36.8148 -36.8148 -36.8148
-36.8148 -36.8148 -36.8148 -36.8148 -36.8148 -36.8148 -36.8148 -36.8148 -36.8148
-36.8148 -36.8148 -36.8148 -36.8148 -36.8148
 32.0000   1.3906   1.3855   1.3773   1.3622   1.3320   1.2638   1.1379   0.8244
  0.3311  -0.3142  -1.1070  -2.0947  -3.3774  -5.1227  -7.5973 -11.2246 -16.6765
-25.0190 -36.8148 -36.8148 -36.8148 -36.8148 -36.8148 -36.8148 -36.8148 -36.8148
-36.8148 -36.8148 -36.8148 -36.8148 -36.8148 -36.8148 -36.8148 -36.8148 -36.8148
-36.8148 -36.8148 -36.8148 -36.8148 -36.8148
 33.0000   1.3898   1.3847   1.3765   1.3614   1.3312   1.2630   1.1371   0.8236
  0.3303  -0.3150  -1.1078  -2.0955  -3.3782  -5.1235  -7.5981 -11.2254 -16.6773
-25.0198 -36.8156 -36.8156 -36.8156 -36.8156 -36.8156 -36.8156 -36.8156 -36.8156
-36.8156 -36.8156 -36.8156 -36.8156 -36.8156 -36.8156 -36.8156 -36.8156 -36.8156
-36.8156 -36.8156 -36.8156 -36.8156 -36.8156
nl= 1 nu=13
  0.0000  -0.7852  -0.7852  -0.7852  -0.7852  -0.7852  -0.7852  -0.7852  -0.7852
 -0.7852  -0.7853  -0.7855  -0.7861  -0.7875  -0.7911  -0.8002  -0.8229  -0.8800
 -1.0232  -1.3830  -2.2846  -4.4034  -5.5385  -6.0941  -6.6626  -7.4023  -7.9259
 -8.4543  -8.9980  -9.5664 -10.1742 -10.8447 -11.6148 -12.5427 -13.7208 -15.2956
-17.4990 -20.6986 -25.4772 -32.7583 -37.0058
  0.0000  -0.9301  -0.9301  -0.9301  -0.9301  -0.9301  -0.9301  -0.9301  -0.9302
 -0.9302  -0.9302  -0.9303  -0.9306  -0.9313  -0.9331  -0.9377  -0.9490  -0.9776
 -1.0493  -1.2295  -1.6819  -2.8155  -5.2552  -6.0647  -6.6464  -7.3887  -7.9182
 -8.4476  -8.9920  -9.5607 -10.1686 -10.8393 -11.6095 -12.5374 -13.7156 -15.2904
-17.4937 -20.6934 -25.4720 -32.7531 -37.0006
  0.0000  -1.0799  -1.0799  -1.0799  -1.0799  -1.0799  -1.0799  -1.0799  -1.0799
 -1.0799  -1.0799  -1.0800  -1.0801  -1.0805  -1.0814  -1.0836  -1.0893  -1.1036
 -1.1395  -1.2296  -1.4561  -2.0247  -3.4488  -5.9703  -6.6240  -7.3721  -7.9131
 -8.4442  -8.9899  -9.5591 -10.1675 -10.8384 -11.6087 -12.5367 -13.7149 -15.2897
-17.4931 -20.6927 -25.4714 -32.7525 -37.0000
  0.0000  -1.2314  -1.2314  -1.2314  -1.2314  -1.2314  -1.2314  -1.2314  -1.2314
 -1.2314  -1.2314  -1.2314  -1.2315  -1.2317  -1.2321  -1.2332  -1.2361  -1.2432
 -1.2612  -1.3063  -1.4196  -1.7041  -2.4186  -4.2055  -6.5768  -7.3421  -7.9060
 -8.4404  -8.9883  -9.5588 -10.1677 -10.8389 -11.6094 -12.5376 -13.7159 -15.2908
-17.4942 -20.6938 -25.4724 -32.7536 -37.0011
  0.0000  -1.3808  -1.3808  -1.3808  -1.3808  -1.3808  -1.3808  -1.3808  -1.3808
 -1.3808  -1.3808  -1.3808  -1.3809  -1.3809  -1.3812  -1.3817  -1.3832  -1.3867
 -1.3957  -1.4183  -1.4749  -1.6172  -1.9746  -2.8723  -5.1090  -7.2790  -7.8901
 -8.4306  -8.9826  -9.5551 -10.1652 -10.8370 -11.6078 -12.5362 -13.7146 -15.2896
-17.4931 -20.6928 -25.4714 -32.7525 -37.0001
  0.0000  -1.5313  -1.5313  -1.5313  -1.5313  -1.5313  -1.5313  -1.5313  -1.5313
 -1.5313  -1.5313  -1.5313  -1.5314  -1.5314  -1.5315  -1.5318  -1.5325  -1.5343
 -1.5388  -1.5501  -1.5784  -1.6495  -1.8283  -2.2773  -3.4048  -6.1883  -7.8610
 -8.4152  -8.9746  -9.5503 -10.1623 -10.8353 -11.6068 -12.5355 -13.7143 -15.2893
-17.4928 -20.6926 -25.4712 -32.7525 -37.0001
  0.0000  -1.6858  -1.6858  -1.6858  -1.6858  -1.6858  -1.6858  -1.6858  -1.6858
 -1.6858  -1.6858  -1.6858  -1.6858  -1.6858  -1.6859  -1.6860  -1.6864  -1.6873
 -1.6895  -1.6952  -1.7093  -1.7449  -1.8343  -2.0588  -2.6227  -4.0390  -7.3851
 -8.3922  -8.9648  -9.5465 -10.1616 -10.8365 -11.6091 -12.5384 -13.7175 -15.2928
-17.4965 -20.6964 -25.4751 -32.7563 -37.0041
  0.0000  -0.4477  -0.4477  -0.4477  -0.4477  -0.4477  -0.4477  -0.4478  -0.4478
 -0.4480  -0.4484  -0.4495  -0.4521  -0.4587  -0.4753  -0.5170  -0.6218  -0.8847
 -1.5427  -3.1230  -4.4999  -5.0605  -5.6318  -6.2734  -6.9109  -7.4371  -7.9751
 -8.5340  -9.1266  -9.7730 -10.5047 -11.3718 -12.4534 -13.8753 -15.8363 -18.6517
-22.8215 -29.1376 -36.9999 -36.9999 -36.9999
  0.0000  -0.5974  -0.5974  -0.5974  -0.5974  -0.5974  -0.5974  -0.5974  -0.5974
 -0.5975  -0.5977  -0.5982  -0.5996  -0.6029  -0.6112  -0.6322  -0.6847  -0.8168
 -1.1483  -1.9779  -3.9089  -5.0279  -5.6172  -6.2650  -6.9067  -7.4354  -7.9741
 -8.5336  -9.1264  -9.7730 -10.5048 -11.3719 -12.4536 -13.8754 -15.8364 -18.6519
-22.8217 -29.1378 -37.0001 -37.0001 -37.0001
  0.0000  -0.7471  -0.7471  -0.7471  -0.7471  -0.7471  -0.7471  -0.7471  -0.7471
 -0.7471  -0.7472  -0.7475  -0.7482  -0.7498  -0.7540  -0.7645  -0.7909  -0.8570
 -1.0233  -1.4405  -2.4848  -4.7274  -5.5870  -6.2486  -6.8985  -7.4317  -7.9719
 -8.5321  -9.1255  -9.7723 -10.5043 -11.3715 -12.4533 -13.8752 -15.8362 -18.6517
-22.8215 -29.1376 -36.9999 -36.9999 -36.9999
  0.0000  -0.9034  -0.9034  -0.9034  -0.9034  -0.9034  -0.9034  -0.9034  -0.9034
 -0.9035  -0.9035  -0.9036  -0.9040  -0.9048  -0.9069  -0.9121  -0.9253  -0.9585
 -1.0417  -1.2507  -1.7755  -3.0882  -5.4741  -6.2232  -6.8902  -7.4318  -7.9746
 -8.5364  -9.1305  -9.7778 -10.5100 -11.3774 -12.4593 -13.8813 -15.8423 -18.6578
-22.8276 -29.1438 -37.0061 -37.0061 -37.0061
  0.0000  -1.0476  -1.0476  -1.0476  -1.0476  -1.0476  -1.0476  -1.0476  -1.0476
 -1.0476  -1.0476  -1.0477  -1.0479  -1.0483  -1.0493  -1.0520  -1.0586  -1.0751
 -1.1168  -1.2214  -1.4841  -2.1438  -3.7918  -6.1452  -6.8567  -7.4152  -7.9623
 -8.5268  -9.1224  -9.7704 -10.5031 -11.3708 -12.4529 -13.8749 -15.8361 -18.6517
-22.8215 -29.1377 -37.0000 -37.0000 -37.0000
  0.0000  -1.1979  -1.1979  -1.1979  -1.1979  -1.1979  -1.1979  -1.1979  -1.1979
 -1.1979  -1.1979  -1.1980  -1.1980  -1.1982  -1.1988  -1.2001  -1.2034  -1.2117
 -1.2325  -1.2848  -1.4163  -1.7464  -2.5754  -4.6406  -6.8024  -7.3965  -7.9518
 -8.5207  -9.1186  -9.7681 -10.5017 -11.3699 -12.4523 -13.8745 -15.8357 -18.6514
-22.8212 -29.1374 -36.9999 -36.9999 -36.9999
  0.0000  -1.3499  -1.3499  -1.3499  -1.3499  -1.3499  -1.3499  -1.3499  -1.3499
 -1.3499  -1.3499  -1.3500  -1.3500  -1.3501  -1.3504  -1.3510  -1.3527  -1.3568
 -1.3672  -1.3934  -1.4591  -1.6242  -2.0390  -3.0804  -5.6553  -7.3647  -7.9357
 -8.5124  -9.1145  -9.7661 -10.5011 -11.3702 -12.4530 -13.8756 -15.8369 -18.6528
-22.8227 -29.1389 -37.0015 -37.0015 -37.0015
  0.0000  -0.1198  -0.1198  -0.1198  -0.1199  -0.1199  -0.1199  -0.1200  -0.1203
 -0.1211  -0.1230  -0.1278  -0.1398  -0.1699  -0.2456  -0.4353  -0.9087  -2.0457
 -3.4526  -4.0447  -4.5984  -5.1912  -5.9017  -6.4269  -6.9601  -7.5111  -8.0907
 -8.7165  -9.4153 -10.2302 -11.2291 -12.5198 -14.2729 -16.7588 -20.4064 -25.8948
-34.3010 -36.9999 -36.9999 -36.9999 -36.9999
  0.0000  -0.2671  -0.2671  -0.2671  -0.2671  -0.2672  -0.2672  -0.2672  -0.2674
 -0.2678  -0.2687  -0.2712  -0.2772  -0.2925  -0.3307  -0.4268  -0.6678  -1.2695
 -2.6957  -3.9963  -4.5798  -5.1815  -5.8948  -6.4244  -6.9585  -7.5102  -8.0902
 -8.7161  -9.4151 -10.2301 -11.2290 -12.5197 -14.2728 -16.7588 -20.4064 -25.8948
-34.3010 -36.9999 -36.9999 -36.9999 -36.9999
  0.0000  -0.4157  -0.4157  -0.4157  -0.4157  -0.4158  -0.4158  -0.4158  -0.4159
 -0.4161  -0.4165  -0.4178  -0.4208  -0.4285  -0.4477  -0.4961  -0.6176  -0.9223
 -1.6835  -3.4330  -4.5412  -5.1629  -5.8827  -6.4199  -6.9558  -7.5086  -8.0892
 -8.7156  -9.4147 -10.2299 -11.2289 -12.5197 -14.2728 -16.7588 -20.4063 -25.8948
-34.3010 -36.9999 -36.9999 -36.9999 -36.9999
  0.0000  -0.5648  -0.5648  -0.5648  -0.5648  -0.5648  -0.5648  -0.5648  -0.5648
 -0.5649  -0.5652  -0.5658  -0.5673  -0.5712  -0.5808  -0.6051  -0.6661  -0.8193
 -1.2036  -2.1637  -4.2182  -5.1263  -5.8597  -6.4122  -6.9507  -7.5057  -8.0874
 -8.7143  -9.4138 -10.2291 -11.2284 -12.5192 -14.2724 -16.7584 -20.4060 -25.8945
-34.3007 -36.9996 -36.9996 -36.9996 -36.9996
  0.0000  -0.7149  -0.7149  -0.7149  -0.7149  -0.7149  -0.7149  -0.7149  -0.7149
 -0.7150  -0.7151  -0.7154  -0.7162  -0.7181  -0.7230  -0.7351  -0.7657  -0.8425
 -1.0353  -1.5193  -2.7277  -4.9763  -5.8164  -6.3994  -6.9432  -7.5013  -8.0849
 -8.7129  -9.4132 -10.2289 -11.2282 -12.5192 -14.2726 -16.7586 -20.4062 -25.8948
-34.3010 -36.9999 -36.9999 -36.9999 -36.9999
  0.0000  -0.8647  -0.8647  -0.8647  -0.8647  -0.8647  -0.8647  -0.8647  -0.8647
 -0.8648  -0.8648  -0.8650  -0.8653  -0.8663  -0.8687  -0.8748  -0.8901  -0.9286
 -1.0251  -1.2677  -1.8764  -3.3952  -5.7166  -6.3760  -6.9295  -7.4936  -8.0800
 -8.7098  -9.4111 -10.2274 -11.2272 -12.5185 -14.2719 -16.7581 -20.4057 -25.8943
-34.3006 -36.9996 -36.9996 -36.9996 -36.9996
  0.0000  -1.0171  -1.0171  -1.0171  -1.0171  -1.0171  -1.0171  -1.0171  -1.0171
 -1.0171  -1.0171  -1.0172  -1.0174  -1.0179  -1.0191  -1.0221  -1.0298  -1.0490
 -1.0973  -1.2187  -1.5236  -2.2889  -4.1949  -6.3336  -6.9094  -7.4834  -8.0749
 -8.7074  -9.4103 -10.2278 -11.2283 -12.5199 -14.2735 -16.7598 -20.4077 -25.8962
-34.3026 -37.0017 -37.0017 -37.0017 -37.0017
  0.0000   0.1976   0.1976   0.1976   0.1976   0.1975   0.1973   0.1968   0.1954
  0.1921   0.1837   0.1627   0.1099  -0.0221  -0.3497  -1.1291  -2.3555  -3.0223
 -3.5815  -4.1520  -4.8916  -5.4170  -5.9465  -6.4909  -7.0596  -7.6677  -8.3384
 -9.1086 -10.0366 -11.2148 -12.7896 -14.9930 -18.1926 -22.9712 -30.2524 -36.9998
-36.9998 -36.9998 -36.9998 -36.9998 -36.9998
  0.0000   0.0565   0.0565   0.0565   0.0565   0.0564   0.0563   0.0560   0.0554
  0.0536   0.0493   0.0385   0.0112  -0.0572  -0.2284  -0.6541  -1.6604  -2.9397
 -3.5566  -4.1403  -4.8824  -5.4137  -5.9445  -6.4898  -7.0590  -7.6673  -8.3383
 -9.1085 -10.0366 -11.2148 -12.7896 -14.9930 -18.1927 -22.9713 -30.2525 -36.9999
-36.9999 -36.9999 -36.9999 -36.9999 -36.9999
  0.0000  -0.0898  -0.0898  -0.0898  -0.0898  -0.0898  -0.0899  -0.0900  -0.0904
 -0.0912  -0.0934  -0.0990  -0.1129  -0.1478  -0.2354  -0.4549  -1.0010  -2.2748
 -3.5016  -4.1192  -4.8668  -5.4098  -5.9424  -6.4893  -7.0593  -7.6682  -8.3393
 -9.1099 -10.0380 -11.2163 -12.7912 -14.9946 -18.1943 -22.9729 -30.2540 -37.0015
-37.0015 -37.0015 -37.0015 -37.0015 -37.0015
  0.0000  -0.2355  -0.2355  -0.2355  -0.2355  -0.2355  -0.2355  -0.2356  -0.2358
 -0.2362  -0.2373  -0.2401  -0.2472  -0.2648  -0.3092  -0.4205  -0.6996  -1.3947
 -2.9689  -4.0725  -4.8331  -5.3989  -5.9351  -6.4845  -7.0560  -7.6656  -8.3372
 -9.1080 -10.0364 -11.2148 -12.7898 -14.9932 -18.1929 -22.9716 -30.2527 -37.0002
-37.0002 -37.0002 -37.0002 -37.0002 -37.0002
  0.0000  -0.3892  -0.3892  -0.3892  -0.3892  -0.3892  -0.3892  -0.3892  -0.3893
 -0.3895  -0.3901  -0.3915  -0.3950  -0.4039  -0.4263  -0.4824  -0.6232  -0.9764
 -1.8565  -3.7340  -4.7764  -5.3878  -5.9303  -6.4841  -7.0577  -7.6688  -8.3412
 -9.1124 -10.0411 -11.2197 -12.7949 -14.9984 -18.1981 -22.9768 -30.2580 -37.0055
-37.0055 -37.0055 -37.0055 -37.0055 -37.0055
  0.0000  -0.5329  -0.5329  -0.5329  -0.5329  -0.5329  -0.5329  -0.5329  -0.5329
 -0.5331  -0.5333  -0.5340  -0.5358  -0.5403  -0.5515  -0.5797  -0.6504  -0.8281
 -1.2738  -2.3845  -4.5437  -5.3528  -5.9078  -6.4689  -7.0464  -7.6596  -8.3335
 -9.1056 -10.0348 -11.2137 -12.7889 -14.9926 -18.1924 -22.9711 -30.2523 -37.0000
-37.0000 -37.0000 -37.0000 -37.0000 -37.0000
  0.0000  -0.6822  -0.6822  -0.6822  -0.6822  -0.6822  -0.6822  -0.6822  -0.6822
 -0.6823  -0.6824  -0.6828  -0.6837  -0.6859  -0.6915  -0.7056  -0.7411  -0.8302
 -1.0539  -1.6153  -3.0146  -5.2651  -5.8802  -6.4534  -7.0368  -7.6535  -8.3293
 -9.1029 -10.0328 -11.2122 -12.7878 -14.9917 -18.1917 -22.9705 -30.2518 -36.9995
-36.9995 -36.9995 -36.9995 -36.9995 -36.9995
  0.0000   0.4863   0.4863   0.4863   0.4861   0.4858   0.4850   0.4828   0.4775
  0.4642   0.4309   0.3476   0.1426  -0.3396  -1.2257  -1.9736  -2.5455  -3.1220
 -3.7659  -4.4049  -4.9332  -5.4724  -6.0321  -6.6252  -7.2719  -8.0038  -8.8710
 -9.9527 -11.3746 -13.3356 -16.1511 -20.3208 -26.6369 -36.3549 -36.9993 -36.9993
-36.9993 -36.9993 -36.9993 -36.9993 -36.9993
  0.0000   0.3617   0.3617   0.3617   0.3616   0.3614   0.3610   0.3598   0.3569
  0.3497   0.3314   0.2857   0.1715  -0.1102  -0.7691  -1.8269  -2.5121  -3.1063
 -3.7564  -4.3997  -4.9305  -5.4708  -6.0312  -6.6246  -7.2715  -8.0036  -8.8708
 -9.9526 -11.3745 -13.3356 -16.1510 -20.3208 -26.6369 -36.3549 -36.9993 -36.9993
-36.9993 -36.9993 -36.9993 -36.9993 -36.9993
  0.0000   0.2279   0.2279   0.2278   0.2278   0.2277   0.2275   0.2269   0.2253
  0.2215   0.2118   0.1876   0.1268  -0.0250  -0.4003  -1.2711  -2.4189  -3.0761
 -3.7393  -4.3906  -4.9262  -5.4681  -6.0295  -6.6237  -7.2710  -8.0033  -8.8707
 -9.9526 -11.3745 -13.3356 -16.1511 -20.3209 -26.6370 -36.3550 -36.9994 -36.9994
-36.9994 -36.9994 -36.9994 -36.9994 -36.9994
  0.0000   0.0859   0.0859   0.0859   0.0859   0.0858   0.0857   0.0854   0.0846
  0.0826   0.0776   0.0651   0.0336  -0.0455  -0.2432  -0.7327  -1.8519  -3.0102
 -3.7090  -4.3766  -4.9208  -5.4655  -6.0287  -6.6239  -7.2718  -8.0045  -8.8721
 -9.9542 -11.3763 -13.3374 -16.1529 -20.3227 -26.6389 -36.3569 -37.0013 -37.0013
-37.0013 -37.0013 -37.0013 -37.0013 -37.0013
  0.0000  -0.0566  -0.0566  -0.0566  -0.0566  -0.0567  -0.0567  -0.0569  -0.0573
 -0.0583  -0.0608  -0.0673  -0.0834  -0.1238  -0.2252  -0.4791  -1.1087  -2.5121
 -3.6439  -4.3468  -4.9070  -5.4564  -6.0225  -6.6195  -7.2684  -8.0018  -8.8699
 -9.9521 -11.3743 -13.3356 -16.1512 -20.3211 -26.6373 -36.3552 -36.9997 -36.9997
-36.9997 -36.9997 -36.9997 -36.9997 -36.9997
  0.0000  -0.2091  -0.2091  -0.2091  -0.2091  -0.2091  -0.2091  -0.2092  -0.2094
 -0.2099  -0.2112  -0.2145  -0.2226  -0.2431  -0.2945  -0.4236  -0.7469  -1.5496
 -3.2654  -4.3005  -4.8932  -5.4501  -6.0210  -6.6206  -7.2713  -8.0057  -8.8745
 -9.9573 -11.3797 -13.3411 -16.1568 -20.3267 -26.6429 -36.3610 -37.0055 -37.0055
-37.0055 -37.0055 -37.0055 -37.0055 -37.0055
  0.0000  -0.3518  -0.3518  -0.3518  -0.3518  -0.3518  -0.3519  -0.3519  -0.3520
 -0.3523  -0.3529  -0.3545  -0.3586  -0.3690  -0.3949  -0.4599  -0.6233  -1.0328
 -2.0510  -4.0567  -4.8563  -5.4262  -6.0043  -6.6081  -7.2613  -7.9973  -8.8672
 -9.9505 -11.3734 -13.3350 -16.1509 -20.3210 -26.6372 -36.3554 -37.0000 -37.0000
-37.0000 -37.0000 -37.0000 -37.0000 -37.0000
  0.0000   0.7107   0.7106   0.7104   0.7100   0.7089   0.7063   0.6996   0.6830
  0.6415   0.5395   0.2989  -0.1982  -0.8842  -1.5012  -2.0732  -2.6751  -3.3897
 -3.9191  -4.4549  -5.0075  -5.5881  -6.2145  -6.9137  -7.7288  -8.7279 -10.0187
-11.7718 -14.2578 -17.9054 -23.3939 -31.8001 -36.9989 -36.9989 -36.9989 -36.9989
-36.9989 -36.9989 -36.9989 -36.9989 -36.9989
  0.0000   0.6204   0.6203   0.6202   0.6199   0.6193   0.6176   0.6135   0.6032
  0.5772   0.5127   0.3544  -0.0144  -0.7145  -1.4509  -2.0545  -2.6648  -3.3822
 -3.9160  -4.4527  -5.0063  -5.5875  -6.2140  -6.9134  -7.7286  -8.7278 -10.0186
-11.7717 -14.2578 -17.9053 -23.3939 -31.8001 -36.9989 -36.9989 -36.9989 -36.9989
-36.9989 -36.9989 -36.9989 -36.9989 -36.9989
  0.0000   0.5129   0.5128   0.5128   0.5126   0.5122   0.5113   0.5089   0.5029
  0.4878   0.4499   0.3558   0.1249  -0.4073  -1.3002  -2.0157  -2.6458  -3.3688
 -3.9105  -4.4493  -5.0041  -5.5860  -6.2132  -6.9128  -7.7283  -8.7276 -10.0185
-11.7717 -14.2577 -17.9053 -23.3938 -31.8001 -36.9989 -36.9989 -36.9989 -36.9989
-36.9989 -36.9989 -36.9989 -36.9989 -36.9989
  0.0000   0.3909   0.3909   0.3909   0.3908   0.3906   0.3901   0.3888   0.3854
  0.3771   0.3562   0.3038   0.1731  -0.1475  -0.8785  -1.9080  -2.6104  -3.3453
 -3.9017  -4.4437  -5.0007  -5.5840  -6.2120  -6.9122  -7.7279  -8.7274 -10.0184
-11.7717 -14.2578 -17.9055 -23.3940 -31.8003 -36.9991 -36.9991 -36.9991 -36.9991
-36.9991 -36.9991 -36.9991 -36.9991 -36.9991
  0.0000   0.2573   0.2573   0.2573   0.2573   0.2571   0.2569   0.2562   0.2544
  0.2500   0.2388   0.2109   0.1409  -0.0340  -0.4640  -1.4302  -2.5320  -3.3042
 -3.8889  -4.4357  -4.9964  -5.5817  -6.2111  -6.9122  -7.7285  -8.7283 -10.0195
-11.7730 -14.2592 -17.9069 -23.3955 -31.8017 -37.0006 -37.0006 -37.0006 -37.0006
-37.0006 -37.0006 -37.0006 -37.0006 -37.0006
  0.0000   0.1195   0.1195   0.1195   0.1195   0.1194   0.1193   0.1189   0.1180
  0.1157   0.1099   0.0954   0.0589  -0.0325  -0.2609  -0.8243  -2.0653  -3.2211
 -3.8652  -4.4196  -4.9859  -5.5747  -6.2060  -6.9085  -7.7256  -8.7260 -10.0176
-11.7713 -14.2576 -17.9053 -23.3940 -31.8004 -36.9993 -36.9993 -36.9993 -36.9993
-36.9993 -36.9993 -36.9993 -36.9993 -36.9993
  0.0000  -0.0244  -0.0244  -0.0245  -0.0245  -0.0245  -0.0246  -0.0248  -0.0252
 -0.0264  -0.0294  -0.0368  -0.0554  -0.1023  -0.2198  -0.5138  -1.2410  -2.8015
 -3.8266  -4.3984  -4.9727  -5.5662  -6.2006  -6.9049  -7.7235  -8.7248 -10.0169
-11.7708 -14.2573 -17.9053 -23.3939 -31.8004 -36.9995 -36.9995 -36.9995 -36.9995
-36.9995 -36.9995 -36.9995 -36.9995 -36.9995
  0.0000   0.8382   0.8381   0.8377   0.8369   0.8347   0.8293   0.8158   0.7822
  0.7007   0.5127   0.1385  -0.4093  -0.9971  -1.6069  -2.3606  -2.8979  -3.4341
 -3.9823  -4.5535  -5.1629  -5.8344  -6.6051  -7.5334  -8.7118 -10.2867 -12.4901
-15.6898 -20.4684 -27.7495 -36.9971 -36.9971 -36.9971 -36.9971 -36.9971 -36.9971
-36.9971 -36.9971 -36.9971 -36.9971 -36.9971
  0.0000   0.7919   0.7918   0.7915   0.7909   0.7892   0.7851   0.7748   0.7491
  0.6858   0.5348   0.2064  -0.3475  -0.9703  -1.5932  -2.3513  -2.8945  -3.4319
 -3.9809  -4.5526  -5.1624  -5.8341  -6.6049  -7.5333  -8.7117 -10.2866 -12.4901
-15.6898 -20.4684 -27.7495 -36.9971 -36.9971 -36.9971 -36.9971 -36.9971 -36.9971
-36.9971 -36.9971 -36.9971 -36.9971 -36.9971
  0.0000   0.7287   0.7286   0.7284   0.7280   0.7268   0.7239   0.7167   0.6986
  0.6536   0.5433   0.2858  -0.2313  -0.9170  -1.5696  -2.3339  -2.8882  -3.4278
 -3.9786  -4.5511  -5.1615  -5.8337  -6.6048  -7.5333  -8.7118 -10.2868 -12.4903
-15.6900 -20.4687 -27.7498 -36.9974 -36.9974 -36.9974 -36.9974 -36.9974 -36.9974
-36.9974 -36.9974 -36.9974 -36.9974 -36.9974
  0.0000   0.6454   0.6454   0.6453   0.6450   0.6443   0.6424   0.6378   0.6262
  0.5971   0.5250   0.3490  -0.0547  -0.7795  -1.5238  -2.3020  -2.8774  -3.4202
 -3.9739  -4.5479  -5.1594  -5.8322  -6.6037  -7.5326  -8.7112 -10.2863 -12.4899
-15.6897 -20.4683 -27.7495 -36.9971 -36.9971 -36.9971 -36.9971 -36.9971 -36.9971
-36.9971 -36.9971 -36.9971 -36.9971 -36.9971
  0.0000   0.5425   0.5424   0.5424   0.5422   0.5418   0.5407   0.5379   0.5311
  0.5139   0.4708   0.3637   0.1026  -0.4865  -1.4031  -2.2432  -2.8610  -3.4084
 -3.9662  -4.5430  -5.1560  -5.8300  -6.6021  -7.5314  -8.7104 -10.2857 -12.4894
-15.6892 -20.4680 -27.7490 -36.9968 -36.9968 -36.9968 -36.9968 -36.9968 -36.9968
-36.9968 -36.9968 -36.9968 -36.9968 -36.9968
  0.0000   0.4227   0.4226   0.4226   0.4225   0.4223   0.4217   0.4201   0.4163
  0.4067   0.3827   0.3224   0.1724  -0.1942  -1.0116  -2.1187  -2.8364  -3.3919
 -3.9557  -4.5361  -5.1518  -5.8272  -6.6006  -7.5306  -8.7101 -10.2857 -12.4895
-15.6894 -20.4682 -27.7495 -36.9973 -36.9973 -36.9973 -36.9973 -36.9973 -36.9973
-36.9973 -36.9973 -36.9973 -36.9973 -36.9973
  0.0000   0.2916   0.2916   0.2916   0.2916   0.2914   0.2911   0.2903   0.2883
  0.2831   0.2703   0.2380   0.1570  -0.0450  -0.5407  -1.6405  -2.7794  -3.3681
 -3.9405  -4.5257  -5.1448  -5.8228  -6.5974  -7.5286  -8.7088 -10.2848 -12.4889
-15.6891 -20.4680 -27.7492 -36.9973 -36.9973 -36.9973 -36.9973 -36.9973 -36.9973
-36.9973 -36.9973 -36.9973 -36.9973 -36.9973
  0.0000   0.8924   0.8922   0.8918   0.8906   0.8878   0.8806   0.8627   0.8185
  0.7131   0.4832   0.0726  -0.4823  -1.1523  -1.8526  -2.4019  -2.9524  -3.5184
 -4.1152  -4.7641  -5.4973  -6.3652  -7.4475  -8.8696 -10.8308 -13.6464 -17.8162
-24.1324 -33.8505 -36.9948 -36.9948 -36.9948 -36.9948 -36.9948 -36.9948 -36.9948
-36.9948 -36.9948 -36.9948 -36.9948 -36.9948
  0.0000   0.8693   0.8691   0.8687   0.8677   0.8652   0.8590   0.8434   0.8048
  0.7119   0.5025   0.1050  -0.4595  -1.1405  -1.8486  -2.4008  -2.9518  -3.5181
 -4.1151  -4.7640  -5.4972  -6.3651  -7.4474  -8.8695 -10.8307 -13.6463 -17.8161
-24.1323 -33.8504 -36.9947 -36.9947 -36.9947 -36.9947 -36.9947 -36.9947 -36.9947
-36.9947 -36.9947 -36.9947 -36.9947 -36.9947
  0.0000   0.8455   0.8454   0.8450   0.8441   0.8420   0.8365   0.8230   0.7893
  0.7075   0.5189   0.1405  -0.4316  -1.1235  -1.8391  -2.3962  -2.9488  -3.5162
 -4.1138  -4.7632  -5.4967  -6.3648  -7.4472  -8.8694 -10.8306 -13.6463 -17.8161
-24.1323 -33.8504 -36.9947 -36.9947 -36.9947 -36.9947 -36.9947 -36.9947 -36.9947
-36.9947 -36.9947 -36.9947 -36.9947 -36.9947
  0.0000   0.8098   0.8097   0.8094   0.8087   0.8069   0.8025   0.7916   0.7642
  0.6969   0.5373   0.1937  -0.3834  -1.0955  -1.8230  -2.3884  -2.9434  -3.5128
 -4.1115  -4.7617  -5.4958  -6.3643  -7.4469  -8.8693 -10.8306 -13.6463 -17.8162
-24.1324 -33.8504 -36.9948 -36.9948 -36.9948 -36.9948 -36.9948 -36.9948 -36.9948
-36.9948 -36.9948 -36.9948 -36.9948 -36.9948
  0.0000   0.7544   0.7544   0.7542   0.7537   0.7524   0.7492   0.7412   0.7211
  0.6714   0.5500   0.2691  -0.2842  -1.0415  -1.7968  -2.3766  -2.9348  -3.5070
 -4.1079  -4.7592  -5.4943  -6.3635  -7.4464  -8.8690 -10.8305 -13.6463 -17.8162
-24.1325 -33.8506 -36.9950 -36.9950 -36.9950 -36.9950 -36.9950 -36.9950 -36.9950
-36.9950 -36.9950 -36.9950 -36.9950 -36.9950
  0.0000   0.6759   0.6759   0.6757   0.6754   0.6746   0.6725   0.6672   0.6541
  0.6212   0.5396   0.3413  -0.1093  -0.9095  -1.7497  -2.3604  -2.9224  -3.4983
 -4.1019  -4.7554  -5.4917  -6.3618  -7.4454  -8.8684 -10.8301 -13.6460 -17.8161
-24.1324 -33.8506 -36.9951 -36.9951 -36.9951 -36.9951 -36.9951 -36.9951 -36.9951
-36.9951 -36.9951 -36.9951 -36.9951 -36.9951
  0.0000   0.5743   0.5742   0.5741   0.5740   0.5735   0.5722   0.5691   0.5612
  0.5414   0.4920   0.3692   0.0700  -0.6025  -1.6289  -2.3379  -2.9072  -3.4875
 -4.0943  -4.7505  -5.4887  -6.3599  -7.4445  -8.8682 -10.8302 -13.6465 -17.8166
-24.1330 -33.8512 -36.9959 -36.9959 -36.9959 -36.9959 -36.9959 -36.9959 -36.9959
-36.9959 -36.9959 -36.9959 -36.9959 -36.9959
  0.0000   0.9444   0.9442   0.9436   0.9421   0.9384   0.9292   0.9069   0.8530
  0.7269   0.4603  -0.0120  -0.6935  -1.3310  -1.8984  -2.4693  -3.0611  -3.6941
 -4.3973  -5.2150  -6.2156  -7.5073  -9.2610 -11.7474 -15.3952 -20.8838 -29.2901
-36.9891 -36.9891 -36.9891 -36.9891 -36.9891 -36.9891 -36.9891 -36.9891 -36.9891
-36.9891 -36.9891 -36.9891 -36.9891 -36.9891
  0.0000   0.9132   0.9130   0.9126   0.9114   0.9085   0.9012   0.8833   0.8393
  0.7326   0.4917   0.0291  -0.6698  -1.3303  -1.9022  -2.4734  -3.0642  -3.6959
 -4.3987  -5.2157  -6.2159  -7.5074  -9.2609 -11.7472 -15.3949 -20.8835 -29.2897
-36.9887 -36.9887 -36.9887 -36.9887 -36.9887 -36.9887 -36.9887 -36.9887 -36.9887
-36.9887 -36.9887 -36.9887 -36.9887 -36.9887
  0.0000   0.9010   0.9008   0.9004   0.8993   0.8966   0.8899   0.8731   0.8317
  0.7317   0.5033   0.0505  -0.6555  -1.3252  -1.9000  -2.4722  -3.0635  -3.6956
 -4.3984  -5.2156  -6.2159  -7.5073  -9.2609 -11.7472 -15.3949 -20.8835 -29.2897
-36.9887 -36.9887 -36.9887 -36.9887 -36.9887 -36.9887 -36.9887 -36.9887 -36.9887
-36.9887 -36.9887 -36.9887 -36.9887 -36.9887
  0.0000   0.8921   0.8919   0.8915   0.8905   0.8879   0.8815   0.8654   0.8257
  0.7297   0.5107   0.0672  -0.6402  -1.3048  -1.8940  -2.4682  -3.0608  -3.6939
 -4.3973  -5.2148  -6.2154  -7.5070  -9.2607 -11.7470 -15.3948 -20.8834 -29.2897
-36.9887 -36.9887 -36.9887 -36.9887 -36.9887 -36.9887 -36.9887 -36.9887 -36.9887
-36.9887 -36.9887 -36.9887 -36.9887 -36.9887
  0.0000   0.8776   0.8774   0.8771   0.8761   0.8738   0.8679   0.8531   0.8165
  0.7274   0.5212   0.0918  -0.6167  -1.2934  -1.8851  -2.4616  -3.0563  -3.6910
 -4.3952  -5.2137  -6.2147  -7.5066  -9.2606 -11.7470 -15.3948 -20.8835 -29.2898
-36.9889 -36.9889 -36.9889 -36.9889 -36.9889 -36.9889 -36.9889 -36.9889 -36.9889
-36.9889 -36.9889 -36.9889 -36.9889 -36.9889
  0.0000   0.8483   0.8482   0.8479   0.8471   0.8451   0.8402   0.8278   0.7969
  0.7210   0.5399   0.1416  -0.5661  -1.2784  -1.8731  -2.4522  -3.0493  -3.6862
 -4.3921  -5.2115  -6.2134  -7.5059  -9.2601 -11.7468 -15.3947 -20.8835 -29.2898
-36.9891 -36.9891 -36.9891 -36.9891 -36.9891 -36.9891 -36.9891 -36.9891 -36.9891
-36.9891 -36.9891 -36.9891 -36.9891 -36.9891
  0.0000   0.7960   0.7959   0.7957   0.7951   0.7936   0.7899   0.7807   0.7576
  0.7000   0.5591   0.2283  -0.4445  -1.2496  -1.8587  -2.4409  -3.0402  -3.6796
 -4.3877  -5.2087  -6.2115  -7.5048  -9.2595 -11.7464 -15.3947 -20.8835 -29.2900
-36.9894 -36.9894 -36.9894 -36.9894 -36.9894 -36.9894 -36.9894 -36.9894 -36.9894
-36.9894 -36.9894 -36.9894 -36.9894 -36.9894
  0.0000   1.0800   1.0795   1.0783   1.0753   1.0682   1.0514   1.0111   0.9167
  0.7028   0.2664  -0.3221  -0.8835  -1.4296  -1.9990  -2.6104  -3.2872  -4.0648
 -4.9999  -6.1840  -7.7630  -9.9693 -13.1708 -17.9507 -25.2327 -36.4806 -36.9815
-36.9815 -36.9815 -36.9815 -36.9815 -36.9815 -36.9815 -36.9815 -36.9815 -36.9815
-36.9815 -36.9815 -36.9815 -36.9815 -36.9815
  0.0000   0.9875   0.9873   0.9865   0.9848   0.9805   0.9703   0.9461   0.8874
  0.7442   0.4152  -0.1735  -0.8007  -1.4004  -1.9976  -2.6226  -3.3033  -4.0793
 -5.0110  -6.1914  -7.7675  -9.9717 -13.1718 -17.9507 -25.2321 -36.4795 -36.9798
-36.9798 -36.9798 -36.9798 -36.9798 -36.9798 -36.9798 -36.9798 -36.9798 -36.9798
-36.9798 -36.9798 -36.9798 -36.9798 -36.9798
  0.0000   0.9668   0.9666   0.9660   0.9645   0.9608   0.9520   0.9308   0.8791
  0.7516   0.4458  -0.1487  -0.7959  -1.4021  -2.0005  -2.6249  -3.3048  -4.0804
 -5.0115  -6.1915  -7.7674  -9.9714 -13.1715 -17.9503 -25.2316 -36.4791 -36.9793
-36.9793 -36.9793 -36.9793 -36.9793 -36.9793 -36.9793 -36.9793 -36.9793 -36.9793
-36.9793 -36.9793 -36.9793 -36.9793 -36.9793
  0.0000   0.9643   0.9641   0.9635   0.9621   0.9586   0.9500   0.9288   0.8771
  0.7510   0.4496  -0.1411  -0.7915  -1.3992  -1.9985  -2.6237  -3.3039  -4.0797
 -5.0111  -6.1912  -7.7672  -9.9712 -13.1713 -17.9502 -25.2315 -36.4790 -36.9792
-36.9792 -36.9792 -36.9792 -36.9792 -36.9792 -36.9792 -36.9792 -36.9792 -36.9792
-36.9792 -36.9792 -36.9792 -36.9792 -36.9792
  0.0000   0.9681   0.9679   0.9673   0.9659   0.9624   0.9536   0.9317   0.8782
  0.7483   0.4429  -0.1402  -0.7864  -1.3935  -1.9938  -2.6201  -3.3017  -4.0781
 -5.0101  -6.1906  -7.7669  -9.9712 -13.1713 -17.9503 -25.2315 -36.4791 -36.9794
-36.9794 -36.9794 -36.9794 -36.9794 -36.9794 -36.9794 -36.9794 -36.9794 -36.9794
-36.9794 -36.9794 -36.9794 -36.9794 -36.9794
  0.0000   0.9692   0.9690   0.9684   0.9670   0.9635   0.9548   0.9330   0.8789
  0.7468   0.4388  -0.1382  -0.7819  -1.3862  -1.9868  -2.6147  -3.2979  -4.0758
 -5.0085  -6.1899  -7.7665  -9.9710 -13.1713 -17.9504 -25.2318 -36.4795 -36.9798
-36.9798 -36.9798 -36.9798 -36.9798 -36.9798 -36.9798 -36.9798 -36.9798 -36.9798
-36.9798 -36.9798 -36.9798 -36.9798 -36.9798
  0.0000   0.9578   0.9575   0.9570   0.9557   0.9525   0.9444   0.9240   0.8732
  0.7482   0.4537  -0.1168  -0.7756  -1.3787  -1.9788  -2.6078  -3.2927  -4.0724
 -5.0065  -6.1885  -7.7659  -9.9708 -13.1715 -17.9507 -25.2321 -36.4799 -36.9804
-36.9804 -36.9804 -36.9804 -36.9804 -36.9804 -36.9804 -36.9804 -36.9804 -36.9804
-36.9804 -36.9804 -36.9804 -36.9804 -36.9804
 -1.0000   1.1360   1.1351   1.1330   1.1285   1.1187   1.0961   1.0435   0.9207
  0.6493   0.1903  -0.3565  -0.9265  -1.5318  -2.1917  -2.9361  -3.8139  -4.9038
 -6.3313  -8.2962 -11.1141 -15.2855 -21.6026 -31.3212 -36.9667 -36.9667 -36.9667
-36.9667 -36.9667 -36.9667 -36.9667 -36.9667 -36.9667 -36.9667 -36.9667 -36.9667
-36.9667 -36.9667 -36.9667 -36.9667 -36.9667
  0.0000   1.1353   1.1345   1.1326   1.1282   1.1183   1.0958   1.0433   0.9208
  0.6498   0.1909  -0.3562  -0.9264  -1.5318  -2.1917  -2.9361  -3.8139  -4.9038
 -6.3313  -8.2962 -11.1141 -15.2855 -21.6026 -31.3212 -36.9667 -36.9667 -36.9667
-36.9667 -36.9667 -36.9667 -36.9667 -36.9667 -36.9667 -36.9667 -36.9667 -36.9667
-36.9667 -36.9667 -36.9667 -36.9667 -36.9667
  0.0000   1.0316   1.0312   1.0302   1.0279   1.0230   1.0127   0.9888   0.9263
  0.7451   0.3145  -0.2871  -0.9023  -1.5325  -2.2022  -2.9479  -3.8233  -4.9100
 -6.3348  -8.2976 -11.1141 -15.2845 -21.6010 -31.3192 -36.9640 -36.9640 -36.9640
-36.9640 -36.9640 -36.9640 -36.9640 -36.9640 -36.9640 -36.9640 -36.9640 -36.9640
-36.9640 -36.9640 -36.9640 -36.9640 -36.9640
  0.0000   1.0124   1.0121   1.0114   1.0097   1.0060   0.9978   0.9788   0.9264
  0.7601   0.3336  -0.2807  -0.9025  -1.5343  -2.2040  -2.9492  -3.8239  -4.9105
 -6.3350  -8.2975 -11.1139 -15.2842 -21.6007 -31.3189 -36.9636 -36.9636 -36.9636
-36.9636 -36.9636 -36.9636 -36.9636 -36.9636 -36.9636 -36.9636 -36.9636 -36.9636
-36.9636 -36.9636 -36.9636 -36.9636 -36.9636
  0.0000   1.0239   1.0236   1.0229   1.0212   1.0169   1.0071   0.9838   0.9240
  0.7502   0.3266  -0.2809  -0.9007  -1.5323  -2.2023  -2.9481  -3.8234  -4.9101
 -6.3349  -8.2977 -11.1142 -15.2845 -21.6010 -31.3192 -36.9640 -36.9640 -36.9640
-36.9640 -36.9640 -36.9640 -36.9640 -36.9640 -36.9640 -36.9640 -36.9640 -36.9640
-36.9640 -36.9640 -36.9640 -36.9640 -36.9640
  0.0000   1.0463   1.0460   1.0451   1.0430   1.0378   1.0252   0.9948   0.9205
  0.7301   0.3086  -0.2847  -0.8982  -1.5282  -2.1989  -2.9458  -3.8222  -4.9094
 -6.3348  -8.2979 -11.1146 -15.2851 -21.6017 -31.3200 -36.9649 -36.9649 -36.9649
-36.9649 -36.9649 -36.9649 -36.9649 -36.9649 -36.9649 -36.9649 -36.9649 -36.9649
-36.9649 -36.9649 -36.9649 -36.9649 -36.9649
  0.0000   1.0651   1.0647   1.0638   1.0614   1.0555   1.0408   1.0048   0.9177
  0.7118   0.2911  -0.2903  -0.8963  -1.5234  -2.1942  -2.9423  -3.8200  -4.9083
 -6.3344  -8.2980 -11.1150 -15.2858 -21.6025 -31.3209 -36.9660 -36.9660 -36.9660
-36.9660 -36.9660 -36.9660 -36.9660 -36.9660 -36.9660 -36.9660 -36.9660 -36.9660
-36.9660 -36.9660 -36.9660 -36.9660 -36.9660
 -2.0000   1.1300   1.1287   1.1265   1.1227   1.1157   1.1007   1.0603   0.9407
  0.6505   0.1769  -0.4083  -1.0569  -1.7788  -2.6127  -3.6258  -4.9262  -6.6857
 -9.1758 -12.8260 -18.3161 -26.7234 -36.9238 -36.9238 -36.9238 -36.9238 -36.9238
-36.9238 -36.9238 -36.9238 -36.9238 -36.9238 -36.9238 -36.9238 -36.9238 -36.9238
-36.9238 -36.9238 -36.9238 -36.9238 -36.9238
 -1.0000   1.1299   1.1287   1.1265   1.1226   1.1156   1.1007   1.0603   0.9407
  0.6507   0.1771  -0.4083  -1.0568  -1.7788  -2.6127  -3.6258  -4.9262  -6.6857
 -9.1758 -12.8260 -18.3161 -26.7234 -36.9238 -36.9238 -36.9238 -36.9238 -36.9238
-36.9238 -36.9238 -36.9238 -36.9238 -36.9238 -36.9238 -36.9238 -36.9238 -36.9238
-36.9238 -36.9238 -36.9238 -36.9238 -36.9238
  0.0000   1.1296   1.1285   1.1264   1.1226   1.1156   1.1006   1.0601   0.9407
  0.6509   0.1773  -0.4081  -1.0568  -1.7787  -2.6127  -3.6258  -4.9262  -6.6857
 -9.1758 -12.8260 -18.3161 -26.7234 -36.9238 -36.9238 -36.9238 -36.9238 -36.9238
-36.9238 -36.9238 -36.9238 -36.9238 -36.9238 -36.9238 -36.9238 -36.9238 -36.9238
-36.9238 -36.9238 -36.9238 -36.9238 -36.9238
  0.0000   1.0172   1.0169   1.0164   1.0163   1.0181   1.0234   1.0248   0.9747
  0.7462   0.2552  -0.3744  -1.0496  -1.7822  -2.6179  -3.6292  -4.9269  -6.6845
 -9.1730 -12.8221 -18.3114 -26.7182 -36.9178 -36.9178 -36.9178 -36.9178 -36.9178
-36.9178 -36.9178 -36.9178 -36.9178 -36.9178 -36.9178 -36.9178 -36.9178 -36.9178
-36.9178 -36.9178 -36.9178 -36.9178 -36.9178
  0.0000   1.0042   1.0041   1.0041   1.0047   1.0075   1.0147   1.0205   0.9775
  0.7555   0.2618  -0.3725  -1.0497  -1.7826  -2.6183  -3.6293  -4.9270  -6.6843
 -9.1727 -12.8217 -18.3110 -26.7177 -36.9173 -36.9173 -36.9173 -36.9173 -36.9173
-36.9173 -36.9173 -36.9173 -36.9173 -36.9173 -36.9173 -36.9173 -36.9173 -36.9173
-36.9173 -36.9173 -36.9173 -36.9173 -36.9173
  0.0000   1.0272   1.0271   1.0271   1.0272   1.0279   1.0302   1.0264   0.9697
  0.7394   0.2530  -0.3738  -1.0485  -1.7811  -2.6171  -3.6287  -4.9268  -6.6845
 -9.1731 -12.8222 -18.3117 -26.7184 -36.9182 -36.9182 -36.9182 -36.9182 -36.9182
-36.9182 -36.9182 -36.9182 -36.9182 -36.9182 -36.9182 -36.9182 -36.9182 -36.9182
-36.9182 -36.9182 -36.9182 -36.9182 -36.9182
  0.0000   1.0597   1.0596   1.0592   1.0585   1.0566   1.0519   1.0342   0.9581
  0.7157   0.2386  -0.3770  -1.0469  -1.7785  -2.6152  -3.6278  -4.9267  -6.6848
 -9.1738 -12.8232 -18.3128 -26.7196 -36.9196 -36.9196 -36.9196 -36.9196 -36.9196
-36.9196 -36.9196 -36.9196 -36.9196 -36.9196 -36.9196 -36.9196 -36.9196 -36.9196
-36.9196 -36.9196 -36.9196 -36.9196 -36.9196
 -3.0000   1.1293   1.1274   1.1252   1.1232   1.1218   1.1175   1.0927   0.9689
  0.6587   0.1102  -0.5850  -1.3915  -2.3490  -3.5476  -5.1357  -7.3472 -10.5520
-15.3337 -22.6167 -33.8652 -36.8672 -36.8672 -36.8672 -36.8672 -36.8672 -36.8672
-36.8672 -36.8672 -36.8672 -36.8672 -36.8672 -36.8672 -36.8672 -36.8672 -36.8672
-36.8672 -36.8672 -36.8672 -36.8672 -36.8672
 -2.0000   1.1293   1.1275   1.1252   1.1232   1.1218   1.1175   1.0926   0.9689
  0.6588   0.1103  -0.5850  -1.3915  -2.3490  -3.5476  -5.1357  -7.3472 -10.5520
-15.3337 -22.6167 -33.8652 -36.8672 -36.8672 -36.8672 -36.8672 -36.8672 -36.8672
-36.8672 -36.8672 -36.8672 -36.8672 -36.8672 -36.8672 -36.8672 -36.8672 -36.8672
-36.8672 -36.8672 -36.8672 -36.8672 -36.8672
 -1.0000   1.1294   1.1275   1.1253   1.1233   1.1218   1.1175   1.0926   0.9689
  0.6588   0.1104  -0.5849  -1.3915  -2.3490  -3.5476  -5.1357  -7.3472 -10.5520
-15.3337 -22.6167 -33.8652 -36.8672 -36.8672 -36.8672 -36.8672 -36.8672 -36.8672
-36.8672 -36.8672 -36.8672 -36.8672 -36.8672 -36.8672 -36.8672 -36.8672 -36.8672
-36.8672 -36.8672 -36.8672 -36.8672 -36.8672
  0.0000   1.1293   1.1276   1.1254   1.1233   1.1217   1.1175   1.0924   0.9689
  0.6589   0.1105  -0.5848  -1.3914  -2.3490  -3.5476  -5.1357  -7.3472 -10.5520
-15.3337 -22.6167 -33.8652 -36.8672 -36.8672 -36.8672 -36.8672 -36.8672 -36.8672
-36.8672 -36.8672 -36.8672 -36.8672 -36.8672 -36.8672 -36.8672 -36.8672 -36.8672
-36.8672 -36.8672 -36.8672 -36.8672 -36.8672
  1.0000   1.1290   1.1276   1.1255   1.1234   1.1216   1.1173   1.0920   0.9688
  0.6591   0.1107  -0.5848  -1.3914  -2.3490  -3.5476  -5.1358  -7.3473 -10.5521
-15.3338 -22.6168 -33.8653 -36.8673 -36.8673 -36.8673 -36.8673 -36.8673 -36.8673
-36.8673 -36.8673 -36.8673 -36.8673 -36.8673 -36.8673 -36.8673 -36.8673 -36.8673
-36.8673 -36.8673 -36.8673 -36.8673 -36.8673
  2.0000   1.1285   1.1275   1.1257   1.1236   1.1215   1.1171   1.0915   0.9688
  0.6596   0.1113  -0.5844  -1.3912  -2.3489  -3.5476  -5.1357  -7.3472 -10.5520
-15.3337 -22.6167 -33.8653 -36.8673 -36.8673 -36.8673 -36.8673 -36.8673 -36.8673
-36.8673 -36.8673 -36.8673 -36.8673 -36.8673 -36.8673 -36.8673 -36.8673 -36.8673
-36.8673 -36.8673 -36.8673 -36.8673 -36.8673
  3.0000   1.1280   1.1274   1.1262   1.1242   1.1217   1.1170   1.0907   0.9691
  0.6609   0.1128  -0.5835  -1.3906  -2.3484  -3.5471  -5.1353  -7.3468 -10.5517
-15.3334 -22.6163 -33.8649 -36.8670 -36.8670 -36.8670 -36.8670 -36.8670 -36.8670
-36.8670 -36.8670 -36.8670 -36.8670 -36.8670 -36.8670 -36.8670 -36.8670 -36.8670
-36.8670 -36.8670 -36.8670 -36.8670 -36.8670
 -3.0000   1.4834   1.4782   1.4695   1.4522   1.4123   1.2860   1.0843   0.7201
  0.1899  -0.4870  -1.3256  -2.3897  -3.7992  -5.7506  -8.5575 -12.7184 -19.0242
-28.7299 -36.8380 -36.8380 -36.8380 -36.8380 -36.8380 -36.8380 -36.8380 -36.8380
-36.8380 -36.8380 -36.8380 -36.8380 -36.8380 -36.8380 -36.8380 -36.8380 -36.8380
-36.8380 -36.8380 -36.8380 -36.8380 -36.8380
 -2.0000   1.4834   1.4782   1.4695   1.4522   1.4122   1.2861   1.0843   0.7201
  0.1899  -0.4870  -1.3256  -2.3897  -3.7992  -5.7506  -8.5575 -12.7184 -19.0242
-28.7299 -36.8380 -36.8380 -36.8380 -36.8380 -36.8380 -36.8380 -36.8380 -36.8380
-36.8380 -36.8380 -36.8380 -36.8380 -36.8380 -36.8380 -36.8380 -36.8380 -36.8380
-36.8380 -36.8380 -36.8380 -36.8380 -36.8380
 -1.0000   1.4834   1.4782   1.4694   1.4522   1.4121   1.2861   1.0843   0.7202
  0.1900  -0.4870  -1.3256  -2.3897  -3.7992  -5.7506  -8.5575 -12.7184 -19.0242
-28.7299 -36.8380 -36.8380 -36.8380 -36.8380 -36.8380 -36.8380 -36.8380 -36.8380
-36.8380 -36.8380 -36.8380 -36.8380 -36.8380 -36.8380 -36.8380 -36.8380 -36.8380
-36.8380 -36.8380 -36.8380 -36.8380 -36.8380
  0.0000   1.4834   1.4782   1.4693   1.4523   1.4119   1.2862   1.0844   0.7203
  0.1900  -0.4869  -1.3255  -2.3897  -3.7992  -5.7506  -8.5575 -12.7184 -19.0242
-28.7299 -36.8380 -36.8380 -36.8380 -36.8380 -36.8380 -36.8380 -36.8380 -36.8380
-36.8380 -36.8380 -36.8380 -36.8380 -36.8380 -36.8380 -36.8380 -36.8380 -36.8380
-36.8380 -36.8380 -36.8380 -36.8380 -36.8380
  1.0000   1.4832   1.4780   1.4690   1.4521   1.4114   1.2862   1.0843   0.7203
  0.1900  -0.4870  -1.3257  -2.3898  -3.7994  -5.7508  -8.5577 -12.7186 -19.0244
-28.7301 -36.8382 -36.8382 -36.8382 -36.8382 -36.8382 -36.8382 -36.8382 -36.8382
-36.8382 -36.8382 -36.8382 -36.8382 -36.8382 -36.8382 -36.8382 -36.8382 -36.8382
-36.8382 -36.8382 -36.8382 -36.8382 -36.8382
  2.0000   1.4829   1.4779   1.4687   1.4519   1.4106   1.2865   1.0844   0.7206
  0.1902  -0.4869  -1.3257  -2.3899  -3.7994  -5.7508  -8.5577 -12.7186 -19.0244
-28.7301 -36.8383 -36.8383 -36.8383 -36.8383 -36.8383 -36.8383 -36.8383 -36.8383
-36.8383 -36.8383 -36.8383 -36.8383 -36.8383 -36.8383 -36.8383 -36.8383 -36.8383
-36.8383 -36.8383 -36.8383 -36.8383 -36.8383
  3.0000   1.4822   1.4776   1.4686   1.4518   1.4095   1.2874   1.0849   0.7214
  0.1909  -0.4865  -1.3254  -2.3896  -3.7992  -5.7506  -8.5576 -12.7185 -19.0242
-28.7300 -36.8382 -36.8382 -36.8382 -36.8382 -36.8382 -36.8382 -36.8382 -36.8382
-36.8382 -36.8382 -36.8382 -36.8382 -36.8382 -36.8382 -36.8382 -36.8382 -36.8382
-36.8382 -36.8382 -36.8382 -36.8382 -36.8382
 -4.0000   1.5619   1.5557   1.5421   1.4475   1.3977   1.2988   1.0937   0.6936
  0.0355  -0.8977  -2.1607  -3.8999  -6.3779 -10.0216 -15.5100 -23.9196 -36.6477
-36.6477 -36.6477 -36.6477 -36.6477 -36.6477 -36.6477 -36.6477 -36.6477 -36.6477
-36.6477 -36.6477 -36.6477 -36.6477 -36.6477 -36.6477 -36.6477 -36.6477 -36.6477
-36.6477 -36.6477 -36.6477 -36.6477 -36.6477
 -3.0000   1.5619   1.5557   1.5420   1.4475   1.3977   1.2988   1.0937   0.6936
  0.0355  -0.8977  -2.1607  -3.8999  -6.3779 -10.0216 -15.5100 -23.9196 -36.6477
-36.6477 -36.6477 -36.6477 -36.6477 -36.6477 -36.6477 -36.6477 -36.6477 -36.6477
-36.6477 -36.6477 -36.6477 -36.6477 -36.6477 -36.6477 -36.6477 -36.6477 -36.6477
-36.6477 -36.6477 -36.6477 -36.6477 -36.6477
 -2.0000   1.5618   1.5558   1.5417   1.4477   1.3977   1.2988   1.0937   0.6936
  0.0355  -0.8977  -2.1607  -3.8999  -6.3779 -10.0216 -15.5100 -23.9196 -36.6477
-36.6477 -36.6477 -36.6477 -36.6477 -36.6477 -36.6477 -36.6477 -36.6477 -36.6477
-36.6477 -36.6477 -36.6477 -36.6477 -36.6477 -36.6477 -36.6477 -36.6477 -36.6477
-36.6477 -36.6477 -36.6477 -36.6477 -36.6477
 -1.0000   1.5617   1.5560   1.5413   1.4479   1.3976   1.2988   1.0937   0.6936
  0.0355  -0.8977  -2.1607  -3.8999  -6.3779 -10.0216 -15.5100 -23.9196 -36.6477
-36.6477 -36.6477 -36.6477 -36.6477 -36.6477 -36.6477 -36.6477 -36.6477 -36.6477
-36.6477 -36.6477 -36.6477 -36.6477 -36.6477 -36.6477 -36.6477 -36.6477 -36.6477
-36.6477 -36.6477 -36.6477 -36.6477 -36.6477
  0.0000   1.5616   1.5563   1.5405   1.4485   1.3976   1.2988   1.0937   0.6937
  0.0356  -0.8976  -2.1606  -3.8999  -6.3779 -10.0216 -15.5100 -23.9195 -36.6477
-36.6477 -36.6477 -36.6477 -36.6477 -36.6477 -36.6477 -36.6477 -36.6477 -36.6477
-36.6477 -36.6477 -36.6477 -36.6477 -36.6477 -36.6477 -36.6477 -36.6477 -36.6477
-36.6477 -36.6477 -36.6477 -36.6477 -36.6477
  1.0000   1.5616   1.5566   1.5391   1.4494   1.3975   1.2988   1.0938   0.6938
  0.0357  -0.8976  -2.1606  -3.8998  -6.3778 -10.0215 -15.5099 -23.9195 -36.6477
-36.6477 -36.6477 -36.6477 -36.6477 -36.6477 -36.6477 -36.6477 -36.6477 -36.6477
-36.6477 -36.6477 -36.6477 -36.6477 -36.6477 -36.6477 -36.6477 -36.6477 -36.6477
-36.6477 -36.6477 -36.6477 -36.6477 -36.6477
  2.0000   1.5617   1.5566   1.5365   1.4512   1.3972   1.2988   1.0938   0.6939
  0.0358  -0.8975  -2.1606  -3.8998  -6.3779 -10.0216 -15.5100 -23.9195 -36.6478
-36.6478 -36.6478 -36.6478 -36.6478 -36.6478 -36.6478 -36.6478 -36.6478 -36.6478
-36.6478 -36.6478 -36.6478 -36.6478 -36.6478 -36.6478 -36.6478 -36.6478 -36.6478
-36.6478 -36.6478 -36.6478 -36.6478 -36.6478
-14.0000   1.5619   1.5555   1.5421   1.4473   1.3976   1.2987   1.0936   0.6935
  0.0354  -0.8978  -2.1608  -3.9000  -6.3780 -10.0217 -15.5101 -23.9197 -36.6478
-36.6478 -36.6478 -36.6478 -36.6478 -36.6478 -36.6478 -36.6478 -36.6478 -36.6478
-36.6478 -36.6478 -36.6478 -36.6478 -36.6478 -36.6478 -36.6478 -36.6478 -36.6478
-36.6478 -36.6478 -36.6478 -36.6478 -36.6478
-13.0000   1.5619   1.5555   1.5420   1.4473   1.3976   1.2987   1.0936   0.6935
  0.0354  -0.8978  -2.1608  -3.9000  -6.3780 -10.0217 -15.5101 -23.9197 -36.6478
-36.6478 -36.6478 -36.6478 -36.6478 -36.6478 -36.6478 -36.6478 -36.6478 -36.6478
-36.6478 -36.6478 -36.6478 -36.6478 -36.6478 -36.6478 -36.6478 -36.6478 -36.6478
-36.6478 -36.6478 -36.6478 -36.6478 -36.6478
-12.0000   1.5619   1.5556   1.5420   1.4474   1.3976   1.2987   1.0936   0.6935
  0.0354  -0.8978  -2.1608  -3.9000  -6.3780 -10.0217 -15.5101 -23.9197 -36.6478
-36.6478 -36.6478 -36.6478 -36.6478 -36.6478 -36.6478 -36.6478 -36.6478 -36.6478
-36.6478 -36.6478 -36.6478 -36.6478 -36.6478 -36.6478 -36.6478 -36.6478 -36.6478
-36.6478 -36.6478 -36.6478 -36.6478 -36.6478
-11.0000   1.5618   1.5556   1.5419   1.4474   1.3976   1.2987   1.0936   0.6935
  0.0354  -0.8978  -2.1608  -3.9000  -6.3780 -10.0217 -15.5101 -23.9197 -36.6478
-36.6478 -36.6478 -36.6478 -36.6478 -36.6478 -36.6478 -36.6478 -36.6478 -36.6478
-36.6478 -36.6478 -36.6478 -36.6478 -36.6478 -36.6478 -36.6478 -36.6478 -36.6478
-36.6478 -36.6478 -36.6478 -36.6478 -36.6478
-10.0000   1.5618   1.5557   1.5417   1.4475   1.3976   1.2987   1.0936   0.6935
  0.0354  -0.8978  -2.1608  -3.9000  -6.3780 -10.0217 -15.5101 -23.9197 -36.6478
-36.6478 -36.6478 -36.6478 -36.6478 -36.6478 -36.6478 -36.6478 -36.6478 -36.6478
-36.6478 -36.6478 -36.6478 -36.6478 -36.6478 -36.6478 -36.6478 -36.6478 -36.6478
-36.6478 -36.6478 -36.6478 -36.6478 -36.6478
 11.0000   1.5616   1.5559   1.5413   1.4478   1.3975   1.2987   1.0936   0.6935
  0.0354  -0.8978  -2.1608  -3.9000  -6.3780 -10.0217 -15.5101 -23.9197 -36.6478
-36.6478 -36.6478 -36.6478 -36.6478 -36.6478 -36.6478 -36.6478 -36.6478 -36.6478
-36.6478 -36.6478 -36.6478 -36.6478 -36.6478 -36.6478 -36.6478 -36.6478 -36.6478
-36.6478 -36.6478 -36.6478 -36.6478 -36.6478
 12.0000   1.5617   1.5563   1.5408   1.4484   1.3977   1.2989   1.0938   0.6938
  0.0357  -0.8975  -2.1606  -3.8998  -6.3778 -10.0215 -15.5099 -23.9194 -36.6476
-36.6476 -36.6476 -36.6476 -36.6476 -36.6476 -36.6476 -36.6476 -36.6476 -36.6476
-36.6476 -36.6476 -36.6476 -36.6476 -36.6476 -36.6476 -36.6476 -36.6476 -36.6476
-36.6476 -36.6476 -36.6476 -36.6476 -36.6476
-24.0000   1.5619   1.5555   1.5421   1.4473   1.3976   1.2987   1.0936   0.6935
  0.0354  -0.8978  -2.1608  -3.9000  -6.3780 -10.0217 -15.5101 -23.9197 -36.6478
-36.6478 -36.6478 -36.6478 -36.6478 -36.6478 -36.6478 -36.6478 -36.6478 -36.6478
-36.6478 -36.6478 -36.6478 -36.6478 -36.6478 -36.6478 -36.6478 -36.6478 -36.6478
-36.6478 -36.6478 -36.6478 -36.6478 -36.6478
-23.0000   1.5619   1.5555   1.5421   1.4473   1.3976   1.2987   1.0936   0.6935
  0.0354  -0.8978  -2.1608  -3.9000  -6.3780 -10.0217 -15.5101 -23.9197 -36.6478
-36.6478 -36.6478 -36.6478 -36.6478 -36.6478 -36.6478 -36.6478 -36.6478 -36.6478
-36.6478 -36.6478 -36.6478 -36.6478 -36.6478 -36.6478 -36.6478 -36.6478 -36.6478
-36.6478 -36.6478 -36.6478 -36.6478 -36.6478
-22.0000   1.5619   1.5555   1.5421   1.4473   1.3976   1.2987   1.0936   0.6935
  0.0354  -0.8978  -2.1608  -3.9000  -6.3780 -10.0217 -15.5101 -23.9197 -36.6478
-36.6478 -36.6478 -36.6478 -36.6478 -36.6478 -36.6478 -36.6478 -36.6478 -36.6478
-36.6478 -36.6478 -36.6478 -36.6478 -36.6478 -36.6478 -36.6478 -36.6478 -36.6478
-36.6478 -36.6478 -36.6478 -36.6478 -36.6478
-21.0000   1.5619   1.5555   1.5421   1.4473   1.3976   1.2987   1.0936   0.6935
  0.0354  -0.8978  -2.1608  -3.9000  -6.3780 -10.0217 -15.5101 -23.9197 -36.6478
-36.6478 -36.6478 -36.6478 -36.6478 -36.6478 -36.6478 -36.6478 -36.6478 -36.6478
-36.6478 -36.6478 -36.6478 -36.6478 -36.6478 -36.6478 -36.6478 -36.6478 -36.6478
-36.6478 -36.6478 -36.6478 -36.6478 -36.6478
-20.0000   1.5619   1.5556   1.5420   1.4474   1.3976   1.2987   1.0936   0.6935
  0.0354  -0.8978  -2.1608  -3.9000  -6.3780 -10.0217 -15.5101 -23.9197 -36.6478
-36.6478 -36.6478 -36.6478 -36.6478 -36.6478 -36.6478 -36.6478 -36.6478 -36.6478
-36.6478 -36.6478 -36.6478 -36.6478 -36.6478 -36.6478 -36.6478 -36.6478 -36.6478
-36.6478 -36.6478 -36.6478 -36.6478 -36.6478
 21.0000   1.5618   1.5556   1.5419   1.4474   1.3976   1.2987   1.0936   0.6935
  0.0354  -0.8978  -2.1608  -3.9000  -6.3780 -10.0217 -15.5101 -23.9197 -36.6478
-36.6478 -36.6478 -36.6478 -36.6478 -36.6478 -36.6478 -36.6478 -36.6478 -36.6478
-36.6478 -36.6478 -36.6478 -36.6478 -36.6478 -36.6478 -36.6478 -36.6478 -36.6478
-36.6478 -36.6478 -36.6478 -36.6478 -36.6478
 22.0000   1.5621   1.5560   1.5421   1.4478   1.3979   1.2990   1.0939   0.6938
  0.0357  -0.8975  -2.1605  -3.8997  -6.3777 -10.0214 -15.5098 -23.9194 -36.6475
-36.6475 -36.6475 -36.6475 -36.6475 -36.6475 -36.6475 -36.6475 -36.6475 -36.6475
-36.6475 -36.6475 -36.6475 -36.6475 -36.6475 -36.6475 -36.6475 -36.6475 -36.6475
-36.6475 -36.6475 -36.6475 -36.6475 -36.6475
nl= 1 nu=14
  0.0000  -0.7790  -0.7790  -0.7790  -0.7790  -0.7790  -0.7790  -0.7790  -0.7790
 -0.7790  -0.7790  -0.7790  -0.7791  -0.7791  -0.7792  -0.7794  -0.7800  -0.7814
 -0.7850  -0.7941  -0.8168  -0.8739  -1.0173  -1.3774  -2.2791  -4.3692  -5.4423
 -6.0008  -6.6487  -7.3072  -7.8317  -8.3644  -8.9150  -9.4942 -10.1194 -10.8173
-11.6309 -12.6279 -13.9154 -15.6635 -18.1416 -21.7767 -27.2455 -35.6205 -36.9998
  0.0000  -0.9289  -0.9289  -0.9289  -0.9289  -0.9289  -0.9289  -0.9289  -0.9289
 -0.9289  -0.9289  -0.9289  -0.9289  -0.9290  -0.9290  -0.9291  -0.9294  -0.9301
 -0.9319  -0.9365  -0.9478  -0.9764  -1.0483  -1.2286  -1.6815  -2.8157  -5.1974
 -5.9770  -6.6341  -7.3003  -7.8289  -8.3628  -8.9140  -9.4936 -10.1188 -10.8170
-11.6306 -12.6276 -13.9152 -15.6633 -18.1414 -21.7765 -27.2453 -35.6203 -36.9996
  0.0000  -1.0794  -1.0794  -1.0794  -1.0794  -1.0794  -1.0794  -1.0794  -1.0794
 -1.0794  -1.0794  -1.0794  -1.0794  -1.0794  -1.0794  -1.0795  -1.0796  -1.0800
 -1.0809  -1.0832  -1.0889  -1.1032  -1.1391  -1.2294  -1.4561  -2.0255  -3.4504
 -5.8927  -6.6060  -7.2879  -7.8246  -8.3605  -8.9128  -9.4929 -10.1185 -10.8168
-11.6307 -12.6277 -13.9153 -15.6635 -18.1416 -21.7767 -27.2455 -35.6204 -36.9998
  0.0000  -1.2290  -1.2290  -1.2290  -1.2290  -1.2290  -1.2290  -1.2290  -1.2290
 -1.2290  -1.2290  -1.2290  -1.2290  -1.2290  -1.2290  -1.2290  -1.2291  -1.2293
 -1.2297  -1.2308  -1.2337  -1.2408  -1.2588  -1.3040  -1.4174  -1.7024  -2.4179
 -4.2055  -6.5439  -7.2627  -7.8155  -8.3550  -8.9096  -9.4908 -10.1170 -10.8155
-11.6295 -12.6266 -13.9144 -15.6626 -18.1408 -21.7759 -27.2447 -35.6196 -36.9990
  0.0000  -1.3804  -1.3804  -1.3804  -1.3804  -1.3804  -1.3804  -1.3804  -1.3804
 -1.3804  -1.3804  -1.3804  -1.3804  -1.3804  -1.3804  -1.3804  -1.3805  -1.3805
 -1.3808  -1.3813  -1.3828  -1.3863  -1.3953  -1.4179  -1.4747  -1.6172  -1.9752
 -2.8741  -5.1117  -7.2129  -7.8012  -8.3478  -8.9061  -9.4892 -10.1164 -10.8157
-11.6299 -12.6273 -13.9151 -15.6634 -18.1417 -21.7768 -27.2455 -35.6206 -37.0000
  0.0000  -1.5328  -1.5328  -1.5328  -1.5328  -1.5328  -1.5328  -1.5328  -1.5328
 -1.5328  -1.5328  -1.5328  -1.5328  -1.5328  -1.5328  -1.5328  -1.5328  -1.5328
 -1.5329  -1.5332  -1.5339  -1.5357  -1.5402  -1.5515  -1.5799  -1.6512  -1.8302
 -2.2799  -3.4091  -6.1898  -7.7735  -8.3348  -8.9002  -9.4867 -10.1158 -10.8160
-11.6309 -12.6287 -13.9166 -15.6651 -18.1434 -21.7786 -27.2474 -35.6225 -37.0019
  0.0000  -1.6810  -1.6810  -1.6810  -1.6810  -1.6810  -1.6810  -1.6810  -1.6810
 -1.6810  -1.6810  -1.6810  -1.6810  -1.6810  -1.6810  -1.6810  -1.6810  -1.6811
 -1.6811  -1.6813  -1.6816  -1.6825  -1.6848  -1.6904  -1.7046  -1.7402  -1.8297
 -2.0546  -2.6195  -4.0379  -7.3805  -8.3062  -8.8847  -9.4771 -10.1091 -10.8112
-11.6271 -12.6255 -13.9138 -15.6625 -18.1409 -21.7761 -27.2449 -35.6201 -36.9997
  0.0000  -0.4476  -0.4476  -0.4476  -0.4476  -0.4476  -0.4476  -0.4477  -0.4477
 -0.4477  -0.4477  -0.4477  -0.4478  -0.4479  -0.4483  -0.4494  -0.4520  -0.4586
 -0.4752  -0.5169  -0.6216  -0.8843  -1.5411  -3.1033  -4.4077  -4.9711  -5.5646
 -6.2970  -6.8224  -7.3512  -7.8950  -8.4633  -9.0707  -9.7407 -10.5097 -11.4359
-12.6114 -14.1820 -16.3786 -19.5676 -24.3293 -31.5836 -36.9995 -36.9995 -36.9995
  0.0000  -0.5974  -0.5974  -0.5974  -0.5974  -0.5974  -0.5974  -0.5974  -0.5974
 -0.5974  -0.5974  -0.5974  -0.5974  -0.5975  -0.5977  -0.5982  -0.5996  -0.6029
 -0.6112  -0.6322  -0.6848  -0.8169  -1.1483  -1.9773  -3.8778  -4.9386  -5.5493
 -6.2867  -6.8197  -7.3497  -7.8945  -8.4632  -9.0709  -9.7409 -10.5101 -11.4364
-12.6119 -14.1824 -16.3791 -19.5680 -24.3298 -31.5841 -37.0000 -37.0000 -37.0000
  0.0000  -0.7469  -0.7469  -0.7469  -0.7469  -0.7469  -0.7469  -0.7469  -0.7469
 -0.7469  -0.7469  -0.7469  -0.7469  -0.7469  -0.7470  -0.7473  -0.7480  -0.7496
 -0.7538  -0.7643  -0.7907  -0.8569  -1.0233  -1.4408  -2.4848  -4.6726  -5.5173
 -6.2661  -6.8137  -7.3461  -7.8924  -8.4618  -9.0700  -9.7403 -10.5095 -11.4360
-12.6116 -14.1822 -16.3788 -19.5678 -24.3296 -31.5839 -36.9998 -36.9998 -36.9998
  0.0000  -0.8968  -0.8968  -0.8968  -0.8968  -0.8968  -0.8968  -0.8968  -0.8968
 -0.8968  -0.8968  -0.8968  -0.8968  -0.8969  -0.8969  -0.8970  -0.8974  -0.8982
 -0.9003  -0.9055  -0.9188  -0.9519  -1.0353  -1.2445  -1.7698  -3.0825  -5.4029
 -6.2254  -6.8034  -7.3398  -7.8890  -8.4598  -9.0688  -9.7395 -10.5091 -11.4356
-12.6113 -14.1820 -16.3787 -19.5677 -24.3294 -31.5838 -36.9997 -36.9997 -36.9997
  0.0000  -1.0470  -1.0470  -1.0470  -1.0470  -1.0470  -1.0470  -1.0470  -1.0470
 -1.0470  -1.0470  -1.0470  -1.0470  -1.0470  -1.0470  -1.0471  -1.0472  -1.0476
 -1.0487  -1.0513  -1.0579  -1.0745  -1.1162  -1.2210  -1.4841  -2.1446  -3.7927
 -6.1355  -6.7837  -7.3289  -7.8831  -8.4565  -9.0667  -9.7383 -10.5083 -11.4351
-12.6109 -14.1816 -16.3784 -19.5675 -24.3293 -31.5837 -36.9996 -36.9996 -36.9996
  0.0000  -1.1972  -1.1972  -1.1972  -1.1972  -1.1972  -1.1972  -1.1972  -1.1972
 -1.1972  -1.1972  -1.1972  -1.1972  -1.1972  -1.1972  -1.1973  -1.1973  -1.1976
 -1.1981  -1.1994  -1.2027  -1.2110  -1.2319  -1.2843  -1.4159  -1.7465  -2.5766
 -4.6431  -6.7433  -7.3100  -7.8738  -8.4512  -9.0639  -9.7367 -10.5075 -11.4347
-12.6108 -14.1818 -16.3786 -19.5677 -24.3295 -31.5839 -37.0000 -37.0000 -37.0000
  0.0000  -1.3478  -1.3478  -1.3478  -1.3478  -1.3478  -1.3478  -1.3478  -1.3478
 -1.3478  -1.3478  -1.3478  -1.3478  -1.3479  -1.3479  -1.3479  -1.3479  -1.3480
 -1.3483  -1.3489  -1.3506  -1.3547  -1.3652  -1.3914  -1.4572  -1.6226  -2.0380
 -3.0810  -5.6545  -7.2754  -7.8565  -8.4416  -9.0580  -9.7330 -10.5051 -11.4331
-12.6097 -14.1810 -16.3780 -19.5672 -24.3290 -31.5836 -36.9997 -36.9997 -36.9997
  0.0000  -0.1214  -0.1214  -0.1214  -0.1214  -0.1214  -0.1214  -0.1214  -0.1214
 -0.1215  -0.1215  -0.1216  -0.1219  -0.1227  -0.1246  -0.1293  -0.1413  -0.1713
 -0.2465  -0.4352  -0.9051  -2.0237  -3.3612  -3.9565  -4.5371  -5.1789  -5.8126
 -6.3399  -6.8781  -7.4370  -8.0294  -8.6754  -9.4062 -10.2718 -11.3512 -12.7694
-14.7246 -17.5309 -21.6862 -27.9794 -36.9998 -36.9998 -36.9998 -36.9998 -36.9998
  0.0000  -0.2675  -0.2675  -0.2675  -0.2675  -0.2675  -0.2675  -0.2675  -0.2675
 -0.2675  -0.2676  -0.2676  -0.2678  -0.2682  -0.2691  -0.2715  -0.2776  -0.2928
 -0.3310  -0.4268  -0.6671  -1.2661  -2.6699  -3.9075  -4.5166  -5.1675  -5.8066
 -6.3370  -6.8763  -7.4358  -8.0286  -8.6746  -9.4056 -10.2713 -11.3508 -12.7690
-14.7242 -17.5305 -21.6858 -27.9789 -36.9994 -36.9994 -36.9994 -36.9994 -36.9994
  0.0000  -0.4161  -0.4161  -0.4161  -0.4161  -0.4161  -0.4161  -0.4161  -0.4161
 -0.4161  -0.4161  -0.4162  -0.4163  -0.4164  -0.4169  -0.4181  -0.4212  -0.4289
 -0.4481  -0.4964  -0.6178  -0.9222  -1.6814  -3.3987  -4.4752  -5.1466  -5.7972
 -6.3332  -6.8743  -7.4349  -8.0282  -8.6746  -9.4057 -10.2716 -11.3511 -12.7694
-14.7247 -17.5310 -21.6863 -27.9794 -36.9999 -36.9999 -36.9999 -36.9999 -36.9999
  0.0000  -0.5679  -0.5679  -0.5679  -0.5679  -0.5679  -0.5679  -0.5679  -0.5679
 -0.5679  -0.5679  -0.5679  -0.5680  -0.5681  -0.5683  -0.5689  -0.5705  -0.5743
 -0.5840  -0.6083  -0.6693  -0.8224  -1.2067  -2.1655  -4.1779  -5.1068  -5.7812
 -6.3284  -6.8726  -7.4351  -8.0294  -8.6764  -9.4079 -10.2739 -11.3536 -12.7720
-14.7273 -17.5337 -21.6889 -27.9821 -37.0026 -37.0026 -37.0026 -37.0026 -37.0026
  0.0000  -0.7149  -0.7149  -0.7149  -0.7149  -0.7149  -0.7149  -0.7149  -0.7149
 -0.7149  -0.7150  -0.7150  -0.7150  -0.7150  -0.7151  -0.7155  -0.7162  -0.7181
 -0.7230  -0.7352  -0.7658  -0.8426  -1.0356  -1.5198  -2.7275  -4.9460  -5.7429
 -6.3125  -6.8625  -7.4282  -8.0243  -8.6723  -9.4043 -10.2707 -11.3506 -12.7691
-14.7245 -17.5310 -21.6863 -27.9794 -37.0000 -37.0000 -37.0000 -37.0000 -37.0000
  0.0000  -0.8645  -0.8645  -0.8645  -0.8645  -0.8645  -0.8645  -0.8645  -0.8645
 -0.8645  -0.8645  -0.8645  -0.8646  -0.8646  -0.8646  -0.8648  -0.8652  -0.8661
 -0.8686  -0.8747  -0.8900  -0.9285  -1.0251  -1.2679  -1.8773  -3.3962  -5.6560
 -6.2885  -6.8493  -7.4206  -8.0195  -8.6692  -9.4024 -10.2694 -11.3496 -12.7683
-14.7238 -17.5303 -21.6857 -27.9789 -36.9996 -36.9996 -36.9996 -36.9996 -36.9996
  0.0000  -1.0144  -1.0144  -1.0144  -1.0144  -1.0144  -1.0144  -1.0144  -1.0144
 -1.0144  -1.0144  -1.0144  -1.0144  -1.0144  -1.0144  -1.0145  -1.0147  -1.0152
 -1.0164  -1.0194  -1.0271  -1.0463  -1.0947  -1.2163  -1.5215  -2.2878  -4.1938
 -6.2434  -6.8271  -7.4085  -8.0124  -8.6646  -9.3993 -10.2674 -11.3481 -12.7672
-14.7230 -17.5296 -21.6851 -27.9782 -36.9992 -36.9992 -36.9992 -36.9992 -36.9992
  0.0000   0.1926   0.1926   0.1926   0.1925   0.1925   0.1925   0.1925   0.1925
  0.1924   0.1922   0.1917   0.1904   0.1871   0.1789   0.1582   0.1065  -0.0230
 -0.3435  -1.0988  -2.2632  -2.9304  -3.4933  -4.1428  -4.8021  -5.3284  -5.8622
 -6.4134  -6.9930  -7.6184  -8.3166  -9.1303 -10.1273 -11.4149 -13.1630 -15.6411
-19.2763 -24.7450 -33.1201 -36.9993 -36.9993 -36.9993 -36.9993 -36.9993 -36.9993
  0.0000   0.0534   0.0534   0.0534   0.0534   0.0534   0.0534   0.0534   0.0534
  0.0534   0.0532   0.0530   0.0523   0.0506   0.0463   0.0356   0.0086  -0.0590
 -0.2283  -0.6480  -1.6296  -2.8482  -3.4691  -4.1279  -4.7949  -5.3253  -5.8606
 -6.4126  -6.9927  -7.6183  -8.3166  -9.1304 -10.1275 -11.4151 -13.1633 -15.6414
-19.2765 -24.7453 -33.1203 -36.9996 -36.9996 -36.9996 -36.9996 -36.9996 -36.9996
  0.0000  -0.0900  -0.0900  -0.0900  -0.0900  -0.0900  -0.0900  -0.0901  -0.0901
 -0.0901  -0.0901  -0.0903  -0.0906  -0.0915  -0.0937  -0.0992  -0.1130  -0.1477
 -0.2348  -0.4528  -0.9942  -2.2400  -3.4134  -4.0986  -4.7813  -5.3200  -5.8574
 -6.4109  -6.9917  -7.6178  -8.3163  -9.1304 -10.1275 -11.4152 -13.1634 -15.6416
-19.2767 -24.7455 -33.1205 -36.9998 -36.9998 -36.9998 -36.9998 -36.9998 -36.9998
  0.0000  -0.2361  -0.2361  -0.2361  -0.2361  -0.2361  -0.2361  -0.2361  -0.2361
 -0.2362  -0.2362  -0.2363  -0.2364  -0.2369  -0.2380  -0.2408  -0.2478  -0.2654
 -0.3096  -0.4206  -0.6988  -1.3901  -2.9299  -4.0397  -4.7553  -5.3103  -5.8517
 -6.4076  -6.9898  -7.6167  -8.3156  -9.1299 -10.1272 -11.4150 -13.1633 -15.6415
-19.2767 -24.7455 -33.1205 -36.9998 -36.9998 -36.9998 -36.9998 -36.9998 -36.9998
  0.0000  -0.3836  -0.3836  -0.3836  -0.3836  -0.3836  -0.3836  -0.3836  -0.3836
 -0.3836  -0.3836  -0.3837  -0.3838  -0.3840  -0.3845  -0.3860  -0.3895  -0.3984
 -0.4207  -0.4767  -0.6174  -0.9701  -1.8473  -3.6953  -4.7037  -5.2931  -5.8417
 -6.4017  -6.9860  -7.6142  -8.3140  -9.1287 -10.1263 -11.4143 -13.1626 -15.6410
-19.2762 -24.7451 -33.1201 -36.9994 -36.9994 -36.9994 -36.9994 -36.9994 -36.9994
  0.0000  -0.5332  -0.5332  -0.5332  -0.5332  -0.5332  -0.5332  -0.5332  -0.5332
 -0.5332  -0.5332  -0.5333  -0.5333  -0.5334  -0.5337  -0.5344  -0.5362  -0.5406
 -0.5519  -0.5800  -0.6508  -0.8285  -1.2740  -2.3831  -4.4978  -5.2634  -5.8260
 -6.3932  -6.9813  -7.6116  -8.3126  -9.1281 -10.1262 -11.4144 -13.1630 -15.6414
-19.2767 -24.7456 -33.1207 -37.0001 -37.0001 -37.0001 -37.0001 -37.0001 -37.0001
  0.0000  -0.6821  -0.6821  -0.6821  -0.6821  -0.6821  -0.6821  -0.6821  -0.6821
 -0.6821  -0.6821  -0.6821  -0.6822  -0.6822  -0.6824  -0.6827  -0.6836  -0.6858
 -0.6915  -0.7056  -0.7411  -0.8302  -1.0541  -1.6158  -3.0143  -5.1815  -5.7983
 -6.3778  -6.9719  -7.6056  -8.3086  -9.1254 -10.1242 -11.4129 -13.1618 -15.6403
-19.2757 -24.7447 -33.1199 -36.9994 -36.9994 -36.9994 -36.9994 -36.9994 -36.9994
  0.0000   0.4712   0.4712   0.4712   0.4712   0.4712   0.4711   0.4711   0.4710
  0.4706   0.4698   0.4678   0.4628   0.4502   0.4186   0.3398   0.1463  -0.3058
 -1.1339  -1.8754  -2.4542  -3.0537  -3.7882  -4.3168  -4.8477  -5.3928  -5.9618
 -6.5697  -7.2400  -8.0092  -8.9355 -10.1111 -11.6817 -13.8783 -17.0673 -21.8290
-29.0833 -36.9993 -36.9993 -36.9993 -36.9993 -36.9993 -36.9993 -36.9993 -36.9993
  0.0000   0.3524   0.3524   0.3524   0.3524   0.3524   0.3523   0.3523   0.3522
  0.3521   0.3516   0.3505   0.3477   0.3407   0.3230   0.2789   0.1687  -0.1024
 -0.7306  -1.7322  -2.4199  -3.0367  -3.7762  -4.3126  -4.8448  -5.3911  -5.9606
 -6.5689  -7.2392  -8.0087  -8.9351 -10.1107 -11.6813 -13.8780 -17.0670 -21.8287
-29.0830 -36.9990 -36.9990 -36.9990 -36.9990 -36.9990 -36.9990 -36.9990 -36.9990
  0.0000   0.2220   0.2220   0.2220   0.2220   0.2220   0.2220   0.2220   0.2219
  0.2218   0.2216   0.2210   0.2195   0.2157   0.2063   0.1825   0.1230  -0.0255
 -0.3916  -1.2311  -2.3268  -3.0047  -3.7548  -4.3061  -4.8408  -5.3889  -5.9595
 -6.5684  -7.2391  -8.0086  -8.9353 -10.1110 -11.6816 -13.8783 -17.0673 -21.8291
-29.0834 -36.9994 -36.9994 -36.9994 -36.9994 -36.9994 -36.9994 -36.9994 -36.9994
  0.0000   0.0828   0.0828   0.0828   0.0828   0.0828   0.0828   0.0828   0.0828
  0.0828   0.0826   0.0823   0.0815   0.0796   0.0746   0.0622   0.0311  -0.0470
 -0.2422  -0.7239  -1.8099  -2.9348  -3.7151  -4.2957  -4.8351  -5.3862  -5.9584
 -6.5684  -7.2398  -8.0097  -8.9365 -10.1124 -11.6831 -13.8798 -17.0689 -21.8306
-29.0850 -37.0010 -37.0010 -37.0010 -37.0010 -37.0010 -37.0010 -37.0010 -37.0010
  0.0000  -0.0578  -0.0578  -0.0578  -0.0578  -0.0578  -0.0578  -0.0578  -0.0578
 -0.0579  -0.0579  -0.0581  -0.0585  -0.0595  -0.0620  -0.0684  -0.0844  -0.1246
 -0.2253  -0.4774  -1.1007  -2.4698  -3.6309  -4.2731  -4.8208  -5.3774  -5.9523
 -6.5638  -7.2362  -8.0068  -8.9340 -10.1100 -11.6809 -13.8777 -17.0669 -21.8287
-29.0830 -36.9991 -36.9991 -36.9991 -36.9991 -36.9991 -36.9991 -36.9991 -36.9991
  0.0000  -0.2038  -0.2038  -0.2038  -0.2038  -0.2038  -0.2038  -0.2038  -0.2038
 -0.2039  -0.2039  -0.2040  -0.2042  -0.2047  -0.2060  -0.2092  -0.2173  -0.2377
 -0.2890  -0.4176  -0.7397  -1.5379  -3.2323  -4.2339  -4.8004  -5.3661  -5.9457
 -6.5598  -7.2338  -8.0054  -8.9331 -10.1096 -11.6808 -13.8778 -17.0669 -21.8288
-29.0832 -36.9994 -36.9994 -36.9994 -36.9994 -36.9994 -36.9994 -36.9994 -36.9994
  0.0000  -0.3511  -0.3511  -0.3511  -0.3511  -0.3511  -0.3511  -0.3511  -0.3511
 -0.3511  -0.3511  -0.3512  -0.3513  -0.3515  -0.3522  -0.3538  -0.3579  -0.3682
 -0.3941  -0.4591  -0.6223  -1.0312  -2.0468  -4.0171  -4.7668  -5.3477  -5.9345
 -6.5528  -7.2292  -8.0022  -8.9311 -10.1082 -11.6797 -13.8769 -17.0662 -21.8281
-29.0826 -36.9990 -36.9990 -36.9990 -36.9990 -36.9990 -36.9990 -36.9990 -36.9990
  0.0000   0.6772   0.6772   0.6772   0.6772   0.6772   0.6772   0.6770   0.6766
  0.6757   0.6734   0.6675   0.6529   0.6166   0.5272   0.3162  -0.1256  -0.7763
 -1.4031  -2.0055  -2.6586  -3.2990  -3.8309  -4.3720  -4.9326  -5.5260  -6.1726
 -6.9038  -7.7697  -8.8492 -10.2675 -12.2228 -15.0291 -19.1844 -25.4776 -35.1592
-36.9980 -36.9980 -36.9980 -36.9980 -36.9980 -36.9980 -36.9980 -36.9980 -36.9980
  0.0000   0.5962   0.5962   0.5962   0.5962   0.5962   0.5961   0.5960   0.5958
  0.5952   0.5937   0.5899   0.5805   0.5568   0.4979   0.3539   0.0191  -0.6233
 -1.3484  -1.9840  -2.6470  -3.2929  -3.8281  -4.3702  -4.9317  -5.5255  -6.1722
 -6.9036  -7.7696  -8.8492 -10.2675 -12.2228 -15.0292 -19.1845 -25.4777 -35.1593
-36.9981 -36.9981 -36.9981 -36.9981 -36.9981 -36.9981 -36.9981 -36.9981 -36.9981
  0.0000   0.4968   0.4968   0.4968   0.4967   0.4967   0.4967   0.4967   0.4965
  0.4962   0.4953   0.4930   0.4873   0.4731   0.4375   0.3489   0.1323  -0.3636
 -1.2035  -1.9410  -2.6249  -3.2817  -3.8228  -4.3669  -4.9297  -5.5242  -6.1715
 -6.9031  -7.7693  -8.8490 -10.2674 -12.2228 -15.0292 -19.1845 -25.4777 -35.1593
-36.9981 -36.9981 -36.9981 -36.9981 -36.9981 -36.9981 -36.9981 -36.9981 -36.9981
  0.0000   0.3811   0.3811   0.3811   0.3811   0.3811   0.3811   0.3811   0.3810
  0.3808   0.3803   0.3790   0.3758   0.3678   0.3476   0.2971   0.1714  -0.1360
 -0.8302  -1.8271  -2.5824  -3.2619  -3.8139  -4.3615  -4.9261  -5.5221  -6.1701
 -6.9023  -7.7687  -8.8487 -10.2672 -12.2226 -15.0291 -19.1844 -25.4776 -35.1592
-36.9981 -36.9981 -36.9981 -36.9981 -36.9981 -36.9981 -36.9981 -36.9981 -36.9981
  0.0000   0.2530   0.2530   0.2530   0.2530   0.2530   0.2530   0.2530   0.2530
  0.2529   0.2526   0.2519   0.2502   0.2458   0.2349   0.2076   0.1391  -0.0317
 -0.4504  -1.3826  -2.4881  -3.2266  -3.7995  -4.3526  -4.9210  -5.5188  -6.1682
 -6.9011  -7.7681  -8.8483 -10.2670 -12.2225 -15.0291 -19.1845 -25.4777 -35.1594
-36.9983 -36.9983 -36.9983 -36.9983 -36.9983 -36.9983 -36.9983 -36.9983 -36.9983
  0.0000   0.1172   0.1172   0.1172   0.1172   0.1172   0.1172   0.1172   0.1172
  0.1171   0.1170   0.1166   0.1157   0.1134   0.1077   0.0934   0.0573  -0.0329
 -0.2584  -0.8130  -2.0272  -3.1545  -3.7752  -4.3376  -4.9116  -5.5127  -6.1638
 -6.8983  -7.7660  -8.8467 -10.2658 -12.2215 -15.0281 -19.1836 -25.4769 -35.1587
-36.9976 -36.9976 -36.9976 -36.9976 -36.9976 -36.9976 -36.9976 -36.9976 -36.9976
  0.0000  -0.0255  -0.0255  -0.0255  -0.0255  -0.0255  -0.0255  -0.0255  -0.0255
 -0.0256  -0.0256  -0.0258  -0.0263  -0.0274  -0.0304  -0.0378  -0.0563  -0.1029
 -0.2196  -0.5117  -1.2328  -2.7615  -3.7354  -4.3167  -4.8991  -5.5051  -6.1594
 -6.8953  -7.7644  -8.8459 -10.2654 -12.2215 -15.0283 -19.1839 -25.4772 -35.1591
-36.9982 -36.9982 -36.9982 -36.9982 -36.9982 -36.9982 -36.9982 -36.9982 -36.9982
  0.0000   0.7858   0.7857   0.7857   0.7857   0.7857   0.7856   0.7853   0.7846
  0.7829   0.7787   0.7681   0.7417   0.6771   0.5256   0.2081  -0.3020  -0.8974
 -1.5854  -2.2666  -2.8069  -3.3485  -3.9040  -4.4862  -5.1130  -5.8120  -6.6262
 -7.6236  -8.9113 -10.6596 -13.1378 -16.7729 -22.2417 -30.6167 -36.9961 -36.9961
-36.9961 -36.9961 -36.9961 -36.9961 -36.9961 -36.9961 -36.9961 -36.9961 -36.9961
  0.0000   0.7473   0.7473   0.7473   0.7473   0.7472   0.7471   0.7469   0.7464
  0.7450   0.7417   0.7332   0.7121   0.6599   0.5347   0.2563  -0.2449  -0.8685
 -1.5688  -2.2592  -2.8039  -3.3466  -3.9027  -4.4855  -5.1126  -5.8118  -6.6261
 -7.6235  -8.9113 -10.6596 -13.1378 -16.7729 -22.2417 -30.6167 -36.9961 -36.9961
-36.9961 -36.9961 -36.9961 -36.9961 -36.9961 -36.9961 -36.9961 -36.9961 -36.9961
  0.0000   0.6944   0.6944   0.6944   0.6944   0.6944   0.6943   0.6942   0.6938
  0.6928   0.6903   0.6840   0.6684   0.6294   0.5339   0.3100  -0.1494  -0.8137
 -1.5380  -2.2447  -2.7974  -3.3426  -3.9004  -4.4839  -5.1116  -5.8111  -6.6257
 -7.6232  -8.9111 -10.6595 -13.1377 -16.7729 -22.2417 -30.6167 -36.9961 -36.9961
-36.9961 -36.9961 -36.9961 -36.9961 -36.9961 -36.9961 -36.9961 -36.9961 -36.9961
  0.0000   0.6209   0.6209   0.6209   0.6209   0.6209   0.6209   0.6208   0.6205
  0.6198   0.6182   0.6140   0.6035   0.5771   0.5118   0.3527  -0.0120  -0.6860
 -1.4786  -2.2189  -2.7869  -3.3358  -3.8963  -4.4812  -5.1100  -5.8101  -6.6251
 -7.6228  -8.9110 -10.6594 -13.1377 -16.7729 -22.2418 -30.6168 -36.9962 -36.9962
-36.9962 -36.9962 -36.9962 -36.9962 -36.9962 -36.9962 -36.9962 -36.9962 -36.9962
  0.0000   0.5263   0.5263   0.5263   0.5263   0.5263   0.5262   0.5262   0.5260
  0.5256   0.5246   0.5220   0.5156   0.4994   0.4590   0.3585   0.1143  -0.4358
 -1.3379  -2.1700  -2.7699  -3.3248  -3.8895  -4.4770  -5.1071  -5.8085  -6.6240
 -7.6223  -8.9105 -10.6591 -13.1376 -16.7729 -22.2418 -30.6168 -36.9963 -36.9963
-36.9963 -36.9963 -36.9963 -36.9963 -36.9963 -36.9963 -36.9963 -36.9963 -36.9963
  0.0000   0.4133   0.4133   0.4133   0.4133   0.4133   0.4133   0.4133   0.4132
  0.4129   0.4123   0.4109   0.4072   0.3980   0.3748   0.3168   0.1724  -0.1794
 -0.9645  -2.0529  -2.7426  -3.3081  -3.8789  -4.4702  -5.1028  -5.8055  -6.6223
 -7.6212  -8.9099 -10.6588 -13.1374 -16.7727 -22.2417 -30.6168 -36.9964 -36.9964
-36.9964 -36.9964 -36.9964 -36.9964 -36.9964 -36.9964 -36.9964 -36.9964 -36.9964
  0.0000   0.2862   0.2862   0.2862   0.2862   0.2862   0.2862   0.2861   0.2861
  0.2860   0.2856   0.2849   0.2829   0.2778   0.2652   0.2336   0.1543  -0.0434
 -0.5278  -1.5969  -2.6866  -3.2838  -3.8640  -4.4605  -5.0967  -5.8017  -6.6197
 -7.6197  -8.9090 -10.6583 -13.1372 -16.7727 -22.2417 -30.6170 -36.9967 -36.9967
-36.9967 -36.9967 -36.9967 -36.9967 -36.9967 -36.9967 -36.9967 -36.9967 -36.9967
  0.0000   0.8364   0.8364   0.8364   0.8364   0.8364   0.8362   0.8359   0.8350
  0.8329   0.8275   0.8141   0.7810   0.7008   0.5167   0.1566  -0.3928  -1.1144
 -1.7554  -2.3111  -2.8692  -3.4454  -4.0574  -4.7301  -5.5008  -6.4280  -7.6041
 -9.1750 -11.3718 -14.5609 -19.3227 -26.5771 -36.9931 -36.9931 -36.9931 -36.9931
-36.9931 -36.9931 -36.9931 -36.9931 -36.9931 -36.9931 -36.9931 -36.9931 -36.9931
  0.0000   0.8144   0.8144   0.8144   0.8144   0.8144   0.8142   0.8139   0.8132
  0.8113   0.8067   0.7950   0.7660   0.6951   0.5290   0.1869  -0.3658  -1.1007
 -1.7529  -2.3107  -2.8693  -3.4455  -4.0576  -4.7301  -5.5008  -6.4280  -7.6040
 -9.1749 -11.3717 -14.5608 -19.3226 -26.5770 -36.9930 -36.9930 -36.9930 -36.9930
-36.9930 -36.9930 -36.9930 -36.9930 -36.9930 -36.9930 -36.9930 -36.9930 -36.9930
  0.0000   0.7957   0.7957   0.7956   0.7956   0.7956   0.7955   0.7952   0.7945
  0.7929   0.7887   0.7781   0.7519   0.6876   0.5360   0.2137  -0.3366  -1.0822
 -1.7448  -2.3065  -2.8666  -3.4439  -4.0566  -4.7296  -5.5003  -6.4278  -7.6039
 -9.1748 -11.3717 -14.5608 -19.3226 -26.5770 -36.9930 -36.9930 -36.9930 -36.9930
-36.9930 -36.9930 -36.9930 -36.9930 -36.9930 -36.9930 -36.9930 -36.9930 -36.9930
  0.0000   0.7680   0.7680   0.7680   0.7680   0.7680   0.7679   0.7677   0.7671
  0.7657   0.7621   0.7531   0.7307   0.6754   0.5429   0.2494  -0.2909  -1.0504
 -1.7314  -2.2987  -2.8616  -3.4407  -4.0545  -4.7283  -5.4996  -6.4272  -7.6037
 -9.1747 -11.3717 -14.5608 -19.3227 -26.5771 -36.9931 -36.9931 -36.9931 -36.9931
-36.9931 -36.9931 -36.9931 -36.9931 -36.9931 -36.9931 -36.9931 -36.9931 -36.9931
  0.0000   0.7230   0.7230   0.7230   0.7230   0.7230   0.7229   0.7227   0.7223
  0.7212   0.7184   0.7115   0.6942   0.6511   0.5457   0.2999  -0.2058  -0.9874
 -1.7097  -2.2863  -2.8532  -3.4352  -4.0509  -4.7258  -5.4981  -6.4263  -7.6030
 -9.1742 -11.3714 -14.5606 -19.3226 -26.5769 -36.9931 -36.9931 -36.9931 -36.9931
-36.9931 -36.9931 -36.9931 -36.9931 -36.9931 -36.9931 -36.9931 -36.9931 -36.9931
  0.0000   0.6546   0.6546   0.6546   0.6546   0.6545   0.6545   0.6544   0.6541
  0.6533   0.6514   0.6466   0.6347   0.6048   0.5306   0.3500  -0.0644  -0.8450
 -1.6716  -2.2684  -2.8411  -3.4270  -4.0455  -4.7224  -5.4958  -6.4249  -7.6022
 -9.1738 -11.3712 -14.5605 -19.3225 -26.5770 -36.9933 -36.9933 -36.9933 -36.9933
-36.9933 -36.9933 -36.9933 -36.9933 -36.9933 -36.9933 -36.9933 -36.9933 -36.9933
  0.0000   0.5621   0.5621   0.5621   0.5621   0.5621   0.5620   0.5620   0.5618
  0.5613   0.5601   0.5572   0.5497   0.5310   0.4843   0.3682   0.0851  -0.5574
 -1.5607  -2.2423  -2.8249  -3.4156  -4.0377  -4.7172  -5.4925  -6.4227  -7.6009
 -9.1731 -11.3707 -14.5603 -19.3224 -26.5769 -36.9935 -36.9935 -36.9935 -36.9935
-36.9935 -36.9935 -36.9935 -36.9935 -36.9935 -36.9935 -36.9935 -36.9935 -36.9935
  0.0000   0.9060   0.9060   0.9060   0.9060   0.9059   0.9057   0.9052   0.9040
  0.9009   0.8934   0.8753   0.8315   0.7275   0.4940   0.0358  -0.6185  -1.2362
 -1.8093  -2.3897  -2.9957  -3.6500  -4.3860  -5.2549  -6.3364  -7.7558  -9.7118
-12.5186 -16.6741 -22.9674 -32.6491 -36.9882 -36.9882 -36.9882 -36.9882 -36.9882
-36.9882 -36.9882 -36.9882 -36.9882 -36.9882 -36.9882 -36.9882 -36.9882 -36.9882
  0.0000   0.8685   0.8685   0.8685   0.8685   0.8685   0.8683   0.8679   0.8670
  0.8647   0.8591   0.8452   0.8111   0.7272   0.5254   0.0938  -0.5885  -1.2351
 -1.8153  -2.3965  -3.0011  -3.6535  -4.3886  -5.2566  -6.3373  -7.7563  -9.7120
-12.5187 -16.6741 -22.9674 -32.6490 -36.9880 -36.9880 -36.9880 -36.9880 -36.9880
-36.9880 -36.9880 -36.9880 -36.9880 -36.9880 -36.9880 -36.9880 -36.9880 -36.9880
  0.0000   0.8573   0.8572   0.8572   0.8572   0.8572   0.8570   0.8567   0.8559
  0.8538   0.8485   0.8355   0.8033   0.7244   0.5339   0.1144  -0.5735  -1.2306
 -1.8138  -2.3958  -3.0007  -3.6534  -4.3884  -5.2564  -6.3371  -7.7562  -9.7119
-12.5185 -16.6739 -22.9672 -32.6488 -36.9878 -36.9878 -36.9878 -36.9878 -36.9878
-36.9878 -36.9878 -36.9878 -36.9878 -36.9878 -36.9878 -36.9878 -36.9878 -36.9878
  0.0000   0.8513   0.8513   0.8513   0.8512   0.8512   0.8511   0.8507   0.8499
  0.8479   0.8428   0.8300   0.7984   0.7211   0.5363   0.1270  -0.5581  -1.2123
 -1.8087  -2.3926  -2.9987  -3.6522  -4.3877  -5.2560  -6.3371  -7.7562  -9.7120
-12.5187 -16.6741 -22.9674 -32.6490 -36.9881 -36.9881 -36.9881 -36.9881 -36.9881
-36.9881 -36.9881 -36.9881 -36.9881 -36.9881 -36.9881 -36.9881 -36.9881 -36.9881
  0.0000   0.8422   0.8422   0.8422   0.8422   0.8421   0.8420   0.8417   0.8409
  0.8390   0.8341   0.8220   0.7917   0.7174   0.5396   0.1436  -0.5357  -1.2007
 -1.8001  -2.3865  -2.9945  -3.6497  -4.3859  -5.2550  -6.3365  -7.7559  -9.7119
-12.5188 -16.6743 -22.9675 -32.6493 -36.9884 -36.9884 -36.9884 -36.9884 -36.9884
-36.9884 -36.9884 -36.9884 -36.9884 -36.9884 -36.9884 -36.9884 -36.9884 -36.9884
  0.0000   0.8210   0.8210   0.8210   0.8210   0.8209   0.8208   0.8205   0.8199
  0.8181   0.8139   0.8031   0.7763   0.7100   0.5490   0.1814  -0.4909  -1.1841
 -1.7874  -2.3770  -2.9876  -3.6448  -4.3827  -5.2527  -6.3350  -7.7549  -9.7112
-12.5182 -16.6738 -22.9672 -32.6490 -36.9882 -36.9882 -36.9882 -36.9882 -36.9882
-36.9882 -36.9882 -36.9882 -36.9882 -36.9882 -36.9882 -36.9882 -36.9882 -36.9882
  0.0000   0.7764   0.7764   0.7764   0.7764   0.7764   0.7763   0.7761   0.7755
  0.7742   0.7708   0.7624   0.7413   0.6886   0.5586   0.2499  -0.3860  -1.1546
 -1.7722  -2.3660  -2.9792  -3.6391  -4.3791  -5.2506  -6.3338  -7.7544  -9.7112
-12.5184 -16.6742 -22.9676 -32.6496 -36.9890 -36.9890 -36.9890 -36.9890 -36.9890
-36.9890 -36.9890 -36.9890 -36.9890 -36.9890 -36.9890 -36.9890 -36.9890 -36.9890
  0.0000   1.1056   1.1056   1.1056   1.1055   1.1053   1.1047   1.1034   1.1002
  1.0925   1.0743   1.0309   0.9270   0.6820   0.1975  -0.3629  -0.9009  -1.4384
 -2.0026  -2.6134  -3.2988  -4.1019  -5.0913  -6.3750  -8.1231 -10.6040 -14.2431
-19.7156 -28.0936 -36.9790 -36.9790 -36.9790 -36.9790 -36.9790 -36.9790 -36.9790
-36.9790 -36.9790 -36.9790 -36.9790 -36.9790 -36.9790 -36.9790 -36.9790 -36.9790
  0.0000   0.9600   0.9600   0.9599   0.9599   0.9598   0.9595   0.9588   0.9571
  0.9531   0.9438   0.9219   0.8698   0.7436   0.4430  -0.1037  -0.7142  -1.3116
 -1.9205  -2.5640  -3.2733  -4.0937  -5.0949  -6.3850  -8.1347 -10.6137 -14.2494
-19.7186 -28.0938 -36.9734 -36.9734 -36.9734 -36.9734 -36.9734 -36.9734 -36.9734
-36.9734 -36.9734 -36.9734 -36.9734 -36.9734 -36.9734 -36.9734 -36.9734 -36.9734
  0.0000   0.9290   0.9290   0.9290   0.9290   0.9289   0.9287   0.9281   0.9269
  0.9237   0.9162   0.8987   0.8569   0.7531   0.4833  -0.0727  -0.7079  -1.3144
 -1.9250  -2.5679  -3.2758  -4.0954  -5.0957  -6.3852  -8.1345 -10.6134 -14.2489
-19.7179 -28.0931 -36.9726 -36.9726 -36.9726 -36.9726 -36.9726 -36.9726 -36.9726
-36.9726 -36.9726 -36.9726 -36.9726 -36.9726 -36.9726 -36.9726 -36.9726 -36.9726
  0.0000   0.9274   0.9274   0.9274   0.9274   0.9273   0.9271   0.9266   0.9254
  0.9224   0.9150   0.8973   0.8549   0.7514   0.4862  -0.0657  -0.7042  -1.3125
 -1.9238  -2.5671  -3.2753  -4.0949  -5.0953  -6.3850  -8.1343 -10.6131 -14.2487
-19.7177 -28.0929 -36.9724 -36.9724 -36.9724 -36.9724 -36.9724 -36.9724 -36.9724
-36.9724 -36.9724 -36.9724 -36.9724 -36.9724 -36.9724 -36.9724 -36.9724 -36.9724
  0.0000   0.9363   0.9363   0.9363   0.9362   0.9362   0.9360   0.9354   0.9342
  0.9310   0.9232   0.9041   0.8577   0.7458   0.4746  -0.0662  -0.6977  -1.3074
 -1.9196  -2.5641  -3.2734  -4.0935  -5.0946  -6.3845  -8.1340 -10.6131 -14.2487
-19.7178 -28.0930 -36.9726 -36.9726 -36.9726 -36.9726 -36.9726 -36.9726 -36.9726
-36.9726 -36.9726 -36.9726 -36.9726 -36.9726 -36.9726 -36.9726 -36.9726 -36.9726
  0.0000   0.9441   0.9441   0.9441   0.9440   0.9440   0.9438   0.9432   0.9419
  0.9387   0.9306   0.9104   0.8606   0.7405   0.4618  -0.0675  -0.6933  -1.3007
 -1.9135  -2.5594  -3.2702  -4.0917  -5.0935  -6.3840  -8.1340 -10.6133 -14.2491
-19.7183 -28.0935 -36.9733 -36.9733 -36.9733 -36.9733 -36.9733 -36.9733 -36.9733
-36.9733 -36.9733 -36.9733 -36.9733 -36.9733 -36.9733 -36.9733 -36.9733 -36.9733
  0.0000   0.9400   0.9400   0.9400   0.9399   0.9399   0.9397   0.9392   0.9379
  0.9348   0.9270   0.9074   0.8588   0.7402   0.4662  -0.0546  -0.6855  -1.2922
 -1.9049  -2.5522  -3.2649  -4.0881  -5.0910  -6.3824  -8.1330 -10.6126 -14.2486
-19.7179 -28.0933 -36.9733 -36.9733 -36.9733 -36.9733 -36.9733 -36.9733 -36.9733
-36.9733 -36.9733 -36.9733 -36.9733 -36.9733 -36.9733 -36.9733 -36.9733 -36.9733
 -1.0000   1.1478   1.1478   1.1477   1.1476   1.1471   1.1461   1.1438   1.1387
  1.1275   1.1023   1.0441   0.9108   0.6292   0.1874  -0.3385  -0.8954  -1.4968
 -2.1650  -2.9361  -3.8677  -5.0501  -6.6276  -8.8300 -12.0233 -16.7879 -24.0442
-35.2504 -36.9637 -36.9637 -36.9637 -36.9637 -36.9637 -36.9637 -36.9637 -36.9637
-36.9637 -36.9637 -36.9637 -36.9637 -36.9637 -36.9637 -36.9637 -36.9637 -36.9637
  0.0000   1.1470   1.1470   1.1469   1.1468   1.1464   1.1454   1.1433   1.1383
  1.1272   1.1020   1.0439   0.9109   0.6297   0.1880  -0.3383  -0.8953  -1.4968
 -2.1649  -2.9361  -3.8677  -5.0501  -6.6276  -8.8300 -12.0233 -16.7879 -24.0442
-35.2504 -36.9637 -36.9637 -36.9637 -36.9637 -36.9637 -36.9637 -36.9637 -36.9637
-36.9637 -36.9637 -36.9637 -36.9637 -36.9637 -36.9637 -36.9637 -36.9637 -36.9637
  0.0000   0.9722   0.9722   0.9722   0.9721   0.9720   0.9718   0.9712   0.9699
  0.9675   0.9633   0.9527   0.9134   0.7669   0.3849  -0.1950  -0.8156  -1.4621
 -2.1574  -2.9422  -3.8779  -5.0590  -6.6330  -8.8317 -12.0218 -16.7843 -24.0390
-35.2442 -36.9557 -36.9557 -36.9557 -36.9557 -36.9557 -36.9557 -36.9557 -36.9557
-36.9557 -36.9557 -36.9557 -36.9557 -36.9557 -36.9557 -36.9557 -36.9557 -36.9557
  0.0000   0.9355   0.9355   0.9355   0.9355   0.9354   0.9354   0.9352   0.9350
  0.9347   0.9348   0.9336   0.9119   0.7891   0.4145  -0.1835  -0.8151  -1.4648
 -2.1603  -2.9442  -3.8788  -5.0596  -6.6330  -8.8313 -12.0213 -16.7836 -24.0383
-35.2434 -36.9548 -36.9548 -36.9548 -36.9548 -36.9548 -36.9548 -36.9548 -36.9548
-36.9548 -36.9548 -36.9548 -36.9548 -36.9548 -36.9548 -36.9548 -36.9548 -36.9548
  0.0000   0.9466   0.9466   0.9466   0.9466   0.9466   0.9465   0.9464   0.9460
  0.9452   0.9435   0.9380   0.9098   0.7816   0.4096  -0.1836  -0.8139  -1.4635
 -2.1594  -2.9437  -3.8787  -5.0596  -6.6331  -8.8317 -12.0216 -16.7840 -24.0386
-35.2438 -36.9553 -36.9553 -36.9553 -36.9553 -36.9553 -36.9553 -36.9553 -36.9553
-36.9553 -36.9553 -36.9553 -36.9553 -36.9553 -36.9553 -36.9553 -36.9553 -36.9553
  0.0000   0.9761   0.9761   0.9761   0.9761   0.9761   0.9759   0.9755   0.9746
  0.9722   0.9664   0.9514   0.9066   0.7619   0.3917  -0.1876  -0.8118  -1.4601
 -2.1564  -2.9418  -3.8778  -5.0591  -6.6333  -8.8320 -12.0222 -16.7847 -24.0395
-35.2448 -36.9563 -36.9563 -36.9563 -36.9563 -36.9563 -36.9563 -36.9563 -36.9563
-36.9563 -36.9563 -36.9563 -36.9563 -36.9563 -36.9563 -36.9563 -36.9563 -36.9563
  0.0000   1.0052   1.0052   1.0052   1.0052   1.0051   1.0048   1.0042   1.0027
  0.9989   0.9893   0.9654   0.9038   0.7416   0.3727  -0.1929  -0.8098  -1.4554
 -2.1519  -2.9385  -3.8758  -5.0580  -6.6328  -8.8321 -12.0225 -16.7852 -24.0400
-35.2454 -36.9572 -36.9572 -36.9572 -36.9572 -36.9572 -36.9572 -36.9572 -36.9572
-36.9572 -36.9572 -36.9572 -36.9572 -36.9572 -36.9572 -36.9572 -36.9572 -36.9572
 -2.0000   1.1223   1.1223   1.1221   1.1217   1.1209   1.1194   1.1170   1.1130
  1.1060   1.0910   1.0510   0.9369   0.6562   0.2044  -0.3670  -1.0195  -1.7638
 -2.6439  -3.7366  -5.1657  -7.1291  -9.9410 -14.1001 -20.3956 -30.0788 -36.9202
-36.9202 -36.9202 -36.9202 -36.9202 -36.9202 -36.9202 -36.9202 -36.9202 -36.9202
-36.9202 -36.9202 -36.9202 -36.9202 -36.9202 -36.9202 -36.9202 -36.9202 -36.9202
 -1.0000   1.1219   1.1219   1.1217   1.1214   1.1207   1.1194   1.1170   1.1130
  1.1059   1.0910   1.0510   0.9369   0.6563   0.2045  -0.3670  -1.0194  -1.7638
 -2.6439  -3.7366  -5.1657  -7.1291  -9.9410 -14.1001 -20.3956 -30.0788 -36.9202
-36.9202 -36.9202 -36.9202 -36.9202 -36.9202 -36.9202 -36.9202 -36.9202 -36.9202
-36.9202 -36.9202 -36.9202 -36.9202 -36.9202 -36.9202 -36.9202 -36.9202 -36.9202
  0.0000   1.1213   1.1213   1.1212   1.1210   1.1204   1.1192   1.1169   1.1129
  1.1059   1.0908   1.0509   0.9368   0.6566   0.2048  -0.3668  -1.0194  -1.7637
 -2.6439  -3.7366  -5.1657  -7.1291  -9.9410 -14.1001 -20.3956 -30.0788 -36.9202
-36.9202 -36.9202 -36.9202 -36.9202 -36.9202 -36.9202 -36.9202 -36.9202 -36.9202
-36.9202 -36.9202 -36.9202 -36.9202 -36.9202 -36.9202 -36.9202 -36.9202 -36.9202
  0.0000   0.9594   0.9594   0.9594   0.9594   0.9592   0.9590   0.9586   0.9589
  0.9620   0.9705   0.9814   0.9610   0.7858   0.3409  -0.2878  -0.9864  -1.7553
 -2.6447  -3.7384  -5.1647  -7.1250  -9.9342 -14.0911 -20.3853 -30.0675 -36.9072
-36.9072 -36.9072 -36.9072 -36.9072 -36.9072 -36.9072 -36.9072 -36.9072 -36.9072
-36.9072 -36.9072 -36.9072 -36.9072 -36.9072 -36.9072 -36.9072 -36.9072 -36.9072
  0.0000   0.9321   0.9321   0.9321   0.9321   0.9322   0.9322   0.9325   0.9338
  0.9386   0.9509   0.9698   0.9631   0.8034   0.3560  -0.2829  -0.9861  -1.7560
 -2.6452  -3.7383  -5.1643  -7.1242  -9.9332 -14.0900 -20.3840 -30.0662 -36.9058
-36.9058 -36.9058 -36.9058 -36.9058 -36.9058 -36.9058 -36.9058 -36.9058 -36.9058
-36.9058 -36.9058 -36.9058 -36.9058 -36.9058 -36.9058 -36.9058 -36.9058 -36.9058
  0.0000   0.9501   0.9501   0.9501   0.9501   0.9501   0.9503   0.9506   0.9518
  0.9553   0.9640   0.9765   0.9595   0.7916   0.3482  -0.2847  -0.9857  -1.7553
 -2.6449  -3.7384  -5.1647  -7.1249  -9.9340 -14.0909 -20.3851 -30.0672 -36.9070
-36.9070 -36.9070 -36.9070 -36.9070 -36.9070 -36.9070 -36.9070 -36.9070 -36.9070
-36.9070 -36.9070 -36.9070 -36.9070 -36.9070 -36.9070 -36.9070 -36.9070 -36.9070
  0.0000   0.9811   0.9811   0.9811   0.9811   0.9812   0.9812   0.9814   0.9820
  0.9834   0.9867   0.9881   0.9533   0.7710   0.3333  -0.2886  -0.9851  -1.7538
 -2.6440  -3.7382  -5.1652  -7.1258  -9.9353 -14.0924 -20.3866 -30.0690 -36.9089
-36.9089 -36.9089 -36.9089 -36.9089 -36.9089 -36.9089 -36.9089 -36.9089 -36.9089
-36.9089 -36.9089 -36.9089 -36.9089 -36.9089 -36.9089 -36.9089 -36.9089 -36.9089
 -3.0000   1.0981   1.0979   1.0973   1.0963   1.0945   1.0921   1.0890   1.0852
  1.0803   1.0710   1.0436   0.9804   0.7114   0.1965  -0.5031  -1.3460  -2.3717
 -3.6813  -5.4449  -7.9330 -11.5745 -17.0473 -25.4248 -36.8081 -36.8081 -36.8081
-36.8081 -36.8081 -36.8081 -36.8081 -36.8081 -36.8081 -36.8081 -36.8081 -36.8081
-36.8081 -36.8081 -36.8081 -36.8081 -36.8081 -36.8081 -36.8081 -36.8081 -36.8081
 -2.0000   1.0978   1.0976   1.0972   1.0962   1.0946   1.0922   1.0890   1.0852
  1.0803   1.0709   1.0436   0.9803   0.7114   0.1966  -0.5031  -1.3460  -2.3717
 -3.6813  -5.4449  -7.9330 -11.5745 -17.0473 -25.4248 -36.8081 -36.8081 -36.8081
-36.8081 -36.8081 -36.8081 -36.8081 -36.8081 -36.8081 -36.8081 -36.8081 -36.8081
-36.8081 -36.8081 -36.8081 -36.8081 -36.8081 -36.8081 -36.8081 -36.8081 -36.8081
 -1.0000   1.0973   1.0972   1.0968   1.0961   1.0946   1.0922   1.0891   1.0852
  1.0803   1.0709   1.0437   0.9803   0.7115   0.1966  -0.5030  -1.3460  -2.3717
 -3.6813  -5.4449  -7.9330 -11.5745 -17.0473 -25.4248 -36.8081 -36.8081 -36.8081
-36.8081 -36.8081 -36.8081 -36.8081 -36.8081 -36.8081 -36.8081 -36.8081 -36.8081
-36.8081 -36.8081 -36.8081 -36.8081 -36.8081 -36.8081 -36.8081 -36.8081 -36.8081
  0.0000   1.0966   1.0965   1.0963   1.0957   1.0945   1.0923   1.0892   1.0852
  1.0804   1.0708   1.0437   0.9802   0.7116   0.1968  -0.5029  -1.3459  -2.3716
 -3.6813  -5.4449  -7.9330 -11.5745 -17.0473 -25.4248 -36.8081 -36.8081 -36.8081
-36.8081 -36.8081 -36.8081 -36.8081 -36.8081 -36.8081 -36.8081 -36.8081 -36.8081
-36.8081 -36.8081 -36.8081 -36.8081 -36.8081 -36.8081 -36.8081 -36.8081 -36.8081
  1.0000   1.0956   1.0955   1.0954   1.0950   1.0941   1.0922   1.0892   1.0852
  1.0803   1.0705   1.0437   0.9799   0.7117   0.1969  -0.5029  -1.3459  -2.3717
 -3.6813  -5.4449  -7.9330 -11.5746 -17.0474 -25.4248 -36.8082 -36.8082 -36.8082
-36.8082 -36.8082 -36.8082 -36.8082 -36.8082 -36.8082 -36.8082 -36.8082 -36.8082
-36.8082 -36.8082 -36.8082 -36.8082 -36.8082 -36.8082 -36.8082 -36.8082 -36.8082
  2.0000   1.0944   1.0943   1.0942   1.0940   1.0933   1.0920   1.0894   1.0854
  1.0803   1.0702   1.0438   0.9794   0.7121   0.1975  -0.5025  -1.3457  -2.3716
 -3.6812  -5.4449  -7.9330 -11.5745 -17.0473 -25.4248 -36.8082 -36.8082 -36.8082
-36.8082 -36.8082 -36.8082 -36.8082 -36.8082 -36.8082 -36.8082 -36.8082 -36.8082
-36.8082 -36.8082 -36.8082 -36.8082 -36.8082 -36.8082 -36.8082 -36.8082 -36.8082
  3.0000   1.0928   1.0928   1.0927   1.0926   1.0922   1.0912   1.0892   1.0856
  1.0803   1.0696   1.0440   0.9786   0.7128   0.1986  -0.5018  -1.3453  -2.3713
 -3.6811  -5.4448  -7.9329 -11.5744 -17.0472 -25.4246 -36.8082 -36.8082 -36.8082
-36.8082 -36.8082 -36.8082 -36.8082 -36.8082 -36.8082 -36.8082 -36.8082 -36.8082
-36.8082 -36.8082 -36.8082 -36.8082 -36.8082 -36.8082 -36.8082 -36.8082 -36.8082
-13.0000   1.0983   1.0979   1.0972   1.0962   1.0944   1.0920   1.0889   1.0851
  1.0802   1.0709   1.0435   0.9803   0.7113   0.1964  -0.5032  -1.3461  -2.3718
 -3.6814  -5.4450  -7.9331 -11.5746 -17.0474 -25.4249 -36.8082 -36.8082 -36.8082
-36.8082 -36.8082 -36.8082 -36.8082 -36.8082 -36.8082 -36.8082 -36.8082 -36.8082
-36.8082 -36.8082 -36.8082 -36.8082 -36.8082 -36.8082 -36.8082 -36.8082 -36.8082
-12.0000   1.0982   1.0979   1.0972   1.0962   1.0944   1.0920   1.0889   1.0851
  1.0802   1.0709   1.0435   0.9803   0.7113   0.1964  -0.5032  -1.3461  -2.3718
 -3.6814  -5.4450  -7.9331 -11.5746 -17.0474 -25.4249 -36.8082 -36.8082 -36.8082
-36.8082 -36.8082 -36.8082 -36.8082 -36.8082 -36.8082 -36.8082 -36.8082 -36.8082
-36.8082 -36.8082 -36.8082 -36.8082 -36.8082 -36.8082 -36.8082 -36.8082 -36.8082
-11.0000   1.0981   1.0978   1.0972   1.0962   1.0944   1.0920   1.0889   1.0851
  1.0802   1.0709   1.0435   0.9803   0.7113   0.1964  -0.5032  -1.3461  -2.3718
 -3.6814  -5.4450  -7.9331 -11.5746 -17.0474 -25.4249 -36.8082 -36.8082 -36.8082
-36.8082 -36.8082 -36.8082 -36.8082 -36.8082 -36.8082 -36.8082 -36.8082 -36.8082
-36.8082 -36.8082 -36.8082 -36.8082 -36.8082 -36.8082 -36.8082 -36.8082 -36.8082
-10.0000   1.0978   1.0976   1.0971   1.0961   1.0945   1.0920   1.0889   1.0851
  1.0802   1.0709   1.0435   0.9803   0.7113   0.1965  -0.5032  -1.3461  -2.3718
 -3.6814  -5.4450  -7.9331 -11.5746 -17.0474 -25.4249 -36.8082 -36.8082 -36.8082
-36.8082 -36.8082 -36.8082 -36.8082 -36.8082 -36.8082 -36.8082 -36.8082 -36.8082
-36.8082 -36.8082 -36.8082 -36.8082 -36.8082 -36.8082 -36.8082 -36.8082 -36.8082
 11.0000   1.0973   1.0972   1.0968   1.0960   1.0945   1.0921   1.0890   1.0851
  1.0802   1.0708   1.0435   0.9802   0.7114   0.1965  -0.5031  -1.3461  -2.3718
 -3.6814  -5.4450  -7.9331 -11.5746 -17.0474 -25.4249 -36.8082 -36.8082 -36.8082
-36.8082 -36.8082 -36.8082 -36.8082 -36.8082 -36.8082 -36.8082 -36.8082 -36.8082
-36.8082 -36.8082 -36.8082 -36.8082 -36.8082 -36.8082 -36.8082 -36.8082 -36.8082
 12.0000   1.0968   1.0967   1.0964   1.0958   1.0945   1.0923   1.0892   1.0852
  1.0804   1.0708   1.0437   0.9802   0.7116   0.1967  -0.5029  -1.3459  -2.3716
 -3.6813  -5.4449  -7.9330 -11.5745 -17.0473 -25.4248 -36.8081 -36.8081 -36.8081
-36.8081 -36.8081 -36.8081 -36.8081 -36.8081 -36.8081 -36.8081 -36.8081 -36.8081
-36.8081 -36.8081 -36.8081 -36.8081 -36.8081 -36.8081 -36.8081 -36.8081 -36.8081
 13.0000   1.0957   1.0956   1.0955   1.0950   1.0941   1.0922   1.0891   1.0851
  1.0802   1.0705   1.0436   0.9798   0.7115   0.1968  -0.5030  -1.3460  -2.3718
 -3.6814  -5.4450  -7.9332 -11.5746 -17.0475 -25.4249 -36.8083 -36.8083 -36.8083
-36.8083 -36.8083 -36.8083 -36.8083 -36.8083 -36.8083 -36.8083 -36.8083 -36.8083
-36.8083 -36.8083 -36.8083 -36.8083 -36.8083 -36.8083 -36.8083 -36.8083 -36.8083
-23.0000   1.0986   1.0980   1.0974   1.0964   1.0946   1.0922   1.0891   1.0853
  1.0804   1.0711   1.0437   0.9805   0.7115   0.1966  -0.5030  -1.3459  -2.3716
 -3.6812  -5.4448  -7.9329 -11.5744 -17.0472 -25.4247 -36.8080 -36.8080 -36.8080
-36.8080 -36.8080 -36.8080 -36.8080 -36.8080 -36.8080 -36.8080 -36.8080 -36.8080
-36.8080 -36.8080 -36.8080 -36.8080 -36.8080 -36.8080 -36.8080 -36.8080 -36.8080
-22.0000   1.0986   1.0981   1.0974   1.0964   1.0946   1.0922   1.0891   1.0853
  1.0804   1.0711   1.0437   0.9805   0.7115   0.1966  -0.5030  -1.3459  -2.3716
 -3.6812  -5.4448  -7.9329 -11.5744 -17.0472 -25.4247 -36.8080 -36.8080 -36.8080
-36.8080 -36.8080 -36.8080 -36.8080 -36.8080 -36.8080 -36.8080 -36.8080 -36.8080
-36.8080 -36.8080 -36.8080 -36.8080 -36.8080 -36.8080 -36.8080 -36.8080 -36.8080
-21.0000   1.0985   1.0981   1.0974   1.0964   1.0946   1.0922   1.0891   1.0853
  1.0804   1.0711   1.0437   0.9805   0.7115   0.1966  -0.5030  -1.3459  -2.3716
 -3.6812  -5.4448  -7.9329 -11.5744 -17.0472 -25.4247 -36.8080 -36.8080 -36.8080
-36.8080 -36.8080 -36.8080 -36.8080 -36.8080 -36.8080 -36.8080 -36.8080 -36.8080
-36.8080 -36.8080 -36.8080 -36.8080 -36.8080 -36.8080 -36.8080 -36.8080 -36.8080
-20.0000   1.0985   1.0981   1.0974   1.0964   1.0946   1.0922   1.0891   1.0853
  1.0804   1.0711   1.0437   0.9805   0.7115   0.1966  -0.5030  -1.3459  -2.3716
 -3.6812  -5.4448  -7.9329 -11.5744 -17.0472 -25.4247 -36.8080 -36.8080 -36.8080
-36.8080 -36.8080 -36.8080 -36.8080 -36.8080 -36.8080 -36.8080 -36.8080 -36.8080
-36.8080 -36.8080 -36.8080 -36.8080 -36.8080 -36.8080 -36.8080 -36.8080 -36.8080
 21.0000   1.0983   1.0980   1.0974   1.0964   1.0946   1.0922   1.0891   1.0853
  1.0804   1.0711   1.0437   0.9805   0.7115   0.1966  -0.5030  -1.3459  -2.3716
 -3.6812  -5.4448  -7.9329 -11.5744 -17.0472 -25.4247 -36.8080 -36.8080 -36.8080
-36.8080 -36.8080 -36.8080 -36.8080 -36.8080 -36.8080 -36.8080 -36.8080 -36.8080
-36.8080 -36.8080 -36.8080 -36.8080 -36.8080 -36.8080 -36.8080 -36.8080 -36.8080
 22.0000   1.0981   1.0978   1.0973   1.0963   1.0947   1.0922   1.0891   1.0853
  1.0804   1.0711   1.0437   0.9805   0.7115   0.1967  -0.5030  -1.3459  -2.3716
 -3.6812  -5.4448  -7.9329 -11.5744 -17.0472 -25.4247 -36.8080 -36.8080 -36.8080
-36.8080 -36.8080 -36.8080 -36.8080 -36.8080 -36.8080 -36.8080 -36.8080 -36.8080
-36.8080 -36.8080 -36.8080 -36.8080 -36.8080 -36.8080 -36.8080 -36.8080 -36.8080
 23.0000   1.0974   1.0972   1.0968   1.0960   1.0944   1.0920   1.0889   1.0850
  1.0801   1.0707   1.0434   0.9801   0.7113   0.1964  -0.5032  -1.3462  -2.3719
 -3.6815  -5.4451  -7.9332 -11.5747 -17.0475 -25.4250 -36.8083 -36.8083 -36.8083
-36.8083 -36.8083 -36.8083 -36.8083 -36.8083 -36.8083 -36.8083 -36.8083 -36.8083
-36.8083 -36.8083 -36.8083 -36.8083 -36.8083 -36.8083 -36.8083 -36.8083 -36.8083
-33.0000   1.0983   1.0977   1.0971   1.0961   1.0943   1.0919   1.0888   1.0850
  1.0801   1.0708   1.0434   0.9802   0.7112   0.1963  -0.5033  -1.3462  -2.3719
 -3.6815  -5.4451  -7.9332 -11.5747 -17.0475 -25.4250 -36.8083 -36.8083 -36.8083
-36.8083 -36.8083 -36.8083 -36.8083 -36.8083 -36.8083 -36.8083 -36.8083 -36.8083
-36.8083 -36.8083 -36.8083 -36.8083 -36.8083 -36.8083 -36.8083 -36.8083 -36.8083
-32.0000   1.0983   1.0977   1.0971   1.0961   1.0943   1.0919   1.0888   1.0850
  1.0801   1.0708   1.0434   0.9802   0.7112   0.1963  -0.5033  -1.3462  -2.3719
 -3.6815  -5.4451  -7.9332 -11.5747 -17.0475 -25.4250 -36.8083 -36.8083 -36.8083
-36.8083 -36.8083 -36.8083 -36.8083 -36.8083 -36.8083 -36.8083 -36.8083 -36.8083
-36.8083 -36.8083 -36.8083 -36.8083 -36.8083 -36.8083 -36.8083 -36.8083 -36.8083
-31.0000   1.0983   1.0977   1.0971   1.0961   1.0943   1.0919   1.0888   1.0850
  1.0801   1.0708   1.0434   0.9802   0.7112   0.1963  -0.5033  -1.3462  -2.3719
 -3.6815  -5.4451  -7.9332 -11.5747 -17.0475 -25.4250 -36.8083 -36.8083 -36.8083
-36.8083 -36.8083 -36.8083 -36.8083 -36.8083 -36.8083 -36.8083 -36.8083 -36.8083
-36.8083 -36.8083 -36.8083 -36.8083 -36.8083 -36.8083 -36.8083 -36.8083 -36.8083
-30.0000   1.0983   1.0977   1.0971   1.0961   1.0943   1.0919   1.0888   1.0850
  1.0801   1.0708   1.0434   0.9802   0.7112   0.1963  -0.5033  -1.3462  -2.3719
 -3.6815  -5.4451  -7.9332 -11.5747 -17.0475 -25.4250 -36.8083 -36.8083 -36.8083
-36.8083 -36.8083 -36.8083 -36.8083 -36.8083 -36.8083 -36.8083 -36.8083 -36.8083
-36.8083 -36.8083 -36.8083 -36.8083 -36.8083 -36.8083 -36.8083 -36.8083 -36.8083
 31.0000   1.0982   1.0978   1.0971   1.0961   1.0943   1.0919   1.0888   1.0850
  1.0801   1.0708   1.0434   0.9802   0.7112   0.1963  -0.5033  -1.3462  -2.3719
 -3.6815  -5.4451  -7.9332 -11.5747 -17.0475 -25.4250 -36.8083 -36.8083 -36.8083
-36.8083 -36.8083 -36.8083 -36.8083 -36.8083 -36.8083 -36.8083 -36.8083 -36.8083
-36.8083 -36.8083 -36.8083 -36.8083 -36.8083 -36.8083 -36.8083 -36.8083 -36.8083
 32.0000   1.0982   1.0978   1.0971   1.0961   1.0943   1.0919   1.0888   1.0850
  1.0801   1.0708   1.0434   0.9802   0.7112   0.1963  -0.5033  -1.3462  -2.3719
 -3.6815  -5.4451  -7.9332 -11.5747 -17.0475 -25.4250 -36.8083 -36.8083 -36.8083
-36.8083 -36.8083 -36.8083 -36.8083 -36.8083 -36.8083 -36.8083 -36.8083 -36.8083
-36.8083 -36.8083 -36.8083 -36.8083 -36.8083 -36.8083 -36.8083 -36.8083 -36.8083
 33.0000   1.0982   1.0978   1.0972   1.0962   1.0944   1.0920   1.0889   1.0851
  1.0802   1.0709   1.0435   0.9803   0.7113   0.1964  -0.5032  -1.3461  -2.3718
 -3.6814  -5.4450  -7.9331 -11.5746 -17.0474 -25.4249 -36.8082 -36.8082 -36.8082
-36.8082 -36.8082 -36.8082 -36.8082 -36.8082 -36.8082 -36.8082 -36.8082 -36.8082
-36.8082 -36.8082 -36.8082 -36.8082 -36.8082 -36.8082 -36.8082 -36.8082 -36.8082
-43.0000   1.0983   1.0977   1.0971   1.0961   1.0943   1.0919   1.0888   1.0850
  1.0801   1.0708   1.0434   0.9802   0.7112   0.1963  -0.5033  -1.3462  -2.3719
 -3.6815  -5.4451  -7.9332 -11.5747 -17.0475 -25.4250 -36.8083 -36.8083 -36.8083
-36.8083 -36.8083 -36.8083 -36.8083 -36.8083 -36.8083 -36.8083 -36.8083 -36.8083
-36.8083 -36.8083 -36.8083 -36.8083 -36.8083 -36.8083 -36.8083 -36.8083 -36.8083
-42.0000   1.0983   1.0977   1.0971   1.0961   1.0943   1.0919   1.0888   1.0850
  1.0801   1.0708   1.0434   0.9802   0.7112   0.1963  -0.5033  -1.3462  -2.3719
 -3.6815  -5.4451  -7.9332 -11.5747 -17.0475 -25.4250 -36.8083 -36.8083 -36.8083
-36.8083 -36.8083 -36.8083 -36.8083 -36.8083 -36.8083 -36.8083 -36.8083 -36.8083
-36.8083 -36.8083 -36.8083 -36.8083 -36.8083 -36.8083 -36.8083 -36.8083 -36.8083
-41.0000   1.0983   1.0977   1.0971   1.0961   1.0943   1.0919   1.0888   1.0850
  1.0801   1.0708   1.0434   0.9802   0.7112   0.1963  -0.5033  -1.3462  -2.3719
 -3.6815  -5.4451  -7.9332 -11.5747 -17.0475 -25.4250 -36.8083 -36.8083 -36.8083
-36.8083 -36.8083 -36.8083 -36.8083 -36.8083 -36.8083 -36.8083 -36.8083 -36.8083
-36.8083 -36.8083 -36.8083 -36.8083 -36.8083 -36.8083 -36.8083 -36.8083 -36.8083
-40.0000   1.0983   1.0977   1.0971   1.0961   1.0943   1.0919   1.0888   1.0850
  1.0801   1.0708   1.0434   0.9802   0.7112   0.1963  -0.5033  -1.3462  -2.3719
 -3.6815  -5.4451  -7.9332 -11.5747 -17.0475 -25.4250 -36.8083 -36.8083 -36.8083
-36.8083 -36.8083 -36.8083 -36.8083 -36.8083 -36.8083 -36.8083 -36.8083 -36.8083
-36.8083 -36.8083 -36.8083 -36.8083 -36.8083 -36.8083 -36.8083 -36.8083 -36.8083
 41.0000   1.0983   1.0977   1.0971   1.0961   1.0943   1.0919   1.0888   1.0850
  1.0801   1.0708   1.0434   0.9802   0.7112   0.1963  -0.5033  -1.3462  -2.3719
 -3.6815  -5.4451  -7.9332 -11.5747 -17.0475 -25.4250 -36.8083 -36.8083 -36.8083
-36.8083 -36.8083 -36.8083 -36.8083 -36.8083 -36.8083 -36.8083 -36.8083 -36.8083
-36.8083 -36.8083 -36.8083 -36.8083 -36.8083 -36.8083 -36.8083 -36.8083 -36.8083
 42.0000   1.0983   1.0977   1.0971   1.0961   1.0943   1.0919   1.0888   1.0850
  1.0801   1.0708   1.0434   0.9802   0.7112   0.1963  -0.5033  -1.3462  -2.3719
 -3.6815  -5.4451  -7.9332 -11.5747 -17.0475 -25.4250 -36.8083 -36.8083 -36.8083
-36.8083 -36.8083 -36.8083 -36.8083 -36.8083 -36.8083 -36.8083 -36.8083 -36.8083
-36.8083 -36.8083 -36.8083 -36.8083 -36.8083 -36.8083 -36.8083 -36.8083 -36.8083
 43.0000   1.0984   1.0979   1.0972   1.0962   1.0944   1.0920   1.0889   1.0851
  1.0802   1.0709   1.0435   0.9803   0.7113   0.1964  -0.5032  -1.3461  -2.3718
 -3.6814  -5.4450  -7.9331 -11.5746 -17.0474 -25.4249 -36.8082 -36.8082 -36.8082
-36.8082 -36.8082 -36.8082 -36.8082 -36.8082 -36.8082 -36.8082 -36.8082 -36.8082
-36.8082 -36.8082 -36.8082 -36.8082 -36.8082 -36.8082 -36.8082 -36.8082 -36.8082
nl= 1 nu=15
  0.0000  -0.7788  -0.7788  -0.7788  -0.7788  -0.7788  -0.7788  -0.7788  -0.7789
 -0.7790  -0.7792  -0.7798  -0.7812  -0.7848  -0.7939  -0.8166  -0.8737  -1.0172
 -1.3774  -2.2788  -4.3379  -5.3588  -5.9506  -6.6955  -7.2245  -7.7495  -8.2872
 -8.8452  -9.4363 -10.0802 -10.8080 -11.6688 -12.7407 -14.1469 -16.0832 -18.8595
-22.9672 -29.1851 -36.9996 -36.9996
  0.0000  -0.9298  -0.9298  -0.9298  -0.9298  -0.9298  -0.9298  -0.9298  -0.9298
 -0.9299  -0.9300  -0.9303  -0.9310  -0.9328  -0.9373  -0.9487  -0.9773  -1.0492
 -1.2298  -1.6830  -2.8171  -5.1419  -5.9251  -6.6781  -7.2211  -7.7480  -8.2869
 -8.8455  -9.4368 -10.0809 -10.8089 -11.6698 -12.7416 -14.1479 -16.0842 -18.8605
-22.9682 -29.1861 -37.0006 -37.0006
  0.0000  -1.0806  -1.0806  -1.0806  -1.0806  -1.0806  -1.0806  -1.0806  -1.0806
 -1.0806  -1.0807  -1.0808  -1.0812  -1.0821  -1.0844  -1.0901  -1.1044  -1.1404
 -1.2308  -1.4577  -2.0276  -3.4526  -5.8399  -6.6419  -7.2135  -7.7438  -8.2851
 -8.8448  -9.4367 -10.0811 -10.8091 -11.6701 -12.7421 -14.1484 -16.0847 -18.8611
-22.9688 -29.1866 -37.0012 -37.0012
  0.0000  -1.2301  -1.2301  -1.2301  -1.2301  -1.2301  -1.2301  -1.2301  -1.2301
 -1.2301  -1.2302  -1.2302  -1.2304  -1.2309  -1.2320  -1.2349  -1.2420  -1.2600
 -1.3052  -1.4188  -1.7041  -2.4203  -4.2083  -6.5615  -7.1969  -7.7343  -8.2801
 -8.8416  -9.4345 -10.0795 -10.8078 -11.6691 -12.7411 -14.1475 -16.0839 -18.8602
-22.9680 -29.1858 -37.0004 -37.0004
  0.0000  -1.3823  -1.3823  -1.3823  -1.3823  -1.3823  -1.3823  -1.3823  -1.3823
 -1.3823  -1.3824  -1.3824  -1.3825  -1.3827  -1.3833  -1.3847  -1.3883  -1.3973
 -1.4199  -1.4767  -1.6194  -1.9778  -2.8778  -5.1172  -7.1635  -7.7201  -8.2740
 -8.8392  -9.4340 -10.0799 -10.8088 -11.6704 -12.7426 -14.1491 -16.0855 -18.8619
-22.9696 -29.1875 -37.0022 -37.0022
  0.0000  -1.5353  -1.5353  -1.5353  -1.5353  -1.5353  -1.5353  -1.5353  -1.5353
 -1.5353  -1.5353  -1.5353  -1.5354  -1.5355  -1.5358  -1.5365  -1.5383  -1.5428
 -1.5541  -1.5825  -1.6539  -1.8331  -2.2834  -3.4140  -6.1932  -7.6921  -8.2624
 -8.8342  -9.4324 -10.0800 -10.8099 -11.6720 -12.7445 -14.1512 -16.0878 -18.8643
-22.9721 -29.1900 -37.0047 -37.0047
  0.0000  -1.6810  -1.6810  -1.6810  -1.6810  -1.6810  -1.6810  -1.6810  -1.6810
 -1.6810  -1.6810  -1.6810  -1.6810  -1.6811  -1.6812  -1.6816  -1.6825  -1.6847
 -1.6904  -1.7046  -1.7403  -1.8299  -2.0550  -2.6206  -4.0409  -7.3163  -8.2319
 -8.8164  -9.4204 -10.0710 -10.8027 -11.6657 -12.7388 -14.1457 -16.0825 -18.8591
-22.9671 -29.1849 -36.9999 -36.9999
  0.0000  -0.4483  -0.4483  -0.4483  -0.4483  -0.4483  -0.4483  -0.4484  -0.4485
 -0.4489  -0.4500  -0.4526  -0.4592  -0.4758  -0.5175  -0.6220  -0.8843  -1.5393
 -3.0814  -4.3231  -4.9065  -5.5605  -6.2138  -6.7396  -7.2724  -7.8227  -8.4011
 -9.0246  -9.7201 -10.5297 -11.5202 -12.7975 -14.5294 -16.9818 -20.5761 -25.9803
-34.2529 -36.9996 -36.9996 -36.9996
  0.0000  -0.5958  -0.5958  -0.5958  -0.5958  -0.5958  -0.5958  -0.5958  -0.5959
 -0.5961  -0.5966  -0.5980  -0.6013  -0.6096  -0.6305  -0.6831  -0.8152  -1.1465
 -1.9742  -3.8425  -4.8702  -5.5400  -6.2038  -6.7349  -7.2692  -7.8202  -8.3991
 -9.0229  -9.7184 -10.5282 -11.5187 -12.7960 -14.5280 -16.9804 -20.5747 -25.9789
-34.2515 -36.9982 -36.9982 -36.9982
  0.0000  -0.7472  -0.7472  -0.7472  -0.7472  -0.7472  -0.7472  -0.7472  -0.7473
 -0.7474  -0.7476  -0.7483  -0.7500  -0.7541  -0.7646  -0.7910  -0.8573  -1.0237
 -1.4413  -2.4844  -4.6263  -5.5033  -6.1895  -6.7310  -7.2680  -7.8205  -8.4000
 -9.0242  -9.7200 -10.5298 -11.5205 -12.7979 -14.5298 -16.9822 -20.5766 -25.9808
-34.2534 -37.0001 -37.0001 -37.0001
  0.0000  -0.8967  -0.8967  -0.8967  -0.8967  -0.8967  -0.8967  -0.8967  -0.8967
 -0.8968  -0.8969  -0.8973  -0.8981  -0.9002  -0.9055  -0.9187  -0.9519  -1.0353
 -1.2447  -1.7703  -3.0825  -5.3772  -6.1566  -6.7202  -7.2618  -7.8170  -8.3978
 -9.0227  -9.7190 -10.5290 -11.5198 -12.7972 -14.5293 -16.9818 -20.5762 -25.9804
-34.2530 -36.9997 -36.9997 -36.9997
  0.0000  -1.0479  -1.0479  -1.0479  -1.0479  -1.0479  -1.0479  -1.0479  -1.0479
 -1.0479  -1.0480  -1.0482  -1.0486  -1.0496  -1.0523  -1.0589  -1.0755  -1.1172
 -1.2221  -1.4854  -2.1465  -3.7948  -6.0814  -6.7012  -7.2525  -7.8125  -8.3957
 -9.0220  -9.7190 -10.5294 -11.5204 -12.7980 -14.5301 -16.9826 -20.5770 -25.9812
-34.2540 -37.0007 -37.0007 -37.0007
  0.0000  -1.1967  -1.1967  -1.1967  -1.1967  -1.1967  -1.1967  -1.1967  -1.1967
 -1.1967  -1.1968  -1.1968  -1.1971  -1.1976  -1.1989  -1.2022  -1.2105  -1.2314
 -1.2839  -1.4156  -1.7466  -2.5776  -4.6439  -6.6592  -7.2322  -7.8014  -8.3888
 -9.0173  -9.7156 -10.5267 -11.5181 -12.7960 -14.5284 -16.9810 -20.5754 -25.9796
-34.2523 -36.9992 -36.9992 -36.9992
  0.0000  -1.3482  -1.3482  -1.3482  -1.3482  -1.3482  -1.3482  -1.3482  -1.3482
 -1.3482  -1.3482  -1.3482  -1.3483  -1.3486  -1.3493  -1.3509  -1.3551  -1.3655
 -1.3917  -1.4577  -1.6232  -2.0391  -3.0834  -5.6510  -7.1994  -7.7860  -8.3810
 -9.0132  -9.7136 -10.5260 -11.5181 -12.7965 -14.5290 -16.9817 -20.5764 -25.9806
-34.2535 -37.0004 -37.0004 -37.0004
  0.0000  -0.1234  -0.1234  -0.1234  -0.1235  -0.1235  -0.1236  -0.1239  -0.1247
 -0.1266  -0.1313  -0.1432  -0.1729  -0.2477  -0.4350  -0.9007  -1.9987  -3.2745
 -3.8740  -4.4769  -5.2022  -5.7303  -6.2595  -6.8033  -7.3709  -7.9771  -8.6450
 -9.4105 -10.3313 -11.4980 -13.0546 -15.2292 -18.3832 -23.0895 -30.2560 -36.9999
-36.9999 -36.9999 -36.9999 -36.9999
  0.0000  -0.2690  -0.2690  -0.2690  -0.2690  -0.2690  -0.2691  -0.2693  -0.2696
 -0.2706  -0.2730  -0.2790  -0.2942  -0.3322  -0.4277  -0.6670  -1.2627  -2.6416
 -3.8252  -4.4553  -5.1885  -5.7262  -6.2570  -6.8020  -7.3702  -7.9767  -8.6446
 -9.4104 -10.3312 -11.4980 -13.0546 -15.2292 -18.3832 -23.0895 -30.2560 -36.9999
-36.9999 -36.9999 -36.9999 -36.9999
  0.0000  -0.4153  -0.4153  -0.4153  -0.4153  -0.4153  -0.4154  -0.4154  -0.4156
 -0.4161  -0.4173  -0.4204  -0.4280  -0.4472  -0.4955  -0.6167  -0.9204  -1.6771
 -3.3601  -4.4098  -5.1606  -5.7178  -6.2515  -6.7984  -7.3677  -7.9747  -8.6430
 -9.4088 -10.3298 -11.4966 -13.0533 -15.2279 -18.3820 -23.0883 -30.2548 -36.9987
-36.9987 -36.9987 -36.9987 -36.9987
  0.0000  -0.5653  -0.5653  -0.5653  -0.5653  -0.5653  -0.5653  -0.5653  -0.5654
 -0.5657  -0.5663  -0.5678  -0.5717  -0.5813  -0.6056  -0.6666  -0.8197  -1.2037
 -2.1604  -4.1302  -5.1079  -5.7057  -6.2451  -6.7956  -7.3665  -7.9745  -8.6433
 -9.4096 -10.3307 -11.4976 -13.0544 -15.2291 -18.3831 -23.0894 -30.2559 -36.9999
-36.9999 -36.9999 -36.9999 -36.9999
  0.0000  -0.7145  -0.7145  -0.7145  -0.7145  -0.7145  -0.7145  -0.7145  -0.7146
 -0.7147  -0.7150  -0.7157  -0.7177  -0.7225  -0.7347  -0.7653  -0.8422  -1.0352
 -1.5194  -2.7257  -4.9296  -5.6794  -6.2313  -6.7884  -7.3623  -7.9720  -8.6417
 -9.4085 -10.3299 -11.4971 -13.0539 -15.2287 -18.3827 -23.0891 -30.2556 -36.9997
-36.9997 -36.9997 -36.9997 -36.9997
  0.0000  -0.8652  -0.8652  -0.8652  -0.8652  -0.8652  -0.8652  -0.8652  -0.8652
 -0.8653  -0.8654  -0.8658  -0.8668  -0.8692  -0.8753  -0.8907  -0.9292  -1.0259
 -1.2689  -1.8786  -3.3972  -5.6095  -6.2076  -6.7769  -7.3562  -7.9687  -8.6401
 -9.4078 -10.3298 -11.4973 -13.0543 -15.2293 -18.3834 -23.0898 -30.2564 -37.0005
-37.0005 -37.0005 -37.0005 -37.0005
  0.0000  -1.0142  -1.0142  -1.0142  -1.0142  -1.0142  -1.0142  -1.0142  -1.0142
 -1.0142  -1.0143  -1.0145  -1.0150  -1.0162  -1.0192  -1.0269  -1.0462  -1.0946
 -1.2163  -1.5218  -2.2888  -4.1945  -6.1617  -6.7546  -7.3435  -7.9610  -8.6348
 -9.4041 -10.3271 -11.4951 -13.0525 -15.2276 -18.3819 -23.0884 -30.2550 -36.9993
-36.9993 -36.9993 -36.9993 -36.9993
  0.0000   0.1859   0.1859   0.1859   0.1858   0.1856   0.1851   0.1838   0.1806
  0.1725   0.1523   0.1017  -0.0248  -0.3372  -1.0671  -2.1774  -2.8460  -3.4425
 -4.1884  -4.7198  -5.2465  -5.7853  -6.3439  -6.9354  -7.5796  -8.3075  -9.1685
-10.2404 -11.6467 -13.5830 -16.3593 -20.4671 -26.6849 -36.2471 -36.9994 -36.9994
-36.9994 -36.9994 -36.9994 -36.9994
  0.0000   0.0496   0.0496   0.0496   0.0496   0.0495   0.0492   0.0485   0.0469
  0.0426   0.0320   0.0054  -0.0614  -0.2283  -0.6411  -1.5964  -2.7639  -3.4149
 -4.1690  -4.7145  -5.2432  -5.7835  -6.3429  -6.9348  -7.5792  -8.3073  -9.1684
-10.2403 -11.6466 -13.5829 -16.3593 -20.4671 -26.6849 -36.2471 -36.9994 -36.9994
-36.9994 -36.9994 -36.9994 -36.9994
  0.0000  -0.0921  -0.0921  -0.0921  -0.0921  -0.0921  -0.0923  -0.0926  -0.0935
 -0.0957  -0.1011  -0.1148  -0.1493  -0.2357  -0.4520  -0.9877  -2.2045  -3.3538
 -4.1309  -4.7052  -5.2377  -5.7805  -6.3412  -6.9338  -7.5786  -8.3070  -9.1681
-10.2403 -11.6466 -13.5830 -16.3594 -20.4671 -26.6850 -36.2472 -36.9995 -36.9995
-36.9995 -36.9995 -36.9995 -36.9995
  0.0000  -0.2373  -0.2373  -0.2373  -0.2373  -0.2373  -0.2374  -0.2376  -0.2380
 -0.2391  -0.2419  -0.2489  -0.2664  -0.3105  -0.4210  -0.6979  -1.3847  -2.8954
 -4.0536  -4.6878  -5.2279  -5.7753  -6.3383  -6.9321  -7.5776  -8.3064  -9.1679
-10.2400 -11.6466 -13.5830 -16.3594 -20.4672 -26.6851 -36.2473 -36.9996 -36.9996
-36.9996 -36.9996 -36.9996 -36.9996
  0.0000  -0.3846  -0.3846  -0.3846  -0.3846  -0.3846  -0.3847  -0.3848  -0.3850
 -0.3855  -0.3869  -0.3905  -0.3993  -0.4216  -0.4776  -0.6180  -0.9699  -1.8439
 -3.6824  -4.6517  -5.2102  -5.7664  -6.3332  -6.9292  -7.5759  -8.3053  -9.1673
-10.2397 -11.6463 -13.5828 -16.3593 -20.4671 -26.6850 -36.2474 -36.9997 -36.9997
-36.9997 -36.9997 -36.9997 -36.9997
  0.0000  -0.5330  -0.5330  -0.5330  -0.5330  -0.5330  -0.5330  -0.5331  -0.5332
 -0.5335  -0.5342  -0.5359  -0.5404  -0.5516  -0.5798  -0.6505  -0.8281  -1.2734
 -2.3810  -4.4679  -5.1785  -5.7505  -6.3242  -6.9238  -7.5726  -8.3033  -9.1659
-10.2387 -11.6456 -13.5824 -16.3590 -20.4668 -26.6847 -36.2471 -36.9995 -36.9995
-36.9995 -36.9995 -36.9995 -36.9995
  0.0000  -0.6829  -0.6829  -0.6829  -0.6829  -0.6829  -0.6829  -0.6829  -0.6830
 -0.6831  -0.6835  -0.6843  -0.6866  -0.6922  -0.7063  -0.7418  -0.8310  -1.0550
 -1.6169  -3.0147  -5.1044  -5.7244  -6.3102  -6.9160  -7.5680  -8.3006  -9.1644
-10.2380 -11.6453 -13.5823 -16.3590 -20.4671 -26.6850 -36.2474 -37.0000 -37.0000
-37.0000 -37.0000 -37.0000 -37.0000
  0.0000   0.4543   0.4543   0.4541   0.4538   0.4531   0.4512   0.4465   0.4346
  0.4049   0.3309   0.1496  -0.2720  -1.0471  -1.7837  -2.3861  -3.0468  -3.7043
 -4.2333  -4.7685  -5.3200  -5.8992  -6.5232  -7.2190  -8.0288  -9.0194 -10.2967
-12.0287 -14.4811 -18.0755 -23.4796 -31.7522 -36.9990 -36.9990 -36.9990 -36.9990
-36.9990 -36.9990 -36.9990 -36.9990
  0.0000   0.3412   0.3411   0.3411   0.3409   0.3405   0.3394   0.3367   0.3300
  0.3130   0.2705   0.1647  -0.0947  -0.6914  -1.6434  -2.3497  -3.0267  -3.6947
 -4.2294  -4.7660  -5.3186  -5.8983  -6.5227  -7.2185  -8.0285  -9.0192 -10.2966
-12.0285 -14.4810 -18.0753 -23.4795 -31.7521 -36.9989 -36.9989 -36.9989 -36.9989
-36.9989 -36.9989 -36.9989 -36.9989
  0.0000   0.2154   0.2154   0.2154   0.2153   0.2150   0.2144   0.2130   0.2093
  0.2001   0.1769   0.1188  -0.0260  -0.3817  -1.1890  -2.2520  -2.9873  -3.6772
 -4.2227  -4.7620  -5.3164  -5.8970  -6.5219  -7.2182  -8.0282  -9.0191 -10.2966
-12.0286 -14.4810 -18.0754 -23.4796 -31.7522 -36.9990 -36.9990 -36.9990 -36.9990
-36.9990 -36.9990 -36.9990 -36.9990
  0.0000   0.0806   0.0805   0.0805   0.0805   0.0804   0.0800   0.0793   0.0773
  0.0725   0.0602   0.0295  -0.0474  -0.2396  -0.7126  -1.7676  -2.9010  -3.6437
 -4.2107  -4.7553  -5.3124  -5.8947  -6.5205  -7.2174  -8.0278  -9.0188 -10.2964
-12.0285 -14.4811 -18.0755 -23.4797 -31.7523 -36.9991 -36.9991 -36.9991 -36.9991
-36.9991 -36.9991 -36.9991 -36.9991
  0.0000  -0.0601  -0.0601  -0.0601  -0.0602  -0.0602  -0.0604  -0.0608  -0.0618
 -0.0643  -0.0706  -0.0865  -0.1264  -0.2263  -0.4762  -1.0926  -2.4381  -3.5732
 -4.1893  -4.7433  -5.3057  -5.8905  -6.5180  -7.2158  -8.0268  -9.0181 -10.2959
-12.0281 -14.4807 -18.0752 -23.4794 -31.7521 -36.9990 -36.9990 -36.9990 -36.9990
-36.9990 -36.9990 -36.9990 -36.9990
  0.0000  -0.2050  -0.2050  -0.2050  -0.2050  -0.2050  -0.2051  -0.2053  -0.2058
 -0.2071  -0.2103  -0.2184  -0.2388  -0.2898  -0.4179  -0.7386  -1.5320  -3.1975
 -4.1495  -4.7233  -5.2948  -5.8842  -6.5141  -7.2134  -8.0254  -9.0173 -10.2955
-12.0280 -14.4807 -18.0752 -23.4795 -31.7522 -36.9992 -36.9992 -36.9992 -36.9992
-36.9992 -36.9992 -36.9992 -36.9992
  0.0000  -0.3519  -0.3519  -0.3519  -0.3519  -0.3519  -0.3519  -0.3520  -0.3523
 -0.3529  -0.3546  -0.3587  -0.3690  -0.3948  -0.4597  -0.6226  -1.0308  -2.0431
 -3.9550  -4.6895  -5.2767  -5.8736  -6.5076  -7.2092  -8.0226  -9.0155 -10.2943
-12.0271 -14.4800 -18.0747 -23.4790 -31.7518 -36.9990 -36.9990 -36.9990 -36.9990
-36.9990 -36.9990 -36.9990 -36.9990
  0.0000   0.6424   0.6423   0.6420   0.6412   0.6392   0.6341   0.6215   0.5900
  0.5127   0.3292  -0.0617  -0.6750  -1.3070  -1.9389  -2.6773  -3.2150  -3.7494
 -4.2963  -4.8656  -5.4729  -6.1414  -6.9073  -7.8283  -8.9952 -10.5519 -12.7265
-15.8806 -20.5869 -27.7534 -36.9973 -36.9973 -36.9973 -36.9973 -36.9973 -36.9973
-36.9973 -36.9973 -36.9973 -36.9973
  0.0000   0.5700   0.5699   0.5697   0.5692   0.5678   0.5644   0.5559   0.5345
  0.4815   0.3517   0.0499  -0.5387  -1.2541  -1.9160  -2.6635  -3.2110  -3.7471
 -4.2952  -4.8653  -5.4730  -6.1415  -6.9077  -7.8288  -8.9957 -10.5524 -12.7271
-15.8812 -20.5875 -27.7540 -36.9979 -36.9979 -36.9979 -36.9979 -36.9979 -36.9979
-36.9979 -36.9979 -36.9979 -36.9979
  0.0000   0.4788   0.4788   0.4787   0.4783   0.4775   0.4754   0.4701   0.4568
  0.4235   0.3408   0.1393  -0.3205  -1.1128  -1.8695  -2.6358  -3.2027  -3.7421
 -4.2922  -4.8636  -5.4719  -6.1410  -6.9073  -7.8286  -8.9956 -10.5524 -12.7271
-15.8812 -20.5876 -27.7541 -36.9980 -36.9980 -36.9980 -36.9980 -36.9980 -36.9980
-36.9980 -36.9980 -36.9980 -36.9980
  0.0000   0.3698   0.3697   0.3696   0.3695   0.3690   0.3677   0.3647   0.3570
  0.3377   0.2893   0.1691  -0.1240  -0.7813  -1.7500  -2.5814  -3.1881  -3.7331
 -4.2872  -4.8603  -5.4700  -6.1398  -6.9067  -7.8281  -8.9953 -10.5523 -12.7270
-15.8811 -20.5875 -27.7541 -36.9980 -36.9980 -36.9980 -36.9980 -36.9980 -36.9980
-36.9980 -36.9980 -36.9980 -36.9980
  0.0000   0.2465   0.2465   0.2464   0.2463   0.2460   0.2454   0.2437   0.2395
  0.2288   0.2022   0.1354  -0.0308  -0.4369  -1.3350  -2.4629  -3.1618  -3.7179
 -4.2786  -4.8553  -5.4667  -6.1378  -6.9054  -7.8273  -8.9948 -10.5519 -12.7267
-15.8809 -20.5873 -27.7539 -36.9980 -36.9980 -36.9980 -36.9980 -36.9980 -36.9980
-36.9980 -36.9980 -36.9980 -36.9980
  0.0000   0.1132   0.1132   0.1132   0.1131   0.1130   0.1126   0.1117   0.1095
  0.1038   0.0897   0.0542  -0.0348  -0.2567  -0.8014  -1.9927  -3.1035  -3.6928
 -4.2647  -4.8467  -5.4614  -6.1343  -6.9031  -7.8259  -8.9938 -10.5511 -12.7263
-15.8805 -20.5870 -27.7536 -36.9978 -36.9978 -36.9978 -36.9978 -36.9978 -36.9978
-36.9978 -36.9978 -36.9978 -36.9978
  0.0000  -0.0276  -0.0276  -0.0276  -0.0276  -0.0277  -0.0279  -0.0283  -0.0295
 -0.0324  -0.0397  -0.0581  -0.1043  -0.2202  -0.5100  -1.2243  -2.7280  -3.6518
 -4.2437  -4.8343  -5.4540  -6.1298  -6.9003  -7.8243  -8.9930 -10.5508 -12.7261
-15.8807 -20.5873 -27.7539 -36.9983 -36.9983 -36.9983 -36.9983 -36.9983 -36.9983
-36.9983 -36.9983 -36.9983 -36.9983
  0.0000   0.7356   0.7354   0.7349   0.7336   0.7303   0.7220   0.7014   0.6505
  0.5289   0.2618  -0.2058  -0.8078  -1.6129  -2.1784  -2.7217  -3.2690  -3.8324
 -4.4267  -5.0725  -5.8013  -6.6628  -7.7350  -9.1415 -11.0780 -13.8544 -17.9621
-24.1800 -33.7422 -36.9946 -36.9946 -36.9946 -36.9946 -36.9946 -36.9946 -36.9946
-36.9946 -36.9946 -36.9946 -36.9946
  0.0000   0.7028   0.7026   0.7022   0.7011   0.6983   0.6914   0.6743   0.6318
  0.5288   0.2943  -0.1552  -0.7770  -1.5117  -2.1713  -2.7197  -3.2682  -3.8321
 -4.4268  -5.0727  -5.8017  -6.6633  -7.7356  -9.1421 -11.0785 -13.8550 -17.9627
-24.1806 -33.7428 -36.9952 -36.9952 -36.9952 -36.9952 -36.9952 -36.9952 -36.9952
-36.9952 -36.9952 -36.9952 -36.9952
  0.0000   0.6586   0.6584   0.6581   0.6573   0.6551   0.6498   0.6364   0.6031
  0.5213   0.3281  -0.0790  -0.7205  -1.4804  -2.1587  -2.7137  -3.2646  -3.8301
 -4.4256  -5.0720  -5.8014  -6.6631  -7.7356  -9.1422 -11.0787 -13.8551 -17.9629
-24.1808 -33.7429 -36.9954 -36.9954 -36.9954 -36.9954 -36.9954 -36.9954 -36.9954
-36.9954 -36.9954 -36.9954 -36.9954
  0.0000   0.5949   0.5948   0.5946   0.5940   0.5925   0.5887   0.5793   0.5557
  0.4972   0.3545   0.0263  -0.6013  -1.4172  -2.1360  -2.7031  -3.2582  -3.8263
 -4.4230  -5.0705  -5.8004  -6.6625  -7.7351  -9.1419 -11.0785 -13.8550 -17.9628
-24.1807 -33.7429 -36.9954 -36.9954 -36.9954 -36.9954 -36.9954 -36.9954 -36.9954
-36.9954 -36.9954 -36.9954 -36.9954
  0.0000   0.5091   0.5090   0.5089   0.5085   0.5075   0.5051   0.4991   0.4841
  0.4464   0.3529   0.1258  -0.3872  -1.2687  -2.0937  -2.6855  -3.2476  -3.8198
 -4.4191  -5.0679  -5.7988  -6.6616  -7.7346  -9.1416 -11.0783 -13.8549 -17.9627
-24.1807 -33.7430 -36.9955 -36.9955 -36.9955 -36.9955 -36.9955 -36.9955 -36.9955
-36.9955 -36.9955 -36.9955 -36.9955
  0.0000   0.4030   0.4030   0.4029   0.4026   0.4021   0.4007   0.3972   0.3883
  0.3661   0.3104   0.1722  -0.1645  -0.9177  -1.9847  -2.6564  -3.2310  -3.8095
 -4.4125  -5.0638  -5.7961  -6.6599  -7.7335  -9.1408 -11.0779 -13.8546 -17.9626
-24.1806 -33.7428 -36.9955 -36.9955 -36.9955 -36.9955 -36.9955 -36.9955 -36.9955
-36.9955 -36.9955 -36.9955 -36.9955
  0.0000   0.2807   0.2807   0.2806   0.2805   0.2802   0.2794   0.2775   0.2726
  0.2602   0.2293   0.1519  -0.0412  -0.5137  -1.5526  -2.5998  -3.2059  -3.7942
 -4.4028  -5.0575  -5.7920  -6.6572  -7.7318  -9.1397 -11.0771 -13.8540 -17.9623
-24.1802 -33.7427 -36.9955 -36.9955 -36.9955 -36.9955 -36.9955 -36.9955 -36.9955
-36.9955 -36.9955 -36.9955 -36.9955
  0.0000   0.7875   0.7873   0.7866   0.7850   0.7808   0.7706   0.7452   0.6829
  0.5349   0.2205  -0.3231  -1.0416  -1.6635  -2.2262  -2.7924  -3.3797  -4.0083
 -4.7069  -5.5182  -6.5098  -7.7877  -9.5200 -11.9727 -15.5672 -20.9715 -29.2441
-36.9909 -36.9909 -36.9909 -36.9909 -36.9909 -36.9909 -36.9909 -36.9909 -36.9909
-36.9909 -36.9909 -36.9909 -36.9909
  0.0000   0.7657   0.7654   0.7649   0.7635   0.7599   0.7511   0.7290   0.6743
  0.5422   0.2486  -0.2907  -1.0274  -1.6616  -2.2265  -2.7930  -3.3801  -4.0087
 -4.7069  -5.5181  -6.5096  -7.7875  -9.5197 -11.9723 -15.5668 -20.9711 -29.2437
-36.9905 -36.9905 -36.9905 -36.9905 -36.9905 -36.9905 -36.9905 -36.9905 -36.9905
-36.9905 -36.9905 -36.9905 -36.9905
  0.0000   0.7501   0.7499   0.7494   0.7481   0.7448   0.7366   0.7161   0.6654
  0.5432   0.2677  -0.2607  -1.0077  -1.6544  -2.2229  -2.7910  -3.3790  -4.0080
 -4.7066  -5.5180  -6.5096  -7.7876  -9.5199 -11.9725 -15.5670 -20.9713 -29.2439
-36.9907 -36.9907 -36.9907 -36.9907 -36.9907 -36.9907 -36.9907 -36.9907 -36.9907
-36.9907 -36.9907 -36.9907 -36.9907
  0.0000   0.7290   0.7288   0.7283   0.7271   0.7242   0.7169   0.6986   0.6532
  0.5432   0.2904  -0.2176  -0.9740  -1.6414  -2.2153  -2.7862  -3.3760  -4.0059
 -4.7054  -5.5172  -6.5091  -7.7872  -9.5197 -11.9724 -15.5669 -20.9712 -29.2439
-36.9907 -36.9907 -36.9907 -36.9907 -36.9907 -36.9907 -36.9907 -36.9907 -36.9907
-36.9907 -36.9907 -36.9907 -36.9907
  0.0000   0.6925   0.6923   0.6919   0.6910   0.6886   0.6826   0.6677   0.6305
  0.5390   0.3223  -0.1443  -0.9105  -1.6202  -2.2033  -2.7786  -3.3711  -4.0030
 -4.7035  -5.5161  -6.5085  -7.7869  -9.5195 -11.9724 -15.5670 -20.9713 -29.2440
-36.9910 -36.9910 -36.9910 -36.9910 -36.9910 -36.9910 -36.9910 -36.9910 -36.9910
-36.9910 -36.9910 -36.9910 -36.9910
  0.0000   0.6335   0.6333   0.6331   0.6324   0.6307   0.6263   0.6155   0.5883
  0.5207   0.3557  -0.0279  -0.7736  -1.5820  -2.1848  -2.7665  -3.3631  -3.9979
 -4.7001  -5.5139  -6.5071  -7.7861  -9.5190 -11.9721 -15.5669 -20.9713 -29.2440
-36.9911 -36.9911 -36.9911 -36.9911 -36.9911 -36.9911 -36.9911 -36.9911 -36.9911
-36.9911 -36.9911 -36.9911 -36.9911
  0.0000   0.5487   0.5487   0.5485   0.5480   0.5469   0.5441   0.5371   0.5194
  0.4752   0.3653   0.0971  -0.5138  -1.4751  -2.1570  -2.7500  -3.3521  -3.9905
 -4.6954  -5.5108  -6.5052  -7.7850  -9.5184 -11.9717 -15.5668 -20.9713 -29.2441
-36.9914 -36.9914 -36.9914 -36.9914 -36.9914 -36.9914 -36.9914 -36.9914 -36.9914
-36.9914 -36.9914 -36.9914 -36.9914
  0.0000   0.8815   0.8811   0.8800   0.8772   0.8706   0.8547   0.8160   0.7235
  0.5073   0.0636  -0.5509  -1.1487  -1.7246  -2.3137  -2.9346  -3.6121  -4.3839
 -5.3086  -6.4779  -8.0360 -10.2116 -13.3662 -18.0729 -25.2396 -36.3054 -36.9839
-36.9839 -36.9839 -36.9839 -36.9839 -36.9839 -36.9839 -36.9839 -36.9839 -36.9839
-36.9839 -36.9839 -36.9839 -36.9839
  0.0000   0.8337   0.8334   0.8326   0.8307   0.8259   0.8144   0.7861   0.7164
  0.5423   0.1431  -0.5088  -1.1436  -1.7317  -2.3232  -2.9426  -3.6176  -4.3877
 -5.3110  -6.4792  -8.0367 -10.2118 -13.3661 -18.0726 -25.2392 -36.3049 -36.9833
-36.9833 -36.9833 -36.9833 -36.9833 -36.9833 -36.9833 -36.9833 -36.9833 -36.9833
-36.9833 -36.9833 -36.9833 -36.9833
  0.0000   0.8220   0.8217   0.8210   0.8193   0.8149   0.8041   0.7776   0.7120
  0.5487   0.1648  -0.4944  -1.1403  -1.7312  -2.3234  -2.9428  -3.6178  -4.3877
 -5.3110  -6.4791  -8.0365 -10.2116 -13.3659 -18.0724 -25.2390 -36.3047 -36.9831
-36.9831 -36.9831 -36.9831 -36.9831 -36.9831 -36.9831 -36.9831 -36.9831 -36.9831
-36.9831 -36.9831 -36.9831 -36.9831
  0.0000   0.8190   0.8187   0.8180   0.8163   0.8120   0.8013   0.7747   0.7091
  0.5477   0.1726  -0.4805  -1.1329  -1.7268  -2.3205  -2.9410  -3.6167  -4.3871
 -5.3105  -6.4788  -8.0365 -10.2116 -13.3659 -18.0724 -25.2390 -36.3048 -36.9832
-36.9832 -36.9832 -36.9832 -36.9832 -36.9832 -36.9832 -36.9832 -36.9832 -36.9832
-36.9832 -36.9832 -36.9832 -36.9832
  0.0000   0.8148   0.8146   0.8139   0.8122   0.8080   0.7975   0.7712   0.7059
  0.5466   0.1804  -0.4612  -1.1213  -1.7186  -2.3146  -2.9371  -3.6143  -4.3854
 -5.3095  -6.4783  -8.0361 -10.2114 -13.3659 -18.0725 -25.2391 -36.3050 -36.9834
-36.9834 -36.9834 -36.9834 -36.9834 -36.9834 -36.9834 -36.9834 -36.9834 -36.9834
-36.9834 -36.9834 -36.9834 -36.9834
  0.0000   0.7994   0.7991   0.7985   0.7970   0.7931   0.7834   0.7590   0.6984
  0.5498   0.2054  -0.4252  -1.0992  -1.7066  -2.3061  -2.9311  -3.6104  -4.3829
 -5.3081  -6.4775  -8.0357 -10.2114 -13.3660 -18.0726 -25.2393 -36.3053 -36.9838
-36.9838 -36.9838 -36.9838 -36.9838 -36.9838 -36.9838 -36.9838 -36.9838 -36.9838
-36.9838 -36.9838 -36.9838 -36.9838
  0.0000   0.7619   0.7617   0.7612   0.7599   0.7568   0.7488   0.7288   0.6788
  0.5553   0.2613  -0.3385  -1.0685  -1.6902  -2.2944  -2.9226  -3.6045  -4.3791
 -5.3055  -6.4760  -8.0349 -10.2108 -13.3657 -18.0726 -25.2392 -36.3054 -36.9841
-36.9841 -36.9841 -36.9841 -36.9841 -36.9841 -36.9841 -36.9841 -36.9841 -36.9841
-36.9841 -36.9841 -36.9841 -36.9841
 -1.0000   0.9299   0.9292   0.9275   0.9237   0.9155   0.8967   0.8525   0.7425
  0.4654  -0.0409  -0.6338  -1.2334  -1.8538  -2.5173  -3.2577  -4.1264  -5.2030
 -6.6124  -8.5505 -11.3279 -15.4364 -21.6546 -31.2171 -36.9698 -36.9698 -36.9698
-36.9698 -36.9698 -36.9698 -36.9698 -36.9698 -36.9698 -36.9698 -36.9698 -36.9698
-36.9698 -36.9698 -36.9698 -36.9698
  0.0000   0.9289   0.9283   0.9267   0.9231   0.9150   0.8962   0.8521   0.7424
  0.4664  -0.0396  -0.6332  -1.2331  -1.8537  -2.5172  -3.2577  -4.1264  -5.2030
 -6.6124  -8.5505 -11.3279 -15.4364 -21.6546 -31.2171 -36.9698 -36.9698 -36.9698
-36.9698 -36.9698 -36.9698 -36.9698 -36.9698 -36.9698 -36.9698 -36.9698 -36.9698
-36.9698 -36.9698 -36.9698 -36.9698
  0.0000   0.8763   0.8760   0.8751   0.8731   0.8685   0.8580   0.8321   0.7566
  0.5217   0.0048  -0.6218  -1.2359  -1.8601  -2.5230  -3.2616  -4.1288  -5.2044
 -6.6128  -8.5503 -11.3274 -15.4356 -21.6537 -31.2160 -36.9686 -36.9686 -36.9686
-36.9686 -36.9686 -36.9686 -36.9686 -36.9686 -36.9686 -36.9686 -36.9686 -36.9686
-36.9686 -36.9686 -36.9686 -36.9686
  0.0000   0.8719   0.8716   0.8708   0.8691   0.8647   0.8545   0.8289   0.7552
  0.5267   0.0126  -0.6188  -1.2354  -1.8601  -2.5231  -3.2618  -4.1290  -5.2045
 -6.6129  -8.5504 -11.3275 -15.4357 -21.6538 -31.2161 -36.9687 -36.9687 -36.9687
-36.9687 -36.9687 -36.9687 -36.9687 -36.9687 -36.9687 -36.9687 -36.9687 -36.9687
-36.9687 -36.9687 -36.9687 -36.9687
  0.0000   0.8862   0.8859   0.8850   0.8829   0.8776   0.8645   0.8321   0.7471
  0.5133   0.0111  -0.6151  -1.2312  -1.8568  -2.5209  -3.2604  -4.1281  -5.2042
 -6.6128  -8.5505 -11.3277 -15.4360 -21.6541 -31.2166 -36.9692 -36.9692 -36.9692
-36.9692 -36.9692 -36.9692 -36.9692 -36.9692 -36.9692 -36.9692 -36.9692 -36.9692
-36.9692 -36.9692 -36.9692 -36.9692
  0.0000   0.9036   0.9032   0.9022   0.8996   0.8931   0.8769   0.8369   0.7378
  0.4954   0.0077  -0.6103  -1.2248  -1.8509  -2.5166  -3.2577  -4.1265  -5.2032
 -6.6125  -8.5506 -11.3280 -15.4364 -21.6547 -31.2171 -36.9699 -36.9699 -36.9699
-36.9699 -36.9699 -36.9699 -36.9699 -36.9699 -36.9699 -36.9699 -36.9699 -36.9699
-36.9699 -36.9699 -36.9699 -36.9699
  0.0000   0.9085   0.9081   0.9070   0.9042   0.8973   0.8800   0.8370   0.7322
  0.4888   0.0141  -0.6024  -1.2168  -1.8434  -2.5107  -3.2536  -4.1241  -5.2018
 -6.6119  -8.5505 -11.3282 -15.4369 -21.6551 -31.2178 -36.9708 -36.9708 -36.9708
-36.9708 -36.9708 -36.9708 -36.9708 -36.9708 -36.9708 -36.9708 -36.9708 -36.9708
-36.9708 -36.9708 -36.9708 -36.9708
 -1.0000   1.1836   1.1809   1.1748   1.1614   1.1309   1.0608   0.9015   0.5885
  0.1395  -0.3720  -0.9279  -1.5336  -2.2138  -3.0099  -3.9882  -5.2544  -6.9764
 -9.4211 -13.0110 -18.4145 -26.6890 -36.9507 -36.9507 -36.9507 -36.9507 -36.9507
-36.9507 -36.9507 -36.9507 -36.9507 -36.9507 -36.9507 -36.9507 -36.9507 -36.9507
-36.9507 -36.9507 -36.9507 -36.9507
  0.0000   1.1829   1.1802   1.1743   1.1609   1.1305   1.0606   0.9017   0.5892
  0.1401  -0.3717  -0.9278  -1.5336  -2.2137  -3.0099  -3.9882  -5.2544  -6.9764
 -9.4211 -13.0110 -18.4145 -26.6890 -36.9507 -36.9507 -36.9507 -36.9507 -36.9507
-36.9507 -36.9507 -36.9507 -36.9507 -36.9507 -36.9507 -36.9507 -36.9507 -36.9507
-36.9507 -36.9507 -36.9507 -36.9507
  0.0000   0.9139   0.9135   0.9128   0.9121   0.9120   0.9109   0.8902   0.7781
  0.4466  -0.0963  -0.7211  -1.3852  -2.1085  -2.9357  -3.9370  -5.2208  -6.9567
 -9.4115 -13.0072 -18.4122 -26.6853 -36.9329 -36.9329 -36.9329 -36.9329 -36.9329
-36.9329 -36.9329 -36.9329 -36.9329 -36.9329 -36.9329 -36.9329 -36.9329 -36.9329
-36.9329 -36.9329 -36.9329 -36.9329
  0.0000   0.8555   0.8557   0.8564   0.8585   0.8645   0.8766   0.8815   0.8058
  0.4909  -0.0749  -0.7176  -1.3879  -2.1119  -2.9381  -3.9379  -5.2209  -6.9560
 -9.4103 -13.0057 -18.4105 -26.6834 -36.9308 -36.9308 -36.9308 -36.9308 -36.9308
-36.9308 -36.9308 -36.9308 -36.9308 -36.9308 -36.9308 -36.9308 -36.9308 -36.9308
-36.9308 -36.9308 -36.9308 -36.9308
  0.0000   0.8620   0.8623   0.8630   0.8649   0.8698   0.8793   0.8803   0.8014
  0.4890  -0.0741  -0.7166  -1.3870  -2.1112  -2.9377  -3.9378  -5.2209  -6.9560
 -9.4103 -13.0057 -18.4105 -26.6835 -36.9310 -36.9310 -36.9310 -36.9310 -36.9310
-36.9310 -36.9310 -36.9310 -36.9310 -36.9310 -36.9310 -36.9310 -36.9310 -36.9310
-36.9310 -36.9310 -36.9310 -36.9310
  0.0000   0.8943   0.8944   0.8945   0.8950   0.8958   0.8957   0.8804   0.7840
  0.4711  -0.0787  -0.7151  -1.3841  -2.1089  -2.9362  -3.9372  -5.2207  -6.9563
 -9.4109 -13.0065 -18.4115 -26.6845 -36.9321 -36.9321 -36.9321 -36.9321 -36.9321
-36.9321 -36.9321 -36.9321 -36.9321 -36.9321 -36.9321 -36.9321 -36.9321 -36.9321
-36.9321 -36.9321 -36.9321 -36.9321
  0.0000   0.9300   0.9298   0.9293   0.9279   0.9242   0.9136   0.8793   0.7633
  0.4499  -0.0853  -0.7135  -1.3803  -2.1054  -2.9339  -3.9360  -5.2203  -6.9566
 -9.4115 -13.0075 -18.4126 -26.6856 -36.9336 -36.9336 -36.9336 -36.9336 -36.9336
-36.9336 -36.9336 -36.9336 -36.9336 -36.9336 -36.9336 -36.9336 -36.9336 -36.9336
-36.9336 -36.9336 -36.9336 -36.9336
 -2.0000   1.1287   1.1260   1.1218   1.1140   1.0972   1.0523   0.9313   0.6501
  0.2073  -0.3572  -1.0127  -1.7747  -2.6955  -3.8649  -5.4266  -7.6077 -10.7683
-15.4803 -22.6510 -33.7197 -36.9033 -36.9033 -36.9033 -36.9033 -36.9033 -36.9033
-36.9033 -36.9033 -36.9033 -36.9033 -36.9033 -36.9033 -36.9033 -36.9033 -36.9033
-36.9033 -36.9033 -36.9033 -36.9033
 -1.0000   1.1287   1.1260   1.1217   1.1139   1.0971   1.0522   0.9313   0.6502
  0.2074  -0.3572  -1.0126  -1.7747  -2.6955  -3.8649  -5.4266  -7.6077 -10.7683
-15.4803 -22.6510 -33.7197 -36.9033 -36.9033 -36.9033 -36.9033 -36.9033 -36.9033
-36.9033 -36.9033 -36.9033 -36.9033 -36.9033 -36.9033 -36.9033 -36.9033 -36.9033
-36.9033 -36.9033 -36.9033 -36.9033
  0.0000   1.1285   1.1260   1.1217   1.1139   1.0970   1.0521   0.9313   0.6505
  0.2077  -0.3570  -1.0126  -1.7746  -2.6955  -3.8649  -5.4266  -7.6077 -10.7683
-15.4803 -22.6510 -33.7197 -36.9033 -36.9033 -36.9033 -36.9033 -36.9033 -36.9033
-36.9033 -36.9033 -36.9033 -36.9033 -36.9033 -36.9033 -36.9033 -36.9033 -36.9033
-36.9033 -36.9033 -36.9033 -36.9033
  0.0000   0.9084   0.9079   0.9081   0.9111   0.9198   0.9329   0.9293   0.8088
  0.4270  -0.1929  -0.9147  -1.7227  -2.6708  -3.8539  -5.4201  -7.6004 -10.7577
-15.4659 -22.6336 -33.7000 -36.8791 -36.8791 -36.8791 -36.8791 -36.8791 -36.8791
-36.8791 -36.8791 -36.8791 -36.8791 -36.8791 -36.8791 -36.8791 -36.8791 -36.8791
-36.8791 -36.8791 -36.8791 -36.8791
  1.0000   0.9086   0.9085   0.9089   0.9117   0.9200   0.9328   0.9289   0.8088
  0.4279  -0.1921  -0.9142  -1.7224  -2.6705  -3.8537  -5.4198  -7.6001 -10.7574
-15.4656 -22.6333 -33.6998 -36.8789 -36.8789 -36.8789 -36.8789 -36.8789 -36.8789
-36.8789 -36.8789 -36.8789 -36.8789 -36.8789 -36.8789 -36.8789 -36.8789 -36.8789
-36.8789 -36.8789 -36.8789 -36.8789
  2.0000   0.9086   0.9088   0.9096   0.9123   0.9199   0.9321   0.9273   0.8083
  0.4292  -0.1909  -0.9137  -1.7223  -2.6705  -3.8538  -5.4199  -7.6003 -10.7576
-15.4658 -22.6334 -33.6999 -36.8791 -36.8791 -36.8791 -36.8791 -36.8791 -36.8791
-36.8791 -36.8791 -36.8791 -36.8791 -36.8791 -36.8791 -36.8791 -36.8791 -36.8791
-36.8791 -36.8791 -36.8791 -36.8791
  3.0000   0.9094   0.9098   0.9108   0.9135   0.9201   0.9309   0.9247   0.8076
  0.4322  -0.1882  -0.9124  -1.7216  -2.6702  -3.8535  -5.4198  -7.6001 -10.7574
-15.4657 -22.6333 -33.6999 -36.8791 -36.8791 -36.8791 -36.8791 -36.8791 -36.8791
-36.8791 -36.8791 -36.8791 -36.8791 -36.8791 -36.8791 -36.8791 -36.8791 -36.8791
-36.8791 -36.8791 -36.8791 -36.8791
 -3.0000   1.1011   1.0975   1.0928   1.0855   1.0712   1.0562   0.9593   0.7059
  0.2145  -0.4846  -1.3586  -2.4512  -3.8769  -5.8289  -8.6170 -12.7329 -18.9562
-28.5218 -36.7802 -36.7802 -36.7802 -36.7802 -36.7802 -36.7802 -36.7802 -36.7802
-36.7802 -36.7802 -36.7802 -36.7802 -36.7802 -36.7802 -36.7802 -36.7802 -36.7802
-36.7802 -36.7802 -36.7802 -36.7802
 -2.0000   1.1012   1.0975   1.0928   1.0854   1.0713   1.0561   0.9593   0.7059
  0.2146  -0.4846  -1.3586  -2.4512  -3.8769  -5.8289  -8.6170 -12.7329 -18.9562
-28.5218 -36.7802 -36.7802 -36.7802 -36.7802 -36.7802 -36.7802 -36.7802 -36.7802
-36.7802 -36.7802 -36.7802 -36.7802 -36.7802 -36.7802 -36.7802 -36.7802 -36.7802
-36.7802 -36.7802 -36.7802 -36.7802
 -1.0000   1.1012   1.0976   1.0929   1.0854   1.0713   1.0561   0.9593   0.7060
  0.2146  -0.4845  -1.3585  -2.4512  -3.8769  -5.8289  -8.6170 -12.7329 -18.9562
-28.5218 -36.7802 -36.7802 -36.7802 -36.7802 -36.7802 -36.7802 -36.7802 -36.7802
-36.7802 -36.7802 -36.7802 -36.7802 -36.7802 -36.7802 -36.7802 -36.7802 -36.7802
-36.7802 -36.7802 -36.7802 -36.7802
  0.0000   1.1013   1.0976   1.0929   1.0853   1.0715   1.0559   0.9593   0.7060
  0.2147  -0.4844  -1.3585  -2.4511  -3.8769  -5.8289  -8.6170 -12.7329 -18.9562
-28.5218 -36.7802 -36.7802 -36.7802 -36.7802 -36.7802 -36.7802 -36.7802 -36.7802
-36.7802 -36.7802 -36.7802 -36.7802 -36.7802 -36.7802 -36.7802 -36.7802 -36.7802
-36.7802 -36.7802 -36.7802 -36.7802
  1.0000   1.1012   1.0977   1.0929   1.0850   1.0716   1.0555   0.9592   0.7061
  0.2149  -0.4843  -1.3585  -2.4512  -3.8769  -5.8289  -8.6170 -12.7329 -18.9562
-28.5219 -36.7803 -36.7803 -36.7803 -36.7803 -36.7803 -36.7803 -36.7803 -36.7803
-36.7803 -36.7803 -36.7803 -36.7803 -36.7803 -36.7803 -36.7803 -36.7803 -36.7803
-36.7803 -36.7803 -36.7803 -36.7803
  2.0000   1.1009   1.0978   1.0929   1.0848   1.0720   1.0550   0.9591   0.7064
  0.2154  -0.4840  -1.3583  -2.4510  -3.8768  -5.8289  -8.6170 -12.7329 -18.9562
-28.5218 -36.7803 -36.7803 -36.7803 -36.7803 -36.7803 -36.7803 -36.7803 -36.7803
-36.7803 -36.7803 -36.7803 -36.7803 -36.7803 -36.7803 -36.7803 -36.7803 -36.7803
-36.7803 -36.7803 -36.7803 -36.7803
  3.0000   1.1000   1.0976   1.0929   1.0847   1.0725   1.0539   0.9590   0.7070
  0.2164  -0.4833  -1.3579  -2.4508  -3.8766  -5.8287  -8.6168 -12.7328 -18.9560
-28.5217 -36.7803 -36.7803 -36.7803 -36.7803 -36.7803 -36.7803 -36.7803 -36.7803
-36.7803 -36.7803 -36.7803 -36.7803 -36.7803 -36.7803 -36.7803 -36.7803 -36.7803
-36.7803 -36.7803 -36.7803 -36.7803
-13.0000   1.1011   1.0975   1.0928   1.0855   1.0712   1.0562   0.9593   0.7059
  0.2145  -0.4846  -1.3586  -2.4512  -3.8769  -5.8289  -8.6170 -12.7329 -18.9562
-28.5218 -36.7802 -36.7802 -36.7802 -36.7802 -36.7802 -36.7802 -36.7802 -36.7802
-36.7802 -36.7802 -36.7802 -36.7802 -36.7802 -36.7802 -36.7802 -36.7802 -36.7802
-36.7802 -36.7802 -36.7802 -36.7802
-12.0000   1.1011   1.0975   1.0928   1.0855   1.0712   1.0562   0.9593   0.7059
  0.2145  -0.4846  -1.3586  -2.4512  -3.8769  -5.8289  -8.6170 -12.7329 -18.9562
-28.5218 -36.7802 -36.7802 -36.7802 -36.7802 -36.7802 -36.7802 -36.7802 -36.7802
-36.7802 -36.7802 -36.7802 -36.7802 -36.7802 -36.7802 -36.7802 -36.7802 -36.7802
-36.7802 -36.7802 -36.7802 -36.7802
-11.0000   1.1011   1.0975   1.0928   1.0855   1.0712   1.0562   0.9593   0.7059
  0.2145  -0.4846  -1.3586  -2.4512  -3.8769  -5.8289  -8.6170 -12.7329 -18.9562
-28.5218 -36.7802 -36.7802 -36.7802 -36.7802 -36.7802 -36.7802 -36.7802 -36.7802
-36.7802 -36.7802 -36.7802 -36.7802 -36.7802 -36.7802 -36.7802 -36.7802 -36.7802
-36.7802 -36.7802 -36.7802 -36.7802
-10.0000   1.1012   1.0975   1.0928   1.0854   1.0713   1.0561   0.9593   0.7059
  0.2146  -0.4846  -1.3586  -2.4512  -3.8769  -5.8289  -8.6170 -12.7329 -18.9562
-28.5218 -36.7802 -36.7802 -36.7802 -36.7802 -36.7802 -36.7802 -36.7802 -36.7802
-36.7802 -36.7802 -36.7802 -36.7802 -36.7802 -36.7802 -36.7802 -36.7802 -36.7802
-36.7802 -36.7802 -36.7802 -36.7802
 11.0000   1.1012   1.0975   1.0929   1.0854   1.0713   1.0561   0.9593   0.7060
  0.2146  -0.4845  -1.3586  -2.4512  -3.8769  -5.8289  -8.6170 -12.7329 -18.9562
-28.5218 -36.7802 -36.7802 -36.7802 -36.7802 -36.7802 -36.7802 -36.7802 -36.7802
-36.7802 -36.7802 -36.7802 -36.7802 -36.7802 -36.7802 -36.7802 -36.7802 -36.7802
-36.7802 -36.7802 -36.7802 -36.7802
 12.0000   1.1014   1.0977   1.0930   1.0854   1.0715   1.0560   0.9594   0.7061
  0.2148  -0.4843  -1.3584  -2.4510  -3.8768  -5.8288  -8.6169 -12.7328 -18.9561
-28.5217 -36.7801 -36.7801 -36.7801 -36.7801 -36.7801 -36.7801 -36.7801 -36.7801
-36.7801 -36.7801 -36.7801 -36.7801 -36.7801 -36.7801 -36.7801 -36.7801 -36.7801
-36.7801 -36.7801 -36.7801 -36.7801
 13.0000   1.1012   1.0976   1.0929   1.0851   1.0715   1.0556   0.9592   0.7060
  0.2148  -0.4844  -1.3585  -2.4512  -3.8769  -5.8289  -8.6170 -12.7329 -18.9562
-28.5218 -36.7803 -36.7803 -36.7803 -36.7803 -36.7803 -36.7803 -36.7803 -36.7803
-36.7803 -36.7803 -36.7803 -36.7803 -36.7803 -36.7803 -36.7803 -36.7803 -36.7803
-36.7803 -36.7803 -36.7803 -36.7803
-23.0000   1.1011   1.0975   1.0928   1.0855   1.0712   1.0562   0.9593   0.7059
  0.2145  -0.4846  -1.3586  -2.4512  -3.8769  -5.8289  -8.6170 -12.7329 -18.9562
-28.5218 -36.7802 -36.7802 -36.7802 -36.7802 -36.7802 -36.7802 -36.7802 -36.7802
-36.7802 -36.7802 -36.7802 -36.7802 -36.7802 -36.7802 -36.7802 -36.7802 -36.7802
-36.7802 -36.7802 -36.7802 -36.7802
-22.0000   1.1011   1.0975   1.0928   1.0855   1.0712   1.0562   0.9593   0.7059
  0.2145  -0.4846  -1.3586  -2.4512  -3.8769  -5.8289  -8.6170 -12.7329 -18.9562
-28.5218 -36.7802 -36.7802 -36.7802 -36.7802 -36.7802 -36.7802 -36.7802 -36.7802
-36.7802 -36.7802 -36.7802 -36.7802 -36.7802 -36.7802 -36.7802 -36.7802 -36.7802
-36.7802 -36.7802 -36.7802 -36.7802
-21.0000   1.1011   1.0975   1.0928   1.0855   1.0712   1.0562   0.9593   0.7059
  0.2145  -0.4846  -1.3586  -2.4512  -3.8769  -5.8289  -8.6170 -12.7329 -18.9562
-28.5218 -36.7802 -36.7802 -36.7802 -36.7802 -36.7802 -36.7802 -36.7802 -36.7802
-36.7802 -36.7802 -36.7802 -36.7802 -36.7802 -36.7802 -36.7802 -36.7802 -36.7802
-36.7802 -36.7802 -36.7802 -36.7802
-20.0000   1.1011   1.0975   1.0928   1.0855   1.0712   1.0562   0.9593   0.7059
  0.2145  -0.4846  -1.3586  -2.4512  -3.8769  -5.8289  -8.6170 -12.7329 -18.9562
-28.5218 -36.7802 -36.7802 -36.7802 -36.7802 -36.7802 -36.7802 -36.7802 -36.7802
-36.7802 -36.7802 -36.7802 -36.7802 -36.7802 -36.7802 -36.7802 -36.7802 -36.7802
-36.7802 -36.7802 -36.7802 -36.7802
 21.0000   1.1011   1.0975   1.0928   1.0855   1.0712   1.0562   0.9593   0.7059
  0.2145  -0.4846  -1.3586  -2.4512  -3.8769  -5.8289  -8.6170 -12.7329 -18.9562
-28.5218 -36.7802 -36.7802 -36.7802 -36.7802 -36.7802 -36.7802 -36.7802 -36.7802
-36.7802 -36.7802 -36.7802 -36.7802 -36.7802 -36.7802 -36.7802 -36.7802 -36.7802
-36.7802 -36.7802 -36.7802 -36.7802
 22.0000   1.1012   1.0975   1.0928   1.0855   1.0713   1.0561   0.9593   0.7059
  0.2145  -0.4846  -1.3586  -2.4512  -3.8769  -5.8289  -8.6170 -12.7329 -18.9562
-28.5218 -36.7802 -36.7802 -36.7802 -36.7802 -36.7802 -36.7802 -36.7802 -36.7802
-36.7802 -36.7802 -36.7802 -36.7802 -36.7802 -36.7802 -36.7802 -36.7802 -36.7802
-36.7802 -36.7802 -36.7802 -36.7802
 23.0000   1.1011   1.0974   1.0928   1.0853   1.0712   1.0560   0.9592   0.7059
  0.2145  -0.4846  -1.3587  -2.4513  -3.8770  -5.8290  -8.6171 -12.7330 -18.9563
-28.5219 -36.7803 -36.7803 -36.7803 -36.7803 -36.7803 -36.7803 -36.7803 -36.7803
-36.7803 -36.7803 -36.7803 -36.7803 -36.7803 -36.7803 -36.7803 -36.7803 -36.7803
-36.7803 -36.7803 -36.7803 -36.7803
-33.0000   1.1011   1.0975   1.0928   1.0855   1.0712   1.0562   0.9593   0.7059
  0.2145  -0.4846  -1.3586  -2.4512  -3.8769  -5.8289  -8.6170 -12.7329 -18.9562
-28.5218 -36.7802 -36.7802 -36.7802 -36.7802 -36.7802 -36.7802 -36.7802 -36.7802
-36.7802 -36.7802 -36.7802 -36.7802 -36.7802 -36.7802 -36.7802 -36.7802 -36.7802
-36.7802 -36.7802 -36.7802 -36.7802
-32.0000   1.1011   1.0975   1.0928   1.0855   1.0712   1.0562   0.9593   0.7059
  0.2145  -0.4846  -1.3586  -2.4512  -3.8769  -5.8289  -8.6170 -12.7329 -18.9562
-28.5218 -36.7802 -36.7802 -36.7802 -36.7802 -36.7802 -36.7802 -36.7802 -36.7802
-36.7802 -36.7802 -36.7802 -36.7802 -36.7802 -36.7802 -36.7802 -36.7802 -36.7802
-36.7802 -36.7802 -36.7802 -36.7802
-31.0000   1.1011   1.0975   1.0928   1.0855   1.0712   1.0562   0.9593   0.7059
  0.2145  -0.4846  -1.3586  -2.4512  -3.8769  -5.8289  -8.6170 -12.7329 -18.9562
-28.5218 -36.7802 -36.7802 -36.7802 -36.7802 -36.7802 -36.7802 -36.7802 -36.7802
-36.7802 -36.7802 -36.7802 -36.7802 -36.7802 -36.7802 -36.7802 -36.7802 -36.7802
-36.7802 -36.7802 -36.7802 -36.7802
-30.0000   1.1011   1.0975   1.0928   1.0855   1.0712   1.0562   0.9593   0.7059
  0.2145  -0.4846  -1.3586  -2.4512  -3.8769  -5.8289  -8.6170 -12.7329 -18.9562
-28.5218 -36.7802 -36.7802 -36.7802 -36.7802 -36.7802 -36.7802 -36.7802 -36.7802
-36.7802 -36.7802 -36.7802 -36.7802 -36.7802 -36.7802 -36.7802 -36.7802 -36.7802
-36.7802 -36.7802 -36.7802 -36.7802
 31.0000   1.1011   1.0975   1.0928   1.0855   1.0712   1.0562   0.9593   0.7059
  0.2145  -0.4846  -1.3586  -2.4512  -3.8769  -5.8289  -8.6170 -12.7329 -18.9562
-28.5218 -36.7802 -36.7802 -36.7802 -36.7802 -36.7802 -36.7802 -36.7802 -36.7802
-36.7802 -36.7802 -36.7802 -36.7802 -36.7802 -36.7802 -36.7802 -36.7802 -36.7802
-36.7802 -36.7802 -36.7802 -36.7802
 32.0000   1.1011   1.0975   1.0928   1.0855   1.0712   1.0562   0.9593   0.7059
  0.2145  -0.4846  -1.3586  -2.4512  -3.8769  -5.8289  -8.6170 -12.7329 -18.9562
-28.5218 -36.7802 -36.7802 -36.7802 -36.7802 -36.7802 -36.7802 -36.7802 -36.7802
-36.7802 -36.7802 -36.7802 -36.7802 -36.7802 -36.7802 -36.7802 -36.7802 -36.7802
-36.7802 -36.7802 -36.7802 -36.7802
 33.0000   1.1013   1.0977   1.0930   1.0857   1.0714   1.0564   0.9595   0.7061
  0.2147  -0.4844  -1.3584  -2.4510  -3.8767  -5.8287  -8.6168 -12.7327 -18.9560
-28.5216 -36.7800 -36.7800 -36.7800 -36.7800 -36.7800 -36.7800 -36.7800 -36.7800
-36.7800 -36.7800 -36.7800 -36.7800 -36.7800 -36.7800 -36.7800 -36.7800 -36.7800
-36.7800 -36.7800 -36.7800 -36.7800
-43.0000   0.8813   0.8777   0.8730   0.8657   0.8514   0.8364   0.7395   0.4861
 -0.0053  -0.7044  -1.5784  -2.6710  -4.0967  -6.0487  -8.8368 -12.9527 -19.1760
-28.7416 -37.0000 -37.0000 -37.0000 -37.0000 -37.0000 -37.0000 -37.0000 -37.0000
-37.0000 -37.0000 -37.0000 -37.0000 -37.0000 -37.0000 -37.0000 -37.0000 -37.0000
-37.0000 -37.0000 -37.0000 -37.0000
-42.0000   0.8813   0.8777   0.8730   0.8657   0.8514   0.8364   0.7395   0.4861
 -0.0053  -0.7044  -1.5784  -2.6710  -4.0967  -6.0487  -8.8368 -12.9527 -19.1760
-28.7416 -37.0000 -37.0000 -37.0000 -37.0000 -37.0000 -37.0000 -37.0000 -37.0000
-37.0000 -37.0000 -37.0000 -37.0000 -37.0000 -37.0000 -37.0000 -37.0000 -37.0000
-37.0000 -37.0000 -37.0000 -37.0000
-41.0000   0.8813   0.8777   0.8730   0.8657   0.8514   0.8364   0.7395   0.4861
 -0.0053  -0.7044  -1.5784  -2.6710  -4.0967  -6.0487  -8.8368 -12.9527 -19.1760
-28.7416 -37.0000 -37.0000 -37.0000 -37.0000 -37.0000 -37.0000 -37.0000 -37.0000
-37.0000 -37.0000 -37.0000 -37.0000 -37.0000 -37.0000 -37.0000 -37.0000 -37.0000
-37.0000 -37.0000 -37.0000 -37.0000
-40.0000   0.8813   0.8777   0.8730   0.8657   0.8514   0.8364   0.7395   0.4861
 -0.0053  -0.7044  -1.5784  -2.6710  -4.0967  -6.0487  -8.8368 -12.9527 -19.1760
-28.7416 -37.0000 -37.0000 -37.0000 -37.0000 -37.0000 -37.0000 -37.0000 -37.0000
-37.0000 -37.0000 -37.0000 -37.0000 -37.0000 -37.0000 -37.0000 -37.0000 -37.0000
-37.0000 -37.0000 -37.0000 -37.0000
 41.0000   0.8813   0.8777   0.8730   0.8657   0.8514   0.8364   0.7395   0.4861
 -0.0053  -0.7044  -1.5784  -2.6710  -4.0967  -6.0487  -8.8368 -12.9527 -19.1760
-28.7416 -37.0000 -37.0000 -37.0000 -37.0000 -37.0000 -37.0000 -37.0000 -37.0000
-37.0000 -37.0000 -37.0000 -37.0000 -37.0000 -37.0000 -37.0000 -37.0000 -37.0000
-37.0000 -37.0000 -37.0000 -37.0000
 42.0000   0.8813   0.8777   0.8730   0.8657   0.8514   0.8364   0.7395   0.4861
 -0.0053  -0.7044  -1.5784  -2.6710  -4.0967  -6.0487  -8.8368 -12.9527 -19.1760
-28.7416 -37.0000 -37.0000 -37.0000 -37.0000 -37.0000 -37.0000 -37.0000 -37.0000
-37.0000 -37.0000 -37.0000 -37.0000 -37.0000 -37.0000 -37.0000 -37.0000 -37.0000
-37.0000 -37.0000 -37.0000 -37.0000
 43.0000   0.8813   0.8777   0.8730   0.8657   0.8514   0.8364   0.7395   0.4861
 -0.0053  -0.7044  -1.5784  -2.6710  -4.0967  -6.0487  -8.8368 -12.9527 -19.1760
-28.7416 -37.0000 -37.0000 -37.0000 -37.0000 -37.0000 -37.0000 -37.0000 -37.0000
-37.0000 -37.0000 -37.0000 -37.0000 -37.0000 -37.0000 -37.0000 -37.0000 -37.0000
-37.0000 -37.0000 -37.0000 -37.0000
nl= 1 nu=16
  0.0000  -0.7793  -0.7793  -0.7793  -0.7793  -0.7793  -0.7793  -0.7793  -0.7793
 -0.7794  -0.7796  -0.7802  -0.7817  -0.7853  -0.7943  -0.8171  -0.8742  -1.0177
 -1.3778  -2.2785  -4.3050  -5.2854  -5.8977  -6.6174  -7.1468  -7.6750  -8.2176
 -8.7834  -9.3869 -10.0506 -10.8097 -11.7202 -12.8707 -14.4016 -16.5355 -19.6250
-24.2291 -31.2337 -37.0000 -37.0000
  0.0000  -0.9285  -0.9285  -0.9285  -0.9285  -0.9285  -0.9285  -0.9285  -0.9286
 -0.9286  -0.9287  -0.9290  -0.9297  -0.9315  -0.9361  -0.9475  -0.9761  -1.0480
 -1.2286  -1.6820  -2.8156  -5.0868  -5.8687  -6.5999  -7.1419  -7.6720  -8.2157
 -8.7821  -9.3859 -10.0497 -10.8090 -11.7195 -12.8700 -14.4010 -16.5349 -19.6244
-24.2285 -31.2331 -36.9994 -36.9994
  0.0000  -1.0791  -1.0791  -1.0791  -1.0791  -1.0791  -1.0791  -1.0791  -1.0791
 -1.0791  -1.0792  -1.0793  -1.0797  -1.0806  -1.0829  -1.0886  -1.1029  -1.1389
 -1.2293  -1.4565  -2.0267  -3.4513  -5.7822  -6.5664  -7.1341  -7.6678  -8.2138
 -8.7812  -9.3856 -10.0497 -10.8091 -11.7197 -12.8703 -14.4013 -16.5352 -19.6248
-24.2289 -31.2335 -36.9998 -36.9998
  0.0000  -1.2351  -1.2351  -1.2351  -1.2351  -1.2351  -1.2351  -1.2351  -1.2351
 -1.2351  -1.2351  -1.2352  -1.2353  -1.2358  -1.2369  -1.2398  -1.2470  -1.2650
 -1.3102  -1.4239  -1.7094  -2.4262  -4.2137  -6.4977  -7.1240  -7.6650  -8.2155
 -8.7848  -9.3900 -10.0546 -10.8143 -11.7251 -12.8758 -14.4068 -16.5409 -19.6305
-24.2346 -31.2392 -37.0055 -37.0055
  0.0000  -1.3821  -1.3821  -1.3821  -1.3821  -1.3821  -1.3821  -1.3821  -1.3821
 -1.3821  -1.3821  -1.3822  -1.3822  -1.3825  -1.3830  -1.3845  -1.3881  -1.3971
 -1.4197  -1.4766  -1.6194  -1.9781  -2.8789  -5.1167  -7.0859  -7.6461  -8.2045
 -8.7774  -9.3845 -10.0500 -10.8102 -11.7214 -12.8723 -14.4034 -16.5374 -19.6270
-24.2312 -31.2359 -37.0022 -37.0022
  0.0000  -1.5304  -1.5304  -1.5304  -1.5304  -1.5304  -1.5304  -1.5304  -1.5304
 -1.5304  -1.5304  -1.5304  -1.5305  -1.5306  -1.5309  -1.5316  -1.5334  -1.5379
 -1.5492  -1.5776  -1.6491  -1.8285  -2.2792  -3.4109  -6.1814  -7.6138  -8.1887
 -8.7679  -9.3783 -10.0456 -10.8066 -11.7182 -12.8695 -14.4008 -16.5349 -19.6247
-24.2288 -31.2335 -37.0000 -37.0000
  0.0000  -1.6808  -1.6808  -1.6808  -1.6808  -1.6808  -1.6808  -1.6808  -1.6808
 -1.6808  -1.6808  -1.6808  -1.6808  -1.6809  -1.6810  -1.6814  -1.6822  -1.6845
 -1.6902  -1.7044  -1.7401  -1.8298  -2.0552  -2.6214  -4.0430  -7.2812  -8.1630
 -8.7552  -9.3713 -10.0415 -10.8042 -11.7167 -12.8684 -14.4001 -16.5344 -19.6242
-24.2285 -31.2333 -36.9999 -36.9999
  0.0000  -0.4489  -0.4489  -0.4489  -0.4489  -0.4489  -0.4489  -0.4490  -0.4492
 -0.4496  -0.4506  -0.4533  -0.4599  -0.4764  -0.5180  -0.6223  -0.8840  -1.5367
 -3.0572  -4.2548  -4.8634  -5.6044  -6.1378  -6.6632  -7.2005  -7.7574  -8.3465
 -8.9869  -9.7093 -10.5615 -11.6194 -13.0037 -14.9051 -17.6261 -21.6462 -27.7252
-36.9996 -36.9996 -36.9996 -36.9996
  0.0000  -0.5976  -0.5976  -0.5976  -0.5976  -0.5976  -0.5976  -0.5976  -0.5977
 -0.5979  -0.5984  -0.5998  -0.6031  -0.6114  -0.6323  -0.6849  -0.8168  -1.1478
 -1.9738  -3.8116  -4.8263  -5.5801  -6.1322  -6.6600  -7.1990  -7.7566  -8.3460
 -8.9868  -9.7092 -10.5615 -11.6195 -13.0037 -14.9052 -17.6262 -21.6463 -27.7253
-36.9997 -36.9997 -36.9997 -36.9997
  0.0000  -0.7473  -0.7473  -0.7473  -0.7473  -0.7473  -0.7473  -0.7473  -0.7474
 -0.7475  -0.7477  -0.7484  -0.7501  -0.7542  -0.7647  -0.7911  -0.8574  -1.0238
 -1.4413  -2.4831  -4.5907  -5.5308  -6.1218  -6.6543  -7.1963  -7.7554  -8.3455
 -8.9866  -9.7093 -10.5616 -11.6197 -13.0041 -14.9055 -17.6266 -21.6467 -27.7257
-37.0001 -37.0001 -37.0001 -37.0001
  0.0000  -0.8962  -0.8962  -0.8962  -0.8962  -0.8962  -0.8962  -0.8962  -0.8962
 -0.8963  -0.8964  -0.8967  -0.8976  -0.8997  -0.9049  -0.9182  -0.9514  -1.0348
 -1.2443  -1.7701  -3.0815  -5.3815  -6.0992  -6.6422  -7.1900  -7.7515  -8.3430
 -8.9847  -9.7078 -10.5604 -11.6186 -13.0029 -14.9045 -17.6256 -21.6458 -27.7248
-36.9992 -36.9992 -36.9992 -36.9992
  0.0000  -1.0470  -1.0470  -1.0470  -1.0470  -1.0470  -1.0470  -1.0470  -1.0470
 -1.0470  -1.0471  -1.0473  -1.0477  -1.0487  -1.0514  -1.0580  -1.0746  -1.1164
 -1.2213  -1.4848  -2.1463  -3.7951  -6.0414  -6.6221  -7.1809  -7.7469  -8.3408
 -8.9837  -9.7075 -10.5604 -11.6189 -13.0034 -14.9050 -17.6262 -21.6463 -27.7253
-36.9999 -36.9999 -36.9999 -36.9999
  0.0000  -1.1990  -1.1990  -1.1990  -1.1990  -1.1990  -1.1990  -1.1990  -1.1990
 -1.1990  -1.1990  -1.1991  -1.1993  -1.1998  -1.2011  -1.2045  -1.2128  -1.2337
 -1.2862  -1.4181  -1.7494  -2.5810  -4.6475  -6.5834  -7.1646  -7.7394  -8.3373
 -8.9825  -9.7074 -10.5611 -11.6199 -13.0047 -14.9064 -17.6276 -21.6479 -27.7269
-37.0016 -37.0016 -37.0016 -37.0016
  0.0000  -1.3531  -1.3531  -1.3531  -1.3531  -1.3531  -1.3531  -1.3531  -1.3531
 -1.3531  -1.3532  -1.3532  -1.3533  -1.3536  -1.3542  -1.3559  -1.3600  -1.3705
 -1.3968  -1.4627  -1.6285  -2.0448  -3.0900  -5.6506  -7.1347  -7.7268  -8.3324
 -8.9812  -9.7082 -10.5630 -11.6225 -13.0077 -14.9097 -17.6311 -21.6514 -27.7304
-37.0053 -37.0054 -37.0054 -37.0054
  0.0000  -0.1256  -0.1256  -0.1256  -0.1256  -0.1256  -0.1257  -0.1260  -0.1268
 -0.1287  -0.1333  -0.1451  -0.1747  -0.2489  -0.4345  -0.8953  -1.9713  -3.1952
 -3.8143  -4.4746  -5.1252  -5.6527  -6.1857  -6.7352  -7.3119  -7.9327  -8.6235
 -9.4256 -10.4042 -11.6627 -13.3647 -15.7696 -19.2888 -24.5739 -32.6576 -36.9996
-36.9996 -36.9996 -36.9996 -36.9996
  0.0000  -0.2705  -0.2705  -0.2705  -0.2705  -0.2705  -0.2706  -0.2707  -0.2711
 -0.2720  -0.2744  -0.2804  -0.2955  -0.3334  -0.4285  -0.6666  -1.2583  -2.6113
 -3.7631  -4.4491  -5.1145  -5.6489  -6.1838  -6.7342  -7.3116  -7.9325  -8.6235
 -9.4258 -10.4044 -11.6629 -13.3649 -15.7699 -19.2891 -24.5741 -32.6579 -36.9999
-36.9999 -36.9999 -36.9999 -36.9999
  0.0000  -0.4159  -0.4159  -0.4159  -0.4160  -0.4160  -0.4160  -0.4161  -0.4163
 -0.4167  -0.4180  -0.4210  -0.4286  -0.4478  -0.4960  -0.6168  -0.9198  -1.6732
 -3.3263  -4.3941  -5.0918  -5.6400  -6.1782  -6.7307  -7.3088  -7.9304  -8.6217
 -9.4240 -10.4029 -11.6614 -13.3635 -15.7685 -19.2877 -24.5727 -32.6565 -36.9985
-36.9985 -36.9985 -36.9985 -36.9985
  0.0000  -0.5658  -0.5658  -0.5658  -0.5658  -0.5658  -0.5658  -0.5658  -0.5659
 -0.5662  -0.5668  -0.5683  -0.5722  -0.5818  -0.6061  -0.6670  -0.8200  -1.2035
 -2.1577  -4.1070  -5.0494  -5.6280  -6.1724  -6.7283  -7.3082  -7.9306  -8.6224
 -9.4250 -10.4040 -11.6627 -13.3649 -15.7699 -19.2891 -24.5742 -32.6580 -37.0000
-37.0000 -37.0000 -37.0000 -37.0000
  0.0000  -0.7139  -0.7139  -0.7139  -0.7139  -0.7139  -0.7139  -0.7139  -0.7139
 -0.7141  -0.7144  -0.7151  -0.7171  -0.7219  -0.7341  -0.7647  -0.8416  -1.0346
 -1.5187  -2.7236  -4.8881  -5.6002  -6.1582  -6.7204  -7.3032  -7.9273  -8.6200
 -9.4232 -10.4024 -11.6613 -13.3635 -15.7686 -19.2879 -24.5730 -32.6569 -36.9989
-36.9989 -36.9989 -36.9989 -36.9989
  0.0000  -0.8649  -0.8649  -0.8649  -0.8649  -0.8649  -0.8649  -0.8649  -0.8649
 -0.8650  -0.8651  -0.8655  -0.8665  -0.8689  -0.8750  -0.8903  -0.9289  -1.0257
 -1.2687  -1.8786  -3.3962  -5.5347  -6.1354  -6.7096  -7.2978  -7.9246  -8.6189
 -9.4230 -10.4027 -11.6619 -13.3643 -15.7695 -19.2890 -24.5740 -32.6579 -37.0001
-37.0001 -37.0001 -37.0001 -37.0001
  0.0000  -1.0146  -1.0146  -1.0146  -1.0146  -1.0146  -1.0146  -1.0146  -1.0146
 -1.0147  -1.0147  -1.0149  -1.0154  -1.0166  -1.0197  -1.0274  -1.0467  -1.0951
 -1.2169  -1.5227  -2.2901  -4.1935  -6.0902  -6.6884  -7.2864  -7.9181  -8.6148
 -9.4204 -10.4010 -11.6607 -13.3634 -15.7689 -19.2883 -24.5734 -32.6575 -36.9998
-36.9998 -36.9998 -36.9998 -36.9998
  0.0000   0.1789   0.1788   0.1788   0.1787   0.1785   0.1780   0.1768   0.1737
  0.1658   0.1461   0.0967  -0.0265  -0.3300  -1.0332  -2.0963  -2.7705  -3.3882
 -4.1098  -4.6417  -5.1717  -5.7153  -6.2818  -6.8857  -7.5496  -8.3088  -9.2194
-10.3700 -11.9010 -14.0349 -17.1244 -21.7286 -28.7332 -36.9994 -36.9994 -36.9994
-36.9994 -36.9994 -36.9994 -36.9994
  0.0000   0.0455   0.0455   0.0455   0.0454   0.0453   0.0451   0.0444   0.0427
  0.0386   0.0281   0.0019  -0.0638  -0.2280  -0.6332  -1.5610  -2.6877  -3.3585
 -4.0919  -4.6365  -5.1685  -5.7135  -6.2807  -6.8850  -7.5491  -8.3085  -9.2192
-10.3698 -11.9008 -14.0348 -17.1243 -21.7285 -28.7331 -36.9993 -36.9993 -36.9993
-36.9993 -36.9993 -36.9993 -36.9993
  0.0000  -0.0946  -0.0946  -0.0946  -0.0946  -0.0947  -0.0948  -0.0952  -0.0960
 -0.0982  -0.1036  -0.1172  -0.1513  -0.2370  -0.4511  -0.9804  -2.1680  -3.2933
 -4.0568  -4.6276  -5.1633  -5.7109  -6.2793  -6.8843  -7.5488  -8.3084  -9.2192
-10.3700 -11.9010 -14.0350 -17.1246 -21.7287 -28.7334 -36.9996 -36.9996 -36.9996
-36.9996 -36.9996 -36.9996 -36.9996
  0.0000  -0.2367  -0.2367  -0.2367  -0.2368  -0.2368  -0.2369  -0.2370  -0.2375
 -0.2386  -0.2413  -0.2483  -0.2658  -0.3096  -0.4196  -0.6950  -1.3765  -2.8561
 -3.9823  -4.6086  -5.1523  -5.7044  -6.2750  -6.8812  -7.5464  -8.3064  -9.2175
-10.3683 -11.8994 -14.0335 -17.1231 -21.7273 -28.7319 -36.9982 -36.9982 -36.9982
-36.9982 -36.9982 -36.9982 -36.9982
  0.0000  -0.3850  -0.3850  -0.3850  -0.3850  -0.3850  -0.3851  -0.3851  -0.3854
 -0.3859  -0.3873  -0.3908  -0.3997  -0.4219  -0.4777  -0.6178  -0.9687  -1.8386
 -3.6371  -4.5737  -5.1363  -5.6969  -6.2713  -6.8796  -7.5459  -8.3066  -9.2181
-10.3692 -11.9005 -14.0346 -17.1242 -21.7285 -28.7331 -36.9995 -36.9995 -36.9995
-36.9995 -36.9995 -36.9995 -36.9995
  0.0000  -0.5346  -0.5346  -0.5346  -0.5346  -0.5346  -0.5346  -0.5346  -0.5348
 -0.5350  -0.5357  -0.5375  -0.5420  -0.5532  -0.5813  -0.6520  -0.8294  -1.2741
 -2.3785  -4.4051  -5.1063  -5.6830  -6.2643  -6.8760  -7.5444  -8.3062  -9.2183
-10.3698 -11.9014 -14.0356 -17.1254 -21.7298 -28.7343 -37.0009 -37.0009 -37.0009
-37.0009 -37.0009 -37.0009 -37.0009
  0.0000  -0.6829  -0.6829  -0.6829  -0.6829  -0.6829  -0.6829  -0.6830  -0.6830
 -0.6832  -0.6835  -0.6844  -0.6866  -0.6923  -0.7064  -0.7419  -0.8311  -1.0550
 -1.6167  -3.0116  -5.0321  -5.6555  -6.2493  -6.8673  -7.5388  -8.3024  -9.2157
-10.3679 -11.8998 -14.0343 -17.1243 -21.7286 -28.7334 -37.0001 -37.0001 -37.0001
-37.0001 -37.0001 -37.0001 -37.0001
  0.0000   0.4362   0.4362   0.4361   0.4358   0.4351   0.4333   0.4289   0.4178
  0.3901   0.3211   0.1523  -0.2389  -0.9649  -1.7061  -2.3384  -3.0873  -3.6274
 -4.1564  -4.6961  -5.2543  -5.8442  -6.4851  -7.2077  -8.0601  -9.1181 -10.5024
-12.4039 -15.1249 -19.1450 -25.2240 -34.5660 -36.9985 -36.9985 -36.9985 -36.9985
-36.9985 -36.9985 -36.9985 -36.9985
  0.0000   0.3291   0.3291   0.3291   0.3289   0.3285   0.3275   0.3249   0.3184
  0.3022   0.2616   0.1606  -0.0866  -0.6515  -1.5645  -2.2993  -3.0620  -3.6209
 -4.1525  -4.6941  -5.2531  -5.8434  -6.4848  -7.2075  -8.0600  -9.1181 -10.5025
-12.4039 -15.1250 -19.1451 -25.2241 -34.5661 -36.9986 -36.9986 -36.9986 -36.9986
-36.9986 -36.9986 -36.9986 -36.9986
  0.0000   0.2082   0.2082   0.2082   0.2081   0.2079   0.2073   0.2059   0.2023
  0.1933   0.1708   0.1143  -0.0264  -0.3710  -1.1471  -2.1945  -3.0108  -3.6086
 -4.1453  -4.6899  -5.2507  -5.8420  -6.4838  -7.2069  -8.0594  -9.1178 -10.5022
-12.4037 -15.1248 -19.1449 -25.2239 -34.5659 -36.9984 -36.9984 -36.9984 -36.9984
-36.9984 -36.9984 -36.9984 -36.9984
  0.0000   0.0765   0.0765   0.0765   0.0764   0.0763   0.0760   0.0752   0.0733
  0.0685   0.0565   0.0263  -0.0494  -0.2383  -0.7019  -1.7300  -2.9013  -3.5854
 -4.1328  -4.6836  -5.2470  -5.8399  -6.4825  -7.2062  -8.0591  -9.1175 -10.5020
-12.4037 -15.1248 -19.1450 -25.2239 -34.5660 -36.9985 -36.9985 -36.9985 -36.9985
-36.9985 -36.9985 -36.9985 -36.9985
  0.0000  -0.0621  -0.0621  -0.0622  -0.0622  -0.0622  -0.0624  -0.0628  -0.0638
 -0.0663  -0.0725  -0.0883  -0.1278  -0.2268  -0.4742  -1.0837  -2.4157  -3.5314
 -4.1101  -4.6720  -5.2404  -5.8358  -6.4800  -7.2045  -8.0579  -9.1167 -10.5015
-12.4032 -15.1244 -19.1446 -25.2236 -34.5658 -36.9983 -36.9983 -36.9983 -36.9983
-36.9983 -36.9983 -36.9983 -36.9983
  0.0000  -0.2060  -0.2060  -0.2060  -0.2060  -0.2060  -0.2061  -0.2063  -0.2068
 -0.2081  -0.2113  -0.2194  -0.2396  -0.2905  -0.4180  -0.7371  -1.5262  -3.1739
 -4.0701  -4.6528  -5.2300  -5.8300  -6.4765  -7.2025  -8.0569  -9.1162 -10.5013
-12.4032 -15.1245 -19.1449 -25.2238 -34.5660 -36.9987 -36.9987 -36.9987 -36.9987
-36.9987 -36.9987 -36.9987 -36.9987
  0.0000  -0.3518  -0.3518  -0.3518  -0.3518  -0.3519  -0.3519  -0.3520  -0.3523
 -0.3529  -0.3545  -0.3586  -0.3689  -0.3947  -0.4595  -0.6221  -1.0295  -2.0388
 -3.8968  -4.6186  -5.2117  -5.8192  -6.4699  -7.1981  -8.0539  -9.1141 -10.4997
-12.4019 -15.1235 -19.1439 -25.2229 -34.5653 -36.9981 -36.9981 -36.9981 -36.9981
-36.9981 -36.9981 -36.9981 -36.9981
  0.0000   0.6063   0.6062   0.6059   0.6052   0.6035   0.5992   0.5884   0.5614
  0.4950   0.3364  -0.0080  -0.5828  -1.2275  -1.9276  -2.5980  -3.1365  -3.6752
 -4.2281  -4.8067  -5.4285  -6.1200  -6.9225  -7.9014  -9.1599 -10.8620 -13.2671
-16.7863 -22.0714 -30.1552 -36.9971 -36.9971 -36.9971 -36.9971 -36.9971 -36.9971
-36.9971 -36.9971 -36.9971 -36.9971
  0.0000   0.5431   0.5430   0.5428   0.5423   0.5411   0.5381   0.5304   0.5114
  0.4639   0.3478   0.0772  -0.4615  -1.1715  -1.8989  -2.5864  -3.1319  -3.6726
 -4.2265  -4.8059  -5.4279  -6.1196  -6.9223  -7.9012  -9.1599 -10.8620 -13.2670
-16.7863 -22.0714 -30.1552 -36.9971 -36.9971 -36.9971 -36.9971 -36.9971 -36.9971
-36.9971 -36.9971 -36.9971 -36.9971
  0.0000   0.4601   0.4600   0.4599   0.4596   0.4588   0.4569   0.4520   0.4396
  0.4088   0.3322   0.1457  -0.2795  -1.0331  -1.8414  -2.5639  -3.1236  -3.6679
 -4.2238  -4.8043  -5.4272  -6.1193  -6.9221  -7.9012  -9.1599 -10.8621 -13.2672
-16.7864 -22.0715 -30.1554 -36.9973 -36.9973 -36.9973 -36.9973 -36.9973 -36.9973
-36.9973 -36.9973 -36.9973 -36.9973
  0.0000   0.3580   0.3580   0.3579   0.3577   0.3573   0.3561   0.3532   0.3458
  0.3274   0.2813   0.1668  -0.1116  -0.7353  -1.7020  -2.5185  -3.1083  -3.6592
 -4.2188  -4.8011  -5.4252  -6.1179  -6.9212  -7.9005  -9.1594 -10.8617 -13.2669
-16.7862 -22.0713 -30.1552 -36.9971 -36.9971 -36.9971 -36.9971 -36.9971 -36.9971
-36.9971 -36.9971 -36.9971 -36.9971
  0.0000   0.2396   0.2396   0.2396   0.2395   0.2392   0.2385   0.2369   0.2328
  0.2225   0.1966   0.1317  -0.0297  -0.4234  -1.2951  -2.4097  -3.0810  -3.6445
 -4.2106  -4.7962  -5.4221  -6.1160  -6.9200  -7.8998  -9.1590 -10.8614 -13.2666
-16.7860 -22.0711 -30.1550 -36.9971 -36.9971 -36.9971 -36.9971 -36.9971 -36.9971
-36.9971 -36.9971 -36.9971 -36.9971
  0.0000   0.1091   0.1091   0.1091   0.1090   0.1089   0.1085   0.1076   0.1054
  0.0999   0.0860   0.0510  -0.0366  -0.2550  -0.7903  -1.9560  -3.0242  -3.6199
 -4.1973  -4.7885  -5.4174  -6.1131  -6.9183  -7.8988  -9.1583 -10.8611 -13.2665
-16.7860 -22.0711 -30.1551 -36.9973 -36.9973 -36.9973 -36.9973 -36.9973 -36.9973
-36.9973 -36.9973 -36.9973 -36.9973
  0.0000  -0.0294  -0.0294  -0.0294  -0.0294  -0.0295  -0.0297  -0.0301  -0.0313
 -0.0342  -0.0415  -0.0597  -0.1056  -0.2205  -0.5079  -1.2151  -2.6796  -3.5774
 -4.1757  -4.7760  -5.4099  -6.1085  -6.9153  -7.8969  -9.1572 -10.8603 -13.2661
-16.7857 -22.0710 -30.1549 -36.9974 -36.9974 -36.9974 -36.9974 -36.9974 -36.9974
-36.9974 -36.9974 -36.9974 -36.9974
  0.0000   0.6881   0.6880   0.6876   0.6865   0.6839   0.6774   0.6612   0.6209
  0.5231   0.2999  -0.1253  -0.7366  -1.4842  -2.0949  -2.6443  -3.1977  -3.7693
 -4.3764  -5.0420  -5.8022  -6.7134  -7.8643  -9.3955 -11.5295 -14.6192 -19.2233
-26.2279 -36.9943 -36.9943 -36.9943 -36.9943 -36.9943 -36.9943 -36.9943 -36.9943
-36.9943 -36.9943 -36.9943 -36.9943
  0.0000   0.6606   0.6605   0.6601   0.6592   0.6570   0.6514   0.6375   0.6029
  0.5184   0.3213  -0.0801  -0.7010  -1.4657  -2.0897  -2.6420  -3.1964  -3.7686
 -4.3759  -5.0416  -5.8020  -6.7132  -7.8642  -9.3954 -11.5294 -14.6191 -19.2232
-26.2278 -36.9942 -36.9942 -36.9942 -36.9942 -36.9942 -36.9942 -36.9942 -36.9942
-36.9942 -36.9942 -36.9942 -36.9942
  0.0000   0.6241   0.6240   0.6237   0.6230   0.6212   0.6167   0.6053   0.5769
  0.5071   0.3408  -0.0202  -0.6419  -1.4306  -2.0782  -2.6360  -3.1930  -3.7665
 -4.3746  -5.0409  -5.8015  -6.7129  -7.8640  -9.3953 -11.5294 -14.6190 -19.2232
-26.2278 -36.9942 -36.9942 -36.9942 -36.9942 -36.9942 -36.9942 -36.9942 -36.9942
-36.9942 -36.9942 -36.9942 -36.9942
  0.0000   0.5694   0.5693   0.5691   0.5685   0.5672   0.5638   0.5554   0.5344
  0.4822   0.3548   0.0592  -0.5297  -1.3606  -2.0577  -2.6254  -3.1869  -3.7629
 -4.3723  -5.0394  -5.8006  -6.7123  -7.8636  -9.3950 -11.5292 -14.6189 -19.2232
-26.2278 -36.9942 -36.9942 -36.9942 -36.9942 -36.9942 -36.9942 -36.9942 -36.9942
-36.9942 -36.9942 -36.9942 -36.9942
  0.0000   0.4918   0.4918   0.4916   0.4913   0.4904   0.4882   0.4826   0.4686
  0.4336   0.3468   0.1358  -0.3442  -1.2043  -2.0185  -2.6077  -3.1768  -3.7570
 -4.3687  -5.0372  -5.7993  -6.7117  -7.8633  -9.3949 -11.5292 -14.6190 -19.2233
-26.2279 -36.9945 -36.9945 -36.9945 -36.9945 -36.9945 -36.9945 -36.9945 -36.9945
-36.9945 -36.9945 -36.9945 -36.9945
  0.0000   0.3926   0.3926   0.3925   0.3923   0.3918   0.3904   0.3870   0.3786
  0.3573   0.3041   0.1718  -0.1502  -0.8729  -1.9125  -2.5774  -3.1601  -3.7468
 -4.3623  -5.0331  -5.7966  -6.7098  -7.8620  -9.3941 -11.5286 -14.6185 -19.2229
-26.2275 -36.9943 -36.9943 -36.9943 -36.9943 -36.9943 -36.9943 -36.9943 -36.9943
-36.9943 -36.9943 -36.9943 -36.9943
  0.0000   0.2746   0.2745   0.2745   0.2744   0.2741   0.2733   0.2714   0.2666
  0.2546   0.2244   0.1488  -0.0395  -0.4997  -1.5055  -2.5202  -3.1349  -3.7320
 -4.3533  -5.0275  -5.7931  -6.7077  -7.8609  -9.3934 -11.5283 -14.6184 -19.2229
-26.2276 -36.9946 -36.9947 -36.9947 -36.9947 -36.9947 -36.9947 -36.9947 -36.9947
-36.9947 -36.9947 -36.9947 -36.9947
  0.0000   0.7498   0.7495   0.7490   0.7477   0.7444   0.7361   0.7156   0.6651
  0.5426   0.2634  -0.2713  -0.9651  -1.5805  -2.1499  -2.7243  -3.3232  -3.9692
 -4.6950  -5.5491  -6.6083  -7.9932  -9.8951 -12.6164 -16.6367 -22.7157 -32.0579
-36.9903 -36.9903 -36.9903 -36.9903 -36.9903 -36.9903 -36.9903 -36.9903 -36.9903
-36.9903 -36.9903 -36.9903 -36.9903
  0.0000   0.7263   0.7262   0.7257   0.7246   0.7218   0.7148   0.6972   0.6535
  0.5457   0.2894  -0.2330  -0.9514  -1.5803  -2.1519  -2.7265  -3.3248  -3.9707
 -4.6959  -5.5498  -6.6088  -7.9936  -9.8954 -12.6167 -16.6369 -22.7160 -32.0581
-36.9905 -36.9905 -36.9905 -36.9905 -36.9905 -36.9905 -36.9905 -36.9905 -36.9905
-36.9905 -36.9905 -36.9905 -36.9905
  0.0000   0.7137   0.7136   0.7131   0.7121   0.7094   0.7028   0.6862   0.6450
  0.5437   0.3028  -0.2037  -0.9321  -1.5735  -2.1487  -2.7247  -3.3238  -3.9701
 -4.6956  -5.5495  -6.6087  -7.9936  -9.8954 -12.6166 -16.6369 -22.7159 -32.0581
-36.9905 -36.9905 -36.9905 -36.9905 -36.9905 -36.9905 -36.9905 -36.9905 -36.9905
-36.9905 -36.9905 -36.9905 -36.9905
  0.0000   0.6975   0.6974   0.6970   0.6960   0.6936   0.6874   0.6720   0.6338
  0.5399   0.3163  -0.1655  -0.9004  -1.5607  -2.1415  -2.7203  -3.3212  -3.9682
 -4.6946  -5.5490  -6.6083  -7.9933  -9.8953 -12.6166 -16.6369 -22.7160 -32.0581
-36.9906 -36.9906 -36.9906 -36.9906 -36.9906 -36.9906 -36.9906 -36.9906 -36.9906
-36.9906 -36.9906 -36.9906 -36.9906
  0.0000   0.6683   0.6681   0.6678   0.6670   0.6649   0.6596   0.6464   0.6136
  0.5323   0.3362  -0.1025  -0.8421  -1.5390  -2.1295  -2.7127  -3.3164  -3.9652
 -4.6926  -5.5477  -6.6075  -7.9929  -9.8950 -12.6164 -16.6368 -22.7159 -32.0582
-36.9907 -36.9907 -36.9907 -36.9907 -36.9907 -36.9907 -36.9907 -36.9907 -36.9907
-36.9907 -36.9907 -36.9907 -36.9907
  0.0000   0.6167   0.6166   0.6163   0.6157   0.6141   0.6101   0.6000   0.5749
  0.5122   0.3583  -0.0041  -0.7184  -1.4999  -2.1111  -2.7011  -3.3090  -3.9606
 -4.6896  -5.5460  -6.6065  -7.9924  -9.8947 -12.6163 -16.6369 -22.7160 -32.0583
-36.9910 -36.9910 -36.9910 -36.9910 -36.9910 -36.9910 -36.9910 -36.9910 -36.9910
-36.9910 -36.9910 -36.9910 -36.9910
  0.0000   0.5385   0.5385   0.5383   0.5379   0.5368   0.5341   0.5274   0.5104
  0.4680   0.3626   0.1047  -0.4828  -1.3991  -2.0816  -2.6839  -3.2977  -3.9532
 -4.6847  -5.5426  -6.6043  -7.9909  -9.8937 -12.6157 -16.6363 -22.7155 -32.0580
-36.9909 -36.9909 -36.9909 -36.9909 -36.9909 -36.9909 -36.9909 -36.9909 -36.9909
-36.9909 -36.9909 -36.9909 -36.9909
  0.0000   0.8722   0.8717   0.8706   0.8679   0.8613   0.8456   0.8079   0.7175
  0.5054   0.0737  -0.5005  -1.0767  -1.6503  -2.2455  -2.8806  -3.5822  -4.3918
 -5.3755  -6.6372  -8.3413 -10.7476 -14.2676 -19.5532 -27.6373 -36.9798 -36.9798
-36.9798 -36.9798 -36.9798 -36.9798 -36.9798 -36.9798 -36.9798 -36.9798 -36.9798
-36.9798 -36.9798 -36.9798 -36.9798
  0.0000   0.8039   0.8036   0.8029   0.8012   0.7970   0.7868   0.7622   0.7027
  0.5523   0.1830  -0.4356  -1.0602  -1.6550  -2.2568  -2.8917  -3.5905  -4.3975
 -5.3789  -6.6389  -8.3419 -10.7474 -14.2670 -19.5522 -27.6361 -36.9783 -36.9783
-36.9783 -36.9783 -36.9783 -36.9783 -36.9783 -36.9783 -36.9783 -36.9783 -36.9783
-36.9783 -36.9783 -36.9783 -36.9783
  0.0000   0.7896   0.7894   0.7888   0.7873   0.7835   0.7743   0.7518   0.6974
  0.5587   0.2064  -0.4217  -1.0580  -1.6557  -2.2581  -2.8928  -3.5911  -4.3979
 -5.3791  -6.6390  -8.3419 -10.7473 -14.2668 -19.5521 -27.6359 -36.9781 -36.9781
-36.9781 -36.9781 -36.9781 -36.9781 -36.9781 -36.9781 -36.9781 -36.9781 -36.9781
-36.9781 -36.9781 -36.9781 -36.9781
  0.0000   0.7892   0.7890   0.7884   0.7869   0.7832   0.7738   0.7509   0.6946
  0.5545   0.2108  -0.4097  -1.0516  -1.6520  -2.2558  -2.8913  -3.5903  -4.3973
 -5.3787  -6.6388  -8.3417 -10.7474 -14.2669 -19.5521 -27.6360 -36.9782 -36.9782
-36.9782 -36.9782 -36.9782 -36.9782 -36.9782 -36.9782 -36.9782 -36.9782 -36.9782
-36.9782 -36.9782 -36.9782 -36.9782
  0.0000   0.7911   0.7909   0.7903   0.7887   0.7849   0.7752   0.7512   0.6921
  0.5480   0.2115  -0.3936  -1.0412  -1.6447  -2.2509  -2.8882  -3.5886  -4.3964
 -5.3784  -6.6389  -8.3420 -10.7477 -14.2673 -19.5526 -27.6366 -36.9789 -36.9789
-36.9789 -36.9789 -36.9789 -36.9789 -36.9789 -36.9789 -36.9789 -36.9789 -36.9789
-36.9789 -36.9789 -36.9789 -36.9789
  0.0000   0.7812   0.7810   0.7804   0.7790   0.7753   0.7661   0.7432   0.6862
  0.5470   0.2260  -0.3631  -1.0236  -1.6328  -2.2422  -2.8822  -3.5846  -4.3936
 -5.3766  -6.6376  -8.3413 -10.7472 -14.2670 -19.5525 -27.6363 -36.9789 -36.9789
-36.9789 -36.9789 -36.9789 -36.9789 -36.9789 -36.9789 -36.9789 -36.9789 -36.9789
-36.9789 -36.9789 -36.9789 -36.9789
  0.0000   0.7488   0.7486   0.7482   0.7469   0.7438   0.7361   0.7167   0.6685
  0.5497   0.2697  -0.2919  -0.9923  -1.6164  -2.2308  -2.8743  -3.5793  -4.3904
 -5.3744  -6.6366  -8.3407 -10.7471 -14.2671 -19.5526 -27.6367 -36.9795 -36.9795
-36.9795 -36.9795 -36.9795 -36.9795 -36.9795 -36.9795 -36.9795 -36.9795 -36.9795
-36.9795 -36.9795 -36.9795 -36.9795
 -1.0000   0.9003   0.8996   0.8981   0.8949   0.8881   0.8728   0.8361   0.7379
  0.4818   0.0122  -0.5566  -1.1562  -1.7872  -2.4711  -3.2441  -4.1637  -5.3200
 -6.8546  -8.9908 -12.0818 -16.6868 -23.6919 -34.5013 -36.9590 -36.9590 -36.9590
-36.9590 -36.9590 -36.9590 -36.9590 -36.9590 -36.9590 -36.9590 -36.9590 -36.9590
-36.9590 -36.9590 -36.9590 -36.9590
  0.0000   0.8994   0.8989   0.8975   0.8945   0.8877   0.8724   0.8357   0.7376
  0.4826   0.0134  -0.5561  -1.1559  -1.7871  -2.4710  -3.2440  -4.1637  -5.3200
 -6.8546  -8.9908 -12.0818 -16.6868 -23.6919 -34.5013 -36.9590 -36.9590 -36.9590
-36.9590 -36.9590 -36.9590 -36.9590 -36.9590 -36.9590 -36.9590 -36.9590 -36.9590
-36.9590 -36.9590 -36.9590 -36.9590
  0.0000   0.8137   0.8136   0.8134   0.8129   0.8122   0.8105   0.8025   0.7550
  0.5571   0.0803  -0.5323  -1.1552  -1.7941  -2.4784  -3.2494  -4.1667  -5.3214
 -6.8547  -8.9900 -12.0803 -16.6849 -23.6898 -34.4991 -36.9565 -36.9565 -36.9565
-36.9565 -36.9565 -36.9565 -36.9565 -36.9565 -36.9565 -36.9565 -36.9565 -36.9565
-36.9565 -36.9565 -36.9565 -36.9565
  0.0000   0.8032   0.8032   0.8031   0.8031   0.8030   0.8026   0.7967   0.7544
  0.5660   0.0910  -0.5288  -1.1549  -1.7945  -2.4789  -3.2497  -4.1670  -5.3213
 -6.8545  -8.9898 -12.0801 -16.6847 -23.6896 -34.4988 -36.9562 -36.9562 -36.9562
-36.9562 -36.9562 -36.9562 -36.9562 -36.9562 -36.9562 -36.9562 -36.9562 -36.9562
-36.9562 -36.9562 -36.9562 -36.9562
  0.0000   0.8224   0.8223   0.8220   0.8213   0.8196   0.8149   0.8002   0.7456
  0.5524   0.0889  -0.5254  -1.1514  -1.7917  -2.4770  -3.2486  -4.1663  -5.3212
 -6.8546  -8.9899 -12.0803 -16.6850 -23.6899 -34.4993 -36.9567 -36.9567 -36.9567
-36.9567 -36.9567 -36.9567 -36.9567 -36.9567 -36.9567 -36.9567 -36.9567 -36.9567
-36.9567 -36.9567 -36.9567 -36.9567
  0.0000   0.8512   0.8509   0.8502   0.8486   0.8445   0.8340   0.8067   0.7330
  0.5304   0.0829  -0.5220  -1.1461  -1.7872  -2.4739  -3.2470  -4.1657  -5.3212
 -6.8552  -8.9909 -12.0815 -16.6864 -23.6913 -34.5007 -36.9583 -36.9583 -36.9583
-36.9583 -36.9583 -36.9583 -36.9583 -36.9583 -36.9583 -36.9583 -36.9583 -36.9583
-36.9583 -36.9583 -36.9583 -36.9583
  0.0000   0.8657   0.8653   0.8645   0.8623   0.8569   0.8433   0.8091   0.7238
  0.5164   0.0853  -0.5137  -1.1373  -1.7793  -2.4678  -3.2427  -4.1630  -5.3194
 -6.8542  -8.9904 -12.0813 -16.6862 -23.6913 -34.5010 -36.9587 -36.9587 -36.9587
-36.9587 -36.9587 -36.9587 -36.9587 -36.9587 -36.9587 -36.9587 -36.9587 -36.9587
-36.9587 -36.9587 -36.9587 -36.9587
 -2.0000   0.8755   0.8748   0.8740   0.8739   0.8757   0.8787   0.8678   0.7823
  0.4840  -0.0315  -0.6562  -1.3364  -2.0885  -2.9604  -4.0307  -5.4225  -7.3285
-10.0524 -14.0742 -20.1541 -29.4968 -36.9302 -36.9302 -36.9302 -36.9302 -36.9302
-36.9302 -36.9302 -36.9302 -36.9302 -36.9302 -36.9302 -36.9302 -36.9302 -36.9302
-36.9302 -36.9302 -36.9302 -36.9302
 -1.0000   0.8754   0.8749   0.8741   0.8740   0.8757   0.8785   0.8677   0.7822
  0.4842  -0.0312  -0.6560  -1.3364  -2.0884  -2.9604  -4.0307  -5.4225  -7.3285
-10.0524 -14.0742 -20.1541 -29.4968 -36.9302 -36.9302 -36.9302 -36.9302 -36.9302
-36.9302 -36.9302 -36.9302 -36.9302 -36.9302 -36.9302 -36.9302 -36.9302 -36.9302
-36.9302 -36.9302 -36.9302 -36.9302
  0.0000   0.8752   0.8749   0.8744   0.8742   0.8758   0.8783   0.8673   0.7818
  0.4848  -0.0307  -0.6557  -1.3362  -2.0884  -2.9603  -4.0307  -5.4225  -7.3285
-10.0524 -14.0742 -20.1541 -29.4968 -36.9302 -36.9302 -36.9302 -36.9302 -36.9302
-36.9302 -36.9302 -36.9302 -36.9302 -36.9302 -36.9302 -36.9302 -36.9302 -36.9302
-36.9302 -36.9302 -36.9302 -36.9302
  0.0000   0.7923   0.7927   0.7937   0.7968   0.8055   0.8239   0.8452   0.8106
  0.5482   0.0073  -0.6455  -1.3374  -2.0916  -2.9626  -4.0310  -5.4216  -7.3266
-10.0496 -14.0709 -20.1505 -29.4929 -36.9260 -36.9260 -36.9260 -36.9260 -36.9260
-36.9260 -36.9260 -36.9260 -36.9260 -36.9260 -36.9260 -36.9260 -36.9260 -36.9260
-36.9260 -36.9260 -36.9260 -36.9260
  0.0000   0.7917   0.7922   0.7935   0.7968   0.8052   0.8226   0.8434   0.8090
  0.5505   0.0099  -0.6444  -1.3370  -2.0916  -2.9625  -4.0311  -5.4217  -7.3266
-10.0496 -14.0709 -20.1505 -29.4929 -36.9261 -36.9261 -36.9261 -36.9261 -36.9261
-36.9261 -36.9261 -36.9261 -36.9261 -36.9261 -36.9261 -36.9261 -36.9261 -36.9261
-36.9261 -36.9261 -36.9261 -36.9261
  0.0000   0.8231   0.8234   0.8243   0.8263   0.8312   0.8406   0.8474   0.7952
  0.5334   0.0045  -0.6436  -1.3350  -2.0900  -2.9617  -4.0311  -5.4220  -7.3273
-10.0505 -14.0720 -20.1516 -29.4942 -36.9275 -36.9275 -36.9275 -36.9275 -36.9275
-36.9275 -36.9275 -36.9275 -36.9275 -36.9275 -36.9275 -36.9275 -36.9275 -36.9275
-36.9275 -36.9275 -36.9275 -36.9275
  0.0000   0.8616   0.8616   0.8618   0.8622   0.8628   0.8625   0.8508   0.7767
  0.5116  -0.0031  -0.6428  -1.3319  -2.0873  -2.9602  -4.0306  -5.4221  -7.3281
-10.0518 -14.0734 -20.1533 -29.4960 -36.9295 -36.9295 -36.9295 -36.9295 -36.9295
-36.9295 -36.9295 -36.9295 -36.9295 -36.9295 -36.9295 -36.9295 -36.9295 -36.9295
-36.9295 -36.9295 -36.9295 -36.9295
 -2.0000   1.1615   1.1582   1.1525   1.1420   1.1184   1.0591   0.9263   0.6263
  0.1661  -0.4093  -1.0807  -1.8709  -2.8400  -4.0897  -5.7831  -8.1789 -11.6881
-16.9629 -25.0375 -36.8839 -36.8839 -36.8839 -36.8839 -36.8839 -36.8839 -36.8839
-36.8839 -36.8839 -36.8839 -36.8839 -36.8839 -36.8839 -36.8839 -36.8839 -36.8839
-36.8839 -36.8839 -36.8839 -36.8839
 -1.0000   1.1615   1.1582   1.1525   1.1419   1.1183   1.0591   0.9263   0.6265
  0.1662  -0.4093  -1.0806  -1.8709  -2.8400  -4.0897  -5.7831  -8.1789 -11.6881
-16.9629 -25.0375 -36.8839 -36.8839 -36.8839 -36.8839 -36.8839 -36.8839 -36.8839
-36.8839 -36.8839 -36.8839 -36.8839 -36.8839 -36.8839 -36.8839 -36.8839 -36.8839
-36.8839 -36.8839 -36.8839 -36.8839
  0.0000   1.1613   1.1581   1.1524   1.1418   1.1181   1.0591   0.9263   0.6268
  0.1665  -0.4091  -1.0806  -1.8708  -2.8400  -4.0897  -5.7831  -8.1789 -11.6881
-16.9629 -25.0375 -36.8839 -36.8839 -36.8839 -36.8839 -36.8839 -36.8839 -36.8839
-36.8839 -36.8839 -36.8839 -36.8839 -36.8839 -36.8839 -36.8839 -36.8839 -36.8839
-36.8839 -36.8839 -36.8839 -36.8839
  1.0000   1.1610   1.1582   1.1525   1.1419   1.1180   1.0593   0.9266   0.6276
  0.1673  -0.4086  -1.0801  -1.8704  -2.8396  -4.0893  -5.7827  -8.1786 -11.6878
-16.9626 -25.0372 -36.8836 -36.8836 -36.8836 -36.8836 -36.8836 -36.8836 -36.8836
-36.8836 -36.8836 -36.8836 -36.8836 -36.8836 -36.8836 -36.8836 -36.8836 -36.8836
-36.8836 -36.8836 -36.8836 -36.8836
  2.0000   1.1596   1.1572   1.1519   1.1411   1.1170   1.0590   0.9264   0.6286
  0.1680  -0.4082  -1.0800  -1.8705  -2.8397  -4.0895  -5.7829  -8.1787 -11.6879
-16.9627 -25.0373 -36.8838 -36.8838 -36.8838 -36.8838 -36.8838 -36.8838 -36.8838
-36.8838 -36.8838 -36.8838 -36.8838 -36.8838 -36.8838 -36.8838 -36.8838 -36.8838
-36.8838 -36.8838 -36.8838 -36.8838
  3.0000   1.1573   1.1553   1.1506   1.1400   1.1157   1.0586   0.9265   0.6308
  0.1700  -0.4071  -1.0795  -1.8702  -2.8395  -4.0893  -5.7828  -8.1786 -11.6878
-16.9627 -25.0372 -36.8838 -36.8838 -36.8838 -36.8838 -36.8838 -36.8838 -36.8838
-36.8838 -36.8838 -36.8838 -36.8838 -36.8838 -36.8838 -36.8838 -36.8838 -36.8838
-36.8838 -36.8838 -36.8838 -36.8838
  4.0000   1.1534   1.1517   1.1475   1.1374   1.1135   1.0576   0.9268   0.6353
  0.1739  -0.4048  -1.0782  -1.8694  -2.8390  -4.0890  -5.7825  -8.1784 -11.6876
-16.9624 -25.0369 -36.8836 -36.8837 -36.8837 -36.8837 -36.8837 -36.8837 -36.8837
-36.8837 -36.8837 -36.8837 -36.8837 -36.8837 -36.8837 -36.8837 -36.8837 -36.8837
-36.8837 -36.8837 -36.8837 -36.8837
 -3.0000   1.1808   1.1758   1.1685   1.1570   1.1356   1.0386   0.9264   0.6616
  0.1696  -0.5357  -1.4378  -2.5918  -4.1291  -6.2705  -9.3682 -13.9804 -20.9919
-31.8064 -36.7747 -36.7747 -36.7747 -36.7747 -36.7747 -36.7747 -36.7747 -36.7747
-36.7747 -36.7747 -36.7747 -36.7747 -36.7747 -36.7747 -36.7747 -36.7747 -36.7747
-36.7747 -36.7747 -36.7747 -36.7747
 -2.0000   1.1808   1.1759   1.1684   1.1570   1.1355   1.0386   0.9264   0.6616
  0.1697  -0.5357  -1.4378  -2.5918  -4.1291  -6.2705  -9.3682 -13.9804 -20.9919
-31.8064 -36.7747 -36.7747 -36.7747 -36.7747 -36.7747 -36.7747 -36.7747 -36.7747
-36.7747 -36.7747 -36.7747 -36.7747 -36.7747 -36.7747 -36.7747 -36.7747 -36.7747
-36.7747 -36.7747 -36.7747 -36.7747
 -1.0000   1.1809   1.1759   1.1684   1.1571   1.1352   1.0388   0.9264   0.6617
  0.1697  -0.5356  -1.4377  -2.5918  -4.1291  -6.2705  -9.3682 -13.9804 -20.9919
-31.8064 -36.7747 -36.7747 -36.7747 -36.7747 -36.7747 -36.7747 -36.7747 -36.7747
-36.7747 -36.7747 -36.7747 -36.7747 -36.7747 -36.7747 -36.7747 -36.7747 -36.7747
-36.7747 -36.7747 -36.7747 -36.7747
  0.0000   1.1809   1.1760   1.1683   1.1573   1.1348   1.0390   0.9263   0.6618
  0.1698  -0.5355  -1.4377  -2.5917  -4.1290  -6.2705  -9.3682 -13.9804 -20.9919
-31.8064 -36.7747 -36.7747 -36.7747 -36.7747 -36.7747 -36.7747 -36.7747 -36.7747
-36.7747 -36.7747 -36.7747 -36.7747 -36.7747 -36.7747 -36.7747 -36.7747 -36.7747
-36.7747 -36.7747 -36.7747 -36.7747
  1.0000   1.1807   1.1758   1.1681   1.1574   1.1338   1.0393   0.9261   0.6618
  0.1699  -0.5355  -1.4378  -2.5919  -4.1292  -6.2706  -9.3683 -13.9805 -20.9920
-31.8066 -36.7749 -36.7749 -36.7749 -36.7749 -36.7749 -36.7749 -36.7749 -36.7749
-36.7749 -36.7749 -36.7749 -36.7749 -36.7749 -36.7749 -36.7749 -36.7749 -36.7749
-36.7749 -36.7749 -36.7749 -36.7749
  2.0000   1.1799   1.1756   1.1679   1.1574   1.1321   1.0399   0.9257   0.6619
  0.1702  -0.5354  -1.4377  -2.5919  -4.1293  -6.2707  -9.3684 -13.9807 -20.9921
-31.8067 -36.7751 -36.7751 -36.7751 -36.7751 -36.7751 -36.7751 -36.7751 -36.7751
-36.7751 -36.7751 -36.7751 -36.7751 -36.7751 -36.7751 -36.7751 -36.7751 -36.7751
-36.7751 -36.7751 -36.7751 -36.7751
  3.0000   1.1785   1.1750   1.1682   1.1573   1.1297   1.0415   0.9255   0.6626
  0.1712  -0.5346  -1.4373  -2.5916  -4.1291  -6.2706  -9.3683 -13.9805 -20.9919
-31.8066 -36.7751 -36.7751 -36.7751 -36.7751 -36.7751 -36.7751 -36.7751 -36.7751
-36.7751 -36.7751 -36.7751 -36.7751 -36.7751 -36.7751 -36.7751 -36.7751 -36.7751
-36.7751 -36.7751 -36.7751 -36.7751
-13.0000   1.1806   1.1756   1.1683   1.1567   1.1355   1.0383   0.9262   0.6614
  0.1694  -0.5359  -1.4380  -2.5920  -4.1293  -6.2707  -9.3684 -13.9806 -20.9921
-31.8066 -36.7749 -36.7749 -36.7749 -36.7749 -36.7749 -36.7749 -36.7749 -36.7749
-36.7749 -36.7749 -36.7749 -36.7749 -36.7749 -36.7749 -36.7749 -36.7749 -36.7749
-36.7749 -36.7749 -36.7749 -36.7749
-12.0000   1.1806   1.1756   1.1683   1.1567   1.1354   1.0383   0.9262   0.6614
  0.1694  -0.5359  -1.4380  -2.5920  -4.1293  -6.2707  -9.3684 -13.9806 -20.9921
-31.8066 -36.7749 -36.7749 -36.7749 -36.7749 -36.7749 -36.7749 -36.7749 -36.7749
-36.7749 -36.7749 -36.7749 -36.7749 -36.7749 -36.7749 -36.7749 -36.7749 -36.7749
-36.7749 -36.7749 -36.7749 -36.7749
-11.0000   1.1806   1.1756   1.1683   1.1568   1.1354   1.0384   0.9262   0.6614
  0.1694  -0.5359  -1.4380  -2.5920  -4.1293  -6.2707  -9.3684 -13.9806 -20.9921
-31.8066 -36.7749 -36.7749 -36.7749 -36.7749 -36.7749 -36.7749 -36.7749 -36.7749
-36.7749 -36.7749 -36.7749 -36.7749 -36.7749 -36.7749 -36.7749 -36.7749 -36.7749
-36.7749 -36.7749 -36.7749 -36.7749
-10.0000   1.1806   1.1757   1.1682   1.1568   1.1353   1.0384   0.9262   0.6614
  0.1695  -0.5359  -1.4380  -2.5920  -4.1293  -6.2707  -9.3684 -13.9806 -20.9921
-31.8066 -36.7749 -36.7749 -36.7749 -36.7749 -36.7749 -36.7749 -36.7749 -36.7749
-36.7749 -36.7749 -36.7749 -36.7749 -36.7749 -36.7749 -36.7749 -36.7749 -36.7749
-36.7749 -36.7749 -36.7749 -36.7749
 11.0000   1.1806   1.1757   1.1682   1.1569   1.1351   1.0385   0.9262   0.6615
  0.1695  -0.5358  -1.4380  -2.5920  -4.1293  -6.2707  -9.3684 -13.9806 -20.9921
-31.8066 -36.7749 -36.7749 -36.7749 -36.7749 -36.7749 -36.7749 -36.7749 -36.7749
-36.7749 -36.7749 -36.7749 -36.7749 -36.7749 -36.7749 -36.7749 -36.7749 -36.7749
-36.7749 -36.7749 -36.7749 -36.7749
 12.0000   1.1806   1.1757   1.1680   1.1570   1.1346   1.0386   0.9260   0.6615
  0.1695  -0.5358  -1.4380  -2.5920  -4.1294  -6.2708  -9.3685 -13.9807 -20.9921
-31.8067 -36.7750 -36.7750 -36.7750 -36.7750 -36.7750 -36.7750 -36.7750 -36.7750
-36.7750 -36.7750 -36.7750 -36.7750 -36.7750 -36.7750 -36.7750 -36.7750 -36.7750
-36.7750 -36.7750 -36.7750 -36.7750
 13.0000   1.1806   1.1757   1.1680   1.1572   1.1339   1.0390   0.9260   0.6616
  0.1697  -0.5357  -1.4379  -2.5920  -4.1293  -6.2707  -9.3684 -13.9806 -20.9921
-31.8066 -36.7750 -36.7750 -36.7750 -36.7750 -36.7750 -36.7750 -36.7750 -36.7750
-36.7750 -36.7750 -36.7750 -36.7750 -36.7750 -36.7750 -36.7750 -36.7750 -36.7750
-36.7750 -36.7750 -36.7750 -36.7750
-23.0000   1.1806   1.1756   1.1683   1.1567   1.1355   1.0383   0.9262   0.6614
  0.1694  -0.5359  -1.4380  -2.5920  -4.1293  -6.2707  -9.3684 -13.9806 -20.9921
-31.8066 -36.7749 -36.7749 -36.7749 -36.7749 -36.7749 -36.7749 -36.7749 -36.7749
-36.7749 -36.7749 -36.7749 -36.7749 -36.7749 -36.7749 -36.7749 -36.7749 -36.7749
-36.7749 -36.7749 -36.7749 -36.7749
-22.0000   1.1806   1.1756   1.1683   1.1567   1.1355   1.0383   0.9262   0.6614
  0.1694  -0.5359  -1.4380  -2.5920  -4.1293  -6.2707  -9.3684 -13.9806 -20.9921
-31.8066 -36.7749 -36.7749 -36.7749 -36.7749 -36.7749 -36.7749 -36.7749 -36.7749
-36.7749 -36.7749 -36.7749 -36.7749 -36.7749 -36.7749 -36.7749 -36.7749 -36.7749
-36.7749 -36.7749 -36.7749 -36.7749
-21.0000   1.1806   1.1756   1.1683   1.1567   1.1355   1.0383   0.9262   0.6614
  0.1694  -0.5359  -1.4380  -2.5920  -4.1293  -6.2707  -9.3684 -13.9806 -20.9921
-31.8066 -36.7749 -36.7749 -36.7749 -36.7749 -36.7749 -36.7749 -36.7749 -36.7749
-36.7749 -36.7749 -36.7749 -36.7749 -36.7749 -36.7749 -36.7749 -36.7749 -36.7749
-36.7749 -36.7749 -36.7749 -36.7749
-20.0000   1.1806   1.1756   1.1683   1.1567   1.1355   1.0383   0.9262   0.6614
  0.1694  -0.5359  -1.4380  -2.5920  -4.1293  -6.2707  -9.3684 -13.9806 -20.9921
-31.8066 -36.7749 -36.7749 -36.7749 -36.7749 -36.7749 -36.7749 -36.7749 -36.7749
-36.7749 -36.7749 -36.7749 -36.7749 -36.7749 -36.7749 -36.7749 -36.7749 -36.7749
-36.7749 -36.7749 -36.7749 -36.7749
 21.0000   1.1806   1.1756   1.1683   1.1568   1.1354   1.0383   0.9262   0.6614
  0.1694  -0.5359  -1.4380  -2.5920  -4.1293  -6.2707  -9.3684 -13.9806 -20.9921
-31.8066 -36.7749 -36.7749 -36.7749 -36.7749 -36.7749 -36.7749 -36.7749 -36.7749
-36.7749 -36.7749 -36.7749 -36.7749 -36.7749 -36.7749 -36.7749 -36.7749 -36.7749
-36.7749 -36.7749 -36.7749 -36.7749
 22.0000   1.1806   1.1757   1.1682   1.1568   1.1353   1.0384   0.9262   0.6614
  0.1694  -0.5359  -1.4380  -2.5920  -4.1293  -6.2707  -9.3684 -13.9806 -20.9921
-31.8066 -36.7749 -36.7749 -36.7749 -36.7749 -36.7749 -36.7749 -36.7749 -36.7749
-36.7749 -36.7749 -36.7749 -36.7749 -36.7749 -36.7749 -36.7749 -36.7749 -36.7749
-36.7749 -36.7749 -36.7749 -36.7749
 23.0000   1.1804   1.1755   1.1680   1.1567   1.1349   1.0383   0.9260   0.6613
  0.1693  -0.5360  -1.4382  -2.5922  -4.1295  -6.2709  -9.3686 -13.9808 -20.9923
-31.8068 -36.7751 -36.7751 -36.7751 -36.7751 -36.7751 -36.7751 -36.7751 -36.7751
-36.7751 -36.7751 -36.7751 -36.7751 -36.7751 -36.7751 -36.7751 -36.7751 -36.7751
-36.7751 -36.7751 -36.7751 -36.7751
-33.0000   1.1806   1.1756   1.1683   1.1567   1.1355   1.0383   0.9262   0.6614
  0.1694  -0.5359  -1.4380  -2.5920  -4.1293  -6.2707  -9.3684 -13.9806 -20.9921
-31.8066 -36.7749 -36.7749 -36.7749 -36.7749 -36.7749 -36.7749 -36.7749 -36.7749
-36.7749 -36.7749 -36.7749 -36.7749 -36.7749 -36.7749 -36.7749 -36.7749 -36.7749
-36.7749 -36.7749 -36.7749 -36.7749
-32.0000   1.1806   1.1756   1.1683   1.1567   1.1355   1.0383   0.9262   0.6614
  0.1694  -0.5359  -1.4380  -2.5920  -4.1293  -6.2707  -9.3684 -13.9806 -20.9921
-31.8066 -36.7749 -36.7749 -36.7749 -36.7749 -36.7749 -36.7749 -36.7749 -36.7749
-36.7749 -36.7749 -36.7749 -36.7749 -36.7749 -36.7749 -36.7749 -36.7749 -36.7749
-36.7749 -36.7749 -36.7749 -36.7749
-31.0000   1.1806   1.1756   1.1683   1.1567   1.1355   1.0383   0.9262   0.6614
  0.1694  -0.5359  -1.4380  -2.5920  -4.1293  -6.2707  -9.3684 -13.9806 -20.9921
-31.8066 -36.7749 -36.7749 -36.7749 -36.7749 -36.7749 -36.7749 -36.7749 -36.7749
-36.7749 -36.7749 -36.7749 -36.7749 -36.7749 -36.7749 -36.7749 -36.7749 -36.7749
-36.7749 -36.7749 -36.7749 -36.7749
-30.0000   1.1806   1.1756   1.1683   1.1567   1.1355   1.0383   0.9262   0.6614
  0.1694  -0.5359  -1.4380  -2.5920  -4.1293  -6.2707  -9.3684 -13.9806 -20.9921
-31.8066 -36.7749 -36.7749 -36.7749 -36.7749 -36.7749 -36.7749 -36.7749 -36.7749
-36.7749 -36.7749 -36.7749 -36.7749 -36.7749 -36.7749 -36.7749 -36.7749 -36.7749
-36.7749 -36.7749 -36.7749 -36.7749
 31.0000   1.1806   1.1756   1.1683   1.1567   1.1355   1.0383   0.9262   0.6614
  0.1694  -0.5359  -1.4380  -2.5920  -4.1293  -6.2707  -9.3684 -13.9806 -20.9921
-31.8066 -36.7749 -36.7749 -36.7749 -36.7749 -36.7749 -36.7749 -36.7749 -36.7749
-36.7749 -36.7749 -36.7749 -36.7749 -36.7749 -36.7749 -36.7749 -36.7749 -36.7749
-36.7749 -36.7749 -36.7749 -36.7749
 32.0000   1.1806   1.1756   1.1683   1.1567   1.1355   1.0383   0.9262   0.6614
  0.1694  -0.5359  -1.4380  -2.5920  -4.1293  -6.2707  -9.3684 -13.9806 -20.9921
-31.8066 -36.7749 -36.7749 -36.7749 -36.7749 -36.7749 -36.7749 -36.7749 -36.7749
-36.7749 -36.7749 -36.7749 -36.7749 -36.7749 -36.7749 -36.7749 -36.7749 -36.7749
-36.7749 -36.7749 -36.7749 -36.7749
 33.0000   1.1807   1.1757   1.1684   1.1568   1.1355   1.0384   0.9263   0.6615
  0.1695  -0.5358  -1.4379  -2.5919  -4.1292  -6.2706  -9.3683 -13.9805 -20.9920
-31.8065 -36.7748 -36.7748 -36.7748 -36.7748 -36.7748 -36.7748 -36.7748 -36.7748
-36.7748 -36.7748 -36.7748 -36.7748 -36.7748 -36.7748 -36.7748 -36.7748 -36.7748
-36.7748 -36.7748 -36.7748 -36.7748
-43.0000   0.9555   0.9505   0.9432   0.9316   0.9104   0.8132   0.7011   0.4363
 -0.0557  -0.7610  -1.6631  -2.8171  -4.3544  -6.4958  -9.5935 -14.2057 -21.2172
-32.0317 -37.0000 -37.0000 -37.0000 -37.0000 -37.0000 -37.0000 -37.0000 -37.0000
-37.0000 -37.0000 -37.0000 -37.0000 -37.0000 -37.0000 -37.0000 -37.0000 -37.0000
-37.0000 -37.0000 -37.0000 -37.0000
-42.0000   0.9555   0.9505   0.9432   0.9316   0.9104   0.8132   0.7011   0.4363
 -0.0557  -0.7610  -1.6631  -2.8171  -4.3544  -6.4958  -9.5935 -14.2057 -21.2172
-32.0317 -37.0000 -37.0000 -37.0000 -37.0000 -37.0000 -37.0000 -37.0000 -37.0000
-37.0000 -37.0000 -37.0000 -37.0000 -37.0000 -37.0000 -37.0000 -37.0000 -37.0000
-37.0000 -37.0000 -37.0000 -37.0000
-41.0000   0.9555   0.9505   0.9432   0.9316   0.9104   0.8132   0.7011   0.4363
 -0.0557  -0.7610  -1.6631  -2.8171  -4.3544  -6.4958  -9.5935 -14.2057 -21.2172
-32.0317 -37.0000 -37.0000 -37.0000 -37.0000 -37.0000 -37.0000 -37.0000 -37.0000
-37.0000 -37.0000 -37.0000 -37.0000 -37.0000 -37.0000 -37.0000 -37.0000 -37.0000
-37.0000 -37.0000 -37.0000 -37.0000
-40.0000   0.9555   0.9505   0.9432   0.9316   0.9104   0.8132   0.7011   0.4363
 -0.0557  -0.7610  -1.6631  -2.8171  -4.3544  -6.4958  -9.5935 -14.2057 -21.2172
-32.0317 -37.0000 -37.0000 -37.0000 -37.0000 -37.0000 -37.0000 -37.0000 -37.0000
-37.0000 -37.0000 -37.0000 -37.0000 -37.0000 -37.0000 -37.0000 -37.0000 -37.0000
-37.0000 -37.0000 -37.0000 -37.0000
 41.0000   0.9555   0.9505   0.9432   0.9316   0.9104   0.8132   0.7011   0.4363
 -0.0557  -0.7610  -1.6631  -2.8171  -4.3544  -6.4958  -9.5935 -14.2057 -21.2172
-32.0317 -37.0000 -37.0000 -37.0000 -37.0000 -37.0000 -37.0000 -37.0000 -37.0000
-37.0000 -37.0000 -37.0000 -37.0000 -37.0000 -37.0000 -37.0000 -37.0000 -37.0000
-37.0000 -37.0000 -37.0000 -37.0000
 42.0000   0.9555   0.9505   0.9432   0.9316   0.9104   0.8132   0.7011   0.4363
 -0.0557  -0.7610  -1.6631  -2.8171  -4.3544  -6.4958  -9.5935 -14.2057 -21.2172
-32.0317 -37.0000 -37.0000 -37.0000 -37.0000 -37.0000 -37.0000 -37.0000 -37.0000
-37.0000 -37.0000 -37.0000 -37.0000 -37.0000 -37.0000 -37.0000 -37.0000 -37.0000
-37.0000 -37.0000 -37.0000 -37.0000
 43.0000   0.9555   0.9505   0.9432   0.9316   0.9104   0.8132   0.7011   0.4363
 -0.0557  -0.7610  -1.6631  -2.8171  -4.3544  -6.4958  -9.5935 -14.2057 -21.2172
-32.0317 -37.0000 -37.0000 -37.0000 -37.0000 -37.0000 -37.0000 -37.0000 -37.0000
-37.0000 -37.0000 -37.0000 -37.0000 -37.0000 -37.0000 -37.0000 -37.0000 -37.0000
-37.0000 -37.0000 -37.0000 -37.0000
nl= 1 nu=17
  0.0000  -0.7787  -0.7787  -0.7787  -0.7787  -0.7787  -0.7787  -0.7787  -0.7788
 -0.7789  -0.7791  -0.7797  -0.7811  -0.7847  -0.7938  -0.8165  -0.8736  -1.0171
 -1.3770  -2.2766  -4.2696  -5.2292  -5.8965  -6.5449  -7.0727  -7.6046  -8.1524
 -8.7266  -9.3435 -10.0283 -10.8211 -11.7850 -13.0200 -14.6849 -17.0312 -20.4572
-25.5947 -33.4447 -36.9993 -36.9993
  0.0000  -0.9292  -0.9292  -0.9292  -0.9292  -0.9292  -0.9292  -0.9292  -0.9292
 -0.9293  -0.9294  -0.9297  -0.9304  -0.9322  -0.9367  -0.9481  -0.9768  -1.0487
 -1.2293  -1.6827  -2.8155  -5.0427  -5.8630  -6.5323  -7.0690  -7.6029  -8.1519
 -8.7267  -9.3438 -10.0288 -10.8216 -11.7856 -13.0207 -14.6856 -17.0318 -20.4579
-25.5954 -33.4454 -37.0000 -37.0000
  0.0000  -1.0837  -1.0837  -1.0837  -1.0837  -1.0837  -1.0837  -1.0837  -1.0837
 -1.0838  -1.0838  -1.0840  -1.0843  -1.0852  -1.0875  -1.0932  -1.1075  -1.1436
 -1.2341  -1.4613  -2.0317  -3.4557  -5.7700  -6.5099  -7.0650  -7.6031  -8.1542
 -8.7300  -9.3477 -10.0329 -10.8259 -11.7899 -13.0251 -14.6900 -17.0363 -20.4624
-25.5999 -33.4499 -37.0045 -37.0045
  0.0000  -1.2296  -1.2296  -1.2296  -1.2296  -1.2296  -1.2296  -1.2296  -1.2296
 -1.2296  -1.2296  -1.2297  -1.2299  -1.2303  -1.2314  -1.2343  -1.2415  -1.2595
 -1.3048  -1.4185  -1.7042  -2.4214  -4.2088  -6.4432  -7.0442  -7.5905  -8.1458
 -8.7234  -9.3421 -10.0278 -10.8211 -11.7853 -13.0205 -14.6855 -17.0318 -20.4580
-25.5954 -33.4454 -37.0001 -37.0001
  0.0000  -1.3795  -1.3795  -1.3795  -1.3795  -1.3795  -1.3795  -1.3795  -1.3795
 -1.3795  -1.3795  -1.3796  -1.3797  -1.3799  -1.3805  -1.3819  -1.3855  -1.3945
 -1.4171  -1.4741  -1.6170  -1.9760  -2.8774  -5.1143  -7.0091  -7.5750  -8.1380
 -8.7192  -9.3396 -10.0262 -10.8200 -11.7843 -13.0197 -14.6849 -17.0313 -20.4574
-25.5950 -33.4450 -36.9997 -36.9997
  0.0000  -1.5366  -1.5366  -1.5366  -1.5366  -1.5366  -1.5366  -1.5366  -1.5366
 -1.5366  -1.5366  -1.5367  -1.5367  -1.5368  -1.5371  -1.5378  -1.5396  -1.5441
 -1.5555  -1.5839  -1.6554  -1.8350  -2.2861  -3.4187  -6.1796  -7.5521  -8.1312
 -8.7187  -9.3423 -10.0307 -10.8253 -11.7903 -13.0260 -14.6912 -17.0377 -20.4639
-25.6015 -33.4516 -37.0064 -37.0064
  0.0000  -1.6816  -1.6816  -1.6816  -1.6816  -1.6816  -1.6816  -1.6816  -1.6816
 -1.6816  -1.6816  -1.6816  -1.6817  -1.6817  -1.6819  -1.6822  -1.6831  -1.6854
 -1.6910  -1.7052  -1.7410  -1.8308  -2.0564  -2.6230  -4.0458  -7.2466  -8.1003
 -8.7009  -9.3301 -10.0213 -10.8176 -11.7834 -13.0195 -14.6851 -17.0318 -20.4582
-25.5956 -33.4459 -37.0009 -37.0009
  0.0000  -0.4498  -0.4498  -0.4498  -0.4498  -0.4499  -0.4499  -0.4500  -0.4501
 -0.4505  -0.4516  -0.4542  -0.4608  -0.4773  -0.5187  -0.6228  -0.8837  -1.5337
 -3.0312  -4.1863  -4.8149  -5.5309  -6.0642  -6.5924  -7.1343  -7.6984  -8.2990
 -8.9576  -9.7088 -10.6067 -11.7372 -13.2363 -15.3198 -18.3295 -22.8071 -29.6112
-36.9999 -36.9999 -36.9999 -36.9999
  0.0000  -0.5979  -0.5979  -0.5979  -0.5979  -0.5979  -0.5979  -0.5979  -0.5980
 -0.5982  -0.5988  -0.6001  -0.6034  -0.6117  -0.6326  -0.6851  -0.8169  -1.1474
 -1.9712  -3.7766  -4.7746  -5.5083  -6.0582  -6.5890  -7.1325  -7.6972  -8.2981
 -8.9570  -9.7083 -10.6063 -11.7368 -13.2360 -15.3195 -18.3292 -22.8068 -29.6109
-36.9996 -36.9996 -36.9996 -36.9996
  0.0000  -0.7459  -0.7459  -0.7459  -0.7459  -0.7459  -0.7459  -0.7459  -0.7460
 -0.7461  -0.7464  -0.7470  -0.7487  -0.7529  -0.7634  -0.7897  -0.8560  -1.0223
 -1.4396  -2.4796  -4.5475  -5.4616  -6.0465  -6.5822  -7.1286  -7.6947  -8.2964
 -8.9556  -9.7071 -10.6051 -11.7358 -13.2350 -15.3186 -18.3283 -22.8059 -29.6100
-36.9987 -36.9987 -36.9987 -36.9987
  0.0000  -0.9010  -0.9010  -0.9010  -0.9010  -0.9010  -0.9010  -0.9010  -0.9010
 -0.9011  -0.9012  -0.9015  -0.9024  -0.9045  -0.9097  -0.9230  -0.9562  -1.0396
 -1.2492  -1.7749  -3.0849  -5.3290  -6.0302  -6.5768  -7.1287  -7.6973  -8.3001
 -8.9601  -9.7119 -10.6103 -11.7409 -13.2402 -15.3238 -18.3337 -22.8113 -29.6154
-37.0041 -37.0041 -37.0041 -37.0041
  0.0000  -1.0442  -1.0442  -1.0442  -1.0442  -1.0442  -1.0442  -1.0442  -1.0442
 -1.0442  -1.0443  -1.0445  -1.0449  -1.0459  -1.0486  -1.0552  -1.0718  -1.1136
 -1.2186  -1.4823  -2.1439  -3.7913  -5.9667  -6.5496  -7.1123  -7.6854  -8.2906
 -8.9517  -9.7042 -10.6028 -11.7337 -13.2332 -15.3169 -18.3267 -22.8043 -29.6084
-36.9973 -36.9973 -36.9973 -36.9973
  0.0000  -1.1971  -1.1971  -1.1971  -1.1971  -1.1971  -1.1971  -1.1971  -1.1971
 -1.1971  -1.1972  -1.1972  -1.1975  -1.1980  -1.1993  -1.2026  -1.2109  -1.2318
 -1.2844  -1.4164  -1.7479  -2.5800  -4.6437  -6.5120  -7.0974  -7.6792  -8.2882
 -8.9515  -9.7052 -10.6045 -11.7358 -13.2354 -15.3193 -18.3292 -22.8069 -29.6110
-37.0000 -37.0000 -37.0000 -37.0000
  0.0000  -1.3476  -1.3476  -1.3476  -1.3476  -1.3476  -1.3476  -1.3476  -1.3476
 -1.3476  -1.3477  -1.3477  -1.3478  -1.3481  -1.3487  -1.3504  -1.3546  -1.3650
 -1.3913  -1.4573  -1.6232  -2.0398  -3.0857  -5.6372  -7.0639  -7.6633  -8.2800
 -8.9467  -9.7025 -10.6029 -11.7348 -13.2349 -15.3190 -18.3290 -22.8067 -29.6109
-37.0002 -37.0002 -37.0002 -37.0002
  0.0000  -0.1285  -0.1285  -0.1285  -0.1285  -0.1285  -0.1287  -0.1290  -0.1297
 -0.1315  -0.1362  -0.1479  -0.1771  -0.2506  -0.4344  -0.8896  -1.9420  -3.1207
 -3.7525  -4.5126  -5.0544  -5.5804  -6.1176  -6.6732  -7.2597  -7.8961  -8.6117
 -9.4530 -10.4938 -11.8508 -13.7090 -16.3616 -20.2731 -26.1801 -35.2495 -36.9997
-36.9997 -36.9997 -36.9997 -36.9997
  0.0000  -0.2718  -0.2718  -0.2718  -0.2718  -0.2718  -0.2719  -0.2720  -0.2724
 -0.2733  -0.2757  -0.2817  -0.2967  -0.3344  -0.4289  -0.6656  -1.2526  -2.5783
 -3.6997  -4.4781  -5.0470  -5.5759  -6.1153  -6.6719  -7.2590  -7.8955  -8.6113
 -9.4528 -10.4936 -11.8507 -13.7089 -16.3614 -20.2730 -26.1799 -35.2494 -36.9996
-36.9996 -36.9996 -36.9996 -36.9996
  0.0000  -0.4180  -0.4180  -0.4180  -0.4180  -0.4180  -0.4180  -0.4181  -0.4183
 -0.4188  -0.4200  -0.4230  -0.4306  -0.4498  -0.4978  -0.6183  -0.9202  -1.6697
 -3.2915  -4.4068  -5.0329  -5.5680  -6.1115  -6.6698  -7.2578  -7.8949  -8.6108
 -9.4525 -10.4934 -11.8506 -13.7088 -16.3614 -20.2730 -26.1799 -35.2493 -36.9996
-36.9996 -36.9996 -36.9996 -36.9996
  0.0000  -0.5660  -0.5660  -0.5660  -0.5660  -0.5660  -0.5660  -0.5660  -0.5661
 -0.5664  -0.5670  -0.5685  -0.5724  -0.5820  -0.6062  -0.6671  -0.8198  -1.2027
 -2.1539  -4.0927  -5.0021  -5.5538  -6.1046  -6.6662  -7.2558  -7.8938  -8.6103
 -9.4521 -10.4933 -11.8504 -13.7087 -16.3614 -20.2730 -26.1799 -35.2494 -36.9997
-36.9997 -36.9997 -36.9997 -36.9997
  0.0000  -0.7196  -0.7196  -0.7196  -0.7196  -0.7196  -0.7196  -0.7196  -0.7196
 -0.7198  -0.7201  -0.7208  -0.7228  -0.7276  -0.7398  -0.7704  -0.8472  -1.0401
 -1.5239  -2.7272  -4.8649  -5.5309  -6.0967  -6.6641  -7.2567  -7.8963  -8.6137
 -9.4559 -10.4974 -11.8547 -13.7132 -16.3659 -20.2775 -26.1845 -35.2540 -37.0043
-37.0043 -37.0043 -37.0043 -37.0043
  0.0000  -0.8646  -0.8646  -0.8646  -0.8646  -0.8646  -0.8646  -0.8646  -0.8646
 -0.8647  -0.8648  -0.8652  -0.8662  -0.8686  -0.8747  -0.8901  -0.9286  -1.0254
 -1.2685  -1.8785  -3.3950  -5.4636  -6.0688  -6.6478  -7.2458  -7.8880  -8.6068
 -9.4500 -10.4920 -11.8496 -13.7082 -16.3610 -20.2727 -26.1796 -35.2493 -36.9997
-36.9997 -36.9997 -36.9997 -36.9997
  0.0000  -1.0143  -1.0143  -1.0143  -1.0143  -1.0143  -1.0143  -1.0143  -1.0143
 -1.0144  -1.0145  -1.0146  -1.0151  -1.0163  -1.0194  -1.0271  -1.0464  -1.0949
 -1.2167  -1.5226  -2.2905  -4.1910  -6.0235  -6.6268  -7.2347  -7.8816  -8.6029
 -9.4476 -10.4903 -11.8485 -13.7073 -16.3603 -20.2722 -26.1791 -35.2490 -36.9995
-36.9995 -36.9995 -36.9995 -36.9995
  0.0000   0.1709   0.1709   0.1709   0.1708   0.1706   0.1701   0.1689   0.1659
  0.1582   0.1391   0.0911  -0.0285  -0.3224  -0.9979  -2.0176  -2.7122  -3.3857
 -4.0373  -4.5679  -5.1016  -5.6504  -6.2253  -6.8426  -7.5276  -8.3206  -9.2845
-10.5196 -12.1846 -14.5308 -17.9569 -23.0945 -30.9445 -36.9990 -36.9990 -36.9990
-36.9990 -36.9990 -36.9990 -36.9990
  0.0000   0.0405   0.0405   0.0404   0.0404   0.0403   0.0400   0.0394   0.0378
  0.0337   0.0234  -0.0024  -0.0670  -0.2281  -0.6247  -1.5242  -2.6253  -3.3504
 -4.0231  -4.5627  -5.0987  -5.6490  -6.2245  -6.8421  -7.5274  -8.3204  -9.2845
-10.5196 -12.1846 -14.5309 -17.9570 -23.0946 -30.9445 -36.9991 -36.9991 -36.9991
-36.9991 -36.9991 -36.9991 -36.9991
  0.0000  -0.0972  -0.0972  -0.0972  -0.0973  -0.0973  -0.0974  -0.0978  -0.0986
 -0.1008  -0.1061  -0.1196  -0.1534  -0.2381  -0.4499  -0.9719  -2.1323  -3.2721
 -3.9946  -4.5532  -5.0934  -5.6461  -6.2228  -6.8411  -7.5268  -8.3200  -9.2841
-10.5194 -12.1844 -14.5308 -17.9569 -23.0944 -30.9444 -36.9990 -36.9990 -36.9990
-36.9990 -36.9990 -36.9990 -36.9990
  0.0000  -0.2399  -0.2399  -0.2399  -0.2399  -0.2399  -0.2400  -0.2402  -0.2406
 -0.2417  -0.2445  -0.2514  -0.2687  -0.3123  -0.4217  -0.6953  -1.3711  -2.8313
 -3.9331  -4.5352  -5.0842  -5.6411  -6.2201  -6.8395  -7.5258  -8.3194  -9.2838
-10.5191 -12.1842 -14.5306 -17.9568 -23.0943 -30.9444 -36.9990 -36.9990 -36.9990
-36.9990 -36.9990 -36.9990 -36.9990
  0.0000  -0.3857  -0.3857  -0.3857  -0.3857  -0.3857  -0.3857  -0.3858  -0.3861
 -0.3866  -0.3880  -0.3915  -0.4004  -0.4225  -0.4782  -0.6178  -0.9676  -1.8336
 -3.6062  -4.4990  -5.0674  -5.6326  -6.2152  -6.8368  -7.5242  -8.3185  -9.2831
-10.5187 -12.1840 -14.5305 -17.9567 -23.0943 -30.9443 -36.9990 -36.9990 -36.9990
-36.9990 -36.9990 -36.9990 -36.9990
  0.0000  -0.5337  -0.5337  -0.5337  -0.5337  -0.5337  -0.5338  -0.5338  -0.5339
 -0.5342  -0.5349  -0.5367  -0.5411  -0.5523  -0.5804  -0.6510  -0.8282  -1.2723
 -2.3739  -4.3447  -5.0366  -5.6178  -6.2074  -6.8322  -7.5217  -8.3170  -9.2824
-10.5184 -12.1838 -14.5304 -17.9567 -23.0944 -30.9445 -36.9993 -36.9993 -36.9993
-36.9993 -36.9993 -36.9993 -36.9993
  0.0000  -0.6824  -0.6824  -0.6824  -0.6824  -0.6824  -0.6825  -0.6825  -0.6825
 -0.6827  -0.6830  -0.6839  -0.6862  -0.6918  -0.7059  -0.7414  -0.8306  -1.0545
 -1.6159  -3.0079  -4.9639  -5.5909  -6.1933  -6.8243  -7.5167  -8.3140  -9.2804
-10.5170 -12.1829 -14.5297 -17.9561 -23.0938 -30.9440 -36.9991 -36.9991 -36.9991
-36.9991 -36.9991 -36.9991 -36.9991
  0.0000   0.4166   0.4165   0.4164   0.4162   0.4155   0.4139   0.4098   0.3995
  0.3738   0.3099   0.1538  -0.2078  -0.8876  -1.6288  -2.2843  -3.0118  -3.5526
 -4.0849  -4.6292  -5.1946  -5.7960  -6.4551  -7.2066  -8.1047  -9.2353 -10.7345
-12.8181 -15.8278 -20.3054 -27.1094 -36.9982 -36.9982 -36.9982 -36.9982 -36.9982
-36.9982 -36.9982 -36.9982 -36.9982
  0.0000   0.3160   0.3160   0.3160   0.3158   0.3154   0.3144   0.3120   0.3058
  0.2904   0.2518   0.1558  -0.0785  -0.6118  -1.4872  -2.2419  -2.9883  -3.5462
 -4.0811  -4.6271  -5.1935  -5.7952  -6.4547  -7.2063  -8.1045  -9.2352 -10.7344
-12.8180 -15.8277 -20.3053 -27.1094 -36.9982 -36.9982 -36.9982 -36.9982 -36.9982
-36.9982 -36.9982 -36.9982 -36.9982
  0.0000   0.1997   0.1997   0.1997   0.1996   0.1994   0.1988   0.1974   0.1940
  0.1853   0.1634   0.1087  -0.0275  -0.3601  -1.1046  -2.1311  -2.9408  -3.5342
 -4.0745  -4.6235  -5.1915  -5.7942  -6.4541  -7.2060  -8.1043  -9.2351 -10.7344
-12.8181 -15.8278 -20.3054 -27.1095 -36.9983 -36.9983 -36.9983 -36.9983 -36.9983
-36.9983 -36.9983 -36.9983 -36.9983
  0.0000   0.0715   0.0715   0.0714   0.0714   0.0713   0.0710   0.0702   0.0684
  0.0637   0.0518   0.0222  -0.0521  -0.2373  -0.6905  -1.6886  -2.8350  -3.5108
 -4.0622  -4.6173  -5.1878  -5.7920  -6.4528  -7.2052  -8.1039  -9.2348 -10.7342
-12.8179 -15.8276 -20.3054 -27.1093 -36.9983 -36.9983 -36.9983 -36.9983 -36.9983
-36.9983 -36.9983 -36.9983 -36.9983
  0.0000  -0.0653  -0.0653  -0.0653  -0.0653  -0.0654  -0.0656  -0.0659  -0.0669
 -0.0694  -0.0756  -0.0912  -0.1303  -0.2282  -0.4728  -1.0739  -2.3742  -3.4574
 -4.0401  -4.6063  -5.1818  -5.7885  -6.4507  -7.2040  -8.1031  -9.2343 -10.7340
-12.8178 -15.8276 -20.3053 -27.1094 -36.9984 -36.9984 -36.9984 -36.9984 -36.9984
-36.9984 -36.9984 -36.9984 -36.9984
  0.0000  -0.2069  -0.2069  -0.2069  -0.2069  -0.2069  -0.2070  -0.2072  -0.2077
 -0.2090  -0.2122  -0.2202  -0.2403  -0.2909  -0.4177  -0.7348  -1.5172  -3.1231
 -3.9988  -4.5864  -5.1707  -5.7818  -6.4465  -7.2012  -8.1011  -9.2328 -10.7328
-12.8168 -15.8268 -20.3045 -27.1085 -36.9978 -36.9978 -36.9978 -36.9978 -36.9978
-36.9978 -36.9978 -36.9978 -36.9978
  0.0000  -0.3531  -0.3531  -0.3531  -0.3531  -0.3532  -0.3532  -0.3533  -0.3536
 -0.3542  -0.3558  -0.3599  -0.3701  -0.3959  -0.4605  -0.6226  -1.0287  -2.0325
 -3.8357  -4.5529  -5.1537  -5.7726  -6.4412  -7.1980  -8.0995  -9.2320 -10.7324
-12.8168 -15.8269 -20.3048 -27.1088 -36.9983 -36.9984 -36.9984 -36.9984 -36.9984
-36.9984 -36.9984 -36.9984 -36.9984
  0.0000   0.5709   0.5708   0.5706   0.5700   0.5686   0.5649   0.5557   0.5328
  0.4762   0.3401   0.0375  -0.4980  -1.1542  -1.9555  -2.5233  -3.0617  -3.6053
 -4.1646  -4.7532  -5.3907  -6.1069  -6.9487  -7.9897  -9.3469 -11.2052 -13.8578
-17.7694 -23.6764 -32.7458 -36.9960 -36.9960 -36.9960 -36.9960 -36.9960 -36.9960
-36.9960 -36.9960 -36.9960 -36.9960
  0.0000   0.5156   0.5155   0.5153   0.5149   0.5138   0.5111   0.5044   0.4875
  0.4454   0.3424   0.1009  -0.3915  -1.0952  -1.9187  -2.5155  -3.0571  -3.6030
 -4.1632  -4.7525  -5.3902  -6.1066  -6.9485  -7.9896  -9.3468 -11.2051 -13.8578
-17.7694 -23.6764 -32.7458 -36.9960 -36.9960 -36.9960 -36.9960 -36.9960 -36.9960
-36.9960 -36.9960 -36.9960 -36.9960
  0.0000   0.4408   0.4408   0.4406   0.4404   0.4396   0.4378   0.4333   0.4220
  0.3936   0.3231   0.1515  -0.2404  -0.9595  -1.8426  -2.4999  -3.0484  -3.5985
 -4.1605  -4.7509  -5.3894  -6.1061  -6.9482  -7.9894  -9.3468 -11.2052 -13.8578
-17.7695 -23.6765 -32.7459 -36.9961 -36.9961 -36.9961 -36.9961 -36.9961 -36.9961
-36.9961 -36.9961 -36.9961 -36.9961
  0.0000   0.3453   0.3453   0.3452   0.3450   0.3446   0.3435   0.3407   0.3338
  0.3163   0.2726   0.1641  -0.0994  -0.6917  -1.6720  -2.4676  -3.0326  -3.5907
 -4.1562  -4.7483  -5.3879  -6.1053  -6.9477  -7.9893  -9.3467 -11.2051 -13.8578
-17.7696 -23.6765 -32.7461 -36.9963 -36.9963 -36.9963 -36.9963 -36.9963 -36.9963
-36.9963 -36.9963 -36.9963 -36.9963
  0.0000   0.2321   0.2321   0.2320   0.2319   0.2317   0.2311   0.2295   0.2255
  0.2155   0.1904   0.1275  -0.0288  -0.4100  -1.2607  -2.3724  -3.0040  -3.5764
 -4.1483  -4.7436  -5.3850  -6.1036  -6.9466  -7.9886  -9.3462 -11.2049 -13.8577
-17.7694 -23.6765 -32.7460 -36.9963 -36.9963 -36.9963 -36.9963 -36.9963 -36.9963
-36.9963 -36.9963 -36.9963 -36.9963
  0.0000   0.1051   0.1051   0.1051   0.1050   0.1049   0.1046   0.1037   0.1015
  0.0961   0.0824   0.0480  -0.0381  -0.2529  -0.7792  -1.9262  -2.9490  -3.5521
 -4.1350  -4.7361  -5.3804  -6.1007  -6.9450  -7.9875  -9.3456 -11.2045 -13.8574
-17.7693 -23.6764 -32.7460 -36.9964 -36.9964 -36.9964 -36.9964 -36.9964 -36.9964
-36.9964 -36.9964 -36.9964 -36.9964
  0.0000  -0.0316  -0.0316  -0.0316  -0.0317  -0.0317  -0.0319  -0.0324  -0.0335
 -0.0364  -0.0436  -0.0617  -0.1072  -0.2212  -0.5061  -1.2067  -2.6352  -3.5089
 -4.1135  -4.7240  -5.3734  -6.0964  -6.9423  -7.9860  -9.3447 -11.2039 -13.8572
-17.7692 -23.6762 -32.7461 -36.9967 -36.9967 -36.9967 -36.9967 -36.9967 -36.9967
-36.9967 -36.9967 -36.9967 -36.9967
  0.0000   0.6457   0.6456   0.6453   0.6445   0.6424   0.6373   0.6244   0.5923
  0.5133   0.3268  -0.0576  -0.6774  -1.4119  -2.0164  -2.5714  -3.1311  -3.7118
 -4.3325  -5.0194  -5.8134  -6.7779  -8.0134  -9.6786 -12.0250 -15.4512 -20.5887
-28.4387 -36.9934 -36.9934 -36.9934 -36.9934 -36.9934 -36.9934 -36.9934 -36.9934
-36.9934 -36.9934 -36.9934 -36.9934
  0.0000   0.6215   0.6214   0.6211   0.6204   0.6186   0.6141   0.6028   0.5747
  0.5053   0.3397  -0.0186  -0.6379  -1.3943  -2.0117  -2.5695  -3.1302  -3.7113
 -4.3322  -5.0192  -5.8132  -6.7778  -8.0133  -9.6785 -12.0249 -15.4511 -20.5886
-28.4386 -36.9933 -36.9933 -36.9933 -36.9933 -36.9933 -36.9933 -36.9933 -36.9933
-36.9933 -36.9933 -36.9933 -36.9933
  0.0000   0.5912   0.5911   0.5909   0.5903   0.5888   0.5849   0.5753   0.5513
  0.4920   0.3490   0.0273  -0.5767  -1.3602  -2.0006  -2.5639  -3.1271  -3.7094
 -4.3311  -5.0185  -5.8128  -6.7775  -8.0131  -9.6784 -12.0248 -15.4510 -20.5886
-28.4386 -36.9933 -36.9933 -36.9933 -36.9933 -36.9933 -36.9933 -36.9933 -36.9933
-36.9933 -36.9933 -36.9933 -36.9933
  0.0000   0.5443   0.5442   0.5441   0.5436   0.5424   0.5394   0.5320   0.5133
  0.4670   0.3533   0.0861  -0.4704  -1.2923  -1.9802  -2.5536  -3.1213  -3.7062
 -4.3290  -5.0173  -5.8121  -6.7771  -8.0129  -9.6782 -12.0247 -15.4510 -20.5887
-28.4387 -36.9934 -36.9934 -36.9934 -36.9934 -36.9934 -36.9934 -36.9934 -36.9934
-36.9934 -36.9934 -36.9934 -36.9934
  0.0000   0.4750   0.4749   0.4748   0.4745   0.4736   0.4716   0.4664   0.4535
  0.4210   0.3405   0.1442  -0.3075  -1.1401  -1.9405  -2.5359  -3.1114  -3.7002
 -4.3253  -5.0150  -5.8107  -6.7762  -8.0124  -9.6780 -12.0246 -15.4509 -20.5886
-28.4386 -36.9935 -36.9935 -36.9935 -36.9935 -36.9935 -36.9935 -36.9935 -36.9935
-36.9935 -36.9935 -36.9935 -36.9935
  0.0000   0.3819   0.3819   0.3818   0.3816   0.3811   0.3798   0.3766   0.3684
  0.3481   0.2971   0.1705  -0.1380  -0.8323  -1.8376  -2.5056  -3.0952  -3.6908
 -4.3197  -5.0115  -5.8085  -6.7751  -8.0117  -9.6776 -12.0245 -15.4509 -20.5886
-28.4387 -36.9938 -36.9938 -36.9938 -36.9938 -36.9938 -36.9938 -36.9938 -36.9938
-36.9938 -36.9938 -36.9938 -36.9938
  0.0000   0.2686   0.2686   0.2685   0.2684   0.2681   0.2674   0.2655   0.2608
  0.2491   0.2196   0.1458  -0.0380  -0.4864  -1.4589  -2.4458  -3.0689  -3.6757
 -4.3105  -5.0058  -5.8048  -6.7726  -8.0101  -9.6765 -12.0237 -15.4503 -20.5882
-28.4383 -36.9937 -36.9937 -36.9937 -36.9937 -36.9937 -36.9937 -36.9937 -36.9937
-36.9937 -36.9937 -36.9937 -36.9937
  0.0000   0.7202   0.7200   0.7196   0.7184   0.7156   0.7086   0.6912   0.6482
  0.5426   0.2896  -0.2260  -0.8910  -1.5023  -2.0780  -2.6611  -3.2724  -3.9373
 -4.6923  -5.5924  -6.7242  -8.2241 -10.3082 -13.3182 -17.7959 -24.6001 -35.0914
-36.9890 -36.9890 -36.9890 -36.9890 -36.9890 -36.9890 -36.9890 -36.9890 -36.9890
-36.9890 -36.9890 -36.9890 -36.9890
  0.0000   0.6945   0.6944   0.6940   0.6931   0.6908   0.6849   0.6703   0.6339
  0.5429   0.3159  -0.1818  -0.8768  -1.5032  -2.0815  -2.6644  -3.2748  -3.9392
 -4.6935  -5.5933  -6.7248  -8.2246 -10.3085 -13.3184 -17.7961 -24.6002 -35.0915
-36.9891 -36.9891 -36.9891 -36.9891 -36.9891 -36.9891 -36.9891 -36.9891 -36.9891
-36.9891 -36.9891 -36.9891 -36.9891
  0.0000   0.6838   0.6837   0.6833   0.6824   0.6802   0.6746   0.6607   0.6258
  0.5392   0.3247  -0.1547  -0.8590  -1.4974  -2.0790  -2.6633  -3.2743  -3.9389
 -4.6935  -5.5932  -6.7249  -8.2247 -10.3086 -13.3186 -17.7963 -24.6004 -35.0917
-36.9893 -36.9893 -36.9893 -36.9893 -36.9893 -36.9893 -36.9893 -36.9893 -36.9893
-36.9893 -36.9893 -36.9893 -36.9893
  0.0000   0.6718   0.6716   0.6713   0.6705   0.6683   0.6630   0.6497   0.6164
  0.5337   0.3316  -0.1224  -0.8295  -1.4852  -2.0725  -2.6593  -3.2720  -3.9375
 -4.6926  -5.5929  -6.7246  -8.2246 -10.3086 -13.3186 -17.7964 -24.6005 -35.0919
-36.9895 -36.9895 -36.9895 -36.9895 -36.9895 -36.9895 -36.9895 -36.9895 -36.9895
-36.9895 -36.9895 -36.9895 -36.9895
  0.0000   0.6482   0.6481   0.6478   0.6471   0.6452   0.6404   0.6285   0.5987
  0.5246   0.3434  -0.0701  -0.7767  -1.4637  -2.0609  -2.6523  -3.2677  -3.9349
 -4.6911  -5.5919  -6.7242  -8.2245 -10.3086 -13.3187 -17.7965 -24.6007 -35.0922
-36.9898 -36.9898 -36.9898 -36.9898 -36.9898 -36.9898 -36.9898 -36.9898 -36.9898
-36.9898 -36.9898 -36.9898 -36.9898
  0.0000   0.6027   0.6026   0.6024   0.6018   0.6003   0.5965   0.5871   0.5633
  0.5042   0.3583   0.0135  -0.6666  -1.4243  -2.0425  -2.6411  -3.2608  -3.9307
 -4.6884  -5.5904  -6.7234  -8.2241 -10.3086 -13.3188 -17.7968 -24.6009 -35.0925
-36.9903 -36.9903 -36.9903 -36.9903 -36.9903 -36.9903 -36.9903 -36.9903 -36.9903
-36.9903 -36.9903 -36.9903 -36.9903
  0.0000   0.5292   0.5291   0.5290   0.5286   0.5275   0.5249   0.5184   0.5020
  0.4609   0.3588   0.1094  -0.4556  -1.3289  -2.0126  -2.6242  -3.2503  -3.9241
 -4.6844  -5.5878  -6.7219  -8.2233 -10.3082 -13.3187 -17.7969 -24.6011 -35.0929
-36.9908 -36.9908 -36.9908 -36.9908 -36.9908 -36.9908 -36.9908 -36.9908 -36.9908
-36.9908 -36.9908 -36.9908 -36.9908
  0.0000   0.8742   0.8737   0.8726   0.8697   0.8627   0.8462   0.8066   0.7123
  0.4942   0.0690  -0.4720  -1.0261  -1.5919  -2.1880  -2.8343  -3.5596  -4.4092
 -5.4565  -6.8181  -8.6794 -11.3340 -15.2469 -21.1546 -30.2246 -36.9757 -36.9757
-36.9757 -36.9757 -36.9757 -36.9757 -36.9757 -36.9757 -36.9757 -36.9757 -36.9757
-36.9757 -36.9757 -36.9757 -36.9757
  0.0000   0.7677   0.7675   0.7669   0.7655   0.7621   0.7541   0.7350   0.6884
  0.5614   0.2209  -0.3656  -0.9818  -1.5829  -2.1960  -2.8476  -3.5719  -4.4185
 -5.4623  -6.8211  -8.6804 -11.3336 -15.2455 -21.1527 -30.2222 -36.9727 -36.9727
-36.9727 -36.9727 -36.9727 -36.9727 -36.9727 -36.9727 -36.9727 -36.9727 -36.9727
-36.9727 -36.9727 -36.9727 -36.9727
  0.0000   0.7463   0.7461   0.7457   0.7447   0.7421   0.7358   0.7204   0.6819
  0.5705   0.2487  -0.3501  -0.9798  -1.5847  -2.1981  -2.8492  -3.5727  -4.4190
 -5.4624  -6.8211  -8.6801 -11.3332 -15.2451 -21.1522 -30.2218 -36.9722 -36.9722
-36.9722 -36.9722 -36.9722 -36.9722 -36.9722 -36.9722 -36.9722 -36.9722 -36.9722
-36.9722 -36.9722 -36.9722 -36.9722
  0.0000   0.7482   0.7481   0.7476   0.7466   0.7439   0.7372   0.7205   0.6786
  0.5644   0.2520  -0.3393  -0.9743  -1.5816  -2.1962  -2.8480  -3.5721  -4.4186
 -5.4623  -6.8209  -8.6800 -11.3332 -15.2452 -21.1522 -30.2218 -36.9723 -36.9723
-36.9723 -36.9723 -36.9723 -36.9723 -36.9723 -36.9723 -36.9723 -36.9723 -36.9723
-36.9723 -36.9723 -36.9723 -36.9723
  0.0000   0.7564   0.7562   0.7557   0.7545   0.7514   0.7437   0.7243   0.6759
  0.5531   0.2485  -0.3249  -0.9639  -1.5744  -2.1914  -2.8449  -3.5702  -4.4173
 -5.4616  -6.8205  -8.6800 -11.3333 -15.2452 -21.1524 -30.2220 -36.9726 -36.9726
-36.9726 -36.9726 -36.9726 -36.9726 -36.9726 -36.9726 -36.9726 -36.9726 -36.9726
-36.9726 -36.9726 -36.9726 -36.9726
  0.0000   0.7557   0.7555   0.7550   0.7537   0.7504   0.7422   0.7217   0.6707
  0.5454   0.2528  -0.2990  -0.9470  -1.5630  -2.1834  -2.8396  -3.5670  -4.4152
 -5.4604  -6.8200  -8.6798 -11.3333 -15.2454 -21.1527 -30.2224 -36.9731 -36.9731
-36.9731 -36.9731 -36.9731 -36.9731 -36.9731 -36.9731 -36.9731 -36.9731 -36.9731
-36.9731 -36.9731 -36.9731 -36.9731
  0.0000   0.7308   0.7306   0.7301   0.7290   0.7260   0.7188   0.7005   0.6551
  0.5436   0.2823  -0.2403  -0.9160  -1.5464  -2.1723  -2.8322  -3.5622  -4.4125
 -5.4585  -6.8192  -8.6795 -11.3333 -15.2457 -21.1531 -30.2229 -36.9739 -36.9739
-36.9739 -36.9739 -36.9739 -36.9739 -36.9739 -36.9739 -36.9739 -36.9739 -36.9739
-36.9739 -36.9739 -36.9739 -36.9739
 -1.0000   0.8786   0.8780   0.8766   0.8737   0.8680   0.8553   0.8238   0.7328
  0.4930   0.0449  -0.5045  -1.1005  -1.7396  -2.4432  -3.2506  -4.2249  -5.4671
 -7.1366  -9.4858 -12.9138 -18.0525 -25.9032 -36.9589 -36.9589 -36.9589 -36.9589
-36.9589 -36.9589 -36.9589 -36.9589 -36.9589 -36.9589 -36.9589 -36.9589 -36.9589
-36.9589 -36.9589 -36.9589 -36.9589
  0.0000   0.8778   0.8773   0.8761   0.8734   0.8676   0.8550   0.8233   0.7325
  0.4936   0.0460  -0.5039  -1.1002  -1.7395  -2.4432  -3.2505  -4.2249  -5.4671
 -7.1366  -9.4858 -12.9138 -18.0525 -25.9032 -36.9589 -36.9589 -36.9589 -36.9589
-36.9589 -36.9589 -36.9589 -36.9589 -36.9589 -36.9589 -36.9589 -36.9589 -36.9589
-36.9589 -36.9589 -36.9589 -36.9589
  0.0000   0.7517   0.7517   0.7520   0.7527   0.7549   0.7604   0.7672   0.7460
  0.5900   0.1477  -0.4564  -1.0892  -1.7443  -2.4519  -3.2578  -4.2292  -5.4688
 -7.1363  -9.4841 -12.9110 -18.0491 -25.8994 -36.9544 -36.9544 -36.9544 -36.9544
-36.9544 -36.9544 -36.9544 -36.9544 -36.9544 -36.9544 -36.9544 -36.9544 -36.9544
-36.9544 -36.9544 -36.9544 -36.9544
  0.0000   0.7316   0.7318   0.7324   0.7338   0.7372   0.7451   0.7567   0.7456
  0.6034   0.1632  -0.4515  -1.0892  -1.7453  -2.4529  -3.2584  -4.2296  -5.4688
 -7.1361  -9.4837 -12.9106 -18.0487 -25.8989 -36.9539 -36.9539 -36.9539 -36.9539
-36.9539 -36.9539 -36.9539 -36.9539 -36.9539 -36.9539 -36.9539 -36.9539 -36.9539
-36.9539 -36.9539 -36.9539 -36.9539
  0.0000   0.7525   0.7526   0.7530   0.7537   0.7554   0.7589   0.7614   0.7381
  0.5902   0.1614  -0.4487  -1.0862  -1.7431  -2.4515  -3.2577  -4.2291  -5.4688
 -7.1363  -9.4841 -12.9110 -18.0491 -25.8994 -36.9545 -36.9545 -36.9545 -36.9545
-36.9545 -36.9545 -36.9545 -36.9545 -36.9545 -36.9545 -36.9545 -36.9545 -36.9545
-36.9545 -36.9545 -36.9545 -36.9545
  0.0000   0.7876   0.7875   0.7874   0.7869   0.7858   0.7824   0.7707   0.7264
  0.5667   0.1544  -0.4451  -1.0808  -1.7385  -2.4483  -3.2558  -4.2283  -5.4687
 -7.1366  -9.4847 -12.9118 -18.0500 -25.9003 -36.9557 -36.9557 -36.9557 -36.9557
-36.9557 -36.9557 -36.9557 -36.9557 -36.9557 -36.9557 -36.9557 -36.9557 -36.9557
-36.9557 -36.9557 -36.9557 -36.9557
  0.0000   0.8146   0.8144   0.8138   0.8125   0.8090   0.8001   0.7769   0.7144
  0.5454   0.1525  -0.4380  -1.0732  -1.7320  -2.4437  -3.2530  -4.2271  -5.4680
 -7.1369  -9.4854 -12.9128 -18.0512 -25.9015 -36.9572 -36.9573 -36.9573 -36.9573
-36.9573 -36.9573 -36.9573 -36.9573 -36.9573 -36.9573 -36.9573 -36.9573 -36.9573
-36.9573 -36.9573 -36.9573 -36.9573
 -2.0000   0.8458   0.8449   0.8440   0.8438   0.8456   0.8489   0.8414   0.7733
  0.5157   0.0343  -0.5860  -1.2811  -2.0627  -2.9821  -4.1267  -5.6348  -7.7238
-10.7368 -15.2165 -22.0218 -32.5138 -36.9126 -36.9126 -36.9126 -36.9126 -36.9126
-36.9126 -36.9126 -36.9126 -36.9126 -36.9126 -36.9126 -36.9126 -36.9126 -36.9126
-36.9126 -36.9126 -36.9126 -36.9126
 -1.0000   0.8457   0.8450   0.8442   0.8439   0.8456   0.8488   0.8412   0.7731
  0.5159   0.0345  -0.5858  -1.2811  -2.0626  -2.9821  -4.1267  -5.6348  -7.7238
-10.7368 -15.2165 -22.0218 -32.5138 -36.9126 -36.9126 -36.9126 -36.9126 -36.9126
-36.9126 -36.9126 -36.9126 -36.9126 -36.9126 -36.9126 -36.9126 -36.9126 -36.9126
-36.9126 -36.9126 -36.9126 -36.9126
  0.0000   0.8454   0.8450   0.8444   0.8442   0.8457   0.8486   0.8409   0.7728
  0.5162   0.0350  -0.5855  -1.2809  -2.0626  -2.9820  -4.1267  -5.6348  -7.7238
-10.7368 -15.2165 -22.0218 -32.5138 -36.9126 -36.9126 -36.9126 -36.9126 -36.9126
-36.9126 -36.9126 -36.9126 -36.9126 -36.9126 -36.9126 -36.9126 -36.9126 -36.9126
-36.9126 -36.9126 -36.9126 -36.9126
  0.0000   0.7347   0.7351   0.7362   0.7395   0.7489   0.7690   0.7978   0.7946
  0.5994   0.0986  -0.5623  -1.2775  -2.0649  -2.9839  -4.1263  -5.6325  -7.7199
-10.7319 -15.2107 -22.0154 -32.5071 -36.9054 -36.9054 -36.9054 -36.9054 -36.9054
-36.9054 -36.9054 -36.9054 -36.9054 -36.9054 -36.9054 -36.9054 -36.9054 -36.9054
-36.9054 -36.9054 -36.9054 -36.9054
 -2.0000   0.7879   0.7882   0.7888   0.7907   0.7957   0.8060   0.8161   0.7816
  0.5634   0.0770  -0.5673  -1.2768  -2.0634  -2.9834  -4.1270  -5.6338  -7.7220
-10.7343 -15.2135 -22.0184 -32.5102 -36.9087 -36.9087 -36.9087 -36.9087 -36.9087
-36.9087 -36.9087 -36.9087 -36.9087 -36.9087 -36.9087 -36.9087 -36.9087 -36.9087
-36.9087 -36.9087 -36.9087 -36.9087
 -1.0000   0.7895   0.7898   0.7906   0.7924   0.7968   0.8055   0.8137   0.7782
  0.5652   0.0814  -0.5647  -1.2755  -2.0628  -2.9830  -4.1267  -5.6335  -7.7218
-10.7341 -15.2133 -22.0181 -32.5100 -36.9086 -36.9086 -36.9086 -36.9086 -36.9086
-36.9086 -36.9086 -36.9086 -36.9086 -36.9086 -36.9086 -36.9086 -36.9086 -36.9086
-36.9086 -36.9086 -36.9086 -36.9086
  0.0000   0.7924   0.7926   0.7932   0.7947   0.7981   0.8045   0.8090   0.7719
  0.5683   0.0899  -0.5597  -1.2733  -2.0617  -2.9824  -4.1263  -5.6332  -7.7216
-10.7339 -15.2132 -22.0179 -32.5099 -36.9086 -36.9086 -36.9086 -36.9086 -36.9086
-36.9086 -36.9086 -36.9086 -36.9086 -36.9086 -36.9086 -36.9086 -36.9086 -36.9086
-36.9086 -36.9086 -36.9086 -36.9086
-12.0000   0.7874   0.7868   0.7866   0.7882   0.7944   0.8072   0.8184   0.7854
  0.5618   0.0730  -0.5696  -1.2777  -2.0638  -2.9835  -4.1270  -5.6337  -7.7219
-10.7342 -15.2134 -22.0183 -32.5100 -36.9085 -36.9085 -36.9085 -36.9085 -36.9085
-36.9085 -36.9085 -36.9085 -36.9085 -36.9085 -36.9085 -36.9085 -36.9085 -36.9085
-36.9085 -36.9085 -36.9085 -36.9085
-11.0000   0.7874   0.7868   0.7866   0.7883   0.7945   0.8072   0.8184   0.7854
  0.5618   0.0730  -0.5695  -1.2777  -2.0638  -2.9835  -4.1270  -5.6337  -7.7219
-10.7342 -15.2134 -22.0183 -32.5100 -36.9085 -36.9085 -36.9085 -36.9085 -36.9085
-36.9085 -36.9085 -36.9085 -36.9085 -36.9085 -36.9085 -36.9085 -36.9085 -36.9085
-36.9085 -36.9085 -36.9085 -36.9085
-10.0000   0.7875   0.7869   0.7867   0.7884   0.7945   0.8071   0.8183   0.7853
  0.5619   0.0731  -0.5695  -1.2776  -2.0638  -2.9835  -4.1270  -5.6337  -7.7219
-10.7342 -15.2134 -22.0183 -32.5100 -36.9085 -36.9085 -36.9085 -36.9085 -36.9085
-36.9085 -36.9085 -36.9085 -36.9085 -36.9085 -36.9085 -36.9085 -36.9085 -36.9085
-36.9085 -36.9085 -36.9085 -36.9085
-10.0000   0.7875   0.7871   0.7870   0.7885   0.7946   0.8071   0.8182   0.7851
  0.5620   0.0734  -0.5693  -1.2776  -2.0637  -2.9835  -4.1270  -5.6337  -7.7219
-10.7342 -15.2134 -22.0183 -32.5100 -36.9085 -36.9085 -36.9085 -36.9085 -36.9085
-36.9085 -36.9085 -36.9085 -36.9085 -36.9085 -36.9085 -36.9085 -36.9085 -36.9085
-36.9085 -36.9085 -36.9085 -36.9085
-12.0000   0.7875   0.7873   0.7874   0.7889   0.7948   0.8069   0.8180   0.7847
  0.5622   0.0738  -0.5691  -1.2775  -2.0637  -2.9834  -4.1270  -5.6337  -7.7219
-10.7342 -15.2134 -22.0183 -32.5100 -36.9085 -36.9085 -36.9085 -36.9085 -36.9085
-36.9085 -36.9085 -36.9085 -36.9085 -36.9085 -36.9085 -36.9085 -36.9085 -36.9085
-36.9085 -36.9085 -36.9085 -36.9085
-11.0000   0.7874   0.7875   0.7878   0.7895   0.7950   0.8066   0.8175   0.7838
  0.5625   0.0747  -0.5686  -1.2773  -2.0637  -2.9835  -4.1270  -5.6337  -7.7219
-10.7343 -15.2135 -22.0183 -32.5101 -36.9086 -36.9086 -36.9086 -36.9086 -36.9086
-36.9086 -36.9086 -36.9086 -36.9086 -36.9086 -36.9086 -36.9086 -36.9086 -36.9086
-36.9086 -36.9086 -36.9086 -36.9086
-10.0000   0.7878   0.7881   0.7887   0.7905   0.7956   0.8062   0.8165   0.7822
  0.5633   0.0765  -0.5676  -1.2768  -2.0634  -2.9833  -4.1269  -5.6337  -7.7219
-10.7342 -15.2134 -22.0183 -32.5100 -36.9086 -36.9086 -36.9086 -36.9086 -36.9086
-36.9086 -36.9086 -36.9086 -36.9086 -36.9086 -36.9086 -36.9086 -36.9086 -36.9086
-36.9086 -36.9086 -36.9086 -36.9086
-22.0000   0.7874   0.7868   0.7866   0.7883   0.7945   0.8073   0.8185   0.7856
  0.5619   0.0730  -0.5695  -1.2776  -2.0637  -2.9834  -4.1269  -5.6336  -7.7218
-10.7341 -15.2133 -22.0182 -32.5099 -36.9084 -36.9084 -36.9084 -36.9084 -36.9084
-36.9084 -36.9084 -36.9084 -36.9084 -36.9084 -36.9084 -36.9084 -36.9084 -36.9084
-36.9084 -36.9084 -36.9084 -36.9084
-21.0000   0.7874   0.7868   0.7866   0.7883   0.7945   0.8073   0.8185   0.7856
  0.5619   0.0730  -0.5695  -1.2776  -2.0637  -2.9834  -4.1269  -5.6336  -7.7218
-10.7341 -15.2133 -22.0182 -32.5099 -36.9084 -36.9084 -36.9084 -36.9084 -36.9084
-36.9084 -36.9084 -36.9084 -36.9084 -36.9084 -36.9084 -36.9084 -36.9084 -36.9084
-36.9084 -36.9084 -36.9084 -36.9084
-20.0000   0.7875   0.7868   0.7867   0.7883   0.7945   0.8073   0.8185   0.7856
  0.5619   0.0731  -0.5695  -1.2776  -2.0637  -2.9834  -4.1269  -5.6336  -7.7218
-10.7341 -15.2133 -22.0182 -32.5099 -36.9084 -36.9084 -36.9084 -36.9084 -36.9084
-36.9084 -36.9084 -36.9084 -36.9084 -36.9084 -36.9084 -36.9084 -36.9084 -36.9084
-36.9084 -36.9084 -36.9084 -36.9084
-20.0000   0.7875   0.7869   0.7867   0.7884   0.7945   0.8073   0.8185   0.7855
  0.5619   0.0731  -0.5694  -1.2776  -2.0637  -2.9834  -4.1269  -5.6336  -7.7218
-10.7341 -15.2133 -22.0182 -32.5099 -36.9084 -36.9084 -36.9084 -36.9084 -36.9084
-36.9084 -36.9084 -36.9084 -36.9084 -36.9084 -36.9084 -36.9084 -36.9084 -36.9084
-36.9084 -36.9084 -36.9084 -36.9084
-22.0000   0.7875   0.7869   0.7867   0.7883   0.7945   0.8071   0.8183   0.7853
  0.5619   0.0731  -0.5695  -1.2776  -2.0638  -2.9835  -4.1270  -5.6337  -7.7219
-10.7342 -15.2134 -22.0183 -32.5100 -36.9085 -36.9085 -36.9085 -36.9085 -36.9085
-36.9085 -36.9085 -36.9085 -36.9085 -36.9085 -36.9085 -36.9085 -36.9085 -36.9085
-36.9085 -36.9085 -36.9085 -36.9085
-21.0000   0.7875   0.7871   0.7869   0.7885   0.7946   0.8071   0.8182   0.7851
  0.5620   0.0733  -0.5694  -1.2776  -2.0637  -2.9835  -4.1270  -5.6337  -7.7219
-10.7342 -15.2134 -22.0183 -32.5100 -36.9085 -36.9085 -36.9085 -36.9085 -36.9085
-36.9085 -36.9085 -36.9085 -36.9085 -36.9085 -36.9085 -36.9085 -36.9085 -36.9085
-36.9085 -36.9085 -36.9085 -36.9085
-20.0000   0.7874   0.7872   0.7872   0.7887   0.7946   0.8069   0.8180   0.7847
  0.5620   0.0736  -0.5692  -1.2776  -2.0638  -2.9835  -4.1271  -5.6338  -7.7220
-10.7343 -15.2135 -22.0184 -32.5101 -36.9086 -36.9086 -36.9086 -36.9086 -36.9086
-36.9086 -36.9086 -36.9086 -36.9086 -36.9086 -36.9086 -36.9086 -36.9086 -36.9086
-36.9086 -36.9086 -36.9086 -36.9086
-32.0000   0.7874   0.7868   0.7866   0.7883   0.7945   0.8073   0.8185   0.7856
  0.5619   0.0730  -0.5695  -1.2776  -2.0637  -2.9834  -4.1269  -5.6336  -7.7218
-10.7341 -15.2133 -22.0182 -32.5099 -36.9084 -36.9084 -36.9084 -36.9084 -36.9084
-36.9084 -36.9084 -36.9084 -36.9084 -36.9084 -36.9084 -36.9084 -36.9084 -36.9084
-36.9084 -36.9084 -36.9084 -36.9084
-31.0000   0.7874   0.7868   0.7866   0.7883   0.7945   0.8073   0.8185   0.7856
  0.5619   0.0730  -0.5695  -1.2776  -2.0637  -2.9834  -4.1269  -5.6336  -7.7218
-10.7341 -15.2133 -22.0182 -32.5099 -36.9084 -36.9084 -36.9084 -36.9084 -36.9084
-36.9084 -36.9084 -36.9084 -36.9084 -36.9084 -36.9084 -36.9084 -36.9084 -36.9084
-36.9084 -36.9084 -36.9084 -36.9084
-30.0000   0.7874   0.7868   0.7866   0.7883   0.7945   0.8073   0.8185   0.7856
  0.5619   0.0730  -0.5695  -1.2776  -2.0637  -2.9834  -4.1269  -5.6336  -7.7218
-10.7341 -15.2133 -22.0182 -32.5099 -36.9084 -36.9084 -36.9084 -36.9084 -36.9084
-36.9084 -36.9084 -36.9084 -36.9084 -36.9084 -36.9084 -36.9084 -36.9084 -36.9084
-36.9084 -36.9084 -36.9084 -36.9084
-30.0000   0.7874   0.7868   0.7866   0.7883   0.7945   0.8073   0.8185   0.7856
  0.5619   0.0730  -0.5695  -1.2776  -2.0637  -2.9834  -4.1269  -5.6336  -7.7218
-10.7341 -15.2133 -22.0182 -32.5099 -36.9084 -36.9084 -36.9084 -36.9084 -36.9084
-36.9084 -36.9084 -36.9084 -36.9084 -36.9084 -36.9084 -36.9084 -36.9084 -36.9084
-36.9084 -36.9084 -36.9084 -36.9084
-32.0000   0.7875   0.7868   0.7866   0.7883   0.7945   0.8073   0.8185   0.7856
  0.5619   0.0730  -0.5695  -1.2776  -2.0637  -2.9834  -4.1269  -5.6336  -7.7218
-10.7341 -15.2133 -22.0182 -32.5099 -36.9084 -36.9084 -36.9084 -36.9084 -36.9084
-36.9084 -36.9084 -36.9084 -36.9084 -36.9084 -36.9084 -36.9084 -36.9084 -36.9084
-36.9084 -36.9084 -36.9084 -36.9084
-31.0000   0.7873   0.7867   0.7865   0.7882   0.7943   0.8071   0.8183   0.7853
  0.5617   0.0729  -0.5696  -1.2778  -2.0639  -2.9836  -4.1271  -5.6338  -7.7220
-10.7343 -15.2135 -22.0184 -32.5101 -36.9086 -36.9086 -36.9086 -36.9086 -36.9086
-36.9086 -36.9086 -36.9086 -36.9086 -36.9086 -36.9086 -36.9086 -36.9086 -36.9086
-36.9086 -36.9086 -36.9086 -36.9086
-30.0000   0.7876   0.7870   0.7868   0.7884   0.7946   0.8072   0.8184   0.7854
  0.5620   0.0732  -0.5694  -1.2776  -2.0637  -2.9834  -4.1269  -5.6336  -7.7218
-10.7341 -15.2133 -22.0182 -32.5099 -36.9084 -36.9084 -36.9084 -36.9084 -36.9084
-36.9084 -36.9084 -36.9084 -36.9084 -36.9084 -36.9084 -36.9084 -36.9084 -36.9084
-36.9084 -36.9084 -36.9084 -36.9084
-42.0000   0.7880   0.7874   0.7872   0.7889   0.7951   0.8079   0.8191   0.7862
  0.5625   0.0736  -0.5689  -1.2770  -2.0631  -2.9828  -4.1263  -5.6330  -7.7212
-10.7335 -15.2127 -22.0176 -32.5093 -36.9078 -36.9078 -36.9078 -36.9078 -36.9078
-36.9078 -36.9078 -36.9078 -36.9078 -36.9078 -36.9078 -36.9078 -36.9078 -36.9078
-36.9078 -36.9078 -36.9078 -36.9078
-41.0000   0.7880   0.7874   0.7872   0.7889   0.7951   0.8079   0.8191   0.7862
  0.5625   0.0736  -0.5689  -1.2770  -2.0631  -2.9828  -4.1263  -5.6330  -7.7212
-10.7335 -15.2127 -22.0176 -32.5093 -36.9078 -36.9078 -36.9078 -36.9078 -36.9078
-36.9078 -36.9078 -36.9078 -36.9078 -36.9078 -36.9078 -36.9078 -36.9078 -36.9078
-36.9078 -36.9078 -36.9078 -36.9078
-40.0000   0.7880   0.7874   0.7872   0.7889   0.7951   0.8079   0.8191   0.7862
  0.5625   0.0736  -0.5689  -1.2770  -2.0631  -2.9828  -4.1263  -5.6330  -7.7212
-10.7335 -15.2127 -22.0176 -32.5093 -36.9078 -36.9078 -36.9078 -36.9078 -36.9078
-36.9078 -36.9078 -36.9078 -36.9078 -36.9078 -36.9078 -36.9078 -36.9078 -36.9078
-36.9078 -36.9078 -36.9078 -36.9078
-40.0000   0.7880   0.7874   0.7872   0.7889   0.7951   0.8079   0.8191   0.7862
  0.5625   0.0736  -0.5689  -1.2770  -2.0631  -2.9828  -4.1263  -5.6330  -7.7212
-10.7335 -15.2127 -22.0176 -32.5093 -36.9078 -36.9078 -36.9078 -36.9078 -36.9078
-36.9078 -36.9078 -36.9078 -36.9078 -36.9078 -36.9078 -36.9078 -36.9078 -36.9078
-36.9078 -36.9078 -36.9078 -36.9078
-42.0000   0.7880   0.7874   0.7872   0.7889   0.7951   0.8079   0.8191   0.7862
  0.5625   0.0736  -0.5689  -1.2770  -2.0631  -2.9828  -4.1263  -5.6330  -7.7212
-10.7335 -15.2127 -22.0176 -32.5093 -36.9078 -36.9078 -36.9078 -36.9078 -36.9078
-36.9078 -36.9078 -36.9078 -36.9078 -36.9078 -36.9078 -36.9078 -36.9078 -36.9078
-36.9078 -36.9078 -36.9078 -36.9078
-41.0000   0.7880   0.7874   0.7872   0.7889   0.7951   0.8079   0.8191   0.7862
  0.5625   0.0736  -0.5689  -1.2770  -2.0631  -2.9828  -4.1263  -5.6330  -7.7212
-10.7335 -15.2127 -22.0176 -32.5093 -36.9078 -36.9078 -36.9078 -36.9078 -36.9078
-36.9078 -36.9078 -36.9078 -36.9078 -36.9078 -36.9078 -36.9078 -36.9078 -36.9078
-36.9078 -36.9078 -36.9078 -36.9078
-40.0000   0.7871   0.7865   0.7863   0.7880   0.7942   0.8070   0.8182   0.7853
  0.5616   0.0727  -0.5698  -1.2779  -2.0640  -2.9837  -4.1272  -5.6339  -7.7221
-10.7344 -15.2136 -22.0185 -32.5102 -36.9087 -36.9087 -36.9087 -36.9087 -36.9087
-36.9087 -36.9087 -36.9087 -36.9087 -36.9087 -36.9087 -36.9087 -36.9087 -36.9087
-36.9087 -36.9087 -36.9087 -36.9087
-52.0000   0.7880   0.7874   0.7872   0.7889   0.7951   0.8079   0.8191   0.7862
  0.5625   0.0736  -0.5689  -1.2770  -2.0631  -2.9828  -4.1263  -5.6330  -7.7212
-10.7335 -15.2127 -22.0176 -32.5093 -36.9078 -36.9078 -36.9078 -36.9078 -36.9078
-36.9078 -36.9078 -36.9078 -36.9078 -36.9078 -36.9078 -36.9078 -36.9078 -36.9078
-36.9078 -36.9078 -36.9078 -36.9078
-51.0000   0.7880   0.7874   0.7872   0.7889   0.7951   0.8079   0.8191   0.7862
  0.5625   0.0736  -0.5689  -1.2770  -2.0631  -2.9828  -4.1263  -5.6330  -7.7212
-10.7335 -15.2127 -22.0176 -32.5093 -36.9078 -36.9078 -36.9078 -36.9078 -36.9078
-36.9078 -36.9078 -36.9078 -36.9078 -36.9078 -36.9078 -36.9078 -36.9078 -36.9078
-36.9078 -36.9078 -36.9078 -36.9078
-50.0000   0.7880   0.7874   0.7872   0.7889   0.7951   0.8079   0.8191   0.7862
  0.5625   0.0736  -0.5689  -1.2770  -2.0631  -2.9828  -4.1263  -5.6330  -7.7212
-10.7335 -15.2127 -22.0176 -32.5093 -36.9078 -36.9078 -36.9078 -36.9078 -36.9078
-36.9078 -36.9078 -36.9078 -36.9078 -36.9078 -36.9078 -36.9078 -36.9078 -36.9078
-36.9078 -36.9078 -36.9078 -36.9078
-50.0000   0.7880   0.7874   0.7872   0.7889   0.7951   0.8079   0.8191   0.7862
  0.5625   0.0736  -0.5689  -1.2770  -2.0631  -2.9828  -4.1263  -5.6330  -7.7212
-10.7335 -15.2127 -22.0176 -32.5093 -36.9078 -36.9078 -36.9078 -36.9078 -36.9078
-36.9078 -36.9078 -36.9078 -36.9078 -36.9078 -36.9078 -36.9078 -36.9078 -36.9078
-36.9078 -36.9078 -36.9078 -36.9078
-52.0000   0.7880   0.7874   0.7872   0.7889   0.7951   0.8079   0.8191   0.7862
  0.5625   0.0736  -0.5689  -1.2770  -2.0631  -2.9828  -4.1263  -5.6330  -7.7212
-10.7335 -15.2127 -22.0176 -32.5093 -36.9078 -36.9078 -36.9078 -36.9078 -36.9078
-36.9078 -36.9078 -36.9078 -36.9078 -36.9078 -36.9078 -36.9078 -36.9078 -36.9078
-36.9078 -36.9078 -36.9078 -36.9078
-51.0000   0.7880   0.7874   0.7872   0.7889   0.7951   0.8079   0.8191   0.7862
  0.5625   0.0736  -0.5689  -1.2770  -2.0631  -2.9828  -4.1263  -5.6330  -7.7212
-10.7335 -15.2127 -22.0176 -32.5093 -36.9078 -36.9078 -36.9078 -36.9078 -36.9078
-36.9078 -36.9078 -36.9078 -36.9078 -36.9078 -36.9078 -36.9078 -36.9078 -36.9078
-36.9078 -36.9078 -36.9078 -36.9078
-50.0000   0.7872   0.7866   0.7864   0.7881   0.7943   0.8071   0.8183   0.7854
  0.5617   0.0728  -0.5697  -1.2778  -2.0639  -2.9836  -4.1271  -5.6338  -7.7220
-10.7343 -15.2135 -22.0184 -32.5101 -36.9086 -36.9086 -36.9086 -36.9086 -36.9086
-36.9086 -36.9086 -36.9086 -36.9086 -36.9086 -36.9086 -36.9086 -36.9086 -36.9086
-36.9086 -36.9086 -36.9086 -36.9086
-62.0000   0.6958   0.6952   0.6950   0.6967   0.7029   0.7157   0.7269   0.6940
  0.4703  -0.0186  -0.6611  -1.3692  -2.1553  -3.0750  -4.2185  -5.7252  -7.8134
-10.8257 -15.3049 -22.1098 -32.6015 -37.0000 -37.0000 -37.0000 -37.0000 -37.0000
-37.0000 -37.0000 -37.0000 -37.0000 -37.0000 -37.0000 -37.0000 -37.0000 -37.0000
-37.0000 -37.0000 -37.0000 -37.0000
-61.0000   0.6958   0.6952   0.6950   0.6967   0.7029   0.7157   0.7269   0.6940
  0.4703  -0.0186  -0.6611  -1.3692  -2.1553  -3.0750  -4.2185  -5.7252  -7.8134
-10.8257 -15.3049 -22.1098 -32.6015 -37.0000 -37.0000 -37.0000 -37.0000 -37.0000
-37.0000 -37.0000 -37.0000 -37.0000 -37.0000 -37.0000 -37.0000 -37.0000 -37.0000
-37.0000 -37.0000 -37.0000 -37.0000
-60.0000   0.6958   0.6952   0.6950   0.6967   0.7029   0.7157   0.7269   0.6940
  0.4703  -0.0186  -0.6611  -1.3692  -2.1553  -3.0750  -4.2185  -5.7252  -7.8134
-10.8257 -15.3049 -22.1098 -32.6015 -37.0000 -37.0000 -37.0000 -37.0000 -37.0000
-37.0000 -37.0000 -37.0000 -37.0000 -37.0000 -37.0000 -37.0000 -37.0000 -37.0000
-37.0000 -37.0000 -37.0000 -37.0000
-60.0000   0.6958   0.6952   0.6950   0.6967   0.7029   0.7157   0.7269   0.6940
  0.4703  -0.0186  -0.6611  -1.3692  -2.1553  -3.0750  -4.2185  -5.7252  -7.8134
-10.8257 -15.3049 -22.1098 -32.6015 -37.0000 -37.0000 -37.0000 -37.0000 -37.0000
-37.0000 -37.0000 -37.0000 -37.0000 -37.0000 -37.0000 -37.0000 -37.0000 -37.0000
-37.0000 -37.0000 -37.0000 -37.0000
-62.0000   0.6958   0.6952   0.6950   0.6967   0.7029   0.7157   0.7269   0.6940
  0.4703  -0.0186  -0.6611  -1.3692  -2.1553  -3.0750  -4.2185  -5.7252  -7.8134
-10.8257 -15.3049 -22.1098 -32.6015 -37.0000 -37.0000 -37.0000 -37.0000 -37.0000
-37.0000 -37.0000 -37.0000 -37.0000 -37.0000 -37.0000 -37.0000 -37.0000 -37.0000
-37.0000 -37.0000 -37.0000 -37.0000
-61.0000   0.6958   0.6952   0.6950   0.6967   0.7029   0.7157   0.7269   0.6940
  0.4703  -0.0186  -0.6611  -1.3692  -2.1553  -3.0750  -4.2185  -5.7252  -7.8134
-10.8257 -15.3049 -22.1098 -32.6015 -37.0000 -37.0000 -37.0000 -37.0000 -37.0000
-37.0000 -37.0000 -37.0000 -37.0000 -37.0000 -37.0000 -37.0000 -37.0000 -37.0000
-37.0000 -37.0000 -37.0000 -37.0000
-60.0000   0.6958   0.6952   0.6950   0.6967   0.7029   0.7157   0.7269   0.6940
  0.4703  -0.0186  -0.6611  -1.3692  -2.1553  -3.0750  -4.2185  -5.7252  -7.8134
-10.8257 -15.3049 -22.1098 -32.6015 -37.0000 -37.0000 -37.0000 -37.0000 -37.0000
-37.0000 -37.0000 -37.0000 -37.0000 -37.0000 -37.0000 -37.0000 -37.0000 -37.0000
-37.0000 -37.0000 -37.0000 -37.0000
nl= 1 nu=18
  0.0000  -0.7795  -0.7795  -0.7795  -0.7795  -0.7795  -0.7795  -0.7795  -0.7796
 -0.7799  -0.7804  -0.7819  -0.7854  -0.7945  -0.8172  -0.8741  -1.0172  -1.3761
 -2.2723  -4.2298  -5.1710  -5.9258  -6.4704  -6.9898  -7.5170  -8.0567  -8.6182
 -9.2149  -9.8678 -10.6099 -11.4935 -12.6013 -14.0646 -16.0914 -19.0111 -23.3460
-29.9240 -36.9994 -36.9994
  0.0000  -0.9281  -0.9281  -0.9281  -0.9281  -0.9281  -0.9281  -0.9281  -0.9282
 -0.9283  -0.9286  -0.9293  -0.9311  -0.9356  -0.9470  -0.9756  -1.0473  -1.2276
 -1.6799  -2.8090  -4.9921  -5.8800  -6.4608  -6.9841  -7.5138  -8.0545  -8.6166
 -9.2135  -9.8666 -10.6088 -11.4924 -12.6003 -14.0636 -16.0904 -19.0101 -23.3450
-29.9230 -36.9984 -36.9984
  0.0000  -1.0793  -1.0793  -1.0793  -1.0793  -1.0793  -1.0794  -1.0794  -1.0794
 -1.0794  -1.0796  -1.0799  -1.0808  -1.0831  -1.0888  -1.1031  -1.1391  -1.2294
 -1.4562  -2.0255  -3.4453  -5.7621  -6.4443  -6.9765  -7.5111  -8.0538  -8.6167
 -9.2142  -9.8675 -10.6098 -11.4935 -12.6015 -14.0649 -16.0916 -19.0114 -23.3463
-29.9243 -36.9997 -36.9997
  0.0000  -1.2279  -1.2279  -1.2279  -1.2279  -1.2279  -1.2279  -1.2279  -1.2279
 -1.2280  -1.2280  -1.2282  -1.2287  -1.2298  -1.2326  -1.2398  -1.2578  -1.3030
 -1.4166  -1.7018  -2.4177  -4.2011  -6.3960  -6.9577  -7.5019  -8.0484  -8.6132
 -9.2115  -9.8652 -10.6078 -11.4917 -12.5997 -14.0632 -16.0900 -19.0097 -23.3447
-29.9227 -36.9981 -36.9981
  0.0000  -1.3818  -1.3818  -1.3818  -1.3818  -1.3818  -1.3818  -1.3818  -1.3818
 -1.3818  -1.3818  -1.3819  -1.3822  -1.3827  -1.3841  -1.3877  -1.3967  -1.4193
 -1.4762  -1.6189  -1.9773  -2.8773  -5.1086  -6.9268  -7.4909  -8.0448  -8.6131
 -9.2131  -9.8677 -10.6107 -11.4948 -12.6030 -14.0665 -16.0933 -19.0131 -23.3481
-29.9261 -37.0016 -37.0016
  0.0000  -1.5305  -1.5305  -1.5305  -1.5305  -1.5305  -1.5305  -1.5305  -1.5305
 -1.5305  -1.5305  -1.5306  -1.5307  -1.5310  -1.5317  -1.5335  -1.5380  -1.5493
 -1.5777  -1.6491  -1.8284  -2.2788  -3.4096  -6.1532  -7.4608  -8.0301  -8.6046
 -9.2078  -9.8639 -10.6078 -11.4924 -12.6008 -14.0645 -16.0914 -19.0113 -23.3463
-29.9244 -36.9999 -36.9999
  0.0000  -1.6806  -1.6806  -1.6806  -1.6806  -1.6806  -1.6806  -1.6807  -1.6807
 -1.6807  -1.6807  -1.6807  -1.6807  -1.6809  -1.6812  -1.6821  -1.6844  -1.6900
 -1.7042  -1.7399  -1.8296  -2.0549  -2.6207  -4.0412  -7.1984  -8.0053  -8.5927
 -9.2011  -9.8601 -10.6054 -11.4908 -12.5997 -14.0636 -16.0908 -19.0107 -23.3457
-29.9238 -36.9996 -36.9996
  0.0000  -0.4512  -0.4512  -0.4512  -0.4512  -0.4512  -0.4513  -0.4514  -0.4519
 -0.4529  -0.4555  -0.4620  -0.4785  -0.5197  -0.6232  -0.8827  -1.5281  -2.9996
 -4.1317  -4.8107  -5.4568  -5.9824  -6.5067  -7.0415  -7.5947  -8.1779  -8.8091
 -9.5169 -10.3459 -11.3673 -12.6936 -14.5031 -17.0785 -20.8677 -26.5808 -35.3430
-36.9998 -36.9998 -36.9998
  0.0000  -0.5981  -0.5981  -0.5981  -0.5981  -0.5981  -0.5981  -0.5982  -0.5984
 -0.5990  -0.6003  -0.6036  -0.6119  -0.6327  -0.6850  -0.8163  -1.1454  -1.9648
 -3.7403  -4.7624  -5.4385  -5.9758  -6.5029  -7.0393  -7.5931  -8.1767  -8.8081
 -9.5159 -10.3451 -11.3665 -12.6927 -14.5023 -17.0776 -20.8669 -26.5800 -35.3422
-36.9990 -36.9990 -36.9990
  0.0000  -0.7478  -0.7478  -0.7478  -0.7478  -0.7478  -0.7478  -0.7479  -0.7480
 -0.7482  -0.7489  -0.7506  -0.7547  -0.7652  -0.7915  -0.8576  -1.0234  -1.4394
 -2.4753  -4.5258  -5.4026  -5.9656  -6.4982  -7.0374  -7.5926  -8.1767  -8.8085
 -9.5166 -10.3457 -11.3673 -12.6936 -14.5031 -17.0785 -20.8678 -26.5809 -35.3431
-36.9999 -36.9999 -36.9999
  0.0000  -0.8968  -0.8968  -0.8968  -0.8968  -0.8969  -0.8969  -0.8969  -0.8969
 -0.8971  -0.8974  -0.8982  -0.9003  -0.9056  -0.9188  -0.9519  -1.0352  -1.2442
 -1.7688  -3.0748  -5.2796  -5.9431  -6.4874  -7.0318  -7.5894  -8.1747  -8.8071
 -9.5156 -10.3450 -11.3665 -12.6929 -14.5026 -17.0780 -20.8673 -26.5803 -35.3426
-36.9994 -36.9994 -36.9994
  0.0000  -1.0476  -1.0476  -1.0476  -1.0476  -1.0476  -1.0476  -1.0476  -1.0476
 -1.0477  -1.0478  -1.0482  -1.0493  -1.0519  -1.0585  -1.0751  -1.1169  -1.2216
 -1.4848  -2.1452  -3.7879  -5.8900  -6.4685  -7.0234  -7.5854  -8.1730  -8.8065
 -9.5154 -10.3452 -11.3670 -12.6935 -14.5032 -17.0786 -20.8679 -26.5811 -35.3434
-37.0002 -37.0002 -37.0002
  0.0000  -1.1965  -1.1965  -1.1965  -1.1965  -1.1965  -1.1965  -1.1965  -1.1966
 -1.1966  -1.1967  -1.1969  -1.1974  -1.1987  -1.2020  -1.2103  -1.2312  -1.2837
 -1.4154  -1.7464  -2.5770  -4.6329  -6.4280  -7.0051  -7.5756  -8.1671  -8.8026
 -9.5128 -10.3431 -11.3652 -12.6920 -14.5017 -17.0773 -20.8667 -26.5797 -35.3421
-36.9990 -36.9990 -36.9990
  0.0000  -1.3463  -1.3463  -1.3462  -1.3463  -1.3463  -1.3463  -1.3463  -1.3463
 -1.3463  -1.3463  -1.3464  -1.3467  -1.3473  -1.3490  -1.3532  -1.3636  -1.3898
 -1.4558  -1.6214  -2.0373  -3.0815  -5.6158  -6.9718  -7.5597  -8.1586  -8.7976
 -9.5095 -10.3409 -11.3636 -12.6907 -14.5007 -17.0763 -20.8658 -26.5788 -35.3414
-36.9984 -36.9984 -36.9984
  0.0000  -0.1318  -0.1318  -0.1318  -0.1318  -0.1320  -0.1323  -0.1330  -0.1348
 -0.1394  -0.1509  -0.1798  -0.2524  -0.4337  -0.8818  -1.9086  -3.0593  -3.7257
 -4.4389  -4.9736  -5.4961  -6.0273  -6.5735  -7.1452  -7.7580  -8.4363  -9.2186
-10.1658 -11.3745 -12.9977 -15.2778 -18.5989 -23.5702 -31.1566 -36.9994 -36.9994
-36.9994 -36.9994 -36.9994
  0.0000  -0.2740  -0.2740  -0.2740  -0.2740  -0.2741  -0.2743  -0.2746  -0.2756
 -0.2779  -0.2839  -0.2987  -0.3361  -0.4298  -0.6644  -1.2450  -2.5441  -3.6662
 -4.4095  -4.9663  -5.4921  -6.0253  -6.5725  -7.1447  -7.7578  -8.4362  -9.2186
-10.1659 -11.3746 -12.9978 -15.2778 -18.5990 -23.5703 -31.1567 -36.9995 -36.9995
-36.9995 -36.9995 -36.9995
  0.0000  -0.4182  -0.4182  -0.4182  -0.4182  -0.4183  -0.4183  -0.4185  -0.4190
 -0.4202  -0.4232  -0.4308  -0.4498  -0.4976  -0.6174  -0.9175  -1.6613  -3.2595
 -4.3456  -4.9508  -5.4833  -6.0205  -6.5694  -7.1423  -7.7559  -8.4346  -9.2171
-10.1645 -11.3733 -12.9965 -15.2766 -18.5978 -23.5690 -31.1555 -36.9983 -36.9983
-36.9983 -36.9983 -36.9983
  0.0000  -0.5669  -0.5669  -0.5669  -0.5669  -0.5669  -0.5669  -0.5670  -0.5673
 -0.5679  -0.5694  -0.5732  -0.5828  -0.6070  -0.6676  -0.8197  -1.2010  -2.1472
 -4.0521  -4.9214  -5.4707  -6.0149  -6.5671  -7.1417  -7.7560  -8.4351  -9.2179
-10.1654 -11.3743 -12.9976 -15.2778 -18.5990 -23.5702 -31.1567 -36.9995 -36.9995
-36.9995 -36.9995 -36.9995
  0.0000  -0.7152  -0.7152  -0.7152  -0.7152  -0.7152  -0.7153  -0.7153  -0.7154
 -0.7157  -0.7165  -0.7184  -0.7233  -0.7354  -0.7659  -0.8425  -1.0349  -1.5172
 -2.7156  -4.7909  -5.4437  -6.0026  -6.5604  -7.1380  -7.7538  -8.4337  -9.2169
-10.1647 -11.3738 -12.9971 -15.2773 -18.5985 -23.5698 -31.1563 -36.9992 -36.9992
-36.9992 -36.9992 -36.9992
  0.0000  -0.8685  -0.8685  -0.8685  -0.8685  -0.8685  -0.8685  -0.8685  -0.8686
 -0.8687  -0.8691  -0.8701  -0.8725  -0.8786  -0.8939  -0.9324  -1.0290  -1.2715
 -1.8800  -3.3906  -5.3865  -5.9838  -6.5531  -7.1357  -7.7541  -8.4355  -9.2195
-10.1677 -11.3771 -13.0006 -15.2809 -18.6022 -23.5735 -31.1600 -37.0030 -37.0030
-37.0030 -37.0030 -37.0030
  0.0000  -1.0130  -1.0130  -1.0130  -1.0130  -1.0130  -1.0130  -1.0130  -1.0130
 -1.0131  -1.0133  -1.0138  -1.0150  -1.0181  -1.0257  -1.0450  -1.0934  -1.2150
 -1.5204  -2.2866  -4.1783  -5.9341  -6.5277  -7.1202  -7.7430  -8.4268  -9.2121
-10.1611 -11.3708 -12.9946 -15.2751 -18.5965 -23.5678 -31.1544 -36.9976 -36.9976
-36.9976 -36.9976 -36.9976
  0.0000   0.1618   0.1617   0.1617   0.1615   0.1610   0.1598   0.1569   0.1495
  0.1310   0.0846  -0.0309  -0.3139  -0.9607  -1.9434  -2.6517  -3.4130  -3.9627
 -4.4851  -5.0141  -5.5548  -6.1170  -6.7141  -7.3672  -8.1095  -8.9931 -10.1010
-11.5644 -13.5912 -16.5109 -20.8459 -27.4239 -36.9992 -36.9992 -36.9992 -36.9992
-36.9992 -36.9992 -36.9992
  0.0000   0.0347   0.0347   0.0347   0.0346   0.0343   0.0337   0.0321   0.0281
  0.0180  -0.0072  -0.0703  -0.2279  -0.6145  -1.4842  -2.5625  -3.3668  -3.9531
 -4.4796  -5.0113  -5.5534  -6.1162  -6.7136  -7.3669  -8.1093  -8.9930 -10.1010
-11.5644 -13.5911 -16.5109 -20.8459 -27.4239 -36.9992 -36.9992 -36.9992 -36.9992
-36.9992 -36.9992 -36.9992
  0.0000  -0.1009  -0.1009  -0.1010  -0.1010  -0.1011  -0.1015  -0.1023  -0.1044
 -0.1097  -0.1230  -0.1563  -0.2399  -0.4485  -0.9616  -2.0931  -3.2670  -3.9339
 -4.4698  -5.0065  -5.5509  -6.1147  -6.7128  -7.3665  -8.1090  -8.9929 -10.1010
-11.5644 -13.5912 -16.5109 -20.8460 -27.4240 -36.9993 -36.9993 -36.9993 -36.9993
-36.9993 -36.9993 -36.9993
  0.0000  -0.2420  -0.2420  -0.2420  -0.2420  -0.2421  -0.2423  -0.2427  -0.2438
 -0.2465  -0.2534  -0.2706  -0.3138  -0.4222  -0.6932  -1.3614  -2.8049  -3.8870
 -4.4508  -4.9977  -5.5459  -6.1120  -6.7111  -7.3654  -8.1083  -8.9924 -10.1005
-11.5641 -13.5909 -16.5107 -20.8457 -27.4238 -36.9991 -36.9991 -36.9991 -36.9991
-36.9991 -36.9991 -36.9991
  0.0000  -0.3871  -0.3871  -0.3872  -0.3872  -0.3872  -0.3873  -0.3875  -0.3881
 -0.3895  -0.3929  -0.4017  -0.4238  -0.4791  -0.6180  -0.9656  -1.8257  -3.5763
 -4.4149  -4.9819  -5.5380  -6.1076  -6.7088  -7.3641  -8.1076  -8.9920 -10.1004
-11.5640 -13.5909 -16.5107 -20.8458 -27.4238 -36.9993 -36.9993 -36.9993 -36.9993
-36.9993 -36.9993 -36.9993
  0.0000  -0.5346  -0.5346  -0.5346  -0.5346  -0.5346  -0.5347  -0.5348  -0.5351
 -0.5358  -0.5375  -0.5420  -0.5531  -0.5811  -0.6515  -0.8280  -1.2704  -2.3666
 -4.2770  -4.9520  -5.5237  -6.1002  -6.7045  -7.3617  -8.1063  -8.9913 -10.0999
-11.5638 -13.5908 -16.5108 -20.8459 -27.4239 -36.9995 -36.9995 -36.9995 -36.9995
-36.9995 -36.9995 -36.9995
  0.0000  -0.6829  -0.6829  -0.6829  -0.6829  -0.6829  -0.6829  -0.6829  -0.6831
 -0.6834  -0.6843  -0.6866  -0.6922  -0.7063  -0.7417  -0.8306  -1.0539  -1.6138
 -2.9992  -4.8813  -5.4973  -6.0866  -6.6969  -7.3570  -8.1033  -8.9892 -10.0986
-11.5627 -13.5900 -16.5100 -20.8453 -27.4232 -36.9990 -36.9991 -36.9991 -36.9991
-36.9991 -36.9991 -36.9991
  0.0000   0.3954   0.3953   0.3950   0.3944   0.3929   0.3892   0.3798   0.3562
  0.2975   0.1541  -0.1781  -0.8134  -1.5511  -2.2742  -2.9370  -3.4705  -3.9992
 -4.5366  -5.0912  -5.6753  -6.3069  -7.0150  -7.8442  -8.8657 -10.1921 -12.0016
-14.5770 -18.3662 -24.0793 -32.8415 -36.9984 -36.9984 -36.9984 -36.9984 -36.9984
-36.9984 -36.9984 -36.9984
  0.0000   0.3015   0.3014   0.3013   0.3009   0.3000   0.2976   0.2918   0.2773
  0.2408   0.1502  -0.0705  -0.5716  -1.4118  -2.2206  -2.9184  -3.4639  -3.9957
 -4.5348  -5.0901  -5.6747  -6.3066  -7.0147  -7.8441  -8.8656 -10.1920 -12.0016
-14.5770 -18.3662 -24.0793 -32.8415 -36.9984 -36.9984 -36.9984 -36.9984 -36.9984
-36.9984 -36.9984 -36.9984
  0.0000   0.1904   0.1904   0.1903   0.1901   0.1895   0.1882   0.1849   0.1765
  0.1554   0.1027  -0.0284  -0.3478  -1.0605  -2.0899  -2.8799  -3.4516  -3.9893
 -4.5312  -5.0882  -5.6735  -6.3060  -7.0144  -7.8438  -8.8655 -10.1919 -12.0015
-14.5769 -18.3662 -24.0793 -32.8415 -36.9984 -36.9984 -36.9984 -36.9984 -36.9984
-36.9984 -36.9984 -36.9984
  0.0000   0.0658   0.0658   0.0657   0.0656   0.0653   0.0646   0.0628   0.0582
  0.0466   0.0176  -0.0550  -0.2357  -0.6774  -1.6504  -2.7845  -3.4276  -3.9776
 -4.5253  -5.0847  -5.6715  -6.3047  -7.0137  -7.8434  -8.8652 -10.1917 -12.0014
-14.5769 -18.3662 -24.0793 -32.8415 -36.9984 -36.9984 -36.9984 -36.9984 -36.9984
-36.9984 -36.9984 -36.9984
  0.0000  -0.0685  -0.0685  -0.0685  -0.0686  -0.0687  -0.0691  -0.0701  -0.0725
 -0.0786  -0.0940  -0.1325  -0.2292  -0.4703  -1.0621  -2.3371  -3.3759  -3.9561
 -4.5145  -5.0788  -5.6680  -6.3027  -7.0123  -7.8425  -8.8646 -10.1913 -12.0010
-14.5766 -18.3659 -24.0790 -32.8413 -36.9983 -36.9983 -36.9983 -36.9983 -36.9983
-36.9983 -36.9983 -36.9983
  0.0000  -0.2093  -0.2093  -0.2093  -0.2093  -0.2094  -0.2096  -0.2101  -0.2114
 -0.2145  -0.2225  -0.2425  -0.2926  -0.4184  -0.7328  -1.5074  -3.0703  -3.9159
 -4.4957  -5.0689  -5.6624  -6.2992  -7.0103  -7.8413  -8.8638 -10.1908 -12.0007
-14.5764 -18.3658 -24.0789 -32.8412 -36.9983 -36.9983 -36.9983 -36.9983 -36.9983
-36.9983 -36.9983 -36.9983
  0.0000  -0.3543  -0.3543  -0.3543  -0.3543  -0.3543  -0.3544  -0.3547  -0.3553
 -0.3570  -0.3610  -0.3712  -0.3968  -0.4611  -0.6224  -1.0263  -2.0224  -3.7630
 -4.4623  -5.0521  -5.6532  -6.2939  -7.0070  -7.8394  -8.8627 -10.1901 -12.0003
-14.5761 -18.3656 -24.0788 -32.8412 -36.9984 -36.9984 -36.9984 -36.9984 -36.9984
-36.9984 -36.9984 -36.9984
  0.0000   0.5351   0.5349   0.5344   0.5332   0.5301   0.5224   0.5030   0.4551
  0.3390   0.0748  -0.4220  -1.0932  -1.8748  -2.4409  -2.9772  -3.5154  -4.0656
 -4.6395  -5.2535  -5.9326  -6.7153  -7.6627  -8.8716 -10.4949 -12.7750 -16.0962
-21.0675 -28.6539 -36.9967 -36.9967 -36.9967 -36.9967 -36.9967 -36.9967 -36.9967
-36.9967 -36.9967 -36.9967
  0.0000   0.4868   0.4866   0.4863   0.4853   0.4830   0.4770   0.4622   0.4252
  0.3345   0.1201  -0.3298  -1.0287  -1.8406  -2.4331  -2.9729  -3.5134  -4.0644
 -4.6389  -5.2532  -5.9323  -6.7151  -7.6627  -8.8716 -10.4948 -12.7750 -16.0962
-21.0675 -28.6539 -36.9967 -36.9967 -36.9967 -36.9967 -36.9967 -36.9967 -36.9967
-36.9967 -36.9967 -36.9967
  0.0000   0.4199   0.4198   0.4195   0.4189   0.4172   0.4131   0.4027   0.3768
  0.3124   0.1555  -0.2054  -0.8929  -1.7686  -2.4174  -2.9645  -3.5091  -4.0619
 -4.6373  -5.2523  -5.9318  -6.7147  -7.6625  -8.8714 -10.4948 -12.7749 -16.0962
-21.0675 -28.6539 -36.9967 -36.9967 -36.9967 -36.9967 -36.9967 -36.9967 -36.9967
-36.9967 -36.9967 -36.9967
  0.0000   0.3314   0.3313   0.3312   0.3307   0.3297   0.3271   0.3205   0.3040
  0.2628   0.1605  -0.0880  -0.6495  -1.6020  -2.3847  -2.9490  -3.5014  -4.0576
 -4.6349  -5.2508  -5.9309  -6.7142  -7.6622  -8.8712 -10.4947 -12.7749 -16.0962
-21.0675 -28.6540 -36.9968 -36.9968 -36.9968 -36.9968 -36.9968 -36.9968 -36.9968
-36.9968 -36.9968 -36.9968
  0.0000   0.2234   0.2234   0.2233   0.2231   0.2224   0.2209   0.2171   0.2074
  0.1831   0.1225  -0.0284  -0.3958  -1.2150  -2.2914  -2.9208  -3.4876  -4.0501
 -4.6305  -5.2481  -5.9293  -6.7133  -7.6615  -8.8709 -10.4944 -12.7747 -16.0960
-21.0674 -28.6539 -36.9968 -36.9968 -36.9968 -36.9968 -36.9968 -36.9968 -36.9968
-36.9968 -36.9968 -36.9968
  0.0000   0.0997   0.0997   0.0997   0.0995   0.0992   0.0984   0.0962   0.0909
  0.0775   0.0438  -0.0406  -0.2508  -0.7649  -1.8747  -2.8659  -3.4639  -4.0376
 -4.6236  -5.2441  -5.9269  -6.7120  -7.6608  -8.8705 -10.4943 -12.7748 -16.0962
-21.0676 -28.6541 -36.9971 -36.9971 -36.9971 -36.9971 -36.9971 -36.9971 -36.9971
-36.9971 -36.9971 -36.9971
  0.0000  -0.0345  -0.0345  -0.0346  -0.0346  -0.0348  -0.0353  -0.0364  -0.0392
 -0.0463  -0.0642  -0.1092  -0.2218  -0.5030  -1.1925  -2.5728  -3.4205  -4.0164
 -4.6118  -5.2372  -5.9226  -6.7092  -7.6591  -8.8693 -10.4934 -12.7741 -16.0957
-21.0671 -28.6537 -36.9970 -36.9970 -36.9970 -36.9970 -36.9970 -36.9970 -36.9970
-36.9970 -36.9970 -36.9970
  0.0000   0.6081   0.6079   0.6072   0.6056   0.6015   0.5912   0.5653   0.5007
  0.3437  -0.0050  -0.6264  -1.3343  -1.9303  -2.4823  -3.0351  -3.6035  -4.2043
 -4.8595  -5.6029  -6.4872  -7.5955  -9.0591 -11.0860 -14.0058 -18.3408 -24.9189
-35.0519 -36.9943 -36.9943 -36.9943 -36.9943 -36.9943 -36.9943 -36.9943 -36.9943
-36.9943 -36.9943 -36.9943
  0.0000   0.5863   0.5860   0.5855   0.5840   0.5803   0.5711   0.5481   0.4907
  0.3505   0.0285  -0.5838  -1.3182  -1.9263  -2.4811  -3.0347  -3.6035  -4.2043
 -4.8595  -5.6029  -6.4872  -7.5955  -9.0591 -11.0860 -14.0058 -18.3408 -24.9189
-35.0519 -36.9943 -36.9943 -36.9943 -36.9943 -36.9943 -36.9943 -36.9943 -36.9943
-36.9943 -36.9943 -36.9943
  0.0000   0.5612   0.5610   0.5605   0.5592   0.5560   0.5478   0.5274   0.4767
  0.3528   0.0632  -0.5225  -1.2866  -1.9155  -2.4757  -3.0317  -3.6016  -4.2032
 -4.8587  -5.6024  -6.4868  -7.5953  -9.0589 -11.0859 -14.0057 -18.3407 -24.9188
-35.0518 -36.9942 -36.9942 -36.9942 -36.9942 -36.9942 -36.9942 -36.9942 -36.9942
-36.9942 -36.9942 -36.9942
  0.0000   0.5212   0.5211   0.5206   0.5196   0.5169   0.5103   0.4937   0.4524
  0.3504   0.1065  -0.4227  -1.2237  -1.8952  -2.4659  -3.0263  -3.5985  -4.2013
 -4.8576  -5.6017  -6.4865  -7.5950  -9.0589 -11.0859 -14.0057 -18.3408 -24.9188
-35.0518 -36.9943 -36.9943 -36.9943 -36.9943 -36.9943 -36.9943 -36.9943 -36.9943
-36.9943 -36.9943 -36.9943
  0.0000   0.4590   0.4588   0.4585   0.4578   0.4559   0.4511   0.4390   0.4089
  0.3339   0.1501  -0.2777  -1.0802  -1.8555  -2.4486  -3.0167  -3.5931  -4.1978
 -4.8556  -5.6005  -6.4858  -7.5947  -9.0586 -11.0857 -14.0056 -18.3407 -24.9188
-35.0519 -36.9944 -36.9944 -36.9944 -36.9944 -36.9944 -36.9944 -36.9944 -36.9944
-36.9944 -36.9944 -36.9944
  0.0000   0.3719   0.3718   0.3716   0.3711   0.3699   0.3668   0.3590   0.3395
  0.2906   0.1690  -0.1278  -0.7962  -1.7575  -2.4182  -3.0007  -3.5838  -4.1923
 -4.8519  -5.5982  -6.4843  -7.5936  -9.0579 -11.0852 -14.0053 -18.3405 -24.9185
-35.0518 -36.9943 -36.9943 -36.9943 -36.9943 -36.9943 -36.9943 -36.9943 -36.9943
-36.9943 -36.9943 -36.9943
  0.0000   0.2623   0.2622   0.2621   0.2618   0.2611   0.2593   0.2547   0.2432
  0.2144   0.1422  -0.0373  -0.4747  -1.4124  -2.3587  -2.9750  -3.5695  -4.1839
 -4.8469  -5.5950  -6.4823  -7.5925  -9.0572 -11.0848 -14.0050 -18.3404 -24.9184
-35.0518 -36.9945 -36.9945 -36.9945 -36.9945 -36.9945 -36.9945 -36.9945 -36.9945
-36.9945 -36.9945 -36.9945
  0.0000   0.6934   0.6930   0.6920   0.6895   0.6833   0.6680   0.6300   0.5362
  0.3069  -0.1804  -0.8133  -1.4096  -1.9793  -2.5527  -3.1478  -3.7860  -4.4980
 -5.3296  -6.3525  -7.6796  -9.4897 -12.0654 -15.8549 -21.5681 -30.3304 -36.9873
-36.9873 -36.9873 -36.9873 -36.9873 -36.9873 -36.9873 -36.9873 -36.9873 -36.9873
-36.9873 -36.9873 -36.9873
  0.0000   0.6624   0.6621   0.6613   0.6593   0.6544   0.6421   0.6113   0.5344
  0.3362  -0.1307  -0.7980  -1.4112  -1.9843  -2.5574  -3.1512  -3.7885  -4.4996
 -5.3306  -6.3531  -7.6800  -9.4899 -12.0655 -15.8549 -21.5681 -30.3303 -36.9872
-36.9872 -36.9872 -36.9872 -36.9872 -36.9872 -36.9872 -36.9872 -36.9872 -36.9872
-36.9872 -36.9872 -36.9872
  0.0000   0.6532   0.6529   0.6522   0.6503   0.6455   0.6336   0.6039   0.5298
  0.3412  -0.1059  -0.7819  -1.4060  -1.9821  -2.5563  -3.1506  -3.7881  -4.4993
 -5.3302  -6.3528  -7.6798  -9.4897 -12.0653 -15.8547 -21.5679 -30.3301 -36.9870
-36.9870 -36.9870 -36.9870 -36.9870 -36.9870 -36.9870 -36.9870 -36.9870 -36.9870
-36.9870 -36.9870 -36.9870
  0.0000   0.6452   0.6449   0.6441   0.6423   0.6376   0.6259   0.5965   0.5234
  0.3417  -0.0798  -0.7551  -1.3947  -1.9760  -2.5528  -3.1485  -3.7867  -4.4985
 -5.3299  -6.3525  -7.6796  -9.4896 -12.0653 -15.8547 -21.5679 -30.3302 -36.9871
-36.9871 -36.9871 -36.9871 -36.9871 -36.9871 -36.9871 -36.9871 -36.9871 -36.9871
-36.9871 -36.9871 -36.9871
  0.0000   0.6272   0.6269   0.6263   0.6245   0.6202   0.6092   0.5819   0.5137
  0.3464  -0.0388  -0.7067  -1.3738  -1.9647  -2.5460  -3.1443  -3.7841  -4.4968
 -5.3288  -6.3519  -7.6793  -9.4894 -12.0651 -15.8546 -21.5679 -30.3303 -36.9872
-36.9872 -36.9872 -36.9872 -36.9872 -36.9872 -36.9872 -36.9872 -36.9872 -36.9872
-36.9872 -36.9872 -36.9872
  0.0000   0.5875   0.5872   0.5867   0.5852   0.5817   0.5727   0.5501   0.4939
  0.3556   0.0295  -0.6097  -1.3357  -1.9465  -2.5351  -3.1377  -3.7800  -4.4942
 -5.3273  -6.3511  -7.6788  -9.4892 -12.0652 -15.8548 -21.5680 -30.3304 -36.9875
-36.9875 -36.9875 -36.9875 -36.9875 -36.9875 -36.9875 -36.9875 -36.9875 -36.9875
-36.9875 -36.9875 -36.9875
  0.0000   0.5186   0.5184   0.5180   0.5170   0.5145   0.5081   0.4922   0.4525
  0.3536   0.1132  -0.4251  -1.2469  -1.9165  -2.5186  -3.1276  -3.7739  -4.4905
 -5.3249  -6.3498  -7.6781  -9.4889 -12.0650 -15.8547 -21.5681 -30.3306 -36.9879
-36.9879 -36.9879 -36.9879 -36.9879 -36.9879 -36.9879 -36.9879 -36.9879 -36.9879
-36.9879 -36.9879 -36.9879
 -1.0000   0.7195   0.7191   0.7183   0.7164   0.7123   0.7022   0.6718   0.5683
  0.2579  -0.2918  -0.8944  -1.4857  -2.0850  -2.7142  -3.4021  -4.1901  -5.1408
 -6.3514  -7.9758 -10.2565 -13.5781 -18.5496 -26.1362 -36.9793 -36.9793 -36.9793
-36.9793 -36.9793 -36.9793 -36.9793 -36.9793 -36.9793 -36.9793 -36.9793 -36.9793
-36.9793 -36.9793 -36.9793
  0.0000   0.7186   0.7183   0.7176   0.7158   0.7117   0.7012   0.6706   0.5674
  0.2603  -0.2890  -0.8933  -1.4853  -2.0849  -2.7141  -3.4020  -4.1901  -5.1408
 -6.3514  -7.9758 -10.2565 -13.5781 -18.5496 -26.1362 -36.9793 -36.9793 -36.9793
-36.9793 -36.9793 -36.9793 -36.9793 -36.9793 -36.9793 -36.9793 -36.9793 -36.9793
-36.9793 -36.9793 -36.9793
  0.0000   0.6849   0.6849   0.6847   0.6842   0.6830   0.6788   0.6612   0.5801
  0.2947  -0.2699  -0.8915  -1.4883  -2.0884  -2.7169  -3.4039  -4.1913  -5.1415
 -6.3518  -7.9759 -10.2565 -13.5780 -18.5494 -26.1360 -36.9790 -36.9790 -36.9790
-36.9790 -36.9790 -36.9790 -36.9790 -36.9790 -36.9790 -36.9790 -36.9790 -36.9790
-36.9790 -36.9790 -36.9790
  0.0000   0.6892   0.6891   0.6887   0.6879   0.6856   0.6790   0.6568   0.5731
  0.2980  -0.2595  -0.8865  -1.4859  -2.0871  -2.7162  -3.4034  -4.1911  -5.1413
 -6.3517  -7.9759 -10.2566 -13.5781 -18.5495 -26.1361 -36.9791 -36.9791 -36.9791
-36.9791 -36.9791 -36.9791 -36.9791 -36.9791 -36.9791 -36.9791 -36.9791 -36.9791
-36.9791 -36.9791 -36.9791
  0.0000   0.7062   0.7059   0.7052   0.7033   0.6986   0.6864   0.6533   0.5577
  0.2907  -0.2471  -0.8768  -1.4795  -2.0828  -2.7135  -3.4019  -4.1902  -5.1408
 -6.3516  -7.9759 -10.2567 -13.5783 -18.5497 -26.1363 -36.9795 -36.9795 -36.9795
-36.9795 -36.9795 -36.9795 -36.9795 -36.9795 -36.9795 -36.9795 -36.9795 -36.9795
-36.9795 -36.9795 -36.9795
  0.0000   0.7167   0.7163   0.7152   0.7127   0.7061   0.6898   0.6483   0.5433
  0.2861  -0.2255  -0.8601  -1.4686  -2.0753  -2.7086  -3.3989  -4.1882  -5.1398
 -6.3511  -7.9758 -10.2568 -13.5785 -18.5501 -26.1366 -36.9800 -36.9800 -36.9800
-36.9800 -36.9800 -36.9800 -36.9800 -36.9800 -36.9800 -36.9800 -36.9800 -36.9800
-36.9800 -36.9800 -36.9800
  0.0000   0.7021   0.7017   0.7007   0.6981   0.6916   0.6754   0.6349   0.5354
  0.3005  -0.1781  -0.8292  -1.4522  -2.0646  -2.7016  -3.3945  -4.1857  -5.1382
 -6.3503  -7.9755 -10.2568 -13.5787 -18.5505 -26.1370 -36.9806 -36.9807 -36.9807
-36.9807 -36.9807 -36.9807 -36.9807 -36.9807 -36.9807 -36.9807 -36.9807 -36.9807
-36.9807 -36.9807 -36.9807
 -1.0000   0.8577   0.8566   0.8544   0.8497   0.8392   0.8102   0.7218   0.4931
  0.0745  -0.4432  -1.0101  -1.6182  -2.2837  -3.0380  -3.9321  -5.0483  -6.5177
 -8.5486 -11.4710 -15.8077 -22.3868 -32.5206 -36.9640 -36.9640 -36.9640 -36.9640
-36.9640 -36.9640 -36.9640 -36.9640 -36.9640 -36.9640 -36.9640 -36.9640 -36.9640
-36.9640 -36.9640 -36.9640
  0.0000   0.8572   0.8562   0.8541   0.8494   0.8388   0.8096   0.7215   0.4937
  0.0754  -0.4427  -1.0099  -1.6181  -2.2836  -3.0380  -3.9321  -5.0483  -6.5177
 -8.5486 -11.4710 -15.8077 -22.3868 -32.5206 -36.9640 -36.9640 -36.9640 -36.9640
-36.9640 -36.9640 -36.9640 -36.9640 -36.9640 -36.9640 -36.9640 -36.9640 -36.9640
-36.9640 -36.9640 -36.9640
  0.0000   0.6811   0.6818   0.6835   0.6881   0.6989   0.7170   0.7196   0.6100
  0.2247  -0.3542  -0.9751  -1.6132  -2.2912  -3.0480  -3.9400  -5.0530  -6.5192
 -8.5476 -11.4682 -15.8038 -22.3822 -32.5154 -36.9580 -36.9580 -36.9580 -36.9580
-36.9580 -36.9580 -36.9580 -36.9580 -36.9580 -36.9580 -36.9580 -36.9580 -36.9580
-36.9580 -36.9580 -36.9580
  0.0000   0.6492   0.6503   0.6529   0.6592   0.6735   0.6990   0.7166   0.6273
  0.2468  -0.3467  -0.9751  -1.6148  -2.2927  -3.0489  -3.9405  -5.0528  -6.5188
 -8.5470 -11.4676 -15.8030 -22.3814 -32.5146 -36.9571 -36.9571 -36.9571 -36.9571
-36.9571 -36.9571 -36.9571 -36.9571 -36.9571 -36.9571 -36.9571 -36.9571 -36.9571
-36.9571 -36.9571 -36.9571
  0.0000   0.6694   0.6702   0.6722   0.6768   0.6871   0.7046   0.7112   0.6154
  0.2447  -0.3440  -0.9726  -1.6131  -2.2917  -3.0484  -3.9403  -5.0530  -6.5190
 -8.5473 -11.4680 -15.8035 -22.3818 -32.5151 -36.9577 -36.9577 -36.9577 -36.9577
-36.9577 -36.9577 -36.9577 -36.9577 -36.9577 -36.9577 -36.9577 -36.9577 -36.9577
-36.9577 -36.9577 -36.9577
  0.0000   0.7102   0.7105   0.7112   0.7127   0.7157   0.7184   0.7028   0.5916
  0.2351  -0.3409  -0.9675  -1.6087  -2.2887  -3.0466  -3.9393  -5.0526  -6.5191
 -8.5476 -11.4685 -15.8041 -22.3824 -32.5158 -36.9585 -36.9585 -36.9585 -36.9585
-36.9585 -36.9585 -36.9585 -36.9585 -36.9585 -36.9585 -36.9585 -36.9585 -36.9585
-36.9585 -36.9585 -36.9585
  0.0000   0.7470   0.7468   0.7463   0.7449   0.7411   0.7296   0.6919   0.5662
  0.2275  -0.3348  -0.9602  -1.6026  -2.2844  -3.0441  -3.9381  -5.0522  -6.5194
 -8.5484 -11.4694 -15.8052 -22.3835 -32.5172 -36.9600 -36.9600 -36.9600 -36.9600
-36.9600 -36.9600 -36.9600 -36.9600 -36.9600 -36.9600 -36.9600 -36.9600 -36.9600
-36.9600 -36.9600 -36.9600
 -2.0000   0.7876   0.7871   0.7873   0.7897   0.7932   0.7885   0.7572   0.5524
  0.1219  -0.4593  -1.1184  -1.8541  -2.7049  -3.7418  -5.0785  -6.8947  -9.4743
-13.2662 -18.9810 -27.7442 -36.9027 -36.9027 -36.9027 -36.9027 -36.9027 -36.9027
-36.9027 -36.9027 -36.9027 -36.9027 -36.9027 -36.9027 -36.9027 -36.9027 -36.9027
-36.9027 -36.9027 -36.9027
 -1.0000   0.7877   0.7872   0.7874   0.7897   0.7930   0.7885   0.7569   0.5525
  0.1221  -0.4591  -1.1184  -1.8540  -2.7049  -3.7418  -5.0785  -6.8947  -9.4743
-13.2662 -18.9810 -27.7442 -36.9027 -36.9027 -36.9027 -36.9027 -36.9027 -36.9027
-36.9027 -36.9027 -36.9027 -36.9027 -36.9027 -36.9027 -36.9027 -36.9027 -36.9027
-36.9027 -36.9027 -36.9027
  0.0000   0.7878   0.7874   0.7876   0.7898   0.7928   0.7885   0.7564   0.5527
  0.1225  -0.4589  -1.1182  -1.8540  -2.7048  -3.7418  -5.0785  -6.8947  -9.4743
-13.2662 -18.9810 -27.7442 -36.9027 -36.9027 -36.9027 -36.9027 -36.9027 -36.9027
-36.9027 -36.9027 -36.9027 -36.9027 -36.9027 -36.9027 -36.9027 -36.9027 -36.9027
-36.9027 -36.9027 -36.9027
  1.0000   0.7877   0.7876   0.7879   0.7898   0.7922   0.7884   0.7554   0.5530
  0.1233  -0.4585  -1.1181  -1.8540  -2.7049  -3.7418  -5.0785  -6.8948  -9.4744
-13.2663 -18.9811 -27.7443 -36.9028 -36.9028 -36.9028 -36.9028 -36.9028 -36.9028
-36.9028 -36.9028 -36.9028 -36.9028 -36.9028 -36.9028 -36.9028 -36.9028 -36.9028
-36.9028 -36.9028 -36.9028
  2.0000   0.7878   0.7880   0.7884   0.7898   0.7915   0.7882   0.7536   0.5538
  0.1249  -0.4574  -1.1176  -1.8537  -2.7047  -3.7417  -5.0785  -6.8947  -9.4743
-13.2662 -18.9810 -27.7442 -36.9028 -36.9028 -36.9028 -36.9028 -36.9028 -36.9028
-36.9028 -36.9028 -36.9028 -36.9028 -36.9028 -36.9028 -36.9028 -36.9028 -36.9028
-36.9028 -36.9028 -36.9028
  3.0000   0.7882   0.7884   0.7888   0.7898   0.7906   0.7872   0.7503   0.5553
  0.1283  -0.4553  -1.1166  -1.8532  -2.7045  -3.7416  -5.0784  -6.8946  -9.4743
-13.2662 -18.9810 -27.7442 -36.9028 -36.9028 -36.9028 -36.9028 -36.9028 -36.9028
-36.9028 -36.9028 -36.9028 -36.9028 -36.9028 -36.9028 -36.9028 -36.9028 -36.9028
-36.9028 -36.9028 -36.9028
  4.0000   0.7888   0.7889   0.7891   0.7895   0.7894   0.7844   0.7446   0.5578
  0.1349  -0.4511  -1.1146  -1.8522  -2.7039  -3.7413  -5.0782  -6.8945  -9.4741
-13.2660 -18.9808 -27.7440 -36.9028 -36.9028 -36.9028 -36.9028 -36.9028 -36.9028
-36.9028 -36.9028 -36.9028 -36.9028 -36.9028 -36.9028 -36.9028 -36.9028 -36.9028
-36.9028 -36.9028 -36.9028
-12.0000   0.7874   0.7869   0.7872   0.7896   0.7934   0.7884   0.7573   0.5523
  0.1217  -0.4594  -1.1185  -1.8541  -2.7049  -3.7418  -5.0785  -6.8947  -9.4743
-13.2662 -18.9810 -27.7442 -36.9027 -36.9027 -36.9027 -36.9027 -36.9027 -36.9027
-36.9027 -36.9027 -36.9027 -36.9027 -36.9027 -36.9027 -36.9027 -36.9027 -36.9027
-36.9027 -36.9027 -36.9027
-11.0000   0.7875   0.7870   0.7872   0.7896   0.7933   0.7884   0.7573   0.5523
  0.1218  -0.4593  -1.1185  -1.8541  -2.7049  -3.7418  -5.0785  -6.8947  -9.4743
-13.2662 -18.9810 -27.7442 -36.9027 -36.9027 -36.9027 -36.9027 -36.9027 -36.9027
-36.9027 -36.9027 -36.9027 -36.9027 -36.9027 -36.9027 -36.9027 -36.9027 -36.9027
-36.9027 -36.9027 -36.9027
-10.0000   0.7876   0.7870   0.7873   0.7897   0.7932   0.7884   0.7572   0.5524
  0.1219  -0.4593  -1.1184  -1.8541  -2.7049  -3.7418  -5.0785  -6.8947  -9.4743
-13.2662 -18.9810 -27.7442 -36.9027 -36.9027 -36.9027 -36.9027 -36.9027 -36.9027
-36.9027 -36.9027 -36.9027 -36.9027 -36.9027 -36.9027 -36.9027 -36.9027 -36.9027
-36.9027 -36.9027 -36.9027
 11.0000   0.7877   0.7872   0.7874   0.7897   0.7931   0.7885   0.7570   0.5525
  0.1221  -0.4592  -1.1184  -1.8540  -2.7049  -3.7418  -5.0785  -6.8947  -9.4743
-13.2662 -18.9810 -27.7442 -36.9027 -36.9027 -36.9027 -36.9027 -36.9027 -36.9027
-36.9027 -36.9027 -36.9027 -36.9027 -36.9027 -36.9027 -36.9027 -36.9027 -36.9027
-36.9027 -36.9027 -36.9027
 12.0000   0.7876   0.7873   0.7875   0.7897   0.7927   0.7884   0.7565   0.5525
  0.1223  -0.4590  -1.1184  -1.8541  -2.7049  -3.7419  -5.0786  -6.8948  -9.4744
-13.2663 -18.9811 -27.7443 -36.9028 -36.9028 -36.9028 -36.9028 -36.9028 -36.9028
-36.9028 -36.9028 -36.9028 -36.9028 -36.9028 -36.9028 -36.9028 -36.9028 -36.9028
-36.9028 -36.9028 -36.9028
 13.0000   0.7878   0.7877   0.7879   0.7899   0.7924   0.7885   0.7558   0.5530
  0.1231  -0.4585  -1.1181  -1.8539  -2.7048  -3.7417  -5.0785  -6.8947  -9.4743
-13.2662 -18.9810 -27.7442 -36.9027 -36.9027 -36.9027 -36.9027 -36.9027 -36.9027
-36.9027 -36.9027 -36.9027 -36.9027 -36.9027 -36.9027 -36.9027 -36.9027 -36.9027
-36.9027 -36.9027 -36.9027
 14.0000   0.7879   0.7880   0.7884   0.7899   0.7917   0.7884   0.7542   0.5537
  0.1246  -0.4576  -1.1176  -1.8537  -2.7047  -3.7417  -5.0784  -6.8946  -9.4742
-13.2661 -18.9809 -27.7441 -36.9027 -36.9027 -36.9027 -36.9027 -36.9027 -36.9027
-36.9027 -36.9027 -36.9027 -36.9027 -36.9027 -36.9027 -36.9027 -36.9027 -36.9027
-36.9027 -36.9027 -36.9027
-22.0000   0.7873   0.7868   0.7871   0.7895   0.7933   0.7883   0.7573   0.5522
  0.1216  -0.4595  -1.1186  -1.8542  -2.7050  -3.7419  -5.0786  -6.8948  -9.4744
-13.2663 -18.9811 -27.7443 -36.9028 -36.9028 -36.9028 -36.9028 -36.9028 -36.9028
-36.9028 -36.9028 -36.9028 -36.9028 -36.9028 -36.9028 -36.9028 -36.9028 -36.9028
-36.9028 -36.9028 -36.9028
-21.0000   0.7873   0.7868   0.7871   0.7895   0.7933   0.7883   0.7573   0.5522
  0.1216  -0.4595  -1.1186  -1.8542  -2.7050  -3.7419  -5.0786  -6.8948  -9.4744
-13.2663 -18.9811 -27.7443 -36.9028 -36.9028 -36.9028 -36.9028 -36.9028 -36.9028
-36.9028 -36.9028 -36.9028 -36.9028 -36.9028 -36.9028 -36.9028 -36.9028 -36.9028
-36.9028 -36.9028 -36.9028
-20.0000   0.7873   0.7868   0.7871   0.7895   0.7933   0.7883   0.7573   0.5522
  0.1216  -0.4595  -1.1186  -1.8542  -2.7050  -3.7419  -5.0786  -6.8948  -9.4744
-13.2663 -18.9811 -27.7443 -36.9028 -36.9028 -36.9028 -36.9028 -36.9028 -36.9028
-36.9028 -36.9028 -36.9028 -36.9028 -36.9028 -36.9028 -36.9028 -36.9028 -36.9028
-36.9028 -36.9028 -36.9028
 21.0000   0.7874   0.7869   0.7871   0.7895   0.7932   0.7883   0.7572   0.5522
  0.1217  -0.4595  -1.1186  -1.8542  -2.7050  -3.7419  -5.0786  -6.8948  -9.4744
-13.2663 -18.9811 -27.7443 -36.9028 -36.9028 -36.9028 -36.9028 -36.9028 -36.9028
-36.9028 -36.9028 -36.9028 -36.9028 -36.9028 -36.9028 -36.9028 -36.9028 -36.9028
-36.9028 -36.9028 -36.9028
 22.0000   0.7874   0.7869   0.7872   0.7896   0.7932   0.7883   0.7571   0.5523
  0.1218  -0.4594  -1.1186  -1.8542  -2.7050  -3.7419  -5.0786  -6.8948  -9.4744
-13.2663 -18.9811 -27.7443 -36.9028 -36.9028 -36.9028 -36.9028 -36.9028 -36.9028
-36.9028 -36.9028 -36.9028 -36.9028 -36.9028 -36.9028 -36.9028 -36.9028 -36.9028
-36.9028 -36.9028 -36.9028
 23.0000   0.7876   0.7871   0.7873   0.7897   0.7931   0.7885   0.7570   0.5524
  0.1220  -0.4592  -1.1184  -1.8541  -2.7049  -3.7418  -5.0785  -6.8947  -9.4743
-13.2662 -18.9810 -27.7442 -36.9027 -36.9027 -36.9027 -36.9027 -36.9027 -36.9027
-36.9027 -36.9027 -36.9027 -36.9027 -36.9027 -36.9027 -36.9027 -36.9027 -36.9027
-36.9027 -36.9027 -36.9027
 24.0000   0.7875   0.7871   0.7873   0.7896   0.7927   0.7883   0.7565   0.5524
  0.1221  -0.4592  -1.1185  -1.8542  -2.7050  -3.7420  -5.0787  -6.8949  -9.4745
-13.2664 -18.9812 -27.7444 -36.9029 -36.9029 -36.9029 -36.9029 -36.9029 -36.9029
-36.9029 -36.9029 -36.9029 -36.9029 -36.9029 -36.9029 -36.9029 -36.9029 -36.9029
-36.9029 -36.9029 -36.9029
-32.0000   0.7873   0.7868   0.7871   0.7895   0.7933   0.7883   0.7573   0.5522
  0.1216  -0.4595  -1.1186  -1.8542  -2.7050  -3.7419  -5.0786  -6.8948  -9.4744
-13.2663 -18.9811 -27.7443 -36.9028 -36.9028 -36.9028 -36.9028 -36.9028 -36.9028
-36.9028 -36.9028 -36.9028 -36.9028 -36.9028 -36.9028 -36.9028 -36.9028 -36.9028
-36.9028 -36.9028 -36.9028
-31.0000   0.7873   0.7868   0.7871   0.7895   0.7933   0.7883   0.7573   0.5522
  0.1216  -0.4595  -1.1186  -1.8542  -2.7050  -3.7419  -5.0786  -6.8948  -9.4744
-13.2663 -18.9811 -27.7443 -36.9028 -36.9028 -36.9028 -36.9028 -36.9028 -36.9028
-36.9028 -36.9028 -36.9028 -36.9028 -36.9028 -36.9028 -36.9028 -36.9028 -36.9028
-36.9028 -36.9028 -36.9028
-30.0000   0.7873   0.7868   0.7871   0.7895   0.7933   0.7883   0.7573   0.5522
  0.1216  -0.4595  -1.1186  -1.8542  -2.7050  -3.7419  -5.0786  -6.8948  -9.4744
-13.2663 -18.9811 -27.7443 -36.9028 -36.9028 -36.9028 -36.9028 -36.9028 -36.9028
-36.9028 -36.9028 -36.9028 -36.9028 -36.9028 -36.9028 -36.9028 -36.9028 -36.9028
-36.9028 -36.9028 -36.9028
 31.0000   0.7873   0.7868   0.7871   0.7895   0.7933   0.7883   0.7573   0.5522
  0.1216  -0.4595  -1.1186  -1.8542  -2.7050  -3.7419  -5.0786  -6.8948  -9.4744
-13.2663 -18.9811 -27.7443 -36.9028 -36.9028 -36.9028 -36.9028 -36.9028 -36.9028
-36.9028 -36.9028 -36.9028 -36.9028 -36.9028 -36.9028 -36.9028 -36.9028 -36.9028
-36.9028 -36.9028 -36.9028
 32.0000   0.7873   0.7868   0.7871   0.7895   0.7933   0.7883   0.7573   0.5522
  0.1216  -0.4595  -1.1186  -1.8542  -2.7050  -3.7419  -5.0786  -6.8948  -9.4744
-13.2663 -18.9811 -27.7443 -36.9028 -36.9028 -36.9028 -36.9028 -36.9028 -36.9028
-36.9028 -36.9028 -36.9028 -36.9028 -36.9028 -36.9028 -36.9028 -36.9028 -36.9028
-36.9028 -36.9028 -36.9028
 33.0000   0.7874   0.7869   0.7871   0.7895   0.7932   0.7883   0.7572   0.5522
  0.1217  -0.4595  -1.1186  -1.8542  -2.7050  -3.7419  -5.0786  -6.8948  -9.4744
-13.2663 -18.9811 -27.7443 -36.9028 -36.9028 -36.9028 -36.9028 -36.9028 -36.9028
-36.9028 -36.9028 -36.9028 -36.9028 -36.9028 -36.9028 -36.9028 -36.9028 -36.9028
-36.9028 -36.9028 -36.9028
 34.0000   0.7875   0.7870   0.7873   0.7897   0.7933   0.7884   0.7572   0.5524
  0.1218  -0.4593  -1.1185  -1.8541  -2.7049  -3.7418  -5.0785  -6.8947  -9.4743
-13.2662 -18.9810 -27.7442 -36.9027 -36.9027 -36.9027 -36.9027 -36.9027 -36.9027
-36.9027 -36.9027 -36.9027 -36.9027 -36.9027 -36.9027 -36.9027 -36.9027 -36.9027
-36.9027 -36.9027 -36.9027
-42.0000   0.7873   0.7868   0.7871   0.7895   0.7933   0.7883   0.7573   0.5522
  0.1216  -0.4595  -1.1186  -1.8542  -2.7050  -3.7419  -5.0786  -6.8948  -9.4744
-13.2663 -18.9811 -27.7443 -36.9028 -36.9028 -36.9028 -36.9028 -36.9028 -36.9028
-36.9028 -36.9028 -36.9028 -36.9028 -36.9028 -36.9028 -36.9028 -36.9028 -36.9028
-36.9028 -36.9028 -36.9028
-41.0000   0.7873   0.7868   0.7871   0.7895   0.7933   0.7883   0.7573   0.5522
  0.1216  -0.4595  -1.1186  -1.8542  -2.7050  -3.7419  -5.0786  -6.8948  -9.4744
-13.2663 -18.9811 -27.7443 -36.9028 -36.9028 -36.9028 -36.9028 -36.9028 -36.9028
-36.9028 -36.9028 -36.9028 -36.9028 -36.9028 -36.9028 -36.9028 -36.9028 -36.9028
-36.9028 -36.9028 -36.9028
-40.0000   0.7873   0.7868   0.7871   0.7895   0.7933   0.7883   0.7573   0.5522
  0.1216  -0.4595  -1.1186  -1.8542  -2.7050  -3.7419  -5.0786  -6.8948  -9.4744
-13.2663 -18.9811 -27.7443 -36.9028 -36.9028 -36.9028 -36.9028 -36.9028 -36.9028
-36.9028 -36.9028 -36.9028 -36.9028 -36.9028 -36.9028 -36.9028 -36.9028 -36.9028
-36.9028 -36.9028 -36.9028
 41.0000   0.7873   0.7868   0.7871   0.7895   0.7933   0.7883   0.7573   0.5522
  0.1216  -0.4595  -1.1186  -1.8542  -2.7050  -3.7419  -5.0786  -6.8948  -9.4744
-13.2663 -18.9811 -27.7443 -36.9028 -36.9028 -36.9028 -36.9028 -36.9028 -36.9028
-36.9028 -36.9028 -36.9028 -36.9028 -36.9028 -36.9028 -36.9028 -36.9028 -36.9028
-36.9028 -36.9028 -36.9028
 42.0000   0.7873   0.7868   0.7871   0.7895   0.7933   0.7883   0.7573   0.5522
  0.1216  -0.4595  -1.1186  -1.8542  -2.7050  -3.7419  -5.0786  -6.8948  -9.4744
-13.2663 -18.9811 -27.7443 -36.9028 -36.9028 -36.9028 -36.9028 -36.9028 -36.9028
-36.9028 -36.9028 -36.9028 -36.9028 -36.9028 -36.9028 -36.9028 -36.9028 -36.9028
-36.9028 -36.9028 -36.9028
 43.0000   0.7873   0.7868   0.7871   0.7895   0.7933   0.7883   0.7573   0.5522
  0.1216  -0.4595  -1.1186  -1.8542  -2.7050  -3.7419  -5.0786  -6.8948  -9.4744
-13.2663 -18.9811 -27.7443 -36.9028 -36.9028 -36.9028 -36.9028 -36.9028 -36.9028
-36.9028 -36.9028 -36.9028 -36.9028 -36.9028 -36.9028 -36.9028 -36.9028 -36.9028
-36.9028 -36.9028 -36.9028
 44.0000   0.7873   0.7868   0.7871   0.7895   0.7933   0.7883   0.7573   0.5522
  0.1216  -0.4595  -1.1186  -1.8542  -2.7050  -3.7419  -5.0786  -6.8948  -9.4744
-13.2663 -18.9811 -27.7443 -36.9028 -36.9028 -36.9028 -36.9028 -36.9028 -36.9028
-36.9028 -36.9028 -36.9028 -36.9028 -36.9028 -36.9028 -36.9028 -36.9028 -36.9028
-36.9028 -36.9028 -36.9028
-52.0000   0.7873   0.7868   0.7871   0.7895   0.7933   0.7883   0.7573   0.5522
  0.1216  -0.4595  -1.1186  -1.8542  -2.7050  -3.7419  -5.0786  -6.8948  -9.4744
-13.2663 -18.9811 -27.7443 -36.9028 -36.9028 -36.9028 -36.9028 -36.9028 -36.9028
-36.9028 -36.9028 -36.9028 -36.9028 -36.9028 -36.9028 -36.9028 -36.9028 -36.9028
-36.9028 -36.9028 -36.9028
-51.0000   0.7873   0.7868   0.7871   0.7895   0.7933   0.7883   0.7573   0.5522
  0.1216  -0.4595  -1.1186  -1.8542  -2.7050  -3.7419  -5.0786  -6.8948  -9.4744
-13.2663 -18.9811 -27.7443 -36.9028 -36.9028 -36.9028 -36.9028 -36.9028 -36.9028
-36.9028 -36.9028 -36.9028 -36.9028 -36.9028 -36.9028 -36.9028 -36.9028 -36.9028
-36.9028 -36.9028 -36.9028
-50.0000   0.7873   0.7868   0.7871   0.7895   0.7933   0.7883   0.7573   0.5522
  0.1216  -0.4595  -1.1186  -1.8542  -2.7050  -3.7419  -5.0786  -6.8948  -9.4744
-13.2663 -18.9811 -27.7443 -36.9028 -36.9028 -36.9028 -36.9028 -36.9028 -36.9028
-36.9028 -36.9028 -36.9028 -36.9028 -36.9028 -36.9028 -36.9028 -36.9028 -36.9028
-36.9028 -36.9028 -36.9028
 51.0000   0.7873   0.7868   0.7871   0.7895   0.7933   0.7883   0.7573   0.5522
  0.1216  -0.4595  -1.1186  -1.8542  -2.7050  -3.7419  -5.0786  -6.8948  -9.4744
-13.2663 -18.9811 -27.7443 -36.9028 -36.9028 -36.9028 -36.9028 -36.9028 -36.9028
-36.9028 -36.9028 -36.9028 -36.9028 -36.9028 -36.9028 -36.9028 -36.9028 -36.9028
-36.9028 -36.9028 -36.9028
 52.0000   0.7873   0.7868   0.7871   0.7895   0.7933   0.7883   0.7573   0.5522
  0.1216  -0.4595  -1.1186  -1.8542  -2.7050  -3.7419  -5.0786  -6.8948  -9.4744
-13.2663 -18.9811 -27.7443 -36.9028 -36.9028 -36.9028 -36.9028 -36.9028 -36.9028
-36.9028 -36.9028 -36.9028 -36.9028 -36.9028 -36.9028 -36.9028 -36.9028 -36.9028
-36.9028 -36.9028 -36.9028
 53.0000   0.7873   0.7868   0.7871   0.7895   0.7933   0.7883   0.7573   0.5522
  0.1216  -0.4595  -1.1186  -1.8542  -2.7050  -3.7419  -5.0786  -6.8948  -9.4744
-13.2663 -18.9811 -27.7443 -36.9028 -36.9028 -36.9028 -36.9028 -36.9028 -36.9028
-36.9028 -36.9028 -36.9028 -36.9028 -36.9028 -36.9028 -36.9028 -36.9028 -36.9028
-36.9028 -36.9028 -36.9028
 54.0000   0.7882   0.7877   0.7880   0.7904   0.7942   0.7892   0.7582   0.5531
  0.1225  -0.4586  -1.1177  -1.8533  -2.7041  -3.7410  -5.0777  -6.8939  -9.4735
-13.2654 -18.9802 -27.7434 -36.9019 -36.9019 -36.9019 -36.9019 -36.9019 -36.9019
-36.9019 -36.9019 -36.9019 -36.9019 -36.9019 -36.9019 -36.9019 -36.9019 -36.9019
-36.9019 -36.9019 -36.9019
-62.0000   0.6901   0.6896   0.6899   0.6923   0.6961   0.6911   0.6601   0.4550
  0.0244  -0.5567  -1.2158  -1.9514  -2.8022  -3.8391  -5.1758  -6.9920  -9.5716
-13.3635 -19.0783 -27.8415 -37.0000 -37.0000 -37.0000 -37.0000 -37.0000 -37.0000
-37.0000 -37.0000 -37.0000 -37.0000 -37.0000 -37.0000 -37.0000 -37.0000 -37.0000
-37.0000 -37.0000 -37.0000
-61.0000   0.6901   0.6896   0.6899   0.6923   0.6961   0.6911   0.6601   0.4550
  0.0244  -0.5567  -1.2158  -1.9514  -2.8022  -3.8391  -5.1758  -6.9920  -9.5716
-13.3635 -19.0783 -27.8415 -37.0000 -37.0000 -37.0000 -37.0000 -37.0000 -37.0000
-37.0000 -37.0000 -37.0000 -37.0000 -37.0000 -37.0000 -37.0000 -37.0000 -37.0000
-37.0000 -37.0000 -37.0000
-60.0000   0.6901   0.6896   0.6899   0.6923   0.6961   0.6911   0.6601   0.4550
  0.0244  -0.5567  -1.2158  -1.9514  -2.8022  -3.8391  -5.1758  -6.9920  -9.5716
-13.3635 -19.0783 -27.8415 -37.0000 -37.0000 -37.0000 -37.0000 -37.0000 -37.0000
-37.0000 -37.0000 -37.0000 -37.0000 -37.0000 -37.0000 -37.0000 -37.0000 -37.0000
-37.0000 -37.0000 -37.0000
 61.0000   0.6901   0.6896   0.6899   0.6923   0.6961   0.6911   0.6601   0.4550
  0.0244  -0.5567  -1.2158  -1.9514  -2.8022  -3.8391  -5.1758  -6.9920  -9.5716
-13.3635 -19.0783 -27.8415 -37.0000 -37.0000 -37.0000 -37.0000 -37.0000 -37.0000
-37.0000 -37.0000 -37.0000 -37.0000 -37.0000 -37.0000 -37.0000 -37.0000 -37.0000
-37.0000 -37.0000 -37.0000
 62.0000   0.6901   0.6896   0.6899   0.6923   0.6961   0.6911   0.6601   0.4550
  0.0244  -0.5567  -1.2158  -1.9514  -2.8022  -3.8391  -5.1758  -6.9920  -9.5716
-13.3635 -19.0783 -27.8415 -37.0000 -37.0000 -37.0000 -37.0000 -37.0000 -37.0000
-37.0000 -37.0000 -37.0000 -37.0000 -37.0000 -37.0000 -37.0000 -37.0000 -37.0000
-37.0000 -37.0000 -37.0000
 63.0000   0.6901   0.6896   0.6899   0.6923   0.6961   0.6911   0.6601   0.4550
  0.0244  -0.5567  -1.2158  -1.9514  -2.8022  -3.8391  -5.1758  -6.9920  -9.5716
-13.3635 -19.0783 -27.8415 -37.0000 -37.0000 -37.0000 -37.0000 -37.0000 -37.0000
-37.0000 -37.0000 -37.0000 -37.0000 -37.0000 -37.0000 -37.0000 -37.0000 -37.0000
-37.0000 -37.0000 -37.0000
 64.0000   0.6901   0.6896   0.6899   0.6923   0.6961   0.6911   0.6601   0.4550
  0.0244  -0.5567  -1.2158  -1.9514  -2.8022  -3.8391  -5.1758  -6.9920  -9.5716
-13.3635 -19.0783 -27.8415 -37.0000 -37.0000 -37.0000 -37.0000 -37.0000 -37.0000
-37.0000 -37.0000 -37.0000 -37.0000 -37.0000 -37.0000 -37.0000 -37.0000 -37.0000
-37.0000 -37.0000 -37.0000
nl= 1 nu=19
  0.0000  -0.7795  -0.7795  -0.7795  -0.7795  -0.7795  -0.7795  -0.7795  -0.7796
 -0.7797  -0.7799  -0.7805  -0.7819  -0.7855  -0.7945  -0.8173  -0.8743  -1.0176
 -1.3769  -2.2733  -4.2030  -5.1512  -5.8698  -6.4131  -6.9408  -7.4802  -8.0395
 -8.6320  -9.2779 -10.0087 -10.8744 -11.9538 -13.3720 -15.3271 -18.1334 -22.2886
-28.5817 -36.9996 -36.9996 -36.9996
  0.0000  -0.9292  -0.9292  -0.9292  -0.9292  -0.9292  -0.9292  -0.9292  -0.9292
 -0.9292  -0.9294  -0.9296  -0.9304  -0.9322  -0.9367  -0.9481  -0.9767  -1.0487
 -1.2292  -1.6824  -2.8125  -4.9719  -5.8310  -6.4044  -6.9364  -7.4782  -8.0385
 -8.6316  -9.2778 -10.0087 -10.8744 -11.9539 -13.3721 -15.3273 -18.1336 -22.2888
-28.5819 -36.9998 -36.9998 -36.9998
  0.0000  -1.0796  -1.0796  -1.0796  -1.0796  -1.0796  -1.0796  -1.0796  -1.0797
 -1.0797  -1.0797  -1.0799  -1.0802  -1.0811  -1.0834  -1.0891  -1.1035  -1.1395
 -1.2300  -1.4574  -2.0279  -3.4498  -5.7236  -6.3867  -6.9282  -7.4748  -8.0372
 -8.6311  -9.2778 -10.0090 -10.8749 -11.9543 -13.3726 -15.3279 -18.1342 -22.2894
-28.5825 -37.0004 -37.0004 -37.0004
  0.0000  -1.2289  -1.2289  -1.2289  -1.2289  -1.2289  -1.2289  -1.2289  -1.2289
 -1.2289  -1.2290  -1.2290  -1.2292  -1.2297  -1.2308  -1.2337  -1.2408  -1.2589
 -1.3042  -1.4181  -1.7040  -2.4216  -4.2079  -6.3401  -6.9101  -7.4664  -8.0324
 -8.6282  -9.2757 -10.0074 -10.8735 -11.9532 -13.3716 -15.3268 -18.1332 -22.2884
-28.5815 -36.9995 -36.9995 -36.9995
  0.0000  -1.3802  -1.3802  -1.3802  -1.3802  -1.3802  -1.3802  -1.3802  -1.3802
 -1.3802  -1.3802  -1.3803  -1.3804  -1.3806  -1.3812  -1.3826  -1.3862  -1.3952
 -1.4179  -1.4749  -1.6180  -1.9774  -2.8796  -5.1126  -6.8768  -7.4529  -8.0264
 -8.6257  -9.2748 -10.0074 -10.8739 -11.9539 -13.3724 -15.3277 -18.1341 -22.2894
-28.5825 -37.0006 -37.0006 -37.0006
  0.0000  -1.5304  -1.5304  -1.5304  -1.5304  -1.5304  -1.5304  -1.5304  -1.5304
 -1.5305  -1.5305  -1.5305  -1.5305  -1.5306  -1.5309  -1.5316  -1.5334  -1.5379
 -1.5493  -1.5778  -1.6494  -1.8292  -2.2808  -3.4146  -6.1527  -7.4238  -8.0130
 -8.6187  -9.2709 -10.0051 -10.8725 -11.9529 -13.3716 -15.3271 -18.1337 -22.2890
-28.5820 -37.0003 -37.0004 -37.0004
  0.0000  -1.6798  -1.6798  -1.6798  -1.6798  -1.6798  -1.6798  -1.6798  -1.6798
 -1.6798  -1.6798  -1.6798  -1.6798  -1.6799  -1.6800  -1.6804  -1.6813  -1.6835
 -1.6892  -1.7035  -1.7392  -1.8292  -2.0550  -2.6224  -4.0468  -7.1695  -7.9866
 -8.6055  -9.2633 -10.0003 -10.8692 -11.9503 -13.3696 -15.3254 -18.1321 -22.2875
-28.5806 -36.9992 -36.9993 -36.9993
  0.0000  -0.4520  -0.4520  -0.4520  -0.4520  -0.4520  -0.4520  -0.4521  -0.4523
 -0.4527  -0.4537  -0.4563  -0.4629  -0.4793  -0.5204  -0.6238  -0.8827  -1.5259
 -2.9737  -4.0803  -4.8439  -5.4039  -5.9296  -6.4652  -7.0167  -7.5965  -8.2219
 -8.9199  -9.7337 -10.7307 -12.0182 -13.7663 -16.2444 -19.8795 -25.3483 -33.7232
-36.9999 -36.9999 -36.9999 -36.9999
  0.0000  -0.5992  -0.5992  -0.5992  -0.5992  -0.5992  -0.5992  -0.5993  -0.5994
 -0.5996  -0.6001  -0.6014  -0.6047  -0.6130  -0.6338  -0.6862  -0.8175  -1.1465
 -1.9646  -3.7124  -4.7823  -5.3921  -5.9234  -6.4623  -7.0152  -7.5957  -8.2214
 -8.9197  -9.7335 -10.7306 -12.0182 -13.7663 -16.2444 -19.8795 -25.3483 -33.7232
-36.9999 -36.9999 -36.9999 -36.9999
  0.0000  -0.7472  -0.7472  -0.7472  -0.7472  -0.7472  -0.7473  -0.7473  -0.7473
 -0.7474  -0.7477  -0.7483  -0.7500  -0.7542  -0.7647  -0.7910  -0.8572  -1.0232
 -1.4396  -2.4752  -4.5214  -5.3657  -5.9109  -6.4564  -7.0120  -7.5938  -8.2200
 -8.9187  -9.7326 -10.7298 -12.0175 -13.7657 -16.2439 -19.8790 -25.3477 -33.7227
-36.9994 -36.9994 -36.9994 -36.9994
  0.0000  -0.8975  -0.8975  -0.8975  -0.8975  -0.8975  -0.8975  -0.8975  -0.8975
 -0.8976  -0.8977  -0.8980  -0.8989  -0.9010  -0.9062  -0.9195  -0.9527  -1.0361
 -1.2456  -1.7710  -3.0785  -5.2605  -5.8886  -6.4471  -7.0079  -7.5920  -8.2196
 -8.9187  -9.7331 -10.7304 -12.0182 -13.7665 -16.2446 -19.8797 -25.3485 -33.7236
-37.0003 -37.0003 -37.0003 -37.0003
  0.0000  -1.0470  -1.0470  -1.0470  -1.0470  -1.0470  -1.0470  -1.0470  -1.0470
 -1.0470  -1.0471  -1.0473  -1.0477  -1.0487  -1.0514  -1.0580  -1.0747  -1.1165
 -1.2215  -1.4853  -2.1471  -3.7925  -5.8365  -6.4275  -6.9982  -7.5869  -8.2166
 -8.9170  -9.7319 -10.7295 -12.0175 -13.7659 -16.2441 -19.8794 -25.3481 -33.7231
-37.0000 -37.0000 -37.0000 -37.0000
  0.0000  -1.1978  -1.1978  -1.1978  -1.1978  -1.1978  -1.1978  -1.1978  -1.1978
 -1.1979  -1.1979  -1.1980  -1.1982  -1.1987  -1.2000  -1.2033  -1.2117  -1.2326
 -1.2852  -1.4173  -1.7491  -2.5818  -4.6391  -6.3884  -6.9816  -7.5788  -8.2126
 -8.9150  -9.7310 -10.7293 -12.0176 -13.7662 -16.2446 -19.8798 -25.3485 -33.7238
-37.0007 -37.0007 -37.0007 -37.0007
  0.0000  -1.3477  -1.3477  -1.3477  -1.3477  -1.3477  -1.3477  -1.3477  -1.3477
 -1.3477  -1.3477  -1.3478  -1.3479  -1.3481  -1.3488  -1.3505  -1.3546  -1.3651
 -1.3914  -1.4575  -1.6236  -2.0406  -3.0875  -5.6181  -6.9474  -7.5628  -8.2039
 -8.9099  -9.7279 -10.7271 -12.0161 -13.7650 -16.2435 -19.8790 -25.3477 -33.7231
-37.0003 -37.0003 -37.0003 -37.0003
  0.0000  -0.1348  -0.1348  -0.1348  -0.1348  -0.1349  -0.1350  -0.1353  -0.1360
 -0.1378  -0.1423  -0.1538  -0.1824  -0.2542  -0.4335  -0.8758  -1.8795  -3.0008
 -3.7236  -4.3842  -4.9183  -5.4505  -5.9960  -6.5650  -7.1729  -7.8430  -8.6122
 -9.5386 -10.7141 -12.2846 -14.4812 -17.6702 -22.4318 -29.6861 -36.9995 -36.9995
-36.9995 -36.9995 -36.9995 -36.9995
  0.0000  -0.2755  -0.2755  -0.2755  -0.2755  -0.2756  -0.2756  -0.2758  -0.2761
 -0.2771  -0.2794  -0.2853  -0.3001  -0.3373  -0.4306  -0.6638  -1.2399  -2.5150
 -3.6514  -4.3606  -4.9105  -5.4465  -5.9940  -6.5640  -7.1723  -7.8426  -8.6120
 -9.5384 -10.7140 -12.2846 -14.4812 -17.6702 -22.4318 -29.6861 -36.9995 -36.9995
-36.9995 -36.9995 -36.9995 -36.9995
  0.0000  -0.4201  -0.4201  -0.4201  -0.4202  -0.4202  -0.4202  -0.4203  -0.4205
 -0.4209  -0.4221  -0.4251  -0.4327  -0.4517  -0.4994  -0.6190  -0.9183  -1.6591
 -3.2411  -4.3080  -4.8957  -5.4393  -5.9905  -6.5622  -7.1713  -7.8421  -8.6117
 -9.5383 -10.7139 -12.2845 -14.4813 -17.6702 -22.4319 -29.6862 -36.9996 -36.9996
-36.9996 -36.9996 -36.9996 -36.9996
  0.0000  -0.5668  -0.5668  -0.5668  -0.5668  -0.5668  -0.5669  -0.5669  -0.5670
 -0.5672  -0.5678  -0.5694  -0.5732  -0.5828  -0.6069  -0.6676  -0.8197  -1.2009
 -2.1459  -4.0294  -4.8644  -5.4254  -5.9836  -6.5584  -7.1692  -7.8409  -8.6108
 -9.5377 -10.7135 -12.2842 -14.4809 -17.6699 -22.4316 -29.6859 -36.9994 -36.9994
-36.9994 -36.9994 -36.9994 -36.9994
  0.0000  -0.7140  -0.7140  -0.7140  -0.7140  -0.7140  -0.7140  -0.7140  -0.7141
 -0.7142  -0.7145  -0.7153  -0.7172  -0.7220  -0.7342  -0.7648  -0.8415  -1.0341
 -1.5170  -2.7155  -4.7429  -5.3976  -5.9703  -6.5509  -7.1646  -7.8377  -8.6085
 -9.5358 -10.7118 -12.2827 -14.4795 -17.6686 -22.4303 -29.6846 -36.9982 -36.9982
-36.9982 -36.9982 -36.9982 -36.9982
  0.0000  -0.8644  -0.8644  -0.8644  -0.8644  -0.8644  -0.8644  -0.8644  -0.8644
 -0.8645  -0.8646  -0.8650  -0.8660  -0.8684  -0.8745  -0.8899  -0.9284  -1.0252
 -1.2682  -1.8779  -3.3891  -5.3375  -5.9483  -6.5408  -7.1596  -7.8354  -8.6075
 -9.5355 -10.7121 -12.2832 -14.4803 -17.6694 -22.4311 -29.6855 -36.9993 -36.9993
-36.9993 -36.9993 -36.9993 -36.9993
  0.0000  -1.0152  -1.0152  -1.0152  -1.0152  -1.0152  -1.0152  -1.0152  -1.0152
 -1.0152  -1.0153  -1.0155  -1.0160  -1.0172  -1.0203  -1.0279  -1.0473  -1.0958
 -1.2177  -1.5238  -2.2917  -4.1835  -5.9038  -6.5213  -7.1501  -7.8303  -8.6050
 -9.5345 -10.7117 -12.2833 -14.4805 -17.6699 -22.4317 -29.6862 -37.0002 -37.0003
-37.0003 -37.0003 -37.0003 -37.0003
  0.0000   0.1529   0.1529   0.1529   0.1528   0.1526   0.1522   0.1510   0.1482
  0.1410   0.1231   0.0783  -0.0333  -0.3062  -0.9265  -1.8829  -2.6279  -3.3554
 -3.9043  -4.4352  -4.9765  -5.5369  -6.1300  -6.7763  -7.5073  -8.3732  -9.4526
-10.8709 -12.8261 -15.6324 -19.7877 -26.0808 -35.7623 -36.9986 -36.9986 -36.9986
-36.9986 -36.9986 -36.9986 -36.9986
  0.0000   0.0294   0.0293   0.0293   0.0293   0.0292   0.0289   0.0283   0.0268
  0.0228   0.0130  -0.0117  -0.0737  -0.2279  -0.6056  -1.4507  -2.5285  -3.3149
 -3.8947  -4.4299  -4.9740  -5.5355  -6.1293  -6.7759  -7.5072  -8.3730  -9.4526
-10.8709 -12.8262 -15.6325 -19.7877 -26.0809 -35.7624 -36.9987 -36.9987 -36.9987
-36.9987 -36.9987 -36.9987 -36.9987
  0.0000  -0.1038  -0.1038  -0.1038  -0.1038  -0.1039  -0.1040  -0.1043  -0.1052
 -0.1072  -0.1125  -0.1256  -0.1586  -0.2413  -0.4475  -0.9536  -2.0655  -3.2231
 -3.8747  -4.4201  -4.9691  -5.5330  -6.1279  -6.7751  -7.5067  -8.3728  -9.4524
-10.8707 -12.8261 -15.6325 -19.7877 -26.0808 -35.7624 -36.9987 -36.9987 -36.9987
-36.9987 -36.9987 -36.9987 -36.9987
  0.0000  -0.2433  -0.2433  -0.2433  -0.2433  -0.2433  -0.2434  -0.2436  -0.2440
 -0.2451  -0.2478  -0.2546  -0.2718  -0.3148  -0.4226  -0.6921  -1.3556  -2.7785
 -3.8283  -4.4013  -4.9602  -5.5280  -6.1250  -6.7733  -7.5055  -8.3719  -9.4517
-10.8703 -12.8256 -15.6320 -19.7873 -26.0804 -35.7620 -36.9984 -36.9984 -36.9984
-36.9984 -36.9984 -36.9984 -36.9984
  0.0000  -0.3876  -0.3876  -0.3876  -0.3876  -0.3876  -0.3876  -0.3877  -0.3879
 -0.3885  -0.3899  -0.3934  -0.4021  -0.4241  -0.4794  -0.6180  -0.9650  -1.8223
 -3.5394  -4.3655  -4.9446  -5.5204  -6.1210  -6.7712  -7.5045  -8.3715  -9.4517
-10.8704 -12.8258 -15.6323 -19.7877 -26.0808 -35.7625 -36.9989 -36.9989 -36.9989
-36.9989 -36.9989 -36.9989 -36.9989
  0.0000  -0.5334  -0.5334  -0.5334  -0.5334  -0.5334  -0.5334  -0.5334  -0.5336
 -0.5338  -0.5345  -0.5363  -0.5407  -0.5519  -0.5799  -0.6503  -0.8269  -1.2693
 -2.3639  -4.2311  -4.9128  -5.5044  -6.1121  -6.7656  -7.5007  -8.3687  -9.4495
-10.8685 -12.8242 -15.6308 -19.7863 -26.0793 -35.7612 -36.9977 -36.9977 -36.9977
-36.9977 -36.9977 -36.9977 -36.9977
  0.0000  -0.6828  -0.6828  -0.6828  -0.6828  -0.6829  -0.6829  -0.6829  -0.6829
 -0.6831  -0.6834  -0.6843  -0.6866  -0.6922  -0.7063  -0.7418  -0.8308  -1.0545
 -1.6151  -2.9995  -4.8425  -5.4788  -6.0997  -6.7592  -7.4973  -8.3672  -9.4488
-10.8685 -12.8245 -15.6312 -19.7869 -26.0799 -35.7621 -36.9988 -36.9988 -36.9988
-36.9988 -36.9988 -36.9988 -36.9988
  0.0000   0.3748   0.3748   0.3747   0.3745   0.3739   0.3725   0.3691   0.3605
  0.3388   0.2851   0.1537  -0.1517  -0.7472  -1.4916  -2.2997  -2.8809  -3.4158
 -3.9561  -4.5104  -5.0916  -5.7179  -6.4164  -7.2305  -8.2276  -9.5153 -11.2635
-13.7416 -17.3767 -22.8455 -31.2204 -36.9972 -36.9972 -36.9972 -36.9972 -36.9972
-36.9972 -36.9972 -36.9972 -36.9972
  0.0000   0.2874   0.2874   0.2873   0.2872   0.2868   0.2860   0.2838   0.2783
  0.2645   0.2302   0.1447  -0.0631  -0.5352  -1.3505  -2.2321  -2.8681  -3.4089
 -3.9528  -4.5087  -5.0907  -5.7173  -6.4163  -7.2303  -8.2276  -9.5153 -11.2636
-13.7417 -17.3768 -22.8456 -31.2205 -36.9973 -36.9973 -36.9973 -36.9973 -36.9973
-36.9973 -36.9973 -36.9973 -36.9973
  0.0000   0.1817   0.1817   0.1817   0.1816   0.1814   0.1809   0.1796   0.1764
  0.1683   0.1479   0.0971  -0.0293  -0.3366  -1.0230  -2.0739  -2.8400  -3.3958
 -3.9467  -4.5052  -5.0889  -5.7162  -6.4155  -7.2299  -8.2273  -9.5151 -11.2635
-13.7417 -17.3768 -22.8455 -31.2204 -36.9973 -36.9973 -36.9973 -36.9973 -36.9973
-36.9973 -36.9973 -36.9973 -36.9973
  0.0000   0.0608   0.0608   0.0608   0.0607   0.0606   0.0603   0.0596   0.0578
  0.0533   0.0420   0.0136  -0.0575  -0.2345  -0.6666  -1.6240  -2.7580  -3.3708
 -3.9354  -4.4993  -5.0856  -5.7145  -6.4145  -7.2293  -8.2270  -9.5150 -11.2633
-13.7416 -17.3767 -22.8455 -31.2205 -36.9974 -36.9974 -36.9974 -36.9974 -36.9974
-36.9974 -36.9974 -36.9974 -36.9974
  0.0000  -0.0711  -0.0711  -0.0712  -0.0712  -0.0712  -0.0714  -0.0718  -0.0727
 -0.0751  -0.0812  -0.0964  -0.1346  -0.2302  -0.4689  -1.0546  -2.3166  -3.3202
 -3.9142  -4.4888  -5.0799  -5.7112  -6.4127  -7.2282  -8.2263  -9.5145 -11.2631
-13.7414 -17.3767 -22.8454 -31.2205 -36.9975 -36.9975 -36.9975 -36.9975 -36.9975
-36.9975 -36.9975 -36.9975 -36.9975
  0.0000  -0.2102  -0.2102  -0.2102  -0.2102  -0.2102  -0.2103  -0.2105  -0.2110
 -0.2122  -0.2154  -0.2233  -0.2432  -0.2932  -0.4185  -0.7317  -1.5025  -3.0369
 -3.8728  -4.4692  -5.0694  -5.7050  -6.4088  -7.2258  -8.2247  -9.5133 -11.2621
-13.7407 -17.3760 -22.8448 -31.2199 -36.9971 -36.9971 -36.9971 -36.9971 -36.9971
-36.9971 -36.9971 -36.9971 -36.9971
  0.0000  -0.3548  -0.3548  -0.3548  -0.3548  -0.3548  -0.3549  -0.3550  -0.3552
 -0.3559  -0.3575  -0.3615  -0.3717  -0.3973  -0.4616  -0.6228  -1.0263  -2.0198
 -3.7242  -4.4350  -5.0527  -5.6962  -6.4038  -7.2228  -8.2230  -9.5124 -11.2617
-13.7404 -17.3761 -22.8448 -31.2201 -36.9976 -36.9976 -36.9976 -36.9976 -36.9976
-36.9976 -36.9976 -36.9976 -36.9976
  0.0000   0.5026   0.5026   0.5024   0.5020   0.5009   0.4983   0.4918   0.4755
  0.4348   0.3353   0.1039  -0.3578  -1.0488  -1.8087  -2.3805  -2.9279  -3.4812
 -4.0546  -4.6647  -5.3362  -6.1061  -7.0329  -8.2087  -9.7794 -11.9761 -15.1651
-19.9268 -27.1811 -36.9945 -36.9945 -36.9945 -36.9945 -36.9945 -36.9945 -36.9945
-36.9945 -36.9945 -36.9945 -36.9945
  0.0000   0.4604   0.4603   0.4602   0.4598   0.4590   0.4569   0.4517   0.4387
  0.4062   0.3262   0.1353  -0.2784  -0.9778  -1.7777  -2.3728  -2.9240  -3.4792
 -4.0535  -4.6641  -5.3358  -6.1059  -7.0327  -8.2086  -9.7793 -11.9761 -15.1651
-19.9268 -27.1811 -36.9945 -36.9945 -36.9945 -36.9945 -36.9945 -36.9945 -36.9945
-36.9945 -36.9945 -36.9945 -36.9945
  0.0000   0.4006   0.4006   0.4005   0.4002   0.3996   0.3981   0.3943   0.3849
  0.3612   0.3023   0.1584  -0.1760  -0.8403  -1.7108  -2.3565  -2.9156  -3.4751
 -4.0510  -4.6628  -5.3349  -6.1054  -7.0324  -8.2083  -9.7791 -11.9760 -15.1651
-19.9268 -27.1811 -36.9945 -36.9945 -36.9945 -36.9945 -36.9945 -36.9945 -36.9945
-36.9945 -36.9945 -36.9945 -36.9945
  0.0000   0.3186   0.3186   0.3185   0.3184   0.3180   0.3170   0.3145   0.3083
  0.2927   0.2538   0.1570  -0.0786  -0.6153  -1.5412  -2.3185  -2.9010  -3.4676
 -4.0470  -4.6605  -5.3338  -6.1047  -7.0322  -8.2083  -9.7792 -11.9761 -15.1652
-19.9269 -27.1813 -36.9948 -36.9948 -36.9948 -36.9948 -36.9948 -36.9948 -36.9948
-36.9948 -36.9948 -36.9948 -36.9948
  0.0000   0.2158   0.2157   0.2157   0.2156   0.2154   0.2148   0.2133   0.2096
  0.2002   0.1767   0.1179  -0.0283  -0.3845  -1.1780  -2.2248  -2.8727  -3.4539
 -4.0396  -4.6562  -5.3313  -6.1033  -7.0313  -8.2077  -9.7789 -11.9759 -15.1651
-19.9270 -27.1812 -36.9949 -36.9949 -36.9949 -36.9949 -36.9949 -36.9949 -36.9949
-36.9949 -36.9949 -36.9949 -36.9949
  0.0000   0.0956   0.0956   0.0956   0.0955   0.0954   0.0950   0.0942   0.0921
  0.0869   0.0737   0.0405  -0.0425  -0.2492  -0.7540  -1.8341  -2.8154  -3.4295
 -4.0270  -4.6492  -5.3271  -6.1007  -7.0297  -8.2069  -9.7784 -11.9757 -15.1650
-19.9269 -27.1812 -36.9950 -36.9951 -36.9951 -36.9951 -36.9951 -36.9951 -36.9951
-36.9951 -36.9951 -36.9951 -36.9951
  0.0000  -0.0368  -0.0368  -0.0368  -0.0369  -0.0369  -0.0371  -0.0376  -0.0387
 -0.0415  -0.0486  -0.0663  -0.1109  -0.2227  -0.5016  -1.1835  -2.5322  -3.3844
 -4.0053  -4.6374  -5.3204  -6.0966  -7.0273  -8.2054  -9.7775 -11.9750 -15.1645
-19.9266 -27.1809 -36.9952 -36.9953 -36.9953 -36.9953 -36.9953 -36.9953 -36.9953
-36.9953 -36.9953 -36.9953 -36.9953
  0.0000   0.5798   0.5797   0.5795   0.5789   0.5776   0.5741   0.5654   0.5435
  0.4887   0.3526   0.0318  -0.5813  -1.2725  -1.8711  -2.4375  -3.0108  -3.6108
 -4.2611  -4.9943  -5.8614  -6.9416  -8.3603 -10.3158 -13.1222 -17.2776 -23.5707
-33.2522 -36.9887 -36.9887 -36.9887 -36.9887 -36.9887 -36.9887 -36.9887 -36.9887
-36.9887 -36.9887 -36.9887 -36.9887
  0.0000   0.5592   0.5591   0.5589   0.5585   0.5572   0.5541   0.5463   0.5267
  0.4776   0.3556   0.0614  -0.5375  -1.2569  -1.8675  -2.4365  -3.0106  -3.6108
 -4.2611  -4.9943  -5.8613  -6.9415  -8.3602 -10.3156 -13.1221 -17.2774 -23.5705
-33.2520 -36.9885 -36.9885 -36.9885 -36.9885 -36.9885 -36.9885 -36.9885 -36.9885
-36.9885 -36.9885 -36.9885 -36.9885
  0.0000   0.5379   0.5378   0.5377   0.5372   0.5361   0.5333   0.5261   0.5083
  0.4637   0.3534   0.0876  -0.4782  -1.2272  -1.8572  -2.4316  -3.0080  -3.6092
 -4.2602  -4.9938  -5.8610  -6.9412  -8.3599 -10.3155 -13.1220 -17.2773 -23.5705
-33.2520 -36.9885 -36.9885 -36.9885 -36.9885 -36.9885 -36.9885 -36.9885 -36.9885
-36.9885 -36.9885 -36.9885 -36.9885
  0.0000   0.5037   0.5036   0.5035   0.5031   0.5022   0.4998   0.4937   0.4786
  0.4409   0.3473   0.1203  -0.3855  -1.1670  -1.8365  -2.4214  -3.0023  -3.6059
 -4.2580  -4.9922  -5.8599  -6.9405  -8.3594 -10.3150 -13.1215 -17.2769 -23.5701
-33.2517 -36.9882 -36.9882 -36.9882 -36.9882 -36.9882 -36.9882 -36.9882 -36.9882
-36.9882 -36.9882 -36.9882 -36.9882
  0.0000   0.4468   0.4468   0.4467   0.4464   0.4457   0.4439   0.4393   0.4280
  0.3994   0.3284   0.1537  -0.2562  -1.0325  -1.7970  -2.4043  -2.9932  -3.6009
 -4.2550  -4.9907  -5.8591  -6.9402  -8.3594 -10.3151 -13.1218 -17.2773 -23.5704
-33.2520 -36.9887 -36.9887 -36.9887 -36.9887 -36.9887 -36.9887 -36.9887 -36.9887
-36.9887 -36.9887 -36.9887 -36.9887
  0.0000   0.3642   0.3642   0.3641   0.3639   0.3634   0.3622   0.3592   0.3517
  0.3327   0.2853   0.1673  -0.1206  -0.7680  -1.7009  -2.3734  -2.9772  -3.5919
 -4.2499  -4.9874  -5.8572  -6.9391  -8.3587 -10.3148 -13.1217 -17.2772 -23.5704
-33.2523 -36.9890 -36.9890 -36.9890 -36.9890 -36.9890 -36.9890 -36.9890 -36.9890
-36.9890 -36.9890 -36.9890 -36.9890
  0.0000   0.2578   0.2578   0.2578   0.2576   0.2574   0.2567   0.2549   0.2504
  0.2391   0.2107   0.1397  -0.0369  -0.4659  -1.3778  -2.3113  -2.9506  -3.5775
 -4.2415  -4.9825  -5.8540  -6.9373  -8.3577 -10.3142 -13.1214 -17.2771 -23.5703
-33.2524 -36.9894 -36.9894 -36.9894 -36.9894 -36.9894 -36.9894 -36.9894 -36.9894
-36.9894 -36.9894 -36.9894 -36.9894
  0.0000   0.6787   0.6785   0.6781   0.6770   0.6744   0.6681   0.6530   0.6171
  0.5299   0.3152  -0.1503  -0.7600  -1.3588  -1.9449  -2.5459  -3.1842  -3.8900
 -4.7085  -5.7084  -6.9977  -8.7469 -11.2257 -14.8612 -20.3302 -28.7052 -36.9822
-36.9822 -36.9822 -36.9822 -36.9822 -36.9822 -36.9822 -36.9822 -36.9822 -36.9822
-36.9822 -36.9822 -36.9822 -36.9822
  0.0000   0.6358   0.6357   0.6354   0.6348   0.6331   0.6288   0.6183   0.5924
  0.5279   0.3526  -0.0911  -0.7403  -1.3604  -1.9513  -2.5519  -3.1885  -3.8930
 -4.7102  -5.7093  -6.9981  -8.7469 -11.2254 -14.8607 -20.3296 -28.7046 -36.9815
-36.9815 -36.9815 -36.9815 -36.9815 -36.9815 -36.9815 -36.9815 -36.9815 -36.9815
-36.9815 -36.9815 -36.9815 -36.9815
  0.0000   0.6267   0.6266   0.6263   0.6257   0.6241   0.6201   0.6101   0.5853
  0.5230   0.3563  -0.0671  -0.7254  -1.3560  -1.9497  -2.5513  -3.1881  -3.8928
 -4.7100  -5.7091  -6.9978  -8.7467 -11.2252 -14.8605 -20.3294 -28.7044 -36.9813
-36.9813 -36.9813 -36.9813 -36.9813 -36.9813 -36.9813 -36.9813 -36.9813 -36.9813
-36.9813 -36.9813 -36.9813 -36.9813
  0.0000   0.6225   0.6224   0.6222   0.6215   0.6199   0.6158   0.6056   0.5799
  0.5156   0.3518  -0.0450  -0.7005  -1.3452  -1.9441  -2.5481  -3.1864  -3.8917
 -4.7096  -5.7089  -6.9978  -8.7467 -11.2253 -14.8607 -20.3296 -28.7046 -36.9816
-36.9816 -36.9816 -36.9816 -36.9816 -36.9816 -36.9816 -36.9816 -36.9816 -36.9816
-36.9816 -36.9816 -36.9816 -36.9816
  0.0000   0.6104   0.6103   0.6101   0.6094   0.6078   0.6038   0.5937   0.5685
  0.5054   0.3499  -0.0125  -0.6551  -1.3245  -1.9332  -2.5417  -3.1827  -3.8894
 -4.7082  -5.7081  -6.9974  -8.7466 -11.2253 -14.8608 -20.3297 -28.7048 -36.9819
-36.9819 -36.9819 -36.9819 -36.9819 -36.9819 -36.9819 -36.9819 -36.9819 -36.9819
-36.9819 -36.9819 -36.9819 -36.9819
  0.0000   0.5760   0.5759   0.5757   0.5752   0.5738   0.5703   0.5617   0.5401
  0.4862   0.3538   0.0427  -0.5670  -1.2860  -1.9150  -2.5312  -3.1765  -3.8859
 -4.7061  -5.7071  -6.9970  -8.7466 -11.2256 -14.8612 -20.3302 -28.7054 -36.9827
-36.9827 -36.9827 -36.9827 -36.9827 -36.9827 -36.9827 -36.9827 -36.9827 -36.9827
-36.9827 -36.9827 -36.9827 -36.9827
  0.0000   0.5113   0.5112   0.5111   0.5107   0.5097   0.5072   0.5010   0.4855
  0.4466   0.3500   0.1162  -0.4023  -1.1980  -1.8836  -2.5144  -3.1665  -3.8799
 -4.7026  -5.7049  -6.9959  -8.7460 -11.2255 -14.8612 -20.3304 -28.7057 -36.9833
-36.9834 -36.9834 -36.9834 -36.9834 -36.9834 -36.9834 -36.9834 -36.9834 -36.9834
-36.9834 -36.9834 -36.9834 -36.9834
  0.0000   0.9300   0.9293   0.9278   0.9239   0.9144   0.8919   0.8385   0.7129
  0.4390  -0.0086  -0.5226  -1.0548  -1.6111  -2.2073  -2.8672  -3.6276  -4.5462
 -5.7142  -7.2764  -9.4639 -12.6437 -17.3976 -24.6468 -35.8499 -36.9704 -36.9704
-36.9704 -36.9704 -36.9704 -36.9704 -36.9704 -36.9704 -36.9704 -36.9704 -36.9704
-36.9704 -36.9704 -36.9704 -36.9704
  0.0000   0.6808   0.6808   0.6806   0.6803   0.6795   0.6779   0.6736   0.6554
  0.5707   0.2921  -0.2328  -0.8363  -1.4512  -2.0886  -2.7768  -3.5567  -4.4894
 -5.6689  -7.2416  -9.4396 -12.6293 -17.3915 -24.6460 -35.8510 -36.9599 -36.9599
-36.9599 -36.9599 -36.9599 -36.9599 -36.9599 -36.9599 -36.9599 -36.9599 -36.9599
-36.9599 -36.9599 -36.9599 -36.9599
  0.0000   0.6304   0.6304   0.6306   0.6311   0.6324   0.6352   0.6404   0.6408
  0.5869   0.3364  -0.2061  -0.8319  -1.4542  -2.0925  -2.7797  -3.5582  -4.4902
 -5.6687  -7.2410  -9.4388 -12.6283 -17.3903 -24.6448 -35.8497 -36.9585 -36.9585
-36.9585 -36.9585 -36.9585 -36.9585 -36.9585 -36.9585 -36.9585 -36.9585 -36.9585
-36.9585 -36.9585 -36.9585 -36.9585
  0.0000   0.6335   0.6336   0.6337   0.6341   0.6349   0.6367   0.6392   0.6351
  0.5798   0.3400  -0.1956  -0.8275  -1.4523  -2.0918  -2.7795  -3.5582  -4.4903
 -5.6690  -7.2413  -9.4389 -12.6285 -17.3905 -24.6450 -35.8500 -36.9588 -36.9588
-36.9588 -36.9588 -36.9588 -36.9588 -36.9588 -36.9588 -36.9588 -36.9588 -36.9588
-36.9588 -36.9588 -36.9588 -36.9588
  0.0000   0.6576   0.6576   0.6575   0.6573   0.6567   0.6552   0.6503   0.6322
  0.5624   0.3293  -0.1846  -0.8183  -1.4465  -2.0882  -2.7773  -3.5572  -4.4898
 -5.6689  -7.2416  -9.4394 -12.6290 -17.3912 -24.6456 -35.8507 -36.9596 -36.9596
-36.9596 -36.9596 -36.9596 -36.9596 -36.9596 -36.9596 -36.9596 -36.9596 -36.9596
-36.9596 -36.9596 -36.9596 -36.9596
  0.0000   0.6790   0.6789   0.6786   0.6778   0.6760   0.6713   0.6594   0.6281
  0.5433   0.3179  -0.1654  -0.8013  -1.4352  -2.0806  -2.7725  -3.5542  -4.4878
 -5.6678  -7.2410  -9.4392 -12.6290 -17.3913 -24.6457 -35.8509 -36.9600 -36.9600
-36.9600 -36.9600 -36.9600 -36.9600 -36.9600 -36.9600 -36.9600 -36.9600 -36.9600
-36.9600 -36.9600 -36.9600 -36.9600
  0.0000   0.6752   0.6751   0.6748   0.6739   0.6717   0.6661   0.6521   0.6172
  0.5302   0.3201  -0.1257  -0.7701  -1.4180  -2.0698  -2.7656  -3.5501  -4.4855
 -5.6665  -7.2405  -9.4391 -12.6292 -17.3917 -24.6461 -35.8517 -36.9610 -36.9610
-36.9610 -36.9610 -36.9610 -36.9610 -36.9610 -36.9610 -36.9610 -36.9610 -36.9610
-36.9610 -36.9610 -36.9610 -36.9610
 -1.0000   0.8761   0.8755   0.8740   0.8711   0.8653   0.8526   0.8184   0.7187
  0.4779   0.0716  -0.4495  -1.0317  -1.6743  -2.4046  -3.2720  -4.3553  -5.7791
 -7.7404 -10.5522 -14.7118 -21.0080 -30.6916 -36.9317 -36.9317 -36.9317 -36.9317
-36.9317 -36.9317 -36.9317 -36.9317 -36.9317 -36.9317 -36.9317 -36.9317 -36.9317
-36.9317 -36.9317 -36.9317 -36.9317
  0.0000   0.8753   0.8748   0.8735   0.8708   0.8650   0.8521   0.8178   0.7186
  0.4787   0.0725  -0.4490  -1.0314  -1.6742  -2.4046  -3.2719  -4.3553  -5.7791
 -7.7404 -10.5522 -14.7118 -21.0080 -30.6916 -36.9317 -36.9317 -36.9317 -36.9317
-36.9317 -36.9317 -36.9317 -36.9317 -36.9317 -36.9317 -36.9317 -36.9317 -36.9317
-36.9317 -36.9317 -36.9317 -36.9317
  0.0000   0.6420   0.6423   0.6428   0.6444   0.6487   0.6596   0.6795   0.6916
  0.6147   0.2886  -0.2870  -0.9391  -1.6298  -2.3886  -3.2707  -4.3595  -5.7833
 -7.7418 -10.5500 -14.7063 -21.0000 -30.6819 -36.9188 -36.9188 -36.9188 -36.9188
-36.9188 -36.9188 -36.9188 -36.9188 -36.9188 -36.9188 -36.9188 -36.9188 -36.9188
-36.9188 -36.9188 -36.9188 -36.9188
  0.0000   0.5955   0.5960   0.5970   0.5997   0.6063   0.6218   0.6513   0.6830
  0.6345   0.3193  -0.2746  -0.9381  -1.6316  -2.3903  -3.2715  -4.3598  -5.7829
 -7.7409 -10.5488 -14.7049 -20.9985 -30.6804 -36.9172 -36.9172 -36.9172 -36.9172
-36.9172 -36.9172 -36.9172 -36.9172 -36.9172 -36.9172 -36.9172 -36.9172 -36.9172
-36.9172 -36.9172 -36.9172 -36.9172
  0.0000   0.6118   0.6122   0.6131   0.6154   0.6209   0.6334   0.6569   0.6800
  0.6254   0.3172  -0.2712  -0.9356  -1.6300  -2.3893  -3.2710  -4.3595  -5.7829
 -7.7409 -10.5488 -14.7051 -20.9987 -30.6806 -36.9175 -36.9175 -36.9175 -36.9175
-36.9175 -36.9175 -36.9175 -36.9175 -36.9175 -36.9175 -36.9175 -36.9175 -36.9175
-36.9175 -36.9175 -36.9175 -36.9175
  0.0000   0.6532   0.6534   0.6539   0.6550   0.6578   0.6639   0.6740   0.6761
  0.6033   0.3039  -0.2687  -0.9310  -1.6262  -2.3869  -3.2698  -4.3589  -5.7829
 -7.7414 -10.5497 -14.7060 -20.9997 -30.6817 -36.9188 -36.9188 -36.9188 -36.9188
-36.9188 -36.9188 -36.9188 -36.9188 -36.9188 -36.9188 -36.9188 -36.9188 -36.9188
-36.9188 -36.9188 -36.9188 -36.9188
  0.0000   0.6951   0.6951   0.6951   0.6951   0.6950   0.6943   0.6904   0.6696
  0.5780   0.2902  -0.2626  -0.9234  -1.6202  -2.3828  -3.2675  -4.3580  -5.7827
 -7.7419 -10.5505 -14.7071 -21.0008 -30.6830 -36.9205 -36.9205 -36.9205 -36.9205
-36.9205 -36.9205 -36.9205 -36.9205 -36.9205 -36.9205 -36.9205 -36.9205 -36.9205
-36.9205 -36.9205 -36.9205 -36.9205
 -2.0000   0.8404   0.8393   0.8377   0.8363   0.8356   0.8337   0.8197   0.7336
  0.5283   0.1016  -0.4978  -1.2094  -2.0428  -3.0578  -4.3601  -6.1196  -8.6059
-12.2465 -17.7189 -26.0960 -36.8768 -36.8768 -36.8768 -36.8768 -36.8768 -36.8768
-36.8768 -36.8768 -36.8768 -36.8768 -36.8768 -36.8768 -36.8768 -36.8768 -36.8768
-36.8768 -36.8768 -36.8768 -36.8768
 -1.0000   0.8403   0.8393   0.8378   0.8364   0.8356   0.8337   0.8194   0.7336
  0.5283   0.1018  -0.4976  -1.2094  -2.0427  -3.0578  -4.3601  -6.1196  -8.6059
-12.2465 -17.7189 -26.0960 -36.8768 -36.8768 -36.8768 -36.8768 -36.8768 -36.8768
-36.8768 -36.8768 -36.8768 -36.8768 -36.8768 -36.8768 -36.8768 -36.8768 -36.8768
-36.8768 -36.8768 -36.8768 -36.8768
  0.0000   0.8399   0.8392   0.8380   0.8366   0.8355   0.8337   0.8189   0.7336
  0.5285   0.1022  -0.4973  -1.2092  -2.0426  -3.0577  -4.3600  -6.1196  -8.6059
-12.2465 -17.7189 -26.0960 -36.8768 -36.8768 -36.8768 -36.8768 -36.8768 -36.8768
-36.8768 -36.8768 -36.8768 -36.8768 -36.8768 -36.8768 -36.8768 -36.8768 -36.8768
-36.8768 -36.8768 -36.8768 -36.8768
  1.0000   0.8395   0.8391   0.8383   0.8371   0.8357   0.8337   0.8181   0.7338
  0.5290   0.1033  -0.4966  -1.2087  -2.0423  -3.0574  -4.3598  -6.1193  -8.6056
-12.2462 -17.7186 -26.0957 -36.8766 -36.8766 -36.8766 -36.8766 -36.8766 -36.8766
-36.8766 -36.8766 -36.8766 -36.8766 -36.8766 -36.8766 -36.8766 -36.8766 -36.8766
-36.8766 -36.8766 -36.8766 -36.8766
  2.0000   0.8386   0.8383   0.8379   0.8369   0.8355   0.8328   0.8159   0.7335
  0.5293   0.1046  -0.4958  -1.2084  -2.0423  -3.0575  -4.3599  -6.1195  -8.6058
-12.2465 -17.7189 -26.0959 -36.8769 -36.8769 -36.8769 -36.8769 -36.8769 -36.8769
-36.8769 -36.8769 -36.8769 -36.8769 -36.8769 -36.8769 -36.8769 -36.8769 -36.8769
-36.8769 -36.8769 -36.8769 -36.8769
  3.0000   0.8378   0.8377   0.8374   0.8367   0.8353   0.8314   0.8127   0.7332
  0.5305   0.1079  -0.4935  -1.2072  -2.0416  -3.0571  -4.3597  -6.1193  -8.6057
-12.2463 -17.7187 -26.0957 -36.8768 -36.8769 -36.8769 -36.8769 -36.8769 -36.8769
-36.8769 -36.8769 -36.8769 -36.8769 -36.8769 -36.8769 -36.8769 -36.8769 -36.8769
-36.8769 -36.8769 -36.8769 -36.8769
  4.0000   0.8368   0.8367   0.8365   0.8358   0.8340   0.8285   0.8076   0.7320
  0.5329   0.1146  -0.4889  -1.2048  -2.0403  -3.0563  -4.3591  -6.1188  -8.6053
-12.2459 -17.7184 -26.0953 -36.8767 -36.8768 -36.8768 -36.8768 -36.8768 -36.8768
-36.8768 -36.8768 -36.8768 -36.8768 -36.8768 -36.8768 -36.8768 -36.8768 -36.8768
-36.8768 -36.8768 -36.8768 -36.8768
-12.0000   0.8405   0.8391   0.8375   0.8362   0.8357   0.8337   0.8199   0.7336
  0.5282   0.1014  -0.4979  -1.2095  -2.0428  -3.0578  -4.3601  -6.1196  -8.6059
-12.2465 -17.7189 -26.0960 -36.8768 -36.8768 -36.8768 -36.8768 -36.8768 -36.8768
-36.8768 -36.8768 -36.8768 -36.8768 -36.8768 -36.8768 -36.8768 -36.8768 -36.8768
-36.8768 -36.8768 -36.8768 -36.8768
-11.0000   0.8405   0.8392   0.8376   0.8363   0.8357   0.8337   0.8199   0.7336
  0.5282   0.1015  -0.4978  -1.2095  -2.0428  -3.0578  -4.3601  -6.1196  -8.6059
-12.2465 -17.7189 -26.0960 -36.8768 -36.8768 -36.8768 -36.8768 -36.8768 -36.8768
-36.8768 -36.8768 -36.8768 -36.8768 -36.8768 -36.8768 -36.8768 -36.8768 -36.8768
-36.8768 -36.8768 -36.8768 -36.8768
-10.0000   0.8405   0.8392   0.8376   0.8363   0.8356   0.8337   0.8198   0.7336
  0.5283   0.1016  -0.4978  -1.2094  -2.0428  -3.0578  -4.3601  -6.1196  -8.6059
-12.2465 -17.7189 -26.0960 -36.8768 -36.8768 -36.8768 -36.8768 -36.8768 -36.8768
-36.8768 -36.8768 -36.8768 -36.8768 -36.8768 -36.8768 -36.8768 -36.8768 -36.8768
-36.8768 -36.8768 -36.8768 -36.8768
 11.0000   0.8403   0.8393   0.8378   0.8364   0.8356   0.8337   0.8195   0.7336
  0.5283   0.1018  -0.4977  -1.2094  -2.0427  -3.0578  -4.3601  -6.1196  -8.6059
-12.2465 -17.7189 -26.0960 -36.8768 -36.8768 -36.8768 -36.8768 -36.8768 -36.8768
-36.8768 -36.8768 -36.8768 -36.8768 -36.8768 -36.8768 -36.8768 -36.8768 -36.8768
-36.8768 -36.8768 -36.8768 -36.8768
 12.0000   0.8400   0.8393   0.8380   0.8366   0.8355   0.8337   0.8190   0.7336
  0.5284   0.1021  -0.4974  -1.2092  -2.0427  -3.0577  -4.3600  -6.1196  -8.6059
-12.2465 -17.7189 -26.0959 -36.8768 -36.8768 -36.8768 -36.8768 -36.8768 -36.8768
-36.8768 -36.8768 -36.8768 -36.8768 -36.8768 -36.8768 -36.8768 -36.8768 -36.8768
-36.8768 -36.8768 -36.8768 -36.8768
 13.0000   0.8396   0.8391   0.8382   0.8369   0.8356   0.8337   0.8182   0.7337
  0.5288   0.1029  -0.4968  -1.2089  -2.0424  -3.0575  -4.3599  -6.1194  -8.6057
-12.2463 -17.7187 -26.0958 -36.8767 -36.8767 -36.8767 -36.8767 -36.8767 -36.8767
-36.8767 -36.8767 -36.8767 -36.8767 -36.8767 -36.8767 -36.8767 -36.8767 -36.8767
-36.8767 -36.8767 -36.8767 -36.8767
 14.0000   0.8387   0.8385   0.8379   0.8369   0.8355   0.8330   0.8164   0.7335
  0.5291   0.1042  -0.4961  -1.2086  -2.0423  -3.0576  -4.3600  -6.1195  -8.6059
-12.2465 -17.7189 -26.0959 -36.8769 -36.8769 -36.8769 -36.8769 -36.8769 -36.8769
-36.8769 -36.8769 -36.8769 -36.8769 -36.8769 -36.8769 -36.8769 -36.8769 -36.8769
-36.8769 -36.8769 -36.8769 -36.8769
-22.0000   0.8404   0.8391   0.8375   0.8362   0.8357   0.8337   0.8200   0.7336
  0.5282   0.1014  -0.4979  -1.2095  -2.0428  -3.0578  -4.3601  -6.1196  -8.6059
-12.2465 -17.7189 -26.0960 -36.8768 -36.8768 -36.8768 -36.8768 -36.8768 -36.8768
-36.8768 -36.8768 -36.8768 -36.8768 -36.8768 -36.8768 -36.8768 -36.8768 -36.8768
-36.8768 -36.8768 -36.8768 -36.8768
-21.0000   0.8404   0.8391   0.8375   0.8362   0.8357   0.8337   0.8200   0.7336
  0.5282   0.1014  -0.4979  -1.2095  -2.0428  -3.0578  -4.3601  -6.1196  -8.6059
-12.2465 -17.7189 -26.0960 -36.8768 -36.8768 -36.8768 -36.8768 -36.8768 -36.8768
-36.8768 -36.8768 -36.8768 -36.8768 -36.8768 -36.8768 -36.8768 -36.8768 -36.8768
-36.8768 -36.8768 -36.8768 -36.8768
-20.0000   0.8404   0.8391   0.8375   0.8362   0.8357   0.8337   0.8199   0.7336
  0.5282   0.1014  -0.4979  -1.2095  -2.0428  -3.0578  -4.3601  -6.1196  -8.6059
-12.2465 -17.7189 -26.0960 -36.8768 -36.8768 -36.8768 -36.8768 -36.8768 -36.8768
-36.8768 -36.8768 -36.8768 -36.8768 -36.8768 -36.8768 -36.8768 -36.8768 -36.8768
-36.8768 -36.8768 -36.8768 -36.8768
 21.0000   0.8405   0.8392   0.8376   0.8363   0.8357   0.8337   0.8199   0.7336
  0.5282   0.1015  -0.4978  -1.2095  -2.0428  -3.0578  -4.3601  -6.1196  -8.6059
-12.2465 -17.7189 -26.0960 -36.8768 -36.8768 -36.8768 -36.8768 -36.8768 -36.8768
-36.8768 -36.8768 -36.8768 -36.8768 -36.8768 -36.8768 -36.8768 -36.8768 -36.8768
-36.8768 -36.8768 -36.8768 -36.8768
 22.0000   0.8405   0.8392   0.8376   0.8363   0.8356   0.8337   0.8198   0.7336
  0.5283   0.1016  -0.4978  -1.2094  -2.0428  -3.0578  -4.3601  -6.1196  -8.6059
-12.2465 -17.7189 -26.0960 -36.8768 -36.8768 -36.8768 -36.8768 -36.8768 -36.8768
-36.8768 -36.8768 -36.8768 -36.8768 -36.8768 -36.8768 -36.8768 -36.8768 -36.8768
-36.8768 -36.8768 -36.8768 -36.8768
 23.0000   0.8405   0.8394   0.8378   0.8365   0.8357   0.8338   0.8197   0.7337
  0.5284   0.1018  -0.4976  -1.2093  -2.0426  -3.0577  -4.3600  -6.1195  -8.6058
-12.2464 -17.7188 -26.0959 -36.8767 -36.8767 -36.8767 -36.8767 -36.8767 -36.8767
-36.8767 -36.8767 -36.8767 -36.8767 -36.8767 -36.8767 -36.8767 -36.8767 -36.8767
-36.8767 -36.8767 -36.8767 -36.8767
 24.0000   0.8402   0.8394   0.8380   0.8366   0.8356   0.8338   0.8193   0.7337
  0.5285   0.1021  -0.4974  -1.2092  -2.0426  -3.0576  -4.3599  -6.1195  -8.6058
-12.2464 -17.7188 -26.0958 -36.8767 -36.8767 -36.8767 -36.8767 -36.8767 -36.8767
-36.8767 -36.8767 -36.8767 -36.8767 -36.8767 -36.8767 -36.8767 -36.8767 -36.8767
-36.8767 -36.8767 -36.8767 -36.8767
-32.0000   0.8405   0.8392   0.8376   0.8363   0.8358   0.8338   0.8201   0.7337
  0.5283   0.1015  -0.4978  -1.2094  -2.0427  -3.0577  -4.3600  -6.1195  -8.6058
-12.2464 -17.7188 -26.0959 -36.8767 -36.8767 -36.8767 -36.8767 -36.8767 -36.8767
-36.8767 -36.8767 -36.8767 -36.8767 -36.8767 -36.8767 -36.8767 -36.8767 -36.8767
-36.8767 -36.8767 -36.8767 -36.8767
-31.0000   0.8405   0.8392   0.8376   0.8363   0.8358   0.8338   0.8201   0.7337
  0.5283   0.1015  -0.4978  -1.2094  -2.0427  -3.0577  -4.3600  -6.1195  -8.6058
-12.2464 -17.7188 -26.0959 -36.8767 -36.8767 -36.8767 -36.8767 -36.8767 -36.8767
-36.8767 -36.8767 -36.8767 -36.8767 -36.8767 -36.8767 -36.8767 -36.8767 -36.8767
-36.8767 -36.8767 -36.8767 -36.8767
-30.0000   0.8405   0.8392   0.8376   0.8363   0.8358   0.8338   0.8201   0.7337
  0.5283   0.1015  -0.4978  -1.2094  -2.0427  -3.0577  -4.3600  -6.1195  -8.6058
-12.2464 -17.7188 -26.0959 -36.8767 -36.8767 -36.8767 -36.8767 -36.8767 -36.8767
-36.8767 -36.8767 -36.8767 -36.8767 -36.8767 -36.8767 -36.8767 -36.8767 -36.8767
-36.8767 -36.8767 -36.8767 -36.8767
 31.0000   0.8405   0.8392   0.8376   0.8363   0.8358   0.8338   0.8201   0.7337
  0.5283   0.1015  -0.4978  -1.2094  -2.0427  -3.0577  -4.3600  -6.1195  -8.6058
-12.2464 -17.7188 -26.0959 -36.8767 -36.8767 -36.8767 -36.8767 -36.8767 -36.8767
-36.8767 -36.8767 -36.8767 -36.8767 -36.8767 -36.8767 -36.8767 -36.8767 -36.8767
-36.8767 -36.8767 -36.8767 -36.8767
 32.0000   0.8405   0.8392   0.8376   0.8363   0.8358   0.8338   0.8201   0.7337
  0.5283   0.1015  -0.4978  -1.2094  -2.0427  -3.0577  -4.3600  -6.1195  -8.6058
-12.2464 -17.7188 -26.0959 -36.8767 -36.8767 -36.8767 -36.8767 -36.8767 -36.8767
-36.8767 -36.8767 -36.8767 -36.8767 -36.8767 -36.8767 -36.8767 -36.8767 -36.8767
-36.8767 -36.8767 -36.8767 -36.8767
 33.0000   0.8406   0.8393   0.8377   0.8363   0.8358   0.8338   0.8200   0.7337
  0.5283   0.1016  -0.4978  -1.2094  -2.0427  -3.0577  -4.3600  -6.1195  -8.6058
-12.2464 -17.7188 -26.0959 -36.8767 -36.8767 -36.8767 -36.8767 -36.8767 -36.8767
-36.8767 -36.8767 -36.8767 -36.8767 -36.8767 -36.8767 -36.8767 -36.8767 -36.8767
-36.8767 -36.8767 -36.8767 -36.8767
 34.0000   0.8406   0.8393   0.8377   0.8364   0.8357   0.8338   0.8199   0.7337
  0.5283   0.1016  -0.4977  -1.2094  -2.0427  -3.0577  -4.3600  -6.1195  -8.6058
-12.2464 -17.7188 -26.0959 -36.8767 -36.8767 -36.8767 -36.8767 -36.8767 -36.8767
-36.8767 -36.8767 -36.8767 -36.8767 -36.8767 -36.8767 -36.8767 -36.8767 -36.8767
-36.8767 -36.8767 -36.8767 -36.8767
-42.0000   0.8405   0.8392   0.8376   0.8363   0.8358   0.8338   0.8201   0.7337
  0.5283   0.1015  -0.4978  -1.2094  -2.0427  -3.0577  -4.3600  -6.1195  -8.6058
-12.2464 -17.7188 -26.0959 -36.8767 -36.8767 -36.8767 -36.8767 -36.8767 -36.8767
-36.8767 -36.8767 -36.8767 -36.8767 -36.8767 -36.8767 -36.8767 -36.8767 -36.8767
-36.8767 -36.8767 -36.8767 -36.8767
-41.0000   0.8405   0.8392   0.8376   0.8363   0.8358   0.8338   0.8201   0.7337
  0.5283   0.1015  -0.4978  -1.2094  -2.0427  -3.0577  -4.3600  -6.1195  -8.6058
-12.2464 -17.7188 -26.0959 -36.8767 -36.8767 -36.8767 -36.8767 -36.8767 -36.8767
-36.8767 -36.8767 -36.8767 -36.8767 -36.8767 -36.8767 -36.8767 -36.8767 -36.8767
-36.8767 -36.8767 -36.8767 -36.8767
-40.0000   0.8405   0.8392   0.8376   0.8363   0.8358   0.8338   0.8201   0.7337
  0.5283   0.1015  -0.4978  -1.2094  -2.0427  -3.0577  -4.3600  -6.1195  -8.6058
-12.2464 -17.7188 -26.0959 -36.8767 -36.8767 -36.8767 -36.8767 -36.8767 -36.8767
-36.8767 -36.8767 -36.8767 -36.8767 -36.8767 -36.8767 -36.8767 -36.8767 -36.8767
-36.8767 -36.8767 -36.8767 -36.8767
 41.0000   0.8405   0.8392   0.8376   0.8363   0.8358   0.8338   0.8201   0.7337
  0.5283   0.1015  -0.4978  -1.2094  -2.0427  -3.0577  -4.3600  -6.1195  -8.6058
-12.2464 -17.7188 -26.0959 -36.8767 -36.8767 -36.8767 -36.8767 -36.8767 -36.8767
-36.8767 -36.8767 -36.8767 -36.8767 -36.8767 -36.8767 -36.8767 -36.8767 -36.8767
-36.8767 -36.8767 -36.8767 -36.8767
 42.0000   0.8405   0.8392   0.8376   0.8363   0.8358   0.8338   0.8201   0.7337
  0.5283   0.1015  -0.4978  -1.2094  -2.0427  -3.0577  -4.3600  -6.1195  -8.6058
-12.2464 -17.7188 -26.0959 -36.8767 -36.8767 -36.8767 -36.8767 -36.8767 -36.8767
-36.8767 -36.8767 -36.8767 -36.8767 -36.8767 -36.8767 -36.8767 -36.8767 -36.8767
-36.8767 -36.8767 -36.8767 -36.8767
 43.0000   0.8405   0.8392   0.8376   0.8363   0.8358   0.8338   0.8201   0.7337
  0.5283   0.1015  -0.4978  -1.2094  -2.0427  -3.0577  -4.3600  -6.1195  -8.6058
-12.2464 -17.7188 -26.0959 -36.8767 -36.8767 -36.8767 -36.8767 -36.8767 -36.8767
-36.8767 -36.8767 -36.8767 -36.8767 -36.8767 -36.8767 -36.8767 -36.8767 -36.8767
-36.8767 -36.8767 -36.8767 -36.8767
 44.0000   0.8404   0.8391   0.8375   0.8362   0.8357   0.8337   0.8200   0.7336
  0.5282   0.1014  -0.4979  -1.2095  -2.0428  -3.0578  -4.3601  -6.1196  -8.6059
-12.2465 -17.7189 -26.0960 -36.8768 -36.8768 -36.8768 -36.8768 -36.8768 -36.8768
-36.8768 -36.8768 -36.8768 -36.8768 -36.8768 -36.8768 -36.8768 -36.8768 -36.8768
-36.8768 -36.8768 -36.8768 -36.8768
-52.0000   0.8405   0.8392   0.8376   0.8363   0.8358   0.8338   0.8201   0.7337
  0.5283   0.1015  -0.4978  -1.2094  -2.0427  -3.0577  -4.3600  -6.1195  -8.6058
-12.2464 -17.7188 -26.0959 -36.8767 -36.8767 -36.8767 -36.8767 -36.8767 -36.8767
-36.8767 -36.8767 -36.8767 -36.8767 -36.8767 -36.8767 -36.8767 -36.8767 -36.8767
-36.8767 -36.8767 -36.8767 -36.8767
-51.0000   0.8405   0.8392   0.8376   0.8363   0.8358   0.8338   0.8201   0.7337
  0.5283   0.1015  -0.4978  -1.2094  -2.0427  -3.0577  -4.3600  -6.1195  -8.6058
-12.2464 -17.7188 -26.0959 -36.8767 -36.8767 -36.8767 -36.8767 -36.8767 -36.8767
-36.8767 -36.8767 -36.8767 -36.8767 -36.8767 -36.8767 -36.8767 -36.8767 -36.8767
-36.8767 -36.8767 -36.8767 -36.8767
-50.0000   0.8405   0.8392   0.8376   0.8363   0.8358   0.8338   0.8201   0.7337
  0.5283   0.1015  -0.4978  -1.2094  -2.0427  -3.0577  -4.3600  -6.1195  -8.6058
-12.2464 -17.7188 -26.0959 -36.8767 -36.8767 -36.8767 -36.8767 -36.8767 -36.8767
-36.8767 -36.8767 -36.8767 -36.8767 -36.8767 -36.8767 -36.8767 -36.8767 -36.8767
-36.8767 -36.8767 -36.8767 -36.8767
 51.0000   0.8405   0.8392   0.8376   0.8363   0.8358   0.8338   0.8201   0.7337
  0.5283   0.1015  -0.4978  -1.2094  -2.0427  -3.0577  -4.3600  -6.1195  -8.6058
-12.2464 -17.7188 -26.0959 -36.8767 -36.8767 -36.8767 -36.8767 -36.8767 -36.8767
-36.8767 -36.8767 -36.8767 -36.8767 -36.8767 -36.8767 -36.8767 -36.8767 -36.8767
-36.8767 -36.8767 -36.8767 -36.8767
 52.0000   0.8405   0.8392   0.8376   0.8363   0.8358   0.8338   0.8201   0.7337
  0.5283   0.1015  -0.4978  -1.2094  -2.0427  -3.0577  -4.3600  -6.1195  -8.6058
-12.2464 -17.7188 -26.0959 -36.8767 -36.8767 -36.8767 -36.8767 -36.8767 -36.8767
-36.8767 -36.8767 -36.8767 -36.8767 -36.8767 -36.8767 -36.8767 -36.8767 -36.8767
-36.8767 -36.8767 -36.8767 -36.8767
 53.0000   0.8405   0.8392   0.8376   0.8363   0.8358   0.8338   0.8201   0.7337
  0.5283   0.1015  -0.4978  -1.2094  -2.0427  -3.0577  -4.3600  -6.1195  -8.6058
-12.2464 -17.7188 -26.0959 -36.8767 -36.8767 -36.8767 -36.8767 -36.8767 -36.8767
-36.8767 -36.8767 -36.8767 -36.8767 -36.8767 -36.8767 -36.8767 -36.8767 -36.8767
-36.8767 -36.8767 -36.8767 -36.8767
 54.0000   0.8407   0.8394   0.8378   0.8365   0.8360   0.8340   0.8203   0.7339
  0.5285   0.1017  -0.4976  -1.2092  -2.0425  -3.0575  -4.3598  -6.1193  -8.6056
-12.2462 -17.7186 -26.0957 -36.8765 -36.8765 -36.8765 -36.8765 -36.8765 -36.8765
-36.8765 -36.8765 -36.8765 -36.8765 -36.8765 -36.8765 -36.8765 -36.8765 -36.8765
-36.8765 -36.8765 -36.8765 -36.8765
-62.0000   0.7172   0.7159   0.7143   0.7130   0.7125   0.7105   0.6968   0.6104
  0.4050  -0.0218  -0.6211  -1.3327  -2.1660  -3.1810  -4.4833  -6.2428  -8.7291
-12.3697 -17.8421 -26.2192 -37.0000 -37.0000 -37.0000 -37.0000 -37.0000 -37.0000
-37.0000 -37.0000 -37.0000 -37.0000 -37.0000 -37.0000 -37.0000 -37.0000 -37.0000
-37.0000 -37.0000 -37.0000 -37.0000
-61.0000   0.7172   0.7159   0.7143   0.7130   0.7125   0.7105   0.6968   0.6104
  0.4050  -0.0218  -0.6211  -1.3327  -2.1660  -3.1810  -4.4833  -6.2428  -8.7291
-12.3697 -17.8421 -26.2192 -37.0000 -37.0000 -37.0000 -37.0000 -37.0000 -37.0000
-37.0000 -37.0000 -37.0000 -37.0000 -37.0000 -37.0000 -37.0000 -37.0000 -37.0000
-37.0000 -37.0000 -37.0000 -37.0000
-60.0000   0.7172   0.7159   0.7143   0.7130   0.7125   0.7105   0.6968   0.6104
  0.4050  -0.0218  -0.6211  -1.3327  -2.1660  -3.1810  -4.4833  -6.2428  -8.7291
-12.3697 -17.8421 -26.2192 -37.0000 -37.0000 -37.0000 -37.0000 -37.0000 -37.0000
-37.0000 -37.0000 -37.0000 -37.0000 -37.0000 -37.0000 -37.0000 -37.0000 -37.0000
-37.0000 -37.0000 -37.0000 -37.0000
 61.0000   0.7172   0.7159   0.7143   0.7130   0.7125   0.7105   0.6968   0.6104
  0.4050  -0.0218  -0.6211  -1.3327  -2.1660  -3.1810  -4.4833  -6.2428  -8.7291
-12.3697 -17.8421 -26.2192 -37.0000 -37.0000 -37.0000 -37.0000 -37.0000 -37.0000
-37.0000 -37.0000 -37.0000 -37.0000 -37.0000 -37.0000 -37.0000 -37.0000 -37.0000
-37.0000 -37.0000 -37.0000 -37.0000
 62.0000   0.7172   0.7159   0.7143   0.7130   0.7125   0.7105   0.6968   0.6104
  0.4050  -0.0218  -0.6211  -1.3327  -2.1660  -3.1810  -4.4833  -6.2428  -8.7291
-12.3697 -17.8421 -26.2192 -37.0000 -37.0000 -37.0000 -37.0000 -37.0000 -37.0000
-37.0000 -37.0000 -37.0000 -37.0000 -37.0000 -37.0000 -37.0000 -37.0000 -37.0000
-37.0000 -37.0000 -37.0000 -37.0000
 63.0000   0.7172   0.7159   0.7143   0.7130   0.7125   0.7105   0.6968   0.6104
  0.4050  -0.0218  -0.6211  -1.3327  -2.1660  -3.1810  -4.4833  -6.2428  -8.7291
-12.3697 -17.8421 -26.2192 -37.0000 -37.0000 -37.0000 -37.0000 -37.0000 -37.0000
-37.0000 -37.0000 -37.0000 -37.0000 -37.0000 -37.0000 -37.0000 -37.0000 -37.0000
-37.0000 -37.0000 -37.0000 -37.0000
 64.0000   0.7172   0.7159   0.7143   0.7130   0.7125   0.7105   0.6968   0.6104
  0.4050  -0.0218  -0.6211  -1.3327  -2.1660  -3.1810  -4.4833  -6.2428  -8.7291
-12.3697 -17.8421 -26.2192 -37.0000 -37.0000 -37.0000 -37.0000 -37.0000 -37.0000
-37.0000 -37.0000 -37.0000 -37.0000 -37.0000 -37.0000 -37.0000 -37.0000 -37.0000
-37.0000 -37.0000 -37.0000 -37.0000
nl= 1 nu=20
  0.0000  -0.7793  -0.7793  -0.7793  -0.7793  -0.7793  -0.7793  -0.7794  -0.7794
 -0.7797  -0.7802  -0.7817  -0.7853  -0.7943  -0.8170  -0.8740  -1.0171  -1.3760
 -2.2703  -4.1696  -5.1445  -5.8137  -6.3500  -6.8808  -7.4242  -7.9898  -8.5924
 -9.2542 -10.0102 -10.9160 -12.0589 -13.5777 -15.6924 -18.7515 -23.3074 -30.2355
-36.9992 -36.9992 -36.9992
  0.0000  -0.9293  -0.9293  -0.9293  -0.9293  -0.9293  -0.9293  -0.9293  -0.9293
 -0.9294  -0.9297  -0.9304  -0.9323  -0.9368  -0.9482  -0.9768  -1.0487  -1.2292
 -1.6821  -2.8105  -4.9541  -5.7831  -6.3414  -6.8771  -7.4228  -7.9894  -8.5924
 -9.2546 -10.0108 -10.9165 -12.0595 -13.5784 -15.6931 -18.7522 -23.3081 -30.2362
-36.9999 -36.9999 -36.9999
  0.0000  -1.0800  -1.0800  -1.0800  -1.0800  -1.0800  -1.0800  -1.0800  -1.0801
 -1.0801  -1.0803  -1.0806  -1.0815  -1.0838  -1.0895  -1.1039  -1.1399  -1.2304
 -1.4578  -2.0282  -3.4491  -5.6887  -6.3233  -6.8696  -7.4198  -7.9884  -8.5924
 -9.2549 -10.0115 -10.9174 -12.0603 -13.5792 -15.6940 -18.7532 -23.3091 -30.2372
-37.0009 -37.0009 -37.0009
  0.0000  -1.2288  -1.2288  -1.2288  -1.2288  -1.2288  -1.2288  -1.2288  -1.2288
 -1.2288  -1.2289  -1.2291  -1.2295  -1.2307  -1.2335  -1.2407  -1.2588  -1.3041
 -1.4180  -1.7040  -2.4218  -4.2069  -6.2777  -6.8515  -7.4110  -7.9834  -8.5891
 -9.2526 -10.0095 -10.9156 -12.0588 -13.5778 -15.6926 -18.7517 -23.3076 -30.2358
-36.9996 -36.9996 -36.9996
  0.0000  -1.3795  -1.3795  -1.3795  -1.3795  -1.3795  -1.3796  -1.3796  -1.3796
 -1.3796  -1.3796  -1.3797  -1.3799  -1.3805  -1.3819  -1.3855  -1.3945  -1.4172
 -1.4742  -1.6174  -1.9769  -2.8795  -5.1087  -6.8177  -7.3969  -7.9770  -8.5861
 -9.2511 -10.0088 -10.9154 -12.0588 -13.5780 -15.6929 -18.7521 -23.3080 -30.2362
-37.0001 -37.0001 -37.0001
  0.0000  -1.5292  -1.5292  -1.5292  -1.5292  -1.5292  -1.5292  -1.5292  -1.5292
 -1.5292  -1.5293  -1.5293  -1.5294  -1.5297  -1.5304  -1.5322  -1.5367  -1.5481
 -1.5766  -1.6482  -1.8281  -2.2799  -3.4142  -6.1392  -7.3674  -7.9631  -8.5787
 -9.2467 -10.0061 -10.9135 -12.0574 -13.5768 -15.6918 -18.7510 -23.3070 -30.2353
-36.9994 -36.9994 -36.9994
  0.0000  -1.6813  -1.6813  -1.6813  -1.6813  -1.6814  -1.6814  -1.6814  -1.6814
 -1.6814  -1.6814  -1.6814  -1.6814  -1.6816  -1.6819  -1.6828  -1.6851  -1.6908
 -1.7050  -1.7408  -1.8308  -2.0568  -2.6245  -4.0494  -7.1399  -7.9396  -8.5683
 -9.2419 -10.0041 -10.9130 -12.0577 -13.5775 -15.6928 -18.7523 -23.3083 -30.2366
-37.0010 -37.0011 -37.0011
  0.0000  -0.4530  -0.4530  -0.4530  -0.4530  -0.4530  -0.4531  -0.4532  -0.4537
 -0.4547  -0.4573  -0.4638  -0.4801  -0.5211  -0.6241  -0.8818  -1.5210  -2.9455
 -4.0530  -4.7879  -5.3403  -5.8689  -6.4077  -6.9647  -7.5531  -8.1921  -8.9118
 -9.7599 -10.8114 -12.1852 -14.0702 -16.7651 -20.7439 -26.7573 -35.9954 -36.9996
-36.9996 -36.9996 -36.9996
  0.0000  -0.5995  -0.5995  -0.5996  -0.5996  -0.5996  -0.5996  -0.5997  -0.5999
 -0.6004  -0.6017  -0.6050  -0.6133  -0.6341  -0.6863  -0.8173  -1.1455  -1.9603
 -3.6874  -4.7337  -5.3280  -5.8627  -6.4048  -6.9632  -7.5522  -8.1915  -8.9115
 -9.7596 -10.8111 -12.1851 -14.0701 -16.7650 -20.7437 -26.7571 -35.9953 -36.9995
-36.9995 -36.9995 -36.9995
  0.0000  -0.7479  -0.7479  -0.7480  -0.7480  -0.7480  -0.7480  -0.7480  -0.7481
 -0.7484  -0.7490  -0.7507  -0.7549  -0.7654  -0.7917  -0.8577  -1.0236  -1.4394
 -2.4726  -4.4892  -5.3021  -5.8512  -6.3997  -6.9607  -7.5509  -8.1909  -8.9112
 -9.7595 -10.8112 -12.1851 -14.0701 -16.7651 -20.7439 -26.7572 -35.9955 -36.9997
-36.9997 -36.9997 -36.9997
  0.0000  -0.8968  -0.8968  -0.8968  -0.8968  -0.8968  -0.8968  -0.8968  -0.8969
 -0.8970  -0.8973  -0.8982  -0.9003  -0.9055  -0.9188  -0.9520  -1.0353  -1.2447
 -1.7698  -3.0755  -5.2028  -5.8280  -6.3893  -6.9555  -7.5482  -8.1892  -8.9101
 -9.7588 -10.8106 -12.1847 -14.0697 -16.7647 -20.7435 -26.7569 -35.9952 -36.9994
-36.9994 -36.9994 -36.9994
  0.0000  -1.0467  -1.0467  -1.0467  -1.0467  -1.0467  -1.0467  -1.0467  -1.0468
 -1.0468  -1.0470  -1.0474  -1.0485  -1.0511  -1.0577  -1.0744  -1.1162  -1.2212
 -1.4850  -2.1468  -3.7898  -5.7769  -6.3703  -6.9464  -7.5436  -8.1869  -8.9089
 -9.7581 -10.8102 -12.1845 -14.0697 -16.7647 -20.7436 -26.7570 -35.9953 -36.9996
-36.9996 -36.9996 -36.9996
  0.0000  -1.1969  -1.1969  -1.1969  -1.1969  -1.1969  -1.1969  -1.1969  -1.1969
 -1.1970  -1.1970  -1.1972  -1.1978  -1.1991  -1.2024  -1.2107  -1.2317  -1.2843
 -1.4164  -1.7483  -2.5811  -4.6339  -6.3308  -6.9295  -7.5353  -8.1825  -8.9065
 -9.7568 -10.8095 -12.1841 -14.0696 -16.7647 -20.7436 -26.7569 -35.9955 -36.9999
-36.9999 -36.9999 -36.9999
  0.0000  -1.3467  -1.3467  -1.3467  -1.3467  -1.3467  -1.3467  -1.3467  -1.3467
 -1.3467  -1.3468  -1.3469  -1.3471  -1.3478  -1.3494  -1.3536  -1.3641  -1.3904
 -1.4565  -1.6227  -2.0399  -3.0870  -5.6058  -6.8951  -7.5190  -8.1736  -8.9013
 -9.7534 -10.8072 -12.1823 -14.0681 -16.7635 -20.7426 -26.7557 -35.9948 -36.9993
-36.9993 -36.9993 -36.9993
  0.0000  -0.1383  -0.1383  -0.1383  -0.1384  -0.1385  -0.1388  -0.1395  -0.1413
 -0.1458  -0.1570  -0.1853  -0.2561  -0.4329  -0.8679  -1.8481  -2.9632  -3.7500
 -4.3277  -4.8558  -5.3916  -5.9417  -6.5181  -7.1377  -7.8264  -8.6251  -9.5981
-10.8476 -12.5355 -14.9181 -18.4018 -23.6306 -31.6252 -36.9990 -36.9990 -36.9990
-36.9990 -36.9990 -36.9990
  0.0000  -0.2775  -0.2775  -0.2775  -0.2776  -0.2776  -0.2778  -0.2781  -0.2791
 -0.2814  -0.2872  -0.3019  -0.3388  -0.4313  -0.6625  -1.2327  -2.4880  -3.6629
 -4.3114  -4.8474  -5.3878  -5.9397  -6.5171  -7.1371  -7.8260  -8.6248  -9.5979
-10.8476 -12.5355 -14.9181 -18.4018 -23.6306 -31.6252 -36.9990 -36.9990 -36.9990
-36.9990 -36.9990 -36.9990
  0.0000  -0.4211  -0.4211  -0.4211  -0.4211  -0.4211  -0.4212  -0.4214  -0.4219
 -0.4231  -0.4261  -0.4336  -0.4525  -0.5000  -0.6190  -0.9169  -1.6533  -3.2292
 -4.2718  -4.8317  -5.3809  -5.9363  -6.5152  -7.1361  -7.8255  -8.6245  -9.5978
-10.8475 -12.5354 -14.9180 -18.4019 -23.6306 -31.6253 -36.9991 -36.9991 -36.9991
-36.9991 -36.9991 -36.9991
  0.0000  -0.5667  -0.5667  -0.5667  -0.5667  -0.5667  -0.5668  -0.5668  -0.5671
 -0.5677  -0.5692  -0.5730  -0.5826  -0.6067  -0.6672  -0.8190  -1.1993  -2.1416
 -4.0099  -4.7994  -5.3668  -5.9290  -6.5111  -7.1335  -7.8237  -8.6231  -9.5966
-10.8464 -12.5345 -14.9172 -18.4009 -23.6297 -31.6245 -36.9983 -36.9983 -36.9983
-36.9983 -36.9983 -36.9983
  0.0000  -0.7160  -0.7160  -0.7160  -0.7160  -0.7160  -0.7160  -0.7160  -0.7162
 -0.7165  -0.7172  -0.7192  -0.7240  -0.7361  -0.7667  -0.8433  -1.0358  -1.5181
 -2.7147  -4.6912  -5.3418  -5.9181  -6.5061  -7.1314  -7.8230  -8.6232  -9.5971
-10.8472 -12.5354 -14.9182 -18.4019 -23.6308 -31.6256 -36.9995 -36.9995 -36.9995
-36.9995 -36.9995 -36.9995
  0.0000  -0.8647  -0.8647  -0.8647  -0.8647  -0.8647  -0.8648  -0.8648  -0.8648
 -0.8650  -0.8654  -0.8663  -0.8688  -0.8749  -0.8902  -0.9287  -1.0255  -1.2685
 -1.8780  -3.3865  -5.2806  -5.8947  -6.4947  -7.1250  -7.8192  -8.6208  -9.5954
-10.8460 -12.5344 -14.9174 -18.4013 -23.6301 -31.6250 -36.9991 -36.9991 -36.9991
-36.9991 -36.9991 -36.9991
  0.0000  -1.0140  -1.0140  -1.0140  -1.0140  -1.0140  -1.0140  -1.0140  -1.0140
 -1.0141  -1.0143  -1.0148  -1.0160  -1.0190  -1.0267  -1.0460  -1.0946  -1.2165
 -1.5226  -2.2906  -4.1774  -5.8484  -6.4738  -7.1142  -7.8129  -8.6169  -9.5929
-10.8442 -12.5330 -14.9163 -18.4003 -23.6292 -31.6244 -36.9987 -36.9987 -36.9987
-36.9987 -36.9987 -36.9987
  0.0000   0.1429   0.1429   0.1428   0.1426   0.1422   0.1411   0.1384   0.1315
  0.1143   0.0711  -0.0361  -0.2979  -0.8907  -1.8205  -2.6175  -3.2986  -3.8411
 -4.3754  -4.9206  -5.4874  -6.0906  -6.7528  -7.5091  -8.4150  -9.5580 -11.0768
-13.1916 -16.2507 -20.8066 -27.7348 -36.9984 -36.9984 -36.9984 -36.9984 -36.9984
-36.9984 -36.9984 -36.9984
  0.0000   0.0233   0.0232   0.0232   0.0231   0.0229   0.0223   0.0207   0.0169
  0.0073  -0.0169  -0.0773  -0.2277  -0.5951  -1.4138  -2.5011  -3.2656  -3.8309
 -4.3702  -4.9181  -5.4859  -6.0897  -6.7523  -7.5088  -8.4148  -9.5579 -11.0768
-13.1915 -16.2507 -20.8066 -27.7348 -36.9984 -36.9984 -36.9984 -36.9984 -36.9984
-36.9984 -36.9984 -36.9984
  0.0000  -0.1073  -0.1073  -0.1073  -0.1074  -0.1075  -0.1078  -0.1087  -0.1107
 -0.1159  -0.1288  -0.1613  -0.2428  -0.4459  -0.9434  -2.0359  -3.1840  -3.8104
 -4.3607  -4.9133  -5.4835  -6.0884  -6.7515  -7.5084  -8.4145  -9.5576 -11.0766
-13.1915 -16.2506 -20.8066 -27.7347 -36.9984 -36.9984 -36.9984 -36.9984 -36.9984
-36.9984 -36.9984 -36.9984
  0.0000  -0.2455  -0.2455  -0.2455  -0.2456  -0.2456  -0.2458  -0.2462  -0.2473
 -0.2500  -0.2568  -0.2738  -0.3164  -0.4234  -0.6905  -1.3478  -2.7513  -3.7652
 -4.3426  -4.9049  -5.4791  -6.0860  -6.7502  -7.5076  -8.4140  -9.5574 -11.0765
-13.1914 -16.2506 -20.8065 -27.7347 -36.9985 -36.9985 -36.9985 -36.9985 -36.9985
-36.9985 -36.9985 -36.9985
  0.0000  -0.3879  -0.3879  -0.3880  -0.3880  -0.3880  -0.3881  -0.3883  -0.3889
 -0.3902  -0.3937  -0.4024  -0.4244  -0.4794  -0.6175  -0.9629  -1.8153  -3.4964
 -4.3058  -4.8883  -5.4703  -6.0810  -6.7470  -7.5054  -8.4124  -9.5561 -11.0754
-13.1904 -16.2497 -20.8057 -27.7339 -36.9978 -36.9978 -36.9978 -36.9978 -36.9978
-36.9978 -36.9978 -36.9978
  0.0000  -0.5352  -0.5352  -0.5352  -0.5352  -0.5352  -0.5352  -0.5353  -0.5356
 -0.5363  -0.5381  -0.5425  -0.5536  -0.5816  -0.6518  -0.8281  -1.2695  -2.3597
 -4.1790  -4.8587  -5.4568  -6.0742  -6.7436  -7.5039  -8.4119  -9.5561 -11.0758
-13.1910 -16.2503 -20.8065 -27.7346 -36.9987 -36.9988 -36.9988 -36.9988 -36.9988
-36.9988 -36.9988 -36.9988
  0.0000  -0.6831  -0.6831  -0.6831  -0.6831  -0.6831  -0.6831  -0.6832  -0.6833
 -0.6837  -0.6846  -0.6868  -0.6924  -0.7065  -0.7420  -0.8310  -1.0544  -1.6144
 -2.9941  -4.7875  -5.4300  -6.0608  -6.7362  -7.4994  -8.4092  -9.5544 -11.0745
-13.1901 -16.2496 -20.8059 -27.7339 -36.9986 -36.9987 -36.9987 -36.9987 -36.9987
-36.9987 -36.9987 -36.9987
  0.0000   0.3533   0.3532   0.3530   0.3525   0.3513   0.3481   0.3403   0.3207
  0.2718   0.1521  -0.1274  -0.6858  -1.4390  -2.2357  -2.8154  -3.3537  -3.8978
 -4.4577  -5.0476  -5.6876  -6.4078  -7.2563  -8.3079  -9.6819 -11.5669 -14.2618
-18.2406 -24.2540 -33.4921 -36.9964 -36.9964 -36.9964 -36.9964 -36.9964 -36.9964
-36.9964 -36.9964 -36.9964
  0.0000   0.2689   0.2689   0.2687   0.2684   0.2676   0.2655   0.2604   0.2475
  0.2153   0.1352  -0.0596  -0.5036  -1.2962  -2.1756  -2.8059  -3.3507  -3.8981
 -4.4596  -5.0503  -5.6906  -6.4112  -7.2596  -8.3113  -9.6854 -11.5704 -14.2654
-18.2442 -24.2575 -33.4957 -37.0000 -37.0000 -37.0000 -37.0000 -37.0000 -37.0000
-37.0000 -37.0000 -37.0000
  0.0000   0.1719   0.1719   0.1718   0.1716   0.1711   0.1699   0.1668   0.1590
  0.1395   0.0907  -0.0306  -0.3252  -0.9852  -2.0172  -2.7743  -3.3345  -3.8889
 -4.4531  -5.0452  -5.6863  -6.4073  -7.2560  -8.3079  -9.6820 -11.5670 -14.2622
-18.2409 -24.2542 -33.4925 -36.9968 -36.9968 -36.9968 -36.9968 -36.9968 -36.9968
-36.9968 -36.9968 -36.9968
  0.0000   0.0551   0.0551   0.0550   0.0549   0.0546   0.0539   0.0522   0.0478
  0.0367   0.0090  -0.0604  -0.2331  -0.6543  -1.5857  -2.6935  -3.3097  -3.8777
 -4.4472  -5.0420  -5.6845  -6.4062  -7.2554  -8.3075  -9.6818 -11.5669 -14.2620
-18.2408 -24.2542 -33.4924 -36.9968 -36.9968 -36.9968 -36.9968 -36.9968 -36.9968
-36.9968 -36.9968 -36.9968
  0.0000  -0.0743  -0.0743  -0.0743  -0.0744  -0.0746  -0.0749  -0.0759  -0.0783
 -0.0842  -0.0992  -0.1369  -0.2313  -0.4666  -1.0432  -2.2749  -3.2588  -3.8567
 -4.4369  -5.0364  -5.6813  -6.4044  -7.2542  -8.3068  -9.6813 -11.5667 -14.2618
-18.2407 -24.2541 -33.4924 -36.9969 -36.9969 -36.9969 -36.9969 -36.9969 -36.9969
-36.9969 -36.9969 -36.9969
  0.0000  -0.2116  -0.2116  -0.2117  -0.2117  -0.2118  -0.2120  -0.2125  -0.2137
 -0.2168  -0.2247  -0.2445  -0.2941  -0.4184  -0.7292  -1.4923  -2.9888  -3.8149
 -4.4173  -5.0261  -5.6752  -6.4005  -7.2518  -8.3051  -9.6800 -11.5656 -14.2609
-18.2399 -24.2534 -33.4917 -36.9964 -36.9964 -36.9964 -36.9964 -36.9964 -36.9964
-36.9964 -36.9964 -36.9964
  0.0000  -0.3556  -0.3556  -0.3556  -0.3556  -0.3557  -0.3558  -0.3560  -0.3566
 -0.3583  -0.3623  -0.3724  -0.3979  -0.4620  -0.6226  -1.0243  -2.0109  -3.6708
 -4.3831  -5.0096  -5.6666  -6.3958  -7.2490  -8.3037  -9.6792 -11.5653 -14.2609
-18.2401 -24.2534 -33.4923 -36.9971 -36.9971 -36.9971 -36.9971 -36.9971 -36.9971
-36.9971 -36.9971 -36.9971
  0.0000   0.4721   0.4719   0.4716   0.4707   0.4685   0.4630   0.4492   0.4146
  0.3294   0.1266  -0.3021  -1.0033  -1.7406  -2.3149  -2.8669  -3.4255  -4.0067
 -4.6287  -5.3188  -6.1183  -7.0918  -8.3416 -10.0297 -12.4124 -15.8961 -21.1250
-29.1197 -36.9934 -36.9934 -36.9934 -36.9934 -36.9934 -36.9934 -36.9934 -36.9934
-36.9934 -36.9934 -36.9934
  0.0000   0.4345   0.4343   0.4340   0.4333   0.4315   0.4270   0.4156   0.3871
  0.3166   0.1467  -0.2345  -0.9282  -1.6983  -2.3065  -2.8639  -3.4243  -4.0063
 -4.6287  -5.3190  -6.1186  -7.0921  -8.3421 -10.0301 -12.4129 -15.8966 -21.1255
-29.1202 -36.9939 -36.9939 -36.9939 -36.9939 -36.9939 -36.9939 -36.9939 -36.9939
-36.9939 -36.9939 -36.9939
  0.0000   0.3814   0.3813   0.3810   0.3805   0.3791   0.3757   0.3671   0.3455
  0.2918   0.1599  -0.1505  -0.7914  -1.6394  -2.2888  -2.8558  -3.4202  -4.0038
 -4.6273  -5.3181  -6.1180  -7.0918  -8.3417 -10.0298 -12.4126 -15.8965 -21.1254
-29.1201 -36.9938 -36.9938 -36.9938 -36.9938 -36.9938 -36.9938 -36.9938 -36.9938
-36.9938 -36.9938 -36.9938
  0.0000   0.3062   0.3061   0.3060   0.3056   0.3047   0.3024   0.2965   0.2818
  0.2450   0.1536  -0.0696  -0.5834  -1.4886  -2.2525  -2.8406  -3.4124  -3.9994
 -4.6247  -5.3166  -6.1169  -7.0910  -8.3411 -10.0295 -12.4123 -15.8961 -21.1250
-29.1198 -36.9936 -36.9936 -36.9936 -36.9936 -36.9936 -36.9936 -36.9936 -36.9936
-36.9936 -36.9936 -36.9936
  0.0000   0.2081   0.2080   0.2079   0.2077   0.2071   0.2057   0.2021   0.1930
  0.1703   0.1134  -0.0281  -0.3733  -1.1436  -2.1613  -2.8127  -3.3991  -3.9924
 -4.6206  -5.3143  -6.1157  -7.0903  -8.3409 -10.0294 -12.4123 -15.8962 -21.1252
-29.1200 -36.9939 -36.9939 -36.9939 -36.9939 -36.9939 -36.9939 -36.9939 -36.9939
-36.9939 -36.9939 -36.9939
  0.0000   0.0912   0.0912   0.0911   0.0910   0.0907   0.0898   0.0878   0.0826
  0.0696   0.0371  -0.0445  -0.2475  -0.7427  -1.7940  -2.7545  -3.3745  -3.9798
 -4.6137  -5.3100  -6.1131  -7.0888  -8.3399 -10.0287 -12.4119 -15.8960 -21.1249
-29.1198 -36.9940 -36.9940 -36.9940 -36.9940 -36.9940 -36.9940 -36.9940 -36.9940
-36.9940 -36.9940 -36.9940
  0.0000  -0.0391  -0.0392  -0.0392  -0.0393  -0.0394  -0.0399  -0.0410  -0.0438
 -0.0508  -0.0684  -0.1126  -0.2233  -0.4994  -1.1727  -2.4850  -3.3286  -3.9582
 -4.6020  -5.3035  -6.1090  -7.0864  -8.3384 -10.0277 -12.4113 -15.8955 -21.1247
-29.1196 -36.9941 -36.9942 -36.9942 -36.9942 -36.9942 -36.9942 -36.9942 -36.9942
-36.9942 -36.9942 -36.9942
  0.0000   0.5536   0.5534   0.5529   0.5517   0.5487   0.5411   0.5222   0.4744
  0.3547   0.0623  -0.5301  -1.2058  -1.8062  -2.3782  -2.9588  -3.5695  -4.2361
 -4.9948  -5.9021  -7.0458  -8.5652 -10.6802 -13.7395 -18.2955 -25.2237 -35.9116
-36.9875 -36.9875 -36.9875 -36.9875 -36.9875 -36.9875 -36.9875 -36.9875 -36.9875
-36.9875 -36.9875 -36.9875
  0.0000   0.5336   0.5334   0.5330   0.5319   0.5292   0.5225   0.5055   0.4627
  0.3554   0.0880  -0.4871  -1.1917  -1.8034  -2.3780  -2.9591  -3.5699  -4.2363
 -4.9948  -5.9019  -7.0457  -8.5650 -10.6800 -13.7392 -18.2952 -25.2234 -35.9113
-36.9872 -36.9872 -36.9872 -36.9872 -36.9872 -36.9872 -36.9872 -36.9872 -36.9872
-36.9872 -36.9872 -36.9872
  0.0000   0.5156   0.5154   0.5150   0.5140   0.5115   0.5052   0.4893   0.4496
  0.3506   0.1068  -0.4319  -1.1635  -1.7934  -2.3733  -2.9567  -3.5684  -4.2354
 -4.9944  -5.9017  -7.0454  -8.5648 -10.6799 -13.7392 -18.2952 -25.2233 -35.9113
-36.9872 -36.9872 -36.9872 -36.9872 -36.9872 -36.9872 -36.9872 -36.9872 -36.9872
-36.9872 -36.9872 -36.9872
  0.0000   0.4859   0.4857   0.4854   0.4845   0.4823   0.4768   0.4629   0.4281
  0.3416   0.1299  -0.3495  -1.1060  -1.7734  -2.3638  -2.9517  -3.5656  -4.2338
 -4.9933  -5.9010  -7.0451  -8.5647 -10.6798 -13.7391 -18.2951 -25.2233 -35.9114
-36.9873 -36.9873 -36.9873 -36.9873 -36.9873 -36.9873 -36.9873 -36.9873 -36.9873
-36.9873 -36.9873 -36.9873
  0.0000   0.4345   0.4344   0.4341   0.4335   0.4317   0.4274   0.4166   0.3895
  0.3219   0.1556  -0.2357  -0.9796  -1.7337  -2.3466  -2.9425  -3.5605  -4.2305
 -4.9915  -5.9000  -7.0445  -8.5643 -10.6796 -13.7390 -18.2951 -25.2234 -35.9114
-36.9875 -36.9875 -36.9875 -36.9875 -36.9875 -36.9875 -36.9875 -36.9875 -36.9875
-36.9875 -36.9875 -36.9875
  0.0000   0.3564   0.3563   0.3562   0.3557   0.3545   0.3516   0.3443   0.3259
  0.2798   0.1653  -0.1137  -0.7375  -1.6388  -2.3152  -2.9264  -3.5515  -4.2254
 -4.9881  -5.8980  -7.0433  -8.5635 -10.6791 -13.7387 -18.2950 -25.2231 -35.9115
-36.9876 -36.9876 -36.9876 -36.9876 -36.9876 -36.9876 -36.9876 -36.9876 -36.9876
-36.9876 -36.9876 -36.9876
  1.0000   0.2493   0.2493   0.2491   0.2489   0.2482   0.2464   0.2421   0.2312
  0.2037   0.1351  -0.0354  -0.4485  -1.3231  -2.2543  -2.9067  -3.5435  -4.2219
 -4.9865  -5.8972  -7.0429  -8.5632 -10.6790 -13.7386 -18.2950 -25.2229 -35.9117
-36.9879 -36.9879 -36.9879 -36.9879 -36.9879 -36.9879 -36.9879 -36.9879 -36.9879
-36.9879 -36.9879 -36.9879
  0.0000   0.6597   0.6593   0.6584   0.6561   0.6504   0.6366   0.6035   0.5231
  0.3200  -0.1208  -0.7040  -1.2922  -1.8819  -2.4920  -3.1449  -3.8735  -4.7271
 -5.7819  -7.1579  -9.0441 -11.7399 -15.7191 -21.7328 -30.9711 -36.9756 -36.9756
-36.9756 -36.9756 -36.9756 -36.9756 -36.9756 -36.9756 -36.9756 -36.9756 -36.9756
-36.9756 -36.9756 -36.9756
  0.0000   0.5985   0.5983   0.5978   0.5967   0.5939   0.5869   0.5690   0.5206
  0.3686  -0.0475  -0.6764  -1.2918  -1.8892  -2.4996  -3.1506  -3.8772  -4.7292
 -5.7828  -7.1580  -9.0437 -11.7390 -15.7180 -21.7316 -30.9698 -36.9742 -36.9742
-36.9742 -36.9742 -36.9742 -36.9742 -36.9742 -36.9742 -36.9742 -36.9742 -36.9742
-36.9742 -36.9742 -36.9742
  0.0000   0.5882   0.5880   0.5876   0.5866   0.5840   0.5774   0.5605   0.5143
  0.3720  -0.0240  -0.6624  -1.2882  -1.8884  -2.4996  -3.1507  -3.8773  -4.7291
 -5.7827  -7.1578  -9.0434 -11.7389 -15.7179 -21.7314 -30.9697 -36.9740 -36.9740
-36.9740 -36.9740 -36.9740 -36.9740 -36.9740 -36.9740 -36.9740 -36.9740 -36.9740
-36.9740 -36.9740 -36.9740
  0.0000   0.5893   0.5891   0.5886   0.5874   0.5843   0.5766   0.5568   0.5051
  0.3632  -0.0053  -0.6388  -1.2778  -1.8829  -2.4964  -3.1489  -3.8761  -4.7285
 -5.7823  -7.1576  -9.0433 -11.7387 -15.7177 -21.7313 -30.9695 -36.9740 -36.9740
-36.9740 -36.9740 -36.9740 -36.9740 -36.9740 -36.9740 -36.9740 -36.9740 -36.9740
-36.9740 -36.9740 -36.9740
  0.0000   0.5849   0.5847   0.5841   0.5828   0.5793   0.5706   0.5486   0.4934
  0.3541   0.0189  -0.5963  -1.2578  -1.8723  -2.4903  -3.1454  -3.8739  -4.7272
 -5.7817  -7.1573  -9.0433 -11.7388 -15.7179 -21.7315 -30.9699 -36.9744 -36.9744
-36.9744 -36.9744 -36.9744 -36.9744 -36.9744 -36.9744 -36.9744 -36.9744 -36.9744
-36.9744 -36.9744 -36.9744
  0.0000   0.5583   0.5580   0.5575   0.5563   0.5531   0.5450   0.5249   0.4748
  0.3514   0.0605  -0.5162  -1.2197  -1.8538  -2.4798  -3.1392  -3.8704  -4.7250
 -5.7805  -7.1567  -9.0431 -11.7388 -15.7182 -21.7318 -30.9703 -36.9750 -36.9750
-36.9750 -36.9750 -36.9750 -36.9750 -36.9750 -36.9750 -36.9750 -36.9750 -36.9750
-36.9750 -36.9750 -36.9750
  0.0000   0.4998   0.4997   0.4993   0.4984   0.4960   0.4900   0.4751   0.4377
  0.3451   0.1215  -0.3715  -1.1344  -1.8215  -2.4626  -3.1291  -3.8643  -4.7213
 -5.7780  -7.1553  -9.0422 -11.7383 -15.7179 -21.7316 -30.9704 -36.9754 -36.9754
-36.9754 -36.9754 -36.9754 -36.9754 -36.9754 -36.9754 -36.9754 -36.9754 -36.9754
-36.9754 -36.9754 -36.9754
 -1.0000   0.6420   0.6420   0.6419   0.6419   0.6426   0.6440   0.6365   0.5695
  0.3203  -0.1798  -0.7760  -1.3968  -2.0472  -2.7555  -3.5660  -4.5463  -5.8002
 -7.4907  -9.8748 -13.3594 -18.5888 -26.5838 -36.9581 -36.9581 -36.9581 -36.9581
-36.9581 -36.9581 -36.9581 -36.9581 -36.9581 -36.9581 -36.9581 -36.9581 -36.9581
-36.9581 -36.9581 -36.9581
  0.0000   0.6420   0.6420   0.6420   0.6421   0.6427   0.6434   0.6350   0.5683
  0.3217  -0.1774  -0.7749  -1.3964  -2.0470  -2.7554  -3.5660  -4.5462  -5.8002
 -7.4907  -9.8748 -13.3594 -18.5888 -26.5838 -36.9581 -36.9581 -36.9581 -36.9581
-36.9581 -36.9581 -36.9581 -36.9581 -36.9581 -36.9581 -36.9581 -36.9581 -36.9581
-36.9581 -36.9581 -36.9581
  0.0000   0.5711   0.5715   0.5726   0.5752   0.5814   0.5942   0.6104   0.5848
  0.3768  -0.1400  -0.7670  -1.3997  -2.0523  -2.7596  -3.5685  -4.5477  -5.8005
 -7.4903  -9.8740 -13.3584 -18.5875 -26.5824 -36.9565 -36.9565 -36.9565 -36.9565
-36.9565 -36.9565 -36.9565 -36.9565 -36.9565 -36.9565 -36.9565 -36.9565 -36.9565
-36.9565 -36.9565 -36.9565
  0.0000   0.5718   0.5722   0.5731   0.5754   0.5807   0.5913   0.6040   0.5785
  0.3815  -0.1282  -0.7623  -1.3981  -2.0518  -2.7594  -3.5684  -4.5477  -5.8005
 -7.4903  -9.8740 -13.3583 -18.5875 -26.5823 -36.9565 -36.9565 -36.9565 -36.9565
-36.9565 -36.9565 -36.9565 -36.9565 -36.9565 -36.9565 -36.9565 -36.9565 -36.9565
-36.9565 -36.9565 -36.9565
  0.0000   0.6013   0.6014   0.6017   0.6023   0.6037   0.6057   0.6026   0.5607
  0.3682  -0.1181  -0.7532  -1.3923  -2.0482  -2.7574  -3.5674  -4.5470  -5.8004
 -7.4904  -9.8742 -13.3586 -18.5879 -26.5827 -36.9571 -36.9571 -36.9571 -36.9571
-36.9571 -36.9571 -36.9571 -36.9571 -36.9571 -36.9571 -36.9571 -36.9571 -36.9571
-36.9571 -36.9571 -36.9571
  0.0000   0.6323   0.6321   0.6318   0.6308   0.6282   0.6213   0.6013   0.5392
  0.3496  -0.1025  -0.7370  -1.3818  -2.0415  -2.7533  -3.5652  -4.5457  -5.8000
 -7.4904  -9.8746 -13.3591 -18.5886 -26.5834 -36.9580 -36.9581 -36.9581 -36.9581
-36.9581 -36.9581 -36.9581 -36.9581 -36.9581 -36.9581 -36.9581 -36.9581 -36.9581
-36.9581 -36.9581 -36.9581
  0.0000   0.6400   0.6397   0.6390   0.6373   0.6329   0.6217   0.5935   0.5216
  0.3400  -0.0707  -0.7060  -1.3646  -2.0311  -2.7470  -3.5615  -4.5439  -5.7990
 -7.4903  -9.8749 -13.3598 -18.5894 -26.5843 -36.9594 -36.9595 -36.9595 -36.9595
-36.9595 -36.9595 -36.9595 -36.9595 -36.9595 -36.9595 -36.9595 -36.9595 -36.9595
-36.9595 -36.9595 -36.9595
 -1.0000   0.9029   0.9012   0.8977   0.8907   0.8748   0.8313   0.7131   0.4648
  0.0392  -0.4852  -1.0708  -1.7216  -2.4682  -3.3654  -4.5002  -6.0113  -8.1185
-11.1704 -15.7207 -22.6458 -33.3334 -36.9223 -36.9223 -36.9223 -36.9223 -36.9223
-36.9223 -36.9223 -36.9223 -36.9223 -36.9223 -36.9223 -36.9223 -36.9223 -36.9223
-36.9223 -36.9223 -36.9223
  0.0000   0.9021   0.9006   0.8973   0.8902   0.8742   0.8307   0.7133   0.4655
  0.0402  -0.4847  -1.0705  -1.7215  -2.4682  -3.3653  -4.5002  -6.0113  -8.1185
-11.1704 -15.7207 -22.6458 -33.3334 -36.9223 -36.9223 -36.9223 -36.9223 -36.9223
-36.9223 -36.9223 -36.9223 -36.9223 -36.9223 -36.9223 -36.9223 -36.9223 -36.9223
-36.9223 -36.9223 -36.9223
  0.0000   0.5962   0.5967   0.5982   0.6023   0.6128   0.6320   0.6514   0.6195
  0.3407  -0.2115  -0.8712  -1.5809  -2.3678  -3.2920  -4.4455  -5.9706  -8.0890
-11.1503 -15.7074 -22.6362 -33.3246 -36.9010 -36.9010 -36.9010 -36.9010 -36.9010
-36.9010 -36.9010 -36.9010 -36.9010 -36.9010 -36.9010 -36.9010 -36.9010 -36.9010
-36.9010 -36.9010 -36.9010
 -3.0000   0.6192   0.6197   0.6209   0.6240   0.6314   0.6443   0.6540   0.6084
  0.3291  -0.2146  -0.8704  -1.5794  -2.3667  -3.2913  -4.4453  -5.9707  -8.0893
-11.1506 -15.7078 -22.6368 -33.3253 -36.9017 -36.9017 -36.9017 -36.9017 -36.9017
-36.9017 -36.9017 -36.9017 -36.9017 -36.9017 -36.9017 -36.9017 -36.9017 -36.9017
-36.9017 -36.9017 -36.9017
 -2.0000   0.6213   0.6217   0.6229   0.6257   0.6319   0.6429   0.6513   0.6041
  0.3324  -0.2101  -0.8683  -1.5785  -2.3664  -3.2912  -4.4453  -5.9707  -8.0894
-11.1507 -15.7080 -22.6369 -33.3254 -36.9019 -36.9019 -36.9019 -36.9019 -36.9019
-36.9019 -36.9019 -36.9019 -36.9019 -36.9019 -36.9019 -36.9019 -36.9019 -36.9019
-36.9019 -36.9019 -36.9019
 -1.0000   0.6254   0.6257   0.6266   0.6287   0.6332   0.6414   0.6462   0.5970
  0.3388  -0.2005  -0.8635  -1.5762  -2.3651  -3.2905  -4.4448  -5.9703  -8.0890
-11.1503 -15.7076 -22.6364 -33.3251 -36.9017 -36.9017 -36.9017 -36.9017 -36.9017
-36.9017 -36.9017 -36.9017 -36.9017 -36.9017 -36.9017 -36.9017 -36.9017 -36.9017
-36.9017 -36.9017 -36.9017
  0.0000   0.6304   0.6305   0.6310   0.6321   0.6345   0.6382   0.6362   0.5850
  0.3486  -0.1816  -0.8540  -1.5720  -2.3631  -3.2893  -4.4440  -5.9697  -8.0886
-11.1499 -15.7073 -22.6360 -33.3250 -36.9017 -36.9017 -36.9017 -36.9017 -36.9017
-36.9017 -36.9017 -36.9017 -36.9017 -36.9017 -36.9017 -36.9017 -36.9017 -36.9017
-36.9017 -36.9017 -36.9017
 -2.0000   0.8538   0.8518   0.8496   0.8468   0.8411   0.8209   0.7305   0.5203
  0.0988  -0.4959  -1.2132  -2.0674  -3.1257  -4.5067  -6.3990  -9.1014 -13.0866
-19.1052 -28.3470 -36.8584 -36.8584 -36.8584 -36.8584 -36.8584 -36.8584 -36.8584
-36.8584 -36.8584 -36.8584 -36.8584 -36.8584 -36.8584 -36.8584 -36.8584 -36.8584
-36.8584 -36.8584 -36.8584
 -1.0000   0.8539   0.8520   0.8497   0.8468   0.8411   0.8206   0.7305   0.5204
  0.0990  -0.4957  -1.2132  -2.0673  -3.1256  -4.5067  -6.3990  -9.1014 -13.0866
-19.1052 -28.3470 -36.8584 -36.8584 -36.8584 -36.8584 -36.8584 -36.8584 -36.8584
-36.8584 -36.8584 -36.8584 -36.8584 -36.8584 -36.8584 -36.8584 -36.8584 -36.8584
-36.8584 -36.8584 -36.8584
  0.0000   0.8537   0.8521   0.8498   0.8467   0.8410   0.8202   0.7305   0.5205
  0.0994  -0.4954  -1.2130  -2.0672  -3.1256  -4.5066  -6.3989  -9.1014 -13.0866
-19.1052 -28.3470 -36.8584 -36.8584 -36.8584 -36.8584 -36.8584 -36.8584 -36.8584
-36.8584 -36.8584 -36.8584 -36.8584 -36.8584 -36.8584 -36.8584 -36.8584 -36.8584
-36.8584 -36.8584 -36.8584
  1.0000   0.8526   0.8514   0.8493   0.8460   0.8402   0.8187   0.7299   0.5203
  0.0996  -0.4955  -1.2133  -2.0677  -3.1261  -4.5072  -6.3995  -9.1019 -13.0871
-19.1057 -28.3475 -36.8590 -36.8590 -36.8590 -36.8590 -36.8590 -36.8590 -36.8590
-36.8590 -36.8590 -36.8590 -36.8590 -36.8590 -36.8590 -36.8590 -36.8590 -36.8590
-36.8590 -36.8590 -36.8590
  2.0000   0.8518   0.8510   0.8492   0.8459   0.8396   0.8170   0.7299   0.5210
  0.1012  -0.4944  -1.2127  -2.0673  -3.1259  -4.5070  -6.3994  -9.1018 -13.0870
-19.1056 -28.3475 -36.8590 -36.8590 -36.8590 -36.8590 -36.8590 -36.8590 -36.8590
-36.8590 -36.8590 -36.8590 -36.8590 -36.8590 -36.8590 -36.8590 -36.8590 -36.8590
-36.8590 -36.8590 -36.8590
  3.0000   0.8505   0.8499   0.8485   0.8455   0.8382   0.8142   0.7297   0.5223
  0.1044  -0.4922  -1.2115  -2.0667  -3.1255  -4.5067  -6.3992  -9.1016 -13.0869
-19.1054 -28.3473 -36.8590 -36.8590 -36.8590 -36.8590 -36.8590 -36.8590 -36.8590
-36.8590 -36.8590 -36.8590 -36.8590 -36.8590 -36.8590 -36.8590 -36.8590 -36.8590
-36.8590 -36.8590 -36.8590
  4.0000   0.8483   0.8478   0.8466   0.8434   0.8351   0.8095   0.7286   0.5249
  0.1107  -0.4878  -1.2092  -2.0654  -3.1247  -4.5062  -6.3988  -9.1013 -13.0866
-19.1052 -28.3471 -36.8590 -36.8591 -36.8591 -36.8591 -36.8591 -36.8591 -36.8591
-36.8591 -36.8591 -36.8591 -36.8591 -36.8591 -36.8591 -36.8591 -36.8591 -36.8591
-36.8591 -36.8591 -36.8591
-12.0000   0.8532   0.8512   0.8490   0.8464   0.8406   0.8205   0.7300   0.5197
  0.0981  -0.4965  -1.2138  -2.0679  -3.1262  -4.5072  -6.3995  -9.1019 -13.0871
-19.1057 -28.3475 -36.8589 -36.8589 -36.8589 -36.8589 -36.8589 -36.8589 -36.8589
-36.8589 -36.8589 -36.8589 -36.8589 -36.8589 -36.8589 -36.8589 -36.8589 -36.8589
-36.8589 -36.8589 -36.8589
-11.0000   0.8532   0.8512   0.8490   0.8464   0.8406   0.8205   0.7300   0.5197
  0.0982  -0.4964  -1.2138  -2.0679  -3.1262  -4.5072  -6.3995  -9.1019 -13.0871
-19.1057 -28.3475 -36.8589 -36.8589 -36.8589 -36.8589 -36.8589 -36.8589 -36.8589
-36.8589 -36.8589 -36.8589 -36.8589 -36.8589 -36.8589 -36.8589 -36.8589 -36.8589
-36.8589 -36.8589 -36.8589
-10.0000   0.8533   0.8513   0.8491   0.8463   0.8406   0.8204   0.7300   0.5198
  0.0983  -0.4964  -1.2137  -2.0679  -3.1262  -4.5072  -6.3995  -9.1019 -13.0871
-19.1057 -28.3475 -36.8589 -36.8589 -36.8589 -36.8589 -36.8589 -36.8589 -36.8589
-36.8589 -36.8589 -36.8589 -36.8589 -36.8589 -36.8589 -36.8589 -36.8589 -36.8589
-36.8589 -36.8589 -36.8589
 11.0000   0.8534   0.8514   0.8491   0.8463   0.8406   0.8202   0.7300   0.5198
  0.0984  -0.4963  -1.2137  -2.0678  -3.1262  -4.5072  -6.3995  -9.1019 -13.0871
-19.1057 -28.3475 -36.8589 -36.8589 -36.8589 -36.8589 -36.8589 -36.8589 -36.8589
-36.8589 -36.8589 -36.8589 -36.8589 -36.8589 -36.8589 -36.8589 -36.8589 -36.8589
-36.8589 -36.8589 -36.8589
 12.0000   0.8533   0.8516   0.8492   0.8462   0.8405   0.8198   0.7300   0.5200
  0.0988  -0.4960  -1.2135  -2.0678  -3.1261  -4.5071  -6.3994  -9.1019 -13.0871
-19.1057 -28.3475 -36.8589 -36.8589 -36.8589 -36.8589 -36.8589 -36.8589 -36.8589
-36.8589 -36.8589 -36.8589 -36.8589 -36.8589 -36.8589 -36.8589 -36.8589 -36.8589
-36.8589 -36.8589 -36.8589
 13.0000   0.8529   0.8516   0.8494   0.8461   0.8404   0.8190   0.7300   0.5203
  0.0995  -0.4955  -1.2133  -2.0676  -3.1260  -4.5071  -6.3994  -9.1018 -13.0870
-19.1056 -28.3474 -36.8589 -36.8589 -36.8589 -36.8589 -36.8589 -36.8589 -36.8589
-36.8589 -36.8589 -36.8589 -36.8589 -36.8589 -36.8589 -36.8589 -36.8589 -36.8589
-36.8589 -36.8589 -36.8589
 14.0000   0.8520   0.8511   0.8493   0.8460   0.8398   0.8175   0.7299   0.5208
  0.1008  -0.4947  -1.2129  -2.0674  -3.1259  -4.5070  -6.3994  -9.1018 -13.0870
-19.1056 -28.3474 -36.8590 -36.8590 -36.8590 -36.8590 -36.8590 -36.8590 -36.8590
-36.8590 -36.8590 -36.8590 -36.8590 -36.8590 -36.8590 -36.8590 -36.8590 -36.8590
-36.8590 -36.8590 -36.8590
-22.0000   0.8531   0.8512   0.8490   0.8464   0.8406   0.8206   0.7300   0.5197
  0.0981  -0.4965  -1.2138  -2.0679  -3.1262  -4.5072  -6.3995  -9.1019 -13.0871
-19.1057 -28.3475 -36.8589 -36.8589 -36.8589 -36.8589 -36.8589 -36.8589 -36.8589
-36.8589 -36.8589 -36.8589 -36.8589 -36.8589 -36.8589 -36.8589 -36.8589 -36.8589
-36.8589 -36.8589 -36.8589
-21.0000   0.8531   0.8512   0.8490   0.8464   0.8406   0.8206   0.7300   0.5197
  0.0981  -0.4965  -1.2138  -2.0679  -3.1262  -4.5072  -6.3995  -9.1019 -13.0871
-19.1057 -28.3475 -36.8589 -36.8589 -36.8589 -36.8589 -36.8589 -36.8589 -36.8589
-36.8589 -36.8589 -36.8589 -36.8589 -36.8589 -36.8589 -36.8589 -36.8589 -36.8589
-36.8589 -36.8589 -36.8589
-20.0000   0.8532   0.8512   0.8490   0.8464   0.8406   0.8206   0.7300   0.5197
  0.0981  -0.4965  -1.2138  -2.0679  -3.1262  -4.5072  -6.3995  -9.1019 -13.0871
-19.1057 -28.3475 -36.8589 -36.8589 -36.8589 -36.8589 -36.8589 -36.8589 -36.8589
-36.8589 -36.8589 -36.8589 -36.8589 -36.8589 -36.8589 -36.8589 -36.8589 -36.8589
-36.8589 -36.8589 -36.8589
 21.0000   0.8532   0.8512   0.8490   0.8464   0.8406   0.8205   0.7300   0.5197
  0.0982  -0.4964  -1.2138  -2.0679  -3.1262  -4.5072  -6.3995  -9.1019 -13.0871
-19.1057 -28.3475 -36.8589 -36.8589 -36.8589 -36.8589 -36.8589 -36.8589 -36.8589
-36.8589 -36.8589 -36.8589 -36.8589 -36.8589 -36.8589 -36.8589 -36.8589 -36.8589
-36.8589 -36.8589 -36.8589
 22.0000   0.8533   0.8513   0.8491   0.8463   0.8406   0.8204   0.7300   0.5198
  0.0982  -0.4964  -1.2137  -2.0679  -3.1262  -4.5072  -6.3995  -9.1019 -13.0871
-19.1057 -28.3475 -36.8589 -36.8589 -36.8589 -36.8589 -36.8589 -36.8589 -36.8589
-36.8589 -36.8589 -36.8589 -36.8589 -36.8589 -36.8589 -36.8589 -36.8589 -36.8589
-36.8589 -36.8589 -36.8589
 23.0000   0.8533   0.8513   0.8490   0.8462   0.8405   0.8201   0.7299   0.5197
  0.0983  -0.4964  -1.2138  -2.0679  -3.1263  -4.5073  -6.3996  -9.1020 -13.0872
-19.1058 -28.3476 -36.8590 -36.8590 -36.8590 -36.8590 -36.8590 -36.8590 -36.8590
-36.8590 -36.8590 -36.8590 -36.8590 -36.8590 -36.8590 -36.8590 -36.8590 -36.8590
-36.8590 -36.8590 -36.8590
 24.0000   0.8531   0.8513   0.8490   0.8460   0.8404   0.8197   0.7298   0.5198
  0.0985  -0.4963  -1.2138  -2.0680  -3.1263  -4.5073  -6.3997  -9.1021 -13.0873
-19.1058 -28.3477 -36.8591 -36.8591 -36.8591 -36.8591 -36.8591 -36.8591 -36.8591
-36.8591 -36.8591 -36.8591 -36.8591 -36.8591 -36.8591 -36.8591 -36.8591 -36.8591
-36.8591 -36.8591 -36.8591
-32.0000   0.8532   0.8513   0.8491   0.8465   0.8407   0.8207   0.7301   0.5198
  0.0982  -0.4964  -1.2137  -2.0678  -3.1261  -4.5071  -6.3994  -9.1018 -13.0870
-19.1056 -28.3474 -36.8588 -36.8588 -36.8588 -36.8588 -36.8588 -36.8588 -36.8588
-36.8588 -36.8588 -36.8588 -36.8588 -36.8588 -36.8588 -36.8588 -36.8588 -36.8588
-36.8588 -36.8588 -36.8588
-31.0000   0.8532   0.8513   0.8491   0.8465   0.8407   0.8207   0.7301   0.5198
  0.0982  -0.4964  -1.2137  -2.0678  -3.1261  -4.5071  -6.3994  -9.1018 -13.0870
-19.1056 -28.3474 -36.8588 -36.8588 -36.8588 -36.8588 -36.8588 -36.8588 -36.8588
-36.8588 -36.8588 -36.8588 -36.8588 -36.8588 -36.8588 -36.8588 -36.8588 -36.8588
-36.8588 -36.8588 -36.8588
-30.0000   0.8532   0.8513   0.8491   0.8465   0.8407   0.8207   0.7301   0.5198
  0.0982  -0.4964  -1.2137  -2.0678  -3.1261  -4.5071  -6.3994  -9.1018 -13.0870
-19.1056 -28.3474 -36.8588 -36.8588 -36.8588 -36.8588 -36.8588 -36.8588 -36.8588
-36.8588 -36.8588 -36.8588 -36.8588 -36.8588 -36.8588 -36.8588 -36.8588 -36.8588
-36.8588 -36.8588 -36.8588
 31.0000   0.8532   0.8513   0.8491   0.8465   0.8407   0.8207   0.7301   0.5198
  0.0982  -0.4964  -1.2137  -2.0678  -3.1261  -4.5071  -6.3994  -9.1018 -13.0870
-19.1056 -28.3474 -36.8588 -36.8588 -36.8588 -36.8588 -36.8588 -36.8588 -36.8588
-36.8588 -36.8588 -36.8588 -36.8588 -36.8588 -36.8588 -36.8588 -36.8588 -36.8588
-36.8588 -36.8588 -36.8588
 32.0000   0.8533   0.8513   0.8491   0.8465   0.8407   0.8207   0.7301   0.5198
  0.0982  -0.4964  -1.2137  -2.0678  -3.1261  -4.5071  -6.3994  -9.1018 -13.0870
-19.1056 -28.3474 -36.8588 -36.8588 -36.8588 -36.8588 -36.8588 -36.8588 -36.8588
-36.8588 -36.8588 -36.8588 -36.8588 -36.8588 -36.8588 -36.8588 -36.8588 -36.8588
-36.8588 -36.8588 -36.8588
 33.0000   0.8533   0.8513   0.8491   0.8465   0.8407   0.8206   0.7301   0.5198
  0.0983  -0.4964  -1.2137  -2.0678  -3.1261  -4.5071  -6.3994  -9.1018 -13.0870
-19.1056 -28.3474 -36.8588 -36.8588 -36.8588 -36.8588 -36.8588 -36.8588 -36.8588
-36.8588 -36.8588 -36.8588 -36.8588 -36.8588 -36.8588 -36.8588 -36.8588 -36.8588
-36.8588 -36.8588 -36.8588
 34.0000   0.8532   0.8512   0.8490   0.8463   0.8405   0.8203   0.7299   0.5197
  0.0981  -0.4965  -1.2138  -2.0680  -3.1263  -4.5073  -6.3996  -9.1020 -13.0872
-19.1058 -28.3476 -36.8590 -36.8590 -36.8590 -36.8590 -36.8590 -36.8590 -36.8590
-36.8590 -36.8590 -36.8590 -36.8590 -36.8590 -36.8590 -36.8590 -36.8590 -36.8590
-36.8590 -36.8590 -36.8590
-42.0000   0.8532   0.8513   0.8491   0.8465   0.8407   0.8207   0.7301   0.5198
  0.0982  -0.4964  -1.2137  -2.0678  -3.1261  -4.5071  -6.3994  -9.1018 -13.0870
-19.1056 -28.3474 -36.8588 -36.8588 -36.8588 -36.8588 -36.8588 -36.8588 -36.8588
-36.8588 -36.8588 -36.8588 -36.8588 -36.8588 -36.8588 -36.8588 -36.8588 -36.8588
-36.8588 -36.8588 -36.8588
-41.0000   0.8532   0.8513   0.8491   0.8465   0.8407   0.8207   0.7301   0.5198
  0.0982  -0.4964  -1.2137  -2.0678  -3.1261  -4.5071  -6.3994  -9.1018 -13.0870
-19.1056 -28.3474 -36.8588 -36.8588 -36.8588 -36.8588 -36.8588 -36.8588 -36.8588
-36.8588 -36.8588 -36.8588 -36.8588 -36.8588 -36.8588 -36.8588 -36.8588 -36.8588
-36.8588 -36.8588 -36.8588
-40.0000   0.8532   0.8513   0.8491   0.8465   0.8407   0.8207   0.7301   0.5198
  0.0982  -0.4964  -1.2137  -2.0678  -3.1261  -4.5071  -6.3994  -9.1018 -13.0870
-19.1056 -28.3474 -36.8588 -36.8588 -36.8588 -36.8588 -36.8588 -36.8588 -36.8588
-36.8588 -36.8588 -36.8588 -36.8588 -36.8588 -36.8588 -36.8588 -36.8588 -36.8588
-36.8588 -36.8588 -36.8588
 41.0000   0.8532   0.8513   0.8491   0.8465   0.8407   0.8207   0.7301   0.5198
  0.0982  -0.4964  -1.2137  -2.0678  -3.1261  -4.5071  -6.3994  -9.1018 -13.0870
-19.1056 -28.3474 -36.8588 -36.8588 -36.8588 -36.8588 -36.8588 -36.8588 -36.8588
-36.8588 -36.8588 -36.8588 -36.8588 -36.8588 -36.8588 -36.8588 -36.8588 -36.8588
-36.8588 -36.8588 -36.8588
 42.0000   0.8532   0.8513   0.8491   0.8465   0.8407   0.8207   0.7301   0.5198
  0.0982  -0.4964  -1.2137  -2.0678  -3.1261  -4.5071  -6.3994  -9.1018 -13.0870
-19.1056 -28.3474 -36.8588 -36.8588 -36.8588 -36.8588 -36.8588 -36.8588 -36.8588
-36.8588 -36.8588 -36.8588 -36.8588 -36.8588 -36.8588 -36.8588 -36.8588 -36.8588
-36.8588 -36.8588 -36.8588
 43.0000   0.8532   0.8513   0.8491   0.8465   0.8407   0.8207   0.7301   0.5198
  0.0982  -0.4964  -1.2137  -2.0678  -3.1261  -4.5071  -6.3994  -9.1018 -13.0870
-19.1056 -28.3474 -36.8588 -36.8588 -36.8588 -36.8588 -36.8588 -36.8588 -36.8588
-36.8588 -36.8588 -36.8588 -36.8588 -36.8588 -36.8588 -36.8588 -36.8588 -36.8588
-36.8588 -36.8588 -36.8588
 44.0000   0.8530   0.8511   0.8489   0.8463   0.8405   0.8205   0.7299   0.5196
  0.0980  -0.4966  -1.2139  -2.0680  -3.1263  -4.5073  -6.3996  -9.1020 -13.0872
-19.1058 -28.3476 -36.8590 -36.8590 -36.8590 -36.8590 -36.8590 -36.8590 -36.8590
-36.8590 -36.8590 -36.8590 -36.8590 -36.8590 -36.8590 -36.8590 -36.8590 -36.8590
-36.8590 -36.8590 -36.8590
-52.0000   0.7120   0.7101   0.7079   0.7053   0.6995   0.6795   0.5889   0.3786
 -0.0430  -0.6376  -1.3549  -2.2090  -3.2673  -4.6483  -6.5406  -9.2430 -13.2282
-19.2468 -28.4886 -37.0000 -37.0000 -37.0000 -37.0000 -37.0000 -37.0000 -37.0000
-37.0000 -37.0000 -37.0000 -37.0000 -37.0000 -37.0000 -37.0000 -37.0000 -37.0000
-37.0000 -37.0000 -37.0000
-51.0000   0.7120   0.7101   0.7079   0.7053   0.6995   0.6795   0.5889   0.3786
 -0.0430  -0.6376  -1.3549  -2.2090  -3.2673  -4.6483  -6.5406  -9.2430 -13.2282
-19.2468 -28.4886 -37.0000 -37.0000 -37.0000 -37.0000 -37.0000 -37.0000 -37.0000
-37.0000 -37.0000 -37.0000 -37.0000 -37.0000 -37.0000 -37.0000 -37.0000 -37.0000
-37.0000 -37.0000 -37.0000
-50.0000   0.7120   0.7101   0.7079   0.7053   0.6995   0.6795   0.5889   0.3786
 -0.0430  -0.6376  -1.3549  -2.2090  -3.2673  -4.6483  -6.5406  -9.2430 -13.2282
-19.2468 -28.4886 -37.0000 -37.0000 -37.0000 -37.0000 -37.0000 -37.0000 -37.0000
-37.0000 -37.0000 -37.0000 -37.0000 -37.0000 -37.0000 -37.0000 -37.0000 -37.0000
-37.0000 -37.0000 -37.0000
 51.0000   0.7120   0.7101   0.7079   0.7053   0.6995   0.6795   0.5889   0.3786
 -0.0430  -0.6376  -1.3549  -2.2090  -3.2673  -4.6483  -6.5406  -9.2430 -13.2282
-19.2468 -28.4886 -37.0000 -37.0000 -37.0000 -37.0000 -37.0000 -37.0000 -37.0000
-37.0000 -37.0000 -37.0000 -37.0000 -37.0000 -37.0000 -37.0000 -37.0000 -37.0000
-37.0000 -37.0000 -37.0000
 52.0000   0.7120   0.7101   0.7079   0.7053   0.6995   0.6795   0.5889   0.3786
 -0.0430  -0.6376  -1.3549  -2.2090  -3.2673  -4.6483  -6.5406  -9.2430 -13.2282
-19.2468 -28.4886 -37.0000 -37.0000 -37.0000 -37.0000 -37.0000 -37.0000 -37.0000
-37.0000 -37.0000 -37.0000 -37.0000 -37.0000 -37.0000 -37.0000 -37.0000 -37.0000
-37.0000 -37.0000 -37.0000
 53.0000   0.7120   0.7101   0.7079   0.7053   0.6995   0.6795   0.5889   0.3786
 -0.0430  -0.6376  -1.3549  -2.2090  -3.2673  -4.6483  -6.5406  -9.2430 -13.2282
-19.2468 -28.4886 -37.0000 -37.0000 -37.0000 -37.0000 -37.0000 -37.0000 -37.0000
-37.0000 -37.0000 -37.0000 -37.0000 -37.0000 -37.0000 -37.0000 -37.0000 -37.0000
-37.0000 -37.0000 -37.0000
 54.0000   0.7120   0.7101   0.7079   0.7053   0.6995   0.6795   0.5889   0.3786
 -0.0430  -0.6376  -1.3549  -2.2090  -3.2673  -4.6483  -6.5406  -9.2430 -13.2282
-19.2468 -28.4886 -37.0000 -37.0000 -37.0000 -37.0000 -37.0000 -37.0000 -37.0000
-37.0000 -37.0000 -37.0000 -37.0000 -37.0000 -37.0000 -37.0000 -37.0000 -37.0000
-37.0000 -37.0000 -37.0000
-62.0000   0.7120   0.7101   0.7079   0.7053   0.6995   0.6795   0.5889   0.3786
 -0.0430  -0.6376  -1.3549  -2.2090  -3.2673  -4.6483  -6.5406  -9.2430 -13.2282
-19.2468 -28.4886 -37.0000 -37.0000 -37.0000 -37.0000 -37.0000 -37.0000 -37.0000
-37.0000 -37.0000 -37.0000 -37.0000 -37.0000 -37.0000 -37.0000 -37.0000 -37.0000
-37.0000 -37.0000 -37.0000
-61.0000   0.7120   0.7101   0.7079   0.7053   0.6995   0.6795   0.5889   0.3786
 -0.0430  -0.6376  -1.3549  -2.2090  -3.2673  -4.6483  -6.5406  -9.2430 -13.2282
-19.2468 -28.4886 -37.0000 -37.0000 -37.0000 -37.0000 -37.0000 -37.0000 -37.0000
-37.0000 -37.0000 -37.0000 -37.0000 -37.0000 -37.0000 -37.0000 -37.0000 -37.0000
-37.0000 -37.0000 -37.0000
-60.0000   0.7120   0.7101   0.7079   0.7053   0.6995   0.6795   0.5889   0.3786
 -0.0430  -0.6376  -1.3549  -2.2090  -3.2673  -4.6483  -6.5406  -9.2430 -13.2282
-19.2468 -28.4886 -37.0000 -37.0000 -37.0000 -37.0000 -37.0000 -37.0000 -37.0000
-37.0000 -37.0000 -37.0000 -37.0000 -37.0000 -37.0000 -37.0000 -37.0000 -37.0000
-37.0000 -37.0000 -37.0000
 61.0000   0.7120   0.7101   0.7079   0.7053   0.6995   0.6795   0.5889   0.3786
 -0.0430  -0.6376  -1.3549  -2.2090  -3.2673  -4.6483  -6.5406  -9.2430 -13.2282
-19.2468 -28.4886 -37.0000 -37.0000 -37.0000 -37.0000 -37.0000 -37.0000 -37.0000
-37.0000 -37.0000 -37.0000 -37.0000 -37.0000 -37.0000 -37.0000 -37.0000 -37.0000
-37.0000 -37.0000 -37.0000
 62.0000   0.7120   0.7101   0.7079   0.7053   0.6995   0.6795   0.5889   0.3786
 -0.0430  -0.6376  -1.3549  -2.2090  -3.2673  -4.6483  -6.5406  -9.2430 -13.2282
-19.2468 -28.4886 -37.0000 -37.0000 -37.0000 -37.0000 -37.0000 -37.0000 -37.0000
-37.0000 -37.0000 -37.0000 -37.0000 -37.0000 -37.0000 -37.0000 -37.0000 -37.0000
-37.0000 -37.0000 -37.0000
 63.0000   0.7120   0.7101   0.7079   0.7053   0.6995   0.6795   0.5889   0.3786
 -0.0430  -0.6376  -1.3549  -2.2090  -3.2673  -4.6483  -6.5406  -9.2430 -13.2282
-19.2468 -28.4886 -37.0000 -37.0000 -37.0000 -37.0000 -37.0000 -37.0000 -37.0000
-37.0000 -37.0000 -37.0000 -37.0000 -37.0000 -37.0000 -37.0000 -37.0000 -37.0000
-37.0000 -37.0000 -37.0000
 64.0000   0.7120   0.7101   0.7079   0.7053   0.6995   0.6795   0.5889   0.3786
 -0.0430  -0.6376  -1.3549  -2.2090  -3.2673  -4.6483  -6.5406  -9.2430 -13.2282
-19.2468 -28.4886 -37.0000 -37.0000 -37.0000 -37.0000 -37.0000 -37.0000 -37.0000
-37.0000 -37.0000 -37.0000 -37.0000 -37.0000 -37.0000 -37.0000 -37.0000 -37.0000
-37.0000 -37.0000 -37.0000
nl= 1 nu=21
  0.0000  -0.7806  -0.7806  -0.7806  -0.7806  -0.7806  -0.7806  -0.7807  -0.7808
 -0.7810  -0.7816  -0.7830  -0.7866  -0.7956  -0.8183  -0.8752  -1.0181  -1.3764
 -2.2684  -4.1407  -5.1637  -5.7637  -6.2909  -6.8254  -7.3726  -7.9447  -8.5576
 -9.2358 -10.0178 -10.9647 -12.1727 -13.7948 -16.0732 -19.3917 -24.3586 -31.9383
-37.0001 -37.0001 -37.0001
  0.0000  -0.9294  -0.9294  -0.9294  -0.9294  -0.9294  -0.9294  -0.9294  -0.9295
 -0.9296  -0.9299  -0.9306  -0.9324  -0.9369  -0.9483  -0.9769  -1.0488  -1.2292
 -1.6817  -2.8082  -4.9510  -5.7413  -6.2805  -6.8208  -7.3703  -7.9434  -8.5568
 -9.2352 -10.0174 -10.9642 -12.1724 -13.7945 -16.0729 -19.3913 -24.3583 -31.9380
-36.9998 -36.9998 -36.9998
  0.0000  -1.0800  -1.0800  -1.0800  -1.0800  -1.0800  -1.0800  -1.0800  -1.0801
 -1.0801  -1.0803  -1.0806  -1.0815  -1.0838  -1.0895  -1.1039  -1.1399  -1.2304
 -1.4577  -2.0280  -3.4480  -5.6622  -6.2615  -6.8135  -7.3673  -7.9425  -8.5567
 -9.2356 -10.0180 -10.9650 -12.1732 -13.7953 -16.0737 -19.3923 -24.3592 -31.9390
-37.0008 -37.0008 -37.0008
  0.0000  -1.2293  -1.2293  -1.2293  -1.2293  -1.2293  -1.2293  -1.2293  -1.2293
 -1.2293  -1.2294  -1.2296  -1.2300  -1.2312  -1.2340  -1.2412  -1.2592  -1.3046
 -1.4185  -1.7045  -2.4223  -4.2067  -6.2177  -6.7963  -7.3591  -7.9380  -8.5540
 -9.2337 -10.0166 -10.9639 -12.1722 -13.7944 -16.0729 -19.3914 -24.3584 -31.9381
-37.0000 -37.0000 -37.0000
  0.0000  -1.3793  -1.3793  -1.3793  -1.3793  -1.3793  -1.3793  -1.3793  -1.3793
 -1.3793  -1.3793  -1.3794  -1.3796  -1.3802  -1.3816  -1.3852  -1.3943  -1.4170
 -1.4740  -1.6172  -1.9768  -2.8796  -5.1048  -6.7623  -7.3444  -7.9309  -8.5502
 -9.2316 -10.0153 -10.9630 -12.1715 -13.7939 -16.0725 -19.3910 -24.3580 -31.9379
-36.9998 -36.9998 -36.9998
  0.0000  -1.5307  -1.5307  -1.5307  -1.5307  -1.5307  -1.5307  -1.5307  -1.5307
 -1.5307  -1.5307  -1.5308  -1.5309  -1.5312  -1.5319  -1.5337  -1.5382  -1.5496
 -1.5781  -1.6497  -1.8297  -2.2817  -3.4163  -6.1274  -7.3166  -7.9189  -8.5448
 -9.2292 -10.0143 -10.9628 -12.1718 -13.7944 -16.0731 -19.3918 -24.3588 -31.9387
-37.0009 -37.0009 -37.0009
  0.0000  -1.6814  -1.6814  -1.6814  -1.6814  -1.6814  -1.6814  -1.6814  -1.6814
 -1.6814  -1.6814  -1.6815  -1.6815  -1.6817  -1.6820  -1.6829  -1.6852  -1.6909
 -1.7051  -1.7409  -1.8309  -2.0570  -2.6249  -4.0503  -7.1019  -7.8940  -8.5329
 -9.2230 -10.0109 -10.9609 -12.1707 -13.7937 -16.0726 -19.3916 -24.3585 -31.9387
-37.0012 -37.0012 -37.0012
  0.0000  -0.4543  -0.4543  -0.4543  -0.4544  -0.4544  -0.4544  -0.4546  -0.4550
 -0.4560  -0.4586  -0.4651  -0.4814  -0.5222  -0.6246  -0.8809  -1.5157  -2.9180
 -4.0444  -4.7368  -5.2797  -5.8114  -6.3536  -6.9162  -7.5134  -8.1664  -8.9084
 -9.7918 -10.8991 -12.3615 -14.3868 -17.3043 -21.6356 -28.2078 -36.9995 -36.9995
-36.9995 -36.9995 -36.9995
  0.0000  -0.6005  -0.6005  -0.6005  -0.6005  -0.6005  -0.6006  -0.6007  -0.6009
 -0.6014  -0.6027  -0.6060  -0.6142  -0.6350  -0.6870  -0.8177  -1.1449  -1.9561
 -3.6697  -4.6922  -5.2670  -5.8056  -6.3509  -6.9148  -7.5128  -8.1661  -8.9082
 -9.7917 -10.8990 -12.3616 -14.3869 -17.3043 -21.6357 -28.2079 -36.9996 -36.9996
-36.9996 -36.9996 -36.9996
  0.0000  -0.7480  -0.7480  -0.7480  -0.7480  -0.7480  -0.7480  -0.7481  -0.7482
 -0.7485  -0.7491  -0.7508  -0.7549  -0.7654  -0.7917  -0.8577  -1.0233  -1.4385
 -2.4693  -4.4628  -5.2402  -5.7938  -6.3453  -6.9119  -7.5109  -8.1649  -8.9075
 -9.7910 -10.8985 -12.3610 -14.3864 -17.3038 -21.6353 -28.2074 -36.9992 -36.9992
-36.9992 -36.9992 -36.9992
  0.0000  -0.8981  -0.8981  -0.8981  -0.8982  -0.8982  -0.8982  -0.8982  -0.8982
 -0.8984  -0.8987  -0.8995  -0.9016  -0.9069  -0.9201  -0.9533  -1.0366  -1.2459
 -1.7707  -3.0744  -5.1495  -5.7726  -6.3366  -6.9083  -7.5097  -8.1648  -8.9079
 -9.7917 -10.8994 -12.3620 -14.3875 -17.3050 -21.6363 -28.2086 -37.0004 -37.0004
-37.0004 -37.0004 -37.0004
  0.0000  -1.0464  -1.0464  -1.0464  -1.0464  -1.0464  -1.0464  -1.0464  -1.0465
 -1.0465  -1.0467  -1.0471  -1.0482  -1.0508  -1.0574  -1.0741  -1.1159  -1.2209
 -1.4846  -2.1463  -3.7867  -5.7205  -6.3162  -6.8980  -7.5039  -8.1611  -8.9053
 -9.7898 -10.8977 -12.3606 -14.3861 -17.3037 -21.6351 -28.2073 -36.9993 -36.9993
-36.9993 -36.9993 -36.9993
  0.0000  -1.1961  -1.1961  -1.1961  -1.1961  -1.1961  -1.1961  -1.1961  -1.1961
 -1.1962  -1.1963  -1.1965  -1.1970  -1.1983  -1.2016  -1.2100  -1.2309  -1.2835
 -1.4157  -1.7476  -2.5805  -4.6282  -6.2760  -6.8804  -7.4949  -8.1561  -8.9023
 -9.7877 -10.8963 -12.3594 -14.3851 -17.3028 -21.6343 -28.2065 -36.9987 -36.9988
-36.9988 -36.9988 -36.9988
  0.0000  -1.3477  -1.3477  -1.3477  -1.3477  -1.3477  -1.3478  -1.3478  -1.3478
 -1.3478  -1.3478  -1.3479  -1.3482  -1.3488  -1.3505  -1.3547  -1.3652  -1.3915
 -1.4576  -1.6238  -2.0411  -3.0885  -5.5946  -6.8479  -7.4806  -8.1492  -8.8990
 -9.7863 -10.8959 -12.3596 -14.3857 -17.3035 -21.6352 -28.2073 -37.0000 -37.0002
-37.0002 -37.0002 -37.0002
  0.0000  -0.1421  -0.1421  -0.1422  -0.1422  -0.1423  -0.1426  -0.1433  -0.1450
 -0.1495  -0.1606  -0.1884  -0.2581  -0.4321  -0.8594  -1.8149  -2.9149  -3.6935
 -4.2668  -4.7974  -5.3362  -5.8910  -6.4750  -7.1066  -7.8144  -8.6432  -9.6643
-10.9898 -12.7980 -15.3715 -19.1576 -24.8657 -33.6200 -36.9989 -36.9989 -36.9989
-36.9989 -36.9989 -36.9989
  0.0000  -0.2800  -0.2800  -0.2800  -0.2800  -0.2801  -0.2802  -0.2806  -0.2815
 -0.2838  -0.2896  -0.3042  -0.3407  -0.4324  -0.6614  -1.2249  -2.4560  -3.6106
 -4.2508  -4.7895  -5.3328  -5.8895  -6.4743  -7.1063  -7.8144  -8.6434  -9.6644
-10.9900 -12.7983 -15.3717 -19.1579 -24.8660 -33.6203 -36.9992 -36.9992 -36.9992
-36.9992 -36.9992 -36.9992
  0.0000  -0.4225  -0.4225  -0.4225  -0.4225  -0.4225  -0.4226  -0.4228  -0.4233
 -0.4244  -0.4274  -0.4349  -0.4537  -0.5009  -0.6194  -0.9156  -1.6465  -3.1953
 -4.2115  -4.7739  -5.3259  -5.8860  -6.4725  -7.1053  -7.8138  -8.6430  -9.6642
-10.9898 -12.7981 -15.3716 -19.1578 -24.8659 -33.6203 -36.9992 -36.9992 -36.9992
-36.9992 -36.9992 -36.9992
  0.0000  -0.5684  -0.5684  -0.5684  -0.5684  -0.5684  -0.5684  -0.5685  -0.5688
 -0.5694  -0.5709  -0.5747  -0.5843  -0.6083  -0.6686  -0.8200  -1.1991  -2.1370
 -3.9662  -4.7428  -5.3129  -5.8797  -6.4694  -7.1037  -7.8129  -8.6426  -9.6640
-10.9898 -12.7982 -15.3717 -19.1579 -24.8660 -33.6205 -36.9994 -36.9994 -36.9994
-36.9994 -36.9994 -36.9994
  0.0000  -0.7165  -0.7165  -0.7165  -0.7165  -0.7165  -0.7165  -0.7165  -0.7167
 -0.7170  -0.7177  -0.7196  -0.7245  -0.7366  -0.7671  -0.8436  -1.0358  -1.5174
 -2.7101  -4.6378  -5.2871  -5.8682  -6.4637  -7.1008  -7.8115  -8.6418  -9.6637
-10.9897 -12.7983 -15.3719 -19.1581 -24.8662 -33.6207 -36.9998 -36.9998 -36.9998
-36.9998 -36.9998 -36.9998
  0.0000  -0.8651  -0.8651  -0.8651  -0.8651  -0.8651  -0.8651  -0.8652  -0.8652
 -0.8654  -0.8658  -0.8667  -0.8692  -0.8753  -0.8906  -0.9291  -1.0258  -1.2687
 -1.8777  -3.3820  -5.2266  -5.8451  -6.4524  -7.0947  -7.8080  -8.6397  -9.6622
-10.9887 -12.7976 -15.3712 -19.1576 -24.8657 -33.6204 -36.9996 -36.9996 -36.9996
-36.9996 -36.9996 -36.9996
  0.0000  -1.0146  -1.0146  -1.0146  -1.0146  -1.0146  -1.0146  -1.0147  -1.0147
 -1.0148  -1.0150  -1.0154  -1.0167  -1.0197  -1.0274  -1.0467  -1.0953  -1.2171
 -1.5232  -2.2910  -4.1718  -5.7989  -6.4319  -7.0842  -7.8020  -8.6362  -9.6600
-10.9871 -12.7964 -15.3704 -19.1569 -24.8649 -33.6200 -36.9995 -36.9995 -36.9995
-36.9995 -36.9995 -36.9995
  0.0000   0.1325   0.1325   0.1324   0.1322   0.1318   0.1308   0.1282   0.1216
  0.1050   0.0637  -0.0390  -0.2894  -0.8553  -1.7656  -2.6312  -3.2461  -3.7802
 -4.3184  -4.8677  -5.4408  -6.0544  -6.7330  -7.5152  -8.4623  -9.6704 -11.2925
-13.5709 -16.8895 -21.8565 -29.4362 -36.9979 -36.9979 -36.9979 -36.9979 -36.9979
-36.9979 -36.9979 -36.9979
  0.0000   0.0170   0.0170   0.0170   0.0169   0.0166   0.0160   0.0145   0.0108
  0.0014  -0.0221  -0.0809  -0.2272  -0.5841  -1.3784  -2.4908  -3.2222  -3.7692
 -4.3132  -4.8650  -5.4394  -6.0535  -6.7324  -7.5149  -8.4619  -9.6701 -11.2923
-13.5707 -16.8892 -21.8563 -29.4360 -36.9977 -36.9977 -36.9977 -36.9977 -36.9977
-36.9977 -36.9977 -36.9977
  0.0000  -0.1109  -0.1109  -0.1109  -0.1110  -0.1111  -0.1114  -0.1122  -0.1143
 -0.1194  -0.1321  -0.1641  -0.2443  -0.4441  -0.9330  -2.0111  -3.1542  -3.7479
 -4.3041  -4.8604  -5.4371  -6.0523  -6.7317  -7.5144  -8.4616  -9.6700 -11.2922
-13.5707 -16.8892 -21.8562 -29.4361 -36.9978 -36.9978 -36.9978 -36.9978 -36.9978
-36.9978 -36.9978 -36.9978
  0.0000  -0.2477  -0.2477  -0.2477  -0.2477  -0.2478  -0.2479  -0.2484  -0.2494
 -0.2521  -0.2588  -0.2756  -0.3179  -0.4240  -0.6888  -1.3400  -2.7296  -3.7040
 -4.2868  -4.8523  -5.4330  -6.0502  -6.7306  -7.5140  -8.4615  -9.6700 -11.2924
-13.5709 -16.8894 -21.8565 -29.4362 -36.9981 -36.9981 -36.9981 -36.9981 -36.9981
-36.9981 -36.9981 -36.9981
  0.0000  -0.3898  -0.3898  -0.3898  -0.3898  -0.3898  -0.3899  -0.3901  -0.3907
 -0.3920  -0.3955  -0.4042  -0.4260  -0.4808  -0.6183  -0.9622  -1.8101  -3.4572
 -4.2508  -4.8365  -5.4250  -6.0459  -6.7282  -7.5126  -8.4606  -9.6694 -11.2919
-13.5706 -16.8893 -21.8563 -29.4361 -36.9981 -36.9981 -36.9981 -36.9981 -36.9981
-36.9981 -36.9981 -36.9981
  0.0000  -0.5357  -0.5357  -0.5357  -0.5357  -0.5357  -0.5358  -0.5359  -0.5362
 -0.5369  -0.5386  -0.5431  -0.5542  -0.5821  -0.6522  -0.8281  -1.2685  -2.3544
 -4.1279  -4.8060  -5.4110  -6.0386  -6.7243  -7.5103  -8.4594  -9.6687 -11.2916
-13.5704 -16.8892 -21.8563 -29.4361 -36.9984 -36.9984 -36.9984 -36.9984 -36.9984
-36.9984 -36.9984 -36.9984
  0.0000  -0.6846  -0.6846  -0.6846  -0.6846  -0.6846  -0.6846  -0.6847  -0.6848
 -0.6852  -0.6861  -0.6883  -0.6939  -0.7080  -0.7434  -0.8323  -1.0556  -1.6149
 -2.9897  -4.7363  -5.3853  -6.0264  -6.7179  -7.5070  -8.4578  -9.6681 -11.2915
-13.5706 -16.8896 -21.8568 -29.4368 -36.9994 -36.9995 -36.9995 -36.9995 -36.9995
-36.9995 -36.9995 -36.9995
  0.0000   0.3311   0.3311   0.3309   0.3304   0.3293   0.3265   0.3194   0.3016
  0.2574   0.1488  -0.1065  -0.6306  -1.3970  -2.1765  -2.7532  -3.2953  -3.8433
 -4.4089  -5.0078  -5.6617  -6.4043  -7.2880  -8.3955  -9.8580 -11.8834 -14.8009
-19.1322 -25.7044 -35.8282 -36.9962 -36.9962 -36.9962 -36.9962 -36.9962 -36.9962
-36.9962 -36.9962 -36.9962
  0.0000   0.2567   0.2566   0.2565   0.2562   0.2554   0.2535   0.2487   0.2367
  0.2066   0.1319  -0.0503  -0.4681  -1.2434  -2.1185  -2.7398  -3.2889  -3.8401
 -4.4073  -5.0068  -5.6612  -6.4040  -7.2877  -8.3953  -9.8580 -11.8834 -14.8008
-19.1322 -25.7044 -35.8282 -36.9962 -36.9962 -36.9962 -36.9962 -36.9962 -36.9962
-36.9962 -36.9962 -36.9962
  0.0000   0.1619   0.1618   0.1618   0.1616   0.1611   0.1599   0.1569   0.1495
  0.1308   0.0841  -0.0320  -0.3144  -0.9508  -1.9677  -2.7111  -3.2763  -3.8343
 -4.4042  -5.0052  -5.6604  -6.4035  -7.2875  -8.3952  -9.8579 -11.8833 -14.8008
-19.1323 -25.7044 -35.8283 -36.9963 -36.9963 -36.9963 -36.9963 -36.9963 -36.9963
-36.9963 -36.9963 -36.9963
  0.0000   0.0489   0.0489   0.0489   0.0488   0.0485   0.0478   0.0461   0.0418
  0.0310   0.0040  -0.0637  -0.2321  -0.6428  -1.5512  -2.6324  -3.2518  -3.8234
 -4.3985  -5.0022  -5.6587  -6.4026  -7.2869  -8.3949  -9.8577 -11.8833 -14.8008
-19.1322 -25.7045 -35.8284 -36.9964 -36.9964 -36.9964 -36.9964 -36.9964 -36.9964
-36.9964 -36.9964 -36.9964
  0.0000  -0.0778  -0.0778  -0.0778  -0.0779  -0.0780  -0.0784  -0.0793  -0.0817
 -0.0876  -0.1024  -0.1395  -0.2326  -0.4647  -1.0324  -2.2357  -3.2006  -3.8023
 -4.3883  -4.9965  -5.6555  -6.4007  -7.2858  -8.3941  -9.8573 -11.8829 -14.8006
-19.1320 -25.7042 -35.8283 -36.9964 -36.9964 -36.9964 -36.9964 -36.9964 -36.9964
-36.9964 -36.9964 -36.9964
  0.0000  -0.2144  -0.2144  -0.2144  -0.2144  -0.2145  -0.2147  -0.2152  -0.2164
 -0.2195  -0.2273  -0.2469  -0.2962  -0.4197  -0.7280  -1.4835  -2.9436  -3.7612
 -4.3696  -4.9872  -5.6502  -6.3978  -7.2842  -8.3932  -9.8566 -11.8827 -14.8004
-19.1320 -25.7041 -35.8285 -36.9967 -36.9967 -36.9967 -36.9967 -36.9967 -36.9967
-36.9967 -36.9967 -36.9967
  0.0000  -0.3568  -0.3568  -0.3568  -0.3568  -0.3568  -0.3569  -0.3572  -0.3578
 -0.3594  -0.3634  -0.3736  -0.3990  -0.4627  -0.6227  -1.0227  -2.0023  -3.6200
 -4.3345  -4.9701  -5.6410  -6.3922  -7.2808  -8.3911  -9.8553 -11.8817 -14.7997
-19.1315 -25.7034 -35.8282 -36.9967 -36.9967 -36.9967 -36.9967 -36.9967 -36.9967
-36.9967 -36.9967 -36.9967
  0.0000   0.4438   0.4437   0.4434   0.4427   0.4408   0.4361   0.4244   0.3949
  0.3213   0.1423  -0.2577  -0.9583  -1.6629  -2.2515  -2.8088  -3.3728  -3.9619
 -4.5962  -5.3054  -6.1351  -7.1566  -8.4824 -10.2909 -12.8644 -16.6506 -22.3588
-31.1131 -36.9920 -36.9920 -36.9920 -36.9920 -36.9920 -36.9920 -36.9920 -36.9920
-36.9920 -36.9920 -36.9920
  0.0000   0.4110   0.4109   0.4106   0.4100   0.4084   0.4044   0.3944   0.3694
  0.3070   0.1546  -0.1988  -0.8807  -1.6379  -2.2435  -2.8055  -3.3713  -3.9611
 -4.5957  -5.3052  -6.1350  -7.1565  -8.4824 -10.2909 -12.8644 -16.6506 -22.3588
-31.1131 -36.9920 -36.9920 -36.9920 -36.9920 -36.9920 -36.9920 -36.9920 -36.9920
-36.9920 -36.9920 -36.9920
  0.0000   0.3635   0.3634   0.3632   0.3627   0.3615   0.3583   0.3505   0.3307
  0.2815   0.1602  -0.1296  -0.7473  -1.5817  -2.2259  -2.7977  -3.3674  -3.9589
 -4.5945  -5.3045  -6.1346  -7.1563  -8.4822 -10.2907 -12.8643 -16.6506 -22.3587
-31.1131 -36.9920 -36.9920 -36.9920 -36.9920 -36.9920 -36.9920 -36.9920 -36.9920
-36.9920 -36.9920 -36.9920
  0.0000   0.2938   0.2937   0.2936   0.2932   0.2923   0.2901   0.2846   0.2707
  0.2359   0.1493  -0.0629  -0.5554  -1.4361  -2.1900  -2.7830  -3.3602  -3.9548
 -4.5923  -5.3032  -6.1338  -7.1558  -8.4819 -10.2906 -12.8643 -16.6505 -22.3587
-31.1131 -36.9921 -36.9921 -36.9921 -36.9921 -36.9921 -36.9921 -36.9921 -36.9921
-36.9921 -36.9921 -36.9921
  0.0000   0.2003   0.2003   0.2002   0.2000   0.1994   0.1980   0.1945   0.1857
  0.1637   0.1086  -0.0286  -0.3631  -1.1098  -2.1003  -2.7550  -3.3468  -3.9480
 -4.5882  -5.3009  -6.1325  -7.1551  -8.4815 -10.2903 -12.8642 -16.6505 -22.3588
-31.1133 -36.9923 -36.9923 -36.9923 -36.9923 -36.9923 -36.9923 -36.9923 -36.9923
-36.9923 -36.9923 -36.9923
  0.0000   0.0866   0.0865   0.0865   0.0864   0.0860   0.0852   0.0832   0.0781
  0.0654   0.0334  -0.0467  -0.2461  -0.7314  -1.7534  -2.6961  -3.3223  -3.9356
 -4.5816  -5.2968  -6.1302  -7.1536  -8.4807 -10.2899 -12.8638 -16.6503 -22.3585
-31.1132 -36.9925 -36.9925 -36.9925 -36.9925 -36.9925 -36.9925 -36.9925 -36.9925
-36.9925 -36.9925 -36.9925
  0.0000  -0.0420  -0.0420  -0.0421  -0.0421  -0.0423  -0.0427  -0.0438  -0.0466
 -0.0535  -0.0710  -0.1147  -0.2244  -0.4975  -1.1614  -2.4382  -3.2760  -3.9141
 -4.5702  -5.2905  -6.1262  -7.1514  -8.4793 -10.2891 -12.8633 -16.6501 -22.3583
-31.1133 -36.9929 -36.9929 -36.9929 -36.9929 -36.9929 -36.9929 -36.9929 -36.9929
-36.9929 -36.9929 -36.9929
  0.0000   0.5313   0.5311   0.5307   0.5296   0.5269   0.5202   0.5032   0.4607
  0.3539   0.0850  -0.4832  -1.1432  -1.7444  -2.3218  -2.9099  -3.5314  -4.2148
 -4.9996  -5.9481  -7.1571  -8.7797 -11.0584 -14.3771 -19.3442 -26.9240 -36.9859
-36.9859 -36.9859 -36.9859 -36.9859 -36.9859 -36.9859 -36.9859 -36.9859 -36.9859
-36.9859 -36.9859 -36.9859
  0.0000   0.5099   0.5097   0.5093   0.5084   0.5060   0.5001   0.4852   0.4476
  0.3530   0.1097  -0.4413  -1.1307  -1.7433  -2.3230  -2.9114  -3.5328  -4.2158
 -5.0004  -5.9486  -7.1575  -8.7802 -11.0588 -14.3775 -19.3446 -26.9243 -36.9862
-36.9862 -36.9862 -36.9862 -36.9862 -36.9862 -36.9862 -36.9862 -36.9862 -36.9862
-36.9862 -36.9862 -36.9862
  0.0000   0.4947   0.4945   0.4942   0.4933   0.4910   0.4854   0.4712   0.4356
  0.3463   0.1221  -0.3905  -1.1042  -1.7339  -2.3188  -2.9093  -3.5316  -4.2152
 -5.0000  -5.9485  -7.1575  -8.7801 -11.0588 -14.3775 -19.3446 -26.9243 -36.9863
-36.9863 -36.9863 -36.9863 -36.9863 -36.9863 -36.9863 -36.9863 -36.9863 -36.9863
-36.9863 -36.9863 -36.9863
  0.0000   0.4696   0.4695   0.4691   0.4683   0.4663   0.4612   0.4483   0.4160
  0.3356   0.1374  -0.3175  -1.0494  -1.7143  -2.3097  -2.9045  -3.5289  -4.2135
 -4.9992  -5.9480  -7.1572  -8.7799 -11.0588 -14.3775 -19.3446 -26.9244 -36.9864
-36.9864 -36.9864 -36.9864 -36.9864 -36.9864 -36.9864 -36.9864 -36.9864 -36.9864
-36.9864 -36.9864 -36.9864
  0.0000   0.4229   0.4228   0.4225   0.4219   0.4202   0.4161   0.4058   0.3799
  0.3152   0.1561  -0.2182  -0.9314  -1.6749  -2.2928  -2.8957  -3.5242  -4.2107
 -4.9976  -5.9472  -7.1568  -8.7798 -11.0588 -14.3776 -19.3448 -26.9246 -36.9868
-36.9868 -36.9868 -36.9868 -36.9868 -36.9868 -36.9868 -36.9868 -36.9868 -36.9868
-36.9868 -36.9868 -36.9868
  0.0000   0.3485   0.3484   0.3482   0.3478   0.3467   0.3438   0.3366   0.3187
  0.2738   0.1622  -0.1089  -0.7107  -1.5821  -2.2615  -2.8802  -3.5157  -4.2060
 -4.9947  -5.9456  -7.1560  -8.7794 -11.0586 -14.3777 -19.3449 -26.9247 -36.9872
-36.9873 -36.9873 -36.9873 -36.9873 -36.9873 -36.9873 -36.9873 -36.9873 -36.9873
-36.9873 -36.9873 -36.9873
  1.0000   0.2440   0.2440   0.2439   0.2436   0.2429   0.2412   0.2369   0.2262
  0.1992   0.1318  -0.0354  -0.4393  -1.2863  -2.1996  -2.8596  -3.5071  -4.2019
 -4.9925  -5.9442  -7.1551  -8.7787 -11.0580 -14.3771 -19.3444 -26.9241 -36.9870
-36.9872 -36.9872 -36.9872 -36.9872 -36.9872 -36.9872 -36.9872 -36.9872 -36.9872
-36.9872 -36.9872 -36.9872
  0.0000   0.6433   0.6430   0.6422   0.6400   0.6348   0.6223   0.5921   0.5172
  0.3223  -0.0958  -0.6589  -1.2379  -1.8293  -2.4476  -3.1153  -3.8673  -4.7570
 -5.8684  -7.3334  -9.3603 -12.2787 -16.6107 -23.1833 -33.3074 -36.9756 -36.9756
-36.9756 -36.9756 -36.9756 -36.9756 -36.9756 -36.9756 -36.9756 -36.9756 -36.9756
-36.9756 -36.9756 -36.9756
  0.0000   0.5543   0.5542   0.5541   0.5537   0.5528   0.5504   0.5426   0.5119
  0.3841  -0.0015  -0.6169  -1.2326  -1.8370  -2.4575  -3.1235  -3.8728  -4.7603
 -5.8700  -7.3339  -9.3600 -12.2778 -16.6095 -23.1819 -33.3058 -36.9738 -36.9738
-36.9738 -36.9738 -36.9738 -36.9738 -36.9738 -36.9738 -36.9738 -36.9738 -36.9738
-36.9738 -36.9738 -36.9738
  0.0000   0.5409   0.5409   0.5408   0.5406   0.5400   0.5382   0.5316   0.5043
  0.3885   0.0230  -0.6026  -1.2296  -1.8369  -2.4581  -3.1240  -3.8733  -4.7605
 -5.8701  -7.3338  -9.3599 -12.2777 -16.6094 -23.1817 -33.3057 -36.9737 -36.9737
-36.9737 -36.9737 -36.9737 -36.9737 -36.9737 -36.9737 -36.9737 -36.9737 -36.9737
-36.9737 -36.9737 -36.9737
  0.0000   0.5482   0.5481   0.5479   0.5472   0.5456   0.5412   0.5293   0.4932
  0.3763   0.0381  -0.5796  -1.2199  -1.8320  -2.4554  -3.1225  -3.8725  -4.7601
 -5.8699  -7.3337  -9.3599 -12.2778 -16.6095 -23.1819 -33.3059 -36.9739 -36.9739
-36.9739 -36.9739 -36.9739 -36.9739 -36.9739 -36.9739 -36.9739 -36.9739 -36.9739
-36.9739 -36.9739 -36.9739
  0.0000   0.5533   0.5531   0.5527   0.5516   0.5489   0.5421   0.5247   0.4796
  0.3600   0.0543  -0.5386  -1.2004  -1.8219  -2.4498  -3.1195  -3.8705  -4.7592
 -5.8695  -7.3338  -9.3600 -12.2781 -16.6098 -23.1822 -33.3064 -36.9745 -36.9745
-36.9745 -36.9745 -36.9745 -36.9745 -36.9745 -36.9745 -36.9745 -36.9745 -36.9745
-36.9745 -36.9745 -36.9745
  0.0000   0.5361   0.5359   0.5354   0.5343   0.5315   0.5243   0.5063   0.4614
  0.3498   0.0823  -0.4646  -1.1623  -1.8036  -2.4397  -3.1136  -3.8673  -4.7572
 -5.8687  -7.3334  -9.3601 -12.2783 -16.6102 -23.1827 -33.3070 -36.9753 -36.9753
-36.9753 -36.9753 -36.9753 -36.9753 -36.9753 -36.9753 -36.9753 -36.9753 -36.9753
-36.9753 -36.9753 -36.9753
  0.0000   0.4849   0.4847   0.4844   0.4835   0.4812   0.4756   0.4615   0.4263
  0.3391   0.1283  -0.3381  -1.0780  -1.7710  -2.4229  -3.1040  -3.8618  -4.7541
 -5.8668  -7.3325  -9.3598 -12.2784 -16.6105 -23.1828 -33.3076 -36.9762 -36.9762
-36.9762 -36.9762 -36.9762 -36.9762 -36.9762 -36.9762 -36.9762 -36.9762 -36.9762
-36.9762 -36.9762 -36.9762
 -1.0000   0.6068   0.6068   0.6069   0.6074   0.6093   0.6136   0.6123   0.5593
  0.3402  -0.1184  -0.7057  -1.3317  -1.9951  -2.7240  -3.5662  -4.5954  -5.9259
 -7.7372 -10.3125 -14.0997 -19.8084 -28.5631 -36.9427 -36.9427 -36.9427 -36.9427
-36.9427 -36.9427 -36.9427 -36.9427 -36.9427 -36.9427 -36.9427 -36.9427 -36.9427
-36.9427 -36.9427 -36.9427
  0.0000   0.6070   0.6071   0.6073   0.6079   0.6096   0.6132   0.6109   0.5580
  0.3412  -0.1163  -0.7046  -1.3312  -1.9949  -2.7239  -3.5662  -4.5953  -5.9259
 -7.7372 -10.3125 -14.0997 -19.8084 -28.5631 -36.9427 -36.9427 -36.9427 -36.9427
-36.9427 -36.9427 -36.9427 -36.9427 -36.9427 -36.9427 -36.9427 -36.9427 -36.9427
-36.9427 -36.9427 -36.9427
  0.0000   0.5126   0.5132   0.5145   0.5180   0.5261   0.5439   0.5713   0.5709
  0.4086  -0.0627  -0.6894  -1.3332  -2.0009  -2.7291  -3.5693  -4.5969  -5.9260
 -7.7363 -10.3109 -14.0977 -19.8062 -28.5608 -36.9401 -36.9401 -36.9401 -36.9401
-36.9401 -36.9401 -36.9401 -36.9401 -36.9401 -36.9401 -36.9401 -36.9401 -36.9401
-36.9401 -36.9401 -36.9401
  0.0000   0.5082   0.5087   0.5100   0.5133   0.5211   0.5376   0.5634   0.5651
  0.4144  -0.0500  -0.6842  -1.3320  -2.0007  -2.7292  -3.5693  -4.5968  -5.9259
 -7.7362 -10.3108 -14.0975 -19.8060 -28.5605 -36.9399 -36.9399 -36.9399 -36.9399
-36.9399 -36.9399 -36.9399 -36.9399 -36.9399 -36.9399 -36.9399 -36.9399 -36.9399
-36.9399 -36.9399 -36.9399
  0.0000   0.5406   0.5409   0.5416   0.5433   0.5471   0.5550   0.5649   0.5487
  0.3990  -0.0424  -0.6751  -1.3263  -1.9973  -2.7272  -3.5682  -4.5963  -5.9257
 -7.7362 -10.3110 -14.0978 -19.8063 -28.5609 -36.9404 -36.9404 -36.9404 -36.9404
-36.9404 -36.9404 -36.9404 -36.9404 -36.9404 -36.9404 -36.9404 -36.9404 -36.9404
-36.9404 -36.9404 -36.9404
  0.0000   0.5799   0.5799   0.5798   0.5796   0.5790   0.5768   0.5676   0.5274
  0.3753  -0.0326  -0.6591  -1.3162  -1.9909  -2.7233  -3.5662  -4.5951  -5.9254
 -7.7363 -10.3113 -14.0984 -19.8071 -28.5617 -36.9415 -36.9415 -36.9415 -36.9415
-36.9415 -36.9415 -36.9415 -36.9415 -36.9415 -36.9415 -36.9415 -36.9415 -36.9415
-36.9415 -36.9415 -36.9415
  0.0000   0.5991   0.5989   0.5984   0.5971   0.5939   0.5857   0.5645   0.5081
  0.3563  -0.0118  -0.6284  -1.2989  -1.9808  -2.7173  -3.5629  -4.5935  -5.9247
 -7.7365 -10.3119 -14.0992 -19.8079 -28.5628 -36.9430 -36.9431 -36.9431 -36.9431
-36.9431 -36.9431 -36.9431 -36.9431 -36.9431 -36.9431 -36.9431 -36.9431 -36.9431
-36.9431 -36.9431 -36.9431
 -2.0000   0.5869   0.5869   0.5876   0.5912   0.6010   0.6205   0.6393   0.5938
  0.3612  -0.1611  -0.8241  -1.5519  -2.3674  -3.3347  -4.5548  -6.1839  -8.4664
-11.7873 -16.7557 -24.3362 -36.0573 -36.8992 -36.8992 -36.8992 -36.8992 -36.8992
-36.8992 -36.8992 -36.8992 -36.8992 -36.8992 -36.8992 -36.8992 -36.8992 -36.8992
-36.8992 -36.8992 -36.8992
 -1.0000   0.5871   0.5873   0.5882   0.5917   0.6012   0.6205   0.6388   0.5935
  0.3614  -0.1606  -0.8238  -1.5517  -2.3674  -3.3346  -4.5547  -6.1839  -8.4664
-11.7873 -16.7557 -24.3362 -36.0573 -36.8992 -36.8992 -36.8992 -36.8992 -36.8992
-36.8992 -36.8992 -36.8992 -36.8992 -36.8992 -36.8992 -36.8992 -36.8992 -36.8992
-36.8992 -36.8992 -36.8992
  0.0000   0.5876   0.5880   0.5891   0.5926   0.6017   0.6203   0.6378   0.5928
  0.3618  -0.1594  -0.8232  -1.5515  -2.3672  -3.3345  -4.5547  -6.1838  -8.4663
-11.7872 -16.7557 -24.3361 -36.0573 -36.8992 -36.8992 -36.8992 -36.8992 -36.8992
-36.8992 -36.8992 -36.8992 -36.8992 -36.8992 -36.8992 -36.8992 -36.8992 -36.8992
-36.8992 -36.8992 -36.8992
  1.0000   0.5888   0.5893   0.5906   0.5941   0.6026   0.6198   0.6359   0.5915
  0.3627  -0.1572  -0.8220  -1.5509  -2.3669  -3.3344  -4.5546  -6.1837  -8.4663
-11.7872 -16.7556 -24.3360 -36.0573 -36.8992 -36.8992 -36.8992 -36.8992 -36.8992
-36.8992 -36.8992 -36.8992 -36.8992 -36.8992 -36.8992 -36.8992 -36.8992 -36.8992
-36.8992 -36.8992 -36.8992
  2.0000   0.5912   0.5918   0.5931   0.5964   0.6040   0.6188   0.6322   0.5887
  0.3642  -0.1528  -0.8197  -1.5499  -2.3665  -3.3342  -4.5545  -6.1837  -8.4663
-11.7872 -16.7556 -24.3360 -36.0573 -36.8993 -36.8993 -36.8993 -36.8993 -36.8993
-36.8993 -36.8993 -36.8993 -36.8993 -36.8993 -36.8993 -36.8993 -36.8993 -36.8993
-36.8993 -36.8993 -36.8993
  3.0000   0.5958   0.5963   0.5974   0.6000   0.6060   0.6171   0.6258   0.5833
  0.3670  -0.1438  -0.8150  -1.5478  -2.3655  -3.3336  -4.5542  -6.1835  -8.4661
-11.7870 -16.7556 -24.3358 -36.0574 -36.8994 -36.8994 -36.8994 -36.8994 -36.8994
-36.8994 -36.8994 -36.8994 -36.8994 -36.8994 -36.8994 -36.8994 -36.8994 -36.8994
-36.8994 -36.8994 -36.8994
  4.0000   0.6025   0.6027   0.6034   0.6049   0.6082   0.6140   0.6157   0.5734
  0.3718  -0.1259  -0.8051  -1.5432  -2.3632  -3.3323  -4.5533  -6.1828  -8.4655
-11.7865 -16.7551 -24.3351 -36.0572 -36.8993 -36.8993 -36.8993 -36.8993 -36.8993
-36.8993 -36.8993 -36.8993 -36.8993 -36.8993 -36.8993 -36.8993 -36.8993 -36.8993
-36.8993 -36.8993 -36.8993
 -2.0000   0.8963   0.8942   0.8914   0.8881   0.8780   0.8181   0.7307   0.4991
  0.0615  -0.5432  -1.2747  -2.1550  -3.2590  -4.7170  -6.7370  -9.6491 -13.9758
-20.5451 -30.6685 -36.8513 -36.8513 -36.8513 -36.8513 -36.8513 -36.8513 -36.8513
-36.8513 -36.8513 -36.8513 -36.8513 -36.8513 -36.8513 -36.8513 -36.8513 -36.8513
-36.8513 -36.8513 -36.8513
 -1.0000   0.8964   0.8943   0.8914   0.8883   0.8774   0.8183   0.7306   0.4993
  0.0617  -0.5430  -1.2746  -2.1549  -3.2589  -4.7170  -6.7370  -9.6491 -13.9758
-20.5451 -30.6685 -36.8513 -36.8513 -36.8513 -36.8513 -36.8513 -36.8513 -36.8513
-36.8513 -36.8513 -36.8513 -36.8513 -36.8513 -36.8513 -36.8513 -36.8513 -36.8513
-36.8513 -36.8513 -36.8513
  0.0000   0.8962   0.8944   0.8915   0.8883   0.8763   0.8188   0.7304   0.4995
  0.0621  -0.5427  -1.2745  -2.1548  -3.2589  -4.7169  -6.7369  -9.6490 -13.9758
-20.5450 -30.6685 -36.8513 -36.8513 -36.8513 -36.8513 -36.8513 -36.8513 -36.8513
-36.8513 -36.8513 -36.8513 -36.8513 -36.8513 -36.8513 -36.8513 -36.8513 -36.8513
-36.8513 -36.8513 -36.8513
  1.0000   0.8951   0.8937   0.8912   0.8876   0.8739   0.8190   0.7295   0.4996
  0.0625  -0.5427  -1.2747  -2.1551  -3.2593  -4.7173  -6.7374  -9.6495 -13.9762
-20.5455 -30.6689 -36.8518 -36.8518 -36.8518 -36.8518 -36.8518 -36.8518 -36.8518
-36.8518 -36.8518 -36.8518 -36.8518 -36.8518 -36.8518 -36.8518 -36.8518 -36.8518
-36.8518 -36.8518 -36.8518
  2.0000   0.8941   0.8932   0.8911   0.8866   0.8711   0.8200   0.7289   0.5007
  0.0642  -0.5415  -1.2741  -2.1548  -3.2590  -4.7172  -6.7372  -9.6494 -13.9761
-20.5454 -30.6689 -36.8518 -36.8518 -36.8518 -36.8518 -36.8518 -36.8518 -36.8518
-36.8518 -36.8518 -36.8518 -36.8518 -36.8518 -36.8518 -36.8518 -36.8518 -36.8518
-36.8518 -36.8518 -36.8518
  3.0000   0.8925   0.8917   0.8896   0.8841   0.8674   0.8207   0.7278   0.5027
  0.0675  -0.5392  -1.2728  -2.1541  -3.2586  -4.7168  -6.7370  -9.6491 -13.9759
-20.5451 -30.6688 -36.8518 -36.8518 -36.8518 -36.8518 -36.8518 -36.8518 -36.8518
-36.8518 -36.8518 -36.8518 -36.8518 -36.8518 -36.8518 -36.8518 -36.8518 -36.8518
-36.8518 -36.8518 -36.8518
  4.0000   0.8886   0.8877   0.8853   0.8790   0.8623   0.8197   0.7263   0.5064
  0.0741  -0.5349  -1.2705  -2.1528  -3.2579  -4.7164  -6.7367  -9.6489 -13.9757
-20.5448 -30.6687 -36.8520 -36.8520 -36.8520 -36.8520 -36.8520 -36.8520 -36.8520
-36.8520 -36.8520 -36.8520 -36.8520 -36.8520 -36.8520 -36.8520 -36.8520 -36.8520
-36.8520 -36.8520 -36.8520
-12.0000   0.8958   0.8937   0.8911   0.8876   0.8781   0.8175   0.7304   0.4986
  0.0609  -0.5437  -1.2752  -2.1554  -3.2594  -4.7174  -6.7374  -9.6495 -13.9762
-20.5455 -30.6689 -36.8517 -36.8517 -36.8517 -36.8517 -36.8517 -36.8517 -36.8517
-36.8517 -36.8517 -36.8517 -36.8517 -36.8517 -36.8517 -36.8517 -36.8517 -36.8517
-36.8517 -36.8517 -36.8517
-11.0000   0.8959   0.8937   0.8910   0.8876   0.8780   0.8175   0.7304   0.4987
  0.0610  -0.5436  -1.2752  -2.1554  -3.2594  -4.7174  -6.7374  -9.6495 -13.9762
-20.5455 -30.6689 -36.8517 -36.8517 -36.8517 -36.8517 -36.8517 -36.8517 -36.8517
-36.8517 -36.8517 -36.8517 -36.8517 -36.8517 -36.8517 -36.8517 -36.8517 -36.8517
-36.8517 -36.8517 -36.8517
-10.0000   0.8959   0.8938   0.8910   0.8877   0.8777   0.8176   0.7303   0.4987
  0.0611  -0.5436  -1.2751  -2.1554  -3.2594  -4.7174  -6.7374  -9.6495 -13.9762
-20.5455 -30.6689 -36.8517 -36.8517 -36.8517 -36.8517 -36.8517 -36.8517 -36.8517
-36.8517 -36.8517 -36.8517 -36.8517 -36.8517 -36.8517 -36.8517 -36.8517 -36.8517
-36.8517 -36.8517 -36.8517
 11.0000   0.8960   0.8939   0.8910   0.8878   0.8771   0.8178   0.7302   0.4988
  0.0613  -0.5435  -1.2751  -2.1553  -3.2594  -4.7174  -6.7374  -9.6495 -13.9762
-20.5455 -30.6689 -36.8517 -36.8517 -36.8517 -36.8517 -36.8517 -36.8517 -36.8517
-36.8517 -36.8517 -36.8517 -36.8517 -36.8517 -36.8517 -36.8517 -36.8517 -36.8517
-36.8517 -36.8517 -36.8517
 12.0000   0.8958   0.8939   0.8910   0.8878   0.8760   0.8181   0.7300   0.4990
  0.0615  -0.5433  -1.2750  -2.1553  -3.2594  -4.7174  -6.7374  -9.6495 -13.9763
-20.5455 -30.6690 -36.8518 -36.8518 -36.8518 -36.8518 -36.8518 -36.8518 -36.8518
-36.8518 -36.8518 -36.8518 -36.8518 -36.8518 -36.8518 -36.8518 -36.8518 -36.8518
-36.8518 -36.8518 -36.8518
 13.0000   0.8954   0.8939   0.8913   0.8878   0.8744   0.8189   0.7297   0.4995
  0.0624  -0.5427  -1.2747  -2.1551  -3.2592  -4.7173  -6.7373  -9.6494 -13.9761
-20.5454 -30.6688 -36.8517 -36.8517 -36.8517 -36.8517 -36.8517 -36.8517 -36.8517
-36.8517 -36.8517 -36.8517 -36.8517 -36.8517 -36.8517 -36.8517 -36.8517 -36.8517
-36.8517 -36.8517 -36.8517
 14.0000   0.8944   0.8934   0.8912   0.8869   0.8718   0.8198   0.7290   0.5004
  0.0637  -0.5418  -1.2742  -2.1549  -3.2591  -4.7172  -6.7373  -9.6494 -13.9761
-20.5454 -30.6689 -36.8518 -36.8518 -36.8518 -36.8518 -36.8518 -36.8518 -36.8518
-36.8518 -36.8518 -36.8518 -36.8518 -36.8518 -36.8518 -36.8518 -36.8518 -36.8518
-36.8518 -36.8518 -36.8518
-22.0000   0.8957   0.8935   0.8910   0.8874   0.8782   0.8173   0.7303   0.4985
  0.0608  -0.5438  -1.2753  -2.1555  -3.2595  -4.7175  -6.7375  -9.6496 -13.9763
-20.5456 -30.6690 -36.8518 -36.8518 -36.8518 -36.8518 -36.8518 -36.8518 -36.8518
-36.8518 -36.8518 -36.8518 -36.8518 -36.8518 -36.8518 -36.8518 -36.8518 -36.8518
-36.8518 -36.8518 -36.8518
-21.0000   0.8957   0.8935   0.8910   0.8874   0.8781   0.8173   0.7303   0.4985
  0.0608  -0.5438  -1.2753  -2.1555  -3.2595  -4.7175  -6.7375  -9.6496 -13.9763
-20.5456 -30.6690 -36.8518 -36.8518 -36.8518 -36.8518 -36.8518 -36.8518 -36.8518
-36.8518 -36.8518 -36.8518 -36.8518 -36.8518 -36.8518 -36.8518 -36.8518 -36.8518
-36.8518 -36.8518 -36.8518
-20.0000   0.8957   0.8936   0.8910   0.8875   0.8781   0.8174   0.7303   0.4985
  0.0608  -0.5438  -1.2753  -2.1555  -3.2595  -4.7175  -6.7375  -9.6496 -13.9763
-20.5456 -30.6690 -36.8518 -36.8518 -36.8518 -36.8518 -36.8518 -36.8518 -36.8518
-36.8518 -36.8518 -36.8518 -36.8518 -36.8518 -36.8518 -36.8518 -36.8518 -36.8518
-36.8518 -36.8518 -36.8518
 21.0000   0.8957   0.8936   0.8909   0.8875   0.8779   0.8174   0.7303   0.4986
  0.0609  -0.5437  -1.2753  -2.1555  -3.2595  -4.7175  -6.7375  -9.6496 -13.9763
-20.5456 -30.6690 -36.8518 -36.8518 -36.8518 -36.8518 -36.8518 -36.8518 -36.8518
-36.8518 -36.8518 -36.8518 -36.8518 -36.8518 -36.8518 -36.8518 -36.8518 -36.8518
-36.8518 -36.8518 -36.8518
 22.0000   0.8958   0.8937   0.8909   0.8876   0.8777   0.8175   0.7302   0.4986
  0.0610  -0.5437  -1.2752  -2.1555  -3.2595  -4.7175  -6.7375  -9.6496 -13.9763
-20.5456 -30.6690 -36.8518 -36.8518 -36.8518 -36.8518 -36.8518 -36.8518 -36.8518
-36.8518 -36.8518 -36.8518 -36.8518 -36.8518 -36.8518 -36.8518 -36.8518 -36.8518
-36.8518 -36.8518 -36.8518
 23.0000   0.8959   0.8938   0.8909   0.8877   0.8772   0.8177   0.7301   0.4987
  0.0611  -0.5436  -1.2752  -2.1554  -3.2595  -4.7175  -6.7375  -9.6496 -13.9763
-20.5456 -30.6690 -36.8518 -36.8518 -36.8518 -36.8518 -36.8518 -36.8518 -36.8518
-36.8518 -36.8518 -36.8518 -36.8518 -36.8518 -36.8518 -36.8518 -36.8518 -36.8518
-36.8518 -36.8518 -36.8518
 24.0000   0.8958   0.8939   0.8909   0.8878   0.8763   0.8180   0.7300   0.4989
  0.0614  -0.5434  -1.2751  -2.1554  -3.2594  -4.7174  -6.7374  -9.6495 -13.9763
-20.5455 -30.6690 -36.8518 -36.8518 -36.8518 -36.8518 -36.8518 -36.8518 -36.8518
-36.8518 -36.8518 -36.8518 -36.8518 -36.8518 -36.8518 -36.8518 -36.8518 -36.8518
-36.8518 -36.8518 -36.8518
-32.0000   0.8958   0.8936   0.8911   0.8875   0.8783   0.8174   0.7304   0.4986
  0.0609  -0.5437  -1.2752  -2.1554  -3.2594  -4.7174  -6.7374  -9.6495 -13.9762
-20.5455 -30.6689 -36.8517 -36.8517 -36.8517 -36.8517 -36.8517 -36.8517 -36.8517
-36.8517 -36.8517 -36.8517 -36.8517 -36.8517 -36.8517 -36.8517 -36.8517 -36.8517
-36.8517 -36.8517 -36.8517
-31.0000   0.8958   0.8936   0.8911   0.8875   0.8783   0.8174   0.7304   0.4986
  0.0609  -0.5437  -1.2752  -2.1554  -3.2594  -4.7174  -6.7374  -9.6495 -13.9762
-20.5455 -30.6689 -36.8517 -36.8517 -36.8517 -36.8517 -36.8517 -36.8517 -36.8517
-36.8517 -36.8517 -36.8517 -36.8517 -36.8517 -36.8517 -36.8517 -36.8517 -36.8517
-36.8517 -36.8517 -36.8517
-30.0000   0.8958   0.8936   0.8911   0.8875   0.8783   0.8174   0.7304   0.4986
  0.0609  -0.5437  -1.2752  -2.1554  -3.2594  -4.7174  -6.7374  -9.6495 -13.9762
-20.5455 -30.6689 -36.8517 -36.8517 -36.8517 -36.8517 -36.8517 -36.8517 -36.8517
-36.8517 -36.8517 -36.8517 -36.8517 -36.8517 -36.8517 -36.8517 -36.8517 -36.8517
-36.8517 -36.8517 -36.8517
 31.0000   0.8958   0.8936   0.8911   0.8875   0.8782   0.8174   0.7304   0.4986
  0.0609  -0.5437  -1.2752  -2.1554  -3.2594  -4.7174  -6.7374  -9.6495 -13.9762
-20.5455 -30.6689 -36.8517 -36.8517 -36.8517 -36.8517 -36.8517 -36.8517 -36.8517
-36.8517 -36.8517 -36.8517 -36.8517 -36.8517 -36.8517 -36.8517 -36.8517 -36.8517
-36.8517 -36.8517 -36.8517
 32.0000   0.8958   0.8936   0.8911   0.8876   0.8782   0.8174   0.7304   0.4986
  0.0609  -0.5437  -1.2752  -2.1554  -3.2594  -4.7174  -6.7374  -9.6495 -13.9762
-20.5455 -30.6689 -36.8517 -36.8517 -36.8517 -36.8517 -36.8517 -36.8517 -36.8517
-36.8517 -36.8517 -36.8517 -36.8517 -36.8517 -36.8517 -36.8517 -36.8517 -36.8517
-36.8517 -36.8517 -36.8517
 33.0000   0.8958   0.8937   0.8910   0.8876   0.8781   0.8175   0.7304   0.4986
  0.0610  -0.5437  -1.2752  -2.1554  -3.2594  -4.7174  -6.7374  -9.6495 -13.9762
-20.5455 -30.6689 -36.8517 -36.8517 -36.8517 -36.8517 -36.8517 -36.8517 -36.8517
-36.8517 -36.8517 -36.8517 -36.8517 -36.8517 -36.8517 -36.8517 -36.8517 -36.8517
-36.8517 -36.8517 -36.8517
 34.0000   0.8960   0.8938   0.8911   0.8878   0.8779   0.8177   0.7304   0.4988
  0.0611  -0.5435  -1.2750  -2.1553  -3.2593  -4.7173  -6.7373  -9.6494 -13.9761
-20.5454 -30.6688 -36.8516 -36.8516 -36.8516 -36.8516 -36.8516 -36.8516 -36.8516
-36.8516 -36.8516 -36.8516 -36.8516 -36.8516 -36.8516 -36.8516 -36.8516 -36.8516
-36.8516 -36.8516 -36.8516
-42.0000   0.8958   0.8936   0.8911   0.8875   0.8783   0.8174   0.7304   0.4986
  0.0609  -0.5437  -1.2752  -2.1554  -3.2594  -4.7174  -6.7374  -9.6495 -13.9762
-20.5455 -30.6689 -36.8517 -36.8517 -36.8517 -36.8517 -36.8517 -36.8517 -36.8517
-36.8517 -36.8517 -36.8517 -36.8517 -36.8517 -36.8517 -36.8517 -36.8517 -36.8517
-36.8517 -36.8517 -36.8517
-41.0000   0.8958   0.8936   0.8911   0.8875   0.8783   0.8174   0.7304   0.4986
  0.0609  -0.5437  -1.2752  -2.1554  -3.2594  -4.7174  -6.7374  -9.6495 -13.9762
-20.5455 -30.6689 -36.8517 -36.8517 -36.8517 -36.8517 -36.8517 -36.8517 -36.8517
-36.8517 -36.8517 -36.8517 -36.8517 -36.8517 -36.8517 -36.8517 -36.8517 -36.8517
-36.8517 -36.8517 -36.8517
-40.0000   0.8958   0.8936   0.8911   0.8875   0.8783   0.8174   0.7304   0.4986
  0.0609  -0.5437  -1.2752  -2.1554  -3.2594  -4.7174  -6.7374  -9.6495 -13.9762
-20.5455 -30.6689 -36.8517 -36.8517 -36.8517 -36.8517 -36.8517 -36.8517 -36.8517
-36.8517 -36.8517 -36.8517 -36.8517 -36.8517 -36.8517 -36.8517 -36.8517 -36.8517
-36.8517 -36.8517 -36.8517
 41.0000   0.8958   0.8936   0.8911   0.8875   0.8783   0.8174   0.7304   0.4986
  0.0609  -0.5437  -1.2752  -2.1554  -3.2594  -4.7174  -6.7374  -9.6495 -13.9762
-20.5455 -30.6689 -36.8517 -36.8517 -36.8517 -36.8517 -36.8517 -36.8517 -36.8517
-36.8517 -36.8517 -36.8517 -36.8517 -36.8517 -36.8517 -36.8517 -36.8517 -36.8517
-36.8517 -36.8517 -36.8517
 42.0000   0.8958   0.8936   0.8911   0.8875   0.8783   0.8174   0.7304   0.4986
  0.0609  -0.5437  -1.2752  -2.1554  -3.2594  -4.7174  -6.7374  -9.6495 -13.9762
-20.5455 -30.6689 -36.8517 -36.8517 -36.8517 -36.8517 -36.8517 -36.8517 -36.8517
-36.8517 -36.8517 -36.8517 -36.8517 -36.8517 -36.8517 -36.8517 -36.8517 -36.8517
-36.8517 -36.8517 -36.8517
 43.0000   0.8958   0.8936   0.8911   0.8875   0.8782   0.8174   0.7304   0.4986
  0.0609  -0.5437  -1.2752  -2.1554  -3.2594  -4.7174  -6.7374  -9.6495 -13.9762
-20.5455 -30.6689 -36.8517 -36.8517 -36.8517 -36.8517 -36.8517 -36.8517 -36.8517
-36.8517 -36.8517 -36.8517 -36.8517 -36.8517 -36.8517 -36.8517 -36.8517 -36.8517
-36.8517 -36.8517 -36.8517
 44.0000   0.8957   0.8935   0.8910   0.8874   0.8781   0.8173   0.7303   0.4985
  0.0608  -0.5438  -1.2753  -2.1555  -3.2595  -4.7175  -6.7375  -9.6496 -13.9763
-20.5456 -30.6690 -36.8518 -36.8518 -36.8518 -36.8518 -36.8518 -36.8518 -36.8518
-36.8518 -36.8518 -36.8518 -36.8518 -36.8518 -36.8518 -36.8518 -36.8518 -36.8518
-36.8518 -36.8518 -36.8518
-52.0000   0.7475   0.7453   0.7428   0.7392   0.7300   0.6691   0.5821   0.3503
 -0.0874  -0.6920  -1.4235  -2.3037  -3.4077  -4.8657  -6.8857  -9.7978 -14.1245
-20.6938 -30.8172 -37.0000 -37.0000 -37.0000 -37.0000 -37.0000 -37.0000 -37.0000
-37.0000 -37.0000 -37.0000 -37.0000 -37.0000 -37.0000 -37.0000 -37.0000 -37.0000
-37.0000 -37.0000 -37.0000
-51.0000   0.7475   0.7453   0.7428   0.7392   0.7300   0.6691   0.5821   0.3503
 -0.0874  -0.6920  -1.4235  -2.3037  -3.4077  -4.8657  -6.8857  -9.7978 -14.1245
-20.6938 -30.8172 -37.0000 -37.0000 -37.0000 -37.0000 -37.0000 -37.0000 -37.0000
-37.0000 -37.0000 -37.0000 -37.0000 -37.0000 -37.0000 -37.0000 -37.0000 -37.0000
-37.0000 -37.0000 -37.0000
-50.0000   0.7475   0.7453   0.7428   0.7392   0.7300   0.6691   0.5821   0.3503
 -0.0874  -0.6920  -1.4235  -2.3037  -3.4077  -4.8657  -6.8857  -9.7978 -14.1245
-20.6938 -30.8172 -37.0000 -37.0000 -37.0000 -37.0000 -37.0000 -37.0000 -37.0000
-37.0000 -37.0000 -37.0000 -37.0000 -37.0000 -37.0000 -37.0000 -37.0000 -37.0000
-37.0000 -37.0000 -37.0000
 51.0000   0.7475   0.7453   0.7428   0.7392   0.7300   0.6691   0.5821   0.3503
 -0.0874  -0.6920  -1.4235  -2.3037  -3.4077  -4.8657  -6.8857  -9.7978 -14.1245
-20.6938 -30.8172 -37.0000 -37.0000 -37.0000 -37.0000 -37.0000 -37.0000 -37.0000
-37.0000 -37.0000 -37.0000 -37.0000 -37.0000 -37.0000 -37.0000 -37.0000 -37.0000
-37.0000 -37.0000 -37.0000
 52.0000   0.7475   0.7453   0.7428   0.7392   0.7300   0.6691   0.5821   0.3503
 -0.0874  -0.6920  -1.4235  -2.3037  -3.4077  -4.8657  -6.8857  -9.7978 -14.1245
-20.6938 -30.8172 -37.0000 -37.0000 -37.0000 -37.0000 -37.0000 -37.0000 -37.0000
-37.0000 -37.0000 -37.0000 -37.0000 -37.0000 -37.0000 -37.0000 -37.0000 -37.0000
-37.0000 -37.0000 -37.0000
 53.0000   0.7475   0.7453   0.7428   0.7392   0.7300   0.6691   0.5821   0.3503
 -0.0874  -0.6920  -1.4235  -2.3037  -3.4077  -4.8657  -6.8857  -9.7978 -14.1245
-20.6938 -30.8172 -37.0000 -37.0000 -37.0000 -37.0000 -37.0000 -37.0000 -37.0000
-37.0000 -37.0000 -37.0000 -37.0000 -37.0000 -37.0000 -37.0000 -37.0000 -37.0000
-37.0000 -37.0000 -37.0000
 54.0000   0.7475   0.7453   0.7428   0.7392   0.7300   0.6691   0.5821   0.3503
 -0.0874  -0.6920  -1.4235  -2.3037  -3.4077  -4.8657  -6.8857  -9.7978 -14.1245
-20.6938 -30.8172 -37.0000 -37.0000 -37.0000 -37.0000 -37.0000 -37.0000 -37.0000
-37.0000 -37.0000 -37.0000 -37.0000 -37.0000 -37.0000 -37.0000 -37.0000 -37.0000
-37.0000 -37.0000 -37.0000
-62.0000   0.7475   0.7453   0.7428   0.7392   0.7300   0.6691   0.5821   0.3503
 -0.0874  -0.6920  -1.4235  -2.3037  -3.4077  -4.8657  -6.8857  -9.7978 -14.1245
-20.6938 -30.8172 -37.0000 -37.0000 -37.0000 -37.0000 -37.0000 -37.0000 -37.0000
-37.0000 -37.0000 -37.0000 -37.0000 -37.0000 -37.0000 -37.0000 -37.0000 -37.0000
-37.0000 -37.0000 -37.0000
-61.0000   0.7475   0.7453   0.7428   0.7392   0.7300   0.6691   0.5821   0.3503
 -0.0874  -0.6920  -1.4235  -2.3037  -3.4077  -4.8657  -6.8857  -9.7978 -14.1245
-20.6938 -30.8172 -37.0000 -37.0000 -37.0000 -37.0000 -37.0000 -37.0000 -37.0000
-37.0000 -37.0000 -37.0000 -37.0000 -37.0000 -37.0000 -37.0000 -37.0000 -37.0000
-37.0000 -37.0000 -37.0000
-60.0000   0.7475   0.7453   0.7428   0.7392   0.7300   0.6691   0.5821   0.3503
 -0.0874  -0.6920  -1.4235  -2.3037  -3.4077  -4.8657  -6.8857  -9.7978 -14.1245
-20.6938 -30.8172 -37.0000 -37.0000 -37.0000 -37.0000 -37.0000 -37.0000 -37.0000
-37.0000 -37.0000 -37.0000 -37.0000 -37.0000 -37.0000 -37.0000 -37.0000 -37.0000
-37.0000 -37.0000 -37.0000
 61.0000   0.7475   0.7453   0.7428   0.7392   0.7300   0.6691   0.5821   0.3503
 -0.0874  -0.6920  -1.4235  -2.3037  -3.4077  -4.8657  -6.8857  -9.7978 -14.1245
-20.6938 -30.8172 -37.0000 -37.0000 -37.0000 -37.0000 -37.0000 -37.0000 -37.0000
-37.0000 -37.0000 -37.0000 -37.0000 -37.0000 -37.0000 -37.0000 -37.0000 -37.0000
-37.0000 -37.0000 -37.0000
 62.0000   0.7475   0.7453   0.7428   0.7392   0.7300   0.6691   0.5821   0.3503
 -0.0874  -0.6920  -1.4235  -2.3037  -3.4077  -4.8657  -6.8857  -9.7978 -14.1245
-20.6938 -30.8172 -37.0000 -37.0000 -37.0000 -37.0000 -37.0000 -37.0000 -37.0000
-37.0000 -37.0000 -37.0000 -37.0000 -37.0000 -37.0000 -37.0000 -37.0000 -37.0000
-37.0000 -37.0000 -37.0000
 63.0000   0.7475   0.7453   0.7428   0.7392   0.7300   0.6691   0.5821   0.3503
 -0.0874  -0.6920  -1.4235  -2.3037  -3.4077  -4.8657  -6.8857  -9.7978 -14.1245
-20.6938 -30.8172 -37.0000 -37.0000 -37.0000 -37.0000 -37.0000 -37.0000 -37.0000
-37.0000 -37.0000 -37.0000 -37.0000 -37.0000 -37.0000 -37.0000 -37.0000 -37.0000
-37.0000 -37.0000 -37.0000
 64.0000   0.7475   0.7453   0.7428   0.7392   0.7300   0.6691   0.5821   0.3503
 -0.0874  -0.6920  -1.4235  -2.3037  -3.4077  -4.8657  -6.8857  -9.7978 -14.1245
-20.6938 -30.8172 -37.0000 -37.0000 -37.0000 -37.0000 -37.0000 -37.0000 -37.0000
-37.0000 -37.0000 -37.0000 -37.0000 -37.0000 -37.0000 -37.0000 -37.0000 -37.0000
-37.0000 -37.0000 -37.0000
