model_id,teff_K,logg,log_H_He,quality,status,source_commit,config_json,spectrum_path,spectrum_sha256,points,selected_workflow,wall_seconds,error
dab-dfa7e09f866ea007520f9403,20000,8,-2,production,COMPLETE_NUMERICAL,0a74fdbe06596fc145f5169a3b239ddd67053141,"{""abundances"":null,""allard_minimum_effective_temperature"":9000.0,""atmosphere_solver"":""adaptive-newton"",""balmer_self_broadening_prescription"":null,""balmer_self_broadening_truncation_closure"":""stark-core"",""effective_temperature"":20000,""formal_maximum_metal_lines"":null,""formal_minimum_metal_oscillator_strength"":0.0001,""h2_he_cia_path"":null,""include_molecules"":false,""log_hydrogen_to_helium"":-2,""logg"":8,""lyman_profile_source"":""allard"",""maximum_metal_charge"":4,""metal_classical_electron_stark"":false,""metal_line_supplements"":[],""mixing_length_alpha"":1.25,""neutral_broadening"":""unsold"",""photospheric_depth_concentration"":1.0,""quality"":""production"",""structure_opacity_sampling_resolution"":1000.0,""synthesis_transfer_depth_refinement"":4}",models/dab-dfa7e09f866ea007520f9403/spectrum.txt,79e5a5558cf874b165a26b4e5063e30862bc0e20705004f1a900d75f602378a8,18901,dab,1892.7644766610001,
dab-387fea33230cc0de130af894,20000,7,-2,production,COMPLETE_NUMERICAL,0a74fdbe06596fc145f5169a3b239ddd67053141,"{""abundances"":null,""allard_minimum_effective_temperature"":9000.0,""atmosphere_solver"":""adaptive-newton"",""balmer_self_broadening_prescription"":null,""balmer_self_broadening_truncation_closure"":""stark-core"",""effective_temperature"":20000,""formal_maximum_metal_lines"":null,""formal_minimum_metal_oscillator_strength"":0.0001,""h2_he_cia_path"":null,""include_molecules"":false,""log_hydrogen_to_helium"":-2,""logg"":7,""lyman_profile_source"":""allard"",""maximum_metal_charge"":4,""metal_classical_electron_stark"":false,""metal_line_supplements"":[],""mixing_length_alpha"":1.25,""neutral_broadening"":""unsold"",""photospheric_depth_concentration"":1.0,""quality"":""production"",""structure_opacity_sampling_resolution"":1000.0,""synthesis_transfer_depth_refinement"":4}",models/dab-387fea33230cc0de130af894/spectrum.txt,1541ab6a418ee194f8c344a1d4813c6d034cf7385ca69cb33ce22d4c75ffde93,18901,dab,1693.7701890459998,
dab-366a6a0dedd5101f9a726560,20000,9,-2,production,COMPLETE_NUMERICAL,0a74fdbe06596fc145f5169a3b239ddd67053141,"{""abundances"":null,""allard_minimum_effective_temperature"":9000.0,""atmosphere_solver"":""adaptive-newton"",""balmer_self_broadening_prescription"":null,""balmer_self_broadening_truncation_closure"":""stark-core"",""effective_temperature"":20000,""formal_maximum_metal_lines"":null,""formal_minimum_metal_oscillator_strength"":0.0001,""h2_he_cia_path"":null,""include_molecules"":false,""log_hydrogen_to_helium"":-2,""logg"":9,""lyman_profile_source"":""allard"",""maximum_metal_charge"":4,""metal_classical_electron_stark"":false,""metal_line_supplements"":[],""mixing_length_alpha"":1.25,""neutral_broadening"":""unsold"",""photospheric_depth_concentration"":1.0,""quality"":""production"",""structure_opacity_sampling_resolution"":1000.0,""synthesis_transfer_depth_refinement"":4}",models/dab-366a6a0dedd5101f9a726560/spectrum.txt,374f37d1df3948a1c35ed58ede0056b6f50b0f13788679fd94b6c96758fc275a,18901,dab,2929.0403285060006,
dab-913d1b6533dafbde6483f379,20000,8,2,production,COMPLETE_NUMERICAL,0a74fdbe06596fc145f5169a3b239ddd67053141,"{""abundances"":null,""allard_minimum_effective_temperature"":9000.0,""atmosphere_solver"":""adaptive-newton"",""balmer_self_broadening_prescription"":null,""balmer_self_broadening_truncation_closure"":""stark-core"",""effective_temperature"":20000,""formal_maximum_metal_lines"":null,""formal_minimum_metal_oscillator_strength"":0.0001,""h2_he_cia_path"":null,""include_molecules"":false,""log_hydrogen_to_helium"":2,""logg"":8,""lyman_profile_source"":""allard"",""maximum_metal_charge"":4,""metal_classical_electron_stark"":false,""metal_line_supplements"":[],""mixing_length_alpha"":1.25,""neutral_broadening"":""unsold"",""photospheric_depth_concentration"":1.0,""quality"":""production"",""structure_opacity_sampling_resolution"":1000.0,""synthesis_transfer_depth_refinement"":4}",models/dab-913d1b6533dafbde6483f379/spectrum.txt,1e491d666398b48c9c8a7445c07cd20e37ed069b7c98732c694b19387bb15e90,18901,dab,1331.567248454,
dab-c93c57fb65a5823d0d647021,20000,8,-6,production,COMPLETE_NUMERICAL,0a74fdbe06596fc145f5169a3b239ddd67053141,"{""abundances"":null,""allard_minimum_effective_temperature"":9000.0,""atmosphere_solver"":""adaptive-newton"",""balmer_self_broadening_prescription"":null,""balmer_self_broadening_truncation_closure"":""stark-core"",""effective_temperature"":20000,""formal_maximum_metal_lines"":null,""formal_minimum_metal_oscillator_strength"":0.0001,""h2_he_cia_path"":null,""include_molecules"":false,""log_hydrogen_to_helium"":-6,""logg"":8,""lyman_profile_source"":""allard"",""maximum_metal_charge"":4,""metal_classical_electron_stark"":false,""metal_line_supplements"":[],""mixing_length_alpha"":1.25,""neutral_broadening"":""unsold"",""photospheric_depth_concentration"":1.0,""quality"":""production"",""structure_opacity_sampling_resolution"":1000.0,""synthesis_transfer_depth_refinement"":4}",models/dab-c93c57fb65a5823d0d647021/spectrum.txt,77fe861a9e20a18b6691e99e77d3123042c69c9084c688e430fac31118de3fd4,18901,dab,2739.696465676,
dab-7a42c418decf210e1bc107f5,30000,8,-2,production,COMPLETE_NUMERICAL,0a74fdbe06596fc145f5169a3b239ddd67053141,"{""abundances"":null,""allard_minimum_effective_temperature"":9000.0,""atmosphere_solver"":""adaptive-newton"",""balmer_self_broadening_prescription"":null,""balmer_self_broadening_truncation_closure"":""stark-core"",""effective_temperature"":30000,""formal_maximum_metal_lines"":null,""formal_minimum_metal_oscillator_strength"":0.0001,""h2_he_cia_path"":null,""include_molecules"":false,""log_hydrogen_to_helium"":-2,""logg"":8,""lyman_profile_source"":""allard"",""maximum_metal_charge"":4,""metal_classical_electron_stark"":false,""metal_line_supplements"":[],""mixing_length_alpha"":1.25,""neutral_broadening"":""unsold"",""photospheric_depth_concentration"":1.0,""quality"":""production"",""structure_opacity_sampling_resolution"":1000.0,""synthesis_transfer_depth_refinement"":4}",models/dab-7a42c418decf210e1bc107f5/spectrum.txt,c04985f57f8a76a857316dc9696dfaca9acba746053078901ced3b84bc43e047,18901,dab,1479.4993692619996,
dab-be3951c76899ceb7b56ce147,12000,6,-6,production,COMPLETE_NUMERICAL,0a74fdbe06596fc145f5169a3b239ddd67053141,"{""abundances"":null,""allard_minimum_effective_temperature"":9000.0,""atmosphere_solver"":""adaptive-newton"",""balmer_self_broadening_prescription"":null,""balmer_self_broadening_truncation_closure"":""stark-core"",""effective_temperature"":12000,""formal_maximum_metal_lines"":null,""formal_minimum_metal_oscillator_strength"":0.0001,""h2_he_cia_path"":null,""include_molecules"":false,""log_hydrogen_to_helium"":-6,""logg"":6,""lyman_profile_source"":""allard"",""maximum_metal_charge"":4,""metal_classical_electron_stark"":false,""metal_line_supplements"":[],""mixing_length_alpha"":1.25,""neutral_broadening"":""unsold"",""photospheric_depth_concentration"":1.0,""quality"":""production"",""structure_opacity_sampling_resolution"":1000.0,""synthesis_transfer_depth_refinement"":4}",models/dab-be3951c76899ceb7b56ce147/spectrum.txt,455a6e5a256dcf6f5e549d6a13b2b7dc0be41e6970a26045fdab85c9dadb7d5e,18901,dab,2575.3029178980005,
dab-5726f50d31431d627c462a91,12000,6,-4,production,COMPLETE_NUMERICAL,0a74fdbe06596fc145f5169a3b239ddd67053141,"{""abundances"":null,""allard_minimum_effective_temperature"":9000.0,""atmosphere_solver"":""adaptive-newton"",""balmer_self_broadening_prescription"":null,""balmer_self_broadening_truncation_closure"":""stark-core"",""effective_temperature"":12000,""formal_maximum_metal_lines"":null,""formal_minimum_metal_oscillator_strength"":0.0001,""h2_he_cia_path"":null,""include_molecules"":false,""log_hydrogen_to_helium"":-4,""logg"":6,""lyman_profile_source"":""allard"",""maximum_metal_charge"":4,""metal_classical_electron_stark"":false,""metal_line_supplements"":[],""mixing_length_alpha"":1.25,""neutral_broadening"":""unsold"",""photospheric_depth_concentration"":1.0,""quality"":""production"",""structure_opacity_sampling_resolution"":1000.0,""synthesis_transfer_depth_refinement"":4}",models/dab-5726f50d31431d627c462a91/spectrum.txt,cfe707f29056fb086680c6072ad0f37ecb1687a6efdbfdfd5ba0e71b84bbb496,18901,dab,2745.9547971330003,
dab-6649e2948270a9ca08a25744,12000,6,-2,production,COMPLETE_NUMERICAL,0a74fdbe06596fc145f5169a3b239ddd67053141,"{""abundances"":null,""allard_minimum_effective_temperature"":9000.0,""atmosphere_solver"":""adaptive-newton"",""balmer_self_broadening_prescription"":null,""balmer_self_broadening_truncation_closure"":""stark-core"",""effective_temperature"":12000,""formal_maximum_metal_lines"":null,""formal_minimum_metal_oscillator_strength"":0.0001,""h2_he_cia_path"":null,""include_molecules"":false,""log_hydrogen_to_helium"":-2,""logg"":6,""lyman_profile_source"":""allard"",""maximum_metal_charge"":4,""metal_classical_electron_stark"":false,""metal_line_supplements"":[],""mixing_length_alpha"":1.25,""neutral_broadening"":""unsold"",""photospheric_depth_concentration"":1.0,""quality"":""production"",""structure_opacity_sampling_resolution"":1000.0,""synthesis_transfer_depth_refinement"":4}",models/dab-6649e2948270a9ca08a25744/spectrum.txt,b147d8f7ce73a35e7259a53c3f589a3e92c6205df9df9381bebda06371da7f61,18901,dab,2093.38222037,
dab-c7ff842f614e8fabf44f95cf,12000,6,0,production,COMPLETE_NUMERICAL,0a74fdbe06596fc145f5169a3b239ddd67053141,"{""abundances"":null,""allard_minimum_effective_temperature"":9000.0,""atmosphere_solver"":""adaptive-newton"",""balmer_self_broadening_prescription"":null,""balmer_self_broadening_truncation_closure"":""stark-core"",""effective_temperature"":12000,""formal_maximum_metal_lines"":null,""formal_minimum_metal_oscillator_strength"":0.0001,""h2_he_cia_path"":null,""include_molecules"":false,""log_hydrogen_to_helium"":0,""logg"":6,""lyman_profile_source"":""allard"",""maximum_metal_charge"":4,""metal_classical_electron_stark"":false,""metal_line_supplements"":[],""mixing_length_alpha"":1.25,""neutral_broadening"":""unsold"",""photospheric_depth_concentration"":1.0,""quality"":""production"",""structure_opacity_sampling_resolution"":1000.0,""synthesis_transfer_depth_refinement"":4}",models/dab-c7ff842f614e8fabf44f95cf/spectrum.txt,36fa646e3b111729a36fa623e219886d22c547a91424d2fa918ed835a564bcbb,18901,dab,1805.4837332549996,
dab-5b7126c63769503225e2fb1c,12000,6,2,production,COMPLETE_NUMERICAL,0a74fdbe06596fc145f5169a3b239ddd67053141,"{""abundances"":null,""allard_minimum_effective_temperature"":9000.0,""atmosphere_solver"":""adaptive-newton"",""balmer_self_broadening_prescription"":null,""balmer_self_broadening_truncation_closure"":""stark-core"",""effective_temperature"":12000,""formal_maximum_metal_lines"":null,""formal_minimum_metal_oscillator_strength"":0.0001,""h2_he_cia_path"":null,""include_molecules"":false,""log_hydrogen_to_helium"":2,""logg"":6,""lyman_profile_source"":""allard"",""maximum_metal_charge"":4,""metal_classical_electron_stark"":false,""metal_line_supplements"":[],""mixing_length_alpha"":1.25,""neutral_broadening"":""unsold"",""photospheric_depth_concentration"":1.0,""quality"":""production"",""structure_opacity_sampling_resolution"":1000.0,""synthesis_transfer_depth_refinement"":4}",models/dab-5b7126c63769503225e2fb1c/spectrum.txt,edb32338ca9dcfdcc26be8090449966a5dbf0fd3d25d9fea5d15b743fbd57a10,18901,dab,1831.8680416959996,
dab-afbf8e432b81cf76ace06d68,12000,6,4,production,COMPLETE_NUMERICAL,0a74fdbe06596fc145f5169a3b239ddd67053141,"{""abundances"":null,""allard_minimum_effective_temperature"":9000.0,""atmosphere_solver"":""adaptive-newton"",""balmer_self_broadening_prescription"":null,""balmer_self_broadening_truncation_closure"":""stark-core"",""effective_temperature"":12000,""formal_maximum_metal_lines"":null,""formal_minimum_metal_oscillator_strength"":0.0001,""h2_he_cia_path"":null,""include_molecules"":false,""log_hydrogen_to_helium"":4,""logg"":6,""lyman_profile_source"":""allard"",""maximum_metal_charge"":4,""metal_classical_electron_stark"":false,""metal_line_supplements"":[],""mixing_length_alpha"":1.25,""neutral_broadening"":""unsold"",""photospheric_depth_concentration"":1.0,""quality"":""production"",""structure_opacity_sampling_resolution"":1000.0,""synthesis_transfer_depth_refinement"":4}",models/dab-afbf8e432b81cf76ace06d68/spectrum.txt,12d1d419a84767ba9a495ce4760525a386c458228ce6fbe9fe7c88845dbd6da0,18901,dab,1081.5336622630002,
dab-4cbc436e6b8394b7981cc868,12000,6.5,-6,production,COMPLETE_NUMERICAL,0a74fdbe06596fc145f5169a3b239ddd67053141,"{""abundances"":null,""allard_minimum_effective_temperature"":9000.0,""atmosphere_solver"":""adaptive-newton"",""balmer_self_broadening_prescription"":null,""balmer_self_broadening_truncation_closure"":""stark-core"",""effective_temperature"":12000,""formal_maximum_metal_lines"":null,""formal_minimum_metal_oscillator_strength"":0.0001,""h2_he_cia_path"":null,""include_molecules"":false,""log_hydrogen_to_helium"":-6,""logg"":6.5,""lyman_profile_source"":""allard"",""maximum_metal_charge"":4,""metal_classical_electron_stark"":false,""metal_line_supplements"":[],""mixing_length_alpha"":1.25,""neutral_broadening"":""unsold"",""photospheric_depth_concentration"":1.0,""quality"":""production"",""structure_opacity_sampling_resolution"":1000.0,""synthesis_transfer_depth_refinement"":4}",models/dab-4cbc436e6b8394b7981cc868/spectrum.txt,88f07687fc2cd399ede319be5872690f6ff66660fd47ad1119f4093b70b9b2e5,18901,dab,2733.8775376000003,
dab-c0476a8de19758c6d6f4744d,12000,6.5,-4,production,COMPLETE_NUMERICAL,0a74fdbe06596fc145f5169a3b239ddd67053141,"{""abundances"":null,""allard_minimum_effective_temperature"":9000.0,""atmosphere_solver"":""adaptive-newton"",""balmer_self_broadening_prescription"":null,""balmer_self_broadening_truncation_closure"":""stark-core"",""effective_temperature"":12000,""formal_maximum_metal_lines"":null,""formal_minimum_metal_oscillator_strength"":0.0001,""h2_he_cia_path"":null,""include_molecules"":false,""log_hydrogen_to_helium"":-4,""logg"":6.5,""lyman_profile_source"":""allard"",""maximum_metal_charge"":4,""metal_classical_electron_stark"":false,""metal_line_supplements"":[],""mixing_length_alpha"":1.25,""neutral_broadening"":""unsold"",""photospheric_depth_concentration"":1.0,""quality"":""production"",""structure_opacity_sampling_resolution"":1000.0,""synthesis_transfer_depth_refinement"":4}",models/dab-c0476a8de19758c6d6f4744d/spectrum.txt,156266c9411342907a2461204d66beb37a5d90b1a666b1b377a1e47554581f6d,18901,dab,3233.9602249459995,
dab-c09ffa670b20eebdb3c9d1f0,12000,6.5,-2,production,COMPLETE_NUMERICAL,0a74fdbe06596fc145f5169a3b239ddd67053141,"{""abundances"":null,""allard_minimum_effective_temperature"":9000.0,""atmosphere_solver"":""adaptive-newton"",""balmer_self_broadening_prescription"":null,""balmer_self_broadening_truncation_closure"":""stark-core"",""effective_temperature"":12000,""formal_maximum_metal_lines"":null,""formal_minimum_metal_oscillator_strength"":0.0001,""h2_he_cia_path"":null,""include_molecules"":false,""log_hydrogen_to_helium"":-2,""logg"":6.5,""lyman_profile_source"":""allard"",""maximum_metal_charge"":4,""metal_classical_electron_stark"":false,""metal_line_supplements"":[],""mixing_length_alpha"":1.25,""neutral_broadening"":""unsold"",""photospheric_depth_concentration"":1.0,""quality"":""production"",""structure_opacity_sampling_resolution"":1000.0,""synthesis_transfer_depth_refinement"":4}",models/dab-c09ffa670b20eebdb3c9d1f0/spectrum.txt,f9108da6e72c34bf2598b2d939340f79182d054ef461bf0ea52c98d7853679ae,18901,dab,2224.670340163,
dab-3e8c930643ae847b50e5c8fa,12000,6.5,0,production,COMPLETE_NUMERICAL,0a74fdbe06596fc145f5169a3b239ddd67053141,"{""abundances"":null,""allard_minimum_effective_temperature"":9000.0,""atmosphere_solver"":""adaptive-newton"",""balmer_self_broadening_prescription"":null,""balmer_self_broadening_truncation_closure"":""stark-core"",""effective_temperature"":12000,""formal_maximum_metal_lines"":null,""formal_minimum_metal_oscillator_strength"":0.0001,""h2_he_cia_path"":null,""include_molecules"":false,""log_hydrogen_to_helium"":0,""logg"":6.5,""lyman_profile_source"":""allard"",""maximum_metal_charge"":4,""metal_classical_electron_stark"":false,""metal_line_supplements"":[],""mixing_length_alpha"":1.25,""neutral_broadening"":""unsold"",""photospheric_depth_concentration"":1.0,""quality"":""production"",""structure_opacity_sampling_resolution"":1000.0,""synthesis_transfer_depth_refinement"":4}",models/dab-3e8c930643ae847b50e5c8fa/spectrum.txt,cd2f76f13d1e2eef7f2e7187a2d853ef3d9843ca9f1e33f4d3ce69901fb7dd51,18901,dab,1912.6269035960004,
dab-ea5be6beabf2f9ccec76ffde,12000,6.5,2,production,COMPLETE_NUMERICAL,0a74fdbe06596fc145f5169a3b239ddd67053141,"{""abundances"":null,""allard_minimum_effective_temperature"":9000.0,""atmosphere_solver"":""adaptive-newton"",""balmer_self_broadening_prescription"":null,""balmer_self_broadening_truncation_closure"":""stark-core"",""effective_temperature"":12000,""formal_maximum_metal_lines"":null,""formal_minimum_metal_oscillator_strength"":0.0001,""h2_he_cia_path"":null,""include_molecules"":false,""log_hydrogen_to_helium"":2,""logg"":6.5,""lyman_profile_source"":""allard"",""maximum_metal_charge"":4,""metal_classical_electron_stark"":false,""metal_line_supplements"":[],""mixing_length_alpha"":1.25,""neutral_broadening"":""unsold"",""photospheric_depth_concentration"":1.0,""quality"":""production"",""structure_opacity_sampling_resolution"":1000.0,""synthesis_transfer_depth_refinement"":4}",models/dab-ea5be6beabf2f9ccec76ffde/spectrum.txt,1de3b598310b62b12747c5a55a4ca9fef7d18e475f3a317a208fbed72f56dc3a,18901,dab,1298.209062209,
dab-4f556336625e8484b3672794,12000,6.5,4,production,COMPLETE_NUMERICAL,0a74fdbe06596fc145f5169a3b239ddd67053141,"{""abundances"":null,""allard_minimum_effective_temperature"":9000.0,""atmosphere_solver"":""adaptive-newton"",""balmer_self_broadening_prescription"":null,""balmer_self_broadening_truncation_closure"":""stark-core"",""effective_temperature"":12000,""formal_maximum_metal_lines"":null,""formal_minimum_metal_oscillator_strength"":0.0001,""h2_he_cia_path"":null,""include_molecules"":false,""log_hydrogen_to_helium"":4,""logg"":6.5,""lyman_profile_source"":""allard"",""maximum_metal_charge"":4,""metal_classical_electron_stark"":false,""metal_line_supplements"":[],""mixing_length_alpha"":1.25,""neutral_broadening"":""unsold"",""photospheric_depth_concentration"":1.0,""quality"":""production"",""structure_opacity_sampling_resolution"":1000.0,""synthesis_transfer_depth_refinement"":4}",models/dab-4f556336625e8484b3672794/spectrum.txt,2431596f4e2c765c0c339cddcbf1d11a6cab662d5741ba0a80bd80f91ab7ca39,18901,dab,1029.9100359180002,
dab-ac246a36d771f739e2bbfd8e,12000,7,-6,production,COMPLETE_NUMERICAL,0a74fdbe06596fc145f5169a3b239ddd67053141,"{""abundances"":null,""allard_minimum_effective_temperature"":9000.0,""atmosphere_solver"":""adaptive-newton"",""balmer_self_broadening_prescription"":null,""balmer_self_broadening_truncation_closure"":""stark-core"",""effective_temperature"":12000,""formal_maximum_metal_lines"":null,""formal_minimum_metal_oscillator_strength"":0.0001,""h2_he_cia_path"":null,""include_molecules"":false,""log_hydrogen_to_helium"":-6,""logg"":7,""lyman_profile_source"":""allard"",""maximum_metal_charge"":4,""metal_classical_electron_stark"":false,""metal_line_supplements"":[],""mixing_length_alpha"":1.25,""neutral_broadening"":""unsold"",""photospheric_depth_concentration"":1.0,""quality"":""production"",""structure_opacity_sampling_resolution"":1000.0,""synthesis_transfer_depth_refinement"":4}",models/dab-ac246a36d771f739e2bbfd8e/spectrum.txt,d810b571d252add9bedb4f54fa70ec7127ee36553aca2c3b037a7a411949a131,18901,dab,3113.523508288,
dab-3648100eeaa323c65b3c292e,12000,7,-4,production,COMPLETE_NUMERICAL,0a74fdbe06596fc145f5169a3b239ddd67053141,"{""abundances"":null,""allard_minimum_effective_temperature"":9000.0,""atmosphere_solver"":""adaptive-newton"",""balmer_self_broadening_prescription"":null,""balmer_self_broadening_truncation_closure"":""stark-core"",""effective_temperature"":12000,""formal_maximum_metal_lines"":null,""formal_minimum_metal_oscillator_strength"":0.0001,""h2_he_cia_path"":null,""include_molecules"":false,""log_hydrogen_to_helium"":-4,""logg"":7,""lyman_profile_source"":""allard"",""maximum_metal_charge"":4,""metal_classical_electron_stark"":false,""metal_line_supplements"":[],""mixing_length_alpha"":1.25,""neutral_broadening"":""unsold"",""photospheric_depth_concentration"":1.0,""quality"":""production"",""structure_opacity_sampling_resolution"":1000.0,""synthesis_transfer_depth_refinement"":4}",models/dab-3648100eeaa323c65b3c292e/spectrum.txt,9d79797caeab0582c6ca393d24fbff9a3cefc191062e31c851049aa03fbc75f5,18901,dab,3463.2838687559997,
dab-5ae409734d840c794346d6c9,12000,7,-2,production,COMPLETE_NUMERICAL,0a74fdbe06596fc145f5169a3b239ddd67053141,"{""abundances"":null,""allard_minimum_effective_temperature"":9000.0,""atmosphere_solver"":""adaptive-newton"",""balmer_self_broadening_prescription"":null,""balmer_self_broadening_truncation_closure"":""stark-core"",""effective_temperature"":12000,""formal_maximum_metal_lines"":null,""formal_minimum_metal_oscillator_strength"":0.0001,""h2_he_cia_path"":null,""include_molecules"":false,""log_hydrogen_to_helium"":-2,""logg"":7,""lyman_profile_source"":""allard"",""maximum_metal_charge"":4,""metal_classical_electron_stark"":false,""metal_line_supplements"":[],""mixing_length_alpha"":1.25,""neutral_broadening"":""unsold"",""photospheric_depth_concentration"":1.0,""quality"":""production"",""structure_opacity_sampling_resolution"":1000.0,""synthesis_transfer_depth_refinement"":4}",models/dab-5ae409734d840c794346d6c9/spectrum.txt,7ed00027952946d8c6ba990120e08102c22dfd3b37103a85c87919c5c1ff4b76,18901,dab,2165.5488549909996,
dab-af7a1cacb58c6c0d2d7aca93,12000,7,0,production,COMPLETE_NUMERICAL,0a74fdbe06596fc145f5169a3b239ddd67053141,"{""abundances"":null,""allard_minimum_effective_temperature"":9000.0,""atmosphere_solver"":""adaptive-newton"",""balmer_self_broadening_prescription"":null,""balmer_self_broadening_truncation_closure"":""stark-core"",""effective_temperature"":12000,""formal_maximum_metal_lines"":null,""formal_minimum_metal_oscillator_strength"":0.0001,""h2_he_cia_path"":null,""include_molecules"":false,""log_hydrogen_to_helium"":0,""logg"":7,""lyman_profile_source"":""allard"",""maximum_metal_charge"":4,""metal_classical_electron_stark"":false,""metal_line_supplements"":[],""mixing_length_alpha"":1.25,""neutral_broadening"":""unsold"",""photospheric_depth_concentration"":1.0,""quality"":""production"",""structure_opacity_sampling_resolution"":1000.0,""synthesis_transfer_depth_refinement"":4}",models/dab-af7a1cacb58c6c0d2d7aca93/spectrum.txt,3901113e891cb6c75b4b5154dfcfc38a65361adf1012d610fd26082ed048e7d5,18901,dab,2153.2695870279995,
dab-271150a9a85c5a1cd0cbb91c,12000,7,2,production,COMPLETE_NUMERICAL,0a74fdbe06596fc145f5169a3b239ddd67053141,"{""abundances"":null,""allard_minimum_effective_temperature"":9000.0,""atmosphere_solver"":""adaptive-newton"",""balmer_self_broadening_prescription"":null,""balmer_self_broadening_truncation_closure"":""stark-core"",""effective_temperature"":12000,""formal_maximum_metal_lines"":null,""formal_minimum_metal_oscillator_strength"":0.0001,""h2_he_cia_path"":null,""include_molecules"":false,""log_hydrogen_to_helium"":2,""logg"":7,""lyman_profile_source"":""allard"",""maximum_metal_charge"":4,""metal_classical_electron_stark"":false,""metal_line_supplements"":[],""mixing_length_alpha"":1.25,""neutral_broadening"":""unsold"",""photospheric_depth_concentration"":1.0,""quality"":""production"",""structure_opacity_sampling_resolution"":1000.0,""synthesis_transfer_depth_refinement"":4}",models/dab-271150a9a85c5a1cd0cbb91c/spectrum.txt,46716c9518afa5dee87c1b8d78c24421dd8b3719fdc47be44ff3927a33936b65,18901,dab,1768.4273331870008,
dab-53ba1de680e92f5c982c6ee7,12000,7,4,production,COMPLETE_NUMERICAL,0a74fdbe06596fc145f5169a3b239ddd67053141,"{""abundances"":null,""allard_minimum_effective_temperature"":9000.0,""atmosphere_solver"":""adaptive-newton"",""balmer_self_broadening_prescription"":null,""balmer_self_broadening_truncation_closure"":""stark-core"",""effective_temperature"":12000,""formal_maximum_metal_lines"":null,""formal_minimum_metal_oscillator_strength"":0.0001,""h2_he_cia_path"":null,""include_molecules"":false,""log_hydrogen_to_helium"":4,""logg"":7,""lyman_profile_source"":""allard"",""maximum_metal_charge"":4,""metal_classical_electron_stark"":false,""metal_line_supplements"":[],""mixing_length_alpha"":1.25,""neutral_broadening"":""unsold"",""photospheric_depth_concentration"":1.0,""quality"":""production"",""structure_opacity_sampling_resolution"":1000.0,""synthesis_transfer_depth_refinement"":4}",models/dab-53ba1de680e92f5c982c6ee7/spectrum.txt,c80df1ccf23b3096b9e328268dd2ccc5f6940618ad1918a6b54b21b7a6b26b5a,18901,dab,1143.453519711,
dab-210c9aa8ce868c98ff13802a,12000,7.5,-6,production,COMPLETE_NUMERICAL,0a74fdbe06596fc145f5169a3b239ddd67053141,"{""abundances"":null,""allard_minimum_effective_temperature"":9000.0,""atmosphere_solver"":""adaptive-newton"",""balmer_self_broadening_prescription"":null,""balmer_self_broadening_truncation_closure"":""stark-core"",""effective_temperature"":12000,""formal_maximum_metal_lines"":null,""formal_minimum_metal_oscillator_strength"":0.0001,""h2_he_cia_path"":null,""include_molecules"":false,""log_hydrogen_to_helium"":-6,""logg"":7.5,""lyman_profile_source"":""allard"",""maximum_metal_charge"":4,""metal_classical_electron_stark"":false,""metal_line_supplements"":[],""mixing_length_alpha"":1.25,""neutral_broadening"":""unsold"",""photospheric_depth_concentration"":1.0,""quality"":""production"",""structure_opacity_sampling_resolution"":1000.0,""synthesis_transfer_depth_refinement"":4}",models/dab-210c9aa8ce868c98ff13802a/spectrum.txt,6a30d2601882bd3ce49061570bd0158301ae0739bc5a7f672452041e90945aa7,18901,dab,2880.022451948,
dab-7933f82e9d6a58817c8a9001,12000,7.5,-4,production,COMPLETE_NUMERICAL,0a74fdbe06596fc145f5169a3b239ddd67053141,"{""abundances"":null,""allard_minimum_effective_temperature"":9000.0,""atmosphere_solver"":""adaptive-newton"",""balmer_self_broadening_prescription"":null,""balmer_self_broadening_truncation_closure"":""stark-core"",""effective_temperature"":12000,""formal_maximum_metal_lines"":null,""formal_minimum_metal_oscillator_strength"":0.0001,""h2_he_cia_path"":null,""include_molecules"":false,""log_hydrogen_to_helium"":-4,""logg"":7.5,""lyman_profile_source"":""allard"",""maximum_metal_charge"":4,""metal_classical_electron_stark"":false,""metal_line_supplements"":[],""mixing_length_alpha"":1.25,""neutral_broadening"":""unsold"",""photospheric_depth_concentration"":1.0,""quality"":""production"",""structure_opacity_sampling_resolution"":1000.0,""synthesis_transfer_depth_refinement"":4}",models/dab-7933f82e9d6a58817c8a9001/spectrum.txt,ebcf5fb0090d94c1288e1324628eddf7f95b6f25f0b3f63d7ed488ea12c8f4b3,18901,dab,3516.690320793,
dab-848049a79348e2c7de6fc223,12000,7.5,-2,production,COMPLETE_NUMERICAL,0a74fdbe06596fc145f5169a3b239ddd67053141,"{""abundances"":null,""allard_minimum_effective_temperature"":9000.0,""atmosphere_solver"":""adaptive-newton"",""balmer_self_broadening_prescription"":null,""balmer_self_broadening_truncation_closure"":""stark-core"",""effective_temperature"":12000,""formal_maximum_metal_lines"":null,""formal_minimum_metal_oscillator_strength"":0.0001,""h2_he_cia_path"":null,""include_molecules"":false,""log_hydrogen_to_helium"":-2,""logg"":7.5,""lyman_profile_source"":""allard"",""maximum_metal_charge"":4,""metal_classical_electron_stark"":false,""metal_line_supplements"":[],""mixing_length_alpha"":1.25,""neutral_broadening"":""unsold"",""photospheric_depth_concentration"":1.0,""quality"":""production"",""structure_opacity_sampling_resolution"":1000.0,""synthesis_transfer_depth_refinement"":4}",models/dab-848049a79348e2c7de6fc223/spectrum.txt,aa5dd4b732fc771027e9a79a5c4b2961e96314318a7e592fd4df4effcbaac908,18901,dab,5754.7115298761055,
dab-b8d64d28565e0b3ce05a677d,12000,7.5,0,production,COMPLETE_NUMERICAL,0a74fdbe06596fc145f5169a3b239ddd67053141,"{""abundances"":null,""allard_minimum_effective_temperature"":9000.0,""atmosphere_solver"":""adaptive-newton"",""balmer_self_broadening_prescription"":null,""balmer_self_broadening_truncation_closure"":""stark-core"",""effective_temperature"":12000,""formal_maximum_metal_lines"":null,""formal_minimum_metal_oscillator_strength"":0.0001,""h2_he_cia_path"":null,""include_molecules"":false,""log_hydrogen_to_helium"":0,""logg"":7.5,""lyman_profile_source"":""allard"",""maximum_metal_charge"":4,""metal_classical_electron_stark"":false,""metal_line_supplements"":[],""mixing_length_alpha"":1.25,""neutral_broadening"":""unsold"",""photospheric_depth_concentration"":1.0,""quality"":""production"",""structure_opacity_sampling_resolution"":1000.0,""synthesis_transfer_depth_refinement"":4}",models/dab-b8d64d28565e0b3ce05a677d/spectrum.txt,76d40524b926493895b460ad9a8d65f3e085558770ff251a912772daaa5998cc,18901,dab,2230.023180037,
dab-e1befb1672374f317b379576,12000,7.5,2,production,COMPLETE_NUMERICAL,0a74fdbe06596fc145f5169a3b239ddd67053141,"{""abundances"":null,""allard_minimum_effective_temperature"":9000.0,""atmosphere_solver"":""adaptive-newton"",""balmer_self_broadening_prescription"":null,""balmer_self_broadening_truncation_closure"":""stark-core"",""effective_temperature"":12000,""formal_maximum_metal_lines"":null,""formal_minimum_metal_oscillator_strength"":0.0001,""h2_he_cia_path"":null,""include_molecules"":false,""log_hydrogen_to_helium"":2,""logg"":7.5,""lyman_profile_source"":""allard"",""maximum_metal_charge"":4,""metal_classical_electron_stark"":false,""metal_line_supplements"":[],""mixing_length_alpha"":1.25,""neutral_broadening"":""unsold"",""photospheric_depth_concentration"":1.0,""quality"":""production"",""structure_opacity_sampling_resolution"":1000.0,""synthesis_transfer_depth_refinement"":4}",models/dab-e1befb1672374f317b379576/spectrum.txt,1edecd31d511f4f9f371f653e9bd914467f0c8c7acd38f21ecaad12d2356c486,18901,dab,2975.576206312,
dab-01e62dd824f82a9d75748001,12000,7.5,4,production,COMPLETE_NUMERICAL,0a74fdbe06596fc145f5169a3b239ddd67053141,"{""abundances"":null,""allard_minimum_effective_temperature"":9000.0,""atmosphere_solver"":""adaptive-newton"",""balmer_self_broadening_prescription"":null,""balmer_self_broadening_truncation_closure"":""stark-core"",""effective_temperature"":12000,""formal_maximum_metal_lines"":null,""formal_minimum_metal_oscillator_strength"":0.0001,""h2_he_cia_path"":null,""include_molecules"":false,""log_hydrogen_to_helium"":4,""logg"":7.5,""lyman_profile_source"":""allard"",""maximum_metal_charge"":4,""metal_classical_electron_stark"":false,""metal_line_supplements"":[],""mixing_length_alpha"":1.25,""neutral_broadening"":""unsold"",""photospheric_depth_concentration"":1.0,""quality"":""production"",""structure_opacity_sampling_resolution"":1000.0,""synthesis_transfer_depth_refinement"":4}",models/dab-01e62dd824f82a9d75748001/spectrum.txt,f1249800f37329043f73743dae444123e170d472135f7bad06e4321f86912907,18901,dab,2061.9972193470003,
dab-d97902a18c293646f31530fc,12000,8,-6,production,COMPLETE_NUMERICAL,0a74fdbe06596fc145f5169a3b239ddd67053141,"{""abundances"":null,""allard_minimum_effective_temperature"":9000.0,""atmosphere_solver"":""adaptive-newton"",""balmer_self_broadening_prescription"":null,""balmer_self_broadening_truncation_closure"":""stark-core"",""effective_temperature"":12000,""formal_maximum_metal_lines"":null,""formal_minimum_metal_oscillator_strength"":0.0001,""h2_he_cia_path"":null,""include_molecules"":false,""log_hydrogen_to_helium"":-6,""logg"":8,""lyman_profile_source"":""allard"",""maximum_metal_charge"":4,""metal_classical_electron_stark"":false,""metal_line_supplements"":[],""mixing_length_alpha"":1.25,""neutral_broadening"":""unsold"",""photospheric_depth_concentration"":1.0,""quality"":""production"",""structure_opacity_sampling_resolution"":1000.0,""synthesis_transfer_depth_refinement"":4}",models/dab-d97902a18c293646f31530fc/spectrum.txt,a01913cc1f15542a55255053562d4fe5850e94f4be4f81a56db210777bcb2718,18901,dab,3725.5006610710006,
dab-d5262cb5bb3716cffb099028,12000,8,-4,production,COMPLETE_NUMERICAL,0a74fdbe06596fc145f5169a3b239ddd67053141,"{""abundances"":null,""allard_minimum_effective_temperature"":9000.0,""atmosphere_solver"":""adaptive-newton"",""balmer_self_broadening_prescription"":null,""balmer_self_broadening_truncation_closure"":""stark-core"",""effective_temperature"":12000,""formal_maximum_metal_lines"":null,""formal_minimum_metal_oscillator_strength"":0.0001,""h2_he_cia_path"":null,""include_molecules"":false,""log_hydrogen_to_helium"":-4,""logg"":8,""lyman_profile_source"":""allard"",""maximum_metal_charge"":4,""metal_classical_electron_stark"":false,""metal_line_supplements"":[],""mixing_length_alpha"":1.25,""neutral_broadening"":""unsold"",""photospheric_depth_concentration"":1.0,""quality"":""production"",""structure_opacity_sampling_resolution"":1000.0,""synthesis_transfer_depth_refinement"":4}",models/dab-d5262cb5bb3716cffb099028/spectrum.txt,af278d1a11195eb73a3d156dbfd56ac2cb56b73ccaeca07d42d65bc1f88687fd,18901,dab,4277.998299704,
dab-93527fd5e36a54cdb9abd90a,12000,8,-2,production,COMPLETE_NUMERICAL,0a74fdbe06596fc145f5169a3b239ddd67053141,"{""abundances"":null,""allard_minimum_effective_temperature"":9000.0,""atmosphere_solver"":""adaptive-newton"",""balmer_self_broadening_prescription"":null,""balmer_self_broadening_truncation_closure"":""stark-core"",""effective_temperature"":12000,""formal_maximum_metal_lines"":null,""formal_minimum_metal_oscillator_strength"":0.0001,""h2_he_cia_path"":null,""include_molecules"":false,""log_hydrogen_to_helium"":-2,""logg"":8,""lyman_profile_source"":""allard"",""maximum_metal_charge"":4,""metal_classical_electron_stark"":false,""metal_line_supplements"":[],""mixing_length_alpha"":1.25,""neutral_broadening"":""unsold"",""photospheric_depth_concentration"":1.0,""quality"":""production"",""structure_opacity_sampling_resolution"":1000.0,""synthesis_transfer_depth_refinement"":4}",models/dab-93527fd5e36a54cdb9abd90a/spectrum.txt,45e91bf13a18588c663975a7376cd25371864e866dc10f0f0691e1492c917ed7,18901,dab,3170.20507798,
dab-5cdb46c2d489c43e85ca3805,12000,8,0,production,COMPLETE_NUMERICAL,0a74fdbe06596fc145f5169a3b239ddd67053141,"{""abundances"":null,""allard_minimum_effective_temperature"":9000.0,""atmosphere_solver"":""adaptive-newton"",""balmer_self_broadening_prescription"":null,""balmer_self_broadening_truncation_closure"":""stark-core"",""effective_temperature"":12000,""formal_maximum_metal_lines"":null,""formal_minimum_metal_oscillator_strength"":0.0001,""h2_he_cia_path"":null,""include_molecules"":false,""log_hydrogen_to_helium"":0,""logg"":8,""lyman_profile_source"":""allard"",""maximum_metal_charge"":4,""metal_classical_electron_stark"":false,""metal_line_supplements"":[],""mixing_length_alpha"":1.25,""neutral_broadening"":""unsold"",""photospheric_depth_concentration"":1.0,""quality"":""production"",""structure_opacity_sampling_resolution"":1000.0,""synthesis_transfer_depth_refinement"":4}",models/dab-5cdb46c2d489c43e85ca3805/spectrum.txt,2571a9ddf3c744d593ca02ef6908ad4a483910516b990775a657b48e15faa9e8,18901,dab,5712.268640557071,
dab-7511b80432ab9ac1dfa5bef4,12000,8,2,production,COMPLETE_NUMERICAL,0a74fdbe06596fc145f5169a3b239ddd67053141,"{""abundances"":null,""allard_minimum_effective_temperature"":9000.0,""atmosphere_solver"":""adaptive-newton"",""balmer_self_broadening_prescription"":null,""balmer_self_broadening_truncation_closure"":""stark-core"",""effective_temperature"":12000,""formal_maximum_metal_lines"":null,""formal_minimum_metal_oscillator_strength"":0.0001,""h2_he_cia_path"":null,""include_molecules"":false,""log_hydrogen_to_helium"":2,""logg"":8,""lyman_profile_source"":""allard"",""maximum_metal_charge"":4,""metal_classical_electron_stark"":false,""metal_line_supplements"":[],""mixing_length_alpha"":1.25,""neutral_broadening"":""unsold"",""photospheric_depth_concentration"":1.0,""quality"":""production"",""structure_opacity_sampling_resolution"":1000.0,""synthesis_transfer_depth_refinement"":4}",models/dab-7511b80432ab9ac1dfa5bef4/spectrum.txt,169f65299150e5b5ac0d745160dd3ff043caeca88e039e79d895152689330b16,18901,dab,1977.383758207,
dab-775f020812041ab09fbc0110,12000,8,4,production,COMPLETE_NUMERICAL,0a74fdbe06596fc145f5169a3b239ddd67053141,"{""abundances"":null,""allard_minimum_effective_temperature"":9000.0,""atmosphere_solver"":""adaptive-newton"",""balmer_self_broadening_prescription"":null,""balmer_self_broadening_truncation_closure"":""stark-core"",""effective_temperature"":12000,""formal_maximum_metal_lines"":null,""formal_minimum_metal_oscillator_strength"":0.0001,""h2_he_cia_path"":null,""include_molecules"":false,""log_hydrogen_to_helium"":4,""logg"":8,""lyman_profile_source"":""allard"",""maximum_metal_charge"":4,""metal_classical_electron_stark"":false,""metal_line_supplements"":[],""mixing_length_alpha"":1.25,""neutral_broadening"":""unsold"",""photospheric_depth_concentration"":1.0,""quality"":""production"",""structure_opacity_sampling_resolution"":1000.0,""synthesis_transfer_depth_refinement"":4}",models/dab-775f020812041ab09fbc0110/spectrum.txt,4c063c5106b44f3bd4076fa9f9b62ee15c90f0edc35eda5f338c07d8596b2228,18901,dab,1507.9191022969999,
dab-1ac096a06c7c644fc3329868,12000,8.5,-6,production,COMPLETE_NUMERICAL,0a74fdbe06596fc145f5169a3b239ddd67053141,"{""abundances"":null,""allard_minimum_effective_temperature"":9000.0,""atmosphere_solver"":""adaptive-newton"",""balmer_self_broadening_prescription"":null,""balmer_self_broadening_truncation_closure"":""stark-core"",""effective_temperature"":12000,""formal_maximum_metal_lines"":null,""formal_minimum_metal_oscillator_strength"":0.0001,""h2_he_cia_path"":null,""include_molecules"":false,""log_hydrogen_to_helium"":-6,""logg"":8.5,""lyman_profile_source"":""allard"",""maximum_metal_charge"":4,""metal_classical_electron_stark"":false,""metal_line_supplements"":[],""mixing_length_alpha"":1.25,""neutral_broadening"":""unsold"",""photospheric_depth_concentration"":1.0,""quality"":""production"",""structure_opacity_sampling_resolution"":1000.0,""synthesis_transfer_depth_refinement"":4}",models/dab-1ac096a06c7c644fc3329868/spectrum.txt,855618dff8dc6166663fd2a247420ea4fe531669d1c995dae7ff6cdb6a28d01c,18901,dab,3305.5982241660004,
dab-f6bf315df0ddd864d79c3d37,12000,8.5,-4,production,COMPLETE_NUMERICAL,0a74fdbe06596fc145f5169a3b239ddd67053141,"{""abundances"":null,""allard_minimum_effective_temperature"":9000.0,""atmosphere_solver"":""adaptive-newton"",""balmer_self_broadening_prescription"":null,""balmer_self_broadening_truncation_closure"":""stark-core"",""effective_temperature"":12000,""formal_maximum_metal_lines"":null,""formal_minimum_metal_oscillator_strength"":0.0001,""h2_he_cia_path"":null,""include_molecules"":false,""log_hydrogen_to_helium"":-4,""logg"":8.5,""lyman_profile_source"":""allard"",""maximum_metal_charge"":4,""metal_classical_electron_stark"":false,""metal_line_supplements"":[],""mixing_length_alpha"":1.25,""neutral_broadening"":""unsold"",""photospheric_depth_concentration"":1.0,""quality"":""production"",""structure_opacity_sampling_resolution"":1000.0,""synthesis_transfer_depth_refinement"":4}",models/dab-f6bf315df0ddd864d79c3d37/spectrum.txt,f42dc2f45ed47464cddeb890f4cd3a5ac3bc788ecce56390e67bb90ce7515bd7,18901,dab,3668.659850148999,
dab-6af25c97608ec2a583329492,12000,8.5,-2,production,COMPLETE_NUMERICAL,0a74fdbe06596fc145f5169a3b239ddd67053141,"{""abundances"":null,""allard_minimum_effective_temperature"":9000.0,""atmosphere_solver"":""adaptive-newton"",""balmer_self_broadening_prescription"":null,""balmer_self_broadening_truncation_closure"":""stark-core"",""effective_temperature"":12000,""formal_maximum_metal_lines"":null,""formal_minimum_metal_oscillator_strength"":0.0001,""h2_he_cia_path"":null,""include_molecules"":false,""log_hydrogen_to_helium"":-2,""logg"":8.5,""lyman_profile_source"":""allard"",""maximum_metal_charge"":4,""metal_classical_electron_stark"":false,""metal_line_supplements"":[],""mixing_length_alpha"":1.25,""neutral_broadening"":""unsold"",""photospheric_depth_concentration"":1.0,""quality"":""production"",""structure_opacity_sampling_resolution"":1000.0,""synthesis_transfer_depth_refinement"":4}",models/dab-6af25c97608ec2a583329492/spectrum.txt,72cff2ac8bfb27e4b737ce80e3b266f06e8768104b96dd64a54719417d1398e9,18901,dab,2406.8923761389997,
dab-c913e1a6e33a6388a372a8c6,12000,8.5,0,production,DOMAIN_OR_UNSUPPORTED_CONFIG,0a74fdbe06596fc145f5169a3b239ddd67053141,"{""abundances"":null,""allard_minimum_effective_temperature"":9000.0,""atmosphere_solver"":""adaptive-newton"",""balmer_self_broadening_prescription"":null,""balmer_self_broadening_truncation_closure"":""stark-core"",""effective_temperature"":12000,""formal_maximum_metal_lines"":null,""formal_minimum_metal_oscillator_strength"":0.0001,""h2_he_cia_path"":null,""include_molecules"":false,""log_hydrogen_to_helium"":0,""logg"":8.5,""lyman_profile_source"":""allard"",""maximum_metal_charge"":4,""metal_classical_electron_stark"":false,""metal_line_supplements"":[],""mixing_length_alpha"":1.25,""neutral_broadening"":""unsold"",""photospheric_depth_concentration"":1.0,""quality"":""production"",""structure_opacity_sampling_resolution"":1000.0,""synthesis_transfer_depth_refinement"":4}",,,,,46.91625073100022,"ValueError: The automatic cool workflow currently requires logg=8 and quality=""production""; no different gravity/resolution is substituted"
dab-a917f039dc3d4191afc2d453,12000,8.5,2,production,COMPLETE_NUMERICAL,0a74fdbe06596fc145f5169a3b239ddd67053141,"{""abundances"":null,""allard_minimum_effective_temperature"":9000.0,""atmosphere_solver"":""adaptive-newton"",""balmer_self_broadening_prescription"":null,""balmer_self_broadening_truncation_closure"":""stark-core"",""effective_temperature"":12000,""formal_maximum_metal_lines"":null,""formal_minimum_metal_oscillator_strength"":0.0001,""h2_he_cia_path"":null,""include_molecules"":false,""log_hydrogen_to_helium"":2,""logg"":8.5,""lyman_profile_source"":""allard"",""maximum_metal_charge"":4,""metal_classical_electron_stark"":false,""metal_line_supplements"":[],""mixing_length_alpha"":1.25,""neutral_broadening"":""unsold"",""photospheric_depth_concentration"":1.0,""quality"":""production"",""structure_opacity_sampling_resolution"":1000.0,""synthesis_transfer_depth_refinement"":4}",models/dab-a917f039dc3d4191afc2d453/spectrum.txt,0241cc56705b7ea0a58d4ea5cc84c5cc129c01e1de57008a182e22474c0baba5,18901,dab,1779.022659663,
dab-d772cfa6432619bd1d4a991f,12000,8.5,4,production,COMPLETE_NUMERICAL,0a74fdbe06596fc145f5169a3b239ddd67053141,"{""abundances"":null,""allard_minimum_effective_temperature"":9000.0,""atmosphere_solver"":""adaptive-newton"",""balmer_self_broadening_prescription"":null,""balmer_self_broadening_truncation_closure"":""stark-core"",""effective_temperature"":12000,""formal_maximum_metal_lines"":null,""formal_minimum_metal_oscillator_strength"":0.0001,""h2_he_cia_path"":null,""include_molecules"":false,""log_hydrogen_to_helium"":4,""logg"":8.5,""lyman_profile_source"":""allard"",""maximum_metal_charge"":4,""metal_classical_electron_stark"":false,""metal_line_supplements"":[],""mixing_length_alpha"":1.25,""neutral_broadening"":""unsold"",""photospheric_depth_concentration"":1.0,""quality"":""production"",""structure_opacity_sampling_resolution"":1000.0,""synthesis_transfer_depth_refinement"":4}",models/dab-d772cfa6432619bd1d4a991f/spectrum.txt,1ec8dd1554254f5a56ad067c4aa56389ba32b985aa8815fee5b61a07268127eb,18901,dab,1985.9231581970007,
dab-7a83f409c113076bddeaaf93,12000,9,-6,production,COMPLETE_NUMERICAL,0a74fdbe06596fc145f5169a3b239ddd67053141,"{""abundances"":null,""allard_minimum_effective_temperature"":9000.0,""atmosphere_solver"":""adaptive-newton"",""balmer_self_broadening_prescription"":null,""balmer_self_broadening_truncation_closure"":""stark-core"",""effective_temperature"":12000,""formal_maximum_metal_lines"":null,""formal_minimum_metal_oscillator_strength"":0.0001,""h2_he_cia_path"":null,""include_molecules"":false,""log_hydrogen_to_helium"":-6,""logg"":9,""lyman_profile_source"":""allard"",""maximum_metal_charge"":4,""metal_classical_electron_stark"":false,""metal_line_supplements"":[],""mixing_length_alpha"":1.25,""neutral_broadening"":""unsold"",""photospheric_depth_concentration"":1.0,""quality"":""production"",""structure_opacity_sampling_resolution"":1000.0,""synthesis_transfer_depth_refinement"":4}",models/dab-7a83f409c113076bddeaaf93/spectrum.txt,2fbb42bf056831efe9ede8ad74f312407b380f78da765cce620467126dce8a05,18901,dab,5143.582917923999,
dab-5dce4d8c2a17e01fda86e093,12000,9,-4,production,COMPLETE_NUMERICAL,0a74fdbe06596fc145f5169a3b239ddd67053141,"{""abundances"":null,""allard_minimum_effective_temperature"":9000.0,""atmosphere_solver"":""adaptive-newton"",""balmer_self_broadening_prescription"":null,""balmer_self_broadening_truncation_closure"":""stark-core"",""effective_temperature"":12000,""formal_maximum_metal_lines"":null,""formal_minimum_metal_oscillator_strength"":0.0001,""h2_he_cia_path"":null,""include_molecules"":false,""log_hydrogen_to_helium"":-4,""logg"":9,""lyman_profile_source"":""allard"",""maximum_metal_charge"":4,""metal_classical_electron_stark"":false,""metal_line_supplements"":[],""mixing_length_alpha"":1.25,""neutral_broadening"":""unsold"",""photospheric_depth_concentration"":1.0,""quality"":""production"",""structure_opacity_sampling_resolution"":1000.0,""synthesis_transfer_depth_refinement"":4}",models/dab-5dce4d8c2a17e01fda86e093/spectrum.txt,03e104b3291eeeef3816a0d8667a916ca0793cda2ed109d472734aad45b4c744,18901,dab,6563.082600855967,
dab-c1321c23f385037844d3b5c9,12000,9,-2,production,DOMAIN_OR_UNSUPPORTED_CONFIG,0a74fdbe06596fc145f5169a3b239ddd67053141,"{""abundances"":null,""allard_minimum_effective_temperature"":9000.0,""atmosphere_solver"":""adaptive-newton"",""balmer_self_broadening_prescription"":null,""balmer_self_broadening_truncation_closure"":""stark-core"",""effective_temperature"":12000,""formal_maximum_metal_lines"":null,""formal_minimum_metal_oscillator_strength"":0.0001,""h2_he_cia_path"":null,""include_molecules"":false,""log_hydrogen_to_helium"":-2,""logg"":9,""lyman_profile_source"":""allard"",""maximum_metal_charge"":4,""metal_classical_electron_stark"":false,""metal_line_supplements"":[],""mixing_length_alpha"":1.25,""neutral_broadening"":""unsold"",""photospheric_depth_concentration"":1.0,""quality"":""production"",""structure_opacity_sampling_resolution"":1000.0,""synthesis_transfer_depth_refinement"":4}",,,,,45.986233799999354,"ValueError: The automatic cool workflow currently requires logg=8 and quality=""production""; no different gravity/resolution is substituted"
dab-b10936f859ae3f7030712494,12000,9,0,production,DOMAIN_OR_UNSUPPORTED_CONFIG,0a74fdbe06596fc145f5169a3b239ddd67053141,"{""abundances"":null,""allard_minimum_effective_temperature"":9000.0,""atmosphere_solver"":""adaptive-newton"",""balmer_self_broadening_prescription"":null,""balmer_self_broadening_truncation_closure"":""stark-core"",""effective_temperature"":12000,""formal_maximum_metal_lines"":null,""formal_minimum_metal_oscillator_strength"":0.0001,""h2_he_cia_path"":null,""include_molecules"":false,""log_hydrogen_to_helium"":0,""logg"":9,""lyman_profile_source"":""allard"",""maximum_metal_charge"":4,""metal_classical_electron_stark"":false,""metal_line_supplements"":[],""mixing_length_alpha"":1.25,""neutral_broadening"":""unsold"",""photospheric_depth_concentration"":1.0,""quality"":""production"",""structure_opacity_sampling_resolution"":1000.0,""synthesis_transfer_depth_refinement"":4}",,,,,45.96942939600012,"ValueError: The automatic cool workflow currently requires logg=8 and quality=""production""; no different gravity/resolution is substituted"
dab-e47b5764536ab8680a82a6bc,12000,9,2,production,DOMAIN_OR_UNSUPPORTED_CONFIG,0a74fdbe06596fc145f5169a3b239ddd67053141,"{""abundances"":null,""allard_minimum_effective_temperature"":9000.0,""atmosphere_solver"":""adaptive-newton"",""balmer_self_broadening_prescription"":null,""balmer_self_broadening_truncation_closure"":""stark-core"",""effective_temperature"":12000,""formal_maximum_metal_lines"":null,""formal_minimum_metal_oscillator_strength"":0.0001,""h2_he_cia_path"":null,""include_molecules"":false,""log_hydrogen_to_helium"":2,""logg"":9,""lyman_profile_source"":""allard"",""maximum_metal_charge"":4,""metal_classical_electron_stark"":false,""metal_line_supplements"":[],""mixing_length_alpha"":1.25,""neutral_broadening"":""unsold"",""photospheric_depth_concentration"":1.0,""quality"":""production"",""structure_opacity_sampling_resolution"":1000.0,""synthesis_transfer_depth_refinement"":4}",,,,,45.97048927600008,"ValueError: The automatic cool workflow currently requires logg=8 and quality=""production""; no different gravity/resolution is substituted"
dab-f3a2acf71b19b0c4b1077f3b,12000,9,4,production,DOMAIN_OR_UNSUPPORTED_CONFIG,0a74fdbe06596fc145f5169a3b239ddd67053141,"{""abundances"":null,""allard_minimum_effective_temperature"":9000.0,""atmosphere_solver"":""adaptive-newton"",""balmer_self_broadening_prescription"":null,""balmer_self_broadening_truncation_closure"":""stark-core"",""effective_temperature"":12000,""formal_maximum_metal_lines"":null,""formal_minimum_metal_oscillator_strength"":0.0001,""h2_he_cia_path"":null,""include_molecules"":false,""log_hydrogen_to_helium"":4,""logg"":9,""lyman_profile_source"":""allard"",""maximum_metal_charge"":4,""metal_classical_electron_stark"":false,""metal_line_supplements"":[],""mixing_length_alpha"":1.25,""neutral_broadening"":""unsold"",""photospheric_depth_concentration"":1.0,""quality"":""production"",""structure_opacity_sampling_resolution"":1000.0,""synthesis_transfer_depth_refinement"":4}",,,,,46.01321452799948,"ValueError: The automatic cool workflow currently requires logg=8 and quality=""production""; no different gravity/resolution is substituted"
dab-88f46e2c0660a733f8cefe93,12000,9.5,-6,production,COMPLETE_NUMERICAL,0a74fdbe06596fc145f5169a3b239ddd67053141,"{""abundances"":null,""allard_minimum_effective_temperature"":9000.0,""atmosphere_solver"":""adaptive-newton"",""balmer_self_broadening_prescription"":null,""balmer_self_broadening_truncation_closure"":""stark-core"",""effective_temperature"":12000,""formal_maximum_metal_lines"":null,""formal_minimum_metal_oscillator_strength"":0.0001,""h2_he_cia_path"":null,""include_molecules"":false,""log_hydrogen_to_helium"":-6,""logg"":9.5,""lyman_profile_source"":""allard"",""maximum_metal_charge"":4,""metal_classical_electron_stark"":false,""metal_line_supplements"":[],""mixing_length_alpha"":1.25,""neutral_broadening"":""unsold"",""photospheric_depth_concentration"":1.0,""quality"":""production"",""structure_opacity_sampling_resolution"":1000.0,""synthesis_transfer_depth_refinement"":4}",models/dab-88f46e2c0660a733f8cefe93/spectrum.txt,7d2f265614cee1033a728f993c399a0b9c8fcea7e68bdd584e96bf72998aa9bc,18901,dab,2431.9278472059996,
dab-6f7a701caa2cca3a83bcce18,12000,9.5,-4,production,COMPLETE_NUMERICAL,0a74fdbe06596fc145f5169a3b239ddd67053141,"{""abundances"":null,""allard_minimum_effective_temperature"":9000.0,""atmosphere_solver"":""adaptive-newton"",""balmer_self_broadening_prescription"":null,""balmer_self_broadening_truncation_closure"":""stark-core"",""effective_temperature"":12000,""formal_maximum_metal_lines"":null,""formal_minimum_metal_oscillator_strength"":0.0001,""h2_he_cia_path"":null,""include_molecules"":false,""log_hydrogen_to_helium"":-4,""logg"":9.5,""lyman_profile_source"":""allard"",""maximum_metal_charge"":4,""metal_classical_electron_stark"":false,""metal_line_supplements"":[],""mixing_length_alpha"":1.25,""neutral_broadening"":""unsold"",""photospheric_depth_concentration"":1.0,""quality"":""production"",""structure_opacity_sampling_resolution"":1000.0,""synthesis_transfer_depth_refinement"":4}",models/dab-6f7a701caa2cca3a83bcce18/spectrum.txt,d135d51cbb191e82d68397dc9a070844436a64730f2586804d157b99b78fe225,18901,dab,6607.565956133185,
dab-013aaa853bbb624949fa40ed,12000,9.5,-2,production,DOMAIN_OR_UNSUPPORTED_CONFIG,0a74fdbe06596fc145f5169a3b239ddd67053141,"{""abundances"":null,""allard_minimum_effective_temperature"":9000.0,""atmosphere_solver"":""adaptive-newton"",""balmer_self_broadening_prescription"":null,""balmer_self_broadening_truncation_closure"":""stark-core"",""effective_temperature"":12000,""formal_maximum_metal_lines"":null,""formal_minimum_metal_oscillator_strength"":0.0001,""h2_he_cia_path"":null,""include_molecules"":false,""log_hydrogen_to_helium"":-2,""logg"":9.5,""lyman_profile_source"":""allard"",""maximum_metal_charge"":4,""metal_classical_electron_stark"":false,""metal_line_supplements"":[],""mixing_length_alpha"":1.25,""neutral_broadening"":""unsold"",""photospheric_depth_concentration"":1.0,""quality"":""production"",""structure_opacity_sampling_resolution"":1000.0,""synthesis_transfer_depth_refinement"":4}",,,,,46.19385609300025,"ValueError: The automatic cool workflow currently requires logg=8 and quality=""production""; no different gravity/resolution is substituted"
dab-3a4d83d53cb5bb0e614456c5,12000,9.5,0,production,DOMAIN_OR_UNSUPPORTED_CONFIG,0a74fdbe06596fc145f5169a3b239ddd67053141,"{""abundances"":null,""allard_minimum_effective_temperature"":9000.0,""atmosphere_solver"":""adaptive-newton"",""balmer_self_broadening_prescription"":null,""balmer_self_broadening_truncation_closure"":""stark-core"",""effective_temperature"":12000,""formal_maximum_metal_lines"":null,""formal_minimum_metal_oscillator_strength"":0.0001,""h2_he_cia_path"":null,""include_molecules"":false,""log_hydrogen_to_helium"":0,""logg"":9.5,""lyman_profile_source"":""allard"",""maximum_metal_charge"":4,""metal_classical_electron_stark"":false,""metal_line_supplements"":[],""mixing_length_alpha"":1.25,""neutral_broadening"":""unsold"",""photospheric_depth_concentration"":1.0,""quality"":""production"",""structure_opacity_sampling_resolution"":1000.0,""synthesis_transfer_depth_refinement"":4}",,,,,46.11419805999958,"ValueError: The automatic cool workflow currently requires logg=8 and quality=""production""; no different gravity/resolution is substituted"
dab-d1bfc2c4117c498347ae17b8,12000,9.5,2,production,DOMAIN_OR_UNSUPPORTED_CONFIG,0a74fdbe06596fc145f5169a3b239ddd67053141,"{""abundances"":null,""allard_minimum_effective_temperature"":9000.0,""atmosphere_solver"":""adaptive-newton"",""balmer_self_broadening_prescription"":null,""balmer_self_broadening_truncation_closure"":""stark-core"",""effective_temperature"":12000,""formal_maximum_metal_lines"":null,""formal_minimum_metal_oscillator_strength"":0.0001,""h2_he_cia_path"":null,""include_molecules"":false,""log_hydrogen_to_helium"":2,""logg"":9.5,""lyman_profile_source"":""allard"",""maximum_metal_charge"":4,""metal_classical_electron_stark"":false,""metal_line_supplements"":[],""mixing_length_alpha"":1.25,""neutral_broadening"":""unsold"",""photospheric_depth_concentration"":1.0,""quality"":""production"",""structure_opacity_sampling_resolution"":1000.0,""synthesis_transfer_depth_refinement"":4}",,,,,46.180067575000066,"ValueError: The automatic cool workflow currently requires logg=8 and quality=""production""; no different gravity/resolution is substituted"
dab-d904a766c1f0a85c23d13711,12000,9.5,4,production,DOMAIN_OR_UNSUPPORTED_CONFIG,0a74fdbe06596fc145f5169a3b239ddd67053141,"{""abundances"":null,""allard_minimum_effective_temperature"":9000.0,""atmosphere_solver"":""adaptive-newton"",""balmer_self_broadening_prescription"":null,""balmer_self_broadening_truncation_closure"":""stark-core"",""effective_temperature"":12000,""formal_maximum_metal_lines"":null,""formal_minimum_metal_oscillator_strength"":0.0001,""h2_he_cia_path"":null,""include_molecules"":false,""log_hydrogen_to_helium"":4,""logg"":9.5,""lyman_profile_source"":""allard"",""maximum_metal_charge"":4,""metal_classical_electron_stark"":false,""metal_line_supplements"":[],""mixing_length_alpha"":1.25,""neutral_broadening"":""unsold"",""photospheric_depth_concentration"":1.0,""quality"":""production"",""structure_opacity_sampling_resolution"":1000.0,""synthesis_transfer_depth_refinement"":4}",,,,,46.1769684840001,"ValueError: The automatic cool workflow currently requires logg=8 and quality=""production""; no different gravity/resolution is substituted"
dab-3e5da0662e9db2375312c385,15000,6,-6,production,COMPLETE_NUMERICAL,0a74fdbe06596fc145f5169a3b239ddd67053141,"{""abundances"":null,""allard_minimum_effective_temperature"":9000.0,""atmosphere_solver"":""adaptive-newton"",""balmer_self_broadening_prescription"":null,""balmer_self_broadening_truncation_closure"":""stark-core"",""effective_temperature"":15000,""formal_maximum_metal_lines"":null,""formal_minimum_metal_oscillator_strength"":0.0001,""h2_he_cia_path"":null,""include_molecules"":false,""log_hydrogen_to_helium"":-6,""logg"":6,""lyman_profile_source"":""allard"",""maximum_metal_charge"":4,""metal_classical_electron_stark"":false,""metal_line_supplements"":[],""mixing_length_alpha"":1.25,""neutral_broadening"":""unsold"",""photospheric_depth_concentration"":1.0,""quality"":""production"",""structure_opacity_sampling_resolution"":1000.0,""synthesis_transfer_depth_refinement"":4}",models/dab-3e5da0662e9db2375312c385/spectrum.txt,5f2a8755bc7483d6c2495f7299e5252190731edc241a2540521138f8cd779f0c,18901,dab,1760.6846594179997,
dab-5e6badf16aa4924cb8743938,15000,6,-4,production,COMPLETE_NUMERICAL,0a74fdbe06596fc145f5169a3b239ddd67053141,"{""abundances"":null,""allard_minimum_effective_temperature"":9000.0,""atmosphere_solver"":""adaptive-newton"",""balmer_self_broadening_prescription"":null,""balmer_self_broadening_truncation_closure"":""stark-core"",""effective_temperature"":15000,""formal_maximum_metal_lines"":null,""formal_minimum_metal_oscillator_strength"":0.0001,""h2_he_cia_path"":null,""include_molecules"":false,""log_hydrogen_to_helium"":-4,""logg"":6,""lyman_profile_source"":""allard"",""maximum_metal_charge"":4,""metal_classical_electron_stark"":false,""metal_line_supplements"":[],""mixing_length_alpha"":1.25,""neutral_broadening"":""unsold"",""photospheric_depth_concentration"":1.0,""quality"":""production"",""structure_opacity_sampling_resolution"":1000.0,""synthesis_transfer_depth_refinement"":4}",models/dab-5e6badf16aa4924cb8743938/spectrum.txt,9ef2460545da4173760c35d767b36676d055330743306c19dd539bf0e1464ef5,18901,dab,1841.9020488410006,
dab-2a845249e1e81b6272c444df,15000,6,-2,production,COMPLETE_NUMERICAL,0a74fdbe06596fc145f5169a3b239ddd67053141,"{""abundances"":null,""allard_minimum_effective_temperature"":9000.0,""atmosphere_solver"":""adaptive-newton"",""balmer_self_broadening_prescription"":null,""balmer_self_broadening_truncation_closure"":""stark-core"",""effective_temperature"":15000,""formal_maximum_metal_lines"":null,""formal_minimum_metal_oscillator_strength"":0.0001,""h2_he_cia_path"":null,""include_molecules"":false,""log_hydrogen_to_helium"":-2,""logg"":6,""lyman_profile_source"":""allard"",""maximum_metal_charge"":4,""metal_classical_electron_stark"":false,""metal_line_supplements"":[],""mixing_length_alpha"":1.25,""neutral_broadening"":""unsold"",""photospheric_depth_concentration"":1.0,""quality"":""production"",""structure_opacity_sampling_resolution"":1000.0,""synthesis_transfer_depth_refinement"":4}",models/dab-2a845249e1e81b6272c444df/spectrum.txt,ee7303c4ebdf0cb93d1937ef1672c323679dd428242d4b93f1b120e5c0e17f94,18901,dab,4037.8485868769994,
dab-5cc0bf5fa91fb73208b2d27d,15000,6,0,production,COMPLETE_NUMERICAL,0a74fdbe06596fc145f5169a3b239ddd67053141,"{""abundances"":null,""allard_minimum_effective_temperature"":9000.0,""atmosphere_solver"":""adaptive-newton"",""balmer_self_broadening_prescription"":null,""balmer_self_broadening_truncation_closure"":""stark-core"",""effective_temperature"":15000,""formal_maximum_metal_lines"":null,""formal_minimum_metal_oscillator_strength"":0.0001,""h2_he_cia_path"":null,""include_molecules"":false,""log_hydrogen_to_helium"":0,""logg"":6,""lyman_profile_source"":""allard"",""maximum_metal_charge"":4,""metal_classical_electron_stark"":false,""metal_line_supplements"":[],""mixing_length_alpha"":1.25,""neutral_broadening"":""unsold"",""photospheric_depth_concentration"":1.0,""quality"":""production"",""structure_opacity_sampling_resolution"":1000.0,""synthesis_transfer_depth_refinement"":4}",models/dab-5cc0bf5fa91fb73208b2d27d/spectrum.txt,a8ce4024ae3ca3141b8cd6a398feb19ef88acd13ca8512ea179d5d4ade1d2ef1,18901,dab,1692.6688140330007,
dab-7930cb2681900f00496a36ea,15000,6,2,production,COMPLETE_NUMERICAL,0a74fdbe06596fc145f5169a3b239ddd67053141,"{""abundances"":null,""allard_minimum_effective_temperature"":9000.0,""atmosphere_solver"":""adaptive-newton"",""balmer_self_broadening_prescription"":null,""balmer_self_broadening_truncation_closure"":""stark-core"",""effective_temperature"":15000,""formal_maximum_metal_lines"":null,""formal_minimum_metal_oscillator_strength"":0.0001,""h2_he_cia_path"":null,""include_molecules"":false,""log_hydrogen_to_helium"":2,""logg"":6,""lyman_profile_source"":""allard"",""maximum_metal_charge"":4,""metal_classical_electron_stark"":false,""metal_line_supplements"":[],""mixing_length_alpha"":1.25,""neutral_broadening"":""unsold"",""photospheric_depth_concentration"":1.0,""quality"":""production"",""structure_opacity_sampling_resolution"":1000.0,""synthesis_transfer_depth_refinement"":4}",models/dab-7930cb2681900f00496a36ea/spectrum.txt,a25dd110377f14b41f061d323a7640c26e21aef3e220405f0f4b41d46d12b54c,18901,dab,958.8951883599993,
dab-d6e25e9a0bf0ff4ae7683024,15000,6,4,production,COMPLETE_NUMERICAL,0a74fdbe06596fc145f5169a3b239ddd67053141,"{""abundances"":null,""allard_minimum_effective_temperature"":9000.0,""atmosphere_solver"":""adaptive-newton"",""balmer_self_broadening_prescription"":null,""balmer_self_broadening_truncation_closure"":""stark-core"",""effective_temperature"":15000,""formal_maximum_metal_lines"":null,""formal_minimum_metal_oscillator_strength"":0.0001,""h2_he_cia_path"":null,""include_molecules"":false,""log_hydrogen_to_helium"":4,""logg"":6,""lyman_profile_source"":""allard"",""maximum_metal_charge"":4,""metal_classical_electron_stark"":false,""metal_line_supplements"":[],""mixing_length_alpha"":1.25,""neutral_broadening"":""unsold"",""photospheric_depth_concentration"":1.0,""quality"":""production"",""structure_opacity_sampling_resolution"":1000.0,""synthesis_transfer_depth_refinement"":4}",models/dab-d6e25e9a0bf0ff4ae7683024/spectrum.txt,a2e59a7fc3c7cf840cca4dbbce1e72269923a97c9701f920e8525b47f023d3be,18901,dab,871.0673007410005,
dab-111c0167e6795a458c788d75,15000,6.5,-6,production,COMPLETE_NUMERICAL,0a74fdbe06596fc145f5169a3b239ddd67053141,"{""abundances"":null,""allard_minimum_effective_temperature"":9000.0,""atmosphere_solver"":""adaptive-newton"",""balmer_self_broadening_prescription"":null,""balmer_self_broadening_truncation_closure"":""stark-core"",""effective_temperature"":15000,""formal_maximum_metal_lines"":null,""formal_minimum_metal_oscillator_strength"":0.0001,""h2_he_cia_path"":null,""include_molecules"":false,""log_hydrogen_to_helium"":-6,""logg"":6.5,""lyman_profile_source"":""allard"",""maximum_metal_charge"":4,""metal_classical_electron_stark"":false,""metal_line_supplements"":[],""mixing_length_alpha"":1.25,""neutral_broadening"":""unsold"",""photospheric_depth_concentration"":1.0,""quality"":""production"",""structure_opacity_sampling_resolution"":1000.0,""synthesis_transfer_depth_refinement"":4}",models/dab-111c0167e6795a458c788d75/spectrum.txt,fc713b6192ee426224bab80e409d71dd89f2dc32cc688cec92e943b4ede43b7a,18901,dab,1708.8308917910008,
dab-97d26541fc81ad37052ba34b,15000,6.5,-4,production,COMPLETE_NUMERICAL,0a74fdbe06596fc145f5169a3b239ddd67053141,"{""abundances"":null,""allard_minimum_effective_temperature"":9000.0,""atmosphere_solver"":""adaptive-newton"",""balmer_self_broadening_prescription"":null,""balmer_self_broadening_truncation_closure"":""stark-core"",""effective_temperature"":15000,""formal_maximum_metal_lines"":null,""formal_minimum_metal_oscillator_strength"":0.0001,""h2_he_cia_path"":null,""include_molecules"":false,""log_hydrogen_to_helium"":-4,""logg"":6.5,""lyman_profile_source"":""allard"",""maximum_metal_charge"":4,""metal_classical_electron_stark"":false,""metal_line_supplements"":[],""mixing_length_alpha"":1.25,""neutral_broadening"":""unsold"",""photospheric_depth_concentration"":1.0,""quality"":""production"",""structure_opacity_sampling_resolution"":1000.0,""synthesis_transfer_depth_refinement"":4}",models/dab-97d26541fc81ad37052ba34b/spectrum.txt,bb116fce5f024f94c6ea6a3b6f4f060ca6453ac9a18969c68b18587ea952a1b1,18901,dab,1964.972645152,
dab-8e04d1c9698e3916f66c13c1,15000,6.5,-2,production,COMPLETE_NUMERICAL,0a74fdbe06596fc145f5169a3b239ddd67053141,"{""abundances"":null,""allard_minimum_effective_temperature"":9000.0,""atmosphere_solver"":""adaptive-newton"",""balmer_self_broadening_prescription"":null,""balmer_self_broadening_truncation_closure"":""stark-core"",""effective_temperature"":15000,""formal_maximum_metal_lines"":null,""formal_minimum_metal_oscillator_strength"":0.0001,""h2_he_cia_path"":null,""include_molecules"":false,""log_hydrogen_to_helium"":-2,""logg"":6.5,""lyman_profile_source"":""allard"",""maximum_metal_charge"":4,""metal_classical_electron_stark"":false,""metal_line_supplements"":[],""mixing_length_alpha"":1.25,""neutral_broadening"":""unsold"",""photospheric_depth_concentration"":1.0,""quality"":""production"",""structure_opacity_sampling_resolution"":1000.0,""synthesis_transfer_depth_refinement"":4}",models/dab-8e04d1c9698e3916f66c13c1/spectrum.txt,810476ca619d576ab65f36d5822be89c36ff924dc838e0d5cea236563d58ea8f,18901,dab,1913.4194984230007,
dab-fea7b7626ad0b6decd103007,15000,6.5,0,production,COMPLETE_NUMERICAL,0a74fdbe06596fc145f5169a3b239ddd67053141,"{""abundances"":null,""allard_minimum_effective_temperature"":9000.0,""atmosphere_solver"":""adaptive-newton"",""balmer_self_broadening_prescription"":null,""balmer_self_broadening_truncation_closure"":""stark-core"",""effective_temperature"":15000,""formal_maximum_metal_lines"":null,""formal_minimum_metal_oscillator_strength"":0.0001,""h2_he_cia_path"":null,""include_molecules"":false,""log_hydrogen_to_helium"":0,""logg"":6.5,""lyman_profile_source"":""allard"",""maximum_metal_charge"":4,""metal_classical_electron_stark"":false,""metal_line_supplements"":[],""mixing_length_alpha"":1.25,""neutral_broadening"":""unsold"",""photospheric_depth_concentration"":1.0,""quality"":""production"",""structure_opacity_sampling_resolution"":1000.0,""synthesis_transfer_depth_refinement"":4}",models/dab-fea7b7626ad0b6decd103007/spectrum.txt,f148be71069aa7374de2126d6f3c9aaee2a812aa7d21602db31a92b3c2755ca4,18901,dab,1712.844623039,
dab-f01606d84e283dd2f2afe4f2,15000,6.5,2,production,COMPLETE_NUMERICAL,0a74fdbe06596fc145f5169a3b239ddd67053141,"{""abundances"":null,""allard_minimum_effective_temperature"":9000.0,""atmosphere_solver"":""adaptive-newton"",""balmer_self_broadening_prescription"":null,""balmer_self_broadening_truncation_closure"":""stark-core"",""effective_temperature"":15000,""formal_maximum_metal_lines"":null,""formal_minimum_metal_oscillator_strength"":0.0001,""h2_he_cia_path"":null,""include_molecules"":false,""log_hydrogen_to_helium"":2,""logg"":6.5,""lyman_profile_source"":""allard"",""maximum_metal_charge"":4,""metal_classical_electron_stark"":false,""metal_line_supplements"":[],""mixing_length_alpha"":1.25,""neutral_broadening"":""unsold"",""photospheric_depth_concentration"":1.0,""quality"":""production"",""structure_opacity_sampling_resolution"":1000.0,""synthesis_transfer_depth_refinement"":4}",models/dab-f01606d84e283dd2f2afe4f2/spectrum.txt,eee38e6460f4ef2c4f54677e780ece1be6d60e8841ba8eeade68cc2e5c0f2e69,18901,dab,1093.7983242689997,
dab-064a110a3470236a09a895fa,15000,6.5,4,production,COMPLETE_NUMERICAL,0a74fdbe06596fc145f5169a3b239ddd67053141,"{""abundances"":null,""allard_minimum_effective_temperature"":9000.0,""atmosphere_solver"":""adaptive-newton"",""balmer_self_broadening_prescription"":null,""balmer_self_broadening_truncation_closure"":""stark-core"",""effective_temperature"":15000,""formal_maximum_metal_lines"":null,""formal_minimum_metal_oscillator_strength"":0.0001,""h2_he_cia_path"":null,""include_molecules"":false,""log_hydrogen_to_helium"":4,""logg"":6.5,""lyman_profile_source"":""allard"",""maximum_metal_charge"":4,""metal_classical_electron_stark"":false,""metal_line_supplements"":[],""mixing_length_alpha"":1.25,""neutral_broadening"":""unsold"",""photospheric_depth_concentration"":1.0,""quality"":""production"",""structure_opacity_sampling_resolution"":1000.0,""synthesis_transfer_depth_refinement"":4}",models/dab-064a110a3470236a09a895fa/spectrum.txt,03728ac7d071071cbd9d625d69029d0dbe7377aa98ddb92aa1f3b5d785e8c650,18901,dab,887.5861834180005,
dab-2b28cadad9ce7fe2bea7ed5a,15000,7,-6,production,COMPLETE_NUMERICAL,0a74fdbe06596fc145f5169a3b239ddd67053141,"{""abundances"":null,""allard_minimum_effective_temperature"":9000.0,""atmosphere_solver"":""adaptive-newton"",""balmer_self_broadening_prescription"":null,""balmer_self_broadening_truncation_closure"":""stark-core"",""effective_temperature"":15000,""formal_maximum_metal_lines"":null,""formal_minimum_metal_oscillator_strength"":0.0001,""h2_he_cia_path"":null,""include_molecules"":false,""log_hydrogen_to_helium"":-6,""logg"":7,""lyman_profile_source"":""allard"",""maximum_metal_charge"":4,""metal_classical_electron_stark"":false,""metal_line_supplements"":[],""mixing_length_alpha"":1.25,""neutral_broadening"":""unsold"",""photospheric_depth_concentration"":1.0,""quality"":""production"",""structure_opacity_sampling_resolution"":1000.0,""synthesis_transfer_depth_refinement"":4}",models/dab-2b28cadad9ce7fe2bea7ed5a/spectrum.txt,e16e504a5bb464f008d2f230f57b975a9a28330921fd16cc99cdeec92f8c3b9f,18901,dab,2406.6167073040006,
dab-099621db9e1ea83d4cc010ea,15000,7,-4,production,COMPLETE_NUMERICAL,0a74fdbe06596fc145f5169a3b239ddd67053141,"{""abundances"":null,""allard_minimum_effective_temperature"":9000.0,""atmosphere_solver"":""adaptive-newton"",""balmer_self_broadening_prescription"":null,""balmer_self_broadening_truncation_closure"":""stark-core"",""effective_temperature"":15000,""formal_maximum_metal_lines"":null,""formal_minimum_metal_oscillator_strength"":0.0001,""h2_he_cia_path"":null,""include_molecules"":false,""log_hydrogen_to_helium"":-4,""logg"":7,""lyman_profile_source"":""allard"",""maximum_metal_charge"":4,""metal_classical_electron_stark"":false,""metal_line_supplements"":[],""mixing_length_alpha"":1.25,""neutral_broadening"":""unsold"",""photospheric_depth_concentration"":1.0,""quality"":""production"",""structure_opacity_sampling_resolution"":1000.0,""synthesis_transfer_depth_refinement"":4}",models/dab-099621db9e1ea83d4cc010ea/spectrum.txt,03dac18cd751b6396e5d87c545b86cf9a42621b2ec8ee017bbcd7356dbd52ef9,18901,dab,2374.7581551799994,
dab-b402f23fcdaf46662ff91c12,15000,7,-2,production,COMPLETE_NUMERICAL,0a74fdbe06596fc145f5169a3b239ddd67053141,"{""abundances"":null,""allard_minimum_effective_temperature"":9000.0,""atmosphere_solver"":""adaptive-newton"",""balmer_self_broadening_prescription"":null,""balmer_self_broadening_truncation_closure"":""stark-core"",""effective_temperature"":15000,""formal_maximum_metal_lines"":null,""formal_minimum_metal_oscillator_strength"":0.0001,""h2_he_cia_path"":null,""include_molecules"":false,""log_hydrogen_to_helium"":-2,""logg"":7,""lyman_profile_source"":""allard"",""maximum_metal_charge"":4,""metal_classical_electron_stark"":false,""metal_line_supplements"":[],""mixing_length_alpha"":1.25,""neutral_broadening"":""unsold"",""photospheric_depth_concentration"":1.0,""quality"":""production"",""structure_opacity_sampling_resolution"":1000.0,""synthesis_transfer_depth_refinement"":4}",models/dab-b402f23fcdaf46662ff91c12/spectrum.txt,9d1a11c77b5c5c9421512805aec3f12def9ada421c5bb3a02f3d697f118d9da9,18901,dab,2001.636882365,
dab-6f1e3ed21e5656e0b0af277c,15000,7,0,production,COMPLETE_NUMERICAL,0a74fdbe06596fc145f5169a3b239ddd67053141,"{""abundances"":null,""allard_minimum_effective_temperature"":9000.0,""atmosphere_solver"":""adaptive-newton"",""balmer_self_broadening_prescription"":null,""balmer_self_broadening_truncation_closure"":""stark-core"",""effective_temperature"":15000,""formal_maximum_metal_lines"":null,""formal_minimum_metal_oscillator_strength"":0.0001,""h2_he_cia_path"":null,""include_molecules"":false,""log_hydrogen_to_helium"":0,""logg"":7,""lyman_profile_source"":""allard"",""maximum_metal_charge"":4,""metal_classical_electron_stark"":false,""metal_line_supplements"":[],""mixing_length_alpha"":1.25,""neutral_broadening"":""unsold"",""photospheric_depth_concentration"":1.0,""quality"":""production"",""structure_opacity_sampling_resolution"":1000.0,""synthesis_transfer_depth_refinement"":4}",models/dab-6f1e3ed21e5656e0b0af277c/spectrum.txt,5d35201f9c3263be72676eb9bbbf1594942d47c1fd3c35c2c6bd87e8fd5bbb1c,18901,dab,1836.6555416699994,
dab-bb37b8375fa37aad7db9e06f,15000,7,2,production,COMPLETE_NUMERICAL,0a74fdbe06596fc145f5169a3b239ddd67053141,"{""abundances"":null,""allard_minimum_effective_temperature"":9000.0,""atmosphere_solver"":""adaptive-newton"",""balmer_self_broadening_prescription"":null,""balmer_self_broadening_truncation_closure"":""stark-core"",""effective_temperature"":15000,""formal_maximum_metal_lines"":null,""formal_minimum_metal_oscillator_strength"":0.0001,""h2_he_cia_path"":null,""include_molecules"":false,""log_hydrogen_to_helium"":2,""logg"":7,""lyman_profile_source"":""allard"",""maximum_metal_charge"":4,""metal_classical_electron_stark"":false,""metal_line_supplements"":[],""mixing_length_alpha"":1.25,""neutral_broadening"":""unsold"",""photospheric_depth_concentration"":1.0,""quality"":""production"",""structure_opacity_sampling_resolution"":1000.0,""synthesis_transfer_depth_refinement"":4}",models/dab-bb37b8375fa37aad7db9e06f/spectrum.txt,8d2b022c0bef7715f949e9c811329cfc627ac82a6938186777575b59376a3fe0,18901,dab,1574.1902330719995,
dab-bf337fab210cc1b8042f3118,15000,7,4,production,COMPLETE_NUMERICAL,0a74fdbe06596fc145f5169a3b239ddd67053141,"{""abundances"":null,""allard_minimum_effective_temperature"":9000.0,""atmosphere_solver"":""adaptive-newton"",""balmer_self_broadening_prescription"":null,""balmer_self_broadening_truncation_closure"":""stark-core"",""effective_temperature"":15000,""formal_maximum_metal_lines"":null,""formal_minimum_metal_oscillator_strength"":0.0001,""h2_he_cia_path"":null,""include_molecules"":false,""log_hydrogen_to_helium"":4,""logg"":7,""lyman_profile_source"":""allard"",""maximum_metal_charge"":4,""metal_classical_electron_stark"":false,""metal_line_supplements"":[],""mixing_length_alpha"":1.25,""neutral_broadening"":""unsold"",""photospheric_depth_concentration"":1.0,""quality"":""production"",""structure_opacity_sampling_resolution"":1000.0,""synthesis_transfer_depth_refinement"":4}",models/dab-bf337fab210cc1b8042f3118/spectrum.txt,084be531608ea1e87f557acab7f711c5711b70b0af6fad69996dc87a78eb7d1e,18901,dab,1112.2836542740006,
dab-3ed4615b54ad3f343fbb7ae5,15000,7.5,-6,production,COMPLETE_NUMERICAL,0a74fdbe06596fc145f5169a3b239ddd67053141,"{""abundances"":null,""allard_minimum_effective_temperature"":9000.0,""atmosphere_solver"":""adaptive-newton"",""balmer_self_broadening_prescription"":null,""balmer_self_broadening_truncation_closure"":""stark-core"",""effective_temperature"":15000,""formal_maximum_metal_lines"":null,""formal_minimum_metal_oscillator_strength"":0.0001,""h2_he_cia_path"":null,""include_molecules"":false,""log_hydrogen_to_helium"":-6,""logg"":7.5,""lyman_profile_source"":""allard"",""maximum_metal_charge"":4,""metal_classical_electron_stark"":false,""metal_line_supplements"":[],""mixing_length_alpha"":1.25,""neutral_broadening"":""unsold"",""photospheric_depth_concentration"":1.0,""quality"":""production"",""structure_opacity_sampling_resolution"":1000.0,""synthesis_transfer_depth_refinement"":4}",models/dab-3ed4615b54ad3f343fbb7ae5/spectrum.txt,81e55a33b073fa36e97106702f414fe82b3c9fd210bc19c9dc97b19cadc349b7,18901,dab,2108.5767100619996,
dab-c219ff75a53681415ffbb1e8,15000,7.5,-4,production,COMPLETE_NUMERICAL,0a74fdbe06596fc145f5169a3b239ddd67053141,"{""abundances"":null,""allard_minimum_effective_temperature"":9000.0,""atmosphere_solver"":""adaptive-newton"",""balmer_self_broadening_prescription"":null,""balmer_self_broadening_truncation_closure"":""stark-core"",""effective_temperature"":15000,""formal_maximum_metal_lines"":null,""formal_minimum_metal_oscillator_strength"":0.0001,""h2_he_cia_path"":null,""include_molecules"":false,""log_hydrogen_to_helium"":-4,""logg"":7.5,""lyman_profile_source"":""allard"",""maximum_metal_charge"":4,""metal_classical_electron_stark"":false,""metal_line_supplements"":[],""mixing_length_alpha"":1.25,""neutral_broadening"":""unsold"",""photospheric_depth_concentration"":1.0,""quality"":""production"",""structure_opacity_sampling_resolution"":1000.0,""synthesis_transfer_depth_refinement"":4}",models/dab-c219ff75a53681415ffbb1e8/spectrum.txt,d70238b2f3bdd8887b3159b20fe48d51d09ca89d5687648aa1c12d1b2e8428e3,18901,dab,2447.3370081020003,
dab-f0f852fdb08afeb4910fc067,15000,7.5,-2,production,COMPLETE_NUMERICAL,0a74fdbe06596fc145f5169a3b239ddd67053141,"{""abundances"":null,""allard_minimum_effective_temperature"":9000.0,""atmosphere_solver"":""adaptive-newton"",""balmer_self_broadening_prescription"":null,""balmer_self_broadening_truncation_closure"":""stark-core"",""effective_temperature"":15000,""formal_maximum_metal_lines"":null,""formal_minimum_metal_oscillator_strength"":0.0001,""h2_he_cia_path"":null,""include_molecules"":false,""log_hydrogen_to_helium"":-2,""logg"":7.5,""lyman_profile_source"":""allard"",""maximum_metal_charge"":4,""metal_classical_electron_stark"":false,""metal_line_supplements"":[],""mixing_length_alpha"":1.25,""neutral_broadening"":""unsold"",""photospheric_depth_concentration"":1.0,""quality"":""production"",""structure_opacity_sampling_resolution"":1000.0,""synthesis_transfer_depth_refinement"":4}",models/dab-f0f852fdb08afeb4910fc067/spectrum.txt,81e9195cae9be75ad56c994914335d2124916c05cfcce1ec57844c876de43e2d,18901,dab,2117.7774632790006,
dab-b014e1a5df7ee5a4f079393f,15000,7.5,0,production,COMPLETE_NUMERICAL,0a74fdbe06596fc145f5169a3b239ddd67053141,"{""abundances"":null,""allard_minimum_effective_temperature"":9000.0,""atmosphere_solver"":""adaptive-newton"",""balmer_self_broadening_prescription"":null,""balmer_self_broadening_truncation_closure"":""stark-core"",""effective_temperature"":15000,""formal_maximum_metal_lines"":null,""formal_minimum_metal_oscillator_strength"":0.0001,""h2_he_cia_path"":null,""include_molecules"":false,""log_hydrogen_to_helium"":0,""logg"":7.5,""lyman_profile_source"":""allard"",""maximum_metal_charge"":4,""metal_classical_electron_stark"":false,""metal_line_supplements"":[],""mixing_length_alpha"":1.25,""neutral_broadening"":""unsold"",""photospheric_depth_concentration"":1.0,""quality"":""production"",""structure_opacity_sampling_resolution"":1000.0,""synthesis_transfer_depth_refinement"":4}",models/dab-b014e1a5df7ee5a4f079393f/spectrum.txt,2fce5431f7b527f41998b3ce770dd64322ae2c4fc543183f7d7070c2c8c72151,18901,dab,1826.313664276,
dab-82be469f08ffe80346b29473,15000,7.5,2,production,COMPLETE_NUMERICAL,0a74fdbe06596fc145f5169a3b239ddd67053141,"{""abundances"":null,""allard_minimum_effective_temperature"":9000.0,""atmosphere_solver"":""adaptive-newton"",""balmer_self_broadening_prescription"":null,""balmer_self_broadening_truncation_closure"":""stark-core"",""effective_temperature"":15000,""formal_maximum_metal_lines"":null,""formal_minimum_metal_oscillator_strength"":0.0001,""h2_he_cia_path"":null,""include_molecules"":false,""log_hydrogen_to_helium"":2,""logg"":7.5,""lyman_profile_source"":""allard"",""maximum_metal_charge"":4,""metal_classical_electron_stark"":false,""metal_line_supplements"":[],""mixing_length_alpha"":1.25,""neutral_broadening"":""unsold"",""photospheric_depth_concentration"":1.0,""quality"":""production"",""structure_opacity_sampling_resolution"":1000.0,""synthesis_transfer_depth_refinement"":4}",models/dab-82be469f08ffe80346b29473/spectrum.txt,34e09d586db8d5176e1d07088774103933f40b65fc346ac66b1d2f080979a588,18901,dab,1857.5265233570008,
dab-5b82574eb992661f9277a6d6,15000,7.5,4,production,COMPLETE_NUMERICAL,0a74fdbe06596fc145f5169a3b239ddd67053141,"{""abundances"":null,""allard_minimum_effective_temperature"":9000.0,""atmosphere_solver"":""adaptive-newton"",""balmer_self_broadening_prescription"":null,""balmer_self_broadening_truncation_closure"":""stark-core"",""effective_temperature"":15000,""formal_maximum_metal_lines"":null,""formal_minimum_metal_oscillator_strength"":0.0001,""h2_he_cia_path"":null,""include_molecules"":false,""log_hydrogen_to_helium"":4,""logg"":7.5,""lyman_profile_source"":""allard"",""maximum_metal_charge"":4,""metal_classical_electron_stark"":false,""metal_line_supplements"":[],""mixing_length_alpha"":1.25,""neutral_broadening"":""unsold"",""photospheric_depth_concentration"":1.0,""quality"":""production"",""structure_opacity_sampling_resolution"":1000.0,""synthesis_transfer_depth_refinement"":4}",models/dab-5b82574eb992661f9277a6d6/spectrum.txt,79010cf57130b85af4fd9c71c70d5cf888e2fb1d5bc9f3332c166a14f561c869,18901,dab,1579.0218120219997,
dab-a5e17be424b3beade06bf974,15000,8,-6,production,COMPLETE_NUMERICAL,0a74fdbe06596fc145f5169a3b239ddd67053141,"{""abundances"":null,""allard_minimum_effective_temperature"":9000.0,""atmosphere_solver"":""adaptive-newton"",""balmer_self_broadening_prescription"":null,""balmer_self_broadening_truncation_closure"":""stark-core"",""effective_temperature"":15000,""formal_maximum_metal_lines"":null,""formal_minimum_metal_oscillator_strength"":0.0001,""h2_he_cia_path"":null,""include_molecules"":false,""log_hydrogen_to_helium"":-6,""logg"":8,""lyman_profile_source"":""allard"",""maximum_metal_charge"":4,""metal_classical_electron_stark"":false,""metal_line_supplements"":[],""mixing_length_alpha"":1.25,""neutral_broadening"":""unsold"",""photospheric_depth_concentration"":1.0,""quality"":""production"",""structure_opacity_sampling_resolution"":1000.0,""synthesis_transfer_depth_refinement"":4}",models/dab-a5e17be424b3beade06bf974/spectrum.txt,5f90a93c01c329f71af394da4fe37bf5d5b07eb54da353f328ba3953ab4f8395,18901,dab,2226.277593110999,
dab-32a5f9d2ea4f8ceb690f1864,15000,8,-4,production,COMPLETE_NUMERICAL,0a74fdbe06596fc145f5169a3b239ddd67053141,"{""abundances"":null,""allard_minimum_effective_temperature"":9000.0,""atmosphere_solver"":""adaptive-newton"",""balmer_self_broadening_prescription"":null,""balmer_self_broadening_truncation_closure"":""stark-core"",""effective_temperature"":15000,""formal_maximum_metal_lines"":null,""formal_minimum_metal_oscillator_strength"":0.0001,""h2_he_cia_path"":null,""include_molecules"":false,""log_hydrogen_to_helium"":-4,""logg"":8,""lyman_profile_source"":""allard"",""maximum_metal_charge"":4,""metal_classical_electron_stark"":false,""metal_line_supplements"":[],""mixing_length_alpha"":1.25,""neutral_broadening"":""unsold"",""photospheric_depth_concentration"":1.0,""quality"":""production"",""structure_opacity_sampling_resolution"":1000.0,""synthesis_transfer_depth_refinement"":4}",models/dab-32a5f9d2ea4f8ceb690f1864/spectrum.txt,624a81252bda7a328507a7832666b27a58cad2df115b307126a138eb4e40c220,18901,dab,2817.5724512800007,
dab-56dc0120bb012402e4f08e8b,15000,8,-2,production,COMPLETE_NUMERICAL,0a74fdbe06596fc145f5169a3b239ddd67053141,"{""abundances"":null,""allard_minimum_effective_temperature"":9000.0,""atmosphere_solver"":""adaptive-newton"",""balmer_self_broadening_prescription"":null,""balmer_self_broadening_truncation_closure"":""stark-core"",""effective_temperature"":15000,""formal_maximum_metal_lines"":null,""formal_minimum_metal_oscillator_strength"":0.0001,""h2_he_cia_path"":null,""include_molecules"":false,""log_hydrogen_to_helium"":-2,""logg"":8,""lyman_profile_source"":""allard"",""maximum_metal_charge"":4,""metal_classical_electron_stark"":false,""metal_line_supplements"":[],""mixing_length_alpha"":1.25,""neutral_broadening"":""unsold"",""photospheric_depth_concentration"":1.0,""quality"":""production"",""structure_opacity_sampling_resolution"":1000.0,""synthesis_transfer_depth_refinement"":4}",models/dab-56dc0120bb012402e4f08e8b/spectrum.txt,d81d3f820deb76451096af38cc4e093ec7f94936d5056bff0838453f48629882,18901,dab,2185.6115901330013,
dab-c0b3cbdee1bf4ce3388bc739,15000,8,0,production,COMPLETE_NUMERICAL,0a74fdbe06596fc145f5169a3b239ddd67053141,"{""abundances"":null,""allard_minimum_effective_temperature"":9000.0,""atmosphere_solver"":""adaptive-newton"",""balmer_self_broadening_prescription"":null,""balmer_self_broadening_truncation_closure"":""stark-core"",""effective_temperature"":15000,""formal_maximum_metal_lines"":null,""formal_minimum_metal_oscillator_strength"":0.0001,""h2_he_cia_path"":null,""include_molecules"":false,""log_hydrogen_to_helium"":0,""logg"":8,""lyman_profile_source"":""allard"",""maximum_metal_charge"":4,""metal_classical_electron_stark"":false,""metal_line_supplements"":[],""mixing_length_alpha"":1.25,""neutral_broadening"":""unsold"",""photospheric_depth_concentration"":1.0,""quality"":""production"",""structure_opacity_sampling_resolution"":1000.0,""synthesis_transfer_depth_refinement"":4}",models/dab-c0b3cbdee1bf4ce3388bc739/spectrum.txt,d08866bae848d6c9104a59291fe6e868e310472ebf4dfd3443a25c6b69ed3cad,18901,dab,1979.536881205,
dab-8312b1383fa0164b4d5ad91d,15000,8,2,production,COMPLETE_NUMERICAL,0a74fdbe06596fc145f5169a3b239ddd67053141,"{""abundances"":null,""allard_minimum_effective_temperature"":9000.0,""atmosphere_solver"":""adaptive-newton"",""balmer_self_broadening_prescription"":null,""balmer_self_broadening_truncation_closure"":""stark-core"",""effective_temperature"":15000,""formal_maximum_metal_lines"":null,""formal_minimum_metal_oscillator_strength"":0.0001,""h2_he_cia_path"":null,""include_molecules"":false,""log_hydrogen_to_helium"":2,""logg"":8,""lyman_profile_source"":""allard"",""maximum_metal_charge"":4,""metal_classical_electron_stark"":false,""metal_line_supplements"":[],""mixing_length_alpha"":1.25,""neutral_broadening"":""unsold"",""photospheric_depth_concentration"":1.0,""quality"":""production"",""structure_opacity_sampling_resolution"":1000.0,""synthesis_transfer_depth_refinement"":4}",models/dab-8312b1383fa0164b4d5ad91d/spectrum.txt,6a0da31471621f75f1402775f7ce23437c1c22b531a36076efeed6382f63c88e,18901,dab,1897.7627255250009,
dab-987feae0967068120caf8f74,15000,8,4,production,COMPLETE_NUMERICAL,0a74fdbe06596fc145f5169a3b239ddd67053141,"{""abundances"":null,""allard_minimum_effective_temperature"":9000.0,""atmosphere_solver"":""adaptive-newton"",""balmer_self_broadening_prescription"":null,""balmer_self_broadening_truncation_closure"":""stark-core"",""effective_temperature"":15000,""formal_maximum_metal_lines"":null,""formal_minimum_metal_oscillator_strength"":0.0001,""h2_he_cia_path"":null,""include_molecules"":false,""log_hydrogen_to_helium"":4,""logg"":8,""lyman_profile_source"":""allard"",""maximum_metal_charge"":4,""metal_classical_electron_stark"":false,""metal_line_supplements"":[],""mixing_length_alpha"":1.25,""neutral_broadening"":""unsold"",""photospheric_depth_concentration"":1.0,""quality"":""production"",""structure_opacity_sampling_resolution"":1000.0,""synthesis_transfer_depth_refinement"":4}",models/dab-987feae0967068120caf8f74/spectrum.txt,f48aece80b5c5617b8a719daef4fe7cd68eb42b0f506f9c73b612df30343ae65,18901,dab,1492.7099624910006,
dab-155a95497247baec46c62498,15000,8.5,-6,production,COMPLETE_NUMERICAL,0a74fdbe06596fc145f5169a3b239ddd67053141,"{""abundances"":null,""allard_minimum_effective_temperature"":9000.0,""atmosphere_solver"":""adaptive-newton"",""balmer_self_broadening_prescription"":null,""balmer_self_broadening_truncation_closure"":""stark-core"",""effective_temperature"":15000,""formal_maximum_metal_lines"":null,""formal_minimum_metal_oscillator_strength"":0.0001,""h2_he_cia_path"":null,""include_molecules"":false,""log_hydrogen_to_helium"":-6,""logg"":8.5,""lyman_profile_source"":""allard"",""maximum_metal_charge"":4,""metal_classical_electron_stark"":false,""metal_line_supplements"":[],""mixing_length_alpha"":1.25,""neutral_broadening"":""unsold"",""photospheric_depth_concentration"":1.0,""quality"":""production"",""structure_opacity_sampling_resolution"":1000.0,""synthesis_transfer_depth_refinement"":4}",models/dab-155a95497247baec46c62498/spectrum.txt,f9e15ca1689f56d5a9bdb64bed63e38989cbb4bcfdea5f4e1d1c88fde9167df8,18901,dab,2534.377518012001,
dab-b06783f9a8c943bbe5828d4a,15000,8.5,-4,production,COMPLETE_NUMERICAL,0a74fdbe06596fc145f5169a3b239ddd67053141,"{""abundances"":null,""allard_minimum_effective_temperature"":9000.0,""atmosphere_solver"":""adaptive-newton"",""balmer_self_broadening_prescription"":null,""balmer_self_broadening_truncation_closure"":""stark-core"",""effective_temperature"":15000,""formal_maximum_metal_lines"":null,""formal_minimum_metal_oscillator_strength"":0.0001,""h2_he_cia_path"":null,""include_molecules"":false,""log_hydrogen_to_helium"":-4,""logg"":8.5,""lyman_profile_source"":""allard"",""maximum_metal_charge"":4,""metal_classical_electron_stark"":false,""metal_line_supplements"":[],""mixing_length_alpha"":1.25,""neutral_broadening"":""unsold"",""photospheric_depth_concentration"":1.0,""quality"":""production"",""structure_opacity_sampling_resolution"":1000.0,""synthesis_transfer_depth_refinement"":4}",models/dab-b06783f9a8c943bbe5828d4a/spectrum.txt,bc47a096cbbaf95e072c54d92bb134885038c5a78cb29033a459aa75bd7d76f4,18901,dab,3719.751946884,
dab-3eecd8ef3c39ce36b1877e20,15000,8.5,-2,production,COMPLETE_NUMERICAL,0a74fdbe06596fc145f5169a3b239ddd67053141,"{""abundances"":null,""allard_minimum_effective_temperature"":9000.0,""atmosphere_solver"":""adaptive-newton"",""balmer_self_broadening_prescription"":null,""balmer_self_broadening_truncation_closure"":""stark-core"",""effective_temperature"":15000,""formal_maximum_metal_lines"":null,""formal_minimum_metal_oscillator_strength"":0.0001,""h2_he_cia_path"":null,""include_molecules"":false,""log_hydrogen_to_helium"":-2,""logg"":8.5,""lyman_profile_source"":""allard"",""maximum_metal_charge"":4,""metal_classical_electron_stark"":false,""metal_line_supplements"":[],""mixing_length_alpha"":1.25,""neutral_broadening"":""unsold"",""photospheric_depth_concentration"":1.0,""quality"":""production"",""structure_opacity_sampling_resolution"":1000.0,""synthesis_transfer_depth_refinement"":4}",models/dab-3eecd8ef3c39ce36b1877e20/spectrum.txt,ac8323e758a235c22ddca04af761cd0fb18ae005137d688633575b58e876aef2,18901,dab,2276.073720804001,
dab-d5d538ec3f54afa71b68f59b,15000,8.5,0,production,COMPLETE_NUMERICAL,0a74fdbe06596fc145f5169a3b239ddd67053141,"{""abundances"":null,""allard_minimum_effective_temperature"":9000.0,""atmosphere_solver"":""adaptive-newton"",""balmer_self_broadening_prescription"":null,""balmer_self_broadening_truncation_closure"":""stark-core"",""effective_temperature"":15000,""formal_maximum_metal_lines"":null,""formal_minimum_metal_oscillator_strength"":0.0001,""h2_he_cia_path"":null,""include_molecules"":false,""log_hydrogen_to_helium"":0,""logg"":8.5,""lyman_profile_source"":""allard"",""maximum_metal_charge"":4,""metal_classical_electron_stark"":false,""metal_line_supplements"":[],""mixing_length_alpha"":1.25,""neutral_broadening"":""unsold"",""photospheric_depth_concentration"":1.0,""quality"":""production"",""structure_opacity_sampling_resolution"":1000.0,""synthesis_transfer_depth_refinement"":4}",models/dab-d5d538ec3f54afa71b68f59b/spectrum.txt,785dcb6e575d65385467b77839e7d338c0fa9f8d2ff2023089487f149c5117d3,18901,dab,2230.5084903860006,
dab-11706b9f676cc330421f2f7c,15000,8.5,2,production,COMPLETE_NUMERICAL,0a74fdbe06596fc145f5169a3b239ddd67053141,"{""abundances"":null,""allard_minimum_effective_temperature"":9000.0,""atmosphere_solver"":""adaptive-newton"",""balmer_self_broadening_prescription"":null,""balmer_self_broadening_truncation_closure"":""stark-core"",""effective_temperature"":15000,""formal_maximum_metal_lines"":null,""formal_minimum_metal_oscillator_strength"":0.0001,""h2_he_cia_path"":null,""include_molecules"":false,""log_hydrogen_to_helium"":2,""logg"":8.5,""lyman_profile_source"":""allard"",""maximum_metal_charge"":4,""metal_classical_electron_stark"":false,""metal_line_supplements"":[],""mixing_length_alpha"":1.25,""neutral_broadening"":""unsold"",""photospheric_depth_concentration"":1.0,""quality"":""production"",""structure_opacity_sampling_resolution"":1000.0,""synthesis_transfer_depth_refinement"":4}",models/dab-11706b9f676cc330421f2f7c/spectrum.txt,5959f3a8bd687d862ade6a473d36ef83c8cbbecca4bfa7a06990bc36baff8fe5,18901,dab,2393.4292415870004,
dab-a93cafeed138ce5751dea396,15000,8.5,4,production,COMPLETE_NUMERICAL,0a74fdbe06596fc145f5169a3b239ddd67053141,"{""abundances"":null,""allard_minimum_effective_temperature"":9000.0,""atmosphere_solver"":""adaptive-newton"",""balmer_self_broadening_prescription"":null,""balmer_self_broadening_truncation_closure"":""stark-core"",""effective_temperature"":15000,""formal_maximum_metal_lines"":null,""formal_minimum_metal_oscillator_strength"":0.0001,""h2_he_cia_path"":null,""include_molecules"":false,""log_hydrogen_to_helium"":4,""logg"":8.5,""lyman_profile_source"":""allard"",""maximum_metal_charge"":4,""metal_classical_electron_stark"":false,""metal_line_supplements"":[],""mixing_length_alpha"":1.25,""neutral_broadening"":""unsold"",""photospheric_depth_concentration"":1.0,""quality"":""production"",""structure_opacity_sampling_resolution"":1000.0,""synthesis_transfer_depth_refinement"":4}",models/dab-a93cafeed138ce5751dea396/spectrum.txt,271bc0358f30360a4c8f6ce6aec05ef75323b2d88ad07fe192abe2d7d2049f47,18901,dab,2093.8751989519988,
dab-0abd5c43aa764b5a5adcd7be,15000,9,-6,production,COMPLETE_NUMERICAL,0a74fdbe06596fc145f5169a3b239ddd67053141,"{""abundances"":null,""allard_minimum_effective_temperature"":9000.0,""atmosphere_solver"":""adaptive-newton"",""balmer_self_broadening_prescription"":null,""balmer_self_broadening_truncation_closure"":""stark-core"",""effective_temperature"":15000,""formal_maximum_metal_lines"":null,""formal_minimum_metal_oscillator_strength"":0.0001,""h2_he_cia_path"":null,""include_molecules"":false,""log_hydrogen_to_helium"":-6,""logg"":9,""lyman_profile_source"":""allard"",""maximum_metal_charge"":4,""metal_classical_electron_stark"":false,""metal_line_supplements"":[],""mixing_length_alpha"":1.25,""neutral_broadening"":""unsold"",""photospheric_depth_concentration"":1.0,""quality"":""production"",""structure_opacity_sampling_resolution"":1000.0,""synthesis_transfer_depth_refinement"":4}",models/dab-0abd5c43aa764b5a5adcd7be/spectrum.txt,a964e119efeeab5880711ef80aa33bb2dd7ce9fc63360de73dba3e232b239b93,18901,dab,2797.879337721999,
dab-9071b77d603955cb854cc01c,15000,9,-4,production,COMPLETE_NUMERICAL,0a74fdbe06596fc145f5169a3b239ddd67053141,"{""abundances"":null,""allard_minimum_effective_temperature"":9000.0,""atmosphere_solver"":""adaptive-newton"",""balmer_self_broadening_prescription"":null,""balmer_self_broadening_truncation_closure"":""stark-core"",""effective_temperature"":15000,""formal_maximum_metal_lines"":null,""formal_minimum_metal_oscillator_strength"":0.0001,""h2_he_cia_path"":null,""include_molecules"":false,""log_hydrogen_to_helium"":-4,""logg"":9,""lyman_profile_source"":""allard"",""maximum_metal_charge"":4,""metal_classical_electron_stark"":false,""metal_line_supplements"":[],""mixing_length_alpha"":1.25,""neutral_broadening"":""unsold"",""photospheric_depth_concentration"":1.0,""quality"":""production"",""structure_opacity_sampling_resolution"":1000.0,""synthesis_transfer_depth_refinement"":4}",models/dab-9071b77d603955cb854cc01c/spectrum.txt,acca6c73c55bb059561a26d83a2afae2c47f023819d26ddf7b32e4f6b4efc41c,18901,dab,3492.4214438319996,
dab-2b4cb4e81c08344f78a5f268,15000,9,-2,production,COMPLETE_NUMERICAL,0a74fdbe06596fc145f5169a3b239ddd67053141,"{""abundances"":null,""allard_minimum_effective_temperature"":9000.0,""atmosphere_solver"":""adaptive-newton"",""balmer_self_broadening_prescription"":null,""balmer_self_broadening_truncation_closure"":""stark-core"",""effective_temperature"":15000,""formal_maximum_metal_lines"":null,""formal_minimum_metal_oscillator_strength"":0.0001,""h2_he_cia_path"":null,""include_molecules"":false,""log_hydrogen_to_helium"":-2,""logg"":9,""lyman_profile_source"":""allard"",""maximum_metal_charge"":4,""metal_classical_electron_stark"":false,""metal_line_supplements"":[],""mixing_length_alpha"":1.25,""neutral_broadening"":""unsold"",""photospheric_depth_concentration"":1.0,""quality"":""production"",""structure_opacity_sampling_resolution"":1000.0,""synthesis_transfer_depth_refinement"":4}",models/dab-2b4cb4e81c08344f78a5f268/spectrum.txt,38db46743cfe27cabe6e1311a52167ee120b8730f015a3fff315a37efc34685a,18901,dab,2220.218229921,
dab-a8967b46929de655dfaa1490,15000,9,0,production,COMPLETE_NUMERICAL,0a74fdbe06596fc145f5169a3b239ddd67053141,"{""abundances"":null,""allard_minimum_effective_temperature"":9000.0,""atmosphere_solver"":""adaptive-newton"",""balmer_self_broadening_prescription"":null,""balmer_self_broadening_truncation_closure"":""stark-core"",""effective_temperature"":15000,""formal_maximum_metal_lines"":null,""formal_minimum_metal_oscillator_strength"":0.0001,""h2_he_cia_path"":null,""include_molecules"":false,""log_hydrogen_to_helium"":0,""logg"":9,""lyman_profile_source"":""allard"",""maximum_metal_charge"":4,""metal_classical_electron_stark"":false,""metal_line_supplements"":[],""mixing_length_alpha"":1.25,""neutral_broadening"":""unsold"",""photospheric_depth_concentration"":1.0,""quality"":""production"",""structure_opacity_sampling_resolution"":1000.0,""synthesis_transfer_depth_refinement"":4}",models/dab-a8967b46929de655dfaa1490/spectrum.txt,9deffb9c6e2cdc3242571d1a66bcba8dd2fb2d3700b2c2febb2361f16360d611,18901,dab,2261.9385331169997,
dab-82a80aa807bf79186a5440ba,15000,9,2,production,COMPLETE_NUMERICAL,0a74fdbe06596fc145f5169a3b239ddd67053141,"{""abundances"":null,""allard_minimum_effective_temperature"":9000.0,""atmosphere_solver"":""adaptive-newton"",""balmer_self_broadening_prescription"":null,""balmer_self_broadening_truncation_closure"":""stark-core"",""effective_temperature"":15000,""formal_maximum_metal_lines"":null,""formal_minimum_metal_oscillator_strength"":0.0001,""h2_he_cia_path"":null,""include_molecules"":false,""log_hydrogen_to_helium"":2,""logg"":9,""lyman_profile_source"":""allard"",""maximum_metal_charge"":4,""metal_classical_electron_stark"":false,""metal_line_supplements"":[],""mixing_length_alpha"":1.25,""neutral_broadening"":""unsold"",""photospheric_depth_concentration"":1.0,""quality"":""production"",""structure_opacity_sampling_resolution"":1000.0,""synthesis_transfer_depth_refinement"":4}",models/dab-82a80aa807bf79186a5440ba/spectrum.txt,94321d4aaa1f6921329998b26b86a5f5614b544db4d3b0c2174fd38fb31cda6a,18901,dab,3065.583582972,
dab-98c3255180e755fff16a57cb,15000,9,4,production,COMPLETE_NUMERICAL,0a74fdbe06596fc145f5169a3b239ddd67053141,"{""abundances"":null,""allard_minimum_effective_temperature"":9000.0,""atmosphere_solver"":""adaptive-newton"",""balmer_self_broadening_prescription"":null,""balmer_self_broadening_truncation_closure"":""stark-core"",""effective_temperature"":15000,""formal_maximum_metal_lines"":null,""formal_minimum_metal_oscillator_strength"":0.0001,""h2_he_cia_path"":null,""include_molecules"":false,""log_hydrogen_to_helium"":4,""logg"":9,""lyman_profile_source"":""allard"",""maximum_metal_charge"":4,""metal_classical_electron_stark"":false,""metal_line_supplements"":[],""mixing_length_alpha"":1.25,""neutral_broadening"":""unsold"",""photospheric_depth_concentration"":1.0,""quality"":""production"",""structure_opacity_sampling_resolution"":1000.0,""synthesis_transfer_depth_refinement"":4}",models/dab-98c3255180e755fff16a57cb/spectrum.txt,5c6a3894e7571d61d2087b394b316fe0a97297150a367514fc1d4f0a41d14df5,18901,dab,3026.3454341179986,
dab-1002663bfa67d5df21322abf,15000,9.5,-6,production,COMPLETE_NUMERICAL,0a74fdbe06596fc145f5169a3b239ddd67053141,"{""abundances"":null,""allard_minimum_effective_temperature"":9000.0,""atmosphere_solver"":""adaptive-newton"",""balmer_self_broadening_prescription"":null,""balmer_self_broadening_truncation_closure"":""stark-core"",""effective_temperature"":15000,""formal_maximum_metal_lines"":null,""formal_minimum_metal_oscillator_strength"":0.0001,""h2_he_cia_path"":null,""include_molecules"":false,""log_hydrogen_to_helium"":-6,""logg"":9.5,""lyman_profile_source"":""allard"",""maximum_metal_charge"":4,""metal_classical_electron_stark"":false,""metal_line_supplements"":[],""mixing_length_alpha"":1.25,""neutral_broadening"":""unsold"",""photospheric_depth_concentration"":1.0,""quality"":""production"",""structure_opacity_sampling_resolution"":1000.0,""synthesis_transfer_depth_refinement"":4}",models/dab-1002663bfa67d5df21322abf/spectrum.txt,aa2c96b122af8cf9db36239c5abba7fc808c9fd13d735eec1932752760472bb6,18901,dab,2728.7566790190012,
dab-54ad4ea736b316f5ad4405bc,15000,9.5,-4,production,COMPLETE_NUMERICAL,0a74fdbe06596fc145f5169a3b239ddd67053141,"{""abundances"":null,""allard_minimum_effective_temperature"":9000.0,""atmosphere_solver"":""adaptive-newton"",""balmer_self_broadening_prescription"":null,""balmer_self_broadening_truncation_closure"":""stark-core"",""effective_temperature"":15000,""formal_maximum_metal_lines"":null,""formal_minimum_metal_oscillator_strength"":0.0001,""h2_he_cia_path"":null,""include_molecules"":false,""log_hydrogen_to_helium"":-4,""logg"":9.5,""lyman_profile_source"":""allard"",""maximum_metal_charge"":4,""metal_classical_electron_stark"":false,""metal_line_supplements"":[],""mixing_length_alpha"":1.25,""neutral_broadening"":""unsold"",""photospheric_depth_concentration"":1.0,""quality"":""production"",""structure_opacity_sampling_resolution"":1000.0,""synthesis_transfer_depth_refinement"":4}",models/dab-54ad4ea736b316f5ad4405bc/spectrum.txt,5b65af0ab8ba5f5b146b978ddaf82491c8c65e6645510f1cec5e61ec5820391f,18901,dab,3755.174859771001,
dab-4ab8b4dcc30891c3cb9a2c44,15000,9.5,-2,production,COMPLETE_NUMERICAL,0a74fdbe06596fc145f5169a3b239ddd67053141,"{""abundances"":null,""allard_minimum_effective_temperature"":9000.0,""atmosphere_solver"":""adaptive-newton"",""balmer_self_broadening_prescription"":null,""balmer_self_broadening_truncation_closure"":""stark-core"",""effective_temperature"":15000,""formal_maximum_metal_lines"":null,""formal_minimum_metal_oscillator_strength"":0.0001,""h2_he_cia_path"":null,""include_molecules"":false,""log_hydrogen_to_helium"":-2,""logg"":9.5,""lyman_profile_source"":""allard"",""maximum_metal_charge"":4,""metal_classical_electron_stark"":false,""metal_line_supplements"":[],""mixing_length_alpha"":1.25,""neutral_broadening"":""unsold"",""photospheric_depth_concentration"":1.0,""quality"":""production"",""structure_opacity_sampling_resolution"":1000.0,""synthesis_transfer_depth_refinement"":4}",models/dab-4ab8b4dcc30891c3cb9a2c44/spectrum.txt,2fbdd9a6ec6e72ff1a154d24bbf171c9749d5bacb43b634d7ffd922f9a65a314,18901,dab,2248.4762839140003,
dab-8ea7694d18e2b0f6d16d3a37,15000,9.5,0,production,COMPLETE_NUMERICAL,0a74fdbe06596fc145f5169a3b239ddd67053141,"{""abundances"":null,""allard_minimum_effective_temperature"":9000.0,""atmosphere_solver"":""adaptive-newton"",""balmer_self_broadening_prescription"":null,""balmer_self_broadening_truncation_closure"":""stark-core"",""effective_temperature"":15000,""formal_maximum_metal_lines"":null,""formal_minimum_metal_oscillator_strength"":0.0001,""h2_he_cia_path"":null,""include_molecules"":false,""log_hydrogen_to_helium"":0,""logg"":9.5,""lyman_profile_source"":""allard"",""maximum_metal_charge"":4,""metal_classical_electron_stark"":false,""metal_line_supplements"":[],""mixing_length_alpha"":1.25,""neutral_broadening"":""unsold"",""photospheric_depth_concentration"":1.0,""quality"":""production"",""structure_opacity_sampling_resolution"":1000.0,""synthesis_transfer_depth_refinement"":4}",models/dab-8ea7694d18e2b0f6d16d3a37/spectrum.txt,90574ba7856c107b64b076fb4422d0eed34fb8ea70d60f3dbbf434ea6d429acc,18901,dab,4025.688347699999,
dab-ab6b925dd267eb6f8d82aa2f,15000,9.5,2,production,COMPLETE_NUMERICAL,0a74fdbe06596fc145f5169a3b239ddd67053141,"{""abundances"":null,""allard_minimum_effective_temperature"":9000.0,""atmosphere_solver"":""adaptive-newton"",""balmer_self_broadening_prescription"":null,""balmer_self_broadening_truncation_closure"":""stark-core"",""effective_temperature"":15000,""formal_maximum_metal_lines"":null,""formal_minimum_metal_oscillator_strength"":0.0001,""h2_he_cia_path"":null,""include_molecules"":false,""log_hydrogen_to_helium"":2,""logg"":9.5,""lyman_profile_source"":""allard"",""maximum_metal_charge"":4,""metal_classical_electron_stark"":false,""metal_line_supplements"":[],""mixing_length_alpha"":1.25,""neutral_broadening"":""unsold"",""photospheric_depth_concentration"":1.0,""quality"":""production"",""structure_opacity_sampling_resolution"":1000.0,""synthesis_transfer_depth_refinement"":4}",models/dab-ab6b925dd267eb6f8d82aa2f/spectrum.txt,102a76efbda272578189a9c7625a76ff2251f94789dccdcecae8aa83c595fb20,18901,dab,2794.272841749,
dab-cad411b2919fa30325e01d34,15000,9.5,4,production,COMPLETE_NUMERICAL,0a74fdbe06596fc145f5169a3b239ddd67053141,"{""abundances"":null,""allard_minimum_effective_temperature"":9000.0,""atmosphere_solver"":""adaptive-newton"",""balmer_self_broadening_prescription"":null,""balmer_self_broadening_truncation_closure"":""stark-core"",""effective_temperature"":15000,""formal_maximum_metal_lines"":null,""formal_minimum_metal_oscillator_strength"":0.0001,""h2_he_cia_path"":null,""include_molecules"":false,""log_hydrogen_to_helium"":4,""logg"":9.5,""lyman_profile_source"":""allard"",""maximum_metal_charge"":4,""metal_classical_electron_stark"":false,""metal_line_supplements"":[],""mixing_length_alpha"":1.25,""neutral_broadening"":""unsold"",""photospheric_depth_concentration"":1.0,""quality"":""production"",""structure_opacity_sampling_resolution"":1000.0,""synthesis_transfer_depth_refinement"":4}",models/dab-cad411b2919fa30325e01d34/spectrum.txt,d2783bcd4aa516df677b0ab38476f0dc2d1b41d94824b6efa6f635925e79f146,18901,dab,2885.9014698019982,
dab-0c420b0f9c5e5a1f7df04fbe,20000,6,-6,production,COMPLETE_NUMERICAL,0a74fdbe06596fc145f5169a3b239ddd67053141,"{""abundances"":null,""allard_minimum_effective_temperature"":9000.0,""atmosphere_solver"":""adaptive-newton"",""balmer_self_broadening_prescription"":null,""balmer_self_broadening_truncation_closure"":""stark-core"",""effective_temperature"":20000,""formal_maximum_metal_lines"":null,""formal_minimum_metal_oscillator_strength"":0.0001,""h2_he_cia_path"":null,""include_molecules"":false,""log_hydrogen_to_helium"":-6,""logg"":6,""lyman_profile_source"":""allard"",""maximum_metal_charge"":4,""metal_classical_electron_stark"":false,""metal_line_supplements"":[],""mixing_length_alpha"":1.25,""neutral_broadening"":""unsold"",""photospheric_depth_concentration"":1.0,""quality"":""production"",""structure_opacity_sampling_resolution"":1000.0,""synthesis_transfer_depth_refinement"":4}",models/dab-0c420b0f9c5e5a1f7df04fbe/spectrum.txt,af3fbae9b0b4d98abfad1a9e12965e3781971dbd510ff3053d5448ad574d9230,18901,dab,3023.0877749240008,
dab-ecc7bc1f4eb540cc6648eb59,20000,6,-4,production,COMPLETE_NUMERICAL,0a74fdbe06596fc145f5169a3b239ddd67053141,"{""abundances"":null,""allard_minimum_effective_temperature"":9000.0,""atmosphere_solver"":""adaptive-newton"",""balmer_self_broadening_prescription"":null,""balmer_self_broadening_truncation_closure"":""stark-core"",""effective_temperature"":20000,""formal_maximum_metal_lines"":null,""formal_minimum_metal_oscillator_strength"":0.0001,""h2_he_cia_path"":null,""include_molecules"":false,""log_hydrogen_to_helium"":-4,""logg"":6,""lyman_profile_source"":""allard"",""maximum_metal_charge"":4,""metal_classical_electron_stark"":false,""metal_line_supplements"":[],""mixing_length_alpha"":1.25,""neutral_broadening"":""unsold"",""photospheric_depth_concentration"":1.0,""quality"":""production"",""structure_opacity_sampling_resolution"":1000.0,""synthesis_transfer_depth_refinement"":4}",models/dab-ecc7bc1f4eb540cc6648eb59/spectrum.txt,5ac898e0c9a48189f2d35d0ac8129c6eeeacf9195f47997c67677e14e2c5a56c,18901,dab,1669.9812983579995,
dab-a33d1de1e611bd41b01cb2fb,20000,6,-2,production,COMPLETE_NUMERICAL,0a74fdbe06596fc145f5169a3b239ddd67053141,"{""abundances"":null,""allard_minimum_effective_temperature"":9000.0,""atmosphere_solver"":""adaptive-newton"",""balmer_self_broadening_prescription"":null,""balmer_self_broadening_truncation_closure"":""stark-core"",""effective_temperature"":20000,""formal_maximum_metal_lines"":null,""formal_minimum_metal_oscillator_strength"":0.0001,""h2_he_cia_path"":null,""include_molecules"":false,""log_hydrogen_to_helium"":-2,""logg"":6,""lyman_profile_source"":""allard"",""maximum_metal_charge"":4,""metal_classical_electron_stark"":false,""metal_line_supplements"":[],""mixing_length_alpha"":1.25,""neutral_broadening"":""unsold"",""photospheric_depth_concentration"":1.0,""quality"":""production"",""structure_opacity_sampling_resolution"":1000.0,""synthesis_transfer_depth_refinement"":4}",models/dab-a33d1de1e611bd41b01cb2fb/spectrum.txt,055eb23a59bb3bb0160e164b7829ccfcba5dd897c47fc958e385d84e2a35cf24,18901,dab,1750.9761419179995,
dab-9189d4e40b57231c185b980c,20000,6,0,production,COMPLETE_NUMERICAL,0a74fdbe06596fc145f5169a3b239ddd67053141,"{""abundances"":null,""allard_minimum_effective_temperature"":9000.0,""atmosphere_solver"":""adaptive-newton"",""balmer_self_broadening_prescription"":null,""balmer_self_broadening_truncation_closure"":""stark-core"",""effective_temperature"":20000,""formal_maximum_metal_lines"":null,""formal_minimum_metal_oscillator_strength"":0.0001,""h2_he_cia_path"":null,""include_molecules"":false,""log_hydrogen_to_helium"":0,""logg"":6,""lyman_profile_source"":""allard"",""maximum_metal_charge"":4,""metal_classical_electron_stark"":false,""metal_line_supplements"":[],""mixing_length_alpha"":1.25,""neutral_broadening"":""unsold"",""photospheric_depth_concentration"":1.0,""quality"":""production"",""structure_opacity_sampling_resolution"":1000.0,""synthesis_transfer_depth_refinement"":4}",models/dab-9189d4e40b57231c185b980c/spectrum.txt,38d7232c83fd0ccfa096c98c45573622e5345bd63aa4bf86d6e47e25c8c10ca0,18901,dab,5096.550141047001,
dab-d42159edbb55d471c96be3a0,20000,6,2,production,COMPLETE_NUMERICAL,0a74fdbe06596fc145f5169a3b239ddd67053141,"{""abundances"":null,""allard_minimum_effective_temperature"":9000.0,""atmosphere_solver"":""adaptive-newton"",""balmer_self_broadening_prescription"":null,""balmer_self_broadening_truncation_closure"":""stark-core"",""effective_temperature"":20000,""formal_maximum_metal_lines"":null,""formal_minimum_metal_oscillator_strength"":0.0001,""h2_he_cia_path"":null,""include_molecules"":false,""log_hydrogen_to_helium"":2,""logg"":6,""lyman_profile_source"":""allard"",""maximum_metal_charge"":4,""metal_classical_electron_stark"":false,""metal_line_supplements"":[],""mixing_length_alpha"":1.25,""neutral_broadening"":""unsold"",""photospheric_depth_concentration"":1.0,""quality"":""production"",""structure_opacity_sampling_resolution"":1000.0,""synthesis_transfer_depth_refinement"":4}",models/dab-d42159edbb55d471c96be3a0/spectrum.txt,b0afe05b08b8d63f74b50cc07358876700492e1187b9aabf1cc64155c7ff428f,18901,dab,1548.126330510946,
dab-8206eca096577679f7b25708,20000,6,4,production,COMPLETE_NUMERICAL,0a74fdbe06596fc145f5169a3b239ddd67053141,"{""abundances"":null,""allard_minimum_effective_temperature"":9000.0,""atmosphere_solver"":""adaptive-newton"",""balmer_self_broadening_prescription"":null,""balmer_self_broadening_truncation_closure"":""stark-core"",""effective_temperature"":20000,""formal_maximum_metal_lines"":null,""formal_minimum_metal_oscillator_strength"":0.0001,""h2_he_cia_path"":null,""include_molecules"":false,""log_hydrogen_to_helium"":4,""logg"":6,""lyman_profile_source"":""allard"",""maximum_metal_charge"":4,""metal_classical_electron_stark"":false,""metal_line_supplements"":[],""mixing_length_alpha"":1.25,""neutral_broadening"":""unsold"",""photospheric_depth_concentration"":1.0,""quality"":""production"",""structure_opacity_sampling_resolution"":1000.0,""synthesis_transfer_depth_refinement"":4}",models/dab-8206eca096577679f7b25708/spectrum.txt,d4c8f4510e8f528d571492608a9b3ecfd22600f080b52af3376aee7e69804ea7,18901,dab,1634.3078223960474,
dab-f079bda8b2505f9678bfd805,20000,6.5,-6,production,COMPLETE_NUMERICAL,0a74fdbe06596fc145f5169a3b239ddd67053141,"{""abundances"":null,""allard_minimum_effective_temperature"":9000.0,""atmosphere_solver"":""adaptive-newton"",""balmer_self_broadening_prescription"":null,""balmer_self_broadening_truncation_closure"":""stark-core"",""effective_temperature"":20000,""formal_maximum_metal_lines"":null,""formal_minimum_metal_oscillator_strength"":0.0001,""h2_he_cia_path"":null,""include_molecules"":false,""log_hydrogen_to_helium"":-6,""logg"":6.5,""lyman_profile_source"":""allard"",""maximum_metal_charge"":4,""metal_classical_electron_stark"":false,""metal_line_supplements"":[],""mixing_length_alpha"":1.25,""neutral_broadening"":""unsold"",""photospheric_depth_concentration"":1.0,""quality"":""production"",""structure_opacity_sampling_resolution"":1000.0,""synthesis_transfer_depth_refinement"":4}",models/dab-f079bda8b2505f9678bfd805/spectrum.txt,08a743f55d9a3b0172f6ecf3c1ca06aa4b3f0934bc2bfaccd756fe13ebea5852,18901,dab,3037.9843168619554,
dab-11689a362eda7db0f28036c3,20000,6.5,-4,production,COMPLETE_NUMERICAL,0a74fdbe06596fc145f5169a3b239ddd67053141,"{""abundances"":null,""allard_minimum_effective_temperature"":9000.0,""atmosphere_solver"":""adaptive-newton"",""balmer_self_broadening_prescription"":null,""balmer_self_broadening_truncation_closure"":""stark-core"",""effective_temperature"":20000,""formal_maximum_metal_lines"":null,""formal_minimum_metal_oscillator_strength"":0.0001,""h2_he_cia_path"":null,""include_molecules"":false,""log_hydrogen_to_helium"":-4,""logg"":6.5,""lyman_profile_source"":""allard"",""maximum_metal_charge"":4,""metal_classical_electron_stark"":false,""metal_line_supplements"":[],""mixing_length_alpha"":1.25,""neutral_broadening"":""unsold"",""photospheric_depth_concentration"":1.0,""quality"":""production"",""structure_opacity_sampling_resolution"":1000.0,""synthesis_transfer_depth_refinement"":4}",models/dab-11689a362eda7db0f28036c3/spectrum.txt,e2e710be5c850d74567e863e8fef47a4895e8b499fa9ae42a46a2edd9db41b7a,18901,dab,2300.6393147490453,
dab-be07c8b2a0bfae7b558b1837,20000,6.5,-2,production,COMPLETE_NUMERICAL,0a74fdbe06596fc145f5169a3b239ddd67053141,"{""abundances"":null,""allard_minimum_effective_temperature"":9000.0,""atmosphere_solver"":""adaptive-newton"",""balmer_self_broadening_prescription"":null,""balmer_self_broadening_truncation_closure"":""stark-core"",""effective_temperature"":20000,""formal_maximum_metal_lines"":null,""formal_minimum_metal_oscillator_strength"":0.0001,""h2_he_cia_path"":null,""include_molecules"":false,""log_hydrogen_to_helium"":-2,""logg"":6.5,""lyman_profile_source"":""allard"",""maximum_metal_charge"":4,""metal_classical_electron_stark"":false,""metal_line_supplements"":[],""mixing_length_alpha"":1.25,""neutral_broadening"":""unsold"",""photospheric_depth_concentration"":1.0,""quality"":""production"",""structure_opacity_sampling_resolution"":1000.0,""synthesis_transfer_depth_refinement"":4}",models/dab-be07c8b2a0bfae7b558b1837/spectrum.txt,d8abe4ebc7f8f4849105114312a4b77499a2b8aad9b40b2d828fcbb9641cb23c,18901,dab,2383.866618984146,
dab-db0dd37a4a8068b84c2a6afc,20000,6.5,0,production,COMPLETE_NUMERICAL,0a74fdbe06596fc145f5169a3b239ddd67053141,"{""abundances"":null,""allard_minimum_effective_temperature"":9000.0,""atmosphere_solver"":""adaptive-newton"",""balmer_self_broadening_prescription"":null,""balmer_self_broadening_truncation_closure"":""stark-core"",""effective_temperature"":20000,""formal_maximum_metal_lines"":null,""formal_minimum_metal_oscillator_strength"":0.0001,""h2_he_cia_path"":null,""include_molecules"":false,""log_hydrogen_to_helium"":0,""logg"":6.5,""lyman_profile_source"":""allard"",""maximum_metal_charge"":4,""metal_classical_electron_stark"":false,""metal_line_supplements"":[],""mixing_length_alpha"":1.25,""neutral_broadening"":""unsold"",""photospheric_depth_concentration"":1.0,""quality"":""production"",""structure_opacity_sampling_resolution"":1000.0,""synthesis_transfer_depth_refinement"":4}",models/dab-db0dd37a4a8068b84c2a6afc/spectrum.txt,3979871aa980e829b0d669d57db34e6e12fa463e97f1fe8b3cf11b898c6e3321,18901,dab,2429.948383812094,
dab-f1d9b5a00ddddbfc8df9b533,20000,6.5,2,production,COMPLETE_NUMERICAL,0a74fdbe06596fc145f5169a3b239ddd67053141,"{""abundances"":null,""allard_minimum_effective_temperature"":9000.0,""atmosphere_solver"":""adaptive-newton"",""balmer_self_broadening_prescription"":null,""balmer_self_broadening_truncation_closure"":""stark-core"",""effective_temperature"":20000,""formal_maximum_metal_lines"":null,""formal_minimum_metal_oscillator_strength"":0.0001,""h2_he_cia_path"":null,""include_molecules"":false,""log_hydrogen_to_helium"":2,""logg"":6.5,""lyman_profile_source"":""allard"",""maximum_metal_charge"":4,""metal_classical_electron_stark"":false,""metal_line_supplements"":[],""mixing_length_alpha"":1.25,""neutral_broadening"":""unsold"",""photospheric_depth_concentration"":1.0,""quality"":""production"",""structure_opacity_sampling_resolution"":1000.0,""synthesis_transfer_depth_refinement"":4}",models/dab-f1d9b5a00ddddbfc8df9b533/spectrum.txt,bbfa91a11863bf6b4587f52075545b2f5d2576c20f0fe6329388fd06c670b47c,18901,dab,1401.5647049739491,
dab-887fca23ac35f3d56160bf40,20000,6.5,4,production,COMPLETE_NUMERICAL,0a74fdbe06596fc145f5169a3b239ddd67053141,"{""abundances"":null,""allard_minimum_effective_temperature"":9000.0,""atmosphere_solver"":""adaptive-newton"",""balmer_self_broadening_prescription"":null,""balmer_self_broadening_truncation_closure"":""stark-core"",""effective_temperature"":20000,""formal_maximum_metal_lines"":null,""formal_minimum_metal_oscillator_strength"":0.0001,""h2_he_cia_path"":null,""include_molecules"":false,""log_hydrogen_to_helium"":4,""logg"":6.5,""lyman_profile_source"":""allard"",""maximum_metal_charge"":4,""metal_classical_electron_stark"":false,""metal_line_supplements"":[],""mixing_length_alpha"":1.25,""neutral_broadening"":""unsold"",""photospheric_depth_concentration"":1.0,""quality"":""production"",""structure_opacity_sampling_resolution"":1000.0,""synthesis_transfer_depth_refinement"":4}",models/dab-887fca23ac35f3d56160bf40/spectrum.txt,689f5d078559f90d51c8d2ffa2ea45add5d5a4d15d52bf673facda82ca517331,18901,dab,1542.996522438014,
dab-d4006a600d5dbdf8c8ef98c4,20000,7,-6,production,COMPLETE_NUMERICAL,0a74fdbe06596fc145f5169a3b239ddd67053141,"{""abundances"":null,""allard_minimum_effective_temperature"":9000.0,""atmosphere_solver"":""adaptive-newton"",""balmer_self_broadening_prescription"":null,""balmer_self_broadening_truncation_closure"":""stark-core"",""effective_temperature"":20000,""formal_maximum_metal_lines"":null,""formal_minimum_metal_oscillator_strength"":0.0001,""h2_he_cia_path"":null,""include_molecules"":false,""log_hydrogen_to_helium"":-6,""logg"":7,""lyman_profile_source"":""allard"",""maximum_metal_charge"":4,""metal_classical_electron_stark"":false,""metal_line_supplements"":[],""mixing_length_alpha"":1.25,""neutral_broadening"":""unsold"",""photospheric_depth_concentration"":1.0,""quality"":""production"",""structure_opacity_sampling_resolution"":1000.0,""synthesis_transfer_depth_refinement"":4}",models/dab-d4006a600d5dbdf8c8ef98c4/spectrum.txt,7b1f83acaa4913a8a0169cc6caf2b9ad76f9aa3185199a98a48d16eb7fe25f46,18901,dab,2830.49848281499,
dab-2f7f889d4ff6984816030a54,20000,7,-4,production,COMPLETE_NUMERICAL,0a74fdbe06596fc145f5169a3b239ddd67053141,"{""abundances"":null,""allard_minimum_effective_temperature"":9000.0,""atmosphere_solver"":""adaptive-newton"",""balmer_self_broadening_prescription"":null,""balmer_self_broadening_truncation_closure"":""stark-core"",""effective_temperature"":20000,""formal_maximum_metal_lines"":null,""formal_minimum_metal_oscillator_strength"":0.0001,""h2_he_cia_path"":null,""include_molecules"":false,""log_hydrogen_to_helium"":-4,""logg"":7,""lyman_profile_source"":""allard"",""maximum_metal_charge"":4,""metal_classical_electron_stark"":false,""metal_line_supplements"":[],""mixing_length_alpha"":1.25,""neutral_broadening"":""unsold"",""photospheric_depth_concentration"":1.0,""quality"":""production"",""structure_opacity_sampling_resolution"":1000.0,""synthesis_transfer_depth_refinement"":4}",models/dab-2f7f889d4ff6984816030a54/spectrum.txt,ff127380326a02fff5499001f65b612ffcd8a41b8e4ba3bd86f46ee6cf4b9529,18901,dab,2530.1962470249273,
dab-543d1834a2720f1492ab307f,20000,7,0,production,COMPLETE_NUMERICAL,0a74fdbe06596fc145f5169a3b239ddd67053141,"{""abundances"":null,""allard_minimum_effective_temperature"":9000.0,""atmosphere_solver"":""adaptive-newton"",""balmer_self_broadening_prescription"":null,""balmer_self_broadening_truncation_closure"":""stark-core"",""effective_temperature"":20000,""formal_maximum_metal_lines"":null,""formal_minimum_metal_oscillator_strength"":0.0001,""h2_he_cia_path"":null,""include_molecules"":false,""log_hydrogen_to_helium"":0,""logg"":7,""lyman_profile_source"":""allard"",""maximum_metal_charge"":4,""metal_classical_electron_stark"":false,""metal_line_supplements"":[],""mixing_length_alpha"":1.25,""neutral_broadening"":""unsold"",""photospheric_depth_concentration"":1.0,""quality"":""production"",""structure_opacity_sampling_resolution"":1000.0,""synthesis_transfer_depth_refinement"":4}",models/dab-543d1834a2720f1492ab307f/spectrum.txt,867c3253a36a0da009cff233f46abbf0decc731b73c4c6480c1a6cdcf01d510b,18901,dab,2552.0140722328797,
dab-db69097f6d8c9c7a42d2ee34,20000,7,2,production,COMPLETE_NUMERICAL,0a74fdbe06596fc145f5169a3b239ddd67053141,"{""abundances"":null,""allard_minimum_effective_temperature"":9000.0,""atmosphere_solver"":""adaptive-newton"",""balmer_self_broadening_prescription"":null,""balmer_self_broadening_truncation_closure"":""stark-core"",""effective_temperature"":20000,""formal_maximum_metal_lines"":null,""formal_minimum_metal_oscillator_strength"":0.0001,""h2_he_cia_path"":null,""include_molecules"":false,""log_hydrogen_to_helium"":2,""logg"":7,""lyman_profile_source"":""allard"",""maximum_metal_charge"":4,""metal_classical_electron_stark"":false,""metal_line_supplements"":[],""mixing_length_alpha"":1.25,""neutral_broadening"":""unsold"",""photospheric_depth_concentration"":1.0,""quality"":""production"",""structure_opacity_sampling_resolution"":1000.0,""synthesis_transfer_depth_refinement"":4}",models/dab-db69097f6d8c9c7a42d2ee34/spectrum.txt,a831de577012e8221aad476838534d5dcc94104d130eee22d6cafc3c00474b73,18901,dab,1393.6292606289499,
dab-c4df4dd88cd858e4825c9a3f,20000,7,4,production,COMPLETE_NUMERICAL,0a74fdbe06596fc145f5169a3b239ddd67053141,"{""abundances"":null,""allard_minimum_effective_temperature"":9000.0,""atmosphere_solver"":""adaptive-newton"",""balmer_self_broadening_prescription"":null,""balmer_self_broadening_truncation_closure"":""stark-core"",""effective_temperature"":20000,""formal_maximum_metal_lines"":null,""formal_minimum_metal_oscillator_strength"":0.0001,""h2_he_cia_path"":null,""include_molecules"":false,""log_hydrogen_to_helium"":4,""logg"":7,""lyman_profile_source"":""allard"",""maximum_metal_charge"":4,""metal_classical_electron_stark"":false,""metal_line_supplements"":[],""mixing_length_alpha"":1.25,""neutral_broadening"":""unsold"",""photospheric_depth_concentration"":1.0,""quality"":""production"",""structure_opacity_sampling_resolution"":1000.0,""synthesis_transfer_depth_refinement"":4}",models/dab-c4df4dd88cd858e4825c9a3f/spectrum.txt,5601387b97df16a69883c44b3bb30866e00e6b102719d6a99c9e5a4ec18d2732,18901,dab,1496.4471274199896,
dab-6af1fb60295b61f7b328c01e,20000,7.5,-6,production,COMPLETE_NUMERICAL,0a74fdbe06596fc145f5169a3b239ddd67053141,"{""abundances"":null,""allard_minimum_effective_temperature"":9000.0,""atmosphere_solver"":""adaptive-newton"",""balmer_self_broadening_prescription"":null,""balmer_self_broadening_truncation_closure"":""stark-core"",""effective_temperature"":20000,""formal_maximum_metal_lines"":null,""formal_minimum_metal_oscillator_strength"":0.0001,""h2_he_cia_path"":null,""include_molecules"":false,""log_hydrogen_to_helium"":-6,""logg"":7.5,""lyman_profile_source"":""allard"",""maximum_metal_charge"":4,""metal_classical_electron_stark"":false,""metal_line_supplements"":[],""mixing_length_alpha"":1.25,""neutral_broadening"":""unsold"",""photospheric_depth_concentration"":1.0,""quality"":""production"",""structure_opacity_sampling_resolution"":1000.0,""synthesis_transfer_depth_refinement"":4}",models/dab-6af1fb60295b61f7b328c01e/spectrum.txt,e4d1460e712020beeb562e85edd68c2bf51983f60babf0ddf67e4a28111f1987,18901,dab,2418.9598752760794,
dab-db1a6bcb37d6e38540c188ec,20000,7.5,-4,production,COMPLETE_NUMERICAL,0a74fdbe06596fc145f5169a3b239ddd67053141,"{""abundances"":null,""allard_minimum_effective_temperature"":9000.0,""atmosphere_solver"":""adaptive-newton"",""balmer_self_broadening_prescription"":null,""balmer_self_broadening_truncation_closure"":""stark-core"",""effective_temperature"":20000,""formal_maximum_metal_lines"":null,""formal_minimum_metal_oscillator_strength"":0.0001,""h2_he_cia_path"":null,""include_molecules"":false,""log_hydrogen_to_helium"":-4,""logg"":7.5,""lyman_profile_source"":""allard"",""maximum_metal_charge"":4,""metal_classical_electron_stark"":false,""metal_line_supplements"":[],""mixing_length_alpha"":1.25,""neutral_broadening"":""unsold"",""photospheric_depth_concentration"":1.0,""quality"":""production"",""structure_opacity_sampling_resolution"":1000.0,""synthesis_transfer_depth_refinement"":4}",models/dab-db1a6bcb37d6e38540c188ec/spectrum.txt,65b6fcd42e2e2bcf56dcc51d4dda832d6098da365d8cc524184437dd2f00e24f,18901,dab,2292.2358804501127,
dab-a7dd67a6d841abc5c02ae089,20000,7.5,-2,production,COMPLETE_NUMERICAL,0a74fdbe06596fc145f5169a3b239ddd67053141,"{""abundances"":null,""allard_minimum_effective_temperature"":9000.0,""atmosphere_solver"":""adaptive-newton"",""balmer_self_broadening_prescription"":null,""balmer_self_broadening_truncation_closure"":""stark-core"",""effective_temperature"":20000,""formal_maximum_metal_lines"":null,""formal_minimum_metal_oscillator_strength"":0.0001,""h2_he_cia_path"":null,""include_molecules"":false,""log_hydrogen_to_helium"":-2,""logg"":7.5,""lyman_profile_source"":""allard"",""maximum_metal_charge"":4,""metal_classical_electron_stark"":false,""metal_line_supplements"":[],""mixing_length_alpha"":1.25,""neutral_broadening"":""unsold"",""photospheric_depth_concentration"":1.0,""quality"":""production"",""structure_opacity_sampling_resolution"":1000.0,""synthesis_transfer_depth_refinement"":4}",models/dab-a7dd67a6d841abc5c02ae089/spectrum.txt,2c4da50e7ac09e8029b3e054a431c39428c2b4282ffcec9cf89339e2bd7706b6,18901,dab,3181.9443472488783,
dab-1f00f13e7d88c6f538e25965,20000,7.5,0,production,COMPLETE_NUMERICAL,0a74fdbe06596fc145f5169a3b239ddd67053141,"{""abundances"":null,""allard_minimum_effective_temperature"":9000.0,""atmosphere_solver"":""adaptive-newton"",""balmer_self_broadening_prescription"":null,""balmer_self_broadening_truncation_closure"":""stark-core"",""effective_temperature"":20000,""formal_maximum_metal_lines"":null,""formal_minimum_metal_oscillator_strength"":0.0001,""h2_he_cia_path"":null,""include_molecules"":false,""log_hydrogen_to_helium"":0,""logg"":7.5,""lyman_profile_source"":""allard"",""maximum_metal_charge"":4,""metal_classical_electron_stark"":false,""metal_line_supplements"":[],""mixing_length_alpha"":1.25,""neutral_broadening"":""unsold"",""photospheric_depth_concentration"":1.0,""quality"":""production"",""structure_opacity_sampling_resolution"":1000.0,""synthesis_transfer_depth_refinement"":4}",models/dab-1f00f13e7d88c6f538e25965/spectrum.txt,5b664cddf4a07e7dc148fa66aa580075e1a140776c519a78d1ecaa04b6dce710,18901,dab,2491.2966600209475,
dab-05bfb3320ca8f3db5ddc7b0e,20000,7.5,2,production,COMPLETE_NUMERICAL,0a74fdbe06596fc145f5169a3b239ddd67053141,"{""abundances"":null,""allard_minimum_effective_temperature"":9000.0,""atmosphere_solver"":""adaptive-newton"",""balmer_self_broadening_prescription"":null,""balmer_self_broadening_truncation_closure"":""stark-core"",""effective_temperature"":20000,""formal_maximum_metal_lines"":null,""formal_minimum_metal_oscillator_strength"":0.0001,""h2_he_cia_path"":null,""include_molecules"":false,""log_hydrogen_to_helium"":2,""logg"":7.5,""lyman_profile_source"":""allard"",""maximum_metal_charge"":4,""metal_classical_electron_stark"":false,""metal_line_supplements"":[],""mixing_length_alpha"":1.25,""neutral_broadening"":""unsold"",""photospheric_depth_concentration"":1.0,""quality"":""production"",""structure_opacity_sampling_resolution"":1000.0,""synthesis_transfer_depth_refinement"":4}",models/dab-05bfb3320ca8f3db5ddc7b0e/spectrum.txt,56c9b38526172689a6b2eacf94aea738ebc5451d20609d98a23343ff5cc83ca0,18901,dab,1819.2783587069716,
dab-385cfd32f4d7a9d71ed474a2,20000,7.5,4,production,COMPLETE_NUMERICAL,0a74fdbe06596fc145f5169a3b239ddd67053141,"{""abundances"":null,""allard_minimum_effective_temperature"":9000.0,""atmosphere_solver"":""adaptive-newton"",""balmer_self_broadening_prescription"":null,""balmer_self_broadening_truncation_closure"":""stark-core"",""effective_temperature"":20000,""formal_maximum_metal_lines"":null,""formal_minimum_metal_oscillator_strength"":0.0001,""h2_he_cia_path"":null,""include_molecules"":false,""log_hydrogen_to_helium"":4,""logg"":7.5,""lyman_profile_source"":""allard"",""maximum_metal_charge"":4,""metal_classical_electron_stark"":false,""metal_line_supplements"":[],""mixing_length_alpha"":1.25,""neutral_broadening"":""unsold"",""photospheric_depth_concentration"":1.0,""quality"":""production"",""structure_opacity_sampling_resolution"":1000.0,""synthesis_transfer_depth_refinement"":4}",models/dab-385cfd32f4d7a9d71ed474a2/spectrum.txt,9b5d9a9712f591baf9029467a50936d1e901ac8164ba6d9b2aab6d885075f2ef,18901,dab,1701.585221084999,
dab-c218c7629dff97566f4b3958,20000,8,-4,production,COMPLETE_NUMERICAL,0a74fdbe06596fc145f5169a3b239ddd67053141,"{""abundances"":null,""allard_minimum_effective_temperature"":9000.0,""atmosphere_solver"":""adaptive-newton"",""balmer_self_broadening_prescription"":null,""balmer_self_broadening_truncation_closure"":""stark-core"",""effective_temperature"":20000,""formal_maximum_metal_lines"":null,""formal_minimum_metal_oscillator_strength"":0.0001,""h2_he_cia_path"":null,""include_molecules"":false,""log_hydrogen_to_helium"":-4,""logg"":8,""lyman_profile_source"":""allard"",""maximum_metal_charge"":4,""metal_classical_electron_stark"":false,""metal_line_supplements"":[],""mixing_length_alpha"":1.25,""neutral_broadening"":""unsold"",""photospheric_depth_concentration"":1.0,""quality"":""production"",""structure_opacity_sampling_resolution"":1000.0,""synthesis_transfer_depth_refinement"":4}",models/dab-c218c7629dff97566f4b3958/spectrum.txt,dcaeb65f5b55e82e96d8dc1c4293ddf83d844ce2939f8586cbb7b048eaf1da29,18901,dab,2123.317830082029,
dab-384c120fb1e0e6bee1c6d63b,20000,8,0,production,COMPLETE_NUMERICAL,0a74fdbe06596fc145f5169a3b239ddd67053141,"{""abundances"":null,""allard_minimum_effective_temperature"":9000.0,""atmosphere_solver"":""adaptive-newton"",""balmer_self_broadening_prescription"":null,""balmer_self_broadening_truncation_closure"":""stark-core"",""effective_temperature"":20000,""formal_maximum_metal_lines"":null,""formal_minimum_metal_oscillator_strength"":0.0001,""h2_he_cia_path"":null,""include_molecules"":false,""log_hydrogen_to_helium"":0,""logg"":8,""lyman_profile_source"":""allard"",""maximum_metal_charge"":4,""metal_classical_electron_stark"":false,""metal_line_supplements"":[],""mixing_length_alpha"":1.25,""neutral_broadening"":""unsold"",""photospheric_depth_concentration"":1.0,""quality"":""production"",""structure_opacity_sampling_resolution"":1000.0,""synthesis_transfer_depth_refinement"":4}",models/dab-384c120fb1e0e6bee1c6d63b/spectrum.txt,b42bdb306d56511aa3f15694f3adc3dbee16d9e1cf58b7f91b403e948b35a773,18901,dab,2368.304497116944,
dab-1976f2705c57ff1a061670c8,20000,8,4,production,COMPLETE_NUMERICAL,0a74fdbe06596fc145f5169a3b239ddd67053141,"{""abundances"":null,""allard_minimum_effective_temperature"":9000.0,""atmosphere_solver"":""adaptive-newton"",""balmer_self_broadening_prescription"":null,""balmer_self_broadening_truncation_closure"":""stark-core"",""effective_temperature"":20000,""formal_maximum_metal_lines"":null,""formal_minimum_metal_oscillator_strength"":0.0001,""h2_he_cia_path"":null,""include_molecules"":false,""log_hydrogen_to_helium"":4,""logg"":8,""lyman_profile_source"":""allard"",""maximum_metal_charge"":4,""metal_classical_electron_stark"":false,""metal_line_supplements"":[],""mixing_length_alpha"":1.25,""neutral_broadening"":""unsold"",""photospheric_depth_concentration"":1.0,""quality"":""production"",""structure_opacity_sampling_resolution"":1000.0,""synthesis_transfer_depth_refinement"":4}",models/dab-1976f2705c57ff1a061670c8/spectrum.txt,a09afc28d9f5d1b5ecf9ee691533d265bab05db80fef692e330478faeba953bb,18901,dab,2091.481609101873,
dab-fed17b86c8fc791733aebb90,20000,8.5,-6,production,COMPLETE_NUMERICAL,0a74fdbe06596fc145f5169a3b239ddd67053141,"{""abundances"":null,""allard_minimum_effective_temperature"":9000.0,""atmosphere_solver"":""adaptive-newton"",""balmer_self_broadening_prescription"":null,""balmer_self_broadening_truncation_closure"":""stark-core"",""effective_temperature"":20000,""formal_maximum_metal_lines"":null,""formal_minimum_metal_oscillator_strength"":0.0001,""h2_he_cia_path"":null,""include_molecules"":false,""log_hydrogen_to_helium"":-6,""logg"":8.5,""lyman_profile_source"":""allard"",""maximum_metal_charge"":4,""metal_classical_electron_stark"":false,""metal_line_supplements"":[],""mixing_length_alpha"":1.25,""neutral_broadening"":""unsold"",""photospheric_depth_concentration"":1.0,""quality"":""production"",""structure_opacity_sampling_resolution"":1000.0,""synthesis_transfer_depth_refinement"":4}",models/dab-fed17b86c8fc791733aebb90/spectrum.txt,597710d2f38236c522d77c8cdd8965f4a57dc43c83735dbfa9cffc69d209c485,18901,dab,3000.6176074158866,
dab-19773049b8d43c6509b38601,20000,8.5,-4,production,COMPLETE_NUMERICAL,0a74fdbe06596fc145f5169a3b239ddd67053141,"{""abundances"":null,""allard_minimum_effective_temperature"":9000.0,""atmosphere_solver"":""adaptive-newton"",""balmer_self_broadening_prescription"":null,""balmer_self_broadening_truncation_closure"":""stark-core"",""effective_temperature"":20000,""formal_maximum_metal_lines"":null,""formal_minimum_metal_oscillator_strength"":0.0001,""h2_he_cia_path"":null,""include_molecules"":false,""log_hydrogen_to_helium"":-4,""logg"":8.5,""lyman_profile_source"":""allard"",""maximum_metal_charge"":4,""metal_classical_electron_stark"":false,""metal_line_supplements"":[],""mixing_length_alpha"":1.25,""neutral_broadening"":""unsold"",""photospheric_depth_concentration"":1.0,""quality"":""production"",""structure_opacity_sampling_resolution"":1000.0,""synthesis_transfer_depth_refinement"":4}",models/dab-19773049b8d43c6509b38601/spectrum.txt,ed01788c8599d7caee990f87bba819565bd29a30d5f0f98924364d73c6d80455,18901,dab,2051.585296757985,
dab-c8c3dfc07b6f872f9ceccb54,20000,8.5,-2,production,COMPLETE_NUMERICAL,0a74fdbe06596fc145f5169a3b239ddd67053141,"{""abundances"":null,""allard_minimum_effective_temperature"":9000.0,""atmosphere_solver"":""adaptive-newton"",""balmer_self_broadening_prescription"":null,""balmer_self_broadening_truncation_closure"":""stark-core"",""effective_temperature"":20000,""formal_maximum_metal_lines"":null,""formal_minimum_metal_oscillator_strength"":0.0001,""h2_he_cia_path"":null,""include_molecules"":false,""log_hydrogen_to_helium"":-2,""logg"":8.5,""lyman_profile_source"":""allard"",""maximum_metal_charge"":4,""metal_classical_electron_stark"":false,""metal_line_supplements"":[],""mixing_length_alpha"":1.25,""neutral_broadening"":""unsold"",""photospheric_depth_concentration"":1.0,""quality"":""production"",""structure_opacity_sampling_resolution"":1000.0,""synthesis_transfer_depth_refinement"":4}",models/dab-c8c3dfc07b6f872f9ceccb54/spectrum.txt,086965192d07319bac270e333a02b141cbe746904404ef9a78b09d671784b9c9,18901,dab,3690.7892884139437,
dab-dd2ef54857496acbe233466d,20000,8.5,0,production,COMPLETE_NUMERICAL,0a74fdbe06596fc145f5169a3b239ddd67053141,"{""abundances"":null,""allard_minimum_effective_temperature"":9000.0,""atmosphere_solver"":""adaptive-newton"",""balmer_self_broadening_prescription"":null,""balmer_self_broadening_truncation_closure"":""stark-core"",""effective_temperature"":20000,""formal_maximum_metal_lines"":null,""formal_minimum_metal_oscillator_strength"":0.0001,""h2_he_cia_path"":null,""include_molecules"":false,""log_hydrogen_to_helium"":0,""logg"":8.5,""lyman_profile_source"":""allard"",""maximum_metal_charge"":4,""metal_classical_electron_stark"":false,""metal_line_supplements"":[],""mixing_length_alpha"":1.25,""neutral_broadening"":""unsold"",""photospheric_depth_concentration"":1.0,""quality"":""production"",""structure_opacity_sampling_resolution"":1000.0,""synthesis_transfer_depth_refinement"":4}",models/dab-dd2ef54857496acbe233466d/spectrum.txt,5d370f44374c764b33ec51eff66b9c99de5a227cd0681709b144d30c7a046060,18901,dab,2435.220045414986,
dab-1bdf1bd861421a7d04c4f7f2,20000,8.5,2,production,COMPLETE_NUMERICAL,0a74fdbe06596fc145f5169a3b239ddd67053141,"{""abundances"":null,""allard_minimum_effective_temperature"":9000.0,""atmosphere_solver"":""adaptive-newton"",""balmer_self_broadening_prescription"":null,""balmer_self_broadening_truncation_closure"":""stark-core"",""effective_temperature"":20000,""formal_maximum_metal_lines"":null,""formal_minimum_metal_oscillator_strength"":0.0001,""h2_he_cia_path"":null,""include_molecules"":false,""log_hydrogen_to_helium"":2,""logg"":8.5,""lyman_profile_source"":""allard"",""maximum_metal_charge"":4,""metal_classical_electron_stark"":false,""metal_line_supplements"":[],""mixing_length_alpha"":1.25,""neutral_broadening"":""unsold"",""photospheric_depth_concentration"":1.0,""quality"":""production"",""structure_opacity_sampling_resolution"":1000.0,""synthesis_transfer_depth_refinement"":4}",models/dab-1bdf1bd861421a7d04c4f7f2/spectrum.txt,2a0933400a93024da77bf06a20cc8768f2b3149cd51f864c1996afb1101d358f,18901,dab,2188.9310895351227,
dab-a8bb4972edad2008959c23f4,20000,8.5,4,production,COMPLETE_NUMERICAL,0a74fdbe06596fc145f5169a3b239ddd67053141,"{""abundances"":null,""allard_minimum_effective_temperature"":9000.0,""atmosphere_solver"":""adaptive-newton"",""balmer_self_broadening_prescription"":null,""balmer_self_broadening_truncation_closure"":""stark-core"",""effective_temperature"":20000,""formal_maximum_metal_lines"":null,""formal_minimum_metal_oscillator_strength"":0.0001,""h2_he_cia_path"":null,""include_molecules"":false,""log_hydrogen_to_helium"":4,""logg"":8.5,""lyman_profile_source"":""allard"",""maximum_metal_charge"":4,""metal_classical_electron_stark"":false,""metal_line_supplements"":[],""mixing_length_alpha"":1.25,""neutral_broadening"":""unsold"",""photospheric_depth_concentration"":1.0,""quality"":""production"",""structure_opacity_sampling_resolution"":1000.0,""synthesis_transfer_depth_refinement"":4}",models/dab-a8bb4972edad2008959c23f4/spectrum.txt,24846c4d8bfe00d14f9eae78f618f29385634d13ca74cf5ddb490e996a40e875,18901,dab,2164.342591353925,
dab-5a4ce00df90cb0a24cf42f09,20000,9,-6,production,COMPLETE_NUMERICAL,0a74fdbe06596fc145f5169a3b239ddd67053141,"{""abundances"":null,""allard_minimum_effective_temperature"":9000.0,""atmosphere_solver"":""adaptive-newton"",""balmer_self_broadening_prescription"":null,""balmer_self_broadening_truncation_closure"":""stark-core"",""effective_temperature"":20000,""formal_maximum_metal_lines"":null,""formal_minimum_metal_oscillator_strength"":0.0001,""h2_he_cia_path"":null,""include_molecules"":false,""log_hydrogen_to_helium"":-6,""logg"":9,""lyman_profile_source"":""allard"",""maximum_metal_charge"":4,""metal_classical_electron_stark"":false,""metal_line_supplements"":[],""mixing_length_alpha"":1.25,""neutral_broadening"":""unsold"",""photospheric_depth_concentration"":1.0,""quality"":""production"",""structure_opacity_sampling_resolution"":1000.0,""synthesis_transfer_depth_refinement"":4}",models/dab-5a4ce00df90cb0a24cf42f09/spectrum.txt,7a5416bb2b02f619ab3a423cd40a158d953c9e775642987bca538fbee1fdcce9,18901,dab,2348.796389005147,
dab-f9273c9b59ce7f337403f70a,20000,9,-4,production,COMPLETE_NUMERICAL,0a74fdbe06596fc145f5169a3b239ddd67053141,"{""abundances"":null,""allard_minimum_effective_temperature"":9000.0,""atmosphere_solver"":""adaptive-newton"",""balmer_self_broadening_prescription"":null,""balmer_self_broadening_truncation_closure"":""stark-core"",""effective_temperature"":20000,""formal_maximum_metal_lines"":null,""formal_minimum_metal_oscillator_strength"":0.0001,""h2_he_cia_path"":null,""include_molecules"":false,""log_hydrogen_to_helium"":-4,""logg"":9,""lyman_profile_source"":""allard"",""maximum_metal_charge"":4,""metal_classical_electron_stark"":false,""metal_line_supplements"":[],""mixing_length_alpha"":1.25,""neutral_broadening"":""unsold"",""photospheric_depth_concentration"":1.0,""quality"":""production"",""structure_opacity_sampling_resolution"":1000.0,""synthesis_transfer_depth_refinement"":4}",models/dab-f9273c9b59ce7f337403f70a/spectrum.txt,1d12cac19de106721467baced0fe5e5dee127688d95662ac049776338aa6ddeb,18901,dab,2816.776428949088,
dab-bd4978ffe3d44c0a1e996ff1,20000,9,0,production,COMPLETE_NUMERICAL,0a74fdbe06596fc145f5169a3b239ddd67053141,"{""abundances"":null,""allard_minimum_effective_temperature"":9000.0,""atmosphere_solver"":""adaptive-newton"",""balmer_self_broadening_prescription"":null,""balmer_self_broadening_truncation_closure"":""stark-core"",""effective_temperature"":20000,""formal_maximum_metal_lines"":null,""formal_minimum_metal_oscillator_strength"":0.0001,""h2_he_cia_path"":null,""include_molecules"":false,""log_hydrogen_to_helium"":0,""logg"":9,""lyman_profile_source"":""allard"",""maximum_metal_charge"":4,""metal_classical_electron_stark"":false,""metal_line_supplements"":[],""mixing_length_alpha"":1.25,""neutral_broadening"":""unsold"",""photospheric_depth_concentration"":1.0,""quality"":""production"",""structure_opacity_sampling_resolution"":1000.0,""synthesis_transfer_depth_refinement"":4}",models/dab-bd4978ffe3d44c0a1e996ff1/spectrum.txt,849cce5ae8f7b84dbe0ee0f9be4be8cd6bdb7d82031715914978abca4ec7b461,18901,dab,5177.114046055125,
dab-335d5c0f276b60166449a9e4,20000,9,2,production,COMPLETE_NUMERICAL,0a74fdbe06596fc145f5169a3b239ddd67053141,"{""abundances"":null,""allard_minimum_effective_temperature"":9000.0,""atmosphere_solver"":""adaptive-newton"",""balmer_self_broadening_prescription"":null,""balmer_self_broadening_truncation_closure"":""stark-core"",""effective_temperature"":20000,""formal_maximum_metal_lines"":null,""formal_minimum_metal_oscillator_strength"":0.0001,""h2_he_cia_path"":null,""include_molecules"":false,""log_hydrogen_to_helium"":2,""logg"":9,""lyman_profile_source"":""allard"",""maximum_metal_charge"":4,""metal_classical_electron_stark"":false,""metal_line_supplements"":[],""mixing_length_alpha"":1.25,""neutral_broadening"":""unsold"",""photospheric_depth_concentration"":1.0,""quality"":""production"",""structure_opacity_sampling_resolution"":1000.0,""synthesis_transfer_depth_refinement"":4}",models/dab-335d5c0f276b60166449a9e4/spectrum.txt,6b3fe5788885325660a6bbb3038d10dc9b1ac990208accd5d249c27752fb8dd9,18901,dab,2545.4354181080125,
dab-ec24ba39dc3bef1f359445b2,20000,9,4,production,COMPLETE_NUMERICAL,0a74fdbe06596fc145f5169a3b239ddd67053141,"{""abundances"":null,""allard_minimum_effective_temperature"":9000.0,""atmosphere_solver"":""adaptive-newton"",""balmer_self_broadening_prescription"":null,""balmer_self_broadening_truncation_closure"":""stark-core"",""effective_temperature"":20000,""formal_maximum_metal_lines"":null,""formal_minimum_metal_oscillator_strength"":0.0001,""h2_he_cia_path"":null,""include_molecules"":false,""log_hydrogen_to_helium"":4,""logg"":9,""lyman_profile_source"":""allard"",""maximum_metal_charge"":4,""metal_classical_electron_stark"":false,""metal_line_supplements"":[],""mixing_length_alpha"":1.25,""neutral_broadening"":""unsold"",""photospheric_depth_concentration"":1.0,""quality"":""production"",""structure_opacity_sampling_resolution"":1000.0,""synthesis_transfer_depth_refinement"":4}",models/dab-ec24ba39dc3bef1f359445b2/spectrum.txt,0560332d76ac77e77d63c890f411811bb4e4868650e0bc0d31aa31d771dcc866,18901,dab,5067.706160705071,
dab-8809c9bf7b4f85aff0c5c2ef,20000,9.5,-6,production,COMPLETE_NUMERICAL,0a74fdbe06596fc145f5169a3b239ddd67053141,"{""abundances"":null,""allard_minimum_effective_temperature"":9000.0,""atmosphere_solver"":""adaptive-newton"",""balmer_self_broadening_prescription"":null,""balmer_self_broadening_truncation_closure"":""stark-core"",""effective_temperature"":20000,""formal_maximum_metal_lines"":null,""formal_minimum_metal_oscillator_strength"":0.0001,""h2_he_cia_path"":null,""include_molecules"":false,""log_hydrogen_to_helium"":-6,""logg"":9.5,""lyman_profile_source"":""allard"",""maximum_metal_charge"":4,""metal_classical_electron_stark"":false,""metal_line_supplements"":[],""mixing_length_alpha"":1.25,""neutral_broadening"":""unsold"",""photospheric_depth_concentration"":1.0,""quality"":""production"",""structure_opacity_sampling_resolution"":1000.0,""synthesis_transfer_depth_refinement"":4}",models/dab-8809c9bf7b4f85aff0c5c2ef/spectrum.txt,290debfbf12e36bc16a5ac990672be630bd06a7aedd2ebca28fb5007fdc1e389,18901,dab,3026.3878149411175,
dab-3c4dc2146039b35db0c4b26e,20000,9.5,-4,production,COMPLETE_NUMERICAL,0a74fdbe06596fc145f5169a3b239ddd67053141,"{""abundances"":null,""allard_minimum_effective_temperature"":9000.0,""atmosphere_solver"":""adaptive-newton"",""balmer_self_broadening_prescription"":null,""balmer_self_broadening_truncation_closure"":""stark-core"",""effective_temperature"":20000,""formal_maximum_metal_lines"":null,""formal_minimum_metal_oscillator_strength"":0.0001,""h2_he_cia_path"":null,""include_molecules"":false,""log_hydrogen_to_helium"":-4,""logg"":9.5,""lyman_profile_source"":""allard"",""maximum_metal_charge"":4,""metal_classical_electron_stark"":false,""metal_line_supplements"":[],""mixing_length_alpha"":1.25,""neutral_broadening"":""unsold"",""photospheric_depth_concentration"":1.0,""quality"":""production"",""structure_opacity_sampling_resolution"":1000.0,""synthesis_transfer_depth_refinement"":4}",models/dab-3c4dc2146039b35db0c4b26e/spectrum.txt,74756cb2c5b5f2d862e3ad2d2b37daba2bb10351dd120ac86c5fb918a6cadb0f,18901,dab,2784.2853568529245,
dab-dd71d809518bb56682021590,20000,9.5,-2,production,COMPLETE_NUMERICAL,0a74fdbe06596fc145f5169a3b239ddd67053141,"{""abundances"":null,""allard_minimum_effective_temperature"":9000.0,""atmosphere_solver"":""adaptive-newton"",""balmer_self_broadening_prescription"":null,""balmer_self_broadening_truncation_closure"":""stark-core"",""effective_temperature"":20000,""formal_maximum_metal_lines"":null,""formal_minimum_metal_oscillator_strength"":0.0001,""h2_he_cia_path"":null,""include_molecules"":false,""log_hydrogen_to_helium"":-2,""logg"":9.5,""lyman_profile_source"":""allard"",""maximum_metal_charge"":4,""metal_classical_electron_stark"":false,""metal_line_supplements"":[],""mixing_length_alpha"":1.25,""neutral_broadening"":""unsold"",""photospheric_depth_concentration"":1.0,""quality"":""production"",""structure_opacity_sampling_resolution"":1000.0,""synthesis_transfer_depth_refinement"":4}",models/dab-dd71d809518bb56682021590/spectrum.txt,5f44083d7437c799816fa3f83419bebd59b2160a2820d297f89ac3ef467f15b5,18901,dab,3960.2773033450358,
dab-12b3bddc1da563ea3083657a,20000,9.5,0,production,COMPLETE_NUMERICAL,0a74fdbe06596fc145f5169a3b239ddd67053141,"{""abundances"":null,""allard_minimum_effective_temperature"":9000.0,""atmosphere_solver"":""adaptive-newton"",""balmer_self_broadening_prescription"":null,""balmer_self_broadening_truncation_closure"":""stark-core"",""effective_temperature"":20000,""formal_maximum_metal_lines"":null,""formal_minimum_metal_oscillator_strength"":0.0001,""h2_he_cia_path"":null,""include_molecules"":false,""log_hydrogen_to_helium"":0,""logg"":9.5,""lyman_profile_source"":""allard"",""maximum_metal_charge"":4,""metal_classical_electron_stark"":false,""metal_line_supplements"":[],""mixing_length_alpha"":1.25,""neutral_broadening"":""unsold"",""photospheric_depth_concentration"":1.0,""quality"":""production"",""structure_opacity_sampling_resolution"":1000.0,""synthesis_transfer_depth_refinement"":4}",models/dab-12b3bddc1da563ea3083657a/spectrum.txt,e6dd46af725da519cfed1c360d24edf88f814b1b90b39deb10c13969624d699b,18901,dab,2338.0229365441483,
dab-907d9f5fc185d72b2b5f1ded,20000,9.5,2,production,COMPLETE_NUMERICAL,0a74fdbe06596fc145f5169a3b239ddd67053141,"{""abundances"":null,""allard_minimum_effective_temperature"":9000.0,""atmosphere_solver"":""adaptive-newton"",""balmer_self_broadening_prescription"":null,""balmer_self_broadening_truncation_closure"":""stark-core"",""effective_temperature"":20000,""formal_maximum_metal_lines"":null,""formal_minimum_metal_oscillator_strength"":0.0001,""h2_he_cia_path"":null,""include_molecules"":false,""log_hydrogen_to_helium"":2,""logg"":9.5,""lyman_profile_source"":""allard"",""maximum_metal_charge"":4,""metal_classical_electron_stark"":false,""metal_line_supplements"":[],""mixing_length_alpha"":1.25,""neutral_broadening"":""unsold"",""photospheric_depth_concentration"":1.0,""quality"":""production"",""structure_opacity_sampling_resolution"":1000.0,""synthesis_transfer_depth_refinement"":4}",models/dab-907d9f5fc185d72b2b5f1ded/spectrum.txt,398db06e423bd48faf1e5fc333b61283c7ea50ffdbae699c9f131c2033b37885,18901,dab,2297.5024459341075,
dab-4cea6f3b19109f78d72f7d17,20000,9.5,4,production,COMPLETE_NUMERICAL,0a74fdbe06596fc145f5169a3b239ddd67053141,"{""abundances"":null,""allard_minimum_effective_temperature"":9000.0,""atmosphere_solver"":""adaptive-newton"",""balmer_self_broadening_prescription"":null,""balmer_self_broadening_truncation_closure"":""stark-core"",""effective_temperature"":20000,""formal_maximum_metal_lines"":null,""formal_minimum_metal_oscillator_strength"":0.0001,""h2_he_cia_path"":null,""include_molecules"":false,""log_hydrogen_to_helium"":4,""logg"":9.5,""lyman_profile_source"":""allard"",""maximum_metal_charge"":4,""metal_classical_electron_stark"":false,""metal_line_supplements"":[],""mixing_length_alpha"":1.25,""neutral_broadening"":""unsold"",""photospheric_depth_concentration"":1.0,""quality"":""production"",""structure_opacity_sampling_resolution"":1000.0,""synthesis_transfer_depth_refinement"":4}",models/dab-4cea6f3b19109f78d72f7d17/spectrum.txt,0c076f6157e5dfe8094f1954c5d7797f030da4d49dca1bf77c717af96847d022,18901,dab,2169.2649313099682,
dab-603ecaae28c8d88c642e1a5e,25000,6,-6,production,COMPLETE_NUMERICAL,0a74fdbe06596fc145f5169a3b239ddd67053141,"{""abundances"":null,""allard_minimum_effective_temperature"":9000.0,""atmosphere_solver"":""adaptive-newton"",""balmer_self_broadening_prescription"":null,""balmer_self_broadening_truncation_closure"":""stark-core"",""effective_temperature"":25000,""formal_maximum_metal_lines"":null,""formal_minimum_metal_oscillator_strength"":0.0001,""h2_he_cia_path"":null,""include_molecules"":false,""log_hydrogen_to_helium"":-6,""logg"":6,""lyman_profile_source"":""allard"",""maximum_metal_charge"":4,""metal_classical_electron_stark"":false,""metal_line_supplements"":[],""mixing_length_alpha"":1.25,""neutral_broadening"":""unsold"",""photospheric_depth_concentration"":1.0,""quality"":""production"",""structure_opacity_sampling_resolution"":1000.0,""synthesis_transfer_depth_refinement"":4}",models/dab-603ecaae28c8d88c642e1a5e/spectrum.txt,960f14053e050d24136b4f7a52e5a35d11cd841648470cd976cf8284e121725b,18901,dab,2241.250025041867,
dab-e8c94e004a448154caf41810,25000,6,-4,production,COMPLETE_NUMERICAL,0a74fdbe06596fc145f5169a3b239ddd67053141,"{""abundances"":null,""allard_minimum_effective_temperature"":9000.0,""atmosphere_solver"":""adaptive-newton"",""balmer_self_broadening_prescription"":null,""balmer_self_broadening_truncation_closure"":""stark-core"",""effective_temperature"":25000,""formal_maximum_metal_lines"":null,""formal_minimum_metal_oscillator_strength"":0.0001,""h2_he_cia_path"":null,""include_molecules"":false,""log_hydrogen_to_helium"":-4,""logg"":6,""lyman_profile_source"":""allard"",""maximum_metal_charge"":4,""metal_classical_electron_stark"":false,""metal_line_supplements"":[],""mixing_length_alpha"":1.25,""neutral_broadening"":""unsold"",""photospheric_depth_concentration"":1.0,""quality"":""production"",""structure_opacity_sampling_resolution"":1000.0,""synthesis_transfer_depth_refinement"":4}",models/dab-e8c94e004a448154caf41810/spectrum.txt,dca1be4c2cc9a5d28ea601f0521248bacf60d018c287163e0122a13a3e11c875,18901,dab,2490.7513320129365,
dab-0a09959661e6bda7c82626d7,25000,6,-2,production,COMPLETE_NUMERICAL,0a74fdbe06596fc145f5169a3b239ddd67053141,"{""abundances"":null,""allard_minimum_effective_temperature"":9000.0,""atmosphere_solver"":""adaptive-newton"",""balmer_self_broadening_prescription"":null,""balmer_self_broadening_truncation_closure"":""stark-core"",""effective_temperature"":25000,""formal_maximum_metal_lines"":null,""formal_minimum_metal_oscillator_strength"":0.0001,""h2_he_cia_path"":null,""include_molecules"":false,""log_hydrogen_to_helium"":-2,""logg"":6,""lyman_profile_source"":""allard"",""maximum_metal_charge"":4,""metal_classical_electron_stark"":false,""metal_line_supplements"":[],""mixing_length_alpha"":1.25,""neutral_broadening"":""unsold"",""photospheric_depth_concentration"":1.0,""quality"":""production"",""structure_opacity_sampling_resolution"":1000.0,""synthesis_transfer_depth_refinement"":4}",models/dab-0a09959661e6bda7c82626d7/spectrum.txt,bfb561bfd0f95e13602479221b7adc80c1adacedb6a3f540e74ed557f49a5f29,18901,dab,2425.095648339018,
dab-95a14de794a84d66a3a06605,25000,6,0,production,COMPLETE_NUMERICAL,0a74fdbe06596fc145f5169a3b239ddd67053141,"{""abundances"":null,""allard_minimum_effective_temperature"":9000.0,""atmosphere_solver"":""adaptive-newton"",""balmer_self_broadening_prescription"":null,""balmer_self_broadening_truncation_closure"":""stark-core"",""effective_temperature"":25000,""formal_maximum_metal_lines"":null,""formal_minimum_metal_oscillator_strength"":0.0001,""h2_he_cia_path"":null,""include_molecules"":false,""log_hydrogen_to_helium"":0,""logg"":6,""lyman_profile_source"":""allard"",""maximum_metal_charge"":4,""metal_classical_electron_stark"":false,""metal_line_supplements"":[],""mixing_length_alpha"":1.25,""neutral_broadening"":""unsold"",""photospheric_depth_concentration"":1.0,""quality"":""production"",""structure_opacity_sampling_resolution"":1000.0,""synthesis_transfer_depth_refinement"":4}",models/dab-95a14de794a84d66a3a06605/spectrum.txt,c8bbe78c3224e52edf72942f5d061e653d9cda9c3fadc87ba624632609942d29,18901,dab,2352.911362918094,
dab-13ebb047c011584af83d73b0,25000,6,2,production,COMPLETE_NUMERICAL,0a74fdbe06596fc145f5169a3b239ddd67053141,"{""abundances"":null,""allard_minimum_effective_temperature"":9000.0,""atmosphere_solver"":""adaptive-newton"",""balmer_self_broadening_prescription"":null,""balmer_self_broadening_truncation_closure"":""stark-core"",""effective_temperature"":25000,""formal_maximum_metal_lines"":null,""formal_minimum_metal_oscillator_strength"":0.0001,""h2_he_cia_path"":null,""include_molecules"":false,""log_hydrogen_to_helium"":2,""logg"":6,""lyman_profile_source"":""allard"",""maximum_metal_charge"":4,""metal_classical_electron_stark"":false,""metal_line_supplements"":[],""mixing_length_alpha"":1.25,""neutral_broadening"":""unsold"",""photospheric_depth_concentration"":1.0,""quality"":""production"",""structure_opacity_sampling_resolution"":1000.0,""synthesis_transfer_depth_refinement"":4}",models/dab-13ebb047c011584af83d73b0/spectrum.txt,3a67926b7ebe1d90e49bedbd62c9b4101867675f11931514d03296c5a893940d,18901,dab,2307.0980693178717,
dab-3c5962f723ae5bfe20d8f7f6,25000,6,4,production,COMPLETE_NUMERICAL,0a74fdbe06596fc145f5169a3b239ddd67053141,"{""abundances"":null,""allard_minimum_effective_temperature"":9000.0,""atmosphere_solver"":""adaptive-newton"",""balmer_self_broadening_prescription"":null,""balmer_self_broadening_truncation_closure"":""stark-core"",""effective_temperature"":25000,""formal_maximum_metal_lines"":null,""formal_minimum_metal_oscillator_strength"":0.0001,""h2_he_cia_path"":null,""include_molecules"":false,""log_hydrogen_to_helium"":4,""logg"":6,""lyman_profile_source"":""allard"",""maximum_metal_charge"":4,""metal_classical_electron_stark"":false,""metal_line_supplements"":[],""mixing_length_alpha"":1.25,""neutral_broadening"":""unsold"",""photospheric_depth_concentration"":1.0,""quality"":""production"",""structure_opacity_sampling_resolution"":1000.0,""synthesis_transfer_depth_refinement"":4}",models/dab-3c5962f723ae5bfe20d8f7f6/spectrum.txt,79678162b65b311fad9a75113e3ac485d750413ff20e2bb8dadae125ff5d062f,18901,dab,1998.63444901607,
dab-986d9d737e6c34933d5edc58,25000,6.5,-6,production,COMPLETE_NUMERICAL,0a74fdbe06596fc145f5169a3b239ddd67053141,"{""abundances"":null,""allard_minimum_effective_temperature"":9000.0,""atmosphere_solver"":""adaptive-newton"",""balmer_self_broadening_prescription"":null,""balmer_self_broadening_truncation_closure"":""stark-core"",""effective_temperature"":25000,""formal_maximum_metal_lines"":null,""formal_minimum_metal_oscillator_strength"":0.0001,""h2_he_cia_path"":null,""include_molecules"":false,""log_hydrogen_to_helium"":-6,""logg"":6.5,""lyman_profile_source"":""allard"",""maximum_metal_charge"":4,""metal_classical_electron_stark"":false,""metal_line_supplements"":[],""mixing_length_alpha"":1.25,""neutral_broadening"":""unsold"",""photospheric_depth_concentration"":1.0,""quality"":""production"",""structure_opacity_sampling_resolution"":1000.0,""synthesis_transfer_depth_refinement"":4}",models/dab-986d9d737e6c34933d5edc58/spectrum.txt,e2174162ddc45949af5f6108b4c6a3f222cf7b4f607bc04d5d3b07c6ba88691b,18901,dab,2143.9582681981847,
dab-9addc29f5211dabba3d3333a,25000,6.5,-4,production,COMPLETE_NUMERICAL,0a74fdbe06596fc145f5169a3b239ddd67053141,"{""abundances"":null,""allard_minimum_effective_temperature"":9000.0,""atmosphere_solver"":""adaptive-newton"",""balmer_self_broadening_prescription"":null,""balmer_self_broadening_truncation_closure"":""stark-core"",""effective_temperature"":25000,""formal_maximum_metal_lines"":null,""formal_minimum_metal_oscillator_strength"":0.0001,""h2_he_cia_path"":null,""include_molecules"":false,""log_hydrogen_to_helium"":-4,""logg"":6.5,""lyman_profile_source"":""allard"",""maximum_metal_charge"":4,""metal_classical_electron_stark"":false,""metal_line_supplements"":[],""mixing_length_alpha"":1.25,""neutral_broadening"":""unsold"",""photospheric_depth_concentration"":1.0,""quality"":""production"",""structure_opacity_sampling_resolution"":1000.0,""synthesis_transfer_depth_refinement"":4}",models/dab-9addc29f5211dabba3d3333a/spectrum.txt,47af53fd7fd46ec9f0445a184f4143e0d7e6cf448f54cb698329d335f2754739,18901,dab,2456.0341919281054,
dab-f4c54087789f70925c738896,25000,6.5,-2,production,COMPLETE_NUMERICAL,0a74fdbe06596fc145f5169a3b239ddd67053141,"{""abundances"":null,""allard_minimum_effective_temperature"":9000.0,""atmosphere_solver"":""adaptive-newton"",""balmer_self_broadening_prescription"":null,""balmer_self_broadening_truncation_closure"":""stark-core"",""effective_temperature"":25000,""formal_maximum_metal_lines"":null,""formal_minimum_metal_oscillator_strength"":0.0001,""h2_he_cia_path"":null,""include_molecules"":false,""log_hydrogen_to_helium"":-2,""logg"":6.5,""lyman_profile_source"":""allard"",""maximum_metal_charge"":4,""metal_classical_electron_stark"":false,""metal_line_supplements"":[],""mixing_length_alpha"":1.25,""neutral_broadening"":""unsold"",""photospheric_depth_concentration"":1.0,""quality"":""production"",""structure_opacity_sampling_resolution"":1000.0,""synthesis_transfer_depth_refinement"":4}",models/dab-f4c54087789f70925c738896/spectrum.txt,0dc543ef749c128ccee8230f2714f93fa316902c78195497ff2fd3a31c08ad33,18901,dab,2717.3293369680177,
dab-5e2b87d2686b4708e1f34534,25000,6.5,0,production,COMPLETE_NUMERICAL,0a74fdbe06596fc145f5169a3b239ddd67053141,"{""abundances"":null,""allard_minimum_effective_temperature"":9000.0,""atmosphere_solver"":""adaptive-newton"",""balmer_self_broadening_prescription"":null,""balmer_self_broadening_truncation_closure"":""stark-core"",""effective_temperature"":25000,""formal_maximum_metal_lines"":null,""formal_minimum_metal_oscillator_strength"":0.0001,""h2_he_cia_path"":null,""include_molecules"":false,""log_hydrogen_to_helium"":0,""logg"":6.5,""lyman_profile_source"":""allard"",""maximum_metal_charge"":4,""metal_classical_electron_stark"":false,""metal_line_supplements"":[],""mixing_length_alpha"":1.25,""neutral_broadening"":""unsold"",""photospheric_depth_concentration"":1.0,""quality"":""production"",""structure_opacity_sampling_resolution"":1000.0,""synthesis_transfer_depth_refinement"":4}",models/dab-5e2b87d2686b4708e1f34534/spectrum.txt,cc099fc4a8d6e66921d62010bc16e1fb34ddd2d632f1bf9601f01b696de5b5de,18901,dab,2414.982918130001,
dab-211621798ea52f9bc3c397a7,25000,6.5,2,production,COMPLETE_NUMERICAL,0a74fdbe06596fc145f5169a3b239ddd67053141,"{""abundances"":null,""allard_minimum_effective_temperature"":9000.0,""atmosphere_solver"":""adaptive-newton"",""balmer_self_broadening_prescription"":null,""balmer_self_broadening_truncation_closure"":""stark-core"",""effective_temperature"":25000,""formal_maximum_metal_lines"":null,""formal_minimum_metal_oscillator_strength"":0.0001,""h2_he_cia_path"":null,""include_molecules"":false,""log_hydrogen_to_helium"":2,""logg"":6.5,""lyman_profile_source"":""allard"",""maximum_metal_charge"":4,""metal_classical_electron_stark"":false,""metal_line_supplements"":[],""mixing_length_alpha"":1.25,""neutral_broadening"":""unsold"",""photospheric_depth_concentration"":1.0,""quality"":""production"",""structure_opacity_sampling_resolution"":1000.0,""synthesis_transfer_depth_refinement"":4}",models/dab-211621798ea52f9bc3c397a7/spectrum.txt,86653415b5a4bb932e84f4b03efdb7dc5804f503c970afbde8f2eee38634673f,18901,dab,1943.1938172779046,
dab-994f3d26f6d578a9670016bb,25000,6.5,4,production,COMPLETE_NUMERICAL,0a74fdbe06596fc145f5169a3b239ddd67053141,"{""abundances"":null,""allard_minimum_effective_temperature"":9000.0,""atmosphere_solver"":""adaptive-newton"",""balmer_self_broadening_prescription"":null,""balmer_self_broadening_truncation_closure"":""stark-core"",""effective_temperature"":25000,""formal_maximum_metal_lines"":null,""formal_minimum_metal_oscillator_strength"":0.0001,""h2_he_cia_path"":null,""include_molecules"":false,""log_hydrogen_to_helium"":4,""logg"":6.5,""lyman_profile_source"":""allard"",""maximum_metal_charge"":4,""metal_classical_electron_stark"":false,""metal_line_supplements"":[],""mixing_length_alpha"":1.25,""neutral_broadening"":""unsold"",""photospheric_depth_concentration"":1.0,""quality"":""production"",""structure_opacity_sampling_resolution"":1000.0,""synthesis_transfer_depth_refinement"":4}",models/dab-994f3d26f6d578a9670016bb/spectrum.txt,a6f57b64fda1f7980e3dbe26b385d22e6af4243f3473625d093d27441ba4148f,18901,dab,1824.0388928879984,
dab-01f3cccb91c10dd2e71bed1a,25000,7,-6,production,COMPLETE_NUMERICAL,0a74fdbe06596fc145f5169a3b239ddd67053141,"{""abundances"":null,""allard_minimum_effective_temperature"":9000.0,""atmosphere_solver"":""adaptive-newton"",""balmer_self_broadening_prescription"":null,""balmer_self_broadening_truncation_closure"":""stark-core"",""effective_temperature"":25000,""formal_maximum_metal_lines"":null,""formal_minimum_metal_oscillator_strength"":0.0001,""h2_he_cia_path"":null,""include_molecules"":false,""log_hydrogen_to_helium"":-6,""logg"":7,""lyman_profile_source"":""allard"",""maximum_metal_charge"":4,""metal_classical_electron_stark"":false,""metal_line_supplements"":[],""mixing_length_alpha"":1.25,""neutral_broadening"":""unsold"",""photospheric_depth_concentration"":1.0,""quality"":""production"",""structure_opacity_sampling_resolution"":1000.0,""synthesis_transfer_depth_refinement"":4}",models/dab-01f3cccb91c10dd2e71bed1a/spectrum.txt,41311f086c5d37b2c1452e325e7faa3d0c90a26362aef1514fefcd2072f8f194,18901,dab,4915.921593363164,
dab-3afffe62e35173c729a38402,25000,7,-4,production,COMPLETE_NUMERICAL,0a74fdbe06596fc145f5169a3b239ddd67053141,"{""abundances"":null,""allard_minimum_effective_temperature"":9000.0,""atmosphere_solver"":""adaptive-newton"",""balmer_self_broadening_prescription"":null,""balmer_self_broadening_truncation_closure"":""stark-core"",""effective_temperature"":25000,""formal_maximum_metal_lines"":null,""formal_minimum_metal_oscillator_strength"":0.0001,""h2_he_cia_path"":null,""include_molecules"":false,""log_hydrogen_to_helium"":-4,""logg"":7,""lyman_profile_source"":""allard"",""maximum_metal_charge"":4,""metal_classical_electron_stark"":false,""metal_line_supplements"":[],""mixing_length_alpha"":1.25,""neutral_broadening"":""unsold"",""photospheric_depth_concentration"":1.0,""quality"":""production"",""structure_opacity_sampling_resolution"":1000.0,""synthesis_transfer_depth_refinement"":4}",models/dab-3afffe62e35173c729a38402/spectrum.txt,2d797024815cdbd389ea123e998f1372de2bd667d81b5f13f388b58d888c8a4c,18901,dab,2154.0910844339523,
dab-76a2b0939c066f80b55a0580,25000,7,-2,production,COMPLETE_NUMERICAL,0a74fdbe06596fc145f5169a3b239ddd67053141,"{""abundances"":null,""allard_minimum_effective_temperature"":9000.0,""atmosphere_solver"":""adaptive-newton"",""balmer_self_broadening_prescription"":null,""balmer_self_broadening_truncation_closure"":""stark-core"",""effective_temperature"":25000,""formal_maximum_metal_lines"":null,""formal_minimum_metal_oscillator_strength"":0.0001,""h2_he_cia_path"":null,""include_molecules"":false,""log_hydrogen_to_helium"":-2,""logg"":7,""lyman_profile_source"":""allard"",""maximum_metal_charge"":4,""metal_classical_electron_stark"":false,""metal_line_supplements"":[],""mixing_length_alpha"":1.25,""neutral_broadening"":""unsold"",""photospheric_depth_concentration"":1.0,""quality"":""production"",""structure_opacity_sampling_resolution"":1000.0,""synthesis_transfer_depth_refinement"":4}",models/dab-76a2b0939c066f80b55a0580/spectrum.txt,76ab2782375cd70f52106a7d8c4a918be19f73767846ed03e4c0f1a7dd612cc3,18901,dab,2241.0018947380595,
dab-7ee1040ef4b02c2746041667,25000,7,0,production,COMPLETE_NUMERICAL,0a74fdbe06596fc145f5169a3b239ddd67053141,"{""abundances"":null,""allard_minimum_effective_temperature"":9000.0,""atmosphere_solver"":""adaptive-newton"",""balmer_self_broadening_prescription"":null,""balmer_self_broadening_truncation_closure"":""stark-core"",""effective_temperature"":25000,""formal_maximum_metal_lines"":null,""formal_minimum_metal_oscillator_strength"":0.0001,""h2_he_cia_path"":null,""include_molecules"":false,""log_hydrogen_to_helium"":0,""logg"":7,""lyman_profile_source"":""allard"",""maximum_metal_charge"":4,""metal_classical_electron_stark"":false,""metal_line_supplements"":[],""mixing_length_alpha"":1.25,""neutral_broadening"":""unsold"",""photospheric_depth_concentration"":1.0,""quality"":""production"",""structure_opacity_sampling_resolution"":1000.0,""synthesis_transfer_depth_refinement"":4}",models/dab-7ee1040ef4b02c2746041667/spectrum.txt,d7494443317897384657844cbc987646e424cbd94cd4df4bdff2b4fd32d0a1e8,18901,dab,2475.440010813996,
dab-3d53374085db7ecae69b8297,25000,7,2,production,COMPLETE_NUMERICAL,0a74fdbe06596fc145f5169a3b239ddd67053141,"{""abundances"":null,""allard_minimum_effective_temperature"":9000.0,""atmosphere_solver"":""adaptive-newton"",""balmer_self_broadening_prescription"":null,""balmer_self_broadening_truncation_closure"":""stark-core"",""effective_temperature"":25000,""formal_maximum_metal_lines"":null,""formal_minimum_metal_oscillator_strength"":0.0001,""h2_he_cia_path"":null,""include_molecules"":false,""log_hydrogen_to_helium"":2,""logg"":7,""lyman_profile_source"":""allard"",""maximum_metal_charge"":4,""metal_classical_electron_stark"":false,""metal_line_supplements"":[],""mixing_length_alpha"":1.25,""neutral_broadening"":""unsold"",""photospheric_depth_concentration"":1.0,""quality"":""production"",""structure_opacity_sampling_resolution"":1000.0,""synthesis_transfer_depth_refinement"":4}",models/dab-3d53374085db7ecae69b8297/spectrum.txt,b78996b4b15966f5dc7a24c341dc9a4ff64b66257b85e6b1ab39eea3d361ac45,18901,dab,1665.2399096749723,
dab-6d9a442d35da4dbabffc1205,25000,7,4,production,COMPLETE_NUMERICAL,0a74fdbe06596fc145f5169a3b239ddd67053141,"{""abundances"":null,""allard_minimum_effective_temperature"":9000.0,""atmosphere_solver"":""adaptive-newton"",""balmer_self_broadening_prescription"":null,""balmer_self_broadening_truncation_closure"":""stark-core"",""effective_temperature"":25000,""formal_maximum_metal_lines"":null,""formal_minimum_metal_oscillator_strength"":0.0001,""h2_he_cia_path"":null,""include_molecules"":false,""log_hydrogen_to_helium"":4,""logg"":7,""lyman_profile_source"":""allard"",""maximum_metal_charge"":4,""metal_classical_electron_stark"":false,""metal_line_supplements"":[],""mixing_length_alpha"":1.25,""neutral_broadening"":""unsold"",""photospheric_depth_concentration"":1.0,""quality"":""production"",""structure_opacity_sampling_resolution"":1000.0,""synthesis_transfer_depth_refinement"":4}",models/dab-6d9a442d35da4dbabffc1205/spectrum.txt,4eab2154f3a60906ef8f6b0937d016ac88cf75b86bc3b40ea6b1f24eb9e0fc20,18901,dab,1562.1000226158649,
dab-651a9a4669252a83873c6943,25000,7.5,-6,production,COMPLETE_NUMERICAL,0a74fdbe06596fc145f5169a3b239ddd67053141,"{""abundances"":null,""allard_minimum_effective_temperature"":9000.0,""atmosphere_solver"":""adaptive-newton"",""balmer_self_broadening_prescription"":null,""balmer_self_broadening_truncation_closure"":""stark-core"",""effective_temperature"":25000,""formal_maximum_metal_lines"":null,""formal_minimum_metal_oscillator_strength"":0.0001,""h2_he_cia_path"":null,""include_molecules"":false,""log_hydrogen_to_helium"":-6,""logg"":7.5,""lyman_profile_source"":""allard"",""maximum_metal_charge"":4,""metal_classical_electron_stark"":false,""metal_line_supplements"":[],""mixing_length_alpha"":1.25,""neutral_broadening"":""unsold"",""photospheric_depth_concentration"":1.0,""quality"":""production"",""structure_opacity_sampling_resolution"":1000.0,""synthesis_transfer_depth_refinement"":4}",models/dab-651a9a4669252a83873c6943/spectrum.txt,344e51b4f46c9c5725b4e78b83800b1f0697640468010711cc0c6e00a7b756f2,18901,dab,2189.7900065779686,
dab-3ca2b4b91bb14b262044fe90,25000,7.5,-4,production,COMPLETE_NUMERICAL,0a74fdbe06596fc145f5169a3b239ddd67053141,"{""abundances"":null,""allard_minimum_effective_temperature"":9000.0,""atmosphere_solver"":""adaptive-newton"",""balmer_self_broadening_prescription"":null,""balmer_self_broadening_truncation_closure"":""stark-core"",""effective_temperature"":25000,""formal_maximum_metal_lines"":null,""formal_minimum_metal_oscillator_strength"":0.0001,""h2_he_cia_path"":null,""include_molecules"":false,""log_hydrogen_to_helium"":-4,""logg"":7.5,""lyman_profile_source"":""allard"",""maximum_metal_charge"":4,""metal_classical_electron_stark"":false,""metal_line_supplements"":[],""mixing_length_alpha"":1.25,""neutral_broadening"":""unsold"",""photospheric_depth_concentration"":1.0,""quality"":""production"",""structure_opacity_sampling_resolution"":1000.0,""synthesis_transfer_depth_refinement"":4}",models/dab-3ca2b4b91bb14b262044fe90/spectrum.txt,eec6464e2aeb3f00d749ae2954a082b81df1f42fc73e9c07de6b027d8f830024,18901,dab,2481.0427074951585,
dab-4ff38c7cd98e2e41a817ead2,25000,7.5,-2,production,COMPLETE_NUMERICAL,0a74fdbe06596fc145f5169a3b239ddd67053141,"{""abundances"":null,""allard_minimum_effective_temperature"":9000.0,""atmosphere_solver"":""adaptive-newton"",""balmer_self_broadening_prescription"":null,""balmer_self_broadening_truncation_closure"":""stark-core"",""effective_temperature"":25000,""formal_maximum_metal_lines"":null,""formal_minimum_metal_oscillator_strength"":0.0001,""h2_he_cia_path"":null,""include_molecules"":false,""log_hydrogen_to_helium"":-2,""logg"":7.5,""lyman_profile_source"":""allard"",""maximum_metal_charge"":4,""metal_classical_electron_stark"":false,""metal_line_supplements"":[],""mixing_length_alpha"":1.25,""neutral_broadening"":""unsold"",""photospheric_depth_concentration"":1.0,""quality"":""production"",""structure_opacity_sampling_resolution"":1000.0,""synthesis_transfer_depth_refinement"":4}",models/dab-4ff38c7cd98e2e41a817ead2/spectrum.txt,1d6c46d6a87d9e9745a0dc9fdc62c5c1516ef180062b3fa44fe2d271acbb3e9c,18901,dab,2306.221446694806,
dab-fcf56aa3a7d9c434c75703d5,25000,7.5,0,production,COMPLETE_NUMERICAL,0a74fdbe06596fc145f5169a3b239ddd67053141,"{""abundances"":null,""allard_minimum_effective_temperature"":9000.0,""atmosphere_solver"":""adaptive-newton"",""balmer_self_broadening_prescription"":null,""balmer_self_broadening_truncation_closure"":""stark-core"",""effective_temperature"":25000,""formal_maximum_metal_lines"":null,""formal_minimum_metal_oscillator_strength"":0.0001,""h2_he_cia_path"":null,""include_molecules"":false,""log_hydrogen_to_helium"":0,""logg"":7.5,""lyman_profile_source"":""allard"",""maximum_metal_charge"":4,""metal_classical_electron_stark"":false,""metal_line_supplements"":[],""mixing_length_alpha"":1.25,""neutral_broadening"":""unsold"",""photospheric_depth_concentration"":1.0,""quality"":""production"",""structure_opacity_sampling_resolution"":1000.0,""synthesis_transfer_depth_refinement"":4}",models/dab-fcf56aa3a7d9c434c75703d5/spectrum.txt,27368e746b7d2acaeeb5e3e57690c4efa94b02bc8d1e8f297cd6ecd7e62a9901,18901,dab,2609.0585120529868,
dab-ceb23ce326bb72c54b15af8d,25000,7.5,2,production,COMPLETE_NUMERICAL,0a74fdbe06596fc145f5169a3b239ddd67053141,"{""abundances"":null,""allard_minimum_effective_temperature"":9000.0,""atmosphere_solver"":""adaptive-newton"",""balmer_self_broadening_prescription"":null,""balmer_self_broadening_truncation_closure"":""stark-core"",""effective_temperature"":25000,""formal_maximum_metal_lines"":null,""formal_minimum_metal_oscillator_strength"":0.0001,""h2_he_cia_path"":null,""include_molecules"":false,""log_hydrogen_to_helium"":2,""logg"":7.5,""lyman_profile_source"":""allard"",""maximum_metal_charge"":4,""metal_classical_electron_stark"":false,""metal_line_supplements"":[],""mixing_length_alpha"":1.25,""neutral_broadening"":""unsold"",""photospheric_depth_concentration"":1.0,""quality"":""production"",""structure_opacity_sampling_resolution"":1000.0,""synthesis_transfer_depth_refinement"":4}",models/dab-ceb23ce326bb72c54b15af8d/spectrum.txt,3e9d3f1565f7ccdd07fc04fe8fa5b0cda314b81dd70596dfe34744aa7c9acd7d,18901,dab,1665.6018356662244,
dab-d338ac49047a01d8014eda5d,25000,7.5,4,production,COMPLETE_NUMERICAL,0a74fdbe06596fc145f5169a3b239ddd67053141,"{""abundances"":null,""allard_minimum_effective_temperature"":9000.0,""atmosphere_solver"":""adaptive-newton"",""balmer_self_broadening_prescription"":null,""balmer_self_broadening_truncation_closure"":""stark-core"",""effective_temperature"":25000,""formal_maximum_metal_lines"":null,""formal_minimum_metal_oscillator_strength"":0.0001,""h2_he_cia_path"":null,""include_molecules"":false,""log_hydrogen_to_helium"":4,""logg"":7.5,""lyman_profile_source"":""allard"",""maximum_metal_charge"":4,""metal_classical_electron_stark"":false,""metal_line_supplements"":[],""mixing_length_alpha"":1.25,""neutral_broadening"":""unsold"",""photospheric_depth_concentration"":1.0,""quality"":""production"",""structure_opacity_sampling_resolution"":1000.0,""synthesis_transfer_depth_refinement"":4}",models/dab-d338ac49047a01d8014eda5d/spectrum.txt,fba3432ae70cf7d3c84a6bf342218455a6c52b47047dffdbfc4ca36069836fe5,18901,dab,1644.3528606980108,
dab-20faf763c0bd8010e8e69609,25000,8,-6,production,COMPLETE_NUMERICAL,0a74fdbe06596fc145f5169a3b239ddd67053141,"{""abundances"":null,""allard_minimum_effective_temperature"":9000.0,""atmosphere_solver"":""adaptive-newton"",""balmer_self_broadening_prescription"":null,""balmer_self_broadening_truncation_closure"":""stark-core"",""effective_temperature"":25000,""formal_maximum_metal_lines"":null,""formal_minimum_metal_oscillator_strength"":0.0001,""h2_he_cia_path"":null,""include_molecules"":false,""log_hydrogen_to_helium"":-6,""logg"":8,""lyman_profile_source"":""allard"",""maximum_metal_charge"":4,""metal_classical_electron_stark"":false,""metal_line_supplements"":[],""mixing_length_alpha"":1.25,""neutral_broadening"":""unsold"",""photospheric_depth_concentration"":1.0,""quality"":""production"",""structure_opacity_sampling_resolution"":1000.0,""synthesis_transfer_depth_refinement"":4}",models/dab-20faf763c0bd8010e8e69609/spectrum.txt,97dc8401d80348d9b2d743904f215a62ecd49b1ef71cddbfa123da6e7f3fdf05,18901,dab,2128.6495034110267,
dab-b4bec9ce2980447ae847b802,25000,8,-4,production,COMPLETE_NUMERICAL,0a74fdbe06596fc145f5169a3b239ddd67053141,"{""abundances"":null,""allard_minimum_effective_temperature"":9000.0,""atmosphere_solver"":""adaptive-newton"",""balmer_self_broadening_prescription"":null,""balmer_self_broadening_truncation_closure"":""stark-core"",""effective_temperature"":25000,""formal_maximum_metal_lines"":null,""formal_minimum_metal_oscillator_strength"":0.0001,""h2_he_cia_path"":null,""include_molecules"":false,""log_hydrogen_to_helium"":-4,""logg"":8,""lyman_profile_source"":""allard"",""maximum_metal_charge"":4,""metal_classical_electron_stark"":false,""metal_line_supplements"":[],""mixing_length_alpha"":1.25,""neutral_broadening"":""unsold"",""photospheric_depth_concentration"":1.0,""quality"":""production"",""structure_opacity_sampling_resolution"":1000.0,""synthesis_transfer_depth_refinement"":4}",models/dab-b4bec9ce2980447ae847b802/spectrum.txt,f34e4364bf67ad5cb28eca36c2a8d8757c59e4e65c7a3b5c8a0c162907d6f871,18901,dab,2578.6788263940252,
dab-7d6f77dd2f6e15eb1839ee06,25000,8,-2,production,COMPLETE_NUMERICAL,0a74fdbe06596fc145f5169a3b239ddd67053141,"{""abundances"":null,""allard_minimum_effective_temperature"":9000.0,""atmosphere_solver"":""adaptive-newton"",""balmer_self_broadening_prescription"":null,""balmer_self_broadening_truncation_closure"":""stark-core"",""effective_temperature"":25000,""formal_maximum_metal_lines"":null,""formal_minimum_metal_oscillator_strength"":0.0001,""h2_he_cia_path"":null,""include_molecules"":false,""log_hydrogen_to_helium"":-2,""logg"":8,""lyman_profile_source"":""allard"",""maximum_metal_charge"":4,""metal_classical_electron_stark"":false,""metal_line_supplements"":[],""mixing_length_alpha"":1.25,""neutral_broadening"":""unsold"",""photospheric_depth_concentration"":1.0,""quality"":""production"",""structure_opacity_sampling_resolution"":1000.0,""synthesis_transfer_depth_refinement"":4}",models/dab-7d6f77dd2f6e15eb1839ee06/spectrum.txt,5518fe5875f60d3e6b037ae5187a084b14d82ea44fc1cd150e1478ef1286365e,18901,dab,3065.066472525941,
dab-8583e2e3568189563a762627,25000,8,0,production,COMPLETE_NUMERICAL,0a74fdbe06596fc145f5169a3b239ddd67053141,"{""abundances"":null,""allard_minimum_effective_temperature"":9000.0,""atmosphere_solver"":""adaptive-newton"",""balmer_self_broadening_prescription"":null,""balmer_self_broadening_truncation_closure"":""stark-core"",""effective_temperature"":25000,""formal_maximum_metal_lines"":null,""formal_minimum_metal_oscillator_strength"":0.0001,""h2_he_cia_path"":null,""include_molecules"":false,""log_hydrogen_to_helium"":0,""logg"":8,""lyman_profile_source"":""allard"",""maximum_metal_charge"":4,""metal_classical_electron_stark"":false,""metal_line_supplements"":[],""mixing_length_alpha"":1.25,""neutral_broadening"":""unsold"",""photospheric_depth_concentration"":1.0,""quality"":""production"",""structure_opacity_sampling_resolution"":1000.0,""synthesis_transfer_depth_refinement"":4}",models/dab-8583e2e3568189563a762627/spectrum.txt,c78f7ea623ff5e1f2d80b8d392077dbe1f1b1e8142f0255c4b5a737b8baafe70,18901,dab,2713.866408306174,
dab-91abbea6fcb450a816edfef7,25000,8,2,production,COMPLETE_NUMERICAL,0a74fdbe06596fc145f5169a3b239ddd67053141,"{""abundances"":null,""allard_minimum_effective_temperature"":9000.0,""atmosphere_solver"":""adaptive-newton"",""balmer_self_broadening_prescription"":null,""balmer_self_broadening_truncation_closure"":""stark-core"",""effective_temperature"":25000,""formal_maximum_metal_lines"":null,""formal_minimum_metal_oscillator_strength"":0.0001,""h2_he_cia_path"":null,""include_molecules"":false,""log_hydrogen_to_helium"":2,""logg"":8,""lyman_profile_source"":""allard"",""maximum_metal_charge"":4,""metal_classical_electron_stark"":false,""metal_line_supplements"":[],""mixing_length_alpha"":1.25,""neutral_broadening"":""unsold"",""photospheric_depth_concentration"":1.0,""quality"":""production"",""structure_opacity_sampling_resolution"":1000.0,""synthesis_transfer_depth_refinement"":4}",models/dab-91abbea6fcb450a816edfef7/spectrum.txt,ddd4100bd3353ebdf9d0027c6e4607bf5b725918d082b1f4e9abce3a845afb20,18901,dab,1936.8934178489726,
dab-a37a7d99d49d8401d863877e,25000,8,4,production,COMPLETE_NUMERICAL,0a74fdbe06596fc145f5169a3b239ddd67053141,"{""abundances"":null,""allard_minimum_effective_temperature"":9000.0,""atmosphere_solver"":""adaptive-newton"",""balmer_self_broadening_prescription"":null,""balmer_self_broadening_truncation_closure"":""stark-core"",""effective_temperature"":25000,""formal_maximum_metal_lines"":null,""formal_minimum_metal_oscillator_strength"":0.0001,""h2_he_cia_path"":null,""include_molecules"":false,""log_hydrogen_to_helium"":4,""logg"":8,""lyman_profile_source"":""allard"",""maximum_metal_charge"":4,""metal_classical_electron_stark"":false,""metal_line_supplements"":[],""mixing_length_alpha"":1.25,""neutral_broadening"":""unsold"",""photospheric_depth_concentration"":1.0,""quality"":""production"",""structure_opacity_sampling_resolution"":1000.0,""synthesis_transfer_depth_refinement"":4}",models/dab-a37a7d99d49d8401d863877e/spectrum.txt,d2de699e0e2b1bd8de0c0c48490d8b579a4ee1c95cad3c32769dd4c1e15b1e99,18901,dab,1680.7680082030129,
dab-953ec45f27c208f93bf949a1,25000,8.5,-6,production,COMPLETE_NUMERICAL,0a74fdbe06596fc145f5169a3b239ddd67053141,"{""abundances"":null,""allard_minimum_effective_temperature"":9000.0,""atmosphere_solver"":""adaptive-newton"",""balmer_self_broadening_prescription"":null,""balmer_self_broadening_truncation_closure"":""stark-core"",""effective_temperature"":25000,""formal_maximum_metal_lines"":null,""formal_minimum_metal_oscillator_strength"":0.0001,""h2_he_cia_path"":null,""include_molecules"":false,""log_hydrogen_to_helium"":-6,""logg"":8.5,""lyman_profile_source"":""allard"",""maximum_metal_charge"":4,""metal_classical_electron_stark"":false,""metal_line_supplements"":[],""mixing_length_alpha"":1.25,""neutral_broadening"":""unsold"",""photospheric_depth_concentration"":1.0,""quality"":""production"",""structure_opacity_sampling_resolution"":1000.0,""synthesis_transfer_depth_refinement"":4}",models/dab-953ec45f27c208f93bf949a1/spectrum.txt,0d1bf7f744545e929e478000751ca046a58cf2dcfada5111a96ba85397897d29,18901,dab,2850.6096753648017,
dab-f5b13826b26bf0809533cba6,25000,8.5,-4,production,COMPLETE_NUMERICAL,0a74fdbe06596fc145f5169a3b239ddd67053141,"{""abundances"":null,""allard_minimum_effective_temperature"":9000.0,""atmosphere_solver"":""adaptive-newton"",""balmer_self_broadening_prescription"":null,""balmer_self_broadening_truncation_closure"":""stark-core"",""effective_temperature"":25000,""formal_maximum_metal_lines"":null,""formal_minimum_metal_oscillator_strength"":0.0001,""h2_he_cia_path"":null,""include_molecules"":false,""log_hydrogen_to_helium"":-4,""logg"":8.5,""lyman_profile_source"":""allard"",""maximum_metal_charge"":4,""metal_classical_electron_stark"":false,""metal_line_supplements"":[],""mixing_length_alpha"":1.25,""neutral_broadening"":""unsold"",""photospheric_depth_concentration"":1.0,""quality"":""production"",""structure_opacity_sampling_resolution"":1000.0,""synthesis_transfer_depth_refinement"":4}",models/dab-f5b13826b26bf0809533cba6/spectrum.txt,3430050aca984c0e6c0b991b517750b79ffe5f983c4ae86f2d7e02bfff69c5c2,18901,dab,4081.4095981861465,
dab-37fcd065ace49f013df1454f,25000,8.5,-2,production,COMPLETE_NUMERICAL,0a74fdbe06596fc145f5169a3b239ddd67053141,"{""abundances"":null,""allard_minimum_effective_temperature"":9000.0,""atmosphere_solver"":""adaptive-newton"",""balmer_self_broadening_prescription"":null,""balmer_self_broadening_truncation_closure"":""stark-core"",""effective_temperature"":25000,""formal_maximum_metal_lines"":null,""formal_minimum_metal_oscillator_strength"":0.0001,""h2_he_cia_path"":null,""include_molecules"":false,""log_hydrogen_to_helium"":-2,""logg"":8.5,""lyman_profile_source"":""allard"",""maximum_metal_charge"":4,""metal_classical_electron_stark"":false,""metal_line_supplements"":[],""mixing_length_alpha"":1.25,""neutral_broadening"":""unsold"",""photospheric_depth_concentration"":1.0,""quality"":""production"",""structure_opacity_sampling_resolution"":1000.0,""synthesis_transfer_depth_refinement"":4}",models/dab-37fcd065ace49f013df1454f/spectrum.txt,12d5f99de042256ce294830cfeed7114acf245a0aeccc228537ae50f30a3cd53,18901,dab,2512.763870381983,
dab-00e081f894cb0184879ac4c6,25000,8.5,0,production,COMPLETE_NUMERICAL,0a74fdbe06596fc145f5169a3b239ddd67053141,"{""abundances"":null,""allard_minimum_effective_temperature"":9000.0,""atmosphere_solver"":""adaptive-newton"",""balmer_self_broadening_prescription"":null,""balmer_self_broadening_truncation_closure"":""stark-core"",""effective_temperature"":25000,""formal_maximum_metal_lines"":null,""formal_minimum_metal_oscillator_strength"":0.0001,""h2_he_cia_path"":null,""include_molecules"":false,""log_hydrogen_to_helium"":0,""logg"":8.5,""lyman_profile_source"":""allard"",""maximum_metal_charge"":4,""metal_classical_electron_stark"":false,""metal_line_supplements"":[],""mixing_length_alpha"":1.25,""neutral_broadening"":""unsold"",""photospheric_depth_concentration"":1.0,""quality"":""production"",""structure_opacity_sampling_resolution"":1000.0,""synthesis_transfer_depth_refinement"":4}",models/dab-00e081f894cb0184879ac4c6/spectrum.txt,13c54c0e2b48c80d886234eba4b3f3d629829311eeaa8ea98c65811df5233907,18901,dab,2609.725093357032,
dab-dcd9a958cb97be2dd41f0d23,25000,8.5,2,production,COMPLETE_NUMERICAL,0a74fdbe06596fc145f5169a3b239ddd67053141,"{""abundances"":null,""allard_minimum_effective_temperature"":9000.0,""atmosphere_solver"":""adaptive-newton"",""balmer_self_broadening_prescription"":null,""balmer_self_broadening_truncation_closure"":""stark-core"",""effective_temperature"":25000,""formal_maximum_metal_lines"":null,""formal_minimum_metal_oscillator_strength"":0.0001,""h2_he_cia_path"":null,""include_molecules"":false,""log_hydrogen_to_helium"":2,""logg"":8.5,""lyman_profile_source"":""allard"",""maximum_metal_charge"":4,""metal_classical_electron_stark"":false,""metal_line_supplements"":[],""mixing_length_alpha"":1.25,""neutral_broadening"":""unsold"",""photospheric_depth_concentration"":1.0,""quality"":""production"",""structure_opacity_sampling_resolution"":1000.0,""synthesis_transfer_depth_refinement"":4}",models/dab-dcd9a958cb97be2dd41f0d23/spectrum.txt,fc8af61ac34f678cd0e91ad9d122232c1ed5ff72334b7c140297819be4b6b204,18901,dab,2225.787401165813,
dab-329575eb075d6cf9a4783271,25000,8.5,4,production,COMPLETE_NUMERICAL,0a74fdbe06596fc145f5169a3b239ddd67053141,"{""abundances"":null,""allard_minimum_effective_temperature"":9000.0,""atmosphere_solver"":""adaptive-newton"",""balmer_self_broadening_prescription"":null,""balmer_self_broadening_truncation_closure"":""stark-core"",""effective_temperature"":25000,""formal_maximum_metal_lines"":null,""formal_minimum_metal_oscillator_strength"":0.0001,""h2_he_cia_path"":null,""include_molecules"":false,""log_hydrogen_to_helium"":4,""logg"":8.5,""lyman_profile_source"":""allard"",""maximum_metal_charge"":4,""metal_classical_electron_stark"":false,""metal_line_supplements"":[],""mixing_length_alpha"":1.25,""neutral_broadening"":""unsold"",""photospheric_depth_concentration"":1.0,""quality"":""production"",""structure_opacity_sampling_resolution"":1000.0,""synthesis_transfer_depth_refinement"":4}",models/dab-329575eb075d6cf9a4783271/spectrum.txt,3448e23d7542afcaa8da74075833ff6b5efb8f3acba9711f0e1e3086777435b4,18901,dab,1845.5456208400428,
dab-6858ef1bb4b0dab2f0d36fa2,25000,9,-6,production,COMPLETE_NUMERICAL,0a74fdbe06596fc145f5169a3b239ddd67053141,"{""abundances"":null,""allard_minimum_effective_temperature"":9000.0,""atmosphere_solver"":""adaptive-newton"",""balmer_self_broadening_prescription"":null,""balmer_self_broadening_truncation_closure"":""stark-core"",""effective_temperature"":25000,""formal_maximum_metal_lines"":null,""formal_minimum_metal_oscillator_strength"":0.0001,""h2_he_cia_path"":null,""include_molecules"":false,""log_hydrogen_to_helium"":-6,""logg"":9,""lyman_profile_source"":""allard"",""maximum_metal_charge"":4,""metal_classical_electron_stark"":false,""metal_line_supplements"":[],""mixing_length_alpha"":1.25,""neutral_broadening"":""unsold"",""photospheric_depth_concentration"":1.0,""quality"":""production"",""structure_opacity_sampling_resolution"":1000.0,""synthesis_transfer_depth_refinement"":4}",models/dab-6858ef1bb4b0dab2f0d36fa2/spectrum.txt,5980c03e4b67f8cb36d7e0d82a15fac57fe8c330070a01b9b73abfec6ddeac48,18901,dab,3238.643187640002,
dab-176e659dac32c5c6daefd5a4,25000,9,-4,production,COMPLETE_NUMERICAL,0a74fdbe06596fc145f5169a3b239ddd67053141,"{""abundances"":null,""allard_minimum_effective_temperature"":9000.0,""atmosphere_solver"":""adaptive-newton"",""balmer_self_broadening_prescription"":null,""balmer_self_broadening_truncation_closure"":""stark-core"",""effective_temperature"":25000,""formal_maximum_metal_lines"":null,""formal_minimum_metal_oscillator_strength"":0.0001,""h2_he_cia_path"":null,""include_molecules"":false,""log_hydrogen_to_helium"":-4,""logg"":9,""lyman_profile_source"":""allard"",""maximum_metal_charge"":4,""metal_classical_electron_stark"":false,""metal_line_supplements"":[],""mixing_length_alpha"":1.25,""neutral_broadening"":""unsold"",""photospheric_depth_concentration"":1.0,""quality"":""production"",""structure_opacity_sampling_resolution"":1000.0,""synthesis_transfer_depth_refinement"":4}",models/dab-176e659dac32c5c6daefd5a4/spectrum.txt,6910010cb7523566ab165962d46e8de90fb239e520c3b92f17d839c9b21f75d6,18901,dab,3861.043137490982,
dab-0a953eb9cdcaf7df9920c869,25000,9,-2,production,COMPLETE_NUMERICAL,0a74fdbe06596fc145f5169a3b239ddd67053141,"{""abundances"":null,""allard_minimum_effective_temperature"":9000.0,""atmosphere_solver"":""adaptive-newton"",""balmer_self_broadening_prescription"":null,""balmer_self_broadening_truncation_closure"":""stark-core"",""effective_temperature"":25000,""formal_maximum_metal_lines"":null,""formal_minimum_metal_oscillator_strength"":0.0001,""h2_he_cia_path"":null,""include_molecules"":false,""log_hydrogen_to_helium"":-2,""logg"":9,""lyman_profile_source"":""allard"",""maximum_metal_charge"":4,""metal_classical_electron_stark"":false,""metal_line_supplements"":[],""mixing_length_alpha"":1.25,""neutral_broadening"":""unsold"",""photospheric_depth_concentration"":1.0,""quality"":""production"",""structure_opacity_sampling_resolution"":1000.0,""synthesis_transfer_depth_refinement"":4}",models/dab-0a953eb9cdcaf7df9920c869/spectrum.txt,a00e72ea532b669f70a275cd0687ed150130f69b850e756633b95f12c8d410d5,18901,dab,2429.754379010061,
dab-a20ba842403ff8dca258ebf8,25000,9,0,production,COMPLETE_NUMERICAL,0a74fdbe06596fc145f5169a3b239ddd67053141,"{""abundances"":null,""allard_minimum_effective_temperature"":9000.0,""atmosphere_solver"":""adaptive-newton"",""balmer_self_broadening_prescription"":null,""balmer_self_broadening_truncation_closure"":""stark-core"",""effective_temperature"":25000,""formal_maximum_metal_lines"":null,""formal_minimum_metal_oscillator_strength"":0.0001,""h2_he_cia_path"":null,""include_molecules"":false,""log_hydrogen_to_helium"":0,""logg"":9,""lyman_profile_source"":""allard"",""maximum_metal_charge"":4,""metal_classical_electron_stark"":false,""metal_line_supplements"":[],""mixing_length_alpha"":1.25,""neutral_broadening"":""unsold"",""photospheric_depth_concentration"":1.0,""quality"":""production"",""structure_opacity_sampling_resolution"":1000.0,""synthesis_transfer_depth_refinement"":4}",models/dab-a20ba842403ff8dca258ebf8/spectrum.txt,26946c0b86f5e96aadf5c79c8ad8ad636ed1c1ee6baa7774258514d9db017e3c,18901,dab,3049.7246791990474,
dab-5a3246e88f09932d1e51376c,25000,9,2,production,COMPLETE_NUMERICAL,0a74fdbe06596fc145f5169a3b239ddd67053141,"{""abundances"":null,""allard_minimum_effective_temperature"":9000.0,""atmosphere_solver"":""adaptive-newton"",""balmer_self_broadening_prescription"":null,""balmer_self_broadening_truncation_closure"":""stark-core"",""effective_temperature"":25000,""formal_maximum_metal_lines"":null,""formal_minimum_metal_oscillator_strength"":0.0001,""h2_he_cia_path"":null,""include_molecules"":false,""log_hydrogen_to_helium"":2,""logg"":9,""lyman_profile_source"":""allard"",""maximum_metal_charge"":4,""metal_classical_electron_stark"":false,""metal_line_supplements"":[],""mixing_length_alpha"":1.25,""neutral_broadening"":""unsold"",""photospheric_depth_concentration"":1.0,""quality"":""production"",""structure_opacity_sampling_resolution"":1000.0,""synthesis_transfer_depth_refinement"":4}",models/dab-5a3246e88f09932d1e51376c/spectrum.txt,3bfd0dcfcaae2c7a5c816d48b8147010f2ce9ba31b88c28f7258ffcefff40086,18901,dab,2187.985334626166,
dab-95107ab9554d7106f0fab112,25000,9,4,production,COMPLETE_NUMERICAL,0a74fdbe06596fc145f5169a3b239ddd67053141,"{""abundances"":null,""allard_minimum_effective_temperature"":9000.0,""atmosphere_solver"":""adaptive-newton"",""balmer_self_broadening_prescription"":null,""balmer_self_broadening_truncation_closure"":""stark-core"",""effective_temperature"":25000,""formal_maximum_metal_lines"":null,""formal_minimum_metal_oscillator_strength"":0.0001,""h2_he_cia_path"":null,""include_molecules"":false,""log_hydrogen_to_helium"":4,""logg"":9,""lyman_profile_source"":""allard"",""maximum_metal_charge"":4,""metal_classical_electron_stark"":false,""metal_line_supplements"":[],""mixing_length_alpha"":1.25,""neutral_broadening"":""unsold"",""photospheric_depth_concentration"":1.0,""quality"":""production"",""structure_opacity_sampling_resolution"":1000.0,""synthesis_transfer_depth_refinement"":4}",models/dab-95107ab9554d7106f0fab112/spectrum.txt,2446025c40d8c45864aa270b603b95acf7ae43a0c4f950e39b37af553e8325a9,18901,dab,2162.9763891480397,
dab-3fd3a840231077ac6dcd4331,25000,9.5,-6,production,COMPLETE_NUMERICAL,0a74fdbe06596fc145f5169a3b239ddd67053141,"{""abundances"":null,""allard_minimum_effective_temperature"":9000.0,""atmosphere_solver"":""adaptive-newton"",""balmer_self_broadening_prescription"":null,""balmer_self_broadening_truncation_closure"":""stark-core"",""effective_temperature"":25000,""formal_maximum_metal_lines"":null,""formal_minimum_metal_oscillator_strength"":0.0001,""h2_he_cia_path"":null,""include_molecules"":false,""log_hydrogen_to_helium"":-6,""logg"":9.5,""lyman_profile_source"":""allard"",""maximum_metal_charge"":4,""metal_classical_electron_stark"":false,""metal_line_supplements"":[],""mixing_length_alpha"":1.25,""neutral_broadening"":""unsold"",""photospheric_depth_concentration"":1.0,""quality"":""production"",""structure_opacity_sampling_resolution"":1000.0,""synthesis_transfer_depth_refinement"":4}",models/dab-3fd3a840231077ac6dcd4331/spectrum.txt,1465583891d38a82215d08e244633989a93d8b6ee3f79224eae65d8cb0897a17,18901,dab,4230.907721118769,
dab-2a7945fea147c84ce2fef1dd,25000,9.5,-4,production,COMPLETE_NUMERICAL,0a74fdbe06596fc145f5169a3b239ddd67053141,"{""abundances"":null,""allard_minimum_effective_temperature"":9000.0,""atmosphere_solver"":""adaptive-newton"",""balmer_self_broadening_prescription"":null,""balmer_self_broadening_truncation_closure"":""stark-core"",""effective_temperature"":25000,""formal_maximum_metal_lines"":null,""formal_minimum_metal_oscillator_strength"":0.0001,""h2_he_cia_path"":null,""include_molecules"":false,""log_hydrogen_to_helium"":-4,""logg"":9.5,""lyman_profile_source"":""allard"",""maximum_metal_charge"":4,""metal_classical_electron_stark"":false,""metal_line_supplements"":[],""mixing_length_alpha"":1.25,""neutral_broadening"":""unsold"",""photospheric_depth_concentration"":1.0,""quality"":""production"",""structure_opacity_sampling_resolution"":1000.0,""synthesis_transfer_depth_refinement"":4}",models/dab-2a7945fea147c84ce2fef1dd/spectrum.txt,15973f939524450c7d2469352e4b5a8cbed52099cf0786c78a30686aa88f0374,18901,dab,4366.983630292118,
dab-4ded86e3342e4b8f117c2a63,25000,9.5,-2,production,COMPLETE_NUMERICAL,0a74fdbe06596fc145f5169a3b239ddd67053141,"{""abundances"":null,""allard_minimum_effective_temperature"":9000.0,""atmosphere_solver"":""adaptive-newton"",""balmer_self_broadening_prescription"":null,""balmer_self_broadening_truncation_closure"":""stark-core"",""effective_temperature"":25000,""formal_maximum_metal_lines"":null,""formal_minimum_metal_oscillator_strength"":0.0001,""h2_he_cia_path"":null,""include_molecules"":false,""log_hydrogen_to_helium"":-2,""logg"":9.5,""lyman_profile_source"":""allard"",""maximum_metal_charge"":4,""metal_classical_electron_stark"":false,""metal_line_supplements"":[],""mixing_length_alpha"":1.25,""neutral_broadening"":""unsold"",""photospheric_depth_concentration"":1.0,""quality"":""production"",""structure_opacity_sampling_resolution"":1000.0,""synthesis_transfer_depth_refinement"":4}",models/dab-4ded86e3342e4b8f117c2a63/spectrum.txt,63e52b76435f6585561a341ea2c1b7d97c1a4edd302479894825d2114ec4203b,18901,dab,2804.579788113013,
dab-06b5978995a105c61c846fb9,25000,9.5,0,production,COMPLETE_NUMERICAL,0a74fdbe06596fc145f5169a3b239ddd67053141,"{""abundances"":null,""allard_minimum_effective_temperature"":9000.0,""atmosphere_solver"":""adaptive-newton"",""balmer_self_broadening_prescription"":null,""balmer_self_broadening_truncation_closure"":""stark-core"",""effective_temperature"":25000,""formal_maximum_metal_lines"":null,""formal_minimum_metal_oscillator_strength"":0.0001,""h2_he_cia_path"":null,""include_molecules"":false,""log_hydrogen_to_helium"":0,""logg"":9.5,""lyman_profile_source"":""allard"",""maximum_metal_charge"":4,""metal_classical_electron_stark"":false,""metal_line_supplements"":[],""mixing_length_alpha"":1.25,""neutral_broadening"":""unsold"",""photospheric_depth_concentration"":1.0,""quality"":""production"",""structure_opacity_sampling_resolution"":1000.0,""synthesis_transfer_depth_refinement"":4}",models/dab-06b5978995a105c61c846fb9/spectrum.txt,389aa9aba8b84f7d44eb4ac4ace9f654fc33bfe17a2a6ab8999f518e12c78fd5,18901,dab,3172.891535908915,
dab-118489e74fe4ae3db9244f1b,25000,9.5,2,production,COMPLETE_NUMERICAL,0a74fdbe06596fc145f5169a3b239ddd67053141,"{""abundances"":null,""allard_minimum_effective_temperature"":9000.0,""atmosphere_solver"":""adaptive-newton"",""balmer_self_broadening_prescription"":null,""balmer_self_broadening_truncation_closure"":""stark-core"",""effective_temperature"":25000,""formal_maximum_metal_lines"":null,""formal_minimum_metal_oscillator_strength"":0.0001,""h2_he_cia_path"":null,""include_molecules"":false,""log_hydrogen_to_helium"":2,""logg"":9.5,""lyman_profile_source"":""allard"",""maximum_metal_charge"":4,""metal_classical_electron_stark"":false,""metal_line_supplements"":[],""mixing_length_alpha"":1.25,""neutral_broadening"":""unsold"",""photospheric_depth_concentration"":1.0,""quality"":""production"",""structure_opacity_sampling_resolution"":1000.0,""synthesis_transfer_depth_refinement"":4}",models/dab-118489e74fe4ae3db9244f1b/spectrum.txt,8f631f05d5d17b8126cd6a11e65a2cfb111c203993bddfee6ec06fd84b3ddbd1,18901,dab,2240.2922647290397,
dab-cf5520366859183037752519,25000,9.5,4,production,COMPLETE_NUMERICAL,0a74fdbe06596fc145f5169a3b239ddd67053141,"{""abundances"":null,""allard_minimum_effective_temperature"":9000.0,""atmosphere_solver"":""adaptive-newton"",""balmer_self_broadening_prescription"":null,""balmer_self_broadening_truncation_closure"":""stark-core"",""effective_temperature"":25000,""formal_maximum_metal_lines"":null,""formal_minimum_metal_oscillator_strength"":0.0001,""h2_he_cia_path"":null,""include_molecules"":false,""log_hydrogen_to_helium"":4,""logg"":9.5,""lyman_profile_source"":""allard"",""maximum_metal_charge"":4,""metal_classical_electron_stark"":false,""metal_line_supplements"":[],""mixing_length_alpha"":1.25,""neutral_broadening"":""unsold"",""photospheric_depth_concentration"":1.0,""quality"":""production"",""structure_opacity_sampling_resolution"":1000.0,""synthesis_transfer_depth_refinement"":4}",models/dab-cf5520366859183037752519/spectrum.txt,7de6146c5e5ff2a14b26dd6b444f34c218454c29d2cc68642469ccc84a96c7ee,18901,dab,2470.4075782790314,
dab-5cc4a6f58be7aa3f0fe27852,30000,6,-6,production,COMPLETE_NUMERICAL,0a74fdbe06596fc145f5169a3b239ddd67053141,"{""abundances"":null,""allard_minimum_effective_temperature"":9000.0,""atmosphere_solver"":""adaptive-newton"",""balmer_self_broadening_prescription"":null,""balmer_self_broadening_truncation_closure"":""stark-core"",""effective_temperature"":30000,""formal_maximum_metal_lines"":null,""formal_minimum_metal_oscillator_strength"":0.0001,""h2_he_cia_path"":null,""include_molecules"":false,""log_hydrogen_to_helium"":-6,""logg"":6,""lyman_profile_source"":""allard"",""maximum_metal_charge"":4,""metal_classical_electron_stark"":false,""metal_line_supplements"":[],""mixing_length_alpha"":1.25,""neutral_broadening"":""unsold"",""photospheric_depth_concentration"":1.0,""quality"":""production"",""structure_opacity_sampling_resolution"":1000.0,""synthesis_transfer_depth_refinement"":4}",models/dab-5cc4a6f58be7aa3f0fe27852/spectrum.txt,eefb515660fdf20918e0dad07b554191571399aab33f1a96882e7703d67061c1,18901,dab,2367.689332648879,
dab-a418e0e732cbfc6a0ee91f36,30000,6,-4,production,COMPLETE_NUMERICAL,0a74fdbe06596fc145f5169a3b239ddd67053141,"{""abundances"":null,""allard_minimum_effective_temperature"":9000.0,""atmosphere_solver"":""adaptive-newton"",""balmer_self_broadening_prescription"":null,""balmer_self_broadening_truncation_closure"":""stark-core"",""effective_temperature"":30000,""formal_maximum_metal_lines"":null,""formal_minimum_metal_oscillator_strength"":0.0001,""h2_he_cia_path"":null,""include_molecules"":false,""log_hydrogen_to_helium"":-4,""logg"":6,""lyman_profile_source"":""allard"",""maximum_metal_charge"":4,""metal_classical_electron_stark"":false,""metal_line_supplements"":[],""mixing_length_alpha"":1.25,""neutral_broadening"":""unsold"",""photospheric_depth_concentration"":1.0,""quality"":""production"",""structure_opacity_sampling_resolution"":1000.0,""synthesis_transfer_depth_refinement"":4}",models/dab-a418e0e732cbfc6a0ee91f36/spectrum.txt,cf619a3c1488f095b9733b8b516d62b86ca7141ffc95321e0572c719482ad46d,18901,dab,2328.362475377973,
dab-6785af6bf2d3a46e0bfb0e96,30000,6,-2,production,COMPLETE_NUMERICAL,0a74fdbe06596fc145f5169a3b239ddd67053141,"{""abundances"":null,""allard_minimum_effective_temperature"":9000.0,""atmosphere_solver"":""adaptive-newton"",""balmer_self_broadening_prescription"":null,""balmer_self_broadening_truncation_closure"":""stark-core"",""effective_temperature"":30000,""formal_maximum_metal_lines"":null,""formal_minimum_metal_oscillator_strength"":0.0001,""h2_he_cia_path"":null,""include_molecules"":false,""log_hydrogen_to_helium"":-2,""logg"":6,""lyman_profile_source"":""allard"",""maximum_metal_charge"":4,""metal_classical_electron_stark"":false,""metal_line_supplements"":[],""mixing_length_alpha"":1.25,""neutral_broadening"":""unsold"",""photospheric_depth_concentration"":1.0,""quality"":""production"",""structure_opacity_sampling_resolution"":1000.0,""synthesis_transfer_depth_refinement"":4}",models/dab-6785af6bf2d3a46e0bfb0e96/spectrum.txt,2cd10a98876002cd31684dcb0f8aa117a805a9f653c69e3af387234a2b9ecc78,18901,dab,1665.0379249230027,
dab-df7663964c4839719ebdfeb0,30000,6,0,production,COMPLETE_NUMERICAL,0a74fdbe06596fc145f5169a3b239ddd67053141,"{""abundances"":null,""allard_minimum_effective_temperature"":9000.0,""atmosphere_solver"":""adaptive-newton"",""balmer_self_broadening_prescription"":null,""balmer_self_broadening_truncation_closure"":""stark-core"",""effective_temperature"":30000,""formal_maximum_metal_lines"":null,""formal_minimum_metal_oscillator_strength"":0.0001,""h2_he_cia_path"":null,""include_molecules"":false,""log_hydrogen_to_helium"":0,""logg"":6,""lyman_profile_source"":""allard"",""maximum_metal_charge"":4,""metal_classical_electron_stark"":false,""metal_line_supplements"":[],""mixing_length_alpha"":1.25,""neutral_broadening"":""unsold"",""photospheric_depth_concentration"":1.0,""quality"":""production"",""structure_opacity_sampling_resolution"":1000.0,""synthesis_transfer_depth_refinement"":4}",models/dab-df7663964c4839719ebdfeb0/spectrum.txt,094571c12239fb9930cbce5a648e792f1df6022ebeedfc5f78fa0e555494e261,18901,dab,2352.830496247858,
dab-b7578679c2aabc36bb8bae5a,30000,6,2,production,COMPLETE_NUMERICAL,0a74fdbe06596fc145f5169a3b239ddd67053141,"{""abundances"":null,""allard_minimum_effective_temperature"":9000.0,""atmosphere_solver"":""adaptive-newton"",""balmer_self_broadening_prescription"":null,""balmer_self_broadening_truncation_closure"":""stark-core"",""effective_temperature"":30000,""formal_maximum_metal_lines"":null,""formal_minimum_metal_oscillator_strength"":0.0001,""h2_he_cia_path"":null,""include_molecules"":false,""log_hydrogen_to_helium"":2,""logg"":6,""lyman_profile_source"":""allard"",""maximum_metal_charge"":4,""metal_classical_electron_stark"":false,""metal_line_supplements"":[],""mixing_length_alpha"":1.25,""neutral_broadening"":""unsold"",""photospheric_depth_concentration"":1.0,""quality"":""production"",""structure_opacity_sampling_resolution"":1000.0,""synthesis_transfer_depth_refinement"":4}",models/dab-b7578679c2aabc36bb8bae5a/spectrum.txt,f59e47b67cfcecc2db0066d421a1ae62aa889109a3a1a0cb4b3380497df9146e,18901,dab,2342.94738420099,
dab-756c06eea2dd4e43ee4f2fcc,30000,6,4,production,COMPLETE_NUMERICAL,0a74fdbe06596fc145f5169a3b239ddd67053141,"{""abundances"":null,""allard_minimum_effective_temperature"":9000.0,""atmosphere_solver"":""adaptive-newton"",""balmer_self_broadening_prescription"":null,""balmer_self_broadening_truncation_closure"":""stark-core"",""effective_temperature"":30000,""formal_maximum_metal_lines"":null,""formal_minimum_metal_oscillator_strength"":0.0001,""h2_he_cia_path"":null,""include_molecules"":false,""log_hydrogen_to_helium"":4,""logg"":6,""lyman_profile_source"":""allard"",""maximum_metal_charge"":4,""metal_classical_electron_stark"":false,""metal_line_supplements"":[],""mixing_length_alpha"":1.25,""neutral_broadening"":""unsold"",""photospheric_depth_concentration"":1.0,""quality"":""production"",""structure_opacity_sampling_resolution"":1000.0,""synthesis_transfer_depth_refinement"":4}",models/dab-756c06eea2dd4e43ee4f2fcc/spectrum.txt,231f396e26c3af3e7fee720f621d650e2d6ade7f9458df6fc677f3931d242e61,18901,dab,2036.2848829799332,
dab-dc33811e6021bef9fd788cc1,30000,6.5,-6,production,COMPLETE_NUMERICAL,0a74fdbe06596fc145f5169a3b239ddd67053141,"{""abundances"":null,""allard_minimum_effective_temperature"":9000.0,""atmosphere_solver"":""adaptive-newton"",""balmer_self_broadening_prescription"":null,""balmer_self_broadening_truncation_closure"":""stark-core"",""effective_temperature"":30000,""formal_maximum_metal_lines"":null,""formal_minimum_metal_oscillator_strength"":0.0001,""h2_he_cia_path"":null,""include_molecules"":false,""log_hydrogen_to_helium"":-6,""logg"":6.5,""lyman_profile_source"":""allard"",""maximum_metal_charge"":4,""metal_classical_electron_stark"":false,""metal_line_supplements"":[],""mixing_length_alpha"":1.25,""neutral_broadening"":""unsold"",""photospheric_depth_concentration"":1.0,""quality"":""production"",""structure_opacity_sampling_resolution"":1000.0,""synthesis_transfer_depth_refinement"":4}",models/dab-dc33811e6021bef9fd788cc1/spectrum.txt,0ac0fec548500a0d3b52f7d5e8c7e6ead4c730d2ac22f502c499b69e2b281757,18901,dab,2408.043790376978,
dab-2dcbaf54ea72c0c09017817b,30000,6.5,-4,production,COMPLETE_NUMERICAL,0a74fdbe06596fc145f5169a3b239ddd67053141,"{""abundances"":null,""allard_minimum_effective_temperature"":9000.0,""atmosphere_solver"":""adaptive-newton"",""balmer_self_broadening_prescription"":null,""balmer_self_broadening_truncation_closure"":""stark-core"",""effective_temperature"":30000,""formal_maximum_metal_lines"":null,""formal_minimum_metal_oscillator_strength"":0.0001,""h2_he_cia_path"":null,""include_molecules"":false,""log_hydrogen_to_helium"":-4,""logg"":6.5,""lyman_profile_source"":""allard"",""maximum_metal_charge"":4,""metal_classical_electron_stark"":false,""metal_line_supplements"":[],""mixing_length_alpha"":1.25,""neutral_broadening"":""unsold"",""photospheric_depth_concentration"":1.0,""quality"":""production"",""structure_opacity_sampling_resolution"":1000.0,""synthesis_transfer_depth_refinement"":4}",models/dab-2dcbaf54ea72c0c09017817b/spectrum.txt,d0d49ab93cf39d6dc7118ee846fd94dbb1d3fd4f5e1497412dcd60325080bdcc,18901,dab,2679.119082435034,
dab-98c9bbd801f3b640b1e9591e,30000,6.5,-2,production,COMPLETE_NUMERICAL,0a74fdbe06596fc145f5169a3b239ddd67053141,"{""abundances"":null,""allard_minimum_effective_temperature"":9000.0,""atmosphere_solver"":""adaptive-newton"",""balmer_self_broadening_prescription"":null,""balmer_self_broadening_truncation_closure"":""stark-core"",""effective_temperature"":30000,""formal_maximum_metal_lines"":null,""formal_minimum_metal_oscillator_strength"":0.0001,""h2_he_cia_path"":null,""include_molecules"":false,""log_hydrogen_to_helium"":-2,""logg"":6.5,""lyman_profile_source"":""allard"",""maximum_metal_charge"":4,""metal_classical_electron_stark"":false,""metal_line_supplements"":[],""mixing_length_alpha"":1.25,""neutral_broadening"":""unsold"",""photospheric_depth_concentration"":1.0,""quality"":""production"",""structure_opacity_sampling_resolution"":1000.0,""synthesis_transfer_depth_refinement"":4}",models/dab-98c9bbd801f3b640b1e9591e/spectrum.txt,33913f3fdb0fc579b4137d56049f4105f2900b929c23b81172a45f245fe7813d,18901,dab,1922.1906347640324,
dab-34b6ea50b72be20f6c578c35,30000,6.5,0,production,COMPLETE_NUMERICAL,0a74fdbe06596fc145f5169a3b239ddd67053141,"{""abundances"":null,""allard_minimum_effective_temperature"":9000.0,""atmosphere_solver"":""adaptive-newton"",""balmer_self_broadening_prescription"":null,""balmer_self_broadening_truncation_closure"":""stark-core"",""effective_temperature"":30000,""formal_maximum_metal_lines"":null,""formal_minimum_metal_oscillator_strength"":0.0001,""h2_he_cia_path"":null,""include_molecules"":false,""log_hydrogen_to_helium"":0,""logg"":6.5,""lyman_profile_source"":""allard"",""maximum_metal_charge"":4,""metal_classical_electron_stark"":false,""metal_line_supplements"":[],""mixing_length_alpha"":1.25,""neutral_broadening"":""unsold"",""photospheric_depth_concentration"":1.0,""quality"":""production"",""structure_opacity_sampling_resolution"":1000.0,""synthesis_transfer_depth_refinement"":4}",models/dab-34b6ea50b72be20f6c578c35/spectrum.txt,05b158ea6ba68f47be4734c236dfef543413abf18872eadc7aa60ca2903fa90b,18901,dab,2317.784963828977,
dab-1b9c7aa0778ea0792e4f46ae,30000,6.5,2,production,COMPLETE_NUMERICAL,0a74fdbe06596fc145f5169a3b239ddd67053141,"{""abundances"":null,""allard_minimum_effective_temperature"":9000.0,""atmosphere_solver"":""adaptive-newton"",""balmer_self_broadening_prescription"":null,""balmer_self_broadening_truncation_closure"":""stark-core"",""effective_temperature"":30000,""formal_maximum_metal_lines"":null,""formal_minimum_metal_oscillator_strength"":0.0001,""h2_he_cia_path"":null,""include_molecules"":false,""log_hydrogen_to_helium"":2,""logg"":6.5,""lyman_profile_source"":""allard"",""maximum_metal_charge"":4,""metal_classical_electron_stark"":false,""metal_line_supplements"":[],""mixing_length_alpha"":1.25,""neutral_broadening"":""unsold"",""photospheric_depth_concentration"":1.0,""quality"":""production"",""structure_opacity_sampling_resolution"":1000.0,""synthesis_transfer_depth_refinement"":4}",models/dab-1b9c7aa0778ea0792e4f46ae/spectrum.txt,71a15f077e5596cb5c49a0048095d0607bbc3ff90b1f369f7afe87e12c5857a5,18901,dab,2101.2473143697716,
dab-4080ebcee2e58f15954d1236,30000,6.5,4,production,COMPLETE_NUMERICAL,0a74fdbe06596fc145f5169a3b239ddd67053141,"{""abundances"":null,""allard_minimum_effective_temperature"":9000.0,""atmosphere_solver"":""adaptive-newton"",""balmer_self_broadening_prescription"":null,""balmer_self_broadening_truncation_closure"":""stark-core"",""effective_temperature"":30000,""formal_maximum_metal_lines"":null,""formal_minimum_metal_oscillator_strength"":0.0001,""h2_he_cia_path"":null,""include_molecules"":false,""log_hydrogen_to_helium"":4,""logg"":6.5,""lyman_profile_source"":""allard"",""maximum_metal_charge"":4,""metal_classical_electron_stark"":false,""metal_line_supplements"":[],""mixing_length_alpha"":1.25,""neutral_broadening"":""unsold"",""photospheric_depth_concentration"":1.0,""quality"":""production"",""structure_opacity_sampling_resolution"":1000.0,""synthesis_transfer_depth_refinement"":4}",models/dab-4080ebcee2e58f15954d1236/spectrum.txt,414f0622553c9b4c58be00f98814f0fec812fccdc3c1012164ade7de0e0d2763,18901,dab,1916.7421860278118,
dab-6a7fdd98f3a6c3837bdc1048,30000,7,-6,production,COMPLETE_NUMERICAL,0a74fdbe06596fc145f5169a3b239ddd67053141,"{""abundances"":null,""allard_minimum_effective_temperature"":9000.0,""atmosphere_solver"":""adaptive-newton"",""balmer_self_broadening_prescription"":null,""balmer_self_broadening_truncation_closure"":""stark-core"",""effective_temperature"":30000,""formal_maximum_metal_lines"":null,""formal_minimum_metal_oscillator_strength"":0.0001,""h2_he_cia_path"":null,""include_molecules"":false,""log_hydrogen_to_helium"":-6,""logg"":7,""lyman_profile_source"":""allard"",""maximum_metal_charge"":4,""metal_classical_electron_stark"":false,""metal_line_supplements"":[],""mixing_length_alpha"":1.25,""neutral_broadening"":""unsold"",""photospheric_depth_concentration"":1.0,""quality"":""production"",""structure_opacity_sampling_resolution"":1000.0,""synthesis_transfer_depth_refinement"":4}",models/dab-6a7fdd98f3a6c3837bdc1048/spectrum.txt,0de3f062ef5749b8ad9be6fdbc472d156005e484e7e7f2a269bbd0b9428ff61e,18901,dab,2256.67825949518,
dab-ab630ca9ed6a97d7ba5870ae,30000,7,-4,production,COMPLETE_NUMERICAL,0a74fdbe06596fc145f5169a3b239ddd67053141,"{""abundances"":null,""allard_minimum_effective_temperature"":9000.0,""atmosphere_solver"":""adaptive-newton"",""balmer_self_broadening_prescription"":null,""balmer_self_broadening_truncation_closure"":""stark-core"",""effective_temperature"":30000,""formal_maximum_metal_lines"":null,""formal_minimum_metal_oscillator_strength"":0.0001,""h2_he_cia_path"":null,""include_molecules"":false,""log_hydrogen_to_helium"":-4,""logg"":7,""lyman_profile_source"":""allard"",""maximum_metal_charge"":4,""metal_classical_electron_stark"":false,""metal_line_supplements"":[],""mixing_length_alpha"":1.25,""neutral_broadening"":""unsold"",""photospheric_depth_concentration"":1.0,""quality"":""production"",""structure_opacity_sampling_resolution"":1000.0,""synthesis_transfer_depth_refinement"":4}",models/dab-ab630ca9ed6a97d7ba5870ae/spectrum.txt,ce854a2ea2e88839c14a18eeabbfe2354a22ac9f0ad1085e769905988916e3cd,18901,dab,2533.3510862968396,
dab-f428139df8212eca787385f3,30000,7,-2,production,COMPLETE_NUMERICAL,0a74fdbe06596fc145f5169a3b239ddd67053141,"{""abundances"":null,""allard_minimum_effective_temperature"":9000.0,""atmosphere_solver"":""adaptive-newton"",""balmer_self_broadening_prescription"":null,""balmer_self_broadening_truncation_closure"":""stark-core"",""effective_temperature"":30000,""formal_maximum_metal_lines"":null,""formal_minimum_metal_oscillator_strength"":0.0001,""h2_he_cia_path"":null,""include_molecules"":false,""log_hydrogen_to_helium"":-2,""logg"":7,""lyman_profile_source"":""allard"",""maximum_metal_charge"":4,""metal_classical_electron_stark"":false,""metal_line_supplements"":[],""mixing_length_alpha"":1.25,""neutral_broadening"":""unsold"",""photospheric_depth_concentration"":1.0,""quality"":""production"",""structure_opacity_sampling_resolution"":1000.0,""synthesis_transfer_depth_refinement"":4}",models/dab-f428139df8212eca787385f3/spectrum.txt,a601951446fb3521fd1f2e0b896684255ec4a944c01ed9a425d1c4a5914d4a8f,18901,dab,1993.196220568847,
dab-92708f18ec178271069c1fda,30000,7,0,production,COMPLETE_NUMERICAL,0a74fdbe06596fc145f5169a3b239ddd67053141,"{""abundances"":null,""allard_minimum_effective_temperature"":9000.0,""atmosphere_solver"":""adaptive-newton"",""balmer_self_broadening_prescription"":null,""balmer_self_broadening_truncation_closure"":""stark-core"",""effective_temperature"":30000,""formal_maximum_metal_lines"":null,""formal_minimum_metal_oscillator_strength"":0.0001,""h2_he_cia_path"":null,""include_molecules"":false,""log_hydrogen_to_helium"":0,""logg"":7,""lyman_profile_source"":""allard"",""maximum_metal_charge"":4,""metal_classical_electron_stark"":false,""metal_line_supplements"":[],""mixing_length_alpha"":1.25,""neutral_broadening"":""unsold"",""photospheric_depth_concentration"":1.0,""quality"":""production"",""structure_opacity_sampling_resolution"":1000.0,""synthesis_transfer_depth_refinement"":4}",models/dab-92708f18ec178271069c1fda/spectrum.txt,4bb348123a183e9c15f97e445b4f750f4c696adca3e250b24e817be4410f60a6,18901,dab,2393.3903758490924,
dab-6ddb23c347fd677623fb7121,30000,7,2,production,COMPLETE_NUMERICAL,0a74fdbe06596fc145f5169a3b239ddd67053141,"{""abundances"":null,""allard_minimum_effective_temperature"":9000.0,""atmosphere_solver"":""adaptive-newton"",""balmer_self_broadening_prescription"":null,""balmer_self_broadening_truncation_closure"":""stark-core"",""effective_temperature"":30000,""formal_maximum_metal_lines"":null,""formal_minimum_metal_oscillator_strength"":0.0001,""h2_he_cia_path"":null,""include_molecules"":false,""log_hydrogen_to_helium"":2,""logg"":7,""lyman_profile_source"":""allard"",""maximum_metal_charge"":4,""metal_classical_electron_stark"":false,""metal_line_supplements"":[],""mixing_length_alpha"":1.25,""neutral_broadening"":""unsold"",""photospheric_depth_concentration"":1.0,""quality"":""production"",""structure_opacity_sampling_resolution"":1000.0,""synthesis_transfer_depth_refinement"":4}",models/dab-6ddb23c347fd677623fb7121/spectrum.txt,84e1d0e9c6f218f72fcb414b063525f5514dcc0b22891b009e7a57bb513d680b,18901,dab,2189.0616114181466,
dab-03e084a0fe09e58a9dd1b3b8,30000,7,4,production,COMPLETE_NUMERICAL,0a74fdbe06596fc145f5169a3b239ddd67053141,"{""abundances"":null,""allard_minimum_effective_temperature"":9000.0,""atmosphere_solver"":""adaptive-newton"",""balmer_self_broadening_prescription"":null,""balmer_self_broadening_truncation_closure"":""stark-core"",""effective_temperature"":30000,""formal_maximum_metal_lines"":null,""formal_minimum_metal_oscillator_strength"":0.0001,""h2_he_cia_path"":null,""include_molecules"":false,""log_hydrogen_to_helium"":4,""logg"":7,""lyman_profile_source"":""allard"",""maximum_metal_charge"":4,""metal_classical_electron_stark"":false,""metal_line_supplements"":[],""mixing_length_alpha"":1.25,""neutral_broadening"":""unsold"",""photospheric_depth_concentration"":1.0,""quality"":""production"",""structure_opacity_sampling_resolution"":1000.0,""synthesis_transfer_depth_refinement"":4}",models/dab-03e084a0fe09e58a9dd1b3b8/spectrum.txt,d96c2408ced0b9886776a4b13c033c45c00794d9000d8444804b7f00bde41813,18901,dab,2143.524565105792,
dab-ea35a77220e595b48530c289,30000,7.5,-6,production,COMPLETE_NUMERICAL,0a74fdbe06596fc145f5169a3b239ddd67053141,"{""abundances"":null,""allard_minimum_effective_temperature"":9000.0,""atmosphere_solver"":""adaptive-newton"",""balmer_self_broadening_prescription"":null,""balmer_self_broadening_truncation_closure"":""stark-core"",""effective_temperature"":30000,""formal_maximum_metal_lines"":null,""formal_minimum_metal_oscillator_strength"":0.0001,""h2_he_cia_path"":null,""include_molecules"":false,""log_hydrogen_to_helium"":-6,""logg"":7.5,""lyman_profile_source"":""allard"",""maximum_metal_charge"":4,""metal_classical_electron_stark"":false,""metal_line_supplements"":[],""mixing_length_alpha"":1.25,""neutral_broadening"":""unsold"",""photospheric_depth_concentration"":1.0,""quality"":""production"",""structure_opacity_sampling_resolution"":1000.0,""synthesis_transfer_depth_refinement"":4}",models/dab-ea35a77220e595b48530c289/spectrum.txt,d5526f2144f8720c5e0d5cf19c9f2540c9cd8d8a95e2427cd8a03827548153ef,18901,dab,2318.3569199112244,
dab-7f13c096e132e548b28db35c,30000,7.5,-4,production,COMPLETE_NUMERICAL,0a74fdbe06596fc145f5169a3b239ddd67053141,"{""abundances"":null,""allard_minimum_effective_temperature"":9000.0,""atmosphere_solver"":""adaptive-newton"",""balmer_self_broadening_prescription"":null,""balmer_self_broadening_truncation_closure"":""stark-core"",""effective_temperature"":30000,""formal_maximum_metal_lines"":null,""formal_minimum_metal_oscillator_strength"":0.0001,""h2_he_cia_path"":null,""include_molecules"":false,""log_hydrogen_to_helium"":-4,""logg"":7.5,""lyman_profile_source"":""allard"",""maximum_metal_charge"":4,""metal_classical_electron_stark"":false,""metal_line_supplements"":[],""mixing_length_alpha"":1.25,""neutral_broadening"":""unsold"",""photospheric_depth_concentration"":1.0,""quality"":""production"",""structure_opacity_sampling_resolution"":1000.0,""synthesis_transfer_depth_refinement"":4}",models/dab-7f13c096e132e548b28db35c/spectrum.txt,1672e0b6f65d92853ddd6e005ac3337d3694766be97636dbbce17bd473ecc6a4,18901,dab,2711.8744797899853,
dab-29564ec3c7a63ea42c2c3ddb,30000,7.5,-2,production,COMPLETE_NUMERICAL,0a74fdbe06596fc145f5169a3b239ddd67053141,"{""abundances"":null,""allard_minimum_effective_temperature"":9000.0,""atmosphere_solver"":""adaptive-newton"",""balmer_self_broadening_prescription"":null,""balmer_self_broadening_truncation_closure"":""stark-core"",""effective_temperature"":30000,""formal_maximum_metal_lines"":null,""formal_minimum_metal_oscillator_strength"":0.0001,""h2_he_cia_path"":null,""include_molecules"":false,""log_hydrogen_to_helium"":-2,""logg"":7.5,""lyman_profile_source"":""allard"",""maximum_metal_charge"":4,""metal_classical_electron_stark"":false,""metal_line_supplements"":[],""mixing_length_alpha"":1.25,""neutral_broadening"":""unsold"",""photospheric_depth_concentration"":1.0,""quality"":""production"",""structure_opacity_sampling_resolution"":1000.0,""synthesis_transfer_depth_refinement"":4}",models/dab-29564ec3c7a63ea42c2c3ddb/spectrum.txt,8e476f401b291ea442187025bf067b7af1b6f2abcd8c0501131ba32e7e4d43e0,18901,dab,2419.5280450568534,
dab-25f18533b82171a2b30debbd,30000,7.5,0,production,COMPLETE_NUMERICAL,0a74fdbe06596fc145f5169a3b239ddd67053141,"{""abundances"":null,""allard_minimum_effective_temperature"":9000.0,""atmosphere_solver"":""adaptive-newton"",""balmer_self_broadening_prescription"":null,""balmer_self_broadening_truncation_closure"":""stark-core"",""effective_temperature"":30000,""formal_maximum_metal_lines"":null,""formal_minimum_metal_oscillator_strength"":0.0001,""h2_he_cia_path"":null,""include_molecules"":false,""log_hydrogen_to_helium"":0,""logg"":7.5,""lyman_profile_source"":""allard"",""maximum_metal_charge"":4,""metal_classical_electron_stark"":false,""metal_line_supplements"":[],""mixing_length_alpha"":1.25,""neutral_broadening"":""unsold"",""photospheric_depth_concentration"":1.0,""quality"":""production"",""structure_opacity_sampling_resolution"":1000.0,""synthesis_transfer_depth_refinement"":4}",models/dab-25f18533b82171a2b30debbd/spectrum.txt,8a9d589c7e5e15f16dd7e75de5f790865304677b1dc7e39ff8195e93f5010d49,18901,dab,2696.595644386951,
dab-e7438f499cd1b17d7cc5985e,30000,7.5,2,production,COMPLETE_NUMERICAL,0a74fdbe06596fc145f5169a3b239ddd67053141,"{""abundances"":null,""allard_minimum_effective_temperature"":9000.0,""atmosphere_solver"":""adaptive-newton"",""balmer_self_broadening_prescription"":null,""balmer_self_broadening_truncation_closure"":""stark-core"",""effective_temperature"":30000,""formal_maximum_metal_lines"":null,""formal_minimum_metal_oscillator_strength"":0.0001,""h2_he_cia_path"":null,""include_molecules"":false,""log_hydrogen_to_helium"":2,""logg"":7.5,""lyman_profile_source"":""allard"",""maximum_metal_charge"":4,""metal_classical_electron_stark"":false,""metal_line_supplements"":[],""mixing_length_alpha"":1.25,""neutral_broadening"":""unsold"",""photospheric_depth_concentration"":1.0,""quality"":""production"",""structure_opacity_sampling_resolution"":1000.0,""synthesis_transfer_depth_refinement"":4}",models/dab-e7438f499cd1b17d7cc5985e/spectrum.txt,a41a50942ad3a2fd4bfea4f241ce6743bc1797afefdd129f5ec7753c3fd9b774,18901,dab,2004.8992739969399,
dab-634f893408a0cff37defe244,30000,7.5,4,production,COMPLETE_NUMERICAL,0a74fdbe06596fc145f5169a3b239ddd67053141,"{""abundances"":null,""allard_minimum_effective_temperature"":9000.0,""atmosphere_solver"":""adaptive-newton"",""balmer_self_broadening_prescription"":null,""balmer_self_broadening_truncation_closure"":""stark-core"",""effective_temperature"":30000,""formal_maximum_metal_lines"":null,""formal_minimum_metal_oscillator_strength"":0.0001,""h2_he_cia_path"":null,""include_molecules"":false,""log_hydrogen_to_helium"":4,""logg"":7.5,""lyman_profile_source"":""allard"",""maximum_metal_charge"":4,""metal_classical_electron_stark"":false,""metal_line_supplements"":[],""mixing_length_alpha"":1.25,""neutral_broadening"":""unsold"",""photospheric_depth_concentration"":1.0,""quality"":""production"",""structure_opacity_sampling_resolution"":1000.0,""synthesis_transfer_depth_refinement"":4}",models/dab-634f893408a0cff37defe244/spectrum.txt,c8bcc3a6b40107dd9373e58b0ee41a54cc18a4ba096636b1c57a8c158b683200,18901,dab,1835.2198084241245,
dab-05013312b5cd426efb2b7b7b,30000,8,-6,production,COMPLETE_NUMERICAL,0a74fdbe06596fc145f5169a3b239ddd67053141,"{""abundances"":null,""allard_minimum_effective_temperature"":9000.0,""atmosphere_solver"":""adaptive-newton"",""balmer_self_broadening_prescription"":null,""balmer_self_broadening_truncation_closure"":""stark-core"",""effective_temperature"":30000,""formal_maximum_metal_lines"":null,""formal_minimum_metal_oscillator_strength"":0.0001,""h2_he_cia_path"":null,""include_molecules"":false,""log_hydrogen_to_helium"":-6,""logg"":8,""lyman_profile_source"":""allard"",""maximum_metal_charge"":4,""metal_classical_electron_stark"":false,""metal_line_supplements"":[],""mixing_length_alpha"":1.25,""neutral_broadening"":""unsold"",""photospheric_depth_concentration"":1.0,""quality"":""production"",""structure_opacity_sampling_resolution"":1000.0,""synthesis_transfer_depth_refinement"":4}",models/dab-05013312b5cd426efb2b7b7b/spectrum.txt,0313c92db542a0bedba866501763c92b35bf61e0b1baac89591c6fbaee05d768,18901,dab,2425.0946485239547,
dab-07e559b81a5bb43f4e98322d,30000,8,-4,production,COMPLETE_NUMERICAL,0a74fdbe06596fc145f5169a3b239ddd67053141,"{""abundances"":null,""allard_minimum_effective_temperature"":9000.0,""atmosphere_solver"":""adaptive-newton"",""balmer_self_broadening_prescription"":null,""balmer_self_broadening_truncation_closure"":""stark-core"",""effective_temperature"":30000,""formal_maximum_metal_lines"":null,""formal_minimum_metal_oscillator_strength"":0.0001,""h2_he_cia_path"":null,""include_molecules"":false,""log_hydrogen_to_helium"":-4,""logg"":8,""lyman_profile_source"":""allard"",""maximum_metal_charge"":4,""metal_classical_electron_stark"":false,""metal_line_supplements"":[],""mixing_length_alpha"":1.25,""neutral_broadening"":""unsold"",""photospheric_depth_concentration"":1.0,""quality"":""production"",""structure_opacity_sampling_resolution"":1000.0,""synthesis_transfer_depth_refinement"":4}",models/dab-07e559b81a5bb43f4e98322d/spectrum.txt,f772dfcb6bbde347e69ad0c17a8eca8f81e26a1b8c6347be1e88492685fec5a2,18901,dab,2470.865077232942,
dab-c69a9a0227b577d9370e7139,30000,8,0,production,COMPLETE_NUMERICAL,0a74fdbe06596fc145f5169a3b239ddd67053141,"{""abundances"":null,""allard_minimum_effective_temperature"":9000.0,""atmosphere_solver"":""adaptive-newton"",""balmer_self_broadening_prescription"":null,""balmer_self_broadening_truncation_closure"":""stark-core"",""effective_temperature"":30000,""formal_maximum_metal_lines"":null,""formal_minimum_metal_oscillator_strength"":0.0001,""h2_he_cia_path"":null,""include_molecules"":false,""log_hydrogen_to_helium"":0,""logg"":8,""lyman_profile_source"":""allard"",""maximum_metal_charge"":4,""metal_classical_electron_stark"":false,""metal_line_supplements"":[],""mixing_length_alpha"":1.25,""neutral_broadening"":""unsold"",""photospheric_depth_concentration"":1.0,""quality"":""production"",""structure_opacity_sampling_resolution"":1000.0,""synthesis_transfer_depth_refinement"":4}",models/dab-c69a9a0227b577d9370e7139/spectrum.txt,04ead18ee7730c0cdef2f1ef33dba5ad0a406d133c898f9666c5f36735e26778,18901,dab,2424.6364574059844,
dab-e1547f34a368d079e27246e0,30000,8,2,production,COMPLETE_NUMERICAL,0a74fdbe06596fc145f5169a3b239ddd67053141,"{""abundances"":null,""allard_minimum_effective_temperature"":9000.0,""atmosphere_solver"":""adaptive-newton"",""balmer_self_broadening_prescription"":null,""balmer_self_broadening_truncation_closure"":""stark-core"",""effective_temperature"":30000,""formal_maximum_metal_lines"":null,""formal_minimum_metal_oscillator_strength"":0.0001,""h2_he_cia_path"":null,""include_molecules"":false,""log_hydrogen_to_helium"":2,""logg"":8,""lyman_profile_source"":""allard"",""maximum_metal_charge"":4,""metal_classical_electron_stark"":false,""metal_line_supplements"":[],""mixing_length_alpha"":1.25,""neutral_broadening"":""unsold"",""photospheric_depth_concentration"":1.0,""quality"":""production"",""structure_opacity_sampling_resolution"":1000.0,""synthesis_transfer_depth_refinement"":4}",models/dab-e1547f34a368d079e27246e0/spectrum.txt,2e109d1415ec5460058a5309d49b55396b2e263eeae93a40689b2910b56f3f23,18901,dab,1880.4517884240486,
dab-fa93c959763fa085f3a6470e,30000,8,4,production,COMPLETE_NUMERICAL,0a74fdbe06596fc145f5169a3b239ddd67053141,"{""abundances"":null,""allard_minimum_effective_temperature"":9000.0,""atmosphere_solver"":""adaptive-newton"",""balmer_self_broadening_prescription"":null,""balmer_self_broadening_truncation_closure"":""stark-core"",""effective_temperature"":30000,""formal_maximum_metal_lines"":null,""formal_minimum_metal_oscillator_strength"":0.0001,""h2_he_cia_path"":null,""include_molecules"":false,""log_hydrogen_to_helium"":4,""logg"":8,""lyman_profile_source"":""allard"",""maximum_metal_charge"":4,""metal_classical_electron_stark"":false,""metal_line_supplements"":[],""mixing_length_alpha"":1.25,""neutral_broadening"":""unsold"",""photospheric_depth_concentration"":1.0,""quality"":""production"",""structure_opacity_sampling_resolution"":1000.0,""synthesis_transfer_depth_refinement"":4}",models/dab-fa93c959763fa085f3a6470e/spectrum.txt,15301c0990c6145147f8f112109b1239596c9d33415715f444a4e0e6ac9fa4b8,18901,dab,1661.4214634890668,
dab-6e92c28f519a405a4820dd56,30000,8.5,-6,production,COMPLETE_NUMERICAL,0a74fdbe06596fc145f5169a3b239ddd67053141,"{""abundances"":null,""allard_minimum_effective_temperature"":9000.0,""atmosphere_solver"":""adaptive-newton"",""balmer_self_broadening_prescription"":null,""balmer_self_broadening_truncation_closure"":""stark-core"",""effective_temperature"":30000,""formal_maximum_metal_lines"":null,""formal_minimum_metal_oscillator_strength"":0.0001,""h2_he_cia_path"":null,""include_molecules"":false,""log_hydrogen_to_helium"":-6,""logg"":8.5,""lyman_profile_source"":""allard"",""maximum_metal_charge"":4,""metal_classical_electron_stark"":false,""metal_line_supplements"":[],""mixing_length_alpha"":1.25,""neutral_broadening"":""unsold"",""photospheric_depth_concentration"":1.0,""quality"":""production"",""structure_opacity_sampling_resolution"":1000.0,""synthesis_transfer_depth_refinement"":4}",models/dab-6e92c28f519a405a4820dd56/spectrum.txt,03f74b82a894b3b050d4bf8f69caabb4e07bbceb2ab33561a3edcc0cfeedb7ca,18901,dab,4504.07956505497,
dab-cf49ebd8a969ec4b1d353c7a,30000,8.5,-4,production,COMPLETE_NUMERICAL,0a74fdbe06596fc145f5169a3b239ddd67053141,"{""abundances"":null,""allard_minimum_effective_temperature"":9000.0,""atmosphere_solver"":""adaptive-newton"",""balmer_self_broadening_prescription"":null,""balmer_self_broadening_truncation_closure"":""stark-core"",""effective_temperature"":30000,""formal_maximum_metal_lines"":null,""formal_minimum_metal_oscillator_strength"":0.0001,""h2_he_cia_path"":null,""include_molecules"":false,""log_hydrogen_to_helium"":-4,""logg"":8.5,""lyman_profile_source"":""allard"",""maximum_metal_charge"":4,""metal_classical_electron_stark"":false,""metal_line_supplements"":[],""mixing_length_alpha"":1.25,""neutral_broadening"":""unsold"",""photospheric_depth_concentration"":1.0,""quality"":""production"",""structure_opacity_sampling_resolution"":1000.0,""synthesis_transfer_depth_refinement"":4}",models/dab-cf49ebd8a969ec4b1d353c7a/spectrum.txt,43d9dc53aef1e9e19bb59f9008550da1a64b5e2dfd69f3910894b93c20566438,18901,dab,3883.1579112107866,
dab-ac14cb05536a54dccb719d16,30000,8.5,-2,production,COMPLETE_NUMERICAL,0a74fdbe06596fc145f5169a3b239ddd67053141,"{""abundances"":null,""allard_minimum_effective_temperature"":9000.0,""atmosphere_solver"":""adaptive-newton"",""balmer_self_broadening_prescription"":null,""balmer_self_broadening_truncation_closure"":""stark-core"",""effective_temperature"":30000,""formal_maximum_metal_lines"":null,""formal_minimum_metal_oscillator_strength"":0.0001,""h2_he_cia_path"":null,""include_molecules"":false,""log_hydrogen_to_helium"":-2,""logg"":8.5,""lyman_profile_source"":""allard"",""maximum_metal_charge"":4,""metal_classical_electron_stark"":false,""metal_line_supplements"":[],""mixing_length_alpha"":1.25,""neutral_broadening"":""unsold"",""photospheric_depth_concentration"":1.0,""quality"":""production"",""structure_opacity_sampling_resolution"":1000.0,""synthesis_transfer_depth_refinement"":4}",models/dab-ac14cb05536a54dccb719d16/spectrum.txt,f41f36e96d270212ef291ef9f3d3e005029f2256947d627858c87146ff8bc33c,18901,dab,2210.470290344907,
dab-44553148785ee29ade299540,30000,8.5,0,production,COMPLETE_NUMERICAL,0a74fdbe06596fc145f5169a3b239ddd67053141,"{""abundances"":null,""allard_minimum_effective_temperature"":9000.0,""atmosphere_solver"":""adaptive-newton"",""balmer_self_broadening_prescription"":null,""balmer_self_broadening_truncation_closure"":""stark-core"",""effective_temperature"":30000,""formal_maximum_metal_lines"":null,""formal_minimum_metal_oscillator_strength"":0.0001,""h2_he_cia_path"":null,""include_molecules"":false,""log_hydrogen_to_helium"":0,""logg"":8.5,""lyman_profile_source"":""allard"",""maximum_metal_charge"":4,""metal_classical_electron_stark"":false,""metal_line_supplements"":[],""mixing_length_alpha"":1.25,""neutral_broadening"":""unsold"",""photospheric_depth_concentration"":1.0,""quality"":""production"",""structure_opacity_sampling_resolution"":1000.0,""synthesis_transfer_depth_refinement"":4}",models/dab-44553148785ee29ade299540/spectrum.txt,e30e37d04e3a12a0d02528c51588cbe51608a57639aef0fbcb4f60314e90b268,18901,dab,2306.1292241329793,
dab-6837d71b628733068ac8ee55,30000,8.5,2,production,COMPLETE_NUMERICAL,0a74fdbe06596fc145f5169a3b239ddd67053141,"{""abundances"":null,""allard_minimum_effective_temperature"":9000.0,""atmosphere_solver"":""adaptive-newton"",""balmer_self_broadening_prescription"":null,""balmer_self_broadening_truncation_closure"":""stark-core"",""effective_temperature"":30000,""formal_maximum_metal_lines"":null,""formal_minimum_metal_oscillator_strength"":0.0001,""h2_he_cia_path"":null,""include_molecules"":false,""log_hydrogen_to_helium"":2,""logg"":8.5,""lyman_profile_source"":""allard"",""maximum_metal_charge"":4,""metal_classical_electron_stark"":false,""metal_line_supplements"":[],""mixing_length_alpha"":1.25,""neutral_broadening"":""unsold"",""photospheric_depth_concentration"":1.0,""quality"":""production"",""structure_opacity_sampling_resolution"":1000.0,""synthesis_transfer_depth_refinement"":4}",models/dab-6837d71b628733068ac8ee55/spectrum.txt,99a89bf17af508e87251a07f5cf4ec0df10f5e6eed4a659299b8f88b9b69f3c6,18901,dab,1902.3186150318943,
dab-f3e9000fdd2fd629379b634a,30000,8.5,4,production,COMPLETE_NUMERICAL,0a74fdbe06596fc145f5169a3b239ddd67053141,"{""abundances"":null,""allard_minimum_effective_temperature"":9000.0,""atmosphere_solver"":""adaptive-newton"",""balmer_self_broadening_prescription"":null,""balmer_self_broadening_truncation_closure"":""stark-core"",""effective_temperature"":30000,""formal_maximum_metal_lines"":null,""formal_minimum_metal_oscillator_strength"":0.0001,""h2_he_cia_path"":null,""include_molecules"":false,""log_hydrogen_to_helium"":4,""logg"":8.5,""lyman_profile_source"":""allard"",""maximum_metal_charge"":4,""metal_classical_electron_stark"":false,""metal_line_supplements"":[],""mixing_length_alpha"":1.25,""neutral_broadening"":""unsold"",""photospheric_depth_concentration"":1.0,""quality"":""production"",""structure_opacity_sampling_resolution"":1000.0,""synthesis_transfer_depth_refinement"":4}",models/dab-f3e9000fdd2fd629379b634a/spectrum.txt,0fab6b1b658ea7de266c8e5b577515cd55ec1a940f2247e59be3ca6d0500d46d,18901,dab,1758.5799786190037,
dab-7aa070fb347a9beb4862f445,30000,9,-6,production,COMPLETE_NUMERICAL,0a74fdbe06596fc145f5169a3b239ddd67053141,"{""abundances"":null,""allard_minimum_effective_temperature"":9000.0,""atmosphere_solver"":""adaptive-newton"",""balmer_self_broadening_prescription"":null,""balmer_self_broadening_truncation_closure"":""stark-core"",""effective_temperature"":30000,""formal_maximum_metal_lines"":null,""formal_minimum_metal_oscillator_strength"":0.0001,""h2_he_cia_path"":null,""include_molecules"":false,""log_hydrogen_to_helium"":-6,""logg"":9,""lyman_profile_source"":""allard"",""maximum_metal_charge"":4,""metal_classical_electron_stark"":false,""metal_line_supplements"":[],""mixing_length_alpha"":1.25,""neutral_broadening"":""unsold"",""photospheric_depth_concentration"":1.0,""quality"":""production"",""structure_opacity_sampling_resolution"":1000.0,""synthesis_transfer_depth_refinement"":4}",models/dab-7aa070fb347a9beb4862f445/spectrum.txt,264cf82e30633fac9a3cfbdaf8981b52f7e21515db7584b18fc4c1ccb3a8af4c,18901,dab,3995.3932445968967,
dab-13382302d62427efb5075387,30000,9,-4,production,COMPLETE_NUMERICAL,0a74fdbe06596fc145f5169a3b239ddd67053141,"{""abundances"":null,""allard_minimum_effective_temperature"":9000.0,""atmosphere_solver"":""adaptive-newton"",""balmer_self_broadening_prescription"":null,""balmer_self_broadening_truncation_closure"":""stark-core"",""effective_temperature"":30000,""formal_maximum_metal_lines"":null,""formal_minimum_metal_oscillator_strength"":0.0001,""h2_he_cia_path"":null,""include_molecules"":false,""log_hydrogen_to_helium"":-4,""logg"":9,""lyman_profile_source"":""allard"",""maximum_metal_charge"":4,""metal_classical_electron_stark"":false,""metal_line_supplements"":[],""mixing_length_alpha"":1.25,""neutral_broadening"":""unsold"",""photospheric_depth_concentration"":1.0,""quality"":""production"",""structure_opacity_sampling_resolution"":1000.0,""synthesis_transfer_depth_refinement"":4}",models/dab-13382302d62427efb5075387/spectrum.txt,d4ec8acedb7676494c8c4f9c41b0e7587f33c51e06995727fa073bc0f4d5709a,18901,dab,4706.831984358141,
dab-cb5f5b1adf34660531daa209,30000,9,-2,production,COMPLETE_NUMERICAL,0a74fdbe06596fc145f5169a3b239ddd67053141,"{""abundances"":null,""allard_minimum_effective_temperature"":9000.0,""atmosphere_solver"":""adaptive-newton"",""balmer_self_broadening_prescription"":null,""balmer_self_broadening_truncation_closure"":""stark-core"",""effective_temperature"":30000,""formal_maximum_metal_lines"":null,""formal_minimum_metal_oscillator_strength"":0.0001,""h2_he_cia_path"":null,""include_molecules"":false,""log_hydrogen_to_helium"":-2,""logg"":9,""lyman_profile_source"":""allard"",""maximum_metal_charge"":4,""metal_classical_electron_stark"":false,""metal_line_supplements"":[],""mixing_length_alpha"":1.25,""neutral_broadening"":""unsold"",""photospheric_depth_concentration"":1.0,""quality"":""production"",""structure_opacity_sampling_resolution"":1000.0,""synthesis_transfer_depth_refinement"":4}",models/dab-cb5f5b1adf34660531daa209/spectrum.txt,c55cd649d45daa96f60f5a66ee6adb5ef1e159f4fe56bdbf140a322df833c20d,18901,dab,2621.8602412219625,
dab-5613d155b7a0eefde495b17b,30000,9,0,production,COMPLETE_NUMERICAL,0a74fdbe06596fc145f5169a3b239ddd67053141,"{""abundances"":null,""allard_minimum_effective_temperature"":9000.0,""atmosphere_solver"":""adaptive-newton"",""balmer_self_broadening_prescription"":null,""balmer_self_broadening_truncation_closure"":""stark-core"",""effective_temperature"":30000,""formal_maximum_metal_lines"":null,""formal_minimum_metal_oscillator_strength"":0.0001,""h2_he_cia_path"":null,""include_molecules"":false,""log_hydrogen_to_helium"":0,""logg"":9,""lyman_profile_source"":""allard"",""maximum_metal_charge"":4,""metal_classical_electron_stark"":false,""metal_line_supplements"":[],""mixing_length_alpha"":1.25,""neutral_broadening"":""unsold"",""photospheric_depth_concentration"":1.0,""quality"":""production"",""structure_opacity_sampling_resolution"":1000.0,""synthesis_transfer_depth_refinement"":4}",models/dab-5613d155b7a0eefde495b17b/spectrum.txt,74398b4f5d61801c9e2ce3f439b973ec08f59bfbee830a2a4ab6ac06a46a941c,18901,dab,2373.194024629891,
dab-2c373b87284962b0e50e4a98,30000,9,2,production,COMPLETE_NUMERICAL,0a74fdbe06596fc145f5169a3b239ddd67053141,"{""abundances"":null,""allard_minimum_effective_temperature"":9000.0,""atmosphere_solver"":""adaptive-newton"",""balmer_self_broadening_prescription"":null,""balmer_self_broadening_truncation_closure"":""stark-core"",""effective_temperature"":30000,""formal_maximum_metal_lines"":null,""formal_minimum_metal_oscillator_strength"":0.0001,""h2_he_cia_path"":null,""include_molecules"":false,""log_hydrogen_to_helium"":2,""logg"":9,""lyman_profile_source"":""allard"",""maximum_metal_charge"":4,""metal_classical_electron_stark"":false,""metal_line_supplements"":[],""mixing_length_alpha"":1.25,""neutral_broadening"":""unsold"",""photospheric_depth_concentration"":1.0,""quality"":""production"",""structure_opacity_sampling_resolution"":1000.0,""synthesis_transfer_depth_refinement"":4}",models/dab-2c373b87284962b0e50e4a98/spectrum.txt,3bcccd792b1cfa11f635301e35d7f3c03d3b3ffef47d8ed0a2da16268304837b,18901,dab,2239.760773319984,
dab-4eaf2d5e20724b792a8542ef,30000,9,4,production,COMPLETE_NUMERICAL,0a74fdbe06596fc145f5169a3b239ddd67053141,"{""abundances"":null,""allard_minimum_effective_temperature"":9000.0,""atmosphere_solver"":""adaptive-newton"",""balmer_self_broadening_prescription"":null,""balmer_self_broadening_truncation_closure"":""stark-core"",""effective_temperature"":30000,""formal_maximum_metal_lines"":null,""formal_minimum_metal_oscillator_strength"":0.0001,""h2_he_cia_path"":null,""include_molecules"":false,""log_hydrogen_to_helium"":4,""logg"":9,""lyman_profile_source"":""allard"",""maximum_metal_charge"":4,""metal_classical_electron_stark"":false,""metal_line_supplements"":[],""mixing_length_alpha"":1.25,""neutral_broadening"":""unsold"",""photospheric_depth_concentration"":1.0,""quality"":""production"",""structure_opacity_sampling_resolution"":1000.0,""synthesis_transfer_depth_refinement"":4}",models/dab-4eaf2d5e20724b792a8542ef/spectrum.txt,31dca6951d773f299659355f73f6b47835c266b86d2a4d60366884295e20ba18,18901,dab,1841.1733511961065,
dab-ce6503d5942ba2156ef6b4cc,30000,9.5,-6,production,COMPLETE_NUMERICAL,0a74fdbe06596fc145f5169a3b239ddd67053141,"{""abundances"":null,""allard_minimum_effective_temperature"":9000.0,""atmosphere_solver"":""adaptive-newton"",""balmer_self_broadening_prescription"":null,""balmer_self_broadening_truncation_closure"":""stark-core"",""effective_temperature"":30000,""formal_maximum_metal_lines"":null,""formal_minimum_metal_oscillator_strength"":0.0001,""h2_he_cia_path"":null,""include_molecules"":false,""log_hydrogen_to_helium"":-6,""logg"":9.5,""lyman_profile_source"":""allard"",""maximum_metal_charge"":4,""metal_classical_electron_stark"":false,""metal_line_supplements"":[],""mixing_length_alpha"":1.25,""neutral_broadening"":""unsold"",""photospheric_depth_concentration"":1.0,""quality"":""production"",""structure_opacity_sampling_resolution"":1000.0,""synthesis_transfer_depth_refinement"":4}",models/dab-ce6503d5942ba2156ef6b4cc/spectrum.txt,44a9f9879faf307f11d11ab460172b2c9a0483488f1be9f96af41d039949b6f9,18901,dab,4006.6859698500484,
dab-a98df4886906093849683102,30000,9.5,-4,production,COMPLETE_NUMERICAL,0a74fdbe06596fc145f5169a3b239ddd67053141,"{""abundances"":null,""allard_minimum_effective_temperature"":9000.0,""atmosphere_solver"":""adaptive-newton"",""balmer_self_broadening_prescription"":null,""balmer_self_broadening_truncation_closure"":""stark-core"",""effective_temperature"":30000,""formal_maximum_metal_lines"":null,""formal_minimum_metal_oscillator_strength"":0.0001,""h2_he_cia_path"":null,""include_molecules"":false,""log_hydrogen_to_helium"":-4,""logg"":9.5,""lyman_profile_source"":""allard"",""maximum_metal_charge"":4,""metal_classical_electron_stark"":false,""metal_line_supplements"":[],""mixing_length_alpha"":1.25,""neutral_broadening"":""unsold"",""photospheric_depth_concentration"":1.0,""quality"":""production"",""structure_opacity_sampling_resolution"":1000.0,""synthesis_transfer_depth_refinement"":4}",models/dab-a98df4886906093849683102/spectrum.txt,01180d109d2ea0226024a3cfdaa59170443702d6fd04391f86533fc968e662c8,18901,dab,4234.242217543069,
dab-4b123f7974489cf8cf126575,30000,9.5,-2,production,COMPLETE_NUMERICAL,0a74fdbe06596fc145f5169a3b239ddd67053141,"{""abundances"":null,""allard_minimum_effective_temperature"":9000.0,""atmosphere_solver"":""adaptive-newton"",""balmer_self_broadening_prescription"":null,""balmer_self_broadening_truncation_closure"":""stark-core"",""effective_temperature"":30000,""formal_maximum_metal_lines"":null,""formal_minimum_metal_oscillator_strength"":0.0001,""h2_he_cia_path"":null,""include_molecules"":false,""log_hydrogen_to_helium"":-2,""logg"":9.5,""lyman_profile_source"":""allard"",""maximum_metal_charge"":4,""metal_classical_electron_stark"":false,""metal_line_supplements"":[],""mixing_length_alpha"":1.25,""neutral_broadening"":""unsold"",""photospheric_depth_concentration"":1.0,""quality"":""production"",""structure_opacity_sampling_resolution"":1000.0,""synthesis_transfer_depth_refinement"":4}",models/dab-4b123f7974489cf8cf126575/spectrum.txt,67e0e4e081362a9a3327d3589b6cf1b020ee67ab27f1fee194fa53f2d8397b71,18901,dab,2562.941922125872,
dab-ba722bcf72664359b7cf2c35,30000,9.5,0,production,COMPLETE_NUMERICAL,0a74fdbe06596fc145f5169a3b239ddd67053141,"{""abundances"":null,""allard_minimum_effective_temperature"":9000.0,""atmosphere_solver"":""adaptive-newton"",""balmer_self_broadening_prescription"":null,""balmer_self_broadening_truncation_closure"":""stark-core"",""effective_temperature"":30000,""formal_maximum_metal_lines"":null,""formal_minimum_metal_oscillator_strength"":0.0001,""h2_he_cia_path"":null,""include_molecules"":false,""log_hydrogen_to_helium"":0,""logg"":9.5,""lyman_profile_source"":""allard"",""maximum_metal_charge"":4,""metal_classical_electron_stark"":false,""metal_line_supplements"":[],""mixing_length_alpha"":1.25,""neutral_broadening"":""unsold"",""photospheric_depth_concentration"":1.0,""quality"":""production"",""structure_opacity_sampling_resolution"":1000.0,""synthesis_transfer_depth_refinement"":4}",models/dab-ba722bcf72664359b7cf2c35/spectrum.txt,49042d82c1b52599c1cab4f986874a49111f6f1d9108c30f730c30922d3eeff1,18901,dab,2456.2207377981395,
dab-63dea4d6c5bcf4de2bddb362,30000,9.5,2,production,COMPLETE_NUMERICAL,0a74fdbe06596fc145f5169a3b239ddd67053141,"{""abundances"":null,""allard_minimum_effective_temperature"":9000.0,""atmosphere_solver"":""adaptive-newton"",""balmer_self_broadening_prescription"":null,""balmer_self_broadening_truncation_closure"":""stark-core"",""effective_temperature"":30000,""formal_maximum_metal_lines"":null,""formal_minimum_metal_oscillator_strength"":0.0001,""h2_he_cia_path"":null,""include_molecules"":false,""log_hydrogen_to_helium"":2,""logg"":9.5,""lyman_profile_source"":""allard"",""maximum_metal_charge"":4,""metal_classical_electron_stark"":false,""metal_line_supplements"":[],""mixing_length_alpha"":1.25,""neutral_broadening"":""unsold"",""photospheric_depth_concentration"":1.0,""quality"":""production"",""structure_opacity_sampling_resolution"":1000.0,""synthesis_transfer_depth_refinement"":4}",models/dab-63dea4d6c5bcf4de2bddb362/spectrum.txt,792ec3a5d7dd6914b7ab4fe5e0ba94578c23b75e8060d23ddd64bf9d7c225a68,18901,dab,2240.97539723292,
dab-1a901f2c74cd1028fb92717a,30000,9.5,4,production,COMPLETE_NUMERICAL,0a74fdbe06596fc145f5169a3b239ddd67053141,"{""abundances"":null,""allard_minimum_effective_temperature"":9000.0,""atmosphere_solver"":""adaptive-newton"",""balmer_self_broadening_prescription"":null,""balmer_self_broadening_truncation_closure"":""stark-core"",""effective_temperature"":30000,""formal_maximum_metal_lines"":null,""formal_minimum_metal_oscillator_strength"":0.0001,""h2_he_cia_path"":null,""include_molecules"":false,""log_hydrogen_to_helium"":4,""logg"":9.5,""lyman_profile_source"":""allard"",""maximum_metal_charge"":4,""metal_classical_electron_stark"":false,""metal_line_supplements"":[],""mixing_length_alpha"":1.25,""neutral_broadening"":""unsold"",""photospheric_depth_concentration"":1.0,""quality"":""production"",""structure_opacity_sampling_resolution"":1000.0,""synthesis_transfer_depth_refinement"":4}",models/dab-1a901f2c74cd1028fb92717a/spectrum.txt,6d2c5c413573406793292101e173affafcce6e46d27b6cf8417d7cb5530fc30c,18901,dab,2030.0974412020296,
dab-ca86d7cf7cb176304ade6ae6,35000,6,-6,production,COMPLETE_NUMERICAL,0a74fdbe06596fc145f5169a3b239ddd67053141,"{""abundances"":null,""allard_minimum_effective_temperature"":9000.0,""atmosphere_solver"":""adaptive-newton"",""balmer_self_broadening_prescription"":null,""balmer_self_broadening_truncation_closure"":""stark-core"",""effective_temperature"":35000,""formal_maximum_metal_lines"":null,""formal_minimum_metal_oscillator_strength"":0.0001,""h2_he_cia_path"":null,""include_molecules"":false,""log_hydrogen_to_helium"":-6,""logg"":6,""lyman_profile_source"":""allard"",""maximum_metal_charge"":4,""metal_classical_electron_stark"":false,""metal_line_supplements"":[],""mixing_length_alpha"":1.25,""neutral_broadening"":""unsold"",""photospheric_depth_concentration"":1.0,""quality"":""production"",""structure_opacity_sampling_resolution"":1000.0,""synthesis_transfer_depth_refinement"":4}",models/dab-ca86d7cf7cb176304ade6ae6/spectrum.txt,0fd73b9e5ed8fe7ecc2db22131f7741a7afdb3e40392db4d21809a2c580c2bb2,18901,dab,4378.804098586086,
dab-a646260fd247eaab82d98c41,35000,6,-4,production,COMPLETE_NUMERICAL,0a74fdbe06596fc145f5169a3b239ddd67053141,"{""abundances"":null,""allard_minimum_effective_temperature"":9000.0,""atmosphere_solver"":""adaptive-newton"",""balmer_self_broadening_prescription"":null,""balmer_self_broadening_truncation_closure"":""stark-core"",""effective_temperature"":35000,""formal_maximum_metal_lines"":null,""formal_minimum_metal_oscillator_strength"":0.0001,""h2_he_cia_path"":null,""include_molecules"":false,""log_hydrogen_to_helium"":-4,""logg"":6,""lyman_profile_source"":""allard"",""maximum_metal_charge"":4,""metal_classical_electron_stark"":false,""metal_line_supplements"":[],""mixing_length_alpha"":1.25,""neutral_broadening"":""unsold"",""photospheric_depth_concentration"":1.0,""quality"":""production"",""structure_opacity_sampling_resolution"":1000.0,""synthesis_transfer_depth_refinement"":4}",models/dab-a646260fd247eaab82d98c41/spectrum.txt,2c4213fa220e952dfbf14e644fc7e81ac199cb9818bed02c83d87b60c42ac391,18901,dab,4289.100684342906,
dab-a72683e89dd03f3922173a0d,35000,6,-2,production,COMPLETE_NUMERICAL,0a74fdbe06596fc145f5169a3b239ddd67053141,"{""abundances"":null,""allard_minimum_effective_temperature"":9000.0,""atmosphere_solver"":""adaptive-newton"",""balmer_self_broadening_prescription"":null,""balmer_self_broadening_truncation_closure"":""stark-core"",""effective_temperature"":35000,""formal_maximum_metal_lines"":null,""formal_minimum_metal_oscillator_strength"":0.0001,""h2_he_cia_path"":null,""include_molecules"":false,""log_hydrogen_to_helium"":-2,""logg"":6,""lyman_profile_source"":""allard"",""maximum_metal_charge"":4,""metal_classical_electron_stark"":false,""metal_line_supplements"":[],""mixing_length_alpha"":1.25,""neutral_broadening"":""unsold"",""photospheric_depth_concentration"":1.0,""quality"":""production"",""structure_opacity_sampling_resolution"":1000.0,""synthesis_transfer_depth_refinement"":4}",models/dab-a72683e89dd03f3922173a0d/spectrum.txt,9c113aa1b4f5d3d68fbbbcfa4a2499a3a95f693900268a9b0bcbcc80efbd08dc,18901,dab,1716.1407441808842,
dab-5113b5ff00aececc780d3e2e,35000,6,0,production,COMPLETE_NUMERICAL,0a74fdbe06596fc145f5169a3b239ddd67053141,"{""abundances"":null,""allard_minimum_effective_temperature"":9000.0,""atmosphere_solver"":""adaptive-newton"",""balmer_self_broadening_prescription"":null,""balmer_self_broadening_truncation_closure"":""stark-core"",""effective_temperature"":35000,""formal_maximum_metal_lines"":null,""formal_minimum_metal_oscillator_strength"":0.0001,""h2_he_cia_path"":null,""include_molecules"":false,""log_hydrogen_to_helium"":0,""logg"":6,""lyman_profile_source"":""allard"",""maximum_metal_charge"":4,""metal_classical_electron_stark"":false,""metal_line_supplements"":[],""mixing_length_alpha"":1.25,""neutral_broadening"":""unsold"",""photospheric_depth_concentration"":1.0,""quality"":""production"",""structure_opacity_sampling_resolution"":1000.0,""synthesis_transfer_depth_refinement"":4}",models/dab-5113b5ff00aececc780d3e2e/spectrum.txt,668ec89ebb84f1a183776f9438f3cf4d555d52707a48cf74fc1b64f45e56b64d,18901,dab,1783.2567755391356,
dab-5b7b7e742353d6b4e1f07101,35000,6,2,production,COMPLETE_NUMERICAL,0a74fdbe06596fc145f5169a3b239ddd67053141,"{""abundances"":null,""allard_minimum_effective_temperature"":9000.0,""atmosphere_solver"":""adaptive-newton"",""balmer_self_broadening_prescription"":null,""balmer_self_broadening_truncation_closure"":""stark-core"",""effective_temperature"":35000,""formal_maximum_metal_lines"":null,""formal_minimum_metal_oscillator_strength"":0.0001,""h2_he_cia_path"":null,""include_molecules"":false,""log_hydrogen_to_helium"":2,""logg"":6,""lyman_profile_source"":""allard"",""maximum_metal_charge"":4,""metal_classical_electron_stark"":false,""metal_line_supplements"":[],""mixing_length_alpha"":1.25,""neutral_broadening"":""unsold"",""photospheric_depth_concentration"":1.0,""quality"":""production"",""structure_opacity_sampling_resolution"":1000.0,""synthesis_transfer_depth_refinement"":4}",models/dab-5b7b7e742353d6b4e1f07101/spectrum.txt,53ef5afe5f57a8f3f147352f6866cdc7b45a16917498867410c6713523420fc8,18901,dab,2015.009809709154,
dab-735d663fd175ad76246921f6,35000,6,4,production,COMPLETE_NUMERICAL,0a74fdbe06596fc145f5169a3b239ddd67053141,"{""abundances"":null,""allard_minimum_effective_temperature"":9000.0,""atmosphere_solver"":""adaptive-newton"",""balmer_self_broadening_prescription"":null,""balmer_self_broadening_truncation_closure"":""stark-core"",""effective_temperature"":35000,""formal_maximum_metal_lines"":null,""formal_minimum_metal_oscillator_strength"":0.0001,""h2_he_cia_path"":null,""include_molecules"":false,""log_hydrogen_to_helium"":4,""logg"":6,""lyman_profile_source"":""allard"",""maximum_metal_charge"":4,""metal_classical_electron_stark"":false,""metal_line_supplements"":[],""mixing_length_alpha"":1.25,""neutral_broadening"":""unsold"",""photospheric_depth_concentration"":1.0,""quality"":""production"",""structure_opacity_sampling_resolution"":1000.0,""synthesis_transfer_depth_refinement"":4}",models/dab-735d663fd175ad76246921f6/spectrum.txt,ba6b38b28ec5a75881b0504708d8c34541789e5e26c49d2bfc3f6ec163ddb127,18901,dab,2060.173072292935,
dab-77326f89448bc997fb0158e5,35000,6.5,-6,production,COMPLETE_NUMERICAL,0a74fdbe06596fc145f5169a3b239ddd67053141,"{""abundances"":null,""allard_minimum_effective_temperature"":9000.0,""atmosphere_solver"":""adaptive-newton"",""balmer_self_broadening_prescription"":null,""balmer_self_broadening_truncation_closure"":""stark-core"",""effective_temperature"":35000,""formal_maximum_metal_lines"":null,""formal_minimum_metal_oscillator_strength"":0.0001,""h2_he_cia_path"":null,""include_molecules"":false,""log_hydrogen_to_helium"":-6,""logg"":6.5,""lyman_profile_source"":""allard"",""maximum_metal_charge"":4,""metal_classical_electron_stark"":false,""metal_line_supplements"":[],""mixing_length_alpha"":1.25,""neutral_broadening"":""unsold"",""photospheric_depth_concentration"":1.0,""quality"":""production"",""structure_opacity_sampling_resolution"":1000.0,""synthesis_transfer_depth_refinement"":4}",models/dab-77326f89448bc997fb0158e5/spectrum.txt,17b43920dff867caeb5383e2f3e9875d225d87e897e5c63759c605af0fc09e8b,18901,dab,1546.8504704879597,
dab-72b7ca913a3b73296aab5773,35000,6.5,-4,production,COMPLETE_NUMERICAL,0a74fdbe06596fc145f5169a3b239ddd67053141,"{""abundances"":null,""allard_minimum_effective_temperature"":9000.0,""atmosphere_solver"":""adaptive-newton"",""balmer_self_broadening_prescription"":null,""balmer_self_broadening_truncation_closure"":""stark-core"",""effective_temperature"":35000,""formal_maximum_metal_lines"":null,""formal_minimum_metal_oscillator_strength"":0.0001,""h2_he_cia_path"":null,""include_molecules"":false,""log_hydrogen_to_helium"":-4,""logg"":6.5,""lyman_profile_source"":""allard"",""maximum_metal_charge"":4,""metal_classical_electron_stark"":false,""metal_line_supplements"":[],""mixing_length_alpha"":1.25,""neutral_broadening"":""unsold"",""photospheric_depth_concentration"":1.0,""quality"":""production"",""structure_opacity_sampling_resolution"":1000.0,""synthesis_transfer_depth_refinement"":4}",models/dab-72b7ca913a3b73296aab5773/spectrum.txt,bf471e0d1afead83fbcc3ec099f6371524037d9a0cbd1a68a191e8c8b260833c,18901,dab,1787.8138800729066,
dab-74620e88c36a1b851fe4b6de,35000,6.5,-2,production,COMPLETE_NUMERICAL,0a74fdbe06596fc145f5169a3b239ddd67053141,"{""abundances"":null,""allard_minimum_effective_temperature"":9000.0,""atmosphere_solver"":""adaptive-newton"",""balmer_self_broadening_prescription"":null,""balmer_self_broadening_truncation_closure"":""stark-core"",""effective_temperature"":35000,""formal_maximum_metal_lines"":null,""formal_minimum_metal_oscillator_strength"":0.0001,""h2_he_cia_path"":null,""include_molecules"":false,""log_hydrogen_to_helium"":-2,""logg"":6.5,""lyman_profile_source"":""allard"",""maximum_metal_charge"":4,""metal_classical_electron_stark"":false,""metal_line_supplements"":[],""mixing_length_alpha"":1.25,""neutral_broadening"":""unsold"",""photospheric_depth_concentration"":1.0,""quality"":""production"",""structure_opacity_sampling_resolution"":1000.0,""synthesis_transfer_depth_refinement"":4}",models/dab-74620e88c36a1b851fe4b6de/spectrum.txt,f92fc3f175c070fc4bb702043789221b4530c0a1aab8711ceebd2dfeaced2966,18901,dab,4281.707295967033,
dab-93b02f0b613ba3f513fa7d30,35000,6.5,0,production,COMPLETE_NUMERICAL,0a74fdbe06596fc145f5169a3b239ddd67053141,"{""abundances"":null,""allard_minimum_effective_temperature"":9000.0,""atmosphere_solver"":""adaptive-newton"",""balmer_self_broadening_prescription"":null,""balmer_self_broadening_truncation_closure"":""stark-core"",""effective_temperature"":35000,""formal_maximum_metal_lines"":null,""formal_minimum_metal_oscillator_strength"":0.0001,""h2_he_cia_path"":null,""include_molecules"":false,""log_hydrogen_to_helium"":0,""logg"":6.5,""lyman_profile_source"":""allard"",""maximum_metal_charge"":4,""metal_classical_electron_stark"":false,""metal_line_supplements"":[],""mixing_length_alpha"":1.25,""neutral_broadening"":""unsold"",""photospheric_depth_concentration"":1.0,""quality"":""production"",""structure_opacity_sampling_resolution"":1000.0,""synthesis_transfer_depth_refinement"":4}",models/dab-93b02f0b613ba3f513fa7d30/spectrum.txt,0aac47a080a5c285bb9cf271e77b3bf8c9d36c7ad27d97ba1781d63e9aea1e19,18901,dab,1763.2313643950038,
dab-089d9f0ccb42b3479aa6d38a,35000,6.5,2,production,COMPLETE_NUMERICAL,0a74fdbe06596fc145f5169a3b239ddd67053141,"{""abundances"":null,""allard_minimum_effective_temperature"":9000.0,""atmosphere_solver"":""adaptive-newton"",""balmer_self_broadening_prescription"":null,""balmer_self_broadening_truncation_closure"":""stark-core"",""effective_temperature"":35000,""formal_maximum_metal_lines"":null,""formal_minimum_metal_oscillator_strength"":0.0001,""h2_he_cia_path"":null,""include_molecules"":false,""log_hydrogen_to_helium"":2,""logg"":6.5,""lyman_profile_source"":""allard"",""maximum_metal_charge"":4,""metal_classical_electron_stark"":false,""metal_line_supplements"":[],""mixing_length_alpha"":1.25,""neutral_broadening"":""unsold"",""photospheric_depth_concentration"":1.0,""quality"":""production"",""structure_opacity_sampling_resolution"":1000.0,""synthesis_transfer_depth_refinement"":4}",models/dab-089d9f0ccb42b3479aa6d38a/spectrum.txt,288c6b3edfd4e422175c347f41accc57cb818267aac982a2a2083ca76bd801df,18901,dab,1738.5198160698637,
dab-e526cabf25b3bb75e7a3076f,35000,6.5,4,production,COMPLETE_NUMERICAL,0a74fdbe06596fc145f5169a3b239ddd67053141,"{""abundances"":null,""allard_minimum_effective_temperature"":9000.0,""atmosphere_solver"":""adaptive-newton"",""balmer_self_broadening_prescription"":null,""balmer_self_broadening_truncation_closure"":""stark-core"",""effective_temperature"":35000,""formal_maximum_metal_lines"":null,""formal_minimum_metal_oscillator_strength"":0.0001,""h2_he_cia_path"":null,""include_molecules"":false,""log_hydrogen_to_helium"":4,""logg"":6.5,""lyman_profile_source"":""allard"",""maximum_metal_charge"":4,""metal_classical_electron_stark"":false,""metal_line_supplements"":[],""mixing_length_alpha"":1.25,""neutral_broadening"":""unsold"",""photospheric_depth_concentration"":1.0,""quality"":""production"",""structure_opacity_sampling_resolution"":1000.0,""synthesis_transfer_depth_refinement"":4}",models/dab-e526cabf25b3bb75e7a3076f/spectrum.txt,fb740158c86d14ceae054cea8e0125cdc8f80be3a3c318c4dce826fdf2cf2f5c,18901,dab,2086.849267528858,
dab-f4f22b811a30c43c6ad79239,35000,7,-6,production,COMPLETE_NUMERICAL,0a74fdbe06596fc145f5169a3b239ddd67053141,"{""abundances"":null,""allard_minimum_effective_temperature"":9000.0,""atmosphere_solver"":""adaptive-newton"",""balmer_self_broadening_prescription"":null,""balmer_self_broadening_truncation_closure"":""stark-core"",""effective_temperature"":35000,""formal_maximum_metal_lines"":null,""formal_minimum_metal_oscillator_strength"":0.0001,""h2_he_cia_path"":null,""include_molecules"":false,""log_hydrogen_to_helium"":-6,""logg"":7,""lyman_profile_source"":""allard"",""maximum_metal_charge"":4,""metal_classical_electron_stark"":false,""metal_line_supplements"":[],""mixing_length_alpha"":1.25,""neutral_broadening"":""unsold"",""photospheric_depth_concentration"":1.0,""quality"":""production"",""structure_opacity_sampling_resolution"":1000.0,""synthesis_transfer_depth_refinement"":4}",models/dab-f4f22b811a30c43c6ad79239/spectrum.txt,8db73e5a77d50908aaf201badfd125063e4239c72d83147046765101fb2f1ebc,18901,dab,1967.5623648590408,
dab-d32f179b7a569760c4a14a39,35000,7,-4,production,COMPLETE_NUMERICAL,0a74fdbe06596fc145f5169a3b239ddd67053141,"{""abundances"":null,""allard_minimum_effective_temperature"":9000.0,""atmosphere_solver"":""adaptive-newton"",""balmer_self_broadening_prescription"":null,""balmer_self_broadening_truncation_closure"":""stark-core"",""effective_temperature"":35000,""formal_maximum_metal_lines"":null,""formal_minimum_metal_oscillator_strength"":0.0001,""h2_he_cia_path"":null,""include_molecules"":false,""log_hydrogen_to_helium"":-4,""logg"":7,""lyman_profile_source"":""allard"",""maximum_metal_charge"":4,""metal_classical_electron_stark"":false,""metal_line_supplements"":[],""mixing_length_alpha"":1.25,""neutral_broadening"":""unsold"",""photospheric_depth_concentration"":1.0,""quality"":""production"",""structure_opacity_sampling_resolution"":1000.0,""synthesis_transfer_depth_refinement"":4}",models/dab-d32f179b7a569760c4a14a39/spectrum.txt,19c45d8fb1f459ba442af80d0806cfdf2e09b77b2a69b19b93100ed29f8c1e9f,18901,dab,2055.0553052290343,
dab-122e1778144eef21b51de551,35000,7,-2,production,COMPLETE_NUMERICAL,0a74fdbe06596fc145f5169a3b239ddd67053141,"{""abundances"":null,""allard_minimum_effective_temperature"":9000.0,""atmosphere_solver"":""adaptive-newton"",""balmer_self_broadening_prescription"":null,""balmer_self_broadening_truncation_closure"":""stark-core"",""effective_temperature"":35000,""formal_maximum_metal_lines"":null,""formal_minimum_metal_oscillator_strength"":0.0001,""h2_he_cia_path"":null,""include_molecules"":false,""log_hydrogen_to_helium"":-2,""logg"":7,""lyman_profile_source"":""allard"",""maximum_metal_charge"":4,""metal_classical_electron_stark"":false,""metal_line_supplements"":[],""mixing_length_alpha"":1.25,""neutral_broadening"":""unsold"",""photospheric_depth_concentration"":1.0,""quality"":""production"",""structure_opacity_sampling_resolution"":1000.0,""synthesis_transfer_depth_refinement"":4}",models/dab-122e1778144eef21b51de551/spectrum.txt,21a23fc96e4fbaa72371b431dedcbbebe37df3cc2438bb66339c29535e5f4e8d,18901,dab,2296.154506011866,
dab-dbb1f31f7c0dbf7f7ead2b88,35000,7,0,production,COMPLETE_NUMERICAL,0a74fdbe06596fc145f5169a3b239ddd67053141,"{""abundances"":null,""allard_minimum_effective_temperature"":9000.0,""atmosphere_solver"":""adaptive-newton"",""balmer_self_broadening_prescription"":null,""balmer_self_broadening_truncation_closure"":""stark-core"",""effective_temperature"":35000,""formal_maximum_metal_lines"":null,""formal_minimum_metal_oscillator_strength"":0.0001,""h2_he_cia_path"":null,""include_molecules"":false,""log_hydrogen_to_helium"":0,""logg"":7,""lyman_profile_source"":""allard"",""maximum_metal_charge"":4,""metal_classical_electron_stark"":false,""metal_line_supplements"":[],""mixing_length_alpha"":1.25,""neutral_broadening"":""unsold"",""photospheric_depth_concentration"":1.0,""quality"":""production"",""structure_opacity_sampling_resolution"":1000.0,""synthesis_transfer_depth_refinement"":4}",models/dab-dbb1f31f7c0dbf7f7ead2b88/spectrum.txt,0e984c72cdf6795b622ea63ddb79444e2071622415f6b947db304cc9806db49e,18901,dab,1871.239410080947,
dab-5ba7076a95489c573f31390a,35000,7,2,production,COMPLETE_NUMERICAL,0a74fdbe06596fc145f5169a3b239ddd67053141,"{""abundances"":null,""allard_minimum_effective_temperature"":9000.0,""atmosphere_solver"":""adaptive-newton"",""balmer_self_broadening_prescription"":null,""balmer_self_broadening_truncation_closure"":""stark-core"",""effective_temperature"":35000,""formal_maximum_metal_lines"":null,""formal_minimum_metal_oscillator_strength"":0.0001,""h2_he_cia_path"":null,""include_molecules"":false,""log_hydrogen_to_helium"":2,""logg"":7,""lyman_profile_source"":""allard"",""maximum_metal_charge"":4,""metal_classical_electron_stark"":false,""metal_line_supplements"":[],""mixing_length_alpha"":1.25,""neutral_broadening"":""unsold"",""photospheric_depth_concentration"":1.0,""quality"":""production"",""structure_opacity_sampling_resolution"":1000.0,""synthesis_transfer_depth_refinement"":4}",models/dab-5ba7076a95489c573f31390a/spectrum.txt,1c952bd50260f36184039900b0de43f0a29a8ad50a24048e5dcf765b8967d7f5,18901,dab,2178.2211531379726,
dab-fd49b542509cff44b2075f9c,35000,7,4,production,COMPLETE_NUMERICAL,0a74fdbe06596fc145f5169a3b239ddd67053141,"{""abundances"":null,""allard_minimum_effective_temperature"":9000.0,""atmosphere_solver"":""adaptive-newton"",""balmer_self_broadening_prescription"":null,""balmer_self_broadening_truncation_closure"":""stark-core"",""effective_temperature"":35000,""formal_maximum_metal_lines"":null,""formal_minimum_metal_oscillator_strength"":0.0001,""h2_he_cia_path"":null,""include_molecules"":false,""log_hydrogen_to_helium"":4,""logg"":7,""lyman_profile_source"":""allard"",""maximum_metal_charge"":4,""metal_classical_electron_stark"":false,""metal_line_supplements"":[],""mixing_length_alpha"":1.25,""neutral_broadening"":""unsold"",""photospheric_depth_concentration"":1.0,""quality"":""production"",""structure_opacity_sampling_resolution"":1000.0,""synthesis_transfer_depth_refinement"":4}",models/dab-fd49b542509cff44b2075f9c/spectrum.txt,45a7a3b5379743ba1d3af2d6750448db9ef58cd79d7331194e0f66434352d9bc,18901,dab,1947.519353270065,
dab-21b8b0164108a7f5ae461302,35000,7.5,-6,production,COMPLETE_NUMERICAL,0a74fdbe06596fc145f5169a3b239ddd67053141,"{""abundances"":null,""allard_minimum_effective_temperature"":9000.0,""atmosphere_solver"":""adaptive-newton"",""balmer_self_broadening_prescription"":null,""balmer_self_broadening_truncation_closure"":""stark-core"",""effective_temperature"":35000,""formal_maximum_metal_lines"":null,""formal_minimum_metal_oscillator_strength"":0.0001,""h2_he_cia_path"":null,""include_molecules"":false,""log_hydrogen_to_helium"":-6,""logg"":7.5,""lyman_profile_source"":""allard"",""maximum_metal_charge"":4,""metal_classical_electron_stark"":false,""metal_line_supplements"":[],""mixing_length_alpha"":1.25,""neutral_broadening"":""unsold"",""photospheric_depth_concentration"":1.0,""quality"":""production"",""structure_opacity_sampling_resolution"":1000.0,""synthesis_transfer_depth_refinement"":4}",models/dab-21b8b0164108a7f5ae461302/spectrum.txt,35435e1b8ee98fd4593b5d1e1767bab00adc4d1f6163d838b59c369af0f9a269,18901,dab,2408.7693579399493,
dab-4743c90a9845a4cd9c7f7473,35000,7.5,-4,production,COMPLETE_NUMERICAL,0a74fdbe06596fc145f5169a3b239ddd67053141,"{""abundances"":null,""allard_minimum_effective_temperature"":9000.0,""atmosphere_solver"":""adaptive-newton"",""balmer_self_broadening_prescription"":null,""balmer_self_broadening_truncation_closure"":""stark-core"",""effective_temperature"":35000,""formal_maximum_metal_lines"":null,""formal_minimum_metal_oscillator_strength"":0.0001,""h2_he_cia_path"":null,""include_molecules"":false,""log_hydrogen_to_helium"":-4,""logg"":7.5,""lyman_profile_source"":""allard"",""maximum_metal_charge"":4,""metal_classical_electron_stark"":false,""metal_line_supplements"":[],""mixing_length_alpha"":1.25,""neutral_broadening"":""unsold"",""photospheric_depth_concentration"":1.0,""quality"":""production"",""structure_opacity_sampling_resolution"":1000.0,""synthesis_transfer_depth_refinement"":4}",models/dab-4743c90a9845a4cd9c7f7473/spectrum.txt,467a4477c3e0fe3a1b5a6e810f10db6750ce7607e699335c04c5448f2b3cfd28,18901,dab,1875.8150765870232,
dab-247f96423e5e9c1c38e7dca7,35000,7.5,-2,production,COMPLETE_NUMERICAL,0a74fdbe06596fc145f5169a3b239ddd67053141,"{""abundances"":null,""allard_minimum_effective_temperature"":9000.0,""atmosphere_solver"":""adaptive-newton"",""balmer_self_broadening_prescription"":null,""balmer_self_broadening_truncation_closure"":""stark-core"",""effective_temperature"":35000,""formal_maximum_metal_lines"":null,""formal_minimum_metal_oscillator_strength"":0.0001,""h2_he_cia_path"":null,""include_molecules"":false,""log_hydrogen_to_helium"":-2,""logg"":7.5,""lyman_profile_source"":""allard"",""maximum_metal_charge"":4,""metal_classical_electron_stark"":false,""metal_line_supplements"":[],""mixing_length_alpha"":1.25,""neutral_broadening"":""unsold"",""photospheric_depth_concentration"":1.0,""quality"":""production"",""structure_opacity_sampling_resolution"":1000.0,""synthesis_transfer_depth_refinement"":4}",models/dab-247f96423e5e9c1c38e7dca7/spectrum.txt,4469d531828645f7e3f49f4e4a1666202ec0175af197c4ddb103dd71ea13006f,18901,dab,1947.4928034630138,
dab-1aecb492fec6aa9072741ce2,35000,7.5,0,production,COMPLETE_NUMERICAL,0a74fdbe06596fc145f5169a3b239ddd67053141,"{""abundances"":null,""allard_minimum_effective_temperature"":9000.0,""atmosphere_solver"":""adaptive-newton"",""balmer_self_broadening_prescription"":null,""balmer_self_broadening_truncation_closure"":""stark-core"",""effective_temperature"":35000,""formal_maximum_metal_lines"":null,""formal_minimum_metal_oscillator_strength"":0.0001,""h2_he_cia_path"":null,""include_molecules"":false,""log_hydrogen_to_helium"":0,""logg"":7.5,""lyman_profile_source"":""allard"",""maximum_metal_charge"":4,""metal_classical_electron_stark"":false,""metal_line_supplements"":[],""mixing_length_alpha"":1.25,""neutral_broadening"":""unsold"",""photospheric_depth_concentration"":1.0,""quality"":""production"",""structure_opacity_sampling_resolution"":1000.0,""synthesis_transfer_depth_refinement"":4}",models/dab-1aecb492fec6aa9072741ce2/spectrum.txt,38301d1f17b7a3fe6eac187d8f69a518a905fa9029bad73514eafa3f7492f179,18901,dab,1867.004952228861,
dab-e0bc279603bd12db0fcd663a,35000,7.5,2,production,COMPLETE_NUMERICAL,0a74fdbe06596fc145f5169a3b239ddd67053141,"{""abundances"":null,""allard_minimum_effective_temperature"":9000.0,""atmosphere_solver"":""adaptive-newton"",""balmer_self_broadening_prescription"":null,""balmer_self_broadening_truncation_closure"":""stark-core"",""effective_temperature"":35000,""formal_maximum_metal_lines"":null,""formal_minimum_metal_oscillator_strength"":0.0001,""h2_he_cia_path"":null,""include_molecules"":false,""log_hydrogen_to_helium"":2,""logg"":7.5,""lyman_profile_source"":""allard"",""maximum_metal_charge"":4,""metal_classical_electron_stark"":false,""metal_line_supplements"":[],""mixing_length_alpha"":1.25,""neutral_broadening"":""unsold"",""photospheric_depth_concentration"":1.0,""quality"":""production"",""structure_opacity_sampling_resolution"":1000.0,""synthesis_transfer_depth_refinement"":4}",models/dab-e0bc279603bd12db0fcd663a/spectrum.txt,7410518a0fd731effd68eb8ea79481f2eace142634a38c00d98bb30a2385971c,18901,dab,2092.1873808810487,
dab-5f3d53475d947d705c95c293,35000,7.5,4,production,COMPLETE_NUMERICAL,0a74fdbe06596fc145f5169a3b239ddd67053141,"{""abundances"":null,""allard_minimum_effective_temperature"":9000.0,""atmosphere_solver"":""adaptive-newton"",""balmer_self_broadening_prescription"":null,""balmer_self_broadening_truncation_closure"":""stark-core"",""effective_temperature"":35000,""formal_maximum_metal_lines"":null,""formal_minimum_metal_oscillator_strength"":0.0001,""h2_he_cia_path"":null,""include_molecules"":false,""log_hydrogen_to_helium"":4,""logg"":7.5,""lyman_profile_source"":""allard"",""maximum_metal_charge"":4,""metal_classical_electron_stark"":false,""metal_line_supplements"":[],""mixing_length_alpha"":1.25,""neutral_broadening"":""unsold"",""photospheric_depth_concentration"":1.0,""quality"":""production"",""structure_opacity_sampling_resolution"":1000.0,""synthesis_transfer_depth_refinement"":4}",models/dab-5f3d53475d947d705c95c293/spectrum.txt,23e7ee9c3c49742175ca6905ad72cddeba5302004831b3fbf53a3e0fccac9e16,18901,dab,1989.0800956869498,
dab-a884f8b1fd5f06a4afb95de6,35000,8,-6,production,COMPLETE_NUMERICAL,0a74fdbe06596fc145f5169a3b239ddd67053141,"{""abundances"":null,""allard_minimum_effective_temperature"":9000.0,""atmosphere_solver"":""adaptive-newton"",""balmer_self_broadening_prescription"":null,""balmer_self_broadening_truncation_closure"":""stark-core"",""effective_temperature"":35000,""formal_maximum_metal_lines"":null,""formal_minimum_metal_oscillator_strength"":0.0001,""h2_he_cia_path"":null,""include_molecules"":false,""log_hydrogen_to_helium"":-6,""logg"":8,""lyman_profile_source"":""allard"",""maximum_metal_charge"":4,""metal_classical_electron_stark"":false,""metal_line_supplements"":[],""mixing_length_alpha"":1.25,""neutral_broadening"":""unsold"",""photospheric_depth_concentration"":1.0,""quality"":""production"",""structure_opacity_sampling_resolution"":1000.0,""synthesis_transfer_depth_refinement"":4}",models/dab-a884f8b1fd5f06a4afb95de6/spectrum.txt,d23337dc6d5736a02ccc5f79586d9a0676c2c0b69915d2639c3d6170115ab84d,18901,dab,2621.6821257988922,
dab-7c7a0c5f4d87745885ab737d,35000,8,-4,production,COMPLETE_NUMERICAL,0a74fdbe06596fc145f5169a3b239ddd67053141,"{""abundances"":null,""allard_minimum_effective_temperature"":9000.0,""atmosphere_solver"":""adaptive-newton"",""balmer_self_broadening_prescription"":null,""balmer_self_broadening_truncation_closure"":""stark-core"",""effective_temperature"":35000,""formal_maximum_metal_lines"":null,""formal_minimum_metal_oscillator_strength"":0.0001,""h2_he_cia_path"":null,""include_molecules"":false,""log_hydrogen_to_helium"":-4,""logg"":8,""lyman_profile_source"":""allard"",""maximum_metal_charge"":4,""metal_classical_electron_stark"":false,""metal_line_supplements"":[],""mixing_length_alpha"":1.25,""neutral_broadening"":""unsold"",""photospheric_depth_concentration"":1.0,""quality"":""production"",""structure_opacity_sampling_resolution"":1000.0,""synthesis_transfer_depth_refinement"":4}",models/dab-7c7a0c5f4d87745885ab737d/spectrum.txt,d156b92b94a6d2e62ded8412a3c397dace1e0eb1421f213c084d00601301225f,18901,dab,2643.2438552139793,
dab-49d7373dfc7f754df7775c06,35000,8,-2,production,COMPLETE_NUMERICAL,0a74fdbe06596fc145f5169a3b239ddd67053141,"{""abundances"":null,""allard_minimum_effective_temperature"":9000.0,""atmosphere_solver"":""adaptive-newton"",""balmer_self_broadening_prescription"":null,""balmer_self_broadening_truncation_closure"":""stark-core"",""effective_temperature"":35000,""formal_maximum_metal_lines"":null,""formal_minimum_metal_oscillator_strength"":0.0001,""h2_he_cia_path"":null,""include_molecules"":false,""log_hydrogen_to_helium"":-2,""logg"":8,""lyman_profile_source"":""allard"",""maximum_metal_charge"":4,""metal_classical_electron_stark"":false,""metal_line_supplements"":[],""mixing_length_alpha"":1.25,""neutral_broadening"":""unsold"",""photospheric_depth_concentration"":1.0,""quality"":""production"",""structure_opacity_sampling_resolution"":1000.0,""synthesis_transfer_depth_refinement"":4}",models/dab-49d7373dfc7f754df7775c06/spectrum.txt,738f505cc94d5245ec76304ed953db3c4d2d07a0e0f8abcac6ffe556af0528bd,18901,dab,2674.073721010005,
dab-38a6107380f05e667abc9ac4,35000,8,0,production,COMPLETE_NUMERICAL,0a74fdbe06596fc145f5169a3b239ddd67053141,"{""abundances"":null,""allard_minimum_effective_temperature"":9000.0,""atmosphere_solver"":""adaptive-newton"",""balmer_self_broadening_prescription"":null,""balmer_self_broadening_truncation_closure"":""stark-core"",""effective_temperature"":35000,""formal_maximum_metal_lines"":null,""formal_minimum_metal_oscillator_strength"":0.0001,""h2_he_cia_path"":null,""include_molecules"":false,""log_hydrogen_to_helium"":0,""logg"":8,""lyman_profile_source"":""allard"",""maximum_metal_charge"":4,""metal_classical_electron_stark"":false,""metal_line_supplements"":[],""mixing_length_alpha"":1.25,""neutral_broadening"":""unsold"",""photospheric_depth_concentration"":1.0,""quality"":""production"",""structure_opacity_sampling_resolution"":1000.0,""synthesis_transfer_depth_refinement"":4}",models/dab-38a6107380f05e667abc9ac4/spectrum.txt,9fd33a323cf9d892f319ee8dda95b34160e90bb8fd4edc99143e9c7078d34a31,18901,dab,2153.381137660006,
dab-5e5060b45bdad3953ee4dccd,35000,8,2,production,COMPLETE_NUMERICAL,0a74fdbe06596fc145f5169a3b239ddd67053141,"{""abundances"":null,""allard_minimum_effective_temperature"":9000.0,""atmosphere_solver"":""adaptive-newton"",""balmer_self_broadening_prescription"":null,""balmer_self_broadening_truncation_closure"":""stark-core"",""effective_temperature"":35000,""formal_maximum_metal_lines"":null,""formal_minimum_metal_oscillator_strength"":0.0001,""h2_he_cia_path"":null,""include_molecules"":false,""log_hydrogen_to_helium"":2,""logg"":8,""lyman_profile_source"":""allard"",""maximum_metal_charge"":4,""metal_classical_electron_stark"":false,""metal_line_supplements"":[],""mixing_length_alpha"":1.25,""neutral_broadening"":""unsold"",""photospheric_depth_concentration"":1.0,""quality"":""production"",""structure_opacity_sampling_resolution"":1000.0,""synthesis_transfer_depth_refinement"":4}",models/dab-5e5060b45bdad3953ee4dccd/spectrum.txt,e7a48802a029f5f26d6178be81d0c0c077fac16c9ba525a563bec31ce1bf3558,18901,dab,2137.0278248118702,
dab-fba4d2264280ba014863521e,35000,8,4,production,COMPLETE_NUMERICAL,0a74fdbe06596fc145f5169a3b239ddd67053141,"{""abundances"":null,""allard_minimum_effective_temperature"":9000.0,""atmosphere_solver"":""adaptive-newton"",""balmer_self_broadening_prescription"":null,""balmer_self_broadening_truncation_closure"":""stark-core"",""effective_temperature"":35000,""formal_maximum_metal_lines"":null,""formal_minimum_metal_oscillator_strength"":0.0001,""h2_he_cia_path"":null,""include_molecules"":false,""log_hydrogen_to_helium"":4,""logg"":8,""lyman_profile_source"":""allard"",""maximum_metal_charge"":4,""metal_classical_electron_stark"":false,""metal_line_supplements"":[],""mixing_length_alpha"":1.25,""neutral_broadening"":""unsold"",""photospheric_depth_concentration"":1.0,""quality"":""production"",""structure_opacity_sampling_resolution"":1000.0,""synthesis_transfer_depth_refinement"":4}",models/dab-fba4d2264280ba014863521e/spectrum.txt,1fcd625cd88f5ec4245a11786134a86d1dae3d47b70202bffbadb349e75b8906,18901,dab,1983.7037875829265,
dab-3e4de44bd7b123afdea1c92a,35000,8.5,-6,production,COMPLETE_NUMERICAL,0a74fdbe06596fc145f5169a3b239ddd67053141,"{""abundances"":null,""allard_minimum_effective_temperature"":9000.0,""atmosphere_solver"":""adaptive-newton"",""balmer_self_broadening_prescription"":null,""balmer_self_broadening_truncation_closure"":""stark-core"",""effective_temperature"":35000,""formal_maximum_metal_lines"":null,""formal_minimum_metal_oscillator_strength"":0.0001,""h2_he_cia_path"":null,""include_molecules"":false,""log_hydrogen_to_helium"":-6,""logg"":8.5,""lyman_profile_source"":""allard"",""maximum_metal_charge"":4,""metal_classical_electron_stark"":false,""metal_line_supplements"":[],""mixing_length_alpha"":1.25,""neutral_broadening"":""unsold"",""photospheric_depth_concentration"":1.0,""quality"":""production"",""structure_opacity_sampling_resolution"":1000.0,""synthesis_transfer_depth_refinement"":4}",models/dab-3e4de44bd7b123afdea1c92a/spectrum.txt,07169a1a63b09af7990eb36077e42687d4c1384ac85f9c20761b2ebc88c18096,18901,dab,3985.7692714082077,
dab-bc63ecbabb5827cc1acbe891,35000,8.5,-4,production,COMPLETE_NUMERICAL,0a74fdbe06596fc145f5169a3b239ddd67053141,"{""abundances"":null,""allard_minimum_effective_temperature"":9000.0,""atmosphere_solver"":""adaptive-newton"",""balmer_self_broadening_prescription"":null,""balmer_self_broadening_truncation_closure"":""stark-core"",""effective_temperature"":35000,""formal_maximum_metal_lines"":null,""formal_minimum_metal_oscillator_strength"":0.0001,""h2_he_cia_path"":null,""include_molecules"":false,""log_hydrogen_to_helium"":-4,""logg"":8.5,""lyman_profile_source"":""allard"",""maximum_metal_charge"":4,""metal_classical_electron_stark"":false,""metal_line_supplements"":[],""mixing_length_alpha"":1.25,""neutral_broadening"":""unsold"",""photospheric_depth_concentration"":1.0,""quality"":""production"",""structure_opacity_sampling_resolution"":1000.0,""synthesis_transfer_depth_refinement"":4}",models/dab-bc63ecbabb5827cc1acbe891/spectrum.txt,cafa99c286421486b762b1de6dfe9549c75b71a8caa432a8c0222c4461714095,18901,dab,2205.0790144109633,
dab-1ebcd1db0d25f6c8dfa5287a,35000,8.5,-2,production,COMPLETE_NUMERICAL,0a74fdbe06596fc145f5169a3b239ddd67053141,"{""abundances"":null,""allard_minimum_effective_temperature"":9000.0,""atmosphere_solver"":""adaptive-newton"",""balmer_self_broadening_prescription"":null,""balmer_self_broadening_truncation_closure"":""stark-core"",""effective_temperature"":35000,""formal_maximum_metal_lines"":null,""formal_minimum_metal_oscillator_strength"":0.0001,""h2_he_cia_path"":null,""include_molecules"":false,""log_hydrogen_to_helium"":-2,""logg"":8.5,""lyman_profile_source"":""allard"",""maximum_metal_charge"":4,""metal_classical_electron_stark"":false,""metal_line_supplements"":[],""mixing_length_alpha"":1.25,""neutral_broadening"":""unsold"",""photospheric_depth_concentration"":1.0,""quality"":""production"",""structure_opacity_sampling_resolution"":1000.0,""synthesis_transfer_depth_refinement"":4}",models/dab-1ebcd1db0d25f6c8dfa5287a/spectrum.txt,bbb6f7e9eebce35325d76683f6c5f60145dc74a90874ec627304cbb868eae625,18901,dab,2854.3626355451997,
dab-a5dd54285105ad0ca48786c5,35000,8.5,0,production,COMPLETE_NUMERICAL,0a74fdbe06596fc145f5169a3b239ddd67053141,"{""abundances"":null,""allard_minimum_effective_temperature"":9000.0,""atmosphere_solver"":""adaptive-newton"",""balmer_self_broadening_prescription"":null,""balmer_self_broadening_truncation_closure"":""stark-core"",""effective_temperature"":35000,""formal_maximum_metal_lines"":null,""formal_minimum_metal_oscillator_strength"":0.0001,""h2_he_cia_path"":null,""include_molecules"":false,""log_hydrogen_to_helium"":0,""logg"":8.5,""lyman_profile_source"":""allard"",""maximum_metal_charge"":4,""metal_classical_electron_stark"":false,""metal_line_supplements"":[],""mixing_length_alpha"":1.25,""neutral_broadening"":""unsold"",""photospheric_depth_concentration"":1.0,""quality"":""production"",""structure_opacity_sampling_resolution"":1000.0,""synthesis_transfer_depth_refinement"":4}",models/dab-a5dd54285105ad0ca48786c5/spectrum.txt,b19108887fd861cf24a0f3b0bad9280925649bff3dc6c1248a3e9dc3f1ba4a39,18901,dab,2143.359982736176,
dab-ad652e5ae5f4bbcf3bc12c34,35000,8.5,2,production,COMPLETE_NUMERICAL,0a74fdbe06596fc145f5169a3b239ddd67053141,"{""abundances"":null,""allard_minimum_effective_temperature"":9000.0,""atmosphere_solver"":""adaptive-newton"",""balmer_self_broadening_prescription"":null,""balmer_self_broadening_truncation_closure"":""stark-core"",""effective_temperature"":35000,""formal_maximum_metal_lines"":null,""formal_minimum_metal_oscillator_strength"":0.0001,""h2_he_cia_path"":null,""include_molecules"":false,""log_hydrogen_to_helium"":2,""logg"":8.5,""lyman_profile_source"":""allard"",""maximum_metal_charge"":4,""metal_classical_electron_stark"":false,""metal_line_supplements"":[],""mixing_length_alpha"":1.25,""neutral_broadening"":""unsold"",""photospheric_depth_concentration"":1.0,""quality"":""production"",""structure_opacity_sampling_resolution"":1000.0,""synthesis_transfer_depth_refinement"":4}",models/dab-ad652e5ae5f4bbcf3bc12c34/spectrum.txt,eb30617c4e0212d1249a4b83892f427d17af06ee6ecdd7f7ce00581bb1f3f968,18901,dab,1895.7812523788307,
dab-9b2f6529cb9ce34a33421ae5,35000,8.5,4,production,COMPLETE_NUMERICAL,0a74fdbe06596fc145f5169a3b239ddd67053141,"{""abundances"":null,""allard_minimum_effective_temperature"":9000.0,""atmosphere_solver"":""adaptive-newton"",""balmer_self_broadening_prescription"":null,""balmer_self_broadening_truncation_closure"":""stark-core"",""effective_temperature"":35000,""formal_maximum_metal_lines"":null,""formal_minimum_metal_oscillator_strength"":0.0001,""h2_he_cia_path"":null,""include_molecules"":false,""log_hydrogen_to_helium"":4,""logg"":8.5,""lyman_profile_source"":""allard"",""maximum_metal_charge"":4,""metal_classical_electron_stark"":false,""metal_line_supplements"":[],""mixing_length_alpha"":1.25,""neutral_broadening"":""unsold"",""photospheric_depth_concentration"":1.0,""quality"":""production"",""structure_opacity_sampling_resolution"":1000.0,""synthesis_transfer_depth_refinement"":4}",models/dab-9b2f6529cb9ce34a33421ae5/spectrum.txt,6c46ebd5f0113e74d8e005feca69af3374f53bf0503b0f107e8fe06245aade16,18901,dab,1680.903670934029,
dab-1d387b88da7505e06493ea14,35000,9,-6,production,COMPLETE_NUMERICAL,0a74fdbe06596fc145f5169a3b239ddd67053141,"{""abundances"":null,""allard_minimum_effective_temperature"":9000.0,""atmosphere_solver"":""adaptive-newton"",""balmer_self_broadening_prescription"":null,""balmer_self_broadening_truncation_closure"":""stark-core"",""effective_temperature"":35000,""formal_maximum_metal_lines"":null,""formal_minimum_metal_oscillator_strength"":0.0001,""h2_he_cia_path"":null,""include_molecules"":false,""log_hydrogen_to_helium"":-6,""logg"":9,""lyman_profile_source"":""allard"",""maximum_metal_charge"":4,""metal_classical_electron_stark"":false,""metal_line_supplements"":[],""mixing_length_alpha"":1.25,""neutral_broadening"":""unsold"",""photospheric_depth_concentration"":1.0,""quality"":""production"",""structure_opacity_sampling_resolution"":1000.0,""synthesis_transfer_depth_refinement"":4}",models/dab-1d387b88da7505e06493ea14/spectrum.txt,d12b556d34d3f3f69c99ec3caed17444163ed7c036c8fef7240de2059cb8cdd9,18901,dab,2466.776936718961,
dab-4feb50171e185bb4cc0614a4,35000,9,-4,production,COMPLETE_NUMERICAL,0a74fdbe06596fc145f5169a3b239ddd67053141,"{""abundances"":null,""allard_minimum_effective_temperature"":9000.0,""atmosphere_solver"":""adaptive-newton"",""balmer_self_broadening_prescription"":null,""balmer_self_broadening_truncation_closure"":""stark-core"",""effective_temperature"":35000,""formal_maximum_metal_lines"":null,""formal_minimum_metal_oscillator_strength"":0.0001,""h2_he_cia_path"":null,""include_molecules"":false,""log_hydrogen_to_helium"":-4,""logg"":9,""lyman_profile_source"":""allard"",""maximum_metal_charge"":4,""metal_classical_electron_stark"":false,""metal_line_supplements"":[],""mixing_length_alpha"":1.25,""neutral_broadening"":""unsold"",""photospheric_depth_concentration"":1.0,""quality"":""production"",""structure_opacity_sampling_resolution"":1000.0,""synthesis_transfer_depth_refinement"":4}",models/dab-4feb50171e185bb4cc0614a4/spectrum.txt,577adca4ddd721259c3b35b6fb94e0ea6cf7d3bffce1346b3928e85b5d0a64f0,18901,dab,2189.3267443550285,
dab-14e396171403cf3a964afd7f,35000,9,-2,production,COMPLETE_NUMERICAL,0a74fdbe06596fc145f5169a3b239ddd67053141,"{""abundances"":null,""allard_minimum_effective_temperature"":9000.0,""atmosphere_solver"":""adaptive-newton"",""balmer_self_broadening_prescription"":null,""balmer_self_broadening_truncation_closure"":""stark-core"",""effective_temperature"":35000,""formal_maximum_metal_lines"":null,""formal_minimum_metal_oscillator_strength"":0.0001,""h2_he_cia_path"":null,""include_molecules"":false,""log_hydrogen_to_helium"":-2,""logg"":9,""lyman_profile_source"":""allard"",""maximum_metal_charge"":4,""metal_classical_electron_stark"":false,""metal_line_supplements"":[],""mixing_length_alpha"":1.25,""neutral_broadening"":""unsold"",""photospheric_depth_concentration"":1.0,""quality"":""production"",""structure_opacity_sampling_resolution"":1000.0,""synthesis_transfer_depth_refinement"":4}",models/dab-14e396171403cf3a964afd7f/spectrum.txt,cbb5affeb7512b80028dfee0e3505e4a9ee0521e3d9211307af47c3de6aaf8e6,18901,dab,2332.963402732974,
dab-24a04784288338eec6e4732d,35000,9,0,production,COMPLETE_NUMERICAL,0a74fdbe06596fc145f5169a3b239ddd67053141,"{""abundances"":null,""allard_minimum_effective_temperature"":9000.0,""atmosphere_solver"":""adaptive-newton"",""balmer_self_broadening_prescription"":null,""balmer_self_broadening_truncation_closure"":""stark-core"",""effective_temperature"":35000,""formal_maximum_metal_lines"":null,""formal_minimum_metal_oscillator_strength"":0.0001,""h2_he_cia_path"":null,""include_molecules"":false,""log_hydrogen_to_helium"":0,""logg"":9,""lyman_profile_source"":""allard"",""maximum_metal_charge"":4,""metal_classical_electron_stark"":false,""metal_line_supplements"":[],""mixing_length_alpha"":1.25,""neutral_broadening"":""unsold"",""photospheric_depth_concentration"":1.0,""quality"":""production"",""structure_opacity_sampling_resolution"":1000.0,""synthesis_transfer_depth_refinement"":4}",models/dab-24a04784288338eec6e4732d/spectrum.txt,3cb5e71db8fb99128ae7566522c0f6d361daee848f150851a4b56302384ef205,18901,dab,2372.765495273052,
dab-aa434437e3b24bc5363d9774,35000,9,2,production,COMPLETE_NUMERICAL,0a74fdbe06596fc145f5169a3b239ddd67053141,"{""abundances"":null,""allard_minimum_effective_temperature"":9000.0,""atmosphere_solver"":""adaptive-newton"",""balmer_self_broadening_prescription"":null,""balmer_self_broadening_truncation_closure"":""stark-core"",""effective_temperature"":35000,""formal_maximum_metal_lines"":null,""formal_minimum_metal_oscillator_strength"":0.0001,""h2_he_cia_path"":null,""include_molecules"":false,""log_hydrogen_to_helium"":2,""logg"":9,""lyman_profile_source"":""allard"",""maximum_metal_charge"":4,""metal_classical_electron_stark"":false,""metal_line_supplements"":[],""mixing_length_alpha"":1.25,""neutral_broadening"":""unsold"",""photospheric_depth_concentration"":1.0,""quality"":""production"",""structure_opacity_sampling_resolution"":1000.0,""synthesis_transfer_depth_refinement"":4}",models/dab-aa434437e3b24bc5363d9774/spectrum.txt,f9be0eea065bba3aee34406acab4a5c26ecf38ba80ec9a166687abe10bd36064,18901,dab,1999.4700181509834,
dab-b731f64aac4bf1ff085e725e,35000,9,4,production,COMPLETE_NUMERICAL,0a74fdbe06596fc145f5169a3b239ddd67053141,"{""abundances"":null,""allard_minimum_effective_temperature"":9000.0,""atmosphere_solver"":""adaptive-newton"",""balmer_self_broadening_prescription"":null,""balmer_self_broadening_truncation_closure"":""stark-core"",""effective_temperature"":35000,""formal_maximum_metal_lines"":null,""formal_minimum_metal_oscillator_strength"":0.0001,""h2_he_cia_path"":null,""include_molecules"":false,""log_hydrogen_to_helium"":4,""logg"":9,""lyman_profile_source"":""allard"",""maximum_metal_charge"":4,""metal_classical_electron_stark"":false,""metal_line_supplements"":[],""mixing_length_alpha"":1.25,""neutral_broadening"":""unsold"",""photospheric_depth_concentration"":1.0,""quality"":""production"",""structure_opacity_sampling_resolution"":1000.0,""synthesis_transfer_depth_refinement"":4}",models/dab-b731f64aac4bf1ff085e725e/spectrum.txt,e5f6c01b72c43c3c52f655c546a691af2835d79aeeb9e431acd7f709ee1d20bd,18901,dab,1711.561462439131,
dab-dc178d4631fe09b39beb9826,35000,9.5,-6,production,COMPLETE_NUMERICAL,0a74fdbe06596fc145f5169a3b239ddd67053141,"{""abundances"":null,""allard_minimum_effective_temperature"":9000.0,""atmosphere_solver"":""adaptive-newton"",""balmer_self_broadening_prescription"":null,""balmer_self_broadening_truncation_closure"":""stark-core"",""effective_temperature"":35000,""formal_maximum_metal_lines"":null,""formal_minimum_metal_oscillator_strength"":0.0001,""h2_he_cia_path"":null,""include_molecules"":false,""log_hydrogen_to_helium"":-6,""logg"":9.5,""lyman_profile_source"":""allard"",""maximum_metal_charge"":4,""metal_classical_electron_stark"":false,""metal_line_supplements"":[],""mixing_length_alpha"":1.25,""neutral_broadening"":""unsold"",""photospheric_depth_concentration"":1.0,""quality"":""production"",""structure_opacity_sampling_resolution"":1000.0,""synthesis_transfer_depth_refinement"":4}",models/dab-dc178d4631fe09b39beb9826/spectrum.txt,3d29bd3539d31c3b32c9f80fbc3b844428ed3836974839c1e39b1833bfcd8228,18901,dab,2123.1925464509986,
dab-f26fb426d7a3afbe5bf74d65,35000,9.5,-4,production,COMPLETE_NUMERICAL,0a74fdbe06596fc145f5169a3b239ddd67053141,"{""abundances"":null,""allard_minimum_effective_temperature"":9000.0,""atmosphere_solver"":""adaptive-newton"",""balmer_self_broadening_prescription"":null,""balmer_self_broadening_truncation_closure"":""stark-core"",""effective_temperature"":35000,""formal_maximum_metal_lines"":null,""formal_minimum_metal_oscillator_strength"":0.0001,""h2_he_cia_path"":null,""include_molecules"":false,""log_hydrogen_to_helium"":-4,""logg"":9.5,""lyman_profile_source"":""allard"",""maximum_metal_charge"":4,""metal_classical_electron_stark"":false,""metal_line_supplements"":[],""mixing_length_alpha"":1.25,""neutral_broadening"":""unsold"",""photospheric_depth_concentration"":1.0,""quality"":""production"",""structure_opacity_sampling_resolution"":1000.0,""synthesis_transfer_depth_refinement"":4}",models/dab-f26fb426d7a3afbe5bf74d65/spectrum.txt,3993bb15f64ed75b93974662f89ffd07f1224164e4f2aff29381e3a65438259f,18901,dab,2368.922807775205,
dab-4668a30880cf5437ebdde39e,35000,9.5,-2,production,COMPLETE_NUMERICAL,0a74fdbe06596fc145f5169a3b239ddd67053141,"{""abundances"":null,""allard_minimum_effective_temperature"":9000.0,""atmosphere_solver"":""adaptive-newton"",""balmer_self_broadening_prescription"":null,""balmer_self_broadening_truncation_closure"":""stark-core"",""effective_temperature"":35000,""formal_maximum_metal_lines"":null,""formal_minimum_metal_oscillator_strength"":0.0001,""h2_he_cia_path"":null,""include_molecules"":false,""log_hydrogen_to_helium"":-2,""logg"":9.5,""lyman_profile_source"":""allard"",""maximum_metal_charge"":4,""metal_classical_electron_stark"":false,""metal_line_supplements"":[],""mixing_length_alpha"":1.25,""neutral_broadening"":""unsold"",""photospheric_depth_concentration"":1.0,""quality"":""production"",""structure_opacity_sampling_resolution"":1000.0,""synthesis_transfer_depth_refinement"":4}",models/dab-4668a30880cf5437ebdde39e/spectrum.txt,207475b161a8c7bbf3a9c287dff95a09e42e541dc7284938c4e43fe7d18d63ff,18901,dab,2240.6900345410686,
dab-1beb36554669cee6ebd55cd2,35000,9.5,0,production,COMPLETE_NUMERICAL,0a74fdbe06596fc145f5169a3b239ddd67053141,"{""abundances"":null,""allard_minimum_effective_temperature"":9000.0,""atmosphere_solver"":""adaptive-newton"",""balmer_self_broadening_prescription"":null,""balmer_self_broadening_truncation_closure"":""stark-core"",""effective_temperature"":35000,""formal_maximum_metal_lines"":null,""formal_minimum_metal_oscillator_strength"":0.0001,""h2_he_cia_path"":null,""include_molecules"":false,""log_hydrogen_to_helium"":0,""logg"":9.5,""lyman_profile_source"":""allard"",""maximum_metal_charge"":4,""metal_classical_electron_stark"":false,""metal_line_supplements"":[],""mixing_length_alpha"":1.25,""neutral_broadening"":""unsold"",""photospheric_depth_concentration"":1.0,""quality"":""production"",""structure_opacity_sampling_resolution"":1000.0,""synthesis_transfer_depth_refinement"":4}",models/dab-1beb36554669cee6ebd55cd2/spectrum.txt,e9c9845aac603a66cec76a662a1269f42a0fb1a1bf11bf35b40b80f7b0f5310d,18901,dab,2466.6414084618445,
dab-9dab979f0aebb626b266f9e1,35000,9.5,2,production,COMPLETE_NUMERICAL,0a74fdbe06596fc145f5169a3b239ddd67053141,"{""abundances"":null,""allard_minimum_effective_temperature"":9000.0,""atmosphere_solver"":""adaptive-newton"",""balmer_self_broadening_prescription"":null,""balmer_self_broadening_truncation_closure"":""stark-core"",""effective_temperature"":35000,""formal_maximum_metal_lines"":null,""formal_minimum_metal_oscillator_strength"":0.0001,""h2_he_cia_path"":null,""include_molecules"":false,""log_hydrogen_to_helium"":2,""logg"":9.5,""lyman_profile_source"":""allard"",""maximum_metal_charge"":4,""metal_classical_electron_stark"":false,""metal_line_supplements"":[],""mixing_length_alpha"":1.25,""neutral_broadening"":""unsold"",""photospheric_depth_concentration"":1.0,""quality"":""production"",""structure_opacity_sampling_resolution"":1000.0,""synthesis_transfer_depth_refinement"":4}",models/dab-9dab979f0aebb626b266f9e1/spectrum.txt,a5358f168e2845a7f23115e1b30bb7aaa7c9be872b3a403972f34f09b2e7971b,18901,dab,2111.343216990819,
dab-aafad80c08adf515dd2ead2e,35000,9.5,4,production,COMPLETE_NUMERICAL,0a74fdbe06596fc145f5169a3b239ddd67053141,"{""abundances"":null,""allard_minimum_effective_temperature"":9000.0,""atmosphere_solver"":""adaptive-newton"",""balmer_self_broadening_prescription"":null,""balmer_self_broadening_truncation_closure"":""stark-core"",""effective_temperature"":35000,""formal_maximum_metal_lines"":null,""formal_minimum_metal_oscillator_strength"":0.0001,""h2_he_cia_path"":null,""include_molecules"":false,""log_hydrogen_to_helium"":4,""logg"":9.5,""lyman_profile_source"":""allard"",""maximum_metal_charge"":4,""metal_classical_electron_stark"":false,""metal_line_supplements"":[],""mixing_length_alpha"":1.25,""neutral_broadening"":""unsold"",""photospheric_depth_concentration"":1.0,""quality"":""production"",""structure_opacity_sampling_resolution"":1000.0,""synthesis_transfer_depth_refinement"":4}",models/dab-aafad80c08adf515dd2ead2e/spectrum.txt,36e3b4f1fa246fa702be01a9bcbf2000df784f11d3b370f71a8d1ec437e2098e,18901,dab,1856.3495993849356,
dab-e8e77083caf57e8a04d2b714,40000,6,-6,production,COMPLETE_NUMERICAL,0a74fdbe06596fc145f5169a3b239ddd67053141,"{""abundances"":null,""allard_minimum_effective_temperature"":9000.0,""atmosphere_solver"":""adaptive-newton"",""balmer_self_broadening_prescription"":null,""balmer_self_broadening_truncation_closure"":""stark-core"",""effective_temperature"":40000,""formal_maximum_metal_lines"":null,""formal_minimum_metal_oscillator_strength"":0.0001,""h2_he_cia_path"":null,""include_molecules"":false,""log_hydrogen_to_helium"":-6,""logg"":6,""lyman_profile_source"":""allard"",""maximum_metal_charge"":4,""metal_classical_electron_stark"":false,""metal_line_supplements"":[],""mixing_length_alpha"":1.25,""neutral_broadening"":""unsold"",""photospheric_depth_concentration"":1.0,""quality"":""production"",""structure_opacity_sampling_resolution"":1000.0,""synthesis_transfer_depth_refinement"":4}",models/dab-e8e77083caf57e8a04d2b714/spectrum.txt,9b8cb940b9d0839a1c27eb4091b8f9fb15fbc51946c0c0fbca9f9839bd09551d,18901,dab,4405.40215813485,
dab-032321f93f21a463430f10b3,40000,6,-4,production,COMPLETE_NUMERICAL,0a74fdbe06596fc145f5169a3b239ddd67053141,"{""abundances"":null,""allard_minimum_effective_temperature"":9000.0,""atmosphere_solver"":""adaptive-newton"",""balmer_self_broadening_prescription"":null,""balmer_self_broadening_truncation_closure"":""stark-core"",""effective_temperature"":40000,""formal_maximum_metal_lines"":null,""formal_minimum_metal_oscillator_strength"":0.0001,""h2_he_cia_path"":null,""include_molecules"":false,""log_hydrogen_to_helium"":-4,""logg"":6,""lyman_profile_source"":""allard"",""maximum_metal_charge"":4,""metal_classical_electron_stark"":false,""metal_line_supplements"":[],""mixing_length_alpha"":1.25,""neutral_broadening"":""unsold"",""photospheric_depth_concentration"":1.0,""quality"":""production"",""structure_opacity_sampling_resolution"":1000.0,""synthesis_transfer_depth_refinement"":4}",models/dab-032321f93f21a463430f10b3/spectrum.txt,7fbf032e3f9d7dd0c9785c4959657616d5c51b61486cfbc1d0d4ccbc3a58136e,18901,dab,2926.459999821149,
dab-e6bb2c718bdf9a5c8674ca0c,40000,6,-2,production,COMPLETE_NUMERICAL,0a74fdbe06596fc145f5169a3b239ddd67053141,"{""abundances"":null,""allard_minimum_effective_temperature"":9000.0,""atmosphere_solver"":""adaptive-newton"",""balmer_self_broadening_prescription"":null,""balmer_self_broadening_truncation_closure"":""stark-core"",""effective_temperature"":40000,""formal_maximum_metal_lines"":null,""formal_minimum_metal_oscillator_strength"":0.0001,""h2_he_cia_path"":null,""include_molecules"":false,""log_hydrogen_to_helium"":-2,""logg"":6,""lyman_profile_source"":""allard"",""maximum_metal_charge"":4,""metal_classical_electron_stark"":false,""metal_line_supplements"":[],""mixing_length_alpha"":1.25,""neutral_broadening"":""unsold"",""photospheric_depth_concentration"":1.0,""quality"":""production"",""structure_opacity_sampling_resolution"":1000.0,""synthesis_transfer_depth_refinement"":4}",models/dab-e6bb2c718bdf9a5c8674ca0c/spectrum.txt,cf6e403f13c1638bdb962413c3472b66f88fba2e28964fe3b98b37ddee960339,18901,dab,1830.9878829049412,
dab-96daee57ca489778772ae021,40000,6,0,production,COMPLETE_NUMERICAL,0a74fdbe06596fc145f5169a3b239ddd67053141,"{""abundances"":null,""allard_minimum_effective_temperature"":9000.0,""atmosphere_solver"":""adaptive-newton"",""balmer_self_broadening_prescription"":null,""balmer_self_broadening_truncation_closure"":""stark-core"",""effective_temperature"":40000,""formal_maximum_metal_lines"":null,""formal_minimum_metal_oscillator_strength"":0.0001,""h2_he_cia_path"":null,""include_molecules"":false,""log_hydrogen_to_helium"":0,""logg"":6,""lyman_profile_source"":""allard"",""maximum_metal_charge"":4,""metal_classical_electron_stark"":false,""metal_line_supplements"":[],""mixing_length_alpha"":1.25,""neutral_broadening"":""unsold"",""photospheric_depth_concentration"":1.0,""quality"":""production"",""structure_opacity_sampling_resolution"":1000.0,""synthesis_transfer_depth_refinement"":4}",models/dab-96daee57ca489778772ae021/spectrum.txt,762d9b17abe7de1f0960af2b1f40e0cfbfab8b1ebbccfd4dcb2a0ff17c586547,18901,dab,1913.099535065936,
dab-8487315c6c0c63a1bfc75aa4,40000,6,2,production,COMPLETE_NUMERICAL,0a74fdbe06596fc145f5169a3b239ddd67053141,"{""abundances"":null,""allard_minimum_effective_temperature"":9000.0,""atmosphere_solver"":""adaptive-newton"",""balmer_self_broadening_prescription"":null,""balmer_self_broadening_truncation_closure"":""stark-core"",""effective_temperature"":40000,""formal_maximum_metal_lines"":null,""formal_minimum_metal_oscillator_strength"":0.0001,""h2_he_cia_path"":null,""include_molecules"":false,""log_hydrogen_to_helium"":2,""logg"":6,""lyman_profile_source"":""allard"",""maximum_metal_charge"":4,""metal_classical_electron_stark"":false,""metal_line_supplements"":[],""mixing_length_alpha"":1.25,""neutral_broadening"":""unsold"",""photospheric_depth_concentration"":1.0,""quality"":""production"",""structure_opacity_sampling_resolution"":1000.0,""synthesis_transfer_depth_refinement"":4}",models/dab-8487315c6c0c63a1bfc75aa4/spectrum.txt,632ead7233bc54a4473151a3ce8f5f494a054e6e4d22bac647f08686d94dfd93,18901,dab,2235.923719340004,
dab-4af313ff9d5b96affded1751,40000,6,4,production,COMPLETE_NUMERICAL,0a74fdbe06596fc145f5169a3b239ddd67053141,"{""abundances"":null,""allard_minimum_effective_temperature"":9000.0,""atmosphere_solver"":""adaptive-newton"",""balmer_self_broadening_prescription"":null,""balmer_self_broadening_truncation_closure"":""stark-core"",""effective_temperature"":40000,""formal_maximum_metal_lines"":null,""formal_minimum_metal_oscillator_strength"":0.0001,""h2_he_cia_path"":null,""include_molecules"":false,""log_hydrogen_to_helium"":4,""logg"":6,""lyman_profile_source"":""allard"",""maximum_metal_charge"":4,""metal_classical_electron_stark"":false,""metal_line_supplements"":[],""mixing_length_alpha"":1.25,""neutral_broadening"":""unsold"",""photospheric_depth_concentration"":1.0,""quality"":""production"",""structure_opacity_sampling_resolution"":1000.0,""synthesis_transfer_depth_refinement"":4}",models/dab-4af313ff9d5b96affded1751/spectrum.txt,136b039b35f23441bfc5c067945823343631e94ff3206d4023468f77d79dcedd,18901,dab,2138.6425575572066,
dab-1e8abfe2efa6e29379ba3a4c,40000,6.5,-6,production,COMPLETE_NUMERICAL,0a74fdbe06596fc145f5169a3b239ddd67053141,"{""abundances"":null,""allard_minimum_effective_temperature"":9000.0,""atmosphere_solver"":""adaptive-newton"",""balmer_self_broadening_prescription"":null,""balmer_self_broadening_truncation_closure"":""stark-core"",""effective_temperature"":40000,""formal_maximum_metal_lines"":null,""formal_minimum_metal_oscillator_strength"":0.0001,""h2_he_cia_path"":null,""include_molecules"":false,""log_hydrogen_to_helium"":-6,""logg"":6.5,""lyman_profile_source"":""allard"",""maximum_metal_charge"":4,""metal_classical_electron_stark"":false,""metal_line_supplements"":[],""mixing_length_alpha"":1.25,""neutral_broadening"":""unsold"",""photospheric_depth_concentration"":1.0,""quality"":""production"",""structure_opacity_sampling_resolution"":1000.0,""synthesis_transfer_depth_refinement"":4}",models/dab-1e8abfe2efa6e29379ba3a4c/spectrum.txt,b6f2a3c726e091a68b444cd68b662da0ffcbc30f59cbf41f8c86b767e6b60356,18901,dab,2146.6433343221433,
dab-08f161384985e8fe302d0192,40000,6.5,-4,production,COMPLETE_NUMERICAL,0a74fdbe06596fc145f5169a3b239ddd67053141,"{""abundances"":null,""allard_minimum_effective_temperature"":9000.0,""atmosphere_solver"":""adaptive-newton"",""balmer_self_broadening_prescription"":null,""balmer_self_broadening_truncation_closure"":""stark-core"",""effective_temperature"":40000,""formal_maximum_metal_lines"":null,""formal_minimum_metal_oscillator_strength"":0.0001,""h2_he_cia_path"":null,""include_molecules"":false,""log_hydrogen_to_helium"":-4,""logg"":6.5,""lyman_profile_source"":""allard"",""maximum_metal_charge"":4,""metal_classical_electron_stark"":false,""metal_line_supplements"":[],""mixing_length_alpha"":1.25,""neutral_broadening"":""unsold"",""photospheric_depth_concentration"":1.0,""quality"":""production"",""structure_opacity_sampling_resolution"":1000.0,""synthesis_transfer_depth_refinement"":4}",models/dab-08f161384985e8fe302d0192/spectrum.txt,cc3c0f4077aecb2b3ead728ba422b0124652a907fbac1bf36fe4d8f96cf4be90,18901,dab,4648.1207909449,
dab-423402e20925b1bd4987a105,40000,6.5,-2,production,COMPLETE_NUMERICAL,0a74fdbe06596fc145f5169a3b239ddd67053141,"{""abundances"":null,""allard_minimum_effective_temperature"":9000.0,""atmosphere_solver"":""adaptive-newton"",""balmer_self_broadening_prescription"":null,""balmer_self_broadening_truncation_closure"":""stark-core"",""effective_temperature"":40000,""formal_maximum_metal_lines"":null,""formal_minimum_metal_oscillator_strength"":0.0001,""h2_he_cia_path"":null,""include_molecules"":false,""log_hydrogen_to_helium"":-2,""logg"":6.5,""lyman_profile_source"":""allard"",""maximum_metal_charge"":4,""metal_classical_electron_stark"":false,""metal_line_supplements"":[],""mixing_length_alpha"":1.25,""neutral_broadening"":""unsold"",""photospheric_depth_concentration"":1.0,""quality"":""production"",""structure_opacity_sampling_resolution"":1000.0,""synthesis_transfer_depth_refinement"":4}",models/dab-423402e20925b1bd4987a105/spectrum.txt,b2b6329fe9c38db59b327ad52e16595fbcc06e15c305d1acc01527906526619d,18901,dab,2782.3637563651428,
dab-e7acedaf99084f8bc9002680,40000,6.5,0,production,COMPLETE_NUMERICAL,0a74fdbe06596fc145f5169a3b239ddd67053141,"{""abundances"":null,""allard_minimum_effective_temperature"":9000.0,""atmosphere_solver"":""adaptive-newton"",""balmer_self_broadening_prescription"":null,""balmer_self_broadening_truncation_closure"":""stark-core"",""effective_temperature"":40000,""formal_maximum_metal_lines"":null,""formal_minimum_metal_oscillator_strength"":0.0001,""h2_he_cia_path"":null,""include_molecules"":false,""log_hydrogen_to_helium"":0,""logg"":6.5,""lyman_profile_source"":""allard"",""maximum_metal_charge"":4,""metal_classical_electron_stark"":false,""metal_line_supplements"":[],""mixing_length_alpha"":1.25,""neutral_broadening"":""unsold"",""photospheric_depth_concentration"":1.0,""quality"":""production"",""structure_opacity_sampling_resolution"":1000.0,""synthesis_transfer_depth_refinement"":4}",models/dab-e7acedaf99084f8bc9002680/spectrum.txt,3109a106ffbd1463a7814c98d31edbb656bc16e881b997b69396ff9cf8a7dd6a,18901,dab,2142.7866509058513,
dab-52c9868c93d21756dfa466c5,40000,6.5,2,production,COMPLETE_NUMERICAL,0a74fdbe06596fc145f5169a3b239ddd67053141,"{""abundances"":null,""allard_minimum_effective_temperature"":9000.0,""atmosphere_solver"":""adaptive-newton"",""balmer_self_broadening_prescription"":null,""balmer_self_broadening_truncation_closure"":""stark-core"",""effective_temperature"":40000,""formal_maximum_metal_lines"":null,""formal_minimum_metal_oscillator_strength"":0.0001,""h2_he_cia_path"":null,""include_molecules"":false,""log_hydrogen_to_helium"":2,""logg"":6.5,""lyman_profile_source"":""allard"",""maximum_metal_charge"":4,""metal_classical_electron_stark"":false,""metal_line_supplements"":[],""mixing_length_alpha"":1.25,""neutral_broadening"":""unsold"",""photospheric_depth_concentration"":1.0,""quality"":""production"",""structure_opacity_sampling_resolution"":1000.0,""synthesis_transfer_depth_refinement"":4}",models/dab-52c9868c93d21756dfa466c5/spectrum.txt,1bac5c82137d9bc32b5e87ca87a35d8ba2f0a671e6a6a4b5bca54214e1854880,18901,dab,1784.0671372441575,
dab-74ab3eee6b1ded5d5fc8ba05,40000,6.5,4,production,COMPLETE_NUMERICAL,0a74fdbe06596fc145f5169a3b239ddd67053141,"{""abundances"":null,""allard_minimum_effective_temperature"":9000.0,""atmosphere_solver"":""adaptive-newton"",""balmer_self_broadening_prescription"":null,""balmer_self_broadening_truncation_closure"":""stark-core"",""effective_temperature"":40000,""formal_maximum_metal_lines"":null,""formal_minimum_metal_oscillator_strength"":0.0001,""h2_he_cia_path"":null,""include_molecules"":false,""log_hydrogen_to_helium"":4,""logg"":6.5,""lyman_profile_source"":""allard"",""maximum_metal_charge"":4,""metal_classical_electron_stark"":false,""metal_line_supplements"":[],""mixing_length_alpha"":1.25,""neutral_broadening"":""unsold"",""photospheric_depth_concentration"":1.0,""quality"":""production"",""structure_opacity_sampling_resolution"":1000.0,""synthesis_transfer_depth_refinement"":4}",models/dab-74ab3eee6b1ded5d5fc8ba05/spectrum.txt,2bb0297d98a35df4b32206a98b445cee856c90c31cb058bded5ccba17398706a,18901,dab,1933.681928161066,
dab-06b28733cce47d90d2a8267a,40000,7,-6,production,COMPLETE_NUMERICAL,0a74fdbe06596fc145f5169a3b239ddd67053141,"{""abundances"":null,""allard_minimum_effective_temperature"":9000.0,""atmosphere_solver"":""adaptive-newton"",""balmer_self_broadening_prescription"":null,""balmer_self_broadening_truncation_closure"":""stark-core"",""effective_temperature"":40000,""formal_maximum_metal_lines"":null,""formal_minimum_metal_oscillator_strength"":0.0001,""h2_he_cia_path"":null,""include_molecules"":false,""log_hydrogen_to_helium"":-6,""logg"":7,""lyman_profile_source"":""allard"",""maximum_metal_charge"":4,""metal_classical_electron_stark"":false,""metal_line_supplements"":[],""mixing_length_alpha"":1.25,""neutral_broadening"":""unsold"",""photospheric_depth_concentration"":2,""quality"":""production"",""structure_opacity_sampling_resolution"":1000.0,""synthesis_transfer_depth_refinement"":4}",models/dab-06b28733cce47d90d2a8267a/spectrum.txt,cf9952b1024cd837b0a648ac6c388116e28b45946c2a0e9008e4e8c6270981ab,,,,
dab-ba1934615c8d09ea3cc3e4f0,40000,7,-4,production,COMPLETE_NUMERICAL,0a74fdbe06596fc145f5169a3b239ddd67053141,"{""abundances"":null,""allard_minimum_effective_temperature"":9000.0,""atmosphere_solver"":""adaptive-newton"",""balmer_self_broadening_prescription"":null,""balmer_self_broadening_truncation_closure"":""stark-core"",""effective_temperature"":40000,""formal_maximum_metal_lines"":null,""formal_minimum_metal_oscillator_strength"":0.0001,""h2_he_cia_path"":null,""include_molecules"":false,""log_hydrogen_to_helium"":-4,""logg"":7,""lyman_profile_source"":""allard"",""maximum_metal_charge"":4,""metal_classical_electron_stark"":false,""metal_line_supplements"":[],""mixing_length_alpha"":1.25,""neutral_broadening"":""unsold"",""photospheric_depth_concentration"":1.0,""quality"":""production"",""structure_opacity_sampling_resolution"":1000.0,""synthesis_transfer_depth_refinement"":4}",models/dab-ba1934615c8d09ea3cc3e4f0/spectrum.txt,0caa2e68c7e3dc42faf6f96faf9c4db7a75c54da617ef9614b1ba377497613be,18901,dab,4103.509442460025,
dab-461188d154f821f23958e409,40000,7,-2,production,COMPLETE_NUMERICAL,0a74fdbe06596fc145f5169a3b239ddd67053141,"{""abundances"":null,""allard_minimum_effective_temperature"":9000.0,""atmosphere_solver"":""adaptive-newton"",""balmer_self_broadening_prescription"":null,""balmer_self_broadening_truncation_closure"":""stark-core"",""effective_temperature"":40000,""formal_maximum_metal_lines"":null,""formal_minimum_metal_oscillator_strength"":0.0001,""h2_he_cia_path"":null,""include_molecules"":false,""log_hydrogen_to_helium"":-2,""logg"":7,""lyman_profile_source"":""allard"",""maximum_metal_charge"":4,""metal_classical_electron_stark"":false,""metal_line_supplements"":[],""mixing_length_alpha"":1.25,""neutral_broadening"":""unsold"",""photospheric_depth_concentration"":1.0,""quality"":""production"",""structure_opacity_sampling_resolution"":1000.0,""synthesis_transfer_depth_refinement"":4}",models/dab-461188d154f821f23958e409/spectrum.txt,c1ca228f3a469d33309d606f982ccaa9e0d08c27c68218bb2e079a677a3bb699,18901,dab,2174.5868972730823,
dab-ea5f58e15565ce86aa9be6cb,40000,7,0,production,COMPLETE_NUMERICAL,0a74fdbe06596fc145f5169a3b239ddd67053141,"{""abundances"":null,""allard_minimum_effective_temperature"":9000.0,""atmosphere_solver"":""adaptive-newton"",""balmer_self_broadening_prescription"":null,""balmer_self_broadening_truncation_closure"":""stark-core"",""effective_temperature"":40000,""formal_maximum_metal_lines"":null,""formal_minimum_metal_oscillator_strength"":0.0001,""h2_he_cia_path"":null,""include_molecules"":false,""log_hydrogen_to_helium"":0,""logg"":7,""lyman_profile_source"":""allard"",""maximum_metal_charge"":4,""metal_classical_electron_stark"":false,""metal_line_supplements"":[],""mixing_length_alpha"":1.25,""neutral_broadening"":""unsold"",""photospheric_depth_concentration"":1.0,""quality"":""production"",""structure_opacity_sampling_resolution"":1000.0,""synthesis_transfer_depth_refinement"":4}",models/dab-ea5f58e15565ce86aa9be6cb/spectrum.txt,bb190d2e73dd45d3c1165e43999dc25bdfcebbd4c89156692c5b703f22a6f88a,18901,dab,1768.3341265849303,
dab-9a8e9ce4b7665be124a1a5be,40000,7,2,production,COMPLETE_NUMERICAL,0a74fdbe06596fc145f5169a3b239ddd67053141,"{""abundances"":null,""allard_minimum_effective_temperature"":9000.0,""atmosphere_solver"":""adaptive-newton"",""balmer_self_broadening_prescription"":null,""balmer_self_broadening_truncation_closure"":""stark-core"",""effective_temperature"":40000,""formal_maximum_metal_lines"":null,""formal_minimum_metal_oscillator_strength"":0.0001,""h2_he_cia_path"":null,""include_molecules"":false,""log_hydrogen_to_helium"":2,""logg"":7,""lyman_profile_source"":""allard"",""maximum_metal_charge"":4,""metal_classical_electron_stark"":false,""metal_line_supplements"":[],""mixing_length_alpha"":1.25,""neutral_broadening"":""unsold"",""photospheric_depth_concentration"":1.0,""quality"":""production"",""structure_opacity_sampling_resolution"":1000.0,""synthesis_transfer_depth_refinement"":4}",models/dab-9a8e9ce4b7665be124a1a5be/spectrum.txt,ffa89cf19be4e98c4a9b6f3bd797e1d5ccbd16458e119e91c30274652356f2be,18901,dab,1748.204667828977,
dab-12899e2fdcad15fb5350c786,40000,7,4,production,COMPLETE_NUMERICAL,0a74fdbe06596fc145f5169a3b239ddd67053141,"{""abundances"":null,""allard_minimum_effective_temperature"":9000.0,""atmosphere_solver"":""adaptive-newton"",""balmer_self_broadening_prescription"":null,""balmer_self_broadening_truncation_closure"":""stark-core"",""effective_temperature"":40000,""formal_maximum_metal_lines"":null,""formal_minimum_metal_oscillator_strength"":0.0001,""h2_he_cia_path"":null,""include_molecules"":false,""log_hydrogen_to_helium"":4,""logg"":7,""lyman_profile_source"":""allard"",""maximum_metal_charge"":4,""metal_classical_electron_stark"":false,""metal_line_supplements"":[],""mixing_length_alpha"":1.25,""neutral_broadening"":""unsold"",""photospheric_depth_concentration"":1.0,""quality"":""production"",""structure_opacity_sampling_resolution"":1000.0,""synthesis_transfer_depth_refinement"":4}",models/dab-12899e2fdcad15fb5350c786/spectrum.txt,c1fea2873f5273a0659b3c0601e63b85eeb348c7181fd725d544d61de453e70c,18901,dab,1916.5925651961006,
dab-f67bdd8ce3621489bd7b2890,40000,7.5,-6,production,COMPLETE_NUMERICAL,0a74fdbe06596fc145f5169a3b239ddd67053141,"{""abundances"":null,""allard_minimum_effective_temperature"":9000.0,""atmosphere_solver"":""adaptive-newton"",""balmer_self_broadening_prescription"":null,""balmer_self_broadening_truncation_closure"":""stark-core"",""effective_temperature"":40000,""formal_maximum_metal_lines"":null,""formal_minimum_metal_oscillator_strength"":0.0001,""h2_he_cia_path"":null,""include_molecules"":false,""log_hydrogen_to_helium"":-6,""logg"":7.5,""lyman_profile_source"":""allard"",""maximum_metal_charge"":4,""metal_classical_electron_stark"":false,""metal_line_supplements"":[],""mixing_length_alpha"":1.25,""neutral_broadening"":""unsold"",""photospheric_depth_concentration"":1.0,""quality"":""production"",""structure_opacity_sampling_resolution"":1000.0,""synthesis_transfer_depth_refinement"":4}",models/dab-f67bdd8ce3621489bd7b2890/spectrum.txt,a3e1a2148eca2a3d8077933930a0141f120a0b8a83def95a2cd9773e326ca539,18901,dab,2035.4526023180224,
dab-0ab58551347155a3ba096882,40000,7.5,-4,production,COMPLETE_NUMERICAL,0a74fdbe06596fc145f5169a3b239ddd67053141,"{""abundances"":null,""allard_minimum_effective_temperature"":9000.0,""atmosphere_solver"":""adaptive-newton"",""balmer_self_broadening_prescription"":null,""balmer_self_broadening_truncation_closure"":""stark-core"",""effective_temperature"":40000,""formal_maximum_metal_lines"":null,""formal_minimum_metal_oscillator_strength"":0.0001,""h2_he_cia_path"":null,""include_molecules"":false,""log_hydrogen_to_helium"":-4,""logg"":7.5,""lyman_profile_source"":""allard"",""maximum_metal_charge"":4,""metal_classical_electron_stark"":false,""metal_line_supplements"":[],""mixing_length_alpha"":1.25,""neutral_broadening"":""unsold"",""photospheric_depth_concentration"":1.0,""quality"":""production"",""structure_opacity_sampling_resolution"":1000.0,""synthesis_transfer_depth_refinement"":4}",models/dab-0ab58551347155a3ba096882/spectrum.txt,c63fa413ff71f0c760b059573f6263a0878be7236e4ce7222a9658a2265d7e70,18901,dab,2060.0510262178723,
dab-e744037facab859ccea48e64,40000,7.5,-2,production,COMPLETE_NUMERICAL,0a74fdbe06596fc145f5169a3b239ddd67053141,"{""abundances"":null,""allard_minimum_effective_temperature"":9000.0,""atmosphere_solver"":""adaptive-newton"",""balmer_self_broadening_prescription"":null,""balmer_self_broadening_truncation_closure"":""stark-core"",""effective_temperature"":40000,""formal_maximum_metal_lines"":null,""formal_minimum_metal_oscillator_strength"":0.0001,""h2_he_cia_path"":null,""include_molecules"":false,""log_hydrogen_to_helium"":-2,""logg"":7.5,""lyman_profile_source"":""allard"",""maximum_metal_charge"":4,""metal_classical_electron_stark"":false,""metal_line_supplements"":[],""mixing_length_alpha"":1.25,""neutral_broadening"":""unsold"",""photospheric_depth_concentration"":1.0,""quality"":""production"",""structure_opacity_sampling_resolution"":1000.0,""synthesis_transfer_depth_refinement"":4}",models/dab-e744037facab859ccea48e64/spectrum.txt,8c52097d6208f1b9020f2e46f6ffb5d02b39e26995b06b50645ac0359576725d,18901,dab,1691.9829541298095,
dab-767a4666989372eaa953f4e9,40000,7.5,0,production,COMPLETE_NUMERICAL,0a74fdbe06596fc145f5169a3b239ddd67053141,"{""abundances"":null,""allard_minimum_effective_temperature"":9000.0,""atmosphere_solver"":""adaptive-newton"",""balmer_self_broadening_prescription"":null,""balmer_self_broadening_truncation_closure"":""stark-core"",""effective_temperature"":40000,""formal_maximum_metal_lines"":null,""formal_minimum_metal_oscillator_strength"":0.0001,""h2_he_cia_path"":null,""include_molecules"":false,""log_hydrogen_to_helium"":0,""logg"":7.5,""lyman_profile_source"":""allard"",""maximum_metal_charge"":4,""metal_classical_electron_stark"":false,""metal_line_supplements"":[],""mixing_length_alpha"":1.25,""neutral_broadening"":""unsold"",""photospheric_depth_concentration"":1.0,""quality"":""production"",""structure_opacity_sampling_resolution"":1000.0,""synthesis_transfer_depth_refinement"":4}",models/dab-767a4666989372eaa953f4e9/spectrum.txt,a5b631facc6ce91c6f0859f6604aed415bd5c44dc31cd499cea2923a6245e83f,18901,dab,1896.1767972151283,
dab-d7a583f7de1e2ea60970f068,40000,7.5,2,production,COMPLETE_NUMERICAL,0a74fdbe06596fc145f5169a3b239ddd67053141,"{""abundances"":null,""allard_minimum_effective_temperature"":9000.0,""atmosphere_solver"":""adaptive-newton"",""balmer_self_broadening_prescription"":null,""balmer_self_broadening_truncation_closure"":""stark-core"",""effective_temperature"":40000,""formal_maximum_metal_lines"":null,""formal_minimum_metal_oscillator_strength"":0.0001,""h2_he_cia_path"":null,""include_molecules"":false,""log_hydrogen_to_helium"":2,""logg"":7.5,""lyman_profile_source"":""allard"",""maximum_metal_charge"":4,""metal_classical_electron_stark"":false,""metal_line_supplements"":[],""mixing_length_alpha"":1.25,""neutral_broadening"":""unsold"",""photospheric_depth_concentration"":1.0,""quality"":""production"",""structure_opacity_sampling_resolution"":1000.0,""synthesis_transfer_depth_refinement"":4}",models/dab-d7a583f7de1e2ea60970f068/spectrum.txt,ac44208736671d73479f319931651adb427936177731d64b9d4f0b9d99116f8c,18901,dab,1700.7412304580212,
dab-1f1bc50b5fd618763e25e281,40000,7.5,4,production,COMPLETE_NUMERICAL,0a74fdbe06596fc145f5169a3b239ddd67053141,"{""abundances"":null,""allard_minimum_effective_temperature"":9000.0,""atmosphere_solver"":""adaptive-newton"",""balmer_self_broadening_prescription"":null,""balmer_self_broadening_truncation_closure"":""stark-core"",""effective_temperature"":40000,""formal_maximum_metal_lines"":null,""formal_minimum_metal_oscillator_strength"":0.0001,""h2_he_cia_path"":null,""include_molecules"":false,""log_hydrogen_to_helium"":4,""logg"":7.5,""lyman_profile_source"":""allard"",""maximum_metal_charge"":4,""metal_classical_electron_stark"":false,""metal_line_supplements"":[],""mixing_length_alpha"":1.25,""neutral_broadening"":""unsold"",""photospheric_depth_concentration"":1.0,""quality"":""production"",""structure_opacity_sampling_resolution"":1000.0,""synthesis_transfer_depth_refinement"":4}",models/dab-1f1bc50b5fd618763e25e281/spectrum.txt,3442c954c56ad38167c294c3e83aa0c6500dbba6753a78b59d7a2dba5e58a1b7,18901,dab,1959.3537952199113,
dab-e549a56a34b377d4cf3ac964,40000,8,-6,production,COMPLETE_NUMERICAL,0a74fdbe06596fc145f5169a3b239ddd67053141,"{""abundances"":null,""allard_minimum_effective_temperature"":9000.0,""atmosphere_solver"":""adaptive-newton"",""balmer_self_broadening_prescription"":null,""balmer_self_broadening_truncation_closure"":""stark-core"",""effective_temperature"":40000,""formal_maximum_metal_lines"":null,""formal_minimum_metal_oscillator_strength"":0.0001,""h2_he_cia_path"":null,""include_molecules"":false,""log_hydrogen_to_helium"":-6,""logg"":8,""lyman_profile_source"":""allard"",""maximum_metal_charge"":4,""metal_classical_electron_stark"":false,""metal_line_supplements"":[],""mixing_length_alpha"":1.25,""neutral_broadening"":""unsold"",""photospheric_depth_concentration"":1.0,""quality"":""production"",""structure_opacity_sampling_resolution"":1000.0,""synthesis_transfer_depth_refinement"":4}",models/dab-e549a56a34b377d4cf3ac964/spectrum.txt,4860fab809fab2d097d3e6d267d4fa3c6452306b6264e35b175b3e56c86000f2,18901,dab,1851.1794764020015,
dab-84a61f9d088257193cc0b8b1,40000,8,-4,production,COMPLETE_NUMERICAL,0a74fdbe06596fc145f5169a3b239ddd67053141,"{""abundances"":null,""allard_minimum_effective_temperature"":9000.0,""atmosphere_solver"":""adaptive-newton"",""balmer_self_broadening_prescription"":null,""balmer_self_broadening_truncation_closure"":""stark-core"",""effective_temperature"":40000,""formal_maximum_metal_lines"":null,""formal_minimum_metal_oscillator_strength"":0.0001,""h2_he_cia_path"":null,""include_molecules"":false,""log_hydrogen_to_helium"":-4,""logg"":8,""lyman_profile_source"":""allard"",""maximum_metal_charge"":4,""metal_classical_electron_stark"":false,""metal_line_supplements"":[],""mixing_length_alpha"":1.25,""neutral_broadening"":""unsold"",""photospheric_depth_concentration"":1.0,""quality"":""production"",""structure_opacity_sampling_resolution"":1000.0,""synthesis_transfer_depth_refinement"":4}",models/dab-84a61f9d088257193cc0b8b1/spectrum.txt,7b4d9449cdb30a937425651158831fc0bec14fb58af927c60815984cd80967ff,18901,dab,2527.4871365490835,
dab-03beeda12a98a468a1483ea5,40000,8,-2,production,COMPLETE_NUMERICAL,0a74fdbe06596fc145f5169a3b239ddd67053141,"{""abundances"":null,""allard_minimum_effective_temperature"":9000.0,""atmosphere_solver"":""adaptive-newton"",""balmer_self_broadening_prescription"":null,""balmer_self_broadening_truncation_closure"":""stark-core"",""effective_temperature"":40000,""formal_maximum_metal_lines"":null,""formal_minimum_metal_oscillator_strength"":0.0001,""h2_he_cia_path"":null,""include_molecules"":false,""log_hydrogen_to_helium"":-2,""logg"":8,""lyman_profile_source"":""allard"",""maximum_metal_charge"":4,""metal_classical_electron_stark"":false,""metal_line_supplements"":[],""mixing_length_alpha"":1.25,""neutral_broadening"":""unsold"",""photospheric_depth_concentration"":1.0,""quality"":""production"",""structure_opacity_sampling_resolution"":1000.0,""synthesis_transfer_depth_refinement"":4}",models/dab-03beeda12a98a468a1483ea5/spectrum.txt,2055a07bf35421b4bfbfbbb89a3c66464e0bbf791c7ae01ddd16d7221359a975,18901,dab,2630.4977492310572,
dab-d411f40a47f04ae51ee54a5c,40000,8,0,production,COMPLETE_NUMERICAL,0a74fdbe06596fc145f5169a3b239ddd67053141,"{""abundances"":null,""allard_minimum_effective_temperature"":9000.0,""atmosphere_solver"":""adaptive-newton"",""balmer_self_broadening_prescription"":null,""balmer_self_broadening_truncation_closure"":""stark-core"",""effective_temperature"":40000,""formal_maximum_metal_lines"":null,""formal_minimum_metal_oscillator_strength"":0.0001,""h2_he_cia_path"":null,""include_molecules"":false,""log_hydrogen_to_helium"":0,""logg"":8,""lyman_profile_source"":""allard"",""maximum_metal_charge"":4,""metal_classical_electron_stark"":false,""metal_line_supplements"":[],""mixing_length_alpha"":1.25,""neutral_broadening"":""unsold"",""photospheric_depth_concentration"":1.0,""quality"":""production"",""structure_opacity_sampling_resolution"":1000.0,""synthesis_transfer_depth_refinement"":4}",models/dab-d411f40a47f04ae51ee54a5c/spectrum.txt,8cb94d303ce5f815d8105c221088ee340d1dd230cadff036eca089200e0e2c6e,18901,dab,2082.0676373639144,
dab-031ed20898151558691824ec,40000,8,2,production,COMPLETE_NUMERICAL,0a74fdbe06596fc145f5169a3b239ddd67053141,"{""abundances"":null,""allard_minimum_effective_temperature"":9000.0,""atmosphere_solver"":""adaptive-newton"",""balmer_self_broadening_prescription"":null,""balmer_self_broadening_truncation_closure"":""stark-core"",""effective_temperature"":40000,""formal_maximum_metal_lines"":null,""formal_minimum_metal_oscillator_strength"":0.0001,""h2_he_cia_path"":null,""include_molecules"":false,""log_hydrogen_to_helium"":2,""logg"":8,""lyman_profile_source"":""allard"",""maximum_metal_charge"":4,""metal_classical_electron_stark"":false,""metal_line_supplements"":[],""mixing_length_alpha"":1.25,""neutral_broadening"":""unsold"",""photospheric_depth_concentration"":1.0,""quality"":""production"",""structure_opacity_sampling_resolution"":1000.0,""synthesis_transfer_depth_refinement"":4}",models/dab-031ed20898151558691824ec/spectrum.txt,3ca7b41a88ad9988112e007390f8715bd13fada12c1de9d0f221347a4a0a6803,18901,dab,1773.9900820360053,
dab-26da942731634304c21f7708,40000,8,4,production,COMPLETE_NUMERICAL,0a74fdbe06596fc145f5169a3b239ddd67053141,"{""abundances"":null,""allard_minimum_effective_temperature"":9000.0,""atmosphere_solver"":""adaptive-newton"",""balmer_self_broadening_prescription"":null,""balmer_self_broadening_truncation_closure"":""stark-core"",""effective_temperature"":40000,""formal_maximum_metal_lines"":null,""formal_minimum_metal_oscillator_strength"":0.0001,""h2_he_cia_path"":null,""include_molecules"":false,""log_hydrogen_to_helium"":4,""logg"":8,""lyman_profile_source"":""allard"",""maximum_metal_charge"":4,""metal_classical_electron_stark"":false,""metal_line_supplements"":[],""mixing_length_alpha"":1.25,""neutral_broadening"":""unsold"",""photospheric_depth_concentration"":1.0,""quality"":""production"",""structure_opacity_sampling_resolution"":1000.0,""synthesis_transfer_depth_refinement"":4}",models/dab-26da942731634304c21f7708/spectrum.txt,6f75721e614eb21a1524243d3353f1a63e320310b94dded9e44b62222e78719e,18901,dab,1661.3634176650085,
dab-378c7516bdae8104b3fc7a69,40000,8.5,-6,production,COMPLETE_NUMERICAL,0a74fdbe06596fc145f5169a3b239ddd67053141,"{""abundances"":null,""allard_minimum_effective_temperature"":9000.0,""atmosphere_solver"":""adaptive-newton"",""balmer_self_broadening_prescription"":null,""balmer_self_broadening_truncation_closure"":""stark-core"",""effective_temperature"":40000,""formal_maximum_metal_lines"":null,""formal_minimum_metal_oscillator_strength"":0.0001,""h2_he_cia_path"":null,""include_molecules"":false,""log_hydrogen_to_helium"":-6,""logg"":8.5,""lyman_profile_source"":""allard"",""maximum_metal_charge"":4,""metal_classical_electron_stark"":false,""metal_line_supplements"":[],""mixing_length_alpha"":1.25,""neutral_broadening"":""unsold"",""photospheric_depth_concentration"":1.0,""quality"":""production"",""structure_opacity_sampling_resolution"":1000.0,""synthesis_transfer_depth_refinement"":4}",models/dab-378c7516bdae8104b3fc7a69/spectrum.txt,0c244080e3ad1d498c165cc691cbe71589bd264b114998da1d8376052df61548,18901,dab,3186.6059758600313,
dab-5ceada02ffba4ee672ce2e66,40000,8.5,-4,production,COMPLETE_NUMERICAL,0a74fdbe06596fc145f5169a3b239ddd67053141,"{""abundances"":null,""allard_minimum_effective_temperature"":9000.0,""atmosphere_solver"":""adaptive-newton"",""balmer_self_broadening_prescription"":null,""balmer_self_broadening_truncation_closure"":""stark-core"",""effective_temperature"":40000,""formal_maximum_metal_lines"":null,""formal_minimum_metal_oscillator_strength"":0.0001,""h2_he_cia_path"":null,""include_molecules"":false,""log_hydrogen_to_helium"":-4,""logg"":8.5,""lyman_profile_source"":""allard"",""maximum_metal_charge"":4,""metal_classical_electron_stark"":false,""metal_line_supplements"":[],""mixing_length_alpha"":1.25,""neutral_broadening"":""unsold"",""photospheric_depth_concentration"":1.0,""quality"":""production"",""structure_opacity_sampling_resolution"":1000.0,""synthesis_transfer_depth_refinement"":4}",models/dab-5ceada02ffba4ee672ce2e66/spectrum.txt,6db4c3044b9bec04efaaa0b87e3fb3fb4349ac2778a662770508dff3290f084e,18901,dab,2209.8109066889156,
dab-ef2f00ba4213ee20caf0292f,40000,8.5,-2,production,COMPLETE_NUMERICAL,0a74fdbe06596fc145f5169a3b239ddd67053141,"{""abundances"":null,""allard_minimum_effective_temperature"":9000.0,""atmosphere_solver"":""adaptive-newton"",""balmer_self_broadening_prescription"":null,""balmer_self_broadening_truncation_closure"":""stark-core"",""effective_temperature"":40000,""formal_maximum_metal_lines"":null,""formal_minimum_metal_oscillator_strength"":0.0001,""h2_he_cia_path"":null,""include_molecules"":false,""log_hydrogen_to_helium"":-2,""logg"":8.5,""lyman_profile_source"":""allard"",""maximum_metal_charge"":4,""metal_classical_electron_stark"":false,""metal_line_supplements"":[],""mixing_length_alpha"":1.25,""neutral_broadening"":""unsold"",""photospheric_depth_concentration"":1.0,""quality"":""production"",""structure_opacity_sampling_resolution"":1000.0,""synthesis_transfer_depth_refinement"":4}",models/dab-ef2f00ba4213ee20caf0292f/spectrum.txt,35b9b236ac6baaaedb0c7d2b7eb5f20f67562ec438bdfc2f4379e72c6501d10f,18901,dab,3420.1692888299003,
dab-79f9afbe96299fa1cb7d99c2,40000,8.5,0,production,COMPLETE_NUMERICAL,0a74fdbe06596fc145f5169a3b239ddd67053141,"{""abundances"":null,""allard_minimum_effective_temperature"":9000.0,""atmosphere_solver"":""adaptive-newton"",""balmer_self_broadening_prescription"":null,""balmer_self_broadening_truncation_closure"":""stark-core"",""effective_temperature"":40000,""formal_maximum_metal_lines"":null,""formal_minimum_metal_oscillator_strength"":0.0001,""h2_he_cia_path"":null,""include_molecules"":false,""log_hydrogen_to_helium"":0,""logg"":8.5,""lyman_profile_source"":""allard"",""maximum_metal_charge"":4,""metal_classical_electron_stark"":false,""metal_line_supplements"":[],""mixing_length_alpha"":1.25,""neutral_broadening"":""unsold"",""photospheric_depth_concentration"":1.0,""quality"":""production"",""structure_opacity_sampling_resolution"":1000.0,""synthesis_transfer_depth_refinement"":4}",models/dab-79f9afbe96299fa1cb7d99c2/spectrum.txt,a4c796b1f328dea2d2f411031cc1175b551604b6f97cf09a6efa9c5b99b2a487,18901,dab,2323.4807379359845,
dab-c1c1855b968ff436e2202527,40000,8.5,2,production,COMPLETE_NUMERICAL,0a74fdbe06596fc145f5169a3b239ddd67053141,"{""abundances"":null,""allard_minimum_effective_temperature"":9000.0,""atmosphere_solver"":""adaptive-newton"",""balmer_self_broadening_prescription"":null,""balmer_self_broadening_truncation_closure"":""stark-core"",""effective_temperature"":40000,""formal_maximum_metal_lines"":null,""formal_minimum_metal_oscillator_strength"":0.0001,""h2_he_cia_path"":null,""include_molecules"":false,""log_hydrogen_to_helium"":2,""logg"":8.5,""lyman_profile_source"":""allard"",""maximum_metal_charge"":4,""metal_classical_electron_stark"":false,""metal_line_supplements"":[],""mixing_length_alpha"":1.25,""neutral_broadening"":""unsold"",""photospheric_depth_concentration"":1.0,""quality"":""production"",""structure_opacity_sampling_resolution"":1000.0,""synthesis_transfer_depth_refinement"":4}",models/dab-c1c1855b968ff436e2202527/spectrum.txt,69ec15f0c731c87cfb86c413a155d4b2ce6d0842c9e8f447e1a26c6dbea14202,18901,dab,1907.08693374414,
dab-f13921b67c39e9c5f451dbf3,40000,8.5,4,production,COMPLETE_NUMERICAL,0a74fdbe06596fc145f5169a3b239ddd67053141,"{""abundances"":null,""allard_minimum_effective_temperature"":9000.0,""atmosphere_solver"":""adaptive-newton"",""balmer_self_broadening_prescription"":null,""balmer_self_broadening_truncation_closure"":""stark-core"",""effective_temperature"":40000,""formal_maximum_metal_lines"":null,""formal_minimum_metal_oscillator_strength"":0.0001,""h2_he_cia_path"":null,""include_molecules"":false,""log_hydrogen_to_helium"":4,""logg"":8.5,""lyman_profile_source"":""allard"",""maximum_metal_charge"":4,""metal_classical_electron_stark"":false,""metal_line_supplements"":[],""mixing_length_alpha"":1.25,""neutral_broadening"":""unsold"",""photospheric_depth_concentration"":1.0,""quality"":""production"",""structure_opacity_sampling_resolution"":1000.0,""synthesis_transfer_depth_refinement"":4}",models/dab-f13921b67c39e9c5f451dbf3/spectrum.txt,96ac53363571e063c09d4dd34e8a8a0760941d64d3030249f732df86d91008be,18901,dab,1701.643954721978,
dab-032fd85adddd4f16ec2e8b3a,40000,9,-6,production,COMPLETE_NUMERICAL,0a74fdbe06596fc145f5169a3b239ddd67053141,"{""abundances"":null,""allard_minimum_effective_temperature"":9000.0,""atmosphere_solver"":""adaptive-newton"",""balmer_self_broadening_prescription"":null,""balmer_self_broadening_truncation_closure"":""stark-core"",""effective_temperature"":40000,""formal_maximum_metal_lines"":null,""formal_minimum_metal_oscillator_strength"":0.0001,""h2_he_cia_path"":null,""include_molecules"":false,""log_hydrogen_to_helium"":-6,""logg"":9,""lyman_profile_source"":""allard"",""maximum_metal_charge"":4,""metal_classical_electron_stark"":false,""metal_line_supplements"":[],""mixing_length_alpha"":1.25,""neutral_broadening"":""unsold"",""photospheric_depth_concentration"":1.0,""quality"":""production"",""structure_opacity_sampling_resolution"":1000.0,""synthesis_transfer_depth_refinement"":4}",models/dab-032fd85adddd4f16ec2e8b3a/spectrum.txt,2048ad5c022260c1a26c750a9977a94251eb20d5093867d449ebb06a97c964a1,18901,dab,2343.77345185983,
dab-d16f51dc7f55696411d436c8,40000,9,-4,production,COMPLETE_NUMERICAL,0a74fdbe06596fc145f5169a3b239ddd67053141,"{""abundances"":null,""allard_minimum_effective_temperature"":9000.0,""atmosphere_solver"":""adaptive-newton"",""balmer_self_broadening_prescription"":null,""balmer_self_broadening_truncation_closure"":""stark-core"",""effective_temperature"":40000,""formal_maximum_metal_lines"":null,""formal_minimum_metal_oscillator_strength"":0.0001,""h2_he_cia_path"":null,""include_molecules"":false,""log_hydrogen_to_helium"":-4,""logg"":9,""lyman_profile_source"":""allard"",""maximum_metal_charge"":4,""metal_classical_electron_stark"":false,""metal_line_supplements"":[],""mixing_length_alpha"":1.25,""neutral_broadening"":""unsold"",""photospheric_depth_concentration"":1.0,""quality"":""production"",""structure_opacity_sampling_resolution"":1000.0,""synthesis_transfer_depth_refinement"":4}",models/dab-d16f51dc7f55696411d436c8/spectrum.txt,6656cf7b2c27023caaf9ce88d2bb17220c0410ed14b83f3a983fbd07f79a22be,18901,dab,2353.8590583109763,
dab-a24291b20d51b4b4407cd7ac,40000,9,-2,production,COMPLETE_NUMERICAL,0a74fdbe06596fc145f5169a3b239ddd67053141,"{""abundances"":null,""allard_minimum_effective_temperature"":9000.0,""atmosphere_solver"":""adaptive-newton"",""balmer_self_broadening_prescription"":null,""balmer_self_broadening_truncation_closure"":""stark-core"",""effective_temperature"":40000,""formal_maximum_metal_lines"":null,""formal_minimum_metal_oscillator_strength"":0.0001,""h2_he_cia_path"":null,""include_molecules"":false,""log_hydrogen_to_helium"":-2,""logg"":9,""lyman_profile_source"":""allard"",""maximum_metal_charge"":4,""metal_classical_electron_stark"":false,""metal_line_supplements"":[],""mixing_length_alpha"":1.25,""neutral_broadening"":""unsold"",""photospheric_depth_concentration"":1.0,""quality"":""production"",""structure_opacity_sampling_resolution"":1000.0,""synthesis_transfer_depth_refinement"":4}",models/dab-a24291b20d51b4b4407cd7ac/spectrum.txt,0be6bc017ef92118f64b474d4c1607d255d22d87da8a7e6a3ea59620d7f67ea1,18901,dab,2481.9771039588377,
dab-ef4c49b0b23583c2a74ec29f,40000,9,0,production,COMPLETE_NUMERICAL,0a74fdbe06596fc145f5169a3b239ddd67053141,"{""abundances"":null,""allard_minimum_effective_temperature"":9000.0,""atmosphere_solver"":""adaptive-newton"",""balmer_self_broadening_prescription"":null,""balmer_self_broadening_truncation_closure"":""stark-core"",""effective_temperature"":40000,""formal_maximum_metal_lines"":null,""formal_minimum_metal_oscillator_strength"":0.0001,""h2_he_cia_path"":null,""include_molecules"":false,""log_hydrogen_to_helium"":0,""logg"":9,""lyman_profile_source"":""allard"",""maximum_metal_charge"":4,""metal_classical_electron_stark"":false,""metal_line_supplements"":[],""mixing_length_alpha"":1.25,""neutral_broadening"":""unsold"",""photospheric_depth_concentration"":1.0,""quality"":""production"",""structure_opacity_sampling_resolution"":1000.0,""synthesis_transfer_depth_refinement"":4}",models/dab-ef4c49b0b23583c2a74ec29f/spectrum.txt,b2f395c6f8f00aa36249973a34cd8c14ef5c1263a56bbeb90376d0edb0aeff0e,18901,dab,2292.447494969936,
dab-f5db1bb5f92e840d471aaf24,40000,9,2,production,COMPLETE_NUMERICAL,0a74fdbe06596fc145f5169a3b239ddd67053141,"{""abundances"":null,""allard_minimum_effective_temperature"":9000.0,""atmosphere_solver"":""adaptive-newton"",""balmer_self_broadening_prescription"":null,""balmer_self_broadening_truncation_closure"":""stark-core"",""effective_temperature"":40000,""formal_maximum_metal_lines"":null,""formal_minimum_metal_oscillator_strength"":0.0001,""h2_he_cia_path"":null,""include_molecules"":false,""log_hydrogen_to_helium"":2,""logg"":9,""lyman_profile_source"":""allard"",""maximum_metal_charge"":4,""metal_classical_electron_stark"":false,""metal_line_supplements"":[],""mixing_length_alpha"":1.25,""neutral_broadening"":""unsold"",""photospheric_depth_concentration"":1.0,""quality"":""production"",""structure_opacity_sampling_resolution"":1000.0,""synthesis_transfer_depth_refinement"":4}",models/dab-f5db1bb5f92e840d471aaf24/spectrum.txt,e1d8bfbdaf891be80786140d1bcaee9430d392e3fd48fcb32db00e452976c276,18901,dab,1886.9231283911504,
dab-a417e62f4369272a0a57d782,40000,9,4,production,COMPLETE_NUMERICAL,0a74fdbe06596fc145f5169a3b239ddd67053141,"{""abundances"":null,""allard_minimum_effective_temperature"":9000.0,""atmosphere_solver"":""adaptive-newton"",""balmer_self_broadening_prescription"":null,""balmer_self_broadening_truncation_closure"":""stark-core"",""effective_temperature"":40000,""formal_maximum_metal_lines"":null,""formal_minimum_metal_oscillator_strength"":0.0001,""h2_he_cia_path"":null,""include_molecules"":false,""log_hydrogen_to_helium"":4,""logg"":9,""lyman_profile_source"":""allard"",""maximum_metal_charge"":4,""metal_classical_electron_stark"":false,""metal_line_supplements"":[],""mixing_length_alpha"":1.25,""neutral_broadening"":""unsold"",""photospheric_depth_concentration"":1.0,""quality"":""production"",""structure_opacity_sampling_resolution"":1000.0,""synthesis_transfer_depth_refinement"":4}",models/dab-a417e62f4369272a0a57d782/spectrum.txt,bbd6d1b211b6564356e3d1be77392b1e8d44f9b207fa4574d36c314df64d94fd,18901,dab,1733.3431061538868,
dab-401f2ed23251795f47bc9216,40000,9.5,-6,production,COMPLETE_NUMERICAL,0a74fdbe06596fc145f5169a3b239ddd67053141,"{""abundances"":null,""allard_minimum_effective_temperature"":9000.0,""atmosphere_solver"":""adaptive-newton"",""balmer_self_broadening_prescription"":null,""balmer_self_broadening_truncation_closure"":""stark-core"",""effective_temperature"":40000,""formal_maximum_metal_lines"":null,""formal_minimum_metal_oscillator_strength"":0.0001,""h2_he_cia_path"":null,""include_molecules"":false,""log_hydrogen_to_helium"":-6,""logg"":9.5,""lyman_profile_source"":""allard"",""maximum_metal_charge"":4,""metal_classical_electron_stark"":false,""metal_line_supplements"":[],""mixing_length_alpha"":1.25,""neutral_broadening"":""unsold"",""photospheric_depth_concentration"":1.0,""quality"":""production"",""structure_opacity_sampling_resolution"":1000.0,""synthesis_transfer_depth_refinement"":4}",models/dab-401f2ed23251795f47bc9216/spectrum.txt,f33e3b11293c175eeed902a9e3f17ba289eeb86aa3bd6cedf65c3746d86bbfce,18901,dab,2117.129145230865,
dab-c2191314e8ff4d7d726ffaa6,40000,9.5,-4,production,COMPLETE_NUMERICAL,0a74fdbe06596fc145f5169a3b239ddd67053141,"{""abundances"":null,""allard_minimum_effective_temperature"":9000.0,""atmosphere_solver"":""adaptive-newton"",""balmer_self_broadening_prescription"":null,""balmer_self_broadening_truncation_closure"":""stark-core"",""effective_temperature"":40000,""formal_maximum_metal_lines"":null,""formal_minimum_metal_oscillator_strength"":0.0001,""h2_he_cia_path"":null,""include_molecules"":false,""log_hydrogen_to_helium"":-4,""logg"":9.5,""lyman_profile_source"":""allard"",""maximum_metal_charge"":4,""metal_classical_electron_stark"":false,""metal_line_supplements"":[],""mixing_length_alpha"":1.25,""neutral_broadening"":""unsold"",""photospheric_depth_concentration"":1.0,""quality"":""production"",""structure_opacity_sampling_resolution"":1000.0,""synthesis_transfer_depth_refinement"":4}",models/dab-c2191314e8ff4d7d726ffaa6/spectrum.txt,6f173f0fc58803af79d036147ff52e29f57ebd959612a14f81ca5e7f80c502f8,18901,dab,2127.8317326118704,
dab-06ca08c7d711532bb50177d9,40000,9.5,-2,production,COMPLETE_NUMERICAL,0a74fdbe06596fc145f5169a3b239ddd67053141,"{""abundances"":null,""allard_minimum_effective_temperature"":9000.0,""atmosphere_solver"":""adaptive-newton"",""balmer_self_broadening_prescription"":null,""balmer_self_broadening_truncation_closure"":""stark-core"",""effective_temperature"":40000,""formal_maximum_metal_lines"":null,""formal_minimum_metal_oscillator_strength"":0.0001,""h2_he_cia_path"":null,""include_molecules"":false,""log_hydrogen_to_helium"":-2,""logg"":9.5,""lyman_profile_source"":""allard"",""maximum_metal_charge"":4,""metal_classical_electron_stark"":false,""metal_line_supplements"":[],""mixing_length_alpha"":1.25,""neutral_broadening"":""unsold"",""photospheric_depth_concentration"":1.0,""quality"":""production"",""structure_opacity_sampling_resolution"":1000.0,""synthesis_transfer_depth_refinement"":4}",models/dab-06ca08c7d711532bb50177d9/spectrum.txt,8abf1d747226b2e4216fb74682b215edc9118b7e63e967f72f151582128c404c,18901,dab,2672.9978625609074,
dab-c5cddefb0d26e5d14d89de9b,40000,9.5,0,production,COMPLETE_NUMERICAL,0a74fdbe06596fc145f5169a3b239ddd67053141,"{""abundances"":null,""allard_minimum_effective_temperature"":9000.0,""atmosphere_solver"":""adaptive-newton"",""balmer_self_broadening_prescription"":null,""balmer_self_broadening_truncation_closure"":""stark-core"",""effective_temperature"":40000,""formal_maximum_metal_lines"":null,""formal_minimum_metal_oscillator_strength"":0.0001,""h2_he_cia_path"":null,""include_molecules"":false,""log_hydrogen_to_helium"":0,""logg"":9.5,""lyman_profile_source"":""allard"",""maximum_metal_charge"":4,""metal_classical_electron_stark"":false,""metal_line_supplements"":[],""mixing_length_alpha"":1.25,""neutral_broadening"":""unsold"",""photospheric_depth_concentration"":1.0,""quality"":""production"",""structure_opacity_sampling_resolution"":1000.0,""synthesis_transfer_depth_refinement"":4}",models/dab-c5cddefb0d26e5d14d89de9b/spectrum.txt,0e58857d2230ebb5e8726be0bd565d067a48340c8ed7477245ff825160cd0357,18901,dab,2327.027354754042,
dab-a3cfd4087df8ca97eb05ccad,40000,9.5,2,production,COMPLETE_NUMERICAL,0a74fdbe06596fc145f5169a3b239ddd67053141,"{""abundances"":null,""allard_minimum_effective_temperature"":9000.0,""atmosphere_solver"":""adaptive-newton"",""balmer_self_broadening_prescription"":null,""balmer_self_broadening_truncation_closure"":""stark-core"",""effective_temperature"":40000,""formal_maximum_metal_lines"":null,""formal_minimum_metal_oscillator_strength"":0.0001,""h2_he_cia_path"":null,""include_molecules"":false,""log_hydrogen_to_helium"":2,""logg"":9.5,""lyman_profile_source"":""allard"",""maximum_metal_charge"":4,""metal_classical_electron_stark"":false,""metal_line_supplements"":[],""mixing_length_alpha"":1.25,""neutral_broadening"":""unsold"",""photospheric_depth_concentration"":1.0,""quality"":""production"",""structure_opacity_sampling_resolution"":1000.0,""synthesis_transfer_depth_refinement"":4}",models/dab-a3cfd4087df8ca97eb05ccad/spectrum.txt,ddd92d3a6b3f5ec9f1631c54507ce7c9513e14c273387fe23d5fdbdcb0e9bc5a,18901,dab,2020.7551303908695,
dab-5a83e44581db811b0186f479,40000,9.5,4,production,COMPLETE_NUMERICAL,0a74fdbe06596fc145f5169a3b239ddd67053141,"{""abundances"":null,""allard_minimum_effective_temperature"":9000.0,""atmosphere_solver"":""adaptive-newton"",""balmer_self_broadening_prescription"":null,""balmer_self_broadening_truncation_closure"":""stark-core"",""effective_temperature"":40000,""formal_maximum_metal_lines"":null,""formal_minimum_metal_oscillator_strength"":0.0001,""h2_he_cia_path"":null,""include_molecules"":false,""log_hydrogen_to_helium"":4,""logg"":9.5,""lyman_profile_source"":""allard"",""maximum_metal_charge"":4,""metal_classical_electron_stark"":false,""metal_line_supplements"":[],""mixing_length_alpha"":1.25,""neutral_broadening"":""unsold"",""photospheric_depth_concentration"":1.0,""quality"":""production"",""structure_opacity_sampling_resolution"":1000.0,""synthesis_transfer_depth_refinement"":4}",models/dab-5a83e44581db811b0186f479/spectrum.txt,4fa1cb9f96abe51a5bdecf122d89c67e4fe3fc189962a32a9398ed66255f19c5,18901,dab,1860.137996729929,
