model_id,family,role,teff_K,logg,pattern,metal_scale_dex,log_H_He,log_C_He,magnetic_field_MG,status,plot_status,plot_note,snapshot,source_commit,scientific_identity,quality
da-38509644875d0fddd2d890f1,DA,grid-node,3000.0,8.0,,,,,,COMPLETE_NUMERICAL,completed,Passed the bank numerical checks,2026-10-08,cfe2d2ff99a434cd502696c1eb7b2f5daf8d11c5,58faa4377006afb855cb3db77ca0c48382389a321419731c946976e4e1513fd6,native preset; see archived full request
da-31427fc7f6b325b9d370b19d,DA,grid-node,4000.0,8.0,,,,,,COMPLETE_NUMERICAL,completed,Passed the bank numerical checks,2026-10-08,cfe2d2ff99a434cd502696c1eb7b2f5daf8d11c5,58faa4377006afb855cb3db77ca0c48382389a321419731c946976e4e1513fd6,native preset; see archived full request
da-8a67c2f7a0cfa036ad17152f,DA,grid-node,5000.0,8.0,,,,,,COMPLETE_NUMERICAL,completed,Passed the bank numerical checks,2026-10-08,cfe2d2ff99a434cd502696c1eb7b2f5daf8d11c5,58faa4377006afb855cb3db77ca0c48382389a321419731c946976e4e1513fd6,native preset; see archived full request
da-de73251ab5cdedeb38305258,DA,grid-node,8000.0,8.0,,,,,,COMPLETE_NUMERICAL,completed,Passed the bank numerical checks,2026-10-08,cfe2d2ff99a434cd502696c1eb7b2f5daf8d11c5,58faa4377006afb855cb3db77ca0c48382389a321419731c946976e4e1513fd6,native preset; see archived full request
da-33b532f7928d719c7c9951c5,DA,grid-node,10000.0,8.0,,,,,,COMPLETE_NUMERICAL,completed,Passed the bank numerical checks,2026-10-08,cfe2d2ff99a434cd502696c1eb7b2f5daf8d11c5,58faa4377006afb855cb3db77ca0c48382389a321419731c946976e4e1513fd6,native preset; see archived full request
da-e6ca40f29bf0d730faa381d6,DA,grid-node,12000.0,8.0,,,,,,COMPLETE_NUMERICAL,completed,Passed the bank numerical checks,2026-10-08,cfe2d2ff99a434cd502696c1eb7b2f5daf8d11c5,58faa4377006afb855cb3db77ca0c48382389a321419731c946976e4e1513fd6,native preset; see archived full request
da-b0f095b03ab6167e3f5abf9f,DA,grid-node,20000.0,8.0,,,,,,COMPLETE_NUMERICAL,completed,Passed the bank numerical checks,2026-10-08,cfe2d2ff99a434cd502696c1eb7b2f5daf8d11c5,58faa4377006afb855cb3db77ca0c48382389a321419731c946976e4e1513fd6,native preset; see archived full request
da-6ade96a9ada1cd6a517c7a51,DA,grid-node,22000.0,8.0,,,,,,COMPLETE_NUMERICAL,completed,Passed the bank numerical checks,2026-10-08,cfe2d2ff99a434cd502696c1eb7b2f5daf8d11c5,58faa4377006afb855cb3db77ca0c48382389a321419731c946976e4e1513fd6,native preset; see archived full request
da-f0e2f844455ccb827db05310,DA,grid-node,60000.0,8.0,,,,,,COMPLETE_NUMERICAL,completed,Passed the bank numerical checks,2026-10-08,cfe2d2ff99a434cd502696c1eb7b2f5daf8d11c5,58faa4377006afb855cb3db77ca0c48382389a321419731c946976e4e1513fd6,native preset; see archived full request
da-a3061fe73269546ec8fa6fa2,DA,grid-node,3250.0,8.0,,,,,,COMPLETE_NUMERICAL,completed,Passed the bank numerical checks,2026-10-08,cfe2d2ff99a434cd502696c1eb7b2f5daf8d11c5,58faa4377006afb855cb3db77ca0c48382389a321419731c946976e4e1513fd6,native preset; see archived full request
da-bb8adf2073ddb86578925e7d,DA,grid-node,3500.0,8.0,,,,,,COMPLETE_NUMERICAL,completed,Passed the bank numerical checks,2026-10-08,cfe2d2ff99a434cd502696c1eb7b2f5daf8d11c5,58faa4377006afb855cb3db77ca0c48382389a321419731c946976e4e1513fd6,native preset; see archived full request
da-09d7d92799b1f3d93cfe3fb9,DA,grid-node,3750.0,8.0,,,,,,COMPLETE_NUMERICAL,completed,Passed the bank numerical checks,2026-10-08,cfe2d2ff99a434cd502696c1eb7b2f5daf8d11c5,58faa4377006afb855cb3db77ca0c48382389a321419731c946976e4e1513fd6,native preset; see archived full request
da-a52a1b997529f286d16eda92,DA,grid-node,4250.0,8.0,,,,,,COMPLETE_NUMERICAL,completed,Passed the bank numerical checks,2026-10-08,cfe2d2ff99a434cd502696c1eb7b2f5daf8d11c5,58faa4377006afb855cb3db77ca0c48382389a321419731c946976e4e1513fd6,native preset; see archived full request
da-f2481d24a7b82bf1f58f3dff,DA,grid-node,4500.0,8.0,,,,,,TIMEOUT,timed_out,Resource cap reached; no physical failure inferred,2026-10-08,cfe2d2ff99a434cd502696c1eb7b2f5daf8d11c5,58faa4377006afb855cb3db77ca0c48382389a321419731c946976e4e1513fd6,native preset; see archived full request
da-0c5d94b38bee178fc3e760da,DA,grid-node,4750.0,8.0,,,,,,NUMERICAL_NONCONVERGENCE,numerical_failure,Required equilibrium checks failed; raw reason retained,2026-10-08,cfe2d2ff99a434cd502696c1eb7b2f5daf8d11c5,58faa4377006afb855cb3db77ca0c48382389a321419731c946976e4e1513fd6,native preset; see archived full request
da-86c91ebf7f7877ece84b6743,DA,grid-node,5500.0,8.0,,,,,,COMPLETE_NUMERICAL,completed,Passed the bank numerical checks,2026-10-08,cfe2d2ff99a434cd502696c1eb7b2f5daf8d11c5,58faa4377006afb855cb3db77ca0c48382389a321419731c946976e4e1513fd6,native preset; see archived full request
da-5d2179d37e61b094b3eadfd9,DA,grid-node,6000.0,8.0,,,,,,COMPLETE_NUMERICAL,completed,Passed the bank numerical checks,2026-10-08,cfe2d2ff99a434cd502696c1eb7b2f5daf8d11c5,58faa4377006afb855cb3db77ca0c48382389a321419731c946976e4e1513fd6,native preset; see archived full request
da-683b9a86b661a16ed9baadd1,DA,grid-node,6500.0,8.0,,,,,,COMPLETE_NUMERICAL,completed,Passed the bank numerical checks,2026-10-08,cfe2d2ff99a434cd502696c1eb7b2f5daf8d11c5,58faa4377006afb855cb3db77ca0c48382389a321419731c946976e4e1513fd6,native preset; see archived full request
da-2af20d66af47f1037cf92969,DA,grid-node,7000.0,8.0,,,,,,COMPLETE_NUMERICAL,completed,Passed the bank numerical checks,2026-10-08,cfe2d2ff99a434cd502696c1eb7b2f5daf8d11c5,58faa4377006afb855cb3db77ca0c48382389a321419731c946976e4e1513fd6,native preset; see archived full request
da-c0b2cd9a077ff895ad688050,DA,grid-node,7500.0,8.0,,,,,,COMPLETE_NUMERICAL,completed,Passed the bank numerical checks,2026-10-08,cfe2d2ff99a434cd502696c1eb7b2f5daf8d11c5,58faa4377006afb855cb3db77ca0c48382389a321419731c946976e4e1513fd6,native preset; see archived full request
da-c92698565878da52e0c92d2a,DA,grid-node,8500.0,8.0,,,,,,COMPLETE_NUMERICAL,completed,Passed the bank numerical checks,2026-10-08,cfe2d2ff99a434cd502696c1eb7b2f5daf8d11c5,58faa4377006afb855cb3db77ca0c48382389a321419731c946976e4e1513fd6,native preset; see archived full request
da-28acaead21fb757a82cf3d0d,DA,grid-node,9000.0,8.0,,,,,,COMPLETE_NUMERICAL,completed,Passed the bank numerical checks,2026-10-08,cfe2d2ff99a434cd502696c1eb7b2f5daf8d11c5,58faa4377006afb855cb3db77ca0c48382389a321419731c946976e4e1513fd6,native preset; see archived full request
da-aeb5955274ddcced4e0a9cf9,DA,grid-node,9500.0,8.0,,,,,,COMPLETE_NUMERICAL,completed,Passed the bank numerical checks,2026-10-08,cfe2d2ff99a434cd502696c1eb7b2f5daf8d11c5,58faa4377006afb855cb3db77ca0c48382389a321419731c946976e4e1513fd6,native preset; see archived full request
da-4ac110469458b03a940beb38,DA,grid-node,10500.0,8.0,,,,,,COMPLETE_NUMERICAL,completed,Passed the bank numerical checks,2026-10-08,cfe2d2ff99a434cd502696c1eb7b2f5daf8d11c5,58faa4377006afb855cb3db77ca0c48382389a321419731c946976e4e1513fd6,native preset; see archived full request
da-3218ae8f8535c049ef72a3e2,DA,grid-node,11000.0,8.0,,,,,,COMPLETE_NUMERICAL,completed,Passed the bank numerical checks,2026-10-08,cfe2d2ff99a434cd502696c1eb7b2f5daf8d11c5,58faa4377006afb855cb3db77ca0c48382389a321419731c946976e4e1513fd6,native preset; see archived full request
da-75eef7b03e3a20f766c4ce01,DA,grid-node,11500.0,8.0,,,,,,COMPLETE_NUMERICAL,completed,Passed the bank numerical checks,2026-10-08,cfe2d2ff99a434cd502696c1eb7b2f5daf8d11c5,58faa4377006afb855cb3db77ca0c48382389a321419731c946976e4e1513fd6,native preset; see archived full request
da-132ffd41f1acaaa50658664d,DA,grid-node,12500.0,8.0,,,,,,COMPLETE_NUMERICAL,completed,Passed the bank numerical checks,2026-10-08,cfe2d2ff99a434cd502696c1eb7b2f5daf8d11c5,58faa4377006afb855cb3db77ca0c48382389a321419731c946976e4e1513fd6,native preset; see archived full request
da-c04ef089fbabb43c8441402b,DA,grid-node,13000.0,8.0,,,,,,COMPLETE_NUMERICAL,completed,Passed the bank numerical checks,2026-10-08,cfe2d2ff99a434cd502696c1eb7b2f5daf8d11c5,58faa4377006afb855cb3db77ca0c48382389a321419731c946976e4e1513fd6,native preset; see archived full request
da-640cf5a324b257add372ddbd,DA,grid-node,13500.0,8.0,,,,,,COMPLETE_NUMERICAL,completed,Passed the bank numerical checks,2026-10-08,cfe2d2ff99a434cd502696c1eb7b2f5daf8d11c5,58faa4377006afb855cb3db77ca0c48382389a321419731c946976e4e1513fd6,native preset; see archived full request
da-7adf039773717276c202a9db,DA,grid-node,14000.0,8.0,,,,,,COMPLETE_NUMERICAL,completed,Passed the bank numerical checks,2026-10-08,cfe2d2ff99a434cd502696c1eb7b2f5daf8d11c5,58faa4377006afb855cb3db77ca0c48382389a321419731c946976e4e1513fd6,native preset; see archived full request
da-8a3eba3923852fb36343eb20,DA,grid-node,14500.0,8.0,,,,,,COMPLETE_NUMERICAL,completed,Passed the bank numerical checks,2026-10-08,cfe2d2ff99a434cd502696c1eb7b2f5daf8d11c5,58faa4377006afb855cb3db77ca0c48382389a321419731c946976e4e1513fd6,native preset; see archived full request
da-b3c304201884b2c970ae9db9,DA,grid-node,15000.0,8.0,,,,,,COMPLETE_NUMERICAL,completed,Passed the bank numerical checks,2026-10-08,cfe2d2ff99a434cd502696c1eb7b2f5daf8d11c5,58faa4377006afb855cb3db77ca0c48382389a321419731c946976e4e1513fd6,native preset; see archived full request
da-e4787051024e350ce2b1c511,DA,grid-node,15500.0,8.0,,,,,,COMPLETE_NUMERICAL,completed,Passed the bank numerical checks,2026-10-08,cfe2d2ff99a434cd502696c1eb7b2f5daf8d11c5,58faa4377006afb855cb3db77ca0c48382389a321419731c946976e4e1513fd6,native preset; see archived full request
da-dc1fc2b24bd5c52167b6fa3f,DA,grid-node,16000.0,8.0,,,,,,COMPLETE_NUMERICAL,completed,Passed the bank numerical checks,2026-10-08,cfe2d2ff99a434cd502696c1eb7b2f5daf8d11c5,58faa4377006afb855cb3db77ca0c48382389a321419731c946976e4e1513fd6,native preset; see archived full request
da-ce9c721f2653fae702953169,DA,grid-node,17000.0,8.0,,,,,,COMPLETE_NUMERICAL,completed,Passed the bank numerical checks,2026-10-08,cfe2d2ff99a434cd502696c1eb7b2f5daf8d11c5,58faa4377006afb855cb3db77ca0c48382389a321419731c946976e4e1513fd6,native preset; see archived full request
da-89eabab7d0ae5e6944f65f2b,DA,grid-node,18000.0,8.0,,,,,,COMPLETE_NUMERICAL,completed,Passed the bank numerical checks,2026-10-08,cfe2d2ff99a434cd502696c1eb7b2f5daf8d11c5,58faa4377006afb855cb3db77ca0c48382389a321419731c946976e4e1513fd6,native preset; see archived full request
da-98b977bfbafe5e4d8b4f3c28,DA,grid-node,19000.0,8.0,,,,,,COMPLETE_NUMERICAL,completed,Passed the bank numerical checks,2026-10-08,cfe2d2ff99a434cd502696c1eb7b2f5daf8d11c5,58faa4377006afb855cb3db77ca0c48382389a321419731c946976e4e1513fd6,native preset; see archived full request
da-ccba5fbb893479c990de9205,DA,grid-node,21000.0,8.0,,,,,,COMPLETE_NUMERICAL,completed,Passed the bank numerical checks,2026-10-08,cfe2d2ff99a434cd502696c1eb7b2f5daf8d11c5,58faa4377006afb855cb3db77ca0c48382389a321419731c946976e4e1513fd6,native preset; see archived full request
da-1ccfdfbb3786fd14ea8e4b58,DA,grid-node,23000.0,8.0,,,,,,COMPLETE_NUMERICAL,completed,Passed the bank numerical checks,2026-10-08,cfe2d2ff99a434cd502696c1eb7b2f5daf8d11c5,58faa4377006afb855cb3db77ca0c48382389a321419731c946976e4e1513fd6,native preset; see archived full request
da-36b91b290454f97baed1370d,DA,grid-node,24000.0,8.0,,,,,,COMPLETE_NUMERICAL,completed,Passed the bank numerical checks,2026-10-08,cfe2d2ff99a434cd502696c1eb7b2f5daf8d11c5,58faa4377006afb855cb3db77ca0c48382389a321419731c946976e4e1513fd6,native preset; see archived full request
da-8e6ff1d9347958422667c713,DA,grid-node,25000.0,8.0,,,,,,COMPLETE_NUMERICAL,completed,Passed the bank numerical checks,2026-10-08,cfe2d2ff99a434cd502696c1eb7b2f5daf8d11c5,58faa4377006afb855cb3db77ca0c48382389a321419731c946976e4e1513fd6,native preset; see archived full request
da-680bf32b5accaed0ebfb8359,DA,grid-node,26000.0,8.0,,,,,,COMPLETE_NUMERICAL,completed,Passed the bank numerical checks,2026-10-08,cfe2d2ff99a434cd502696c1eb7b2f5daf8d11c5,58faa4377006afb855cb3db77ca0c48382389a321419731c946976e4e1513fd6,native preset; see archived full request
da-d943b0e0ec661132d4375fb2,DA,grid-node,27000.0,8.0,,,,,,COMPLETE_NUMERICAL,completed,Passed the bank numerical checks,2026-10-08,cfe2d2ff99a434cd502696c1eb7b2f5daf8d11c5,58faa4377006afb855cb3db77ca0c48382389a321419731c946976e4e1513fd6,native preset; see archived full request
da-84c421c454e7d293a760aa0f,DA,grid-node,28000.0,8.0,,,,,,COMPLETE_NUMERICAL,completed,Passed the bank numerical checks,2026-10-08,cfe2d2ff99a434cd502696c1eb7b2f5daf8d11c5,58faa4377006afb855cb3db77ca0c48382389a321419731c946976e4e1513fd6,native preset; see archived full request
da-1ad6710cd042deb439ebba64,DA,grid-node,29000.0,8.0,,,,,,COMPLETE_NUMERICAL,completed,Passed the bank numerical checks,2026-10-08,cfe2d2ff99a434cd502696c1eb7b2f5daf8d11c5,58faa4377006afb855cb3db77ca0c48382389a321419731c946976e4e1513fd6,native preset; see archived full request
da-505cf52d8bb996b2976f0142,DA,grid-node,30000.0,8.0,,,,,,COMPLETE_NUMERICAL,completed,Passed the bank numerical checks,2026-10-08,cfe2d2ff99a434cd502696c1eb7b2f5daf8d11c5,58faa4377006afb855cb3db77ca0c48382389a321419731c946976e4e1513fd6,native preset; see archived full request
da-cb58cd01e87ea8f784a7966f,DA,grid-node,32000.0,8.0,,,,,,COMPLETE_NUMERICAL,completed,Passed the bank numerical checks,2026-10-08,cfe2d2ff99a434cd502696c1eb7b2f5daf8d11c5,58faa4377006afb855cb3db77ca0c48382389a321419731c946976e4e1513fd6,native preset; see archived full request
da-5ea38be8a5d8ae3e44be1ded,DA,grid-node,34000.0,8.0,,,,,,COMPLETE_NUMERICAL,completed,Passed the bank numerical checks,2026-10-08,cfe2d2ff99a434cd502696c1eb7b2f5daf8d11c5,58faa4377006afb855cb3db77ca0c48382389a321419731c946976e4e1513fd6,native preset; see archived full request
da-ad50491e8151a73a5fd10568,DA,grid-node,36000.0,8.0,,,,,,COMPLETE_NUMERICAL,completed,Passed the bank numerical checks,2026-10-08,cfe2d2ff99a434cd502696c1eb7b2f5daf8d11c5,58faa4377006afb855cb3db77ca0c48382389a321419731c946976e4e1513fd6,native preset; see archived full request
da-0d483bfc58d846fd97b3faa5,DA,grid-node,38000.0,8.0,,,,,,COMPLETE_NUMERICAL,completed,Passed the bank numerical checks,2026-10-08,cfe2d2ff99a434cd502696c1eb7b2f5daf8d11c5,58faa4377006afb855cb3db77ca0c48382389a321419731c946976e4e1513fd6,native preset; see archived full request
da-aa906d3e9a8a0e97a12c2d5d,DA,grid-node,40000.0,8.0,,,,,,COMPLETE_NUMERICAL,completed,Passed the bank numerical checks,2026-10-08,cfe2d2ff99a434cd502696c1eb7b2f5daf8d11c5,58faa4377006afb855cb3db77ca0c48382389a321419731c946976e4e1513fd6,native preset; see archived full request
da-7436fae1665e9f58dc09187b,DA,grid-node,45000.0,8.0,,,,,,COMPLETE_NUMERICAL,completed,Passed the bank numerical checks,2026-10-08,cfe2d2ff99a434cd502696c1eb7b2f5daf8d11c5,58faa4377006afb855cb3db77ca0c48382389a321419731c946976e4e1513fd6,native preset; see archived full request
da-30a42acdd26b682051b98fc9,DA,grid-node,50000.0,8.0,,,,,,COMPLETE_NUMERICAL,completed,Passed the bank numerical checks,2026-10-08,cfe2d2ff99a434cd502696c1eb7b2f5daf8d11c5,58faa4377006afb855cb3db77ca0c48382389a321419731c946976e4e1513fd6,native preset; see archived full request
da-ae22ea941b6f1099e74c2222,DA,grid-node,55000.0,8.0,,,,,,COMPLETE_NUMERICAL,completed,Passed the bank numerical checks,2026-10-08,cfe2d2ff99a434cd502696c1eb7b2f5daf8d11c5,58faa4377006afb855cb3db77ca0c48382389a321419731c946976e4e1513fd6,native preset; see archived full request
da-c88c2468d256c8d569708d66,DA,grid-node,3000.0,7.75,,,,,,COMPLETE_NUMERICAL,completed,Passed the bank numerical checks,2026-10-08,cfe2d2ff99a434cd502696c1eb7b2f5daf8d11c5,58faa4377006afb855cb3db77ca0c48382389a321419731c946976e4e1513fd6,native preset; see archived full request
da-afee3b0a692a5db7f48696bd,DA,grid-node,4000.0,7.75,,,,,,COMPLETE_NUMERICAL,completed,Passed the bank numerical checks,2026-10-08,cfe2d2ff99a434cd502696c1eb7b2f5daf8d11c5,58faa4377006afb855cb3db77ca0c48382389a321419731c946976e4e1513fd6,native preset; see archived full request
da-7f57e1f4fb9a9238f2bc1c60,DA,grid-node,5000.0,7.75,,,,,,COMPLETE_NUMERICAL,completed,Passed the bank numerical checks,2026-10-08,cfe2d2ff99a434cd502696c1eb7b2f5daf8d11c5,58faa4377006afb855cb3db77ca0c48382389a321419731c946976e4e1513fd6,native preset; see archived full request
da-0a875a5e012aa0feddacda29,DA,grid-node,8000.0,7.75,,,,,,COMPLETE_NUMERICAL,completed,Passed the bank numerical checks,2026-10-08,cfe2d2ff99a434cd502696c1eb7b2f5daf8d11c5,58faa4377006afb855cb3db77ca0c48382389a321419731c946976e4e1513fd6,native preset; see archived full request
da-fa78bb0e673a03ed6c28b70f,DA,grid-node,10000.0,7.75,,,,,,COMPLETE_NUMERICAL,completed,Passed the bank numerical checks,2026-10-08,cfe2d2ff99a434cd502696c1eb7b2f5daf8d11c5,58faa4377006afb855cb3db77ca0c48382389a321419731c946976e4e1513fd6,native preset; see archived full request
da-0378527ffa6c2aace2a85076,DA,grid-node,12000.0,7.75,,,,,,COMPLETE_NUMERICAL,completed,Passed the bank numerical checks,2026-10-08,cfe2d2ff99a434cd502696c1eb7b2f5daf8d11c5,58faa4377006afb855cb3db77ca0c48382389a321419731c946976e4e1513fd6,native preset; see archived full request
da-388341db623ea76a05967f6b,DA,grid-node,20000.0,7.75,,,,,,COMPLETE_NUMERICAL,completed,Passed the bank numerical checks,2026-10-08,cfe2d2ff99a434cd502696c1eb7b2f5daf8d11c5,58faa4377006afb855cb3db77ca0c48382389a321419731c946976e4e1513fd6,native preset; see archived full request
da-277586477472e54b49492ad6,DA,grid-node,22000.0,7.75,,,,,,COMPLETE_NUMERICAL,completed,Passed the bank numerical checks,2026-10-08,cfe2d2ff99a434cd502696c1eb7b2f5daf8d11c5,58faa4377006afb855cb3db77ca0c48382389a321419731c946976e4e1513fd6,native preset; see archived full request
da-4350d7e217b79fdb675736b0,DA,grid-node,60000.0,7.75,,,,,,COMPLETE_NUMERICAL,completed,Passed the bank numerical checks,2026-10-08,cfe2d2ff99a434cd502696c1eb7b2f5daf8d11c5,58faa4377006afb855cb3db77ca0c48382389a321419731c946976e4e1513fd6,native preset; see archived full request
da-1d2d18fe95aafcba583ef660,DA,grid-node,3250.0,7.75,,,,,,COMPLETE_NUMERICAL,completed,Passed the bank numerical checks,2026-10-08,cfe2d2ff99a434cd502696c1eb7b2f5daf8d11c5,58faa4377006afb855cb3db77ca0c48382389a321419731c946976e4e1513fd6,native preset; see archived full request
da-490e8a6d9d4943c7d231bdb0,DA,grid-node,3500.0,7.75,,,,,,COMPLETE_NUMERICAL,completed,Passed the bank numerical checks,2026-10-08,cfe2d2ff99a434cd502696c1eb7b2f5daf8d11c5,58faa4377006afb855cb3db77ca0c48382389a321419731c946976e4e1513fd6,native preset; see archived full request
da-44e6a3228511f4ab632dd2a6,DA,grid-node,3750.0,7.75,,,,,,COMPLETE_NUMERICAL,completed,Passed the bank numerical checks,2026-10-08,cfe2d2ff99a434cd502696c1eb7b2f5daf8d11c5,58faa4377006afb855cb3db77ca0c48382389a321419731c946976e4e1513fd6,native preset; see archived full request
da-0a936e55cb61eb2403f1b68a,DA,grid-node,4250.0,7.75,,,,,,COMPLETE_NUMERICAL,completed,Passed the bank numerical checks,2026-10-08,cfe2d2ff99a434cd502696c1eb7b2f5daf8d11c5,58faa4377006afb855cb3db77ca0c48382389a321419731c946976e4e1513fd6,native preset; see archived full request
da-1dba5e953e6564c908ca382e,DA,grid-node,4500.0,7.75,,,,,,NUMERICAL_NONCONVERGENCE,numerical_failure,Required equilibrium checks failed; raw reason retained,2026-10-08,cfe2d2ff99a434cd502696c1eb7b2f5daf8d11c5,58faa4377006afb855cb3db77ca0c48382389a321419731c946976e4e1513fd6,native preset; see archived full request
da-9523d2ebac25bacaa4e43831,DA,grid-node,4750.0,7.75,,,,,,TIMEOUT,timed_out,Resource cap reached; no physical failure inferred,2026-10-08,cfe2d2ff99a434cd502696c1eb7b2f5daf8d11c5,58faa4377006afb855cb3db77ca0c48382389a321419731c946976e4e1513fd6,native preset; see archived full request
da-6e3a5398d84a16ad446c536c,DA,grid-node,5500.0,7.75,,,,,,COMPLETE_NUMERICAL,completed,Passed the bank numerical checks,2026-10-08,cfe2d2ff99a434cd502696c1eb7b2f5daf8d11c5,58faa4377006afb855cb3db77ca0c48382389a321419731c946976e4e1513fd6,native preset; see archived full request
da-f99974b2f9cf7738bbec32c0,DA,grid-node,6000.0,7.75,,,,,,COMPLETE_NUMERICAL,completed,Passed the bank numerical checks,2026-10-08,cfe2d2ff99a434cd502696c1eb7b2f5daf8d11c5,58faa4377006afb855cb3db77ca0c48382389a321419731c946976e4e1513fd6,native preset; see archived full request
da-94124058b055064b376edcdb,DA,grid-node,6500.0,7.75,,,,,,COMPLETE_NUMERICAL,completed,Passed the bank numerical checks,2026-10-08,cfe2d2ff99a434cd502696c1eb7b2f5daf8d11c5,58faa4377006afb855cb3db77ca0c48382389a321419731c946976e4e1513fd6,native preset; see archived full request
da-f26b236b804c0ea819e692df,DA,grid-node,7000.0,7.75,,,,,,COMPLETE_NUMERICAL,completed,Passed the bank numerical checks,2026-10-08,cfe2d2ff99a434cd502696c1eb7b2f5daf8d11c5,58faa4377006afb855cb3db77ca0c48382389a321419731c946976e4e1513fd6,native preset; see archived full request
da-b73053363538630f88c18f8f,DA,grid-node,7500.0,7.75,,,,,,COMPLETE_NUMERICAL,completed,Passed the bank numerical checks,2026-10-08,cfe2d2ff99a434cd502696c1eb7b2f5daf8d11c5,58faa4377006afb855cb3db77ca0c48382389a321419731c946976e4e1513fd6,native preset; see archived full request
da-7217ff44c5f016a57ba4f73e,DA,grid-node,8500.0,7.75,,,,,,COMPLETE_NUMERICAL,completed,Passed the bank numerical checks,2026-10-08,cfe2d2ff99a434cd502696c1eb7b2f5daf8d11c5,58faa4377006afb855cb3db77ca0c48382389a321419731c946976e4e1513fd6,native preset; see archived full request
da-9c1fa8f109264e082b6699f4,DA,grid-node,9000.0,7.75,,,,,,COMPLETE_NUMERICAL,completed,Passed the bank numerical checks,2026-10-08,cfe2d2ff99a434cd502696c1eb7b2f5daf8d11c5,58faa4377006afb855cb3db77ca0c48382389a321419731c946976e4e1513fd6,native preset; see archived full request
da-e1c2da70626591263de6eae0,DA,grid-node,9500.0,7.75,,,,,,COMPLETE_NUMERICAL,completed,Passed the bank numerical checks,2026-10-08,cfe2d2ff99a434cd502696c1eb7b2f5daf8d11c5,58faa4377006afb855cb3db77ca0c48382389a321419731c946976e4e1513fd6,native preset; see archived full request
da-93f541de9e63d9ddd6449078,DA,grid-node,10500.0,7.75,,,,,,COMPLETE_NUMERICAL,completed,Passed the bank numerical checks,2026-10-08,cfe2d2ff99a434cd502696c1eb7b2f5daf8d11c5,58faa4377006afb855cb3db77ca0c48382389a321419731c946976e4e1513fd6,native preset; see archived full request
da-0c5e2a6825d691b77b24a7f8,DA,grid-node,11000.0,7.75,,,,,,COMPLETE_NUMERICAL,completed,Passed the bank numerical checks,2026-10-08,cfe2d2ff99a434cd502696c1eb7b2f5daf8d11c5,58faa4377006afb855cb3db77ca0c48382389a321419731c946976e4e1513fd6,native preset; see archived full request
da-b9b6bb110da72ad4bf96cac7,DA,grid-node,11500.0,7.75,,,,,,COMPLETE_NUMERICAL,completed,Passed the bank numerical checks,2026-10-08,cfe2d2ff99a434cd502696c1eb7b2f5daf8d11c5,58faa4377006afb855cb3db77ca0c48382389a321419731c946976e4e1513fd6,native preset; see archived full request
da-41328d0351918169a21133d6,DA,grid-node,12500.0,7.75,,,,,,COMPLETE_NUMERICAL,completed,Passed the bank numerical checks,2026-10-08,cfe2d2ff99a434cd502696c1eb7b2f5daf8d11c5,58faa4377006afb855cb3db77ca0c48382389a321419731c946976e4e1513fd6,native preset; see archived full request
da-d7bc18b38c8229e2c6670649,DA,grid-node,13000.0,7.75,,,,,,COMPLETE_NUMERICAL,completed,Passed the bank numerical checks,2026-10-08,cfe2d2ff99a434cd502696c1eb7b2f5daf8d11c5,58faa4377006afb855cb3db77ca0c48382389a321419731c946976e4e1513fd6,native preset; see archived full request
da-2e5ac3857324273982b8b536,DA,grid-node,13500.0,7.75,,,,,,COMPLETE_NUMERICAL,completed,Passed the bank numerical checks,2026-10-08,cfe2d2ff99a434cd502696c1eb7b2f5daf8d11c5,58faa4377006afb855cb3db77ca0c48382389a321419731c946976e4e1513fd6,native preset; see archived full request
da-b727fbb464a017974782e736,DA,grid-node,14000.0,7.75,,,,,,COMPLETE_NUMERICAL,completed,Passed the bank numerical checks,2026-10-08,cfe2d2ff99a434cd502696c1eb7b2f5daf8d11c5,58faa4377006afb855cb3db77ca0c48382389a321419731c946976e4e1513fd6,native preset; see archived full request
da-4b7a872d7c4fb9943e880660,DA,grid-node,14500.0,7.75,,,,,,COMPLETE_NUMERICAL,completed,Passed the bank numerical checks,2026-10-08,cfe2d2ff99a434cd502696c1eb7b2f5daf8d11c5,58faa4377006afb855cb3db77ca0c48382389a321419731c946976e4e1513fd6,native preset; see archived full request
da-f3d3f962ab6b5d7567b496d1,DA,grid-node,15000.0,7.75,,,,,,COMPLETE_NUMERICAL,completed,Passed the bank numerical checks,2026-10-08,cfe2d2ff99a434cd502696c1eb7b2f5daf8d11c5,58faa4377006afb855cb3db77ca0c48382389a321419731c946976e4e1513fd6,native preset; see archived full request
da-575ec9a82cfcecbbf9128972,DA,grid-node,15500.0,7.75,,,,,,COMPLETE_NUMERICAL,completed,Passed the bank numerical checks,2026-10-08,cfe2d2ff99a434cd502696c1eb7b2f5daf8d11c5,58faa4377006afb855cb3db77ca0c48382389a321419731c946976e4e1513fd6,native preset; see archived full request
da-1b050dba41f067548d7f8d8b,DA,grid-node,16000.0,7.75,,,,,,COMPLETE_NUMERICAL,completed,Passed the bank numerical checks,2026-10-08,cfe2d2ff99a434cd502696c1eb7b2f5daf8d11c5,58faa4377006afb855cb3db77ca0c48382389a321419731c946976e4e1513fd6,native preset; see archived full request
da-f1b87586cb8e811a933475f4,DA,grid-node,17000.0,7.75,,,,,,COMPLETE_NUMERICAL,completed,Passed the bank numerical checks,2026-10-08,cfe2d2ff99a434cd502696c1eb7b2f5daf8d11c5,58faa4377006afb855cb3db77ca0c48382389a321419731c946976e4e1513fd6,native preset; see archived full request
da-7a38ebfa15d1b5bbfc406925,DA,grid-node,18000.0,7.75,,,,,,COMPLETE_NUMERICAL,completed,Passed the bank numerical checks,2026-10-08,cfe2d2ff99a434cd502696c1eb7b2f5daf8d11c5,58faa4377006afb855cb3db77ca0c48382389a321419731c946976e4e1513fd6,native preset; see archived full request
da-0296fe75845dd2cf8fd25882,DA,grid-node,19000.0,7.75,,,,,,COMPLETE_NUMERICAL,completed,Passed the bank numerical checks,2026-10-08,cfe2d2ff99a434cd502696c1eb7b2f5daf8d11c5,58faa4377006afb855cb3db77ca0c48382389a321419731c946976e4e1513fd6,native preset; see archived full request
da-4e1416b95ddaf28f9c03d2c7,DA,grid-node,21000.0,7.75,,,,,,COMPLETE_NUMERICAL,completed,Passed the bank numerical checks,2026-10-08,cfe2d2ff99a434cd502696c1eb7b2f5daf8d11c5,58faa4377006afb855cb3db77ca0c48382389a321419731c946976e4e1513fd6,native preset; see archived full request
da-ad1a92ae38102e3d01c27cbb,DA,grid-node,23000.0,7.75,,,,,,COMPLETE_NUMERICAL,completed,Passed the bank numerical checks,2026-10-08,cfe2d2ff99a434cd502696c1eb7b2f5daf8d11c5,58faa4377006afb855cb3db77ca0c48382389a321419731c946976e4e1513fd6,native preset; see archived full request
da-57f29fb848a321a835648ea5,DA,grid-node,24000.0,7.75,,,,,,COMPLETE_NUMERICAL,completed,Passed the bank numerical checks,2026-10-08,cfe2d2ff99a434cd502696c1eb7b2f5daf8d11c5,58faa4377006afb855cb3db77ca0c48382389a321419731c946976e4e1513fd6,native preset; see archived full request
da-9b13560897321c4223d47686,DA,grid-node,25000.0,7.75,,,,,,COMPLETE_NUMERICAL,completed,Passed the bank numerical checks,2026-10-08,cfe2d2ff99a434cd502696c1eb7b2f5daf8d11c5,58faa4377006afb855cb3db77ca0c48382389a321419731c946976e4e1513fd6,native preset; see archived full request
da-9227e0364d759cfdbd9f4106,DA,grid-node,26000.0,7.75,,,,,,COMPLETE_NUMERICAL,completed,Passed the bank numerical checks,2026-10-08,cfe2d2ff99a434cd502696c1eb7b2f5daf8d11c5,58faa4377006afb855cb3db77ca0c48382389a321419731c946976e4e1513fd6,native preset; see archived full request
da-8cae997f6fb841cf2eb4e9a7,DA,grid-node,27000.0,7.75,,,,,,COMPLETE_NUMERICAL,completed,Passed the bank numerical checks,2026-10-08,cfe2d2ff99a434cd502696c1eb7b2f5daf8d11c5,58faa4377006afb855cb3db77ca0c48382389a321419731c946976e4e1513fd6,native preset; see archived full request
da-96dc087f6cff63d29b5725d8,DA,grid-node,28000.0,7.75,,,,,,COMPLETE_NUMERICAL,completed,Passed the bank numerical checks,2026-10-08,cfe2d2ff99a434cd502696c1eb7b2f5daf8d11c5,58faa4377006afb855cb3db77ca0c48382389a321419731c946976e4e1513fd6,native preset; see archived full request
da-0600c86717a7be4d40a3634c,DA,grid-node,29000.0,7.75,,,,,,COMPLETE_NUMERICAL,completed,Passed the bank numerical checks,2026-10-08,cfe2d2ff99a434cd502696c1eb7b2f5daf8d11c5,58faa4377006afb855cb3db77ca0c48382389a321419731c946976e4e1513fd6,native preset; see archived full request
da-29c95fd21237ece019b4db5d,DA,grid-node,30000.0,7.75,,,,,,COMPLETE_NUMERICAL,completed,Passed the bank numerical checks,2026-10-08,cfe2d2ff99a434cd502696c1eb7b2f5daf8d11c5,58faa4377006afb855cb3db77ca0c48382389a321419731c946976e4e1513fd6,native preset; see archived full request
da-89cc84ec2d29657faacec186,DA,grid-node,32000.0,7.75,,,,,,COMPLETE_NUMERICAL,completed,Passed the bank numerical checks,2026-10-08,cfe2d2ff99a434cd502696c1eb7b2f5daf8d11c5,58faa4377006afb855cb3db77ca0c48382389a321419731c946976e4e1513fd6,native preset; see archived full request
da-5e33555b375e46bd193953b5,DA,grid-node,34000.0,7.75,,,,,,COMPLETE_NUMERICAL,completed,Passed the bank numerical checks,2026-10-08,cfe2d2ff99a434cd502696c1eb7b2f5daf8d11c5,58faa4377006afb855cb3db77ca0c48382389a321419731c946976e4e1513fd6,native preset; see archived full request
da-c82cb74fa24fa5cbaa3d4686,DA,grid-node,36000.0,7.75,,,,,,COMPLETE_NUMERICAL,completed,Passed the bank numerical checks,2026-10-08,cfe2d2ff99a434cd502696c1eb7b2f5daf8d11c5,58faa4377006afb855cb3db77ca0c48382389a321419731c946976e4e1513fd6,native preset; see archived full request
da-79b1cf0a566eaaab56579103,DA,grid-node,38000.0,7.75,,,,,,COMPLETE_NUMERICAL,completed,Passed the bank numerical checks,2026-10-08,cfe2d2ff99a434cd502696c1eb7b2f5daf8d11c5,58faa4377006afb855cb3db77ca0c48382389a321419731c946976e4e1513fd6,native preset; see archived full request
da-70fda6f57ff840748cedc675,DA,grid-node,40000.0,7.75,,,,,,COMPLETE_NUMERICAL,completed,Passed the bank numerical checks,2026-10-08,cfe2d2ff99a434cd502696c1eb7b2f5daf8d11c5,58faa4377006afb855cb3db77ca0c48382389a321419731c946976e4e1513fd6,native preset; see archived full request
da-f30724031141c6423531be5f,DA,grid-node,45000.0,7.75,,,,,,COMPLETE_NUMERICAL,completed,Passed the bank numerical checks,2026-10-08,cfe2d2ff99a434cd502696c1eb7b2f5daf8d11c5,58faa4377006afb855cb3db77ca0c48382389a321419731c946976e4e1513fd6,native preset; see archived full request
da-176e2cb7522df82bd39c88e9,DA,grid-node,50000.0,7.75,,,,,,COMPLETE_NUMERICAL,completed,Passed the bank numerical checks,2026-10-08,cfe2d2ff99a434cd502696c1eb7b2f5daf8d11c5,58faa4377006afb855cb3db77ca0c48382389a321419731c946976e4e1513fd6,native preset; see archived full request
da-0e5625f65d30a7fad7251e25,DA,grid-node,55000.0,7.75,,,,,,COMPLETE_NUMERICAL,completed,Passed the bank numerical checks,2026-10-08,cfe2d2ff99a434cd502696c1eb7b2f5daf8d11c5,58faa4377006afb855cb3db77ca0c48382389a321419731c946976e4e1513fd6,native preset; see archived full request
da-ce08308a78cac43892867526,DA,grid-node,3000.0,8.25,,,,,,COMPLETE_NUMERICAL,completed,Passed the bank numerical checks,2026-10-08,cfe2d2ff99a434cd502696c1eb7b2f5daf8d11c5,58faa4377006afb855cb3db77ca0c48382389a321419731c946976e4e1513fd6,native preset; see archived full request
da-684a04208a01b68f7b60ceec,DA,grid-node,4000.0,8.25,,,,,,COMPLETE_NUMERICAL,completed,Passed the bank numerical checks,2026-10-08,cfe2d2ff99a434cd502696c1eb7b2f5daf8d11c5,58faa4377006afb855cb3db77ca0c48382389a321419731c946976e4e1513fd6,native preset; see archived full request
da-9671ddcd8bd318ae80da5a96,DA,grid-node,5000.0,8.25,,,,,,COMPLETE_NUMERICAL,completed,Passed the bank numerical checks,2026-10-08,cfe2d2ff99a434cd502696c1eb7b2f5daf8d11c5,58faa4377006afb855cb3db77ca0c48382389a321419731c946976e4e1513fd6,native preset; see archived full request
da-9c7aaa2ea0cecac4ca417284,DA,grid-node,8000.0,8.25,,,,,,COMPLETE_NUMERICAL,completed,Passed the bank numerical checks,2026-10-08,cfe2d2ff99a434cd502696c1eb7b2f5daf8d11c5,58faa4377006afb855cb3db77ca0c48382389a321419731c946976e4e1513fd6,native preset; see archived full request
da-d541184c7478aac169f722ee,DA,grid-node,10000.0,8.25,,,,,,COMPLETE_NUMERICAL,completed,Passed the bank numerical checks,2026-10-08,cfe2d2ff99a434cd502696c1eb7b2f5daf8d11c5,58faa4377006afb855cb3db77ca0c48382389a321419731c946976e4e1513fd6,native preset; see archived full request
da-8beffb74a09067bc19c2487f,DA,grid-node,12000.0,8.25,,,,,,COMPLETE_NUMERICAL,completed,Passed the bank numerical checks,2026-10-08,cfe2d2ff99a434cd502696c1eb7b2f5daf8d11c5,58faa4377006afb855cb3db77ca0c48382389a321419731c946976e4e1513fd6,native preset; see archived full request
da-c053ef7bd2007725a74423c4,DA,grid-node,20000.0,8.25,,,,,,COMPLETE_NUMERICAL,completed,Passed the bank numerical checks,2026-10-08,cfe2d2ff99a434cd502696c1eb7b2f5daf8d11c5,58faa4377006afb855cb3db77ca0c48382389a321419731c946976e4e1513fd6,native preset; see archived full request
da-c2f0ecf9f6eab53785a5fc2c,DA,grid-node,22000.0,8.25,,,,,,COMPLETE_NUMERICAL,completed,Passed the bank numerical checks,2026-10-08,cfe2d2ff99a434cd502696c1eb7b2f5daf8d11c5,58faa4377006afb855cb3db77ca0c48382389a321419731c946976e4e1513fd6,native preset; see archived full request
da-98624acfab0c5bc332cd4a6e,DA,grid-node,60000.0,8.25,,,,,,COMPLETE_NUMERICAL,completed,Passed the bank numerical checks,2026-10-08,cfe2d2ff99a434cd502696c1eb7b2f5daf8d11c5,58faa4377006afb855cb3db77ca0c48382389a321419731c946976e4e1513fd6,native preset; see archived full request
da-9035c55fe3b024823ed83170,DA,grid-node,3250.0,8.25,,,,,,COMPLETE_NUMERICAL,completed,Passed the bank numerical checks,2026-10-08,cfe2d2ff99a434cd502696c1eb7b2f5daf8d11c5,58faa4377006afb855cb3db77ca0c48382389a321419731c946976e4e1513fd6,native preset; see archived full request
da-3a986750bbaa36904c3c6300,DA,grid-node,3500.0,8.25,,,,,,COMPLETE_NUMERICAL,completed,Passed the bank numerical checks,2026-10-08,cfe2d2ff99a434cd502696c1eb7b2f5daf8d11c5,58faa4377006afb855cb3db77ca0c48382389a321419731c946976e4e1513fd6,native preset; see archived full request
da-70d561030a3053f153dfdd02,DA,grid-node,3750.0,8.25,,,,,,COMPLETE_NUMERICAL,completed,Passed the bank numerical checks,2026-10-08,cfe2d2ff99a434cd502696c1eb7b2f5daf8d11c5,58faa4377006afb855cb3db77ca0c48382389a321419731c946976e4e1513fd6,native preset; see archived full request
da-0321b6757446e4d17786c68a,DA,grid-node,4250.0,8.25,,,,,,COMPLETE_NUMERICAL,completed,Passed the bank numerical checks,2026-10-08,cfe2d2ff99a434cd502696c1eb7b2f5daf8d11c5,58faa4377006afb855cb3db77ca0c48382389a321419731c946976e4e1513fd6,native preset; see archived full request
da-bed6631078524290b850b595,DA,grid-node,4500.0,8.25,,,,,,COMPLETE_NUMERICAL,completed,Passed the bank numerical checks,2026-10-08,cfe2d2ff99a434cd502696c1eb7b2f5daf8d11c5,58faa4377006afb855cb3db77ca0c48382389a321419731c946976e4e1513fd6,native preset; see archived full request
da-3edf8dd762d13f5b59c0eb46,DA,grid-node,4750.0,8.25,,,,,,COMPLETE_NUMERICAL,completed,Passed the bank numerical checks,2026-10-08,cfe2d2ff99a434cd502696c1eb7b2f5daf8d11c5,58faa4377006afb855cb3db77ca0c48382389a321419731c946976e4e1513fd6,native preset; see archived full request
da-24c512d8212fe34e7d169c4c,DA,grid-node,5500.0,8.25,,,,,,COMPLETE_NUMERICAL,completed,Passed the bank numerical checks,2026-10-08,cfe2d2ff99a434cd502696c1eb7b2f5daf8d11c5,58faa4377006afb855cb3db77ca0c48382389a321419731c946976e4e1513fd6,native preset; see archived full request
da-0ee2f78490d9fa6e10fe37d2,DA,grid-node,6000.0,8.25,,,,,,COMPLETE_NUMERICAL,completed,Passed the bank numerical checks,2026-10-08,cfe2d2ff99a434cd502696c1eb7b2f5daf8d11c5,58faa4377006afb855cb3db77ca0c48382389a321419731c946976e4e1513fd6,native preset; see archived full request
da-043a11ff34871eb91e8eadd8,DA,grid-node,6500.0,8.25,,,,,,COMPLETE_NUMERICAL,completed,Passed the bank numerical checks,2026-10-08,cfe2d2ff99a434cd502696c1eb7b2f5daf8d11c5,58faa4377006afb855cb3db77ca0c48382389a321419731c946976e4e1513fd6,native preset; see archived full request
da-bccdda72ab46f17dd13eea7e,DA,grid-node,7000.0,8.25,,,,,,COMPLETE_NUMERICAL,completed,Passed the bank numerical checks,2026-10-08,cfe2d2ff99a434cd502696c1eb7b2f5daf8d11c5,58faa4377006afb855cb3db77ca0c48382389a321419731c946976e4e1513fd6,native preset; see archived full request
da-4ef2851c7e1f5f1a86346848,DA,grid-node,7500.0,8.25,,,,,,COMPLETE_NUMERICAL,completed,Passed the bank numerical checks,2026-10-08,cfe2d2ff99a434cd502696c1eb7b2f5daf8d11c5,58faa4377006afb855cb3db77ca0c48382389a321419731c946976e4e1513fd6,native preset; see archived full request
da-414e13db9b525d9b8dcba6ff,DA,grid-node,8500.0,8.25,,,,,,COMPLETE_NUMERICAL,completed,Passed the bank numerical checks,2026-10-08,cfe2d2ff99a434cd502696c1eb7b2f5daf8d11c5,58faa4377006afb855cb3db77ca0c48382389a321419731c946976e4e1513fd6,native preset; see archived full request
da-2e4495fedf5132ae8271cf9f,DA,grid-node,9000.0,8.25,,,,,,COMPLETE_NUMERICAL,completed,Passed the bank numerical checks,2026-10-08,cfe2d2ff99a434cd502696c1eb7b2f5daf8d11c5,58faa4377006afb855cb3db77ca0c48382389a321419731c946976e4e1513fd6,native preset; see archived full request
da-1ead688a9c3d2063375f5b91,DA,grid-node,9500.0,8.25,,,,,,COMPLETE_NUMERICAL,completed,Passed the bank numerical checks,2026-10-08,cfe2d2ff99a434cd502696c1eb7b2f5daf8d11c5,58faa4377006afb855cb3db77ca0c48382389a321419731c946976e4e1513fd6,native preset; see archived full request
da-913785f2a0a6db270ceae679,DA,grid-node,10500.0,8.25,,,,,,COMPLETE_NUMERICAL,completed,Passed the bank numerical checks,2026-10-08,cfe2d2ff99a434cd502696c1eb7b2f5daf8d11c5,58faa4377006afb855cb3db77ca0c48382389a321419731c946976e4e1513fd6,native preset; see archived full request
da-509520cf944363ab25891ace,DA,grid-node,11000.0,8.25,,,,,,COMPLETE_NUMERICAL,completed,Passed the bank numerical checks,2026-10-08,cfe2d2ff99a434cd502696c1eb7b2f5daf8d11c5,58faa4377006afb855cb3db77ca0c48382389a321419731c946976e4e1513fd6,native preset; see archived full request
da-00533149ff219a4b737dd551,DA,grid-node,11500.0,8.25,,,,,,COMPLETE_NUMERICAL,completed,Passed the bank numerical checks,2026-10-08,cfe2d2ff99a434cd502696c1eb7b2f5daf8d11c5,58faa4377006afb855cb3db77ca0c48382389a321419731c946976e4e1513fd6,native preset; see archived full request
da-1bd47608dde57d1791454cde,DA,grid-node,12500.0,8.25,,,,,,COMPLETE_NUMERICAL,completed,Passed the bank numerical checks,2026-10-08,cfe2d2ff99a434cd502696c1eb7b2f5daf8d11c5,58faa4377006afb855cb3db77ca0c48382389a321419731c946976e4e1513fd6,native preset; see archived full request
da-ba585069011eb292da011aee,DA,grid-node,13000.0,8.25,,,,,,COMPLETE_NUMERICAL,completed,Passed the bank numerical checks,2026-10-08,cfe2d2ff99a434cd502696c1eb7b2f5daf8d11c5,58faa4377006afb855cb3db77ca0c48382389a321419731c946976e4e1513fd6,native preset; see archived full request
da-3f2c2c7f97b8d70a6594a423,DA,grid-node,13500.0,8.25,,,,,,COMPLETE_NUMERICAL,completed,Passed the bank numerical checks,2026-10-08,cfe2d2ff99a434cd502696c1eb7b2f5daf8d11c5,58faa4377006afb855cb3db77ca0c48382389a321419731c946976e4e1513fd6,native preset; see archived full request
da-c95829784fa89bfa7eb3b74e,DA,grid-node,14000.0,8.25,,,,,,COMPLETE_NUMERICAL,completed,Passed the bank numerical checks,2026-10-08,cfe2d2ff99a434cd502696c1eb7b2f5daf8d11c5,58faa4377006afb855cb3db77ca0c48382389a321419731c946976e4e1513fd6,native preset; see archived full request
da-a88f1b3492c6831ed51d752d,DA,grid-node,14500.0,8.25,,,,,,COMPLETE_NUMERICAL,completed,Passed the bank numerical checks,2026-10-08,cfe2d2ff99a434cd502696c1eb7b2f5daf8d11c5,58faa4377006afb855cb3db77ca0c48382389a321419731c946976e4e1513fd6,native preset; see archived full request
da-72947d9802bed22b5f5df96d,DA,grid-node,15000.0,8.25,,,,,,COMPLETE_NUMERICAL,completed,Passed the bank numerical checks,2026-10-08,cfe2d2ff99a434cd502696c1eb7b2f5daf8d11c5,58faa4377006afb855cb3db77ca0c48382389a321419731c946976e4e1513fd6,native preset; see archived full request
da-79ac11b01029bca7181c7dd7,DA,grid-node,15500.0,8.25,,,,,,COMPLETE_NUMERICAL,completed,Passed the bank numerical checks,2026-10-08,cfe2d2ff99a434cd502696c1eb7b2f5daf8d11c5,58faa4377006afb855cb3db77ca0c48382389a321419731c946976e4e1513fd6,native preset; see archived full request
da-a3d6a32509f796a01a5b5d41,DA,grid-node,16000.0,8.25,,,,,,COMPLETE_NUMERICAL,completed,Passed the bank numerical checks,2026-10-08,cfe2d2ff99a434cd502696c1eb7b2f5daf8d11c5,58faa4377006afb855cb3db77ca0c48382389a321419731c946976e4e1513fd6,native preset; see archived full request
da-3974beeaa563446b24ea75e4,DA,grid-node,17000.0,8.25,,,,,,COMPLETE_NUMERICAL,completed,Passed the bank numerical checks,2026-10-08,cfe2d2ff99a434cd502696c1eb7b2f5daf8d11c5,58faa4377006afb855cb3db77ca0c48382389a321419731c946976e4e1513fd6,native preset; see archived full request
da-8525bf37b8bb3b219e26e2e4,DA,grid-node,18000.0,8.25,,,,,,COMPLETE_NUMERICAL,completed,Passed the bank numerical checks,2026-10-08,cfe2d2ff99a434cd502696c1eb7b2f5daf8d11c5,58faa4377006afb855cb3db77ca0c48382389a321419731c946976e4e1513fd6,native preset; see archived full request
da-330367ae93aab3c5c2e36aa6,DA,grid-node,19000.0,8.25,,,,,,COMPLETE_NUMERICAL,completed,Passed the bank numerical checks,2026-10-08,cfe2d2ff99a434cd502696c1eb7b2f5daf8d11c5,58faa4377006afb855cb3db77ca0c48382389a321419731c946976e4e1513fd6,native preset; see archived full request
da-e6bc89e0978c79f379d874bd,DA,grid-node,21000.0,8.25,,,,,,COMPLETE_NUMERICAL,completed,Passed the bank numerical checks,2026-10-08,cfe2d2ff99a434cd502696c1eb7b2f5daf8d11c5,58faa4377006afb855cb3db77ca0c48382389a321419731c946976e4e1513fd6,native preset; see archived full request
da-7907d3be0821dc357b3d0237,DA,grid-node,23000.0,8.25,,,,,,COMPLETE_NUMERICAL,completed,Passed the bank numerical checks,2026-10-08,cfe2d2ff99a434cd502696c1eb7b2f5daf8d11c5,58faa4377006afb855cb3db77ca0c48382389a321419731c946976e4e1513fd6,native preset; see archived full request
da-adcf9d49a8fc9ab36f62946d,DA,grid-node,24000.0,8.25,,,,,,COMPLETE_NUMERICAL,completed,Passed the bank numerical checks,2026-10-08,cfe2d2ff99a434cd502696c1eb7b2f5daf8d11c5,58faa4377006afb855cb3db77ca0c48382389a321419731c946976e4e1513fd6,native preset; see archived full request
da-2d7d2bac29485001baf13a68,DA,grid-node,25000.0,8.25,,,,,,COMPLETE_NUMERICAL,completed,Passed the bank numerical checks,2026-10-08,cfe2d2ff99a434cd502696c1eb7b2f5daf8d11c5,58faa4377006afb855cb3db77ca0c48382389a321419731c946976e4e1513fd6,native preset; see archived full request
da-2c58077eb0c4f4511688e8ca,DA,grid-node,26000.0,8.25,,,,,,COMPLETE_NUMERICAL,completed,Passed the bank numerical checks,2026-10-08,cfe2d2ff99a434cd502696c1eb7b2f5daf8d11c5,58faa4377006afb855cb3db77ca0c48382389a321419731c946976e4e1513fd6,native preset; see archived full request
da-64e033abe17ec7eea3e646c4,DA,grid-node,27000.0,8.25,,,,,,COMPLETE_NUMERICAL,completed,Passed the bank numerical checks,2026-10-08,cfe2d2ff99a434cd502696c1eb7b2f5daf8d11c5,58faa4377006afb855cb3db77ca0c48382389a321419731c946976e4e1513fd6,native preset; see archived full request
da-a39315184566105334f5d105,DA,grid-node,28000.0,8.25,,,,,,COMPLETE_NUMERICAL,completed,Passed the bank numerical checks,2026-10-08,cfe2d2ff99a434cd502696c1eb7b2f5daf8d11c5,58faa4377006afb855cb3db77ca0c48382389a321419731c946976e4e1513fd6,native preset; see archived full request
da-e9080e8b50ce7886f7639403,DA,grid-node,29000.0,8.25,,,,,,COMPLETE_NUMERICAL,completed,Passed the bank numerical checks,2026-10-08,cfe2d2ff99a434cd502696c1eb7b2f5daf8d11c5,58faa4377006afb855cb3db77ca0c48382389a321419731c946976e4e1513fd6,native preset; see archived full request
da-c33c9833a2364619387b5981,DA,grid-node,30000.0,8.25,,,,,,COMPLETE_NUMERICAL,completed,Passed the bank numerical checks,2026-10-08,cfe2d2ff99a434cd502696c1eb7b2f5daf8d11c5,58faa4377006afb855cb3db77ca0c48382389a321419731c946976e4e1513fd6,native preset; see archived full request
da-85dd6eb281d5a28566997391,DA,grid-node,32000.0,8.25,,,,,,COMPLETE_NUMERICAL,completed,Passed the bank numerical checks,2026-10-08,cfe2d2ff99a434cd502696c1eb7b2f5daf8d11c5,58faa4377006afb855cb3db77ca0c48382389a321419731c946976e4e1513fd6,native preset; see archived full request
da-9b3b117d6f6ecb1400d82ce3,DA,grid-node,34000.0,8.25,,,,,,COMPLETE_NUMERICAL,completed,Passed the bank numerical checks,2026-10-08,cfe2d2ff99a434cd502696c1eb7b2f5daf8d11c5,58faa4377006afb855cb3db77ca0c48382389a321419731c946976e4e1513fd6,native preset; see archived full request
da-a59be64ad1e2c4fbca38a78f,DA,grid-node,36000.0,8.25,,,,,,COMPLETE_NUMERICAL,completed,Passed the bank numerical checks,2026-10-08,cfe2d2ff99a434cd502696c1eb7b2f5daf8d11c5,58faa4377006afb855cb3db77ca0c48382389a321419731c946976e4e1513fd6,native preset; see archived full request
da-6e5e3dbb312b1bfcd30a583e,DA,grid-node,38000.0,8.25,,,,,,COMPLETE_NUMERICAL,completed,Passed the bank numerical checks,2026-10-08,cfe2d2ff99a434cd502696c1eb7b2f5daf8d11c5,58faa4377006afb855cb3db77ca0c48382389a321419731c946976e4e1513fd6,native preset; see archived full request
da-4bb0fb7eccdea6fca3ad6fee,DA,grid-node,40000.0,8.25,,,,,,COMPLETE_NUMERICAL,completed,Passed the bank numerical checks,2026-10-08,cfe2d2ff99a434cd502696c1eb7b2f5daf8d11c5,58faa4377006afb855cb3db77ca0c48382389a321419731c946976e4e1513fd6,native preset; see archived full request
da-402ce8889ecfae8e79ecda22,DA,grid-node,45000.0,8.25,,,,,,COMPLETE_NUMERICAL,completed,Passed the bank numerical checks,2026-10-08,cfe2d2ff99a434cd502696c1eb7b2f5daf8d11c5,58faa4377006afb855cb3db77ca0c48382389a321419731c946976e4e1513fd6,native preset; see archived full request
da-fdc35dac3d884344e0b69185,DA,grid-node,50000.0,8.25,,,,,,COMPLETE_NUMERICAL,completed,Passed the bank numerical checks,2026-10-08,cfe2d2ff99a434cd502696c1eb7b2f5daf8d11c5,58faa4377006afb855cb3db77ca0c48382389a321419731c946976e4e1513fd6,native preset; see archived full request
da-964be7d8b77023451b5c8532,DA,grid-node,55000.0,8.25,,,,,,COMPLETE_NUMERICAL,completed,Passed the bank numerical checks,2026-10-08,cfe2d2ff99a434cd502696c1eb7b2f5daf8d11c5,58faa4377006afb855cb3db77ca0c48382389a321419731c946976e4e1513fd6,native preset; see archived full request
da-2884c6508091388ce6049d43,DA,grid-node,3000.0,7.5,,,,,,COMPLETE_NUMERICAL,completed,Passed the bank numerical checks,2026-10-08,cfe2d2ff99a434cd502696c1eb7b2f5daf8d11c5,58faa4377006afb855cb3db77ca0c48382389a321419731c946976e4e1513fd6,native preset; see archived full request
da-14e4a30e2fe00a8ca648ab70,DA,grid-node,4000.0,7.5,,,,,,COMPLETE_NUMERICAL,completed,Passed the bank numerical checks,2026-10-08,cfe2d2ff99a434cd502696c1eb7b2f5daf8d11c5,58faa4377006afb855cb3db77ca0c48382389a321419731c946976e4e1513fd6,native preset; see archived full request
da-82ec4615cddeb77a31398725,DA,grid-node,5000.0,7.5,,,,,,NUMERICAL_NONCONVERGENCE,numerical_failure,Required equilibrium checks failed; raw reason retained,2026-10-08,cfe2d2ff99a434cd502696c1eb7b2f5daf8d11c5,58faa4377006afb855cb3db77ca0c48382389a321419731c946976e4e1513fd6,native preset; see archived full request
da-2534f7002852de68a30e7b41,DA,grid-node,8000.0,7.5,,,,,,COMPLETE_NUMERICAL,completed,Passed the bank numerical checks,2026-10-08,cfe2d2ff99a434cd502696c1eb7b2f5daf8d11c5,58faa4377006afb855cb3db77ca0c48382389a321419731c946976e4e1513fd6,native preset; see archived full request
da-a24aeda14f01f81a364b0e5e,DA,grid-node,10000.0,7.5,,,,,,COMPLETE_NUMERICAL,completed,Passed the bank numerical checks,2026-10-08,cfe2d2ff99a434cd502696c1eb7b2f5daf8d11c5,58faa4377006afb855cb3db77ca0c48382389a321419731c946976e4e1513fd6,native preset; see archived full request
da-b0b0239e8328d94a60b659e1,DA,grid-node,12000.0,7.5,,,,,,COMPLETE_NUMERICAL,completed,Passed the bank numerical checks,2026-10-08,cfe2d2ff99a434cd502696c1eb7b2f5daf8d11c5,58faa4377006afb855cb3db77ca0c48382389a321419731c946976e4e1513fd6,native preset; see archived full request
da-804faee486258726ec019116,DA,grid-node,20000.0,7.5,,,,,,COMPLETE_NUMERICAL,completed,Passed the bank numerical checks,2026-10-08,cfe2d2ff99a434cd502696c1eb7b2f5daf8d11c5,58faa4377006afb855cb3db77ca0c48382389a321419731c946976e4e1513fd6,native preset; see archived full request
da-29a5742b59f484b2d060299d,DA,grid-node,22000.0,7.5,,,,,,COMPLETE_NUMERICAL,completed,Passed the bank numerical checks,2026-10-08,cfe2d2ff99a434cd502696c1eb7b2f5daf8d11c5,58faa4377006afb855cb3db77ca0c48382389a321419731c946976e4e1513fd6,native preset; see archived full request
da-b7ff357688329831a40552a7,DA,grid-node,60000.0,7.5,,,,,,COMPLETE_NUMERICAL,completed,Passed the bank numerical checks,2026-10-08,cfe2d2ff99a434cd502696c1eb7b2f5daf8d11c5,58faa4377006afb855cb3db77ca0c48382389a321419731c946976e4e1513fd6,native preset; see archived full request
da-461770264bc281eaf48a69a2,DA,grid-node,3250.0,7.5,,,,,,COMPLETE_NUMERICAL,completed,Passed the bank numerical checks,2026-10-08,cfe2d2ff99a434cd502696c1eb7b2f5daf8d11c5,58faa4377006afb855cb3db77ca0c48382389a321419731c946976e4e1513fd6,native preset; see archived full request
da-6de47c760ddb48ccf50390b0,DA,grid-node,3500.0,7.5,,,,,,COMPLETE_NUMERICAL,completed,Passed the bank numerical checks,2026-10-08,cfe2d2ff99a434cd502696c1eb7b2f5daf8d11c5,58faa4377006afb855cb3db77ca0c48382389a321419731c946976e4e1513fd6,native preset; see archived full request
da-d7ca22ea2d2c9365fa31cd2a,DA,grid-node,3750.0,7.5,,,,,,COMPLETE_NUMERICAL,completed,Passed the bank numerical checks,2026-10-08,cfe2d2ff99a434cd502696c1eb7b2f5daf8d11c5,58faa4377006afb855cb3db77ca0c48382389a321419731c946976e4e1513fd6,native preset; see archived full request
da-dbae5ddb81e7eef2180431fa,DA,grid-node,4250.0,7.5,,,,,,COMPLETE_NUMERICAL,completed,Passed the bank numerical checks,2026-10-08,cfe2d2ff99a434cd502696c1eb7b2f5daf8d11c5,58faa4377006afb855cb3db77ca0c48382389a321419731c946976e4e1513fd6,native preset; see archived full request
da-b6a1f4e574c3aa48b020493a,DA,grid-node,4500.0,7.5,,,,,,NUMERICAL_NONCONVERGENCE,numerical_failure,Required equilibrium checks failed; raw reason retained,2026-10-08,cfe2d2ff99a434cd502696c1eb7b2f5daf8d11c5,58faa4377006afb855cb3db77ca0c48382389a321419731c946976e4e1513fd6,native preset; see archived full request
da-9f44c9b8f66b98ce8aad8830,DA,grid-node,4750.0,7.5,,,,,,COMPLETE_NUMERICAL,completed,Passed the bank numerical checks,2026-10-08,cfe2d2ff99a434cd502696c1eb7b2f5daf8d11c5,58faa4377006afb855cb3db77ca0c48382389a321419731c946976e4e1513fd6,native preset; see archived full request
da-4da7d4f62bde9cecc6d1610b,DA,grid-node,5500.0,7.5,,,,,,COMPLETE_NUMERICAL,completed,Passed the bank numerical checks,2026-10-08,cfe2d2ff99a434cd502696c1eb7b2f5daf8d11c5,58faa4377006afb855cb3db77ca0c48382389a321419731c946976e4e1513fd6,native preset; see archived full request
da-64c5fd5703db880296b3fc62,DA,grid-node,6000.0,7.5,,,,,,COMPLETE_NUMERICAL,completed,Passed the bank numerical checks,2026-10-08,cfe2d2ff99a434cd502696c1eb7b2f5daf8d11c5,58faa4377006afb855cb3db77ca0c48382389a321419731c946976e4e1513fd6,native preset; see archived full request
da-b10c21b1d355ec1be396dd66,DA,grid-node,6500.0,7.5,,,,,,COMPLETE_NUMERICAL,completed,Passed the bank numerical checks,2026-10-08,cfe2d2ff99a434cd502696c1eb7b2f5daf8d11c5,58faa4377006afb855cb3db77ca0c48382389a321419731c946976e4e1513fd6,native preset; see archived full request
da-63b810ebfe5575453cbb88eb,DA,grid-node,7000.0,7.5,,,,,,COMPLETE_NUMERICAL,completed,Passed the bank numerical checks,2026-10-08,cfe2d2ff99a434cd502696c1eb7b2f5daf8d11c5,58faa4377006afb855cb3db77ca0c48382389a321419731c946976e4e1513fd6,native preset; see archived full request
da-86e43a2912d5792e86d0ae19,DA,grid-node,7500.0,7.5,,,,,,COMPLETE_NUMERICAL,completed,Passed the bank numerical checks,2026-10-08,cfe2d2ff99a434cd502696c1eb7b2f5daf8d11c5,58faa4377006afb855cb3db77ca0c48382389a321419731c946976e4e1513fd6,native preset; see archived full request
da-adb0f8004a02815713fb9cc8,DA,grid-node,8500.0,7.5,,,,,,COMPLETE_NUMERICAL,completed,Passed the bank numerical checks,2026-10-08,cfe2d2ff99a434cd502696c1eb7b2f5daf8d11c5,58faa4377006afb855cb3db77ca0c48382389a321419731c946976e4e1513fd6,native preset; see archived full request
da-5f56d82b3b0cc4ade95fbab2,DA,grid-node,9000.0,7.5,,,,,,COMPLETE_NUMERICAL,completed,Passed the bank numerical checks,2026-10-08,cfe2d2ff99a434cd502696c1eb7b2f5daf8d11c5,58faa4377006afb855cb3db77ca0c48382389a321419731c946976e4e1513fd6,native preset; see archived full request
da-59ed7c73be99db51a911c1d2,DA,grid-node,9500.0,7.5,,,,,,COMPLETE_NUMERICAL,completed,Passed the bank numerical checks,2026-10-08,cfe2d2ff99a434cd502696c1eb7b2f5daf8d11c5,58faa4377006afb855cb3db77ca0c48382389a321419731c946976e4e1513fd6,native preset; see archived full request
da-8d13331498138f9e8c5cec5e,DA,grid-node,10500.0,7.5,,,,,,COMPLETE_NUMERICAL,completed,Passed the bank numerical checks,2026-10-08,cfe2d2ff99a434cd502696c1eb7b2f5daf8d11c5,58faa4377006afb855cb3db77ca0c48382389a321419731c946976e4e1513fd6,native preset; see archived full request
da-6ab057d07c44ec85f024dd95,DA,grid-node,11000.0,7.5,,,,,,COMPLETE_NUMERICAL,completed,Passed the bank numerical checks,2026-10-08,cfe2d2ff99a434cd502696c1eb7b2f5daf8d11c5,58faa4377006afb855cb3db77ca0c48382389a321419731c946976e4e1513fd6,native preset; see archived full request
da-efc3b57146902dd2ac52124a,DA,grid-node,11500.0,7.5,,,,,,COMPLETE_NUMERICAL,completed,Passed the bank numerical checks,2026-10-08,cfe2d2ff99a434cd502696c1eb7b2f5daf8d11c5,58faa4377006afb855cb3db77ca0c48382389a321419731c946976e4e1513fd6,native preset; see archived full request
da-22664d8016768cd65b1fe570,DA,grid-node,12500.0,7.5,,,,,,COMPLETE_NUMERICAL,completed,Passed the bank numerical checks,2026-10-08,cfe2d2ff99a434cd502696c1eb7b2f5daf8d11c5,58faa4377006afb855cb3db77ca0c48382389a321419731c946976e4e1513fd6,native preset; see archived full request
da-327e003686424910d2b5a0a4,DA,grid-node,13000.0,7.5,,,,,,COMPLETE_NUMERICAL,completed,Passed the bank numerical checks,2026-10-08,cfe2d2ff99a434cd502696c1eb7b2f5daf8d11c5,58faa4377006afb855cb3db77ca0c48382389a321419731c946976e4e1513fd6,native preset; see archived full request
da-9e9323e9a3f921fdbdcb909d,DA,grid-node,13500.0,7.5,,,,,,COMPLETE_NUMERICAL,completed,Passed the bank numerical checks,2026-10-08,cfe2d2ff99a434cd502696c1eb7b2f5daf8d11c5,58faa4377006afb855cb3db77ca0c48382389a321419731c946976e4e1513fd6,native preset; see archived full request
da-7c9e238908d31a42d9fe932d,DA,grid-node,14000.0,7.5,,,,,,COMPLETE_NUMERICAL,completed,Passed the bank numerical checks,2026-10-08,cfe2d2ff99a434cd502696c1eb7b2f5daf8d11c5,58faa4377006afb855cb3db77ca0c48382389a321419731c946976e4e1513fd6,native preset; see archived full request
da-3e739dea1371aec58f913fa2,DA,grid-node,14500.0,7.5,,,,,,COMPLETE_NUMERICAL,completed,Passed the bank numerical checks,2026-10-08,cfe2d2ff99a434cd502696c1eb7b2f5daf8d11c5,58faa4377006afb855cb3db77ca0c48382389a321419731c946976e4e1513fd6,native preset; see archived full request
da-a55f59ca37d08f137a7969e5,DA,grid-node,15000.0,7.5,,,,,,COMPLETE_NUMERICAL,completed,Passed the bank numerical checks,2026-10-08,cfe2d2ff99a434cd502696c1eb7b2f5daf8d11c5,58faa4377006afb855cb3db77ca0c48382389a321419731c946976e4e1513fd6,native preset; see archived full request
da-5b0412190abf06952680a369,DA,grid-node,15500.0,7.5,,,,,,COMPLETE_NUMERICAL,completed,Passed the bank numerical checks,2026-10-08,cfe2d2ff99a434cd502696c1eb7b2f5daf8d11c5,58faa4377006afb855cb3db77ca0c48382389a321419731c946976e4e1513fd6,native preset; see archived full request
da-38c571970bac50a4f2491003,DA,grid-node,16000.0,7.5,,,,,,COMPLETE_NUMERICAL,completed,Passed the bank numerical checks,2026-10-08,cfe2d2ff99a434cd502696c1eb7b2f5daf8d11c5,58faa4377006afb855cb3db77ca0c48382389a321419731c946976e4e1513fd6,native preset; see archived full request
da-d579a812245f4a09b03ac2fe,DA,grid-node,17000.0,7.5,,,,,,COMPLETE_NUMERICAL,completed,Passed the bank numerical checks,2026-10-08,cfe2d2ff99a434cd502696c1eb7b2f5daf8d11c5,58faa4377006afb855cb3db77ca0c48382389a321419731c946976e4e1513fd6,native preset; see archived full request
da-18be6de32bdd7a4e7b977500,DA,grid-node,18000.0,7.5,,,,,,COMPLETE_NUMERICAL,completed,Passed the bank numerical checks,2026-10-08,cfe2d2ff99a434cd502696c1eb7b2f5daf8d11c5,58faa4377006afb855cb3db77ca0c48382389a321419731c946976e4e1513fd6,native preset; see archived full request
da-5edd0f2d6f2475b43c9cfa19,DA,grid-node,19000.0,7.5,,,,,,COMPLETE_NUMERICAL,completed,Passed the bank numerical checks,2026-10-08,cfe2d2ff99a434cd502696c1eb7b2f5daf8d11c5,58faa4377006afb855cb3db77ca0c48382389a321419731c946976e4e1513fd6,native preset; see archived full request
da-4ba2fce3e829c65a23d3aab9,DA,grid-node,21000.0,7.5,,,,,,COMPLETE_NUMERICAL,completed,Passed the bank numerical checks,2026-10-08,cfe2d2ff99a434cd502696c1eb7b2f5daf8d11c5,58faa4377006afb855cb3db77ca0c48382389a321419731c946976e4e1513fd6,native preset; see archived full request
da-3b4a4623f7897a943a76659f,DA,grid-node,23000.0,7.5,,,,,,COMPLETE_NUMERICAL,completed,Passed the bank numerical checks,2026-10-08,cfe2d2ff99a434cd502696c1eb7b2f5daf8d11c5,58faa4377006afb855cb3db77ca0c48382389a321419731c946976e4e1513fd6,native preset; see archived full request
da-0d1a842ab175d2ff8d54d623,DA,grid-node,24000.0,7.5,,,,,,COMPLETE_NUMERICAL,completed,Passed the bank numerical checks,2026-10-08,cfe2d2ff99a434cd502696c1eb7b2f5daf8d11c5,58faa4377006afb855cb3db77ca0c48382389a321419731c946976e4e1513fd6,native preset; see archived full request
da-e9c9f77b0e7db9be3389d4ac,DA,grid-node,25000.0,7.5,,,,,,COMPLETE_NUMERICAL,completed,Passed the bank numerical checks,2026-10-08,cfe2d2ff99a434cd502696c1eb7b2f5daf8d11c5,58faa4377006afb855cb3db77ca0c48382389a321419731c946976e4e1513fd6,native preset; see archived full request
da-80d95770fd8220a7678a7d89,DA,grid-node,26000.0,7.5,,,,,,COMPLETE_NUMERICAL,completed,Passed the bank numerical checks,2026-10-08,cfe2d2ff99a434cd502696c1eb7b2f5daf8d11c5,58faa4377006afb855cb3db77ca0c48382389a321419731c946976e4e1513fd6,native preset; see archived full request
da-431e5ba719107af766b81199,DA,grid-node,27000.0,7.5,,,,,,COMPLETE_NUMERICAL,completed,Passed the bank numerical checks,2026-10-08,cfe2d2ff99a434cd502696c1eb7b2f5daf8d11c5,58faa4377006afb855cb3db77ca0c48382389a321419731c946976e4e1513fd6,native preset; see archived full request
da-257018da1a7084db53e983a9,DA,grid-node,28000.0,7.5,,,,,,COMPLETE_NUMERICAL,completed,Passed the bank numerical checks,2026-10-08,cfe2d2ff99a434cd502696c1eb7b2f5daf8d11c5,58faa4377006afb855cb3db77ca0c48382389a321419731c946976e4e1513fd6,native preset; see archived full request
da-9ede542e50d164770022c97f,DA,grid-node,29000.0,7.5,,,,,,COMPLETE_NUMERICAL,completed,Passed the bank numerical checks,2026-10-08,cfe2d2ff99a434cd502696c1eb7b2f5daf8d11c5,58faa4377006afb855cb3db77ca0c48382389a321419731c946976e4e1513fd6,native preset; see archived full request
da-08b181d84b8a479437635755,DA,grid-node,30000.0,7.5,,,,,,COMPLETE_NUMERICAL,completed,Passed the bank numerical checks,2026-10-08,cfe2d2ff99a434cd502696c1eb7b2f5daf8d11c5,58faa4377006afb855cb3db77ca0c48382389a321419731c946976e4e1513fd6,native preset; see archived full request
da-e041d4d6d220a5e13b2d66e5,DA,grid-node,32000.0,7.5,,,,,,COMPLETE_NUMERICAL,completed,Passed the bank numerical checks,2026-10-08,cfe2d2ff99a434cd502696c1eb7b2f5daf8d11c5,58faa4377006afb855cb3db77ca0c48382389a321419731c946976e4e1513fd6,native preset; see archived full request
da-bd7653245959f2e5cac4881b,DA,grid-node,34000.0,7.5,,,,,,COMPLETE_NUMERICAL,completed,Passed the bank numerical checks,2026-10-08,cfe2d2ff99a434cd502696c1eb7b2f5daf8d11c5,58faa4377006afb855cb3db77ca0c48382389a321419731c946976e4e1513fd6,native preset; see archived full request
da-7cc1206deddd728a5091a5e2,DA,grid-node,36000.0,7.5,,,,,,COMPLETE_NUMERICAL,completed,Passed the bank numerical checks,2026-10-08,cfe2d2ff99a434cd502696c1eb7b2f5daf8d11c5,58faa4377006afb855cb3db77ca0c48382389a321419731c946976e4e1513fd6,native preset; see archived full request
da-ceb5b0e700a096ade342d628,DA,grid-node,38000.0,7.5,,,,,,COMPLETE_NUMERICAL,completed,Passed the bank numerical checks,2026-10-08,cfe2d2ff99a434cd502696c1eb7b2f5daf8d11c5,58faa4377006afb855cb3db77ca0c48382389a321419731c946976e4e1513fd6,native preset; see archived full request
da-bda5087039c1d02d1729d2f4,DA,grid-node,40000.0,7.5,,,,,,COMPLETE_NUMERICAL,completed,Passed the bank numerical checks,2026-10-08,cfe2d2ff99a434cd502696c1eb7b2f5daf8d11c5,58faa4377006afb855cb3db77ca0c48382389a321419731c946976e4e1513fd6,native preset; see archived full request
da-6c03ce85410b0c2bc3819d7c,DA,grid-node,45000.0,7.5,,,,,,COMPLETE_NUMERICAL,completed,Passed the bank numerical checks,2026-10-08,cfe2d2ff99a434cd502696c1eb7b2f5daf8d11c5,58faa4377006afb855cb3db77ca0c48382389a321419731c946976e4e1513fd6,native preset; see archived full request
da-85ab677b5918408778d976ed,DA,grid-node,50000.0,7.5,,,,,,COMPLETE_NUMERICAL,completed,Passed the bank numerical checks,2026-10-08,cfe2d2ff99a434cd502696c1eb7b2f5daf8d11c5,58faa4377006afb855cb3db77ca0c48382389a321419731c946976e4e1513fd6,native preset; see archived full request
da-ea2b4a335ac4828210bc2794,DA,grid-node,55000.0,7.5,,,,,,COMPLETE_NUMERICAL,completed,Passed the bank numerical checks,2026-10-08,cfe2d2ff99a434cd502696c1eb7b2f5daf8d11c5,58faa4377006afb855cb3db77ca0c48382389a321419731c946976e4e1513fd6,native preset; see archived full request
da-6d97b80bef5a5365370644ff,DA,grid-node,3000.0,8.5,,,,,,COMPLETE_NUMERICAL,completed,Passed the bank numerical checks,2026-10-08,cfe2d2ff99a434cd502696c1eb7b2f5daf8d11c5,58faa4377006afb855cb3db77ca0c48382389a321419731c946976e4e1513fd6,native preset; see archived full request
da-e0bb6cf1f8d7f55c31e7fa62,DA,grid-node,4000.0,8.5,,,,,,COMPLETE_NUMERICAL,completed,Passed the bank numerical checks,2026-10-08,cfe2d2ff99a434cd502696c1eb7b2f5daf8d11c5,58faa4377006afb855cb3db77ca0c48382389a321419731c946976e4e1513fd6,native preset; see archived full request
da-f5cf09377674ca9daa89ab33,DA,grid-node,5000.0,8.5,,,,,,COMPLETE_NUMERICAL,completed,Passed the bank numerical checks,2026-10-08,cfe2d2ff99a434cd502696c1eb7b2f5daf8d11c5,58faa4377006afb855cb3db77ca0c48382389a321419731c946976e4e1513fd6,native preset; see archived full request
da-b54564107767da60b0ae8368,DA,grid-node,8000.0,8.5,,,,,,COMPLETE_NUMERICAL,completed,Passed the bank numerical checks,2026-10-08,cfe2d2ff99a434cd502696c1eb7b2f5daf8d11c5,58faa4377006afb855cb3db77ca0c48382389a321419731c946976e4e1513fd6,native preset; see archived full request
da-5e09d9093802a1a8b7bcf702,DA,grid-node,10000.0,8.5,,,,,,COMPLETE_NUMERICAL,completed,Passed the bank numerical checks,2026-10-08,cfe2d2ff99a434cd502696c1eb7b2f5daf8d11c5,58faa4377006afb855cb3db77ca0c48382389a321419731c946976e4e1513fd6,native preset; see archived full request
da-d7a28e4c4328ac4343d32f8b,DA,grid-node,12000.0,8.5,,,,,,COMPLETE_NUMERICAL,completed,Passed the bank numerical checks,2026-10-08,cfe2d2ff99a434cd502696c1eb7b2f5daf8d11c5,58faa4377006afb855cb3db77ca0c48382389a321419731c946976e4e1513fd6,native preset; see archived full request
da-391ffde1f60f368d1a89e7c4,DA,grid-node,20000.0,8.5,,,,,,COMPLETE_NUMERICAL,completed,Passed the bank numerical checks,2026-10-08,cfe2d2ff99a434cd502696c1eb7b2f5daf8d11c5,58faa4377006afb855cb3db77ca0c48382389a321419731c946976e4e1513fd6,native preset; see archived full request
da-c6cc5fa30caea3b92d65a919,DA,grid-node,22000.0,8.5,,,,,,COMPLETE_NUMERICAL,completed,Passed the bank numerical checks,2026-10-08,cfe2d2ff99a434cd502696c1eb7b2f5daf8d11c5,58faa4377006afb855cb3db77ca0c48382389a321419731c946976e4e1513fd6,native preset; see archived full request
da-f1e93d1bbfb5a00cbc2e9a57,DA,grid-node,60000.0,8.5,,,,,,COMPLETE_NUMERICAL,completed,Passed the bank numerical checks,2026-10-08,cfe2d2ff99a434cd502696c1eb7b2f5daf8d11c5,58faa4377006afb855cb3db77ca0c48382389a321419731c946976e4e1513fd6,native preset; see archived full request
da-6f42132c9b15935838ef626f,DA,grid-node,3250.0,8.5,,,,,,COMPLETE_NUMERICAL,completed,Passed the bank numerical checks,2026-10-08,cfe2d2ff99a434cd502696c1eb7b2f5daf8d11c5,58faa4377006afb855cb3db77ca0c48382389a321419731c946976e4e1513fd6,native preset; see archived full request
da-6e99fe26c0707fe0403bc0db,DA,grid-node,3500.0,8.5,,,,,,COMPLETE_NUMERICAL,completed,Passed the bank numerical checks,2026-10-08,cfe2d2ff99a434cd502696c1eb7b2f5daf8d11c5,58faa4377006afb855cb3db77ca0c48382389a321419731c946976e4e1513fd6,native preset; see archived full request
da-cd09eb9723fd0a0694845540,DA,grid-node,3750.0,8.5,,,,,,COMPLETE_NUMERICAL,completed,Passed the bank numerical checks,2026-10-08,cfe2d2ff99a434cd502696c1eb7b2f5daf8d11c5,58faa4377006afb855cb3db77ca0c48382389a321419731c946976e4e1513fd6,native preset; see archived full request
da-e999ae9b375caa02b7e7857e,DA,grid-node,4250.0,8.5,,,,,,COMPLETE_NUMERICAL,completed,Passed the bank numerical checks,2026-10-08,cfe2d2ff99a434cd502696c1eb7b2f5daf8d11c5,58faa4377006afb855cb3db77ca0c48382389a321419731c946976e4e1513fd6,native preset; see archived full request
da-7f1df893819945adf49c2f58,DA,grid-node,4500.0,8.5,,,,,,COMPLETE_NUMERICAL,completed,Passed the bank numerical checks,2026-10-08,cfe2d2ff99a434cd502696c1eb7b2f5daf8d11c5,58faa4377006afb855cb3db77ca0c48382389a321419731c946976e4e1513fd6,native preset; see archived full request
da-0688b4119e0f2a0edd8563b3,DA,grid-node,4750.0,8.5,,,,,,COMPLETE_NUMERICAL,completed,Passed the bank numerical checks,2026-10-08,cfe2d2ff99a434cd502696c1eb7b2f5daf8d11c5,58faa4377006afb855cb3db77ca0c48382389a321419731c946976e4e1513fd6,native preset; see archived full request
da-3d1c49ebdea97840468ca679,DA,grid-node,5500.0,8.5,,,,,,COMPLETE_NUMERICAL,completed,Passed the bank numerical checks,2026-10-08,cfe2d2ff99a434cd502696c1eb7b2f5daf8d11c5,58faa4377006afb855cb3db77ca0c48382389a321419731c946976e4e1513fd6,native preset; see archived full request
da-697a5a3890714b35643cef93,DA,grid-node,6000.0,8.5,,,,,,COMPLETE_NUMERICAL,completed,Passed the bank numerical checks,2026-10-08,cfe2d2ff99a434cd502696c1eb7b2f5daf8d11c5,58faa4377006afb855cb3db77ca0c48382389a321419731c946976e4e1513fd6,native preset; see archived full request
da-195df1129a51eeeb55bc7332,DA,grid-node,6500.0,8.5,,,,,,COMPLETE_NUMERICAL,completed,Passed the bank numerical checks,2026-10-08,cfe2d2ff99a434cd502696c1eb7b2f5daf8d11c5,58faa4377006afb855cb3db77ca0c48382389a321419731c946976e4e1513fd6,native preset; see archived full request
da-4388c1b96644a03e23016beb,DA,grid-node,7000.0,8.5,,,,,,COMPLETE_NUMERICAL,completed,Passed the bank numerical checks,2026-10-08,cfe2d2ff99a434cd502696c1eb7b2f5daf8d11c5,58faa4377006afb855cb3db77ca0c48382389a321419731c946976e4e1513fd6,native preset; see archived full request
da-411eebeb7a4ee7c7fa97ab91,DA,grid-node,7500.0,8.5,,,,,,COMPLETE_NUMERICAL,completed,Passed the bank numerical checks,2026-10-08,cfe2d2ff99a434cd502696c1eb7b2f5daf8d11c5,58faa4377006afb855cb3db77ca0c48382389a321419731c946976e4e1513fd6,native preset; see archived full request
da-60720c078c4f0da2825c0941,DA,grid-node,8500.0,8.5,,,,,,COMPLETE_NUMERICAL,completed,Passed the bank numerical checks,2026-10-08,cfe2d2ff99a434cd502696c1eb7b2f5daf8d11c5,58faa4377006afb855cb3db77ca0c48382389a321419731c946976e4e1513fd6,native preset; see archived full request
da-443de1a289830e92f23b83b3,DA,grid-node,9000.0,8.5,,,,,,COMPLETE_NUMERICAL,completed,Passed the bank numerical checks,2026-10-08,cfe2d2ff99a434cd502696c1eb7b2f5daf8d11c5,58faa4377006afb855cb3db77ca0c48382389a321419731c946976e4e1513fd6,native preset; see archived full request
da-b0a29265859e394624458933,DA,grid-node,9500.0,8.5,,,,,,COMPLETE_NUMERICAL,completed,Passed the bank numerical checks,2026-10-08,cfe2d2ff99a434cd502696c1eb7b2f5daf8d11c5,58faa4377006afb855cb3db77ca0c48382389a321419731c946976e4e1513fd6,native preset; see archived full request
da-4bbbf454719cac4153acaf44,DA,grid-node,10500.0,8.5,,,,,,COMPLETE_NUMERICAL,completed,Passed the bank numerical checks,2026-10-08,cfe2d2ff99a434cd502696c1eb7b2f5daf8d11c5,58faa4377006afb855cb3db77ca0c48382389a321419731c946976e4e1513fd6,native preset; see archived full request
da-a78bb786cf8cdd0071bc2aae,DA,grid-node,11000.0,8.5,,,,,,COMPLETE_NUMERICAL,completed,Passed the bank numerical checks,2026-10-08,cfe2d2ff99a434cd502696c1eb7b2f5daf8d11c5,58faa4377006afb855cb3db77ca0c48382389a321419731c946976e4e1513fd6,native preset; see archived full request
da-3f3a6c23ff2930c7948de1cc,DA,grid-node,11500.0,8.5,,,,,,COMPLETE_NUMERICAL,completed,Passed the bank numerical checks,2026-10-08,cfe2d2ff99a434cd502696c1eb7b2f5daf8d11c5,58faa4377006afb855cb3db77ca0c48382389a321419731c946976e4e1513fd6,native preset; see archived full request
da-dc222f7d2b20e22e992c95a2,DA,grid-node,12500.0,8.5,,,,,,COMPLETE_NUMERICAL,completed,Passed the bank numerical checks,2026-10-08,cfe2d2ff99a434cd502696c1eb7b2f5daf8d11c5,58faa4377006afb855cb3db77ca0c48382389a321419731c946976e4e1513fd6,native preset; see archived full request
da-adc3257f36a445725e36ddaa,DA,grid-node,13000.0,8.5,,,,,,COMPLETE_NUMERICAL,completed,Passed the bank numerical checks,2026-10-08,cfe2d2ff99a434cd502696c1eb7b2f5daf8d11c5,58faa4377006afb855cb3db77ca0c48382389a321419731c946976e4e1513fd6,native preset; see archived full request
da-fe3d9a775d12958749e5efe2,DA,grid-node,13500.0,8.5,,,,,,COMPLETE_NUMERICAL,completed,Passed the bank numerical checks,2026-10-08,cfe2d2ff99a434cd502696c1eb7b2f5daf8d11c5,58faa4377006afb855cb3db77ca0c48382389a321419731c946976e4e1513fd6,native preset; see archived full request
da-9721eb89653fc82e98043394,DA,grid-node,14000.0,8.5,,,,,,COMPLETE_NUMERICAL,completed,Passed the bank numerical checks,2026-10-08,cfe2d2ff99a434cd502696c1eb7b2f5daf8d11c5,58faa4377006afb855cb3db77ca0c48382389a321419731c946976e4e1513fd6,native preset; see archived full request
da-d8a55a1fdcbb3389a74b63f7,DA,grid-node,14500.0,8.5,,,,,,COMPLETE_NUMERICAL,completed,Passed the bank numerical checks,2026-10-08,cfe2d2ff99a434cd502696c1eb7b2f5daf8d11c5,58faa4377006afb855cb3db77ca0c48382389a321419731c946976e4e1513fd6,native preset; see archived full request
da-a1fe33e0473170d43b55832f,DA,grid-node,15000.0,8.5,,,,,,COMPLETE_NUMERICAL,completed,Passed the bank numerical checks,2026-10-08,cfe2d2ff99a434cd502696c1eb7b2f5daf8d11c5,58faa4377006afb855cb3db77ca0c48382389a321419731c946976e4e1513fd6,native preset; see archived full request
da-d6651e862d1d7855b8379888,DA,grid-node,15500.0,8.5,,,,,,COMPLETE_NUMERICAL,completed,Passed the bank numerical checks,2026-10-08,cfe2d2ff99a434cd502696c1eb7b2f5daf8d11c5,58faa4377006afb855cb3db77ca0c48382389a321419731c946976e4e1513fd6,native preset; see archived full request
da-8e838c6c00645599bb0bbda0,DA,grid-node,16000.0,8.5,,,,,,COMPLETE_NUMERICAL,completed,Passed the bank numerical checks,2026-10-08,cfe2d2ff99a434cd502696c1eb7b2f5daf8d11c5,58faa4377006afb855cb3db77ca0c48382389a321419731c946976e4e1513fd6,native preset; see archived full request
da-45277d032161321e1306c27a,DA,grid-node,17000.0,8.5,,,,,,COMPLETE_NUMERICAL,completed,Passed the bank numerical checks,2026-10-08,cfe2d2ff99a434cd502696c1eb7b2f5daf8d11c5,58faa4377006afb855cb3db77ca0c48382389a321419731c946976e4e1513fd6,native preset; see archived full request
da-14176932c23fc8569d4e2d82,DA,grid-node,18000.0,8.5,,,,,,COMPLETE_NUMERICAL,completed,Passed the bank numerical checks,2026-10-08,cfe2d2ff99a434cd502696c1eb7b2f5daf8d11c5,58faa4377006afb855cb3db77ca0c48382389a321419731c946976e4e1513fd6,native preset; see archived full request
da-134ed5d5ffecfa8c366d0ea6,DA,grid-node,19000.0,8.5,,,,,,COMPLETE_NUMERICAL,completed,Passed the bank numerical checks,2026-10-08,cfe2d2ff99a434cd502696c1eb7b2f5daf8d11c5,58faa4377006afb855cb3db77ca0c48382389a321419731c946976e4e1513fd6,native preset; see archived full request
da-683414c4fb34509d7a6b3fa7,DA,grid-node,21000.0,8.5,,,,,,COMPLETE_NUMERICAL,completed,Passed the bank numerical checks,2026-10-08,cfe2d2ff99a434cd502696c1eb7b2f5daf8d11c5,58faa4377006afb855cb3db77ca0c48382389a321419731c946976e4e1513fd6,native preset; see archived full request
da-9fdc374888a37ab09722c1d8,DA,grid-node,23000.0,8.5,,,,,,COMPLETE_NUMERICAL,completed,Passed the bank numerical checks,2026-10-08,cfe2d2ff99a434cd502696c1eb7b2f5daf8d11c5,58faa4377006afb855cb3db77ca0c48382389a321419731c946976e4e1513fd6,native preset; see archived full request
da-44c71b05568ed23821038737,DA,grid-node,24000.0,8.5,,,,,,COMPLETE_NUMERICAL,completed,Passed the bank numerical checks,2026-10-08,cfe2d2ff99a434cd502696c1eb7b2f5daf8d11c5,58faa4377006afb855cb3db77ca0c48382389a321419731c946976e4e1513fd6,native preset; see archived full request
da-97f04b8119c56c46bced568b,DA,grid-node,25000.0,8.5,,,,,,COMPLETE_NUMERICAL,completed,Passed the bank numerical checks,2026-10-08,cfe2d2ff99a434cd502696c1eb7b2f5daf8d11c5,58faa4377006afb855cb3db77ca0c48382389a321419731c946976e4e1513fd6,native preset; see archived full request
da-9889c6c4d5c78b845b12d706,DA,grid-node,26000.0,8.5,,,,,,COMPLETE_NUMERICAL,completed,Passed the bank numerical checks,2026-10-08,cfe2d2ff99a434cd502696c1eb7b2f5daf8d11c5,58faa4377006afb855cb3db77ca0c48382389a321419731c946976e4e1513fd6,native preset; see archived full request
da-43eec8b3374b4a9793b2eaf8,DA,grid-node,27000.0,8.5,,,,,,COMPLETE_NUMERICAL,completed,Passed the bank numerical checks,2026-10-08,cfe2d2ff99a434cd502696c1eb7b2f5daf8d11c5,58faa4377006afb855cb3db77ca0c48382389a321419731c946976e4e1513fd6,native preset; see archived full request
da-dbef574da79e0cdf0b4939e7,DA,grid-node,28000.0,8.5,,,,,,COMPLETE_NUMERICAL,completed,Passed the bank numerical checks,2026-10-08,cfe2d2ff99a434cd502696c1eb7b2f5daf8d11c5,58faa4377006afb855cb3db77ca0c48382389a321419731c946976e4e1513fd6,native preset; see archived full request
da-02b7e9fe095e2e614996bf82,DA,grid-node,29000.0,8.5,,,,,,COMPLETE_NUMERICAL,completed,Passed the bank numerical checks,2026-10-08,cfe2d2ff99a434cd502696c1eb7b2f5daf8d11c5,58faa4377006afb855cb3db77ca0c48382389a321419731c946976e4e1513fd6,native preset; see archived full request
da-711298200b0688899f54fa2a,DA,grid-node,30000.0,8.5,,,,,,COMPLETE_NUMERICAL,completed,Passed the bank numerical checks,2026-10-08,cfe2d2ff99a434cd502696c1eb7b2f5daf8d11c5,58faa4377006afb855cb3db77ca0c48382389a321419731c946976e4e1513fd6,native preset; see archived full request
da-956ff49b1f18456dcf66ddca,DA,grid-node,32000.0,8.5,,,,,,COMPLETE_NUMERICAL,completed,Passed the bank numerical checks,2026-10-08,cfe2d2ff99a434cd502696c1eb7b2f5daf8d11c5,58faa4377006afb855cb3db77ca0c48382389a321419731c946976e4e1513fd6,native preset; see archived full request
da-d8ec4e942b5d79d070eda2b0,DA,grid-node,34000.0,8.5,,,,,,COMPLETE_NUMERICAL,completed,Passed the bank numerical checks,2026-10-08,cfe2d2ff99a434cd502696c1eb7b2f5daf8d11c5,58faa4377006afb855cb3db77ca0c48382389a321419731c946976e4e1513fd6,native preset; see archived full request
da-90be9b38696537a8c37cbd4c,DA,grid-node,36000.0,8.5,,,,,,COMPLETE_NUMERICAL,completed,Passed the bank numerical checks,2026-10-08,cfe2d2ff99a434cd502696c1eb7b2f5daf8d11c5,58faa4377006afb855cb3db77ca0c48382389a321419731c946976e4e1513fd6,native preset; see archived full request
da-89a1025129807609bc5a38cf,DA,grid-node,38000.0,8.5,,,,,,COMPLETE_NUMERICAL,completed,Passed the bank numerical checks,2026-10-08,cfe2d2ff99a434cd502696c1eb7b2f5daf8d11c5,58faa4377006afb855cb3db77ca0c48382389a321419731c946976e4e1513fd6,native preset; see archived full request
da-3a8e9597aac501f7a48db136,DA,grid-node,40000.0,8.5,,,,,,COMPLETE_NUMERICAL,completed,Passed the bank numerical checks,2026-10-08,cfe2d2ff99a434cd502696c1eb7b2f5daf8d11c5,58faa4377006afb855cb3db77ca0c48382389a321419731c946976e4e1513fd6,native preset; see archived full request
da-fb7b793c461cd0f95bf27422,DA,grid-node,45000.0,8.5,,,,,,COMPLETE_NUMERICAL,completed,Passed the bank numerical checks,2026-10-08,cfe2d2ff99a434cd502696c1eb7b2f5daf8d11c5,58faa4377006afb855cb3db77ca0c48382389a321419731c946976e4e1513fd6,native preset; see archived full request
da-108f05662abc8f27ea3181c4,DA,grid-node,50000.0,8.5,,,,,,COMPLETE_NUMERICAL,completed,Passed the bank numerical checks,2026-10-08,cfe2d2ff99a434cd502696c1eb7b2f5daf8d11c5,58faa4377006afb855cb3db77ca0c48382389a321419731c946976e4e1513fd6,native preset; see archived full request
da-ee138a3ae870af073adfb377,DA,grid-node,55000.0,8.5,,,,,,COMPLETE_NUMERICAL,completed,Passed the bank numerical checks,2026-10-08,cfe2d2ff99a434cd502696c1eb7b2f5daf8d11c5,58faa4377006afb855cb3db77ca0c48382389a321419731c946976e4e1513fd6,native preset; see archived full request
da-00cc43816c919e6a1af223a9,DA,grid-node,3000.0,7.25,,,,,,COMPLETE_NUMERICAL,completed,Passed the bank numerical checks,2026-10-08,cfe2d2ff99a434cd502696c1eb7b2f5daf8d11c5,58faa4377006afb855cb3db77ca0c48382389a321419731c946976e4e1513fd6,native preset; see archived full request
da-cbccf8cdbda3eeb485d9fa09,DA,grid-node,4000.0,7.25,,,,,,COMPLETE_NUMERICAL,completed,Passed the bank numerical checks,2026-10-08,cfe2d2ff99a434cd502696c1eb7b2f5daf8d11c5,58faa4377006afb855cb3db77ca0c48382389a321419731c946976e4e1513fd6,native preset; see archived full request
da-e2469cea4ff7585f2931faf4,DA,grid-node,5000.0,7.25,,,,,,NUMERICAL_NONCONVERGENCE,numerical_failure,Required equilibrium checks failed; raw reason retained,2026-10-08,cfe2d2ff99a434cd502696c1eb7b2f5daf8d11c5,58faa4377006afb855cb3db77ca0c48382389a321419731c946976e4e1513fd6,native preset; see archived full request
da-255b314226dceacde91eb511,DA,grid-node,8000.0,7.25,,,,,,COMPLETE_NUMERICAL,completed,Passed the bank numerical checks,2026-10-08,cfe2d2ff99a434cd502696c1eb7b2f5daf8d11c5,58faa4377006afb855cb3db77ca0c48382389a321419731c946976e4e1513fd6,native preset; see archived full request
da-2139689b772537119947a51f,DA,grid-node,10000.0,7.25,,,,,,COMPLETE_NUMERICAL,completed,Passed the bank numerical checks,2026-10-08,cfe2d2ff99a434cd502696c1eb7b2f5daf8d11c5,58faa4377006afb855cb3db77ca0c48382389a321419731c946976e4e1513fd6,native preset; see archived full request
da-f426aabe6bf10abd61fef696,DA,grid-node,12000.0,7.25,,,,,,COMPLETE_NUMERICAL,completed,Passed the bank numerical checks,2026-10-08,cfe2d2ff99a434cd502696c1eb7b2f5daf8d11c5,58faa4377006afb855cb3db77ca0c48382389a321419731c946976e4e1513fd6,native preset; see archived full request
da-d92e71605567b9bfed2b4e1d,DA,grid-node,20000.0,7.25,,,,,,COMPLETE_NUMERICAL,completed,Passed the bank numerical checks,2026-10-08,cfe2d2ff99a434cd502696c1eb7b2f5daf8d11c5,58faa4377006afb855cb3db77ca0c48382389a321419731c946976e4e1513fd6,native preset; see archived full request
da-362ec0fb8404e62fff38396c,DA,grid-node,22000.0,7.25,,,,,,COMPLETE_NUMERICAL,completed,Passed the bank numerical checks,2026-10-08,cfe2d2ff99a434cd502696c1eb7b2f5daf8d11c5,58faa4377006afb855cb3db77ca0c48382389a321419731c946976e4e1513fd6,native preset; see archived full request
da-84e4e42b4c443c3798033325,DA,grid-node,60000.0,7.25,,,,,,COMPLETE_NUMERICAL,completed,Passed the bank numerical checks,2026-10-08,cfe2d2ff99a434cd502696c1eb7b2f5daf8d11c5,58faa4377006afb855cb3db77ca0c48382389a321419731c946976e4e1513fd6,native preset; see archived full request
da-fbee4e06b24483d7426676fc,DA,grid-node,3250.0,7.25,,,,,,COMPLETE_NUMERICAL,completed,Passed the bank numerical checks,2026-10-08,cfe2d2ff99a434cd502696c1eb7b2f5daf8d11c5,58faa4377006afb855cb3db77ca0c48382389a321419731c946976e4e1513fd6,native preset; see archived full request
da-8fcac2ff71c30e3e7d88fa70,DA,grid-node,3500.0,7.25,,,,,,COMPLETE_NUMERICAL,completed,Passed the bank numerical checks,2026-10-08,cfe2d2ff99a434cd502696c1eb7b2f5daf8d11c5,58faa4377006afb855cb3db77ca0c48382389a321419731c946976e4e1513fd6,native preset; see archived full request
da-134a08e64b1863ca1d582851,DA,grid-node,3750.0,7.25,,,,,,COMPLETE_NUMERICAL,completed,Passed the bank numerical checks,2026-10-08,cfe2d2ff99a434cd502696c1eb7b2f5daf8d11c5,58faa4377006afb855cb3db77ca0c48382389a321419731c946976e4e1513fd6,native preset; see archived full request
da-94f73e0802db6bffa25adf4e,DA,grid-node,4250.0,7.25,,,,,,COMPLETE_NUMERICAL,completed,Passed the bank numerical checks,2026-10-08,cfe2d2ff99a434cd502696c1eb7b2f5daf8d11c5,58faa4377006afb855cb3db77ca0c48382389a321419731c946976e4e1513fd6,native preset; see archived full request
da-557fac11cae5c77cdf4b5ac8,DA,grid-node,4500.0,7.25,,,,,,NUMERICAL_NONCONVERGENCE,numerical_failure,Required equilibrium checks failed; raw reason retained,2026-10-08,cfe2d2ff99a434cd502696c1eb7b2f5daf8d11c5,58faa4377006afb855cb3db77ca0c48382389a321419731c946976e4e1513fd6,native preset; see archived full request
da-6d8cb0db7980a8e5132ae7da,DA,grid-node,4750.0,7.25,,,,,,NUMERICAL_NONCONVERGENCE,numerical_failure,Required equilibrium checks failed; raw reason retained,2026-10-08,cfe2d2ff99a434cd502696c1eb7b2f5daf8d11c5,58faa4377006afb855cb3db77ca0c48382389a321419731c946976e4e1513fd6,native preset; see archived full request
da-987316fed9c42c5b0ed9ad68,DA,grid-node,5500.0,7.25,,,,,,COMPLETE_NUMERICAL,completed,Passed the bank numerical checks,2026-10-08,cfe2d2ff99a434cd502696c1eb7b2f5daf8d11c5,58faa4377006afb855cb3db77ca0c48382389a321419731c946976e4e1513fd6,native preset; see archived full request
da-3e4a7c7af931cf4f64ec568f,DA,grid-node,6000.0,7.25,,,,,,COMPLETE_NUMERICAL,completed,Passed the bank numerical checks,2026-10-08,cfe2d2ff99a434cd502696c1eb7b2f5daf8d11c5,58faa4377006afb855cb3db77ca0c48382389a321419731c946976e4e1513fd6,native preset; see archived full request
da-73ce1e15fe95a4142dc92186,DA,grid-node,6500.0,7.25,,,,,,COMPLETE_NUMERICAL,completed,Passed the bank numerical checks,2026-10-08,cfe2d2ff99a434cd502696c1eb7b2f5daf8d11c5,58faa4377006afb855cb3db77ca0c48382389a321419731c946976e4e1513fd6,native preset; see archived full request
da-26c5e4326dc8cae0fa735ddc,DA,grid-node,7000.0,7.25,,,,,,COMPLETE_NUMERICAL,completed,Passed the bank numerical checks,2026-10-08,cfe2d2ff99a434cd502696c1eb7b2f5daf8d11c5,58faa4377006afb855cb3db77ca0c48382389a321419731c946976e4e1513fd6,native preset; see archived full request
da-fc3650f0b3408aa29f4dbb34,DA,grid-node,7500.0,7.25,,,,,,COMPLETE_NUMERICAL,completed,Passed the bank numerical checks,2026-10-08,cfe2d2ff99a434cd502696c1eb7b2f5daf8d11c5,58faa4377006afb855cb3db77ca0c48382389a321419731c946976e4e1513fd6,native preset; see archived full request
da-c6020876be73ee2af3e5ee2d,DA,grid-node,8500.0,7.25,,,,,,COMPLETE_NUMERICAL,completed,Passed the bank numerical checks,2026-10-08,cfe2d2ff99a434cd502696c1eb7b2f5daf8d11c5,58faa4377006afb855cb3db77ca0c48382389a321419731c946976e4e1513fd6,native preset; see archived full request
da-ca44422dca4772268ff2a8b3,DA,grid-node,9000.0,7.25,,,,,,COMPLETE_NUMERICAL,completed,Passed the bank numerical checks,2026-10-08,cfe2d2ff99a434cd502696c1eb7b2f5daf8d11c5,58faa4377006afb855cb3db77ca0c48382389a321419731c946976e4e1513fd6,native preset; see archived full request
da-3c0e3511e02b1efdabb2abb2,DA,grid-node,9500.0,7.25,,,,,,COMPLETE_NUMERICAL,completed,Passed the bank numerical checks,2026-10-08,cfe2d2ff99a434cd502696c1eb7b2f5daf8d11c5,58faa4377006afb855cb3db77ca0c48382389a321419731c946976e4e1513fd6,native preset; see archived full request
da-adba113158f1118bb72161d1,DA,grid-node,10500.0,7.25,,,,,,COMPLETE_NUMERICAL,completed,Passed the bank numerical checks,2026-10-08,cfe2d2ff99a434cd502696c1eb7b2f5daf8d11c5,58faa4377006afb855cb3db77ca0c48382389a321419731c946976e4e1513fd6,native preset; see archived full request
da-7e820fda93efd1e28ad9a064,DA,grid-node,11000.0,7.25,,,,,,COMPLETE_NUMERICAL,completed,Passed the bank numerical checks,2026-10-08,cfe2d2ff99a434cd502696c1eb7b2f5daf8d11c5,58faa4377006afb855cb3db77ca0c48382389a321419731c946976e4e1513fd6,native preset; see archived full request
da-9c8df583a379cbc9728ba2b3,DA,grid-node,11500.0,7.25,,,,,,COMPLETE_NUMERICAL,completed,Passed the bank numerical checks,2026-10-08,cfe2d2ff99a434cd502696c1eb7b2f5daf8d11c5,58faa4377006afb855cb3db77ca0c48382389a321419731c946976e4e1513fd6,native preset; see archived full request
da-2e77824f3667f03302704dcb,DA,grid-node,12500.0,7.25,,,,,,COMPLETE_NUMERICAL,completed,Passed the bank numerical checks,2026-10-08,cfe2d2ff99a434cd502696c1eb7b2f5daf8d11c5,58faa4377006afb855cb3db77ca0c48382389a321419731c946976e4e1513fd6,native preset; see archived full request
da-4ad9b12ec087c65b8e8ae77a,DA,grid-node,13000.0,7.25,,,,,,COMPLETE_NUMERICAL,completed,Passed the bank numerical checks,2026-10-08,cfe2d2ff99a434cd502696c1eb7b2f5daf8d11c5,58faa4377006afb855cb3db77ca0c48382389a321419731c946976e4e1513fd6,native preset; see archived full request
da-bc48c4ff6ef44ce4a62813bd,DA,grid-node,13500.0,7.25,,,,,,COMPLETE_NUMERICAL,completed,Passed the bank numerical checks,2026-10-08,cfe2d2ff99a434cd502696c1eb7b2f5daf8d11c5,58faa4377006afb855cb3db77ca0c48382389a321419731c946976e4e1513fd6,native preset; see archived full request
da-94303b43aa61582b9387b323,DA,grid-node,14000.0,7.25,,,,,,COMPLETE_NUMERICAL,completed,Passed the bank numerical checks,2026-10-08,cfe2d2ff99a434cd502696c1eb7b2f5daf8d11c5,58faa4377006afb855cb3db77ca0c48382389a321419731c946976e4e1513fd6,native preset; see archived full request
da-53d2e9756ca8296f3a63eaed,DA,grid-node,14500.0,7.25,,,,,,COMPLETE_NUMERICAL,completed,Passed the bank numerical checks,2026-10-08,cfe2d2ff99a434cd502696c1eb7b2f5daf8d11c5,58faa4377006afb855cb3db77ca0c48382389a321419731c946976e4e1513fd6,native preset; see archived full request
da-720f047462be58dfb6eef341,DA,grid-node,15000.0,7.25,,,,,,COMPLETE_NUMERICAL,completed,Passed the bank numerical checks,2026-10-08,cfe2d2ff99a434cd502696c1eb7b2f5daf8d11c5,58faa4377006afb855cb3db77ca0c48382389a321419731c946976e4e1513fd6,native preset; see archived full request
da-117a917fe6d8d86da383b38b,DA,grid-node,15500.0,7.25,,,,,,COMPLETE_NUMERICAL,completed,Passed the bank numerical checks,2026-10-08,cfe2d2ff99a434cd502696c1eb7b2f5daf8d11c5,58faa4377006afb855cb3db77ca0c48382389a321419731c946976e4e1513fd6,native preset; see archived full request
da-25543612e8cbd8d1d7bc6ae8,DA,grid-node,16000.0,7.25,,,,,,COMPLETE_NUMERICAL,completed,Passed the bank numerical checks,2026-10-08,cfe2d2ff99a434cd502696c1eb7b2f5daf8d11c5,58faa4377006afb855cb3db77ca0c48382389a321419731c946976e4e1513fd6,native preset; see archived full request
da-af7ce116c1437516439275a7,DA,grid-node,17000.0,7.25,,,,,,COMPLETE_NUMERICAL,completed,Passed the bank numerical checks,2026-10-08,cfe2d2ff99a434cd502696c1eb7b2f5daf8d11c5,58faa4377006afb855cb3db77ca0c48382389a321419731c946976e4e1513fd6,native preset; see archived full request
da-86ab033d72b290733c4148bf,DA,grid-node,18000.0,7.25,,,,,,COMPLETE_NUMERICAL,completed,Passed the bank numerical checks,2026-10-08,cfe2d2ff99a434cd502696c1eb7b2f5daf8d11c5,58faa4377006afb855cb3db77ca0c48382389a321419731c946976e4e1513fd6,native preset; see archived full request
da-249f00f5891a9f1d1d349431,DA,grid-node,19000.0,7.25,,,,,,COMPLETE_NUMERICAL,completed,Passed the bank numerical checks,2026-10-08,cfe2d2ff99a434cd502696c1eb7b2f5daf8d11c5,58faa4377006afb855cb3db77ca0c48382389a321419731c946976e4e1513fd6,native preset; see archived full request
da-d93947eec35a955abd3032e6,DA,grid-node,21000.0,7.25,,,,,,COMPLETE_NUMERICAL,completed,Passed the bank numerical checks,2026-10-08,cfe2d2ff99a434cd502696c1eb7b2f5daf8d11c5,58faa4377006afb855cb3db77ca0c48382389a321419731c946976e4e1513fd6,native preset; see archived full request
da-b8727e434a67b3e9a3ef34cc,DA,grid-node,23000.0,7.25,,,,,,COMPLETE_NUMERICAL,completed,Passed the bank numerical checks,2026-10-08,cfe2d2ff99a434cd502696c1eb7b2f5daf8d11c5,58faa4377006afb855cb3db77ca0c48382389a321419731c946976e4e1513fd6,native preset; see archived full request
da-f3aefc293358e392c254a30e,DA,grid-node,24000.0,7.25,,,,,,COMPLETE_NUMERICAL,completed,Passed the bank numerical checks,2026-10-08,cfe2d2ff99a434cd502696c1eb7b2f5daf8d11c5,58faa4377006afb855cb3db77ca0c48382389a321419731c946976e4e1513fd6,native preset; see archived full request
da-c6ce5d915b253ae56240aeb2,DA,grid-node,25000.0,7.25,,,,,,COMPLETE_NUMERICAL,completed,Passed the bank numerical checks,2026-10-08,cfe2d2ff99a434cd502696c1eb7b2f5daf8d11c5,58faa4377006afb855cb3db77ca0c48382389a321419731c946976e4e1513fd6,native preset; see archived full request
da-75e9f93f47f8c3ae837a082b,DA,grid-node,26000.0,7.25,,,,,,COMPLETE_NUMERICAL,completed,Passed the bank numerical checks,2026-10-08,cfe2d2ff99a434cd502696c1eb7b2f5daf8d11c5,58faa4377006afb855cb3db77ca0c48382389a321419731c946976e4e1513fd6,native preset; see archived full request
da-c424d6a5496e33b35079ecff,DA,grid-node,27000.0,7.25,,,,,,COMPLETE_NUMERICAL,completed,Passed the bank numerical checks,2026-10-08,cfe2d2ff99a434cd502696c1eb7b2f5daf8d11c5,58faa4377006afb855cb3db77ca0c48382389a321419731c946976e4e1513fd6,native preset; see archived full request
da-78145e19a410650ca4626ec1,DA,grid-node,28000.0,7.25,,,,,,COMPLETE_NUMERICAL,completed,Passed the bank numerical checks,2026-10-08,cfe2d2ff99a434cd502696c1eb7b2f5daf8d11c5,58faa4377006afb855cb3db77ca0c48382389a321419731c946976e4e1513fd6,native preset; see archived full request
da-e62377754feb9cee913091be,DA,grid-node,29000.0,7.25,,,,,,COMPLETE_NUMERICAL,completed,Passed the bank numerical checks,2026-10-08,cfe2d2ff99a434cd502696c1eb7b2f5daf8d11c5,58faa4377006afb855cb3db77ca0c48382389a321419731c946976e4e1513fd6,native preset; see archived full request
da-30bbc8981cd5e07ef83bd1b5,DA,grid-node,30000.0,7.25,,,,,,COMPLETE_NUMERICAL,completed,Passed the bank numerical checks,2026-10-08,cfe2d2ff99a434cd502696c1eb7b2f5daf8d11c5,58faa4377006afb855cb3db77ca0c48382389a321419731c946976e4e1513fd6,native preset; see archived full request
da-76a73ad0411cdacd5b319636,DA,grid-node,32000.0,7.25,,,,,,COMPLETE_NUMERICAL,completed,Passed the bank numerical checks,2026-10-08,cfe2d2ff99a434cd502696c1eb7b2f5daf8d11c5,58faa4377006afb855cb3db77ca0c48382389a321419731c946976e4e1513fd6,native preset; see archived full request
da-0136a71ac88f0d9deaf7a83e,DA,grid-node,34000.0,7.25,,,,,,COMPLETE_NUMERICAL,completed,Passed the bank numerical checks,2026-10-08,cfe2d2ff99a434cd502696c1eb7b2f5daf8d11c5,58faa4377006afb855cb3db77ca0c48382389a321419731c946976e4e1513fd6,native preset; see archived full request
da-5033ac8f3e64bda05ee21610,DA,grid-node,36000.0,7.25,,,,,,COMPLETE_NUMERICAL,completed,Passed the bank numerical checks,2026-10-08,cfe2d2ff99a434cd502696c1eb7b2f5daf8d11c5,58faa4377006afb855cb3db77ca0c48382389a321419731c946976e4e1513fd6,native preset; see archived full request
da-5d6bed76d73b6a4ed42f8268,DA,grid-node,38000.0,7.25,,,,,,COMPLETE_NUMERICAL,completed,Passed the bank numerical checks,2026-10-08,cfe2d2ff99a434cd502696c1eb7b2f5daf8d11c5,58faa4377006afb855cb3db77ca0c48382389a321419731c946976e4e1513fd6,native preset; see archived full request
da-37220bd39227a47d4941bf8b,DA,grid-node,40000.0,7.25,,,,,,COMPLETE_NUMERICAL,completed,Passed the bank numerical checks,2026-10-08,cfe2d2ff99a434cd502696c1eb7b2f5daf8d11c5,58faa4377006afb855cb3db77ca0c48382389a321419731c946976e4e1513fd6,native preset; see archived full request
da-9b2fae1f9e2d393cf9c113ab,DA,grid-node,45000.0,7.25,,,,,,COMPLETE_NUMERICAL,completed,Passed the bank numerical checks,2026-10-08,cfe2d2ff99a434cd502696c1eb7b2f5daf8d11c5,58faa4377006afb855cb3db77ca0c48382389a321419731c946976e4e1513fd6,native preset; see archived full request
da-c0b14bf9857690e35a3138bb,DA,grid-node,50000.0,7.25,,,,,,COMPLETE_NUMERICAL,completed,Passed the bank numerical checks,2026-10-08,cfe2d2ff99a434cd502696c1eb7b2f5daf8d11c5,58faa4377006afb855cb3db77ca0c48382389a321419731c946976e4e1513fd6,native preset; see archived full request
da-c900b0a091e72bd2654f9697,DA,grid-node,55000.0,7.25,,,,,,COMPLETE_NUMERICAL,completed,Passed the bank numerical checks,2026-10-08,cfe2d2ff99a434cd502696c1eb7b2f5daf8d11c5,58faa4377006afb855cb3db77ca0c48382389a321419731c946976e4e1513fd6,native preset; see archived full request
da-7e5ff5d4d5bd69334d7f023d,DA,grid-node,3000.0,8.75,,,,,,COMPLETE_NUMERICAL,completed,Passed the bank numerical checks,2026-10-08,cfe2d2ff99a434cd502696c1eb7b2f5daf8d11c5,58faa4377006afb855cb3db77ca0c48382389a321419731c946976e4e1513fd6,native preset; see archived full request
da-35018d542db6b774c997ca94,DA,grid-node,4000.0,8.75,,,,,,COMPLETE_NUMERICAL,completed,Passed the bank numerical checks,2026-10-08,cfe2d2ff99a434cd502696c1eb7b2f5daf8d11c5,58faa4377006afb855cb3db77ca0c48382389a321419731c946976e4e1513fd6,native preset; see archived full request
da-7dff43fb4437dd13a0447a25,DA,grid-node,5000.0,8.75,,,,,,COMPLETE_NUMERICAL,completed,Passed the bank numerical checks,2026-10-08,cfe2d2ff99a434cd502696c1eb7b2f5daf8d11c5,58faa4377006afb855cb3db77ca0c48382389a321419731c946976e4e1513fd6,native preset; see archived full request
da-804e9bf9415666655a307bfc,DA,grid-node,8000.0,8.75,,,,,,COMPLETE_NUMERICAL,completed,Passed the bank numerical checks,2026-10-08,cfe2d2ff99a434cd502696c1eb7b2f5daf8d11c5,58faa4377006afb855cb3db77ca0c48382389a321419731c946976e4e1513fd6,native preset; see archived full request
da-862ff0edc4a80477e2ccae84,DA,grid-node,10000.0,8.75,,,,,,COMPLETE_NUMERICAL,completed,Passed the bank numerical checks,2026-10-08,cfe2d2ff99a434cd502696c1eb7b2f5daf8d11c5,58faa4377006afb855cb3db77ca0c48382389a321419731c946976e4e1513fd6,native preset; see archived full request
da-381c847e57cfb0c516477646,DA,grid-node,12000.0,8.75,,,,,,COMPLETE_NUMERICAL,completed,Passed the bank numerical checks,2026-10-08,cfe2d2ff99a434cd502696c1eb7b2f5daf8d11c5,58faa4377006afb855cb3db77ca0c48382389a321419731c946976e4e1513fd6,native preset; see archived full request
da-fb5e2e5ac6d8b9ca8caa1c28,DA,grid-node,20000.0,8.75,,,,,,COMPLETE_NUMERICAL,completed,Passed the bank numerical checks,2026-10-08,cfe2d2ff99a434cd502696c1eb7b2f5daf8d11c5,58faa4377006afb855cb3db77ca0c48382389a321419731c946976e4e1513fd6,native preset; see archived full request
da-42c7c23bd0705a5babeffa55,DA,grid-node,22000.0,8.75,,,,,,COMPLETE_NUMERICAL,completed,Passed the bank numerical checks,2026-10-08,cfe2d2ff99a434cd502696c1eb7b2f5daf8d11c5,58faa4377006afb855cb3db77ca0c48382389a321419731c946976e4e1513fd6,native preset; see archived full request
da-c716fe3d5ea0cf8dda135a7c,DA,grid-node,60000.0,8.75,,,,,,COMPLETE_NUMERICAL,completed,Passed the bank numerical checks,2026-10-08,cfe2d2ff99a434cd502696c1eb7b2f5daf8d11c5,58faa4377006afb855cb3db77ca0c48382389a321419731c946976e4e1513fd6,native preset; see archived full request
da-1cf17864174c72555230bb25,DA,grid-node,3250.0,8.75,,,,,,COMPLETE_NUMERICAL,completed,Passed the bank numerical checks,2026-10-08,cfe2d2ff99a434cd502696c1eb7b2f5daf8d11c5,58faa4377006afb855cb3db77ca0c48382389a321419731c946976e4e1513fd6,native preset; see archived full request
da-3f8b77afb1b9fc53e3eb0a9d,DA,grid-node,3500.0,8.75,,,,,,COMPLETE_NUMERICAL,completed,Passed the bank numerical checks,2026-10-08,cfe2d2ff99a434cd502696c1eb7b2f5daf8d11c5,58faa4377006afb855cb3db77ca0c48382389a321419731c946976e4e1513fd6,native preset; see archived full request
da-780d6f55fa6f9d400ac85c34,DA,grid-node,3750.0,8.75,,,,,,COMPLETE_NUMERICAL,completed,Passed the bank numerical checks,2026-10-08,cfe2d2ff99a434cd502696c1eb7b2f5daf8d11c5,58faa4377006afb855cb3db77ca0c48382389a321419731c946976e4e1513fd6,native preset; see archived full request
da-e9ef5b1769bf991a0e9f2398,DA,grid-node,4250.0,8.75,,,,,,COMPLETE_NUMERICAL,completed,Passed the bank numerical checks,2026-10-08,cfe2d2ff99a434cd502696c1eb7b2f5daf8d11c5,58faa4377006afb855cb3db77ca0c48382389a321419731c946976e4e1513fd6,native preset; see archived full request
da-b27acfbc8924aec83a489d3d,DA,grid-node,4500.0,8.75,,,,,,NUMERICAL_NONCONVERGENCE,numerical_failure,Required equilibrium checks failed; raw reason retained,2026-10-08,cfe2d2ff99a434cd502696c1eb7b2f5daf8d11c5,58faa4377006afb855cb3db77ca0c48382389a321419731c946976e4e1513fd6,native preset; see archived full request
da-ef30708137124d3aebe39483,DA,grid-node,4750.0,8.75,,,,,,COMPLETE_NUMERICAL,completed,Passed the bank numerical checks,2026-10-08,cfe2d2ff99a434cd502696c1eb7b2f5daf8d11c5,58faa4377006afb855cb3db77ca0c48382389a321419731c946976e4e1513fd6,native preset; see archived full request
da-227dacbd77c5381f8382658d,DA,grid-node,5500.0,8.75,,,,,,COMPLETE_NUMERICAL,completed,Passed the bank numerical checks,2026-10-08,cfe2d2ff99a434cd502696c1eb7b2f5daf8d11c5,58faa4377006afb855cb3db77ca0c48382389a321419731c946976e4e1513fd6,native preset; see archived full request
da-6bab465d01fc18008fb50ee0,DA,grid-node,6000.0,8.75,,,,,,COMPLETE_NUMERICAL,completed,Passed the bank numerical checks,2026-10-08,cfe2d2ff99a434cd502696c1eb7b2f5daf8d11c5,58faa4377006afb855cb3db77ca0c48382389a321419731c946976e4e1513fd6,native preset; see archived full request
da-0ee3477c158b6d478251d1a7,DA,grid-node,6500.0,8.75,,,,,,COMPLETE_NUMERICAL,completed,Passed the bank numerical checks,2026-10-08,cfe2d2ff99a434cd502696c1eb7b2f5daf8d11c5,58faa4377006afb855cb3db77ca0c48382389a321419731c946976e4e1513fd6,native preset; see archived full request
da-32de5a24534bff2dcdcfdee4,DA,grid-node,7000.0,8.75,,,,,,COMPLETE_NUMERICAL,completed,Passed the bank numerical checks,2026-10-08,cfe2d2ff99a434cd502696c1eb7b2f5daf8d11c5,58faa4377006afb855cb3db77ca0c48382389a321419731c946976e4e1513fd6,native preset; see archived full request
da-8dda3f579a817c54ddb9019c,DA,grid-node,7500.0,8.75,,,,,,COMPLETE_NUMERICAL,completed,Passed the bank numerical checks,2026-10-08,cfe2d2ff99a434cd502696c1eb7b2f5daf8d11c5,58faa4377006afb855cb3db77ca0c48382389a321419731c946976e4e1513fd6,native preset; see archived full request
da-9074e82399291c8930074348,DA,grid-node,8500.0,8.75,,,,,,COMPLETE_NUMERICAL,completed,Passed the bank numerical checks,2026-10-08,cfe2d2ff99a434cd502696c1eb7b2f5daf8d11c5,58faa4377006afb855cb3db77ca0c48382389a321419731c946976e4e1513fd6,native preset; see archived full request
da-5893ccb12f59220ec27dcd42,DA,grid-node,9000.0,8.75,,,,,,COMPLETE_NUMERICAL,completed,Passed the bank numerical checks,2026-10-08,cfe2d2ff99a434cd502696c1eb7b2f5daf8d11c5,58faa4377006afb855cb3db77ca0c48382389a321419731c946976e4e1513fd6,native preset; see archived full request
da-66e0a7b69a8548f87b4b2c07,DA,grid-node,9500.0,8.75,,,,,,COMPLETE_NUMERICAL,completed,Passed the bank numerical checks,2026-10-08,cfe2d2ff99a434cd502696c1eb7b2f5daf8d11c5,58faa4377006afb855cb3db77ca0c48382389a321419731c946976e4e1513fd6,native preset; see archived full request
da-9de341b344b5475388427b28,DA,grid-node,10500.0,8.75,,,,,,COMPLETE_NUMERICAL,completed,Passed the bank numerical checks,2026-10-08,cfe2d2ff99a434cd502696c1eb7b2f5daf8d11c5,58faa4377006afb855cb3db77ca0c48382389a321419731c946976e4e1513fd6,native preset; see archived full request
da-5fe39e0f4c3f4f86275ea3b6,DA,grid-node,11000.0,8.75,,,,,,COMPLETE_NUMERICAL,completed,Passed the bank numerical checks,2026-10-08,cfe2d2ff99a434cd502696c1eb7b2f5daf8d11c5,58faa4377006afb855cb3db77ca0c48382389a321419731c946976e4e1513fd6,native preset; see archived full request
da-d421695509ce075c57bd4b1d,DA,grid-node,11500.0,8.75,,,,,,COMPLETE_NUMERICAL,completed,Passed the bank numerical checks,2026-10-08,cfe2d2ff99a434cd502696c1eb7b2f5daf8d11c5,58faa4377006afb855cb3db77ca0c48382389a321419731c946976e4e1513fd6,native preset; see archived full request
da-a480e1414a45f9cfe31b4042,DA,grid-node,12500.0,8.75,,,,,,COMPLETE_NUMERICAL,completed,Passed the bank numerical checks,2026-10-08,cfe2d2ff99a434cd502696c1eb7b2f5daf8d11c5,58faa4377006afb855cb3db77ca0c48382389a321419731c946976e4e1513fd6,native preset; see archived full request
da-7232c83a1e243f5bc8458b21,DA,grid-node,13000.0,8.75,,,,,,COMPLETE_NUMERICAL,completed,Passed the bank numerical checks,2026-10-08,cfe2d2ff99a434cd502696c1eb7b2f5daf8d11c5,58faa4377006afb855cb3db77ca0c48382389a321419731c946976e4e1513fd6,native preset; see archived full request
da-ac150faa9ae3d902a4431994,DA,grid-node,13500.0,8.75,,,,,,COMPLETE_NUMERICAL,completed,Passed the bank numerical checks,2026-10-08,cfe2d2ff99a434cd502696c1eb7b2f5daf8d11c5,58faa4377006afb855cb3db77ca0c48382389a321419731c946976e4e1513fd6,native preset; see archived full request
da-0853bf52276e2147311481b1,DA,grid-node,14000.0,8.75,,,,,,COMPLETE_NUMERICAL,completed,Passed the bank numerical checks,2026-10-08,cfe2d2ff99a434cd502696c1eb7b2f5daf8d11c5,58faa4377006afb855cb3db77ca0c48382389a321419731c946976e4e1513fd6,native preset; see archived full request
da-7fca7f35caeee7acc638cd21,DA,grid-node,14500.0,8.75,,,,,,COMPLETE_NUMERICAL,completed,Passed the bank numerical checks,2026-10-08,cfe2d2ff99a434cd502696c1eb7b2f5daf8d11c5,58faa4377006afb855cb3db77ca0c48382389a321419731c946976e4e1513fd6,native preset; see archived full request
da-385a41a2895f9239ec0aa242,DA,grid-node,15000.0,8.75,,,,,,COMPLETE_NUMERICAL,completed,Passed the bank numerical checks,2026-10-08,cfe2d2ff99a434cd502696c1eb7b2f5daf8d11c5,58faa4377006afb855cb3db77ca0c48382389a321419731c946976e4e1513fd6,native preset; see archived full request
da-b59bb8925ddf4f471aa0c67d,DA,grid-node,15500.0,8.75,,,,,,COMPLETE_NUMERICAL,completed,Passed the bank numerical checks,2026-10-08,cfe2d2ff99a434cd502696c1eb7b2f5daf8d11c5,58faa4377006afb855cb3db77ca0c48382389a321419731c946976e4e1513fd6,native preset; see archived full request
da-dc6dddce27f1bbee3c06893d,DA,grid-node,16000.0,8.75,,,,,,COMPLETE_NUMERICAL,completed,Passed the bank numerical checks,2026-10-08,cfe2d2ff99a434cd502696c1eb7b2f5daf8d11c5,58faa4377006afb855cb3db77ca0c48382389a321419731c946976e4e1513fd6,native preset; see archived full request
da-4d6e29abf1d1ad7d6c2d43ac,DA,grid-node,17000.0,8.75,,,,,,COMPLETE_NUMERICAL,completed,Passed the bank numerical checks,2026-10-08,cfe2d2ff99a434cd502696c1eb7b2f5daf8d11c5,58faa4377006afb855cb3db77ca0c48382389a321419731c946976e4e1513fd6,native preset; see archived full request
da-1ddd833e16cc5b338b3dbc1a,DA,grid-node,18000.0,8.75,,,,,,COMPLETE_NUMERICAL,completed,Passed the bank numerical checks,2026-10-08,cfe2d2ff99a434cd502696c1eb7b2f5daf8d11c5,58faa4377006afb855cb3db77ca0c48382389a321419731c946976e4e1513fd6,native preset; see archived full request
da-3931084c3529ab65a5bf26b1,DA,grid-node,19000.0,8.75,,,,,,COMPLETE_NUMERICAL,completed,Passed the bank numerical checks,2026-10-08,cfe2d2ff99a434cd502696c1eb7b2f5daf8d11c5,58faa4377006afb855cb3db77ca0c48382389a321419731c946976e4e1513fd6,native preset; see archived full request
da-851712ad05ea340bec5bbeb2,DA,grid-node,21000.0,8.75,,,,,,COMPLETE_NUMERICAL,completed,Passed the bank numerical checks,2026-10-08,cfe2d2ff99a434cd502696c1eb7b2f5daf8d11c5,58faa4377006afb855cb3db77ca0c48382389a321419731c946976e4e1513fd6,native preset; see archived full request
da-e3a09233948564e1d8a76e8b,DA,grid-node,23000.0,8.75,,,,,,COMPLETE_NUMERICAL,completed,Passed the bank numerical checks,2026-10-08,cfe2d2ff99a434cd502696c1eb7b2f5daf8d11c5,58faa4377006afb855cb3db77ca0c48382389a321419731c946976e4e1513fd6,native preset; see archived full request
da-77267aef415e6b910ebae815,DA,grid-node,24000.0,8.75,,,,,,COMPLETE_NUMERICAL,completed,Passed the bank numerical checks,2026-10-08,cfe2d2ff99a434cd502696c1eb7b2f5daf8d11c5,58faa4377006afb855cb3db77ca0c48382389a321419731c946976e4e1513fd6,native preset; see archived full request
da-6b24e0972e920e8720713581,DA,grid-node,25000.0,8.75,,,,,,COMPLETE_NUMERICAL,completed,Passed the bank numerical checks,2026-10-08,cfe2d2ff99a434cd502696c1eb7b2f5daf8d11c5,58faa4377006afb855cb3db77ca0c48382389a321419731c946976e4e1513fd6,native preset; see archived full request
da-984111ac6fc030abf579510a,DA,grid-node,26000.0,8.75,,,,,,COMPLETE_NUMERICAL,completed,Passed the bank numerical checks,2026-10-08,cfe2d2ff99a434cd502696c1eb7b2f5daf8d11c5,58faa4377006afb855cb3db77ca0c48382389a321419731c946976e4e1513fd6,native preset; see archived full request
da-26666a2478a380b6a7e0cb13,DA,grid-node,27000.0,8.75,,,,,,COMPLETE_NUMERICAL,completed,Passed the bank numerical checks,2026-10-08,cfe2d2ff99a434cd502696c1eb7b2f5daf8d11c5,58faa4377006afb855cb3db77ca0c48382389a321419731c946976e4e1513fd6,native preset; see archived full request
da-703f4d5eeb6e313ce97e9cdb,DA,grid-node,28000.0,8.75,,,,,,COMPLETE_NUMERICAL,completed,Passed the bank numerical checks,2026-10-08,cfe2d2ff99a434cd502696c1eb7b2f5daf8d11c5,58faa4377006afb855cb3db77ca0c48382389a321419731c946976e4e1513fd6,native preset; see archived full request
da-128bd544b3d045e4ce8c628a,DA,grid-node,29000.0,8.75,,,,,,COMPLETE_NUMERICAL,completed,Passed the bank numerical checks,2026-10-08,cfe2d2ff99a434cd502696c1eb7b2f5daf8d11c5,58faa4377006afb855cb3db77ca0c48382389a321419731c946976e4e1513fd6,native preset; see archived full request
da-12abe149d0b9628d962ec4f9,DA,grid-node,30000.0,8.75,,,,,,COMPLETE_NUMERICAL,completed,Passed the bank numerical checks,2026-10-08,cfe2d2ff99a434cd502696c1eb7b2f5daf8d11c5,58faa4377006afb855cb3db77ca0c48382389a321419731c946976e4e1513fd6,native preset; see archived full request
da-652864aeedad4e55f165739a,DA,grid-node,32000.0,8.75,,,,,,COMPLETE_NUMERICAL,completed,Passed the bank numerical checks,2026-10-08,cfe2d2ff99a434cd502696c1eb7b2f5daf8d11c5,58faa4377006afb855cb3db77ca0c48382389a321419731c946976e4e1513fd6,native preset; see archived full request
da-59944acc57de7518d6f0a1b3,DA,grid-node,34000.0,8.75,,,,,,COMPLETE_NUMERICAL,completed,Passed the bank numerical checks,2026-10-08,cfe2d2ff99a434cd502696c1eb7b2f5daf8d11c5,58faa4377006afb855cb3db77ca0c48382389a321419731c946976e4e1513fd6,native preset; see archived full request
da-8d06dbd09a78f49b21370794,DA,grid-node,36000.0,8.75,,,,,,COMPLETE_NUMERICAL,completed,Passed the bank numerical checks,2026-10-08,cfe2d2ff99a434cd502696c1eb7b2f5daf8d11c5,58faa4377006afb855cb3db77ca0c48382389a321419731c946976e4e1513fd6,native preset; see archived full request
da-a9b848981494eb7a9461d35c,DA,grid-node,38000.0,8.75,,,,,,COMPLETE_NUMERICAL,completed,Passed the bank numerical checks,2026-10-08,cfe2d2ff99a434cd502696c1eb7b2f5daf8d11c5,58faa4377006afb855cb3db77ca0c48382389a321419731c946976e4e1513fd6,native preset; see archived full request
da-af75ffe901397d3bbfff181c,DA,grid-node,40000.0,8.75,,,,,,COMPLETE_NUMERICAL,completed,Passed the bank numerical checks,2026-10-08,cfe2d2ff99a434cd502696c1eb7b2f5daf8d11c5,58faa4377006afb855cb3db77ca0c48382389a321419731c946976e4e1513fd6,native preset; see archived full request
da-16ab7f5b23b0a74fc2d1901e,DA,grid-node,45000.0,8.75,,,,,,COMPLETE_NUMERICAL,completed,Passed the bank numerical checks,2026-10-08,cfe2d2ff99a434cd502696c1eb7b2f5daf8d11c5,58faa4377006afb855cb3db77ca0c48382389a321419731c946976e4e1513fd6,native preset; see archived full request
da-8756475204f9901dac664162,DA,grid-node,50000.0,8.75,,,,,,COMPLETE_NUMERICAL,completed,Passed the bank numerical checks,2026-10-08,cfe2d2ff99a434cd502696c1eb7b2f5daf8d11c5,58faa4377006afb855cb3db77ca0c48382389a321419731c946976e4e1513fd6,native preset; see archived full request
da-df7be7340456a1e7e9f380f0,DA,grid-node,55000.0,8.75,,,,,,COMPLETE_NUMERICAL,completed,Passed the bank numerical checks,2026-10-08,cfe2d2ff99a434cd502696c1eb7b2f5daf8d11c5,58faa4377006afb855cb3db77ca0c48382389a321419731c946976e4e1513fd6,native preset; see archived full request
da-1a01b90934e76a6cb0c0345d,DA,grid-node,3000.0,7.0,,,,,,COMPLETE_NUMERICAL,completed,Passed the bank numerical checks,2026-10-08,cfe2d2ff99a434cd502696c1eb7b2f5daf8d11c5,58faa4377006afb855cb3db77ca0c48382389a321419731c946976e4e1513fd6,native preset; see archived full request
da-330980dc3df109a86851feee,DA,grid-node,4000.0,7.0,,,,,,COMPLETE_NUMERICAL,completed,Passed the bank numerical checks,2026-10-08,cfe2d2ff99a434cd502696c1eb7b2f5daf8d11c5,58faa4377006afb855cb3db77ca0c48382389a321419731c946976e4e1513fd6,native preset; see archived full request
da-4a192dbac44615e27404e144,DA,grid-node,5000.0,7.0,,,,,,NUMERICAL_NONCONVERGENCE,numerical_failure,Required equilibrium checks failed; raw reason retained,2026-10-08,cfe2d2ff99a434cd502696c1eb7b2f5daf8d11c5,58faa4377006afb855cb3db77ca0c48382389a321419731c946976e4e1513fd6,native preset; see archived full request
da-3d9b6549c57f2ac1f02c9e65,DA,grid-node,8000.0,7.0,,,,,,COMPLETE_NUMERICAL,completed,Passed the bank numerical checks,2026-10-08,cfe2d2ff99a434cd502696c1eb7b2f5daf8d11c5,58faa4377006afb855cb3db77ca0c48382389a321419731c946976e4e1513fd6,native preset; see archived full request
da-281769334f7523d51c83f8ae,DA,grid-node,10000.0,7.0,,,,,,COMPLETE_NUMERICAL,completed,Passed the bank numerical checks,2026-10-08,cfe2d2ff99a434cd502696c1eb7b2f5daf8d11c5,58faa4377006afb855cb3db77ca0c48382389a321419731c946976e4e1513fd6,native preset; see archived full request
da-159c48a64040f011d4c3a567,DA,grid-node,12000.0,7.0,,,,,,COMPLETE_NUMERICAL,completed,Passed the bank numerical checks,2026-10-08,cfe2d2ff99a434cd502696c1eb7b2f5daf8d11c5,58faa4377006afb855cb3db77ca0c48382389a321419731c946976e4e1513fd6,native preset; see archived full request
da-98c06a008d54a67701544e03,DA,grid-node,20000.0,7.0,,,,,,COMPLETE_NUMERICAL,completed,Passed the bank numerical checks,2026-10-08,cfe2d2ff99a434cd502696c1eb7b2f5daf8d11c5,58faa4377006afb855cb3db77ca0c48382389a321419731c946976e4e1513fd6,native preset; see archived full request
da-bcfb0df662fb0a390bc1fa3a,DA,grid-node,22000.0,7.0,,,,,,COMPLETE_NUMERICAL,completed,Passed the bank numerical checks,2026-10-08,cfe2d2ff99a434cd502696c1eb7b2f5daf8d11c5,58faa4377006afb855cb3db77ca0c48382389a321419731c946976e4e1513fd6,native preset; see archived full request
da-29ecfeabf84974e06a7d0bf3,DA,grid-node,60000.0,7.0,,,,,,COMPLETE_NUMERICAL,completed,Passed the bank numerical checks,2026-10-08,cfe2d2ff99a434cd502696c1eb7b2f5daf8d11c5,58faa4377006afb855cb3db77ca0c48382389a321419731c946976e4e1513fd6,native preset; see archived full request
da-b18cc7d357a328f2dbb87761,DA,grid-node,3250.0,7.0,,,,,,COMPLETE_NUMERICAL,completed,Passed the bank numerical checks,2026-10-08,cfe2d2ff99a434cd502696c1eb7b2f5daf8d11c5,58faa4377006afb855cb3db77ca0c48382389a321419731c946976e4e1513fd6,native preset; see archived full request
da-8b20858c5a22971973fadd2f,DA,grid-node,3500.0,7.0,,,,,,COMPLETE_NUMERICAL,completed,Passed the bank numerical checks,2026-10-08,cfe2d2ff99a434cd502696c1eb7b2f5daf8d11c5,58faa4377006afb855cb3db77ca0c48382389a321419731c946976e4e1513fd6,native preset; see archived full request
da-36fd21dd58211af6d918512f,DA,grid-node,3750.0,7.0,,,,,,COMPLETE_NUMERICAL,completed,Passed the bank numerical checks,2026-10-08,cfe2d2ff99a434cd502696c1eb7b2f5daf8d11c5,58faa4377006afb855cb3db77ca0c48382389a321419731c946976e4e1513fd6,native preset; see archived full request
da-edfa789aefee2fa276efcc80,DA,grid-node,4250.0,7.0,,,,,,COMPLETE_NUMERICAL,completed,Passed the bank numerical checks,2026-10-08,cfe2d2ff99a434cd502696c1eb7b2f5daf8d11c5,58faa4377006afb855cb3db77ca0c48382389a321419731c946976e4e1513fd6,native preset; see archived full request
da-aaca53f8fc5a8d425d871220,DA,grid-node,4500.0,7.0,,,,,,NUMERICAL_NONCONVERGENCE,numerical_failure,Required equilibrium checks failed; raw reason retained,2026-10-08,cfe2d2ff99a434cd502696c1eb7b2f5daf8d11c5,58faa4377006afb855cb3db77ca0c48382389a321419731c946976e4e1513fd6,native preset; see archived full request
da-59b915c15abf710e50e690ca,DA,grid-node,4750.0,7.0,,,,,,NUMERICAL_NONCONVERGENCE,numerical_failure,Required equilibrium checks failed; raw reason retained,2026-10-08,cfe2d2ff99a434cd502696c1eb7b2f5daf8d11c5,58faa4377006afb855cb3db77ca0c48382389a321419731c946976e4e1513fd6,native preset; see archived full request
da-a3fe6aae422938c41dea2d65,DA,grid-node,5500.0,7.0,,,,,,COMPLETE_NUMERICAL,completed,Passed the bank numerical checks,2026-10-08,cfe2d2ff99a434cd502696c1eb7b2f5daf8d11c5,58faa4377006afb855cb3db77ca0c48382389a321419731c946976e4e1513fd6,native preset; see archived full request
da-cedd844c94d9e2eb09d873d8,DA,grid-node,6000.0,7.0,,,,,,COMPLETE_NUMERICAL,completed,Passed the bank numerical checks,2026-10-08,cfe2d2ff99a434cd502696c1eb7b2f5daf8d11c5,58faa4377006afb855cb3db77ca0c48382389a321419731c946976e4e1513fd6,native preset; see archived full request
da-e50882db119fb1c6c975061c,DA,grid-node,6500.0,7.0,,,,,,COMPLETE_NUMERICAL,completed,Passed the bank numerical checks,2026-10-08,cfe2d2ff99a434cd502696c1eb7b2f5daf8d11c5,58faa4377006afb855cb3db77ca0c48382389a321419731c946976e4e1513fd6,native preset; see archived full request
da-3166e00b8b1bf51e8903e373,DA,grid-node,7000.0,7.0,,,,,,COMPLETE_NUMERICAL,completed,Passed the bank numerical checks,2026-10-08,cfe2d2ff99a434cd502696c1eb7b2f5daf8d11c5,58faa4377006afb855cb3db77ca0c48382389a321419731c946976e4e1513fd6,native preset; see archived full request
da-03e998ce80eadf4ba21ec2eb,DA,grid-node,7500.0,7.0,,,,,,COMPLETE_NUMERICAL,completed,Passed the bank numerical checks,2026-10-08,cfe2d2ff99a434cd502696c1eb7b2f5daf8d11c5,58faa4377006afb855cb3db77ca0c48382389a321419731c946976e4e1513fd6,native preset; see archived full request
da-6d442d29945b8e8fd3382a28,DA,grid-node,8500.0,7.0,,,,,,COMPLETE_NUMERICAL,completed,Passed the bank numerical checks,2026-10-08,cfe2d2ff99a434cd502696c1eb7b2f5daf8d11c5,58faa4377006afb855cb3db77ca0c48382389a321419731c946976e4e1513fd6,native preset; see archived full request
da-7496541f251d2d2bb4b2252e,DA,grid-node,9000.0,7.0,,,,,,COMPLETE_NUMERICAL,completed,Passed the bank numerical checks,2026-10-08,cfe2d2ff99a434cd502696c1eb7b2f5daf8d11c5,58faa4377006afb855cb3db77ca0c48382389a321419731c946976e4e1513fd6,native preset; see archived full request
da-a18fe098492b1a62e688a157,DA,grid-node,9500.0,7.0,,,,,,COMPLETE_NUMERICAL,completed,Passed the bank numerical checks,2026-10-08,cfe2d2ff99a434cd502696c1eb7b2f5daf8d11c5,58faa4377006afb855cb3db77ca0c48382389a321419731c946976e4e1513fd6,native preset; see archived full request
da-6d2092878d693fce90640330,DA,grid-node,10500.0,7.0,,,,,,COMPLETE_NUMERICAL,completed,Passed the bank numerical checks,2026-10-08,cfe2d2ff99a434cd502696c1eb7b2f5daf8d11c5,58faa4377006afb855cb3db77ca0c48382389a321419731c946976e4e1513fd6,native preset; see archived full request
da-a800fc2362e83c2ac24c57fc,DA,grid-node,11000.0,7.0,,,,,,COMPLETE_NUMERICAL,completed,Passed the bank numerical checks,2026-10-08,cfe2d2ff99a434cd502696c1eb7b2f5daf8d11c5,58faa4377006afb855cb3db77ca0c48382389a321419731c946976e4e1513fd6,native preset; see archived full request
da-0990392e53aae78ef6a27740,DA,grid-node,11500.0,7.0,,,,,,COMPLETE_NUMERICAL,completed,Passed the bank numerical checks,2026-10-08,cfe2d2ff99a434cd502696c1eb7b2f5daf8d11c5,58faa4377006afb855cb3db77ca0c48382389a321419731c946976e4e1513fd6,native preset; see archived full request
da-da03521749f0abff79edf27f,DA,grid-node,12500.0,7.0,,,,,,COMPLETE_NUMERICAL,completed,Passed the bank numerical checks,2026-10-08,cfe2d2ff99a434cd502696c1eb7b2f5daf8d11c5,58faa4377006afb855cb3db77ca0c48382389a321419731c946976e4e1513fd6,native preset; see archived full request
da-b7ca3480a17961c2f4a79247,DA,grid-node,13000.0,7.0,,,,,,COMPLETE_NUMERICAL,completed,Passed the bank numerical checks,2026-10-08,cfe2d2ff99a434cd502696c1eb7b2f5daf8d11c5,58faa4377006afb855cb3db77ca0c48382389a321419731c946976e4e1513fd6,native preset; see archived full request
da-e160e489a5053091e70c45ad,DA,grid-node,13500.0,7.0,,,,,,COMPLETE_NUMERICAL,completed,Passed the bank numerical checks,2026-10-08,cfe2d2ff99a434cd502696c1eb7b2f5daf8d11c5,58faa4377006afb855cb3db77ca0c48382389a321419731c946976e4e1513fd6,native preset; see archived full request
da-58e00ad2d1ad7e1ca0e16374,DA,grid-node,14000.0,7.0,,,,,,COMPLETE_NUMERICAL,completed,Passed the bank numerical checks,2026-10-08,cfe2d2ff99a434cd502696c1eb7b2f5daf8d11c5,58faa4377006afb855cb3db77ca0c48382389a321419731c946976e4e1513fd6,native preset; see archived full request
da-d8ce0c69cf984771723b5aff,DA,grid-node,14500.0,7.0,,,,,,COMPLETE_NUMERICAL,completed,Passed the bank numerical checks,2026-10-08,cfe2d2ff99a434cd502696c1eb7b2f5daf8d11c5,58faa4377006afb855cb3db77ca0c48382389a321419731c946976e4e1513fd6,native preset; see archived full request
da-5490b51bcd92a76c0013184e,DA,grid-node,15000.0,7.0,,,,,,COMPLETE_NUMERICAL,completed,Passed the bank numerical checks,2026-10-08,cfe2d2ff99a434cd502696c1eb7b2f5daf8d11c5,58faa4377006afb855cb3db77ca0c48382389a321419731c946976e4e1513fd6,native preset; see archived full request
da-81fefbc6d667ba6b03b1286a,DA,grid-node,15500.0,7.0,,,,,,COMPLETE_NUMERICAL,completed,Passed the bank numerical checks,2026-10-08,cfe2d2ff99a434cd502696c1eb7b2f5daf8d11c5,58faa4377006afb855cb3db77ca0c48382389a321419731c946976e4e1513fd6,native preset; see archived full request
da-942f24a663e0ef8b8b7ed7b2,DA,grid-node,16000.0,7.0,,,,,,COMPLETE_NUMERICAL,completed,Passed the bank numerical checks,2026-10-08,cfe2d2ff99a434cd502696c1eb7b2f5daf8d11c5,58faa4377006afb855cb3db77ca0c48382389a321419731c946976e4e1513fd6,native preset; see archived full request
da-f09aa4a57a36066c20dbf2c8,DA,grid-node,17000.0,7.0,,,,,,COMPLETE_NUMERICAL,completed,Passed the bank numerical checks,2026-10-08,cfe2d2ff99a434cd502696c1eb7b2f5daf8d11c5,58faa4377006afb855cb3db77ca0c48382389a321419731c946976e4e1513fd6,native preset; see archived full request
da-797d21fb68bc392b7ca63f9d,DA,grid-node,18000.0,7.0,,,,,,COMPLETE_NUMERICAL,completed,Passed the bank numerical checks,2026-10-08,cfe2d2ff99a434cd502696c1eb7b2f5daf8d11c5,58faa4377006afb855cb3db77ca0c48382389a321419731c946976e4e1513fd6,native preset; see archived full request
da-45166b91c103726f8c350843,DA,grid-node,19000.0,7.0,,,,,,COMPLETE_NUMERICAL,completed,Passed the bank numerical checks,2026-10-08,cfe2d2ff99a434cd502696c1eb7b2f5daf8d11c5,58faa4377006afb855cb3db77ca0c48382389a321419731c946976e4e1513fd6,native preset; see archived full request
da-d6894174b509be213bc634e3,DA,grid-node,21000.0,7.0,,,,,,COMPLETE_NUMERICAL,completed,Passed the bank numerical checks,2026-10-08,cfe2d2ff99a434cd502696c1eb7b2f5daf8d11c5,58faa4377006afb855cb3db77ca0c48382389a321419731c946976e4e1513fd6,native preset; see archived full request
da-12fb09e9adf8cfbdbc7a815d,DA,grid-node,23000.0,7.0,,,,,,COMPLETE_NUMERICAL,completed,Passed the bank numerical checks,2026-10-08,cfe2d2ff99a434cd502696c1eb7b2f5daf8d11c5,58faa4377006afb855cb3db77ca0c48382389a321419731c946976e4e1513fd6,native preset; see archived full request
da-efc7ee5fa16c69a7efd46db8,DA,grid-node,24000.0,7.0,,,,,,COMPLETE_NUMERICAL,completed,Passed the bank numerical checks,2026-10-08,cfe2d2ff99a434cd502696c1eb7b2f5daf8d11c5,58faa4377006afb855cb3db77ca0c48382389a321419731c946976e4e1513fd6,native preset; see archived full request
da-f7e883a09e3e5c660eea950c,DA,grid-node,25000.0,7.0,,,,,,COMPLETE_NUMERICAL,completed,Passed the bank numerical checks,2026-10-08,cfe2d2ff99a434cd502696c1eb7b2f5daf8d11c5,58faa4377006afb855cb3db77ca0c48382389a321419731c946976e4e1513fd6,native preset; see archived full request
da-b6fda546656febd83c75991c,DA,grid-node,26000.0,7.0,,,,,,COMPLETE_NUMERICAL,completed,Passed the bank numerical checks,2026-10-08,cfe2d2ff99a434cd502696c1eb7b2f5daf8d11c5,58faa4377006afb855cb3db77ca0c48382389a321419731c946976e4e1513fd6,native preset; see archived full request
da-aa09d255e57b6402493d142d,DA,grid-node,27000.0,7.0,,,,,,COMPLETE_NUMERICAL,completed,Passed the bank numerical checks,2026-10-08,cfe2d2ff99a434cd502696c1eb7b2f5daf8d11c5,58faa4377006afb855cb3db77ca0c48382389a321419731c946976e4e1513fd6,native preset; see archived full request
da-015ded40e145d692d5bc99e6,DA,grid-node,28000.0,7.0,,,,,,COMPLETE_NUMERICAL,completed,Passed the bank numerical checks,2026-10-08,cfe2d2ff99a434cd502696c1eb7b2f5daf8d11c5,58faa4377006afb855cb3db77ca0c48382389a321419731c946976e4e1513fd6,native preset; see archived full request
da-727b6c051547a6bfbf49d249,DA,grid-node,29000.0,7.0,,,,,,COMPLETE_NUMERICAL,completed,Passed the bank numerical checks,2026-10-08,cfe2d2ff99a434cd502696c1eb7b2f5daf8d11c5,58faa4377006afb855cb3db77ca0c48382389a321419731c946976e4e1513fd6,native preset; see archived full request
da-b9b59f208427ba29ee686efb,DA,grid-node,30000.0,7.0,,,,,,COMPLETE_NUMERICAL,completed,Passed the bank numerical checks,2026-10-08,cfe2d2ff99a434cd502696c1eb7b2f5daf8d11c5,58faa4377006afb855cb3db77ca0c48382389a321419731c946976e4e1513fd6,native preset; see archived full request
da-4af3e6a210aa21824511dc23,DA,grid-node,32000.0,7.0,,,,,,COMPLETE_NUMERICAL,completed,Passed the bank numerical checks,2026-10-08,cfe2d2ff99a434cd502696c1eb7b2f5daf8d11c5,58faa4377006afb855cb3db77ca0c48382389a321419731c946976e4e1513fd6,native preset; see archived full request
da-dae9f7e11880261b0b085199,DA,grid-node,34000.0,7.0,,,,,,COMPLETE_NUMERICAL,completed,Passed the bank numerical checks,2026-10-08,cfe2d2ff99a434cd502696c1eb7b2f5daf8d11c5,58faa4377006afb855cb3db77ca0c48382389a321419731c946976e4e1513fd6,native preset; see archived full request
da-38aa5ef6f91f820b0b0b9319,DA,grid-node,36000.0,7.0,,,,,,COMPLETE_NUMERICAL,completed,Passed the bank numerical checks,2026-10-08,cfe2d2ff99a434cd502696c1eb7b2f5daf8d11c5,58faa4377006afb855cb3db77ca0c48382389a321419731c946976e4e1513fd6,native preset; see archived full request
da-9eaa1124c6b47604e0bc6ca0,DA,grid-node,38000.0,7.0,,,,,,COMPLETE_NUMERICAL,completed,Passed the bank numerical checks,2026-10-08,cfe2d2ff99a434cd502696c1eb7b2f5daf8d11c5,58faa4377006afb855cb3db77ca0c48382389a321419731c946976e4e1513fd6,native preset; see archived full request
da-6037eeac2c608713715c9dfa,DA,grid-node,40000.0,7.0,,,,,,COMPLETE_NUMERICAL,completed,Passed the bank numerical checks,2026-10-08,cfe2d2ff99a434cd502696c1eb7b2f5daf8d11c5,58faa4377006afb855cb3db77ca0c48382389a321419731c946976e4e1513fd6,native preset; see archived full request
da-a9ae3a559241236cb3d5f122,DA,grid-node,45000.0,7.0,,,,,,COMPLETE_NUMERICAL,completed,Passed the bank numerical checks,2026-10-08,cfe2d2ff99a434cd502696c1eb7b2f5daf8d11c5,58faa4377006afb855cb3db77ca0c48382389a321419731c946976e4e1513fd6,native preset; see archived full request
da-a741f063c0f662267386ba34,DA,grid-node,50000.0,7.0,,,,,,COMPLETE_NUMERICAL,completed,Passed the bank numerical checks,2026-10-08,cfe2d2ff99a434cd502696c1eb7b2f5daf8d11c5,58faa4377006afb855cb3db77ca0c48382389a321419731c946976e4e1513fd6,native preset; see archived full request
da-1192e3cbca02811d63c11f0c,DA,grid-node,55000.0,7.0,,,,,,COMPLETE_NUMERICAL,completed,Passed the bank numerical checks,2026-10-08,cfe2d2ff99a434cd502696c1eb7b2f5daf8d11c5,58faa4377006afb855cb3db77ca0c48382389a321419731c946976e4e1513fd6,native preset; see archived full request
da-24b893b209f36f38ea3dbde8,DA,grid-node,3000.0,9.0,,,,,,COMPLETE_NUMERICAL,completed,Passed the bank numerical checks,2026-10-08,cfe2d2ff99a434cd502696c1eb7b2f5daf8d11c5,58faa4377006afb855cb3db77ca0c48382389a321419731c946976e4e1513fd6,native preset; see archived full request
da-88155a95a47483d6c8974288,DA,grid-node,4000.0,9.0,,,,,,COMPLETE_NUMERICAL,completed,Passed the bank numerical checks,2026-10-08,cfe2d2ff99a434cd502696c1eb7b2f5daf8d11c5,58faa4377006afb855cb3db77ca0c48382389a321419731c946976e4e1513fd6,native preset; see archived full request
da-cca311d7b71d0918b36f3aa3,DA,grid-node,5000.0,9.0,,,,,,NUMERICAL_NONCONVERGENCE,numerical_failure,Required equilibrium checks failed; raw reason retained,2026-10-08,cfe2d2ff99a434cd502696c1eb7b2f5daf8d11c5,58faa4377006afb855cb3db77ca0c48382389a321419731c946976e4e1513fd6,native preset; see archived full request
da-a60256349ddd1ddaaf7e36ad,DA,grid-node,8000.0,9.0,,,,,,COMPLETE_NUMERICAL,completed,Passed the bank numerical checks,2026-10-08,cfe2d2ff99a434cd502696c1eb7b2f5daf8d11c5,58faa4377006afb855cb3db77ca0c48382389a321419731c946976e4e1513fd6,native preset; see archived full request
da-bddbcbaa1312fb15cf806b4f,DA,grid-node,10000.0,9.0,,,,,,COMPLETE_NUMERICAL,completed,Passed the bank numerical checks,2026-10-08,cfe2d2ff99a434cd502696c1eb7b2f5daf8d11c5,58faa4377006afb855cb3db77ca0c48382389a321419731c946976e4e1513fd6,native preset; see archived full request
da-1eff28f944cf071f6be01cfb,DA,grid-node,12000.0,9.0,,,,,,COMPLETE_NUMERICAL,completed,Passed the bank numerical checks,2026-10-08,cfe2d2ff99a434cd502696c1eb7b2f5daf8d11c5,58faa4377006afb855cb3db77ca0c48382389a321419731c946976e4e1513fd6,native preset; see archived full request
da-7753a07c15d9530a5c9b875e,DA,grid-node,20000.0,9.0,,,,,,COMPLETE_NUMERICAL,completed,Passed the bank numerical checks,2026-10-08,cfe2d2ff99a434cd502696c1eb7b2f5daf8d11c5,58faa4377006afb855cb3db77ca0c48382389a321419731c946976e4e1513fd6,native preset; see archived full request
da-7c29632a042ac1d0ff8c5037,DA,grid-node,22000.0,9.0,,,,,,COMPLETE_NUMERICAL,completed,Passed the bank numerical checks,2026-10-08,cfe2d2ff99a434cd502696c1eb7b2f5daf8d11c5,58faa4377006afb855cb3db77ca0c48382389a321419731c946976e4e1513fd6,native preset; see archived full request
da-d33b6bef453f92f2932878f3,DA,grid-node,60000.0,9.0,,,,,,COMPLETE_NUMERICAL,completed,Passed the bank numerical checks,2026-10-08,cfe2d2ff99a434cd502696c1eb7b2f5daf8d11c5,58faa4377006afb855cb3db77ca0c48382389a321419731c946976e4e1513fd6,native preset; see archived full request
da-061b90261a93fee65dda8806,DA,grid-node,3250.0,9.0,,,,,,COMPLETE_NUMERICAL,completed,Passed the bank numerical checks,2026-10-08,cfe2d2ff99a434cd502696c1eb7b2f5daf8d11c5,58faa4377006afb855cb3db77ca0c48382389a321419731c946976e4e1513fd6,native preset; see archived full request
da-af833d0cc0bab10464cd3eb5,DA,grid-node,3500.0,9.0,,,,,,NUMERICAL_NONCONVERGENCE,numerical_failure,Required equilibrium checks failed; raw reason retained,2026-10-08,cfe2d2ff99a434cd502696c1eb7b2f5daf8d11c5,58faa4377006afb855cb3db77ca0c48382389a321419731c946976e4e1513fd6,native preset; see archived full request
da-ff8178468f0ed1f09942b743,DA,grid-node,3750.0,9.0,,,,,,COMPLETE_NUMERICAL,completed,Passed the bank numerical checks,2026-10-08,cfe2d2ff99a434cd502696c1eb7b2f5daf8d11c5,58faa4377006afb855cb3db77ca0c48382389a321419731c946976e4e1513fd6,native preset; see archived full request
da-e233876619d2b0c807c011d4,DA,grid-node,4250.0,9.0,,,,,,COMPLETE_NUMERICAL,completed,Passed the bank numerical checks,2026-10-08,cfe2d2ff99a434cd502696c1eb7b2f5daf8d11c5,58faa4377006afb855cb3db77ca0c48382389a321419731c946976e4e1513fd6,native preset; see archived full request
da-80e2c0a8e4c6094a33bc8768,DA,grid-node,4500.0,9.0,,,,,,COMPLETE_NUMERICAL,completed,Passed the bank numerical checks,2026-10-08,cfe2d2ff99a434cd502696c1eb7b2f5daf8d11c5,58faa4377006afb855cb3db77ca0c48382389a321419731c946976e4e1513fd6,native preset; see archived full request
da-606796ea1b8c4c153af3cf4b,DA,grid-node,4750.0,9.0,,,,,,NUMERICAL_NONCONVERGENCE,numerical_failure,Required equilibrium checks failed; raw reason retained,2026-10-08,cfe2d2ff99a434cd502696c1eb7b2f5daf8d11c5,58faa4377006afb855cb3db77ca0c48382389a321419731c946976e4e1513fd6,native preset; see archived full request
da-d88a27e8054ec794512aea68,DA,grid-node,5500.0,9.0,,,,,,COMPLETE_NUMERICAL,completed,Passed the bank numerical checks,2026-10-08,cfe2d2ff99a434cd502696c1eb7b2f5daf8d11c5,58faa4377006afb855cb3db77ca0c48382389a321419731c946976e4e1513fd6,native preset; see archived full request
da-eabc66885b092d0b81c439a0,DA,grid-node,6000.0,9.0,,,,,,COMPLETE_NUMERICAL,completed,Passed the bank numerical checks,2026-10-08,cfe2d2ff99a434cd502696c1eb7b2f5daf8d11c5,58faa4377006afb855cb3db77ca0c48382389a321419731c946976e4e1513fd6,native preset; see archived full request
da-c852ccf145dc941ad32234ad,DA,grid-node,6500.0,9.0,,,,,,COMPLETE_NUMERICAL,completed,Passed the bank numerical checks,2026-10-08,cfe2d2ff99a434cd502696c1eb7b2f5daf8d11c5,58faa4377006afb855cb3db77ca0c48382389a321419731c946976e4e1513fd6,native preset; see archived full request
da-cda5cfb23591ff93da3e0c6a,DA,grid-node,7000.0,9.0,,,,,,COMPLETE_NUMERICAL,completed,Passed the bank numerical checks,2026-10-08,cfe2d2ff99a434cd502696c1eb7b2f5daf8d11c5,58faa4377006afb855cb3db77ca0c48382389a321419731c946976e4e1513fd6,native preset; see archived full request
da-41713122d5421ee9f053d48f,DA,grid-node,7500.0,9.0,,,,,,COMPLETE_NUMERICAL,completed,Passed the bank numerical checks,2026-10-08,cfe2d2ff99a434cd502696c1eb7b2f5daf8d11c5,58faa4377006afb855cb3db77ca0c48382389a321419731c946976e4e1513fd6,native preset; see archived full request
da-4251ae5cccc95ab5297f4ad5,DA,grid-node,8500.0,9.0,,,,,,COMPLETE_NUMERICAL,completed,Passed the bank numerical checks,2026-10-08,cfe2d2ff99a434cd502696c1eb7b2f5daf8d11c5,58faa4377006afb855cb3db77ca0c48382389a321419731c946976e4e1513fd6,native preset; see archived full request
da-664ac677dc0a2cbcad81f841,DA,grid-node,9000.0,9.0,,,,,,COMPLETE_NUMERICAL,completed,Passed the bank numerical checks,2026-10-08,cfe2d2ff99a434cd502696c1eb7b2f5daf8d11c5,58faa4377006afb855cb3db77ca0c48382389a321419731c946976e4e1513fd6,native preset; see archived full request
da-715831987712869d2eef4fb8,DA,grid-node,9500.0,9.0,,,,,,COMPLETE_NUMERICAL,completed,Passed the bank numerical checks,2026-10-08,cfe2d2ff99a434cd502696c1eb7b2f5daf8d11c5,58faa4377006afb855cb3db77ca0c48382389a321419731c946976e4e1513fd6,native preset; see archived full request
da-f1db3a93eba968fa7c1734aa,DA,grid-node,10500.0,9.0,,,,,,COMPLETE_NUMERICAL,completed,Passed the bank numerical checks,2026-10-08,cfe2d2ff99a434cd502696c1eb7b2f5daf8d11c5,58faa4377006afb855cb3db77ca0c48382389a321419731c946976e4e1513fd6,native preset; see archived full request
da-a50b64171ee9434c0590e75f,DA,grid-node,11000.0,9.0,,,,,,COMPLETE_NUMERICAL,completed,Passed the bank numerical checks,2026-10-08,cfe2d2ff99a434cd502696c1eb7b2f5daf8d11c5,58faa4377006afb855cb3db77ca0c48382389a321419731c946976e4e1513fd6,native preset; see archived full request
da-61ce58eea0378b331edba116,DA,grid-node,11500.0,9.0,,,,,,COMPLETE_NUMERICAL,completed,Passed the bank numerical checks,2026-10-08,cfe2d2ff99a434cd502696c1eb7b2f5daf8d11c5,58faa4377006afb855cb3db77ca0c48382389a321419731c946976e4e1513fd6,native preset; see archived full request
da-29491dd2d69464b2800ccdbe,DA,grid-node,12500.0,9.0,,,,,,COMPLETE_NUMERICAL,completed,Passed the bank numerical checks,2026-10-08,cfe2d2ff99a434cd502696c1eb7b2f5daf8d11c5,58faa4377006afb855cb3db77ca0c48382389a321419731c946976e4e1513fd6,native preset; see archived full request
da-3b90802450a79b8024b8ddee,DA,grid-node,13000.0,9.0,,,,,,COMPLETE_NUMERICAL,completed,Passed the bank numerical checks,2026-10-08,cfe2d2ff99a434cd502696c1eb7b2f5daf8d11c5,58faa4377006afb855cb3db77ca0c48382389a321419731c946976e4e1513fd6,native preset; see archived full request
da-af86b0edcb90bcac3e7e92da,DA,grid-node,13500.0,9.0,,,,,,COMPLETE_NUMERICAL,completed,Passed the bank numerical checks,2026-10-08,cfe2d2ff99a434cd502696c1eb7b2f5daf8d11c5,58faa4377006afb855cb3db77ca0c48382389a321419731c946976e4e1513fd6,native preset; see archived full request
da-c468344cfbcdb319095c9a9b,DA,grid-node,14000.0,9.0,,,,,,COMPLETE_NUMERICAL,completed,Passed the bank numerical checks,2026-10-08,cfe2d2ff99a434cd502696c1eb7b2f5daf8d11c5,58faa4377006afb855cb3db77ca0c48382389a321419731c946976e4e1513fd6,native preset; see archived full request
da-89f7400fc486a9e67680b790,DA,grid-node,14500.0,9.0,,,,,,COMPLETE_NUMERICAL,completed,Passed the bank numerical checks,2026-10-08,cfe2d2ff99a434cd502696c1eb7b2f5daf8d11c5,58faa4377006afb855cb3db77ca0c48382389a321419731c946976e4e1513fd6,native preset; see archived full request
da-89aa67b51a46ca6a320ac34d,DA,grid-node,15000.0,9.0,,,,,,COMPLETE_NUMERICAL,completed,Passed the bank numerical checks,2026-10-08,cfe2d2ff99a434cd502696c1eb7b2f5daf8d11c5,58faa4377006afb855cb3db77ca0c48382389a321419731c946976e4e1513fd6,native preset; see archived full request
da-d3d2979f9b2b8b21d874fbff,DA,grid-node,15500.0,9.0,,,,,,COMPLETE_NUMERICAL,completed,Passed the bank numerical checks,2026-10-08,cfe2d2ff99a434cd502696c1eb7b2f5daf8d11c5,58faa4377006afb855cb3db77ca0c48382389a321419731c946976e4e1513fd6,native preset; see archived full request
da-a2e53baf446d677fd9350690,DA,grid-node,16000.0,9.0,,,,,,COMPLETE_NUMERICAL,completed,Passed the bank numerical checks,2026-10-08,cfe2d2ff99a434cd502696c1eb7b2f5daf8d11c5,58faa4377006afb855cb3db77ca0c48382389a321419731c946976e4e1513fd6,native preset; see archived full request
da-1bda15b7e2f10141db6a0d3e,DA,grid-node,17000.0,9.0,,,,,,COMPLETE_NUMERICAL,completed,Passed the bank numerical checks,2026-10-08,cfe2d2ff99a434cd502696c1eb7b2f5daf8d11c5,58faa4377006afb855cb3db77ca0c48382389a321419731c946976e4e1513fd6,native preset; see archived full request
da-6a910e1582ff3e07cdaab12e,DA,grid-node,18000.0,9.0,,,,,,COMPLETE_NUMERICAL,completed,Passed the bank numerical checks,2026-10-08,cfe2d2ff99a434cd502696c1eb7b2f5daf8d11c5,58faa4377006afb855cb3db77ca0c48382389a321419731c946976e4e1513fd6,native preset; see archived full request
da-d990a4ffc05ecc8a72e9f161,DA,grid-node,19000.0,9.0,,,,,,COMPLETE_NUMERICAL,completed,Passed the bank numerical checks,2026-10-08,cfe2d2ff99a434cd502696c1eb7b2f5daf8d11c5,58faa4377006afb855cb3db77ca0c48382389a321419731c946976e4e1513fd6,native preset; see archived full request
da-22e6beac541ffeaf52cafee5,DA,grid-node,21000.0,9.0,,,,,,COMPLETE_NUMERICAL,completed,Passed the bank numerical checks,2026-10-08,cfe2d2ff99a434cd502696c1eb7b2f5daf8d11c5,58faa4377006afb855cb3db77ca0c48382389a321419731c946976e4e1513fd6,native preset; see archived full request
da-58461e222d5870676f79b97a,DA,grid-node,23000.0,9.0,,,,,,COMPLETE_NUMERICAL,completed,Passed the bank numerical checks,2026-10-08,cfe2d2ff99a434cd502696c1eb7b2f5daf8d11c5,58faa4377006afb855cb3db77ca0c48382389a321419731c946976e4e1513fd6,native preset; see archived full request
da-7bb380dd0ee095bdfb46d538,DA,grid-node,24000.0,9.0,,,,,,COMPLETE_NUMERICAL,completed,Passed the bank numerical checks,2026-10-08,cfe2d2ff99a434cd502696c1eb7b2f5daf8d11c5,58faa4377006afb855cb3db77ca0c48382389a321419731c946976e4e1513fd6,native preset; see archived full request
da-7737402143ace94a22e54855,DA,grid-node,25000.0,9.0,,,,,,COMPLETE_NUMERICAL,completed,Passed the bank numerical checks,2026-10-08,cfe2d2ff99a434cd502696c1eb7b2f5daf8d11c5,58faa4377006afb855cb3db77ca0c48382389a321419731c946976e4e1513fd6,native preset; see archived full request
da-f6ac2cbdc9acfcf8fbe614b1,DA,grid-node,26000.0,9.0,,,,,,COMPLETE_NUMERICAL,completed,Passed the bank numerical checks,2026-10-08,cfe2d2ff99a434cd502696c1eb7b2f5daf8d11c5,58faa4377006afb855cb3db77ca0c48382389a321419731c946976e4e1513fd6,native preset; see archived full request
da-86b31d4b67d8637a7900a68c,DA,grid-node,27000.0,9.0,,,,,,COMPLETE_NUMERICAL,completed,Passed the bank numerical checks,2026-10-08,cfe2d2ff99a434cd502696c1eb7b2f5daf8d11c5,58faa4377006afb855cb3db77ca0c48382389a321419731c946976e4e1513fd6,native preset; see archived full request
da-6373be67598c273b96081769,DA,grid-node,28000.0,9.0,,,,,,COMPLETE_NUMERICAL,completed,Passed the bank numerical checks,2026-10-08,cfe2d2ff99a434cd502696c1eb7b2f5daf8d11c5,58faa4377006afb855cb3db77ca0c48382389a321419731c946976e4e1513fd6,native preset; see archived full request
da-9f31cca4530904dd5c253521,DA,grid-node,29000.0,9.0,,,,,,COMPLETE_NUMERICAL,completed,Passed the bank numerical checks,2026-10-08,cfe2d2ff99a434cd502696c1eb7b2f5daf8d11c5,58faa4377006afb855cb3db77ca0c48382389a321419731c946976e4e1513fd6,native preset; see archived full request
da-62a717d7e0ad252eedfe7580,DA,grid-node,30000.0,9.0,,,,,,COMPLETE_NUMERICAL,completed,Passed the bank numerical checks,2026-10-08,cfe2d2ff99a434cd502696c1eb7b2f5daf8d11c5,58faa4377006afb855cb3db77ca0c48382389a321419731c946976e4e1513fd6,native preset; see archived full request
da-e45f9c94841358c868eccac0,DA,grid-node,32000.0,9.0,,,,,,COMPLETE_NUMERICAL,completed,Passed the bank numerical checks,2026-10-08,cfe2d2ff99a434cd502696c1eb7b2f5daf8d11c5,58faa4377006afb855cb3db77ca0c48382389a321419731c946976e4e1513fd6,native preset; see archived full request
da-3d9823097fe46d02ee7ee850,DA,grid-node,34000.0,9.0,,,,,,COMPLETE_NUMERICAL,completed,Passed the bank numerical checks,2026-10-08,cfe2d2ff99a434cd502696c1eb7b2f5daf8d11c5,58faa4377006afb855cb3db77ca0c48382389a321419731c946976e4e1513fd6,native preset; see archived full request
da-4d7c84403761c1ccbca6be69,DA,grid-node,36000.0,9.0,,,,,,COMPLETE_NUMERICAL,completed,Passed the bank numerical checks,2026-10-08,cfe2d2ff99a434cd502696c1eb7b2f5daf8d11c5,58faa4377006afb855cb3db77ca0c48382389a321419731c946976e4e1513fd6,native preset; see archived full request
da-ea3f5a0b297c586786fa5534,DA,grid-node,38000.0,9.0,,,,,,COMPLETE_NUMERICAL,completed,Passed the bank numerical checks,2026-10-08,cfe2d2ff99a434cd502696c1eb7b2f5daf8d11c5,58faa4377006afb855cb3db77ca0c48382389a321419731c946976e4e1513fd6,native preset; see archived full request
da-6c8f28e6a75e9f13e06e62c9,DA,grid-node,40000.0,9.0,,,,,,COMPLETE_NUMERICAL,completed,Passed the bank numerical checks,2026-10-08,cfe2d2ff99a434cd502696c1eb7b2f5daf8d11c5,58faa4377006afb855cb3db77ca0c48382389a321419731c946976e4e1513fd6,native preset; see archived full request
da-bf9ed91eaa29179d071e7abc,DA,grid-node,45000.0,9.0,,,,,,COMPLETE_NUMERICAL,completed,Passed the bank numerical checks,2026-10-08,cfe2d2ff99a434cd502696c1eb7b2f5daf8d11c5,58faa4377006afb855cb3db77ca0c48382389a321419731c946976e4e1513fd6,native preset; see archived full request
da-7ee59c7000b78506db8471a1,DA,grid-node,50000.0,9.0,,,,,,COMPLETE_NUMERICAL,completed,Passed the bank numerical checks,2026-10-08,cfe2d2ff99a434cd502696c1eb7b2f5daf8d11c5,58faa4377006afb855cb3db77ca0c48382389a321419731c946976e4e1513fd6,native preset; see archived full request
da-aba480276e8d46acb7567572,DA,grid-node,55000.0,9.0,,,,,,COMPLETE_NUMERICAL,completed,Passed the bank numerical checks,2026-10-08,cfe2d2ff99a434cd502696c1eb7b2f5daf8d11c5,58faa4377006afb855cb3db77ca0c48382389a321419731c946976e4e1513fd6,native preset; see archived full request
da-75a8fa891217ce556e621339,DA,grid-node,3000.0,6.75,,,,,,COMPLETE_NUMERICAL,completed,Passed the bank numerical checks,2026-10-08,cfe2d2ff99a434cd502696c1eb7b2f5daf8d11c5,58faa4377006afb855cb3db77ca0c48382389a321419731c946976e4e1513fd6,native preset; see archived full request
da-5e29c256596d7e6825318009,DA,grid-node,4000.0,6.75,,,,,,COMPLETE_NUMERICAL,completed,Passed the bank numerical checks,2026-10-08,cfe2d2ff99a434cd502696c1eb7b2f5daf8d11c5,58faa4377006afb855cb3db77ca0c48382389a321419731c946976e4e1513fd6,native preset; see archived full request
da-433ba24e4a1e8b19f092b054,DA,grid-node,5000.0,6.75,,,,,,NUMERICAL_NONCONVERGENCE,numerical_failure,Required equilibrium checks failed; raw reason retained,2026-10-08,cfe2d2ff99a434cd502696c1eb7b2f5daf8d11c5,58faa4377006afb855cb3db77ca0c48382389a321419731c946976e4e1513fd6,native preset; see archived full request
da-3d95b9612196b20437fb245d,DA,grid-node,8000.0,6.75,,,,,,COMPLETE_NUMERICAL,completed,Passed the bank numerical checks,2026-10-08,cfe2d2ff99a434cd502696c1eb7b2f5daf8d11c5,58faa4377006afb855cb3db77ca0c48382389a321419731c946976e4e1513fd6,native preset; see archived full request
da-f7d0c9ddd7cf409be375ce31,DA,grid-node,10000.0,6.75,,,,,,COMPLETE_NUMERICAL,completed,Passed the bank numerical checks,2026-10-08,cfe2d2ff99a434cd502696c1eb7b2f5daf8d11c5,58faa4377006afb855cb3db77ca0c48382389a321419731c946976e4e1513fd6,native preset; see archived full request
da-26973806b47d4fc9e812d0a9,DA,grid-node,12000.0,6.75,,,,,,COMPLETE_NUMERICAL,completed,Passed the bank numerical checks,2026-10-08,cfe2d2ff99a434cd502696c1eb7b2f5daf8d11c5,58faa4377006afb855cb3db77ca0c48382389a321419731c946976e4e1513fd6,native preset; see archived full request
da-1f3680e3843fba9030327637,DA,grid-node,20000.0,6.75,,,,,,COMPLETE_NUMERICAL,completed,Passed the bank numerical checks,2026-10-08,cfe2d2ff99a434cd502696c1eb7b2f5daf8d11c5,58faa4377006afb855cb3db77ca0c48382389a321419731c946976e4e1513fd6,native preset; see archived full request
da-0598dabf491d3741dc50a70a,DA,grid-node,22000.0,6.75,,,,,,COMPLETE_NUMERICAL,completed,Passed the bank numerical checks,2026-10-08,cfe2d2ff99a434cd502696c1eb7b2f5daf8d11c5,58faa4377006afb855cb3db77ca0c48382389a321419731c946976e4e1513fd6,native preset; see archived full request
da-449c7216875b718d323dcab8,DA,grid-node,60000.0,6.75,,,,,,COMPLETE_NUMERICAL,completed,Passed the bank numerical checks,2026-10-08,cfe2d2ff99a434cd502696c1eb7b2f5daf8d11c5,58faa4377006afb855cb3db77ca0c48382389a321419731c946976e4e1513fd6,native preset; see archived full request
da-fca997728f189368c5258395,DA,grid-node,3250.0,6.75,,,,,,COMPLETE_NUMERICAL,completed,Passed the bank numerical checks,2026-10-08,cfe2d2ff99a434cd502696c1eb7b2f5daf8d11c5,58faa4377006afb855cb3db77ca0c48382389a321419731c946976e4e1513fd6,native preset; see archived full request
da-7dee3bcd8b0436d35b7622e5,DA,grid-node,3500.0,6.75,,,,,,COMPLETE_NUMERICAL,completed,Passed the bank numerical checks,2026-10-08,cfe2d2ff99a434cd502696c1eb7b2f5daf8d11c5,58faa4377006afb855cb3db77ca0c48382389a321419731c946976e4e1513fd6,native preset; see archived full request
da-d798ae8d1b0ac3b74cfa42e9,DA,grid-node,3750.0,6.75,,,,,,COMPLETE_NUMERICAL,completed,Passed the bank numerical checks,2026-10-08,cfe2d2ff99a434cd502696c1eb7b2f5daf8d11c5,58faa4377006afb855cb3db77ca0c48382389a321419731c946976e4e1513fd6,native preset; see archived full request
da-34dd5f0ba460e77320b0448c,DA,grid-node,4250.0,6.75,,,,,,NUMERICAL_NONCONVERGENCE,numerical_failure,Required equilibrium checks failed; raw reason retained,2026-10-08,cfe2d2ff99a434cd502696c1eb7b2f5daf8d11c5,58faa4377006afb855cb3db77ca0c48382389a321419731c946976e4e1513fd6,native preset; see archived full request
da-85d0341708c788fd6ae2d1ec,DA,grid-node,4500.0,6.75,,,,,,NUMERICAL_NONCONVERGENCE,numerical_failure,Required equilibrium checks failed; raw reason retained,2026-10-08,cfe2d2ff99a434cd502696c1eb7b2f5daf8d11c5,58faa4377006afb855cb3db77ca0c48382389a321419731c946976e4e1513fd6,native preset; see archived full request
da-cf8e33cff5d5fd7a913e6be4,DA,grid-node,4750.0,6.75,,,,,,NUMERICAL_NONCONVERGENCE,numerical_failure,Required equilibrium checks failed; raw reason retained,2026-10-08,cfe2d2ff99a434cd502696c1eb7b2f5daf8d11c5,58faa4377006afb855cb3db77ca0c48382389a321419731c946976e4e1513fd6,native preset; see archived full request
da-f6ebde7cf11b67d29ae9d168,DA,grid-node,5500.0,6.75,,,,,,COMPLETE_NUMERICAL,completed,Passed the bank numerical checks,2026-10-08,cfe2d2ff99a434cd502696c1eb7b2f5daf8d11c5,58faa4377006afb855cb3db77ca0c48382389a321419731c946976e4e1513fd6,native preset; see archived full request
da-9d5cc7bb83a92ce047adfdab,DA,grid-node,6000.0,6.75,,,,,,COMPLETE_NUMERICAL,completed,Passed the bank numerical checks,2026-10-08,cfe2d2ff99a434cd502696c1eb7b2f5daf8d11c5,58faa4377006afb855cb3db77ca0c48382389a321419731c946976e4e1513fd6,native preset; see archived full request
da-35e747cdf9c29d88930f5777,DA,grid-node,6500.0,6.75,,,,,,COMPLETE_NUMERICAL,completed,Passed the bank numerical checks,2026-10-08,cfe2d2ff99a434cd502696c1eb7b2f5daf8d11c5,58faa4377006afb855cb3db77ca0c48382389a321419731c946976e4e1513fd6,native preset; see archived full request
da-c3133cd4a27470e5b08f7028,DA,grid-node,7000.0,6.75,,,,,,COMPLETE_NUMERICAL,completed,Passed the bank numerical checks,2026-10-08,cfe2d2ff99a434cd502696c1eb7b2f5daf8d11c5,58faa4377006afb855cb3db77ca0c48382389a321419731c946976e4e1513fd6,native preset; see archived full request
da-422d7357ae220cc02e0bf695,DA,grid-node,7500.0,6.75,,,,,,COMPLETE_NUMERICAL,completed,Passed the bank numerical checks,2026-10-08,cfe2d2ff99a434cd502696c1eb7b2f5daf8d11c5,58faa4377006afb855cb3db77ca0c48382389a321419731c946976e4e1513fd6,native preset; see archived full request
da-ba2bd911c76bda6f872fb5f0,DA,grid-node,8500.0,6.75,,,,,,COMPLETE_NUMERICAL,completed,Passed the bank numerical checks,2026-10-08,cfe2d2ff99a434cd502696c1eb7b2f5daf8d11c5,58faa4377006afb855cb3db77ca0c48382389a321419731c946976e4e1513fd6,native preset; see archived full request
da-8621726a3a555e59b1d130e3,DA,grid-node,9000.0,6.75,,,,,,COMPLETE_NUMERICAL,completed,Passed the bank numerical checks,2026-10-08,cfe2d2ff99a434cd502696c1eb7b2f5daf8d11c5,58faa4377006afb855cb3db77ca0c48382389a321419731c946976e4e1513fd6,native preset; see archived full request
da-3e1293a4671a0cbb9f958ab5,DA,grid-node,9500.0,6.75,,,,,,COMPLETE_NUMERICAL,completed,Passed the bank numerical checks,2026-10-08,cfe2d2ff99a434cd502696c1eb7b2f5daf8d11c5,58faa4377006afb855cb3db77ca0c48382389a321419731c946976e4e1513fd6,native preset; see archived full request
da-5a63781287023475fa5abe86,DA,grid-node,10500.0,6.75,,,,,,COMPLETE_NUMERICAL,completed,Passed the bank numerical checks,2026-10-08,cfe2d2ff99a434cd502696c1eb7b2f5daf8d11c5,58faa4377006afb855cb3db77ca0c48382389a321419731c946976e4e1513fd6,native preset; see archived full request
da-5c8f1d371ee610aca2a274eb,DA,grid-node,11000.0,6.75,,,,,,COMPLETE_NUMERICAL,completed,Passed the bank numerical checks,2026-10-08,cfe2d2ff99a434cd502696c1eb7b2f5daf8d11c5,58faa4377006afb855cb3db77ca0c48382389a321419731c946976e4e1513fd6,native preset; see archived full request
da-f9bc27ef62ce52b9d1a00679,DA,grid-node,11500.0,6.75,,,,,,COMPLETE_NUMERICAL,completed,Passed the bank numerical checks,2026-10-08,cfe2d2ff99a434cd502696c1eb7b2f5daf8d11c5,58faa4377006afb855cb3db77ca0c48382389a321419731c946976e4e1513fd6,native preset; see archived full request
da-cc8e9b57aa34a117b213f62f,DA,grid-node,12500.0,6.75,,,,,,COMPLETE_NUMERICAL,completed,Passed the bank numerical checks,2026-10-08,cfe2d2ff99a434cd502696c1eb7b2f5daf8d11c5,58faa4377006afb855cb3db77ca0c48382389a321419731c946976e4e1513fd6,native preset; see archived full request
da-48fa1a5378ead51d48e53e29,DA,grid-node,13000.0,6.75,,,,,,COMPLETE_NUMERICAL,completed,Passed the bank numerical checks,2026-10-08,cfe2d2ff99a434cd502696c1eb7b2f5daf8d11c5,58faa4377006afb855cb3db77ca0c48382389a321419731c946976e4e1513fd6,native preset; see archived full request
da-1a5ab53b2f9fbe1e329a72ef,DA,grid-node,13500.0,6.75,,,,,,COMPLETE_NUMERICAL,completed,Passed the bank numerical checks,2026-10-08,cfe2d2ff99a434cd502696c1eb7b2f5daf8d11c5,58faa4377006afb855cb3db77ca0c48382389a321419731c946976e4e1513fd6,native preset; see archived full request
da-0e4cbe6b19fc9e72fd6aeaa7,DA,grid-node,14000.0,6.75,,,,,,COMPLETE_NUMERICAL,completed,Passed the bank numerical checks,2026-10-08,cfe2d2ff99a434cd502696c1eb7b2f5daf8d11c5,58faa4377006afb855cb3db77ca0c48382389a321419731c946976e4e1513fd6,native preset; see archived full request
da-3ce26d70bc6d24b49db24823,DA,grid-node,14500.0,6.75,,,,,,COMPLETE_NUMERICAL,completed,Passed the bank numerical checks,2026-10-08,cfe2d2ff99a434cd502696c1eb7b2f5daf8d11c5,58faa4377006afb855cb3db77ca0c48382389a321419731c946976e4e1513fd6,native preset; see archived full request
da-14726b09e68b8d5e2c19a202,DA,grid-node,15000.0,6.75,,,,,,COMPLETE_NUMERICAL,completed,Passed the bank numerical checks,2026-10-08,cfe2d2ff99a434cd502696c1eb7b2f5daf8d11c5,58faa4377006afb855cb3db77ca0c48382389a321419731c946976e4e1513fd6,native preset; see archived full request
da-a74d9de0e3acca3230021d40,DA,grid-node,15500.0,6.75,,,,,,COMPLETE_NUMERICAL,completed,Passed the bank numerical checks,2026-10-08,cfe2d2ff99a434cd502696c1eb7b2f5daf8d11c5,58faa4377006afb855cb3db77ca0c48382389a321419731c946976e4e1513fd6,native preset; see archived full request
da-8f61292491054aeae2e2cbfa,DA,grid-node,16000.0,6.75,,,,,,COMPLETE_NUMERICAL,completed,Passed the bank numerical checks,2026-10-08,cfe2d2ff99a434cd502696c1eb7b2f5daf8d11c5,58faa4377006afb855cb3db77ca0c48382389a321419731c946976e4e1513fd6,native preset; see archived full request
da-4dd11fc8be02cc4c0b728e35,DA,grid-node,17000.0,6.75,,,,,,COMPLETE_NUMERICAL,completed,Passed the bank numerical checks,2026-10-08,cfe2d2ff99a434cd502696c1eb7b2f5daf8d11c5,58faa4377006afb855cb3db77ca0c48382389a321419731c946976e4e1513fd6,native preset; see archived full request
da-dcce7e778ccfafde4bba618d,DA,grid-node,18000.0,6.75,,,,,,COMPLETE_NUMERICAL,completed,Passed the bank numerical checks,2026-10-08,cfe2d2ff99a434cd502696c1eb7b2f5daf8d11c5,58faa4377006afb855cb3db77ca0c48382389a321419731c946976e4e1513fd6,native preset; see archived full request
da-cfa3b0e634f577dddd48519a,DA,grid-node,19000.0,6.75,,,,,,COMPLETE_NUMERICAL,completed,Passed the bank numerical checks,2026-10-08,cfe2d2ff99a434cd502696c1eb7b2f5daf8d11c5,58faa4377006afb855cb3db77ca0c48382389a321419731c946976e4e1513fd6,native preset; see archived full request
da-7d75fe3596341e902f9c7ffb,DA,grid-node,21000.0,6.75,,,,,,COMPLETE_NUMERICAL,completed,Passed the bank numerical checks,2026-10-08,cfe2d2ff99a434cd502696c1eb7b2f5daf8d11c5,58faa4377006afb855cb3db77ca0c48382389a321419731c946976e4e1513fd6,native preset; see archived full request
da-439be2291f4effb3d2ca5592,DA,grid-node,23000.0,6.75,,,,,,COMPLETE_NUMERICAL,completed,Passed the bank numerical checks,2026-10-08,cfe2d2ff99a434cd502696c1eb7b2f5daf8d11c5,58faa4377006afb855cb3db77ca0c48382389a321419731c946976e4e1513fd6,native preset; see archived full request
da-a76ae9f64feddef465491771,DA,grid-node,24000.0,6.75,,,,,,COMPLETE_NUMERICAL,completed,Passed the bank numerical checks,2026-10-08,cfe2d2ff99a434cd502696c1eb7b2f5daf8d11c5,58faa4377006afb855cb3db77ca0c48382389a321419731c946976e4e1513fd6,native preset; see archived full request
da-2db4753497ce89069cd0f86e,DA,grid-node,25000.0,6.75,,,,,,COMPLETE_NUMERICAL,completed,Passed the bank numerical checks,2026-10-08,cfe2d2ff99a434cd502696c1eb7b2f5daf8d11c5,58faa4377006afb855cb3db77ca0c48382389a321419731c946976e4e1513fd6,native preset; see archived full request
da-b950ca67aafec9723b4988f2,DA,grid-node,26000.0,6.75,,,,,,COMPLETE_NUMERICAL,completed,Passed the bank numerical checks,2026-10-08,cfe2d2ff99a434cd502696c1eb7b2f5daf8d11c5,58faa4377006afb855cb3db77ca0c48382389a321419731c946976e4e1513fd6,native preset; see archived full request
da-f9d0f79599142b6ec4a3b0b9,DA,grid-node,27000.0,6.75,,,,,,COMPLETE_NUMERICAL,completed,Passed the bank numerical checks,2026-10-08,cfe2d2ff99a434cd502696c1eb7b2f5daf8d11c5,58faa4377006afb855cb3db77ca0c48382389a321419731c946976e4e1513fd6,native preset; see archived full request
da-137dc7ea5068157027b410f7,DA,grid-node,28000.0,6.75,,,,,,COMPLETE_NUMERICAL,completed,Passed the bank numerical checks,2026-10-08,cfe2d2ff99a434cd502696c1eb7b2f5daf8d11c5,58faa4377006afb855cb3db77ca0c48382389a321419731c946976e4e1513fd6,native preset; see archived full request
da-60f5a2d820868b89e4ed6495,DA,grid-node,29000.0,6.75,,,,,,COMPLETE_NUMERICAL,completed,Passed the bank numerical checks,2026-10-08,cfe2d2ff99a434cd502696c1eb7b2f5daf8d11c5,58faa4377006afb855cb3db77ca0c48382389a321419731c946976e4e1513fd6,native preset; see archived full request
da-6a99ca3c2e38789808ce9643,DA,grid-node,30000.0,6.75,,,,,,COMPLETE_NUMERICAL,completed,Passed the bank numerical checks,2026-10-08,cfe2d2ff99a434cd502696c1eb7b2f5daf8d11c5,58faa4377006afb855cb3db77ca0c48382389a321419731c946976e4e1513fd6,native preset; see archived full request
da-c21dbef6a47fe6d2707c092a,DA,grid-node,32000.0,6.75,,,,,,COMPLETE_NUMERICAL,completed,Passed the bank numerical checks,2026-10-08,cfe2d2ff99a434cd502696c1eb7b2f5daf8d11c5,58faa4377006afb855cb3db77ca0c48382389a321419731c946976e4e1513fd6,native preset; see archived full request
da-499cb8c5fd2579a792c15dfb,DA,grid-node,34000.0,6.75,,,,,,COMPLETE_NUMERICAL,completed,Passed the bank numerical checks,2026-10-08,cfe2d2ff99a434cd502696c1eb7b2f5daf8d11c5,58faa4377006afb855cb3db77ca0c48382389a321419731c946976e4e1513fd6,native preset; see archived full request
da-0442e34582a176e442ed0d46,DA,grid-node,36000.0,6.75,,,,,,COMPLETE_NUMERICAL,completed,Passed the bank numerical checks,2026-10-08,cfe2d2ff99a434cd502696c1eb7b2f5daf8d11c5,58faa4377006afb855cb3db77ca0c48382389a321419731c946976e4e1513fd6,native preset; see archived full request
da-32356bef2a9fd3aeaa10a88b,DA,grid-node,38000.0,6.75,,,,,,COMPLETE_NUMERICAL,completed,Passed the bank numerical checks,2026-10-08,cfe2d2ff99a434cd502696c1eb7b2f5daf8d11c5,58faa4377006afb855cb3db77ca0c48382389a321419731c946976e4e1513fd6,native preset; see archived full request
da-b41622345f2fdb4aaec34b72,DA,grid-node,40000.0,6.75,,,,,,COMPLETE_NUMERICAL,completed,Passed the bank numerical checks,2026-10-08,cfe2d2ff99a434cd502696c1eb7b2f5daf8d11c5,58faa4377006afb855cb3db77ca0c48382389a321419731c946976e4e1513fd6,native preset; see archived full request
da-cb4e7478fc52f472fa311f4c,DA,grid-node,45000.0,6.75,,,,,,COMPLETE_NUMERICAL,completed,Passed the bank numerical checks,2026-10-08,cfe2d2ff99a434cd502696c1eb7b2f5daf8d11c5,58faa4377006afb855cb3db77ca0c48382389a321419731c946976e4e1513fd6,native preset; see archived full request
da-938b1e4cd58f22c31d63a92f,DA,grid-node,50000.0,6.75,,,,,,COMPLETE_NUMERICAL,completed,Passed the bank numerical checks,2026-10-08,cfe2d2ff99a434cd502696c1eb7b2f5daf8d11c5,58faa4377006afb855cb3db77ca0c48382389a321419731c946976e4e1513fd6,native preset; see archived full request
da-e43b93c4468bf0683c5beeba,DA,grid-node,55000.0,6.75,,,,,,COMPLETE_NUMERICAL,completed,Passed the bank numerical checks,2026-10-08,cfe2d2ff99a434cd502696c1eb7b2f5daf8d11c5,58faa4377006afb855cb3db77ca0c48382389a321419731c946976e4e1513fd6,native preset; see archived full request
da-4ab5376fdf8e4b45e0dfdf97,DA,grid-node,3000.0,9.25,,,,,,COMPLETE_NUMERICAL,completed,Passed the bank numerical checks,2026-10-08,cfe2d2ff99a434cd502696c1eb7b2f5daf8d11c5,58faa4377006afb855cb3db77ca0c48382389a321419731c946976e4e1513fd6,native preset; see archived full request
da-83f073e8f8a172f9fe795921,DA,grid-node,4000.0,9.25,,,,,,COMPLETE_NUMERICAL,completed,Passed the bank numerical checks,2026-10-08,cfe2d2ff99a434cd502696c1eb7b2f5daf8d11c5,58faa4377006afb855cb3db77ca0c48382389a321419731c946976e4e1513fd6,native preset; see archived full request
da-a745b96eceba9378fc3bea07,DA,grid-node,5000.0,9.25,,,,,,COMPLETE_NUMERICAL,completed,Passed the bank numerical checks,2026-10-08,cfe2d2ff99a434cd502696c1eb7b2f5daf8d11c5,58faa4377006afb855cb3db77ca0c48382389a321419731c946976e4e1513fd6,native preset; see archived full request
da-0bf719ba6e1f586227fa6f1c,DA,grid-node,8000.0,9.25,,,,,,COMPLETE_NUMERICAL,completed,Passed the bank numerical checks,2026-10-08,cfe2d2ff99a434cd502696c1eb7b2f5daf8d11c5,58faa4377006afb855cb3db77ca0c48382389a321419731c946976e4e1513fd6,native preset; see archived full request
da-b7a615baa9f98886121113a6,DA,grid-node,10000.0,9.25,,,,,,COMPLETE_NUMERICAL,completed,Passed the bank numerical checks,2026-10-08,cfe2d2ff99a434cd502696c1eb7b2f5daf8d11c5,58faa4377006afb855cb3db77ca0c48382389a321419731c946976e4e1513fd6,native preset; see archived full request
da-87f80099fa9cd214de6db2d7,DA,grid-node,12000.0,9.25,,,,,,COMPLETE_NUMERICAL,completed,Passed the bank numerical checks,2026-10-08,cfe2d2ff99a434cd502696c1eb7b2f5daf8d11c5,58faa4377006afb855cb3db77ca0c48382389a321419731c946976e4e1513fd6,native preset; see archived full request
da-1cf47b55e72352517cc71698,DA,grid-node,20000.0,9.25,,,,,,COMPLETE_NUMERICAL,completed,Passed the bank numerical checks,2026-10-08,cfe2d2ff99a434cd502696c1eb7b2f5daf8d11c5,58faa4377006afb855cb3db77ca0c48382389a321419731c946976e4e1513fd6,native preset; see archived full request
da-154714c8d08269c4df789322,DA,grid-node,22000.0,9.25,,,,,,COMPLETE_NUMERICAL,completed,Passed the bank numerical checks,2026-10-08,cfe2d2ff99a434cd502696c1eb7b2f5daf8d11c5,58faa4377006afb855cb3db77ca0c48382389a321419731c946976e4e1513fd6,native preset; see archived full request
da-0115f1354121be44ea1a95d7,DA,grid-node,60000.0,9.25,,,,,,COMPLETE_NUMERICAL,completed,Passed the bank numerical checks,2026-10-08,cfe2d2ff99a434cd502696c1eb7b2f5daf8d11c5,58faa4377006afb855cb3db77ca0c48382389a321419731c946976e4e1513fd6,native preset; see archived full request
da-a47f90374ae220d25531dfc5,DA,grid-node,3250.0,9.25,,,,,,COMPLETE_NUMERICAL,completed,Passed the bank numerical checks,2026-10-08,cfe2d2ff99a434cd502696c1eb7b2f5daf8d11c5,58faa4377006afb855cb3db77ca0c48382389a321419731c946976e4e1513fd6,native preset; see archived full request
da-aee96e14528799a675e94882,DA,grid-node,3500.0,9.25,,,,,,COMPLETE_NUMERICAL,completed,Passed the bank numerical checks,2026-10-08,cfe2d2ff99a434cd502696c1eb7b2f5daf8d11c5,58faa4377006afb855cb3db77ca0c48382389a321419731c946976e4e1513fd6,native preset; see archived full request
da-ac2a061be39975fde1c88f32,DA,grid-node,3750.0,9.25,,,,,,COMPLETE_NUMERICAL,completed,Passed the bank numerical checks,2026-10-08,cfe2d2ff99a434cd502696c1eb7b2f5daf8d11c5,58faa4377006afb855cb3db77ca0c48382389a321419731c946976e4e1513fd6,native preset; see archived full request
da-bbefc0d526b2d75120f5bf5f,DA,grid-node,4250.0,9.25,,,,,,COMPLETE_NUMERICAL,completed,Passed the bank numerical checks,2026-10-08,cfe2d2ff99a434cd502696c1eb7b2f5daf8d11c5,58faa4377006afb855cb3db77ca0c48382389a321419731c946976e4e1513fd6,native preset; see archived full request
da-f23fcd7e17b9f551828e9a44,DA,grid-node,4500.0,9.25,,,,,,COMPLETE_NUMERICAL,completed,Passed the bank numerical checks,2026-10-08,cfe2d2ff99a434cd502696c1eb7b2f5daf8d11c5,58faa4377006afb855cb3db77ca0c48382389a321419731c946976e4e1513fd6,native preset; see archived full request
da-086838af855b1a86800c218e,DA,grid-node,4750.0,9.25,,,,,,NUMERICAL_NONCONVERGENCE,numerical_failure,Required equilibrium checks failed; raw reason retained,2026-10-08,cfe2d2ff99a434cd502696c1eb7b2f5daf8d11c5,58faa4377006afb855cb3db77ca0c48382389a321419731c946976e4e1513fd6,native preset; see archived full request
da-179abc0fccaef870af39b5ed,DA,grid-node,5500.0,9.25,,,,,,COMPLETE_NUMERICAL,completed,Passed the bank numerical checks,2026-10-08,cfe2d2ff99a434cd502696c1eb7b2f5daf8d11c5,58faa4377006afb855cb3db77ca0c48382389a321419731c946976e4e1513fd6,native preset; see archived full request
da-49ef73da8e285507750fc1a9,DA,grid-node,6000.0,9.25,,,,,,COMPLETE_NUMERICAL,completed,Passed the bank numerical checks,2026-10-08,cfe2d2ff99a434cd502696c1eb7b2f5daf8d11c5,58faa4377006afb855cb3db77ca0c48382389a321419731c946976e4e1513fd6,native preset; see archived full request
da-64c0df73c12865c3bff88e8c,DA,grid-node,6500.0,9.25,,,,,,COMPLETE_NUMERICAL,completed,Passed the bank numerical checks,2026-10-08,cfe2d2ff99a434cd502696c1eb7b2f5daf8d11c5,58faa4377006afb855cb3db77ca0c48382389a321419731c946976e4e1513fd6,native preset; see archived full request
da-5bb5d3d22a969824365ef8b3,DA,grid-node,7000.0,9.25,,,,,,COMPLETE_NUMERICAL,completed,Passed the bank numerical checks,2026-10-08,cfe2d2ff99a434cd502696c1eb7b2f5daf8d11c5,58faa4377006afb855cb3db77ca0c48382389a321419731c946976e4e1513fd6,native preset; see archived full request
da-40c0df262e01a0fe272751c5,DA,grid-node,7500.0,9.25,,,,,,COMPLETE_NUMERICAL,completed,Passed the bank numerical checks,2026-10-08,cfe2d2ff99a434cd502696c1eb7b2f5daf8d11c5,58faa4377006afb855cb3db77ca0c48382389a321419731c946976e4e1513fd6,native preset; see archived full request
da-da720ffac787f287771cb16b,DA,grid-node,8500.0,9.25,,,,,,COMPLETE_NUMERICAL,completed,Passed the bank numerical checks,2026-10-08,cfe2d2ff99a434cd502696c1eb7b2f5daf8d11c5,58faa4377006afb855cb3db77ca0c48382389a321419731c946976e4e1513fd6,native preset; see archived full request
da-79c381b3f9de79e5251ccba9,DA,grid-node,9000.0,9.25,,,,,,COMPLETE_NUMERICAL,completed,Passed the bank numerical checks,2026-10-08,cfe2d2ff99a434cd502696c1eb7b2f5daf8d11c5,58faa4377006afb855cb3db77ca0c48382389a321419731c946976e4e1513fd6,native preset; see archived full request
da-145d4f761795126c0e54d912,DA,grid-node,9500.0,9.25,,,,,,COMPLETE_NUMERICAL,completed,Passed the bank numerical checks,2026-10-08,cfe2d2ff99a434cd502696c1eb7b2f5daf8d11c5,58faa4377006afb855cb3db77ca0c48382389a321419731c946976e4e1513fd6,native preset; see archived full request
da-d73165823202193376ce622e,DA,grid-node,10500.0,9.25,,,,,,COMPLETE_NUMERICAL,completed,Passed the bank numerical checks,2026-10-08,cfe2d2ff99a434cd502696c1eb7b2f5daf8d11c5,58faa4377006afb855cb3db77ca0c48382389a321419731c946976e4e1513fd6,native preset; see archived full request
da-ee6b7cddd7872a4d852f6212,DA,grid-node,11000.0,9.25,,,,,,COMPLETE_NUMERICAL,completed,Passed the bank numerical checks,2026-10-08,cfe2d2ff99a434cd502696c1eb7b2f5daf8d11c5,58faa4377006afb855cb3db77ca0c48382389a321419731c946976e4e1513fd6,native preset; see archived full request
da-cd105d578f57a1764c9ad135,DA,grid-node,11500.0,9.25,,,,,,COMPLETE_NUMERICAL,completed,Passed the bank numerical checks,2026-10-08,cfe2d2ff99a434cd502696c1eb7b2f5daf8d11c5,58faa4377006afb855cb3db77ca0c48382389a321419731c946976e4e1513fd6,native preset; see archived full request
da-277b12f90e8ae0ea267fd24d,DA,grid-node,12500.0,9.25,,,,,,COMPLETE_NUMERICAL,completed,Passed the bank numerical checks,2026-10-08,cfe2d2ff99a434cd502696c1eb7b2f5daf8d11c5,58faa4377006afb855cb3db77ca0c48382389a321419731c946976e4e1513fd6,native preset; see archived full request
da-3c2d81daa67d41e5a682705b,DA,grid-node,13000.0,9.25,,,,,,COMPLETE_NUMERICAL,completed,Passed the bank numerical checks,2026-10-08,cfe2d2ff99a434cd502696c1eb7b2f5daf8d11c5,58faa4377006afb855cb3db77ca0c48382389a321419731c946976e4e1513fd6,native preset; see archived full request
da-759a48f78e9a0dfe97ccf80e,DA,grid-node,13500.0,9.25,,,,,,COMPLETE_NUMERICAL,completed,Passed the bank numerical checks,2026-10-08,cfe2d2ff99a434cd502696c1eb7b2f5daf8d11c5,58faa4377006afb855cb3db77ca0c48382389a321419731c946976e4e1513fd6,native preset; see archived full request
da-bdcdb61d49a6a1d701f4fe56,DA,grid-node,14000.0,9.25,,,,,,COMPLETE_NUMERICAL,completed,Passed the bank numerical checks,2026-10-08,cfe2d2ff99a434cd502696c1eb7b2f5daf8d11c5,58faa4377006afb855cb3db77ca0c48382389a321419731c946976e4e1513fd6,native preset; see archived full request
da-e579bf25ebbb04848fc94e7e,DA,grid-node,14500.0,9.25,,,,,,COMPLETE_NUMERICAL,completed,Passed the bank numerical checks,2026-10-08,cfe2d2ff99a434cd502696c1eb7b2f5daf8d11c5,58faa4377006afb855cb3db77ca0c48382389a321419731c946976e4e1513fd6,native preset; see archived full request
da-a59bb1a93ad47b95caed8518,DA,grid-node,15000.0,9.25,,,,,,COMPLETE_NUMERICAL,completed,Passed the bank numerical checks,2026-10-08,cfe2d2ff99a434cd502696c1eb7b2f5daf8d11c5,58faa4377006afb855cb3db77ca0c48382389a321419731c946976e4e1513fd6,native preset; see archived full request
da-6436feadfc9967c5c39ac3dc,DA,grid-node,15500.0,9.25,,,,,,COMPLETE_NUMERICAL,completed,Passed the bank numerical checks,2026-10-08,cfe2d2ff99a434cd502696c1eb7b2f5daf8d11c5,58faa4377006afb855cb3db77ca0c48382389a321419731c946976e4e1513fd6,native preset; see archived full request
da-f30ec19c641900283c78eb3d,DA,grid-node,16000.0,9.25,,,,,,COMPLETE_NUMERICAL,completed,Passed the bank numerical checks,2026-10-08,cfe2d2ff99a434cd502696c1eb7b2f5daf8d11c5,58faa4377006afb855cb3db77ca0c48382389a321419731c946976e4e1513fd6,native preset; see archived full request
da-e0a0e84db5a1c17d8753d3ed,DA,grid-node,17000.0,9.25,,,,,,COMPLETE_NUMERICAL,completed,Passed the bank numerical checks,2026-10-08,cfe2d2ff99a434cd502696c1eb7b2f5daf8d11c5,58faa4377006afb855cb3db77ca0c48382389a321419731c946976e4e1513fd6,native preset; see archived full request
da-335ccbc82494d27da735a521,DA,grid-node,18000.0,9.25,,,,,,COMPLETE_NUMERICAL,completed,Passed the bank numerical checks,2026-10-08,cfe2d2ff99a434cd502696c1eb7b2f5daf8d11c5,58faa4377006afb855cb3db77ca0c48382389a321419731c946976e4e1513fd6,native preset; see archived full request
da-10ad84646b176ca975804733,DA,grid-node,19000.0,9.25,,,,,,COMPLETE_NUMERICAL,completed,Passed the bank numerical checks,2026-10-08,cfe2d2ff99a434cd502696c1eb7b2f5daf8d11c5,58faa4377006afb855cb3db77ca0c48382389a321419731c946976e4e1513fd6,native preset; see archived full request
da-02796c079a0fcc10333682a4,DA,grid-node,21000.0,9.25,,,,,,COMPLETE_NUMERICAL,completed,Passed the bank numerical checks,2026-10-08,cfe2d2ff99a434cd502696c1eb7b2f5daf8d11c5,58faa4377006afb855cb3db77ca0c48382389a321419731c946976e4e1513fd6,native preset; see archived full request
da-59439828baf5113bf3f46a85,DA,grid-node,23000.0,9.25,,,,,,COMPLETE_NUMERICAL,completed,Passed the bank numerical checks,2026-10-08,cfe2d2ff99a434cd502696c1eb7b2f5daf8d11c5,58faa4377006afb855cb3db77ca0c48382389a321419731c946976e4e1513fd6,native preset; see archived full request
da-e68032acc177b1055f09df9c,DA,grid-node,24000.0,9.25,,,,,,COMPLETE_NUMERICAL,completed,Passed the bank numerical checks,2026-10-08,cfe2d2ff99a434cd502696c1eb7b2f5daf8d11c5,58faa4377006afb855cb3db77ca0c48382389a321419731c946976e4e1513fd6,native preset; see archived full request
da-8168c18060a89a07e2f9259b,DA,grid-node,25000.0,9.25,,,,,,COMPLETE_NUMERICAL,completed,Passed the bank numerical checks,2026-10-08,cfe2d2ff99a434cd502696c1eb7b2f5daf8d11c5,58faa4377006afb855cb3db77ca0c48382389a321419731c946976e4e1513fd6,native preset; see archived full request
da-9aa72c6afd55b7d23df310a5,DA,grid-node,26000.0,9.25,,,,,,COMPLETE_NUMERICAL,completed,Passed the bank numerical checks,2026-10-08,cfe2d2ff99a434cd502696c1eb7b2f5daf8d11c5,58faa4377006afb855cb3db77ca0c48382389a321419731c946976e4e1513fd6,native preset; see archived full request
da-1ae84967f7d892eaf7fcb118,DA,grid-node,27000.0,9.25,,,,,,COMPLETE_NUMERICAL,completed,Passed the bank numerical checks,2026-10-08,cfe2d2ff99a434cd502696c1eb7b2f5daf8d11c5,58faa4377006afb855cb3db77ca0c48382389a321419731c946976e4e1513fd6,native preset; see archived full request
da-da4ba8430b8dd47803788724,DA,grid-node,28000.0,9.25,,,,,,COMPLETE_NUMERICAL,completed,Passed the bank numerical checks,2026-10-08,cfe2d2ff99a434cd502696c1eb7b2f5daf8d11c5,58faa4377006afb855cb3db77ca0c48382389a321419731c946976e4e1513fd6,native preset; see archived full request
da-5e689de08e3efb3c6b15cdd9,DA,grid-node,29000.0,9.25,,,,,,COMPLETE_NUMERICAL,completed,Passed the bank numerical checks,2026-10-08,cfe2d2ff99a434cd502696c1eb7b2f5daf8d11c5,58faa4377006afb855cb3db77ca0c48382389a321419731c946976e4e1513fd6,native preset; see archived full request
da-a9b88cd7a8df670f7a88b29d,DA,grid-node,30000.0,9.25,,,,,,COMPLETE_NUMERICAL,completed,Passed the bank numerical checks,2026-10-08,cfe2d2ff99a434cd502696c1eb7b2f5daf8d11c5,58faa4377006afb855cb3db77ca0c48382389a321419731c946976e4e1513fd6,native preset; see archived full request
da-ccacd6e7c8751b7c1c0c0403,DA,grid-node,32000.0,9.25,,,,,,COMPLETE_NUMERICAL,completed,Passed the bank numerical checks,2026-10-08,cfe2d2ff99a434cd502696c1eb7b2f5daf8d11c5,58faa4377006afb855cb3db77ca0c48382389a321419731c946976e4e1513fd6,native preset; see archived full request
da-6ed6d3056645b3d66ec49e5c,DA,grid-node,34000.0,9.25,,,,,,COMPLETE_NUMERICAL,completed,Passed the bank numerical checks,2026-10-08,cfe2d2ff99a434cd502696c1eb7b2f5daf8d11c5,58faa4377006afb855cb3db77ca0c48382389a321419731c946976e4e1513fd6,native preset; see archived full request
da-214a3b748ca47298a9c96488,DA,grid-node,36000.0,9.25,,,,,,COMPLETE_NUMERICAL,completed,Passed the bank numerical checks,2026-10-08,cfe2d2ff99a434cd502696c1eb7b2f5daf8d11c5,58faa4377006afb855cb3db77ca0c48382389a321419731c946976e4e1513fd6,native preset; see archived full request
da-ef45c878153c4bd8468bea94,DA,grid-node,38000.0,9.25,,,,,,COMPLETE_NUMERICAL,completed,Passed the bank numerical checks,2026-10-08,cfe2d2ff99a434cd502696c1eb7b2f5daf8d11c5,58faa4377006afb855cb3db77ca0c48382389a321419731c946976e4e1513fd6,native preset; see archived full request
da-53b48c376c75397f84f7934b,DA,grid-node,40000.0,9.25,,,,,,COMPLETE_NUMERICAL,completed,Passed the bank numerical checks,2026-10-08,cfe2d2ff99a434cd502696c1eb7b2f5daf8d11c5,58faa4377006afb855cb3db77ca0c48382389a321419731c946976e4e1513fd6,native preset; see archived full request
da-aa441371c69384f2c5f733da,DA,grid-node,45000.0,9.25,,,,,,COMPLETE_NUMERICAL,completed,Passed the bank numerical checks,2026-10-08,cfe2d2ff99a434cd502696c1eb7b2f5daf8d11c5,58faa4377006afb855cb3db77ca0c48382389a321419731c946976e4e1513fd6,native preset; see archived full request
da-9775c74e0ab745c3ad4a2554,DA,grid-node,50000.0,9.25,,,,,,COMPLETE_NUMERICAL,completed,Passed the bank numerical checks,2026-10-08,cfe2d2ff99a434cd502696c1eb7b2f5daf8d11c5,58faa4377006afb855cb3db77ca0c48382389a321419731c946976e4e1513fd6,native preset; see archived full request
da-77d29bece06c62a468bb4c0a,DA,grid-node,55000.0,9.25,,,,,,COMPLETE_NUMERICAL,completed,Passed the bank numerical checks,2026-10-08,cfe2d2ff99a434cd502696c1eb7b2f5daf8d11c5,58faa4377006afb855cb3db77ca0c48382389a321419731c946976e4e1513fd6,native preset; see archived full request
da-9ca82511198e6b4c4a789e58,DA,grid-node,3000.0,6.5,,,,,,COMPLETE_NUMERICAL,completed,Passed the bank numerical checks,2026-10-08,cfe2d2ff99a434cd502696c1eb7b2f5daf8d11c5,58faa4377006afb855cb3db77ca0c48382389a321419731c946976e4e1513fd6,native preset; see archived full request
da-7b4c76c890135e984fa0ea86,DA,grid-node,4000.0,6.5,,,,,,COMPLETE_NUMERICAL,completed,Passed the bank numerical checks,2026-10-08,cfe2d2ff99a434cd502696c1eb7b2f5daf8d11c5,58faa4377006afb855cb3db77ca0c48382389a321419731c946976e4e1513fd6,native preset; see archived full request
da-06aaea6dc01f0159b9fe7f24,DA,grid-node,5000.0,6.5,,,,,,NUMERICAL_NONCONVERGENCE,numerical_failure,Required equilibrium checks failed; raw reason retained,2026-10-08,cfe2d2ff99a434cd502696c1eb7b2f5daf8d11c5,58faa4377006afb855cb3db77ca0c48382389a321419731c946976e4e1513fd6,native preset; see archived full request
da-013a65bac3731a1e64edc1af,DA,grid-node,8000.0,6.5,,,,,,COMPLETE_NUMERICAL,completed,Passed the bank numerical checks,2026-10-08,cfe2d2ff99a434cd502696c1eb7b2f5daf8d11c5,58faa4377006afb855cb3db77ca0c48382389a321419731c946976e4e1513fd6,native preset; see archived full request
da-51cfe2e576ea60c2d722bb9c,DA,grid-node,10000.0,6.5,,,,,,COMPLETE_NUMERICAL,completed,Passed the bank numerical checks,2026-10-08,cfe2d2ff99a434cd502696c1eb7b2f5daf8d11c5,58faa4377006afb855cb3db77ca0c48382389a321419731c946976e4e1513fd6,native preset; see archived full request
da-31fbd11b2b4c06d644fe1c6e,DA,grid-node,12000.0,6.5,,,,,,COMPLETE_NUMERICAL,completed,Passed the bank numerical checks,2026-10-08,cfe2d2ff99a434cd502696c1eb7b2f5daf8d11c5,58faa4377006afb855cb3db77ca0c48382389a321419731c946976e4e1513fd6,native preset; see archived full request
da-662b77147081a851b9948e97,DA,grid-node,20000.0,6.5,,,,,,COMPLETE_NUMERICAL,completed,Passed the bank numerical checks,2026-10-08,cfe2d2ff99a434cd502696c1eb7b2f5daf8d11c5,58faa4377006afb855cb3db77ca0c48382389a321419731c946976e4e1513fd6,native preset; see archived full request
da-dcae6082e3c254f0b7420732,DA,grid-node,22000.0,6.5,,,,,,COMPLETE_NUMERICAL,completed,Passed the bank numerical checks,2026-10-08,cfe2d2ff99a434cd502696c1eb7b2f5daf8d11c5,58faa4377006afb855cb3db77ca0c48382389a321419731c946976e4e1513fd6,native preset; see archived full request
da-f4141deb379bca0b7e6c003f,DA,grid-node,60000.0,6.5,,,,,,COMPLETE_NUMERICAL,completed,Passed the bank numerical checks,2026-10-08,cfe2d2ff99a434cd502696c1eb7b2f5daf8d11c5,58faa4377006afb855cb3db77ca0c48382389a321419731c946976e4e1513fd6,native preset; see archived full request
da-61003b098a24cb75137e6b38,DA,grid-node,3250.0,6.5,,,,,,COMPLETE_NUMERICAL,completed,Passed the bank numerical checks,2026-10-08,cfe2d2ff99a434cd502696c1eb7b2f5daf8d11c5,58faa4377006afb855cb3db77ca0c48382389a321419731c946976e4e1513fd6,native preset; see archived full request
da-88f80c49069c64a514e6d67b,DA,grid-node,3500.0,6.5,,,,,,COMPLETE_NUMERICAL,completed,Passed the bank numerical checks,2026-10-08,cfe2d2ff99a434cd502696c1eb7b2f5daf8d11c5,58faa4377006afb855cb3db77ca0c48382389a321419731c946976e4e1513fd6,native preset; see archived full request
da-45ad45730bb5443198aee198,DA,grid-node,3750.0,6.5,,,,,,COMPLETE_NUMERICAL,completed,Passed the bank numerical checks,2026-10-08,cfe2d2ff99a434cd502696c1eb7b2f5daf8d11c5,58faa4377006afb855cb3db77ca0c48382389a321419731c946976e4e1513fd6,native preset; see archived full request
da-046d9260b090623a0c387e41,DA,grid-node,4250.0,6.5,,,,,,COMPLETE_NUMERICAL,completed,Passed the bank numerical checks,2026-10-08,cfe2d2ff99a434cd502696c1eb7b2f5daf8d11c5,58faa4377006afb855cb3db77ca0c48382389a321419731c946976e4e1513fd6,native preset; see archived full request
da-ad549833202f6893865c4eea,DA,grid-node,4500.0,6.5,,,,,,NUMERICAL_NONCONVERGENCE,numerical_failure,Required equilibrium checks failed; raw reason retained,2026-10-08,cfe2d2ff99a434cd502696c1eb7b2f5daf8d11c5,58faa4377006afb855cb3db77ca0c48382389a321419731c946976e4e1513fd6,native preset; see archived full request
da-e101b8727499629f409e4c97,DA,grid-node,4750.0,6.5,,,,,,NUMERICAL_NONCONVERGENCE,numerical_failure,Required equilibrium checks failed; raw reason retained,2026-10-08,cfe2d2ff99a434cd502696c1eb7b2f5daf8d11c5,58faa4377006afb855cb3db77ca0c48382389a321419731c946976e4e1513fd6,native preset; see archived full request
da-f12a796a3a4d7939b34c4857,DA,grid-node,5500.0,6.5,,,,,,COMPLETE_NUMERICAL,completed,Passed the bank numerical checks,2026-10-08,cfe2d2ff99a434cd502696c1eb7b2f5daf8d11c5,58faa4377006afb855cb3db77ca0c48382389a321419731c946976e4e1513fd6,native preset; see archived full request
da-656a193378834302347ccf1e,DA,grid-node,6000.0,6.5,,,,,,COMPLETE_NUMERICAL,completed,Passed the bank numerical checks,2026-10-08,cfe2d2ff99a434cd502696c1eb7b2f5daf8d11c5,58faa4377006afb855cb3db77ca0c48382389a321419731c946976e4e1513fd6,native preset; see archived full request
da-9213bc4722cac533fbef8b0e,DA,grid-node,6500.0,6.5,,,,,,COMPLETE_NUMERICAL,completed,Passed the bank numerical checks,2026-10-08,cfe2d2ff99a434cd502696c1eb7b2f5daf8d11c5,58faa4377006afb855cb3db77ca0c48382389a321419731c946976e4e1513fd6,native preset; see archived full request
da-aa2201d16db64e72a3ef2554,DA,grid-node,7000.0,6.5,,,,,,COMPLETE_NUMERICAL,completed,Passed the bank numerical checks,2026-10-08,cfe2d2ff99a434cd502696c1eb7b2f5daf8d11c5,58faa4377006afb855cb3db77ca0c48382389a321419731c946976e4e1513fd6,native preset; see archived full request
da-473daac909be849357f6474f,DA,grid-node,7500.0,6.5,,,,,,COMPLETE_NUMERICAL,completed,Passed the bank numerical checks,2026-10-08,cfe2d2ff99a434cd502696c1eb7b2f5daf8d11c5,58faa4377006afb855cb3db77ca0c48382389a321419731c946976e4e1513fd6,native preset; see archived full request
da-4250ec420417bfa04d175ed8,DA,grid-node,8500.0,6.5,,,,,,COMPLETE_NUMERICAL,completed,Passed the bank numerical checks,2026-10-08,cfe2d2ff99a434cd502696c1eb7b2f5daf8d11c5,58faa4377006afb855cb3db77ca0c48382389a321419731c946976e4e1513fd6,native preset; see archived full request
da-393b1565d2922484a27fb95e,DA,grid-node,9000.0,6.5,,,,,,COMPLETE_NUMERICAL,completed,Passed the bank numerical checks,2026-10-08,cfe2d2ff99a434cd502696c1eb7b2f5daf8d11c5,58faa4377006afb855cb3db77ca0c48382389a321419731c946976e4e1513fd6,native preset; see archived full request
da-710d0d805ce9a35eaefd8352,DA,grid-node,9500.0,6.5,,,,,,COMPLETE_NUMERICAL,completed,Passed the bank numerical checks,2026-10-08,cfe2d2ff99a434cd502696c1eb7b2f5daf8d11c5,58faa4377006afb855cb3db77ca0c48382389a321419731c946976e4e1513fd6,native preset; see archived full request
da-5ee52c53c8e02a36300be74b,DA,grid-node,10500.0,6.5,,,,,,COMPLETE_NUMERICAL,completed,Passed the bank numerical checks,2026-10-08,cfe2d2ff99a434cd502696c1eb7b2f5daf8d11c5,58faa4377006afb855cb3db77ca0c48382389a321419731c946976e4e1513fd6,native preset; see archived full request
da-591f9a3d7e6fa5b2734709f9,DA,grid-node,11000.0,6.5,,,,,,COMPLETE_NUMERICAL,completed,Passed the bank numerical checks,2026-10-08,cfe2d2ff99a434cd502696c1eb7b2f5daf8d11c5,58faa4377006afb855cb3db77ca0c48382389a321419731c946976e4e1513fd6,native preset; see archived full request
da-db32e37dfee90db1054f5f43,DA,grid-node,11500.0,6.5,,,,,,COMPLETE_NUMERICAL,completed,Passed the bank numerical checks,2026-10-08,cfe2d2ff99a434cd502696c1eb7b2f5daf8d11c5,58faa4377006afb855cb3db77ca0c48382389a321419731c946976e4e1513fd6,native preset; see archived full request
da-6fbf25e05e9b15de21c19eb1,DA,grid-node,12500.0,6.5,,,,,,COMPLETE_NUMERICAL,completed,Passed the bank numerical checks,2026-10-08,cfe2d2ff99a434cd502696c1eb7b2f5daf8d11c5,58faa4377006afb855cb3db77ca0c48382389a321419731c946976e4e1513fd6,native preset; see archived full request
da-6d2389ed135c92f64572dfe4,DA,grid-node,13000.0,6.5,,,,,,COMPLETE_NUMERICAL,completed,Passed the bank numerical checks,2026-10-08,cfe2d2ff99a434cd502696c1eb7b2f5daf8d11c5,58faa4377006afb855cb3db77ca0c48382389a321419731c946976e4e1513fd6,native preset; see archived full request
da-c558c33dfcced71f1c3b6d6f,DA,grid-node,13500.0,6.5,,,,,,COMPLETE_NUMERICAL,completed,Passed the bank numerical checks,2026-10-08,cfe2d2ff99a434cd502696c1eb7b2f5daf8d11c5,58faa4377006afb855cb3db77ca0c48382389a321419731c946976e4e1513fd6,native preset; see archived full request
da-5c0bbbddeba4225be6984934,DA,grid-node,14000.0,6.5,,,,,,COMPLETE_NUMERICAL,completed,Passed the bank numerical checks,2026-10-08,cfe2d2ff99a434cd502696c1eb7b2f5daf8d11c5,58faa4377006afb855cb3db77ca0c48382389a321419731c946976e4e1513fd6,native preset; see archived full request
da-254553a2be557334e68052b5,DA,grid-node,14500.0,6.5,,,,,,COMPLETE_NUMERICAL,completed,Passed the bank numerical checks,2026-10-08,cfe2d2ff99a434cd502696c1eb7b2f5daf8d11c5,58faa4377006afb855cb3db77ca0c48382389a321419731c946976e4e1513fd6,native preset; see archived full request
da-0b750269667689c0c2e3c23e,DA,grid-node,15000.0,6.5,,,,,,COMPLETE_NUMERICAL,completed,Passed the bank numerical checks,2026-10-08,cfe2d2ff99a434cd502696c1eb7b2f5daf8d11c5,58faa4377006afb855cb3db77ca0c48382389a321419731c946976e4e1513fd6,native preset; see archived full request
da-f3b3f43f5996ca213083fac7,DA,grid-node,15500.0,6.5,,,,,,COMPLETE_NUMERICAL,completed,Passed the bank numerical checks,2026-10-08,cfe2d2ff99a434cd502696c1eb7b2f5daf8d11c5,58faa4377006afb855cb3db77ca0c48382389a321419731c946976e4e1513fd6,native preset; see archived full request
da-d55001e8a65a4d2cc64cf3c3,DA,grid-node,16000.0,6.5,,,,,,COMPLETE_NUMERICAL,completed,Passed the bank numerical checks,2026-10-08,cfe2d2ff99a434cd502696c1eb7b2f5daf8d11c5,58faa4377006afb855cb3db77ca0c48382389a321419731c946976e4e1513fd6,native preset; see archived full request
da-ac16053b8453890d00657d33,DA,grid-node,17000.0,6.5,,,,,,COMPLETE_NUMERICAL,completed,Passed the bank numerical checks,2026-10-08,cfe2d2ff99a434cd502696c1eb7b2f5daf8d11c5,58faa4377006afb855cb3db77ca0c48382389a321419731c946976e4e1513fd6,native preset; see archived full request
da-3e0beaf84da23bf8e882a026,DA,grid-node,18000.0,6.5,,,,,,COMPLETE_NUMERICAL,completed,Passed the bank numerical checks,2026-10-08,cfe2d2ff99a434cd502696c1eb7b2f5daf8d11c5,58faa4377006afb855cb3db77ca0c48382389a321419731c946976e4e1513fd6,native preset; see archived full request
da-b2f6d72402e0f2a1c199b8ee,DA,grid-node,19000.0,6.5,,,,,,COMPLETE_NUMERICAL,completed,Passed the bank numerical checks,2026-10-08,cfe2d2ff99a434cd502696c1eb7b2f5daf8d11c5,58faa4377006afb855cb3db77ca0c48382389a321419731c946976e4e1513fd6,native preset; see archived full request
da-46347036571e82ac51c68fe7,DA,grid-node,21000.0,6.5,,,,,,COMPLETE_NUMERICAL,completed,Passed the bank numerical checks,2026-10-08,cfe2d2ff99a434cd502696c1eb7b2f5daf8d11c5,58faa4377006afb855cb3db77ca0c48382389a321419731c946976e4e1513fd6,native preset; see archived full request
da-ee761f6307073d1473b5c34f,DA,grid-node,23000.0,6.5,,,,,,COMPLETE_NUMERICAL,completed,Passed the bank numerical checks,2026-10-08,cfe2d2ff99a434cd502696c1eb7b2f5daf8d11c5,58faa4377006afb855cb3db77ca0c48382389a321419731c946976e4e1513fd6,native preset; see archived full request
da-27360d1a1a3c2db5c6ac57e9,DA,grid-node,24000.0,6.5,,,,,,COMPLETE_NUMERICAL,completed,Passed the bank numerical checks,2026-10-08,cfe2d2ff99a434cd502696c1eb7b2f5daf8d11c5,58faa4377006afb855cb3db77ca0c48382389a321419731c946976e4e1513fd6,native preset; see archived full request
da-e55cdc2b564e1fbec470526e,DA,grid-node,25000.0,6.5,,,,,,COMPLETE_NUMERICAL,completed,Passed the bank numerical checks,2026-10-08,cfe2d2ff99a434cd502696c1eb7b2f5daf8d11c5,58faa4377006afb855cb3db77ca0c48382389a321419731c946976e4e1513fd6,native preset; see archived full request
da-3480663f8fadcdcdcd6b5c66,DA,grid-node,26000.0,6.5,,,,,,COMPLETE_NUMERICAL,completed,Passed the bank numerical checks,2026-10-08,cfe2d2ff99a434cd502696c1eb7b2f5daf8d11c5,58faa4377006afb855cb3db77ca0c48382389a321419731c946976e4e1513fd6,native preset; see archived full request
da-6ac05c0fbd2a7a2bc046404f,DA,grid-node,27000.0,6.5,,,,,,COMPLETE_NUMERICAL,completed,Passed the bank numerical checks,2026-10-08,cfe2d2ff99a434cd502696c1eb7b2f5daf8d11c5,58faa4377006afb855cb3db77ca0c48382389a321419731c946976e4e1513fd6,native preset; see archived full request
da-0f8fa227f3ee474782395ff3,DA,grid-node,28000.0,6.5,,,,,,COMPLETE_NUMERICAL,completed,Passed the bank numerical checks,2026-10-08,cfe2d2ff99a434cd502696c1eb7b2f5daf8d11c5,58faa4377006afb855cb3db77ca0c48382389a321419731c946976e4e1513fd6,native preset; see archived full request
da-e37e93f50b2e9d36fcbc9fe0,DA,grid-node,29000.0,6.5,,,,,,COMPLETE_NUMERICAL,completed,Passed the bank numerical checks,2026-10-08,cfe2d2ff99a434cd502696c1eb7b2f5daf8d11c5,58faa4377006afb855cb3db77ca0c48382389a321419731c946976e4e1513fd6,native preset; see archived full request
da-9f6cec622b16184d5e53f9cf,DA,grid-node,30000.0,6.5,,,,,,COMPLETE_NUMERICAL,completed,Passed the bank numerical checks,2026-10-08,cfe2d2ff99a434cd502696c1eb7b2f5daf8d11c5,58faa4377006afb855cb3db77ca0c48382389a321419731c946976e4e1513fd6,native preset; see archived full request
da-552a8a1a86ae5c9c7c2fa92c,DA,grid-node,32000.0,6.5,,,,,,COMPLETE_NUMERICAL,completed,Passed the bank numerical checks,2026-10-08,cfe2d2ff99a434cd502696c1eb7b2f5daf8d11c5,58faa4377006afb855cb3db77ca0c48382389a321419731c946976e4e1513fd6,native preset; see archived full request
da-bcd510d16bd0efddefe76bdd,DA,grid-node,34000.0,6.5,,,,,,COMPLETE_NUMERICAL,completed,Passed the bank numerical checks,2026-10-08,cfe2d2ff99a434cd502696c1eb7b2f5daf8d11c5,58faa4377006afb855cb3db77ca0c48382389a321419731c946976e4e1513fd6,native preset; see archived full request
da-c91ef49b82cfaf04a8dc8139,DA,grid-node,36000.0,6.5,,,,,,COMPLETE_NUMERICAL,completed,Passed the bank numerical checks,2026-10-08,cfe2d2ff99a434cd502696c1eb7b2f5daf8d11c5,58faa4377006afb855cb3db77ca0c48382389a321419731c946976e4e1513fd6,native preset; see archived full request
da-f6eddb3d2650e82c584fdbaa,DA,grid-node,38000.0,6.5,,,,,,COMPLETE_NUMERICAL,completed,Passed the bank numerical checks,2026-10-08,cfe2d2ff99a434cd502696c1eb7b2f5daf8d11c5,58faa4377006afb855cb3db77ca0c48382389a321419731c946976e4e1513fd6,native preset; see archived full request
da-19a09baee2abdf76732f2add,DA,grid-node,40000.0,6.5,,,,,,COMPLETE_NUMERICAL,completed,Passed the bank numerical checks,2026-10-08,cfe2d2ff99a434cd502696c1eb7b2f5daf8d11c5,58faa4377006afb855cb3db77ca0c48382389a321419731c946976e4e1513fd6,native preset; see archived full request
da-5560c2bd25f90205c533b3bd,DA,grid-node,45000.0,6.5,,,,,,COMPLETE_NUMERICAL,completed,Passed the bank numerical checks,2026-10-08,cfe2d2ff99a434cd502696c1eb7b2f5daf8d11c5,58faa4377006afb855cb3db77ca0c48382389a321419731c946976e4e1513fd6,native preset; see archived full request
da-4c1d4c8a9bf6c7a5e4f68fdc,DA,grid-node,50000.0,6.5,,,,,,COMPLETE_NUMERICAL,completed,Passed the bank numerical checks,2026-10-08,cfe2d2ff99a434cd502696c1eb7b2f5daf8d11c5,58faa4377006afb855cb3db77ca0c48382389a321419731c946976e4e1513fd6,native preset; see archived full request
da-fc019f2d24707e373ffe135e,DA,grid-node,55000.0,6.5,,,,,,COMPLETE_NUMERICAL,completed,Passed the bank numerical checks,2026-10-08,cfe2d2ff99a434cd502696c1eb7b2f5daf8d11c5,58faa4377006afb855cb3db77ca0c48382389a321419731c946976e4e1513fd6,native preset; see archived full request
da-c751b7dfaf73acbe2d14f362,DA,grid-node,3000.0,9.5,,,,,,NUMERICAL_NONCONVERGENCE,numerical_failure,Required equilibrium checks failed; raw reason retained,2026-10-08,cfe2d2ff99a434cd502696c1eb7b2f5daf8d11c5,58faa4377006afb855cb3db77ca0c48382389a321419731c946976e4e1513fd6,native preset; see archived full request
da-f3fb734d242f83934becb40a,DA,grid-node,4000.0,9.5,,,,,,COMPLETE_NUMERICAL,completed,Passed the bank numerical checks,2026-10-08,cfe2d2ff99a434cd502696c1eb7b2f5daf8d11c5,58faa4377006afb855cb3db77ca0c48382389a321419731c946976e4e1513fd6,native preset; see archived full request
da-b29ac466578139947b1fa37f,DA,grid-node,5000.0,9.5,,,,,,COMPLETE_NUMERICAL,completed,Passed the bank numerical checks,2026-10-08,cfe2d2ff99a434cd502696c1eb7b2f5daf8d11c5,58faa4377006afb855cb3db77ca0c48382389a321419731c946976e4e1513fd6,native preset; see archived full request
da-a1afde23d0bf363087bc962e,DA,grid-node,8000.0,9.5,,,,,,COMPLETE_NUMERICAL,completed,Passed the bank numerical checks,2026-10-08,cfe2d2ff99a434cd502696c1eb7b2f5daf8d11c5,58faa4377006afb855cb3db77ca0c48382389a321419731c946976e4e1513fd6,native preset; see archived full request
da-8300de9ae933f7757e1799b5,DA,grid-node,10000.0,9.5,,,,,,COMPLETE_NUMERICAL,completed,Passed the bank numerical checks,2026-10-08,cfe2d2ff99a434cd502696c1eb7b2f5daf8d11c5,58faa4377006afb855cb3db77ca0c48382389a321419731c946976e4e1513fd6,native preset; see archived full request
da-62da7fb973756bc015dd1b86,DA,grid-node,12000.0,9.5,,,,,,COMPLETE_NUMERICAL,completed,Passed the bank numerical checks,2026-10-08,cfe2d2ff99a434cd502696c1eb7b2f5daf8d11c5,58faa4377006afb855cb3db77ca0c48382389a321419731c946976e4e1513fd6,native preset; see archived full request
da-d4885ce96783901eb43b42e7,DA,grid-node,20000.0,9.5,,,,,,COMPLETE_NUMERICAL,completed,Passed the bank numerical checks,2026-10-08,cfe2d2ff99a434cd502696c1eb7b2f5daf8d11c5,58faa4377006afb855cb3db77ca0c48382389a321419731c946976e4e1513fd6,native preset; see archived full request
da-447a2fa4f3114fdcd13dbbdd,DA,grid-node,22000.0,9.5,,,,,,COMPLETE_NUMERICAL,completed,Passed the bank numerical checks,2026-10-08,cfe2d2ff99a434cd502696c1eb7b2f5daf8d11c5,58faa4377006afb855cb3db77ca0c48382389a321419731c946976e4e1513fd6,native preset; see archived full request
da-c556ec7221559be7eb736dba,DA,grid-node,60000.0,9.5,,,,,,COMPLETE_NUMERICAL,completed,Passed the bank numerical checks,2026-10-08,cfe2d2ff99a434cd502696c1eb7b2f5daf8d11c5,58faa4377006afb855cb3db77ca0c48382389a321419731c946976e4e1513fd6,native preset; see archived full request
da-9b8a4743c3cbb0acb68b4556,DA,grid-node,3250.0,9.5,,,,,,COMPLETE_NUMERICAL,completed,Passed the bank numerical checks,2026-10-08,cfe2d2ff99a434cd502696c1eb7b2f5daf8d11c5,58faa4377006afb855cb3db77ca0c48382389a321419731c946976e4e1513fd6,native preset; see archived full request
da-84e0095b6f8142e757d6d119,DA,grid-node,3500.0,9.5,,,,,,COMPLETE_NUMERICAL,completed,Passed the bank numerical checks,2026-10-08,cfe2d2ff99a434cd502696c1eb7b2f5daf8d11c5,58faa4377006afb855cb3db77ca0c48382389a321419731c946976e4e1513fd6,native preset; see archived full request
da-6bf089ff1cc6f0c9a53e0a36,DA,grid-node,3750.0,9.5,,,,,,COMPLETE_NUMERICAL,completed,Passed the bank numerical checks,2026-10-08,cfe2d2ff99a434cd502696c1eb7b2f5daf8d11c5,58faa4377006afb855cb3db77ca0c48382389a321419731c946976e4e1513fd6,native preset; see archived full request
da-4d14ba47b6695662c76a8dcc,DA,grid-node,4250.0,9.5,,,,,,COMPLETE_NUMERICAL,completed,Passed the bank numerical checks,2026-10-08,cfe2d2ff99a434cd502696c1eb7b2f5daf8d11c5,58faa4377006afb855cb3db77ca0c48382389a321419731c946976e4e1513fd6,native preset; see archived full request
da-4b5875a1c5beb270d7bff4e2,DA,grid-node,4500.0,9.5,,,,,,COMPLETE_NUMERICAL,completed,Passed the bank numerical checks,2026-10-08,cfe2d2ff99a434cd502696c1eb7b2f5daf8d11c5,58faa4377006afb855cb3db77ca0c48382389a321419731c946976e4e1513fd6,native preset; see archived full request
da-232c947d89046f6b61d81de5,DA,grid-node,4750.0,9.5,,,,,,NUMERICAL_NONCONVERGENCE,numerical_failure,Required equilibrium checks failed; raw reason retained,2026-10-08,cfe2d2ff99a434cd502696c1eb7b2f5daf8d11c5,58faa4377006afb855cb3db77ca0c48382389a321419731c946976e4e1513fd6,native preset; see archived full request
da-2d022d3eb5bee91ede7105f9,DA,grid-node,5500.0,9.5,,,,,,COMPLETE_NUMERICAL,completed,Passed the bank numerical checks,2026-10-08,cfe2d2ff99a434cd502696c1eb7b2f5daf8d11c5,58faa4377006afb855cb3db77ca0c48382389a321419731c946976e4e1513fd6,native preset; see archived full request
da-5418650a78bf92fe40acbb0d,DA,grid-node,6000.0,9.5,,,,,,COMPLETE_NUMERICAL,completed,Passed the bank numerical checks,2026-10-08,cfe2d2ff99a434cd502696c1eb7b2f5daf8d11c5,58faa4377006afb855cb3db77ca0c48382389a321419731c946976e4e1513fd6,native preset; see archived full request
da-9dae40921b2d7dc4bf7f725d,DA,grid-node,6500.0,9.5,,,,,,COMPLETE_NUMERICAL,completed,Passed the bank numerical checks,2026-10-08,cfe2d2ff99a434cd502696c1eb7b2f5daf8d11c5,58faa4377006afb855cb3db77ca0c48382389a321419731c946976e4e1513fd6,native preset; see archived full request
da-67f9442595d56d90d2c4cc21,DA,grid-node,7000.0,9.5,,,,,,COMPLETE_NUMERICAL,completed,Passed the bank numerical checks,2026-10-08,cfe2d2ff99a434cd502696c1eb7b2f5daf8d11c5,58faa4377006afb855cb3db77ca0c48382389a321419731c946976e4e1513fd6,native preset; see archived full request
da-b0353558ba337e971071cf6e,DA,grid-node,7500.0,9.5,,,,,,COMPLETE_NUMERICAL,completed,Passed the bank numerical checks,2026-10-08,cfe2d2ff99a434cd502696c1eb7b2f5daf8d11c5,58faa4377006afb855cb3db77ca0c48382389a321419731c946976e4e1513fd6,native preset; see archived full request
da-adab451d326716c00993b5cb,DA,grid-node,8500.0,9.5,,,,,,COMPLETE_NUMERICAL,completed,Passed the bank numerical checks,2026-10-08,cfe2d2ff99a434cd502696c1eb7b2f5daf8d11c5,58faa4377006afb855cb3db77ca0c48382389a321419731c946976e4e1513fd6,native preset; see archived full request
da-5711e9c0feb59c93f34fb481,DA,grid-node,9000.0,9.5,,,,,,COMPLETE_NUMERICAL,completed,Passed the bank numerical checks,2026-10-08,cfe2d2ff99a434cd502696c1eb7b2f5daf8d11c5,58faa4377006afb855cb3db77ca0c48382389a321419731c946976e4e1513fd6,native preset; see archived full request
da-9974363d172b360ca432524e,DA,grid-node,9500.0,9.5,,,,,,COMPLETE_NUMERICAL,completed,Passed the bank numerical checks,2026-10-08,cfe2d2ff99a434cd502696c1eb7b2f5daf8d11c5,58faa4377006afb855cb3db77ca0c48382389a321419731c946976e4e1513fd6,native preset; see archived full request
da-c0d386c153de3ee709752ead,DA,grid-node,10500.0,9.5,,,,,,COMPLETE_NUMERICAL,completed,Passed the bank numerical checks,2026-10-08,cfe2d2ff99a434cd502696c1eb7b2f5daf8d11c5,58faa4377006afb855cb3db77ca0c48382389a321419731c946976e4e1513fd6,native preset; see archived full request
da-54d48d5a45503b5e50e34224,DA,grid-node,11000.0,9.5,,,,,,COMPLETE_NUMERICAL,completed,Passed the bank numerical checks,2026-10-08,cfe2d2ff99a434cd502696c1eb7b2f5daf8d11c5,58faa4377006afb855cb3db77ca0c48382389a321419731c946976e4e1513fd6,native preset; see archived full request
da-c748b1ff5028a8e7f8d9537e,DA,grid-node,11500.0,9.5,,,,,,COMPLETE_NUMERICAL,completed,Passed the bank numerical checks,2026-10-08,cfe2d2ff99a434cd502696c1eb7b2f5daf8d11c5,58faa4377006afb855cb3db77ca0c48382389a321419731c946976e4e1513fd6,native preset; see archived full request
da-ad9ed34cd7bd86f8cd0c1260,DA,grid-node,12500.0,9.5,,,,,,COMPLETE_NUMERICAL,completed,Passed the bank numerical checks,2026-10-08,cfe2d2ff99a434cd502696c1eb7b2f5daf8d11c5,58faa4377006afb855cb3db77ca0c48382389a321419731c946976e4e1513fd6,native preset; see archived full request
da-ee27c09ba68a7dc45e0d7d13,DA,grid-node,13000.0,9.5,,,,,,COMPLETE_NUMERICAL,completed,Passed the bank numerical checks,2026-10-08,cfe2d2ff99a434cd502696c1eb7b2f5daf8d11c5,58faa4377006afb855cb3db77ca0c48382389a321419731c946976e4e1513fd6,native preset; see archived full request
da-8f8e01eeeafcc5469fa408b8,DA,grid-node,13500.0,9.5,,,,,,COMPLETE_NUMERICAL,completed,Passed the bank numerical checks,2026-10-08,cfe2d2ff99a434cd502696c1eb7b2f5daf8d11c5,58faa4377006afb855cb3db77ca0c48382389a321419731c946976e4e1513fd6,native preset; see archived full request
da-9c201fb95cd25c800d4114c1,DA,grid-node,14000.0,9.5,,,,,,COMPLETE_NUMERICAL,completed,Passed the bank numerical checks,2026-10-08,cfe2d2ff99a434cd502696c1eb7b2f5daf8d11c5,58faa4377006afb855cb3db77ca0c48382389a321419731c946976e4e1513fd6,native preset; see archived full request
da-44762ef4784b65e1acda87a1,DA,grid-node,14500.0,9.5,,,,,,COMPLETE_NUMERICAL,completed,Passed the bank numerical checks,2026-10-08,cfe2d2ff99a434cd502696c1eb7b2f5daf8d11c5,58faa4377006afb855cb3db77ca0c48382389a321419731c946976e4e1513fd6,native preset; see archived full request
da-adfdcf054fa6cf483e8dbe1c,DA,grid-node,15000.0,9.5,,,,,,COMPLETE_NUMERICAL,completed,Passed the bank numerical checks,2026-10-08,cfe2d2ff99a434cd502696c1eb7b2f5daf8d11c5,58faa4377006afb855cb3db77ca0c48382389a321419731c946976e4e1513fd6,native preset; see archived full request
da-9fe9928618240940af361901,DA,grid-node,15500.0,9.5,,,,,,COMPLETE_NUMERICAL,completed,Passed the bank numerical checks,2026-10-08,cfe2d2ff99a434cd502696c1eb7b2f5daf8d11c5,58faa4377006afb855cb3db77ca0c48382389a321419731c946976e4e1513fd6,native preset; see archived full request
da-725e5ec6bff89c94d6a5c456,DA,grid-node,16000.0,9.5,,,,,,COMPLETE_NUMERICAL,completed,Passed the bank numerical checks,2026-10-08,cfe2d2ff99a434cd502696c1eb7b2f5daf8d11c5,58faa4377006afb855cb3db77ca0c48382389a321419731c946976e4e1513fd6,native preset; see archived full request
da-e00f8e763c0228258a7affb6,DA,grid-node,17000.0,9.5,,,,,,COMPLETE_NUMERICAL,completed,Passed the bank numerical checks,2026-10-08,cfe2d2ff99a434cd502696c1eb7b2f5daf8d11c5,58faa4377006afb855cb3db77ca0c48382389a321419731c946976e4e1513fd6,native preset; see archived full request
da-76f1cab4f75acb03ef67a5b8,DA,grid-node,18000.0,9.5,,,,,,COMPLETE_NUMERICAL,completed,Passed the bank numerical checks,2026-10-08,cfe2d2ff99a434cd502696c1eb7b2f5daf8d11c5,58faa4377006afb855cb3db77ca0c48382389a321419731c946976e4e1513fd6,native preset; see archived full request
da-7026824c3d30dbe3ac6e028a,DA,grid-node,19000.0,9.5,,,,,,COMPLETE_NUMERICAL,completed,Passed the bank numerical checks,2026-10-08,cfe2d2ff99a434cd502696c1eb7b2f5daf8d11c5,58faa4377006afb855cb3db77ca0c48382389a321419731c946976e4e1513fd6,native preset; see archived full request
da-96a4e374a10eb3905a7c509f,DA,grid-node,21000.0,9.5,,,,,,COMPLETE_NUMERICAL,completed,Passed the bank numerical checks,2026-10-08,cfe2d2ff99a434cd502696c1eb7b2f5daf8d11c5,58faa4377006afb855cb3db77ca0c48382389a321419731c946976e4e1513fd6,native preset; see archived full request
da-8c07ff5fbe38171dfe2f355c,DA,grid-node,23000.0,9.5,,,,,,COMPLETE_NUMERICAL,completed,Passed the bank numerical checks,2026-10-08,cfe2d2ff99a434cd502696c1eb7b2f5daf8d11c5,58faa4377006afb855cb3db77ca0c48382389a321419731c946976e4e1513fd6,native preset; see archived full request
da-412a48ff063b764f7daf22f6,DA,grid-node,24000.0,9.5,,,,,,COMPLETE_NUMERICAL,completed,Passed the bank numerical checks,2026-10-08,cfe2d2ff99a434cd502696c1eb7b2f5daf8d11c5,58faa4377006afb855cb3db77ca0c48382389a321419731c946976e4e1513fd6,native preset; see archived full request
da-a9fa0fb39d45d181b0a8fa91,DA,grid-node,25000.0,9.5,,,,,,COMPLETE_NUMERICAL,completed,Passed the bank numerical checks,2026-10-08,cfe2d2ff99a434cd502696c1eb7b2f5daf8d11c5,58faa4377006afb855cb3db77ca0c48382389a321419731c946976e4e1513fd6,native preset; see archived full request
da-286db306efd83f6559510d1b,DA,grid-node,26000.0,9.5,,,,,,COMPLETE_NUMERICAL,completed,Passed the bank numerical checks,2026-10-08,cfe2d2ff99a434cd502696c1eb7b2f5daf8d11c5,58faa4377006afb855cb3db77ca0c48382389a321419731c946976e4e1513fd6,native preset; see archived full request
da-798cac905f40b9e7aaa947ec,DA,grid-node,27000.0,9.5,,,,,,COMPLETE_NUMERICAL,completed,Passed the bank numerical checks,2026-10-08,cfe2d2ff99a434cd502696c1eb7b2f5daf8d11c5,58faa4377006afb855cb3db77ca0c48382389a321419731c946976e4e1513fd6,native preset; see archived full request
da-dcc196a28f6f45edfd81f84e,DA,grid-node,28000.0,9.5,,,,,,COMPLETE_NUMERICAL,completed,Passed the bank numerical checks,2026-10-08,cfe2d2ff99a434cd502696c1eb7b2f5daf8d11c5,58faa4377006afb855cb3db77ca0c48382389a321419731c946976e4e1513fd6,native preset; see archived full request
da-158edf6457a5df82458137f6,DA,grid-node,29000.0,9.5,,,,,,COMPLETE_NUMERICAL,completed,Passed the bank numerical checks,2026-10-08,cfe2d2ff99a434cd502696c1eb7b2f5daf8d11c5,58faa4377006afb855cb3db77ca0c48382389a321419731c946976e4e1513fd6,native preset; see archived full request
da-ae27b5220adf7a238db0f3d1,DA,grid-node,30000.0,9.5,,,,,,COMPLETE_NUMERICAL,completed,Passed the bank numerical checks,2026-10-08,cfe2d2ff99a434cd502696c1eb7b2f5daf8d11c5,58faa4377006afb855cb3db77ca0c48382389a321419731c946976e4e1513fd6,native preset; see archived full request
da-9c8ed05ed8a74a643dce08e5,DA,grid-node,32000.0,9.5,,,,,,COMPLETE_NUMERICAL,completed,Passed the bank numerical checks,2026-10-08,cfe2d2ff99a434cd502696c1eb7b2f5daf8d11c5,58faa4377006afb855cb3db77ca0c48382389a321419731c946976e4e1513fd6,native preset; see archived full request
da-cde85afaaa66074731bb2039,DA,grid-node,34000.0,9.5,,,,,,COMPLETE_NUMERICAL,completed,Passed the bank numerical checks,2026-10-08,cfe2d2ff99a434cd502696c1eb7b2f5daf8d11c5,58faa4377006afb855cb3db77ca0c48382389a321419731c946976e4e1513fd6,native preset; see archived full request
da-5c0e4c1a131ee90d90129230,DA,grid-node,36000.0,9.5,,,,,,COMPLETE_NUMERICAL,completed,Passed the bank numerical checks,2026-10-08,cfe2d2ff99a434cd502696c1eb7b2f5daf8d11c5,58faa4377006afb855cb3db77ca0c48382389a321419731c946976e4e1513fd6,native preset; see archived full request
da-d8a51a72b0ab424e5ae31acd,DA,grid-node,38000.0,9.5,,,,,,COMPLETE_NUMERICAL,completed,Passed the bank numerical checks,2026-10-08,cfe2d2ff99a434cd502696c1eb7b2f5daf8d11c5,58faa4377006afb855cb3db77ca0c48382389a321419731c946976e4e1513fd6,native preset; see archived full request
da-d20cdcc7bd5027ccd5a0c998,DA,grid-node,40000.0,9.5,,,,,,COMPLETE_NUMERICAL,completed,Passed the bank numerical checks,2026-10-08,cfe2d2ff99a434cd502696c1eb7b2f5daf8d11c5,58faa4377006afb855cb3db77ca0c48382389a321419731c946976e4e1513fd6,native preset; see archived full request
da-274e64030c92e773701e0bc5,DA,grid-node,45000.0,9.5,,,,,,COMPLETE_NUMERICAL,completed,Passed the bank numerical checks,2026-10-08,cfe2d2ff99a434cd502696c1eb7b2f5daf8d11c5,58faa4377006afb855cb3db77ca0c48382389a321419731c946976e4e1513fd6,native preset; see archived full request
da-8b8469594982d9ce39a24462,DA,grid-node,50000.0,9.5,,,,,,COMPLETE_NUMERICAL,completed,Passed the bank numerical checks,2026-10-08,cfe2d2ff99a434cd502696c1eb7b2f5daf8d11c5,58faa4377006afb855cb3db77ca0c48382389a321419731c946976e4e1513fd6,native preset; see archived full request
da-ef829895f448f72c24d107e8,DA,grid-node,55000.0,9.5,,,,,,COMPLETE_NUMERICAL,completed,Passed the bank numerical checks,2026-10-08,cfe2d2ff99a434cd502696c1eb7b2f5daf8d11c5,58faa4377006afb855cb3db77ca0c48382389a321419731c946976e4e1513fd6,native preset; see archived full request
da-3f8182318d450a5903e19e61,DA,grid-node,3000.0,6.25,,,,,,COMPLETE_NUMERICAL,completed,Passed the bank numerical checks,2026-10-08,cfe2d2ff99a434cd502696c1eb7b2f5daf8d11c5,58faa4377006afb855cb3db77ca0c48382389a321419731c946976e4e1513fd6,native preset; see archived full request
da-0c6629f3dde6f3d8c781aed8,DA,grid-node,4000.0,6.25,,,,,,COMPLETE_NUMERICAL,completed,Passed the bank numerical checks,2026-10-08,cfe2d2ff99a434cd502696c1eb7b2f5daf8d11c5,58faa4377006afb855cb3db77ca0c48382389a321419731c946976e4e1513fd6,native preset; see archived full request
da-c3db7d517b27a22f4e0993e2,DA,grid-node,5000.0,6.25,,,,,,COMPLETE_NUMERICAL,completed,Passed the bank numerical checks,2026-10-08,cfe2d2ff99a434cd502696c1eb7b2f5daf8d11c5,58faa4377006afb855cb3db77ca0c48382389a321419731c946976e4e1513fd6,native preset; see archived full request
da-68a3b773fe6d450847f3dd96,DA,grid-node,8000.0,6.25,,,,,,COMPLETE_NUMERICAL,completed,Passed the bank numerical checks,2026-10-08,cfe2d2ff99a434cd502696c1eb7b2f5daf8d11c5,58faa4377006afb855cb3db77ca0c48382389a321419731c946976e4e1513fd6,native preset; see archived full request
da-e9e76a26bd2b6e29aae01b7a,DA,grid-node,10000.0,6.25,,,,,,COMPLETE_NUMERICAL,completed,Passed the bank numerical checks,2026-10-08,cfe2d2ff99a434cd502696c1eb7b2f5daf8d11c5,58faa4377006afb855cb3db77ca0c48382389a321419731c946976e4e1513fd6,native preset; see archived full request
da-1a2dd7bbdd2b9e3c863aac95,DA,grid-node,12000.0,6.25,,,,,,COMPLETE_NUMERICAL,completed,Passed the bank numerical checks,2026-10-08,cfe2d2ff99a434cd502696c1eb7b2f5daf8d11c5,58faa4377006afb855cb3db77ca0c48382389a321419731c946976e4e1513fd6,native preset; see archived full request
da-262a10df41a90a99000ec4b9,DA,grid-node,20000.0,6.25,,,,,,COMPLETE_NUMERICAL,completed,Passed the bank numerical checks,2026-10-08,cfe2d2ff99a434cd502696c1eb7b2f5daf8d11c5,58faa4377006afb855cb3db77ca0c48382389a321419731c946976e4e1513fd6,native preset; see archived full request
da-4cc5c345c15e7b96999462e9,DA,grid-node,22000.0,6.25,,,,,,COMPLETE_NUMERICAL,completed,Passed the bank numerical checks,2026-10-08,cfe2d2ff99a434cd502696c1eb7b2f5daf8d11c5,58faa4377006afb855cb3db77ca0c48382389a321419731c946976e4e1513fd6,native preset; see archived full request
da-c4678da9430419e4af2f6719,DA,grid-node,60000.0,6.25,,,,,,COMPLETE_NUMERICAL,completed,Passed the bank numerical checks,2026-10-08,cfe2d2ff99a434cd502696c1eb7b2f5daf8d11c5,58faa4377006afb855cb3db77ca0c48382389a321419731c946976e4e1513fd6,native preset; see archived full request
da-2bfafd6141de97a984c834a7,DA,grid-node,3250.0,6.25,,,,,,COMPLETE_NUMERICAL,completed,Passed the bank numerical checks,2026-10-08,cfe2d2ff99a434cd502696c1eb7b2f5daf8d11c5,58faa4377006afb855cb3db77ca0c48382389a321419731c946976e4e1513fd6,native preset; see archived full request
da-596102d1de0ea21fcc4f50ae,DA,grid-node,3500.0,6.25,,,,,,COMPLETE_NUMERICAL,completed,Passed the bank numerical checks,2026-10-08,cfe2d2ff99a434cd502696c1eb7b2f5daf8d11c5,58faa4377006afb855cb3db77ca0c48382389a321419731c946976e4e1513fd6,native preset; see archived full request
da-db8ef307efb7416711b39abb,DA,grid-node,3750.0,6.25,,,,,,COMPLETE_NUMERICAL,completed,Passed the bank numerical checks,2026-10-08,cfe2d2ff99a434cd502696c1eb7b2f5daf8d11c5,58faa4377006afb855cb3db77ca0c48382389a321419731c946976e4e1513fd6,native preset; see archived full request
da-e6adacb74df93a763e49ec90,DA,grid-node,4250.0,6.25,,,,,,NUMERICAL_NONCONVERGENCE,numerical_failure,Required equilibrium checks failed; raw reason retained,2026-10-08,cfe2d2ff99a434cd502696c1eb7b2f5daf8d11c5,58faa4377006afb855cb3db77ca0c48382389a321419731c946976e4e1513fd6,native preset; see archived full request
da-cbd4c3f5cbfa7a251a6656db,DA,grid-node,4500.0,6.25,,,,,,NUMERICAL_NONCONVERGENCE,numerical_failure,Required equilibrium checks failed; raw reason retained,2026-10-08,cfe2d2ff99a434cd502696c1eb7b2f5daf8d11c5,58faa4377006afb855cb3db77ca0c48382389a321419731c946976e4e1513fd6,native preset; see archived full request
da-22a9685711d4fa7e4b83e879,DA,grid-node,4750.0,6.25,,,,,,NUMERICAL_NONCONVERGENCE,numerical_failure,Required equilibrium checks failed; raw reason retained,2026-10-08,cfe2d2ff99a434cd502696c1eb7b2f5daf8d11c5,58faa4377006afb855cb3db77ca0c48382389a321419731c946976e4e1513fd6,native preset; see archived full request
da-d6cad66c06be74412115b573,DA,grid-node,5500.0,6.25,,,,,,COMPLETE_NUMERICAL,completed,Passed the bank numerical checks,2026-10-08,cfe2d2ff99a434cd502696c1eb7b2f5daf8d11c5,58faa4377006afb855cb3db77ca0c48382389a321419731c946976e4e1513fd6,native preset; see archived full request
da-a37e7880293fedc81d45b98c,DA,grid-node,6000.0,6.25,,,,,,COMPLETE_NUMERICAL,completed,Passed the bank numerical checks,2026-10-08,cfe2d2ff99a434cd502696c1eb7b2f5daf8d11c5,58faa4377006afb855cb3db77ca0c48382389a321419731c946976e4e1513fd6,native preset; see archived full request
da-0a7f51fd4ace458d59b3884c,DA,grid-node,6500.0,6.25,,,,,,COMPLETE_NUMERICAL,completed,Passed the bank numerical checks,2026-10-08,cfe2d2ff99a434cd502696c1eb7b2f5daf8d11c5,58faa4377006afb855cb3db77ca0c48382389a321419731c946976e4e1513fd6,native preset; see archived full request
da-d8c838bf1055c59b7ff4123e,DA,grid-node,7000.0,6.25,,,,,,COMPLETE_NUMERICAL,completed,Passed the bank numerical checks,2026-10-08,cfe2d2ff99a434cd502696c1eb7b2f5daf8d11c5,58faa4377006afb855cb3db77ca0c48382389a321419731c946976e4e1513fd6,native preset; see archived full request
da-861f0c73ef5238f8120568e3,DA,grid-node,7500.0,6.25,,,,,,COMPLETE_NUMERICAL,completed,Passed the bank numerical checks,2026-10-08,cfe2d2ff99a434cd502696c1eb7b2f5daf8d11c5,58faa4377006afb855cb3db77ca0c48382389a321419731c946976e4e1513fd6,native preset; see archived full request
da-1255df7a6d8538a1add4ef3d,DA,grid-node,8500.0,6.25,,,,,,COMPLETE_NUMERICAL,completed,Passed the bank numerical checks,2026-10-08,cfe2d2ff99a434cd502696c1eb7b2f5daf8d11c5,58faa4377006afb855cb3db77ca0c48382389a321419731c946976e4e1513fd6,native preset; see archived full request
da-55978a263225e41f9cad0772,DA,grid-node,9000.0,6.25,,,,,,COMPLETE_NUMERICAL,completed,Passed the bank numerical checks,2026-10-08,cfe2d2ff99a434cd502696c1eb7b2f5daf8d11c5,58faa4377006afb855cb3db77ca0c48382389a321419731c946976e4e1513fd6,native preset; see archived full request
da-8a647ccd4833a75876766122,DA,grid-node,9500.0,6.25,,,,,,COMPLETE_NUMERICAL,completed,Passed the bank numerical checks,2026-10-08,cfe2d2ff99a434cd502696c1eb7b2f5daf8d11c5,58faa4377006afb855cb3db77ca0c48382389a321419731c946976e4e1513fd6,native preset; see archived full request
da-62de1a9a4603956efe2519cc,DA,grid-node,10500.0,6.25,,,,,,COMPLETE_NUMERICAL,completed,Passed the bank numerical checks,2026-10-08,cfe2d2ff99a434cd502696c1eb7b2f5daf8d11c5,58faa4377006afb855cb3db77ca0c48382389a321419731c946976e4e1513fd6,native preset; see archived full request
da-2b5caea8f66d8d40302092f1,DA,grid-node,11000.0,6.25,,,,,,COMPLETE_NUMERICAL,completed,Passed the bank numerical checks,2026-10-08,cfe2d2ff99a434cd502696c1eb7b2f5daf8d11c5,58faa4377006afb855cb3db77ca0c48382389a321419731c946976e4e1513fd6,native preset; see archived full request
da-5ebe7283647335db6117d44b,DA,grid-node,11500.0,6.25,,,,,,COMPLETE_NUMERICAL,completed,Passed the bank numerical checks,2026-10-08,cfe2d2ff99a434cd502696c1eb7b2f5daf8d11c5,58faa4377006afb855cb3db77ca0c48382389a321419731c946976e4e1513fd6,native preset; see archived full request
da-6ce1718819252e5d051c60a8,DA,grid-node,12500.0,6.25,,,,,,COMPLETE_NUMERICAL,completed,Passed the bank numerical checks,2026-10-08,cfe2d2ff99a434cd502696c1eb7b2f5daf8d11c5,58faa4377006afb855cb3db77ca0c48382389a321419731c946976e4e1513fd6,native preset; see archived full request
da-0d2d54b6a00daff7af9be880,DA,grid-node,13000.0,6.25,,,,,,COMPLETE_NUMERICAL,completed,Passed the bank numerical checks,2026-10-08,cfe2d2ff99a434cd502696c1eb7b2f5daf8d11c5,58faa4377006afb855cb3db77ca0c48382389a321419731c946976e4e1513fd6,native preset; see archived full request
da-c70cb061d28a383a883f6380,DA,grid-node,13500.0,6.25,,,,,,COMPLETE_NUMERICAL,completed,Passed the bank numerical checks,2026-10-08,cfe2d2ff99a434cd502696c1eb7b2f5daf8d11c5,58faa4377006afb855cb3db77ca0c48382389a321419731c946976e4e1513fd6,native preset; see archived full request
da-72c9dfc7a5cb96f30b148115,DA,grid-node,14000.0,6.25,,,,,,COMPLETE_NUMERICAL,completed,Passed the bank numerical checks,2026-10-08,cfe2d2ff99a434cd502696c1eb7b2f5daf8d11c5,58faa4377006afb855cb3db77ca0c48382389a321419731c946976e4e1513fd6,native preset; see archived full request
da-0f56b02a19b145a066415f77,DA,grid-node,14500.0,6.25,,,,,,COMPLETE_NUMERICAL,completed,Passed the bank numerical checks,2026-10-08,cfe2d2ff99a434cd502696c1eb7b2f5daf8d11c5,58faa4377006afb855cb3db77ca0c48382389a321419731c946976e4e1513fd6,native preset; see archived full request
da-4caee6c70c5f9f36d721a964,DA,grid-node,15000.0,6.25,,,,,,COMPLETE_NUMERICAL,completed,Passed the bank numerical checks,2026-10-08,cfe2d2ff99a434cd502696c1eb7b2f5daf8d11c5,58faa4377006afb855cb3db77ca0c48382389a321419731c946976e4e1513fd6,native preset; see archived full request
da-c5317976c21def6bf67e0065,DA,grid-node,15500.0,6.25,,,,,,COMPLETE_NUMERICAL,completed,Passed the bank numerical checks,2026-10-08,cfe2d2ff99a434cd502696c1eb7b2f5daf8d11c5,58faa4377006afb855cb3db77ca0c48382389a321419731c946976e4e1513fd6,native preset; see archived full request
da-2fe5e2eb176ff0c4dc9cfa2c,DA,grid-node,16000.0,6.25,,,,,,COMPLETE_NUMERICAL,completed,Passed the bank numerical checks,2026-10-08,cfe2d2ff99a434cd502696c1eb7b2f5daf8d11c5,58faa4377006afb855cb3db77ca0c48382389a321419731c946976e4e1513fd6,native preset; see archived full request
da-41e722e14128cb3186df4e1d,DA,grid-node,17000.0,6.25,,,,,,COMPLETE_NUMERICAL,completed,Passed the bank numerical checks,2026-10-08,cfe2d2ff99a434cd502696c1eb7b2f5daf8d11c5,58faa4377006afb855cb3db77ca0c48382389a321419731c946976e4e1513fd6,native preset; see archived full request
da-b408a6fa380945d98e6ec8a8,DA,grid-node,18000.0,6.25,,,,,,COMPLETE_NUMERICAL,completed,Passed the bank numerical checks,2026-10-08,cfe2d2ff99a434cd502696c1eb7b2f5daf8d11c5,58faa4377006afb855cb3db77ca0c48382389a321419731c946976e4e1513fd6,native preset; see archived full request
da-ec282453490d435505112983,DA,grid-node,19000.0,6.25,,,,,,COMPLETE_NUMERICAL,completed,Passed the bank numerical checks,2026-10-08,cfe2d2ff99a434cd502696c1eb7b2f5daf8d11c5,58faa4377006afb855cb3db77ca0c48382389a321419731c946976e4e1513fd6,native preset; see archived full request
da-2e2128cc12981a199023757f,DA,grid-node,21000.0,6.25,,,,,,COMPLETE_NUMERICAL,completed,Passed the bank numerical checks,2026-10-08,cfe2d2ff99a434cd502696c1eb7b2f5daf8d11c5,58faa4377006afb855cb3db77ca0c48382389a321419731c946976e4e1513fd6,native preset; see archived full request
da-76a2c6d322e0f8087731d84e,DA,grid-node,23000.0,6.25,,,,,,COMPLETE_NUMERICAL,completed,Passed the bank numerical checks,2026-10-08,cfe2d2ff99a434cd502696c1eb7b2f5daf8d11c5,58faa4377006afb855cb3db77ca0c48382389a321419731c946976e4e1513fd6,native preset; see archived full request
da-376b7c1a13658665e71a25da,DA,grid-node,24000.0,6.25,,,,,,COMPLETE_NUMERICAL,completed,Passed the bank numerical checks,2026-10-08,cfe2d2ff99a434cd502696c1eb7b2f5daf8d11c5,58faa4377006afb855cb3db77ca0c48382389a321419731c946976e4e1513fd6,native preset; see archived full request
da-e3229542ae167dca58bddf0f,DA,grid-node,25000.0,6.25,,,,,,COMPLETE_NUMERICAL,completed,Passed the bank numerical checks,2026-10-08,cfe2d2ff99a434cd502696c1eb7b2f5daf8d11c5,58faa4377006afb855cb3db77ca0c48382389a321419731c946976e4e1513fd6,native preset; see archived full request
da-dcdc1d2b816bed8c7d3cb5b5,DA,grid-node,26000.0,6.25,,,,,,COMPLETE_NUMERICAL,completed,Passed the bank numerical checks,2026-10-08,cfe2d2ff99a434cd502696c1eb7b2f5daf8d11c5,58faa4377006afb855cb3db77ca0c48382389a321419731c946976e4e1513fd6,native preset; see archived full request
da-7eade34e16fce719c13fe379,DA,grid-node,27000.0,6.25,,,,,,COMPLETE_NUMERICAL,completed,Passed the bank numerical checks,2026-10-08,cfe2d2ff99a434cd502696c1eb7b2f5daf8d11c5,58faa4377006afb855cb3db77ca0c48382389a321419731c946976e4e1513fd6,native preset; see archived full request
da-ab3a0eaf472cb62a305a471e,DA,grid-node,28000.0,6.25,,,,,,COMPLETE_NUMERICAL,completed,Passed the bank numerical checks,2026-10-08,cfe2d2ff99a434cd502696c1eb7b2f5daf8d11c5,58faa4377006afb855cb3db77ca0c48382389a321419731c946976e4e1513fd6,native preset; see archived full request
da-794957f32fcecfd5a379432c,DA,grid-node,29000.0,6.25,,,,,,COMPLETE_NUMERICAL,completed,Passed the bank numerical checks,2026-10-08,cfe2d2ff99a434cd502696c1eb7b2f5daf8d11c5,58faa4377006afb855cb3db77ca0c48382389a321419731c946976e4e1513fd6,native preset; see archived full request
da-dabfc187789f21ffd2084067,DA,grid-node,30000.0,6.25,,,,,,COMPLETE_NUMERICAL,completed,Passed the bank numerical checks,2026-10-08,cfe2d2ff99a434cd502696c1eb7b2f5daf8d11c5,58faa4377006afb855cb3db77ca0c48382389a321419731c946976e4e1513fd6,native preset; see archived full request
da-7738fe8da55e7886151b3420,DA,grid-node,32000.0,6.25,,,,,,NUMERICAL_NONCONVERGENCE,numerical_failure,Required equilibrium checks failed; raw reason retained,2026-10-08,cfe2d2ff99a434cd502696c1eb7b2f5daf8d11c5,58faa4377006afb855cb3db77ca0c48382389a321419731c946976e4e1513fd6,native preset; see archived full request
da-987f58c4ab8513948655fd6f,DA,grid-node,34000.0,6.25,,,,,,NUMERICAL_NONCONVERGENCE,numerical_failure,Required equilibrium checks failed; raw reason retained,2026-10-08,cfe2d2ff99a434cd502696c1eb7b2f5daf8d11c5,58faa4377006afb855cb3db77ca0c48382389a321419731c946976e4e1513fd6,native preset; see archived full request
da-ec5dca1d78f3d3ebe9429913,DA,grid-node,36000.0,6.25,,,,,,COMPLETE_NUMERICAL,completed,Passed the bank numerical checks,2026-10-08,cfe2d2ff99a434cd502696c1eb7b2f5daf8d11c5,58faa4377006afb855cb3db77ca0c48382389a321419731c946976e4e1513fd6,native preset; see archived full request
da-ecb92042ed769b49a505ce74,DA,grid-node,38000.0,6.25,,,,,,COMPLETE_NUMERICAL,completed,Passed the bank numerical checks,2026-10-08,cfe2d2ff99a434cd502696c1eb7b2f5daf8d11c5,58faa4377006afb855cb3db77ca0c48382389a321419731c946976e4e1513fd6,native preset; see archived full request
da-241b8d5a3eb3da5642a93d50,DA,grid-node,40000.0,6.25,,,,,,COMPLETE_NUMERICAL,completed,Passed the bank numerical checks,2026-10-08,cfe2d2ff99a434cd502696c1eb7b2f5daf8d11c5,58faa4377006afb855cb3db77ca0c48382389a321419731c946976e4e1513fd6,native preset; see archived full request
da-6ec4157f7aa3d937222d65e3,DA,grid-node,45000.0,6.25,,,,,,COMPLETE_NUMERICAL,completed,Passed the bank numerical checks,2026-10-08,cfe2d2ff99a434cd502696c1eb7b2f5daf8d11c5,58faa4377006afb855cb3db77ca0c48382389a321419731c946976e4e1513fd6,native preset; see archived full request
da-cf86e121c111d74c09cf1716,DA,grid-node,50000.0,6.25,,,,,,COMPLETE_NUMERICAL,completed,Passed the bank numerical checks,2026-10-08,cfe2d2ff99a434cd502696c1eb7b2f5daf8d11c5,58faa4377006afb855cb3db77ca0c48382389a321419731c946976e4e1513fd6,native preset; see archived full request
da-dfb541db3fd02e81c034631c,DA,grid-node,55000.0,6.25,,,,,,COMPLETE_NUMERICAL,completed,Passed the bank numerical checks,2026-10-08,cfe2d2ff99a434cd502696c1eb7b2f5daf8d11c5,58faa4377006afb855cb3db77ca0c48382389a321419731c946976e4e1513fd6,native preset; see archived full request
da-5a6acee1afe1393cb864ead4,DA,grid-node,3000.0,6.0,,,,,,COMPLETE_NUMERICAL,completed,Passed the bank numerical checks,2026-10-08,cfe2d2ff99a434cd502696c1eb7b2f5daf8d11c5,58faa4377006afb855cb3db77ca0c48382389a321419731c946976e4e1513fd6,native preset; see archived full request
da-c87233c28d1586c6d78baf4d,DA,grid-node,4000.0,6.0,,,,,,COMPLETE_NUMERICAL,completed,Passed the bank numerical checks,2026-10-08,cfe2d2ff99a434cd502696c1eb7b2f5daf8d11c5,58faa4377006afb855cb3db77ca0c48382389a321419731c946976e4e1513fd6,native preset; see archived full request
da-d777afc1dab7159367508f85,DA,grid-node,5000.0,6.0,,,,,,COMPLETE_NUMERICAL,completed,Passed the bank numerical checks,2026-10-08,cfe2d2ff99a434cd502696c1eb7b2f5daf8d11c5,58faa4377006afb855cb3db77ca0c48382389a321419731c946976e4e1513fd6,native preset; see archived full request
da-22d5de52733b4432013803a5,DA,grid-node,8000.0,6.0,,,,,,COMPLETE_NUMERICAL,completed,Passed the bank numerical checks,2026-10-08,cfe2d2ff99a434cd502696c1eb7b2f5daf8d11c5,58faa4377006afb855cb3db77ca0c48382389a321419731c946976e4e1513fd6,native preset; see archived full request
da-11e1ceb9d1ca3d12d65899fa,DA,grid-node,10000.0,6.0,,,,,,COMPLETE_NUMERICAL,completed,Passed the bank numerical checks,2026-10-08,cfe2d2ff99a434cd502696c1eb7b2f5daf8d11c5,58faa4377006afb855cb3db77ca0c48382389a321419731c946976e4e1513fd6,native preset; see archived full request
da-4cfe768690951c98f1602cda,DA,grid-node,12000.0,6.0,,,,,,COMPLETE_NUMERICAL,completed,Passed the bank numerical checks,2026-10-08,cfe2d2ff99a434cd502696c1eb7b2f5daf8d11c5,58faa4377006afb855cb3db77ca0c48382389a321419731c946976e4e1513fd6,native preset; see archived full request
da-8dccd6adaf24b4394e683fb0,DA,grid-node,20000.0,6.0,,,,,,COMPLETE_NUMERICAL,completed,Passed the bank numerical checks,2026-10-08,cfe2d2ff99a434cd502696c1eb7b2f5daf8d11c5,58faa4377006afb855cb3db77ca0c48382389a321419731c946976e4e1513fd6,native preset; see archived full request
da-e950a3b848e2f896fc80865a,DA,grid-node,22000.0,6.0,,,,,,COMPLETE_NUMERICAL,completed,Passed the bank numerical checks,2026-10-08,cfe2d2ff99a434cd502696c1eb7b2f5daf8d11c5,58faa4377006afb855cb3db77ca0c48382389a321419731c946976e4e1513fd6,native preset; see archived full request
da-18386aa1c505fab546ff1678,DA,grid-node,60000.0,6.0,,,,,,COMPLETE_NUMERICAL,completed,Passed the bank numerical checks,2026-10-08,cfe2d2ff99a434cd502696c1eb7b2f5daf8d11c5,58faa4377006afb855cb3db77ca0c48382389a321419731c946976e4e1513fd6,native preset; see archived full request
da-c5ec88d94af5d1f16779ceed,DA,grid-node,3250.0,6.0,,,,,,COMPLETE_NUMERICAL,completed,Passed the bank numerical checks,2026-10-08,cfe2d2ff99a434cd502696c1eb7b2f5daf8d11c5,58faa4377006afb855cb3db77ca0c48382389a321419731c946976e4e1513fd6,native preset; see archived full request
da-199c89c7437466c5462b0675,DA,grid-node,3500.0,6.0,,,,,,COMPLETE_NUMERICAL,completed,Passed the bank numerical checks,2026-10-08,cfe2d2ff99a434cd502696c1eb7b2f5daf8d11c5,58faa4377006afb855cb3db77ca0c48382389a321419731c946976e4e1513fd6,native preset; see archived full request
da-748fb32e785019fe489b9fbd,DA,grid-node,3750.0,6.0,,,,,,COMPLETE_NUMERICAL,completed,Passed the bank numerical checks,2026-10-08,cfe2d2ff99a434cd502696c1eb7b2f5daf8d11c5,58faa4377006afb855cb3db77ca0c48382389a321419731c946976e4e1513fd6,native preset; see archived full request
da-a859f1201f510fe672d9bc8e,DA,grid-node,4250.0,6.0,,,,,,NUMERICAL_NONCONVERGENCE,numerical_failure,Required equilibrium checks failed; raw reason retained,2026-10-08,cfe2d2ff99a434cd502696c1eb7b2f5daf8d11c5,58faa4377006afb855cb3db77ca0c48382389a321419731c946976e4e1513fd6,native preset; see archived full request
da-f51d820d02105b9e108c2d04,DA,grid-node,4500.0,6.0,,,,,,NUMERICAL_NONCONVERGENCE,numerical_failure,Required equilibrium checks failed; raw reason retained,2026-10-08,cfe2d2ff99a434cd502696c1eb7b2f5daf8d11c5,58faa4377006afb855cb3db77ca0c48382389a321419731c946976e4e1513fd6,native preset; see archived full request
da-82673fae4a113d303f9490fd,DA,grid-node,4750.0,6.0,,,,,,NUMERICAL_NONCONVERGENCE,numerical_failure,Required equilibrium checks failed; raw reason retained,2026-10-08,cfe2d2ff99a434cd502696c1eb7b2f5daf8d11c5,58faa4377006afb855cb3db77ca0c48382389a321419731c946976e4e1513fd6,native preset; see archived full request
da-706d5bd3caba44907674d412,DA,grid-node,5500.0,6.0,,,,,,COMPLETE_NUMERICAL,completed,Passed the bank numerical checks,2026-10-08,cfe2d2ff99a434cd502696c1eb7b2f5daf8d11c5,58faa4377006afb855cb3db77ca0c48382389a321419731c946976e4e1513fd6,native preset; see archived full request
da-f4132e83202e71ed138239e8,DA,grid-node,6000.0,6.0,,,,,,COMPLETE_NUMERICAL,completed,Passed the bank numerical checks,2026-10-08,cfe2d2ff99a434cd502696c1eb7b2f5daf8d11c5,58faa4377006afb855cb3db77ca0c48382389a321419731c946976e4e1513fd6,native preset; see archived full request
da-f4613c2c67857103cf7910b9,DA,grid-node,6500.0,6.0,,,,,,NUMERICAL_NONCONVERGENCE,numerical_failure,Required equilibrium checks failed; raw reason retained,2026-10-08,cfe2d2ff99a434cd502696c1eb7b2f5daf8d11c5,58faa4377006afb855cb3db77ca0c48382389a321419731c946976e4e1513fd6,native preset; see archived full request
da-340a3d7404b9efb70ce231e5,DA,grid-node,7000.0,6.0,,,,,,COMPLETE_NUMERICAL,completed,Passed the bank numerical checks,2026-10-08,cfe2d2ff99a434cd502696c1eb7b2f5daf8d11c5,58faa4377006afb855cb3db77ca0c48382389a321419731c946976e4e1513fd6,native preset; see archived full request
da-b49fe961dd7ec6de08f3c04d,DA,grid-node,7500.0,6.0,,,,,,COMPLETE_NUMERICAL,completed,Passed the bank numerical checks,2026-10-08,cfe2d2ff99a434cd502696c1eb7b2f5daf8d11c5,58faa4377006afb855cb3db77ca0c48382389a321419731c946976e4e1513fd6,native preset; see archived full request
da-d552919335c3c965167db8ca,DA,grid-node,8500.0,6.0,,,,,,COMPLETE_NUMERICAL,completed,Passed the bank numerical checks,2026-10-08,cfe2d2ff99a434cd502696c1eb7b2f5daf8d11c5,58faa4377006afb855cb3db77ca0c48382389a321419731c946976e4e1513fd6,native preset; see archived full request
da-ab6b2706745a59f5c548e0e6,DA,grid-node,9000.0,6.0,,,,,,COMPLETE_NUMERICAL,completed,Passed the bank numerical checks,2026-10-08,cfe2d2ff99a434cd502696c1eb7b2f5daf8d11c5,58faa4377006afb855cb3db77ca0c48382389a321419731c946976e4e1513fd6,native preset; see archived full request
da-c26d2d2ef77f97aa89c0f92f,DA,grid-node,9500.0,6.0,,,,,,COMPLETE_NUMERICAL,completed,Passed the bank numerical checks,2026-10-08,cfe2d2ff99a434cd502696c1eb7b2f5daf8d11c5,58faa4377006afb855cb3db77ca0c48382389a321419731c946976e4e1513fd6,native preset; see archived full request
da-5ce53d0021ac742555392430,DA,grid-node,10500.0,6.0,,,,,,COMPLETE_NUMERICAL,completed,Passed the bank numerical checks,2026-10-08,cfe2d2ff99a434cd502696c1eb7b2f5daf8d11c5,58faa4377006afb855cb3db77ca0c48382389a321419731c946976e4e1513fd6,native preset; see archived full request
da-ef60675ceb4f898c13f35315,DA,grid-node,11000.0,6.0,,,,,,COMPLETE_NUMERICAL,completed,Passed the bank numerical checks,2026-10-08,cfe2d2ff99a434cd502696c1eb7b2f5daf8d11c5,58faa4377006afb855cb3db77ca0c48382389a321419731c946976e4e1513fd6,native preset; see archived full request
da-2ae7f76a02127b96931f6a1a,DA,grid-node,11500.0,6.0,,,,,,COMPLETE_NUMERICAL,completed,Passed the bank numerical checks,2026-10-08,cfe2d2ff99a434cd502696c1eb7b2f5daf8d11c5,58faa4377006afb855cb3db77ca0c48382389a321419731c946976e4e1513fd6,native preset; see archived full request
da-eb6494787b8172d6ad4a569d,DA,grid-node,12500.0,6.0,,,,,,COMPLETE_NUMERICAL,completed,Passed the bank numerical checks,2026-10-08,cfe2d2ff99a434cd502696c1eb7b2f5daf8d11c5,58faa4377006afb855cb3db77ca0c48382389a321419731c946976e4e1513fd6,native preset; see archived full request
da-90d7ce48603e8e1d4eb5df0e,DA,grid-node,13000.0,6.0,,,,,,COMPLETE_NUMERICAL,completed,Passed the bank numerical checks,2026-10-08,cfe2d2ff99a434cd502696c1eb7b2f5daf8d11c5,58faa4377006afb855cb3db77ca0c48382389a321419731c946976e4e1513fd6,native preset; see archived full request
da-6848d27fd1bc266dbc7ee6be,DA,grid-node,13500.0,6.0,,,,,,COMPLETE_NUMERICAL,completed,Passed the bank numerical checks,2026-10-08,cfe2d2ff99a434cd502696c1eb7b2f5daf8d11c5,58faa4377006afb855cb3db77ca0c48382389a321419731c946976e4e1513fd6,native preset; see archived full request
da-ecacbcbcdd9c031da4a2b40d,DA,grid-node,14000.0,6.0,,,,,,COMPLETE_NUMERICAL,completed,Passed the bank numerical checks,2026-10-08,cfe2d2ff99a434cd502696c1eb7b2f5daf8d11c5,58faa4377006afb855cb3db77ca0c48382389a321419731c946976e4e1513fd6,native preset; see archived full request
da-71039c52e43d2c1287d5c94a,DA,grid-node,14500.0,6.0,,,,,,COMPLETE_NUMERICAL,completed,Passed the bank numerical checks,2026-10-08,cfe2d2ff99a434cd502696c1eb7b2f5daf8d11c5,58faa4377006afb855cb3db77ca0c48382389a321419731c946976e4e1513fd6,native preset; see archived full request
da-89bd182b31623c8248f8f22a,DA,grid-node,15000.0,6.0,,,,,,COMPLETE_NUMERICAL,completed,Passed the bank numerical checks,2026-10-08,cfe2d2ff99a434cd502696c1eb7b2f5daf8d11c5,58faa4377006afb855cb3db77ca0c48382389a321419731c946976e4e1513fd6,native preset; see archived full request
da-9f88af5a105836cb0bf1d990,DA,grid-node,15500.0,6.0,,,,,,COMPLETE_NUMERICAL,completed,Passed the bank numerical checks,2026-10-08,cfe2d2ff99a434cd502696c1eb7b2f5daf8d11c5,58faa4377006afb855cb3db77ca0c48382389a321419731c946976e4e1513fd6,native preset; see archived full request
da-e3ee47dcc81809616a60dd9c,DA,grid-node,16000.0,6.0,,,,,,COMPLETE_NUMERICAL,completed,Passed the bank numerical checks,2026-10-08,cfe2d2ff99a434cd502696c1eb7b2f5daf8d11c5,58faa4377006afb855cb3db77ca0c48382389a321419731c946976e4e1513fd6,native preset; see archived full request
da-60b15cb4fb06181a9fe69efd,DA,grid-node,17000.0,6.0,,,,,,COMPLETE_NUMERICAL,completed,Passed the bank numerical checks,2026-10-08,cfe2d2ff99a434cd502696c1eb7b2f5daf8d11c5,58faa4377006afb855cb3db77ca0c48382389a321419731c946976e4e1513fd6,native preset; see archived full request
da-907db9039f38cff4fc86657b,DA,grid-node,18000.0,6.0,,,,,,COMPLETE_NUMERICAL,completed,Passed the bank numerical checks,2026-10-08,cfe2d2ff99a434cd502696c1eb7b2f5daf8d11c5,58faa4377006afb855cb3db77ca0c48382389a321419731c946976e4e1513fd6,native preset; see archived full request
da-2d981ffcdd2fb75c722a419d,DA,grid-node,19000.0,6.0,,,,,,COMPLETE_NUMERICAL,completed,Passed the bank numerical checks,2026-10-08,cfe2d2ff99a434cd502696c1eb7b2f5daf8d11c5,58faa4377006afb855cb3db77ca0c48382389a321419731c946976e4e1513fd6,native preset; see archived full request
da-8df09b3993b470c04c8575c7,DA,grid-node,21000.0,6.0,,,,,,COMPLETE_NUMERICAL,completed,Passed the bank numerical checks,2026-10-08,cfe2d2ff99a434cd502696c1eb7b2f5daf8d11c5,58faa4377006afb855cb3db77ca0c48382389a321419731c946976e4e1513fd6,native preset; see archived full request
da-23061e826b783f2003c58cc9,DA,grid-node,23000.0,6.0,,,,,,COMPLETE_NUMERICAL,completed,Passed the bank numerical checks,2026-10-08,cfe2d2ff99a434cd502696c1eb7b2f5daf8d11c5,58faa4377006afb855cb3db77ca0c48382389a321419731c946976e4e1513fd6,native preset; see archived full request
da-f7cc8165350508efa9922069,DA,grid-node,24000.0,6.0,,,,,,COMPLETE_NUMERICAL,completed,Passed the bank numerical checks,2026-10-08,cfe2d2ff99a434cd502696c1eb7b2f5daf8d11c5,58faa4377006afb855cb3db77ca0c48382389a321419731c946976e4e1513fd6,native preset; see archived full request
da-e743eebcfdb3caa87aad4853,DA,grid-node,25000.0,6.0,,,,,,COMPLETE_NUMERICAL,completed,Passed the bank numerical checks,2026-10-08,cfe2d2ff99a434cd502696c1eb7b2f5daf8d11c5,58faa4377006afb855cb3db77ca0c48382389a321419731c946976e4e1513fd6,native preset; see archived full request
da-58d9e721518e11aa6ba945e7,DA,grid-node,26000.0,6.0,,,,,,COMPLETE_NUMERICAL,completed,Passed the bank numerical checks,2026-10-08,cfe2d2ff99a434cd502696c1eb7b2f5daf8d11c5,58faa4377006afb855cb3db77ca0c48382389a321419731c946976e4e1513fd6,native preset; see archived full request
da-14e621180fd8707691fcc3e4,DA,grid-node,27000.0,6.0,,,,,,COMPLETE_NUMERICAL,completed,Passed the bank numerical checks,2026-10-08,cfe2d2ff99a434cd502696c1eb7b2f5daf8d11c5,58faa4377006afb855cb3db77ca0c48382389a321419731c946976e4e1513fd6,native preset; see archived full request
da-fc653c6a7e8b5c7b3016c2e2,DA,grid-node,28000.0,6.0,,,,,,COMPLETE_NUMERICAL,completed,Passed the bank numerical checks,2026-10-08,cfe2d2ff99a434cd502696c1eb7b2f5daf8d11c5,58faa4377006afb855cb3db77ca0c48382389a321419731c946976e4e1513fd6,native preset; see archived full request
da-ec131e664776cb863f3f26c3,DA,grid-node,29000.0,6.0,,,,,,COMPLETE_NUMERICAL,completed,Passed the bank numerical checks,2026-10-08,cfe2d2ff99a434cd502696c1eb7b2f5daf8d11c5,58faa4377006afb855cb3db77ca0c48382389a321419731c946976e4e1513fd6,native preset; see archived full request
da-cafecc4048f9ae0c427a1977,DA,grid-node,30000.0,6.0,,,,,,NUMERICAL_NONCONVERGENCE,numerical_failure,Required equilibrium checks failed; raw reason retained,2026-10-08,cfe2d2ff99a434cd502696c1eb7b2f5daf8d11c5,58faa4377006afb855cb3db77ca0c48382389a321419731c946976e4e1513fd6,native preset; see archived full request
da-8e7c2e785a1778dd59ba9518,DA,grid-node,32000.0,6.0,,,,,,NUMERICAL_NONCONVERGENCE,numerical_failure,Required equilibrium checks failed; raw reason retained,2026-10-08,cfe2d2ff99a434cd502696c1eb7b2f5daf8d11c5,58faa4377006afb855cb3db77ca0c48382389a321419731c946976e4e1513fd6,native preset; see archived full request
da-e3585679e75273ffc856421b,DA,grid-node,34000.0,6.0,,,,,,NUMERICAL_NONCONVERGENCE,numerical_failure,Required equilibrium checks failed; raw reason retained,2026-10-08,cfe2d2ff99a434cd502696c1eb7b2f5daf8d11c5,58faa4377006afb855cb3db77ca0c48382389a321419731c946976e4e1513fd6,native preset; see archived full request
da-6d91831701608728604ef0c5,DA,grid-node,36000.0,6.0,,,,,,NUMERICAL_NONCONVERGENCE,numerical_failure,Required equilibrium checks failed; raw reason retained,2026-10-08,cfe2d2ff99a434cd502696c1eb7b2f5daf8d11c5,58faa4377006afb855cb3db77ca0c48382389a321419731c946976e4e1513fd6,native preset; see archived full request
da-537670943d26bd588a6b8c30,DA,grid-node,38000.0,6.0,,,,,,NUMERICAL_NONCONVERGENCE,numerical_failure,Required equilibrium checks failed; raw reason retained,2026-10-08,cfe2d2ff99a434cd502696c1eb7b2f5daf8d11c5,58faa4377006afb855cb3db77ca0c48382389a321419731c946976e4e1513fd6,native preset; see archived full request
da-3be54893ebb4a03cb8a81d11,DA,grid-node,40000.0,6.0,,,,,,COMPLETE_NUMERICAL,completed,Passed the bank numerical checks,2026-10-08,cfe2d2ff99a434cd502696c1eb7b2f5daf8d11c5,58faa4377006afb855cb3db77ca0c48382389a321419731c946976e4e1513fd6,native preset; see archived full request
da-5515b6d93097bace8781aee5,DA,grid-node,45000.0,6.0,,,,,,COMPLETE_NUMERICAL,completed,Passed the bank numerical checks,2026-10-08,cfe2d2ff99a434cd502696c1eb7b2f5daf8d11c5,58faa4377006afb855cb3db77ca0c48382389a321419731c946976e4e1513fd6,native preset; see archived full request
da-0d697f410b4dfa7d3eb626a2,DA,grid-node,50000.0,6.0,,,,,,COMPLETE_NUMERICAL,completed,Passed the bank numerical checks,2026-10-08,cfe2d2ff99a434cd502696c1eb7b2f5daf8d11c5,58faa4377006afb855cb3db77ca0c48382389a321419731c946976e4e1513fd6,native preset; see archived full request
da-cc44498e1c7d99776c61ae4a,DA,grid-node,55000.0,6.0,,,,,,COMPLETE_NUMERICAL,completed,Passed the bank numerical checks,2026-10-08,cfe2d2ff99a434cd502696c1eb7b2f5daf8d11c5,58faa4377006afb855cb3db77ca0c48382389a321419731c946976e4e1513fd6,native preset; see archived full request
da-4ede6625a4dc17ff629ed949,DA,boundary-probe,2500.0,7.0,,,,,,COMPLETE_NUMERICAL,completed,Passed the bank numerical checks,2026-10-08,cfe2d2ff99a434cd502696c1eb7b2f5daf8d11c5,58faa4377006afb855cb3db77ca0c48382389a321419731c946976e4e1513fd6,native preset; see archived full request
da-e9f873422ab424c2e3e30e52,DA,boundary-probe,2500.0,8.0,,,,,,COMPLETE_NUMERICAL,completed,Passed the bank numerical checks,2026-10-08,cfe2d2ff99a434cd502696c1eb7b2f5daf8d11c5,58faa4377006afb855cb3db77ca0c48382389a321419731c946976e4e1513fd6,native preset; see archived full request
da-17c0a267f8e5181305b3b065,DA,boundary-probe,2500.0,9.0,,,,,,NUMERICAL_NONCONVERGENCE,numerical_failure,Required equilibrium checks failed; raw reason retained,2026-10-08,cfe2d2ff99a434cd502696c1eb7b2f5daf8d11c5,58faa4377006afb855cb3db77ca0c48382389a321419731c946976e4e1513fd6,native preset; see archived full request
da-38490c981fa817551ea61a30,DA,boundary-probe,100000.0,7.0,,,,,,COMPLETE_NUMERICAL,completed,Passed the bank numerical checks,2026-10-08,cfe2d2ff99a434cd502696c1eb7b2f5daf8d11c5,58faa4377006afb855cb3db77ca0c48382389a321419731c946976e4e1513fd6,native preset; see archived full request
da-c316b53bdd71fd5a30646198,DA,boundary-probe,100000.0,8.0,,,,,,COMPLETE_NUMERICAL,completed,Passed the bank numerical checks,2026-10-08,cfe2d2ff99a434cd502696c1eb7b2f5daf8d11c5,58faa4377006afb855cb3db77ca0c48382389a321419731c946976e4e1513fd6,native preset; see archived full request
da-c1dab2e3bf0444612d271cf4,DA,boundary-probe,100000.0,9.0,,,,,,COMPLETE_NUMERICAL,completed,Passed the bank numerical checks,2026-10-08,cfe2d2ff99a434cd502696c1eb7b2f5daf8d11c5,58faa4377006afb855cb3db77ca0c48382389a321419731c946976e4e1513fd6,native preset; see archived full request
da-c05b9c69cf8d1ebd6d481b9a,DA,boundary-probe,5000.0,5.0,,,,,,COMPLETE_NUMERICAL,completed,Passed the bank numerical checks,2026-10-08,cfe2d2ff99a434cd502696c1eb7b2f5daf8d11c5,58faa4377006afb855cb3db77ca0c48382389a321419731c946976e4e1513fd6,native preset; see archived full request
da-2be05c82b04e58f87907be77,DA,boundary-probe,12000.0,5.0,,,,,,COMPLETE_NUMERICAL,completed,Passed the bank numerical checks,2026-10-08,cfe2d2ff99a434cd502696c1eb7b2f5daf8d11c5,58faa4377006afb855cb3db77ca0c48382389a321419731c946976e4e1513fd6,native preset; see archived full request
da-b3dff17df47ca02de7beec13,DA,boundary-probe,30000.0,5.0,,,,,,NUMERICAL_NONCONVERGENCE,numerical_failure,Required equilibrium checks failed; raw reason retained,2026-10-08,cfe2d2ff99a434cd502696c1eb7b2f5daf8d11c5,58faa4377006afb855cb3db77ca0c48382389a321419731c946976e4e1513fd6,native preset; see archived full request
da-f050aa187df1ed9dd0f86c78,DA,boundary-probe,60000.0,5.0,,,,,,NUMERICAL_NONCONVERGENCE,numerical_failure,Required equilibrium checks failed; raw reason retained,2026-10-08,cfe2d2ff99a434cd502696c1eb7b2f5daf8d11c5,58faa4377006afb855cb3db77ca0c48382389a321419731c946976e4e1513fd6,native preset; see archived full request
da-9cecd4ab2270e17db070282a,DA,boundary-probe,5000.0,5.5,,,,,,COMPLETE_NUMERICAL,completed,Passed the bank numerical checks,2026-10-08,cfe2d2ff99a434cd502696c1eb7b2f5daf8d11c5,58faa4377006afb855cb3db77ca0c48382389a321419731c946976e4e1513fd6,native preset; see archived full request
da-d9df55c7daa90daba467bd7d,DA,boundary-probe,12000.0,5.5,,,,,,COMPLETE_NUMERICAL,completed,Passed the bank numerical checks,2026-10-08,cfe2d2ff99a434cd502696c1eb7b2f5daf8d11c5,58faa4377006afb855cb3db77ca0c48382389a321419731c946976e4e1513fd6,native preset; see archived full request
da-7353a932d6b4aec9480f02a4,DA,boundary-probe,30000.0,5.5,,,,,,NUMERICAL_NONCONVERGENCE,numerical_failure,Required equilibrium checks failed; raw reason retained,2026-10-08,cfe2d2ff99a434cd502696c1eb7b2f5daf8d11c5,58faa4377006afb855cb3db77ca0c48382389a321419731c946976e4e1513fd6,native preset; see archived full request
da-eb6774639c6b413d67142b4b,DA,boundary-probe,60000.0,5.5,,,,,,NUMERICAL_NONCONVERGENCE,numerical_failure,Required equilibrium checks failed; raw reason retained,2026-10-08,cfe2d2ff99a434cd502696c1eb7b2f5daf8d11c5,58faa4377006afb855cb3db77ca0c48382389a321419731c946976e4e1513fd6,native preset; see archived full request
da-675a8987882a453b2f735fab,DA,boundary-probe,5000.0,10.0,,,,,,COMPLETE_NUMERICAL,completed,Passed the bank numerical checks,2026-10-08,cfe2d2ff99a434cd502696c1eb7b2f5daf8d11c5,58faa4377006afb855cb3db77ca0c48382389a321419731c946976e4e1513fd6,native preset; see archived full request
da-deb4518d5c5b9df69183b908,DA,boundary-probe,12000.0,10.0,,,,,,COMPLETE_NUMERICAL,completed,Passed the bank numerical checks,2026-10-08,cfe2d2ff99a434cd502696c1eb7b2f5daf8d11c5,58faa4377006afb855cb3db77ca0c48382389a321419731c946976e4e1513fd6,native preset; see archived full request
da-67a8b7c49f46688e0327aeb1,DA,boundary-probe,30000.0,10.0,,,,,,COMPLETE_NUMERICAL,completed,Passed the bank numerical checks,2026-10-08,cfe2d2ff99a434cd502696c1eb7b2f5daf8d11c5,58faa4377006afb855cb3db77ca0c48382389a321419731c946976e4e1513fd6,native preset; see archived full request
da-b3f98a53a6e32f8e4d39d4ef,DA,boundary-probe,60000.0,10.0,,,,,,COMPLETE_NUMERICAL,completed,Passed the bank numerical checks,2026-10-08,cfe2d2ff99a434cd502696c1eb7b2f5daf8d11c5,58faa4377006afb855cb3db77ca0c48382389a321419731c946976e4e1513fd6,native preset; see archived full request
da-5243c1a967e8ba3734fd6ec0,DA,heldout,6250.0,7.125,,,,,,COMPLETE_NUMERICAL,completed,Passed the bank numerical checks,2026-10-08,cfe2d2ff99a434cd502696c1eb7b2f5daf8d11c5,58faa4377006afb855cb3db77ca0c48382389a321419731c946976e4e1513fd6,native preset; see archived full request
da-88c255abe1567725b14ed546,DA,heldout,6250.0,8.125,,,,,,COMPLETE_NUMERICAL,completed,Passed the bank numerical checks,2026-10-08,cfe2d2ff99a434cd502696c1eb7b2f5daf8d11c5,58faa4377006afb855cb3db77ca0c48382389a321419731c946976e4e1513fd6,native preset; see archived full request
da-34abdc7262be8581f2004210,DA,heldout,7250.0,7.125,,,,,,COMPLETE_NUMERICAL,completed,Passed the bank numerical checks,2026-10-08,cfe2d2ff99a434cd502696c1eb7b2f5daf8d11c5,58faa4377006afb855cb3db77ca0c48382389a321419731c946976e4e1513fd6,native preset; see archived full request
da-4f6c0469f6262cf8b34e4554,DA,heldout,7250.0,8.125,,,,,,COMPLETE_NUMERICAL,completed,Passed the bank numerical checks,2026-10-08,cfe2d2ff99a434cd502696c1eb7b2f5daf8d11c5,58faa4377006afb855cb3db77ca0c48382389a321419731c946976e4e1513fd6,native preset; see archived full request
da-7cc5287d84e04792c89e0183,DA,heldout,8750.0,7.125,,,,,,COMPLETE_NUMERICAL,completed,Passed the bank numerical checks,2026-10-08,cfe2d2ff99a434cd502696c1eb7b2f5daf8d11c5,58faa4377006afb855cb3db77ca0c48382389a321419731c946976e4e1513fd6,native preset; see archived full request
da-1684e5b0a40cc8f1fd19e063,DA,heldout,8750.0,8.125,,,,,,COMPLETE_NUMERICAL,completed,Passed the bank numerical checks,2026-10-08,cfe2d2ff99a434cd502696c1eb7b2f5daf8d11c5,58faa4377006afb855cb3db77ca0c48382389a321419731c946976e4e1513fd6,native preset; see archived full request
da-fb97d5a3d4facafd50867bf0,DA,heldout,9750.0,7.125,,,,,,COMPLETE_NUMERICAL,completed,Passed the bank numerical checks,2026-10-08,cfe2d2ff99a434cd502696c1eb7b2f5daf8d11c5,58faa4377006afb855cb3db77ca0c48382389a321419731c946976e4e1513fd6,native preset; see archived full request
da-aef479fed2a79f43274ad91a,DA,heldout,9750.0,8.125,,,,,,COMPLETE_NUMERICAL,completed,Passed the bank numerical checks,2026-10-08,cfe2d2ff99a434cd502696c1eb7b2f5daf8d11c5,58faa4377006afb855cb3db77ca0c48382389a321419731c946976e4e1513fd6,native preset; see archived full request
da-5dcf6e06729b7c996a770f41,DA,heldout,11250.0,7.125,,,,,,COMPLETE_NUMERICAL,completed,Passed the bank numerical checks,2026-10-08,cfe2d2ff99a434cd502696c1eb7b2f5daf8d11c5,58faa4377006afb855cb3db77ca0c48382389a321419731c946976e4e1513fd6,native preset; see archived full request
da-05565ea369240ad77e893b5a,DA,heldout,11250.0,8.125,,,,,,COMPLETE_NUMERICAL,completed,Passed the bank numerical checks,2026-10-08,cfe2d2ff99a434cd502696c1eb7b2f5daf8d11c5,58faa4377006afb855cb3db77ca0c48382389a321419731c946976e4e1513fd6,native preset; see archived full request
da-ebb15e749bceacb7fa973e0b,DA,heldout,12750.0,7.125,,,,,,COMPLETE_NUMERICAL,completed,Passed the bank numerical checks,2026-10-08,cfe2d2ff99a434cd502696c1eb7b2f5daf8d11c5,58faa4377006afb855cb3db77ca0c48382389a321419731c946976e4e1513fd6,native preset; see archived full request
da-be3dfa239b3aa444000a384a,DA,heldout,12750.0,8.125,,,,,,COMPLETE_NUMERICAL,completed,Passed the bank numerical checks,2026-10-08,cfe2d2ff99a434cd502696c1eb7b2f5daf8d11c5,58faa4377006afb855cb3db77ca0c48382389a321419731c946976e4e1513fd6,native preset; see archived full request
da-2a33a24518e43df5e0133326,DA,heldout,14250.0,7.125,,,,,,COMPLETE_NUMERICAL,completed,Passed the bank numerical checks,2026-10-08,cfe2d2ff99a434cd502696c1eb7b2f5daf8d11c5,58faa4377006afb855cb3db77ca0c48382389a321419731c946976e4e1513fd6,native preset; see archived full request
da-a5726c519ea754ee152500a5,DA,heldout,14250.0,8.125,,,,,,COMPLETE_NUMERICAL,completed,Passed the bank numerical checks,2026-10-08,cfe2d2ff99a434cd502696c1eb7b2f5daf8d11c5,58faa4377006afb855cb3db77ca0c48382389a321419731c946976e4e1513fd6,native preset; see archived full request
da-08ed4c9ac80c63603ecbb4fe,DA,heldout,15500.0,7.125,,,,,,COMPLETE_NUMERICAL,completed,Passed the bank numerical checks,2026-10-08,cfe2d2ff99a434cd502696c1eb7b2f5daf8d11c5,58faa4377006afb855cb3db77ca0c48382389a321419731c946976e4e1513fd6,native preset; see archived full request
da-0618c60d309ebb9f210aaedf,DA,heldout,15500.0,8.125,,,,,,COMPLETE_NUMERICAL,completed,Passed the bank numerical checks,2026-10-08,cfe2d2ff99a434cd502696c1eb7b2f5daf8d11c5,58faa4377006afb855cb3db77ca0c48382389a321419731c946976e4e1513fd6,native preset; see archived full request
da-8fd42cefc02340d0cdb50f9f,DA,heldout,18500.0,7.125,,,,,,COMPLETE_NUMERICAL,completed,Passed the bank numerical checks,2026-10-08,cfe2d2ff99a434cd502696c1eb7b2f5daf8d11c5,58faa4377006afb855cb3db77ca0c48382389a321419731c946976e4e1513fd6,native preset; see archived full request
da-08e35b91c074ff93dd4e51d4,DA,heldout,18500.0,8.125,,,,,,COMPLETE_NUMERICAL,completed,Passed the bank numerical checks,2026-10-08,cfe2d2ff99a434cd502696c1eb7b2f5daf8d11c5,58faa4377006afb855cb3db77ca0c48382389a321419731c946976e4e1513fd6,native preset; see archived full request
da-9b038715f902db82c4a1a58b,DA,heldout,23500.0,7.125,,,,,,COMPLETE_NUMERICAL,completed,Passed the bank numerical checks,2026-10-08,cfe2d2ff99a434cd502696c1eb7b2f5daf8d11c5,58faa4377006afb855cb3db77ca0c48382389a321419731c946976e4e1513fd6,native preset; see archived full request
da-33410934f1a7ea817631a40b,DA,heldout,23500.0,8.125,,,,,,COMPLETE_NUMERICAL,completed,Passed the bank numerical checks,2026-10-08,cfe2d2ff99a434cd502696c1eb7b2f5daf8d11c5,58faa4377006afb855cb3db77ca0c48382389a321419731c946976e4e1513fd6,native preset; see archived full request
da-aa3503cb6cf138209d251076,DA,heldout,29000.0,7.125,,,,,,COMPLETE_NUMERICAL,completed,Passed the bank numerical checks,2026-10-08,cfe2d2ff99a434cd502696c1eb7b2f5daf8d11c5,58faa4377006afb855cb3db77ca0c48382389a321419731c946976e4e1513fd6,native preset; see archived full request
da-7b498135cd04ab50a54e8836,DA,heldout,29000.0,8.125,,,,,,COMPLETE_NUMERICAL,completed,Passed the bank numerical checks,2026-10-08,cfe2d2ff99a434cd502696c1eb7b2f5daf8d11c5,58faa4377006afb855cb3db77ca0c48382389a321419731c946976e4e1513fd6,native preset; see archived full request
da-451f40ec74da48e8fbc54d69,DA,heldout,37000.0,7.125,,,,,,COMPLETE_NUMERICAL,completed,Passed the bank numerical checks,2026-10-08,cfe2d2ff99a434cd502696c1eb7b2f5daf8d11c5,58faa4377006afb855cb3db77ca0c48382389a321419731c946976e4e1513fd6,native preset; see archived full request
da-d272d9222791502afa9b603f,DA,heldout,37000.0,8.125,,,,,,COMPLETE_NUMERICAL,completed,Passed the bank numerical checks,2026-10-08,cfe2d2ff99a434cd502696c1eb7b2f5daf8d11c5,58faa4377006afb855cb3db77ca0c48382389a321419731c946976e4e1513fd6,native preset; see archived full request
db-9423f894edef9d57708e237f,DB,grid-node,5000.0,8.0,,,,,,COMPLETE_NUMERICAL,completed,Passed the bank numerical checks,2026-10-08,cfe2d2ff99a434cd502696c1eb7b2f5daf8d11c5,58faa4377006afb855cb3db77ca0c48382389a321419731c946976e4e1513fd6,native preset; see archived full request
db-6df56091d0093ccd3225f68f,DB,grid-node,8000.0,8.0,,,,,,COMPLETE_NUMERICAL,completed,Passed the bank numerical checks,2026-10-08,cfe2d2ff99a434cd502696c1eb7b2f5daf8d11c5,58faa4377006afb855cb3db77ca0c48382389a321419731c946976e4e1513fd6,native preset; see archived full request
db-da24290f1cb3fb24fbf1618b,DB,grid-node,10000.0,8.0,,,,,,COMPLETE_NUMERICAL,completed,Passed the bank numerical checks,2026-10-08,cfe2d2ff99a434cd502696c1eb7b2f5daf8d11c5,58faa4377006afb855cb3db77ca0c48382389a321419731c946976e4e1513fd6,native preset; see archived full request
db-5b3e2d59a2b84e07eb2685d3,DB,grid-node,12000.0,8.0,,,,,,COMPLETE_NUMERICAL,completed,Passed the bank numerical checks,2026-10-08,cfe2d2ff99a434cd502696c1eb7b2f5daf8d11c5,58faa4377006afb855cb3db77ca0c48382389a321419731c946976e4e1513fd6,native preset; see archived full request
db-e354d3caf255ce08cfd0ec5d,DB,grid-node,20000.0,8.0,,,,,,COMPLETE_NUMERICAL,completed,Passed the bank numerical checks,2026-10-08,cfe2d2ff99a434cd502696c1eb7b2f5daf8d11c5,58faa4377006afb855cb3db77ca0c48382389a321419731c946976e4e1513fd6,native preset; see archived full request
db-8bbe363d7e3368f25ba047ec,DB,grid-node,22000.0,8.0,,,,,,COMPLETE_NUMERICAL,completed,Passed the bank numerical checks,2026-10-08,cfe2d2ff99a434cd502696c1eb7b2f5daf8d11c5,58faa4377006afb855cb3db77ca0c48382389a321419731c946976e4e1513fd6,native preset; see archived full request
db-0eeeba12374335cbcff2cb9c,DB,grid-node,60000.0,8.0,,,,,,COMPLETE_NUMERICAL,completed,Passed the bank numerical checks,2026-10-08,cfe2d2ff99a434cd502696c1eb7b2f5daf8d11c5,58faa4377006afb855cb3db77ca0c48382389a321419731c946976e4e1513fd6,native preset; see archived full request
db-89eac93466d23a10543dee6c,DB,grid-node,5500.0,8.0,,,,,,COMPLETE_NUMERICAL,completed,Passed the bank numerical checks,2026-10-08,cfe2d2ff99a434cd502696c1eb7b2f5daf8d11c5,58faa4377006afb855cb3db77ca0c48382389a321419731c946976e4e1513fd6,native preset; see archived full request
db-bb8cf8814a4dc7ab1980cb32,DB,grid-node,6000.0,8.0,,,,,,COMPLETE_NUMERICAL,completed,Passed the bank numerical checks,2026-10-08,cfe2d2ff99a434cd502696c1eb7b2f5daf8d11c5,58faa4377006afb855cb3db77ca0c48382389a321419731c946976e4e1513fd6,native preset; see archived full request
db-2230bf713da5867942d341cc,DB,grid-node,6500.0,8.0,,,,,,COMPLETE_NUMERICAL,completed,Passed the bank numerical checks,2026-10-08,cfe2d2ff99a434cd502696c1eb7b2f5daf8d11c5,58faa4377006afb855cb3db77ca0c48382389a321419731c946976e4e1513fd6,native preset; see archived full request
db-e06de0a0fe6087d3de7cc5d7,DB,grid-node,7000.0,8.0,,,,,,COMPLETE_NUMERICAL,completed,Passed the bank numerical checks,2026-10-08,cfe2d2ff99a434cd502696c1eb7b2f5daf8d11c5,58faa4377006afb855cb3db77ca0c48382389a321419731c946976e4e1513fd6,native preset; see archived full request
db-aedef24dd8523132190383b0,DB,grid-node,7500.0,8.0,,,,,,COMPLETE_NUMERICAL,completed,Passed the bank numerical checks,2026-10-08,cfe2d2ff99a434cd502696c1eb7b2f5daf8d11c5,58faa4377006afb855cb3db77ca0c48382389a321419731c946976e4e1513fd6,native preset; see archived full request
db-e746761a98e50283ec8b166c,DB,grid-node,8500.0,8.0,,,,,,COMPLETE_NUMERICAL,completed,Passed the bank numerical checks,2026-10-08,cfe2d2ff99a434cd502696c1eb7b2f5daf8d11c5,58faa4377006afb855cb3db77ca0c48382389a321419731c946976e4e1513fd6,native preset; see archived full request
db-cd93e11e3cb50e4baba9c956,DB,grid-node,9000.0,8.0,,,,,,TIMEOUT,timed_out,Resource cap reached; no physical failure inferred,2026-10-08,cfe2d2ff99a434cd502696c1eb7b2f5daf8d11c5,58faa4377006afb855cb3db77ca0c48382389a321419731c946976e4e1513fd6,native preset; see archived full request
db-9a6ccf6035ec8648889fda3c,DB,grid-node,9500.0,8.0,,,,,,NUMERICAL_NONCONVERGENCE,numerical_failure,Required equilibrium checks failed; raw reason retained,2026-10-08,cfe2d2ff99a434cd502696c1eb7b2f5daf8d11c5,58faa4377006afb855cb3db77ca0c48382389a321419731c946976e4e1513fd6,native preset; see archived full request
db-cf164e8557d40536358fd586,DB,grid-node,11000.0,8.0,,,,,,COMPLETE_NUMERICAL,completed,Passed the bank numerical checks,2026-10-08,cfe2d2ff99a434cd502696c1eb7b2f5daf8d11c5,58faa4377006afb855cb3db77ca0c48382389a321419731c946976e4e1513fd6,native preset; see archived full request
db-f4205037d74877ac9881546f,DB,grid-node,13000.0,8.0,,,,,,COMPLETE_NUMERICAL,completed,Passed the bank numerical checks,2026-10-08,cfe2d2ff99a434cd502696c1eb7b2f5daf8d11c5,58faa4377006afb855cb3db77ca0c48382389a321419731c946976e4e1513fd6,native preset; see archived full request
db-b206680830b05b2aebede62f,DB,grid-node,14000.0,8.0,,,,,,COMPLETE_NUMERICAL,completed,Passed the bank numerical checks,2026-10-08,cfe2d2ff99a434cd502696c1eb7b2f5daf8d11c5,58faa4377006afb855cb3db77ca0c48382389a321419731c946976e4e1513fd6,native preset; see archived full request
db-b26c0a692e57e0d38032552f,DB,grid-node,15000.0,8.0,,,,,,COMPLETE_NUMERICAL,completed,Passed the bank numerical checks,2026-10-08,cfe2d2ff99a434cd502696c1eb7b2f5daf8d11c5,58faa4377006afb855cb3db77ca0c48382389a321419731c946976e4e1513fd6,native preset; see archived full request
db-99006a395ba0848679fe4be0,DB,grid-node,16000.0,8.0,,,,,,COMPLETE_NUMERICAL,completed,Passed the bank numerical checks,2026-10-08,cfe2d2ff99a434cd502696c1eb7b2f5daf8d11c5,58faa4377006afb855cb3db77ca0c48382389a321419731c946976e4e1513fd6,native preset; see archived full request
db-6a7105f3eb53e02a3e220dcd,DB,grid-node,17000.0,8.0,,,,,,COMPLETE_NUMERICAL,completed,Passed the bank numerical checks,2026-10-08,cfe2d2ff99a434cd502696c1eb7b2f5daf8d11c5,58faa4377006afb855cb3db77ca0c48382389a321419731c946976e4e1513fd6,native preset; see archived full request
db-7e1556b9536dcf77f04f2971,DB,grid-node,18000.0,8.0,,,,,,COMPLETE_NUMERICAL,completed,Passed the bank numerical checks,2026-10-08,cfe2d2ff99a434cd502696c1eb7b2f5daf8d11c5,58faa4377006afb855cb3db77ca0c48382389a321419731c946976e4e1513fd6,native preset; see archived full request
db-34238cfeff5ed70fb72caad9,DB,grid-node,19000.0,8.0,,,,,,COMPLETE_NUMERICAL,completed,Passed the bank numerical checks,2026-10-08,cfe2d2ff99a434cd502696c1eb7b2f5daf8d11c5,58faa4377006afb855cb3db77ca0c48382389a321419731c946976e4e1513fd6,native preset; see archived full request
db-f61075703ed5dad6bdce76d2,DB,grid-node,21000.0,8.0,,,,,,COMPLETE_NUMERICAL,completed,Passed the bank numerical checks,2026-10-08,cfe2d2ff99a434cd502696c1eb7b2f5daf8d11c5,58faa4377006afb855cb3db77ca0c48382389a321419731c946976e4e1513fd6,native preset; see archived full request
db-8ccfadcebb2851b25184657c,DB,grid-node,23000.0,8.0,,,,,,COMPLETE_NUMERICAL,completed,Passed the bank numerical checks,2026-10-08,cfe2d2ff99a434cd502696c1eb7b2f5daf8d11c5,58faa4377006afb855cb3db77ca0c48382389a321419731c946976e4e1513fd6,native preset; see archived full request
db-d5cb7cfae9eb5a9ef9043b58,DB,grid-node,24000.0,8.0,,,,,,COMPLETE_NUMERICAL,completed,Passed the bank numerical checks,2026-10-08,cfe2d2ff99a434cd502696c1eb7b2f5daf8d11c5,58faa4377006afb855cb3db77ca0c48382389a321419731c946976e4e1513fd6,native preset; see archived full request
db-3579b55216c750713e278d2a,DB,grid-node,25000.0,8.0,,,,,,COMPLETE_NUMERICAL,completed,Passed the bank numerical checks,2026-10-08,cfe2d2ff99a434cd502696c1eb7b2f5daf8d11c5,58faa4377006afb855cb3db77ca0c48382389a321419731c946976e4e1513fd6,native preset; see archived full request
db-e0aec3e0ef0da8d0c845d70d,DB,grid-node,26000.0,8.0,,,,,,COMPLETE_NUMERICAL,completed,Passed the bank numerical checks,2026-10-08,cfe2d2ff99a434cd502696c1eb7b2f5daf8d11c5,58faa4377006afb855cb3db77ca0c48382389a321419731c946976e4e1513fd6,native preset; see archived full request
db-44e617f39d6d8c6898f1dcf9,DB,grid-node,27000.0,8.0,,,,,,COMPLETE_NUMERICAL,completed,Passed the bank numerical checks,2026-10-08,cfe2d2ff99a434cd502696c1eb7b2f5daf8d11c5,58faa4377006afb855cb3db77ca0c48382389a321419731c946976e4e1513fd6,native preset; see archived full request
db-664b15b54c14705c96ab2c04,DB,grid-node,28000.0,8.0,,,,,,COMPLETE_NUMERICAL,completed,Passed the bank numerical checks,2026-10-08,cfe2d2ff99a434cd502696c1eb7b2f5daf8d11c5,58faa4377006afb855cb3db77ca0c48382389a321419731c946976e4e1513fd6,native preset; see archived full request
db-1caa682e2f64ac78d37552ae,DB,grid-node,29000.0,8.0,,,,,,COMPLETE_NUMERICAL,completed,Passed the bank numerical checks,2026-10-08,cfe2d2ff99a434cd502696c1eb7b2f5daf8d11c5,58faa4377006afb855cb3db77ca0c48382389a321419731c946976e4e1513fd6,native preset; see archived full request
db-aecd1fcde45a8c5a0033ea4a,DB,grid-node,30000.0,8.0,,,,,,COMPLETE_NUMERICAL,completed,Passed the bank numerical checks,2026-10-08,cfe2d2ff99a434cd502696c1eb7b2f5daf8d11c5,58faa4377006afb855cb3db77ca0c48382389a321419731c946976e4e1513fd6,native preset; see archived full request
db-d95cc9ac107232e2e8db8139,DB,grid-node,32000.0,8.0,,,,,,COMPLETE_NUMERICAL,completed,Passed the bank numerical checks,2026-10-08,cfe2d2ff99a434cd502696c1eb7b2f5daf8d11c5,58faa4377006afb855cb3db77ca0c48382389a321419731c946976e4e1513fd6,native preset; see archived full request
db-586a3b001269e853e1fdc1fe,DB,grid-node,34000.0,8.0,,,,,,COMPLETE_NUMERICAL,completed,Passed the bank numerical checks,2026-10-08,cfe2d2ff99a434cd502696c1eb7b2f5daf8d11c5,58faa4377006afb855cb3db77ca0c48382389a321419731c946976e4e1513fd6,native preset; see archived full request
db-8f27d1940c48c3d333f1ca23,DB,grid-node,36000.0,8.0,,,,,,COMPLETE_NUMERICAL,completed,Passed the bank numerical checks,2026-10-08,cfe2d2ff99a434cd502696c1eb7b2f5daf8d11c5,58faa4377006afb855cb3db77ca0c48382389a321419731c946976e4e1513fd6,native preset; see archived full request
db-3771c68ac39d9f3958fd6c7a,DB,grid-node,38000.0,8.0,,,,,,COMPLETE_NUMERICAL,completed,Passed the bank numerical checks,2026-10-08,cfe2d2ff99a434cd502696c1eb7b2f5daf8d11c5,58faa4377006afb855cb3db77ca0c48382389a321419731c946976e4e1513fd6,native preset; see archived full request
db-751277f38c08744175e337b7,DB,grid-node,40000.0,8.0,,,,,,COMPLETE_NUMERICAL,completed,Passed the bank numerical checks,2026-10-08,cfe2d2ff99a434cd502696c1eb7b2f5daf8d11c5,58faa4377006afb855cb3db77ca0c48382389a321419731c946976e4e1513fd6,native preset; see archived full request
db-1f20681c2546915b4f86a019,DB,grid-node,45000.0,8.0,,,,,,COMPLETE_NUMERICAL,completed,Passed the bank numerical checks,2026-10-08,cfe2d2ff99a434cd502696c1eb7b2f5daf8d11c5,58faa4377006afb855cb3db77ca0c48382389a321419731c946976e4e1513fd6,native preset; see archived full request
db-a660cbdbe3f255103e0b6fa6,DB,grid-node,50000.0,8.0,,,,,,COMPLETE_NUMERICAL,completed,Passed the bank numerical checks,2026-10-08,cfe2d2ff99a434cd502696c1eb7b2f5daf8d11c5,58faa4377006afb855cb3db77ca0c48382389a321419731c946976e4e1513fd6,native preset; see archived full request
db-36dcb339916db5d391366328,DB,grid-node,55000.0,8.0,,,,,,COMPLETE_NUMERICAL,completed,Passed the bank numerical checks,2026-10-08,cfe2d2ff99a434cd502696c1eb7b2f5daf8d11c5,58faa4377006afb855cb3db77ca0c48382389a321419731c946976e4e1513fd6,native preset; see archived full request
db-7359ba0ed7be75a842de4821,DB,grid-node,5000.0,7.75,,,,,,DOMAIN_OR_UNSUPPORTED_CONFIG,unsupported,Requested parameters blocked by the current driver,2026-10-08,cfe2d2ff99a434cd502696c1eb7b2f5daf8d11c5,58faa4377006afb855cb3db77ca0c48382389a321419731c946976e4e1513fd6,native preset; see archived full request
db-e59a6c66508e9c909c07772a,DB,grid-node,8000.0,7.75,,,,,,DOMAIN_OR_UNSUPPORTED_CONFIG,unsupported,Requested parameters blocked by the current driver,2026-10-08,cfe2d2ff99a434cd502696c1eb7b2f5daf8d11c5,58faa4377006afb855cb3db77ca0c48382389a321419731c946976e4e1513fd6,native preset; see archived full request
db-4899544a877aa421e7314c29,DB,grid-node,10000.0,7.75,,,,,,COMPLETE_NUMERICAL,completed,Passed the bank numerical checks,2026-10-08,cfe2d2ff99a434cd502696c1eb7b2f5daf8d11c5,58faa4377006afb855cb3db77ca0c48382389a321419731c946976e4e1513fd6,native preset; see archived full request
db-483d045f2c6a60cbfe127fa5,DB,grid-node,12000.0,7.75,,,,,,COMPLETE_NUMERICAL,completed,Passed the bank numerical checks,2026-10-08,cfe2d2ff99a434cd502696c1eb7b2f5daf8d11c5,58faa4377006afb855cb3db77ca0c48382389a321419731c946976e4e1513fd6,native preset; see archived full request
db-4489afef9d732044a9bb9592,DB,grid-node,20000.0,7.75,,,,,,COMPLETE_NUMERICAL,completed,Passed the bank numerical checks,2026-10-08,cfe2d2ff99a434cd502696c1eb7b2f5daf8d11c5,58faa4377006afb855cb3db77ca0c48382389a321419731c946976e4e1513fd6,native preset; see archived full request
db-2c4780c80ce3be72236bd1bf,DB,grid-node,22000.0,7.75,,,,,,COMPLETE_NUMERICAL,completed,Passed the bank numerical checks,2026-10-08,cfe2d2ff99a434cd502696c1eb7b2f5daf8d11c5,58faa4377006afb855cb3db77ca0c48382389a321419731c946976e4e1513fd6,native preset; see archived full request
db-c7292d8d7b1c83727a84c7dc,DB,grid-node,60000.0,7.75,,,,,,COMPLETE_NUMERICAL,completed,Passed the bank numerical checks,2026-10-08,cfe2d2ff99a434cd502696c1eb7b2f5daf8d11c5,58faa4377006afb855cb3db77ca0c48382389a321419731c946976e4e1513fd6,native preset; see archived full request
db-7984564a71f1f5c74be3d0ee,DB,grid-node,5500.0,7.75,,,,,,DOMAIN_OR_UNSUPPORTED_CONFIG,unsupported,Requested parameters blocked by the current driver,2026-10-08,cfe2d2ff99a434cd502696c1eb7b2f5daf8d11c5,58faa4377006afb855cb3db77ca0c48382389a321419731c946976e4e1513fd6,native preset; see archived full request
db-f75c7a097355a59e6a074e73,DB,grid-node,6000.0,7.75,,,,,,DOMAIN_OR_UNSUPPORTED_CONFIG,unsupported,Requested parameters blocked by the current driver,2026-10-08,cfe2d2ff99a434cd502696c1eb7b2f5daf8d11c5,58faa4377006afb855cb3db77ca0c48382389a321419731c946976e4e1513fd6,native preset; see archived full request
db-636d570ff2b2c6b7dd1a8e32,DB,grid-node,6500.0,7.75,,,,,,DOMAIN_OR_UNSUPPORTED_CONFIG,unsupported,Requested parameters blocked by the current driver,2026-10-08,cfe2d2ff99a434cd502696c1eb7b2f5daf8d11c5,58faa4377006afb855cb3db77ca0c48382389a321419731c946976e4e1513fd6,native preset; see archived full request
db-7624b334771782bd9bc8e3b1,DB,grid-node,7000.0,7.75,,,,,,DOMAIN_OR_UNSUPPORTED_CONFIG,unsupported,Requested parameters blocked by the current driver,2026-10-08,cfe2d2ff99a434cd502696c1eb7b2f5daf8d11c5,58faa4377006afb855cb3db77ca0c48382389a321419731c946976e4e1513fd6,native preset; see archived full request
db-2570dc073c767967638cf43c,DB,grid-node,7500.0,7.75,,,,,,DOMAIN_OR_UNSUPPORTED_CONFIG,unsupported,Requested parameters blocked by the current driver,2026-10-08,cfe2d2ff99a434cd502696c1eb7b2f5daf8d11c5,58faa4377006afb855cb3db77ca0c48382389a321419731c946976e4e1513fd6,native preset; see archived full request
db-0f8f80fe46619014231ba210,DB,grid-node,8500.0,7.75,,,,,,DOMAIN_OR_UNSUPPORTED_CONFIG,unsupported,Requested parameters blocked by the current driver,2026-10-08,cfe2d2ff99a434cd502696c1eb7b2f5daf8d11c5,58faa4377006afb855cb3db77ca0c48382389a321419731c946976e4e1513fd6,native preset; see archived full request
db-7c45bd02f512954cab569191,DB,grid-node,9000.0,7.75,,,,,,TIMEOUT,timed_out,Resource cap reached; no physical failure inferred,2026-10-08,cfe2d2ff99a434cd502696c1eb7b2f5daf8d11c5,58faa4377006afb855cb3db77ca0c48382389a321419731c946976e4e1513fd6,native preset; see archived full request
db-9afb7afaa21c1a32285ae877,DB,grid-node,9500.0,7.75,,,,,,COMPLETE_NUMERICAL,completed,Passed the bank numerical checks,2026-10-08,cfe2d2ff99a434cd502696c1eb7b2f5daf8d11c5,58faa4377006afb855cb3db77ca0c48382389a321419731c946976e4e1513fd6,native preset; see archived full request
db-74a93d0d036a2890ce0e9765,DB,grid-node,11000.0,7.75,,,,,,COMPLETE_NUMERICAL,completed,Passed the bank numerical checks,2026-10-08,cfe2d2ff99a434cd502696c1eb7b2f5daf8d11c5,58faa4377006afb855cb3db77ca0c48382389a321419731c946976e4e1513fd6,native preset; see archived full request
db-395bc0efe67cb47e76ee58da,DB,grid-node,13000.0,7.75,,,,,,COMPLETE_NUMERICAL,completed,Passed the bank numerical checks,2026-10-08,cfe2d2ff99a434cd502696c1eb7b2f5daf8d11c5,58faa4377006afb855cb3db77ca0c48382389a321419731c946976e4e1513fd6,native preset; see archived full request
db-b2be5795cf7203fd74939628,DB,grid-node,14000.0,7.75,,,,,,COMPLETE_NUMERICAL,completed,Passed the bank numerical checks,2026-10-08,cfe2d2ff99a434cd502696c1eb7b2f5daf8d11c5,58faa4377006afb855cb3db77ca0c48382389a321419731c946976e4e1513fd6,native preset; see archived full request
db-11a72b68c1ef494642804696,DB,grid-node,15000.0,7.75,,,,,,COMPLETE_NUMERICAL,completed,Passed the bank numerical checks,2026-10-08,cfe2d2ff99a434cd502696c1eb7b2f5daf8d11c5,58faa4377006afb855cb3db77ca0c48382389a321419731c946976e4e1513fd6,native preset; see archived full request
db-13e9ff9d258f0db48c40c0a8,DB,grid-node,16000.0,7.75,,,,,,COMPLETE_NUMERICAL,completed,Passed the bank numerical checks,2026-10-08,cfe2d2ff99a434cd502696c1eb7b2f5daf8d11c5,58faa4377006afb855cb3db77ca0c48382389a321419731c946976e4e1513fd6,native preset; see archived full request
db-a6cbe1422df857cab38c1e9c,DB,grid-node,17000.0,7.75,,,,,,COMPLETE_NUMERICAL,completed,Passed the bank numerical checks,2026-10-08,cfe2d2ff99a434cd502696c1eb7b2f5daf8d11c5,58faa4377006afb855cb3db77ca0c48382389a321419731c946976e4e1513fd6,native preset; see archived full request
db-1eed902939c3c51ebd40206d,DB,grid-node,18000.0,7.75,,,,,,COMPLETE_NUMERICAL,completed,Passed the bank numerical checks,2026-10-08,cfe2d2ff99a434cd502696c1eb7b2f5daf8d11c5,58faa4377006afb855cb3db77ca0c48382389a321419731c946976e4e1513fd6,native preset; see archived full request
db-29ba651ce0e22a119cdda9fc,DB,grid-node,19000.0,7.75,,,,,,COMPLETE_NUMERICAL,completed,Passed the bank numerical checks,2026-10-08,cfe2d2ff99a434cd502696c1eb7b2f5daf8d11c5,58faa4377006afb855cb3db77ca0c48382389a321419731c946976e4e1513fd6,native preset; see archived full request
db-bc5b6b23e21e6aef757571ea,DB,grid-node,21000.0,7.75,,,,,,COMPLETE_NUMERICAL,completed,Passed the bank numerical checks,2026-10-08,cfe2d2ff99a434cd502696c1eb7b2f5daf8d11c5,58faa4377006afb855cb3db77ca0c48382389a321419731c946976e4e1513fd6,native preset; see archived full request
db-101ff5bfedb9ddc4ea549a20,DB,grid-node,23000.0,7.75,,,,,,COMPLETE_NUMERICAL,completed,Passed the bank numerical checks,2026-10-08,cfe2d2ff99a434cd502696c1eb7b2f5daf8d11c5,58faa4377006afb855cb3db77ca0c48382389a321419731c946976e4e1513fd6,native preset; see archived full request
db-bc8d46b18fcac886166ae600,DB,grid-node,24000.0,7.75,,,,,,COMPLETE_NUMERICAL,completed,Passed the bank numerical checks,2026-10-08,cfe2d2ff99a434cd502696c1eb7b2f5daf8d11c5,58faa4377006afb855cb3db77ca0c48382389a321419731c946976e4e1513fd6,native preset; see archived full request
db-bbdd65fe9d64f806df442d30,DB,grid-node,25000.0,7.75,,,,,,COMPLETE_NUMERICAL,completed,Passed the bank numerical checks,2026-10-08,cfe2d2ff99a434cd502696c1eb7b2f5daf8d11c5,58faa4377006afb855cb3db77ca0c48382389a321419731c946976e4e1513fd6,native preset; see archived full request
db-51d527316c34f2887a8d1c41,DB,grid-node,26000.0,7.75,,,,,,COMPLETE_NUMERICAL,completed,Passed the bank numerical checks,2026-10-08,cfe2d2ff99a434cd502696c1eb7b2f5daf8d11c5,58faa4377006afb855cb3db77ca0c48382389a321419731c946976e4e1513fd6,native preset; see archived full request
db-3b05489b02a85139353c334b,DB,grid-node,27000.0,7.75,,,,,,COMPLETE_NUMERICAL,completed,Passed the bank numerical checks,2026-10-08,cfe2d2ff99a434cd502696c1eb7b2f5daf8d11c5,58faa4377006afb855cb3db77ca0c48382389a321419731c946976e4e1513fd6,native preset; see archived full request
db-15708789cf00c6d4a27c402e,DB,grid-node,28000.0,7.75,,,,,,COMPLETE_NUMERICAL,completed,Passed the bank numerical checks,2026-10-08,cfe2d2ff99a434cd502696c1eb7b2f5daf8d11c5,58faa4377006afb855cb3db77ca0c48382389a321419731c946976e4e1513fd6,native preset; see archived full request
db-b6258da9cfdd0bbe530a2f47,DB,grid-node,29000.0,7.75,,,,,,COMPLETE_NUMERICAL,completed,Passed the bank numerical checks,2026-10-08,cfe2d2ff99a434cd502696c1eb7b2f5daf8d11c5,58faa4377006afb855cb3db77ca0c48382389a321419731c946976e4e1513fd6,native preset; see archived full request
db-ff669b43d7c4b84666dad533,DB,grid-node,30000.0,7.75,,,,,,COMPLETE_NUMERICAL,completed,Passed the bank numerical checks,2026-10-08,cfe2d2ff99a434cd502696c1eb7b2f5daf8d11c5,58faa4377006afb855cb3db77ca0c48382389a321419731c946976e4e1513fd6,native preset; see archived full request
db-ffb9d54eb830107acb640b43,DB,grid-node,32000.0,7.75,,,,,,COMPLETE_NUMERICAL,completed,Passed the bank numerical checks,2026-10-08,cfe2d2ff99a434cd502696c1eb7b2f5daf8d11c5,58faa4377006afb855cb3db77ca0c48382389a321419731c946976e4e1513fd6,native preset; see archived full request
db-d767217d6b4ecc15c4f2fc21,DB,grid-node,34000.0,7.75,,,,,,COMPLETE_NUMERICAL,completed,Passed the bank numerical checks,2026-10-08,cfe2d2ff99a434cd502696c1eb7b2f5daf8d11c5,58faa4377006afb855cb3db77ca0c48382389a321419731c946976e4e1513fd6,native preset; see archived full request
db-55baa0bedff7d13d9dcd18e5,DB,grid-node,36000.0,7.75,,,,,,COMPLETE_NUMERICAL,completed,Passed the bank numerical checks,2026-10-08,cfe2d2ff99a434cd502696c1eb7b2f5daf8d11c5,58faa4377006afb855cb3db77ca0c48382389a321419731c946976e4e1513fd6,native preset; see archived full request
db-ed739006d562caa7d39159a8,DB,grid-node,38000.0,7.75,,,,,,COMPLETE_NUMERICAL,completed,Passed the bank numerical checks,2026-10-08,cfe2d2ff99a434cd502696c1eb7b2f5daf8d11c5,58faa4377006afb855cb3db77ca0c48382389a321419731c946976e4e1513fd6,native preset; see archived full request
db-0d09d7075c5642ca107b56bf,DB,grid-node,40000.0,7.75,,,,,,COMPLETE_NUMERICAL,completed,Passed the bank numerical checks,2026-10-08,cfe2d2ff99a434cd502696c1eb7b2f5daf8d11c5,58faa4377006afb855cb3db77ca0c48382389a321419731c946976e4e1513fd6,native preset; see archived full request
db-45ba71610d89065df8f0ddf2,DB,grid-node,45000.0,7.75,,,,,,COMPLETE_NUMERICAL,completed,Passed the bank numerical checks,2026-10-08,cfe2d2ff99a434cd502696c1eb7b2f5daf8d11c5,58faa4377006afb855cb3db77ca0c48382389a321419731c946976e4e1513fd6,native preset; see archived full request
db-fd670cd6d8d8ad0f6023addf,DB,grid-node,50000.0,7.75,,,,,,COMPLETE_NUMERICAL,completed,Passed the bank numerical checks,2026-10-08,cfe2d2ff99a434cd502696c1eb7b2f5daf8d11c5,58faa4377006afb855cb3db77ca0c48382389a321419731c946976e4e1513fd6,native preset; see archived full request
db-9d4f8a35e7eb57e60a41c23b,DB,grid-node,55000.0,7.75,,,,,,COMPLETE_NUMERICAL,completed,Passed the bank numerical checks,2026-10-08,cfe2d2ff99a434cd502696c1eb7b2f5daf8d11c5,58faa4377006afb855cb3db77ca0c48382389a321419731c946976e4e1513fd6,native preset; see archived full request
db-2ce1bec19a8e836a35efb253,DB,grid-node,5000.0,8.25,,,,,,DOMAIN_OR_UNSUPPORTED_CONFIG,unsupported,Requested parameters blocked by the current driver,2026-10-08,cfe2d2ff99a434cd502696c1eb7b2f5daf8d11c5,58faa4377006afb855cb3db77ca0c48382389a321419731c946976e4e1513fd6,native preset; see archived full request
db-c9b0ec7f3356963b366787d8,DB,grid-node,8000.0,8.25,,,,,,DOMAIN_OR_UNSUPPORTED_CONFIG,unsupported,Requested parameters blocked by the current driver,2026-10-08,cfe2d2ff99a434cd502696c1eb7b2f5daf8d11c5,58faa4377006afb855cb3db77ca0c48382389a321419731c946976e4e1513fd6,native preset; see archived full request
db-a1972ebcff7ef4f4ea336bd3,DB,grid-node,10000.0,8.25,,,,,,COMPLETE_NUMERICAL,completed,Passed the bank numerical checks,2026-10-08,cfe2d2ff99a434cd502696c1eb7b2f5daf8d11c5,58faa4377006afb855cb3db77ca0c48382389a321419731c946976e4e1513fd6,native preset; see archived full request
db-d74c742d277d9455905d549d,DB,grid-node,12000.0,8.25,,,,,,COMPLETE_NUMERICAL,completed,Passed the bank numerical checks,2026-10-08,cfe2d2ff99a434cd502696c1eb7b2f5daf8d11c5,58faa4377006afb855cb3db77ca0c48382389a321419731c946976e4e1513fd6,native preset; see archived full request
db-c63acf3d414b50c0b9cf047d,DB,grid-node,20000.0,8.25,,,,,,COMPLETE_NUMERICAL,completed,Passed the bank numerical checks,2026-10-08,cfe2d2ff99a434cd502696c1eb7b2f5daf8d11c5,58faa4377006afb855cb3db77ca0c48382389a321419731c946976e4e1513fd6,native preset; see archived full request
db-8b1837c09c3a220c05992aa6,DB,grid-node,22000.0,8.25,,,,,,COMPLETE_NUMERICAL,completed,Passed the bank numerical checks,2026-10-08,cfe2d2ff99a434cd502696c1eb7b2f5daf8d11c5,58faa4377006afb855cb3db77ca0c48382389a321419731c946976e4e1513fd6,native preset; see archived full request
db-4d198b552dbc4f12ae6f0cd2,DB,grid-node,60000.0,8.25,,,,,,COMPLETE_NUMERICAL,completed,Passed the bank numerical checks,2026-10-08,cfe2d2ff99a434cd502696c1eb7b2f5daf8d11c5,58faa4377006afb855cb3db77ca0c48382389a321419731c946976e4e1513fd6,native preset; see archived full request
db-bab658d0953ea5460f6096e4,DB,grid-node,5500.0,8.25,,,,,,DOMAIN_OR_UNSUPPORTED_CONFIG,unsupported,Requested parameters blocked by the current driver,2026-10-08,cfe2d2ff99a434cd502696c1eb7b2f5daf8d11c5,58faa4377006afb855cb3db77ca0c48382389a321419731c946976e4e1513fd6,native preset; see archived full request
db-6397181f8e522aa9eb1bcf44,DB,grid-node,6000.0,8.25,,,,,,DOMAIN_OR_UNSUPPORTED_CONFIG,unsupported,Requested parameters blocked by the current driver,2026-10-08,cfe2d2ff99a434cd502696c1eb7b2f5daf8d11c5,58faa4377006afb855cb3db77ca0c48382389a321419731c946976e4e1513fd6,native preset; see archived full request
db-23392e556b4fbf2e2d2f9156,DB,grid-node,6500.0,8.25,,,,,,DOMAIN_OR_UNSUPPORTED_CONFIG,unsupported,Requested parameters blocked by the current driver,2026-10-08,cfe2d2ff99a434cd502696c1eb7b2f5daf8d11c5,58faa4377006afb855cb3db77ca0c48382389a321419731c946976e4e1513fd6,native preset; see archived full request
db-d79b93133a6be9557866feab,DB,grid-node,7000.0,8.25,,,,,,DOMAIN_OR_UNSUPPORTED_CONFIG,unsupported,Requested parameters blocked by the current driver,2026-10-08,cfe2d2ff99a434cd502696c1eb7b2f5daf8d11c5,58faa4377006afb855cb3db77ca0c48382389a321419731c946976e4e1513fd6,native preset; see archived full request
db-8524f393b47b57491b0c5e20,DB,grid-node,7500.0,8.25,,,,,,DOMAIN_OR_UNSUPPORTED_CONFIG,unsupported,Requested parameters blocked by the current driver,2026-10-08,cfe2d2ff99a434cd502696c1eb7b2f5daf8d11c5,58faa4377006afb855cb3db77ca0c48382389a321419731c946976e4e1513fd6,native preset; see archived full request
db-bbef882f441cf2fdbe94598a,DB,grid-node,8500.0,8.25,,,,,,DOMAIN_OR_UNSUPPORTED_CONFIG,unsupported,Requested parameters blocked by the current driver,2026-10-08,cfe2d2ff99a434cd502696c1eb7b2f5daf8d11c5,58faa4377006afb855cb3db77ca0c48382389a321419731c946976e4e1513fd6,native preset; see archived full request
db-3b2ae53bb8b723ff62aef3f0,DB,grid-node,9000.0,8.25,,,,,,DOMAIN_OR_UNSUPPORTED_CONFIG,unsupported,Requested parameters blocked by the current driver,2026-10-08,cfe2d2ff99a434cd502696c1eb7b2f5daf8d11c5,58faa4377006afb855cb3db77ca0c48382389a321419731c946976e4e1513fd6,native preset; see archived full request
db-573026257b55077bace5a43f,DB,grid-node,9500.0,8.25,,,,,,COMPLETE_NUMERICAL,completed,Passed the bank numerical checks,2026-10-08,cfe2d2ff99a434cd502696c1eb7b2f5daf8d11c5,58faa4377006afb855cb3db77ca0c48382389a321419731c946976e4e1513fd6,native preset; see archived full request
db-01e6841c1868e0561feb4262,DB,grid-node,11000.0,8.25,,,,,,COMPLETE_NUMERICAL,completed,Passed the bank numerical checks,2026-10-08,cfe2d2ff99a434cd502696c1eb7b2f5daf8d11c5,58faa4377006afb855cb3db77ca0c48382389a321419731c946976e4e1513fd6,native preset; see archived full request
db-5f36670e6f1d0a61beb07e06,DB,grid-node,13000.0,8.25,,,,,,COMPLETE_NUMERICAL,completed,Passed the bank numerical checks,2026-10-08,cfe2d2ff99a434cd502696c1eb7b2f5daf8d11c5,58faa4377006afb855cb3db77ca0c48382389a321419731c946976e4e1513fd6,native preset; see archived full request
db-96742ce73432215a3aaaf24b,DB,grid-node,14000.0,8.25,,,,,,COMPLETE_NUMERICAL,completed,Passed the bank numerical checks,2026-10-08,cfe2d2ff99a434cd502696c1eb7b2f5daf8d11c5,58faa4377006afb855cb3db77ca0c48382389a321419731c946976e4e1513fd6,native preset; see archived full request
db-44af0f55e79ca133739d941f,DB,grid-node,15000.0,8.25,,,,,,COMPLETE_NUMERICAL,completed,Passed the bank numerical checks,2026-10-08,cfe2d2ff99a434cd502696c1eb7b2f5daf8d11c5,58faa4377006afb855cb3db77ca0c48382389a321419731c946976e4e1513fd6,native preset; see archived full request
db-4e61d607d83992e309b2d99e,DB,grid-node,16000.0,8.25,,,,,,COMPLETE_NUMERICAL,completed,Passed the bank numerical checks,2026-10-08,cfe2d2ff99a434cd502696c1eb7b2f5daf8d11c5,58faa4377006afb855cb3db77ca0c48382389a321419731c946976e4e1513fd6,native preset; see archived full request
db-cfe61753ac09d7fad7aa230b,DB,grid-node,17000.0,8.25,,,,,,COMPLETE_NUMERICAL,completed,Passed the bank numerical checks,2026-10-08,cfe2d2ff99a434cd502696c1eb7b2f5daf8d11c5,58faa4377006afb855cb3db77ca0c48382389a321419731c946976e4e1513fd6,native preset; see archived full request
db-6a4efdbf830de35b56767f6f,DB,grid-node,18000.0,8.25,,,,,,COMPLETE_NUMERICAL,completed,Passed the bank numerical checks,2026-10-08,cfe2d2ff99a434cd502696c1eb7b2f5daf8d11c5,58faa4377006afb855cb3db77ca0c48382389a321419731c946976e4e1513fd6,native preset; see archived full request
db-91c90bfc0d8f2ea25878552f,DB,grid-node,19000.0,8.25,,,,,,COMPLETE_NUMERICAL,completed,Passed the bank numerical checks,2026-10-08,cfe2d2ff99a434cd502696c1eb7b2f5daf8d11c5,58faa4377006afb855cb3db77ca0c48382389a321419731c946976e4e1513fd6,native preset; see archived full request
db-57ac132c51432c5b8dde045d,DB,grid-node,21000.0,8.25,,,,,,COMPLETE_NUMERICAL,completed,Passed the bank numerical checks,2026-10-08,cfe2d2ff99a434cd502696c1eb7b2f5daf8d11c5,58faa4377006afb855cb3db77ca0c48382389a321419731c946976e4e1513fd6,native preset; see archived full request
db-4dcd4573c08742784517d992,DB,grid-node,23000.0,8.25,,,,,,COMPLETE_NUMERICAL,completed,Passed the bank numerical checks,2026-10-08,cfe2d2ff99a434cd502696c1eb7b2f5daf8d11c5,58faa4377006afb855cb3db77ca0c48382389a321419731c946976e4e1513fd6,native preset; see archived full request
db-e3bdbde21eafeb4ac5c026dd,DB,grid-node,24000.0,8.25,,,,,,COMPLETE_NUMERICAL,completed,Passed the bank numerical checks,2026-10-08,cfe2d2ff99a434cd502696c1eb7b2f5daf8d11c5,58faa4377006afb855cb3db77ca0c48382389a321419731c946976e4e1513fd6,native preset; see archived full request
db-aecfd3f327d29001e153d6b9,DB,grid-node,25000.0,8.25,,,,,,COMPLETE_NUMERICAL,completed,Passed the bank numerical checks,2026-10-08,cfe2d2ff99a434cd502696c1eb7b2f5daf8d11c5,58faa4377006afb855cb3db77ca0c48382389a321419731c946976e4e1513fd6,native preset; see archived full request
db-ee053c2b31a52436007dc6fe,DB,grid-node,26000.0,8.25,,,,,,COMPLETE_NUMERICAL,completed,Passed the bank numerical checks,2026-10-08,cfe2d2ff99a434cd502696c1eb7b2f5daf8d11c5,58faa4377006afb855cb3db77ca0c48382389a321419731c946976e4e1513fd6,native preset; see archived full request
db-fe0ce012aefb463e50b466a5,DB,grid-node,27000.0,8.25,,,,,,COMPLETE_NUMERICAL,completed,Passed the bank numerical checks,2026-10-08,cfe2d2ff99a434cd502696c1eb7b2f5daf8d11c5,58faa4377006afb855cb3db77ca0c48382389a321419731c946976e4e1513fd6,native preset; see archived full request
db-c838decb751ebfaa12d1fa42,DB,grid-node,28000.0,8.25,,,,,,COMPLETE_NUMERICAL,completed,Passed the bank numerical checks,2026-10-08,cfe2d2ff99a434cd502696c1eb7b2f5daf8d11c5,58faa4377006afb855cb3db77ca0c48382389a321419731c946976e4e1513fd6,native preset; see archived full request
db-2f9979e9184ef9a019a735cf,DB,grid-node,29000.0,8.25,,,,,,COMPLETE_NUMERICAL,completed,Passed the bank numerical checks,2026-10-08,cfe2d2ff99a434cd502696c1eb7b2f5daf8d11c5,58faa4377006afb855cb3db77ca0c48382389a321419731c946976e4e1513fd6,native preset; see archived full request
db-9fbecc62a9b6d6964006e5cb,DB,grid-node,30000.0,8.25,,,,,,COMPLETE_NUMERICAL,completed,Passed the bank numerical checks,2026-10-08,cfe2d2ff99a434cd502696c1eb7b2f5daf8d11c5,58faa4377006afb855cb3db77ca0c48382389a321419731c946976e4e1513fd6,native preset; see archived full request
db-7a73efdc8ad05cac08810229,DB,grid-node,32000.0,8.25,,,,,,COMPLETE_NUMERICAL,completed,Passed the bank numerical checks,2026-10-08,cfe2d2ff99a434cd502696c1eb7b2f5daf8d11c5,58faa4377006afb855cb3db77ca0c48382389a321419731c946976e4e1513fd6,native preset; see archived full request
db-2c11ad6b8bcaea9e351360de,DB,grid-node,34000.0,8.25,,,,,,COMPLETE_NUMERICAL,completed,Passed the bank numerical checks,2026-10-08,cfe2d2ff99a434cd502696c1eb7b2f5daf8d11c5,58faa4377006afb855cb3db77ca0c48382389a321419731c946976e4e1513fd6,native preset; see archived full request
db-3036c9a5800569b2f1e9b207,DB,grid-node,36000.0,8.25,,,,,,COMPLETE_NUMERICAL,completed,Passed the bank numerical checks,2026-10-08,cfe2d2ff99a434cd502696c1eb7b2f5daf8d11c5,58faa4377006afb855cb3db77ca0c48382389a321419731c946976e4e1513fd6,native preset; see archived full request
db-9daf6229c4c401e06985e0bc,DB,grid-node,38000.0,8.25,,,,,,COMPLETE_NUMERICAL,completed,Passed the bank numerical checks,2026-10-08,cfe2d2ff99a434cd502696c1eb7b2f5daf8d11c5,58faa4377006afb855cb3db77ca0c48382389a321419731c946976e4e1513fd6,native preset; see archived full request
db-a0cd1f7dba2dc77bec2f5334,DB,grid-node,40000.0,8.25,,,,,,COMPLETE_NUMERICAL,completed,Passed the bank numerical checks,2026-10-08,cfe2d2ff99a434cd502696c1eb7b2f5daf8d11c5,58faa4377006afb855cb3db77ca0c48382389a321419731c946976e4e1513fd6,native preset; see archived full request
db-1b68ee89eac1df9110864a6a,DB,grid-node,45000.0,8.25,,,,,,COMPLETE_NUMERICAL,completed,Passed the bank numerical checks,2026-10-08,cfe2d2ff99a434cd502696c1eb7b2f5daf8d11c5,58faa4377006afb855cb3db77ca0c48382389a321419731c946976e4e1513fd6,native preset; see archived full request
db-8b42e740fe40f1fa07931d49,DB,grid-node,50000.0,8.25,,,,,,COMPLETE_NUMERICAL,completed,Passed the bank numerical checks,2026-10-08,cfe2d2ff99a434cd502696c1eb7b2f5daf8d11c5,58faa4377006afb855cb3db77ca0c48382389a321419731c946976e4e1513fd6,native preset; see archived full request
db-852217a6e40fc5c1a83c07bd,DB,grid-node,55000.0,8.25,,,,,,COMPLETE_NUMERICAL,completed,Passed the bank numerical checks,2026-10-08,cfe2d2ff99a434cd502696c1eb7b2f5daf8d11c5,58faa4377006afb855cb3db77ca0c48382389a321419731c946976e4e1513fd6,native preset; see archived full request
db-e2967987164982c6de51debf,DB,grid-node,5000.0,7.5,,,,,,DOMAIN_OR_UNSUPPORTED_CONFIG,unsupported,Requested parameters blocked by the current driver,2026-10-08,cfe2d2ff99a434cd502696c1eb7b2f5daf8d11c5,58faa4377006afb855cb3db77ca0c48382389a321419731c946976e4e1513fd6,native preset; see archived full request
db-2fe3d33686e39c585d15cba7,DB,grid-node,8000.0,7.5,,,,,,DOMAIN_OR_UNSUPPORTED_CONFIG,unsupported,Requested parameters blocked by the current driver,2026-10-08,cfe2d2ff99a434cd502696c1eb7b2f5daf8d11c5,58faa4377006afb855cb3db77ca0c48382389a321419731c946976e4e1513fd6,native preset; see archived full request
db-b072bfc29c39e83ee67838e6,DB,grid-node,10000.0,7.5,,,,,,COMPLETE_NUMERICAL,completed,Passed the bank numerical checks,2026-10-08,cfe2d2ff99a434cd502696c1eb7b2f5daf8d11c5,58faa4377006afb855cb3db77ca0c48382389a321419731c946976e4e1513fd6,native preset; see archived full request
db-e875475c05fc0bbd8825a85c,DB,grid-node,12000.0,7.5,,,,,,COMPLETE_NUMERICAL,completed,Passed the bank numerical checks,2026-10-08,cfe2d2ff99a434cd502696c1eb7b2f5daf8d11c5,58faa4377006afb855cb3db77ca0c48382389a321419731c946976e4e1513fd6,native preset; see archived full request
db-93dbc1f1a8b3d968ec7d00b1,DB,grid-node,20000.0,7.5,,,,,,COMPLETE_NUMERICAL,completed,Passed the bank numerical checks,2026-10-08,cfe2d2ff99a434cd502696c1eb7b2f5daf8d11c5,58faa4377006afb855cb3db77ca0c48382389a321419731c946976e4e1513fd6,native preset; see archived full request
db-dd8b7f897dfe4b58330f7ed8,DB,grid-node,22000.0,7.5,,,,,,COMPLETE_NUMERICAL,completed,Passed the bank numerical checks,2026-10-08,cfe2d2ff99a434cd502696c1eb7b2f5daf8d11c5,58faa4377006afb855cb3db77ca0c48382389a321419731c946976e4e1513fd6,native preset; see archived full request
db-e664b878f3e46a085c8fcfdb,DB,grid-node,60000.0,7.5,,,,,,COMPLETE_NUMERICAL,completed,Passed the bank numerical checks,2026-10-08,cfe2d2ff99a434cd502696c1eb7b2f5daf8d11c5,58faa4377006afb855cb3db77ca0c48382389a321419731c946976e4e1513fd6,native preset; see archived full request
db-91739c7ad4b8cb5c057c3820,DB,grid-node,5500.0,7.5,,,,,,DOMAIN_OR_UNSUPPORTED_CONFIG,unsupported,Requested parameters blocked by the current driver,2026-10-08,cfe2d2ff99a434cd502696c1eb7b2f5daf8d11c5,58faa4377006afb855cb3db77ca0c48382389a321419731c946976e4e1513fd6,native preset; see archived full request
db-2355416e4951b9e7afd8b439,DB,grid-node,6000.0,7.5,,,,,,DOMAIN_OR_UNSUPPORTED_CONFIG,unsupported,Requested parameters blocked by the current driver,2026-10-08,cfe2d2ff99a434cd502696c1eb7b2f5daf8d11c5,58faa4377006afb855cb3db77ca0c48382389a321419731c946976e4e1513fd6,native preset; see archived full request
db-2cc87b94a3d81908c46ce481,DB,grid-node,6500.0,7.5,,,,,,DOMAIN_OR_UNSUPPORTED_CONFIG,unsupported,Requested parameters blocked by the current driver,2026-10-08,cfe2d2ff99a434cd502696c1eb7b2f5daf8d11c5,58faa4377006afb855cb3db77ca0c48382389a321419731c946976e4e1513fd6,native preset; see archived full request
db-181da608ace4e66989c0e854,DB,grid-node,7000.0,7.5,,,,,,DOMAIN_OR_UNSUPPORTED_CONFIG,unsupported,Requested parameters blocked by the current driver,2026-10-08,cfe2d2ff99a434cd502696c1eb7b2f5daf8d11c5,58faa4377006afb855cb3db77ca0c48382389a321419731c946976e4e1513fd6,native preset; see archived full request
db-2bb550c320f64c472f1ca1bb,DB,grid-node,7500.0,7.5,,,,,,DOMAIN_OR_UNSUPPORTED_CONFIG,unsupported,Requested parameters blocked by the current driver,2026-10-08,cfe2d2ff99a434cd502696c1eb7b2f5daf8d11c5,58faa4377006afb855cb3db77ca0c48382389a321419731c946976e4e1513fd6,native preset; see archived full request
db-29acd158d05bfa4f810f1c03,DB,grid-node,8500.0,7.5,,,,,,TIMEOUT,timed_out,Resource cap reached; no physical failure inferred,2026-10-08,cfe2d2ff99a434cd502696c1eb7b2f5daf8d11c5,58faa4377006afb855cb3db77ca0c48382389a321419731c946976e4e1513fd6,native preset; see archived full request
db-c4ce1df9cb8805c1bc14e420,DB,grid-node,9000.0,7.5,,,,,,TIMEOUT,timed_out,Resource cap reached; no physical failure inferred,2026-10-08,cfe2d2ff99a434cd502696c1eb7b2f5daf8d11c5,58faa4377006afb855cb3db77ca0c48382389a321419731c946976e4e1513fd6,native preset; see archived full request
db-4f851865870242da4f21d8c5,DB,grid-node,9500.0,7.5,,,,,,COMPLETE_NUMERICAL,completed,Passed the bank numerical checks,2026-10-08,cfe2d2ff99a434cd502696c1eb7b2f5daf8d11c5,58faa4377006afb855cb3db77ca0c48382389a321419731c946976e4e1513fd6,native preset; see archived full request
db-a0762ae1134a0c50739d088a,DB,grid-node,11000.0,7.5,,,,,,COMPLETE_NUMERICAL,completed,Passed the bank numerical checks,2026-10-08,cfe2d2ff99a434cd502696c1eb7b2f5daf8d11c5,58faa4377006afb855cb3db77ca0c48382389a321419731c946976e4e1513fd6,native preset; see archived full request
db-a7f50a8b33ead7034cc00b86,DB,grid-node,13000.0,7.5,,,,,,COMPLETE_NUMERICAL,completed,Passed the bank numerical checks,2026-10-08,cfe2d2ff99a434cd502696c1eb7b2f5daf8d11c5,58faa4377006afb855cb3db77ca0c48382389a321419731c946976e4e1513fd6,native preset; see archived full request
db-8aa5285c8e92000a96fe7f45,DB,grid-node,14000.0,7.5,,,,,,COMPLETE_NUMERICAL,completed,Passed the bank numerical checks,2026-10-08,cfe2d2ff99a434cd502696c1eb7b2f5daf8d11c5,58faa4377006afb855cb3db77ca0c48382389a321419731c946976e4e1513fd6,native preset; see archived full request
db-91e14ac4a2639b2d398c9327,DB,grid-node,15000.0,7.5,,,,,,COMPLETE_NUMERICAL,completed,Passed the bank numerical checks,2026-10-08,cfe2d2ff99a434cd502696c1eb7b2f5daf8d11c5,58faa4377006afb855cb3db77ca0c48382389a321419731c946976e4e1513fd6,native preset; see archived full request
db-ac86d1ac3ba99025002c70d8,DB,grid-node,16000.0,7.5,,,,,,COMPLETE_NUMERICAL,completed,Passed the bank numerical checks,2026-10-08,cfe2d2ff99a434cd502696c1eb7b2f5daf8d11c5,58faa4377006afb855cb3db77ca0c48382389a321419731c946976e4e1513fd6,native preset; see archived full request
db-376ef5c7e9e0882c271e7951,DB,grid-node,17000.0,7.5,,,,,,COMPLETE_NUMERICAL,completed,Passed the bank numerical checks,2026-10-08,cfe2d2ff99a434cd502696c1eb7b2f5daf8d11c5,58faa4377006afb855cb3db77ca0c48382389a321419731c946976e4e1513fd6,native preset; see archived full request
db-854849e1a12fe7b8f7018e4c,DB,grid-node,18000.0,7.5,,,,,,COMPLETE_NUMERICAL,completed,Passed the bank numerical checks,2026-10-08,cfe2d2ff99a434cd502696c1eb7b2f5daf8d11c5,58faa4377006afb855cb3db77ca0c48382389a321419731c946976e4e1513fd6,native preset; see archived full request
db-d66cd07ff20dfd2fc58b1e8b,DB,grid-node,19000.0,7.5,,,,,,COMPLETE_NUMERICAL,completed,Passed the bank numerical checks,2026-10-08,cfe2d2ff99a434cd502696c1eb7b2f5daf8d11c5,58faa4377006afb855cb3db77ca0c48382389a321419731c946976e4e1513fd6,native preset; see archived full request
db-0c7e9215f491dfc6941e5cbe,DB,grid-node,21000.0,7.5,,,,,,COMPLETE_NUMERICAL,completed,Passed the bank numerical checks,2026-10-08,cfe2d2ff99a434cd502696c1eb7b2f5daf8d11c5,58faa4377006afb855cb3db77ca0c48382389a321419731c946976e4e1513fd6,native preset; see archived full request
db-248a922ddb0a24890dde5355,DB,grid-node,23000.0,7.5,,,,,,COMPLETE_NUMERICAL,completed,Passed the bank numerical checks,2026-10-08,cfe2d2ff99a434cd502696c1eb7b2f5daf8d11c5,58faa4377006afb855cb3db77ca0c48382389a321419731c946976e4e1513fd6,native preset; see archived full request
db-22991cebdec0e40050c1805a,DB,grid-node,24000.0,7.5,,,,,,COMPLETE_NUMERICAL,completed,Passed the bank numerical checks,2026-10-08,cfe2d2ff99a434cd502696c1eb7b2f5daf8d11c5,58faa4377006afb855cb3db77ca0c48382389a321419731c946976e4e1513fd6,native preset; see archived full request
db-eda5f4126fb61e7cb0197053,DB,grid-node,25000.0,7.5,,,,,,COMPLETE_NUMERICAL,completed,Passed the bank numerical checks,2026-10-08,cfe2d2ff99a434cd502696c1eb7b2f5daf8d11c5,58faa4377006afb855cb3db77ca0c48382389a321419731c946976e4e1513fd6,native preset; see archived full request
db-e695194f1df63a4c46277743,DB,grid-node,26000.0,7.5,,,,,,COMPLETE_NUMERICAL,completed,Passed the bank numerical checks,2026-10-08,cfe2d2ff99a434cd502696c1eb7b2f5daf8d11c5,58faa4377006afb855cb3db77ca0c48382389a321419731c946976e4e1513fd6,native preset; see archived full request
db-ec0957fec9a24170cda2ca78,DB,grid-node,27000.0,7.5,,,,,,COMPLETE_NUMERICAL,completed,Passed the bank numerical checks,2026-10-08,cfe2d2ff99a434cd502696c1eb7b2f5daf8d11c5,58faa4377006afb855cb3db77ca0c48382389a321419731c946976e4e1513fd6,native preset; see archived full request
db-2996102405ac0f83c1a92486,DB,grid-node,28000.0,7.5,,,,,,COMPLETE_NUMERICAL,completed,Passed the bank numerical checks,2026-10-08,cfe2d2ff99a434cd502696c1eb7b2f5daf8d11c5,58faa4377006afb855cb3db77ca0c48382389a321419731c946976e4e1513fd6,native preset; see archived full request
db-ef9be32fcbd80bf104ee97d4,DB,grid-node,29000.0,7.5,,,,,,COMPLETE_NUMERICAL,completed,Passed the bank numerical checks,2026-10-08,cfe2d2ff99a434cd502696c1eb7b2f5daf8d11c5,58faa4377006afb855cb3db77ca0c48382389a321419731c946976e4e1513fd6,native preset; see archived full request
db-3a3f113ad2544cede123a817,DB,grid-node,30000.0,7.5,,,,,,COMPLETE_NUMERICAL,completed,Passed the bank numerical checks,2026-10-08,cfe2d2ff99a434cd502696c1eb7b2f5daf8d11c5,58faa4377006afb855cb3db77ca0c48382389a321419731c946976e4e1513fd6,native preset; see archived full request
db-bc3e2c65a4c961047f6894ad,DB,grid-node,32000.0,7.5,,,,,,COMPLETE_NUMERICAL,completed,Passed the bank numerical checks,2026-10-08,cfe2d2ff99a434cd502696c1eb7b2f5daf8d11c5,58faa4377006afb855cb3db77ca0c48382389a321419731c946976e4e1513fd6,native preset; see archived full request
db-543e349a5e9416426842494b,DB,grid-node,34000.0,7.5,,,,,,COMPLETE_NUMERICAL,completed,Passed the bank numerical checks,2026-10-08,cfe2d2ff99a434cd502696c1eb7b2f5daf8d11c5,58faa4377006afb855cb3db77ca0c48382389a321419731c946976e4e1513fd6,native preset; see archived full request
db-c25f5216f0e891cc8b0f904f,DB,grid-node,36000.0,7.5,,,,,,COMPLETE_NUMERICAL,completed,Passed the bank numerical checks,2026-10-08,cfe2d2ff99a434cd502696c1eb7b2f5daf8d11c5,58faa4377006afb855cb3db77ca0c48382389a321419731c946976e4e1513fd6,native preset; see archived full request
db-ad1219e19717ee32b6c5c4c9,DB,grid-node,38000.0,7.5,,,,,,COMPLETE_NUMERICAL,completed,Passed the bank numerical checks,2026-10-08,cfe2d2ff99a434cd502696c1eb7b2f5daf8d11c5,58faa4377006afb855cb3db77ca0c48382389a321419731c946976e4e1513fd6,native preset; see archived full request
db-389bded1d361fd7351c15883,DB,grid-node,40000.0,7.5,,,,,,COMPLETE_NUMERICAL,completed,Passed the bank numerical checks,2026-10-08,cfe2d2ff99a434cd502696c1eb7b2f5daf8d11c5,58faa4377006afb855cb3db77ca0c48382389a321419731c946976e4e1513fd6,native preset; see archived full request
db-589154d0141b4fa628452f36,DB,grid-node,45000.0,7.5,,,,,,COMPLETE_NUMERICAL,completed,Passed the bank numerical checks,2026-10-08,cfe2d2ff99a434cd502696c1eb7b2f5daf8d11c5,58faa4377006afb855cb3db77ca0c48382389a321419731c946976e4e1513fd6,native preset; see archived full request
db-23c092a9a016d70ed79e10df,DB,grid-node,50000.0,7.5,,,,,,COMPLETE_NUMERICAL,completed,Passed the bank numerical checks,2026-10-08,cfe2d2ff99a434cd502696c1eb7b2f5daf8d11c5,58faa4377006afb855cb3db77ca0c48382389a321419731c946976e4e1513fd6,native preset; see archived full request
db-317aab0f223554b5ad3e1b83,DB,grid-node,55000.0,7.5,,,,,,COMPLETE_NUMERICAL,completed,Passed the bank numerical checks,2026-10-08,cfe2d2ff99a434cd502696c1eb7b2f5daf8d11c5,58faa4377006afb855cb3db77ca0c48382389a321419731c946976e4e1513fd6,native preset; see archived full request
db-ca58eacdc2c37fe385c73c96,DB,grid-node,5000.0,8.5,,,,,,DOMAIN_OR_UNSUPPORTED_CONFIG,unsupported,Requested parameters blocked by the current driver,2026-10-08,cfe2d2ff99a434cd502696c1eb7b2f5daf8d11c5,58faa4377006afb855cb3db77ca0c48382389a321419731c946976e4e1513fd6,native preset; see archived full request
db-c71d3b6474207ae840a7d63e,DB,grid-node,8000.0,8.5,,,,,,DOMAIN_OR_UNSUPPORTED_CONFIG,unsupported,Requested parameters blocked by the current driver,2026-10-08,cfe2d2ff99a434cd502696c1eb7b2f5daf8d11c5,58faa4377006afb855cb3db77ca0c48382389a321419731c946976e4e1513fd6,native preset; see archived full request
db-4ac676f34beb9cdf4d067919,DB,grid-node,10000.0,8.5,,,,,,COMPLETE_NUMERICAL,completed,Passed the bank numerical checks,2026-10-08,cfe2d2ff99a434cd502696c1eb7b2f5daf8d11c5,58faa4377006afb855cb3db77ca0c48382389a321419731c946976e4e1513fd6,native preset; see archived full request
db-152efcc54a87c94141fe4397,DB,grid-node,12000.0,8.5,,,,,,COMPLETE_NUMERICAL,completed,Passed the bank numerical checks,2026-10-08,cfe2d2ff99a434cd502696c1eb7b2f5daf8d11c5,58faa4377006afb855cb3db77ca0c48382389a321419731c946976e4e1513fd6,native preset; see archived full request
db-149408c72c1eb39e5a0ffe09,DB,grid-node,20000.0,8.5,,,,,,COMPLETE_NUMERICAL,completed,Passed the bank numerical checks,2026-10-08,cfe2d2ff99a434cd502696c1eb7b2f5daf8d11c5,58faa4377006afb855cb3db77ca0c48382389a321419731c946976e4e1513fd6,native preset; see archived full request
db-d96e27dd6cd2c0e9a5fe997a,DB,grid-node,22000.0,8.5,,,,,,COMPLETE_NUMERICAL,completed,Passed the bank numerical checks,2026-10-08,cfe2d2ff99a434cd502696c1eb7b2f5daf8d11c5,58faa4377006afb855cb3db77ca0c48382389a321419731c946976e4e1513fd6,native preset; see archived full request
db-41b9308b1a595f4a3582bd58,DB,grid-node,60000.0,8.5,,,,,,COMPLETE_NUMERICAL,completed,Passed the bank numerical checks,2026-10-08,cfe2d2ff99a434cd502696c1eb7b2f5daf8d11c5,58faa4377006afb855cb3db77ca0c48382389a321419731c946976e4e1513fd6,native preset; see archived full request
db-5b5546874dc55f9db1abb248,DB,grid-node,5500.0,8.5,,,,,,DOMAIN_OR_UNSUPPORTED_CONFIG,unsupported,Requested parameters blocked by the current driver,2026-10-08,cfe2d2ff99a434cd502696c1eb7b2f5daf8d11c5,58faa4377006afb855cb3db77ca0c48382389a321419731c946976e4e1513fd6,native preset; see archived full request
db-fb7fb4c71fef3922371c946e,DB,grid-node,6000.0,8.5,,,,,,DOMAIN_OR_UNSUPPORTED_CONFIG,unsupported,Requested parameters blocked by the current driver,2026-10-08,cfe2d2ff99a434cd502696c1eb7b2f5daf8d11c5,58faa4377006afb855cb3db77ca0c48382389a321419731c946976e4e1513fd6,native preset; see archived full request
db-31ccaa87e35bc940b5972ccf,DB,grid-node,6500.0,8.5,,,,,,DOMAIN_OR_UNSUPPORTED_CONFIG,unsupported,Requested parameters blocked by the current driver,2026-10-08,cfe2d2ff99a434cd502696c1eb7b2f5daf8d11c5,58faa4377006afb855cb3db77ca0c48382389a321419731c946976e4e1513fd6,native preset; see archived full request
db-fe2482d833482a7bbedd750b,DB,grid-node,7000.0,8.5,,,,,,DOMAIN_OR_UNSUPPORTED_CONFIG,unsupported,Requested parameters blocked by the current driver,2026-10-08,cfe2d2ff99a434cd502696c1eb7b2f5daf8d11c5,58faa4377006afb855cb3db77ca0c48382389a321419731c946976e4e1513fd6,native preset; see archived full request
db-0ef99ca6ebeb16f1ac1ff6ee,DB,grid-node,7500.0,8.5,,,,,,DOMAIN_OR_UNSUPPORTED_CONFIG,unsupported,Requested parameters blocked by the current driver,2026-10-08,cfe2d2ff99a434cd502696c1eb7b2f5daf8d11c5,58faa4377006afb855cb3db77ca0c48382389a321419731c946976e4e1513fd6,native preset; see archived full request
db-7a5310286d82332644a33cf0,DB,grid-node,8500.0,8.5,,,,,,DOMAIN_OR_UNSUPPORTED_CONFIG,unsupported,Requested parameters blocked by the current driver,2026-10-08,cfe2d2ff99a434cd502696c1eb7b2f5daf8d11c5,58faa4377006afb855cb3db77ca0c48382389a321419731c946976e4e1513fd6,native preset; see archived full request
db-ed16d27de075dc1494a335f6,DB,grid-node,9000.0,8.5,,,,,,DOMAIN_OR_UNSUPPORTED_CONFIG,unsupported,Requested parameters blocked by the current driver,2026-10-08,cfe2d2ff99a434cd502696c1eb7b2f5daf8d11c5,58faa4377006afb855cb3db77ca0c48382389a321419731c946976e4e1513fd6,native preset; see archived full request
db-f7a32f705a0e497814deb1df,DB,grid-node,9500.0,8.5,,,,,,COMPLETE_NUMERICAL,completed,Passed the bank numerical checks,2026-10-08,cfe2d2ff99a434cd502696c1eb7b2f5daf8d11c5,58faa4377006afb855cb3db77ca0c48382389a321419731c946976e4e1513fd6,native preset; see archived full request
db-85f0b8acbf2059e87dde0211,DB,grid-node,11000.0,8.5,,,,,,COMPLETE_NUMERICAL,completed,Passed the bank numerical checks,2026-10-08,cfe2d2ff99a434cd502696c1eb7b2f5daf8d11c5,58faa4377006afb855cb3db77ca0c48382389a321419731c946976e4e1513fd6,native preset; see archived full request
db-757a7b0a6f47b4a34203446d,DB,grid-node,13000.0,8.5,,,,,,COMPLETE_NUMERICAL,completed,Passed the bank numerical checks,2026-10-08,cfe2d2ff99a434cd502696c1eb7b2f5daf8d11c5,58faa4377006afb855cb3db77ca0c48382389a321419731c946976e4e1513fd6,native preset; see archived full request
db-8bfcafe9010fe13253668b19,DB,grid-node,14000.0,8.5,,,,,,COMPLETE_NUMERICAL,completed,Passed the bank numerical checks,2026-10-08,cfe2d2ff99a434cd502696c1eb7b2f5daf8d11c5,58faa4377006afb855cb3db77ca0c48382389a321419731c946976e4e1513fd6,native preset; see archived full request
db-e95561a18e78893c1d6605fa,DB,grid-node,15000.0,8.5,,,,,,COMPLETE_NUMERICAL,completed,Passed the bank numerical checks,2026-10-08,cfe2d2ff99a434cd502696c1eb7b2f5daf8d11c5,58faa4377006afb855cb3db77ca0c48382389a321419731c946976e4e1513fd6,native preset; see archived full request
db-a8c68f32f628897cfef05a08,DB,grid-node,16000.0,8.5,,,,,,COMPLETE_NUMERICAL,completed,Passed the bank numerical checks,2026-10-08,cfe2d2ff99a434cd502696c1eb7b2f5daf8d11c5,58faa4377006afb855cb3db77ca0c48382389a321419731c946976e4e1513fd6,native preset; see archived full request
db-9805541d7edcd47e7eb55773,DB,grid-node,17000.0,8.5,,,,,,COMPLETE_NUMERICAL,completed,Passed the bank numerical checks,2026-10-08,cfe2d2ff99a434cd502696c1eb7b2f5daf8d11c5,58faa4377006afb855cb3db77ca0c48382389a321419731c946976e4e1513fd6,native preset; see archived full request
db-d3fcd83b9f052b68aff103ad,DB,grid-node,18000.0,8.5,,,,,,COMPLETE_NUMERICAL,completed,Passed the bank numerical checks,2026-10-08,cfe2d2ff99a434cd502696c1eb7b2f5daf8d11c5,58faa4377006afb855cb3db77ca0c48382389a321419731c946976e4e1513fd6,native preset; see archived full request
db-4351d5319b913f77c9fc32d7,DB,grid-node,19000.0,8.5,,,,,,COMPLETE_NUMERICAL,completed,Passed the bank numerical checks,2026-10-08,cfe2d2ff99a434cd502696c1eb7b2f5daf8d11c5,58faa4377006afb855cb3db77ca0c48382389a321419731c946976e4e1513fd6,native preset; see archived full request
db-e0f0f5fc0b02fc58d3974a1c,DB,grid-node,21000.0,8.5,,,,,,COMPLETE_NUMERICAL,completed,Passed the bank numerical checks,2026-10-08,cfe2d2ff99a434cd502696c1eb7b2f5daf8d11c5,58faa4377006afb855cb3db77ca0c48382389a321419731c946976e4e1513fd6,native preset; see archived full request
db-2264cb73b8d74bbaa18add90,DB,grid-node,23000.0,8.5,,,,,,COMPLETE_NUMERICAL,completed,Passed the bank numerical checks,2026-10-08,cfe2d2ff99a434cd502696c1eb7b2f5daf8d11c5,58faa4377006afb855cb3db77ca0c48382389a321419731c946976e4e1513fd6,native preset; see archived full request
db-0de0d955001f4289a5ee54ed,DB,grid-node,24000.0,8.5,,,,,,COMPLETE_NUMERICAL,completed,Passed the bank numerical checks,2026-10-08,cfe2d2ff99a434cd502696c1eb7b2f5daf8d11c5,58faa4377006afb855cb3db77ca0c48382389a321419731c946976e4e1513fd6,native preset; see archived full request
db-d955200aadc288a024e4ef39,DB,grid-node,25000.0,8.5,,,,,,COMPLETE_NUMERICAL,completed,Passed the bank numerical checks,2026-10-08,cfe2d2ff99a434cd502696c1eb7b2f5daf8d11c5,58faa4377006afb855cb3db77ca0c48382389a321419731c946976e4e1513fd6,native preset; see archived full request
db-3f69f03f4b01e1163e84e1d4,DB,grid-node,26000.0,8.5,,,,,,COMPLETE_NUMERICAL,completed,Passed the bank numerical checks,2026-10-08,cfe2d2ff99a434cd502696c1eb7b2f5daf8d11c5,58faa4377006afb855cb3db77ca0c48382389a321419731c946976e4e1513fd6,native preset; see archived full request
db-7d8da4de6032ce6402b3241f,DB,grid-node,27000.0,8.5,,,,,,COMPLETE_NUMERICAL,completed,Passed the bank numerical checks,2026-10-08,cfe2d2ff99a434cd502696c1eb7b2f5daf8d11c5,58faa4377006afb855cb3db77ca0c48382389a321419731c946976e4e1513fd6,native preset; see archived full request
db-b1b683252bd867426430327d,DB,grid-node,28000.0,8.5,,,,,,COMPLETE_NUMERICAL,completed,Passed the bank numerical checks,2026-10-08,cfe2d2ff99a434cd502696c1eb7b2f5daf8d11c5,58faa4377006afb855cb3db77ca0c48382389a321419731c946976e4e1513fd6,native preset; see archived full request
db-eea558d64571f0ebc7bffcc8,DB,grid-node,29000.0,8.5,,,,,,COMPLETE_NUMERICAL,completed,Passed the bank numerical checks,2026-10-08,cfe2d2ff99a434cd502696c1eb7b2f5daf8d11c5,58faa4377006afb855cb3db77ca0c48382389a321419731c946976e4e1513fd6,native preset; see archived full request
db-58532e094dc1ed2adc9e1120,DB,grid-node,30000.0,8.5,,,,,,COMPLETE_NUMERICAL,completed,Passed the bank numerical checks,2026-10-08,cfe2d2ff99a434cd502696c1eb7b2f5daf8d11c5,58faa4377006afb855cb3db77ca0c48382389a321419731c946976e4e1513fd6,native preset; see archived full request
db-edd86e23da4155f09a6db6f9,DB,grid-node,32000.0,8.5,,,,,,COMPLETE_NUMERICAL,completed,Passed the bank numerical checks,2026-10-08,cfe2d2ff99a434cd502696c1eb7b2f5daf8d11c5,58faa4377006afb855cb3db77ca0c48382389a321419731c946976e4e1513fd6,native preset; see archived full request
db-3d5701c71bc7fde52c050104,DB,grid-node,34000.0,8.5,,,,,,COMPLETE_NUMERICAL,completed,Passed the bank numerical checks,2026-10-08,cfe2d2ff99a434cd502696c1eb7b2f5daf8d11c5,58faa4377006afb855cb3db77ca0c48382389a321419731c946976e4e1513fd6,native preset; see archived full request
db-406cde5b5ad9e6e76421a333,DB,grid-node,36000.0,8.5,,,,,,COMPLETE_NUMERICAL,completed,Passed the bank numerical checks,2026-10-08,cfe2d2ff99a434cd502696c1eb7b2f5daf8d11c5,58faa4377006afb855cb3db77ca0c48382389a321419731c946976e4e1513fd6,native preset; see archived full request
db-0b346ab5fe1a2b48fe206847,DB,grid-node,38000.0,8.5,,,,,,COMPLETE_NUMERICAL,completed,Passed the bank numerical checks,2026-10-08,cfe2d2ff99a434cd502696c1eb7b2f5daf8d11c5,58faa4377006afb855cb3db77ca0c48382389a321419731c946976e4e1513fd6,native preset; see archived full request
db-26f9b7aca0262e72e97f50cc,DB,grid-node,40000.0,8.5,,,,,,COMPLETE_NUMERICAL,completed,Passed the bank numerical checks,2026-10-08,cfe2d2ff99a434cd502696c1eb7b2f5daf8d11c5,58faa4377006afb855cb3db77ca0c48382389a321419731c946976e4e1513fd6,native preset; see archived full request
db-a7b2e7744c4172a61b8fff88,DB,grid-node,45000.0,8.5,,,,,,COMPLETE_NUMERICAL,completed,Passed the bank numerical checks,2026-10-08,cfe2d2ff99a434cd502696c1eb7b2f5daf8d11c5,58faa4377006afb855cb3db77ca0c48382389a321419731c946976e4e1513fd6,native preset; see archived full request
db-3d9520c6af25e1b7cfe2d00f,DB,grid-node,50000.0,8.5,,,,,,COMPLETE_NUMERICAL,completed,Passed the bank numerical checks,2026-10-08,cfe2d2ff99a434cd502696c1eb7b2f5daf8d11c5,58faa4377006afb855cb3db77ca0c48382389a321419731c946976e4e1513fd6,native preset; see archived full request
db-cddd9a0b5b04f6c557258633,DB,grid-node,55000.0,8.5,,,,,,COMPLETE_NUMERICAL,completed,Passed the bank numerical checks,2026-10-08,cfe2d2ff99a434cd502696c1eb7b2f5daf8d11c5,58faa4377006afb855cb3db77ca0c48382389a321419731c946976e4e1513fd6,native preset; see archived full request
db-0dc7b3837946524c0d735ea7,DB,grid-node,5000.0,7.25,,,,,,DOMAIN_OR_UNSUPPORTED_CONFIG,unsupported,Requested parameters blocked by the current driver,2026-10-08,cfe2d2ff99a434cd502696c1eb7b2f5daf8d11c5,58faa4377006afb855cb3db77ca0c48382389a321419731c946976e4e1513fd6,native preset; see archived full request
db-21adb1aae70df67aaa9fbdb8,DB,grid-node,8000.0,7.25,,,,,,DOMAIN_OR_UNSUPPORTED_CONFIG,unsupported,Requested parameters blocked by the current driver,2026-10-08,cfe2d2ff99a434cd502696c1eb7b2f5daf8d11c5,58faa4377006afb855cb3db77ca0c48382389a321419731c946976e4e1513fd6,native preset; see archived full request
db-0c7e3f0d6939c6ec683a050e,DB,grid-node,10000.0,7.25,,,,,,COMPLETE_NUMERICAL,completed,Passed the bank numerical checks,2026-10-08,cfe2d2ff99a434cd502696c1eb7b2f5daf8d11c5,58faa4377006afb855cb3db77ca0c48382389a321419731c946976e4e1513fd6,native preset; see archived full request
db-64b1bd836def84ab5b57b762,DB,grid-node,12000.0,7.25,,,,,,COMPLETE_NUMERICAL,completed,Passed the bank numerical checks,2026-10-08,cfe2d2ff99a434cd502696c1eb7b2f5daf8d11c5,58faa4377006afb855cb3db77ca0c48382389a321419731c946976e4e1513fd6,native preset; see archived full request
db-e8e1b966e9d3900272b8b88e,DB,grid-node,20000.0,7.25,,,,,,COMPLETE_NUMERICAL,completed,Passed the bank numerical checks,2026-10-08,cfe2d2ff99a434cd502696c1eb7b2f5daf8d11c5,58faa4377006afb855cb3db77ca0c48382389a321419731c946976e4e1513fd6,native preset; see archived full request
db-7206c5f432733d18ad04818f,DB,grid-node,22000.0,7.25,,,,,,COMPLETE_NUMERICAL,completed,Passed the bank numerical checks,2026-10-08,cfe2d2ff99a434cd502696c1eb7b2f5daf8d11c5,58faa4377006afb855cb3db77ca0c48382389a321419731c946976e4e1513fd6,native preset; see archived full request
db-4deef28865da1aaec0928acd,DB,grid-node,60000.0,7.25,,,,,,COMPLETE_NUMERICAL,completed,Passed the bank numerical checks,2026-10-08,cfe2d2ff99a434cd502696c1eb7b2f5daf8d11c5,58faa4377006afb855cb3db77ca0c48382389a321419731c946976e4e1513fd6,native preset; see archived full request
db-cd75cefa9ab255d27cc63102,DB,grid-node,5500.0,7.25,,,,,,DOMAIN_OR_UNSUPPORTED_CONFIG,unsupported,Requested parameters blocked by the current driver,2026-10-08,cfe2d2ff99a434cd502696c1eb7b2f5daf8d11c5,58faa4377006afb855cb3db77ca0c48382389a321419731c946976e4e1513fd6,native preset; see archived full request
db-d5a3650e73499e012ffa2569,DB,grid-node,6000.0,7.25,,,,,,DOMAIN_OR_UNSUPPORTED_CONFIG,unsupported,Requested parameters blocked by the current driver,2026-10-08,cfe2d2ff99a434cd502696c1eb7b2f5daf8d11c5,58faa4377006afb855cb3db77ca0c48382389a321419731c946976e4e1513fd6,native preset; see archived full request
db-1b78f785e8be20b92198c23c,DB,grid-node,6500.0,7.25,,,,,,DOMAIN_OR_UNSUPPORTED_CONFIG,unsupported,Requested parameters blocked by the current driver,2026-10-08,cfe2d2ff99a434cd502696c1eb7b2f5daf8d11c5,58faa4377006afb855cb3db77ca0c48382389a321419731c946976e4e1513fd6,native preset; see archived full request
db-a07f3dcc9ad282c1b65dff95,DB,grid-node,7000.0,7.25,,,,,,DOMAIN_OR_UNSUPPORTED_CONFIG,unsupported,Requested parameters blocked by the current driver,2026-10-08,cfe2d2ff99a434cd502696c1eb7b2f5daf8d11c5,58faa4377006afb855cb3db77ca0c48382389a321419731c946976e4e1513fd6,native preset; see archived full request
db-07e10461ab25f2bad3179a73,DB,grid-node,7500.0,7.25,,,,,,DOMAIN_OR_UNSUPPORTED_CONFIG,unsupported,Requested parameters blocked by the current driver,2026-10-08,cfe2d2ff99a434cd502696c1eb7b2f5daf8d11c5,58faa4377006afb855cb3db77ca0c48382389a321419731c946976e4e1513fd6,native preset; see archived full request
db-f6277441b570ff7b2f4804b2,DB,grid-node,8500.0,7.25,,,,,,TIMEOUT,timed_out,Resource cap reached; no physical failure inferred,2026-10-08,cfe2d2ff99a434cd502696c1eb7b2f5daf8d11c5,58faa4377006afb855cb3db77ca0c48382389a321419731c946976e4e1513fd6,native preset; see archived full request
db-8476367e860a0b06e75dd9af,DB,grid-node,9000.0,7.25,,,,,,TIMEOUT,timed_out,Resource cap reached; no physical failure inferred,2026-10-08,cfe2d2ff99a434cd502696c1eb7b2f5daf8d11c5,58faa4377006afb855cb3db77ca0c48382389a321419731c946976e4e1513fd6,native preset; see archived full request
db-98457eebfd67b26587e9dd9f,DB,grid-node,9500.0,7.25,,,,,,TIMEOUT,timed_out,Resource cap reached; no physical failure inferred,2026-10-08,cfe2d2ff99a434cd502696c1eb7b2f5daf8d11c5,58faa4377006afb855cb3db77ca0c48382389a321419731c946976e4e1513fd6,native preset; see archived full request
db-c06cdf5b4198e2667b5d112e,DB,grid-node,11000.0,7.25,,,,,,COMPLETE_NUMERICAL,completed,Passed the bank numerical checks,2026-10-08,cfe2d2ff99a434cd502696c1eb7b2f5daf8d11c5,58faa4377006afb855cb3db77ca0c48382389a321419731c946976e4e1513fd6,native preset; see archived full request
db-f8ad1f7cda6e969475397fc3,DB,grid-node,13000.0,7.25,,,,,,COMPLETE_NUMERICAL,completed,Passed the bank numerical checks,2026-10-08,cfe2d2ff99a434cd502696c1eb7b2f5daf8d11c5,58faa4377006afb855cb3db77ca0c48382389a321419731c946976e4e1513fd6,native preset; see archived full request
db-52620ad238e4faec2d07ba11,DB,grid-node,14000.0,7.25,,,,,,COMPLETE_NUMERICAL,completed,Passed the bank numerical checks,2026-10-08,cfe2d2ff99a434cd502696c1eb7b2f5daf8d11c5,58faa4377006afb855cb3db77ca0c48382389a321419731c946976e4e1513fd6,native preset; see archived full request
db-9a6d6f87827b659acf48ed59,DB,grid-node,15000.0,7.25,,,,,,COMPLETE_NUMERICAL,completed,Passed the bank numerical checks,2026-10-08,cfe2d2ff99a434cd502696c1eb7b2f5daf8d11c5,58faa4377006afb855cb3db77ca0c48382389a321419731c946976e4e1513fd6,native preset; see archived full request
db-0360e1c6356e3e11ed4127b6,DB,grid-node,16000.0,7.25,,,,,,COMPLETE_NUMERICAL,completed,Passed the bank numerical checks,2026-10-08,cfe2d2ff99a434cd502696c1eb7b2f5daf8d11c5,58faa4377006afb855cb3db77ca0c48382389a321419731c946976e4e1513fd6,native preset; see archived full request
db-a8c361bcc1cc8aca00e4ee31,DB,grid-node,17000.0,7.25,,,,,,COMPLETE_NUMERICAL,completed,Passed the bank numerical checks,2026-10-08,cfe2d2ff99a434cd502696c1eb7b2f5daf8d11c5,58faa4377006afb855cb3db77ca0c48382389a321419731c946976e4e1513fd6,native preset; see archived full request
db-b56a14d34f3e9436177f3a74,DB,grid-node,18000.0,7.25,,,,,,COMPLETE_NUMERICAL,completed,Passed the bank numerical checks,2026-10-08,cfe2d2ff99a434cd502696c1eb7b2f5daf8d11c5,58faa4377006afb855cb3db77ca0c48382389a321419731c946976e4e1513fd6,native preset; see archived full request
db-eb159f8e97171d7d3ca26f13,DB,grid-node,19000.0,7.25,,,,,,COMPLETE_NUMERICAL,completed,Passed the bank numerical checks,2026-10-08,cfe2d2ff99a434cd502696c1eb7b2f5daf8d11c5,58faa4377006afb855cb3db77ca0c48382389a321419731c946976e4e1513fd6,native preset; see archived full request
db-e2dacf390da9c18e2c43a296,DB,grid-node,21000.0,7.25,,,,,,COMPLETE_NUMERICAL,completed,Passed the bank numerical checks,2026-10-08,cfe2d2ff99a434cd502696c1eb7b2f5daf8d11c5,58faa4377006afb855cb3db77ca0c48382389a321419731c946976e4e1513fd6,native preset; see archived full request
db-d4bf7cc4b8826ba58e505c97,DB,grid-node,23000.0,7.25,,,,,,COMPLETE_NUMERICAL,completed,Passed the bank numerical checks,2026-10-08,cfe2d2ff99a434cd502696c1eb7b2f5daf8d11c5,58faa4377006afb855cb3db77ca0c48382389a321419731c946976e4e1513fd6,native preset; see archived full request
db-b5f9188e48bf4027d34e6fff,DB,grid-node,24000.0,7.25,,,,,,COMPLETE_NUMERICAL,completed,Passed the bank numerical checks,2026-10-08,cfe2d2ff99a434cd502696c1eb7b2f5daf8d11c5,58faa4377006afb855cb3db77ca0c48382389a321419731c946976e4e1513fd6,native preset; see archived full request
db-624c1416c76a99c43da0230a,DB,grid-node,25000.0,7.25,,,,,,COMPLETE_NUMERICAL,completed,Passed the bank numerical checks,2026-10-08,cfe2d2ff99a434cd502696c1eb7b2f5daf8d11c5,58faa4377006afb855cb3db77ca0c48382389a321419731c946976e4e1513fd6,native preset; see archived full request
db-675a0d52f4fd380d9ac1e7ed,DB,grid-node,26000.0,7.25,,,,,,COMPLETE_NUMERICAL,completed,Passed the bank numerical checks,2026-10-08,cfe2d2ff99a434cd502696c1eb7b2f5daf8d11c5,58faa4377006afb855cb3db77ca0c48382389a321419731c946976e4e1513fd6,native preset; see archived full request
db-ee8557a88c3410eb3cc2e9c5,DB,grid-node,27000.0,7.25,,,,,,COMPLETE_NUMERICAL,completed,Passed the bank numerical checks,2026-10-08,cfe2d2ff99a434cd502696c1eb7b2f5daf8d11c5,58faa4377006afb855cb3db77ca0c48382389a321419731c946976e4e1513fd6,native preset; see archived full request
db-83115ce014b8b87425281907,DB,grid-node,28000.0,7.25,,,,,,COMPLETE_NUMERICAL,completed,Passed the bank numerical checks,2026-10-08,cfe2d2ff99a434cd502696c1eb7b2f5daf8d11c5,58faa4377006afb855cb3db77ca0c48382389a321419731c946976e4e1513fd6,native preset; see archived full request
db-4251ae69414dc3c906872a0e,DB,grid-node,29000.0,7.25,,,,,,COMPLETE_NUMERICAL,completed,Passed the bank numerical checks,2026-10-08,cfe2d2ff99a434cd502696c1eb7b2f5daf8d11c5,58faa4377006afb855cb3db77ca0c48382389a321419731c946976e4e1513fd6,native preset; see archived full request
db-5b4c79fae8365c0e34c1e078,DB,grid-node,30000.0,7.25,,,,,,COMPLETE_NUMERICAL,completed,Passed the bank numerical checks,2026-10-08,cfe2d2ff99a434cd502696c1eb7b2f5daf8d11c5,58faa4377006afb855cb3db77ca0c48382389a321419731c946976e4e1513fd6,native preset; see archived full request
db-d7028cfbef4013042dae5277,DB,grid-node,32000.0,7.25,,,,,,COMPLETE_NUMERICAL,completed,Passed the bank numerical checks,2026-10-08,cfe2d2ff99a434cd502696c1eb7b2f5daf8d11c5,58faa4377006afb855cb3db77ca0c48382389a321419731c946976e4e1513fd6,native preset; see archived full request
db-ada4665562da2233abd6e1b6,DB,grid-node,34000.0,7.25,,,,,,COMPLETE_NUMERICAL,completed,Passed the bank numerical checks,2026-10-08,cfe2d2ff99a434cd502696c1eb7b2f5daf8d11c5,58faa4377006afb855cb3db77ca0c48382389a321419731c946976e4e1513fd6,native preset; see archived full request
db-8cb85f4d300fed8f70b65400,DB,grid-node,36000.0,7.25,,,,,,COMPLETE_NUMERICAL,completed,Passed the bank numerical checks,2026-10-08,cfe2d2ff99a434cd502696c1eb7b2f5daf8d11c5,58faa4377006afb855cb3db77ca0c48382389a321419731c946976e4e1513fd6,native preset; see archived full request
db-31bb0cf086fcd3dcc5c408f2,DB,grid-node,38000.0,7.25,,,,,,COMPLETE_NUMERICAL,completed,Passed the bank numerical checks,2026-10-08,cfe2d2ff99a434cd502696c1eb7b2f5daf8d11c5,58faa4377006afb855cb3db77ca0c48382389a321419731c946976e4e1513fd6,native preset; see archived full request
db-5fdca9d1db923a9e695960f3,DB,grid-node,40000.0,7.25,,,,,,COMPLETE_NUMERICAL,completed,Passed the bank numerical checks,2026-10-08,cfe2d2ff99a434cd502696c1eb7b2f5daf8d11c5,58faa4377006afb855cb3db77ca0c48382389a321419731c946976e4e1513fd6,native preset; see archived full request
db-5aab11edcfafbac97bb1862e,DB,grid-node,45000.0,7.25,,,,,,COMPLETE_NUMERICAL,completed,Passed the bank numerical checks,2026-10-08,cfe2d2ff99a434cd502696c1eb7b2f5daf8d11c5,58faa4377006afb855cb3db77ca0c48382389a321419731c946976e4e1513fd6,native preset; see archived full request
db-1f7f650c28ea934380c0e0bb,DB,grid-node,50000.0,7.25,,,,,,COMPLETE_NUMERICAL,completed,Passed the bank numerical checks,2026-10-08,cfe2d2ff99a434cd502696c1eb7b2f5daf8d11c5,58faa4377006afb855cb3db77ca0c48382389a321419731c946976e4e1513fd6,native preset; see archived full request
db-3264fa03cf28c38f5cc40f95,DB,grid-node,55000.0,7.25,,,,,,COMPLETE_NUMERICAL,completed,Passed the bank numerical checks,2026-10-08,cfe2d2ff99a434cd502696c1eb7b2f5daf8d11c5,58faa4377006afb855cb3db77ca0c48382389a321419731c946976e4e1513fd6,native preset; see archived full request
db-32389b2cebe7e92e36e89a2a,DB,grid-node,5000.0,8.75,,,,,,DOMAIN_OR_UNSUPPORTED_CONFIG,unsupported,Requested parameters blocked by the current driver,2026-10-08,cfe2d2ff99a434cd502696c1eb7b2f5daf8d11c5,58faa4377006afb855cb3db77ca0c48382389a321419731c946976e4e1513fd6,native preset; see archived full request
db-57743b42c5136ef220ea265c,DB,grid-node,8000.0,8.75,,,,,,DOMAIN_OR_UNSUPPORTED_CONFIG,unsupported,Requested parameters blocked by the current driver,2026-10-08,cfe2d2ff99a434cd502696c1eb7b2f5daf8d11c5,58faa4377006afb855cb3db77ca0c48382389a321419731c946976e4e1513fd6,native preset; see archived full request
db-f5be1aaa234e83b2767b95bc,DB,grid-node,10000.0,8.75,,,,,,COMPLETE_NUMERICAL,completed,Passed the bank numerical checks,2026-10-08,cfe2d2ff99a434cd502696c1eb7b2f5daf8d11c5,58faa4377006afb855cb3db77ca0c48382389a321419731c946976e4e1513fd6,native preset; see archived full request
db-b25a08ece52830d263039c65,DB,grid-node,12000.0,8.75,,,,,,COMPLETE_NUMERICAL,completed,Passed the bank numerical checks,2026-10-08,cfe2d2ff99a434cd502696c1eb7b2f5daf8d11c5,58faa4377006afb855cb3db77ca0c48382389a321419731c946976e4e1513fd6,native preset; see archived full request
db-0121cc9ad0849da529820b8e,DB,grid-node,20000.0,8.75,,,,,,COMPLETE_NUMERICAL,completed,Passed the bank numerical checks,2026-10-08,cfe2d2ff99a434cd502696c1eb7b2f5daf8d11c5,58faa4377006afb855cb3db77ca0c48382389a321419731c946976e4e1513fd6,native preset; see archived full request
db-0ec746483ef5119e3564c22f,DB,grid-node,22000.0,8.75,,,,,,COMPLETE_NUMERICAL,completed,Passed the bank numerical checks,2026-10-08,cfe2d2ff99a434cd502696c1eb7b2f5daf8d11c5,58faa4377006afb855cb3db77ca0c48382389a321419731c946976e4e1513fd6,native preset; see archived full request
db-433f44c87a01f9cc63fd7434,DB,grid-node,60000.0,8.75,,,,,,COMPLETE_NUMERICAL,completed,Passed the bank numerical checks,2026-10-08,cfe2d2ff99a434cd502696c1eb7b2f5daf8d11c5,58faa4377006afb855cb3db77ca0c48382389a321419731c946976e4e1513fd6,native preset; see archived full request
db-2e14764b1e1784c893995e20,DB,grid-node,5500.0,8.75,,,,,,DOMAIN_OR_UNSUPPORTED_CONFIG,unsupported,Requested parameters blocked by the current driver,2026-10-08,cfe2d2ff99a434cd502696c1eb7b2f5daf8d11c5,58faa4377006afb855cb3db77ca0c48382389a321419731c946976e4e1513fd6,native preset; see archived full request
db-609d76f10ea0b0653fc70f75,DB,grid-node,6000.0,8.75,,,,,,DOMAIN_OR_UNSUPPORTED_CONFIG,unsupported,Requested parameters blocked by the current driver,2026-10-08,cfe2d2ff99a434cd502696c1eb7b2f5daf8d11c5,58faa4377006afb855cb3db77ca0c48382389a321419731c946976e4e1513fd6,native preset; see archived full request
db-9ff8c0ec545b8a28964dc4dd,DB,grid-node,6500.0,8.75,,,,,,DOMAIN_OR_UNSUPPORTED_CONFIG,unsupported,Requested parameters blocked by the current driver,2026-10-08,cfe2d2ff99a434cd502696c1eb7b2f5daf8d11c5,58faa4377006afb855cb3db77ca0c48382389a321419731c946976e4e1513fd6,native preset; see archived full request
db-b480d2dec13b72067c3749db,DB,grid-node,7000.0,8.75,,,,,,DOMAIN_OR_UNSUPPORTED_CONFIG,unsupported,Requested parameters blocked by the current driver,2026-10-08,cfe2d2ff99a434cd502696c1eb7b2f5daf8d11c5,58faa4377006afb855cb3db77ca0c48382389a321419731c946976e4e1513fd6,native preset; see archived full request
db-a387796f153452acc09e99f4,DB,grid-node,7500.0,8.75,,,,,,DOMAIN_OR_UNSUPPORTED_CONFIG,unsupported,Requested parameters blocked by the current driver,2026-10-08,cfe2d2ff99a434cd502696c1eb7b2f5daf8d11c5,58faa4377006afb855cb3db77ca0c48382389a321419731c946976e4e1513fd6,native preset; see archived full request
db-e61bddb13a053da2f92c83f9,DB,grid-node,8500.0,8.75,,,,,,DOMAIN_OR_UNSUPPORTED_CONFIG,unsupported,Requested parameters blocked by the current driver,2026-10-08,cfe2d2ff99a434cd502696c1eb7b2f5daf8d11c5,58faa4377006afb855cb3db77ca0c48382389a321419731c946976e4e1513fd6,native preset; see archived full request
db-c7424e24d59de1608bfbaa19,DB,grid-node,9000.0,8.75,,,,,,DOMAIN_OR_UNSUPPORTED_CONFIG,unsupported,Requested parameters blocked by the current driver,2026-10-08,cfe2d2ff99a434cd502696c1eb7b2f5daf8d11c5,58faa4377006afb855cb3db77ca0c48382389a321419731c946976e4e1513fd6,native preset; see archived full request
db-e07e07eb96feea994cc997ae,DB,grid-node,9500.0,8.75,,,,,,DOMAIN_OR_UNSUPPORTED_CONFIG,unsupported,Requested parameters blocked by the current driver,2026-10-08,cfe2d2ff99a434cd502696c1eb7b2f5daf8d11c5,58faa4377006afb855cb3db77ca0c48382389a321419731c946976e4e1513fd6,native preset; see archived full request
db-c88e9b4657b9787f1aeb3b89,DB,grid-node,11000.0,8.75,,,,,,COMPLETE_NUMERICAL,completed,Passed the bank numerical checks,2026-10-08,cfe2d2ff99a434cd502696c1eb7b2f5daf8d11c5,58faa4377006afb855cb3db77ca0c48382389a321419731c946976e4e1513fd6,native preset; see archived full request
db-a2ad9af4138d247616857eef,DB,grid-node,13000.0,8.75,,,,,,COMPLETE_NUMERICAL,completed,Passed the bank numerical checks,2026-10-08,cfe2d2ff99a434cd502696c1eb7b2f5daf8d11c5,58faa4377006afb855cb3db77ca0c48382389a321419731c946976e4e1513fd6,native preset; see archived full request
db-54c78ba7d4b91d2b632e3e0d,DB,grid-node,14000.0,8.75,,,,,,COMPLETE_NUMERICAL,completed,Passed the bank numerical checks,2026-10-08,cfe2d2ff99a434cd502696c1eb7b2f5daf8d11c5,58faa4377006afb855cb3db77ca0c48382389a321419731c946976e4e1513fd6,native preset; see archived full request
db-b93f1b9637091fa30171c648,DB,grid-node,15000.0,8.75,,,,,,COMPLETE_NUMERICAL,completed,Passed the bank numerical checks,2026-10-08,cfe2d2ff99a434cd502696c1eb7b2f5daf8d11c5,58faa4377006afb855cb3db77ca0c48382389a321419731c946976e4e1513fd6,native preset; see archived full request
db-454c881277936b1300e41fcf,DB,grid-node,16000.0,8.75,,,,,,COMPLETE_NUMERICAL,completed,Passed the bank numerical checks,2026-10-08,cfe2d2ff99a434cd502696c1eb7b2f5daf8d11c5,58faa4377006afb855cb3db77ca0c48382389a321419731c946976e4e1513fd6,native preset; see archived full request
db-a5e9912b3a951b64d079e847,DB,grid-node,17000.0,8.75,,,,,,COMPLETE_NUMERICAL,completed,Passed the bank numerical checks,2026-10-08,cfe2d2ff99a434cd502696c1eb7b2f5daf8d11c5,58faa4377006afb855cb3db77ca0c48382389a321419731c946976e4e1513fd6,native preset; see archived full request
db-e01c762cdd46eedbd4bd4d18,DB,grid-node,18000.0,8.75,,,,,,COMPLETE_NUMERICAL,completed,Passed the bank numerical checks,2026-10-08,cfe2d2ff99a434cd502696c1eb7b2f5daf8d11c5,58faa4377006afb855cb3db77ca0c48382389a321419731c946976e4e1513fd6,native preset; see archived full request
db-f05cb11664dd687d68f1d3fc,DB,grid-node,19000.0,8.75,,,,,,COMPLETE_NUMERICAL,completed,Passed the bank numerical checks,2026-10-08,cfe2d2ff99a434cd502696c1eb7b2f5daf8d11c5,58faa4377006afb855cb3db77ca0c48382389a321419731c946976e4e1513fd6,native preset; see archived full request
db-32a738a3beefac3ca77824e5,DB,grid-node,21000.0,8.75,,,,,,COMPLETE_NUMERICAL,completed,Passed the bank numerical checks,2026-10-08,cfe2d2ff99a434cd502696c1eb7b2f5daf8d11c5,58faa4377006afb855cb3db77ca0c48382389a321419731c946976e4e1513fd6,native preset; see archived full request
db-6f59381d53882a676a72aca8,DB,grid-node,23000.0,8.75,,,,,,COMPLETE_NUMERICAL,completed,Passed the bank numerical checks,2026-10-08,cfe2d2ff99a434cd502696c1eb7b2f5daf8d11c5,58faa4377006afb855cb3db77ca0c48382389a321419731c946976e4e1513fd6,native preset; see archived full request
db-e5139f7c2d49f16b9101e965,DB,grid-node,24000.0,8.75,,,,,,COMPLETE_NUMERICAL,completed,Passed the bank numerical checks,2026-10-08,cfe2d2ff99a434cd502696c1eb7b2f5daf8d11c5,58faa4377006afb855cb3db77ca0c48382389a321419731c946976e4e1513fd6,native preset; see archived full request
db-b0787fcceec42f2db72ba43e,DB,grid-node,25000.0,8.75,,,,,,COMPLETE_NUMERICAL,completed,Passed the bank numerical checks,2026-10-08,cfe2d2ff99a434cd502696c1eb7b2f5daf8d11c5,58faa4377006afb855cb3db77ca0c48382389a321419731c946976e4e1513fd6,native preset; see archived full request
db-c8b915e94c3b2318184a69e1,DB,grid-node,26000.0,8.75,,,,,,COMPLETE_NUMERICAL,completed,Passed the bank numerical checks,2026-10-08,cfe2d2ff99a434cd502696c1eb7b2f5daf8d11c5,58faa4377006afb855cb3db77ca0c48382389a321419731c946976e4e1513fd6,native preset; see archived full request
db-f12072dd37019f5071156b2c,DB,grid-node,27000.0,8.75,,,,,,COMPLETE_NUMERICAL,completed,Passed the bank numerical checks,2026-10-08,cfe2d2ff99a434cd502696c1eb7b2f5daf8d11c5,58faa4377006afb855cb3db77ca0c48382389a321419731c946976e4e1513fd6,native preset; see archived full request
db-86473415112004b297cdad00,DB,grid-node,28000.0,8.75,,,,,,COMPLETE_NUMERICAL,completed,Passed the bank numerical checks,2026-10-08,cfe2d2ff99a434cd502696c1eb7b2f5daf8d11c5,58faa4377006afb855cb3db77ca0c48382389a321419731c946976e4e1513fd6,native preset; see archived full request
db-15ea69e8af275ca315f5a9a7,DB,grid-node,29000.0,8.75,,,,,,COMPLETE_NUMERICAL,completed,Passed the bank numerical checks,2026-10-08,cfe2d2ff99a434cd502696c1eb7b2f5daf8d11c5,58faa4377006afb855cb3db77ca0c48382389a321419731c946976e4e1513fd6,native preset; see archived full request
db-27aecc3b3de5a0978a2ed73a,DB,grid-node,30000.0,8.75,,,,,,COMPLETE_NUMERICAL,completed,Passed the bank numerical checks,2026-10-08,cfe2d2ff99a434cd502696c1eb7b2f5daf8d11c5,58faa4377006afb855cb3db77ca0c48382389a321419731c946976e4e1513fd6,native preset; see archived full request
db-07dcf6c495053ed6c438247e,DB,grid-node,32000.0,8.75,,,,,,COMPLETE_NUMERICAL,completed,Passed the bank numerical checks,2026-10-08,cfe2d2ff99a434cd502696c1eb7b2f5daf8d11c5,58faa4377006afb855cb3db77ca0c48382389a321419731c946976e4e1513fd6,native preset; see archived full request
db-f5da22563291678329f3fdd1,DB,grid-node,34000.0,8.75,,,,,,COMPLETE_NUMERICAL,completed,Passed the bank numerical checks,2026-10-08,cfe2d2ff99a434cd502696c1eb7b2f5daf8d11c5,58faa4377006afb855cb3db77ca0c48382389a321419731c946976e4e1513fd6,native preset; see archived full request
db-9eb755c1358a2fd91e92b3bc,DB,grid-node,36000.0,8.75,,,,,,COMPLETE_NUMERICAL,completed,Passed the bank numerical checks,2026-10-08,cfe2d2ff99a434cd502696c1eb7b2f5daf8d11c5,58faa4377006afb855cb3db77ca0c48382389a321419731c946976e4e1513fd6,native preset; see archived full request
db-3dd20254bec7d985df03ca15,DB,grid-node,38000.0,8.75,,,,,,COMPLETE_NUMERICAL,completed,Passed the bank numerical checks,2026-10-08,cfe2d2ff99a434cd502696c1eb7b2f5daf8d11c5,58faa4377006afb855cb3db77ca0c48382389a321419731c946976e4e1513fd6,native preset; see archived full request
db-6528d0c3b71c60018e5b788b,DB,grid-node,40000.0,8.75,,,,,,COMPLETE_NUMERICAL,completed,Passed the bank numerical checks,2026-10-08,cfe2d2ff99a434cd502696c1eb7b2f5daf8d11c5,58faa4377006afb855cb3db77ca0c48382389a321419731c946976e4e1513fd6,native preset; see archived full request
db-b868c307ee88d4cfeae53c08,DB,grid-node,45000.0,8.75,,,,,,COMPLETE_NUMERICAL,completed,Passed the bank numerical checks,2026-10-08,cfe2d2ff99a434cd502696c1eb7b2f5daf8d11c5,58faa4377006afb855cb3db77ca0c48382389a321419731c946976e4e1513fd6,native preset; see archived full request
db-113405fe37b3a0d25e8ecefe,DB,grid-node,50000.0,8.75,,,,,,COMPLETE_NUMERICAL,completed,Passed the bank numerical checks,2026-10-08,cfe2d2ff99a434cd502696c1eb7b2f5daf8d11c5,58faa4377006afb855cb3db77ca0c48382389a321419731c946976e4e1513fd6,native preset; see archived full request
db-ab6e682600f0669eae34a457,DB,grid-node,55000.0,8.75,,,,,,COMPLETE_NUMERICAL,completed,Passed the bank numerical checks,2026-10-08,cfe2d2ff99a434cd502696c1eb7b2f5daf8d11c5,58faa4377006afb855cb3db77ca0c48382389a321419731c946976e4e1513fd6,native preset; see archived full request
db-5390e87d19e108e6aed14331,DB,grid-node,5000.0,7.0,,,,,,DOMAIN_OR_UNSUPPORTED_CONFIG,unsupported,Requested parameters blocked by the current driver,2026-10-08,cfe2d2ff99a434cd502696c1eb7b2f5daf8d11c5,58faa4377006afb855cb3db77ca0c48382389a321419731c946976e4e1513fd6,native preset; see archived full request
db-190545cfef9849a6e6227138,DB,grid-node,8000.0,7.0,,,,,,TIMEOUT,timed_out,Resource cap reached; no physical failure inferred,2026-10-08,cfe2d2ff99a434cd502696c1eb7b2f5daf8d11c5,58faa4377006afb855cb3db77ca0c48382389a321419731c946976e4e1513fd6,native preset; see archived full request
db-02c27fac8718e36e357ca0ad,DB,grid-node,10000.0,7.0,,,,,,COMPLETE_NUMERICAL,completed,Passed the bank numerical checks,2026-10-08,cfe2d2ff99a434cd502696c1eb7b2f5daf8d11c5,58faa4377006afb855cb3db77ca0c48382389a321419731c946976e4e1513fd6,native preset; see archived full request
db-cb961e24a45908398e30349f,DB,grid-node,12000.0,7.0,,,,,,COMPLETE_NUMERICAL,completed,Passed the bank numerical checks,2026-10-08,cfe2d2ff99a434cd502696c1eb7b2f5daf8d11c5,58faa4377006afb855cb3db77ca0c48382389a321419731c946976e4e1513fd6,native preset; see archived full request
db-5fb2ec236bf98bc76d7aa9a9,DB,grid-node,20000.0,7.0,,,,,,COMPLETE_NUMERICAL,completed,Passed the bank numerical checks,2026-10-08,cfe2d2ff99a434cd502696c1eb7b2f5daf8d11c5,58faa4377006afb855cb3db77ca0c48382389a321419731c946976e4e1513fd6,native preset; see archived full request
db-c79d0721c794f5c7f9f57bc6,DB,grid-node,22000.0,7.0,,,,,,COMPLETE_NUMERICAL,completed,Passed the bank numerical checks,2026-10-08,cfe2d2ff99a434cd502696c1eb7b2f5daf8d11c5,58faa4377006afb855cb3db77ca0c48382389a321419731c946976e4e1513fd6,native preset; see archived full request
db-761f46d1dcfd461d15665c70,DB,grid-node,60000.0,7.0,,,,,,COMPLETE_NUMERICAL,completed,Passed the bank numerical checks,2026-10-08,cfe2d2ff99a434cd502696c1eb7b2f5daf8d11c5,58faa4377006afb855cb3db77ca0c48382389a321419731c946976e4e1513fd6,native preset; see archived full request
db-c07238c0d60e1f66db41584b,DB,grid-node,5500.0,7.0,,,,,,DOMAIN_OR_UNSUPPORTED_CONFIG,unsupported,Requested parameters blocked by the current driver,2026-10-08,cfe2d2ff99a434cd502696c1eb7b2f5daf8d11c5,58faa4377006afb855cb3db77ca0c48382389a321419731c946976e4e1513fd6,native preset; see archived full request
db-8522e5d2bff266ea2c4f3096,DB,grid-node,6000.0,7.0,,,,,,DOMAIN_OR_UNSUPPORTED_CONFIG,unsupported,Requested parameters blocked by the current driver,2026-10-08,cfe2d2ff99a434cd502696c1eb7b2f5daf8d11c5,58faa4377006afb855cb3db77ca0c48382389a321419731c946976e4e1513fd6,native preset; see archived full request
db-ff2a253e440758b02730bd6a,DB,grid-node,6500.0,7.0,,,,,,DOMAIN_OR_UNSUPPORTED_CONFIG,unsupported,Requested parameters blocked by the current driver,2026-10-08,cfe2d2ff99a434cd502696c1eb7b2f5daf8d11c5,58faa4377006afb855cb3db77ca0c48382389a321419731c946976e4e1513fd6,native preset; see archived full request
db-a98e77ce88227e04d8bb5b5b,DB,grid-node,7000.0,7.0,,,,,,DOMAIN_OR_UNSUPPORTED_CONFIG,unsupported,Requested parameters blocked by the current driver,2026-10-08,cfe2d2ff99a434cd502696c1eb7b2f5daf8d11c5,58faa4377006afb855cb3db77ca0c48382389a321419731c946976e4e1513fd6,native preset; see archived full request
db-02eec01001a990f747dd5552,DB,grid-node,7500.0,7.0,,,,,,DOMAIN_OR_UNSUPPORTED_CONFIG,unsupported,Requested parameters blocked by the current driver,2026-10-08,cfe2d2ff99a434cd502696c1eb7b2f5daf8d11c5,58faa4377006afb855cb3db77ca0c48382389a321419731c946976e4e1513fd6,native preset; see archived full request
db-e7373f7f82088ab26c2accef,DB,grid-node,8500.0,7.0,,,,,,TIMEOUT,timed_out,Resource cap reached; no physical failure inferred,2026-10-08,cfe2d2ff99a434cd502696c1eb7b2f5daf8d11c5,58faa4377006afb855cb3db77ca0c48382389a321419731c946976e4e1513fd6,native preset; see archived full request
db-edac3cc9818f11b81a79eba8,DB,grid-node,9000.0,7.0,,,,,,TIMEOUT,timed_out,Resource cap reached; no physical failure inferred,2026-10-08,cfe2d2ff99a434cd502696c1eb7b2f5daf8d11c5,58faa4377006afb855cb3db77ca0c48382389a321419731c946976e4e1513fd6,native preset; see archived full request
db-6055463292c0c70b7832f7de,DB,grid-node,9500.0,7.0,,,,,,TIMEOUT,timed_out,Resource cap reached; no physical failure inferred,2026-10-08,cfe2d2ff99a434cd502696c1eb7b2f5daf8d11c5,58faa4377006afb855cb3db77ca0c48382389a321419731c946976e4e1513fd6,native preset; see archived full request
db-7bc5eef46e7b0716d048e6bc,DB,grid-node,11000.0,7.0,,,,,,COMPLETE_NUMERICAL,completed,Passed the bank numerical checks,2026-10-08,cfe2d2ff99a434cd502696c1eb7b2f5daf8d11c5,58faa4377006afb855cb3db77ca0c48382389a321419731c946976e4e1513fd6,native preset; see archived full request
db-031cc80a3c32282d50ded269,DB,grid-node,13000.0,7.0,,,,,,COMPLETE_NUMERICAL,completed,Passed the bank numerical checks,2026-10-08,cfe2d2ff99a434cd502696c1eb7b2f5daf8d11c5,58faa4377006afb855cb3db77ca0c48382389a321419731c946976e4e1513fd6,native preset; see archived full request
db-98ba1004275fee32bb86fdfa,DB,grid-node,14000.0,7.0,,,,,,COMPLETE_NUMERICAL,completed,Passed the bank numerical checks,2026-10-08,cfe2d2ff99a434cd502696c1eb7b2f5daf8d11c5,58faa4377006afb855cb3db77ca0c48382389a321419731c946976e4e1513fd6,native preset; see archived full request
db-b316d93ff855a649712311dc,DB,grid-node,15000.0,7.0,,,,,,COMPLETE_NUMERICAL,completed,Passed the bank numerical checks,2026-10-08,cfe2d2ff99a434cd502696c1eb7b2f5daf8d11c5,58faa4377006afb855cb3db77ca0c48382389a321419731c946976e4e1513fd6,native preset; see archived full request
db-ad05f173a4d53c239fe52e8d,DB,grid-node,16000.0,7.0,,,,,,COMPLETE_NUMERICAL,completed,Passed the bank numerical checks,2026-10-08,cfe2d2ff99a434cd502696c1eb7b2f5daf8d11c5,58faa4377006afb855cb3db77ca0c48382389a321419731c946976e4e1513fd6,native preset; see archived full request
db-04abba53e54c83f9352b3ac9,DB,grid-node,17000.0,7.0,,,,,,COMPLETE_NUMERICAL,completed,Passed the bank numerical checks,2026-10-08,cfe2d2ff99a434cd502696c1eb7b2f5daf8d11c5,58faa4377006afb855cb3db77ca0c48382389a321419731c946976e4e1513fd6,native preset; see archived full request
db-2f7c947651de74db44b692c8,DB,grid-node,18000.0,7.0,,,,,,COMPLETE_NUMERICAL,completed,Passed the bank numerical checks,2026-10-08,cfe2d2ff99a434cd502696c1eb7b2f5daf8d11c5,58faa4377006afb855cb3db77ca0c48382389a321419731c946976e4e1513fd6,native preset; see archived full request
db-717d2ee57e215c3f8907de2e,DB,grid-node,19000.0,7.0,,,,,,COMPLETE_NUMERICAL,completed,Passed the bank numerical checks,2026-10-08,cfe2d2ff99a434cd502696c1eb7b2f5daf8d11c5,58faa4377006afb855cb3db77ca0c48382389a321419731c946976e4e1513fd6,native preset; see archived full request
db-ab60125c64273e06c94f9ef4,DB,grid-node,21000.0,7.0,,,,,,COMPLETE_NUMERICAL,completed,Passed the bank numerical checks,2026-10-08,cfe2d2ff99a434cd502696c1eb7b2f5daf8d11c5,58faa4377006afb855cb3db77ca0c48382389a321419731c946976e4e1513fd6,native preset; see archived full request
db-279dca95b6e3aad08a2829da,DB,grid-node,23000.0,7.0,,,,,,COMPLETE_NUMERICAL,completed,Passed the bank numerical checks,2026-10-08,cfe2d2ff99a434cd502696c1eb7b2f5daf8d11c5,58faa4377006afb855cb3db77ca0c48382389a321419731c946976e4e1513fd6,native preset; see archived full request
db-941834035672d89b0455ce02,DB,grid-node,24000.0,7.0,,,,,,COMPLETE_NUMERICAL,completed,Passed the bank numerical checks,2026-10-08,cfe2d2ff99a434cd502696c1eb7b2f5daf8d11c5,58faa4377006afb855cb3db77ca0c48382389a321419731c946976e4e1513fd6,native preset; see archived full request
db-89196ddde8bb4ee661198b1e,DB,grid-node,25000.0,7.0,,,,,,COMPLETE_NUMERICAL,completed,Passed the bank numerical checks,2026-10-08,cfe2d2ff99a434cd502696c1eb7b2f5daf8d11c5,58faa4377006afb855cb3db77ca0c48382389a321419731c946976e4e1513fd6,native preset; see archived full request
db-8ed0c5e25706a98bf42a98bb,DB,grid-node,26000.0,7.0,,,,,,COMPLETE_NUMERICAL,completed,Passed the bank numerical checks,2026-10-08,cfe2d2ff99a434cd502696c1eb7b2f5daf8d11c5,58faa4377006afb855cb3db77ca0c48382389a321419731c946976e4e1513fd6,native preset; see archived full request
db-549ae158b05de5eda5a2d77c,DB,grid-node,27000.0,7.0,,,,,,COMPLETE_NUMERICAL,completed,Passed the bank numerical checks,2026-10-08,cfe2d2ff99a434cd502696c1eb7b2f5daf8d11c5,58faa4377006afb855cb3db77ca0c48382389a321419731c946976e4e1513fd6,native preset; see archived full request
db-b418a8857fa683b86425202b,DB,grid-node,28000.0,7.0,,,,,,COMPLETE_NUMERICAL,completed,Passed the bank numerical checks,2026-10-08,cfe2d2ff99a434cd502696c1eb7b2f5daf8d11c5,58faa4377006afb855cb3db77ca0c48382389a321419731c946976e4e1513fd6,native preset; see archived full request
db-c06d7a4ace743a6eccde1624,DB,grid-node,29000.0,7.0,,,,,,COMPLETE_NUMERICAL,completed,Passed the bank numerical checks,2026-10-08,cfe2d2ff99a434cd502696c1eb7b2f5daf8d11c5,58faa4377006afb855cb3db77ca0c48382389a321419731c946976e4e1513fd6,native preset; see archived full request
db-0cc036272a99f3c53747f4ee,DB,grid-node,30000.0,7.0,,,,,,COMPLETE_NUMERICAL,completed,Passed the bank numerical checks,2026-10-08,cfe2d2ff99a434cd502696c1eb7b2f5daf8d11c5,58faa4377006afb855cb3db77ca0c48382389a321419731c946976e4e1513fd6,native preset; see archived full request
db-32f79fc9a0c5cc479bd142e2,DB,grid-node,32000.0,7.0,,,,,,COMPLETE_NUMERICAL,completed,Passed the bank numerical checks,2026-10-08,cfe2d2ff99a434cd502696c1eb7b2f5daf8d11c5,58faa4377006afb855cb3db77ca0c48382389a321419731c946976e4e1513fd6,native preset; see archived full request
db-5d165a9d3e72cc222fc512d8,DB,grid-node,34000.0,7.0,,,,,,COMPLETE_NUMERICAL,completed,Passed the bank numerical checks,2026-10-08,cfe2d2ff99a434cd502696c1eb7b2f5daf8d11c5,58faa4377006afb855cb3db77ca0c48382389a321419731c946976e4e1513fd6,native preset; see archived full request
db-36b404c3f9fe428318c35b24,DB,grid-node,36000.0,7.0,,,,,,COMPLETE_NUMERICAL,completed,Passed the bank numerical checks,2026-10-08,cfe2d2ff99a434cd502696c1eb7b2f5daf8d11c5,58faa4377006afb855cb3db77ca0c48382389a321419731c946976e4e1513fd6,native preset; see archived full request
db-7264fd0135c1af693773b798,DB,grid-node,38000.0,7.0,,,,,,COMPLETE_NUMERICAL,completed,Passed the bank numerical checks,2026-10-08,cfe2d2ff99a434cd502696c1eb7b2f5daf8d11c5,58faa4377006afb855cb3db77ca0c48382389a321419731c946976e4e1513fd6,native preset; see archived full request
db-9ebe26b05e3c8fcb30bb6a03,DB,grid-node,40000.0,7.0,,,,,,COMPLETE_NUMERICAL,completed,Passed the bank numerical checks,2026-10-08,cfe2d2ff99a434cd502696c1eb7b2f5daf8d11c5,58faa4377006afb855cb3db77ca0c48382389a321419731c946976e4e1513fd6,native preset; see archived full request
db-b35f03e1688b4b583ec4fbdf,DB,grid-node,45000.0,7.0,,,,,,COMPLETE_NUMERICAL,completed,Passed the bank numerical checks,2026-10-08,cfe2d2ff99a434cd502696c1eb7b2f5daf8d11c5,58faa4377006afb855cb3db77ca0c48382389a321419731c946976e4e1513fd6,native preset; see archived full request
db-534e7372360c9cdf6cfc3c21,DB,grid-node,50000.0,7.0,,,,,,COMPLETE_NUMERICAL,completed,Passed the bank numerical checks,2026-10-08,cfe2d2ff99a434cd502696c1eb7b2f5daf8d11c5,58faa4377006afb855cb3db77ca0c48382389a321419731c946976e4e1513fd6,native preset; see archived full request
db-80d53d78e7d801ee863ecd51,DB,grid-node,55000.0,7.0,,,,,,COMPLETE_NUMERICAL,completed,Passed the bank numerical checks,2026-10-08,cfe2d2ff99a434cd502696c1eb7b2f5daf8d11c5,58faa4377006afb855cb3db77ca0c48382389a321419731c946976e4e1513fd6,native preset; see archived full request
db-e49063df1e01e157f0d3a195,DB,grid-node,5000.0,9.0,,,,,,DOMAIN_OR_UNSUPPORTED_CONFIG,unsupported,Requested parameters blocked by the current driver,2026-10-08,cfe2d2ff99a434cd502696c1eb7b2f5daf8d11c5,58faa4377006afb855cb3db77ca0c48382389a321419731c946976e4e1513fd6,native preset; see archived full request
db-195996212dda0df41cf75cfd,DB,grid-node,8000.0,9.0,,,,,,DOMAIN_OR_UNSUPPORTED_CONFIG,unsupported,Requested parameters blocked by the current driver,2026-10-08,cfe2d2ff99a434cd502696c1eb7b2f5daf8d11c5,58faa4377006afb855cb3db77ca0c48382389a321419731c946976e4e1513fd6,native preset; see archived full request
db-06e533599c9066f366595df8,DB,grid-node,10000.0,9.0,,,,,,DOMAIN_OR_UNSUPPORTED_CONFIG,unsupported,Requested parameters blocked by the current driver,2026-10-08,cfe2d2ff99a434cd502696c1eb7b2f5daf8d11c5,58faa4377006afb855cb3db77ca0c48382389a321419731c946976e4e1513fd6,native preset; see archived full request
db-a8afd0020d9cfdc1c3f988e3,DB,grid-node,12000.0,9.0,,,,,,COMPLETE_NUMERICAL,completed,Passed the bank numerical checks,2026-10-08,cfe2d2ff99a434cd502696c1eb7b2f5daf8d11c5,58faa4377006afb855cb3db77ca0c48382389a321419731c946976e4e1513fd6,native preset; see archived full request
db-79916b77050c9b186df3157a,DB,grid-node,20000.0,9.0,,,,,,COMPLETE_NUMERICAL,completed,Passed the bank numerical checks,2026-10-08,cfe2d2ff99a434cd502696c1eb7b2f5daf8d11c5,58faa4377006afb855cb3db77ca0c48382389a321419731c946976e4e1513fd6,native preset; see archived full request
db-cc8358d21449d649d0f9f05d,DB,grid-node,22000.0,9.0,,,,,,COMPLETE_NUMERICAL,completed,Passed the bank numerical checks,2026-10-08,cfe2d2ff99a434cd502696c1eb7b2f5daf8d11c5,58faa4377006afb855cb3db77ca0c48382389a321419731c946976e4e1513fd6,native preset; see archived full request
db-5f21ecbfa867cbf845f4c60c,DB,grid-node,60000.0,9.0,,,,,,COMPLETE_NUMERICAL,completed,Passed the bank numerical checks,2026-10-08,cfe2d2ff99a434cd502696c1eb7b2f5daf8d11c5,58faa4377006afb855cb3db77ca0c48382389a321419731c946976e4e1513fd6,native preset; see archived full request
db-6c2a64a7a1536a19098c7cf5,DB,grid-node,5500.0,9.0,,,,,,DOMAIN_OR_UNSUPPORTED_CONFIG,unsupported,Requested parameters blocked by the current driver,2026-10-08,cfe2d2ff99a434cd502696c1eb7b2f5daf8d11c5,58faa4377006afb855cb3db77ca0c48382389a321419731c946976e4e1513fd6,native preset; see archived full request
db-64d66a715189379a1e8e20f6,DB,grid-node,6000.0,9.0,,,,,,DOMAIN_OR_UNSUPPORTED_CONFIG,unsupported,Requested parameters blocked by the current driver,2026-10-08,cfe2d2ff99a434cd502696c1eb7b2f5daf8d11c5,58faa4377006afb855cb3db77ca0c48382389a321419731c946976e4e1513fd6,native preset; see archived full request
db-06bd0d1dd29e7692717d4bab,DB,grid-node,6500.0,9.0,,,,,,DOMAIN_OR_UNSUPPORTED_CONFIG,unsupported,Requested parameters blocked by the current driver,2026-10-08,cfe2d2ff99a434cd502696c1eb7b2f5daf8d11c5,58faa4377006afb855cb3db77ca0c48382389a321419731c946976e4e1513fd6,native preset; see archived full request
db-9a152007394339a5756d5d5e,DB,grid-node,7000.0,9.0,,,,,,DOMAIN_OR_UNSUPPORTED_CONFIG,unsupported,Requested parameters blocked by the current driver,2026-10-08,cfe2d2ff99a434cd502696c1eb7b2f5daf8d11c5,58faa4377006afb855cb3db77ca0c48382389a321419731c946976e4e1513fd6,native preset; see archived full request
db-689f9c11cf26f716b55516a9,DB,grid-node,7500.0,9.0,,,,,,DOMAIN_OR_UNSUPPORTED_CONFIG,unsupported,Requested parameters blocked by the current driver,2026-10-08,cfe2d2ff99a434cd502696c1eb7b2f5daf8d11c5,58faa4377006afb855cb3db77ca0c48382389a321419731c946976e4e1513fd6,native preset; see archived full request
db-13debb4f036749f20fd7424a,DB,grid-node,8500.0,9.0,,,,,,DOMAIN_OR_UNSUPPORTED_CONFIG,unsupported,Requested parameters blocked by the current driver,2026-10-08,cfe2d2ff99a434cd502696c1eb7b2f5daf8d11c5,58faa4377006afb855cb3db77ca0c48382389a321419731c946976e4e1513fd6,native preset; see archived full request
db-68ca4a4eae3e9f0e4af951c9,DB,grid-node,9000.0,9.0,,,,,,DOMAIN_OR_UNSUPPORTED_CONFIG,unsupported,Requested parameters blocked by the current driver,2026-10-08,cfe2d2ff99a434cd502696c1eb7b2f5daf8d11c5,58faa4377006afb855cb3db77ca0c48382389a321419731c946976e4e1513fd6,native preset; see archived full request
db-03720fdcd54767c1a3067ed9,DB,grid-node,9500.0,9.0,,,,,,DOMAIN_OR_UNSUPPORTED_CONFIG,unsupported,Requested parameters blocked by the current driver,2026-10-08,cfe2d2ff99a434cd502696c1eb7b2f5daf8d11c5,58faa4377006afb855cb3db77ca0c48382389a321419731c946976e4e1513fd6,native preset; see archived full request
db-475aa3f0e801c41dfd9a6454,DB,grid-node,11000.0,9.0,,,,,,COMPLETE_NUMERICAL,completed,Passed the bank numerical checks,2026-10-08,cfe2d2ff99a434cd502696c1eb7b2f5daf8d11c5,58faa4377006afb855cb3db77ca0c48382389a321419731c946976e4e1513fd6,native preset; see archived full request
db-53ed2620053090b9eb749c00,DB,grid-node,13000.0,9.0,,,,,,COMPLETE_NUMERICAL,completed,Passed the bank numerical checks,2026-10-08,cfe2d2ff99a434cd502696c1eb7b2f5daf8d11c5,58faa4377006afb855cb3db77ca0c48382389a321419731c946976e4e1513fd6,native preset; see archived full request
db-f738752d9d85ac7fe73eaa0a,DB,grid-node,14000.0,9.0,,,,,,COMPLETE_NUMERICAL,completed,Passed the bank numerical checks,2026-10-08,cfe2d2ff99a434cd502696c1eb7b2f5daf8d11c5,58faa4377006afb855cb3db77ca0c48382389a321419731c946976e4e1513fd6,native preset; see archived full request
db-cbdd8574ff9f3f11332415f4,DB,grid-node,15000.0,9.0,,,,,,COMPLETE_NUMERICAL,completed,Passed the bank numerical checks,2026-10-08,cfe2d2ff99a434cd502696c1eb7b2f5daf8d11c5,58faa4377006afb855cb3db77ca0c48382389a321419731c946976e4e1513fd6,native preset; see archived full request
db-2b088aa8b6539f3d3da1863d,DB,grid-node,16000.0,9.0,,,,,,COMPLETE_NUMERICAL,completed,Passed the bank numerical checks,2026-10-08,cfe2d2ff99a434cd502696c1eb7b2f5daf8d11c5,58faa4377006afb855cb3db77ca0c48382389a321419731c946976e4e1513fd6,native preset; see archived full request
db-8c5916a9ab68f1c34165d9b3,DB,grid-node,17000.0,9.0,,,,,,COMPLETE_NUMERICAL,completed,Passed the bank numerical checks,2026-10-08,cfe2d2ff99a434cd502696c1eb7b2f5daf8d11c5,58faa4377006afb855cb3db77ca0c48382389a321419731c946976e4e1513fd6,native preset; see archived full request
db-703ee0ab53ad782caafa22d8,DB,grid-node,18000.0,9.0,,,,,,COMPLETE_NUMERICAL,completed,Passed the bank numerical checks,2026-10-08,cfe2d2ff99a434cd502696c1eb7b2f5daf8d11c5,58faa4377006afb855cb3db77ca0c48382389a321419731c946976e4e1513fd6,native preset; see archived full request
db-4bfb0fc98a3d04793435f100,DB,grid-node,19000.0,9.0,,,,,,COMPLETE_NUMERICAL,completed,Passed the bank numerical checks,2026-10-08,cfe2d2ff99a434cd502696c1eb7b2f5daf8d11c5,58faa4377006afb855cb3db77ca0c48382389a321419731c946976e4e1513fd6,native preset; see archived full request
db-b79d84dfa093dfd91e7e2cff,DB,grid-node,21000.0,9.0,,,,,,COMPLETE_NUMERICAL,completed,Passed the bank numerical checks,2026-10-08,cfe2d2ff99a434cd502696c1eb7b2f5daf8d11c5,58faa4377006afb855cb3db77ca0c48382389a321419731c946976e4e1513fd6,native preset; see archived full request
db-ef5787facadc492ddbf37b69,DB,grid-node,23000.0,9.0,,,,,,COMPLETE_NUMERICAL,completed,Passed the bank numerical checks,2026-10-08,cfe2d2ff99a434cd502696c1eb7b2f5daf8d11c5,58faa4377006afb855cb3db77ca0c48382389a321419731c946976e4e1513fd6,native preset; see archived full request
db-28a2539ea22bdcba40fdffb5,DB,grid-node,24000.0,9.0,,,,,,COMPLETE_NUMERICAL,completed,Passed the bank numerical checks,2026-10-08,cfe2d2ff99a434cd502696c1eb7b2f5daf8d11c5,58faa4377006afb855cb3db77ca0c48382389a321419731c946976e4e1513fd6,native preset; see archived full request
db-66841e9a36aa5f46fbc5909c,DB,grid-node,25000.0,9.0,,,,,,COMPLETE_NUMERICAL,completed,Passed the bank numerical checks,2026-10-08,cfe2d2ff99a434cd502696c1eb7b2f5daf8d11c5,58faa4377006afb855cb3db77ca0c48382389a321419731c946976e4e1513fd6,native preset; see archived full request
db-014ea498f5546421c302e98d,DB,grid-node,26000.0,9.0,,,,,,COMPLETE_NUMERICAL,completed,Passed the bank numerical checks,2026-10-08,cfe2d2ff99a434cd502696c1eb7b2f5daf8d11c5,58faa4377006afb855cb3db77ca0c48382389a321419731c946976e4e1513fd6,native preset; see archived full request
db-dc055ced0c59df185c562a8e,DB,grid-node,27000.0,9.0,,,,,,COMPLETE_NUMERICAL,completed,Passed the bank numerical checks,2026-10-08,cfe2d2ff99a434cd502696c1eb7b2f5daf8d11c5,58faa4377006afb855cb3db77ca0c48382389a321419731c946976e4e1513fd6,native preset; see archived full request
db-d27a1777876f23a762581151,DB,grid-node,28000.0,9.0,,,,,,COMPLETE_NUMERICAL,completed,Passed the bank numerical checks,2026-10-08,cfe2d2ff99a434cd502696c1eb7b2f5daf8d11c5,58faa4377006afb855cb3db77ca0c48382389a321419731c946976e4e1513fd6,native preset; see archived full request
db-2149143a00a48f07271496a1,DB,grid-node,29000.0,9.0,,,,,,COMPLETE_NUMERICAL,completed,Passed the bank numerical checks,2026-10-08,cfe2d2ff99a434cd502696c1eb7b2f5daf8d11c5,58faa4377006afb855cb3db77ca0c48382389a321419731c946976e4e1513fd6,native preset; see archived full request
db-e924328cbc0d0e571a302f4d,DB,grid-node,30000.0,9.0,,,,,,COMPLETE_NUMERICAL,completed,Passed the bank numerical checks,2026-10-08,cfe2d2ff99a434cd502696c1eb7b2f5daf8d11c5,58faa4377006afb855cb3db77ca0c48382389a321419731c946976e4e1513fd6,native preset; see archived full request
db-89a621cbe0ee8c3c6bc6d6ba,DB,grid-node,32000.0,9.0,,,,,,COMPLETE_NUMERICAL,completed,Passed the bank numerical checks,2026-10-08,cfe2d2ff99a434cd502696c1eb7b2f5daf8d11c5,58faa4377006afb855cb3db77ca0c48382389a321419731c946976e4e1513fd6,native preset; see archived full request
db-25ed5366e8ee2ad96da295e7,DB,grid-node,34000.0,9.0,,,,,,COMPLETE_NUMERICAL,completed,Passed the bank numerical checks,2026-10-08,cfe2d2ff99a434cd502696c1eb7b2f5daf8d11c5,58faa4377006afb855cb3db77ca0c48382389a321419731c946976e4e1513fd6,native preset; see archived full request
db-ae13b7a3715b5448474e9d2d,DB,grid-node,36000.0,9.0,,,,,,COMPLETE_NUMERICAL,completed,Passed the bank numerical checks,2026-10-08,cfe2d2ff99a434cd502696c1eb7b2f5daf8d11c5,58faa4377006afb855cb3db77ca0c48382389a321419731c946976e4e1513fd6,native preset; see archived full request
db-95527d684504863145bf7887,DB,grid-node,38000.0,9.0,,,,,,COMPLETE_NUMERICAL,completed,Passed the bank numerical checks,2026-10-08,cfe2d2ff99a434cd502696c1eb7b2f5daf8d11c5,58faa4377006afb855cb3db77ca0c48382389a321419731c946976e4e1513fd6,native preset; see archived full request
db-5cbeed7b32503231cf006724,DB,grid-node,40000.0,9.0,,,,,,COMPLETE_NUMERICAL,completed,Passed the bank numerical checks,2026-10-08,cfe2d2ff99a434cd502696c1eb7b2f5daf8d11c5,58faa4377006afb855cb3db77ca0c48382389a321419731c946976e4e1513fd6,native preset; see archived full request
db-4c71f8fd72d25c7431a2c642,DB,grid-node,45000.0,9.0,,,,,,COMPLETE_NUMERICAL,completed,Passed the bank numerical checks,2026-10-08,cfe2d2ff99a434cd502696c1eb7b2f5daf8d11c5,58faa4377006afb855cb3db77ca0c48382389a321419731c946976e4e1513fd6,native preset; see archived full request
db-324179ed48cbadb07b465cf6,DB,grid-node,50000.0,9.0,,,,,,COMPLETE_NUMERICAL,completed,Passed the bank numerical checks,2026-10-08,cfe2d2ff99a434cd502696c1eb7b2f5daf8d11c5,58faa4377006afb855cb3db77ca0c48382389a321419731c946976e4e1513fd6,native preset; see archived full request
db-0778101751c80cde7428a6b7,DB,grid-node,55000.0,9.0,,,,,,COMPLETE_NUMERICAL,completed,Passed the bank numerical checks,2026-10-08,cfe2d2ff99a434cd502696c1eb7b2f5daf8d11c5,58faa4377006afb855cb3db77ca0c48382389a321419731c946976e4e1513fd6,native preset; see archived full request
db-e10f74e0f325a36892dd11ec,DB,grid-node,5000.0,6.75,,,,,,DOMAIN_OR_UNSUPPORTED_CONFIG,unsupported,Requested parameters blocked by the current driver,2026-10-08,cfe2d2ff99a434cd502696c1eb7b2f5daf8d11c5,58faa4377006afb855cb3db77ca0c48382389a321419731c946976e4e1513fd6,native preset; see archived full request
db-33730f093c724697b48895d2,DB,grid-node,8000.0,6.75,,,,,,TIMEOUT,timed_out,Resource cap reached; no physical failure inferred,2026-10-08,cfe2d2ff99a434cd502696c1eb7b2f5daf8d11c5,58faa4377006afb855cb3db77ca0c48382389a321419731c946976e4e1513fd6,native preset; see archived full request
db-a3ffad120fe505d252e41ec8,DB,grid-node,10000.0,6.75,,,,,,COMPLETE_NUMERICAL,completed,Passed the bank numerical checks,2026-10-08,cfe2d2ff99a434cd502696c1eb7b2f5daf8d11c5,58faa4377006afb855cb3db77ca0c48382389a321419731c946976e4e1513fd6,native preset; see archived full request
db-39d67de5f16e59056eda0d12,DB,grid-node,12000.0,6.75,,,,,,COMPLETE_NUMERICAL,completed,Passed the bank numerical checks,2026-10-08,cfe2d2ff99a434cd502696c1eb7b2f5daf8d11c5,58faa4377006afb855cb3db77ca0c48382389a321419731c946976e4e1513fd6,native preset; see archived full request
db-0ab042dfd7d9af14657fcbde,DB,grid-node,20000.0,6.75,,,,,,COMPLETE_NUMERICAL,completed,Passed the bank numerical checks,2026-10-08,cfe2d2ff99a434cd502696c1eb7b2f5daf8d11c5,58faa4377006afb855cb3db77ca0c48382389a321419731c946976e4e1513fd6,native preset; see archived full request
db-5a0877442db7f14cb089822b,DB,grid-node,22000.0,6.75,,,,,,COMPLETE_NUMERICAL,completed,Passed the bank numerical checks,2026-10-08,cfe2d2ff99a434cd502696c1eb7b2f5daf8d11c5,58faa4377006afb855cb3db77ca0c48382389a321419731c946976e4e1513fd6,native preset; see archived full request
db-6807bd4183a8cc03d2d7cb87,DB,grid-node,60000.0,6.75,,,,,,COMPLETE_NUMERICAL,completed,Passed the bank numerical checks,2026-10-08,cfe2d2ff99a434cd502696c1eb7b2f5daf8d11c5,58faa4377006afb855cb3db77ca0c48382389a321419731c946976e4e1513fd6,native preset; see archived full request
db-575a930dfa7be63dd94fb6c4,DB,grid-node,5500.0,6.75,,,,,,DOMAIN_OR_UNSUPPORTED_CONFIG,unsupported,Requested parameters blocked by the current driver,2026-10-08,cfe2d2ff99a434cd502696c1eb7b2f5daf8d11c5,58faa4377006afb855cb3db77ca0c48382389a321419731c946976e4e1513fd6,native preset; see archived full request
db-187b4a191d615bbebacfe1f8,DB,grid-node,6000.0,6.75,,,,,,DOMAIN_OR_UNSUPPORTED_CONFIG,unsupported,Requested parameters blocked by the current driver,2026-10-08,cfe2d2ff99a434cd502696c1eb7b2f5daf8d11c5,58faa4377006afb855cb3db77ca0c48382389a321419731c946976e4e1513fd6,native preset; see archived full request
db-56b096a0dc0289024408e70b,DB,grid-node,6500.0,6.75,,,,,,DOMAIN_OR_UNSUPPORTED_CONFIG,unsupported,Requested parameters blocked by the current driver,2026-10-08,cfe2d2ff99a434cd502696c1eb7b2f5daf8d11c5,58faa4377006afb855cb3db77ca0c48382389a321419731c946976e4e1513fd6,native preset; see archived full request
db-bd65d5c9435d6600349aefc3,DB,grid-node,7000.0,6.75,,,,,,DOMAIN_OR_UNSUPPORTED_CONFIG,unsupported,Requested parameters blocked by the current driver,2026-10-08,cfe2d2ff99a434cd502696c1eb7b2f5daf8d11c5,58faa4377006afb855cb3db77ca0c48382389a321419731c946976e4e1513fd6,native preset; see archived full request
db-2c2ae2fe5895bb8879f5d5af,DB,grid-node,7500.0,6.75,,,,,,DOMAIN_OR_UNSUPPORTED_CONFIG,unsupported,Requested parameters blocked by the current driver,2026-10-08,cfe2d2ff99a434cd502696c1eb7b2f5daf8d11c5,58faa4377006afb855cb3db77ca0c48382389a321419731c946976e4e1513fd6,native preset; see archived full request
db-06f881d7c2a8a1561b0ea136,DB,grid-node,8500.0,6.75,,,,,,TIMEOUT,timed_out,Resource cap reached; no physical failure inferred,2026-10-08,cfe2d2ff99a434cd502696c1eb7b2f5daf8d11c5,58faa4377006afb855cb3db77ca0c48382389a321419731c946976e4e1513fd6,native preset; see archived full request
db-24d1d1f4df84e1b6bfb6c4dc,DB,grid-node,9000.0,6.75,,,,,,TIMEOUT,timed_out,Resource cap reached; no physical failure inferred,2026-10-08,cfe2d2ff99a434cd502696c1eb7b2f5daf8d11c5,58faa4377006afb855cb3db77ca0c48382389a321419731c946976e4e1513fd6,native preset; see archived full request
db-e457c6dc068f9e8c1f8213e7,DB,grid-node,9500.0,6.75,,,,,,TIMEOUT,timed_out,Resource cap reached; no physical failure inferred,2026-10-08,cfe2d2ff99a434cd502696c1eb7b2f5daf8d11c5,58faa4377006afb855cb3db77ca0c48382389a321419731c946976e4e1513fd6,native preset; see archived full request
db-4269ea03228544b9a404795c,DB,grid-node,11000.0,6.75,,,,,,COMPLETE_NUMERICAL,completed,Passed the bank numerical checks,2026-10-08,cfe2d2ff99a434cd502696c1eb7b2f5daf8d11c5,58faa4377006afb855cb3db77ca0c48382389a321419731c946976e4e1513fd6,native preset; see archived full request
db-f9cc1908132896845fb4a25b,DB,grid-node,13000.0,6.75,,,,,,COMPLETE_NUMERICAL,completed,Passed the bank numerical checks,2026-10-08,cfe2d2ff99a434cd502696c1eb7b2f5daf8d11c5,58faa4377006afb855cb3db77ca0c48382389a321419731c946976e4e1513fd6,native preset; see archived full request
db-abb5137ee2cfd2e69ba66fac,DB,grid-node,14000.0,6.75,,,,,,COMPLETE_NUMERICAL,completed,Passed the bank numerical checks,2026-10-08,cfe2d2ff99a434cd502696c1eb7b2f5daf8d11c5,58faa4377006afb855cb3db77ca0c48382389a321419731c946976e4e1513fd6,native preset; see archived full request
db-10970253749c12a3712df9c1,DB,grid-node,15000.0,6.75,,,,,,COMPLETE_NUMERICAL,completed,Passed the bank numerical checks,2026-10-08,cfe2d2ff99a434cd502696c1eb7b2f5daf8d11c5,58faa4377006afb855cb3db77ca0c48382389a321419731c946976e4e1513fd6,native preset; see archived full request
db-2916601b80f7198736372b89,DB,grid-node,16000.0,6.75,,,,,,COMPLETE_NUMERICAL,completed,Passed the bank numerical checks,2026-10-08,cfe2d2ff99a434cd502696c1eb7b2f5daf8d11c5,58faa4377006afb855cb3db77ca0c48382389a321419731c946976e4e1513fd6,native preset; see archived full request
db-fce0e39c83c5a9cd030c4883,DB,grid-node,17000.0,6.75,,,,,,COMPLETE_NUMERICAL,completed,Passed the bank numerical checks,2026-10-08,cfe2d2ff99a434cd502696c1eb7b2f5daf8d11c5,58faa4377006afb855cb3db77ca0c48382389a321419731c946976e4e1513fd6,native preset; see archived full request
db-e4aacf5cf987ffb5b70fc974,DB,grid-node,18000.0,6.75,,,,,,COMPLETE_NUMERICAL,completed,Passed the bank numerical checks,2026-10-08,cfe2d2ff99a434cd502696c1eb7b2f5daf8d11c5,58faa4377006afb855cb3db77ca0c48382389a321419731c946976e4e1513fd6,native preset; see archived full request
db-28d3edac89b5883957a4e841,DB,grid-node,19000.0,6.75,,,,,,COMPLETE_NUMERICAL,completed,Passed the bank numerical checks,2026-10-08,cfe2d2ff99a434cd502696c1eb7b2f5daf8d11c5,58faa4377006afb855cb3db77ca0c48382389a321419731c946976e4e1513fd6,native preset; see archived full request
db-9907211deb421986887f273c,DB,grid-node,21000.0,6.75,,,,,,COMPLETE_NUMERICAL,completed,Passed the bank numerical checks,2026-10-08,cfe2d2ff99a434cd502696c1eb7b2f5daf8d11c5,58faa4377006afb855cb3db77ca0c48382389a321419731c946976e4e1513fd6,native preset; see archived full request
db-d0300475aefb1bdfb03a2793,DB,grid-node,23000.0,6.75,,,,,,COMPLETE_NUMERICAL,completed,Passed the bank numerical checks,2026-10-08,cfe2d2ff99a434cd502696c1eb7b2f5daf8d11c5,58faa4377006afb855cb3db77ca0c48382389a321419731c946976e4e1513fd6,native preset; see archived full request
db-c8c3622e609c73fa7d28a946,DB,grid-node,24000.0,6.75,,,,,,COMPLETE_NUMERICAL,completed,Passed the bank numerical checks,2026-10-08,cfe2d2ff99a434cd502696c1eb7b2f5daf8d11c5,58faa4377006afb855cb3db77ca0c48382389a321419731c946976e4e1513fd6,native preset; see archived full request
db-7d4d19f8cd1ef9bddbe3f3b9,DB,grid-node,25000.0,6.75,,,,,,COMPLETE_NUMERICAL,completed,Passed the bank numerical checks,2026-10-08,cfe2d2ff99a434cd502696c1eb7b2f5daf8d11c5,58faa4377006afb855cb3db77ca0c48382389a321419731c946976e4e1513fd6,native preset; see archived full request
db-ffd2d0e08d3a58e965e9df50,DB,grid-node,26000.0,6.75,,,,,,COMPLETE_NUMERICAL,completed,Passed the bank numerical checks,2026-10-08,cfe2d2ff99a434cd502696c1eb7b2f5daf8d11c5,58faa4377006afb855cb3db77ca0c48382389a321419731c946976e4e1513fd6,native preset; see archived full request
db-5be5db788d07b1d2d02ae085,DB,grid-node,27000.0,6.75,,,,,,COMPLETE_NUMERICAL,completed,Passed the bank numerical checks,2026-10-08,cfe2d2ff99a434cd502696c1eb7b2f5daf8d11c5,58faa4377006afb855cb3db77ca0c48382389a321419731c946976e4e1513fd6,native preset; see archived full request
db-36891568f037b0a2b9a050cd,DB,grid-node,28000.0,6.75,,,,,,COMPLETE_NUMERICAL,completed,Passed the bank numerical checks,2026-10-08,cfe2d2ff99a434cd502696c1eb7b2f5daf8d11c5,58faa4377006afb855cb3db77ca0c48382389a321419731c946976e4e1513fd6,native preset; see archived full request
db-df417d394363ffa15494cd35,DB,grid-node,29000.0,6.75,,,,,,COMPLETE_NUMERICAL,completed,Passed the bank numerical checks,2026-10-08,cfe2d2ff99a434cd502696c1eb7b2f5daf8d11c5,58faa4377006afb855cb3db77ca0c48382389a321419731c946976e4e1513fd6,native preset; see archived full request
db-a2f652600041016423d4d69c,DB,grid-node,30000.0,6.75,,,,,,COMPLETE_NUMERICAL,completed,Passed the bank numerical checks,2026-10-08,cfe2d2ff99a434cd502696c1eb7b2f5daf8d11c5,58faa4377006afb855cb3db77ca0c48382389a321419731c946976e4e1513fd6,native preset; see archived full request
db-269085ec676736733133693d,DB,grid-node,32000.0,6.75,,,,,,COMPLETE_NUMERICAL,completed,Passed the bank numerical checks,2026-10-08,cfe2d2ff99a434cd502696c1eb7b2f5daf8d11c5,58faa4377006afb855cb3db77ca0c48382389a321419731c946976e4e1513fd6,native preset; see archived full request
db-9608b3168f3336a534861275,DB,grid-node,34000.0,6.75,,,,,,COMPLETE_NUMERICAL,completed,Passed the bank numerical checks,2026-10-08,cfe2d2ff99a434cd502696c1eb7b2f5daf8d11c5,58faa4377006afb855cb3db77ca0c48382389a321419731c946976e4e1513fd6,native preset; see archived full request
db-b69dd13fa974b0c2228654b8,DB,grid-node,36000.0,6.75,,,,,,COMPLETE_NUMERICAL,completed,Passed the bank numerical checks,2026-10-08,cfe2d2ff99a434cd502696c1eb7b2f5daf8d11c5,58faa4377006afb855cb3db77ca0c48382389a321419731c946976e4e1513fd6,native preset; see archived full request
db-c2c76279ffcf8535e11add77,DB,grid-node,38000.0,6.75,,,,,,COMPLETE_NUMERICAL,completed,Passed the bank numerical checks,2026-10-08,cfe2d2ff99a434cd502696c1eb7b2f5daf8d11c5,58faa4377006afb855cb3db77ca0c48382389a321419731c946976e4e1513fd6,native preset; see archived full request
db-1764b60068b516ece830d641,DB,grid-node,40000.0,6.75,,,,,,COMPLETE_NUMERICAL,completed,Passed the bank numerical checks,2026-10-08,cfe2d2ff99a434cd502696c1eb7b2f5daf8d11c5,58faa4377006afb855cb3db77ca0c48382389a321419731c946976e4e1513fd6,native preset; see archived full request
db-dcce1d9a9f3ffd8bfad83dfd,DB,grid-node,45000.0,6.75,,,,,,COMPLETE_NUMERICAL,completed,Passed the bank numerical checks,2026-10-08,cfe2d2ff99a434cd502696c1eb7b2f5daf8d11c5,58faa4377006afb855cb3db77ca0c48382389a321419731c946976e4e1513fd6,native preset; see archived full request
db-8f6824e5779a2abf940f4315,DB,grid-node,50000.0,6.75,,,,,,COMPLETE_NUMERICAL,completed,Passed the bank numerical checks,2026-10-08,cfe2d2ff99a434cd502696c1eb7b2f5daf8d11c5,58faa4377006afb855cb3db77ca0c48382389a321419731c946976e4e1513fd6,native preset; see archived full request
db-c3ea9a7386e2bbe9bb4ecd73,DB,grid-node,55000.0,6.75,,,,,,COMPLETE_NUMERICAL,completed,Passed the bank numerical checks,2026-10-08,cfe2d2ff99a434cd502696c1eb7b2f5daf8d11c5,58faa4377006afb855cb3db77ca0c48382389a321419731c946976e4e1513fd6,native preset; see archived full request
db-df4087ba3cc3e3a8b7839f54,DB,grid-node,5000.0,9.25,,,,,,DOMAIN_OR_UNSUPPORTED_CONFIG,unsupported,Requested parameters blocked by the current driver,2026-10-08,cfe2d2ff99a434cd502696c1eb7b2f5daf8d11c5,58faa4377006afb855cb3db77ca0c48382389a321419731c946976e4e1513fd6,native preset; see archived full request
db-202841a2fa442c45c2ab8dfa,DB,grid-node,8000.0,9.25,,,,,,DOMAIN_OR_UNSUPPORTED_CONFIG,unsupported,Requested parameters blocked by the current driver,2026-10-08,cfe2d2ff99a434cd502696c1eb7b2f5daf8d11c5,58faa4377006afb855cb3db77ca0c48382389a321419731c946976e4e1513fd6,native preset; see archived full request
db-c1e948520ef71256296430c9,DB,grid-node,10000.0,9.25,,,,,,DOMAIN_OR_UNSUPPORTED_CONFIG,unsupported,Requested parameters blocked by the current driver,2026-10-08,cfe2d2ff99a434cd502696c1eb7b2f5daf8d11c5,58faa4377006afb855cb3db77ca0c48382389a321419731c946976e4e1513fd6,native preset; see archived full request
db-6cdbdd51c70545a9b14c9e67,DB,grid-node,12000.0,9.25,,,,,,COMPLETE_NUMERICAL,completed,Passed the bank numerical checks,2026-10-08,cfe2d2ff99a434cd502696c1eb7b2f5daf8d11c5,58faa4377006afb855cb3db77ca0c48382389a321419731c946976e4e1513fd6,native preset; see archived full request
db-66768183f83c0df7c9a0dc5b,DB,grid-node,20000.0,9.25,,,,,,COMPLETE_NUMERICAL,completed,Passed the bank numerical checks,2026-10-08,cfe2d2ff99a434cd502696c1eb7b2f5daf8d11c5,58faa4377006afb855cb3db77ca0c48382389a321419731c946976e4e1513fd6,native preset; see archived full request
db-dd29696b64f366f42c21e60c,DB,grid-node,22000.0,9.25,,,,,,COMPLETE_NUMERICAL,completed,Passed the bank numerical checks,2026-10-08,cfe2d2ff99a434cd502696c1eb7b2f5daf8d11c5,58faa4377006afb855cb3db77ca0c48382389a321419731c946976e4e1513fd6,native preset; see archived full request
db-ca03cf291173db84754b2fb7,DB,grid-node,60000.0,9.25,,,,,,COMPLETE_NUMERICAL,completed,Passed the bank numerical checks,2026-10-08,cfe2d2ff99a434cd502696c1eb7b2f5daf8d11c5,58faa4377006afb855cb3db77ca0c48382389a321419731c946976e4e1513fd6,native preset; see archived full request
db-43ffb2f13ebedffa5ac205c0,DB,grid-node,5500.0,9.25,,,,,,DOMAIN_OR_UNSUPPORTED_CONFIG,unsupported,Requested parameters blocked by the current driver,2026-10-08,cfe2d2ff99a434cd502696c1eb7b2f5daf8d11c5,58faa4377006afb855cb3db77ca0c48382389a321419731c946976e4e1513fd6,native preset; see archived full request
db-bc7ec1f6af5313b6249edd4c,DB,grid-node,6000.0,9.25,,,,,,DOMAIN_OR_UNSUPPORTED_CONFIG,unsupported,Requested parameters blocked by the current driver,2026-10-08,cfe2d2ff99a434cd502696c1eb7b2f5daf8d11c5,58faa4377006afb855cb3db77ca0c48382389a321419731c946976e4e1513fd6,native preset; see archived full request
db-7aac8f92ced3b13e4ddfecc0,DB,grid-node,6500.0,9.25,,,,,,DOMAIN_OR_UNSUPPORTED_CONFIG,unsupported,Requested parameters blocked by the current driver,2026-10-08,cfe2d2ff99a434cd502696c1eb7b2f5daf8d11c5,58faa4377006afb855cb3db77ca0c48382389a321419731c946976e4e1513fd6,native preset; see archived full request
db-01fdba62abf17c2e956da064,DB,grid-node,7000.0,9.25,,,,,,DOMAIN_OR_UNSUPPORTED_CONFIG,unsupported,Requested parameters blocked by the current driver,2026-10-08,cfe2d2ff99a434cd502696c1eb7b2f5daf8d11c5,58faa4377006afb855cb3db77ca0c48382389a321419731c946976e4e1513fd6,native preset; see archived full request
db-5704b82a9a822b2f192e0090,DB,grid-node,7500.0,9.25,,,,,,DOMAIN_OR_UNSUPPORTED_CONFIG,unsupported,Requested parameters blocked by the current driver,2026-10-08,cfe2d2ff99a434cd502696c1eb7b2f5daf8d11c5,58faa4377006afb855cb3db77ca0c48382389a321419731c946976e4e1513fd6,native preset; see archived full request
db-added54e723bd8862ae99173,DB,grid-node,8500.0,9.25,,,,,,DOMAIN_OR_UNSUPPORTED_CONFIG,unsupported,Requested parameters blocked by the current driver,2026-10-08,cfe2d2ff99a434cd502696c1eb7b2f5daf8d11c5,58faa4377006afb855cb3db77ca0c48382389a321419731c946976e4e1513fd6,native preset; see archived full request
db-b59f9511a55ff2db0b4d4066,DB,grid-node,9000.0,9.25,,,,,,DOMAIN_OR_UNSUPPORTED_CONFIG,unsupported,Requested parameters blocked by the current driver,2026-10-08,cfe2d2ff99a434cd502696c1eb7b2f5daf8d11c5,58faa4377006afb855cb3db77ca0c48382389a321419731c946976e4e1513fd6,native preset; see archived full request
db-7ca4f7184f9c8aeba18bb5b1,DB,grid-node,9500.0,9.25,,,,,,DOMAIN_OR_UNSUPPORTED_CONFIG,unsupported,Requested parameters blocked by the current driver,2026-10-08,cfe2d2ff99a434cd502696c1eb7b2f5daf8d11c5,58faa4377006afb855cb3db77ca0c48382389a321419731c946976e4e1513fd6,native preset; see archived full request
db-66e14e1039add80441689354,DB,grid-node,11000.0,9.25,,,,,,COMPLETE_NUMERICAL,completed,Passed the bank numerical checks,2026-10-08,cfe2d2ff99a434cd502696c1eb7b2f5daf8d11c5,58faa4377006afb855cb3db77ca0c48382389a321419731c946976e4e1513fd6,native preset; see archived full request
db-acca2f0ae39e912765edd99d,DB,grid-node,13000.0,9.25,,,,,,COMPLETE_NUMERICAL,completed,Passed the bank numerical checks,2026-10-08,cfe2d2ff99a434cd502696c1eb7b2f5daf8d11c5,58faa4377006afb855cb3db77ca0c48382389a321419731c946976e4e1513fd6,native preset; see archived full request
db-4b777699a7467576d3e0f7ee,DB,grid-node,14000.0,9.25,,,,,,COMPLETE_NUMERICAL,completed,Passed the bank numerical checks,2026-10-08,cfe2d2ff99a434cd502696c1eb7b2f5daf8d11c5,58faa4377006afb855cb3db77ca0c48382389a321419731c946976e4e1513fd6,native preset; see archived full request
db-3419978cb1ab5d1711d906b3,DB,grid-node,15000.0,9.25,,,,,,COMPLETE_NUMERICAL,completed,Passed the bank numerical checks,2026-10-08,cfe2d2ff99a434cd502696c1eb7b2f5daf8d11c5,58faa4377006afb855cb3db77ca0c48382389a321419731c946976e4e1513fd6,native preset; see archived full request
db-72a338a84facb12bf71200bb,DB,grid-node,16000.0,9.25,,,,,,COMPLETE_NUMERICAL,completed,Passed the bank numerical checks,2026-10-08,cfe2d2ff99a434cd502696c1eb7b2f5daf8d11c5,58faa4377006afb855cb3db77ca0c48382389a321419731c946976e4e1513fd6,native preset; see archived full request
db-9e1358dc9bb8738a7f762e1f,DB,grid-node,17000.0,9.25,,,,,,COMPLETE_NUMERICAL,completed,Passed the bank numerical checks,2026-10-08,cfe2d2ff99a434cd502696c1eb7b2f5daf8d11c5,58faa4377006afb855cb3db77ca0c48382389a321419731c946976e4e1513fd6,native preset; see archived full request
db-8a4288006bd352404073b398,DB,grid-node,18000.0,9.25,,,,,,COMPLETE_NUMERICAL,completed,Passed the bank numerical checks,2026-10-08,cfe2d2ff99a434cd502696c1eb7b2f5daf8d11c5,58faa4377006afb855cb3db77ca0c48382389a321419731c946976e4e1513fd6,native preset; see archived full request
db-158298fc4f31eba04b18ca97,DB,grid-node,19000.0,9.25,,,,,,COMPLETE_NUMERICAL,completed,Passed the bank numerical checks,2026-10-08,cfe2d2ff99a434cd502696c1eb7b2f5daf8d11c5,58faa4377006afb855cb3db77ca0c48382389a321419731c946976e4e1513fd6,native preset; see archived full request
db-9da33326237bc0d5f09952c4,DB,grid-node,21000.0,9.25,,,,,,COMPLETE_NUMERICAL,completed,Passed the bank numerical checks,2026-10-08,cfe2d2ff99a434cd502696c1eb7b2f5daf8d11c5,58faa4377006afb855cb3db77ca0c48382389a321419731c946976e4e1513fd6,native preset; see archived full request
db-57d5e9cff8dd2469eca42ec5,DB,grid-node,23000.0,9.25,,,,,,COMPLETE_NUMERICAL,completed,Passed the bank numerical checks,2026-10-08,cfe2d2ff99a434cd502696c1eb7b2f5daf8d11c5,58faa4377006afb855cb3db77ca0c48382389a321419731c946976e4e1513fd6,native preset; see archived full request
db-9b69b5e03c014205a3c3dcd9,DB,grid-node,24000.0,9.25,,,,,,COMPLETE_NUMERICAL,completed,Passed the bank numerical checks,2026-10-08,cfe2d2ff99a434cd502696c1eb7b2f5daf8d11c5,58faa4377006afb855cb3db77ca0c48382389a321419731c946976e4e1513fd6,native preset; see archived full request
db-121e3e38f23616204cd73d67,DB,grid-node,25000.0,9.25,,,,,,COMPLETE_NUMERICAL,completed,Passed the bank numerical checks,2026-10-08,cfe2d2ff99a434cd502696c1eb7b2f5daf8d11c5,58faa4377006afb855cb3db77ca0c48382389a321419731c946976e4e1513fd6,native preset; see archived full request
db-361e23c23f6988ed3901b55f,DB,grid-node,26000.0,9.25,,,,,,COMPLETE_NUMERICAL,completed,Passed the bank numerical checks,2026-10-08,cfe2d2ff99a434cd502696c1eb7b2f5daf8d11c5,58faa4377006afb855cb3db77ca0c48382389a321419731c946976e4e1513fd6,native preset; see archived full request
db-17f9f783b42966df93150bdd,DB,grid-node,27000.0,9.25,,,,,,NUMERICAL_NONCONVERGENCE,numerical_failure,Required equilibrium checks failed; raw reason retained,2026-10-08,cfe2d2ff99a434cd502696c1eb7b2f5daf8d11c5,58faa4377006afb855cb3db77ca0c48382389a321419731c946976e4e1513fd6,native preset; see archived full request
db-85c061350e354de4e92eb430,DB,grid-node,28000.0,9.25,,,,,,COMPLETE_NUMERICAL,completed,Passed the bank numerical checks,2026-10-08,cfe2d2ff99a434cd502696c1eb7b2f5daf8d11c5,58faa4377006afb855cb3db77ca0c48382389a321419731c946976e4e1513fd6,native preset; see archived full request
db-a809e858eeb43ce5ebf2aaa6,DB,grid-node,29000.0,9.25,,,,,,COMPLETE_NUMERICAL,completed,Passed the bank numerical checks,2026-10-08,cfe2d2ff99a434cd502696c1eb7b2f5daf8d11c5,58faa4377006afb855cb3db77ca0c48382389a321419731c946976e4e1513fd6,native preset; see archived full request
db-c9a8ed1ce6bfccde4c9ca7f0,DB,grid-node,30000.0,9.25,,,,,,COMPLETE_NUMERICAL,completed,Passed the bank numerical checks,2026-10-08,cfe2d2ff99a434cd502696c1eb7b2f5daf8d11c5,58faa4377006afb855cb3db77ca0c48382389a321419731c946976e4e1513fd6,native preset; see archived full request
db-1b813da23aa4a4679b0d3576,DB,grid-node,32000.0,9.25,,,,,,COMPLETE_NUMERICAL,completed,Passed the bank numerical checks,2026-10-08,cfe2d2ff99a434cd502696c1eb7b2f5daf8d11c5,58faa4377006afb855cb3db77ca0c48382389a321419731c946976e4e1513fd6,native preset; see archived full request
db-2748bd1a3b46a4a77e177e85,DB,grid-node,34000.0,9.25,,,,,,COMPLETE_NUMERICAL,completed,Passed the bank numerical checks,2026-10-08,cfe2d2ff99a434cd502696c1eb7b2f5daf8d11c5,58faa4377006afb855cb3db77ca0c48382389a321419731c946976e4e1513fd6,native preset; see archived full request
db-5613bba460200d785ad39109,DB,grid-node,36000.0,9.25,,,,,,COMPLETE_NUMERICAL,completed,Passed the bank numerical checks,2026-10-08,cfe2d2ff99a434cd502696c1eb7b2f5daf8d11c5,58faa4377006afb855cb3db77ca0c48382389a321419731c946976e4e1513fd6,native preset; see archived full request
db-f518a77e70e8e5d1d81373fa,DB,grid-node,38000.0,9.25,,,,,,COMPLETE_NUMERICAL,completed,Passed the bank numerical checks,2026-10-08,cfe2d2ff99a434cd502696c1eb7b2f5daf8d11c5,58faa4377006afb855cb3db77ca0c48382389a321419731c946976e4e1513fd6,native preset; see archived full request
db-1b665ffe43c51ddaf8dc88e1,DB,grid-node,40000.0,9.25,,,,,,COMPLETE_NUMERICAL,completed,Passed the bank numerical checks,2026-10-08,cfe2d2ff99a434cd502696c1eb7b2f5daf8d11c5,58faa4377006afb855cb3db77ca0c48382389a321419731c946976e4e1513fd6,native preset; see archived full request
db-be6b10220e91a81a90477b71,DB,grid-node,45000.0,9.25,,,,,,COMPLETE_NUMERICAL,completed,Passed the bank numerical checks,2026-10-08,cfe2d2ff99a434cd502696c1eb7b2f5daf8d11c5,58faa4377006afb855cb3db77ca0c48382389a321419731c946976e4e1513fd6,native preset; see archived full request
db-12c6718d05c5b478cd250690,DB,grid-node,50000.0,9.25,,,,,,COMPLETE_NUMERICAL,completed,Passed the bank numerical checks,2026-10-08,cfe2d2ff99a434cd502696c1eb7b2f5daf8d11c5,58faa4377006afb855cb3db77ca0c48382389a321419731c946976e4e1513fd6,native preset; see archived full request
db-21d604c6f9d880e0354882b9,DB,grid-node,55000.0,9.25,,,,,,COMPLETE_NUMERICAL,completed,Passed the bank numerical checks,2026-10-08,cfe2d2ff99a434cd502696c1eb7b2f5daf8d11c5,58faa4377006afb855cb3db77ca0c48382389a321419731c946976e4e1513fd6,native preset; see archived full request
db-ab01889452fb2319e0e7c675,DB,grid-node,5000.0,6.5,,,,,,DOMAIN_OR_UNSUPPORTED_CONFIG,unsupported,Requested parameters blocked by the current driver,2026-10-08,cfe2d2ff99a434cd502696c1eb7b2f5daf8d11c5,58faa4377006afb855cb3db77ca0c48382389a321419731c946976e4e1513fd6,native preset; see archived full request
db-d7157eafaf96e3ca4bb3426c,DB,grid-node,8000.0,6.5,,,,,,TIMEOUT,timed_out,Resource cap reached; no physical failure inferred,2026-10-08,cfe2d2ff99a434cd502696c1eb7b2f5daf8d11c5,58faa4377006afb855cb3db77ca0c48382389a321419731c946976e4e1513fd6,native preset; see archived full request
db-b47ec693069203fbfe0f4a16,DB,grid-node,10000.0,6.5,,,,,,COMPLETE_NUMERICAL,completed,Passed the bank numerical checks,2026-10-08,cfe2d2ff99a434cd502696c1eb7b2f5daf8d11c5,58faa4377006afb855cb3db77ca0c48382389a321419731c946976e4e1513fd6,native preset; see archived full request
db-d078aeacddf013a469978849,DB,grid-node,12000.0,6.5,,,,,,COMPLETE_NUMERICAL,completed,Passed the bank numerical checks,2026-10-08,cfe2d2ff99a434cd502696c1eb7b2f5daf8d11c5,58faa4377006afb855cb3db77ca0c48382389a321419731c946976e4e1513fd6,native preset; see archived full request
db-e862a76c182d2406ccd0f784,DB,grid-node,20000.0,6.5,,,,,,COMPLETE_NUMERICAL,completed,Passed the bank numerical checks,2026-10-08,cfe2d2ff99a434cd502696c1eb7b2f5daf8d11c5,58faa4377006afb855cb3db77ca0c48382389a321419731c946976e4e1513fd6,native preset; see archived full request
db-20ceece38f83b9f3d86f4b24,DB,grid-node,22000.0,6.5,,,,,,COMPLETE_NUMERICAL,completed,Passed the bank numerical checks,2026-10-08,cfe2d2ff99a434cd502696c1eb7b2f5daf8d11c5,58faa4377006afb855cb3db77ca0c48382389a321419731c946976e4e1513fd6,native preset; see archived full request
db-b35a1b1019c5091604f851c9,DB,grid-node,60000.0,6.5,,,,,,COMPLETE_NUMERICAL,completed,Passed the bank numerical checks,2026-10-08,cfe2d2ff99a434cd502696c1eb7b2f5daf8d11c5,58faa4377006afb855cb3db77ca0c48382389a321419731c946976e4e1513fd6,native preset; see archived full request
db-e15a975ebcadbe5477a9347b,DB,grid-node,5500.0,6.5,,,,,,DOMAIN_OR_UNSUPPORTED_CONFIG,unsupported,Requested parameters blocked by the current driver,2026-10-08,cfe2d2ff99a434cd502696c1eb7b2f5daf8d11c5,58faa4377006afb855cb3db77ca0c48382389a321419731c946976e4e1513fd6,native preset; see archived full request
db-4195fbf4ce9b682557904c36,DB,grid-node,6000.0,6.5,,,,,,DOMAIN_OR_UNSUPPORTED_CONFIG,unsupported,Requested parameters blocked by the current driver,2026-10-08,cfe2d2ff99a434cd502696c1eb7b2f5daf8d11c5,58faa4377006afb855cb3db77ca0c48382389a321419731c946976e4e1513fd6,native preset; see archived full request
db-22dc36303f8df00a9a20123a,DB,grid-node,6500.0,6.5,,,,,,DOMAIN_OR_UNSUPPORTED_CONFIG,unsupported,Requested parameters blocked by the current driver,2026-10-08,cfe2d2ff99a434cd502696c1eb7b2f5daf8d11c5,58faa4377006afb855cb3db77ca0c48382389a321419731c946976e4e1513fd6,native preset; see archived full request
db-7e5dfb85f7441f3859946d96,DB,grid-node,7000.0,6.5,,,,,,DOMAIN_OR_UNSUPPORTED_CONFIG,unsupported,Requested parameters blocked by the current driver,2026-10-08,cfe2d2ff99a434cd502696c1eb7b2f5daf8d11c5,58faa4377006afb855cb3db77ca0c48382389a321419731c946976e4e1513fd6,native preset; see archived full request
db-d03de07b658346bbb8e2399a,DB,grid-node,7500.0,6.5,,,,,,TIMEOUT,timed_out,Resource cap reached; no physical failure inferred,2026-10-08,cfe2d2ff99a434cd502696c1eb7b2f5daf8d11c5,58faa4377006afb855cb3db77ca0c48382389a321419731c946976e4e1513fd6,native preset; see archived full request
db-e7ce53a2a0276371b20d536b,DB,grid-node,8500.0,6.5,,,,,,TIMEOUT,timed_out,Resource cap reached; no physical failure inferred,2026-10-08,cfe2d2ff99a434cd502696c1eb7b2f5daf8d11c5,58faa4377006afb855cb3db77ca0c48382389a321419731c946976e4e1513fd6,native preset; see archived full request
db-a4137d3dee325e3f14ac2bea,DB,grid-node,9000.0,6.5,,,,,,NUMERICAL_NONCONVERGENCE,numerical_failure,Required equilibrium checks failed; raw reason retained,2026-10-08,cfe2d2ff99a434cd502696c1eb7b2f5daf8d11c5,58faa4377006afb855cb3db77ca0c48382389a321419731c946976e4e1513fd6,native preset; see archived full request
db-cbb504f420611e696c03ff49,DB,grid-node,9500.0,6.5,,,,,,TIMEOUT,timed_out,Resource cap reached; no physical failure inferred,2026-10-08,cfe2d2ff99a434cd502696c1eb7b2f5daf8d11c5,58faa4377006afb855cb3db77ca0c48382389a321419731c946976e4e1513fd6,native preset; see archived full request
db-e287fb9252caf404933ce64c,DB,grid-node,11000.0,6.5,,,,,,COMPLETE_NUMERICAL,completed,Passed the bank numerical checks,2026-10-08,cfe2d2ff99a434cd502696c1eb7b2f5daf8d11c5,58faa4377006afb855cb3db77ca0c48382389a321419731c946976e4e1513fd6,native preset; see archived full request
db-6df389309f8977d8c3fbb90f,DB,grid-node,13000.0,6.5,,,,,,COMPLETE_NUMERICAL,completed,Passed the bank numerical checks,2026-10-08,cfe2d2ff99a434cd502696c1eb7b2f5daf8d11c5,58faa4377006afb855cb3db77ca0c48382389a321419731c946976e4e1513fd6,native preset; see archived full request
db-a791ecffd2181c80d7a2ce09,DB,grid-node,14000.0,6.5,,,,,,COMPLETE_NUMERICAL,completed,Passed the bank numerical checks,2026-10-08,cfe2d2ff99a434cd502696c1eb7b2f5daf8d11c5,58faa4377006afb855cb3db77ca0c48382389a321419731c946976e4e1513fd6,native preset; see archived full request
db-7a24d19b4cf02dec188cf120,DB,grid-node,15000.0,6.5,,,,,,COMPLETE_NUMERICAL,completed,Passed the bank numerical checks,2026-10-08,cfe2d2ff99a434cd502696c1eb7b2f5daf8d11c5,58faa4377006afb855cb3db77ca0c48382389a321419731c946976e4e1513fd6,native preset; see archived full request
db-7cc575388aefb6d4bf84febb,DB,grid-node,16000.0,6.5,,,,,,COMPLETE_NUMERICAL,completed,Passed the bank numerical checks,2026-10-08,cfe2d2ff99a434cd502696c1eb7b2f5daf8d11c5,58faa4377006afb855cb3db77ca0c48382389a321419731c946976e4e1513fd6,native preset; see archived full request
db-1e44412dce43130c011f5220,DB,grid-node,17000.0,6.5,,,,,,COMPLETE_NUMERICAL,completed,Passed the bank numerical checks,2026-10-08,cfe2d2ff99a434cd502696c1eb7b2f5daf8d11c5,58faa4377006afb855cb3db77ca0c48382389a321419731c946976e4e1513fd6,native preset; see archived full request
db-4f6e2036f8946c62fff728cf,DB,grid-node,18000.0,6.5,,,,,,COMPLETE_NUMERICAL,completed,Passed the bank numerical checks,2026-10-08,cfe2d2ff99a434cd502696c1eb7b2f5daf8d11c5,58faa4377006afb855cb3db77ca0c48382389a321419731c946976e4e1513fd6,native preset; see archived full request
db-04d2e3e6a0186659a2ef611a,DB,grid-node,19000.0,6.5,,,,,,COMPLETE_NUMERICAL,completed,Passed the bank numerical checks,2026-10-08,cfe2d2ff99a434cd502696c1eb7b2f5daf8d11c5,58faa4377006afb855cb3db77ca0c48382389a321419731c946976e4e1513fd6,native preset; see archived full request
db-22b9ed189946950f84f16e11,DB,grid-node,21000.0,6.5,,,,,,COMPLETE_NUMERICAL,completed,Passed the bank numerical checks,2026-10-08,cfe2d2ff99a434cd502696c1eb7b2f5daf8d11c5,58faa4377006afb855cb3db77ca0c48382389a321419731c946976e4e1513fd6,native preset; see archived full request
db-f722c8343190c12226b76821,DB,grid-node,23000.0,6.5,,,,,,COMPLETE_NUMERICAL,completed,Passed the bank numerical checks,2026-10-08,cfe2d2ff99a434cd502696c1eb7b2f5daf8d11c5,58faa4377006afb855cb3db77ca0c48382389a321419731c946976e4e1513fd6,native preset; see archived full request
db-bfbae853a2f8f5aae9d570c9,DB,grid-node,24000.0,6.5,,,,,,COMPLETE_NUMERICAL,completed,Passed the bank numerical checks,2026-10-08,cfe2d2ff99a434cd502696c1eb7b2f5daf8d11c5,58faa4377006afb855cb3db77ca0c48382389a321419731c946976e4e1513fd6,native preset; see archived full request
db-db506df814d92f07a0791bf5,DB,grid-node,25000.0,6.5,,,,,,COMPLETE_NUMERICAL,completed,Passed the bank numerical checks,2026-10-08,cfe2d2ff99a434cd502696c1eb7b2f5daf8d11c5,58faa4377006afb855cb3db77ca0c48382389a321419731c946976e4e1513fd6,native preset; see archived full request
db-206102f8a9708472e5d9ada6,DB,grid-node,26000.0,6.5,,,,,,COMPLETE_NUMERICAL,completed,Passed the bank numerical checks,2026-10-08,cfe2d2ff99a434cd502696c1eb7b2f5daf8d11c5,58faa4377006afb855cb3db77ca0c48382389a321419731c946976e4e1513fd6,native preset; see archived full request
db-bf7557cff5a657506711c953,DB,grid-node,27000.0,6.5,,,,,,COMPLETE_NUMERICAL,completed,Passed the bank numerical checks,2026-10-08,cfe2d2ff99a434cd502696c1eb7b2f5daf8d11c5,58faa4377006afb855cb3db77ca0c48382389a321419731c946976e4e1513fd6,native preset; see archived full request
db-b2ec07608757b485e3f5ce97,DB,grid-node,28000.0,6.5,,,,,,COMPLETE_NUMERICAL,completed,Passed the bank numerical checks,2026-10-08,cfe2d2ff99a434cd502696c1eb7b2f5daf8d11c5,58faa4377006afb855cb3db77ca0c48382389a321419731c946976e4e1513fd6,native preset; see archived full request
db-89fa81aa58d017fff1494b72,DB,grid-node,29000.0,6.5,,,,,,COMPLETE_NUMERICAL,completed,Passed the bank numerical checks,2026-10-08,cfe2d2ff99a434cd502696c1eb7b2f5daf8d11c5,58faa4377006afb855cb3db77ca0c48382389a321419731c946976e4e1513fd6,native preset; see archived full request
db-c144766ccc6db59a0b23eb4d,DB,grid-node,30000.0,6.5,,,,,,COMPLETE_NUMERICAL,completed,Passed the bank numerical checks,2026-10-08,cfe2d2ff99a434cd502696c1eb7b2f5daf8d11c5,58faa4377006afb855cb3db77ca0c48382389a321419731c946976e4e1513fd6,native preset; see archived full request
db-33f60a045f7a1a64b029581b,DB,grid-node,32000.0,6.5,,,,,,COMPLETE_NUMERICAL,completed,Passed the bank numerical checks,2026-10-08,cfe2d2ff99a434cd502696c1eb7b2f5daf8d11c5,58faa4377006afb855cb3db77ca0c48382389a321419731c946976e4e1513fd6,native preset; see archived full request
db-f92ae04f49420c9441bd4924,DB,grid-node,34000.0,6.5,,,,,,COMPLETE_NUMERICAL,completed,Passed the bank numerical checks,2026-10-08,cfe2d2ff99a434cd502696c1eb7b2f5daf8d11c5,58faa4377006afb855cb3db77ca0c48382389a321419731c946976e4e1513fd6,native preset; see archived full request
db-ef7e5d9512c78df2d8623f39,DB,grid-node,36000.0,6.5,,,,,,COMPLETE_NUMERICAL,completed,Passed the bank numerical checks,2026-10-08,cfe2d2ff99a434cd502696c1eb7b2f5daf8d11c5,58faa4377006afb855cb3db77ca0c48382389a321419731c946976e4e1513fd6,native preset; see archived full request
db-ab359d347342ba013ad62790,DB,grid-node,38000.0,6.5,,,,,,COMPLETE_NUMERICAL,completed,Passed the bank numerical checks,2026-10-08,cfe2d2ff99a434cd502696c1eb7b2f5daf8d11c5,58faa4377006afb855cb3db77ca0c48382389a321419731c946976e4e1513fd6,native preset; see archived full request
db-d32a1b0e92973a21b24d3af6,DB,grid-node,40000.0,6.5,,,,,,COMPLETE_NUMERICAL,completed,Passed the bank numerical checks,2026-10-08,cfe2d2ff99a434cd502696c1eb7b2f5daf8d11c5,58faa4377006afb855cb3db77ca0c48382389a321419731c946976e4e1513fd6,native preset; see archived full request
db-9747a05ed3fe8d689ee5c4a1,DB,grid-node,45000.0,6.5,,,,,,COMPLETE_NUMERICAL,completed,Passed the bank numerical checks,2026-10-08,cfe2d2ff99a434cd502696c1eb7b2f5daf8d11c5,58faa4377006afb855cb3db77ca0c48382389a321419731c946976e4e1513fd6,native preset; see archived full request
db-58d51e046b7ec58a2d4ba935,DB,grid-node,50000.0,6.5,,,,,,COMPLETE_NUMERICAL,completed,Passed the bank numerical checks,2026-10-08,cfe2d2ff99a434cd502696c1eb7b2f5daf8d11c5,58faa4377006afb855cb3db77ca0c48382389a321419731c946976e4e1513fd6,native preset; see archived full request
db-19200ba7eb9c4942690549b4,DB,grid-node,55000.0,6.5,,,,,,COMPLETE_NUMERICAL,completed,Passed the bank numerical checks,2026-10-08,cfe2d2ff99a434cd502696c1eb7b2f5daf8d11c5,58faa4377006afb855cb3db77ca0c48382389a321419731c946976e4e1513fd6,native preset; see archived full request
db-6cfa969973804a12abce560d,DB,grid-node,5000.0,9.5,,,,,,DOMAIN_OR_UNSUPPORTED_CONFIG,unsupported,Requested parameters blocked by the current driver,2026-10-08,cfe2d2ff99a434cd502696c1eb7b2f5daf8d11c5,58faa4377006afb855cb3db77ca0c48382389a321419731c946976e4e1513fd6,native preset; see archived full request
db-b09ce66aae09ffe3c76e0654,DB,grid-node,8000.0,9.5,,,,,,DOMAIN_OR_UNSUPPORTED_CONFIG,unsupported,Requested parameters blocked by the current driver,2026-10-08,cfe2d2ff99a434cd502696c1eb7b2f5daf8d11c5,58faa4377006afb855cb3db77ca0c48382389a321419731c946976e4e1513fd6,native preset; see archived full request
db-97a8eb87e02e202c89c4b3a8,DB,grid-node,10000.0,9.5,,,,,,DOMAIN_OR_UNSUPPORTED_CONFIG,unsupported,Requested parameters blocked by the current driver,2026-10-08,cfe2d2ff99a434cd502696c1eb7b2f5daf8d11c5,58faa4377006afb855cb3db77ca0c48382389a321419731c946976e4e1513fd6,native preset; see archived full request
db-eceab43db14b8291fd386adc,DB,grid-node,12000.0,9.5,,,,,,COMPLETE_NUMERICAL,completed,Passed the bank numerical checks,2026-10-08,cfe2d2ff99a434cd502696c1eb7b2f5daf8d11c5,58faa4377006afb855cb3db77ca0c48382389a321419731c946976e4e1513fd6,native preset; see archived full request
db-3e07396727c3327649b9dfce,DB,grid-node,20000.0,9.5,,,,,,COMPLETE_NUMERICAL,completed,Passed the bank numerical checks,2026-10-08,cfe2d2ff99a434cd502696c1eb7b2f5daf8d11c5,58faa4377006afb855cb3db77ca0c48382389a321419731c946976e4e1513fd6,native preset; see archived full request
db-bd00af8c1459affa962aac71,DB,grid-node,22000.0,9.5,,,,,,COMPLETE_NUMERICAL,completed,Passed the bank numerical checks,2026-10-08,cfe2d2ff99a434cd502696c1eb7b2f5daf8d11c5,58faa4377006afb855cb3db77ca0c48382389a321419731c946976e4e1513fd6,native preset; see archived full request
db-8c21bc47a2c67f89db48eb6a,DB,grid-node,60000.0,9.5,,,,,,COMPLETE_NUMERICAL,completed,Passed the bank numerical checks,2026-10-08,cfe2d2ff99a434cd502696c1eb7b2f5daf8d11c5,58faa4377006afb855cb3db77ca0c48382389a321419731c946976e4e1513fd6,native preset; see archived full request
db-d278d132df3aaba553ead75c,DB,grid-node,5500.0,9.5,,,,,,DOMAIN_OR_UNSUPPORTED_CONFIG,unsupported,Requested parameters blocked by the current driver,2026-10-08,cfe2d2ff99a434cd502696c1eb7b2f5daf8d11c5,58faa4377006afb855cb3db77ca0c48382389a321419731c946976e4e1513fd6,native preset; see archived full request
db-028d58c7697d7dd8962536b1,DB,grid-node,6000.0,9.5,,,,,,DOMAIN_OR_UNSUPPORTED_CONFIG,unsupported,Requested parameters blocked by the current driver,2026-10-08,cfe2d2ff99a434cd502696c1eb7b2f5daf8d11c5,58faa4377006afb855cb3db77ca0c48382389a321419731c946976e4e1513fd6,native preset; see archived full request
db-0ba99761bbb02eadf29c6cee,DB,grid-node,6500.0,9.5,,,,,,DOMAIN_OR_UNSUPPORTED_CONFIG,unsupported,Requested parameters blocked by the current driver,2026-10-08,cfe2d2ff99a434cd502696c1eb7b2f5daf8d11c5,58faa4377006afb855cb3db77ca0c48382389a321419731c946976e4e1513fd6,native preset; see archived full request
db-fd6c78a12c47d11af2e7c48f,DB,grid-node,7000.0,9.5,,,,,,DOMAIN_OR_UNSUPPORTED_CONFIG,unsupported,Requested parameters blocked by the current driver,2026-10-08,cfe2d2ff99a434cd502696c1eb7b2f5daf8d11c5,58faa4377006afb855cb3db77ca0c48382389a321419731c946976e4e1513fd6,native preset; see archived full request
db-24ec7db79d8a8e7071a5e903,DB,grid-node,7500.0,9.5,,,,,,DOMAIN_OR_UNSUPPORTED_CONFIG,unsupported,Requested parameters blocked by the current driver,2026-10-08,cfe2d2ff99a434cd502696c1eb7b2f5daf8d11c5,58faa4377006afb855cb3db77ca0c48382389a321419731c946976e4e1513fd6,native preset; see archived full request
db-aed99e767735a33efe95597f,DB,grid-node,8500.0,9.5,,,,,,DOMAIN_OR_UNSUPPORTED_CONFIG,unsupported,Requested parameters blocked by the current driver,2026-10-08,cfe2d2ff99a434cd502696c1eb7b2f5daf8d11c5,58faa4377006afb855cb3db77ca0c48382389a321419731c946976e4e1513fd6,native preset; see archived full request
db-c70418b0c409adac030cc726,DB,grid-node,9000.0,9.5,,,,,,DOMAIN_OR_UNSUPPORTED_CONFIG,unsupported,Requested parameters blocked by the current driver,2026-10-08,cfe2d2ff99a434cd502696c1eb7b2f5daf8d11c5,58faa4377006afb855cb3db77ca0c48382389a321419731c946976e4e1513fd6,native preset; see archived full request
db-ef1c25261fae7ec91f3adba0,DB,grid-node,9500.0,9.5,,,,,,DOMAIN_OR_UNSUPPORTED_CONFIG,unsupported,Requested parameters blocked by the current driver,2026-10-08,cfe2d2ff99a434cd502696c1eb7b2f5daf8d11c5,58faa4377006afb855cb3db77ca0c48382389a321419731c946976e4e1513fd6,native preset; see archived full request
db-ce3837094b3f727015d5e637,DB,grid-node,11000.0,9.5,,,,,,COMPLETE_NUMERICAL,completed,Passed the bank numerical checks,2026-10-08,cfe2d2ff99a434cd502696c1eb7b2f5daf8d11c5,58faa4377006afb855cb3db77ca0c48382389a321419731c946976e4e1513fd6,native preset; see archived full request
db-d60e9698f9a5eb7552785410,DB,grid-node,13000.0,9.5,,,,,,COMPLETE_NUMERICAL,completed,Passed the bank numerical checks,2026-10-08,cfe2d2ff99a434cd502696c1eb7b2f5daf8d11c5,58faa4377006afb855cb3db77ca0c48382389a321419731c946976e4e1513fd6,native preset; see archived full request
db-de5e316bbfd529e0d32a1320,DB,grid-node,14000.0,9.5,,,,,,COMPLETE_NUMERICAL,completed,Passed the bank numerical checks,2026-10-08,cfe2d2ff99a434cd502696c1eb7b2f5daf8d11c5,58faa4377006afb855cb3db77ca0c48382389a321419731c946976e4e1513fd6,native preset; see archived full request
db-3a6740125218d9507aba8482,DB,grid-node,15000.0,9.5,,,,,,COMPLETE_NUMERICAL,completed,Passed the bank numerical checks,2026-10-08,cfe2d2ff99a434cd502696c1eb7b2f5daf8d11c5,58faa4377006afb855cb3db77ca0c48382389a321419731c946976e4e1513fd6,native preset; see archived full request
db-396de98d98a38784f5cc1a36,DB,grid-node,16000.0,9.5,,,,,,COMPLETE_NUMERICAL,completed,Passed the bank numerical checks,2026-10-08,cfe2d2ff99a434cd502696c1eb7b2f5daf8d11c5,58faa4377006afb855cb3db77ca0c48382389a321419731c946976e4e1513fd6,native preset; see archived full request
db-a6eff1bf9e8cd5c177e1d462,DB,grid-node,17000.0,9.5,,,,,,COMPLETE_NUMERICAL,completed,Passed the bank numerical checks,2026-10-08,cfe2d2ff99a434cd502696c1eb7b2f5daf8d11c5,58faa4377006afb855cb3db77ca0c48382389a321419731c946976e4e1513fd6,native preset; see archived full request
db-2055e7b800425cbc0ae3e72f,DB,grid-node,18000.0,9.5,,,,,,COMPLETE_NUMERICAL,completed,Passed the bank numerical checks,2026-10-08,cfe2d2ff99a434cd502696c1eb7b2f5daf8d11c5,58faa4377006afb855cb3db77ca0c48382389a321419731c946976e4e1513fd6,native preset; see archived full request
db-02ffcffa67e0091e1c7026bd,DB,grid-node,19000.0,9.5,,,,,,COMPLETE_NUMERICAL,completed,Passed the bank numerical checks,2026-10-08,cfe2d2ff99a434cd502696c1eb7b2f5daf8d11c5,58faa4377006afb855cb3db77ca0c48382389a321419731c946976e4e1513fd6,native preset; see archived full request
db-b64d024d11bb2d4bfd617b02,DB,grid-node,21000.0,9.5,,,,,,COMPLETE_NUMERICAL,completed,Passed the bank numerical checks,2026-10-08,cfe2d2ff99a434cd502696c1eb7b2f5daf8d11c5,58faa4377006afb855cb3db77ca0c48382389a321419731c946976e4e1513fd6,native preset; see archived full request
db-e37148461c3df8752544aa65,DB,grid-node,23000.0,9.5,,,,,,COMPLETE_NUMERICAL,completed,Passed the bank numerical checks,2026-10-08,cfe2d2ff99a434cd502696c1eb7b2f5daf8d11c5,58faa4377006afb855cb3db77ca0c48382389a321419731c946976e4e1513fd6,native preset; see archived full request
db-a52977cd7c4c6c11a3bff6e0,DB,grid-node,24000.0,9.5,,,,,,COMPLETE_NUMERICAL,completed,Passed the bank numerical checks,2026-10-08,cfe2d2ff99a434cd502696c1eb7b2f5daf8d11c5,58faa4377006afb855cb3db77ca0c48382389a321419731c946976e4e1513fd6,native preset; see archived full request
db-c6332a9de462ff3c85c59044,DB,grid-node,25000.0,9.5,,,,,,COMPLETE_NUMERICAL,completed,Passed the bank numerical checks,2026-10-08,cfe2d2ff99a434cd502696c1eb7b2f5daf8d11c5,58faa4377006afb855cb3db77ca0c48382389a321419731c946976e4e1513fd6,native preset; see archived full request
db-5602e3d3edf17dbb7a09388b,DB,grid-node,26000.0,9.5,,,,,,COMPLETE_NUMERICAL,completed,Passed the bank numerical checks,2026-10-08,cfe2d2ff99a434cd502696c1eb7b2f5daf8d11c5,58faa4377006afb855cb3db77ca0c48382389a321419731c946976e4e1513fd6,native preset; see archived full request
db-0170e66bcec21312a00a0654,DB,grid-node,27000.0,9.5,,,,,,COMPLETE_NUMERICAL,completed,Passed the bank numerical checks,2026-10-08,cfe2d2ff99a434cd502696c1eb7b2f5daf8d11c5,58faa4377006afb855cb3db77ca0c48382389a321419731c946976e4e1513fd6,native preset; see archived full request
db-c4f8737b4829207603e9aec0,DB,grid-node,28000.0,9.5,,,,,,COMPLETE_NUMERICAL,completed,Passed the bank numerical checks,2026-10-08,cfe2d2ff99a434cd502696c1eb7b2f5daf8d11c5,58faa4377006afb855cb3db77ca0c48382389a321419731c946976e4e1513fd6,native preset; see archived full request
db-31f06d217e3e34474e81e7d0,DB,grid-node,29000.0,9.5,,,,,,COMPLETE_NUMERICAL,completed,Passed the bank numerical checks,2026-10-08,cfe2d2ff99a434cd502696c1eb7b2f5daf8d11c5,58faa4377006afb855cb3db77ca0c48382389a321419731c946976e4e1513fd6,native preset; see archived full request
db-9678f14074fe53c6b2dfc800,DB,grid-node,30000.0,9.5,,,,,,COMPLETE_NUMERICAL,completed,Passed the bank numerical checks,2026-10-08,cfe2d2ff99a434cd502696c1eb7b2f5daf8d11c5,58faa4377006afb855cb3db77ca0c48382389a321419731c946976e4e1513fd6,native preset; see archived full request
db-6e2a0107fe7cbc901c82947e,DB,grid-node,32000.0,9.5,,,,,,COMPLETE_NUMERICAL,completed,Passed the bank numerical checks,2026-10-08,cfe2d2ff99a434cd502696c1eb7b2f5daf8d11c5,58faa4377006afb855cb3db77ca0c48382389a321419731c946976e4e1513fd6,native preset; see archived full request
db-0acd2f33c0d92f899fb720f9,DB,grid-node,34000.0,9.5,,,,,,COMPLETE_NUMERICAL,completed,Passed the bank numerical checks,2026-10-08,cfe2d2ff99a434cd502696c1eb7b2f5daf8d11c5,58faa4377006afb855cb3db77ca0c48382389a321419731c946976e4e1513fd6,native preset; see archived full request
db-db6ba6b884a148799a17f15b,DB,grid-node,36000.0,9.5,,,,,,COMPLETE_NUMERICAL,completed,Passed the bank numerical checks,2026-10-08,cfe2d2ff99a434cd502696c1eb7b2f5daf8d11c5,58faa4377006afb855cb3db77ca0c48382389a321419731c946976e4e1513fd6,native preset; see archived full request
db-8a09f33d2fe0cfd9c89a1cc5,DB,grid-node,38000.0,9.5,,,,,,COMPLETE_NUMERICAL,completed,Passed the bank numerical checks,2026-10-08,cfe2d2ff99a434cd502696c1eb7b2f5daf8d11c5,58faa4377006afb855cb3db77ca0c48382389a321419731c946976e4e1513fd6,native preset; see archived full request
db-29509ada3165769b24440e75,DB,grid-node,40000.0,9.5,,,,,,COMPLETE_NUMERICAL,completed,Passed the bank numerical checks,2026-10-08,cfe2d2ff99a434cd502696c1eb7b2f5daf8d11c5,58faa4377006afb855cb3db77ca0c48382389a321419731c946976e4e1513fd6,native preset; see archived full request
db-48e6e55de7c67724875b3f87,DB,grid-node,45000.0,9.5,,,,,,COMPLETE_NUMERICAL,completed,Passed the bank numerical checks,2026-10-08,cfe2d2ff99a434cd502696c1eb7b2f5daf8d11c5,58faa4377006afb855cb3db77ca0c48382389a321419731c946976e4e1513fd6,native preset; see archived full request
db-79ed2a78ac036db10a79412a,DB,grid-node,50000.0,9.5,,,,,,COMPLETE_NUMERICAL,completed,Passed the bank numerical checks,2026-10-08,cfe2d2ff99a434cd502696c1eb7b2f5daf8d11c5,58faa4377006afb855cb3db77ca0c48382389a321419731c946976e4e1513fd6,native preset; see archived full request
db-439f82f332319d7420fd6883,DB,grid-node,55000.0,9.5,,,,,,COMPLETE_NUMERICAL,completed,Passed the bank numerical checks,2026-10-08,cfe2d2ff99a434cd502696c1eb7b2f5daf8d11c5,58faa4377006afb855cb3db77ca0c48382389a321419731c946976e4e1513fd6,native preset; see archived full request
db-a4216b3c62cb245ff193e76d,DB,grid-node,5000.0,6.25,,,,,,DOMAIN_OR_UNSUPPORTED_CONFIG,unsupported,Requested parameters blocked by the current driver,2026-10-08,cfe2d2ff99a434cd502696c1eb7b2f5daf8d11c5,58faa4377006afb855cb3db77ca0c48382389a321419731c946976e4e1513fd6,native preset; see archived full request
db-0bab47ed800f06a1ff91d280,DB,grid-node,8000.0,6.25,,,,,,TIMEOUT,timed_out,Resource cap reached; no physical failure inferred,2026-10-08,cfe2d2ff99a434cd502696c1eb7b2f5daf8d11c5,58faa4377006afb855cb3db77ca0c48382389a321419731c946976e4e1513fd6,native preset; see archived full request
db-a69bbcbb1a146dde49c7c723,DB,grid-node,10000.0,6.25,,,,,,TIMEOUT,timed_out,Resource cap reached; no physical failure inferred,2026-10-08,cfe2d2ff99a434cd502696c1eb7b2f5daf8d11c5,58faa4377006afb855cb3db77ca0c48382389a321419731c946976e4e1513fd6,native preset; see archived full request
db-e4f0e10acea2a99b991aaea3,DB,grid-node,12000.0,6.25,,,,,,COMPLETE_NUMERICAL,completed,Passed the bank numerical checks,2026-10-08,cfe2d2ff99a434cd502696c1eb7b2f5daf8d11c5,58faa4377006afb855cb3db77ca0c48382389a321419731c946976e4e1513fd6,native preset; see archived full request
db-aec9e3532bca44874bde3ce3,DB,grid-node,20000.0,6.25,,,,,,COMPLETE_NUMERICAL,completed,Passed the bank numerical checks,2026-10-08,cfe2d2ff99a434cd502696c1eb7b2f5daf8d11c5,58faa4377006afb855cb3db77ca0c48382389a321419731c946976e4e1513fd6,native preset; see archived full request
db-f8fa5f6ce14e528e96de196d,DB,grid-node,22000.0,6.25,,,,,,COMPLETE_NUMERICAL,completed,Passed the bank numerical checks,2026-10-08,cfe2d2ff99a434cd502696c1eb7b2f5daf8d11c5,58faa4377006afb855cb3db77ca0c48382389a321419731c946976e4e1513fd6,native preset; see archived full request
db-cd2d1b49190c7335eb62e9a1,DB,grid-node,60000.0,6.25,,,,,,COMPLETE_NUMERICAL,completed,Passed the bank numerical checks,2026-10-08,cfe2d2ff99a434cd502696c1eb7b2f5daf8d11c5,58faa4377006afb855cb3db77ca0c48382389a321419731c946976e4e1513fd6,native preset; see archived full request
db-258ca26e0f26bccbbb07bc39,DB,grid-node,5500.0,6.25,,,,,,DOMAIN_OR_UNSUPPORTED_CONFIG,unsupported,Requested parameters blocked by the current driver,2026-10-08,cfe2d2ff99a434cd502696c1eb7b2f5daf8d11c5,58faa4377006afb855cb3db77ca0c48382389a321419731c946976e4e1513fd6,native preset; see archived full request
db-7e25d093a9f3713dd830a0bb,DB,grid-node,6000.0,6.25,,,,,,DOMAIN_OR_UNSUPPORTED_CONFIG,unsupported,Requested parameters blocked by the current driver,2026-10-08,cfe2d2ff99a434cd502696c1eb7b2f5daf8d11c5,58faa4377006afb855cb3db77ca0c48382389a321419731c946976e4e1513fd6,native preset; see archived full request
db-051f2002099926767b0f26ef,DB,grid-node,6500.0,6.25,,,,,,DOMAIN_OR_UNSUPPORTED_CONFIG,unsupported,Requested parameters blocked by the current driver,2026-10-08,cfe2d2ff99a434cd502696c1eb7b2f5daf8d11c5,58faa4377006afb855cb3db77ca0c48382389a321419731c946976e4e1513fd6,native preset; see archived full request
db-efebe8c54221b3d91fdec4fd,DB,grid-node,7000.0,6.25,,,,,,DOMAIN_OR_UNSUPPORTED_CONFIG,unsupported,Requested parameters blocked by the current driver,2026-10-08,cfe2d2ff99a434cd502696c1eb7b2f5daf8d11c5,58faa4377006afb855cb3db77ca0c48382389a321419731c946976e4e1513fd6,native preset; see archived full request
db-b2ea60b14ef1358139556ae8,DB,grid-node,7500.0,6.25,,,,,,TIMEOUT,timed_out,Resource cap reached; no physical failure inferred,2026-10-08,cfe2d2ff99a434cd502696c1eb7b2f5daf8d11c5,58faa4377006afb855cb3db77ca0c48382389a321419731c946976e4e1513fd6,native preset; see archived full request
db-a01019bcf9492f5b5bbb59ca,DB,grid-node,8500.0,6.25,,,,,,TIMEOUT,timed_out,Resource cap reached; no physical failure inferred,2026-10-08,cfe2d2ff99a434cd502696c1eb7b2f5daf8d11c5,58faa4377006afb855cb3db77ca0c48382389a321419731c946976e4e1513fd6,native preset; see archived full request
db-b9c8bd4f0cae0e88af60aba0,DB,grid-node,9000.0,6.25,,,,,,TIMEOUT,timed_out,Resource cap reached; no physical failure inferred,2026-10-08,cfe2d2ff99a434cd502696c1eb7b2f5daf8d11c5,58faa4377006afb855cb3db77ca0c48382389a321419731c946976e4e1513fd6,native preset; see archived full request
db-f51efb4857ca35f0bc725d35,DB,grid-node,9500.0,6.25,,,,,,TIMEOUT,timed_out,Resource cap reached; no physical failure inferred,2026-10-08,cfe2d2ff99a434cd502696c1eb7b2f5daf8d11c5,58faa4377006afb855cb3db77ca0c48382389a321419731c946976e4e1513fd6,native preset; see archived full request
db-6efe0ada994b53c59e263b21,DB,grid-node,11000.0,6.25,,,,,,COMPLETE_NUMERICAL,completed,Passed the bank numerical checks,2026-10-08,cfe2d2ff99a434cd502696c1eb7b2f5daf8d11c5,58faa4377006afb855cb3db77ca0c48382389a321419731c946976e4e1513fd6,native preset; see archived full request
db-ed1b00308f99b913d64aa754,DB,grid-node,13000.0,6.25,,,,,,COMPLETE_NUMERICAL,completed,Passed the bank numerical checks,2026-10-08,cfe2d2ff99a434cd502696c1eb7b2f5daf8d11c5,58faa4377006afb855cb3db77ca0c48382389a321419731c946976e4e1513fd6,native preset; see archived full request
db-e36f7bf2966a1beaf64119ec,DB,grid-node,14000.0,6.25,,,,,,COMPLETE_NUMERICAL,completed,Passed the bank numerical checks,2026-10-08,cfe2d2ff99a434cd502696c1eb7b2f5daf8d11c5,58faa4377006afb855cb3db77ca0c48382389a321419731c946976e4e1513fd6,native preset; see archived full request
db-e3cffdac9d98ee1345721aa3,DB,grid-node,15000.0,6.25,,,,,,COMPLETE_NUMERICAL,completed,Passed the bank numerical checks,2026-10-08,cfe2d2ff99a434cd502696c1eb7b2f5daf8d11c5,58faa4377006afb855cb3db77ca0c48382389a321419731c946976e4e1513fd6,native preset; see archived full request
db-d6fbec4a607cad43d3e8b36f,DB,grid-node,16000.0,6.25,,,,,,COMPLETE_NUMERICAL,completed,Passed the bank numerical checks,2026-10-08,cfe2d2ff99a434cd502696c1eb7b2f5daf8d11c5,58faa4377006afb855cb3db77ca0c48382389a321419731c946976e4e1513fd6,native preset; see archived full request
db-4b1e86d75e4f317797853f5e,DB,grid-node,17000.0,6.25,,,,,,COMPLETE_NUMERICAL,completed,Passed the bank numerical checks,2026-10-08,cfe2d2ff99a434cd502696c1eb7b2f5daf8d11c5,58faa4377006afb855cb3db77ca0c48382389a321419731c946976e4e1513fd6,native preset; see archived full request
db-b5f3aba66787ef0aa5a6656f,DB,grid-node,18000.0,6.25,,,,,,COMPLETE_NUMERICAL,completed,Passed the bank numerical checks,2026-10-08,cfe2d2ff99a434cd502696c1eb7b2f5daf8d11c5,58faa4377006afb855cb3db77ca0c48382389a321419731c946976e4e1513fd6,native preset; see archived full request
db-30dcf2c6aa671459db79674d,DB,grid-node,19000.0,6.25,,,,,,COMPLETE_NUMERICAL,completed,Passed the bank numerical checks,2026-10-08,cfe2d2ff99a434cd502696c1eb7b2f5daf8d11c5,58faa4377006afb855cb3db77ca0c48382389a321419731c946976e4e1513fd6,native preset; see archived full request
db-8e87f76b8e2b681dbcd8829b,DB,grid-node,21000.0,6.25,,,,,,COMPLETE_NUMERICAL,completed,Passed the bank numerical checks,2026-10-08,cfe2d2ff99a434cd502696c1eb7b2f5daf8d11c5,58faa4377006afb855cb3db77ca0c48382389a321419731c946976e4e1513fd6,native preset; see archived full request
db-ed1da94b15ff69007c90403a,DB,grid-node,23000.0,6.25,,,,,,COMPLETE_NUMERICAL,completed,Passed the bank numerical checks,2026-10-08,cfe2d2ff99a434cd502696c1eb7b2f5daf8d11c5,58faa4377006afb855cb3db77ca0c48382389a321419731c946976e4e1513fd6,native preset; see archived full request
db-5b4455b933ba9696331c76fe,DB,grid-node,24000.0,6.25,,,,,,COMPLETE_NUMERICAL,completed,Passed the bank numerical checks,2026-10-08,cfe2d2ff99a434cd502696c1eb7b2f5daf8d11c5,58faa4377006afb855cb3db77ca0c48382389a321419731c946976e4e1513fd6,native preset; see archived full request
db-dd0a22c71b2f25ebd536550f,DB,grid-node,25000.0,6.25,,,,,,COMPLETE_NUMERICAL,completed,Passed the bank numerical checks,2026-10-08,cfe2d2ff99a434cd502696c1eb7b2f5daf8d11c5,58faa4377006afb855cb3db77ca0c48382389a321419731c946976e4e1513fd6,native preset; see archived full request
db-f57f05992bfe279ba6b737e1,DB,grid-node,26000.0,6.25,,,,,,COMPLETE_NUMERICAL,completed,Passed the bank numerical checks,2026-10-08,cfe2d2ff99a434cd502696c1eb7b2f5daf8d11c5,58faa4377006afb855cb3db77ca0c48382389a321419731c946976e4e1513fd6,native preset; see archived full request
db-7a58ceb27b829e42808675f0,DB,grid-node,27000.0,6.25,,,,,,COMPLETE_NUMERICAL,completed,Passed the bank numerical checks,2026-10-08,cfe2d2ff99a434cd502696c1eb7b2f5daf8d11c5,58faa4377006afb855cb3db77ca0c48382389a321419731c946976e4e1513fd6,native preset; see archived full request
db-07061f12d8e6ec6b52adaba5,DB,grid-node,28000.0,6.25,,,,,,COMPLETE_NUMERICAL,completed,Passed the bank numerical checks,2026-10-08,cfe2d2ff99a434cd502696c1eb7b2f5daf8d11c5,58faa4377006afb855cb3db77ca0c48382389a321419731c946976e4e1513fd6,native preset; see archived full request
db-034f7155d16212d4e5f16231,DB,grid-node,29000.0,6.25,,,,,,COMPLETE_NUMERICAL,completed,Passed the bank numerical checks,2026-10-08,cfe2d2ff99a434cd502696c1eb7b2f5daf8d11c5,58faa4377006afb855cb3db77ca0c48382389a321419731c946976e4e1513fd6,native preset; see archived full request
db-1f6a20ce6026905bd3041a00,DB,grid-node,30000.0,6.25,,,,,,COMPLETE_NUMERICAL,completed,Passed the bank numerical checks,2026-10-08,cfe2d2ff99a434cd502696c1eb7b2f5daf8d11c5,58faa4377006afb855cb3db77ca0c48382389a321419731c946976e4e1513fd6,native preset; see archived full request
db-51bf7b48451ee0abcc6c0f08,DB,grid-node,32000.0,6.25,,,,,,COMPLETE_NUMERICAL,completed,Passed the bank numerical checks,2026-10-08,cfe2d2ff99a434cd502696c1eb7b2f5daf8d11c5,58faa4377006afb855cb3db77ca0c48382389a321419731c946976e4e1513fd6,native preset; see archived full request
db-9e78e0e286770be39fd9a6c2,DB,grid-node,34000.0,6.25,,,,,,COMPLETE_NUMERICAL,completed,Passed the bank numerical checks,2026-10-08,cfe2d2ff99a434cd502696c1eb7b2f5daf8d11c5,58faa4377006afb855cb3db77ca0c48382389a321419731c946976e4e1513fd6,native preset; see archived full request
db-4a4df7cce851a9b477221fd3,DB,grid-node,36000.0,6.25,,,,,,COMPLETE_NUMERICAL,completed,Passed the bank numerical checks,2026-10-08,cfe2d2ff99a434cd502696c1eb7b2f5daf8d11c5,58faa4377006afb855cb3db77ca0c48382389a321419731c946976e4e1513fd6,native preset; see archived full request
db-d62296a5d22a028d7c0c623d,DB,grid-node,38000.0,6.25,,,,,,COMPLETE_NUMERICAL,completed,Passed the bank numerical checks,2026-10-08,cfe2d2ff99a434cd502696c1eb7b2f5daf8d11c5,58faa4377006afb855cb3db77ca0c48382389a321419731c946976e4e1513fd6,native preset; see archived full request
db-521cdbfc3aef72cd2420b3b1,DB,grid-node,40000.0,6.25,,,,,,COMPLETE_NUMERICAL,completed,Passed the bank numerical checks,2026-10-08,cfe2d2ff99a434cd502696c1eb7b2f5daf8d11c5,58faa4377006afb855cb3db77ca0c48382389a321419731c946976e4e1513fd6,native preset; see archived full request
db-df96b4b3accaa16a437c566f,DB,grid-node,45000.0,6.25,,,,,,COMPLETE_NUMERICAL,completed,Passed the bank numerical checks,2026-10-08,cfe2d2ff99a434cd502696c1eb7b2f5daf8d11c5,58faa4377006afb855cb3db77ca0c48382389a321419731c946976e4e1513fd6,native preset; see archived full request
db-8ab52d0df846d8dfc531abfe,DB,grid-node,50000.0,6.25,,,,,,COMPLETE_NUMERICAL,completed,Passed the bank numerical checks,2026-10-08,cfe2d2ff99a434cd502696c1eb7b2f5daf8d11c5,58faa4377006afb855cb3db77ca0c48382389a321419731c946976e4e1513fd6,native preset; see archived full request
db-6aff51d66d402fe510269aac,DB,grid-node,55000.0,6.25,,,,,,COMPLETE_NUMERICAL,completed,Passed the bank numerical checks,2026-10-08,cfe2d2ff99a434cd502696c1eb7b2f5daf8d11c5,58faa4377006afb855cb3db77ca0c48382389a321419731c946976e4e1513fd6,native preset; see archived full request
db-d5b5ad169d76cecdab739345,DB,grid-node,5000.0,6.0,,,,,,DOMAIN_OR_UNSUPPORTED_CONFIG,unsupported,Requested parameters blocked by the current driver,2026-10-08,cfe2d2ff99a434cd502696c1eb7b2f5daf8d11c5,58faa4377006afb855cb3db77ca0c48382389a321419731c946976e4e1513fd6,native preset; see archived full request
db-dd1fe3e9b90b6739b674c291,DB,grid-node,8000.0,6.0,,,,,,TIMEOUT,timed_out,Resource cap reached; no physical failure inferred,2026-10-08,cfe2d2ff99a434cd502696c1eb7b2f5daf8d11c5,58faa4377006afb855cb3db77ca0c48382389a321419731c946976e4e1513fd6,native preset; see archived full request
db-bf94e1a323320a2bbb1ad8b4,DB,grid-node,10000.0,6.0,,,,,,COMPLETE_NUMERICAL,completed,Passed the bank numerical checks,2026-10-08,cfe2d2ff99a434cd502696c1eb7b2f5daf8d11c5,58faa4377006afb855cb3db77ca0c48382389a321419731c946976e4e1513fd6,native preset; see archived full request
db-b204d698db9711c2e9925447,DB,grid-node,12000.0,6.0,,,,,,COMPLETE_NUMERICAL,completed,Passed the bank numerical checks,2026-10-08,cfe2d2ff99a434cd502696c1eb7b2f5daf8d11c5,58faa4377006afb855cb3db77ca0c48382389a321419731c946976e4e1513fd6,native preset; see archived full request
db-8ad61dd3a554461d00959adf,DB,grid-node,20000.0,6.0,,,,,,COMPLETE_NUMERICAL,completed,Passed the bank numerical checks,2026-10-08,cfe2d2ff99a434cd502696c1eb7b2f5daf8d11c5,58faa4377006afb855cb3db77ca0c48382389a321419731c946976e4e1513fd6,native preset; see archived full request
db-87369db5925eebd94819c935,DB,grid-node,22000.0,6.0,,,,,,COMPLETE_NUMERICAL,completed,Passed the bank numerical checks,2026-10-08,cfe2d2ff99a434cd502696c1eb7b2f5daf8d11c5,58faa4377006afb855cb3db77ca0c48382389a321419731c946976e4e1513fd6,native preset; see archived full request
db-fe8b158bffb10a3d3a235046,DB,grid-node,60000.0,6.0,,,,,,COMPLETE_NUMERICAL,completed,Passed the bank numerical checks,2026-10-08,cfe2d2ff99a434cd502696c1eb7b2f5daf8d11c5,58faa4377006afb855cb3db77ca0c48382389a321419731c946976e4e1513fd6,native preset; see archived full request
db-f96affc7aaae61e11fe78069,DB,grid-node,5500.0,6.0,,,,,,DOMAIN_OR_UNSUPPORTED_CONFIG,unsupported,Requested parameters blocked by the current driver,2026-10-08,cfe2d2ff99a434cd502696c1eb7b2f5daf8d11c5,58faa4377006afb855cb3db77ca0c48382389a321419731c946976e4e1513fd6,native preset; see archived full request
db-2e50e0c370d33d8d85f4c86a,DB,grid-node,6000.0,6.0,,,,,,DOMAIN_OR_UNSUPPORTED_CONFIG,unsupported,Requested parameters blocked by the current driver,2026-10-08,cfe2d2ff99a434cd502696c1eb7b2f5daf8d11c5,58faa4377006afb855cb3db77ca0c48382389a321419731c946976e4e1513fd6,native preset; see archived full request
db-615de767a6b8050c4f3c5c62,DB,grid-node,6500.0,6.0,,,,,,DOMAIN_OR_UNSUPPORTED_CONFIG,unsupported,Requested parameters blocked by the current driver,2026-10-08,cfe2d2ff99a434cd502696c1eb7b2f5daf8d11c5,58faa4377006afb855cb3db77ca0c48382389a321419731c946976e4e1513fd6,native preset; see archived full request
db-40be62125f65c51373a61487,DB,grid-node,7000.0,6.0,,,,,,TIMEOUT,timed_out,Resource cap reached; no physical failure inferred,2026-10-08,cfe2d2ff99a434cd502696c1eb7b2f5daf8d11c5,58faa4377006afb855cb3db77ca0c48382389a321419731c946976e4e1513fd6,native preset; see archived full request
db-c6019d465bf232baf30934d9,DB,grid-node,7500.0,6.0,,,,,,NUMERICAL_NONCONVERGENCE,numerical_failure,Required equilibrium checks failed; raw reason retained,2026-10-08,cfe2d2ff99a434cd502696c1eb7b2f5daf8d11c5,58faa4377006afb855cb3db77ca0c48382389a321419731c946976e4e1513fd6,native preset; see archived full request
db-401f6ea4bde12c471d637da1,DB,grid-node,8500.0,6.0,,,,,,NUMERICAL_NONCONVERGENCE,numerical_failure,Required equilibrium checks failed; raw reason retained,2026-10-08,cfe2d2ff99a434cd502696c1eb7b2f5daf8d11c5,58faa4377006afb855cb3db77ca0c48382389a321419731c946976e4e1513fd6,native preset; see archived full request
db-79f0208800ab9e813f9dc43d,DB,grid-node,9000.0,6.0,,,,,,TIMEOUT,timed_out,Resource cap reached; no physical failure inferred,2026-10-08,cfe2d2ff99a434cd502696c1eb7b2f5daf8d11c5,58faa4377006afb855cb3db77ca0c48382389a321419731c946976e4e1513fd6,native preset; see archived full request
db-f726c28f1f922410826c368a,DB,grid-node,9500.0,6.0,,,,,,TIMEOUT,timed_out,Resource cap reached; no physical failure inferred,2026-10-08,cfe2d2ff99a434cd502696c1eb7b2f5daf8d11c5,58faa4377006afb855cb3db77ca0c48382389a321419731c946976e4e1513fd6,native preset; see archived full request
db-38eb1db9bd59b3779c5d7557,DB,grid-node,11000.0,6.0,,,,,,NUMERICAL_NONCONVERGENCE,numerical_failure,Required equilibrium checks failed; raw reason retained,2026-10-08,cfe2d2ff99a434cd502696c1eb7b2f5daf8d11c5,58faa4377006afb855cb3db77ca0c48382389a321419731c946976e4e1513fd6,native preset; see archived full request
db-99f2e5bd62b5dc9fad921d03,DB,grid-node,13000.0,6.0,,,,,,COMPLETE_NUMERICAL,completed,Passed the bank numerical checks,2026-10-08,cfe2d2ff99a434cd502696c1eb7b2f5daf8d11c5,58faa4377006afb855cb3db77ca0c48382389a321419731c946976e4e1513fd6,native preset; see archived full request
db-58fa22193cc648db65bb6ce1,DB,grid-node,14000.0,6.0,,,,,,COMPLETE_NUMERICAL,completed,Passed the bank numerical checks,2026-10-08,cfe2d2ff99a434cd502696c1eb7b2f5daf8d11c5,58faa4377006afb855cb3db77ca0c48382389a321419731c946976e4e1513fd6,native preset; see archived full request
db-322b539121c96620fe7e29be,DB,grid-node,15000.0,6.0,,,,,,COMPLETE_NUMERICAL,completed,Passed the bank numerical checks,2026-10-08,cfe2d2ff99a434cd502696c1eb7b2f5daf8d11c5,58faa4377006afb855cb3db77ca0c48382389a321419731c946976e4e1513fd6,native preset; see archived full request
db-aca0668d94e6ef2ebb2b4e61,DB,grid-node,16000.0,6.0,,,,,,COMPLETE_NUMERICAL,completed,Passed the bank numerical checks,2026-10-08,cfe2d2ff99a434cd502696c1eb7b2f5daf8d11c5,58faa4377006afb855cb3db77ca0c48382389a321419731c946976e4e1513fd6,native preset; see archived full request
db-b13051df49f0f1ccfdc8a795,DB,grid-node,17000.0,6.0,,,,,,COMPLETE_NUMERICAL,completed,Passed the bank numerical checks,2026-10-08,cfe2d2ff99a434cd502696c1eb7b2f5daf8d11c5,58faa4377006afb855cb3db77ca0c48382389a321419731c946976e4e1513fd6,native preset; see archived full request
db-138170e3c3a87a7d61243c97,DB,grid-node,18000.0,6.0,,,,,,COMPLETE_NUMERICAL,completed,Passed the bank numerical checks,2026-10-08,cfe2d2ff99a434cd502696c1eb7b2f5daf8d11c5,58faa4377006afb855cb3db77ca0c48382389a321419731c946976e4e1513fd6,native preset; see archived full request
db-557238188d7829d19b12a6a6,DB,grid-node,19000.0,6.0,,,,,,COMPLETE_NUMERICAL,completed,Passed the bank numerical checks,2026-10-08,cfe2d2ff99a434cd502696c1eb7b2f5daf8d11c5,58faa4377006afb855cb3db77ca0c48382389a321419731c946976e4e1513fd6,native preset; see archived full request
db-8d44295addb44fb2449c1846,DB,grid-node,21000.0,6.0,,,,,,COMPLETE_NUMERICAL,completed,Passed the bank numerical checks,2026-10-08,cfe2d2ff99a434cd502696c1eb7b2f5daf8d11c5,58faa4377006afb855cb3db77ca0c48382389a321419731c946976e4e1513fd6,native preset; see archived full request
db-86e20e1f1cd0b01ba6cf7731,DB,grid-node,23000.0,6.0,,,,,,COMPLETE_NUMERICAL,completed,Passed the bank numerical checks,2026-10-08,cfe2d2ff99a434cd502696c1eb7b2f5daf8d11c5,58faa4377006afb855cb3db77ca0c48382389a321419731c946976e4e1513fd6,native preset; see archived full request
db-c44a5e3484c0c44bb64cc218,DB,grid-node,24000.0,6.0,,,,,,COMPLETE_NUMERICAL,completed,Passed the bank numerical checks,2026-10-08,cfe2d2ff99a434cd502696c1eb7b2f5daf8d11c5,58faa4377006afb855cb3db77ca0c48382389a321419731c946976e4e1513fd6,native preset; see archived full request
db-2c68ac2c57d17890420148e6,DB,grid-node,25000.0,6.0,,,,,,COMPLETE_NUMERICAL,completed,Passed the bank numerical checks,2026-10-08,cfe2d2ff99a434cd502696c1eb7b2f5daf8d11c5,58faa4377006afb855cb3db77ca0c48382389a321419731c946976e4e1513fd6,native preset; see archived full request
db-417ae59184cd808112803eb6,DB,grid-node,26000.0,6.0,,,,,,COMPLETE_NUMERICAL,completed,Passed the bank numerical checks,2026-10-08,cfe2d2ff99a434cd502696c1eb7b2f5daf8d11c5,58faa4377006afb855cb3db77ca0c48382389a321419731c946976e4e1513fd6,native preset; see archived full request
db-39224f06f9a52a7db1a44110,DB,grid-node,27000.0,6.0,,,,,,COMPLETE_NUMERICAL,completed,Passed the bank numerical checks,2026-10-08,cfe2d2ff99a434cd502696c1eb7b2f5daf8d11c5,58faa4377006afb855cb3db77ca0c48382389a321419731c946976e4e1513fd6,native preset; see archived full request
db-8be381ddadb9f84a6f88af0e,DB,grid-node,28000.0,6.0,,,,,,COMPLETE_NUMERICAL,completed,Passed the bank numerical checks,2026-10-08,cfe2d2ff99a434cd502696c1eb7b2f5daf8d11c5,58faa4377006afb855cb3db77ca0c48382389a321419731c946976e4e1513fd6,native preset; see archived full request
db-28af2b23f6a9c46fd5f5798c,DB,grid-node,29000.0,6.0,,,,,,COMPLETE_NUMERICAL,completed,Passed the bank numerical checks,2026-10-08,cfe2d2ff99a434cd502696c1eb7b2f5daf8d11c5,58faa4377006afb855cb3db77ca0c48382389a321419731c946976e4e1513fd6,native preset; see archived full request
db-f3cbc2281cc5384edce9980d,DB,grid-node,30000.0,6.0,,,,,,COMPLETE_NUMERICAL,completed,Passed the bank numerical checks,2026-10-08,cfe2d2ff99a434cd502696c1eb7b2f5daf8d11c5,58faa4377006afb855cb3db77ca0c48382389a321419731c946976e4e1513fd6,native preset; see archived full request
db-bd332c758f8bc050dfdbfa7b,DB,grid-node,32000.0,6.0,,,,,,COMPLETE_NUMERICAL,completed,Passed the bank numerical checks,2026-10-08,cfe2d2ff99a434cd502696c1eb7b2f5daf8d11c5,58faa4377006afb855cb3db77ca0c48382389a321419731c946976e4e1513fd6,native preset; see archived full request
db-db92b50fa0e2b5b7a7b99f7b,DB,grid-node,34000.0,6.0,,,,,,COMPLETE_NUMERICAL,completed,Passed the bank numerical checks,2026-10-08,cfe2d2ff99a434cd502696c1eb7b2f5daf8d11c5,58faa4377006afb855cb3db77ca0c48382389a321419731c946976e4e1513fd6,native preset; see archived full request
db-fee543cd9c555a176199ed18,DB,grid-node,36000.0,6.0,,,,,,COMPLETE_NUMERICAL,completed,Passed the bank numerical checks,2026-10-08,cfe2d2ff99a434cd502696c1eb7b2f5daf8d11c5,58faa4377006afb855cb3db77ca0c48382389a321419731c946976e4e1513fd6,native preset; see archived full request
db-ba576bc31a53c14e1d203580,DB,grid-node,38000.0,6.0,,,,,,COMPLETE_NUMERICAL,completed,Passed the bank numerical checks,2026-10-08,cfe2d2ff99a434cd502696c1eb7b2f5daf8d11c5,58faa4377006afb855cb3db77ca0c48382389a321419731c946976e4e1513fd6,native preset; see archived full request
db-e6c3eb82a8a7c838e61764b8,DB,grid-node,40000.0,6.0,,,,,,COMPLETE_NUMERICAL,completed,Passed the bank numerical checks,2026-10-08,cfe2d2ff99a434cd502696c1eb7b2f5daf8d11c5,58faa4377006afb855cb3db77ca0c48382389a321419731c946976e4e1513fd6,native preset; see archived full request
db-4d6ed359f713d9b6b36c19f2,DB,grid-node,45000.0,6.0,,,,,,COMPLETE_NUMERICAL,completed,Passed the bank numerical checks,2026-10-08,cfe2d2ff99a434cd502696c1eb7b2f5daf8d11c5,58faa4377006afb855cb3db77ca0c48382389a321419731c946976e4e1513fd6,native preset; see archived full request
db-11ec2e02460f6486f48ca5e4,DB,grid-node,50000.0,6.0,,,,,,COMPLETE_NUMERICAL,completed,Passed the bank numerical checks,2026-10-08,cfe2d2ff99a434cd502696c1eb7b2f5daf8d11c5,58faa4377006afb855cb3db77ca0c48382389a321419731c946976e4e1513fd6,native preset; see archived full request
db-0993189dbf0b545e09dac8d2,DB,grid-node,55000.0,6.0,,,,,,COMPLETE_NUMERICAL,completed,Passed the bank numerical checks,2026-10-08,cfe2d2ff99a434cd502696c1eb7b2f5daf8d11c5,58faa4377006afb855cb3db77ca0c48382389a321419731c946976e4e1513fd6,native preset; see archived full request
db-bb7f4164e99e4d25a171dac4,DB,boundary-probe,4500.0,7.0,,,,,,DOMAIN_OR_UNSUPPORTED_CONFIG,unsupported,Requested parameters blocked by the current driver,2026-10-08,cfe2d2ff99a434cd502696c1eb7b2f5daf8d11c5,58faa4377006afb855cb3db77ca0c48382389a321419731c946976e4e1513fd6,native preset; see archived full request
db-619ee69e81f00d239e87ecd1,DB,boundary-probe,4500.0,8.0,,,,,,NUMERICAL_NONCONVERGENCE,numerical_failure,Required equilibrium checks failed; raw reason retained,2026-10-08,cfe2d2ff99a434cd502696c1eb7b2f5daf8d11c5,58faa4377006afb855cb3db77ca0c48382389a321419731c946976e4e1513fd6,native preset; see archived full request
db-eed15383e2e4453032a90845,DB,boundary-probe,4500.0,9.0,,,,,,DOMAIN_OR_UNSUPPORTED_CONFIG,unsupported,Requested parameters blocked by the current driver,2026-10-08,cfe2d2ff99a434cd502696c1eb7b2f5daf8d11c5,58faa4377006afb855cb3db77ca0c48382389a321419731c946976e4e1513fd6,native preset; see archived full request
db-6bf21d538fec9e718fc3c380,DB,boundary-probe,100000.0,7.0,,,,,,COMPLETE_NUMERICAL,completed,Passed the bank numerical checks,2026-10-08,cfe2d2ff99a434cd502696c1eb7b2f5daf8d11c5,58faa4377006afb855cb3db77ca0c48382389a321419731c946976e4e1513fd6,native preset; see archived full request
db-8d063c8f098d9ff362768f12,DB,boundary-probe,100000.0,8.0,,,,,,COMPLETE_NUMERICAL,completed,Passed the bank numerical checks,2026-10-08,cfe2d2ff99a434cd502696c1eb7b2f5daf8d11c5,58faa4377006afb855cb3db77ca0c48382389a321419731c946976e4e1513fd6,native preset; see archived full request
db-055560cf06d7e42c28104f4f,DB,boundary-probe,100000.0,9.0,,,,,,COMPLETE_NUMERICAL,completed,Passed the bank numerical checks,2026-10-08,cfe2d2ff99a434cd502696c1eb7b2f5daf8d11c5,58faa4377006afb855cb3db77ca0c48382389a321419731c946976e4e1513fd6,native preset; see archived full request
db-395370bdb69ed9ff4e4ac12f,DB,boundary-probe,10000.0,5.0,,,,,,COMPLETE_NUMERICAL,completed,Passed the bank numerical checks,2026-10-08,cfe2d2ff99a434cd502696c1eb7b2f5daf8d11c5,58faa4377006afb855cb3db77ca0c48382389a321419731c946976e4e1513fd6,native preset; see archived full request
db-944fd9e12e0d001a15becc10,DB,boundary-probe,22000.0,5.0,,,,,,COMPLETE_NUMERICAL,completed,Passed the bank numerical checks,2026-10-08,cfe2d2ff99a434cd502696c1eb7b2f5daf8d11c5,58faa4377006afb855cb3db77ca0c48382389a321419731c946976e4e1513fd6,native preset; see archived full request
db-b25656b0cf01da46b3261368,DB,boundary-probe,40000.0,5.0,,,,,,COMPLETE_NUMERICAL,completed,Passed the bank numerical checks,2026-10-08,cfe2d2ff99a434cd502696c1eb7b2f5daf8d11c5,58faa4377006afb855cb3db77ca0c48382389a321419731c946976e4e1513fd6,native preset; see archived full request
db-d5708ede0d0ed1079dfc4f59,DB,boundary-probe,60000.0,5.0,,,,,,COMPLETE_NUMERICAL,completed,Passed the bank numerical checks,2026-10-08,cfe2d2ff99a434cd502696c1eb7b2f5daf8d11c5,58faa4377006afb855cb3db77ca0c48382389a321419731c946976e4e1513fd6,native preset; see archived full request
db-18b4f24b7f2caa52814cad22,DB,boundary-probe,10000.0,5.5,,,,,,COMPLETE_NUMERICAL,completed,Passed the bank numerical checks,2026-10-08,cfe2d2ff99a434cd502696c1eb7b2f5daf8d11c5,58faa4377006afb855cb3db77ca0c48382389a321419731c946976e4e1513fd6,native preset; see archived full request
db-f6307fdc3954d5040c9b5fbc,DB,boundary-probe,22000.0,5.5,,,,,,COMPLETE_NUMERICAL,completed,Passed the bank numerical checks,2026-10-08,cfe2d2ff99a434cd502696c1eb7b2f5daf8d11c5,58faa4377006afb855cb3db77ca0c48382389a321419731c946976e4e1513fd6,native preset; see archived full request
db-906f9443b10cdf24ea7c1f48,DB,boundary-probe,40000.0,5.5,,,,,,COMPLETE_NUMERICAL,completed,Passed the bank numerical checks,2026-10-08,cfe2d2ff99a434cd502696c1eb7b2f5daf8d11c5,58faa4377006afb855cb3db77ca0c48382389a321419731c946976e4e1513fd6,native preset; see archived full request
db-57623907d2196c22325c3330,DB,boundary-probe,60000.0,5.5,,,,,,COMPLETE_NUMERICAL,completed,Passed the bank numerical checks,2026-10-08,cfe2d2ff99a434cd502696c1eb7b2f5daf8d11c5,58faa4377006afb855cb3db77ca0c48382389a321419731c946976e4e1513fd6,native preset; see archived full request
db-d56b46dbcae8bbfe7c2c41c2,DB,boundary-probe,10000.0,10.0,,,,,,DOMAIN_OR_UNSUPPORTED_CONFIG,unsupported,Requested parameters blocked by the current driver,2026-10-08,cfe2d2ff99a434cd502696c1eb7b2f5daf8d11c5,58faa4377006afb855cb3db77ca0c48382389a321419731c946976e4e1513fd6,native preset; see archived full request
db-a761ca2cf5f6fe24205b9641,DB,boundary-probe,22000.0,10.0,,,,,,COMPLETE_NUMERICAL,completed,Passed the bank numerical checks,2026-10-08,cfe2d2ff99a434cd502696c1eb7b2f5daf8d11c5,58faa4377006afb855cb3db77ca0c48382389a321419731c946976e4e1513fd6,native preset; see archived full request
db-b74e068d67ff4b498a9692ec,DB,boundary-probe,40000.0,10.0,,,,,,COMPLETE_NUMERICAL,completed,Passed the bank numerical checks,2026-10-08,cfe2d2ff99a434cd502696c1eb7b2f5daf8d11c5,58faa4377006afb855cb3db77ca0c48382389a321419731c946976e4e1513fd6,native preset; see archived full request
db-05b0a0069c358a703be23e61,DB,boundary-probe,60000.0,10.0,,,,,,COMPLETE_NUMERICAL,completed,Passed the bank numerical checks,2026-10-08,cfe2d2ff99a434cd502696c1eb7b2f5daf8d11c5,58faa4377006afb855cb3db77ca0c48382389a321419731c946976e4e1513fd6,native preset; see archived full request
db-9b0c8f5ea3bb137258a7b585,DB,heldout,10250.0,7.125,,,,,,NUMERICAL_NONCONVERGENCE,numerical_failure,Required equilibrium checks failed; raw reason retained,2026-10-08,cfe2d2ff99a434cd502696c1eb7b2f5daf8d11c5,58faa4377006afb855cb3db77ca0c48382389a321419731c946976e4e1513fd6,native preset; see archived full request
db-19a565888e8bb6eb4fec8af8,DB,heldout,10250.0,8.125,,,,,,COMPLETE_NUMERICAL,completed,Passed the bank numerical checks,2026-10-08,cfe2d2ff99a434cd502696c1eb7b2f5daf8d11c5,58faa4377006afb855cb3db77ca0c48382389a321419731c946976e4e1513fd6,native preset; see archived full request
db-b5b02ce0bf0e93b2d237e3dc,DB,heldout,11500.0,7.125,,,,,,COMPLETE_NUMERICAL,completed,Passed the bank numerical checks,2026-10-08,cfe2d2ff99a434cd502696c1eb7b2f5daf8d11c5,58faa4377006afb855cb3db77ca0c48382389a321419731c946976e4e1513fd6,native preset; see archived full request
db-ce21367c78a38d16622e9d1c,DB,heldout,11500.0,8.125,,,,,,COMPLETE_NUMERICAL,completed,Passed the bank numerical checks,2026-10-08,cfe2d2ff99a434cd502696c1eb7b2f5daf8d11c5,58faa4377006afb855cb3db77ca0c48382389a321419731c946976e4e1513fd6,native preset; see archived full request
db-7ae53ce6b4d6773d6c9be60d,DB,heldout,14500.0,7.125,,,,,,COMPLETE_NUMERICAL,completed,Passed the bank numerical checks,2026-10-08,cfe2d2ff99a434cd502696c1eb7b2f5daf8d11c5,58faa4377006afb855cb3db77ca0c48382389a321419731c946976e4e1513fd6,native preset; see archived full request
db-f64cc84c6f93252e45c7bc51,DB,heldout,14500.0,8.125,,,,,,COMPLETE_NUMERICAL,completed,Passed the bank numerical checks,2026-10-08,cfe2d2ff99a434cd502696c1eb7b2f5daf8d11c5,58faa4377006afb855cb3db77ca0c48382389a321419731c946976e4e1513fd6,native preset; see archived full request
db-fd95f1710eee2e8d92c8e6c3,DB,heldout,17500.0,7.125,,,,,,COMPLETE_NUMERICAL,completed,Passed the bank numerical checks,2026-10-08,cfe2d2ff99a434cd502696c1eb7b2f5daf8d11c5,58faa4377006afb855cb3db77ca0c48382389a321419731c946976e4e1513fd6,native preset; see archived full request
db-a1886f71640eb56abe797a70,DB,heldout,17500.0,8.125,,,,,,COMPLETE_NUMERICAL,completed,Passed the bank numerical checks,2026-10-08,cfe2d2ff99a434cd502696c1eb7b2f5daf8d11c5,58faa4377006afb855cb3db77ca0c48382389a321419731c946976e4e1513fd6,native preset; see archived full request
db-679c9bb8d1f9eed3d6e1aed1,DB,heldout,20500.0,7.125,,,,,,COMPLETE_NUMERICAL,completed,Passed the bank numerical checks,2026-10-08,cfe2d2ff99a434cd502696c1eb7b2f5daf8d11c5,58faa4377006afb855cb3db77ca0c48382389a321419731c946976e4e1513fd6,native preset; see archived full request
db-aef20d2a75b1cd2b77fc9c6a,DB,heldout,20500.0,8.125,,,,,,COMPLETE_NUMERICAL,completed,Passed the bank numerical checks,2026-10-08,cfe2d2ff99a434cd502696c1eb7b2f5daf8d11c5,58faa4377006afb855cb3db77ca0c48382389a321419731c946976e4e1513fd6,native preset; see archived full request
db-c96bab5fbd5e5bc613412472,DB,heldout,23500.0,7.125,,,,,,COMPLETE_NUMERICAL,completed,Passed the bank numerical checks,2026-10-08,cfe2d2ff99a434cd502696c1eb7b2f5daf8d11c5,58faa4377006afb855cb3db77ca0c48382389a321419731c946976e4e1513fd6,native preset; see archived full request
db-e61e11c7ef08c5668bf89824,DB,heldout,23500.0,8.125,,,,,,COMPLETE_NUMERICAL,completed,Passed the bank numerical checks,2026-10-08,cfe2d2ff99a434cd502696c1eb7b2f5daf8d11c5,58faa4377006afb855cb3db77ca0c48382389a321419731c946976e4e1513fd6,native preset; see archived full request
db-9033347d4df0dfa77c746532,DB,heldout,27500.0,7.125,,,,,,COMPLETE_NUMERICAL,completed,Passed the bank numerical checks,2026-10-08,cfe2d2ff99a434cd502696c1eb7b2f5daf8d11c5,58faa4377006afb855cb3db77ca0c48382389a321419731c946976e4e1513fd6,native preset; see archived full request
db-24a510110673e7e89f6bada8,DB,heldout,27500.0,8.125,,,,,,COMPLETE_NUMERICAL,completed,Passed the bank numerical checks,2026-10-08,cfe2d2ff99a434cd502696c1eb7b2f5daf8d11c5,58faa4377006afb855cb3db77ca0c48382389a321419731c946976e4e1513fd6,native preset; see archived full request
db-5021498e92a9a2d44932f30e,DB,heldout,33000.0,7.125,,,,,,COMPLETE_NUMERICAL,completed,Passed the bank numerical checks,2026-10-08,cfe2d2ff99a434cd502696c1eb7b2f5daf8d11c5,58faa4377006afb855cb3db77ca0c48382389a321419731c946976e4e1513fd6,native preset; see archived full request
db-cf050a5e24825045f202687c,DB,heldout,33000.0,8.125,,,,,,COMPLETE_NUMERICAL,completed,Passed the bank numerical checks,2026-10-08,cfe2d2ff99a434cd502696c1eb7b2f5daf8d11c5,58faa4377006afb855cb3db77ca0c48382389a321419731c946976e4e1513fd6,native preset; see archived full request
db-364273a7b91ecd5636f6d795,DB,heldout,39000.0,7.125,,,,,,COMPLETE_NUMERICAL,completed,Passed the bank numerical checks,2026-10-08,cfe2d2ff99a434cd502696c1eb7b2f5daf8d11c5,58faa4377006afb855cb3db77ca0c48382389a321419731c946976e4e1513fd6,native preset; see archived full request
db-451f672bef5346a263707134,DB,heldout,39000.0,8.125,,,,,,COMPLETE_NUMERICAL,completed,Passed the bank numerical checks,2026-10-08,cfe2d2ff99a434cd502696c1eb7b2f5daf8d11c5,58faa4377006afb855cb3db77ca0c48382389a321419731c946976e4e1513fd6,native preset; see archived full request
db-723293abe7cb0d53108a2502,DB,heldout,52500.0,7.125,,,,,,COMPLETE_NUMERICAL,completed,Passed the bank numerical checks,2026-10-08,cfe2d2ff99a434cd502696c1eb7b2f5daf8d11c5,58faa4377006afb855cb3db77ca0c48382389a321419731c946976e4e1513fd6,native preset; see archived full request
db-cfcda3b85539a6ec3c667142,DB,heldout,52500.0,8.125,,,,,,COMPLETE_NUMERICAL,completed,Passed the bank numerical checks,2026-10-08,cfe2d2ff99a434cd502696c1eb7b2f5daf8d11c5,58faa4377006afb855cb3db77ca0c48382389a321419731c946976e4e1513fd6,native preset; see archived full request
dz-3dc83b092cb4d5230b61ddf7,DZ,object-anchor,10800.0,8.0,PG1225,0,-4.05,,,COMPLETE_NUMERICAL,completed,Passed the bank numerical checks,2026-10-08,cfe2d2ff99a434cd502696c1eb7b2f5daf8d11c5,58faa4377006afb855cb3db77ca0c48382389a321419731c946976e4e1513fd6,native preset; see archived full request
dz-de69f4b7f2b8431caf2e11c2,DZ,pattern-grid-node,6000.0,8.0,PG1225,0,-4.05,,,COMPLETE_NUMERICAL,completed,Passed the bank numerical checks,2026-10-08,cfe2d2ff99a434cd502696c1eb7b2f5daf8d11c5,58faa4377006afb855cb3db77ca0c48382389a321419731c946976e4e1513fd6,native preset; see archived full request
dz-846977da044b88f0ac53b246,DZ,pattern-grid-node,8000.0,8.0,PG1225,0,-4.05,,,COMPLETE_NUMERICAL,completed,Passed the bank numerical checks,2026-10-08,cfe2d2ff99a434cd502696c1eb7b2f5daf8d11c5,58faa4377006afb855cb3db77ca0c48382389a321419731c946976e4e1513fd6,native preset; see archived full request
dz-2855bccc41d6ed9e5e6d5843,DZ,pattern-grid-node,10000.0,8.0,PG1225,0,-4.05,,,COMPLETE_NUMERICAL,completed,Passed the bank numerical checks,2026-10-08,cfe2d2ff99a434cd502696c1eb7b2f5daf8d11c5,58faa4377006afb855cb3db77ca0c48382389a321419731c946976e4e1513fd6,native preset; see archived full request
dz-8fdb80bf5344c14934403bbf,DZ,pattern-grid-node,12000.0,8.0,PG1225,0,-4.05,,,COMPLETE_NUMERICAL,completed,Passed the bank numerical checks,2026-10-08,cfe2d2ff99a434cd502696c1eb7b2f5daf8d11c5,58faa4377006afb855cb3db77ca0c48382389a321419731c946976e4e1513fd6,native preset; see archived full request
dz-8d4052f1660478e32c83ff28,DZ,pattern-grid-node,13950.0,8.0,PG1225,0,-4.05,,,COMPLETE_NUMERICAL,completed,Passed the bank numerical checks,2026-10-08,cfe2d2ff99a434cd502696c1eb7b2f5daf8d11c5,58faa4377006afb855cb3db77ca0c48382389a321419731c946976e4e1513fd6,native preset; see archived full request
dz-4dfec1359100fe88b40f68d8,DZ,pattern-grid-node,15300.0,8.0,PG1225,0,-4.05,,,COMPLETE_NUMERICAL,completed,Passed the bank numerical checks,2026-10-08,cfe2d2ff99a434cd502696c1eb7b2f5daf8d11c5,58faa4377006afb855cb3db77ca0c48382389a321419731c946976e4e1513fd6,native preset; see archived full request
dz-7c346531c35657f28d8667ff,DZ,pattern-grid-node,18000.0,8.0,PG1225,0,-4.05,,,COMPLETE_NUMERICAL,completed,Passed the bank numerical checks,2026-10-08,cfe2d2ff99a434cd502696c1eb7b2f5daf8d11c5,58faa4377006afb855cb3db77ca0c48382389a321419731c946976e4e1513fd6,native preset; see archived full request
dz-3267bdd7275336a3137def89,DZ,pattern-grid-node,20000.0,8.0,PG1225,0,-4.05,,,COMPLETE_NUMERICAL,completed,Passed the bank numerical checks,2026-10-08,cfe2d2ff99a434cd502696c1eb7b2f5daf8d11c5,58faa4377006afb855cb3db77ca0c48382389a321419731c946976e4e1513fd6,native preset; see archived full request
dz-9cf10fe4f65fb172d8473265,DZ,pattern-grid-node,25000.0,8.0,PG1225,0,-4.05,,,TIMEOUT,timed_out,Resource cap reached; no physical failure inferred,2026-10-08,cfe2d2ff99a434cd502696c1eb7b2f5daf8d11c5,58faa4377006afb855cb3db77ca0c48382389a321419731c946976e4e1513fd6,native preset; see archived full request
dz-5d83276c6fe74d4e413f2ef9,DZ,pattern-grid-node,30000.0,8.0,PG1225,0,-4.05,,,COMPLETE_NUMERICAL,completed,Passed the bank numerical checks,2026-10-08,cfe2d2ff99a434cd502696c1eb7b2f5daf8d11c5,58faa4377006afb855cb3db77ca0c48382389a321419731c946976e4e1513fd6,native preset; see archived full request
dz-25a2d6f56106158c16a4f8fc,DZ,pattern-grid-node,40000.0,8.0,PG1225,0,-4.05,,,COMPLETE_NUMERICAL,completed,Passed the bank numerical checks,2026-10-08,cfe2d2ff99a434cd502696c1eb7b2f5daf8d11c5,58faa4377006afb855cb3db77ca0c48382389a321419731c946976e4e1513fd6,native preset; see archived full request
dz-ba9f3db29b4ea4aad9249193,DZ,pattern-grid-node,60000.0,8.0,PG1225,0,-4.05,,,COMPLETE_NUMERICAL,completed,Passed the bank numerical checks,2026-10-08,cfe2d2ff99a434cd502696c1eb7b2f5daf8d11c5,58faa4377006afb855cb3db77ca0c48382389a321419731c946976e4e1513fd6,native preset; see archived full request
dz-0a99d31df8007edaac539bfa,DZ,pattern-grid-node,6000.0,7.5,PG1225,0,-4.05,,,COMPLETE_NUMERICAL,completed,Passed the bank numerical checks,2026-10-08,cfe2d2ff99a434cd502696c1eb7b2f5daf8d11c5,58faa4377006afb855cb3db77ca0c48382389a321419731c946976e4e1513fd6,native preset; see archived full request
dz-8a3c1e35d9a380a5163be43d,DZ,pattern-grid-node,8000.0,7.5,PG1225,0,-4.05,,,COMPLETE_NUMERICAL,completed,Passed the bank numerical checks,2026-10-08,cfe2d2ff99a434cd502696c1eb7b2f5daf8d11c5,58faa4377006afb855cb3db77ca0c48382389a321419731c946976e4e1513fd6,native preset; see archived full request
dz-1f7d430d05ad6fd7c1072aa6,DZ,pattern-grid-node,10000.0,7.5,PG1225,0,-4.05,,,COMPLETE_NUMERICAL,completed,Passed the bank numerical checks,2026-10-08,cfe2d2ff99a434cd502696c1eb7b2f5daf8d11c5,58faa4377006afb855cb3db77ca0c48382389a321419731c946976e4e1513fd6,native preset; see archived full request
dz-65f352797b646e84a51c5e2b,DZ,pattern-grid-node,10800.0,7.5,PG1225,0,-4.05,,,TIMEOUT,timed_out,Resource cap reached; no physical failure inferred,2026-10-08,cfe2d2ff99a434cd502696c1eb7b2f5daf8d11c5,58faa4377006afb855cb3db77ca0c48382389a321419731c946976e4e1513fd6,native preset; see archived full request
dz-19e1392568df7bb7bab329d7,DZ,pattern-grid-node,12000.0,7.5,PG1225,0,-4.05,,,COMPLETE_NUMERICAL,completed,Passed the bank numerical checks,2026-10-08,cfe2d2ff99a434cd502696c1eb7b2f5daf8d11c5,58faa4377006afb855cb3db77ca0c48382389a321419731c946976e4e1513fd6,native preset; see archived full request
dz-0dd57ac0c9126e35b57571d2,DZ,pattern-grid-node,13950.0,7.5,PG1225,0,-4.05,,,COMPLETE_NUMERICAL,completed,Passed the bank numerical checks,2026-10-08,cfe2d2ff99a434cd502696c1eb7b2f5daf8d11c5,58faa4377006afb855cb3db77ca0c48382389a321419731c946976e4e1513fd6,native preset; see archived full request
dz-e723a45cb235a0751faa0c4b,DZ,pattern-grid-node,15300.0,7.5,PG1225,0,-4.05,,,COMPLETE_NUMERICAL,completed,Passed the bank numerical checks,2026-10-08,cfe2d2ff99a434cd502696c1eb7b2f5daf8d11c5,58faa4377006afb855cb3db77ca0c48382389a321419731c946976e4e1513fd6,native preset; see archived full request
dz-9b80b23a54ffc3ef4d67f1a1,DZ,pattern-grid-node,18000.0,7.5,PG1225,0,-4.05,,,COMPLETE_NUMERICAL,completed,Passed the bank numerical checks,2026-10-08,cfe2d2ff99a434cd502696c1eb7b2f5daf8d11c5,58faa4377006afb855cb3db77ca0c48382389a321419731c946976e4e1513fd6,native preset; see archived full request
dz-c693ebfdbd55ddfa838cf63a,DZ,pattern-grid-node,20000.0,7.5,PG1225,0,-4.05,,,COMPLETE_NUMERICAL,completed,Passed the bank numerical checks,2026-10-08,cfe2d2ff99a434cd502696c1eb7b2f5daf8d11c5,58faa4377006afb855cb3db77ca0c48382389a321419731c946976e4e1513fd6,native preset; see archived full request
dz-2e1843d09832567b44281d95,DZ,pattern-grid-node,25000.0,7.5,PG1225,0,-4.05,,,COMPLETE_NUMERICAL,completed,Passed the bank numerical checks,2026-10-08,cfe2d2ff99a434cd502696c1eb7b2f5daf8d11c5,58faa4377006afb855cb3db77ca0c48382389a321419731c946976e4e1513fd6,native preset; see archived full request
dz-972f128221acdfef09a8e339,DZ,pattern-grid-node,30000.0,7.5,PG1225,0,-4.05,,,COMPLETE_NUMERICAL,completed,Passed the bank numerical checks,2026-10-08,cfe2d2ff99a434cd502696c1eb7b2f5daf8d11c5,58faa4377006afb855cb3db77ca0c48382389a321419731c946976e4e1513fd6,native preset; see archived full request
dz-268f20082c182cb7ccdbfdb6,DZ,pattern-grid-node,40000.0,7.5,PG1225,0,-4.05,,,COMPLETE_NUMERICAL,completed,Passed the bank numerical checks,2026-10-08,cfe2d2ff99a434cd502696c1eb7b2f5daf8d11c5,58faa4377006afb855cb3db77ca0c48382389a321419731c946976e4e1513fd6,native preset; see archived full request
dz-99bc364c759470b0f2d17c37,DZ,pattern-grid-node,60000.0,7.5,PG1225,0,-4.05,,,COMPLETE_NUMERICAL,completed,Passed the bank numerical checks,2026-10-08,cfe2d2ff99a434cd502696c1eb7b2f5daf8d11c5,58faa4377006afb855cb3db77ca0c48382389a321419731c946976e4e1513fd6,native preset; see archived full request
dz-1c0f8640319758a8b09e53c7,DZ,pattern-grid-node,6000.0,8.5,PG1225,0,-4.05,,,COMPLETE_NUMERICAL,completed,Passed the bank numerical checks,2026-10-08,cfe2d2ff99a434cd502696c1eb7b2f5daf8d11c5,58faa4377006afb855cb3db77ca0c48382389a321419731c946976e4e1513fd6,native preset; see archived full request
dz-d0817dbb78e9b25559dc1b2f,DZ,pattern-grid-node,8000.0,8.5,PG1225,0,-4.05,,,COMPLETE_NUMERICAL,completed,Passed the bank numerical checks,2026-10-08,cfe2d2ff99a434cd502696c1eb7b2f5daf8d11c5,58faa4377006afb855cb3db77ca0c48382389a321419731c946976e4e1513fd6,native preset; see archived full request
dz-9f84c618a0fd977ca22718dd,DZ,pattern-grid-node,10000.0,8.5,PG1225,0,-4.05,,,COMPLETE_NUMERICAL,completed,Passed the bank numerical checks,2026-10-08,cfe2d2ff99a434cd502696c1eb7b2f5daf8d11c5,58faa4377006afb855cb3db77ca0c48382389a321419731c946976e4e1513fd6,native preset; see archived full request
dz-5c25c98b8a434549e8011095,DZ,pattern-grid-node,10800.0,8.5,PG1225,0,-4.05,,,COMPLETE_NUMERICAL,completed,Passed the bank numerical checks,2026-10-08,cfe2d2ff99a434cd502696c1eb7b2f5daf8d11c5,58faa4377006afb855cb3db77ca0c48382389a321419731c946976e4e1513fd6,native preset; see archived full request
dz-60d1a0e3b43860bc08ce09d0,DZ,pattern-grid-node,12000.0,8.5,PG1225,0,-4.05,,,COMPLETE_NUMERICAL,completed,Passed the bank numerical checks,2026-10-08,cfe2d2ff99a434cd502696c1eb7b2f5daf8d11c5,58faa4377006afb855cb3db77ca0c48382389a321419731c946976e4e1513fd6,native preset; see archived full request
dz-90002634e2a811dea092e60d,DZ,pattern-grid-node,13950.0,8.5,PG1225,0,-4.05,,,TIMEOUT,timed_out,Resource cap reached; no physical failure inferred,2026-10-08,cfe2d2ff99a434cd502696c1eb7b2f5daf8d11c5,58faa4377006afb855cb3db77ca0c48382389a321419731c946976e4e1513fd6,native preset; see archived full request
dz-0b1b34984ed89b405cd0a83e,DZ,pattern-grid-node,15300.0,8.5,PG1225,0,-4.05,,,COMPLETE_NUMERICAL,completed,Passed the bank numerical checks,2026-10-08,cfe2d2ff99a434cd502696c1eb7b2f5daf8d11c5,58faa4377006afb855cb3db77ca0c48382389a321419731c946976e4e1513fd6,native preset; see archived full request
dz-7f9a81357405d1f629954b4c,DZ,pattern-grid-node,18000.0,8.5,PG1225,0,-4.05,,,COMPLETE_NUMERICAL,completed,Passed the bank numerical checks,2026-10-08,cfe2d2ff99a434cd502696c1eb7b2f5daf8d11c5,58faa4377006afb855cb3db77ca0c48382389a321419731c946976e4e1513fd6,native preset; see archived full request
dz-0c4d4885416e1e9a3a96b177,DZ,pattern-grid-node,20000.0,8.5,PG1225,0,-4.05,,,COMPLETE_NUMERICAL,completed,Passed the bank numerical checks,2026-10-08,cfe2d2ff99a434cd502696c1eb7b2f5daf8d11c5,58faa4377006afb855cb3db77ca0c48382389a321419731c946976e4e1513fd6,native preset; see archived full request
dz-31a19f8fb832d802fe7a3e3c,DZ,pattern-grid-node,25000.0,8.5,PG1225,0,-4.05,,,COMPLETE_NUMERICAL,completed,Passed the bank numerical checks,2026-10-08,cfe2d2ff99a434cd502696c1eb7b2f5daf8d11c5,58faa4377006afb855cb3db77ca0c48382389a321419731c946976e4e1513fd6,native preset; see archived full request
dz-3abab17bd7b0d8a2acba2cec,DZ,pattern-grid-node,30000.0,8.5,PG1225,0,-4.05,,,COMPLETE_NUMERICAL,completed,Passed the bank numerical checks,2026-10-08,cfe2d2ff99a434cd502696c1eb7b2f5daf8d11c5,58faa4377006afb855cb3db77ca0c48382389a321419731c946976e4e1513fd6,native preset; see archived full request
dz-0bde33ce906d4986224f640e,DZ,pattern-grid-node,40000.0,8.5,PG1225,0,-4.05,,,COMPLETE_NUMERICAL,completed,Passed the bank numerical checks,2026-10-08,cfe2d2ff99a434cd502696c1eb7b2f5daf8d11c5,58faa4377006afb855cb3db77ca0c48382389a321419731c946976e4e1513fd6,native preset; see archived full request
dz-dfa9f289855c9eae7c585630,DZ,pattern-grid-node,60000.0,8.5,PG1225,0,-4.05,,,COMPLETE_NUMERICAL,completed,Passed the bank numerical checks,2026-10-08,cfe2d2ff99a434cd502696c1eb7b2f5daf8d11c5,58faa4377006afb855cb3db77ca0c48382389a321419731c946976e4e1513fd6,native preset; see archived full request
dz-10fdf437dd37c39d4faa98bf,DZ,pattern-grid-node,6000.0,7.0,PG1225,0,-4.05,,,COMPLETE_NUMERICAL,completed,Passed the bank numerical checks,2026-10-08,cfe2d2ff99a434cd502696c1eb7b2f5daf8d11c5,58faa4377006afb855cb3db77ca0c48382389a321419731c946976e4e1513fd6,native preset; see archived full request
dz-c1f3d8b62a8c141d0efbb1b6,DZ,pattern-grid-node,8000.0,7.0,PG1225,0,-4.05,,,COMPLETE_NUMERICAL,completed,Passed the bank numerical checks,2026-10-08,cfe2d2ff99a434cd502696c1eb7b2f5daf8d11c5,58faa4377006afb855cb3db77ca0c48382389a321419731c946976e4e1513fd6,native preset; see archived full request
dz-d670d6262f58855f0032680f,DZ,pattern-grid-node,10000.0,7.0,PG1225,0,-4.05,,,COMPLETE_NUMERICAL,completed,Passed the bank numerical checks,2026-10-08,cfe2d2ff99a434cd502696c1eb7b2f5daf8d11c5,58faa4377006afb855cb3db77ca0c48382389a321419731c946976e4e1513fd6,native preset; see archived full request
dz-a14ae790a060a246c7d2773e,DZ,pattern-grid-node,10800.0,7.0,PG1225,0,-4.05,,,COMPLETE_NUMERICAL,completed,Passed the bank numerical checks,2026-10-08,cfe2d2ff99a434cd502696c1eb7b2f5daf8d11c5,58faa4377006afb855cb3db77ca0c48382389a321419731c946976e4e1513fd6,native preset; see archived full request
dz-d7d6754531e46a2ba316d6dd,DZ,pattern-grid-node,12000.0,7.0,PG1225,0,-4.05,,,COMPLETE_NUMERICAL,completed,Passed the bank numerical checks,2026-10-08,cfe2d2ff99a434cd502696c1eb7b2f5daf8d11c5,58faa4377006afb855cb3db77ca0c48382389a321419731c946976e4e1513fd6,native preset; see archived full request
dz-22b3c93fbe7e630aabbfa463,DZ,pattern-grid-node,13950.0,7.0,PG1225,0,-4.05,,,COMPLETE_NUMERICAL,completed,Passed the bank numerical checks,2026-10-08,cfe2d2ff99a434cd502696c1eb7b2f5daf8d11c5,58faa4377006afb855cb3db77ca0c48382389a321419731c946976e4e1513fd6,native preset; see archived full request
dz-9727a1a0aef7e92fafe9615b,DZ,pattern-grid-node,15300.0,7.0,PG1225,0,-4.05,,,COMPLETE_NUMERICAL,completed,Passed the bank numerical checks,2026-10-08,cfe2d2ff99a434cd502696c1eb7b2f5daf8d11c5,58faa4377006afb855cb3db77ca0c48382389a321419731c946976e4e1513fd6,native preset; see archived full request
dz-b66f305248036ab5009abe00,DZ,pattern-grid-node,18000.0,7.0,PG1225,0,-4.05,,,COMPLETE_NUMERICAL,completed,Passed the bank numerical checks,2026-10-08,cfe2d2ff99a434cd502696c1eb7b2f5daf8d11c5,58faa4377006afb855cb3db77ca0c48382389a321419731c946976e4e1513fd6,native preset; see archived full request
dz-17d2361fb67e408881e68d47,DZ,pattern-grid-node,20000.0,7.0,PG1225,0,-4.05,,,COMPLETE_NUMERICAL,completed,Passed the bank numerical checks,2026-10-08,cfe2d2ff99a434cd502696c1eb7b2f5daf8d11c5,58faa4377006afb855cb3db77ca0c48382389a321419731c946976e4e1513fd6,native preset; see archived full request
dz-6fb9b52bcb7ea03bfe30a5eb,DZ,pattern-grid-node,25000.0,7.0,PG1225,0,-4.05,,,COMPLETE_NUMERICAL,completed,Passed the bank numerical checks,2026-10-08,cfe2d2ff99a434cd502696c1eb7b2f5daf8d11c5,58faa4377006afb855cb3db77ca0c48382389a321419731c946976e4e1513fd6,native preset; see archived full request
dz-5575e2f4e8f1b0ad4ff21983,DZ,pattern-grid-node,30000.0,7.0,PG1225,0,-4.05,,,COMPLETE_NUMERICAL,completed,Passed the bank numerical checks,2026-10-08,cfe2d2ff99a434cd502696c1eb7b2f5daf8d11c5,58faa4377006afb855cb3db77ca0c48382389a321419731c946976e4e1513fd6,native preset; see archived full request
dz-89c656f84ba7d599825ad3d5,DZ,pattern-grid-node,40000.0,7.0,PG1225,0,-4.05,,,COMPLETE_NUMERICAL,completed,Passed the bank numerical checks,2026-10-08,cfe2d2ff99a434cd502696c1eb7b2f5daf8d11c5,58faa4377006afb855cb3db77ca0c48382389a321419731c946976e4e1513fd6,native preset; see archived full request
dz-95e6e968c53194ad21fa75ae,DZ,pattern-grid-node,60000.0,7.0,PG1225,0,-4.05,,,COMPLETE_NUMERICAL,completed,Passed the bank numerical checks,2026-10-08,cfe2d2ff99a434cd502696c1eb7b2f5daf8d11c5,58faa4377006afb855cb3db77ca0c48382389a321419731c946976e4e1513fd6,native preset; see archived full request
dz-287a4a3c2b39a59fce49d47e,DZ,pattern-grid-node,6000.0,9.0,PG1225,0,-4.05,,,COMPLETE_NUMERICAL,completed,Passed the bank numerical checks,2026-10-08,cfe2d2ff99a434cd502696c1eb7b2f5daf8d11c5,58faa4377006afb855cb3db77ca0c48382389a321419731c946976e4e1513fd6,native preset; see archived full request
dz-d98d8fe544a934b7d54db85e,DZ,pattern-grid-node,8000.0,9.0,PG1225,0,-4.05,,,TIMEOUT,timed_out,Resource cap reached; no physical failure inferred,2026-10-08,cfe2d2ff99a434cd502696c1eb7b2f5daf8d11c5,58faa4377006afb855cb3db77ca0c48382389a321419731c946976e4e1513fd6,native preset; see archived full request
dz-5746155d97c41a219fc7ee9c,DZ,pattern-grid-node,10000.0,9.0,PG1225,0,-4.05,,,COMPLETE_NUMERICAL,completed,Passed the bank numerical checks,2026-10-08,cfe2d2ff99a434cd502696c1eb7b2f5daf8d11c5,58faa4377006afb855cb3db77ca0c48382389a321419731c946976e4e1513fd6,native preset; see archived full request
dz-52f0b9083d49afd21be5724f,DZ,pattern-grid-node,10800.0,9.0,PG1225,0,-4.05,,,COMPLETE_NUMERICAL,completed,Passed the bank numerical checks,2026-10-08,cfe2d2ff99a434cd502696c1eb7b2f5daf8d11c5,58faa4377006afb855cb3db77ca0c48382389a321419731c946976e4e1513fd6,native preset; see archived full request
dz-3c38b2b73a290d04bce2236b,DZ,pattern-grid-node,12000.0,9.0,PG1225,0,-4.05,,,COMPLETE_NUMERICAL,completed,Passed the bank numerical checks,2026-10-08,cfe2d2ff99a434cd502696c1eb7b2f5daf8d11c5,58faa4377006afb855cb3db77ca0c48382389a321419731c946976e4e1513fd6,native preset; see archived full request
dz-fb9a4eb5447acf9ba04bf3d2,DZ,pattern-grid-node,13950.0,9.0,PG1225,0,-4.05,,,TIMEOUT,timed_out,Resource cap reached; no physical failure inferred,2026-10-08,cfe2d2ff99a434cd502696c1eb7b2f5daf8d11c5,58faa4377006afb855cb3db77ca0c48382389a321419731c946976e4e1513fd6,native preset; see archived full request
dz-4d52488684cc5630e3fb1cc8,DZ,pattern-grid-node,15300.0,9.0,PG1225,0,-4.05,,,COMPLETE_NUMERICAL,completed,Passed the bank numerical checks,2026-10-08,cfe2d2ff99a434cd502696c1eb7b2f5daf8d11c5,58faa4377006afb855cb3db77ca0c48382389a321419731c946976e4e1513fd6,native preset; see archived full request
dz-e86ea07b4fb4b308f49bd276,DZ,pattern-grid-node,18000.0,9.0,PG1225,0,-4.05,,,COMPLETE_NUMERICAL,completed,Passed the bank numerical checks,2026-10-08,cfe2d2ff99a434cd502696c1eb7b2f5daf8d11c5,58faa4377006afb855cb3db77ca0c48382389a321419731c946976e4e1513fd6,native preset; see archived full request
dz-a125ab3a3b47ddb2b850fd66,DZ,pattern-grid-node,20000.0,9.0,PG1225,0,-4.05,,,COMPLETE_NUMERICAL,completed,Passed the bank numerical checks,2026-10-08,cfe2d2ff99a434cd502696c1eb7b2f5daf8d11c5,58faa4377006afb855cb3db77ca0c48382389a321419731c946976e4e1513fd6,native preset; see archived full request
dz-4a47bdb8fc7e9fdf4de31842,DZ,pattern-grid-node,25000.0,9.0,PG1225,0,-4.05,,,COMPLETE_NUMERICAL,completed,Passed the bank numerical checks,2026-10-08,cfe2d2ff99a434cd502696c1eb7b2f5daf8d11c5,58faa4377006afb855cb3db77ca0c48382389a321419731c946976e4e1513fd6,native preset; see archived full request
dz-0b0a435631712ad7f6ec1835,DZ,pattern-grid-node,30000.0,9.0,PG1225,0,-4.05,,,COMPLETE_NUMERICAL,completed,Passed the bank numerical checks,2026-10-08,cfe2d2ff99a434cd502696c1eb7b2f5daf8d11c5,58faa4377006afb855cb3db77ca0c48382389a321419731c946976e4e1513fd6,native preset; see archived full request
dz-4303b45c260b75571420b136,DZ,pattern-grid-node,40000.0,9.0,PG1225,0,-4.05,,,COMPLETE_NUMERICAL,completed,Passed the bank numerical checks,2026-10-08,cfe2d2ff99a434cd502696c1eb7b2f5daf8d11c5,58faa4377006afb855cb3db77ca0c48382389a321419731c946976e4e1513fd6,native preset; see archived full request
dz-bbbdce0cca4022bbcf7861db,DZ,pattern-grid-node,60000.0,9.0,PG1225,0,-4.05,,,COMPLETE_NUMERICAL,completed,Passed the bank numerical checks,2026-10-08,cfe2d2ff99a434cd502696c1eb7b2f5daf8d11c5,58faa4377006afb855cb3db77ca0c48382389a321419731c946976e4e1513fd6,native preset; see archived full request
dz-be84699d87bb6adc37ee31bd,DZ,pattern-grid-node,6000.0,6.5,PG1225,0,-4.05,,,COMPLETE_NUMERICAL,completed,Passed the bank numerical checks,2026-10-08,cfe2d2ff99a434cd502696c1eb7b2f5daf8d11c5,58faa4377006afb855cb3db77ca0c48382389a321419731c946976e4e1513fd6,native preset; see archived full request
dz-e2a860ada73c8c6fe9c25128,DZ,pattern-grid-node,8000.0,6.5,PG1225,0,-4.05,,,COMPLETE_NUMERICAL,completed,Passed the bank numerical checks,2026-10-08,cfe2d2ff99a434cd502696c1eb7b2f5daf8d11c5,58faa4377006afb855cb3db77ca0c48382389a321419731c946976e4e1513fd6,native preset; see archived full request
dz-225be06c8ababba5e7a8aa7a,DZ,pattern-grid-node,10000.0,6.5,PG1225,0,-4.05,,,COMPLETE_NUMERICAL,completed,Passed the bank numerical checks,2026-10-08,cfe2d2ff99a434cd502696c1eb7b2f5daf8d11c5,58faa4377006afb855cb3db77ca0c48382389a321419731c946976e4e1513fd6,native preset; see archived full request
dz-4a2d8b0e38c297f8d6593bc4,DZ,pattern-grid-node,10800.0,6.5,PG1225,0,-4.05,,,COMPLETE_NUMERICAL,completed,Passed the bank numerical checks,2026-10-08,cfe2d2ff99a434cd502696c1eb7b2f5daf8d11c5,58faa4377006afb855cb3db77ca0c48382389a321419731c946976e4e1513fd6,native preset; see archived full request
dz-0b3520a1a5ca26a37bd80cf9,DZ,pattern-grid-node,12000.0,6.5,PG1225,0,-4.05,,,COMPLETE_NUMERICAL,completed,Passed the bank numerical checks,2026-10-08,cfe2d2ff99a434cd502696c1eb7b2f5daf8d11c5,58faa4377006afb855cb3db77ca0c48382389a321419731c946976e4e1513fd6,native preset; see archived full request
dz-8a8278462f6d387cf8257cee,DZ,pattern-grid-node,13950.0,6.5,PG1225,0,-4.05,,,COMPLETE_NUMERICAL,completed,Passed the bank numerical checks,2026-10-08,cfe2d2ff99a434cd502696c1eb7b2f5daf8d11c5,58faa4377006afb855cb3db77ca0c48382389a321419731c946976e4e1513fd6,native preset; see archived full request
dz-5823860d49400289e4eb9f81,DZ,pattern-grid-node,15300.0,6.5,PG1225,0,-4.05,,,COMPLETE_NUMERICAL,completed,Passed the bank numerical checks,2026-10-08,cfe2d2ff99a434cd502696c1eb7b2f5daf8d11c5,58faa4377006afb855cb3db77ca0c48382389a321419731c946976e4e1513fd6,native preset; see archived full request
dz-172c17b5b86ec6102ec66610,DZ,pattern-grid-node,18000.0,6.5,PG1225,0,-4.05,,,TIMEOUT,timed_out,Resource cap reached; no physical failure inferred,2026-10-08,cfe2d2ff99a434cd502696c1eb7b2f5daf8d11c5,58faa4377006afb855cb3db77ca0c48382389a321419731c946976e4e1513fd6,native preset; see archived full request
dz-60e4fcababd05e78c5803da4,DZ,pattern-grid-node,20000.0,6.5,PG1225,0,-4.05,,,COMPLETE_NUMERICAL,completed,Passed the bank numerical checks,2026-10-08,cfe2d2ff99a434cd502696c1eb7b2f5daf8d11c5,58faa4377006afb855cb3db77ca0c48382389a321419731c946976e4e1513fd6,native preset; see archived full request
dz-7d07c1d3daccb13d2af908c3,DZ,pattern-grid-node,25000.0,6.5,PG1225,0,-4.05,,,COMPLETE_NUMERICAL,completed,Passed the bank numerical checks,2026-10-08,cfe2d2ff99a434cd502696c1eb7b2f5daf8d11c5,58faa4377006afb855cb3db77ca0c48382389a321419731c946976e4e1513fd6,native preset; see archived full request
dz-1b3ef4c5a011438d3e4fc500,DZ,pattern-grid-node,30000.0,6.5,PG1225,0,-4.05,,,COMPLETE_NUMERICAL,completed,Passed the bank numerical checks,2026-10-08,cfe2d2ff99a434cd502696c1eb7b2f5daf8d11c5,58faa4377006afb855cb3db77ca0c48382389a321419731c946976e4e1513fd6,native preset; see archived full request
dz-1b5d466dd421bc4b15ca5561,DZ,pattern-grid-node,40000.0,6.5,PG1225,0,-4.05,,,COMPLETE_NUMERICAL,completed,Passed the bank numerical checks,2026-10-08,cfe2d2ff99a434cd502696c1eb7b2f5daf8d11c5,58faa4377006afb855cb3db77ca0c48382389a321419731c946976e4e1513fd6,native preset; see archived full request
dz-0322ad642bbd6afb2326b909,DZ,pattern-grid-node,60000.0,6.5,PG1225,0,-4.05,,,COMPLETE_NUMERICAL,completed,Passed the bank numerical checks,2026-10-08,cfe2d2ff99a434cd502696c1eb7b2f5daf8d11c5,58faa4377006afb855cb3db77ca0c48382389a321419731c946976e4e1513fd6,native preset; see archived full request
dz-88b0d0819100ced4394dd7e5,DZ,pattern-grid-node,6000.0,9.5,PG1225,0,-4.05,,,TIMEOUT,timed_out,Resource cap reached; no physical failure inferred,2026-10-08,cfe2d2ff99a434cd502696c1eb7b2f5daf8d11c5,58faa4377006afb855cb3db77ca0c48382389a321419731c946976e4e1513fd6,native preset; see archived full request
dz-38da96e7beb5ca0e38c05d66,DZ,pattern-grid-node,8000.0,9.5,PG1225,0,-4.05,,,COMPLETE_NUMERICAL,completed,Passed the bank numerical checks,2026-10-08,cfe2d2ff99a434cd502696c1eb7b2f5daf8d11c5,58faa4377006afb855cb3db77ca0c48382389a321419731c946976e4e1513fd6,native preset; see archived full request
dz-f7f7cfecd11b37d7a3f57191,DZ,pattern-grid-node,10000.0,9.5,PG1225,0,-4.05,,,TIMEOUT,timed_out,Resource cap reached; no physical failure inferred,2026-10-08,cfe2d2ff99a434cd502696c1eb7b2f5daf8d11c5,58faa4377006afb855cb3db77ca0c48382389a321419731c946976e4e1513fd6,native preset; see archived full request
dz-39895596ad87f247a915861c,DZ,pattern-grid-node,10800.0,9.5,PG1225,0,-4.05,,,COMPLETE_NUMERICAL,completed,Passed the bank numerical checks,2026-10-08,cfe2d2ff99a434cd502696c1eb7b2f5daf8d11c5,58faa4377006afb855cb3db77ca0c48382389a321419731c946976e4e1513fd6,native preset; see archived full request
dz-4fb7202fe2fdadbdec3e1059,DZ,pattern-grid-node,12000.0,9.5,PG1225,0,-4.05,,,TIMEOUT,timed_out,Resource cap reached; no physical failure inferred,2026-10-08,cfe2d2ff99a434cd502696c1eb7b2f5daf8d11c5,58faa4377006afb855cb3db77ca0c48382389a321419731c946976e4e1513fd6,native preset; see archived full request
dz-3d75f8bb10aeff90280e45e7,DZ,pattern-grid-node,13950.0,9.5,PG1225,0,-4.05,,,COMPLETE_NUMERICAL,completed,Passed the bank numerical checks,2026-10-08,cfe2d2ff99a434cd502696c1eb7b2f5daf8d11c5,58faa4377006afb855cb3db77ca0c48382389a321419731c946976e4e1513fd6,native preset; see archived full request
dz-482772deae1672f6a4ea25bb,DZ,pattern-grid-node,15300.0,9.5,PG1225,0,-4.05,,,TIMEOUT,timed_out,Resource cap reached; no physical failure inferred,2026-10-08,cfe2d2ff99a434cd502696c1eb7b2f5daf8d11c5,58faa4377006afb855cb3db77ca0c48382389a321419731c946976e4e1513fd6,native preset; see archived full request
dz-dace341e24b009cc6d82adba,DZ,pattern-grid-node,18000.0,9.5,PG1225,0,-4.05,,,COMPLETE_NUMERICAL,completed,Passed the bank numerical checks,2026-10-08,cfe2d2ff99a434cd502696c1eb7b2f5daf8d11c5,58faa4377006afb855cb3db77ca0c48382389a321419731c946976e4e1513fd6,native preset; see archived full request
dz-56807577e4f9b6428ec026c4,DZ,pattern-grid-node,20000.0,9.5,PG1225,0,-4.05,,,COMPLETE_NUMERICAL,completed,Passed the bank numerical checks,2026-10-08,cfe2d2ff99a434cd502696c1eb7b2f5daf8d11c5,58faa4377006afb855cb3db77ca0c48382389a321419731c946976e4e1513fd6,native preset; see archived full request
dz-6f0ed4335003acb5e41c0e6d,DZ,pattern-grid-node,25000.0,9.5,PG1225,0,-4.05,,,COMPLETE_NUMERICAL,completed,Passed the bank numerical checks,2026-10-08,cfe2d2ff99a434cd502696c1eb7b2f5daf8d11c5,58faa4377006afb855cb3db77ca0c48382389a321419731c946976e4e1513fd6,native preset; see archived full request
dz-74c609fb9d658786854b36f1,DZ,pattern-grid-node,30000.0,9.5,PG1225,0,-4.05,,,NUMERICAL_NONCONVERGENCE,numerical_failure,Required equilibrium checks failed; raw reason retained,2026-10-08,cfe2d2ff99a434cd502696c1eb7b2f5daf8d11c5,58faa4377006afb855cb3db77ca0c48382389a321419731c946976e4e1513fd6,native preset; see archived full request
dz-dc2264605c6d14d80e0dba1e,DZ,pattern-grid-node,40000.0,9.5,PG1225,0,-4.05,,,COMPLETE_NUMERICAL,completed,Passed the bank numerical checks,2026-10-08,cfe2d2ff99a434cd502696c1eb7b2f5daf8d11c5,58faa4377006afb855cb3db77ca0c48382389a321419731c946976e4e1513fd6,native preset; see archived full request
dz-c215c9172f2e8ebb53770f51,DZ,pattern-grid-node,60000.0,9.5,PG1225,0,-4.05,,,COMPLETE_NUMERICAL,completed,Passed the bank numerical checks,2026-10-08,cfe2d2ff99a434cd502696c1eb7b2f5daf8d11c5,58faa4377006afb855cb3db77ca0c48382389a321419731c946976e4e1513fd6,native preset; see archived full request
dz-959658e6987fa4f6360cd98d,DZ,metal-scale-probe,10800.0,8.0,PG1225,-2,-4.05,,,COMPLETE_NUMERICAL,completed,Passed the bank numerical checks,2026-10-08,cfe2d2ff99a434cd502696c1eb7b2f5daf8d11c5,58faa4377006afb855cb3db77ca0c48382389a321419731c946976e4e1513fd6,native preset; see archived full request
dz-ad06f6e9e024f31fcc75aab1,DZ,metal-scale-probe,10800.0,8.0,PG1225,-1,-4.05,,,COMPLETE_NUMERICAL,completed,Passed the bank numerical checks,2026-10-08,cfe2d2ff99a434cd502696c1eb7b2f5daf8d11c5,58faa4377006afb855cb3db77ca0c48382389a321419731c946976e4e1513fd6,native preset; see archived full request
dz-b278d47be1e221163427c0d3,DZ,metal-scale-probe,10800.0,8.0,PG1225,-0.5,-4.05,,,COMPLETE_NUMERICAL,completed,Passed the bank numerical checks,2026-10-08,cfe2d2ff99a434cd502696c1eb7b2f5daf8d11c5,58faa4377006afb855cb3db77ca0c48382389a321419731c946976e4e1513fd6,native preset; see archived full request
dz-a6bff798fe556d9618d2bcc9,DZ,metal-scale-probe,10800.0,8.0,PG1225,0.5,-4.05,,,COMPLETE_NUMERICAL,completed,Passed the bank numerical checks,2026-10-08,cfe2d2ff99a434cd502696c1eb7b2f5daf8d11c5,58faa4377006afb855cb3db77ca0c48382389a321419731c946976e4e1513fd6,native preset; see archived full request
dz-76b18ea6a77052fb622a97ee,DZ,metal-scale-probe,10800.0,8.0,PG1225,1,-4.05,,,COMPLETE_NUMERICAL,completed,Passed the bank numerical checks,2026-10-08,cfe2d2ff99a434cd502696c1eb7b2f5daf8d11c5,58faa4377006afb855cb3db77ca0c48382389a321419731c946976e4e1513fd6,native preset; see archived full request
dz-2ae44817c30a18cebedf070b,DZ,metal-scale-probe,10800.0,8.0,PG1225,2,-4.05,,,COMPLETE_NUMERICAL,completed,Passed the bank numerical checks,2026-10-08,cfe2d2ff99a434cd502696c1eb7b2f5daf8d11c5,58faa4377006afb855cb3db77ca0c48382389a321419731c946976e4e1513fd6,native preset; see archived full request
dz-a72cecad7dccfedd3f99bf6f,DZ,hydrogen-probe,10800.0,8.0,PG1225,0,,,,COMPLETE_NUMERICAL,completed,Passed the bank numerical checks,2026-10-08,cfe2d2ff99a434cd502696c1eb7b2f5daf8d11c5,58faa4377006afb855cb3db77ca0c48382389a321419731c946976e4e1513fd6,native preset; see archived full request
dz-d75921acfedb6da2ef8a28dc,DZ,hydrogen-probe,10800.0,8.0,PG1225,0,-8,,,COMPLETE_NUMERICAL,completed,Passed the bank numerical checks,2026-10-08,cfe2d2ff99a434cd502696c1eb7b2f5daf8d11c5,58faa4377006afb855cb3db77ca0c48382389a321419731c946976e4e1513fd6,native preset; see archived full request
dz-82bedc1d86e9a315462ec83b,DZ,hydrogen-probe,10800.0,8.0,PG1225,0,-6,,,COMPLETE_NUMERICAL,completed,Passed the bank numerical checks,2026-10-08,cfe2d2ff99a434cd502696c1eb7b2f5daf8d11c5,58faa4377006afb855cb3db77ca0c48382389a321419731c946976e4e1513fd6,native preset; see archived full request
dz-36101258e1c3c3f1a7bb776d,DZ,hydrogen-probe,10800.0,8.0,PG1225,0,-4,,,COMPLETE_NUMERICAL,completed,Passed the bank numerical checks,2026-10-08,cfe2d2ff99a434cd502696c1eb7b2f5daf8d11c5,58faa4377006afb855cb3db77ca0c48382389a321419731c946976e4e1513fd6,native preset; see archived full request
dz-dac0ce4a7aa44648fb84aefc,DZ,hydrogen-probe,10800.0,8.0,PG1225,0,-2,,,TIMEOUT,timed_out,Resource cap reached; no physical failure inferred,2026-10-08,cfe2d2ff99a434cd502696c1eb7b2f5daf8d11c5,58faa4377006afb855cb3db77ca0c48382389a321419731c946976e4e1513fd6,native preset; see archived full request
dz-423656be559a012da3c453e6,DZ,hydrogen-probe,10800.0,8.0,PG1225,0,-1,,,COMPLETE_NUMERICAL,completed,Passed the bank numerical checks,2026-10-08,cfe2d2ff99a434cd502696c1eb7b2f5daf8d11c5,58faa4377006afb855cb3db77ca0c48382389a321419731c946976e4e1513fd6,native preset; see archived full request
dz-98da3204250247e8e1cc8d5d,DZ,heldout,7000.0,7.25,PG1225,-0.25,-4.05,,,TIMEOUT,timed_out,Resource cap reached; no physical failure inferred,2026-10-08,cfe2d2ff99a434cd502696c1eb7b2f5daf8d11c5,58faa4377006afb855cb3db77ca0c48382389a321419731c946976e4e1513fd6,native preset; see archived full request
dz-3c416dace1a1a1cc7d8d3bc5,DZ,heldout,11000.0,8.25,PG1225,-0.25,-4.05,,,TIMEOUT,timed_out,Resource cap reached; no physical failure inferred,2026-10-08,cfe2d2ff99a434cd502696c1eb7b2f5daf8d11c5,58faa4377006afb855cb3db77ca0c48382389a321419731c946976e4e1513fd6,native preset; see archived full request
dz-14562fddfe12dac36fe0b00c,DZ,heldout,16000.0,8.75,PG1225,-0.25,-4.05,,,COMPLETE_NUMERICAL,completed,Passed the bank numerical checks,2026-10-08,cfe2d2ff99a434cd502696c1eb7b2f5daf8d11c5,58faa4377006afb855cb3db77ca0c48382389a321419731c946976e4e1513fd6,native preset; see archived full request
dz-687906ab672a1f03cb900c35,DZ,heldout,35000.0,7.75,PG1225,-0.25,-4.05,,,COMPLETE_NUMERICAL,completed,Passed the bank numerical checks,2026-10-08,cfe2d2ff99a434cd502696c1eb7b2f5daf8d11c5,58faa4377006afb855cb3db77ca0c48382389a321419731c946976e4e1513fd6,native preset; see archived full request
dz-e0791f8bcd9d594cb13e549e,DZ,object-anchor,13950.0,8.4,J0738,0,-5.73,,,COMPLETE_NUMERICAL,completed,Passed the bank numerical checks,2026-10-08,cfe2d2ff99a434cd502696c1eb7b2f5daf8d11c5,58faa4377006afb855cb3db77ca0c48382389a321419731c946976e4e1513fd6,native preset; see archived full request
dz-475917bc4f1ae5fbfc2cdfe6,DZ,pattern-grid-node,6000.0,8.0,J0738,0,-5.73,,,COMPLETE_NUMERICAL,completed,Passed the bank numerical checks,2026-10-08,cfe2d2ff99a434cd502696c1eb7b2f5daf8d11c5,58faa4377006afb855cb3db77ca0c48382389a321419731c946976e4e1513fd6,native preset; see archived full request
dz-c4f636b75d52cf99035bd22e,DZ,pattern-grid-node,8000.0,8.0,J0738,0,-5.73,,,COMPLETE_NUMERICAL,completed,Passed the bank numerical checks,2026-10-08,cfe2d2ff99a434cd502696c1eb7b2f5daf8d11c5,58faa4377006afb855cb3db77ca0c48382389a321419731c946976e4e1513fd6,native preset; see archived full request
dz-91e86e215813b3c053ede623,DZ,pattern-grid-node,10000.0,8.0,J0738,0,-5.73,,,COMPLETE_NUMERICAL,completed,Passed the bank numerical checks,2026-10-08,cfe2d2ff99a434cd502696c1eb7b2f5daf8d11c5,58faa4377006afb855cb3db77ca0c48382389a321419731c946976e4e1513fd6,native preset; see archived full request
dz-5265e7681e0db84213eef467,DZ,pattern-grid-node,10800.0,8.0,J0738,0,-5.73,,,COMPLETE_NUMERICAL,completed,Passed the bank numerical checks,2026-10-08,cfe2d2ff99a434cd502696c1eb7b2f5daf8d11c5,58faa4377006afb855cb3db77ca0c48382389a321419731c946976e4e1513fd6,native preset; see archived full request
dz-c5f4c20e854b3fc3f03fb99d,DZ,pattern-grid-node,12000.0,8.0,J0738,0,-5.73,,,COMPLETE_NUMERICAL,completed,Passed the bank numerical checks,2026-10-08,cfe2d2ff99a434cd502696c1eb7b2f5daf8d11c5,58faa4377006afb855cb3db77ca0c48382389a321419731c946976e4e1513fd6,native preset; see archived full request
dz-38f7e4e593ad533423ff0190,DZ,pattern-grid-node,13950.0,8.0,J0738,0,-5.73,,,COMPLETE_NUMERICAL,completed,Passed the bank numerical checks,2026-10-08,cfe2d2ff99a434cd502696c1eb7b2f5daf8d11c5,58faa4377006afb855cb3db77ca0c48382389a321419731c946976e4e1513fd6,native preset; see archived full request
dz-262750fdafdd249c7a67ddf3,DZ,pattern-grid-node,15300.0,8.0,J0738,0,-5.73,,,COMPLETE_NUMERICAL,completed,Passed the bank numerical checks,2026-10-08,cfe2d2ff99a434cd502696c1eb7b2f5daf8d11c5,58faa4377006afb855cb3db77ca0c48382389a321419731c946976e4e1513fd6,native preset; see archived full request
dz-d4f228435b3ee5e4dd61de54,DZ,pattern-grid-node,18000.0,8.0,J0738,0,-5.73,,,COMPLETE_NUMERICAL,completed,Passed the bank numerical checks,2026-10-08,cfe2d2ff99a434cd502696c1eb7b2f5daf8d11c5,58faa4377006afb855cb3db77ca0c48382389a321419731c946976e4e1513fd6,native preset; see archived full request
dz-b9a86766e2ad997fb6c76499,DZ,pattern-grid-node,20000.0,8.0,J0738,0,-5.73,,,COMPLETE_NUMERICAL,completed,Passed the bank numerical checks,2026-10-08,cfe2d2ff99a434cd502696c1eb7b2f5daf8d11c5,58faa4377006afb855cb3db77ca0c48382389a321419731c946976e4e1513fd6,native preset; see archived full request
dz-ac78fb5d951aa7c2a8bdb80f,DZ,pattern-grid-node,25000.0,8.0,J0738,0,-5.73,,,COMPLETE_NUMERICAL,completed,Passed the bank numerical checks,2026-10-08,cfe2d2ff99a434cd502696c1eb7b2f5daf8d11c5,58faa4377006afb855cb3db77ca0c48382389a321419731c946976e4e1513fd6,native preset; see archived full request
dz-3d326b9d71ec4fab83569ea4,DZ,pattern-grid-node,30000.0,8.0,J0738,0,-5.73,,,COMPLETE_NUMERICAL,completed,Passed the bank numerical checks,2026-10-08,cfe2d2ff99a434cd502696c1eb7b2f5daf8d11c5,58faa4377006afb855cb3db77ca0c48382389a321419731c946976e4e1513fd6,native preset; see archived full request
dz-63ce1ed2704a494f70602512,DZ,pattern-grid-node,40000.0,8.0,J0738,0,-5.73,,,COMPLETE_NUMERICAL,completed,Passed the bank numerical checks,2026-10-08,cfe2d2ff99a434cd502696c1eb7b2f5daf8d11c5,58faa4377006afb855cb3db77ca0c48382389a321419731c946976e4e1513fd6,native preset; see archived full request
dz-7084be7b5b2ad97609402bba,DZ,pattern-grid-node,60000.0,8.0,J0738,0,-5.73,,,COMPLETE_NUMERICAL,completed,Passed the bank numerical checks,2026-10-08,cfe2d2ff99a434cd502696c1eb7b2f5daf8d11c5,58faa4377006afb855cb3db77ca0c48382389a321419731c946976e4e1513fd6,native preset; see archived full request
dz-5cb06665459826bc4b4b2e02,DZ,pattern-grid-node,6000.0,7.5,J0738,0,-5.73,,,COMPLETE_NUMERICAL,completed,Passed the bank numerical checks,2026-10-08,cfe2d2ff99a434cd502696c1eb7b2f5daf8d11c5,58faa4377006afb855cb3db77ca0c48382389a321419731c946976e4e1513fd6,native preset; see archived full request
dz-9472ac324b3599585c380c19,DZ,pattern-grid-node,8000.0,7.5,J0738,0,-5.73,,,COMPLETE_NUMERICAL,completed,Passed the bank numerical checks,2026-10-08,cfe2d2ff99a434cd502696c1eb7b2f5daf8d11c5,58faa4377006afb855cb3db77ca0c48382389a321419731c946976e4e1513fd6,native preset; see archived full request
dz-23432115aa8282408e67766f,DZ,pattern-grid-node,10000.0,7.5,J0738,0,-5.73,,,COMPLETE_NUMERICAL,completed,Passed the bank numerical checks,2026-10-08,cfe2d2ff99a434cd502696c1eb7b2f5daf8d11c5,58faa4377006afb855cb3db77ca0c48382389a321419731c946976e4e1513fd6,native preset; see archived full request
dz-24e756710dd5682af3455a90,DZ,pattern-grid-node,10800.0,7.5,J0738,0,-5.73,,,COMPLETE_NUMERICAL,completed,Passed the bank numerical checks,2026-10-08,cfe2d2ff99a434cd502696c1eb7b2f5daf8d11c5,58faa4377006afb855cb3db77ca0c48382389a321419731c946976e4e1513fd6,native preset; see archived full request
dz-8c67784a6f2c8403cd470133,DZ,pattern-grid-node,12000.0,7.5,J0738,0,-5.73,,,COMPLETE_NUMERICAL,completed,Passed the bank numerical checks,2026-10-08,cfe2d2ff99a434cd502696c1eb7b2f5daf8d11c5,58faa4377006afb855cb3db77ca0c48382389a321419731c946976e4e1513fd6,native preset; see archived full request
dz-2aa3538766f542748950e9c2,DZ,pattern-grid-node,13950.0,7.5,J0738,0,-5.73,,,COMPLETE_NUMERICAL,completed,Passed the bank numerical checks,2026-10-08,cfe2d2ff99a434cd502696c1eb7b2f5daf8d11c5,58faa4377006afb855cb3db77ca0c48382389a321419731c946976e4e1513fd6,native preset; see archived full request
dz-8c711aabe447c1a3151deafc,DZ,pattern-grid-node,15300.0,7.5,J0738,0,-5.73,,,COMPLETE_NUMERICAL,completed,Passed the bank numerical checks,2026-10-08,cfe2d2ff99a434cd502696c1eb7b2f5daf8d11c5,58faa4377006afb855cb3db77ca0c48382389a321419731c946976e4e1513fd6,native preset; see archived full request
dz-b6ad0caf0ce1675240cbdce0,DZ,pattern-grid-node,18000.0,7.5,J0738,0,-5.73,,,COMPLETE_NUMERICAL,completed,Passed the bank numerical checks,2026-10-08,cfe2d2ff99a434cd502696c1eb7b2f5daf8d11c5,58faa4377006afb855cb3db77ca0c48382389a321419731c946976e4e1513fd6,native preset; see archived full request
dz-d091e620a5eb056a300bd841,DZ,pattern-grid-node,20000.0,7.5,J0738,0,-5.73,,,COMPLETE_NUMERICAL,completed,Passed the bank numerical checks,2026-10-08,cfe2d2ff99a434cd502696c1eb7b2f5daf8d11c5,58faa4377006afb855cb3db77ca0c48382389a321419731c946976e4e1513fd6,native preset; see archived full request
dz-0297a43a2efa1230e8129512,DZ,pattern-grid-node,25000.0,7.5,J0738,0,-5.73,,,COMPLETE_NUMERICAL,completed,Passed the bank numerical checks,2026-10-08,cfe2d2ff99a434cd502696c1eb7b2f5daf8d11c5,58faa4377006afb855cb3db77ca0c48382389a321419731c946976e4e1513fd6,native preset; see archived full request
dz-d98e2d08eeb5e95b0d6bec98,DZ,pattern-grid-node,30000.0,7.5,J0738,0,-5.73,,,COMPLETE_NUMERICAL,completed,Passed the bank numerical checks,2026-10-08,cfe2d2ff99a434cd502696c1eb7b2f5daf8d11c5,58faa4377006afb855cb3db77ca0c48382389a321419731c946976e4e1513fd6,native preset; see archived full request
dz-4495e5c6ba9fbdbc5a31b1be,DZ,pattern-grid-node,40000.0,7.5,J0738,0,-5.73,,,TIMEOUT,timed_out,Resource cap reached; no physical failure inferred,2026-10-08,cfe2d2ff99a434cd502696c1eb7b2f5daf8d11c5,58faa4377006afb855cb3db77ca0c48382389a321419731c946976e4e1513fd6,native preset; see archived full request
dz-2d5d605d3d9399fc51c65d28,DZ,pattern-grid-node,60000.0,7.5,J0738,0,-5.73,,,COMPLETE_NUMERICAL,completed,Passed the bank numerical checks,2026-10-08,cfe2d2ff99a434cd502696c1eb7b2f5daf8d11c5,58faa4377006afb855cb3db77ca0c48382389a321419731c946976e4e1513fd6,native preset; see archived full request
dz-f7da41cfd5341a7d83655e08,DZ,pattern-grid-node,6000.0,8.5,J0738,0,-5.73,,,COMPLETE_NUMERICAL,completed,Passed the bank numerical checks,2026-10-08,cfe2d2ff99a434cd502696c1eb7b2f5daf8d11c5,58faa4377006afb855cb3db77ca0c48382389a321419731c946976e4e1513fd6,native preset; see archived full request
dz-624b98d6faa626d8712e2f9e,DZ,pattern-grid-node,8000.0,8.5,J0738,0,-5.73,,,TIMEOUT,timed_out,Resource cap reached; no physical failure inferred,2026-10-08,cfe2d2ff99a434cd502696c1eb7b2f5daf8d11c5,58faa4377006afb855cb3db77ca0c48382389a321419731c946976e4e1513fd6,native preset; see archived full request
dz-9db37a1fa5ba609d3fd96709,DZ,pattern-grid-node,10000.0,8.5,J0738,0,-5.73,,,COMPLETE_NUMERICAL,completed,Passed the bank numerical checks,2026-10-08,cfe2d2ff99a434cd502696c1eb7b2f5daf8d11c5,58faa4377006afb855cb3db77ca0c48382389a321419731c946976e4e1513fd6,native preset; see archived full request
dz-71cb49c025d04d48474f4111,DZ,pattern-grid-node,10800.0,8.5,J0738,0,-5.73,,,COMPLETE_NUMERICAL,completed,Passed the bank numerical checks,2026-10-08,cfe2d2ff99a434cd502696c1eb7b2f5daf8d11c5,58faa4377006afb855cb3db77ca0c48382389a321419731c946976e4e1513fd6,native preset; see archived full request
dz-6ebea66b0a399e7b5f72822d,DZ,pattern-grid-node,12000.0,8.5,J0738,0,-5.73,,,COMPLETE_NUMERICAL,completed,Passed the bank numerical checks,2026-10-08,cfe2d2ff99a434cd502696c1eb7b2f5daf8d11c5,58faa4377006afb855cb3db77ca0c48382389a321419731c946976e4e1513fd6,native preset; see archived full request
dz-4ed8f2443f45e947aeb03ec5,DZ,pattern-grid-node,13950.0,8.5,J0738,0,-5.73,,,COMPLETE_NUMERICAL,completed,Passed the bank numerical checks,2026-10-08,cfe2d2ff99a434cd502696c1eb7b2f5daf8d11c5,58faa4377006afb855cb3db77ca0c48382389a321419731c946976e4e1513fd6,native preset; see archived full request
dz-42e7d69a71481d0285ded166,DZ,pattern-grid-node,15300.0,8.5,J0738,0,-5.73,,,COMPLETE_NUMERICAL,completed,Passed the bank numerical checks,2026-10-08,cfe2d2ff99a434cd502696c1eb7b2f5daf8d11c5,58faa4377006afb855cb3db77ca0c48382389a321419731c946976e4e1513fd6,native preset; see archived full request
dz-2182282f596384fb52ee979e,DZ,pattern-grid-node,18000.0,8.5,J0738,0,-5.73,,,COMPLETE_NUMERICAL,completed,Passed the bank numerical checks,2026-10-08,cfe2d2ff99a434cd502696c1eb7b2f5daf8d11c5,58faa4377006afb855cb3db77ca0c48382389a321419731c946976e4e1513fd6,native preset; see archived full request
dz-a3345b3b11462e6d179cbc27,DZ,pattern-grid-node,20000.0,8.5,J0738,0,-5.73,,,COMPLETE_NUMERICAL,completed,Passed the bank numerical checks,2026-10-08,cfe2d2ff99a434cd502696c1eb7b2f5daf8d11c5,58faa4377006afb855cb3db77ca0c48382389a321419731c946976e4e1513fd6,native preset; see archived full request
dz-6c4b30f04c4eaeb74c526d01,DZ,pattern-grid-node,25000.0,8.5,J0738,0,-5.73,,,COMPLETE_NUMERICAL,completed,Passed the bank numerical checks,2026-10-08,cfe2d2ff99a434cd502696c1eb7b2f5daf8d11c5,58faa4377006afb855cb3db77ca0c48382389a321419731c946976e4e1513fd6,native preset; see archived full request
dz-0eea63725b1b6329dc5426b4,DZ,pattern-grid-node,30000.0,8.5,J0738,0,-5.73,,,COMPLETE_NUMERICAL,completed,Passed the bank numerical checks,2026-10-08,cfe2d2ff99a434cd502696c1eb7b2f5daf8d11c5,58faa4377006afb855cb3db77ca0c48382389a321419731c946976e4e1513fd6,native preset; see archived full request
dz-b37244f3f8510ebef7d5b4c9,DZ,pattern-grid-node,40000.0,8.5,J0738,0,-5.73,,,TIMEOUT,timed_out,Resource cap reached; no physical failure inferred,2026-10-08,cfe2d2ff99a434cd502696c1eb7b2f5daf8d11c5,58faa4377006afb855cb3db77ca0c48382389a321419731c946976e4e1513fd6,native preset; see archived full request
dz-40667997a4945f6866a70736,DZ,pattern-grid-node,60000.0,8.5,J0738,0,-5.73,,,COMPLETE_NUMERICAL,completed,Passed the bank numerical checks,2026-10-08,cfe2d2ff99a434cd502696c1eb7b2f5daf8d11c5,58faa4377006afb855cb3db77ca0c48382389a321419731c946976e4e1513fd6,native preset; see archived full request
dz-a33932e2d84ae99fa476f1e6,DZ,pattern-grid-node,6000.0,7.0,J0738,0,-5.73,,,COMPLETE_NUMERICAL,completed,Passed the bank numerical checks,2026-10-08,cfe2d2ff99a434cd502696c1eb7b2f5daf8d11c5,58faa4377006afb855cb3db77ca0c48382389a321419731c946976e4e1513fd6,native preset; see archived full request
dz-a4805a6899616bca9fdc887d,DZ,pattern-grid-node,8000.0,7.0,J0738,0,-5.73,,,COMPLETE_NUMERICAL,completed,Passed the bank numerical checks,2026-10-08,cfe2d2ff99a434cd502696c1eb7b2f5daf8d11c5,58faa4377006afb855cb3db77ca0c48382389a321419731c946976e4e1513fd6,native preset; see archived full request
dz-5d91f8e019b550161588ecf7,DZ,pattern-grid-node,10000.0,7.0,J0738,0,-5.73,,,COMPLETE_NUMERICAL,completed,Passed the bank numerical checks,2026-10-08,cfe2d2ff99a434cd502696c1eb7b2f5daf8d11c5,58faa4377006afb855cb3db77ca0c48382389a321419731c946976e4e1513fd6,native preset; see archived full request
dz-5cba4fb10cea653803547668,DZ,pattern-grid-node,10800.0,7.0,J0738,0,-5.73,,,COMPLETE_NUMERICAL,completed,Passed the bank numerical checks,2026-10-08,cfe2d2ff99a434cd502696c1eb7b2f5daf8d11c5,58faa4377006afb855cb3db77ca0c48382389a321419731c946976e4e1513fd6,native preset; see archived full request
dz-cdeb1e40198598ffedeaf357,DZ,pattern-grid-node,12000.0,7.0,J0738,0,-5.73,,,COMPLETE_NUMERICAL,completed,Passed the bank numerical checks,2026-10-08,cfe2d2ff99a434cd502696c1eb7b2f5daf8d11c5,58faa4377006afb855cb3db77ca0c48382389a321419731c946976e4e1513fd6,native preset; see archived full request
dz-d5fc3ae6ab27abcc80ec7458,DZ,pattern-grid-node,13950.0,7.0,J0738,0,-5.73,,,COMPLETE_NUMERICAL,completed,Passed the bank numerical checks,2026-10-08,cfe2d2ff99a434cd502696c1eb7b2f5daf8d11c5,58faa4377006afb855cb3db77ca0c48382389a321419731c946976e4e1513fd6,native preset; see archived full request
dz-a2aa25adc4c02f243a903826,DZ,pattern-grid-node,15300.0,7.0,J0738,0,-5.73,,,COMPLETE_NUMERICAL,completed,Passed the bank numerical checks,2026-10-08,cfe2d2ff99a434cd502696c1eb7b2f5daf8d11c5,58faa4377006afb855cb3db77ca0c48382389a321419731c946976e4e1513fd6,native preset; see archived full request
dz-2adf8c539df2a3d81a3a4a52,DZ,pattern-grid-node,18000.0,7.0,J0738,0,-5.73,,,COMPLETE_NUMERICAL,completed,Passed the bank numerical checks,2026-10-08,cfe2d2ff99a434cd502696c1eb7b2f5daf8d11c5,58faa4377006afb855cb3db77ca0c48382389a321419731c946976e4e1513fd6,native preset; see archived full request
dz-c0aea794d856f4c438da1f7a,DZ,pattern-grid-node,20000.0,7.0,J0738,0,-5.73,,,COMPLETE_NUMERICAL,completed,Passed the bank numerical checks,2026-10-08,cfe2d2ff99a434cd502696c1eb7b2f5daf8d11c5,58faa4377006afb855cb3db77ca0c48382389a321419731c946976e4e1513fd6,native preset; see archived full request
dz-5a23d781184dcdc3b368ffe9,DZ,pattern-grid-node,25000.0,7.0,J0738,0,-5.73,,,COMPLETE_NUMERICAL,completed,Passed the bank numerical checks,2026-10-08,cfe2d2ff99a434cd502696c1eb7b2f5daf8d11c5,58faa4377006afb855cb3db77ca0c48382389a321419731c946976e4e1513fd6,native preset; see archived full request
dz-9e06f89941b3e84ebfc7d301,DZ,pattern-grid-node,30000.0,7.0,J0738,0,-5.73,,,COMPLETE_NUMERICAL,completed,Passed the bank numerical checks,2026-10-08,cfe2d2ff99a434cd502696c1eb7b2f5daf8d11c5,58faa4377006afb855cb3db77ca0c48382389a321419731c946976e4e1513fd6,native preset; see archived full request
dz-c0f291fd7665348dd9be460b,DZ,pattern-grid-node,40000.0,7.0,J0738,0,-5.73,,,NUMERICAL_NONCONVERGENCE,numerical_failure,Required equilibrium checks failed; raw reason retained,2026-10-08,cfe2d2ff99a434cd502696c1eb7b2f5daf8d11c5,58faa4377006afb855cb3db77ca0c48382389a321419731c946976e4e1513fd6,native preset; see archived full request
dz-08359d3a5f8ead072db6dc9c,DZ,pattern-grid-node,60000.0,7.0,J0738,0,-5.73,,,COMPLETE_NUMERICAL,completed,Passed the bank numerical checks,2026-10-08,cfe2d2ff99a434cd502696c1eb7b2f5daf8d11c5,58faa4377006afb855cb3db77ca0c48382389a321419731c946976e4e1513fd6,native preset; see archived full request
dz-6a3da7d5215179d339cf8de4,DZ,pattern-grid-node,6000.0,9.0,J0738,0,-5.73,,,COMPLETE_NUMERICAL,completed,Passed the bank numerical checks,2026-10-08,cfe2d2ff99a434cd502696c1eb7b2f5daf8d11c5,58faa4377006afb855cb3db77ca0c48382389a321419731c946976e4e1513fd6,native preset; see archived full request
dz-fa710e0749909301e2349ed0,DZ,pattern-grid-node,8000.0,9.0,J0738,0,-5.73,,,COMPLETE_NUMERICAL,completed,Passed the bank numerical checks,2026-10-08,cfe2d2ff99a434cd502696c1eb7b2f5daf8d11c5,58faa4377006afb855cb3db77ca0c48382389a321419731c946976e4e1513fd6,native preset; see archived full request
dz-108c9a36585031777f60f463,DZ,pattern-grid-node,10000.0,9.0,J0738,0,-5.73,,,COMPLETE_NUMERICAL,completed,Passed the bank numerical checks,2026-10-08,cfe2d2ff99a434cd502696c1eb7b2f5daf8d11c5,58faa4377006afb855cb3db77ca0c48382389a321419731c946976e4e1513fd6,native preset; see archived full request
dz-f861995f3c89273ff97c5996,DZ,pattern-grid-node,10800.0,9.0,J0738,0,-5.73,,,COMPLETE_NUMERICAL,completed,Passed the bank numerical checks,2026-10-08,cfe2d2ff99a434cd502696c1eb7b2f5daf8d11c5,58faa4377006afb855cb3db77ca0c48382389a321419731c946976e4e1513fd6,native preset; see archived full request
dz-ea4f51a839c44bc7bf002aa8,DZ,pattern-grid-node,12000.0,9.0,J0738,0,-5.73,,,COMPLETE_NUMERICAL,completed,Passed the bank numerical checks,2026-10-08,cfe2d2ff99a434cd502696c1eb7b2f5daf8d11c5,58faa4377006afb855cb3db77ca0c48382389a321419731c946976e4e1513fd6,native preset; see archived full request
dz-7f629e10814d28fe189f92cd,DZ,pattern-grid-node,13950.0,9.0,J0738,0,-5.73,,,COMPLETE_NUMERICAL,completed,Passed the bank numerical checks,2026-10-08,cfe2d2ff99a434cd502696c1eb7b2f5daf8d11c5,58faa4377006afb855cb3db77ca0c48382389a321419731c946976e4e1513fd6,native preset; see archived full request
dz-ded0cdd00e19af2bafd62c64,DZ,pattern-grid-node,15300.0,9.0,J0738,0,-5.73,,,COMPLETE_NUMERICAL,completed,Passed the bank numerical checks,2026-10-08,cfe2d2ff99a434cd502696c1eb7b2f5daf8d11c5,58faa4377006afb855cb3db77ca0c48382389a321419731c946976e4e1513fd6,native preset; see archived full request
dz-63fa34afe4b41bbed6df5c81,DZ,pattern-grid-node,18000.0,9.0,J0738,0,-5.73,,,COMPLETE_NUMERICAL,completed,Passed the bank numerical checks,2026-10-08,cfe2d2ff99a434cd502696c1eb7b2f5daf8d11c5,58faa4377006afb855cb3db77ca0c48382389a321419731c946976e4e1513fd6,native preset; see archived full request
dz-a18a9345080e92330b663348,DZ,pattern-grid-node,20000.0,9.0,J0738,0,-5.73,,,COMPLETE_NUMERICAL,completed,Passed the bank numerical checks,2026-10-08,cfe2d2ff99a434cd502696c1eb7b2f5daf8d11c5,58faa4377006afb855cb3db77ca0c48382389a321419731c946976e4e1513fd6,native preset; see archived full request
dz-eef0ca387dead215a67db961,DZ,pattern-grid-node,25000.0,9.0,J0738,0,-5.73,,,COMPLETE_NUMERICAL,completed,Passed the bank numerical checks,2026-10-08,cfe2d2ff99a434cd502696c1eb7b2f5daf8d11c5,58faa4377006afb855cb3db77ca0c48382389a321419731c946976e4e1513fd6,native preset; see archived full request
dz-5d81e05c0bae9425d61ae29f,DZ,pattern-grid-node,30000.0,9.0,J0738,0,-5.73,,,COMPLETE_NUMERICAL,completed,Passed the bank numerical checks,2026-10-08,cfe2d2ff99a434cd502696c1eb7b2f5daf8d11c5,58faa4377006afb855cb3db77ca0c48382389a321419731c946976e4e1513fd6,native preset; see archived full request
dz-a32fbf007e31e8792c096ad4,DZ,pattern-grid-node,40000.0,9.0,J0738,0,-5.73,,,COMPLETE_NUMERICAL,completed,Passed the bank numerical checks,2026-10-08,cfe2d2ff99a434cd502696c1eb7b2f5daf8d11c5,58faa4377006afb855cb3db77ca0c48382389a321419731c946976e4e1513fd6,native preset; see archived full request
dz-e4d8d76d924417ff7c5e3e33,DZ,pattern-grid-node,60000.0,9.0,J0738,0,-5.73,,,COMPLETE_NUMERICAL,completed,Passed the bank numerical checks,2026-10-08,cfe2d2ff99a434cd502696c1eb7b2f5daf8d11c5,58faa4377006afb855cb3db77ca0c48382389a321419731c946976e4e1513fd6,native preset; see archived full request
dz-bbd5769411f782740d245df6,DZ,pattern-grid-node,6000.0,6.5,J0738,0,-5.73,,,COMPLETE_NUMERICAL,completed,Passed the bank numerical checks,2026-10-08,cfe2d2ff99a434cd502696c1eb7b2f5daf8d11c5,58faa4377006afb855cb3db77ca0c48382389a321419731c946976e4e1513fd6,native preset; see archived full request
dz-f2621492357c7d8f1f393d4e,DZ,pattern-grid-node,8000.0,6.5,J0738,0,-5.73,,,COMPLETE_NUMERICAL,completed,Passed the bank numerical checks,2026-10-08,cfe2d2ff99a434cd502696c1eb7b2f5daf8d11c5,58faa4377006afb855cb3db77ca0c48382389a321419731c946976e4e1513fd6,native preset; see archived full request
dz-631830780df52f63f6ca5e8d,DZ,pattern-grid-node,10000.0,6.5,J0738,0,-5.73,,,COMPLETE_NUMERICAL,completed,Passed the bank numerical checks,2026-10-08,cfe2d2ff99a434cd502696c1eb7b2f5daf8d11c5,58faa4377006afb855cb3db77ca0c48382389a321419731c946976e4e1513fd6,native preset; see archived full request
dz-af3da2aee823293af7853dba,DZ,pattern-grid-node,10800.0,6.5,J0738,0,-5.73,,,COMPLETE_NUMERICAL,completed,Passed the bank numerical checks,2026-10-08,cfe2d2ff99a434cd502696c1eb7b2f5daf8d11c5,58faa4377006afb855cb3db77ca0c48382389a321419731c946976e4e1513fd6,native preset; see archived full request
dz-42ae3a4c6284d9c50c4deca4,DZ,pattern-grid-node,12000.0,6.5,J0738,0,-5.73,,,COMPLETE_NUMERICAL,completed,Passed the bank numerical checks,2026-10-08,cfe2d2ff99a434cd502696c1eb7b2f5daf8d11c5,58faa4377006afb855cb3db77ca0c48382389a321419731c946976e4e1513fd6,native preset; see archived full request
dz-75b27d5b4ffe6ad54f5e4d78,DZ,pattern-grid-node,13950.0,6.5,J0738,0,-5.73,,,COMPLETE_NUMERICAL,completed,Passed the bank numerical checks,2026-10-08,cfe2d2ff99a434cd502696c1eb7b2f5daf8d11c5,58faa4377006afb855cb3db77ca0c48382389a321419731c946976e4e1513fd6,native preset; see archived full request
dz-30191dbef9cea31599372832,DZ,pattern-grid-node,15300.0,6.5,J0738,0,-5.73,,,COMPLETE_NUMERICAL,completed,Passed the bank numerical checks,2026-10-08,cfe2d2ff99a434cd502696c1eb7b2f5daf8d11c5,58faa4377006afb855cb3db77ca0c48382389a321419731c946976e4e1513fd6,native preset; see archived full request
dz-9065fb249b525f5cec760bba,DZ,pattern-grid-node,18000.0,6.5,J0738,0,-5.73,,,TIMEOUT,timed_out,Resource cap reached; no physical failure inferred,2026-10-08,cfe2d2ff99a434cd502696c1eb7b2f5daf8d11c5,58faa4377006afb855cb3db77ca0c48382389a321419731c946976e4e1513fd6,native preset; see archived full request
dz-1b29aec410676151740d0930,DZ,pattern-grid-node,20000.0,6.5,J0738,0,-5.73,,,COMPLETE_NUMERICAL,completed,Passed the bank numerical checks,2026-10-08,cfe2d2ff99a434cd502696c1eb7b2f5daf8d11c5,58faa4377006afb855cb3db77ca0c48382389a321419731c946976e4e1513fd6,native preset; see archived full request
dz-4a72bca8335b2e12d80657b4,DZ,pattern-grid-node,25000.0,6.5,J0738,0,-5.73,,,COMPLETE_NUMERICAL,completed,Passed the bank numerical checks,2026-10-08,cfe2d2ff99a434cd502696c1eb7b2f5daf8d11c5,58faa4377006afb855cb3db77ca0c48382389a321419731c946976e4e1513fd6,native preset; see archived full request
dz-d918aaea9905423d7315758e,DZ,pattern-grid-node,30000.0,6.5,J0738,0,-5.73,,,TIMEOUT,timed_out,Resource cap reached; no physical failure inferred,2026-10-08,cfe2d2ff99a434cd502696c1eb7b2f5daf8d11c5,58faa4377006afb855cb3db77ca0c48382389a321419731c946976e4e1513fd6,native preset; see archived full request
dz-15af936647d97cb8a41c8e9a,DZ,pattern-grid-node,40000.0,6.5,J0738,0,-5.73,,,COMPLETE_NUMERICAL,completed,Passed the bank numerical checks,2026-10-08,cfe2d2ff99a434cd502696c1eb7b2f5daf8d11c5,58faa4377006afb855cb3db77ca0c48382389a321419731c946976e4e1513fd6,native preset; see archived full request
dz-5afa8690e65721159c8cb5d4,DZ,pattern-grid-node,60000.0,6.5,J0738,0,-5.73,,,COMPLETE_NUMERICAL,completed,Passed the bank numerical checks,2026-10-08,cfe2d2ff99a434cd502696c1eb7b2f5daf8d11c5,58faa4377006afb855cb3db77ca0c48382389a321419731c946976e4e1513fd6,native preset; see archived full request
dz-d932f1197d604931c95209fd,DZ,pattern-grid-node,6000.0,9.5,J0738,0,-5.73,,,TIMEOUT,timed_out,Resource cap reached; no physical failure inferred,2026-10-08,cfe2d2ff99a434cd502696c1eb7b2f5daf8d11c5,58faa4377006afb855cb3db77ca0c48382389a321419731c946976e4e1513fd6,native preset; see archived full request
dz-00bcf677848f45675f2dc66c,DZ,pattern-grid-node,8000.0,9.5,J0738,0,-5.73,,,COMPLETE_NUMERICAL,completed,Passed the bank numerical checks,2026-10-08,cfe2d2ff99a434cd502696c1eb7b2f5daf8d11c5,58faa4377006afb855cb3db77ca0c48382389a321419731c946976e4e1513fd6,native preset; see archived full request
dz-a1e83e2713fcb6e484414be0,DZ,pattern-grid-node,10000.0,9.5,J0738,0,-5.73,,,TIMEOUT,timed_out,Resource cap reached; no physical failure inferred,2026-10-08,cfe2d2ff99a434cd502696c1eb7b2f5daf8d11c5,58faa4377006afb855cb3db77ca0c48382389a321419731c946976e4e1513fd6,native preset; see archived full request
dz-054e817eba4cfd9a9b4f7700,DZ,pattern-grid-node,10800.0,9.5,J0738,0,-5.73,,,COMPLETE_NUMERICAL,completed,Passed the bank numerical checks,2026-10-08,cfe2d2ff99a434cd502696c1eb7b2f5daf8d11c5,58faa4377006afb855cb3db77ca0c48382389a321419731c946976e4e1513fd6,native preset; see archived full request
dz-aea1b83f4467d26592367bd6,DZ,pattern-grid-node,12000.0,9.5,J0738,0,-5.73,,,COMPLETE_NUMERICAL,completed,Passed the bank numerical checks,2026-10-08,cfe2d2ff99a434cd502696c1eb7b2f5daf8d11c5,58faa4377006afb855cb3db77ca0c48382389a321419731c946976e4e1513fd6,native preset; see archived full request
dz-ed61f5fe99a3702cdcb20be5,DZ,pattern-grid-node,13950.0,9.5,J0738,0,-5.73,,,COMPLETE_NUMERICAL,completed,Passed the bank numerical checks,2026-10-08,cfe2d2ff99a434cd502696c1eb7b2f5daf8d11c5,58faa4377006afb855cb3db77ca0c48382389a321419731c946976e4e1513fd6,native preset; see archived full request
dz-7c435c3ea21fa0394d537598,DZ,pattern-grid-node,15300.0,9.5,J0738,0,-5.73,,,COMPLETE_NUMERICAL,completed,Passed the bank numerical checks,2026-10-08,cfe2d2ff99a434cd502696c1eb7b2f5daf8d11c5,58faa4377006afb855cb3db77ca0c48382389a321419731c946976e4e1513fd6,native preset; see archived full request
dz-0aec12f51698b74a8208517a,DZ,pattern-grid-node,18000.0,9.5,J0738,0,-5.73,,,COMPLETE_NUMERICAL,completed,Passed the bank numerical checks,2026-10-08,cfe2d2ff99a434cd502696c1eb7b2f5daf8d11c5,58faa4377006afb855cb3db77ca0c48382389a321419731c946976e4e1513fd6,native preset; see archived full request
dz-d973624ee3270d835fe09753,DZ,pattern-grid-node,20000.0,9.5,J0738,0,-5.73,,,COMPLETE_NUMERICAL,completed,Passed the bank numerical checks,2026-10-08,cfe2d2ff99a434cd502696c1eb7b2f5daf8d11c5,58faa4377006afb855cb3db77ca0c48382389a321419731c946976e4e1513fd6,native preset; see archived full request
dz-ae02545f58b02da73ebeaecb,DZ,pattern-grid-node,25000.0,9.5,J0738,0,-5.73,,,COMPLETE_NUMERICAL,completed,Passed the bank numerical checks,2026-10-08,cfe2d2ff99a434cd502696c1eb7b2f5daf8d11c5,58faa4377006afb855cb3db77ca0c48382389a321419731c946976e4e1513fd6,native preset; see archived full request
dz-2b811b55067884ffd99180b1,DZ,pattern-grid-node,30000.0,9.5,J0738,0,-5.73,,,COMPLETE_NUMERICAL,completed,Passed the bank numerical checks,2026-10-08,cfe2d2ff99a434cd502696c1eb7b2f5daf8d11c5,58faa4377006afb855cb3db77ca0c48382389a321419731c946976e4e1513fd6,native preset; see archived full request
dz-f72cd0683df9118cb4db1ce2,DZ,pattern-grid-node,40000.0,9.5,J0738,0,-5.73,,,COMPLETE_NUMERICAL,completed,Passed the bank numerical checks,2026-10-08,cfe2d2ff99a434cd502696c1eb7b2f5daf8d11c5,58faa4377006afb855cb3db77ca0c48382389a321419731c946976e4e1513fd6,native preset; see archived full request
dz-bcec5b11bf2739bb4b6a3a62,DZ,pattern-grid-node,60000.0,9.5,J0738,0,-5.73,,,COMPLETE_NUMERICAL,completed,Passed the bank numerical checks,2026-10-08,cfe2d2ff99a434cd502696c1eb7b2f5daf8d11c5,58faa4377006afb855cb3db77ca0c48382389a321419731c946976e4e1513fd6,native preset; see archived full request
dz-16c5f3edc29e281f57f7be2e,DZ,metal-scale-probe,13950.0,8.4,J0738,-2,-5.73,,,COMPLETE_NUMERICAL,completed,Passed the bank numerical checks,2026-10-08,cfe2d2ff99a434cd502696c1eb7b2f5daf8d11c5,58faa4377006afb855cb3db77ca0c48382389a321419731c946976e4e1513fd6,native preset; see archived full request
dz-6ac7e060d0bbfb9bb670c31e,DZ,metal-scale-probe,13950.0,8.4,J0738,-1,-5.73,,,COMPLETE_NUMERICAL,completed,Passed the bank numerical checks,2026-10-08,cfe2d2ff99a434cd502696c1eb7b2f5daf8d11c5,58faa4377006afb855cb3db77ca0c48382389a321419731c946976e4e1513fd6,native preset; see archived full request
dz-9eb4990c83c88ade1d5eea5f,DZ,metal-scale-probe,13950.0,8.4,J0738,-0.5,-5.73,,,COMPLETE_NUMERICAL,completed,Passed the bank numerical checks,2026-10-08,cfe2d2ff99a434cd502696c1eb7b2f5daf8d11c5,58faa4377006afb855cb3db77ca0c48382389a321419731c946976e4e1513fd6,native preset; see archived full request
dz-b867f6cdf8a1b82280505ce1,DZ,metal-scale-probe,13950.0,8.4,J0738,0.5,-5.73,,,COMPLETE_NUMERICAL,completed,Passed the bank numerical checks,2026-10-08,cfe2d2ff99a434cd502696c1eb7b2f5daf8d11c5,58faa4377006afb855cb3db77ca0c48382389a321419731c946976e4e1513fd6,native preset; see archived full request
dz-b6aa1591d42be0eca1372b33,DZ,metal-scale-probe,13950.0,8.4,J0738,1,-5.73,,,COMPLETE_NUMERICAL,completed,Passed the bank numerical checks,2026-10-08,cfe2d2ff99a434cd502696c1eb7b2f5daf8d11c5,58faa4377006afb855cb3db77ca0c48382389a321419731c946976e4e1513fd6,native preset; see archived full request
dz-7164b4a3c759a332ba3e999d,DZ,metal-scale-probe,13950.0,8.4,J0738,2,-5.73,,,COMPLETE_NUMERICAL,completed,Passed the bank numerical checks,2026-10-08,cfe2d2ff99a434cd502696c1eb7b2f5daf8d11c5,58faa4377006afb855cb3db77ca0c48382389a321419731c946976e4e1513fd6,native preset; see archived full request
dz-22d5367c7ae4e0e0948d55ee,DZ,hydrogen-probe,13950.0,8.4,J0738,0,,,,COMPLETE_NUMERICAL,completed,Passed the bank numerical checks,2026-10-08,cfe2d2ff99a434cd502696c1eb7b2f5daf8d11c5,58faa4377006afb855cb3db77ca0c48382389a321419731c946976e4e1513fd6,native preset; see archived full request
dz-b3f954e2cb35c36e470d0bd5,DZ,hydrogen-probe,13950.0,8.4,J0738,0,-8,,,COMPLETE_NUMERICAL,completed,Passed the bank numerical checks,2026-10-08,cfe2d2ff99a434cd502696c1eb7b2f5daf8d11c5,58faa4377006afb855cb3db77ca0c48382389a321419731c946976e4e1513fd6,native preset; see archived full request
dz-828c03bf8d7913135ace6207,DZ,hydrogen-probe,13950.0,8.4,J0738,0,-6,,,COMPLETE_NUMERICAL,completed,Passed the bank numerical checks,2026-10-08,cfe2d2ff99a434cd502696c1eb7b2f5daf8d11c5,58faa4377006afb855cb3db77ca0c48382389a321419731c946976e4e1513fd6,native preset; see archived full request
dz-c029124e928d80d4878e5970,DZ,hydrogen-probe,13950.0,8.4,J0738,0,-4,,,COMPLETE_NUMERICAL,completed,Passed the bank numerical checks,2026-10-08,cfe2d2ff99a434cd502696c1eb7b2f5daf8d11c5,58faa4377006afb855cb3db77ca0c48382389a321419731c946976e4e1513fd6,native preset; see archived full request
dz-fb2d0c19b5d7cd8edc17bd81,DZ,hydrogen-probe,13950.0,8.4,J0738,0,-2,,,COMPLETE_NUMERICAL,completed,Passed the bank numerical checks,2026-10-08,cfe2d2ff99a434cd502696c1eb7b2f5daf8d11c5,58faa4377006afb855cb3db77ca0c48382389a321419731c946976e4e1513fd6,native preset; see archived full request
dz-f504bf2e0af6ff11e3701093,DZ,hydrogen-probe,13950.0,8.4,J0738,0,-1,,,COMPLETE_NUMERICAL,completed,Passed the bank numerical checks,2026-10-08,cfe2d2ff99a434cd502696c1eb7b2f5daf8d11c5,58faa4377006afb855cb3db77ca0c48382389a321419731c946976e4e1513fd6,native preset; see archived full request
dz-482fe68e99e875fffce56a76,DZ,heldout,7000.0,7.25,J0738,-0.25,-5.73,,,COMPLETE_NUMERICAL,completed,Passed the bank numerical checks,2026-10-08,cfe2d2ff99a434cd502696c1eb7b2f5daf8d11c5,58faa4377006afb855cb3db77ca0c48382389a321419731c946976e4e1513fd6,native preset; see archived full request
dz-20d326ecc3d2efff0663bbb1,DZ,heldout,11000.0,8.25,J0738,-0.25,-5.73,,,COMPLETE_NUMERICAL,completed,Passed the bank numerical checks,2026-10-08,cfe2d2ff99a434cd502696c1eb7b2f5daf8d11c5,58faa4377006afb855cb3db77ca0c48382389a321419731c946976e4e1513fd6,native preset; see archived full request
dz-dac5c5e427f8582848613caa,DZ,heldout,16000.0,8.75,J0738,-0.25,-5.73,,,COMPLETE_NUMERICAL,completed,Passed the bank numerical checks,2026-10-08,cfe2d2ff99a434cd502696c1eb7b2f5daf8d11c5,58faa4377006afb855cb3db77ca0c48382389a321419731c946976e4e1513fd6,native preset; see archived full request
dz-dce7df29fe5d48b829660486,DZ,heldout,35000.0,7.75,J0738,-0.25,-5.73,,,COMPLETE_NUMERICAL,completed,Passed the bank numerical checks,2026-10-08,cfe2d2ff99a434cd502696c1eb7b2f5daf8d11c5,58faa4377006afb855cb3db77ca0c48382389a321419731c946976e4e1513fd6,native preset; see archived full request
dz-2c9c87c371e448578c089620,DZ,object-anchor,15300.0,8.0,GD40,0,-6.16,,,COMPLETE_NUMERICAL,completed,Passed the bank numerical checks,2026-10-08,cfe2d2ff99a434cd502696c1eb7b2f5daf8d11c5,58faa4377006afb855cb3db77ca0c48382389a321419731c946976e4e1513fd6,native preset; see archived full request
dz-724576adf3190a37c68f5aa8,DZ,pattern-grid-node,6000.0,8.0,GD40,0,-6.16,,,TIMEOUT,timed_out,Resource cap reached; no physical failure inferred,2026-10-08,cfe2d2ff99a434cd502696c1eb7b2f5daf8d11c5,58faa4377006afb855cb3db77ca0c48382389a321419731c946976e4e1513fd6,native preset; see archived full request
dz-e98fc5dc3ed1c3a263df4a84,DZ,pattern-grid-node,8000.0,8.0,GD40,0,-6.16,,,COMPLETE_NUMERICAL,completed,Passed the bank numerical checks,2026-10-08,cfe2d2ff99a434cd502696c1eb7b2f5daf8d11c5,58faa4377006afb855cb3db77ca0c48382389a321419731c946976e4e1513fd6,native preset; see archived full request
dz-88cc4093721109a7b0df915f,DZ,pattern-grid-node,10000.0,8.0,GD40,0,-6.16,,,COMPLETE_NUMERICAL,completed,Passed the bank numerical checks,2026-10-08,cfe2d2ff99a434cd502696c1eb7b2f5daf8d11c5,58faa4377006afb855cb3db77ca0c48382389a321419731c946976e4e1513fd6,native preset; see archived full request
dz-8f7249f2bd8dccf1e24194ba,DZ,pattern-grid-node,10800.0,8.0,GD40,0,-6.16,,,COMPLETE_NUMERICAL,completed,Passed the bank numerical checks,2026-10-08,cfe2d2ff99a434cd502696c1eb7b2f5daf8d11c5,58faa4377006afb855cb3db77ca0c48382389a321419731c946976e4e1513fd6,native preset; see archived full request
dz-df6b5ad0d394e6f911945f87,DZ,pattern-grid-node,12000.0,8.0,GD40,0,-6.16,,,COMPLETE_NUMERICAL,completed,Passed the bank numerical checks,2026-10-08,cfe2d2ff99a434cd502696c1eb7b2f5daf8d11c5,58faa4377006afb855cb3db77ca0c48382389a321419731c946976e4e1513fd6,native preset; see archived full request
dz-824f09773545acdcfeffc595,DZ,pattern-grid-node,13950.0,8.0,GD40,0,-6.16,,,COMPLETE_NUMERICAL,completed,Passed the bank numerical checks,2026-10-08,cfe2d2ff99a434cd502696c1eb7b2f5daf8d11c5,58faa4377006afb855cb3db77ca0c48382389a321419731c946976e4e1513fd6,native preset; see archived full request
dz-76802b8e39b5da9bcee7a608,DZ,pattern-grid-node,18000.0,8.0,GD40,0,-6.16,,,COMPLETE_NUMERICAL,completed,Passed the bank numerical checks,2026-10-08,cfe2d2ff99a434cd502696c1eb7b2f5daf8d11c5,58faa4377006afb855cb3db77ca0c48382389a321419731c946976e4e1513fd6,native preset; see archived full request
dz-bf320b7d6809c6c9695a1b20,DZ,pattern-grid-node,20000.0,8.0,GD40,0,-6.16,,,COMPLETE_NUMERICAL,completed,Passed the bank numerical checks,2026-10-08,cfe2d2ff99a434cd502696c1eb7b2f5daf8d11c5,58faa4377006afb855cb3db77ca0c48382389a321419731c946976e4e1513fd6,native preset; see archived full request
dz-c3b073435673c01974c1a254,DZ,pattern-grid-node,25000.0,8.0,GD40,0,-6.16,,,COMPLETE_NUMERICAL,completed,Passed the bank numerical checks,2026-10-08,cfe2d2ff99a434cd502696c1eb7b2f5daf8d11c5,58faa4377006afb855cb3db77ca0c48382389a321419731c946976e4e1513fd6,native preset; see archived full request
dz-84ddbb3ddd5b6bce7fa247cc,DZ,pattern-grid-node,30000.0,8.0,GD40,0,-6.16,,,COMPLETE_NUMERICAL,completed,Passed the bank numerical checks,2026-10-08,cfe2d2ff99a434cd502696c1eb7b2f5daf8d11c5,58faa4377006afb855cb3db77ca0c48382389a321419731c946976e4e1513fd6,native preset; see archived full request
dz-053f79f9423dc9fd9c5786da,DZ,pattern-grid-node,40000.0,8.0,GD40,0,-6.16,,,COMPLETE_NUMERICAL,completed,Passed the bank numerical checks,2026-10-08,cfe2d2ff99a434cd502696c1eb7b2f5daf8d11c5,58faa4377006afb855cb3db77ca0c48382389a321419731c946976e4e1513fd6,native preset; see archived full request
dz-009f314350ccd1ca1bac3240,DZ,pattern-grid-node,60000.0,8.0,GD40,0,-6.16,,,COMPLETE_NUMERICAL,completed,Passed the bank numerical checks,2026-10-08,cfe2d2ff99a434cd502696c1eb7b2f5daf8d11c5,58faa4377006afb855cb3db77ca0c48382389a321419731c946976e4e1513fd6,native preset; see archived full request
dz-0ecc9c1c3c7c23a21c49ce2f,DZ,pattern-grid-node,6000.0,7.5,GD40,0,-6.16,,,TIMEOUT,timed_out,Resource cap reached; no physical failure inferred,2026-10-08,cfe2d2ff99a434cd502696c1eb7b2f5daf8d11c5,58faa4377006afb855cb3db77ca0c48382389a321419731c946976e4e1513fd6,native preset; see archived full request
dz-9b510f265dff8dfa0c515cd1,DZ,pattern-grid-node,8000.0,7.5,GD40,0,-6.16,,,COMPLETE_NUMERICAL,completed,Passed the bank numerical checks,2026-10-08,cfe2d2ff99a434cd502696c1eb7b2f5daf8d11c5,58faa4377006afb855cb3db77ca0c48382389a321419731c946976e4e1513fd6,native preset; see archived full request
dz-9512b650cf444e91292e82dd,DZ,pattern-grid-node,10000.0,7.5,GD40,0,-6.16,,,COMPLETE_NUMERICAL,completed,Passed the bank numerical checks,2026-10-08,cfe2d2ff99a434cd502696c1eb7b2f5daf8d11c5,58faa4377006afb855cb3db77ca0c48382389a321419731c946976e4e1513fd6,native preset; see archived full request
dz-8a3c4e418b6a0962a8700919,DZ,pattern-grid-node,10800.0,7.5,GD40,0,-6.16,,,COMPLETE_NUMERICAL,completed,Passed the bank numerical checks,2026-10-08,cfe2d2ff99a434cd502696c1eb7b2f5daf8d11c5,58faa4377006afb855cb3db77ca0c48382389a321419731c946976e4e1513fd6,native preset; see archived full request
dz-b5a50e9dd160317824150502,DZ,pattern-grid-node,12000.0,7.5,GD40,0,-6.16,,,COMPLETE_NUMERICAL,completed,Passed the bank numerical checks,2026-10-08,cfe2d2ff99a434cd502696c1eb7b2f5daf8d11c5,58faa4377006afb855cb3db77ca0c48382389a321419731c946976e4e1513fd6,native preset; see archived full request
dz-92990cc282e2e693885f2f47,DZ,pattern-grid-node,13950.0,7.5,GD40,0,-6.16,,,COMPLETE_NUMERICAL,completed,Passed the bank numerical checks,2026-10-08,cfe2d2ff99a434cd502696c1eb7b2f5daf8d11c5,58faa4377006afb855cb3db77ca0c48382389a321419731c946976e4e1513fd6,native preset; see archived full request
dz-598c3ad09c8a0a1e51a63955,DZ,pattern-grid-node,15300.0,7.5,GD40,0,-6.16,,,COMPLETE_NUMERICAL,completed,Passed the bank numerical checks,2026-10-08,cfe2d2ff99a434cd502696c1eb7b2f5daf8d11c5,58faa4377006afb855cb3db77ca0c48382389a321419731c946976e4e1513fd6,native preset; see archived full request
dz-ab6a0ba3a6a7af302909f600,DZ,pattern-grid-node,18000.0,7.5,GD40,0,-6.16,,,COMPLETE_NUMERICAL,completed,Passed the bank numerical checks,2026-10-08,cfe2d2ff99a434cd502696c1eb7b2f5daf8d11c5,58faa4377006afb855cb3db77ca0c48382389a321419731c946976e4e1513fd6,native preset; see archived full request
dz-11b29bfa5b5d9cdb8f77a672,DZ,pattern-grid-node,20000.0,7.5,GD40,0,-6.16,,,COMPLETE_NUMERICAL,completed,Passed the bank numerical checks,2026-10-08,cfe2d2ff99a434cd502696c1eb7b2f5daf8d11c5,58faa4377006afb855cb3db77ca0c48382389a321419731c946976e4e1513fd6,native preset; see archived full request
dz-c750ad546e71eb21e9caf0b1,DZ,pattern-grid-node,25000.0,7.5,GD40,0,-6.16,,,COMPLETE_NUMERICAL,completed,Passed the bank numerical checks,2026-10-08,cfe2d2ff99a434cd502696c1eb7b2f5daf8d11c5,58faa4377006afb855cb3db77ca0c48382389a321419731c946976e4e1513fd6,native preset; see archived full request
dz-99bf41722caf2fea7cd0838d,DZ,pattern-grid-node,30000.0,7.5,GD40,0,-6.16,,,COMPLETE_NUMERICAL,completed,Passed the bank numerical checks,2026-10-08,cfe2d2ff99a434cd502696c1eb7b2f5daf8d11c5,58faa4377006afb855cb3db77ca0c48382389a321419731c946976e4e1513fd6,native preset; see archived full request
dz-5ecd1bc1f50b6fb60d67747d,DZ,pattern-grid-node,40000.0,7.5,GD40,0,-6.16,,,COMPLETE_NUMERICAL,completed,Passed the bank numerical checks,2026-10-08,cfe2d2ff99a434cd502696c1eb7b2f5daf8d11c5,58faa4377006afb855cb3db77ca0c48382389a321419731c946976e4e1513fd6,native preset; see archived full request
dz-3ee2410bba1fe980ac3ffd04,DZ,pattern-grid-node,60000.0,7.5,GD40,0,-6.16,,,COMPLETE_NUMERICAL,completed,Passed the bank numerical checks,2026-10-08,cfe2d2ff99a434cd502696c1eb7b2f5daf8d11c5,58faa4377006afb855cb3db77ca0c48382389a321419731c946976e4e1513fd6,native preset; see archived full request
dz-915f2888fb590eaacf587584,DZ,pattern-grid-node,6000.0,8.5,GD40,0,-6.16,,,COMPLETE_NUMERICAL,completed,Passed the bank numerical checks,2026-10-08,cfe2d2ff99a434cd502696c1eb7b2f5daf8d11c5,58faa4377006afb855cb3db77ca0c48382389a321419731c946976e4e1513fd6,native preset; see archived full request
dz-21dfcd5be54924dc12544026,DZ,pattern-grid-node,8000.0,8.5,GD40,0,-6.16,,,COMPLETE_NUMERICAL,completed,Passed the bank numerical checks,2026-10-08,cfe2d2ff99a434cd502696c1eb7b2f5daf8d11c5,58faa4377006afb855cb3db77ca0c48382389a321419731c946976e4e1513fd6,native preset; see archived full request
dz-512cbd3b78e79aea5f04a37d,DZ,pattern-grid-node,10000.0,8.5,GD40,0,-6.16,,,COMPLETE_NUMERICAL,completed,Passed the bank numerical checks,2026-10-08,cfe2d2ff99a434cd502696c1eb7b2f5daf8d11c5,58faa4377006afb855cb3db77ca0c48382389a321419731c946976e4e1513fd6,native preset; see archived full request
dz-69e7ed960a302d0dee51eb53,DZ,pattern-grid-node,10800.0,8.5,GD40,0,-6.16,,,COMPLETE_NUMERICAL,completed,Passed the bank numerical checks,2026-10-08,cfe2d2ff99a434cd502696c1eb7b2f5daf8d11c5,58faa4377006afb855cb3db77ca0c48382389a321419731c946976e4e1513fd6,native preset; see archived full request
dz-fe58667f64cd42902df433df,DZ,pattern-grid-node,12000.0,8.5,GD40,0,-6.16,,,COMPLETE_NUMERICAL,completed,Passed the bank numerical checks,2026-10-08,cfe2d2ff99a434cd502696c1eb7b2f5daf8d11c5,58faa4377006afb855cb3db77ca0c48382389a321419731c946976e4e1513fd6,native preset; see archived full request
dz-be4b22b671ef207e5ece1a57,DZ,pattern-grid-node,13950.0,8.5,GD40,0,-6.16,,,COMPLETE_NUMERICAL,completed,Passed the bank numerical checks,2026-10-08,cfe2d2ff99a434cd502696c1eb7b2f5daf8d11c5,58faa4377006afb855cb3db77ca0c48382389a321419731c946976e4e1513fd6,native preset; see archived full request
dz-2c44ff409e73774eac6d7482,DZ,pattern-grid-node,15300.0,8.5,GD40,0,-6.16,,,COMPLETE_NUMERICAL,completed,Passed the bank numerical checks,2026-10-08,cfe2d2ff99a434cd502696c1eb7b2f5daf8d11c5,58faa4377006afb855cb3db77ca0c48382389a321419731c946976e4e1513fd6,native preset; see archived full request
dz-3e3403bacf259a8763f6e4cb,DZ,pattern-grid-node,18000.0,8.5,GD40,0,-6.16,,,COMPLETE_NUMERICAL,completed,Passed the bank numerical checks,2026-10-08,cfe2d2ff99a434cd502696c1eb7b2f5daf8d11c5,58faa4377006afb855cb3db77ca0c48382389a321419731c946976e4e1513fd6,native preset; see archived full request
dz-8217ec56c13965f55780a424,DZ,pattern-grid-node,20000.0,8.5,GD40,0,-6.16,,,COMPLETE_NUMERICAL,completed,Passed the bank numerical checks,2026-10-08,cfe2d2ff99a434cd502696c1eb7b2f5daf8d11c5,58faa4377006afb855cb3db77ca0c48382389a321419731c946976e4e1513fd6,native preset; see archived full request
dz-79ae813f96a671b1d5853925,DZ,pattern-grid-node,25000.0,8.5,GD40,0,-6.16,,,TIMEOUT,timed_out,Resource cap reached; no physical failure inferred,2026-10-08,cfe2d2ff99a434cd502696c1eb7b2f5daf8d11c5,58faa4377006afb855cb3db77ca0c48382389a321419731c946976e4e1513fd6,native preset; see archived full request
dz-007c513cc5085bfe1fb29753,DZ,pattern-grid-node,30000.0,8.5,GD40,0,-6.16,,,COMPLETE_NUMERICAL,completed,Passed the bank numerical checks,2026-10-08,cfe2d2ff99a434cd502696c1eb7b2f5daf8d11c5,58faa4377006afb855cb3db77ca0c48382389a321419731c946976e4e1513fd6,native preset; see archived full request
dz-2e6f8cf54f612bbbd2e886c2,DZ,pattern-grid-node,40000.0,8.5,GD40,0,-6.16,,,COMPLETE_NUMERICAL,completed,Passed the bank numerical checks,2026-10-08,cfe2d2ff99a434cd502696c1eb7b2f5daf8d11c5,58faa4377006afb855cb3db77ca0c48382389a321419731c946976e4e1513fd6,native preset; see archived full request
dz-dd3c52ab4e7643ed8c44be61,DZ,pattern-grid-node,60000.0,8.5,GD40,0,-6.16,,,COMPLETE_NUMERICAL,completed,Passed the bank numerical checks,2026-10-08,cfe2d2ff99a434cd502696c1eb7b2f5daf8d11c5,58faa4377006afb855cb3db77ca0c48382389a321419731c946976e4e1513fd6,native preset; see archived full request
dz-daa153f6d18ee2da1e0db7ac,DZ,pattern-grid-node,6000.0,7.0,GD40,0,-6.16,,,TIMEOUT,timed_out,Resource cap reached; no physical failure inferred,2026-10-08,cfe2d2ff99a434cd502696c1eb7b2f5daf8d11c5,58faa4377006afb855cb3db77ca0c48382389a321419731c946976e4e1513fd6,native preset; see archived full request
dz-42f848e343058d753391618d,DZ,pattern-grid-node,8000.0,7.0,GD40,0,-6.16,,,COMPLETE_NUMERICAL,completed,Passed the bank numerical checks,2026-10-08,cfe2d2ff99a434cd502696c1eb7b2f5daf8d11c5,58faa4377006afb855cb3db77ca0c48382389a321419731c946976e4e1513fd6,native preset; see archived full request
dz-b388418a1fd0d152a304417e,DZ,pattern-grid-node,10000.0,7.0,GD40,0,-6.16,,,COMPLETE_NUMERICAL,completed,Passed the bank numerical checks,2026-10-08,cfe2d2ff99a434cd502696c1eb7b2f5daf8d11c5,58faa4377006afb855cb3db77ca0c48382389a321419731c946976e4e1513fd6,native preset; see archived full request
dz-49d7b5f2bb6801fced57f6c0,DZ,pattern-grid-node,10800.0,7.0,GD40,0,-6.16,,,COMPLETE_NUMERICAL,completed,Passed the bank numerical checks,2026-10-08,cfe2d2ff99a434cd502696c1eb7b2f5daf8d11c5,58faa4377006afb855cb3db77ca0c48382389a321419731c946976e4e1513fd6,native preset; see archived full request
dz-0c38aa22ff771b3cb1deef5c,DZ,pattern-grid-node,12000.0,7.0,GD40,0,-6.16,,,COMPLETE_NUMERICAL,completed,Passed the bank numerical checks,2026-10-08,cfe2d2ff99a434cd502696c1eb7b2f5daf8d11c5,58faa4377006afb855cb3db77ca0c48382389a321419731c946976e4e1513fd6,native preset; see archived full request
dz-74e45b152a826a6c4a4596fa,DZ,pattern-grid-node,13950.0,7.0,GD40,0,-6.16,,,COMPLETE_NUMERICAL,completed,Passed the bank numerical checks,2026-10-08,cfe2d2ff99a434cd502696c1eb7b2f5daf8d11c5,58faa4377006afb855cb3db77ca0c48382389a321419731c946976e4e1513fd6,native preset; see archived full request
dz-c548aaa3f0a065934612c42b,DZ,pattern-grid-node,15300.0,7.0,GD40,0,-6.16,,,COMPLETE_NUMERICAL,completed,Passed the bank numerical checks,2026-10-08,cfe2d2ff99a434cd502696c1eb7b2f5daf8d11c5,58faa4377006afb855cb3db77ca0c48382389a321419731c946976e4e1513fd6,native preset; see archived full request
dz-d7fd4df32d9a1f4c87655e8e,DZ,pattern-grid-node,18000.0,7.0,GD40,0,-6.16,,,COMPLETE_NUMERICAL,completed,Passed the bank numerical checks,2026-10-08,cfe2d2ff99a434cd502696c1eb7b2f5daf8d11c5,58faa4377006afb855cb3db77ca0c48382389a321419731c946976e4e1513fd6,native preset; see archived full request
dz-e40981dab87f1bad00472f49,DZ,pattern-grid-node,20000.0,7.0,GD40,0,-6.16,,,TIMEOUT,timed_out,Resource cap reached; no physical failure inferred,2026-10-08,cfe2d2ff99a434cd502696c1eb7b2f5daf8d11c5,58faa4377006afb855cb3db77ca0c48382389a321419731c946976e4e1513fd6,native preset; see archived full request
dz-57f1ac6cdf74c64b757e96aa,DZ,pattern-grid-node,25000.0,7.0,GD40,0,-6.16,,,COMPLETE_NUMERICAL,completed,Passed the bank numerical checks,2026-10-08,cfe2d2ff99a434cd502696c1eb7b2f5daf8d11c5,58faa4377006afb855cb3db77ca0c48382389a321419731c946976e4e1513fd6,native preset; see archived full request
dz-c30a9c9942aba2a8980e6de5,DZ,pattern-grid-node,30000.0,7.0,GD40,0,-6.16,,,COMPLETE_NUMERICAL,completed,Passed the bank numerical checks,2026-10-08,cfe2d2ff99a434cd502696c1eb7b2f5daf8d11c5,58faa4377006afb855cb3db77ca0c48382389a321419731c946976e4e1513fd6,native preset; see archived full request
dz-a7fe836528c9c44f4a30f59c,DZ,pattern-grid-node,40000.0,7.0,GD40,0,-6.16,,,COMPLETE_NUMERICAL,completed,Passed the bank numerical checks,2026-10-08,cfe2d2ff99a434cd502696c1eb7b2f5daf8d11c5,58faa4377006afb855cb3db77ca0c48382389a321419731c946976e4e1513fd6,native preset; see archived full request
dz-bc7de0e4d4e34b180cf42329,DZ,pattern-grid-node,60000.0,7.0,GD40,0,-6.16,,,COMPLETE_NUMERICAL,completed,Passed the bank numerical checks,2026-10-08,cfe2d2ff99a434cd502696c1eb7b2f5daf8d11c5,58faa4377006afb855cb3db77ca0c48382389a321419731c946976e4e1513fd6,native preset; see archived full request
dz-2191f9f018eef77b1ea23fa7,DZ,pattern-grid-node,6000.0,9.0,GD40,0,-6.16,,,COMPLETE_NUMERICAL,completed,Passed the bank numerical checks,2026-10-08,cfe2d2ff99a434cd502696c1eb7b2f5daf8d11c5,58faa4377006afb855cb3db77ca0c48382389a321419731c946976e4e1513fd6,native preset; see archived full request
dz-2bb9a62c0360518c0de8bb44,DZ,pattern-grid-node,8000.0,9.0,GD40,0,-6.16,,,COMPLETE_NUMERICAL,completed,Passed the bank numerical checks,2026-10-08,cfe2d2ff99a434cd502696c1eb7b2f5daf8d11c5,58faa4377006afb855cb3db77ca0c48382389a321419731c946976e4e1513fd6,native preset; see archived full request
dz-c29432b1a9ed3b4b9bf3e37a,DZ,pattern-grid-node,10000.0,9.0,GD40,0,-6.16,,,COMPLETE_NUMERICAL,completed,Passed the bank numerical checks,2026-10-08,cfe2d2ff99a434cd502696c1eb7b2f5daf8d11c5,58faa4377006afb855cb3db77ca0c48382389a321419731c946976e4e1513fd6,native preset; see archived full request
dz-37d31cd21c672568b321fd4f,DZ,pattern-grid-node,10800.0,9.0,GD40,0,-6.16,,,COMPLETE_NUMERICAL,completed,Passed the bank numerical checks,2026-10-08,cfe2d2ff99a434cd502696c1eb7b2f5daf8d11c5,58faa4377006afb855cb3db77ca0c48382389a321419731c946976e4e1513fd6,native preset; see archived full request
dz-9cdc22efd2d63f8670990f68,DZ,pattern-grid-node,12000.0,9.0,GD40,0,-6.16,,,COMPLETE_NUMERICAL,completed,Passed the bank numerical checks,2026-10-08,cfe2d2ff99a434cd502696c1eb7b2f5daf8d11c5,58faa4377006afb855cb3db77ca0c48382389a321419731c946976e4e1513fd6,native preset; see archived full request
dz-ad7c20aa3dd14c5ee96634d1,DZ,pattern-grid-node,13950.0,9.0,GD40,0,-6.16,,,COMPLETE_NUMERICAL,completed,Passed the bank numerical checks,2026-10-08,cfe2d2ff99a434cd502696c1eb7b2f5daf8d11c5,58faa4377006afb855cb3db77ca0c48382389a321419731c946976e4e1513fd6,native preset; see archived full request
dz-c866e1ae44744f60613ab3bd,DZ,pattern-grid-node,15300.0,9.0,GD40,0,-6.16,,,COMPLETE_NUMERICAL,completed,Passed the bank numerical checks,2026-10-08,cfe2d2ff99a434cd502696c1eb7b2f5daf8d11c5,58faa4377006afb855cb3db77ca0c48382389a321419731c946976e4e1513fd6,native preset; see archived full request
dz-c296530c1bfa6b82acd0a3d8,DZ,pattern-grid-node,18000.0,9.0,GD40,0,-6.16,,,COMPLETE_NUMERICAL,completed,Passed the bank numerical checks,2026-10-08,cfe2d2ff99a434cd502696c1eb7b2f5daf8d11c5,58faa4377006afb855cb3db77ca0c48382389a321419731c946976e4e1513fd6,native preset; see archived full request
dz-845e774600a7850ccd70e98a,DZ,pattern-grid-node,20000.0,9.0,GD40,0,-6.16,,,COMPLETE_NUMERICAL,completed,Passed the bank numerical checks,2026-10-08,cfe2d2ff99a434cd502696c1eb7b2f5daf8d11c5,58faa4377006afb855cb3db77ca0c48382389a321419731c946976e4e1513fd6,native preset; see archived full request
dz-25916057240c11ad7d01e194,DZ,pattern-grid-node,25000.0,9.0,GD40,0,-6.16,,,COMPLETE_NUMERICAL,completed,Passed the bank numerical checks,2026-10-08,cfe2d2ff99a434cd502696c1eb7b2f5daf8d11c5,58faa4377006afb855cb3db77ca0c48382389a321419731c946976e4e1513fd6,native preset; see archived full request
dz-5aa3611cd9946fbd8a714207,DZ,pattern-grid-node,30000.0,9.0,GD40,0,-6.16,,,TIMEOUT,timed_out,Resource cap reached; no physical failure inferred,2026-10-08,cfe2d2ff99a434cd502696c1eb7b2f5daf8d11c5,58faa4377006afb855cb3db77ca0c48382389a321419731c946976e4e1513fd6,native preset; see archived full request
dz-ef9ca09793e9229ce41c7844,DZ,pattern-grid-node,40000.0,9.0,GD40,0,-6.16,,,COMPLETE_NUMERICAL,completed,Passed the bank numerical checks,2026-10-08,cfe2d2ff99a434cd502696c1eb7b2f5daf8d11c5,58faa4377006afb855cb3db77ca0c48382389a321419731c946976e4e1513fd6,native preset; see archived full request
dz-9012f10e4922fd586ee46552,DZ,pattern-grid-node,60000.0,9.0,GD40,0,-6.16,,,COMPLETE_NUMERICAL,completed,Passed the bank numerical checks,2026-10-08,cfe2d2ff99a434cd502696c1eb7b2f5daf8d11c5,58faa4377006afb855cb3db77ca0c48382389a321419731c946976e4e1513fd6,native preset; see archived full request
dz-eb8e4627af4f08f18b189914,DZ,pattern-grid-node,6000.0,6.5,GD40,0,-6.16,,,COMPLETE_NUMERICAL,completed,Passed the bank numerical checks,2026-10-08,cfe2d2ff99a434cd502696c1eb7b2f5daf8d11c5,58faa4377006afb855cb3db77ca0c48382389a321419731c946976e4e1513fd6,native preset; see archived full request
dz-3288eba8649721c5fdac2cd8,DZ,pattern-grid-node,8000.0,6.5,GD40,0,-6.16,,,COMPLETE_NUMERICAL,completed,Passed the bank numerical checks,2026-10-08,cfe2d2ff99a434cd502696c1eb7b2f5daf8d11c5,58faa4377006afb855cb3db77ca0c48382389a321419731c946976e4e1513fd6,native preset; see archived full request
dz-97ed724f6992cdf3fa468a8f,DZ,pattern-grid-node,10000.0,6.5,GD40,0,-6.16,,,COMPLETE_NUMERICAL,completed,Passed the bank numerical checks,2026-10-08,cfe2d2ff99a434cd502696c1eb7b2f5daf8d11c5,58faa4377006afb855cb3db77ca0c48382389a321419731c946976e4e1513fd6,native preset; see archived full request
dz-ed5b3efac105ac80d605b5ec,DZ,pattern-grid-node,10800.0,6.5,GD40,0,-6.16,,,COMPLETE_NUMERICAL,completed,Passed the bank numerical checks,2026-10-08,cfe2d2ff99a434cd502696c1eb7b2f5daf8d11c5,58faa4377006afb855cb3db77ca0c48382389a321419731c946976e4e1513fd6,native preset; see archived full request
dz-6f272f39dc509caf69f559e6,DZ,pattern-grid-node,12000.0,6.5,GD40,0,-6.16,,,COMPLETE_NUMERICAL,completed,Passed the bank numerical checks,2026-10-08,cfe2d2ff99a434cd502696c1eb7b2f5daf8d11c5,58faa4377006afb855cb3db77ca0c48382389a321419731c946976e4e1513fd6,native preset; see archived full request
dz-27635e46e12fcb2a768427cc,DZ,pattern-grid-node,13950.0,6.5,GD40,0,-6.16,,,COMPLETE_NUMERICAL,completed,Passed the bank numerical checks,2026-10-08,cfe2d2ff99a434cd502696c1eb7b2f5daf8d11c5,58faa4377006afb855cb3db77ca0c48382389a321419731c946976e4e1513fd6,native preset; see archived full request
dz-0894bc3df5dab90fd8831f2e,DZ,pattern-grid-node,15300.0,6.5,GD40,0,-6.16,,,COMPLETE_NUMERICAL,completed,Passed the bank numerical checks,2026-10-08,cfe2d2ff99a434cd502696c1eb7b2f5daf8d11c5,58faa4377006afb855cb3db77ca0c48382389a321419731c946976e4e1513fd6,native preset; see archived full request
dz-8ee3ea8c689620d4c76eba97,DZ,pattern-grid-node,18000.0,6.5,GD40,0,-6.16,,,COMPLETE_NUMERICAL,completed,Passed the bank numerical checks,2026-10-08,cfe2d2ff99a434cd502696c1eb7b2f5daf8d11c5,58faa4377006afb855cb3db77ca0c48382389a321419731c946976e4e1513fd6,native preset; see archived full request
dz-52bee6364d57b13bc18d5be1,DZ,pattern-grid-node,20000.0,6.5,GD40,0,-6.16,,,COMPLETE_NUMERICAL,completed,Passed the bank numerical checks,2026-10-08,cfe2d2ff99a434cd502696c1eb7b2f5daf8d11c5,58faa4377006afb855cb3db77ca0c48382389a321419731c946976e4e1513fd6,native preset; see archived full request
dz-5b3c0870ddec7fa0bd70f64d,DZ,pattern-grid-node,25000.0,6.5,GD40,0,-6.16,,,COMPLETE_NUMERICAL,completed,Passed the bank numerical checks,2026-10-08,cfe2d2ff99a434cd502696c1eb7b2f5daf8d11c5,58faa4377006afb855cb3db77ca0c48382389a321419731c946976e4e1513fd6,native preset; see archived full request
dz-043cdba4253f944a2ebc3b22,DZ,pattern-grid-node,30000.0,6.5,GD40,0,-6.16,,,COMPLETE_NUMERICAL,completed,Passed the bank numerical checks,2026-10-08,cfe2d2ff99a434cd502696c1eb7b2f5daf8d11c5,58faa4377006afb855cb3db77ca0c48382389a321419731c946976e4e1513fd6,native preset; see archived full request
dz-16fd3cf6ab2dc13ce1ad640b,DZ,pattern-grid-node,40000.0,6.5,GD40,0,-6.16,,,COMPLETE_NUMERICAL,completed,Passed the bank numerical checks,2026-10-08,cfe2d2ff99a434cd502696c1eb7b2f5daf8d11c5,58faa4377006afb855cb3db77ca0c48382389a321419731c946976e4e1513fd6,native preset; see archived full request
dz-9dfbb799260965d027820642,DZ,pattern-grid-node,60000.0,6.5,GD40,0,-6.16,,,COMPLETE_NUMERICAL,completed,Passed the bank numerical checks,2026-10-08,cfe2d2ff99a434cd502696c1eb7b2f5daf8d11c5,58faa4377006afb855cb3db77ca0c48382389a321419731c946976e4e1513fd6,native preset; see archived full request
dz-97b39e09969ba7ecceca651d,DZ,pattern-grid-node,6000.0,9.5,GD40,0,-6.16,,,COMPLETE_NUMERICAL,completed,Passed the bank numerical checks,2026-10-08,cfe2d2ff99a434cd502696c1eb7b2f5daf8d11c5,58faa4377006afb855cb3db77ca0c48382389a321419731c946976e4e1513fd6,native preset; see archived full request
dz-ea93ca5ba69c47454096a186,DZ,pattern-grid-node,8000.0,9.5,GD40,0,-6.16,,,COMPLETE_NUMERICAL,completed,Passed the bank numerical checks,2026-10-08,cfe2d2ff99a434cd502696c1eb7b2f5daf8d11c5,58faa4377006afb855cb3db77ca0c48382389a321419731c946976e4e1513fd6,native preset; see archived full request
dz-5f152e117fac518aaf21d198,DZ,pattern-grid-node,10000.0,9.5,GD40,0,-6.16,,,TIMEOUT,timed_out,Resource cap reached; no physical failure inferred,2026-10-08,cfe2d2ff99a434cd502696c1eb7b2f5daf8d11c5,58faa4377006afb855cb3db77ca0c48382389a321419731c946976e4e1513fd6,native preset; see archived full request
dz-f5510357c7fc43e133a2c510,DZ,pattern-grid-node,10800.0,9.5,GD40,0,-6.16,,,COMPLETE_NUMERICAL,completed,Passed the bank numerical checks,2026-10-08,cfe2d2ff99a434cd502696c1eb7b2f5daf8d11c5,58faa4377006afb855cb3db77ca0c48382389a321419731c946976e4e1513fd6,native preset; see archived full request
dz-cdd79adfada645f233c48d55,DZ,pattern-grid-node,12000.0,9.5,GD40,0,-6.16,,,COMPLETE_NUMERICAL,completed,Passed the bank numerical checks,2026-10-08,cfe2d2ff99a434cd502696c1eb7b2f5daf8d11c5,58faa4377006afb855cb3db77ca0c48382389a321419731c946976e4e1513fd6,native preset; see archived full request
dz-2da1cc9b59c8ec2c9f397600,DZ,pattern-grid-node,13950.0,9.5,GD40,0,-6.16,,,COMPLETE_NUMERICAL,completed,Passed the bank numerical checks,2026-10-08,cfe2d2ff99a434cd502696c1eb7b2f5daf8d11c5,58faa4377006afb855cb3db77ca0c48382389a321419731c946976e4e1513fd6,native preset; see archived full request
dz-9d530744804000fb8de5bd11,DZ,pattern-grid-node,15300.0,9.5,GD40,0,-6.16,,,COMPLETE_NUMERICAL,completed,Passed the bank numerical checks,2026-10-08,cfe2d2ff99a434cd502696c1eb7b2f5daf8d11c5,58faa4377006afb855cb3db77ca0c48382389a321419731c946976e4e1513fd6,native preset; see archived full request
dz-cdb3ad3004ad30d3d92a66d5,DZ,pattern-grid-node,18000.0,9.5,GD40,0,-6.16,,,COMPLETE_NUMERICAL,completed,Passed the bank numerical checks,2026-10-08,cfe2d2ff99a434cd502696c1eb7b2f5daf8d11c5,58faa4377006afb855cb3db77ca0c48382389a321419731c946976e4e1513fd6,native preset; see archived full request
dz-9cdf83d04018e5418cc9bc18,DZ,pattern-grid-node,20000.0,9.5,GD40,0,-6.16,,,COMPLETE_NUMERICAL,completed,Passed the bank numerical checks,2026-10-08,cfe2d2ff99a434cd502696c1eb7b2f5daf8d11c5,58faa4377006afb855cb3db77ca0c48382389a321419731c946976e4e1513fd6,native preset; see archived full request
dz-02021b9816e43f2e506b5ef1,DZ,pattern-grid-node,25000.0,9.5,GD40,0,-6.16,,,COMPLETE_NUMERICAL,completed,Passed the bank numerical checks,2026-10-08,cfe2d2ff99a434cd502696c1eb7b2f5daf8d11c5,58faa4377006afb855cb3db77ca0c48382389a321419731c946976e4e1513fd6,native preset; see archived full request
dz-4e8293bc444ba145bfe67091,DZ,pattern-grid-node,30000.0,9.5,GD40,0,-6.16,,,COMPLETE_NUMERICAL,completed,Passed the bank numerical checks,2026-10-08,cfe2d2ff99a434cd502696c1eb7b2f5daf8d11c5,58faa4377006afb855cb3db77ca0c48382389a321419731c946976e4e1513fd6,native preset; see archived full request
dz-8dfb42bdc62ceed9f6e248cc,DZ,pattern-grid-node,40000.0,9.5,GD40,0,-6.16,,,COMPLETE_NUMERICAL,completed,Passed the bank numerical checks,2026-10-08,cfe2d2ff99a434cd502696c1eb7b2f5daf8d11c5,58faa4377006afb855cb3db77ca0c48382389a321419731c946976e4e1513fd6,native preset; see archived full request
dz-d379816987bcf7e251749868,DZ,pattern-grid-node,60000.0,9.5,GD40,0,-6.16,,,COMPLETE_NUMERICAL,completed,Passed the bank numerical checks,2026-10-08,cfe2d2ff99a434cd502696c1eb7b2f5daf8d11c5,58faa4377006afb855cb3db77ca0c48382389a321419731c946976e4e1513fd6,native preset; see archived full request
dz-4059ac052cefe0aab2271b97,DZ,metal-scale-probe,15300.0,8.0,GD40,-2,-6.16,,,COMPLETE_NUMERICAL,completed,Passed the bank numerical checks,2026-10-08,cfe2d2ff99a434cd502696c1eb7b2f5daf8d11c5,58faa4377006afb855cb3db77ca0c48382389a321419731c946976e4e1513fd6,native preset; see archived full request
dz-e94289f476f771f38027905a,DZ,metal-scale-probe,15300.0,8.0,GD40,-1,-6.16,,,COMPLETE_NUMERICAL,completed,Passed the bank numerical checks,2026-10-08,cfe2d2ff99a434cd502696c1eb7b2f5daf8d11c5,58faa4377006afb855cb3db77ca0c48382389a321419731c946976e4e1513fd6,native preset; see archived full request
dz-85e1bdd5843758a25921ef4c,DZ,metal-scale-probe,15300.0,8.0,GD40,-0.5,-6.16,,,COMPLETE_NUMERICAL,completed,Passed the bank numerical checks,2026-10-08,cfe2d2ff99a434cd502696c1eb7b2f5daf8d11c5,58faa4377006afb855cb3db77ca0c48382389a321419731c946976e4e1513fd6,native preset; see archived full request
dz-da041feff97b9265ce666f84,DZ,metal-scale-probe,15300.0,8.0,GD40,0.5,-6.16,,,COMPLETE_NUMERICAL,completed,Passed the bank numerical checks,2026-10-08,cfe2d2ff99a434cd502696c1eb7b2f5daf8d11c5,58faa4377006afb855cb3db77ca0c48382389a321419731c946976e4e1513fd6,native preset; see archived full request
dz-33b675e55b27daaf42dadc7e,DZ,metal-scale-probe,15300.0,8.0,GD40,1,-6.16,,,COMPLETE_NUMERICAL,completed,Passed the bank numerical checks,2026-10-08,cfe2d2ff99a434cd502696c1eb7b2f5daf8d11c5,58faa4377006afb855cb3db77ca0c48382389a321419731c946976e4e1513fd6,native preset; see archived full request
dz-c706cf048f7138f2bae383c3,DZ,metal-scale-probe,15300.0,8.0,GD40,2,-6.16,,,COMPLETE_NUMERICAL,completed,Passed the bank numerical checks,2026-10-08,cfe2d2ff99a434cd502696c1eb7b2f5daf8d11c5,58faa4377006afb855cb3db77ca0c48382389a321419731c946976e4e1513fd6,native preset; see archived full request
dz-059ce26a0a33eca0fd2d0cea,DZ,hydrogen-probe,15300.0,8.0,GD40,0,,,,COMPLETE_NUMERICAL,completed,Passed the bank numerical checks,2026-10-08,cfe2d2ff99a434cd502696c1eb7b2f5daf8d11c5,58faa4377006afb855cb3db77ca0c48382389a321419731c946976e4e1513fd6,native preset; see archived full request
dz-d7eae1150324e0ff8d57e2d1,DZ,hydrogen-probe,15300.0,8.0,GD40,0,-8,,,COMPLETE_NUMERICAL,completed,Passed the bank numerical checks,2026-10-08,cfe2d2ff99a434cd502696c1eb7b2f5daf8d11c5,58faa4377006afb855cb3db77ca0c48382389a321419731c946976e4e1513fd6,native preset; see archived full request
dz-7960c8260797735323868cba,DZ,hydrogen-probe,15300.0,8.0,GD40,0,-6,,,COMPLETE_NUMERICAL,completed,Passed the bank numerical checks,2026-10-08,cfe2d2ff99a434cd502696c1eb7b2f5daf8d11c5,58faa4377006afb855cb3db77ca0c48382389a321419731c946976e4e1513fd6,native preset; see archived full request
dz-5c4f15c5af535e3c48c0407f,DZ,hydrogen-probe,15300.0,8.0,GD40,0,-4,,,COMPLETE_NUMERICAL,completed,Passed the bank numerical checks,2026-10-08,cfe2d2ff99a434cd502696c1eb7b2f5daf8d11c5,58faa4377006afb855cb3db77ca0c48382389a321419731c946976e4e1513fd6,native preset; see archived full request
dz-fc165741278aeafc4ce2c7da,DZ,hydrogen-probe,15300.0,8.0,GD40,0,-2,,,COMPLETE_NUMERICAL,completed,Passed the bank numerical checks,2026-10-08,cfe2d2ff99a434cd502696c1eb7b2f5daf8d11c5,58faa4377006afb855cb3db77ca0c48382389a321419731c946976e4e1513fd6,native preset; see archived full request
dz-ae4395d6f65d95f2d63e9b84,DZ,hydrogen-probe,15300.0,8.0,GD40,0,-1,,,COMPLETE_NUMERICAL,completed,Passed the bank numerical checks,2026-10-08,cfe2d2ff99a434cd502696c1eb7b2f5daf8d11c5,58faa4377006afb855cb3db77ca0c48382389a321419731c946976e4e1513fd6,native preset; see archived full request
dz-3f471354f1b42935d2999154,DZ,heldout,7000.0,7.25,GD40,-0.25,-6.16,,,COMPLETE_NUMERICAL,completed,Passed the bank numerical checks,2026-10-08,cfe2d2ff99a434cd502696c1eb7b2f5daf8d11c5,58faa4377006afb855cb3db77ca0c48382389a321419731c946976e4e1513fd6,native preset; see archived full request
dz-e1d253a46c4760c48f607f55,DZ,heldout,11000.0,8.25,GD40,-0.25,-6.16,,,COMPLETE_NUMERICAL,completed,Passed the bank numerical checks,2026-10-08,cfe2d2ff99a434cd502696c1eb7b2f5daf8d11c5,58faa4377006afb855cb3db77ca0c48382389a321419731c946976e4e1513fd6,native preset; see archived full request
dz-1841993fdb1f61b9f530cdc8,DZ,heldout,16000.0,8.75,GD40,-0.25,-6.16,,,COMPLETE_NUMERICAL,completed,Passed the bank numerical checks,2026-10-08,cfe2d2ff99a434cd502696c1eb7b2f5daf8d11c5,58faa4377006afb855cb3db77ca0c48382389a321419731c946976e4e1513fd6,native preset; see archived full request
dz-4b15091be32869e011354625,DZ,heldout,35000.0,7.75,GD40,-0.25,-6.16,,,COMPLETE_NUMERICAL,completed,Passed the bank numerical checks,2026-10-08,cfe2d2ff99a434cd502696c1eb7b2f5daf8d11c5,58faa4377006afb855cb3db77ca0c48382389a321419731c946976e4e1513fd6,native preset; see archived full request
d6-4a021fbba72f3f0cc86c9fe5,D6,showcase-anchor-or-probe,15680.0,6.3,,,,,,TIMEOUT,timed_out,Resource cap reached; no physical failure inferred,2026-10-08,cfe2d2ff99a434cd502696c1eb7b2f5daf8d11c5,58faa4377006afb855cb3db77ca0c48382389a321419731c946976e4e1513fd6,native preset; see archived full request
dah-d1de3445e6fde622d6bd9b76,DAH,showcase-anchor-or-probe,16700.0,8.07,,,,,0.325,STRUCTURE_CERTIFIED_SPECTRUM_UNVERIFIED,unfinished,Underlying structure certified; final spectrum audit incomplete,2026-10-08,cfe2d2ff99a434cd502696c1eb7b2f5daf8d11c5,58faa4377006afb855cb3db77ca0c48382389a321419731c946976e4e1513fd6,native preset; see archived full request
dah-b22e9bd2d9d3b36a519f62e7,DAH,showcase-anchor-or-probe,16700.0,8.07,,,,,10,STRUCTURE_CERTIFIED_SPECTRUM_UNVERIFIED,unfinished,Underlying structure certified; final spectrum audit incomplete,2026-10-08,cfe2d2ff99a434cd502696c1eb7b2f5daf8d11c5,58faa4377006afb855cb3db77ca0c48382389a321419731c946976e4e1513fd6,native preset; see archived full request
dao-494105c7e4fec0a617c58327,DAO,showcase-anchor-or-probe,40000,8.0,,,0,,,MISSING_UNATTEMPTED,not_started,Not attempted,2026-10-08,cfe2d2ff99a434cd502696c1eb7b2f5daf8d11c5,58faa4377006afb855cb3db77ca0c48382389a321419731c946976e4e1513fd6,native preset; see archived full request
dao-1dc3bf01698dc1df9c0a0cfe,DAO,showcase-anchor-or-probe,40000,8.0,,,2,,,MISSING_UNATTEMPTED,not_started,Not attempted,2026-10-08,cfe2d2ff99a434cd502696c1eb7b2f5daf8d11c5,58faa4377006afb855cb3db77ca0c48382389a321419731c946976e4e1513fd6,native preset; see archived full request
dao-659fa65eced4a5521e618585,DAO,showcase-anchor-or-probe,40000,8.0,,,4,,,MISSING_UNATTEMPTED,not_started,Not attempted,2026-10-08,cfe2d2ff99a434cd502696c1eb7b2f5daf8d11c5,58faa4377006afb855cb3db77ca0c48382389a321419731c946976e4e1513fd6,native preset; see archived full request
dao-ac0df5723369f44ec28e77e1,DAO,showcase-anchor-or-probe,60000,8.0,,,0,,,MISSING_UNATTEMPTED,not_started,Not attempted,2026-10-08,cfe2d2ff99a434cd502696c1eb7b2f5daf8d11c5,58faa4377006afb855cb3db77ca0c48382389a321419731c946976e4e1513fd6,native preset; see archived full request
dao-1820162cc50695301d04d471,DAO,showcase-anchor-or-probe,60000,8.0,,,2,,,TIMEOUT,timed_out,Resource cap reached; no physical failure inferred,2026-10-08,cfe2d2ff99a434cd502696c1eb7b2f5daf8d11c5,58faa4377006afb855cb3db77ca0c48382389a321419731c946976e4e1513fd6,native preset; see archived full request
dao-7d35de84ec90fab1f563d557,DAO,showcase-anchor-or-probe,60000,8.0,,,4,,,MISSING_UNATTEMPTED,not_started,Not attempted,2026-10-08,cfe2d2ff99a434cd502696c1eb7b2f5daf8d11c5,58faa4377006afb855cb3db77ca0c48382389a321419731c946976e4e1513fd6,native preset; see archived full request
dao-44d61a96b2b1035dd5a6c198,DAO,showcase-anchor-or-probe,80000,8.0,,,0,,,MISSING_UNATTEMPTED,not_started,Not attempted,2026-10-08,cfe2d2ff99a434cd502696c1eb7b2f5daf8d11c5,58faa4377006afb855cb3db77ca0c48382389a321419731c946976e4e1513fd6,native preset; see archived full request
dao-667d43efa8cc27aae62e4410,DAO,showcase-anchor-or-probe,80000,8.0,,,2,,,MISSING_UNATTEMPTED,not_started,Not attempted,2026-10-08,cfe2d2ff99a434cd502696c1eb7b2f5daf8d11c5,58faa4377006afb855cb3db77ca0c48382389a321419731c946976e4e1513fd6,native preset; see archived full request
dao-b2f4dad90c5d125420913129,DAO,showcase-anchor-or-probe,80000,8.0,,,4,,,MISSING_UNATTEMPTED,not_started,Not attempted,2026-10-08,cfe2d2ff99a434cd502696c1eb7b2f5daf8d11c5,58faa4377006afb855cb3db77ca0c48382389a321419731c946976e4e1513fd6,native preset; see archived full request
dao-7fccab7e1b29c89817aa45cd,DAO,showcase-anchor-or-probe,100000,8.0,,,0,,,MISSING_UNATTEMPTED,not_started,Not attempted,2026-10-08,cfe2d2ff99a434cd502696c1eb7b2f5daf8d11c5,58faa4377006afb855cb3db77ca0c48382389a321419731c946976e4e1513fd6,native preset; see archived full request
dao-9ba46741d73c2192115e200d,DAO,showcase-anchor-or-probe,100000,8.0,,,2,,,MISSING_UNATTEMPTED,not_started,Not attempted,2026-10-08,cfe2d2ff99a434cd502696c1eb7b2f5daf8d11c5,58faa4377006afb855cb3db77ca0c48382389a321419731c946976e4e1513fd6,native preset; see archived full request
dao-65be64d2a273bba8987221d5,DAO,showcase-anchor-or-probe,100000,8.0,,,4,,,MISSING_UNATTEMPTED,not_started,Not attempted,2026-10-08,cfe2d2ff99a434cd502696c1eb7b2f5daf8d11c5,58faa4377006afb855cb3db77ca0c48382389a321419731c946976e4e1513fd6,native preset; see archived full request
dao-c2c599a6843143588050cd8b,DAO,showcase-anchor-or-probe,60000,7,,,2.0,,,MISSING_UNATTEMPTED,not_started,Not attempted,2026-10-08,cfe2d2ff99a434cd502696c1eb7b2f5daf8d11c5,58faa4377006afb855cb3db77ca0c48382389a321419731c946976e4e1513fd6,native preset; see archived full request
dao-b5723b9d3a7e790fc4f54ec4,DAO,showcase-anchor-or-probe,60000,9,,,2.0,,,MISSING_UNATTEMPTED,not_started,Not attempted,2026-10-08,cfe2d2ff99a434cd502696c1eb7b2f5daf8d11c5,58faa4377006afb855cb3db77ca0c48382389a321419731c946976e4e1513fd6,native preset; see archived full request
dao-725583ee0f6b20719ed8215a,DAO,showcase-anchor-or-probe,40204,7.82,,,6,,,MISSING_UNATTEMPTED,not_started,Not attempted,2026-10-08,cfe2d2ff99a434cd502696c1eb7b2f5daf8d11c5,58faa4377006afb855cb3db77ca0c48382389a321419731c946976e4e1513fd6,native preset; see archived full request
daz-1c6a66bd7910c50c7475efad,DAZ,showcase-anchor-or-probe,11820.0,8.4,,,,,,COMPLETE_NUMERICAL,completed,Passed the bank numerical checks,2026-10-08,cfe2d2ff99a434cd502696c1eb7b2f5daf8d11c5,58faa4377006afb855cb3db77ca0c48382389a321419731c946976e4e1513fd6,native preset; see archived full request
daz-2631feedf0f5a77efd998dde,DAZ,showcase-anchor-or-probe,8600,8.1,,,,,,COMPLETE_NUMERICAL,completed,Passed the bank numerical checks,2026-10-08,cfe2d2ff99a434cd502696c1eb7b2f5daf8d11c5,58faa4377006afb855cb3db77ca0c48382389a321419731c946976e4e1513fd6,native preset; see archived full request
daz-8fc37fca59764de87be3fffd,DAZ,showcase-anchor-or-probe,20890,7.9,,,,,,COMPLETE_NUMERICAL,completed,Passed the bank numerical checks,2026-10-08,cfe2d2ff99a434cd502696c1eb7b2f5daf8d11c5,58faa4377006afb855cb3db77ca0c48382389a321419731c946976e4e1513fd6,native preset; see archived full request
do-31e60567a099b784c468f2b0,DO,showcase-anchor-or-probe,50000,8.0,,,,,,TIMEOUT,timed_out,Resource cap reached; no physical failure inferred,2026-10-08,cfe2d2ff99a434cd502696c1eb7b2f5daf8d11c5,58faa4377006afb855cb3db77ca0c48382389a321419731c946976e4e1513fd6,native preset; see archived full request
do-d2fea31316aa6e441a080499,DO,showcase-anchor-or-probe,60000,8.0,,,,,,MISSING_UNATTEMPTED,not_started,Not attempted,2026-10-08,cfe2d2ff99a434cd502696c1eb7b2f5daf8d11c5,58faa4377006afb855cb3db77ca0c48382389a321419731c946976e4e1513fd6,native preset; see archived full request
do-04fccd79ea401d9031bc41dd,DO,showcase-anchor-or-probe,70000,8.0,,,,,,MISSING_UNATTEMPTED,not_started,Not attempted,2026-10-08,cfe2d2ff99a434cd502696c1eb7b2f5daf8d11c5,58faa4377006afb855cb3db77ca0c48382389a321419731c946976e4e1513fd6,native preset; see archived full request
do-67c2bb6aad7b5c2ea6b8a8aa,DO,showcase-anchor-or-probe,90000,8.0,,,,,,MISSING_UNATTEMPTED,not_started,Not attempted,2026-10-08,cfe2d2ff99a434cd502696c1eb7b2f5daf8d11c5,58faa4377006afb855cb3db77ca0c48382389a321419731c946976e4e1513fd6,native preset; see archived full request
do-ecbbae814f1df47c66296d5d,DO,showcase-anchor-or-probe,120000,8.0,,,,,,MISSING_UNATTEMPTED,not_started,Not attempted,2026-10-08,cfe2d2ff99a434cd502696c1eb7b2f5daf8d11c5,58faa4377006afb855cb3db77ca0c48382389a321419731c946976e4e1513fd6,native preset; see archived full request
do-26a8b22080df53c935631bdc,DO,showcase-anchor-or-probe,60000,7,,,,,,MISSING_UNATTEMPTED,not_started,Not attempted,2026-10-08,cfe2d2ff99a434cd502696c1eb7b2f5daf8d11c5,58faa4377006afb855cb3db77ca0c48382389a321419731c946976e4e1513fd6,native preset; see archived full request
do-5c3061424fe66ec1740cd017,DO,showcase-anchor-or-probe,60000,9,,,,,,MISSING_UNATTEMPTED,not_started,Not attempted,2026-10-08,cfe2d2ff99a434cd502696c1eb7b2f5daf8d11c5,58faa4377006afb855cb3db77ca0c48382389a321419731c946976e4e1513fd6,native preset; see archived full request
dq-2e7020c162e989cd65114a67,DQ,showcase-anchor-or-probe,6294,7.924,,,,-5.33,,COMPLETE_NUMERICAL,completed,Passed the bank numerical checks,2026-10-08,cfe2d2ff99a434cd502696c1eb7b2f5daf8d11c5,58faa4377006afb855cb3db77ca0c48382389a321419731c946976e4e1513fd6,native preset; see archived full request
dq-62fc785f4fe56529fbadbc33,DQ,showcase-anchor-or-probe,8000.0,8.0,,,,-5.0,,COMPLETE_NUMERICAL,completed,Passed the bank numerical checks,2026-10-08,cfe2d2ff99a434cd502696c1eb7b2f5daf8d11c5,58faa4377006afb855cb3db77ca0c48382389a321419731c946976e4e1513fd6,native preset; see archived full request
pg1159-3efa5be9673e87f159f2bd41,PG1159,showcase-anchor-or-probe,110000.0,7.0,,,,,,NUMERICAL_NONCONVERGENCE,unfinished,Limited native spectrum qualification passed; full equilibrium unverified,2026-10-08,cfe2d2ff99a434cd502696c1eb7b2f5daf8d11c5,58faa4377006afb855cb3db77ca0c48382389a321419731c946976e4e1513fd6,native preset; see archived full request
dab-dfa7e09f866ea007520f9403,DAB,initial-production-grid,20000,8,,,-2,,,COMPLETE_NUMERICAL,completed,Passed native atmosphere and independent final-source checks,2026-10-09,0a74fdbe06596fc145f5169a3b239ddd67053141,10a0b9c926b6862d629bc69b78d4387194196b8bcb894de76278c320e267a8da,production
dab-387fea33230cc0de130af894,DAB,initial-production-grid,20000,7,,,-2,,,COMPLETE_NUMERICAL,completed,Passed native atmosphere and independent final-source checks,2026-10-09,0a74fdbe06596fc145f5169a3b239ddd67053141,10a0b9c926b6862d629bc69b78d4387194196b8bcb894de76278c320e267a8da,production
dab-366a6a0dedd5101f9a726560,DAB,initial-production-grid,20000,9,,,-2,,,COMPLETE_NUMERICAL,completed,Passed native atmosphere and independent final-source checks,2026-10-09,0a74fdbe06596fc145f5169a3b239ddd67053141,10a0b9c926b6862d629bc69b78d4387194196b8bcb894de76278c320e267a8da,production
dab-913d1b6533dafbde6483f379,DAB,initial-production-grid,20000,8,,,2,,,COMPLETE_NUMERICAL,completed,Passed native atmosphere and independent final-source checks,2026-10-09,0a74fdbe06596fc145f5169a3b239ddd67053141,10a0b9c926b6862d629bc69b78d4387194196b8bcb894de76278c320e267a8da,production
dab-c93c57fb65a5823d0d647021,DAB,initial-production-grid,20000,8,,,-6,,,COMPLETE_NUMERICAL,completed,Passed native atmosphere and independent final-source checks,2026-10-09,0a74fdbe06596fc145f5169a3b239ddd67053141,10a0b9c926b6862d629bc69b78d4387194196b8bcb894de76278c320e267a8da,production
dab-7a42c418decf210e1bc107f5,DAB,initial-production-grid,30000,8,,,-2,,,COMPLETE_NUMERICAL,completed,Passed native atmosphere and independent final-source checks,2026-10-09,0a74fdbe06596fc145f5169a3b239ddd67053141,10a0b9c926b6862d629bc69b78d4387194196b8bcb894de76278c320e267a8da,production
dab-be3951c76899ceb7b56ce147,DAB,initial-production-grid,12000,6,,,-6,,,COMPLETE_NUMERICAL,completed,Passed native atmosphere and independent final-source checks,2026-10-09,0a74fdbe06596fc145f5169a3b239ddd67053141,10a0b9c926b6862d629bc69b78d4387194196b8bcb894de76278c320e267a8da,production
dab-5726f50d31431d627c462a91,DAB,initial-production-grid,12000,6,,,-4,,,COMPLETE_NUMERICAL,completed,Passed native atmosphere and independent final-source checks,2026-10-09,0a74fdbe06596fc145f5169a3b239ddd67053141,10a0b9c926b6862d629bc69b78d4387194196b8bcb894de76278c320e267a8da,production
dab-6649e2948270a9ca08a25744,DAB,initial-production-grid,12000,6,,,-2,,,COMPLETE_NUMERICAL,completed,Passed native atmosphere and independent final-source checks,2026-10-09,0a74fdbe06596fc145f5169a3b239ddd67053141,10a0b9c926b6862d629bc69b78d4387194196b8bcb894de76278c320e267a8da,production
dab-c7ff842f614e8fabf44f95cf,DAB,initial-production-grid,12000,6,,,0,,,COMPLETE_NUMERICAL,completed,Passed native atmosphere and independent final-source checks,2026-10-09,0a74fdbe06596fc145f5169a3b239ddd67053141,10a0b9c926b6862d629bc69b78d4387194196b8bcb894de76278c320e267a8da,production
dab-5b7126c63769503225e2fb1c,DAB,initial-production-grid,12000,6,,,2,,,COMPLETE_NUMERICAL,completed,Passed native atmosphere and independent final-source checks,2026-10-09,0a74fdbe06596fc145f5169a3b239ddd67053141,10a0b9c926b6862d629bc69b78d4387194196b8bcb894de76278c320e267a8da,production
dab-afbf8e432b81cf76ace06d68,DAB,initial-production-grid,12000,6,,,4,,,COMPLETE_NUMERICAL,completed,Passed native atmosphere and independent final-source checks,2026-10-09,0a74fdbe06596fc145f5169a3b239ddd67053141,10a0b9c926b6862d629bc69b78d4387194196b8bcb894de76278c320e267a8da,production
dab-4cbc436e6b8394b7981cc868,DAB,initial-production-grid,12000,6.5,,,-6,,,COMPLETE_NUMERICAL,completed,Passed native atmosphere and independent final-source checks,2026-10-09,0a74fdbe06596fc145f5169a3b239ddd67053141,10a0b9c926b6862d629bc69b78d4387194196b8bcb894de76278c320e267a8da,production
dab-c0476a8de19758c6d6f4744d,DAB,initial-production-grid,12000,6.5,,,-4,,,COMPLETE_NUMERICAL,completed,Passed native atmosphere and independent final-source checks,2026-10-09,0a74fdbe06596fc145f5169a3b239ddd67053141,10a0b9c926b6862d629bc69b78d4387194196b8bcb894de76278c320e267a8da,production
dab-c09ffa670b20eebdb3c9d1f0,DAB,initial-production-grid,12000,6.5,,,-2,,,COMPLETE_NUMERICAL,completed,Passed native atmosphere and independent final-source checks,2026-10-09,0a74fdbe06596fc145f5169a3b239ddd67053141,10a0b9c926b6862d629bc69b78d4387194196b8bcb894de76278c320e267a8da,production
dab-3e8c930643ae847b50e5c8fa,DAB,initial-production-grid,12000,6.5,,,0,,,COMPLETE_NUMERICAL,completed,Passed native atmosphere and independent final-source checks,2026-10-09,0a74fdbe06596fc145f5169a3b239ddd67053141,10a0b9c926b6862d629bc69b78d4387194196b8bcb894de76278c320e267a8da,production
dab-ea5be6beabf2f9ccec76ffde,DAB,initial-production-grid,12000,6.5,,,2,,,COMPLETE_NUMERICAL,completed,Passed native atmosphere and independent final-source checks,2026-10-09,0a74fdbe06596fc145f5169a3b239ddd67053141,10a0b9c926b6862d629bc69b78d4387194196b8bcb894de76278c320e267a8da,production
dab-4f556336625e8484b3672794,DAB,initial-production-grid,12000,6.5,,,4,,,COMPLETE_NUMERICAL,completed,Passed native atmosphere and independent final-source checks,2026-10-09,0a74fdbe06596fc145f5169a3b239ddd67053141,10a0b9c926b6862d629bc69b78d4387194196b8bcb894de76278c320e267a8da,production
dab-ac246a36d771f739e2bbfd8e,DAB,initial-production-grid,12000,7,,,-6,,,COMPLETE_NUMERICAL,completed,Passed native atmosphere and independent final-source checks,2026-10-09,0a74fdbe06596fc145f5169a3b239ddd67053141,10a0b9c926b6862d629bc69b78d4387194196b8bcb894de76278c320e267a8da,production
dab-3648100eeaa323c65b3c292e,DAB,initial-production-grid,12000,7,,,-4,,,COMPLETE_NUMERICAL,completed,Passed native atmosphere and independent final-source checks,2026-10-09,0a74fdbe06596fc145f5169a3b239ddd67053141,10a0b9c926b6862d629bc69b78d4387194196b8bcb894de76278c320e267a8da,production
dab-5ae409734d840c794346d6c9,DAB,initial-production-grid,12000,7,,,-2,,,COMPLETE_NUMERICAL,completed,Passed native atmosphere and independent final-source checks,2026-10-09,0a74fdbe06596fc145f5169a3b239ddd67053141,10a0b9c926b6862d629bc69b78d4387194196b8bcb894de76278c320e267a8da,production
dab-af7a1cacb58c6c0d2d7aca93,DAB,initial-production-grid,12000,7,,,0,,,COMPLETE_NUMERICAL,completed,Passed native atmosphere and independent final-source checks,2026-10-09,0a74fdbe06596fc145f5169a3b239ddd67053141,10a0b9c926b6862d629bc69b78d4387194196b8bcb894de76278c320e267a8da,production
dab-271150a9a85c5a1cd0cbb91c,DAB,initial-production-grid,12000,7,,,2,,,COMPLETE_NUMERICAL,completed,Passed native atmosphere and independent final-source checks,2026-10-09,0a74fdbe06596fc145f5169a3b239ddd67053141,10a0b9c926b6862d629bc69b78d4387194196b8bcb894de76278c320e267a8da,production
dab-53ba1de680e92f5c982c6ee7,DAB,initial-production-grid,12000,7,,,4,,,COMPLETE_NUMERICAL,completed,Passed native atmosphere and independent final-source checks,2026-10-09,0a74fdbe06596fc145f5169a3b239ddd67053141,10a0b9c926b6862d629bc69b78d4387194196b8bcb894de76278c320e267a8da,production
dab-210c9aa8ce868c98ff13802a,DAB,initial-production-grid,12000,7.5,,,-6,,,COMPLETE_NUMERICAL,completed,Passed native atmosphere and independent final-source checks,2026-10-09,0a74fdbe06596fc145f5169a3b239ddd67053141,10a0b9c926b6862d629bc69b78d4387194196b8bcb894de76278c320e267a8da,production
dab-7933f82e9d6a58817c8a9001,DAB,initial-production-grid,12000,7.5,,,-4,,,COMPLETE_NUMERICAL,completed,Passed native atmosphere and independent final-source checks,2026-10-09,0a74fdbe06596fc145f5169a3b239ddd67053141,10a0b9c926b6862d629bc69b78d4387194196b8bcb894de76278c320e267a8da,production
dab-848049a79348e2c7de6fc223,DAB,initial-production-grid,12000,7.5,,,-2,,,COMPLETE_NUMERICAL,completed,Passed native atmosphere and independent final-source checks,2026-10-09,0a74fdbe06596fc145f5169a3b239ddd67053141,10a0b9c926b6862d629bc69b78d4387194196b8bcb894de76278c320e267a8da,production
dab-b8d64d28565e0b3ce05a677d,DAB,initial-production-grid,12000,7.5,,,0,,,COMPLETE_NUMERICAL,completed,Passed native atmosphere and independent final-source checks,2026-10-09,0a74fdbe06596fc145f5169a3b239ddd67053141,10a0b9c926b6862d629bc69b78d4387194196b8bcb894de76278c320e267a8da,production
dab-e1befb1672374f317b379576,DAB,initial-production-grid,12000,7.5,,,2,,,COMPLETE_NUMERICAL,completed,Passed native atmosphere and independent final-source checks,2026-10-09,0a74fdbe06596fc145f5169a3b239ddd67053141,10a0b9c926b6862d629bc69b78d4387194196b8bcb894de76278c320e267a8da,production
dab-01e62dd824f82a9d75748001,DAB,initial-production-grid,12000,7.5,,,4,,,COMPLETE_NUMERICAL,completed,Passed native atmosphere and independent final-source checks,2026-10-09,0a74fdbe06596fc145f5169a3b239ddd67053141,10a0b9c926b6862d629bc69b78d4387194196b8bcb894de76278c320e267a8da,production
dab-d97902a18c293646f31530fc,DAB,initial-production-grid,12000,8,,,-6,,,COMPLETE_NUMERICAL,completed,Passed native atmosphere and independent final-source checks,2026-10-09,0a74fdbe06596fc145f5169a3b239ddd67053141,10a0b9c926b6862d629bc69b78d4387194196b8bcb894de76278c320e267a8da,production
dab-d5262cb5bb3716cffb099028,DAB,initial-production-grid,12000,8,,,-4,,,COMPLETE_NUMERICAL,completed,Passed native atmosphere and independent final-source checks,2026-10-09,0a74fdbe06596fc145f5169a3b239ddd67053141,10a0b9c926b6862d629bc69b78d4387194196b8bcb894de76278c320e267a8da,production
dab-93527fd5e36a54cdb9abd90a,DAB,initial-production-grid,12000,8,,,-2,,,COMPLETE_NUMERICAL,completed,Passed native atmosphere and independent final-source checks,2026-10-09,0a74fdbe06596fc145f5169a3b239ddd67053141,10a0b9c926b6862d629bc69b78d4387194196b8bcb894de76278c320e267a8da,production
dab-5cdb46c2d489c43e85ca3805,DAB,initial-production-grid,12000,8,,,0,,,COMPLETE_NUMERICAL,completed,Passed native atmosphere and independent final-source checks,2026-10-09,0a74fdbe06596fc145f5169a3b239ddd67053141,10a0b9c926b6862d629bc69b78d4387194196b8bcb894de76278c320e267a8da,production
dab-7511b80432ab9ac1dfa5bef4,DAB,initial-production-grid,12000,8,,,2,,,COMPLETE_NUMERICAL,completed,Passed native atmosphere and independent final-source checks,2026-10-09,0a74fdbe06596fc145f5169a3b239ddd67053141,10a0b9c926b6862d629bc69b78d4387194196b8bcb894de76278c320e267a8da,production
dab-775f020812041ab09fbc0110,DAB,initial-production-grid,12000,8,,,4,,,COMPLETE_NUMERICAL,completed,Passed native atmosphere and independent final-source checks,2026-10-09,0a74fdbe06596fc145f5169a3b239ddd67053141,10a0b9c926b6862d629bc69b78d4387194196b8bcb894de76278c320e267a8da,production
dab-1ac096a06c7c644fc3329868,DAB,initial-production-grid,12000,8.5,,,-6,,,COMPLETE_NUMERICAL,completed,Passed native atmosphere and independent final-source checks,2026-10-09,0a74fdbe06596fc145f5169a3b239ddd67053141,10a0b9c926b6862d629bc69b78d4387194196b8bcb894de76278c320e267a8da,production
dab-f6bf315df0ddd864d79c3d37,DAB,initial-production-grid,12000,8.5,,,-4,,,COMPLETE_NUMERICAL,completed,Passed native atmosphere and independent final-source checks,2026-10-09,0a74fdbe06596fc145f5169a3b239ddd67053141,10a0b9c926b6862d629bc69b78d4387194196b8bcb894de76278c320e267a8da,production
dab-6af25c97608ec2a583329492,DAB,initial-production-grid,12000,8.5,,,-2,,,COMPLETE_NUMERICAL,completed,Passed native atmosphere and independent final-source checks,2026-10-09,0a74fdbe06596fc145f5169a3b239ddd67053141,10a0b9c926b6862d629bc69b78d4387194196b8bcb894de76278c320e267a8da,production
dab-c913e1a6e33a6388a372a8c6,DAB,initial-production-grid,12000,8.5,,,0,,,DOMAIN_OR_UNSUPPORTED_CONFIG,unsupported,Automatic molecular workflow requires logg8; no different physics or gravity substituted,2026-10-09,0a74fdbe06596fc145f5169a3b239ddd67053141,10a0b9c926b6862d629bc69b78d4387194196b8bcb894de76278c320e267a8da,production
dab-a917f039dc3d4191afc2d453,DAB,initial-production-grid,12000,8.5,,,2,,,COMPLETE_NUMERICAL,completed,Passed native atmosphere and independent final-source checks,2026-10-09,0a74fdbe06596fc145f5169a3b239ddd67053141,10a0b9c926b6862d629bc69b78d4387194196b8bcb894de76278c320e267a8da,production
dab-d772cfa6432619bd1d4a991f,DAB,initial-production-grid,12000,8.5,,,4,,,COMPLETE_NUMERICAL,completed,Passed native atmosphere and independent final-source checks,2026-10-09,0a74fdbe06596fc145f5169a3b239ddd67053141,10a0b9c926b6862d629bc69b78d4387194196b8bcb894de76278c320e267a8da,production
dab-7a83f409c113076bddeaaf93,DAB,initial-production-grid,12000,9,,,-6,,,COMPLETE_NUMERICAL,completed,Passed native atmosphere and independent final-source checks,2026-10-09,0a74fdbe06596fc145f5169a3b239ddd67053141,10a0b9c926b6862d629bc69b78d4387194196b8bcb894de76278c320e267a8da,production
dab-5dce4d8c2a17e01fda86e093,DAB,initial-production-grid,12000,9,,,-4,,,COMPLETE_NUMERICAL,completed,Passed native atmosphere and independent final-source checks,2026-10-09,0a74fdbe06596fc145f5169a3b239ddd67053141,10a0b9c926b6862d629bc69b78d4387194196b8bcb894de76278c320e267a8da,production
dab-c1321c23f385037844d3b5c9,DAB,initial-production-grid,12000,9,,,-2,,,DOMAIN_OR_UNSUPPORTED_CONFIG,unsupported,Automatic molecular workflow requires logg8; no different physics or gravity substituted,2026-10-09,0a74fdbe06596fc145f5169a3b239ddd67053141,10a0b9c926b6862d629bc69b78d4387194196b8bcb894de76278c320e267a8da,production
dab-b10936f859ae3f7030712494,DAB,initial-production-grid,12000,9,,,0,,,DOMAIN_OR_UNSUPPORTED_CONFIG,unsupported,Automatic molecular workflow requires logg8; no different physics or gravity substituted,2026-10-09,0a74fdbe06596fc145f5169a3b239ddd67053141,10a0b9c926b6862d629bc69b78d4387194196b8bcb894de76278c320e267a8da,production
dab-e47b5764536ab8680a82a6bc,DAB,initial-production-grid,12000,9,,,2,,,DOMAIN_OR_UNSUPPORTED_CONFIG,unsupported,Automatic molecular workflow requires logg8; no different physics or gravity substituted,2026-10-09,0a74fdbe06596fc145f5169a3b239ddd67053141,10a0b9c926b6862d629bc69b78d4387194196b8bcb894de76278c320e267a8da,production
dab-f3a2acf71b19b0c4b1077f3b,DAB,initial-production-grid,12000,9,,,4,,,DOMAIN_OR_UNSUPPORTED_CONFIG,unsupported,Automatic molecular workflow requires logg8; no different physics or gravity substituted,2026-10-09,0a74fdbe06596fc145f5169a3b239ddd67053141,10a0b9c926b6862d629bc69b78d4387194196b8bcb894de76278c320e267a8da,production
dab-88f46e2c0660a733f8cefe93,DAB,initial-production-grid,12000,9.5,,,-6,,,COMPLETE_NUMERICAL,completed,Passed native atmosphere and independent final-source checks,2026-10-09,0a74fdbe06596fc145f5169a3b239ddd67053141,10a0b9c926b6862d629bc69b78d4387194196b8bcb894de76278c320e267a8da,production
dab-6f7a701caa2cca3a83bcce18,DAB,initial-production-grid,12000,9.5,,,-4,,,COMPLETE_NUMERICAL,completed,Passed native atmosphere and independent final-source checks,2026-10-09,0a74fdbe06596fc145f5169a3b239ddd67053141,10a0b9c926b6862d629bc69b78d4387194196b8bcb894de76278c320e267a8da,production
dab-013aaa853bbb624949fa40ed,DAB,initial-production-grid,12000,9.5,,,-2,,,DOMAIN_OR_UNSUPPORTED_CONFIG,unsupported,Automatic molecular workflow requires logg8; no different physics or gravity substituted,2026-10-09,0a74fdbe06596fc145f5169a3b239ddd67053141,10a0b9c926b6862d629bc69b78d4387194196b8bcb894de76278c320e267a8da,production
dab-3a4d83d53cb5bb0e614456c5,DAB,initial-production-grid,12000,9.5,,,0,,,DOMAIN_OR_UNSUPPORTED_CONFIG,unsupported,Automatic molecular workflow requires logg8; no different physics or gravity substituted,2026-10-09,0a74fdbe06596fc145f5169a3b239ddd67053141,10a0b9c926b6862d629bc69b78d4387194196b8bcb894de76278c320e267a8da,production
dab-d1bfc2c4117c498347ae17b8,DAB,initial-production-grid,12000,9.5,,,2,,,DOMAIN_OR_UNSUPPORTED_CONFIG,unsupported,Automatic molecular workflow requires logg8; no different physics or gravity substituted,2026-10-09,0a74fdbe06596fc145f5169a3b239ddd67053141,10a0b9c926b6862d629bc69b78d4387194196b8bcb894de76278c320e267a8da,production
dab-d904a766c1f0a85c23d13711,DAB,initial-production-grid,12000,9.5,,,4,,,DOMAIN_OR_UNSUPPORTED_CONFIG,unsupported,Automatic molecular workflow requires logg8; no different physics or gravity substituted,2026-10-09,0a74fdbe06596fc145f5169a3b239ddd67053141,10a0b9c926b6862d629bc69b78d4387194196b8bcb894de76278c320e267a8da,production
dab-3e5da0662e9db2375312c385,DAB,initial-production-grid,15000,6,,,-6,,,COMPLETE_NUMERICAL,completed,Passed native atmosphere and independent final-source checks,2026-10-09,0a74fdbe06596fc145f5169a3b239ddd67053141,10a0b9c926b6862d629bc69b78d4387194196b8bcb894de76278c320e267a8da,production
dab-5e6badf16aa4924cb8743938,DAB,initial-production-grid,15000,6,,,-4,,,COMPLETE_NUMERICAL,completed,Passed native atmosphere and independent final-source checks,2026-10-09,0a74fdbe06596fc145f5169a3b239ddd67053141,10a0b9c926b6862d629bc69b78d4387194196b8bcb894de76278c320e267a8da,production
dab-2a845249e1e81b6272c444df,DAB,initial-production-grid,15000,6,,,-2,,,COMPLETE_NUMERICAL,completed,Passed native atmosphere and independent final-source checks,2026-10-09,0a74fdbe06596fc145f5169a3b239ddd67053141,10a0b9c926b6862d629bc69b78d4387194196b8bcb894de76278c320e267a8da,production
dab-5cc0bf5fa91fb73208b2d27d,DAB,initial-production-grid,15000,6,,,0,,,COMPLETE_NUMERICAL,completed,Passed native atmosphere and independent final-source checks,2026-10-09,0a74fdbe06596fc145f5169a3b239ddd67053141,10a0b9c926b6862d629bc69b78d4387194196b8bcb894de76278c320e267a8da,production
dab-7930cb2681900f00496a36ea,DAB,initial-production-grid,15000,6,,,2,,,COMPLETE_NUMERICAL,completed,Passed native atmosphere and independent final-source checks,2026-10-09,0a74fdbe06596fc145f5169a3b239ddd67053141,10a0b9c926b6862d629bc69b78d4387194196b8bcb894de76278c320e267a8da,production
dab-d6e25e9a0bf0ff4ae7683024,DAB,initial-production-grid,15000,6,,,4,,,COMPLETE_NUMERICAL,completed,Passed native atmosphere and independent final-source checks,2026-10-09,0a74fdbe06596fc145f5169a3b239ddd67053141,10a0b9c926b6862d629bc69b78d4387194196b8bcb894de76278c320e267a8da,production
dab-111c0167e6795a458c788d75,DAB,initial-production-grid,15000,6.5,,,-6,,,COMPLETE_NUMERICAL,completed,Passed native atmosphere and independent final-source checks,2026-10-09,0a74fdbe06596fc145f5169a3b239ddd67053141,10a0b9c926b6862d629bc69b78d4387194196b8bcb894de76278c320e267a8da,production
dab-97d26541fc81ad37052ba34b,DAB,initial-production-grid,15000,6.5,,,-4,,,COMPLETE_NUMERICAL,completed,Passed native atmosphere and independent final-source checks,2026-10-09,0a74fdbe06596fc145f5169a3b239ddd67053141,10a0b9c926b6862d629bc69b78d4387194196b8bcb894de76278c320e267a8da,production
dab-8e04d1c9698e3916f66c13c1,DAB,initial-production-grid,15000,6.5,,,-2,,,COMPLETE_NUMERICAL,completed,Passed native atmosphere and independent final-source checks,2026-10-09,0a74fdbe06596fc145f5169a3b239ddd67053141,10a0b9c926b6862d629bc69b78d4387194196b8bcb894de76278c320e267a8da,production
dab-fea7b7626ad0b6decd103007,DAB,initial-production-grid,15000,6.5,,,0,,,COMPLETE_NUMERICAL,completed,Passed native atmosphere and independent final-source checks,2026-10-09,0a74fdbe06596fc145f5169a3b239ddd67053141,10a0b9c926b6862d629bc69b78d4387194196b8bcb894de76278c320e267a8da,production
dab-f01606d84e283dd2f2afe4f2,DAB,initial-production-grid,15000,6.5,,,2,,,COMPLETE_NUMERICAL,completed,Passed native atmosphere and independent final-source checks,2026-10-09,0a74fdbe06596fc145f5169a3b239ddd67053141,10a0b9c926b6862d629bc69b78d4387194196b8bcb894de76278c320e267a8da,production
dab-064a110a3470236a09a895fa,DAB,initial-production-grid,15000,6.5,,,4,,,COMPLETE_NUMERICAL,completed,Passed native atmosphere and independent final-source checks,2026-10-09,0a74fdbe06596fc145f5169a3b239ddd67053141,10a0b9c926b6862d629bc69b78d4387194196b8bcb894de76278c320e267a8da,production
dab-2b28cadad9ce7fe2bea7ed5a,DAB,initial-production-grid,15000,7,,,-6,,,COMPLETE_NUMERICAL,completed,Passed native atmosphere and independent final-source checks,2026-10-09,0a74fdbe06596fc145f5169a3b239ddd67053141,10a0b9c926b6862d629bc69b78d4387194196b8bcb894de76278c320e267a8da,production
dab-099621db9e1ea83d4cc010ea,DAB,initial-production-grid,15000,7,,,-4,,,COMPLETE_NUMERICAL,completed,Passed native atmosphere and independent final-source checks,2026-10-09,0a74fdbe06596fc145f5169a3b239ddd67053141,10a0b9c926b6862d629bc69b78d4387194196b8bcb894de76278c320e267a8da,production
dab-b402f23fcdaf46662ff91c12,DAB,initial-production-grid,15000,7,,,-2,,,COMPLETE_NUMERICAL,completed,Passed native atmosphere and independent final-source checks,2026-10-09,0a74fdbe06596fc145f5169a3b239ddd67053141,10a0b9c926b6862d629bc69b78d4387194196b8bcb894de76278c320e267a8da,production
dab-6f1e3ed21e5656e0b0af277c,DAB,initial-production-grid,15000,7,,,0,,,COMPLETE_NUMERICAL,completed,Passed native atmosphere and independent final-source checks,2026-10-09,0a74fdbe06596fc145f5169a3b239ddd67053141,10a0b9c926b6862d629bc69b78d4387194196b8bcb894de76278c320e267a8da,production
dab-bb37b8375fa37aad7db9e06f,DAB,initial-production-grid,15000,7,,,2,,,COMPLETE_NUMERICAL,completed,Passed native atmosphere and independent final-source checks,2026-10-09,0a74fdbe06596fc145f5169a3b239ddd67053141,10a0b9c926b6862d629bc69b78d4387194196b8bcb894de76278c320e267a8da,production
dab-bf337fab210cc1b8042f3118,DAB,initial-production-grid,15000,7,,,4,,,COMPLETE_NUMERICAL,completed,Passed native atmosphere and independent final-source checks,2026-10-09,0a74fdbe06596fc145f5169a3b239ddd67053141,10a0b9c926b6862d629bc69b78d4387194196b8bcb894de76278c320e267a8da,production
dab-3ed4615b54ad3f343fbb7ae5,DAB,initial-production-grid,15000,7.5,,,-6,,,COMPLETE_NUMERICAL,completed,Passed native atmosphere and independent final-source checks,2026-10-09,0a74fdbe06596fc145f5169a3b239ddd67053141,10a0b9c926b6862d629bc69b78d4387194196b8bcb894de76278c320e267a8da,production
dab-c219ff75a53681415ffbb1e8,DAB,initial-production-grid,15000,7.5,,,-4,,,COMPLETE_NUMERICAL,completed,Passed native atmosphere and independent final-source checks,2026-10-09,0a74fdbe06596fc145f5169a3b239ddd67053141,10a0b9c926b6862d629bc69b78d4387194196b8bcb894de76278c320e267a8da,production
dab-f0f852fdb08afeb4910fc067,DAB,initial-production-grid,15000,7.5,,,-2,,,COMPLETE_NUMERICAL,completed,Passed native atmosphere and independent final-source checks,2026-10-09,0a74fdbe06596fc145f5169a3b239ddd67053141,10a0b9c926b6862d629bc69b78d4387194196b8bcb894de76278c320e267a8da,production
dab-b014e1a5df7ee5a4f079393f,DAB,initial-production-grid,15000,7.5,,,0,,,COMPLETE_NUMERICAL,completed,Passed native atmosphere and independent final-source checks,2026-10-09,0a74fdbe06596fc145f5169a3b239ddd67053141,10a0b9c926b6862d629bc69b78d4387194196b8bcb894de76278c320e267a8da,production
dab-82be469f08ffe80346b29473,DAB,initial-production-grid,15000,7.5,,,2,,,COMPLETE_NUMERICAL,completed,Passed native atmosphere and independent final-source checks,2026-10-09,0a74fdbe06596fc145f5169a3b239ddd67053141,10a0b9c926b6862d629bc69b78d4387194196b8bcb894de76278c320e267a8da,production
dab-5b82574eb992661f9277a6d6,DAB,initial-production-grid,15000,7.5,,,4,,,COMPLETE_NUMERICAL,completed,Passed native atmosphere and independent final-source checks,2026-10-09,0a74fdbe06596fc145f5169a3b239ddd67053141,10a0b9c926b6862d629bc69b78d4387194196b8bcb894de76278c320e267a8da,production
dab-a5e17be424b3beade06bf974,DAB,initial-production-grid,15000,8,,,-6,,,COMPLETE_NUMERICAL,completed,Passed native atmosphere and independent final-source checks,2026-10-09,0a74fdbe06596fc145f5169a3b239ddd67053141,10a0b9c926b6862d629bc69b78d4387194196b8bcb894de76278c320e267a8da,production
dab-32a5f9d2ea4f8ceb690f1864,DAB,initial-production-grid,15000,8,,,-4,,,COMPLETE_NUMERICAL,completed,Passed native atmosphere and independent final-source checks,2026-10-09,0a74fdbe06596fc145f5169a3b239ddd67053141,10a0b9c926b6862d629bc69b78d4387194196b8bcb894de76278c320e267a8da,production
dab-56dc0120bb012402e4f08e8b,DAB,initial-production-grid,15000,8,,,-2,,,COMPLETE_NUMERICAL,completed,Passed native atmosphere and independent final-source checks,2026-10-09,0a74fdbe06596fc145f5169a3b239ddd67053141,10a0b9c926b6862d629bc69b78d4387194196b8bcb894de76278c320e267a8da,production
dab-c0b3cbdee1bf4ce3388bc739,DAB,initial-production-grid,15000,8,,,0,,,COMPLETE_NUMERICAL,completed,Passed native atmosphere and independent final-source checks,2026-10-09,0a74fdbe06596fc145f5169a3b239ddd67053141,10a0b9c926b6862d629bc69b78d4387194196b8bcb894de76278c320e267a8da,production
dab-8312b1383fa0164b4d5ad91d,DAB,initial-production-grid,15000,8,,,2,,,COMPLETE_NUMERICAL,completed,Passed native atmosphere and independent final-source checks,2026-10-09,0a74fdbe06596fc145f5169a3b239ddd67053141,10a0b9c926b6862d629bc69b78d4387194196b8bcb894de76278c320e267a8da,production
dab-987feae0967068120caf8f74,DAB,initial-production-grid,15000,8,,,4,,,COMPLETE_NUMERICAL,completed,Passed native atmosphere and independent final-source checks,2026-10-09,0a74fdbe06596fc145f5169a3b239ddd67053141,10a0b9c926b6862d629bc69b78d4387194196b8bcb894de76278c320e267a8da,production
dab-155a95497247baec46c62498,DAB,initial-production-grid,15000,8.5,,,-6,,,COMPLETE_NUMERICAL,completed,Passed native atmosphere and independent final-source checks,2026-10-09,0a74fdbe06596fc145f5169a3b239ddd67053141,10a0b9c926b6862d629bc69b78d4387194196b8bcb894de76278c320e267a8da,production
dab-b06783f9a8c943bbe5828d4a,DAB,initial-production-grid,15000,8.5,,,-4,,,COMPLETE_NUMERICAL,completed,Passed native atmosphere and independent final-source checks,2026-10-09,0a74fdbe06596fc145f5169a3b239ddd67053141,10a0b9c926b6862d629bc69b78d4387194196b8bcb894de76278c320e267a8da,production
dab-3eecd8ef3c39ce36b1877e20,DAB,initial-production-grid,15000,8.5,,,-2,,,COMPLETE_NUMERICAL,completed,Passed native atmosphere and independent final-source checks,2026-10-09,0a74fdbe06596fc145f5169a3b239ddd67053141,10a0b9c926b6862d629bc69b78d4387194196b8bcb894de76278c320e267a8da,production
dab-d5d538ec3f54afa71b68f59b,DAB,initial-production-grid,15000,8.5,,,0,,,COMPLETE_NUMERICAL,completed,Passed native atmosphere and independent final-source checks,2026-10-09,0a74fdbe06596fc145f5169a3b239ddd67053141,10a0b9c926b6862d629bc69b78d4387194196b8bcb894de76278c320e267a8da,production
dab-11706b9f676cc330421f2f7c,DAB,initial-production-grid,15000,8.5,,,2,,,COMPLETE_NUMERICAL,completed,Passed native atmosphere and independent final-source checks,2026-10-09,0a74fdbe06596fc145f5169a3b239ddd67053141,10a0b9c926b6862d629bc69b78d4387194196b8bcb894de76278c320e267a8da,production
dab-a93cafeed138ce5751dea396,DAB,initial-production-grid,15000,8.5,,,4,,,COMPLETE_NUMERICAL,completed,Passed native atmosphere and independent final-source checks,2026-10-09,0a74fdbe06596fc145f5169a3b239ddd67053141,10a0b9c926b6862d629bc69b78d4387194196b8bcb894de76278c320e267a8da,production
dab-0abd5c43aa764b5a5adcd7be,DAB,initial-production-grid,15000,9,,,-6,,,COMPLETE_NUMERICAL,completed,Passed native atmosphere and independent final-source checks,2026-10-09,0a74fdbe06596fc145f5169a3b239ddd67053141,10a0b9c926b6862d629bc69b78d4387194196b8bcb894de76278c320e267a8da,production
dab-9071b77d603955cb854cc01c,DAB,initial-production-grid,15000,9,,,-4,,,COMPLETE_NUMERICAL,completed,Passed native atmosphere and independent final-source checks,2026-10-09,0a74fdbe06596fc145f5169a3b239ddd67053141,10a0b9c926b6862d629bc69b78d4387194196b8bcb894de76278c320e267a8da,production
dab-2b4cb4e81c08344f78a5f268,DAB,initial-production-grid,15000,9,,,-2,,,COMPLETE_NUMERICAL,completed,Passed native atmosphere and independent final-source checks,2026-10-09,0a74fdbe06596fc145f5169a3b239ddd67053141,10a0b9c926b6862d629bc69b78d4387194196b8bcb894de76278c320e267a8da,production
dab-a8967b46929de655dfaa1490,DAB,initial-production-grid,15000,9,,,0,,,COMPLETE_NUMERICAL,completed,Passed native atmosphere and independent final-source checks,2026-10-09,0a74fdbe06596fc145f5169a3b239ddd67053141,10a0b9c926b6862d629bc69b78d4387194196b8bcb894de76278c320e267a8da,production
dab-82a80aa807bf79186a5440ba,DAB,initial-production-grid,15000,9,,,2,,,COMPLETE_NUMERICAL,completed,Passed native atmosphere and independent final-source checks,2026-10-09,0a74fdbe06596fc145f5169a3b239ddd67053141,10a0b9c926b6862d629bc69b78d4387194196b8bcb894de76278c320e267a8da,production
dab-98c3255180e755fff16a57cb,DAB,initial-production-grid,15000,9,,,4,,,COMPLETE_NUMERICAL,completed,Passed native atmosphere and independent final-source checks,2026-10-09,0a74fdbe06596fc145f5169a3b239ddd67053141,10a0b9c926b6862d629bc69b78d4387194196b8bcb894de76278c320e267a8da,production
dab-1002663bfa67d5df21322abf,DAB,initial-production-grid,15000,9.5,,,-6,,,COMPLETE_NUMERICAL,completed,Passed native atmosphere and independent final-source checks,2026-10-09,0a74fdbe06596fc145f5169a3b239ddd67053141,10a0b9c926b6862d629bc69b78d4387194196b8bcb894de76278c320e267a8da,production
dab-54ad4ea736b316f5ad4405bc,DAB,initial-production-grid,15000,9.5,,,-4,,,COMPLETE_NUMERICAL,completed,Passed native atmosphere and independent final-source checks,2026-10-09,0a74fdbe06596fc145f5169a3b239ddd67053141,10a0b9c926b6862d629bc69b78d4387194196b8bcb894de76278c320e267a8da,production
dab-4ab8b4dcc30891c3cb9a2c44,DAB,initial-production-grid,15000,9.5,,,-2,,,COMPLETE_NUMERICAL,completed,Passed native atmosphere and independent final-source checks,2026-10-09,0a74fdbe06596fc145f5169a3b239ddd67053141,10a0b9c926b6862d629bc69b78d4387194196b8bcb894de76278c320e267a8da,production
dab-8ea7694d18e2b0f6d16d3a37,DAB,initial-production-grid,15000,9.5,,,0,,,COMPLETE_NUMERICAL,completed,Passed native atmosphere and independent final-source checks,2026-10-09,0a74fdbe06596fc145f5169a3b239ddd67053141,10a0b9c926b6862d629bc69b78d4387194196b8bcb894de76278c320e267a8da,production
dab-ab6b925dd267eb6f8d82aa2f,DAB,initial-production-grid,15000,9.5,,,2,,,COMPLETE_NUMERICAL,completed,Passed native atmosphere and independent final-source checks,2026-10-09,0a74fdbe06596fc145f5169a3b239ddd67053141,10a0b9c926b6862d629bc69b78d4387194196b8bcb894de76278c320e267a8da,production
dab-cad411b2919fa30325e01d34,DAB,initial-production-grid,15000,9.5,,,4,,,COMPLETE_NUMERICAL,completed,Passed native atmosphere and independent final-source checks,2026-10-09,0a74fdbe06596fc145f5169a3b239ddd67053141,10a0b9c926b6862d629bc69b78d4387194196b8bcb894de76278c320e267a8da,production
dab-0c420b0f9c5e5a1f7df04fbe,DAB,initial-production-grid,20000,6,,,-6,,,COMPLETE_NUMERICAL,completed,Passed native atmosphere and independent final-source checks,2026-10-09,0a74fdbe06596fc145f5169a3b239ddd67053141,10a0b9c926b6862d629bc69b78d4387194196b8bcb894de76278c320e267a8da,production
dab-ecc7bc1f4eb540cc6648eb59,DAB,initial-production-grid,20000,6,,,-4,,,COMPLETE_NUMERICAL,completed,Passed native atmosphere and independent final-source checks,2026-10-09,0a74fdbe06596fc145f5169a3b239ddd67053141,10a0b9c926b6862d629bc69b78d4387194196b8bcb894de76278c320e267a8da,production
dab-a33d1de1e611bd41b01cb2fb,DAB,initial-production-grid,20000,6,,,-2,,,COMPLETE_NUMERICAL,completed,Passed native atmosphere and independent final-source checks,2026-10-09,0a74fdbe06596fc145f5169a3b239ddd67053141,10a0b9c926b6862d629bc69b78d4387194196b8bcb894de76278c320e267a8da,production
dab-9189d4e40b57231c185b980c,DAB,initial-production-grid,20000,6,,,0,,,COMPLETE_NUMERICAL,completed,Passed native atmosphere and independent final-source checks,2026-10-09,0a74fdbe06596fc145f5169a3b239ddd67053141,10a0b9c926b6862d629bc69b78d4387194196b8bcb894de76278c320e267a8da,production
dab-d42159edbb55d471c96be3a0,DAB,initial-production-grid,20000,6,,,2,,,COMPLETE_NUMERICAL,completed,Passed native atmosphere and independent final-source checks,2026-10-09,0a74fdbe06596fc145f5169a3b239ddd67053141,10a0b9c926b6862d629bc69b78d4387194196b8bcb894de76278c320e267a8da,production
dab-8206eca096577679f7b25708,DAB,initial-production-grid,20000,6,,,4,,,COMPLETE_NUMERICAL,completed,Passed native atmosphere and independent final-source checks,2026-10-09,0a74fdbe06596fc145f5169a3b239ddd67053141,10a0b9c926b6862d629bc69b78d4387194196b8bcb894de76278c320e267a8da,production
dab-f079bda8b2505f9678bfd805,DAB,initial-production-grid,20000,6.5,,,-6,,,COMPLETE_NUMERICAL,completed,Passed native atmosphere and independent final-source checks,2026-10-09,0a74fdbe06596fc145f5169a3b239ddd67053141,10a0b9c926b6862d629bc69b78d4387194196b8bcb894de76278c320e267a8da,production
dab-11689a362eda7db0f28036c3,DAB,initial-production-grid,20000,6.5,,,-4,,,COMPLETE_NUMERICAL,completed,Passed native atmosphere and independent final-source checks,2026-10-09,0a74fdbe06596fc145f5169a3b239ddd67053141,10a0b9c926b6862d629bc69b78d4387194196b8bcb894de76278c320e267a8da,production
dab-be07c8b2a0bfae7b558b1837,DAB,initial-production-grid,20000,6.5,,,-2,,,COMPLETE_NUMERICAL,completed,Passed native atmosphere and independent final-source checks,2026-10-09,0a74fdbe06596fc145f5169a3b239ddd67053141,10a0b9c926b6862d629bc69b78d4387194196b8bcb894de76278c320e267a8da,production
dab-db0dd37a4a8068b84c2a6afc,DAB,initial-production-grid,20000,6.5,,,0,,,COMPLETE_NUMERICAL,completed,Passed native atmosphere and independent final-source checks,2026-10-09,0a74fdbe06596fc145f5169a3b239ddd67053141,10a0b9c926b6862d629bc69b78d4387194196b8bcb894de76278c320e267a8da,production
dab-f1d9b5a00ddddbfc8df9b533,DAB,initial-production-grid,20000,6.5,,,2,,,COMPLETE_NUMERICAL,completed,Passed native atmosphere and independent final-source checks,2026-10-09,0a74fdbe06596fc145f5169a3b239ddd67053141,10a0b9c926b6862d629bc69b78d4387194196b8bcb894de76278c320e267a8da,production
dab-887fca23ac35f3d56160bf40,DAB,initial-production-grid,20000,6.5,,,4,,,COMPLETE_NUMERICAL,completed,Passed native atmosphere and independent final-source checks,2026-10-09,0a74fdbe06596fc145f5169a3b239ddd67053141,10a0b9c926b6862d629bc69b78d4387194196b8bcb894de76278c320e267a8da,production
dab-d4006a600d5dbdf8c8ef98c4,DAB,initial-production-grid,20000,7,,,-6,,,COMPLETE_NUMERICAL,completed,Passed native atmosphere and independent final-source checks,2026-10-09,0a74fdbe06596fc145f5169a3b239ddd67053141,10a0b9c926b6862d629bc69b78d4387194196b8bcb894de76278c320e267a8da,production
dab-2f7f889d4ff6984816030a54,DAB,initial-production-grid,20000,7,,,-4,,,COMPLETE_NUMERICAL,completed,Passed native atmosphere and independent final-source checks,2026-10-09,0a74fdbe06596fc145f5169a3b239ddd67053141,10a0b9c926b6862d629bc69b78d4387194196b8bcb894de76278c320e267a8da,production
dab-543d1834a2720f1492ab307f,DAB,initial-production-grid,20000,7,,,0,,,COMPLETE_NUMERICAL,completed,Passed native atmosphere and independent final-source checks,2026-10-09,0a74fdbe06596fc145f5169a3b239ddd67053141,10a0b9c926b6862d629bc69b78d4387194196b8bcb894de76278c320e267a8da,production
dab-db69097f6d8c9c7a42d2ee34,DAB,initial-production-grid,20000,7,,,2,,,COMPLETE_NUMERICAL,completed,Passed native atmosphere and independent final-source checks,2026-10-09,0a74fdbe06596fc145f5169a3b239ddd67053141,10a0b9c926b6862d629bc69b78d4387194196b8bcb894de76278c320e267a8da,production
dab-c4df4dd88cd858e4825c9a3f,DAB,initial-production-grid,20000,7,,,4,,,COMPLETE_NUMERICAL,completed,Passed native atmosphere and independent final-source checks,2026-10-09,0a74fdbe06596fc145f5169a3b239ddd67053141,10a0b9c926b6862d629bc69b78d4387194196b8bcb894de76278c320e267a8da,production
dab-6af1fb60295b61f7b328c01e,DAB,initial-production-grid,20000,7.5,,,-6,,,COMPLETE_NUMERICAL,completed,Passed native atmosphere and independent final-source checks,2026-10-09,0a74fdbe06596fc145f5169a3b239ddd67053141,10a0b9c926b6862d629bc69b78d4387194196b8bcb894de76278c320e267a8da,production
dab-db1a6bcb37d6e38540c188ec,DAB,initial-production-grid,20000,7.5,,,-4,,,COMPLETE_NUMERICAL,completed,Passed native atmosphere and independent final-source checks,2026-10-09,0a74fdbe06596fc145f5169a3b239ddd67053141,10a0b9c926b6862d629bc69b78d4387194196b8bcb894de76278c320e267a8da,production
dab-a7dd67a6d841abc5c02ae089,DAB,initial-production-grid,20000,7.5,,,-2,,,COMPLETE_NUMERICAL,completed,Passed native atmosphere and independent final-source checks,2026-10-09,0a74fdbe06596fc145f5169a3b239ddd67053141,10a0b9c926b6862d629bc69b78d4387194196b8bcb894de76278c320e267a8da,production
dab-1f00f13e7d88c6f538e25965,DAB,initial-production-grid,20000,7.5,,,0,,,COMPLETE_NUMERICAL,completed,Passed native atmosphere and independent final-source checks,2026-10-09,0a74fdbe06596fc145f5169a3b239ddd67053141,10a0b9c926b6862d629bc69b78d4387194196b8bcb894de76278c320e267a8da,production
dab-05bfb3320ca8f3db5ddc7b0e,DAB,initial-production-grid,20000,7.5,,,2,,,COMPLETE_NUMERICAL,completed,Passed native atmosphere and independent final-source checks,2026-10-09,0a74fdbe06596fc145f5169a3b239ddd67053141,10a0b9c926b6862d629bc69b78d4387194196b8bcb894de76278c320e267a8da,production
dab-385cfd32f4d7a9d71ed474a2,DAB,initial-production-grid,20000,7.5,,,4,,,COMPLETE_NUMERICAL,completed,Passed native atmosphere and independent final-source checks,2026-10-09,0a74fdbe06596fc145f5169a3b239ddd67053141,10a0b9c926b6862d629bc69b78d4387194196b8bcb894de76278c320e267a8da,production
dab-c218c7629dff97566f4b3958,DAB,initial-production-grid,20000,8,,,-4,,,COMPLETE_NUMERICAL,completed,Passed native atmosphere and independent final-source checks,2026-10-09,0a74fdbe06596fc145f5169a3b239ddd67053141,10a0b9c926b6862d629bc69b78d4387194196b8bcb894de76278c320e267a8da,production
dab-384c120fb1e0e6bee1c6d63b,DAB,initial-production-grid,20000,8,,,0,,,COMPLETE_NUMERICAL,completed,Passed native atmosphere and independent final-source checks,2026-10-09,0a74fdbe06596fc145f5169a3b239ddd67053141,10a0b9c926b6862d629bc69b78d4387194196b8bcb894de76278c320e267a8da,production
dab-1976f2705c57ff1a061670c8,DAB,initial-production-grid,20000,8,,,4,,,COMPLETE_NUMERICAL,completed,Passed native atmosphere and independent final-source checks,2026-10-09,0a74fdbe06596fc145f5169a3b239ddd67053141,10a0b9c926b6862d629bc69b78d4387194196b8bcb894de76278c320e267a8da,production
dab-fed17b86c8fc791733aebb90,DAB,initial-production-grid,20000,8.5,,,-6,,,COMPLETE_NUMERICAL,completed,Passed native atmosphere and independent final-source checks,2026-10-09,0a74fdbe06596fc145f5169a3b239ddd67053141,10a0b9c926b6862d629bc69b78d4387194196b8bcb894de76278c320e267a8da,production
dab-19773049b8d43c6509b38601,DAB,initial-production-grid,20000,8.5,,,-4,,,COMPLETE_NUMERICAL,completed,Passed native atmosphere and independent final-source checks,2026-10-09,0a74fdbe06596fc145f5169a3b239ddd67053141,10a0b9c926b6862d629bc69b78d4387194196b8bcb894de76278c320e267a8da,production
dab-c8c3dfc07b6f872f9ceccb54,DAB,initial-production-grid,20000,8.5,,,-2,,,COMPLETE_NUMERICAL,completed,Passed native atmosphere and independent final-source checks,2026-10-09,0a74fdbe06596fc145f5169a3b239ddd67053141,10a0b9c926b6862d629bc69b78d4387194196b8bcb894de76278c320e267a8da,production
dab-dd2ef54857496acbe233466d,DAB,initial-production-grid,20000,8.5,,,0,,,COMPLETE_NUMERICAL,completed,Passed native atmosphere and independent final-source checks,2026-10-09,0a74fdbe06596fc145f5169a3b239ddd67053141,10a0b9c926b6862d629bc69b78d4387194196b8bcb894de76278c320e267a8da,production
dab-1bdf1bd861421a7d04c4f7f2,DAB,initial-production-grid,20000,8.5,,,2,,,COMPLETE_NUMERICAL,completed,Passed native atmosphere and independent final-source checks,2026-10-09,0a74fdbe06596fc145f5169a3b239ddd67053141,10a0b9c926b6862d629bc69b78d4387194196b8bcb894de76278c320e267a8da,production
dab-a8bb4972edad2008959c23f4,DAB,initial-production-grid,20000,8.5,,,4,,,COMPLETE_NUMERICAL,completed,Passed native atmosphere and independent final-source checks,2026-10-09,0a74fdbe06596fc145f5169a3b239ddd67053141,10a0b9c926b6862d629bc69b78d4387194196b8bcb894de76278c320e267a8da,production
dab-5a4ce00df90cb0a24cf42f09,DAB,initial-production-grid,20000,9,,,-6,,,COMPLETE_NUMERICAL,completed,Passed native atmosphere and independent final-source checks,2026-10-09,0a74fdbe06596fc145f5169a3b239ddd67053141,10a0b9c926b6862d629bc69b78d4387194196b8bcb894de76278c320e267a8da,production
dab-f9273c9b59ce7f337403f70a,DAB,initial-production-grid,20000,9,,,-4,,,COMPLETE_NUMERICAL,completed,Passed native atmosphere and independent final-source checks,2026-10-09,0a74fdbe06596fc145f5169a3b239ddd67053141,10a0b9c926b6862d629bc69b78d4387194196b8bcb894de76278c320e267a8da,production
dab-bd4978ffe3d44c0a1e996ff1,DAB,initial-production-grid,20000,9,,,0,,,COMPLETE_NUMERICAL,completed,Passed native atmosphere and independent final-source checks,2026-10-09,0a74fdbe06596fc145f5169a3b239ddd67053141,10a0b9c926b6862d629bc69b78d4387194196b8bcb894de76278c320e267a8da,production
dab-335d5c0f276b60166449a9e4,DAB,initial-production-grid,20000,9,,,2,,,COMPLETE_NUMERICAL,completed,Passed native atmosphere and independent final-source checks,2026-10-09,0a74fdbe06596fc145f5169a3b239ddd67053141,10a0b9c926b6862d629bc69b78d4387194196b8bcb894de76278c320e267a8da,production
dab-ec24ba39dc3bef1f359445b2,DAB,initial-production-grid,20000,9,,,4,,,COMPLETE_NUMERICAL,completed,Passed native atmosphere and independent final-source checks,2026-10-09,0a74fdbe06596fc145f5169a3b239ddd67053141,10a0b9c926b6862d629bc69b78d4387194196b8bcb894de76278c320e267a8da,production
dab-8809c9bf7b4f85aff0c5c2ef,DAB,initial-production-grid,20000,9.5,,,-6,,,COMPLETE_NUMERICAL,completed,Passed native atmosphere and independent final-source checks,2026-10-09,0a74fdbe06596fc145f5169a3b239ddd67053141,10a0b9c926b6862d629bc69b78d4387194196b8bcb894de76278c320e267a8da,production
dab-3c4dc2146039b35db0c4b26e,DAB,initial-production-grid,20000,9.5,,,-4,,,COMPLETE_NUMERICAL,completed,Passed native atmosphere and independent final-source checks,2026-10-09,0a74fdbe06596fc145f5169a3b239ddd67053141,10a0b9c926b6862d629bc69b78d4387194196b8bcb894de76278c320e267a8da,production
dab-dd71d809518bb56682021590,DAB,initial-production-grid,20000,9.5,,,-2,,,COMPLETE_NUMERICAL,completed,Passed native atmosphere and independent final-source checks,2026-10-09,0a74fdbe06596fc145f5169a3b239ddd67053141,10a0b9c926b6862d629bc69b78d4387194196b8bcb894de76278c320e267a8da,production
dab-12b3bddc1da563ea3083657a,DAB,initial-production-grid,20000,9.5,,,0,,,COMPLETE_NUMERICAL,completed,Passed native atmosphere and independent final-source checks,2026-10-09,0a74fdbe06596fc145f5169a3b239ddd67053141,10a0b9c926b6862d629bc69b78d4387194196b8bcb894de76278c320e267a8da,production
dab-907d9f5fc185d72b2b5f1ded,DAB,initial-production-grid,20000,9.5,,,2,,,COMPLETE_NUMERICAL,completed,Passed native atmosphere and independent final-source checks,2026-10-09,0a74fdbe06596fc145f5169a3b239ddd67053141,10a0b9c926b6862d629bc69b78d4387194196b8bcb894de76278c320e267a8da,production
dab-4cea6f3b19109f78d72f7d17,DAB,initial-production-grid,20000,9.5,,,4,,,COMPLETE_NUMERICAL,completed,Passed native atmosphere and independent final-source checks,2026-10-09,0a74fdbe06596fc145f5169a3b239ddd67053141,10a0b9c926b6862d629bc69b78d4387194196b8bcb894de76278c320e267a8da,production
dab-603ecaae28c8d88c642e1a5e,DAB,initial-production-grid,25000,6,,,-6,,,COMPLETE_NUMERICAL,completed,Passed native atmosphere and independent final-source checks,2026-10-09,0a74fdbe06596fc145f5169a3b239ddd67053141,10a0b9c926b6862d629bc69b78d4387194196b8bcb894de76278c320e267a8da,production
dab-e8c94e004a448154caf41810,DAB,initial-production-grid,25000,6,,,-4,,,COMPLETE_NUMERICAL,completed,Passed native atmosphere and independent final-source checks,2026-10-09,0a74fdbe06596fc145f5169a3b239ddd67053141,10a0b9c926b6862d629bc69b78d4387194196b8bcb894de76278c320e267a8da,production
dab-0a09959661e6bda7c82626d7,DAB,initial-production-grid,25000,6,,,-2,,,COMPLETE_NUMERICAL,completed,Passed native atmosphere and independent final-source checks,2026-10-09,0a74fdbe06596fc145f5169a3b239ddd67053141,10a0b9c926b6862d629bc69b78d4387194196b8bcb894de76278c320e267a8da,production
dab-95a14de794a84d66a3a06605,DAB,initial-production-grid,25000,6,,,0,,,COMPLETE_NUMERICAL,completed,Passed native atmosphere and independent final-source checks,2026-10-09,0a74fdbe06596fc145f5169a3b239ddd67053141,10a0b9c926b6862d629bc69b78d4387194196b8bcb894de76278c320e267a8da,production
dab-13ebb047c011584af83d73b0,DAB,initial-production-grid,25000,6,,,2,,,COMPLETE_NUMERICAL,completed,Passed native atmosphere and independent final-source checks,2026-10-09,0a74fdbe06596fc145f5169a3b239ddd67053141,10a0b9c926b6862d629bc69b78d4387194196b8bcb894de76278c320e267a8da,production
dab-3c5962f723ae5bfe20d8f7f6,DAB,initial-production-grid,25000,6,,,4,,,COMPLETE_NUMERICAL,completed,Passed native atmosphere and independent final-source checks,2026-10-09,0a74fdbe06596fc145f5169a3b239ddd67053141,10a0b9c926b6862d629bc69b78d4387194196b8bcb894de76278c320e267a8da,production
dab-986d9d737e6c34933d5edc58,DAB,initial-production-grid,25000,6.5,,,-6,,,COMPLETE_NUMERICAL,completed,Passed native atmosphere and independent final-source checks,2026-10-09,0a74fdbe06596fc145f5169a3b239ddd67053141,10a0b9c926b6862d629bc69b78d4387194196b8bcb894de76278c320e267a8da,production
dab-9addc29f5211dabba3d3333a,DAB,initial-production-grid,25000,6.5,,,-4,,,COMPLETE_NUMERICAL,completed,Passed native atmosphere and independent final-source checks,2026-10-09,0a74fdbe06596fc145f5169a3b239ddd67053141,10a0b9c926b6862d629bc69b78d4387194196b8bcb894de76278c320e267a8da,production
dab-f4c54087789f70925c738896,DAB,initial-production-grid,25000,6.5,,,-2,,,COMPLETE_NUMERICAL,completed,Passed native atmosphere and independent final-source checks,2026-10-09,0a74fdbe06596fc145f5169a3b239ddd67053141,10a0b9c926b6862d629bc69b78d4387194196b8bcb894de76278c320e267a8da,production
dab-5e2b87d2686b4708e1f34534,DAB,initial-production-grid,25000,6.5,,,0,,,COMPLETE_NUMERICAL,completed,Passed native atmosphere and independent final-source checks,2026-10-09,0a74fdbe06596fc145f5169a3b239ddd67053141,10a0b9c926b6862d629bc69b78d4387194196b8bcb894de76278c320e267a8da,production
dab-211621798ea52f9bc3c397a7,DAB,initial-production-grid,25000,6.5,,,2,,,COMPLETE_NUMERICAL,completed,Passed native atmosphere and independent final-source checks,2026-10-09,0a74fdbe06596fc145f5169a3b239ddd67053141,10a0b9c926b6862d629bc69b78d4387194196b8bcb894de76278c320e267a8da,production
dab-994f3d26f6d578a9670016bb,DAB,initial-production-grid,25000,6.5,,,4,,,COMPLETE_NUMERICAL,completed,Passed native atmosphere and independent final-source checks,2026-10-09,0a74fdbe06596fc145f5169a3b239ddd67053141,10a0b9c926b6862d629bc69b78d4387194196b8bcb894de76278c320e267a8da,production
dab-01f3cccb91c10dd2e71bed1a,DAB,initial-production-grid,25000,7,,,-6,,,COMPLETE_NUMERICAL,completed,Passed native atmosphere and independent final-source checks,2026-10-09,0a74fdbe06596fc145f5169a3b239ddd67053141,10a0b9c926b6862d629bc69b78d4387194196b8bcb894de76278c320e267a8da,production
dab-3afffe62e35173c729a38402,DAB,initial-production-grid,25000,7,,,-4,,,COMPLETE_NUMERICAL,completed,Passed native atmosphere and independent final-source checks,2026-10-09,0a74fdbe06596fc145f5169a3b239ddd67053141,10a0b9c926b6862d629bc69b78d4387194196b8bcb894de76278c320e267a8da,production
dab-76a2b0939c066f80b55a0580,DAB,initial-production-grid,25000,7,,,-2,,,COMPLETE_NUMERICAL,completed,Passed native atmosphere and independent final-source checks,2026-10-09,0a74fdbe06596fc145f5169a3b239ddd67053141,10a0b9c926b6862d629bc69b78d4387194196b8bcb894de76278c320e267a8da,production
dab-7ee1040ef4b02c2746041667,DAB,initial-production-grid,25000,7,,,0,,,COMPLETE_NUMERICAL,completed,Passed native atmosphere and independent final-source checks,2026-10-09,0a74fdbe06596fc145f5169a3b239ddd67053141,10a0b9c926b6862d629bc69b78d4387194196b8bcb894de76278c320e267a8da,production
dab-3d53374085db7ecae69b8297,DAB,initial-production-grid,25000,7,,,2,,,COMPLETE_NUMERICAL,completed,Passed native atmosphere and independent final-source checks,2026-10-09,0a74fdbe06596fc145f5169a3b239ddd67053141,10a0b9c926b6862d629bc69b78d4387194196b8bcb894de76278c320e267a8da,production
dab-6d9a442d35da4dbabffc1205,DAB,initial-production-grid,25000,7,,,4,,,COMPLETE_NUMERICAL,completed,Passed native atmosphere and independent final-source checks,2026-10-09,0a74fdbe06596fc145f5169a3b239ddd67053141,10a0b9c926b6862d629bc69b78d4387194196b8bcb894de76278c320e267a8da,production
dab-651a9a4669252a83873c6943,DAB,initial-production-grid,25000,7.5,,,-6,,,COMPLETE_NUMERICAL,completed,Passed native atmosphere and independent final-source checks,2026-10-09,0a74fdbe06596fc145f5169a3b239ddd67053141,10a0b9c926b6862d629bc69b78d4387194196b8bcb894de76278c320e267a8da,production
dab-3ca2b4b91bb14b262044fe90,DAB,initial-production-grid,25000,7.5,,,-4,,,COMPLETE_NUMERICAL,completed,Passed native atmosphere and independent final-source checks,2026-10-09,0a74fdbe06596fc145f5169a3b239ddd67053141,10a0b9c926b6862d629bc69b78d4387194196b8bcb894de76278c320e267a8da,production
dab-4ff38c7cd98e2e41a817ead2,DAB,initial-production-grid,25000,7.5,,,-2,,,COMPLETE_NUMERICAL,completed,Passed native atmosphere and independent final-source checks,2026-10-09,0a74fdbe06596fc145f5169a3b239ddd67053141,10a0b9c926b6862d629bc69b78d4387194196b8bcb894de76278c320e267a8da,production
dab-fcf56aa3a7d9c434c75703d5,DAB,initial-production-grid,25000,7.5,,,0,,,COMPLETE_NUMERICAL,completed,Passed native atmosphere and independent final-source checks,2026-10-09,0a74fdbe06596fc145f5169a3b239ddd67053141,10a0b9c926b6862d629bc69b78d4387194196b8bcb894de76278c320e267a8da,production
dab-ceb23ce326bb72c54b15af8d,DAB,initial-production-grid,25000,7.5,,,2,,,COMPLETE_NUMERICAL,completed,Passed native atmosphere and independent final-source checks,2026-10-09,0a74fdbe06596fc145f5169a3b239ddd67053141,10a0b9c926b6862d629bc69b78d4387194196b8bcb894de76278c320e267a8da,production
dab-d338ac49047a01d8014eda5d,DAB,initial-production-grid,25000,7.5,,,4,,,COMPLETE_NUMERICAL,completed,Passed native atmosphere and independent final-source checks,2026-10-09,0a74fdbe06596fc145f5169a3b239ddd67053141,10a0b9c926b6862d629bc69b78d4387194196b8bcb894de76278c320e267a8da,production
dab-20faf763c0bd8010e8e69609,DAB,initial-production-grid,25000,8,,,-6,,,COMPLETE_NUMERICAL,completed,Passed native atmosphere and independent final-source checks,2026-10-09,0a74fdbe06596fc145f5169a3b239ddd67053141,10a0b9c926b6862d629bc69b78d4387194196b8bcb894de76278c320e267a8da,production
dab-b4bec9ce2980447ae847b802,DAB,initial-production-grid,25000,8,,,-4,,,COMPLETE_NUMERICAL,completed,Passed native atmosphere and independent final-source checks,2026-10-09,0a74fdbe06596fc145f5169a3b239ddd67053141,10a0b9c926b6862d629bc69b78d4387194196b8bcb894de76278c320e267a8da,production
dab-7d6f77dd2f6e15eb1839ee06,DAB,initial-production-grid,25000,8,,,-2,,,COMPLETE_NUMERICAL,completed,Passed native atmosphere and independent final-source checks,2026-10-09,0a74fdbe06596fc145f5169a3b239ddd67053141,10a0b9c926b6862d629bc69b78d4387194196b8bcb894de76278c320e267a8da,production
dab-8583e2e3568189563a762627,DAB,initial-production-grid,25000,8,,,0,,,COMPLETE_NUMERICAL,completed,Passed native atmosphere and independent final-source checks,2026-10-09,0a74fdbe06596fc145f5169a3b239ddd67053141,10a0b9c926b6862d629bc69b78d4387194196b8bcb894de76278c320e267a8da,production
dab-91abbea6fcb450a816edfef7,DAB,initial-production-grid,25000,8,,,2,,,COMPLETE_NUMERICAL,completed,Passed native atmosphere and independent final-source checks,2026-10-09,0a74fdbe06596fc145f5169a3b239ddd67053141,10a0b9c926b6862d629bc69b78d4387194196b8bcb894de76278c320e267a8da,production
dab-a37a7d99d49d8401d863877e,DAB,initial-production-grid,25000,8,,,4,,,COMPLETE_NUMERICAL,completed,Passed native atmosphere and independent final-source checks,2026-10-09,0a74fdbe06596fc145f5169a3b239ddd67053141,10a0b9c926b6862d629bc69b78d4387194196b8bcb894de76278c320e267a8da,production
dab-953ec45f27c208f93bf949a1,DAB,initial-production-grid,25000,8.5,,,-6,,,COMPLETE_NUMERICAL,completed,Passed native atmosphere and independent final-source checks,2026-10-09,0a74fdbe06596fc145f5169a3b239ddd67053141,10a0b9c926b6862d629bc69b78d4387194196b8bcb894de76278c320e267a8da,production
dab-f5b13826b26bf0809533cba6,DAB,initial-production-grid,25000,8.5,,,-4,,,COMPLETE_NUMERICAL,completed,Passed native atmosphere and independent final-source checks,2026-10-09,0a74fdbe06596fc145f5169a3b239ddd67053141,10a0b9c926b6862d629bc69b78d4387194196b8bcb894de76278c320e267a8da,production
dab-37fcd065ace49f013df1454f,DAB,initial-production-grid,25000,8.5,,,-2,,,COMPLETE_NUMERICAL,completed,Passed native atmosphere and independent final-source checks,2026-10-09,0a74fdbe06596fc145f5169a3b239ddd67053141,10a0b9c926b6862d629bc69b78d4387194196b8bcb894de76278c320e267a8da,production
dab-00e081f894cb0184879ac4c6,DAB,initial-production-grid,25000,8.5,,,0,,,COMPLETE_NUMERICAL,completed,Passed native atmosphere and independent final-source checks,2026-10-09,0a74fdbe06596fc145f5169a3b239ddd67053141,10a0b9c926b6862d629bc69b78d4387194196b8bcb894de76278c320e267a8da,production
dab-dcd9a958cb97be2dd41f0d23,DAB,initial-production-grid,25000,8.5,,,2,,,COMPLETE_NUMERICAL,completed,Passed native atmosphere and independent final-source checks,2026-10-09,0a74fdbe06596fc145f5169a3b239ddd67053141,10a0b9c926b6862d629bc69b78d4387194196b8bcb894de76278c320e267a8da,production
dab-329575eb075d6cf9a4783271,DAB,initial-production-grid,25000,8.5,,,4,,,COMPLETE_NUMERICAL,completed,Passed native atmosphere and independent final-source checks,2026-10-09,0a74fdbe06596fc145f5169a3b239ddd67053141,10a0b9c926b6862d629bc69b78d4387194196b8bcb894de76278c320e267a8da,production
dab-6858ef1bb4b0dab2f0d36fa2,DAB,initial-production-grid,25000,9,,,-6,,,COMPLETE_NUMERICAL,completed,Passed native atmosphere and independent final-source checks,2026-10-09,0a74fdbe06596fc145f5169a3b239ddd67053141,10a0b9c926b6862d629bc69b78d4387194196b8bcb894de76278c320e267a8da,production
dab-176e659dac32c5c6daefd5a4,DAB,initial-production-grid,25000,9,,,-4,,,COMPLETE_NUMERICAL,completed,Passed native atmosphere and independent final-source checks,2026-10-09,0a74fdbe06596fc145f5169a3b239ddd67053141,10a0b9c926b6862d629bc69b78d4387194196b8bcb894de76278c320e267a8da,production
dab-0a953eb9cdcaf7df9920c869,DAB,initial-production-grid,25000,9,,,-2,,,COMPLETE_NUMERICAL,completed,Passed native atmosphere and independent final-source checks,2026-10-09,0a74fdbe06596fc145f5169a3b239ddd67053141,10a0b9c926b6862d629bc69b78d4387194196b8bcb894de76278c320e267a8da,production
dab-a20ba842403ff8dca258ebf8,DAB,initial-production-grid,25000,9,,,0,,,COMPLETE_NUMERICAL,completed,Passed native atmosphere and independent final-source checks,2026-10-09,0a74fdbe06596fc145f5169a3b239ddd67053141,10a0b9c926b6862d629bc69b78d4387194196b8bcb894de76278c320e267a8da,production
dab-5a3246e88f09932d1e51376c,DAB,initial-production-grid,25000,9,,,2,,,COMPLETE_NUMERICAL,completed,Passed native atmosphere and independent final-source checks,2026-10-09,0a74fdbe06596fc145f5169a3b239ddd67053141,10a0b9c926b6862d629bc69b78d4387194196b8bcb894de76278c320e267a8da,production
dab-95107ab9554d7106f0fab112,DAB,initial-production-grid,25000,9,,,4,,,COMPLETE_NUMERICAL,completed,Passed native atmosphere and independent final-source checks,2026-10-09,0a74fdbe06596fc145f5169a3b239ddd67053141,10a0b9c926b6862d629bc69b78d4387194196b8bcb894de76278c320e267a8da,production
dab-3fd3a840231077ac6dcd4331,DAB,initial-production-grid,25000,9.5,,,-6,,,COMPLETE_NUMERICAL,completed,Passed native atmosphere and independent final-source checks,2026-10-09,0a74fdbe06596fc145f5169a3b239ddd67053141,10a0b9c926b6862d629bc69b78d4387194196b8bcb894de76278c320e267a8da,production
dab-2a7945fea147c84ce2fef1dd,DAB,initial-production-grid,25000,9.5,,,-4,,,COMPLETE_NUMERICAL,completed,Passed native atmosphere and independent final-source checks,2026-10-09,0a74fdbe06596fc145f5169a3b239ddd67053141,10a0b9c926b6862d629bc69b78d4387194196b8bcb894de76278c320e267a8da,production
dab-4ded86e3342e4b8f117c2a63,DAB,initial-production-grid,25000,9.5,,,-2,,,COMPLETE_NUMERICAL,completed,Passed native atmosphere and independent final-source checks,2026-10-09,0a74fdbe06596fc145f5169a3b239ddd67053141,10a0b9c926b6862d629bc69b78d4387194196b8bcb894de76278c320e267a8da,production
dab-06b5978995a105c61c846fb9,DAB,initial-production-grid,25000,9.5,,,0,,,COMPLETE_NUMERICAL,completed,Passed native atmosphere and independent final-source checks,2026-10-09,0a74fdbe06596fc145f5169a3b239ddd67053141,10a0b9c926b6862d629bc69b78d4387194196b8bcb894de76278c320e267a8da,production
dab-118489e74fe4ae3db9244f1b,DAB,initial-production-grid,25000,9.5,,,2,,,COMPLETE_NUMERICAL,completed,Passed native atmosphere and independent final-source checks,2026-10-09,0a74fdbe06596fc145f5169a3b239ddd67053141,10a0b9c926b6862d629bc69b78d4387194196b8bcb894de76278c320e267a8da,production
dab-cf5520366859183037752519,DAB,initial-production-grid,25000,9.5,,,4,,,COMPLETE_NUMERICAL,completed,Passed native atmosphere and independent final-source checks,2026-10-09,0a74fdbe06596fc145f5169a3b239ddd67053141,10a0b9c926b6862d629bc69b78d4387194196b8bcb894de76278c320e267a8da,production
dab-5cc4a6f58be7aa3f0fe27852,DAB,initial-production-grid,30000,6,,,-6,,,COMPLETE_NUMERICAL,completed,Passed native atmosphere and independent final-source checks,2026-10-09,0a74fdbe06596fc145f5169a3b239ddd67053141,10a0b9c926b6862d629bc69b78d4387194196b8bcb894de76278c320e267a8da,production
dab-a418e0e732cbfc6a0ee91f36,DAB,initial-production-grid,30000,6,,,-4,,,COMPLETE_NUMERICAL,completed,Passed native atmosphere and independent final-source checks,2026-10-09,0a74fdbe06596fc145f5169a3b239ddd67053141,10a0b9c926b6862d629bc69b78d4387194196b8bcb894de76278c320e267a8da,production
dab-6785af6bf2d3a46e0bfb0e96,DAB,initial-production-grid,30000,6,,,-2,,,COMPLETE_NUMERICAL,completed,Passed native atmosphere and independent final-source checks,2026-10-09,0a74fdbe06596fc145f5169a3b239ddd67053141,10a0b9c926b6862d629bc69b78d4387194196b8bcb894de76278c320e267a8da,production
dab-df7663964c4839719ebdfeb0,DAB,initial-production-grid,30000,6,,,0,,,COMPLETE_NUMERICAL,completed,Passed native atmosphere and independent final-source checks,2026-10-09,0a74fdbe06596fc145f5169a3b239ddd67053141,10a0b9c926b6862d629bc69b78d4387194196b8bcb894de76278c320e267a8da,production
dab-b7578679c2aabc36bb8bae5a,DAB,initial-production-grid,30000,6,,,2,,,COMPLETE_NUMERICAL,completed,Passed native atmosphere and independent final-source checks,2026-10-09,0a74fdbe06596fc145f5169a3b239ddd67053141,10a0b9c926b6862d629bc69b78d4387194196b8bcb894de76278c320e267a8da,production
dab-756c06eea2dd4e43ee4f2fcc,DAB,initial-production-grid,30000,6,,,4,,,COMPLETE_NUMERICAL,completed,Passed native atmosphere and independent final-source checks,2026-10-09,0a74fdbe06596fc145f5169a3b239ddd67053141,10a0b9c926b6862d629bc69b78d4387194196b8bcb894de76278c320e267a8da,production
dab-dc33811e6021bef9fd788cc1,DAB,initial-production-grid,30000,6.5,,,-6,,,COMPLETE_NUMERICAL,completed,Passed native atmosphere and independent final-source checks,2026-10-09,0a74fdbe06596fc145f5169a3b239ddd67053141,10a0b9c926b6862d629bc69b78d4387194196b8bcb894de76278c320e267a8da,production
dab-2dcbaf54ea72c0c09017817b,DAB,initial-production-grid,30000,6.5,,,-4,,,COMPLETE_NUMERICAL,completed,Passed native atmosphere and independent final-source checks,2026-10-09,0a74fdbe06596fc145f5169a3b239ddd67053141,10a0b9c926b6862d629bc69b78d4387194196b8bcb894de76278c320e267a8da,production
dab-98c9bbd801f3b640b1e9591e,DAB,initial-production-grid,30000,6.5,,,-2,,,COMPLETE_NUMERICAL,completed,Passed native atmosphere and independent final-source checks,2026-10-09,0a74fdbe06596fc145f5169a3b239ddd67053141,10a0b9c926b6862d629bc69b78d4387194196b8bcb894de76278c320e267a8da,production
dab-34b6ea50b72be20f6c578c35,DAB,initial-production-grid,30000,6.5,,,0,,,COMPLETE_NUMERICAL,completed,Passed native atmosphere and independent final-source checks,2026-10-09,0a74fdbe06596fc145f5169a3b239ddd67053141,10a0b9c926b6862d629bc69b78d4387194196b8bcb894de76278c320e267a8da,production
dab-1b9c7aa0778ea0792e4f46ae,DAB,initial-production-grid,30000,6.5,,,2,,,COMPLETE_NUMERICAL,completed,Passed native atmosphere and independent final-source checks,2026-10-09,0a74fdbe06596fc145f5169a3b239ddd67053141,10a0b9c926b6862d629bc69b78d4387194196b8bcb894de76278c320e267a8da,production
dab-4080ebcee2e58f15954d1236,DAB,initial-production-grid,30000,6.5,,,4,,,COMPLETE_NUMERICAL,completed,Passed native atmosphere and independent final-source checks,2026-10-09,0a74fdbe06596fc145f5169a3b239ddd67053141,10a0b9c926b6862d629bc69b78d4387194196b8bcb894de76278c320e267a8da,production
dab-6a7fdd98f3a6c3837bdc1048,DAB,initial-production-grid,30000,7,,,-6,,,COMPLETE_NUMERICAL,completed,Passed native atmosphere and independent final-source checks,2026-10-09,0a74fdbe06596fc145f5169a3b239ddd67053141,10a0b9c926b6862d629bc69b78d4387194196b8bcb894de76278c320e267a8da,production
dab-ab630ca9ed6a97d7ba5870ae,DAB,initial-production-grid,30000,7,,,-4,,,COMPLETE_NUMERICAL,completed,Passed native atmosphere and independent final-source checks,2026-10-09,0a74fdbe06596fc145f5169a3b239ddd67053141,10a0b9c926b6862d629bc69b78d4387194196b8bcb894de76278c320e267a8da,production
dab-f428139df8212eca787385f3,DAB,initial-production-grid,30000,7,,,-2,,,COMPLETE_NUMERICAL,completed,Passed native atmosphere and independent final-source checks,2026-10-09,0a74fdbe06596fc145f5169a3b239ddd67053141,10a0b9c926b6862d629bc69b78d4387194196b8bcb894de76278c320e267a8da,production
dab-92708f18ec178271069c1fda,DAB,initial-production-grid,30000,7,,,0,,,COMPLETE_NUMERICAL,completed,Passed native atmosphere and independent final-source checks,2026-10-09,0a74fdbe06596fc145f5169a3b239ddd67053141,10a0b9c926b6862d629bc69b78d4387194196b8bcb894de76278c320e267a8da,production
dab-6ddb23c347fd677623fb7121,DAB,initial-production-grid,30000,7,,,2,,,COMPLETE_NUMERICAL,completed,Passed native atmosphere and independent final-source checks,2026-10-09,0a74fdbe06596fc145f5169a3b239ddd67053141,10a0b9c926b6862d629bc69b78d4387194196b8bcb894de76278c320e267a8da,production
dab-03e084a0fe09e58a9dd1b3b8,DAB,initial-production-grid,30000,7,,,4,,,COMPLETE_NUMERICAL,completed,Passed native atmosphere and independent final-source checks,2026-10-09,0a74fdbe06596fc145f5169a3b239ddd67053141,10a0b9c926b6862d629bc69b78d4387194196b8bcb894de76278c320e267a8da,production
dab-ea35a77220e595b48530c289,DAB,initial-production-grid,30000,7.5,,,-6,,,COMPLETE_NUMERICAL,completed,Passed native atmosphere and independent final-source checks,2026-10-09,0a74fdbe06596fc145f5169a3b239ddd67053141,10a0b9c926b6862d629bc69b78d4387194196b8bcb894de76278c320e267a8da,production
dab-7f13c096e132e548b28db35c,DAB,initial-production-grid,30000,7.5,,,-4,,,COMPLETE_NUMERICAL,completed,Passed native atmosphere and independent final-source checks,2026-10-09,0a74fdbe06596fc145f5169a3b239ddd67053141,10a0b9c926b6862d629bc69b78d4387194196b8bcb894de76278c320e267a8da,production
dab-29564ec3c7a63ea42c2c3ddb,DAB,initial-production-grid,30000,7.5,,,-2,,,COMPLETE_NUMERICAL,completed,Passed native atmosphere and independent final-source checks,2026-10-09,0a74fdbe06596fc145f5169a3b239ddd67053141,10a0b9c926b6862d629bc69b78d4387194196b8bcb894de76278c320e267a8da,production
dab-25f18533b82171a2b30debbd,DAB,initial-production-grid,30000,7.5,,,0,,,COMPLETE_NUMERICAL,completed,Passed native atmosphere and independent final-source checks,2026-10-09,0a74fdbe06596fc145f5169a3b239ddd67053141,10a0b9c926b6862d629bc69b78d4387194196b8bcb894de76278c320e267a8da,production
dab-e7438f499cd1b17d7cc5985e,DAB,initial-production-grid,30000,7.5,,,2,,,COMPLETE_NUMERICAL,completed,Passed native atmosphere and independent final-source checks,2026-10-09,0a74fdbe06596fc145f5169a3b239ddd67053141,10a0b9c926b6862d629bc69b78d4387194196b8bcb894de76278c320e267a8da,production
dab-634f893408a0cff37defe244,DAB,initial-production-grid,30000,7.5,,,4,,,COMPLETE_NUMERICAL,completed,Passed native atmosphere and independent final-source checks,2026-10-09,0a74fdbe06596fc145f5169a3b239ddd67053141,10a0b9c926b6862d629bc69b78d4387194196b8bcb894de76278c320e267a8da,production
dab-05013312b5cd426efb2b7b7b,DAB,initial-production-grid,30000,8,,,-6,,,COMPLETE_NUMERICAL,completed,Passed native atmosphere and independent final-source checks,2026-10-09,0a74fdbe06596fc145f5169a3b239ddd67053141,10a0b9c926b6862d629bc69b78d4387194196b8bcb894de76278c320e267a8da,production
dab-07e559b81a5bb43f4e98322d,DAB,initial-production-grid,30000,8,,,-4,,,COMPLETE_NUMERICAL,completed,Passed native atmosphere and independent final-source checks,2026-10-09,0a74fdbe06596fc145f5169a3b239ddd67053141,10a0b9c926b6862d629bc69b78d4387194196b8bcb894de76278c320e267a8da,production
dab-c69a9a0227b577d9370e7139,DAB,initial-production-grid,30000,8,,,0,,,COMPLETE_NUMERICAL,completed,Passed native atmosphere and independent final-source checks,2026-10-09,0a74fdbe06596fc145f5169a3b239ddd67053141,10a0b9c926b6862d629bc69b78d4387194196b8bcb894de76278c320e267a8da,production
dab-e1547f34a368d079e27246e0,DAB,initial-production-grid,30000,8,,,2,,,COMPLETE_NUMERICAL,completed,Passed native atmosphere and independent final-source checks,2026-10-09,0a74fdbe06596fc145f5169a3b239ddd67053141,10a0b9c926b6862d629bc69b78d4387194196b8bcb894de76278c320e267a8da,production
dab-fa93c959763fa085f3a6470e,DAB,initial-production-grid,30000,8,,,4,,,COMPLETE_NUMERICAL,completed,Passed native atmosphere and independent final-source checks,2026-10-09,0a74fdbe06596fc145f5169a3b239ddd67053141,10a0b9c926b6862d629bc69b78d4387194196b8bcb894de76278c320e267a8da,production
dab-6e92c28f519a405a4820dd56,DAB,initial-production-grid,30000,8.5,,,-6,,,COMPLETE_NUMERICAL,completed,Passed native atmosphere and independent final-source checks,2026-10-09,0a74fdbe06596fc145f5169a3b239ddd67053141,10a0b9c926b6862d629bc69b78d4387194196b8bcb894de76278c320e267a8da,production
dab-cf49ebd8a969ec4b1d353c7a,DAB,initial-production-grid,30000,8.5,,,-4,,,COMPLETE_NUMERICAL,completed,Passed native atmosphere and independent final-source checks,2026-10-09,0a74fdbe06596fc145f5169a3b239ddd67053141,10a0b9c926b6862d629bc69b78d4387194196b8bcb894de76278c320e267a8da,production
dab-ac14cb05536a54dccb719d16,DAB,initial-production-grid,30000,8.5,,,-2,,,COMPLETE_NUMERICAL,completed,Passed native atmosphere and independent final-source checks,2026-10-09,0a74fdbe06596fc145f5169a3b239ddd67053141,10a0b9c926b6862d629bc69b78d4387194196b8bcb894de76278c320e267a8da,production
dab-44553148785ee29ade299540,DAB,initial-production-grid,30000,8.5,,,0,,,COMPLETE_NUMERICAL,completed,Passed native atmosphere and independent final-source checks,2026-10-09,0a74fdbe06596fc145f5169a3b239ddd67053141,10a0b9c926b6862d629bc69b78d4387194196b8bcb894de76278c320e267a8da,production
dab-6837d71b628733068ac8ee55,DAB,initial-production-grid,30000,8.5,,,2,,,COMPLETE_NUMERICAL,completed,Passed native atmosphere and independent final-source checks,2026-10-09,0a74fdbe06596fc145f5169a3b239ddd67053141,10a0b9c926b6862d629bc69b78d4387194196b8bcb894de76278c320e267a8da,production
dab-f3e9000fdd2fd629379b634a,DAB,initial-production-grid,30000,8.5,,,4,,,COMPLETE_NUMERICAL,completed,Passed native atmosphere and independent final-source checks,2026-10-09,0a74fdbe06596fc145f5169a3b239ddd67053141,10a0b9c926b6862d629bc69b78d4387194196b8bcb894de76278c320e267a8da,production
dab-7aa070fb347a9beb4862f445,DAB,initial-production-grid,30000,9,,,-6,,,COMPLETE_NUMERICAL,completed,Passed native atmosphere and independent final-source checks,2026-10-09,0a74fdbe06596fc145f5169a3b239ddd67053141,10a0b9c926b6862d629bc69b78d4387194196b8bcb894de76278c320e267a8da,production
dab-13382302d62427efb5075387,DAB,initial-production-grid,30000,9,,,-4,,,COMPLETE_NUMERICAL,completed,Passed native atmosphere and independent final-source checks,2026-10-09,0a74fdbe06596fc145f5169a3b239ddd67053141,10a0b9c926b6862d629bc69b78d4387194196b8bcb894de76278c320e267a8da,production
dab-cb5f5b1adf34660531daa209,DAB,initial-production-grid,30000,9,,,-2,,,COMPLETE_NUMERICAL,completed,Passed native atmosphere and independent final-source checks,2026-10-09,0a74fdbe06596fc145f5169a3b239ddd67053141,10a0b9c926b6862d629bc69b78d4387194196b8bcb894de76278c320e267a8da,production
dab-5613d155b7a0eefde495b17b,DAB,initial-production-grid,30000,9,,,0,,,COMPLETE_NUMERICAL,completed,Passed native atmosphere and independent final-source checks,2026-10-09,0a74fdbe06596fc145f5169a3b239ddd67053141,10a0b9c926b6862d629bc69b78d4387194196b8bcb894de76278c320e267a8da,production
dab-2c373b87284962b0e50e4a98,DAB,initial-production-grid,30000,9,,,2,,,COMPLETE_NUMERICAL,completed,Passed native atmosphere and independent final-source checks,2026-10-09,0a74fdbe06596fc145f5169a3b239ddd67053141,10a0b9c926b6862d629bc69b78d4387194196b8bcb894de76278c320e267a8da,production
dab-4eaf2d5e20724b792a8542ef,DAB,initial-production-grid,30000,9,,,4,,,COMPLETE_NUMERICAL,completed,Passed native atmosphere and independent final-source checks,2026-10-09,0a74fdbe06596fc145f5169a3b239ddd67053141,10a0b9c926b6862d629bc69b78d4387194196b8bcb894de76278c320e267a8da,production
dab-ce6503d5942ba2156ef6b4cc,DAB,initial-production-grid,30000,9.5,,,-6,,,COMPLETE_NUMERICAL,completed,Passed native atmosphere and independent final-source checks,2026-10-09,0a74fdbe06596fc145f5169a3b239ddd67053141,10a0b9c926b6862d629bc69b78d4387194196b8bcb894de76278c320e267a8da,production
dab-a98df4886906093849683102,DAB,initial-production-grid,30000,9.5,,,-4,,,COMPLETE_NUMERICAL,completed,Passed native atmosphere and independent final-source checks,2026-10-09,0a74fdbe06596fc145f5169a3b239ddd67053141,10a0b9c926b6862d629bc69b78d4387194196b8bcb894de76278c320e267a8da,production
dab-4b123f7974489cf8cf126575,DAB,initial-production-grid,30000,9.5,,,-2,,,COMPLETE_NUMERICAL,completed,Passed native atmosphere and independent final-source checks,2026-10-09,0a74fdbe06596fc145f5169a3b239ddd67053141,10a0b9c926b6862d629bc69b78d4387194196b8bcb894de76278c320e267a8da,production
dab-ba722bcf72664359b7cf2c35,DAB,initial-production-grid,30000,9.5,,,0,,,COMPLETE_NUMERICAL,completed,Passed native atmosphere and independent final-source checks,2026-10-09,0a74fdbe06596fc145f5169a3b239ddd67053141,10a0b9c926b6862d629bc69b78d4387194196b8bcb894de76278c320e267a8da,production
dab-63dea4d6c5bcf4de2bddb362,DAB,initial-production-grid,30000,9.5,,,2,,,COMPLETE_NUMERICAL,completed,Passed native atmosphere and independent final-source checks,2026-10-09,0a74fdbe06596fc145f5169a3b239ddd67053141,10a0b9c926b6862d629bc69b78d4387194196b8bcb894de76278c320e267a8da,production
dab-1a901f2c74cd1028fb92717a,DAB,initial-production-grid,30000,9.5,,,4,,,COMPLETE_NUMERICAL,completed,Passed native atmosphere and independent final-source checks,2026-10-09,0a74fdbe06596fc145f5169a3b239ddd67053141,10a0b9c926b6862d629bc69b78d4387194196b8bcb894de76278c320e267a8da,production
dab-ca86d7cf7cb176304ade6ae6,DAB,initial-production-grid,35000,6,,,-6,,,COMPLETE_NUMERICAL,completed,Passed native atmosphere and independent final-source checks,2026-10-09,0a74fdbe06596fc145f5169a3b239ddd67053141,10a0b9c926b6862d629bc69b78d4387194196b8bcb894de76278c320e267a8da,production
dab-a646260fd247eaab82d98c41,DAB,initial-production-grid,35000,6,,,-4,,,COMPLETE_NUMERICAL,completed,Passed native atmosphere and independent final-source checks,2026-10-09,0a74fdbe06596fc145f5169a3b239ddd67053141,10a0b9c926b6862d629bc69b78d4387194196b8bcb894de76278c320e267a8da,production
dab-a72683e89dd03f3922173a0d,DAB,initial-production-grid,35000,6,,,-2,,,COMPLETE_NUMERICAL,completed,Passed native atmosphere and independent final-source checks,2026-10-09,0a74fdbe06596fc145f5169a3b239ddd67053141,10a0b9c926b6862d629bc69b78d4387194196b8bcb894de76278c320e267a8da,production
dab-5113b5ff00aececc780d3e2e,DAB,initial-production-grid,35000,6,,,0,,,COMPLETE_NUMERICAL,completed,Passed native atmosphere and independent final-source checks,2026-10-09,0a74fdbe06596fc145f5169a3b239ddd67053141,10a0b9c926b6862d629bc69b78d4387194196b8bcb894de76278c320e267a8da,production
dab-5b7b7e742353d6b4e1f07101,DAB,initial-production-grid,35000,6,,,2,,,COMPLETE_NUMERICAL,completed,Passed native atmosphere and independent final-source checks,2026-10-09,0a74fdbe06596fc145f5169a3b239ddd67053141,10a0b9c926b6862d629bc69b78d4387194196b8bcb894de76278c320e267a8da,production
dab-735d663fd175ad76246921f6,DAB,initial-production-grid,35000,6,,,4,,,COMPLETE_NUMERICAL,completed,Passed native atmosphere and independent final-source checks,2026-10-09,0a74fdbe06596fc145f5169a3b239ddd67053141,10a0b9c926b6862d629bc69b78d4387194196b8bcb894de76278c320e267a8da,production
dab-77326f89448bc997fb0158e5,DAB,initial-production-grid,35000,6.5,,,-6,,,COMPLETE_NUMERICAL,completed,Passed native atmosphere and independent final-source checks,2026-10-09,0a74fdbe06596fc145f5169a3b239ddd67053141,10a0b9c926b6862d629bc69b78d4387194196b8bcb894de76278c320e267a8da,production
dab-72b7ca913a3b73296aab5773,DAB,initial-production-grid,35000,6.5,,,-4,,,COMPLETE_NUMERICAL,completed,Passed native atmosphere and independent final-source checks,2026-10-09,0a74fdbe06596fc145f5169a3b239ddd67053141,10a0b9c926b6862d629bc69b78d4387194196b8bcb894de76278c320e267a8da,production
dab-74620e88c36a1b851fe4b6de,DAB,initial-production-grid,35000,6.5,,,-2,,,COMPLETE_NUMERICAL,completed,Passed native atmosphere and independent final-source checks,2026-10-09,0a74fdbe06596fc145f5169a3b239ddd67053141,10a0b9c926b6862d629bc69b78d4387194196b8bcb894de76278c320e267a8da,production
dab-93b02f0b613ba3f513fa7d30,DAB,initial-production-grid,35000,6.5,,,0,,,COMPLETE_NUMERICAL,completed,Passed native atmosphere and independent final-source checks,2026-10-09,0a74fdbe06596fc145f5169a3b239ddd67053141,10a0b9c926b6862d629bc69b78d4387194196b8bcb894de76278c320e267a8da,production
dab-089d9f0ccb42b3479aa6d38a,DAB,initial-production-grid,35000,6.5,,,2,,,COMPLETE_NUMERICAL,completed,Passed native atmosphere and independent final-source checks,2026-10-09,0a74fdbe06596fc145f5169a3b239ddd67053141,10a0b9c926b6862d629bc69b78d4387194196b8bcb894de76278c320e267a8da,production
dab-e526cabf25b3bb75e7a3076f,DAB,initial-production-grid,35000,6.5,,,4,,,COMPLETE_NUMERICAL,completed,Passed native atmosphere and independent final-source checks,2026-10-09,0a74fdbe06596fc145f5169a3b239ddd67053141,10a0b9c926b6862d629bc69b78d4387194196b8bcb894de76278c320e267a8da,production
dab-f4f22b811a30c43c6ad79239,DAB,initial-production-grid,35000,7,,,-6,,,COMPLETE_NUMERICAL,completed,Passed native atmosphere and independent final-source checks,2026-10-09,0a74fdbe06596fc145f5169a3b239ddd67053141,10a0b9c926b6862d629bc69b78d4387194196b8bcb894de76278c320e267a8da,production
dab-d32f179b7a569760c4a14a39,DAB,initial-production-grid,35000,7,,,-4,,,COMPLETE_NUMERICAL,completed,Passed native atmosphere and independent final-source checks,2026-10-09,0a74fdbe06596fc145f5169a3b239ddd67053141,10a0b9c926b6862d629bc69b78d4387194196b8bcb894de76278c320e267a8da,production
dab-122e1778144eef21b51de551,DAB,initial-production-grid,35000,7,,,-2,,,COMPLETE_NUMERICAL,completed,Passed native atmosphere and independent final-source checks,2026-10-09,0a74fdbe06596fc145f5169a3b239ddd67053141,10a0b9c926b6862d629bc69b78d4387194196b8bcb894de76278c320e267a8da,production
dab-dbb1f31f7c0dbf7f7ead2b88,DAB,initial-production-grid,35000,7,,,0,,,COMPLETE_NUMERICAL,completed,Passed native atmosphere and independent final-source checks,2026-10-09,0a74fdbe06596fc145f5169a3b239ddd67053141,10a0b9c926b6862d629bc69b78d4387194196b8bcb894de76278c320e267a8da,production
dab-5ba7076a95489c573f31390a,DAB,initial-production-grid,35000,7,,,2,,,COMPLETE_NUMERICAL,completed,Passed native atmosphere and independent final-source checks,2026-10-09,0a74fdbe06596fc145f5169a3b239ddd67053141,10a0b9c926b6862d629bc69b78d4387194196b8bcb894de76278c320e267a8da,production
dab-fd49b542509cff44b2075f9c,DAB,initial-production-grid,35000,7,,,4,,,COMPLETE_NUMERICAL,completed,Passed native atmosphere and independent final-source checks,2026-10-09,0a74fdbe06596fc145f5169a3b239ddd67053141,10a0b9c926b6862d629bc69b78d4387194196b8bcb894de76278c320e267a8da,production
dab-21b8b0164108a7f5ae461302,DAB,initial-production-grid,35000,7.5,,,-6,,,COMPLETE_NUMERICAL,completed,Passed native atmosphere and independent final-source checks,2026-10-09,0a74fdbe06596fc145f5169a3b239ddd67053141,10a0b9c926b6862d629bc69b78d4387194196b8bcb894de76278c320e267a8da,production
dab-4743c90a9845a4cd9c7f7473,DAB,initial-production-grid,35000,7.5,,,-4,,,COMPLETE_NUMERICAL,completed,Passed native atmosphere and independent final-source checks,2026-10-09,0a74fdbe06596fc145f5169a3b239ddd67053141,10a0b9c926b6862d629bc69b78d4387194196b8bcb894de76278c320e267a8da,production
dab-247f96423e5e9c1c38e7dca7,DAB,initial-production-grid,35000,7.5,,,-2,,,COMPLETE_NUMERICAL,completed,Passed native atmosphere and independent final-source checks,2026-10-09,0a74fdbe06596fc145f5169a3b239ddd67053141,10a0b9c926b6862d629bc69b78d4387194196b8bcb894de76278c320e267a8da,production
dab-1aecb492fec6aa9072741ce2,DAB,initial-production-grid,35000,7.5,,,0,,,COMPLETE_NUMERICAL,completed,Passed native atmosphere and independent final-source checks,2026-10-09,0a74fdbe06596fc145f5169a3b239ddd67053141,10a0b9c926b6862d629bc69b78d4387194196b8bcb894de76278c320e267a8da,production
dab-e0bc279603bd12db0fcd663a,DAB,initial-production-grid,35000,7.5,,,2,,,COMPLETE_NUMERICAL,completed,Passed native atmosphere and independent final-source checks,2026-10-09,0a74fdbe06596fc145f5169a3b239ddd67053141,10a0b9c926b6862d629bc69b78d4387194196b8bcb894de76278c320e267a8da,production
dab-5f3d53475d947d705c95c293,DAB,initial-production-grid,35000,7.5,,,4,,,COMPLETE_NUMERICAL,completed,Passed native atmosphere and independent final-source checks,2026-10-09,0a74fdbe06596fc145f5169a3b239ddd67053141,10a0b9c926b6862d629bc69b78d4387194196b8bcb894de76278c320e267a8da,production
dab-a884f8b1fd5f06a4afb95de6,DAB,initial-production-grid,35000,8,,,-6,,,COMPLETE_NUMERICAL,completed,Passed native atmosphere and independent final-source checks,2026-10-09,0a74fdbe06596fc145f5169a3b239ddd67053141,10a0b9c926b6862d629bc69b78d4387194196b8bcb894de76278c320e267a8da,production
dab-7c7a0c5f4d87745885ab737d,DAB,initial-production-grid,35000,8,,,-4,,,COMPLETE_NUMERICAL,completed,Passed native atmosphere and independent final-source checks,2026-10-09,0a74fdbe06596fc145f5169a3b239ddd67053141,10a0b9c926b6862d629bc69b78d4387194196b8bcb894de76278c320e267a8da,production
dab-49d7373dfc7f754df7775c06,DAB,initial-production-grid,35000,8,,,-2,,,COMPLETE_NUMERICAL,completed,Passed native atmosphere and independent final-source checks,2026-10-09,0a74fdbe06596fc145f5169a3b239ddd67053141,10a0b9c926b6862d629bc69b78d4387194196b8bcb894de76278c320e267a8da,production
dab-38a6107380f05e667abc9ac4,DAB,initial-production-grid,35000,8,,,0,,,COMPLETE_NUMERICAL,completed,Passed native atmosphere and independent final-source checks,2026-10-09,0a74fdbe06596fc145f5169a3b239ddd67053141,10a0b9c926b6862d629bc69b78d4387194196b8bcb894de76278c320e267a8da,production
dab-5e5060b45bdad3953ee4dccd,DAB,initial-production-grid,35000,8,,,2,,,COMPLETE_NUMERICAL,completed,Passed native atmosphere and independent final-source checks,2026-10-09,0a74fdbe06596fc145f5169a3b239ddd67053141,10a0b9c926b6862d629bc69b78d4387194196b8bcb894de76278c320e267a8da,production
dab-fba4d2264280ba014863521e,DAB,initial-production-grid,35000,8,,,4,,,COMPLETE_NUMERICAL,completed,Passed native atmosphere and independent final-source checks,2026-10-09,0a74fdbe06596fc145f5169a3b239ddd67053141,10a0b9c926b6862d629bc69b78d4387194196b8bcb894de76278c320e267a8da,production
dab-3e4de44bd7b123afdea1c92a,DAB,initial-production-grid,35000,8.5,,,-6,,,COMPLETE_NUMERICAL,completed,Passed native atmosphere and independent final-source checks,2026-10-09,0a74fdbe06596fc145f5169a3b239ddd67053141,10a0b9c926b6862d629bc69b78d4387194196b8bcb894de76278c320e267a8da,production
dab-bc63ecbabb5827cc1acbe891,DAB,initial-production-grid,35000,8.5,,,-4,,,COMPLETE_NUMERICAL,completed,Passed native atmosphere and independent final-source checks,2026-10-09,0a74fdbe06596fc145f5169a3b239ddd67053141,10a0b9c926b6862d629bc69b78d4387194196b8bcb894de76278c320e267a8da,production
dab-1ebcd1db0d25f6c8dfa5287a,DAB,initial-production-grid,35000,8.5,,,-2,,,COMPLETE_NUMERICAL,completed,Passed native atmosphere and independent final-source checks,2026-10-09,0a74fdbe06596fc145f5169a3b239ddd67053141,10a0b9c926b6862d629bc69b78d4387194196b8bcb894de76278c320e267a8da,production
dab-a5dd54285105ad0ca48786c5,DAB,initial-production-grid,35000,8.5,,,0,,,COMPLETE_NUMERICAL,completed,Passed native atmosphere and independent final-source checks,2026-10-09,0a74fdbe06596fc145f5169a3b239ddd67053141,10a0b9c926b6862d629bc69b78d4387194196b8bcb894de76278c320e267a8da,production
dab-ad652e5ae5f4bbcf3bc12c34,DAB,initial-production-grid,35000,8.5,,,2,,,COMPLETE_NUMERICAL,completed,Passed native atmosphere and independent final-source checks,2026-10-09,0a74fdbe06596fc145f5169a3b239ddd67053141,10a0b9c926b6862d629bc69b78d4387194196b8bcb894de76278c320e267a8da,production
dab-9b2f6529cb9ce34a33421ae5,DAB,initial-production-grid,35000,8.5,,,4,,,COMPLETE_NUMERICAL,completed,Passed native atmosphere and independent final-source checks,2026-10-09,0a74fdbe06596fc145f5169a3b239ddd67053141,10a0b9c926b6862d629bc69b78d4387194196b8bcb894de76278c320e267a8da,production
dab-1d387b88da7505e06493ea14,DAB,initial-production-grid,35000,9,,,-6,,,COMPLETE_NUMERICAL,completed,Passed native atmosphere and independent final-source checks,2026-10-09,0a74fdbe06596fc145f5169a3b239ddd67053141,10a0b9c926b6862d629bc69b78d4387194196b8bcb894de76278c320e267a8da,production
dab-4feb50171e185bb4cc0614a4,DAB,initial-production-grid,35000,9,,,-4,,,COMPLETE_NUMERICAL,completed,Passed native atmosphere and independent final-source checks,2026-10-09,0a74fdbe06596fc145f5169a3b239ddd67053141,10a0b9c926b6862d629bc69b78d4387194196b8bcb894de76278c320e267a8da,production
dab-14e396171403cf3a964afd7f,DAB,initial-production-grid,35000,9,,,-2,,,COMPLETE_NUMERICAL,completed,Passed native atmosphere and independent final-source checks,2026-10-09,0a74fdbe06596fc145f5169a3b239ddd67053141,10a0b9c926b6862d629bc69b78d4387194196b8bcb894de76278c320e267a8da,production
dab-24a04784288338eec6e4732d,DAB,initial-production-grid,35000,9,,,0,,,COMPLETE_NUMERICAL,completed,Passed native atmosphere and independent final-source checks,2026-10-09,0a74fdbe06596fc145f5169a3b239ddd67053141,10a0b9c926b6862d629bc69b78d4387194196b8bcb894de76278c320e267a8da,production
dab-aa434437e3b24bc5363d9774,DAB,initial-production-grid,35000,9,,,2,,,COMPLETE_NUMERICAL,completed,Passed native atmosphere and independent final-source checks,2026-10-09,0a74fdbe06596fc145f5169a3b239ddd67053141,10a0b9c926b6862d629bc69b78d4387194196b8bcb894de76278c320e267a8da,production
dab-b731f64aac4bf1ff085e725e,DAB,initial-production-grid,35000,9,,,4,,,COMPLETE_NUMERICAL,completed,Passed native atmosphere and independent final-source checks,2026-10-09,0a74fdbe06596fc145f5169a3b239ddd67053141,10a0b9c926b6862d629bc69b78d4387194196b8bcb894de76278c320e267a8da,production
dab-dc178d4631fe09b39beb9826,DAB,initial-production-grid,35000,9.5,,,-6,,,COMPLETE_NUMERICAL,completed,Passed native atmosphere and independent final-source checks,2026-10-09,0a74fdbe06596fc145f5169a3b239ddd67053141,10a0b9c926b6862d629bc69b78d4387194196b8bcb894de76278c320e267a8da,production
dab-f26fb426d7a3afbe5bf74d65,DAB,initial-production-grid,35000,9.5,,,-4,,,COMPLETE_NUMERICAL,completed,Passed native atmosphere and independent final-source checks,2026-10-09,0a74fdbe06596fc145f5169a3b239ddd67053141,10a0b9c926b6862d629bc69b78d4387194196b8bcb894de76278c320e267a8da,production
dab-4668a30880cf5437ebdde39e,DAB,initial-production-grid,35000,9.5,,,-2,,,COMPLETE_NUMERICAL,completed,Passed native atmosphere and independent final-source checks,2026-10-09,0a74fdbe06596fc145f5169a3b239ddd67053141,10a0b9c926b6862d629bc69b78d4387194196b8bcb894de76278c320e267a8da,production
dab-1beb36554669cee6ebd55cd2,DAB,initial-production-grid,35000,9.5,,,0,,,COMPLETE_NUMERICAL,completed,Passed native atmosphere and independent final-source checks,2026-10-09,0a74fdbe06596fc145f5169a3b239ddd67053141,10a0b9c926b6862d629bc69b78d4387194196b8bcb894de76278c320e267a8da,production
dab-9dab979f0aebb626b266f9e1,DAB,initial-production-grid,35000,9.5,,,2,,,COMPLETE_NUMERICAL,completed,Passed native atmosphere and independent final-source checks,2026-10-09,0a74fdbe06596fc145f5169a3b239ddd67053141,10a0b9c926b6862d629bc69b78d4387194196b8bcb894de76278c320e267a8da,production
dab-aafad80c08adf515dd2ead2e,DAB,initial-production-grid,35000,9.5,,,4,,,COMPLETE_NUMERICAL,completed,Passed native atmosphere and independent final-source checks,2026-10-09,0a74fdbe06596fc145f5169a3b239ddd67053141,10a0b9c926b6862d629bc69b78d4387194196b8bcb894de76278c320e267a8da,production
dab-e8e77083caf57e8a04d2b714,DAB,initial-production-grid,40000,6,,,-6,,,COMPLETE_NUMERICAL,completed,Passed native atmosphere and independent final-source checks,2026-10-09,0a74fdbe06596fc145f5169a3b239ddd67053141,10a0b9c926b6862d629bc69b78d4387194196b8bcb894de76278c320e267a8da,production
dab-032321f93f21a463430f10b3,DAB,initial-production-grid,40000,6,,,-4,,,COMPLETE_NUMERICAL,completed,Passed native atmosphere and independent final-source checks,2026-10-09,0a74fdbe06596fc145f5169a3b239ddd67053141,10a0b9c926b6862d629bc69b78d4387194196b8bcb894de76278c320e267a8da,production
dab-e6bb2c718bdf9a5c8674ca0c,DAB,initial-production-grid,40000,6,,,-2,,,COMPLETE_NUMERICAL,completed,Passed native atmosphere and independent final-source checks,2026-10-09,0a74fdbe06596fc145f5169a3b239ddd67053141,10a0b9c926b6862d629bc69b78d4387194196b8bcb894de76278c320e267a8da,production
dab-96daee57ca489778772ae021,DAB,initial-production-grid,40000,6,,,0,,,COMPLETE_NUMERICAL,completed,Passed native atmosphere and independent final-source checks,2026-10-09,0a74fdbe06596fc145f5169a3b239ddd67053141,10a0b9c926b6862d629bc69b78d4387194196b8bcb894de76278c320e267a8da,production
dab-8487315c6c0c63a1bfc75aa4,DAB,initial-production-grid,40000,6,,,2,,,COMPLETE_NUMERICAL,completed,Passed native atmosphere and independent final-source checks,2026-10-09,0a74fdbe06596fc145f5169a3b239ddd67053141,10a0b9c926b6862d629bc69b78d4387194196b8bcb894de76278c320e267a8da,production
dab-4af313ff9d5b96affded1751,DAB,initial-production-grid,40000,6,,,4,,,COMPLETE_NUMERICAL,completed,Passed native atmosphere and independent final-source checks,2026-10-09,0a74fdbe06596fc145f5169a3b239ddd67053141,10a0b9c926b6862d629bc69b78d4387194196b8bcb894de76278c320e267a8da,production
dab-1e8abfe2efa6e29379ba3a4c,DAB,initial-production-grid,40000,6.5,,,-6,,,COMPLETE_NUMERICAL,completed,Passed native atmosphere and independent final-source checks,2026-10-09,0a74fdbe06596fc145f5169a3b239ddd67053141,10a0b9c926b6862d629bc69b78d4387194196b8bcb894de76278c320e267a8da,production
dab-08f161384985e8fe302d0192,DAB,initial-production-grid,40000,6.5,,,-4,,,COMPLETE_NUMERICAL,completed,Passed native atmosphere and independent final-source checks,2026-10-09,0a74fdbe06596fc145f5169a3b239ddd67053141,10a0b9c926b6862d629bc69b78d4387194196b8bcb894de76278c320e267a8da,production
dab-423402e20925b1bd4987a105,DAB,initial-production-grid,40000,6.5,,,-2,,,COMPLETE_NUMERICAL,completed,Passed native atmosphere and independent final-source checks,2026-10-09,0a74fdbe06596fc145f5169a3b239ddd67053141,10a0b9c926b6862d629bc69b78d4387194196b8bcb894de76278c320e267a8da,production
dab-e7acedaf99084f8bc9002680,DAB,initial-production-grid,40000,6.5,,,0,,,COMPLETE_NUMERICAL,completed,Passed native atmosphere and independent final-source checks,2026-10-09,0a74fdbe06596fc145f5169a3b239ddd67053141,10a0b9c926b6862d629bc69b78d4387194196b8bcb894de76278c320e267a8da,production
dab-52c9868c93d21756dfa466c5,DAB,initial-production-grid,40000,6.5,,,2,,,COMPLETE_NUMERICAL,completed,Passed native atmosphere and independent final-source checks,2026-10-09,0a74fdbe06596fc145f5169a3b239ddd67053141,10a0b9c926b6862d629bc69b78d4387194196b8bcb894de76278c320e267a8da,production
dab-74ab3eee6b1ded5d5fc8ba05,DAB,initial-production-grid,40000,6.5,,,4,,,COMPLETE_NUMERICAL,completed,Passed native atmosphere and independent final-source checks,2026-10-09,0a74fdbe06596fc145f5169a3b239ddd67053141,10a0b9c926b6862d629bc69b78d4387194196b8bcb894de76278c320e267a8da,production
dab-1b7f6714e8e88154517189ce,DAB,initial-production-grid,40000,7,,,-6,,,NUMERICAL_NONCONVERGENCE,numerical_failure,Temperature-stationarity certification failed,2026-10-09,0a74fdbe06596fc145f5169a3b239ddd67053141,10a0b9c926b6862d629bc69b78d4387194196b8bcb894de76278c320e267a8da,production
dab-ba1934615c8d09ea3cc3e4f0,DAB,initial-production-grid,40000,7,,,-4,,,COMPLETE_NUMERICAL,completed,Passed native atmosphere and independent final-source checks,2026-10-09,0a74fdbe06596fc145f5169a3b239ddd67053141,10a0b9c926b6862d629bc69b78d4387194196b8bcb894de76278c320e267a8da,production
dab-461188d154f821f23958e409,DAB,initial-production-grid,40000,7,,,-2,,,COMPLETE_NUMERICAL,completed,Passed native atmosphere and independent final-source checks,2026-10-09,0a74fdbe06596fc145f5169a3b239ddd67053141,10a0b9c926b6862d629bc69b78d4387194196b8bcb894de76278c320e267a8da,production
dab-ea5f58e15565ce86aa9be6cb,DAB,initial-production-grid,40000,7,,,0,,,COMPLETE_NUMERICAL,completed,Passed native atmosphere and independent final-source checks,2026-10-09,0a74fdbe06596fc145f5169a3b239ddd67053141,10a0b9c926b6862d629bc69b78d4387194196b8bcb894de76278c320e267a8da,production
dab-9a8e9ce4b7665be124a1a5be,DAB,initial-production-grid,40000,7,,,2,,,COMPLETE_NUMERICAL,completed,Passed native atmosphere and independent final-source checks,2026-10-09,0a74fdbe06596fc145f5169a3b239ddd67053141,10a0b9c926b6862d629bc69b78d4387194196b8bcb894de76278c320e267a8da,production
dab-12899e2fdcad15fb5350c786,DAB,initial-production-grid,40000,7,,,4,,,COMPLETE_NUMERICAL,completed,Passed native atmosphere and independent final-source checks,2026-10-09,0a74fdbe06596fc145f5169a3b239ddd67053141,10a0b9c926b6862d629bc69b78d4387194196b8bcb894de76278c320e267a8da,production
dab-f67bdd8ce3621489bd7b2890,DAB,initial-production-grid,40000,7.5,,,-6,,,COMPLETE_NUMERICAL,completed,Passed native atmosphere and independent final-source checks,2026-10-09,0a74fdbe06596fc145f5169a3b239ddd67053141,10a0b9c926b6862d629bc69b78d4387194196b8bcb894de76278c320e267a8da,production
dab-0ab58551347155a3ba096882,DAB,initial-production-grid,40000,7.5,,,-4,,,COMPLETE_NUMERICAL,completed,Passed native atmosphere and independent final-source checks,2026-10-09,0a74fdbe06596fc145f5169a3b239ddd67053141,10a0b9c926b6862d629bc69b78d4387194196b8bcb894de76278c320e267a8da,production
dab-e744037facab859ccea48e64,DAB,initial-production-grid,40000,7.5,,,-2,,,COMPLETE_NUMERICAL,completed,Passed native atmosphere and independent final-source checks,2026-10-09,0a74fdbe06596fc145f5169a3b239ddd67053141,10a0b9c926b6862d629bc69b78d4387194196b8bcb894de76278c320e267a8da,production
dab-767a4666989372eaa953f4e9,DAB,initial-production-grid,40000,7.5,,,0,,,COMPLETE_NUMERICAL,completed,Passed native atmosphere and independent final-source checks,2026-10-09,0a74fdbe06596fc145f5169a3b239ddd67053141,10a0b9c926b6862d629bc69b78d4387194196b8bcb894de76278c320e267a8da,production
dab-d7a583f7de1e2ea60970f068,DAB,initial-production-grid,40000,7.5,,,2,,,COMPLETE_NUMERICAL,completed,Passed native atmosphere and independent final-source checks,2026-10-09,0a74fdbe06596fc145f5169a3b239ddd67053141,10a0b9c926b6862d629bc69b78d4387194196b8bcb894de76278c320e267a8da,production
dab-1f1bc50b5fd618763e25e281,DAB,initial-production-grid,40000,7.5,,,4,,,COMPLETE_NUMERICAL,completed,Passed native atmosphere and independent final-source checks,2026-10-09,0a74fdbe06596fc145f5169a3b239ddd67053141,10a0b9c926b6862d629bc69b78d4387194196b8bcb894de76278c320e267a8da,production
dab-e549a56a34b377d4cf3ac964,DAB,initial-production-grid,40000,8,,,-6,,,COMPLETE_NUMERICAL,completed,Passed native atmosphere and independent final-source checks,2026-10-09,0a74fdbe06596fc145f5169a3b239ddd67053141,10a0b9c926b6862d629bc69b78d4387194196b8bcb894de76278c320e267a8da,production
dab-84a61f9d088257193cc0b8b1,DAB,initial-production-grid,40000,8,,,-4,,,COMPLETE_NUMERICAL,completed,Passed native atmosphere and independent final-source checks,2026-10-09,0a74fdbe06596fc145f5169a3b239ddd67053141,10a0b9c926b6862d629bc69b78d4387194196b8bcb894de76278c320e267a8da,production
dab-03beeda12a98a468a1483ea5,DAB,initial-production-grid,40000,8,,,-2,,,COMPLETE_NUMERICAL,completed,Passed native atmosphere and independent final-source checks,2026-10-09,0a74fdbe06596fc145f5169a3b239ddd67053141,10a0b9c926b6862d629bc69b78d4387194196b8bcb894de76278c320e267a8da,production
dab-d411f40a47f04ae51ee54a5c,DAB,initial-production-grid,40000,8,,,0,,,COMPLETE_NUMERICAL,completed,Passed native atmosphere and independent final-source checks,2026-10-09,0a74fdbe06596fc145f5169a3b239ddd67053141,10a0b9c926b6862d629bc69b78d4387194196b8bcb894de76278c320e267a8da,production
dab-031ed20898151558691824ec,DAB,initial-production-grid,40000,8,,,2,,,COMPLETE_NUMERICAL,completed,Passed native atmosphere and independent final-source checks,2026-10-09,0a74fdbe06596fc145f5169a3b239ddd67053141,10a0b9c926b6862d629bc69b78d4387194196b8bcb894de76278c320e267a8da,production
dab-26da942731634304c21f7708,DAB,initial-production-grid,40000,8,,,4,,,COMPLETE_NUMERICAL,completed,Passed native atmosphere and independent final-source checks,2026-10-09,0a74fdbe06596fc145f5169a3b239ddd67053141,10a0b9c926b6862d629bc69b78d4387194196b8bcb894de76278c320e267a8da,production
dab-378c7516bdae8104b3fc7a69,DAB,initial-production-grid,40000,8.5,,,-6,,,COMPLETE_NUMERICAL,completed,Passed native atmosphere and independent final-source checks,2026-10-09,0a74fdbe06596fc145f5169a3b239ddd67053141,10a0b9c926b6862d629bc69b78d4387194196b8bcb894de76278c320e267a8da,production
dab-5ceada02ffba4ee672ce2e66,DAB,initial-production-grid,40000,8.5,,,-4,,,COMPLETE_NUMERICAL,completed,Passed native atmosphere and independent final-source checks,2026-10-09,0a74fdbe06596fc145f5169a3b239ddd67053141,10a0b9c926b6862d629bc69b78d4387194196b8bcb894de76278c320e267a8da,production
dab-ef2f00ba4213ee20caf0292f,DAB,initial-production-grid,40000,8.5,,,-2,,,COMPLETE_NUMERICAL,completed,Passed native atmosphere and independent final-source checks,2026-10-09,0a74fdbe06596fc145f5169a3b239ddd67053141,10a0b9c926b6862d629bc69b78d4387194196b8bcb894de76278c320e267a8da,production
dab-79f9afbe96299fa1cb7d99c2,DAB,initial-production-grid,40000,8.5,,,0,,,COMPLETE_NUMERICAL,completed,Passed native atmosphere and independent final-source checks,2026-10-09,0a74fdbe06596fc145f5169a3b239ddd67053141,10a0b9c926b6862d629bc69b78d4387194196b8bcb894de76278c320e267a8da,production
dab-c1c1855b968ff436e2202527,DAB,initial-production-grid,40000,8.5,,,2,,,COMPLETE_NUMERICAL,completed,Passed native atmosphere and independent final-source checks,2026-10-09,0a74fdbe06596fc145f5169a3b239ddd67053141,10a0b9c926b6862d629bc69b78d4387194196b8bcb894de76278c320e267a8da,production
dab-f13921b67c39e9c5f451dbf3,DAB,initial-production-grid,40000,8.5,,,4,,,COMPLETE_NUMERICAL,completed,Passed native atmosphere and independent final-source checks,2026-10-09,0a74fdbe06596fc145f5169a3b239ddd67053141,10a0b9c926b6862d629bc69b78d4387194196b8bcb894de76278c320e267a8da,production
dab-032fd85adddd4f16ec2e8b3a,DAB,initial-production-grid,40000,9,,,-6,,,COMPLETE_NUMERICAL,completed,Passed native atmosphere and independent final-source checks,2026-10-09,0a74fdbe06596fc145f5169a3b239ddd67053141,10a0b9c926b6862d629bc69b78d4387194196b8bcb894de76278c320e267a8da,production
dab-d16f51dc7f55696411d436c8,DAB,initial-production-grid,40000,9,,,-4,,,COMPLETE_NUMERICAL,completed,Passed native atmosphere and independent final-source checks,2026-10-09,0a74fdbe06596fc145f5169a3b239ddd67053141,10a0b9c926b6862d629bc69b78d4387194196b8bcb894de76278c320e267a8da,production
dab-a24291b20d51b4b4407cd7ac,DAB,initial-production-grid,40000,9,,,-2,,,COMPLETE_NUMERICAL,completed,Passed native atmosphere and independent final-source checks,2026-10-09,0a74fdbe06596fc145f5169a3b239ddd67053141,10a0b9c926b6862d629bc69b78d4387194196b8bcb894de76278c320e267a8da,production
dab-ef4c49b0b23583c2a74ec29f,DAB,initial-production-grid,40000,9,,,0,,,COMPLETE_NUMERICAL,completed,Passed native atmosphere and independent final-source checks,2026-10-09,0a74fdbe06596fc145f5169a3b239ddd67053141,10a0b9c926b6862d629bc69b78d4387194196b8bcb894de76278c320e267a8da,production
dab-f5db1bb5f92e840d471aaf24,DAB,initial-production-grid,40000,9,,,2,,,COMPLETE_NUMERICAL,completed,Passed native atmosphere and independent final-source checks,2026-10-09,0a74fdbe06596fc145f5169a3b239ddd67053141,10a0b9c926b6862d629bc69b78d4387194196b8bcb894de76278c320e267a8da,production
dab-a417e62f4369272a0a57d782,DAB,initial-production-grid,40000,9,,,4,,,COMPLETE_NUMERICAL,completed,Passed native atmosphere and independent final-source checks,2026-10-09,0a74fdbe06596fc145f5169a3b239ddd67053141,10a0b9c926b6862d629bc69b78d4387194196b8bcb894de76278c320e267a8da,production
dab-401f2ed23251795f47bc9216,DAB,initial-production-grid,40000,9.5,,,-6,,,COMPLETE_NUMERICAL,completed,Passed native atmosphere and independent final-source checks,2026-10-09,0a74fdbe06596fc145f5169a3b239ddd67053141,10a0b9c926b6862d629bc69b78d4387194196b8bcb894de76278c320e267a8da,production
dab-c2191314e8ff4d7d726ffaa6,DAB,initial-production-grid,40000,9.5,,,-4,,,COMPLETE_NUMERICAL,completed,Passed native atmosphere and independent final-source checks,2026-10-09,0a74fdbe06596fc145f5169a3b239ddd67053141,10a0b9c926b6862d629bc69b78d4387194196b8bcb894de76278c320e267a8da,production
dab-06ca08c7d711532bb50177d9,DAB,initial-production-grid,40000,9.5,,,-2,,,COMPLETE_NUMERICAL,completed,Passed native atmosphere and independent final-source checks,2026-10-09,0a74fdbe06596fc145f5169a3b239ddd67053141,10a0b9c926b6862d629bc69b78d4387194196b8bcb894de76278c320e267a8da,production
dab-c5cddefb0d26e5d14d89de9b,DAB,initial-production-grid,40000,9.5,,,0,,,COMPLETE_NUMERICAL,completed,Passed native atmosphere and independent final-source checks,2026-10-09,0a74fdbe06596fc145f5169a3b239ddd67053141,10a0b9c926b6862d629bc69b78d4387194196b8bcb894de76278c320e267a8da,production
dab-a3cfd4087df8ca97eb05ccad,DAB,initial-production-grid,40000,9.5,,,2,,,COMPLETE_NUMERICAL,completed,Passed native atmosphere and independent final-source checks,2026-10-09,0a74fdbe06596fc145f5169a3b239ddd67053141,10a0b9c926b6862d629bc69b78d4387194196b8bcb894de76278c320e267a8da,production
dab-5a83e44581db811b0186f479,DAB,initial-production-grid,40000,9.5,,,4,,,COMPLETE_NUMERICAL,completed,Passed native atmosphere and independent final-source checks,2026-10-09,0a74fdbe06596fc145f5169a3b239ddd67053141,10a0b9c926b6862d629bc69b78d4387194196b8bcb894de76278c320e267a8da,production
