# Mg I 2852-A absolute cross sections recovered from Allard et al. 2018 A&A 619 A152 Fig. 6 vector paths
# T=6000 K; n_He=1e21,5e21,1e22 cm^-3; figure-resolution bridge
# helium_density_cm-3 wavelength_vacuum_angstrom cross_section_cm2
1.00000000e+22 2459.20000000 9.9825713790e-20
1.00000000e+22 2459.40000000 1.0741392987e-19
1.00000000e+22 2460.00000000 1.2721708923e-19
1.00000000e+22 2460.60000000 1.4729290178e-19
1.00000000e+22 2461.20000000 1.6758780942e-19
1.00000000e+22 2461.80000000 1.8803661489e-19
1.00000000e+22 2462.40000000 2.0878388266e-19
1.00000000e+22 2463.00000000 2.2980720269e-19
1.00000000e+22 2463.60000000 2.5118864315e-19
1.00000000e+22 2464.20000000 2.7312637228e-19
1.00000000e+22 2464.80000000 2.9491507296e-19
1.00000000e+22 2465.40000000 3.1733293719e-19
1.00000000e+22 2466.00000000 3.3967267081e-19
1.00000000e+22 2466.60000000 3.6295140745e-19
1.00000000e+22 2467.20000000 3.8647482760e-19
1.00000000e+22 2467.80000000 4.1008963050e-19
1.00000000e+22 2468.40000000 4.3438896876e-19
1.00000000e+22 2469.00000000 4.5932619345e-19
1.00000000e+22 2469.60000000 4.8484850475e-19
1.00000000e+22 2470.20000000 5.1000655447e-19
1.00000000e+22 2470.80000000 5.3647001704e-19
1.00000000e+22 2471.40000000 5.6332311970e-19
1.00000000e+22 2472.00000000 5.9152035922e-19
1.00000000e+22 2472.80000000 6.1896581889e-19
1.00000000e+22 2473.40000000 6.4768469755e-19
1.00000000e+22 2474.00000000 6.7773607950e-19
1.00000000e+22 2474.60000000 7.0794578438e-19
1.00000000e+22 2475.20000000 7.3950206989e-19
1.00000000e+22 2475.80000000 7.7111865919e-19
1.00000000e+22 2476.40000000 8.0268556792e-19
1.00000000e+22 2477.00000000 8.3700349748e-19
1.00000000e+22 2477.60000000 8.6974900262e-19
1.00000000e+22 2478.20000000 9.0535349365e-19
1.00000000e+22 2478.80000000 9.4077300810e-19
1.00000000e+22 2479.40000000 9.7757821556e-19
1.00000000e+22 2480.00000000 1.0140528876e-18
1.00000000e+22 2480.60000000 1.0518884754e-18
1.00000000e+22 2481.20000000 1.0892340575e-18
1.00000000e+22 2482.00000000 1.1298747493e-18
1.00000000e+22 2482.60000000 1.1699891066e-18
1.00000000e+22 2483.20000000 1.2094161330e-18
1.00000000e+22 2483.80000000 1.2523544772e-18
1.00000000e+22 2484.40000000 1.2923008690e-18
1.00000000e+22 2485.00000000 1.3358496339e-18
1.00000000e+22 2485.60000000 1.3784592734e-18
1.00000000e+22 2486.20000000 1.4224280340e-18
1.00000000e+22 2486.80000000 1.4677992676e-18
1.00000000e+22 2487.40000000 1.5146177090e-18
1.00000000e+22 2488.00000000 1.5602055490e-18
1.00000000e+22 2488.80000000 1.6071655183e-18
1.00000000e+22 2489.40000000 1.6526535399e-18
1.00000000e+22 2490.00000000 1.7023960622e-18
1.00000000e+22 2490.60000000 1.7505794185e-18
1.00000000e+22 2491.20000000 1.8001265208e-18
1.00000000e+22 2491.80000000 1.8478497974e-18
1.00000000e+22 2492.40000000 1.9001499684e-18
1.00000000e+22 2493.00000000 1.9505249735e-18
1.00000000e+22 2493.60000000 2.0022354737e-18
1.00000000e+22 2494.20000000 2.0553168745e-18
1.00000000e+22 2495.00000000 2.1098055199e-18
1.00000000e+22 2495.60000000 2.1619641336e-18
1.00000000e+22 2496.20000000 2.2192801118e-18
1.00000000e+22 2496.80000000 2.2741451564e-18
1.00000000e+22 2497.40000000 2.3303665747e-18
1.00000000e+22 2498.00000000 2.3879778990e-18
1.00000000e+22 2498.60000000 2.4470134905e-18
1.00000000e+22 2499.20000000 2.5075085599e-18
1.00000000e+22 2500.00000000 2.5650209057e-18
1.00000000e+22 2500.60000000 2.6284333545e-18
1.00000000e+22 2501.20000000 2.6887192376e-18
1.00000000e+22 2501.80000000 2.7551897567e-18
1.00000000e+22 2502.40000000 2.8183829313e-18
1.00000000e+22 2503.00000000 2.8830255077e-18
1.00000000e+22 2503.60000000 2.9491507296e-18
1.00000000e+22 2504.20000000 3.0220596363e-18
1.00000000e+22 2505.00000000 3.0859859140e-18
1.00000000e+22 2505.60000000 3.1567662463e-18
1.00000000e+22 2506.20000000 3.2291699999e-18
1.00000000e+22 2506.80000000 3.3032344098e-18
1.00000000e+22 2507.40000000 3.3789975648e-18
1.00000000e+22 2508.00000000 3.4504742274e-18
1.00000000e+22 2508.60000000 3.5296144824e-18
1.00000000e+22 2509.40000000 3.6042771771e-18
1.00000000e+22 2510.00000000 3.6869450645e-18
1.00000000e+22 2510.60000000 3.7649358068e-18
1.00000000e+22 2511.20000000 3.8445763040e-18
1.00000000e+22 2511.80000000 3.9327557047e-18
1.00000000e+22 2512.40000000 4.0159461323e-18
1.00000000e+22 2513.20000000 4.1008963050e-18
1.00000000e+22 2513.80000000 4.1876434469e-18
1.00000000e+22 2514.40000000 4.2762255698e-18
1.00000000e+22 2515.00000000 4.3666814894e-18
1.00000000e+22 2515.60000000 4.4512793318e-18
1.00000000e+22 2516.20000000 4.5454382013e-18
1.00000000e+22 2516.80000000 4.6415888336e-18
1.00000000e+22 2517.60000000 4.7315125896e-18
1.00000000e+22 2518.20000000 4.8315992935e-18
1.00000000e+22 2518.80000000 4.9252042145e-18
1.00000000e+22 2519.40000000 5.0206225891e-18
1.00000000e+22 2520.00000000 5.1268248990e-18
1.00000000e+22 2520.80000000 5.2261493691e-18
1.00000000e+22 2521.40000000 5.3273981004e-18
1.00000000e+22 2522.00000000 5.4306083726e-18
1.00000000e+22 2522.60000000 5.5358181875e-18
1.00000000e+22 2523.20000000 5.6430662834e-18
1.00000000e+22 2523.80000000 5.7523921486e-18
1.00000000e+22 2524.60000000 5.8638360371e-18
1.00000000e+22 2525.20000000 5.9774389821e-18
1.00000000e+22 2525.80000000 6.0932428121e-18
1.00000000e+22 2526.40000000 6.2004647439e-18
1.00000000e+22 2527.00000000 6.3205893604e-18
1.00000000e+22 2527.80000000 6.4430412095e-18
1.00000000e+22 2528.40000000 6.5564184942e-18
1.00000000e+22 2529.00000000 6.6834391757e-18
1.00000000e+22 2529.60000000 6.8010467094e-18
1.00000000e+22 2530.20000000 6.9328066921e-18
1.00000000e+22 2531.00000000 7.0548023107e-18
1.00000000e+22 2531.60000000 7.1914784241e-18
1.00000000e+22 2532.20000000 7.3180258525e-18
1.00000000e+22 2532.80000000 7.4598015235e-18
1.00000000e+22 2533.40000000 7.5910705956e-18
1.00000000e+22 2534.20000000 7.7246495909e-18
1.00000000e+22 2534.80000000 7.8605791570e-18
1.00000000e+22 2535.40000000 8.0128659767e-18
1.00000000e+22 2536.00000000 8.1538672457e-18
1.00000000e+22 2536.60000000 8.2973496941e-18
1.00000000e+22 2537.40000000 8.4433569829e-18
1.00000000e+22 2538.00000000 8.5919335412e-18
1.00000000e+22 2538.60000000 8.7431245802e-18
1.00000000e+22 2539.20000000 8.8969761066e-18
1.00000000e+22 2540.00000000 9.0535349365e-18
1.00000000e+22 2540.60000000 9.2128487099e-18
1.00000000e+22 2541.20000000 9.3586266326e-18
1.00000000e+22 2541.80000000 9.5233090615e-18
1.00000000e+22 2542.40000000 9.6908893838e-18
1.00000000e+22 2543.20000000 9.8614185933e-18
1.00000000e+22 2543.80000000 1.0017459050e-17
1.00000000e+22 2544.40000000 1.0193734859e-17
1.00000000e+22 2545.00000000 1.0373112570e-17
1.00000000e+22 2545.80000000 1.0537249727e-17
1.00000000e+22 2546.40000000 1.0722672220e-17
1.00000000e+22 2547.00000000 1.0892340575e-17
1.00000000e+22 2547.60000000 1.1084011551e-17
1.00000000e+22 2548.40000000 1.1259397496e-17
1.00000000e+22 2549.00000000 1.1457527521e-17
1.00000000e+22 2549.60000000 1.1638823732e-17
1.00000000e+22 2550.20000000 1.1822988652e-17
1.00000000e+22 2551.00000000 1.2031036110e-17
1.00000000e+22 2551.60000000 1.2221407135e-17
1.00000000e+22 2552.20000000 1.2436465508e-17
1.00000000e+22 2552.80000000 1.2633251775e-17
1.00000000e+22 2553.60000000 1.2833151856e-17
1.00000000e+22 2554.20000000 1.3036215021e-17
1.00000000e+22 2554.80000000 1.3265611452e-17
1.00000000e+22 2555.40000000 1.3475517567e-17
1.00000000e+22 2556.20000000 1.3688745095e-17
1.00000000e+22 2556.80000000 1.3905346593e-17
1.00000000e+22 2557.40000000 1.4150037009e-17
1.00000000e+22 2558.20000000 1.4373937680e-17
1.00000000e+22 2558.80000000 1.4601381204e-17
1.00000000e+22 2559.40000000 1.4832423641e-17
1.00000000e+22 2560.00000000 1.5067121938e-17
1.00000000e+22 2560.80000000 1.5305533944e-17
1.00000000e+22 2561.40000000 1.5574863259e-17
1.00000000e+22 2562.00000000 1.5821309422e-17
1.00000000e+22 2562.60000000 1.6071655183e-17
1.00000000e+22 2563.40000000 1.6325962247e-17
1.00000000e+22 2564.00000000 1.6584293295e-17
1.00000000e+22 2564.60000000 1.6846712000e-17
1.00000000e+22 2565.40000000 1.7113283042e-17
1.00000000e+22 2566.00000000 1.7384072124e-17
1.00000000e+22 2566.60000000 1.7659145992e-17
1.00000000e+22 2567.20000000 1.7938572443e-17
1.00000000e+22 2568.00000000 1.8222420350e-17
1.00000000e+22 2568.60000000 1.8510759676e-17
1.00000000e+22 2569.20000000 1.8803661489e-17
1.00000000e+22 2570.00000000 1.9101197984e-17
1.00000000e+22 2570.60000000 1.9403442496e-17
1.00000000e+22 2571.20000000 1.9710469522e-17
1.00000000e+22 2572.00000000 1.9987458534e-17
1.00000000e+22 2572.60000000 2.0303726637e-17
1.00000000e+22 2573.20000000 2.0624999153e-17
1.00000000e+22 2574.00000000 2.0951355270e-17
1.00000000e+22 2574.60000000 2.1282875427e-17
1.00000000e+22 2575.20000000 2.1619641336e-17
1.00000000e+22 2575.80000000 2.1923459725e-17
1.00000000e+22 2576.60000000 2.2270361809e-17
1.00000000e+22 2577.20000000 2.2622753038e-17
1.00000000e+22 2577.80000000 2.2980720269e-17
1.00000000e+22 2578.60000000 2.3303665747e-17
1.00000000e+22 2579.20000000 2.3672407283e-17
1.00000000e+22 2579.80000000 2.4046983537e-17
1.00000000e+22 2580.60000000 2.4427486834e-17
1.00000000e+22 2581.20000000 2.4770763560e-17
1.00000000e+22 2581.80000000 2.5162719465e-17
1.00000000e+22 2582.60000000 2.5560877417e-17
1.00000000e+22 2583.20000000 2.5920081553e-17
1.00000000e+22 2583.80000000 2.6330223493e-17
1.00000000e+22 2584.60000000 2.6700239164e-17
1.00000000e+22 2585.20000000 2.7122725793e-17
1.00000000e+22 2585.80000000 2.7551897567e-17
1.00000000e+22 2586.60000000 2.7939081286e-17
1.00000000e+22 2587.20000000 2.8381170520e-17
1.00000000e+22 2587.80000000 2.8780007918e-17
1.00000000e+22 2588.60000000 2.9235403410e-17
1.00000000e+22 2589.20000000 2.9646245247e-17
1.00000000e+22 2590.00000000 3.0115347496e-17
1.00000000e+22 2590.60000000 3.0538555088e-17
1.00000000e+22 2591.20000000 3.0967709969e-17
1.00000000e+22 2592.00000000 3.1457722187e-17
1.00000000e+22 2592.60000000 3.1899794020e-17
1.00000000e+22 2593.20000000 3.2404554909e-17
1.00000000e+22 2594.00000000 3.2859932476e-17
1.00000000e+22 2594.60000000 3.3321709412e-17
1.00000000e+22 2595.20000000 3.3848969735e-17
1.00000000e+22 2596.00000000 3.4324645500e-17
1.00000000e+22 2596.60000000 3.4807005884e-17
1.00000000e+22 2597.40000000 3.5357768539e-17
1.00000000e+22 2598.00000000 3.5854647285e-17
1.00000000e+22 2598.60000000 3.6358508612e-17
1.00000000e+22 2599.40000000 3.6869450645e-17
1.00000000e+22 2600.00000000 3.7452848039e-17
1.00000000e+22 2600.60000000 3.7979168701e-17
1.00000000e+22 2601.40000000 3.8512885689e-17
1.00000000e+22 2602.00000000 3.9054102941e-17
1.00000000e+22 2602.80000000 3.9602925859e-17
1.00000000e+22 2603.40000000 4.0159461323e-17
1.00000000e+22 2604.00000000 4.0723817718e-17
1.00000000e+22 2604.80000000 4.1296104949e-17
1.00000000e+22 2605.40000000 4.1876434469e-17
1.00000000e+22 2606.20000000 4.2464919294e-17
1.00000000e+22 2606.80000000 4.3061674030e-17
1.00000000e+22 2607.40000000 4.3666814894e-17
1.00000000e+22 2608.20000000 4.4280459734e-17
1.00000000e+22 2608.80000000 4.4902728056e-17
1.00000000e+22 2609.40000000 4.5533741044e-17
1.00000000e+22 2610.20000000 4.6173621588e-17
1.00000000e+22 2610.80000000 4.6740889150e-17
1.00000000e+22 2611.60000000 4.7397733609e-17
1.00000000e+22 2612.20000000 4.8063808631e-17
1.00000000e+22 2613.00000000 4.8654298148e-17
1.00000000e+22 2613.60000000 4.9338031530e-17
1.00000000e+22 2614.20000000 5.0031373340e-17
1.00000000e+22 2615.00000000 5.0646035439e-17
1.00000000e+22 2615.60000000 5.1357758480e-17
1.00000000e+22 2616.40000000 5.2079483286e-17
1.00000000e+22 2617.00000000 5.2719307508e-17
1.00000000e+22 2617.60000000 5.3460166009e-17
1.00000000e+22 2618.40000000 5.4116952655e-17
1.00000000e+22 2619.00000000 5.4781808274e-17
1.00000000e+22 2619.80000000 5.5551650867e-17
1.00000000e+22 2620.40000000 5.6234132519e-17
1.00000000e+22 2621.20000000 5.7024384461e-17
1.00000000e+22 2621.80000000 5.7724959430e-17
1.00000000e+22 2622.40000000 5.8434141337e-17
1.00000000e+22 2623.20000000 5.9152035922e-17
1.00000000e+22 2623.80000000 5.9983292832e-17
1.00000000e+22 2624.60000000 6.0720219569e-17
1.00000000e+22 2625.20000000 6.1466199844e-17
1.00000000e+22 2626.00000000 6.2221344884e-17
1.00000000e+22 2626.60000000 6.2985767284e-17
1.00000000e+22 2627.40000000 6.3759581021e-17
1.00000000e+22 2628.00000000 6.4542901472e-17
1.00000000e+22 2628.80000000 6.5449915609e-17
1.00000000e+22 2629.40000000 6.6254002722e-17
1.00000000e+22 2630.00000000 6.7067968473e-17
1.00000000e+22 2630.80000000 6.7891934228e-17
1.00000000e+22 2631.40000000 6.8726022842e-17
1.00000000e+22 2632.20000000 6.9449107138e-17
1.00000000e+22 2632.80000000 7.0302326451e-17
1.00000000e+22 2633.60000000 7.1166028018e-17
1.00000000e+22 2634.20000000 7.2040340620e-17
1.00000000e+22 2635.00000000 7.2925394618e-17
1.00000000e+22 2635.60000000 7.3821321976e-17
1.00000000e+22 2636.40000000 7.4728256280e-17
1.00000000e+22 2637.00000000 7.5646332755e-17
1.00000000e+22 2637.80000000 7.6442227425e-17
1.00000000e+22 2638.40000000 7.7381360950e-17
1.00000000e+22 2639.20000000 7.8332032231e-17
1.00000000e+22 2639.80000000 7.9294383015e-17
1.00000000e+22 2640.40000000 8.0128659767e-17
1.00000000e+22 2641.20000000 8.1113083079e-17
1.00000000e+22 2642.00000000 8.2109600556e-17
1.00000000e+22 2642.60000000 8.2973496941e-17
1.00000000e+22 2643.40000000 8.3992870595e-17
1.00000000e+22 2644.00000000 8.5024767797e-17
1.00000000e+22 2644.60000000 8.5919335412e-17
1.00000000e+22 2645.40000000 8.6974900262e-17
1.00000000e+22 2646.00000000 8.7889985726e-17
1.00000000e+22 2646.80000000 8.8969761066e-17
1.00000000e+22 2647.40000000 9.0062802021e-17
1.00000000e+22 2648.20000000 9.1010376100e-17
1.00000000e+22 2649.00000000 9.2128487099e-17
1.00000000e+22 2649.60000000 9.3097794786e-17
1.00000000e+22 2650.40000000 9.4241550837e-17
1.00000000e+22 2651.00000000 9.5233090615e-17
1.00000000e+22 2651.80000000 9.6403079914e-17
1.00000000e+22 2652.40000000 9.7417361699e-17
1.00000000e+22 2653.20000000 9.8614185933e-17
1.00000000e+22 2653.80000000 9.9651731338e-17
1.00000000e+22 2654.60000000 1.0087600599e-16
1.00000000e+22 2655.20000000 1.0193734859e-16
1.00000000e+22 2656.00000000 1.0318970328e-16
1.00000000e+22 2656.60000000 1.0427538889e-16
1.00000000e+22 2657.40000000 1.0555646764e-16
1.00000000e+22 2658.00000000 1.0666705459e-16
1.00000000e+22 2658.80000000 1.0778932631e-16
1.00000000e+22 2659.40000000 1.0911357566e-16
1.00000000e+22 2660.20000000 1.1026158787e-16
1.00000000e+22 2660.80000000 1.1161621027e-16
1.00000000e+22 2661.60000000 1.1279055334e-16
1.00000000e+22 2662.40000000 1.1417624543e-16
1.00000000e+22 2663.00000000 1.1537752330e-16
1.00000000e+22 2663.80000000 1.1659144012e-16
1.00000000e+22 2664.40000000 1.1802382813e-16
1.00000000e+22 2665.20000000 1.1926558741e-16
1.00000000e+22 2665.80000000 1.2073082875e-16
1.00000000e+22 2666.60000000 1.2200106908e-16
1.00000000e+22 2667.20000000 1.2328467394e-16
1.00000000e+22 2668.00000000 1.2479929190e-16
1.00000000e+22 2668.60000000 1.2611233759e-16
1.00000000e+22 2669.40000000 1.2766169491e-16
1.00000000e+22 2670.20000000 1.2900485668e-16
1.00000000e+22 2670.80000000 1.3036215021e-16
1.00000000e+22 2671.60000000 1.3196371873e-16
1.00000000e+22 2672.20000000 1.3335214322e-16
1.00000000e+22 2673.00000000 1.3499044540e-16
1.00000000e+22 2673.60000000 1.3641071486e-16
1.00000000e+22 2674.40000000 1.3808659323e-16
1.00000000e+22 2675.20000000 1.3953943806e-16
1.00000000e+22 2675.80000000 1.4100756865e-16
1.00000000e+22 2676.60000000 1.4273992182e-16
1.00000000e+22 2677.20000000 1.4424172552e-16
1.00000000e+22 2678.00000000 1.4601381204e-16
1.00000000e+22 2678.80000000 1.4755006119e-16
1.00000000e+22 2679.40000000 1.4936279237e-16
1.00000000e+22 2680.20000000 1.5093427701e-16
1.00000000e+22 2680.80000000 1.5278858509e-16
1.00000000e+22 2681.60000000 1.5439611338e-16
1.00000000e+22 2682.20000000 1.5629295197e-16
1.00000000e+22 2683.00000000 1.5793735061e-16
1.00000000e+22 2683.80000000 1.5987769518e-16
1.00000000e+22 2684.40000000 1.6155980984e-16
1.00000000e+22 2685.20000000 1.6354465826e-16
1.00000000e+22 2685.80000000 1.6526535399e-16
1.00000000e+22 2686.60000000 1.6729572698e-16
1.00000000e+22 2687.40000000 1.6905588868e-16
1.00000000e+22 2688.00000000 1.7113283042e-16
1.00000000e+22 2688.80000000 1.7293336327e-16
1.00000000e+22 2689.60000000 1.7505794185e-16
1.00000000e+22 2690.20000000 1.7689977182e-16
1.00000000e+22 2691.00000000 1.7907307985e-16
1.00000000e+22 2691.60000000 1.8095715412e-16
1.00000000e+22 2692.40000000 1.8318030925e-16
1.00000000e+22 2693.20000000 1.8510759676e-16
1.00000000e+22 2693.80000000 1.8738174229e-16
1.00000000e+22 2694.60000000 1.8968382691e-16
1.00000000e+22 2695.40000000 1.9167953960e-16
1.00000000e+22 2696.00000000 1.9403442496e-16
1.00000000e+22 2696.80000000 1.9607591142e-16
1.00000000e+22 2697.40000000 1.9848480855e-16
1.00000000e+22 2698.20000000 2.0092330026e-16
1.00000000e+22 2699.00000000 2.0303726637e-16
1.00000000e+22 2699.60000000 2.0553168745e-16
1.00000000e+22 2700.40000000 2.0769413959e-16
1.00000000e+22 2701.20000000 2.1024577284e-16
1.00000000e+22 2701.80000000 2.1245782310e-16
1.00000000e+22 2702.60000000 2.1506798075e-16
1.00000000e+22 2703.40000000 2.1733076671e-16
1.00000000e+22 2704.00000000 2.2000079106e-16
1.00000000e+22 2704.80000000 2.2270361809e-16
1.00000000e+22 2705.60000000 2.2504674056e-16
1.00000000e+22 2706.20000000 2.2741451564e-16
1.00000000e+22 2707.00000000 2.3020842423e-16
1.00000000e+22 2707.80000000 2.3263050672e-16
1.00000000e+22 2708.40000000 2.3548849653e-16
1.00000000e+22 2709.20000000 2.3796613203e-16
1.00000000e+22 2710.00000000 2.4046983537e-16
1.00000000e+22 2710.60000000 2.4342413552e-16
1.00000000e+22 2711.40000000 2.4598526393e-16
1.00000000e+22 2712.20000000 2.4857333864e-16
1.00000000e+22 2712.80000000 2.5118864315e-16
1.00000000e+22 2713.60000000 2.5383146396e-16
1.00000000e+22 2714.40000000 2.5650209057e-16
1.00000000e+22 2715.00000000 2.5920081553e-16
1.00000000e+22 2715.80000000 2.6192793448e-16
1.00000000e+22 2716.60000000 2.6468374616e-16
1.00000000e+22 2717.20000000 2.6700239164e-16
1.00000000e+22 2718.00000000 2.6981159299e-16
1.00000000e+22 2718.80000000 2.7265035068e-16
1.00000000e+22 2719.40000000 2.7503878409e-16
1.00000000e+22 2720.20000000 2.7744814033e-16
1.00000000e+22 2721.00000000 2.8036724411e-16
1.00000000e+22 2721.80000000 2.8282327797e-16
1.00000000e+22 2722.40000000 2.8530082684e-16
1.00000000e+22 2723.20000000 2.8780007918e-16
1.00000000e+22 2724.00000000 2.9032122513e-16
1.00000000e+22 2724.60000000 2.9286445646e-16
1.00000000e+22 2725.40000000 2.9491507296e-16
1.00000000e+22 2726.20000000 2.9749854668e-16
1.00000000e+22 2727.00000000 3.0010465178e-16
1.00000000e+22 2727.60000000 3.0220596363e-16
1.00000000e+22 2728.40000000 3.0432198871e-16
1.00000000e+22 2729.20000000 3.0645283005e-16
1.00000000e+22 2729.80000000 3.0913737521e-16
1.00000000e+22 2730.60000000 3.1130193356e-16
1.00000000e+22 2731.40000000 3.1348164799e-16
1.00000000e+22 2732.20000000 3.1512644381e-16
1.00000000e+22 2732.80000000 3.1733293719e-16
1.00000000e+22 2733.60000000 3.1955488029e-16
1.00000000e+22 2734.40000000 3.2179238128e-16
1.00000000e+22 2735.20000000 3.2348078239e-16
1.00000000e+22 2735.80000000 3.2574577227e-16
1.00000000e+22 2736.60000000 3.2745491629e-16
1.00000000e+22 2737.40000000 3.2917302795e-16
1.00000000e+22 2738.20000000 3.3147787454e-16
1.00000000e+22 2738.80000000 3.3321709412e-16
1.00000000e+22 2739.60000000 3.3496543916e-16
1.00000000e+22 2740.40000000 3.3672295752e-16
1.00000000e+22 2741.20000000 3.3848969735e-16
1.00000000e+22 2741.80000000 3.4026570702e-16
1.00000000e+22 2742.60000000 3.4205103517e-16
1.00000000e+22 2743.40000000 3.4384573069e-16
1.00000000e+22 2744.20000000 3.4564984275e-16
1.00000000e+22 2744.80000000 3.4746342073e-16
1.00000000e+22 2745.60000000 3.4928651431e-16
1.00000000e+22 2746.40000000 3.5111917342e-16
1.00000000e+22 2747.20000000 3.5296144824e-16
1.00000000e+22 2747.80000000 3.5481338923e-16
1.00000000e+22 2748.60000000 3.5605341169e-16
1.00000000e+22 2749.40000000 3.5792157579e-16
1.00000000e+22 2750.20000000 3.5979954190e-16
1.00000000e+22 2751.00000000 3.6168736144e-16
1.00000000e+22 2751.60000000 3.6358508612e-16
1.00000000e+22 2752.40000000 3.6549276790e-16
1.00000000e+22 2753.20000000 3.6741045903e-16
1.00000000e+22 2754.00000000 3.6869450645e-16
1.00000000e+22 2754.80000000 3.7062899667e-16
1.00000000e+22 2755.40000000 3.7257363690e-16
1.00000000e+22 2756.20000000 3.7452848039e-16
1.00000000e+22 2757.00000000 3.7649358068e-16
1.00000000e+22 2757.80000000 3.7846899159e-16
1.00000000e+22 2758.40000000 3.8045476721e-16
1.00000000e+22 2759.20000000 3.8245096192e-16
1.00000000e+22 2760.00000000 3.8378757377e-16
1.00000000e+22 2760.80000000 3.8580125527e-16
1.00000000e+22 2761.60000000 3.8782550229e-16
1.00000000e+22 2762.40000000 3.8986037025e-16
1.00000000e+22 2763.00000000 3.9190591490e-16
1.00000000e+22 2763.80000000 3.9396219224e-16
1.00000000e+22 2764.60000000 3.9533903420e-16
1.00000000e+22 2765.40000000 3.9741332466e-16
1.00000000e+22 2766.20000000 3.9949849863e-16
1.00000000e+22 2767.00000000 4.0159461323e-16
1.00000000e+22 2767.60000000 4.0370172586e-16
1.00000000e+22 2768.40000000 4.0511260611e-16
1.00000000e+22 2769.20000000 4.0723817718e-16
1.00000000e+22 2770.00000000 4.0937490082e-16
1.00000000e+22 2770.80000000 4.1152283557e-16
1.00000000e+22 2771.40000000 4.1368204024e-16
1.00000000e+22 2772.20000000 4.1512780028e-16
1.00000000e+22 2773.00000000 4.1730591971e-16
1.00000000e+22 2773.80000000 4.1949546744e-16
1.00000000e+22 2774.60000000 4.2169650343e-16
1.00000000e+22 2775.40000000 4.2390908796e-16
1.00000000e+22 2776.20000000 4.2613328162e-16
1.00000000e+22 2776.80000000 4.2836914532e-16
1.00000000e+22 2777.60000000 4.3061674030e-16
1.00000000e+22 2778.40000000 4.3287612811e-16
1.00000000e+22 2779.20000000 4.3514737062e-16
1.00000000e+22 2780.00000000 4.3743053003e-16
1.00000000e+22 2780.80000000 4.3972566887e-16
1.00000000e+22 2781.60000000 4.4203284999e-16
1.00000000e+22 2782.20000000 4.4435213658e-16
1.00000000e+22 2783.00000000 4.4668359215e-16
1.00000000e+22 2783.80000000 4.4981123952e-16
1.00000000e+22 2784.60000000 4.5217133826e-16
1.00000000e+22 2785.40000000 4.5454382013e-16
1.00000000e+22 2786.20000000 4.5772650426e-16
1.00000000e+22 2787.00000000 4.6012813333e-16
1.00000000e+22 2787.80000000 4.6334991844e-16
1.00000000e+22 2788.40000000 4.6578105280e-16
1.00000000e+22 2789.20000000 4.6904241925e-16
1.00000000e+22 2790.00000000 4.7150342140e-16
1.00000000e+22 2790.80000000 4.7480485548e-16
1.00000000e+22 2791.60000000 4.7729609235e-16
1.00000000e+22 2792.40000000 4.8063808631e-16
1.00000000e+22 2793.20000000 4.8315992935e-16
1.00000000e+22 2794.00000000 4.8654298148e-16
1.00000000e+22 2794.80000000 4.8994972151e-16
1.00000000e+22 2795.60000000 4.9252042145e-16
1.00000000e+22 2796.40000000 4.9596901509e-16
1.00000000e+22 2797.00000000 4.9944175555e-16
1.00000000e+22 2797.80000000 5.0293881190e-16
1.00000000e+22 2798.60000000 5.0557766383e-16
1.00000000e+22 2799.40000000 5.0911768338e-16
1.00000000e+22 2800.20000000 5.1268248990e-16
1.00000000e+22 2801.00000000 5.1627225694e-16
1.00000000e+22 2801.80000000 5.1988715929e-16
1.00000000e+22 2802.60000000 5.2352737292e-16
1.00000000e+22 2803.40000000 5.2719307508e-16
1.00000000e+22 2804.20000000 5.3088444423e-16
1.00000000e+22 2805.00000000 5.3460166009e-16
1.00000000e+22 2805.80000000 5.3834490364e-16
1.00000000e+22 2806.40000000 5.4306083726e-16
1.00000000e+22 2807.20000000 5.4686331137e-16
1.00000000e+22 2808.00000000 5.5069241015e-16
1.00000000e+22 2808.80000000 5.5454832000e-16
1.00000000e+22 2809.60000000 5.5940619652e-16
1.00000000e+22 2810.40000000 5.6332311970e-16
1.00000000e+22 2811.20000000 5.6825786400e-16
1.00000000e+22 2812.00000000 5.7323583695e-16
1.00000000e+22 2812.80000000 5.7724959430e-16
1.00000000e+22 2813.60000000 5.8230633535e-16
1.00000000e+22 2814.40000000 5.8740737375e-16
1.00000000e+22 2815.20000000 5.9255309755e-16
1.00000000e+22 2816.00000000 5.9774389821e-16
1.00000000e+22 2816.80000000 6.0298017058e-16
1.00000000e+22 2817.60000000 6.0826231302e-16
1.00000000e+22 2818.40000000 6.1359072734e-16
1.00000000e+22 2819.20000000 6.1896581889e-16
1.00000000e+22 2820.00000000 6.2547811867e-16
1.00000000e+22 2820.80000000 6.3095734448e-16
1.00000000e+22 2821.60000000 6.3759581021e-16
1.00000000e+22 2822.40000000 6.4430412095e-16
1.00000000e+22 2823.20000000 6.5108301157e-16
1.00000000e+22 2824.00000000 6.5793322466e-16
1.00000000e+22 2824.80000000 6.6485551061e-16
1.00000000e+22 2825.60000000 6.7302361507e-16
1.00000000e+22 2826.40000000 6.8010467094e-16
1.00000000e+22 2827.20000000 6.8846011947e-16
1.00000000e+22 2828.00000000 6.9691821914e-16
1.00000000e+22 2828.80000000 7.0548023107e-16
1.00000000e+22 2829.60000000 7.1414743189e-16
1.00000000e+22 2830.40000000 7.2292111389e-16
1.00000000e+22 2831.20000000 7.3180258525e-16
1.00000000e+22 2832.00000000 7.4079317023e-16
1.00000000e+22 2832.80000000 7.4989420933e-16
1.00000000e+22 2833.60000000 7.5910705956e-16
1.00000000e+22 2834.40000000 7.6843309456e-16
1.00000000e+22 2835.20000000 7.7787370487e-16
1.00000000e+22 2836.00000000 7.8605791570e-16
1.00000000e+22 2836.80000000 7.9571505633e-16
1.00000000e+22 2837.60000000 8.0268556792e-16
1.00000000e+22 2838.40000000 8.1113083079e-16
1.00000000e+22 2839.20000000 8.1681031231e-16
1.00000000e+22 2840.00000000 8.2252956115e-16
1.00000000e+22 2840.80000000 8.2828885579e-16
1.00000000e+22 2841.60000000 8.3118360782e-16
1.00000000e+22 2842.40000000 8.3408847660e-16
1.00000000e+22 2843.20000000 8.3408847660e-16
1.00000000e+22 2844.00000000 8.3408847660e-16
1.00000000e+22 2844.80000000 8.3118360782e-16
1.00000000e+22 2845.60000000 8.2684526253e-16
1.00000000e+22 2846.40000000 8.2109600556e-16
1.00000000e+22 2847.20000000 8.1396561796e-16
1.00000000e+22 2848.00000000 8.0408698064e-16
1.00000000e+22 2848.80000000 7.9294383015e-16
1.00000000e+22 2849.60000000 7.8059226310e-16
1.00000000e+22 2850.40000000 7.6575688290e-16
1.00000000e+22 2851.40000000 7.5120345336e-16
1.00000000e+22 2852.20000000 7.3436013146e-16
1.00000000e+22 2853.00000000 7.1789446689e-16
1.00000000e+22 2853.80000000 7.0057485479e-16
1.00000000e+22 2854.60000000 6.8248154027e-16
1.00000000e+22 2855.40000000 6.6369675914e-16
1.00000000e+22 2856.20000000 6.4542901472e-16
1.00000000e+22 2857.00000000 6.2766407595e-16
1.00000000e+22 2857.80000000 6.0932428121e-16
1.00000000e+22 2858.60000000 5.9152035922e-16
1.00000000e+22 2859.40000000 5.7423665224e-16
1.00000000e+22 2860.20000000 5.5843122867e-16
1.00000000e+22 2861.20000000 5.4211435711e-16
1.00000000e+22 2862.00000000 5.2627425025e-16
1.00000000e+22 2862.80000000 5.1178895502e-16
1.00000000e+22 2863.60000000 4.9770235643e-16
1.00000000e+22 2864.40000000 4.8400348067e-16
1.00000000e+22 2865.20000000 4.7150342140e-16
1.00000000e+22 2866.00000000 4.5932619345e-16
1.00000000e+22 2866.80000000 4.4746345925e-16
1.00000000e+22 2867.60000000 4.3666814894e-16
1.00000000e+22 2868.40000000 4.2613328162e-16
1.00000000e+22 2869.40000000 4.1657861304e-16
1.00000000e+22 2870.20000000 4.0723817718e-16
1.00000000e+22 2871.00000000 3.9810717055e-16
1.00000000e+22 2871.80000000 3.8918089739e-16
1.00000000e+22 2872.60000000 3.8111900507e-16
1.00000000e+22 2873.40000000 3.7387572890e-16
1.00000000e+22 2874.20000000 3.6613088354e-16
1.00000000e+22 2875.00000000 3.5917246092e-16
1.00000000e+22 2876.00000000 3.5234628511e-16
1.00000000e+22 2876.80000000 3.4564984275e-16
1.00000000e+22 2877.60000000 3.3967267081e-16
1.00000000e+22 2878.40000000 3.3379885950e-16
1.00000000e+22 2879.20000000 3.2802662145e-16
1.00000000e+22 2880.00000000 3.2235420020e-16
1.00000000e+22 2880.80000000 3.1677986964e-16
1.00000000e+22 2881.80000000 3.1184543715e-16
1.00000000e+22 2882.60000000 3.0645283005e-16
1.00000000e+22 2883.40000000 3.0167926031e-16
1.00000000e+22 2884.20000000 2.9698004774e-16
1.00000000e+22 2885.00000000 2.9235403410e-16
1.00000000e+22 2885.80000000 2.8780007918e-16
1.00000000e+22 2886.80000000 2.8331706054e-16
1.00000000e+22 2887.60000000 2.7939081286e-16
1.00000000e+22 2888.40000000 2.7503878409e-16
1.00000000e+22 2889.20000000 2.7122725793e-16
1.00000000e+22 2890.00000000 2.6746855244e-16
1.00000000e+22 2890.80000000 2.6330223493e-16
1.00000000e+22 2891.80000000 2.5965335552e-16
1.00000000e+22 2892.60000000 2.5605504280e-16
1.00000000e+22 2893.40000000 2.5250659599e-16
1.00000000e+22 2894.20000000 2.4900732407e-16
1.00000000e+22 2895.00000000 2.4598526393e-16
1.00000000e+22 2896.00000000 2.4257636554e-16
1.00000000e+22 2896.80000000 2.3921470815e-16
1.00000000e+22 2897.60000000 2.3631149542e-16
1.00000000e+22 2898.40000000 2.3303665747e-16
1.00000000e+22 2899.20000000 2.2980720269e-16
1.00000000e+22 2900.20000000 2.2701816350e-16
1.00000000e+22 2901.00000000 2.2426297329e-16
1.00000000e+22 2901.80000000 2.2115510546e-16
1.00000000e+22 2902.60000000 2.1847107185e-16
1.00000000e+22 2903.40000000 2.1581961283e-16
1.00000000e+22 2904.40000000 2.1320033305e-16
1.00000000e+22 2905.20000000 2.1024577284e-16
1.00000000e+22 2906.00000000 2.0769413959e-16
1.00000000e+22 2906.80000000 2.0517347406e-16
1.00000000e+22 2907.60000000 2.0268340041e-16
1.00000000e+22 2908.60000000 2.0022354737e-16
1.00000000e+22 2909.40000000 1.9779354816e-16
1.00000000e+22 2910.20000000 1.9573417815e-16
1.00000000e+22 2911.00000000 1.9335866386e-16
1.00000000e+22 2912.00000000 1.9101197984e-16
1.00000000e+22 2912.80000000 1.8869377618e-16
1.00000000e+22 2913.60000000 1.8672915040e-16
1.00000000e+22 2914.40000000 1.8446292501e-16
1.00000000e+22 2915.40000000 1.8254234964e-16
1.00000000e+22 2916.20000000 1.8032693706e-16
1.00000000e+22 2917.00000000 1.7844942443e-16
1.00000000e+22 2917.80000000 1.7628368535e-16
1.00000000e+22 2918.80000000 1.7444826990e-16
1.00000000e+22 2919.60000000 1.7263196427e-16
1.00000000e+22 2920.40000000 1.7083456949e-16
1.00000000e+22 2921.20000000 1.6876124758e-16
1.00000000e+22 2922.20000000 1.6700415360e-16
1.00000000e+22 2923.00000000 1.6526535399e-16
1.00000000e+22 2923.80000000 1.6354465826e-16
1.00000000e+22 2924.80000000 1.6184187792e-16
1.00000000e+22 2925.60000000 1.6015682644e-16
1.00000000e+22 2926.40000000 1.5848931925e-16
1.00000000e+22 2927.20000000 1.5683917366e-16
1.00000000e+22 2928.20000000 1.5520620891e-16
1.00000000e+22 2929.00000000 1.5359024613e-16
1.00000000e+22 2929.80000000 1.5225647033e-16
1.00000000e+22 2930.80000000 1.5067121938e-16
1.00000000e+22 2931.60000000 1.4910247362e-16
1.00000000e+22 2932.40000000 1.4755006119e-16
1.00000000e+22 2933.20000000 1.4601381204e-16
1.00000000e+22 2934.20000000 1.4449355787e-16
1.00000000e+22 2935.00000000 1.4323877759e-16
1.00000000e+22 2935.80000000 1.4174741629e-16
1.00000000e+22 2936.80000000 1.4027158262e-16
1.00000000e+22 2937.60000000 1.3881111491e-16
1.00000000e+22 2938.40000000 1.3760568090e-16
1.00000000e+22 2939.40000000 1.3617296980e-16
1.00000000e+22 2940.20000000 1.3475517567e-16
1.00000000e+22 2941.00000000 1.3358496339e-16
1.00000000e+22 2942.00000000 1.3219411485e-16
1.00000000e+22 2942.80000000 1.3081774743e-16
1.00000000e+22 2943.60000000 1.2968172772e-16
1.00000000e+22 2944.60000000 1.2833151856e-16
1.00000000e+22 2945.40000000 1.2721708923e-16
1.00000000e+22 2946.20000000 1.2589254118e-16
1.00000000e+22 2947.20000000 1.2479929190e-16
1.00000000e+22 2948.00000000 1.2349991727e-16
1.00000000e+22 2948.80000000 1.2242744551e-16
1.00000000e+22 2949.80000000 1.2115276586e-16
1.00000000e+22 2950.60000000 1.2010067674e-16
1.00000000e+22 2951.40000000 1.1885022274e-16
1.00000000e+22 2952.40000000 1.1781812887e-16
1.00000000e+22 2953.20000000 1.1679499769e-16
1.00000000e+22 2954.00000000 1.1557896149e-16
1.00000000e+22 2955.00000000 1.1457527521e-16
1.00000000e+22 2955.80000000 1.1358030493e-16
1.00000000e+22 2956.60000000 1.1259397496e-16
1.00000000e+22 2957.60000000 1.1142167861e-16
1.00000000e+22 2958.40000000 1.1045409412e-16
1.00000000e+22 2959.40000000 1.0949491213e-16
1.00000000e+22 2960.20000000 1.0854405966e-16
1.00000000e+22 2961.00000000 1.0760146438e-16
1.00000000e+22 2962.00000000 1.0666705459e-16
1.00000000e+22 2962.80000000 1.0574075920e-16
1.00000000e+22 2963.80000000 1.0463981657e-16
1.00000000e+22 2964.60000000 1.0373112570e-16
1.00000000e+22 2965.40000000 1.0283032588e-16
1.00000000e+22 2966.40000000 1.0193734859e-16
1.00000000e+22 2967.20000000 1.0122855332e-16
1.00000000e+22 2968.20000000 1.0034948581e-16
1.00000000e+22 2969.00000000 9.9478052113e-17
1.00000000e+22 2969.80000000 9.8614185933e-17
1.00000000e+22 2970.80000000 9.7757821556e-17
1.00000000e+22 2971.60000000 9.6908893838e-17
1.00000000e+22 2972.60000000 9.6067338197e-17
1.00000000e+22 2973.40000000 9.5233090615e-17
1.00000000e+22 2974.20000000 9.4570911686e-17
1.00000000e+22 2975.20000000 9.3749659053e-17
1.00000000e+22 2976.00000000 9.2935538168e-17
1.00000000e+22 2977.00000000 9.2128487099e-17
1.00000000e+22 2977.80000000 9.1487895236e-17
1.00000000e+22 2978.80000000 9.0693415481e-17
1.00000000e+22 2979.60000000 8.9905834977e-17
1.00000000e+22 2980.40000000 8.9280697757e-17
1.00000000e+22 2981.40000000 8.8505385277e-17
1.00000000e+22 2982.20000000 8.7736805601e-17
1.00000000e+22 2983.20000000 8.7126750172e-17
1.00000000e+22 2984.00000000 8.6370142546e-17
1.00000000e+22 2985.00000000 8.5769589859e-17
1.00000000e+22 2985.80000000 8.5024767797e-17
1.00000000e+22 2986.80000000 8.4433569829e-17
1.00000000e+22 2987.60000000 8.3700349748e-17
1.00000000e+22 2988.40000000 8.3118360782e-17
1.00000000e+22 2989.40000000 8.2396561960e-17
1.00000000e+22 2990.20000000 8.1823638549e-17
1.00000000e+22 2991.20000000 8.1113083079e-17
1.00000000e+22 2992.00000000 8.0549084010e-17
1.00000000e+22 2993.00000000 7.9989006563e-17
1.00000000e+22 2993.80000000 7.9294383015e-17
1.00000000e+22 2994.80000000 7.8743029811e-17
1.00000000e+22 2995.60000000 7.8059226310e-17
1.00000000e+22 2996.60000000 7.7516461452e-17
1.00000000e+22 2997.40000000 7.6843309456e-17
1.00000000e+22 2998.40000000 7.6308999165e-17
1.00000000e+22 2999.20000000 7.5778404064e-17
1.00000000e+22 3000.20000000 7.5120345336e-17
1.00000000e+22 3001.00000000 7.4598015235e-17
1.00000000e+22 3002.00000000 7.4079317023e-17
1.00000000e+22 3002.80000000 7.3436013146e-17
1.00000000e+22 3003.80000000 7.2925394618e-17
1.00000000e+22 3004.60000000 7.2418326545e-17
1.00000000e+22 3005.60000000 7.1789446689e-17
1.00000000e+22 3006.40000000 7.1290277140e-17
1.00000000e+22 3007.40000000 7.0794578438e-17
1.00000000e+22 3008.20000000 7.0179799191e-17
1.00000000e+22 3009.20000000 6.9691821914e-17
1.00000000e+22 3010.00000000 6.9207237661e-17
1.00000000e+22 3011.00000000 6.8726022842e-17
1.00000000e+22 3012.00000000 6.8129206906e-17
1.00000000e+22 3012.80000000 6.7655487897e-17
1.00000000e+22 3013.80000000 6.7185062773e-17
1.00000000e+22 3014.60000000 6.6601628515e-17
1.00000000e+22 3015.60000000 6.6138531132e-17
1.00000000e+22 3016.40000000 6.5678653778e-17
1.00000000e+22 3017.40000000 6.5221974064e-17
1.00000000e+22 3018.20000000 6.4655587244e-17
1.00000000e+22 3019.20000000 6.4206021161e-17
1.00000000e+22 3020.00000000 6.3759581021e-17
1.00000000e+22 3021.00000000 6.3316245088e-17
1.00000000e+22 3022.00000000 6.2766407595e-17
1.00000000e+22 3022.80000000 6.2329977439e-17
1.00000000e+22 3023.80000000 6.1896581889e-17
1.00000000e+22 3024.60000000 6.1466199844e-17
1.00000000e+22 3025.60000000 6.0932428121e-17
1.00000000e+22 3026.40000000 6.0508750073e-17
1.00000000e+22 3027.40000000 6.0088017961e-17
1.00000000e+22 3028.40000000 5.9670211302e-17
1.00000000e+22 3029.20000000 5.9255309755e-17
1.00000000e+22 3030.20000000 5.8740737375e-17
1.00000000e+22 3031.00000000 5.8332298687e-17
1.00000000e+22 3032.00000000 5.7926699973e-17
1.00000000e+22 3033.00000000 5.7523921486e-17
1.00000000e+22 3033.80000000 5.7123943617e-17
1.00000000e+22 3034.80000000 5.6726746891e-17
1.00000000e+22 3035.60000000 5.6332311970e-17
1.00000000e+22 3036.60000000 5.5940619652e-17
1.00000000e+22 3037.60000000 5.5551650867e-17
1.00000000e+22 3038.40000000 5.5165386676e-17
1.00000000e+22 3039.40000000 5.4781808274e-17
1.00000000e+22 3040.20000000 5.4400896987e-17
1.00000000e+22 3041.20000000 5.4022634269e-17
1.00000000e+22 3042.20000000 5.3647001704e-17
1.00000000e+22 3043.00000000 5.3273981004e-17
1.00000000e+22 3044.00000000 5.2903554008e-17
1.00000000e+22 3045.00000000 5.2535702681e-17
1.00000000e+22 3045.80000000 5.2170409114e-17
1.00000000e+22 3046.80000000 5.1807655523e-17
1.00000000e+22 3047.80000000 5.1447424246e-17
1.00000000e+22 3048.60000000 5.1089697745e-17
1.00000000e+22 3049.60000000 5.0734458604e-17
1.00000000e+22 3050.40000000 5.0381689527e-17
1.00000000e+22 3051.40000000 5.0031373340e-17
1.00000000e+22 3052.40000000 4.9683492986e-17
1.00000000e+22 3053.20000000 4.9338031530e-17
1.00000000e+22 3054.20000000 4.8994972151e-17
1.00000000e+22 3055.20000000 4.8654298148e-17
1.00000000e+22 3056.00000000 4.8400348067e-17
1.00000000e+22 3057.00000000 4.8063808631e-17
1.00000000e+22 3058.00000000 4.7729609235e-17
1.00000000e+22 3058.80000000 4.7397733609e-17
1.00000000e+22 3059.80000000 4.7068165596e-17
1.00000000e+22 3060.80000000 4.6822494300e-17
1.00000000e+22 3061.80000000 4.6496926066e-17
1.00000000e+22 3062.60000000 4.6173621588e-17
1.00000000e+22 3063.60000000 4.5852565124e-17
1.00000000e+22 3064.60000000 4.5613238629e-17
1.00000000e+22 3065.40000000 4.5296078645e-17
1.00000000e+22 3066.40000000 4.4981123952e-17
1.00000000e+22 3067.40000000 4.4746345925e-17
1.00000000e+22 3068.20000000 4.4435213658e-17
1.00000000e+22 3069.20000000 4.4203284999e-17
1.00000000e+22 3070.20000000 4.3895928767e-17
1.00000000e+22 3071.20000000 4.3666814894e-17
1.00000000e+22 3072.00000000 4.3363188869e-17
1.00000000e+22 3073.00000000 4.3136855621e-17
1.00000000e+22 3074.00000000 4.2836914532e-17
1.00000000e+22 3074.80000000 4.2539059007e-17
1.00000000e+22 3075.80000000 4.2317027288e-17
1.00000000e+22 3076.80000000 4.2022786666e-17
1.00000000e+22 3077.80000000 4.1803449619e-17
1.00000000e+22 3078.60000000 4.1585257396e-17
1.00000000e+22 3079.60000000 4.1296104949e-17
1.00000000e+22 3080.60000000 4.1080560802e-17
1.00000000e+22 3081.60000000 4.0794917633e-17
1.00000000e+22 3082.40000000 4.0581989422e-17
1.00000000e+22 3083.40000000 4.0299812942e-17
1.00000000e+22 3084.40000000 4.0089468920e-17
1.00000000e+22 3085.40000000 3.9810717055e-17
1.00000000e+22 3086.20000000 3.9602925859e-17
1.00000000e+22 3087.20000000 3.9327557047e-17
1.00000000e+22 3088.20000000 3.9122287693e-17
1.00000000e+22 3089.20000000 3.8918089739e-17
1.00000000e+22 3090.00000000 3.8647482760e-17
1.00000000e+22 3091.00000000 3.8445763040e-17
1.00000000e+22 3092.00000000 3.8178440264e-17
1.00000000e+22 3093.00000000 3.7979168701e-17
1.00000000e+22 3094.00000000 3.7780937233e-17
1.00000000e+22 3094.80000000 3.7518237152e-17
1.00000000e+22 3095.80000000 3.7322411506e-17
1.00000000e+22 3096.80000000 3.7127607968e-17
1.00000000e+22 3097.80000000 3.6933821202e-17
1.00000000e+22 3098.80000000 3.6677011326e-17
1.00000000e+22 3099.60000000 3.6485576441e-17
1.00000000e+22 3100.60000000 3.6295140745e-17
1.00000000e+22 3101.60000000 3.6105699025e-17
1.00000000e+22 3102.60000000 3.5854647285e-17
1.00000000e+22 3103.60000000 3.5667504711e-17
1.00000000e+22 3104.40000000 3.5481338923e-17
1.00000000e+22 3105.40000000 3.5296144824e-17
1.00000000e+22 3106.40000000 3.5111917342e-17
1.00000000e+22 3107.40000000 3.4867775609e-17
1.00000000e+22 3108.40000000 3.4685783991e-17
1.00000000e+22 3109.40000000 3.4504742274e-17
1.00000000e+22 3110.20000000 3.4324645500e-17
1.00000000e+22 3111.20000000 3.4145488738e-17
1.00000000e+22 3112.20000000 3.3967267081e-17
1.00000000e+22 3113.20000000 3.3731084381e-17
1.00000000e+22 3114.20000000 3.3555025698e-17
1.00000000e+22 3115.20000000 3.3379885950e-17
1.00000000e+22 3116.00000000 3.3205660341e-17
1.00000000e+22 3117.00000000 3.3032344098e-17
1.00000000e+22 3118.00000000 3.2859932476e-17
1.00000000e+22 3119.00000000 3.2631449343e-17
1.00000000e+22 3120.00000000 3.2461130183e-17
1.00000000e+22 3121.00000000 3.2291699999e-17
1.00000000e+22 3122.00000000 3.2123154153e-17
1.00000000e+22 3122.80000000 3.1955488029e-17
1.00000000e+22 3123.80000000 3.1733293719e-17
1.00000000e+22 3124.80000000 3.1567662463e-17
1.00000000e+22 3125.80000000 3.1402895716e-17
1.00000000e+22 3126.80000000 3.1238988965e-17
1.00000000e+22 3127.80000000 3.1075937722e-17
1.00000000e+22 3128.80000000 3.0913737521e-17
1.00000000e+22 3129.80000000 3.0698786757e-17
1.00000000e+22 3130.80000000 3.0538555088e-17
1.00000000e+22 3131.80000000 3.0379159745e-17
1.00000000e+22 3132.60000000 3.0220596363e-17
1.00000000e+22 3133.60000000 3.0062860598e-17
1.00000000e+22 3134.60000000 2.9905948133e-17
1.00000000e+22 3135.60000000 2.9749854668e-17
1.00000000e+22 3136.60000000 2.9594575930e-17
1.00000000e+22 3137.60000000 2.9440107666e-17
1.00000000e+22 3138.60000000 2.9286445646e-17
1.00000000e+22 3139.60000000 2.9133585662e-17
1.00000000e+22 3140.60000000 2.8981523527e-17
1.00000000e+22 3141.60000000 2.8830255077e-17
1.00000000e+22 3142.60000000 2.8679776170e-17
1.00000000e+22 3143.60000000 2.8579893497e-17
1.00000000e+22 3144.40000000 2.8430721347e-17
1.00000000e+22 3145.40000000 2.8282327797e-17
1.00000000e+22 3146.40000000 2.8134708785e-17
1.00000000e+22 3147.40000000 2.8036724411e-17
1.00000000e+22 3148.40000000 2.7890387320e-17
1.00000000e+22 3149.40000000 2.7744814033e-17
1.00000000e+22 3150.40000000 2.7600000562e-17
1.00000000e+22 3151.40000000 2.7503878409e-17
1.00000000e+22 3152.40000000 2.7360322497e-17
1.00000000e+22 3153.40000000 2.7217515872e-17
1.00000000e+22 3154.40000000 2.7075454623e-17
1.00000000e+22 3155.40000000 2.6934134859e-17
1.00000000e+22 3156.40000000 2.6840331708e-17
1.00000000e+22 3157.40000000 2.6700239164e-17
1.00000000e+22 3158.40000000 2.6560877829e-17
1.00000000e+22 3159.40000000 2.6422243889e-17
1.00000000e+22 3160.40000000 2.6284333545e-17
1.00000000e+22 3161.40000000 2.6147143021e-17
1.00000000e+22 3162.40000000 2.6056080716e-17
1.00000000e+22 3163.40000000 2.5920081553e-17
1.00000000e+22 3164.40000000 2.5784792235e-17
1.00000000e+22 3165.40000000 2.5650209057e-17
1.00000000e+22 3166.40000000 2.5516328333e-17
1.00000000e+22 3167.40000000 2.5383146396e-17
1.00000000e+22 3168.40000000 2.5250659599e-17
1.00000000e+22 3169.40000000 2.5118864315e-17
1.00000000e+22 3170.40000000 2.5031383182e-17
1.00000000e+22 3171.40000000 2.4900732407e-17
1.00000000e+22 3172.40000000 2.4770763560e-17
1.00000000e+22 3173.40000000 2.4641473083e-17
1.00000000e+22 3174.40000000 2.4512857435e-17
1.00000000e+22 3175.40000000 2.4384913093e-17
1.00000000e+22 3176.40000000 2.4299988082e-17
1.00000000e+22 3177.40000000 2.4173154808e-17
1.00000000e+22 3178.40000000 2.4046983537e-17
1.00000000e+22 3179.40000000 2.3921470815e-17
1.00000000e+22 3180.40000000 2.3796613203e-17
1.00000000e+22 3181.60000000 2.3713737057e-17
1.00000000e+22 3182.60000000 2.3589963707e-17
1.00000000e+22 3183.60000000 2.3466836390e-17
1.00000000e+22 3184.60000000 2.3344351733e-17
1.00000000e+22 3185.60000000 2.3263050672e-17
1.00000000e+22 3186.60000000 2.3141629670e-17
1.00000000e+22 3187.60000000 2.3020842423e-17
1.00000000e+22 3188.60000000 2.2900685622e-17
1.00000000e+22 3189.60000000 2.2820929711e-17
1.00000000e+22 3190.60000000 2.2701816350e-17
1.00000000e+22 3191.60000000 2.2583324699e-17
1.00000000e+22 3192.60000000 2.2465451513e-17
1.00000000e+22 3193.80000000 2.2387211386e-17
1.00000000e+22 3194.80000000 2.2270361809e-17
1.00000000e+22 3195.80000000 2.2154122126e-17
1.00000000e+22 3196.80000000 2.2038489153e-17
1.00000000e+22 3197.80000000 2.1961736002e-17
1.00000000e+22 3198.80000000 2.1847107185e-17
1.00000000e+22 3199.80000000 2.1733076671e-17
1.00000000e+22 3200.80000000 2.1619641336e-17
1.00000000e+22 3201.80000000 2.1506798075e-17
1.00000000e+22 3203.00000000 2.1431896637e-17
1.00000000e+22 3204.00000000 2.1320033305e-17
1.00000000e+22 3205.00000000 2.1208753842e-17
1.00000000e+22 3206.00000000 2.1098055199e-17
1.00000000e+22 3207.00000000 2.0987934346e-17
1.00000000e+22 3208.00000000 2.0914839947e-17
1.00000000e+22 3209.00000000 2.0805675382e-17
1.00000000e+22 3210.20000000 2.0697080599e-17
1.00000000e+22 3211.20000000 2.0589052624e-17
1.00000000e+22 3212.20000000 2.0481588499e-17
1.00000000e+22 3213.20000000 2.0410257545e-17
1.00000000e+22 3214.20000000 2.0303726637e-17
1.00000000e+22 3215.20000000 2.0197751764e-17
1.00000000e+22 3216.40000000 2.0127409324e-17
1.00000000e+22 3217.40000000 2.0022354737e-17
1.00000000e+22 3218.40000000 1.9917848479e-17
1.00000000e+22 3219.40000000 1.9813887690e-17
1.00000000e+22 3220.40000000 1.9744882128e-17
1.00000000e+22 3221.40000000 1.9641824133e-17
1.00000000e+22 3222.60000000 1.9573417815e-17
1.00000000e+22 3223.60000000 1.9471254774e-17
1.00000000e+22 3224.60000000 1.9369624971e-17
1.00000000e+22 3225.60000000 1.9302166637e-17
1.00000000e+22 3226.60000000 1.9201419386e-17
1.00000000e+22 3227.80000000 1.9134546860e-17
1.00000000e+22 3228.80000000 1.9034674497e-17
1.00000000e+22 3229.80000000 1.8968382691e-17
1.00000000e+22 3230.80000000 1.8869377618e-17
1.00000000e+22 3231.80000000 1.8803661489e-17
1.00000000e+22 3233.00000000 1.8705516175e-17
1.00000000e+22 3234.00000000 1.8640370724e-17
1.00000000e+22 3235.00000000 1.8543077703e-17
1.00000000e+22 3236.00000000 1.8478497974e-17
1.00000000e+22 3237.20000000 1.8382049844e-17
1.00000000e+22 3238.20000000 1.8318030925e-17
1.00000000e+22 3239.20000000 1.8254234964e-17
1.00000000e+22 3240.20000000 1.8158957370e-17
1.00000000e+22 3241.40000000 1.8095715412e-17
1.00000000e+22 3242.40000000 1.8001265208e-17
1.00000000e+22 3243.40000000 1.7938572443e-17
1.00000000e+22 3244.40000000 1.7876098016e-17
1.00000000e+22 3245.60000000 1.7782794100e-17
1.00000000e+22 3246.60000000 1.7720862201e-17
1.00000000e+22 3247.60000000 1.7659145992e-17
1.00000000e+22 3248.80000000 1.7566974452e-17
1.00000000e+22 3249.80000000 1.7505794185e-17
1.00000000e+22 3250.80000000 1.7444826990e-17
1.00000000e+22 3251.80000000 1.7353774084e-17
1.00000000e+22 3253.00000000 1.7293336327e-17
1.00000000e+22 3254.00000000 1.7203074124e-17
1.00000000e+22 3255.00000000 1.7143161207e-17
1.00000000e+22 3256.20000000 1.7083456949e-17
1.00000000e+22 3257.20000000 1.6994290207e-17
1.00000000e+22 3258.20000000 1.6935104419e-17
1.00000000e+22 3259.20000000 1.6876124758e-17
1.00000000e+22 3260.40000000 1.6788040181e-17
1.00000000e+22 3261.40000000 1.6729572698e-17
1.00000000e+22 3262.40000000 1.6642253047e-17
1.00000000e+22 3263.60000000 1.6584293295e-17
1.00000000e+22 3264.60000000 1.6526535399e-17
1.00000000e+22 3265.60000000 1.6440275496e-17
1.00000000e+22 3266.80000000 1.6383019169e-17
1.00000000e+22 3267.80000000 1.6325962247e-17
1.00000000e+22 3268.80000000 1.6240749232e-17
1.00000000e+22 3270.00000000 1.6184187792e-17
1.00000000e+22 3271.00000000 1.6099714766e-17
1.00000000e+22 3272.00000000 1.6043644504e-17
1.00000000e+22 3273.20000000 1.5987769518e-17
1.00000000e+22 3274.20000000 1.5904321693e-17
1.00000000e+22 3275.40000000 1.5848931925e-17
1.00000000e+22 3276.40000000 1.5793735061e-17
1.00000000e+22 3277.40000000 1.5711299995e-17
1.00000000e+22 3278.60000000 1.5656582461e-17
1.00000000e+22 3279.60000000 1.5602055490e-17
1.00000000e+22 3280.60000000 1.5520620891e-17
1.00000000e+22 3281.80000000 1.5466567433e-17
1.00000000e+22 3282.80000000 1.5412702225e-17
1.00000000e+22 3283.80000000 1.5332255951e-17
1.00000000e+22 3285.00000000 1.5278858509e-17
1.00000000e+22 3286.00000000 1.5225647033e-17
1.00000000e+22 3287.20000000 1.5146177090e-17
1.00000000e+22 3288.20000000 1.5093427701e-17
1.00000000e+22 3289.40000000 1.5040862023e-17
1.00000000e+22 3290.40000000 1.4962356561e-17
1.00000000e+22 3291.40000000 1.4910247362e-17
1.00000000e+22 3292.60000000 1.4858319643e-17
1.00000000e+22 3293.60000000 1.4780766957e-17
1.00000000e+22 3294.80000000 1.4729290178e-17
1.00000000e+22 3295.80000000 1.4677992676e-17
1.00000000e+22 3296.80000000 1.4601381204e-17
1.00000000e+22 3298.00000000 1.4550529169e-17
1.00000000e+22 3299.00000000 1.4499854235e-17
1.00000000e+22 3300.20000000 1.4424172552e-17
1.00000000e+22 3301.20000000 1.4373937680e-17
1.00000000e+22 3302.40000000 1.4323877759e-17
1.00000000e+22 3303.40000000 1.4249114582e-17
1.00000000e+22 3304.60000000 1.4199489381e-17
1.00000000e+22 3305.60000000 1.4150037009e-17
1.00000000e+22 3306.80000000 1.4076181190e-17
1.00000000e+22 3307.80000000 1.4027158262e-17
1.00000000e+22 3308.80000000 1.3978306066e-17
1.00000000e+22 3310.00000000 1.3905346593e-17
1.00000000e+22 3311.00000000 1.3856918628e-17
1.00000000e+22 3312.20000000 1.3808659323e-17
1.00000000e+22 3313.20000000 1.3736585317e-17
1.00000000e+22 3314.40000000 1.3688745095e-17
1.00000000e+22 3315.40000000 1.3641071486e-17
1.00000000e+22 3316.60000000 1.3569872202e-17
1.00000000e+22 3317.60000000 1.3522612589e-17
1.00000000e+22 3318.80000000 1.3452031598e-17
1.00000000e+22 3319.80000000 1.3405182388e-17
1.00000000e+22 3321.00000000 1.3358496339e-17
1.00000000e+22 3322.00000000 1.3288771949e-17
1.00000000e+22 3323.20000000 1.3242491321e-17
1.00000000e+22 3324.20000000 1.3173372417e-17
1.00000000e+22 3325.40000000 1.3127493689e-17
1.00000000e+22 3326.60000000 1.3058975013e-17
1.00000000e+22 3327.60000000 1.3013494696e-17
1.00000000e+22 3328.80000000 1.2945571035e-17
1.00000000e+22 3329.80000000 1.2900485668e-17
1.00000000e+22 3331.00000000 1.2833151856e-17
1.00000000e+22 3332.00000000 1.2788458009e-17
1.00000000e+22 3333.20000000 1.2743919818e-17
1.00000000e+22 3334.20000000 1.2677403197e-17
1.00000000e+22 3335.40000000 1.2633251775e-17
1.00000000e+22 3336.40000000 1.2567312784e-17
1.00000000e+22 3337.60000000 1.2523544772e-17
1.00000000e+22 3338.80000000 1.2458178395e-17
1.00000000e+22 3339.80000000 1.2414790463e-17
1.00000000e+22 3341.00000000 1.2349991727e-17
1.00000000e+22 3342.00000000 1.2306980576e-17
1.00000000e+22 3343.20000000 1.2242744551e-17
1.00000000e+22 3344.40000000 1.2200106908e-17
1.00000000e+22 3345.40000000 1.2136428708e-17
1.00000000e+22 3346.60000000 1.2094161330e-17
1.00000000e+22 3347.60000000 1.2052041156e-17
1.00000000e+22 3348.80000000 1.1989135782e-17
1.00000000e+22 3350.00000000 1.1947381379e-17
1.00000000e+22 3351.00000000 1.1885022274e-17
1.00000000e+22 3352.20000000 1.1843630466e-17
1.00000000e+22 3353.20000000 1.1802382813e-17
1.00000000e+22 3354.40000000 1.1740780525e-17
1.00000000e+22 3355.60000000 1.1699891066e-17
1.00000000e+22 3356.60000000 1.1638823732e-17
1.00000000e+22 3357.80000000 1.1598289356e-17
1.00000000e+22 3359.00000000 1.1557896149e-17
1.00000000e+22 3360.00000000 1.1497569954e-17
1.00000000e+22 3361.20000000 1.1457527521e-17
1.00000000e+22 3362.20000000 1.1417624543e-17
1.00000000e+22 3363.40000000 1.1358030493e-17
1.00000000e+22 3364.60000000 1.1318474032e-17
1.00000000e+22 3365.60000000 1.1259397496e-17
1.00000000e+22 3366.80000000 1.1220184543e-17
1.00000000e+22 3368.00000000 1.1181108156e-17
1.00000000e+22 3369.20000000 1.1122748599e-17
1.00000000e+22 3370.20000000 1.1084011551e-17
1.00000000e+22 3371.40000000 1.1045409412e-17
1.00000000e+22 3372.40000000 1.0987758131e-17
1.00000000e+22 3373.60000000 1.0949491213e-17
1.00000000e+22 3374.80000000 1.0911357566e-17
1.00000000e+22 3376.00000000 1.0854405966e-17
1.00000000e+22 3377.00000000 1.0816603471e-17
1.00000000e+22 3378.20000000 1.0778932631e-17
1.00000000e+22 3379.40000000 1.0722672220e-17
1.00000000e+22 3380.40000000 1.0685328513e-17
1.00000000e+22 3381.60000000 1.0629556667e-17
1.00000000e+22 3382.80000000 1.0592537252e-17
1.00000000e+22 3384.00000000 1.0555646764e-17
1.00000000e+22 3385.00000000 1.0500551789e-17
1.00000000e+22 3386.20000000 1.0463981657e-17
1.00000000e+22 3387.40000000 1.0409365126e-17
1.00000000e+22 3388.40000000 1.0373112570e-17
1.00000000e+22 3389.60000000 1.0336986269e-17
1.00000000e+22 3390.80000000 1.0283032588e-17
1.00000000e+22 3392.00000000 1.0247220008e-17
1.00000000e+22 3393.20000000 1.0193734859e-17
1.00000000e+22 3394.20000000 1.0158233275e-17
1.00000000e+22 3395.40000000 1.0105212591e-17
1.00000000e+22 3396.60000000 1.0070019303e-17
1.00000000e+22 3397.80000000 1.0017459050e-17
1.00000000e+22 3398.80000000 9.9825713790e-18
1.00000000e+22 3400.00000000 9.9304675586e-18
1.00000000e+22 3401.20000000 9.8958828521e-18
1.00000000e+22 3402.40000000 9.8442315006e-18
1.00000000e+22 3403.40000000 9.8099471273e-18
1.00000000e+22 3404.60000000 9.7587443155e-18
1.00000000e+22 3405.80000000 9.7247576672e-18
1.00000000e+22 3407.00000000 9.6739995000e-18
1.00000000e+22 3408.20000000 9.6403079914e-18
1.00000000e+22 3409.20000000 9.6067338197e-18
1.00000000e+22 3410.40000000 9.5565916755e-18
1.00000000e+22 3411.60000000 9.5233090615e-18
1.00000000e+22 3412.80000000 9.4736023510e-18
1.00000000e+22 3414.00000000 9.4406087629e-18
1.00000000e+22 3415.20000000 9.3913337049e-18
1.00000000e+22 3416.20000000 9.3586266326e-18
1.00000000e+22 3417.40000000 9.3097794786e-18
1.00000000e+22 3418.60000000 9.2773564342e-18
1.00000000e+22 3419.80000000 9.2289334682e-18
1.00000000e+22 3421.00000000 9.1967919851e-18
1.00000000e+22 3422.20000000 9.1487895236e-18
1.00000000e+22 3423.20000000 9.1169271568e-18
1.00000000e+22 3424.40000000 9.0693415481e-18
1.00000000e+22 3425.60000000 9.0377558736e-18
1.00000000e+22 3426.80000000 8.9905834977e-18
1.00000000e+22 3428.00000000 8.9592721129e-18
1.00000000e+22 3429.20000000 8.9125093813e-18
1.00000000e+22 3430.40000000 8.8814699041e-18
1.00000000e+22 3431.60000000 8.8351132596e-18
1.00000000e+22 3432.60000000 8.8043433289e-18
1.00000000e+22 3433.80000000 8.7583892448e-18
1.00000000e+22 3435.00000000 8.7278865198e-18
1.00000000e+22 3436.20000000 8.6823315005e-18
1.00000000e+22 3437.40000000 8.6520936607e-18
1.00000000e+22 3438.60000000 8.6069342406e-18
1.00000000e+22 3439.80000000 8.5769589859e-18
1.00000000e+22 3441.00000000 8.5470881256e-18
1.00000000e+22 3442.20000000 8.5024767797e-18
1.00000000e+22 3443.40000000 8.4728653175e-18
1.00000000e+22 3444.60000000 8.4286413760e-18
1.00000000e+22 3445.80000000 8.3992870595e-18
1.00000000e+22 3446.80000000 8.3554471581e-18
1.00000000e+22 3448.00000000 8.3263477541e-18
1.00000000e+22 3449.20000000 8.2828885579e-18
1.00000000e+22 3450.40000000 8.2540418527e-18
1.00000000e+22 3451.60000000 8.2109600556e-18
1.00000000e+22 3452.80000000 8.1823638549e-18
1.00000000e+22 3454.00000000 8.1538672457e-18
1.00000000e+22 3455.20000000 8.1113083079e-18
1.00000000e+22 3456.40000000 8.0830591630e-18
1.00000000e+22 3457.60000000 8.0408698064e-18
1.00000000e+22 3458.80000000 8.0128659767e-18
1.00000000e+22 3460.00000000 7.9710429920e-18
1.00000000e+22 3461.20000000 7.9432823472e-18
1.00000000e+22 3462.40000000 7.9156183841e-18
1.00000000e+22 3463.60000000 7.8743029811e-18
1.00000000e+22 3464.80000000 7.8468792515e-18
1.00000000e+22 3466.00000000 7.8059226310e-18
1.00000000e+22 3467.20000000 7.7787370487e-18
1.00000000e+22 3468.40000000 7.7516461452e-18
1.00000000e+22 3469.60000000 7.7111865919e-18
1.00000000e+22 3470.80000000 7.6843309456e-18
1.00000000e+22 3472.00000000 7.6442227425e-18
1.00000000e+22 3473.20000000 7.6176003102e-18
1.00000000e+22 3474.40000000 7.5910705956e-18
1.00000000e+22 3475.60000000 7.5514491629e-18
1.00000000e+22 3476.80000000 7.5251498320e-18
1.00000000e+22 3478.00000000 7.4858724714e-18
1.00000000e+22 3479.20000000 7.4598015235e-18
1.00000000e+22 3480.40000000 7.4338213725e-18
1.00000000e+22 3481.80000000 7.3950206989e-18
1.00000000e+22 3483.00000000 7.3692661593e-18
1.00000000e+22 3484.20000000 7.3308024302e-18
1.00000000e+22 3485.40000000 7.3052715427e-18
1.00000000e+22 3486.60000000 7.2798295712e-18
1.00000000e+22 3487.80000000 7.2418326545e-18
1.00000000e+22 3489.00000000 7.2166116208e-18
1.00000000e+22 3490.20000000 7.1789446689e-18
1.00000000e+22 3491.40000000 7.1539426544e-18
1.00000000e+22 3492.60000000 7.1166028018e-18
1.00000000e+22 3493.80000000 7.0918179045e-18
1.00000000e+22 3495.00000000 7.0671193251e-18
1.00000000e+22 3496.40000000 7.0302326451e-18
1.00000000e+22 3497.60000000 7.0057485479e-18
1.00000000e+22 3498.80000000 6.9691821914e-18
1.00000000e+22 3500.00000000 6.9449107138e-18
1.00000000e+22 3501.20000000 6.9086618990e-18
1.00000000e+22 3502.40000000 6.8846011947e-18
1.00000000e+22 3503.60000000 6.8486671642e-18
1.00000000e+22 3504.80000000 6.8248154027e-18
1.00000000e+22 3506.20000000 6.7891934228e-18
1.00000000e+22 3507.40000000 6.7655487897e-18
1.00000000e+22 3508.60000000 6.7419865035e-18
1.00000000e+22 3509.80000000 6.7067968473e-18
1.00000000e+22 3511.00000000 6.6834391757e-18
1.00000000e+22 3512.20000000 6.6485551061e-18
1.00000000e+22 3513.60000000 6.6138531132e-18
1.00000000e+22 3514.80000000 6.5908191354e-18
1.00000000e+22 3516.00000000 6.5564184942e-18
1.00000000e+22 3517.20000000 6.5335845432e-18
1.00000000e+22 3518.40000000 6.4994826367e-18
1.00000000e+22 3519.80000000 6.4768469755e-18
1.00000000e+22 3521.00000000 6.4430412095e-18
1.00000000e+22 3522.20000000 6.4206021161e-18
1.00000000e+22 3523.40000000 6.3870899190e-18
1.00000000e+22 3524.60000000 6.3648456864e-18
1.00000000e+22 3525.80000000 6.3316245088e-18
1.00000000e+22 3527.20000000 6.2985767284e-18
1.00000000e+22 3528.40000000 6.2766407595e-18
1.00000000e+22 3529.60000000 6.2438799657e-18
1.00000000e+22 3530.80000000 6.2221344884e-18
1.00000000e+22 3532.20000000 6.1896581889e-18
1.00000000e+22 3533.40000000 6.1681015491e-18
1.00000000e+22 3534.60000000 6.1359072734e-18
1.00000000e+22 3535.80000000 6.1038810350e-18
1.00000000e+22 3537.20000000 6.0826231302e-18
1.00000000e+22 3538.40000000 6.0508750073e-18
1.00000000e+22 3539.60000000 6.0298017058e-18
1.00000000e+22 3540.80000000 5.9983292832e-18
1.00000000e+22 3542.20000000 5.9670211302e-18
1.00000000e+22 3543.40000000 5.9462398656e-18
1.00000000e+22 3544.60000000 5.9152035922e-18
1.00000000e+22 3545.80000000 5.8946027918e-18
1.00000000e+22 3547.20000000 5.8638360371e-18
1.00000000e+22 3548.40000000 5.8332298687e-18
1.00000000e+22 3549.60000000 5.8129145571e-18
1.00000000e+22 3551.00000000 5.7825741724e-18
1.00000000e+22 3552.20000000 5.7624352787e-18
1.00000000e+22 3553.40000000 5.7323583695e-18
1.00000000e+22 3554.80000000 5.7123943617e-18
1.00000000e+22 3556.00000000 5.6825786400e-18
1.00000000e+22 3557.20000000 5.6529185408e-18
1.00000000e+22 3558.60000000 5.6332311970e-18
1.00000000e+22 3559.80000000 5.6038286658e-18
1.00000000e+22 3561.00000000 5.5843122867e-18
1.00000000e+22 3562.40000000 5.5551650867e-18
1.00000000e+22 3563.60000000 5.5358181875e-18
1.00000000e+22 3564.80000000 5.5069241015e-18
1.00000000e+22 3566.20000000 5.4781808274e-18
1.00000000e+22 3567.40000000 5.4591020404e-18
1.00000000e+22 3568.60000000 5.4306083726e-18
1.00000000e+22 3570.00000000 5.4116952655e-18
1.00000000e+22 3571.20000000 5.3834490364e-18
1.00000000e+22 3572.60000000 5.3647001704e-18
1.00000000e+22 3573.80000000 5.3366992312e-18
1.00000000e+22 3575.00000000 5.3181131802e-18
1.00000000e+22 3576.40000000 5.2903554008e-18
1.00000000e+22 3577.60000000 5.2627425025e-18
1.00000000e+22 3578.80000000 5.2444140196e-18
1.00000000e+22 3580.20000000 5.2170409114e-18
1.00000000e+22 3581.40000000 5.1988715929e-18
1.00000000e+22 3582.80000000 5.1717361924e-18
1.00000000e+22 3584.00000000 5.1537246560e-18
1.00000000e+22 3585.40000000 5.1268248990e-18
1.00000000e+22 3586.60000000 5.1089697745e-18
1.00000000e+22 3587.80000000 5.0823036147e-18
1.00000000e+22 3589.20000000 5.0557766383e-18
1.00000000e+22 3590.40000000 5.0381689527e-18
1.00000000e+22 3591.80000000 5.0118723363e-18
1.00000000e+22 3593.00000000 4.9944175555e-18
1.00000000e+22 3594.40000000 4.9683492986e-18
1.00000000e+22 3595.60000000 4.9510460950e-18
1.00000000e+22 3597.00000000 4.9252042145e-18
1.00000000e+22 3598.20000000 4.9080512717e-18
1.00000000e+22 3599.60000000 4.8824338017e-18
1.00000000e+22 3600.80000000 4.8569500416e-18
1.00000000e+22 3602.20000000 4.8400348067e-18
1.00000000e+22 3603.40000000 4.8147723473e-18
1.00000000e+22 3604.80000000 4.7980040040e-18
1.00000000e+22 3606.00000000 4.7729609235e-18
1.00000000e+22 3607.20000000 4.7563381964e-18
1.00000000e+22 3608.60000000 4.7315125896e-18
1.00000000e+22 3610.00000000 4.7068165596e-18
1.00000000e+22 3611.20000000 4.6904241925e-18
1.00000000e+22 3612.60000000 4.6659426226e-18
1.00000000e+22 3613.80000000 4.6496926066e-18
1.00000000e+22 3615.20000000 4.6254236343e-18
1.00000000e+22 3616.40000000 4.6012813333e-18
1.00000000e+22 3617.80000000 4.5852565124e-18
1.00000000e+22 3619.00000000 4.5613238629e-18
1.00000000e+22 3620.40000000 4.5375161293e-18
1.00000000e+22 3621.60000000 4.5217133826e-18
1.00000000e+22 3623.00000000 4.4981123952e-18
1.00000000e+22 3624.20000000 4.4824468793e-18
1.00000000e+22 3625.60000000 4.4590508425e-18
1.00000000e+22 3627.00000000 4.4357769208e-18
1.00000000e+22 3628.20000000 4.4203284999e-18
1.00000000e+22 3629.60000000 4.3972566887e-18
1.00000000e+22 3630.80000000 4.3743053003e-18
1.00000000e+22 3632.20000000 4.3514737062e-18
1.00000000e+22 3633.60000000 4.3363188869e-18
1.00000000e+22 3634.80000000 4.3136855621e-18
1.00000000e+22 3636.20000000 4.2911703714e-18
1.00000000e+22 3637.40000000 4.2762255698e-18
1.00000000e+22 3638.80000000 4.2539059007e-18
1.00000000e+22 3640.20000000 4.2317027288e-18
1.00000000e+22 3641.40000000 4.2096154458e-18
1.00000000e+22 3642.80000000 4.1949546744e-18
1.00000000e+22 3644.20000000 4.1730591971e-18
1.00000000e+22 3645.40000000 4.1512780028e-18
1.00000000e+22 3646.80000000 4.1296104949e-18
1.00000000e+22 3648.20000000 4.1152283557e-18
1.00000000e+22 3649.40000000 4.0937490082e-18
1.00000000e+22 3650.80000000 4.0723817718e-18
1.00000000e+22 3652.00000000 4.0511260611e-18
1.00000000e+22 3653.40000000 4.0370172586e-18
1.00000000e+22 3654.80000000 4.0159461323e-18
1.00000000e+22 3656.20000000 3.9949849863e-18
1.00000000e+22 3657.40000000 3.9741332466e-18
1.00000000e+22 3658.80000000 3.9602925859e-18
1.00000000e+22 3660.20000000 3.9396219224e-18
1.00000000e+22 3661.40000000 3.9190591490e-18
1.00000000e+22 3662.80000000 3.8986037025e-18
1.00000000e+22 3664.20000000 3.8850260876e-18
1.00000000e+22 3665.40000000 3.8647482760e-18
1.00000000e+22 3666.80000000 3.8445763040e-18
1.00000000e+22 3668.20000000 3.8311868496e-18
1.00000000e+22 3669.60000000 3.8111900507e-18
1.00000000e+22 3670.80000000 3.7912976248e-18
1.00000000e+22 3672.20000000 3.7780937233e-18
1.00000000e+22 3673.60000000 3.7583740429e-18
1.00000000e+22 3675.00000000 3.7452848039e-18
1.00000000e+22 3676.20000000 3.7257363690e-18
1.00000000e+22 3677.60000000 3.7062899667e-18
1.00000000e+22 3679.00000000 3.6933821202e-18
1.00000000e+22 3680.40000000 3.6741045903e-18
1.00000000e+22 3681.60000000 3.6613088354e-18
1.00000000e+22 3683.00000000 3.6421987112e-18
1.00000000e+22 3684.40000000 3.6231883320e-18
1.00000000e+22 3685.80000000 3.6105699025e-18
1.00000000e+22 3687.20000000 3.5917246092e-18
1.00000000e+22 3688.40000000 3.5729776784e-18
1.00000000e+22 3689.80000000 3.5605341169e-18
1.00000000e+22 3691.20000000 3.5419499843e-18
1.00000000e+22 3692.60000000 3.5296144824e-18
1.00000000e+22 3694.00000000 3.5111917342e-18
1.00000000e+22 3695.20000000 3.4928651431e-18
1.00000000e+22 3696.60000000 3.4807005884e-18
1.00000000e+22 3698.00000000 3.4625331452e-18
1.00000000e+22 3699.40000000 3.4504742274e-18
1.00000000e+22 3700.80000000 3.4324645500e-18
1.00000000e+22 3702.20000000 3.4145488738e-18
1.00000000e+22 3703.40000000 3.4026570702e-18
1.00000000e+22 3704.80000000 3.3848969735e-18
1.00000000e+22 3706.20000000 3.3672295752e-18
1.00000000e+22 3707.60000000 3.3555025698e-18
1.00000000e+22 3709.00000000 3.3379885950e-18
1.00000000e+22 3710.40000000 3.3263634268e-18
1.00000000e+22 3711.80000000 3.3090015432e-18
1.00000000e+22 3713.20000000 3.2917302795e-18
1.00000000e+22 3714.40000000 3.2802662145e-18
1.00000000e+22 3715.80000000 3.2631449343e-18
1.00000000e+22 3717.20000000 3.2461130183e-18
1.00000000e+22 3718.60000000 3.2348078239e-18
1.00000000e+22 3720.00000000 3.2179238128e-18
1.00000000e+22 3721.40000000 3.2067167926e-18
1.00000000e+22 3722.80000000 3.1899794020e-18
1.00000000e+22 3724.20000000 3.1733293719e-18
1.00000000e+22 3725.60000000 3.1622776602e-18
1.00000000e+22 3727.00000000 3.1457722187e-18
1.00000000e+22 3728.40000000 3.1348164799e-18
1.00000000e+22 3729.80000000 3.1184543715e-18
1.00000000e+22 3731.20000000 3.1021776648e-18
1.00000000e+22 3732.60000000 3.0913737521e-18
1.00000000e+22 3734.00000000 3.0752383922e-18
1.00000000e+22 3735.40000000 3.0591872503e-18
1.00000000e+22 3736.80000000 3.0485330598e-18
1.00000000e+22 3738.20000000 3.0326213059e-18
1.00000000e+22 3739.40000000 3.0220596363e-18
1.00000000e+22 3740.80000000 3.0062860598e-18
1.00000000e+22 3742.20000000 2.9905948133e-18
1.00000000e+22 3743.60000000 2.9801795087e-18
1.00000000e+22 3745.20000000 2.9646245247e-18
1.00000000e+22 3746.40000000 2.9491507296e-18
1.00000000e+22 3748.00000000 2.9388797619e-18
1.00000000e+22 3749.40000000 2.9235403410e-18
1.00000000e+22 3750.80000000 2.9082809840e-18
1.00000000e+22 3752.20000000 2.8981523527e-18
1.00000000e+22 3753.60000000 2.8830255077e-18
1.00000000e+22 3755.00000000 2.8679776170e-18
1.00000000e+22 3756.40000000 2.8579893497e-18
1.00000000e+22 3757.80000000 2.8430721347e-18
1.00000000e+22 3759.20000000 2.8282327797e-18
1.00000000e+22 3760.60000000 2.8183829313e-18
1.00000000e+22 3762.00000000 2.8036724411e-18
1.00000000e+22 3763.40000000 2.7890387320e-18
1.00000000e+22 3764.80000000 2.7793253841e-18
1.00000000e+22 3766.20000000 2.7648187540e-18
1.00000000e+22 3767.60000000 2.7503878409e-18
1.00000000e+22 3769.20000000 2.7408091020e-18
1.00000000e+22 3770.60000000 2.7265035068e-18
1.00000000e+22 3772.00000000 2.7170079495e-18
1.00000000e+22 3773.40000000 2.7028265839e-18
1.00000000e+22 3774.80000000 2.6887192376e-18
1.00000000e+22 3776.20000000 2.6793552711e-18
1.00000000e+22 3777.60000000 2.6653704329e-18
1.00000000e+22 3779.00000000 2.6560877829e-18
1.00000000e+22 3780.40000000 2.6422243889e-18
1.00000000e+22 3782.00000000 2.6284333545e-18
1.00000000e+22 3783.40000000 2.6192793448e-18
1.00000000e+22 3784.80000000 2.6056080716e-18
1.00000000e+22 3786.20000000 2.5965335552e-18
1.00000000e+22 3787.60000000 2.5829810032e-18
1.00000000e+22 3789.00000000 2.5739852898e-18
1.00000000e+22 3790.60000000 2.5605504280e-18
1.00000000e+22 3792.00000000 2.5471856891e-18
1.00000000e+22 3793.40000000 2.5383146396e-18
1.00000000e+22 3794.80000000 2.5250659599e-18
1.00000000e+22 3796.20000000 2.5118864315e-18
1.00000000e+22 3797.80000000 2.5031383182e-18
1.00000000e+22 3799.20000000 2.4900732407e-18
1.00000000e+22 3800.60000000 2.4814010959e-18
1.00000000e+22 3802.00000000 2.4684494753e-18
1.00000000e+22 3803.40000000 2.4555654554e-18
1.00000000e+22 3805.00000000 2.4470134905e-18
1.00000000e+22 3806.40000000 2.4342413552e-18
1.00000000e+22 3807.80000000 2.4215358839e-18
1.00000000e+22 3809.20000000 2.4088967285e-18
1.00000000e+22 3810.80000000 2.4005072961e-18
1.00000000e+22 3812.20000000 2.3879778990e-18
1.00000000e+22 3813.60000000 2.3755138988e-18
1.00000000e+22 3815.20000000 2.3631149542e-18
1.00000000e+22 3816.60000000 2.3548849653e-18
1.00000000e+22 3818.00000000 2.3425936930e-18
1.00000000e+22 3819.40000000 2.3303665747e-18
1.00000000e+22 3821.00000000 2.3182032756e-18
1.00000000e+22 3822.40000000 2.3061034626e-18
1.00000000e+22 3823.80000000 2.2940668043e-18
1.00000000e+22 3825.40000000 2.2860772885e-18
1.00000000e+22 3826.80000000 2.2741451564e-18
1.00000000e+22 3828.20000000 2.2622753038e-18
1.00000000e+22 3829.80000000 2.2504674056e-18
1.00000000e+22 3831.20000000 2.2387211386e-18
1.00000000e+22 3832.60000000 2.2270361809e-18
1.00000000e+22 3834.20000000 2.2154122126e-18
1.00000000e+22 3835.60000000 2.2038489153e-18
1.00000000e+22 3837.00000000 2.1923459725e-18
1.00000000e+22 3838.60000000 2.1809030690e-18
1.00000000e+22 3840.00000000 2.1733076671e-18
1.00000000e+22 3841.40000000 2.1619641336e-18
1.00000000e+22 3843.00000000 2.1506798075e-18
1.00000000e+22 3844.40000000 2.1394543797e-18
1.00000000e+22 3846.00000000 2.1282875427e-18
1.00000000e+22 3847.40000000 2.1171789908e-18
1.00000000e+22 3848.80000000 2.1061284198e-18
1.00000000e+22 3850.40000000 2.0951355270e-18
1.00000000e+22 3851.80000000 2.0842000114e-18
1.00000000e+22 3853.40000000 2.0733215735e-18
1.00000000e+22 3854.80000000 2.0624999153e-18
1.00000000e+22 3856.40000000 2.0517347406e-18
1.00000000e+22 3857.80000000 2.0410257545e-18
1.00000000e+22 3859.20000000 2.0303726637e-18
1.00000000e+22 3860.80000000 2.0233015119e-18
1.00000000e+22 3862.20000000 2.0127409324e-18
1.00000000e+22 3863.80000000 2.0022354737e-18
1.00000000e+22 3865.20000000 1.9917848479e-18
1.00000000e+22 3866.80000000 1.9813887690e-18
1.00000000e+22 3868.20000000 1.9710469522e-18
1.00000000e+22 3869.80000000 1.9607591142e-18
1.00000000e+22 3871.20000000 1.9505249735e-18
1.00000000e+22 3872.80000000 1.9403442496e-18
1.00000000e+22 3874.20000000 1.9302166637e-18
1.00000000e+22 3875.80000000 1.9201419386e-18
1.00000000e+22 3877.20000000 1.9101197984e-18
1.00000000e+22 3878.80000000 1.9001499684e-18
1.00000000e+22 3880.20000000 1.8902321758e-18
1.00000000e+22 3881.80000000 1.8803661489e-18
1.00000000e+22 3883.20000000 1.8672915040e-18
1.00000000e+22 3884.80000000 1.8575452154e-18
1.00000000e+22 3886.20000000 1.8478497974e-18
1.00000000e+22 3887.80000000 1.8382049844e-18
1.00000000e+22 3889.20000000 1.8286105124e-18
1.00000000e+22 3890.80000000 1.8190661184e-18
1.00000000e+22 3892.40000000 1.8095715412e-18
1.00000000e+22 3893.80000000 1.8001265208e-18
1.00000000e+22 3895.40000000 1.7907307985e-18
1.00000000e+22 3896.80000000 1.7782794100e-18
1.00000000e+22 3898.40000000 1.7689977182e-18
1.00000000e+22 3900.00000000 1.7597644720e-18
1.00000000e+22 3901.40000000 1.7505794185e-18
1.00000000e+22 3903.00000000 1.7414423062e-18
1.00000000e+22 3904.40000000 1.7293336327e-18
1.00000000e+22 3906.00000000 1.7203074124e-18
1.00000000e+22 3907.60000000 1.7113283042e-18
1.00000000e+22 3909.00000000 1.7023960622e-18
1.00000000e+22 3910.60000000 1.6905588868e-18
1.00000000e+22 3912.20000000 1.6817350504e-18
1.00000000e+22 3913.60000000 1.6729572698e-18
1.00000000e+22 3915.20000000 1.6613247895e-18
1.00000000e+22 3916.80000000 1.6526535399e-18
1.00000000e+22 3918.20000000 1.6440275496e-18
1.00000000e+22 3919.80000000 1.6325962247e-18
1.00000000e+22 3921.40000000 1.6240749232e-18
1.00000000e+22 3922.80000000 1.6155980984e-18
1.00000000e+22 3924.40000000 1.6043644504e-18
1.00000000e+22 3926.00000000 1.5959905041e-18
1.00000000e+22 3927.40000000 1.5848931925e-18
1.00000000e+22 3929.00000000 1.5766208759e-18
1.00000000e+22 3930.60000000 1.5656582461e-18
1.00000000e+22 3932.20000000 1.5574863259e-18
1.00000000e+22 3933.60000000 1.5466567433e-18
1.00000000e+22 3935.20000000 1.5359024613e-18
1.00000000e+22 3936.80000000 1.5278858509e-18
1.00000000e+22 3938.40000000 1.5172620875e-18
1.00000000e+22 3939.80000000 1.5093427701e-18
1.00000000e+22 3941.40000000 1.4988479414e-18
1.00000000e+22 3943.00000000 1.4884260857e-18
1.00000000e+22 3944.60000000 1.4806572772e-18
1.00000000e+22 3946.00000000 1.4703619057e-18
1.00000000e+22 3947.60000000 1.4601381204e-18
1.00000000e+22 3949.20000000 1.4525169603e-18
1.00000000e+22 3950.80000000 1.4424172552e-18
1.00000000e+22 3952.40000000 1.4323877759e-18
1.00000000e+22 3953.80000000 1.4249114582e-18
1.00000000e+22 3955.40000000 1.4150037009e-18
1.00000000e+22 3957.00000000 1.4051648347e-18
1.00000000e+22 3958.60000000 1.3953943806e-18
1.00000000e+22 3960.20000000 1.3881111491e-18
1.00000000e+22 3961.80000000 1.3784592734e-18
1.00000000e+22 3963.20000000 1.3688745095e-18
1.00000000e+22 3964.80000000 1.3593563909e-18
1.00000000e+22 3966.40000000 1.3499044540e-18
1.00000000e+22 3968.00000000 1.3428586562e-18
1.00000000e+22 3969.60000000 1.3335214322e-18
1.00000000e+22 3971.20000000 1.3242491321e-18
1.00000000e+22 3972.80000000 1.3150413046e-18
1.00000000e+22 3974.40000000 1.3081774743e-18
1.00000000e+22 3975.80000000 1.2990813969e-18
1.00000000e+22 3977.40000000 1.2900485668e-18
1.00000000e+22 3979.00000000 1.2833151856e-18
1.00000000e+22 3980.60000000 1.2743919818e-18
1.00000000e+22 3982.20000000 1.2677403197e-18
1.00000000e+22 3983.80000000 1.2589254118e-18
1.00000000e+22 3985.40000000 1.2501717961e-18
1.00000000e+22 3987.00000000 1.2436465508e-18
1.00000000e+22 3988.60000000 1.2349991727e-18
1.00000000e+22 3990.20000000 1.2285531206e-18
1.00000000e+22 3991.80000000 1.2200106908e-18
1.00000000e+22 3993.40000000 1.2115276586e-18
1.00000000e+22 3995.00000000 1.2052041156e-18
1.00000000e+22 3996.60000000 1.1968240372e-18
1.00000000e+22 3998.20000000 1.1905772394e-18
1.00000000e+22 3999.80000000 1.1822988652e-18
1.00000000e+22 4001.40000000 1.1740780525e-18
1.00000000e+22 4003.00000000 1.1679499769e-18
1.00000000e+22 4004.60000000 1.1598289356e-18
1.00000000e+22 4006.20000000 1.1517643618e-18
1.00000000e+22 4007.80000000 1.1437558630e-18
1.00000000e+22 4009.40000000 1.1358030493e-18
1.00000000e+22 4011.00000000 1.1298747493e-18
1.00000000e+22 4012.60000000 1.1220184543e-18
1.00000000e+22 4014.20000000 1.1142167861e-18
1.00000000e+22 4015.80000000 1.1064693647e-18
1.00000000e+22 4017.40000000 1.0987758131e-18
1.00000000e+22 4019.00000000 1.0911357566e-18
1.00000000e+22 4020.60000000 1.0816603471e-18
1.00000000e+22 4022.20000000 1.0741392987e-18
1.00000000e+22 4023.80000000 1.0666705459e-18
1.00000000e+22 4025.60000000 1.0592537252e-18
1.00000000e+22 4027.20000000 1.0518884754e-18
1.00000000e+22 4028.80000000 1.0445744380e-18
1.00000000e+22 4030.40000000 1.0373112570e-18
1.00000000e+22 4032.00000000 1.0283032588e-18
1.00000000e+22 4033.60000000 1.0211532152e-18
1.00000000e+22 4035.20000000 1.0140528876e-18
1.00000000e+22 4036.80000000 1.0070019303e-18
1.00000000e+22 4038.60000000 9.9825713790e-19
1.00000000e+22 4040.20000000 9.9131601231e-19
1.00000000e+22 4041.80000000 9.8442315006e-19
1.00000000e+22 4043.40000000 9.7757821556e-19
1.00000000e+22 4045.00000000 9.6908893838e-19
1.00000000e+22 4046.60000000 9.6235062640e-19
1.00000000e+22 4048.40000000 9.5565916755e-19
1.00000000e+22 4050.00000000 9.4901423604e-19
1.00000000e+22 4051.60000000 9.4077300810e-19
1.00000000e+22 4053.20000000 9.3423158370e-19
1.00000000e+22 4054.80000000 9.2773564342e-19
1.00000000e+22 4056.60000000 9.1967919851e-19
1.00000000e+22 4058.20000000 9.1328444452e-19
1.00000000e+22 4059.80000000 9.0535349365e-19
1.00000000e+22 4061.40000000 8.9905834977e-19
1.00000000e+22 4063.20000000 8.9280697757e-19
1.00000000e+22 4064.80000000 8.8505385277e-19
1.00000000e+22 4066.40000000 8.7889985726e-19
1.00000000e+22 4068.00000000 8.7126750172e-19
1.00000000e+22 4069.80000000 8.6520936607e-19
1.00000000e+22 4071.40000000 8.5769589859e-19
1.00000000e+22 4073.00000000 8.5173212961e-19
1.00000000e+22 4074.80000000 8.4433569829e-19
1.00000000e+22 4076.40000000 8.3700349748e-19
1.00000000e+22 4078.00000000 8.3118360782e-19
1.00000000e+22 4079.80000000 8.2396561960e-19
1.00000000e+22 4081.40000000 8.1681031231e-19
1.00000000e+22 4083.00000000 8.1113083079e-19
1.00000000e+22 4084.80000000 8.0408698064e-19
1.00000000e+22 4086.40000000 7.9710429920e-19
1.00000000e+22 4088.00000000 7.9156183841e-19
1.00000000e+22 4089.80000000 7.8468792515e-19
1.00000000e+22 4091.40000000 7.7787370487e-19
1.00000000e+22 4093.00000000 7.7111865919e-19
1.00000000e+22 4094.80000000 7.6442227425e-19
1.00000000e+22 4096.40000000 7.5778404064e-19
1.00000000e+22 4098.00000000 7.5251498320e-19
1.00000000e+22 4099.80000000 7.4598015235e-19
1.00000000e+22 4101.40000000 7.3950206989e-19
1.00000000e+22 4103.20000000 7.3308024302e-19
1.00000000e+22 4104.80000000 7.2671418322e-19
1.00000000e+22 4106.60000000 7.2040340620e-19
1.00000000e+22 4108.20000000 7.1414743189e-19
1.00000000e+22 4109.80000000 7.0794578438e-19
1.00000000e+22 4111.60000000 7.0057485479e-19
1.00000000e+22 4113.20000000 6.9449107138e-19
1.00000000e+22 4115.00000000 6.8846011947e-19
1.00000000e+22 4116.60000000 6.8248154027e-19
1.00000000e+22 4118.40000000 6.7655487897e-19
1.00000000e+22 4120.00000000 6.6951078253e-19
1.00000000e+22 4121.80000000 6.6369675914e-19
1.00000000e+22 4123.40000000 6.5793322466e-19
1.00000000e+22 4125.20000000 6.5108301157e-19
1.00000000e+22 4126.80000000 6.4542901472e-19
1.00000000e+22 4128.60000000 6.3870899190e-19
1.00000000e+22 4130.20000000 6.3316245088e-19
1.00000000e+22 4132.00000000 6.2657014402e-19
1.00000000e+22 4133.60000000 6.2004647439e-19
1.00000000e+22 4135.40000000 6.1466199844e-19
1.00000000e+22 4137.00000000 6.0826231302e-19
1.00000000e+22 4138.80000000 6.0192925930e-19
1.00000000e+22 4140.60000000 5.9670211302e-19
1.00000000e+22 4142.20000000 5.9048942081e-19
1.00000000e+22 4144.00000000 5.8434141337e-19
1.00000000e+22 4145.60000000 5.7825741724e-19
1.00000000e+22 4147.40000000 5.7323583695e-19
1.00000000e+22 4149.20000000 5.6726746891e-19
1.00000000e+22 4150.80000000 5.6136124181e-19
1.00000000e+22 4152.60000000 5.5551650867e-19
1.00000000e+22 4154.20000000 5.4973262922e-19
1.00000000e+22 4156.00000000 5.4400896987e-19
1.00000000e+22 4157.80000000 5.3834490364e-19
1.00000000e+22 4159.40000000 5.3273981004e-19
1.00000000e+22 4161.20000000 5.2719307508e-19
1.00000000e+22 4163.00000000 5.2261493691e-19
1.00000000e+22 4164.60000000 5.1717361924e-19
1.00000000e+22 4166.40000000 5.1178895502e-19
1.00000000e+22 4168.20000000 5.0646035439e-19
1.00000000e+22 4169.80000000 5.0118723363e-19
1.00000000e+22 4171.60000000 4.9510460950e-19
1.00000000e+22 4173.40000000 4.8994972151e-19
1.00000000e+22 4175.00000000 4.8484850475e-19
1.00000000e+22 4176.80000000 4.7980040040e-19
1.00000000e+22 4178.60000000 4.7480485548e-19
1.00000000e+22 4180.40000000 4.6986132274e-19
1.00000000e+22 4182.00000000 4.6415888336e-19
1.00000000e+22 4183.80000000 4.5932619345e-19
1.00000000e+22 4185.60000000 4.5454382013e-19
1.00000000e+22 4187.40000000 4.4902728056e-19
1.00000000e+22 4189.00000000 4.4435213658e-19
1.00000000e+22 4190.80000000 4.3895928767e-19
1.00000000e+22 4192.60000000 4.3363188869e-19
1.00000000e+22 4194.40000000 4.2911703714e-19
1.00000000e+22 4196.20000000 4.2390908796e-19
1.00000000e+22 4197.80000000 4.1876434469e-19
1.00000000e+22 4199.60000000 4.1368204024e-19
1.00000000e+22 4201.40000000 4.0866141683e-19
1.00000000e+22 4203.20000000 4.0370172586e-19
1.00000000e+22 4205.00000000 3.9949849863e-19
1.00000000e+22 4206.80000000 3.9465001279e-19
1.00000000e+22 4208.40000000 3.8986037025e-19
1.00000000e+22 4210.20000000 3.8512885689e-19
1.00000000e+22 4212.00000000 3.8045476721e-19
1.00000000e+22 4213.80000000 3.7583740429e-19
1.00000000e+22 4215.60000000 3.7127607968e-19
1.00000000e+22 4217.40000000 3.6613088354e-19
1.00000000e+22 4219.20000000 3.6168736144e-19
1.00000000e+22 4221.00000000 3.5729776784e-19
1.00000000e+22 4222.60000000 3.5296144824e-19
1.00000000e+22 4224.40000000 3.4867775609e-19
1.00000000e+22 4226.20000000 3.4444605266e-19
1.00000000e+22 4228.00000000 3.4026570702e-19
1.00000000e+22 4229.80000000 3.3613609584e-19
1.00000000e+22 4231.60000000 3.3205660341e-19
1.00000000e+22 4233.40000000 3.2859932476e-19
1.00000000e+22 4235.20000000 3.2461130183e-19
1.00000000e+22 4237.00000000 3.2067167926e-19
1.00000000e+22 4238.80000000 3.1677986964e-19
1.00000000e+22 4240.60000000 3.1293529271e-19
1.00000000e+22 4242.40000000 3.0913737521e-19
1.00000000e+22 4244.20000000 3.0538555088e-19
1.00000000e+22 4246.00000000 3.0167926031e-19
1.00000000e+22 4247.80000000 2.9801795087e-19
1.00000000e+22 4249.60000000 2.9440107666e-19
1.00000000e+22 4251.40000000 2.9082809840e-19
1.00000000e+22 4253.20000000 2.8729848334e-19
1.00000000e+22 4255.00000000 2.8381170520e-19
1.00000000e+22 4256.80000000 2.8036724411e-19
1.00000000e+22 4258.60000000 2.7696458648e-19
1.00000000e+22 4260.40000000 2.7360322497e-19
1.00000000e+22 4262.20000000 2.7028265839e-19
1.00000000e+22 4264.20000000 2.6700239164e-19
1.00000000e+22 4266.00000000 2.6330223493e-19
1.00000000e+22 4267.80000000 2.6010668561e-19
1.00000000e+22 4269.60000000 2.5650209057e-19
1.00000000e+22 4271.40000000 2.5338907072e-19
1.00000000e+22 4273.20000000 2.4987756933e-19
1.00000000e+22 4275.00000000 2.4641473083e-19
1.00000000e+22 4276.80000000 2.4257636554e-19
1.00000000e+22 4278.80000000 2.3921470815e-19
1.00000000e+22 4280.60000000 2.3548849653e-19
1.00000000e+22 4282.40000000 2.3182032756e-19
1.00000000e+22 4284.20000000 2.2820929711e-19
1.00000000e+22 4286.00000000 2.2465451513e-19
1.00000000e+22 4287.80000000 2.2115510546e-19
1.00000000e+22 4289.80000000 2.1733076671e-19
1.00000000e+22 4291.60000000 2.1394543797e-19
1.00000000e+22 4293.40000000 2.1024577284e-19
1.00000000e+22 4295.20000000 2.0661008442e-19
1.00000000e+22 4297.00000000 2.0303726637e-19
1.00000000e+22 4299.00000000 1.9952623150e-19
1.00000000e+22 4300.80000000 1.9607591142e-19
1.00000000e+22 4302.60000000 1.9268525623e-19
1.00000000e+22 4304.40000000 1.8935323415e-19
1.00000000e+22 4306.40000000 1.8607883128e-19
1.00000000e+22 4308.20000000 1.8286105124e-19
1.00000000e+22 4310.00000000 1.7938572443e-19
1.00000000e+22 4312.00000000 1.7628368535e-19
1.00000000e+22 4313.80000000 1.7323528849e-19
1.00000000e+22 4315.60000000 1.7053682840e-19
1.00000000e+22 4317.40000000 1.6758780942e-19
1.00000000e+22 4319.40000000 1.6468978655e-19
1.00000000e+22 4321.20000000 1.6184187792e-19
1.00000000e+22 4323.20000000 1.5932089127e-19
1.00000000e+22 4325.00000000 1.5683917366e-19
1.00000000e+22 4326.80000000 1.5412702225e-19
1.00000000e+22 4328.80000000 1.5172620875e-19
1.00000000e+22 4330.60000000 1.4936279237e-19
1.00000000e+22 4332.40000000 1.4703619057e-19
1.00000000e+22 4334.40000000 1.4499854235e-19
1.00000000e+22 4336.20000000 1.4298913216e-19
1.00000000e+22 4338.20000000 1.4076181190e-19
1.00000000e+22 4340.00000000 1.3881111491e-19
1.00000000e+22 4341.80000000 1.3688745095e-19
1.00000000e+22 4343.80000000 1.3522612589e-19
1.00000000e+22 4345.60000000 1.3335214322e-19
1.00000000e+22 4347.60000000 1.3150413046e-19
1.00000000e+22 4349.40000000 1.2990813969e-19
1.00000000e+22 4351.40000000 1.2833151856e-19
1.00000000e+22 4353.20000000 1.2655308232e-19
1.00000000e+22 4355.20000000 1.2501717961e-19
1.00000000e+22 4357.00000000 1.2349991727e-19
1.00000000e+22 4359.00000000 1.2200106908e-19
1.00000000e+22 4360.80000000 1.2031036110e-19
1.00000000e+22 4362.80000000 1.1885022274e-19
1.00000000e+22 4364.60000000 1.1740780525e-19
1.00000000e+22 4366.60000000 1.1578075137e-19
1.00000000e+22 4368.40000000 1.1417624543e-19
1.00000000e+22 4370.40000000 1.1259397496e-19
1.00000000e+22 4372.20000000 1.1103363182e-19
1.00000000e+22 4374.20000000 1.0949491213e-19
1.00000000e+22 4376.00000000 1.0778932631e-19
1.00000000e+22 4378.00000000 1.0629556667e-19
1.00000000e+22 4380.00000000 1.0463981657e-19
1.00000000e+22 4381.80000000 1.0283032588e-19
1.00000000e+22 4383.80000000 1.0105212591e-19
1.00000000e+22 4385.20000000 9.9825713790e-20
5.00000000e+21 2527.00000000 9.9825713790e-20
5.00000000e+21 2527.80000000 1.1740780525e-19
5.00000000e+21 2528.40000000 1.3499044540e-19
5.00000000e+21 2529.00000000 1.5385840011e-19
5.00000000e+21 2529.60000000 1.7384072124e-19
5.00000000e+21 2530.20000000 1.9505249735e-19
5.00000000e+21 2531.00000000 2.1695198915e-19
5.00000000e+21 2531.60000000 2.3963235429e-19
5.00000000e+21 2532.20000000 2.6284333545e-19
5.00000000e+21 2532.80000000 2.8629791275e-19
5.00000000e+21 2533.40000000 3.0967709969e-19
5.00000000e+21 2534.20000000 3.3321709412e-19
5.00000000e+21 2534.80000000 3.5667504711e-19
5.00000000e+21 2535.40000000 3.8045476721e-19
5.00000000e+21 2536.00000000 4.0370172586e-19
5.00000000e+21 2536.60000000 4.2762255698e-19
5.00000000e+21 2537.40000000 4.5138326598e-19
5.00000000e+21 2538.00000000 4.7646423108e-19
5.00000000e+21 2538.60000000 5.0206225891e-19
5.00000000e+21 2539.20000000 5.2811350409e-19
5.00000000e+21 2540.00000000 5.5551650867e-19
5.00000000e+21 2540.60000000 5.8434141337e-19
5.00000000e+21 2541.20000000 6.1359072734e-19
5.00000000e+21 2541.80000000 6.4542901472e-19
5.00000000e+21 2542.40000000 6.7655487897e-19
5.00000000e+21 2543.20000000 7.0918179045e-19
5.00000000e+21 2543.80000000 7.4208652470e-19
5.00000000e+21 2544.40000000 7.7381360950e-19
5.00000000e+21 2545.00000000 8.0689715055e-19
5.00000000e+21 2545.80000000 8.3992870595e-19
5.00000000e+21 2546.40000000 8.7126750172e-19
5.00000000e+21 2547.00000000 9.0377558736e-19
5.00000000e+21 2547.60000000 9.3586266326e-19
5.00000000e+21 2548.40000000 9.6571390530e-19
5.00000000e+21 2549.00000000 9.9651731338e-19
5.00000000e+21 2549.60000000 1.0283032588e-18
5.00000000e+21 2550.20000000 1.0574075920e-18
5.00000000e+21 2551.00000000 1.0873356727e-18
5.00000000e+21 2551.60000000 1.1181108156e-18
5.00000000e+21 2552.20000000 1.1477531275e-18
5.00000000e+21 2552.80000000 1.1781812887e-18
5.00000000e+21 2553.60000000 1.2094161330e-18
5.00000000e+21 2554.20000000 1.2393153196e-18
5.00000000e+21 2554.80000000 1.2721708923e-18
5.00000000e+21 2555.40000000 1.3058975013e-18
5.00000000e+21 2556.20000000 1.3428586562e-18
5.00000000e+21 2556.80000000 1.3808659323e-18
5.00000000e+21 2557.40000000 1.4199489381e-18
5.00000000e+21 2558.20000000 1.4626873827e-18
5.00000000e+21 2558.80000000 1.5093427701e-18
5.00000000e+21 2559.40000000 1.5547718420e-18
5.00000000e+21 2560.00000000 1.6071655183e-18
5.00000000e+21 2560.80000000 1.6584293295e-18
5.00000000e+21 2561.40000000 1.7113283042e-18
5.00000000e+21 2562.00000000 1.7659145992e-18
5.00000000e+21 2562.60000000 1.8222420350e-18
5.00000000e+21 2563.40000000 1.8803661489e-18
5.00000000e+21 2564.00000000 1.9403442496e-18
5.00000000e+21 2564.60000000 1.9987458534e-18
5.00000000e+21 2565.40000000 2.0589052624e-18
5.00000000e+21 2566.00000000 2.1208753842e-18
5.00000000e+21 2566.60000000 2.1809030690e-18
5.00000000e+21 2567.20000000 2.2426297329e-18
5.00000000e+21 2568.00000000 2.3020842423e-18
5.00000000e+21 2568.60000000 2.3631149542e-18
5.00000000e+21 2569.20000000 2.4299988082e-18
5.00000000e+21 2570.00000000 2.4944206719e-18
5.00000000e+21 2570.60000000 2.5605504280e-18
5.00000000e+21 2571.20000000 2.6284333545e-18
5.00000000e+21 2572.00000000 2.6981159299e-18
5.00000000e+21 2572.60000000 2.7744814033e-18
5.00000000e+21 2573.20000000 2.8480358684e-18
5.00000000e+21 2574.00000000 2.9286445646e-18
5.00000000e+21 2574.60000000 3.0115347496e-18
5.00000000e+21 2575.20000000 3.0913737521e-18
5.00000000e+21 2575.80000000 3.1788697034e-18
5.00000000e+21 2576.60000000 3.2631449343e-18
5.00000000e+21 2577.20000000 3.3555025698e-18
5.00000000e+21 2577.80000000 3.4444605266e-18
5.00000000e+21 2578.60000000 3.5419499843e-18
5.00000000e+21 2579.20000000 3.6358508612e-18
5.00000000e+21 2579.80000000 3.7322411506e-18
5.00000000e+21 2580.60000000 3.8311868496e-18
5.00000000e+21 2581.20000000 3.9327557047e-18
5.00000000e+21 2581.80000000 4.0370172586e-18
5.00000000e+21 2582.60000000 4.1440428977e-18
5.00000000e+21 2583.20000000 4.2464919294e-18
5.00000000e+21 2583.80000000 4.3514737062e-18
5.00000000e+21 2584.60000000 4.4590508425e-18
5.00000000e+21 2585.20000000 4.5692875009e-18
5.00000000e+21 2585.80000000 4.6740889150e-18
5.00000000e+21 2586.60000000 4.7896417447e-18
5.00000000e+21 2587.20000000 4.8994972151e-18
5.00000000e+21 2587.80000000 5.0118723363e-18
5.00000000e+21 2588.60000000 5.1357758480e-18
5.00000000e+21 2589.20000000 5.2535702681e-18
5.00000000e+21 2590.00000000 5.3740664271e-18
5.00000000e+21 2590.60000000 5.4973262922e-18
5.00000000e+21 2591.20000000 5.6234132519e-18
5.00000000e+21 2592.00000000 5.7624352787e-18
5.00000000e+21 2592.60000000 5.8946027918e-18
5.00000000e+21 2593.20000000 6.0298017058e-18
5.00000000e+21 2594.00000000 6.1788704683e-18
5.00000000e+21 2594.60000000 6.3205893604e-18
5.00000000e+21 2595.20000000 6.4768469755e-18
5.00000000e+21 2596.00000000 6.6254002722e-18
5.00000000e+21 2596.60000000 6.7891934228e-18
5.00000000e+21 2597.40000000 6.9449107138e-18
5.00000000e+21 2598.00000000 7.1041995446e-18
5.00000000e+21 2598.60000000 7.2798295712e-18
5.00000000e+21 2599.40000000 7.4468001182e-18
5.00000000e+21 2600.00000000 7.6176003102e-18
5.00000000e+21 2600.60000000 7.7923179843e-18
5.00000000e+21 2601.40000000 7.9710429920e-18
5.00000000e+21 2602.00000000 8.1538672457e-18
5.00000000e+21 2602.80000000 8.3408847660e-18
5.00000000e+21 2603.40000000 8.5321917297e-18
5.00000000e+21 2604.00000000 8.7278865198e-18
5.00000000e+21 2604.80000000 8.9280697757e-18
5.00000000e+21 2605.40000000 9.1169271568e-18
5.00000000e+21 2606.20000000 9.3260334688e-18
5.00000000e+21 2606.80000000 9.5233090615e-18
5.00000000e+21 2607.40000000 9.7417361699e-18
5.00000000e+21 2608.20000000 9.9478052113e-18
5.00000000e+21 2608.80000000 1.0175968585e-17
5.00000000e+21 2609.40000000 1.0391223038e-17
5.00000000e+21 2610.20000000 1.0611030815e-17
5.00000000e+21 2610.80000000 1.0835488233e-17
5.00000000e+21 2611.60000000 1.1064693647e-17
5.00000000e+21 2612.20000000 1.1298747493e-17
5.00000000e+21 2613.00000000 1.1537752330e-17
5.00000000e+21 2613.60000000 1.1781812887e-17
5.00000000e+21 2614.20000000 1.2031036110e-17
5.00000000e+21 2615.00000000 1.2264119219e-17
5.00000000e+21 2615.60000000 1.2523544772e-17
5.00000000e+21 2616.40000000 1.2766169491e-17
5.00000000e+21 2617.00000000 1.3036215021e-17
5.00000000e+21 2617.60000000 1.3288771949e-17
5.00000000e+21 2618.40000000 1.3546221786e-17
5.00000000e+21 2619.00000000 1.3808659323e-17
5.00000000e+21 2619.80000000 1.4076181190e-17
5.00000000e+21 2620.40000000 1.4348885888e-17
5.00000000e+21 2621.20000000 1.4626873827e-17
5.00000000e+21 2621.80000000 1.4910247362e-17
5.00000000e+21 2622.40000000 1.5172620875e-17
5.00000000e+21 2623.20000000 1.5466567433e-17
5.00000000e+21 2623.80000000 1.5766208759e-17
5.00000000e+21 2624.60000000 1.6043644504e-17
5.00000000e+21 2625.20000000 1.6325962247e-17
5.00000000e+21 2626.00000000 1.6642253047e-17
5.00000000e+21 2626.60000000 1.6935104419e-17
5.00000000e+21 2627.40000000 1.7233109056e-17
5.00000000e+21 2628.00000000 1.7536357638e-17
5.00000000e+21 2628.80000000 1.7844942443e-17
5.00000000e+21 2629.40000000 1.8158957370e-17
5.00000000e+21 2630.00000000 1.8478497974e-17
5.00000000e+21 2630.80000000 1.8770889300e-17
5.00000000e+21 2631.40000000 1.9101197984e-17
5.00000000e+21 2632.20000000 1.9437319062e-17
5.00000000e+21 2632.80000000 1.9779354816e-17
5.00000000e+21 2633.60000000 2.0127409324e-17
5.00000000e+21 2634.20000000 2.0481588499e-17
5.00000000e+21 2635.00000000 2.0805675382e-17
5.00000000e+21 2635.60000000 2.1171789908e-17
5.00000000e+21 2636.40000000 2.1544346900e-17
5.00000000e+21 2637.00000000 2.1923459725e-17
5.00000000e+21 2637.80000000 2.2270361809e-17
5.00000000e+21 2638.40000000 2.2662250215e-17
5.00000000e+21 2639.20000000 2.3020842423e-17
5.00000000e+21 2639.80000000 2.3425936930e-17
5.00000000e+21 2640.40000000 2.3796613203e-17
5.00000000e+21 2641.20000000 2.4173154808e-17
5.00000000e+21 2642.00000000 2.4598526393e-17
5.00000000e+21 2642.60000000 2.4987756933e-17
5.00000000e+21 2643.40000000 2.5383146396e-17
5.00000000e+21 2644.00000000 2.5784792235e-17
5.00000000e+21 2644.60000000 2.6192793448e-17
5.00000000e+21 2645.40000000 2.6653704329e-17
5.00000000e+21 2646.00000000 2.7075454623e-17
5.00000000e+21 2646.80000000 2.7503878409e-17
5.00000000e+21 2647.40000000 2.7939081286e-17
5.00000000e+21 2648.20000000 2.8381170520e-17
5.00000000e+21 2649.00000000 2.8830255077e-17
5.00000000e+21 2649.60000000 2.9286445646e-17
5.00000000e+21 2650.40000000 2.9749854668e-17
5.00000000e+21 2651.00000000 3.0220596363e-17
5.00000000e+21 2651.80000000 3.0698786757e-17
5.00000000e+21 2652.40000000 3.1184543715e-17
5.00000000e+21 2653.20000000 3.1677986964e-17
5.00000000e+21 2653.80000000 3.2179238128e-17
5.00000000e+21 2654.60000000 3.2688420753e-17
5.00000000e+21 2655.20000000 3.3205660341e-17
5.00000000e+21 2656.00000000 3.3731084381e-17
5.00000000e+21 2656.60000000 3.4264822377e-17
5.00000000e+21 2657.40000000 3.4807005884e-17
5.00000000e+21 2658.00000000 3.5357768539e-17
5.00000000e+21 2658.80000000 3.5917246092e-17
5.00000000e+21 2659.40000000 3.6485576441e-17
5.00000000e+21 2660.20000000 3.7062899667e-17
5.00000000e+21 2660.80000000 3.7649358068e-17
5.00000000e+21 2661.60000000 3.8245096192e-17
5.00000000e+21 2662.40000000 3.8850260876e-17
5.00000000e+21 2663.00000000 3.9465001279e-17
5.00000000e+21 2663.80000000 4.0089468920e-17
5.00000000e+21 2664.40000000 4.0723817718e-17
5.00000000e+21 2665.20000000 4.1368204024e-17
5.00000000e+21 2665.80000000 4.2022786666e-17
5.00000000e+21 2666.60000000 4.2687726983e-17
5.00000000e+21 2667.20000000 4.3363188869e-17
5.00000000e+21 2668.00000000 4.4049338810e-17
5.00000000e+21 2668.60000000 4.4746345925e-17
5.00000000e+21 2669.40000000 4.5454382013e-17
5.00000000e+21 2670.20000000 4.6173621588e-17
5.00000000e+21 2670.80000000 4.6986132274e-17
5.00000000e+21 2671.60000000 4.7729609235e-17
5.00000000e+21 2672.20000000 4.8484850475e-17
5.00000000e+21 2673.00000000 4.9252042145e-17
5.00000000e+21 2673.60000000 5.0031373340e-17
5.00000000e+21 2674.40000000 5.0911768338e-17
5.00000000e+21 2675.20000000 5.1717361924e-17
5.00000000e+21 2675.80000000 5.2535702681e-17
5.00000000e+21 2676.60000000 5.3460166009e-17
5.00000000e+21 2677.20000000 5.4306083726e-17
5.00000000e+21 2678.00000000 5.5261700199e-17
5.00000000e+21 2678.80000000 5.6136124181e-17
5.00000000e+21 2679.40000000 5.7123943617e-17
5.00000000e+21 2680.20000000 5.8027834487e-17
5.00000000e+21 2680.80000000 5.9048942081e-17
5.00000000e+21 2681.60000000 6.0088017961e-17
5.00000000e+21 2682.20000000 6.1145378312e-17
5.00000000e+21 2683.00000000 6.2221344884e-17
5.00000000e+21 2683.80000000 6.3205893604e-17
5.00000000e+21 2684.40000000 6.4318118772e-17
5.00000000e+21 2685.20000000 6.5449915609e-17
5.00000000e+21 2685.80000000 6.6601628515e-17
5.00000000e+21 2686.60000000 6.7891934228e-17
5.00000000e+21 2687.40000000 6.9086618990e-17
5.00000000e+21 2688.00000000 7.0302326451e-17
5.00000000e+21 2688.80000000 7.1539426544e-17
5.00000000e+21 2689.60000000 7.2798295712e-17
5.00000000e+21 2690.20000000 7.4208652470e-17
5.00000000e+21 2691.00000000 7.5514491629e-17
5.00000000e+21 2691.60000000 7.6977470571e-17
5.00000000e+21 2692.40000000 7.8332032231e-17
5.00000000e+21 2693.20000000 7.9849596756e-17
5.00000000e+21 2693.80000000 8.1396561796e-17
5.00000000e+21 2694.60000000 8.2828885579e-17
5.00000000e+21 2695.40000000 8.4433569829e-17
5.00000000e+21 2696.00000000 8.6069342406e-17
5.00000000e+21 2696.80000000 8.7736805601e-17
5.00000000e+21 2697.40000000 8.9436573371e-17
5.00000000e+21 2698.20000000 9.1328444452e-17
5.00000000e+21 2699.00000000 9.3097794786e-17
5.00000000e+21 2699.60000000 9.4901423604e-17
5.00000000e+21 2700.40000000 9.6908893838e-17
5.00000000e+21 2701.20000000 9.8786356930e-17
5.00000000e+21 2701.80000000 1.0087600599e-16
5.00000000e+21 2702.60000000 1.0300985785e-16
5.00000000e+21 2703.40000000 1.0500551789e-16
5.00000000e+21 2704.00000000 1.0722672220e-16
5.00000000e+21 2704.80000000 1.0949491213e-16
5.00000000e+21 2705.60000000 1.1181108156e-16
5.00000000e+21 2706.20000000 1.1417624543e-16
5.00000000e+21 2707.00000000 1.1659144012e-16
5.00000000e+21 2707.80000000 1.1926558741e-16
5.00000000e+21 2708.40000000 1.2178843804e-16
5.00000000e+21 2709.20000000 1.2436465508e-16
5.00000000e+21 2710.00000000 1.2699536739e-16
5.00000000e+21 2710.60000000 1.2990813969e-16
5.00000000e+21 2711.40000000 1.3265611452e-16
5.00000000e+21 2712.20000000 1.3546221786e-16
5.00000000e+21 2712.80000000 1.3832767930e-16
5.00000000e+21 2713.60000000 1.4150037009e-16
5.00000000e+21 2714.40000000 1.4449355787e-16
5.00000000e+21 2715.00000000 1.4755006119e-16
5.00000000e+21 2715.80000000 1.5040862023e-16
5.00000000e+21 2716.60000000 1.5359024613e-16
5.00000000e+21 2717.20000000 1.5683917366e-16
5.00000000e+21 2718.00000000 1.5987769518e-16
5.00000000e+21 2718.80000000 1.6297508346e-16
5.00000000e+21 2719.40000000 1.6613247895e-16
5.00000000e+21 2720.20000000 1.6935104419e-16
5.00000000e+21 2721.00000000 1.7263196427e-16
5.00000000e+21 2721.80000000 1.7566974452e-16
5.00000000e+21 2722.40000000 1.7876098016e-16
5.00000000e+21 2723.20000000 1.8190661184e-16
5.00000000e+21 2724.00000000 1.8510759676e-16
5.00000000e+21 2724.60000000 1.8803661489e-16
5.00000000e+21 2725.40000000 1.9101197984e-16
5.00000000e+21 2726.20000000 1.9403442496e-16
5.00000000e+21 2727.00000000 1.9676116891e-16
5.00000000e+21 2727.60000000 1.9952623150e-16
5.00000000e+21 2728.40000000 2.0233015119e-16
5.00000000e+21 2729.20000000 2.0517347406e-16
5.00000000e+21 2729.80000000 2.0769413959e-16
5.00000000e+21 2730.60000000 2.1024577284e-16
5.00000000e+21 2731.40000000 2.1282875427e-16
5.00000000e+21 2732.20000000 2.1506798075e-16
5.00000000e+21 2732.80000000 2.1733076671e-16
5.00000000e+21 2733.60000000 2.1961736002e-16
5.00000000e+21 2734.40000000 2.2192801118e-16
5.00000000e+21 2735.20000000 2.2387211386e-16
5.00000000e+21 2735.80000000 2.2583324699e-16
5.00000000e+21 2736.60000000 2.2781155977e-16
5.00000000e+21 2737.40000000 2.2980720269e-16
5.00000000e+21 2738.20000000 2.3141629670e-16
5.00000000e+21 2738.80000000 2.3303665747e-16
5.00000000e+21 2739.60000000 2.3466836390e-16
5.00000000e+21 2740.40000000 2.3631149542e-16
5.00000000e+21 2741.20000000 2.3796613203e-16
5.00000000e+21 2741.80000000 2.3921470815e-16
5.00000000e+21 2742.60000000 2.4088967285e-16
5.00000000e+21 2743.40000000 2.4215358839e-16
5.00000000e+21 2744.20000000 2.4342413552e-16
5.00000000e+21 2744.80000000 2.4512857435e-16
5.00000000e+21 2745.60000000 2.4641473083e-16
5.00000000e+21 2746.40000000 2.4770763560e-16
5.00000000e+21 2747.20000000 2.4900732407e-16
5.00000000e+21 2747.80000000 2.5031383182e-16
5.00000000e+21 2748.60000000 2.5162719465e-16
5.00000000e+21 2749.40000000 2.5294744851e-16
5.00000000e+21 2750.20000000 2.5471856891e-16
5.00000000e+21 2751.00000000 2.5605504280e-16
5.00000000e+21 2751.60000000 2.5739852898e-16
5.00000000e+21 2752.40000000 2.5920081553e-16
5.00000000e+21 2753.20000000 2.6101572157e-16
5.00000000e+21 2754.00000000 2.6238523576e-16
5.00000000e+21 2754.80000000 2.6422243889e-16
5.00000000e+21 2755.40000000 2.6607250598e-16
5.00000000e+21 2756.20000000 2.6793552711e-16
5.00000000e+21 2757.00000000 2.7028265839e-16
5.00000000e+21 2757.80000000 2.7217515872e-16
5.00000000e+21 2758.40000000 2.7408091020e-16
5.00000000e+21 2759.20000000 2.7648187540e-16
5.00000000e+21 2760.00000000 2.7841778221e-16
5.00000000e+21 2760.80000000 2.8085673867e-16
5.00000000e+21 2761.60000000 2.8282327797e-16
5.00000000e+21 2762.40000000 2.8530082684e-16
5.00000000e+21 2763.00000000 2.8780007918e-16
5.00000000e+21 2763.80000000 2.8981523527e-16
5.00000000e+21 2764.60000000 2.9235403410e-16
5.00000000e+21 2765.40000000 2.9440107666e-16
5.00000000e+21 2766.20000000 2.9698004774e-16
5.00000000e+21 2767.00000000 2.9905948133e-16
5.00000000e+21 2767.60000000 3.0115347496e-16
5.00000000e+21 2768.40000000 3.0326213059e-16
5.00000000e+21 2769.20000000 3.0538555088e-16
5.00000000e+21 2770.00000000 3.0752383922e-16
5.00000000e+21 2770.80000000 3.0967709969e-16
5.00000000e+21 2771.40000000 3.1184543715e-16
5.00000000e+21 2772.20000000 3.1402895716e-16
5.00000000e+21 2773.00000000 3.1567662463e-16
5.00000000e+21 2773.80000000 3.1788697034e-16
5.00000000e+21 2774.60000000 3.1955488029e-16
5.00000000e+21 2775.40000000 3.2179238128e-16
5.00000000e+21 2776.20000000 3.2348078239e-16
5.00000000e+21 2776.80000000 3.2574577227e-16
5.00000000e+21 2777.60000000 3.2802662145e-16
5.00000000e+21 2778.40000000 3.3032344098e-16
5.00000000e+21 2779.20000000 3.3263634268e-16
5.00000000e+21 2780.00000000 3.3496543916e-16
5.00000000e+21 2780.80000000 3.3731084381e-16
5.00000000e+21 2781.60000000 3.4026570702e-16
5.00000000e+21 2782.20000000 3.4264822377e-16
5.00000000e+21 2783.00000000 3.4564984275e-16
5.00000000e+21 2783.80000000 3.4867775609e-16
5.00000000e+21 2784.60000000 3.5234628511e-16
5.00000000e+21 2785.40000000 3.5543285969e-16
5.00000000e+21 2786.20000000 3.5917246092e-16
5.00000000e+21 2787.00000000 3.6295140745e-16
5.00000000e+21 2787.80000000 3.6677011326e-16
5.00000000e+21 2788.40000000 3.7062899667e-16
5.00000000e+21 2789.20000000 3.7518237152e-16
5.00000000e+21 2790.00000000 3.7912976248e-16
5.00000000e+21 2790.80000000 3.8378757377e-16
5.00000000e+21 2791.60000000 3.8782550229e-16
5.00000000e+21 2792.40000000 3.9259014538e-16
5.00000000e+21 2793.20000000 3.9741332466e-16
5.00000000e+21 2794.00000000 4.0159461323e-16
5.00000000e+21 2794.80000000 4.0652841719e-16
5.00000000e+21 2795.60000000 4.1152283557e-16
5.00000000e+21 2796.40000000 4.1585257396e-16
5.00000000e+21 2797.00000000 4.2096154458e-16
5.00000000e+21 2797.80000000 4.2539059007e-16
5.00000000e+21 2798.60000000 4.3061674030e-16
5.00000000e+21 2799.40000000 4.3514737062e-16
5.00000000e+21 2800.20000000 4.4049338810e-16
5.00000000e+21 2801.00000000 4.4590508425e-16
5.00000000e+21 2801.80000000 4.5059656719e-16
5.00000000e+21 2802.60000000 4.5613238629e-16
5.00000000e+21 2803.40000000 4.6173621588e-16
5.00000000e+21 2804.20000000 4.6740889150e-16
5.00000000e+21 2805.00000000 4.7315125896e-16
5.00000000e+21 2805.80000000 4.7980040040e-16
5.00000000e+21 2806.40000000 4.8569500416e-16
5.00000000e+21 2807.20000000 4.9252042145e-16
5.00000000e+21 2808.00000000 4.9944175555e-16
5.00000000e+21 2808.80000000 5.0646035439e-16
5.00000000e+21 2809.60000000 5.1447424246e-16
5.00000000e+21 2810.40000000 5.2170409114e-16
5.00000000e+21 2811.20000000 5.2995918586e-16
5.00000000e+21 2812.00000000 5.3834490364e-16
5.00000000e+21 2812.80000000 5.4686331137e-16
5.00000000e+21 2813.60000000 5.5551650867e-16
5.00000000e+21 2814.40000000 5.6529185408e-16
5.00000000e+21 2815.20000000 5.7423665224e-16
5.00000000e+21 2816.00000000 5.8434141337e-16
5.00000000e+21 2816.80000000 5.9358763895e-16
5.00000000e+21 2817.60000000 6.0403291666e-16
5.00000000e+21 2818.40000000 6.1466199844e-16
5.00000000e+21 2819.20000000 6.2547811867e-16
5.00000000e+21 2820.00000000 6.3648456864e-16
5.00000000e+21 2820.80000000 6.4881549348e-16
5.00000000e+21 2821.60000000 6.6023260793e-16
5.00000000e+21 2822.40000000 6.7302361507e-16
5.00000000e+21 2823.20000000 6.8726022842e-16
5.00000000e+21 2824.00000000 7.0179799191e-16
5.00000000e+21 2824.80000000 7.1664327584e-16
5.00000000e+21 2825.60000000 7.3308024302e-16
5.00000000e+21 2826.40000000 7.5120345336e-16
5.00000000e+21 2827.20000000 7.7111865919e-16
5.00000000e+21 2828.00000000 7.9156183841e-16
5.00000000e+21 2828.80000000 8.1396561796e-16
5.00000000e+21 2829.60000000 8.3992870595e-16
5.00000000e+21 2830.40000000 8.6671993940e-16
5.00000000e+21 2831.20000000 8.9592721129e-16
5.00000000e+21 2832.00000000 9.2935538168e-16
5.00000000e+21 2832.80000000 9.6403079914e-16
5.00000000e+21 2833.60000000 1.0034948581e-15
5.00000000e+21 2834.40000000 1.0463981657e-15
5.00000000e+21 2835.20000000 1.0949491213e-15
5.00000000e+21 2836.00000000 1.1457527521e-15
5.00000000e+21 2836.80000000 1.2031036110e-15
5.00000000e+21 2837.60000000 1.2633251775e-15
5.00000000e+21 2838.40000000 1.3311972882e-15
5.00000000e+21 2839.20000000 1.4051648347e-15
5.00000000e+21 2840.00000000 1.4832423641e-15
5.00000000e+21 2840.80000000 1.5683917366e-15
5.00000000e+21 2841.60000000 1.6584293295e-15
5.00000000e+21 2842.40000000 1.7505794185e-15
5.00000000e+21 2843.20000000 1.8478497974e-15
5.00000000e+21 2844.00000000 1.9471254774e-15
5.00000000e+21 2844.80000000 2.0410257545e-15
5.00000000e+21 2845.60000000 2.1320033305e-15
5.00000000e+21 2846.40000000 2.2115510546e-15
5.00000000e+21 2847.20000000 2.2741451564e-15
5.00000000e+21 2848.00000000 2.3182032756e-15
5.00000000e+21 2848.80000000 2.3385108753e-15
5.00000000e+21 2849.60000000 2.3303665747e-15
5.00000000e+21 2850.40000000 2.2900685622e-15
5.00000000e+21 2851.40000000 2.2270361809e-15
5.00000000e+21 2852.20000000 2.1357256057e-15
5.00000000e+21 2853.00000000 2.0268340041e-15
5.00000000e+21 2853.80000000 1.9067907230e-15
5.00000000e+21 2854.60000000 1.7782794100e-15
5.00000000e+21 2855.40000000 1.6497731926e-15
5.00000000e+21 2856.20000000 1.5225647033e-15
5.00000000e+21 2857.00000000 1.4027158262e-15
5.00000000e+21 2857.80000000 1.2878001901e-15
5.00000000e+21 2858.60000000 1.1843630466e-15
5.00000000e+21 2859.40000000 1.0892340575e-15
5.00000000e+21 2860.20000000 1.0052468648e-15
5.00000000e+21 2861.20000000 9.2773564342e-16
5.00000000e+21 2862.00000000 8.6069342406e-16
5.00000000e+21 2862.80000000 7.9989006563e-16
5.00000000e+21 2863.60000000 7.4598015235e-16
5.00000000e+21 2864.40000000 6.9813497212e-16
5.00000000e+21 2865.20000000 6.5564184942e-16
5.00000000e+21 2866.00000000 6.1788704683e-16
5.00000000e+21 2866.80000000 5.8434141337e-16
5.00000000e+21 2867.60000000 5.5551650867e-16
5.00000000e+21 2868.40000000 5.2811350409e-16
5.00000000e+21 2869.40000000 5.0469651169e-16
5.00000000e+21 2870.20000000 4.8315992935e-16
5.00000000e+21 2871.00000000 4.6334991844e-16
5.00000000e+21 2871.80000000 4.4590508425e-16
5.00000000e+21 2872.60000000 4.2911703714e-16
5.00000000e+21 2873.40000000 4.1440428977e-16
5.00000000e+21 2874.20000000 4.0089468920e-16
5.00000000e+21 2875.00000000 3.8782550229e-16
5.00000000e+21 2876.00000000 3.7649358068e-16
5.00000000e+21 2876.80000000 3.6549276790e-16
5.00000000e+21 2877.60000000 3.5481338923e-16
5.00000000e+21 2878.40000000 3.4504742274e-16
5.00000000e+21 2879.20000000 3.3613609584e-16
5.00000000e+21 2880.00000000 3.2745491629e-16
5.00000000e+21 2880.80000000 3.1955488029e-16
5.00000000e+21 2881.80000000 3.1184543715e-16
5.00000000e+21 2882.60000000 3.0432198871e-16
5.00000000e+21 2883.40000000 2.9698004774e-16
5.00000000e+21 2884.20000000 2.9032122513e-16
5.00000000e+21 2885.00000000 2.8331706054e-16
5.00000000e+21 2885.80000000 2.7696458648e-16
5.00000000e+21 2886.80000000 2.7122725793e-16
5.00000000e+21 2887.60000000 2.6514585882e-16
5.00000000e+21 2888.40000000 2.5965335552e-16
5.00000000e+21 2889.20000000 2.5383146396e-16
5.00000000e+21 2890.00000000 2.4857333864e-16
5.00000000e+21 2890.80000000 2.4342413552e-16
5.00000000e+21 2891.80000000 2.3879778990e-16
5.00000000e+21 2892.60000000 2.3385108753e-16
5.00000000e+21 2893.40000000 2.2940668043e-16
5.00000000e+21 2894.20000000 2.2504674056e-16
5.00000000e+21 2895.00000000 2.2076966261e-16
5.00000000e+21 2896.00000000 2.1695198915e-16
5.00000000e+21 2896.80000000 2.1282875427e-16
5.00000000e+21 2897.60000000 2.0914839947e-16
5.00000000e+21 2898.40000000 2.0553168745e-16
5.00000000e+21 2899.20000000 2.0197751764e-16
5.00000000e+21 2900.20000000 1.9813887690e-16
5.00000000e+21 2901.00000000 1.9505249735e-16
5.00000000e+21 2901.80000000 1.9167953960e-16
5.00000000e+21 2902.60000000 1.8836490895e-16
5.00000000e+21 2903.40000000 1.8510759676e-16
5.00000000e+21 2904.40000000 1.8190661184e-16
5.00000000e+21 2905.20000000 1.7876098016e-16
5.00000000e+21 2906.00000000 1.7566974452e-16
5.00000000e+21 2906.80000000 1.7263196427e-16
5.00000000e+21 2907.60000000 1.6964671502e-16
5.00000000e+21 2908.60000000 1.6671308839e-16
5.00000000e+21 2909.40000000 1.6411622363e-16
5.00000000e+21 2910.20000000 1.6127823338e-16
5.00000000e+21 2911.00000000 1.5848931925e-16
5.00000000e+21 2912.00000000 1.5602055490e-16
5.00000000e+21 2912.80000000 1.5332255951e-16
5.00000000e+21 2913.60000000 1.5093427701e-16
5.00000000e+21 2914.40000000 1.4858319643e-16
5.00000000e+21 2915.40000000 1.4626873827e-16
5.00000000e+21 2916.20000000 1.4399033209e-16
5.00000000e+21 2917.00000000 1.4199489381e-16
5.00000000e+21 2917.80000000 1.3978306066e-16
5.00000000e+21 2918.80000000 1.3784592734e-16
5.00000000e+21 2919.60000000 1.3593563909e-16
5.00000000e+21 2920.40000000 1.3405182388e-16
5.00000000e+21 2921.20000000 1.3219411485e-16
5.00000000e+21 2922.20000000 1.3036215021e-16
5.00000000e+21 2923.00000000 1.2878001901e-16
5.00000000e+21 2923.80000000 1.2699536739e-16
5.00000000e+21 2924.80000000 1.2545409691e-16
5.00000000e+21 2925.60000000 1.2393153196e-16
5.00000000e+21 2926.40000000 1.2242744551e-16
5.00000000e+21 2927.20000000 1.2073082875e-16
5.00000000e+21 2928.20000000 1.1926558741e-16
5.00000000e+21 2929.00000000 1.1781812887e-16
5.00000000e+21 2929.80000000 1.1638823732e-16
5.00000000e+21 2930.80000000 1.1497569954e-16
5.00000000e+21 2931.60000000 1.1377860535e-16
5.00000000e+21 2932.40000000 1.1239773919e-16
5.00000000e+21 2933.20000000 1.1103363182e-16
5.00000000e+21 2934.20000000 1.0968607984e-16
5.00000000e+21 2935.00000000 1.0835488233e-16
5.00000000e+21 2935.80000000 1.0703984081e-16
5.00000000e+21 2936.80000000 1.0555646764e-16
5.00000000e+21 2937.60000000 1.0427538889e-16
5.00000000e+21 2938.40000000 1.0300985785e-16
5.00000000e+21 2939.40000000 1.0175968585e-16
5.00000000e+21 2940.20000000 1.0034948581e-16
5.00000000e+21 2941.00000000 9.9131601231e-17
5.00000000e+21 2942.00000000 9.7757821556e-17
5.00000000e+21 2942.80000000 9.6571390530e-17
5.00000000e+21 2943.60000000 9.5399358541e-17
5.00000000e+21 2944.60000000 9.4077300810e-17
5.00000000e+21 2945.40000000 9.2935538168e-17
5.00000000e+21 2946.20000000 9.1807632450e-17
5.00000000e+21 2947.20000000 9.0535349365e-17
5.00000000e+21 2948.00000000 8.9436573371e-17
5.00000000e+21 2948.80000000 8.8351132596e-17
5.00000000e+21 2949.80000000 8.7278865198e-17
5.00000000e+21 2950.60000000 8.6219611299e-17
5.00000000e+21 2951.40000000 8.5173212961e-17
5.00000000e+21 2952.40000000 8.4139514165e-17
5.00000000e+21 2953.20000000 8.3118360782e-17
5.00000000e+21 2954.00000000 8.2109600556e-17
5.00000000e+21 2955.00000000 8.1254698814e-17
5.00000000e+21 2955.80000000 8.0268556792e-17
5.00000000e+21 2956.60000000 7.9294383015e-17
5.00000000e+21 2957.60000000 7.8468792515e-17
5.00000000e+21 2958.40000000 7.7516461452e-17
5.00000000e+21 2959.40000000 7.6575688290e-17
5.00000000e+21 2960.20000000 7.5778404064e-17
5.00000000e+21 2961.00000000 7.4989420933e-17
5.00000000e+21 2962.00000000 7.4079317023e-17
5.00000000e+21 2962.80000000 7.3308024302e-17
5.00000000e+21 2963.80000000 7.2544762061e-17
5.00000000e+21 2964.60000000 7.1789446689e-17
5.00000000e+21 2965.40000000 7.1041995446e-17
5.00000000e+21 2966.40000000 7.0425067632e-17
5.00000000e+21 2967.20000000 6.9691821914e-17
5.00000000e+21 2968.20000000 6.8966210541e-17
5.00000000e+21 2969.00000000 6.8248154027e-17
5.00000000e+21 2969.80000000 6.7655487897e-17
5.00000000e+21 2970.80000000 6.6951078253e-17
5.00000000e+21 2971.60000000 6.6254002722e-17
5.00000000e+21 2972.60000000 6.5564184942e-17
5.00000000e+21 2973.40000000 6.4881549348e-17
5.00000000e+21 2974.20000000 6.4206021161e-17
5.00000000e+21 2975.20000000 6.3537526381e-17
5.00000000e+21 2976.00000000 6.2766407595e-17
5.00000000e+21 2977.00000000 6.2112901661e-17
5.00000000e+21 2977.80000000 6.1466199844e-17
5.00000000e+21 2978.80000000 6.0826231302e-17
5.00000000e+21 2979.60000000 6.0192925930e-17
5.00000000e+21 2980.40000000 5.9566214353e-17
5.00000000e+21 2981.40000000 5.8946027918e-17
5.00000000e+21 2982.20000000 5.8434141337e-17
5.00000000e+21 2983.20000000 5.7825741724e-17
5.00000000e+21 2984.00000000 5.7323583695e-17
5.00000000e+21 2985.00000000 5.6825786400e-17
5.00000000e+21 2985.80000000 5.6430662834e-17
5.00000000e+21 2986.80000000 5.5940619652e-17
5.00000000e+21 2987.60000000 5.5454832000e-17
5.00000000e+21 2988.40000000 5.5069241015e-17
5.00000000e+21 2989.40000000 5.4591020404e-17
5.00000000e+21 2990.20000000 5.4211435711e-17
5.00000000e+21 2991.20000000 5.3740664271e-17
5.00000000e+21 2992.00000000 5.3366992312e-17
5.00000000e+21 2993.00000000 5.2903554008e-17
5.00000000e+21 2993.80000000 5.2444140196e-17
5.00000000e+21 2994.80000000 5.2079483286e-17
5.00000000e+21 2995.60000000 5.1627225694e-17
5.00000000e+21 2996.60000000 5.1178895502e-17
5.00000000e+21 2997.40000000 5.0646035439e-17
5.00000000e+21 2998.40000000 5.0206225891e-17
5.00000000e+21 2999.20000000 4.9683492986e-17
5.00000000e+21 3000.20000000 4.9252042145e-17
5.00000000e+21 3001.00000000 4.8739243929e-17
5.00000000e+21 3002.00000000 4.8315992935e-17
5.00000000e+21 3002.80000000 4.7812940597e-17
5.00000000e+21 3003.80000000 4.7397733609e-17
5.00000000e+21 3004.60000000 4.6904241925e-17
5.00000000e+21 3005.60000000 4.6496926066e-17
5.00000000e+21 3006.40000000 4.6093147333e-17
5.00000000e+21 3007.40000000 4.5692875009e-17
5.00000000e+21 3008.20000000 4.5296078645e-17
5.00000000e+21 3009.20000000 4.4981123952e-17
5.00000000e+21 3010.00000000 4.4590508425e-17
5.00000000e+21 3011.00000000 4.4280459734e-17
5.00000000e+21 3012.00000000 4.3972566887e-17
5.00000000e+21 3012.80000000 4.3666814894e-17
5.00000000e+21 3013.80000000 4.3287612811e-17
5.00000000e+21 3014.60000000 4.2986623471e-17
5.00000000e+21 3015.60000000 4.2687726983e-17
5.00000000e+21 3016.40000000 4.2317027288e-17
5.00000000e+21 3017.40000000 4.1949546744e-17
5.00000000e+21 3018.20000000 4.1657861304e-17
5.00000000e+21 3019.20000000 4.1224131533e-17
5.00000000e+21 3020.00000000 4.0866141683e-17
5.00000000e+21 3021.00000000 4.0511260611e-17
5.00000000e+21 3022.00000000 4.0089468920e-17
5.00000000e+21 3022.80000000 3.9672068804e-17
5.00000000e+21 3023.80000000 3.9327557047e-17
5.00000000e+21 3024.60000000 3.8918089739e-17
5.00000000e+21 3025.60000000 3.8512885689e-17
5.00000000e+21 3026.40000000 3.8178440264e-17
5.00000000e+21 3027.40000000 3.7780937233e-17
5.00000000e+21 3028.40000000 3.7452848039e-17
5.00000000e+21 3029.20000000 3.7127607968e-17
5.00000000e+21 3030.20000000 3.6741045903e-17
5.00000000e+21 3031.00000000 3.6421987112e-17
5.00000000e+21 3032.00000000 3.6105699025e-17
5.00000000e+21 3033.00000000 3.5792157579e-17
5.00000000e+21 3033.80000000 3.5481338923e-17
5.00000000e+21 3034.80000000 3.5173219413e-17
5.00000000e+21 3035.60000000 3.4867775609e-17
5.00000000e+21 3036.60000000 3.4564984275e-17
5.00000000e+21 3037.60000000 3.4324645500e-17
5.00000000e+21 3038.40000000 3.4026570702e-17
5.00000000e+21 3039.40000000 3.3731084381e-17
5.00000000e+21 3040.20000000 3.3496543916e-17
5.00000000e+21 3041.20000000 3.3205660341e-17
5.00000000e+21 3042.20000000 3.2974773278e-17
5.00000000e+21 3043.00000000 3.2745491629e-17
5.00000000e+21 3044.00000000 3.2517804231e-17
5.00000000e+21 3045.00000000 3.2291699999e-17
5.00000000e+21 3045.80000000 3.2067167926e-17
5.00000000e+21 3046.80000000 3.1788697034e-17
5.00000000e+21 3047.80000000 3.1567662463e-17
5.00000000e+21 3048.60000000 3.1348164799e-17
5.00000000e+21 3049.60000000 3.1075937722e-17
5.00000000e+21 3050.40000000 3.0806074661e-17
5.00000000e+21 3051.40000000 3.0538555088e-17
5.00000000e+21 3052.40000000 3.0273358652e-17
5.00000000e+21 3053.20000000 3.0010465178e-17
5.00000000e+21 3054.20000000 2.9749854668e-17
5.00000000e+21 3055.20000000 2.9440107666e-17
5.00000000e+21 3056.00000000 2.9184450134e-17
5.00000000e+21 3057.00000000 2.8931012728e-17
5.00000000e+21 3058.00000000 2.8629791275e-17
5.00000000e+21 3058.80000000 2.8381170520e-17
5.00000000e+21 3059.80000000 2.8134708785e-17
5.00000000e+21 3060.80000000 2.7890387320e-17
5.00000000e+21 3061.80000000 2.7648187540e-17
5.00000000e+21 3062.60000000 2.7408091020e-17
5.00000000e+21 3063.60000000 2.7217515872e-17
5.00000000e+21 3064.60000000 2.6981159299e-17
5.00000000e+21 3065.40000000 2.6793552711e-17
5.00000000e+21 3066.40000000 2.6607250598e-17
5.00000000e+21 3067.40000000 2.6422243889e-17
5.00000000e+21 3068.20000000 2.6238523576e-17
5.00000000e+21 3069.20000000 2.6101572157e-17
5.00000000e+21 3070.20000000 2.5920081553e-17
5.00000000e+21 3071.20000000 2.5784792235e-17
5.00000000e+21 3072.00000000 2.5605504280e-17
5.00000000e+21 3073.00000000 2.5471856891e-17
5.00000000e+21 3074.00000000 2.5338907072e-17
5.00000000e+21 3074.80000000 2.5162719465e-17
5.00000000e+21 3075.80000000 2.5031383182e-17
5.00000000e+21 3076.80000000 2.4857333864e-17
5.00000000e+21 3077.80000000 2.4727591535e-17
5.00000000e+21 3078.60000000 2.4555654554e-17
5.00000000e+21 3079.60000000 2.4427486834e-17
5.00000000e+21 3080.60000000 2.4257636554e-17
5.00000000e+21 3081.60000000 2.4088967285e-17
5.00000000e+21 3082.40000000 2.3921470815e-17
5.00000000e+21 3083.40000000 2.3713737057e-17
5.00000000e+21 3084.40000000 2.3548849653e-17
5.00000000e+21 3085.40000000 2.3385108753e-17
5.00000000e+21 3086.20000000 2.3182032756e-17
5.00000000e+21 3087.20000000 2.3020842423e-17
5.00000000e+21 3088.20000000 2.2860772885e-17
5.00000000e+21 3089.20000000 2.2662250215e-17
5.00000000e+21 3090.00000000 2.2504674056e-17
5.00000000e+21 3091.00000000 2.2348193564e-17
5.00000000e+21 3092.00000000 2.2192801118e-17
5.00000000e+21 3093.00000000 2.2038489153e-17
5.00000000e+21 3094.00000000 2.1885250158e-17
5.00000000e+21 3094.80000000 2.1771020557e-17
5.00000000e+21 3095.80000000 2.1619641336e-17
5.00000000e+21 3096.80000000 2.1506798075e-17
5.00000000e+21 3097.80000000 2.1357256057e-17
5.00000000e+21 3098.80000000 2.1245782310e-17
5.00000000e+21 3099.60000000 2.1098055199e-17
5.00000000e+21 3100.60000000 2.0987934346e-17
5.00000000e+21 3101.60000000 2.0878388266e-17
5.00000000e+21 3102.60000000 2.0733215735e-17
5.00000000e+21 3103.60000000 2.0624999153e-17
5.00000000e+21 3104.40000000 2.0481588499e-17
5.00000000e+21 3105.40000000 2.0374685280e-17
5.00000000e+21 3106.40000000 2.0268340041e-17
5.00000000e+21 3107.40000000 2.0127409324e-17
5.00000000e+21 3108.40000000 2.0022354737e-17
5.00000000e+21 3109.40000000 1.9883134416e-17
5.00000000e+21 3110.20000000 1.9779354816e-17
5.00000000e+21 3111.20000000 1.9676116891e-17
5.00000000e+21 3112.20000000 1.9573417815e-17
5.00000000e+21 3113.20000000 1.9471254774e-17
5.00000000e+21 3114.20000000 1.9369624971e-17
5.00000000e+21 3115.20000000 1.9268525623e-17
5.00000000e+21 3116.00000000 1.9167953960e-17
5.00000000e+21 3117.00000000 1.9067907230e-17
5.00000000e+21 3118.00000000 1.8968382691e-17
5.00000000e+21 3119.00000000 1.8869377618e-17
5.00000000e+21 3120.00000000 1.8770889300e-17
5.00000000e+21 3121.00000000 1.8672915040e-17
5.00000000e+21 3122.00000000 1.8575452154e-17
5.00000000e+21 3122.80000000 1.8446292501e-17
5.00000000e+21 3123.80000000 1.8318030925e-17
5.00000000e+21 3124.80000000 1.8222420350e-17
5.00000000e+21 3125.80000000 1.8064177076e-17
5.00000000e+21 3126.80000000 1.7938572443e-17
5.00000000e+21 3127.80000000 1.7813841169e-17
5.00000000e+21 3128.80000000 1.7659145992e-17
5.00000000e+21 3129.80000000 1.7536357638e-17
5.00000000e+21 3130.80000000 1.7384072124e-17
5.00000000e+21 3131.80000000 1.7233109056e-17
5.00000000e+21 3132.60000000 1.7083456949e-17
5.00000000e+21 3133.60000000 1.6964671502e-17
5.00000000e+21 3134.60000000 1.6817350504e-17
5.00000000e+21 3135.60000000 1.6700415360e-17
5.00000000e+21 3136.60000000 1.6584293295e-17
5.00000000e+21 3137.60000000 1.6468978655e-17
5.00000000e+21 3138.60000000 1.6354465826e-17
5.00000000e+21 3139.60000000 1.6240749232e-17
5.00000000e+21 3140.60000000 1.6155980984e-17
5.00000000e+21 3141.60000000 1.6071655183e-17
5.00000000e+21 3142.60000000 1.5987769518e-17
5.00000000e+21 3143.60000000 1.5904321693e-17
5.00000000e+21 3144.40000000 1.5848931925e-17
5.00000000e+21 3145.40000000 1.5793735061e-17
5.00000000e+21 3146.40000000 1.5738730432e-17
5.00000000e+21 3147.40000000 1.5683917366e-17
5.00000000e+21 3148.40000000 1.5629295197e-17
5.00000000e+21 3149.40000000 1.5602055490e-17
5.00000000e+21 3150.40000000 1.5547718420e-17
5.00000000e+21 3151.40000000 1.5493570589e-17
5.00000000e+21 3152.40000000 1.5466567433e-17
5.00000000e+21 3153.40000000 1.5412702225e-17
5.00000000e+21 3154.40000000 1.5359024613e-17
5.00000000e+21 3155.40000000 1.5305533944e-17
5.00000000e+21 3156.40000000 1.5252229565e-17
5.00000000e+21 3157.40000000 1.5199110830e-17
5.00000000e+21 3158.40000000 1.5146177090e-17
5.00000000e+21 3159.40000000 1.5067121938e-17
5.00000000e+21 3160.40000000 1.4988479414e-17
5.00000000e+21 3161.40000000 1.4910247362e-17
5.00000000e+21 3162.40000000 1.4832423641e-17
5.00000000e+21 3163.40000000 1.4755006119e-17
5.00000000e+21 3164.40000000 1.4652410959e-17
5.00000000e+21 3165.40000000 1.4575933010e-17
5.00000000e+21 3166.40000000 1.4474582989e-17
5.00000000e+21 3167.40000000 1.4373937680e-17
5.00000000e+21 3168.40000000 1.4273992182e-17
5.00000000e+21 3169.40000000 1.4174741629e-17
5.00000000e+21 3170.40000000 1.4076181190e-17
5.00000000e+21 3171.40000000 1.3978306066e-17
5.00000000e+21 3172.40000000 1.3881111491e-17
5.00000000e+21 3173.40000000 1.3808659323e-17
5.00000000e+21 3174.40000000 1.3712644343e-17
5.00000000e+21 3175.40000000 1.3641071486e-17
5.00000000e+21 3176.40000000 1.3546221786e-17
5.00000000e+21 3177.40000000 1.3475517567e-17
5.00000000e+21 3178.40000000 1.3405182388e-17
5.00000000e+21 3179.40000000 1.3335214322e-17
5.00000000e+21 3180.40000000 1.3265611452e-17
5.00000000e+21 3181.60000000 1.3219411485e-17
5.00000000e+21 3182.60000000 1.3150413046e-17
5.00000000e+21 3183.60000000 1.3081774743e-17
5.00000000e+21 3184.60000000 1.3036215021e-17
5.00000000e+21 3185.60000000 1.2990813969e-17
5.00000000e+21 3186.60000000 1.2923008690e-17
5.00000000e+21 3187.60000000 1.2878001901e-17
5.00000000e+21 3188.60000000 1.2810785442e-17
5.00000000e+21 3189.60000000 1.2766169491e-17
5.00000000e+21 3190.60000000 1.2721708923e-17
5.00000000e+21 3191.60000000 1.2655308232e-17
5.00000000e+21 3192.60000000 1.2611233759e-17
5.00000000e+21 3193.80000000 1.2545409691e-17
5.00000000e+21 3194.80000000 1.2479929190e-17
5.00000000e+21 3195.80000000 1.2414790463e-17
5.00000000e+21 3196.80000000 1.2349991727e-17
5.00000000e+21 3197.80000000 1.2285531206e-17
5.00000000e+21 3198.80000000 1.2221407135e-17
5.00000000e+21 3199.80000000 1.2157617759e-17
5.00000000e+21 3200.80000000 1.2094161330e-17
5.00000000e+21 3201.80000000 1.2031036110e-17
5.00000000e+21 3203.00000000 1.1947381379e-17
5.00000000e+21 3204.00000000 1.1885022274e-17
5.00000000e+21 3205.00000000 1.1802382813e-17
5.00000000e+21 3206.00000000 1.1720317964e-17
5.00000000e+21 3207.00000000 1.1659144012e-17
5.00000000e+21 3208.00000000 1.1578075137e-17
5.00000000e+21 3209.00000000 1.1497569954e-17
5.00000000e+21 3210.20000000 1.1437558630e-17
5.00000000e+21 3211.20000000 1.1358030493e-17
5.00000000e+21 3212.20000000 1.1279055334e-17
5.00000000e+21 3213.20000000 1.1220184543e-17
5.00000000e+21 3214.20000000 1.1142167861e-17
5.00000000e+21 3215.20000000 1.1064693647e-17
5.00000000e+21 3216.40000000 1.1006941713e-17
5.00000000e+21 3217.40000000 1.0930407760e-17
5.00000000e+21 3218.40000000 1.0873356727e-17
5.00000000e+21 3219.40000000 1.0797751623e-17
5.00000000e+21 3220.40000000 1.0741392987e-17
5.00000000e+21 3221.40000000 1.0685328513e-17
5.00000000e+21 3222.60000000 1.0611030815e-17
5.00000000e+21 3223.60000000 1.0555646764e-17
5.00000000e+21 3224.60000000 1.0500551789e-17
5.00000000e+21 3225.60000000 1.0445744380e-17
5.00000000e+21 3226.60000000 1.0391223038e-17
5.00000000e+21 3227.80000000 1.0336986269e-17
5.00000000e+21 3228.80000000 1.0283032588e-17
5.00000000e+21 3229.80000000 1.0247220008e-17
5.00000000e+21 3230.80000000 1.0193734859e-17
5.00000000e+21 3231.80000000 1.0158233275e-17
5.00000000e+21 3233.00000000 1.0105212591e-17
5.00000000e+21 3234.00000000 1.0052468648e-17
5.00000000e+21 3235.00000000 1.0017459050e-17
5.00000000e+21 3236.00000000 9.9825713790e-18
5.00000000e+21 3237.20000000 9.9304675586e-18
5.00000000e+21 3238.20000000 9.8958828521e-18
5.00000000e+21 3239.20000000 9.8614185933e-18
5.00000000e+21 3240.20000000 9.8270743627e-18
5.00000000e+21 3241.40000000 9.7928497423e-18
5.00000000e+21 3242.40000000 9.7587443155e-18
5.00000000e+21 3243.40000000 9.7247576672e-18
5.00000000e+21 3244.40000000 9.6908893838e-18
5.00000000e+21 3245.60000000 9.6571390530e-18
5.00000000e+21 3246.60000000 9.6235062640e-18
5.00000000e+21 3247.60000000 9.5899906075e-18
5.00000000e+21 3248.80000000 9.5565916755e-18
5.00000000e+21 3249.80000000 9.5233090615e-18
5.00000000e+21 3250.80000000 9.4901423604e-18
5.00000000e+21 3251.80000000 9.4570911686e-18
5.00000000e+21 3253.00000000 9.4241550837e-18
5.00000000e+21 3254.00000000 9.3913337049e-18
5.00000000e+21 3255.00000000 9.3586266326e-18
5.00000000e+21 3256.20000000 9.3097794786e-18
5.00000000e+21 3257.20000000 9.2773564342e-18
5.00000000e+21 3258.20000000 9.2450463090e-18
5.00000000e+21 3259.20000000 9.2128487099e-18
5.00000000e+21 3260.40000000 9.1647624407e-18
5.00000000e+21 3261.40000000 9.1328444452e-18
5.00000000e+21 3262.40000000 9.1010376100e-18
5.00000000e+21 3263.60000000 9.0535349365e-18
5.00000000e+21 3264.60000000 9.0220043114e-18
5.00000000e+21 3265.60000000 8.9749141505e-18
5.00000000e+21 3266.80000000 8.9436573371e-18
5.00000000e+21 3267.80000000 8.8969761066e-18
5.00000000e+21 3268.80000000 8.8659907269e-18
5.00000000e+21 3270.00000000 8.8197148756e-18
5.00000000e+21 3271.00000000 8.7889985726e-18
5.00000000e+21 3272.00000000 8.7431245802e-18
5.00000000e+21 3273.20000000 8.7126750172e-18
5.00000000e+21 3274.20000000 8.6671993940e-18
5.00000000e+21 3275.40000000 8.6370142546e-18
5.00000000e+21 3276.40000000 8.6069342406e-18
5.00000000e+21 3277.40000000 8.5620105292e-18
5.00000000e+21 3278.60000000 8.5321917297e-18
5.00000000e+21 3279.60000000 8.4876581352e-18
5.00000000e+21 3280.60000000 8.4580982818e-18
5.00000000e+21 3281.80000000 8.4286413760e-18
5.00000000e+21 3282.80000000 8.3846482604e-18
5.00000000e+21 3283.80000000 8.3554471581e-18
5.00000000e+21 3285.00000000 8.3118360782e-18
5.00000000e+21 3286.00000000 8.2828885579e-18
5.00000000e+21 3287.20000000 8.2540418527e-18
5.00000000e+21 3288.20000000 8.2109600556e-18
5.00000000e+21 3289.40000000 8.1823638549e-18
5.00000000e+21 3290.40000000 8.1538672457e-18
5.00000000e+21 3291.40000000 8.1254698814e-18
5.00000000e+21 3292.60000000 8.0830591630e-18
5.00000000e+21 3293.60000000 8.0549084010e-18
5.00000000e+21 3294.80000000 8.0268556792e-18
5.00000000e+21 3295.80000000 7.9989006563e-18
5.00000000e+21 3296.80000000 7.9710429920e-18
5.00000000e+21 3298.00000000 7.9432823472e-18
5.00000000e+21 3299.00000000 7.9156183841e-18
5.00000000e+21 3300.20000000 7.8743029811e-18
5.00000000e+21 3301.20000000 7.8468792515e-18
5.00000000e+21 3302.40000000 7.8195510301e-18
5.00000000e+21 3303.40000000 7.7923179843e-18
5.00000000e+21 3304.60000000 7.7651797827e-18
5.00000000e+21 3305.60000000 7.7381360950e-18
5.00000000e+21 3306.80000000 7.7111865919e-18
5.00000000e+21 3307.80000000 7.6843309456e-18
5.00000000e+21 3308.80000000 7.6575688290e-18
5.00000000e+21 3310.00000000 7.6308999165e-18
5.00000000e+21 3311.00000000 7.6043238834e-18
5.00000000e+21 3312.20000000 7.5778404064e-18
5.00000000e+21 3313.20000000 7.5514491629e-18
5.00000000e+21 3314.40000000 7.5251498320e-18
5.00000000e+21 3315.40000000 7.4858724714e-18
5.00000000e+21 3316.60000000 7.4598015235e-18
5.00000000e+21 3317.60000000 7.4338213725e-18
5.00000000e+21 3318.80000000 7.3950206989e-18
5.00000000e+21 3319.80000000 7.3692661593e-18
5.00000000e+21 3321.00000000 7.3308024302e-18
5.00000000e+21 3322.00000000 7.3052715427e-18
5.00000000e+21 3323.20000000 7.2671418322e-18
5.00000000e+21 3324.20000000 7.2418326545e-18
5.00000000e+21 3325.40000000 7.2040340620e-18
5.00000000e+21 3326.60000000 7.1664327584e-18
5.00000000e+21 3327.60000000 7.1414743189e-18
5.00000000e+21 3328.80000000 7.1041995446e-18
5.00000000e+21 3329.80000000 7.0671193251e-18
5.00000000e+21 3331.00000000 7.0302326451e-18
5.00000000e+21 3332.00000000 7.0057485479e-18
5.00000000e+21 3333.20000000 6.9691821914e-18
5.00000000e+21 3334.20000000 6.9328066921e-18
5.00000000e+21 3335.40000000 6.8966210541e-18
5.00000000e+21 3336.40000000 6.8606242862e-18
5.00000000e+21 3337.60000000 6.8248154027e-18
5.00000000e+21 3338.80000000 6.7891934228e-18
5.00000000e+21 3339.80000000 6.7537573712e-18
5.00000000e+21 3341.00000000 6.7185062773e-18
5.00000000e+21 3342.00000000 6.6834391757e-18
5.00000000e+21 3343.20000000 6.6485551061e-18
5.00000000e+21 3344.40000000 6.6138531132e-18
5.00000000e+21 3345.40000000 6.5793322466e-18
5.00000000e+21 3346.60000000 6.5449915609e-18
5.00000000e+21 3347.60000000 6.5221974064e-18
5.00000000e+21 3348.80000000 6.4881549348e-18
5.00000000e+21 3350.00000000 6.4542901472e-18
5.00000000e+21 3351.00000000 6.4206021161e-18
5.00000000e+21 3352.20000000 6.3982411710e-18
5.00000000e+21 3353.20000000 6.3648456864e-18
5.00000000e+21 3354.40000000 6.3426789235e-18
5.00000000e+21 3355.60000000 6.3095734448e-18
5.00000000e+21 3356.60000000 6.2875991778e-18
5.00000000e+21 3357.80000000 6.2547811867e-18
5.00000000e+21 3359.00000000 6.2329977439e-18
5.00000000e+21 3360.00000000 6.2112901661e-18
5.00000000e+21 3361.20000000 6.1788704683e-18
5.00000000e+21 3362.20000000 6.1573513988e-18
5.00000000e+21 3363.40000000 6.1359072734e-18
5.00000000e+21 3364.60000000 6.1145378312e-18
5.00000000e+21 3365.60000000 6.0932428121e-18
5.00000000e+21 3366.80000000 6.0614392600e-18
5.00000000e+21 3368.00000000 6.0403291666e-18
5.00000000e+21 3369.20000000 6.0192925930e-18
5.00000000e+21 3370.20000000 5.9983292832e-18
5.00000000e+21 3371.40000000 5.9774389821e-18
5.00000000e+21 3372.40000000 5.9566214353e-18
5.00000000e+21 3373.60000000 5.9255309755e-18
5.00000000e+21 3374.80000000 5.9048942081e-18
5.00000000e+21 3376.00000000 5.8843293120e-18
5.00000000e+21 3377.00000000 5.8638360371e-18
5.00000000e+21 3378.20000000 5.8434141337e-18
5.00000000e+21 3379.40000000 5.8129145571e-18
5.00000000e+21 3380.40000000 5.7926699973e-18
5.00000000e+21 3381.60000000 5.7724959430e-18
5.00000000e+21 3382.80000000 5.7523921486e-18
5.00000000e+21 3384.00000000 5.7223676594e-18
5.00000000e+21 3385.00000000 5.7024384461e-18
5.00000000e+21 3386.20000000 5.6825786400e-18
5.00000000e+21 3387.40000000 5.6529185408e-18
5.00000000e+21 3388.40000000 5.6332311970e-18
5.00000000e+21 3389.60000000 5.6136124181e-18
5.00000000e+21 3390.80000000 5.5843122867e-18
5.00000000e+21 3392.00000000 5.5648638770e-18
5.00000000e+21 3393.20000000 5.5358181875e-18
5.00000000e+21 3394.20000000 5.5165386676e-18
5.00000000e+21 3395.40000000 5.4877452106e-18
5.00000000e+21 3396.60000000 5.4686331137e-18
5.00000000e+21 3397.80000000 5.4400896987e-18
5.00000000e+21 3398.80000000 5.4211435711e-18
5.00000000e+21 3400.00000000 5.3928480268e-18
5.00000000e+21 3401.20000000 5.3647001704e-18
5.00000000e+21 3402.40000000 5.3366992312e-18
5.00000000e+21 3403.40000000 5.3181131802e-18
5.00000000e+21 3404.60000000 5.2903554008e-18
5.00000000e+21 3405.80000000 5.2627425025e-18
5.00000000e+21 3407.00000000 5.2352737292e-18
5.00000000e+21 3408.20000000 5.2079483286e-18
5.00000000e+21 3409.20000000 5.1807655523e-18
5.00000000e+21 3410.40000000 5.1537246560e-18
5.00000000e+21 3411.60000000 5.1268248990e-18
5.00000000e+21 3412.80000000 5.1089697745e-18
5.00000000e+21 3414.00000000 5.0823036147e-18
5.00000000e+21 3415.20000000 5.0557766383e-18
5.00000000e+21 3416.20000000 5.0293881190e-18
5.00000000e+21 3417.40000000 5.0031373340e-18
5.00000000e+21 3418.60000000 4.9770235643e-18
5.00000000e+21 3419.80000000 4.9596901509e-18
5.00000000e+21 3421.00000000 4.9338031530e-18
5.00000000e+21 3422.20000000 4.9080512717e-18
5.00000000e+21 3423.20000000 4.8909580672e-18
5.00000000e+21 3424.40000000 4.8654298148e-18
5.00000000e+21 3425.60000000 4.8400348067e-18
5.00000000e+21 3426.80000000 4.8231784822e-18
5.00000000e+21 3428.00000000 4.7980040040e-18
5.00000000e+21 3429.20000000 4.7729609235e-18
5.00000000e+21 3430.40000000 4.7563381964e-18
5.00000000e+21 3431.60000000 4.7315125896e-18
5.00000000e+21 3432.60000000 4.7068165596e-18
5.00000000e+21 3433.80000000 4.6904241925e-18
5.00000000e+21 3435.00000000 4.6659426226e-18
5.00000000e+21 3436.20000000 4.6415888336e-18
5.00000000e+21 3437.40000000 4.6254236343e-18
5.00000000e+21 3438.60000000 4.6012813333e-18
5.00000000e+21 3439.80000000 4.5772650426e-18
5.00000000e+21 3441.00000000 4.5613238629e-18
5.00000000e+21 3442.20000000 4.5375161293e-18
5.00000000e+21 3443.40000000 4.5138326598e-18
5.00000000e+21 3444.60000000 4.4981123952e-18
5.00000000e+21 3445.80000000 4.4746345925e-18
5.00000000e+21 3446.80000000 4.4512793318e-18
5.00000000e+21 3448.00000000 4.4357769208e-18
5.00000000e+21 3449.20000000 4.4126244769e-18
5.00000000e+21 3450.40000000 4.3895928767e-18
5.00000000e+21 3451.60000000 4.3743053003e-18
5.00000000e+21 3452.80000000 4.3514737062e-18
5.00000000e+21 3454.00000000 4.3287612811e-18
5.00000000e+21 3455.20000000 4.3136855621e-18
5.00000000e+21 3456.40000000 4.2911703714e-18
5.00000000e+21 3457.60000000 4.2762255698e-18
5.00000000e+21 3458.80000000 4.2539059007e-18
5.00000000e+21 3460.00000000 4.2390908796e-18
5.00000000e+21 3461.20000000 4.2169650343e-18
5.00000000e+21 3462.40000000 4.2022786666e-18
5.00000000e+21 3463.60000000 4.1803449619e-18
5.00000000e+21 3464.80000000 4.1657861304e-18
5.00000000e+21 3466.00000000 4.1440428977e-18
5.00000000e+21 3467.20000000 4.1296104949e-18
5.00000000e+21 3468.40000000 4.1080560802e-18
5.00000000e+21 3469.60000000 4.0937490082e-18
5.00000000e+21 3470.80000000 4.0794917633e-18
5.00000000e+21 3472.00000000 4.0581989422e-18
5.00000000e+21 3473.20000000 4.0440655071e-18
5.00000000e+21 3474.40000000 4.0299812942e-18
5.00000000e+21 3475.60000000 4.0089468920e-18
5.00000000e+21 3476.80000000 3.9949849863e-18
5.00000000e+21 3478.00000000 3.9810717055e-18
5.00000000e+21 3479.20000000 3.9672068804e-18
5.00000000e+21 3480.40000000 3.9533903420e-18
5.00000000e+21 3481.80000000 3.9327557047e-18
5.00000000e+21 3483.00000000 3.9190591490e-18
5.00000000e+21 3484.20000000 3.9054102941e-18
5.00000000e+21 3485.40000000 3.8918089739e-18
5.00000000e+21 3486.60000000 3.8714957592e-18
5.00000000e+21 3487.80000000 3.8580125527e-18
5.00000000e+21 3489.00000000 3.8445763040e-18
5.00000000e+21 3490.20000000 3.8311868496e-18
5.00000000e+21 3491.40000000 3.8111900507e-18
5.00000000e+21 3492.60000000 3.7979168701e-18
5.00000000e+21 3493.80000000 3.7846899159e-18
5.00000000e+21 3495.00000000 3.7649358068e-18
5.00000000e+21 3496.40000000 3.7518237152e-18
5.00000000e+21 3497.60000000 3.7387572890e-18
5.00000000e+21 3498.80000000 3.7192429243e-18
5.00000000e+21 3500.00000000 3.7062899667e-18
5.00000000e+21 3501.20000000 3.6869450645e-18
5.00000000e+21 3502.40000000 3.6741045903e-18
5.00000000e+21 3503.60000000 3.6613088354e-18
5.00000000e+21 3504.80000000 3.6421987112e-18
5.00000000e+21 3506.20000000 3.6295140745e-18
5.00000000e+21 3507.40000000 3.6105699025e-18
5.00000000e+21 3508.60000000 3.5979954190e-18
5.00000000e+21 3509.80000000 3.5792157579e-18
5.00000000e+21 3511.00000000 3.5667504711e-18
5.00000000e+21 3512.20000000 3.5481338923e-18
5.00000000e+21 3513.60000000 3.5357768539e-18
5.00000000e+21 3514.80000000 3.5173219413e-18
5.00000000e+21 3516.00000000 3.5050722112e-18
5.00000000e+21 3517.20000000 3.4867775609e-18
5.00000000e+21 3518.40000000 3.4685783991e-18
5.00000000e+21 3519.80000000 3.4564984275e-18
5.00000000e+21 3521.00000000 3.4384573069e-18
5.00000000e+21 3522.20000000 3.4264822377e-18
5.00000000e+21 3523.40000000 3.4085977860e-18
5.00000000e+21 3524.60000000 3.3908066819e-18
5.00000000e+21 3525.80000000 3.3731084381e-18
5.00000000e+21 3527.20000000 3.3613609584e-18
5.00000000e+21 3528.40000000 3.3438164059e-18
5.00000000e+21 3529.60000000 3.3263634268e-18
5.00000000e+21 3530.80000000 3.3090015432e-18
5.00000000e+21 3532.20000000 3.2917302795e-18
5.00000000e+21 3533.40000000 3.2745491629e-18
5.00000000e+21 3534.60000000 3.2574577227e-18
5.00000000e+21 3535.80000000 3.2404554909e-18
5.00000000e+21 3537.20000000 3.2235420020e-18
5.00000000e+21 3538.40000000 3.2067167926e-18
5.00000000e+21 3539.60000000 3.1899794020e-18
5.00000000e+21 3540.80000000 3.1733293719e-18
5.00000000e+21 3542.20000000 3.1567662463e-18
5.00000000e+21 3543.40000000 3.1402895716e-18
5.00000000e+21 3544.60000000 3.1238988965e-18
5.00000000e+21 3545.80000000 3.1075937722e-18
5.00000000e+21 3547.20000000 3.0913737521e-18
5.00000000e+21 3548.40000000 3.0752383922e-18
5.00000000e+21 3549.60000000 3.0591872503e-18
5.00000000e+21 3551.00000000 3.0432198871e-18
5.00000000e+21 3552.20000000 3.0273358652e-18
5.00000000e+21 3553.40000000 3.0115347496e-18
5.00000000e+21 3554.80000000 3.0010465178e-18
5.00000000e+21 3556.00000000 2.9853826189e-18
5.00000000e+21 3557.20000000 2.9698004774e-18
5.00000000e+21 3558.60000000 2.9542996666e-18
5.00000000e+21 3559.80000000 2.9440107666e-18
5.00000000e+21 3561.00000000 2.9286445646e-18
5.00000000e+21 3562.40000000 2.9184450134e-18
5.00000000e+21 3563.60000000 2.9032122513e-18
5.00000000e+21 3564.80000000 2.8880589963e-18
5.00000000e+21 3566.20000000 2.8780007918e-18
5.00000000e+21 3567.40000000 2.8629791275e-18
5.00000000e+21 3568.60000000 2.8480358684e-18
5.00000000e+21 3570.00000000 2.8381170520e-18
5.00000000e+21 3571.20000000 2.8233035600e-18
5.00000000e+21 3572.60000000 2.8085673867e-18
5.00000000e+21 3573.80000000 2.7987860267e-18
5.00000000e+21 3575.00000000 2.7841778221e-18
5.00000000e+21 3576.40000000 2.7696458648e-18
5.00000000e+21 3577.60000000 2.7600000562e-18
5.00000000e+21 3578.80000000 2.7455942942e-18
5.00000000e+21 3580.20000000 2.7312637228e-18
5.00000000e+21 3581.40000000 2.7170079495e-18
5.00000000e+21 3582.80000000 2.7075454623e-18
5.00000000e+21 3584.00000000 2.6934134859e-18
5.00000000e+21 3585.40000000 2.6793552711e-18
5.00000000e+21 3586.60000000 2.6700239164e-18
5.00000000e+21 3587.80000000 2.6560877829e-18
5.00000000e+21 3589.20000000 2.6422243889e-18
5.00000000e+21 3590.40000000 2.6330223493e-18
5.00000000e+21 3591.80000000 2.6192793448e-18
5.00000000e+21 3593.00000000 2.6056080716e-18
5.00000000e+21 3594.40000000 2.5965335552e-18
5.00000000e+21 3595.60000000 2.5829810032e-18
5.00000000e+21 3597.00000000 2.5739852898e-18
5.00000000e+21 3598.20000000 2.5605504280e-18
5.00000000e+21 3599.60000000 2.5516328333e-18
5.00000000e+21 3600.80000000 2.5427462957e-18
5.00000000e+21 3602.20000000 2.5294744851e-18
5.00000000e+21 3603.40000000 2.5206651182e-18
5.00000000e+21 3604.80000000 2.5075085599e-18
5.00000000e+21 3606.00000000 2.4987756933e-18
5.00000000e+21 3607.20000000 2.4857333864e-18
5.00000000e+21 3608.60000000 2.4770763560e-18
5.00000000e+21 3610.00000000 2.4641473083e-18
5.00000000e+21 3611.20000000 2.4555654554e-18
5.00000000e+21 3612.60000000 2.4427486834e-18
5.00000000e+21 3613.80000000 2.4299988082e-18
5.00000000e+21 3615.20000000 2.4215358839e-18
5.00000000e+21 3616.40000000 2.4088967285e-18
5.00000000e+21 3617.80000000 2.3963235429e-18
5.00000000e+21 3619.00000000 2.3879778990e-18
5.00000000e+21 3620.40000000 2.3755138988e-18
5.00000000e+21 3621.60000000 2.3631149542e-18
5.00000000e+21 3623.00000000 2.3507807256e-18
5.00000000e+21 3624.20000000 2.3425936930e-18
5.00000000e+21 3625.60000000 2.3303665747e-18
5.00000000e+21 3627.00000000 2.3182032756e-18
5.00000000e+21 3628.20000000 2.3061034626e-18
5.00000000e+21 3629.60000000 2.2980720269e-18
5.00000000e+21 3630.80000000 2.2860772885e-18
5.00000000e+21 3632.20000000 2.2741451564e-18
5.00000000e+21 3633.60000000 2.2622753038e-18
5.00000000e+21 3634.80000000 2.2504674056e-18
5.00000000e+21 3636.20000000 2.2426297329e-18
5.00000000e+21 3637.40000000 2.2309243744e-18
5.00000000e+21 3638.80000000 2.2154122126e-18
5.00000000e+21 3640.20000000 2.2038489153e-18
5.00000000e+21 3641.40000000 2.1923459725e-18
5.00000000e+21 3642.80000000 2.1809030690e-18
5.00000000e+21 3644.20000000 2.1657387175e-18
5.00000000e+21 3645.40000000 2.1544346900e-18
5.00000000e+21 3646.80000000 2.1394543797e-18
5.00000000e+21 3648.20000000 2.1282875427e-18
5.00000000e+21 3649.40000000 2.1134890398e-18
5.00000000e+21 3650.80000000 2.1024577284e-18
5.00000000e+21 3652.00000000 2.0878388266e-18
5.00000000e+21 3653.40000000 2.0769413959e-18
5.00000000e+21 3654.80000000 2.0624999153e-18
5.00000000e+21 3656.20000000 2.0517347406e-18
5.00000000e+21 3657.40000000 2.0374685280e-18
5.00000000e+21 3658.80000000 2.0268340041e-18
5.00000000e+21 3660.20000000 2.0127409324e-18
5.00000000e+21 3661.40000000 2.0022354737e-18
5.00000000e+21 3662.80000000 1.9883134416e-18
5.00000000e+21 3664.20000000 1.9779354816e-18
5.00000000e+21 3665.40000000 1.9676116891e-18
5.00000000e+21 3666.80000000 1.9539304047e-18
5.00000000e+21 3668.20000000 1.9437319062e-18
5.00000000e+21 3669.60000000 1.9335866386e-18
5.00000000e+21 3670.80000000 1.9234943240e-18
5.00000000e+21 3672.20000000 1.9134546860e-18
5.00000000e+21 3673.60000000 1.9067907230e-18
5.00000000e+21 3675.00000000 1.8968382691e-18
5.00000000e+21 3676.20000000 1.8869377618e-18
5.00000000e+21 3677.60000000 1.8803661489e-18
5.00000000e+21 3679.00000000 1.8705516175e-18
5.00000000e+21 3680.40000000 1.8640370724e-18
5.00000000e+21 3681.60000000 1.8575452154e-18
5.00000000e+21 3683.00000000 1.8510759676e-18
5.00000000e+21 3684.40000000 1.8414143157e-18
5.00000000e+21 3685.80000000 1.8350012467e-18
5.00000000e+21 3687.20000000 1.8286105124e-18
5.00000000e+21 3688.40000000 1.8190661184e-18
5.00000000e+21 3689.80000000 1.8127308812e-18
5.00000000e+21 3691.20000000 1.8032693706e-18
5.00000000e+21 3692.60000000 1.7938572443e-18
5.00000000e+21 3694.00000000 1.7876098016e-18
5.00000000e+21 3695.20000000 1.7782794100e-18
5.00000000e+21 3696.60000000 1.7689977182e-18
5.00000000e+21 3698.00000000 1.7597644720e-18
5.00000000e+21 3699.40000000 1.7536357638e-18
5.00000000e+21 3700.80000000 1.7444826990e-18
5.00000000e+21 3702.20000000 1.7353774084e-18
5.00000000e+21 3703.40000000 1.7263196427e-18
5.00000000e+21 3704.80000000 1.7173091538e-18
5.00000000e+21 3706.20000000 1.7083456949e-18
5.00000000e+21 3707.60000000 1.6994290207e-18
5.00000000e+21 3709.00000000 1.6905588868e-18
5.00000000e+21 3710.40000000 1.6817350504e-18
5.00000000e+21 3711.80000000 1.6758780942e-18
5.00000000e+21 3713.20000000 1.6671308839e-18
5.00000000e+21 3714.40000000 1.6584293295e-18
5.00000000e+21 3715.80000000 1.6497731926e-18
5.00000000e+21 3717.20000000 1.6440275496e-18
5.00000000e+21 3718.60000000 1.6354465826e-18
5.00000000e+21 3720.00000000 1.6297508346e-18
5.00000000e+21 3721.40000000 1.6212443846e-18
5.00000000e+21 3722.80000000 1.6155980984e-18
5.00000000e+21 3724.20000000 1.6071655183e-18
5.00000000e+21 3725.60000000 1.6015682644e-18
5.00000000e+21 3727.00000000 1.5932089127e-18
5.00000000e+21 3728.40000000 1.5876602654e-18
5.00000000e+21 3729.80000000 1.5793735061e-18
5.00000000e+21 3731.20000000 1.5738730432e-18
5.00000000e+21 3732.60000000 1.5656582461e-18
5.00000000e+21 3734.00000000 1.5602055490e-18
5.00000000e+21 3735.40000000 1.5520620891e-18
5.00000000e+21 3736.80000000 1.5466567433e-18
5.00000000e+21 3738.20000000 1.5385840011e-18
5.00000000e+21 3739.40000000 1.5332255951e-18
5.00000000e+21 3740.80000000 1.5252229565e-18
5.00000000e+21 3742.20000000 1.5199110830e-18
5.00000000e+21 3743.60000000 1.5119779392e-18
5.00000000e+21 3745.20000000 1.5067121938e-18
5.00000000e+21 3746.40000000 1.4988479414e-18
5.00000000e+21 3748.00000000 1.4910247362e-18
5.00000000e+21 3749.40000000 1.4832423641e-18
5.00000000e+21 3750.80000000 1.4755006119e-18
5.00000000e+21 3752.20000000 1.4677992676e-18
5.00000000e+21 3753.60000000 1.4601381204e-18
5.00000000e+21 3755.00000000 1.4525169603e-18
5.00000000e+21 3756.40000000 1.4424172552e-18
5.00000000e+21 3757.80000000 1.4348885888e-18
5.00000000e+21 3759.20000000 1.4273992182e-18
5.00000000e+21 3760.60000000 1.4199489381e-18
5.00000000e+21 3762.00000000 1.4125375446e-18
5.00000000e+21 3763.40000000 1.4051648347e-18
5.00000000e+21 3764.80000000 1.3978306066e-18
5.00000000e+21 3766.20000000 1.3905346593e-18
5.00000000e+21 3767.60000000 1.3832767930e-18
5.00000000e+21 3769.20000000 1.3784592734e-18
5.00000000e+21 3770.60000000 1.3712644343e-18
5.00000000e+21 3772.00000000 1.3641071486e-18
5.00000000e+21 3773.40000000 1.3593563909e-18
5.00000000e+21 3774.80000000 1.3522612589e-18
5.00000000e+21 3776.20000000 1.3475517567e-18
5.00000000e+21 3777.60000000 1.3405182388e-18
5.00000000e+21 3779.00000000 1.3358496339e-18
5.00000000e+21 3780.40000000 1.3311972882e-18
5.00000000e+21 3782.00000000 1.3265611452e-18
5.00000000e+21 3783.40000000 1.3196371873e-18
5.00000000e+21 3784.80000000 1.3150413046e-18
5.00000000e+21 3786.20000000 1.3104614278e-18
5.00000000e+21 3787.60000000 1.3058975013e-18
5.00000000e+21 3789.00000000 1.3013494696e-18
5.00000000e+21 3790.60000000 1.2968172772e-18
5.00000000e+21 3792.00000000 1.2923008690e-18
5.00000000e+21 3793.40000000 1.2878001901e-18
5.00000000e+21 3794.80000000 1.2833151856e-18
5.00000000e+21 3796.20000000 1.2788458009e-18
5.00000000e+21 3797.80000000 1.2743919818e-18
5.00000000e+21 3799.20000000 1.2699536739e-18
5.00000000e+21 3800.60000000 1.2655308232e-18
5.00000000e+21 3802.00000000 1.2611233759e-18
5.00000000e+21 3803.40000000 1.2567312784e-18
5.00000000e+21 3805.00000000 1.2523544772e-18
5.00000000e+21 3806.40000000 1.2458178395e-18
5.00000000e+21 3807.80000000 1.2414790463e-18
5.00000000e+21 3809.20000000 1.2371553639e-18
5.00000000e+21 3810.80000000 1.2328467394e-18
5.00000000e+21 3812.20000000 1.2285531206e-18
5.00000000e+21 3813.60000000 1.2221407135e-18
5.00000000e+21 3815.20000000 1.2178843804e-18
5.00000000e+21 3816.60000000 1.2136428708e-18
5.00000000e+21 3818.00000000 1.2073082875e-18
5.00000000e+21 3819.40000000 1.2010067674e-18
5.00000000e+21 3821.00000000 1.1968240372e-18
5.00000000e+21 3822.40000000 1.1905772394e-18
5.00000000e+21 3823.80000000 1.1843630466e-18
5.00000000e+21 3825.40000000 1.1761278812e-18
5.00000000e+21 3826.80000000 1.1699891066e-18
5.00000000e+21 3828.20000000 1.1638823732e-18
5.00000000e+21 3829.80000000 1.1557896149e-18
5.00000000e+21 3831.20000000 1.1497569954e-18
5.00000000e+21 3832.60000000 1.1417624543e-18
5.00000000e+21 3834.20000000 1.1358030493e-18
5.00000000e+21 3835.60000000 1.1279055334e-18
5.00000000e+21 3837.00000000 1.1220184543e-18
5.00000000e+21 3838.60000000 1.1142167861e-18
5.00000000e+21 3840.00000000 1.1084011551e-18
5.00000000e+21 3841.40000000 1.1026158787e-18
5.00000000e+21 3843.00000000 1.0968607984e-18
5.00000000e+21 3844.40000000 1.0892340575e-18
5.00000000e+21 3846.00000000 1.0835488233e-18
5.00000000e+21 3847.40000000 1.0778932631e-18
5.00000000e+21 3848.80000000 1.0741392987e-18
5.00000000e+21 3850.40000000 1.0685328513e-18
5.00000000e+21 3851.80000000 1.0629556667e-18
5.00000000e+21 3853.40000000 1.0574075920e-18
5.00000000e+21 3854.80000000 1.0537249727e-18
5.00000000e+21 3856.40000000 1.0482250775e-18
5.00000000e+21 3857.80000000 1.0427538889e-18
5.00000000e+21 3859.20000000 1.0391223038e-18
5.00000000e+21 3860.80000000 1.0336986269e-18
5.00000000e+21 3862.20000000 1.0283032588e-18
5.00000000e+21 3863.80000000 1.0229360516e-18
5.00000000e+21 3865.20000000 1.0193734859e-18
5.00000000e+21 3866.80000000 1.0140528876e-18
5.00000000e+21 3868.20000000 1.0087600599e-18
5.00000000e+21 3869.80000000 1.0034948581e-18
5.00000000e+21 3871.20000000 9.9825713790e-19
5.00000000e+21 3872.80000000 9.9304675586e-19
5.00000000e+21 3874.20000000 9.8786356930e-19
5.00000000e+21 3875.80000000 9.8442315006e-19
5.00000000e+21 3877.20000000 9.7928497423e-19
5.00000000e+21 3878.80000000 9.7417361699e-19
5.00000000e+21 3880.20000000 9.6908893838e-19
5.00000000e+21 3881.80000000 9.6403079914e-19
5.00000000e+21 3883.20000000 9.5899906075e-19
5.00000000e+21 3884.80000000 9.5565916755e-19
5.00000000e+21 3886.20000000 9.5067112471e-19
5.00000000e+21 3887.80000000 9.4570911686e-19
5.00000000e+21 3889.20000000 9.4077300810e-19
5.00000000e+21 3890.80000000 9.3749659053e-19
5.00000000e+21 3892.40000000 9.3260334688e-19
5.00000000e+21 3893.80000000 9.2773564342e-19
5.00000000e+21 3895.40000000 9.2289334682e-19
5.00000000e+21 3896.80000000 9.1807632450e-19
5.00000000e+21 3898.40000000 9.1169271568e-19
5.00000000e+21 3900.00000000 9.0693415481e-19
5.00000000e+21 3901.40000000 9.0220043114e-19
5.00000000e+21 3903.00000000 8.9749141505e-19
5.00000000e+21 3904.40000000 8.9280697757e-19
5.00000000e+21 3906.00000000 8.8659907269e-19
5.00000000e+21 3907.60000000 8.8197148756e-19
5.00000000e+21 3909.00000000 8.7736805601e-19
5.00000000e+21 3910.60000000 8.7278865198e-19
5.00000000e+21 3912.20000000 8.6823315005e-19
5.00000000e+21 3913.60000000 8.6370142546e-19
5.00000000e+21 3915.20000000 8.5919335412e-19
5.00000000e+21 3916.80000000 8.5470881256e-19
5.00000000e+21 3918.20000000 8.5024767797e-19
5.00000000e+21 3919.80000000 8.4580982818e-19
5.00000000e+21 3921.40000000 8.4139514165e-19
5.00000000e+21 3922.80000000 8.3700349748e-19
5.00000000e+21 3924.40000000 8.3118360782e-19
5.00000000e+21 3926.00000000 8.2684526253e-19
5.00000000e+21 3927.40000000 8.2109600556e-19
5.00000000e+21 3929.00000000 8.1538672457e-19
5.00000000e+21 3930.60000000 8.0971714161e-19
5.00000000e+21 3932.20000000 8.0408698064e-19
5.00000000e+21 3933.60000000 7.9849596756e-19
5.00000000e+21 3935.20000000 7.9294383015e-19
5.00000000e+21 3936.80000000 7.8743029811e-19
5.00000000e+21 3938.40000000 7.8059226310e-19
5.00000000e+21 3939.80000000 7.7516461452e-19
5.00000000e+21 3941.40000000 7.6977470571e-19
5.00000000e+21 3943.00000000 7.6442227425e-19
5.00000000e+21 3944.60000000 7.5910705956e-19
5.00000000e+21 3946.00000000 7.5382880284e-19
5.00000000e+21 3947.60000000 7.4858724714e-19
5.00000000e+21 3949.20000000 7.4468001182e-19
5.00000000e+21 3950.80000000 7.3950206989e-19
5.00000000e+21 3952.40000000 7.3436013146e-19
5.00000000e+21 3953.80000000 7.2925394618e-19
5.00000000e+21 3955.40000000 7.2418326545e-19
5.00000000e+21 3957.00000000 7.1789446689e-19
5.00000000e+21 3958.60000000 7.1166028018e-19
5.00000000e+21 3960.20000000 7.0548023107e-19
5.00000000e+21 3961.80000000 6.9935384943e-19
5.00000000e+21 3963.20000000 6.9328066921e-19
5.00000000e+21 3964.80000000 6.8606242862e-19
5.00000000e+21 3966.40000000 6.8010467094e-19
5.00000000e+21 3968.00000000 6.7302361507e-19
5.00000000e+21 3969.60000000 6.6601628515e-19
5.00000000e+21 3971.20000000 6.5908191354e-19
5.00000000e+21 3972.80000000 6.5335845432e-19
5.00000000e+21 3974.40000000 6.4768469755e-19
5.00000000e+21 3975.80000000 6.4094118920e-19
5.00000000e+21 3977.40000000 6.3648456864e-19
5.00000000e+21 3979.00000000 6.3095734448e-19
5.00000000e+21 3980.60000000 6.2657014402e-19
5.00000000e+21 3982.20000000 6.2221344884e-19
5.00000000e+21 3983.80000000 6.1788704683e-19
5.00000000e+21 3985.40000000 6.1466199844e-19
5.00000000e+21 3987.00000000 6.1145378312e-19
5.00000000e+21 3988.60000000 6.0826231302e-19
5.00000000e+21 3990.20000000 6.0614392600e-19
5.00000000e+21 3991.80000000 6.0403291666e-19
5.00000000e+21 3993.40000000 6.0192925930e-19
5.00000000e+21 3995.00000000 5.9983292832e-19
5.00000000e+21 3996.60000000 5.9774389821e-19
5.00000000e+21 3998.20000000 5.9566214353e-19
5.00000000e+21 3999.80000000 5.9462398656e-19
5.00000000e+21 4001.40000000 5.9255309755e-19
5.00000000e+21 4003.00000000 5.9048942081e-19
5.00000000e+21 4004.60000000 5.8843293120e-19
5.00000000e+21 4006.20000000 5.8638360371e-19
5.00000000e+21 4007.80000000 5.8434141337e-19
5.00000000e+21 4009.40000000 5.8129145571e-19
5.00000000e+21 4011.00000000 5.7926699973e-19
5.00000000e+21 4012.60000000 5.7523921486e-19
5.00000000e+21 4014.20000000 5.7223676594e-19
5.00000000e+21 4015.80000000 5.6825786400e-19
5.00000000e+21 4017.40000000 5.6332311970e-19
5.00000000e+21 4019.00000000 5.5940619652e-19
5.00000000e+21 4020.60000000 5.5454832000e-19
5.00000000e+21 4022.20000000 5.4877452106e-19
5.00000000e+21 4023.80000000 5.4400896987e-19
5.00000000e+21 4025.60000000 5.3834490364e-19
5.00000000e+21 4027.20000000 5.3366992312e-19
5.00000000e+21 4028.80000000 5.2811350409e-19
5.00000000e+21 4030.40000000 5.2261493691e-19
5.00000000e+21 4032.00000000 5.1807655523e-19
5.00000000e+21 4033.60000000 5.1268248990e-19
5.00000000e+21 4035.20000000 5.0734458604e-19
5.00000000e+21 4036.80000000 5.0293881190e-19
5.00000000e+21 4038.60000000 4.9770235643e-19
5.00000000e+21 4040.20000000 4.9338031530e-19
5.00000000e+21 4041.80000000 4.8909580672e-19
5.00000000e+21 4043.40000000 4.8569500416e-19
5.00000000e+21 4045.00000000 4.8147723473e-19
5.00000000e+21 4046.60000000 4.7812940597e-19
5.00000000e+21 4048.40000000 4.7480485548e-19
5.00000000e+21 4050.00000000 4.7232662157e-19
5.00000000e+21 4051.60000000 4.6904241925e-19
5.00000000e+21 4053.20000000 4.6578105280e-19
5.00000000e+21 4054.80000000 4.6254236343e-19
5.00000000e+21 4056.60000000 4.6012813333e-19
5.00000000e+21 4058.20000000 4.5613238629e-19
5.00000000e+21 4059.80000000 4.5296078645e-19
5.00000000e+21 4061.40000000 4.4981123952e-19
5.00000000e+21 4063.20000000 4.4590508425e-19
5.00000000e+21 4064.80000000 4.4203284999e-19
5.00000000e+21 4066.40000000 4.3819424216e-19
5.00000000e+21 4068.00000000 4.3438896876e-19
5.00000000e+21 4069.80000000 4.3061674030e-19
5.00000000e+21 4071.40000000 4.2687726983e-19
5.00000000e+21 4073.00000000 4.2243274545e-19
5.00000000e+21 4074.80000000 4.1876434469e-19
5.00000000e+21 4076.40000000 4.1512780028e-19
5.00000000e+21 4078.00000000 4.1152283557e-19
5.00000000e+21 4079.80000000 4.0866141683e-19
5.00000000e+21 4081.40000000 4.0511260611e-19
5.00000000e+21 4083.00000000 4.0159461323e-19
5.00000000e+21 4084.80000000 3.9810717055e-19
5.00000000e+21 4086.40000000 3.9465001279e-19
5.00000000e+21 4088.00000000 3.9054102941e-19
5.00000000e+21 4089.80000000 3.8714957592e-19
5.00000000e+21 4091.40000000 3.8311868496e-19
5.00000000e+21 4093.00000000 3.7979168701e-19
5.00000000e+21 4094.80000000 3.7583740429e-19
5.00000000e+21 4096.40000000 3.7192429243e-19
5.00000000e+21 4098.00000000 3.6869450645e-19
5.00000000e+21 4099.80000000 3.6485576441e-19
5.00000000e+21 4101.40000000 3.6168736144e-19
5.00000000e+21 4103.20000000 3.5854647285e-19
5.00000000e+21 4104.80000000 3.5543285969e-19
5.00000000e+21 4106.60000000 3.5234628511e-19
5.00000000e+21 4108.20000000 3.4928651431e-19
5.00000000e+21 4109.80000000 3.4625331452e-19
5.00000000e+21 4111.60000000 3.4324645500e-19
5.00000000e+21 4113.20000000 3.4026570702e-19
5.00000000e+21 4115.00000000 3.3731084381e-19
5.00000000e+21 4116.60000000 3.3379885950e-19
5.00000000e+21 4118.40000000 3.3032344098e-19
5.00000000e+21 4120.00000000 3.2688420753e-19
5.00000000e+21 4121.80000000 3.2348078239e-19
5.00000000e+21 4123.40000000 3.1955488029e-19
5.00000000e+21 4125.20000000 3.1622776602e-19
5.00000000e+21 4126.80000000 3.1238988965e-19
5.00000000e+21 4128.60000000 3.0859859140e-19
5.00000000e+21 4130.20000000 3.0485330598e-19
5.00000000e+21 4132.00000000 3.0115347496e-19
5.00000000e+21 4133.60000000 2.9749854668e-19
5.00000000e+21 4135.40000000 2.9337576997e-19
5.00000000e+21 4137.00000000 2.8981523527e-19
5.00000000e+21 4138.80000000 2.8579893497e-19
5.00000000e+21 4140.60000000 2.8183829313e-19
5.00000000e+21 4142.20000000 2.7793253841e-19
5.00000000e+21 4144.00000000 2.7408091020e-19
5.00000000e+21 4145.60000000 2.6981159299e-19
5.00000000e+21 4147.40000000 2.6560877829e-19
5.00000000e+21 4149.20000000 2.6192793448e-19
5.00000000e+21 4150.80000000 2.5784792235e-19
5.00000000e+21 4152.60000000 2.5383146396e-19
5.00000000e+21 4154.20000000 2.4987756933e-19
5.00000000e+21 4156.00000000 2.4598526393e-19
5.00000000e+21 4157.80000000 2.4215358839e-19
5.00000000e+21 4159.40000000 2.3879778990e-19
5.00000000e+21 4161.20000000 2.3548849653e-19
5.00000000e+21 4163.00000000 2.3222506382e-19
5.00000000e+21 4164.60000000 2.2900685622e-19
5.00000000e+21 4166.40000000 2.2622753038e-19
5.00000000e+21 4168.20000000 2.2348193564e-19
5.00000000e+21 4169.80000000 2.2076966261e-19
5.00000000e+21 4171.60000000 2.1809030690e-19
5.00000000e+21 4173.40000000 2.1581961283e-19
5.00000000e+21 4175.00000000 2.1320033305e-19
5.00000000e+21 4176.80000000 2.1098055199e-19
5.00000000e+21 4178.60000000 2.0842000114e-19
5.00000000e+21 4180.40000000 2.0624999153e-19
5.00000000e+21 4182.00000000 2.0374685280e-19
5.00000000e+21 4183.80000000 2.0127409324e-19
5.00000000e+21 4185.60000000 1.9848480855e-19
5.00000000e+21 4187.40000000 1.9573417815e-19
5.00000000e+21 4189.00000000 1.9302166637e-19
5.00000000e+21 4190.80000000 1.9034674497e-19
5.00000000e+21 4192.60000000 1.8738174229e-19
5.00000000e+21 4194.40000000 1.8414143157e-19
5.00000000e+21 4196.20000000 1.8095715412e-19
5.00000000e+21 4197.80000000 1.7751801143e-19
5.00000000e+21 4199.60000000 1.7414423062e-19
5.00000000e+21 4201.40000000 1.7053682840e-19
5.00000000e+21 4203.20000000 1.6671308839e-19
5.00000000e+21 4205.00000000 1.6297508346e-19
5.00000000e+21 4206.80000000 1.5904321693e-19
5.00000000e+21 4208.40000000 1.5520620891e-19
5.00000000e+21 4210.20000000 1.5146177090e-19
5.00000000e+21 4212.00000000 1.4780766957e-19
5.00000000e+21 4213.80000000 1.4424172552e-19
5.00000000e+21 4215.60000000 1.4076181190e-19
5.00000000e+21 4217.40000000 1.3736585317e-19
5.00000000e+21 4219.20000000 1.3405182388e-19
5.00000000e+21 4221.00000000 1.3104614278e-19
5.00000000e+21 4222.60000000 1.2833151856e-19
5.00000000e+21 4224.40000000 1.2567312784e-19
5.00000000e+21 4226.20000000 1.2306980576e-19
5.00000000e+21 4228.00000000 1.2052041156e-19
5.00000000e+21 4229.80000000 1.1822988652e-19
5.00000000e+21 4231.60000000 1.1598289356e-19
5.00000000e+21 4233.40000000 1.1377860535e-19
5.00000000e+21 4235.20000000 1.1161621027e-19
5.00000000e+21 4237.00000000 1.0949491213e-19
5.00000000e+21 4238.80000000 1.0741392987e-19
5.00000000e+21 4240.60000000 1.0537249727e-19
5.00000000e+21 4242.40000000 1.0318970328e-19
5.00000000e+21 4244.20000000 1.0105212591e-19
5.00000000e+21 4245.40000000 9.9825713790e-20
1.00000000e+21 2613.60000000 9.9825713790e-20
1.00000000e+21 2620.40000000 2.6981159299e-19
1.00000000e+21 2627.40000000 3.7127607968e-19
1.00000000e+21 2634.20000000 5.7024384461e-19
1.00000000e+21 2641.20000000 7.6843309456e-19
1.00000000e+21 2648.20000000 1.0778932631e-18
1.00000000e+21 2655.20000000 1.3784592734e-18
1.00000000e+21 2662.40000000 1.8446292501e-18
1.00000000e+21 2669.40000000 2.3755138988e-18
1.00000000e+21 2676.60000000 3.1348164799e-18
1.00000000e+21 2683.80000000 4.2390908796e-18
1.00000000e+21 2691.00000000 5.9255309755e-18
1.00000000e+21 2693.20000000 6.5678653778e-18
1.00000000e+21 2693.80000000 6.8248154027e-18
1.00000000e+21 2694.60000000 7.0548023107e-18
1.00000000e+21 2695.40000000 7.2925394618e-18
1.00000000e+21 2696.00000000 7.5514491629e-18
1.00000000e+21 2696.80000000 7.8195510301e-18
1.00000000e+21 2697.40000000 8.0971714161e-18
1.00000000e+21 2698.20000000 8.4139514165e-18
1.00000000e+21 2699.00000000 8.7889985726e-18
1.00000000e+21 2699.60000000 9.1807632450e-18
1.00000000e+21 2700.40000000 9.5732765763e-18
1.00000000e+21 2701.20000000 9.9825713790e-18
1.00000000e+21 2701.80000000 1.0373112570e-17
1.00000000e+21 2702.60000000 1.0816603471e-17
1.00000000e+21 2703.40000000 1.1279055334e-17
1.00000000e+21 2704.00000000 1.1781812887e-17
1.00000000e+21 2704.80000000 1.2306980576e-17
1.00000000e+21 2705.60000000 1.2878001901e-17
1.00000000e+21 2706.20000000 1.3475517567e-17
1.00000000e+21 2707.00000000 1.4125375446e-17
1.00000000e+21 2707.80000000 1.4806572772e-17
1.00000000e+21 2708.40000000 1.5520620891e-17
1.00000000e+21 2709.20000000 1.6297508346e-17
1.00000000e+21 2710.00000000 1.7143161207e-17
1.00000000e+21 2710.60000000 1.8032693706e-17
1.00000000e+21 2711.40000000 1.9001499684e-17
1.00000000e+21 2712.20000000 1.9987458534e-17
1.00000000e+21 2712.80000000 2.0987934346e-17
1.00000000e+21 2713.60000000 2.2076966261e-17
1.00000000e+21 2714.40000000 2.3222506382e-17
1.00000000e+21 2715.00000000 2.4427486834e-17
1.00000000e+21 2715.80000000 2.5650209057e-17
1.00000000e+21 2716.60000000 2.6887192376e-17
1.00000000e+21 2717.20000000 2.8183829313e-17
1.00000000e+21 2718.00000000 2.9491507296e-17
1.00000000e+21 2718.80000000 3.0806074661e-17
1.00000000e+21 2719.40000000 3.2179238128e-17
1.00000000e+21 2720.20000000 3.3555025698e-17
1.00000000e+21 2721.00000000 3.5050722112e-17
1.00000000e+21 2721.80000000 3.6613088354e-17
1.00000000e+21 2722.40000000 3.8111900507e-17
1.00000000e+21 2723.20000000 3.9602925859e-17
1.00000000e+21 2724.00000000 4.1008963050e-17
1.00000000e+21 2724.60000000 4.2464919294e-17
1.00000000e+21 2725.40000000 4.3895928767e-17
1.00000000e+21 2726.20000000 4.5375161293e-17
1.00000000e+21 2727.00000000 4.6822494300e-17
1.00000000e+21 2727.60000000 4.8231784822e-17
1.00000000e+21 2728.40000000 4.9596901509e-17
1.00000000e+21 2729.20000000 5.1000655447e-17
1.00000000e+21 2729.80000000 5.2261493691e-17
1.00000000e+21 2730.60000000 5.3553502378e-17
1.00000000e+21 2731.40000000 5.4781808274e-17
1.00000000e+21 2732.20000000 5.5940619652e-17
1.00000000e+21 2732.80000000 5.7024384461e-17
1.00000000e+21 2733.60000000 5.8027834487e-17
1.00000000e+21 2734.40000000 5.8946027918e-17
1.00000000e+21 2735.20000000 5.9878750225e-17
1.00000000e+21 2735.80000000 6.0720219569e-17
1.00000000e+21 2736.60000000 6.1466199844e-17
1.00000000e+21 2737.40000000 6.2221344884e-17
1.00000000e+21 2738.20000000 6.2875991778e-17
1.00000000e+21 2738.80000000 6.3426789235e-17
1.00000000e+21 2739.60000000 6.3870899190e-17
1.00000000e+21 2740.40000000 6.4318118772e-17
1.00000000e+21 2741.20000000 6.4655587244e-17
1.00000000e+21 2741.80000000 6.4994826367e-17
1.00000000e+21 2742.60000000 6.5335845432e-17
1.00000000e+21 2743.40000000 6.5564184942e-17
1.00000000e+21 2744.20000000 6.5793322466e-17
1.00000000e+21 2744.80000000 6.5908191354e-17
1.00000000e+21 2745.60000000 6.5908191354e-17
1.00000000e+21 2746.40000000 6.6023260793e-17
1.00000000e+21 2747.20000000 6.6023260793e-17
1.00000000e+21 2747.80000000 6.6138531132e-17
1.00000000e+21 2748.60000000 6.6138531132e-17
1.00000000e+21 2749.40000000 6.6138531132e-17
1.00000000e+21 2750.20000000 6.6138531132e-17
1.00000000e+21 2751.00000000 6.6138531132e-17
1.00000000e+21 2751.60000000 6.6138531132e-17
1.00000000e+21 2752.40000000 6.6254002722e-17
1.00000000e+21 2753.20000000 6.6485551061e-17
1.00000000e+21 2754.00000000 6.6717908629e-17
1.00000000e+21 2754.80000000 6.6951078253e-17
1.00000000e+21 2755.40000000 6.7302361507e-17
1.00000000e+21 2756.20000000 6.7773607950e-17
1.00000000e+21 2757.00000000 6.8248154027e-17
1.00000000e+21 2757.80000000 6.8846011947e-17
1.00000000e+21 2758.40000000 6.9570358679e-17
1.00000000e+21 2759.20000000 7.0302326451e-17
1.00000000e+21 2760.00000000 7.1166028018e-17
1.00000000e+21 2760.80000000 7.2166116208e-17
1.00000000e+21 2761.60000000 7.3052715427e-17
1.00000000e+21 2762.40000000 7.4208652470e-17
1.00000000e+21 2763.00000000 7.5251498320e-17
1.00000000e+21 2763.80000000 7.6575688290e-17
1.00000000e+21 2764.60000000 7.7787370487e-17
1.00000000e+21 2765.40000000 7.9018225528e-17
1.00000000e+21 2766.20000000 8.0268556792e-17
1.00000000e+21 2767.00000000 8.1538672457e-17
1.00000000e+21 2767.60000000 8.2684526253e-17
1.00000000e+21 2768.40000000 8.3846482604e-17
1.00000000e+21 2769.20000000 8.4876581352e-17
1.00000000e+21 2770.00000000 8.5919335412e-17
1.00000000e+21 2770.80000000 8.6823315005e-17
1.00000000e+21 2771.40000000 8.7583892448e-17
1.00000000e+21 2772.20000000 8.8197148756e-17
1.00000000e+21 2773.00000000 8.8814699041e-17
1.00000000e+21 2773.80000000 8.9280697757e-17
1.00000000e+21 2774.60000000 8.9592721129e-17
1.00000000e+21 2775.40000000 8.9905834977e-17
1.00000000e+21 2776.20000000 9.0062802021e-17
1.00000000e+21 2776.80000000 9.0220043114e-17
1.00000000e+21 2777.60000000 9.0377558736e-17
1.00000000e+21 2778.40000000 9.0535349365e-17
1.00000000e+21 2779.20000000 9.0535349365e-17
1.00000000e+21 2780.00000000 9.0693415481e-17
1.00000000e+21 2780.80000000 9.0851757565e-17
1.00000000e+21 2781.60000000 9.1010376100e-17
1.00000000e+21 2782.20000000 9.1169271568e-17
1.00000000e+21 2783.00000000 9.1487895236e-17
1.00000000e+21 2783.80000000 9.1967919851e-17
1.00000000e+21 2784.60000000 9.2611872813e-17
1.00000000e+21 2785.40000000 9.3423158370e-17
1.00000000e+21 2786.20000000 9.4570911686e-17
1.00000000e+21 2787.00000000 9.6067338197e-17
1.00000000e+21 2787.80000000 9.7587443155e-17
1.00000000e+21 2788.40000000 9.9478052113e-17
1.00000000e+21 2789.20000000 1.0158233275e-16
1.00000000e+21 2790.00000000 1.0373112570e-16
1.00000000e+21 2790.80000000 1.0611030815e-16
1.00000000e+21 2791.60000000 1.0854405966e-16
1.00000000e+21 2792.40000000 1.1103363182e-16
1.00000000e+21 2793.20000000 1.1358030493e-16
1.00000000e+21 2794.00000000 1.1598289356e-16
1.00000000e+21 2794.80000000 1.1843630466e-16
1.00000000e+21 2795.60000000 1.2073082875e-16
1.00000000e+21 2796.40000000 1.2306980576e-16
1.00000000e+21 2797.00000000 1.2545409691e-16
1.00000000e+21 2797.80000000 1.2788458009e-16
1.00000000e+21 2798.60000000 1.3013494696e-16
1.00000000e+21 2799.40000000 1.3242491321e-16
1.00000000e+21 2800.20000000 1.3428586562e-16
1.00000000e+21 2801.00000000 1.3617296980e-16
1.00000000e+21 2801.80000000 1.3808659323e-16
1.00000000e+21 2802.60000000 1.3953943806e-16
1.00000000e+21 2803.40000000 1.4100756865e-16
1.00000000e+21 2804.20000000 1.4249114582e-16
1.00000000e+21 2805.00000000 1.4373937680e-16
1.00000000e+21 2805.80000000 1.4550529169e-16
1.00000000e+21 2806.40000000 1.4729290178e-16
1.00000000e+21 2807.20000000 1.4936279237e-16
1.00000000e+21 2808.00000000 1.5199110830e-16
1.00000000e+21 2808.80000000 1.5520620891e-16
1.00000000e+21 2809.60000000 1.5876602654e-16
1.00000000e+21 2810.40000000 1.6240749232e-16
1.00000000e+21 2811.20000000 1.6671308839e-16
1.00000000e+21 2812.00000000 1.7083456949e-16
1.00000000e+21 2812.80000000 1.7536357638e-16
1.00000000e+21 2813.60000000 1.7969891485e-16
1.00000000e+21 2814.40000000 1.8446292501e-16
1.00000000e+21 2815.20000000 1.8935323415e-16
1.00000000e+21 2816.00000000 1.9471254774e-16
1.00000000e+21 2816.80000000 2.0057311865e-16
1.00000000e+21 2817.60000000 2.0661008442e-16
1.00000000e+21 2818.40000000 2.1282875427e-16
1.00000000e+21 2819.20000000 2.1961736002e-16
1.00000000e+21 2820.00000000 2.2583324699e-16
1.00000000e+21 2820.80000000 2.3182032756e-16
1.00000000e+21 2821.60000000 2.3672407283e-16
1.00000000e+21 2822.40000000 2.4088967285e-16
1.00000000e+21 2823.20000000 2.4470134905e-16
1.00000000e+21 2824.00000000 2.4900732407e-16
1.00000000e+21 2824.80000000 2.5471856891e-16
1.00000000e+21 2825.60000000 2.6238523576e-16
1.00000000e+21 2826.40000000 2.7075454623e-16
1.00000000e+21 2827.20000000 2.7939081286e-16
1.00000000e+21 2828.00000000 2.8629791275e-16
1.00000000e+21 2828.80000000 2.9082809840e-16
1.00000000e+21 2829.60000000 2.9594575930e-16
1.00000000e+21 2830.40000000 3.0538555088e-16
1.00000000e+21 2831.20000000 3.2011279274e-16
1.00000000e+21 2832.00000000 3.4026570702e-16
1.00000000e+21 2832.80000000 3.5979954190e-16
1.00000000e+21 2833.60000000 3.7649358068e-16
1.00000000e+21 2834.40000000 3.9122287693e-16
1.00000000e+21 2835.20000000 4.1224131533e-16
1.00000000e+21 2836.00000000 4.4512793318e-16
1.00000000e+21 2836.80000000 4.8739243929e-16
1.00000000e+21 2837.60000000 5.3088444423e-16
1.00000000e+21 2838.40000000 5.7223676594e-16
1.00000000e+21 2839.20000000 6.2329977439e-16
1.00000000e+21 2840.00000000 6.9570358679e-16
1.00000000e+21 2840.80000000 7.8468792515e-16
1.00000000e+21 2841.60000000 8.8659907269e-16
1.00000000e+21 2842.40000000 1.0087600599e-15
1.00000000e+21 2843.20000000 1.1699891066e-15
1.00000000e+21 2844.00000000 1.3856918628e-15
1.00000000e+21 2844.80000000 1.6642253047e-15
1.00000000e+21 2845.60000000 2.0445891915e-15
1.00000000e+21 2846.40000000 2.5829810032e-15
1.00000000e+21 2847.20000000 3.3789975648e-15
1.00000000e+21 2848.00000000 4.5932619345e-15
1.00000000e+21 2848.80000000 6.5108301157e-15
1.00000000e+21 2849.60000000 9.5067112471e-15
1.00000000e+21 2850.40000000 1.3546221786e-14
1.00000000e+21 2851.40000000 1.6846712000e-14
1.00000000e+21 2852.20000000 1.6700415360e-14
1.00000000e+21 2853.00000000 1.3104614278e-14
1.00000000e+21 2853.80000000 8.8969761066e-15
1.00000000e+21 2854.60000000 5.8332298687e-15
1.00000000e+21 2855.40000000 3.9327557047e-15
1.00000000e+21 2856.20000000 2.7648187540e-15
1.00000000e+21 2857.00000000 2.0233015119e-15
1.00000000e+21 2857.80000000 1.5332255951e-15
1.00000000e+21 2858.60000000 1.1989135782e-15
1.00000000e+21 2859.40000000 9.6235062640e-16
1.00000000e+21 2860.20000000 7.8880507658e-16
1.00000000e+21 2861.20000000 6.5678653778e-16
1.00000000e+21 2862.00000000 5.5648638770e-16
1.00000000e+21 2862.80000000 4.7896417447e-16
1.00000000e+21 2863.60000000 4.2022786666e-16
1.00000000e+21 2864.40000000 3.7387572890e-16
1.00000000e+21 2865.20000000 3.3555025698e-16
1.00000000e+21 2866.00000000 3.0326213059e-16
1.00000000e+21 2866.80000000 2.7551897567e-16
1.00000000e+21 2867.60000000 2.5250659599e-16
1.00000000e+21 2868.40000000 2.3425936930e-16
1.00000000e+21 2869.40000000 2.1885250158e-16
1.00000000e+21 2870.20000000 2.0589052624e-16
1.00000000e+21 2871.00000000 1.9539304047e-16
1.00000000e+21 2871.80000000 1.8705516175e-16
1.00000000e+21 2872.60000000 1.7969891485e-16
1.00000000e+21 2873.40000000 1.7263196427e-16
1.00000000e+21 2874.20000000 1.6526535399e-16
1.00000000e+21 2875.00000000 1.5738730432e-16
1.00000000e+21 2876.00000000 1.4988479414e-16
1.00000000e+21 2876.80000000 1.4348885888e-16
1.00000000e+21 2877.60000000 1.3832767930e-16
1.00000000e+21 2878.40000000 1.3381819004e-16
1.00000000e+21 2879.20000000 1.2923008690e-16
1.00000000e+21 2880.00000000 1.2479929190e-16
1.00000000e+21 2880.80000000 1.2094161330e-16
1.00000000e+21 2881.80000000 1.1802382813e-16
1.00000000e+21 2882.60000000 1.1537752330e-16
1.00000000e+21 2883.40000000 1.1279055334e-16
1.00000000e+21 2884.20000000 1.1006941713e-16
1.00000000e+21 2885.00000000 1.0760146438e-16
1.00000000e+21 2885.80000000 1.0500551789e-16
1.00000000e+21 2886.80000000 1.0175968585e-16
1.00000000e+21 2887.60000000 9.7757821556e-17
1.00000000e+21 2888.40000000 9.3586266326e-17
1.00000000e+21 2889.20000000 9.0062802021e-17
1.00000000e+21 2890.00000000 8.7126750172e-17
1.00000000e+21 2890.80000000 8.5024767797e-17
1.00000000e+21 2891.80000000 8.3118360782e-17
1.00000000e+21 2892.60000000 8.1113083079e-17
1.00000000e+21 2893.40000000 7.8880507658e-17
1.00000000e+21 2894.20000000 7.6575688290e-17
1.00000000e+21 2895.00000000 7.4208652470e-17
1.00000000e+21 2896.00000000 7.2166116208e-17
1.00000000e+21 2896.80000000 7.0671193251e-17
1.00000000e+21 2897.60000000 6.9570358679e-17
1.00000000e+21 2898.40000000 6.8367308818e-17
1.00000000e+21 2899.20000000 6.7067968473e-17
1.00000000e+21 2900.20000000 6.5908191354e-17
1.00000000e+21 2910.20000000 5.0911768338e-17
1.00000000e+21 2918.80000000 4.3061674030e-17
1.00000000e+21 2927.20000000 3.4867775609e-17
1.00000000e+21 2935.80000000 3.1899794020e-17
1.00000000e+21 2944.60000000 2.6653704329e-17
1.00000000e+21 2953.20000000 2.3303665747e-17
1.00000000e+21 2962.00000000 1.9573417815e-17
1.00000000e+21 2970.80000000 1.7844942443e-17
1.00000000e+21 2979.60000000 1.5359024613e-17
1.00000000e+21 2988.40000000 1.4027158262e-17
1.00000000e+21 2997.40000000 1.2833151856e-17
1.00000000e+21 3006.40000000 1.1699891066e-17
1.00000000e+21 3015.60000000 1.0592537252e-17
1.00000000e+21 3024.60000000 9.8270743627e-18
1.00000000e+21 3033.80000000 8.5470881256e-18
1.00000000e+21 3043.00000000 7.8059226310e-18
1.00000000e+21 3052.40000000 7.2544762061e-18
1.00000000e+21 3061.80000000 6.3870899190e-18
1.00000000e+21 3071.20000000 5.7724959430e-18
1.00000000e+21 3080.60000000 5.5454832000e-18
1.00000000e+21 3090.00000000 5.1537246560e-18
1.00000000e+21 3099.60000000 4.6740889150e-18
1.00000000e+21 3109.40000000 4.4435213658e-18
1.00000000e+21 3119.00000000 4.2762255698e-18
1.00000000e+21 3128.80000000 4.0511260611e-18
1.00000000e+21 3138.60000000 3.4989633537e-18
1.00000000e+21 3148.40000000 3.2802662145e-18
1.00000000e+21 3158.40000000 3.3672295752e-18
1.00000000e+21 3168.40000000 3.2631449343e-18
1.00000000e+21 3178.40000000 2.9032122513e-18
1.00000000e+21 3188.60000000 2.7890387320e-18
1.00000000e+21 3198.80000000 2.7265035068e-18
1.00000000e+21 3209.00000000 2.5605504280e-18
1.00000000e+21 3219.40000000 2.2940668043e-18
1.00000000e+21 3229.80000000 2.1245782310e-18
1.00000000e+21 3240.20000000 2.0197751764e-18
1.00000000e+21 3250.80000000 1.9987458534e-18
1.00000000e+21 3261.40000000 1.9539304047e-18
1.00000000e+21 3272.00000000 1.8770889300e-18
1.00000000e+21 3282.80000000 1.7844942443e-18
1.00000000e+21 3293.60000000 1.7113283042e-18
1.00000000e+21 3304.60000000 1.6671308839e-18
1.00000000e+21 3315.40000000 1.6297508346e-18
1.00000000e+21 3326.60000000 1.5793735061e-18
1.00000000e+21 3337.60000000 1.4832423641e-18
1.00000000e+21 3348.80000000 1.3832767930e-18
1.00000000e+21 3360.00000000 1.3013494696e-18
1.00000000e+21 3371.40000000 1.2677403197e-18
1.00000000e+21 3382.80000000 1.2285531206e-18
1.00000000e+21 3394.20000000 1.1989135782e-18
1.00000000e+21 3405.80000000 1.1358030493e-18
1.00000000e+21 3417.40000000 1.0722672220e-18
1.00000000e+21 3429.20000000 1.0070019303e-18
1.00000000e+21 3441.00000000 9.6235062640e-19
1.00000000e+21 3452.80000000 9.0851757565e-19
1.00000000e+21 3464.80000000 8.6671993940e-19
1.00000000e+21 3476.80000000 8.2973496941e-19
1.00000000e+21 3489.00000000 8.0830591630e-19
1.00000000e+21 3501.20000000 7.8059226310e-19
1.00000000e+21 3513.60000000 7.5514491629e-19
1.00000000e+21 3525.80000000 7.2166116208e-19
1.00000000e+21 3538.40000000 6.8248154027e-19
1.00000000e+21 3551.00000000 6.3537526381e-19
1.00000000e+21 3563.60000000 6.0088017961e-19
1.00000000e+21 3576.40000000 5.7523921486e-19
1.00000000e+21 3589.20000000 5.4591020404e-19
1.00000000e+21 3602.20000000 5.2444140196e-19
1.00000000e+21 3615.20000000 5.0469651169e-19
1.00000000e+21 3628.20000000 4.8569500416e-19
1.00000000e+21 3641.40000000 4.6093147333e-19
1.00000000e+21 3654.80000000 4.2762255698e-19
1.00000000e+21 3668.20000000 3.8512885689e-19
1.00000000e+21 3681.60000000 3.6613088354e-19
1.00000000e+21 3695.20000000 3.5543285969e-19
1.00000000e+21 3709.00000000 3.3967267081e-19
1.00000000e+21 3722.80000000 3.1733293719e-19
1.00000000e+21 3736.80000000 3.0967709969e-19
1.00000000e+21 3750.80000000 2.9646245247e-19
1.00000000e+21 3764.80000000 2.7696458648e-19
1.00000000e+21 3779.00000000 2.5784792235e-19
1.00000000e+21 3793.40000000 2.5383146396e-19
1.00000000e+21 3807.80000000 2.5206651182e-19
1.00000000e+21 3822.40000000 2.4857333864e-19
1.00000000e+21 3837.00000000 2.3101297001e-19
1.00000000e+21 3851.80000000 2.1320033305e-19
1.00000000e+21 3866.80000000 2.0374685280e-19
1.00000000e+21 3881.80000000 1.9710469522e-19
1.00000000e+21 3896.80000000 1.8869377618e-19
1.00000000e+21 3912.20000000 1.8095715412e-19
1.00000000e+21 3927.40000000 1.7323528849e-19
1.00000000e+21 3943.00000000 1.6127823338e-19
1.00000000e+21 3958.60000000 1.4936279237e-19
1.00000000e+21 3974.40000000 1.2699536739e-19
1.00000000e+21 3990.20000000 1.1084011551e-19
1.00000000e+21 4006.20000000 1.1679499769e-19
1.00000000e+21 4022.20000000 1.1989135782e-19
1.00000000e+21 4038.60000000 1.0193734859e-19
1.00000000e+21 4042.00000000 9.9825713790e-20
