model_id,family,teff_K,logg,log_H_He,quality,status,raw_status,derived_status,source_commit,config_json,spectrum_path,spectrum_sha256,points,selected_workflow,wall_seconds,origin,error
dab-26027d441206fb42e6c3658d,DAB,12000,6,-5,production,COMPLETE_NUMERICAL,COMPLETE_NUMERICAL,COMPLETE_NUMERICAL,0a74fdbe06596fc145f5169a3b239ddd67053141,"{""abundances"":null,""allard_minimum_effective_temperature"":9000.0,""atmosphere_solver"":""adaptive-newton"",""balmer_self_broadening_prescription"":null,""balmer_self_broadening_truncation_closure"":""stark-core"",""effective_temperature"":12000,""formal_maximum_metal_lines"":null,""formal_minimum_metal_oscillator_strength"":0.0001,""h2_he_cia_path"":null,""include_molecules"":false,""log_hydrogen_to_helium"":-5,""logg"":6,""lyman_profile_source"":""allard"",""maximum_metal_charge"":4,""metal_classical_electron_stark"":false,""metal_line_supplements"":[],""mixing_length_alpha"":1.25,""neutral_broadening"":""unsold"",""photospheric_depth_concentration"":1.0,""quality"":""production"",""structure_opacity_sampling_resolution"":1000.0,""synthesis_transfer_depth_refinement"":4}",,dac928df1ff109d75cb2f1a574ec98acb2f0bc0e52e3ae5e9e3160b47787881a,18901,dab,3211.395905163001,intermediate-abundance-280,
dab-a95b53a5b2d1ed4e8db461ac,DAB,12000,6,-3,production,COMPLETE_NUMERICAL,COMPLETE_NUMERICAL,COMPLETE_NUMERICAL,0a74fdbe06596fc145f5169a3b239ddd67053141,"{""abundances"":null,""allard_minimum_effective_temperature"":9000.0,""atmosphere_solver"":""adaptive-newton"",""balmer_self_broadening_prescription"":null,""balmer_self_broadening_truncation_closure"":""stark-core"",""effective_temperature"":12000,""formal_maximum_metal_lines"":null,""formal_minimum_metal_oscillator_strength"":0.0001,""h2_he_cia_path"":null,""include_molecules"":false,""log_hydrogen_to_helium"":-3,""logg"":6,""lyman_profile_source"":""allard"",""maximum_metal_charge"":4,""metal_classical_electron_stark"":false,""metal_line_supplements"":[],""mixing_length_alpha"":1.25,""neutral_broadening"":""unsold"",""photospheric_depth_concentration"":1.0,""quality"":""production"",""structure_opacity_sampling_resolution"":1000.0,""synthesis_transfer_depth_refinement"":4}",,b5cc65e30f1647f949bb96ef1a9c4207d0a471935e0adc68e7b1ad7b04930712,18901,dab,3237.1091744660007,intermediate-abundance-280,
dab-cfc59a8dc0e979edd128bb26,DAB,12000,6,-1,production,COMPLETE_NUMERICAL,COMPLETE_NUMERICAL,COMPLETE_NUMERICAL,0a74fdbe06596fc145f5169a3b239ddd67053141,"{""abundances"":null,""allard_minimum_effective_temperature"":9000.0,""atmosphere_solver"":""adaptive-newton"",""balmer_self_broadening_prescription"":null,""balmer_self_broadening_truncation_closure"":""stark-core"",""effective_temperature"":12000,""formal_maximum_metal_lines"":null,""formal_minimum_metal_oscillator_strength"":0.0001,""h2_he_cia_path"":null,""include_molecules"":false,""log_hydrogen_to_helium"":-1,""logg"":6,""lyman_profile_source"":""allard"",""maximum_metal_charge"":4,""metal_classical_electron_stark"":false,""metal_line_supplements"":[],""mixing_length_alpha"":1.25,""neutral_broadening"":""unsold"",""photospheric_depth_concentration"":1.0,""quality"":""production"",""structure_opacity_sampling_resolution"":1000.0,""synthesis_transfer_depth_refinement"":4}",,25e26eb0a6c3534fecc6698282730d165e8de162efde78ac76ef1c9da9fe4297,18901,dab,3044.609406850999,intermediate-abundance-280,
dab-ec9d8361a70c0605c2d43dc4,DAB,12000,6,1,production,COMPLETE_NUMERICAL,COMPLETE_NUMERICAL,COMPLETE_NUMERICAL,0a74fdbe06596fc145f5169a3b239ddd67053141,"{""abundances"":null,""allard_minimum_effective_temperature"":9000.0,""atmosphere_solver"":""adaptive-newton"",""balmer_self_broadening_prescription"":null,""balmer_self_broadening_truncation_closure"":""stark-core"",""effective_temperature"":12000,""formal_maximum_metal_lines"":null,""formal_minimum_metal_oscillator_strength"":0.0001,""h2_he_cia_path"":null,""include_molecules"":false,""log_hydrogen_to_helium"":1,""logg"":6,""lyman_profile_source"":""allard"",""maximum_metal_charge"":4,""metal_classical_electron_stark"":false,""metal_line_supplements"":[],""mixing_length_alpha"":1.25,""neutral_broadening"":""unsold"",""photospheric_depth_concentration"":1.0,""quality"":""production"",""structure_opacity_sampling_resolution"":1000.0,""synthesis_transfer_depth_refinement"":4}",,3fc285c065c4248bce365587aeb04255cb295be92e3b74791b90fa53ffd5fb88,18901,dab,1893.2414278439974,intermediate-abundance-280,
dab-6573f981d4263870e3c92b01,DAB,12000,6,3,production,COMPLETE_NUMERICAL,COMPLETE_NUMERICAL,COMPLETE_NUMERICAL,0a74fdbe06596fc145f5169a3b239ddd67053141,"{""abundances"":null,""allard_minimum_effective_temperature"":9000.0,""atmosphere_solver"":""adaptive-newton"",""balmer_self_broadening_prescription"":null,""balmer_self_broadening_truncation_closure"":""stark-core"",""effective_temperature"":12000,""formal_maximum_metal_lines"":null,""formal_minimum_metal_oscillator_strength"":0.0001,""h2_he_cia_path"":null,""include_molecules"":false,""log_hydrogen_to_helium"":3,""logg"":6,""lyman_profile_source"":""allard"",""maximum_metal_charge"":4,""metal_classical_electron_stark"":false,""metal_line_supplements"":[],""mixing_length_alpha"":1.25,""neutral_broadening"":""unsold"",""photospheric_depth_concentration"":1.0,""quality"":""production"",""structure_opacity_sampling_resolution"":1000.0,""synthesis_transfer_depth_refinement"":4}",,1b0b3a0a70a798e838ed12c7f1d63a45e83add6c2f35f5802602af50474720bb,18901,dab,1301.344269197005,intermediate-abundance-280,
dab-3f583b50fa449812dcfe06e0,DAB,12000,6.5,-5,production,COMPLETE_NUMERICAL,COMPLETE_NUMERICAL,COMPLETE_NUMERICAL,0a74fdbe06596fc145f5169a3b239ddd67053141,"{""abundances"":null,""allard_minimum_effective_temperature"":9000.0,""atmosphere_solver"":""adaptive-newton"",""balmer_self_broadening_prescription"":null,""balmer_self_broadening_truncation_closure"":""stark-core"",""effective_temperature"":12000,""formal_maximum_metal_lines"":null,""formal_minimum_metal_oscillator_strength"":0.0001,""h2_he_cia_path"":null,""include_molecules"":false,""log_hydrogen_to_helium"":-5,""logg"":6.5,""lyman_profile_source"":""allard"",""maximum_metal_charge"":4,""metal_classical_electron_stark"":false,""metal_line_supplements"":[],""mixing_length_alpha"":1.25,""neutral_broadening"":""unsold"",""photospheric_depth_concentration"":1.0,""quality"":""production"",""structure_opacity_sampling_resolution"":1000.0,""synthesis_transfer_depth_refinement"":4}",,25f9dae6f4cd4662ed9955cb49a148cfe6aae5f08010a2de9025d5b61d58dfe1,18901,dab,3857.2434638749983,intermediate-abundance-280,
dab-e14b7537099219b22aac969a,DAB,12000,6.5,-3,production,COMPLETE_NUMERICAL,COMPLETE_NUMERICAL,COMPLETE_NUMERICAL,0a74fdbe06596fc145f5169a3b239ddd67053141,"{""abundances"":null,""allard_minimum_effective_temperature"":9000.0,""atmosphere_solver"":""adaptive-newton"",""balmer_self_broadening_prescription"":null,""balmer_self_broadening_truncation_closure"":""stark-core"",""effective_temperature"":12000,""formal_maximum_metal_lines"":null,""formal_minimum_metal_oscillator_strength"":0.0001,""h2_he_cia_path"":null,""include_molecules"":false,""log_hydrogen_to_helium"":-3,""logg"":6.5,""lyman_profile_source"":""allard"",""maximum_metal_charge"":4,""metal_classical_electron_stark"":false,""metal_line_supplements"":[],""mixing_length_alpha"":1.25,""neutral_broadening"":""unsold"",""photospheric_depth_concentration"":1.0,""quality"":""production"",""structure_opacity_sampling_resolution"":1000.0,""synthesis_transfer_depth_refinement"":4}",,77525d536c278a6e6a3eaffc07c99a2bb5636979be1cc8c24da0371c4c9808c7,18901,dab,2929.5329115600034,intermediate-abundance-280,
dab-2271ac2149b7f2ed66c94396,DAB,12000,6.5,-1,production,TIMEOUT,TIMEOUT,TIMEOUT,0a74fdbe06596fc145f5169a3b239ddd67053141,"{""abundances"":null,""allard_minimum_effective_temperature"":9000.0,""atmosphere_solver"":""adaptive-newton"",""balmer_self_broadening_prescription"":null,""balmer_self_broadening_truncation_closure"":""stark-core"",""effective_temperature"":12000,""formal_maximum_metal_lines"":null,""formal_minimum_metal_oscillator_strength"":0.0001,""h2_he_cia_path"":null,""include_molecules"":false,""log_hydrogen_to_helium"":-1,""logg"":6.5,""lyman_profile_source"":""allard"",""maximum_metal_charge"":4,""metal_classical_electron_stark"":false,""metal_line_supplements"":[],""mixing_length_alpha"":1.25,""neutral_broadening"":""unsold"",""photospheric_depth_concentration"":1.0,""quality"":""production"",""structure_opacity_sampling_resolution"":1000.0,""synthesis_transfer_depth_refinement"":4}",,,,,3642.1703776810027,intermediate-abundance-280,
dab-9b4fc413839089bcf2667761,DAB,12000,6.5,1,production,COMPLETE_NUMERICAL,COMPLETE_NUMERICAL,COMPLETE_NUMERICAL,0a74fdbe06596fc145f5169a3b239ddd67053141,"{""abundances"":null,""allard_minimum_effective_temperature"":9000.0,""atmosphere_solver"":""adaptive-newton"",""balmer_self_broadening_prescription"":null,""balmer_self_broadening_truncation_closure"":""stark-core"",""effective_temperature"":12000,""formal_maximum_metal_lines"":null,""formal_minimum_metal_oscillator_strength"":0.0001,""h2_he_cia_path"":null,""include_molecules"":false,""log_hydrogen_to_helium"":1,""logg"":6.5,""lyman_profile_source"":""allard"",""maximum_metal_charge"":4,""metal_classical_electron_stark"":false,""metal_line_supplements"":[],""mixing_length_alpha"":1.25,""neutral_broadening"":""unsold"",""photospheric_depth_concentration"":1.0,""quality"":""production"",""structure_opacity_sampling_resolution"":1000.0,""synthesis_transfer_depth_refinement"":4}",,59d93f04b3dc8f29c472f261eb56d3f88c61d32142ddb915301d0dd0f85d6418,18901,dab,1760.224043848997,intermediate-abundance-280,
dab-4e51998673821058bed4076a,DAB,12000,6.5,3,production,COMPLETE_NUMERICAL,COMPLETE_NUMERICAL,COMPLETE_NUMERICAL,0a74fdbe06596fc145f5169a3b239ddd67053141,"{""abundances"":null,""allard_minimum_effective_temperature"":9000.0,""atmosphere_solver"":""adaptive-newton"",""balmer_self_broadening_prescription"":null,""balmer_self_broadening_truncation_closure"":""stark-core"",""effective_temperature"":12000,""formal_maximum_metal_lines"":null,""formal_minimum_metal_oscillator_strength"":0.0001,""h2_he_cia_path"":null,""include_molecules"":false,""log_hydrogen_to_helium"":3,""logg"":6.5,""lyman_profile_source"":""allard"",""maximum_metal_charge"":4,""metal_classical_electron_stark"":false,""metal_line_supplements"":[],""mixing_length_alpha"":1.25,""neutral_broadening"":""unsold"",""photospheric_depth_concentration"":1.0,""quality"":""production"",""structure_opacity_sampling_resolution"":1000.0,""synthesis_transfer_depth_refinement"":4}",,36c21d6d4a58b0ac4372d4af60f95bb7a796d914d420c4578f4ac1d3a336f690,18901,dab,1055.8841110170033,intermediate-abundance-280,
dab-c9c77ec64c9b73def9244ff6,DAB,12000,7,-5,production,COMPLETE_NUMERICAL,COMPLETE_NUMERICAL,COMPLETE_NUMERICAL,0a74fdbe06596fc145f5169a3b239ddd67053141,"{""abundances"":null,""allard_minimum_effective_temperature"":9000.0,""atmosphere_solver"":""adaptive-newton"",""balmer_self_broadening_prescription"":null,""balmer_self_broadening_truncation_closure"":""stark-core"",""effective_temperature"":12000,""formal_maximum_metal_lines"":null,""formal_minimum_metal_oscillator_strength"":0.0001,""h2_he_cia_path"":null,""include_molecules"":false,""log_hydrogen_to_helium"":-5,""logg"":7,""lyman_profile_source"":""allard"",""maximum_metal_charge"":4,""metal_classical_electron_stark"":false,""metal_line_supplements"":[],""mixing_length_alpha"":1.25,""neutral_broadening"":""unsold"",""photospheric_depth_concentration"":1.0,""quality"":""production"",""structure_opacity_sampling_resolution"":1000.0,""synthesis_transfer_depth_refinement"":4}",,f70957786efddf846e35bf3cc5e5760e33b323f6926e1191a4db1a6648f4db6e,18901,dab,4113.532537453997,intermediate-abundance-280,
dab-b5c39b09f5da752274f6b89b,DAB,12000,7,-3,production,COMPLETE_NUMERICAL,COMPLETE_NUMERICAL,COMPLETE_NUMERICAL,0a74fdbe06596fc145f5169a3b239ddd67053141,"{""abundances"":null,""allard_minimum_effective_temperature"":9000.0,""atmosphere_solver"":""adaptive-newton"",""balmer_self_broadening_prescription"":null,""balmer_self_broadening_truncation_closure"":""stark-core"",""effective_temperature"":12000,""formal_maximum_metal_lines"":null,""formal_minimum_metal_oscillator_strength"":0.0001,""h2_he_cia_path"":null,""include_molecules"":false,""log_hydrogen_to_helium"":-3,""logg"":7,""lyman_profile_source"":""allard"",""maximum_metal_charge"":4,""metal_classical_electron_stark"":false,""metal_line_supplements"":[],""mixing_length_alpha"":1.25,""neutral_broadening"":""unsold"",""photospheric_depth_concentration"":1.0,""quality"":""production"",""structure_opacity_sampling_resolution"":1000.0,""synthesis_transfer_depth_refinement"":4}",,2b37b18a84175b1169ce7b459ef49c349addb0cbd3af840d04ae4d4a1365566c,18901,dab,4410.002251492995,intermediate-abundance-280,
dab-c859b6962e67b7f4db5ea266,DAB,12000,7,-1,production,COMPLETE_NUMERICAL,COMPLETE_NUMERICAL,COMPLETE_NUMERICAL,0a74fdbe06596fc145f5169a3b239ddd67053141,"{""abundances"":null,""allard_minimum_effective_temperature"":9000.0,""atmosphere_solver"":""adaptive-newton"",""balmer_self_broadening_prescription"":null,""balmer_self_broadening_truncation_closure"":""stark-core"",""effective_temperature"":12000,""formal_maximum_metal_lines"":null,""formal_minimum_metal_oscillator_strength"":0.0001,""h2_he_cia_path"":null,""include_molecules"":false,""log_hydrogen_to_helium"":-1,""logg"":7,""lyman_profile_source"":""allard"",""maximum_metal_charge"":4,""metal_classical_electron_stark"":false,""metal_line_supplements"":[],""mixing_length_alpha"":1.25,""neutral_broadening"":""unsold"",""photospheric_depth_concentration"":1.0,""quality"":""production"",""structure_opacity_sampling_resolution"":1000.0,""synthesis_transfer_depth_refinement"":4}",,3a74c0142afddf56138a2cb8c1ede8c9d4fb85fd950229da8b9ce158b9aec37c,18901,dab,2150.058341265001,intermediate-abundance-280,
dab-06eeee525dd277d110934b3b,DAB,12000,7,1,production,COMPLETE_NUMERICAL,COMPLETE_NUMERICAL,COMPLETE_NUMERICAL,0a74fdbe06596fc145f5169a3b239ddd67053141,"{""abundances"":null,""allard_minimum_effective_temperature"":9000.0,""atmosphere_solver"":""adaptive-newton"",""balmer_self_broadening_prescription"":null,""balmer_self_broadening_truncation_closure"":""stark-core"",""effective_temperature"":12000,""formal_maximum_metal_lines"":null,""formal_minimum_metal_oscillator_strength"":0.0001,""h2_he_cia_path"":null,""include_molecules"":false,""log_hydrogen_to_helium"":1,""logg"":7,""lyman_profile_source"":""allard"",""maximum_metal_charge"":4,""metal_classical_electron_stark"":false,""metal_line_supplements"":[],""mixing_length_alpha"":1.25,""neutral_broadening"":""unsold"",""photospheric_depth_concentration"":1.0,""quality"":""production"",""structure_opacity_sampling_resolution"":1000.0,""synthesis_transfer_depth_refinement"":4}",,9b1cfa837638d413f316170f0ebe162af17d862ba009b7bf7f50ea4abaf3f6ba,18901,dab,2300.446675316998,intermediate-abundance-280,
dab-3155ff4282ccc6a494f69cfd,DAB,12000,7,3,production,COMPLETE_NUMERICAL,COMPLETE_NUMERICAL,COMPLETE_NUMERICAL,0a74fdbe06596fc145f5169a3b239ddd67053141,"{""abundances"":null,""allard_minimum_effective_temperature"":9000.0,""atmosphere_solver"":""adaptive-newton"",""balmer_self_broadening_prescription"":null,""balmer_self_broadening_truncation_closure"":""stark-core"",""effective_temperature"":12000,""formal_maximum_metal_lines"":null,""formal_minimum_metal_oscillator_strength"":0.0001,""h2_he_cia_path"":null,""include_molecules"":false,""log_hydrogen_to_helium"":3,""logg"":7,""lyman_profile_source"":""allard"",""maximum_metal_charge"":4,""metal_classical_electron_stark"":false,""metal_line_supplements"":[],""mixing_length_alpha"":1.25,""neutral_broadening"":""unsold"",""photospheric_depth_concentration"":1.0,""quality"":""production"",""structure_opacity_sampling_resolution"":1000.0,""synthesis_transfer_depth_refinement"":4}",,382a7af8da95e0117dc529e6e4b2ace405bda1034642de71d15337312e042358,18901,dab,1255.9467877480056,intermediate-abundance-280,
dab-40a9f05326ca8747494da490,DAB,12000,7.5,-5,production,COMPLETE_NUMERICAL,COMPLETE_NUMERICAL,COMPLETE_NUMERICAL,0a74fdbe06596fc145f5169a3b239ddd67053141,"{""abundances"":null,""allard_minimum_effective_temperature"":9000.0,""atmosphere_solver"":""adaptive-newton"",""balmer_self_broadening_prescription"":null,""balmer_self_broadening_truncation_closure"":""stark-core"",""effective_temperature"":12000,""formal_maximum_metal_lines"":null,""formal_minimum_metal_oscillator_strength"":0.0001,""h2_he_cia_path"":null,""include_molecules"":false,""log_hydrogen_to_helium"":-5,""logg"":7.5,""lyman_profile_source"":""allard"",""maximum_metal_charge"":4,""metal_classical_electron_stark"":false,""metal_line_supplements"":[],""mixing_length_alpha"":1.25,""neutral_broadening"":""unsold"",""photospheric_depth_concentration"":1.0,""quality"":""production"",""structure_opacity_sampling_resolution"":1000.0,""synthesis_transfer_depth_refinement"":4}",,a5d4fc9687ae8e2c5ffc78c6c522663c34e281281593721f8c8fe2b76e9b9c5b,18901,dab,3893.2281504290004,intermediate-abundance-280,
dab-583b92cba79b2588db200c82,DAB,12000,7.5,-3,production,COMPLETE_NUMERICAL,COMPLETE_NUMERICAL,COMPLETE_NUMERICAL,0a74fdbe06596fc145f5169a3b239ddd67053141,"{""abundances"":null,""allard_minimum_effective_temperature"":9000.0,""atmosphere_solver"":""adaptive-newton"",""balmer_self_broadening_prescription"":null,""balmer_self_broadening_truncation_closure"":""stark-core"",""effective_temperature"":12000,""formal_maximum_metal_lines"":null,""formal_minimum_metal_oscillator_strength"":0.0001,""h2_he_cia_path"":null,""include_molecules"":false,""log_hydrogen_to_helium"":-3,""logg"":7.5,""lyman_profile_source"":""allard"",""maximum_metal_charge"":4,""metal_classical_electron_stark"":false,""metal_line_supplements"":[],""mixing_length_alpha"":1.25,""neutral_broadening"":""unsold"",""photospheric_depth_concentration"":1.0,""quality"":""production"",""structure_opacity_sampling_resolution"":1000.0,""synthesis_transfer_depth_refinement"":4}",,b0d5c3ef9d9ec49996e68de99727765aa6d2543fc3db83f225f9f5d3c10b393c,18901,dab,4671.509744373005,intermediate-abundance-280,
dab-57eebde0059a9fbca9d729fa,DAB,12000,7.5,-1,production,COMPLETE_NUMERICAL,COMPLETE_NUMERICAL,COMPLETE_NUMERICAL,0a74fdbe06596fc145f5169a3b239ddd67053141,"{""abundances"":null,""allard_minimum_effective_temperature"":9000.0,""atmosphere_solver"":""adaptive-newton"",""balmer_self_broadening_prescription"":null,""balmer_self_broadening_truncation_closure"":""stark-core"",""effective_temperature"":12000,""formal_maximum_metal_lines"":null,""formal_minimum_metal_oscillator_strength"":0.0001,""h2_he_cia_path"":null,""include_molecules"":false,""log_hydrogen_to_helium"":-1,""logg"":7.5,""lyman_profile_source"":""allard"",""maximum_metal_charge"":4,""metal_classical_electron_stark"":false,""metal_line_supplements"":[],""mixing_length_alpha"":1.25,""neutral_broadening"":""unsold"",""photospheric_depth_concentration"":1.0,""quality"":""production"",""structure_opacity_sampling_resolution"":1000.0,""synthesis_transfer_depth_refinement"":4}",,686d71c6545b778a55589a95bdb320d2e825d991ddcdc410cfadd13904c31b3e,18901,dab,2455.3535656250024,intermediate-abundance-280,
dab-fb0c41b94457677af0a46e19,DAB,12000,7.5,1,production,COMPLETE_NUMERICAL,COMPLETE_NUMERICAL,COMPLETE_NUMERICAL,0a74fdbe06596fc145f5169a3b239ddd67053141,"{""abundances"":null,""allard_minimum_effective_temperature"":9000.0,""atmosphere_solver"":""adaptive-newton"",""balmer_self_broadening_prescription"":null,""balmer_self_broadening_truncation_closure"":""stark-core"",""effective_temperature"":12000,""formal_maximum_metal_lines"":null,""formal_minimum_metal_oscillator_strength"":0.0001,""h2_he_cia_path"":null,""include_molecules"":false,""log_hydrogen_to_helium"":1,""logg"":7.5,""lyman_profile_source"":""allard"",""maximum_metal_charge"":4,""metal_classical_electron_stark"":false,""metal_line_supplements"":[],""mixing_length_alpha"":1.25,""neutral_broadening"":""unsold"",""photospheric_depth_concentration"":1.0,""quality"":""production"",""structure_opacity_sampling_resolution"":1000.0,""synthesis_transfer_depth_refinement"":4}",,22481b73bfa322268a0a9c4e96ec8e0678c9f34b7dac0687081bfb30d44d6ff4,18901,dab,4246.168275803997,intermediate-abundance-280,
dab-2013871d0528be6b0673c097,DAB,12000,7.5,3,production,COMPLETE_NUMERICAL,COMPLETE_NUMERICAL,COMPLETE_NUMERICAL,0a74fdbe06596fc145f5169a3b239ddd67053141,"{""abundances"":null,""allard_minimum_effective_temperature"":9000.0,""atmosphere_solver"":""adaptive-newton"",""balmer_self_broadening_prescription"":null,""balmer_self_broadening_truncation_closure"":""stark-core"",""effective_temperature"":12000,""formal_maximum_metal_lines"":null,""formal_minimum_metal_oscillator_strength"":0.0001,""h2_he_cia_path"":null,""include_molecules"":false,""log_hydrogen_to_helium"":3,""logg"":7.5,""lyman_profile_source"":""allard"",""maximum_metal_charge"":4,""metal_classical_electron_stark"":false,""metal_line_supplements"":[],""mixing_length_alpha"":1.25,""neutral_broadening"":""unsold"",""photospheric_depth_concentration"":1.0,""quality"":""production"",""structure_opacity_sampling_resolution"":1000.0,""synthesis_transfer_depth_refinement"":4}",,88e0682109af92911633fc87bdcc83be857926a462455cf3506568f720137bc4,18901,dab,2657.782377967,intermediate-abundance-280,
dab-ae2eba2e5cfdbd36b8f43596,DAB,12000,8,-5,production,COMPLETE_NUMERICAL,COMPLETE_NUMERICAL,COMPLETE_NUMERICAL,0a74fdbe06596fc145f5169a3b239ddd67053141,"{""abundances"":null,""allard_minimum_effective_temperature"":9000.0,""atmosphere_solver"":""adaptive-newton"",""balmer_self_broadening_prescription"":null,""balmer_self_broadening_truncation_closure"":""stark-core"",""effective_temperature"":12000,""formal_maximum_metal_lines"":null,""formal_minimum_metal_oscillator_strength"":0.0001,""h2_he_cia_path"":null,""include_molecules"":false,""log_hydrogen_to_helium"":-5,""logg"":8,""lyman_profile_source"":""allard"",""maximum_metal_charge"":4,""metal_classical_electron_stark"":false,""metal_line_supplements"":[],""mixing_length_alpha"":1.25,""neutral_broadening"":""unsold"",""photospheric_depth_concentration"":1.0,""quality"":""production"",""structure_opacity_sampling_resolution"":1000.0,""synthesis_transfer_depth_refinement"":4}",,4a0de5cba67cfa447b1b5230552d82aca49d7d6fbb816843bf2cdc2b44c59e96,18901,dab,3821.387787006999,intermediate-abundance-280,
dab-975c44f2be086a2fa3d7b98b,DAB,12000,8,-3,production,COMPLETE_NUMERICAL,COMPLETE_NUMERICAL,COMPLETE_NUMERICAL,0a74fdbe06596fc145f5169a3b239ddd67053141,"{""abundances"":null,""allard_minimum_effective_temperature"":9000.0,""atmosphere_solver"":""adaptive-newton"",""balmer_self_broadening_prescription"":null,""balmer_self_broadening_truncation_closure"":""stark-core"",""effective_temperature"":12000,""formal_maximum_metal_lines"":null,""formal_minimum_metal_oscillator_strength"":0.0001,""h2_he_cia_path"":null,""include_molecules"":false,""log_hydrogen_to_helium"":-3,""logg"":8,""lyman_profile_source"":""allard"",""maximum_metal_charge"":4,""metal_classical_electron_stark"":false,""metal_line_supplements"":[],""mixing_length_alpha"":1.25,""neutral_broadening"":""unsold"",""photospheric_depth_concentration"":1.0,""quality"":""production"",""structure_opacity_sampling_resolution"":1000.0,""synthesis_transfer_depth_refinement"":4}",,ff429e57955b4d07c2b577073edbec116f0cbde17c06e6e0fd2a65d94adb8bee,18901,dab,4958.458891269998,intermediate-abundance-280,
dab-009bc184c45fe0ad37c140dd,DAB,12000,8,-1,production,COMPLETE_NUMERICAL,COMPLETE_NUMERICAL,COMPLETE_NUMERICAL,0a74fdbe06596fc145f5169a3b239ddd67053141,"{""abundances"":null,""allard_minimum_effective_temperature"":9000.0,""atmosphere_solver"":""adaptive-newton"",""balmer_self_broadening_prescription"":null,""balmer_self_broadening_truncation_closure"":""stark-core"",""effective_temperature"":12000,""formal_maximum_metal_lines"":null,""formal_minimum_metal_oscillator_strength"":0.0001,""h2_he_cia_path"":null,""include_molecules"":false,""log_hydrogen_to_helium"":-1,""logg"":8,""lyman_profile_source"":""allard"",""maximum_metal_charge"":4,""metal_classical_electron_stark"":false,""metal_line_supplements"":[],""mixing_length_alpha"":1.25,""neutral_broadening"":""unsold"",""photospheric_depth_concentration"":1.0,""quality"":""production"",""structure_opacity_sampling_resolution"":1000.0,""synthesis_transfer_depth_refinement"":4}",,4d74ba52660db89b71edd78be03fe755ac44af8688f9aa62ac582d578f254a83,18901,dab,2629.082112308999,intermediate-abundance-280,
dab-af68e30c772e354809ce0875,DAB,12000,8,1,production,COMPLETE_NUMERICAL,COMPLETE_NUMERICAL,COMPLETE_NUMERICAL,0a74fdbe06596fc145f5169a3b239ddd67053141,"{""abundances"":null,""allard_minimum_effective_temperature"":9000.0,""atmosphere_solver"":""adaptive-newton"",""balmer_self_broadening_prescription"":null,""balmer_self_broadening_truncation_closure"":""stark-core"",""effective_temperature"":12000,""formal_maximum_metal_lines"":null,""formal_minimum_metal_oscillator_strength"":0.0001,""h2_he_cia_path"":null,""include_molecules"":false,""log_hydrogen_to_helium"":1,""logg"":8,""lyman_profile_source"":""allard"",""maximum_metal_charge"":4,""metal_classical_electron_stark"":false,""metal_line_supplements"":[],""mixing_length_alpha"":1.25,""neutral_broadening"":""unsold"",""photospheric_depth_concentration"":1.0,""quality"":""production"",""structure_opacity_sampling_resolution"":1000.0,""synthesis_transfer_depth_refinement"":4}",,ec233bb92b57fc67df953890c3bf179bdc477acea577a8b415a9219226a707e7,18901,dab,2699.0834336500047,intermediate-abundance-280,
dab-428450bd531bf02f6f3a3ea6,DAB,12000,8,3,production,COMPLETE_NUMERICAL,COMPLETE_NUMERICAL,COMPLETE_NUMERICAL,0a74fdbe06596fc145f5169a3b239ddd67053141,"{""abundances"":null,""allard_minimum_effective_temperature"":9000.0,""atmosphere_solver"":""adaptive-newton"",""balmer_self_broadening_prescription"":null,""balmer_self_broadening_truncation_closure"":""stark-core"",""effective_temperature"":12000,""formal_maximum_metal_lines"":null,""formal_minimum_metal_oscillator_strength"":0.0001,""h2_he_cia_path"":null,""include_molecules"":false,""log_hydrogen_to_helium"":3,""logg"":8,""lyman_profile_source"":""allard"",""maximum_metal_charge"":4,""metal_classical_electron_stark"":false,""metal_line_supplements"":[],""mixing_length_alpha"":1.25,""neutral_broadening"":""unsold"",""photospheric_depth_concentration"":1.0,""quality"":""production"",""structure_opacity_sampling_resolution"":1000.0,""synthesis_transfer_depth_refinement"":4}",,a8725f9e210dba2105e43dc36ae378a05e7a51d2af428e9dc5f43a9f8205bd87,18901,dab,1325.6071386490003,intermediate-abundance-280,
dab-553a77bbdbb44e5a614b645c,DAB,12000,8.5,-5,production,COMPLETE_NUMERICAL,COMPLETE_NUMERICAL,COMPLETE_NUMERICAL,0a74fdbe06596fc145f5169a3b239ddd67053141,"{""abundances"":null,""allard_minimum_effective_temperature"":9000.0,""atmosphere_solver"":""adaptive-newton"",""balmer_self_broadening_prescription"":null,""balmer_self_broadening_truncation_closure"":""stark-core"",""effective_temperature"":12000,""formal_maximum_metal_lines"":null,""formal_minimum_metal_oscillator_strength"":0.0001,""h2_he_cia_path"":null,""include_molecules"":false,""log_hydrogen_to_helium"":-5,""logg"":8.5,""lyman_profile_source"":""allard"",""maximum_metal_charge"":4,""metal_classical_electron_stark"":false,""metal_line_supplements"":[],""mixing_length_alpha"":1.25,""neutral_broadening"":""unsold"",""photospheric_depth_concentration"":1.0,""quality"":""production"",""structure_opacity_sampling_resolution"":1000.0,""synthesis_transfer_depth_refinement"":4}",,c5c6d3be6a582d16bc47accf40140aa92247e4bd35fc284e705b0facbef4ffaf,18901,dab,4820.084310326005,intermediate-abundance-280,
dab-cdb73478ed67a8aefbfbd2da,DAB,12000,8.5,-3,production,COMPLETE_NUMERICAL,COMPLETE_NUMERICAL,COMPLETE_NUMERICAL,0a74fdbe06596fc145f5169a3b239ddd67053141,"{""abundances"":null,""allard_minimum_effective_temperature"":9000.0,""atmosphere_solver"":""adaptive-newton"",""balmer_self_broadening_prescription"":null,""balmer_self_broadening_truncation_closure"":""stark-core"",""effective_temperature"":12000,""formal_maximum_metal_lines"":null,""formal_minimum_metal_oscillator_strength"":0.0001,""h2_he_cia_path"":null,""include_molecules"":false,""log_hydrogen_to_helium"":-3,""logg"":8.5,""lyman_profile_source"":""allard"",""maximum_metal_charge"":4,""metal_classical_electron_stark"":false,""metal_line_supplements"":[],""mixing_length_alpha"":1.25,""neutral_broadening"":""unsold"",""photospheric_depth_concentration"":1.0,""quality"":""production"",""structure_opacity_sampling_resolution"":1000.0,""synthesis_transfer_depth_refinement"":4}",,6a0a3e6e98de66e17bd7f67ea5be8bec4337886c3b9a7fdc1c868752d15e12a2,18901,dab,4205.6253866629995,intermediate-abundance-280,
dab-e33a85561a702ace5053f99e,DAB,12000,8.5,-1,production,DOMAIN_OR_UNSUPPORTED_CONFIG,DOMAIN_OR_UNSUPPORTED_CONFIG,DOMAIN_OR_UNSUPPORTED_CONFIG,0a74fdbe06596fc145f5169a3b239ddd67053141,"{""abundances"":null,""allard_minimum_effective_temperature"":9000.0,""atmosphere_solver"":""adaptive-newton"",""balmer_self_broadening_prescription"":null,""balmer_self_broadening_truncation_closure"":""stark-core"",""effective_temperature"":12000,""formal_maximum_metal_lines"":null,""formal_minimum_metal_oscillator_strength"":0.0001,""h2_he_cia_path"":null,""include_molecules"":false,""log_hydrogen_to_helium"":-1,""logg"":8.5,""lyman_profile_source"":""allard"",""maximum_metal_charge"":4,""metal_classical_electron_stark"":false,""metal_line_supplements"":[],""mixing_length_alpha"":1.25,""neutral_broadening"":""unsold"",""photospheric_depth_concentration"":1.0,""quality"":""production"",""structure_opacity_sampling_resolution"":1000.0,""synthesis_transfer_depth_refinement"":4}",,,,,66.17664292599511,intermediate-abundance-280,"ValueError: The automatic cool workflow currently requires logg=8 and quality=""production""; no different gravity/resolution is substituted"
dab-c01693fcad3b258a5a340fc6,DAB,12000,8.5,1,production,TIMEOUT,TIMEOUT,TIMEOUT,0a74fdbe06596fc145f5169a3b239ddd67053141,"{""abundances"":null,""allard_minimum_effective_temperature"":9000.0,""atmosphere_solver"":""adaptive-newton"",""balmer_self_broadening_prescription"":null,""balmer_self_broadening_truncation_closure"":""stark-core"",""effective_temperature"":12000,""formal_maximum_metal_lines"":null,""formal_minimum_metal_oscillator_strength"":0.0001,""h2_he_cia_path"":null,""include_molecules"":false,""log_hydrogen_to_helium"":1,""logg"":8.5,""lyman_profile_source"":""allard"",""maximum_metal_charge"":4,""metal_classical_electron_stark"":false,""metal_line_supplements"":[],""mixing_length_alpha"":1.25,""neutral_broadening"":""unsold"",""photospheric_depth_concentration"":1.0,""quality"":""production"",""structure_opacity_sampling_resolution"":1000.0,""synthesis_transfer_depth_refinement"":4}",,,,,3600.760840654999,intermediate-abundance-280,
dab-4b047b927d62119b72de706a,DAB,12000,8.5,3,production,COMPLETE_NUMERICAL,COMPLETE_NUMERICAL,COMPLETE_NUMERICAL,0a74fdbe06596fc145f5169a3b239ddd67053141,"{""abundances"":null,""allard_minimum_effective_temperature"":9000.0,""atmosphere_solver"":""adaptive-newton"",""balmer_self_broadening_prescription"":null,""balmer_self_broadening_truncation_closure"":""stark-core"",""effective_temperature"":12000,""formal_maximum_metal_lines"":null,""formal_minimum_metal_oscillator_strength"":0.0001,""h2_he_cia_path"":null,""include_molecules"":false,""log_hydrogen_to_helium"":3,""logg"":8.5,""lyman_profile_source"":""allard"",""maximum_metal_charge"":4,""metal_classical_electron_stark"":false,""metal_line_supplements"":[],""mixing_length_alpha"":1.25,""neutral_broadening"":""unsold"",""photospheric_depth_concentration"":1.0,""quality"":""production"",""structure_opacity_sampling_resolution"":1000.0,""synthesis_transfer_depth_refinement"":4}",,04f07d5a7cf6b3fa2b2a3a87b12bf84324647ea54989f24df59a6365e9f1e0a6,18901,dab,2166.3317029409955,intermediate-abundance-280,
dab-6a899cf09ef4590951f7f6c4,DAB,12000,9,-5,production,COMPLETE_NUMERICAL,COMPLETE_NUMERICAL,COMPLETE_NUMERICAL,0a74fdbe06596fc145f5169a3b239ddd67053141,"{""abundances"":null,""allard_minimum_effective_temperature"":9000.0,""atmosphere_solver"":""adaptive-newton"",""balmer_self_broadening_prescription"":null,""balmer_self_broadening_truncation_closure"":""stark-core"",""effective_temperature"":12000,""formal_maximum_metal_lines"":null,""formal_minimum_metal_oscillator_strength"":0.0001,""h2_he_cia_path"":null,""include_molecules"":false,""log_hydrogen_to_helium"":-5,""logg"":9,""lyman_profile_source"":""allard"",""maximum_metal_charge"":4,""metal_classical_electron_stark"":false,""metal_line_supplements"":[],""mixing_length_alpha"":1.25,""neutral_broadening"":""unsold"",""photospheric_depth_concentration"":1.0,""quality"":""production"",""structure_opacity_sampling_resolution"":1000.0,""synthesis_transfer_depth_refinement"":4}",,a6229e39dd1a4c267768e56f51cc6ddc4064200772f0bea3a964ca526620fc66,18901,dab,4984.028503097004,intermediate-abundance-280,
dab-37d166b2b0cdebb5a9c70f4e,DAB,12000,9,-3,production,COMPLETE_NUMERICAL,COMPLETE_NUMERICAL,COMPLETE_NUMERICAL,0a74fdbe06596fc145f5169a3b239ddd67053141,"{""abundances"":null,""allard_minimum_effective_temperature"":9000.0,""atmosphere_solver"":""adaptive-newton"",""balmer_self_broadening_prescription"":null,""balmer_self_broadening_truncation_closure"":""stark-core"",""effective_temperature"":12000,""formal_maximum_metal_lines"":null,""formal_minimum_metal_oscillator_strength"":0.0001,""h2_he_cia_path"":null,""include_molecules"":false,""log_hydrogen_to_helium"":-3,""logg"":9,""lyman_profile_source"":""allard"",""maximum_metal_charge"":4,""metal_classical_electron_stark"":false,""metal_line_supplements"":[],""mixing_length_alpha"":1.25,""neutral_broadening"":""unsold"",""photospheric_depth_concentration"":1.0,""quality"":""production"",""structure_opacity_sampling_resolution"":1000.0,""synthesis_transfer_depth_refinement"":4}",,6576a5a23dcc15cdbdde9332c60fd445cca8d2276ce84dc085a95f8063df8746,18901,dab,4815.2075302930025,intermediate-abundance-280,
dab-a7177f5cd6d309917f87aa36,DAB,12000,9,-1,production,DOMAIN_OR_UNSUPPORTED_CONFIG,DOMAIN_OR_UNSUPPORTED_CONFIG,DOMAIN_OR_UNSUPPORTED_CONFIG,0a74fdbe06596fc145f5169a3b239ddd67053141,"{""abundances"":null,""allard_minimum_effective_temperature"":9000.0,""atmosphere_solver"":""adaptive-newton"",""balmer_self_broadening_prescription"":null,""balmer_self_broadening_truncation_closure"":""stark-core"",""effective_temperature"":12000,""formal_maximum_metal_lines"":null,""formal_minimum_metal_oscillator_strength"":0.0001,""h2_he_cia_path"":null,""include_molecules"":false,""log_hydrogen_to_helium"":-1,""logg"":9,""lyman_profile_source"":""allard"",""maximum_metal_charge"":4,""metal_classical_electron_stark"":false,""metal_line_supplements"":[],""mixing_length_alpha"":1.25,""neutral_broadening"":""unsold"",""photospheric_depth_concentration"":1.0,""quality"":""production"",""structure_opacity_sampling_resolution"":1000.0,""synthesis_transfer_depth_refinement"":4}",,,,,63.12416498899984,intermediate-abundance-280,"ValueError: The automatic cool workflow currently requires logg=8 and quality=""production""; no different gravity/resolution is substituted"
dab-33395c2a710fac560ee9cd5d,DAB,12000,9,1,production,DOMAIN_OR_UNSUPPORTED_CONFIG,DOMAIN_OR_UNSUPPORTED_CONFIG,DOMAIN_OR_UNSUPPORTED_CONFIG,0a74fdbe06596fc145f5169a3b239ddd67053141,"{""abundances"":null,""allard_minimum_effective_temperature"":9000.0,""atmosphere_solver"":""adaptive-newton"",""balmer_self_broadening_prescription"":null,""balmer_self_broadening_truncation_closure"":""stark-core"",""effective_temperature"":12000,""formal_maximum_metal_lines"":null,""formal_minimum_metal_oscillator_strength"":0.0001,""h2_he_cia_path"":null,""include_molecules"":false,""log_hydrogen_to_helium"":1,""logg"":9,""lyman_profile_source"":""allard"",""maximum_metal_charge"":4,""metal_classical_electron_stark"":false,""metal_line_supplements"":[],""mixing_length_alpha"":1.25,""neutral_broadening"":""unsold"",""photospheric_depth_concentration"":1.0,""quality"":""production"",""structure_opacity_sampling_resolution"":1000.0,""synthesis_transfer_depth_refinement"":4}",,,,,56.62893989100121,intermediate-abundance-280,"ValueError: The automatic cool workflow currently requires logg=8 and quality=""production""; no different gravity/resolution is substituted"
dab-6e55bded7179292f563d71ba,DAB,12000,9,3,production,DOMAIN_OR_UNSUPPORTED_CONFIG,DOMAIN_OR_UNSUPPORTED_CONFIG,DOMAIN_OR_UNSUPPORTED_CONFIG,0a74fdbe06596fc145f5169a3b239ddd67053141,"{""abundances"":null,""allard_minimum_effective_temperature"":9000.0,""atmosphere_solver"":""adaptive-newton"",""balmer_self_broadening_prescription"":null,""balmer_self_broadening_truncation_closure"":""stark-core"",""effective_temperature"":12000,""formal_maximum_metal_lines"":null,""formal_minimum_metal_oscillator_strength"":0.0001,""h2_he_cia_path"":null,""include_molecules"":false,""log_hydrogen_to_helium"":3,""logg"":9,""lyman_profile_source"":""allard"",""maximum_metal_charge"":4,""metal_classical_electron_stark"":false,""metal_line_supplements"":[],""mixing_length_alpha"":1.25,""neutral_broadening"":""unsold"",""photospheric_depth_concentration"":1.0,""quality"":""production"",""structure_opacity_sampling_resolution"":1000.0,""synthesis_transfer_depth_refinement"":4}",,,,,52.37373815599858,intermediate-abundance-280,"ValueError: The automatic cool workflow currently requires logg=8 and quality=""production""; no different gravity/resolution is substituted"
dab-bc60cacfaeb25703bde4b38c,DAB,12000,9.5,-5,production,TIMEOUT,TIMEOUT,TIMEOUT,0a74fdbe06596fc145f5169a3b239ddd67053141,"{""abundances"":null,""allard_minimum_effective_temperature"":9000.0,""atmosphere_solver"":""adaptive-newton"",""balmer_self_broadening_prescription"":null,""balmer_self_broadening_truncation_closure"":""stark-core"",""effective_temperature"":12000,""formal_maximum_metal_lines"":null,""formal_minimum_metal_oscillator_strength"":0.0001,""h2_he_cia_path"":null,""include_molecules"":false,""log_hydrogen_to_helium"":-5,""logg"":9.5,""lyman_profile_source"":""allard"",""maximum_metal_charge"":4,""metal_classical_electron_stark"":false,""metal_line_supplements"":[],""mixing_length_alpha"":1.25,""neutral_broadening"":""unsold"",""photospheric_depth_concentration"":1.0,""quality"":""production"",""structure_opacity_sampling_resolution"":1000.0,""synthesis_transfer_depth_refinement"":4}",,,,,7204.213500546,intermediate-abundance-280,
dab-b46850e768bde620489d5acf,DAB,12000,9.5,-3,production,DOMAIN_OR_UNSUPPORTED_CONFIG,DOMAIN_OR_UNSUPPORTED_CONFIG,DOMAIN_OR_UNSUPPORTED_CONFIG,0a74fdbe06596fc145f5169a3b239ddd67053141,"{""abundances"":null,""allard_minimum_effective_temperature"":9000.0,""atmosphere_solver"":""adaptive-newton"",""balmer_self_broadening_prescription"":null,""balmer_self_broadening_truncation_closure"":""stark-core"",""effective_temperature"":12000,""formal_maximum_metal_lines"":null,""formal_minimum_metal_oscillator_strength"":0.0001,""h2_he_cia_path"":null,""include_molecules"":false,""log_hydrogen_to_helium"":-3,""logg"":9.5,""lyman_profile_source"":""allard"",""maximum_metal_charge"":4,""metal_classical_electron_stark"":false,""metal_line_supplements"":[],""mixing_length_alpha"":1.25,""neutral_broadening"":""unsold"",""photospheric_depth_concentration"":1.0,""quality"":""production"",""structure_opacity_sampling_resolution"":1000.0,""synthesis_transfer_depth_refinement"":4}",,,,,87.56776573700336,intermediate-abundance-280,"ValueError: The automatic cool workflow currently requires logg=8 and quality=""production""; no different gravity/resolution is substituted"
dab-ab7c6cd2e86a7fdd64973025,DAB,12000,9.5,-1,production,DOMAIN_OR_UNSUPPORTED_CONFIG,DOMAIN_OR_UNSUPPORTED_CONFIG,DOMAIN_OR_UNSUPPORTED_CONFIG,0a74fdbe06596fc145f5169a3b239ddd67053141,"{""abundances"":null,""allard_minimum_effective_temperature"":9000.0,""atmosphere_solver"":""adaptive-newton"",""balmer_self_broadening_prescription"":null,""balmer_self_broadening_truncation_closure"":""stark-core"",""effective_temperature"":12000,""formal_maximum_metal_lines"":null,""formal_minimum_metal_oscillator_strength"":0.0001,""h2_he_cia_path"":null,""include_molecules"":false,""log_hydrogen_to_helium"":-1,""logg"":9.5,""lyman_profile_source"":""allard"",""maximum_metal_charge"":4,""metal_classical_electron_stark"":false,""metal_line_supplements"":[],""mixing_length_alpha"":1.25,""neutral_broadening"":""unsold"",""photospheric_depth_concentration"":1.0,""quality"":""production"",""structure_opacity_sampling_resolution"":1000.0,""synthesis_transfer_depth_refinement"":4}",,,,,63.0498838909989,intermediate-abundance-280,"ValueError: The automatic cool workflow currently requires logg=8 and quality=""production""; no different gravity/resolution is substituted"
dab-2b00481637d7ec17c512728d,DAB,12000,9.5,1,production,DOMAIN_OR_UNSUPPORTED_CONFIG,DOMAIN_OR_UNSUPPORTED_CONFIG,DOMAIN_OR_UNSUPPORTED_CONFIG,0a74fdbe06596fc145f5169a3b239ddd67053141,"{""abundances"":null,""allard_minimum_effective_temperature"":9000.0,""atmosphere_solver"":""adaptive-newton"",""balmer_self_broadening_prescription"":null,""balmer_self_broadening_truncation_closure"":""stark-core"",""effective_temperature"":12000,""formal_maximum_metal_lines"":null,""formal_minimum_metal_oscillator_strength"":0.0001,""h2_he_cia_path"":null,""include_molecules"":false,""log_hydrogen_to_helium"":1,""logg"":9.5,""lyman_profile_source"":""allard"",""maximum_metal_charge"":4,""metal_classical_electron_stark"":false,""metal_line_supplements"":[],""mixing_length_alpha"":1.25,""neutral_broadening"":""unsold"",""photospheric_depth_concentration"":1.0,""quality"":""production"",""structure_opacity_sampling_resolution"":1000.0,""synthesis_transfer_depth_refinement"":4}",,,,,52.07140470200102,intermediate-abundance-280,"ValueError: The automatic cool workflow currently requires logg=8 and quality=""production""; no different gravity/resolution is substituted"
dab-689ed28412899468698a7038,DAB,12000,9.5,3,production,DOMAIN_OR_UNSUPPORTED_CONFIG,DOMAIN_OR_UNSUPPORTED_CONFIG,DOMAIN_OR_UNSUPPORTED_CONFIG,0a74fdbe06596fc145f5169a3b239ddd67053141,"{""abundances"":null,""allard_minimum_effective_temperature"":9000.0,""atmosphere_solver"":""adaptive-newton"",""balmer_self_broadening_prescription"":null,""balmer_self_broadening_truncation_closure"":""stark-core"",""effective_temperature"":12000,""formal_maximum_metal_lines"":null,""formal_minimum_metal_oscillator_strength"":0.0001,""h2_he_cia_path"":null,""include_molecules"":false,""log_hydrogen_to_helium"":3,""logg"":9.5,""lyman_profile_source"":""allard"",""maximum_metal_charge"":4,""metal_classical_electron_stark"":false,""metal_line_supplements"":[],""mixing_length_alpha"":1.25,""neutral_broadening"":""unsold"",""photospheric_depth_concentration"":1.0,""quality"":""production"",""structure_opacity_sampling_resolution"":1000.0,""synthesis_transfer_depth_refinement"":4}",,,,,52.06227401500655,intermediate-abundance-280,"ValueError: The automatic cool workflow currently requires logg=8 and quality=""production""; no different gravity/resolution is substituted"
dab-fff8a7f5927c3d335126fa1d,DAB,15000,6,-5,production,COMPLETE_NUMERICAL,COMPLETE_NUMERICAL,COMPLETE_NUMERICAL,0a74fdbe06596fc145f5169a3b239ddd67053141,"{""abundances"":null,""allard_minimum_effective_temperature"":9000.0,""atmosphere_solver"":""adaptive-newton"",""balmer_self_broadening_prescription"":null,""balmer_self_broadening_truncation_closure"":""stark-core"",""effective_temperature"":15000,""formal_maximum_metal_lines"":null,""formal_minimum_metal_oscillator_strength"":0.0001,""h2_he_cia_path"":null,""include_molecules"":false,""log_hydrogen_to_helium"":-5,""logg"":6,""lyman_profile_source"":""allard"",""maximum_metal_charge"":4,""metal_classical_electron_stark"":false,""metal_line_supplements"":[],""mixing_length_alpha"":1.25,""neutral_broadening"":""unsold"",""photospheric_depth_concentration"":1.0,""quality"":""production"",""structure_opacity_sampling_resolution"":1000.0,""synthesis_transfer_depth_refinement"":4}",,599527d5199ed59b8feba0315e17780c63be5b4101b1d78cd3f7d364f6ffc1c7,18901,dab,1750.8614140329955,intermediate-abundance-280,
dab-cc49e537a8001611e20e6590,DAB,15000,6,-3,production,COMPLETE_NUMERICAL,COMPLETE_NUMERICAL,COMPLETE_NUMERICAL,0a74fdbe06596fc145f5169a3b239ddd67053141,"{""abundances"":null,""allard_minimum_effective_temperature"":9000.0,""atmosphere_solver"":""adaptive-newton"",""balmer_self_broadening_prescription"":null,""balmer_self_broadening_truncation_closure"":""stark-core"",""effective_temperature"":15000,""formal_maximum_metal_lines"":null,""formal_minimum_metal_oscillator_strength"":0.0001,""h2_he_cia_path"":null,""include_molecules"":false,""log_hydrogen_to_helium"":-3,""logg"":6,""lyman_profile_source"":""allard"",""maximum_metal_charge"":4,""metal_classical_electron_stark"":false,""metal_line_supplements"":[],""mixing_length_alpha"":1.25,""neutral_broadening"":""unsold"",""photospheric_depth_concentration"":1.0,""quality"":""production"",""structure_opacity_sampling_resolution"":1000.0,""synthesis_transfer_depth_refinement"":4}",,22c5455a851c669695c3b840e93640f23ca5b963b5cb7b2b2ec4a38d5db0fcc9,18901,dab,2622.161972018999,intermediate-abundance-280,
dab-171e512fc4a09b75ce122bf1,DAB,15000,6,-1,production,COMPLETE_NUMERICAL,COMPLETE_NUMERICAL,COMPLETE_NUMERICAL,0a74fdbe06596fc145f5169a3b239ddd67053141,"{""abundances"":null,""allard_minimum_effective_temperature"":9000.0,""atmosphere_solver"":""adaptive-newton"",""balmer_self_broadening_prescription"":null,""balmer_self_broadening_truncation_closure"":""stark-core"",""effective_temperature"":15000,""formal_maximum_metal_lines"":null,""formal_minimum_metal_oscillator_strength"":0.0001,""h2_he_cia_path"":null,""include_molecules"":false,""log_hydrogen_to_helium"":-1,""logg"":6,""lyman_profile_source"":""allard"",""maximum_metal_charge"":4,""metal_classical_electron_stark"":false,""metal_line_supplements"":[],""mixing_length_alpha"":1.25,""neutral_broadening"":""unsold"",""photospheric_depth_concentration"":1.0,""quality"":""production"",""structure_opacity_sampling_resolution"":1000.0,""synthesis_transfer_depth_refinement"":4}",,6b5e0b4779ce2da77e386b51678c7d3db96489699d02fe440494782f1178dfb0,18901,dab,2055.4603015859975,intermediate-abundance-280,
dab-cfff01148a9fe79217985d32,DAB,15000,6,1,production,COMPLETE_NUMERICAL,COMPLETE_NUMERICAL,COMPLETE_NUMERICAL,0a74fdbe06596fc145f5169a3b239ddd67053141,"{""abundances"":null,""allard_minimum_effective_temperature"":9000.0,""atmosphere_solver"":""adaptive-newton"",""balmer_self_broadening_prescription"":null,""balmer_self_broadening_truncation_closure"":""stark-core"",""effective_temperature"":15000,""formal_maximum_metal_lines"":null,""formal_minimum_metal_oscillator_strength"":0.0001,""h2_he_cia_path"":null,""include_molecules"":false,""log_hydrogen_to_helium"":1,""logg"":6,""lyman_profile_source"":""allard"",""maximum_metal_charge"":4,""metal_classical_electron_stark"":false,""metal_line_supplements"":[],""mixing_length_alpha"":1.25,""neutral_broadening"":""unsold"",""photospheric_depth_concentration"":1.0,""quality"":""production"",""structure_opacity_sampling_resolution"":1000.0,""synthesis_transfer_depth_refinement"":4}",,ed52b83d64ce0aa4d623518dbe2d9370de0cb1316dc6f4a36c6cbf02d7623f6d,18901,dab,1347.011970558,intermediate-abundance-280,
dab-7d4c8b39f19cf645c04ae7cb,DAB,15000,6,3,production,COMPLETE_NUMERICAL,COMPLETE_NUMERICAL,COMPLETE_NUMERICAL,0a74fdbe06596fc145f5169a3b239ddd67053141,"{""abundances"":null,""allard_minimum_effective_temperature"":9000.0,""atmosphere_solver"":""adaptive-newton"",""balmer_self_broadening_prescription"":null,""balmer_self_broadening_truncation_closure"":""stark-core"",""effective_temperature"":15000,""formal_maximum_metal_lines"":null,""formal_minimum_metal_oscillator_strength"":0.0001,""h2_he_cia_path"":null,""include_molecules"":false,""log_hydrogen_to_helium"":3,""logg"":6,""lyman_profile_source"":""allard"",""maximum_metal_charge"":4,""metal_classical_electron_stark"":false,""metal_line_supplements"":[],""mixing_length_alpha"":1.25,""neutral_broadening"":""unsold"",""photospheric_depth_concentration"":1.0,""quality"":""production"",""structure_opacity_sampling_resolution"":1000.0,""synthesis_transfer_depth_refinement"":4}",,b421c97c3245a5d0d0f205fa05171b1a41ffaf199fc7277f59b37ab1d9c1fd51,18901,dab,948.8432878250023,intermediate-abundance-280,
dab-d444e397954b5f944a2cb1b6,DAB,15000,6.5,-5,production,COMPLETE_NUMERICAL,COMPLETE_NUMERICAL,COMPLETE_NUMERICAL,0a74fdbe06596fc145f5169a3b239ddd67053141,"{""abundances"":null,""allard_minimum_effective_temperature"":9000.0,""atmosphere_solver"":""adaptive-newton"",""balmer_self_broadening_prescription"":null,""balmer_self_broadening_truncation_closure"":""stark-core"",""effective_temperature"":15000,""formal_maximum_metal_lines"":null,""formal_minimum_metal_oscillator_strength"":0.0001,""h2_he_cia_path"":null,""include_molecules"":false,""log_hydrogen_to_helium"":-5,""logg"":6.5,""lyman_profile_source"":""allard"",""maximum_metal_charge"":4,""metal_classical_electron_stark"":false,""metal_line_supplements"":[],""mixing_length_alpha"":1.25,""neutral_broadening"":""unsold"",""photospheric_depth_concentration"":1.0,""quality"":""production"",""structure_opacity_sampling_resolution"":1000.0,""synthesis_transfer_depth_refinement"":4}",,ece366dbc7f3fadfe9bbb1812a7a144a378a3d7819a0b80550152061c3fc9090,18901,dab,1910.0047439100017,intermediate-abundance-280,
dab-d10a8a1a3321e4eb2c278e82,DAB,15000,6.5,-3,production,COMPLETE_NUMERICAL,COMPLETE_NUMERICAL,COMPLETE_NUMERICAL,0a74fdbe06596fc145f5169a3b239ddd67053141,"{""abundances"":null,""allard_minimum_effective_temperature"":9000.0,""atmosphere_solver"":""adaptive-newton"",""balmer_self_broadening_prescription"":null,""balmer_self_broadening_truncation_closure"":""stark-core"",""effective_temperature"":15000,""formal_maximum_metal_lines"":null,""formal_minimum_metal_oscillator_strength"":0.0001,""h2_he_cia_path"":null,""include_molecules"":false,""log_hydrogen_to_helium"":-3,""logg"":6.5,""lyman_profile_source"":""allard"",""maximum_metal_charge"":4,""metal_classical_electron_stark"":false,""metal_line_supplements"":[],""mixing_length_alpha"":1.25,""neutral_broadening"":""unsold"",""photospheric_depth_concentration"":1.0,""quality"":""production"",""structure_opacity_sampling_resolution"":1000.0,""synthesis_transfer_depth_refinement"":4}",,127827f504fd8464dfdb81941b031a8328b34598d59b563b846004792eee27b8,18901,dab,2278.9578513779998,intermediate-abundance-280,
dab-8e3a61df81233b484713f829,DAB,15000,6.5,-1,production,COMPLETE_NUMERICAL,COMPLETE_NUMERICAL,COMPLETE_NUMERICAL,0a74fdbe06596fc145f5169a3b239ddd67053141,"{""abundances"":null,""allard_minimum_effective_temperature"":9000.0,""atmosphere_solver"":""adaptive-newton"",""balmer_self_broadening_prescription"":null,""balmer_self_broadening_truncation_closure"":""stark-core"",""effective_temperature"":15000,""formal_maximum_metal_lines"":null,""formal_minimum_metal_oscillator_strength"":0.0001,""h2_he_cia_path"":null,""include_molecules"":false,""log_hydrogen_to_helium"":-1,""logg"":6.5,""lyman_profile_source"":""allard"",""maximum_metal_charge"":4,""metal_classical_electron_stark"":false,""metal_line_supplements"":[],""mixing_length_alpha"":1.25,""neutral_broadening"":""unsold"",""photospheric_depth_concentration"":1.0,""quality"":""production"",""structure_opacity_sampling_resolution"":1000.0,""synthesis_transfer_depth_refinement"":4}",,fa1659f749ad249e7fc6edf0c6257b66e35ba551af4f17a0456b76772da321b9,18901,dab,2001.513959750002,intermediate-abundance-280,
dab-2f928e146bf3b661b00466ab,DAB,15000,6.5,1,production,COMPLETE_NUMERICAL,COMPLETE_NUMERICAL,COMPLETE_NUMERICAL,0a74fdbe06596fc145f5169a3b239ddd67053141,"{""abundances"":null,""allard_minimum_effective_temperature"":9000.0,""atmosphere_solver"":""adaptive-newton"",""balmer_self_broadening_prescription"":null,""balmer_self_broadening_truncation_closure"":""stark-core"",""effective_temperature"":15000,""formal_maximum_metal_lines"":null,""formal_minimum_metal_oscillator_strength"":0.0001,""h2_he_cia_path"":null,""include_molecules"":false,""log_hydrogen_to_helium"":1,""logg"":6.5,""lyman_profile_source"":""allard"",""maximum_metal_charge"":4,""metal_classical_electron_stark"":false,""metal_line_supplements"":[],""mixing_length_alpha"":1.25,""neutral_broadening"":""unsold"",""photospheric_depth_concentration"":1.0,""quality"":""production"",""structure_opacity_sampling_resolution"":1000.0,""synthesis_transfer_depth_refinement"":4}",,235ce0d0065a50d1ff36e0c6e9097cc1451de6b72cf754edc7a4d7194679e9a2,18901,dab,1582.6010164859981,intermediate-abundance-280,
dab-0c3ce445e14e703453d22e17,DAB,15000,6.5,3,production,COMPLETE_NUMERICAL,COMPLETE_NUMERICAL,COMPLETE_NUMERICAL,0a74fdbe06596fc145f5169a3b239ddd67053141,"{""abundances"":null,""allard_minimum_effective_temperature"":9000.0,""atmosphere_solver"":""adaptive-newton"",""balmer_self_broadening_prescription"":null,""balmer_self_broadening_truncation_closure"":""stark-core"",""effective_temperature"":15000,""formal_maximum_metal_lines"":null,""formal_minimum_metal_oscillator_strength"":0.0001,""h2_he_cia_path"":null,""include_molecules"":false,""log_hydrogen_to_helium"":3,""logg"":6.5,""lyman_profile_source"":""allard"",""maximum_metal_charge"":4,""metal_classical_electron_stark"":false,""metal_line_supplements"":[],""mixing_length_alpha"":1.25,""neutral_broadening"":""unsold"",""photospheric_depth_concentration"":1.0,""quality"":""production"",""structure_opacity_sampling_resolution"":1000.0,""synthesis_transfer_depth_refinement"":4}",,481003f028d198c54aad95183645ee231629ec02fb472abf7f3d720b44748444,18901,dab,969.3151804269946,intermediate-abundance-280,
dab-5d0a9a006f69159e312fcc7f,DAB,15000,7,-5,production,COMPLETE_NUMERICAL,COMPLETE_NUMERICAL,COMPLETE_NUMERICAL,0a74fdbe06596fc145f5169a3b239ddd67053141,"{""abundances"":null,""allard_minimum_effective_temperature"":9000.0,""atmosphere_solver"":""adaptive-newton"",""balmer_self_broadening_prescription"":null,""balmer_self_broadening_truncation_closure"":""stark-core"",""effective_temperature"":15000,""formal_maximum_metal_lines"":null,""formal_minimum_metal_oscillator_strength"":0.0001,""h2_he_cia_path"":null,""include_molecules"":false,""log_hydrogen_to_helium"":-5,""logg"":7,""lyman_profile_source"":""allard"",""maximum_metal_charge"":4,""metal_classical_electron_stark"":false,""metal_line_supplements"":[],""mixing_length_alpha"":1.25,""neutral_broadening"":""unsold"",""photospheric_depth_concentration"":1.0,""quality"":""production"",""structure_opacity_sampling_resolution"":1000.0,""synthesis_transfer_depth_refinement"":4}",,0a198ca3ffe4b4f95f1e53a34923e26cc343e3a7cb947611c912e12bf975f7ea,18901,dab,2089.552695298,intermediate-abundance-280,
dab-a169ec7ebfa71d2add5791db,DAB,15000,7,-3,production,COMPLETE_NUMERICAL,COMPLETE_NUMERICAL,COMPLETE_NUMERICAL,0a74fdbe06596fc145f5169a3b239ddd67053141,"{""abundances"":null,""allard_minimum_effective_temperature"":9000.0,""atmosphere_solver"":""adaptive-newton"",""balmer_self_broadening_prescription"":null,""balmer_self_broadening_truncation_closure"":""stark-core"",""effective_temperature"":15000,""formal_maximum_metal_lines"":null,""formal_minimum_metal_oscillator_strength"":0.0001,""h2_he_cia_path"":null,""include_molecules"":false,""log_hydrogen_to_helium"":-3,""logg"":7,""lyman_profile_source"":""allard"",""maximum_metal_charge"":4,""metal_classical_electron_stark"":false,""metal_line_supplements"":[],""mixing_length_alpha"":1.25,""neutral_broadening"":""unsold"",""photospheric_depth_concentration"":1.0,""quality"":""production"",""structure_opacity_sampling_resolution"":1000.0,""synthesis_transfer_depth_refinement"":4}",,5440b836f79dc8fac328ab65c03f0b4523d072aa62775bb08dc62e5739472690,18901,dab,2869.548950345001,intermediate-abundance-280,
dab-c6ce668d4577a961205ce14c,DAB,15000,7,-1,production,COMPLETE_NUMERICAL,COMPLETE_NUMERICAL,COMPLETE_NUMERICAL,0a74fdbe06596fc145f5169a3b239ddd67053141,"{""abundances"":null,""allard_minimum_effective_temperature"":9000.0,""atmosphere_solver"":""adaptive-newton"",""balmer_self_broadening_prescription"":null,""balmer_self_broadening_truncation_closure"":""stark-core"",""effective_temperature"":15000,""formal_maximum_metal_lines"":null,""formal_minimum_metal_oscillator_strength"":0.0001,""h2_he_cia_path"":null,""include_molecules"":false,""log_hydrogen_to_helium"":-1,""logg"":7,""lyman_profile_source"":""allard"",""maximum_metal_charge"":4,""metal_classical_electron_stark"":false,""metal_line_supplements"":[],""mixing_length_alpha"":1.25,""neutral_broadening"":""unsold"",""photospheric_depth_concentration"":1.0,""quality"":""production"",""structure_opacity_sampling_resolution"":1000.0,""synthesis_transfer_depth_refinement"":4}",,c56d4a4116e460eec8dda1518df2a307c37eca558b673721eca882b16f69c85b,18901,dab,1715.1501872549998,intermediate-abundance-280,
dab-824500efb07153303f536ac2,DAB,15000,7,1,production,COMPLETE_NUMERICAL,COMPLETE_NUMERICAL,COMPLETE_NUMERICAL,0a74fdbe06596fc145f5169a3b239ddd67053141,"{""abundances"":null,""allard_minimum_effective_temperature"":9000.0,""atmosphere_solver"":""adaptive-newton"",""balmer_self_broadening_prescription"":null,""balmer_self_broadening_truncation_closure"":""stark-core"",""effective_temperature"":15000,""formal_maximum_metal_lines"":null,""formal_minimum_metal_oscillator_strength"":0.0001,""h2_he_cia_path"":null,""include_molecules"":false,""log_hydrogen_to_helium"":1,""logg"":7,""lyman_profile_source"":""allard"",""maximum_metal_charge"":4,""metal_classical_electron_stark"":false,""metal_line_supplements"":[],""mixing_length_alpha"":1.25,""neutral_broadening"":""unsold"",""photospheric_depth_concentration"":1.0,""quality"":""production"",""structure_opacity_sampling_resolution"":1000.0,""synthesis_transfer_depth_refinement"":4}",,a826190018d4d6d0ceb764663d8ddcbdaca6de7def6c1fef47f62ade106b5264,18901,dab,1561.4092027379957,intermediate-abundance-280,
dab-698d48185ffb2f8bc6d27774,DAB,15000,7,3,production,COMPLETE_NUMERICAL,COMPLETE_NUMERICAL,COMPLETE_NUMERICAL,0a74fdbe06596fc145f5169a3b239ddd67053141,"{""abundances"":null,""allard_minimum_effective_temperature"":9000.0,""atmosphere_solver"":""adaptive-newton"",""balmer_self_broadening_prescription"":null,""balmer_self_broadening_truncation_closure"":""stark-core"",""effective_temperature"":15000,""formal_maximum_metal_lines"":null,""formal_minimum_metal_oscillator_strength"":0.0001,""h2_he_cia_path"":null,""include_molecules"":false,""log_hydrogen_to_helium"":3,""logg"":7,""lyman_profile_source"":""allard"",""maximum_metal_charge"":4,""metal_classical_electron_stark"":false,""metal_line_supplements"":[],""mixing_length_alpha"":1.25,""neutral_broadening"":""unsold"",""photospheric_depth_concentration"":1.0,""quality"":""production"",""structure_opacity_sampling_resolution"":1000.0,""synthesis_transfer_depth_refinement"":4}",,43f3e284065b07e3a14f6b110ffca8b1a8aa0258344041e62008d3a22806a20b,18901,dab,1331.129199875002,intermediate-abundance-280,
dab-0c7f505cf5e963f663a5e039,DAB,15000,7.5,-5,production,COMPLETE_NUMERICAL,COMPLETE_NUMERICAL,COMPLETE_NUMERICAL,0a74fdbe06596fc145f5169a3b239ddd67053141,"{""abundances"":null,""allard_minimum_effective_temperature"":9000.0,""atmosphere_solver"":""adaptive-newton"",""balmer_self_broadening_prescription"":null,""balmer_self_broadening_truncation_closure"":""stark-core"",""effective_temperature"":15000,""formal_maximum_metal_lines"":null,""formal_minimum_metal_oscillator_strength"":0.0001,""h2_he_cia_path"":null,""include_molecules"":false,""log_hydrogen_to_helium"":-5,""logg"":7.5,""lyman_profile_source"":""allard"",""maximum_metal_charge"":4,""metal_classical_electron_stark"":false,""metal_line_supplements"":[],""mixing_length_alpha"":1.25,""neutral_broadening"":""unsold"",""photospheric_depth_concentration"":1.0,""quality"":""production"",""structure_opacity_sampling_resolution"":1000.0,""synthesis_transfer_depth_refinement"":4}",,4c919af42c9b6b004c194e22ae565238ef2713a5b29d45946e20d03e33689833,18901,dab,2490.2519277819956,intermediate-abundance-280,
dab-0e7924bc42fc3adb21175488,DAB,15000,7.5,-3,production,COMPLETE_NUMERICAL,COMPLETE_NUMERICAL,COMPLETE_NUMERICAL,0a74fdbe06596fc145f5169a3b239ddd67053141,"{""abundances"":null,""allard_minimum_effective_temperature"":9000.0,""atmosphere_solver"":""adaptive-newton"",""balmer_self_broadening_prescription"":null,""balmer_self_broadening_truncation_closure"":""stark-core"",""effective_temperature"":15000,""formal_maximum_metal_lines"":null,""formal_minimum_metal_oscillator_strength"":0.0001,""h2_he_cia_path"":null,""include_molecules"":false,""log_hydrogen_to_helium"":-3,""logg"":7.5,""lyman_profile_source"":""allard"",""maximum_metal_charge"":4,""metal_classical_electron_stark"":false,""metal_line_supplements"":[],""mixing_length_alpha"":1.25,""neutral_broadening"":""unsold"",""photospheric_depth_concentration"":1.0,""quality"":""production"",""structure_opacity_sampling_resolution"":1000.0,""synthesis_transfer_depth_refinement"":4}",,29d26c4332f711b28bb992f27fea97e443d1778192c9c091dd50bc883684d8b1,18901,dab,2367.2196155390047,intermediate-abundance-280,
dab-fbd19fb0355aa80ffcbdcd50,DAB,15000,7.5,-1,production,COMPLETE_NUMERICAL,COMPLETE_NUMERICAL,COMPLETE_NUMERICAL,0a74fdbe06596fc145f5169a3b239ddd67053141,"{""abundances"":null,""allard_minimum_effective_temperature"":9000.0,""atmosphere_solver"":""adaptive-newton"",""balmer_self_broadening_prescription"":null,""balmer_self_broadening_truncation_closure"":""stark-core"",""effective_temperature"":15000,""formal_maximum_metal_lines"":null,""formal_minimum_metal_oscillator_strength"":0.0001,""h2_he_cia_path"":null,""include_molecules"":false,""log_hydrogen_to_helium"":-1,""logg"":7.5,""lyman_profile_source"":""allard"",""maximum_metal_charge"":4,""metal_classical_electron_stark"":false,""metal_line_supplements"":[],""mixing_length_alpha"":1.25,""neutral_broadening"":""unsold"",""photospheric_depth_concentration"":1.0,""quality"":""production"",""structure_opacity_sampling_resolution"":1000.0,""synthesis_transfer_depth_refinement"":4}",,64a18e55ca9694cc5c57843a7b60989c05b1a9e30e8c3f7437ad25635a2a7d32,18901,dab,2216.4585205990006,intermediate-abundance-280,
dab-3fe735e13df6f306cb3b8955,DAB,15000,7.5,1,production,COMPLETE_NUMERICAL,COMPLETE_NUMERICAL,COMPLETE_NUMERICAL,0a74fdbe06596fc145f5169a3b239ddd67053141,"{""abundances"":null,""allard_minimum_effective_temperature"":9000.0,""atmosphere_solver"":""adaptive-newton"",""balmer_self_broadening_prescription"":null,""balmer_self_broadening_truncation_closure"":""stark-core"",""effective_temperature"":15000,""formal_maximum_metal_lines"":null,""formal_minimum_metal_oscillator_strength"":0.0001,""h2_he_cia_path"":null,""include_molecules"":false,""log_hydrogen_to_helium"":1,""logg"":7.5,""lyman_profile_source"":""allard"",""maximum_metal_charge"":4,""metal_classical_electron_stark"":false,""metal_line_supplements"":[],""mixing_length_alpha"":1.25,""neutral_broadening"":""unsold"",""photospheric_depth_concentration"":1.0,""quality"":""production"",""structure_opacity_sampling_resolution"":1000.0,""synthesis_transfer_depth_refinement"":4}",,7891ffa0c4ad188d8bee97e21bcf2b2a8e478f480daf92f2c35088e9e96b3522,18901,dab,1731.194044554999,intermediate-abundance-280,
dab-a8e1d51647623684c3fcfd49,DAB,15000,7.5,3,production,COMPLETE_NUMERICAL,COMPLETE_NUMERICAL,COMPLETE_NUMERICAL,0a74fdbe06596fc145f5169a3b239ddd67053141,"{""abundances"":null,""allard_minimum_effective_temperature"":9000.0,""atmosphere_solver"":""adaptive-newton"",""balmer_self_broadening_prescription"":null,""balmer_self_broadening_truncation_closure"":""stark-core"",""effective_temperature"":15000,""formal_maximum_metal_lines"":null,""formal_minimum_metal_oscillator_strength"":0.0001,""h2_he_cia_path"":null,""include_molecules"":false,""log_hydrogen_to_helium"":3,""logg"":7.5,""lyman_profile_source"":""allard"",""maximum_metal_charge"":4,""metal_classical_electron_stark"":false,""metal_line_supplements"":[],""mixing_length_alpha"":1.25,""neutral_broadening"":""unsold"",""photospheric_depth_concentration"":1.0,""quality"":""production"",""structure_opacity_sampling_resolution"":1000.0,""synthesis_transfer_depth_refinement"":4}",,bff1d3db8e8e53736756c9d4d3afd65cb2072d0f43adb10af5b0f0001422cedc,18901,dab,1566.2648996289936,intermediate-abundance-280,
dab-9b91e356c2fe49530efaa640,DAB,15000,8,-5,production,COMPLETE_NUMERICAL,COMPLETE_NUMERICAL,COMPLETE_NUMERICAL,0a74fdbe06596fc145f5169a3b239ddd67053141,"{""abundances"":null,""allard_minimum_effective_temperature"":9000.0,""atmosphere_solver"":""adaptive-newton"",""balmer_self_broadening_prescription"":null,""balmer_self_broadening_truncation_closure"":""stark-core"",""effective_temperature"":15000,""formal_maximum_metal_lines"":null,""formal_minimum_metal_oscillator_strength"":0.0001,""h2_he_cia_path"":null,""include_molecules"":false,""log_hydrogen_to_helium"":-5,""logg"":8,""lyman_profile_source"":""allard"",""maximum_metal_charge"":4,""metal_classical_electron_stark"":false,""metal_line_supplements"":[],""mixing_length_alpha"":1.25,""neutral_broadening"":""unsold"",""photospheric_depth_concentration"":1.0,""quality"":""production"",""structure_opacity_sampling_resolution"":1000.0,""synthesis_transfer_depth_refinement"":4}",,a7bef616cd9b328278ea3d5b9fc871fcf2cc8170f204d9182956a410bfb40f77,18901,dab,3062.702789498995,intermediate-abundance-280,
dab-8bb4f29abe3e60f8a559008d,DAB,15000,8,-3,production,COMPLETE_NUMERICAL,COMPLETE_NUMERICAL,COMPLETE_NUMERICAL,0a74fdbe06596fc145f5169a3b239ddd67053141,"{""abundances"":null,""allard_minimum_effective_temperature"":9000.0,""atmosphere_solver"":""adaptive-newton"",""balmer_self_broadening_prescription"":null,""balmer_self_broadening_truncation_closure"":""stark-core"",""effective_temperature"":15000,""formal_maximum_metal_lines"":null,""formal_minimum_metal_oscillator_strength"":0.0001,""h2_he_cia_path"":null,""include_molecules"":false,""log_hydrogen_to_helium"":-3,""logg"":8,""lyman_profile_source"":""allard"",""maximum_metal_charge"":4,""metal_classical_electron_stark"":false,""metal_line_supplements"":[],""mixing_length_alpha"":1.25,""neutral_broadening"":""unsold"",""photospheric_depth_concentration"":1.0,""quality"":""production"",""structure_opacity_sampling_resolution"":1000.0,""synthesis_transfer_depth_refinement"":4}",,9f6133298decc248dd9c5c7e7af99246be96e78009d7cfeab6f333b6e8a54fbf,18901,dab,3175.5700391400023,intermediate-abundance-280,
dab-46becda9d7628520626770d1,DAB,15000,8,-1,production,COMPLETE_NUMERICAL,COMPLETE_NUMERICAL,COMPLETE_NUMERICAL,0a74fdbe06596fc145f5169a3b239ddd67053141,"{""abundances"":null,""allard_minimum_effective_temperature"":9000.0,""atmosphere_solver"":""adaptive-newton"",""balmer_self_broadening_prescription"":null,""balmer_self_broadening_truncation_closure"":""stark-core"",""effective_temperature"":15000,""formal_maximum_metal_lines"":null,""formal_minimum_metal_oscillator_strength"":0.0001,""h2_he_cia_path"":null,""include_molecules"":false,""log_hydrogen_to_helium"":-1,""logg"":8,""lyman_profile_source"":""allard"",""maximum_metal_charge"":4,""metal_classical_electron_stark"":false,""metal_line_supplements"":[],""mixing_length_alpha"":1.25,""neutral_broadening"":""unsold"",""photospheric_depth_concentration"":1.0,""quality"":""production"",""structure_opacity_sampling_resolution"":1000.0,""synthesis_transfer_depth_refinement"":4}",,412d42976b3e9c81618a43985690e93b12f03471fa1f56d4a57fba7a48ec584e,18901,dab,2047.7978163560038,intermediate-abundance-280,
dab-5066fecbdfcc9ee7012011df,DAB,15000,8,1,production,COMPLETE_NUMERICAL,COMPLETE_NUMERICAL,COMPLETE_NUMERICAL,0a74fdbe06596fc145f5169a3b239ddd67053141,"{""abundances"":null,""allard_minimum_effective_temperature"":9000.0,""atmosphere_solver"":""adaptive-newton"",""balmer_self_broadening_prescription"":null,""balmer_self_broadening_truncation_closure"":""stark-core"",""effective_temperature"":15000,""formal_maximum_metal_lines"":null,""formal_minimum_metal_oscillator_strength"":0.0001,""h2_he_cia_path"":null,""include_molecules"":false,""log_hydrogen_to_helium"":1,""logg"":8,""lyman_profile_source"":""allard"",""maximum_metal_charge"":4,""metal_classical_electron_stark"":false,""metal_line_supplements"":[],""mixing_length_alpha"":1.25,""neutral_broadening"":""unsold"",""photospheric_depth_concentration"":1.0,""quality"":""production"",""structure_opacity_sampling_resolution"":1000.0,""synthesis_transfer_depth_refinement"":4}",,02e7b22ee08d55f2efa847669eabd638883ba3aeaac8c89d24041aaa93d71f75,18901,dab,1947.8841350260045,intermediate-abundance-280,
dab-28a0d216a34723f47bce8fd5,DAB,15000,8,3,production,COMPLETE_NUMERICAL,COMPLETE_NUMERICAL,COMPLETE_NUMERICAL,0a74fdbe06596fc145f5169a3b239ddd67053141,"{""abundances"":null,""allard_minimum_effective_temperature"":9000.0,""atmosphere_solver"":""adaptive-newton"",""balmer_self_broadening_prescription"":null,""balmer_self_broadening_truncation_closure"":""stark-core"",""effective_temperature"":15000,""formal_maximum_metal_lines"":null,""formal_minimum_metal_oscillator_strength"":0.0001,""h2_he_cia_path"":null,""include_molecules"":false,""log_hydrogen_to_helium"":3,""logg"":8,""lyman_profile_source"":""allard"",""maximum_metal_charge"":4,""metal_classical_electron_stark"":false,""metal_line_supplements"":[],""mixing_length_alpha"":1.25,""neutral_broadening"":""unsold"",""photospheric_depth_concentration"":1.0,""quality"":""production"",""structure_opacity_sampling_resolution"":1000.0,""synthesis_transfer_depth_refinement"":4}",,b0642d52f60518f65e3921fdfb3c5edb125ad78abf1ec190f8e9782a80f753e6,18901,dab,1837.1201443239988,intermediate-abundance-280,
dab-9f5353c5aa487f82ceb2291a,DAB,15000,8.5,-5,production,COMPLETE_NUMERICAL,COMPLETE_NUMERICAL,COMPLETE_NUMERICAL,0a74fdbe06596fc145f5169a3b239ddd67053141,"{""abundances"":null,""allard_minimum_effective_temperature"":9000.0,""atmosphere_solver"":""adaptive-newton"",""balmer_self_broadening_prescription"":null,""balmer_self_broadening_truncation_closure"":""stark-core"",""effective_temperature"":15000,""formal_maximum_metal_lines"":null,""formal_minimum_metal_oscillator_strength"":0.0001,""h2_he_cia_path"":null,""include_molecules"":false,""log_hydrogen_to_helium"":-5,""logg"":8.5,""lyman_profile_source"":""allard"",""maximum_metal_charge"":4,""metal_classical_electron_stark"":false,""metal_line_supplements"":[],""mixing_length_alpha"":1.25,""neutral_broadening"":""unsold"",""photospheric_depth_concentration"":1.0,""quality"":""production"",""structure_opacity_sampling_resolution"":1000.0,""synthesis_transfer_depth_refinement"":4}",,4103097b3f96383ac47776f50387e04870d0bef696173ad9b633c40143143c1b,18901,dab,2863.0368776270043,intermediate-abundance-280,
dab-b8c141cc8568d5c1f8d84a2b,DAB,15000,8.5,-3,production,COMPLETE_NUMERICAL,COMPLETE_NUMERICAL,COMPLETE_NUMERICAL,0a74fdbe06596fc145f5169a3b239ddd67053141,"{""abundances"":null,""allard_minimum_effective_temperature"":9000.0,""atmosphere_solver"":""adaptive-newton"",""balmer_self_broadening_prescription"":null,""balmer_self_broadening_truncation_closure"":""stark-core"",""effective_temperature"":15000,""formal_maximum_metal_lines"":null,""formal_minimum_metal_oscillator_strength"":0.0001,""h2_he_cia_path"":null,""include_molecules"":false,""log_hydrogen_to_helium"":-3,""logg"":8.5,""lyman_profile_source"":""allard"",""maximum_metal_charge"":4,""metal_classical_electron_stark"":false,""metal_line_supplements"":[],""mixing_length_alpha"":1.25,""neutral_broadening"":""unsold"",""photospheric_depth_concentration"":1.0,""quality"":""production"",""structure_opacity_sampling_resolution"":1000.0,""synthesis_transfer_depth_refinement"":4}",,ff7f7ae7fd388a7e0c40e3fdd5282f61fb86c786242eae85bb4776f64b0fbefa,18901,dab,3934.179953375002,intermediate-abundance-280,
dab-c42ec2ea0afa82ab862de0df,DAB,15000,8.5,-1,production,COMPLETE_NUMERICAL,COMPLETE_NUMERICAL,COMPLETE_NUMERICAL,0a74fdbe06596fc145f5169a3b239ddd67053141,"{""abundances"":null,""allard_minimum_effective_temperature"":9000.0,""atmosphere_solver"":""adaptive-newton"",""balmer_self_broadening_prescription"":null,""balmer_self_broadening_truncation_closure"":""stark-core"",""effective_temperature"":15000,""formal_maximum_metal_lines"":null,""formal_minimum_metal_oscillator_strength"":0.0001,""h2_he_cia_path"":null,""include_molecules"":false,""log_hydrogen_to_helium"":-1,""logg"":8.5,""lyman_profile_source"":""allard"",""maximum_metal_charge"":4,""metal_classical_electron_stark"":false,""metal_line_supplements"":[],""mixing_length_alpha"":1.25,""neutral_broadening"":""unsold"",""photospheric_depth_concentration"":1.0,""quality"":""production"",""structure_opacity_sampling_resolution"":1000.0,""synthesis_transfer_depth_refinement"":4}",,3225265f0c3cd897cc27d8dd85f4b116e5ef2dd8570d2dd8919234054fad1145,18901,dab,3111.357265466002,intermediate-abundance-280,
dab-270f25a6737ffc1850f7efb6,DAB,15000,8.5,1,production,TIMEOUT,TIMEOUT,TIMEOUT,0a74fdbe06596fc145f5169a3b239ddd67053141,"{""abundances"":null,""allard_minimum_effective_temperature"":9000.0,""atmosphere_solver"":""adaptive-newton"",""balmer_self_broadening_prescription"":null,""balmer_self_broadening_truncation_closure"":""stark-core"",""effective_temperature"":15000,""formal_maximum_metal_lines"":null,""formal_minimum_metal_oscillator_strength"":0.0001,""h2_he_cia_path"":null,""include_molecules"":false,""log_hydrogen_to_helium"":1,""logg"":8.5,""lyman_profile_source"":""allard"",""maximum_metal_charge"":4,""metal_classical_electron_stark"":false,""metal_line_supplements"":[],""mixing_length_alpha"":1.25,""neutral_broadening"":""unsold"",""photospheric_depth_concentration"":1.0,""quality"":""production"",""structure_opacity_sampling_resolution"":1000.0,""synthesis_transfer_depth_refinement"":4}",,,,,3892.2611718760018,intermediate-abundance-280,
dab-da30932f1bed1a1540affeee,DAB,15000,8.5,3,production,TIMEOUT,TIMEOUT,TIMEOUT,0a74fdbe06596fc145f5169a3b239ddd67053141,"{""abundances"":null,""allard_minimum_effective_temperature"":9000.0,""atmosphere_solver"":""adaptive-newton"",""balmer_self_broadening_prescription"":null,""balmer_self_broadening_truncation_closure"":""stark-core"",""effective_temperature"":15000,""formal_maximum_metal_lines"":null,""formal_minimum_metal_oscillator_strength"":0.0001,""h2_he_cia_path"":null,""include_molecules"":false,""log_hydrogen_to_helium"":3,""logg"":8.5,""lyman_profile_source"":""allard"",""maximum_metal_charge"":4,""metal_classical_electron_stark"":false,""metal_line_supplements"":[],""mixing_length_alpha"":1.25,""neutral_broadening"":""unsold"",""photospheric_depth_concentration"":1.0,""quality"":""production"",""structure_opacity_sampling_resolution"":1000.0,""synthesis_transfer_depth_refinement"":4}",,,,,3892.405946952,intermediate-abundance-280,
dab-8b7421ecbe56827e52318328,DAB,15000,9,-5,production,COMPLETE_NUMERICAL,COMPLETE_NUMERICAL,COMPLETE_NUMERICAL,0a74fdbe06596fc145f5169a3b239ddd67053141,"{""abundances"":null,""allard_minimum_effective_temperature"":9000.0,""atmosphere_solver"":""adaptive-newton"",""balmer_self_broadening_prescription"":null,""balmer_self_broadening_truncation_closure"":""stark-core"",""effective_temperature"":15000,""formal_maximum_metal_lines"":null,""formal_minimum_metal_oscillator_strength"":0.0001,""h2_he_cia_path"":null,""include_molecules"":false,""log_hydrogen_to_helium"":-5,""logg"":9,""lyman_profile_source"":""allard"",""maximum_metal_charge"":4,""metal_classical_electron_stark"":false,""metal_line_supplements"":[],""mixing_length_alpha"":1.25,""neutral_broadening"":""unsold"",""photospheric_depth_concentration"":1.0,""quality"":""production"",""structure_opacity_sampling_resolution"":1000.0,""synthesis_transfer_depth_refinement"":4}",,68a9012d70fada786458dcb86d9ba1a0a36f709e304a2882b9385e31a1093086,18901,dab,3483.363564459003,intermediate-abundance-280,
dab-9a8a57617c9e063cb709c230,DAB,15000,9,-3,production,COMPLETE_NUMERICAL,COMPLETE_NUMERICAL,COMPLETE_NUMERICAL,0a74fdbe06596fc145f5169a3b239ddd67053141,"{""abundances"":null,""allard_minimum_effective_temperature"":9000.0,""atmosphere_solver"":""adaptive-newton"",""balmer_self_broadening_prescription"":null,""balmer_self_broadening_truncation_closure"":""stark-core"",""effective_temperature"":15000,""formal_maximum_metal_lines"":null,""formal_minimum_metal_oscillator_strength"":0.0001,""h2_he_cia_path"":null,""include_molecules"":false,""log_hydrogen_to_helium"":-3,""logg"":9,""lyman_profile_source"":""allard"",""maximum_metal_charge"":4,""metal_classical_electron_stark"":false,""metal_line_supplements"":[],""mixing_length_alpha"":1.25,""neutral_broadening"":""unsold"",""photospheric_depth_concentration"":1.0,""quality"":""production"",""structure_opacity_sampling_resolution"":1000.0,""synthesis_transfer_depth_refinement"":4}",,a1ca79cdf6bd999e1fe3b9065c81eda451a13518f9e419d1b5ee995f10484326,18901,dab,4072.499313768996,intermediate-abundance-280,
dab-ccf59ec3d94ea06797f7af06,DAB,15000,9,-1,production,COMPLETE_NUMERICAL,COMPLETE_NUMERICAL,COMPLETE_NUMERICAL,0a74fdbe06596fc145f5169a3b239ddd67053141,"{""abundances"":null,""allard_minimum_effective_temperature"":9000.0,""atmosphere_solver"":""adaptive-newton"",""balmer_self_broadening_prescription"":null,""balmer_self_broadening_truncation_closure"":""stark-core"",""effective_temperature"":15000,""formal_maximum_metal_lines"":null,""formal_minimum_metal_oscillator_strength"":0.0001,""h2_he_cia_path"":null,""include_molecules"":false,""log_hydrogen_to_helium"":-1,""logg"":9,""lyman_profile_source"":""allard"",""maximum_metal_charge"":4,""metal_classical_electron_stark"":false,""metal_line_supplements"":[],""mixing_length_alpha"":1.25,""neutral_broadening"":""unsold"",""photospheric_depth_concentration"":1.0,""quality"":""production"",""structure_opacity_sampling_resolution"":1000.0,""synthesis_transfer_depth_refinement"":4}",,6119a14752d7089e0a42d8743d2631e5a5ec5b98c373ef0b8e54b7ac8d528898,18901,dab,2094.062804772002,intermediate-abundance-280,
dab-28674cc777e19b24a81b4f91,DAB,15000,9,1,production,TIMEOUT,TIMEOUT,TIMEOUT,0a74fdbe06596fc145f5169a3b239ddd67053141,"{""abundances"":null,""allard_minimum_effective_temperature"":9000.0,""atmosphere_solver"":""adaptive-newton"",""balmer_self_broadening_prescription"":null,""balmer_self_broadening_truncation_closure"":""stark-core"",""effective_temperature"":15000,""formal_maximum_metal_lines"":null,""formal_minimum_metal_oscillator_strength"":0.0001,""h2_he_cia_path"":null,""include_molecules"":false,""log_hydrogen_to_helium"":1,""logg"":9,""lyman_profile_source"":""allard"",""maximum_metal_charge"":4,""metal_classical_electron_stark"":false,""metal_line_supplements"":[],""mixing_length_alpha"":1.25,""neutral_broadening"":""unsold"",""photospheric_depth_concentration"":1.0,""quality"":""production"",""structure_opacity_sampling_resolution"":1000.0,""synthesis_transfer_depth_refinement"":4}",,,,,4902.155249344003,intermediate-abundance-280,
dab-ce0358e02f565edc4c432618,DAB,15000,9,3,production,INFRASTRUCTURE_INTERRUPTION,INFRASTRUCTURE_INTERRUPTION,WORKER_CRASH_SIGSEGV,0a74fdbe06596fc145f5169a3b239ddd67053141,"{""abundances"":null,""allard_minimum_effective_temperature"":9000.0,""atmosphere_solver"":""adaptive-newton"",""balmer_self_broadening_prescription"":null,""balmer_self_broadening_truncation_closure"":""stark-core"",""effective_temperature"":15000,""formal_maximum_metal_lines"":null,""formal_minimum_metal_oscillator_strength"":0.0001,""h2_he_cia_path"":null,""include_molecules"":false,""log_hydrogen_to_helium"":3,""logg"":9,""lyman_profile_source"":""allard"",""maximum_metal_charge"":4,""metal_classical_electron_stark"":false,""metal_line_supplements"":[],""mixing_length_alpha"":1.25,""neutral_broadening"":""unsold"",""photospheric_depth_concentration"":1.0,""quality"":""production"",""structure_opacity_sampling_resolution"":1000.0,""synthesis_transfer_depth_refinement"":4}",,,,,643.748631632996,intermediate-abundance-280,
dab-fe4308a4006001a0b2ae3681,DAB,15000,9.5,-5,production,COMPLETE_NUMERICAL,COMPLETE_NUMERICAL,COMPLETE_NUMERICAL,0a74fdbe06596fc145f5169a3b239ddd67053141,"{""abundances"":null,""allard_minimum_effective_temperature"":9000.0,""atmosphere_solver"":""adaptive-newton"",""balmer_self_broadening_prescription"":null,""balmer_self_broadening_truncation_closure"":""stark-core"",""effective_temperature"":15000,""formal_maximum_metal_lines"":null,""formal_minimum_metal_oscillator_strength"":0.0001,""h2_he_cia_path"":null,""include_molecules"":false,""log_hydrogen_to_helium"":-5,""logg"":9.5,""lyman_profile_source"":""allard"",""maximum_metal_charge"":4,""metal_classical_electron_stark"":false,""metal_line_supplements"":[],""mixing_length_alpha"":1.25,""neutral_broadening"":""unsold"",""photospheric_depth_concentration"":1.0,""quality"":""production"",""structure_opacity_sampling_resolution"":1000.0,""synthesis_transfer_depth_refinement"":4}",,8305a258a07a120ab131d96186a4213bd568c3b591d2f0802e69d08eafd5d9c1,18901,dab,3052.7143964860006,intermediate-abundance-280,
dab-ed84a1df02f9b87f51f4041c,DAB,15000,9.5,-3,production,COMPLETE_NUMERICAL,COMPLETE_NUMERICAL,COMPLETE_NUMERICAL,0a74fdbe06596fc145f5169a3b239ddd67053141,"{""abundances"":null,""allard_minimum_effective_temperature"":9000.0,""atmosphere_solver"":""adaptive-newton"",""balmer_self_broadening_prescription"":null,""balmer_self_broadening_truncation_closure"":""stark-core"",""effective_temperature"":15000,""formal_maximum_metal_lines"":null,""formal_minimum_metal_oscillator_strength"":0.0001,""h2_he_cia_path"":null,""include_molecules"":false,""log_hydrogen_to_helium"":-3,""logg"":9.5,""lyman_profile_source"":""allard"",""maximum_metal_charge"":4,""metal_classical_electron_stark"":false,""metal_line_supplements"":[],""mixing_length_alpha"":1.25,""neutral_broadening"":""unsold"",""photospheric_depth_concentration"":1.0,""quality"":""production"",""structure_opacity_sampling_resolution"":1000.0,""synthesis_transfer_depth_refinement"":4}",,994bc35b2820a0255473e2c32296983c946e8f4ebceba2cadd809d5d93adf39d,18901,dab,2893.9613950720013,intermediate-abundance-280,
dab-5ce3940a68cecf89143e493b,DAB,15000,9.5,-1,production,COMPLETE_NUMERICAL,COMPLETE_NUMERICAL,COMPLETE_NUMERICAL,0a74fdbe06596fc145f5169a3b239ddd67053141,"{""abundances"":null,""allard_minimum_effective_temperature"":9000.0,""atmosphere_solver"":""adaptive-newton"",""balmer_self_broadening_prescription"":null,""balmer_self_broadening_truncation_closure"":""stark-core"",""effective_temperature"":15000,""formal_maximum_metal_lines"":null,""formal_minimum_metal_oscillator_strength"":0.0001,""h2_he_cia_path"":null,""include_molecules"":false,""log_hydrogen_to_helium"":-1,""logg"":9.5,""lyman_profile_source"":""allard"",""maximum_metal_charge"":4,""metal_classical_electron_stark"":false,""metal_line_supplements"":[],""mixing_length_alpha"":1.25,""neutral_broadening"":""unsold"",""photospheric_depth_concentration"":1.0,""quality"":""production"",""structure_opacity_sampling_resolution"":1000.0,""synthesis_transfer_depth_refinement"":4}",,7e7cdb980afbc5c80d36c0adc89090dec9e40a26b879364bb465bff6261eaa85,18901,dab,2229.353023810996,intermediate-abundance-280,
dab-7a03c19dabf0d7b7927610ee,DAB,15000,9.5,1,production,COMPLETE_NUMERICAL,COMPLETE_NUMERICAL,COMPLETE_NUMERICAL,0a74fdbe06596fc145f5169a3b239ddd67053141,"{""abundances"":null,""allard_minimum_effective_temperature"":9000.0,""atmosphere_solver"":""adaptive-newton"",""balmer_self_broadening_prescription"":null,""balmer_self_broadening_truncation_closure"":""stark-core"",""effective_temperature"":15000,""formal_maximum_metal_lines"":null,""formal_minimum_metal_oscillator_strength"":0.0001,""h2_he_cia_path"":null,""include_molecules"":false,""log_hydrogen_to_helium"":1,""logg"":9.5,""lyman_profile_source"":""allard"",""maximum_metal_charge"":4,""metal_classical_electron_stark"":false,""metal_line_supplements"":[],""mixing_length_alpha"":1.25,""neutral_broadening"":""unsold"",""photospheric_depth_concentration"":1.0,""quality"":""production"",""structure_opacity_sampling_resolution"":1000.0,""synthesis_transfer_depth_refinement"":4}",,a1eeb77536577c3797cbb894ed0c19a8e21939a62c035fa8b5e998a35a177748,18901,dab,3263.096398158006,intermediate-abundance-280,
dab-8015c327fae5982b066768fc,DAB,15000,9.5,3,production,COMPLETE_NUMERICAL,COMPLETE_NUMERICAL,COMPLETE_NUMERICAL,0a74fdbe06596fc145f5169a3b239ddd67053141,"{""abundances"":null,""allard_minimum_effective_temperature"":9000.0,""atmosphere_solver"":""adaptive-newton"",""balmer_self_broadening_prescription"":null,""balmer_self_broadening_truncation_closure"":""stark-core"",""effective_temperature"":15000,""formal_maximum_metal_lines"":null,""formal_minimum_metal_oscillator_strength"":0.0001,""h2_he_cia_path"":null,""include_molecules"":false,""log_hydrogen_to_helium"":3,""logg"":9.5,""lyman_profile_source"":""allard"",""maximum_metal_charge"":4,""metal_classical_electron_stark"":false,""metal_line_supplements"":[],""mixing_length_alpha"":1.25,""neutral_broadening"":""unsold"",""photospheric_depth_concentration"":1.0,""quality"":""production"",""structure_opacity_sampling_resolution"":1000.0,""synthesis_transfer_depth_refinement"":4}",,db7316c3d652783feafb4c867b13c6a4fc7b71f0697b15fd0a67dfa472a9272c,18901,dab,4051.8670196889943,intermediate-abundance-280,
dab-2b1e75194020861f5738e034,DAB,20000,6,-5,production,COMPLETE_NUMERICAL,COMPLETE_NUMERICAL,COMPLETE_NUMERICAL,0a74fdbe06596fc145f5169a3b239ddd67053141,"{""abundances"":null,""allard_minimum_effective_temperature"":9000.0,""atmosphere_solver"":""adaptive-newton"",""balmer_self_broadening_prescription"":null,""balmer_self_broadening_truncation_closure"":""stark-core"",""effective_temperature"":20000,""formal_maximum_metal_lines"":null,""formal_minimum_metal_oscillator_strength"":0.0001,""h2_he_cia_path"":null,""include_molecules"":false,""log_hydrogen_to_helium"":-5,""logg"":6,""lyman_profile_source"":""allard"",""maximum_metal_charge"":4,""metal_classical_electron_stark"":false,""metal_line_supplements"":[],""mixing_length_alpha"":1.25,""neutral_broadening"":""unsold"",""photospheric_depth_concentration"":1.0,""quality"":""production"",""structure_opacity_sampling_resolution"":1000.0,""synthesis_transfer_depth_refinement"":4}",,8d5f1da6218f940b5ba87ad2832af84893f4159a42a30a5bb1849d91116504ff,18901,dab,3621.3920198600026,intermediate-abundance-280,
dab-de873f02c5de47d25a01a304,DAB,20000,6,-3,production,COMPLETE_NUMERICAL,COMPLETE_NUMERICAL,COMPLETE_NUMERICAL,0a74fdbe06596fc145f5169a3b239ddd67053141,"{""abundances"":null,""allard_minimum_effective_temperature"":9000.0,""atmosphere_solver"":""adaptive-newton"",""balmer_self_broadening_prescription"":null,""balmer_self_broadening_truncation_closure"":""stark-core"",""effective_temperature"":20000,""formal_maximum_metal_lines"":null,""formal_minimum_metal_oscillator_strength"":0.0001,""h2_he_cia_path"":null,""include_molecules"":false,""log_hydrogen_to_helium"":-3,""logg"":6,""lyman_profile_source"":""allard"",""maximum_metal_charge"":4,""metal_classical_electron_stark"":false,""metal_line_supplements"":[],""mixing_length_alpha"":1.25,""neutral_broadening"":""unsold"",""photospheric_depth_concentration"":1.0,""quality"":""production"",""structure_opacity_sampling_resolution"":1000.0,""synthesis_transfer_depth_refinement"":4}",,e80149234be8c361de7226a6df15881105791826bd01893c1b9113a754b6538f,18901,dab,1597.5431422940019,intermediate-abundance-280,
dab-f066d621a0e8694338545193,DAB,20000,6,-1,production,COMPLETE_NUMERICAL,COMPLETE_NUMERICAL,COMPLETE_NUMERICAL,0a74fdbe06596fc145f5169a3b239ddd67053141,"{""abundances"":null,""allard_minimum_effective_temperature"":9000.0,""atmosphere_solver"":""adaptive-newton"",""balmer_self_broadening_prescription"":null,""balmer_self_broadening_truncation_closure"":""stark-core"",""effective_temperature"":20000,""formal_maximum_metal_lines"":null,""formal_minimum_metal_oscillator_strength"":0.0001,""h2_he_cia_path"":null,""include_molecules"":false,""log_hydrogen_to_helium"":-1,""logg"":6,""lyman_profile_source"":""allard"",""maximum_metal_charge"":4,""metal_classical_electron_stark"":false,""metal_line_supplements"":[],""mixing_length_alpha"":1.25,""neutral_broadening"":""unsold"",""photospheric_depth_concentration"":1.0,""quality"":""production"",""structure_opacity_sampling_resolution"":1000.0,""synthesis_transfer_depth_refinement"":4}",,346241b817a6f5ff97156487f1dbfa8e881bfbc1127a9ad4409b47e5b37bf03c,18901,dab,2209.1851677910017,intermediate-abundance-280,
dab-3bd2f076ba73b215c3361cae,DAB,20000,6,1,production,COMPLETE_NUMERICAL,COMPLETE_NUMERICAL,COMPLETE_NUMERICAL,0a74fdbe06596fc145f5169a3b239ddd67053141,"{""abundances"":null,""allard_minimum_effective_temperature"":9000.0,""atmosphere_solver"":""adaptive-newton"",""balmer_self_broadening_prescription"":null,""balmer_self_broadening_truncation_closure"":""stark-core"",""effective_temperature"":20000,""formal_maximum_metal_lines"":null,""formal_minimum_metal_oscillator_strength"":0.0001,""h2_he_cia_path"":null,""include_molecules"":false,""log_hydrogen_to_helium"":1,""logg"":6,""lyman_profile_source"":""allard"",""maximum_metal_charge"":4,""metal_classical_electron_stark"":false,""metal_line_supplements"":[],""mixing_length_alpha"":1.25,""neutral_broadening"":""unsold"",""photospheric_depth_concentration"":1.0,""quality"":""production"",""structure_opacity_sampling_resolution"":1000.0,""synthesis_transfer_depth_refinement"":4}",,0acf2fbcc5e1e7fc9b9359a527738b93ef8878f3dd162dc42bedd383dbf91e57,18901,dab,1099.0282341909988,intermediate-abundance-280,
dab-5bd08d901f6a0214c5ae8256,DAB,20000,6,3,production,COMPLETE_NUMERICAL,COMPLETE_NUMERICAL,COMPLETE_NUMERICAL,0a74fdbe06596fc145f5169a3b239ddd67053141,"{""abundances"":null,""allard_minimum_effective_temperature"":9000.0,""atmosphere_solver"":""adaptive-newton"",""balmer_self_broadening_prescription"":null,""balmer_self_broadening_truncation_closure"":""stark-core"",""effective_temperature"":20000,""formal_maximum_metal_lines"":null,""formal_minimum_metal_oscillator_strength"":0.0001,""h2_he_cia_path"":null,""include_molecules"":false,""log_hydrogen_to_helium"":3,""logg"":6,""lyman_profile_source"":""allard"",""maximum_metal_charge"":4,""metal_classical_electron_stark"":false,""metal_line_supplements"":[],""mixing_length_alpha"":1.25,""neutral_broadening"":""unsold"",""photospheric_depth_concentration"":1.0,""quality"":""production"",""structure_opacity_sampling_resolution"":1000.0,""synthesis_transfer_depth_refinement"":4}",,4342cc946ab0794590e6b9ea1278708d46790d2cd3ebd2deb94578dca780a1e0,18901,dab,933.5909003900015,intermediate-abundance-280,
dab-2ae4b443239a896078878bde,DAB,20000,6.5,-5,production,COMPLETE_NUMERICAL,COMPLETE_NUMERICAL,COMPLETE_NUMERICAL,0a74fdbe06596fc145f5169a3b239ddd67053141,"{""abundances"":null,""allard_minimum_effective_temperature"":9000.0,""atmosphere_solver"":""adaptive-newton"",""balmer_self_broadening_prescription"":null,""balmer_self_broadening_truncation_closure"":""stark-core"",""effective_temperature"":20000,""formal_maximum_metal_lines"":null,""formal_minimum_metal_oscillator_strength"":0.0001,""h2_he_cia_path"":null,""include_molecules"":false,""log_hydrogen_to_helium"":-5,""logg"":6.5,""lyman_profile_source"":""allard"",""maximum_metal_charge"":4,""metal_classical_electron_stark"":false,""metal_line_supplements"":[],""mixing_length_alpha"":1.25,""neutral_broadening"":""unsold"",""photospheric_depth_concentration"":1.0,""quality"":""production"",""structure_opacity_sampling_resolution"":1000.0,""synthesis_transfer_depth_refinement"":4}",,4d92bfcf04c4cd905ad9f22eab463fe14d4e712856be8d785ea26dd1024382a6,18901,dab,2714.1905854669967,intermediate-abundance-280,
dab-606f5f57df7fa6dcce729451,DAB,20000,6.5,-3,production,COMPLETE_NUMERICAL,COMPLETE_NUMERICAL,COMPLETE_NUMERICAL,0a74fdbe06596fc145f5169a3b239ddd67053141,"{""abundances"":null,""allard_minimum_effective_temperature"":9000.0,""atmosphere_solver"":""adaptive-newton"",""balmer_self_broadening_prescription"":null,""balmer_self_broadening_truncation_closure"":""stark-core"",""effective_temperature"":20000,""formal_maximum_metal_lines"":null,""formal_minimum_metal_oscillator_strength"":0.0001,""h2_he_cia_path"":null,""include_molecules"":false,""log_hydrogen_to_helium"":-3,""logg"":6.5,""lyman_profile_source"":""allard"",""maximum_metal_charge"":4,""metal_classical_electron_stark"":false,""metal_line_supplements"":[],""mixing_length_alpha"":1.25,""neutral_broadening"":""unsold"",""photospheric_depth_concentration"":1.0,""quality"":""production"",""structure_opacity_sampling_resolution"":1000.0,""synthesis_transfer_depth_refinement"":4}",,dd85f97185d222a9a468e87f349ba672f2ef988517d2cc66c18d984255897c89,18901,dab,1645.2819683740017,intermediate-abundance-280,
dab-5c8345ba09fe262f0da9c5fb,DAB,20000,6.5,-1,production,COMPLETE_NUMERICAL,COMPLETE_NUMERICAL,COMPLETE_NUMERICAL,0a74fdbe06596fc145f5169a3b239ddd67053141,"{""abundances"":null,""allard_minimum_effective_temperature"":9000.0,""atmosphere_solver"":""adaptive-newton"",""balmer_self_broadening_prescription"":null,""balmer_self_broadening_truncation_closure"":""stark-core"",""effective_temperature"":20000,""formal_maximum_metal_lines"":null,""formal_minimum_metal_oscillator_strength"":0.0001,""h2_he_cia_path"":null,""include_molecules"":false,""log_hydrogen_to_helium"":-1,""logg"":6.5,""lyman_profile_source"":""allard"",""maximum_metal_charge"":4,""metal_classical_electron_stark"":false,""metal_line_supplements"":[],""mixing_length_alpha"":1.25,""neutral_broadening"":""unsold"",""photospheric_depth_concentration"":1.0,""quality"":""production"",""structure_opacity_sampling_resolution"":1000.0,""synthesis_transfer_depth_refinement"":4}",,8cdc39fd740bf72706a1981988af74286d041672065e4c648e0e9dcd2530fd6e,18901,dab,2256.1735161800025,intermediate-abundance-280,
dab-1e6d75f740af2150f153c4d9,DAB,20000,6.5,1,production,COMPLETE_NUMERICAL,COMPLETE_NUMERICAL,COMPLETE_NUMERICAL,0a74fdbe06596fc145f5169a3b239ddd67053141,"{""abundances"":null,""allard_minimum_effective_temperature"":9000.0,""atmosphere_solver"":""adaptive-newton"",""balmer_self_broadening_prescription"":null,""balmer_self_broadening_truncation_closure"":""stark-core"",""effective_temperature"":20000,""formal_maximum_metal_lines"":null,""formal_minimum_metal_oscillator_strength"":0.0001,""h2_he_cia_path"":null,""include_molecules"":false,""log_hydrogen_to_helium"":1,""logg"":6.5,""lyman_profile_source"":""allard"",""maximum_metal_charge"":4,""metal_classical_electron_stark"":false,""metal_line_supplements"":[],""mixing_length_alpha"":1.25,""neutral_broadening"":""unsold"",""photospheric_depth_concentration"":1.0,""quality"":""production"",""structure_opacity_sampling_resolution"":1000.0,""synthesis_transfer_depth_refinement"":4}",,bd98421d6ef436b29a2418459903ba33017cefe5115c3bd7d68f0456eb2ada37,18901,dab,1288.6411596359976,intermediate-abundance-280,
dab-859d025b2a7f84cfa732cc24,DAB,20000,6.5,3,production,COMPLETE_NUMERICAL,COMPLETE_NUMERICAL,COMPLETE_NUMERICAL,0a74fdbe06596fc145f5169a3b239ddd67053141,"{""abundances"":null,""allard_minimum_effective_temperature"":9000.0,""atmosphere_solver"":""adaptive-newton"",""balmer_self_broadening_prescription"":null,""balmer_self_broadening_truncation_closure"":""stark-core"",""effective_temperature"":20000,""formal_maximum_metal_lines"":null,""formal_minimum_metal_oscillator_strength"":0.0001,""h2_he_cia_path"":null,""include_molecules"":false,""log_hydrogen_to_helium"":3,""logg"":6.5,""lyman_profile_source"":""allard"",""maximum_metal_charge"":4,""metal_classical_electron_stark"":false,""metal_line_supplements"":[],""mixing_length_alpha"":1.25,""neutral_broadening"":""unsold"",""photospheric_depth_concentration"":1.0,""quality"":""production"",""structure_opacity_sampling_resolution"":1000.0,""synthesis_transfer_depth_refinement"":4}",,4a711b447e5b1c51f4441984a88646abe163d3523b857f5ef1fdcddb8b5ffa06,18901,dab,927.253800298,intermediate-abundance-280,
dab-5e6109143516ba676049ad58,DAB,20000,7,-5,production,COMPLETE_NUMERICAL,COMPLETE_NUMERICAL,COMPLETE_NUMERICAL,0a74fdbe06596fc145f5169a3b239ddd67053141,"{""abundances"":null,""allard_minimum_effective_temperature"":9000.0,""atmosphere_solver"":""adaptive-newton"",""balmer_self_broadening_prescription"":null,""balmer_self_broadening_truncation_closure"":""stark-core"",""effective_temperature"":20000,""formal_maximum_metal_lines"":null,""formal_minimum_metal_oscillator_strength"":0.0001,""h2_he_cia_path"":null,""include_molecules"":false,""log_hydrogen_to_helium"":-5,""logg"":7,""lyman_profile_source"":""allard"",""maximum_metal_charge"":4,""metal_classical_electron_stark"":false,""metal_line_supplements"":[],""mixing_length_alpha"":1.25,""neutral_broadening"":""unsold"",""photospheric_depth_concentration"":1.0,""quality"":""production"",""structure_opacity_sampling_resolution"":1000.0,""synthesis_transfer_depth_refinement"":4}",,08e4143c130d65a6550ec80d53eff8a26dcb3400b2e17a503b2b536952bfcba3,18901,dab,3062.7250475379988,intermediate-abundance-280,
dab-fea3311f160118e57565730e,DAB,20000,7,-3,production,COMPLETE_NUMERICAL,COMPLETE_NUMERICAL,COMPLETE_NUMERICAL,0a74fdbe06596fc145f5169a3b239ddd67053141,"{""abundances"":null,""allard_minimum_effective_temperature"":9000.0,""atmosphere_solver"":""adaptive-newton"",""balmer_self_broadening_prescription"":null,""balmer_self_broadening_truncation_closure"":""stark-core"",""effective_temperature"":20000,""formal_maximum_metal_lines"":null,""formal_minimum_metal_oscillator_strength"":0.0001,""h2_he_cia_path"":null,""include_molecules"":false,""log_hydrogen_to_helium"":-3,""logg"":7,""lyman_profile_source"":""allard"",""maximum_metal_charge"":4,""metal_classical_electron_stark"":false,""metal_line_supplements"":[],""mixing_length_alpha"":1.25,""neutral_broadening"":""unsold"",""photospheric_depth_concentration"":1.0,""quality"":""production"",""structure_opacity_sampling_resolution"":1000.0,""synthesis_transfer_depth_refinement"":4}",,4b1d3f24d08a922453de411ffb072cd46c405cdb650292ec99bc8e2a7bb01d80,18901,dab,2201.8554971839985,intermediate-abundance-280,
dab-50062981fbbc85ea85fdb72f,DAB,20000,7,-1,production,COMPLETE_NUMERICAL,COMPLETE_NUMERICAL,COMPLETE_NUMERICAL,0a74fdbe06596fc145f5169a3b239ddd67053141,"{""abundances"":null,""allard_minimum_effective_temperature"":9000.0,""atmosphere_solver"":""adaptive-newton"",""balmer_self_broadening_prescription"":null,""balmer_self_broadening_truncation_closure"":""stark-core"",""effective_temperature"":20000,""formal_maximum_metal_lines"":null,""formal_minimum_metal_oscillator_strength"":0.0001,""h2_he_cia_path"":null,""include_molecules"":false,""log_hydrogen_to_helium"":-1,""logg"":7,""lyman_profile_source"":""allard"",""maximum_metal_charge"":4,""metal_classical_electron_stark"":false,""metal_line_supplements"":[],""mixing_length_alpha"":1.25,""neutral_broadening"":""unsold"",""photospheric_depth_concentration"":1.0,""quality"":""production"",""structure_opacity_sampling_resolution"":1000.0,""synthesis_transfer_depth_refinement"":4}",,475bde9ee374abd588609bbd848f3dc156913a34bed4e14710f990d311a5743e,18901,dab,2020.965592708002,intermediate-abundance-280,
dab-6c4fed86575bcdf29077e336,DAB,20000,7,1,production,COMPLETE_NUMERICAL,COMPLETE_NUMERICAL,COMPLETE_NUMERICAL,0a74fdbe06596fc145f5169a3b239ddd67053141,"{""abundances"":null,""allard_minimum_effective_temperature"":9000.0,""atmosphere_solver"":""adaptive-newton"",""balmer_self_broadening_prescription"":null,""balmer_self_broadening_truncation_closure"":""stark-core"",""effective_temperature"":20000,""formal_maximum_metal_lines"":null,""formal_minimum_metal_oscillator_strength"":0.0001,""h2_he_cia_path"":null,""include_molecules"":false,""log_hydrogen_to_helium"":1,""logg"":7,""lyman_profile_source"":""allard"",""maximum_metal_charge"":4,""metal_classical_electron_stark"":false,""metal_line_supplements"":[],""mixing_length_alpha"":1.25,""neutral_broadening"":""unsold"",""photospheric_depth_concentration"":1.0,""quality"":""production"",""structure_opacity_sampling_resolution"":1000.0,""synthesis_transfer_depth_refinement"":4}",,20fceb1aae761f85fb454a98a533574cb904bec49c1a3b255aff958a48acb812,18901,dab,1942.0960928439963,intermediate-abundance-280,
dab-17823efb049e200f5351fbf6,DAB,20000,7,3,production,COMPLETE_NUMERICAL,COMPLETE_NUMERICAL,COMPLETE_NUMERICAL,0a74fdbe06596fc145f5169a3b239ddd67053141,"{""abundances"":null,""allard_minimum_effective_temperature"":9000.0,""atmosphere_solver"":""adaptive-newton"",""balmer_self_broadening_prescription"":null,""balmer_self_broadening_truncation_closure"":""stark-core"",""effective_temperature"":20000,""formal_maximum_metal_lines"":null,""formal_minimum_metal_oscillator_strength"":0.0001,""h2_he_cia_path"":null,""include_molecules"":false,""log_hydrogen_to_helium"":3,""logg"":7,""lyman_profile_source"":""allard"",""maximum_metal_charge"":4,""metal_classical_electron_stark"":false,""metal_line_supplements"":[],""mixing_length_alpha"":1.25,""neutral_broadening"":""unsold"",""photospheric_depth_concentration"":1.0,""quality"":""production"",""structure_opacity_sampling_resolution"":1000.0,""synthesis_transfer_depth_refinement"":4}",,148ff6a3514cfd376ca9369ab3bfe0bd6ce5e39814ea4ebbd9fac4dd8c2968af,18901,dab,1133.3069710700001,intermediate-abundance-280,
dab-621c828fbb8a2ba848819c62,DAB,20000,7.5,-5,production,COMPLETE_NUMERICAL,COMPLETE_NUMERICAL,COMPLETE_NUMERICAL,0a74fdbe06596fc145f5169a3b239ddd67053141,"{""abundances"":null,""allard_minimum_effective_temperature"":9000.0,""atmosphere_solver"":""adaptive-newton"",""balmer_self_broadening_prescription"":null,""balmer_self_broadening_truncation_closure"":""stark-core"",""effective_temperature"":20000,""formal_maximum_metal_lines"":null,""formal_minimum_metal_oscillator_strength"":0.0001,""h2_he_cia_path"":null,""include_molecules"":false,""log_hydrogen_to_helium"":-5,""logg"":7.5,""lyman_profile_source"":""allard"",""maximum_metal_charge"":4,""metal_classical_electron_stark"":false,""metal_line_supplements"":[],""mixing_length_alpha"":1.25,""neutral_broadening"":""unsold"",""photospheric_depth_concentration"":1.0,""quality"":""production"",""structure_opacity_sampling_resolution"":1000.0,""synthesis_transfer_depth_refinement"":4}",,182bf08efd9436c1163fa85e2b2e5496a5346476d7f8137a6e3dbcc729a1ca70,18901,dab,2340.042319871005,intermediate-abundance-280,
dab-d378e0a4dbc122bc247026aa,DAB,20000,7.5,-3,production,COMPLETE_NUMERICAL,COMPLETE_NUMERICAL,COMPLETE_NUMERICAL,0a74fdbe06596fc145f5169a3b239ddd67053141,"{""abundances"":null,""allard_minimum_effective_temperature"":9000.0,""atmosphere_solver"":""adaptive-newton"",""balmer_self_broadening_prescription"":null,""balmer_self_broadening_truncation_closure"":""stark-core"",""effective_temperature"":20000,""formal_maximum_metal_lines"":null,""formal_minimum_metal_oscillator_strength"":0.0001,""h2_he_cia_path"":null,""include_molecules"":false,""log_hydrogen_to_helium"":-3,""logg"":7.5,""lyman_profile_source"":""allard"",""maximum_metal_charge"":4,""metal_classical_electron_stark"":false,""metal_line_supplements"":[],""mixing_length_alpha"":1.25,""neutral_broadening"":""unsold"",""photospheric_depth_concentration"":1.0,""quality"":""production"",""structure_opacity_sampling_resolution"":1000.0,""synthesis_transfer_depth_refinement"":4}",,7991c5ba7e9629c5e588e7b87006673fe6973d3d05f318c503fa37f26dc08417,18901,dab,3887.9750650409987,intermediate-abundance-280,
dab-b6dc1006b3a04f0546464d45,DAB,20000,7.5,-1,production,COMPLETE_NUMERICAL,COMPLETE_NUMERICAL,COMPLETE_NUMERICAL,0a74fdbe06596fc145f5169a3b239ddd67053141,"{""abundances"":null,""allard_minimum_effective_temperature"":9000.0,""atmosphere_solver"":""adaptive-newton"",""balmer_self_broadening_prescription"":null,""balmer_self_broadening_truncation_closure"":""stark-core"",""effective_temperature"":20000,""formal_maximum_metal_lines"":null,""formal_minimum_metal_oscillator_strength"":0.0001,""h2_he_cia_path"":null,""include_molecules"":false,""log_hydrogen_to_helium"":-1,""logg"":7.5,""lyman_profile_source"":""allard"",""maximum_metal_charge"":4,""metal_classical_electron_stark"":false,""metal_line_supplements"":[],""mixing_length_alpha"":1.25,""neutral_broadening"":""unsold"",""photospheric_depth_concentration"":1.0,""quality"":""production"",""structure_opacity_sampling_resolution"":1000.0,""synthesis_transfer_depth_refinement"":4}",,abc5d64fe1be0d795fbb32dd78594b07311287df7c015fdd248be35fe04b52c1,18901,dab,4419.901104933997,intermediate-abundance-280,
dab-d84ee1ffd5073964ecf51d21,DAB,20000,7.5,1,production,COMPLETE_NUMERICAL,COMPLETE_NUMERICAL,COMPLETE_NUMERICAL,0a74fdbe06596fc145f5169a3b239ddd67053141,"{""abundances"":null,""allard_minimum_effective_temperature"":9000.0,""atmosphere_solver"":""adaptive-newton"",""balmer_self_broadening_prescription"":null,""balmer_self_broadening_truncation_closure"":""stark-core"",""effective_temperature"":20000,""formal_maximum_metal_lines"":null,""formal_minimum_metal_oscillator_strength"":0.0001,""h2_he_cia_path"":null,""include_molecules"":false,""log_hydrogen_to_helium"":1,""logg"":7.5,""lyman_profile_source"":""allard"",""maximum_metal_charge"":4,""metal_classical_electron_stark"":false,""metal_line_supplements"":[],""mixing_length_alpha"":1.25,""neutral_broadening"":""unsold"",""photospheric_depth_concentration"":1.0,""quality"":""production"",""structure_opacity_sampling_resolution"":1000.0,""synthesis_transfer_depth_refinement"":4}",,dbced743d1c6e3a534a339e472b26c3a430b4d6d1de0b2e8e45a53f29b71895a,18901,dab,1972.6397247179993,intermediate-abundance-280,
dab-006349865d1d4224d78cf1fa,DAB,20000,7.5,3,production,COMPLETE_NUMERICAL,COMPLETE_NUMERICAL,COMPLETE_NUMERICAL,0a74fdbe06596fc145f5169a3b239ddd67053141,"{""abundances"":null,""allard_minimum_effective_temperature"":9000.0,""atmosphere_solver"":""adaptive-newton"",""balmer_self_broadening_prescription"":null,""balmer_self_broadening_truncation_closure"":""stark-core"",""effective_temperature"":20000,""formal_maximum_metal_lines"":null,""formal_minimum_metal_oscillator_strength"":0.0001,""h2_he_cia_path"":null,""include_molecules"":false,""log_hydrogen_to_helium"":3,""logg"":7.5,""lyman_profile_source"":""allard"",""maximum_metal_charge"":4,""metal_classical_electron_stark"":false,""metal_line_supplements"":[],""mixing_length_alpha"":1.25,""neutral_broadening"":""unsold"",""photospheric_depth_concentration"":1.0,""quality"":""production"",""structure_opacity_sampling_resolution"":1000.0,""synthesis_transfer_depth_refinement"":4}",,d658f48f3ee34c12c1185964410731228e085deee7208202f5a0047a66e6e300,18901,dab,1086.2950665140015,intermediate-abundance-280,
dab-30e7f3a6d88afb7868938961,DAB,20000,8,-5,production,COMPLETE_NUMERICAL,COMPLETE_NUMERICAL,COMPLETE_NUMERICAL,0a74fdbe06596fc145f5169a3b239ddd67053141,"{""abundances"":null,""allard_minimum_effective_temperature"":9000.0,""atmosphere_solver"":""adaptive-newton"",""balmer_self_broadening_prescription"":null,""balmer_self_broadening_truncation_closure"":""stark-core"",""effective_temperature"":20000,""formal_maximum_metal_lines"":null,""formal_minimum_metal_oscillator_strength"":0.0001,""h2_he_cia_path"":null,""include_molecules"":false,""log_hydrogen_to_helium"":-5,""logg"":8,""lyman_profile_source"":""allard"",""maximum_metal_charge"":4,""metal_classical_electron_stark"":false,""metal_line_supplements"":[],""mixing_length_alpha"":1.25,""neutral_broadening"":""unsold"",""photospheric_depth_concentration"":1.0,""quality"":""production"",""structure_opacity_sampling_resolution"":1000.0,""synthesis_transfer_depth_refinement"":4}",,257cb90b7020d7bfc49fc0dfb269c9364ef9f5a1cbb96c431d0f55eaa251688d,18901,dab,1780.035105394898,intermediate-abundance-280,
dab-f938f4d4571a654b390ac2ec,DAB,20000,8,-3,production,COMPLETE_NUMERICAL,COMPLETE_NUMERICAL,COMPLETE_NUMERICAL,0a74fdbe06596fc145f5169a3b239ddd67053141,"{""abundances"":null,""allard_minimum_effective_temperature"":9000.0,""atmosphere_solver"":""adaptive-newton"",""balmer_self_broadening_prescription"":null,""balmer_self_broadening_truncation_closure"":""stark-core"",""effective_temperature"":20000,""formal_maximum_metal_lines"":null,""formal_minimum_metal_oscillator_strength"":0.0001,""h2_he_cia_path"":null,""include_molecules"":false,""log_hydrogen_to_helium"":-3,""logg"":8,""lyman_profile_source"":""allard"",""maximum_metal_charge"":4,""metal_classical_electron_stark"":false,""metal_line_supplements"":[],""mixing_length_alpha"":1.25,""neutral_broadening"":""unsold"",""photospheric_depth_concentration"":1.0,""quality"":""production"",""structure_opacity_sampling_resolution"":1000.0,""synthesis_transfer_depth_refinement"":4}",,e7f0999d5329f4fae6fd961927a5a0cecab83311662b7a9be137f9e00d52789b,18901,dab,1652.2876060958952,intermediate-abundance-280,
dab-7686964bf09e1fbfaeeed5c1,DAB,20000,8,-1,production,COMPLETE_NUMERICAL,COMPLETE_NUMERICAL,COMPLETE_NUMERICAL,0a74fdbe06596fc145f5169a3b239ddd67053141,"{""abundances"":null,""allard_minimum_effective_temperature"":9000.0,""atmosphere_solver"":""adaptive-newton"",""balmer_self_broadening_prescription"":null,""balmer_self_broadening_truncation_closure"":""stark-core"",""effective_temperature"":20000,""formal_maximum_metal_lines"":null,""formal_minimum_metal_oscillator_strength"":0.0001,""h2_he_cia_path"":null,""include_molecules"":false,""log_hydrogen_to_helium"":-1,""logg"":8,""lyman_profile_source"":""allard"",""maximum_metal_charge"":4,""metal_classical_electron_stark"":false,""metal_line_supplements"":[],""mixing_length_alpha"":1.25,""neutral_broadening"":""unsold"",""photospheric_depth_concentration"":1.0,""quality"":""production"",""structure_opacity_sampling_resolution"":1000.0,""synthesis_transfer_depth_refinement"":4}",,4ca6fadded71cb9f047a0a50b01fa9c53bb1f4194f07b7efcbd82a08078c4948,18901,dab,5409.469668604004,intermediate-abundance-280,
dab-a99d6d546a033edc05705a23,DAB,20000,8,1,production,COMPLETE_NUMERICAL,COMPLETE_NUMERICAL,COMPLETE_NUMERICAL,0a74fdbe06596fc145f5169a3b239ddd67053141,"{""abundances"":null,""allard_minimum_effective_temperature"":9000.0,""atmosphere_solver"":""adaptive-newton"",""balmer_self_broadening_prescription"":null,""balmer_self_broadening_truncation_closure"":""stark-core"",""effective_temperature"":20000,""formal_maximum_metal_lines"":null,""formal_minimum_metal_oscillator_strength"":0.0001,""h2_he_cia_path"":null,""include_molecules"":false,""log_hydrogen_to_helium"":1,""logg"":8,""lyman_profile_source"":""allard"",""maximum_metal_charge"":4,""metal_classical_electron_stark"":false,""metal_line_supplements"":[],""mixing_length_alpha"":1.25,""neutral_broadening"":""unsold"",""photospheric_depth_concentration"":1.0,""quality"":""production"",""structure_opacity_sampling_resolution"":1000.0,""synthesis_transfer_depth_refinement"":4}",,9c64f9069e242ca8d6f8af4f321afc918b38273e07fee89ba31151c3b2d9e90a,18901,dab,1488.7853286280297,intermediate-abundance-280,
dab-fe0b280ca9eed92ea2002143,DAB,20000,8,3,production,COMPLETE_NUMERICAL,COMPLETE_NUMERICAL,COMPLETE_NUMERICAL,0a74fdbe06596fc145f5169a3b239ddd67053141,"{""abundances"":null,""allard_minimum_effective_temperature"":9000.0,""atmosphere_solver"":""adaptive-newton"",""balmer_self_broadening_prescription"":null,""balmer_self_broadening_truncation_closure"":""stark-core"",""effective_temperature"":20000,""formal_maximum_metal_lines"":null,""formal_minimum_metal_oscillator_strength"":0.0001,""h2_he_cia_path"":null,""include_molecules"":false,""log_hydrogen_to_helium"":3,""logg"":8,""lyman_profile_source"":""allard"",""maximum_metal_charge"":4,""metal_classical_electron_stark"":false,""metal_line_supplements"":[],""mixing_length_alpha"":1.25,""neutral_broadening"":""unsold"",""photospheric_depth_concentration"":1.0,""quality"":""production"",""structure_opacity_sampling_resolution"":1000.0,""synthesis_transfer_depth_refinement"":4}",,1cb53789024231ab8464f9608f0dcf11d8185b0c753a717f8cd9e0b804f68f89,18901,dab,1197.5267838118598,intermediate-abundance-280,
dab-208e62382d7f02a1f033fee9,DAB,20000,8.5,-5,production,COMPLETE_NUMERICAL,COMPLETE_NUMERICAL,COMPLETE_NUMERICAL,0a74fdbe06596fc145f5169a3b239ddd67053141,"{""abundances"":null,""allard_minimum_effective_temperature"":9000.0,""atmosphere_solver"":""adaptive-newton"",""balmer_self_broadening_prescription"":null,""balmer_self_broadening_truncation_closure"":""stark-core"",""effective_temperature"":20000,""formal_maximum_metal_lines"":null,""formal_minimum_metal_oscillator_strength"":0.0001,""h2_he_cia_path"":null,""include_molecules"":false,""log_hydrogen_to_helium"":-5,""logg"":8.5,""lyman_profile_source"":""allard"",""maximum_metal_charge"":4,""metal_classical_electron_stark"":false,""metal_line_supplements"":[],""mixing_length_alpha"":1.25,""neutral_broadening"":""unsold"",""photospheric_depth_concentration"":1.0,""quality"":""production"",""structure_opacity_sampling_resolution"":1000.0,""synthesis_transfer_depth_refinement"":4}",,b4b61cf3b83992776f069b46fa694332f47c5a20310e23e33501903c0c6b27f5,18901,dab,2176.4760446719956,intermediate-abundance-280,
dab-f5c688e7a2f775c73825db3c,DAB,20000,8.5,-3,production,COMPLETE_NUMERICAL,COMPLETE_NUMERICAL,COMPLETE_NUMERICAL,0a74fdbe06596fc145f5169a3b239ddd67053141,"{""abundances"":null,""allard_minimum_effective_temperature"":9000.0,""atmosphere_solver"":""adaptive-newton"",""balmer_self_broadening_prescription"":null,""balmer_self_broadening_truncation_closure"":""stark-core"",""effective_temperature"":20000,""formal_maximum_metal_lines"":null,""formal_minimum_metal_oscillator_strength"":0.0001,""h2_he_cia_path"":null,""include_molecules"":false,""log_hydrogen_to_helium"":-3,""logg"":8.5,""lyman_profile_source"":""allard"",""maximum_metal_charge"":4,""metal_classical_electron_stark"":false,""metal_line_supplements"":[],""mixing_length_alpha"":1.25,""neutral_broadening"":""unsold"",""photospheric_depth_concentration"":1.0,""quality"":""production"",""structure_opacity_sampling_resolution"":1000.0,""synthesis_transfer_depth_refinement"":4}",,1cf5255fd5b35be36b3a41d36fd87cf24dd3dbfdd19584a400150aed5c3f4a4a,18901,dab,2965.470047873998,intermediate-abundance-280,
dab-861db98359a6dc0dba2be434,DAB,20000,8.5,-1,production,COMPLETE_NUMERICAL,COMPLETE_NUMERICAL,COMPLETE_NUMERICAL,0a74fdbe06596fc145f5169a3b239ddd67053141,"{""abundances"":null,""allard_minimum_effective_temperature"":9000.0,""atmosphere_solver"":""adaptive-newton"",""balmer_self_broadening_prescription"":null,""balmer_self_broadening_truncation_closure"":""stark-core"",""effective_temperature"":20000,""formal_maximum_metal_lines"":null,""formal_minimum_metal_oscillator_strength"":0.0001,""h2_he_cia_path"":null,""include_molecules"":false,""log_hydrogen_to_helium"":-1,""logg"":8.5,""lyman_profile_source"":""allard"",""maximum_metal_charge"":4,""metal_classical_electron_stark"":false,""metal_line_supplements"":[],""mixing_length_alpha"":1.25,""neutral_broadening"":""unsold"",""photospheric_depth_concentration"":1.0,""quality"":""production"",""structure_opacity_sampling_resolution"":1000.0,""synthesis_transfer_depth_refinement"":4}",,79ec64d0dcb58bf6a7c38d8db332ca49253debfe857f2daa86df1811a83c481c,18901,dab,2351.984757516002,intermediate-abundance-280,
dab-6e36a96eb53ca57bff326d48,DAB,20000,8.5,1,production,COMPLETE_NUMERICAL,COMPLETE_NUMERICAL,COMPLETE_NUMERICAL,0a74fdbe06596fc145f5169a3b239ddd67053141,"{""abundances"":null,""allard_minimum_effective_temperature"":9000.0,""atmosphere_solver"":""adaptive-newton"",""balmer_self_broadening_prescription"":null,""balmer_self_broadening_truncation_closure"":""stark-core"",""effective_temperature"":20000,""formal_maximum_metal_lines"":null,""formal_minimum_metal_oscillator_strength"":0.0001,""h2_he_cia_path"":null,""include_molecules"":false,""log_hydrogen_to_helium"":1,""logg"":8.5,""lyman_profile_source"":""allard"",""maximum_metal_charge"":4,""metal_classical_electron_stark"":false,""metal_line_supplements"":[],""mixing_length_alpha"":1.25,""neutral_broadening"":""unsold"",""photospheric_depth_concentration"":1.0,""quality"":""production"",""structure_opacity_sampling_resolution"":1000.0,""synthesis_transfer_depth_refinement"":4}",,a9e9020b9fa59fe1efdcd8aff58efac3f383d3bdf8c7446021468b7bd22f5ab6,18901,dab,1667.8026400990057,intermediate-abundance-280,
dab-ecf17cad7eeb77d701145a97,DAB,20000,8.5,3,production,COMPLETE_NUMERICAL,COMPLETE_NUMERICAL,COMPLETE_NUMERICAL,0a74fdbe06596fc145f5169a3b239ddd67053141,"{""abundances"":null,""allard_minimum_effective_temperature"":9000.0,""atmosphere_solver"":""adaptive-newton"",""balmer_self_broadening_prescription"":null,""balmer_self_broadening_truncation_closure"":""stark-core"",""effective_temperature"":20000,""formal_maximum_metal_lines"":null,""formal_minimum_metal_oscillator_strength"":0.0001,""h2_he_cia_path"":null,""include_molecules"":false,""log_hydrogen_to_helium"":3,""logg"":8.5,""lyman_profile_source"":""allard"",""maximum_metal_charge"":4,""metal_classical_electron_stark"":false,""metal_line_supplements"":[],""mixing_length_alpha"":1.25,""neutral_broadening"":""unsold"",""photospheric_depth_concentration"":1.0,""quality"":""production"",""structure_opacity_sampling_resolution"":1000.0,""synthesis_transfer_depth_refinement"":4}",,67ce170471f07a775dd4956bc15946ee9bff5a1cc076f55772216ad852b0f1e0,18901,dab,1629.5860955800017,intermediate-abundance-280,
dab-72c9c56667406d01c9999b31,DAB,20000,9,-5,production,COMPLETE_NUMERICAL,COMPLETE_NUMERICAL,COMPLETE_NUMERICAL,0a74fdbe06596fc145f5169a3b239ddd67053141,"{""abundances"":null,""allard_minimum_effective_temperature"":9000.0,""atmosphere_solver"":""adaptive-newton"",""balmer_self_broadening_prescription"":null,""balmer_self_broadening_truncation_closure"":""stark-core"",""effective_temperature"":20000,""formal_maximum_metal_lines"":null,""formal_minimum_metal_oscillator_strength"":0.0001,""h2_he_cia_path"":null,""include_molecules"":false,""log_hydrogen_to_helium"":-5,""logg"":9,""lyman_profile_source"":""allard"",""maximum_metal_charge"":4,""metal_classical_electron_stark"":false,""metal_line_supplements"":[],""mixing_length_alpha"":1.25,""neutral_broadening"":""unsold"",""photospheric_depth_concentration"":1.0,""quality"":""production"",""structure_opacity_sampling_resolution"":1000.0,""synthesis_transfer_depth_refinement"":4}",,a42e98847aaa4334f6c0545b7e01e6717178812d34912b5ad3323c1b5dd3085e,18901,dab,3031.951379585,intermediate-abundance-280,
dab-bdbe720bb30d35052350f541,DAB,20000,9,-3,production,COMPLETE_NUMERICAL,COMPLETE_NUMERICAL,COMPLETE_NUMERICAL,0a74fdbe06596fc145f5169a3b239ddd67053141,"{""abundances"":null,""allard_minimum_effective_temperature"":9000.0,""atmosphere_solver"":""adaptive-newton"",""balmer_self_broadening_prescription"":null,""balmer_self_broadening_truncation_closure"":""stark-core"",""effective_temperature"":20000,""formal_maximum_metal_lines"":null,""formal_minimum_metal_oscillator_strength"":0.0001,""h2_he_cia_path"":null,""include_molecules"":false,""log_hydrogen_to_helium"":-3,""logg"":9,""lyman_profile_source"":""allard"",""maximum_metal_charge"":4,""metal_classical_electron_stark"":false,""metal_line_supplements"":[],""mixing_length_alpha"":1.25,""neutral_broadening"":""unsold"",""photospheric_depth_concentration"":1.0,""quality"":""production"",""structure_opacity_sampling_resolution"":1000.0,""synthesis_transfer_depth_refinement"":4}",,35d237e59a33ead6d756105eab3f2747c53fd8f94b0b997be9c1d4cb8cf4a313,18901,dab,2155.923575944995,intermediate-abundance-280,
dab-2cdb1dc4a927013ce85448ae,DAB,20000,9,-1,production,COMPLETE_NUMERICAL,COMPLETE_NUMERICAL,COMPLETE_NUMERICAL,0a74fdbe06596fc145f5169a3b239ddd67053141,"{""abundances"":null,""allard_minimum_effective_temperature"":9000.0,""atmosphere_solver"":""adaptive-newton"",""balmer_self_broadening_prescription"":null,""balmer_self_broadening_truncation_closure"":""stark-core"",""effective_temperature"":20000,""formal_maximum_metal_lines"":null,""formal_minimum_metal_oscillator_strength"":0.0001,""h2_he_cia_path"":null,""include_molecules"":false,""log_hydrogen_to_helium"":-1,""logg"":9,""lyman_profile_source"":""allard"",""maximum_metal_charge"":4,""metal_classical_electron_stark"":false,""metal_line_supplements"":[],""mixing_length_alpha"":1.25,""neutral_broadening"":""unsold"",""photospheric_depth_concentration"":1.0,""quality"":""production"",""structure_opacity_sampling_resolution"":1000.0,""synthesis_transfer_depth_refinement"":4}",,c25bfda443854524631ce30a59da450b819ad6d09b594f84a7205c301252e503,18901,dab,2383.3368437379977,intermediate-abundance-280,
dab-ab495fc785bf2faaef86709e,DAB,20000,9,1,production,COMPLETE_NUMERICAL,COMPLETE_NUMERICAL,COMPLETE_NUMERICAL,0a74fdbe06596fc145f5169a3b239ddd67053141,"{""abundances"":null,""allard_minimum_effective_temperature"":9000.0,""atmosphere_solver"":""adaptive-newton"",""balmer_self_broadening_prescription"":null,""balmer_self_broadening_truncation_closure"":""stark-core"",""effective_temperature"":20000,""formal_maximum_metal_lines"":null,""formal_minimum_metal_oscillator_strength"":0.0001,""h2_he_cia_path"":null,""include_molecules"":false,""log_hydrogen_to_helium"":1,""logg"":9,""lyman_profile_source"":""allard"",""maximum_metal_charge"":4,""metal_classical_electron_stark"":false,""metal_line_supplements"":[],""mixing_length_alpha"":1.25,""neutral_broadening"":""unsold"",""photospheric_depth_concentration"":1.0,""quality"":""production"",""structure_opacity_sampling_resolution"":1000.0,""synthesis_transfer_depth_refinement"":4}",,94d759ad8ff3855e298f89f996d7fb6127e49a3c28195b8107ea7b195245a38e,18901,dab,2341.0337791560014,intermediate-abundance-280,
dab-6963ba58330c3695ae190cbc,DAB,20000,9,3,production,COMPLETE_NUMERICAL,COMPLETE_NUMERICAL,COMPLETE_NUMERICAL,0a74fdbe06596fc145f5169a3b239ddd67053141,"{""abundances"":null,""allard_minimum_effective_temperature"":9000.0,""atmosphere_solver"":""adaptive-newton"",""balmer_self_broadening_prescription"":null,""balmer_self_broadening_truncation_closure"":""stark-core"",""effective_temperature"":20000,""formal_maximum_metal_lines"":null,""formal_minimum_metal_oscillator_strength"":0.0001,""h2_he_cia_path"":null,""include_molecules"":false,""log_hydrogen_to_helium"":3,""logg"":9,""lyman_profile_source"":""allard"",""maximum_metal_charge"":4,""metal_classical_electron_stark"":false,""metal_line_supplements"":[],""mixing_length_alpha"":1.25,""neutral_broadening"":""unsold"",""photospheric_depth_concentration"":1.0,""quality"":""production"",""structure_opacity_sampling_resolution"":1000.0,""synthesis_transfer_depth_refinement"":4}",,1353ee3ae16c2c769a1aae95820589bc252996d5da8391afbd4bb51b2829c4d4,18901,dab,5550.345815007,intermediate-abundance-280,
dab-372bab446cbcdb5ef857719b,DAB,20000,9.5,-5,production,INFRASTRUCTURE_INTERRUPTION,INFRASTRUCTURE_INTERRUPTION,WORKER_CRASH_SIGSEGV,0a74fdbe06596fc145f5169a3b239ddd67053141,"{""abundances"":null,""allard_minimum_effective_temperature"":9000.0,""atmosphere_solver"":""adaptive-newton"",""balmer_self_broadening_prescription"":null,""balmer_self_broadening_truncation_closure"":""stark-core"",""effective_temperature"":20000,""formal_maximum_metal_lines"":null,""formal_minimum_metal_oscillator_strength"":0.0001,""h2_he_cia_path"":null,""include_molecules"":false,""log_hydrogen_to_helium"":-5,""logg"":9.5,""lyman_profile_source"":""allard"",""maximum_metal_charge"":4,""metal_classical_electron_stark"":false,""metal_line_supplements"":[],""mixing_length_alpha"":1.25,""neutral_broadening"":""unsold"",""photospheric_depth_concentration"":1.0,""quality"":""production"",""structure_opacity_sampling_resolution"":1000.0,""synthesis_transfer_depth_refinement"":4}",,,,,1537.9701862729999,intermediate-abundance-280,
dab-92376947882dd06a35640664,DAB,20000,9.5,-3,production,COMPLETE_NUMERICAL,COMPLETE_NUMERICAL,COMPLETE_NUMERICAL,0a74fdbe06596fc145f5169a3b239ddd67053141,"{""abundances"":null,""allard_minimum_effective_temperature"":9000.0,""atmosphere_solver"":""adaptive-newton"",""balmer_self_broadening_prescription"":null,""balmer_self_broadening_truncation_closure"":""stark-core"",""effective_temperature"":20000,""formal_maximum_metal_lines"":null,""formal_minimum_metal_oscillator_strength"":0.0001,""h2_he_cia_path"":null,""include_molecules"":false,""log_hydrogen_to_helium"":-3,""logg"":9.5,""lyman_profile_source"":""allard"",""maximum_metal_charge"":4,""metal_classical_electron_stark"":false,""metal_line_supplements"":[],""mixing_length_alpha"":1.25,""neutral_broadening"":""unsold"",""photospheric_depth_concentration"":1.0,""quality"":""production"",""structure_opacity_sampling_resolution"":1000.0,""synthesis_transfer_depth_refinement"":4}",,27b40cd66eaad94772466252db4acff0c86291d0a44bcdb6d19fe6e26b29aa5a,18901,dab,2509.3938298110006,intermediate-abundance-280,
dab-91b70ba52bf536601ac010cf,DAB,20000,9.5,-1,production,COMPLETE_NUMERICAL,COMPLETE_NUMERICAL,COMPLETE_NUMERICAL,0a74fdbe06596fc145f5169a3b239ddd67053141,"{""abundances"":null,""allard_minimum_effective_temperature"":9000.0,""atmosphere_solver"":""adaptive-newton"",""balmer_self_broadening_prescription"":null,""balmer_self_broadening_truncation_closure"":""stark-core"",""effective_temperature"":20000,""formal_maximum_metal_lines"":null,""formal_minimum_metal_oscillator_strength"":0.0001,""h2_he_cia_path"":null,""include_molecules"":false,""log_hydrogen_to_helium"":-1,""logg"":9.5,""lyman_profile_source"":""allard"",""maximum_metal_charge"":4,""metal_classical_electron_stark"":false,""metal_line_supplements"":[],""mixing_length_alpha"":1.25,""neutral_broadening"":""unsold"",""photospheric_depth_concentration"":1.0,""quality"":""production"",""structure_opacity_sampling_resolution"":1000.0,""synthesis_transfer_depth_refinement"":4}",,c5755a97141608da40881c11bbaf450a901feb9006347274e3d49b619fb3c625,18901,dab,2403.1820236550047,intermediate-abundance-280,
dab-49787a1e3f8c199308294bfe,DAB,20000,9.5,1,production,COMPLETE_NUMERICAL,COMPLETE_NUMERICAL,COMPLETE_NUMERICAL,0a74fdbe06596fc145f5169a3b239ddd67053141,"{""abundances"":null,""allard_minimum_effective_temperature"":9000.0,""atmosphere_solver"":""adaptive-newton"",""balmer_self_broadening_prescription"":null,""balmer_self_broadening_truncation_closure"":""stark-core"",""effective_temperature"":20000,""formal_maximum_metal_lines"":null,""formal_minimum_metal_oscillator_strength"":0.0001,""h2_he_cia_path"":null,""include_molecules"":false,""log_hydrogen_to_helium"":1,""logg"":9.5,""lyman_profile_source"":""allard"",""maximum_metal_charge"":4,""metal_classical_electron_stark"":false,""metal_line_supplements"":[],""mixing_length_alpha"":1.25,""neutral_broadening"":""unsold"",""photospheric_depth_concentration"":1.0,""quality"":""production"",""structure_opacity_sampling_resolution"":1000.0,""synthesis_transfer_depth_refinement"":4}",,27477f4ab1aea7717cd4e00d7d0f54d87b00bd4386997f442d4c91ba46675320,18901,dab,1711.0349349949975,intermediate-abundance-280,
dab-221c0d7283a7c0eb5d81b6dc,DAB,20000,9.5,3,production,COMPLETE_NUMERICAL,COMPLETE_NUMERICAL,COMPLETE_NUMERICAL,0a74fdbe06596fc145f5169a3b239ddd67053141,"{""abundances"":null,""allard_minimum_effective_temperature"":9000.0,""atmosphere_solver"":""adaptive-newton"",""balmer_self_broadening_prescription"":null,""balmer_self_broadening_truncation_closure"":""stark-core"",""effective_temperature"":20000,""formal_maximum_metal_lines"":null,""formal_minimum_metal_oscillator_strength"":0.0001,""h2_he_cia_path"":null,""include_molecules"":false,""log_hydrogen_to_helium"":3,""logg"":9.5,""lyman_profile_source"":""allard"",""maximum_metal_charge"":4,""metal_classical_electron_stark"":false,""metal_line_supplements"":[],""mixing_length_alpha"":1.25,""neutral_broadening"":""unsold"",""photospheric_depth_concentration"":1.0,""quality"":""production"",""structure_opacity_sampling_resolution"":1000.0,""synthesis_transfer_depth_refinement"":4}",,712bbd1a57eb40bd2e1d910afb5e36928287dfe48c8118bceadbf8a3396778bf,18901,dab,1645.0647343470046,intermediate-abundance-280,
dab-a7667dff4b7906f58a7a180c,DAB,25000,6,-5,production,COMPLETE_NUMERICAL,COMPLETE_NUMERICAL,COMPLETE_NUMERICAL,0a74fdbe06596fc145f5169a3b239ddd67053141,"{""abundances"":null,""allard_minimum_effective_temperature"":9000.0,""atmosphere_solver"":""adaptive-newton"",""balmer_self_broadening_prescription"":null,""balmer_self_broadening_truncation_closure"":""stark-core"",""effective_temperature"":25000,""formal_maximum_metal_lines"":null,""formal_minimum_metal_oscillator_strength"":0.0001,""h2_he_cia_path"":null,""include_molecules"":false,""log_hydrogen_to_helium"":-5,""logg"":6,""lyman_profile_source"":""allard"",""maximum_metal_charge"":4,""metal_classical_electron_stark"":false,""metal_line_supplements"":[],""mixing_length_alpha"":1.25,""neutral_broadening"":""unsold"",""photospheric_depth_concentration"":1.0,""quality"":""production"",""structure_opacity_sampling_resolution"":1000.0,""synthesis_transfer_depth_refinement"":4}",,042535baa69ebd307d17e1fdbb1ca0a6df4cc4a4011a2207ef1d4db46c45ead6,18901,dab,2253.147003885999,intermediate-abundance-280,
dab-ae97e7477df4ca8b6e4776cc,DAB,25000,6,-3,production,COMPLETE_NUMERICAL,COMPLETE_NUMERICAL,COMPLETE_NUMERICAL,0a74fdbe06596fc145f5169a3b239ddd67053141,"{""abundances"":null,""allard_minimum_effective_temperature"":9000.0,""atmosphere_solver"":""adaptive-newton"",""balmer_self_broadening_prescription"":null,""balmer_self_broadening_truncation_closure"":""stark-core"",""effective_temperature"":25000,""formal_maximum_metal_lines"":null,""formal_minimum_metal_oscillator_strength"":0.0001,""h2_he_cia_path"":null,""include_molecules"":false,""log_hydrogen_to_helium"":-3,""logg"":6,""lyman_profile_source"":""allard"",""maximum_metal_charge"":4,""metal_classical_electron_stark"":false,""metal_line_supplements"":[],""mixing_length_alpha"":1.25,""neutral_broadening"":""unsold"",""photospheric_depth_concentration"":1.0,""quality"":""production"",""structure_opacity_sampling_resolution"":1000.0,""synthesis_transfer_depth_refinement"":4}",,3efc044ef77ebeaf366aba0e4ed773f23c182c55a3c82869d42f84b15214f9dd,18901,dab,2350.5871622560007,intermediate-abundance-280,
dab-d5f44b6ef8c8e577d5b2858e,DAB,25000,6,-1,production,COMPLETE_NUMERICAL,COMPLETE_NUMERICAL,COMPLETE_NUMERICAL,0a74fdbe06596fc145f5169a3b239ddd67053141,"{""abundances"":null,""allard_minimum_effective_temperature"":9000.0,""atmosphere_solver"":""adaptive-newton"",""balmer_self_broadening_prescription"":null,""balmer_self_broadening_truncation_closure"":""stark-core"",""effective_temperature"":25000,""formal_maximum_metal_lines"":null,""formal_minimum_metal_oscillator_strength"":0.0001,""h2_he_cia_path"":null,""include_molecules"":false,""log_hydrogen_to_helium"":-1,""logg"":6,""lyman_profile_source"":""allard"",""maximum_metal_charge"":4,""metal_classical_electron_stark"":false,""metal_line_supplements"":[],""mixing_length_alpha"":1.25,""neutral_broadening"":""unsold"",""photospheric_depth_concentration"":1.0,""quality"":""production"",""structure_opacity_sampling_resolution"":1000.0,""synthesis_transfer_depth_refinement"":4}",,8c7fc3cb95002e9fb4b4dce6f5daaa00b3d61b9ebfbef9017a8bb32b22b9d4dd,18901,dab,2010.3562693990025,intermediate-abundance-280,
dab-2999c6cb9d604856cda1e8a2,DAB,25000,6,1,production,COMPLETE_NUMERICAL,COMPLETE_NUMERICAL,COMPLETE_NUMERICAL,0a74fdbe06596fc145f5169a3b239ddd67053141,"{""abundances"":null,""allard_minimum_effective_temperature"":9000.0,""atmosphere_solver"":""adaptive-newton"",""balmer_self_broadening_prescription"":null,""balmer_self_broadening_truncation_closure"":""stark-core"",""effective_temperature"":25000,""formal_maximum_metal_lines"":null,""formal_minimum_metal_oscillator_strength"":0.0001,""h2_he_cia_path"":null,""include_molecules"":false,""log_hydrogen_to_helium"":1,""logg"":6,""lyman_profile_source"":""allard"",""maximum_metal_charge"":4,""metal_classical_electron_stark"":false,""metal_line_supplements"":[],""mixing_length_alpha"":1.25,""neutral_broadening"":""unsold"",""photospheric_depth_concentration"":1.0,""quality"":""production"",""structure_opacity_sampling_resolution"":1000.0,""synthesis_transfer_depth_refinement"":4}",,d60c4ebaa77cf243ca29242a8c0f1914c0254b82fbcd141271e4c526c4d7fbc1,18901,dab,1683.7291681179995,intermediate-abundance-280,
dab-b96cd049f95439e545fdde1c,DAB,25000,6,3,production,COMPLETE_NUMERICAL,COMPLETE_NUMERICAL,COMPLETE_NUMERICAL,0a74fdbe06596fc145f5169a3b239ddd67053141,"{""abundances"":null,""allard_minimum_effective_temperature"":9000.0,""atmosphere_solver"":""adaptive-newton"",""balmer_self_broadening_prescription"":null,""balmer_self_broadening_truncation_closure"":""stark-core"",""effective_temperature"":25000,""formal_maximum_metal_lines"":null,""formal_minimum_metal_oscillator_strength"":0.0001,""h2_he_cia_path"":null,""include_molecules"":false,""log_hydrogen_to_helium"":3,""logg"":6,""lyman_profile_source"":""allard"",""maximum_metal_charge"":4,""metal_classical_electron_stark"":false,""metal_line_supplements"":[],""mixing_length_alpha"":1.25,""neutral_broadening"":""unsold"",""photospheric_depth_concentration"":1.0,""quality"":""production"",""structure_opacity_sampling_resolution"":1000.0,""synthesis_transfer_depth_refinement"":4}",,ea4fbbde32a2d3ab6caeb5bc73a6741a3586661cc51d7eeed9e14ebeb2b48966,18901,dab,1508.6252503880023,intermediate-abundance-280,
dab-e98f45dd98a50dbb8c042889,DAB,25000,6.5,-5,production,COMPLETE_NUMERICAL,COMPLETE_NUMERICAL,COMPLETE_NUMERICAL,0a74fdbe06596fc145f5169a3b239ddd67053141,"{""abundances"":null,""allard_minimum_effective_temperature"":9000.0,""atmosphere_solver"":""adaptive-newton"",""balmer_self_broadening_prescription"":null,""balmer_self_broadening_truncation_closure"":""stark-core"",""effective_temperature"":25000,""formal_maximum_metal_lines"":null,""formal_minimum_metal_oscillator_strength"":0.0001,""h2_he_cia_path"":null,""include_molecules"":false,""log_hydrogen_to_helium"":-5,""logg"":6.5,""lyman_profile_source"":""allard"",""maximum_metal_charge"":4,""metal_classical_electron_stark"":false,""metal_line_supplements"":[],""mixing_length_alpha"":1.25,""neutral_broadening"":""unsold"",""photospheric_depth_concentration"":1.0,""quality"":""production"",""structure_opacity_sampling_resolution"":1000.0,""synthesis_transfer_depth_refinement"":4}",,71fda4ebb1b7f89d1bb2165fb27d422544b2f1aee39dccd9ebc7696c944191c4,18901,dab,1746.2675523409998,intermediate-abundance-280,
dab-7dd8ebc97880988946c9b545,DAB,25000,6.5,-3,production,COMPLETE_NUMERICAL,COMPLETE_NUMERICAL,COMPLETE_NUMERICAL,0a74fdbe06596fc145f5169a3b239ddd67053141,"{""abundances"":null,""allard_minimum_effective_temperature"":9000.0,""atmosphere_solver"":""adaptive-newton"",""balmer_self_broadening_prescription"":null,""balmer_self_broadening_truncation_closure"":""stark-core"",""effective_temperature"":25000,""formal_maximum_metal_lines"":null,""formal_minimum_metal_oscillator_strength"":0.0001,""h2_he_cia_path"":null,""include_molecules"":false,""log_hydrogen_to_helium"":-3,""logg"":6.5,""lyman_profile_source"":""allard"",""maximum_metal_charge"":4,""metal_classical_electron_stark"":false,""metal_line_supplements"":[],""mixing_length_alpha"":1.25,""neutral_broadening"":""unsold"",""photospheric_depth_concentration"":1.0,""quality"":""production"",""structure_opacity_sampling_resolution"":1000.0,""synthesis_transfer_depth_refinement"":4}",,fd8ed6b6caae550db7be4f03ae4ce09f83e78b0ab5887afb619b55de7ae204ce,18901,dab,2227.6666149059965,intermediate-abundance-280,
dab-2a887f18b5d21847cc4c20c8,DAB,25000,6.5,-1,production,COMPLETE_NUMERICAL,COMPLETE_NUMERICAL,COMPLETE_NUMERICAL,0a74fdbe06596fc145f5169a3b239ddd67053141,"{""abundances"":null,""allard_minimum_effective_temperature"":9000.0,""atmosphere_solver"":""adaptive-newton"",""balmer_self_broadening_prescription"":null,""balmer_self_broadening_truncation_closure"":""stark-core"",""effective_temperature"":25000,""formal_maximum_metal_lines"":null,""formal_minimum_metal_oscillator_strength"":0.0001,""h2_he_cia_path"":null,""include_molecules"":false,""log_hydrogen_to_helium"":-1,""logg"":6.5,""lyman_profile_source"":""allard"",""maximum_metal_charge"":4,""metal_classical_electron_stark"":false,""metal_line_supplements"":[],""mixing_length_alpha"":1.25,""neutral_broadening"":""unsold"",""photospheric_depth_concentration"":1.0,""quality"":""production"",""structure_opacity_sampling_resolution"":1000.0,""synthesis_transfer_depth_refinement"":4}",,8525e81999040d0c7eaf71940ef5a6b4d26ee95149d78e488e274f7db3e8bede,18901,dab,1916.5903021949998,intermediate-abundance-280,
dab-3afef5440f20e1698bc6d610,DAB,25000,6.5,1,production,COMPLETE_NUMERICAL,COMPLETE_NUMERICAL,COMPLETE_NUMERICAL,0a74fdbe06596fc145f5169a3b239ddd67053141,"{""abundances"":null,""allard_minimum_effective_temperature"":9000.0,""atmosphere_solver"":""adaptive-newton"",""balmer_self_broadening_prescription"":null,""balmer_self_broadening_truncation_closure"":""stark-core"",""effective_temperature"":25000,""formal_maximum_metal_lines"":null,""formal_minimum_metal_oscillator_strength"":0.0001,""h2_he_cia_path"":null,""include_molecules"":false,""log_hydrogen_to_helium"":1,""logg"":6.5,""lyman_profile_source"":""allard"",""maximum_metal_charge"":4,""metal_classical_electron_stark"":false,""metal_line_supplements"":[],""mixing_length_alpha"":1.25,""neutral_broadening"":""unsold"",""photospheric_depth_concentration"":1.0,""quality"":""production"",""structure_opacity_sampling_resolution"":1000.0,""synthesis_transfer_depth_refinement"":4}",,683bd5134dd703dd9e7ce2ecc983fc8fef2c74732f3b1da9c6d5f079e50158ab,18901,dab,1309.532695386999,intermediate-abundance-280,
dab-e692a13fdcbf12657ab42671,DAB,25000,6.5,3,production,COMPLETE_NUMERICAL,COMPLETE_NUMERICAL,COMPLETE_NUMERICAL,0a74fdbe06596fc145f5169a3b239ddd67053141,"{""abundances"":null,""allard_minimum_effective_temperature"":9000.0,""atmosphere_solver"":""adaptive-newton"",""balmer_self_broadening_prescription"":null,""balmer_self_broadening_truncation_closure"":""stark-core"",""effective_temperature"":25000,""formal_maximum_metal_lines"":null,""formal_minimum_metal_oscillator_strength"":0.0001,""h2_he_cia_path"":null,""include_molecules"":false,""log_hydrogen_to_helium"":3,""logg"":6.5,""lyman_profile_source"":""allard"",""maximum_metal_charge"":4,""metal_classical_electron_stark"":false,""metal_line_supplements"":[],""mixing_length_alpha"":1.25,""neutral_broadening"":""unsold"",""photospheric_depth_concentration"":1.0,""quality"":""production"",""structure_opacity_sampling_resolution"":1000.0,""synthesis_transfer_depth_refinement"":4}",,452bb004e3ecc355971fc0792b5256365a105732a47c5484e07f84782c5da7b0,18901,dab,1255.8611041240001,intermediate-abundance-280,
dab-c3658de18b6d9a8b9b0214fb,DAB,25000,7,-5,production,COMPLETE_NUMERICAL,COMPLETE_NUMERICAL,COMPLETE_NUMERICAL,0a74fdbe06596fc145f5169a3b239ddd67053141,"{""abundances"":null,""allard_minimum_effective_temperature"":9000.0,""atmosphere_solver"":""adaptive-newton"",""balmer_self_broadening_prescription"":null,""balmer_self_broadening_truncation_closure"":""stark-core"",""effective_temperature"":25000,""formal_maximum_metal_lines"":null,""formal_minimum_metal_oscillator_strength"":0.0001,""h2_he_cia_path"":null,""include_molecules"":false,""log_hydrogen_to_helium"":-5,""logg"":7,""lyman_profile_source"":""allard"",""maximum_metal_charge"":4,""metal_classical_electron_stark"":false,""metal_line_supplements"":[],""mixing_length_alpha"":1.25,""neutral_broadening"":""unsold"",""photospheric_depth_concentration"":1.0,""quality"":""production"",""structure_opacity_sampling_resolution"":1000.0,""synthesis_transfer_depth_refinement"":4}",,8d99abe3286f4536b80dbfb2f7be853ebc723d9e9e08ed2cb25d659c15d309fa,18901,dab,5076.3885141790015,intermediate-abundance-280,
dab-14dfd87727077759edca05b9,DAB,25000,7,-3,production,COMPLETE_NUMERICAL,COMPLETE_NUMERICAL,COMPLETE_NUMERICAL,0a74fdbe06596fc145f5169a3b239ddd67053141,"{""abundances"":null,""allard_minimum_effective_temperature"":9000.0,""atmosphere_solver"":""adaptive-newton"",""balmer_self_broadening_prescription"":null,""balmer_self_broadening_truncation_closure"":""stark-core"",""effective_temperature"":25000,""formal_maximum_metal_lines"":null,""formal_minimum_metal_oscillator_strength"":0.0001,""h2_he_cia_path"":null,""include_molecules"":false,""log_hydrogen_to_helium"":-3,""logg"":7,""lyman_profile_source"":""allard"",""maximum_metal_charge"":4,""metal_classical_electron_stark"":false,""metal_line_supplements"":[],""mixing_length_alpha"":1.25,""neutral_broadening"":""unsold"",""photospheric_depth_concentration"":1.0,""quality"":""production"",""structure_opacity_sampling_resolution"":1000.0,""synthesis_transfer_depth_refinement"":4}",,f48712cf0407c0ecfd6b7ae3d25236b77384ee4781daf01c0bbe16da70846b96,18901,dab,1900.6350231679971,intermediate-abundance-280,
dab-8bdd7e9a6ec0376e36c700b6,DAB,25000,7,-1,production,COMPLETE_NUMERICAL,COMPLETE_NUMERICAL,COMPLETE_NUMERICAL,0a74fdbe06596fc145f5169a3b239ddd67053141,"{""abundances"":null,""allard_minimum_effective_temperature"":9000.0,""atmosphere_solver"":""adaptive-newton"",""balmer_self_broadening_prescription"":null,""balmer_self_broadening_truncation_closure"":""stark-core"",""effective_temperature"":25000,""formal_maximum_metal_lines"":null,""formal_minimum_metal_oscillator_strength"":0.0001,""h2_he_cia_path"":null,""include_molecules"":false,""log_hydrogen_to_helium"":-1,""logg"":7,""lyman_profile_source"":""allard"",""maximum_metal_charge"":4,""metal_classical_electron_stark"":false,""metal_line_supplements"":[],""mixing_length_alpha"":1.25,""neutral_broadening"":""unsold"",""photospheric_depth_concentration"":1.0,""quality"":""production"",""structure_opacity_sampling_resolution"":1000.0,""synthesis_transfer_depth_refinement"":4}",,3695a47c8f66f2d6f48895597a70ca04df0b91a7d78d4c4002174f40ce1ab346,18901,dab,2072.0633926309965,intermediate-abundance-280,
dab-809ab82f57db68e978441688,DAB,25000,7,1,production,COMPLETE_NUMERICAL,COMPLETE_NUMERICAL,COMPLETE_NUMERICAL,0a74fdbe06596fc145f5169a3b239ddd67053141,"{""abundances"":null,""allard_minimum_effective_temperature"":9000.0,""atmosphere_solver"":""adaptive-newton"",""balmer_self_broadening_prescription"":null,""balmer_self_broadening_truncation_closure"":""stark-core"",""effective_temperature"":25000,""formal_maximum_metal_lines"":null,""formal_minimum_metal_oscillator_strength"":0.0001,""h2_he_cia_path"":null,""include_molecules"":false,""log_hydrogen_to_helium"":1,""logg"":7,""lyman_profile_source"":""allard"",""maximum_metal_charge"":4,""metal_classical_electron_stark"":false,""metal_line_supplements"":[],""mixing_length_alpha"":1.25,""neutral_broadening"":""unsold"",""photospheric_depth_concentration"":1.0,""quality"":""production"",""structure_opacity_sampling_resolution"":1000.0,""synthesis_transfer_depth_refinement"":4}",,4b62ff52fac00d379edd656b988c268ae9262f1625e0312e222bfc761ff21a2d,18901,dab,1414.9096580999976,intermediate-abundance-280,
dab-10d9d73eca69f5a0c4a1faf9,DAB,25000,7,3,production,COMPLETE_NUMERICAL,COMPLETE_NUMERICAL,COMPLETE_NUMERICAL,0a74fdbe06596fc145f5169a3b239ddd67053141,"{""abundances"":null,""allard_minimum_effective_temperature"":9000.0,""atmosphere_solver"":""adaptive-newton"",""balmer_self_broadening_prescription"":null,""balmer_self_broadening_truncation_closure"":""stark-core"",""effective_temperature"":25000,""formal_maximum_metal_lines"":null,""formal_minimum_metal_oscillator_strength"":0.0001,""h2_he_cia_path"":null,""include_molecules"":false,""log_hydrogen_to_helium"":3,""logg"":7,""lyman_profile_source"":""allard"",""maximum_metal_charge"":4,""metal_classical_electron_stark"":false,""metal_line_supplements"":[],""mixing_length_alpha"":1.25,""neutral_broadening"":""unsold"",""photospheric_depth_concentration"":1.0,""quality"":""production"",""structure_opacity_sampling_resolution"":1000.0,""synthesis_transfer_depth_refinement"":4}",,99a953210bf8e0e6e42457ebf219860444d43c22abdb859a23826b4fc67e3403,18901,dab,1036.1511827729992,intermediate-abundance-280,
dab-af02dc4b917cad88eb00046c,DAB,25000,7.5,-5,production,COMPLETE_NUMERICAL,COMPLETE_NUMERICAL,COMPLETE_NUMERICAL,0a74fdbe06596fc145f5169a3b239ddd67053141,"{""abundances"":null,""allard_minimum_effective_temperature"":9000.0,""atmosphere_solver"":""adaptive-newton"",""balmer_self_broadening_prescription"":null,""balmer_self_broadening_truncation_closure"":""stark-core"",""effective_temperature"":25000,""formal_maximum_metal_lines"":null,""formal_minimum_metal_oscillator_strength"":0.0001,""h2_he_cia_path"":null,""include_molecules"":false,""log_hydrogen_to_helium"":-5,""logg"":7.5,""lyman_profile_source"":""allard"",""maximum_metal_charge"":4,""metal_classical_electron_stark"":false,""metal_line_supplements"":[],""mixing_length_alpha"":1.25,""neutral_broadening"":""unsold"",""photospheric_depth_concentration"":1.0,""quality"":""production"",""structure_opacity_sampling_resolution"":1000.0,""synthesis_transfer_depth_refinement"":4}",,5156888c5fc0b5d72974f05070c06f13bc928983544f2da5551dcb5c0fbde61c,18901,dab,2015.0007342299941,intermediate-abundance-280,
dab-10ddd6ec5b9c65eb8104423c,DAB,25000,7.5,-3,production,COMPLETE_NUMERICAL,COMPLETE_NUMERICAL,COMPLETE_NUMERICAL,0a74fdbe06596fc145f5169a3b239ddd67053141,"{""abundances"":null,""allard_minimum_effective_temperature"":9000.0,""atmosphere_solver"":""adaptive-newton"",""balmer_self_broadening_prescription"":null,""balmer_self_broadening_truncation_closure"":""stark-core"",""effective_temperature"":25000,""formal_maximum_metal_lines"":null,""formal_minimum_metal_oscillator_strength"":0.0001,""h2_he_cia_path"":null,""include_molecules"":false,""log_hydrogen_to_helium"":-3,""logg"":7.5,""lyman_profile_source"":""allard"",""maximum_metal_charge"":4,""metal_classical_electron_stark"":false,""metal_line_supplements"":[],""mixing_length_alpha"":1.25,""neutral_broadening"":""unsold"",""photospheric_depth_concentration"":1.0,""quality"":""production"",""structure_opacity_sampling_resolution"":1000.0,""synthesis_transfer_depth_refinement"":4}",,588456e20029a8941e57ec579ad4b06fdbb196064baecc58ff376a81c124ee36,18901,dab,1653.004103870997,intermediate-abundance-280,
dab-f2eb621b6a3863314c5ca1ea,DAB,25000,7.5,-1,production,COMPLETE_NUMERICAL,COMPLETE_NUMERICAL,COMPLETE_NUMERICAL,0a74fdbe06596fc145f5169a3b239ddd67053141,"{""abundances"":null,""allard_minimum_effective_temperature"":9000.0,""atmosphere_solver"":""adaptive-newton"",""balmer_self_broadening_prescription"":null,""balmer_self_broadening_truncation_closure"":""stark-core"",""effective_temperature"":25000,""formal_maximum_metal_lines"":null,""formal_minimum_metal_oscillator_strength"":0.0001,""h2_he_cia_path"":null,""include_molecules"":false,""log_hydrogen_to_helium"":-1,""logg"":7.5,""lyman_profile_source"":""allard"",""maximum_metal_charge"":4,""metal_classical_electron_stark"":false,""metal_line_supplements"":[],""mixing_length_alpha"":1.25,""neutral_broadening"":""unsold"",""photospheric_depth_concentration"":1.0,""quality"":""production"",""structure_opacity_sampling_resolution"":1000.0,""synthesis_transfer_depth_refinement"":4}",,1b808ec9d5bea35f2e7b7a71c598ebc969e7c9b956871349e85855142bc184c1,18901,dab,2133.7756147010004,intermediate-abundance-280,
dab-b16e07c4e4ac8eff16e6d305,DAB,25000,7.5,1,production,COMPLETE_NUMERICAL,COMPLETE_NUMERICAL,COMPLETE_NUMERICAL,0a74fdbe06596fc145f5169a3b239ddd67053141,"{""abundances"":null,""allard_minimum_effective_temperature"":9000.0,""atmosphere_solver"":""adaptive-newton"",""balmer_self_broadening_prescription"":null,""balmer_self_broadening_truncation_closure"":""stark-core"",""effective_temperature"":25000,""formal_maximum_metal_lines"":null,""formal_minimum_metal_oscillator_strength"":0.0001,""h2_he_cia_path"":null,""include_molecules"":false,""log_hydrogen_to_helium"":1,""logg"":7.5,""lyman_profile_source"":""allard"",""maximum_metal_charge"":4,""metal_classical_electron_stark"":false,""metal_line_supplements"":[],""mixing_length_alpha"":1.25,""neutral_broadening"":""unsold"",""photospheric_depth_concentration"":1.0,""quality"":""production"",""structure_opacity_sampling_resolution"":1000.0,""synthesis_transfer_depth_refinement"":4}",,5d89f82c82ad55153502b4a7dfc6fa74e3e511e898a61d39faca81898f486eb3,18901,dab,2083.9667854940053,intermediate-abundance-280,
dab-b6c37b507ed5cd3e36d91af1,DAB,25000,7.5,3,production,COMPLETE_NUMERICAL,COMPLETE_NUMERICAL,COMPLETE_NUMERICAL,0a74fdbe06596fc145f5169a3b239ddd67053141,"{""abundances"":null,""allard_minimum_effective_temperature"":9000.0,""atmosphere_solver"":""adaptive-newton"",""balmer_self_broadening_prescription"":null,""balmer_self_broadening_truncation_closure"":""stark-core"",""effective_temperature"":25000,""formal_maximum_metal_lines"":null,""formal_minimum_metal_oscillator_strength"":0.0001,""h2_he_cia_path"":null,""include_molecules"":false,""log_hydrogen_to_helium"":3,""logg"":7.5,""lyman_profile_source"":""allard"",""maximum_metal_charge"":4,""metal_classical_electron_stark"":false,""metal_line_supplements"":[],""mixing_length_alpha"":1.25,""neutral_broadening"":""unsold"",""photospheric_depth_concentration"":1.0,""quality"":""production"",""structure_opacity_sampling_resolution"":1000.0,""synthesis_transfer_depth_refinement"":4}",,a04d39aed8cdf2329809376e03c059528ed3347a7923634e13347cabf8fb0fe0,18901,dab,1027.165231482999,intermediate-abundance-280,
dab-6858f8dbbdaf0118c4238718,DAB,25000,8,-5,production,COMPLETE_NUMERICAL,COMPLETE_NUMERICAL,COMPLETE_NUMERICAL,0a74fdbe06596fc145f5169a3b239ddd67053141,"{""abundances"":null,""allard_minimum_effective_temperature"":9000.0,""atmosphere_solver"":""adaptive-newton"",""balmer_self_broadening_prescription"":null,""balmer_self_broadening_truncation_closure"":""stark-core"",""effective_temperature"":25000,""formal_maximum_metal_lines"":null,""formal_minimum_metal_oscillator_strength"":0.0001,""h2_he_cia_path"":null,""include_molecules"":false,""log_hydrogen_to_helium"":-5,""logg"":8,""lyman_profile_source"":""allard"",""maximum_metal_charge"":4,""metal_classical_electron_stark"":false,""metal_line_supplements"":[],""mixing_length_alpha"":1.25,""neutral_broadening"":""unsold"",""photospheric_depth_concentration"":1.0,""quality"":""production"",""structure_opacity_sampling_resolution"":1000.0,""synthesis_transfer_depth_refinement"":4}",,0327fdb746bdfdedaf0246680464576bc280a5834bf4a5ab9a05957169126a27,18901,dab,2150.607842646001,intermediate-abundance-280,
dab-22ffa7f9fe5bcb7b2912e89c,DAB,25000,8,-3,production,COMPLETE_NUMERICAL,COMPLETE_NUMERICAL,COMPLETE_NUMERICAL,0a74fdbe06596fc145f5169a3b239ddd67053141,"{""abundances"":null,""allard_minimum_effective_temperature"":9000.0,""atmosphere_solver"":""adaptive-newton"",""balmer_self_broadening_prescription"":null,""balmer_self_broadening_truncation_closure"":""stark-core"",""effective_temperature"":25000,""formal_maximum_metal_lines"":null,""formal_minimum_metal_oscillator_strength"":0.0001,""h2_he_cia_path"":null,""include_molecules"":false,""log_hydrogen_to_helium"":-3,""logg"":8,""lyman_profile_source"":""allard"",""maximum_metal_charge"":4,""metal_classical_electron_stark"":false,""metal_line_supplements"":[],""mixing_length_alpha"":1.25,""neutral_broadening"":""unsold"",""photospheric_depth_concentration"":1.0,""quality"":""production"",""structure_opacity_sampling_resolution"":1000.0,""synthesis_transfer_depth_refinement"":4}",,0f69ab07e9a4caf793c21ae8b54eada877e12233c48e3b995edd6abd81ca8ee1,18901,dab,4553.443992888002,intermediate-abundance-280,
dab-4c80180bff9b7f28b2ee534f,DAB,25000,8,-1,production,COMPLETE_NUMERICAL,COMPLETE_NUMERICAL,COMPLETE_NUMERICAL,0a74fdbe06596fc145f5169a3b239ddd67053141,"{""abundances"":null,""allard_minimum_effective_temperature"":9000.0,""atmosphere_solver"":""adaptive-newton"",""balmer_self_broadening_prescription"":null,""balmer_self_broadening_truncation_closure"":""stark-core"",""effective_temperature"":25000,""formal_maximum_metal_lines"":null,""formal_minimum_metal_oscillator_strength"":0.0001,""h2_he_cia_path"":null,""include_molecules"":false,""log_hydrogen_to_helium"":-1,""logg"":8,""lyman_profile_source"":""allard"",""maximum_metal_charge"":4,""metal_classical_electron_stark"":false,""metal_line_supplements"":[],""mixing_length_alpha"":1.25,""neutral_broadening"":""unsold"",""photospheric_depth_concentration"":1.0,""quality"":""production"",""structure_opacity_sampling_resolution"":1000.0,""synthesis_transfer_depth_refinement"":4}",,e026ff588658470d26e2400d1f539bb767dc1fd8a1bc2069d6836a0df0e1beac,18901,dab,1998.5359217980003,intermediate-abundance-280,
dab-721227940e713f1ece06a127,DAB,25000,8,1,production,COMPLETE_NUMERICAL,COMPLETE_NUMERICAL,COMPLETE_NUMERICAL,0a74fdbe06596fc145f5169a3b239ddd67053141,"{""abundances"":null,""allard_minimum_effective_temperature"":9000.0,""atmosphere_solver"":""adaptive-newton"",""balmer_self_broadening_prescription"":null,""balmer_self_broadening_truncation_closure"":""stark-core"",""effective_temperature"":25000,""formal_maximum_metal_lines"":null,""formal_minimum_metal_oscillator_strength"":0.0001,""h2_he_cia_path"":null,""include_molecules"":false,""log_hydrogen_to_helium"":1,""logg"":8,""lyman_profile_source"":""allard"",""maximum_metal_charge"":4,""metal_classical_electron_stark"":false,""metal_line_supplements"":[],""mixing_length_alpha"":1.25,""neutral_broadening"":""unsold"",""photospheric_depth_concentration"":1.0,""quality"":""production"",""structure_opacity_sampling_resolution"":1000.0,""synthesis_transfer_depth_refinement"":4}",,ed30b4ba14de7583277614919b637257b227ca152c10cd99bbfc625bb182f0c9,18901,dab,2181.463491180999,intermediate-abundance-280,
dab-e88e50dcfd2f4c3b3c03d55d,DAB,25000,8,3,production,COMPLETE_NUMERICAL,COMPLETE_NUMERICAL,COMPLETE_NUMERICAL,0a74fdbe06596fc145f5169a3b239ddd67053141,"{""abundances"":null,""allard_minimum_effective_temperature"":9000.0,""atmosphere_solver"":""adaptive-newton"",""balmer_self_broadening_prescription"":null,""balmer_self_broadening_truncation_closure"":""stark-core"",""effective_temperature"":25000,""formal_maximum_metal_lines"":null,""formal_minimum_metal_oscillator_strength"":0.0001,""h2_he_cia_path"":null,""include_molecules"":false,""log_hydrogen_to_helium"":3,""logg"":8,""lyman_profile_source"":""allard"",""maximum_metal_charge"":4,""metal_classical_electron_stark"":false,""metal_line_supplements"":[],""mixing_length_alpha"":1.25,""neutral_broadening"":""unsold"",""photospheric_depth_concentration"":1.0,""quality"":""production"",""structure_opacity_sampling_resolution"":1000.0,""synthesis_transfer_depth_refinement"":4}",,d1157947ed6370adce1e49e44fd1cfd1af66aa0119dcc96a5af656c73d182a75,18901,dab,1076.4921415319986,intermediate-abundance-280,
dab-847a06819d824d4bbc597c79,DAB,25000,8.5,-5,production,COMPLETE_NUMERICAL,COMPLETE_NUMERICAL,COMPLETE_NUMERICAL,0a74fdbe06596fc145f5169a3b239ddd67053141,"{""abundances"":null,""allard_minimum_effective_temperature"":9000.0,""atmosphere_solver"":""adaptive-newton"",""balmer_self_broadening_prescription"":null,""balmer_self_broadening_truncation_closure"":""stark-core"",""effective_temperature"":25000,""formal_maximum_metal_lines"":null,""formal_minimum_metal_oscillator_strength"":0.0001,""h2_he_cia_path"":null,""include_molecules"":false,""log_hydrogen_to_helium"":-5,""logg"":8.5,""lyman_profile_source"":""allard"",""maximum_metal_charge"":4,""metal_classical_electron_stark"":false,""metal_line_supplements"":[],""mixing_length_alpha"":1.25,""neutral_broadening"":""unsold"",""photospheric_depth_concentration"":1.0,""quality"":""production"",""structure_opacity_sampling_resolution"":1000.0,""synthesis_transfer_depth_refinement"":4}",,640fa30cf2a95a7227501470f20e200017895cc3db156d444c303e7cd7ec26fe,18901,dab,4430.517801359005,intermediate-abundance-280,
dab-1894960d21dc795a0aa0c3a4,DAB,25000,8.5,-3,production,COMPLETE_NUMERICAL,COMPLETE_NUMERICAL,COMPLETE_NUMERICAL,0a74fdbe06596fc145f5169a3b239ddd67053141,"{""abundances"":null,""allard_minimum_effective_temperature"":9000.0,""atmosphere_solver"":""adaptive-newton"",""balmer_self_broadening_prescription"":null,""balmer_self_broadening_truncation_closure"":""stark-core"",""effective_temperature"":25000,""formal_maximum_metal_lines"":null,""formal_minimum_metal_oscillator_strength"":0.0001,""h2_he_cia_path"":null,""include_molecules"":false,""log_hydrogen_to_helium"":-3,""logg"":8.5,""lyman_profile_source"":""allard"",""maximum_metal_charge"":4,""metal_classical_electron_stark"":false,""metal_line_supplements"":[],""mixing_length_alpha"":1.25,""neutral_broadening"":""unsold"",""photospheric_depth_concentration"":1.0,""quality"":""production"",""structure_opacity_sampling_resolution"":1000.0,""synthesis_transfer_depth_refinement"":4}",,71687b050d3f6299ab6972ca823a558a718e90c39b000a64377bcbdb646afaf2,18901,dab,4399.874864386002,intermediate-abundance-280,
dab-e0ef447702c09349a7429c41,DAB,25000,8.5,-1,production,TIMEOUT,TIMEOUT,TIMEOUT,0a74fdbe06596fc145f5169a3b239ddd67053141,"{""abundances"":null,""allard_minimum_effective_temperature"":9000.0,""atmosphere_solver"":""adaptive-newton"",""balmer_self_broadening_prescription"":null,""balmer_self_broadening_truncation_closure"":""stark-core"",""effective_temperature"":25000,""formal_maximum_metal_lines"":null,""formal_minimum_metal_oscillator_strength"":0.0001,""h2_he_cia_path"":null,""include_molecules"":false,""log_hydrogen_to_helium"":-1,""logg"":8.5,""lyman_profile_source"":""allard"",""maximum_metal_charge"":4,""metal_classical_electron_stark"":false,""metal_line_supplements"":[],""mixing_length_alpha"":1.25,""neutral_broadening"":""unsold"",""photospheric_depth_concentration"":1.0,""quality"":""production"",""structure_opacity_sampling_resolution"":1000.0,""synthesis_transfer_depth_refinement"":4}",,,,,4215.4948887380015,intermediate-abundance-280,
dab-88a5a859181b1dcad376b485,DAB,25000,8.5,1,production,COMPLETE_NUMERICAL,COMPLETE_NUMERICAL,COMPLETE_NUMERICAL,0a74fdbe06596fc145f5169a3b239ddd67053141,"{""abundances"":null,""allard_minimum_effective_temperature"":9000.0,""atmosphere_solver"":""adaptive-newton"",""balmer_self_broadening_prescription"":null,""balmer_self_broadening_truncation_closure"":""stark-core"",""effective_temperature"":25000,""formal_maximum_metal_lines"":null,""formal_minimum_metal_oscillator_strength"":0.0001,""h2_he_cia_path"":null,""include_molecules"":false,""log_hydrogen_to_helium"":1,""logg"":8.5,""lyman_profile_source"":""allard"",""maximum_metal_charge"":4,""metal_classical_electron_stark"":false,""metal_line_supplements"":[],""mixing_length_alpha"":1.25,""neutral_broadening"":""unsold"",""photospheric_depth_concentration"":1.0,""quality"":""production"",""structure_opacity_sampling_resolution"":1000.0,""synthesis_transfer_depth_refinement"":4}",,73e18b84cfaf45d07cee66615866fb3ae31a0773952dfe72419d1cebba845763,18901,dab,2273.7229775809974,intermediate-abundance-280,
dab-d49ce10ef9770e2d64b4fd70,DAB,25000,8.5,3,production,COMPLETE_NUMERICAL,COMPLETE_NUMERICAL,COMPLETE_NUMERICAL,0a74fdbe06596fc145f5169a3b239ddd67053141,"{""abundances"":null,""allard_minimum_effective_temperature"":9000.0,""atmosphere_solver"":""adaptive-newton"",""balmer_self_broadening_prescription"":null,""balmer_self_broadening_truncation_closure"":""stark-core"",""effective_temperature"":25000,""formal_maximum_metal_lines"":null,""formal_minimum_metal_oscillator_strength"":0.0001,""h2_he_cia_path"":null,""include_molecules"":false,""log_hydrogen_to_helium"":3,""logg"":8.5,""lyman_profile_source"":""allard"",""maximum_metal_charge"":4,""metal_classical_electron_stark"":false,""metal_line_supplements"":[],""mixing_length_alpha"":1.25,""neutral_broadening"":""unsold"",""photospheric_depth_concentration"":1.0,""quality"":""production"",""structure_opacity_sampling_resolution"":1000.0,""synthesis_transfer_depth_refinement"":4}",,13760f8924bd76ad581903c0c11cd17a6117889dc0abdb8e285058e0a1fd38ec,18901,dab,1281.526402907999,intermediate-abundance-280,
dab-748d8e2544143a859c6dc150,DAB,25000,9,-5,production,COMPLETE_NUMERICAL,COMPLETE_NUMERICAL,COMPLETE_NUMERICAL,0a74fdbe06596fc145f5169a3b239ddd67053141,"{""abundances"":null,""allard_minimum_effective_temperature"":9000.0,""atmosphere_solver"":""adaptive-newton"",""balmer_self_broadening_prescription"":null,""balmer_self_broadening_truncation_closure"":""stark-core"",""effective_temperature"":25000,""formal_maximum_metal_lines"":null,""formal_minimum_metal_oscillator_strength"":0.0001,""h2_he_cia_path"":null,""include_molecules"":false,""log_hydrogen_to_helium"":-5,""logg"":9,""lyman_profile_source"":""allard"",""maximum_metal_charge"":4,""metal_classical_electron_stark"":false,""metal_line_supplements"":[],""mixing_length_alpha"":1.25,""neutral_broadening"":""unsold"",""photospheric_depth_concentration"":1.0,""quality"":""production"",""structure_opacity_sampling_resolution"":1000.0,""synthesis_transfer_depth_refinement"":4}",,a1ece34662b8a37a2c7420912ad231b51c88d0881960b9b129b698c68ddda8d5,18901,dab,3155.3848956750007,intermediate-abundance-280,
dab-ff08e1a5a24c2fc5641ea290,DAB,25000,9,-3,production,COMPLETE_NUMERICAL,COMPLETE_NUMERICAL,COMPLETE_NUMERICAL,0a74fdbe06596fc145f5169a3b239ddd67053141,"{""abundances"":null,""allard_minimum_effective_temperature"":9000.0,""atmosphere_solver"":""adaptive-newton"",""balmer_self_broadening_prescription"":null,""balmer_self_broadening_truncation_closure"":""stark-core"",""effective_temperature"":25000,""formal_maximum_metal_lines"":null,""formal_minimum_metal_oscillator_strength"":0.0001,""h2_he_cia_path"":null,""include_molecules"":false,""log_hydrogen_to_helium"":-3,""logg"":9,""lyman_profile_source"":""allard"",""maximum_metal_charge"":4,""metal_classical_electron_stark"":false,""metal_line_supplements"":[],""mixing_length_alpha"":1.25,""neutral_broadening"":""unsold"",""photospheric_depth_concentration"":1.0,""quality"":""production"",""structure_opacity_sampling_resolution"":1000.0,""synthesis_transfer_depth_refinement"":4}",,e831c5afc6b45df757523fac49e63c839339e72989b5563975f9b7d8c1ab3b6c,18901,dab,3098.8493618259963,intermediate-abundance-280,
dab-2444f1a1d763763c61d6fe3c,DAB,25000,9,-1,production,COMPLETE_NUMERICAL,COMPLETE_NUMERICAL,COMPLETE_NUMERICAL,0a74fdbe06596fc145f5169a3b239ddd67053141,"{""abundances"":null,""allard_minimum_effective_temperature"":9000.0,""atmosphere_solver"":""adaptive-newton"",""balmer_self_broadening_prescription"":null,""balmer_self_broadening_truncation_closure"":""stark-core"",""effective_temperature"":25000,""formal_maximum_metal_lines"":null,""formal_minimum_metal_oscillator_strength"":0.0001,""h2_he_cia_path"":null,""include_molecules"":false,""log_hydrogen_to_helium"":-1,""logg"":9,""lyman_profile_source"":""allard"",""maximum_metal_charge"":4,""metal_classical_electron_stark"":false,""metal_line_supplements"":[],""mixing_length_alpha"":1.25,""neutral_broadening"":""unsold"",""photospheric_depth_concentration"":1.0,""quality"":""production"",""structure_opacity_sampling_resolution"":1000.0,""synthesis_transfer_depth_refinement"":4}",,a7d56f2be817e240e43475ff49fc4c215d1cdce627ecb5621a3e36eea0a018e2,18901,dab,4394.1260977799975,intermediate-abundance-280,
dab-387e6654fb5d70e864d774c2,DAB,25000,9,1,production,COMPLETE_NUMERICAL,COMPLETE_NUMERICAL,COMPLETE_NUMERICAL,0a74fdbe06596fc145f5169a3b239ddd67053141,"{""abundances"":null,""allard_minimum_effective_temperature"":9000.0,""atmosphere_solver"":""adaptive-newton"",""balmer_self_broadening_prescription"":null,""balmer_self_broadening_truncation_closure"":""stark-core"",""effective_temperature"":25000,""formal_maximum_metal_lines"":null,""formal_minimum_metal_oscillator_strength"":0.0001,""h2_he_cia_path"":null,""include_molecules"":false,""log_hydrogen_to_helium"":1,""logg"":9,""lyman_profile_source"":""allard"",""maximum_metal_charge"":4,""metal_classical_electron_stark"":false,""metal_line_supplements"":[],""mixing_length_alpha"":1.25,""neutral_broadening"":""unsold"",""photospheric_depth_concentration"":1.0,""quality"":""production"",""structure_opacity_sampling_resolution"":1000.0,""synthesis_transfer_depth_refinement"":4}",,b80e59db7eeeea81ff306f9dadc23b3d0ebbf6afa0ddaafa36778d565f4e2a0f,18901,dab,2079.1486296469957,intermediate-abundance-280,
dab-588adc1b3e012174e5224825,DAB,25000,9,3,production,COMPLETE_NUMERICAL,COMPLETE_NUMERICAL,COMPLETE_NUMERICAL,0a74fdbe06596fc145f5169a3b239ddd67053141,"{""abundances"":null,""allard_minimum_effective_temperature"":9000.0,""atmosphere_solver"":""adaptive-newton"",""balmer_self_broadening_prescription"":null,""balmer_self_broadening_truncation_closure"":""stark-core"",""effective_temperature"":25000,""formal_maximum_metal_lines"":null,""formal_minimum_metal_oscillator_strength"":0.0001,""h2_he_cia_path"":null,""include_molecules"":false,""log_hydrogen_to_helium"":3,""logg"":9,""lyman_profile_source"":""allard"",""maximum_metal_charge"":4,""metal_classical_electron_stark"":false,""metal_line_supplements"":[],""mixing_length_alpha"":1.25,""neutral_broadening"":""unsold"",""photospheric_depth_concentration"":1.0,""quality"":""production"",""structure_opacity_sampling_resolution"":1000.0,""synthesis_transfer_depth_refinement"":4}",,4d5f66ff83cb830324063051b2425a64cc7d32ca15e21623cc4030ba2ece0c20,18901,dab,1511.5834107819974,intermediate-abundance-280,
dab-42d3b9a8e764de0d3e67a017,DAB,25000,9.5,-5,production,COMPLETE_NUMERICAL,COMPLETE_NUMERICAL,COMPLETE_NUMERICAL,0a74fdbe06596fc145f5169a3b239ddd67053141,"{""abundances"":null,""allard_minimum_effective_temperature"":9000.0,""atmosphere_solver"":""adaptive-newton"",""balmer_self_broadening_prescription"":null,""balmer_self_broadening_truncation_closure"":""stark-core"",""effective_temperature"":25000,""formal_maximum_metal_lines"":null,""formal_minimum_metal_oscillator_strength"":0.0001,""h2_he_cia_path"":null,""include_molecules"":false,""log_hydrogen_to_helium"":-5,""logg"":9.5,""lyman_profile_source"":""allard"",""maximum_metal_charge"":4,""metal_classical_electron_stark"":false,""metal_line_supplements"":[],""mixing_length_alpha"":1.25,""neutral_broadening"":""unsold"",""photospheric_depth_concentration"":1.0,""quality"":""production"",""structure_opacity_sampling_resolution"":1000.0,""synthesis_transfer_depth_refinement"":4}",,e2893fbc939e66d17a924a94705c7b4fb4105c4986a772867c2b8d819b2ac254,18901,dab,4225.997216973003,intermediate-abundance-280,
dab-f7c7143b9418f7a0411a926b,DAB,25000,9.5,-3,production,COMPLETE_NUMERICAL,COMPLETE_NUMERICAL,COMPLETE_NUMERICAL,0a74fdbe06596fc145f5169a3b239ddd67053141,"{""abundances"":null,""allard_minimum_effective_temperature"":9000.0,""atmosphere_solver"":""adaptive-newton"",""balmer_self_broadening_prescription"":null,""balmer_self_broadening_truncation_closure"":""stark-core"",""effective_temperature"":25000,""formal_maximum_metal_lines"":null,""formal_minimum_metal_oscillator_strength"":0.0001,""h2_he_cia_path"":null,""include_molecules"":false,""log_hydrogen_to_helium"":-3,""logg"":9.5,""lyman_profile_source"":""allard"",""maximum_metal_charge"":4,""metal_classical_electron_stark"":false,""metal_line_supplements"":[],""mixing_length_alpha"":1.25,""neutral_broadening"":""unsold"",""photospheric_depth_concentration"":1.0,""quality"":""production"",""structure_opacity_sampling_resolution"":1000.0,""synthesis_transfer_depth_refinement"":4}",,0a666a93c3d2449c415e0e30e55889821eaeeeea4086686a66c36d73e13ac970,18901,dab,4093.234846801999,intermediate-abundance-280,
dab-29c0fe55e89f7a49f80fd24f,DAB,25000,9.5,-1,production,COMPLETE_NUMERICAL,COMPLETE_NUMERICAL,COMPLETE_NUMERICAL,0a74fdbe06596fc145f5169a3b239ddd67053141,"{""abundances"":null,""allard_minimum_effective_temperature"":9000.0,""atmosphere_solver"":""adaptive-newton"",""balmer_self_broadening_prescription"":null,""balmer_self_broadening_truncation_closure"":""stark-core"",""effective_temperature"":25000,""formal_maximum_metal_lines"":null,""formal_minimum_metal_oscillator_strength"":0.0001,""h2_he_cia_path"":null,""include_molecules"":false,""log_hydrogen_to_helium"":-1,""logg"":9.5,""lyman_profile_source"":""allard"",""maximum_metal_charge"":4,""metal_classical_electron_stark"":false,""metal_line_supplements"":[],""mixing_length_alpha"":1.25,""neutral_broadening"":""unsold"",""photospheric_depth_concentration"":1.0,""quality"":""production"",""structure_opacity_sampling_resolution"":1000.0,""synthesis_transfer_depth_refinement"":4}",,feb6f68a513a756c782cb7d1a2d277882478829655f718a38971125cb30fbb5a,18901,dab,2469.497903659001,intermediate-abundance-280,
dab-9d2f8acb7ee1ca56735fbdd2,DAB,25000,9.5,1,production,COMPLETE_NUMERICAL,COMPLETE_NUMERICAL,COMPLETE_NUMERICAL,0a74fdbe06596fc145f5169a3b239ddd67053141,"{""abundances"":null,""allard_minimum_effective_temperature"":9000.0,""atmosphere_solver"":""adaptive-newton"",""balmer_self_broadening_prescription"":null,""balmer_self_broadening_truncation_closure"":""stark-core"",""effective_temperature"":25000,""formal_maximum_metal_lines"":null,""formal_minimum_metal_oscillator_strength"":0.0001,""h2_he_cia_path"":null,""include_molecules"":false,""log_hydrogen_to_helium"":1,""logg"":9.5,""lyman_profile_source"":""allard"",""maximum_metal_charge"":4,""metal_classical_electron_stark"":false,""metal_line_supplements"":[],""mixing_length_alpha"":1.25,""neutral_broadening"":""unsold"",""photospheric_depth_concentration"":1.0,""quality"":""production"",""structure_opacity_sampling_resolution"":1000.0,""synthesis_transfer_depth_refinement"":4}",,ae32f8f06754c82e94d019ff7b79acc160be87c79ce3036977e540423c3ff4b0,18901,dab,2524.685177184001,intermediate-abundance-280,
dab-75bd8ba77076cff24eab3d8d,DAB,25000,9.5,3,production,COMPLETE_NUMERICAL,COMPLETE_NUMERICAL,COMPLETE_NUMERICAL,0a74fdbe06596fc145f5169a3b239ddd67053141,"{""abundances"":null,""allard_minimum_effective_temperature"":9000.0,""atmosphere_solver"":""adaptive-newton"",""balmer_self_broadening_prescription"":null,""balmer_self_broadening_truncation_closure"":""stark-core"",""effective_temperature"":25000,""formal_maximum_metal_lines"":null,""formal_minimum_metal_oscillator_strength"":0.0001,""h2_he_cia_path"":null,""include_molecules"":false,""log_hydrogen_to_helium"":3,""logg"":9.5,""lyman_profile_source"":""allard"",""maximum_metal_charge"":4,""metal_classical_electron_stark"":false,""metal_line_supplements"":[],""mixing_length_alpha"":1.25,""neutral_broadening"":""unsold"",""photospheric_depth_concentration"":1.0,""quality"":""production"",""structure_opacity_sampling_resolution"":1000.0,""synthesis_transfer_depth_refinement"":4}",,0f8befb475f80b89f5819bcd31b0e8eb196088586a1538e9599a960004bc4522,18901,dab,1657.099616711006,intermediate-abundance-280,
dab-6e7d134611a6756860d316c0,DAB,30000,6,-5,production,COMPLETE_NUMERICAL,COMPLETE_NUMERICAL,COMPLETE_NUMERICAL,0a74fdbe06596fc145f5169a3b239ddd67053141,"{""abundances"":null,""allard_minimum_effective_temperature"":9000.0,""atmosphere_solver"":""adaptive-newton"",""balmer_self_broadening_prescription"":null,""balmer_self_broadening_truncation_closure"":""stark-core"",""effective_temperature"":30000,""formal_maximum_metal_lines"":null,""formal_minimum_metal_oscillator_strength"":0.0001,""h2_he_cia_path"":null,""include_molecules"":false,""log_hydrogen_to_helium"":-5,""logg"":6,""lyman_profile_source"":""allard"",""maximum_metal_charge"":4,""metal_classical_electron_stark"":false,""metal_line_supplements"":[],""mixing_length_alpha"":1.25,""neutral_broadening"":""unsold"",""photospheric_depth_concentration"":1.0,""quality"":""production"",""structure_opacity_sampling_resolution"":1000.0,""synthesis_transfer_depth_refinement"":4}",,c08c31a574faa8e9a0a97ae458601d88815902e389cf5e69243c3c505f44e46b,18901,dab,1771.985876028004,intermediate-abundance-280,
dab-496cc9bd5eb54c381f26b082,DAB,30000,6,-3,production,COMPLETE_NUMERICAL,COMPLETE_NUMERICAL,COMPLETE_NUMERICAL,0a74fdbe06596fc145f5169a3b239ddd67053141,"{""abundances"":null,""allard_minimum_effective_temperature"":9000.0,""atmosphere_solver"":""adaptive-newton"",""balmer_self_broadening_prescription"":null,""balmer_self_broadening_truncation_closure"":""stark-core"",""effective_temperature"":30000,""formal_maximum_metal_lines"":null,""formal_minimum_metal_oscillator_strength"":0.0001,""h2_he_cia_path"":null,""include_molecules"":false,""log_hydrogen_to_helium"":-3,""logg"":6,""lyman_profile_source"":""allard"",""maximum_metal_charge"":4,""metal_classical_electron_stark"":false,""metal_line_supplements"":[],""mixing_length_alpha"":1.25,""neutral_broadening"":""unsold"",""photospheric_depth_concentration"":1.0,""quality"":""production"",""structure_opacity_sampling_resolution"":1000.0,""synthesis_transfer_depth_refinement"":4}",,d135dc8a503745f74276a31584aefc1091cbf4970d05d4df1017e4c6cc386e69,18901,dab,1834.485440834993,intermediate-abundance-280,
dab-b407656f8da063925dae3b90,DAB,30000,6,-1,production,COMPLETE_NUMERICAL,COMPLETE_NUMERICAL,COMPLETE_NUMERICAL,0a74fdbe06596fc145f5169a3b239ddd67053141,"{""abundances"":null,""allard_minimum_effective_temperature"":9000.0,""atmosphere_solver"":""adaptive-newton"",""balmer_self_broadening_prescription"":null,""balmer_self_broadening_truncation_closure"":""stark-core"",""effective_temperature"":30000,""formal_maximum_metal_lines"":null,""formal_minimum_metal_oscillator_strength"":0.0001,""h2_he_cia_path"":null,""include_molecules"":false,""log_hydrogen_to_helium"":-1,""logg"":6,""lyman_profile_source"":""allard"",""maximum_metal_charge"":4,""metal_classical_electron_stark"":false,""metal_line_supplements"":[],""mixing_length_alpha"":1.25,""neutral_broadening"":""unsold"",""photospheric_depth_concentration"":1.0,""quality"":""production"",""structure_opacity_sampling_resolution"":1000.0,""synthesis_transfer_depth_refinement"":4}",,30a51502bbb819ea300f1f9404ea5ff6a96c4d3fc52265b4bc9fb7bf1903ad7c,18901,dab,1296.2793254459975,intermediate-abundance-280,
dab-e04e6bec284d1432d7b5abf2,DAB,30000,6,1,production,COMPLETE_NUMERICAL,COMPLETE_NUMERICAL,COMPLETE_NUMERICAL,0a74fdbe06596fc145f5169a3b239ddd67053141,"{""abundances"":null,""allard_minimum_effective_temperature"":9000.0,""atmosphere_solver"":""adaptive-newton"",""balmer_self_broadening_prescription"":null,""balmer_self_broadening_truncation_closure"":""stark-core"",""effective_temperature"":30000,""formal_maximum_metal_lines"":null,""formal_minimum_metal_oscillator_strength"":0.0001,""h2_he_cia_path"":null,""include_molecules"":false,""log_hydrogen_to_helium"":1,""logg"":6,""lyman_profile_source"":""allard"",""maximum_metal_charge"":4,""metal_classical_electron_stark"":false,""metal_line_supplements"":[],""mixing_length_alpha"":1.25,""neutral_broadening"":""unsold"",""photospheric_depth_concentration"":1.0,""quality"":""production"",""structure_opacity_sampling_resolution"":1000.0,""synthesis_transfer_depth_refinement"":4}",,ced936e6aa1baf78fd53de1d56547994f4f2c4c0b0f14b94965831d56f20f733,18901,dab,2198.202949945,intermediate-abundance-280,
dab-1f7d9ed51915ff5d0c17bd01,DAB,30000,6,3,production,COMPLETE_NUMERICAL,COMPLETE_NUMERICAL,COMPLETE_NUMERICAL,0a74fdbe06596fc145f5169a3b239ddd67053141,"{""abundances"":null,""allard_minimum_effective_temperature"":9000.0,""atmosphere_solver"":""adaptive-newton"",""balmer_self_broadening_prescription"":null,""balmer_self_broadening_truncation_closure"":""stark-core"",""effective_temperature"":30000,""formal_maximum_metal_lines"":null,""formal_minimum_metal_oscillator_strength"":0.0001,""h2_he_cia_path"":null,""include_molecules"":false,""log_hydrogen_to_helium"":3,""logg"":6,""lyman_profile_source"":""allard"",""maximum_metal_charge"":4,""metal_classical_electron_stark"":false,""metal_line_supplements"":[],""mixing_length_alpha"":1.25,""neutral_broadening"":""unsold"",""photospheric_depth_concentration"":1.0,""quality"":""production"",""structure_opacity_sampling_resolution"":1000.0,""synthesis_transfer_depth_refinement"":4}",,bfa0c284e1a390ff9a9cb542fa40ff2d06d80b94265d2571eaaccea3ee33fd50,18901,dab,1840.0739804870027,intermediate-abundance-280,
dab-0cac623e87494798065ab010,DAB,30000,6.5,-5,production,COMPLETE_NUMERICAL,COMPLETE_NUMERICAL,COMPLETE_NUMERICAL,0a74fdbe06596fc145f5169a3b239ddd67053141,"{""abundances"":null,""allard_minimum_effective_temperature"":9000.0,""atmosphere_solver"":""adaptive-newton"",""balmer_self_broadening_prescription"":null,""balmer_self_broadening_truncation_closure"":""stark-core"",""effective_temperature"":30000,""formal_maximum_metal_lines"":null,""formal_minimum_metal_oscillator_strength"":0.0001,""h2_he_cia_path"":null,""include_molecules"":false,""log_hydrogen_to_helium"":-5,""logg"":6.5,""lyman_profile_source"":""allard"",""maximum_metal_charge"":4,""metal_classical_electron_stark"":false,""metal_line_supplements"":[],""mixing_length_alpha"":1.25,""neutral_broadening"":""unsold"",""photospheric_depth_concentration"":1.0,""quality"":""production"",""structure_opacity_sampling_resolution"":1000.0,""synthesis_transfer_depth_refinement"":4}",,5fe67385c9abe62cb83ec36e2c6c4c312459cb348e2c3bf09d63e1cde65ce527,18901,dab,2335.3412157009952,intermediate-abundance-280,
dab-d036af197ca140e6cea3f450,DAB,30000,6.5,-3,production,COMPLETE_NUMERICAL,COMPLETE_NUMERICAL,COMPLETE_NUMERICAL,0a74fdbe06596fc145f5169a3b239ddd67053141,"{""abundances"":null,""allard_minimum_effective_temperature"":9000.0,""atmosphere_solver"":""adaptive-newton"",""balmer_self_broadening_prescription"":null,""balmer_self_broadening_truncation_closure"":""stark-core"",""effective_temperature"":30000,""formal_maximum_metal_lines"":null,""formal_minimum_metal_oscillator_strength"":0.0001,""h2_he_cia_path"":null,""include_molecules"":false,""log_hydrogen_to_helium"":-3,""logg"":6.5,""lyman_profile_source"":""allard"",""maximum_metal_charge"":4,""metal_classical_electron_stark"":false,""metal_line_supplements"":[],""mixing_length_alpha"":1.25,""neutral_broadening"":""unsold"",""photospheric_depth_concentration"":1.0,""quality"":""production"",""structure_opacity_sampling_resolution"":1000.0,""synthesis_transfer_depth_refinement"":4}",,db2b155a95cad20fc2f8f43d23ca71d92df8327a52a5bb56d9eaee8c00297c15,18901,dab,2335.356920805003,intermediate-abundance-280,
dab-b975ab85d14e136feafa8922,DAB,30000,6.5,-1,production,COMPLETE_NUMERICAL,COMPLETE_NUMERICAL,COMPLETE_NUMERICAL,0a74fdbe06596fc145f5169a3b239ddd67053141,"{""abundances"":null,""allard_minimum_effective_temperature"":9000.0,""atmosphere_solver"":""adaptive-newton"",""balmer_self_broadening_prescription"":null,""balmer_self_broadening_truncation_closure"":""stark-core"",""effective_temperature"":30000,""formal_maximum_metal_lines"":null,""formal_minimum_metal_oscillator_strength"":0.0001,""h2_he_cia_path"":null,""include_molecules"":false,""log_hydrogen_to_helium"":-1,""logg"":6.5,""lyman_profile_source"":""allard"",""maximum_metal_charge"":4,""metal_classical_electron_stark"":false,""metal_line_supplements"":[],""mixing_length_alpha"":1.25,""neutral_broadening"":""unsold"",""photospheric_depth_concentration"":1.0,""quality"":""production"",""structure_opacity_sampling_resolution"":1000.0,""synthesis_transfer_depth_refinement"":4}",,f6dd243493b2634d3b868199883c7b6fe1ae82bff28580e27e822b18536eec59,18901,dab,1367.8622818759977,intermediate-abundance-280,
dab-52e08010f2fed8df0c599b88,DAB,30000,6.5,1,production,COMPLETE_NUMERICAL,COMPLETE_NUMERICAL,COMPLETE_NUMERICAL,0a74fdbe06596fc145f5169a3b239ddd67053141,"{""abundances"":null,""allard_minimum_effective_temperature"":9000.0,""atmosphere_solver"":""adaptive-newton"",""balmer_self_broadening_prescription"":null,""balmer_self_broadening_truncation_closure"":""stark-core"",""effective_temperature"":30000,""formal_maximum_metal_lines"":null,""formal_minimum_metal_oscillator_strength"":0.0001,""h2_he_cia_path"":null,""include_molecules"":false,""log_hydrogen_to_helium"":1,""logg"":6.5,""lyman_profile_source"":""allard"",""maximum_metal_charge"":4,""metal_classical_electron_stark"":false,""metal_line_supplements"":[],""mixing_length_alpha"":1.25,""neutral_broadening"":""unsold"",""photospheric_depth_concentration"":1.0,""quality"":""production"",""structure_opacity_sampling_resolution"":1000.0,""synthesis_transfer_depth_refinement"":4}",,53bd89598aa8855402f2b2cbd98159e38c54ad4187e99de1e5845eb05b3e4d86,18901,dab,1567.6663630910043,intermediate-abundance-280,
dab-4df0a348112bc4b034fc8308,DAB,30000,6.5,3,production,COMPLETE_NUMERICAL,COMPLETE_NUMERICAL,COMPLETE_NUMERICAL,0a74fdbe06596fc145f5169a3b239ddd67053141,"{""abundances"":null,""allard_minimum_effective_temperature"":9000.0,""atmosphere_solver"":""adaptive-newton"",""balmer_self_broadening_prescription"":null,""balmer_self_broadening_truncation_closure"":""stark-core"",""effective_temperature"":30000,""formal_maximum_metal_lines"":null,""formal_minimum_metal_oscillator_strength"":0.0001,""h2_he_cia_path"":null,""include_molecules"":false,""log_hydrogen_to_helium"":3,""logg"":6.5,""lyman_profile_source"":""allard"",""maximum_metal_charge"":4,""metal_classical_electron_stark"":false,""metal_line_supplements"":[],""mixing_length_alpha"":1.25,""neutral_broadening"":""unsold"",""photospheric_depth_concentration"":1.0,""quality"":""production"",""structure_opacity_sampling_resolution"":1000.0,""synthesis_transfer_depth_refinement"":4}",,4f8421512ccfcc148ad33f4e6ffeccdde34a97ef5752f865436bd1524c203965,18901,dab,1773.0858261139947,intermediate-abundance-280,
dab-df45ad2b86415411586ecfca,DAB,30000,7,-5,production,COMPLETE_NUMERICAL,COMPLETE_NUMERICAL,COMPLETE_NUMERICAL,0a74fdbe06596fc145f5169a3b239ddd67053141,"{""abundances"":null,""allard_minimum_effective_temperature"":9000.0,""atmosphere_solver"":""adaptive-newton"",""balmer_self_broadening_prescription"":null,""balmer_self_broadening_truncation_closure"":""stark-core"",""effective_temperature"":30000,""formal_maximum_metal_lines"":null,""formal_minimum_metal_oscillator_strength"":0.0001,""h2_he_cia_path"":null,""include_molecules"":false,""log_hydrogen_to_helium"":-5,""logg"":7,""lyman_profile_source"":""allard"",""maximum_metal_charge"":4,""metal_classical_electron_stark"":false,""metal_line_supplements"":[],""mixing_length_alpha"":1.25,""neutral_broadening"":""unsold"",""photospheric_depth_concentration"":1.0,""quality"":""production"",""structure_opacity_sampling_resolution"":1000.0,""synthesis_transfer_depth_refinement"":4}",,6e168560fb9752acf2d55980d60843524e0795239c5be941a159b60d79b093dd,18901,dab,2366.006211453001,intermediate-abundance-280,
dab-9325d1de2b19eff52cbe7aed,DAB,30000,7,-3,production,COMPLETE_NUMERICAL,COMPLETE_NUMERICAL,COMPLETE_NUMERICAL,0a74fdbe06596fc145f5169a3b239ddd67053141,"{""abundances"":null,""allard_minimum_effective_temperature"":9000.0,""atmosphere_solver"":""adaptive-newton"",""balmer_self_broadening_prescription"":null,""balmer_self_broadening_truncation_closure"":""stark-core"",""effective_temperature"":30000,""formal_maximum_metal_lines"":null,""formal_minimum_metal_oscillator_strength"":0.0001,""h2_he_cia_path"":null,""include_molecules"":false,""log_hydrogen_to_helium"":-3,""logg"":7,""lyman_profile_source"":""allard"",""maximum_metal_charge"":4,""metal_classical_electron_stark"":false,""metal_line_supplements"":[],""mixing_length_alpha"":1.25,""neutral_broadening"":""unsold"",""photospheric_depth_concentration"":1.0,""quality"":""production"",""structure_opacity_sampling_resolution"":1000.0,""synthesis_transfer_depth_refinement"":4}",,c5ee9fddaa4f02fef601c88e60fe2176a42dacde77f89a7a8a545d95506b7608,18901,dab,2345.505499849998,intermediate-abundance-280,
dab-42889c5532d5422f816bc2eb,DAB,30000,7,-1,production,COMPLETE_NUMERICAL,COMPLETE_NUMERICAL,COMPLETE_NUMERICAL,0a74fdbe06596fc145f5169a3b239ddd67053141,"{""abundances"":null,""allard_minimum_effective_temperature"":9000.0,""atmosphere_solver"":""adaptive-newton"",""balmer_self_broadening_prescription"":null,""balmer_self_broadening_truncation_closure"":""stark-core"",""effective_temperature"":30000,""formal_maximum_metal_lines"":null,""formal_minimum_metal_oscillator_strength"":0.0001,""h2_he_cia_path"":null,""include_molecules"":false,""log_hydrogen_to_helium"":-1,""logg"":7,""lyman_profile_source"":""allard"",""maximum_metal_charge"":4,""metal_classical_electron_stark"":false,""metal_line_supplements"":[],""mixing_length_alpha"":1.25,""neutral_broadening"":""unsold"",""photospheric_depth_concentration"":1.0,""quality"":""production"",""structure_opacity_sampling_resolution"":1000.0,""synthesis_transfer_depth_refinement"":4}",,92fce56238ec008f2984a0292c327e0f9d945ad06b7babc0d649cb47a1740949,18901,dab,1511.166068863,intermediate-abundance-280,
dab-2d04fed41f2aeae6dc81dbb3,DAB,30000,7,1,production,COMPLETE_NUMERICAL,COMPLETE_NUMERICAL,COMPLETE_NUMERICAL,0a74fdbe06596fc145f5169a3b239ddd67053141,"{""abundances"":null,""allard_minimum_effective_temperature"":9000.0,""atmosphere_solver"":""adaptive-newton"",""balmer_self_broadening_prescription"":null,""balmer_self_broadening_truncation_closure"":""stark-core"",""effective_temperature"":30000,""formal_maximum_metal_lines"":null,""formal_minimum_metal_oscillator_strength"":0.0001,""h2_he_cia_path"":null,""include_molecules"":false,""log_hydrogen_to_helium"":1,""logg"":7,""lyman_profile_source"":""allard"",""maximum_metal_charge"":4,""metal_classical_electron_stark"":false,""metal_line_supplements"":[],""mixing_length_alpha"":1.25,""neutral_broadening"":""unsold"",""photospheric_depth_concentration"":1.0,""quality"":""production"",""structure_opacity_sampling_resolution"":1000.0,""synthesis_transfer_depth_refinement"":4}",,055b1ba6efb8373d2f2988f2833d4604e564d500ed2fc4ccfb9389b658462b60,18901,dab,1625.6799749720012,intermediate-abundance-280,
dab-f5df2e31a948c5a4c99eb5ec,DAB,30000,7,3,production,COMPLETE_NUMERICAL,COMPLETE_NUMERICAL,COMPLETE_NUMERICAL,0a74fdbe06596fc145f5169a3b239ddd67053141,"{""abundances"":null,""allard_minimum_effective_temperature"":9000.0,""atmosphere_solver"":""adaptive-newton"",""balmer_self_broadening_prescription"":null,""balmer_self_broadening_truncation_closure"":""stark-core"",""effective_temperature"":30000,""formal_maximum_metal_lines"":null,""formal_minimum_metal_oscillator_strength"":0.0001,""h2_he_cia_path"":null,""include_molecules"":false,""log_hydrogen_to_helium"":3,""logg"":7,""lyman_profile_source"":""allard"",""maximum_metal_charge"":4,""metal_classical_electron_stark"":false,""metal_line_supplements"":[],""mixing_length_alpha"":1.25,""neutral_broadening"":""unsold"",""photospheric_depth_concentration"":1.0,""quality"":""production"",""structure_opacity_sampling_resolution"":1000.0,""synthesis_transfer_depth_refinement"":4}",,0e466ea2b7a686e6e03df07a4130da67d20a7767e34f76b460d9447f30f8028a,18901,dab,1565.6789971420003,intermediate-abundance-280,
dab-90dae46b85220d8bb328a601,DAB,30000,7.5,-5,production,COMPLETE_NUMERICAL,COMPLETE_NUMERICAL,COMPLETE_NUMERICAL,0a74fdbe06596fc145f5169a3b239ddd67053141,"{""abundances"":null,""allard_minimum_effective_temperature"":9000.0,""atmosphere_solver"":""adaptive-newton"",""balmer_self_broadening_prescription"":null,""balmer_self_broadening_truncation_closure"":""stark-core"",""effective_temperature"":30000,""formal_maximum_metal_lines"":null,""formal_minimum_metal_oscillator_strength"":0.0001,""h2_he_cia_path"":null,""include_molecules"":false,""log_hydrogen_to_helium"":-5,""logg"":7.5,""lyman_profile_source"":""allard"",""maximum_metal_charge"":4,""metal_classical_electron_stark"":false,""metal_line_supplements"":[],""mixing_length_alpha"":1.25,""neutral_broadening"":""unsold"",""photospheric_depth_concentration"":1.0,""quality"":""production"",""structure_opacity_sampling_resolution"":1000.0,""synthesis_transfer_depth_refinement"":4}",,315c7894f25fe0d62d353bdc3310e22fee9afeae874de56eba98c0a4358861fe,18901,dab,2258.406157968995,intermediate-abundance-280,
dab-ddffe119bed36096f9b23bea,DAB,30000,7.5,-3,production,COMPLETE_NUMERICAL,COMPLETE_NUMERICAL,COMPLETE_NUMERICAL,0a74fdbe06596fc145f5169a3b239ddd67053141,"{""abundances"":null,""allard_minimum_effective_temperature"":9000.0,""atmosphere_solver"":""adaptive-newton"",""balmer_self_broadening_prescription"":null,""balmer_self_broadening_truncation_closure"":""stark-core"",""effective_temperature"":30000,""formal_maximum_metal_lines"":null,""formal_minimum_metal_oscillator_strength"":0.0001,""h2_he_cia_path"":null,""include_molecules"":false,""log_hydrogen_to_helium"":-3,""logg"":7.5,""lyman_profile_source"":""allard"",""maximum_metal_charge"":4,""metal_classical_electron_stark"":false,""metal_line_supplements"":[],""mixing_length_alpha"":1.25,""neutral_broadening"":""unsold"",""photospheric_depth_concentration"":1.0,""quality"":""production"",""structure_opacity_sampling_resolution"":1000.0,""synthesis_transfer_depth_refinement"":4}",,de3bb7a86d2c8d070aecd06f80aefce379d1025e00cbe453c8348f2d2198209b,18901,dab,2278.9342559300057,intermediate-abundance-280,
dab-17349674d4f864653f815596,DAB,30000,7.5,-1,production,COMPLETE_NUMERICAL,COMPLETE_NUMERICAL,COMPLETE_NUMERICAL,0a74fdbe06596fc145f5169a3b239ddd67053141,"{""abundances"":null,""allard_minimum_effective_temperature"":9000.0,""atmosphere_solver"":""adaptive-newton"",""balmer_self_broadening_prescription"":null,""balmer_self_broadening_truncation_closure"":""stark-core"",""effective_temperature"":30000,""formal_maximum_metal_lines"":null,""formal_minimum_metal_oscillator_strength"":0.0001,""h2_he_cia_path"":null,""include_molecules"":false,""log_hydrogen_to_helium"":-1,""logg"":7.5,""lyman_profile_source"":""allard"",""maximum_metal_charge"":4,""metal_classical_electron_stark"":false,""metal_line_supplements"":[],""mixing_length_alpha"":1.25,""neutral_broadening"":""unsold"",""photospheric_depth_concentration"":1.0,""quality"":""production"",""structure_opacity_sampling_resolution"":1000.0,""synthesis_transfer_depth_refinement"":4}",,2fd2da0788e1d3c6c5ed1f6491f44e3593ecb30b3db515819cf3350325710784,18901,dab,1612.0600605049985,intermediate-abundance-280,
dab-217a3f278beccbc5894694f8,DAB,30000,7.5,1,production,COMPLETE_NUMERICAL,COMPLETE_NUMERICAL,COMPLETE_NUMERICAL,0a74fdbe06596fc145f5169a3b239ddd67053141,"{""abundances"":null,""allard_minimum_effective_temperature"":9000.0,""atmosphere_solver"":""adaptive-newton"",""balmer_self_broadening_prescription"":null,""balmer_self_broadening_truncation_closure"":""stark-core"",""effective_temperature"":30000,""formal_maximum_metal_lines"":null,""formal_minimum_metal_oscillator_strength"":0.0001,""h2_he_cia_path"":null,""include_molecules"":false,""log_hydrogen_to_helium"":1,""logg"":7.5,""lyman_profile_source"":""allard"",""maximum_metal_charge"":4,""metal_classical_electron_stark"":false,""metal_line_supplements"":[],""mixing_length_alpha"":1.25,""neutral_broadening"":""unsold"",""photospheric_depth_concentration"":1.0,""quality"":""production"",""structure_opacity_sampling_resolution"":1000.0,""synthesis_transfer_depth_refinement"":4}",,686d241db819bfd5356de4e2dd17786df43c398a51de2e6d62400ff2bcd8dcf8,18901,dab,1967.8824295829982,intermediate-abundance-280,
dab-e2f8a3aab913dc2436de06ff,DAB,30000,7.5,3,production,COMPLETE_NUMERICAL,COMPLETE_NUMERICAL,COMPLETE_NUMERICAL,0a74fdbe06596fc145f5169a3b239ddd67053141,"{""abundances"":null,""allard_minimum_effective_temperature"":9000.0,""atmosphere_solver"":""adaptive-newton"",""balmer_self_broadening_prescription"":null,""balmer_self_broadening_truncation_closure"":""stark-core"",""effective_temperature"":30000,""formal_maximum_metal_lines"":null,""formal_minimum_metal_oscillator_strength"":0.0001,""h2_he_cia_path"":null,""include_molecules"":false,""log_hydrogen_to_helium"":3,""logg"":7.5,""lyman_profile_source"":""allard"",""maximum_metal_charge"":4,""metal_classical_electron_stark"":false,""metal_line_supplements"":[],""mixing_length_alpha"":1.25,""neutral_broadening"":""unsold"",""photospheric_depth_concentration"":1.0,""quality"":""production"",""structure_opacity_sampling_resolution"":1000.0,""synthesis_transfer_depth_refinement"":4}",,5d1e2e45c36eeafa21fcf9a7b3ceb45762ac19a52899a9b20a7e9eb5fc6d95d4,18901,dab,1378.437560407001,intermediate-abundance-280,
dab-a1cc4043ea47a2b50968618c,DAB,30000,8,-5,production,COMPLETE_NUMERICAL,COMPLETE_NUMERICAL,COMPLETE_NUMERICAL,0a74fdbe06596fc145f5169a3b239ddd67053141,"{""abundances"":null,""allard_minimum_effective_temperature"":9000.0,""atmosphere_solver"":""adaptive-newton"",""balmer_self_broadening_prescription"":null,""balmer_self_broadening_truncation_closure"":""stark-core"",""effective_temperature"":30000,""formal_maximum_metal_lines"":null,""formal_minimum_metal_oscillator_strength"":0.0001,""h2_he_cia_path"":null,""include_molecules"":false,""log_hydrogen_to_helium"":-5,""logg"":8,""lyman_profile_source"":""allard"",""maximum_metal_charge"":4,""metal_classical_electron_stark"":false,""metal_line_supplements"":[],""mixing_length_alpha"":1.25,""neutral_broadening"":""unsold"",""photospheric_depth_concentration"":1.0,""quality"":""production"",""structure_opacity_sampling_resolution"":1000.0,""synthesis_transfer_depth_refinement"":4}",,0f5782a17d29002ae1799ff9bd610bace69d223074f751707a43cfe305c3dbbd,18901,dab,1671.410571237,intermediate-abundance-280,
dab-b6b00c0945ddce898a4b123d,DAB,30000,8,-3,production,COMPLETE_NUMERICAL,COMPLETE_NUMERICAL,COMPLETE_NUMERICAL,0a74fdbe06596fc145f5169a3b239ddd67053141,"{""abundances"":null,""allard_minimum_effective_temperature"":9000.0,""atmosphere_solver"":""adaptive-newton"",""balmer_self_broadening_prescription"":null,""balmer_self_broadening_truncation_closure"":""stark-core"",""effective_temperature"":30000,""formal_maximum_metal_lines"":null,""formal_minimum_metal_oscillator_strength"":0.0001,""h2_he_cia_path"":null,""include_molecules"":false,""log_hydrogen_to_helium"":-3,""logg"":8,""lyman_profile_source"":""allard"",""maximum_metal_charge"":4,""metal_classical_electron_stark"":false,""metal_line_supplements"":[],""mixing_length_alpha"":1.25,""neutral_broadening"":""unsold"",""photospheric_depth_concentration"":1.0,""quality"":""production"",""structure_opacity_sampling_resolution"":1000.0,""synthesis_transfer_depth_refinement"":4}",,6101b663a3e50b93475840c4b55e4d772ee606c95bdd5a337bd307a66e582323,18901,dab,1839.3200024010002,intermediate-abundance-280,
dab-677f21264163ec17dbfa77d3,DAB,30000,8,-1,production,COMPLETE_NUMERICAL,COMPLETE_NUMERICAL,COMPLETE_NUMERICAL,0a74fdbe06596fc145f5169a3b239ddd67053141,"{""abundances"":null,""allard_minimum_effective_temperature"":9000.0,""atmosphere_solver"":""adaptive-newton"",""balmer_self_broadening_prescription"":null,""balmer_self_broadening_truncation_closure"":""stark-core"",""effective_temperature"":30000,""formal_maximum_metal_lines"":null,""formal_minimum_metal_oscillator_strength"":0.0001,""h2_he_cia_path"":null,""include_molecules"":false,""log_hydrogen_to_helium"":-1,""logg"":8,""lyman_profile_source"":""allard"",""maximum_metal_charge"":4,""metal_classical_electron_stark"":false,""metal_line_supplements"":[],""mixing_length_alpha"":1.25,""neutral_broadening"":""unsold"",""photospheric_depth_concentration"":1.0,""quality"":""production"",""structure_opacity_sampling_resolution"":1000.0,""synthesis_transfer_depth_refinement"":4}",,3f2e1975ec05dacd8ed8fb3c22322a8a5200aeb532eb171d8cfbe1e6ecf3742d,18901,dab,1918.2991801830067,intermediate-abundance-280,
dab-1a746bda510cf154c02db0da,DAB,30000,8,1,production,COMPLETE_NUMERICAL,COMPLETE_NUMERICAL,COMPLETE_NUMERICAL,0a74fdbe06596fc145f5169a3b239ddd67053141,"{""abundances"":null,""allard_minimum_effective_temperature"":9000.0,""atmosphere_solver"":""adaptive-newton"",""balmer_self_broadening_prescription"":null,""balmer_self_broadening_truncation_closure"":""stark-core"",""effective_temperature"":30000,""formal_maximum_metal_lines"":null,""formal_minimum_metal_oscillator_strength"":0.0001,""h2_he_cia_path"":null,""include_molecules"":false,""log_hydrogen_to_helium"":1,""logg"":8,""lyman_profile_source"":""allard"",""maximum_metal_charge"":4,""metal_classical_electron_stark"":false,""metal_line_supplements"":[],""mixing_length_alpha"":1.25,""neutral_broadening"":""unsold"",""photospheric_depth_concentration"":1.0,""quality"":""production"",""structure_opacity_sampling_resolution"":1000.0,""synthesis_transfer_depth_refinement"":4}",,a5921cf2cf28c4b67af30aef01638777611d3327c1987736b4949f9d7a1c901d,18901,dab,1557.8849234709996,intermediate-abundance-280,
dab-f99385c7ae107cdc1d112987,DAB,30000,8,3,production,COMPLETE_NUMERICAL,COMPLETE_NUMERICAL,COMPLETE_NUMERICAL,0a74fdbe06596fc145f5169a3b239ddd67053141,"{""abundances"":null,""allard_minimum_effective_temperature"":9000.0,""atmosphere_solver"":""adaptive-newton"",""balmer_self_broadening_prescription"":null,""balmer_self_broadening_truncation_closure"":""stark-core"",""effective_temperature"":30000,""formal_maximum_metal_lines"":null,""formal_minimum_metal_oscillator_strength"":0.0001,""h2_he_cia_path"":null,""include_molecules"":false,""log_hydrogen_to_helium"":3,""logg"":8,""lyman_profile_source"":""allard"",""maximum_metal_charge"":4,""metal_classical_electron_stark"":false,""metal_line_supplements"":[],""mixing_length_alpha"":1.25,""neutral_broadening"":""unsold"",""photospheric_depth_concentration"":1.0,""quality"":""production"",""structure_opacity_sampling_resolution"":1000.0,""synthesis_transfer_depth_refinement"":4}",,769d0f415c181d6282c0fa2c22b7dbe65d2608ff835d58ab5cfdd90acd87b70c,18901,dab,1235.510074463993,intermediate-abundance-280,
dab-6212b3dc1215e51c824128a7,DAB,30000,8.5,-5,production,COMPLETE_NUMERICAL,COMPLETE_NUMERICAL,COMPLETE_NUMERICAL,0a74fdbe06596fc145f5169a3b239ddd67053141,"{""abundances"":null,""allard_minimum_effective_temperature"":9000.0,""atmosphere_solver"":""adaptive-newton"",""balmer_self_broadening_prescription"":null,""balmer_self_broadening_truncation_closure"":""stark-core"",""effective_temperature"":30000,""formal_maximum_metal_lines"":null,""formal_minimum_metal_oscillator_strength"":0.0001,""h2_he_cia_path"":null,""include_molecules"":false,""log_hydrogen_to_helium"":-5,""logg"":8.5,""lyman_profile_source"":""allard"",""maximum_metal_charge"":4,""metal_classical_electron_stark"":false,""metal_line_supplements"":[],""mixing_length_alpha"":1.25,""neutral_broadening"":""unsold"",""photospheric_depth_concentration"":1.0,""quality"":""production"",""structure_opacity_sampling_resolution"":1000.0,""synthesis_transfer_depth_refinement"":4}",,c144679ffa5879f0497192f708f731448fef379f45900d6dc0953319637dd58d,18901,dab,2504.2990096990034,intermediate-abundance-280,
dab-b86bf46607071dc200c7f0e6,DAB,30000,8.5,-3,production,COMPLETE_NUMERICAL,COMPLETE_NUMERICAL,COMPLETE_NUMERICAL,0a74fdbe06596fc145f5169a3b239ddd67053141,"{""abundances"":null,""allard_minimum_effective_temperature"":9000.0,""atmosphere_solver"":""adaptive-newton"",""balmer_self_broadening_prescription"":null,""balmer_self_broadening_truncation_closure"":""stark-core"",""effective_temperature"":30000,""formal_maximum_metal_lines"":null,""formal_minimum_metal_oscillator_strength"":0.0001,""h2_he_cia_path"":null,""include_molecules"":false,""log_hydrogen_to_helium"":-3,""logg"":8.5,""lyman_profile_source"":""allard"",""maximum_metal_charge"":4,""metal_classical_electron_stark"":false,""metal_line_supplements"":[],""mixing_length_alpha"":1.25,""neutral_broadening"":""unsold"",""photospheric_depth_concentration"":1.0,""quality"":""production"",""structure_opacity_sampling_resolution"":1000.0,""synthesis_transfer_depth_refinement"":4}",,35c25dd3a99afd74d5ad443570f756cc7dd80cbfe406a620177e3c85fea72d8f,18901,dab,2171.568661229001,intermediate-abundance-280,
dab-17ca54c66d6cc5b91275bf9c,DAB,30000,8.5,-1,production,COMPLETE_NUMERICAL,COMPLETE_NUMERICAL,COMPLETE_NUMERICAL,0a74fdbe06596fc145f5169a3b239ddd67053141,"{""abundances"":null,""allard_minimum_effective_temperature"":9000.0,""atmosphere_solver"":""adaptive-newton"",""balmer_self_broadening_prescription"":null,""balmer_self_broadening_truncation_closure"":""stark-core"",""effective_temperature"":30000,""formal_maximum_metal_lines"":null,""formal_minimum_metal_oscillator_strength"":0.0001,""h2_he_cia_path"":null,""include_molecules"":false,""log_hydrogen_to_helium"":-1,""logg"":8.5,""lyman_profile_source"":""allard"",""maximum_metal_charge"":4,""metal_classical_electron_stark"":false,""metal_line_supplements"":[],""mixing_length_alpha"":1.25,""neutral_broadening"":""unsold"",""photospheric_depth_concentration"":1.0,""quality"":""production"",""structure_opacity_sampling_resolution"":1000.0,""synthesis_transfer_depth_refinement"":4}",,0e78a5b0a23f586520739f65ca86933f37326ea6ca6dfdaa222abfbbbe680d27,18901,dab,1690.2675821470038,intermediate-abundance-280,
dab-8b84d9df6de18177679d2691,DAB,30000,8.5,1,production,COMPLETE_NUMERICAL,COMPLETE_NUMERICAL,COMPLETE_NUMERICAL,0a74fdbe06596fc145f5169a3b239ddd67053141,"{""abundances"":null,""allard_minimum_effective_temperature"":9000.0,""atmosphere_solver"":""adaptive-newton"",""balmer_self_broadening_prescription"":null,""balmer_self_broadening_truncation_closure"":""stark-core"",""effective_temperature"":30000,""formal_maximum_metal_lines"":null,""formal_minimum_metal_oscillator_strength"":0.0001,""h2_he_cia_path"":null,""include_molecules"":false,""log_hydrogen_to_helium"":1,""logg"":8.5,""lyman_profile_source"":""allard"",""maximum_metal_charge"":4,""metal_classical_electron_stark"":false,""metal_line_supplements"":[],""mixing_length_alpha"":1.25,""neutral_broadening"":""unsold"",""photospheric_depth_concentration"":1.0,""quality"":""production"",""structure_opacity_sampling_resolution"":1000.0,""synthesis_transfer_depth_refinement"":4}",,f9c4e525ea11d48f096f108ae570190f6fb30e6784d1ca7bcc1d22ee16f27a47,18901,dab,1902.2587405270024,intermediate-abundance-280,
dab-8dd6085bc6b220a685426e0f,DAB,30000,8.5,3,production,COMPLETE_NUMERICAL,COMPLETE_NUMERICAL,COMPLETE_NUMERICAL,0a74fdbe06596fc145f5169a3b239ddd67053141,"{""abundances"":null,""allard_minimum_effective_temperature"":9000.0,""atmosphere_solver"":""adaptive-newton"",""balmer_self_broadening_prescription"":null,""balmer_self_broadening_truncation_closure"":""stark-core"",""effective_temperature"":30000,""formal_maximum_metal_lines"":null,""formal_minimum_metal_oscillator_strength"":0.0001,""h2_he_cia_path"":null,""include_molecules"":false,""log_hydrogen_to_helium"":3,""logg"":8.5,""lyman_profile_source"":""allard"",""maximum_metal_charge"":4,""metal_classical_electron_stark"":false,""metal_line_supplements"":[],""mixing_length_alpha"":1.25,""neutral_broadening"":""unsold"",""photospheric_depth_concentration"":1.0,""quality"":""production"",""structure_opacity_sampling_resolution"":1000.0,""synthesis_transfer_depth_refinement"":4}",,d42e0e8dc2261f8d5bec22877182ff7d22ba196b37b4c78a1d09cbe9425aba90,18901,dab,1229.302284282996,intermediate-abundance-280,
dab-a67d246b21e572f24b87cb7c,DAB,30000,9,-5,production,COMPLETE_NUMERICAL,COMPLETE_NUMERICAL,COMPLETE_NUMERICAL,0a74fdbe06596fc145f5169a3b239ddd67053141,"{""abundances"":null,""allard_minimum_effective_temperature"":9000.0,""atmosphere_solver"":""adaptive-newton"",""balmer_self_broadening_prescription"":null,""balmer_self_broadening_truncation_closure"":""stark-core"",""effective_temperature"":30000,""formal_maximum_metal_lines"":null,""formal_minimum_metal_oscillator_strength"":0.0001,""h2_he_cia_path"":null,""include_molecules"":false,""log_hydrogen_to_helium"":-5,""logg"":9,""lyman_profile_source"":""allard"",""maximum_metal_charge"":4,""metal_classical_electron_stark"":false,""metal_line_supplements"":[],""mixing_length_alpha"":1.25,""neutral_broadening"":""unsold"",""photospheric_depth_concentration"":1.0,""quality"":""production"",""structure_opacity_sampling_resolution"":1000.0,""synthesis_transfer_depth_refinement"":4}",,3d4e414b2abee1cd4e88423ee782742aeb104312c3123452c50ef6c30c88ef03,18901,dab,4451.136674490997,intermediate-abundance-280,
dab-b8987eb0ad9659b40bd3a21b,DAB,30000,9,-3,production,COMPLETE_NUMERICAL,COMPLETE_NUMERICAL,COMPLETE_NUMERICAL,0a74fdbe06596fc145f5169a3b239ddd67053141,"{""abundances"":null,""allard_minimum_effective_temperature"":9000.0,""atmosphere_solver"":""adaptive-newton"",""balmer_self_broadening_prescription"":null,""balmer_self_broadening_truncation_closure"":""stark-core"",""effective_temperature"":30000,""formal_maximum_metal_lines"":null,""formal_minimum_metal_oscillator_strength"":0.0001,""h2_he_cia_path"":null,""include_molecules"":false,""log_hydrogen_to_helium"":-3,""logg"":9,""lyman_profile_source"":""allard"",""maximum_metal_charge"":4,""metal_classical_electron_stark"":false,""metal_line_supplements"":[],""mixing_length_alpha"":1.25,""neutral_broadening"":""unsold"",""photospheric_depth_concentration"":1.0,""quality"":""production"",""structure_opacity_sampling_resolution"":1000.0,""synthesis_transfer_depth_refinement"":4}",,881fe77f317f7469a5bf9be6a6306df879c732a23b6c262d273e6d77cc69f9c5,18901,dab,2294.7072330029987,intermediate-abundance-280,
dab-1ee5287edc6529db42aacfd8,DAB,30000,9,-1,production,COMPLETE_NUMERICAL,COMPLETE_NUMERICAL,COMPLETE_NUMERICAL,0a74fdbe06596fc145f5169a3b239ddd67053141,"{""abundances"":null,""allard_minimum_effective_temperature"":9000.0,""atmosphere_solver"":""adaptive-newton"",""balmer_self_broadening_prescription"":null,""balmer_self_broadening_truncation_closure"":""stark-core"",""effective_temperature"":30000,""formal_maximum_metal_lines"":null,""formal_minimum_metal_oscillator_strength"":0.0001,""h2_he_cia_path"":null,""include_molecules"":false,""log_hydrogen_to_helium"":-1,""logg"":9,""lyman_profile_source"":""allard"",""maximum_metal_charge"":4,""metal_classical_electron_stark"":false,""metal_line_supplements"":[],""mixing_length_alpha"":1.25,""neutral_broadening"":""unsold"",""photospheric_depth_concentration"":1.0,""quality"":""production"",""structure_opacity_sampling_resolution"":1000.0,""synthesis_transfer_depth_refinement"":4}",,546ce1db07ef3dfea6b9e2a68120fa015f2eb91da6edb2777adafab820526be2,18901,dab,1765.7231566530027,intermediate-abundance-280,
dab-e37d32fad77f9325f2bd44fd,DAB,30000,9,1,production,COMPLETE_NUMERICAL,COMPLETE_NUMERICAL,COMPLETE_NUMERICAL,0a74fdbe06596fc145f5169a3b239ddd67053141,"{""abundances"":null,""allard_minimum_effective_temperature"":9000.0,""atmosphere_solver"":""adaptive-newton"",""balmer_self_broadening_prescription"":null,""balmer_self_broadening_truncation_closure"":""stark-core"",""effective_temperature"":30000,""formal_maximum_metal_lines"":null,""formal_minimum_metal_oscillator_strength"":0.0001,""h2_he_cia_path"":null,""include_molecules"":false,""log_hydrogen_to_helium"":1,""logg"":9,""lyman_profile_source"":""allard"",""maximum_metal_charge"":4,""metal_classical_electron_stark"":false,""metal_line_supplements"":[],""mixing_length_alpha"":1.25,""neutral_broadening"":""unsold"",""photospheric_depth_concentration"":1.0,""quality"":""production"",""structure_opacity_sampling_resolution"":1000.0,""synthesis_transfer_depth_refinement"":4}",,c7b1f1327706903d7049ae990ab912730abf611ceb785c2b2d30ec6680899f19,18901,dab,1716.6071978170003,intermediate-abundance-280,
dab-2eb847ba3a7ba5347ef525e6,DAB,30000,9,3,production,COMPLETE_NUMERICAL,COMPLETE_NUMERICAL,COMPLETE_NUMERICAL,0a74fdbe06596fc145f5169a3b239ddd67053141,"{""abundances"":null,""allard_minimum_effective_temperature"":9000.0,""atmosphere_solver"":""adaptive-newton"",""balmer_self_broadening_prescription"":null,""balmer_self_broadening_truncation_closure"":""stark-core"",""effective_temperature"":30000,""formal_maximum_metal_lines"":null,""formal_minimum_metal_oscillator_strength"":0.0001,""h2_he_cia_path"":null,""include_molecules"":false,""log_hydrogen_to_helium"":3,""logg"":9,""lyman_profile_source"":""allard"",""maximum_metal_charge"":4,""metal_classical_electron_stark"":false,""metal_line_supplements"":[],""mixing_length_alpha"":1.25,""neutral_broadening"":""unsold"",""photospheric_depth_concentration"":1.0,""quality"":""production"",""structure_opacity_sampling_resolution"":1000.0,""synthesis_transfer_depth_refinement"":4}",,14ea59a2f1ddf62fc963374660f71fed4f74c43d76172a0b1ff84d8359d51bb4,18901,dab,1448.3840389040051,intermediate-abundance-280,
dab-3137c45c7b6a911cf41aac8a,DAB,30000,9.5,-5,production,COMPLETE_NUMERICAL,COMPLETE_NUMERICAL,COMPLETE_NUMERICAL,0a74fdbe06596fc145f5169a3b239ddd67053141,"{""abundances"":null,""allard_minimum_effective_temperature"":9000.0,""atmosphere_solver"":""adaptive-newton"",""balmer_self_broadening_prescription"":null,""balmer_self_broadening_truncation_closure"":""stark-core"",""effective_temperature"":30000,""formal_maximum_metal_lines"":null,""formal_minimum_metal_oscillator_strength"":0.0001,""h2_he_cia_path"":null,""include_molecules"":false,""log_hydrogen_to_helium"":-5,""logg"":9.5,""lyman_profile_source"":""allard"",""maximum_metal_charge"":4,""metal_classical_electron_stark"":false,""metal_line_supplements"":[],""mixing_length_alpha"":1.25,""neutral_broadening"":""unsold"",""photospheric_depth_concentration"":1.0,""quality"":""production"",""structure_opacity_sampling_resolution"":1000.0,""synthesis_transfer_depth_refinement"":4}",,d5a1ed768cad228bbf99e4a0de7075e53638317b6ddaa52da8059b3677197080,18901,dab,4343.404792116002,intermediate-abundance-280,
dab-7d7d4a53c5438b1c146b65da,DAB,30000,9.5,-3,production,COMPLETE_NUMERICAL,COMPLETE_NUMERICAL,COMPLETE_NUMERICAL,0a74fdbe06596fc145f5169a3b239ddd67053141,"{""abundances"":null,""allard_minimum_effective_temperature"":9000.0,""atmosphere_solver"":""adaptive-newton"",""balmer_self_broadening_prescription"":null,""balmer_self_broadening_truncation_closure"":""stark-core"",""effective_temperature"":30000,""formal_maximum_metal_lines"":null,""formal_minimum_metal_oscillator_strength"":0.0001,""h2_he_cia_path"":null,""include_molecules"":false,""log_hydrogen_to_helium"":-3,""logg"":9.5,""lyman_profile_source"":""allard"",""maximum_metal_charge"":4,""metal_classical_electron_stark"":false,""metal_line_supplements"":[],""mixing_length_alpha"":1.25,""neutral_broadening"":""unsold"",""photospheric_depth_concentration"":1.0,""quality"":""production"",""structure_opacity_sampling_resolution"":1000.0,""synthesis_transfer_depth_refinement"":4}",,acec4d3eda9d53ca93b4c9222508c23101a5d481f2f7751a32b4e9f680dff37e,18901,dab,5065.961017722002,intermediate-abundance-280,
dab-38a30827b4e90ee3b0db077c,DAB,30000,9.5,-1,production,COMPLETE_NUMERICAL,COMPLETE_NUMERICAL,COMPLETE_NUMERICAL,0a74fdbe06596fc145f5169a3b239ddd67053141,"{""abundances"":null,""allard_minimum_effective_temperature"":9000.0,""atmosphere_solver"":""adaptive-newton"",""balmer_self_broadening_prescription"":null,""balmer_self_broadening_truncation_closure"":""stark-core"",""effective_temperature"":30000,""formal_maximum_metal_lines"":null,""formal_minimum_metal_oscillator_strength"":0.0001,""h2_he_cia_path"":null,""include_molecules"":false,""log_hydrogen_to_helium"":-1,""logg"":9.5,""lyman_profile_source"":""allard"",""maximum_metal_charge"":4,""metal_classical_electron_stark"":false,""metal_line_supplements"":[],""mixing_length_alpha"":1.25,""neutral_broadening"":""unsold"",""photospheric_depth_concentration"":1.0,""quality"":""production"",""structure_opacity_sampling_resolution"":1000.0,""synthesis_transfer_depth_refinement"":4}",,015a32b7796c3b4136f0d13050626c57c7e3988e4ace35185b8b88093c9c8530,18901,dab,2389.5342382870003,intermediate-abundance-280,
dab-6bfb01c2f48e16b53d695f7d,DAB,30000,9.5,1,production,COMPLETE_NUMERICAL,COMPLETE_NUMERICAL,COMPLETE_NUMERICAL,0a74fdbe06596fc145f5169a3b239ddd67053141,"{""abundances"":null,""allard_minimum_effective_temperature"":9000.0,""atmosphere_solver"":""adaptive-newton"",""balmer_self_broadening_prescription"":null,""balmer_self_broadening_truncation_closure"":""stark-core"",""effective_temperature"":30000,""formal_maximum_metal_lines"":null,""formal_minimum_metal_oscillator_strength"":0.0001,""h2_he_cia_path"":null,""include_molecules"":false,""log_hydrogen_to_helium"":1,""logg"":9.5,""lyman_profile_source"":""allard"",""maximum_metal_charge"":4,""metal_classical_electron_stark"":false,""metal_line_supplements"":[],""mixing_length_alpha"":1.25,""neutral_broadening"":""unsold"",""photospheric_depth_concentration"":1.0,""quality"":""production"",""structure_opacity_sampling_resolution"":1000.0,""synthesis_transfer_depth_refinement"":4}",,63c484b3498047e751ff1a4cb06a508743d8c4758b45244f688ac6b98324f77a,18901,dab,1738.7216459709962,intermediate-abundance-280,
dab-f92da62b1c883e1e3abd3755,DAB,30000,9.5,3,production,COMPLETE_NUMERICAL,COMPLETE_NUMERICAL,COMPLETE_NUMERICAL,0a74fdbe06596fc145f5169a3b239ddd67053141,"{""abundances"":null,""allard_minimum_effective_temperature"":9000.0,""atmosphere_solver"":""adaptive-newton"",""balmer_self_broadening_prescription"":null,""balmer_self_broadening_truncation_closure"":""stark-core"",""effective_temperature"":30000,""formal_maximum_metal_lines"":null,""formal_minimum_metal_oscillator_strength"":0.0001,""h2_he_cia_path"":null,""include_molecules"":false,""log_hydrogen_to_helium"":3,""logg"":9.5,""lyman_profile_source"":""allard"",""maximum_metal_charge"":4,""metal_classical_electron_stark"":false,""metal_line_supplements"":[],""mixing_length_alpha"":1.25,""neutral_broadening"":""unsold"",""photospheric_depth_concentration"":1.0,""quality"":""production"",""structure_opacity_sampling_resolution"":1000.0,""synthesis_transfer_depth_refinement"":4}",,f50e947d6f85b89d1d5dca0cbb1f1894c9812fba96fd7025410d976a2d93d9d7,18901,dab,1615.1654623549985,intermediate-abundance-280,
dab-a590040ea5f4700fa39f85a9,DAB,35000,6,-5,production,COMPLETE_NUMERICAL,COMPLETE_NUMERICAL,COMPLETE_NUMERICAL,0a74fdbe06596fc145f5169a3b239ddd67053141,"{""abundances"":null,""allard_minimum_effective_temperature"":9000.0,""atmosphere_solver"":""adaptive-newton"",""balmer_self_broadening_prescription"":null,""balmer_self_broadening_truncation_closure"":""stark-core"",""effective_temperature"":35000,""formal_maximum_metal_lines"":null,""formal_minimum_metal_oscillator_strength"":0.0001,""h2_he_cia_path"":null,""include_molecules"":false,""log_hydrogen_to_helium"":-5,""logg"":6,""lyman_profile_source"":""allard"",""maximum_metal_charge"":4,""metal_classical_electron_stark"":false,""metal_line_supplements"":[],""mixing_length_alpha"":1.25,""neutral_broadening"":""unsold"",""photospheric_depth_concentration"":1.0,""quality"":""production"",""structure_opacity_sampling_resolution"":1000.0,""synthesis_transfer_depth_refinement"":4}",,b1e1deecfc0551a8bfca35e1cee73e5cd5a505428bc1974d21ece4067e1dfc42,18901,dab,4318.2303127439955,intermediate-abundance-280,
dab-84cf5cb871ee465bf0f2406e,DAB,35000,6,-3,production,COMPLETE_NUMERICAL,COMPLETE_NUMERICAL,COMPLETE_NUMERICAL,0a74fdbe06596fc145f5169a3b239ddd67053141,"{""abundances"":null,""allard_minimum_effective_temperature"":9000.0,""atmosphere_solver"":""adaptive-newton"",""balmer_self_broadening_prescription"":null,""balmer_self_broadening_truncation_closure"":""stark-core"",""effective_temperature"":35000,""formal_maximum_metal_lines"":null,""formal_minimum_metal_oscillator_strength"":0.0001,""h2_he_cia_path"":null,""include_molecules"":false,""log_hydrogen_to_helium"":-3,""logg"":6,""lyman_profile_source"":""allard"",""maximum_metal_charge"":4,""metal_classical_electron_stark"":false,""metal_line_supplements"":[],""mixing_length_alpha"":1.25,""neutral_broadening"":""unsold"",""photospheric_depth_concentration"":1.0,""quality"":""production"",""structure_opacity_sampling_resolution"":1000.0,""synthesis_transfer_depth_refinement"":4}",,d23c531728e34b4511ba7b40236f0314f5a2d8d4e7d14a39d0f3ea84f64b32ff,18901,dab,4384.413216052999,intermediate-abundance-280,
dab-49a9a635b7636b6a99728c7b,DAB,35000,6,-1,production,COMPLETE_NUMERICAL,COMPLETE_NUMERICAL,COMPLETE_NUMERICAL,0a74fdbe06596fc145f5169a3b239ddd67053141,"{""abundances"":null,""allard_minimum_effective_temperature"":9000.0,""atmosphere_solver"":""adaptive-newton"",""balmer_self_broadening_prescription"":null,""balmer_self_broadening_truncation_closure"":""stark-core"",""effective_temperature"":35000,""formal_maximum_metal_lines"":null,""formal_minimum_metal_oscillator_strength"":0.0001,""h2_he_cia_path"":null,""include_molecules"":false,""log_hydrogen_to_helium"":-1,""logg"":6,""lyman_profile_source"":""allard"",""maximum_metal_charge"":4,""metal_classical_electron_stark"":false,""metal_line_supplements"":[],""mixing_length_alpha"":1.25,""neutral_broadening"":""unsold"",""photospheric_depth_concentration"":1.0,""quality"":""production"",""structure_opacity_sampling_resolution"":1000.0,""synthesis_transfer_depth_refinement"":4}",,b7c97290f31a883baf309f60d36fceaeacfdded25c7be808ffc89cb70b38051a,18901,dab,1351.7011529800002,intermediate-abundance-280,
dab-de6dd6b8116bfb224512ea64,DAB,35000,6,1,production,TIMEOUT,TIMEOUT,TIMEOUT,0a74fdbe06596fc145f5169a3b239ddd67053141,"{""abundances"":null,""allard_minimum_effective_temperature"":9000.0,""atmosphere_solver"":""adaptive-newton"",""balmer_self_broadening_prescription"":null,""balmer_self_broadening_truncation_closure"":""stark-core"",""effective_temperature"":35000,""formal_maximum_metal_lines"":null,""formal_minimum_metal_oscillator_strength"":0.0001,""h2_he_cia_path"":null,""include_molecules"":false,""log_hydrogen_to_helium"":1,""logg"":6,""lyman_profile_source"":""allard"",""maximum_metal_charge"":4,""metal_classical_electron_stark"":false,""metal_line_supplements"":[],""mixing_length_alpha"":1.25,""neutral_broadening"":""unsold"",""photospheric_depth_concentration"":1.0,""quality"":""production"",""structure_opacity_sampling_resolution"":1000.0,""synthesis_transfer_depth_refinement"":4}",,,,,3603.7234090010024,intermediate-abundance-280,
dab-29336163795b74fc1e9a1f2c,DAB,35000,6,3,production,COMPLETE_NUMERICAL,COMPLETE_NUMERICAL,COMPLETE_NUMERICAL,0a74fdbe06596fc145f5169a3b239ddd67053141,"{""abundances"":null,""allard_minimum_effective_temperature"":9000.0,""atmosphere_solver"":""adaptive-newton"",""balmer_self_broadening_prescription"":null,""balmer_self_broadening_truncation_closure"":""stark-core"",""effective_temperature"":35000,""formal_maximum_metal_lines"":null,""formal_minimum_metal_oscillator_strength"":0.0001,""h2_he_cia_path"":null,""include_molecules"":false,""log_hydrogen_to_helium"":3,""logg"":6,""lyman_profile_source"":""allard"",""maximum_metal_charge"":4,""metal_classical_electron_stark"":false,""metal_line_supplements"":[],""mixing_length_alpha"":1.25,""neutral_broadening"":""unsold"",""photospheric_depth_concentration"":1.0,""quality"":""production"",""structure_opacity_sampling_resolution"":1000.0,""synthesis_transfer_depth_refinement"":4}",,5170a7f7cc39985365eb846fcf01ec1d4bf722e1a51f71fd41e0d8008f25f294,18901,dab,1368.127547066004,intermediate-abundance-280,
dab-ea3c565c2c49114ffce28f53,DAB,35000,6.5,-5,production,COMPLETE_NUMERICAL,COMPLETE_NUMERICAL,COMPLETE_NUMERICAL,0a74fdbe06596fc145f5169a3b239ddd67053141,"{""abundances"":null,""allard_minimum_effective_temperature"":9000.0,""atmosphere_solver"":""adaptive-newton"",""balmer_self_broadening_prescription"":null,""balmer_self_broadening_truncation_closure"":""stark-core"",""effective_temperature"":35000,""formal_maximum_metal_lines"":null,""formal_minimum_metal_oscillator_strength"":0.0001,""h2_he_cia_path"":null,""include_molecules"":false,""log_hydrogen_to_helium"":-5,""logg"":6.5,""lyman_profile_source"":""allard"",""maximum_metal_charge"":4,""metal_classical_electron_stark"":false,""metal_line_supplements"":[],""mixing_length_alpha"":1.25,""neutral_broadening"":""unsold"",""photospheric_depth_concentration"":1.0,""quality"":""production"",""structure_opacity_sampling_resolution"":1000.0,""synthesis_transfer_depth_refinement"":4}",,aeabeaabbe17ecaec8e75151c93164d3b7d9fa7eab11c93322193a8f43300d78,18901,dab,1143.8629901739987,intermediate-abundance-280,
dab-5e0bda605d0e90a35ad53ad2,DAB,35000,6.5,-3,production,COMPLETE_NUMERICAL,COMPLETE_NUMERICAL,COMPLETE_NUMERICAL,0a74fdbe06596fc145f5169a3b239ddd67053141,"{""abundances"":null,""allard_minimum_effective_temperature"":9000.0,""atmosphere_solver"":""adaptive-newton"",""balmer_self_broadening_prescription"":null,""balmer_self_broadening_truncation_closure"":""stark-core"",""effective_temperature"":35000,""formal_maximum_metal_lines"":null,""formal_minimum_metal_oscillator_strength"":0.0001,""h2_he_cia_path"":null,""include_molecules"":false,""log_hydrogen_to_helium"":-3,""logg"":6.5,""lyman_profile_source"":""allard"",""maximum_metal_charge"":4,""metal_classical_electron_stark"":false,""metal_line_supplements"":[],""mixing_length_alpha"":1.25,""neutral_broadening"":""unsold"",""photospheric_depth_concentration"":1.0,""quality"":""production"",""structure_opacity_sampling_resolution"":1000.0,""synthesis_transfer_depth_refinement"":4}",,2d8020037098e8540e507790033a2bfde18df88091261a4e35dd339a2fd9e798,18901,dab,4384.392144393998,intermediate-abundance-280,
dab-575694df954e7c1e7db6a26e,DAB,35000,6.5,-1,production,COMPLETE_NUMERICAL,COMPLETE_NUMERICAL,COMPLETE_NUMERICAL,0a74fdbe06596fc145f5169a3b239ddd67053141,"{""abundances"":null,""allard_minimum_effective_temperature"":9000.0,""atmosphere_solver"":""adaptive-newton"",""balmer_self_broadening_prescription"":null,""balmer_self_broadening_truncation_closure"":""stark-core"",""effective_temperature"":35000,""formal_maximum_metal_lines"":null,""formal_minimum_metal_oscillator_strength"":0.0001,""h2_he_cia_path"":null,""include_molecules"":false,""log_hydrogen_to_helium"":-1,""logg"":6.5,""lyman_profile_source"":""allard"",""maximum_metal_charge"":4,""metal_classical_electron_stark"":false,""metal_line_supplements"":[],""mixing_length_alpha"":1.25,""neutral_broadening"":""unsold"",""photospheric_depth_concentration"":1.0,""quality"":""production"",""structure_opacity_sampling_resolution"":1000.0,""synthesis_transfer_depth_refinement"":4}",,faf0fdefc4634b95eac7992490677fe8a29c7bfe5f3a6c49513606ca3c82573b,18901,dab,3894.8410192309966,intermediate-abundance-280,
dab-5cfeae2411f59d6659a2f8d8,DAB,35000,6.5,1,production,COMPLETE_NUMERICAL,COMPLETE_NUMERICAL,COMPLETE_NUMERICAL,0a74fdbe06596fc145f5169a3b239ddd67053141,"{""abundances"":null,""allard_minimum_effective_temperature"":9000.0,""atmosphere_solver"":""adaptive-newton"",""balmer_self_broadening_prescription"":null,""balmer_self_broadening_truncation_closure"":""stark-core"",""effective_temperature"":35000,""formal_maximum_metal_lines"":null,""formal_minimum_metal_oscillator_strength"":0.0001,""h2_he_cia_path"":null,""include_molecules"":false,""log_hydrogen_to_helium"":1,""logg"":6.5,""lyman_profile_source"":""allard"",""maximum_metal_charge"":4,""metal_classical_electron_stark"":false,""metal_line_supplements"":[],""mixing_length_alpha"":1.25,""neutral_broadening"":""unsold"",""photospheric_depth_concentration"":1.0,""quality"":""production"",""structure_opacity_sampling_resolution"":1000.0,""synthesis_transfer_depth_refinement"":4}",,1a1d253728cd01b0588d624a7bdeba979817144211b7337215074dd4d4b7a1f7,18901,dab,2032.3950112449966,intermediate-abundance-280,
dab-1c81c3159f7c8866fea8605f,DAB,35000,6.5,3,production,COMPLETE_NUMERICAL,COMPLETE_NUMERICAL,COMPLETE_NUMERICAL,0a74fdbe06596fc145f5169a3b239ddd67053141,"{""abundances"":null,""allard_minimum_effective_temperature"":9000.0,""atmosphere_solver"":""adaptive-newton"",""balmer_self_broadening_prescription"":null,""balmer_self_broadening_truncation_closure"":""stark-core"",""effective_temperature"":35000,""formal_maximum_metal_lines"":null,""formal_minimum_metal_oscillator_strength"":0.0001,""h2_he_cia_path"":null,""include_molecules"":false,""log_hydrogen_to_helium"":3,""logg"":6.5,""lyman_profile_source"":""allard"",""maximum_metal_charge"":4,""metal_classical_electron_stark"":false,""metal_line_supplements"":[],""mixing_length_alpha"":1.25,""neutral_broadening"":""unsold"",""photospheric_depth_concentration"":1.0,""quality"":""production"",""structure_opacity_sampling_resolution"":1000.0,""synthesis_transfer_depth_refinement"":4}",,65fe0c4ed3fda5a2469c6100fb23ddad58dc86b036f2a919b9fea9816695baff,18901,dab,1492.9148345219946,intermediate-abundance-280,
dab-bed347af3e1156d2227c2302,DAB,35000,7,-5,production,COMPLETE_NUMERICAL,COMPLETE_NUMERICAL,COMPLETE_NUMERICAL,0a74fdbe06596fc145f5169a3b239ddd67053141,"{""abundances"":null,""allard_minimum_effective_temperature"":9000.0,""atmosphere_solver"":""adaptive-newton"",""balmer_self_broadening_prescription"":null,""balmer_self_broadening_truncation_closure"":""stark-core"",""effective_temperature"":35000,""formal_maximum_metal_lines"":null,""formal_minimum_metal_oscillator_strength"":0.0001,""h2_he_cia_path"":null,""include_molecules"":false,""log_hydrogen_to_helium"":-5,""logg"":7,""lyman_profile_source"":""allard"",""maximum_metal_charge"":4,""metal_classical_electron_stark"":false,""metal_line_supplements"":[],""mixing_length_alpha"":1.25,""neutral_broadening"":""unsold"",""photospheric_depth_concentration"":1.0,""quality"":""production"",""structure_opacity_sampling_resolution"":1000.0,""synthesis_transfer_depth_refinement"":4}",,45cb441e217389fb071c32115e9cfd952905b582fd4af14ebdc2960526a83287,18901,dab,1368.8405731699968,intermediate-abundance-280,
dab-f8d6691faddbb4e140b8631b,DAB,35000,7,-3,production,COMPLETE_NUMERICAL,COMPLETE_NUMERICAL,COMPLETE_NUMERICAL,0a74fdbe06596fc145f5169a3b239ddd67053141,"{""abundances"":null,""allard_minimum_effective_temperature"":9000.0,""atmosphere_solver"":""adaptive-newton"",""balmer_self_broadening_prescription"":null,""balmer_self_broadening_truncation_closure"":""stark-core"",""effective_temperature"":35000,""formal_maximum_metal_lines"":null,""formal_minimum_metal_oscillator_strength"":0.0001,""h2_he_cia_path"":null,""include_molecules"":false,""log_hydrogen_to_helium"":-3,""logg"":7,""lyman_profile_source"":""allard"",""maximum_metal_charge"":4,""metal_classical_electron_stark"":false,""metal_line_supplements"":[],""mixing_length_alpha"":1.25,""neutral_broadening"":""unsold"",""photospheric_depth_concentration"":1.0,""quality"":""production"",""structure_opacity_sampling_resolution"":1000.0,""synthesis_transfer_depth_refinement"":4}",,20f51513d302f700b77b0b876bd41d4a805a803b6c2b5a0c75d3be2b8a8392c7,18901,dab,1932.233766708996,intermediate-abundance-280,
dab-65b38e910b20afa5953f6be5,DAB,35000,7,-1,production,COMPLETE_NUMERICAL,COMPLETE_NUMERICAL,COMPLETE_NUMERICAL,0a74fdbe06596fc145f5169a3b239ddd67053141,"{""abundances"":null,""allard_minimum_effective_temperature"":9000.0,""atmosphere_solver"":""adaptive-newton"",""balmer_self_broadening_prescription"":null,""balmer_self_broadening_truncation_closure"":""stark-core"",""effective_temperature"":35000,""formal_maximum_metal_lines"":null,""formal_minimum_metal_oscillator_strength"":0.0001,""h2_he_cia_path"":null,""include_molecules"":false,""log_hydrogen_to_helium"":-1,""logg"":7,""lyman_profile_source"":""allard"",""maximum_metal_charge"":4,""metal_classical_electron_stark"":false,""metal_line_supplements"":[],""mixing_length_alpha"":1.25,""neutral_broadening"":""unsold"",""photospheric_depth_concentration"":1.0,""quality"":""production"",""structure_opacity_sampling_resolution"":1000.0,""synthesis_transfer_depth_refinement"":4}",,cf6df8686309387ecd096b30e2ff9b1a8bfc1533cc5cb25c59ea6469703a3251,18901,dab,1444.2712727830003,intermediate-abundance-280,
dab-b499f01b5fc19808bdb2e24a,DAB,35000,7,1,production,COMPLETE_NUMERICAL,COMPLETE_NUMERICAL,COMPLETE_NUMERICAL,0a74fdbe06596fc145f5169a3b239ddd67053141,"{""abundances"":null,""allard_minimum_effective_temperature"":9000.0,""atmosphere_solver"":""adaptive-newton"",""balmer_self_broadening_prescription"":null,""balmer_self_broadening_truncation_closure"":""stark-core"",""effective_temperature"":35000,""formal_maximum_metal_lines"":null,""formal_minimum_metal_oscillator_strength"":0.0001,""h2_he_cia_path"":null,""include_molecules"":false,""log_hydrogen_to_helium"":1,""logg"":7,""lyman_profile_source"":""allard"",""maximum_metal_charge"":4,""metal_classical_electron_stark"":false,""metal_line_supplements"":[],""mixing_length_alpha"":1.25,""neutral_broadening"":""unsold"",""photospheric_depth_concentration"":1.0,""quality"":""production"",""structure_opacity_sampling_resolution"":1000.0,""synthesis_transfer_depth_refinement"":4}",,5db33bb182acb8ca27fa0f5f9b66d271f64e84b147871b2618be633ced710124,18901,dab,1693.7275308279932,intermediate-abundance-280,
dab-50c7179b0b692b25da19189c,DAB,35000,7,3,production,COMPLETE_NUMERICAL,COMPLETE_NUMERICAL,COMPLETE_NUMERICAL,0a74fdbe06596fc145f5169a3b239ddd67053141,"{""abundances"":null,""allard_minimum_effective_temperature"":9000.0,""atmosphere_solver"":""adaptive-newton"",""balmer_self_broadening_prescription"":null,""balmer_self_broadening_truncation_closure"":""stark-core"",""effective_temperature"":35000,""formal_maximum_metal_lines"":null,""formal_minimum_metal_oscillator_strength"":0.0001,""h2_he_cia_path"":null,""include_molecules"":false,""log_hydrogen_to_helium"":3,""logg"":7,""lyman_profile_source"":""allard"",""maximum_metal_charge"":4,""metal_classical_electron_stark"":false,""metal_line_supplements"":[],""mixing_length_alpha"":1.25,""neutral_broadening"":""unsold"",""photospheric_depth_concentration"":1.0,""quality"":""production"",""structure_opacity_sampling_resolution"":1000.0,""synthesis_transfer_depth_refinement"":4}",,03917ffdf4f3426899a998a0ff6b354ee05ebb8acff9de1c77b980ff09a85242,18901,dab,1331.7933517860001,intermediate-abundance-280,
dab-52f0e73a6c2f5043deca1f0f,DAB,35000,7.5,-5,production,COMPLETE_NUMERICAL,COMPLETE_NUMERICAL,COMPLETE_NUMERICAL,0a74fdbe06596fc145f5169a3b239ddd67053141,"{""abundances"":null,""allard_minimum_effective_temperature"":9000.0,""atmosphere_solver"":""adaptive-newton"",""balmer_self_broadening_prescription"":null,""balmer_self_broadening_truncation_closure"":""stark-core"",""effective_temperature"":35000,""formal_maximum_metal_lines"":null,""formal_minimum_metal_oscillator_strength"":0.0001,""h2_he_cia_path"":null,""include_molecules"":false,""log_hydrogen_to_helium"":-5,""logg"":7.5,""lyman_profile_source"":""allard"",""maximum_metal_charge"":4,""metal_classical_electron_stark"":false,""metal_line_supplements"":[],""mixing_length_alpha"":1.25,""neutral_broadening"":""unsold"",""photospheric_depth_concentration"":1.0,""quality"":""production"",""structure_opacity_sampling_resolution"":1000.0,""synthesis_transfer_depth_refinement"":4}",,08b02fe9b1b63a139c25941cdb1f0e3e805a75dcbd700e9df545e50f74256e00,18901,dab,1525.8726863939955,intermediate-abundance-280,
dab-00fe3d320bf277804458783a,DAB,35000,7.5,-3,production,COMPLETE_NUMERICAL,COMPLETE_NUMERICAL,COMPLETE_NUMERICAL,0a74fdbe06596fc145f5169a3b239ddd67053141,"{""abundances"":null,""allard_minimum_effective_temperature"":9000.0,""atmosphere_solver"":""adaptive-newton"",""balmer_self_broadening_prescription"":null,""balmer_self_broadening_truncation_closure"":""stark-core"",""effective_temperature"":35000,""formal_maximum_metal_lines"":null,""formal_minimum_metal_oscillator_strength"":0.0001,""h2_he_cia_path"":null,""include_molecules"":false,""log_hydrogen_to_helium"":-3,""logg"":7.5,""lyman_profile_source"":""allard"",""maximum_metal_charge"":4,""metal_classical_electron_stark"":false,""metal_line_supplements"":[],""mixing_length_alpha"":1.25,""neutral_broadening"":""unsold"",""photospheric_depth_concentration"":1.0,""quality"":""production"",""structure_opacity_sampling_resolution"":1000.0,""synthesis_transfer_depth_refinement"":4}",,150dee4710790238f1c6813f68156d7ebf16d46827c5dfe1a2856cd4fbe343da,18901,dab,1970.745869020997,intermediate-abundance-280,
dab-d5df94622561ed2749ca5195,DAB,35000,7.5,-1,production,COMPLETE_NUMERICAL,COMPLETE_NUMERICAL,COMPLETE_NUMERICAL,0a74fdbe06596fc145f5169a3b239ddd67053141,"{""abundances"":null,""allard_minimum_effective_temperature"":9000.0,""atmosphere_solver"":""adaptive-newton"",""balmer_self_broadening_prescription"":null,""balmer_self_broadening_truncation_closure"":""stark-core"",""effective_temperature"":35000,""formal_maximum_metal_lines"":null,""formal_minimum_metal_oscillator_strength"":0.0001,""h2_he_cia_path"":null,""include_molecules"":false,""log_hydrogen_to_helium"":-1,""logg"":7.5,""lyman_profile_source"":""allard"",""maximum_metal_charge"":4,""metal_classical_electron_stark"":false,""metal_line_supplements"":[],""mixing_length_alpha"":1.25,""neutral_broadening"":""unsold"",""photospheric_depth_concentration"":1.0,""quality"":""production"",""structure_opacity_sampling_resolution"":1000.0,""synthesis_transfer_depth_refinement"":4}",,6a0bfbf50f8d0e0f94f860ac18c2a40c653053d6691b9ff6dbad7af71018ce06,18901,dab,1883.897882403995,intermediate-abundance-280,
dab-0d3e181f294d33fb400f9e3d,DAB,35000,7.5,1,production,COMPLETE_NUMERICAL,COMPLETE_NUMERICAL,COMPLETE_NUMERICAL,0a74fdbe06596fc145f5169a3b239ddd67053141,"{""abundances"":null,""allard_minimum_effective_temperature"":9000.0,""atmosphere_solver"":""adaptive-newton"",""balmer_self_broadening_prescription"":null,""balmer_self_broadening_truncation_closure"":""stark-core"",""effective_temperature"":35000,""formal_maximum_metal_lines"":null,""formal_minimum_metal_oscillator_strength"":0.0001,""h2_he_cia_path"":null,""include_molecules"":false,""log_hydrogen_to_helium"":1,""logg"":7.5,""lyman_profile_source"":""allard"",""maximum_metal_charge"":4,""metal_classical_electron_stark"":false,""metal_line_supplements"":[],""mixing_length_alpha"":1.25,""neutral_broadening"":""unsold"",""photospheric_depth_concentration"":1.0,""quality"":""production"",""structure_opacity_sampling_resolution"":1000.0,""synthesis_transfer_depth_refinement"":4}",,ee6ccf45ce0008291054eee9f86e04d2d24576917bffe8a6543fbbf9866a0ded,18901,dab,1737.554404265,intermediate-abundance-280,
dab-fc74007fef24d7118e721388,DAB,35000,7.5,3,production,COMPLETE_NUMERICAL,COMPLETE_NUMERICAL,COMPLETE_NUMERICAL,0a74fdbe06596fc145f5169a3b239ddd67053141,"{""abundances"":null,""allard_minimum_effective_temperature"":9000.0,""atmosphere_solver"":""adaptive-newton"",""balmer_self_broadening_prescription"":null,""balmer_self_broadening_truncation_closure"":""stark-core"",""effective_temperature"":35000,""formal_maximum_metal_lines"":null,""formal_minimum_metal_oscillator_strength"":0.0001,""h2_he_cia_path"":null,""include_molecules"":false,""log_hydrogen_to_helium"":3,""logg"":7.5,""lyman_profile_source"":""allard"",""maximum_metal_charge"":4,""metal_classical_electron_stark"":false,""metal_line_supplements"":[],""mixing_length_alpha"":1.25,""neutral_broadening"":""unsold"",""photospheric_depth_concentration"":1.0,""quality"":""production"",""structure_opacity_sampling_resolution"":1000.0,""synthesis_transfer_depth_refinement"":4}",,3b55b9f9f85b9b7de73d7ac0b878a22a4123012ec26c539ba01b0dcdf37e80c6,18901,dab,1306.1000250329962,intermediate-abundance-280,
dab-6616495a0d0442acc6564742,DAB,35000,8,-5,production,COMPLETE_NUMERICAL,COMPLETE_NUMERICAL,COMPLETE_NUMERICAL,0a74fdbe06596fc145f5169a3b239ddd67053141,"{""abundances"":null,""allard_minimum_effective_temperature"":9000.0,""atmosphere_solver"":""adaptive-newton"",""balmer_self_broadening_prescription"":null,""balmer_self_broadening_truncation_closure"":""stark-core"",""effective_temperature"":35000,""formal_maximum_metal_lines"":null,""formal_minimum_metal_oscillator_strength"":0.0001,""h2_he_cia_path"":null,""include_molecules"":false,""log_hydrogen_to_helium"":-5,""logg"":8,""lyman_profile_source"":""allard"",""maximum_metal_charge"":4,""metal_classical_electron_stark"":false,""metal_line_supplements"":[],""mixing_length_alpha"":1.25,""neutral_broadening"":""unsold"",""photospheric_depth_concentration"":1.0,""quality"":""production"",""structure_opacity_sampling_resolution"":1000.0,""synthesis_transfer_depth_refinement"":4}",,1a078a3d49878303d714fa1c5b36a656488def844b7018c08d29aa7228c34a28,18901,dab,2386.6977653720023,intermediate-abundance-280,
dab-4b1b4d86d4465e017fa02a06,DAB,35000,8,-3,production,COMPLETE_NUMERICAL,COMPLETE_NUMERICAL,COMPLETE_NUMERICAL,0a74fdbe06596fc145f5169a3b239ddd67053141,"{""abundances"":null,""allard_minimum_effective_temperature"":9000.0,""atmosphere_solver"":""adaptive-newton"",""balmer_self_broadening_prescription"":null,""balmer_self_broadening_truncation_closure"":""stark-core"",""effective_temperature"":35000,""formal_maximum_metal_lines"":null,""formal_minimum_metal_oscillator_strength"":0.0001,""h2_he_cia_path"":null,""include_molecules"":false,""log_hydrogen_to_helium"":-3,""logg"":8,""lyman_profile_source"":""allard"",""maximum_metal_charge"":4,""metal_classical_electron_stark"":false,""metal_line_supplements"":[],""mixing_length_alpha"":1.25,""neutral_broadening"":""unsold"",""photospheric_depth_concentration"":1.0,""quality"":""production"",""structure_opacity_sampling_resolution"":1000.0,""synthesis_transfer_depth_refinement"":4}",,d01d82427e580f54717e5938a19866828b765a3a4b4de679052acb15de0404ba,18901,dab,2402.0055407580003,intermediate-abundance-280,
dab-736a01182b424e034aac5383,DAB,35000,8,-1,production,COMPLETE_NUMERICAL,COMPLETE_NUMERICAL,COMPLETE_NUMERICAL,0a74fdbe06596fc145f5169a3b239ddd67053141,"{""abundances"":null,""allard_minimum_effective_temperature"":9000.0,""atmosphere_solver"":""adaptive-newton"",""balmer_self_broadening_prescription"":null,""balmer_self_broadening_truncation_closure"":""stark-core"",""effective_temperature"":35000,""formal_maximum_metal_lines"":null,""formal_minimum_metal_oscillator_strength"":0.0001,""h2_he_cia_path"":null,""include_molecules"":false,""log_hydrogen_to_helium"":-1,""logg"":8,""lyman_profile_source"":""allard"",""maximum_metal_charge"":4,""metal_classical_electron_stark"":false,""metal_line_supplements"":[],""mixing_length_alpha"":1.25,""neutral_broadening"":""unsold"",""photospheric_depth_concentration"":1.0,""quality"":""production"",""structure_opacity_sampling_resolution"":1000.0,""synthesis_transfer_depth_refinement"":4}",,c9c06604d1c37d0cbc07d216049ce5611d7b9b88e5de9b682b912f0fce9cfb68,18901,dab,2064.9030709470026,intermediate-abundance-280,
dab-a028f9491d3bb8d940748159,DAB,35000,8,1,production,COMPLETE_NUMERICAL,COMPLETE_NUMERICAL,COMPLETE_NUMERICAL,0a74fdbe06596fc145f5169a3b239ddd67053141,"{""abundances"":null,""allard_minimum_effective_temperature"":9000.0,""atmosphere_solver"":""adaptive-newton"",""balmer_self_broadening_prescription"":null,""balmer_self_broadening_truncation_closure"":""stark-core"",""effective_temperature"":35000,""formal_maximum_metal_lines"":null,""formal_minimum_metal_oscillator_strength"":0.0001,""h2_he_cia_path"":null,""include_molecules"":false,""log_hydrogen_to_helium"":1,""logg"":8,""lyman_profile_source"":""allard"",""maximum_metal_charge"":4,""metal_classical_electron_stark"":false,""metal_line_supplements"":[],""mixing_length_alpha"":1.25,""neutral_broadening"":""unsold"",""photospheric_depth_concentration"":1.0,""quality"":""production"",""structure_opacity_sampling_resolution"":1000.0,""synthesis_transfer_depth_refinement"":4}",,eaffc5a2def795e5f66b0a4873d819c2d48680d918548ef9adecf882f7a28574,18901,dab,1743.076872603997,intermediate-abundance-280,
dab-27df3def49a9f084b3b5cb6d,DAB,35000,8,3,production,COMPLETE_NUMERICAL,COMPLETE_NUMERICAL,COMPLETE_NUMERICAL,0a74fdbe06596fc145f5169a3b239ddd67053141,"{""abundances"":null,""allard_minimum_effective_temperature"":9000.0,""atmosphere_solver"":""adaptive-newton"",""balmer_self_broadening_prescription"":null,""balmer_self_broadening_truncation_closure"":""stark-core"",""effective_temperature"":35000,""formal_maximum_metal_lines"":null,""formal_minimum_metal_oscillator_strength"":0.0001,""h2_he_cia_path"":null,""include_molecules"":false,""log_hydrogen_to_helium"":3,""logg"":8,""lyman_profile_source"":""allard"",""maximum_metal_charge"":4,""metal_classical_electron_stark"":false,""metal_line_supplements"":[],""mixing_length_alpha"":1.25,""neutral_broadening"":""unsold"",""photospheric_depth_concentration"":1.0,""quality"":""production"",""structure_opacity_sampling_resolution"":1000.0,""synthesis_transfer_depth_refinement"":4}",,c204f4fa7e035423c9617a93025898f771d8c476f854dcd8a38b13789d958628,18901,dab,1461.706464628005,intermediate-abundance-280,
dab-038192d3a6fe7f3ae65b9d3a,DAB,35000,8.5,-5,production,COMPLETE_NUMERICAL,COMPLETE_NUMERICAL,COMPLETE_NUMERICAL,0a74fdbe06596fc145f5169a3b239ddd67053141,"{""abundances"":null,""allard_minimum_effective_temperature"":9000.0,""atmosphere_solver"":""adaptive-newton"",""balmer_self_broadening_prescription"":null,""balmer_self_broadening_truncation_closure"":""stark-core"",""effective_temperature"":35000,""formal_maximum_metal_lines"":null,""formal_minimum_metal_oscillator_strength"":0.0001,""h2_he_cia_path"":null,""include_molecules"":false,""log_hydrogen_to_helium"":-5,""logg"":8.5,""lyman_profile_source"":""allard"",""maximum_metal_charge"":4,""metal_classical_electron_stark"":false,""metal_line_supplements"":[],""mixing_length_alpha"":1.25,""neutral_broadening"":""unsold"",""photospheric_depth_concentration"":1.0,""quality"":""production"",""structure_opacity_sampling_resolution"":1000.0,""synthesis_transfer_depth_refinement"":4}",,30276cee05b8f0668bae1a893779713917f407ef32b3058045b4bcddcfd43dc1,18901,dab,2253.5948290250017,intermediate-abundance-280,
dab-d1d3b8dd1468f2f316a8d967,DAB,35000,8.5,-3,production,COMPLETE_NUMERICAL,COMPLETE_NUMERICAL,COMPLETE_NUMERICAL,0a74fdbe06596fc145f5169a3b239ddd67053141,"{""abundances"":null,""allard_minimum_effective_temperature"":9000.0,""atmosphere_solver"":""adaptive-newton"",""balmer_self_broadening_prescription"":null,""balmer_self_broadening_truncation_closure"":""stark-core"",""effective_temperature"":35000,""formal_maximum_metal_lines"":null,""formal_minimum_metal_oscillator_strength"":0.0001,""h2_he_cia_path"":null,""include_molecules"":false,""log_hydrogen_to_helium"":-3,""logg"":8.5,""lyman_profile_source"":""allard"",""maximum_metal_charge"":4,""metal_classical_electron_stark"":false,""metal_line_supplements"":[],""mixing_length_alpha"":1.25,""neutral_broadening"":""unsold"",""photospheric_depth_concentration"":1.0,""quality"":""production"",""structure_opacity_sampling_resolution"":1000.0,""synthesis_transfer_depth_refinement"":4}",,05af9228d099099a6fb85c65224480bb008c9cf79a3a9f77c262e9f1e10638f4,18901,dab,2473.238556203003,intermediate-abundance-280,
dab-a3fa6a41b18c371588215805,DAB,35000,8.5,-1,production,COMPLETE_NUMERICAL,COMPLETE_NUMERICAL,COMPLETE_NUMERICAL,0a74fdbe06596fc145f5169a3b239ddd67053141,"{""abundances"":null,""allard_minimum_effective_temperature"":9000.0,""atmosphere_solver"":""adaptive-newton"",""balmer_self_broadening_prescription"":null,""balmer_self_broadening_truncation_closure"":""stark-core"",""effective_temperature"":35000,""formal_maximum_metal_lines"":null,""formal_minimum_metal_oscillator_strength"":0.0001,""h2_he_cia_path"":null,""include_molecules"":false,""log_hydrogen_to_helium"":-1,""logg"":8.5,""lyman_profile_source"":""allard"",""maximum_metal_charge"":4,""metal_classical_electron_stark"":false,""metal_line_supplements"":[],""mixing_length_alpha"":1.25,""neutral_broadening"":""unsold"",""photospheric_depth_concentration"":1.0,""quality"":""production"",""structure_opacity_sampling_resolution"":1000.0,""synthesis_transfer_depth_refinement"":4}",,77ee74cdac681f2c6121ba410bc153c1417b0790ddad41809ed4bff1aec918ec,18901,dab,1783.702071929998,intermediate-abundance-280,
dab-c1e2dba1cd54eec02458c71c,DAB,35000,8.5,1,production,COMPLETE_NUMERICAL,COMPLETE_NUMERICAL,COMPLETE_NUMERICAL,0a74fdbe06596fc145f5169a3b239ddd67053141,"{""abundances"":null,""allard_minimum_effective_temperature"":9000.0,""atmosphere_solver"":""adaptive-newton"",""balmer_self_broadening_prescription"":null,""balmer_self_broadening_truncation_closure"":""stark-core"",""effective_temperature"":35000,""formal_maximum_metal_lines"":null,""formal_minimum_metal_oscillator_strength"":0.0001,""h2_he_cia_path"":null,""include_molecules"":false,""log_hydrogen_to_helium"":1,""logg"":8.5,""lyman_profile_source"":""allard"",""maximum_metal_charge"":4,""metal_classical_electron_stark"":false,""metal_line_supplements"":[],""mixing_length_alpha"":1.25,""neutral_broadening"":""unsold"",""photospheric_depth_concentration"":1.0,""quality"":""production"",""structure_opacity_sampling_resolution"":1000.0,""synthesis_transfer_depth_refinement"":4}",,fa53ec85b9a71fbdfa9378643034f8308cbac1ea37d2a2430d97cb3ace4a9a14,18901,dab,1557.6526321100027,intermediate-abundance-280,
dab-7ca7895a0444178f6a7543bd,DAB,35000,8.5,3,production,COMPLETE_NUMERICAL,COMPLETE_NUMERICAL,COMPLETE_NUMERICAL,0a74fdbe06596fc145f5169a3b239ddd67053141,"{""abundances"":null,""allard_minimum_effective_temperature"":9000.0,""atmosphere_solver"":""adaptive-newton"",""balmer_self_broadening_prescription"":null,""balmer_self_broadening_truncation_closure"":""stark-core"",""effective_temperature"":35000,""formal_maximum_metal_lines"":null,""formal_minimum_metal_oscillator_strength"":0.0001,""h2_he_cia_path"":null,""include_molecules"":false,""log_hydrogen_to_helium"":3,""logg"":8.5,""lyman_profile_source"":""allard"",""maximum_metal_charge"":4,""metal_classical_electron_stark"":false,""metal_line_supplements"":[],""mixing_length_alpha"":1.25,""neutral_broadening"":""unsold"",""photospheric_depth_concentration"":1.0,""quality"":""production"",""structure_opacity_sampling_resolution"":1000.0,""synthesis_transfer_depth_refinement"":4}",,394b01ff466cc5d85224d6bc412d5260aa3b7fc2de66619575593ab4be94a426,18901,dab,1250.796069651995,intermediate-abundance-280,
dab-d392619feeb2b92797c8966d,DAB,35000,9,-5,production,COMPLETE_NUMERICAL,COMPLETE_NUMERICAL,COMPLETE_NUMERICAL,0a74fdbe06596fc145f5169a3b239ddd67053141,"{""abundances"":null,""allard_minimum_effective_temperature"":9000.0,""atmosphere_solver"":""adaptive-newton"",""balmer_self_broadening_prescription"":null,""balmer_self_broadening_truncation_closure"":""stark-core"",""effective_temperature"":35000,""formal_maximum_metal_lines"":null,""formal_minimum_metal_oscillator_strength"":0.0001,""h2_he_cia_path"":null,""include_molecules"":false,""log_hydrogen_to_helium"":-5,""logg"":9,""lyman_profile_source"":""allard"",""maximum_metal_charge"":4,""metal_classical_electron_stark"":false,""metal_line_supplements"":[],""mixing_length_alpha"":1.25,""neutral_broadening"":""unsold"",""photospheric_depth_concentration"":1.0,""quality"":""production"",""structure_opacity_sampling_resolution"":1000.0,""synthesis_transfer_depth_refinement"":4}",,5a14bdb824f3ffb52dfaf83dd2d42cabb8ce2261e5400a909842ed546774b68a,18901,dab,1846.3207591499959,intermediate-abundance-280,
dab-41cfd983f554db808f40f49b,DAB,35000,9,-3,production,COMPLETE_NUMERICAL,COMPLETE_NUMERICAL,COMPLETE_NUMERICAL,0a74fdbe06596fc145f5169a3b239ddd67053141,"{""abundances"":null,""allard_minimum_effective_temperature"":9000.0,""atmosphere_solver"":""adaptive-newton"",""balmer_self_broadening_prescription"":null,""balmer_self_broadening_truncation_closure"":""stark-core"",""effective_temperature"":35000,""formal_maximum_metal_lines"":null,""formal_minimum_metal_oscillator_strength"":0.0001,""h2_he_cia_path"":null,""include_molecules"":false,""log_hydrogen_to_helium"":-3,""logg"":9,""lyman_profile_source"":""allard"",""maximum_metal_charge"":4,""metal_classical_electron_stark"":false,""metal_line_supplements"":[],""mixing_length_alpha"":1.25,""neutral_broadening"":""unsold"",""photospheric_depth_concentration"":1.0,""quality"":""production"",""structure_opacity_sampling_resolution"":1000.0,""synthesis_transfer_depth_refinement"":4}",,22de90a8560be64374b4875e93e56f5ba4f8a4e3d93e0debf043203e86994c8f,18901,dab,1582.7751823259969,intermediate-abundance-280,
dab-b1ee269b6168a5e4bcab0bb3,DAB,35000,9,-1,production,COMPLETE_NUMERICAL,COMPLETE_NUMERICAL,COMPLETE_NUMERICAL,0a74fdbe06596fc145f5169a3b239ddd67053141,"{""abundances"":null,""allard_minimum_effective_temperature"":9000.0,""atmosphere_solver"":""adaptive-newton"",""balmer_self_broadening_prescription"":null,""balmer_self_broadening_truncation_closure"":""stark-core"",""effective_temperature"":35000,""formal_maximum_metal_lines"":null,""formal_minimum_metal_oscillator_strength"":0.0001,""h2_he_cia_path"":null,""include_molecules"":false,""log_hydrogen_to_helium"":-1,""logg"":9,""lyman_profile_source"":""allard"",""maximum_metal_charge"":4,""metal_classical_electron_stark"":false,""metal_line_supplements"":[],""mixing_length_alpha"":1.25,""neutral_broadening"":""unsold"",""photospheric_depth_concentration"":1.0,""quality"":""production"",""structure_opacity_sampling_resolution"":1000.0,""synthesis_transfer_depth_refinement"":4}",,53ff56f3411609a2ee3c5f69b54ad3914658fd64f60fff6f8ede8df8d8007b05,18901,dab,1751.7112201850032,intermediate-abundance-280,
dab-7acf01d27427e80b2bdd6125,DAB,35000,9,1,production,COMPLETE_NUMERICAL,COMPLETE_NUMERICAL,COMPLETE_NUMERICAL,0a74fdbe06596fc145f5169a3b239ddd67053141,"{""abundances"":null,""allard_minimum_effective_temperature"":9000.0,""atmosphere_solver"":""adaptive-newton"",""balmer_self_broadening_prescription"":null,""balmer_self_broadening_truncation_closure"":""stark-core"",""effective_temperature"":35000,""formal_maximum_metal_lines"":null,""formal_minimum_metal_oscillator_strength"":0.0001,""h2_he_cia_path"":null,""include_molecules"":false,""log_hydrogen_to_helium"":1,""logg"":9,""lyman_profile_source"":""allard"",""maximum_metal_charge"":4,""metal_classical_electron_stark"":false,""metal_line_supplements"":[],""mixing_length_alpha"":1.25,""neutral_broadening"":""unsold"",""photospheric_depth_concentration"":1.0,""quality"":""production"",""structure_opacity_sampling_resolution"":1000.0,""synthesis_transfer_depth_refinement"":4}",,0b663089ab1ba4e54255b019e1ceca619dd11f38af4fbc6bbae0f075e082e460,18901,dab,1660.1698450580006,intermediate-abundance-280,
dab-898cc75071a1707a134fb347,DAB,35000,9,3,production,COMPLETE_NUMERICAL,COMPLETE_NUMERICAL,COMPLETE_NUMERICAL,0a74fdbe06596fc145f5169a3b239ddd67053141,"{""abundances"":null,""allard_minimum_effective_temperature"":9000.0,""atmosphere_solver"":""adaptive-newton"",""balmer_self_broadening_prescription"":null,""balmer_self_broadening_truncation_closure"":""stark-core"",""effective_temperature"":35000,""formal_maximum_metal_lines"":null,""formal_minimum_metal_oscillator_strength"":0.0001,""h2_he_cia_path"":null,""include_molecules"":false,""log_hydrogen_to_helium"":3,""logg"":9,""lyman_profile_source"":""allard"",""maximum_metal_charge"":4,""metal_classical_electron_stark"":false,""metal_line_supplements"":[],""mixing_length_alpha"":1.25,""neutral_broadening"":""unsold"",""photospheric_depth_concentration"":1.0,""quality"":""production"",""structure_opacity_sampling_resolution"":1000.0,""synthesis_transfer_depth_refinement"":4}",,c07c197b26b842b761a4ca99804986d7bb1fccf9273548e0bb4f72b2eff7de2c,18901,dab,1312.1994386239967,intermediate-abundance-280,
dab-eac1608bf92495ab8bc3b9f8,DAB,35000,9.5,-5,production,COMPLETE_NUMERICAL,COMPLETE_NUMERICAL,COMPLETE_NUMERICAL,0a74fdbe06596fc145f5169a3b239ddd67053141,"{""abundances"":null,""allard_minimum_effective_temperature"":9000.0,""atmosphere_solver"":""adaptive-newton"",""balmer_self_broadening_prescription"":null,""balmer_self_broadening_truncation_closure"":""stark-core"",""effective_temperature"":35000,""formal_maximum_metal_lines"":null,""formal_minimum_metal_oscillator_strength"":0.0001,""h2_he_cia_path"":null,""include_molecules"":false,""log_hydrogen_to_helium"":-5,""logg"":9.5,""lyman_profile_source"":""allard"",""maximum_metal_charge"":4,""metal_classical_electron_stark"":false,""metal_line_supplements"":[],""mixing_length_alpha"":1.25,""neutral_broadening"":""unsold"",""photospheric_depth_concentration"":1.0,""quality"":""production"",""structure_opacity_sampling_resolution"":1000.0,""synthesis_transfer_depth_refinement"":4}",,8b979095330f89ca5e810dd293f6a0ecd619429dba9f68f3c37e62bc9303abbe,18901,dab,1804.8781661230023,intermediate-abundance-280,
dab-660f9f8a305de8a05bc124aa,DAB,35000,9.5,-3,production,COMPLETE_NUMERICAL,COMPLETE_NUMERICAL,COMPLETE_NUMERICAL,0a74fdbe06596fc145f5169a3b239ddd67053141,"{""abundances"":null,""allard_minimum_effective_temperature"":9000.0,""atmosphere_solver"":""adaptive-newton"",""balmer_self_broadening_prescription"":null,""balmer_self_broadening_truncation_closure"":""stark-core"",""effective_temperature"":35000,""formal_maximum_metal_lines"":null,""formal_minimum_metal_oscillator_strength"":0.0001,""h2_he_cia_path"":null,""include_molecules"":false,""log_hydrogen_to_helium"":-3,""logg"":9.5,""lyman_profile_source"":""allard"",""maximum_metal_charge"":4,""metal_classical_electron_stark"":false,""metal_line_supplements"":[],""mixing_length_alpha"":1.25,""neutral_broadening"":""unsold"",""photospheric_depth_concentration"":1.0,""quality"":""production"",""structure_opacity_sampling_resolution"":1000.0,""synthesis_transfer_depth_refinement"":4}",,1bfdf5279c4f92b4e30e23bc0b54709ef06b75cc0affe31d7ed6f8f17895a2c0,18901,dab,1614.9371394379996,intermediate-abundance-280,
dab-af5ae12b954c9f7c837eecd8,DAB,35000,9.5,-1,production,COMPLETE_NUMERICAL,COMPLETE_NUMERICAL,COMPLETE_NUMERICAL,0a74fdbe06596fc145f5169a3b239ddd67053141,"{""abundances"":null,""allard_minimum_effective_temperature"":9000.0,""atmosphere_solver"":""adaptive-newton"",""balmer_self_broadening_prescription"":null,""balmer_self_broadening_truncation_closure"":""stark-core"",""effective_temperature"":35000,""formal_maximum_metal_lines"":null,""formal_minimum_metal_oscillator_strength"":0.0001,""h2_he_cia_path"":null,""include_molecules"":false,""log_hydrogen_to_helium"":-1,""logg"":9.5,""lyman_profile_source"":""allard"",""maximum_metal_charge"":4,""metal_classical_electron_stark"":false,""metal_line_supplements"":[],""mixing_length_alpha"":1.25,""neutral_broadening"":""unsold"",""photospheric_depth_concentration"":1.0,""quality"":""production"",""structure_opacity_sampling_resolution"":1000.0,""synthesis_transfer_depth_refinement"":4}",,3523f9f25703f1cf8dbbb7b06d324dd4e04bb2f4411daf185e27053e32f74a34,18901,dab,2598.7899989149955,intermediate-abundance-280,
dab-96e814db6a247586abf05f17,DAB,35000,9.5,1,production,COMPLETE_NUMERICAL,COMPLETE_NUMERICAL,COMPLETE_NUMERICAL,0a74fdbe06596fc145f5169a3b239ddd67053141,"{""abundances"":null,""allard_minimum_effective_temperature"":9000.0,""atmosphere_solver"":""adaptive-newton"",""balmer_self_broadening_prescription"":null,""balmer_self_broadening_truncation_closure"":""stark-core"",""effective_temperature"":35000,""formal_maximum_metal_lines"":null,""formal_minimum_metal_oscillator_strength"":0.0001,""h2_he_cia_path"":null,""include_molecules"":false,""log_hydrogen_to_helium"":1,""logg"":9.5,""lyman_profile_source"":""allard"",""maximum_metal_charge"":4,""metal_classical_electron_stark"":false,""metal_line_supplements"":[],""mixing_length_alpha"":1.25,""neutral_broadening"":""unsold"",""photospheric_depth_concentration"":1.0,""quality"":""production"",""structure_opacity_sampling_resolution"":1000.0,""synthesis_transfer_depth_refinement"":4}",,6cda89a7ee3376c689ec2eaca0fb3d1ebfc0c32c9a32bf8a927c801a2f45d4ea,18901,dab,1671.7277658940002,intermediate-abundance-280,
dab-f051a53fbbb3a0209a273bb8,DAB,35000,9.5,3,production,COMPLETE_NUMERICAL,COMPLETE_NUMERICAL,COMPLETE_NUMERICAL,0a74fdbe06596fc145f5169a3b239ddd67053141,"{""abundances"":null,""allard_minimum_effective_temperature"":9000.0,""atmosphere_solver"":""adaptive-newton"",""balmer_self_broadening_prescription"":null,""balmer_self_broadening_truncation_closure"":""stark-core"",""effective_temperature"":35000,""formal_maximum_metal_lines"":null,""formal_minimum_metal_oscillator_strength"":0.0001,""h2_he_cia_path"":null,""include_molecules"":false,""log_hydrogen_to_helium"":3,""logg"":9.5,""lyman_profile_source"":""allard"",""maximum_metal_charge"":4,""metal_classical_electron_stark"":false,""metal_line_supplements"":[],""mixing_length_alpha"":1.25,""neutral_broadening"":""unsold"",""photospheric_depth_concentration"":1.0,""quality"":""production"",""structure_opacity_sampling_resolution"":1000.0,""synthesis_transfer_depth_refinement"":4}",,075a17c55101e992654e700e4f8d72243854c5eb5f14067038ba60d2c324628d,18901,dab,1455.4107614090026,intermediate-abundance-280,
dab-de629957c3e41c913927a8ca,DAB,40000,6,-5,production,COMPLETE_NUMERICAL,COMPLETE_NUMERICAL,COMPLETE_NUMERICAL,0a74fdbe06596fc145f5169a3b239ddd67053141,"{""abundances"":null,""allard_minimum_effective_temperature"":9000.0,""atmosphere_solver"":""adaptive-newton"",""balmer_self_broadening_prescription"":null,""balmer_self_broadening_truncation_closure"":""stark-core"",""effective_temperature"":40000,""formal_maximum_metal_lines"":null,""formal_minimum_metal_oscillator_strength"":0.0001,""h2_he_cia_path"":null,""include_molecules"":false,""log_hydrogen_to_helium"":-5,""logg"":6,""lyman_profile_source"":""allard"",""maximum_metal_charge"":4,""metal_classical_electron_stark"":false,""metal_line_supplements"":[],""mixing_length_alpha"":1.25,""neutral_broadening"":""unsold"",""photospheric_depth_concentration"":1.0,""quality"":""production"",""structure_opacity_sampling_resolution"":1000.0,""synthesis_transfer_depth_refinement"":4}",,9679e16d097329a63a3e2ee5c8a14166895158984127372ac87dd11006628356,18901,dab,4722.735589516,intermediate-abundance-280,
dab-2dfc8e4cb36ced244087d967,DAB,40000,6,-3,production,TIMEOUT,TIMEOUT,TIMEOUT,0a74fdbe06596fc145f5169a3b239ddd67053141,"{""abundances"":null,""allard_minimum_effective_temperature"":9000.0,""atmosphere_solver"":""adaptive-newton"",""balmer_self_broadening_prescription"":null,""balmer_self_broadening_truncation_closure"":""stark-core"",""effective_temperature"":40000,""formal_maximum_metal_lines"":null,""formal_minimum_metal_oscillator_strength"":0.0001,""h2_he_cia_path"":null,""include_molecules"":false,""log_hydrogen_to_helium"":-3,""logg"":6,""lyman_profile_source"":""allard"",""maximum_metal_charge"":4,""metal_classical_electron_stark"":false,""metal_line_supplements"":[],""mixing_length_alpha"":1.25,""neutral_broadening"":""unsold"",""photospheric_depth_concentration"":1.0,""quality"":""production"",""structure_opacity_sampling_resolution"":1000.0,""synthesis_transfer_depth_refinement"":4}",,,,,4691.946329398001,intermediate-abundance-280,
dab-99f6ff4ca303eb2a829e63d1,DAB,40000,6,-1,production,COMPLETE_NUMERICAL,COMPLETE_NUMERICAL,COMPLETE_NUMERICAL,0a74fdbe06596fc145f5169a3b239ddd67053141,"{""abundances"":null,""allard_minimum_effective_temperature"":9000.0,""atmosphere_solver"":""adaptive-newton"",""balmer_self_broadening_prescription"":null,""balmer_self_broadening_truncation_closure"":""stark-core"",""effective_temperature"":40000,""formal_maximum_metal_lines"":null,""formal_minimum_metal_oscillator_strength"":0.0001,""h2_he_cia_path"":null,""include_molecules"":false,""log_hydrogen_to_helium"":-1,""logg"":6,""lyman_profile_source"":""allard"",""maximum_metal_charge"":4,""metal_classical_electron_stark"":false,""metal_line_supplements"":[],""mixing_length_alpha"":1.25,""neutral_broadening"":""unsold"",""photospheric_depth_concentration"":1.0,""quality"":""production"",""structure_opacity_sampling_resolution"":1000.0,""synthesis_transfer_depth_refinement"":4}",,80bf9001ba3a4e78be9666589b3f00538e39aec7f1d658aaa9a7d3e030e2de93,18901,dab,1899.2184693239979,intermediate-abundance-280,
dab-c17b515f501fae66fae53579,DAB,40000,6,1,production,COMPLETE_NUMERICAL,COMPLETE_NUMERICAL,COMPLETE_NUMERICAL,0a74fdbe06596fc145f5169a3b239ddd67053141,"{""abundances"":null,""allard_minimum_effective_temperature"":9000.0,""atmosphere_solver"":""adaptive-newton"",""balmer_self_broadening_prescription"":null,""balmer_self_broadening_truncation_closure"":""stark-core"",""effective_temperature"":40000,""formal_maximum_metal_lines"":null,""formal_minimum_metal_oscillator_strength"":0.0001,""h2_he_cia_path"":null,""include_molecules"":false,""log_hydrogen_to_helium"":1,""logg"":6,""lyman_profile_source"":""allard"",""maximum_metal_charge"":4,""metal_classical_electron_stark"":false,""metal_line_supplements"":[],""mixing_length_alpha"":1.25,""neutral_broadening"":""unsold"",""photospheric_depth_concentration"":1.0,""quality"":""production"",""structure_opacity_sampling_resolution"":1000.0,""synthesis_transfer_depth_refinement"":4}",,947b0794a441788c26d6668bf17acfe4e7903168c210acfe9a8cd7932f9db9eb,18901,dab,1342.758982979998,intermediate-abundance-280,
dab-2a43d4a2aedf991932d5c64d,DAB,40000,6,3,production,COMPLETE_NUMERICAL,COMPLETE_NUMERICAL,COMPLETE_NUMERICAL,0a74fdbe06596fc145f5169a3b239ddd67053141,"{""abundances"":null,""allard_minimum_effective_temperature"":9000.0,""atmosphere_solver"":""adaptive-newton"",""balmer_self_broadening_prescription"":null,""balmer_self_broadening_truncation_closure"":""stark-core"",""effective_temperature"":40000,""formal_maximum_metal_lines"":null,""formal_minimum_metal_oscillator_strength"":0.0001,""h2_he_cia_path"":null,""include_molecules"":false,""log_hydrogen_to_helium"":3,""logg"":6,""lyman_profile_source"":""allard"",""maximum_metal_charge"":4,""metal_classical_electron_stark"":false,""metal_line_supplements"":[],""mixing_length_alpha"":1.25,""neutral_broadening"":""unsold"",""photospheric_depth_concentration"":1.0,""quality"":""production"",""structure_opacity_sampling_resolution"":1000.0,""synthesis_transfer_depth_refinement"":4}",,31600fb3125b69fb1cdd04f07a16d6b568756343ac372f60a6c6e0f8707f2462,18901,dab,1538.4706720579998,intermediate-abundance-280,
dab-1a9abaee3468dd42ebe79ffa,DAB,40000,6.5,-5,production,COMPLETE_NUMERICAL,COMPLETE_NUMERICAL,COMPLETE_NUMERICAL,0a74fdbe06596fc145f5169a3b239ddd67053141,"{""abundances"":null,""allard_minimum_effective_temperature"":9000.0,""atmosphere_solver"":""adaptive-newton"",""balmer_self_broadening_prescription"":null,""balmer_self_broadening_truncation_closure"":""stark-core"",""effective_temperature"":40000,""formal_maximum_metal_lines"":null,""formal_minimum_metal_oscillator_strength"":0.0001,""h2_he_cia_path"":null,""include_molecules"":false,""log_hydrogen_to_helium"":-5,""logg"":6.5,""lyman_profile_source"":""allard"",""maximum_metal_charge"":4,""metal_classical_electron_stark"":false,""metal_line_supplements"":[],""mixing_length_alpha"":1.25,""neutral_broadening"":""unsold"",""photospheric_depth_concentration"":1.0,""quality"":""production"",""structure_opacity_sampling_resolution"":1000.0,""synthesis_transfer_depth_refinement"":4}",,ea9ab26231d24ac3e5650e0b0167967ca125c93700ab5f960178875a105ea95e,18901,dab,4686.839006338996,intermediate-abundance-280,
dab-2eb8a854bd5d1ec56845f030,DAB,40000,6.5,-3,production,COMPLETE_NUMERICAL,COMPLETE_NUMERICAL,COMPLETE_NUMERICAL,0a74fdbe06596fc145f5169a3b239ddd67053141,"{""abundances"":null,""allard_minimum_effective_temperature"":9000.0,""atmosphere_solver"":""adaptive-newton"",""balmer_self_broadening_prescription"":null,""balmer_self_broadening_truncation_closure"":""stark-core"",""effective_temperature"":40000,""formal_maximum_metal_lines"":null,""formal_minimum_metal_oscillator_strength"":0.0001,""h2_he_cia_path"":null,""include_molecules"":false,""log_hydrogen_to_helium"":-3,""logg"":6.5,""lyman_profile_source"":""allard"",""maximum_metal_charge"":4,""metal_classical_electron_stark"":false,""metal_line_supplements"":[],""mixing_length_alpha"":1.25,""neutral_broadening"":""unsold"",""photospheric_depth_concentration"":1.0,""quality"":""production"",""structure_opacity_sampling_resolution"":1000.0,""synthesis_transfer_depth_refinement"":4}",,9f667d34340259886c02dbc957f9c839c161d29a80b821df2e4ef144500daee7,18901,dab,4973.995657645995,intermediate-abundance-280,
dab-f7ecc45124b768331fb0934e,DAB,40000,6.5,-1,production,COMPLETE_NUMERICAL,COMPLETE_NUMERICAL,COMPLETE_NUMERICAL,0a74fdbe06596fc145f5169a3b239ddd67053141,"{""abundances"":null,""allard_minimum_effective_temperature"":9000.0,""atmosphere_solver"":""adaptive-newton"",""balmer_self_broadening_prescription"":null,""balmer_self_broadening_truncation_closure"":""stark-core"",""effective_temperature"":40000,""formal_maximum_metal_lines"":null,""formal_minimum_metal_oscillator_strength"":0.0001,""h2_he_cia_path"":null,""include_molecules"":false,""log_hydrogen_to_helium"":-1,""logg"":6.5,""lyman_profile_source"":""allard"",""maximum_metal_charge"":4,""metal_classical_electron_stark"":false,""metal_line_supplements"":[],""mixing_length_alpha"":1.25,""neutral_broadening"":""unsold"",""photospheric_depth_concentration"":1.0,""quality"":""production"",""structure_opacity_sampling_resolution"":1000.0,""synthesis_transfer_depth_refinement"":4}",,a661eb53f1a9552ef0c5a074fc561fb6b1589af4d0432240a90ffbf00e03c030,18901,dab,3934.761501269997,intermediate-abundance-280,
dab-cbe238d6ea5677e08178de9e,DAB,40000,6.5,1,production,COMPLETE_NUMERICAL,COMPLETE_NUMERICAL,COMPLETE_NUMERICAL,0a74fdbe06596fc145f5169a3b239ddd67053141,"{""abundances"":null,""allard_minimum_effective_temperature"":9000.0,""atmosphere_solver"":""adaptive-newton"",""balmer_self_broadening_prescription"":null,""balmer_self_broadening_truncation_closure"":""stark-core"",""effective_temperature"":40000,""formal_maximum_metal_lines"":null,""formal_minimum_metal_oscillator_strength"":0.0001,""h2_he_cia_path"":null,""include_molecules"":false,""log_hydrogen_to_helium"":1,""logg"":6.5,""lyman_profile_source"":""allard"",""maximum_metal_charge"":4,""metal_classical_electron_stark"":false,""metal_line_supplements"":[],""mixing_length_alpha"":1.25,""neutral_broadening"":""unsold"",""photospheric_depth_concentration"":1.0,""quality"":""production"",""structure_opacity_sampling_resolution"":1000.0,""synthesis_transfer_depth_refinement"":4}",,5ab3a2f88922a8b6ad75fb8f95454b489ed33c408e271dddb4fcb931525bdd5a,18901,dab,1255.5836319080045,intermediate-abundance-280,
dab-1e6668c3b5294389c57ab125,DAB,40000,6.5,3,production,COMPLETE_NUMERICAL,COMPLETE_NUMERICAL,COMPLETE_NUMERICAL,0a74fdbe06596fc145f5169a3b239ddd67053141,"{""abundances"":null,""allard_minimum_effective_temperature"":9000.0,""atmosphere_solver"":""adaptive-newton"",""balmer_self_broadening_prescription"":null,""balmer_self_broadening_truncation_closure"":""stark-core"",""effective_temperature"":40000,""formal_maximum_metal_lines"":null,""formal_minimum_metal_oscillator_strength"":0.0001,""h2_he_cia_path"":null,""include_molecules"":false,""log_hydrogen_to_helium"":3,""logg"":6.5,""lyman_profile_source"":""allard"",""maximum_metal_charge"":4,""metal_classical_electron_stark"":false,""metal_line_supplements"":[],""mixing_length_alpha"":1.25,""neutral_broadening"":""unsold"",""photospheric_depth_concentration"":1.0,""quality"":""production"",""structure_opacity_sampling_resolution"":1000.0,""synthesis_transfer_depth_refinement"":4}",,7fde85cfba129ca8d412fa5a747e74c6ee87c5f6639024b8bf3447161c4ffae5,18901,dab,1578.1208500190041,intermediate-abundance-280,
dab-8fd16946c709d6b8c7e68f61,DAB,40000,7,-5,production,COMPLETE_NUMERICAL,COMPLETE_NUMERICAL,COMPLETE_NUMERICAL,0a74fdbe06596fc145f5169a3b239ddd67053141,"{""abundances"":null,""allard_minimum_effective_temperature"":9000.0,""atmosphere_solver"":""adaptive-newton"",""balmer_self_broadening_prescription"":null,""balmer_self_broadening_truncation_closure"":""stark-core"",""effective_temperature"":40000,""formal_maximum_metal_lines"":null,""formal_minimum_metal_oscillator_strength"":0.0001,""h2_he_cia_path"":null,""include_molecules"":false,""log_hydrogen_to_helium"":-5,""logg"":7,""lyman_profile_source"":""allard"",""maximum_metal_charge"":4,""metal_classical_electron_stark"":false,""metal_line_supplements"":[],""mixing_length_alpha"":1.25,""neutral_broadening"":""unsold"",""photospheric_depth_concentration"":1.0,""quality"":""production"",""structure_opacity_sampling_resolution"":1000.0,""synthesis_transfer_depth_refinement"":4}",,9a6c018d5509f74f68578ed3a3530f752a063db151065e780ef418cb68e74fc2,18901,dab,2063.963435388003,intermediate-abundance-280,
dab-600af571b9b8a65f6d4bf822,DAB,40000,7,-3,production,COMPLETE_NUMERICAL,COMPLETE_NUMERICAL,COMPLETE_NUMERICAL,0a74fdbe06596fc145f5169a3b239ddd67053141,"{""abundances"":null,""allard_minimum_effective_temperature"":9000.0,""atmosphere_solver"":""adaptive-newton"",""balmer_self_broadening_prescription"":null,""balmer_self_broadening_truncation_closure"":""stark-core"",""effective_temperature"":40000,""formal_maximum_metal_lines"":null,""formal_minimum_metal_oscillator_strength"":0.0001,""h2_he_cia_path"":null,""include_molecules"":false,""log_hydrogen_to_helium"":-3,""logg"":7,""lyman_profile_source"":""allard"",""maximum_metal_charge"":4,""metal_classical_electron_stark"":false,""metal_line_supplements"":[],""mixing_length_alpha"":1.25,""neutral_broadening"":""unsold"",""photospheric_depth_concentration"":1.0,""quality"":""production"",""structure_opacity_sampling_resolution"":1000.0,""synthesis_transfer_depth_refinement"":4}",,73e0223cad1fb9724e391428b32971154a631a999d8033bbf40eea0f20acc665,18901,dab,1957.9035635559994,intermediate-abundance-280,
dab-2ec7f93da5f3b27aa0aa4ff6,DAB,40000,7,-1,production,COMPLETE_NUMERICAL,COMPLETE_NUMERICAL,COMPLETE_NUMERICAL,0a74fdbe06596fc145f5169a3b239ddd67053141,"{""abundances"":null,""allard_minimum_effective_temperature"":9000.0,""atmosphere_solver"":""adaptive-newton"",""balmer_self_broadening_prescription"":null,""balmer_self_broadening_truncation_closure"":""stark-core"",""effective_temperature"":40000,""formal_maximum_metal_lines"":null,""formal_minimum_metal_oscillator_strength"":0.0001,""h2_he_cia_path"":null,""include_molecules"":false,""log_hydrogen_to_helium"":-1,""logg"":7,""lyman_profile_source"":""allard"",""maximum_metal_charge"":4,""metal_classical_electron_stark"":false,""metal_line_supplements"":[],""mixing_length_alpha"":1.25,""neutral_broadening"":""unsold"",""photospheric_depth_concentration"":1.0,""quality"":""production"",""structure_opacity_sampling_resolution"":1000.0,""synthesis_transfer_depth_refinement"":4}",,af22d703a761163aa2b9b2b4c979b9096c92389e7002a892735c8eca5d13cd7a,18901,dab,1525.9459796590018,intermediate-abundance-280,
dab-d2033db2ddc8ce06496167ab,DAB,40000,7,1,production,COMPLETE_NUMERICAL,COMPLETE_NUMERICAL,COMPLETE_NUMERICAL,0a74fdbe06596fc145f5169a3b239ddd67053141,"{""abundances"":null,""allard_minimum_effective_temperature"":9000.0,""atmosphere_solver"":""adaptive-newton"",""balmer_self_broadening_prescription"":null,""balmer_self_broadening_truncation_closure"":""stark-core"",""effective_temperature"":40000,""formal_maximum_metal_lines"":null,""formal_minimum_metal_oscillator_strength"":0.0001,""h2_he_cia_path"":null,""include_molecules"":false,""log_hydrogen_to_helium"":1,""logg"":7,""lyman_profile_source"":""allard"",""maximum_metal_charge"":4,""metal_classical_electron_stark"":false,""metal_line_supplements"":[],""mixing_length_alpha"":1.25,""neutral_broadening"":""unsold"",""photospheric_depth_concentration"":1.0,""quality"":""production"",""structure_opacity_sampling_resolution"":1000.0,""synthesis_transfer_depth_refinement"":4}",,54e2935097b29ff3cc731cebff2531dcf52f17e33ebcdce42a4c65771bdfe023,18901,dab,1246.3403158490037,intermediate-abundance-280,
dab-4b1f004f6844f718e65a40f2,DAB,40000,7,3,production,COMPLETE_NUMERICAL,COMPLETE_NUMERICAL,COMPLETE_NUMERICAL,0a74fdbe06596fc145f5169a3b239ddd67053141,"{""abundances"":null,""allard_minimum_effective_temperature"":9000.0,""atmosphere_solver"":""adaptive-newton"",""balmer_self_broadening_prescription"":null,""balmer_self_broadening_truncation_closure"":""stark-core"",""effective_temperature"":40000,""formal_maximum_metal_lines"":null,""formal_minimum_metal_oscillator_strength"":0.0001,""h2_he_cia_path"":null,""include_molecules"":false,""log_hydrogen_to_helium"":3,""logg"":7,""lyman_profile_source"":""allard"",""maximum_metal_charge"":4,""metal_classical_electron_stark"":false,""metal_line_supplements"":[],""mixing_length_alpha"":1.25,""neutral_broadening"":""unsold"",""photospheric_depth_concentration"":1.0,""quality"":""production"",""structure_opacity_sampling_resolution"":1000.0,""synthesis_transfer_depth_refinement"":4}",,6648609cd0a8586fc744bc16ec0d0d77a4055b090532741fc20a21137af33a51,18901,dab,1603.1129398939956,intermediate-abundance-280,
dab-224d73a696a41dd7fc9d9c3a,DAB,40000,7.5,-5,production,COMPLETE_NUMERICAL,COMPLETE_NUMERICAL,COMPLETE_NUMERICAL,0a74fdbe06596fc145f5169a3b239ddd67053141,"{""abundances"":null,""allard_minimum_effective_temperature"":9000.0,""atmosphere_solver"":""adaptive-newton"",""balmer_self_broadening_prescription"":null,""balmer_self_broadening_truncation_closure"":""stark-core"",""effective_temperature"":40000,""formal_maximum_metal_lines"":null,""formal_minimum_metal_oscillator_strength"":0.0001,""h2_he_cia_path"":null,""include_molecules"":false,""log_hydrogen_to_helium"":-5,""logg"":7.5,""lyman_profile_source"":""allard"",""maximum_metal_charge"":4,""metal_classical_electron_stark"":false,""metal_line_supplements"":[],""mixing_length_alpha"":1.25,""neutral_broadening"":""unsold"",""photospheric_depth_concentration"":1.0,""quality"":""production"",""structure_opacity_sampling_resolution"":1000.0,""synthesis_transfer_depth_refinement"":4}",,1fd13c30c62c0db2b53de8067f53bb5776620376550298413e2301c6fa09667f,18901,dab,1711.4803913599972,intermediate-abundance-280,
dab-15b8d263e465bad4ee12a675,DAB,40000,7.5,-3,production,COMPLETE_NUMERICAL,COMPLETE_NUMERICAL,COMPLETE_NUMERICAL,0a74fdbe06596fc145f5169a3b239ddd67053141,"{""abundances"":null,""allard_minimum_effective_temperature"":9000.0,""atmosphere_solver"":""adaptive-newton"",""balmer_self_broadening_prescription"":null,""balmer_self_broadening_truncation_closure"":""stark-core"",""effective_temperature"":40000,""formal_maximum_metal_lines"":null,""formal_minimum_metal_oscillator_strength"":0.0001,""h2_he_cia_path"":null,""include_molecules"":false,""log_hydrogen_to_helium"":-3,""logg"":7.5,""lyman_profile_source"":""allard"",""maximum_metal_charge"":4,""metal_classical_electron_stark"":false,""metal_line_supplements"":[],""mixing_length_alpha"":1.25,""neutral_broadening"":""unsold"",""photospheric_depth_concentration"":1.0,""quality"":""production"",""structure_opacity_sampling_resolution"":1000.0,""synthesis_transfer_depth_refinement"":4}",,0ac80900058c2ef657450f4295da5dbaf6c3bb3a49056549b93a5aea10e9f4c3,18901,dab,1910.3455011609985,intermediate-abundance-280,
dab-b0de169f0cb36bfd42127f75,DAB,40000,7.5,-1,production,COMPLETE_NUMERICAL,COMPLETE_NUMERICAL,COMPLETE_NUMERICAL,0a74fdbe06596fc145f5169a3b239ddd67053141,"{""abundances"":null,""allard_minimum_effective_temperature"":9000.0,""atmosphere_solver"":""adaptive-newton"",""balmer_self_broadening_prescription"":null,""balmer_self_broadening_truncation_closure"":""stark-core"",""effective_temperature"":40000,""formal_maximum_metal_lines"":null,""formal_minimum_metal_oscillator_strength"":0.0001,""h2_he_cia_path"":null,""include_molecules"":false,""log_hydrogen_to_helium"":-1,""logg"":7.5,""lyman_profile_source"":""allard"",""maximum_metal_charge"":4,""metal_classical_electron_stark"":false,""metal_line_supplements"":[],""mixing_length_alpha"":1.25,""neutral_broadening"":""unsold"",""photospheric_depth_concentration"":1.0,""quality"":""production"",""structure_opacity_sampling_resolution"":1000.0,""synthesis_transfer_depth_refinement"":4}",,e2e11cc4f15fd50ffe65fcedfcf1654b065df01d8d8c1866c8904213d06ce717,18901,dab,2359.709259062998,intermediate-abundance-280,
dab-653b04018b42b83cfa4ed5a6,DAB,40000,7.5,1,production,COMPLETE_NUMERICAL,COMPLETE_NUMERICAL,COMPLETE_NUMERICAL,0a74fdbe06596fc145f5169a3b239ddd67053141,"{""abundances"":null,""allard_minimum_effective_temperature"":9000.0,""atmosphere_solver"":""adaptive-newton"",""balmer_self_broadening_prescription"":null,""balmer_self_broadening_truncation_closure"":""stark-core"",""effective_temperature"":40000,""formal_maximum_metal_lines"":null,""formal_minimum_metal_oscillator_strength"":0.0001,""h2_he_cia_path"":null,""include_molecules"":false,""log_hydrogen_to_helium"":1,""logg"":7.5,""lyman_profile_source"":""allard"",""maximum_metal_charge"":4,""metal_classical_electron_stark"":false,""metal_line_supplements"":[],""mixing_length_alpha"":1.25,""neutral_broadening"":""unsold"",""photospheric_depth_concentration"":1.0,""quality"":""production"",""structure_opacity_sampling_resolution"":1000.0,""synthesis_transfer_depth_refinement"":4}",,5bf770a913ff5f0b00eba62479a0a7b442c2f292bd7d9a41afa8b4ac7f41ca64,18901,dab,1337.674288524002,intermediate-abundance-280,
dab-529942582a56414855b18a52,DAB,40000,7.5,3,production,COMPLETE_NUMERICAL,COMPLETE_NUMERICAL,COMPLETE_NUMERICAL,0a74fdbe06596fc145f5169a3b239ddd67053141,"{""abundances"":null,""allard_minimum_effective_temperature"":9000.0,""atmosphere_solver"":""adaptive-newton"",""balmer_self_broadening_prescription"":null,""balmer_self_broadening_truncation_closure"":""stark-core"",""effective_temperature"":40000,""formal_maximum_metal_lines"":null,""formal_minimum_metal_oscillator_strength"":0.0001,""h2_he_cia_path"":null,""include_molecules"":false,""log_hydrogen_to_helium"":3,""logg"":7.5,""lyman_profile_source"":""allard"",""maximum_metal_charge"":4,""metal_classical_electron_stark"":false,""metal_line_supplements"":[],""mixing_length_alpha"":1.25,""neutral_broadening"":""unsold"",""photospheric_depth_concentration"":1.0,""quality"":""production"",""structure_opacity_sampling_resolution"":1000.0,""synthesis_transfer_depth_refinement"":4}",,9da0268a461fc8795c579bc6a6e151909e9c7f4520492336e0f2fced099691c8,18901,dab,1127.6603102439985,intermediate-abundance-280,
dab-733a35343d60ec11be5df056,DAB,40000,8,-5,production,COMPLETE_NUMERICAL,COMPLETE_NUMERICAL,COMPLETE_NUMERICAL,0a74fdbe06596fc145f5169a3b239ddd67053141,"{""abundances"":null,""allard_minimum_effective_temperature"":9000.0,""atmosphere_solver"":""adaptive-newton"",""balmer_self_broadening_prescription"":null,""balmer_self_broadening_truncation_closure"":""stark-core"",""effective_temperature"":40000,""formal_maximum_metal_lines"":null,""formal_minimum_metal_oscillator_strength"":0.0001,""h2_he_cia_path"":null,""include_molecules"":false,""log_hydrogen_to_helium"":-5,""logg"":8,""lyman_profile_source"":""allard"",""maximum_metal_charge"":4,""metal_classical_electron_stark"":false,""metal_line_supplements"":[],""mixing_length_alpha"":1.25,""neutral_broadening"":""unsold"",""photospheric_depth_concentration"":1.0,""quality"":""production"",""structure_opacity_sampling_resolution"":1000.0,""synthesis_transfer_depth_refinement"":4}",,c3ddcfd12c58da0b8883765f3bd2079f552f57a48c1fbb71b5b1eed110fa8e5a,18901,dab,1952.2934513009968,intermediate-abundance-280,
dab-9ccd4073f952a5aa585fb225,DAB,40000,8,-3,production,COMPLETE_NUMERICAL,COMPLETE_NUMERICAL,COMPLETE_NUMERICAL,0a74fdbe06596fc145f5169a3b239ddd67053141,"{""abundances"":null,""allard_minimum_effective_temperature"":9000.0,""atmosphere_solver"":""adaptive-newton"",""balmer_self_broadening_prescription"":null,""balmer_self_broadening_truncation_closure"":""stark-core"",""effective_temperature"":40000,""formal_maximum_metal_lines"":null,""formal_minimum_metal_oscillator_strength"":0.0001,""h2_he_cia_path"":null,""include_molecules"":false,""log_hydrogen_to_helium"":-3,""logg"":8,""lyman_profile_source"":""allard"",""maximum_metal_charge"":4,""metal_classical_electron_stark"":false,""metal_line_supplements"":[],""mixing_length_alpha"":1.25,""neutral_broadening"":""unsold"",""photospheric_depth_concentration"":1.0,""quality"":""production"",""structure_opacity_sampling_resolution"":1000.0,""synthesis_transfer_depth_refinement"":4}",,52ad9dc387e8fc1695ebbbba4fb5dbf2a23b76cd3aea0e8b02a7e760905858d7,18901,dab,2063.5187335750015,intermediate-abundance-280,
dab-b4369bed8de1a34db23f4bdb,DAB,40000,8,-1,production,COMPLETE_NUMERICAL,COMPLETE_NUMERICAL,COMPLETE_NUMERICAL,0a74fdbe06596fc145f5169a3b239ddd67053141,"{""abundances"":null,""allard_minimum_effective_temperature"":9000.0,""atmosphere_solver"":""adaptive-newton"",""balmer_self_broadening_prescription"":null,""balmer_self_broadening_truncation_closure"":""stark-core"",""effective_temperature"":40000,""formal_maximum_metal_lines"":null,""formal_minimum_metal_oscillator_strength"":0.0001,""h2_he_cia_path"":null,""include_molecules"":false,""log_hydrogen_to_helium"":-1,""logg"":8,""lyman_profile_source"":""allard"",""maximum_metal_charge"":4,""metal_classical_electron_stark"":false,""metal_line_supplements"":[],""mixing_length_alpha"":1.25,""neutral_broadening"":""unsold"",""photospheric_depth_concentration"":1.0,""quality"":""production"",""structure_opacity_sampling_resolution"":1000.0,""synthesis_transfer_depth_refinement"":4}",,acc8c322ca5dc04b34063ad88950e03ae7560b53fbb5a4ab92a461bad35e341e,18901,dab,1824.521611060998,intermediate-abundance-280,
dab-2fcd0c570d2479ec3793ec2c,DAB,40000,8,1,production,COMPLETE_NUMERICAL,COMPLETE_NUMERICAL,COMPLETE_NUMERICAL,0a74fdbe06596fc145f5169a3b239ddd67053141,"{""abundances"":null,""allard_minimum_effective_temperature"":9000.0,""atmosphere_solver"":""adaptive-newton"",""balmer_self_broadening_prescription"":null,""balmer_self_broadening_truncation_closure"":""stark-core"",""effective_temperature"":40000,""formal_maximum_metal_lines"":null,""formal_minimum_metal_oscillator_strength"":0.0001,""h2_he_cia_path"":null,""include_molecules"":false,""log_hydrogen_to_helium"":1,""logg"":8,""lyman_profile_source"":""allard"",""maximum_metal_charge"":4,""metal_classical_electron_stark"":false,""metal_line_supplements"":[],""mixing_length_alpha"":1.25,""neutral_broadening"":""unsold"",""photospheric_depth_concentration"":1.0,""quality"":""production"",""structure_opacity_sampling_resolution"":1000.0,""synthesis_transfer_depth_refinement"":4}",,17d28ad6c6a3f9df5d7767974bde02586e6fe145b6ab62e4fda4a3553afad784,18901,dab,1245.460831751996,intermediate-abundance-280,
dab-256c9a04af85fbb6e96d74c4,DAB,40000,8,3,production,COMPLETE_NUMERICAL,COMPLETE_NUMERICAL,COMPLETE_NUMERICAL,0a74fdbe06596fc145f5169a3b239ddd67053141,"{""abundances"":null,""allard_minimum_effective_temperature"":9000.0,""atmosphere_solver"":""adaptive-newton"",""balmer_self_broadening_prescription"":null,""balmer_self_broadening_truncation_closure"":""stark-core"",""effective_temperature"":40000,""formal_maximum_metal_lines"":null,""formal_minimum_metal_oscillator_strength"":0.0001,""h2_he_cia_path"":null,""include_molecules"":false,""log_hydrogen_to_helium"":3,""logg"":8,""lyman_profile_source"":""allard"",""maximum_metal_charge"":4,""metal_classical_electron_stark"":false,""metal_line_supplements"":[],""mixing_length_alpha"":1.25,""neutral_broadening"":""unsold"",""photospheric_depth_concentration"":1.0,""quality"":""production"",""structure_opacity_sampling_resolution"":1000.0,""synthesis_transfer_depth_refinement"":4}",,98d71a9f6afae58dae4b73f18d2b86ff5a61b559aefa159f1c6f597559ddcc8b,18901,dab,1160.744404772995,intermediate-abundance-280,
dab-a5b150544e7f1b7dea925f82,DAB,40000,8.5,-5,production,COMPLETE_NUMERICAL,COMPLETE_NUMERICAL,COMPLETE_NUMERICAL,0a74fdbe06596fc145f5169a3b239ddd67053141,"{""abundances"":null,""allard_minimum_effective_temperature"":9000.0,""atmosphere_solver"":""adaptive-newton"",""balmer_self_broadening_prescription"":null,""balmer_self_broadening_truncation_closure"":""stark-core"",""effective_temperature"":40000,""formal_maximum_metal_lines"":null,""formal_minimum_metal_oscillator_strength"":0.0001,""h2_he_cia_path"":null,""include_molecules"":false,""log_hydrogen_to_helium"":-5,""logg"":8.5,""lyman_profile_source"":""allard"",""maximum_metal_charge"":4,""metal_classical_electron_stark"":false,""metal_line_supplements"":[],""mixing_length_alpha"":1.25,""neutral_broadening"":""unsold"",""photospheric_depth_concentration"":1.0,""quality"":""production"",""structure_opacity_sampling_resolution"":1000.0,""synthesis_transfer_depth_refinement"":4}",,870364101f78abbaf1331258e14fb7dbc0cb1b21d61e2465bba9aab491eeab6c,18901,dab,2043.3555835420048,intermediate-abundance-280,
dab-d0e2caad7aeed8aee5ca96e8,DAB,40000,8.5,-3,production,COMPLETE_NUMERICAL,COMPLETE_NUMERICAL,COMPLETE_NUMERICAL,0a74fdbe06596fc145f5169a3b239ddd67053141,"{""abundances"":null,""allard_minimum_effective_temperature"":9000.0,""atmosphere_solver"":""adaptive-newton"",""balmer_self_broadening_prescription"":null,""balmer_self_broadening_truncation_closure"":""stark-core"",""effective_temperature"":40000,""formal_maximum_metal_lines"":null,""formal_minimum_metal_oscillator_strength"":0.0001,""h2_he_cia_path"":null,""include_molecules"":false,""log_hydrogen_to_helium"":-3,""logg"":8.5,""lyman_profile_source"":""allard"",""maximum_metal_charge"":4,""metal_classical_electron_stark"":false,""metal_line_supplements"":[],""mixing_length_alpha"":1.25,""neutral_broadening"":""unsold"",""photospheric_depth_concentration"":1.0,""quality"":""production"",""structure_opacity_sampling_resolution"":1000.0,""synthesis_transfer_depth_refinement"":4}",,327baf23524d6cf738358187da0f972c20cbf405041f06d66d29a281c638b107,18901,dab,1906.5796651920027,intermediate-abundance-280,
dab-7bfb980f5b3ed13256c84401,DAB,40000,8.5,-1,production,COMPLETE_NUMERICAL,COMPLETE_NUMERICAL,COMPLETE_NUMERICAL,0a74fdbe06596fc145f5169a3b239ddd67053141,"{""abundances"":null,""allard_minimum_effective_temperature"":9000.0,""atmosphere_solver"":""adaptive-newton"",""balmer_self_broadening_prescription"":null,""balmer_self_broadening_truncation_closure"":""stark-core"",""effective_temperature"":40000,""formal_maximum_metal_lines"":null,""formal_minimum_metal_oscillator_strength"":0.0001,""h2_he_cia_path"":null,""include_molecules"":false,""log_hydrogen_to_helium"":-1,""logg"":8.5,""lyman_profile_source"":""allard"",""maximum_metal_charge"":4,""metal_classical_electron_stark"":false,""metal_line_supplements"":[],""mixing_length_alpha"":1.25,""neutral_broadening"":""unsold"",""photospheric_depth_concentration"":1.0,""quality"":""production"",""structure_opacity_sampling_resolution"":1000.0,""synthesis_transfer_depth_refinement"":4}",,02eab5730fcd5503167e6c1398fa40065a42bca147845081a504d397c6b9ee4a,18901,dab,1804.4529849829996,intermediate-abundance-280,
dab-65137e45166ecb0864341f04,DAB,40000,8.5,1,production,COMPLETE_NUMERICAL,COMPLETE_NUMERICAL,COMPLETE_NUMERICAL,0a74fdbe06596fc145f5169a3b239ddd67053141,"{""abundances"":null,""allard_minimum_effective_temperature"":9000.0,""atmosphere_solver"":""adaptive-newton"",""balmer_self_broadening_prescription"":null,""balmer_self_broadening_truncation_closure"":""stark-core"",""effective_temperature"":40000,""formal_maximum_metal_lines"":null,""formal_minimum_metal_oscillator_strength"":0.0001,""h2_he_cia_path"":null,""include_molecules"":false,""log_hydrogen_to_helium"":1,""logg"":8.5,""lyman_profile_source"":""allard"",""maximum_metal_charge"":4,""metal_classical_electron_stark"":false,""metal_line_supplements"":[],""mixing_length_alpha"":1.25,""neutral_broadening"":""unsold"",""photospheric_depth_concentration"":1.0,""quality"":""production"",""structure_opacity_sampling_resolution"":1000.0,""synthesis_transfer_depth_refinement"":4}",,9e16d34d09f1166781ffacac32566e91ce9baf3593abf7ca56b3a2455ffe064e,18901,dab,1486.1308543300038,intermediate-abundance-280,
dab-c662d0fc69b23f404a9b22b0,DAB,40000,8.5,3,production,COMPLETE_NUMERICAL,COMPLETE_NUMERICAL,COMPLETE_NUMERICAL,0a74fdbe06596fc145f5169a3b239ddd67053141,"{""abundances"":null,""allard_minimum_effective_temperature"":9000.0,""atmosphere_solver"":""adaptive-newton"",""balmer_self_broadening_prescription"":null,""balmer_self_broadening_truncation_closure"":""stark-core"",""effective_temperature"":40000,""formal_maximum_metal_lines"":null,""formal_minimum_metal_oscillator_strength"":0.0001,""h2_he_cia_path"":null,""include_molecules"":false,""log_hydrogen_to_helium"":3,""logg"":8.5,""lyman_profile_source"":""allard"",""maximum_metal_charge"":4,""metal_classical_electron_stark"":false,""metal_line_supplements"":[],""mixing_length_alpha"":1.25,""neutral_broadening"":""unsold"",""photospheric_depth_concentration"":1.0,""quality"":""production"",""structure_opacity_sampling_resolution"":1000.0,""synthesis_transfer_depth_refinement"":4}",,ef985cf5de56972a8f5f2cb354a30d2d6c67f940fc5f4e74fa7c3d20263188f7,18901,dab,1251.1392543020047,intermediate-abundance-280,
dab-c0cf6eec311a427f4a41ea81,DAB,40000,9,-5,production,COMPLETE_NUMERICAL,COMPLETE_NUMERICAL,COMPLETE_NUMERICAL,0a74fdbe06596fc145f5169a3b239ddd67053141,"{""abundances"":null,""allard_minimum_effective_temperature"":9000.0,""atmosphere_solver"":""adaptive-newton"",""balmer_self_broadening_prescription"":null,""balmer_self_broadening_truncation_closure"":""stark-core"",""effective_temperature"":40000,""formal_maximum_metal_lines"":null,""formal_minimum_metal_oscillator_strength"":0.0001,""h2_he_cia_path"":null,""include_molecules"":false,""log_hydrogen_to_helium"":-5,""logg"":9,""lyman_profile_source"":""allard"",""maximum_metal_charge"":4,""metal_classical_electron_stark"":false,""metal_line_supplements"":[],""mixing_length_alpha"":1.25,""neutral_broadening"":""unsold"",""photospheric_depth_concentration"":1.0,""quality"":""production"",""structure_opacity_sampling_resolution"":1000.0,""synthesis_transfer_depth_refinement"":4}",,f5471d3b6983cb874a54daf38e6b62f696af335ba38dc35e0e508a880362d790,18901,dab,2167.5523376260026,intermediate-abundance-280,
dab-5ae31bace3f7e6ba66ece8c9,DAB,40000,9,-3,production,COMPLETE_NUMERICAL,COMPLETE_NUMERICAL,COMPLETE_NUMERICAL,0a74fdbe06596fc145f5169a3b239ddd67053141,"{""abundances"":null,""allard_minimum_effective_temperature"":9000.0,""atmosphere_solver"":""adaptive-newton"",""balmer_self_broadening_prescription"":null,""balmer_self_broadening_truncation_closure"":""stark-core"",""effective_temperature"":40000,""formal_maximum_metal_lines"":null,""formal_minimum_metal_oscillator_strength"":0.0001,""h2_he_cia_path"":null,""include_molecules"":false,""log_hydrogen_to_helium"":-3,""logg"":9,""lyman_profile_source"":""allard"",""maximum_metal_charge"":4,""metal_classical_electron_stark"":false,""metal_line_supplements"":[],""mixing_length_alpha"":1.25,""neutral_broadening"":""unsold"",""photospheric_depth_concentration"":1.0,""quality"":""production"",""structure_opacity_sampling_resolution"":1000.0,""synthesis_transfer_depth_refinement"":4}",,713529c930e9d114374ee392b5b3d578a10a4c178c7abfec6db2aa3b22fa08ac,18901,dab,2304.4003940979965,intermediate-abundance-280,
dab-a7e78b19058f5449360127f7,DAB,40000,9,-1,production,COMPLETE_NUMERICAL,COMPLETE_NUMERICAL,COMPLETE_NUMERICAL,0a74fdbe06596fc145f5169a3b239ddd67053141,"{""abundances"":null,""allard_minimum_effective_temperature"":9000.0,""atmosphere_solver"":""adaptive-newton"",""balmer_self_broadening_prescription"":null,""balmer_self_broadening_truncation_closure"":""stark-core"",""effective_temperature"":40000,""formal_maximum_metal_lines"":null,""formal_minimum_metal_oscillator_strength"":0.0001,""h2_he_cia_path"":null,""include_molecules"":false,""log_hydrogen_to_helium"":-1,""logg"":9,""lyman_profile_source"":""allard"",""maximum_metal_charge"":4,""metal_classical_electron_stark"":false,""metal_line_supplements"":[],""mixing_length_alpha"":1.25,""neutral_broadening"":""unsold"",""photospheric_depth_concentration"":1.0,""quality"":""production"",""structure_opacity_sampling_resolution"":1000.0,""synthesis_transfer_depth_refinement"":4}",,06b603033bfa4b39633a571ca75bd6474d66b07f737d3cd84e97c8bbf73b568e,18901,dab,2384.2275532540007,intermediate-abundance-280,
dab-7cc74e50b307084cb58138a4,DAB,40000,9,1,production,COMPLETE_NUMERICAL,COMPLETE_NUMERICAL,COMPLETE_NUMERICAL,0a74fdbe06596fc145f5169a3b239ddd67053141,"{""abundances"":null,""allard_minimum_effective_temperature"":9000.0,""atmosphere_solver"":""adaptive-newton"",""balmer_self_broadening_prescription"":null,""balmer_self_broadening_truncation_closure"":""stark-core"",""effective_temperature"":40000,""formal_maximum_metal_lines"":null,""formal_minimum_metal_oscillator_strength"":0.0001,""h2_he_cia_path"":null,""include_molecules"":false,""log_hydrogen_to_helium"":1,""logg"":9,""lyman_profile_source"":""allard"",""maximum_metal_charge"":4,""metal_classical_electron_stark"":false,""metal_line_supplements"":[],""mixing_length_alpha"":1.25,""neutral_broadening"":""unsold"",""photospheric_depth_concentration"":1.0,""quality"":""production"",""structure_opacity_sampling_resolution"":1000.0,""synthesis_transfer_depth_refinement"":4}",,a40910946f89f33919840051c09aee6ebeec6ba225e51cf6aa102bafd8b8bd0a,18901,dab,1651.4948984259972,intermediate-abundance-280,
dab-292380af996eb953ddf633ee,DAB,40000,9,3,production,COMPLETE_NUMERICAL,COMPLETE_NUMERICAL,COMPLETE_NUMERICAL,0a74fdbe06596fc145f5169a3b239ddd67053141,"{""abundances"":null,""allard_minimum_effective_temperature"":9000.0,""atmosphere_solver"":""adaptive-newton"",""balmer_self_broadening_prescription"":null,""balmer_self_broadening_truncation_closure"":""stark-core"",""effective_temperature"":40000,""formal_maximum_metal_lines"":null,""formal_minimum_metal_oscillator_strength"":0.0001,""h2_he_cia_path"":null,""include_molecules"":false,""log_hydrogen_to_helium"":3,""logg"":9,""lyman_profile_source"":""allard"",""maximum_metal_charge"":4,""metal_classical_electron_stark"":false,""metal_line_supplements"":[],""mixing_length_alpha"":1.25,""neutral_broadening"":""unsold"",""photospheric_depth_concentration"":1.0,""quality"":""production"",""structure_opacity_sampling_resolution"":1000.0,""synthesis_transfer_depth_refinement"":4}",,f6cbd9c1c3eece861ed20b06112f2b7e7df8eed01ea37b6120d9c526a27a17e3,18901,dab,1265.7872367659947,intermediate-abundance-280,
dab-ae96a736866722cd66eb0c8b,DAB,40000,9.5,-5,production,COMPLETE_NUMERICAL,COMPLETE_NUMERICAL,COMPLETE_NUMERICAL,0a74fdbe06596fc145f5169a3b239ddd67053141,"{""abundances"":null,""allard_minimum_effective_temperature"":9000.0,""atmosphere_solver"":""adaptive-newton"",""balmer_self_broadening_prescription"":null,""balmer_self_broadening_truncation_closure"":""stark-core"",""effective_temperature"":40000,""formal_maximum_metal_lines"":null,""formal_minimum_metal_oscillator_strength"":0.0001,""h2_he_cia_path"":null,""include_molecules"":false,""log_hydrogen_to_helium"":-5,""logg"":9.5,""lyman_profile_source"":""allard"",""maximum_metal_charge"":4,""metal_classical_electron_stark"":false,""metal_line_supplements"":[],""mixing_length_alpha"":1.25,""neutral_broadening"":""unsold"",""photospheric_depth_concentration"":1.0,""quality"":""production"",""structure_opacity_sampling_resolution"":1000.0,""synthesis_transfer_depth_refinement"":4}",,4fece76ab4b42868a1787f70c6338814cb24e84601efa7923f494f75c222ff3a,18901,dab,1542.7580412180032,intermediate-abundance-280,
dab-a3f65f6a13e810af9b5783ca,DAB,40000,9.5,-3,production,COMPLETE_NUMERICAL,COMPLETE_NUMERICAL,COMPLETE_NUMERICAL,0a74fdbe06596fc145f5169a3b239ddd67053141,"{""abundances"":null,""allard_minimum_effective_temperature"":9000.0,""atmosphere_solver"":""adaptive-newton"",""balmer_self_broadening_prescription"":null,""balmer_self_broadening_truncation_closure"":""stark-core"",""effective_temperature"":40000,""formal_maximum_metal_lines"":null,""formal_minimum_metal_oscillator_strength"":0.0001,""h2_he_cia_path"":null,""include_molecules"":false,""log_hydrogen_to_helium"":-3,""logg"":9.5,""lyman_profile_source"":""allard"",""maximum_metal_charge"":4,""metal_classical_electron_stark"":false,""metal_line_supplements"":[],""mixing_length_alpha"":1.25,""neutral_broadening"":""unsold"",""photospheric_depth_concentration"":1.0,""quality"":""production"",""structure_opacity_sampling_resolution"":1000.0,""synthesis_transfer_depth_refinement"":4}",,9d672b387bd05bc8e4a5b25f5fd2e6f36d9669e50373594dec32191136f54f2e,18901,dab,3021.5532016539946,intermediate-abundance-280,
dab-ad230c7b97ffbaabb0bcfe49,DAB,40000,9.5,-1,production,COMPLETE_NUMERICAL,COMPLETE_NUMERICAL,COMPLETE_NUMERICAL,0a74fdbe06596fc145f5169a3b239ddd67053141,"{""abundances"":null,""allard_minimum_effective_temperature"":9000.0,""atmosphere_solver"":""adaptive-newton"",""balmer_self_broadening_prescription"":null,""balmer_self_broadening_truncation_closure"":""stark-core"",""effective_temperature"":40000,""formal_maximum_metal_lines"":null,""formal_minimum_metal_oscillator_strength"":0.0001,""h2_he_cia_path"":null,""include_molecules"":false,""log_hydrogen_to_helium"":-1,""logg"":9.5,""lyman_profile_source"":""allard"",""maximum_metal_charge"":4,""metal_classical_electron_stark"":false,""metal_line_supplements"":[],""mixing_length_alpha"":1.25,""neutral_broadening"":""unsold"",""photospheric_depth_concentration"":1.0,""quality"":""production"",""structure_opacity_sampling_resolution"":1000.0,""synthesis_transfer_depth_refinement"":4}",,8c50b3093cb92aef6eb9e43d2ca6397b8d31c9042a08294675feb18454ca6ce7,18901,dab,2527.7321145540045,intermediate-abundance-280,
dab-307663cc58b3f72ac328c1a5,DAB,40000,9.5,1,production,COMPLETE_NUMERICAL,COMPLETE_NUMERICAL,COMPLETE_NUMERICAL,0a74fdbe06596fc145f5169a3b239ddd67053141,"{""abundances"":null,""allard_minimum_effective_temperature"":9000.0,""atmosphere_solver"":""adaptive-newton"",""balmer_self_broadening_prescription"":null,""balmer_self_broadening_truncation_closure"":""stark-core"",""effective_temperature"":40000,""formal_maximum_metal_lines"":null,""formal_minimum_metal_oscillator_strength"":0.0001,""h2_he_cia_path"":null,""include_molecules"":false,""log_hydrogen_to_helium"":1,""logg"":9.5,""lyman_profile_source"":""allard"",""maximum_metal_charge"":4,""metal_classical_electron_stark"":false,""metal_line_supplements"":[],""mixing_length_alpha"":1.25,""neutral_broadening"":""unsold"",""photospheric_depth_concentration"":1.0,""quality"":""production"",""structure_opacity_sampling_resolution"":1000.0,""synthesis_transfer_depth_refinement"":4}",,bdd9befb5e43078e223a9f3c5e4878130c8bb0044268b87f08e7886a5f7c988b,18901,dab,1607.6873723289973,intermediate-abundance-280,
dab-bab952e3a3bd4804a8c0308e,DAB,40000,9.5,3,production,COMPLETE_NUMERICAL,COMPLETE_NUMERICAL,COMPLETE_NUMERICAL,0a74fdbe06596fc145f5169a3b239ddd67053141,"{""abundances"":null,""allard_minimum_effective_temperature"":9000.0,""atmosphere_solver"":""adaptive-newton"",""balmer_self_broadening_prescription"":null,""balmer_self_broadening_truncation_closure"":""stark-core"",""effective_temperature"":40000,""formal_maximum_metal_lines"":null,""formal_minimum_metal_oscillator_strength"":0.0001,""h2_he_cia_path"":null,""include_molecules"":false,""log_hydrogen_to_helium"":3,""logg"":9.5,""lyman_profile_source"":""allard"",""maximum_metal_charge"":4,""metal_classical_electron_stark"":false,""metal_line_supplements"":[],""mixing_length_alpha"":1.25,""neutral_broadening"":""unsold"",""photospheric_depth_concentration"":1.0,""quality"":""production"",""structure_opacity_sampling_resolution"":1000.0,""synthesis_transfer_depth_refinement"":4}",,a1df7fe87ab719498b0b0206537523fd0a251d3bee2ae4b0db2992aef9948ad6,18901,dab,1419.5940433450014,intermediate-abundance-280,
