model_id,family,teff_K,logg,log_H_He,quality,status,raw_status,derived_status,source_commit,config_json,spectrum_path,spectrum_sha256,points,selected_workflow,wall_seconds,origin,error
dab-dfa7e09f866ea007520f9403,DAB,20000,8,-2,production,COMPLETE_NUMERICAL,COMPLETE_NUMERICAL,COMPLETE_NUMERICAL,0a74fdbe06596fc145f5169a3b239ddd67053141,"{""abundances"":null,""allard_minimum_effective_temperature"":9000.0,""atmosphere_solver"":""adaptive-newton"",""balmer_self_broadening_prescription"":null,""balmer_self_broadening_truncation_closure"":""stark-core"",""effective_temperature"":20000,""formal_maximum_metal_lines"":null,""formal_minimum_metal_oscillator_strength"":0.0001,""h2_he_cia_path"":null,""include_molecules"":false,""log_hydrogen_to_helium"":-2,""logg"":8,""lyman_profile_source"":""allard"",""maximum_metal_charge"":4,""metal_classical_electron_stark"":false,""metal_line_supplements"":[],""mixing_length_alpha"":1.25,""neutral_broadening"":""unsold"",""photospheric_depth_concentration"":1.0,""quality"":""production"",""structure_opacity_sampling_resolution"":1000.0,""synthesis_transfer_depth_refinement"":4}",models/dab-dfa7e09f866ea007520f9403/spectrum.txt,79e5a5558cf874b165a26b4e5063e30862bc0e20705004f1a900d75f602378a8,18901,dab,1892.7644766610001,original-336,
dab-387fea33230cc0de130af894,DAB,20000,7,-2,production,COMPLETE_NUMERICAL,COMPLETE_NUMERICAL,COMPLETE_NUMERICAL,0a74fdbe06596fc145f5169a3b239ddd67053141,"{""abundances"":null,""allard_minimum_effective_temperature"":9000.0,""atmosphere_solver"":""adaptive-newton"",""balmer_self_broadening_prescription"":null,""balmer_self_broadening_truncation_closure"":""stark-core"",""effective_temperature"":20000,""formal_maximum_metal_lines"":null,""formal_minimum_metal_oscillator_strength"":0.0001,""h2_he_cia_path"":null,""include_molecules"":false,""log_hydrogen_to_helium"":-2,""logg"":7,""lyman_profile_source"":""allard"",""maximum_metal_charge"":4,""metal_classical_electron_stark"":false,""metal_line_supplements"":[],""mixing_length_alpha"":1.25,""neutral_broadening"":""unsold"",""photospheric_depth_concentration"":1.0,""quality"":""production"",""structure_opacity_sampling_resolution"":1000.0,""synthesis_transfer_depth_refinement"":4}",models/dab-387fea33230cc0de130af894/spectrum.txt,1541ab6a418ee194f8c344a1d4813c6d034cf7385ca69cb33ce22d4c75ffde93,18901,dab,1693.7701890459998,original-336,
dab-366a6a0dedd5101f9a726560,DAB,20000,9,-2,production,COMPLETE_NUMERICAL,COMPLETE_NUMERICAL,COMPLETE_NUMERICAL,0a74fdbe06596fc145f5169a3b239ddd67053141,"{""abundances"":null,""allard_minimum_effective_temperature"":9000.0,""atmosphere_solver"":""adaptive-newton"",""balmer_self_broadening_prescription"":null,""balmer_self_broadening_truncation_closure"":""stark-core"",""effective_temperature"":20000,""formal_maximum_metal_lines"":null,""formal_minimum_metal_oscillator_strength"":0.0001,""h2_he_cia_path"":null,""include_molecules"":false,""log_hydrogen_to_helium"":-2,""logg"":9,""lyman_profile_source"":""allard"",""maximum_metal_charge"":4,""metal_classical_electron_stark"":false,""metal_line_supplements"":[],""mixing_length_alpha"":1.25,""neutral_broadening"":""unsold"",""photospheric_depth_concentration"":1.0,""quality"":""production"",""structure_opacity_sampling_resolution"":1000.0,""synthesis_transfer_depth_refinement"":4}",models/dab-366a6a0dedd5101f9a726560/spectrum.txt,374f37d1df3948a1c35ed58ede0056b6f50b0f13788679fd94b6c96758fc275a,18901,dab,2929.0403285060006,original-336,
dab-913d1b6533dafbde6483f379,DAB,20000,8,2,production,COMPLETE_NUMERICAL,COMPLETE_NUMERICAL,COMPLETE_NUMERICAL,0a74fdbe06596fc145f5169a3b239ddd67053141,"{""abundances"":null,""allard_minimum_effective_temperature"":9000.0,""atmosphere_solver"":""adaptive-newton"",""balmer_self_broadening_prescription"":null,""balmer_self_broadening_truncation_closure"":""stark-core"",""effective_temperature"":20000,""formal_maximum_metal_lines"":null,""formal_minimum_metal_oscillator_strength"":0.0001,""h2_he_cia_path"":null,""include_molecules"":false,""log_hydrogen_to_helium"":2,""logg"":8,""lyman_profile_source"":""allard"",""maximum_metal_charge"":4,""metal_classical_electron_stark"":false,""metal_line_supplements"":[],""mixing_length_alpha"":1.25,""neutral_broadening"":""unsold"",""photospheric_depth_concentration"":1.0,""quality"":""production"",""structure_opacity_sampling_resolution"":1000.0,""synthesis_transfer_depth_refinement"":4}",models/dab-913d1b6533dafbde6483f379/spectrum.txt,1e491d666398b48c9c8a7445c07cd20e37ed069b7c98732c694b19387bb15e90,18901,dab,1331.567248454,original-336,
dab-c93c57fb65a5823d0d647021,DAB,20000,8,-6,production,COMPLETE_NUMERICAL,COMPLETE_NUMERICAL,COMPLETE_NUMERICAL,0a74fdbe06596fc145f5169a3b239ddd67053141,"{""abundances"":null,""allard_minimum_effective_temperature"":9000.0,""atmosphere_solver"":""adaptive-newton"",""balmer_self_broadening_prescription"":null,""balmer_self_broadening_truncation_closure"":""stark-core"",""effective_temperature"":20000,""formal_maximum_metal_lines"":null,""formal_minimum_metal_oscillator_strength"":0.0001,""h2_he_cia_path"":null,""include_molecules"":false,""log_hydrogen_to_helium"":-6,""logg"":8,""lyman_profile_source"":""allard"",""maximum_metal_charge"":4,""metal_classical_electron_stark"":false,""metal_line_supplements"":[],""mixing_length_alpha"":1.25,""neutral_broadening"":""unsold"",""photospheric_depth_concentration"":1.0,""quality"":""production"",""structure_opacity_sampling_resolution"":1000.0,""synthesis_transfer_depth_refinement"":4}",models/dab-c93c57fb65a5823d0d647021/spectrum.txt,77fe861a9e20a18b6691e99e77d3123042c69c9084c688e430fac31118de3fd4,18901,dab,2739.696465676,original-336,
dab-7a42c418decf210e1bc107f5,DAB,30000,8,-2,production,COMPLETE_NUMERICAL,COMPLETE_NUMERICAL,COMPLETE_NUMERICAL,0a74fdbe06596fc145f5169a3b239ddd67053141,"{""abundances"":null,""allard_minimum_effective_temperature"":9000.0,""atmosphere_solver"":""adaptive-newton"",""balmer_self_broadening_prescription"":null,""balmer_self_broadening_truncation_closure"":""stark-core"",""effective_temperature"":30000,""formal_maximum_metal_lines"":null,""formal_minimum_metal_oscillator_strength"":0.0001,""h2_he_cia_path"":null,""include_molecules"":false,""log_hydrogen_to_helium"":-2,""logg"":8,""lyman_profile_source"":""allard"",""maximum_metal_charge"":4,""metal_classical_electron_stark"":false,""metal_line_supplements"":[],""mixing_length_alpha"":1.25,""neutral_broadening"":""unsold"",""photospheric_depth_concentration"":1.0,""quality"":""production"",""structure_opacity_sampling_resolution"":1000.0,""synthesis_transfer_depth_refinement"":4}",models/dab-7a42c418decf210e1bc107f5/spectrum.txt,c04985f57f8a76a857316dc9696dfaca9acba746053078901ced3b84bc43e047,18901,dab,1479.4993692619996,original-336,
dab-be3951c76899ceb7b56ce147,DAB,12000,6,-6,production,COMPLETE_NUMERICAL,COMPLETE_NUMERICAL,COMPLETE_NUMERICAL,0a74fdbe06596fc145f5169a3b239ddd67053141,"{""abundances"":null,""allard_minimum_effective_temperature"":9000.0,""atmosphere_solver"":""adaptive-newton"",""balmer_self_broadening_prescription"":null,""balmer_self_broadening_truncation_closure"":""stark-core"",""effective_temperature"":12000,""formal_maximum_metal_lines"":null,""formal_minimum_metal_oscillator_strength"":0.0001,""h2_he_cia_path"":null,""include_molecules"":false,""log_hydrogen_to_helium"":-6,""logg"":6,""lyman_profile_source"":""allard"",""maximum_metal_charge"":4,""metal_classical_electron_stark"":false,""metal_line_supplements"":[],""mixing_length_alpha"":1.25,""neutral_broadening"":""unsold"",""photospheric_depth_concentration"":1.0,""quality"":""production"",""structure_opacity_sampling_resolution"":1000.0,""synthesis_transfer_depth_refinement"":4}",models/dab-be3951c76899ceb7b56ce147/spectrum.txt,455a6e5a256dcf6f5e549d6a13b2b7dc0be41e6970a26045fdab85c9dadb7d5e,18901,dab,2575.3029178980005,original-336,
dab-5726f50d31431d627c462a91,DAB,12000,6,-4,production,COMPLETE_NUMERICAL,COMPLETE_NUMERICAL,COMPLETE_NUMERICAL,0a74fdbe06596fc145f5169a3b239ddd67053141,"{""abundances"":null,""allard_minimum_effective_temperature"":9000.0,""atmosphere_solver"":""adaptive-newton"",""balmer_self_broadening_prescription"":null,""balmer_self_broadening_truncation_closure"":""stark-core"",""effective_temperature"":12000,""formal_maximum_metal_lines"":null,""formal_minimum_metal_oscillator_strength"":0.0001,""h2_he_cia_path"":null,""include_molecules"":false,""log_hydrogen_to_helium"":-4,""logg"":6,""lyman_profile_source"":""allard"",""maximum_metal_charge"":4,""metal_classical_electron_stark"":false,""metal_line_supplements"":[],""mixing_length_alpha"":1.25,""neutral_broadening"":""unsold"",""photospheric_depth_concentration"":1.0,""quality"":""production"",""structure_opacity_sampling_resolution"":1000.0,""synthesis_transfer_depth_refinement"":4}",models/dab-5726f50d31431d627c462a91/spectrum.txt,cfe707f29056fb086680c6072ad0f37ecb1687a6efdbfdfd5ba0e71b84bbb496,18901,dab,2745.9547971330003,original-336,
dab-6649e2948270a9ca08a25744,DAB,12000,6,-2,production,COMPLETE_NUMERICAL,COMPLETE_NUMERICAL,COMPLETE_NUMERICAL,0a74fdbe06596fc145f5169a3b239ddd67053141,"{""abundances"":null,""allard_minimum_effective_temperature"":9000.0,""atmosphere_solver"":""adaptive-newton"",""balmer_self_broadening_prescription"":null,""balmer_self_broadening_truncation_closure"":""stark-core"",""effective_temperature"":12000,""formal_maximum_metal_lines"":null,""formal_minimum_metal_oscillator_strength"":0.0001,""h2_he_cia_path"":null,""include_molecules"":false,""log_hydrogen_to_helium"":-2,""logg"":6,""lyman_profile_source"":""allard"",""maximum_metal_charge"":4,""metal_classical_electron_stark"":false,""metal_line_supplements"":[],""mixing_length_alpha"":1.25,""neutral_broadening"":""unsold"",""photospheric_depth_concentration"":1.0,""quality"":""production"",""structure_opacity_sampling_resolution"":1000.0,""synthesis_transfer_depth_refinement"":4}",models/dab-6649e2948270a9ca08a25744/spectrum.txt,b147d8f7ce73a35e7259a53c3f589a3e92c6205df9df9381bebda06371da7f61,18901,dab,2093.38222037,original-336,
dab-c7ff842f614e8fabf44f95cf,DAB,12000,6,0,production,COMPLETE_NUMERICAL,COMPLETE_NUMERICAL,COMPLETE_NUMERICAL,0a74fdbe06596fc145f5169a3b239ddd67053141,"{""abundances"":null,""allard_minimum_effective_temperature"":9000.0,""atmosphere_solver"":""adaptive-newton"",""balmer_self_broadening_prescription"":null,""balmer_self_broadening_truncation_closure"":""stark-core"",""effective_temperature"":12000,""formal_maximum_metal_lines"":null,""formal_minimum_metal_oscillator_strength"":0.0001,""h2_he_cia_path"":null,""include_molecules"":false,""log_hydrogen_to_helium"":0,""logg"":6,""lyman_profile_source"":""allard"",""maximum_metal_charge"":4,""metal_classical_electron_stark"":false,""metal_line_supplements"":[],""mixing_length_alpha"":1.25,""neutral_broadening"":""unsold"",""photospheric_depth_concentration"":1.0,""quality"":""production"",""structure_opacity_sampling_resolution"":1000.0,""synthesis_transfer_depth_refinement"":4}",models/dab-c7ff842f614e8fabf44f95cf/spectrum.txt,36fa646e3b111729a36fa623e219886d22c547a91424d2fa918ed835a564bcbb,18901,dab,1805.4837332549996,original-336,
dab-5b7126c63769503225e2fb1c,DAB,12000,6,2,production,COMPLETE_NUMERICAL,COMPLETE_NUMERICAL,COMPLETE_NUMERICAL,0a74fdbe06596fc145f5169a3b239ddd67053141,"{""abundances"":null,""allard_minimum_effective_temperature"":9000.0,""atmosphere_solver"":""adaptive-newton"",""balmer_self_broadening_prescription"":null,""balmer_self_broadening_truncation_closure"":""stark-core"",""effective_temperature"":12000,""formal_maximum_metal_lines"":null,""formal_minimum_metal_oscillator_strength"":0.0001,""h2_he_cia_path"":null,""include_molecules"":false,""log_hydrogen_to_helium"":2,""logg"":6,""lyman_profile_source"":""allard"",""maximum_metal_charge"":4,""metal_classical_electron_stark"":false,""metal_line_supplements"":[],""mixing_length_alpha"":1.25,""neutral_broadening"":""unsold"",""photospheric_depth_concentration"":1.0,""quality"":""production"",""structure_opacity_sampling_resolution"":1000.0,""synthesis_transfer_depth_refinement"":4}",models/dab-5b7126c63769503225e2fb1c/spectrum.txt,edb32338ca9dcfdcc26be8090449966a5dbf0fd3d25d9fea5d15b743fbd57a10,18901,dab,1831.8680416959996,original-336,
dab-afbf8e432b81cf76ace06d68,DAB,12000,6,4,production,COMPLETE_NUMERICAL,COMPLETE_NUMERICAL,COMPLETE_NUMERICAL,0a74fdbe06596fc145f5169a3b239ddd67053141,"{""abundances"":null,""allard_minimum_effective_temperature"":9000.0,""atmosphere_solver"":""adaptive-newton"",""balmer_self_broadening_prescription"":null,""balmer_self_broadening_truncation_closure"":""stark-core"",""effective_temperature"":12000,""formal_maximum_metal_lines"":null,""formal_minimum_metal_oscillator_strength"":0.0001,""h2_he_cia_path"":null,""include_molecules"":false,""log_hydrogen_to_helium"":4,""logg"":6,""lyman_profile_source"":""allard"",""maximum_metal_charge"":4,""metal_classical_electron_stark"":false,""metal_line_supplements"":[],""mixing_length_alpha"":1.25,""neutral_broadening"":""unsold"",""photospheric_depth_concentration"":1.0,""quality"":""production"",""structure_opacity_sampling_resolution"":1000.0,""synthesis_transfer_depth_refinement"":4}",models/dab-afbf8e432b81cf76ace06d68/spectrum.txt,12d1d419a84767ba9a495ce4760525a386c458228ce6fbe9fe7c88845dbd6da0,18901,dab,1081.5336622630002,original-336,
dab-4cbc436e6b8394b7981cc868,DAB,12000,6.5,-6,production,COMPLETE_NUMERICAL,COMPLETE_NUMERICAL,COMPLETE_NUMERICAL,0a74fdbe06596fc145f5169a3b239ddd67053141,"{""abundances"":null,""allard_minimum_effective_temperature"":9000.0,""atmosphere_solver"":""adaptive-newton"",""balmer_self_broadening_prescription"":null,""balmer_self_broadening_truncation_closure"":""stark-core"",""effective_temperature"":12000,""formal_maximum_metal_lines"":null,""formal_minimum_metal_oscillator_strength"":0.0001,""h2_he_cia_path"":null,""include_molecules"":false,""log_hydrogen_to_helium"":-6,""logg"":6.5,""lyman_profile_source"":""allard"",""maximum_metal_charge"":4,""metal_classical_electron_stark"":false,""metal_line_supplements"":[],""mixing_length_alpha"":1.25,""neutral_broadening"":""unsold"",""photospheric_depth_concentration"":1.0,""quality"":""production"",""structure_opacity_sampling_resolution"":1000.0,""synthesis_transfer_depth_refinement"":4}",models/dab-4cbc436e6b8394b7981cc868/spectrum.txt,88f07687fc2cd399ede319be5872690f6ff66660fd47ad1119f4093b70b9b2e5,18901,dab,2733.8775376000003,original-336,
dab-c0476a8de19758c6d6f4744d,DAB,12000,6.5,-4,production,COMPLETE_NUMERICAL,COMPLETE_NUMERICAL,COMPLETE_NUMERICAL,0a74fdbe06596fc145f5169a3b239ddd67053141,"{""abundances"":null,""allard_minimum_effective_temperature"":9000.0,""atmosphere_solver"":""adaptive-newton"",""balmer_self_broadening_prescription"":null,""balmer_self_broadening_truncation_closure"":""stark-core"",""effective_temperature"":12000,""formal_maximum_metal_lines"":null,""formal_minimum_metal_oscillator_strength"":0.0001,""h2_he_cia_path"":null,""include_molecules"":false,""log_hydrogen_to_helium"":-4,""logg"":6.5,""lyman_profile_source"":""allard"",""maximum_metal_charge"":4,""metal_classical_electron_stark"":false,""metal_line_supplements"":[],""mixing_length_alpha"":1.25,""neutral_broadening"":""unsold"",""photospheric_depth_concentration"":1.0,""quality"":""production"",""structure_opacity_sampling_resolution"":1000.0,""synthesis_transfer_depth_refinement"":4}",models/dab-c0476a8de19758c6d6f4744d/spectrum.txt,156266c9411342907a2461204d66beb37a5d90b1a666b1b377a1e47554581f6d,18901,dab,3233.9602249459995,original-336,
dab-c09ffa670b20eebdb3c9d1f0,DAB,12000,6.5,-2,production,COMPLETE_NUMERICAL,COMPLETE_NUMERICAL,COMPLETE_NUMERICAL,0a74fdbe06596fc145f5169a3b239ddd67053141,"{""abundances"":null,""allard_minimum_effective_temperature"":9000.0,""atmosphere_solver"":""adaptive-newton"",""balmer_self_broadening_prescription"":null,""balmer_self_broadening_truncation_closure"":""stark-core"",""effective_temperature"":12000,""formal_maximum_metal_lines"":null,""formal_minimum_metal_oscillator_strength"":0.0001,""h2_he_cia_path"":null,""include_molecules"":false,""log_hydrogen_to_helium"":-2,""logg"":6.5,""lyman_profile_source"":""allard"",""maximum_metal_charge"":4,""metal_classical_electron_stark"":false,""metal_line_supplements"":[],""mixing_length_alpha"":1.25,""neutral_broadening"":""unsold"",""photospheric_depth_concentration"":1.0,""quality"":""production"",""structure_opacity_sampling_resolution"":1000.0,""synthesis_transfer_depth_refinement"":4}",models/dab-c09ffa670b20eebdb3c9d1f0/spectrum.txt,f9108da6e72c34bf2598b2d939340f79182d054ef461bf0ea52c98d7853679ae,18901,dab,2224.670340163,original-336,
dab-3e8c930643ae847b50e5c8fa,DAB,12000,6.5,0,production,COMPLETE_NUMERICAL,COMPLETE_NUMERICAL,COMPLETE_NUMERICAL,0a74fdbe06596fc145f5169a3b239ddd67053141,"{""abundances"":null,""allard_minimum_effective_temperature"":9000.0,""atmosphere_solver"":""adaptive-newton"",""balmer_self_broadening_prescription"":null,""balmer_self_broadening_truncation_closure"":""stark-core"",""effective_temperature"":12000,""formal_maximum_metal_lines"":null,""formal_minimum_metal_oscillator_strength"":0.0001,""h2_he_cia_path"":null,""include_molecules"":false,""log_hydrogen_to_helium"":0,""logg"":6.5,""lyman_profile_source"":""allard"",""maximum_metal_charge"":4,""metal_classical_electron_stark"":false,""metal_line_supplements"":[],""mixing_length_alpha"":1.25,""neutral_broadening"":""unsold"",""photospheric_depth_concentration"":1.0,""quality"":""production"",""structure_opacity_sampling_resolution"":1000.0,""synthesis_transfer_depth_refinement"":4}",models/dab-3e8c930643ae847b50e5c8fa/spectrum.txt,cd2f76f13d1e2eef7f2e7187a2d853ef3d9843ca9f1e33f4d3ce69901fb7dd51,18901,dab,1912.6269035960004,original-336,
dab-ea5be6beabf2f9ccec76ffde,DAB,12000,6.5,2,production,COMPLETE_NUMERICAL,COMPLETE_NUMERICAL,COMPLETE_NUMERICAL,0a74fdbe06596fc145f5169a3b239ddd67053141,"{""abundances"":null,""allard_minimum_effective_temperature"":9000.0,""atmosphere_solver"":""adaptive-newton"",""balmer_self_broadening_prescription"":null,""balmer_self_broadening_truncation_closure"":""stark-core"",""effective_temperature"":12000,""formal_maximum_metal_lines"":null,""formal_minimum_metal_oscillator_strength"":0.0001,""h2_he_cia_path"":null,""include_molecules"":false,""log_hydrogen_to_helium"":2,""logg"":6.5,""lyman_profile_source"":""allard"",""maximum_metal_charge"":4,""metal_classical_electron_stark"":false,""metal_line_supplements"":[],""mixing_length_alpha"":1.25,""neutral_broadening"":""unsold"",""photospheric_depth_concentration"":1.0,""quality"":""production"",""structure_opacity_sampling_resolution"":1000.0,""synthesis_transfer_depth_refinement"":4}",models/dab-ea5be6beabf2f9ccec76ffde/spectrum.txt,1de3b598310b62b12747c5a55a4ca9fef7d18e475f3a317a208fbed72f56dc3a,18901,dab,1298.209062209,original-336,
dab-4f556336625e8484b3672794,DAB,12000,6.5,4,production,COMPLETE_NUMERICAL,COMPLETE_NUMERICAL,COMPLETE_NUMERICAL,0a74fdbe06596fc145f5169a3b239ddd67053141,"{""abundances"":null,""allard_minimum_effective_temperature"":9000.0,""atmosphere_solver"":""adaptive-newton"",""balmer_self_broadening_prescription"":null,""balmer_self_broadening_truncation_closure"":""stark-core"",""effective_temperature"":12000,""formal_maximum_metal_lines"":null,""formal_minimum_metal_oscillator_strength"":0.0001,""h2_he_cia_path"":null,""include_molecules"":false,""log_hydrogen_to_helium"":4,""logg"":6.5,""lyman_profile_source"":""allard"",""maximum_metal_charge"":4,""metal_classical_electron_stark"":false,""metal_line_supplements"":[],""mixing_length_alpha"":1.25,""neutral_broadening"":""unsold"",""photospheric_depth_concentration"":1.0,""quality"":""production"",""structure_opacity_sampling_resolution"":1000.0,""synthesis_transfer_depth_refinement"":4}",models/dab-4f556336625e8484b3672794/spectrum.txt,2431596f4e2c765c0c339cddcbf1d11a6cab662d5741ba0a80bd80f91ab7ca39,18901,dab,1029.9100359180002,original-336,
dab-ac246a36d771f739e2bbfd8e,DAB,12000,7,-6,production,COMPLETE_NUMERICAL,COMPLETE_NUMERICAL,COMPLETE_NUMERICAL,0a74fdbe06596fc145f5169a3b239ddd67053141,"{""abundances"":null,""allard_minimum_effective_temperature"":9000.0,""atmosphere_solver"":""adaptive-newton"",""balmer_self_broadening_prescription"":null,""balmer_self_broadening_truncation_closure"":""stark-core"",""effective_temperature"":12000,""formal_maximum_metal_lines"":null,""formal_minimum_metal_oscillator_strength"":0.0001,""h2_he_cia_path"":null,""include_molecules"":false,""log_hydrogen_to_helium"":-6,""logg"":7,""lyman_profile_source"":""allard"",""maximum_metal_charge"":4,""metal_classical_electron_stark"":false,""metal_line_supplements"":[],""mixing_length_alpha"":1.25,""neutral_broadening"":""unsold"",""photospheric_depth_concentration"":1.0,""quality"":""production"",""structure_opacity_sampling_resolution"":1000.0,""synthesis_transfer_depth_refinement"":4}",models/dab-ac246a36d771f739e2bbfd8e/spectrum.txt,d810b571d252add9bedb4f54fa70ec7127ee36553aca2c3b037a7a411949a131,18901,dab,3113.523508288,original-336,
dab-3648100eeaa323c65b3c292e,DAB,12000,7,-4,production,COMPLETE_NUMERICAL,COMPLETE_NUMERICAL,COMPLETE_NUMERICAL,0a74fdbe06596fc145f5169a3b239ddd67053141,"{""abundances"":null,""allard_minimum_effective_temperature"":9000.0,""atmosphere_solver"":""adaptive-newton"",""balmer_self_broadening_prescription"":null,""balmer_self_broadening_truncation_closure"":""stark-core"",""effective_temperature"":12000,""formal_maximum_metal_lines"":null,""formal_minimum_metal_oscillator_strength"":0.0001,""h2_he_cia_path"":null,""include_molecules"":false,""log_hydrogen_to_helium"":-4,""logg"":7,""lyman_profile_source"":""allard"",""maximum_metal_charge"":4,""metal_classical_electron_stark"":false,""metal_line_supplements"":[],""mixing_length_alpha"":1.25,""neutral_broadening"":""unsold"",""photospheric_depth_concentration"":1.0,""quality"":""production"",""structure_opacity_sampling_resolution"":1000.0,""synthesis_transfer_depth_refinement"":4}",models/dab-3648100eeaa323c65b3c292e/spectrum.txt,9d79797caeab0582c6ca393d24fbff9a3cefc191062e31c851049aa03fbc75f5,18901,dab,3463.2838687559997,original-336,
dab-5ae409734d840c794346d6c9,DAB,12000,7,-2,production,COMPLETE_NUMERICAL,COMPLETE_NUMERICAL,COMPLETE_NUMERICAL,0a74fdbe06596fc145f5169a3b239ddd67053141,"{""abundances"":null,""allard_minimum_effective_temperature"":9000.0,""atmosphere_solver"":""adaptive-newton"",""balmer_self_broadening_prescription"":null,""balmer_self_broadening_truncation_closure"":""stark-core"",""effective_temperature"":12000,""formal_maximum_metal_lines"":null,""formal_minimum_metal_oscillator_strength"":0.0001,""h2_he_cia_path"":null,""include_molecules"":false,""log_hydrogen_to_helium"":-2,""logg"":7,""lyman_profile_source"":""allard"",""maximum_metal_charge"":4,""metal_classical_electron_stark"":false,""metal_line_supplements"":[],""mixing_length_alpha"":1.25,""neutral_broadening"":""unsold"",""photospheric_depth_concentration"":1.0,""quality"":""production"",""structure_opacity_sampling_resolution"":1000.0,""synthesis_transfer_depth_refinement"":4}",models/dab-5ae409734d840c794346d6c9/spectrum.txt,7ed00027952946d8c6ba990120e08102c22dfd3b37103a85c87919c5c1ff4b76,18901,dab,2165.5488549909996,original-336,
dab-af7a1cacb58c6c0d2d7aca93,DAB,12000,7,0,production,COMPLETE_NUMERICAL,COMPLETE_NUMERICAL,COMPLETE_NUMERICAL,0a74fdbe06596fc145f5169a3b239ddd67053141,"{""abundances"":null,""allard_minimum_effective_temperature"":9000.0,""atmosphere_solver"":""adaptive-newton"",""balmer_self_broadening_prescription"":null,""balmer_self_broadening_truncation_closure"":""stark-core"",""effective_temperature"":12000,""formal_maximum_metal_lines"":null,""formal_minimum_metal_oscillator_strength"":0.0001,""h2_he_cia_path"":null,""include_molecules"":false,""log_hydrogen_to_helium"":0,""logg"":7,""lyman_profile_source"":""allard"",""maximum_metal_charge"":4,""metal_classical_electron_stark"":false,""metal_line_supplements"":[],""mixing_length_alpha"":1.25,""neutral_broadening"":""unsold"",""photospheric_depth_concentration"":1.0,""quality"":""production"",""structure_opacity_sampling_resolution"":1000.0,""synthesis_transfer_depth_refinement"":4}",models/dab-af7a1cacb58c6c0d2d7aca93/spectrum.txt,3901113e891cb6c75b4b5154dfcfc38a65361adf1012d610fd26082ed048e7d5,18901,dab,2153.2695870279995,original-336,
dab-271150a9a85c5a1cd0cbb91c,DAB,12000,7,2,production,COMPLETE_NUMERICAL,COMPLETE_NUMERICAL,COMPLETE_NUMERICAL,0a74fdbe06596fc145f5169a3b239ddd67053141,"{""abundances"":null,""allard_minimum_effective_temperature"":9000.0,""atmosphere_solver"":""adaptive-newton"",""balmer_self_broadening_prescription"":null,""balmer_self_broadening_truncation_closure"":""stark-core"",""effective_temperature"":12000,""formal_maximum_metal_lines"":null,""formal_minimum_metal_oscillator_strength"":0.0001,""h2_he_cia_path"":null,""include_molecules"":false,""log_hydrogen_to_helium"":2,""logg"":7,""lyman_profile_source"":""allard"",""maximum_metal_charge"":4,""metal_classical_electron_stark"":false,""metal_line_supplements"":[],""mixing_length_alpha"":1.25,""neutral_broadening"":""unsold"",""photospheric_depth_concentration"":1.0,""quality"":""production"",""structure_opacity_sampling_resolution"":1000.0,""synthesis_transfer_depth_refinement"":4}",models/dab-271150a9a85c5a1cd0cbb91c/spectrum.txt,46716c9518afa5dee87c1b8d78c24421dd8b3719fdc47be44ff3927a33936b65,18901,dab,1768.4273331870008,original-336,
dab-53ba1de680e92f5c982c6ee7,DAB,12000,7,4,production,COMPLETE_NUMERICAL,COMPLETE_NUMERICAL,COMPLETE_NUMERICAL,0a74fdbe06596fc145f5169a3b239ddd67053141,"{""abundances"":null,""allard_minimum_effective_temperature"":9000.0,""atmosphere_solver"":""adaptive-newton"",""balmer_self_broadening_prescription"":null,""balmer_self_broadening_truncation_closure"":""stark-core"",""effective_temperature"":12000,""formal_maximum_metal_lines"":null,""formal_minimum_metal_oscillator_strength"":0.0001,""h2_he_cia_path"":null,""include_molecules"":false,""log_hydrogen_to_helium"":4,""logg"":7,""lyman_profile_source"":""allard"",""maximum_metal_charge"":4,""metal_classical_electron_stark"":false,""metal_line_supplements"":[],""mixing_length_alpha"":1.25,""neutral_broadening"":""unsold"",""photospheric_depth_concentration"":1.0,""quality"":""production"",""structure_opacity_sampling_resolution"":1000.0,""synthesis_transfer_depth_refinement"":4}",models/dab-53ba1de680e92f5c982c6ee7/spectrum.txt,c80df1ccf23b3096b9e328268dd2ccc5f6940618ad1918a6b54b21b7a6b26b5a,18901,dab,1143.453519711,original-336,
dab-210c9aa8ce868c98ff13802a,DAB,12000,7.5,-6,production,COMPLETE_NUMERICAL,COMPLETE_NUMERICAL,COMPLETE_NUMERICAL,0a74fdbe06596fc145f5169a3b239ddd67053141,"{""abundances"":null,""allard_minimum_effective_temperature"":9000.0,""atmosphere_solver"":""adaptive-newton"",""balmer_self_broadening_prescription"":null,""balmer_self_broadening_truncation_closure"":""stark-core"",""effective_temperature"":12000,""formal_maximum_metal_lines"":null,""formal_minimum_metal_oscillator_strength"":0.0001,""h2_he_cia_path"":null,""include_molecules"":false,""log_hydrogen_to_helium"":-6,""logg"":7.5,""lyman_profile_source"":""allard"",""maximum_metal_charge"":4,""metal_classical_electron_stark"":false,""metal_line_supplements"":[],""mixing_length_alpha"":1.25,""neutral_broadening"":""unsold"",""photospheric_depth_concentration"":1.0,""quality"":""production"",""structure_opacity_sampling_resolution"":1000.0,""synthesis_transfer_depth_refinement"":4}",models/dab-210c9aa8ce868c98ff13802a/spectrum.txt,6a30d2601882bd3ce49061570bd0158301ae0739bc5a7f672452041e90945aa7,18901,dab,2880.022451948,original-336,
dab-7933f82e9d6a58817c8a9001,DAB,12000,7.5,-4,production,COMPLETE_NUMERICAL,COMPLETE_NUMERICAL,COMPLETE_NUMERICAL,0a74fdbe06596fc145f5169a3b239ddd67053141,"{""abundances"":null,""allard_minimum_effective_temperature"":9000.0,""atmosphere_solver"":""adaptive-newton"",""balmer_self_broadening_prescription"":null,""balmer_self_broadening_truncation_closure"":""stark-core"",""effective_temperature"":12000,""formal_maximum_metal_lines"":null,""formal_minimum_metal_oscillator_strength"":0.0001,""h2_he_cia_path"":null,""include_molecules"":false,""log_hydrogen_to_helium"":-4,""logg"":7.5,""lyman_profile_source"":""allard"",""maximum_metal_charge"":4,""metal_classical_electron_stark"":false,""metal_line_supplements"":[],""mixing_length_alpha"":1.25,""neutral_broadening"":""unsold"",""photospheric_depth_concentration"":1.0,""quality"":""production"",""structure_opacity_sampling_resolution"":1000.0,""synthesis_transfer_depth_refinement"":4}",models/dab-7933f82e9d6a58817c8a9001/spectrum.txt,ebcf5fb0090d94c1288e1324628eddf7f95b6f25f0b3f63d7ed488ea12c8f4b3,18901,dab,3516.690320793,original-336,
dab-848049a79348e2c7de6fc223,DAB,12000,7.5,-2,production,COMPLETE_NUMERICAL,COMPLETE_NUMERICAL,COMPLETE_NUMERICAL,0a74fdbe06596fc145f5169a3b239ddd67053141,"{""abundances"":null,""allard_minimum_effective_temperature"":9000.0,""atmosphere_solver"":""adaptive-newton"",""balmer_self_broadening_prescription"":null,""balmer_self_broadening_truncation_closure"":""stark-core"",""effective_temperature"":12000,""formal_maximum_metal_lines"":null,""formal_minimum_metal_oscillator_strength"":0.0001,""h2_he_cia_path"":null,""include_molecules"":false,""log_hydrogen_to_helium"":-2,""logg"":7.5,""lyman_profile_source"":""allard"",""maximum_metal_charge"":4,""metal_classical_electron_stark"":false,""metal_line_supplements"":[],""mixing_length_alpha"":1.25,""neutral_broadening"":""unsold"",""photospheric_depth_concentration"":1.0,""quality"":""production"",""structure_opacity_sampling_resolution"":1000.0,""synthesis_transfer_depth_refinement"":4}",models/dab-848049a79348e2c7de6fc223/spectrum.txt,aa5dd4b732fc771027e9a79a5c4b2961e96314318a7e592fd4df4effcbaac908,18901,dab,5754.7115298761055,original-336,
dab-b8d64d28565e0b3ce05a677d,DAB,12000,7.5,0,production,COMPLETE_NUMERICAL,COMPLETE_NUMERICAL,COMPLETE_NUMERICAL,0a74fdbe06596fc145f5169a3b239ddd67053141,"{""abundances"":null,""allard_minimum_effective_temperature"":9000.0,""atmosphere_solver"":""adaptive-newton"",""balmer_self_broadening_prescription"":null,""balmer_self_broadening_truncation_closure"":""stark-core"",""effective_temperature"":12000,""formal_maximum_metal_lines"":null,""formal_minimum_metal_oscillator_strength"":0.0001,""h2_he_cia_path"":null,""include_molecules"":false,""log_hydrogen_to_helium"":0,""logg"":7.5,""lyman_profile_source"":""allard"",""maximum_metal_charge"":4,""metal_classical_electron_stark"":false,""metal_line_supplements"":[],""mixing_length_alpha"":1.25,""neutral_broadening"":""unsold"",""photospheric_depth_concentration"":1.0,""quality"":""production"",""structure_opacity_sampling_resolution"":1000.0,""synthesis_transfer_depth_refinement"":4}",models/dab-b8d64d28565e0b3ce05a677d/spectrum.txt,76d40524b926493895b460ad9a8d65f3e085558770ff251a912772daaa5998cc,18901,dab,2230.023180037,original-336,
dab-e1befb1672374f317b379576,DAB,12000,7.5,2,production,COMPLETE_NUMERICAL,COMPLETE_NUMERICAL,COMPLETE_NUMERICAL,0a74fdbe06596fc145f5169a3b239ddd67053141,"{""abundances"":null,""allard_minimum_effective_temperature"":9000.0,""atmosphere_solver"":""adaptive-newton"",""balmer_self_broadening_prescription"":null,""balmer_self_broadening_truncation_closure"":""stark-core"",""effective_temperature"":12000,""formal_maximum_metal_lines"":null,""formal_minimum_metal_oscillator_strength"":0.0001,""h2_he_cia_path"":null,""include_molecules"":false,""log_hydrogen_to_helium"":2,""logg"":7.5,""lyman_profile_source"":""allard"",""maximum_metal_charge"":4,""metal_classical_electron_stark"":false,""metal_line_supplements"":[],""mixing_length_alpha"":1.25,""neutral_broadening"":""unsold"",""photospheric_depth_concentration"":1.0,""quality"":""production"",""structure_opacity_sampling_resolution"":1000.0,""synthesis_transfer_depth_refinement"":4}",models/dab-e1befb1672374f317b379576/spectrum.txt,1edecd31d511f4f9f371f653e9bd914467f0c8c7acd38f21ecaad12d2356c486,18901,dab,2975.576206312,original-336,
dab-01e62dd824f82a9d75748001,DAB,12000,7.5,4,production,COMPLETE_NUMERICAL,COMPLETE_NUMERICAL,COMPLETE_NUMERICAL,0a74fdbe06596fc145f5169a3b239ddd67053141,"{""abundances"":null,""allard_minimum_effective_temperature"":9000.0,""atmosphere_solver"":""adaptive-newton"",""balmer_self_broadening_prescription"":null,""balmer_self_broadening_truncation_closure"":""stark-core"",""effective_temperature"":12000,""formal_maximum_metal_lines"":null,""formal_minimum_metal_oscillator_strength"":0.0001,""h2_he_cia_path"":null,""include_molecules"":false,""log_hydrogen_to_helium"":4,""logg"":7.5,""lyman_profile_source"":""allard"",""maximum_metal_charge"":4,""metal_classical_electron_stark"":false,""metal_line_supplements"":[],""mixing_length_alpha"":1.25,""neutral_broadening"":""unsold"",""photospheric_depth_concentration"":1.0,""quality"":""production"",""structure_opacity_sampling_resolution"":1000.0,""synthesis_transfer_depth_refinement"":4}",models/dab-01e62dd824f82a9d75748001/spectrum.txt,f1249800f37329043f73743dae444123e170d472135f7bad06e4321f86912907,18901,dab,2061.9972193470003,original-336,
dab-d97902a18c293646f31530fc,DAB,12000,8,-6,production,COMPLETE_NUMERICAL,COMPLETE_NUMERICAL,COMPLETE_NUMERICAL,0a74fdbe06596fc145f5169a3b239ddd67053141,"{""abundances"":null,""allard_minimum_effective_temperature"":9000.0,""atmosphere_solver"":""adaptive-newton"",""balmer_self_broadening_prescription"":null,""balmer_self_broadening_truncation_closure"":""stark-core"",""effective_temperature"":12000,""formal_maximum_metal_lines"":null,""formal_minimum_metal_oscillator_strength"":0.0001,""h2_he_cia_path"":null,""include_molecules"":false,""log_hydrogen_to_helium"":-6,""logg"":8,""lyman_profile_source"":""allard"",""maximum_metal_charge"":4,""metal_classical_electron_stark"":false,""metal_line_supplements"":[],""mixing_length_alpha"":1.25,""neutral_broadening"":""unsold"",""photospheric_depth_concentration"":1.0,""quality"":""production"",""structure_opacity_sampling_resolution"":1000.0,""synthesis_transfer_depth_refinement"":4}",models/dab-d97902a18c293646f31530fc/spectrum.txt,a01913cc1f15542a55255053562d4fe5850e94f4be4f81a56db210777bcb2718,18901,dab,3725.5006610710006,original-336,
dab-d5262cb5bb3716cffb099028,DAB,12000,8,-4,production,COMPLETE_NUMERICAL,COMPLETE_NUMERICAL,COMPLETE_NUMERICAL,0a74fdbe06596fc145f5169a3b239ddd67053141,"{""abundances"":null,""allard_minimum_effective_temperature"":9000.0,""atmosphere_solver"":""adaptive-newton"",""balmer_self_broadening_prescription"":null,""balmer_self_broadening_truncation_closure"":""stark-core"",""effective_temperature"":12000,""formal_maximum_metal_lines"":null,""formal_minimum_metal_oscillator_strength"":0.0001,""h2_he_cia_path"":null,""include_molecules"":false,""log_hydrogen_to_helium"":-4,""logg"":8,""lyman_profile_source"":""allard"",""maximum_metal_charge"":4,""metal_classical_electron_stark"":false,""metal_line_supplements"":[],""mixing_length_alpha"":1.25,""neutral_broadening"":""unsold"",""photospheric_depth_concentration"":1.0,""quality"":""production"",""structure_opacity_sampling_resolution"":1000.0,""synthesis_transfer_depth_refinement"":4}",models/dab-d5262cb5bb3716cffb099028/spectrum.txt,af278d1a11195eb73a3d156dbfd56ac2cb56b73ccaeca07d42d65bc1f88687fd,18901,dab,4277.998299704,original-336,
dab-93527fd5e36a54cdb9abd90a,DAB,12000,8,-2,production,COMPLETE_NUMERICAL,COMPLETE_NUMERICAL,COMPLETE_NUMERICAL,0a74fdbe06596fc145f5169a3b239ddd67053141,"{""abundances"":null,""allard_minimum_effective_temperature"":9000.0,""atmosphere_solver"":""adaptive-newton"",""balmer_self_broadening_prescription"":null,""balmer_self_broadening_truncation_closure"":""stark-core"",""effective_temperature"":12000,""formal_maximum_metal_lines"":null,""formal_minimum_metal_oscillator_strength"":0.0001,""h2_he_cia_path"":null,""include_molecules"":false,""log_hydrogen_to_helium"":-2,""logg"":8,""lyman_profile_source"":""allard"",""maximum_metal_charge"":4,""metal_classical_electron_stark"":false,""metal_line_supplements"":[],""mixing_length_alpha"":1.25,""neutral_broadening"":""unsold"",""photospheric_depth_concentration"":1.0,""quality"":""production"",""structure_opacity_sampling_resolution"":1000.0,""synthesis_transfer_depth_refinement"":4}",models/dab-93527fd5e36a54cdb9abd90a/spectrum.txt,45e91bf13a18588c663975a7376cd25371864e866dc10f0f0691e1492c917ed7,18901,dab,3170.20507798,original-336,
dab-5cdb46c2d489c43e85ca3805,DAB,12000,8,0,production,COMPLETE_NUMERICAL,COMPLETE_NUMERICAL,COMPLETE_NUMERICAL,0a74fdbe06596fc145f5169a3b239ddd67053141,"{""abundances"":null,""allard_minimum_effective_temperature"":9000.0,""atmosphere_solver"":""adaptive-newton"",""balmer_self_broadening_prescription"":null,""balmer_self_broadening_truncation_closure"":""stark-core"",""effective_temperature"":12000,""formal_maximum_metal_lines"":null,""formal_minimum_metal_oscillator_strength"":0.0001,""h2_he_cia_path"":null,""include_molecules"":false,""log_hydrogen_to_helium"":0,""logg"":8,""lyman_profile_source"":""allard"",""maximum_metal_charge"":4,""metal_classical_electron_stark"":false,""metal_line_supplements"":[],""mixing_length_alpha"":1.25,""neutral_broadening"":""unsold"",""photospheric_depth_concentration"":1.0,""quality"":""production"",""structure_opacity_sampling_resolution"":1000.0,""synthesis_transfer_depth_refinement"":4}",models/dab-5cdb46c2d489c43e85ca3805/spectrum.txt,2571a9ddf3c744d593ca02ef6908ad4a483910516b990775a657b48e15faa9e8,18901,dab,5712.268640557071,original-336,
dab-7511b80432ab9ac1dfa5bef4,DAB,12000,8,2,production,COMPLETE_NUMERICAL,COMPLETE_NUMERICAL,COMPLETE_NUMERICAL,0a74fdbe06596fc145f5169a3b239ddd67053141,"{""abundances"":null,""allard_minimum_effective_temperature"":9000.0,""atmosphere_solver"":""adaptive-newton"",""balmer_self_broadening_prescription"":null,""balmer_self_broadening_truncation_closure"":""stark-core"",""effective_temperature"":12000,""formal_maximum_metal_lines"":null,""formal_minimum_metal_oscillator_strength"":0.0001,""h2_he_cia_path"":null,""include_molecules"":false,""log_hydrogen_to_helium"":2,""logg"":8,""lyman_profile_source"":""allard"",""maximum_metal_charge"":4,""metal_classical_electron_stark"":false,""metal_line_supplements"":[],""mixing_length_alpha"":1.25,""neutral_broadening"":""unsold"",""photospheric_depth_concentration"":1.0,""quality"":""production"",""structure_opacity_sampling_resolution"":1000.0,""synthesis_transfer_depth_refinement"":4}",models/dab-7511b80432ab9ac1dfa5bef4/spectrum.txt,169f65299150e5b5ac0d745160dd3ff043caeca88e039e79d895152689330b16,18901,dab,1977.383758207,original-336,
dab-775f020812041ab09fbc0110,DAB,12000,8,4,production,COMPLETE_NUMERICAL,COMPLETE_NUMERICAL,COMPLETE_NUMERICAL,0a74fdbe06596fc145f5169a3b239ddd67053141,"{""abundances"":null,""allard_minimum_effective_temperature"":9000.0,""atmosphere_solver"":""adaptive-newton"",""balmer_self_broadening_prescription"":null,""balmer_self_broadening_truncation_closure"":""stark-core"",""effective_temperature"":12000,""formal_maximum_metal_lines"":null,""formal_minimum_metal_oscillator_strength"":0.0001,""h2_he_cia_path"":null,""include_molecules"":false,""log_hydrogen_to_helium"":4,""logg"":8,""lyman_profile_source"":""allard"",""maximum_metal_charge"":4,""metal_classical_electron_stark"":false,""metal_line_supplements"":[],""mixing_length_alpha"":1.25,""neutral_broadening"":""unsold"",""photospheric_depth_concentration"":1.0,""quality"":""production"",""structure_opacity_sampling_resolution"":1000.0,""synthesis_transfer_depth_refinement"":4}",models/dab-775f020812041ab09fbc0110/spectrum.txt,4c063c5106b44f3bd4076fa9f9b62ee15c90f0edc35eda5f338c07d8596b2228,18901,dab,1507.9191022969999,original-336,
dab-1ac096a06c7c644fc3329868,DAB,12000,8.5,-6,production,COMPLETE_NUMERICAL,COMPLETE_NUMERICAL,COMPLETE_NUMERICAL,0a74fdbe06596fc145f5169a3b239ddd67053141,"{""abundances"":null,""allard_minimum_effective_temperature"":9000.0,""atmosphere_solver"":""adaptive-newton"",""balmer_self_broadening_prescription"":null,""balmer_self_broadening_truncation_closure"":""stark-core"",""effective_temperature"":12000,""formal_maximum_metal_lines"":null,""formal_minimum_metal_oscillator_strength"":0.0001,""h2_he_cia_path"":null,""include_molecules"":false,""log_hydrogen_to_helium"":-6,""logg"":8.5,""lyman_profile_source"":""allard"",""maximum_metal_charge"":4,""metal_classical_electron_stark"":false,""metal_line_supplements"":[],""mixing_length_alpha"":1.25,""neutral_broadening"":""unsold"",""photospheric_depth_concentration"":1.0,""quality"":""production"",""structure_opacity_sampling_resolution"":1000.0,""synthesis_transfer_depth_refinement"":4}",models/dab-1ac096a06c7c644fc3329868/spectrum.txt,855618dff8dc6166663fd2a247420ea4fe531669d1c995dae7ff6cdb6a28d01c,18901,dab,3305.5982241660004,original-336,
dab-f6bf315df0ddd864d79c3d37,DAB,12000,8.5,-4,production,COMPLETE_NUMERICAL,COMPLETE_NUMERICAL,COMPLETE_NUMERICAL,0a74fdbe06596fc145f5169a3b239ddd67053141,"{""abundances"":null,""allard_minimum_effective_temperature"":9000.0,""atmosphere_solver"":""adaptive-newton"",""balmer_self_broadening_prescription"":null,""balmer_self_broadening_truncation_closure"":""stark-core"",""effective_temperature"":12000,""formal_maximum_metal_lines"":null,""formal_minimum_metal_oscillator_strength"":0.0001,""h2_he_cia_path"":null,""include_molecules"":false,""log_hydrogen_to_helium"":-4,""logg"":8.5,""lyman_profile_source"":""allard"",""maximum_metal_charge"":4,""metal_classical_electron_stark"":false,""metal_line_supplements"":[],""mixing_length_alpha"":1.25,""neutral_broadening"":""unsold"",""photospheric_depth_concentration"":1.0,""quality"":""production"",""structure_opacity_sampling_resolution"":1000.0,""synthesis_transfer_depth_refinement"":4}",models/dab-f6bf315df0ddd864d79c3d37/spectrum.txt,f42dc2f45ed47464cddeb890f4cd3a5ac3bc788ecce56390e67bb90ce7515bd7,18901,dab,3668.659850148999,original-336,
dab-6af25c97608ec2a583329492,DAB,12000,8.5,-2,production,COMPLETE_NUMERICAL,COMPLETE_NUMERICAL,COMPLETE_NUMERICAL,0a74fdbe06596fc145f5169a3b239ddd67053141,"{""abundances"":null,""allard_minimum_effective_temperature"":9000.0,""atmosphere_solver"":""adaptive-newton"",""balmer_self_broadening_prescription"":null,""balmer_self_broadening_truncation_closure"":""stark-core"",""effective_temperature"":12000,""formal_maximum_metal_lines"":null,""formal_minimum_metal_oscillator_strength"":0.0001,""h2_he_cia_path"":null,""include_molecules"":false,""log_hydrogen_to_helium"":-2,""logg"":8.5,""lyman_profile_source"":""allard"",""maximum_metal_charge"":4,""metal_classical_electron_stark"":false,""metal_line_supplements"":[],""mixing_length_alpha"":1.25,""neutral_broadening"":""unsold"",""photospheric_depth_concentration"":1.0,""quality"":""production"",""structure_opacity_sampling_resolution"":1000.0,""synthesis_transfer_depth_refinement"":4}",models/dab-6af25c97608ec2a583329492/spectrum.txt,72cff2ac8bfb27e4b737ce80e3b266f06e8768104b96dd64a54719417d1398e9,18901,dab,2406.8923761389997,original-336,
dab-c913e1a6e33a6388a372a8c6,DAB,12000,8.5,0,production,DOMAIN_OR_UNSUPPORTED_CONFIG,DOMAIN_OR_UNSUPPORTED_CONFIG,DOMAIN_OR_UNSUPPORTED_CONFIG,0a74fdbe06596fc145f5169a3b239ddd67053141,"{""abundances"":null,""allard_minimum_effective_temperature"":9000.0,""atmosphere_solver"":""adaptive-newton"",""balmer_self_broadening_prescription"":null,""balmer_self_broadening_truncation_closure"":""stark-core"",""effective_temperature"":12000,""formal_maximum_metal_lines"":null,""formal_minimum_metal_oscillator_strength"":0.0001,""h2_he_cia_path"":null,""include_molecules"":false,""log_hydrogen_to_helium"":0,""logg"":8.5,""lyman_profile_source"":""allard"",""maximum_metal_charge"":4,""metal_classical_electron_stark"":false,""metal_line_supplements"":[],""mixing_length_alpha"":1.25,""neutral_broadening"":""unsold"",""photospheric_depth_concentration"":1.0,""quality"":""production"",""structure_opacity_sampling_resolution"":1000.0,""synthesis_transfer_depth_refinement"":4}",,,,,46.91625073100022,original-336,"ValueError: The automatic cool workflow currently requires logg=8 and quality=""production""; no different gravity/resolution is substituted"
dab-a917f039dc3d4191afc2d453,DAB,12000,8.5,2,production,COMPLETE_NUMERICAL,COMPLETE_NUMERICAL,COMPLETE_NUMERICAL,0a74fdbe06596fc145f5169a3b239ddd67053141,"{""abundances"":null,""allard_minimum_effective_temperature"":9000.0,""atmosphere_solver"":""adaptive-newton"",""balmer_self_broadening_prescription"":null,""balmer_self_broadening_truncation_closure"":""stark-core"",""effective_temperature"":12000,""formal_maximum_metal_lines"":null,""formal_minimum_metal_oscillator_strength"":0.0001,""h2_he_cia_path"":null,""include_molecules"":false,""log_hydrogen_to_helium"":2,""logg"":8.5,""lyman_profile_source"":""allard"",""maximum_metal_charge"":4,""metal_classical_electron_stark"":false,""metal_line_supplements"":[],""mixing_length_alpha"":1.25,""neutral_broadening"":""unsold"",""photospheric_depth_concentration"":1.0,""quality"":""production"",""structure_opacity_sampling_resolution"":1000.0,""synthesis_transfer_depth_refinement"":4}",models/dab-a917f039dc3d4191afc2d453/spectrum.txt,0241cc56705b7ea0a58d4ea5cc84c5cc129c01e1de57008a182e22474c0baba5,18901,dab,1779.022659663,original-336,
dab-d772cfa6432619bd1d4a991f,DAB,12000,8.5,4,production,COMPLETE_NUMERICAL,COMPLETE_NUMERICAL,COMPLETE_NUMERICAL,0a74fdbe06596fc145f5169a3b239ddd67053141,"{""abundances"":null,""allard_minimum_effective_temperature"":9000.0,""atmosphere_solver"":""adaptive-newton"",""balmer_self_broadening_prescription"":null,""balmer_self_broadening_truncation_closure"":""stark-core"",""effective_temperature"":12000,""formal_maximum_metal_lines"":null,""formal_minimum_metal_oscillator_strength"":0.0001,""h2_he_cia_path"":null,""include_molecules"":false,""log_hydrogen_to_helium"":4,""logg"":8.5,""lyman_profile_source"":""allard"",""maximum_metal_charge"":4,""metal_classical_electron_stark"":false,""metal_line_supplements"":[],""mixing_length_alpha"":1.25,""neutral_broadening"":""unsold"",""photospheric_depth_concentration"":1.0,""quality"":""production"",""structure_opacity_sampling_resolution"":1000.0,""synthesis_transfer_depth_refinement"":4}",models/dab-d772cfa6432619bd1d4a991f/spectrum.txt,1ec8dd1554254f5a56ad067c4aa56389ba32b985aa8815fee5b61a07268127eb,18901,dab,1985.9231581970007,original-336,
dab-7a83f409c113076bddeaaf93,DAB,12000,9,-6,production,COMPLETE_NUMERICAL,COMPLETE_NUMERICAL,COMPLETE_NUMERICAL,0a74fdbe06596fc145f5169a3b239ddd67053141,"{""abundances"":null,""allard_minimum_effective_temperature"":9000.0,""atmosphere_solver"":""adaptive-newton"",""balmer_self_broadening_prescription"":null,""balmer_self_broadening_truncation_closure"":""stark-core"",""effective_temperature"":12000,""formal_maximum_metal_lines"":null,""formal_minimum_metal_oscillator_strength"":0.0001,""h2_he_cia_path"":null,""include_molecules"":false,""log_hydrogen_to_helium"":-6,""logg"":9,""lyman_profile_source"":""allard"",""maximum_metal_charge"":4,""metal_classical_electron_stark"":false,""metal_line_supplements"":[],""mixing_length_alpha"":1.25,""neutral_broadening"":""unsold"",""photospheric_depth_concentration"":1.0,""quality"":""production"",""structure_opacity_sampling_resolution"":1000.0,""synthesis_transfer_depth_refinement"":4}",models/dab-7a83f409c113076bddeaaf93/spectrum.txt,2fbb42bf056831efe9ede8ad74f312407b380f78da765cce620467126dce8a05,18901,dab,5143.582917923999,original-336,
dab-5dce4d8c2a17e01fda86e093,DAB,12000,9,-4,production,COMPLETE_NUMERICAL,COMPLETE_NUMERICAL,COMPLETE_NUMERICAL,0a74fdbe06596fc145f5169a3b239ddd67053141,"{""abundances"":null,""allard_minimum_effective_temperature"":9000.0,""atmosphere_solver"":""adaptive-newton"",""balmer_self_broadening_prescription"":null,""balmer_self_broadening_truncation_closure"":""stark-core"",""effective_temperature"":12000,""formal_maximum_metal_lines"":null,""formal_minimum_metal_oscillator_strength"":0.0001,""h2_he_cia_path"":null,""include_molecules"":false,""log_hydrogen_to_helium"":-4,""logg"":9,""lyman_profile_source"":""allard"",""maximum_metal_charge"":4,""metal_classical_electron_stark"":false,""metal_line_supplements"":[],""mixing_length_alpha"":1.25,""neutral_broadening"":""unsold"",""photospheric_depth_concentration"":1.0,""quality"":""production"",""structure_opacity_sampling_resolution"":1000.0,""synthesis_transfer_depth_refinement"":4}",models/dab-5dce4d8c2a17e01fda86e093/spectrum.txt,03e104b3291eeeef3816a0d8667a916ca0793cda2ed109d472734aad45b4c744,18901,dab,6563.082600855967,original-336,
dab-c1321c23f385037844d3b5c9,DAB,12000,9,-2,production,DOMAIN_OR_UNSUPPORTED_CONFIG,DOMAIN_OR_UNSUPPORTED_CONFIG,DOMAIN_OR_UNSUPPORTED_CONFIG,0a74fdbe06596fc145f5169a3b239ddd67053141,"{""abundances"":null,""allard_minimum_effective_temperature"":9000.0,""atmosphere_solver"":""adaptive-newton"",""balmer_self_broadening_prescription"":null,""balmer_self_broadening_truncation_closure"":""stark-core"",""effective_temperature"":12000,""formal_maximum_metal_lines"":null,""formal_minimum_metal_oscillator_strength"":0.0001,""h2_he_cia_path"":null,""include_molecules"":false,""log_hydrogen_to_helium"":-2,""logg"":9,""lyman_profile_source"":""allard"",""maximum_metal_charge"":4,""metal_classical_electron_stark"":false,""metal_line_supplements"":[],""mixing_length_alpha"":1.25,""neutral_broadening"":""unsold"",""photospheric_depth_concentration"":1.0,""quality"":""production"",""structure_opacity_sampling_resolution"":1000.0,""synthesis_transfer_depth_refinement"":4}",,,,,45.986233799999354,original-336,"ValueError: The automatic cool workflow currently requires logg=8 and quality=""production""; no different gravity/resolution is substituted"
dab-b10936f859ae3f7030712494,DAB,12000,9,0,production,DOMAIN_OR_UNSUPPORTED_CONFIG,DOMAIN_OR_UNSUPPORTED_CONFIG,DOMAIN_OR_UNSUPPORTED_CONFIG,0a74fdbe06596fc145f5169a3b239ddd67053141,"{""abundances"":null,""allard_minimum_effective_temperature"":9000.0,""atmosphere_solver"":""adaptive-newton"",""balmer_self_broadening_prescription"":null,""balmer_self_broadening_truncation_closure"":""stark-core"",""effective_temperature"":12000,""formal_maximum_metal_lines"":null,""formal_minimum_metal_oscillator_strength"":0.0001,""h2_he_cia_path"":null,""include_molecules"":false,""log_hydrogen_to_helium"":0,""logg"":9,""lyman_profile_source"":""allard"",""maximum_metal_charge"":4,""metal_classical_electron_stark"":false,""metal_line_supplements"":[],""mixing_length_alpha"":1.25,""neutral_broadening"":""unsold"",""photospheric_depth_concentration"":1.0,""quality"":""production"",""structure_opacity_sampling_resolution"":1000.0,""synthesis_transfer_depth_refinement"":4}",,,,,45.96942939600012,original-336,"ValueError: The automatic cool workflow currently requires logg=8 and quality=""production""; no different gravity/resolution is substituted"
dab-e47b5764536ab8680a82a6bc,DAB,12000,9,2,production,DOMAIN_OR_UNSUPPORTED_CONFIG,DOMAIN_OR_UNSUPPORTED_CONFIG,DOMAIN_OR_UNSUPPORTED_CONFIG,0a74fdbe06596fc145f5169a3b239ddd67053141,"{""abundances"":null,""allard_minimum_effective_temperature"":9000.0,""atmosphere_solver"":""adaptive-newton"",""balmer_self_broadening_prescription"":null,""balmer_self_broadening_truncation_closure"":""stark-core"",""effective_temperature"":12000,""formal_maximum_metal_lines"":null,""formal_minimum_metal_oscillator_strength"":0.0001,""h2_he_cia_path"":null,""include_molecules"":false,""log_hydrogen_to_helium"":2,""logg"":9,""lyman_profile_source"":""allard"",""maximum_metal_charge"":4,""metal_classical_electron_stark"":false,""metal_line_supplements"":[],""mixing_length_alpha"":1.25,""neutral_broadening"":""unsold"",""photospheric_depth_concentration"":1.0,""quality"":""production"",""structure_opacity_sampling_resolution"":1000.0,""synthesis_transfer_depth_refinement"":4}",,,,,45.97048927600008,original-336,"ValueError: The automatic cool workflow currently requires logg=8 and quality=""production""; no different gravity/resolution is substituted"
dab-f3a2acf71b19b0c4b1077f3b,DAB,12000,9,4,production,DOMAIN_OR_UNSUPPORTED_CONFIG,DOMAIN_OR_UNSUPPORTED_CONFIG,DOMAIN_OR_UNSUPPORTED_CONFIG,0a74fdbe06596fc145f5169a3b239ddd67053141,"{""abundances"":null,""allard_minimum_effective_temperature"":9000.0,""atmosphere_solver"":""adaptive-newton"",""balmer_self_broadening_prescription"":null,""balmer_self_broadening_truncation_closure"":""stark-core"",""effective_temperature"":12000,""formal_maximum_metal_lines"":null,""formal_minimum_metal_oscillator_strength"":0.0001,""h2_he_cia_path"":null,""include_molecules"":false,""log_hydrogen_to_helium"":4,""logg"":9,""lyman_profile_source"":""allard"",""maximum_metal_charge"":4,""metal_classical_electron_stark"":false,""metal_line_supplements"":[],""mixing_length_alpha"":1.25,""neutral_broadening"":""unsold"",""photospheric_depth_concentration"":1.0,""quality"":""production"",""structure_opacity_sampling_resolution"":1000.0,""synthesis_transfer_depth_refinement"":4}",,,,,46.01321452799948,original-336,"ValueError: The automatic cool workflow currently requires logg=8 and quality=""production""; no different gravity/resolution is substituted"
dab-88f46e2c0660a733f8cefe93,DAB,12000,9.5,-6,production,COMPLETE_NUMERICAL,COMPLETE_NUMERICAL,COMPLETE_NUMERICAL,0a74fdbe06596fc145f5169a3b239ddd67053141,"{""abundances"":null,""allard_minimum_effective_temperature"":9000.0,""atmosphere_solver"":""adaptive-newton"",""balmer_self_broadening_prescription"":null,""balmer_self_broadening_truncation_closure"":""stark-core"",""effective_temperature"":12000,""formal_maximum_metal_lines"":null,""formal_minimum_metal_oscillator_strength"":0.0001,""h2_he_cia_path"":null,""include_molecules"":false,""log_hydrogen_to_helium"":-6,""logg"":9.5,""lyman_profile_source"":""allard"",""maximum_metal_charge"":4,""metal_classical_electron_stark"":false,""metal_line_supplements"":[],""mixing_length_alpha"":1.25,""neutral_broadening"":""unsold"",""photospheric_depth_concentration"":1.0,""quality"":""production"",""structure_opacity_sampling_resolution"":1000.0,""synthesis_transfer_depth_refinement"":4}",models/dab-88f46e2c0660a733f8cefe93/spectrum.txt,7d2f265614cee1033a728f993c399a0b9c8fcea7e68bdd584e96bf72998aa9bc,18901,dab,2431.9278472059996,original-336,
dab-6f7a701caa2cca3a83bcce18,DAB,12000,9.5,-4,production,COMPLETE_NUMERICAL,COMPLETE_NUMERICAL,COMPLETE_NUMERICAL,0a74fdbe06596fc145f5169a3b239ddd67053141,"{""abundances"":null,""allard_minimum_effective_temperature"":9000.0,""atmosphere_solver"":""adaptive-newton"",""balmer_self_broadening_prescription"":null,""balmer_self_broadening_truncation_closure"":""stark-core"",""effective_temperature"":12000,""formal_maximum_metal_lines"":null,""formal_minimum_metal_oscillator_strength"":0.0001,""h2_he_cia_path"":null,""include_molecules"":false,""log_hydrogen_to_helium"":-4,""logg"":9.5,""lyman_profile_source"":""allard"",""maximum_metal_charge"":4,""metal_classical_electron_stark"":false,""metal_line_supplements"":[],""mixing_length_alpha"":1.25,""neutral_broadening"":""unsold"",""photospheric_depth_concentration"":1.0,""quality"":""production"",""structure_opacity_sampling_resolution"":1000.0,""synthesis_transfer_depth_refinement"":4}",models/dab-6f7a701caa2cca3a83bcce18/spectrum.txt,d135d51cbb191e82d68397dc9a070844436a64730f2586804d157b99b78fe225,18901,dab,6607.565956133185,original-336,
dab-013aaa853bbb624949fa40ed,DAB,12000,9.5,-2,production,DOMAIN_OR_UNSUPPORTED_CONFIG,DOMAIN_OR_UNSUPPORTED_CONFIG,DOMAIN_OR_UNSUPPORTED_CONFIG,0a74fdbe06596fc145f5169a3b239ddd67053141,"{""abundances"":null,""allard_minimum_effective_temperature"":9000.0,""atmosphere_solver"":""adaptive-newton"",""balmer_self_broadening_prescription"":null,""balmer_self_broadening_truncation_closure"":""stark-core"",""effective_temperature"":12000,""formal_maximum_metal_lines"":null,""formal_minimum_metal_oscillator_strength"":0.0001,""h2_he_cia_path"":null,""include_molecules"":false,""log_hydrogen_to_helium"":-2,""logg"":9.5,""lyman_profile_source"":""allard"",""maximum_metal_charge"":4,""metal_classical_electron_stark"":false,""metal_line_supplements"":[],""mixing_length_alpha"":1.25,""neutral_broadening"":""unsold"",""photospheric_depth_concentration"":1.0,""quality"":""production"",""structure_opacity_sampling_resolution"":1000.0,""synthesis_transfer_depth_refinement"":4}",,,,,46.19385609300025,original-336,"ValueError: The automatic cool workflow currently requires logg=8 and quality=""production""; no different gravity/resolution is substituted"
dab-3a4d83d53cb5bb0e614456c5,DAB,12000,9.5,0,production,DOMAIN_OR_UNSUPPORTED_CONFIG,DOMAIN_OR_UNSUPPORTED_CONFIG,DOMAIN_OR_UNSUPPORTED_CONFIG,0a74fdbe06596fc145f5169a3b239ddd67053141,"{""abundances"":null,""allard_minimum_effective_temperature"":9000.0,""atmosphere_solver"":""adaptive-newton"",""balmer_self_broadening_prescription"":null,""balmer_self_broadening_truncation_closure"":""stark-core"",""effective_temperature"":12000,""formal_maximum_metal_lines"":null,""formal_minimum_metal_oscillator_strength"":0.0001,""h2_he_cia_path"":null,""include_molecules"":false,""log_hydrogen_to_helium"":0,""logg"":9.5,""lyman_profile_source"":""allard"",""maximum_metal_charge"":4,""metal_classical_electron_stark"":false,""metal_line_supplements"":[],""mixing_length_alpha"":1.25,""neutral_broadening"":""unsold"",""photospheric_depth_concentration"":1.0,""quality"":""production"",""structure_opacity_sampling_resolution"":1000.0,""synthesis_transfer_depth_refinement"":4}",,,,,46.11419805999958,original-336,"ValueError: The automatic cool workflow currently requires logg=8 and quality=""production""; no different gravity/resolution is substituted"
dab-d1bfc2c4117c498347ae17b8,DAB,12000,9.5,2,production,DOMAIN_OR_UNSUPPORTED_CONFIG,DOMAIN_OR_UNSUPPORTED_CONFIG,DOMAIN_OR_UNSUPPORTED_CONFIG,0a74fdbe06596fc145f5169a3b239ddd67053141,"{""abundances"":null,""allard_minimum_effective_temperature"":9000.0,""atmosphere_solver"":""adaptive-newton"",""balmer_self_broadening_prescription"":null,""balmer_self_broadening_truncation_closure"":""stark-core"",""effective_temperature"":12000,""formal_maximum_metal_lines"":null,""formal_minimum_metal_oscillator_strength"":0.0001,""h2_he_cia_path"":null,""include_molecules"":false,""log_hydrogen_to_helium"":2,""logg"":9.5,""lyman_profile_source"":""allard"",""maximum_metal_charge"":4,""metal_classical_electron_stark"":false,""metal_line_supplements"":[],""mixing_length_alpha"":1.25,""neutral_broadening"":""unsold"",""photospheric_depth_concentration"":1.0,""quality"":""production"",""structure_opacity_sampling_resolution"":1000.0,""synthesis_transfer_depth_refinement"":4}",,,,,46.180067575000066,original-336,"ValueError: The automatic cool workflow currently requires logg=8 and quality=""production""; no different gravity/resolution is substituted"
dab-d904a766c1f0a85c23d13711,DAB,12000,9.5,4,production,DOMAIN_OR_UNSUPPORTED_CONFIG,DOMAIN_OR_UNSUPPORTED_CONFIG,DOMAIN_OR_UNSUPPORTED_CONFIG,0a74fdbe06596fc145f5169a3b239ddd67053141,"{""abundances"":null,""allard_minimum_effective_temperature"":9000.0,""atmosphere_solver"":""adaptive-newton"",""balmer_self_broadening_prescription"":null,""balmer_self_broadening_truncation_closure"":""stark-core"",""effective_temperature"":12000,""formal_maximum_metal_lines"":null,""formal_minimum_metal_oscillator_strength"":0.0001,""h2_he_cia_path"":null,""include_molecules"":false,""log_hydrogen_to_helium"":4,""logg"":9.5,""lyman_profile_source"":""allard"",""maximum_metal_charge"":4,""metal_classical_electron_stark"":false,""metal_line_supplements"":[],""mixing_length_alpha"":1.25,""neutral_broadening"":""unsold"",""photospheric_depth_concentration"":1.0,""quality"":""production"",""structure_opacity_sampling_resolution"":1000.0,""synthesis_transfer_depth_refinement"":4}",,,,,46.1769684840001,original-336,"ValueError: The automatic cool workflow currently requires logg=8 and quality=""production""; no different gravity/resolution is substituted"
dab-3e5da0662e9db2375312c385,DAB,15000,6,-6,production,COMPLETE_NUMERICAL,COMPLETE_NUMERICAL,COMPLETE_NUMERICAL,0a74fdbe06596fc145f5169a3b239ddd67053141,"{""abundances"":null,""allard_minimum_effective_temperature"":9000.0,""atmosphere_solver"":""adaptive-newton"",""balmer_self_broadening_prescription"":null,""balmer_self_broadening_truncation_closure"":""stark-core"",""effective_temperature"":15000,""formal_maximum_metal_lines"":null,""formal_minimum_metal_oscillator_strength"":0.0001,""h2_he_cia_path"":null,""include_molecules"":false,""log_hydrogen_to_helium"":-6,""logg"":6,""lyman_profile_source"":""allard"",""maximum_metal_charge"":4,""metal_classical_electron_stark"":false,""metal_line_supplements"":[],""mixing_length_alpha"":1.25,""neutral_broadening"":""unsold"",""photospheric_depth_concentration"":1.0,""quality"":""production"",""structure_opacity_sampling_resolution"":1000.0,""synthesis_transfer_depth_refinement"":4}",models/dab-3e5da0662e9db2375312c385/spectrum.txt,5f2a8755bc7483d6c2495f7299e5252190731edc241a2540521138f8cd779f0c,18901,dab,1760.6846594179997,original-336,
dab-5e6badf16aa4924cb8743938,DAB,15000,6,-4,production,COMPLETE_NUMERICAL,COMPLETE_NUMERICAL,COMPLETE_NUMERICAL,0a74fdbe06596fc145f5169a3b239ddd67053141,"{""abundances"":null,""allard_minimum_effective_temperature"":9000.0,""atmosphere_solver"":""adaptive-newton"",""balmer_self_broadening_prescription"":null,""balmer_self_broadening_truncation_closure"":""stark-core"",""effective_temperature"":15000,""formal_maximum_metal_lines"":null,""formal_minimum_metal_oscillator_strength"":0.0001,""h2_he_cia_path"":null,""include_molecules"":false,""log_hydrogen_to_helium"":-4,""logg"":6,""lyman_profile_source"":""allard"",""maximum_metal_charge"":4,""metal_classical_electron_stark"":false,""metal_line_supplements"":[],""mixing_length_alpha"":1.25,""neutral_broadening"":""unsold"",""photospheric_depth_concentration"":1.0,""quality"":""production"",""structure_opacity_sampling_resolution"":1000.0,""synthesis_transfer_depth_refinement"":4}",models/dab-5e6badf16aa4924cb8743938/spectrum.txt,9ef2460545da4173760c35d767b36676d055330743306c19dd539bf0e1464ef5,18901,dab,1841.9020488410006,original-336,
dab-2a845249e1e81b6272c444df,DAB,15000,6,-2,production,COMPLETE_NUMERICAL,COMPLETE_NUMERICAL,COMPLETE_NUMERICAL,0a74fdbe06596fc145f5169a3b239ddd67053141,"{""abundances"":null,""allard_minimum_effective_temperature"":9000.0,""atmosphere_solver"":""adaptive-newton"",""balmer_self_broadening_prescription"":null,""balmer_self_broadening_truncation_closure"":""stark-core"",""effective_temperature"":15000,""formal_maximum_metal_lines"":null,""formal_minimum_metal_oscillator_strength"":0.0001,""h2_he_cia_path"":null,""include_molecules"":false,""log_hydrogen_to_helium"":-2,""logg"":6,""lyman_profile_source"":""allard"",""maximum_metal_charge"":4,""metal_classical_electron_stark"":false,""metal_line_supplements"":[],""mixing_length_alpha"":1.25,""neutral_broadening"":""unsold"",""photospheric_depth_concentration"":1.0,""quality"":""production"",""structure_opacity_sampling_resolution"":1000.0,""synthesis_transfer_depth_refinement"":4}",models/dab-2a845249e1e81b6272c444df/spectrum.txt,ee7303c4ebdf0cb93d1937ef1672c323679dd428242d4b93f1b120e5c0e17f94,18901,dab,4037.8485868769994,original-336,
dab-5cc0bf5fa91fb73208b2d27d,DAB,15000,6,0,production,COMPLETE_NUMERICAL,COMPLETE_NUMERICAL,COMPLETE_NUMERICAL,0a74fdbe06596fc145f5169a3b239ddd67053141,"{""abundances"":null,""allard_minimum_effective_temperature"":9000.0,""atmosphere_solver"":""adaptive-newton"",""balmer_self_broadening_prescription"":null,""balmer_self_broadening_truncation_closure"":""stark-core"",""effective_temperature"":15000,""formal_maximum_metal_lines"":null,""formal_minimum_metal_oscillator_strength"":0.0001,""h2_he_cia_path"":null,""include_molecules"":false,""log_hydrogen_to_helium"":0,""logg"":6,""lyman_profile_source"":""allard"",""maximum_metal_charge"":4,""metal_classical_electron_stark"":false,""metal_line_supplements"":[],""mixing_length_alpha"":1.25,""neutral_broadening"":""unsold"",""photospheric_depth_concentration"":1.0,""quality"":""production"",""structure_opacity_sampling_resolution"":1000.0,""synthesis_transfer_depth_refinement"":4}",models/dab-5cc0bf5fa91fb73208b2d27d/spectrum.txt,a8ce4024ae3ca3141b8cd6a398feb19ef88acd13ca8512ea179d5d4ade1d2ef1,18901,dab,1692.6688140330007,original-336,
dab-7930cb2681900f00496a36ea,DAB,15000,6,2,production,COMPLETE_NUMERICAL,COMPLETE_NUMERICAL,COMPLETE_NUMERICAL,0a74fdbe06596fc145f5169a3b239ddd67053141,"{""abundances"":null,""allard_minimum_effective_temperature"":9000.0,""atmosphere_solver"":""adaptive-newton"",""balmer_self_broadening_prescription"":null,""balmer_self_broadening_truncation_closure"":""stark-core"",""effective_temperature"":15000,""formal_maximum_metal_lines"":null,""formal_minimum_metal_oscillator_strength"":0.0001,""h2_he_cia_path"":null,""include_molecules"":false,""log_hydrogen_to_helium"":2,""logg"":6,""lyman_profile_source"":""allard"",""maximum_metal_charge"":4,""metal_classical_electron_stark"":false,""metal_line_supplements"":[],""mixing_length_alpha"":1.25,""neutral_broadening"":""unsold"",""photospheric_depth_concentration"":1.0,""quality"":""production"",""structure_opacity_sampling_resolution"":1000.0,""synthesis_transfer_depth_refinement"":4}",models/dab-7930cb2681900f00496a36ea/spectrum.txt,a25dd110377f14b41f061d323a7640c26e21aef3e220405f0f4b41d46d12b54c,18901,dab,958.8951883599993,original-336,
dab-d6e25e9a0bf0ff4ae7683024,DAB,15000,6,4,production,COMPLETE_NUMERICAL,COMPLETE_NUMERICAL,COMPLETE_NUMERICAL,0a74fdbe06596fc145f5169a3b239ddd67053141,"{""abundances"":null,""allard_minimum_effective_temperature"":9000.0,""atmosphere_solver"":""adaptive-newton"",""balmer_self_broadening_prescription"":null,""balmer_self_broadening_truncation_closure"":""stark-core"",""effective_temperature"":15000,""formal_maximum_metal_lines"":null,""formal_minimum_metal_oscillator_strength"":0.0001,""h2_he_cia_path"":null,""include_molecules"":false,""log_hydrogen_to_helium"":4,""logg"":6,""lyman_profile_source"":""allard"",""maximum_metal_charge"":4,""metal_classical_electron_stark"":false,""metal_line_supplements"":[],""mixing_length_alpha"":1.25,""neutral_broadening"":""unsold"",""photospheric_depth_concentration"":1.0,""quality"":""production"",""structure_opacity_sampling_resolution"":1000.0,""synthesis_transfer_depth_refinement"":4}",models/dab-d6e25e9a0bf0ff4ae7683024/spectrum.txt,a2e59a7fc3c7cf840cca4dbbce1e72269923a97c9701f920e8525b47f023d3be,18901,dab,871.0673007410005,original-336,
dab-111c0167e6795a458c788d75,DAB,15000,6.5,-6,production,COMPLETE_NUMERICAL,COMPLETE_NUMERICAL,COMPLETE_NUMERICAL,0a74fdbe06596fc145f5169a3b239ddd67053141,"{""abundances"":null,""allard_minimum_effective_temperature"":9000.0,""atmosphere_solver"":""adaptive-newton"",""balmer_self_broadening_prescription"":null,""balmer_self_broadening_truncation_closure"":""stark-core"",""effective_temperature"":15000,""formal_maximum_metal_lines"":null,""formal_minimum_metal_oscillator_strength"":0.0001,""h2_he_cia_path"":null,""include_molecules"":false,""log_hydrogen_to_helium"":-6,""logg"":6.5,""lyman_profile_source"":""allard"",""maximum_metal_charge"":4,""metal_classical_electron_stark"":false,""metal_line_supplements"":[],""mixing_length_alpha"":1.25,""neutral_broadening"":""unsold"",""photospheric_depth_concentration"":1.0,""quality"":""production"",""structure_opacity_sampling_resolution"":1000.0,""synthesis_transfer_depth_refinement"":4}",models/dab-111c0167e6795a458c788d75/spectrum.txt,fc713b6192ee426224bab80e409d71dd89f2dc32cc688cec92e943b4ede43b7a,18901,dab,1708.8308917910008,original-336,
dab-97d26541fc81ad37052ba34b,DAB,15000,6.5,-4,production,COMPLETE_NUMERICAL,COMPLETE_NUMERICAL,COMPLETE_NUMERICAL,0a74fdbe06596fc145f5169a3b239ddd67053141,"{""abundances"":null,""allard_minimum_effective_temperature"":9000.0,""atmosphere_solver"":""adaptive-newton"",""balmer_self_broadening_prescription"":null,""balmer_self_broadening_truncation_closure"":""stark-core"",""effective_temperature"":15000,""formal_maximum_metal_lines"":null,""formal_minimum_metal_oscillator_strength"":0.0001,""h2_he_cia_path"":null,""include_molecules"":false,""log_hydrogen_to_helium"":-4,""logg"":6.5,""lyman_profile_source"":""allard"",""maximum_metal_charge"":4,""metal_classical_electron_stark"":false,""metal_line_supplements"":[],""mixing_length_alpha"":1.25,""neutral_broadening"":""unsold"",""photospheric_depth_concentration"":1.0,""quality"":""production"",""structure_opacity_sampling_resolution"":1000.0,""synthesis_transfer_depth_refinement"":4}",models/dab-97d26541fc81ad37052ba34b/spectrum.txt,bb116fce5f024f94c6ea6a3b6f4f060ca6453ac9a18969c68b18587ea952a1b1,18901,dab,1964.972645152,original-336,
dab-8e04d1c9698e3916f66c13c1,DAB,15000,6.5,-2,production,COMPLETE_NUMERICAL,COMPLETE_NUMERICAL,COMPLETE_NUMERICAL,0a74fdbe06596fc145f5169a3b239ddd67053141,"{""abundances"":null,""allard_minimum_effective_temperature"":9000.0,""atmosphere_solver"":""adaptive-newton"",""balmer_self_broadening_prescription"":null,""balmer_self_broadening_truncation_closure"":""stark-core"",""effective_temperature"":15000,""formal_maximum_metal_lines"":null,""formal_minimum_metal_oscillator_strength"":0.0001,""h2_he_cia_path"":null,""include_molecules"":false,""log_hydrogen_to_helium"":-2,""logg"":6.5,""lyman_profile_source"":""allard"",""maximum_metal_charge"":4,""metal_classical_electron_stark"":false,""metal_line_supplements"":[],""mixing_length_alpha"":1.25,""neutral_broadening"":""unsold"",""photospheric_depth_concentration"":1.0,""quality"":""production"",""structure_opacity_sampling_resolution"":1000.0,""synthesis_transfer_depth_refinement"":4}",models/dab-8e04d1c9698e3916f66c13c1/spectrum.txt,810476ca619d576ab65f36d5822be89c36ff924dc838e0d5cea236563d58ea8f,18901,dab,1913.4194984230007,original-336,
dab-fea7b7626ad0b6decd103007,DAB,15000,6.5,0,production,COMPLETE_NUMERICAL,COMPLETE_NUMERICAL,COMPLETE_NUMERICAL,0a74fdbe06596fc145f5169a3b239ddd67053141,"{""abundances"":null,""allard_minimum_effective_temperature"":9000.0,""atmosphere_solver"":""adaptive-newton"",""balmer_self_broadening_prescription"":null,""balmer_self_broadening_truncation_closure"":""stark-core"",""effective_temperature"":15000,""formal_maximum_metal_lines"":null,""formal_minimum_metal_oscillator_strength"":0.0001,""h2_he_cia_path"":null,""include_molecules"":false,""log_hydrogen_to_helium"":0,""logg"":6.5,""lyman_profile_source"":""allard"",""maximum_metal_charge"":4,""metal_classical_electron_stark"":false,""metal_line_supplements"":[],""mixing_length_alpha"":1.25,""neutral_broadening"":""unsold"",""photospheric_depth_concentration"":1.0,""quality"":""production"",""structure_opacity_sampling_resolution"":1000.0,""synthesis_transfer_depth_refinement"":4}",models/dab-fea7b7626ad0b6decd103007/spectrum.txt,f148be71069aa7374de2126d6f3c9aaee2a812aa7d21602db31a92b3c2755ca4,18901,dab,1712.844623039,original-336,
dab-f01606d84e283dd2f2afe4f2,DAB,15000,6.5,2,production,COMPLETE_NUMERICAL,COMPLETE_NUMERICAL,COMPLETE_NUMERICAL,0a74fdbe06596fc145f5169a3b239ddd67053141,"{""abundances"":null,""allard_minimum_effective_temperature"":9000.0,""atmosphere_solver"":""adaptive-newton"",""balmer_self_broadening_prescription"":null,""balmer_self_broadening_truncation_closure"":""stark-core"",""effective_temperature"":15000,""formal_maximum_metal_lines"":null,""formal_minimum_metal_oscillator_strength"":0.0001,""h2_he_cia_path"":null,""include_molecules"":false,""log_hydrogen_to_helium"":2,""logg"":6.5,""lyman_profile_source"":""allard"",""maximum_metal_charge"":4,""metal_classical_electron_stark"":false,""metal_line_supplements"":[],""mixing_length_alpha"":1.25,""neutral_broadening"":""unsold"",""photospheric_depth_concentration"":1.0,""quality"":""production"",""structure_opacity_sampling_resolution"":1000.0,""synthesis_transfer_depth_refinement"":4}",models/dab-f01606d84e283dd2f2afe4f2/spectrum.txt,eee38e6460f4ef2c4f54677e780ece1be6d60e8841ba8eeade68cc2e5c0f2e69,18901,dab,1093.7983242689997,original-336,
dab-064a110a3470236a09a895fa,DAB,15000,6.5,4,production,COMPLETE_NUMERICAL,COMPLETE_NUMERICAL,COMPLETE_NUMERICAL,0a74fdbe06596fc145f5169a3b239ddd67053141,"{""abundances"":null,""allard_minimum_effective_temperature"":9000.0,""atmosphere_solver"":""adaptive-newton"",""balmer_self_broadening_prescription"":null,""balmer_self_broadening_truncation_closure"":""stark-core"",""effective_temperature"":15000,""formal_maximum_metal_lines"":null,""formal_minimum_metal_oscillator_strength"":0.0001,""h2_he_cia_path"":null,""include_molecules"":false,""log_hydrogen_to_helium"":4,""logg"":6.5,""lyman_profile_source"":""allard"",""maximum_metal_charge"":4,""metal_classical_electron_stark"":false,""metal_line_supplements"":[],""mixing_length_alpha"":1.25,""neutral_broadening"":""unsold"",""photospheric_depth_concentration"":1.0,""quality"":""production"",""structure_opacity_sampling_resolution"":1000.0,""synthesis_transfer_depth_refinement"":4}",models/dab-064a110a3470236a09a895fa/spectrum.txt,03728ac7d071071cbd9d625d69029d0dbe7377aa98ddb92aa1f3b5d785e8c650,18901,dab,887.5861834180005,original-336,
dab-2b28cadad9ce7fe2bea7ed5a,DAB,15000,7,-6,production,COMPLETE_NUMERICAL,COMPLETE_NUMERICAL,COMPLETE_NUMERICAL,0a74fdbe06596fc145f5169a3b239ddd67053141,"{""abundances"":null,""allard_minimum_effective_temperature"":9000.0,""atmosphere_solver"":""adaptive-newton"",""balmer_self_broadening_prescription"":null,""balmer_self_broadening_truncation_closure"":""stark-core"",""effective_temperature"":15000,""formal_maximum_metal_lines"":null,""formal_minimum_metal_oscillator_strength"":0.0001,""h2_he_cia_path"":null,""include_molecules"":false,""log_hydrogen_to_helium"":-6,""logg"":7,""lyman_profile_source"":""allard"",""maximum_metal_charge"":4,""metal_classical_electron_stark"":false,""metal_line_supplements"":[],""mixing_length_alpha"":1.25,""neutral_broadening"":""unsold"",""photospheric_depth_concentration"":1.0,""quality"":""production"",""structure_opacity_sampling_resolution"":1000.0,""synthesis_transfer_depth_refinement"":4}",models/dab-2b28cadad9ce7fe2bea7ed5a/spectrum.txt,e16e504a5bb464f008d2f230f57b975a9a28330921fd16cc99cdeec92f8c3b9f,18901,dab,2406.6167073040006,original-336,
dab-099621db9e1ea83d4cc010ea,DAB,15000,7,-4,production,COMPLETE_NUMERICAL,COMPLETE_NUMERICAL,COMPLETE_NUMERICAL,0a74fdbe06596fc145f5169a3b239ddd67053141,"{""abundances"":null,""allard_minimum_effective_temperature"":9000.0,""atmosphere_solver"":""adaptive-newton"",""balmer_self_broadening_prescription"":null,""balmer_self_broadening_truncation_closure"":""stark-core"",""effective_temperature"":15000,""formal_maximum_metal_lines"":null,""formal_minimum_metal_oscillator_strength"":0.0001,""h2_he_cia_path"":null,""include_molecules"":false,""log_hydrogen_to_helium"":-4,""logg"":7,""lyman_profile_source"":""allard"",""maximum_metal_charge"":4,""metal_classical_electron_stark"":false,""metal_line_supplements"":[],""mixing_length_alpha"":1.25,""neutral_broadening"":""unsold"",""photospheric_depth_concentration"":1.0,""quality"":""production"",""structure_opacity_sampling_resolution"":1000.0,""synthesis_transfer_depth_refinement"":4}",models/dab-099621db9e1ea83d4cc010ea/spectrum.txt,03dac18cd751b6396e5d87c545b86cf9a42621b2ec8ee017bbcd7356dbd52ef9,18901,dab,2374.7581551799994,original-336,
dab-b402f23fcdaf46662ff91c12,DAB,15000,7,-2,production,COMPLETE_NUMERICAL,COMPLETE_NUMERICAL,COMPLETE_NUMERICAL,0a74fdbe06596fc145f5169a3b239ddd67053141,"{""abundances"":null,""allard_minimum_effective_temperature"":9000.0,""atmosphere_solver"":""adaptive-newton"",""balmer_self_broadening_prescription"":null,""balmer_self_broadening_truncation_closure"":""stark-core"",""effective_temperature"":15000,""formal_maximum_metal_lines"":null,""formal_minimum_metal_oscillator_strength"":0.0001,""h2_he_cia_path"":null,""include_molecules"":false,""log_hydrogen_to_helium"":-2,""logg"":7,""lyman_profile_source"":""allard"",""maximum_metal_charge"":4,""metal_classical_electron_stark"":false,""metal_line_supplements"":[],""mixing_length_alpha"":1.25,""neutral_broadening"":""unsold"",""photospheric_depth_concentration"":1.0,""quality"":""production"",""structure_opacity_sampling_resolution"":1000.0,""synthesis_transfer_depth_refinement"":4}",models/dab-b402f23fcdaf46662ff91c12/spectrum.txt,9d1a11c77b5c5c9421512805aec3f12def9ada421c5bb3a02f3d697f118d9da9,18901,dab,2001.636882365,original-336,
dab-6f1e3ed21e5656e0b0af277c,DAB,15000,7,0,production,COMPLETE_NUMERICAL,COMPLETE_NUMERICAL,COMPLETE_NUMERICAL,0a74fdbe06596fc145f5169a3b239ddd67053141,"{""abundances"":null,""allard_minimum_effective_temperature"":9000.0,""atmosphere_solver"":""adaptive-newton"",""balmer_self_broadening_prescription"":null,""balmer_self_broadening_truncation_closure"":""stark-core"",""effective_temperature"":15000,""formal_maximum_metal_lines"":null,""formal_minimum_metal_oscillator_strength"":0.0001,""h2_he_cia_path"":null,""include_molecules"":false,""log_hydrogen_to_helium"":0,""logg"":7,""lyman_profile_source"":""allard"",""maximum_metal_charge"":4,""metal_classical_electron_stark"":false,""metal_line_supplements"":[],""mixing_length_alpha"":1.25,""neutral_broadening"":""unsold"",""photospheric_depth_concentration"":1.0,""quality"":""production"",""structure_opacity_sampling_resolution"":1000.0,""synthesis_transfer_depth_refinement"":4}",models/dab-6f1e3ed21e5656e0b0af277c/spectrum.txt,5d35201f9c3263be72676eb9bbbf1594942d47c1fd3c35c2c6bd87e8fd5bbb1c,18901,dab,1836.6555416699994,original-336,
dab-bb37b8375fa37aad7db9e06f,DAB,15000,7,2,production,COMPLETE_NUMERICAL,COMPLETE_NUMERICAL,COMPLETE_NUMERICAL,0a74fdbe06596fc145f5169a3b239ddd67053141,"{""abundances"":null,""allard_minimum_effective_temperature"":9000.0,""atmosphere_solver"":""adaptive-newton"",""balmer_self_broadening_prescription"":null,""balmer_self_broadening_truncation_closure"":""stark-core"",""effective_temperature"":15000,""formal_maximum_metal_lines"":null,""formal_minimum_metal_oscillator_strength"":0.0001,""h2_he_cia_path"":null,""include_molecules"":false,""log_hydrogen_to_helium"":2,""logg"":7,""lyman_profile_source"":""allard"",""maximum_metal_charge"":4,""metal_classical_electron_stark"":false,""metal_line_supplements"":[],""mixing_length_alpha"":1.25,""neutral_broadening"":""unsold"",""photospheric_depth_concentration"":1.0,""quality"":""production"",""structure_opacity_sampling_resolution"":1000.0,""synthesis_transfer_depth_refinement"":4}",models/dab-bb37b8375fa37aad7db9e06f/spectrum.txt,8d2b022c0bef7715f949e9c811329cfc627ac82a6938186777575b59376a3fe0,18901,dab,1574.1902330719995,original-336,
dab-bf337fab210cc1b8042f3118,DAB,15000,7,4,production,COMPLETE_NUMERICAL,COMPLETE_NUMERICAL,COMPLETE_NUMERICAL,0a74fdbe06596fc145f5169a3b239ddd67053141,"{""abundances"":null,""allard_minimum_effective_temperature"":9000.0,""atmosphere_solver"":""adaptive-newton"",""balmer_self_broadening_prescription"":null,""balmer_self_broadening_truncation_closure"":""stark-core"",""effective_temperature"":15000,""formal_maximum_metal_lines"":null,""formal_minimum_metal_oscillator_strength"":0.0001,""h2_he_cia_path"":null,""include_molecules"":false,""log_hydrogen_to_helium"":4,""logg"":7,""lyman_profile_source"":""allard"",""maximum_metal_charge"":4,""metal_classical_electron_stark"":false,""metal_line_supplements"":[],""mixing_length_alpha"":1.25,""neutral_broadening"":""unsold"",""photospheric_depth_concentration"":1.0,""quality"":""production"",""structure_opacity_sampling_resolution"":1000.0,""synthesis_transfer_depth_refinement"":4}",models/dab-bf337fab210cc1b8042f3118/spectrum.txt,084be531608ea1e87f557acab7f711c5711b70b0af6fad69996dc87a78eb7d1e,18901,dab,1112.2836542740006,original-336,
dab-3ed4615b54ad3f343fbb7ae5,DAB,15000,7.5,-6,production,COMPLETE_NUMERICAL,COMPLETE_NUMERICAL,COMPLETE_NUMERICAL,0a74fdbe06596fc145f5169a3b239ddd67053141,"{""abundances"":null,""allard_minimum_effective_temperature"":9000.0,""atmosphere_solver"":""adaptive-newton"",""balmer_self_broadening_prescription"":null,""balmer_self_broadening_truncation_closure"":""stark-core"",""effective_temperature"":15000,""formal_maximum_metal_lines"":null,""formal_minimum_metal_oscillator_strength"":0.0001,""h2_he_cia_path"":null,""include_molecules"":false,""log_hydrogen_to_helium"":-6,""logg"":7.5,""lyman_profile_source"":""allard"",""maximum_metal_charge"":4,""metal_classical_electron_stark"":false,""metal_line_supplements"":[],""mixing_length_alpha"":1.25,""neutral_broadening"":""unsold"",""photospheric_depth_concentration"":1.0,""quality"":""production"",""structure_opacity_sampling_resolution"":1000.0,""synthesis_transfer_depth_refinement"":4}",models/dab-3ed4615b54ad3f343fbb7ae5/spectrum.txt,81e55a33b073fa36e97106702f414fe82b3c9fd210bc19c9dc97b19cadc349b7,18901,dab,2108.5767100619996,original-336,
dab-c219ff75a53681415ffbb1e8,DAB,15000,7.5,-4,production,COMPLETE_NUMERICAL,COMPLETE_NUMERICAL,COMPLETE_NUMERICAL,0a74fdbe06596fc145f5169a3b239ddd67053141,"{""abundances"":null,""allard_minimum_effective_temperature"":9000.0,""atmosphere_solver"":""adaptive-newton"",""balmer_self_broadening_prescription"":null,""balmer_self_broadening_truncation_closure"":""stark-core"",""effective_temperature"":15000,""formal_maximum_metal_lines"":null,""formal_minimum_metal_oscillator_strength"":0.0001,""h2_he_cia_path"":null,""include_molecules"":false,""log_hydrogen_to_helium"":-4,""logg"":7.5,""lyman_profile_source"":""allard"",""maximum_metal_charge"":4,""metal_classical_electron_stark"":false,""metal_line_supplements"":[],""mixing_length_alpha"":1.25,""neutral_broadening"":""unsold"",""photospheric_depth_concentration"":1.0,""quality"":""production"",""structure_opacity_sampling_resolution"":1000.0,""synthesis_transfer_depth_refinement"":4}",models/dab-c219ff75a53681415ffbb1e8/spectrum.txt,d70238b2f3bdd8887b3159b20fe48d51d09ca89d5687648aa1c12d1b2e8428e3,18901,dab,2447.3370081020003,original-336,
dab-f0f852fdb08afeb4910fc067,DAB,15000,7.5,-2,production,COMPLETE_NUMERICAL,COMPLETE_NUMERICAL,COMPLETE_NUMERICAL,0a74fdbe06596fc145f5169a3b239ddd67053141,"{""abundances"":null,""allard_minimum_effective_temperature"":9000.0,""atmosphere_solver"":""adaptive-newton"",""balmer_self_broadening_prescription"":null,""balmer_self_broadening_truncation_closure"":""stark-core"",""effective_temperature"":15000,""formal_maximum_metal_lines"":null,""formal_minimum_metal_oscillator_strength"":0.0001,""h2_he_cia_path"":null,""include_molecules"":false,""log_hydrogen_to_helium"":-2,""logg"":7.5,""lyman_profile_source"":""allard"",""maximum_metal_charge"":4,""metal_classical_electron_stark"":false,""metal_line_supplements"":[],""mixing_length_alpha"":1.25,""neutral_broadening"":""unsold"",""photospheric_depth_concentration"":1.0,""quality"":""production"",""structure_opacity_sampling_resolution"":1000.0,""synthesis_transfer_depth_refinement"":4}",models/dab-f0f852fdb08afeb4910fc067/spectrum.txt,81e9195cae9be75ad56c994914335d2124916c05cfcce1ec57844c876de43e2d,18901,dab,2117.7774632790006,original-336,
dab-b014e1a5df7ee5a4f079393f,DAB,15000,7.5,0,production,COMPLETE_NUMERICAL,COMPLETE_NUMERICAL,COMPLETE_NUMERICAL,0a74fdbe06596fc145f5169a3b239ddd67053141,"{""abundances"":null,""allard_minimum_effective_temperature"":9000.0,""atmosphere_solver"":""adaptive-newton"",""balmer_self_broadening_prescription"":null,""balmer_self_broadening_truncation_closure"":""stark-core"",""effective_temperature"":15000,""formal_maximum_metal_lines"":null,""formal_minimum_metal_oscillator_strength"":0.0001,""h2_he_cia_path"":null,""include_molecules"":false,""log_hydrogen_to_helium"":0,""logg"":7.5,""lyman_profile_source"":""allard"",""maximum_metal_charge"":4,""metal_classical_electron_stark"":false,""metal_line_supplements"":[],""mixing_length_alpha"":1.25,""neutral_broadening"":""unsold"",""photospheric_depth_concentration"":1.0,""quality"":""production"",""structure_opacity_sampling_resolution"":1000.0,""synthesis_transfer_depth_refinement"":4}",models/dab-b014e1a5df7ee5a4f079393f/spectrum.txt,2fce5431f7b527f41998b3ce770dd64322ae2c4fc543183f7d7070c2c8c72151,18901,dab,1826.313664276,original-336,
dab-82be469f08ffe80346b29473,DAB,15000,7.5,2,production,COMPLETE_NUMERICAL,COMPLETE_NUMERICAL,COMPLETE_NUMERICAL,0a74fdbe06596fc145f5169a3b239ddd67053141,"{""abundances"":null,""allard_minimum_effective_temperature"":9000.0,""atmosphere_solver"":""adaptive-newton"",""balmer_self_broadening_prescription"":null,""balmer_self_broadening_truncation_closure"":""stark-core"",""effective_temperature"":15000,""formal_maximum_metal_lines"":null,""formal_minimum_metal_oscillator_strength"":0.0001,""h2_he_cia_path"":null,""include_molecules"":false,""log_hydrogen_to_helium"":2,""logg"":7.5,""lyman_profile_source"":""allard"",""maximum_metal_charge"":4,""metal_classical_electron_stark"":false,""metal_line_supplements"":[],""mixing_length_alpha"":1.25,""neutral_broadening"":""unsold"",""photospheric_depth_concentration"":1.0,""quality"":""production"",""structure_opacity_sampling_resolution"":1000.0,""synthesis_transfer_depth_refinement"":4}",models/dab-82be469f08ffe80346b29473/spectrum.txt,34e09d586db8d5176e1d07088774103933f40b65fc346ac66b1d2f080979a588,18901,dab,1857.5265233570008,original-336,
dab-5b82574eb992661f9277a6d6,DAB,15000,7.5,4,production,COMPLETE_NUMERICAL,COMPLETE_NUMERICAL,COMPLETE_NUMERICAL,0a74fdbe06596fc145f5169a3b239ddd67053141,"{""abundances"":null,""allard_minimum_effective_temperature"":9000.0,""atmosphere_solver"":""adaptive-newton"",""balmer_self_broadening_prescription"":null,""balmer_self_broadening_truncation_closure"":""stark-core"",""effective_temperature"":15000,""formal_maximum_metal_lines"":null,""formal_minimum_metal_oscillator_strength"":0.0001,""h2_he_cia_path"":null,""include_molecules"":false,""log_hydrogen_to_helium"":4,""logg"":7.5,""lyman_profile_source"":""allard"",""maximum_metal_charge"":4,""metal_classical_electron_stark"":false,""metal_line_supplements"":[],""mixing_length_alpha"":1.25,""neutral_broadening"":""unsold"",""photospheric_depth_concentration"":1.0,""quality"":""production"",""structure_opacity_sampling_resolution"":1000.0,""synthesis_transfer_depth_refinement"":4}",models/dab-5b82574eb992661f9277a6d6/spectrum.txt,79010cf57130b85af4fd9c71c70d5cf888e2fb1d5bc9f3332c166a14f561c869,18901,dab,1579.0218120219997,original-336,
dab-a5e17be424b3beade06bf974,DAB,15000,8,-6,production,COMPLETE_NUMERICAL,COMPLETE_NUMERICAL,COMPLETE_NUMERICAL,0a74fdbe06596fc145f5169a3b239ddd67053141,"{""abundances"":null,""allard_minimum_effective_temperature"":9000.0,""atmosphere_solver"":""adaptive-newton"",""balmer_self_broadening_prescription"":null,""balmer_self_broadening_truncation_closure"":""stark-core"",""effective_temperature"":15000,""formal_maximum_metal_lines"":null,""formal_minimum_metal_oscillator_strength"":0.0001,""h2_he_cia_path"":null,""include_molecules"":false,""log_hydrogen_to_helium"":-6,""logg"":8,""lyman_profile_source"":""allard"",""maximum_metal_charge"":4,""metal_classical_electron_stark"":false,""metal_line_supplements"":[],""mixing_length_alpha"":1.25,""neutral_broadening"":""unsold"",""photospheric_depth_concentration"":1.0,""quality"":""production"",""structure_opacity_sampling_resolution"":1000.0,""synthesis_transfer_depth_refinement"":4}",models/dab-a5e17be424b3beade06bf974/spectrum.txt,5f90a93c01c329f71af394da4fe37bf5d5b07eb54da353f328ba3953ab4f8395,18901,dab,2226.277593110999,original-336,
dab-32a5f9d2ea4f8ceb690f1864,DAB,15000,8,-4,production,COMPLETE_NUMERICAL,COMPLETE_NUMERICAL,COMPLETE_NUMERICAL,0a74fdbe06596fc145f5169a3b239ddd67053141,"{""abundances"":null,""allard_minimum_effective_temperature"":9000.0,""atmosphere_solver"":""adaptive-newton"",""balmer_self_broadening_prescription"":null,""balmer_self_broadening_truncation_closure"":""stark-core"",""effective_temperature"":15000,""formal_maximum_metal_lines"":null,""formal_minimum_metal_oscillator_strength"":0.0001,""h2_he_cia_path"":null,""include_molecules"":false,""log_hydrogen_to_helium"":-4,""logg"":8,""lyman_profile_source"":""allard"",""maximum_metal_charge"":4,""metal_classical_electron_stark"":false,""metal_line_supplements"":[],""mixing_length_alpha"":1.25,""neutral_broadening"":""unsold"",""photospheric_depth_concentration"":1.0,""quality"":""production"",""structure_opacity_sampling_resolution"":1000.0,""synthesis_transfer_depth_refinement"":4}",models/dab-32a5f9d2ea4f8ceb690f1864/spectrum.txt,624a81252bda7a328507a7832666b27a58cad2df115b307126a138eb4e40c220,18901,dab,2817.5724512800007,original-336,
dab-56dc0120bb012402e4f08e8b,DAB,15000,8,-2,production,COMPLETE_NUMERICAL,COMPLETE_NUMERICAL,COMPLETE_NUMERICAL,0a74fdbe06596fc145f5169a3b239ddd67053141,"{""abundances"":null,""allard_minimum_effective_temperature"":9000.0,""atmosphere_solver"":""adaptive-newton"",""balmer_self_broadening_prescription"":null,""balmer_self_broadening_truncation_closure"":""stark-core"",""effective_temperature"":15000,""formal_maximum_metal_lines"":null,""formal_minimum_metal_oscillator_strength"":0.0001,""h2_he_cia_path"":null,""include_molecules"":false,""log_hydrogen_to_helium"":-2,""logg"":8,""lyman_profile_source"":""allard"",""maximum_metal_charge"":4,""metal_classical_electron_stark"":false,""metal_line_supplements"":[],""mixing_length_alpha"":1.25,""neutral_broadening"":""unsold"",""photospheric_depth_concentration"":1.0,""quality"":""production"",""structure_opacity_sampling_resolution"":1000.0,""synthesis_transfer_depth_refinement"":4}",models/dab-56dc0120bb012402e4f08e8b/spectrum.txt,d81d3f820deb76451096af38cc4e093ec7f94936d5056bff0838453f48629882,18901,dab,2185.6115901330013,original-336,
dab-c0b3cbdee1bf4ce3388bc739,DAB,15000,8,0,production,COMPLETE_NUMERICAL,COMPLETE_NUMERICAL,COMPLETE_NUMERICAL,0a74fdbe06596fc145f5169a3b239ddd67053141,"{""abundances"":null,""allard_minimum_effective_temperature"":9000.0,""atmosphere_solver"":""adaptive-newton"",""balmer_self_broadening_prescription"":null,""balmer_self_broadening_truncation_closure"":""stark-core"",""effective_temperature"":15000,""formal_maximum_metal_lines"":null,""formal_minimum_metal_oscillator_strength"":0.0001,""h2_he_cia_path"":null,""include_molecules"":false,""log_hydrogen_to_helium"":0,""logg"":8,""lyman_profile_source"":""allard"",""maximum_metal_charge"":4,""metal_classical_electron_stark"":false,""metal_line_supplements"":[],""mixing_length_alpha"":1.25,""neutral_broadening"":""unsold"",""photospheric_depth_concentration"":1.0,""quality"":""production"",""structure_opacity_sampling_resolution"":1000.0,""synthesis_transfer_depth_refinement"":4}",models/dab-c0b3cbdee1bf4ce3388bc739/spectrum.txt,d08866bae848d6c9104a59291fe6e868e310472ebf4dfd3443a25c6b69ed3cad,18901,dab,1979.536881205,original-336,
dab-8312b1383fa0164b4d5ad91d,DAB,15000,8,2,production,COMPLETE_NUMERICAL,COMPLETE_NUMERICAL,COMPLETE_NUMERICAL,0a74fdbe06596fc145f5169a3b239ddd67053141,"{""abundances"":null,""allard_minimum_effective_temperature"":9000.0,""atmosphere_solver"":""adaptive-newton"",""balmer_self_broadening_prescription"":null,""balmer_self_broadening_truncation_closure"":""stark-core"",""effective_temperature"":15000,""formal_maximum_metal_lines"":null,""formal_minimum_metal_oscillator_strength"":0.0001,""h2_he_cia_path"":null,""include_molecules"":false,""log_hydrogen_to_helium"":2,""logg"":8,""lyman_profile_source"":""allard"",""maximum_metal_charge"":4,""metal_classical_electron_stark"":false,""metal_line_supplements"":[],""mixing_length_alpha"":1.25,""neutral_broadening"":""unsold"",""photospheric_depth_concentration"":1.0,""quality"":""production"",""structure_opacity_sampling_resolution"":1000.0,""synthesis_transfer_depth_refinement"":4}",models/dab-8312b1383fa0164b4d5ad91d/spectrum.txt,6a0da31471621f75f1402775f7ce23437c1c22b531a36076efeed6382f63c88e,18901,dab,1897.7627255250009,original-336,
dab-987feae0967068120caf8f74,DAB,15000,8,4,production,COMPLETE_NUMERICAL,COMPLETE_NUMERICAL,COMPLETE_NUMERICAL,0a74fdbe06596fc145f5169a3b239ddd67053141,"{""abundances"":null,""allard_minimum_effective_temperature"":9000.0,""atmosphere_solver"":""adaptive-newton"",""balmer_self_broadening_prescription"":null,""balmer_self_broadening_truncation_closure"":""stark-core"",""effective_temperature"":15000,""formal_maximum_metal_lines"":null,""formal_minimum_metal_oscillator_strength"":0.0001,""h2_he_cia_path"":null,""include_molecules"":false,""log_hydrogen_to_helium"":4,""logg"":8,""lyman_profile_source"":""allard"",""maximum_metal_charge"":4,""metal_classical_electron_stark"":false,""metal_line_supplements"":[],""mixing_length_alpha"":1.25,""neutral_broadening"":""unsold"",""photospheric_depth_concentration"":1.0,""quality"":""production"",""structure_opacity_sampling_resolution"":1000.0,""synthesis_transfer_depth_refinement"":4}",models/dab-987feae0967068120caf8f74/spectrum.txt,f48aece80b5c5617b8a719daef4fe7cd68eb42b0f506f9c73b612df30343ae65,18901,dab,1492.7099624910006,original-336,
dab-155a95497247baec46c62498,DAB,15000,8.5,-6,production,COMPLETE_NUMERICAL,COMPLETE_NUMERICAL,COMPLETE_NUMERICAL,0a74fdbe06596fc145f5169a3b239ddd67053141,"{""abundances"":null,""allard_minimum_effective_temperature"":9000.0,""atmosphere_solver"":""adaptive-newton"",""balmer_self_broadening_prescription"":null,""balmer_self_broadening_truncation_closure"":""stark-core"",""effective_temperature"":15000,""formal_maximum_metal_lines"":null,""formal_minimum_metal_oscillator_strength"":0.0001,""h2_he_cia_path"":null,""include_molecules"":false,""log_hydrogen_to_helium"":-6,""logg"":8.5,""lyman_profile_source"":""allard"",""maximum_metal_charge"":4,""metal_classical_electron_stark"":false,""metal_line_supplements"":[],""mixing_length_alpha"":1.25,""neutral_broadening"":""unsold"",""photospheric_depth_concentration"":1.0,""quality"":""production"",""structure_opacity_sampling_resolution"":1000.0,""synthesis_transfer_depth_refinement"":4}",models/dab-155a95497247baec46c62498/spectrum.txt,f9e15ca1689f56d5a9bdb64bed63e38989cbb4bcfdea5f4e1d1c88fde9167df8,18901,dab,2534.377518012001,original-336,
dab-b06783f9a8c943bbe5828d4a,DAB,15000,8.5,-4,production,COMPLETE_NUMERICAL,COMPLETE_NUMERICAL,COMPLETE_NUMERICAL,0a74fdbe06596fc145f5169a3b239ddd67053141,"{""abundances"":null,""allard_minimum_effective_temperature"":9000.0,""atmosphere_solver"":""adaptive-newton"",""balmer_self_broadening_prescription"":null,""balmer_self_broadening_truncation_closure"":""stark-core"",""effective_temperature"":15000,""formal_maximum_metal_lines"":null,""formal_minimum_metal_oscillator_strength"":0.0001,""h2_he_cia_path"":null,""include_molecules"":false,""log_hydrogen_to_helium"":-4,""logg"":8.5,""lyman_profile_source"":""allard"",""maximum_metal_charge"":4,""metal_classical_electron_stark"":false,""metal_line_supplements"":[],""mixing_length_alpha"":1.25,""neutral_broadening"":""unsold"",""photospheric_depth_concentration"":1.0,""quality"":""production"",""structure_opacity_sampling_resolution"":1000.0,""synthesis_transfer_depth_refinement"":4}",models/dab-b06783f9a8c943bbe5828d4a/spectrum.txt,bc47a096cbbaf95e072c54d92bb134885038c5a78cb29033a459aa75bd7d76f4,18901,dab,3719.751946884,original-336,
dab-3eecd8ef3c39ce36b1877e20,DAB,15000,8.5,-2,production,COMPLETE_NUMERICAL,COMPLETE_NUMERICAL,COMPLETE_NUMERICAL,0a74fdbe06596fc145f5169a3b239ddd67053141,"{""abundances"":null,""allard_minimum_effective_temperature"":9000.0,""atmosphere_solver"":""adaptive-newton"",""balmer_self_broadening_prescription"":null,""balmer_self_broadening_truncation_closure"":""stark-core"",""effective_temperature"":15000,""formal_maximum_metal_lines"":null,""formal_minimum_metal_oscillator_strength"":0.0001,""h2_he_cia_path"":null,""include_molecules"":false,""log_hydrogen_to_helium"":-2,""logg"":8.5,""lyman_profile_source"":""allard"",""maximum_metal_charge"":4,""metal_classical_electron_stark"":false,""metal_line_supplements"":[],""mixing_length_alpha"":1.25,""neutral_broadening"":""unsold"",""photospheric_depth_concentration"":1.0,""quality"":""production"",""structure_opacity_sampling_resolution"":1000.0,""synthesis_transfer_depth_refinement"":4}",models/dab-3eecd8ef3c39ce36b1877e20/spectrum.txt,ac8323e758a235c22ddca04af761cd0fb18ae005137d688633575b58e876aef2,18901,dab,2276.073720804001,original-336,
dab-d5d538ec3f54afa71b68f59b,DAB,15000,8.5,0,production,COMPLETE_NUMERICAL,COMPLETE_NUMERICAL,COMPLETE_NUMERICAL,0a74fdbe06596fc145f5169a3b239ddd67053141,"{""abundances"":null,""allard_minimum_effective_temperature"":9000.0,""atmosphere_solver"":""adaptive-newton"",""balmer_self_broadening_prescription"":null,""balmer_self_broadening_truncation_closure"":""stark-core"",""effective_temperature"":15000,""formal_maximum_metal_lines"":null,""formal_minimum_metal_oscillator_strength"":0.0001,""h2_he_cia_path"":null,""include_molecules"":false,""log_hydrogen_to_helium"":0,""logg"":8.5,""lyman_profile_source"":""allard"",""maximum_metal_charge"":4,""metal_classical_electron_stark"":false,""metal_line_supplements"":[],""mixing_length_alpha"":1.25,""neutral_broadening"":""unsold"",""photospheric_depth_concentration"":1.0,""quality"":""production"",""structure_opacity_sampling_resolution"":1000.0,""synthesis_transfer_depth_refinement"":4}",models/dab-d5d538ec3f54afa71b68f59b/spectrum.txt,785dcb6e575d65385467b77839e7d338c0fa9f8d2ff2023089487f149c5117d3,18901,dab,2230.5084903860006,original-336,
dab-11706b9f676cc330421f2f7c,DAB,15000,8.5,2,production,COMPLETE_NUMERICAL,COMPLETE_NUMERICAL,COMPLETE_NUMERICAL,0a74fdbe06596fc145f5169a3b239ddd67053141,"{""abundances"":null,""allard_minimum_effective_temperature"":9000.0,""atmosphere_solver"":""adaptive-newton"",""balmer_self_broadening_prescription"":null,""balmer_self_broadening_truncation_closure"":""stark-core"",""effective_temperature"":15000,""formal_maximum_metal_lines"":null,""formal_minimum_metal_oscillator_strength"":0.0001,""h2_he_cia_path"":null,""include_molecules"":false,""log_hydrogen_to_helium"":2,""logg"":8.5,""lyman_profile_source"":""allard"",""maximum_metal_charge"":4,""metal_classical_electron_stark"":false,""metal_line_supplements"":[],""mixing_length_alpha"":1.25,""neutral_broadening"":""unsold"",""photospheric_depth_concentration"":1.0,""quality"":""production"",""structure_opacity_sampling_resolution"":1000.0,""synthesis_transfer_depth_refinement"":4}",models/dab-11706b9f676cc330421f2f7c/spectrum.txt,5959f3a8bd687d862ade6a473d36ef83c8cbbecca4bfa7a06990bc36baff8fe5,18901,dab,2393.4292415870004,original-336,
dab-a93cafeed138ce5751dea396,DAB,15000,8.5,4,production,COMPLETE_NUMERICAL,COMPLETE_NUMERICAL,COMPLETE_NUMERICAL,0a74fdbe06596fc145f5169a3b239ddd67053141,"{""abundances"":null,""allard_minimum_effective_temperature"":9000.0,""atmosphere_solver"":""adaptive-newton"",""balmer_self_broadening_prescription"":null,""balmer_self_broadening_truncation_closure"":""stark-core"",""effective_temperature"":15000,""formal_maximum_metal_lines"":null,""formal_minimum_metal_oscillator_strength"":0.0001,""h2_he_cia_path"":null,""include_molecules"":false,""log_hydrogen_to_helium"":4,""logg"":8.5,""lyman_profile_source"":""allard"",""maximum_metal_charge"":4,""metal_classical_electron_stark"":false,""metal_line_supplements"":[],""mixing_length_alpha"":1.25,""neutral_broadening"":""unsold"",""photospheric_depth_concentration"":1.0,""quality"":""production"",""structure_opacity_sampling_resolution"":1000.0,""synthesis_transfer_depth_refinement"":4}",models/dab-a93cafeed138ce5751dea396/spectrum.txt,271bc0358f30360a4c8f6ce6aec05ef75323b2d88ad07fe192abe2d7d2049f47,18901,dab,2093.8751989519988,original-336,
dab-0abd5c43aa764b5a5adcd7be,DAB,15000,9,-6,production,COMPLETE_NUMERICAL,COMPLETE_NUMERICAL,COMPLETE_NUMERICAL,0a74fdbe06596fc145f5169a3b239ddd67053141,"{""abundances"":null,""allard_minimum_effective_temperature"":9000.0,""atmosphere_solver"":""adaptive-newton"",""balmer_self_broadening_prescription"":null,""balmer_self_broadening_truncation_closure"":""stark-core"",""effective_temperature"":15000,""formal_maximum_metal_lines"":null,""formal_minimum_metal_oscillator_strength"":0.0001,""h2_he_cia_path"":null,""include_molecules"":false,""log_hydrogen_to_helium"":-6,""logg"":9,""lyman_profile_source"":""allard"",""maximum_metal_charge"":4,""metal_classical_electron_stark"":false,""metal_line_supplements"":[],""mixing_length_alpha"":1.25,""neutral_broadening"":""unsold"",""photospheric_depth_concentration"":1.0,""quality"":""production"",""structure_opacity_sampling_resolution"":1000.0,""synthesis_transfer_depth_refinement"":4}",models/dab-0abd5c43aa764b5a5adcd7be/spectrum.txt,a964e119efeeab5880711ef80aa33bb2dd7ce9fc63360de73dba3e232b239b93,18901,dab,2797.879337721999,original-336,
dab-9071b77d603955cb854cc01c,DAB,15000,9,-4,production,COMPLETE_NUMERICAL,COMPLETE_NUMERICAL,COMPLETE_NUMERICAL,0a74fdbe06596fc145f5169a3b239ddd67053141,"{""abundances"":null,""allard_minimum_effective_temperature"":9000.0,""atmosphere_solver"":""adaptive-newton"",""balmer_self_broadening_prescription"":null,""balmer_self_broadening_truncation_closure"":""stark-core"",""effective_temperature"":15000,""formal_maximum_metal_lines"":null,""formal_minimum_metal_oscillator_strength"":0.0001,""h2_he_cia_path"":null,""include_molecules"":false,""log_hydrogen_to_helium"":-4,""logg"":9,""lyman_profile_source"":""allard"",""maximum_metal_charge"":4,""metal_classical_electron_stark"":false,""metal_line_supplements"":[],""mixing_length_alpha"":1.25,""neutral_broadening"":""unsold"",""photospheric_depth_concentration"":1.0,""quality"":""production"",""structure_opacity_sampling_resolution"":1000.0,""synthesis_transfer_depth_refinement"":4}",models/dab-9071b77d603955cb854cc01c/spectrum.txt,acca6c73c55bb059561a26d83a2afae2c47f023819d26ddf7b32e4f6b4efc41c,18901,dab,3492.4214438319996,original-336,
dab-2b4cb4e81c08344f78a5f268,DAB,15000,9,-2,production,COMPLETE_NUMERICAL,COMPLETE_NUMERICAL,COMPLETE_NUMERICAL,0a74fdbe06596fc145f5169a3b239ddd67053141,"{""abundances"":null,""allard_minimum_effective_temperature"":9000.0,""atmosphere_solver"":""adaptive-newton"",""balmer_self_broadening_prescription"":null,""balmer_self_broadening_truncation_closure"":""stark-core"",""effective_temperature"":15000,""formal_maximum_metal_lines"":null,""formal_minimum_metal_oscillator_strength"":0.0001,""h2_he_cia_path"":null,""include_molecules"":false,""log_hydrogen_to_helium"":-2,""logg"":9,""lyman_profile_source"":""allard"",""maximum_metal_charge"":4,""metal_classical_electron_stark"":false,""metal_line_supplements"":[],""mixing_length_alpha"":1.25,""neutral_broadening"":""unsold"",""photospheric_depth_concentration"":1.0,""quality"":""production"",""structure_opacity_sampling_resolution"":1000.0,""synthesis_transfer_depth_refinement"":4}",models/dab-2b4cb4e81c08344f78a5f268/spectrum.txt,38db46743cfe27cabe6e1311a52167ee120b8730f015a3fff315a37efc34685a,18901,dab,2220.218229921,original-336,
dab-a8967b46929de655dfaa1490,DAB,15000,9,0,production,COMPLETE_NUMERICAL,COMPLETE_NUMERICAL,COMPLETE_NUMERICAL,0a74fdbe06596fc145f5169a3b239ddd67053141,"{""abundances"":null,""allard_minimum_effective_temperature"":9000.0,""atmosphere_solver"":""adaptive-newton"",""balmer_self_broadening_prescription"":null,""balmer_self_broadening_truncation_closure"":""stark-core"",""effective_temperature"":15000,""formal_maximum_metal_lines"":null,""formal_minimum_metal_oscillator_strength"":0.0001,""h2_he_cia_path"":null,""include_molecules"":false,""log_hydrogen_to_helium"":0,""logg"":9,""lyman_profile_source"":""allard"",""maximum_metal_charge"":4,""metal_classical_electron_stark"":false,""metal_line_supplements"":[],""mixing_length_alpha"":1.25,""neutral_broadening"":""unsold"",""photospheric_depth_concentration"":1.0,""quality"":""production"",""structure_opacity_sampling_resolution"":1000.0,""synthesis_transfer_depth_refinement"":4}",models/dab-a8967b46929de655dfaa1490/spectrum.txt,9deffb9c6e2cdc3242571d1a66bcba8dd2fb2d3700b2c2febb2361f16360d611,18901,dab,2261.9385331169997,original-336,
dab-82a80aa807bf79186a5440ba,DAB,15000,9,2,production,COMPLETE_NUMERICAL,COMPLETE_NUMERICAL,COMPLETE_NUMERICAL,0a74fdbe06596fc145f5169a3b239ddd67053141,"{""abundances"":null,""allard_minimum_effective_temperature"":9000.0,""atmosphere_solver"":""adaptive-newton"",""balmer_self_broadening_prescription"":null,""balmer_self_broadening_truncation_closure"":""stark-core"",""effective_temperature"":15000,""formal_maximum_metal_lines"":null,""formal_minimum_metal_oscillator_strength"":0.0001,""h2_he_cia_path"":null,""include_molecules"":false,""log_hydrogen_to_helium"":2,""logg"":9,""lyman_profile_source"":""allard"",""maximum_metal_charge"":4,""metal_classical_electron_stark"":false,""metal_line_supplements"":[],""mixing_length_alpha"":1.25,""neutral_broadening"":""unsold"",""photospheric_depth_concentration"":1.0,""quality"":""production"",""structure_opacity_sampling_resolution"":1000.0,""synthesis_transfer_depth_refinement"":4}",models/dab-82a80aa807bf79186a5440ba/spectrum.txt,94321d4aaa1f6921329998b26b86a5f5614b544db4d3b0c2174fd38fb31cda6a,18901,dab,3065.583582972,original-336,
dab-98c3255180e755fff16a57cb,DAB,15000,9,4,production,COMPLETE_NUMERICAL,COMPLETE_NUMERICAL,COMPLETE_NUMERICAL,0a74fdbe06596fc145f5169a3b239ddd67053141,"{""abundances"":null,""allard_minimum_effective_temperature"":9000.0,""atmosphere_solver"":""adaptive-newton"",""balmer_self_broadening_prescription"":null,""balmer_self_broadening_truncation_closure"":""stark-core"",""effective_temperature"":15000,""formal_maximum_metal_lines"":null,""formal_minimum_metal_oscillator_strength"":0.0001,""h2_he_cia_path"":null,""include_molecules"":false,""log_hydrogen_to_helium"":4,""logg"":9,""lyman_profile_source"":""allard"",""maximum_metal_charge"":4,""metal_classical_electron_stark"":false,""metal_line_supplements"":[],""mixing_length_alpha"":1.25,""neutral_broadening"":""unsold"",""photospheric_depth_concentration"":1.0,""quality"":""production"",""structure_opacity_sampling_resolution"":1000.0,""synthesis_transfer_depth_refinement"":4}",models/dab-98c3255180e755fff16a57cb/spectrum.txt,5c6a3894e7571d61d2087b394b316fe0a97297150a367514fc1d4f0a41d14df5,18901,dab,3026.3454341179986,original-336,
dab-1002663bfa67d5df21322abf,DAB,15000,9.5,-6,production,COMPLETE_NUMERICAL,COMPLETE_NUMERICAL,COMPLETE_NUMERICAL,0a74fdbe06596fc145f5169a3b239ddd67053141,"{""abundances"":null,""allard_minimum_effective_temperature"":9000.0,""atmosphere_solver"":""adaptive-newton"",""balmer_self_broadening_prescription"":null,""balmer_self_broadening_truncation_closure"":""stark-core"",""effective_temperature"":15000,""formal_maximum_metal_lines"":null,""formal_minimum_metal_oscillator_strength"":0.0001,""h2_he_cia_path"":null,""include_molecules"":false,""log_hydrogen_to_helium"":-6,""logg"":9.5,""lyman_profile_source"":""allard"",""maximum_metal_charge"":4,""metal_classical_electron_stark"":false,""metal_line_supplements"":[],""mixing_length_alpha"":1.25,""neutral_broadening"":""unsold"",""photospheric_depth_concentration"":1.0,""quality"":""production"",""structure_opacity_sampling_resolution"":1000.0,""synthesis_transfer_depth_refinement"":4}",models/dab-1002663bfa67d5df21322abf/spectrum.txt,aa2c96b122af8cf9db36239c5abba7fc808c9fd13d735eec1932752760472bb6,18901,dab,2728.7566790190012,original-336,
dab-54ad4ea736b316f5ad4405bc,DAB,15000,9.5,-4,production,COMPLETE_NUMERICAL,COMPLETE_NUMERICAL,COMPLETE_NUMERICAL,0a74fdbe06596fc145f5169a3b239ddd67053141,"{""abundances"":null,""allard_minimum_effective_temperature"":9000.0,""atmosphere_solver"":""adaptive-newton"",""balmer_self_broadening_prescription"":null,""balmer_self_broadening_truncation_closure"":""stark-core"",""effective_temperature"":15000,""formal_maximum_metal_lines"":null,""formal_minimum_metal_oscillator_strength"":0.0001,""h2_he_cia_path"":null,""include_molecules"":false,""log_hydrogen_to_helium"":-4,""logg"":9.5,""lyman_profile_source"":""allard"",""maximum_metal_charge"":4,""metal_classical_electron_stark"":false,""metal_line_supplements"":[],""mixing_length_alpha"":1.25,""neutral_broadening"":""unsold"",""photospheric_depth_concentration"":1.0,""quality"":""production"",""structure_opacity_sampling_resolution"":1000.0,""synthesis_transfer_depth_refinement"":4}",models/dab-54ad4ea736b316f5ad4405bc/spectrum.txt,5b65af0ab8ba5f5b146b978ddaf82491c8c65e6645510f1cec5e61ec5820391f,18901,dab,3755.174859771001,original-336,
dab-4ab8b4dcc30891c3cb9a2c44,DAB,15000,9.5,-2,production,COMPLETE_NUMERICAL,COMPLETE_NUMERICAL,COMPLETE_NUMERICAL,0a74fdbe06596fc145f5169a3b239ddd67053141,"{""abundances"":null,""allard_minimum_effective_temperature"":9000.0,""atmosphere_solver"":""adaptive-newton"",""balmer_self_broadening_prescription"":null,""balmer_self_broadening_truncation_closure"":""stark-core"",""effective_temperature"":15000,""formal_maximum_metal_lines"":null,""formal_minimum_metal_oscillator_strength"":0.0001,""h2_he_cia_path"":null,""include_molecules"":false,""log_hydrogen_to_helium"":-2,""logg"":9.5,""lyman_profile_source"":""allard"",""maximum_metal_charge"":4,""metal_classical_electron_stark"":false,""metal_line_supplements"":[],""mixing_length_alpha"":1.25,""neutral_broadening"":""unsold"",""photospheric_depth_concentration"":1.0,""quality"":""production"",""structure_opacity_sampling_resolution"":1000.0,""synthesis_transfer_depth_refinement"":4}",models/dab-4ab8b4dcc30891c3cb9a2c44/spectrum.txt,2fbdd9a6ec6e72ff1a154d24bbf171c9749d5bacb43b634d7ffd922f9a65a314,18901,dab,2248.4762839140003,original-336,
dab-8ea7694d18e2b0f6d16d3a37,DAB,15000,9.5,0,production,COMPLETE_NUMERICAL,COMPLETE_NUMERICAL,COMPLETE_NUMERICAL,0a74fdbe06596fc145f5169a3b239ddd67053141,"{""abundances"":null,""allard_minimum_effective_temperature"":9000.0,""atmosphere_solver"":""adaptive-newton"",""balmer_self_broadening_prescription"":null,""balmer_self_broadening_truncation_closure"":""stark-core"",""effective_temperature"":15000,""formal_maximum_metal_lines"":null,""formal_minimum_metal_oscillator_strength"":0.0001,""h2_he_cia_path"":null,""include_molecules"":false,""log_hydrogen_to_helium"":0,""logg"":9.5,""lyman_profile_source"":""allard"",""maximum_metal_charge"":4,""metal_classical_electron_stark"":false,""metal_line_supplements"":[],""mixing_length_alpha"":1.25,""neutral_broadening"":""unsold"",""photospheric_depth_concentration"":1.0,""quality"":""production"",""structure_opacity_sampling_resolution"":1000.0,""synthesis_transfer_depth_refinement"":4}",models/dab-8ea7694d18e2b0f6d16d3a37/spectrum.txt,90574ba7856c107b64b076fb4422d0eed34fb8ea70d60f3dbbf434ea6d429acc,18901,dab,4025.688347699999,original-336,
dab-ab6b925dd267eb6f8d82aa2f,DAB,15000,9.5,2,production,COMPLETE_NUMERICAL,COMPLETE_NUMERICAL,COMPLETE_NUMERICAL,0a74fdbe06596fc145f5169a3b239ddd67053141,"{""abundances"":null,""allard_minimum_effective_temperature"":9000.0,""atmosphere_solver"":""adaptive-newton"",""balmer_self_broadening_prescription"":null,""balmer_self_broadening_truncation_closure"":""stark-core"",""effective_temperature"":15000,""formal_maximum_metal_lines"":null,""formal_minimum_metal_oscillator_strength"":0.0001,""h2_he_cia_path"":null,""include_molecules"":false,""log_hydrogen_to_helium"":2,""logg"":9.5,""lyman_profile_source"":""allard"",""maximum_metal_charge"":4,""metal_classical_electron_stark"":false,""metal_line_supplements"":[],""mixing_length_alpha"":1.25,""neutral_broadening"":""unsold"",""photospheric_depth_concentration"":1.0,""quality"":""production"",""structure_opacity_sampling_resolution"":1000.0,""synthesis_transfer_depth_refinement"":4}",models/dab-ab6b925dd267eb6f8d82aa2f/spectrum.txt,102a76efbda272578189a9c7625a76ff2251f94789dccdcecae8aa83c595fb20,18901,dab,2794.272841749,original-336,
dab-cad411b2919fa30325e01d34,DAB,15000,9.5,4,production,COMPLETE_NUMERICAL,COMPLETE_NUMERICAL,COMPLETE_NUMERICAL,0a74fdbe06596fc145f5169a3b239ddd67053141,"{""abundances"":null,""allard_minimum_effective_temperature"":9000.0,""atmosphere_solver"":""adaptive-newton"",""balmer_self_broadening_prescription"":null,""balmer_self_broadening_truncation_closure"":""stark-core"",""effective_temperature"":15000,""formal_maximum_metal_lines"":null,""formal_minimum_metal_oscillator_strength"":0.0001,""h2_he_cia_path"":null,""include_molecules"":false,""log_hydrogen_to_helium"":4,""logg"":9.5,""lyman_profile_source"":""allard"",""maximum_metal_charge"":4,""metal_classical_electron_stark"":false,""metal_line_supplements"":[],""mixing_length_alpha"":1.25,""neutral_broadening"":""unsold"",""photospheric_depth_concentration"":1.0,""quality"":""production"",""structure_opacity_sampling_resolution"":1000.0,""synthesis_transfer_depth_refinement"":4}",models/dab-cad411b2919fa30325e01d34/spectrum.txt,d2783bcd4aa516df677b0ab38476f0dc2d1b41d94824b6efa6f635925e79f146,18901,dab,2885.9014698019982,original-336,
dab-0c420b0f9c5e5a1f7df04fbe,DAB,20000,6,-6,production,COMPLETE_NUMERICAL,COMPLETE_NUMERICAL,COMPLETE_NUMERICAL,0a74fdbe06596fc145f5169a3b239ddd67053141,"{""abundances"":null,""allard_minimum_effective_temperature"":9000.0,""atmosphere_solver"":""adaptive-newton"",""balmer_self_broadening_prescription"":null,""balmer_self_broadening_truncation_closure"":""stark-core"",""effective_temperature"":20000,""formal_maximum_metal_lines"":null,""formal_minimum_metal_oscillator_strength"":0.0001,""h2_he_cia_path"":null,""include_molecules"":false,""log_hydrogen_to_helium"":-6,""logg"":6,""lyman_profile_source"":""allard"",""maximum_metal_charge"":4,""metal_classical_electron_stark"":false,""metal_line_supplements"":[],""mixing_length_alpha"":1.25,""neutral_broadening"":""unsold"",""photospheric_depth_concentration"":1.0,""quality"":""production"",""structure_opacity_sampling_resolution"":1000.0,""synthesis_transfer_depth_refinement"":4}",models/dab-0c420b0f9c5e5a1f7df04fbe/spectrum.txt,af3fbae9b0b4d98abfad1a9e12965e3781971dbd510ff3053d5448ad574d9230,18901,dab,3023.0877749240008,original-336,
dab-ecc7bc1f4eb540cc6648eb59,DAB,20000,6,-4,production,COMPLETE_NUMERICAL,COMPLETE_NUMERICAL,COMPLETE_NUMERICAL,0a74fdbe06596fc145f5169a3b239ddd67053141,"{""abundances"":null,""allard_minimum_effective_temperature"":9000.0,""atmosphere_solver"":""adaptive-newton"",""balmer_self_broadening_prescription"":null,""balmer_self_broadening_truncation_closure"":""stark-core"",""effective_temperature"":20000,""formal_maximum_metal_lines"":null,""formal_minimum_metal_oscillator_strength"":0.0001,""h2_he_cia_path"":null,""include_molecules"":false,""log_hydrogen_to_helium"":-4,""logg"":6,""lyman_profile_source"":""allard"",""maximum_metal_charge"":4,""metal_classical_electron_stark"":false,""metal_line_supplements"":[],""mixing_length_alpha"":1.25,""neutral_broadening"":""unsold"",""photospheric_depth_concentration"":1.0,""quality"":""production"",""structure_opacity_sampling_resolution"":1000.0,""synthesis_transfer_depth_refinement"":4}",models/dab-ecc7bc1f4eb540cc6648eb59/spectrum.txt,5ac898e0c9a48189f2d35d0ac8129c6eeeacf9195f47997c67677e14e2c5a56c,18901,dab,1669.9812983579995,original-336,
dab-a33d1de1e611bd41b01cb2fb,DAB,20000,6,-2,production,COMPLETE_NUMERICAL,COMPLETE_NUMERICAL,COMPLETE_NUMERICAL,0a74fdbe06596fc145f5169a3b239ddd67053141,"{""abundances"":null,""allard_minimum_effective_temperature"":9000.0,""atmosphere_solver"":""adaptive-newton"",""balmer_self_broadening_prescription"":null,""balmer_self_broadening_truncation_closure"":""stark-core"",""effective_temperature"":20000,""formal_maximum_metal_lines"":null,""formal_minimum_metal_oscillator_strength"":0.0001,""h2_he_cia_path"":null,""include_molecules"":false,""log_hydrogen_to_helium"":-2,""logg"":6,""lyman_profile_source"":""allard"",""maximum_metal_charge"":4,""metal_classical_electron_stark"":false,""metal_line_supplements"":[],""mixing_length_alpha"":1.25,""neutral_broadening"":""unsold"",""photospheric_depth_concentration"":1.0,""quality"":""production"",""structure_opacity_sampling_resolution"":1000.0,""synthesis_transfer_depth_refinement"":4}",models/dab-a33d1de1e611bd41b01cb2fb/spectrum.txt,055eb23a59bb3bb0160e164b7829ccfcba5dd897c47fc958e385d84e2a35cf24,18901,dab,1750.9761419179995,original-336,
dab-9189d4e40b57231c185b980c,DAB,20000,6,0,production,COMPLETE_NUMERICAL,COMPLETE_NUMERICAL,COMPLETE_NUMERICAL,0a74fdbe06596fc145f5169a3b239ddd67053141,"{""abundances"":null,""allard_minimum_effective_temperature"":9000.0,""atmosphere_solver"":""adaptive-newton"",""balmer_self_broadening_prescription"":null,""balmer_self_broadening_truncation_closure"":""stark-core"",""effective_temperature"":20000,""formal_maximum_metal_lines"":null,""formal_minimum_metal_oscillator_strength"":0.0001,""h2_he_cia_path"":null,""include_molecules"":false,""log_hydrogen_to_helium"":0,""logg"":6,""lyman_profile_source"":""allard"",""maximum_metal_charge"":4,""metal_classical_electron_stark"":false,""metal_line_supplements"":[],""mixing_length_alpha"":1.25,""neutral_broadening"":""unsold"",""photospheric_depth_concentration"":1.0,""quality"":""production"",""structure_opacity_sampling_resolution"":1000.0,""synthesis_transfer_depth_refinement"":4}",models/dab-9189d4e40b57231c185b980c/spectrum.txt,38d7232c83fd0ccfa096c98c45573622e5345bd63aa4bf86d6e47e25c8c10ca0,18901,dab,5096.550141047001,original-336,
dab-d42159edbb55d471c96be3a0,DAB,20000,6,2,production,COMPLETE_NUMERICAL,COMPLETE_NUMERICAL,COMPLETE_NUMERICAL,0a74fdbe06596fc145f5169a3b239ddd67053141,"{""abundances"":null,""allard_minimum_effective_temperature"":9000.0,""atmosphere_solver"":""adaptive-newton"",""balmer_self_broadening_prescription"":null,""balmer_self_broadening_truncation_closure"":""stark-core"",""effective_temperature"":20000,""formal_maximum_metal_lines"":null,""formal_minimum_metal_oscillator_strength"":0.0001,""h2_he_cia_path"":null,""include_molecules"":false,""log_hydrogen_to_helium"":2,""logg"":6,""lyman_profile_source"":""allard"",""maximum_metal_charge"":4,""metal_classical_electron_stark"":false,""metal_line_supplements"":[],""mixing_length_alpha"":1.25,""neutral_broadening"":""unsold"",""photospheric_depth_concentration"":1.0,""quality"":""production"",""structure_opacity_sampling_resolution"":1000.0,""synthesis_transfer_depth_refinement"":4}",models/dab-d42159edbb55d471c96be3a0/spectrum.txt,b0afe05b08b8d63f74b50cc07358876700492e1187b9aabf1cc64155c7ff428f,18901,dab,1548.126330510946,original-336,
dab-8206eca096577679f7b25708,DAB,20000,6,4,production,COMPLETE_NUMERICAL,COMPLETE_NUMERICAL,COMPLETE_NUMERICAL,0a74fdbe06596fc145f5169a3b239ddd67053141,"{""abundances"":null,""allard_minimum_effective_temperature"":9000.0,""atmosphere_solver"":""adaptive-newton"",""balmer_self_broadening_prescription"":null,""balmer_self_broadening_truncation_closure"":""stark-core"",""effective_temperature"":20000,""formal_maximum_metal_lines"":null,""formal_minimum_metal_oscillator_strength"":0.0001,""h2_he_cia_path"":null,""include_molecules"":false,""log_hydrogen_to_helium"":4,""logg"":6,""lyman_profile_source"":""allard"",""maximum_metal_charge"":4,""metal_classical_electron_stark"":false,""metal_line_supplements"":[],""mixing_length_alpha"":1.25,""neutral_broadening"":""unsold"",""photospheric_depth_concentration"":1.0,""quality"":""production"",""structure_opacity_sampling_resolution"":1000.0,""synthesis_transfer_depth_refinement"":4}",models/dab-8206eca096577679f7b25708/spectrum.txt,d4c8f4510e8f528d571492608a9b3ecfd22600f080b52af3376aee7e69804ea7,18901,dab,1634.3078223960474,original-336,
dab-f079bda8b2505f9678bfd805,DAB,20000,6.5,-6,production,COMPLETE_NUMERICAL,COMPLETE_NUMERICAL,COMPLETE_NUMERICAL,0a74fdbe06596fc145f5169a3b239ddd67053141,"{""abundances"":null,""allard_minimum_effective_temperature"":9000.0,""atmosphere_solver"":""adaptive-newton"",""balmer_self_broadening_prescription"":null,""balmer_self_broadening_truncation_closure"":""stark-core"",""effective_temperature"":20000,""formal_maximum_metal_lines"":null,""formal_minimum_metal_oscillator_strength"":0.0001,""h2_he_cia_path"":null,""include_molecules"":false,""log_hydrogen_to_helium"":-6,""logg"":6.5,""lyman_profile_source"":""allard"",""maximum_metal_charge"":4,""metal_classical_electron_stark"":false,""metal_line_supplements"":[],""mixing_length_alpha"":1.25,""neutral_broadening"":""unsold"",""photospheric_depth_concentration"":1.0,""quality"":""production"",""structure_opacity_sampling_resolution"":1000.0,""synthesis_transfer_depth_refinement"":4}",models/dab-f079bda8b2505f9678bfd805/spectrum.txt,08a743f55d9a3b0172f6ecf3c1ca06aa4b3f0934bc2bfaccd756fe13ebea5852,18901,dab,3037.9843168619554,original-336,
dab-11689a362eda7db0f28036c3,DAB,20000,6.5,-4,production,COMPLETE_NUMERICAL,COMPLETE_NUMERICAL,COMPLETE_NUMERICAL,0a74fdbe06596fc145f5169a3b239ddd67053141,"{""abundances"":null,""allard_minimum_effective_temperature"":9000.0,""atmosphere_solver"":""adaptive-newton"",""balmer_self_broadening_prescription"":null,""balmer_self_broadening_truncation_closure"":""stark-core"",""effective_temperature"":20000,""formal_maximum_metal_lines"":null,""formal_minimum_metal_oscillator_strength"":0.0001,""h2_he_cia_path"":null,""include_molecules"":false,""log_hydrogen_to_helium"":-4,""logg"":6.5,""lyman_profile_source"":""allard"",""maximum_metal_charge"":4,""metal_classical_electron_stark"":false,""metal_line_supplements"":[],""mixing_length_alpha"":1.25,""neutral_broadening"":""unsold"",""photospheric_depth_concentration"":1.0,""quality"":""production"",""structure_opacity_sampling_resolution"":1000.0,""synthesis_transfer_depth_refinement"":4}",models/dab-11689a362eda7db0f28036c3/spectrum.txt,e2e710be5c850d74567e863e8fef47a4895e8b499fa9ae42a46a2edd9db41b7a,18901,dab,2300.6393147490453,original-336,
dab-be07c8b2a0bfae7b558b1837,DAB,20000,6.5,-2,production,COMPLETE_NUMERICAL,COMPLETE_NUMERICAL,COMPLETE_NUMERICAL,0a74fdbe06596fc145f5169a3b239ddd67053141,"{""abundances"":null,""allard_minimum_effective_temperature"":9000.0,""atmosphere_solver"":""adaptive-newton"",""balmer_self_broadening_prescription"":null,""balmer_self_broadening_truncation_closure"":""stark-core"",""effective_temperature"":20000,""formal_maximum_metal_lines"":null,""formal_minimum_metal_oscillator_strength"":0.0001,""h2_he_cia_path"":null,""include_molecules"":false,""log_hydrogen_to_helium"":-2,""logg"":6.5,""lyman_profile_source"":""allard"",""maximum_metal_charge"":4,""metal_classical_electron_stark"":false,""metal_line_supplements"":[],""mixing_length_alpha"":1.25,""neutral_broadening"":""unsold"",""photospheric_depth_concentration"":1.0,""quality"":""production"",""structure_opacity_sampling_resolution"":1000.0,""synthesis_transfer_depth_refinement"":4}",models/dab-be07c8b2a0bfae7b558b1837/spectrum.txt,d8abe4ebc7f8f4849105114312a4b77499a2b8aad9b40b2d828fcbb9641cb23c,18901,dab,2383.866618984146,original-336,
dab-db0dd37a4a8068b84c2a6afc,DAB,20000,6.5,0,production,COMPLETE_NUMERICAL,COMPLETE_NUMERICAL,COMPLETE_NUMERICAL,0a74fdbe06596fc145f5169a3b239ddd67053141,"{""abundances"":null,""allard_minimum_effective_temperature"":9000.0,""atmosphere_solver"":""adaptive-newton"",""balmer_self_broadening_prescription"":null,""balmer_self_broadening_truncation_closure"":""stark-core"",""effective_temperature"":20000,""formal_maximum_metal_lines"":null,""formal_minimum_metal_oscillator_strength"":0.0001,""h2_he_cia_path"":null,""include_molecules"":false,""log_hydrogen_to_helium"":0,""logg"":6.5,""lyman_profile_source"":""allard"",""maximum_metal_charge"":4,""metal_classical_electron_stark"":false,""metal_line_supplements"":[],""mixing_length_alpha"":1.25,""neutral_broadening"":""unsold"",""photospheric_depth_concentration"":1.0,""quality"":""production"",""structure_opacity_sampling_resolution"":1000.0,""synthesis_transfer_depth_refinement"":4}",models/dab-db0dd37a4a8068b84c2a6afc/spectrum.txt,3979871aa980e829b0d669d57db34e6e12fa463e97f1fe8b3cf11b898c6e3321,18901,dab,2429.948383812094,original-336,
dab-f1d9b5a00ddddbfc8df9b533,DAB,20000,6.5,2,production,COMPLETE_NUMERICAL,COMPLETE_NUMERICAL,COMPLETE_NUMERICAL,0a74fdbe06596fc145f5169a3b239ddd67053141,"{""abundances"":null,""allard_minimum_effective_temperature"":9000.0,""atmosphere_solver"":""adaptive-newton"",""balmer_self_broadening_prescription"":null,""balmer_self_broadening_truncation_closure"":""stark-core"",""effective_temperature"":20000,""formal_maximum_metal_lines"":null,""formal_minimum_metal_oscillator_strength"":0.0001,""h2_he_cia_path"":null,""include_molecules"":false,""log_hydrogen_to_helium"":2,""logg"":6.5,""lyman_profile_source"":""allard"",""maximum_metal_charge"":4,""metal_classical_electron_stark"":false,""metal_line_supplements"":[],""mixing_length_alpha"":1.25,""neutral_broadening"":""unsold"",""photospheric_depth_concentration"":1.0,""quality"":""production"",""structure_opacity_sampling_resolution"":1000.0,""synthesis_transfer_depth_refinement"":4}",models/dab-f1d9b5a00ddddbfc8df9b533/spectrum.txt,bbfa91a11863bf6b4587f52075545b2f5d2576c20f0fe6329388fd06c670b47c,18901,dab,1401.5647049739491,original-336,
dab-887fca23ac35f3d56160bf40,DAB,20000,6.5,4,production,COMPLETE_NUMERICAL,COMPLETE_NUMERICAL,COMPLETE_NUMERICAL,0a74fdbe06596fc145f5169a3b239ddd67053141,"{""abundances"":null,""allard_minimum_effective_temperature"":9000.0,""atmosphere_solver"":""adaptive-newton"",""balmer_self_broadening_prescription"":null,""balmer_self_broadening_truncation_closure"":""stark-core"",""effective_temperature"":20000,""formal_maximum_metal_lines"":null,""formal_minimum_metal_oscillator_strength"":0.0001,""h2_he_cia_path"":null,""include_molecules"":false,""log_hydrogen_to_helium"":4,""logg"":6.5,""lyman_profile_source"":""allard"",""maximum_metal_charge"":4,""metal_classical_electron_stark"":false,""metal_line_supplements"":[],""mixing_length_alpha"":1.25,""neutral_broadening"":""unsold"",""photospheric_depth_concentration"":1.0,""quality"":""production"",""structure_opacity_sampling_resolution"":1000.0,""synthesis_transfer_depth_refinement"":4}",models/dab-887fca23ac35f3d56160bf40/spectrum.txt,689f5d078559f90d51c8d2ffa2ea45add5d5a4d15d52bf673facda82ca517331,18901,dab,1542.996522438014,original-336,
dab-d4006a600d5dbdf8c8ef98c4,DAB,20000,7,-6,production,COMPLETE_NUMERICAL,COMPLETE_NUMERICAL,COMPLETE_NUMERICAL,0a74fdbe06596fc145f5169a3b239ddd67053141,"{""abundances"":null,""allard_minimum_effective_temperature"":9000.0,""atmosphere_solver"":""adaptive-newton"",""balmer_self_broadening_prescription"":null,""balmer_self_broadening_truncation_closure"":""stark-core"",""effective_temperature"":20000,""formal_maximum_metal_lines"":null,""formal_minimum_metal_oscillator_strength"":0.0001,""h2_he_cia_path"":null,""include_molecules"":false,""log_hydrogen_to_helium"":-6,""logg"":7,""lyman_profile_source"":""allard"",""maximum_metal_charge"":4,""metal_classical_electron_stark"":false,""metal_line_supplements"":[],""mixing_length_alpha"":1.25,""neutral_broadening"":""unsold"",""photospheric_depth_concentration"":1.0,""quality"":""production"",""structure_opacity_sampling_resolution"":1000.0,""synthesis_transfer_depth_refinement"":4}",models/dab-d4006a600d5dbdf8c8ef98c4/spectrum.txt,7b1f83acaa4913a8a0169cc6caf2b9ad76f9aa3185199a98a48d16eb7fe25f46,18901,dab,2830.49848281499,original-336,
dab-2f7f889d4ff6984816030a54,DAB,20000,7,-4,production,COMPLETE_NUMERICAL,COMPLETE_NUMERICAL,COMPLETE_NUMERICAL,0a74fdbe06596fc145f5169a3b239ddd67053141,"{""abundances"":null,""allard_minimum_effective_temperature"":9000.0,""atmosphere_solver"":""adaptive-newton"",""balmer_self_broadening_prescription"":null,""balmer_self_broadening_truncation_closure"":""stark-core"",""effective_temperature"":20000,""formal_maximum_metal_lines"":null,""formal_minimum_metal_oscillator_strength"":0.0001,""h2_he_cia_path"":null,""include_molecules"":false,""log_hydrogen_to_helium"":-4,""logg"":7,""lyman_profile_source"":""allard"",""maximum_metal_charge"":4,""metal_classical_electron_stark"":false,""metal_line_supplements"":[],""mixing_length_alpha"":1.25,""neutral_broadening"":""unsold"",""photospheric_depth_concentration"":1.0,""quality"":""production"",""structure_opacity_sampling_resolution"":1000.0,""synthesis_transfer_depth_refinement"":4}",models/dab-2f7f889d4ff6984816030a54/spectrum.txt,ff127380326a02fff5499001f65b612ffcd8a41b8e4ba3bd86f46ee6cf4b9529,18901,dab,2530.1962470249273,original-336,
dab-543d1834a2720f1492ab307f,DAB,20000,7,0,production,COMPLETE_NUMERICAL,COMPLETE_NUMERICAL,COMPLETE_NUMERICAL,0a74fdbe06596fc145f5169a3b239ddd67053141,"{""abundances"":null,""allard_minimum_effective_temperature"":9000.0,""atmosphere_solver"":""adaptive-newton"",""balmer_self_broadening_prescription"":null,""balmer_self_broadening_truncation_closure"":""stark-core"",""effective_temperature"":20000,""formal_maximum_metal_lines"":null,""formal_minimum_metal_oscillator_strength"":0.0001,""h2_he_cia_path"":null,""include_molecules"":false,""log_hydrogen_to_helium"":0,""logg"":7,""lyman_profile_source"":""allard"",""maximum_metal_charge"":4,""metal_classical_electron_stark"":false,""metal_line_supplements"":[],""mixing_length_alpha"":1.25,""neutral_broadening"":""unsold"",""photospheric_depth_concentration"":1.0,""quality"":""production"",""structure_opacity_sampling_resolution"":1000.0,""synthesis_transfer_depth_refinement"":4}",models/dab-543d1834a2720f1492ab307f/spectrum.txt,867c3253a36a0da009cff233f46abbf0decc731b73c4c6480c1a6cdcf01d510b,18901,dab,2552.0140722328797,original-336,
dab-db69097f6d8c9c7a42d2ee34,DAB,20000,7,2,production,COMPLETE_NUMERICAL,COMPLETE_NUMERICAL,COMPLETE_NUMERICAL,0a74fdbe06596fc145f5169a3b239ddd67053141,"{""abundances"":null,""allard_minimum_effective_temperature"":9000.0,""atmosphere_solver"":""adaptive-newton"",""balmer_self_broadening_prescription"":null,""balmer_self_broadening_truncation_closure"":""stark-core"",""effective_temperature"":20000,""formal_maximum_metal_lines"":null,""formal_minimum_metal_oscillator_strength"":0.0001,""h2_he_cia_path"":null,""include_molecules"":false,""log_hydrogen_to_helium"":2,""logg"":7,""lyman_profile_source"":""allard"",""maximum_metal_charge"":4,""metal_classical_electron_stark"":false,""metal_line_supplements"":[],""mixing_length_alpha"":1.25,""neutral_broadening"":""unsold"",""photospheric_depth_concentration"":1.0,""quality"":""production"",""structure_opacity_sampling_resolution"":1000.0,""synthesis_transfer_depth_refinement"":4}",models/dab-db69097f6d8c9c7a42d2ee34/spectrum.txt,a831de577012e8221aad476838534d5dcc94104d130eee22d6cafc3c00474b73,18901,dab,1393.6292606289499,original-336,
dab-c4df4dd88cd858e4825c9a3f,DAB,20000,7,4,production,COMPLETE_NUMERICAL,COMPLETE_NUMERICAL,COMPLETE_NUMERICAL,0a74fdbe06596fc145f5169a3b239ddd67053141,"{""abundances"":null,""allard_minimum_effective_temperature"":9000.0,""atmosphere_solver"":""adaptive-newton"",""balmer_self_broadening_prescription"":null,""balmer_self_broadening_truncation_closure"":""stark-core"",""effective_temperature"":20000,""formal_maximum_metal_lines"":null,""formal_minimum_metal_oscillator_strength"":0.0001,""h2_he_cia_path"":null,""include_molecules"":false,""log_hydrogen_to_helium"":4,""logg"":7,""lyman_profile_source"":""allard"",""maximum_metal_charge"":4,""metal_classical_electron_stark"":false,""metal_line_supplements"":[],""mixing_length_alpha"":1.25,""neutral_broadening"":""unsold"",""photospheric_depth_concentration"":1.0,""quality"":""production"",""structure_opacity_sampling_resolution"":1000.0,""synthesis_transfer_depth_refinement"":4}",models/dab-c4df4dd88cd858e4825c9a3f/spectrum.txt,5601387b97df16a69883c44b3bb30866e00e6b102719d6a99c9e5a4ec18d2732,18901,dab,1496.4471274199896,original-336,
dab-6af1fb60295b61f7b328c01e,DAB,20000,7.5,-6,production,COMPLETE_NUMERICAL,COMPLETE_NUMERICAL,COMPLETE_NUMERICAL,0a74fdbe06596fc145f5169a3b239ddd67053141,"{""abundances"":null,""allard_minimum_effective_temperature"":9000.0,""atmosphere_solver"":""adaptive-newton"",""balmer_self_broadening_prescription"":null,""balmer_self_broadening_truncation_closure"":""stark-core"",""effective_temperature"":20000,""formal_maximum_metal_lines"":null,""formal_minimum_metal_oscillator_strength"":0.0001,""h2_he_cia_path"":null,""include_molecules"":false,""log_hydrogen_to_helium"":-6,""logg"":7.5,""lyman_profile_source"":""allard"",""maximum_metal_charge"":4,""metal_classical_electron_stark"":false,""metal_line_supplements"":[],""mixing_length_alpha"":1.25,""neutral_broadening"":""unsold"",""photospheric_depth_concentration"":1.0,""quality"":""production"",""structure_opacity_sampling_resolution"":1000.0,""synthesis_transfer_depth_refinement"":4}",models/dab-6af1fb60295b61f7b328c01e/spectrum.txt,e4d1460e712020beeb562e85edd68c2bf51983f60babf0ddf67e4a28111f1987,18901,dab,2418.9598752760794,original-336,
dab-db1a6bcb37d6e38540c188ec,DAB,20000,7.5,-4,production,COMPLETE_NUMERICAL,COMPLETE_NUMERICAL,COMPLETE_NUMERICAL,0a74fdbe06596fc145f5169a3b239ddd67053141,"{""abundances"":null,""allard_minimum_effective_temperature"":9000.0,""atmosphere_solver"":""adaptive-newton"",""balmer_self_broadening_prescription"":null,""balmer_self_broadening_truncation_closure"":""stark-core"",""effective_temperature"":20000,""formal_maximum_metal_lines"":null,""formal_minimum_metal_oscillator_strength"":0.0001,""h2_he_cia_path"":null,""include_molecules"":false,""log_hydrogen_to_helium"":-4,""logg"":7.5,""lyman_profile_source"":""allard"",""maximum_metal_charge"":4,""metal_classical_electron_stark"":false,""metal_line_supplements"":[],""mixing_length_alpha"":1.25,""neutral_broadening"":""unsold"",""photospheric_depth_concentration"":1.0,""quality"":""production"",""structure_opacity_sampling_resolution"":1000.0,""synthesis_transfer_depth_refinement"":4}",models/dab-db1a6bcb37d6e38540c188ec/spectrum.txt,65b6fcd42e2e2bcf56dcc51d4dda832d6098da365d8cc524184437dd2f00e24f,18901,dab,2292.2358804501127,original-336,
dab-a7dd67a6d841abc5c02ae089,DAB,20000,7.5,-2,production,COMPLETE_NUMERICAL,COMPLETE_NUMERICAL,COMPLETE_NUMERICAL,0a74fdbe06596fc145f5169a3b239ddd67053141,"{""abundances"":null,""allard_minimum_effective_temperature"":9000.0,""atmosphere_solver"":""adaptive-newton"",""balmer_self_broadening_prescription"":null,""balmer_self_broadening_truncation_closure"":""stark-core"",""effective_temperature"":20000,""formal_maximum_metal_lines"":null,""formal_minimum_metal_oscillator_strength"":0.0001,""h2_he_cia_path"":null,""include_molecules"":false,""log_hydrogen_to_helium"":-2,""logg"":7.5,""lyman_profile_source"":""allard"",""maximum_metal_charge"":4,""metal_classical_electron_stark"":false,""metal_line_supplements"":[],""mixing_length_alpha"":1.25,""neutral_broadening"":""unsold"",""photospheric_depth_concentration"":1.0,""quality"":""production"",""structure_opacity_sampling_resolution"":1000.0,""synthesis_transfer_depth_refinement"":4}",models/dab-a7dd67a6d841abc5c02ae089/spectrum.txt,2c4da50e7ac09e8029b3e054a431c39428c2b4282ffcec9cf89339e2bd7706b6,18901,dab,3181.9443472488783,original-336,
dab-1f00f13e7d88c6f538e25965,DAB,20000,7.5,0,production,COMPLETE_NUMERICAL,COMPLETE_NUMERICAL,COMPLETE_NUMERICAL,0a74fdbe06596fc145f5169a3b239ddd67053141,"{""abundances"":null,""allard_minimum_effective_temperature"":9000.0,""atmosphere_solver"":""adaptive-newton"",""balmer_self_broadening_prescription"":null,""balmer_self_broadening_truncation_closure"":""stark-core"",""effective_temperature"":20000,""formal_maximum_metal_lines"":null,""formal_minimum_metal_oscillator_strength"":0.0001,""h2_he_cia_path"":null,""include_molecules"":false,""log_hydrogen_to_helium"":0,""logg"":7.5,""lyman_profile_source"":""allard"",""maximum_metal_charge"":4,""metal_classical_electron_stark"":false,""metal_line_supplements"":[],""mixing_length_alpha"":1.25,""neutral_broadening"":""unsold"",""photospheric_depth_concentration"":1.0,""quality"":""production"",""structure_opacity_sampling_resolution"":1000.0,""synthesis_transfer_depth_refinement"":4}",models/dab-1f00f13e7d88c6f538e25965/spectrum.txt,5b664cddf4a07e7dc148fa66aa580075e1a140776c519a78d1ecaa04b6dce710,18901,dab,2491.2966600209475,original-336,
dab-05bfb3320ca8f3db5ddc7b0e,DAB,20000,7.5,2,production,COMPLETE_NUMERICAL,COMPLETE_NUMERICAL,COMPLETE_NUMERICAL,0a74fdbe06596fc145f5169a3b239ddd67053141,"{""abundances"":null,""allard_minimum_effective_temperature"":9000.0,""atmosphere_solver"":""adaptive-newton"",""balmer_self_broadening_prescription"":null,""balmer_self_broadening_truncation_closure"":""stark-core"",""effective_temperature"":20000,""formal_maximum_metal_lines"":null,""formal_minimum_metal_oscillator_strength"":0.0001,""h2_he_cia_path"":null,""include_molecules"":false,""log_hydrogen_to_helium"":2,""logg"":7.5,""lyman_profile_source"":""allard"",""maximum_metal_charge"":4,""metal_classical_electron_stark"":false,""metal_line_supplements"":[],""mixing_length_alpha"":1.25,""neutral_broadening"":""unsold"",""photospheric_depth_concentration"":1.0,""quality"":""production"",""structure_opacity_sampling_resolution"":1000.0,""synthesis_transfer_depth_refinement"":4}",models/dab-05bfb3320ca8f3db5ddc7b0e/spectrum.txt,56c9b38526172689a6b2eacf94aea738ebc5451d20609d98a23343ff5cc83ca0,18901,dab,1819.2783587069716,original-336,
dab-385cfd32f4d7a9d71ed474a2,DAB,20000,7.5,4,production,COMPLETE_NUMERICAL,COMPLETE_NUMERICAL,COMPLETE_NUMERICAL,0a74fdbe06596fc145f5169a3b239ddd67053141,"{""abundances"":null,""allard_minimum_effective_temperature"":9000.0,""atmosphere_solver"":""adaptive-newton"",""balmer_self_broadening_prescription"":null,""balmer_self_broadening_truncation_closure"":""stark-core"",""effective_temperature"":20000,""formal_maximum_metal_lines"":null,""formal_minimum_metal_oscillator_strength"":0.0001,""h2_he_cia_path"":null,""include_molecules"":false,""log_hydrogen_to_helium"":4,""logg"":7.5,""lyman_profile_source"":""allard"",""maximum_metal_charge"":4,""metal_classical_electron_stark"":false,""metal_line_supplements"":[],""mixing_length_alpha"":1.25,""neutral_broadening"":""unsold"",""photospheric_depth_concentration"":1.0,""quality"":""production"",""structure_opacity_sampling_resolution"":1000.0,""synthesis_transfer_depth_refinement"":4}",models/dab-385cfd32f4d7a9d71ed474a2/spectrum.txt,9b5d9a9712f591baf9029467a50936d1e901ac8164ba6d9b2aab6d885075f2ef,18901,dab,1701.585221084999,original-336,
dab-c218c7629dff97566f4b3958,DAB,20000,8,-4,production,COMPLETE_NUMERICAL,COMPLETE_NUMERICAL,COMPLETE_NUMERICAL,0a74fdbe06596fc145f5169a3b239ddd67053141,"{""abundances"":null,""allard_minimum_effective_temperature"":9000.0,""atmosphere_solver"":""adaptive-newton"",""balmer_self_broadening_prescription"":null,""balmer_self_broadening_truncation_closure"":""stark-core"",""effective_temperature"":20000,""formal_maximum_metal_lines"":null,""formal_minimum_metal_oscillator_strength"":0.0001,""h2_he_cia_path"":null,""include_molecules"":false,""log_hydrogen_to_helium"":-4,""logg"":8,""lyman_profile_source"":""allard"",""maximum_metal_charge"":4,""metal_classical_electron_stark"":false,""metal_line_supplements"":[],""mixing_length_alpha"":1.25,""neutral_broadening"":""unsold"",""photospheric_depth_concentration"":1.0,""quality"":""production"",""structure_opacity_sampling_resolution"":1000.0,""synthesis_transfer_depth_refinement"":4}",models/dab-c218c7629dff97566f4b3958/spectrum.txt,dcaeb65f5b55e82e96d8dc1c4293ddf83d844ce2939f8586cbb7b048eaf1da29,18901,dab,2123.317830082029,original-336,
dab-384c120fb1e0e6bee1c6d63b,DAB,20000,8,0,production,COMPLETE_NUMERICAL,COMPLETE_NUMERICAL,COMPLETE_NUMERICAL,0a74fdbe06596fc145f5169a3b239ddd67053141,"{""abundances"":null,""allard_minimum_effective_temperature"":9000.0,""atmosphere_solver"":""adaptive-newton"",""balmer_self_broadening_prescription"":null,""balmer_self_broadening_truncation_closure"":""stark-core"",""effective_temperature"":20000,""formal_maximum_metal_lines"":null,""formal_minimum_metal_oscillator_strength"":0.0001,""h2_he_cia_path"":null,""include_molecules"":false,""log_hydrogen_to_helium"":0,""logg"":8,""lyman_profile_source"":""allard"",""maximum_metal_charge"":4,""metal_classical_electron_stark"":false,""metal_line_supplements"":[],""mixing_length_alpha"":1.25,""neutral_broadening"":""unsold"",""photospheric_depth_concentration"":1.0,""quality"":""production"",""structure_opacity_sampling_resolution"":1000.0,""synthesis_transfer_depth_refinement"":4}",models/dab-384c120fb1e0e6bee1c6d63b/spectrum.txt,b42bdb306d56511aa3f15694f3adc3dbee16d9e1cf58b7f91b403e948b35a773,18901,dab,2368.304497116944,original-336,
dab-1976f2705c57ff1a061670c8,DAB,20000,8,4,production,COMPLETE_NUMERICAL,COMPLETE_NUMERICAL,COMPLETE_NUMERICAL,0a74fdbe06596fc145f5169a3b239ddd67053141,"{""abundances"":null,""allard_minimum_effective_temperature"":9000.0,""atmosphere_solver"":""adaptive-newton"",""balmer_self_broadening_prescription"":null,""balmer_self_broadening_truncation_closure"":""stark-core"",""effective_temperature"":20000,""formal_maximum_metal_lines"":null,""formal_minimum_metal_oscillator_strength"":0.0001,""h2_he_cia_path"":null,""include_molecules"":false,""log_hydrogen_to_helium"":4,""logg"":8,""lyman_profile_source"":""allard"",""maximum_metal_charge"":4,""metal_classical_electron_stark"":false,""metal_line_supplements"":[],""mixing_length_alpha"":1.25,""neutral_broadening"":""unsold"",""photospheric_depth_concentration"":1.0,""quality"":""production"",""structure_opacity_sampling_resolution"":1000.0,""synthesis_transfer_depth_refinement"":4}",models/dab-1976f2705c57ff1a061670c8/spectrum.txt,a09afc28d9f5d1b5ecf9ee691533d265bab05db80fef692e330478faeba953bb,18901,dab,2091.481609101873,original-336,
dab-fed17b86c8fc791733aebb90,DAB,20000,8.5,-6,production,COMPLETE_NUMERICAL,COMPLETE_NUMERICAL,COMPLETE_NUMERICAL,0a74fdbe06596fc145f5169a3b239ddd67053141,"{""abundances"":null,""allard_minimum_effective_temperature"":9000.0,""atmosphere_solver"":""adaptive-newton"",""balmer_self_broadening_prescription"":null,""balmer_self_broadening_truncation_closure"":""stark-core"",""effective_temperature"":20000,""formal_maximum_metal_lines"":null,""formal_minimum_metal_oscillator_strength"":0.0001,""h2_he_cia_path"":null,""include_molecules"":false,""log_hydrogen_to_helium"":-6,""logg"":8.5,""lyman_profile_source"":""allard"",""maximum_metal_charge"":4,""metal_classical_electron_stark"":false,""metal_line_supplements"":[],""mixing_length_alpha"":1.25,""neutral_broadening"":""unsold"",""photospheric_depth_concentration"":1.0,""quality"":""production"",""structure_opacity_sampling_resolution"":1000.0,""synthesis_transfer_depth_refinement"":4}",models/dab-fed17b86c8fc791733aebb90/spectrum.txt,597710d2f38236c522d77c8cdd8965f4a57dc43c83735dbfa9cffc69d209c485,18901,dab,3000.6176074158866,original-336,
dab-19773049b8d43c6509b38601,DAB,20000,8.5,-4,production,COMPLETE_NUMERICAL,COMPLETE_NUMERICAL,COMPLETE_NUMERICAL,0a74fdbe06596fc145f5169a3b239ddd67053141,"{""abundances"":null,""allard_minimum_effective_temperature"":9000.0,""atmosphere_solver"":""adaptive-newton"",""balmer_self_broadening_prescription"":null,""balmer_self_broadening_truncation_closure"":""stark-core"",""effective_temperature"":20000,""formal_maximum_metal_lines"":null,""formal_minimum_metal_oscillator_strength"":0.0001,""h2_he_cia_path"":null,""include_molecules"":false,""log_hydrogen_to_helium"":-4,""logg"":8.5,""lyman_profile_source"":""allard"",""maximum_metal_charge"":4,""metal_classical_electron_stark"":false,""metal_line_supplements"":[],""mixing_length_alpha"":1.25,""neutral_broadening"":""unsold"",""photospheric_depth_concentration"":1.0,""quality"":""production"",""structure_opacity_sampling_resolution"":1000.0,""synthesis_transfer_depth_refinement"":4}",models/dab-19773049b8d43c6509b38601/spectrum.txt,ed01788c8599d7caee990f87bba819565bd29a30d5f0f98924364d73c6d80455,18901,dab,2051.585296757985,original-336,
dab-c8c3dfc07b6f872f9ceccb54,DAB,20000,8.5,-2,production,COMPLETE_NUMERICAL,COMPLETE_NUMERICAL,COMPLETE_NUMERICAL,0a74fdbe06596fc145f5169a3b239ddd67053141,"{""abundances"":null,""allard_minimum_effective_temperature"":9000.0,""atmosphere_solver"":""adaptive-newton"",""balmer_self_broadening_prescription"":null,""balmer_self_broadening_truncation_closure"":""stark-core"",""effective_temperature"":20000,""formal_maximum_metal_lines"":null,""formal_minimum_metal_oscillator_strength"":0.0001,""h2_he_cia_path"":null,""include_molecules"":false,""log_hydrogen_to_helium"":-2,""logg"":8.5,""lyman_profile_source"":""allard"",""maximum_metal_charge"":4,""metal_classical_electron_stark"":false,""metal_line_supplements"":[],""mixing_length_alpha"":1.25,""neutral_broadening"":""unsold"",""photospheric_depth_concentration"":1.0,""quality"":""production"",""structure_opacity_sampling_resolution"":1000.0,""synthesis_transfer_depth_refinement"":4}",models/dab-c8c3dfc07b6f872f9ceccb54/spectrum.txt,086965192d07319bac270e333a02b141cbe746904404ef9a78b09d671784b9c9,18901,dab,3690.7892884139437,original-336,
dab-dd2ef54857496acbe233466d,DAB,20000,8.5,0,production,COMPLETE_NUMERICAL,COMPLETE_NUMERICAL,COMPLETE_NUMERICAL,0a74fdbe06596fc145f5169a3b239ddd67053141,"{""abundances"":null,""allard_minimum_effective_temperature"":9000.0,""atmosphere_solver"":""adaptive-newton"",""balmer_self_broadening_prescription"":null,""balmer_self_broadening_truncation_closure"":""stark-core"",""effective_temperature"":20000,""formal_maximum_metal_lines"":null,""formal_minimum_metal_oscillator_strength"":0.0001,""h2_he_cia_path"":null,""include_molecules"":false,""log_hydrogen_to_helium"":0,""logg"":8.5,""lyman_profile_source"":""allard"",""maximum_metal_charge"":4,""metal_classical_electron_stark"":false,""metal_line_supplements"":[],""mixing_length_alpha"":1.25,""neutral_broadening"":""unsold"",""photospheric_depth_concentration"":1.0,""quality"":""production"",""structure_opacity_sampling_resolution"":1000.0,""synthesis_transfer_depth_refinement"":4}",models/dab-dd2ef54857496acbe233466d/spectrum.txt,5d370f44374c764b33ec51eff66b9c99de5a227cd0681709b144d30c7a046060,18901,dab,2435.220045414986,original-336,
dab-1bdf1bd861421a7d04c4f7f2,DAB,20000,8.5,2,production,COMPLETE_NUMERICAL,COMPLETE_NUMERICAL,COMPLETE_NUMERICAL,0a74fdbe06596fc145f5169a3b239ddd67053141,"{""abundances"":null,""allard_minimum_effective_temperature"":9000.0,""atmosphere_solver"":""adaptive-newton"",""balmer_self_broadening_prescription"":null,""balmer_self_broadening_truncation_closure"":""stark-core"",""effective_temperature"":20000,""formal_maximum_metal_lines"":null,""formal_minimum_metal_oscillator_strength"":0.0001,""h2_he_cia_path"":null,""include_molecules"":false,""log_hydrogen_to_helium"":2,""logg"":8.5,""lyman_profile_source"":""allard"",""maximum_metal_charge"":4,""metal_classical_electron_stark"":false,""metal_line_supplements"":[],""mixing_length_alpha"":1.25,""neutral_broadening"":""unsold"",""photospheric_depth_concentration"":1.0,""quality"":""production"",""structure_opacity_sampling_resolution"":1000.0,""synthesis_transfer_depth_refinement"":4}",models/dab-1bdf1bd861421a7d04c4f7f2/spectrum.txt,2a0933400a93024da77bf06a20cc8768f2b3149cd51f864c1996afb1101d358f,18901,dab,2188.9310895351227,original-336,
dab-a8bb4972edad2008959c23f4,DAB,20000,8.5,4,production,COMPLETE_NUMERICAL,COMPLETE_NUMERICAL,COMPLETE_NUMERICAL,0a74fdbe06596fc145f5169a3b239ddd67053141,"{""abundances"":null,""allard_minimum_effective_temperature"":9000.0,""atmosphere_solver"":""adaptive-newton"",""balmer_self_broadening_prescription"":null,""balmer_self_broadening_truncation_closure"":""stark-core"",""effective_temperature"":20000,""formal_maximum_metal_lines"":null,""formal_minimum_metal_oscillator_strength"":0.0001,""h2_he_cia_path"":null,""include_molecules"":false,""log_hydrogen_to_helium"":4,""logg"":8.5,""lyman_profile_source"":""allard"",""maximum_metal_charge"":4,""metal_classical_electron_stark"":false,""metal_line_supplements"":[],""mixing_length_alpha"":1.25,""neutral_broadening"":""unsold"",""photospheric_depth_concentration"":1.0,""quality"":""production"",""structure_opacity_sampling_resolution"":1000.0,""synthesis_transfer_depth_refinement"":4}",models/dab-a8bb4972edad2008959c23f4/spectrum.txt,24846c4d8bfe00d14f9eae78f618f29385634d13ca74cf5ddb490e996a40e875,18901,dab,2164.342591353925,original-336,
dab-5a4ce00df90cb0a24cf42f09,DAB,20000,9,-6,production,COMPLETE_NUMERICAL,COMPLETE_NUMERICAL,COMPLETE_NUMERICAL,0a74fdbe06596fc145f5169a3b239ddd67053141,"{""abundances"":null,""allard_minimum_effective_temperature"":9000.0,""atmosphere_solver"":""adaptive-newton"",""balmer_self_broadening_prescription"":null,""balmer_self_broadening_truncation_closure"":""stark-core"",""effective_temperature"":20000,""formal_maximum_metal_lines"":null,""formal_minimum_metal_oscillator_strength"":0.0001,""h2_he_cia_path"":null,""include_molecules"":false,""log_hydrogen_to_helium"":-6,""logg"":9,""lyman_profile_source"":""allard"",""maximum_metal_charge"":4,""metal_classical_electron_stark"":false,""metal_line_supplements"":[],""mixing_length_alpha"":1.25,""neutral_broadening"":""unsold"",""photospheric_depth_concentration"":1.0,""quality"":""production"",""structure_opacity_sampling_resolution"":1000.0,""synthesis_transfer_depth_refinement"":4}",models/dab-5a4ce00df90cb0a24cf42f09/spectrum.txt,7a5416bb2b02f619ab3a423cd40a158d953c9e775642987bca538fbee1fdcce9,18901,dab,2348.796389005147,original-336,
dab-f9273c9b59ce7f337403f70a,DAB,20000,9,-4,production,COMPLETE_NUMERICAL,COMPLETE_NUMERICAL,COMPLETE_NUMERICAL,0a74fdbe06596fc145f5169a3b239ddd67053141,"{""abundances"":null,""allard_minimum_effective_temperature"":9000.0,""atmosphere_solver"":""adaptive-newton"",""balmer_self_broadening_prescription"":null,""balmer_self_broadening_truncation_closure"":""stark-core"",""effective_temperature"":20000,""formal_maximum_metal_lines"":null,""formal_minimum_metal_oscillator_strength"":0.0001,""h2_he_cia_path"":null,""include_molecules"":false,""log_hydrogen_to_helium"":-4,""logg"":9,""lyman_profile_source"":""allard"",""maximum_metal_charge"":4,""metal_classical_electron_stark"":false,""metal_line_supplements"":[],""mixing_length_alpha"":1.25,""neutral_broadening"":""unsold"",""photospheric_depth_concentration"":1.0,""quality"":""production"",""structure_opacity_sampling_resolution"":1000.0,""synthesis_transfer_depth_refinement"":4}",models/dab-f9273c9b59ce7f337403f70a/spectrum.txt,1d12cac19de106721467baced0fe5e5dee127688d95662ac049776338aa6ddeb,18901,dab,2816.776428949088,original-336,
dab-bd4978ffe3d44c0a1e996ff1,DAB,20000,9,0,production,COMPLETE_NUMERICAL,COMPLETE_NUMERICAL,COMPLETE_NUMERICAL,0a74fdbe06596fc145f5169a3b239ddd67053141,"{""abundances"":null,""allard_minimum_effective_temperature"":9000.0,""atmosphere_solver"":""adaptive-newton"",""balmer_self_broadening_prescription"":null,""balmer_self_broadening_truncation_closure"":""stark-core"",""effective_temperature"":20000,""formal_maximum_metal_lines"":null,""formal_minimum_metal_oscillator_strength"":0.0001,""h2_he_cia_path"":null,""include_molecules"":false,""log_hydrogen_to_helium"":0,""logg"":9,""lyman_profile_source"":""allard"",""maximum_metal_charge"":4,""metal_classical_electron_stark"":false,""metal_line_supplements"":[],""mixing_length_alpha"":1.25,""neutral_broadening"":""unsold"",""photospheric_depth_concentration"":1.0,""quality"":""production"",""structure_opacity_sampling_resolution"":1000.0,""synthesis_transfer_depth_refinement"":4}",models/dab-bd4978ffe3d44c0a1e996ff1/spectrum.txt,849cce5ae8f7b84dbe0ee0f9be4be8cd6bdb7d82031715914978abca4ec7b461,18901,dab,5177.114046055125,original-336,
dab-335d5c0f276b60166449a9e4,DAB,20000,9,2,production,COMPLETE_NUMERICAL,COMPLETE_NUMERICAL,COMPLETE_NUMERICAL,0a74fdbe06596fc145f5169a3b239ddd67053141,"{""abundances"":null,""allard_minimum_effective_temperature"":9000.0,""atmosphere_solver"":""adaptive-newton"",""balmer_self_broadening_prescription"":null,""balmer_self_broadening_truncation_closure"":""stark-core"",""effective_temperature"":20000,""formal_maximum_metal_lines"":null,""formal_minimum_metal_oscillator_strength"":0.0001,""h2_he_cia_path"":null,""include_molecules"":false,""log_hydrogen_to_helium"":2,""logg"":9,""lyman_profile_source"":""allard"",""maximum_metal_charge"":4,""metal_classical_electron_stark"":false,""metal_line_supplements"":[],""mixing_length_alpha"":1.25,""neutral_broadening"":""unsold"",""photospheric_depth_concentration"":1.0,""quality"":""production"",""structure_opacity_sampling_resolution"":1000.0,""synthesis_transfer_depth_refinement"":4}",models/dab-335d5c0f276b60166449a9e4/spectrum.txt,6b3fe5788885325660a6bbb3038d10dc9b1ac990208accd5d249c27752fb8dd9,18901,dab,2545.4354181080125,original-336,
dab-ec24ba39dc3bef1f359445b2,DAB,20000,9,4,production,COMPLETE_NUMERICAL,COMPLETE_NUMERICAL,COMPLETE_NUMERICAL,0a74fdbe06596fc145f5169a3b239ddd67053141,"{""abundances"":null,""allard_minimum_effective_temperature"":9000.0,""atmosphere_solver"":""adaptive-newton"",""balmer_self_broadening_prescription"":null,""balmer_self_broadening_truncation_closure"":""stark-core"",""effective_temperature"":20000,""formal_maximum_metal_lines"":null,""formal_minimum_metal_oscillator_strength"":0.0001,""h2_he_cia_path"":null,""include_molecules"":false,""log_hydrogen_to_helium"":4,""logg"":9,""lyman_profile_source"":""allard"",""maximum_metal_charge"":4,""metal_classical_electron_stark"":false,""metal_line_supplements"":[],""mixing_length_alpha"":1.25,""neutral_broadening"":""unsold"",""photospheric_depth_concentration"":1.0,""quality"":""production"",""structure_opacity_sampling_resolution"":1000.0,""synthesis_transfer_depth_refinement"":4}",models/dab-ec24ba39dc3bef1f359445b2/spectrum.txt,0560332d76ac77e77d63c890f411811bb4e4868650e0bc0d31aa31d771dcc866,18901,dab,5067.706160705071,original-336,
dab-8809c9bf7b4f85aff0c5c2ef,DAB,20000,9.5,-6,production,COMPLETE_NUMERICAL,COMPLETE_NUMERICAL,COMPLETE_NUMERICAL,0a74fdbe06596fc145f5169a3b239ddd67053141,"{""abundances"":null,""allard_minimum_effective_temperature"":9000.0,""atmosphere_solver"":""adaptive-newton"",""balmer_self_broadening_prescription"":null,""balmer_self_broadening_truncation_closure"":""stark-core"",""effective_temperature"":20000,""formal_maximum_metal_lines"":null,""formal_minimum_metal_oscillator_strength"":0.0001,""h2_he_cia_path"":null,""include_molecules"":false,""log_hydrogen_to_helium"":-6,""logg"":9.5,""lyman_profile_source"":""allard"",""maximum_metal_charge"":4,""metal_classical_electron_stark"":false,""metal_line_supplements"":[],""mixing_length_alpha"":1.25,""neutral_broadening"":""unsold"",""photospheric_depth_concentration"":1.0,""quality"":""production"",""structure_opacity_sampling_resolution"":1000.0,""synthesis_transfer_depth_refinement"":4}",models/dab-8809c9bf7b4f85aff0c5c2ef/spectrum.txt,290debfbf12e36bc16a5ac990672be630bd06a7aedd2ebca28fb5007fdc1e389,18901,dab,3026.3878149411175,original-336,
dab-3c4dc2146039b35db0c4b26e,DAB,20000,9.5,-4,production,COMPLETE_NUMERICAL,COMPLETE_NUMERICAL,COMPLETE_NUMERICAL,0a74fdbe06596fc145f5169a3b239ddd67053141,"{""abundances"":null,""allard_minimum_effective_temperature"":9000.0,""atmosphere_solver"":""adaptive-newton"",""balmer_self_broadening_prescription"":null,""balmer_self_broadening_truncation_closure"":""stark-core"",""effective_temperature"":20000,""formal_maximum_metal_lines"":null,""formal_minimum_metal_oscillator_strength"":0.0001,""h2_he_cia_path"":null,""include_molecules"":false,""log_hydrogen_to_helium"":-4,""logg"":9.5,""lyman_profile_source"":""allard"",""maximum_metal_charge"":4,""metal_classical_electron_stark"":false,""metal_line_supplements"":[],""mixing_length_alpha"":1.25,""neutral_broadening"":""unsold"",""photospheric_depth_concentration"":1.0,""quality"":""production"",""structure_opacity_sampling_resolution"":1000.0,""synthesis_transfer_depth_refinement"":4}",models/dab-3c4dc2146039b35db0c4b26e/spectrum.txt,74756cb2c5b5f2d862e3ad2d2b37daba2bb10351dd120ac86c5fb918a6cadb0f,18901,dab,2784.2853568529245,original-336,
dab-dd71d809518bb56682021590,DAB,20000,9.5,-2,production,COMPLETE_NUMERICAL,COMPLETE_NUMERICAL,COMPLETE_NUMERICAL,0a74fdbe06596fc145f5169a3b239ddd67053141,"{""abundances"":null,""allard_minimum_effective_temperature"":9000.0,""atmosphere_solver"":""adaptive-newton"",""balmer_self_broadening_prescription"":null,""balmer_self_broadening_truncation_closure"":""stark-core"",""effective_temperature"":20000,""formal_maximum_metal_lines"":null,""formal_minimum_metal_oscillator_strength"":0.0001,""h2_he_cia_path"":null,""include_molecules"":false,""log_hydrogen_to_helium"":-2,""logg"":9.5,""lyman_profile_source"":""allard"",""maximum_metal_charge"":4,""metal_classical_electron_stark"":false,""metal_line_supplements"":[],""mixing_length_alpha"":1.25,""neutral_broadening"":""unsold"",""photospheric_depth_concentration"":1.0,""quality"":""production"",""structure_opacity_sampling_resolution"":1000.0,""synthesis_transfer_depth_refinement"":4}",models/dab-dd71d809518bb56682021590/spectrum.txt,5f44083d7437c799816fa3f83419bebd59b2160a2820d297f89ac3ef467f15b5,18901,dab,3960.2773033450358,original-336,
dab-12b3bddc1da563ea3083657a,DAB,20000,9.5,0,production,COMPLETE_NUMERICAL,COMPLETE_NUMERICAL,COMPLETE_NUMERICAL,0a74fdbe06596fc145f5169a3b239ddd67053141,"{""abundances"":null,""allard_minimum_effective_temperature"":9000.0,""atmosphere_solver"":""adaptive-newton"",""balmer_self_broadening_prescription"":null,""balmer_self_broadening_truncation_closure"":""stark-core"",""effective_temperature"":20000,""formal_maximum_metal_lines"":null,""formal_minimum_metal_oscillator_strength"":0.0001,""h2_he_cia_path"":null,""include_molecules"":false,""log_hydrogen_to_helium"":0,""logg"":9.5,""lyman_profile_source"":""allard"",""maximum_metal_charge"":4,""metal_classical_electron_stark"":false,""metal_line_supplements"":[],""mixing_length_alpha"":1.25,""neutral_broadening"":""unsold"",""photospheric_depth_concentration"":1.0,""quality"":""production"",""structure_opacity_sampling_resolution"":1000.0,""synthesis_transfer_depth_refinement"":4}",models/dab-12b3bddc1da563ea3083657a/spectrum.txt,e6dd46af725da519cfed1c360d24edf88f814b1b90b39deb10c13969624d699b,18901,dab,2338.0229365441483,original-336,
dab-907d9f5fc185d72b2b5f1ded,DAB,20000,9.5,2,production,COMPLETE_NUMERICAL,COMPLETE_NUMERICAL,COMPLETE_NUMERICAL,0a74fdbe06596fc145f5169a3b239ddd67053141,"{""abundances"":null,""allard_minimum_effective_temperature"":9000.0,""atmosphere_solver"":""adaptive-newton"",""balmer_self_broadening_prescription"":null,""balmer_self_broadening_truncation_closure"":""stark-core"",""effective_temperature"":20000,""formal_maximum_metal_lines"":null,""formal_minimum_metal_oscillator_strength"":0.0001,""h2_he_cia_path"":null,""include_molecules"":false,""log_hydrogen_to_helium"":2,""logg"":9.5,""lyman_profile_source"":""allard"",""maximum_metal_charge"":4,""metal_classical_electron_stark"":false,""metal_line_supplements"":[],""mixing_length_alpha"":1.25,""neutral_broadening"":""unsold"",""photospheric_depth_concentration"":1.0,""quality"":""production"",""structure_opacity_sampling_resolution"":1000.0,""synthesis_transfer_depth_refinement"":4}",models/dab-907d9f5fc185d72b2b5f1ded/spectrum.txt,398db06e423bd48faf1e5fc333b61283c7ea50ffdbae699c9f131c2033b37885,18901,dab,2297.5024459341075,original-336,
dab-4cea6f3b19109f78d72f7d17,DAB,20000,9.5,4,production,COMPLETE_NUMERICAL,COMPLETE_NUMERICAL,COMPLETE_NUMERICAL,0a74fdbe06596fc145f5169a3b239ddd67053141,"{""abundances"":null,""allard_minimum_effective_temperature"":9000.0,""atmosphere_solver"":""adaptive-newton"",""balmer_self_broadening_prescription"":null,""balmer_self_broadening_truncation_closure"":""stark-core"",""effective_temperature"":20000,""formal_maximum_metal_lines"":null,""formal_minimum_metal_oscillator_strength"":0.0001,""h2_he_cia_path"":null,""include_molecules"":false,""log_hydrogen_to_helium"":4,""logg"":9.5,""lyman_profile_source"":""allard"",""maximum_metal_charge"":4,""metal_classical_electron_stark"":false,""metal_line_supplements"":[],""mixing_length_alpha"":1.25,""neutral_broadening"":""unsold"",""photospheric_depth_concentration"":1.0,""quality"":""production"",""structure_opacity_sampling_resolution"":1000.0,""synthesis_transfer_depth_refinement"":4}",models/dab-4cea6f3b19109f78d72f7d17/spectrum.txt,0c076f6157e5dfe8094f1954c5d7797f030da4d49dca1bf77c717af96847d022,18901,dab,2169.2649313099682,original-336,
dab-603ecaae28c8d88c642e1a5e,DAB,25000,6,-6,production,COMPLETE_NUMERICAL,COMPLETE_NUMERICAL,COMPLETE_NUMERICAL,0a74fdbe06596fc145f5169a3b239ddd67053141,"{""abundances"":null,""allard_minimum_effective_temperature"":9000.0,""atmosphere_solver"":""adaptive-newton"",""balmer_self_broadening_prescription"":null,""balmer_self_broadening_truncation_closure"":""stark-core"",""effective_temperature"":25000,""formal_maximum_metal_lines"":null,""formal_minimum_metal_oscillator_strength"":0.0001,""h2_he_cia_path"":null,""include_molecules"":false,""log_hydrogen_to_helium"":-6,""logg"":6,""lyman_profile_source"":""allard"",""maximum_metal_charge"":4,""metal_classical_electron_stark"":false,""metal_line_supplements"":[],""mixing_length_alpha"":1.25,""neutral_broadening"":""unsold"",""photospheric_depth_concentration"":1.0,""quality"":""production"",""structure_opacity_sampling_resolution"":1000.0,""synthesis_transfer_depth_refinement"":4}",models/dab-603ecaae28c8d88c642e1a5e/spectrum.txt,960f14053e050d24136b4f7a52e5a35d11cd841648470cd976cf8284e121725b,18901,dab,2241.250025041867,original-336,
dab-e8c94e004a448154caf41810,DAB,25000,6,-4,production,COMPLETE_NUMERICAL,COMPLETE_NUMERICAL,COMPLETE_NUMERICAL,0a74fdbe06596fc145f5169a3b239ddd67053141,"{""abundances"":null,""allard_minimum_effective_temperature"":9000.0,""atmosphere_solver"":""adaptive-newton"",""balmer_self_broadening_prescription"":null,""balmer_self_broadening_truncation_closure"":""stark-core"",""effective_temperature"":25000,""formal_maximum_metal_lines"":null,""formal_minimum_metal_oscillator_strength"":0.0001,""h2_he_cia_path"":null,""include_molecules"":false,""log_hydrogen_to_helium"":-4,""logg"":6,""lyman_profile_source"":""allard"",""maximum_metal_charge"":4,""metal_classical_electron_stark"":false,""metal_line_supplements"":[],""mixing_length_alpha"":1.25,""neutral_broadening"":""unsold"",""photospheric_depth_concentration"":1.0,""quality"":""production"",""structure_opacity_sampling_resolution"":1000.0,""synthesis_transfer_depth_refinement"":4}",models/dab-e8c94e004a448154caf41810/spectrum.txt,dca1be4c2cc9a5d28ea601f0521248bacf60d018c287163e0122a13a3e11c875,18901,dab,2490.7513320129365,original-336,
dab-0a09959661e6bda7c82626d7,DAB,25000,6,-2,production,COMPLETE_NUMERICAL,COMPLETE_NUMERICAL,COMPLETE_NUMERICAL,0a74fdbe06596fc145f5169a3b239ddd67053141,"{""abundances"":null,""allard_minimum_effective_temperature"":9000.0,""atmosphere_solver"":""adaptive-newton"",""balmer_self_broadening_prescription"":null,""balmer_self_broadening_truncation_closure"":""stark-core"",""effective_temperature"":25000,""formal_maximum_metal_lines"":null,""formal_minimum_metal_oscillator_strength"":0.0001,""h2_he_cia_path"":null,""include_molecules"":false,""log_hydrogen_to_helium"":-2,""logg"":6,""lyman_profile_source"":""allard"",""maximum_metal_charge"":4,""metal_classical_electron_stark"":false,""metal_line_supplements"":[],""mixing_length_alpha"":1.25,""neutral_broadening"":""unsold"",""photospheric_depth_concentration"":1.0,""quality"":""production"",""structure_opacity_sampling_resolution"":1000.0,""synthesis_transfer_depth_refinement"":4}",models/dab-0a09959661e6bda7c82626d7/spectrum.txt,bfb561bfd0f95e13602479221b7adc80c1adacedb6a3f540e74ed557f49a5f29,18901,dab,2425.095648339018,original-336,
dab-95a14de794a84d66a3a06605,DAB,25000,6,0,production,COMPLETE_NUMERICAL,COMPLETE_NUMERICAL,COMPLETE_NUMERICAL,0a74fdbe06596fc145f5169a3b239ddd67053141,"{""abundances"":null,""allard_minimum_effective_temperature"":9000.0,""atmosphere_solver"":""adaptive-newton"",""balmer_self_broadening_prescription"":null,""balmer_self_broadening_truncation_closure"":""stark-core"",""effective_temperature"":25000,""formal_maximum_metal_lines"":null,""formal_minimum_metal_oscillator_strength"":0.0001,""h2_he_cia_path"":null,""include_molecules"":false,""log_hydrogen_to_helium"":0,""logg"":6,""lyman_profile_source"":""allard"",""maximum_metal_charge"":4,""metal_classical_electron_stark"":false,""metal_line_supplements"":[],""mixing_length_alpha"":1.25,""neutral_broadening"":""unsold"",""photospheric_depth_concentration"":1.0,""quality"":""production"",""structure_opacity_sampling_resolution"":1000.0,""synthesis_transfer_depth_refinement"":4}",models/dab-95a14de794a84d66a3a06605/spectrum.txt,c8bbe78c3224e52edf72942f5d061e653d9cda9c3fadc87ba624632609942d29,18901,dab,2352.911362918094,original-336,
dab-13ebb047c011584af83d73b0,DAB,25000,6,2,production,COMPLETE_NUMERICAL,COMPLETE_NUMERICAL,COMPLETE_NUMERICAL,0a74fdbe06596fc145f5169a3b239ddd67053141,"{""abundances"":null,""allard_minimum_effective_temperature"":9000.0,""atmosphere_solver"":""adaptive-newton"",""balmer_self_broadening_prescription"":null,""balmer_self_broadening_truncation_closure"":""stark-core"",""effective_temperature"":25000,""formal_maximum_metal_lines"":null,""formal_minimum_metal_oscillator_strength"":0.0001,""h2_he_cia_path"":null,""include_molecules"":false,""log_hydrogen_to_helium"":2,""logg"":6,""lyman_profile_source"":""allard"",""maximum_metal_charge"":4,""metal_classical_electron_stark"":false,""metal_line_supplements"":[],""mixing_length_alpha"":1.25,""neutral_broadening"":""unsold"",""photospheric_depth_concentration"":1.0,""quality"":""production"",""structure_opacity_sampling_resolution"":1000.0,""synthesis_transfer_depth_refinement"":4}",models/dab-13ebb047c011584af83d73b0/spectrum.txt,3a67926b7ebe1d90e49bedbd62c9b4101867675f11931514d03296c5a893940d,18901,dab,2307.0980693178717,original-336,
dab-3c5962f723ae5bfe20d8f7f6,DAB,25000,6,4,production,COMPLETE_NUMERICAL,COMPLETE_NUMERICAL,COMPLETE_NUMERICAL,0a74fdbe06596fc145f5169a3b239ddd67053141,"{""abundances"":null,""allard_minimum_effective_temperature"":9000.0,""atmosphere_solver"":""adaptive-newton"",""balmer_self_broadening_prescription"":null,""balmer_self_broadening_truncation_closure"":""stark-core"",""effective_temperature"":25000,""formal_maximum_metal_lines"":null,""formal_minimum_metal_oscillator_strength"":0.0001,""h2_he_cia_path"":null,""include_molecules"":false,""log_hydrogen_to_helium"":4,""logg"":6,""lyman_profile_source"":""allard"",""maximum_metal_charge"":4,""metal_classical_electron_stark"":false,""metal_line_supplements"":[],""mixing_length_alpha"":1.25,""neutral_broadening"":""unsold"",""photospheric_depth_concentration"":1.0,""quality"":""production"",""structure_opacity_sampling_resolution"":1000.0,""synthesis_transfer_depth_refinement"":4}",models/dab-3c5962f723ae5bfe20d8f7f6/spectrum.txt,79678162b65b311fad9a75113e3ac485d750413ff20e2bb8dadae125ff5d062f,18901,dab,1998.63444901607,original-336,
dab-986d9d737e6c34933d5edc58,DAB,25000,6.5,-6,production,COMPLETE_NUMERICAL,COMPLETE_NUMERICAL,COMPLETE_NUMERICAL,0a74fdbe06596fc145f5169a3b239ddd67053141,"{""abundances"":null,""allard_minimum_effective_temperature"":9000.0,""atmosphere_solver"":""adaptive-newton"",""balmer_self_broadening_prescription"":null,""balmer_self_broadening_truncation_closure"":""stark-core"",""effective_temperature"":25000,""formal_maximum_metal_lines"":null,""formal_minimum_metal_oscillator_strength"":0.0001,""h2_he_cia_path"":null,""include_molecules"":false,""log_hydrogen_to_helium"":-6,""logg"":6.5,""lyman_profile_source"":""allard"",""maximum_metal_charge"":4,""metal_classical_electron_stark"":false,""metal_line_supplements"":[],""mixing_length_alpha"":1.25,""neutral_broadening"":""unsold"",""photospheric_depth_concentration"":1.0,""quality"":""production"",""structure_opacity_sampling_resolution"":1000.0,""synthesis_transfer_depth_refinement"":4}",models/dab-986d9d737e6c34933d5edc58/spectrum.txt,e2174162ddc45949af5f6108b4c6a3f222cf7b4f607bc04d5d3b07c6ba88691b,18901,dab,2143.9582681981847,original-336,
dab-9addc29f5211dabba3d3333a,DAB,25000,6.5,-4,production,COMPLETE_NUMERICAL,COMPLETE_NUMERICAL,COMPLETE_NUMERICAL,0a74fdbe06596fc145f5169a3b239ddd67053141,"{""abundances"":null,""allard_minimum_effective_temperature"":9000.0,""atmosphere_solver"":""adaptive-newton"",""balmer_self_broadening_prescription"":null,""balmer_self_broadening_truncation_closure"":""stark-core"",""effective_temperature"":25000,""formal_maximum_metal_lines"":null,""formal_minimum_metal_oscillator_strength"":0.0001,""h2_he_cia_path"":null,""include_molecules"":false,""log_hydrogen_to_helium"":-4,""logg"":6.5,""lyman_profile_source"":""allard"",""maximum_metal_charge"":4,""metal_classical_electron_stark"":false,""metal_line_supplements"":[],""mixing_length_alpha"":1.25,""neutral_broadening"":""unsold"",""photospheric_depth_concentration"":1.0,""quality"":""production"",""structure_opacity_sampling_resolution"":1000.0,""synthesis_transfer_depth_refinement"":4}",models/dab-9addc29f5211dabba3d3333a/spectrum.txt,47af53fd7fd46ec9f0445a184f4143e0d7e6cf448f54cb698329d335f2754739,18901,dab,2456.0341919281054,original-336,
dab-f4c54087789f70925c738896,DAB,25000,6.5,-2,production,COMPLETE_NUMERICAL,COMPLETE_NUMERICAL,COMPLETE_NUMERICAL,0a74fdbe06596fc145f5169a3b239ddd67053141,"{""abundances"":null,""allard_minimum_effective_temperature"":9000.0,""atmosphere_solver"":""adaptive-newton"",""balmer_self_broadening_prescription"":null,""balmer_self_broadening_truncation_closure"":""stark-core"",""effective_temperature"":25000,""formal_maximum_metal_lines"":null,""formal_minimum_metal_oscillator_strength"":0.0001,""h2_he_cia_path"":null,""include_molecules"":false,""log_hydrogen_to_helium"":-2,""logg"":6.5,""lyman_profile_source"":""allard"",""maximum_metal_charge"":4,""metal_classical_electron_stark"":false,""metal_line_supplements"":[],""mixing_length_alpha"":1.25,""neutral_broadening"":""unsold"",""photospheric_depth_concentration"":1.0,""quality"":""production"",""structure_opacity_sampling_resolution"":1000.0,""synthesis_transfer_depth_refinement"":4}",models/dab-f4c54087789f70925c738896/spectrum.txt,0dc543ef749c128ccee8230f2714f93fa316902c78195497ff2fd3a31c08ad33,18901,dab,2717.3293369680177,original-336,
dab-5e2b87d2686b4708e1f34534,DAB,25000,6.5,0,production,COMPLETE_NUMERICAL,COMPLETE_NUMERICAL,COMPLETE_NUMERICAL,0a74fdbe06596fc145f5169a3b239ddd67053141,"{""abundances"":null,""allard_minimum_effective_temperature"":9000.0,""atmosphere_solver"":""adaptive-newton"",""balmer_self_broadening_prescription"":null,""balmer_self_broadening_truncation_closure"":""stark-core"",""effective_temperature"":25000,""formal_maximum_metal_lines"":null,""formal_minimum_metal_oscillator_strength"":0.0001,""h2_he_cia_path"":null,""include_molecules"":false,""log_hydrogen_to_helium"":0,""logg"":6.5,""lyman_profile_source"":""allard"",""maximum_metal_charge"":4,""metal_classical_electron_stark"":false,""metal_line_supplements"":[],""mixing_length_alpha"":1.25,""neutral_broadening"":""unsold"",""photospheric_depth_concentration"":1.0,""quality"":""production"",""structure_opacity_sampling_resolution"":1000.0,""synthesis_transfer_depth_refinement"":4}",models/dab-5e2b87d2686b4708e1f34534/spectrum.txt,cc099fc4a8d6e66921d62010bc16e1fb34ddd2d632f1bf9601f01b696de5b5de,18901,dab,2414.982918130001,original-336,
dab-211621798ea52f9bc3c397a7,DAB,25000,6.5,2,production,COMPLETE_NUMERICAL,COMPLETE_NUMERICAL,COMPLETE_NUMERICAL,0a74fdbe06596fc145f5169a3b239ddd67053141,"{""abundances"":null,""allard_minimum_effective_temperature"":9000.0,""atmosphere_solver"":""adaptive-newton"",""balmer_self_broadening_prescription"":null,""balmer_self_broadening_truncation_closure"":""stark-core"",""effective_temperature"":25000,""formal_maximum_metal_lines"":null,""formal_minimum_metal_oscillator_strength"":0.0001,""h2_he_cia_path"":null,""include_molecules"":false,""log_hydrogen_to_helium"":2,""logg"":6.5,""lyman_profile_source"":""allard"",""maximum_metal_charge"":4,""metal_classical_electron_stark"":false,""metal_line_supplements"":[],""mixing_length_alpha"":1.25,""neutral_broadening"":""unsold"",""photospheric_depth_concentration"":1.0,""quality"":""production"",""structure_opacity_sampling_resolution"":1000.0,""synthesis_transfer_depth_refinement"":4}",models/dab-211621798ea52f9bc3c397a7/spectrum.txt,86653415b5a4bb932e84f4b03efdb7dc5804f503c970afbde8f2eee38634673f,18901,dab,1943.1938172779046,original-336,
dab-994f3d26f6d578a9670016bb,DAB,25000,6.5,4,production,COMPLETE_NUMERICAL,COMPLETE_NUMERICAL,COMPLETE_NUMERICAL,0a74fdbe06596fc145f5169a3b239ddd67053141,"{""abundances"":null,""allard_minimum_effective_temperature"":9000.0,""atmosphere_solver"":""adaptive-newton"",""balmer_self_broadening_prescription"":null,""balmer_self_broadening_truncation_closure"":""stark-core"",""effective_temperature"":25000,""formal_maximum_metal_lines"":null,""formal_minimum_metal_oscillator_strength"":0.0001,""h2_he_cia_path"":null,""include_molecules"":false,""log_hydrogen_to_helium"":4,""logg"":6.5,""lyman_profile_source"":""allard"",""maximum_metal_charge"":4,""metal_classical_electron_stark"":false,""metal_line_supplements"":[],""mixing_length_alpha"":1.25,""neutral_broadening"":""unsold"",""photospheric_depth_concentration"":1.0,""quality"":""production"",""structure_opacity_sampling_resolution"":1000.0,""synthesis_transfer_depth_refinement"":4}",models/dab-994f3d26f6d578a9670016bb/spectrum.txt,a6f57b64fda1f7980e3dbe26b385d22e6af4243f3473625d093d27441ba4148f,18901,dab,1824.0388928879984,original-336,
dab-01f3cccb91c10dd2e71bed1a,DAB,25000,7,-6,production,COMPLETE_NUMERICAL,COMPLETE_NUMERICAL,COMPLETE_NUMERICAL,0a74fdbe06596fc145f5169a3b239ddd67053141,"{""abundances"":null,""allard_minimum_effective_temperature"":9000.0,""atmosphere_solver"":""adaptive-newton"",""balmer_self_broadening_prescription"":null,""balmer_self_broadening_truncation_closure"":""stark-core"",""effective_temperature"":25000,""formal_maximum_metal_lines"":null,""formal_minimum_metal_oscillator_strength"":0.0001,""h2_he_cia_path"":null,""include_molecules"":false,""log_hydrogen_to_helium"":-6,""logg"":7,""lyman_profile_source"":""allard"",""maximum_metal_charge"":4,""metal_classical_electron_stark"":false,""metal_line_supplements"":[],""mixing_length_alpha"":1.25,""neutral_broadening"":""unsold"",""photospheric_depth_concentration"":1.0,""quality"":""production"",""structure_opacity_sampling_resolution"":1000.0,""synthesis_transfer_depth_refinement"":4}",models/dab-01f3cccb91c10dd2e71bed1a/spectrum.txt,41311f086c5d37b2c1452e325e7faa3d0c90a26362aef1514fefcd2072f8f194,18901,dab,4915.921593363164,original-336,
dab-3afffe62e35173c729a38402,DAB,25000,7,-4,production,COMPLETE_NUMERICAL,COMPLETE_NUMERICAL,COMPLETE_NUMERICAL,0a74fdbe06596fc145f5169a3b239ddd67053141,"{""abundances"":null,""allard_minimum_effective_temperature"":9000.0,""atmosphere_solver"":""adaptive-newton"",""balmer_self_broadening_prescription"":null,""balmer_self_broadening_truncation_closure"":""stark-core"",""effective_temperature"":25000,""formal_maximum_metal_lines"":null,""formal_minimum_metal_oscillator_strength"":0.0001,""h2_he_cia_path"":null,""include_molecules"":false,""log_hydrogen_to_helium"":-4,""logg"":7,""lyman_profile_source"":""allard"",""maximum_metal_charge"":4,""metal_classical_electron_stark"":false,""metal_line_supplements"":[],""mixing_length_alpha"":1.25,""neutral_broadening"":""unsold"",""photospheric_depth_concentration"":1.0,""quality"":""production"",""structure_opacity_sampling_resolution"":1000.0,""synthesis_transfer_depth_refinement"":4}",models/dab-3afffe62e35173c729a38402/spectrum.txt,2d797024815cdbd389ea123e998f1372de2bd667d81b5f13f388b58d888c8a4c,18901,dab,2154.0910844339523,original-336,
dab-76a2b0939c066f80b55a0580,DAB,25000,7,-2,production,COMPLETE_NUMERICAL,COMPLETE_NUMERICAL,COMPLETE_NUMERICAL,0a74fdbe06596fc145f5169a3b239ddd67053141,"{""abundances"":null,""allard_minimum_effective_temperature"":9000.0,""atmosphere_solver"":""adaptive-newton"",""balmer_self_broadening_prescription"":null,""balmer_self_broadening_truncation_closure"":""stark-core"",""effective_temperature"":25000,""formal_maximum_metal_lines"":null,""formal_minimum_metal_oscillator_strength"":0.0001,""h2_he_cia_path"":null,""include_molecules"":false,""log_hydrogen_to_helium"":-2,""logg"":7,""lyman_profile_source"":""allard"",""maximum_metal_charge"":4,""metal_classical_electron_stark"":false,""metal_line_supplements"":[],""mixing_length_alpha"":1.25,""neutral_broadening"":""unsold"",""photospheric_depth_concentration"":1.0,""quality"":""production"",""structure_opacity_sampling_resolution"":1000.0,""synthesis_transfer_depth_refinement"":4}",models/dab-76a2b0939c066f80b55a0580/spectrum.txt,76ab2782375cd70f52106a7d8c4a918be19f73767846ed03e4c0f1a7dd612cc3,18901,dab,2241.0018947380595,original-336,
dab-7ee1040ef4b02c2746041667,DAB,25000,7,0,production,COMPLETE_NUMERICAL,COMPLETE_NUMERICAL,COMPLETE_NUMERICAL,0a74fdbe06596fc145f5169a3b239ddd67053141,"{""abundances"":null,""allard_minimum_effective_temperature"":9000.0,""atmosphere_solver"":""adaptive-newton"",""balmer_self_broadening_prescription"":null,""balmer_self_broadening_truncation_closure"":""stark-core"",""effective_temperature"":25000,""formal_maximum_metal_lines"":null,""formal_minimum_metal_oscillator_strength"":0.0001,""h2_he_cia_path"":null,""include_molecules"":false,""log_hydrogen_to_helium"":0,""logg"":7,""lyman_profile_source"":""allard"",""maximum_metal_charge"":4,""metal_classical_electron_stark"":false,""metal_line_supplements"":[],""mixing_length_alpha"":1.25,""neutral_broadening"":""unsold"",""photospheric_depth_concentration"":1.0,""quality"":""production"",""structure_opacity_sampling_resolution"":1000.0,""synthesis_transfer_depth_refinement"":4}",models/dab-7ee1040ef4b02c2746041667/spectrum.txt,d7494443317897384657844cbc987646e424cbd94cd4df4bdff2b4fd32d0a1e8,18901,dab,2475.440010813996,original-336,
dab-3d53374085db7ecae69b8297,DAB,25000,7,2,production,COMPLETE_NUMERICAL,COMPLETE_NUMERICAL,COMPLETE_NUMERICAL,0a74fdbe06596fc145f5169a3b239ddd67053141,"{""abundances"":null,""allard_minimum_effective_temperature"":9000.0,""atmosphere_solver"":""adaptive-newton"",""balmer_self_broadening_prescription"":null,""balmer_self_broadening_truncation_closure"":""stark-core"",""effective_temperature"":25000,""formal_maximum_metal_lines"":null,""formal_minimum_metal_oscillator_strength"":0.0001,""h2_he_cia_path"":null,""include_molecules"":false,""log_hydrogen_to_helium"":2,""logg"":7,""lyman_profile_source"":""allard"",""maximum_metal_charge"":4,""metal_classical_electron_stark"":false,""metal_line_supplements"":[],""mixing_length_alpha"":1.25,""neutral_broadening"":""unsold"",""photospheric_depth_concentration"":1.0,""quality"":""production"",""structure_opacity_sampling_resolution"":1000.0,""synthesis_transfer_depth_refinement"":4}",models/dab-3d53374085db7ecae69b8297/spectrum.txt,b78996b4b15966f5dc7a24c341dc9a4ff64b66257b85e6b1ab39eea3d361ac45,18901,dab,1665.2399096749723,original-336,
dab-6d9a442d35da4dbabffc1205,DAB,25000,7,4,production,COMPLETE_NUMERICAL,COMPLETE_NUMERICAL,COMPLETE_NUMERICAL,0a74fdbe06596fc145f5169a3b239ddd67053141,"{""abundances"":null,""allard_minimum_effective_temperature"":9000.0,""atmosphere_solver"":""adaptive-newton"",""balmer_self_broadening_prescription"":null,""balmer_self_broadening_truncation_closure"":""stark-core"",""effective_temperature"":25000,""formal_maximum_metal_lines"":null,""formal_minimum_metal_oscillator_strength"":0.0001,""h2_he_cia_path"":null,""include_molecules"":false,""log_hydrogen_to_helium"":4,""logg"":7,""lyman_profile_source"":""allard"",""maximum_metal_charge"":4,""metal_classical_electron_stark"":false,""metal_line_supplements"":[],""mixing_length_alpha"":1.25,""neutral_broadening"":""unsold"",""photospheric_depth_concentration"":1.0,""quality"":""production"",""structure_opacity_sampling_resolution"":1000.0,""synthesis_transfer_depth_refinement"":4}",models/dab-6d9a442d35da4dbabffc1205/spectrum.txt,4eab2154f3a60906ef8f6b0937d016ac88cf75b86bc3b40ea6b1f24eb9e0fc20,18901,dab,1562.1000226158649,original-336,
dab-651a9a4669252a83873c6943,DAB,25000,7.5,-6,production,COMPLETE_NUMERICAL,COMPLETE_NUMERICAL,COMPLETE_NUMERICAL,0a74fdbe06596fc145f5169a3b239ddd67053141,"{""abundances"":null,""allard_minimum_effective_temperature"":9000.0,""atmosphere_solver"":""adaptive-newton"",""balmer_self_broadening_prescription"":null,""balmer_self_broadening_truncation_closure"":""stark-core"",""effective_temperature"":25000,""formal_maximum_metal_lines"":null,""formal_minimum_metal_oscillator_strength"":0.0001,""h2_he_cia_path"":null,""include_molecules"":false,""log_hydrogen_to_helium"":-6,""logg"":7.5,""lyman_profile_source"":""allard"",""maximum_metal_charge"":4,""metal_classical_electron_stark"":false,""metal_line_supplements"":[],""mixing_length_alpha"":1.25,""neutral_broadening"":""unsold"",""photospheric_depth_concentration"":1.0,""quality"":""production"",""structure_opacity_sampling_resolution"":1000.0,""synthesis_transfer_depth_refinement"":4}",models/dab-651a9a4669252a83873c6943/spectrum.txt,344e51b4f46c9c5725b4e78b83800b1f0697640468010711cc0c6e00a7b756f2,18901,dab,2189.7900065779686,original-336,
dab-3ca2b4b91bb14b262044fe90,DAB,25000,7.5,-4,production,COMPLETE_NUMERICAL,COMPLETE_NUMERICAL,COMPLETE_NUMERICAL,0a74fdbe06596fc145f5169a3b239ddd67053141,"{""abundances"":null,""allard_minimum_effective_temperature"":9000.0,""atmosphere_solver"":""adaptive-newton"",""balmer_self_broadening_prescription"":null,""balmer_self_broadening_truncation_closure"":""stark-core"",""effective_temperature"":25000,""formal_maximum_metal_lines"":null,""formal_minimum_metal_oscillator_strength"":0.0001,""h2_he_cia_path"":null,""include_molecules"":false,""log_hydrogen_to_helium"":-4,""logg"":7.5,""lyman_profile_source"":""allard"",""maximum_metal_charge"":4,""metal_classical_electron_stark"":false,""metal_line_supplements"":[],""mixing_length_alpha"":1.25,""neutral_broadening"":""unsold"",""photospheric_depth_concentration"":1.0,""quality"":""production"",""structure_opacity_sampling_resolution"":1000.0,""synthesis_transfer_depth_refinement"":4}",models/dab-3ca2b4b91bb14b262044fe90/spectrum.txt,eec6464e2aeb3f00d749ae2954a082b81df1f42fc73e9c07de6b027d8f830024,18901,dab,2481.0427074951585,original-336,
dab-4ff38c7cd98e2e41a817ead2,DAB,25000,7.5,-2,production,COMPLETE_NUMERICAL,COMPLETE_NUMERICAL,COMPLETE_NUMERICAL,0a74fdbe06596fc145f5169a3b239ddd67053141,"{""abundances"":null,""allard_minimum_effective_temperature"":9000.0,""atmosphere_solver"":""adaptive-newton"",""balmer_self_broadening_prescription"":null,""balmer_self_broadening_truncation_closure"":""stark-core"",""effective_temperature"":25000,""formal_maximum_metal_lines"":null,""formal_minimum_metal_oscillator_strength"":0.0001,""h2_he_cia_path"":null,""include_molecules"":false,""log_hydrogen_to_helium"":-2,""logg"":7.5,""lyman_profile_source"":""allard"",""maximum_metal_charge"":4,""metal_classical_electron_stark"":false,""metal_line_supplements"":[],""mixing_length_alpha"":1.25,""neutral_broadening"":""unsold"",""photospheric_depth_concentration"":1.0,""quality"":""production"",""structure_opacity_sampling_resolution"":1000.0,""synthesis_transfer_depth_refinement"":4}",models/dab-4ff38c7cd98e2e41a817ead2/spectrum.txt,1d6c46d6a87d9e9745a0dc9fdc62c5c1516ef180062b3fa44fe2d271acbb3e9c,18901,dab,2306.221446694806,original-336,
dab-fcf56aa3a7d9c434c75703d5,DAB,25000,7.5,0,production,COMPLETE_NUMERICAL,COMPLETE_NUMERICAL,COMPLETE_NUMERICAL,0a74fdbe06596fc145f5169a3b239ddd67053141,"{""abundances"":null,""allard_minimum_effective_temperature"":9000.0,""atmosphere_solver"":""adaptive-newton"",""balmer_self_broadening_prescription"":null,""balmer_self_broadening_truncation_closure"":""stark-core"",""effective_temperature"":25000,""formal_maximum_metal_lines"":null,""formal_minimum_metal_oscillator_strength"":0.0001,""h2_he_cia_path"":null,""include_molecules"":false,""log_hydrogen_to_helium"":0,""logg"":7.5,""lyman_profile_source"":""allard"",""maximum_metal_charge"":4,""metal_classical_electron_stark"":false,""metal_line_supplements"":[],""mixing_length_alpha"":1.25,""neutral_broadening"":""unsold"",""photospheric_depth_concentration"":1.0,""quality"":""production"",""structure_opacity_sampling_resolution"":1000.0,""synthesis_transfer_depth_refinement"":4}",models/dab-fcf56aa3a7d9c434c75703d5/spectrum.txt,27368e746b7d2acaeeb5e3e57690c4efa94b02bc8d1e8f297cd6ecd7e62a9901,18901,dab,2609.0585120529868,original-336,
dab-ceb23ce326bb72c54b15af8d,DAB,25000,7.5,2,production,COMPLETE_NUMERICAL,COMPLETE_NUMERICAL,COMPLETE_NUMERICAL,0a74fdbe06596fc145f5169a3b239ddd67053141,"{""abundances"":null,""allard_minimum_effective_temperature"":9000.0,""atmosphere_solver"":""adaptive-newton"",""balmer_self_broadening_prescription"":null,""balmer_self_broadening_truncation_closure"":""stark-core"",""effective_temperature"":25000,""formal_maximum_metal_lines"":null,""formal_minimum_metal_oscillator_strength"":0.0001,""h2_he_cia_path"":null,""include_molecules"":false,""log_hydrogen_to_helium"":2,""logg"":7.5,""lyman_profile_source"":""allard"",""maximum_metal_charge"":4,""metal_classical_electron_stark"":false,""metal_line_supplements"":[],""mixing_length_alpha"":1.25,""neutral_broadening"":""unsold"",""photospheric_depth_concentration"":1.0,""quality"":""production"",""structure_opacity_sampling_resolution"":1000.0,""synthesis_transfer_depth_refinement"":4}",models/dab-ceb23ce326bb72c54b15af8d/spectrum.txt,3e9d3f1565f7ccdd07fc04fe8fa5b0cda314b81dd70596dfe34744aa7c9acd7d,18901,dab,1665.6018356662244,original-336,
dab-d338ac49047a01d8014eda5d,DAB,25000,7.5,4,production,COMPLETE_NUMERICAL,COMPLETE_NUMERICAL,COMPLETE_NUMERICAL,0a74fdbe06596fc145f5169a3b239ddd67053141,"{""abundances"":null,""allard_minimum_effective_temperature"":9000.0,""atmosphere_solver"":""adaptive-newton"",""balmer_self_broadening_prescription"":null,""balmer_self_broadening_truncation_closure"":""stark-core"",""effective_temperature"":25000,""formal_maximum_metal_lines"":null,""formal_minimum_metal_oscillator_strength"":0.0001,""h2_he_cia_path"":null,""include_molecules"":false,""log_hydrogen_to_helium"":4,""logg"":7.5,""lyman_profile_source"":""allard"",""maximum_metal_charge"":4,""metal_classical_electron_stark"":false,""metal_line_supplements"":[],""mixing_length_alpha"":1.25,""neutral_broadening"":""unsold"",""photospheric_depth_concentration"":1.0,""quality"":""production"",""structure_opacity_sampling_resolution"":1000.0,""synthesis_transfer_depth_refinement"":4}",models/dab-d338ac49047a01d8014eda5d/spectrum.txt,fba3432ae70cf7d3c84a6bf342218455a6c52b47047dffdbfc4ca36069836fe5,18901,dab,1644.3528606980108,original-336,
dab-20faf763c0bd8010e8e69609,DAB,25000,8,-6,production,COMPLETE_NUMERICAL,COMPLETE_NUMERICAL,COMPLETE_NUMERICAL,0a74fdbe06596fc145f5169a3b239ddd67053141,"{""abundances"":null,""allard_minimum_effective_temperature"":9000.0,""atmosphere_solver"":""adaptive-newton"",""balmer_self_broadening_prescription"":null,""balmer_self_broadening_truncation_closure"":""stark-core"",""effective_temperature"":25000,""formal_maximum_metal_lines"":null,""formal_minimum_metal_oscillator_strength"":0.0001,""h2_he_cia_path"":null,""include_molecules"":false,""log_hydrogen_to_helium"":-6,""logg"":8,""lyman_profile_source"":""allard"",""maximum_metal_charge"":4,""metal_classical_electron_stark"":false,""metal_line_supplements"":[],""mixing_length_alpha"":1.25,""neutral_broadening"":""unsold"",""photospheric_depth_concentration"":1.0,""quality"":""production"",""structure_opacity_sampling_resolution"":1000.0,""synthesis_transfer_depth_refinement"":4}",models/dab-20faf763c0bd8010e8e69609/spectrum.txt,97dc8401d80348d9b2d743904f215a62ecd49b1ef71cddbfa123da6e7f3fdf05,18901,dab,2128.6495034110267,original-336,
dab-b4bec9ce2980447ae847b802,DAB,25000,8,-4,production,COMPLETE_NUMERICAL,COMPLETE_NUMERICAL,COMPLETE_NUMERICAL,0a74fdbe06596fc145f5169a3b239ddd67053141,"{""abundances"":null,""allard_minimum_effective_temperature"":9000.0,""atmosphere_solver"":""adaptive-newton"",""balmer_self_broadening_prescription"":null,""balmer_self_broadening_truncation_closure"":""stark-core"",""effective_temperature"":25000,""formal_maximum_metal_lines"":null,""formal_minimum_metal_oscillator_strength"":0.0001,""h2_he_cia_path"":null,""include_molecules"":false,""log_hydrogen_to_helium"":-4,""logg"":8,""lyman_profile_source"":""allard"",""maximum_metal_charge"":4,""metal_classical_electron_stark"":false,""metal_line_supplements"":[],""mixing_length_alpha"":1.25,""neutral_broadening"":""unsold"",""photospheric_depth_concentration"":1.0,""quality"":""production"",""structure_opacity_sampling_resolution"":1000.0,""synthesis_transfer_depth_refinement"":4}",models/dab-b4bec9ce2980447ae847b802/spectrum.txt,f34e4364bf67ad5cb28eca36c2a8d8757c59e4e65c7a3b5c8a0c162907d6f871,18901,dab,2578.6788263940252,original-336,
dab-7d6f77dd2f6e15eb1839ee06,DAB,25000,8,-2,production,COMPLETE_NUMERICAL,COMPLETE_NUMERICAL,COMPLETE_NUMERICAL,0a74fdbe06596fc145f5169a3b239ddd67053141,"{""abundances"":null,""allard_minimum_effective_temperature"":9000.0,""atmosphere_solver"":""adaptive-newton"",""balmer_self_broadening_prescription"":null,""balmer_self_broadening_truncation_closure"":""stark-core"",""effective_temperature"":25000,""formal_maximum_metal_lines"":null,""formal_minimum_metal_oscillator_strength"":0.0001,""h2_he_cia_path"":null,""include_molecules"":false,""log_hydrogen_to_helium"":-2,""logg"":8,""lyman_profile_source"":""allard"",""maximum_metal_charge"":4,""metal_classical_electron_stark"":false,""metal_line_supplements"":[],""mixing_length_alpha"":1.25,""neutral_broadening"":""unsold"",""photospheric_depth_concentration"":1.0,""quality"":""production"",""structure_opacity_sampling_resolution"":1000.0,""synthesis_transfer_depth_refinement"":4}",models/dab-7d6f77dd2f6e15eb1839ee06/spectrum.txt,5518fe5875f60d3e6b037ae5187a084b14d82ea44fc1cd150e1478ef1286365e,18901,dab,3065.066472525941,original-336,
dab-8583e2e3568189563a762627,DAB,25000,8,0,production,COMPLETE_NUMERICAL,COMPLETE_NUMERICAL,COMPLETE_NUMERICAL,0a74fdbe06596fc145f5169a3b239ddd67053141,"{""abundances"":null,""allard_minimum_effective_temperature"":9000.0,""atmosphere_solver"":""adaptive-newton"",""balmer_self_broadening_prescription"":null,""balmer_self_broadening_truncation_closure"":""stark-core"",""effective_temperature"":25000,""formal_maximum_metal_lines"":null,""formal_minimum_metal_oscillator_strength"":0.0001,""h2_he_cia_path"":null,""include_molecules"":false,""log_hydrogen_to_helium"":0,""logg"":8,""lyman_profile_source"":""allard"",""maximum_metal_charge"":4,""metal_classical_electron_stark"":false,""metal_line_supplements"":[],""mixing_length_alpha"":1.25,""neutral_broadening"":""unsold"",""photospheric_depth_concentration"":1.0,""quality"":""production"",""structure_opacity_sampling_resolution"":1000.0,""synthesis_transfer_depth_refinement"":4}",models/dab-8583e2e3568189563a762627/spectrum.txt,c78f7ea623ff5e1f2d80b8d392077dbe1f1b1e8142f0255c4b5a737b8baafe70,18901,dab,2713.866408306174,original-336,
dab-91abbea6fcb450a816edfef7,DAB,25000,8,2,production,COMPLETE_NUMERICAL,COMPLETE_NUMERICAL,COMPLETE_NUMERICAL,0a74fdbe06596fc145f5169a3b239ddd67053141,"{""abundances"":null,""allard_minimum_effective_temperature"":9000.0,""atmosphere_solver"":""adaptive-newton"",""balmer_self_broadening_prescription"":null,""balmer_self_broadening_truncation_closure"":""stark-core"",""effective_temperature"":25000,""formal_maximum_metal_lines"":null,""formal_minimum_metal_oscillator_strength"":0.0001,""h2_he_cia_path"":null,""include_molecules"":false,""log_hydrogen_to_helium"":2,""logg"":8,""lyman_profile_source"":""allard"",""maximum_metal_charge"":4,""metal_classical_electron_stark"":false,""metal_line_supplements"":[],""mixing_length_alpha"":1.25,""neutral_broadening"":""unsold"",""photospheric_depth_concentration"":1.0,""quality"":""production"",""structure_opacity_sampling_resolution"":1000.0,""synthesis_transfer_depth_refinement"":4}",models/dab-91abbea6fcb450a816edfef7/spectrum.txt,ddd4100bd3353ebdf9d0027c6e4607bf5b725918d082b1f4e9abce3a845afb20,18901,dab,1936.8934178489726,original-336,
dab-a37a7d99d49d8401d863877e,DAB,25000,8,4,production,COMPLETE_NUMERICAL,COMPLETE_NUMERICAL,COMPLETE_NUMERICAL,0a74fdbe06596fc145f5169a3b239ddd67053141,"{""abundances"":null,""allard_minimum_effective_temperature"":9000.0,""atmosphere_solver"":""adaptive-newton"",""balmer_self_broadening_prescription"":null,""balmer_self_broadening_truncation_closure"":""stark-core"",""effective_temperature"":25000,""formal_maximum_metal_lines"":null,""formal_minimum_metal_oscillator_strength"":0.0001,""h2_he_cia_path"":null,""include_molecules"":false,""log_hydrogen_to_helium"":4,""logg"":8,""lyman_profile_source"":""allard"",""maximum_metal_charge"":4,""metal_classical_electron_stark"":false,""metal_line_supplements"":[],""mixing_length_alpha"":1.25,""neutral_broadening"":""unsold"",""photospheric_depth_concentration"":1.0,""quality"":""production"",""structure_opacity_sampling_resolution"":1000.0,""synthesis_transfer_depth_refinement"":4}",models/dab-a37a7d99d49d8401d863877e/spectrum.txt,d2de699e0e2b1bd8de0c0c48490d8b579a4ee1c95cad3c32769dd4c1e15b1e99,18901,dab,1680.7680082030129,original-336,
dab-953ec45f27c208f93bf949a1,DAB,25000,8.5,-6,production,COMPLETE_NUMERICAL,COMPLETE_NUMERICAL,COMPLETE_NUMERICAL,0a74fdbe06596fc145f5169a3b239ddd67053141,"{""abundances"":null,""allard_minimum_effective_temperature"":9000.0,""atmosphere_solver"":""adaptive-newton"",""balmer_self_broadening_prescription"":null,""balmer_self_broadening_truncation_closure"":""stark-core"",""effective_temperature"":25000,""formal_maximum_metal_lines"":null,""formal_minimum_metal_oscillator_strength"":0.0001,""h2_he_cia_path"":null,""include_molecules"":false,""log_hydrogen_to_helium"":-6,""logg"":8.5,""lyman_profile_source"":""allard"",""maximum_metal_charge"":4,""metal_classical_electron_stark"":false,""metal_line_supplements"":[],""mixing_length_alpha"":1.25,""neutral_broadening"":""unsold"",""photospheric_depth_concentration"":1.0,""quality"":""production"",""structure_opacity_sampling_resolution"":1000.0,""synthesis_transfer_depth_refinement"":4}",models/dab-953ec45f27c208f93bf949a1/spectrum.txt,0d1bf7f744545e929e478000751ca046a58cf2dcfada5111a96ba85397897d29,18901,dab,2850.6096753648017,original-336,
dab-f5b13826b26bf0809533cba6,DAB,25000,8.5,-4,production,COMPLETE_NUMERICAL,COMPLETE_NUMERICAL,COMPLETE_NUMERICAL,0a74fdbe06596fc145f5169a3b239ddd67053141,"{""abundances"":null,""allard_minimum_effective_temperature"":9000.0,""atmosphere_solver"":""adaptive-newton"",""balmer_self_broadening_prescription"":null,""balmer_self_broadening_truncation_closure"":""stark-core"",""effective_temperature"":25000,""formal_maximum_metal_lines"":null,""formal_minimum_metal_oscillator_strength"":0.0001,""h2_he_cia_path"":null,""include_molecules"":false,""log_hydrogen_to_helium"":-4,""logg"":8.5,""lyman_profile_source"":""allard"",""maximum_metal_charge"":4,""metal_classical_electron_stark"":false,""metal_line_supplements"":[],""mixing_length_alpha"":1.25,""neutral_broadening"":""unsold"",""photospheric_depth_concentration"":1.0,""quality"":""production"",""structure_opacity_sampling_resolution"":1000.0,""synthesis_transfer_depth_refinement"":4}",models/dab-f5b13826b26bf0809533cba6/spectrum.txt,3430050aca984c0e6c0b991b517750b79ffe5f983c4ae86f2d7e02bfff69c5c2,18901,dab,4081.4095981861465,original-336,
dab-37fcd065ace49f013df1454f,DAB,25000,8.5,-2,production,COMPLETE_NUMERICAL,COMPLETE_NUMERICAL,COMPLETE_NUMERICAL,0a74fdbe06596fc145f5169a3b239ddd67053141,"{""abundances"":null,""allard_minimum_effective_temperature"":9000.0,""atmosphere_solver"":""adaptive-newton"",""balmer_self_broadening_prescription"":null,""balmer_self_broadening_truncation_closure"":""stark-core"",""effective_temperature"":25000,""formal_maximum_metal_lines"":null,""formal_minimum_metal_oscillator_strength"":0.0001,""h2_he_cia_path"":null,""include_molecules"":false,""log_hydrogen_to_helium"":-2,""logg"":8.5,""lyman_profile_source"":""allard"",""maximum_metal_charge"":4,""metal_classical_electron_stark"":false,""metal_line_supplements"":[],""mixing_length_alpha"":1.25,""neutral_broadening"":""unsold"",""photospheric_depth_concentration"":1.0,""quality"":""production"",""structure_opacity_sampling_resolution"":1000.0,""synthesis_transfer_depth_refinement"":4}",models/dab-37fcd065ace49f013df1454f/spectrum.txt,12d5f99de042256ce294830cfeed7114acf245a0aeccc228537ae50f30a3cd53,18901,dab,2512.763870381983,original-336,
dab-00e081f894cb0184879ac4c6,DAB,25000,8.5,0,production,COMPLETE_NUMERICAL,COMPLETE_NUMERICAL,COMPLETE_NUMERICAL,0a74fdbe06596fc145f5169a3b239ddd67053141,"{""abundances"":null,""allard_minimum_effective_temperature"":9000.0,""atmosphere_solver"":""adaptive-newton"",""balmer_self_broadening_prescription"":null,""balmer_self_broadening_truncation_closure"":""stark-core"",""effective_temperature"":25000,""formal_maximum_metal_lines"":null,""formal_minimum_metal_oscillator_strength"":0.0001,""h2_he_cia_path"":null,""include_molecules"":false,""log_hydrogen_to_helium"":0,""logg"":8.5,""lyman_profile_source"":""allard"",""maximum_metal_charge"":4,""metal_classical_electron_stark"":false,""metal_line_supplements"":[],""mixing_length_alpha"":1.25,""neutral_broadening"":""unsold"",""photospheric_depth_concentration"":1.0,""quality"":""production"",""structure_opacity_sampling_resolution"":1000.0,""synthesis_transfer_depth_refinement"":4}",models/dab-00e081f894cb0184879ac4c6/spectrum.txt,13c54c0e2b48c80d886234eba4b3f3d629829311eeaa8ea98c65811df5233907,18901,dab,2609.725093357032,original-336,
dab-dcd9a958cb97be2dd41f0d23,DAB,25000,8.5,2,production,COMPLETE_NUMERICAL,COMPLETE_NUMERICAL,COMPLETE_NUMERICAL,0a74fdbe06596fc145f5169a3b239ddd67053141,"{""abundances"":null,""allard_minimum_effective_temperature"":9000.0,""atmosphere_solver"":""adaptive-newton"",""balmer_self_broadening_prescription"":null,""balmer_self_broadening_truncation_closure"":""stark-core"",""effective_temperature"":25000,""formal_maximum_metal_lines"":null,""formal_minimum_metal_oscillator_strength"":0.0001,""h2_he_cia_path"":null,""include_molecules"":false,""log_hydrogen_to_helium"":2,""logg"":8.5,""lyman_profile_source"":""allard"",""maximum_metal_charge"":4,""metal_classical_electron_stark"":false,""metal_line_supplements"":[],""mixing_length_alpha"":1.25,""neutral_broadening"":""unsold"",""photospheric_depth_concentration"":1.0,""quality"":""production"",""structure_opacity_sampling_resolution"":1000.0,""synthesis_transfer_depth_refinement"":4}",models/dab-dcd9a958cb97be2dd41f0d23/spectrum.txt,fc8af61ac34f678cd0e91ad9d122232c1ed5ff72334b7c140297819be4b6b204,18901,dab,2225.787401165813,original-336,
dab-329575eb075d6cf9a4783271,DAB,25000,8.5,4,production,COMPLETE_NUMERICAL,COMPLETE_NUMERICAL,COMPLETE_NUMERICAL,0a74fdbe06596fc145f5169a3b239ddd67053141,"{""abundances"":null,""allard_minimum_effective_temperature"":9000.0,""atmosphere_solver"":""adaptive-newton"",""balmer_self_broadening_prescription"":null,""balmer_self_broadening_truncation_closure"":""stark-core"",""effective_temperature"":25000,""formal_maximum_metal_lines"":null,""formal_minimum_metal_oscillator_strength"":0.0001,""h2_he_cia_path"":null,""include_molecules"":false,""log_hydrogen_to_helium"":4,""logg"":8.5,""lyman_profile_source"":""allard"",""maximum_metal_charge"":4,""metal_classical_electron_stark"":false,""metal_line_supplements"":[],""mixing_length_alpha"":1.25,""neutral_broadening"":""unsold"",""photospheric_depth_concentration"":1.0,""quality"":""production"",""structure_opacity_sampling_resolution"":1000.0,""synthesis_transfer_depth_refinement"":4}",models/dab-329575eb075d6cf9a4783271/spectrum.txt,3448e23d7542afcaa8da74075833ff6b5efb8f3acba9711f0e1e3086777435b4,18901,dab,1845.5456208400428,original-336,
dab-6858ef1bb4b0dab2f0d36fa2,DAB,25000,9,-6,production,COMPLETE_NUMERICAL,COMPLETE_NUMERICAL,COMPLETE_NUMERICAL,0a74fdbe06596fc145f5169a3b239ddd67053141,"{""abundances"":null,""allard_minimum_effective_temperature"":9000.0,""atmosphere_solver"":""adaptive-newton"",""balmer_self_broadening_prescription"":null,""balmer_self_broadening_truncation_closure"":""stark-core"",""effective_temperature"":25000,""formal_maximum_metal_lines"":null,""formal_minimum_metal_oscillator_strength"":0.0001,""h2_he_cia_path"":null,""include_molecules"":false,""log_hydrogen_to_helium"":-6,""logg"":9,""lyman_profile_source"":""allard"",""maximum_metal_charge"":4,""metal_classical_electron_stark"":false,""metal_line_supplements"":[],""mixing_length_alpha"":1.25,""neutral_broadening"":""unsold"",""photospheric_depth_concentration"":1.0,""quality"":""production"",""structure_opacity_sampling_resolution"":1000.0,""synthesis_transfer_depth_refinement"":4}",models/dab-6858ef1bb4b0dab2f0d36fa2/spectrum.txt,5980c03e4b67f8cb36d7e0d82a15fac57fe8c330070a01b9b73abfec6ddeac48,18901,dab,3238.643187640002,original-336,
dab-176e659dac32c5c6daefd5a4,DAB,25000,9,-4,production,COMPLETE_NUMERICAL,COMPLETE_NUMERICAL,COMPLETE_NUMERICAL,0a74fdbe06596fc145f5169a3b239ddd67053141,"{""abundances"":null,""allard_minimum_effective_temperature"":9000.0,""atmosphere_solver"":""adaptive-newton"",""balmer_self_broadening_prescription"":null,""balmer_self_broadening_truncation_closure"":""stark-core"",""effective_temperature"":25000,""formal_maximum_metal_lines"":null,""formal_minimum_metal_oscillator_strength"":0.0001,""h2_he_cia_path"":null,""include_molecules"":false,""log_hydrogen_to_helium"":-4,""logg"":9,""lyman_profile_source"":""allard"",""maximum_metal_charge"":4,""metal_classical_electron_stark"":false,""metal_line_supplements"":[],""mixing_length_alpha"":1.25,""neutral_broadening"":""unsold"",""photospheric_depth_concentration"":1.0,""quality"":""production"",""structure_opacity_sampling_resolution"":1000.0,""synthesis_transfer_depth_refinement"":4}",models/dab-176e659dac32c5c6daefd5a4/spectrum.txt,6910010cb7523566ab165962d46e8de90fb239e520c3b92f17d839c9b21f75d6,18901,dab,3861.043137490982,original-336,
dab-0a953eb9cdcaf7df9920c869,DAB,25000,9,-2,production,COMPLETE_NUMERICAL,COMPLETE_NUMERICAL,COMPLETE_NUMERICAL,0a74fdbe06596fc145f5169a3b239ddd67053141,"{""abundances"":null,""allard_minimum_effective_temperature"":9000.0,""atmosphere_solver"":""adaptive-newton"",""balmer_self_broadening_prescription"":null,""balmer_self_broadening_truncation_closure"":""stark-core"",""effective_temperature"":25000,""formal_maximum_metal_lines"":null,""formal_minimum_metal_oscillator_strength"":0.0001,""h2_he_cia_path"":null,""include_molecules"":false,""log_hydrogen_to_helium"":-2,""logg"":9,""lyman_profile_source"":""allard"",""maximum_metal_charge"":4,""metal_classical_electron_stark"":false,""metal_line_supplements"":[],""mixing_length_alpha"":1.25,""neutral_broadening"":""unsold"",""photospheric_depth_concentration"":1.0,""quality"":""production"",""structure_opacity_sampling_resolution"":1000.0,""synthesis_transfer_depth_refinement"":4}",models/dab-0a953eb9cdcaf7df9920c869/spectrum.txt,a00e72ea532b669f70a275cd0687ed150130f69b850e756633b95f12c8d410d5,18901,dab,2429.754379010061,original-336,
dab-a20ba842403ff8dca258ebf8,DAB,25000,9,0,production,COMPLETE_NUMERICAL,COMPLETE_NUMERICAL,COMPLETE_NUMERICAL,0a74fdbe06596fc145f5169a3b239ddd67053141,"{""abundances"":null,""allard_minimum_effective_temperature"":9000.0,""atmosphere_solver"":""adaptive-newton"",""balmer_self_broadening_prescription"":null,""balmer_self_broadening_truncation_closure"":""stark-core"",""effective_temperature"":25000,""formal_maximum_metal_lines"":null,""formal_minimum_metal_oscillator_strength"":0.0001,""h2_he_cia_path"":null,""include_molecules"":false,""log_hydrogen_to_helium"":0,""logg"":9,""lyman_profile_source"":""allard"",""maximum_metal_charge"":4,""metal_classical_electron_stark"":false,""metal_line_supplements"":[],""mixing_length_alpha"":1.25,""neutral_broadening"":""unsold"",""photospheric_depth_concentration"":1.0,""quality"":""production"",""structure_opacity_sampling_resolution"":1000.0,""synthesis_transfer_depth_refinement"":4}",models/dab-a20ba842403ff8dca258ebf8/spectrum.txt,26946c0b86f5e96aadf5c79c8ad8ad636ed1c1ee6baa7774258514d9db017e3c,18901,dab,3049.7246791990474,original-336,
dab-5a3246e88f09932d1e51376c,DAB,25000,9,2,production,COMPLETE_NUMERICAL,COMPLETE_NUMERICAL,COMPLETE_NUMERICAL,0a74fdbe06596fc145f5169a3b239ddd67053141,"{""abundances"":null,""allard_minimum_effective_temperature"":9000.0,""atmosphere_solver"":""adaptive-newton"",""balmer_self_broadening_prescription"":null,""balmer_self_broadening_truncation_closure"":""stark-core"",""effective_temperature"":25000,""formal_maximum_metal_lines"":null,""formal_minimum_metal_oscillator_strength"":0.0001,""h2_he_cia_path"":null,""include_molecules"":false,""log_hydrogen_to_helium"":2,""logg"":9,""lyman_profile_source"":""allard"",""maximum_metal_charge"":4,""metal_classical_electron_stark"":false,""metal_line_supplements"":[],""mixing_length_alpha"":1.25,""neutral_broadening"":""unsold"",""photospheric_depth_concentration"":1.0,""quality"":""production"",""structure_opacity_sampling_resolution"":1000.0,""synthesis_transfer_depth_refinement"":4}",models/dab-5a3246e88f09932d1e51376c/spectrum.txt,3bfd0dcfcaae2c7a5c816d48b8147010f2ce9ba31b88c28f7258ffcefff40086,18901,dab,2187.985334626166,original-336,
dab-95107ab9554d7106f0fab112,DAB,25000,9,4,production,COMPLETE_NUMERICAL,COMPLETE_NUMERICAL,COMPLETE_NUMERICAL,0a74fdbe06596fc145f5169a3b239ddd67053141,"{""abundances"":null,""allard_minimum_effective_temperature"":9000.0,""atmosphere_solver"":""adaptive-newton"",""balmer_self_broadening_prescription"":null,""balmer_self_broadening_truncation_closure"":""stark-core"",""effective_temperature"":25000,""formal_maximum_metal_lines"":null,""formal_minimum_metal_oscillator_strength"":0.0001,""h2_he_cia_path"":null,""include_molecules"":false,""log_hydrogen_to_helium"":4,""logg"":9,""lyman_profile_source"":""allard"",""maximum_metal_charge"":4,""metal_classical_electron_stark"":false,""metal_line_supplements"":[],""mixing_length_alpha"":1.25,""neutral_broadening"":""unsold"",""photospheric_depth_concentration"":1.0,""quality"":""production"",""structure_opacity_sampling_resolution"":1000.0,""synthesis_transfer_depth_refinement"":4}",models/dab-95107ab9554d7106f0fab112/spectrum.txt,2446025c40d8c45864aa270b603b95acf7ae43a0c4f950e39b37af553e8325a9,18901,dab,2162.9763891480397,original-336,
dab-3fd3a840231077ac6dcd4331,DAB,25000,9.5,-6,production,COMPLETE_NUMERICAL,COMPLETE_NUMERICAL,COMPLETE_NUMERICAL,0a74fdbe06596fc145f5169a3b239ddd67053141,"{""abundances"":null,""allard_minimum_effective_temperature"":9000.0,""atmosphere_solver"":""adaptive-newton"",""balmer_self_broadening_prescription"":null,""balmer_self_broadening_truncation_closure"":""stark-core"",""effective_temperature"":25000,""formal_maximum_metal_lines"":null,""formal_minimum_metal_oscillator_strength"":0.0001,""h2_he_cia_path"":null,""include_molecules"":false,""log_hydrogen_to_helium"":-6,""logg"":9.5,""lyman_profile_source"":""allard"",""maximum_metal_charge"":4,""metal_classical_electron_stark"":false,""metal_line_supplements"":[],""mixing_length_alpha"":1.25,""neutral_broadening"":""unsold"",""photospheric_depth_concentration"":1.0,""quality"":""production"",""structure_opacity_sampling_resolution"":1000.0,""synthesis_transfer_depth_refinement"":4}",models/dab-3fd3a840231077ac6dcd4331/spectrum.txt,1465583891d38a82215d08e244633989a93d8b6ee3f79224eae65d8cb0897a17,18901,dab,4230.907721118769,original-336,
dab-2a7945fea147c84ce2fef1dd,DAB,25000,9.5,-4,production,COMPLETE_NUMERICAL,COMPLETE_NUMERICAL,COMPLETE_NUMERICAL,0a74fdbe06596fc145f5169a3b239ddd67053141,"{""abundances"":null,""allard_minimum_effective_temperature"":9000.0,""atmosphere_solver"":""adaptive-newton"",""balmer_self_broadening_prescription"":null,""balmer_self_broadening_truncation_closure"":""stark-core"",""effective_temperature"":25000,""formal_maximum_metal_lines"":null,""formal_minimum_metal_oscillator_strength"":0.0001,""h2_he_cia_path"":null,""include_molecules"":false,""log_hydrogen_to_helium"":-4,""logg"":9.5,""lyman_profile_source"":""allard"",""maximum_metal_charge"":4,""metal_classical_electron_stark"":false,""metal_line_supplements"":[],""mixing_length_alpha"":1.25,""neutral_broadening"":""unsold"",""photospheric_depth_concentration"":1.0,""quality"":""production"",""structure_opacity_sampling_resolution"":1000.0,""synthesis_transfer_depth_refinement"":4}",models/dab-2a7945fea147c84ce2fef1dd/spectrum.txt,15973f939524450c7d2469352e4b5a8cbed52099cf0786c78a30686aa88f0374,18901,dab,4366.983630292118,original-336,
dab-4ded86e3342e4b8f117c2a63,DAB,25000,9.5,-2,production,COMPLETE_NUMERICAL,COMPLETE_NUMERICAL,COMPLETE_NUMERICAL,0a74fdbe06596fc145f5169a3b239ddd67053141,"{""abundances"":null,""allard_minimum_effective_temperature"":9000.0,""atmosphere_solver"":""adaptive-newton"",""balmer_self_broadening_prescription"":null,""balmer_self_broadening_truncation_closure"":""stark-core"",""effective_temperature"":25000,""formal_maximum_metal_lines"":null,""formal_minimum_metal_oscillator_strength"":0.0001,""h2_he_cia_path"":null,""include_molecules"":false,""log_hydrogen_to_helium"":-2,""logg"":9.5,""lyman_profile_source"":""allard"",""maximum_metal_charge"":4,""metal_classical_electron_stark"":false,""metal_line_supplements"":[],""mixing_length_alpha"":1.25,""neutral_broadening"":""unsold"",""photospheric_depth_concentration"":1.0,""quality"":""production"",""structure_opacity_sampling_resolution"":1000.0,""synthesis_transfer_depth_refinement"":4}",models/dab-4ded86e3342e4b8f117c2a63/spectrum.txt,63e52b76435f6585561a341ea2c1b7d97c1a4edd302479894825d2114ec4203b,18901,dab,2804.579788113013,original-336,
dab-06b5978995a105c61c846fb9,DAB,25000,9.5,0,production,COMPLETE_NUMERICAL,COMPLETE_NUMERICAL,COMPLETE_NUMERICAL,0a74fdbe06596fc145f5169a3b239ddd67053141,"{""abundances"":null,""allard_minimum_effective_temperature"":9000.0,""atmosphere_solver"":""adaptive-newton"",""balmer_self_broadening_prescription"":null,""balmer_self_broadening_truncation_closure"":""stark-core"",""effective_temperature"":25000,""formal_maximum_metal_lines"":null,""formal_minimum_metal_oscillator_strength"":0.0001,""h2_he_cia_path"":null,""include_molecules"":false,""log_hydrogen_to_helium"":0,""logg"":9.5,""lyman_profile_source"":""allard"",""maximum_metal_charge"":4,""metal_classical_electron_stark"":false,""metal_line_supplements"":[],""mixing_length_alpha"":1.25,""neutral_broadening"":""unsold"",""photospheric_depth_concentration"":1.0,""quality"":""production"",""structure_opacity_sampling_resolution"":1000.0,""synthesis_transfer_depth_refinement"":4}",models/dab-06b5978995a105c61c846fb9/spectrum.txt,389aa9aba8b84f7d44eb4ac4ace9f654fc33bfe17a2a6ab8999f518e12c78fd5,18901,dab,3172.891535908915,original-336,
dab-118489e74fe4ae3db9244f1b,DAB,25000,9.5,2,production,COMPLETE_NUMERICAL,COMPLETE_NUMERICAL,COMPLETE_NUMERICAL,0a74fdbe06596fc145f5169a3b239ddd67053141,"{""abundances"":null,""allard_minimum_effective_temperature"":9000.0,""atmosphere_solver"":""adaptive-newton"",""balmer_self_broadening_prescription"":null,""balmer_self_broadening_truncation_closure"":""stark-core"",""effective_temperature"":25000,""formal_maximum_metal_lines"":null,""formal_minimum_metal_oscillator_strength"":0.0001,""h2_he_cia_path"":null,""include_molecules"":false,""log_hydrogen_to_helium"":2,""logg"":9.5,""lyman_profile_source"":""allard"",""maximum_metal_charge"":4,""metal_classical_electron_stark"":false,""metal_line_supplements"":[],""mixing_length_alpha"":1.25,""neutral_broadening"":""unsold"",""photospheric_depth_concentration"":1.0,""quality"":""production"",""structure_opacity_sampling_resolution"":1000.0,""synthesis_transfer_depth_refinement"":4}",models/dab-118489e74fe4ae3db9244f1b/spectrum.txt,8f631f05d5d17b8126cd6a11e65a2cfb111c203993bddfee6ec06fd84b3ddbd1,18901,dab,2240.2922647290397,original-336,
dab-cf5520366859183037752519,DAB,25000,9.5,4,production,COMPLETE_NUMERICAL,COMPLETE_NUMERICAL,COMPLETE_NUMERICAL,0a74fdbe06596fc145f5169a3b239ddd67053141,"{""abundances"":null,""allard_minimum_effective_temperature"":9000.0,""atmosphere_solver"":""adaptive-newton"",""balmer_self_broadening_prescription"":null,""balmer_self_broadening_truncation_closure"":""stark-core"",""effective_temperature"":25000,""formal_maximum_metal_lines"":null,""formal_minimum_metal_oscillator_strength"":0.0001,""h2_he_cia_path"":null,""include_molecules"":false,""log_hydrogen_to_helium"":4,""logg"":9.5,""lyman_profile_source"":""allard"",""maximum_metal_charge"":4,""metal_classical_electron_stark"":false,""metal_line_supplements"":[],""mixing_length_alpha"":1.25,""neutral_broadening"":""unsold"",""photospheric_depth_concentration"":1.0,""quality"":""production"",""structure_opacity_sampling_resolution"":1000.0,""synthesis_transfer_depth_refinement"":4}",models/dab-cf5520366859183037752519/spectrum.txt,7de6146c5e5ff2a14b26dd6b444f34c218454c29d2cc68642469ccc84a96c7ee,18901,dab,2470.4075782790314,original-336,
dab-5cc4a6f58be7aa3f0fe27852,DAB,30000,6,-6,production,COMPLETE_NUMERICAL,COMPLETE_NUMERICAL,COMPLETE_NUMERICAL,0a74fdbe06596fc145f5169a3b239ddd67053141,"{""abundances"":null,""allard_minimum_effective_temperature"":9000.0,""atmosphere_solver"":""adaptive-newton"",""balmer_self_broadening_prescription"":null,""balmer_self_broadening_truncation_closure"":""stark-core"",""effective_temperature"":30000,""formal_maximum_metal_lines"":null,""formal_minimum_metal_oscillator_strength"":0.0001,""h2_he_cia_path"":null,""include_molecules"":false,""log_hydrogen_to_helium"":-6,""logg"":6,""lyman_profile_source"":""allard"",""maximum_metal_charge"":4,""metal_classical_electron_stark"":false,""metal_line_supplements"":[],""mixing_length_alpha"":1.25,""neutral_broadening"":""unsold"",""photospheric_depth_concentration"":1.0,""quality"":""production"",""structure_opacity_sampling_resolution"":1000.0,""synthesis_transfer_depth_refinement"":4}",models/dab-5cc4a6f58be7aa3f0fe27852/spectrum.txt,eefb515660fdf20918e0dad07b554191571399aab33f1a96882e7703d67061c1,18901,dab,2367.689332648879,original-336,
dab-a418e0e732cbfc6a0ee91f36,DAB,30000,6,-4,production,COMPLETE_NUMERICAL,COMPLETE_NUMERICAL,COMPLETE_NUMERICAL,0a74fdbe06596fc145f5169a3b239ddd67053141,"{""abundances"":null,""allard_minimum_effective_temperature"":9000.0,""atmosphere_solver"":""adaptive-newton"",""balmer_self_broadening_prescription"":null,""balmer_self_broadening_truncation_closure"":""stark-core"",""effective_temperature"":30000,""formal_maximum_metal_lines"":null,""formal_minimum_metal_oscillator_strength"":0.0001,""h2_he_cia_path"":null,""include_molecules"":false,""log_hydrogen_to_helium"":-4,""logg"":6,""lyman_profile_source"":""allard"",""maximum_metal_charge"":4,""metal_classical_electron_stark"":false,""metal_line_supplements"":[],""mixing_length_alpha"":1.25,""neutral_broadening"":""unsold"",""photospheric_depth_concentration"":1.0,""quality"":""production"",""structure_opacity_sampling_resolution"":1000.0,""synthesis_transfer_depth_refinement"":4}",models/dab-a418e0e732cbfc6a0ee91f36/spectrum.txt,cf619a3c1488f095b9733b8b516d62b86ca7141ffc95321e0572c719482ad46d,18901,dab,2328.362475377973,original-336,
dab-6785af6bf2d3a46e0bfb0e96,DAB,30000,6,-2,production,COMPLETE_NUMERICAL,COMPLETE_NUMERICAL,COMPLETE_NUMERICAL,0a74fdbe06596fc145f5169a3b239ddd67053141,"{""abundances"":null,""allard_minimum_effective_temperature"":9000.0,""atmosphere_solver"":""adaptive-newton"",""balmer_self_broadening_prescription"":null,""balmer_self_broadening_truncation_closure"":""stark-core"",""effective_temperature"":30000,""formal_maximum_metal_lines"":null,""formal_minimum_metal_oscillator_strength"":0.0001,""h2_he_cia_path"":null,""include_molecules"":false,""log_hydrogen_to_helium"":-2,""logg"":6,""lyman_profile_source"":""allard"",""maximum_metal_charge"":4,""metal_classical_electron_stark"":false,""metal_line_supplements"":[],""mixing_length_alpha"":1.25,""neutral_broadening"":""unsold"",""photospheric_depth_concentration"":1.0,""quality"":""production"",""structure_opacity_sampling_resolution"":1000.0,""synthesis_transfer_depth_refinement"":4}",models/dab-6785af6bf2d3a46e0bfb0e96/spectrum.txt,2cd10a98876002cd31684dcb0f8aa117a805a9f653c69e3af387234a2b9ecc78,18901,dab,1665.0379249230027,original-336,
dab-df7663964c4839719ebdfeb0,DAB,30000,6,0,production,COMPLETE_NUMERICAL,COMPLETE_NUMERICAL,COMPLETE_NUMERICAL,0a74fdbe06596fc145f5169a3b239ddd67053141,"{""abundances"":null,""allard_minimum_effective_temperature"":9000.0,""atmosphere_solver"":""adaptive-newton"",""balmer_self_broadening_prescription"":null,""balmer_self_broadening_truncation_closure"":""stark-core"",""effective_temperature"":30000,""formal_maximum_metal_lines"":null,""formal_minimum_metal_oscillator_strength"":0.0001,""h2_he_cia_path"":null,""include_molecules"":false,""log_hydrogen_to_helium"":0,""logg"":6,""lyman_profile_source"":""allard"",""maximum_metal_charge"":4,""metal_classical_electron_stark"":false,""metal_line_supplements"":[],""mixing_length_alpha"":1.25,""neutral_broadening"":""unsold"",""photospheric_depth_concentration"":1.0,""quality"":""production"",""structure_opacity_sampling_resolution"":1000.0,""synthesis_transfer_depth_refinement"":4}",models/dab-df7663964c4839719ebdfeb0/spectrum.txt,094571c12239fb9930cbce5a648e792f1df6022ebeedfc5f78fa0e555494e261,18901,dab,2352.830496247858,original-336,
dab-b7578679c2aabc36bb8bae5a,DAB,30000,6,2,production,COMPLETE_NUMERICAL,COMPLETE_NUMERICAL,COMPLETE_NUMERICAL,0a74fdbe06596fc145f5169a3b239ddd67053141,"{""abundances"":null,""allard_minimum_effective_temperature"":9000.0,""atmosphere_solver"":""adaptive-newton"",""balmer_self_broadening_prescription"":null,""balmer_self_broadening_truncation_closure"":""stark-core"",""effective_temperature"":30000,""formal_maximum_metal_lines"":null,""formal_minimum_metal_oscillator_strength"":0.0001,""h2_he_cia_path"":null,""include_molecules"":false,""log_hydrogen_to_helium"":2,""logg"":6,""lyman_profile_source"":""allard"",""maximum_metal_charge"":4,""metal_classical_electron_stark"":false,""metal_line_supplements"":[],""mixing_length_alpha"":1.25,""neutral_broadening"":""unsold"",""photospheric_depth_concentration"":1.0,""quality"":""production"",""structure_opacity_sampling_resolution"":1000.0,""synthesis_transfer_depth_refinement"":4}",models/dab-b7578679c2aabc36bb8bae5a/spectrum.txt,f59e47b67cfcecc2db0066d421a1ae62aa889109a3a1a0cb4b3380497df9146e,18901,dab,2342.94738420099,original-336,
dab-756c06eea2dd4e43ee4f2fcc,DAB,30000,6,4,production,COMPLETE_NUMERICAL,COMPLETE_NUMERICAL,COMPLETE_NUMERICAL,0a74fdbe06596fc145f5169a3b239ddd67053141,"{""abundances"":null,""allard_minimum_effective_temperature"":9000.0,""atmosphere_solver"":""adaptive-newton"",""balmer_self_broadening_prescription"":null,""balmer_self_broadening_truncation_closure"":""stark-core"",""effective_temperature"":30000,""formal_maximum_metal_lines"":null,""formal_minimum_metal_oscillator_strength"":0.0001,""h2_he_cia_path"":null,""include_molecules"":false,""log_hydrogen_to_helium"":4,""logg"":6,""lyman_profile_source"":""allard"",""maximum_metal_charge"":4,""metal_classical_electron_stark"":false,""metal_line_supplements"":[],""mixing_length_alpha"":1.25,""neutral_broadening"":""unsold"",""photospheric_depth_concentration"":1.0,""quality"":""production"",""structure_opacity_sampling_resolution"":1000.0,""synthesis_transfer_depth_refinement"":4}",models/dab-756c06eea2dd4e43ee4f2fcc/spectrum.txt,231f396e26c3af3e7fee720f621d650e2d6ade7f9458df6fc677f3931d242e61,18901,dab,2036.2848829799332,original-336,
dab-dc33811e6021bef9fd788cc1,DAB,30000,6.5,-6,production,COMPLETE_NUMERICAL,COMPLETE_NUMERICAL,COMPLETE_NUMERICAL,0a74fdbe06596fc145f5169a3b239ddd67053141,"{""abundances"":null,""allard_minimum_effective_temperature"":9000.0,""atmosphere_solver"":""adaptive-newton"",""balmer_self_broadening_prescription"":null,""balmer_self_broadening_truncation_closure"":""stark-core"",""effective_temperature"":30000,""formal_maximum_metal_lines"":null,""formal_minimum_metal_oscillator_strength"":0.0001,""h2_he_cia_path"":null,""include_molecules"":false,""log_hydrogen_to_helium"":-6,""logg"":6.5,""lyman_profile_source"":""allard"",""maximum_metal_charge"":4,""metal_classical_electron_stark"":false,""metal_line_supplements"":[],""mixing_length_alpha"":1.25,""neutral_broadening"":""unsold"",""photospheric_depth_concentration"":1.0,""quality"":""production"",""structure_opacity_sampling_resolution"":1000.0,""synthesis_transfer_depth_refinement"":4}",models/dab-dc33811e6021bef9fd788cc1/spectrum.txt,0ac0fec548500a0d3b52f7d5e8c7e6ead4c730d2ac22f502c499b69e2b281757,18901,dab,2408.043790376978,original-336,
dab-2dcbaf54ea72c0c09017817b,DAB,30000,6.5,-4,production,COMPLETE_NUMERICAL,COMPLETE_NUMERICAL,COMPLETE_NUMERICAL,0a74fdbe06596fc145f5169a3b239ddd67053141,"{""abundances"":null,""allard_minimum_effective_temperature"":9000.0,""atmosphere_solver"":""adaptive-newton"",""balmer_self_broadening_prescription"":null,""balmer_self_broadening_truncation_closure"":""stark-core"",""effective_temperature"":30000,""formal_maximum_metal_lines"":null,""formal_minimum_metal_oscillator_strength"":0.0001,""h2_he_cia_path"":null,""include_molecules"":false,""log_hydrogen_to_helium"":-4,""logg"":6.5,""lyman_profile_source"":""allard"",""maximum_metal_charge"":4,""metal_classical_electron_stark"":false,""metal_line_supplements"":[],""mixing_length_alpha"":1.25,""neutral_broadening"":""unsold"",""photospheric_depth_concentration"":1.0,""quality"":""production"",""structure_opacity_sampling_resolution"":1000.0,""synthesis_transfer_depth_refinement"":4}",models/dab-2dcbaf54ea72c0c09017817b/spectrum.txt,d0d49ab93cf39d6dc7118ee846fd94dbb1d3fd4f5e1497412dcd60325080bdcc,18901,dab,2679.119082435034,original-336,
dab-98c9bbd801f3b640b1e9591e,DAB,30000,6.5,-2,production,COMPLETE_NUMERICAL,COMPLETE_NUMERICAL,COMPLETE_NUMERICAL,0a74fdbe06596fc145f5169a3b239ddd67053141,"{""abundances"":null,""allard_minimum_effective_temperature"":9000.0,""atmosphere_solver"":""adaptive-newton"",""balmer_self_broadening_prescription"":null,""balmer_self_broadening_truncation_closure"":""stark-core"",""effective_temperature"":30000,""formal_maximum_metal_lines"":null,""formal_minimum_metal_oscillator_strength"":0.0001,""h2_he_cia_path"":null,""include_molecules"":false,""log_hydrogen_to_helium"":-2,""logg"":6.5,""lyman_profile_source"":""allard"",""maximum_metal_charge"":4,""metal_classical_electron_stark"":false,""metal_line_supplements"":[],""mixing_length_alpha"":1.25,""neutral_broadening"":""unsold"",""photospheric_depth_concentration"":1.0,""quality"":""production"",""structure_opacity_sampling_resolution"":1000.0,""synthesis_transfer_depth_refinement"":4}",models/dab-98c9bbd801f3b640b1e9591e/spectrum.txt,33913f3fdb0fc579b4137d56049f4105f2900b929c23b81172a45f245fe7813d,18901,dab,1922.1906347640324,original-336,
dab-34b6ea50b72be20f6c578c35,DAB,30000,6.5,0,production,COMPLETE_NUMERICAL,COMPLETE_NUMERICAL,COMPLETE_NUMERICAL,0a74fdbe06596fc145f5169a3b239ddd67053141,"{""abundances"":null,""allard_minimum_effective_temperature"":9000.0,""atmosphere_solver"":""adaptive-newton"",""balmer_self_broadening_prescription"":null,""balmer_self_broadening_truncation_closure"":""stark-core"",""effective_temperature"":30000,""formal_maximum_metal_lines"":null,""formal_minimum_metal_oscillator_strength"":0.0001,""h2_he_cia_path"":null,""include_molecules"":false,""log_hydrogen_to_helium"":0,""logg"":6.5,""lyman_profile_source"":""allard"",""maximum_metal_charge"":4,""metal_classical_electron_stark"":false,""metal_line_supplements"":[],""mixing_length_alpha"":1.25,""neutral_broadening"":""unsold"",""photospheric_depth_concentration"":1.0,""quality"":""production"",""structure_opacity_sampling_resolution"":1000.0,""synthesis_transfer_depth_refinement"":4}",models/dab-34b6ea50b72be20f6c578c35/spectrum.txt,05b158ea6ba68f47be4734c236dfef543413abf18872eadc7aa60ca2903fa90b,18901,dab,2317.784963828977,original-336,
dab-1b9c7aa0778ea0792e4f46ae,DAB,30000,6.5,2,production,COMPLETE_NUMERICAL,COMPLETE_NUMERICAL,COMPLETE_NUMERICAL,0a74fdbe06596fc145f5169a3b239ddd67053141,"{""abundances"":null,""allard_minimum_effective_temperature"":9000.0,""atmosphere_solver"":""adaptive-newton"",""balmer_self_broadening_prescription"":null,""balmer_self_broadening_truncation_closure"":""stark-core"",""effective_temperature"":30000,""formal_maximum_metal_lines"":null,""formal_minimum_metal_oscillator_strength"":0.0001,""h2_he_cia_path"":null,""include_molecules"":false,""log_hydrogen_to_helium"":2,""logg"":6.5,""lyman_profile_source"":""allard"",""maximum_metal_charge"":4,""metal_classical_electron_stark"":false,""metal_line_supplements"":[],""mixing_length_alpha"":1.25,""neutral_broadening"":""unsold"",""photospheric_depth_concentration"":1.0,""quality"":""production"",""structure_opacity_sampling_resolution"":1000.0,""synthesis_transfer_depth_refinement"":4}",models/dab-1b9c7aa0778ea0792e4f46ae/spectrum.txt,71a15f077e5596cb5c49a0048095d0607bbc3ff90b1f369f7afe87e12c5857a5,18901,dab,2101.2473143697716,original-336,
dab-4080ebcee2e58f15954d1236,DAB,30000,6.5,4,production,COMPLETE_NUMERICAL,COMPLETE_NUMERICAL,COMPLETE_NUMERICAL,0a74fdbe06596fc145f5169a3b239ddd67053141,"{""abundances"":null,""allard_minimum_effective_temperature"":9000.0,""atmosphere_solver"":""adaptive-newton"",""balmer_self_broadening_prescription"":null,""balmer_self_broadening_truncation_closure"":""stark-core"",""effective_temperature"":30000,""formal_maximum_metal_lines"":null,""formal_minimum_metal_oscillator_strength"":0.0001,""h2_he_cia_path"":null,""include_molecules"":false,""log_hydrogen_to_helium"":4,""logg"":6.5,""lyman_profile_source"":""allard"",""maximum_metal_charge"":4,""metal_classical_electron_stark"":false,""metal_line_supplements"":[],""mixing_length_alpha"":1.25,""neutral_broadening"":""unsold"",""photospheric_depth_concentration"":1.0,""quality"":""production"",""structure_opacity_sampling_resolution"":1000.0,""synthesis_transfer_depth_refinement"":4}",models/dab-4080ebcee2e58f15954d1236/spectrum.txt,414f0622553c9b4c58be00f98814f0fec812fccdc3c1012164ade7de0e0d2763,18901,dab,1916.7421860278118,original-336,
dab-6a7fdd98f3a6c3837bdc1048,DAB,30000,7,-6,production,COMPLETE_NUMERICAL,COMPLETE_NUMERICAL,COMPLETE_NUMERICAL,0a74fdbe06596fc145f5169a3b239ddd67053141,"{""abundances"":null,""allard_minimum_effective_temperature"":9000.0,""atmosphere_solver"":""adaptive-newton"",""balmer_self_broadening_prescription"":null,""balmer_self_broadening_truncation_closure"":""stark-core"",""effective_temperature"":30000,""formal_maximum_metal_lines"":null,""formal_minimum_metal_oscillator_strength"":0.0001,""h2_he_cia_path"":null,""include_molecules"":false,""log_hydrogen_to_helium"":-6,""logg"":7,""lyman_profile_source"":""allard"",""maximum_metal_charge"":4,""metal_classical_electron_stark"":false,""metal_line_supplements"":[],""mixing_length_alpha"":1.25,""neutral_broadening"":""unsold"",""photospheric_depth_concentration"":1.0,""quality"":""production"",""structure_opacity_sampling_resolution"":1000.0,""synthesis_transfer_depth_refinement"":4}",models/dab-6a7fdd98f3a6c3837bdc1048/spectrum.txt,0de3f062ef5749b8ad9be6fdbc472d156005e484e7e7f2a269bbd0b9428ff61e,18901,dab,2256.67825949518,original-336,
dab-ab630ca9ed6a97d7ba5870ae,DAB,30000,7,-4,production,COMPLETE_NUMERICAL,COMPLETE_NUMERICAL,COMPLETE_NUMERICAL,0a74fdbe06596fc145f5169a3b239ddd67053141,"{""abundances"":null,""allard_minimum_effective_temperature"":9000.0,""atmosphere_solver"":""adaptive-newton"",""balmer_self_broadening_prescription"":null,""balmer_self_broadening_truncation_closure"":""stark-core"",""effective_temperature"":30000,""formal_maximum_metal_lines"":null,""formal_minimum_metal_oscillator_strength"":0.0001,""h2_he_cia_path"":null,""include_molecules"":false,""log_hydrogen_to_helium"":-4,""logg"":7,""lyman_profile_source"":""allard"",""maximum_metal_charge"":4,""metal_classical_electron_stark"":false,""metal_line_supplements"":[],""mixing_length_alpha"":1.25,""neutral_broadening"":""unsold"",""photospheric_depth_concentration"":1.0,""quality"":""production"",""structure_opacity_sampling_resolution"":1000.0,""synthesis_transfer_depth_refinement"":4}",models/dab-ab630ca9ed6a97d7ba5870ae/spectrum.txt,ce854a2ea2e88839c14a18eeabbfe2354a22ac9f0ad1085e769905988916e3cd,18901,dab,2533.3510862968396,original-336,
dab-f428139df8212eca787385f3,DAB,30000,7,-2,production,COMPLETE_NUMERICAL,COMPLETE_NUMERICAL,COMPLETE_NUMERICAL,0a74fdbe06596fc145f5169a3b239ddd67053141,"{""abundances"":null,""allard_minimum_effective_temperature"":9000.0,""atmosphere_solver"":""adaptive-newton"",""balmer_self_broadening_prescription"":null,""balmer_self_broadening_truncation_closure"":""stark-core"",""effective_temperature"":30000,""formal_maximum_metal_lines"":null,""formal_minimum_metal_oscillator_strength"":0.0001,""h2_he_cia_path"":null,""include_molecules"":false,""log_hydrogen_to_helium"":-2,""logg"":7,""lyman_profile_source"":""allard"",""maximum_metal_charge"":4,""metal_classical_electron_stark"":false,""metal_line_supplements"":[],""mixing_length_alpha"":1.25,""neutral_broadening"":""unsold"",""photospheric_depth_concentration"":1.0,""quality"":""production"",""structure_opacity_sampling_resolution"":1000.0,""synthesis_transfer_depth_refinement"":4}",models/dab-f428139df8212eca787385f3/spectrum.txt,a601951446fb3521fd1f2e0b896684255ec4a944c01ed9a425d1c4a5914d4a8f,18901,dab,1993.196220568847,original-336,
dab-92708f18ec178271069c1fda,DAB,30000,7,0,production,COMPLETE_NUMERICAL,COMPLETE_NUMERICAL,COMPLETE_NUMERICAL,0a74fdbe06596fc145f5169a3b239ddd67053141,"{""abundances"":null,""allard_minimum_effective_temperature"":9000.0,""atmosphere_solver"":""adaptive-newton"",""balmer_self_broadening_prescription"":null,""balmer_self_broadening_truncation_closure"":""stark-core"",""effective_temperature"":30000,""formal_maximum_metal_lines"":null,""formal_minimum_metal_oscillator_strength"":0.0001,""h2_he_cia_path"":null,""include_molecules"":false,""log_hydrogen_to_helium"":0,""logg"":7,""lyman_profile_source"":""allard"",""maximum_metal_charge"":4,""metal_classical_electron_stark"":false,""metal_line_supplements"":[],""mixing_length_alpha"":1.25,""neutral_broadening"":""unsold"",""photospheric_depth_concentration"":1.0,""quality"":""production"",""structure_opacity_sampling_resolution"":1000.0,""synthesis_transfer_depth_refinement"":4}",models/dab-92708f18ec178271069c1fda/spectrum.txt,4bb348123a183e9c15f97e445b4f750f4c696adca3e250b24e817be4410f60a6,18901,dab,2393.3903758490924,original-336,
dab-6ddb23c347fd677623fb7121,DAB,30000,7,2,production,COMPLETE_NUMERICAL,COMPLETE_NUMERICAL,COMPLETE_NUMERICAL,0a74fdbe06596fc145f5169a3b239ddd67053141,"{""abundances"":null,""allard_minimum_effective_temperature"":9000.0,""atmosphere_solver"":""adaptive-newton"",""balmer_self_broadening_prescription"":null,""balmer_self_broadening_truncation_closure"":""stark-core"",""effective_temperature"":30000,""formal_maximum_metal_lines"":null,""formal_minimum_metal_oscillator_strength"":0.0001,""h2_he_cia_path"":null,""include_molecules"":false,""log_hydrogen_to_helium"":2,""logg"":7,""lyman_profile_source"":""allard"",""maximum_metal_charge"":4,""metal_classical_electron_stark"":false,""metal_line_supplements"":[],""mixing_length_alpha"":1.25,""neutral_broadening"":""unsold"",""photospheric_depth_concentration"":1.0,""quality"":""production"",""structure_opacity_sampling_resolution"":1000.0,""synthesis_transfer_depth_refinement"":4}",models/dab-6ddb23c347fd677623fb7121/spectrum.txt,84e1d0e9c6f218f72fcb414b063525f5514dcc0b22891b009e7a57bb513d680b,18901,dab,2189.0616114181466,original-336,
dab-03e084a0fe09e58a9dd1b3b8,DAB,30000,7,4,production,COMPLETE_NUMERICAL,COMPLETE_NUMERICAL,COMPLETE_NUMERICAL,0a74fdbe06596fc145f5169a3b239ddd67053141,"{""abundances"":null,""allard_minimum_effective_temperature"":9000.0,""atmosphere_solver"":""adaptive-newton"",""balmer_self_broadening_prescription"":null,""balmer_self_broadening_truncation_closure"":""stark-core"",""effective_temperature"":30000,""formal_maximum_metal_lines"":null,""formal_minimum_metal_oscillator_strength"":0.0001,""h2_he_cia_path"":null,""include_molecules"":false,""log_hydrogen_to_helium"":4,""logg"":7,""lyman_profile_source"":""allard"",""maximum_metal_charge"":4,""metal_classical_electron_stark"":false,""metal_line_supplements"":[],""mixing_length_alpha"":1.25,""neutral_broadening"":""unsold"",""photospheric_depth_concentration"":1.0,""quality"":""production"",""structure_opacity_sampling_resolution"":1000.0,""synthesis_transfer_depth_refinement"":4}",models/dab-03e084a0fe09e58a9dd1b3b8/spectrum.txt,d96c2408ced0b9886776a4b13c033c45c00794d9000d8444804b7f00bde41813,18901,dab,2143.524565105792,original-336,
dab-ea35a77220e595b48530c289,DAB,30000,7.5,-6,production,COMPLETE_NUMERICAL,COMPLETE_NUMERICAL,COMPLETE_NUMERICAL,0a74fdbe06596fc145f5169a3b239ddd67053141,"{""abundances"":null,""allard_minimum_effective_temperature"":9000.0,""atmosphere_solver"":""adaptive-newton"",""balmer_self_broadening_prescription"":null,""balmer_self_broadening_truncation_closure"":""stark-core"",""effective_temperature"":30000,""formal_maximum_metal_lines"":null,""formal_minimum_metal_oscillator_strength"":0.0001,""h2_he_cia_path"":null,""include_molecules"":false,""log_hydrogen_to_helium"":-6,""logg"":7.5,""lyman_profile_source"":""allard"",""maximum_metal_charge"":4,""metal_classical_electron_stark"":false,""metal_line_supplements"":[],""mixing_length_alpha"":1.25,""neutral_broadening"":""unsold"",""photospheric_depth_concentration"":1.0,""quality"":""production"",""structure_opacity_sampling_resolution"":1000.0,""synthesis_transfer_depth_refinement"":4}",models/dab-ea35a77220e595b48530c289/spectrum.txt,d5526f2144f8720c5e0d5cf19c9f2540c9cd8d8a95e2427cd8a03827548153ef,18901,dab,2318.3569199112244,original-336,
dab-7f13c096e132e548b28db35c,DAB,30000,7.5,-4,production,COMPLETE_NUMERICAL,COMPLETE_NUMERICAL,COMPLETE_NUMERICAL,0a74fdbe06596fc145f5169a3b239ddd67053141,"{""abundances"":null,""allard_minimum_effective_temperature"":9000.0,""atmosphere_solver"":""adaptive-newton"",""balmer_self_broadening_prescription"":null,""balmer_self_broadening_truncation_closure"":""stark-core"",""effective_temperature"":30000,""formal_maximum_metal_lines"":null,""formal_minimum_metal_oscillator_strength"":0.0001,""h2_he_cia_path"":null,""include_molecules"":false,""log_hydrogen_to_helium"":-4,""logg"":7.5,""lyman_profile_source"":""allard"",""maximum_metal_charge"":4,""metal_classical_electron_stark"":false,""metal_line_supplements"":[],""mixing_length_alpha"":1.25,""neutral_broadening"":""unsold"",""photospheric_depth_concentration"":1.0,""quality"":""production"",""structure_opacity_sampling_resolution"":1000.0,""synthesis_transfer_depth_refinement"":4}",models/dab-7f13c096e132e548b28db35c/spectrum.txt,1672e0b6f65d92853ddd6e005ac3337d3694766be97636dbbce17bd473ecc6a4,18901,dab,2711.8744797899853,original-336,
dab-29564ec3c7a63ea42c2c3ddb,DAB,30000,7.5,-2,production,COMPLETE_NUMERICAL,COMPLETE_NUMERICAL,COMPLETE_NUMERICAL,0a74fdbe06596fc145f5169a3b239ddd67053141,"{""abundances"":null,""allard_minimum_effective_temperature"":9000.0,""atmosphere_solver"":""adaptive-newton"",""balmer_self_broadening_prescription"":null,""balmer_self_broadening_truncation_closure"":""stark-core"",""effective_temperature"":30000,""formal_maximum_metal_lines"":null,""formal_minimum_metal_oscillator_strength"":0.0001,""h2_he_cia_path"":null,""include_molecules"":false,""log_hydrogen_to_helium"":-2,""logg"":7.5,""lyman_profile_source"":""allard"",""maximum_metal_charge"":4,""metal_classical_electron_stark"":false,""metal_line_supplements"":[],""mixing_length_alpha"":1.25,""neutral_broadening"":""unsold"",""photospheric_depth_concentration"":1.0,""quality"":""production"",""structure_opacity_sampling_resolution"":1000.0,""synthesis_transfer_depth_refinement"":4}",models/dab-29564ec3c7a63ea42c2c3ddb/spectrum.txt,8e476f401b291ea442187025bf067b7af1b6f2abcd8c0501131ba32e7e4d43e0,18901,dab,2419.5280450568534,original-336,
dab-25f18533b82171a2b30debbd,DAB,30000,7.5,0,production,COMPLETE_NUMERICAL,COMPLETE_NUMERICAL,COMPLETE_NUMERICAL,0a74fdbe06596fc145f5169a3b239ddd67053141,"{""abundances"":null,""allard_minimum_effective_temperature"":9000.0,""atmosphere_solver"":""adaptive-newton"",""balmer_self_broadening_prescription"":null,""balmer_self_broadening_truncation_closure"":""stark-core"",""effective_temperature"":30000,""formal_maximum_metal_lines"":null,""formal_minimum_metal_oscillator_strength"":0.0001,""h2_he_cia_path"":null,""include_molecules"":false,""log_hydrogen_to_helium"":0,""logg"":7.5,""lyman_profile_source"":""allard"",""maximum_metal_charge"":4,""metal_classical_electron_stark"":false,""metal_line_supplements"":[],""mixing_length_alpha"":1.25,""neutral_broadening"":""unsold"",""photospheric_depth_concentration"":1.0,""quality"":""production"",""structure_opacity_sampling_resolution"":1000.0,""synthesis_transfer_depth_refinement"":4}",models/dab-25f18533b82171a2b30debbd/spectrum.txt,8a9d589c7e5e15f16dd7e75de5f790865304677b1dc7e39ff8195e93f5010d49,18901,dab,2696.595644386951,original-336,
dab-e7438f499cd1b17d7cc5985e,DAB,30000,7.5,2,production,COMPLETE_NUMERICAL,COMPLETE_NUMERICAL,COMPLETE_NUMERICAL,0a74fdbe06596fc145f5169a3b239ddd67053141,"{""abundances"":null,""allard_minimum_effective_temperature"":9000.0,""atmosphere_solver"":""adaptive-newton"",""balmer_self_broadening_prescription"":null,""balmer_self_broadening_truncation_closure"":""stark-core"",""effective_temperature"":30000,""formal_maximum_metal_lines"":null,""formal_minimum_metal_oscillator_strength"":0.0001,""h2_he_cia_path"":null,""include_molecules"":false,""log_hydrogen_to_helium"":2,""logg"":7.5,""lyman_profile_source"":""allard"",""maximum_metal_charge"":4,""metal_classical_electron_stark"":false,""metal_line_supplements"":[],""mixing_length_alpha"":1.25,""neutral_broadening"":""unsold"",""photospheric_depth_concentration"":1.0,""quality"":""production"",""structure_opacity_sampling_resolution"":1000.0,""synthesis_transfer_depth_refinement"":4}",models/dab-e7438f499cd1b17d7cc5985e/spectrum.txt,a41a50942ad3a2fd4bfea4f241ce6743bc1797afefdd129f5ec7753c3fd9b774,18901,dab,2004.8992739969399,original-336,
dab-634f893408a0cff37defe244,DAB,30000,7.5,4,production,COMPLETE_NUMERICAL,COMPLETE_NUMERICAL,COMPLETE_NUMERICAL,0a74fdbe06596fc145f5169a3b239ddd67053141,"{""abundances"":null,""allard_minimum_effective_temperature"":9000.0,""atmosphere_solver"":""adaptive-newton"",""balmer_self_broadening_prescription"":null,""balmer_self_broadening_truncation_closure"":""stark-core"",""effective_temperature"":30000,""formal_maximum_metal_lines"":null,""formal_minimum_metal_oscillator_strength"":0.0001,""h2_he_cia_path"":null,""include_molecules"":false,""log_hydrogen_to_helium"":4,""logg"":7.5,""lyman_profile_source"":""allard"",""maximum_metal_charge"":4,""metal_classical_electron_stark"":false,""metal_line_supplements"":[],""mixing_length_alpha"":1.25,""neutral_broadening"":""unsold"",""photospheric_depth_concentration"":1.0,""quality"":""production"",""structure_opacity_sampling_resolution"":1000.0,""synthesis_transfer_depth_refinement"":4}",models/dab-634f893408a0cff37defe244/spectrum.txt,c8bcc3a6b40107dd9373e58b0ee41a54cc18a4ba096636b1c57a8c158b683200,18901,dab,1835.2198084241245,original-336,
dab-05013312b5cd426efb2b7b7b,DAB,30000,8,-6,production,COMPLETE_NUMERICAL,COMPLETE_NUMERICAL,COMPLETE_NUMERICAL,0a74fdbe06596fc145f5169a3b239ddd67053141,"{""abundances"":null,""allard_minimum_effective_temperature"":9000.0,""atmosphere_solver"":""adaptive-newton"",""balmer_self_broadening_prescription"":null,""balmer_self_broadening_truncation_closure"":""stark-core"",""effective_temperature"":30000,""formal_maximum_metal_lines"":null,""formal_minimum_metal_oscillator_strength"":0.0001,""h2_he_cia_path"":null,""include_molecules"":false,""log_hydrogen_to_helium"":-6,""logg"":8,""lyman_profile_source"":""allard"",""maximum_metal_charge"":4,""metal_classical_electron_stark"":false,""metal_line_supplements"":[],""mixing_length_alpha"":1.25,""neutral_broadening"":""unsold"",""photospheric_depth_concentration"":1.0,""quality"":""production"",""structure_opacity_sampling_resolution"":1000.0,""synthesis_transfer_depth_refinement"":4}",models/dab-05013312b5cd426efb2b7b7b/spectrum.txt,0313c92db542a0bedba866501763c92b35bf61e0b1baac89591c6fbaee05d768,18901,dab,2425.0946485239547,original-336,
dab-07e559b81a5bb43f4e98322d,DAB,30000,8,-4,production,COMPLETE_NUMERICAL,COMPLETE_NUMERICAL,COMPLETE_NUMERICAL,0a74fdbe06596fc145f5169a3b239ddd67053141,"{""abundances"":null,""allard_minimum_effective_temperature"":9000.0,""atmosphere_solver"":""adaptive-newton"",""balmer_self_broadening_prescription"":null,""balmer_self_broadening_truncation_closure"":""stark-core"",""effective_temperature"":30000,""formal_maximum_metal_lines"":null,""formal_minimum_metal_oscillator_strength"":0.0001,""h2_he_cia_path"":null,""include_molecules"":false,""log_hydrogen_to_helium"":-4,""logg"":8,""lyman_profile_source"":""allard"",""maximum_metal_charge"":4,""metal_classical_electron_stark"":false,""metal_line_supplements"":[],""mixing_length_alpha"":1.25,""neutral_broadening"":""unsold"",""photospheric_depth_concentration"":1.0,""quality"":""production"",""structure_opacity_sampling_resolution"":1000.0,""synthesis_transfer_depth_refinement"":4}",models/dab-07e559b81a5bb43f4e98322d/spectrum.txt,f772dfcb6bbde347e69ad0c17a8eca8f81e26a1b8c6347be1e88492685fec5a2,18901,dab,2470.865077232942,original-336,
dab-c69a9a0227b577d9370e7139,DAB,30000,8,0,production,COMPLETE_NUMERICAL,COMPLETE_NUMERICAL,COMPLETE_NUMERICAL,0a74fdbe06596fc145f5169a3b239ddd67053141,"{""abundances"":null,""allard_minimum_effective_temperature"":9000.0,""atmosphere_solver"":""adaptive-newton"",""balmer_self_broadening_prescription"":null,""balmer_self_broadening_truncation_closure"":""stark-core"",""effective_temperature"":30000,""formal_maximum_metal_lines"":null,""formal_minimum_metal_oscillator_strength"":0.0001,""h2_he_cia_path"":null,""include_molecules"":false,""log_hydrogen_to_helium"":0,""logg"":8,""lyman_profile_source"":""allard"",""maximum_metal_charge"":4,""metal_classical_electron_stark"":false,""metal_line_supplements"":[],""mixing_length_alpha"":1.25,""neutral_broadening"":""unsold"",""photospheric_depth_concentration"":1.0,""quality"":""production"",""structure_opacity_sampling_resolution"":1000.0,""synthesis_transfer_depth_refinement"":4}",models/dab-c69a9a0227b577d9370e7139/spectrum.txt,04ead18ee7730c0cdef2f1ef33dba5ad0a406d133c898f9666c5f36735e26778,18901,dab,2424.6364574059844,original-336,
dab-e1547f34a368d079e27246e0,DAB,30000,8,2,production,COMPLETE_NUMERICAL,COMPLETE_NUMERICAL,COMPLETE_NUMERICAL,0a74fdbe06596fc145f5169a3b239ddd67053141,"{""abundances"":null,""allard_minimum_effective_temperature"":9000.0,""atmosphere_solver"":""adaptive-newton"",""balmer_self_broadening_prescription"":null,""balmer_self_broadening_truncation_closure"":""stark-core"",""effective_temperature"":30000,""formal_maximum_metal_lines"":null,""formal_minimum_metal_oscillator_strength"":0.0001,""h2_he_cia_path"":null,""include_molecules"":false,""log_hydrogen_to_helium"":2,""logg"":8,""lyman_profile_source"":""allard"",""maximum_metal_charge"":4,""metal_classical_electron_stark"":false,""metal_line_supplements"":[],""mixing_length_alpha"":1.25,""neutral_broadening"":""unsold"",""photospheric_depth_concentration"":1.0,""quality"":""production"",""structure_opacity_sampling_resolution"":1000.0,""synthesis_transfer_depth_refinement"":4}",models/dab-e1547f34a368d079e27246e0/spectrum.txt,2e109d1415ec5460058a5309d49b55396b2e263eeae93a40689b2910b56f3f23,18901,dab,1880.4517884240486,original-336,
dab-fa93c959763fa085f3a6470e,DAB,30000,8,4,production,COMPLETE_NUMERICAL,COMPLETE_NUMERICAL,COMPLETE_NUMERICAL,0a74fdbe06596fc145f5169a3b239ddd67053141,"{""abundances"":null,""allard_minimum_effective_temperature"":9000.0,""atmosphere_solver"":""adaptive-newton"",""balmer_self_broadening_prescription"":null,""balmer_self_broadening_truncation_closure"":""stark-core"",""effective_temperature"":30000,""formal_maximum_metal_lines"":null,""formal_minimum_metal_oscillator_strength"":0.0001,""h2_he_cia_path"":null,""include_molecules"":false,""log_hydrogen_to_helium"":4,""logg"":8,""lyman_profile_source"":""allard"",""maximum_metal_charge"":4,""metal_classical_electron_stark"":false,""metal_line_supplements"":[],""mixing_length_alpha"":1.25,""neutral_broadening"":""unsold"",""photospheric_depth_concentration"":1.0,""quality"":""production"",""structure_opacity_sampling_resolution"":1000.0,""synthesis_transfer_depth_refinement"":4}",models/dab-fa93c959763fa085f3a6470e/spectrum.txt,15301c0990c6145147f8f112109b1239596c9d33415715f444a4e0e6ac9fa4b8,18901,dab,1661.4214634890668,original-336,
dab-6e92c28f519a405a4820dd56,DAB,30000,8.5,-6,production,COMPLETE_NUMERICAL,COMPLETE_NUMERICAL,COMPLETE_NUMERICAL,0a74fdbe06596fc145f5169a3b239ddd67053141,"{""abundances"":null,""allard_minimum_effective_temperature"":9000.0,""atmosphere_solver"":""adaptive-newton"",""balmer_self_broadening_prescription"":null,""balmer_self_broadening_truncation_closure"":""stark-core"",""effective_temperature"":30000,""formal_maximum_metal_lines"":null,""formal_minimum_metal_oscillator_strength"":0.0001,""h2_he_cia_path"":null,""include_molecules"":false,""log_hydrogen_to_helium"":-6,""logg"":8.5,""lyman_profile_source"":""allard"",""maximum_metal_charge"":4,""metal_classical_electron_stark"":false,""metal_line_supplements"":[],""mixing_length_alpha"":1.25,""neutral_broadening"":""unsold"",""photospheric_depth_concentration"":1.0,""quality"":""production"",""structure_opacity_sampling_resolution"":1000.0,""synthesis_transfer_depth_refinement"":4}",models/dab-6e92c28f519a405a4820dd56/spectrum.txt,03f74b82a894b3b050d4bf8f69caabb4e07bbceb2ab33561a3edcc0cfeedb7ca,18901,dab,4504.07956505497,original-336,
dab-cf49ebd8a969ec4b1d353c7a,DAB,30000,8.5,-4,production,COMPLETE_NUMERICAL,COMPLETE_NUMERICAL,COMPLETE_NUMERICAL,0a74fdbe06596fc145f5169a3b239ddd67053141,"{""abundances"":null,""allard_minimum_effective_temperature"":9000.0,""atmosphere_solver"":""adaptive-newton"",""balmer_self_broadening_prescription"":null,""balmer_self_broadening_truncation_closure"":""stark-core"",""effective_temperature"":30000,""formal_maximum_metal_lines"":null,""formal_minimum_metal_oscillator_strength"":0.0001,""h2_he_cia_path"":null,""include_molecules"":false,""log_hydrogen_to_helium"":-4,""logg"":8.5,""lyman_profile_source"":""allard"",""maximum_metal_charge"":4,""metal_classical_electron_stark"":false,""metal_line_supplements"":[],""mixing_length_alpha"":1.25,""neutral_broadening"":""unsold"",""photospheric_depth_concentration"":1.0,""quality"":""production"",""structure_opacity_sampling_resolution"":1000.0,""synthesis_transfer_depth_refinement"":4}",models/dab-cf49ebd8a969ec4b1d353c7a/spectrum.txt,43d9dc53aef1e9e19bb59f9008550da1a64b5e2dfd69f3910894b93c20566438,18901,dab,3883.1579112107866,original-336,
dab-ac14cb05536a54dccb719d16,DAB,30000,8.5,-2,production,COMPLETE_NUMERICAL,COMPLETE_NUMERICAL,COMPLETE_NUMERICAL,0a74fdbe06596fc145f5169a3b239ddd67053141,"{""abundances"":null,""allard_minimum_effective_temperature"":9000.0,""atmosphere_solver"":""adaptive-newton"",""balmer_self_broadening_prescription"":null,""balmer_self_broadening_truncation_closure"":""stark-core"",""effective_temperature"":30000,""formal_maximum_metal_lines"":null,""formal_minimum_metal_oscillator_strength"":0.0001,""h2_he_cia_path"":null,""include_molecules"":false,""log_hydrogen_to_helium"":-2,""logg"":8.5,""lyman_profile_source"":""allard"",""maximum_metal_charge"":4,""metal_classical_electron_stark"":false,""metal_line_supplements"":[],""mixing_length_alpha"":1.25,""neutral_broadening"":""unsold"",""photospheric_depth_concentration"":1.0,""quality"":""production"",""structure_opacity_sampling_resolution"":1000.0,""synthesis_transfer_depth_refinement"":4}",models/dab-ac14cb05536a54dccb719d16/spectrum.txt,f41f36e96d270212ef291ef9f3d3e005029f2256947d627858c87146ff8bc33c,18901,dab,2210.470290344907,original-336,
dab-44553148785ee29ade299540,DAB,30000,8.5,0,production,COMPLETE_NUMERICAL,COMPLETE_NUMERICAL,COMPLETE_NUMERICAL,0a74fdbe06596fc145f5169a3b239ddd67053141,"{""abundances"":null,""allard_minimum_effective_temperature"":9000.0,""atmosphere_solver"":""adaptive-newton"",""balmer_self_broadening_prescription"":null,""balmer_self_broadening_truncation_closure"":""stark-core"",""effective_temperature"":30000,""formal_maximum_metal_lines"":null,""formal_minimum_metal_oscillator_strength"":0.0001,""h2_he_cia_path"":null,""include_molecules"":false,""log_hydrogen_to_helium"":0,""logg"":8.5,""lyman_profile_source"":""allard"",""maximum_metal_charge"":4,""metal_classical_electron_stark"":false,""metal_line_supplements"":[],""mixing_length_alpha"":1.25,""neutral_broadening"":""unsold"",""photospheric_depth_concentration"":1.0,""quality"":""production"",""structure_opacity_sampling_resolution"":1000.0,""synthesis_transfer_depth_refinement"":4}",models/dab-44553148785ee29ade299540/spectrum.txt,e30e37d04e3a12a0d02528c51588cbe51608a57639aef0fbcb4f60314e90b268,18901,dab,2306.1292241329793,original-336,
dab-6837d71b628733068ac8ee55,DAB,30000,8.5,2,production,COMPLETE_NUMERICAL,COMPLETE_NUMERICAL,COMPLETE_NUMERICAL,0a74fdbe06596fc145f5169a3b239ddd67053141,"{""abundances"":null,""allard_minimum_effective_temperature"":9000.0,""atmosphere_solver"":""adaptive-newton"",""balmer_self_broadening_prescription"":null,""balmer_self_broadening_truncation_closure"":""stark-core"",""effective_temperature"":30000,""formal_maximum_metal_lines"":null,""formal_minimum_metal_oscillator_strength"":0.0001,""h2_he_cia_path"":null,""include_molecules"":false,""log_hydrogen_to_helium"":2,""logg"":8.5,""lyman_profile_source"":""allard"",""maximum_metal_charge"":4,""metal_classical_electron_stark"":false,""metal_line_supplements"":[],""mixing_length_alpha"":1.25,""neutral_broadening"":""unsold"",""photospheric_depth_concentration"":1.0,""quality"":""production"",""structure_opacity_sampling_resolution"":1000.0,""synthesis_transfer_depth_refinement"":4}",models/dab-6837d71b628733068ac8ee55/spectrum.txt,99a89bf17af508e87251a07f5cf4ec0df10f5e6eed4a659299b8f88b9b69f3c6,18901,dab,1902.3186150318943,original-336,
dab-f3e9000fdd2fd629379b634a,DAB,30000,8.5,4,production,COMPLETE_NUMERICAL,COMPLETE_NUMERICAL,COMPLETE_NUMERICAL,0a74fdbe06596fc145f5169a3b239ddd67053141,"{""abundances"":null,""allard_minimum_effective_temperature"":9000.0,""atmosphere_solver"":""adaptive-newton"",""balmer_self_broadening_prescription"":null,""balmer_self_broadening_truncation_closure"":""stark-core"",""effective_temperature"":30000,""formal_maximum_metal_lines"":null,""formal_minimum_metal_oscillator_strength"":0.0001,""h2_he_cia_path"":null,""include_molecules"":false,""log_hydrogen_to_helium"":4,""logg"":8.5,""lyman_profile_source"":""allard"",""maximum_metal_charge"":4,""metal_classical_electron_stark"":false,""metal_line_supplements"":[],""mixing_length_alpha"":1.25,""neutral_broadening"":""unsold"",""photospheric_depth_concentration"":1.0,""quality"":""production"",""structure_opacity_sampling_resolution"":1000.0,""synthesis_transfer_depth_refinement"":4}",models/dab-f3e9000fdd2fd629379b634a/spectrum.txt,0fab6b1b658ea7de266c8e5b577515cd55ec1a940f2247e59be3ca6d0500d46d,18901,dab,1758.5799786190037,original-336,
dab-7aa070fb347a9beb4862f445,DAB,30000,9,-6,production,COMPLETE_NUMERICAL,COMPLETE_NUMERICAL,COMPLETE_NUMERICAL,0a74fdbe06596fc145f5169a3b239ddd67053141,"{""abundances"":null,""allard_minimum_effective_temperature"":9000.0,""atmosphere_solver"":""adaptive-newton"",""balmer_self_broadening_prescription"":null,""balmer_self_broadening_truncation_closure"":""stark-core"",""effective_temperature"":30000,""formal_maximum_metal_lines"":null,""formal_minimum_metal_oscillator_strength"":0.0001,""h2_he_cia_path"":null,""include_molecules"":false,""log_hydrogen_to_helium"":-6,""logg"":9,""lyman_profile_source"":""allard"",""maximum_metal_charge"":4,""metal_classical_electron_stark"":false,""metal_line_supplements"":[],""mixing_length_alpha"":1.25,""neutral_broadening"":""unsold"",""photospheric_depth_concentration"":1.0,""quality"":""production"",""structure_opacity_sampling_resolution"":1000.0,""synthesis_transfer_depth_refinement"":4}",models/dab-7aa070fb347a9beb4862f445/spectrum.txt,264cf82e30633fac9a3cfbdaf8981b52f7e21515db7584b18fc4c1ccb3a8af4c,18901,dab,3995.3932445968967,original-336,
dab-13382302d62427efb5075387,DAB,30000,9,-4,production,COMPLETE_NUMERICAL,COMPLETE_NUMERICAL,COMPLETE_NUMERICAL,0a74fdbe06596fc145f5169a3b239ddd67053141,"{""abundances"":null,""allard_minimum_effective_temperature"":9000.0,""atmosphere_solver"":""adaptive-newton"",""balmer_self_broadening_prescription"":null,""balmer_self_broadening_truncation_closure"":""stark-core"",""effective_temperature"":30000,""formal_maximum_metal_lines"":null,""formal_minimum_metal_oscillator_strength"":0.0001,""h2_he_cia_path"":null,""include_molecules"":false,""log_hydrogen_to_helium"":-4,""logg"":9,""lyman_profile_source"":""allard"",""maximum_metal_charge"":4,""metal_classical_electron_stark"":false,""metal_line_supplements"":[],""mixing_length_alpha"":1.25,""neutral_broadening"":""unsold"",""photospheric_depth_concentration"":1.0,""quality"":""production"",""structure_opacity_sampling_resolution"":1000.0,""synthesis_transfer_depth_refinement"":4}",models/dab-13382302d62427efb5075387/spectrum.txt,d4ec8acedb7676494c8c4f9c41b0e7587f33c51e06995727fa073bc0f4d5709a,18901,dab,4706.831984358141,original-336,
dab-cb5f5b1adf34660531daa209,DAB,30000,9,-2,production,COMPLETE_NUMERICAL,COMPLETE_NUMERICAL,COMPLETE_NUMERICAL,0a74fdbe06596fc145f5169a3b239ddd67053141,"{""abundances"":null,""allard_minimum_effective_temperature"":9000.0,""atmosphere_solver"":""adaptive-newton"",""balmer_self_broadening_prescription"":null,""balmer_self_broadening_truncation_closure"":""stark-core"",""effective_temperature"":30000,""formal_maximum_metal_lines"":null,""formal_minimum_metal_oscillator_strength"":0.0001,""h2_he_cia_path"":null,""include_molecules"":false,""log_hydrogen_to_helium"":-2,""logg"":9,""lyman_profile_source"":""allard"",""maximum_metal_charge"":4,""metal_classical_electron_stark"":false,""metal_line_supplements"":[],""mixing_length_alpha"":1.25,""neutral_broadening"":""unsold"",""photospheric_depth_concentration"":1.0,""quality"":""production"",""structure_opacity_sampling_resolution"":1000.0,""synthesis_transfer_depth_refinement"":4}",models/dab-cb5f5b1adf34660531daa209/spectrum.txt,c55cd649d45daa96f60f5a66ee6adb5ef1e159f4fe56bdbf140a322df833c20d,18901,dab,2621.8602412219625,original-336,
dab-5613d155b7a0eefde495b17b,DAB,30000,9,0,production,COMPLETE_NUMERICAL,COMPLETE_NUMERICAL,COMPLETE_NUMERICAL,0a74fdbe06596fc145f5169a3b239ddd67053141,"{""abundances"":null,""allard_minimum_effective_temperature"":9000.0,""atmosphere_solver"":""adaptive-newton"",""balmer_self_broadening_prescription"":null,""balmer_self_broadening_truncation_closure"":""stark-core"",""effective_temperature"":30000,""formal_maximum_metal_lines"":null,""formal_minimum_metal_oscillator_strength"":0.0001,""h2_he_cia_path"":null,""include_molecules"":false,""log_hydrogen_to_helium"":0,""logg"":9,""lyman_profile_source"":""allard"",""maximum_metal_charge"":4,""metal_classical_electron_stark"":false,""metal_line_supplements"":[],""mixing_length_alpha"":1.25,""neutral_broadening"":""unsold"",""photospheric_depth_concentration"":1.0,""quality"":""production"",""structure_opacity_sampling_resolution"":1000.0,""synthesis_transfer_depth_refinement"":4}",models/dab-5613d155b7a0eefde495b17b/spectrum.txt,74398b4f5d61801c9e2ce3f439b973ec08f59bfbee830a2a4ab6ac06a46a941c,18901,dab,2373.194024629891,original-336,
dab-2c373b87284962b0e50e4a98,DAB,30000,9,2,production,COMPLETE_NUMERICAL,COMPLETE_NUMERICAL,COMPLETE_NUMERICAL,0a74fdbe06596fc145f5169a3b239ddd67053141,"{""abundances"":null,""allard_minimum_effective_temperature"":9000.0,""atmosphere_solver"":""adaptive-newton"",""balmer_self_broadening_prescription"":null,""balmer_self_broadening_truncation_closure"":""stark-core"",""effective_temperature"":30000,""formal_maximum_metal_lines"":null,""formal_minimum_metal_oscillator_strength"":0.0001,""h2_he_cia_path"":null,""include_molecules"":false,""log_hydrogen_to_helium"":2,""logg"":9,""lyman_profile_source"":""allard"",""maximum_metal_charge"":4,""metal_classical_electron_stark"":false,""metal_line_supplements"":[],""mixing_length_alpha"":1.25,""neutral_broadening"":""unsold"",""photospheric_depth_concentration"":1.0,""quality"":""production"",""structure_opacity_sampling_resolution"":1000.0,""synthesis_transfer_depth_refinement"":4}",models/dab-2c373b87284962b0e50e4a98/spectrum.txt,3bcccd792b1cfa11f635301e35d7f3c03d3b3ffef47d8ed0a2da16268304837b,18901,dab,2239.760773319984,original-336,
dab-4eaf2d5e20724b792a8542ef,DAB,30000,9,4,production,COMPLETE_NUMERICAL,COMPLETE_NUMERICAL,COMPLETE_NUMERICAL,0a74fdbe06596fc145f5169a3b239ddd67053141,"{""abundances"":null,""allard_minimum_effective_temperature"":9000.0,""atmosphere_solver"":""adaptive-newton"",""balmer_self_broadening_prescription"":null,""balmer_self_broadening_truncation_closure"":""stark-core"",""effective_temperature"":30000,""formal_maximum_metal_lines"":null,""formal_minimum_metal_oscillator_strength"":0.0001,""h2_he_cia_path"":null,""include_molecules"":false,""log_hydrogen_to_helium"":4,""logg"":9,""lyman_profile_source"":""allard"",""maximum_metal_charge"":4,""metal_classical_electron_stark"":false,""metal_line_supplements"":[],""mixing_length_alpha"":1.25,""neutral_broadening"":""unsold"",""photospheric_depth_concentration"":1.0,""quality"":""production"",""structure_opacity_sampling_resolution"":1000.0,""synthesis_transfer_depth_refinement"":4}",models/dab-4eaf2d5e20724b792a8542ef/spectrum.txt,31dca6951d773f299659355f73f6b47835c266b86d2a4d60366884295e20ba18,18901,dab,1841.1733511961065,original-336,
dab-ce6503d5942ba2156ef6b4cc,DAB,30000,9.5,-6,production,COMPLETE_NUMERICAL,COMPLETE_NUMERICAL,COMPLETE_NUMERICAL,0a74fdbe06596fc145f5169a3b239ddd67053141,"{""abundances"":null,""allard_minimum_effective_temperature"":9000.0,""atmosphere_solver"":""adaptive-newton"",""balmer_self_broadening_prescription"":null,""balmer_self_broadening_truncation_closure"":""stark-core"",""effective_temperature"":30000,""formal_maximum_metal_lines"":null,""formal_minimum_metal_oscillator_strength"":0.0001,""h2_he_cia_path"":null,""include_molecules"":false,""log_hydrogen_to_helium"":-6,""logg"":9.5,""lyman_profile_source"":""allard"",""maximum_metal_charge"":4,""metal_classical_electron_stark"":false,""metal_line_supplements"":[],""mixing_length_alpha"":1.25,""neutral_broadening"":""unsold"",""photospheric_depth_concentration"":1.0,""quality"":""production"",""structure_opacity_sampling_resolution"":1000.0,""synthesis_transfer_depth_refinement"":4}",models/dab-ce6503d5942ba2156ef6b4cc/spectrum.txt,44a9f9879faf307f11d11ab460172b2c9a0483488f1be9f96af41d039949b6f9,18901,dab,4006.6859698500484,original-336,
dab-a98df4886906093849683102,DAB,30000,9.5,-4,production,COMPLETE_NUMERICAL,COMPLETE_NUMERICAL,COMPLETE_NUMERICAL,0a74fdbe06596fc145f5169a3b239ddd67053141,"{""abundances"":null,""allard_minimum_effective_temperature"":9000.0,""atmosphere_solver"":""adaptive-newton"",""balmer_self_broadening_prescription"":null,""balmer_self_broadening_truncation_closure"":""stark-core"",""effective_temperature"":30000,""formal_maximum_metal_lines"":null,""formal_minimum_metal_oscillator_strength"":0.0001,""h2_he_cia_path"":null,""include_molecules"":false,""log_hydrogen_to_helium"":-4,""logg"":9.5,""lyman_profile_source"":""allard"",""maximum_metal_charge"":4,""metal_classical_electron_stark"":false,""metal_line_supplements"":[],""mixing_length_alpha"":1.25,""neutral_broadening"":""unsold"",""photospheric_depth_concentration"":1.0,""quality"":""production"",""structure_opacity_sampling_resolution"":1000.0,""synthesis_transfer_depth_refinement"":4}",models/dab-a98df4886906093849683102/spectrum.txt,01180d109d2ea0226024a3cfdaa59170443702d6fd04391f86533fc968e662c8,18901,dab,4234.242217543069,original-336,
dab-4b123f7974489cf8cf126575,DAB,30000,9.5,-2,production,COMPLETE_NUMERICAL,COMPLETE_NUMERICAL,COMPLETE_NUMERICAL,0a74fdbe06596fc145f5169a3b239ddd67053141,"{""abundances"":null,""allard_minimum_effective_temperature"":9000.0,""atmosphere_solver"":""adaptive-newton"",""balmer_self_broadening_prescription"":null,""balmer_self_broadening_truncation_closure"":""stark-core"",""effective_temperature"":30000,""formal_maximum_metal_lines"":null,""formal_minimum_metal_oscillator_strength"":0.0001,""h2_he_cia_path"":null,""include_molecules"":false,""log_hydrogen_to_helium"":-2,""logg"":9.5,""lyman_profile_source"":""allard"",""maximum_metal_charge"":4,""metal_classical_electron_stark"":false,""metal_line_supplements"":[],""mixing_length_alpha"":1.25,""neutral_broadening"":""unsold"",""photospheric_depth_concentration"":1.0,""quality"":""production"",""structure_opacity_sampling_resolution"":1000.0,""synthesis_transfer_depth_refinement"":4}",models/dab-4b123f7974489cf8cf126575/spectrum.txt,67e0e4e081362a9a3327d3589b6cf1b020ee67ab27f1fee194fa53f2d8397b71,18901,dab,2562.941922125872,original-336,
dab-ba722bcf72664359b7cf2c35,DAB,30000,9.5,0,production,COMPLETE_NUMERICAL,COMPLETE_NUMERICAL,COMPLETE_NUMERICAL,0a74fdbe06596fc145f5169a3b239ddd67053141,"{""abundances"":null,""allard_minimum_effective_temperature"":9000.0,""atmosphere_solver"":""adaptive-newton"",""balmer_self_broadening_prescription"":null,""balmer_self_broadening_truncation_closure"":""stark-core"",""effective_temperature"":30000,""formal_maximum_metal_lines"":null,""formal_minimum_metal_oscillator_strength"":0.0001,""h2_he_cia_path"":null,""include_molecules"":false,""log_hydrogen_to_helium"":0,""logg"":9.5,""lyman_profile_source"":""allard"",""maximum_metal_charge"":4,""metal_classical_electron_stark"":false,""metal_line_supplements"":[],""mixing_length_alpha"":1.25,""neutral_broadening"":""unsold"",""photospheric_depth_concentration"":1.0,""quality"":""production"",""structure_opacity_sampling_resolution"":1000.0,""synthesis_transfer_depth_refinement"":4}",models/dab-ba722bcf72664359b7cf2c35/spectrum.txt,49042d82c1b52599c1cab4f986874a49111f6f1d9108c30f730c30922d3eeff1,18901,dab,2456.2207377981395,original-336,
dab-63dea4d6c5bcf4de2bddb362,DAB,30000,9.5,2,production,COMPLETE_NUMERICAL,COMPLETE_NUMERICAL,COMPLETE_NUMERICAL,0a74fdbe06596fc145f5169a3b239ddd67053141,"{""abundances"":null,""allard_minimum_effective_temperature"":9000.0,""atmosphere_solver"":""adaptive-newton"",""balmer_self_broadening_prescription"":null,""balmer_self_broadening_truncation_closure"":""stark-core"",""effective_temperature"":30000,""formal_maximum_metal_lines"":null,""formal_minimum_metal_oscillator_strength"":0.0001,""h2_he_cia_path"":null,""include_molecules"":false,""log_hydrogen_to_helium"":2,""logg"":9.5,""lyman_profile_source"":""allard"",""maximum_metal_charge"":4,""metal_classical_electron_stark"":false,""metal_line_supplements"":[],""mixing_length_alpha"":1.25,""neutral_broadening"":""unsold"",""photospheric_depth_concentration"":1.0,""quality"":""production"",""structure_opacity_sampling_resolution"":1000.0,""synthesis_transfer_depth_refinement"":4}",models/dab-63dea4d6c5bcf4de2bddb362/spectrum.txt,792ec3a5d7dd6914b7ab4fe5e0ba94578c23b75e8060d23ddd64bf9d7c225a68,18901,dab,2240.97539723292,original-336,
dab-1a901f2c74cd1028fb92717a,DAB,30000,9.5,4,production,COMPLETE_NUMERICAL,COMPLETE_NUMERICAL,COMPLETE_NUMERICAL,0a74fdbe06596fc145f5169a3b239ddd67053141,"{""abundances"":null,""allard_minimum_effective_temperature"":9000.0,""atmosphere_solver"":""adaptive-newton"",""balmer_self_broadening_prescription"":null,""balmer_self_broadening_truncation_closure"":""stark-core"",""effective_temperature"":30000,""formal_maximum_metal_lines"":null,""formal_minimum_metal_oscillator_strength"":0.0001,""h2_he_cia_path"":null,""include_molecules"":false,""log_hydrogen_to_helium"":4,""logg"":9.5,""lyman_profile_source"":""allard"",""maximum_metal_charge"":4,""metal_classical_electron_stark"":false,""metal_line_supplements"":[],""mixing_length_alpha"":1.25,""neutral_broadening"":""unsold"",""photospheric_depth_concentration"":1.0,""quality"":""production"",""structure_opacity_sampling_resolution"":1000.0,""synthesis_transfer_depth_refinement"":4}",models/dab-1a901f2c74cd1028fb92717a/spectrum.txt,6d2c5c413573406793292101e173affafcce6e46d27b6cf8417d7cb5530fc30c,18901,dab,2030.0974412020296,original-336,
dab-ca86d7cf7cb176304ade6ae6,DAB,35000,6,-6,production,COMPLETE_NUMERICAL,COMPLETE_NUMERICAL,COMPLETE_NUMERICAL,0a74fdbe06596fc145f5169a3b239ddd67053141,"{""abundances"":null,""allard_minimum_effective_temperature"":9000.0,""atmosphere_solver"":""adaptive-newton"",""balmer_self_broadening_prescription"":null,""balmer_self_broadening_truncation_closure"":""stark-core"",""effective_temperature"":35000,""formal_maximum_metal_lines"":null,""formal_minimum_metal_oscillator_strength"":0.0001,""h2_he_cia_path"":null,""include_molecules"":false,""log_hydrogen_to_helium"":-6,""logg"":6,""lyman_profile_source"":""allard"",""maximum_metal_charge"":4,""metal_classical_electron_stark"":false,""metal_line_supplements"":[],""mixing_length_alpha"":1.25,""neutral_broadening"":""unsold"",""photospheric_depth_concentration"":1.0,""quality"":""production"",""structure_opacity_sampling_resolution"":1000.0,""synthesis_transfer_depth_refinement"":4}",models/dab-ca86d7cf7cb176304ade6ae6/spectrum.txt,0fd73b9e5ed8fe7ecc2db22131f7741a7afdb3e40392db4d21809a2c580c2bb2,18901,dab,4378.804098586086,original-336,
dab-a646260fd247eaab82d98c41,DAB,35000,6,-4,production,COMPLETE_NUMERICAL,COMPLETE_NUMERICAL,COMPLETE_NUMERICAL,0a74fdbe06596fc145f5169a3b239ddd67053141,"{""abundances"":null,""allard_minimum_effective_temperature"":9000.0,""atmosphere_solver"":""adaptive-newton"",""balmer_self_broadening_prescription"":null,""balmer_self_broadening_truncation_closure"":""stark-core"",""effective_temperature"":35000,""formal_maximum_metal_lines"":null,""formal_minimum_metal_oscillator_strength"":0.0001,""h2_he_cia_path"":null,""include_molecules"":false,""log_hydrogen_to_helium"":-4,""logg"":6,""lyman_profile_source"":""allard"",""maximum_metal_charge"":4,""metal_classical_electron_stark"":false,""metal_line_supplements"":[],""mixing_length_alpha"":1.25,""neutral_broadening"":""unsold"",""photospheric_depth_concentration"":1.0,""quality"":""production"",""structure_opacity_sampling_resolution"":1000.0,""synthesis_transfer_depth_refinement"":4}",models/dab-a646260fd247eaab82d98c41/spectrum.txt,2c4213fa220e952dfbf14e644fc7e81ac199cb9818bed02c83d87b60c42ac391,18901,dab,4289.100684342906,original-336,
dab-a72683e89dd03f3922173a0d,DAB,35000,6,-2,production,COMPLETE_NUMERICAL,COMPLETE_NUMERICAL,COMPLETE_NUMERICAL,0a74fdbe06596fc145f5169a3b239ddd67053141,"{""abundances"":null,""allard_minimum_effective_temperature"":9000.0,""atmosphere_solver"":""adaptive-newton"",""balmer_self_broadening_prescription"":null,""balmer_self_broadening_truncation_closure"":""stark-core"",""effective_temperature"":35000,""formal_maximum_metal_lines"":null,""formal_minimum_metal_oscillator_strength"":0.0001,""h2_he_cia_path"":null,""include_molecules"":false,""log_hydrogen_to_helium"":-2,""logg"":6,""lyman_profile_source"":""allard"",""maximum_metal_charge"":4,""metal_classical_electron_stark"":false,""metal_line_supplements"":[],""mixing_length_alpha"":1.25,""neutral_broadening"":""unsold"",""photospheric_depth_concentration"":1.0,""quality"":""production"",""structure_opacity_sampling_resolution"":1000.0,""synthesis_transfer_depth_refinement"":4}",models/dab-a72683e89dd03f3922173a0d/spectrum.txt,9c113aa1b4f5d3d68fbbbcfa4a2499a3a95f693900268a9b0bcbcc80efbd08dc,18901,dab,1716.1407441808842,original-336,
dab-5113b5ff00aececc780d3e2e,DAB,35000,6,0,production,COMPLETE_NUMERICAL,COMPLETE_NUMERICAL,COMPLETE_NUMERICAL,0a74fdbe06596fc145f5169a3b239ddd67053141,"{""abundances"":null,""allard_minimum_effective_temperature"":9000.0,""atmosphere_solver"":""adaptive-newton"",""balmer_self_broadening_prescription"":null,""balmer_self_broadening_truncation_closure"":""stark-core"",""effective_temperature"":35000,""formal_maximum_metal_lines"":null,""formal_minimum_metal_oscillator_strength"":0.0001,""h2_he_cia_path"":null,""include_molecules"":false,""log_hydrogen_to_helium"":0,""logg"":6,""lyman_profile_source"":""allard"",""maximum_metal_charge"":4,""metal_classical_electron_stark"":false,""metal_line_supplements"":[],""mixing_length_alpha"":1.25,""neutral_broadening"":""unsold"",""photospheric_depth_concentration"":1.0,""quality"":""production"",""structure_opacity_sampling_resolution"":1000.0,""synthesis_transfer_depth_refinement"":4}",models/dab-5113b5ff00aececc780d3e2e/spectrum.txt,668ec89ebb84f1a183776f9438f3cf4d555d52707a48cf74fc1b64f45e56b64d,18901,dab,1783.2567755391356,original-336,
dab-5b7b7e742353d6b4e1f07101,DAB,35000,6,2,production,COMPLETE_NUMERICAL,COMPLETE_NUMERICAL,COMPLETE_NUMERICAL,0a74fdbe06596fc145f5169a3b239ddd67053141,"{""abundances"":null,""allard_minimum_effective_temperature"":9000.0,""atmosphere_solver"":""adaptive-newton"",""balmer_self_broadening_prescription"":null,""balmer_self_broadening_truncation_closure"":""stark-core"",""effective_temperature"":35000,""formal_maximum_metal_lines"":null,""formal_minimum_metal_oscillator_strength"":0.0001,""h2_he_cia_path"":null,""include_molecules"":false,""log_hydrogen_to_helium"":2,""logg"":6,""lyman_profile_source"":""allard"",""maximum_metal_charge"":4,""metal_classical_electron_stark"":false,""metal_line_supplements"":[],""mixing_length_alpha"":1.25,""neutral_broadening"":""unsold"",""photospheric_depth_concentration"":1.0,""quality"":""production"",""structure_opacity_sampling_resolution"":1000.0,""synthesis_transfer_depth_refinement"":4}",models/dab-5b7b7e742353d6b4e1f07101/spectrum.txt,53ef5afe5f57a8f3f147352f6866cdc7b45a16917498867410c6713523420fc8,18901,dab,2015.009809709154,original-336,
dab-735d663fd175ad76246921f6,DAB,35000,6,4,production,COMPLETE_NUMERICAL,COMPLETE_NUMERICAL,COMPLETE_NUMERICAL,0a74fdbe06596fc145f5169a3b239ddd67053141,"{""abundances"":null,""allard_minimum_effective_temperature"":9000.0,""atmosphere_solver"":""adaptive-newton"",""balmer_self_broadening_prescription"":null,""balmer_self_broadening_truncation_closure"":""stark-core"",""effective_temperature"":35000,""formal_maximum_metal_lines"":null,""formal_minimum_metal_oscillator_strength"":0.0001,""h2_he_cia_path"":null,""include_molecules"":false,""log_hydrogen_to_helium"":4,""logg"":6,""lyman_profile_source"":""allard"",""maximum_metal_charge"":4,""metal_classical_electron_stark"":false,""metal_line_supplements"":[],""mixing_length_alpha"":1.25,""neutral_broadening"":""unsold"",""photospheric_depth_concentration"":1.0,""quality"":""production"",""structure_opacity_sampling_resolution"":1000.0,""synthesis_transfer_depth_refinement"":4}",models/dab-735d663fd175ad76246921f6/spectrum.txt,ba6b38b28ec5a75881b0504708d8c34541789e5e26c49d2bfc3f6ec163ddb127,18901,dab,2060.173072292935,original-336,
dab-77326f89448bc997fb0158e5,DAB,35000,6.5,-6,production,COMPLETE_NUMERICAL,COMPLETE_NUMERICAL,COMPLETE_NUMERICAL,0a74fdbe06596fc145f5169a3b239ddd67053141,"{""abundances"":null,""allard_minimum_effective_temperature"":9000.0,""atmosphere_solver"":""adaptive-newton"",""balmer_self_broadening_prescription"":null,""balmer_self_broadening_truncation_closure"":""stark-core"",""effective_temperature"":35000,""formal_maximum_metal_lines"":null,""formal_minimum_metal_oscillator_strength"":0.0001,""h2_he_cia_path"":null,""include_molecules"":false,""log_hydrogen_to_helium"":-6,""logg"":6.5,""lyman_profile_source"":""allard"",""maximum_metal_charge"":4,""metal_classical_electron_stark"":false,""metal_line_supplements"":[],""mixing_length_alpha"":1.25,""neutral_broadening"":""unsold"",""photospheric_depth_concentration"":1.0,""quality"":""production"",""structure_opacity_sampling_resolution"":1000.0,""synthesis_transfer_depth_refinement"":4}",models/dab-77326f89448bc997fb0158e5/spectrum.txt,17b43920dff867caeb5383e2f3e9875d225d87e897e5c63759c605af0fc09e8b,18901,dab,1546.8504704879597,original-336,
dab-72b7ca913a3b73296aab5773,DAB,35000,6.5,-4,production,COMPLETE_NUMERICAL,COMPLETE_NUMERICAL,COMPLETE_NUMERICAL,0a74fdbe06596fc145f5169a3b239ddd67053141,"{""abundances"":null,""allard_minimum_effective_temperature"":9000.0,""atmosphere_solver"":""adaptive-newton"",""balmer_self_broadening_prescription"":null,""balmer_self_broadening_truncation_closure"":""stark-core"",""effective_temperature"":35000,""formal_maximum_metal_lines"":null,""formal_minimum_metal_oscillator_strength"":0.0001,""h2_he_cia_path"":null,""include_molecules"":false,""log_hydrogen_to_helium"":-4,""logg"":6.5,""lyman_profile_source"":""allard"",""maximum_metal_charge"":4,""metal_classical_electron_stark"":false,""metal_line_supplements"":[],""mixing_length_alpha"":1.25,""neutral_broadening"":""unsold"",""photospheric_depth_concentration"":1.0,""quality"":""production"",""structure_opacity_sampling_resolution"":1000.0,""synthesis_transfer_depth_refinement"":4}",models/dab-72b7ca913a3b73296aab5773/spectrum.txt,bf471e0d1afead83fbcc3ec099f6371524037d9a0cbd1a68a191e8c8b260833c,18901,dab,1787.8138800729066,original-336,
dab-74620e88c36a1b851fe4b6de,DAB,35000,6.5,-2,production,COMPLETE_NUMERICAL,COMPLETE_NUMERICAL,COMPLETE_NUMERICAL,0a74fdbe06596fc145f5169a3b239ddd67053141,"{""abundances"":null,""allard_minimum_effective_temperature"":9000.0,""atmosphere_solver"":""adaptive-newton"",""balmer_self_broadening_prescription"":null,""balmer_self_broadening_truncation_closure"":""stark-core"",""effective_temperature"":35000,""formal_maximum_metal_lines"":null,""formal_minimum_metal_oscillator_strength"":0.0001,""h2_he_cia_path"":null,""include_molecules"":false,""log_hydrogen_to_helium"":-2,""logg"":6.5,""lyman_profile_source"":""allard"",""maximum_metal_charge"":4,""metal_classical_electron_stark"":false,""metal_line_supplements"":[],""mixing_length_alpha"":1.25,""neutral_broadening"":""unsold"",""photospheric_depth_concentration"":1.0,""quality"":""production"",""structure_opacity_sampling_resolution"":1000.0,""synthesis_transfer_depth_refinement"":4}",models/dab-74620e88c36a1b851fe4b6de/spectrum.txt,f92fc3f175c070fc4bb702043789221b4530c0a1aab8711ceebd2dfeaced2966,18901,dab,4281.707295967033,original-336,
dab-93b02f0b613ba3f513fa7d30,DAB,35000,6.5,0,production,COMPLETE_NUMERICAL,COMPLETE_NUMERICAL,COMPLETE_NUMERICAL,0a74fdbe06596fc145f5169a3b239ddd67053141,"{""abundances"":null,""allard_minimum_effective_temperature"":9000.0,""atmosphere_solver"":""adaptive-newton"",""balmer_self_broadening_prescription"":null,""balmer_self_broadening_truncation_closure"":""stark-core"",""effective_temperature"":35000,""formal_maximum_metal_lines"":null,""formal_minimum_metal_oscillator_strength"":0.0001,""h2_he_cia_path"":null,""include_molecules"":false,""log_hydrogen_to_helium"":0,""logg"":6.5,""lyman_profile_source"":""allard"",""maximum_metal_charge"":4,""metal_classical_electron_stark"":false,""metal_line_supplements"":[],""mixing_length_alpha"":1.25,""neutral_broadening"":""unsold"",""photospheric_depth_concentration"":1.0,""quality"":""production"",""structure_opacity_sampling_resolution"":1000.0,""synthesis_transfer_depth_refinement"":4}",models/dab-93b02f0b613ba3f513fa7d30/spectrum.txt,0aac47a080a5c285bb9cf271e77b3bf8c9d36c7ad27d97ba1781d63e9aea1e19,18901,dab,1763.2313643950038,original-336,
dab-089d9f0ccb42b3479aa6d38a,DAB,35000,6.5,2,production,COMPLETE_NUMERICAL,COMPLETE_NUMERICAL,COMPLETE_NUMERICAL,0a74fdbe06596fc145f5169a3b239ddd67053141,"{""abundances"":null,""allard_minimum_effective_temperature"":9000.0,""atmosphere_solver"":""adaptive-newton"",""balmer_self_broadening_prescription"":null,""balmer_self_broadening_truncation_closure"":""stark-core"",""effective_temperature"":35000,""formal_maximum_metal_lines"":null,""formal_minimum_metal_oscillator_strength"":0.0001,""h2_he_cia_path"":null,""include_molecules"":false,""log_hydrogen_to_helium"":2,""logg"":6.5,""lyman_profile_source"":""allard"",""maximum_metal_charge"":4,""metal_classical_electron_stark"":false,""metal_line_supplements"":[],""mixing_length_alpha"":1.25,""neutral_broadening"":""unsold"",""photospheric_depth_concentration"":1.0,""quality"":""production"",""structure_opacity_sampling_resolution"":1000.0,""synthesis_transfer_depth_refinement"":4}",models/dab-089d9f0ccb42b3479aa6d38a/spectrum.txt,288c6b3edfd4e422175c347f41accc57cb818267aac982a2a2083ca76bd801df,18901,dab,1738.5198160698637,original-336,
dab-e526cabf25b3bb75e7a3076f,DAB,35000,6.5,4,production,COMPLETE_NUMERICAL,COMPLETE_NUMERICAL,COMPLETE_NUMERICAL,0a74fdbe06596fc145f5169a3b239ddd67053141,"{""abundances"":null,""allard_minimum_effective_temperature"":9000.0,""atmosphere_solver"":""adaptive-newton"",""balmer_self_broadening_prescription"":null,""balmer_self_broadening_truncation_closure"":""stark-core"",""effective_temperature"":35000,""formal_maximum_metal_lines"":null,""formal_minimum_metal_oscillator_strength"":0.0001,""h2_he_cia_path"":null,""include_molecules"":false,""log_hydrogen_to_helium"":4,""logg"":6.5,""lyman_profile_source"":""allard"",""maximum_metal_charge"":4,""metal_classical_electron_stark"":false,""metal_line_supplements"":[],""mixing_length_alpha"":1.25,""neutral_broadening"":""unsold"",""photospheric_depth_concentration"":1.0,""quality"":""production"",""structure_opacity_sampling_resolution"":1000.0,""synthesis_transfer_depth_refinement"":4}",models/dab-e526cabf25b3bb75e7a3076f/spectrum.txt,fb740158c86d14ceae054cea8e0125cdc8f80be3a3c318c4dce826fdf2cf2f5c,18901,dab,2086.849267528858,original-336,
dab-f4f22b811a30c43c6ad79239,DAB,35000,7,-6,production,COMPLETE_NUMERICAL,COMPLETE_NUMERICAL,COMPLETE_NUMERICAL,0a74fdbe06596fc145f5169a3b239ddd67053141,"{""abundances"":null,""allard_minimum_effective_temperature"":9000.0,""atmosphere_solver"":""adaptive-newton"",""balmer_self_broadening_prescription"":null,""balmer_self_broadening_truncation_closure"":""stark-core"",""effective_temperature"":35000,""formal_maximum_metal_lines"":null,""formal_minimum_metal_oscillator_strength"":0.0001,""h2_he_cia_path"":null,""include_molecules"":false,""log_hydrogen_to_helium"":-6,""logg"":7,""lyman_profile_source"":""allard"",""maximum_metal_charge"":4,""metal_classical_electron_stark"":false,""metal_line_supplements"":[],""mixing_length_alpha"":1.25,""neutral_broadening"":""unsold"",""photospheric_depth_concentration"":1.0,""quality"":""production"",""structure_opacity_sampling_resolution"":1000.0,""synthesis_transfer_depth_refinement"":4}",models/dab-f4f22b811a30c43c6ad79239/spectrum.txt,8db73e5a77d50908aaf201badfd125063e4239c72d83147046765101fb2f1ebc,18901,dab,1967.5623648590408,original-336,
dab-d32f179b7a569760c4a14a39,DAB,35000,7,-4,production,COMPLETE_NUMERICAL,COMPLETE_NUMERICAL,COMPLETE_NUMERICAL,0a74fdbe06596fc145f5169a3b239ddd67053141,"{""abundances"":null,""allard_minimum_effective_temperature"":9000.0,""atmosphere_solver"":""adaptive-newton"",""balmer_self_broadening_prescription"":null,""balmer_self_broadening_truncation_closure"":""stark-core"",""effective_temperature"":35000,""formal_maximum_metal_lines"":null,""formal_minimum_metal_oscillator_strength"":0.0001,""h2_he_cia_path"":null,""include_molecules"":false,""log_hydrogen_to_helium"":-4,""logg"":7,""lyman_profile_source"":""allard"",""maximum_metal_charge"":4,""metal_classical_electron_stark"":false,""metal_line_supplements"":[],""mixing_length_alpha"":1.25,""neutral_broadening"":""unsold"",""photospheric_depth_concentration"":1.0,""quality"":""production"",""structure_opacity_sampling_resolution"":1000.0,""synthesis_transfer_depth_refinement"":4}",models/dab-d32f179b7a569760c4a14a39/spectrum.txt,19c45d8fb1f459ba442af80d0806cfdf2e09b77b2a69b19b93100ed29f8c1e9f,18901,dab,2055.0553052290343,original-336,
dab-122e1778144eef21b51de551,DAB,35000,7,-2,production,COMPLETE_NUMERICAL,COMPLETE_NUMERICAL,COMPLETE_NUMERICAL,0a74fdbe06596fc145f5169a3b239ddd67053141,"{""abundances"":null,""allard_minimum_effective_temperature"":9000.0,""atmosphere_solver"":""adaptive-newton"",""balmer_self_broadening_prescription"":null,""balmer_self_broadening_truncation_closure"":""stark-core"",""effective_temperature"":35000,""formal_maximum_metal_lines"":null,""formal_minimum_metal_oscillator_strength"":0.0001,""h2_he_cia_path"":null,""include_molecules"":false,""log_hydrogen_to_helium"":-2,""logg"":7,""lyman_profile_source"":""allard"",""maximum_metal_charge"":4,""metal_classical_electron_stark"":false,""metal_line_supplements"":[],""mixing_length_alpha"":1.25,""neutral_broadening"":""unsold"",""photospheric_depth_concentration"":1.0,""quality"":""production"",""structure_opacity_sampling_resolution"":1000.0,""synthesis_transfer_depth_refinement"":4}",models/dab-122e1778144eef21b51de551/spectrum.txt,21a23fc96e4fbaa72371b431dedcbbebe37df3cc2438bb66339c29535e5f4e8d,18901,dab,2296.154506011866,original-336,
dab-dbb1f31f7c0dbf7f7ead2b88,DAB,35000,7,0,production,COMPLETE_NUMERICAL,COMPLETE_NUMERICAL,COMPLETE_NUMERICAL,0a74fdbe06596fc145f5169a3b239ddd67053141,"{""abundances"":null,""allard_minimum_effective_temperature"":9000.0,""atmosphere_solver"":""adaptive-newton"",""balmer_self_broadening_prescription"":null,""balmer_self_broadening_truncation_closure"":""stark-core"",""effective_temperature"":35000,""formal_maximum_metal_lines"":null,""formal_minimum_metal_oscillator_strength"":0.0001,""h2_he_cia_path"":null,""include_molecules"":false,""log_hydrogen_to_helium"":0,""logg"":7,""lyman_profile_source"":""allard"",""maximum_metal_charge"":4,""metal_classical_electron_stark"":false,""metal_line_supplements"":[],""mixing_length_alpha"":1.25,""neutral_broadening"":""unsold"",""photospheric_depth_concentration"":1.0,""quality"":""production"",""structure_opacity_sampling_resolution"":1000.0,""synthesis_transfer_depth_refinement"":4}",models/dab-dbb1f31f7c0dbf7f7ead2b88/spectrum.txt,0e984c72cdf6795b622ea63ddb79444e2071622415f6b947db304cc9806db49e,18901,dab,1871.239410080947,original-336,
dab-5ba7076a95489c573f31390a,DAB,35000,7,2,production,COMPLETE_NUMERICAL,COMPLETE_NUMERICAL,COMPLETE_NUMERICAL,0a74fdbe06596fc145f5169a3b239ddd67053141,"{""abundances"":null,""allard_minimum_effective_temperature"":9000.0,""atmosphere_solver"":""adaptive-newton"",""balmer_self_broadening_prescription"":null,""balmer_self_broadening_truncation_closure"":""stark-core"",""effective_temperature"":35000,""formal_maximum_metal_lines"":null,""formal_minimum_metal_oscillator_strength"":0.0001,""h2_he_cia_path"":null,""include_molecules"":false,""log_hydrogen_to_helium"":2,""logg"":7,""lyman_profile_source"":""allard"",""maximum_metal_charge"":4,""metal_classical_electron_stark"":false,""metal_line_supplements"":[],""mixing_length_alpha"":1.25,""neutral_broadening"":""unsold"",""photospheric_depth_concentration"":1.0,""quality"":""production"",""structure_opacity_sampling_resolution"":1000.0,""synthesis_transfer_depth_refinement"":4}",models/dab-5ba7076a95489c573f31390a/spectrum.txt,1c952bd50260f36184039900b0de43f0a29a8ad50a24048e5dcf765b8967d7f5,18901,dab,2178.2211531379726,original-336,
dab-fd49b542509cff44b2075f9c,DAB,35000,7,4,production,COMPLETE_NUMERICAL,COMPLETE_NUMERICAL,COMPLETE_NUMERICAL,0a74fdbe06596fc145f5169a3b239ddd67053141,"{""abundances"":null,""allard_minimum_effective_temperature"":9000.0,""atmosphere_solver"":""adaptive-newton"",""balmer_self_broadening_prescription"":null,""balmer_self_broadening_truncation_closure"":""stark-core"",""effective_temperature"":35000,""formal_maximum_metal_lines"":null,""formal_minimum_metal_oscillator_strength"":0.0001,""h2_he_cia_path"":null,""include_molecules"":false,""log_hydrogen_to_helium"":4,""logg"":7,""lyman_profile_source"":""allard"",""maximum_metal_charge"":4,""metal_classical_electron_stark"":false,""metal_line_supplements"":[],""mixing_length_alpha"":1.25,""neutral_broadening"":""unsold"",""photospheric_depth_concentration"":1.0,""quality"":""production"",""structure_opacity_sampling_resolution"":1000.0,""synthesis_transfer_depth_refinement"":4}",models/dab-fd49b542509cff44b2075f9c/spectrum.txt,45a7a3b5379743ba1d3af2d6750448db9ef58cd79d7331194e0f66434352d9bc,18901,dab,1947.519353270065,original-336,
dab-21b8b0164108a7f5ae461302,DAB,35000,7.5,-6,production,COMPLETE_NUMERICAL,COMPLETE_NUMERICAL,COMPLETE_NUMERICAL,0a74fdbe06596fc145f5169a3b239ddd67053141,"{""abundances"":null,""allard_minimum_effective_temperature"":9000.0,""atmosphere_solver"":""adaptive-newton"",""balmer_self_broadening_prescription"":null,""balmer_self_broadening_truncation_closure"":""stark-core"",""effective_temperature"":35000,""formal_maximum_metal_lines"":null,""formal_minimum_metal_oscillator_strength"":0.0001,""h2_he_cia_path"":null,""include_molecules"":false,""log_hydrogen_to_helium"":-6,""logg"":7.5,""lyman_profile_source"":""allard"",""maximum_metal_charge"":4,""metal_classical_electron_stark"":false,""metal_line_supplements"":[],""mixing_length_alpha"":1.25,""neutral_broadening"":""unsold"",""photospheric_depth_concentration"":1.0,""quality"":""production"",""structure_opacity_sampling_resolution"":1000.0,""synthesis_transfer_depth_refinement"":4}",models/dab-21b8b0164108a7f5ae461302/spectrum.txt,35435e1b8ee98fd4593b5d1e1767bab00adc4d1f6163d838b59c369af0f9a269,18901,dab,2408.7693579399493,original-336,
dab-4743c90a9845a4cd9c7f7473,DAB,35000,7.5,-4,production,COMPLETE_NUMERICAL,COMPLETE_NUMERICAL,COMPLETE_NUMERICAL,0a74fdbe06596fc145f5169a3b239ddd67053141,"{""abundances"":null,""allard_minimum_effective_temperature"":9000.0,""atmosphere_solver"":""adaptive-newton"",""balmer_self_broadening_prescription"":null,""balmer_self_broadening_truncation_closure"":""stark-core"",""effective_temperature"":35000,""formal_maximum_metal_lines"":null,""formal_minimum_metal_oscillator_strength"":0.0001,""h2_he_cia_path"":null,""include_molecules"":false,""log_hydrogen_to_helium"":-4,""logg"":7.5,""lyman_profile_source"":""allard"",""maximum_metal_charge"":4,""metal_classical_electron_stark"":false,""metal_line_supplements"":[],""mixing_length_alpha"":1.25,""neutral_broadening"":""unsold"",""photospheric_depth_concentration"":1.0,""quality"":""production"",""structure_opacity_sampling_resolution"":1000.0,""synthesis_transfer_depth_refinement"":4}",models/dab-4743c90a9845a4cd9c7f7473/spectrum.txt,467a4477c3e0fe3a1b5a6e810f10db6750ce7607e699335c04c5448f2b3cfd28,18901,dab,1875.8150765870232,original-336,
dab-247f96423e5e9c1c38e7dca7,DAB,35000,7.5,-2,production,COMPLETE_NUMERICAL,COMPLETE_NUMERICAL,COMPLETE_NUMERICAL,0a74fdbe06596fc145f5169a3b239ddd67053141,"{""abundances"":null,""allard_minimum_effective_temperature"":9000.0,""atmosphere_solver"":""adaptive-newton"",""balmer_self_broadening_prescription"":null,""balmer_self_broadening_truncation_closure"":""stark-core"",""effective_temperature"":35000,""formal_maximum_metal_lines"":null,""formal_minimum_metal_oscillator_strength"":0.0001,""h2_he_cia_path"":null,""include_molecules"":false,""log_hydrogen_to_helium"":-2,""logg"":7.5,""lyman_profile_source"":""allard"",""maximum_metal_charge"":4,""metal_classical_electron_stark"":false,""metal_line_supplements"":[],""mixing_length_alpha"":1.25,""neutral_broadening"":""unsold"",""photospheric_depth_concentration"":1.0,""quality"":""production"",""structure_opacity_sampling_resolution"":1000.0,""synthesis_transfer_depth_refinement"":4}",models/dab-247f96423e5e9c1c38e7dca7/spectrum.txt,4469d531828645f7e3f49f4e4a1666202ec0175af197c4ddb103dd71ea13006f,18901,dab,1947.4928034630138,original-336,
dab-1aecb492fec6aa9072741ce2,DAB,35000,7.5,0,production,COMPLETE_NUMERICAL,COMPLETE_NUMERICAL,COMPLETE_NUMERICAL,0a74fdbe06596fc145f5169a3b239ddd67053141,"{""abundances"":null,""allard_minimum_effective_temperature"":9000.0,""atmosphere_solver"":""adaptive-newton"",""balmer_self_broadening_prescription"":null,""balmer_self_broadening_truncation_closure"":""stark-core"",""effective_temperature"":35000,""formal_maximum_metal_lines"":null,""formal_minimum_metal_oscillator_strength"":0.0001,""h2_he_cia_path"":null,""include_molecules"":false,""log_hydrogen_to_helium"":0,""logg"":7.5,""lyman_profile_source"":""allard"",""maximum_metal_charge"":4,""metal_classical_electron_stark"":false,""metal_line_supplements"":[],""mixing_length_alpha"":1.25,""neutral_broadening"":""unsold"",""photospheric_depth_concentration"":1.0,""quality"":""production"",""structure_opacity_sampling_resolution"":1000.0,""synthesis_transfer_depth_refinement"":4}",models/dab-1aecb492fec6aa9072741ce2/spectrum.txt,38301d1f17b7a3fe6eac187d8f69a518a905fa9029bad73514eafa3f7492f179,18901,dab,1867.004952228861,original-336,
dab-e0bc279603bd12db0fcd663a,DAB,35000,7.5,2,production,COMPLETE_NUMERICAL,COMPLETE_NUMERICAL,COMPLETE_NUMERICAL,0a74fdbe06596fc145f5169a3b239ddd67053141,"{""abundances"":null,""allard_minimum_effective_temperature"":9000.0,""atmosphere_solver"":""adaptive-newton"",""balmer_self_broadening_prescription"":null,""balmer_self_broadening_truncation_closure"":""stark-core"",""effective_temperature"":35000,""formal_maximum_metal_lines"":null,""formal_minimum_metal_oscillator_strength"":0.0001,""h2_he_cia_path"":null,""include_molecules"":false,""log_hydrogen_to_helium"":2,""logg"":7.5,""lyman_profile_source"":""allard"",""maximum_metal_charge"":4,""metal_classical_electron_stark"":false,""metal_line_supplements"":[],""mixing_length_alpha"":1.25,""neutral_broadening"":""unsold"",""photospheric_depth_concentration"":1.0,""quality"":""production"",""structure_opacity_sampling_resolution"":1000.0,""synthesis_transfer_depth_refinement"":4}",models/dab-e0bc279603bd12db0fcd663a/spectrum.txt,7410518a0fd731effd68eb8ea79481f2eace142634a38c00d98bb30a2385971c,18901,dab,2092.1873808810487,original-336,
dab-5f3d53475d947d705c95c293,DAB,35000,7.5,4,production,COMPLETE_NUMERICAL,COMPLETE_NUMERICAL,COMPLETE_NUMERICAL,0a74fdbe06596fc145f5169a3b239ddd67053141,"{""abundances"":null,""allard_minimum_effective_temperature"":9000.0,""atmosphere_solver"":""adaptive-newton"",""balmer_self_broadening_prescription"":null,""balmer_self_broadening_truncation_closure"":""stark-core"",""effective_temperature"":35000,""formal_maximum_metal_lines"":null,""formal_minimum_metal_oscillator_strength"":0.0001,""h2_he_cia_path"":null,""include_molecules"":false,""log_hydrogen_to_helium"":4,""logg"":7.5,""lyman_profile_source"":""allard"",""maximum_metal_charge"":4,""metal_classical_electron_stark"":false,""metal_line_supplements"":[],""mixing_length_alpha"":1.25,""neutral_broadening"":""unsold"",""photospheric_depth_concentration"":1.0,""quality"":""production"",""structure_opacity_sampling_resolution"":1000.0,""synthesis_transfer_depth_refinement"":4}",models/dab-5f3d53475d947d705c95c293/spectrum.txt,23e7ee9c3c49742175ca6905ad72cddeba5302004831b3fbf53a3e0fccac9e16,18901,dab,1989.0800956869498,original-336,
dab-a884f8b1fd5f06a4afb95de6,DAB,35000,8,-6,production,COMPLETE_NUMERICAL,COMPLETE_NUMERICAL,COMPLETE_NUMERICAL,0a74fdbe06596fc145f5169a3b239ddd67053141,"{""abundances"":null,""allard_minimum_effective_temperature"":9000.0,""atmosphere_solver"":""adaptive-newton"",""balmer_self_broadening_prescription"":null,""balmer_self_broadening_truncation_closure"":""stark-core"",""effective_temperature"":35000,""formal_maximum_metal_lines"":null,""formal_minimum_metal_oscillator_strength"":0.0001,""h2_he_cia_path"":null,""include_molecules"":false,""log_hydrogen_to_helium"":-6,""logg"":8,""lyman_profile_source"":""allard"",""maximum_metal_charge"":4,""metal_classical_electron_stark"":false,""metal_line_supplements"":[],""mixing_length_alpha"":1.25,""neutral_broadening"":""unsold"",""photospheric_depth_concentration"":1.0,""quality"":""production"",""structure_opacity_sampling_resolution"":1000.0,""synthesis_transfer_depth_refinement"":4}",models/dab-a884f8b1fd5f06a4afb95de6/spectrum.txt,d23337dc6d5736a02ccc5f79586d9a0676c2c0b69915d2639c3d6170115ab84d,18901,dab,2621.6821257988922,original-336,
dab-7c7a0c5f4d87745885ab737d,DAB,35000,8,-4,production,COMPLETE_NUMERICAL,COMPLETE_NUMERICAL,COMPLETE_NUMERICAL,0a74fdbe06596fc145f5169a3b239ddd67053141,"{""abundances"":null,""allard_minimum_effective_temperature"":9000.0,""atmosphere_solver"":""adaptive-newton"",""balmer_self_broadening_prescription"":null,""balmer_self_broadening_truncation_closure"":""stark-core"",""effective_temperature"":35000,""formal_maximum_metal_lines"":null,""formal_minimum_metal_oscillator_strength"":0.0001,""h2_he_cia_path"":null,""include_molecules"":false,""log_hydrogen_to_helium"":-4,""logg"":8,""lyman_profile_source"":""allard"",""maximum_metal_charge"":4,""metal_classical_electron_stark"":false,""metal_line_supplements"":[],""mixing_length_alpha"":1.25,""neutral_broadening"":""unsold"",""photospheric_depth_concentration"":1.0,""quality"":""production"",""structure_opacity_sampling_resolution"":1000.0,""synthesis_transfer_depth_refinement"":4}",models/dab-7c7a0c5f4d87745885ab737d/spectrum.txt,d156b92b94a6d2e62ded8412a3c397dace1e0eb1421f213c084d00601301225f,18901,dab,2643.2438552139793,original-336,
dab-49d7373dfc7f754df7775c06,DAB,35000,8,-2,production,COMPLETE_NUMERICAL,COMPLETE_NUMERICAL,COMPLETE_NUMERICAL,0a74fdbe06596fc145f5169a3b239ddd67053141,"{""abundances"":null,""allard_minimum_effective_temperature"":9000.0,""atmosphere_solver"":""adaptive-newton"",""balmer_self_broadening_prescription"":null,""balmer_self_broadening_truncation_closure"":""stark-core"",""effective_temperature"":35000,""formal_maximum_metal_lines"":null,""formal_minimum_metal_oscillator_strength"":0.0001,""h2_he_cia_path"":null,""include_molecules"":false,""log_hydrogen_to_helium"":-2,""logg"":8,""lyman_profile_source"":""allard"",""maximum_metal_charge"":4,""metal_classical_electron_stark"":false,""metal_line_supplements"":[],""mixing_length_alpha"":1.25,""neutral_broadening"":""unsold"",""photospheric_depth_concentration"":1.0,""quality"":""production"",""structure_opacity_sampling_resolution"":1000.0,""synthesis_transfer_depth_refinement"":4}",models/dab-49d7373dfc7f754df7775c06/spectrum.txt,738f505cc94d5245ec76304ed953db3c4d2d07a0e0f8abcac6ffe556af0528bd,18901,dab,2674.073721010005,original-336,
dab-38a6107380f05e667abc9ac4,DAB,35000,8,0,production,COMPLETE_NUMERICAL,COMPLETE_NUMERICAL,COMPLETE_NUMERICAL,0a74fdbe06596fc145f5169a3b239ddd67053141,"{""abundances"":null,""allard_minimum_effective_temperature"":9000.0,""atmosphere_solver"":""adaptive-newton"",""balmer_self_broadening_prescription"":null,""balmer_self_broadening_truncation_closure"":""stark-core"",""effective_temperature"":35000,""formal_maximum_metal_lines"":null,""formal_minimum_metal_oscillator_strength"":0.0001,""h2_he_cia_path"":null,""include_molecules"":false,""log_hydrogen_to_helium"":0,""logg"":8,""lyman_profile_source"":""allard"",""maximum_metal_charge"":4,""metal_classical_electron_stark"":false,""metal_line_supplements"":[],""mixing_length_alpha"":1.25,""neutral_broadening"":""unsold"",""photospheric_depth_concentration"":1.0,""quality"":""production"",""structure_opacity_sampling_resolution"":1000.0,""synthesis_transfer_depth_refinement"":4}",models/dab-38a6107380f05e667abc9ac4/spectrum.txt,9fd33a323cf9d892f319ee8dda95b34160e90bb8fd4edc99143e9c7078d34a31,18901,dab,2153.381137660006,original-336,
dab-5e5060b45bdad3953ee4dccd,DAB,35000,8,2,production,COMPLETE_NUMERICAL,COMPLETE_NUMERICAL,COMPLETE_NUMERICAL,0a74fdbe06596fc145f5169a3b239ddd67053141,"{""abundances"":null,""allard_minimum_effective_temperature"":9000.0,""atmosphere_solver"":""adaptive-newton"",""balmer_self_broadening_prescription"":null,""balmer_self_broadening_truncation_closure"":""stark-core"",""effective_temperature"":35000,""formal_maximum_metal_lines"":null,""formal_minimum_metal_oscillator_strength"":0.0001,""h2_he_cia_path"":null,""include_molecules"":false,""log_hydrogen_to_helium"":2,""logg"":8,""lyman_profile_source"":""allard"",""maximum_metal_charge"":4,""metal_classical_electron_stark"":false,""metal_line_supplements"":[],""mixing_length_alpha"":1.25,""neutral_broadening"":""unsold"",""photospheric_depth_concentration"":1.0,""quality"":""production"",""structure_opacity_sampling_resolution"":1000.0,""synthesis_transfer_depth_refinement"":4}",models/dab-5e5060b45bdad3953ee4dccd/spectrum.txt,e7a48802a029f5f26d6178be81d0c0c077fac16c9ba525a563bec31ce1bf3558,18901,dab,2137.0278248118702,original-336,
dab-fba4d2264280ba014863521e,DAB,35000,8,4,production,COMPLETE_NUMERICAL,COMPLETE_NUMERICAL,COMPLETE_NUMERICAL,0a74fdbe06596fc145f5169a3b239ddd67053141,"{""abundances"":null,""allard_minimum_effective_temperature"":9000.0,""atmosphere_solver"":""adaptive-newton"",""balmer_self_broadening_prescription"":null,""balmer_self_broadening_truncation_closure"":""stark-core"",""effective_temperature"":35000,""formal_maximum_metal_lines"":null,""formal_minimum_metal_oscillator_strength"":0.0001,""h2_he_cia_path"":null,""include_molecules"":false,""log_hydrogen_to_helium"":4,""logg"":8,""lyman_profile_source"":""allard"",""maximum_metal_charge"":4,""metal_classical_electron_stark"":false,""metal_line_supplements"":[],""mixing_length_alpha"":1.25,""neutral_broadening"":""unsold"",""photospheric_depth_concentration"":1.0,""quality"":""production"",""structure_opacity_sampling_resolution"":1000.0,""synthesis_transfer_depth_refinement"":4}",models/dab-fba4d2264280ba014863521e/spectrum.txt,1fcd625cd88f5ec4245a11786134a86d1dae3d47b70202bffbadb349e75b8906,18901,dab,1983.7037875829265,original-336,
dab-3e4de44bd7b123afdea1c92a,DAB,35000,8.5,-6,production,COMPLETE_NUMERICAL,COMPLETE_NUMERICAL,COMPLETE_NUMERICAL,0a74fdbe06596fc145f5169a3b239ddd67053141,"{""abundances"":null,""allard_minimum_effective_temperature"":9000.0,""atmosphere_solver"":""adaptive-newton"",""balmer_self_broadening_prescription"":null,""balmer_self_broadening_truncation_closure"":""stark-core"",""effective_temperature"":35000,""formal_maximum_metal_lines"":null,""formal_minimum_metal_oscillator_strength"":0.0001,""h2_he_cia_path"":null,""include_molecules"":false,""log_hydrogen_to_helium"":-6,""logg"":8.5,""lyman_profile_source"":""allard"",""maximum_metal_charge"":4,""metal_classical_electron_stark"":false,""metal_line_supplements"":[],""mixing_length_alpha"":1.25,""neutral_broadening"":""unsold"",""photospheric_depth_concentration"":1.0,""quality"":""production"",""structure_opacity_sampling_resolution"":1000.0,""synthesis_transfer_depth_refinement"":4}",models/dab-3e4de44bd7b123afdea1c92a/spectrum.txt,07169a1a63b09af7990eb36077e42687d4c1384ac85f9c20761b2ebc88c18096,18901,dab,3985.7692714082077,original-336,
dab-bc63ecbabb5827cc1acbe891,DAB,35000,8.5,-4,production,COMPLETE_NUMERICAL,COMPLETE_NUMERICAL,COMPLETE_NUMERICAL,0a74fdbe06596fc145f5169a3b239ddd67053141,"{""abundances"":null,""allard_minimum_effective_temperature"":9000.0,""atmosphere_solver"":""adaptive-newton"",""balmer_self_broadening_prescription"":null,""balmer_self_broadening_truncation_closure"":""stark-core"",""effective_temperature"":35000,""formal_maximum_metal_lines"":null,""formal_minimum_metal_oscillator_strength"":0.0001,""h2_he_cia_path"":null,""include_molecules"":false,""log_hydrogen_to_helium"":-4,""logg"":8.5,""lyman_profile_source"":""allard"",""maximum_metal_charge"":4,""metal_classical_electron_stark"":false,""metal_line_supplements"":[],""mixing_length_alpha"":1.25,""neutral_broadening"":""unsold"",""photospheric_depth_concentration"":1.0,""quality"":""production"",""structure_opacity_sampling_resolution"":1000.0,""synthesis_transfer_depth_refinement"":4}",models/dab-bc63ecbabb5827cc1acbe891/spectrum.txt,cafa99c286421486b762b1de6dfe9549c75b71a8caa432a8c0222c4461714095,18901,dab,2205.0790144109633,original-336,
dab-1ebcd1db0d25f6c8dfa5287a,DAB,35000,8.5,-2,production,COMPLETE_NUMERICAL,COMPLETE_NUMERICAL,COMPLETE_NUMERICAL,0a74fdbe06596fc145f5169a3b239ddd67053141,"{""abundances"":null,""allard_minimum_effective_temperature"":9000.0,""atmosphere_solver"":""adaptive-newton"",""balmer_self_broadening_prescription"":null,""balmer_self_broadening_truncation_closure"":""stark-core"",""effective_temperature"":35000,""formal_maximum_metal_lines"":null,""formal_minimum_metal_oscillator_strength"":0.0001,""h2_he_cia_path"":null,""include_molecules"":false,""log_hydrogen_to_helium"":-2,""logg"":8.5,""lyman_profile_source"":""allard"",""maximum_metal_charge"":4,""metal_classical_electron_stark"":false,""metal_line_supplements"":[],""mixing_length_alpha"":1.25,""neutral_broadening"":""unsold"",""photospheric_depth_concentration"":1.0,""quality"":""production"",""structure_opacity_sampling_resolution"":1000.0,""synthesis_transfer_depth_refinement"":4}",models/dab-1ebcd1db0d25f6c8dfa5287a/spectrum.txt,bbb6f7e9eebce35325d76683f6c5f60145dc74a90874ec627304cbb868eae625,18901,dab,2854.3626355451997,original-336,
dab-a5dd54285105ad0ca48786c5,DAB,35000,8.5,0,production,COMPLETE_NUMERICAL,COMPLETE_NUMERICAL,COMPLETE_NUMERICAL,0a74fdbe06596fc145f5169a3b239ddd67053141,"{""abundances"":null,""allard_minimum_effective_temperature"":9000.0,""atmosphere_solver"":""adaptive-newton"",""balmer_self_broadening_prescription"":null,""balmer_self_broadening_truncation_closure"":""stark-core"",""effective_temperature"":35000,""formal_maximum_metal_lines"":null,""formal_minimum_metal_oscillator_strength"":0.0001,""h2_he_cia_path"":null,""include_molecules"":false,""log_hydrogen_to_helium"":0,""logg"":8.5,""lyman_profile_source"":""allard"",""maximum_metal_charge"":4,""metal_classical_electron_stark"":false,""metal_line_supplements"":[],""mixing_length_alpha"":1.25,""neutral_broadening"":""unsold"",""photospheric_depth_concentration"":1.0,""quality"":""production"",""structure_opacity_sampling_resolution"":1000.0,""synthesis_transfer_depth_refinement"":4}",models/dab-a5dd54285105ad0ca48786c5/spectrum.txt,b19108887fd861cf24a0f3b0bad9280925649bff3dc6c1248a3e9dc3f1ba4a39,18901,dab,2143.359982736176,original-336,
dab-ad652e5ae5f4bbcf3bc12c34,DAB,35000,8.5,2,production,COMPLETE_NUMERICAL,COMPLETE_NUMERICAL,COMPLETE_NUMERICAL,0a74fdbe06596fc145f5169a3b239ddd67053141,"{""abundances"":null,""allard_minimum_effective_temperature"":9000.0,""atmosphere_solver"":""adaptive-newton"",""balmer_self_broadening_prescription"":null,""balmer_self_broadening_truncation_closure"":""stark-core"",""effective_temperature"":35000,""formal_maximum_metal_lines"":null,""formal_minimum_metal_oscillator_strength"":0.0001,""h2_he_cia_path"":null,""include_molecules"":false,""log_hydrogen_to_helium"":2,""logg"":8.5,""lyman_profile_source"":""allard"",""maximum_metal_charge"":4,""metal_classical_electron_stark"":false,""metal_line_supplements"":[],""mixing_length_alpha"":1.25,""neutral_broadening"":""unsold"",""photospheric_depth_concentration"":1.0,""quality"":""production"",""structure_opacity_sampling_resolution"":1000.0,""synthesis_transfer_depth_refinement"":4}",models/dab-ad652e5ae5f4bbcf3bc12c34/spectrum.txt,eb30617c4e0212d1249a4b83892f427d17af06ee6ecdd7f7ce00581bb1f3f968,18901,dab,1895.7812523788307,original-336,
dab-9b2f6529cb9ce34a33421ae5,DAB,35000,8.5,4,production,COMPLETE_NUMERICAL,COMPLETE_NUMERICAL,COMPLETE_NUMERICAL,0a74fdbe06596fc145f5169a3b239ddd67053141,"{""abundances"":null,""allard_minimum_effective_temperature"":9000.0,""atmosphere_solver"":""adaptive-newton"",""balmer_self_broadening_prescription"":null,""balmer_self_broadening_truncation_closure"":""stark-core"",""effective_temperature"":35000,""formal_maximum_metal_lines"":null,""formal_minimum_metal_oscillator_strength"":0.0001,""h2_he_cia_path"":null,""include_molecules"":false,""log_hydrogen_to_helium"":4,""logg"":8.5,""lyman_profile_source"":""allard"",""maximum_metal_charge"":4,""metal_classical_electron_stark"":false,""metal_line_supplements"":[],""mixing_length_alpha"":1.25,""neutral_broadening"":""unsold"",""photospheric_depth_concentration"":1.0,""quality"":""production"",""structure_opacity_sampling_resolution"":1000.0,""synthesis_transfer_depth_refinement"":4}",models/dab-9b2f6529cb9ce34a33421ae5/spectrum.txt,6c46ebd5f0113e74d8e005feca69af3374f53bf0503b0f107e8fe06245aade16,18901,dab,1680.903670934029,original-336,
dab-1d387b88da7505e06493ea14,DAB,35000,9,-6,production,COMPLETE_NUMERICAL,COMPLETE_NUMERICAL,COMPLETE_NUMERICAL,0a74fdbe06596fc145f5169a3b239ddd67053141,"{""abundances"":null,""allard_minimum_effective_temperature"":9000.0,""atmosphere_solver"":""adaptive-newton"",""balmer_self_broadening_prescription"":null,""balmer_self_broadening_truncation_closure"":""stark-core"",""effective_temperature"":35000,""formal_maximum_metal_lines"":null,""formal_minimum_metal_oscillator_strength"":0.0001,""h2_he_cia_path"":null,""include_molecules"":false,""log_hydrogen_to_helium"":-6,""logg"":9,""lyman_profile_source"":""allard"",""maximum_metal_charge"":4,""metal_classical_electron_stark"":false,""metal_line_supplements"":[],""mixing_length_alpha"":1.25,""neutral_broadening"":""unsold"",""photospheric_depth_concentration"":1.0,""quality"":""production"",""structure_opacity_sampling_resolution"":1000.0,""synthesis_transfer_depth_refinement"":4}",models/dab-1d387b88da7505e06493ea14/spectrum.txt,d12b556d34d3f3f69c99ec3caed17444163ed7c036c8fef7240de2059cb8cdd9,18901,dab,2466.776936718961,original-336,
dab-4feb50171e185bb4cc0614a4,DAB,35000,9,-4,production,COMPLETE_NUMERICAL,COMPLETE_NUMERICAL,COMPLETE_NUMERICAL,0a74fdbe06596fc145f5169a3b239ddd67053141,"{""abundances"":null,""allard_minimum_effective_temperature"":9000.0,""atmosphere_solver"":""adaptive-newton"",""balmer_self_broadening_prescription"":null,""balmer_self_broadening_truncation_closure"":""stark-core"",""effective_temperature"":35000,""formal_maximum_metal_lines"":null,""formal_minimum_metal_oscillator_strength"":0.0001,""h2_he_cia_path"":null,""include_molecules"":false,""log_hydrogen_to_helium"":-4,""logg"":9,""lyman_profile_source"":""allard"",""maximum_metal_charge"":4,""metal_classical_electron_stark"":false,""metal_line_supplements"":[],""mixing_length_alpha"":1.25,""neutral_broadening"":""unsold"",""photospheric_depth_concentration"":1.0,""quality"":""production"",""structure_opacity_sampling_resolution"":1000.0,""synthesis_transfer_depth_refinement"":4}",models/dab-4feb50171e185bb4cc0614a4/spectrum.txt,577adca4ddd721259c3b35b6fb94e0ea6cf7d3bffce1346b3928e85b5d0a64f0,18901,dab,2189.3267443550285,original-336,
dab-14e396171403cf3a964afd7f,DAB,35000,9,-2,production,COMPLETE_NUMERICAL,COMPLETE_NUMERICAL,COMPLETE_NUMERICAL,0a74fdbe06596fc145f5169a3b239ddd67053141,"{""abundances"":null,""allard_minimum_effective_temperature"":9000.0,""atmosphere_solver"":""adaptive-newton"",""balmer_self_broadening_prescription"":null,""balmer_self_broadening_truncation_closure"":""stark-core"",""effective_temperature"":35000,""formal_maximum_metal_lines"":null,""formal_minimum_metal_oscillator_strength"":0.0001,""h2_he_cia_path"":null,""include_molecules"":false,""log_hydrogen_to_helium"":-2,""logg"":9,""lyman_profile_source"":""allard"",""maximum_metal_charge"":4,""metal_classical_electron_stark"":false,""metal_line_supplements"":[],""mixing_length_alpha"":1.25,""neutral_broadening"":""unsold"",""photospheric_depth_concentration"":1.0,""quality"":""production"",""structure_opacity_sampling_resolution"":1000.0,""synthesis_transfer_depth_refinement"":4}",models/dab-14e396171403cf3a964afd7f/spectrum.txt,cbb5affeb7512b80028dfee0e3505e4a9ee0521e3d9211307af47c3de6aaf8e6,18901,dab,2332.963402732974,original-336,
dab-24a04784288338eec6e4732d,DAB,35000,9,0,production,COMPLETE_NUMERICAL,COMPLETE_NUMERICAL,COMPLETE_NUMERICAL,0a74fdbe06596fc145f5169a3b239ddd67053141,"{""abundances"":null,""allard_minimum_effective_temperature"":9000.0,""atmosphere_solver"":""adaptive-newton"",""balmer_self_broadening_prescription"":null,""balmer_self_broadening_truncation_closure"":""stark-core"",""effective_temperature"":35000,""formal_maximum_metal_lines"":null,""formal_minimum_metal_oscillator_strength"":0.0001,""h2_he_cia_path"":null,""include_molecules"":false,""log_hydrogen_to_helium"":0,""logg"":9,""lyman_profile_source"":""allard"",""maximum_metal_charge"":4,""metal_classical_electron_stark"":false,""metal_line_supplements"":[],""mixing_length_alpha"":1.25,""neutral_broadening"":""unsold"",""photospheric_depth_concentration"":1.0,""quality"":""production"",""structure_opacity_sampling_resolution"":1000.0,""synthesis_transfer_depth_refinement"":4}",models/dab-24a04784288338eec6e4732d/spectrum.txt,3cb5e71db8fb99128ae7566522c0f6d361daee848f150851a4b56302384ef205,18901,dab,2372.765495273052,original-336,
dab-aa434437e3b24bc5363d9774,DAB,35000,9,2,production,COMPLETE_NUMERICAL,COMPLETE_NUMERICAL,COMPLETE_NUMERICAL,0a74fdbe06596fc145f5169a3b239ddd67053141,"{""abundances"":null,""allard_minimum_effective_temperature"":9000.0,""atmosphere_solver"":""adaptive-newton"",""balmer_self_broadening_prescription"":null,""balmer_self_broadening_truncation_closure"":""stark-core"",""effective_temperature"":35000,""formal_maximum_metal_lines"":null,""formal_minimum_metal_oscillator_strength"":0.0001,""h2_he_cia_path"":null,""include_molecules"":false,""log_hydrogen_to_helium"":2,""logg"":9,""lyman_profile_source"":""allard"",""maximum_metal_charge"":4,""metal_classical_electron_stark"":false,""metal_line_supplements"":[],""mixing_length_alpha"":1.25,""neutral_broadening"":""unsold"",""photospheric_depth_concentration"":1.0,""quality"":""production"",""structure_opacity_sampling_resolution"":1000.0,""synthesis_transfer_depth_refinement"":4}",models/dab-aa434437e3b24bc5363d9774/spectrum.txt,f9be0eea065bba3aee34406acab4a5c26ecf38ba80ec9a166687abe10bd36064,18901,dab,1999.4700181509834,original-336,
dab-b731f64aac4bf1ff085e725e,DAB,35000,9,4,production,COMPLETE_NUMERICAL,COMPLETE_NUMERICAL,COMPLETE_NUMERICAL,0a74fdbe06596fc145f5169a3b239ddd67053141,"{""abundances"":null,""allard_minimum_effective_temperature"":9000.0,""atmosphere_solver"":""adaptive-newton"",""balmer_self_broadening_prescription"":null,""balmer_self_broadening_truncation_closure"":""stark-core"",""effective_temperature"":35000,""formal_maximum_metal_lines"":null,""formal_minimum_metal_oscillator_strength"":0.0001,""h2_he_cia_path"":null,""include_molecules"":false,""log_hydrogen_to_helium"":4,""logg"":9,""lyman_profile_source"":""allard"",""maximum_metal_charge"":4,""metal_classical_electron_stark"":false,""metal_line_supplements"":[],""mixing_length_alpha"":1.25,""neutral_broadening"":""unsold"",""photospheric_depth_concentration"":1.0,""quality"":""production"",""structure_opacity_sampling_resolution"":1000.0,""synthesis_transfer_depth_refinement"":4}",models/dab-b731f64aac4bf1ff085e725e/spectrum.txt,e5f6c01b72c43c3c52f655c546a691af2835d79aeeb9e431acd7f709ee1d20bd,18901,dab,1711.561462439131,original-336,
dab-dc178d4631fe09b39beb9826,DAB,35000,9.5,-6,production,COMPLETE_NUMERICAL,COMPLETE_NUMERICAL,COMPLETE_NUMERICAL,0a74fdbe06596fc145f5169a3b239ddd67053141,"{""abundances"":null,""allard_minimum_effective_temperature"":9000.0,""atmosphere_solver"":""adaptive-newton"",""balmer_self_broadening_prescription"":null,""balmer_self_broadening_truncation_closure"":""stark-core"",""effective_temperature"":35000,""formal_maximum_metal_lines"":null,""formal_minimum_metal_oscillator_strength"":0.0001,""h2_he_cia_path"":null,""include_molecules"":false,""log_hydrogen_to_helium"":-6,""logg"":9.5,""lyman_profile_source"":""allard"",""maximum_metal_charge"":4,""metal_classical_electron_stark"":false,""metal_line_supplements"":[],""mixing_length_alpha"":1.25,""neutral_broadening"":""unsold"",""photospheric_depth_concentration"":1.0,""quality"":""production"",""structure_opacity_sampling_resolution"":1000.0,""synthesis_transfer_depth_refinement"":4}",models/dab-dc178d4631fe09b39beb9826/spectrum.txt,3d29bd3539d31c3b32c9f80fbc3b844428ed3836974839c1e39b1833bfcd8228,18901,dab,2123.1925464509986,original-336,
dab-f26fb426d7a3afbe5bf74d65,DAB,35000,9.5,-4,production,COMPLETE_NUMERICAL,COMPLETE_NUMERICAL,COMPLETE_NUMERICAL,0a74fdbe06596fc145f5169a3b239ddd67053141,"{""abundances"":null,""allard_minimum_effective_temperature"":9000.0,""atmosphere_solver"":""adaptive-newton"",""balmer_self_broadening_prescription"":null,""balmer_self_broadening_truncation_closure"":""stark-core"",""effective_temperature"":35000,""formal_maximum_metal_lines"":null,""formal_minimum_metal_oscillator_strength"":0.0001,""h2_he_cia_path"":null,""include_molecules"":false,""log_hydrogen_to_helium"":-4,""logg"":9.5,""lyman_profile_source"":""allard"",""maximum_metal_charge"":4,""metal_classical_electron_stark"":false,""metal_line_supplements"":[],""mixing_length_alpha"":1.25,""neutral_broadening"":""unsold"",""photospheric_depth_concentration"":1.0,""quality"":""production"",""structure_opacity_sampling_resolution"":1000.0,""synthesis_transfer_depth_refinement"":4}",models/dab-f26fb426d7a3afbe5bf74d65/spectrum.txt,3993bb15f64ed75b93974662f89ffd07f1224164e4f2aff29381e3a65438259f,18901,dab,2368.922807775205,original-336,
dab-4668a30880cf5437ebdde39e,DAB,35000,9.5,-2,production,COMPLETE_NUMERICAL,COMPLETE_NUMERICAL,COMPLETE_NUMERICAL,0a74fdbe06596fc145f5169a3b239ddd67053141,"{""abundances"":null,""allard_minimum_effective_temperature"":9000.0,""atmosphere_solver"":""adaptive-newton"",""balmer_self_broadening_prescription"":null,""balmer_self_broadening_truncation_closure"":""stark-core"",""effective_temperature"":35000,""formal_maximum_metal_lines"":null,""formal_minimum_metal_oscillator_strength"":0.0001,""h2_he_cia_path"":null,""include_molecules"":false,""log_hydrogen_to_helium"":-2,""logg"":9.5,""lyman_profile_source"":""allard"",""maximum_metal_charge"":4,""metal_classical_electron_stark"":false,""metal_line_supplements"":[],""mixing_length_alpha"":1.25,""neutral_broadening"":""unsold"",""photospheric_depth_concentration"":1.0,""quality"":""production"",""structure_opacity_sampling_resolution"":1000.0,""synthesis_transfer_depth_refinement"":4}",models/dab-4668a30880cf5437ebdde39e/spectrum.txt,207475b161a8c7bbf3a9c287dff95a09e42e541dc7284938c4e43fe7d18d63ff,18901,dab,2240.6900345410686,original-336,
dab-1beb36554669cee6ebd55cd2,DAB,35000,9.5,0,production,COMPLETE_NUMERICAL,COMPLETE_NUMERICAL,COMPLETE_NUMERICAL,0a74fdbe06596fc145f5169a3b239ddd67053141,"{""abundances"":null,""allard_minimum_effective_temperature"":9000.0,""atmosphere_solver"":""adaptive-newton"",""balmer_self_broadening_prescription"":null,""balmer_self_broadening_truncation_closure"":""stark-core"",""effective_temperature"":35000,""formal_maximum_metal_lines"":null,""formal_minimum_metal_oscillator_strength"":0.0001,""h2_he_cia_path"":null,""include_molecules"":false,""log_hydrogen_to_helium"":0,""logg"":9.5,""lyman_profile_source"":""allard"",""maximum_metal_charge"":4,""metal_classical_electron_stark"":false,""metal_line_supplements"":[],""mixing_length_alpha"":1.25,""neutral_broadening"":""unsold"",""photospheric_depth_concentration"":1.0,""quality"":""production"",""structure_opacity_sampling_resolution"":1000.0,""synthesis_transfer_depth_refinement"":4}",models/dab-1beb36554669cee6ebd55cd2/spectrum.txt,e9c9845aac603a66cec76a662a1269f42a0fb1a1bf11bf35b40b80f7b0f5310d,18901,dab,2466.6414084618445,original-336,
dab-9dab979f0aebb626b266f9e1,DAB,35000,9.5,2,production,COMPLETE_NUMERICAL,COMPLETE_NUMERICAL,COMPLETE_NUMERICAL,0a74fdbe06596fc145f5169a3b239ddd67053141,"{""abundances"":null,""allard_minimum_effective_temperature"":9000.0,""atmosphere_solver"":""adaptive-newton"",""balmer_self_broadening_prescription"":null,""balmer_self_broadening_truncation_closure"":""stark-core"",""effective_temperature"":35000,""formal_maximum_metal_lines"":null,""formal_minimum_metal_oscillator_strength"":0.0001,""h2_he_cia_path"":null,""include_molecules"":false,""log_hydrogen_to_helium"":2,""logg"":9.5,""lyman_profile_source"":""allard"",""maximum_metal_charge"":4,""metal_classical_electron_stark"":false,""metal_line_supplements"":[],""mixing_length_alpha"":1.25,""neutral_broadening"":""unsold"",""photospheric_depth_concentration"":1.0,""quality"":""production"",""structure_opacity_sampling_resolution"":1000.0,""synthesis_transfer_depth_refinement"":4}",models/dab-9dab979f0aebb626b266f9e1/spectrum.txt,a5358f168e2845a7f23115e1b30bb7aaa7c9be872b3a403972f34f09b2e7971b,18901,dab,2111.343216990819,original-336,
dab-aafad80c08adf515dd2ead2e,DAB,35000,9.5,4,production,COMPLETE_NUMERICAL,COMPLETE_NUMERICAL,COMPLETE_NUMERICAL,0a74fdbe06596fc145f5169a3b239ddd67053141,"{""abundances"":null,""allard_minimum_effective_temperature"":9000.0,""atmosphere_solver"":""adaptive-newton"",""balmer_self_broadening_prescription"":null,""balmer_self_broadening_truncation_closure"":""stark-core"",""effective_temperature"":35000,""formal_maximum_metal_lines"":null,""formal_minimum_metal_oscillator_strength"":0.0001,""h2_he_cia_path"":null,""include_molecules"":false,""log_hydrogen_to_helium"":4,""logg"":9.5,""lyman_profile_source"":""allard"",""maximum_metal_charge"":4,""metal_classical_electron_stark"":false,""metal_line_supplements"":[],""mixing_length_alpha"":1.25,""neutral_broadening"":""unsold"",""photospheric_depth_concentration"":1.0,""quality"":""production"",""structure_opacity_sampling_resolution"":1000.0,""synthesis_transfer_depth_refinement"":4}",models/dab-aafad80c08adf515dd2ead2e/spectrum.txt,36e3b4f1fa246fa702be01a9bcbf2000df784f11d3b370f71a8d1ec437e2098e,18901,dab,1856.3495993849356,original-336,
dab-e8e77083caf57e8a04d2b714,DAB,40000,6,-6,production,COMPLETE_NUMERICAL,COMPLETE_NUMERICAL,COMPLETE_NUMERICAL,0a74fdbe06596fc145f5169a3b239ddd67053141,"{""abundances"":null,""allard_minimum_effective_temperature"":9000.0,""atmosphere_solver"":""adaptive-newton"",""balmer_self_broadening_prescription"":null,""balmer_self_broadening_truncation_closure"":""stark-core"",""effective_temperature"":40000,""formal_maximum_metal_lines"":null,""formal_minimum_metal_oscillator_strength"":0.0001,""h2_he_cia_path"":null,""include_molecules"":false,""log_hydrogen_to_helium"":-6,""logg"":6,""lyman_profile_source"":""allard"",""maximum_metal_charge"":4,""metal_classical_electron_stark"":false,""metal_line_supplements"":[],""mixing_length_alpha"":1.25,""neutral_broadening"":""unsold"",""photospheric_depth_concentration"":1.0,""quality"":""production"",""structure_opacity_sampling_resolution"":1000.0,""synthesis_transfer_depth_refinement"":4}",models/dab-e8e77083caf57e8a04d2b714/spectrum.txt,9b8cb940b9d0839a1c27eb4091b8f9fb15fbc51946c0c0fbca9f9839bd09551d,18901,dab,4405.40215813485,original-336,
dab-032321f93f21a463430f10b3,DAB,40000,6,-4,production,COMPLETE_NUMERICAL,COMPLETE_NUMERICAL,COMPLETE_NUMERICAL,0a74fdbe06596fc145f5169a3b239ddd67053141,"{""abundances"":null,""allard_minimum_effective_temperature"":9000.0,""atmosphere_solver"":""adaptive-newton"",""balmer_self_broadening_prescription"":null,""balmer_self_broadening_truncation_closure"":""stark-core"",""effective_temperature"":40000,""formal_maximum_metal_lines"":null,""formal_minimum_metal_oscillator_strength"":0.0001,""h2_he_cia_path"":null,""include_molecules"":false,""log_hydrogen_to_helium"":-4,""logg"":6,""lyman_profile_source"":""allard"",""maximum_metal_charge"":4,""metal_classical_electron_stark"":false,""metal_line_supplements"":[],""mixing_length_alpha"":1.25,""neutral_broadening"":""unsold"",""photospheric_depth_concentration"":1.0,""quality"":""production"",""structure_opacity_sampling_resolution"":1000.0,""synthesis_transfer_depth_refinement"":4}",models/dab-032321f93f21a463430f10b3/spectrum.txt,7fbf032e3f9d7dd0c9785c4959657616d5c51b61486cfbc1d0d4ccbc3a58136e,18901,dab,2926.459999821149,original-336,
dab-e6bb2c718bdf9a5c8674ca0c,DAB,40000,6,-2,production,COMPLETE_NUMERICAL,COMPLETE_NUMERICAL,COMPLETE_NUMERICAL,0a74fdbe06596fc145f5169a3b239ddd67053141,"{""abundances"":null,""allard_minimum_effective_temperature"":9000.0,""atmosphere_solver"":""adaptive-newton"",""balmer_self_broadening_prescription"":null,""balmer_self_broadening_truncation_closure"":""stark-core"",""effective_temperature"":40000,""formal_maximum_metal_lines"":null,""formal_minimum_metal_oscillator_strength"":0.0001,""h2_he_cia_path"":null,""include_molecules"":false,""log_hydrogen_to_helium"":-2,""logg"":6,""lyman_profile_source"":""allard"",""maximum_metal_charge"":4,""metal_classical_electron_stark"":false,""metal_line_supplements"":[],""mixing_length_alpha"":1.25,""neutral_broadening"":""unsold"",""photospheric_depth_concentration"":1.0,""quality"":""production"",""structure_opacity_sampling_resolution"":1000.0,""synthesis_transfer_depth_refinement"":4}",models/dab-e6bb2c718bdf9a5c8674ca0c/spectrum.txt,cf6e403f13c1638bdb962413c3472b66f88fba2e28964fe3b98b37ddee960339,18901,dab,1830.9878829049412,original-336,
dab-96daee57ca489778772ae021,DAB,40000,6,0,production,COMPLETE_NUMERICAL,COMPLETE_NUMERICAL,COMPLETE_NUMERICAL,0a74fdbe06596fc145f5169a3b239ddd67053141,"{""abundances"":null,""allard_minimum_effective_temperature"":9000.0,""atmosphere_solver"":""adaptive-newton"",""balmer_self_broadening_prescription"":null,""balmer_self_broadening_truncation_closure"":""stark-core"",""effective_temperature"":40000,""formal_maximum_metal_lines"":null,""formal_minimum_metal_oscillator_strength"":0.0001,""h2_he_cia_path"":null,""include_molecules"":false,""log_hydrogen_to_helium"":0,""logg"":6,""lyman_profile_source"":""allard"",""maximum_metal_charge"":4,""metal_classical_electron_stark"":false,""metal_line_supplements"":[],""mixing_length_alpha"":1.25,""neutral_broadening"":""unsold"",""photospheric_depth_concentration"":1.0,""quality"":""production"",""structure_opacity_sampling_resolution"":1000.0,""synthesis_transfer_depth_refinement"":4}",models/dab-96daee57ca489778772ae021/spectrum.txt,762d9b17abe7de1f0960af2b1f40e0cfbfab8b1ebbccfd4dcb2a0ff17c586547,18901,dab,1913.099535065936,original-336,
dab-8487315c6c0c63a1bfc75aa4,DAB,40000,6,2,production,COMPLETE_NUMERICAL,COMPLETE_NUMERICAL,COMPLETE_NUMERICAL,0a74fdbe06596fc145f5169a3b239ddd67053141,"{""abundances"":null,""allard_minimum_effective_temperature"":9000.0,""atmosphere_solver"":""adaptive-newton"",""balmer_self_broadening_prescription"":null,""balmer_self_broadening_truncation_closure"":""stark-core"",""effective_temperature"":40000,""formal_maximum_metal_lines"":null,""formal_minimum_metal_oscillator_strength"":0.0001,""h2_he_cia_path"":null,""include_molecules"":false,""log_hydrogen_to_helium"":2,""logg"":6,""lyman_profile_source"":""allard"",""maximum_metal_charge"":4,""metal_classical_electron_stark"":false,""metal_line_supplements"":[],""mixing_length_alpha"":1.25,""neutral_broadening"":""unsold"",""photospheric_depth_concentration"":1.0,""quality"":""production"",""structure_opacity_sampling_resolution"":1000.0,""synthesis_transfer_depth_refinement"":4}",models/dab-8487315c6c0c63a1bfc75aa4/spectrum.txt,632ead7233bc54a4473151a3ce8f5f494a054e6e4d22bac647f08686d94dfd93,18901,dab,2235.923719340004,original-336,
dab-4af313ff9d5b96affded1751,DAB,40000,6,4,production,COMPLETE_NUMERICAL,COMPLETE_NUMERICAL,COMPLETE_NUMERICAL,0a74fdbe06596fc145f5169a3b239ddd67053141,"{""abundances"":null,""allard_minimum_effective_temperature"":9000.0,""atmosphere_solver"":""adaptive-newton"",""balmer_self_broadening_prescription"":null,""balmer_self_broadening_truncation_closure"":""stark-core"",""effective_temperature"":40000,""formal_maximum_metal_lines"":null,""formal_minimum_metal_oscillator_strength"":0.0001,""h2_he_cia_path"":null,""include_molecules"":false,""log_hydrogen_to_helium"":4,""logg"":6,""lyman_profile_source"":""allard"",""maximum_metal_charge"":4,""metal_classical_electron_stark"":false,""metal_line_supplements"":[],""mixing_length_alpha"":1.25,""neutral_broadening"":""unsold"",""photospheric_depth_concentration"":1.0,""quality"":""production"",""structure_opacity_sampling_resolution"":1000.0,""synthesis_transfer_depth_refinement"":4}",models/dab-4af313ff9d5b96affded1751/spectrum.txt,136b039b35f23441bfc5c067945823343631e94ff3206d4023468f77d79dcedd,18901,dab,2138.6425575572066,original-336,
dab-1e8abfe2efa6e29379ba3a4c,DAB,40000,6.5,-6,production,COMPLETE_NUMERICAL,COMPLETE_NUMERICAL,COMPLETE_NUMERICAL,0a74fdbe06596fc145f5169a3b239ddd67053141,"{""abundances"":null,""allard_minimum_effective_temperature"":9000.0,""atmosphere_solver"":""adaptive-newton"",""balmer_self_broadening_prescription"":null,""balmer_self_broadening_truncation_closure"":""stark-core"",""effective_temperature"":40000,""formal_maximum_metal_lines"":null,""formal_minimum_metal_oscillator_strength"":0.0001,""h2_he_cia_path"":null,""include_molecules"":false,""log_hydrogen_to_helium"":-6,""logg"":6.5,""lyman_profile_source"":""allard"",""maximum_metal_charge"":4,""metal_classical_electron_stark"":false,""metal_line_supplements"":[],""mixing_length_alpha"":1.25,""neutral_broadening"":""unsold"",""photospheric_depth_concentration"":1.0,""quality"":""production"",""structure_opacity_sampling_resolution"":1000.0,""synthesis_transfer_depth_refinement"":4}",models/dab-1e8abfe2efa6e29379ba3a4c/spectrum.txt,b6f2a3c726e091a68b444cd68b662da0ffcbc30f59cbf41f8c86b767e6b60356,18901,dab,2146.6433343221433,original-336,
dab-08f161384985e8fe302d0192,DAB,40000,6.5,-4,production,COMPLETE_NUMERICAL,COMPLETE_NUMERICAL,COMPLETE_NUMERICAL,0a74fdbe06596fc145f5169a3b239ddd67053141,"{""abundances"":null,""allard_minimum_effective_temperature"":9000.0,""atmosphere_solver"":""adaptive-newton"",""balmer_self_broadening_prescription"":null,""balmer_self_broadening_truncation_closure"":""stark-core"",""effective_temperature"":40000,""formal_maximum_metal_lines"":null,""formal_minimum_metal_oscillator_strength"":0.0001,""h2_he_cia_path"":null,""include_molecules"":false,""log_hydrogen_to_helium"":-4,""logg"":6.5,""lyman_profile_source"":""allard"",""maximum_metal_charge"":4,""metal_classical_electron_stark"":false,""metal_line_supplements"":[],""mixing_length_alpha"":1.25,""neutral_broadening"":""unsold"",""photospheric_depth_concentration"":1.0,""quality"":""production"",""structure_opacity_sampling_resolution"":1000.0,""synthesis_transfer_depth_refinement"":4}",models/dab-08f161384985e8fe302d0192/spectrum.txt,cc3c0f4077aecb2b3ead728ba422b0124652a907fbac1bf36fe4d8f96cf4be90,18901,dab,4648.1207909449,original-336,
dab-423402e20925b1bd4987a105,DAB,40000,6.5,-2,production,COMPLETE_NUMERICAL,COMPLETE_NUMERICAL,COMPLETE_NUMERICAL,0a74fdbe06596fc145f5169a3b239ddd67053141,"{""abundances"":null,""allard_minimum_effective_temperature"":9000.0,""atmosphere_solver"":""adaptive-newton"",""balmer_self_broadening_prescription"":null,""balmer_self_broadening_truncation_closure"":""stark-core"",""effective_temperature"":40000,""formal_maximum_metal_lines"":null,""formal_minimum_metal_oscillator_strength"":0.0001,""h2_he_cia_path"":null,""include_molecules"":false,""log_hydrogen_to_helium"":-2,""logg"":6.5,""lyman_profile_source"":""allard"",""maximum_metal_charge"":4,""metal_classical_electron_stark"":false,""metal_line_supplements"":[],""mixing_length_alpha"":1.25,""neutral_broadening"":""unsold"",""photospheric_depth_concentration"":1.0,""quality"":""production"",""structure_opacity_sampling_resolution"":1000.0,""synthesis_transfer_depth_refinement"":4}",models/dab-423402e20925b1bd4987a105/spectrum.txt,b2b6329fe9c38db59b327ad52e16595fbcc06e15c305d1acc01527906526619d,18901,dab,2782.3637563651428,original-336,
dab-e7acedaf99084f8bc9002680,DAB,40000,6.5,0,production,COMPLETE_NUMERICAL,COMPLETE_NUMERICAL,COMPLETE_NUMERICAL,0a74fdbe06596fc145f5169a3b239ddd67053141,"{""abundances"":null,""allard_minimum_effective_temperature"":9000.0,""atmosphere_solver"":""adaptive-newton"",""balmer_self_broadening_prescription"":null,""balmer_self_broadening_truncation_closure"":""stark-core"",""effective_temperature"":40000,""formal_maximum_metal_lines"":null,""formal_minimum_metal_oscillator_strength"":0.0001,""h2_he_cia_path"":null,""include_molecules"":false,""log_hydrogen_to_helium"":0,""logg"":6.5,""lyman_profile_source"":""allard"",""maximum_metal_charge"":4,""metal_classical_electron_stark"":false,""metal_line_supplements"":[],""mixing_length_alpha"":1.25,""neutral_broadening"":""unsold"",""photospheric_depth_concentration"":1.0,""quality"":""production"",""structure_opacity_sampling_resolution"":1000.0,""synthesis_transfer_depth_refinement"":4}",models/dab-e7acedaf99084f8bc9002680/spectrum.txt,3109a106ffbd1463a7814c98d31edbb656bc16e881b997b69396ff9cf8a7dd6a,18901,dab,2142.7866509058513,original-336,
dab-52c9868c93d21756dfa466c5,DAB,40000,6.5,2,production,COMPLETE_NUMERICAL,COMPLETE_NUMERICAL,COMPLETE_NUMERICAL,0a74fdbe06596fc145f5169a3b239ddd67053141,"{""abundances"":null,""allard_minimum_effective_temperature"":9000.0,""atmosphere_solver"":""adaptive-newton"",""balmer_self_broadening_prescription"":null,""balmer_self_broadening_truncation_closure"":""stark-core"",""effective_temperature"":40000,""formal_maximum_metal_lines"":null,""formal_minimum_metal_oscillator_strength"":0.0001,""h2_he_cia_path"":null,""include_molecules"":false,""log_hydrogen_to_helium"":2,""logg"":6.5,""lyman_profile_source"":""allard"",""maximum_metal_charge"":4,""metal_classical_electron_stark"":false,""metal_line_supplements"":[],""mixing_length_alpha"":1.25,""neutral_broadening"":""unsold"",""photospheric_depth_concentration"":1.0,""quality"":""production"",""structure_opacity_sampling_resolution"":1000.0,""synthesis_transfer_depth_refinement"":4}",models/dab-52c9868c93d21756dfa466c5/spectrum.txt,1bac5c82137d9bc32b5e87ca87a35d8ba2f0a671e6a6a4b5bca54214e1854880,18901,dab,1784.0671372441575,original-336,
dab-74ab3eee6b1ded5d5fc8ba05,DAB,40000,6.5,4,production,COMPLETE_NUMERICAL,COMPLETE_NUMERICAL,COMPLETE_NUMERICAL,0a74fdbe06596fc145f5169a3b239ddd67053141,"{""abundances"":null,""allard_minimum_effective_temperature"":9000.0,""atmosphere_solver"":""adaptive-newton"",""balmer_self_broadening_prescription"":null,""balmer_self_broadening_truncation_closure"":""stark-core"",""effective_temperature"":40000,""formal_maximum_metal_lines"":null,""formal_minimum_metal_oscillator_strength"":0.0001,""h2_he_cia_path"":null,""include_molecules"":false,""log_hydrogen_to_helium"":4,""logg"":6.5,""lyman_profile_source"":""allard"",""maximum_metal_charge"":4,""metal_classical_electron_stark"":false,""metal_line_supplements"":[],""mixing_length_alpha"":1.25,""neutral_broadening"":""unsold"",""photospheric_depth_concentration"":1.0,""quality"":""production"",""structure_opacity_sampling_resolution"":1000.0,""synthesis_transfer_depth_refinement"":4}",models/dab-74ab3eee6b1ded5d5fc8ba05/spectrum.txt,2bb0297d98a35df4b32206a98b445cee856c90c31cb058bded5ccba17398706a,18901,dab,1933.681928161066,original-336,
dab-06b28733cce47d90d2a8267a,DAB,40000,7,-6,production,COMPLETE_NUMERICAL,COMPLETE_NUMERICAL,COMPLETE_NUMERICAL,0a74fdbe06596fc145f5169a3b239ddd67053141,"{""abundances"":null,""allard_minimum_effective_temperature"":9000.0,""atmosphere_solver"":""adaptive-newton"",""balmer_self_broadening_prescription"":null,""balmer_self_broadening_truncation_closure"":""stark-core"",""effective_temperature"":40000,""formal_maximum_metal_lines"":null,""formal_minimum_metal_oscillator_strength"":0.0001,""h2_he_cia_path"":null,""include_molecules"":false,""log_hydrogen_to_helium"":-6,""logg"":7,""lyman_profile_source"":""allard"",""maximum_metal_charge"":4,""metal_classical_electron_stark"":false,""metal_line_supplements"":[],""mixing_length_alpha"":1.25,""neutral_broadening"":""unsold"",""photospheric_depth_concentration"":2,""quality"":""production"",""structure_opacity_sampling_resolution"":1000.0,""synthesis_transfer_depth_refinement"":4}",models/dab-06b28733cce47d90d2a8267a/spectrum.txt,cf9952b1024cd837b0a648ac6c388116e28b45946c2a0e9008e4e8c6270981ab,,,,original-336,
dab-ba1934615c8d09ea3cc3e4f0,DAB,40000,7,-4,production,COMPLETE_NUMERICAL,COMPLETE_NUMERICAL,COMPLETE_NUMERICAL,0a74fdbe06596fc145f5169a3b239ddd67053141,"{""abundances"":null,""allard_minimum_effective_temperature"":9000.0,""atmosphere_solver"":""adaptive-newton"",""balmer_self_broadening_prescription"":null,""balmer_self_broadening_truncation_closure"":""stark-core"",""effective_temperature"":40000,""formal_maximum_metal_lines"":null,""formal_minimum_metal_oscillator_strength"":0.0001,""h2_he_cia_path"":null,""include_molecules"":false,""log_hydrogen_to_helium"":-4,""logg"":7,""lyman_profile_source"":""allard"",""maximum_metal_charge"":4,""metal_classical_electron_stark"":false,""metal_line_supplements"":[],""mixing_length_alpha"":1.25,""neutral_broadening"":""unsold"",""photospheric_depth_concentration"":1.0,""quality"":""production"",""structure_opacity_sampling_resolution"":1000.0,""synthesis_transfer_depth_refinement"":4}",models/dab-ba1934615c8d09ea3cc3e4f0/spectrum.txt,0caa2e68c7e3dc42faf6f96faf9c4db7a75c54da617ef9614b1ba377497613be,18901,dab,4103.509442460025,original-336,
dab-461188d154f821f23958e409,DAB,40000,7,-2,production,COMPLETE_NUMERICAL,COMPLETE_NUMERICAL,COMPLETE_NUMERICAL,0a74fdbe06596fc145f5169a3b239ddd67053141,"{""abundances"":null,""allard_minimum_effective_temperature"":9000.0,""atmosphere_solver"":""adaptive-newton"",""balmer_self_broadening_prescription"":null,""balmer_self_broadening_truncation_closure"":""stark-core"",""effective_temperature"":40000,""formal_maximum_metal_lines"":null,""formal_minimum_metal_oscillator_strength"":0.0001,""h2_he_cia_path"":null,""include_molecules"":false,""log_hydrogen_to_helium"":-2,""logg"":7,""lyman_profile_source"":""allard"",""maximum_metal_charge"":4,""metal_classical_electron_stark"":false,""metal_line_supplements"":[],""mixing_length_alpha"":1.25,""neutral_broadening"":""unsold"",""photospheric_depth_concentration"":1.0,""quality"":""production"",""structure_opacity_sampling_resolution"":1000.0,""synthesis_transfer_depth_refinement"":4}",models/dab-461188d154f821f23958e409/spectrum.txt,c1ca228f3a469d33309d606f982ccaa9e0d08c27c68218bb2e079a677a3bb699,18901,dab,2174.5868972730823,original-336,
dab-ea5f58e15565ce86aa9be6cb,DAB,40000,7,0,production,COMPLETE_NUMERICAL,COMPLETE_NUMERICAL,COMPLETE_NUMERICAL,0a74fdbe06596fc145f5169a3b239ddd67053141,"{""abundances"":null,""allard_minimum_effective_temperature"":9000.0,""atmosphere_solver"":""adaptive-newton"",""balmer_self_broadening_prescription"":null,""balmer_self_broadening_truncation_closure"":""stark-core"",""effective_temperature"":40000,""formal_maximum_metal_lines"":null,""formal_minimum_metal_oscillator_strength"":0.0001,""h2_he_cia_path"":null,""include_molecules"":false,""log_hydrogen_to_helium"":0,""logg"":7,""lyman_profile_source"":""allard"",""maximum_metal_charge"":4,""metal_classical_electron_stark"":false,""metal_line_supplements"":[],""mixing_length_alpha"":1.25,""neutral_broadening"":""unsold"",""photospheric_depth_concentration"":1.0,""quality"":""production"",""structure_opacity_sampling_resolution"":1000.0,""synthesis_transfer_depth_refinement"":4}",models/dab-ea5f58e15565ce86aa9be6cb/spectrum.txt,bb190d2e73dd45d3c1165e43999dc25bdfcebbd4c89156692c5b703f22a6f88a,18901,dab,1768.3341265849303,original-336,
dab-9a8e9ce4b7665be124a1a5be,DAB,40000,7,2,production,COMPLETE_NUMERICAL,COMPLETE_NUMERICAL,COMPLETE_NUMERICAL,0a74fdbe06596fc145f5169a3b239ddd67053141,"{""abundances"":null,""allard_minimum_effective_temperature"":9000.0,""atmosphere_solver"":""adaptive-newton"",""balmer_self_broadening_prescription"":null,""balmer_self_broadening_truncation_closure"":""stark-core"",""effective_temperature"":40000,""formal_maximum_metal_lines"":null,""formal_minimum_metal_oscillator_strength"":0.0001,""h2_he_cia_path"":null,""include_molecules"":false,""log_hydrogen_to_helium"":2,""logg"":7,""lyman_profile_source"":""allard"",""maximum_metal_charge"":4,""metal_classical_electron_stark"":false,""metal_line_supplements"":[],""mixing_length_alpha"":1.25,""neutral_broadening"":""unsold"",""photospheric_depth_concentration"":1.0,""quality"":""production"",""structure_opacity_sampling_resolution"":1000.0,""synthesis_transfer_depth_refinement"":4}",models/dab-9a8e9ce4b7665be124a1a5be/spectrum.txt,ffa89cf19be4e98c4a9b6f3bd797e1d5ccbd16458e119e91c30274652356f2be,18901,dab,1748.204667828977,original-336,
dab-12899e2fdcad15fb5350c786,DAB,40000,7,4,production,COMPLETE_NUMERICAL,COMPLETE_NUMERICAL,COMPLETE_NUMERICAL,0a74fdbe06596fc145f5169a3b239ddd67053141,"{""abundances"":null,""allard_minimum_effective_temperature"":9000.0,""atmosphere_solver"":""adaptive-newton"",""balmer_self_broadening_prescription"":null,""balmer_self_broadening_truncation_closure"":""stark-core"",""effective_temperature"":40000,""formal_maximum_metal_lines"":null,""formal_minimum_metal_oscillator_strength"":0.0001,""h2_he_cia_path"":null,""include_molecules"":false,""log_hydrogen_to_helium"":4,""logg"":7,""lyman_profile_source"":""allard"",""maximum_metal_charge"":4,""metal_classical_electron_stark"":false,""metal_line_supplements"":[],""mixing_length_alpha"":1.25,""neutral_broadening"":""unsold"",""photospheric_depth_concentration"":1.0,""quality"":""production"",""structure_opacity_sampling_resolution"":1000.0,""synthesis_transfer_depth_refinement"":4}",models/dab-12899e2fdcad15fb5350c786/spectrum.txt,c1fea2873f5273a0659b3c0601e63b85eeb348c7181fd725d544d61de453e70c,18901,dab,1916.5925651961006,original-336,
dab-f67bdd8ce3621489bd7b2890,DAB,40000,7.5,-6,production,COMPLETE_NUMERICAL,COMPLETE_NUMERICAL,COMPLETE_NUMERICAL,0a74fdbe06596fc145f5169a3b239ddd67053141,"{""abundances"":null,""allard_minimum_effective_temperature"":9000.0,""atmosphere_solver"":""adaptive-newton"",""balmer_self_broadening_prescription"":null,""balmer_self_broadening_truncation_closure"":""stark-core"",""effective_temperature"":40000,""formal_maximum_metal_lines"":null,""formal_minimum_metal_oscillator_strength"":0.0001,""h2_he_cia_path"":null,""include_molecules"":false,""log_hydrogen_to_helium"":-6,""logg"":7.5,""lyman_profile_source"":""allard"",""maximum_metal_charge"":4,""metal_classical_electron_stark"":false,""metal_line_supplements"":[],""mixing_length_alpha"":1.25,""neutral_broadening"":""unsold"",""photospheric_depth_concentration"":1.0,""quality"":""production"",""structure_opacity_sampling_resolution"":1000.0,""synthesis_transfer_depth_refinement"":4}",models/dab-f67bdd8ce3621489bd7b2890/spectrum.txt,a3e1a2148eca2a3d8077933930a0141f120a0b8a83def95a2cd9773e326ca539,18901,dab,2035.4526023180224,original-336,
dab-0ab58551347155a3ba096882,DAB,40000,7.5,-4,production,COMPLETE_NUMERICAL,COMPLETE_NUMERICAL,COMPLETE_NUMERICAL,0a74fdbe06596fc145f5169a3b239ddd67053141,"{""abundances"":null,""allard_minimum_effective_temperature"":9000.0,""atmosphere_solver"":""adaptive-newton"",""balmer_self_broadening_prescription"":null,""balmer_self_broadening_truncation_closure"":""stark-core"",""effective_temperature"":40000,""formal_maximum_metal_lines"":null,""formal_minimum_metal_oscillator_strength"":0.0001,""h2_he_cia_path"":null,""include_molecules"":false,""log_hydrogen_to_helium"":-4,""logg"":7.5,""lyman_profile_source"":""allard"",""maximum_metal_charge"":4,""metal_classical_electron_stark"":false,""metal_line_supplements"":[],""mixing_length_alpha"":1.25,""neutral_broadening"":""unsold"",""photospheric_depth_concentration"":1.0,""quality"":""production"",""structure_opacity_sampling_resolution"":1000.0,""synthesis_transfer_depth_refinement"":4}",models/dab-0ab58551347155a3ba096882/spectrum.txt,c63fa413ff71f0c760b059573f6263a0878be7236e4ce7222a9658a2265d7e70,18901,dab,2060.0510262178723,original-336,
dab-e744037facab859ccea48e64,DAB,40000,7.5,-2,production,COMPLETE_NUMERICAL,COMPLETE_NUMERICAL,COMPLETE_NUMERICAL,0a74fdbe06596fc145f5169a3b239ddd67053141,"{""abundances"":null,""allard_minimum_effective_temperature"":9000.0,""atmosphere_solver"":""adaptive-newton"",""balmer_self_broadening_prescription"":null,""balmer_self_broadening_truncation_closure"":""stark-core"",""effective_temperature"":40000,""formal_maximum_metal_lines"":null,""formal_minimum_metal_oscillator_strength"":0.0001,""h2_he_cia_path"":null,""include_molecules"":false,""log_hydrogen_to_helium"":-2,""logg"":7.5,""lyman_profile_source"":""allard"",""maximum_metal_charge"":4,""metal_classical_electron_stark"":false,""metal_line_supplements"":[],""mixing_length_alpha"":1.25,""neutral_broadening"":""unsold"",""photospheric_depth_concentration"":1.0,""quality"":""production"",""structure_opacity_sampling_resolution"":1000.0,""synthesis_transfer_depth_refinement"":4}",models/dab-e744037facab859ccea48e64/spectrum.txt,8c52097d6208f1b9020f2e46f6ffb5d02b39e26995b06b50645ac0359576725d,18901,dab,1691.9829541298095,original-336,
dab-767a4666989372eaa953f4e9,DAB,40000,7.5,0,production,COMPLETE_NUMERICAL,COMPLETE_NUMERICAL,COMPLETE_NUMERICAL,0a74fdbe06596fc145f5169a3b239ddd67053141,"{""abundances"":null,""allard_minimum_effective_temperature"":9000.0,""atmosphere_solver"":""adaptive-newton"",""balmer_self_broadening_prescription"":null,""balmer_self_broadening_truncation_closure"":""stark-core"",""effective_temperature"":40000,""formal_maximum_metal_lines"":null,""formal_minimum_metal_oscillator_strength"":0.0001,""h2_he_cia_path"":null,""include_molecules"":false,""log_hydrogen_to_helium"":0,""logg"":7.5,""lyman_profile_source"":""allard"",""maximum_metal_charge"":4,""metal_classical_electron_stark"":false,""metal_line_supplements"":[],""mixing_length_alpha"":1.25,""neutral_broadening"":""unsold"",""photospheric_depth_concentration"":1.0,""quality"":""production"",""structure_opacity_sampling_resolution"":1000.0,""synthesis_transfer_depth_refinement"":4}",models/dab-767a4666989372eaa953f4e9/spectrum.txt,a5b631facc6ce91c6f0859f6604aed415bd5c44dc31cd499cea2923a6245e83f,18901,dab,1896.1767972151283,original-336,
dab-d7a583f7de1e2ea60970f068,DAB,40000,7.5,2,production,COMPLETE_NUMERICAL,COMPLETE_NUMERICAL,COMPLETE_NUMERICAL,0a74fdbe06596fc145f5169a3b239ddd67053141,"{""abundances"":null,""allard_minimum_effective_temperature"":9000.0,""atmosphere_solver"":""adaptive-newton"",""balmer_self_broadening_prescription"":null,""balmer_self_broadening_truncation_closure"":""stark-core"",""effective_temperature"":40000,""formal_maximum_metal_lines"":null,""formal_minimum_metal_oscillator_strength"":0.0001,""h2_he_cia_path"":null,""include_molecules"":false,""log_hydrogen_to_helium"":2,""logg"":7.5,""lyman_profile_source"":""allard"",""maximum_metal_charge"":4,""metal_classical_electron_stark"":false,""metal_line_supplements"":[],""mixing_length_alpha"":1.25,""neutral_broadening"":""unsold"",""photospheric_depth_concentration"":1.0,""quality"":""production"",""structure_opacity_sampling_resolution"":1000.0,""synthesis_transfer_depth_refinement"":4}",models/dab-d7a583f7de1e2ea60970f068/spectrum.txt,ac44208736671d73479f319931651adb427936177731d64b9d4f0b9d99116f8c,18901,dab,1700.7412304580212,original-336,
dab-1f1bc50b5fd618763e25e281,DAB,40000,7.5,4,production,COMPLETE_NUMERICAL,COMPLETE_NUMERICAL,COMPLETE_NUMERICAL,0a74fdbe06596fc145f5169a3b239ddd67053141,"{""abundances"":null,""allard_minimum_effective_temperature"":9000.0,""atmosphere_solver"":""adaptive-newton"",""balmer_self_broadening_prescription"":null,""balmer_self_broadening_truncation_closure"":""stark-core"",""effective_temperature"":40000,""formal_maximum_metal_lines"":null,""formal_minimum_metal_oscillator_strength"":0.0001,""h2_he_cia_path"":null,""include_molecules"":false,""log_hydrogen_to_helium"":4,""logg"":7.5,""lyman_profile_source"":""allard"",""maximum_metal_charge"":4,""metal_classical_electron_stark"":false,""metal_line_supplements"":[],""mixing_length_alpha"":1.25,""neutral_broadening"":""unsold"",""photospheric_depth_concentration"":1.0,""quality"":""production"",""structure_opacity_sampling_resolution"":1000.0,""synthesis_transfer_depth_refinement"":4}",models/dab-1f1bc50b5fd618763e25e281/spectrum.txt,3442c954c56ad38167c294c3e83aa0c6500dbba6753a78b59d7a2dba5e58a1b7,18901,dab,1959.3537952199113,original-336,
dab-e549a56a34b377d4cf3ac964,DAB,40000,8,-6,production,COMPLETE_NUMERICAL,COMPLETE_NUMERICAL,COMPLETE_NUMERICAL,0a74fdbe06596fc145f5169a3b239ddd67053141,"{""abundances"":null,""allard_minimum_effective_temperature"":9000.0,""atmosphere_solver"":""adaptive-newton"",""balmer_self_broadening_prescription"":null,""balmer_self_broadening_truncation_closure"":""stark-core"",""effective_temperature"":40000,""formal_maximum_metal_lines"":null,""formal_minimum_metal_oscillator_strength"":0.0001,""h2_he_cia_path"":null,""include_molecules"":false,""log_hydrogen_to_helium"":-6,""logg"":8,""lyman_profile_source"":""allard"",""maximum_metal_charge"":4,""metal_classical_electron_stark"":false,""metal_line_supplements"":[],""mixing_length_alpha"":1.25,""neutral_broadening"":""unsold"",""photospheric_depth_concentration"":1.0,""quality"":""production"",""structure_opacity_sampling_resolution"":1000.0,""synthesis_transfer_depth_refinement"":4}",models/dab-e549a56a34b377d4cf3ac964/spectrum.txt,4860fab809fab2d097d3e6d267d4fa3c6452306b6264e35b175b3e56c86000f2,18901,dab,1851.1794764020015,original-336,
dab-84a61f9d088257193cc0b8b1,DAB,40000,8,-4,production,COMPLETE_NUMERICAL,COMPLETE_NUMERICAL,COMPLETE_NUMERICAL,0a74fdbe06596fc145f5169a3b239ddd67053141,"{""abundances"":null,""allard_minimum_effective_temperature"":9000.0,""atmosphere_solver"":""adaptive-newton"",""balmer_self_broadening_prescription"":null,""balmer_self_broadening_truncation_closure"":""stark-core"",""effective_temperature"":40000,""formal_maximum_metal_lines"":null,""formal_minimum_metal_oscillator_strength"":0.0001,""h2_he_cia_path"":null,""include_molecules"":false,""log_hydrogen_to_helium"":-4,""logg"":8,""lyman_profile_source"":""allard"",""maximum_metal_charge"":4,""metal_classical_electron_stark"":false,""metal_line_supplements"":[],""mixing_length_alpha"":1.25,""neutral_broadening"":""unsold"",""photospheric_depth_concentration"":1.0,""quality"":""production"",""structure_opacity_sampling_resolution"":1000.0,""synthesis_transfer_depth_refinement"":4}",models/dab-84a61f9d088257193cc0b8b1/spectrum.txt,7b4d9449cdb30a937425651158831fc0bec14fb58af927c60815984cd80967ff,18901,dab,2527.4871365490835,original-336,
dab-03beeda12a98a468a1483ea5,DAB,40000,8,-2,production,COMPLETE_NUMERICAL,COMPLETE_NUMERICAL,COMPLETE_NUMERICAL,0a74fdbe06596fc145f5169a3b239ddd67053141,"{""abundances"":null,""allard_minimum_effective_temperature"":9000.0,""atmosphere_solver"":""adaptive-newton"",""balmer_self_broadening_prescription"":null,""balmer_self_broadening_truncation_closure"":""stark-core"",""effective_temperature"":40000,""formal_maximum_metal_lines"":null,""formal_minimum_metal_oscillator_strength"":0.0001,""h2_he_cia_path"":null,""include_molecules"":false,""log_hydrogen_to_helium"":-2,""logg"":8,""lyman_profile_source"":""allard"",""maximum_metal_charge"":4,""metal_classical_electron_stark"":false,""metal_line_supplements"":[],""mixing_length_alpha"":1.25,""neutral_broadening"":""unsold"",""photospheric_depth_concentration"":1.0,""quality"":""production"",""structure_opacity_sampling_resolution"":1000.0,""synthesis_transfer_depth_refinement"":4}",models/dab-03beeda12a98a468a1483ea5/spectrum.txt,2055a07bf35421b4bfbfbbb89a3c66464e0bbf791c7ae01ddd16d7221359a975,18901,dab,2630.4977492310572,original-336,
dab-d411f40a47f04ae51ee54a5c,DAB,40000,8,0,production,COMPLETE_NUMERICAL,COMPLETE_NUMERICAL,COMPLETE_NUMERICAL,0a74fdbe06596fc145f5169a3b239ddd67053141,"{""abundances"":null,""allard_minimum_effective_temperature"":9000.0,""atmosphere_solver"":""adaptive-newton"",""balmer_self_broadening_prescription"":null,""balmer_self_broadening_truncation_closure"":""stark-core"",""effective_temperature"":40000,""formal_maximum_metal_lines"":null,""formal_minimum_metal_oscillator_strength"":0.0001,""h2_he_cia_path"":null,""include_molecules"":false,""log_hydrogen_to_helium"":0,""logg"":8,""lyman_profile_source"":""allard"",""maximum_metal_charge"":4,""metal_classical_electron_stark"":false,""metal_line_supplements"":[],""mixing_length_alpha"":1.25,""neutral_broadening"":""unsold"",""photospheric_depth_concentration"":1.0,""quality"":""production"",""structure_opacity_sampling_resolution"":1000.0,""synthesis_transfer_depth_refinement"":4}",models/dab-d411f40a47f04ae51ee54a5c/spectrum.txt,8cb94d303ce5f815d8105c221088ee340d1dd230cadff036eca089200e0e2c6e,18901,dab,2082.0676373639144,original-336,
dab-031ed20898151558691824ec,DAB,40000,8,2,production,COMPLETE_NUMERICAL,COMPLETE_NUMERICAL,COMPLETE_NUMERICAL,0a74fdbe06596fc145f5169a3b239ddd67053141,"{""abundances"":null,""allard_minimum_effective_temperature"":9000.0,""atmosphere_solver"":""adaptive-newton"",""balmer_self_broadening_prescription"":null,""balmer_self_broadening_truncation_closure"":""stark-core"",""effective_temperature"":40000,""formal_maximum_metal_lines"":null,""formal_minimum_metal_oscillator_strength"":0.0001,""h2_he_cia_path"":null,""include_molecules"":false,""log_hydrogen_to_helium"":2,""logg"":8,""lyman_profile_source"":""allard"",""maximum_metal_charge"":4,""metal_classical_electron_stark"":false,""metal_line_supplements"":[],""mixing_length_alpha"":1.25,""neutral_broadening"":""unsold"",""photospheric_depth_concentration"":1.0,""quality"":""production"",""structure_opacity_sampling_resolution"":1000.0,""synthesis_transfer_depth_refinement"":4}",models/dab-031ed20898151558691824ec/spectrum.txt,3ca7b41a88ad9988112e007390f8715bd13fada12c1de9d0f221347a4a0a6803,18901,dab,1773.9900820360053,original-336,
dab-26da942731634304c21f7708,DAB,40000,8,4,production,COMPLETE_NUMERICAL,COMPLETE_NUMERICAL,COMPLETE_NUMERICAL,0a74fdbe06596fc145f5169a3b239ddd67053141,"{""abundances"":null,""allard_minimum_effective_temperature"":9000.0,""atmosphere_solver"":""adaptive-newton"",""balmer_self_broadening_prescription"":null,""balmer_self_broadening_truncation_closure"":""stark-core"",""effective_temperature"":40000,""formal_maximum_metal_lines"":null,""formal_minimum_metal_oscillator_strength"":0.0001,""h2_he_cia_path"":null,""include_molecules"":false,""log_hydrogen_to_helium"":4,""logg"":8,""lyman_profile_source"":""allard"",""maximum_metal_charge"":4,""metal_classical_electron_stark"":false,""metal_line_supplements"":[],""mixing_length_alpha"":1.25,""neutral_broadening"":""unsold"",""photospheric_depth_concentration"":1.0,""quality"":""production"",""structure_opacity_sampling_resolution"":1000.0,""synthesis_transfer_depth_refinement"":4}",models/dab-26da942731634304c21f7708/spectrum.txt,6f75721e614eb21a1524243d3353f1a63e320310b94dded9e44b62222e78719e,18901,dab,1661.3634176650085,original-336,
dab-378c7516bdae8104b3fc7a69,DAB,40000,8.5,-6,production,COMPLETE_NUMERICAL,COMPLETE_NUMERICAL,COMPLETE_NUMERICAL,0a74fdbe06596fc145f5169a3b239ddd67053141,"{""abundances"":null,""allard_minimum_effective_temperature"":9000.0,""atmosphere_solver"":""adaptive-newton"",""balmer_self_broadening_prescription"":null,""balmer_self_broadening_truncation_closure"":""stark-core"",""effective_temperature"":40000,""formal_maximum_metal_lines"":null,""formal_minimum_metal_oscillator_strength"":0.0001,""h2_he_cia_path"":null,""include_molecules"":false,""log_hydrogen_to_helium"":-6,""logg"":8.5,""lyman_profile_source"":""allard"",""maximum_metal_charge"":4,""metal_classical_electron_stark"":false,""metal_line_supplements"":[],""mixing_length_alpha"":1.25,""neutral_broadening"":""unsold"",""photospheric_depth_concentration"":1.0,""quality"":""production"",""structure_opacity_sampling_resolution"":1000.0,""synthesis_transfer_depth_refinement"":4}",models/dab-378c7516bdae8104b3fc7a69/spectrum.txt,0c244080e3ad1d498c165cc691cbe71589bd264b114998da1d8376052df61548,18901,dab,3186.6059758600313,original-336,
dab-5ceada02ffba4ee672ce2e66,DAB,40000,8.5,-4,production,COMPLETE_NUMERICAL,COMPLETE_NUMERICAL,COMPLETE_NUMERICAL,0a74fdbe06596fc145f5169a3b239ddd67053141,"{""abundances"":null,""allard_minimum_effective_temperature"":9000.0,""atmosphere_solver"":""adaptive-newton"",""balmer_self_broadening_prescription"":null,""balmer_self_broadening_truncation_closure"":""stark-core"",""effective_temperature"":40000,""formal_maximum_metal_lines"":null,""formal_minimum_metal_oscillator_strength"":0.0001,""h2_he_cia_path"":null,""include_molecules"":false,""log_hydrogen_to_helium"":-4,""logg"":8.5,""lyman_profile_source"":""allard"",""maximum_metal_charge"":4,""metal_classical_electron_stark"":false,""metal_line_supplements"":[],""mixing_length_alpha"":1.25,""neutral_broadening"":""unsold"",""photospheric_depth_concentration"":1.0,""quality"":""production"",""structure_opacity_sampling_resolution"":1000.0,""synthesis_transfer_depth_refinement"":4}",models/dab-5ceada02ffba4ee672ce2e66/spectrum.txt,6db4c3044b9bec04efaaa0b87e3fb3fb4349ac2778a662770508dff3290f084e,18901,dab,2209.8109066889156,original-336,
dab-ef2f00ba4213ee20caf0292f,DAB,40000,8.5,-2,production,COMPLETE_NUMERICAL,COMPLETE_NUMERICAL,COMPLETE_NUMERICAL,0a74fdbe06596fc145f5169a3b239ddd67053141,"{""abundances"":null,""allard_minimum_effective_temperature"":9000.0,""atmosphere_solver"":""adaptive-newton"",""balmer_self_broadening_prescription"":null,""balmer_self_broadening_truncation_closure"":""stark-core"",""effective_temperature"":40000,""formal_maximum_metal_lines"":null,""formal_minimum_metal_oscillator_strength"":0.0001,""h2_he_cia_path"":null,""include_molecules"":false,""log_hydrogen_to_helium"":-2,""logg"":8.5,""lyman_profile_source"":""allard"",""maximum_metal_charge"":4,""metal_classical_electron_stark"":false,""metal_line_supplements"":[],""mixing_length_alpha"":1.25,""neutral_broadening"":""unsold"",""photospheric_depth_concentration"":1.0,""quality"":""production"",""structure_opacity_sampling_resolution"":1000.0,""synthesis_transfer_depth_refinement"":4}",models/dab-ef2f00ba4213ee20caf0292f/spectrum.txt,35b9b236ac6baaaedb0c7d2b7eb5f20f67562ec438bdfc2f4379e72c6501d10f,18901,dab,3420.1692888299003,original-336,
dab-79f9afbe96299fa1cb7d99c2,DAB,40000,8.5,0,production,COMPLETE_NUMERICAL,COMPLETE_NUMERICAL,COMPLETE_NUMERICAL,0a74fdbe06596fc145f5169a3b239ddd67053141,"{""abundances"":null,""allard_minimum_effective_temperature"":9000.0,""atmosphere_solver"":""adaptive-newton"",""balmer_self_broadening_prescription"":null,""balmer_self_broadening_truncation_closure"":""stark-core"",""effective_temperature"":40000,""formal_maximum_metal_lines"":null,""formal_minimum_metal_oscillator_strength"":0.0001,""h2_he_cia_path"":null,""include_molecules"":false,""log_hydrogen_to_helium"":0,""logg"":8.5,""lyman_profile_source"":""allard"",""maximum_metal_charge"":4,""metal_classical_electron_stark"":false,""metal_line_supplements"":[],""mixing_length_alpha"":1.25,""neutral_broadening"":""unsold"",""photospheric_depth_concentration"":1.0,""quality"":""production"",""structure_opacity_sampling_resolution"":1000.0,""synthesis_transfer_depth_refinement"":4}",models/dab-79f9afbe96299fa1cb7d99c2/spectrum.txt,a4c796b1f328dea2d2f411031cc1175b551604b6f97cf09a6efa9c5b99b2a487,18901,dab,2323.4807379359845,original-336,
dab-c1c1855b968ff436e2202527,DAB,40000,8.5,2,production,COMPLETE_NUMERICAL,COMPLETE_NUMERICAL,COMPLETE_NUMERICAL,0a74fdbe06596fc145f5169a3b239ddd67053141,"{""abundances"":null,""allard_minimum_effective_temperature"":9000.0,""atmosphere_solver"":""adaptive-newton"",""balmer_self_broadening_prescription"":null,""balmer_self_broadening_truncation_closure"":""stark-core"",""effective_temperature"":40000,""formal_maximum_metal_lines"":null,""formal_minimum_metal_oscillator_strength"":0.0001,""h2_he_cia_path"":null,""include_molecules"":false,""log_hydrogen_to_helium"":2,""logg"":8.5,""lyman_profile_source"":""allard"",""maximum_metal_charge"":4,""metal_classical_electron_stark"":false,""metal_line_supplements"":[],""mixing_length_alpha"":1.25,""neutral_broadening"":""unsold"",""photospheric_depth_concentration"":1.0,""quality"":""production"",""structure_opacity_sampling_resolution"":1000.0,""synthesis_transfer_depth_refinement"":4}",models/dab-c1c1855b968ff436e2202527/spectrum.txt,69ec15f0c731c87cfb86c413a155d4b2ce6d0842c9e8f447e1a26c6dbea14202,18901,dab,1907.08693374414,original-336,
dab-f13921b67c39e9c5f451dbf3,DAB,40000,8.5,4,production,COMPLETE_NUMERICAL,COMPLETE_NUMERICAL,COMPLETE_NUMERICAL,0a74fdbe06596fc145f5169a3b239ddd67053141,"{""abundances"":null,""allard_minimum_effective_temperature"":9000.0,""atmosphere_solver"":""adaptive-newton"",""balmer_self_broadening_prescription"":null,""balmer_self_broadening_truncation_closure"":""stark-core"",""effective_temperature"":40000,""formal_maximum_metal_lines"":null,""formal_minimum_metal_oscillator_strength"":0.0001,""h2_he_cia_path"":null,""include_molecules"":false,""log_hydrogen_to_helium"":4,""logg"":8.5,""lyman_profile_source"":""allard"",""maximum_metal_charge"":4,""metal_classical_electron_stark"":false,""metal_line_supplements"":[],""mixing_length_alpha"":1.25,""neutral_broadening"":""unsold"",""photospheric_depth_concentration"":1.0,""quality"":""production"",""structure_opacity_sampling_resolution"":1000.0,""synthesis_transfer_depth_refinement"":4}",models/dab-f13921b67c39e9c5f451dbf3/spectrum.txt,96ac53363571e063c09d4dd34e8a8a0760941d64d3030249f732df86d91008be,18901,dab,1701.643954721978,original-336,
dab-032fd85adddd4f16ec2e8b3a,DAB,40000,9,-6,production,COMPLETE_NUMERICAL,COMPLETE_NUMERICAL,COMPLETE_NUMERICAL,0a74fdbe06596fc145f5169a3b239ddd67053141,"{""abundances"":null,""allard_minimum_effective_temperature"":9000.0,""atmosphere_solver"":""adaptive-newton"",""balmer_self_broadening_prescription"":null,""balmer_self_broadening_truncation_closure"":""stark-core"",""effective_temperature"":40000,""formal_maximum_metal_lines"":null,""formal_minimum_metal_oscillator_strength"":0.0001,""h2_he_cia_path"":null,""include_molecules"":false,""log_hydrogen_to_helium"":-6,""logg"":9,""lyman_profile_source"":""allard"",""maximum_metal_charge"":4,""metal_classical_electron_stark"":false,""metal_line_supplements"":[],""mixing_length_alpha"":1.25,""neutral_broadening"":""unsold"",""photospheric_depth_concentration"":1.0,""quality"":""production"",""structure_opacity_sampling_resolution"":1000.0,""synthesis_transfer_depth_refinement"":4}",models/dab-032fd85adddd4f16ec2e8b3a/spectrum.txt,2048ad5c022260c1a26c750a9977a94251eb20d5093867d449ebb06a97c964a1,18901,dab,2343.77345185983,original-336,
dab-d16f51dc7f55696411d436c8,DAB,40000,9,-4,production,COMPLETE_NUMERICAL,COMPLETE_NUMERICAL,COMPLETE_NUMERICAL,0a74fdbe06596fc145f5169a3b239ddd67053141,"{""abundances"":null,""allard_minimum_effective_temperature"":9000.0,""atmosphere_solver"":""adaptive-newton"",""balmer_self_broadening_prescription"":null,""balmer_self_broadening_truncation_closure"":""stark-core"",""effective_temperature"":40000,""formal_maximum_metal_lines"":null,""formal_minimum_metal_oscillator_strength"":0.0001,""h2_he_cia_path"":null,""include_molecules"":false,""log_hydrogen_to_helium"":-4,""logg"":9,""lyman_profile_source"":""allard"",""maximum_metal_charge"":4,""metal_classical_electron_stark"":false,""metal_line_supplements"":[],""mixing_length_alpha"":1.25,""neutral_broadening"":""unsold"",""photospheric_depth_concentration"":1.0,""quality"":""production"",""structure_opacity_sampling_resolution"":1000.0,""synthesis_transfer_depth_refinement"":4}",models/dab-d16f51dc7f55696411d436c8/spectrum.txt,6656cf7b2c27023caaf9ce88d2bb17220c0410ed14b83f3a983fbd07f79a22be,18901,dab,2353.8590583109763,original-336,
dab-a24291b20d51b4b4407cd7ac,DAB,40000,9,-2,production,COMPLETE_NUMERICAL,COMPLETE_NUMERICAL,COMPLETE_NUMERICAL,0a74fdbe06596fc145f5169a3b239ddd67053141,"{""abundances"":null,""allard_minimum_effective_temperature"":9000.0,""atmosphere_solver"":""adaptive-newton"",""balmer_self_broadening_prescription"":null,""balmer_self_broadening_truncation_closure"":""stark-core"",""effective_temperature"":40000,""formal_maximum_metal_lines"":null,""formal_minimum_metal_oscillator_strength"":0.0001,""h2_he_cia_path"":null,""include_molecules"":false,""log_hydrogen_to_helium"":-2,""logg"":9,""lyman_profile_source"":""allard"",""maximum_metal_charge"":4,""metal_classical_electron_stark"":false,""metal_line_supplements"":[],""mixing_length_alpha"":1.25,""neutral_broadening"":""unsold"",""photospheric_depth_concentration"":1.0,""quality"":""production"",""structure_opacity_sampling_resolution"":1000.0,""synthesis_transfer_depth_refinement"":4}",models/dab-a24291b20d51b4b4407cd7ac/spectrum.txt,0be6bc017ef92118f64b474d4c1607d255d22d87da8a7e6a3ea59620d7f67ea1,18901,dab,2481.9771039588377,original-336,
dab-ef4c49b0b23583c2a74ec29f,DAB,40000,9,0,production,COMPLETE_NUMERICAL,COMPLETE_NUMERICAL,COMPLETE_NUMERICAL,0a74fdbe06596fc145f5169a3b239ddd67053141,"{""abundances"":null,""allard_minimum_effective_temperature"":9000.0,""atmosphere_solver"":""adaptive-newton"",""balmer_self_broadening_prescription"":null,""balmer_self_broadening_truncation_closure"":""stark-core"",""effective_temperature"":40000,""formal_maximum_metal_lines"":null,""formal_minimum_metal_oscillator_strength"":0.0001,""h2_he_cia_path"":null,""include_molecules"":false,""log_hydrogen_to_helium"":0,""logg"":9,""lyman_profile_source"":""allard"",""maximum_metal_charge"":4,""metal_classical_electron_stark"":false,""metal_line_supplements"":[],""mixing_length_alpha"":1.25,""neutral_broadening"":""unsold"",""photospheric_depth_concentration"":1.0,""quality"":""production"",""structure_opacity_sampling_resolution"":1000.0,""synthesis_transfer_depth_refinement"":4}",models/dab-ef4c49b0b23583c2a74ec29f/spectrum.txt,b2f395c6f8f00aa36249973a34cd8c14ef5c1263a56bbeb90376d0edb0aeff0e,18901,dab,2292.447494969936,original-336,
dab-f5db1bb5f92e840d471aaf24,DAB,40000,9,2,production,COMPLETE_NUMERICAL,COMPLETE_NUMERICAL,COMPLETE_NUMERICAL,0a74fdbe06596fc145f5169a3b239ddd67053141,"{""abundances"":null,""allard_minimum_effective_temperature"":9000.0,""atmosphere_solver"":""adaptive-newton"",""balmer_self_broadening_prescription"":null,""balmer_self_broadening_truncation_closure"":""stark-core"",""effective_temperature"":40000,""formal_maximum_metal_lines"":null,""formal_minimum_metal_oscillator_strength"":0.0001,""h2_he_cia_path"":null,""include_molecules"":false,""log_hydrogen_to_helium"":2,""logg"":9,""lyman_profile_source"":""allard"",""maximum_metal_charge"":4,""metal_classical_electron_stark"":false,""metal_line_supplements"":[],""mixing_length_alpha"":1.25,""neutral_broadening"":""unsold"",""photospheric_depth_concentration"":1.0,""quality"":""production"",""structure_opacity_sampling_resolution"":1000.0,""synthesis_transfer_depth_refinement"":4}",models/dab-f5db1bb5f92e840d471aaf24/spectrum.txt,e1d8bfbdaf891be80786140d1bcaee9430d392e3fd48fcb32db00e452976c276,18901,dab,1886.9231283911504,original-336,
dab-a417e62f4369272a0a57d782,DAB,40000,9,4,production,COMPLETE_NUMERICAL,COMPLETE_NUMERICAL,COMPLETE_NUMERICAL,0a74fdbe06596fc145f5169a3b239ddd67053141,"{""abundances"":null,""allard_minimum_effective_temperature"":9000.0,""atmosphere_solver"":""adaptive-newton"",""balmer_self_broadening_prescription"":null,""balmer_self_broadening_truncation_closure"":""stark-core"",""effective_temperature"":40000,""formal_maximum_metal_lines"":null,""formal_minimum_metal_oscillator_strength"":0.0001,""h2_he_cia_path"":null,""include_molecules"":false,""log_hydrogen_to_helium"":4,""logg"":9,""lyman_profile_source"":""allard"",""maximum_metal_charge"":4,""metal_classical_electron_stark"":false,""metal_line_supplements"":[],""mixing_length_alpha"":1.25,""neutral_broadening"":""unsold"",""photospheric_depth_concentration"":1.0,""quality"":""production"",""structure_opacity_sampling_resolution"":1000.0,""synthesis_transfer_depth_refinement"":4}",models/dab-a417e62f4369272a0a57d782/spectrum.txt,bbd6d1b211b6564356e3d1be77392b1e8d44f9b207fa4574d36c314df64d94fd,18901,dab,1733.3431061538868,original-336,
dab-401f2ed23251795f47bc9216,DAB,40000,9.5,-6,production,COMPLETE_NUMERICAL,COMPLETE_NUMERICAL,COMPLETE_NUMERICAL,0a74fdbe06596fc145f5169a3b239ddd67053141,"{""abundances"":null,""allard_minimum_effective_temperature"":9000.0,""atmosphere_solver"":""adaptive-newton"",""balmer_self_broadening_prescription"":null,""balmer_self_broadening_truncation_closure"":""stark-core"",""effective_temperature"":40000,""formal_maximum_metal_lines"":null,""formal_minimum_metal_oscillator_strength"":0.0001,""h2_he_cia_path"":null,""include_molecules"":false,""log_hydrogen_to_helium"":-6,""logg"":9.5,""lyman_profile_source"":""allard"",""maximum_metal_charge"":4,""metal_classical_electron_stark"":false,""metal_line_supplements"":[],""mixing_length_alpha"":1.25,""neutral_broadening"":""unsold"",""photospheric_depth_concentration"":1.0,""quality"":""production"",""structure_opacity_sampling_resolution"":1000.0,""synthesis_transfer_depth_refinement"":4}",models/dab-401f2ed23251795f47bc9216/spectrum.txt,f33e3b11293c175eeed902a9e3f17ba289eeb86aa3bd6cedf65c3746d86bbfce,18901,dab,2117.129145230865,original-336,
dab-c2191314e8ff4d7d726ffaa6,DAB,40000,9.5,-4,production,COMPLETE_NUMERICAL,COMPLETE_NUMERICAL,COMPLETE_NUMERICAL,0a74fdbe06596fc145f5169a3b239ddd67053141,"{""abundances"":null,""allard_minimum_effective_temperature"":9000.0,""atmosphere_solver"":""adaptive-newton"",""balmer_self_broadening_prescription"":null,""balmer_self_broadening_truncation_closure"":""stark-core"",""effective_temperature"":40000,""formal_maximum_metal_lines"":null,""formal_minimum_metal_oscillator_strength"":0.0001,""h2_he_cia_path"":null,""include_molecules"":false,""log_hydrogen_to_helium"":-4,""logg"":9.5,""lyman_profile_source"":""allard"",""maximum_metal_charge"":4,""metal_classical_electron_stark"":false,""metal_line_supplements"":[],""mixing_length_alpha"":1.25,""neutral_broadening"":""unsold"",""photospheric_depth_concentration"":1.0,""quality"":""production"",""structure_opacity_sampling_resolution"":1000.0,""synthesis_transfer_depth_refinement"":4}",models/dab-c2191314e8ff4d7d726ffaa6/spectrum.txt,6f173f0fc58803af79d036147ff52e29f57ebd959612a14f81ca5e7f80c502f8,18901,dab,2127.8317326118704,original-336,
dab-06ca08c7d711532bb50177d9,DAB,40000,9.5,-2,production,COMPLETE_NUMERICAL,COMPLETE_NUMERICAL,COMPLETE_NUMERICAL,0a74fdbe06596fc145f5169a3b239ddd67053141,"{""abundances"":null,""allard_minimum_effective_temperature"":9000.0,""atmosphere_solver"":""adaptive-newton"",""balmer_self_broadening_prescription"":null,""balmer_self_broadening_truncation_closure"":""stark-core"",""effective_temperature"":40000,""formal_maximum_metal_lines"":null,""formal_minimum_metal_oscillator_strength"":0.0001,""h2_he_cia_path"":null,""include_molecules"":false,""log_hydrogen_to_helium"":-2,""logg"":9.5,""lyman_profile_source"":""allard"",""maximum_metal_charge"":4,""metal_classical_electron_stark"":false,""metal_line_supplements"":[],""mixing_length_alpha"":1.25,""neutral_broadening"":""unsold"",""photospheric_depth_concentration"":1.0,""quality"":""production"",""structure_opacity_sampling_resolution"":1000.0,""synthesis_transfer_depth_refinement"":4}",models/dab-06ca08c7d711532bb50177d9/spectrum.txt,8abf1d747226b2e4216fb74682b215edc9118b7e63e967f72f151582128c404c,18901,dab,2672.9978625609074,original-336,
dab-c5cddefb0d26e5d14d89de9b,DAB,40000,9.5,0,production,COMPLETE_NUMERICAL,COMPLETE_NUMERICAL,COMPLETE_NUMERICAL,0a74fdbe06596fc145f5169a3b239ddd67053141,"{""abundances"":null,""allard_minimum_effective_temperature"":9000.0,""atmosphere_solver"":""adaptive-newton"",""balmer_self_broadening_prescription"":null,""balmer_self_broadening_truncation_closure"":""stark-core"",""effective_temperature"":40000,""formal_maximum_metal_lines"":null,""formal_minimum_metal_oscillator_strength"":0.0001,""h2_he_cia_path"":null,""include_molecules"":false,""log_hydrogen_to_helium"":0,""logg"":9.5,""lyman_profile_source"":""allard"",""maximum_metal_charge"":4,""metal_classical_electron_stark"":false,""metal_line_supplements"":[],""mixing_length_alpha"":1.25,""neutral_broadening"":""unsold"",""photospheric_depth_concentration"":1.0,""quality"":""production"",""structure_opacity_sampling_resolution"":1000.0,""synthesis_transfer_depth_refinement"":4}",models/dab-c5cddefb0d26e5d14d89de9b/spectrum.txt,0e58857d2230ebb5e8726be0bd565d067a48340c8ed7477245ff825160cd0357,18901,dab,2327.027354754042,original-336,
dab-a3cfd4087df8ca97eb05ccad,DAB,40000,9.5,2,production,COMPLETE_NUMERICAL,COMPLETE_NUMERICAL,COMPLETE_NUMERICAL,0a74fdbe06596fc145f5169a3b239ddd67053141,"{""abundances"":null,""allard_minimum_effective_temperature"":9000.0,""atmosphere_solver"":""adaptive-newton"",""balmer_self_broadening_prescription"":null,""balmer_self_broadening_truncation_closure"":""stark-core"",""effective_temperature"":40000,""formal_maximum_metal_lines"":null,""formal_minimum_metal_oscillator_strength"":0.0001,""h2_he_cia_path"":null,""include_molecules"":false,""log_hydrogen_to_helium"":2,""logg"":9.5,""lyman_profile_source"":""allard"",""maximum_metal_charge"":4,""metal_classical_electron_stark"":false,""metal_line_supplements"":[],""mixing_length_alpha"":1.25,""neutral_broadening"":""unsold"",""photospheric_depth_concentration"":1.0,""quality"":""production"",""structure_opacity_sampling_resolution"":1000.0,""synthesis_transfer_depth_refinement"":4}",models/dab-a3cfd4087df8ca97eb05ccad/spectrum.txt,ddd92d3a6b3f5ec9f1631c54507ce7c9513e14c273387fe23d5fdbdcb0e9bc5a,18901,dab,2020.7551303908695,original-336,
dab-5a83e44581db811b0186f479,DAB,40000,9.5,4,production,COMPLETE_NUMERICAL,COMPLETE_NUMERICAL,COMPLETE_NUMERICAL,0a74fdbe06596fc145f5169a3b239ddd67053141,"{""abundances"":null,""allard_minimum_effective_temperature"":9000.0,""atmosphere_solver"":""adaptive-newton"",""balmer_self_broadening_prescription"":null,""balmer_self_broadening_truncation_closure"":""stark-core"",""effective_temperature"":40000,""formal_maximum_metal_lines"":null,""formal_minimum_metal_oscillator_strength"":0.0001,""h2_he_cia_path"":null,""include_molecules"":false,""log_hydrogen_to_helium"":4,""logg"":9.5,""lyman_profile_source"":""allard"",""maximum_metal_charge"":4,""metal_classical_electron_stark"":false,""metal_line_supplements"":[],""mixing_length_alpha"":1.25,""neutral_broadening"":""unsold"",""photospheric_depth_concentration"":1.0,""quality"":""production"",""structure_opacity_sampling_resolution"":1000.0,""synthesis_transfer_depth_refinement"":4}",models/dab-5a83e44581db811b0186f479/spectrum.txt,4fa1cb9f96abe51a5bdecf122d89c67e4fe3fc189962a32a9398ed66255f19c5,18901,dab,1860.137996729929,original-336,
dab-26027d441206fb42e6c3658d,DAB,12000,6,-5,production,COMPLETE_NUMERICAL,COMPLETE_NUMERICAL,COMPLETE_NUMERICAL,0a74fdbe06596fc145f5169a3b239ddd67053141,"{""abundances"":null,""allard_minimum_effective_temperature"":9000.0,""atmosphere_solver"":""adaptive-newton"",""balmer_self_broadening_prescription"":null,""balmer_self_broadening_truncation_closure"":""stark-core"",""effective_temperature"":12000,""formal_maximum_metal_lines"":null,""formal_minimum_metal_oscillator_strength"":0.0001,""h2_he_cia_path"":null,""include_molecules"":false,""log_hydrogen_to_helium"":-5,""logg"":6,""lyman_profile_source"":""allard"",""maximum_metal_charge"":4,""metal_classical_electron_stark"":false,""metal_line_supplements"":[],""mixing_length_alpha"":1.25,""neutral_broadening"":""unsold"",""photospheric_depth_concentration"":1.0,""quality"":""production"",""structure_opacity_sampling_resolution"":1000.0,""synthesis_transfer_depth_refinement"":4}",,dac928df1ff109d75cb2f1a574ec98acb2f0bc0e52e3ae5e9e3160b47787881a,18901,dab,3211.395905163001,intermediate-abundance-280,
dab-a95b53a5b2d1ed4e8db461ac,DAB,12000,6,-3,production,COMPLETE_NUMERICAL,COMPLETE_NUMERICAL,COMPLETE_NUMERICAL,0a74fdbe06596fc145f5169a3b239ddd67053141,"{""abundances"":null,""allard_minimum_effective_temperature"":9000.0,""atmosphere_solver"":""adaptive-newton"",""balmer_self_broadening_prescription"":null,""balmer_self_broadening_truncation_closure"":""stark-core"",""effective_temperature"":12000,""formal_maximum_metal_lines"":null,""formal_minimum_metal_oscillator_strength"":0.0001,""h2_he_cia_path"":null,""include_molecules"":false,""log_hydrogen_to_helium"":-3,""logg"":6,""lyman_profile_source"":""allard"",""maximum_metal_charge"":4,""metal_classical_electron_stark"":false,""metal_line_supplements"":[],""mixing_length_alpha"":1.25,""neutral_broadening"":""unsold"",""photospheric_depth_concentration"":1.0,""quality"":""production"",""structure_opacity_sampling_resolution"":1000.0,""synthesis_transfer_depth_refinement"":4}",,b5cc65e30f1647f949bb96ef1a9c4207d0a471935e0adc68e7b1ad7b04930712,18901,dab,3237.1091744660007,intermediate-abundance-280,
dab-cfc59a8dc0e979edd128bb26,DAB,12000,6,-1,production,COMPLETE_NUMERICAL,COMPLETE_NUMERICAL,COMPLETE_NUMERICAL,0a74fdbe06596fc145f5169a3b239ddd67053141,"{""abundances"":null,""allard_minimum_effective_temperature"":9000.0,""atmosphere_solver"":""adaptive-newton"",""balmer_self_broadening_prescription"":null,""balmer_self_broadening_truncation_closure"":""stark-core"",""effective_temperature"":12000,""formal_maximum_metal_lines"":null,""formal_minimum_metal_oscillator_strength"":0.0001,""h2_he_cia_path"":null,""include_molecules"":false,""log_hydrogen_to_helium"":-1,""logg"":6,""lyman_profile_source"":""allard"",""maximum_metal_charge"":4,""metal_classical_electron_stark"":false,""metal_line_supplements"":[],""mixing_length_alpha"":1.25,""neutral_broadening"":""unsold"",""photospheric_depth_concentration"":1.0,""quality"":""production"",""structure_opacity_sampling_resolution"":1000.0,""synthesis_transfer_depth_refinement"":4}",,25e26eb0a6c3534fecc6698282730d165e8de162efde78ac76ef1c9da9fe4297,18901,dab,3044.609406850999,intermediate-abundance-280,
dab-ec9d8361a70c0605c2d43dc4,DAB,12000,6,1,production,COMPLETE_NUMERICAL,COMPLETE_NUMERICAL,COMPLETE_NUMERICAL,0a74fdbe06596fc145f5169a3b239ddd67053141,"{""abundances"":null,""allard_minimum_effective_temperature"":9000.0,""atmosphere_solver"":""adaptive-newton"",""balmer_self_broadening_prescription"":null,""balmer_self_broadening_truncation_closure"":""stark-core"",""effective_temperature"":12000,""formal_maximum_metal_lines"":null,""formal_minimum_metal_oscillator_strength"":0.0001,""h2_he_cia_path"":null,""include_molecules"":false,""log_hydrogen_to_helium"":1,""logg"":6,""lyman_profile_source"":""allard"",""maximum_metal_charge"":4,""metal_classical_electron_stark"":false,""metal_line_supplements"":[],""mixing_length_alpha"":1.25,""neutral_broadening"":""unsold"",""photospheric_depth_concentration"":1.0,""quality"":""production"",""structure_opacity_sampling_resolution"":1000.0,""synthesis_transfer_depth_refinement"":4}",,3fc285c065c4248bce365587aeb04255cb295be92e3b74791b90fa53ffd5fb88,18901,dab,1893.2414278439974,intermediate-abundance-280,
dab-6573f981d4263870e3c92b01,DAB,12000,6,3,production,COMPLETE_NUMERICAL,COMPLETE_NUMERICAL,COMPLETE_NUMERICAL,0a74fdbe06596fc145f5169a3b239ddd67053141,"{""abundances"":null,""allard_minimum_effective_temperature"":9000.0,""atmosphere_solver"":""adaptive-newton"",""balmer_self_broadening_prescription"":null,""balmer_self_broadening_truncation_closure"":""stark-core"",""effective_temperature"":12000,""formal_maximum_metal_lines"":null,""formal_minimum_metal_oscillator_strength"":0.0001,""h2_he_cia_path"":null,""include_molecules"":false,""log_hydrogen_to_helium"":3,""logg"":6,""lyman_profile_source"":""allard"",""maximum_metal_charge"":4,""metal_classical_electron_stark"":false,""metal_line_supplements"":[],""mixing_length_alpha"":1.25,""neutral_broadening"":""unsold"",""photospheric_depth_concentration"":1.0,""quality"":""production"",""structure_opacity_sampling_resolution"":1000.0,""synthesis_transfer_depth_refinement"":4}",,1b0b3a0a70a798e838ed12c7f1d63a45e83add6c2f35f5802602af50474720bb,18901,dab,1301.344269197005,intermediate-abundance-280,
dab-3f583b50fa449812dcfe06e0,DAB,12000,6.5,-5,production,COMPLETE_NUMERICAL,COMPLETE_NUMERICAL,COMPLETE_NUMERICAL,0a74fdbe06596fc145f5169a3b239ddd67053141,"{""abundances"":null,""allard_minimum_effective_temperature"":9000.0,""atmosphere_solver"":""adaptive-newton"",""balmer_self_broadening_prescription"":null,""balmer_self_broadening_truncation_closure"":""stark-core"",""effective_temperature"":12000,""formal_maximum_metal_lines"":null,""formal_minimum_metal_oscillator_strength"":0.0001,""h2_he_cia_path"":null,""include_molecules"":false,""log_hydrogen_to_helium"":-5,""logg"":6.5,""lyman_profile_source"":""allard"",""maximum_metal_charge"":4,""metal_classical_electron_stark"":false,""metal_line_supplements"":[],""mixing_length_alpha"":1.25,""neutral_broadening"":""unsold"",""photospheric_depth_concentration"":1.0,""quality"":""production"",""structure_opacity_sampling_resolution"":1000.0,""synthesis_transfer_depth_refinement"":4}",,25f9dae6f4cd4662ed9955cb49a148cfe6aae5f08010a2de9025d5b61d58dfe1,18901,dab,3857.2434638749983,intermediate-abundance-280,
dab-e14b7537099219b22aac969a,DAB,12000,6.5,-3,production,COMPLETE_NUMERICAL,COMPLETE_NUMERICAL,COMPLETE_NUMERICAL,0a74fdbe06596fc145f5169a3b239ddd67053141,"{""abundances"":null,""allard_minimum_effective_temperature"":9000.0,""atmosphere_solver"":""adaptive-newton"",""balmer_self_broadening_prescription"":null,""balmer_self_broadening_truncation_closure"":""stark-core"",""effective_temperature"":12000,""formal_maximum_metal_lines"":null,""formal_minimum_metal_oscillator_strength"":0.0001,""h2_he_cia_path"":null,""include_molecules"":false,""log_hydrogen_to_helium"":-3,""logg"":6.5,""lyman_profile_source"":""allard"",""maximum_metal_charge"":4,""metal_classical_electron_stark"":false,""metal_line_supplements"":[],""mixing_length_alpha"":1.25,""neutral_broadening"":""unsold"",""photospheric_depth_concentration"":1.0,""quality"":""production"",""structure_opacity_sampling_resolution"":1000.0,""synthesis_transfer_depth_refinement"":4}",,77525d536c278a6e6a3eaffc07c99a2bb5636979be1cc8c24da0371c4c9808c7,18901,dab,2929.5329115600034,intermediate-abundance-280,
dab-2271ac2149b7f2ed66c94396,DAB,12000,6.5,-1,production,TIMEOUT,TIMEOUT,TIMEOUT,0a74fdbe06596fc145f5169a3b239ddd67053141,"{""abundances"":null,""allard_minimum_effective_temperature"":9000.0,""atmosphere_solver"":""adaptive-newton"",""balmer_self_broadening_prescription"":null,""balmer_self_broadening_truncation_closure"":""stark-core"",""effective_temperature"":12000,""formal_maximum_metal_lines"":null,""formal_minimum_metal_oscillator_strength"":0.0001,""h2_he_cia_path"":null,""include_molecules"":false,""log_hydrogen_to_helium"":-1,""logg"":6.5,""lyman_profile_source"":""allard"",""maximum_metal_charge"":4,""metal_classical_electron_stark"":false,""metal_line_supplements"":[],""mixing_length_alpha"":1.25,""neutral_broadening"":""unsold"",""photospheric_depth_concentration"":1.0,""quality"":""production"",""structure_opacity_sampling_resolution"":1000.0,""synthesis_transfer_depth_refinement"":4}",,,,,3642.1703776810027,intermediate-abundance-280,
dab-9b4fc413839089bcf2667761,DAB,12000,6.5,1,production,COMPLETE_NUMERICAL,COMPLETE_NUMERICAL,COMPLETE_NUMERICAL,0a74fdbe06596fc145f5169a3b239ddd67053141,"{""abundances"":null,""allard_minimum_effective_temperature"":9000.0,""atmosphere_solver"":""adaptive-newton"",""balmer_self_broadening_prescription"":null,""balmer_self_broadening_truncation_closure"":""stark-core"",""effective_temperature"":12000,""formal_maximum_metal_lines"":null,""formal_minimum_metal_oscillator_strength"":0.0001,""h2_he_cia_path"":null,""include_molecules"":false,""log_hydrogen_to_helium"":1,""logg"":6.5,""lyman_profile_source"":""allard"",""maximum_metal_charge"":4,""metal_classical_electron_stark"":false,""metal_line_supplements"":[],""mixing_length_alpha"":1.25,""neutral_broadening"":""unsold"",""photospheric_depth_concentration"":1.0,""quality"":""production"",""structure_opacity_sampling_resolution"":1000.0,""synthesis_transfer_depth_refinement"":4}",,59d93f04b3dc8f29c472f261eb56d3f88c61d32142ddb915301d0dd0f85d6418,18901,dab,1760.224043848997,intermediate-abundance-280,
dab-4e51998673821058bed4076a,DAB,12000,6.5,3,production,COMPLETE_NUMERICAL,COMPLETE_NUMERICAL,COMPLETE_NUMERICAL,0a74fdbe06596fc145f5169a3b239ddd67053141,"{""abundances"":null,""allard_minimum_effective_temperature"":9000.0,""atmosphere_solver"":""adaptive-newton"",""balmer_self_broadening_prescription"":null,""balmer_self_broadening_truncation_closure"":""stark-core"",""effective_temperature"":12000,""formal_maximum_metal_lines"":null,""formal_minimum_metal_oscillator_strength"":0.0001,""h2_he_cia_path"":null,""include_molecules"":false,""log_hydrogen_to_helium"":3,""logg"":6.5,""lyman_profile_source"":""allard"",""maximum_metal_charge"":4,""metal_classical_electron_stark"":false,""metal_line_supplements"":[],""mixing_length_alpha"":1.25,""neutral_broadening"":""unsold"",""photospheric_depth_concentration"":1.0,""quality"":""production"",""structure_opacity_sampling_resolution"":1000.0,""synthesis_transfer_depth_refinement"":4}",,36c21d6d4a58b0ac4372d4af60f95bb7a796d914d420c4578f4ac1d3a336f690,18901,dab,1055.8841110170033,intermediate-abundance-280,
dab-c9c77ec64c9b73def9244ff6,DAB,12000,7,-5,production,COMPLETE_NUMERICAL,COMPLETE_NUMERICAL,COMPLETE_NUMERICAL,0a74fdbe06596fc145f5169a3b239ddd67053141,"{""abundances"":null,""allard_minimum_effective_temperature"":9000.0,""atmosphere_solver"":""adaptive-newton"",""balmer_self_broadening_prescription"":null,""balmer_self_broadening_truncation_closure"":""stark-core"",""effective_temperature"":12000,""formal_maximum_metal_lines"":null,""formal_minimum_metal_oscillator_strength"":0.0001,""h2_he_cia_path"":null,""include_molecules"":false,""log_hydrogen_to_helium"":-5,""logg"":7,""lyman_profile_source"":""allard"",""maximum_metal_charge"":4,""metal_classical_electron_stark"":false,""metal_line_supplements"":[],""mixing_length_alpha"":1.25,""neutral_broadening"":""unsold"",""photospheric_depth_concentration"":1.0,""quality"":""production"",""structure_opacity_sampling_resolution"":1000.0,""synthesis_transfer_depth_refinement"":4}",,f70957786efddf846e35bf3cc5e5760e33b323f6926e1191a4db1a6648f4db6e,18901,dab,4113.532537453997,intermediate-abundance-280,
dab-b5c39b09f5da752274f6b89b,DAB,12000,7,-3,production,COMPLETE_NUMERICAL,COMPLETE_NUMERICAL,COMPLETE_NUMERICAL,0a74fdbe06596fc145f5169a3b239ddd67053141,"{""abundances"":null,""allard_minimum_effective_temperature"":9000.0,""atmosphere_solver"":""adaptive-newton"",""balmer_self_broadening_prescription"":null,""balmer_self_broadening_truncation_closure"":""stark-core"",""effective_temperature"":12000,""formal_maximum_metal_lines"":null,""formal_minimum_metal_oscillator_strength"":0.0001,""h2_he_cia_path"":null,""include_molecules"":false,""log_hydrogen_to_helium"":-3,""logg"":7,""lyman_profile_source"":""allard"",""maximum_metal_charge"":4,""metal_classical_electron_stark"":false,""metal_line_supplements"":[],""mixing_length_alpha"":1.25,""neutral_broadening"":""unsold"",""photospheric_depth_concentration"":1.0,""quality"":""production"",""structure_opacity_sampling_resolution"":1000.0,""synthesis_transfer_depth_refinement"":4}",,2b37b18a84175b1169ce7b459ef49c349addb0cbd3af840d04ae4d4a1365566c,18901,dab,4410.002251492995,intermediate-abundance-280,
dab-c859b6962e67b7f4db5ea266,DAB,12000,7,-1,production,COMPLETE_NUMERICAL,COMPLETE_NUMERICAL,COMPLETE_NUMERICAL,0a74fdbe06596fc145f5169a3b239ddd67053141,"{""abundances"":null,""allard_minimum_effective_temperature"":9000.0,""atmosphere_solver"":""adaptive-newton"",""balmer_self_broadening_prescription"":null,""balmer_self_broadening_truncation_closure"":""stark-core"",""effective_temperature"":12000,""formal_maximum_metal_lines"":null,""formal_minimum_metal_oscillator_strength"":0.0001,""h2_he_cia_path"":null,""include_molecules"":false,""log_hydrogen_to_helium"":-1,""logg"":7,""lyman_profile_source"":""allard"",""maximum_metal_charge"":4,""metal_classical_electron_stark"":false,""metal_line_supplements"":[],""mixing_length_alpha"":1.25,""neutral_broadening"":""unsold"",""photospheric_depth_concentration"":1.0,""quality"":""production"",""structure_opacity_sampling_resolution"":1000.0,""synthesis_transfer_depth_refinement"":4}",,3a74c0142afddf56138a2cb8c1ede8c9d4fb85fd950229da8b9ce158b9aec37c,18901,dab,2150.058341265001,intermediate-abundance-280,
dab-06eeee525dd277d110934b3b,DAB,12000,7,1,production,COMPLETE_NUMERICAL,COMPLETE_NUMERICAL,COMPLETE_NUMERICAL,0a74fdbe06596fc145f5169a3b239ddd67053141,"{""abundances"":null,""allard_minimum_effective_temperature"":9000.0,""atmosphere_solver"":""adaptive-newton"",""balmer_self_broadening_prescription"":null,""balmer_self_broadening_truncation_closure"":""stark-core"",""effective_temperature"":12000,""formal_maximum_metal_lines"":null,""formal_minimum_metal_oscillator_strength"":0.0001,""h2_he_cia_path"":null,""include_molecules"":false,""log_hydrogen_to_helium"":1,""logg"":7,""lyman_profile_source"":""allard"",""maximum_metal_charge"":4,""metal_classical_electron_stark"":false,""metal_line_supplements"":[],""mixing_length_alpha"":1.25,""neutral_broadening"":""unsold"",""photospheric_depth_concentration"":1.0,""quality"":""production"",""structure_opacity_sampling_resolution"":1000.0,""synthesis_transfer_depth_refinement"":4}",,9b1cfa837638d413f316170f0ebe162af17d862ba009b7bf7f50ea4abaf3f6ba,18901,dab,2300.446675316998,intermediate-abundance-280,
dab-3155ff4282ccc6a494f69cfd,DAB,12000,7,3,production,COMPLETE_NUMERICAL,COMPLETE_NUMERICAL,COMPLETE_NUMERICAL,0a74fdbe06596fc145f5169a3b239ddd67053141,"{""abundances"":null,""allard_minimum_effective_temperature"":9000.0,""atmosphere_solver"":""adaptive-newton"",""balmer_self_broadening_prescription"":null,""balmer_self_broadening_truncation_closure"":""stark-core"",""effective_temperature"":12000,""formal_maximum_metal_lines"":null,""formal_minimum_metal_oscillator_strength"":0.0001,""h2_he_cia_path"":null,""include_molecules"":false,""log_hydrogen_to_helium"":3,""logg"":7,""lyman_profile_source"":""allard"",""maximum_metal_charge"":4,""metal_classical_electron_stark"":false,""metal_line_supplements"":[],""mixing_length_alpha"":1.25,""neutral_broadening"":""unsold"",""photospheric_depth_concentration"":1.0,""quality"":""production"",""structure_opacity_sampling_resolution"":1000.0,""synthesis_transfer_depth_refinement"":4}",,382a7af8da95e0117dc529e6e4b2ace405bda1034642de71d15337312e042358,18901,dab,1255.9467877480056,intermediate-abundance-280,
dab-40a9f05326ca8747494da490,DAB,12000,7.5,-5,production,COMPLETE_NUMERICAL,COMPLETE_NUMERICAL,COMPLETE_NUMERICAL,0a74fdbe06596fc145f5169a3b239ddd67053141,"{""abundances"":null,""allard_minimum_effective_temperature"":9000.0,""atmosphere_solver"":""adaptive-newton"",""balmer_self_broadening_prescription"":null,""balmer_self_broadening_truncation_closure"":""stark-core"",""effective_temperature"":12000,""formal_maximum_metal_lines"":null,""formal_minimum_metal_oscillator_strength"":0.0001,""h2_he_cia_path"":null,""include_molecules"":false,""log_hydrogen_to_helium"":-5,""logg"":7.5,""lyman_profile_source"":""allard"",""maximum_metal_charge"":4,""metal_classical_electron_stark"":false,""metal_line_supplements"":[],""mixing_length_alpha"":1.25,""neutral_broadening"":""unsold"",""photospheric_depth_concentration"":1.0,""quality"":""production"",""structure_opacity_sampling_resolution"":1000.0,""synthesis_transfer_depth_refinement"":4}",,a5d4fc9687ae8e2c5ffc78c6c522663c34e281281593721f8c8fe2b76e9b9c5b,18901,dab,3893.2281504290004,intermediate-abundance-280,
dab-583b92cba79b2588db200c82,DAB,12000,7.5,-3,production,COMPLETE_NUMERICAL,COMPLETE_NUMERICAL,COMPLETE_NUMERICAL,0a74fdbe06596fc145f5169a3b239ddd67053141,"{""abundances"":null,""allard_minimum_effective_temperature"":9000.0,""atmosphere_solver"":""adaptive-newton"",""balmer_self_broadening_prescription"":null,""balmer_self_broadening_truncation_closure"":""stark-core"",""effective_temperature"":12000,""formal_maximum_metal_lines"":null,""formal_minimum_metal_oscillator_strength"":0.0001,""h2_he_cia_path"":null,""include_molecules"":false,""log_hydrogen_to_helium"":-3,""logg"":7.5,""lyman_profile_source"":""allard"",""maximum_metal_charge"":4,""metal_classical_electron_stark"":false,""metal_line_supplements"":[],""mixing_length_alpha"":1.25,""neutral_broadening"":""unsold"",""photospheric_depth_concentration"":1.0,""quality"":""production"",""structure_opacity_sampling_resolution"":1000.0,""synthesis_transfer_depth_refinement"":4}",,b0d5c3ef9d9ec49996e68de99727765aa6d2543fc3db83f225f9f5d3c10b393c,18901,dab,4671.509744373005,intermediate-abundance-280,
dab-57eebde0059a9fbca9d729fa,DAB,12000,7.5,-1,production,COMPLETE_NUMERICAL,COMPLETE_NUMERICAL,COMPLETE_NUMERICAL,0a74fdbe06596fc145f5169a3b239ddd67053141,"{""abundances"":null,""allard_minimum_effective_temperature"":9000.0,""atmosphere_solver"":""adaptive-newton"",""balmer_self_broadening_prescription"":null,""balmer_self_broadening_truncation_closure"":""stark-core"",""effective_temperature"":12000,""formal_maximum_metal_lines"":null,""formal_minimum_metal_oscillator_strength"":0.0001,""h2_he_cia_path"":null,""include_molecules"":false,""log_hydrogen_to_helium"":-1,""logg"":7.5,""lyman_profile_source"":""allard"",""maximum_metal_charge"":4,""metal_classical_electron_stark"":false,""metal_line_supplements"":[],""mixing_length_alpha"":1.25,""neutral_broadening"":""unsold"",""photospheric_depth_concentration"":1.0,""quality"":""production"",""structure_opacity_sampling_resolution"":1000.0,""synthesis_transfer_depth_refinement"":4}",,686d71c6545b778a55589a95bdb320d2e825d991ddcdc410cfadd13904c31b3e,18901,dab,2455.3535656250024,intermediate-abundance-280,
dab-fb0c41b94457677af0a46e19,DAB,12000,7.5,1,production,COMPLETE_NUMERICAL,COMPLETE_NUMERICAL,COMPLETE_NUMERICAL,0a74fdbe06596fc145f5169a3b239ddd67053141,"{""abundances"":null,""allard_minimum_effective_temperature"":9000.0,""atmosphere_solver"":""adaptive-newton"",""balmer_self_broadening_prescription"":null,""balmer_self_broadening_truncation_closure"":""stark-core"",""effective_temperature"":12000,""formal_maximum_metal_lines"":null,""formal_minimum_metal_oscillator_strength"":0.0001,""h2_he_cia_path"":null,""include_molecules"":false,""log_hydrogen_to_helium"":1,""logg"":7.5,""lyman_profile_source"":""allard"",""maximum_metal_charge"":4,""metal_classical_electron_stark"":false,""metal_line_supplements"":[],""mixing_length_alpha"":1.25,""neutral_broadening"":""unsold"",""photospheric_depth_concentration"":1.0,""quality"":""production"",""structure_opacity_sampling_resolution"":1000.0,""synthesis_transfer_depth_refinement"":4}",,22481b73bfa322268a0a9c4e96ec8e0678c9f34b7dac0687081bfb30d44d6ff4,18901,dab,4246.168275803997,intermediate-abundance-280,
dab-2013871d0528be6b0673c097,DAB,12000,7.5,3,production,COMPLETE_NUMERICAL,COMPLETE_NUMERICAL,COMPLETE_NUMERICAL,0a74fdbe06596fc145f5169a3b239ddd67053141,"{""abundances"":null,""allard_minimum_effective_temperature"":9000.0,""atmosphere_solver"":""adaptive-newton"",""balmer_self_broadening_prescription"":null,""balmer_self_broadening_truncation_closure"":""stark-core"",""effective_temperature"":12000,""formal_maximum_metal_lines"":null,""formal_minimum_metal_oscillator_strength"":0.0001,""h2_he_cia_path"":null,""include_molecules"":false,""log_hydrogen_to_helium"":3,""logg"":7.5,""lyman_profile_source"":""allard"",""maximum_metal_charge"":4,""metal_classical_electron_stark"":false,""metal_line_supplements"":[],""mixing_length_alpha"":1.25,""neutral_broadening"":""unsold"",""photospheric_depth_concentration"":1.0,""quality"":""production"",""structure_opacity_sampling_resolution"":1000.0,""synthesis_transfer_depth_refinement"":4}",,88e0682109af92911633fc87bdcc83be857926a462455cf3506568f720137bc4,18901,dab,2657.782377967,intermediate-abundance-280,
dab-ae2eba2e5cfdbd36b8f43596,DAB,12000,8,-5,production,COMPLETE_NUMERICAL,COMPLETE_NUMERICAL,COMPLETE_NUMERICAL,0a74fdbe06596fc145f5169a3b239ddd67053141,"{""abundances"":null,""allard_minimum_effective_temperature"":9000.0,""atmosphere_solver"":""adaptive-newton"",""balmer_self_broadening_prescription"":null,""balmer_self_broadening_truncation_closure"":""stark-core"",""effective_temperature"":12000,""formal_maximum_metal_lines"":null,""formal_minimum_metal_oscillator_strength"":0.0001,""h2_he_cia_path"":null,""include_molecules"":false,""log_hydrogen_to_helium"":-5,""logg"":8,""lyman_profile_source"":""allard"",""maximum_metal_charge"":4,""metal_classical_electron_stark"":false,""metal_line_supplements"":[],""mixing_length_alpha"":1.25,""neutral_broadening"":""unsold"",""photospheric_depth_concentration"":1.0,""quality"":""production"",""structure_opacity_sampling_resolution"":1000.0,""synthesis_transfer_depth_refinement"":4}",,4a0de5cba67cfa447b1b5230552d82aca49d7d6fbb816843bf2cdc2b44c59e96,18901,dab,3821.387787006999,intermediate-abundance-280,
dab-975c44f2be086a2fa3d7b98b,DAB,12000,8,-3,production,COMPLETE_NUMERICAL,COMPLETE_NUMERICAL,COMPLETE_NUMERICAL,0a74fdbe06596fc145f5169a3b239ddd67053141,"{""abundances"":null,""allard_minimum_effective_temperature"":9000.0,""atmosphere_solver"":""adaptive-newton"",""balmer_self_broadening_prescription"":null,""balmer_self_broadening_truncation_closure"":""stark-core"",""effective_temperature"":12000,""formal_maximum_metal_lines"":null,""formal_minimum_metal_oscillator_strength"":0.0001,""h2_he_cia_path"":null,""include_molecules"":false,""log_hydrogen_to_helium"":-3,""logg"":8,""lyman_profile_source"":""allard"",""maximum_metal_charge"":4,""metal_classical_electron_stark"":false,""metal_line_supplements"":[],""mixing_length_alpha"":1.25,""neutral_broadening"":""unsold"",""photospheric_depth_concentration"":1.0,""quality"":""production"",""structure_opacity_sampling_resolution"":1000.0,""synthesis_transfer_depth_refinement"":4}",,ff429e57955b4d07c2b577073edbec116f0cbde17c06e6e0fd2a65d94adb8bee,18901,dab,4958.458891269998,intermediate-abundance-280,
dab-009bc184c45fe0ad37c140dd,DAB,12000,8,-1,production,COMPLETE_NUMERICAL,COMPLETE_NUMERICAL,COMPLETE_NUMERICAL,0a74fdbe06596fc145f5169a3b239ddd67053141,"{""abundances"":null,""allard_minimum_effective_temperature"":9000.0,""atmosphere_solver"":""adaptive-newton"",""balmer_self_broadening_prescription"":null,""balmer_self_broadening_truncation_closure"":""stark-core"",""effective_temperature"":12000,""formal_maximum_metal_lines"":null,""formal_minimum_metal_oscillator_strength"":0.0001,""h2_he_cia_path"":null,""include_molecules"":false,""log_hydrogen_to_helium"":-1,""logg"":8,""lyman_profile_source"":""allard"",""maximum_metal_charge"":4,""metal_classical_electron_stark"":false,""metal_line_supplements"":[],""mixing_length_alpha"":1.25,""neutral_broadening"":""unsold"",""photospheric_depth_concentration"":1.0,""quality"":""production"",""structure_opacity_sampling_resolution"":1000.0,""synthesis_transfer_depth_refinement"":4}",,4d74ba52660db89b71edd78be03fe755ac44af8688f9aa62ac582d578f254a83,18901,dab,2629.082112308999,intermediate-abundance-280,
dab-af68e30c772e354809ce0875,DAB,12000,8,1,production,COMPLETE_NUMERICAL,COMPLETE_NUMERICAL,COMPLETE_NUMERICAL,0a74fdbe06596fc145f5169a3b239ddd67053141,"{""abundances"":null,""allard_minimum_effective_temperature"":9000.0,""atmosphere_solver"":""adaptive-newton"",""balmer_self_broadening_prescription"":null,""balmer_self_broadening_truncation_closure"":""stark-core"",""effective_temperature"":12000,""formal_maximum_metal_lines"":null,""formal_minimum_metal_oscillator_strength"":0.0001,""h2_he_cia_path"":null,""include_molecules"":false,""log_hydrogen_to_helium"":1,""logg"":8,""lyman_profile_source"":""allard"",""maximum_metal_charge"":4,""metal_classical_electron_stark"":false,""metal_line_supplements"":[],""mixing_length_alpha"":1.25,""neutral_broadening"":""unsold"",""photospheric_depth_concentration"":1.0,""quality"":""production"",""structure_opacity_sampling_resolution"":1000.0,""synthesis_transfer_depth_refinement"":4}",,ec233bb92b57fc67df953890c3bf179bdc477acea577a8b415a9219226a707e7,18901,dab,2699.0834336500047,intermediate-abundance-280,
dab-428450bd531bf02f6f3a3ea6,DAB,12000,8,3,production,COMPLETE_NUMERICAL,COMPLETE_NUMERICAL,COMPLETE_NUMERICAL,0a74fdbe06596fc145f5169a3b239ddd67053141,"{""abundances"":null,""allard_minimum_effective_temperature"":9000.0,""atmosphere_solver"":""adaptive-newton"",""balmer_self_broadening_prescription"":null,""balmer_self_broadening_truncation_closure"":""stark-core"",""effective_temperature"":12000,""formal_maximum_metal_lines"":null,""formal_minimum_metal_oscillator_strength"":0.0001,""h2_he_cia_path"":null,""include_molecules"":false,""log_hydrogen_to_helium"":3,""logg"":8,""lyman_profile_source"":""allard"",""maximum_metal_charge"":4,""metal_classical_electron_stark"":false,""metal_line_supplements"":[],""mixing_length_alpha"":1.25,""neutral_broadening"":""unsold"",""photospheric_depth_concentration"":1.0,""quality"":""production"",""structure_opacity_sampling_resolution"":1000.0,""synthesis_transfer_depth_refinement"":4}",,a8725f9e210dba2105e43dc36ae378a05e7a51d2af428e9dc5f43a9f8205bd87,18901,dab,1325.6071386490003,intermediate-abundance-280,
dab-553a77bbdbb44e5a614b645c,DAB,12000,8.5,-5,production,COMPLETE_NUMERICAL,COMPLETE_NUMERICAL,COMPLETE_NUMERICAL,0a74fdbe06596fc145f5169a3b239ddd67053141,"{""abundances"":null,""allard_minimum_effective_temperature"":9000.0,""atmosphere_solver"":""adaptive-newton"",""balmer_self_broadening_prescription"":null,""balmer_self_broadening_truncation_closure"":""stark-core"",""effective_temperature"":12000,""formal_maximum_metal_lines"":null,""formal_minimum_metal_oscillator_strength"":0.0001,""h2_he_cia_path"":null,""include_molecules"":false,""log_hydrogen_to_helium"":-5,""logg"":8.5,""lyman_profile_source"":""allard"",""maximum_metal_charge"":4,""metal_classical_electron_stark"":false,""metal_line_supplements"":[],""mixing_length_alpha"":1.25,""neutral_broadening"":""unsold"",""photospheric_depth_concentration"":1.0,""quality"":""production"",""structure_opacity_sampling_resolution"":1000.0,""synthesis_transfer_depth_refinement"":4}",,c5c6d3be6a582d16bc47accf40140aa92247e4bd35fc284e705b0facbef4ffaf,18901,dab,4820.084310326005,intermediate-abundance-280,
dab-cdb73478ed67a8aefbfbd2da,DAB,12000,8.5,-3,production,COMPLETE_NUMERICAL,COMPLETE_NUMERICAL,COMPLETE_NUMERICAL,0a74fdbe06596fc145f5169a3b239ddd67053141,"{""abundances"":null,""allard_minimum_effective_temperature"":9000.0,""atmosphere_solver"":""adaptive-newton"",""balmer_self_broadening_prescription"":null,""balmer_self_broadening_truncation_closure"":""stark-core"",""effective_temperature"":12000,""formal_maximum_metal_lines"":null,""formal_minimum_metal_oscillator_strength"":0.0001,""h2_he_cia_path"":null,""include_molecules"":false,""log_hydrogen_to_helium"":-3,""logg"":8.5,""lyman_profile_source"":""allard"",""maximum_metal_charge"":4,""metal_classical_electron_stark"":false,""metal_line_supplements"":[],""mixing_length_alpha"":1.25,""neutral_broadening"":""unsold"",""photospheric_depth_concentration"":1.0,""quality"":""production"",""structure_opacity_sampling_resolution"":1000.0,""synthesis_transfer_depth_refinement"":4}",,6a0a3e6e98de66e17bd7f67ea5be8bec4337886c3b9a7fdc1c868752d15e12a2,18901,dab,4205.6253866629995,intermediate-abundance-280,
dab-e33a85561a702ace5053f99e,DAB,12000,8.5,-1,production,DOMAIN_OR_UNSUPPORTED_CONFIG,DOMAIN_OR_UNSUPPORTED_CONFIG,DOMAIN_OR_UNSUPPORTED_CONFIG,0a74fdbe06596fc145f5169a3b239ddd67053141,"{""abundances"":null,""allard_minimum_effective_temperature"":9000.0,""atmosphere_solver"":""adaptive-newton"",""balmer_self_broadening_prescription"":null,""balmer_self_broadening_truncation_closure"":""stark-core"",""effective_temperature"":12000,""formal_maximum_metal_lines"":null,""formal_minimum_metal_oscillator_strength"":0.0001,""h2_he_cia_path"":null,""include_molecules"":false,""log_hydrogen_to_helium"":-1,""logg"":8.5,""lyman_profile_source"":""allard"",""maximum_metal_charge"":4,""metal_classical_electron_stark"":false,""metal_line_supplements"":[],""mixing_length_alpha"":1.25,""neutral_broadening"":""unsold"",""photospheric_depth_concentration"":1.0,""quality"":""production"",""structure_opacity_sampling_resolution"":1000.0,""synthesis_transfer_depth_refinement"":4}",,,,,66.17664292599511,intermediate-abundance-280,"ValueError: The automatic cool workflow currently requires logg=8 and quality=""production""; no different gravity/resolution is substituted"
dab-c01693fcad3b258a5a340fc6,DAB,12000,8.5,1,production,TIMEOUT,TIMEOUT,TIMEOUT,0a74fdbe06596fc145f5169a3b239ddd67053141,"{""abundances"":null,""allard_minimum_effective_temperature"":9000.0,""atmosphere_solver"":""adaptive-newton"",""balmer_self_broadening_prescription"":null,""balmer_self_broadening_truncation_closure"":""stark-core"",""effective_temperature"":12000,""formal_maximum_metal_lines"":null,""formal_minimum_metal_oscillator_strength"":0.0001,""h2_he_cia_path"":null,""include_molecules"":false,""log_hydrogen_to_helium"":1,""logg"":8.5,""lyman_profile_source"":""allard"",""maximum_metal_charge"":4,""metal_classical_electron_stark"":false,""metal_line_supplements"":[],""mixing_length_alpha"":1.25,""neutral_broadening"":""unsold"",""photospheric_depth_concentration"":1.0,""quality"":""production"",""structure_opacity_sampling_resolution"":1000.0,""synthesis_transfer_depth_refinement"":4}",,,,,3600.760840654999,intermediate-abundance-280,
dab-4b047b927d62119b72de706a,DAB,12000,8.5,3,production,COMPLETE_NUMERICAL,COMPLETE_NUMERICAL,COMPLETE_NUMERICAL,0a74fdbe06596fc145f5169a3b239ddd67053141,"{""abundances"":null,""allard_minimum_effective_temperature"":9000.0,""atmosphere_solver"":""adaptive-newton"",""balmer_self_broadening_prescription"":null,""balmer_self_broadening_truncation_closure"":""stark-core"",""effective_temperature"":12000,""formal_maximum_metal_lines"":null,""formal_minimum_metal_oscillator_strength"":0.0001,""h2_he_cia_path"":null,""include_molecules"":false,""log_hydrogen_to_helium"":3,""logg"":8.5,""lyman_profile_source"":""allard"",""maximum_metal_charge"":4,""metal_classical_electron_stark"":false,""metal_line_supplements"":[],""mixing_length_alpha"":1.25,""neutral_broadening"":""unsold"",""photospheric_depth_concentration"":1.0,""quality"":""production"",""structure_opacity_sampling_resolution"":1000.0,""synthesis_transfer_depth_refinement"":4}",,04f07d5a7cf6b3fa2b2a3a87b12bf84324647ea54989f24df59a6365e9f1e0a6,18901,dab,2166.3317029409955,intermediate-abundance-280,
dab-6a899cf09ef4590951f7f6c4,DAB,12000,9,-5,production,COMPLETE_NUMERICAL,COMPLETE_NUMERICAL,COMPLETE_NUMERICAL,0a74fdbe06596fc145f5169a3b239ddd67053141,"{""abundances"":null,""allard_minimum_effective_temperature"":9000.0,""atmosphere_solver"":""adaptive-newton"",""balmer_self_broadening_prescription"":null,""balmer_self_broadening_truncation_closure"":""stark-core"",""effective_temperature"":12000,""formal_maximum_metal_lines"":null,""formal_minimum_metal_oscillator_strength"":0.0001,""h2_he_cia_path"":null,""include_molecules"":false,""log_hydrogen_to_helium"":-5,""logg"":9,""lyman_profile_source"":""allard"",""maximum_metal_charge"":4,""metal_classical_electron_stark"":false,""metal_line_supplements"":[],""mixing_length_alpha"":1.25,""neutral_broadening"":""unsold"",""photospheric_depth_concentration"":1.0,""quality"":""production"",""structure_opacity_sampling_resolution"":1000.0,""synthesis_transfer_depth_refinement"":4}",,a6229e39dd1a4c267768e56f51cc6ddc4064200772f0bea3a964ca526620fc66,18901,dab,4984.028503097004,intermediate-abundance-280,
dab-37d166b2b0cdebb5a9c70f4e,DAB,12000,9,-3,production,COMPLETE_NUMERICAL,COMPLETE_NUMERICAL,COMPLETE_NUMERICAL,0a74fdbe06596fc145f5169a3b239ddd67053141,"{""abundances"":null,""allard_minimum_effective_temperature"":9000.0,""atmosphere_solver"":""adaptive-newton"",""balmer_self_broadening_prescription"":null,""balmer_self_broadening_truncation_closure"":""stark-core"",""effective_temperature"":12000,""formal_maximum_metal_lines"":null,""formal_minimum_metal_oscillator_strength"":0.0001,""h2_he_cia_path"":null,""include_molecules"":false,""log_hydrogen_to_helium"":-3,""logg"":9,""lyman_profile_source"":""allard"",""maximum_metal_charge"":4,""metal_classical_electron_stark"":false,""metal_line_supplements"":[],""mixing_length_alpha"":1.25,""neutral_broadening"":""unsold"",""photospheric_depth_concentration"":1.0,""quality"":""production"",""structure_opacity_sampling_resolution"":1000.0,""synthesis_transfer_depth_refinement"":4}",,6576a5a23dcc15cdbdde9332c60fd445cca8d2276ce84dc085a95f8063df8746,18901,dab,4815.2075302930025,intermediate-abundance-280,
dab-a7177f5cd6d309917f87aa36,DAB,12000,9,-1,production,DOMAIN_OR_UNSUPPORTED_CONFIG,DOMAIN_OR_UNSUPPORTED_CONFIG,DOMAIN_OR_UNSUPPORTED_CONFIG,0a74fdbe06596fc145f5169a3b239ddd67053141,"{""abundances"":null,""allard_minimum_effective_temperature"":9000.0,""atmosphere_solver"":""adaptive-newton"",""balmer_self_broadening_prescription"":null,""balmer_self_broadening_truncation_closure"":""stark-core"",""effective_temperature"":12000,""formal_maximum_metal_lines"":null,""formal_minimum_metal_oscillator_strength"":0.0001,""h2_he_cia_path"":null,""include_molecules"":false,""log_hydrogen_to_helium"":-1,""logg"":9,""lyman_profile_source"":""allard"",""maximum_metal_charge"":4,""metal_classical_electron_stark"":false,""metal_line_supplements"":[],""mixing_length_alpha"":1.25,""neutral_broadening"":""unsold"",""photospheric_depth_concentration"":1.0,""quality"":""production"",""structure_opacity_sampling_resolution"":1000.0,""synthesis_transfer_depth_refinement"":4}",,,,,63.12416498899984,intermediate-abundance-280,"ValueError: The automatic cool workflow currently requires logg=8 and quality=""production""; no different gravity/resolution is substituted"
dab-33395c2a710fac560ee9cd5d,DAB,12000,9,1,production,DOMAIN_OR_UNSUPPORTED_CONFIG,DOMAIN_OR_UNSUPPORTED_CONFIG,DOMAIN_OR_UNSUPPORTED_CONFIG,0a74fdbe06596fc145f5169a3b239ddd67053141,"{""abundances"":null,""allard_minimum_effective_temperature"":9000.0,""atmosphere_solver"":""adaptive-newton"",""balmer_self_broadening_prescription"":null,""balmer_self_broadening_truncation_closure"":""stark-core"",""effective_temperature"":12000,""formal_maximum_metal_lines"":null,""formal_minimum_metal_oscillator_strength"":0.0001,""h2_he_cia_path"":null,""include_molecules"":false,""log_hydrogen_to_helium"":1,""logg"":9,""lyman_profile_source"":""allard"",""maximum_metal_charge"":4,""metal_classical_electron_stark"":false,""metal_line_supplements"":[],""mixing_length_alpha"":1.25,""neutral_broadening"":""unsold"",""photospheric_depth_concentration"":1.0,""quality"":""production"",""structure_opacity_sampling_resolution"":1000.0,""synthesis_transfer_depth_refinement"":4}",,,,,56.62893989100121,intermediate-abundance-280,"ValueError: The automatic cool workflow currently requires logg=8 and quality=""production""; no different gravity/resolution is substituted"
dab-6e55bded7179292f563d71ba,DAB,12000,9,3,production,DOMAIN_OR_UNSUPPORTED_CONFIG,DOMAIN_OR_UNSUPPORTED_CONFIG,DOMAIN_OR_UNSUPPORTED_CONFIG,0a74fdbe06596fc145f5169a3b239ddd67053141,"{""abundances"":null,""allard_minimum_effective_temperature"":9000.0,""atmosphere_solver"":""adaptive-newton"",""balmer_self_broadening_prescription"":null,""balmer_self_broadening_truncation_closure"":""stark-core"",""effective_temperature"":12000,""formal_maximum_metal_lines"":null,""formal_minimum_metal_oscillator_strength"":0.0001,""h2_he_cia_path"":null,""include_molecules"":false,""log_hydrogen_to_helium"":3,""logg"":9,""lyman_profile_source"":""allard"",""maximum_metal_charge"":4,""metal_classical_electron_stark"":false,""metal_line_supplements"":[],""mixing_length_alpha"":1.25,""neutral_broadening"":""unsold"",""photospheric_depth_concentration"":1.0,""quality"":""production"",""structure_opacity_sampling_resolution"":1000.0,""synthesis_transfer_depth_refinement"":4}",,,,,52.37373815599858,intermediate-abundance-280,"ValueError: The automatic cool workflow currently requires logg=8 and quality=""production""; no different gravity/resolution is substituted"
dab-bc60cacfaeb25703bde4b38c,DAB,12000,9.5,-5,production,TIMEOUT,TIMEOUT,TIMEOUT,0a74fdbe06596fc145f5169a3b239ddd67053141,"{""abundances"":null,""allard_minimum_effective_temperature"":9000.0,""atmosphere_solver"":""adaptive-newton"",""balmer_self_broadening_prescription"":null,""balmer_self_broadening_truncation_closure"":""stark-core"",""effective_temperature"":12000,""formal_maximum_metal_lines"":null,""formal_minimum_metal_oscillator_strength"":0.0001,""h2_he_cia_path"":null,""include_molecules"":false,""log_hydrogen_to_helium"":-5,""logg"":9.5,""lyman_profile_source"":""allard"",""maximum_metal_charge"":4,""metal_classical_electron_stark"":false,""metal_line_supplements"":[],""mixing_length_alpha"":1.25,""neutral_broadening"":""unsold"",""photospheric_depth_concentration"":1.0,""quality"":""production"",""structure_opacity_sampling_resolution"":1000.0,""synthesis_transfer_depth_refinement"":4}",,,,,7204.213500546,intermediate-abundance-280,
dab-b46850e768bde620489d5acf,DAB,12000,9.5,-3,production,DOMAIN_OR_UNSUPPORTED_CONFIG,DOMAIN_OR_UNSUPPORTED_CONFIG,DOMAIN_OR_UNSUPPORTED_CONFIG,0a74fdbe06596fc145f5169a3b239ddd67053141,"{""abundances"":null,""allard_minimum_effective_temperature"":9000.0,""atmosphere_solver"":""adaptive-newton"",""balmer_self_broadening_prescription"":null,""balmer_self_broadening_truncation_closure"":""stark-core"",""effective_temperature"":12000,""formal_maximum_metal_lines"":null,""formal_minimum_metal_oscillator_strength"":0.0001,""h2_he_cia_path"":null,""include_molecules"":false,""log_hydrogen_to_helium"":-3,""logg"":9.5,""lyman_profile_source"":""allard"",""maximum_metal_charge"":4,""metal_classical_electron_stark"":false,""metal_line_supplements"":[],""mixing_length_alpha"":1.25,""neutral_broadening"":""unsold"",""photospheric_depth_concentration"":1.0,""quality"":""production"",""structure_opacity_sampling_resolution"":1000.0,""synthesis_transfer_depth_refinement"":4}",,,,,87.56776573700336,intermediate-abundance-280,"ValueError: The automatic cool workflow currently requires logg=8 and quality=""production""; no different gravity/resolution is substituted"
dab-ab7c6cd2e86a7fdd64973025,DAB,12000,9.5,-1,production,DOMAIN_OR_UNSUPPORTED_CONFIG,DOMAIN_OR_UNSUPPORTED_CONFIG,DOMAIN_OR_UNSUPPORTED_CONFIG,0a74fdbe06596fc145f5169a3b239ddd67053141,"{""abundances"":null,""allard_minimum_effective_temperature"":9000.0,""atmosphere_solver"":""adaptive-newton"",""balmer_self_broadening_prescription"":null,""balmer_self_broadening_truncation_closure"":""stark-core"",""effective_temperature"":12000,""formal_maximum_metal_lines"":null,""formal_minimum_metal_oscillator_strength"":0.0001,""h2_he_cia_path"":null,""include_molecules"":false,""log_hydrogen_to_helium"":-1,""logg"":9.5,""lyman_profile_source"":""allard"",""maximum_metal_charge"":4,""metal_classical_electron_stark"":false,""metal_line_supplements"":[],""mixing_length_alpha"":1.25,""neutral_broadening"":""unsold"",""photospheric_depth_concentration"":1.0,""quality"":""production"",""structure_opacity_sampling_resolution"":1000.0,""synthesis_transfer_depth_refinement"":4}",,,,,63.0498838909989,intermediate-abundance-280,"ValueError: The automatic cool workflow currently requires logg=8 and quality=""production""; no different gravity/resolution is substituted"
dab-2b00481637d7ec17c512728d,DAB,12000,9.5,1,production,DOMAIN_OR_UNSUPPORTED_CONFIG,DOMAIN_OR_UNSUPPORTED_CONFIG,DOMAIN_OR_UNSUPPORTED_CONFIG,0a74fdbe06596fc145f5169a3b239ddd67053141,"{""abundances"":null,""allard_minimum_effective_temperature"":9000.0,""atmosphere_solver"":""adaptive-newton"",""balmer_self_broadening_prescription"":null,""balmer_self_broadening_truncation_closure"":""stark-core"",""effective_temperature"":12000,""formal_maximum_metal_lines"":null,""formal_minimum_metal_oscillator_strength"":0.0001,""h2_he_cia_path"":null,""include_molecules"":false,""log_hydrogen_to_helium"":1,""logg"":9.5,""lyman_profile_source"":""allard"",""maximum_metal_charge"":4,""metal_classical_electron_stark"":false,""metal_line_supplements"":[],""mixing_length_alpha"":1.25,""neutral_broadening"":""unsold"",""photospheric_depth_concentration"":1.0,""quality"":""production"",""structure_opacity_sampling_resolution"":1000.0,""synthesis_transfer_depth_refinement"":4}",,,,,52.07140470200102,intermediate-abundance-280,"ValueError: The automatic cool workflow currently requires logg=8 and quality=""production""; no different gravity/resolution is substituted"
dab-689ed28412899468698a7038,DAB,12000,9.5,3,production,DOMAIN_OR_UNSUPPORTED_CONFIG,DOMAIN_OR_UNSUPPORTED_CONFIG,DOMAIN_OR_UNSUPPORTED_CONFIG,0a74fdbe06596fc145f5169a3b239ddd67053141,"{""abundances"":null,""allard_minimum_effective_temperature"":9000.0,""atmosphere_solver"":""adaptive-newton"",""balmer_self_broadening_prescription"":null,""balmer_self_broadening_truncation_closure"":""stark-core"",""effective_temperature"":12000,""formal_maximum_metal_lines"":null,""formal_minimum_metal_oscillator_strength"":0.0001,""h2_he_cia_path"":null,""include_molecules"":false,""log_hydrogen_to_helium"":3,""logg"":9.5,""lyman_profile_source"":""allard"",""maximum_metal_charge"":4,""metal_classical_electron_stark"":false,""metal_line_supplements"":[],""mixing_length_alpha"":1.25,""neutral_broadening"":""unsold"",""photospheric_depth_concentration"":1.0,""quality"":""production"",""structure_opacity_sampling_resolution"":1000.0,""synthesis_transfer_depth_refinement"":4}",,,,,52.06227401500655,intermediate-abundance-280,"ValueError: The automatic cool workflow currently requires logg=8 and quality=""production""; no different gravity/resolution is substituted"
dab-fff8a7f5927c3d335126fa1d,DAB,15000,6,-5,production,COMPLETE_NUMERICAL,COMPLETE_NUMERICAL,COMPLETE_NUMERICAL,0a74fdbe06596fc145f5169a3b239ddd67053141,"{""abundances"":null,""allard_minimum_effective_temperature"":9000.0,""atmosphere_solver"":""adaptive-newton"",""balmer_self_broadening_prescription"":null,""balmer_self_broadening_truncation_closure"":""stark-core"",""effective_temperature"":15000,""formal_maximum_metal_lines"":null,""formal_minimum_metal_oscillator_strength"":0.0001,""h2_he_cia_path"":null,""include_molecules"":false,""log_hydrogen_to_helium"":-5,""logg"":6,""lyman_profile_source"":""allard"",""maximum_metal_charge"":4,""metal_classical_electron_stark"":false,""metal_line_supplements"":[],""mixing_length_alpha"":1.25,""neutral_broadening"":""unsold"",""photospheric_depth_concentration"":1.0,""quality"":""production"",""structure_opacity_sampling_resolution"":1000.0,""synthesis_transfer_depth_refinement"":4}",,599527d5199ed59b8feba0315e17780c63be5b4101b1d78cd3f7d364f6ffc1c7,18901,dab,1750.8614140329955,intermediate-abundance-280,
dab-cc49e537a8001611e20e6590,DAB,15000,6,-3,production,COMPLETE_NUMERICAL,COMPLETE_NUMERICAL,COMPLETE_NUMERICAL,0a74fdbe06596fc145f5169a3b239ddd67053141,"{""abundances"":null,""allard_minimum_effective_temperature"":9000.0,""atmosphere_solver"":""adaptive-newton"",""balmer_self_broadening_prescription"":null,""balmer_self_broadening_truncation_closure"":""stark-core"",""effective_temperature"":15000,""formal_maximum_metal_lines"":null,""formal_minimum_metal_oscillator_strength"":0.0001,""h2_he_cia_path"":null,""include_molecules"":false,""log_hydrogen_to_helium"":-3,""logg"":6,""lyman_profile_source"":""allard"",""maximum_metal_charge"":4,""metal_classical_electron_stark"":false,""metal_line_supplements"":[],""mixing_length_alpha"":1.25,""neutral_broadening"":""unsold"",""photospheric_depth_concentration"":1.0,""quality"":""production"",""structure_opacity_sampling_resolution"":1000.0,""synthesis_transfer_depth_refinement"":4}",,22c5455a851c669695c3b840e93640f23ca5b963b5cb7b2b2ec4a38d5db0fcc9,18901,dab,2622.161972018999,intermediate-abundance-280,
dab-171e512fc4a09b75ce122bf1,DAB,15000,6,-1,production,COMPLETE_NUMERICAL,COMPLETE_NUMERICAL,COMPLETE_NUMERICAL,0a74fdbe06596fc145f5169a3b239ddd67053141,"{""abundances"":null,""allard_minimum_effective_temperature"":9000.0,""atmosphere_solver"":""adaptive-newton"",""balmer_self_broadening_prescription"":null,""balmer_self_broadening_truncation_closure"":""stark-core"",""effective_temperature"":15000,""formal_maximum_metal_lines"":null,""formal_minimum_metal_oscillator_strength"":0.0001,""h2_he_cia_path"":null,""include_molecules"":false,""log_hydrogen_to_helium"":-1,""logg"":6,""lyman_profile_source"":""allard"",""maximum_metal_charge"":4,""metal_classical_electron_stark"":false,""metal_line_supplements"":[],""mixing_length_alpha"":1.25,""neutral_broadening"":""unsold"",""photospheric_depth_concentration"":1.0,""quality"":""production"",""structure_opacity_sampling_resolution"":1000.0,""synthesis_transfer_depth_refinement"":4}",,6b5e0b4779ce2da77e386b51678c7d3db96489699d02fe440494782f1178dfb0,18901,dab,2055.4603015859975,intermediate-abundance-280,
dab-cfff01148a9fe79217985d32,DAB,15000,6,1,production,COMPLETE_NUMERICAL,COMPLETE_NUMERICAL,COMPLETE_NUMERICAL,0a74fdbe06596fc145f5169a3b239ddd67053141,"{""abundances"":null,""allard_minimum_effective_temperature"":9000.0,""atmosphere_solver"":""adaptive-newton"",""balmer_self_broadening_prescription"":null,""balmer_self_broadening_truncation_closure"":""stark-core"",""effective_temperature"":15000,""formal_maximum_metal_lines"":null,""formal_minimum_metal_oscillator_strength"":0.0001,""h2_he_cia_path"":null,""include_molecules"":false,""log_hydrogen_to_helium"":1,""logg"":6,""lyman_profile_source"":""allard"",""maximum_metal_charge"":4,""metal_classical_electron_stark"":false,""metal_line_supplements"":[],""mixing_length_alpha"":1.25,""neutral_broadening"":""unsold"",""photospheric_depth_concentration"":1.0,""quality"":""production"",""structure_opacity_sampling_resolution"":1000.0,""synthesis_transfer_depth_refinement"":4}",,ed52b83d64ce0aa4d623518dbe2d9370de0cb1316dc6f4a36c6cbf02d7623f6d,18901,dab,1347.011970558,intermediate-abundance-280,
dab-7d4c8b39f19cf645c04ae7cb,DAB,15000,6,3,production,COMPLETE_NUMERICAL,COMPLETE_NUMERICAL,COMPLETE_NUMERICAL,0a74fdbe06596fc145f5169a3b239ddd67053141,"{""abundances"":null,""allard_minimum_effective_temperature"":9000.0,""atmosphere_solver"":""adaptive-newton"",""balmer_self_broadening_prescription"":null,""balmer_self_broadening_truncation_closure"":""stark-core"",""effective_temperature"":15000,""formal_maximum_metal_lines"":null,""formal_minimum_metal_oscillator_strength"":0.0001,""h2_he_cia_path"":null,""include_molecules"":false,""log_hydrogen_to_helium"":3,""logg"":6,""lyman_profile_source"":""allard"",""maximum_metal_charge"":4,""metal_classical_electron_stark"":false,""metal_line_supplements"":[],""mixing_length_alpha"":1.25,""neutral_broadening"":""unsold"",""photospheric_depth_concentration"":1.0,""quality"":""production"",""structure_opacity_sampling_resolution"":1000.0,""synthesis_transfer_depth_refinement"":4}",,b421c97c3245a5d0d0f205fa05171b1a41ffaf199fc7277f59b37ab1d9c1fd51,18901,dab,948.8432878250023,intermediate-abundance-280,
dab-d444e397954b5f944a2cb1b6,DAB,15000,6.5,-5,production,COMPLETE_NUMERICAL,COMPLETE_NUMERICAL,COMPLETE_NUMERICAL,0a74fdbe06596fc145f5169a3b239ddd67053141,"{""abundances"":null,""allard_minimum_effective_temperature"":9000.0,""atmosphere_solver"":""adaptive-newton"",""balmer_self_broadening_prescription"":null,""balmer_self_broadening_truncation_closure"":""stark-core"",""effective_temperature"":15000,""formal_maximum_metal_lines"":null,""formal_minimum_metal_oscillator_strength"":0.0001,""h2_he_cia_path"":null,""include_molecules"":false,""log_hydrogen_to_helium"":-5,""logg"":6.5,""lyman_profile_source"":""allard"",""maximum_metal_charge"":4,""metal_classical_electron_stark"":false,""metal_line_supplements"":[],""mixing_length_alpha"":1.25,""neutral_broadening"":""unsold"",""photospheric_depth_concentration"":1.0,""quality"":""production"",""structure_opacity_sampling_resolution"":1000.0,""synthesis_transfer_depth_refinement"":4}",,ece366dbc7f3fadfe9bbb1812a7a144a378a3d7819a0b80550152061c3fc9090,18901,dab,1910.0047439100017,intermediate-abundance-280,
dab-d10a8a1a3321e4eb2c278e82,DAB,15000,6.5,-3,production,COMPLETE_NUMERICAL,COMPLETE_NUMERICAL,COMPLETE_NUMERICAL,0a74fdbe06596fc145f5169a3b239ddd67053141,"{""abundances"":null,""allard_minimum_effective_temperature"":9000.0,""atmosphere_solver"":""adaptive-newton"",""balmer_self_broadening_prescription"":null,""balmer_self_broadening_truncation_closure"":""stark-core"",""effective_temperature"":15000,""formal_maximum_metal_lines"":null,""formal_minimum_metal_oscillator_strength"":0.0001,""h2_he_cia_path"":null,""include_molecules"":false,""log_hydrogen_to_helium"":-3,""logg"":6.5,""lyman_profile_source"":""allard"",""maximum_metal_charge"":4,""metal_classical_electron_stark"":false,""metal_line_supplements"":[],""mixing_length_alpha"":1.25,""neutral_broadening"":""unsold"",""photospheric_depth_concentration"":1.0,""quality"":""production"",""structure_opacity_sampling_resolution"":1000.0,""synthesis_transfer_depth_refinement"":4}",,127827f504fd8464dfdb81941b031a8328b34598d59b563b846004792eee27b8,18901,dab,2278.9578513779998,intermediate-abundance-280,
dab-8e3a61df81233b484713f829,DAB,15000,6.5,-1,production,COMPLETE_NUMERICAL,COMPLETE_NUMERICAL,COMPLETE_NUMERICAL,0a74fdbe06596fc145f5169a3b239ddd67053141,"{""abundances"":null,""allard_minimum_effective_temperature"":9000.0,""atmosphere_solver"":""adaptive-newton"",""balmer_self_broadening_prescription"":null,""balmer_self_broadening_truncation_closure"":""stark-core"",""effective_temperature"":15000,""formal_maximum_metal_lines"":null,""formal_minimum_metal_oscillator_strength"":0.0001,""h2_he_cia_path"":null,""include_molecules"":false,""log_hydrogen_to_helium"":-1,""logg"":6.5,""lyman_profile_source"":""allard"",""maximum_metal_charge"":4,""metal_classical_electron_stark"":false,""metal_line_supplements"":[],""mixing_length_alpha"":1.25,""neutral_broadening"":""unsold"",""photospheric_depth_concentration"":1.0,""quality"":""production"",""structure_opacity_sampling_resolution"":1000.0,""synthesis_transfer_depth_refinement"":4}",,fa1659f749ad249e7fc6edf0c6257b66e35ba551af4f17a0456b76772da321b9,18901,dab,2001.513959750002,intermediate-abundance-280,
dab-2f928e146bf3b661b00466ab,DAB,15000,6.5,1,production,COMPLETE_NUMERICAL,COMPLETE_NUMERICAL,COMPLETE_NUMERICAL,0a74fdbe06596fc145f5169a3b239ddd67053141,"{""abundances"":null,""allard_minimum_effective_temperature"":9000.0,""atmosphere_solver"":""adaptive-newton"",""balmer_self_broadening_prescription"":null,""balmer_self_broadening_truncation_closure"":""stark-core"",""effective_temperature"":15000,""formal_maximum_metal_lines"":null,""formal_minimum_metal_oscillator_strength"":0.0001,""h2_he_cia_path"":null,""include_molecules"":false,""log_hydrogen_to_helium"":1,""logg"":6.5,""lyman_profile_source"":""allard"",""maximum_metal_charge"":4,""metal_classical_electron_stark"":false,""metal_line_supplements"":[],""mixing_length_alpha"":1.25,""neutral_broadening"":""unsold"",""photospheric_depth_concentration"":1.0,""quality"":""production"",""structure_opacity_sampling_resolution"":1000.0,""synthesis_transfer_depth_refinement"":4}",,235ce0d0065a50d1ff36e0c6e9097cc1451de6b72cf754edc7a4d7194679e9a2,18901,dab,1582.6010164859981,intermediate-abundance-280,
dab-0c3ce445e14e703453d22e17,DAB,15000,6.5,3,production,COMPLETE_NUMERICAL,COMPLETE_NUMERICAL,COMPLETE_NUMERICAL,0a74fdbe06596fc145f5169a3b239ddd67053141,"{""abundances"":null,""allard_minimum_effective_temperature"":9000.0,""atmosphere_solver"":""adaptive-newton"",""balmer_self_broadening_prescription"":null,""balmer_self_broadening_truncation_closure"":""stark-core"",""effective_temperature"":15000,""formal_maximum_metal_lines"":null,""formal_minimum_metal_oscillator_strength"":0.0001,""h2_he_cia_path"":null,""include_molecules"":false,""log_hydrogen_to_helium"":3,""logg"":6.5,""lyman_profile_source"":""allard"",""maximum_metal_charge"":4,""metal_classical_electron_stark"":false,""metal_line_supplements"":[],""mixing_length_alpha"":1.25,""neutral_broadening"":""unsold"",""photospheric_depth_concentration"":1.0,""quality"":""production"",""structure_opacity_sampling_resolution"":1000.0,""synthesis_transfer_depth_refinement"":4}",,481003f028d198c54aad95183645ee231629ec02fb472abf7f3d720b44748444,18901,dab,969.3151804269946,intermediate-abundance-280,
dab-5d0a9a006f69159e312fcc7f,DAB,15000,7,-5,production,COMPLETE_NUMERICAL,COMPLETE_NUMERICAL,COMPLETE_NUMERICAL,0a74fdbe06596fc145f5169a3b239ddd67053141,"{""abundances"":null,""allard_minimum_effective_temperature"":9000.0,""atmosphere_solver"":""adaptive-newton"",""balmer_self_broadening_prescription"":null,""balmer_self_broadening_truncation_closure"":""stark-core"",""effective_temperature"":15000,""formal_maximum_metal_lines"":null,""formal_minimum_metal_oscillator_strength"":0.0001,""h2_he_cia_path"":null,""include_molecules"":false,""log_hydrogen_to_helium"":-5,""logg"":7,""lyman_profile_source"":""allard"",""maximum_metal_charge"":4,""metal_classical_electron_stark"":false,""metal_line_supplements"":[],""mixing_length_alpha"":1.25,""neutral_broadening"":""unsold"",""photospheric_depth_concentration"":1.0,""quality"":""production"",""structure_opacity_sampling_resolution"":1000.0,""synthesis_transfer_depth_refinement"":4}",,0a198ca3ffe4b4f95f1e53a34923e26cc343e3a7cb947611c912e12bf975f7ea,18901,dab,2089.552695298,intermediate-abundance-280,
dab-a169ec7ebfa71d2add5791db,DAB,15000,7,-3,production,COMPLETE_NUMERICAL,COMPLETE_NUMERICAL,COMPLETE_NUMERICAL,0a74fdbe06596fc145f5169a3b239ddd67053141,"{""abundances"":null,""allard_minimum_effective_temperature"":9000.0,""atmosphere_solver"":""adaptive-newton"",""balmer_self_broadening_prescription"":null,""balmer_self_broadening_truncation_closure"":""stark-core"",""effective_temperature"":15000,""formal_maximum_metal_lines"":null,""formal_minimum_metal_oscillator_strength"":0.0001,""h2_he_cia_path"":null,""include_molecules"":false,""log_hydrogen_to_helium"":-3,""logg"":7,""lyman_profile_source"":""allard"",""maximum_metal_charge"":4,""metal_classical_electron_stark"":false,""metal_line_supplements"":[],""mixing_length_alpha"":1.25,""neutral_broadening"":""unsold"",""photospheric_depth_concentration"":1.0,""quality"":""production"",""structure_opacity_sampling_resolution"":1000.0,""synthesis_transfer_depth_refinement"":4}",,5440b836f79dc8fac328ab65c03f0b4523d072aa62775bb08dc62e5739472690,18901,dab,2869.548950345001,intermediate-abundance-280,
dab-c6ce668d4577a961205ce14c,DAB,15000,7,-1,production,COMPLETE_NUMERICAL,COMPLETE_NUMERICAL,COMPLETE_NUMERICAL,0a74fdbe06596fc145f5169a3b239ddd67053141,"{""abundances"":null,""allard_minimum_effective_temperature"":9000.0,""atmosphere_solver"":""adaptive-newton"",""balmer_self_broadening_prescription"":null,""balmer_self_broadening_truncation_closure"":""stark-core"",""effective_temperature"":15000,""formal_maximum_metal_lines"":null,""formal_minimum_metal_oscillator_strength"":0.0001,""h2_he_cia_path"":null,""include_molecules"":false,""log_hydrogen_to_helium"":-1,""logg"":7,""lyman_profile_source"":""allard"",""maximum_metal_charge"":4,""metal_classical_electron_stark"":false,""metal_line_supplements"":[],""mixing_length_alpha"":1.25,""neutral_broadening"":""unsold"",""photospheric_depth_concentration"":1.0,""quality"":""production"",""structure_opacity_sampling_resolution"":1000.0,""synthesis_transfer_depth_refinement"":4}",,c56d4a4116e460eec8dda1518df2a307c37eca558b673721eca882b16f69c85b,18901,dab,1715.1501872549998,intermediate-abundance-280,
dab-824500efb07153303f536ac2,DAB,15000,7,1,production,COMPLETE_NUMERICAL,COMPLETE_NUMERICAL,COMPLETE_NUMERICAL,0a74fdbe06596fc145f5169a3b239ddd67053141,"{""abundances"":null,""allard_minimum_effective_temperature"":9000.0,""atmosphere_solver"":""adaptive-newton"",""balmer_self_broadening_prescription"":null,""balmer_self_broadening_truncation_closure"":""stark-core"",""effective_temperature"":15000,""formal_maximum_metal_lines"":null,""formal_minimum_metal_oscillator_strength"":0.0001,""h2_he_cia_path"":null,""include_molecules"":false,""log_hydrogen_to_helium"":1,""logg"":7,""lyman_profile_source"":""allard"",""maximum_metal_charge"":4,""metal_classical_electron_stark"":false,""metal_line_supplements"":[],""mixing_length_alpha"":1.25,""neutral_broadening"":""unsold"",""photospheric_depth_concentration"":1.0,""quality"":""production"",""structure_opacity_sampling_resolution"":1000.0,""synthesis_transfer_depth_refinement"":4}",,a826190018d4d6d0ceb764663d8ddcbdaca6de7def6c1fef47f62ade106b5264,18901,dab,1561.4092027379957,intermediate-abundance-280,
dab-698d48185ffb2f8bc6d27774,DAB,15000,7,3,production,COMPLETE_NUMERICAL,COMPLETE_NUMERICAL,COMPLETE_NUMERICAL,0a74fdbe06596fc145f5169a3b239ddd67053141,"{""abundances"":null,""allard_minimum_effective_temperature"":9000.0,""atmosphere_solver"":""adaptive-newton"",""balmer_self_broadening_prescription"":null,""balmer_self_broadening_truncation_closure"":""stark-core"",""effective_temperature"":15000,""formal_maximum_metal_lines"":null,""formal_minimum_metal_oscillator_strength"":0.0001,""h2_he_cia_path"":null,""include_molecules"":false,""log_hydrogen_to_helium"":3,""logg"":7,""lyman_profile_source"":""allard"",""maximum_metal_charge"":4,""metal_classical_electron_stark"":false,""metal_line_supplements"":[],""mixing_length_alpha"":1.25,""neutral_broadening"":""unsold"",""photospheric_depth_concentration"":1.0,""quality"":""production"",""structure_opacity_sampling_resolution"":1000.0,""synthesis_transfer_depth_refinement"":4}",,43f3e284065b07e3a14f6b110ffca8b1a8aa0258344041e62008d3a22806a20b,18901,dab,1331.129199875002,intermediate-abundance-280,
dab-0c7f505cf5e963f663a5e039,DAB,15000,7.5,-5,production,COMPLETE_NUMERICAL,COMPLETE_NUMERICAL,COMPLETE_NUMERICAL,0a74fdbe06596fc145f5169a3b239ddd67053141,"{""abundances"":null,""allard_minimum_effective_temperature"":9000.0,""atmosphere_solver"":""adaptive-newton"",""balmer_self_broadening_prescription"":null,""balmer_self_broadening_truncation_closure"":""stark-core"",""effective_temperature"":15000,""formal_maximum_metal_lines"":null,""formal_minimum_metal_oscillator_strength"":0.0001,""h2_he_cia_path"":null,""include_molecules"":false,""log_hydrogen_to_helium"":-5,""logg"":7.5,""lyman_profile_source"":""allard"",""maximum_metal_charge"":4,""metal_classical_electron_stark"":false,""metal_line_supplements"":[],""mixing_length_alpha"":1.25,""neutral_broadening"":""unsold"",""photospheric_depth_concentration"":1.0,""quality"":""production"",""structure_opacity_sampling_resolution"":1000.0,""synthesis_transfer_depth_refinement"":4}",,4c919af42c9b6b004c194e22ae565238ef2713a5b29d45946e20d03e33689833,18901,dab,2490.2519277819956,intermediate-abundance-280,
dab-0e7924bc42fc3adb21175488,DAB,15000,7.5,-3,production,COMPLETE_NUMERICAL,COMPLETE_NUMERICAL,COMPLETE_NUMERICAL,0a74fdbe06596fc145f5169a3b239ddd67053141,"{""abundances"":null,""allard_minimum_effective_temperature"":9000.0,""atmosphere_solver"":""adaptive-newton"",""balmer_self_broadening_prescription"":null,""balmer_self_broadening_truncation_closure"":""stark-core"",""effective_temperature"":15000,""formal_maximum_metal_lines"":null,""formal_minimum_metal_oscillator_strength"":0.0001,""h2_he_cia_path"":null,""include_molecules"":false,""log_hydrogen_to_helium"":-3,""logg"":7.5,""lyman_profile_source"":""allard"",""maximum_metal_charge"":4,""metal_classical_electron_stark"":false,""metal_line_supplements"":[],""mixing_length_alpha"":1.25,""neutral_broadening"":""unsold"",""photospheric_depth_concentration"":1.0,""quality"":""production"",""structure_opacity_sampling_resolution"":1000.0,""synthesis_transfer_depth_refinement"":4}",,29d26c4332f711b28bb992f27fea97e443d1778192c9c091dd50bc883684d8b1,18901,dab,2367.2196155390047,intermediate-abundance-280,
dab-fbd19fb0355aa80ffcbdcd50,DAB,15000,7.5,-1,production,COMPLETE_NUMERICAL,COMPLETE_NUMERICAL,COMPLETE_NUMERICAL,0a74fdbe06596fc145f5169a3b239ddd67053141,"{""abundances"":null,""allard_minimum_effective_temperature"":9000.0,""atmosphere_solver"":""adaptive-newton"",""balmer_self_broadening_prescription"":null,""balmer_self_broadening_truncation_closure"":""stark-core"",""effective_temperature"":15000,""formal_maximum_metal_lines"":null,""formal_minimum_metal_oscillator_strength"":0.0001,""h2_he_cia_path"":null,""include_molecules"":false,""log_hydrogen_to_helium"":-1,""logg"":7.5,""lyman_profile_source"":""allard"",""maximum_metal_charge"":4,""metal_classical_electron_stark"":false,""metal_line_supplements"":[],""mixing_length_alpha"":1.25,""neutral_broadening"":""unsold"",""photospheric_depth_concentration"":1.0,""quality"":""production"",""structure_opacity_sampling_resolution"":1000.0,""synthesis_transfer_depth_refinement"":4}",,64a18e55ca9694cc5c57843a7b60989c05b1a9e30e8c3f7437ad25635a2a7d32,18901,dab,2216.4585205990006,intermediate-abundance-280,
dab-3fe735e13df6f306cb3b8955,DAB,15000,7.5,1,production,COMPLETE_NUMERICAL,COMPLETE_NUMERICAL,COMPLETE_NUMERICAL,0a74fdbe06596fc145f5169a3b239ddd67053141,"{""abundances"":null,""allard_minimum_effective_temperature"":9000.0,""atmosphere_solver"":""adaptive-newton"",""balmer_self_broadening_prescription"":null,""balmer_self_broadening_truncation_closure"":""stark-core"",""effective_temperature"":15000,""formal_maximum_metal_lines"":null,""formal_minimum_metal_oscillator_strength"":0.0001,""h2_he_cia_path"":null,""include_molecules"":false,""log_hydrogen_to_helium"":1,""logg"":7.5,""lyman_profile_source"":""allard"",""maximum_metal_charge"":4,""metal_classical_electron_stark"":false,""metal_line_supplements"":[],""mixing_length_alpha"":1.25,""neutral_broadening"":""unsold"",""photospheric_depth_concentration"":1.0,""quality"":""production"",""structure_opacity_sampling_resolution"":1000.0,""synthesis_transfer_depth_refinement"":4}",,7891ffa0c4ad188d8bee97e21bcf2b2a8e478f480daf92f2c35088e9e96b3522,18901,dab,1731.194044554999,intermediate-abundance-280,
dab-a8e1d51647623684c3fcfd49,DAB,15000,7.5,3,production,COMPLETE_NUMERICAL,COMPLETE_NUMERICAL,COMPLETE_NUMERICAL,0a74fdbe06596fc145f5169a3b239ddd67053141,"{""abundances"":null,""allard_minimum_effective_temperature"":9000.0,""atmosphere_solver"":""adaptive-newton"",""balmer_self_broadening_prescription"":null,""balmer_self_broadening_truncation_closure"":""stark-core"",""effective_temperature"":15000,""formal_maximum_metal_lines"":null,""formal_minimum_metal_oscillator_strength"":0.0001,""h2_he_cia_path"":null,""include_molecules"":false,""log_hydrogen_to_helium"":3,""logg"":7.5,""lyman_profile_source"":""allard"",""maximum_metal_charge"":4,""metal_classical_electron_stark"":false,""metal_line_supplements"":[],""mixing_length_alpha"":1.25,""neutral_broadening"":""unsold"",""photospheric_depth_concentration"":1.0,""quality"":""production"",""structure_opacity_sampling_resolution"":1000.0,""synthesis_transfer_depth_refinement"":4}",,bff1d3db8e8e53736756c9d4d3afd65cb2072d0f43adb10af5b0f0001422cedc,18901,dab,1566.2648996289936,intermediate-abundance-280,
dab-9b91e356c2fe49530efaa640,DAB,15000,8,-5,production,COMPLETE_NUMERICAL,COMPLETE_NUMERICAL,COMPLETE_NUMERICAL,0a74fdbe06596fc145f5169a3b239ddd67053141,"{""abundances"":null,""allard_minimum_effective_temperature"":9000.0,""atmosphere_solver"":""adaptive-newton"",""balmer_self_broadening_prescription"":null,""balmer_self_broadening_truncation_closure"":""stark-core"",""effective_temperature"":15000,""formal_maximum_metal_lines"":null,""formal_minimum_metal_oscillator_strength"":0.0001,""h2_he_cia_path"":null,""include_molecules"":false,""log_hydrogen_to_helium"":-5,""logg"":8,""lyman_profile_source"":""allard"",""maximum_metal_charge"":4,""metal_classical_electron_stark"":false,""metal_line_supplements"":[],""mixing_length_alpha"":1.25,""neutral_broadening"":""unsold"",""photospheric_depth_concentration"":1.0,""quality"":""production"",""structure_opacity_sampling_resolution"":1000.0,""synthesis_transfer_depth_refinement"":4}",,a7bef616cd9b328278ea3d5b9fc871fcf2cc8170f204d9182956a410bfb40f77,18901,dab,3062.702789498995,intermediate-abundance-280,
dab-8bb4f29abe3e60f8a559008d,DAB,15000,8,-3,production,COMPLETE_NUMERICAL,COMPLETE_NUMERICAL,COMPLETE_NUMERICAL,0a74fdbe06596fc145f5169a3b239ddd67053141,"{""abundances"":null,""allard_minimum_effective_temperature"":9000.0,""atmosphere_solver"":""adaptive-newton"",""balmer_self_broadening_prescription"":null,""balmer_self_broadening_truncation_closure"":""stark-core"",""effective_temperature"":15000,""formal_maximum_metal_lines"":null,""formal_minimum_metal_oscillator_strength"":0.0001,""h2_he_cia_path"":null,""include_molecules"":false,""log_hydrogen_to_helium"":-3,""logg"":8,""lyman_profile_source"":""allard"",""maximum_metal_charge"":4,""metal_classical_electron_stark"":false,""metal_line_supplements"":[],""mixing_length_alpha"":1.25,""neutral_broadening"":""unsold"",""photospheric_depth_concentration"":1.0,""quality"":""production"",""structure_opacity_sampling_resolution"":1000.0,""synthesis_transfer_depth_refinement"":4}",,9f6133298decc248dd9c5c7e7af99246be96e78009d7cfeab6f333b6e8a54fbf,18901,dab,3175.5700391400023,intermediate-abundance-280,
dab-46becda9d7628520626770d1,DAB,15000,8,-1,production,COMPLETE_NUMERICAL,COMPLETE_NUMERICAL,COMPLETE_NUMERICAL,0a74fdbe06596fc145f5169a3b239ddd67053141,"{""abundances"":null,""allard_minimum_effective_temperature"":9000.0,""atmosphere_solver"":""adaptive-newton"",""balmer_self_broadening_prescription"":null,""balmer_self_broadening_truncation_closure"":""stark-core"",""effective_temperature"":15000,""formal_maximum_metal_lines"":null,""formal_minimum_metal_oscillator_strength"":0.0001,""h2_he_cia_path"":null,""include_molecules"":false,""log_hydrogen_to_helium"":-1,""logg"":8,""lyman_profile_source"":""allard"",""maximum_metal_charge"":4,""metal_classical_electron_stark"":false,""metal_line_supplements"":[],""mixing_length_alpha"":1.25,""neutral_broadening"":""unsold"",""photospheric_depth_concentration"":1.0,""quality"":""production"",""structure_opacity_sampling_resolution"":1000.0,""synthesis_transfer_depth_refinement"":4}",,412d42976b3e9c81618a43985690e93b12f03471fa1f56d4a57fba7a48ec584e,18901,dab,2047.7978163560038,intermediate-abundance-280,
dab-5066fecbdfcc9ee7012011df,DAB,15000,8,1,production,COMPLETE_NUMERICAL,COMPLETE_NUMERICAL,COMPLETE_NUMERICAL,0a74fdbe06596fc145f5169a3b239ddd67053141,"{""abundances"":null,""allard_minimum_effective_temperature"":9000.0,""atmosphere_solver"":""adaptive-newton"",""balmer_self_broadening_prescription"":null,""balmer_self_broadening_truncation_closure"":""stark-core"",""effective_temperature"":15000,""formal_maximum_metal_lines"":null,""formal_minimum_metal_oscillator_strength"":0.0001,""h2_he_cia_path"":null,""include_molecules"":false,""log_hydrogen_to_helium"":1,""logg"":8,""lyman_profile_source"":""allard"",""maximum_metal_charge"":4,""metal_classical_electron_stark"":false,""metal_line_supplements"":[],""mixing_length_alpha"":1.25,""neutral_broadening"":""unsold"",""photospheric_depth_concentration"":1.0,""quality"":""production"",""structure_opacity_sampling_resolution"":1000.0,""synthesis_transfer_depth_refinement"":4}",,02e7b22ee08d55f2efa847669eabd638883ba3aeaac8c89d24041aaa93d71f75,18901,dab,1947.8841350260045,intermediate-abundance-280,
dab-28a0d216a34723f47bce8fd5,DAB,15000,8,3,production,COMPLETE_NUMERICAL,COMPLETE_NUMERICAL,COMPLETE_NUMERICAL,0a74fdbe06596fc145f5169a3b239ddd67053141,"{""abundances"":null,""allard_minimum_effective_temperature"":9000.0,""atmosphere_solver"":""adaptive-newton"",""balmer_self_broadening_prescription"":null,""balmer_self_broadening_truncation_closure"":""stark-core"",""effective_temperature"":15000,""formal_maximum_metal_lines"":null,""formal_minimum_metal_oscillator_strength"":0.0001,""h2_he_cia_path"":null,""include_molecules"":false,""log_hydrogen_to_helium"":3,""logg"":8,""lyman_profile_source"":""allard"",""maximum_metal_charge"":4,""metal_classical_electron_stark"":false,""metal_line_supplements"":[],""mixing_length_alpha"":1.25,""neutral_broadening"":""unsold"",""photospheric_depth_concentration"":1.0,""quality"":""production"",""structure_opacity_sampling_resolution"":1000.0,""synthesis_transfer_depth_refinement"":4}",,b0642d52f60518f65e3921fdfb3c5edb125ad78abf1ec190f8e9782a80f753e6,18901,dab,1837.1201443239988,intermediate-abundance-280,
dab-9f5353c5aa487f82ceb2291a,DAB,15000,8.5,-5,production,COMPLETE_NUMERICAL,COMPLETE_NUMERICAL,COMPLETE_NUMERICAL,0a74fdbe06596fc145f5169a3b239ddd67053141,"{""abundances"":null,""allard_minimum_effective_temperature"":9000.0,""atmosphere_solver"":""adaptive-newton"",""balmer_self_broadening_prescription"":null,""balmer_self_broadening_truncation_closure"":""stark-core"",""effective_temperature"":15000,""formal_maximum_metal_lines"":null,""formal_minimum_metal_oscillator_strength"":0.0001,""h2_he_cia_path"":null,""include_molecules"":false,""log_hydrogen_to_helium"":-5,""logg"":8.5,""lyman_profile_source"":""allard"",""maximum_metal_charge"":4,""metal_classical_electron_stark"":false,""metal_line_supplements"":[],""mixing_length_alpha"":1.25,""neutral_broadening"":""unsold"",""photospheric_depth_concentration"":1.0,""quality"":""production"",""structure_opacity_sampling_resolution"":1000.0,""synthesis_transfer_depth_refinement"":4}",,4103097b3f96383ac47776f50387e04870d0bef696173ad9b633c40143143c1b,18901,dab,2863.0368776270043,intermediate-abundance-280,
dab-b8c141cc8568d5c1f8d84a2b,DAB,15000,8.5,-3,production,COMPLETE_NUMERICAL,COMPLETE_NUMERICAL,COMPLETE_NUMERICAL,0a74fdbe06596fc145f5169a3b239ddd67053141,"{""abundances"":null,""allard_minimum_effective_temperature"":9000.0,""atmosphere_solver"":""adaptive-newton"",""balmer_self_broadening_prescription"":null,""balmer_self_broadening_truncation_closure"":""stark-core"",""effective_temperature"":15000,""formal_maximum_metal_lines"":null,""formal_minimum_metal_oscillator_strength"":0.0001,""h2_he_cia_path"":null,""include_molecules"":false,""log_hydrogen_to_helium"":-3,""logg"":8.5,""lyman_profile_source"":""allard"",""maximum_metal_charge"":4,""metal_classical_electron_stark"":false,""metal_line_supplements"":[],""mixing_length_alpha"":1.25,""neutral_broadening"":""unsold"",""photospheric_depth_concentration"":1.0,""quality"":""production"",""structure_opacity_sampling_resolution"":1000.0,""synthesis_transfer_depth_refinement"":4}",,ff7f7ae7fd388a7e0c40e3fdd5282f61fb86c786242eae85bb4776f64b0fbefa,18901,dab,3934.179953375002,intermediate-abundance-280,
dab-c42ec2ea0afa82ab862de0df,DAB,15000,8.5,-1,production,COMPLETE_NUMERICAL,COMPLETE_NUMERICAL,COMPLETE_NUMERICAL,0a74fdbe06596fc145f5169a3b239ddd67053141,"{""abundances"":null,""allard_minimum_effective_temperature"":9000.0,""atmosphere_solver"":""adaptive-newton"",""balmer_self_broadening_prescription"":null,""balmer_self_broadening_truncation_closure"":""stark-core"",""effective_temperature"":15000,""formal_maximum_metal_lines"":null,""formal_minimum_metal_oscillator_strength"":0.0001,""h2_he_cia_path"":null,""include_molecules"":false,""log_hydrogen_to_helium"":-1,""logg"":8.5,""lyman_profile_source"":""allard"",""maximum_metal_charge"":4,""metal_classical_electron_stark"":false,""metal_line_supplements"":[],""mixing_length_alpha"":1.25,""neutral_broadening"":""unsold"",""photospheric_depth_concentration"":1.0,""quality"":""production"",""structure_opacity_sampling_resolution"":1000.0,""synthesis_transfer_depth_refinement"":4}",,3225265f0c3cd897cc27d8dd85f4b116e5ef2dd8570d2dd8919234054fad1145,18901,dab,3111.357265466002,intermediate-abundance-280,
dab-270f25a6737ffc1850f7efb6,DAB,15000,8.5,1,production,TIMEOUT,TIMEOUT,TIMEOUT,0a74fdbe06596fc145f5169a3b239ddd67053141,"{""abundances"":null,""allard_minimum_effective_temperature"":9000.0,""atmosphere_solver"":""adaptive-newton"",""balmer_self_broadening_prescription"":null,""balmer_self_broadening_truncation_closure"":""stark-core"",""effective_temperature"":15000,""formal_maximum_metal_lines"":null,""formal_minimum_metal_oscillator_strength"":0.0001,""h2_he_cia_path"":null,""include_molecules"":false,""log_hydrogen_to_helium"":1,""logg"":8.5,""lyman_profile_source"":""allard"",""maximum_metal_charge"":4,""metal_classical_electron_stark"":false,""metal_line_supplements"":[],""mixing_length_alpha"":1.25,""neutral_broadening"":""unsold"",""photospheric_depth_concentration"":1.0,""quality"":""production"",""structure_opacity_sampling_resolution"":1000.0,""synthesis_transfer_depth_refinement"":4}",,,,,3892.2611718760018,intermediate-abundance-280,
dab-da30932f1bed1a1540affeee,DAB,15000,8.5,3,production,TIMEOUT,TIMEOUT,TIMEOUT,0a74fdbe06596fc145f5169a3b239ddd67053141,"{""abundances"":null,""allard_minimum_effective_temperature"":9000.0,""atmosphere_solver"":""adaptive-newton"",""balmer_self_broadening_prescription"":null,""balmer_self_broadening_truncation_closure"":""stark-core"",""effective_temperature"":15000,""formal_maximum_metal_lines"":null,""formal_minimum_metal_oscillator_strength"":0.0001,""h2_he_cia_path"":null,""include_molecules"":false,""log_hydrogen_to_helium"":3,""logg"":8.5,""lyman_profile_source"":""allard"",""maximum_metal_charge"":4,""metal_classical_electron_stark"":false,""metal_line_supplements"":[],""mixing_length_alpha"":1.25,""neutral_broadening"":""unsold"",""photospheric_depth_concentration"":1.0,""quality"":""production"",""structure_opacity_sampling_resolution"":1000.0,""synthesis_transfer_depth_refinement"":4}",,,,,3892.405946952,intermediate-abundance-280,
dab-8b7421ecbe56827e52318328,DAB,15000,9,-5,production,COMPLETE_NUMERICAL,COMPLETE_NUMERICAL,COMPLETE_NUMERICAL,0a74fdbe06596fc145f5169a3b239ddd67053141,"{""abundances"":null,""allard_minimum_effective_temperature"":9000.0,""atmosphere_solver"":""adaptive-newton"",""balmer_self_broadening_prescription"":null,""balmer_self_broadening_truncation_closure"":""stark-core"",""effective_temperature"":15000,""formal_maximum_metal_lines"":null,""formal_minimum_metal_oscillator_strength"":0.0001,""h2_he_cia_path"":null,""include_molecules"":false,""log_hydrogen_to_helium"":-5,""logg"":9,""lyman_profile_source"":""allard"",""maximum_metal_charge"":4,""metal_classical_electron_stark"":false,""metal_line_supplements"":[],""mixing_length_alpha"":1.25,""neutral_broadening"":""unsold"",""photospheric_depth_concentration"":1.0,""quality"":""production"",""structure_opacity_sampling_resolution"":1000.0,""synthesis_transfer_depth_refinement"":4}",,68a9012d70fada786458dcb86d9ba1a0a36f709e304a2882b9385e31a1093086,18901,dab,3483.363564459003,intermediate-abundance-280,
dab-9a8a57617c9e063cb709c230,DAB,15000,9,-3,production,COMPLETE_NUMERICAL,COMPLETE_NUMERICAL,COMPLETE_NUMERICAL,0a74fdbe06596fc145f5169a3b239ddd67053141,"{""abundances"":null,""allard_minimum_effective_temperature"":9000.0,""atmosphere_solver"":""adaptive-newton"",""balmer_self_broadening_prescription"":null,""balmer_self_broadening_truncation_closure"":""stark-core"",""effective_temperature"":15000,""formal_maximum_metal_lines"":null,""formal_minimum_metal_oscillator_strength"":0.0001,""h2_he_cia_path"":null,""include_molecules"":false,""log_hydrogen_to_helium"":-3,""logg"":9,""lyman_profile_source"":""allard"",""maximum_metal_charge"":4,""metal_classical_electron_stark"":false,""metal_line_supplements"":[],""mixing_length_alpha"":1.25,""neutral_broadening"":""unsold"",""photospheric_depth_concentration"":1.0,""quality"":""production"",""structure_opacity_sampling_resolution"":1000.0,""synthesis_transfer_depth_refinement"":4}",,a1ca79cdf6bd999e1fe3b9065c81eda451a13518f9e419d1b5ee995f10484326,18901,dab,4072.499313768996,intermediate-abundance-280,
dab-ccf59ec3d94ea06797f7af06,DAB,15000,9,-1,production,COMPLETE_NUMERICAL,COMPLETE_NUMERICAL,COMPLETE_NUMERICAL,0a74fdbe06596fc145f5169a3b239ddd67053141,"{""abundances"":null,""allard_minimum_effective_temperature"":9000.0,""atmosphere_solver"":""adaptive-newton"",""balmer_self_broadening_prescription"":null,""balmer_self_broadening_truncation_closure"":""stark-core"",""effective_temperature"":15000,""formal_maximum_metal_lines"":null,""formal_minimum_metal_oscillator_strength"":0.0001,""h2_he_cia_path"":null,""include_molecules"":false,""log_hydrogen_to_helium"":-1,""logg"":9,""lyman_profile_source"":""allard"",""maximum_metal_charge"":4,""metal_classical_electron_stark"":false,""metal_line_supplements"":[],""mixing_length_alpha"":1.25,""neutral_broadening"":""unsold"",""photospheric_depth_concentration"":1.0,""quality"":""production"",""structure_opacity_sampling_resolution"":1000.0,""synthesis_transfer_depth_refinement"":4}",,6119a14752d7089e0a42d8743d2631e5a5ec5b98c373ef0b8e54b7ac8d528898,18901,dab,2094.062804772002,intermediate-abundance-280,
dab-28674cc777e19b24a81b4f91,DAB,15000,9,1,production,TIMEOUT,TIMEOUT,TIMEOUT,0a74fdbe06596fc145f5169a3b239ddd67053141,"{""abundances"":null,""allard_minimum_effective_temperature"":9000.0,""atmosphere_solver"":""adaptive-newton"",""balmer_self_broadening_prescription"":null,""balmer_self_broadening_truncation_closure"":""stark-core"",""effective_temperature"":15000,""formal_maximum_metal_lines"":null,""formal_minimum_metal_oscillator_strength"":0.0001,""h2_he_cia_path"":null,""include_molecules"":false,""log_hydrogen_to_helium"":1,""logg"":9,""lyman_profile_source"":""allard"",""maximum_metal_charge"":4,""metal_classical_electron_stark"":false,""metal_line_supplements"":[],""mixing_length_alpha"":1.25,""neutral_broadening"":""unsold"",""photospheric_depth_concentration"":1.0,""quality"":""production"",""structure_opacity_sampling_resolution"":1000.0,""synthesis_transfer_depth_refinement"":4}",,,,,4902.155249344003,intermediate-abundance-280,
dab-ce0358e02f565edc4c432618,DAB,15000,9,3,production,INFRASTRUCTURE_INTERRUPTION,INFRASTRUCTURE_INTERRUPTION,WORKER_CRASH_SIGSEGV,0a74fdbe06596fc145f5169a3b239ddd67053141,"{""abundances"":null,""allard_minimum_effective_temperature"":9000.0,""atmosphere_solver"":""adaptive-newton"",""balmer_self_broadening_prescription"":null,""balmer_self_broadening_truncation_closure"":""stark-core"",""effective_temperature"":15000,""formal_maximum_metal_lines"":null,""formal_minimum_metal_oscillator_strength"":0.0001,""h2_he_cia_path"":null,""include_molecules"":false,""log_hydrogen_to_helium"":3,""logg"":9,""lyman_profile_source"":""allard"",""maximum_metal_charge"":4,""metal_classical_electron_stark"":false,""metal_line_supplements"":[],""mixing_length_alpha"":1.25,""neutral_broadening"":""unsold"",""photospheric_depth_concentration"":1.0,""quality"":""production"",""structure_opacity_sampling_resolution"":1000.0,""synthesis_transfer_depth_refinement"":4}",,,,,643.748631632996,intermediate-abundance-280,
dab-fe4308a4006001a0b2ae3681,DAB,15000,9.5,-5,production,COMPLETE_NUMERICAL,COMPLETE_NUMERICAL,COMPLETE_NUMERICAL,0a74fdbe06596fc145f5169a3b239ddd67053141,"{""abundances"":null,""allard_minimum_effective_temperature"":9000.0,""atmosphere_solver"":""adaptive-newton"",""balmer_self_broadening_prescription"":null,""balmer_self_broadening_truncation_closure"":""stark-core"",""effective_temperature"":15000,""formal_maximum_metal_lines"":null,""formal_minimum_metal_oscillator_strength"":0.0001,""h2_he_cia_path"":null,""include_molecules"":false,""log_hydrogen_to_helium"":-5,""logg"":9.5,""lyman_profile_source"":""allard"",""maximum_metal_charge"":4,""metal_classical_electron_stark"":false,""metal_line_supplements"":[],""mixing_length_alpha"":1.25,""neutral_broadening"":""unsold"",""photospheric_depth_concentration"":1.0,""quality"":""production"",""structure_opacity_sampling_resolution"":1000.0,""synthesis_transfer_depth_refinement"":4}",,8305a258a07a120ab131d96186a4213bd568c3b591d2f0802e69d08eafd5d9c1,18901,dab,3052.7143964860006,intermediate-abundance-280,
dab-ed84a1df02f9b87f51f4041c,DAB,15000,9.5,-3,production,COMPLETE_NUMERICAL,COMPLETE_NUMERICAL,COMPLETE_NUMERICAL,0a74fdbe06596fc145f5169a3b239ddd67053141,"{""abundances"":null,""allard_minimum_effective_temperature"":9000.0,""atmosphere_solver"":""adaptive-newton"",""balmer_self_broadening_prescription"":null,""balmer_self_broadening_truncation_closure"":""stark-core"",""effective_temperature"":15000,""formal_maximum_metal_lines"":null,""formal_minimum_metal_oscillator_strength"":0.0001,""h2_he_cia_path"":null,""include_molecules"":false,""log_hydrogen_to_helium"":-3,""logg"":9.5,""lyman_profile_source"":""allard"",""maximum_metal_charge"":4,""metal_classical_electron_stark"":false,""metal_line_supplements"":[],""mixing_length_alpha"":1.25,""neutral_broadening"":""unsold"",""photospheric_depth_concentration"":1.0,""quality"":""production"",""structure_opacity_sampling_resolution"":1000.0,""synthesis_transfer_depth_refinement"":4}",,994bc35b2820a0255473e2c32296983c946e8f4ebceba2cadd809d5d93adf39d,18901,dab,2893.9613950720013,intermediate-abundance-280,
dab-5ce3940a68cecf89143e493b,DAB,15000,9.5,-1,production,COMPLETE_NUMERICAL,COMPLETE_NUMERICAL,COMPLETE_NUMERICAL,0a74fdbe06596fc145f5169a3b239ddd67053141,"{""abundances"":null,""allard_minimum_effective_temperature"":9000.0,""atmosphere_solver"":""adaptive-newton"",""balmer_self_broadening_prescription"":null,""balmer_self_broadening_truncation_closure"":""stark-core"",""effective_temperature"":15000,""formal_maximum_metal_lines"":null,""formal_minimum_metal_oscillator_strength"":0.0001,""h2_he_cia_path"":null,""include_molecules"":false,""log_hydrogen_to_helium"":-1,""logg"":9.5,""lyman_profile_source"":""allard"",""maximum_metal_charge"":4,""metal_classical_electron_stark"":false,""metal_line_supplements"":[],""mixing_length_alpha"":1.25,""neutral_broadening"":""unsold"",""photospheric_depth_concentration"":1.0,""quality"":""production"",""structure_opacity_sampling_resolution"":1000.0,""synthesis_transfer_depth_refinement"":4}",,7e7cdb980afbc5c80d36c0adc89090dec9e40a26b879364bb465bff6261eaa85,18901,dab,2229.353023810996,intermediate-abundance-280,
dab-7a03c19dabf0d7b7927610ee,DAB,15000,9.5,1,production,COMPLETE_NUMERICAL,COMPLETE_NUMERICAL,COMPLETE_NUMERICAL,0a74fdbe06596fc145f5169a3b239ddd67053141,"{""abundances"":null,""allard_minimum_effective_temperature"":9000.0,""atmosphere_solver"":""adaptive-newton"",""balmer_self_broadening_prescription"":null,""balmer_self_broadening_truncation_closure"":""stark-core"",""effective_temperature"":15000,""formal_maximum_metal_lines"":null,""formal_minimum_metal_oscillator_strength"":0.0001,""h2_he_cia_path"":null,""include_molecules"":false,""log_hydrogen_to_helium"":1,""logg"":9.5,""lyman_profile_source"":""allard"",""maximum_metal_charge"":4,""metal_classical_electron_stark"":false,""metal_line_supplements"":[],""mixing_length_alpha"":1.25,""neutral_broadening"":""unsold"",""photospheric_depth_concentration"":1.0,""quality"":""production"",""structure_opacity_sampling_resolution"":1000.0,""synthesis_transfer_depth_refinement"":4}",,a1eeb77536577c3797cbb894ed0c19a8e21939a62c035fa8b5e998a35a177748,18901,dab,3263.096398158006,intermediate-abundance-280,
dab-8015c327fae5982b066768fc,DAB,15000,9.5,3,production,COMPLETE_NUMERICAL,COMPLETE_NUMERICAL,COMPLETE_NUMERICAL,0a74fdbe06596fc145f5169a3b239ddd67053141,"{""abundances"":null,""allard_minimum_effective_temperature"":9000.0,""atmosphere_solver"":""adaptive-newton"",""balmer_self_broadening_prescription"":null,""balmer_self_broadening_truncation_closure"":""stark-core"",""effective_temperature"":15000,""formal_maximum_metal_lines"":null,""formal_minimum_metal_oscillator_strength"":0.0001,""h2_he_cia_path"":null,""include_molecules"":false,""log_hydrogen_to_helium"":3,""logg"":9.5,""lyman_profile_source"":""allard"",""maximum_metal_charge"":4,""metal_classical_electron_stark"":false,""metal_line_supplements"":[],""mixing_length_alpha"":1.25,""neutral_broadening"":""unsold"",""photospheric_depth_concentration"":1.0,""quality"":""production"",""structure_opacity_sampling_resolution"":1000.0,""synthesis_transfer_depth_refinement"":4}",,db7316c3d652783feafb4c867b13c6a4fc7b71f0697b15fd0a67dfa472a9272c,18901,dab,4051.8670196889943,intermediate-abundance-280,
dab-2b1e75194020861f5738e034,DAB,20000,6,-5,production,COMPLETE_NUMERICAL,COMPLETE_NUMERICAL,COMPLETE_NUMERICAL,0a74fdbe06596fc145f5169a3b239ddd67053141,"{""abundances"":null,""allard_minimum_effective_temperature"":9000.0,""atmosphere_solver"":""adaptive-newton"",""balmer_self_broadening_prescription"":null,""balmer_self_broadening_truncation_closure"":""stark-core"",""effective_temperature"":20000,""formal_maximum_metal_lines"":null,""formal_minimum_metal_oscillator_strength"":0.0001,""h2_he_cia_path"":null,""include_molecules"":false,""log_hydrogen_to_helium"":-5,""logg"":6,""lyman_profile_source"":""allard"",""maximum_metal_charge"":4,""metal_classical_electron_stark"":false,""metal_line_supplements"":[],""mixing_length_alpha"":1.25,""neutral_broadening"":""unsold"",""photospheric_depth_concentration"":1.0,""quality"":""production"",""structure_opacity_sampling_resolution"":1000.0,""synthesis_transfer_depth_refinement"":4}",,8d5f1da6218f940b5ba87ad2832af84893f4159a42a30a5bb1849d91116504ff,18901,dab,3621.3920198600026,intermediate-abundance-280,
dab-de873f02c5de47d25a01a304,DAB,20000,6,-3,production,COMPLETE_NUMERICAL,COMPLETE_NUMERICAL,COMPLETE_NUMERICAL,0a74fdbe06596fc145f5169a3b239ddd67053141,"{""abundances"":null,""allard_minimum_effective_temperature"":9000.0,""atmosphere_solver"":""adaptive-newton"",""balmer_self_broadening_prescription"":null,""balmer_self_broadening_truncation_closure"":""stark-core"",""effective_temperature"":20000,""formal_maximum_metal_lines"":null,""formal_minimum_metal_oscillator_strength"":0.0001,""h2_he_cia_path"":null,""include_molecules"":false,""log_hydrogen_to_helium"":-3,""logg"":6,""lyman_profile_source"":""allard"",""maximum_metal_charge"":4,""metal_classical_electron_stark"":false,""metal_line_supplements"":[],""mixing_length_alpha"":1.25,""neutral_broadening"":""unsold"",""photospheric_depth_concentration"":1.0,""quality"":""production"",""structure_opacity_sampling_resolution"":1000.0,""synthesis_transfer_depth_refinement"":4}",,e80149234be8c361de7226a6df15881105791826bd01893c1b9113a754b6538f,18901,dab,1597.5431422940019,intermediate-abundance-280,
dab-f066d621a0e8694338545193,DAB,20000,6,-1,production,COMPLETE_NUMERICAL,COMPLETE_NUMERICAL,COMPLETE_NUMERICAL,0a74fdbe06596fc145f5169a3b239ddd67053141,"{""abundances"":null,""allard_minimum_effective_temperature"":9000.0,""atmosphere_solver"":""adaptive-newton"",""balmer_self_broadening_prescription"":null,""balmer_self_broadening_truncation_closure"":""stark-core"",""effective_temperature"":20000,""formal_maximum_metal_lines"":null,""formal_minimum_metal_oscillator_strength"":0.0001,""h2_he_cia_path"":null,""include_molecules"":false,""log_hydrogen_to_helium"":-1,""logg"":6,""lyman_profile_source"":""allard"",""maximum_metal_charge"":4,""metal_classical_electron_stark"":false,""metal_line_supplements"":[],""mixing_length_alpha"":1.25,""neutral_broadening"":""unsold"",""photospheric_depth_concentration"":1.0,""quality"":""production"",""structure_opacity_sampling_resolution"":1000.0,""synthesis_transfer_depth_refinement"":4}",,346241b817a6f5ff97156487f1dbfa8e881bfbc1127a9ad4409b47e5b37bf03c,18901,dab,2209.1851677910017,intermediate-abundance-280,
dab-3bd2f076ba73b215c3361cae,DAB,20000,6,1,production,COMPLETE_NUMERICAL,COMPLETE_NUMERICAL,COMPLETE_NUMERICAL,0a74fdbe06596fc145f5169a3b239ddd67053141,"{""abundances"":null,""allard_minimum_effective_temperature"":9000.0,""atmosphere_solver"":""adaptive-newton"",""balmer_self_broadening_prescription"":null,""balmer_self_broadening_truncation_closure"":""stark-core"",""effective_temperature"":20000,""formal_maximum_metal_lines"":null,""formal_minimum_metal_oscillator_strength"":0.0001,""h2_he_cia_path"":null,""include_molecules"":false,""log_hydrogen_to_helium"":1,""logg"":6,""lyman_profile_source"":""allard"",""maximum_metal_charge"":4,""metal_classical_electron_stark"":false,""metal_line_supplements"":[],""mixing_length_alpha"":1.25,""neutral_broadening"":""unsold"",""photospheric_depth_concentration"":1.0,""quality"":""production"",""structure_opacity_sampling_resolution"":1000.0,""synthesis_transfer_depth_refinement"":4}",,0acf2fbcc5e1e7fc9b9359a527738b93ef8878f3dd162dc42bedd383dbf91e57,18901,dab,1099.0282341909988,intermediate-abundance-280,
dab-5bd08d901f6a0214c5ae8256,DAB,20000,6,3,production,COMPLETE_NUMERICAL,COMPLETE_NUMERICAL,COMPLETE_NUMERICAL,0a74fdbe06596fc145f5169a3b239ddd67053141,"{""abundances"":null,""allard_minimum_effective_temperature"":9000.0,""atmosphere_solver"":""adaptive-newton"",""balmer_self_broadening_prescription"":null,""balmer_self_broadening_truncation_closure"":""stark-core"",""effective_temperature"":20000,""formal_maximum_metal_lines"":null,""formal_minimum_metal_oscillator_strength"":0.0001,""h2_he_cia_path"":null,""include_molecules"":false,""log_hydrogen_to_helium"":3,""logg"":6,""lyman_profile_source"":""allard"",""maximum_metal_charge"":4,""metal_classical_electron_stark"":false,""metal_line_supplements"":[],""mixing_length_alpha"":1.25,""neutral_broadening"":""unsold"",""photospheric_depth_concentration"":1.0,""quality"":""production"",""structure_opacity_sampling_resolution"":1000.0,""synthesis_transfer_depth_refinement"":4}",,4342cc946ab0794590e6b9ea1278708d46790d2cd3ebd2deb94578dca780a1e0,18901,dab,933.5909003900015,intermediate-abundance-280,
dab-2ae4b443239a896078878bde,DAB,20000,6.5,-5,production,COMPLETE_NUMERICAL,COMPLETE_NUMERICAL,COMPLETE_NUMERICAL,0a74fdbe06596fc145f5169a3b239ddd67053141,"{""abundances"":null,""allard_minimum_effective_temperature"":9000.0,""atmosphere_solver"":""adaptive-newton"",""balmer_self_broadening_prescription"":null,""balmer_self_broadening_truncation_closure"":""stark-core"",""effective_temperature"":20000,""formal_maximum_metal_lines"":null,""formal_minimum_metal_oscillator_strength"":0.0001,""h2_he_cia_path"":null,""include_molecules"":false,""log_hydrogen_to_helium"":-5,""logg"":6.5,""lyman_profile_source"":""allard"",""maximum_metal_charge"":4,""metal_classical_electron_stark"":false,""metal_line_supplements"":[],""mixing_length_alpha"":1.25,""neutral_broadening"":""unsold"",""photospheric_depth_concentration"":1.0,""quality"":""production"",""structure_opacity_sampling_resolution"":1000.0,""synthesis_transfer_depth_refinement"":4}",,4d92bfcf04c4cd905ad9f22eab463fe14d4e712856be8d785ea26dd1024382a6,18901,dab,2714.1905854669967,intermediate-abundance-280,
dab-606f5f57df7fa6dcce729451,DAB,20000,6.5,-3,production,COMPLETE_NUMERICAL,COMPLETE_NUMERICAL,COMPLETE_NUMERICAL,0a74fdbe06596fc145f5169a3b239ddd67053141,"{""abundances"":null,""allard_minimum_effective_temperature"":9000.0,""atmosphere_solver"":""adaptive-newton"",""balmer_self_broadening_prescription"":null,""balmer_self_broadening_truncation_closure"":""stark-core"",""effective_temperature"":20000,""formal_maximum_metal_lines"":null,""formal_minimum_metal_oscillator_strength"":0.0001,""h2_he_cia_path"":null,""include_molecules"":false,""log_hydrogen_to_helium"":-3,""logg"":6.5,""lyman_profile_source"":""allard"",""maximum_metal_charge"":4,""metal_classical_electron_stark"":false,""metal_line_supplements"":[],""mixing_length_alpha"":1.25,""neutral_broadening"":""unsold"",""photospheric_depth_concentration"":1.0,""quality"":""production"",""structure_opacity_sampling_resolution"":1000.0,""synthesis_transfer_depth_refinement"":4}",,dd85f97185d222a9a468e87f349ba672f2ef988517d2cc66c18d984255897c89,18901,dab,1645.2819683740017,intermediate-abundance-280,
dab-5c8345ba09fe262f0da9c5fb,DAB,20000,6.5,-1,production,COMPLETE_NUMERICAL,COMPLETE_NUMERICAL,COMPLETE_NUMERICAL,0a74fdbe06596fc145f5169a3b239ddd67053141,"{""abundances"":null,""allard_minimum_effective_temperature"":9000.0,""atmosphere_solver"":""adaptive-newton"",""balmer_self_broadening_prescription"":null,""balmer_self_broadening_truncation_closure"":""stark-core"",""effective_temperature"":20000,""formal_maximum_metal_lines"":null,""formal_minimum_metal_oscillator_strength"":0.0001,""h2_he_cia_path"":null,""include_molecules"":false,""log_hydrogen_to_helium"":-1,""logg"":6.5,""lyman_profile_source"":""allard"",""maximum_metal_charge"":4,""metal_classical_electron_stark"":false,""metal_line_supplements"":[],""mixing_length_alpha"":1.25,""neutral_broadening"":""unsold"",""photospheric_depth_concentration"":1.0,""quality"":""production"",""structure_opacity_sampling_resolution"":1000.0,""synthesis_transfer_depth_refinement"":4}",,8cdc39fd740bf72706a1981988af74286d041672065e4c648e0e9dcd2530fd6e,18901,dab,2256.1735161800025,intermediate-abundance-280,
dab-1e6d75f740af2150f153c4d9,DAB,20000,6.5,1,production,COMPLETE_NUMERICAL,COMPLETE_NUMERICAL,COMPLETE_NUMERICAL,0a74fdbe06596fc145f5169a3b239ddd67053141,"{""abundances"":null,""allard_minimum_effective_temperature"":9000.0,""atmosphere_solver"":""adaptive-newton"",""balmer_self_broadening_prescription"":null,""balmer_self_broadening_truncation_closure"":""stark-core"",""effective_temperature"":20000,""formal_maximum_metal_lines"":null,""formal_minimum_metal_oscillator_strength"":0.0001,""h2_he_cia_path"":null,""include_molecules"":false,""log_hydrogen_to_helium"":1,""logg"":6.5,""lyman_profile_source"":""allard"",""maximum_metal_charge"":4,""metal_classical_electron_stark"":false,""metal_line_supplements"":[],""mixing_length_alpha"":1.25,""neutral_broadening"":""unsold"",""photospheric_depth_concentration"":1.0,""quality"":""production"",""structure_opacity_sampling_resolution"":1000.0,""synthesis_transfer_depth_refinement"":4}",,bd98421d6ef436b29a2418459903ba33017cefe5115c3bd7d68f0456eb2ada37,18901,dab,1288.6411596359976,intermediate-abundance-280,
dab-859d025b2a7f84cfa732cc24,DAB,20000,6.5,3,production,COMPLETE_NUMERICAL,COMPLETE_NUMERICAL,COMPLETE_NUMERICAL,0a74fdbe06596fc145f5169a3b239ddd67053141,"{""abundances"":null,""allard_minimum_effective_temperature"":9000.0,""atmosphere_solver"":""adaptive-newton"",""balmer_self_broadening_prescription"":null,""balmer_self_broadening_truncation_closure"":""stark-core"",""effective_temperature"":20000,""formal_maximum_metal_lines"":null,""formal_minimum_metal_oscillator_strength"":0.0001,""h2_he_cia_path"":null,""include_molecules"":false,""log_hydrogen_to_helium"":3,""logg"":6.5,""lyman_profile_source"":""allard"",""maximum_metal_charge"":4,""metal_classical_electron_stark"":false,""metal_line_supplements"":[],""mixing_length_alpha"":1.25,""neutral_broadening"":""unsold"",""photospheric_depth_concentration"":1.0,""quality"":""production"",""structure_opacity_sampling_resolution"":1000.0,""synthesis_transfer_depth_refinement"":4}",,4a711b447e5b1c51f4441984a88646abe163d3523b857f5ef1fdcddb8b5ffa06,18901,dab,927.253800298,intermediate-abundance-280,
dab-5e6109143516ba676049ad58,DAB,20000,7,-5,production,COMPLETE_NUMERICAL,COMPLETE_NUMERICAL,COMPLETE_NUMERICAL,0a74fdbe06596fc145f5169a3b239ddd67053141,"{""abundances"":null,""allard_minimum_effective_temperature"":9000.0,""atmosphere_solver"":""adaptive-newton"",""balmer_self_broadening_prescription"":null,""balmer_self_broadening_truncation_closure"":""stark-core"",""effective_temperature"":20000,""formal_maximum_metal_lines"":null,""formal_minimum_metal_oscillator_strength"":0.0001,""h2_he_cia_path"":null,""include_molecules"":false,""log_hydrogen_to_helium"":-5,""logg"":7,""lyman_profile_source"":""allard"",""maximum_metal_charge"":4,""metal_classical_electron_stark"":false,""metal_line_supplements"":[],""mixing_length_alpha"":1.25,""neutral_broadening"":""unsold"",""photospheric_depth_concentration"":1.0,""quality"":""production"",""structure_opacity_sampling_resolution"":1000.0,""synthesis_transfer_depth_refinement"":4}",,08e4143c130d65a6550ec80d53eff8a26dcb3400b2e17a503b2b536952bfcba3,18901,dab,3062.7250475379988,intermediate-abundance-280,
dab-fea3311f160118e57565730e,DAB,20000,7,-3,production,COMPLETE_NUMERICAL,COMPLETE_NUMERICAL,COMPLETE_NUMERICAL,0a74fdbe06596fc145f5169a3b239ddd67053141,"{""abundances"":null,""allard_minimum_effective_temperature"":9000.0,""atmosphere_solver"":""adaptive-newton"",""balmer_self_broadening_prescription"":null,""balmer_self_broadening_truncation_closure"":""stark-core"",""effective_temperature"":20000,""formal_maximum_metal_lines"":null,""formal_minimum_metal_oscillator_strength"":0.0001,""h2_he_cia_path"":null,""include_molecules"":false,""log_hydrogen_to_helium"":-3,""logg"":7,""lyman_profile_source"":""allard"",""maximum_metal_charge"":4,""metal_classical_electron_stark"":false,""metal_line_supplements"":[],""mixing_length_alpha"":1.25,""neutral_broadening"":""unsold"",""photospheric_depth_concentration"":1.0,""quality"":""production"",""structure_opacity_sampling_resolution"":1000.0,""synthesis_transfer_depth_refinement"":4}",,4b1d3f24d08a922453de411ffb072cd46c405cdb650292ec99bc8e2a7bb01d80,18901,dab,2201.8554971839985,intermediate-abundance-280,
dab-50062981fbbc85ea85fdb72f,DAB,20000,7,-1,production,COMPLETE_NUMERICAL,COMPLETE_NUMERICAL,COMPLETE_NUMERICAL,0a74fdbe06596fc145f5169a3b239ddd67053141,"{""abundances"":null,""allard_minimum_effective_temperature"":9000.0,""atmosphere_solver"":""adaptive-newton"",""balmer_self_broadening_prescription"":null,""balmer_self_broadening_truncation_closure"":""stark-core"",""effective_temperature"":20000,""formal_maximum_metal_lines"":null,""formal_minimum_metal_oscillator_strength"":0.0001,""h2_he_cia_path"":null,""include_molecules"":false,""log_hydrogen_to_helium"":-1,""logg"":7,""lyman_profile_source"":""allard"",""maximum_metal_charge"":4,""metal_classical_electron_stark"":false,""metal_line_supplements"":[],""mixing_length_alpha"":1.25,""neutral_broadening"":""unsold"",""photospheric_depth_concentration"":1.0,""quality"":""production"",""structure_opacity_sampling_resolution"":1000.0,""synthesis_transfer_depth_refinement"":4}",,475bde9ee374abd588609bbd848f3dc156913a34bed4e14710f990d311a5743e,18901,dab,2020.965592708002,intermediate-abundance-280,
dab-6c4fed86575bcdf29077e336,DAB,20000,7,1,production,COMPLETE_NUMERICAL,COMPLETE_NUMERICAL,COMPLETE_NUMERICAL,0a74fdbe06596fc145f5169a3b239ddd67053141,"{""abundances"":null,""allard_minimum_effective_temperature"":9000.0,""atmosphere_solver"":""adaptive-newton"",""balmer_self_broadening_prescription"":null,""balmer_self_broadening_truncation_closure"":""stark-core"",""effective_temperature"":20000,""formal_maximum_metal_lines"":null,""formal_minimum_metal_oscillator_strength"":0.0001,""h2_he_cia_path"":null,""include_molecules"":false,""log_hydrogen_to_helium"":1,""logg"":7,""lyman_profile_source"":""allard"",""maximum_metal_charge"":4,""metal_classical_electron_stark"":false,""metal_line_supplements"":[],""mixing_length_alpha"":1.25,""neutral_broadening"":""unsold"",""photospheric_depth_concentration"":1.0,""quality"":""production"",""structure_opacity_sampling_resolution"":1000.0,""synthesis_transfer_depth_refinement"":4}",,20fceb1aae761f85fb454a98a533574cb904bec49c1a3b255aff958a48acb812,18901,dab,1942.0960928439963,intermediate-abundance-280,
dab-17823efb049e200f5351fbf6,DAB,20000,7,3,production,COMPLETE_NUMERICAL,COMPLETE_NUMERICAL,COMPLETE_NUMERICAL,0a74fdbe06596fc145f5169a3b239ddd67053141,"{""abundances"":null,""allard_minimum_effective_temperature"":9000.0,""atmosphere_solver"":""adaptive-newton"",""balmer_self_broadening_prescription"":null,""balmer_self_broadening_truncation_closure"":""stark-core"",""effective_temperature"":20000,""formal_maximum_metal_lines"":null,""formal_minimum_metal_oscillator_strength"":0.0001,""h2_he_cia_path"":null,""include_molecules"":false,""log_hydrogen_to_helium"":3,""logg"":7,""lyman_profile_source"":""allard"",""maximum_metal_charge"":4,""metal_classical_electron_stark"":false,""metal_line_supplements"":[],""mixing_length_alpha"":1.25,""neutral_broadening"":""unsold"",""photospheric_depth_concentration"":1.0,""quality"":""production"",""structure_opacity_sampling_resolution"":1000.0,""synthesis_transfer_depth_refinement"":4}",,148ff6a3514cfd376ca9369ab3bfe0bd6ce5e39814ea4ebbd9fac4dd8c2968af,18901,dab,1133.3069710700001,intermediate-abundance-280,
dab-621c828fbb8a2ba848819c62,DAB,20000,7.5,-5,production,COMPLETE_NUMERICAL,COMPLETE_NUMERICAL,COMPLETE_NUMERICAL,0a74fdbe06596fc145f5169a3b239ddd67053141,"{""abundances"":null,""allard_minimum_effective_temperature"":9000.0,""atmosphere_solver"":""adaptive-newton"",""balmer_self_broadening_prescription"":null,""balmer_self_broadening_truncation_closure"":""stark-core"",""effective_temperature"":20000,""formal_maximum_metal_lines"":null,""formal_minimum_metal_oscillator_strength"":0.0001,""h2_he_cia_path"":null,""include_molecules"":false,""log_hydrogen_to_helium"":-5,""logg"":7.5,""lyman_profile_source"":""allard"",""maximum_metal_charge"":4,""metal_classical_electron_stark"":false,""metal_line_supplements"":[],""mixing_length_alpha"":1.25,""neutral_broadening"":""unsold"",""photospheric_depth_concentration"":1.0,""quality"":""production"",""structure_opacity_sampling_resolution"":1000.0,""synthesis_transfer_depth_refinement"":4}",,182bf08efd9436c1163fa85e2b2e5496a5346476d7f8137a6e3dbcc729a1ca70,18901,dab,2340.042319871005,intermediate-abundance-280,
dab-d378e0a4dbc122bc247026aa,DAB,20000,7.5,-3,production,COMPLETE_NUMERICAL,COMPLETE_NUMERICAL,COMPLETE_NUMERICAL,0a74fdbe06596fc145f5169a3b239ddd67053141,"{""abundances"":null,""allard_minimum_effective_temperature"":9000.0,""atmosphere_solver"":""adaptive-newton"",""balmer_self_broadening_prescription"":null,""balmer_self_broadening_truncation_closure"":""stark-core"",""effective_temperature"":20000,""formal_maximum_metal_lines"":null,""formal_minimum_metal_oscillator_strength"":0.0001,""h2_he_cia_path"":null,""include_molecules"":false,""log_hydrogen_to_helium"":-3,""logg"":7.5,""lyman_profile_source"":""allard"",""maximum_metal_charge"":4,""metal_classical_electron_stark"":false,""metal_line_supplements"":[],""mixing_length_alpha"":1.25,""neutral_broadening"":""unsold"",""photospheric_depth_concentration"":1.0,""quality"":""production"",""structure_opacity_sampling_resolution"":1000.0,""synthesis_transfer_depth_refinement"":4}",,7991c5ba7e9629c5e588e7b87006673fe6973d3d05f318c503fa37f26dc08417,18901,dab,3887.9750650409987,intermediate-abundance-280,
dab-b6dc1006b3a04f0546464d45,DAB,20000,7.5,-1,production,COMPLETE_NUMERICAL,COMPLETE_NUMERICAL,COMPLETE_NUMERICAL,0a74fdbe06596fc145f5169a3b239ddd67053141,"{""abundances"":null,""allard_minimum_effective_temperature"":9000.0,""atmosphere_solver"":""adaptive-newton"",""balmer_self_broadening_prescription"":null,""balmer_self_broadening_truncation_closure"":""stark-core"",""effective_temperature"":20000,""formal_maximum_metal_lines"":null,""formal_minimum_metal_oscillator_strength"":0.0001,""h2_he_cia_path"":null,""include_molecules"":false,""log_hydrogen_to_helium"":-1,""logg"":7.5,""lyman_profile_source"":""allard"",""maximum_metal_charge"":4,""metal_classical_electron_stark"":false,""metal_line_supplements"":[],""mixing_length_alpha"":1.25,""neutral_broadening"":""unsold"",""photospheric_depth_concentration"":1.0,""quality"":""production"",""structure_opacity_sampling_resolution"":1000.0,""synthesis_transfer_depth_refinement"":4}",,abc5d64fe1be0d795fbb32dd78594b07311287df7c015fdd248be35fe04b52c1,18901,dab,4419.901104933997,intermediate-abundance-280,
dab-d84ee1ffd5073964ecf51d21,DAB,20000,7.5,1,production,COMPLETE_NUMERICAL,COMPLETE_NUMERICAL,COMPLETE_NUMERICAL,0a74fdbe06596fc145f5169a3b239ddd67053141,"{""abundances"":null,""allard_minimum_effective_temperature"":9000.0,""atmosphere_solver"":""adaptive-newton"",""balmer_self_broadening_prescription"":null,""balmer_self_broadening_truncation_closure"":""stark-core"",""effective_temperature"":20000,""formal_maximum_metal_lines"":null,""formal_minimum_metal_oscillator_strength"":0.0001,""h2_he_cia_path"":null,""include_molecules"":false,""log_hydrogen_to_helium"":1,""logg"":7.5,""lyman_profile_source"":""allard"",""maximum_metal_charge"":4,""metal_classical_electron_stark"":false,""metal_line_supplements"":[],""mixing_length_alpha"":1.25,""neutral_broadening"":""unsold"",""photospheric_depth_concentration"":1.0,""quality"":""production"",""structure_opacity_sampling_resolution"":1000.0,""synthesis_transfer_depth_refinement"":4}",,dbced743d1c6e3a534a339e472b26c3a430b4d6d1de0b2e8e45a53f29b71895a,18901,dab,1972.6397247179993,intermediate-abundance-280,
dab-006349865d1d4224d78cf1fa,DAB,20000,7.5,3,production,COMPLETE_NUMERICAL,COMPLETE_NUMERICAL,COMPLETE_NUMERICAL,0a74fdbe06596fc145f5169a3b239ddd67053141,"{""abundances"":null,""allard_minimum_effective_temperature"":9000.0,""atmosphere_solver"":""adaptive-newton"",""balmer_self_broadening_prescription"":null,""balmer_self_broadening_truncation_closure"":""stark-core"",""effective_temperature"":20000,""formal_maximum_metal_lines"":null,""formal_minimum_metal_oscillator_strength"":0.0001,""h2_he_cia_path"":null,""include_molecules"":false,""log_hydrogen_to_helium"":3,""logg"":7.5,""lyman_profile_source"":""allard"",""maximum_metal_charge"":4,""metal_classical_electron_stark"":false,""metal_line_supplements"":[],""mixing_length_alpha"":1.25,""neutral_broadening"":""unsold"",""photospheric_depth_concentration"":1.0,""quality"":""production"",""structure_opacity_sampling_resolution"":1000.0,""synthesis_transfer_depth_refinement"":4}",,d658f48f3ee34c12c1185964410731228e085deee7208202f5a0047a66e6e300,18901,dab,1086.2950665140015,intermediate-abundance-280,
dab-30e7f3a6d88afb7868938961,DAB,20000,8,-5,production,COMPLETE_NUMERICAL,COMPLETE_NUMERICAL,COMPLETE_NUMERICAL,0a74fdbe06596fc145f5169a3b239ddd67053141,"{""abundances"":null,""allard_minimum_effective_temperature"":9000.0,""atmosphere_solver"":""adaptive-newton"",""balmer_self_broadening_prescription"":null,""balmer_self_broadening_truncation_closure"":""stark-core"",""effective_temperature"":20000,""formal_maximum_metal_lines"":null,""formal_minimum_metal_oscillator_strength"":0.0001,""h2_he_cia_path"":null,""include_molecules"":false,""log_hydrogen_to_helium"":-5,""logg"":8,""lyman_profile_source"":""allard"",""maximum_metal_charge"":4,""metal_classical_electron_stark"":false,""metal_line_supplements"":[],""mixing_length_alpha"":1.25,""neutral_broadening"":""unsold"",""photospheric_depth_concentration"":1.0,""quality"":""production"",""structure_opacity_sampling_resolution"":1000.0,""synthesis_transfer_depth_refinement"":4}",,257cb90b7020d7bfc49fc0dfb269c9364ef9f5a1cbb96c431d0f55eaa251688d,18901,dab,1780.035105394898,intermediate-abundance-280,
dab-f938f4d4571a654b390ac2ec,DAB,20000,8,-3,production,COMPLETE_NUMERICAL,COMPLETE_NUMERICAL,COMPLETE_NUMERICAL,0a74fdbe06596fc145f5169a3b239ddd67053141,"{""abundances"":null,""allard_minimum_effective_temperature"":9000.0,""atmosphere_solver"":""adaptive-newton"",""balmer_self_broadening_prescription"":null,""balmer_self_broadening_truncation_closure"":""stark-core"",""effective_temperature"":20000,""formal_maximum_metal_lines"":null,""formal_minimum_metal_oscillator_strength"":0.0001,""h2_he_cia_path"":null,""include_molecules"":false,""log_hydrogen_to_helium"":-3,""logg"":8,""lyman_profile_source"":""allard"",""maximum_metal_charge"":4,""metal_classical_electron_stark"":false,""metal_line_supplements"":[],""mixing_length_alpha"":1.25,""neutral_broadening"":""unsold"",""photospheric_depth_concentration"":1.0,""quality"":""production"",""structure_opacity_sampling_resolution"":1000.0,""synthesis_transfer_depth_refinement"":4}",,e7f0999d5329f4fae6fd961927a5a0cecab83311662b7a9be137f9e00d52789b,18901,dab,1652.2876060958952,intermediate-abundance-280,
dab-7686964bf09e1fbfaeeed5c1,DAB,20000,8,-1,production,COMPLETE_NUMERICAL,COMPLETE_NUMERICAL,COMPLETE_NUMERICAL,0a74fdbe06596fc145f5169a3b239ddd67053141,"{""abundances"":null,""allard_minimum_effective_temperature"":9000.0,""atmosphere_solver"":""adaptive-newton"",""balmer_self_broadening_prescription"":null,""balmer_self_broadening_truncation_closure"":""stark-core"",""effective_temperature"":20000,""formal_maximum_metal_lines"":null,""formal_minimum_metal_oscillator_strength"":0.0001,""h2_he_cia_path"":null,""include_molecules"":false,""log_hydrogen_to_helium"":-1,""logg"":8,""lyman_profile_source"":""allard"",""maximum_metal_charge"":4,""metal_classical_electron_stark"":false,""metal_line_supplements"":[],""mixing_length_alpha"":1.25,""neutral_broadening"":""unsold"",""photospheric_depth_concentration"":1.0,""quality"":""production"",""structure_opacity_sampling_resolution"":1000.0,""synthesis_transfer_depth_refinement"":4}",,4ca6fadded71cb9f047a0a50b01fa9c53bb1f4194f07b7efcbd82a08078c4948,18901,dab,5409.469668604004,intermediate-abundance-280,
dab-a99d6d546a033edc05705a23,DAB,20000,8,1,production,COMPLETE_NUMERICAL,COMPLETE_NUMERICAL,COMPLETE_NUMERICAL,0a74fdbe06596fc145f5169a3b239ddd67053141,"{""abundances"":null,""allard_minimum_effective_temperature"":9000.0,""atmosphere_solver"":""adaptive-newton"",""balmer_self_broadening_prescription"":null,""balmer_self_broadening_truncation_closure"":""stark-core"",""effective_temperature"":20000,""formal_maximum_metal_lines"":null,""formal_minimum_metal_oscillator_strength"":0.0001,""h2_he_cia_path"":null,""include_molecules"":false,""log_hydrogen_to_helium"":1,""logg"":8,""lyman_profile_source"":""allard"",""maximum_metal_charge"":4,""metal_classical_electron_stark"":false,""metal_line_supplements"":[],""mixing_length_alpha"":1.25,""neutral_broadening"":""unsold"",""photospheric_depth_concentration"":1.0,""quality"":""production"",""structure_opacity_sampling_resolution"":1000.0,""synthesis_transfer_depth_refinement"":4}",,9c64f9069e242ca8d6f8af4f321afc918b38273e07fee89ba31151c3b2d9e90a,18901,dab,1488.7853286280297,intermediate-abundance-280,
dab-fe0b280ca9eed92ea2002143,DAB,20000,8,3,production,COMPLETE_NUMERICAL,COMPLETE_NUMERICAL,COMPLETE_NUMERICAL,0a74fdbe06596fc145f5169a3b239ddd67053141,"{""abundances"":null,""allard_minimum_effective_temperature"":9000.0,""atmosphere_solver"":""adaptive-newton"",""balmer_self_broadening_prescription"":null,""balmer_self_broadening_truncation_closure"":""stark-core"",""effective_temperature"":20000,""formal_maximum_metal_lines"":null,""formal_minimum_metal_oscillator_strength"":0.0001,""h2_he_cia_path"":null,""include_molecules"":false,""log_hydrogen_to_helium"":3,""logg"":8,""lyman_profile_source"":""allard"",""maximum_metal_charge"":4,""metal_classical_electron_stark"":false,""metal_line_supplements"":[],""mixing_length_alpha"":1.25,""neutral_broadening"":""unsold"",""photospheric_depth_concentration"":1.0,""quality"":""production"",""structure_opacity_sampling_resolution"":1000.0,""synthesis_transfer_depth_refinement"":4}",,1cb53789024231ab8464f9608f0dcf11d8185b0c753a717f8cd9e0b804f68f89,18901,dab,1197.5267838118598,intermediate-abundance-280,
dab-208e62382d7f02a1f033fee9,DAB,20000,8.5,-5,production,COMPLETE_NUMERICAL,COMPLETE_NUMERICAL,COMPLETE_NUMERICAL,0a74fdbe06596fc145f5169a3b239ddd67053141,"{""abundances"":null,""allard_minimum_effective_temperature"":9000.0,""atmosphere_solver"":""adaptive-newton"",""balmer_self_broadening_prescription"":null,""balmer_self_broadening_truncation_closure"":""stark-core"",""effective_temperature"":20000,""formal_maximum_metal_lines"":null,""formal_minimum_metal_oscillator_strength"":0.0001,""h2_he_cia_path"":null,""include_molecules"":false,""log_hydrogen_to_helium"":-5,""logg"":8.5,""lyman_profile_source"":""allard"",""maximum_metal_charge"":4,""metal_classical_electron_stark"":false,""metal_line_supplements"":[],""mixing_length_alpha"":1.25,""neutral_broadening"":""unsold"",""photospheric_depth_concentration"":1.0,""quality"":""production"",""structure_opacity_sampling_resolution"":1000.0,""synthesis_transfer_depth_refinement"":4}",,b4b61cf3b83992776f069b46fa694332f47c5a20310e23e33501903c0c6b27f5,18901,dab,2176.4760446719956,intermediate-abundance-280,
dab-f5c688e7a2f775c73825db3c,DAB,20000,8.5,-3,production,COMPLETE_NUMERICAL,COMPLETE_NUMERICAL,COMPLETE_NUMERICAL,0a74fdbe06596fc145f5169a3b239ddd67053141,"{""abundances"":null,""allard_minimum_effective_temperature"":9000.0,""atmosphere_solver"":""adaptive-newton"",""balmer_self_broadening_prescription"":null,""balmer_self_broadening_truncation_closure"":""stark-core"",""effective_temperature"":20000,""formal_maximum_metal_lines"":null,""formal_minimum_metal_oscillator_strength"":0.0001,""h2_he_cia_path"":null,""include_molecules"":false,""log_hydrogen_to_helium"":-3,""logg"":8.5,""lyman_profile_source"":""allard"",""maximum_metal_charge"":4,""metal_classical_electron_stark"":false,""metal_line_supplements"":[],""mixing_length_alpha"":1.25,""neutral_broadening"":""unsold"",""photospheric_depth_concentration"":1.0,""quality"":""production"",""structure_opacity_sampling_resolution"":1000.0,""synthesis_transfer_depth_refinement"":4}",,1cf5255fd5b35be36b3a41d36fd87cf24dd3dbfdd19584a400150aed5c3f4a4a,18901,dab,2965.470047873998,intermediate-abundance-280,
dab-861db98359a6dc0dba2be434,DAB,20000,8.5,-1,production,COMPLETE_NUMERICAL,COMPLETE_NUMERICAL,COMPLETE_NUMERICAL,0a74fdbe06596fc145f5169a3b239ddd67053141,"{""abundances"":null,""allard_minimum_effective_temperature"":9000.0,""atmosphere_solver"":""adaptive-newton"",""balmer_self_broadening_prescription"":null,""balmer_self_broadening_truncation_closure"":""stark-core"",""effective_temperature"":20000,""formal_maximum_metal_lines"":null,""formal_minimum_metal_oscillator_strength"":0.0001,""h2_he_cia_path"":null,""include_molecules"":false,""log_hydrogen_to_helium"":-1,""logg"":8.5,""lyman_profile_source"":""allard"",""maximum_metal_charge"":4,""metal_classical_electron_stark"":false,""metal_line_supplements"":[],""mixing_length_alpha"":1.25,""neutral_broadening"":""unsold"",""photospheric_depth_concentration"":1.0,""quality"":""production"",""structure_opacity_sampling_resolution"":1000.0,""synthesis_transfer_depth_refinement"":4}",,79ec64d0dcb58bf6a7c38d8db332ca49253debfe857f2daa86df1811a83c481c,18901,dab,2351.984757516002,intermediate-abundance-280,
dab-6e36a96eb53ca57bff326d48,DAB,20000,8.5,1,production,COMPLETE_NUMERICAL,COMPLETE_NUMERICAL,COMPLETE_NUMERICAL,0a74fdbe06596fc145f5169a3b239ddd67053141,"{""abundances"":null,""allard_minimum_effective_temperature"":9000.0,""atmosphere_solver"":""adaptive-newton"",""balmer_self_broadening_prescription"":null,""balmer_self_broadening_truncation_closure"":""stark-core"",""effective_temperature"":20000,""formal_maximum_metal_lines"":null,""formal_minimum_metal_oscillator_strength"":0.0001,""h2_he_cia_path"":null,""include_molecules"":false,""log_hydrogen_to_helium"":1,""logg"":8.5,""lyman_profile_source"":""allard"",""maximum_metal_charge"":4,""metal_classical_electron_stark"":false,""metal_line_supplements"":[],""mixing_length_alpha"":1.25,""neutral_broadening"":""unsold"",""photospheric_depth_concentration"":1.0,""quality"":""production"",""structure_opacity_sampling_resolution"":1000.0,""synthesis_transfer_depth_refinement"":4}",,a9e9020b9fa59fe1efdcd8aff58efac3f383d3bdf8c7446021468b7bd22f5ab6,18901,dab,1667.8026400990057,intermediate-abundance-280,
dab-ecf17cad7eeb77d701145a97,DAB,20000,8.5,3,production,COMPLETE_NUMERICAL,COMPLETE_NUMERICAL,COMPLETE_NUMERICAL,0a74fdbe06596fc145f5169a3b239ddd67053141,"{""abundances"":null,""allard_minimum_effective_temperature"":9000.0,""atmosphere_solver"":""adaptive-newton"",""balmer_self_broadening_prescription"":null,""balmer_self_broadening_truncation_closure"":""stark-core"",""effective_temperature"":20000,""formal_maximum_metal_lines"":null,""formal_minimum_metal_oscillator_strength"":0.0001,""h2_he_cia_path"":null,""include_molecules"":false,""log_hydrogen_to_helium"":3,""logg"":8.5,""lyman_profile_source"":""allard"",""maximum_metal_charge"":4,""metal_classical_electron_stark"":false,""metal_line_supplements"":[],""mixing_length_alpha"":1.25,""neutral_broadening"":""unsold"",""photospheric_depth_concentration"":1.0,""quality"":""production"",""structure_opacity_sampling_resolution"":1000.0,""synthesis_transfer_depth_refinement"":4}",,67ce170471f07a775dd4956bc15946ee9bff5a1cc076f55772216ad852b0f1e0,18901,dab,1629.5860955800017,intermediate-abundance-280,
dab-72c9c56667406d01c9999b31,DAB,20000,9,-5,production,COMPLETE_NUMERICAL,COMPLETE_NUMERICAL,COMPLETE_NUMERICAL,0a74fdbe06596fc145f5169a3b239ddd67053141,"{""abundances"":null,""allard_minimum_effective_temperature"":9000.0,""atmosphere_solver"":""adaptive-newton"",""balmer_self_broadening_prescription"":null,""balmer_self_broadening_truncation_closure"":""stark-core"",""effective_temperature"":20000,""formal_maximum_metal_lines"":null,""formal_minimum_metal_oscillator_strength"":0.0001,""h2_he_cia_path"":null,""include_molecules"":false,""log_hydrogen_to_helium"":-5,""logg"":9,""lyman_profile_source"":""allard"",""maximum_metal_charge"":4,""metal_classical_electron_stark"":false,""metal_line_supplements"":[],""mixing_length_alpha"":1.25,""neutral_broadening"":""unsold"",""photospheric_depth_concentration"":1.0,""quality"":""production"",""structure_opacity_sampling_resolution"":1000.0,""synthesis_transfer_depth_refinement"":4}",,a42e98847aaa4334f6c0545b7e01e6717178812d34912b5ad3323c1b5dd3085e,18901,dab,3031.951379585,intermediate-abundance-280,
dab-bdbe720bb30d35052350f541,DAB,20000,9,-3,production,COMPLETE_NUMERICAL,COMPLETE_NUMERICAL,COMPLETE_NUMERICAL,0a74fdbe06596fc145f5169a3b239ddd67053141,"{""abundances"":null,""allard_minimum_effective_temperature"":9000.0,""atmosphere_solver"":""adaptive-newton"",""balmer_self_broadening_prescription"":null,""balmer_self_broadening_truncation_closure"":""stark-core"",""effective_temperature"":20000,""formal_maximum_metal_lines"":null,""formal_minimum_metal_oscillator_strength"":0.0001,""h2_he_cia_path"":null,""include_molecules"":false,""log_hydrogen_to_helium"":-3,""logg"":9,""lyman_profile_source"":""allard"",""maximum_metal_charge"":4,""metal_classical_electron_stark"":false,""metal_line_supplements"":[],""mixing_length_alpha"":1.25,""neutral_broadening"":""unsold"",""photospheric_depth_concentration"":1.0,""quality"":""production"",""structure_opacity_sampling_resolution"":1000.0,""synthesis_transfer_depth_refinement"":4}",,35d237e59a33ead6d756105eab3f2747c53fd8f94b0b997be9c1d4cb8cf4a313,18901,dab,2155.923575944995,intermediate-abundance-280,
dab-2cdb1dc4a927013ce85448ae,DAB,20000,9,-1,production,COMPLETE_NUMERICAL,COMPLETE_NUMERICAL,COMPLETE_NUMERICAL,0a74fdbe06596fc145f5169a3b239ddd67053141,"{""abundances"":null,""allard_minimum_effective_temperature"":9000.0,""atmosphere_solver"":""adaptive-newton"",""balmer_self_broadening_prescription"":null,""balmer_self_broadening_truncation_closure"":""stark-core"",""effective_temperature"":20000,""formal_maximum_metal_lines"":null,""formal_minimum_metal_oscillator_strength"":0.0001,""h2_he_cia_path"":null,""include_molecules"":false,""log_hydrogen_to_helium"":-1,""logg"":9,""lyman_profile_source"":""allard"",""maximum_metal_charge"":4,""metal_classical_electron_stark"":false,""metal_line_supplements"":[],""mixing_length_alpha"":1.25,""neutral_broadening"":""unsold"",""photospheric_depth_concentration"":1.0,""quality"":""production"",""structure_opacity_sampling_resolution"":1000.0,""synthesis_transfer_depth_refinement"":4}",,c25bfda443854524631ce30a59da450b819ad6d09b594f84a7205c301252e503,18901,dab,2383.3368437379977,intermediate-abundance-280,
dab-ab495fc785bf2faaef86709e,DAB,20000,9,1,production,COMPLETE_NUMERICAL,COMPLETE_NUMERICAL,COMPLETE_NUMERICAL,0a74fdbe06596fc145f5169a3b239ddd67053141,"{""abundances"":null,""allard_minimum_effective_temperature"":9000.0,""atmosphere_solver"":""adaptive-newton"",""balmer_self_broadening_prescription"":null,""balmer_self_broadening_truncation_closure"":""stark-core"",""effective_temperature"":20000,""formal_maximum_metal_lines"":null,""formal_minimum_metal_oscillator_strength"":0.0001,""h2_he_cia_path"":null,""include_molecules"":false,""log_hydrogen_to_helium"":1,""logg"":9,""lyman_profile_source"":""allard"",""maximum_metal_charge"":4,""metal_classical_electron_stark"":false,""metal_line_supplements"":[],""mixing_length_alpha"":1.25,""neutral_broadening"":""unsold"",""photospheric_depth_concentration"":1.0,""quality"":""production"",""structure_opacity_sampling_resolution"":1000.0,""synthesis_transfer_depth_refinement"":4}",,94d759ad8ff3855e298f89f996d7fb6127e49a3c28195b8107ea7b195245a38e,18901,dab,2341.0337791560014,intermediate-abundance-280,
dab-6963ba58330c3695ae190cbc,DAB,20000,9,3,production,COMPLETE_NUMERICAL,COMPLETE_NUMERICAL,COMPLETE_NUMERICAL,0a74fdbe06596fc145f5169a3b239ddd67053141,"{""abundances"":null,""allard_minimum_effective_temperature"":9000.0,""atmosphere_solver"":""adaptive-newton"",""balmer_self_broadening_prescription"":null,""balmer_self_broadening_truncation_closure"":""stark-core"",""effective_temperature"":20000,""formal_maximum_metal_lines"":null,""formal_minimum_metal_oscillator_strength"":0.0001,""h2_he_cia_path"":null,""include_molecules"":false,""log_hydrogen_to_helium"":3,""logg"":9,""lyman_profile_source"":""allard"",""maximum_metal_charge"":4,""metal_classical_electron_stark"":false,""metal_line_supplements"":[],""mixing_length_alpha"":1.25,""neutral_broadening"":""unsold"",""photospheric_depth_concentration"":1.0,""quality"":""production"",""structure_opacity_sampling_resolution"":1000.0,""synthesis_transfer_depth_refinement"":4}",,1353ee3ae16c2c769a1aae95820589bc252996d5da8391afbd4bb51b2829c4d4,18901,dab,5550.345815007,intermediate-abundance-280,
dab-372bab446cbcdb5ef857719b,DAB,20000,9.5,-5,production,INFRASTRUCTURE_INTERRUPTION,INFRASTRUCTURE_INTERRUPTION,WORKER_CRASH_SIGSEGV,0a74fdbe06596fc145f5169a3b239ddd67053141,"{""abundances"":null,""allard_minimum_effective_temperature"":9000.0,""atmosphere_solver"":""adaptive-newton"",""balmer_self_broadening_prescription"":null,""balmer_self_broadening_truncation_closure"":""stark-core"",""effective_temperature"":20000,""formal_maximum_metal_lines"":null,""formal_minimum_metal_oscillator_strength"":0.0001,""h2_he_cia_path"":null,""include_molecules"":false,""log_hydrogen_to_helium"":-5,""logg"":9.5,""lyman_profile_source"":""allard"",""maximum_metal_charge"":4,""metal_classical_electron_stark"":false,""metal_line_supplements"":[],""mixing_length_alpha"":1.25,""neutral_broadening"":""unsold"",""photospheric_depth_concentration"":1.0,""quality"":""production"",""structure_opacity_sampling_resolution"":1000.0,""synthesis_transfer_depth_refinement"":4}",,,,,1537.9701862729999,intermediate-abundance-280,
dab-92376947882dd06a35640664,DAB,20000,9.5,-3,production,COMPLETE_NUMERICAL,COMPLETE_NUMERICAL,COMPLETE_NUMERICAL,0a74fdbe06596fc145f5169a3b239ddd67053141,"{""abundances"":null,""allard_minimum_effective_temperature"":9000.0,""atmosphere_solver"":""adaptive-newton"",""balmer_self_broadening_prescription"":null,""balmer_self_broadening_truncation_closure"":""stark-core"",""effective_temperature"":20000,""formal_maximum_metal_lines"":null,""formal_minimum_metal_oscillator_strength"":0.0001,""h2_he_cia_path"":null,""include_molecules"":false,""log_hydrogen_to_helium"":-3,""logg"":9.5,""lyman_profile_source"":""allard"",""maximum_metal_charge"":4,""metal_classical_electron_stark"":false,""metal_line_supplements"":[],""mixing_length_alpha"":1.25,""neutral_broadening"":""unsold"",""photospheric_depth_concentration"":1.0,""quality"":""production"",""structure_opacity_sampling_resolution"":1000.0,""synthesis_transfer_depth_refinement"":4}",,27b40cd66eaad94772466252db4acff0c86291d0a44bcdb6d19fe6e26b29aa5a,18901,dab,2509.3938298110006,intermediate-abundance-280,
dab-91b70ba52bf536601ac010cf,DAB,20000,9.5,-1,production,COMPLETE_NUMERICAL,COMPLETE_NUMERICAL,COMPLETE_NUMERICAL,0a74fdbe06596fc145f5169a3b239ddd67053141,"{""abundances"":null,""allard_minimum_effective_temperature"":9000.0,""atmosphere_solver"":""adaptive-newton"",""balmer_self_broadening_prescription"":null,""balmer_self_broadening_truncation_closure"":""stark-core"",""effective_temperature"":20000,""formal_maximum_metal_lines"":null,""formal_minimum_metal_oscillator_strength"":0.0001,""h2_he_cia_path"":null,""include_molecules"":false,""log_hydrogen_to_helium"":-1,""logg"":9.5,""lyman_profile_source"":""allard"",""maximum_metal_charge"":4,""metal_classical_electron_stark"":false,""metal_line_supplements"":[],""mixing_length_alpha"":1.25,""neutral_broadening"":""unsold"",""photospheric_depth_concentration"":1.0,""quality"":""production"",""structure_opacity_sampling_resolution"":1000.0,""synthesis_transfer_depth_refinement"":4}",,c5755a97141608da40881c11bbaf450a901feb9006347274e3d49b619fb3c625,18901,dab,2403.1820236550047,intermediate-abundance-280,
dab-49787a1e3f8c199308294bfe,DAB,20000,9.5,1,production,COMPLETE_NUMERICAL,COMPLETE_NUMERICAL,COMPLETE_NUMERICAL,0a74fdbe06596fc145f5169a3b239ddd67053141,"{""abundances"":null,""allard_minimum_effective_temperature"":9000.0,""atmosphere_solver"":""adaptive-newton"",""balmer_self_broadening_prescription"":null,""balmer_self_broadening_truncation_closure"":""stark-core"",""effective_temperature"":20000,""formal_maximum_metal_lines"":null,""formal_minimum_metal_oscillator_strength"":0.0001,""h2_he_cia_path"":null,""include_molecules"":false,""log_hydrogen_to_helium"":1,""logg"":9.5,""lyman_profile_source"":""allard"",""maximum_metal_charge"":4,""metal_classical_electron_stark"":false,""metal_line_supplements"":[],""mixing_length_alpha"":1.25,""neutral_broadening"":""unsold"",""photospheric_depth_concentration"":1.0,""quality"":""production"",""structure_opacity_sampling_resolution"":1000.0,""synthesis_transfer_depth_refinement"":4}",,27477f4ab1aea7717cd4e00d7d0f54d87b00bd4386997f442d4c91ba46675320,18901,dab,1711.0349349949975,intermediate-abundance-280,
dab-221c0d7283a7c0eb5d81b6dc,DAB,20000,9.5,3,production,COMPLETE_NUMERICAL,COMPLETE_NUMERICAL,COMPLETE_NUMERICAL,0a74fdbe06596fc145f5169a3b239ddd67053141,"{""abundances"":null,""allard_minimum_effective_temperature"":9000.0,""atmosphere_solver"":""adaptive-newton"",""balmer_self_broadening_prescription"":null,""balmer_self_broadening_truncation_closure"":""stark-core"",""effective_temperature"":20000,""formal_maximum_metal_lines"":null,""formal_minimum_metal_oscillator_strength"":0.0001,""h2_he_cia_path"":null,""include_molecules"":false,""log_hydrogen_to_helium"":3,""logg"":9.5,""lyman_profile_source"":""allard"",""maximum_metal_charge"":4,""metal_classical_electron_stark"":false,""metal_line_supplements"":[],""mixing_length_alpha"":1.25,""neutral_broadening"":""unsold"",""photospheric_depth_concentration"":1.0,""quality"":""production"",""structure_opacity_sampling_resolution"":1000.0,""synthesis_transfer_depth_refinement"":4}",,712bbd1a57eb40bd2e1d910afb5e36928287dfe48c8118bceadbf8a3396778bf,18901,dab,1645.0647343470046,intermediate-abundance-280,
dab-a7667dff4b7906f58a7a180c,DAB,25000,6,-5,production,COMPLETE_NUMERICAL,COMPLETE_NUMERICAL,COMPLETE_NUMERICAL,0a74fdbe06596fc145f5169a3b239ddd67053141,"{""abundances"":null,""allard_minimum_effective_temperature"":9000.0,""atmosphere_solver"":""adaptive-newton"",""balmer_self_broadening_prescription"":null,""balmer_self_broadening_truncation_closure"":""stark-core"",""effective_temperature"":25000,""formal_maximum_metal_lines"":null,""formal_minimum_metal_oscillator_strength"":0.0001,""h2_he_cia_path"":null,""include_molecules"":false,""log_hydrogen_to_helium"":-5,""logg"":6,""lyman_profile_source"":""allard"",""maximum_metal_charge"":4,""metal_classical_electron_stark"":false,""metal_line_supplements"":[],""mixing_length_alpha"":1.25,""neutral_broadening"":""unsold"",""photospheric_depth_concentration"":1.0,""quality"":""production"",""structure_opacity_sampling_resolution"":1000.0,""synthesis_transfer_depth_refinement"":4}",,042535baa69ebd307d17e1fdbb1ca0a6df4cc4a4011a2207ef1d4db46c45ead6,18901,dab,2253.147003885999,intermediate-abundance-280,
dab-ae97e7477df4ca8b6e4776cc,DAB,25000,6,-3,production,COMPLETE_NUMERICAL,COMPLETE_NUMERICAL,COMPLETE_NUMERICAL,0a74fdbe06596fc145f5169a3b239ddd67053141,"{""abundances"":null,""allard_minimum_effective_temperature"":9000.0,""atmosphere_solver"":""adaptive-newton"",""balmer_self_broadening_prescription"":null,""balmer_self_broadening_truncation_closure"":""stark-core"",""effective_temperature"":25000,""formal_maximum_metal_lines"":null,""formal_minimum_metal_oscillator_strength"":0.0001,""h2_he_cia_path"":null,""include_molecules"":false,""log_hydrogen_to_helium"":-3,""logg"":6,""lyman_profile_source"":""allard"",""maximum_metal_charge"":4,""metal_classical_electron_stark"":false,""metal_line_supplements"":[],""mixing_length_alpha"":1.25,""neutral_broadening"":""unsold"",""photospheric_depth_concentration"":1.0,""quality"":""production"",""structure_opacity_sampling_resolution"":1000.0,""synthesis_transfer_depth_refinement"":4}",,3efc044ef77ebeaf366aba0e4ed773f23c182c55a3c82869d42f84b15214f9dd,18901,dab,2350.5871622560007,intermediate-abundance-280,
dab-d5f44b6ef8c8e577d5b2858e,DAB,25000,6,-1,production,COMPLETE_NUMERICAL,COMPLETE_NUMERICAL,COMPLETE_NUMERICAL,0a74fdbe06596fc145f5169a3b239ddd67053141,"{""abundances"":null,""allard_minimum_effective_temperature"":9000.0,""atmosphere_solver"":""adaptive-newton"",""balmer_self_broadening_prescription"":null,""balmer_self_broadening_truncation_closure"":""stark-core"",""effective_temperature"":25000,""formal_maximum_metal_lines"":null,""formal_minimum_metal_oscillator_strength"":0.0001,""h2_he_cia_path"":null,""include_molecules"":false,""log_hydrogen_to_helium"":-1,""logg"":6,""lyman_profile_source"":""allard"",""maximum_metal_charge"":4,""metal_classical_electron_stark"":false,""metal_line_supplements"":[],""mixing_length_alpha"":1.25,""neutral_broadening"":""unsold"",""photospheric_depth_concentration"":1.0,""quality"":""production"",""structure_opacity_sampling_resolution"":1000.0,""synthesis_transfer_depth_refinement"":4}",,8c7fc3cb95002e9fb4b4dce6f5daaa00b3d61b9ebfbef9017a8bb32b22b9d4dd,18901,dab,2010.3562693990025,intermediate-abundance-280,
dab-2999c6cb9d604856cda1e8a2,DAB,25000,6,1,production,COMPLETE_NUMERICAL,COMPLETE_NUMERICAL,COMPLETE_NUMERICAL,0a74fdbe06596fc145f5169a3b239ddd67053141,"{""abundances"":null,""allard_minimum_effective_temperature"":9000.0,""atmosphere_solver"":""adaptive-newton"",""balmer_self_broadening_prescription"":null,""balmer_self_broadening_truncation_closure"":""stark-core"",""effective_temperature"":25000,""formal_maximum_metal_lines"":null,""formal_minimum_metal_oscillator_strength"":0.0001,""h2_he_cia_path"":null,""include_molecules"":false,""log_hydrogen_to_helium"":1,""logg"":6,""lyman_profile_source"":""allard"",""maximum_metal_charge"":4,""metal_classical_electron_stark"":false,""metal_line_supplements"":[],""mixing_length_alpha"":1.25,""neutral_broadening"":""unsold"",""photospheric_depth_concentration"":1.0,""quality"":""production"",""structure_opacity_sampling_resolution"":1000.0,""synthesis_transfer_depth_refinement"":4}",,d60c4ebaa77cf243ca29242a8c0f1914c0254b82fbcd141271e4c526c4d7fbc1,18901,dab,1683.7291681179995,intermediate-abundance-280,
dab-b96cd049f95439e545fdde1c,DAB,25000,6,3,production,COMPLETE_NUMERICAL,COMPLETE_NUMERICAL,COMPLETE_NUMERICAL,0a74fdbe06596fc145f5169a3b239ddd67053141,"{""abundances"":null,""allard_minimum_effective_temperature"":9000.0,""atmosphere_solver"":""adaptive-newton"",""balmer_self_broadening_prescription"":null,""balmer_self_broadening_truncation_closure"":""stark-core"",""effective_temperature"":25000,""formal_maximum_metal_lines"":null,""formal_minimum_metal_oscillator_strength"":0.0001,""h2_he_cia_path"":null,""include_molecules"":false,""log_hydrogen_to_helium"":3,""logg"":6,""lyman_profile_source"":""allard"",""maximum_metal_charge"":4,""metal_classical_electron_stark"":false,""metal_line_supplements"":[],""mixing_length_alpha"":1.25,""neutral_broadening"":""unsold"",""photospheric_depth_concentration"":1.0,""quality"":""production"",""structure_opacity_sampling_resolution"":1000.0,""synthesis_transfer_depth_refinement"":4}",,ea4fbbde32a2d3ab6caeb5bc73a6741a3586661cc51d7eeed9e14ebeb2b48966,18901,dab,1508.6252503880023,intermediate-abundance-280,
dab-e98f45dd98a50dbb8c042889,DAB,25000,6.5,-5,production,COMPLETE_NUMERICAL,COMPLETE_NUMERICAL,COMPLETE_NUMERICAL,0a74fdbe06596fc145f5169a3b239ddd67053141,"{""abundances"":null,""allard_minimum_effective_temperature"":9000.0,""atmosphere_solver"":""adaptive-newton"",""balmer_self_broadening_prescription"":null,""balmer_self_broadening_truncation_closure"":""stark-core"",""effective_temperature"":25000,""formal_maximum_metal_lines"":null,""formal_minimum_metal_oscillator_strength"":0.0001,""h2_he_cia_path"":null,""include_molecules"":false,""log_hydrogen_to_helium"":-5,""logg"":6.5,""lyman_profile_source"":""allard"",""maximum_metal_charge"":4,""metal_classical_electron_stark"":false,""metal_line_supplements"":[],""mixing_length_alpha"":1.25,""neutral_broadening"":""unsold"",""photospheric_depth_concentration"":1.0,""quality"":""production"",""structure_opacity_sampling_resolution"":1000.0,""synthesis_transfer_depth_refinement"":4}",,71fda4ebb1b7f89d1bb2165fb27d422544b2f1aee39dccd9ebc7696c944191c4,18901,dab,1746.2675523409998,intermediate-abundance-280,
dab-7dd8ebc97880988946c9b545,DAB,25000,6.5,-3,production,COMPLETE_NUMERICAL,COMPLETE_NUMERICAL,COMPLETE_NUMERICAL,0a74fdbe06596fc145f5169a3b239ddd67053141,"{""abundances"":null,""allard_minimum_effective_temperature"":9000.0,""atmosphere_solver"":""adaptive-newton"",""balmer_self_broadening_prescription"":null,""balmer_self_broadening_truncation_closure"":""stark-core"",""effective_temperature"":25000,""formal_maximum_metal_lines"":null,""formal_minimum_metal_oscillator_strength"":0.0001,""h2_he_cia_path"":null,""include_molecules"":false,""log_hydrogen_to_helium"":-3,""logg"":6.5,""lyman_profile_source"":""allard"",""maximum_metal_charge"":4,""metal_classical_electron_stark"":false,""metal_line_supplements"":[],""mixing_length_alpha"":1.25,""neutral_broadening"":""unsold"",""photospheric_depth_concentration"":1.0,""quality"":""production"",""structure_opacity_sampling_resolution"":1000.0,""synthesis_transfer_depth_refinement"":4}",,fd8ed6b6caae550db7be4f03ae4ce09f83e78b0ab5887afb619b55de7ae204ce,18901,dab,2227.6666149059965,intermediate-abundance-280,
dab-2a887f18b5d21847cc4c20c8,DAB,25000,6.5,-1,production,COMPLETE_NUMERICAL,COMPLETE_NUMERICAL,COMPLETE_NUMERICAL,0a74fdbe06596fc145f5169a3b239ddd67053141,"{""abundances"":null,""allard_minimum_effective_temperature"":9000.0,""atmosphere_solver"":""adaptive-newton"",""balmer_self_broadening_prescription"":null,""balmer_self_broadening_truncation_closure"":""stark-core"",""effective_temperature"":25000,""formal_maximum_metal_lines"":null,""formal_minimum_metal_oscillator_strength"":0.0001,""h2_he_cia_path"":null,""include_molecules"":false,""log_hydrogen_to_helium"":-1,""logg"":6.5,""lyman_profile_source"":""allard"",""maximum_metal_charge"":4,""metal_classical_electron_stark"":false,""metal_line_supplements"":[],""mixing_length_alpha"":1.25,""neutral_broadening"":""unsold"",""photospheric_depth_concentration"":1.0,""quality"":""production"",""structure_opacity_sampling_resolution"":1000.0,""synthesis_transfer_depth_refinement"":4}",,8525e81999040d0c7eaf71940ef5a6b4d26ee95149d78e488e274f7db3e8bede,18901,dab,1916.5903021949998,intermediate-abundance-280,
dab-3afef5440f20e1698bc6d610,DAB,25000,6.5,1,production,COMPLETE_NUMERICAL,COMPLETE_NUMERICAL,COMPLETE_NUMERICAL,0a74fdbe06596fc145f5169a3b239ddd67053141,"{""abundances"":null,""allard_minimum_effective_temperature"":9000.0,""atmosphere_solver"":""adaptive-newton"",""balmer_self_broadening_prescription"":null,""balmer_self_broadening_truncation_closure"":""stark-core"",""effective_temperature"":25000,""formal_maximum_metal_lines"":null,""formal_minimum_metal_oscillator_strength"":0.0001,""h2_he_cia_path"":null,""include_molecules"":false,""log_hydrogen_to_helium"":1,""logg"":6.5,""lyman_profile_source"":""allard"",""maximum_metal_charge"":4,""metal_classical_electron_stark"":false,""metal_line_supplements"":[],""mixing_length_alpha"":1.25,""neutral_broadening"":""unsold"",""photospheric_depth_concentration"":1.0,""quality"":""production"",""structure_opacity_sampling_resolution"":1000.0,""synthesis_transfer_depth_refinement"":4}",,683bd5134dd703dd9e7ce2ecc983fc8fef2c74732f3b1da9c6d5f079e50158ab,18901,dab,1309.532695386999,intermediate-abundance-280,
dab-e692a13fdcbf12657ab42671,DAB,25000,6.5,3,production,COMPLETE_NUMERICAL,COMPLETE_NUMERICAL,COMPLETE_NUMERICAL,0a74fdbe06596fc145f5169a3b239ddd67053141,"{""abundances"":null,""allard_minimum_effective_temperature"":9000.0,""atmosphere_solver"":""adaptive-newton"",""balmer_self_broadening_prescription"":null,""balmer_self_broadening_truncation_closure"":""stark-core"",""effective_temperature"":25000,""formal_maximum_metal_lines"":null,""formal_minimum_metal_oscillator_strength"":0.0001,""h2_he_cia_path"":null,""include_molecules"":false,""log_hydrogen_to_helium"":3,""logg"":6.5,""lyman_profile_source"":""allard"",""maximum_metal_charge"":4,""metal_classical_electron_stark"":false,""metal_line_supplements"":[],""mixing_length_alpha"":1.25,""neutral_broadening"":""unsold"",""photospheric_depth_concentration"":1.0,""quality"":""production"",""structure_opacity_sampling_resolution"":1000.0,""synthesis_transfer_depth_refinement"":4}",,452bb004e3ecc355971fc0792b5256365a105732a47c5484e07f84782c5da7b0,18901,dab,1255.8611041240001,intermediate-abundance-280,
dab-c3658de18b6d9a8b9b0214fb,DAB,25000,7,-5,production,COMPLETE_NUMERICAL,COMPLETE_NUMERICAL,COMPLETE_NUMERICAL,0a74fdbe06596fc145f5169a3b239ddd67053141,"{""abundances"":null,""allard_minimum_effective_temperature"":9000.0,""atmosphere_solver"":""adaptive-newton"",""balmer_self_broadening_prescription"":null,""balmer_self_broadening_truncation_closure"":""stark-core"",""effective_temperature"":25000,""formal_maximum_metal_lines"":null,""formal_minimum_metal_oscillator_strength"":0.0001,""h2_he_cia_path"":null,""include_molecules"":false,""log_hydrogen_to_helium"":-5,""logg"":7,""lyman_profile_source"":""allard"",""maximum_metal_charge"":4,""metal_classical_electron_stark"":false,""metal_line_supplements"":[],""mixing_length_alpha"":1.25,""neutral_broadening"":""unsold"",""photospheric_depth_concentration"":1.0,""quality"":""production"",""structure_opacity_sampling_resolution"":1000.0,""synthesis_transfer_depth_refinement"":4}",,8d99abe3286f4536b80dbfb2f7be853ebc723d9e9e08ed2cb25d659c15d309fa,18901,dab,5076.3885141790015,intermediate-abundance-280,
dab-14dfd87727077759edca05b9,DAB,25000,7,-3,production,COMPLETE_NUMERICAL,COMPLETE_NUMERICAL,COMPLETE_NUMERICAL,0a74fdbe06596fc145f5169a3b239ddd67053141,"{""abundances"":null,""allard_minimum_effective_temperature"":9000.0,""atmosphere_solver"":""adaptive-newton"",""balmer_self_broadening_prescription"":null,""balmer_self_broadening_truncation_closure"":""stark-core"",""effective_temperature"":25000,""formal_maximum_metal_lines"":null,""formal_minimum_metal_oscillator_strength"":0.0001,""h2_he_cia_path"":null,""include_molecules"":false,""log_hydrogen_to_helium"":-3,""logg"":7,""lyman_profile_source"":""allard"",""maximum_metal_charge"":4,""metal_classical_electron_stark"":false,""metal_line_supplements"":[],""mixing_length_alpha"":1.25,""neutral_broadening"":""unsold"",""photospheric_depth_concentration"":1.0,""quality"":""production"",""structure_opacity_sampling_resolution"":1000.0,""synthesis_transfer_depth_refinement"":4}",,f48712cf0407c0ecfd6b7ae3d25236b77384ee4781daf01c0bbe16da70846b96,18901,dab,1900.6350231679971,intermediate-abundance-280,
dab-8bdd7e9a6ec0376e36c700b6,DAB,25000,7,-1,production,COMPLETE_NUMERICAL,COMPLETE_NUMERICAL,COMPLETE_NUMERICAL,0a74fdbe06596fc145f5169a3b239ddd67053141,"{""abundances"":null,""allard_minimum_effective_temperature"":9000.0,""atmosphere_solver"":""adaptive-newton"",""balmer_self_broadening_prescription"":null,""balmer_self_broadening_truncation_closure"":""stark-core"",""effective_temperature"":25000,""formal_maximum_metal_lines"":null,""formal_minimum_metal_oscillator_strength"":0.0001,""h2_he_cia_path"":null,""include_molecules"":false,""log_hydrogen_to_helium"":-1,""logg"":7,""lyman_profile_source"":""allard"",""maximum_metal_charge"":4,""metal_classical_electron_stark"":false,""metal_line_supplements"":[],""mixing_length_alpha"":1.25,""neutral_broadening"":""unsold"",""photospheric_depth_concentration"":1.0,""quality"":""production"",""structure_opacity_sampling_resolution"":1000.0,""synthesis_transfer_depth_refinement"":4}",,3695a47c8f66f2d6f48895597a70ca04df0b91a7d78d4c4002174f40ce1ab346,18901,dab,2072.0633926309965,intermediate-abundance-280,
dab-809ab82f57db68e978441688,DAB,25000,7,1,production,COMPLETE_NUMERICAL,COMPLETE_NUMERICAL,COMPLETE_NUMERICAL,0a74fdbe06596fc145f5169a3b239ddd67053141,"{""abundances"":null,""allard_minimum_effective_temperature"":9000.0,""atmosphere_solver"":""adaptive-newton"",""balmer_self_broadening_prescription"":null,""balmer_self_broadening_truncation_closure"":""stark-core"",""effective_temperature"":25000,""formal_maximum_metal_lines"":null,""formal_minimum_metal_oscillator_strength"":0.0001,""h2_he_cia_path"":null,""include_molecules"":false,""log_hydrogen_to_helium"":1,""logg"":7,""lyman_profile_source"":""allard"",""maximum_metal_charge"":4,""metal_classical_electron_stark"":false,""metal_line_supplements"":[],""mixing_length_alpha"":1.25,""neutral_broadening"":""unsold"",""photospheric_depth_concentration"":1.0,""quality"":""production"",""structure_opacity_sampling_resolution"":1000.0,""synthesis_transfer_depth_refinement"":4}",,4b62ff52fac00d379edd656b988c268ae9262f1625e0312e222bfc761ff21a2d,18901,dab,1414.9096580999976,intermediate-abundance-280,
dab-10d9d73eca69f5a0c4a1faf9,DAB,25000,7,3,production,COMPLETE_NUMERICAL,COMPLETE_NUMERICAL,COMPLETE_NUMERICAL,0a74fdbe06596fc145f5169a3b239ddd67053141,"{""abundances"":null,""allard_minimum_effective_temperature"":9000.0,""atmosphere_solver"":""adaptive-newton"",""balmer_self_broadening_prescription"":null,""balmer_self_broadening_truncation_closure"":""stark-core"",""effective_temperature"":25000,""formal_maximum_metal_lines"":null,""formal_minimum_metal_oscillator_strength"":0.0001,""h2_he_cia_path"":null,""include_molecules"":false,""log_hydrogen_to_helium"":3,""logg"":7,""lyman_profile_source"":""allard"",""maximum_metal_charge"":4,""metal_classical_electron_stark"":false,""metal_line_supplements"":[],""mixing_length_alpha"":1.25,""neutral_broadening"":""unsold"",""photospheric_depth_concentration"":1.0,""quality"":""production"",""structure_opacity_sampling_resolution"":1000.0,""synthesis_transfer_depth_refinement"":4}",,99a953210bf8e0e6e42457ebf219860444d43c22abdb859a23826b4fc67e3403,18901,dab,1036.1511827729992,intermediate-abundance-280,
dab-af02dc4b917cad88eb00046c,DAB,25000,7.5,-5,production,COMPLETE_NUMERICAL,COMPLETE_NUMERICAL,COMPLETE_NUMERICAL,0a74fdbe06596fc145f5169a3b239ddd67053141,"{""abundances"":null,""allard_minimum_effective_temperature"":9000.0,""atmosphere_solver"":""adaptive-newton"",""balmer_self_broadening_prescription"":null,""balmer_self_broadening_truncation_closure"":""stark-core"",""effective_temperature"":25000,""formal_maximum_metal_lines"":null,""formal_minimum_metal_oscillator_strength"":0.0001,""h2_he_cia_path"":null,""include_molecules"":false,""log_hydrogen_to_helium"":-5,""logg"":7.5,""lyman_profile_source"":""allard"",""maximum_metal_charge"":4,""metal_classical_electron_stark"":false,""metal_line_supplements"":[],""mixing_length_alpha"":1.25,""neutral_broadening"":""unsold"",""photospheric_depth_concentration"":1.0,""quality"":""production"",""structure_opacity_sampling_resolution"":1000.0,""synthesis_transfer_depth_refinement"":4}",,5156888c5fc0b5d72974f05070c06f13bc928983544f2da5551dcb5c0fbde61c,18901,dab,2015.0007342299941,intermediate-abundance-280,
dab-10ddd6ec5b9c65eb8104423c,DAB,25000,7.5,-3,production,COMPLETE_NUMERICAL,COMPLETE_NUMERICAL,COMPLETE_NUMERICAL,0a74fdbe06596fc145f5169a3b239ddd67053141,"{""abundances"":null,""allard_minimum_effective_temperature"":9000.0,""atmosphere_solver"":""adaptive-newton"",""balmer_self_broadening_prescription"":null,""balmer_self_broadening_truncation_closure"":""stark-core"",""effective_temperature"":25000,""formal_maximum_metal_lines"":null,""formal_minimum_metal_oscillator_strength"":0.0001,""h2_he_cia_path"":null,""include_molecules"":false,""log_hydrogen_to_helium"":-3,""logg"":7.5,""lyman_profile_source"":""allard"",""maximum_metal_charge"":4,""metal_classical_electron_stark"":false,""metal_line_supplements"":[],""mixing_length_alpha"":1.25,""neutral_broadening"":""unsold"",""photospheric_depth_concentration"":1.0,""quality"":""production"",""structure_opacity_sampling_resolution"":1000.0,""synthesis_transfer_depth_refinement"":4}",,588456e20029a8941e57ec579ad4b06fdbb196064baecc58ff376a81c124ee36,18901,dab,1653.004103870997,intermediate-abundance-280,
dab-f2eb621b6a3863314c5ca1ea,DAB,25000,7.5,-1,production,COMPLETE_NUMERICAL,COMPLETE_NUMERICAL,COMPLETE_NUMERICAL,0a74fdbe06596fc145f5169a3b239ddd67053141,"{""abundances"":null,""allard_minimum_effective_temperature"":9000.0,""atmosphere_solver"":""adaptive-newton"",""balmer_self_broadening_prescription"":null,""balmer_self_broadening_truncation_closure"":""stark-core"",""effective_temperature"":25000,""formal_maximum_metal_lines"":null,""formal_minimum_metal_oscillator_strength"":0.0001,""h2_he_cia_path"":null,""include_molecules"":false,""log_hydrogen_to_helium"":-1,""logg"":7.5,""lyman_profile_source"":""allard"",""maximum_metal_charge"":4,""metal_classical_electron_stark"":false,""metal_line_supplements"":[],""mixing_length_alpha"":1.25,""neutral_broadening"":""unsold"",""photospheric_depth_concentration"":1.0,""quality"":""production"",""structure_opacity_sampling_resolution"":1000.0,""synthesis_transfer_depth_refinement"":4}",,1b808ec9d5bea35f2e7b7a71c598ebc969e7c9b956871349e85855142bc184c1,18901,dab,2133.7756147010004,intermediate-abundance-280,
dab-b16e07c4e4ac8eff16e6d305,DAB,25000,7.5,1,production,COMPLETE_NUMERICAL,COMPLETE_NUMERICAL,COMPLETE_NUMERICAL,0a74fdbe06596fc145f5169a3b239ddd67053141,"{""abundances"":null,""allard_minimum_effective_temperature"":9000.0,""atmosphere_solver"":""adaptive-newton"",""balmer_self_broadening_prescription"":null,""balmer_self_broadening_truncation_closure"":""stark-core"",""effective_temperature"":25000,""formal_maximum_metal_lines"":null,""formal_minimum_metal_oscillator_strength"":0.0001,""h2_he_cia_path"":null,""include_molecules"":false,""log_hydrogen_to_helium"":1,""logg"":7.5,""lyman_profile_source"":""allard"",""maximum_metal_charge"":4,""metal_classical_electron_stark"":false,""metal_line_supplements"":[],""mixing_length_alpha"":1.25,""neutral_broadening"":""unsold"",""photospheric_depth_concentration"":1.0,""quality"":""production"",""structure_opacity_sampling_resolution"":1000.0,""synthesis_transfer_depth_refinement"":4}",,5d89f82c82ad55153502b4a7dfc6fa74e3e511e898a61d39faca81898f486eb3,18901,dab,2083.9667854940053,intermediate-abundance-280,
dab-b6c37b507ed5cd3e36d91af1,DAB,25000,7.5,3,production,COMPLETE_NUMERICAL,COMPLETE_NUMERICAL,COMPLETE_NUMERICAL,0a74fdbe06596fc145f5169a3b239ddd67053141,"{""abundances"":null,""allard_minimum_effective_temperature"":9000.0,""atmosphere_solver"":""adaptive-newton"",""balmer_self_broadening_prescription"":null,""balmer_self_broadening_truncation_closure"":""stark-core"",""effective_temperature"":25000,""formal_maximum_metal_lines"":null,""formal_minimum_metal_oscillator_strength"":0.0001,""h2_he_cia_path"":null,""include_molecules"":false,""log_hydrogen_to_helium"":3,""logg"":7.5,""lyman_profile_source"":""allard"",""maximum_metal_charge"":4,""metal_classical_electron_stark"":false,""metal_line_supplements"":[],""mixing_length_alpha"":1.25,""neutral_broadening"":""unsold"",""photospheric_depth_concentration"":1.0,""quality"":""production"",""structure_opacity_sampling_resolution"":1000.0,""synthesis_transfer_depth_refinement"":4}",,a04d39aed8cdf2329809376e03c059528ed3347a7923634e13347cabf8fb0fe0,18901,dab,1027.165231482999,intermediate-abundance-280,
dab-6858f8dbbdaf0118c4238718,DAB,25000,8,-5,production,COMPLETE_NUMERICAL,COMPLETE_NUMERICAL,COMPLETE_NUMERICAL,0a74fdbe06596fc145f5169a3b239ddd67053141,"{""abundances"":null,""allard_minimum_effective_temperature"":9000.0,""atmosphere_solver"":""adaptive-newton"",""balmer_self_broadening_prescription"":null,""balmer_self_broadening_truncation_closure"":""stark-core"",""effective_temperature"":25000,""formal_maximum_metal_lines"":null,""formal_minimum_metal_oscillator_strength"":0.0001,""h2_he_cia_path"":null,""include_molecules"":false,""log_hydrogen_to_helium"":-5,""logg"":8,""lyman_profile_source"":""allard"",""maximum_metal_charge"":4,""metal_classical_electron_stark"":false,""metal_line_supplements"":[],""mixing_length_alpha"":1.25,""neutral_broadening"":""unsold"",""photospheric_depth_concentration"":1.0,""quality"":""production"",""structure_opacity_sampling_resolution"":1000.0,""synthesis_transfer_depth_refinement"":4}",,0327fdb746bdfdedaf0246680464576bc280a5834bf4a5ab9a05957169126a27,18901,dab,2150.607842646001,intermediate-abundance-280,
dab-22ffa7f9fe5bcb7b2912e89c,DAB,25000,8,-3,production,COMPLETE_NUMERICAL,COMPLETE_NUMERICAL,COMPLETE_NUMERICAL,0a74fdbe06596fc145f5169a3b239ddd67053141,"{""abundances"":null,""allard_minimum_effective_temperature"":9000.0,""atmosphere_solver"":""adaptive-newton"",""balmer_self_broadening_prescription"":null,""balmer_self_broadening_truncation_closure"":""stark-core"",""effective_temperature"":25000,""formal_maximum_metal_lines"":null,""formal_minimum_metal_oscillator_strength"":0.0001,""h2_he_cia_path"":null,""include_molecules"":false,""log_hydrogen_to_helium"":-3,""logg"":8,""lyman_profile_source"":""allard"",""maximum_metal_charge"":4,""metal_classical_electron_stark"":false,""metal_line_supplements"":[],""mixing_length_alpha"":1.25,""neutral_broadening"":""unsold"",""photospheric_depth_concentration"":1.0,""quality"":""production"",""structure_opacity_sampling_resolution"":1000.0,""synthesis_transfer_depth_refinement"":4}",,0f69ab07e9a4caf793c21ae8b54eada877e12233c48e3b995edd6abd81ca8ee1,18901,dab,4553.443992888002,intermediate-abundance-280,
dab-4c80180bff9b7f28b2ee534f,DAB,25000,8,-1,production,COMPLETE_NUMERICAL,COMPLETE_NUMERICAL,COMPLETE_NUMERICAL,0a74fdbe06596fc145f5169a3b239ddd67053141,"{""abundances"":null,""allard_minimum_effective_temperature"":9000.0,""atmosphere_solver"":""adaptive-newton"",""balmer_self_broadening_prescription"":null,""balmer_self_broadening_truncation_closure"":""stark-core"",""effective_temperature"":25000,""formal_maximum_metal_lines"":null,""formal_minimum_metal_oscillator_strength"":0.0001,""h2_he_cia_path"":null,""include_molecules"":false,""log_hydrogen_to_helium"":-1,""logg"":8,""lyman_profile_source"":""allard"",""maximum_metal_charge"":4,""metal_classical_electron_stark"":false,""metal_line_supplements"":[],""mixing_length_alpha"":1.25,""neutral_broadening"":""unsold"",""photospheric_depth_concentration"":1.0,""quality"":""production"",""structure_opacity_sampling_resolution"":1000.0,""synthesis_transfer_depth_refinement"":4}",,e026ff588658470d26e2400d1f539bb767dc1fd8a1bc2069d6836a0df0e1beac,18901,dab,1998.5359217980003,intermediate-abundance-280,
dab-721227940e713f1ece06a127,DAB,25000,8,1,production,COMPLETE_NUMERICAL,COMPLETE_NUMERICAL,COMPLETE_NUMERICAL,0a74fdbe06596fc145f5169a3b239ddd67053141,"{""abundances"":null,""allard_minimum_effective_temperature"":9000.0,""atmosphere_solver"":""adaptive-newton"",""balmer_self_broadening_prescription"":null,""balmer_self_broadening_truncation_closure"":""stark-core"",""effective_temperature"":25000,""formal_maximum_metal_lines"":null,""formal_minimum_metal_oscillator_strength"":0.0001,""h2_he_cia_path"":null,""include_molecules"":false,""log_hydrogen_to_helium"":1,""logg"":8,""lyman_profile_source"":""allard"",""maximum_metal_charge"":4,""metal_classical_electron_stark"":false,""metal_line_supplements"":[],""mixing_length_alpha"":1.25,""neutral_broadening"":""unsold"",""photospheric_depth_concentration"":1.0,""quality"":""production"",""structure_opacity_sampling_resolution"":1000.0,""synthesis_transfer_depth_refinement"":4}",,ed30b4ba14de7583277614919b637257b227ca152c10cd99bbfc625bb182f0c9,18901,dab,2181.463491180999,intermediate-abundance-280,
dab-e88e50dcfd2f4c3b3c03d55d,DAB,25000,8,3,production,COMPLETE_NUMERICAL,COMPLETE_NUMERICAL,COMPLETE_NUMERICAL,0a74fdbe06596fc145f5169a3b239ddd67053141,"{""abundances"":null,""allard_minimum_effective_temperature"":9000.0,""atmosphere_solver"":""adaptive-newton"",""balmer_self_broadening_prescription"":null,""balmer_self_broadening_truncation_closure"":""stark-core"",""effective_temperature"":25000,""formal_maximum_metal_lines"":null,""formal_minimum_metal_oscillator_strength"":0.0001,""h2_he_cia_path"":null,""include_molecules"":false,""log_hydrogen_to_helium"":3,""logg"":8,""lyman_profile_source"":""allard"",""maximum_metal_charge"":4,""metal_classical_electron_stark"":false,""metal_line_supplements"":[],""mixing_length_alpha"":1.25,""neutral_broadening"":""unsold"",""photospheric_depth_concentration"":1.0,""quality"":""production"",""structure_opacity_sampling_resolution"":1000.0,""synthesis_transfer_depth_refinement"":4}",,d1157947ed6370adce1e49e44fd1cfd1af66aa0119dcc96a5af656c73d182a75,18901,dab,1076.4921415319986,intermediate-abundance-280,
dab-847a06819d824d4bbc597c79,DAB,25000,8.5,-5,production,COMPLETE_NUMERICAL,COMPLETE_NUMERICAL,COMPLETE_NUMERICAL,0a74fdbe06596fc145f5169a3b239ddd67053141,"{""abundances"":null,""allard_minimum_effective_temperature"":9000.0,""atmosphere_solver"":""adaptive-newton"",""balmer_self_broadening_prescription"":null,""balmer_self_broadening_truncation_closure"":""stark-core"",""effective_temperature"":25000,""formal_maximum_metal_lines"":null,""formal_minimum_metal_oscillator_strength"":0.0001,""h2_he_cia_path"":null,""include_molecules"":false,""log_hydrogen_to_helium"":-5,""logg"":8.5,""lyman_profile_source"":""allard"",""maximum_metal_charge"":4,""metal_classical_electron_stark"":false,""metal_line_supplements"":[],""mixing_length_alpha"":1.25,""neutral_broadening"":""unsold"",""photospheric_depth_concentration"":1.0,""quality"":""production"",""structure_opacity_sampling_resolution"":1000.0,""synthesis_transfer_depth_refinement"":4}",,640fa30cf2a95a7227501470f20e200017895cc3db156d444c303e7cd7ec26fe,18901,dab,4430.517801359005,intermediate-abundance-280,
dab-1894960d21dc795a0aa0c3a4,DAB,25000,8.5,-3,production,COMPLETE_NUMERICAL,COMPLETE_NUMERICAL,COMPLETE_NUMERICAL,0a74fdbe06596fc145f5169a3b239ddd67053141,"{""abundances"":null,""allard_minimum_effective_temperature"":9000.0,""atmosphere_solver"":""adaptive-newton"",""balmer_self_broadening_prescription"":null,""balmer_self_broadening_truncation_closure"":""stark-core"",""effective_temperature"":25000,""formal_maximum_metal_lines"":null,""formal_minimum_metal_oscillator_strength"":0.0001,""h2_he_cia_path"":null,""include_molecules"":false,""log_hydrogen_to_helium"":-3,""logg"":8.5,""lyman_profile_source"":""allard"",""maximum_metal_charge"":4,""metal_classical_electron_stark"":false,""metal_line_supplements"":[],""mixing_length_alpha"":1.25,""neutral_broadening"":""unsold"",""photospheric_depth_concentration"":1.0,""quality"":""production"",""structure_opacity_sampling_resolution"":1000.0,""synthesis_transfer_depth_refinement"":4}",,71687b050d3f6299ab6972ca823a558a718e90c39b000a64377bcbdb646afaf2,18901,dab,4399.874864386002,intermediate-abundance-280,
dab-e0ef447702c09349a7429c41,DAB,25000,8.5,-1,production,TIMEOUT,TIMEOUT,TIMEOUT,0a74fdbe06596fc145f5169a3b239ddd67053141,"{""abundances"":null,""allard_minimum_effective_temperature"":9000.0,""atmosphere_solver"":""adaptive-newton"",""balmer_self_broadening_prescription"":null,""balmer_self_broadening_truncation_closure"":""stark-core"",""effective_temperature"":25000,""formal_maximum_metal_lines"":null,""formal_minimum_metal_oscillator_strength"":0.0001,""h2_he_cia_path"":null,""include_molecules"":false,""log_hydrogen_to_helium"":-1,""logg"":8.5,""lyman_profile_source"":""allard"",""maximum_metal_charge"":4,""metal_classical_electron_stark"":false,""metal_line_supplements"":[],""mixing_length_alpha"":1.25,""neutral_broadening"":""unsold"",""photospheric_depth_concentration"":1.0,""quality"":""production"",""structure_opacity_sampling_resolution"":1000.0,""synthesis_transfer_depth_refinement"":4}",,,,,4215.4948887380015,intermediate-abundance-280,
dab-88a5a859181b1dcad376b485,DAB,25000,8.5,1,production,COMPLETE_NUMERICAL,COMPLETE_NUMERICAL,COMPLETE_NUMERICAL,0a74fdbe06596fc145f5169a3b239ddd67053141,"{""abundances"":null,""allard_minimum_effective_temperature"":9000.0,""atmosphere_solver"":""adaptive-newton"",""balmer_self_broadening_prescription"":null,""balmer_self_broadening_truncation_closure"":""stark-core"",""effective_temperature"":25000,""formal_maximum_metal_lines"":null,""formal_minimum_metal_oscillator_strength"":0.0001,""h2_he_cia_path"":null,""include_molecules"":false,""log_hydrogen_to_helium"":1,""logg"":8.5,""lyman_profile_source"":""allard"",""maximum_metal_charge"":4,""metal_classical_electron_stark"":false,""metal_line_supplements"":[],""mixing_length_alpha"":1.25,""neutral_broadening"":""unsold"",""photospheric_depth_concentration"":1.0,""quality"":""production"",""structure_opacity_sampling_resolution"":1000.0,""synthesis_transfer_depth_refinement"":4}",,73e18b84cfaf45d07cee66615866fb3ae31a0773952dfe72419d1cebba845763,18901,dab,2273.7229775809974,intermediate-abundance-280,
dab-d49ce10ef9770e2d64b4fd70,DAB,25000,8.5,3,production,COMPLETE_NUMERICAL,COMPLETE_NUMERICAL,COMPLETE_NUMERICAL,0a74fdbe06596fc145f5169a3b239ddd67053141,"{""abundances"":null,""allard_minimum_effective_temperature"":9000.0,""atmosphere_solver"":""adaptive-newton"",""balmer_self_broadening_prescription"":null,""balmer_self_broadening_truncation_closure"":""stark-core"",""effective_temperature"":25000,""formal_maximum_metal_lines"":null,""formal_minimum_metal_oscillator_strength"":0.0001,""h2_he_cia_path"":null,""include_molecules"":false,""log_hydrogen_to_helium"":3,""logg"":8.5,""lyman_profile_source"":""allard"",""maximum_metal_charge"":4,""metal_classical_electron_stark"":false,""metal_line_supplements"":[],""mixing_length_alpha"":1.25,""neutral_broadening"":""unsold"",""photospheric_depth_concentration"":1.0,""quality"":""production"",""structure_opacity_sampling_resolution"":1000.0,""synthesis_transfer_depth_refinement"":4}",,13760f8924bd76ad581903c0c11cd17a6117889dc0abdb8e285058e0a1fd38ec,18901,dab,1281.526402907999,intermediate-abundance-280,
dab-748d8e2544143a859c6dc150,DAB,25000,9,-5,production,COMPLETE_NUMERICAL,COMPLETE_NUMERICAL,COMPLETE_NUMERICAL,0a74fdbe06596fc145f5169a3b239ddd67053141,"{""abundances"":null,""allard_minimum_effective_temperature"":9000.0,""atmosphere_solver"":""adaptive-newton"",""balmer_self_broadening_prescription"":null,""balmer_self_broadening_truncation_closure"":""stark-core"",""effective_temperature"":25000,""formal_maximum_metal_lines"":null,""formal_minimum_metal_oscillator_strength"":0.0001,""h2_he_cia_path"":null,""include_molecules"":false,""log_hydrogen_to_helium"":-5,""logg"":9,""lyman_profile_source"":""allard"",""maximum_metal_charge"":4,""metal_classical_electron_stark"":false,""metal_line_supplements"":[],""mixing_length_alpha"":1.25,""neutral_broadening"":""unsold"",""photospheric_depth_concentration"":1.0,""quality"":""production"",""structure_opacity_sampling_resolution"":1000.0,""synthesis_transfer_depth_refinement"":4}",,a1ece34662b8a37a2c7420912ad231b51c88d0881960b9b129b698c68ddda8d5,18901,dab,3155.3848956750007,intermediate-abundance-280,
dab-ff08e1a5a24c2fc5641ea290,DAB,25000,9,-3,production,COMPLETE_NUMERICAL,COMPLETE_NUMERICAL,COMPLETE_NUMERICAL,0a74fdbe06596fc145f5169a3b239ddd67053141,"{""abundances"":null,""allard_minimum_effective_temperature"":9000.0,""atmosphere_solver"":""adaptive-newton"",""balmer_self_broadening_prescription"":null,""balmer_self_broadening_truncation_closure"":""stark-core"",""effective_temperature"":25000,""formal_maximum_metal_lines"":null,""formal_minimum_metal_oscillator_strength"":0.0001,""h2_he_cia_path"":null,""include_molecules"":false,""log_hydrogen_to_helium"":-3,""logg"":9,""lyman_profile_source"":""allard"",""maximum_metal_charge"":4,""metal_classical_electron_stark"":false,""metal_line_supplements"":[],""mixing_length_alpha"":1.25,""neutral_broadening"":""unsold"",""photospheric_depth_concentration"":1.0,""quality"":""production"",""structure_opacity_sampling_resolution"":1000.0,""synthesis_transfer_depth_refinement"":4}",,e831c5afc6b45df757523fac49e63c839339e72989b5563975f9b7d8c1ab3b6c,18901,dab,3098.8493618259963,intermediate-abundance-280,
dab-2444f1a1d763763c61d6fe3c,DAB,25000,9,-1,production,COMPLETE_NUMERICAL,COMPLETE_NUMERICAL,COMPLETE_NUMERICAL,0a74fdbe06596fc145f5169a3b239ddd67053141,"{""abundances"":null,""allard_minimum_effective_temperature"":9000.0,""atmosphere_solver"":""adaptive-newton"",""balmer_self_broadening_prescription"":null,""balmer_self_broadening_truncation_closure"":""stark-core"",""effective_temperature"":25000,""formal_maximum_metal_lines"":null,""formal_minimum_metal_oscillator_strength"":0.0001,""h2_he_cia_path"":null,""include_molecules"":false,""log_hydrogen_to_helium"":-1,""logg"":9,""lyman_profile_source"":""allard"",""maximum_metal_charge"":4,""metal_classical_electron_stark"":false,""metal_line_supplements"":[],""mixing_length_alpha"":1.25,""neutral_broadening"":""unsold"",""photospheric_depth_concentration"":1.0,""quality"":""production"",""structure_opacity_sampling_resolution"":1000.0,""synthesis_transfer_depth_refinement"":4}",,a7d56f2be817e240e43475ff49fc4c215d1cdce627ecb5621a3e36eea0a018e2,18901,dab,4394.1260977799975,intermediate-abundance-280,
dab-387e6654fb5d70e864d774c2,DAB,25000,9,1,production,COMPLETE_NUMERICAL,COMPLETE_NUMERICAL,COMPLETE_NUMERICAL,0a74fdbe06596fc145f5169a3b239ddd67053141,"{""abundances"":null,""allard_minimum_effective_temperature"":9000.0,""atmosphere_solver"":""adaptive-newton"",""balmer_self_broadening_prescription"":null,""balmer_self_broadening_truncation_closure"":""stark-core"",""effective_temperature"":25000,""formal_maximum_metal_lines"":null,""formal_minimum_metal_oscillator_strength"":0.0001,""h2_he_cia_path"":null,""include_molecules"":false,""log_hydrogen_to_helium"":1,""logg"":9,""lyman_profile_source"":""allard"",""maximum_metal_charge"":4,""metal_classical_electron_stark"":false,""metal_line_supplements"":[],""mixing_length_alpha"":1.25,""neutral_broadening"":""unsold"",""photospheric_depth_concentration"":1.0,""quality"":""production"",""structure_opacity_sampling_resolution"":1000.0,""synthesis_transfer_depth_refinement"":4}",,b80e59db7eeeea81ff306f9dadc23b3d0ebbf6afa0ddaafa36778d565f4e2a0f,18901,dab,2079.1486296469957,intermediate-abundance-280,
dab-588adc1b3e012174e5224825,DAB,25000,9,3,production,COMPLETE_NUMERICAL,COMPLETE_NUMERICAL,COMPLETE_NUMERICAL,0a74fdbe06596fc145f5169a3b239ddd67053141,"{""abundances"":null,""allard_minimum_effective_temperature"":9000.0,""atmosphere_solver"":""adaptive-newton"",""balmer_self_broadening_prescription"":null,""balmer_self_broadening_truncation_closure"":""stark-core"",""effective_temperature"":25000,""formal_maximum_metal_lines"":null,""formal_minimum_metal_oscillator_strength"":0.0001,""h2_he_cia_path"":null,""include_molecules"":false,""log_hydrogen_to_helium"":3,""logg"":9,""lyman_profile_source"":""allard"",""maximum_metal_charge"":4,""metal_classical_electron_stark"":false,""metal_line_supplements"":[],""mixing_length_alpha"":1.25,""neutral_broadening"":""unsold"",""photospheric_depth_concentration"":1.0,""quality"":""production"",""structure_opacity_sampling_resolution"":1000.0,""synthesis_transfer_depth_refinement"":4}",,4d5f66ff83cb830324063051b2425a64cc7d32ca15e21623cc4030ba2ece0c20,18901,dab,1511.5834107819974,intermediate-abundance-280,
dab-42d3b9a8e764de0d3e67a017,DAB,25000,9.5,-5,production,COMPLETE_NUMERICAL,COMPLETE_NUMERICAL,COMPLETE_NUMERICAL,0a74fdbe06596fc145f5169a3b239ddd67053141,"{""abundances"":null,""allard_minimum_effective_temperature"":9000.0,""atmosphere_solver"":""adaptive-newton"",""balmer_self_broadening_prescription"":null,""balmer_self_broadening_truncation_closure"":""stark-core"",""effective_temperature"":25000,""formal_maximum_metal_lines"":null,""formal_minimum_metal_oscillator_strength"":0.0001,""h2_he_cia_path"":null,""include_molecules"":false,""log_hydrogen_to_helium"":-5,""logg"":9.5,""lyman_profile_source"":""allard"",""maximum_metal_charge"":4,""metal_classical_electron_stark"":false,""metal_line_supplements"":[],""mixing_length_alpha"":1.25,""neutral_broadening"":""unsold"",""photospheric_depth_concentration"":1.0,""quality"":""production"",""structure_opacity_sampling_resolution"":1000.0,""synthesis_transfer_depth_refinement"":4}",,e2893fbc939e66d17a924a94705c7b4fb4105c4986a772867c2b8d819b2ac254,18901,dab,4225.997216973003,intermediate-abundance-280,
dab-f7c7143b9418f7a0411a926b,DAB,25000,9.5,-3,production,COMPLETE_NUMERICAL,COMPLETE_NUMERICAL,COMPLETE_NUMERICAL,0a74fdbe06596fc145f5169a3b239ddd67053141,"{""abundances"":null,""allard_minimum_effective_temperature"":9000.0,""atmosphere_solver"":""adaptive-newton"",""balmer_self_broadening_prescription"":null,""balmer_self_broadening_truncation_closure"":""stark-core"",""effective_temperature"":25000,""formal_maximum_metal_lines"":null,""formal_minimum_metal_oscillator_strength"":0.0001,""h2_he_cia_path"":null,""include_molecules"":false,""log_hydrogen_to_helium"":-3,""logg"":9.5,""lyman_profile_source"":""allard"",""maximum_metal_charge"":4,""metal_classical_electron_stark"":false,""metal_line_supplements"":[],""mixing_length_alpha"":1.25,""neutral_broadening"":""unsold"",""photospheric_depth_concentration"":1.0,""quality"":""production"",""structure_opacity_sampling_resolution"":1000.0,""synthesis_transfer_depth_refinement"":4}",,0a666a93c3d2449c415e0e30e55889821eaeeeea4086686a66c36d73e13ac970,18901,dab,4093.234846801999,intermediate-abundance-280,
dab-29c0fe55e89f7a49f80fd24f,DAB,25000,9.5,-1,production,COMPLETE_NUMERICAL,COMPLETE_NUMERICAL,COMPLETE_NUMERICAL,0a74fdbe06596fc145f5169a3b239ddd67053141,"{""abundances"":null,""allard_minimum_effective_temperature"":9000.0,""atmosphere_solver"":""adaptive-newton"",""balmer_self_broadening_prescription"":null,""balmer_self_broadening_truncation_closure"":""stark-core"",""effective_temperature"":25000,""formal_maximum_metal_lines"":null,""formal_minimum_metal_oscillator_strength"":0.0001,""h2_he_cia_path"":null,""include_molecules"":false,""log_hydrogen_to_helium"":-1,""logg"":9.5,""lyman_profile_source"":""allard"",""maximum_metal_charge"":4,""metal_classical_electron_stark"":false,""metal_line_supplements"":[],""mixing_length_alpha"":1.25,""neutral_broadening"":""unsold"",""photospheric_depth_concentration"":1.0,""quality"":""production"",""structure_opacity_sampling_resolution"":1000.0,""synthesis_transfer_depth_refinement"":4}",,feb6f68a513a756c782cb7d1a2d277882478829655f718a38971125cb30fbb5a,18901,dab,2469.497903659001,intermediate-abundance-280,
dab-9d2f8acb7ee1ca56735fbdd2,DAB,25000,9.5,1,production,COMPLETE_NUMERICAL,COMPLETE_NUMERICAL,COMPLETE_NUMERICAL,0a74fdbe06596fc145f5169a3b239ddd67053141,"{""abundances"":null,""allard_minimum_effective_temperature"":9000.0,""atmosphere_solver"":""adaptive-newton"",""balmer_self_broadening_prescription"":null,""balmer_self_broadening_truncation_closure"":""stark-core"",""effective_temperature"":25000,""formal_maximum_metal_lines"":null,""formal_minimum_metal_oscillator_strength"":0.0001,""h2_he_cia_path"":null,""include_molecules"":false,""log_hydrogen_to_helium"":1,""logg"":9.5,""lyman_profile_source"":""allard"",""maximum_metal_charge"":4,""metal_classical_electron_stark"":false,""metal_line_supplements"":[],""mixing_length_alpha"":1.25,""neutral_broadening"":""unsold"",""photospheric_depth_concentration"":1.0,""quality"":""production"",""structure_opacity_sampling_resolution"":1000.0,""synthesis_transfer_depth_refinement"":4}",,ae32f8f06754c82e94d019ff7b79acc160be87c79ce3036977e540423c3ff4b0,18901,dab,2524.685177184001,intermediate-abundance-280,
dab-75bd8ba77076cff24eab3d8d,DAB,25000,9.5,3,production,COMPLETE_NUMERICAL,COMPLETE_NUMERICAL,COMPLETE_NUMERICAL,0a74fdbe06596fc145f5169a3b239ddd67053141,"{""abundances"":null,""allard_minimum_effective_temperature"":9000.0,""atmosphere_solver"":""adaptive-newton"",""balmer_self_broadening_prescription"":null,""balmer_self_broadening_truncation_closure"":""stark-core"",""effective_temperature"":25000,""formal_maximum_metal_lines"":null,""formal_minimum_metal_oscillator_strength"":0.0001,""h2_he_cia_path"":null,""include_molecules"":false,""log_hydrogen_to_helium"":3,""logg"":9.5,""lyman_profile_source"":""allard"",""maximum_metal_charge"":4,""metal_classical_electron_stark"":false,""metal_line_supplements"":[],""mixing_length_alpha"":1.25,""neutral_broadening"":""unsold"",""photospheric_depth_concentration"":1.0,""quality"":""production"",""structure_opacity_sampling_resolution"":1000.0,""synthesis_transfer_depth_refinement"":4}",,0f8befb475f80b89f5819bcd31b0e8eb196088586a1538e9599a960004bc4522,18901,dab,1657.099616711006,intermediate-abundance-280,
dab-6e7d134611a6756860d316c0,DAB,30000,6,-5,production,COMPLETE_NUMERICAL,COMPLETE_NUMERICAL,COMPLETE_NUMERICAL,0a74fdbe06596fc145f5169a3b239ddd67053141,"{""abundances"":null,""allard_minimum_effective_temperature"":9000.0,""atmosphere_solver"":""adaptive-newton"",""balmer_self_broadening_prescription"":null,""balmer_self_broadening_truncation_closure"":""stark-core"",""effective_temperature"":30000,""formal_maximum_metal_lines"":null,""formal_minimum_metal_oscillator_strength"":0.0001,""h2_he_cia_path"":null,""include_molecules"":false,""log_hydrogen_to_helium"":-5,""logg"":6,""lyman_profile_source"":""allard"",""maximum_metal_charge"":4,""metal_classical_electron_stark"":false,""metal_line_supplements"":[],""mixing_length_alpha"":1.25,""neutral_broadening"":""unsold"",""photospheric_depth_concentration"":1.0,""quality"":""production"",""structure_opacity_sampling_resolution"":1000.0,""synthesis_transfer_depth_refinement"":4}",,c08c31a574faa8e9a0a97ae458601d88815902e389cf5e69243c3c505f44e46b,18901,dab,1771.985876028004,intermediate-abundance-280,
dab-496cc9bd5eb54c381f26b082,DAB,30000,6,-3,production,COMPLETE_NUMERICAL,COMPLETE_NUMERICAL,COMPLETE_NUMERICAL,0a74fdbe06596fc145f5169a3b239ddd67053141,"{""abundances"":null,""allard_minimum_effective_temperature"":9000.0,""atmosphere_solver"":""adaptive-newton"",""balmer_self_broadening_prescription"":null,""balmer_self_broadening_truncation_closure"":""stark-core"",""effective_temperature"":30000,""formal_maximum_metal_lines"":null,""formal_minimum_metal_oscillator_strength"":0.0001,""h2_he_cia_path"":null,""include_molecules"":false,""log_hydrogen_to_helium"":-3,""logg"":6,""lyman_profile_source"":""allard"",""maximum_metal_charge"":4,""metal_classical_electron_stark"":false,""metal_line_supplements"":[],""mixing_length_alpha"":1.25,""neutral_broadening"":""unsold"",""photospheric_depth_concentration"":1.0,""quality"":""production"",""structure_opacity_sampling_resolution"":1000.0,""synthesis_transfer_depth_refinement"":4}",,d135dc8a503745f74276a31584aefc1091cbf4970d05d4df1017e4c6cc386e69,18901,dab,1834.485440834993,intermediate-abundance-280,
dab-b407656f8da063925dae3b90,DAB,30000,6,-1,production,COMPLETE_NUMERICAL,COMPLETE_NUMERICAL,COMPLETE_NUMERICAL,0a74fdbe06596fc145f5169a3b239ddd67053141,"{""abundances"":null,""allard_minimum_effective_temperature"":9000.0,""atmosphere_solver"":""adaptive-newton"",""balmer_self_broadening_prescription"":null,""balmer_self_broadening_truncation_closure"":""stark-core"",""effective_temperature"":30000,""formal_maximum_metal_lines"":null,""formal_minimum_metal_oscillator_strength"":0.0001,""h2_he_cia_path"":null,""include_molecules"":false,""log_hydrogen_to_helium"":-1,""logg"":6,""lyman_profile_source"":""allard"",""maximum_metal_charge"":4,""metal_classical_electron_stark"":false,""metal_line_supplements"":[],""mixing_length_alpha"":1.25,""neutral_broadening"":""unsold"",""photospheric_depth_concentration"":1.0,""quality"":""production"",""structure_opacity_sampling_resolution"":1000.0,""synthesis_transfer_depth_refinement"":4}",,30a51502bbb819ea300f1f9404ea5ff6a96c4d3fc52265b4bc9fb7bf1903ad7c,18901,dab,1296.2793254459975,intermediate-abundance-280,
dab-e04e6bec284d1432d7b5abf2,DAB,30000,6,1,production,COMPLETE_NUMERICAL,COMPLETE_NUMERICAL,COMPLETE_NUMERICAL,0a74fdbe06596fc145f5169a3b239ddd67053141,"{""abundances"":null,""allard_minimum_effective_temperature"":9000.0,""atmosphere_solver"":""adaptive-newton"",""balmer_self_broadening_prescription"":null,""balmer_self_broadening_truncation_closure"":""stark-core"",""effective_temperature"":30000,""formal_maximum_metal_lines"":null,""formal_minimum_metal_oscillator_strength"":0.0001,""h2_he_cia_path"":null,""include_molecules"":false,""log_hydrogen_to_helium"":1,""logg"":6,""lyman_profile_source"":""allard"",""maximum_metal_charge"":4,""metal_classical_electron_stark"":false,""metal_line_supplements"":[],""mixing_length_alpha"":1.25,""neutral_broadening"":""unsold"",""photospheric_depth_concentration"":1.0,""quality"":""production"",""structure_opacity_sampling_resolution"":1000.0,""synthesis_transfer_depth_refinement"":4}",,ced936e6aa1baf78fd53de1d56547994f4f2c4c0b0f14b94965831d56f20f733,18901,dab,2198.202949945,intermediate-abundance-280,
dab-1f7d9ed51915ff5d0c17bd01,DAB,30000,6,3,production,COMPLETE_NUMERICAL,COMPLETE_NUMERICAL,COMPLETE_NUMERICAL,0a74fdbe06596fc145f5169a3b239ddd67053141,"{""abundances"":null,""allard_minimum_effective_temperature"":9000.0,""atmosphere_solver"":""adaptive-newton"",""balmer_self_broadening_prescription"":null,""balmer_self_broadening_truncation_closure"":""stark-core"",""effective_temperature"":30000,""formal_maximum_metal_lines"":null,""formal_minimum_metal_oscillator_strength"":0.0001,""h2_he_cia_path"":null,""include_molecules"":false,""log_hydrogen_to_helium"":3,""logg"":6,""lyman_profile_source"":""allard"",""maximum_metal_charge"":4,""metal_classical_electron_stark"":false,""metal_line_supplements"":[],""mixing_length_alpha"":1.25,""neutral_broadening"":""unsold"",""photospheric_depth_concentration"":1.0,""quality"":""production"",""structure_opacity_sampling_resolution"":1000.0,""synthesis_transfer_depth_refinement"":4}",,bfa0c284e1a390ff9a9cb542fa40ff2d06d80b94265d2571eaaccea3ee33fd50,18901,dab,1840.0739804870027,intermediate-abundance-280,
dab-0cac623e87494798065ab010,DAB,30000,6.5,-5,production,COMPLETE_NUMERICAL,COMPLETE_NUMERICAL,COMPLETE_NUMERICAL,0a74fdbe06596fc145f5169a3b239ddd67053141,"{""abundances"":null,""allard_minimum_effective_temperature"":9000.0,""atmosphere_solver"":""adaptive-newton"",""balmer_self_broadening_prescription"":null,""balmer_self_broadening_truncation_closure"":""stark-core"",""effective_temperature"":30000,""formal_maximum_metal_lines"":null,""formal_minimum_metal_oscillator_strength"":0.0001,""h2_he_cia_path"":null,""include_molecules"":false,""log_hydrogen_to_helium"":-5,""logg"":6.5,""lyman_profile_source"":""allard"",""maximum_metal_charge"":4,""metal_classical_electron_stark"":false,""metal_line_supplements"":[],""mixing_length_alpha"":1.25,""neutral_broadening"":""unsold"",""photospheric_depth_concentration"":1.0,""quality"":""production"",""structure_opacity_sampling_resolution"":1000.0,""synthesis_transfer_depth_refinement"":4}",,5fe67385c9abe62cb83ec36e2c6c4c312459cb348e2c3bf09d63e1cde65ce527,18901,dab,2335.3412157009952,intermediate-abundance-280,
dab-d036af197ca140e6cea3f450,DAB,30000,6.5,-3,production,COMPLETE_NUMERICAL,COMPLETE_NUMERICAL,COMPLETE_NUMERICAL,0a74fdbe06596fc145f5169a3b239ddd67053141,"{""abundances"":null,""allard_minimum_effective_temperature"":9000.0,""atmosphere_solver"":""adaptive-newton"",""balmer_self_broadening_prescription"":null,""balmer_self_broadening_truncation_closure"":""stark-core"",""effective_temperature"":30000,""formal_maximum_metal_lines"":null,""formal_minimum_metal_oscillator_strength"":0.0001,""h2_he_cia_path"":null,""include_molecules"":false,""log_hydrogen_to_helium"":-3,""logg"":6.5,""lyman_profile_source"":""allard"",""maximum_metal_charge"":4,""metal_classical_electron_stark"":false,""metal_line_supplements"":[],""mixing_length_alpha"":1.25,""neutral_broadening"":""unsold"",""photospheric_depth_concentration"":1.0,""quality"":""production"",""structure_opacity_sampling_resolution"":1000.0,""synthesis_transfer_depth_refinement"":4}",,db2b155a95cad20fc2f8f43d23ca71d92df8327a52a5bb56d9eaee8c00297c15,18901,dab,2335.356920805003,intermediate-abundance-280,
dab-b975ab85d14e136feafa8922,DAB,30000,6.5,-1,production,COMPLETE_NUMERICAL,COMPLETE_NUMERICAL,COMPLETE_NUMERICAL,0a74fdbe06596fc145f5169a3b239ddd67053141,"{""abundances"":null,""allard_minimum_effective_temperature"":9000.0,""atmosphere_solver"":""adaptive-newton"",""balmer_self_broadening_prescription"":null,""balmer_self_broadening_truncation_closure"":""stark-core"",""effective_temperature"":30000,""formal_maximum_metal_lines"":null,""formal_minimum_metal_oscillator_strength"":0.0001,""h2_he_cia_path"":null,""include_molecules"":false,""log_hydrogen_to_helium"":-1,""logg"":6.5,""lyman_profile_source"":""allard"",""maximum_metal_charge"":4,""metal_classical_electron_stark"":false,""metal_line_supplements"":[],""mixing_length_alpha"":1.25,""neutral_broadening"":""unsold"",""photospheric_depth_concentration"":1.0,""quality"":""production"",""structure_opacity_sampling_resolution"":1000.0,""synthesis_transfer_depth_refinement"":4}",,f6dd243493b2634d3b868199883c7b6fe1ae82bff28580e27e822b18536eec59,18901,dab,1367.8622818759977,intermediate-abundance-280,
dab-52e08010f2fed8df0c599b88,DAB,30000,6.5,1,production,COMPLETE_NUMERICAL,COMPLETE_NUMERICAL,COMPLETE_NUMERICAL,0a74fdbe06596fc145f5169a3b239ddd67053141,"{""abundances"":null,""allard_minimum_effective_temperature"":9000.0,""atmosphere_solver"":""adaptive-newton"",""balmer_self_broadening_prescription"":null,""balmer_self_broadening_truncation_closure"":""stark-core"",""effective_temperature"":30000,""formal_maximum_metal_lines"":null,""formal_minimum_metal_oscillator_strength"":0.0001,""h2_he_cia_path"":null,""include_molecules"":false,""log_hydrogen_to_helium"":1,""logg"":6.5,""lyman_profile_source"":""allard"",""maximum_metal_charge"":4,""metal_classical_electron_stark"":false,""metal_line_supplements"":[],""mixing_length_alpha"":1.25,""neutral_broadening"":""unsold"",""photospheric_depth_concentration"":1.0,""quality"":""production"",""structure_opacity_sampling_resolution"":1000.0,""synthesis_transfer_depth_refinement"":4}",,53bd89598aa8855402f2b2cbd98159e38c54ad4187e99de1e5845eb05b3e4d86,18901,dab,1567.6663630910043,intermediate-abundance-280,
dab-4df0a348112bc4b034fc8308,DAB,30000,6.5,3,production,COMPLETE_NUMERICAL,COMPLETE_NUMERICAL,COMPLETE_NUMERICAL,0a74fdbe06596fc145f5169a3b239ddd67053141,"{""abundances"":null,""allard_minimum_effective_temperature"":9000.0,""atmosphere_solver"":""adaptive-newton"",""balmer_self_broadening_prescription"":null,""balmer_self_broadening_truncation_closure"":""stark-core"",""effective_temperature"":30000,""formal_maximum_metal_lines"":null,""formal_minimum_metal_oscillator_strength"":0.0001,""h2_he_cia_path"":null,""include_molecules"":false,""log_hydrogen_to_helium"":3,""logg"":6.5,""lyman_profile_source"":""allard"",""maximum_metal_charge"":4,""metal_classical_electron_stark"":false,""metal_line_supplements"":[],""mixing_length_alpha"":1.25,""neutral_broadening"":""unsold"",""photospheric_depth_concentration"":1.0,""quality"":""production"",""structure_opacity_sampling_resolution"":1000.0,""synthesis_transfer_depth_refinement"":4}",,4f8421512ccfcc148ad33f4e6ffeccdde34a97ef5752f865436bd1524c203965,18901,dab,1773.0858261139947,intermediate-abundance-280,
dab-df45ad2b86415411586ecfca,DAB,30000,7,-5,production,COMPLETE_NUMERICAL,COMPLETE_NUMERICAL,COMPLETE_NUMERICAL,0a74fdbe06596fc145f5169a3b239ddd67053141,"{""abundances"":null,""allard_minimum_effective_temperature"":9000.0,""atmosphere_solver"":""adaptive-newton"",""balmer_self_broadening_prescription"":null,""balmer_self_broadening_truncation_closure"":""stark-core"",""effective_temperature"":30000,""formal_maximum_metal_lines"":null,""formal_minimum_metal_oscillator_strength"":0.0001,""h2_he_cia_path"":null,""include_molecules"":false,""log_hydrogen_to_helium"":-5,""logg"":7,""lyman_profile_source"":""allard"",""maximum_metal_charge"":4,""metal_classical_electron_stark"":false,""metal_line_supplements"":[],""mixing_length_alpha"":1.25,""neutral_broadening"":""unsold"",""photospheric_depth_concentration"":1.0,""quality"":""production"",""structure_opacity_sampling_resolution"":1000.0,""synthesis_transfer_depth_refinement"":4}",,6e168560fb9752acf2d55980d60843524e0795239c5be941a159b60d79b093dd,18901,dab,2366.006211453001,intermediate-abundance-280,
dab-9325d1de2b19eff52cbe7aed,DAB,30000,7,-3,production,COMPLETE_NUMERICAL,COMPLETE_NUMERICAL,COMPLETE_NUMERICAL,0a74fdbe06596fc145f5169a3b239ddd67053141,"{""abundances"":null,""allard_minimum_effective_temperature"":9000.0,""atmosphere_solver"":""adaptive-newton"",""balmer_self_broadening_prescription"":null,""balmer_self_broadening_truncation_closure"":""stark-core"",""effective_temperature"":30000,""formal_maximum_metal_lines"":null,""formal_minimum_metal_oscillator_strength"":0.0001,""h2_he_cia_path"":null,""include_molecules"":false,""log_hydrogen_to_helium"":-3,""logg"":7,""lyman_profile_source"":""allard"",""maximum_metal_charge"":4,""metal_classical_electron_stark"":false,""metal_line_supplements"":[],""mixing_length_alpha"":1.25,""neutral_broadening"":""unsold"",""photospheric_depth_concentration"":1.0,""quality"":""production"",""structure_opacity_sampling_resolution"":1000.0,""synthesis_transfer_depth_refinement"":4}",,c5ee9fddaa4f02fef601c88e60fe2176a42dacde77f89a7a8a545d95506b7608,18901,dab,2345.505499849998,intermediate-abundance-280,
dab-42889c5532d5422f816bc2eb,DAB,30000,7,-1,production,COMPLETE_NUMERICAL,COMPLETE_NUMERICAL,COMPLETE_NUMERICAL,0a74fdbe06596fc145f5169a3b239ddd67053141,"{""abundances"":null,""allard_minimum_effective_temperature"":9000.0,""atmosphere_solver"":""adaptive-newton"",""balmer_self_broadening_prescription"":null,""balmer_self_broadening_truncation_closure"":""stark-core"",""effective_temperature"":30000,""formal_maximum_metal_lines"":null,""formal_minimum_metal_oscillator_strength"":0.0001,""h2_he_cia_path"":null,""include_molecules"":false,""log_hydrogen_to_helium"":-1,""logg"":7,""lyman_profile_source"":""allard"",""maximum_metal_charge"":4,""metal_classical_electron_stark"":false,""metal_line_supplements"":[],""mixing_length_alpha"":1.25,""neutral_broadening"":""unsold"",""photospheric_depth_concentration"":1.0,""quality"":""production"",""structure_opacity_sampling_resolution"":1000.0,""synthesis_transfer_depth_refinement"":4}",,92fce56238ec008f2984a0292c327e0f9d945ad06b7babc0d649cb47a1740949,18901,dab,1511.166068863,intermediate-abundance-280,
dab-2d04fed41f2aeae6dc81dbb3,DAB,30000,7,1,production,COMPLETE_NUMERICAL,COMPLETE_NUMERICAL,COMPLETE_NUMERICAL,0a74fdbe06596fc145f5169a3b239ddd67053141,"{""abundances"":null,""allard_minimum_effective_temperature"":9000.0,""atmosphere_solver"":""adaptive-newton"",""balmer_self_broadening_prescription"":null,""balmer_self_broadening_truncation_closure"":""stark-core"",""effective_temperature"":30000,""formal_maximum_metal_lines"":null,""formal_minimum_metal_oscillator_strength"":0.0001,""h2_he_cia_path"":null,""include_molecules"":false,""log_hydrogen_to_helium"":1,""logg"":7,""lyman_profile_source"":""allard"",""maximum_metal_charge"":4,""metal_classical_electron_stark"":false,""metal_line_supplements"":[],""mixing_length_alpha"":1.25,""neutral_broadening"":""unsold"",""photospheric_depth_concentration"":1.0,""quality"":""production"",""structure_opacity_sampling_resolution"":1000.0,""synthesis_transfer_depth_refinement"":4}",,055b1ba6efb8373d2f2988f2833d4604e564d500ed2fc4ccfb9389b658462b60,18901,dab,1625.6799749720012,intermediate-abundance-280,
dab-f5df2e31a948c5a4c99eb5ec,DAB,30000,7,3,production,COMPLETE_NUMERICAL,COMPLETE_NUMERICAL,COMPLETE_NUMERICAL,0a74fdbe06596fc145f5169a3b239ddd67053141,"{""abundances"":null,""allard_minimum_effective_temperature"":9000.0,""atmosphere_solver"":""adaptive-newton"",""balmer_self_broadening_prescription"":null,""balmer_self_broadening_truncation_closure"":""stark-core"",""effective_temperature"":30000,""formal_maximum_metal_lines"":null,""formal_minimum_metal_oscillator_strength"":0.0001,""h2_he_cia_path"":null,""include_molecules"":false,""log_hydrogen_to_helium"":3,""logg"":7,""lyman_profile_source"":""allard"",""maximum_metal_charge"":4,""metal_classical_electron_stark"":false,""metal_line_supplements"":[],""mixing_length_alpha"":1.25,""neutral_broadening"":""unsold"",""photospheric_depth_concentration"":1.0,""quality"":""production"",""structure_opacity_sampling_resolution"":1000.0,""synthesis_transfer_depth_refinement"":4}",,0e466ea2b7a686e6e03df07a4130da67d20a7767e34f76b460d9447f30f8028a,18901,dab,1565.6789971420003,intermediate-abundance-280,
dab-90dae46b85220d8bb328a601,DAB,30000,7.5,-5,production,COMPLETE_NUMERICAL,COMPLETE_NUMERICAL,COMPLETE_NUMERICAL,0a74fdbe06596fc145f5169a3b239ddd67053141,"{""abundances"":null,""allard_minimum_effective_temperature"":9000.0,""atmosphere_solver"":""adaptive-newton"",""balmer_self_broadening_prescription"":null,""balmer_self_broadening_truncation_closure"":""stark-core"",""effective_temperature"":30000,""formal_maximum_metal_lines"":null,""formal_minimum_metal_oscillator_strength"":0.0001,""h2_he_cia_path"":null,""include_molecules"":false,""log_hydrogen_to_helium"":-5,""logg"":7.5,""lyman_profile_source"":""allard"",""maximum_metal_charge"":4,""metal_classical_electron_stark"":false,""metal_line_supplements"":[],""mixing_length_alpha"":1.25,""neutral_broadening"":""unsold"",""photospheric_depth_concentration"":1.0,""quality"":""production"",""structure_opacity_sampling_resolution"":1000.0,""synthesis_transfer_depth_refinement"":4}",,315c7894f25fe0d62d353bdc3310e22fee9afeae874de56eba98c0a4358861fe,18901,dab,2258.406157968995,intermediate-abundance-280,
dab-ddffe119bed36096f9b23bea,DAB,30000,7.5,-3,production,COMPLETE_NUMERICAL,COMPLETE_NUMERICAL,COMPLETE_NUMERICAL,0a74fdbe06596fc145f5169a3b239ddd67053141,"{""abundances"":null,""allard_minimum_effective_temperature"":9000.0,""atmosphere_solver"":""adaptive-newton"",""balmer_self_broadening_prescription"":null,""balmer_self_broadening_truncation_closure"":""stark-core"",""effective_temperature"":30000,""formal_maximum_metal_lines"":null,""formal_minimum_metal_oscillator_strength"":0.0001,""h2_he_cia_path"":null,""include_molecules"":false,""log_hydrogen_to_helium"":-3,""logg"":7.5,""lyman_profile_source"":""allard"",""maximum_metal_charge"":4,""metal_classical_electron_stark"":false,""metal_line_supplements"":[],""mixing_length_alpha"":1.25,""neutral_broadening"":""unsold"",""photospheric_depth_concentration"":1.0,""quality"":""production"",""structure_opacity_sampling_resolution"":1000.0,""synthesis_transfer_depth_refinement"":4}",,de3bb7a86d2c8d070aecd06f80aefce379d1025e00cbe453c8348f2d2198209b,18901,dab,2278.9342559300057,intermediate-abundance-280,
dab-17349674d4f864653f815596,DAB,30000,7.5,-1,production,COMPLETE_NUMERICAL,COMPLETE_NUMERICAL,COMPLETE_NUMERICAL,0a74fdbe06596fc145f5169a3b239ddd67053141,"{""abundances"":null,""allard_minimum_effective_temperature"":9000.0,""atmosphere_solver"":""adaptive-newton"",""balmer_self_broadening_prescription"":null,""balmer_self_broadening_truncation_closure"":""stark-core"",""effective_temperature"":30000,""formal_maximum_metal_lines"":null,""formal_minimum_metal_oscillator_strength"":0.0001,""h2_he_cia_path"":null,""include_molecules"":false,""log_hydrogen_to_helium"":-1,""logg"":7.5,""lyman_profile_source"":""allard"",""maximum_metal_charge"":4,""metal_classical_electron_stark"":false,""metal_line_supplements"":[],""mixing_length_alpha"":1.25,""neutral_broadening"":""unsold"",""photospheric_depth_concentration"":1.0,""quality"":""production"",""structure_opacity_sampling_resolution"":1000.0,""synthesis_transfer_depth_refinement"":4}",,2fd2da0788e1d3c6c5ed1f6491f44e3593ecb30b3db515819cf3350325710784,18901,dab,1612.0600605049985,intermediate-abundance-280,
dab-217a3f278beccbc5894694f8,DAB,30000,7.5,1,production,COMPLETE_NUMERICAL,COMPLETE_NUMERICAL,COMPLETE_NUMERICAL,0a74fdbe06596fc145f5169a3b239ddd67053141,"{""abundances"":null,""allard_minimum_effective_temperature"":9000.0,""atmosphere_solver"":""adaptive-newton"",""balmer_self_broadening_prescription"":null,""balmer_self_broadening_truncation_closure"":""stark-core"",""effective_temperature"":30000,""formal_maximum_metal_lines"":null,""formal_minimum_metal_oscillator_strength"":0.0001,""h2_he_cia_path"":null,""include_molecules"":false,""log_hydrogen_to_helium"":1,""logg"":7.5,""lyman_profile_source"":""allard"",""maximum_metal_charge"":4,""metal_classical_electron_stark"":false,""metal_line_supplements"":[],""mixing_length_alpha"":1.25,""neutral_broadening"":""unsold"",""photospheric_depth_concentration"":1.0,""quality"":""production"",""structure_opacity_sampling_resolution"":1000.0,""synthesis_transfer_depth_refinement"":4}",,686d241db819bfd5356de4e2dd17786df43c398a51de2e6d62400ff2bcd8dcf8,18901,dab,1967.8824295829982,intermediate-abundance-280,
dab-e2f8a3aab913dc2436de06ff,DAB,30000,7.5,3,production,COMPLETE_NUMERICAL,COMPLETE_NUMERICAL,COMPLETE_NUMERICAL,0a74fdbe06596fc145f5169a3b239ddd67053141,"{""abundances"":null,""allard_minimum_effective_temperature"":9000.0,""atmosphere_solver"":""adaptive-newton"",""balmer_self_broadening_prescription"":null,""balmer_self_broadening_truncation_closure"":""stark-core"",""effective_temperature"":30000,""formal_maximum_metal_lines"":null,""formal_minimum_metal_oscillator_strength"":0.0001,""h2_he_cia_path"":null,""include_molecules"":false,""log_hydrogen_to_helium"":3,""logg"":7.5,""lyman_profile_source"":""allard"",""maximum_metal_charge"":4,""metal_classical_electron_stark"":false,""metal_line_supplements"":[],""mixing_length_alpha"":1.25,""neutral_broadening"":""unsold"",""photospheric_depth_concentration"":1.0,""quality"":""production"",""structure_opacity_sampling_resolution"":1000.0,""synthesis_transfer_depth_refinement"":4}",,5d1e2e45c36eeafa21fcf9a7b3ceb45762ac19a52899a9b20a7e9eb5fc6d95d4,18901,dab,1378.437560407001,intermediate-abundance-280,
dab-a1cc4043ea47a2b50968618c,DAB,30000,8,-5,production,COMPLETE_NUMERICAL,COMPLETE_NUMERICAL,COMPLETE_NUMERICAL,0a74fdbe06596fc145f5169a3b239ddd67053141,"{""abundances"":null,""allard_minimum_effective_temperature"":9000.0,""atmosphere_solver"":""adaptive-newton"",""balmer_self_broadening_prescription"":null,""balmer_self_broadening_truncation_closure"":""stark-core"",""effective_temperature"":30000,""formal_maximum_metal_lines"":null,""formal_minimum_metal_oscillator_strength"":0.0001,""h2_he_cia_path"":null,""include_molecules"":false,""log_hydrogen_to_helium"":-5,""logg"":8,""lyman_profile_source"":""allard"",""maximum_metal_charge"":4,""metal_classical_electron_stark"":false,""metal_line_supplements"":[],""mixing_length_alpha"":1.25,""neutral_broadening"":""unsold"",""photospheric_depth_concentration"":1.0,""quality"":""production"",""structure_opacity_sampling_resolution"":1000.0,""synthesis_transfer_depth_refinement"":4}",,0f5782a17d29002ae1799ff9bd610bace69d223074f751707a43cfe305c3dbbd,18901,dab,1671.410571237,intermediate-abundance-280,
dab-b6b00c0945ddce898a4b123d,DAB,30000,8,-3,production,COMPLETE_NUMERICAL,COMPLETE_NUMERICAL,COMPLETE_NUMERICAL,0a74fdbe06596fc145f5169a3b239ddd67053141,"{""abundances"":null,""allard_minimum_effective_temperature"":9000.0,""atmosphere_solver"":""adaptive-newton"",""balmer_self_broadening_prescription"":null,""balmer_self_broadening_truncation_closure"":""stark-core"",""effective_temperature"":30000,""formal_maximum_metal_lines"":null,""formal_minimum_metal_oscillator_strength"":0.0001,""h2_he_cia_path"":null,""include_molecules"":false,""log_hydrogen_to_helium"":-3,""logg"":8,""lyman_profile_source"":""allard"",""maximum_metal_charge"":4,""metal_classical_electron_stark"":false,""metal_line_supplements"":[],""mixing_length_alpha"":1.25,""neutral_broadening"":""unsold"",""photospheric_depth_concentration"":1.0,""quality"":""production"",""structure_opacity_sampling_resolution"":1000.0,""synthesis_transfer_depth_refinement"":4}",,6101b663a3e50b93475840c4b55e4d772ee606c95bdd5a337bd307a66e582323,18901,dab,1839.3200024010002,intermediate-abundance-280,
dab-677f21264163ec17dbfa77d3,DAB,30000,8,-1,production,COMPLETE_NUMERICAL,COMPLETE_NUMERICAL,COMPLETE_NUMERICAL,0a74fdbe06596fc145f5169a3b239ddd67053141,"{""abundances"":null,""allard_minimum_effective_temperature"":9000.0,""atmosphere_solver"":""adaptive-newton"",""balmer_self_broadening_prescription"":null,""balmer_self_broadening_truncation_closure"":""stark-core"",""effective_temperature"":30000,""formal_maximum_metal_lines"":null,""formal_minimum_metal_oscillator_strength"":0.0001,""h2_he_cia_path"":null,""include_molecules"":false,""log_hydrogen_to_helium"":-1,""logg"":8,""lyman_profile_source"":""allard"",""maximum_metal_charge"":4,""metal_classical_electron_stark"":false,""metal_line_supplements"":[],""mixing_length_alpha"":1.25,""neutral_broadening"":""unsold"",""photospheric_depth_concentration"":1.0,""quality"":""production"",""structure_opacity_sampling_resolution"":1000.0,""synthesis_transfer_depth_refinement"":4}",,3f2e1975ec05dacd8ed8fb3c22322a8a5200aeb532eb171d8cfbe1e6ecf3742d,18901,dab,1918.2991801830067,intermediate-abundance-280,
dab-1a746bda510cf154c02db0da,DAB,30000,8,1,production,COMPLETE_NUMERICAL,COMPLETE_NUMERICAL,COMPLETE_NUMERICAL,0a74fdbe06596fc145f5169a3b239ddd67053141,"{""abundances"":null,""allard_minimum_effective_temperature"":9000.0,""atmosphere_solver"":""adaptive-newton"",""balmer_self_broadening_prescription"":null,""balmer_self_broadening_truncation_closure"":""stark-core"",""effective_temperature"":30000,""formal_maximum_metal_lines"":null,""formal_minimum_metal_oscillator_strength"":0.0001,""h2_he_cia_path"":null,""include_molecules"":false,""log_hydrogen_to_helium"":1,""logg"":8,""lyman_profile_source"":""allard"",""maximum_metal_charge"":4,""metal_classical_electron_stark"":false,""metal_line_supplements"":[],""mixing_length_alpha"":1.25,""neutral_broadening"":""unsold"",""photospheric_depth_concentration"":1.0,""quality"":""production"",""structure_opacity_sampling_resolution"":1000.0,""synthesis_transfer_depth_refinement"":4}",,a5921cf2cf28c4b67af30aef01638777611d3327c1987736b4949f9d7a1c901d,18901,dab,1557.8849234709996,intermediate-abundance-280,
dab-f99385c7ae107cdc1d112987,DAB,30000,8,3,production,COMPLETE_NUMERICAL,COMPLETE_NUMERICAL,COMPLETE_NUMERICAL,0a74fdbe06596fc145f5169a3b239ddd67053141,"{""abundances"":null,""allard_minimum_effective_temperature"":9000.0,""atmosphere_solver"":""adaptive-newton"",""balmer_self_broadening_prescription"":null,""balmer_self_broadening_truncation_closure"":""stark-core"",""effective_temperature"":30000,""formal_maximum_metal_lines"":null,""formal_minimum_metal_oscillator_strength"":0.0001,""h2_he_cia_path"":null,""include_molecules"":false,""log_hydrogen_to_helium"":3,""logg"":8,""lyman_profile_source"":""allard"",""maximum_metal_charge"":4,""metal_classical_electron_stark"":false,""metal_line_supplements"":[],""mixing_length_alpha"":1.25,""neutral_broadening"":""unsold"",""photospheric_depth_concentration"":1.0,""quality"":""production"",""structure_opacity_sampling_resolution"":1000.0,""synthesis_transfer_depth_refinement"":4}",,769d0f415c181d6282c0fa2c22b7dbe65d2608ff835d58ab5cfdd90acd87b70c,18901,dab,1235.510074463993,intermediate-abundance-280,
dab-6212b3dc1215e51c824128a7,DAB,30000,8.5,-5,production,COMPLETE_NUMERICAL,COMPLETE_NUMERICAL,COMPLETE_NUMERICAL,0a74fdbe06596fc145f5169a3b239ddd67053141,"{""abundances"":null,""allard_minimum_effective_temperature"":9000.0,""atmosphere_solver"":""adaptive-newton"",""balmer_self_broadening_prescription"":null,""balmer_self_broadening_truncation_closure"":""stark-core"",""effective_temperature"":30000,""formal_maximum_metal_lines"":null,""formal_minimum_metal_oscillator_strength"":0.0001,""h2_he_cia_path"":null,""include_molecules"":false,""log_hydrogen_to_helium"":-5,""logg"":8.5,""lyman_profile_source"":""allard"",""maximum_metal_charge"":4,""metal_classical_electron_stark"":false,""metal_line_supplements"":[],""mixing_length_alpha"":1.25,""neutral_broadening"":""unsold"",""photospheric_depth_concentration"":1.0,""quality"":""production"",""structure_opacity_sampling_resolution"":1000.0,""synthesis_transfer_depth_refinement"":4}",,c144679ffa5879f0497192f708f731448fef379f45900d6dc0953319637dd58d,18901,dab,2504.2990096990034,intermediate-abundance-280,
dab-b86bf46607071dc200c7f0e6,DAB,30000,8.5,-3,production,COMPLETE_NUMERICAL,COMPLETE_NUMERICAL,COMPLETE_NUMERICAL,0a74fdbe06596fc145f5169a3b239ddd67053141,"{""abundances"":null,""allard_minimum_effective_temperature"":9000.0,""atmosphere_solver"":""adaptive-newton"",""balmer_self_broadening_prescription"":null,""balmer_self_broadening_truncation_closure"":""stark-core"",""effective_temperature"":30000,""formal_maximum_metal_lines"":null,""formal_minimum_metal_oscillator_strength"":0.0001,""h2_he_cia_path"":null,""include_molecules"":false,""log_hydrogen_to_helium"":-3,""logg"":8.5,""lyman_profile_source"":""allard"",""maximum_metal_charge"":4,""metal_classical_electron_stark"":false,""metal_line_supplements"":[],""mixing_length_alpha"":1.25,""neutral_broadening"":""unsold"",""photospheric_depth_concentration"":1.0,""quality"":""production"",""structure_opacity_sampling_resolution"":1000.0,""synthesis_transfer_depth_refinement"":4}",,35c25dd3a99afd74d5ad443570f756cc7dd80cbfe406a620177e3c85fea72d8f,18901,dab,2171.568661229001,intermediate-abundance-280,
dab-17ca54c66d6cc5b91275bf9c,DAB,30000,8.5,-1,production,COMPLETE_NUMERICAL,COMPLETE_NUMERICAL,COMPLETE_NUMERICAL,0a74fdbe06596fc145f5169a3b239ddd67053141,"{""abundances"":null,""allard_minimum_effective_temperature"":9000.0,""atmosphere_solver"":""adaptive-newton"",""balmer_self_broadening_prescription"":null,""balmer_self_broadening_truncation_closure"":""stark-core"",""effective_temperature"":30000,""formal_maximum_metal_lines"":null,""formal_minimum_metal_oscillator_strength"":0.0001,""h2_he_cia_path"":null,""include_molecules"":false,""log_hydrogen_to_helium"":-1,""logg"":8.5,""lyman_profile_source"":""allard"",""maximum_metal_charge"":4,""metal_classical_electron_stark"":false,""metal_line_supplements"":[],""mixing_length_alpha"":1.25,""neutral_broadening"":""unsold"",""photospheric_depth_concentration"":1.0,""quality"":""production"",""structure_opacity_sampling_resolution"":1000.0,""synthesis_transfer_depth_refinement"":4}",,0e78a5b0a23f586520739f65ca86933f37326ea6ca6dfdaa222abfbbbe680d27,18901,dab,1690.2675821470038,intermediate-abundance-280,
dab-8b84d9df6de18177679d2691,DAB,30000,8.5,1,production,COMPLETE_NUMERICAL,COMPLETE_NUMERICAL,COMPLETE_NUMERICAL,0a74fdbe06596fc145f5169a3b239ddd67053141,"{""abundances"":null,""allard_minimum_effective_temperature"":9000.0,""atmosphere_solver"":""adaptive-newton"",""balmer_self_broadening_prescription"":null,""balmer_self_broadening_truncation_closure"":""stark-core"",""effective_temperature"":30000,""formal_maximum_metal_lines"":null,""formal_minimum_metal_oscillator_strength"":0.0001,""h2_he_cia_path"":null,""include_molecules"":false,""log_hydrogen_to_helium"":1,""logg"":8.5,""lyman_profile_source"":""allard"",""maximum_metal_charge"":4,""metal_classical_electron_stark"":false,""metal_line_supplements"":[],""mixing_length_alpha"":1.25,""neutral_broadening"":""unsold"",""photospheric_depth_concentration"":1.0,""quality"":""production"",""structure_opacity_sampling_resolution"":1000.0,""synthesis_transfer_depth_refinement"":4}",,f9c4e525ea11d48f096f108ae570190f6fb30e6784d1ca7bcc1d22ee16f27a47,18901,dab,1902.2587405270024,intermediate-abundance-280,
dab-8dd6085bc6b220a685426e0f,DAB,30000,8.5,3,production,COMPLETE_NUMERICAL,COMPLETE_NUMERICAL,COMPLETE_NUMERICAL,0a74fdbe06596fc145f5169a3b239ddd67053141,"{""abundances"":null,""allard_minimum_effective_temperature"":9000.0,""atmosphere_solver"":""adaptive-newton"",""balmer_self_broadening_prescription"":null,""balmer_self_broadening_truncation_closure"":""stark-core"",""effective_temperature"":30000,""formal_maximum_metal_lines"":null,""formal_minimum_metal_oscillator_strength"":0.0001,""h2_he_cia_path"":null,""include_molecules"":false,""log_hydrogen_to_helium"":3,""logg"":8.5,""lyman_profile_source"":""allard"",""maximum_metal_charge"":4,""metal_classical_electron_stark"":false,""metal_line_supplements"":[],""mixing_length_alpha"":1.25,""neutral_broadening"":""unsold"",""photospheric_depth_concentration"":1.0,""quality"":""production"",""structure_opacity_sampling_resolution"":1000.0,""synthesis_transfer_depth_refinement"":4}",,d42e0e8dc2261f8d5bec22877182ff7d22ba196b37b4c78a1d09cbe9425aba90,18901,dab,1229.302284282996,intermediate-abundance-280,
dab-a67d246b21e572f24b87cb7c,DAB,30000,9,-5,production,COMPLETE_NUMERICAL,COMPLETE_NUMERICAL,COMPLETE_NUMERICAL,0a74fdbe06596fc145f5169a3b239ddd67053141,"{""abundances"":null,""allard_minimum_effective_temperature"":9000.0,""atmosphere_solver"":""adaptive-newton"",""balmer_self_broadening_prescription"":null,""balmer_self_broadening_truncation_closure"":""stark-core"",""effective_temperature"":30000,""formal_maximum_metal_lines"":null,""formal_minimum_metal_oscillator_strength"":0.0001,""h2_he_cia_path"":null,""include_molecules"":false,""log_hydrogen_to_helium"":-5,""logg"":9,""lyman_profile_source"":""allard"",""maximum_metal_charge"":4,""metal_classical_electron_stark"":false,""metal_line_supplements"":[],""mixing_length_alpha"":1.25,""neutral_broadening"":""unsold"",""photospheric_depth_concentration"":1.0,""quality"":""production"",""structure_opacity_sampling_resolution"":1000.0,""synthesis_transfer_depth_refinement"":4}",,3d4e414b2abee1cd4e88423ee782742aeb104312c3123452c50ef6c30c88ef03,18901,dab,4451.136674490997,intermediate-abundance-280,
dab-b8987eb0ad9659b40bd3a21b,DAB,30000,9,-3,production,COMPLETE_NUMERICAL,COMPLETE_NUMERICAL,COMPLETE_NUMERICAL,0a74fdbe06596fc145f5169a3b239ddd67053141,"{""abundances"":null,""allard_minimum_effective_temperature"":9000.0,""atmosphere_solver"":""adaptive-newton"",""balmer_self_broadening_prescription"":null,""balmer_self_broadening_truncation_closure"":""stark-core"",""effective_temperature"":30000,""formal_maximum_metal_lines"":null,""formal_minimum_metal_oscillator_strength"":0.0001,""h2_he_cia_path"":null,""include_molecules"":false,""log_hydrogen_to_helium"":-3,""logg"":9,""lyman_profile_source"":""allard"",""maximum_metal_charge"":4,""metal_classical_electron_stark"":false,""metal_line_supplements"":[],""mixing_length_alpha"":1.25,""neutral_broadening"":""unsold"",""photospheric_depth_concentration"":1.0,""quality"":""production"",""structure_opacity_sampling_resolution"":1000.0,""synthesis_transfer_depth_refinement"":4}",,881fe77f317f7469a5bf9be6a6306df879c732a23b6c262d273e6d77cc69f9c5,18901,dab,2294.7072330029987,intermediate-abundance-280,
dab-1ee5287edc6529db42aacfd8,DAB,30000,9,-1,production,COMPLETE_NUMERICAL,COMPLETE_NUMERICAL,COMPLETE_NUMERICAL,0a74fdbe06596fc145f5169a3b239ddd67053141,"{""abundances"":null,""allard_minimum_effective_temperature"":9000.0,""atmosphere_solver"":""adaptive-newton"",""balmer_self_broadening_prescription"":null,""balmer_self_broadening_truncation_closure"":""stark-core"",""effective_temperature"":30000,""formal_maximum_metal_lines"":null,""formal_minimum_metal_oscillator_strength"":0.0001,""h2_he_cia_path"":null,""include_molecules"":false,""log_hydrogen_to_helium"":-1,""logg"":9,""lyman_profile_source"":""allard"",""maximum_metal_charge"":4,""metal_classical_electron_stark"":false,""metal_line_supplements"":[],""mixing_length_alpha"":1.25,""neutral_broadening"":""unsold"",""photospheric_depth_concentration"":1.0,""quality"":""production"",""structure_opacity_sampling_resolution"":1000.0,""synthesis_transfer_depth_refinement"":4}",,546ce1db07ef3dfea6b9e2a68120fa015f2eb91da6edb2777adafab820526be2,18901,dab,1765.7231566530027,intermediate-abundance-280,
dab-e37d32fad77f9325f2bd44fd,DAB,30000,9,1,production,COMPLETE_NUMERICAL,COMPLETE_NUMERICAL,COMPLETE_NUMERICAL,0a74fdbe06596fc145f5169a3b239ddd67053141,"{""abundances"":null,""allard_minimum_effective_temperature"":9000.0,""atmosphere_solver"":""adaptive-newton"",""balmer_self_broadening_prescription"":null,""balmer_self_broadening_truncation_closure"":""stark-core"",""effective_temperature"":30000,""formal_maximum_metal_lines"":null,""formal_minimum_metal_oscillator_strength"":0.0001,""h2_he_cia_path"":null,""include_molecules"":false,""log_hydrogen_to_helium"":1,""logg"":9,""lyman_profile_source"":""allard"",""maximum_metal_charge"":4,""metal_classical_electron_stark"":false,""metal_line_supplements"":[],""mixing_length_alpha"":1.25,""neutral_broadening"":""unsold"",""photospheric_depth_concentration"":1.0,""quality"":""production"",""structure_opacity_sampling_resolution"":1000.0,""synthesis_transfer_depth_refinement"":4}",,c7b1f1327706903d7049ae990ab912730abf611ceb785c2b2d30ec6680899f19,18901,dab,1716.6071978170003,intermediate-abundance-280,
dab-2eb847ba3a7ba5347ef525e6,DAB,30000,9,3,production,COMPLETE_NUMERICAL,COMPLETE_NUMERICAL,COMPLETE_NUMERICAL,0a74fdbe06596fc145f5169a3b239ddd67053141,"{""abundances"":null,""allard_minimum_effective_temperature"":9000.0,""atmosphere_solver"":""adaptive-newton"",""balmer_self_broadening_prescription"":null,""balmer_self_broadening_truncation_closure"":""stark-core"",""effective_temperature"":30000,""formal_maximum_metal_lines"":null,""formal_minimum_metal_oscillator_strength"":0.0001,""h2_he_cia_path"":null,""include_molecules"":false,""log_hydrogen_to_helium"":3,""logg"":9,""lyman_profile_source"":""allard"",""maximum_metal_charge"":4,""metal_classical_electron_stark"":false,""metal_line_supplements"":[],""mixing_length_alpha"":1.25,""neutral_broadening"":""unsold"",""photospheric_depth_concentration"":1.0,""quality"":""production"",""structure_opacity_sampling_resolution"":1000.0,""synthesis_transfer_depth_refinement"":4}",,14ea59a2f1ddf62fc963374660f71fed4f74c43d76172a0b1ff84d8359d51bb4,18901,dab,1448.3840389040051,intermediate-abundance-280,
dab-3137c45c7b6a911cf41aac8a,DAB,30000,9.5,-5,production,COMPLETE_NUMERICAL,COMPLETE_NUMERICAL,COMPLETE_NUMERICAL,0a74fdbe06596fc145f5169a3b239ddd67053141,"{""abundances"":null,""allard_minimum_effective_temperature"":9000.0,""atmosphere_solver"":""adaptive-newton"",""balmer_self_broadening_prescription"":null,""balmer_self_broadening_truncation_closure"":""stark-core"",""effective_temperature"":30000,""formal_maximum_metal_lines"":null,""formal_minimum_metal_oscillator_strength"":0.0001,""h2_he_cia_path"":null,""include_molecules"":false,""log_hydrogen_to_helium"":-5,""logg"":9.5,""lyman_profile_source"":""allard"",""maximum_metal_charge"":4,""metal_classical_electron_stark"":false,""metal_line_supplements"":[],""mixing_length_alpha"":1.25,""neutral_broadening"":""unsold"",""photospheric_depth_concentration"":1.0,""quality"":""production"",""structure_opacity_sampling_resolution"":1000.0,""synthesis_transfer_depth_refinement"":4}",,d5a1ed768cad228bbf99e4a0de7075e53638317b6ddaa52da8059b3677197080,18901,dab,4343.404792116002,intermediate-abundance-280,
dab-7d7d4a53c5438b1c146b65da,DAB,30000,9.5,-3,production,COMPLETE_NUMERICAL,COMPLETE_NUMERICAL,COMPLETE_NUMERICAL,0a74fdbe06596fc145f5169a3b239ddd67053141,"{""abundances"":null,""allard_minimum_effective_temperature"":9000.0,""atmosphere_solver"":""adaptive-newton"",""balmer_self_broadening_prescription"":null,""balmer_self_broadening_truncation_closure"":""stark-core"",""effective_temperature"":30000,""formal_maximum_metal_lines"":null,""formal_minimum_metal_oscillator_strength"":0.0001,""h2_he_cia_path"":null,""include_molecules"":false,""log_hydrogen_to_helium"":-3,""logg"":9.5,""lyman_profile_source"":""allard"",""maximum_metal_charge"":4,""metal_classical_electron_stark"":false,""metal_line_supplements"":[],""mixing_length_alpha"":1.25,""neutral_broadening"":""unsold"",""photospheric_depth_concentration"":1.0,""quality"":""production"",""structure_opacity_sampling_resolution"":1000.0,""synthesis_transfer_depth_refinement"":4}",,acec4d3eda9d53ca93b4c9222508c23101a5d481f2f7751a32b4e9f680dff37e,18901,dab,5065.961017722002,intermediate-abundance-280,
dab-38a30827b4e90ee3b0db077c,DAB,30000,9.5,-1,production,COMPLETE_NUMERICAL,COMPLETE_NUMERICAL,COMPLETE_NUMERICAL,0a74fdbe06596fc145f5169a3b239ddd67053141,"{""abundances"":null,""allard_minimum_effective_temperature"":9000.0,""atmosphere_solver"":""adaptive-newton"",""balmer_self_broadening_prescription"":null,""balmer_self_broadening_truncation_closure"":""stark-core"",""effective_temperature"":30000,""formal_maximum_metal_lines"":null,""formal_minimum_metal_oscillator_strength"":0.0001,""h2_he_cia_path"":null,""include_molecules"":false,""log_hydrogen_to_helium"":-1,""logg"":9.5,""lyman_profile_source"":""allard"",""maximum_metal_charge"":4,""metal_classical_electron_stark"":false,""metal_line_supplements"":[],""mixing_length_alpha"":1.25,""neutral_broadening"":""unsold"",""photospheric_depth_concentration"":1.0,""quality"":""production"",""structure_opacity_sampling_resolution"":1000.0,""synthesis_transfer_depth_refinement"":4}",,015a32b7796c3b4136f0d13050626c57c7e3988e4ace35185b8b88093c9c8530,18901,dab,2389.5342382870003,intermediate-abundance-280,
dab-6bfb01c2f48e16b53d695f7d,DAB,30000,9.5,1,production,COMPLETE_NUMERICAL,COMPLETE_NUMERICAL,COMPLETE_NUMERICAL,0a74fdbe06596fc145f5169a3b239ddd67053141,"{""abundances"":null,""allard_minimum_effective_temperature"":9000.0,""atmosphere_solver"":""adaptive-newton"",""balmer_self_broadening_prescription"":null,""balmer_self_broadening_truncation_closure"":""stark-core"",""effective_temperature"":30000,""formal_maximum_metal_lines"":null,""formal_minimum_metal_oscillator_strength"":0.0001,""h2_he_cia_path"":null,""include_molecules"":false,""log_hydrogen_to_helium"":1,""logg"":9.5,""lyman_profile_source"":""allard"",""maximum_metal_charge"":4,""metal_classical_electron_stark"":false,""metal_line_supplements"":[],""mixing_length_alpha"":1.25,""neutral_broadening"":""unsold"",""photospheric_depth_concentration"":1.0,""quality"":""production"",""structure_opacity_sampling_resolution"":1000.0,""synthesis_transfer_depth_refinement"":4}",,63c484b3498047e751ff1a4cb06a508743d8c4758b45244f688ac6b98324f77a,18901,dab,1738.7216459709962,intermediate-abundance-280,
dab-f92da62b1c883e1e3abd3755,DAB,30000,9.5,3,production,COMPLETE_NUMERICAL,COMPLETE_NUMERICAL,COMPLETE_NUMERICAL,0a74fdbe06596fc145f5169a3b239ddd67053141,"{""abundances"":null,""allard_minimum_effective_temperature"":9000.0,""atmosphere_solver"":""adaptive-newton"",""balmer_self_broadening_prescription"":null,""balmer_self_broadening_truncation_closure"":""stark-core"",""effective_temperature"":30000,""formal_maximum_metal_lines"":null,""formal_minimum_metal_oscillator_strength"":0.0001,""h2_he_cia_path"":null,""include_molecules"":false,""log_hydrogen_to_helium"":3,""logg"":9.5,""lyman_profile_source"":""allard"",""maximum_metal_charge"":4,""metal_classical_electron_stark"":false,""metal_line_supplements"":[],""mixing_length_alpha"":1.25,""neutral_broadening"":""unsold"",""photospheric_depth_concentration"":1.0,""quality"":""production"",""structure_opacity_sampling_resolution"":1000.0,""synthesis_transfer_depth_refinement"":4}",,f50e947d6f85b89d1d5dca0cbb1f1894c9812fba96fd7025410d976a2d93d9d7,18901,dab,1615.1654623549985,intermediate-abundance-280,
dab-a590040ea5f4700fa39f85a9,DAB,35000,6,-5,production,COMPLETE_NUMERICAL,COMPLETE_NUMERICAL,COMPLETE_NUMERICAL,0a74fdbe06596fc145f5169a3b239ddd67053141,"{""abundances"":null,""allard_minimum_effective_temperature"":9000.0,""atmosphere_solver"":""adaptive-newton"",""balmer_self_broadening_prescription"":null,""balmer_self_broadening_truncation_closure"":""stark-core"",""effective_temperature"":35000,""formal_maximum_metal_lines"":null,""formal_minimum_metal_oscillator_strength"":0.0001,""h2_he_cia_path"":null,""include_molecules"":false,""log_hydrogen_to_helium"":-5,""logg"":6,""lyman_profile_source"":""allard"",""maximum_metal_charge"":4,""metal_classical_electron_stark"":false,""metal_line_supplements"":[],""mixing_length_alpha"":1.25,""neutral_broadening"":""unsold"",""photospheric_depth_concentration"":1.0,""quality"":""production"",""structure_opacity_sampling_resolution"":1000.0,""synthesis_transfer_depth_refinement"":4}",,b1e1deecfc0551a8bfca35e1cee73e5cd5a505428bc1974d21ece4067e1dfc42,18901,dab,4318.2303127439955,intermediate-abundance-280,
dab-84cf5cb871ee465bf0f2406e,DAB,35000,6,-3,production,COMPLETE_NUMERICAL,COMPLETE_NUMERICAL,COMPLETE_NUMERICAL,0a74fdbe06596fc145f5169a3b239ddd67053141,"{""abundances"":null,""allard_minimum_effective_temperature"":9000.0,""atmosphere_solver"":""adaptive-newton"",""balmer_self_broadening_prescription"":null,""balmer_self_broadening_truncation_closure"":""stark-core"",""effective_temperature"":35000,""formal_maximum_metal_lines"":null,""formal_minimum_metal_oscillator_strength"":0.0001,""h2_he_cia_path"":null,""include_molecules"":false,""log_hydrogen_to_helium"":-3,""logg"":6,""lyman_profile_source"":""allard"",""maximum_metal_charge"":4,""metal_classical_electron_stark"":false,""metal_line_supplements"":[],""mixing_length_alpha"":1.25,""neutral_broadening"":""unsold"",""photospheric_depth_concentration"":1.0,""quality"":""production"",""structure_opacity_sampling_resolution"":1000.0,""synthesis_transfer_depth_refinement"":4}",,d23c531728e34b4511ba7b40236f0314f5a2d8d4e7d14a39d0f3ea84f64b32ff,18901,dab,4384.413216052999,intermediate-abundance-280,
dab-49a9a635b7636b6a99728c7b,DAB,35000,6,-1,production,COMPLETE_NUMERICAL,COMPLETE_NUMERICAL,COMPLETE_NUMERICAL,0a74fdbe06596fc145f5169a3b239ddd67053141,"{""abundances"":null,""allard_minimum_effective_temperature"":9000.0,""atmosphere_solver"":""adaptive-newton"",""balmer_self_broadening_prescription"":null,""balmer_self_broadening_truncation_closure"":""stark-core"",""effective_temperature"":35000,""formal_maximum_metal_lines"":null,""formal_minimum_metal_oscillator_strength"":0.0001,""h2_he_cia_path"":null,""include_molecules"":false,""log_hydrogen_to_helium"":-1,""logg"":6,""lyman_profile_source"":""allard"",""maximum_metal_charge"":4,""metal_classical_electron_stark"":false,""metal_line_supplements"":[],""mixing_length_alpha"":1.25,""neutral_broadening"":""unsold"",""photospheric_depth_concentration"":1.0,""quality"":""production"",""structure_opacity_sampling_resolution"":1000.0,""synthesis_transfer_depth_refinement"":4}",,b7c97290f31a883baf309f60d36fceaeacfdded25c7be808ffc89cb70b38051a,18901,dab,1351.7011529800002,intermediate-abundance-280,
dab-de6dd6b8116bfb224512ea64,DAB,35000,6,1,production,TIMEOUT,TIMEOUT,TIMEOUT,0a74fdbe06596fc145f5169a3b239ddd67053141,"{""abundances"":null,""allard_minimum_effective_temperature"":9000.0,""atmosphere_solver"":""adaptive-newton"",""balmer_self_broadening_prescription"":null,""balmer_self_broadening_truncation_closure"":""stark-core"",""effective_temperature"":35000,""formal_maximum_metal_lines"":null,""formal_minimum_metal_oscillator_strength"":0.0001,""h2_he_cia_path"":null,""include_molecules"":false,""log_hydrogen_to_helium"":1,""logg"":6,""lyman_profile_source"":""allard"",""maximum_metal_charge"":4,""metal_classical_electron_stark"":false,""metal_line_supplements"":[],""mixing_length_alpha"":1.25,""neutral_broadening"":""unsold"",""photospheric_depth_concentration"":1.0,""quality"":""production"",""structure_opacity_sampling_resolution"":1000.0,""synthesis_transfer_depth_refinement"":4}",,,,,3603.7234090010024,intermediate-abundance-280,
dab-29336163795b74fc1e9a1f2c,DAB,35000,6,3,production,COMPLETE_NUMERICAL,COMPLETE_NUMERICAL,COMPLETE_NUMERICAL,0a74fdbe06596fc145f5169a3b239ddd67053141,"{""abundances"":null,""allard_minimum_effective_temperature"":9000.0,""atmosphere_solver"":""adaptive-newton"",""balmer_self_broadening_prescription"":null,""balmer_self_broadening_truncation_closure"":""stark-core"",""effective_temperature"":35000,""formal_maximum_metal_lines"":null,""formal_minimum_metal_oscillator_strength"":0.0001,""h2_he_cia_path"":null,""include_molecules"":false,""log_hydrogen_to_helium"":3,""logg"":6,""lyman_profile_source"":""allard"",""maximum_metal_charge"":4,""metal_classical_electron_stark"":false,""metal_line_supplements"":[],""mixing_length_alpha"":1.25,""neutral_broadening"":""unsold"",""photospheric_depth_concentration"":1.0,""quality"":""production"",""structure_opacity_sampling_resolution"":1000.0,""synthesis_transfer_depth_refinement"":4}",,5170a7f7cc39985365eb846fcf01ec1d4bf722e1a51f71fd41e0d8008f25f294,18901,dab,1368.127547066004,intermediate-abundance-280,
dab-ea3c565c2c49114ffce28f53,DAB,35000,6.5,-5,production,COMPLETE_NUMERICAL,COMPLETE_NUMERICAL,COMPLETE_NUMERICAL,0a74fdbe06596fc145f5169a3b239ddd67053141,"{""abundances"":null,""allard_minimum_effective_temperature"":9000.0,""atmosphere_solver"":""adaptive-newton"",""balmer_self_broadening_prescription"":null,""balmer_self_broadening_truncation_closure"":""stark-core"",""effective_temperature"":35000,""formal_maximum_metal_lines"":null,""formal_minimum_metal_oscillator_strength"":0.0001,""h2_he_cia_path"":null,""include_molecules"":false,""log_hydrogen_to_helium"":-5,""logg"":6.5,""lyman_profile_source"":""allard"",""maximum_metal_charge"":4,""metal_classical_electron_stark"":false,""metal_line_supplements"":[],""mixing_length_alpha"":1.25,""neutral_broadening"":""unsold"",""photospheric_depth_concentration"":1.0,""quality"":""production"",""structure_opacity_sampling_resolution"":1000.0,""synthesis_transfer_depth_refinement"":4}",,aeabeaabbe17ecaec8e75151c93164d3b7d9fa7eab11c93322193a8f43300d78,18901,dab,1143.8629901739987,intermediate-abundance-280,
dab-5e0bda605d0e90a35ad53ad2,DAB,35000,6.5,-3,production,COMPLETE_NUMERICAL,COMPLETE_NUMERICAL,COMPLETE_NUMERICAL,0a74fdbe06596fc145f5169a3b239ddd67053141,"{""abundances"":null,""allard_minimum_effective_temperature"":9000.0,""atmosphere_solver"":""adaptive-newton"",""balmer_self_broadening_prescription"":null,""balmer_self_broadening_truncation_closure"":""stark-core"",""effective_temperature"":35000,""formal_maximum_metal_lines"":null,""formal_minimum_metal_oscillator_strength"":0.0001,""h2_he_cia_path"":null,""include_molecules"":false,""log_hydrogen_to_helium"":-3,""logg"":6.5,""lyman_profile_source"":""allard"",""maximum_metal_charge"":4,""metal_classical_electron_stark"":false,""metal_line_supplements"":[],""mixing_length_alpha"":1.25,""neutral_broadening"":""unsold"",""photospheric_depth_concentration"":1.0,""quality"":""production"",""structure_opacity_sampling_resolution"":1000.0,""synthesis_transfer_depth_refinement"":4}",,2d8020037098e8540e507790033a2bfde18df88091261a4e35dd339a2fd9e798,18901,dab,4384.392144393998,intermediate-abundance-280,
dab-575694df954e7c1e7db6a26e,DAB,35000,6.5,-1,production,COMPLETE_NUMERICAL,COMPLETE_NUMERICAL,COMPLETE_NUMERICAL,0a74fdbe06596fc145f5169a3b239ddd67053141,"{""abundances"":null,""allard_minimum_effective_temperature"":9000.0,""atmosphere_solver"":""adaptive-newton"",""balmer_self_broadening_prescription"":null,""balmer_self_broadening_truncation_closure"":""stark-core"",""effective_temperature"":35000,""formal_maximum_metal_lines"":null,""formal_minimum_metal_oscillator_strength"":0.0001,""h2_he_cia_path"":null,""include_molecules"":false,""log_hydrogen_to_helium"":-1,""logg"":6.5,""lyman_profile_source"":""allard"",""maximum_metal_charge"":4,""metal_classical_electron_stark"":false,""metal_line_supplements"":[],""mixing_length_alpha"":1.25,""neutral_broadening"":""unsold"",""photospheric_depth_concentration"":1.0,""quality"":""production"",""structure_opacity_sampling_resolution"":1000.0,""synthesis_transfer_depth_refinement"":4}",,faf0fdefc4634b95eac7992490677fe8a29c7bfe5f3a6c49513606ca3c82573b,18901,dab,3894.8410192309966,intermediate-abundance-280,
dab-5cfeae2411f59d6659a2f8d8,DAB,35000,6.5,1,production,COMPLETE_NUMERICAL,COMPLETE_NUMERICAL,COMPLETE_NUMERICAL,0a74fdbe06596fc145f5169a3b239ddd67053141,"{""abundances"":null,""allard_minimum_effective_temperature"":9000.0,""atmosphere_solver"":""adaptive-newton"",""balmer_self_broadening_prescription"":null,""balmer_self_broadening_truncation_closure"":""stark-core"",""effective_temperature"":35000,""formal_maximum_metal_lines"":null,""formal_minimum_metal_oscillator_strength"":0.0001,""h2_he_cia_path"":null,""include_molecules"":false,""log_hydrogen_to_helium"":1,""logg"":6.5,""lyman_profile_source"":""allard"",""maximum_metal_charge"":4,""metal_classical_electron_stark"":false,""metal_line_supplements"":[],""mixing_length_alpha"":1.25,""neutral_broadening"":""unsold"",""photospheric_depth_concentration"":1.0,""quality"":""production"",""structure_opacity_sampling_resolution"":1000.0,""synthesis_transfer_depth_refinement"":4}",,1a1d253728cd01b0588d624a7bdeba979817144211b7337215074dd4d4b7a1f7,18901,dab,2032.3950112449966,intermediate-abundance-280,
dab-1c81c3159f7c8866fea8605f,DAB,35000,6.5,3,production,COMPLETE_NUMERICAL,COMPLETE_NUMERICAL,COMPLETE_NUMERICAL,0a74fdbe06596fc145f5169a3b239ddd67053141,"{""abundances"":null,""allard_minimum_effective_temperature"":9000.0,""atmosphere_solver"":""adaptive-newton"",""balmer_self_broadening_prescription"":null,""balmer_self_broadening_truncation_closure"":""stark-core"",""effective_temperature"":35000,""formal_maximum_metal_lines"":null,""formal_minimum_metal_oscillator_strength"":0.0001,""h2_he_cia_path"":null,""include_molecules"":false,""log_hydrogen_to_helium"":3,""logg"":6.5,""lyman_profile_source"":""allard"",""maximum_metal_charge"":4,""metal_classical_electron_stark"":false,""metal_line_supplements"":[],""mixing_length_alpha"":1.25,""neutral_broadening"":""unsold"",""photospheric_depth_concentration"":1.0,""quality"":""production"",""structure_opacity_sampling_resolution"":1000.0,""synthesis_transfer_depth_refinement"":4}",,65fe0c4ed3fda5a2469c6100fb23ddad58dc86b036f2a919b9fea9816695baff,18901,dab,1492.9148345219946,intermediate-abundance-280,
dab-bed347af3e1156d2227c2302,DAB,35000,7,-5,production,COMPLETE_NUMERICAL,COMPLETE_NUMERICAL,COMPLETE_NUMERICAL,0a74fdbe06596fc145f5169a3b239ddd67053141,"{""abundances"":null,""allard_minimum_effective_temperature"":9000.0,""atmosphere_solver"":""adaptive-newton"",""balmer_self_broadening_prescription"":null,""balmer_self_broadening_truncation_closure"":""stark-core"",""effective_temperature"":35000,""formal_maximum_metal_lines"":null,""formal_minimum_metal_oscillator_strength"":0.0001,""h2_he_cia_path"":null,""include_molecules"":false,""log_hydrogen_to_helium"":-5,""logg"":7,""lyman_profile_source"":""allard"",""maximum_metal_charge"":4,""metal_classical_electron_stark"":false,""metal_line_supplements"":[],""mixing_length_alpha"":1.25,""neutral_broadening"":""unsold"",""photospheric_depth_concentration"":1.0,""quality"":""production"",""structure_opacity_sampling_resolution"":1000.0,""synthesis_transfer_depth_refinement"":4}",,45cb441e217389fb071c32115e9cfd952905b582fd4af14ebdc2960526a83287,18901,dab,1368.8405731699968,intermediate-abundance-280,
dab-f8d6691faddbb4e140b8631b,DAB,35000,7,-3,production,COMPLETE_NUMERICAL,COMPLETE_NUMERICAL,COMPLETE_NUMERICAL,0a74fdbe06596fc145f5169a3b239ddd67053141,"{""abundances"":null,""allard_minimum_effective_temperature"":9000.0,""atmosphere_solver"":""adaptive-newton"",""balmer_self_broadening_prescription"":null,""balmer_self_broadening_truncation_closure"":""stark-core"",""effective_temperature"":35000,""formal_maximum_metal_lines"":null,""formal_minimum_metal_oscillator_strength"":0.0001,""h2_he_cia_path"":null,""include_molecules"":false,""log_hydrogen_to_helium"":-3,""logg"":7,""lyman_profile_source"":""allard"",""maximum_metal_charge"":4,""metal_classical_electron_stark"":false,""metal_line_supplements"":[],""mixing_length_alpha"":1.25,""neutral_broadening"":""unsold"",""photospheric_depth_concentration"":1.0,""quality"":""production"",""structure_opacity_sampling_resolution"":1000.0,""synthesis_transfer_depth_refinement"":4}",,20f51513d302f700b77b0b876bd41d4a805a803b6c2b5a0c75d3be2b8a8392c7,18901,dab,1932.233766708996,intermediate-abundance-280,
dab-65b38e910b20afa5953f6be5,DAB,35000,7,-1,production,COMPLETE_NUMERICAL,COMPLETE_NUMERICAL,COMPLETE_NUMERICAL,0a74fdbe06596fc145f5169a3b239ddd67053141,"{""abundances"":null,""allard_minimum_effective_temperature"":9000.0,""atmosphere_solver"":""adaptive-newton"",""balmer_self_broadening_prescription"":null,""balmer_self_broadening_truncation_closure"":""stark-core"",""effective_temperature"":35000,""formal_maximum_metal_lines"":null,""formal_minimum_metal_oscillator_strength"":0.0001,""h2_he_cia_path"":null,""include_molecules"":false,""log_hydrogen_to_helium"":-1,""logg"":7,""lyman_profile_source"":""allard"",""maximum_metal_charge"":4,""metal_classical_electron_stark"":false,""metal_line_supplements"":[],""mixing_length_alpha"":1.25,""neutral_broadening"":""unsold"",""photospheric_depth_concentration"":1.0,""quality"":""production"",""structure_opacity_sampling_resolution"":1000.0,""synthesis_transfer_depth_refinement"":4}",,cf6df8686309387ecd096b30e2ff9b1a8bfc1533cc5cb25c59ea6469703a3251,18901,dab,1444.2712727830003,intermediate-abundance-280,
dab-b499f01b5fc19808bdb2e24a,DAB,35000,7,1,production,COMPLETE_NUMERICAL,COMPLETE_NUMERICAL,COMPLETE_NUMERICAL,0a74fdbe06596fc145f5169a3b239ddd67053141,"{""abundances"":null,""allard_minimum_effective_temperature"":9000.0,""atmosphere_solver"":""adaptive-newton"",""balmer_self_broadening_prescription"":null,""balmer_self_broadening_truncation_closure"":""stark-core"",""effective_temperature"":35000,""formal_maximum_metal_lines"":null,""formal_minimum_metal_oscillator_strength"":0.0001,""h2_he_cia_path"":null,""include_molecules"":false,""log_hydrogen_to_helium"":1,""logg"":7,""lyman_profile_source"":""allard"",""maximum_metal_charge"":4,""metal_classical_electron_stark"":false,""metal_line_supplements"":[],""mixing_length_alpha"":1.25,""neutral_broadening"":""unsold"",""photospheric_depth_concentration"":1.0,""quality"":""production"",""structure_opacity_sampling_resolution"":1000.0,""synthesis_transfer_depth_refinement"":4}",,5db33bb182acb8ca27fa0f5f9b66d271f64e84b147871b2618be633ced710124,18901,dab,1693.7275308279932,intermediate-abundance-280,
dab-50c7179b0b692b25da19189c,DAB,35000,7,3,production,COMPLETE_NUMERICAL,COMPLETE_NUMERICAL,COMPLETE_NUMERICAL,0a74fdbe06596fc145f5169a3b239ddd67053141,"{""abundances"":null,""allard_minimum_effective_temperature"":9000.0,""atmosphere_solver"":""adaptive-newton"",""balmer_self_broadening_prescription"":null,""balmer_self_broadening_truncation_closure"":""stark-core"",""effective_temperature"":35000,""formal_maximum_metal_lines"":null,""formal_minimum_metal_oscillator_strength"":0.0001,""h2_he_cia_path"":null,""include_molecules"":false,""log_hydrogen_to_helium"":3,""logg"":7,""lyman_profile_source"":""allard"",""maximum_metal_charge"":4,""metal_classical_electron_stark"":false,""metal_line_supplements"":[],""mixing_length_alpha"":1.25,""neutral_broadening"":""unsold"",""photospheric_depth_concentration"":1.0,""quality"":""production"",""structure_opacity_sampling_resolution"":1000.0,""synthesis_transfer_depth_refinement"":4}",,03917ffdf4f3426899a998a0ff6b354ee05ebb8acff9de1c77b980ff09a85242,18901,dab,1331.7933517860001,intermediate-abundance-280,
dab-52f0e73a6c2f5043deca1f0f,DAB,35000,7.5,-5,production,COMPLETE_NUMERICAL,COMPLETE_NUMERICAL,COMPLETE_NUMERICAL,0a74fdbe06596fc145f5169a3b239ddd67053141,"{""abundances"":null,""allard_minimum_effective_temperature"":9000.0,""atmosphere_solver"":""adaptive-newton"",""balmer_self_broadening_prescription"":null,""balmer_self_broadening_truncation_closure"":""stark-core"",""effective_temperature"":35000,""formal_maximum_metal_lines"":null,""formal_minimum_metal_oscillator_strength"":0.0001,""h2_he_cia_path"":null,""include_molecules"":false,""log_hydrogen_to_helium"":-5,""logg"":7.5,""lyman_profile_source"":""allard"",""maximum_metal_charge"":4,""metal_classical_electron_stark"":false,""metal_line_supplements"":[],""mixing_length_alpha"":1.25,""neutral_broadening"":""unsold"",""photospheric_depth_concentration"":1.0,""quality"":""production"",""structure_opacity_sampling_resolution"":1000.0,""synthesis_transfer_depth_refinement"":4}",,08b02fe9b1b63a139c25941cdb1f0e3e805a75dcbd700e9df545e50f74256e00,18901,dab,1525.8726863939955,intermediate-abundance-280,
dab-00fe3d320bf277804458783a,DAB,35000,7.5,-3,production,COMPLETE_NUMERICAL,COMPLETE_NUMERICAL,COMPLETE_NUMERICAL,0a74fdbe06596fc145f5169a3b239ddd67053141,"{""abundances"":null,""allard_minimum_effective_temperature"":9000.0,""atmosphere_solver"":""adaptive-newton"",""balmer_self_broadening_prescription"":null,""balmer_self_broadening_truncation_closure"":""stark-core"",""effective_temperature"":35000,""formal_maximum_metal_lines"":null,""formal_minimum_metal_oscillator_strength"":0.0001,""h2_he_cia_path"":null,""include_molecules"":false,""log_hydrogen_to_helium"":-3,""logg"":7.5,""lyman_profile_source"":""allard"",""maximum_metal_charge"":4,""metal_classical_electron_stark"":false,""metal_line_supplements"":[],""mixing_length_alpha"":1.25,""neutral_broadening"":""unsold"",""photospheric_depth_concentration"":1.0,""quality"":""production"",""structure_opacity_sampling_resolution"":1000.0,""synthesis_transfer_depth_refinement"":4}",,150dee4710790238f1c6813f68156d7ebf16d46827c5dfe1a2856cd4fbe343da,18901,dab,1970.745869020997,intermediate-abundance-280,
dab-d5df94622561ed2749ca5195,DAB,35000,7.5,-1,production,COMPLETE_NUMERICAL,COMPLETE_NUMERICAL,COMPLETE_NUMERICAL,0a74fdbe06596fc145f5169a3b239ddd67053141,"{""abundances"":null,""allard_minimum_effective_temperature"":9000.0,""atmosphere_solver"":""adaptive-newton"",""balmer_self_broadening_prescription"":null,""balmer_self_broadening_truncation_closure"":""stark-core"",""effective_temperature"":35000,""formal_maximum_metal_lines"":null,""formal_minimum_metal_oscillator_strength"":0.0001,""h2_he_cia_path"":null,""include_molecules"":false,""log_hydrogen_to_helium"":-1,""logg"":7.5,""lyman_profile_source"":""allard"",""maximum_metal_charge"":4,""metal_classical_electron_stark"":false,""metal_line_supplements"":[],""mixing_length_alpha"":1.25,""neutral_broadening"":""unsold"",""photospheric_depth_concentration"":1.0,""quality"":""production"",""structure_opacity_sampling_resolution"":1000.0,""synthesis_transfer_depth_refinement"":4}",,6a0bfbf50f8d0e0f94f860ac18c2a40c653053d6691b9ff6dbad7af71018ce06,18901,dab,1883.897882403995,intermediate-abundance-280,
dab-0d3e181f294d33fb400f9e3d,DAB,35000,7.5,1,production,COMPLETE_NUMERICAL,COMPLETE_NUMERICAL,COMPLETE_NUMERICAL,0a74fdbe06596fc145f5169a3b239ddd67053141,"{""abundances"":null,""allard_minimum_effective_temperature"":9000.0,""atmosphere_solver"":""adaptive-newton"",""balmer_self_broadening_prescription"":null,""balmer_self_broadening_truncation_closure"":""stark-core"",""effective_temperature"":35000,""formal_maximum_metal_lines"":null,""formal_minimum_metal_oscillator_strength"":0.0001,""h2_he_cia_path"":null,""include_molecules"":false,""log_hydrogen_to_helium"":1,""logg"":7.5,""lyman_profile_source"":""allard"",""maximum_metal_charge"":4,""metal_classical_electron_stark"":false,""metal_line_supplements"":[],""mixing_length_alpha"":1.25,""neutral_broadening"":""unsold"",""photospheric_depth_concentration"":1.0,""quality"":""production"",""structure_opacity_sampling_resolution"":1000.0,""synthesis_transfer_depth_refinement"":4}",,ee6ccf45ce0008291054eee9f86e04d2d24576917bffe8a6543fbbf9866a0ded,18901,dab,1737.554404265,intermediate-abundance-280,
dab-fc74007fef24d7118e721388,DAB,35000,7.5,3,production,COMPLETE_NUMERICAL,COMPLETE_NUMERICAL,COMPLETE_NUMERICAL,0a74fdbe06596fc145f5169a3b239ddd67053141,"{""abundances"":null,""allard_minimum_effective_temperature"":9000.0,""atmosphere_solver"":""adaptive-newton"",""balmer_self_broadening_prescription"":null,""balmer_self_broadening_truncation_closure"":""stark-core"",""effective_temperature"":35000,""formal_maximum_metal_lines"":null,""formal_minimum_metal_oscillator_strength"":0.0001,""h2_he_cia_path"":null,""include_molecules"":false,""log_hydrogen_to_helium"":3,""logg"":7.5,""lyman_profile_source"":""allard"",""maximum_metal_charge"":4,""metal_classical_electron_stark"":false,""metal_line_supplements"":[],""mixing_length_alpha"":1.25,""neutral_broadening"":""unsold"",""photospheric_depth_concentration"":1.0,""quality"":""production"",""structure_opacity_sampling_resolution"":1000.0,""synthesis_transfer_depth_refinement"":4}",,3b55b9f9f85b9b7de73d7ac0b878a22a4123012ec26c539ba01b0dcdf37e80c6,18901,dab,1306.1000250329962,intermediate-abundance-280,
dab-6616495a0d0442acc6564742,DAB,35000,8,-5,production,COMPLETE_NUMERICAL,COMPLETE_NUMERICAL,COMPLETE_NUMERICAL,0a74fdbe06596fc145f5169a3b239ddd67053141,"{""abundances"":null,""allard_minimum_effective_temperature"":9000.0,""atmosphere_solver"":""adaptive-newton"",""balmer_self_broadening_prescription"":null,""balmer_self_broadening_truncation_closure"":""stark-core"",""effective_temperature"":35000,""formal_maximum_metal_lines"":null,""formal_minimum_metal_oscillator_strength"":0.0001,""h2_he_cia_path"":null,""include_molecules"":false,""log_hydrogen_to_helium"":-5,""logg"":8,""lyman_profile_source"":""allard"",""maximum_metal_charge"":4,""metal_classical_electron_stark"":false,""metal_line_supplements"":[],""mixing_length_alpha"":1.25,""neutral_broadening"":""unsold"",""photospheric_depth_concentration"":1.0,""quality"":""production"",""structure_opacity_sampling_resolution"":1000.0,""synthesis_transfer_depth_refinement"":4}",,1a078a3d49878303d714fa1c5b36a656488def844b7018c08d29aa7228c34a28,18901,dab,2386.6977653720023,intermediate-abundance-280,
dab-4b1b4d86d4465e017fa02a06,DAB,35000,8,-3,production,COMPLETE_NUMERICAL,COMPLETE_NUMERICAL,COMPLETE_NUMERICAL,0a74fdbe06596fc145f5169a3b239ddd67053141,"{""abundances"":null,""allard_minimum_effective_temperature"":9000.0,""atmosphere_solver"":""adaptive-newton"",""balmer_self_broadening_prescription"":null,""balmer_self_broadening_truncation_closure"":""stark-core"",""effective_temperature"":35000,""formal_maximum_metal_lines"":null,""formal_minimum_metal_oscillator_strength"":0.0001,""h2_he_cia_path"":null,""include_molecules"":false,""log_hydrogen_to_helium"":-3,""logg"":8,""lyman_profile_source"":""allard"",""maximum_metal_charge"":4,""metal_classical_electron_stark"":false,""metal_line_supplements"":[],""mixing_length_alpha"":1.25,""neutral_broadening"":""unsold"",""photospheric_depth_concentration"":1.0,""quality"":""production"",""structure_opacity_sampling_resolution"":1000.0,""synthesis_transfer_depth_refinement"":4}",,d01d82427e580f54717e5938a19866828b765a3a4b4de679052acb15de0404ba,18901,dab,2402.0055407580003,intermediate-abundance-280,
dab-736a01182b424e034aac5383,DAB,35000,8,-1,production,COMPLETE_NUMERICAL,COMPLETE_NUMERICAL,COMPLETE_NUMERICAL,0a74fdbe06596fc145f5169a3b239ddd67053141,"{""abundances"":null,""allard_minimum_effective_temperature"":9000.0,""atmosphere_solver"":""adaptive-newton"",""balmer_self_broadening_prescription"":null,""balmer_self_broadening_truncation_closure"":""stark-core"",""effective_temperature"":35000,""formal_maximum_metal_lines"":null,""formal_minimum_metal_oscillator_strength"":0.0001,""h2_he_cia_path"":null,""include_molecules"":false,""log_hydrogen_to_helium"":-1,""logg"":8,""lyman_profile_source"":""allard"",""maximum_metal_charge"":4,""metal_classical_electron_stark"":false,""metal_line_supplements"":[],""mixing_length_alpha"":1.25,""neutral_broadening"":""unsold"",""photospheric_depth_concentration"":1.0,""quality"":""production"",""structure_opacity_sampling_resolution"":1000.0,""synthesis_transfer_depth_refinement"":4}",,c9c06604d1c37d0cbc07d216049ce5611d7b9b88e5de9b682b912f0fce9cfb68,18901,dab,2064.9030709470026,intermediate-abundance-280,
dab-a028f9491d3bb8d940748159,DAB,35000,8,1,production,COMPLETE_NUMERICAL,COMPLETE_NUMERICAL,COMPLETE_NUMERICAL,0a74fdbe06596fc145f5169a3b239ddd67053141,"{""abundances"":null,""allard_minimum_effective_temperature"":9000.0,""atmosphere_solver"":""adaptive-newton"",""balmer_self_broadening_prescription"":null,""balmer_self_broadening_truncation_closure"":""stark-core"",""effective_temperature"":35000,""formal_maximum_metal_lines"":null,""formal_minimum_metal_oscillator_strength"":0.0001,""h2_he_cia_path"":null,""include_molecules"":false,""log_hydrogen_to_helium"":1,""logg"":8,""lyman_profile_source"":""allard"",""maximum_metal_charge"":4,""metal_classical_electron_stark"":false,""metal_line_supplements"":[],""mixing_length_alpha"":1.25,""neutral_broadening"":""unsold"",""photospheric_depth_concentration"":1.0,""quality"":""production"",""structure_opacity_sampling_resolution"":1000.0,""synthesis_transfer_depth_refinement"":4}",,eaffc5a2def795e5f66b0a4873d819c2d48680d918548ef9adecf882f7a28574,18901,dab,1743.076872603997,intermediate-abundance-280,
dab-27df3def49a9f084b3b5cb6d,DAB,35000,8,3,production,COMPLETE_NUMERICAL,COMPLETE_NUMERICAL,COMPLETE_NUMERICAL,0a74fdbe06596fc145f5169a3b239ddd67053141,"{""abundances"":null,""allard_minimum_effective_temperature"":9000.0,""atmosphere_solver"":""adaptive-newton"",""balmer_self_broadening_prescription"":null,""balmer_self_broadening_truncation_closure"":""stark-core"",""effective_temperature"":35000,""formal_maximum_metal_lines"":null,""formal_minimum_metal_oscillator_strength"":0.0001,""h2_he_cia_path"":null,""include_molecules"":false,""log_hydrogen_to_helium"":3,""logg"":8,""lyman_profile_source"":""allard"",""maximum_metal_charge"":4,""metal_classical_electron_stark"":false,""metal_line_supplements"":[],""mixing_length_alpha"":1.25,""neutral_broadening"":""unsold"",""photospheric_depth_concentration"":1.0,""quality"":""production"",""structure_opacity_sampling_resolution"":1000.0,""synthesis_transfer_depth_refinement"":4}",,c204f4fa7e035423c9617a93025898f771d8c476f854dcd8a38b13789d958628,18901,dab,1461.706464628005,intermediate-abundance-280,
dab-038192d3a6fe7f3ae65b9d3a,DAB,35000,8.5,-5,production,COMPLETE_NUMERICAL,COMPLETE_NUMERICAL,COMPLETE_NUMERICAL,0a74fdbe06596fc145f5169a3b239ddd67053141,"{""abundances"":null,""allard_minimum_effective_temperature"":9000.0,""atmosphere_solver"":""adaptive-newton"",""balmer_self_broadening_prescription"":null,""balmer_self_broadening_truncation_closure"":""stark-core"",""effective_temperature"":35000,""formal_maximum_metal_lines"":null,""formal_minimum_metal_oscillator_strength"":0.0001,""h2_he_cia_path"":null,""include_molecules"":false,""log_hydrogen_to_helium"":-5,""logg"":8.5,""lyman_profile_source"":""allard"",""maximum_metal_charge"":4,""metal_classical_electron_stark"":false,""metal_line_supplements"":[],""mixing_length_alpha"":1.25,""neutral_broadening"":""unsold"",""photospheric_depth_concentration"":1.0,""quality"":""production"",""structure_opacity_sampling_resolution"":1000.0,""synthesis_transfer_depth_refinement"":4}",,30276cee05b8f0668bae1a893779713917f407ef32b3058045b4bcddcfd43dc1,18901,dab,2253.5948290250017,intermediate-abundance-280,
dab-d1d3b8dd1468f2f316a8d967,DAB,35000,8.5,-3,production,COMPLETE_NUMERICAL,COMPLETE_NUMERICAL,COMPLETE_NUMERICAL,0a74fdbe06596fc145f5169a3b239ddd67053141,"{""abundances"":null,""allard_minimum_effective_temperature"":9000.0,""atmosphere_solver"":""adaptive-newton"",""balmer_self_broadening_prescription"":null,""balmer_self_broadening_truncation_closure"":""stark-core"",""effective_temperature"":35000,""formal_maximum_metal_lines"":null,""formal_minimum_metal_oscillator_strength"":0.0001,""h2_he_cia_path"":null,""include_molecules"":false,""log_hydrogen_to_helium"":-3,""logg"":8.5,""lyman_profile_source"":""allard"",""maximum_metal_charge"":4,""metal_classical_electron_stark"":false,""metal_line_supplements"":[],""mixing_length_alpha"":1.25,""neutral_broadening"":""unsold"",""photospheric_depth_concentration"":1.0,""quality"":""production"",""structure_opacity_sampling_resolution"":1000.0,""synthesis_transfer_depth_refinement"":4}",,05af9228d099099a6fb85c65224480bb008c9cf79a3a9f77c262e9f1e10638f4,18901,dab,2473.238556203003,intermediate-abundance-280,
dab-a3fa6a41b18c371588215805,DAB,35000,8.5,-1,production,COMPLETE_NUMERICAL,COMPLETE_NUMERICAL,COMPLETE_NUMERICAL,0a74fdbe06596fc145f5169a3b239ddd67053141,"{""abundances"":null,""allard_minimum_effective_temperature"":9000.0,""atmosphere_solver"":""adaptive-newton"",""balmer_self_broadening_prescription"":null,""balmer_self_broadening_truncation_closure"":""stark-core"",""effective_temperature"":35000,""formal_maximum_metal_lines"":null,""formal_minimum_metal_oscillator_strength"":0.0001,""h2_he_cia_path"":null,""include_molecules"":false,""log_hydrogen_to_helium"":-1,""logg"":8.5,""lyman_profile_source"":""allard"",""maximum_metal_charge"":4,""metal_classical_electron_stark"":false,""metal_line_supplements"":[],""mixing_length_alpha"":1.25,""neutral_broadening"":""unsold"",""photospheric_depth_concentration"":1.0,""quality"":""production"",""structure_opacity_sampling_resolution"":1000.0,""synthesis_transfer_depth_refinement"":4}",,77ee74cdac681f2c6121ba410bc153c1417b0790ddad41809ed4bff1aec918ec,18901,dab,1783.702071929998,intermediate-abundance-280,
dab-c1e2dba1cd54eec02458c71c,DAB,35000,8.5,1,production,COMPLETE_NUMERICAL,COMPLETE_NUMERICAL,COMPLETE_NUMERICAL,0a74fdbe06596fc145f5169a3b239ddd67053141,"{""abundances"":null,""allard_minimum_effective_temperature"":9000.0,""atmosphere_solver"":""adaptive-newton"",""balmer_self_broadening_prescription"":null,""balmer_self_broadening_truncation_closure"":""stark-core"",""effective_temperature"":35000,""formal_maximum_metal_lines"":null,""formal_minimum_metal_oscillator_strength"":0.0001,""h2_he_cia_path"":null,""include_molecules"":false,""log_hydrogen_to_helium"":1,""logg"":8.5,""lyman_profile_source"":""allard"",""maximum_metal_charge"":4,""metal_classical_electron_stark"":false,""metal_line_supplements"":[],""mixing_length_alpha"":1.25,""neutral_broadening"":""unsold"",""photospheric_depth_concentration"":1.0,""quality"":""production"",""structure_opacity_sampling_resolution"":1000.0,""synthesis_transfer_depth_refinement"":4}",,fa53ec85b9a71fbdfa9378643034f8308cbac1ea37d2a2430d97cb3ace4a9a14,18901,dab,1557.6526321100027,intermediate-abundance-280,
dab-7ca7895a0444178f6a7543bd,DAB,35000,8.5,3,production,COMPLETE_NUMERICAL,COMPLETE_NUMERICAL,COMPLETE_NUMERICAL,0a74fdbe06596fc145f5169a3b239ddd67053141,"{""abundances"":null,""allard_minimum_effective_temperature"":9000.0,""atmosphere_solver"":""adaptive-newton"",""balmer_self_broadening_prescription"":null,""balmer_self_broadening_truncation_closure"":""stark-core"",""effective_temperature"":35000,""formal_maximum_metal_lines"":null,""formal_minimum_metal_oscillator_strength"":0.0001,""h2_he_cia_path"":null,""include_molecules"":false,""log_hydrogen_to_helium"":3,""logg"":8.5,""lyman_profile_source"":""allard"",""maximum_metal_charge"":4,""metal_classical_electron_stark"":false,""metal_line_supplements"":[],""mixing_length_alpha"":1.25,""neutral_broadening"":""unsold"",""photospheric_depth_concentration"":1.0,""quality"":""production"",""structure_opacity_sampling_resolution"":1000.0,""synthesis_transfer_depth_refinement"":4}",,394b01ff466cc5d85224d6bc412d5260aa3b7fc2de66619575593ab4be94a426,18901,dab,1250.796069651995,intermediate-abundance-280,
dab-d392619feeb2b92797c8966d,DAB,35000,9,-5,production,COMPLETE_NUMERICAL,COMPLETE_NUMERICAL,COMPLETE_NUMERICAL,0a74fdbe06596fc145f5169a3b239ddd67053141,"{""abundances"":null,""allard_minimum_effective_temperature"":9000.0,""atmosphere_solver"":""adaptive-newton"",""balmer_self_broadening_prescription"":null,""balmer_self_broadening_truncation_closure"":""stark-core"",""effective_temperature"":35000,""formal_maximum_metal_lines"":null,""formal_minimum_metal_oscillator_strength"":0.0001,""h2_he_cia_path"":null,""include_molecules"":false,""log_hydrogen_to_helium"":-5,""logg"":9,""lyman_profile_source"":""allard"",""maximum_metal_charge"":4,""metal_classical_electron_stark"":false,""metal_line_supplements"":[],""mixing_length_alpha"":1.25,""neutral_broadening"":""unsold"",""photospheric_depth_concentration"":1.0,""quality"":""production"",""structure_opacity_sampling_resolution"":1000.0,""synthesis_transfer_depth_refinement"":4}",,5a14bdb824f3ffb52dfaf83dd2d42cabb8ce2261e5400a909842ed546774b68a,18901,dab,1846.3207591499959,intermediate-abundance-280,
dab-41cfd983f554db808f40f49b,DAB,35000,9,-3,production,COMPLETE_NUMERICAL,COMPLETE_NUMERICAL,COMPLETE_NUMERICAL,0a74fdbe06596fc145f5169a3b239ddd67053141,"{""abundances"":null,""allard_minimum_effective_temperature"":9000.0,""atmosphere_solver"":""adaptive-newton"",""balmer_self_broadening_prescription"":null,""balmer_self_broadening_truncation_closure"":""stark-core"",""effective_temperature"":35000,""formal_maximum_metal_lines"":null,""formal_minimum_metal_oscillator_strength"":0.0001,""h2_he_cia_path"":null,""include_molecules"":false,""log_hydrogen_to_helium"":-3,""logg"":9,""lyman_profile_source"":""allard"",""maximum_metal_charge"":4,""metal_classical_electron_stark"":false,""metal_line_supplements"":[],""mixing_length_alpha"":1.25,""neutral_broadening"":""unsold"",""photospheric_depth_concentration"":1.0,""quality"":""production"",""structure_opacity_sampling_resolution"":1000.0,""synthesis_transfer_depth_refinement"":4}",,22de90a8560be64374b4875e93e56f5ba4f8a4e3d93e0debf043203e86994c8f,18901,dab,1582.7751823259969,intermediate-abundance-280,
dab-b1ee269b6168a5e4bcab0bb3,DAB,35000,9,-1,production,COMPLETE_NUMERICAL,COMPLETE_NUMERICAL,COMPLETE_NUMERICAL,0a74fdbe06596fc145f5169a3b239ddd67053141,"{""abundances"":null,""allard_minimum_effective_temperature"":9000.0,""atmosphere_solver"":""adaptive-newton"",""balmer_self_broadening_prescription"":null,""balmer_self_broadening_truncation_closure"":""stark-core"",""effective_temperature"":35000,""formal_maximum_metal_lines"":null,""formal_minimum_metal_oscillator_strength"":0.0001,""h2_he_cia_path"":null,""include_molecules"":false,""log_hydrogen_to_helium"":-1,""logg"":9,""lyman_profile_source"":""allard"",""maximum_metal_charge"":4,""metal_classical_electron_stark"":false,""metal_line_supplements"":[],""mixing_length_alpha"":1.25,""neutral_broadening"":""unsold"",""photospheric_depth_concentration"":1.0,""quality"":""production"",""structure_opacity_sampling_resolution"":1000.0,""synthesis_transfer_depth_refinement"":4}",,53ff56f3411609a2ee3c5f69b54ad3914658fd64f60fff6f8ede8df8d8007b05,18901,dab,1751.7112201850032,intermediate-abundance-280,
dab-7acf01d27427e80b2bdd6125,DAB,35000,9,1,production,COMPLETE_NUMERICAL,COMPLETE_NUMERICAL,COMPLETE_NUMERICAL,0a74fdbe06596fc145f5169a3b239ddd67053141,"{""abundances"":null,""allard_minimum_effective_temperature"":9000.0,""atmosphere_solver"":""adaptive-newton"",""balmer_self_broadening_prescription"":null,""balmer_self_broadening_truncation_closure"":""stark-core"",""effective_temperature"":35000,""formal_maximum_metal_lines"":null,""formal_minimum_metal_oscillator_strength"":0.0001,""h2_he_cia_path"":null,""include_molecules"":false,""log_hydrogen_to_helium"":1,""logg"":9,""lyman_profile_source"":""allard"",""maximum_metal_charge"":4,""metal_classical_electron_stark"":false,""metal_line_supplements"":[],""mixing_length_alpha"":1.25,""neutral_broadening"":""unsold"",""photospheric_depth_concentration"":1.0,""quality"":""production"",""structure_opacity_sampling_resolution"":1000.0,""synthesis_transfer_depth_refinement"":4}",,0b663089ab1ba4e54255b019e1ceca619dd11f38af4fbc6bbae0f075e082e460,18901,dab,1660.1698450580006,intermediate-abundance-280,
dab-898cc75071a1707a134fb347,DAB,35000,9,3,production,COMPLETE_NUMERICAL,COMPLETE_NUMERICAL,COMPLETE_NUMERICAL,0a74fdbe06596fc145f5169a3b239ddd67053141,"{""abundances"":null,""allard_minimum_effective_temperature"":9000.0,""atmosphere_solver"":""adaptive-newton"",""balmer_self_broadening_prescription"":null,""balmer_self_broadening_truncation_closure"":""stark-core"",""effective_temperature"":35000,""formal_maximum_metal_lines"":null,""formal_minimum_metal_oscillator_strength"":0.0001,""h2_he_cia_path"":null,""include_molecules"":false,""log_hydrogen_to_helium"":3,""logg"":9,""lyman_profile_source"":""allard"",""maximum_metal_charge"":4,""metal_classical_electron_stark"":false,""metal_line_supplements"":[],""mixing_length_alpha"":1.25,""neutral_broadening"":""unsold"",""photospheric_depth_concentration"":1.0,""quality"":""production"",""structure_opacity_sampling_resolution"":1000.0,""synthesis_transfer_depth_refinement"":4}",,c07c197b26b842b761a4ca99804986d7bb1fccf9273548e0bb4f72b2eff7de2c,18901,dab,1312.1994386239967,intermediate-abundance-280,
dab-eac1608bf92495ab8bc3b9f8,DAB,35000,9.5,-5,production,COMPLETE_NUMERICAL,COMPLETE_NUMERICAL,COMPLETE_NUMERICAL,0a74fdbe06596fc145f5169a3b239ddd67053141,"{""abundances"":null,""allard_minimum_effective_temperature"":9000.0,""atmosphere_solver"":""adaptive-newton"",""balmer_self_broadening_prescription"":null,""balmer_self_broadening_truncation_closure"":""stark-core"",""effective_temperature"":35000,""formal_maximum_metal_lines"":null,""formal_minimum_metal_oscillator_strength"":0.0001,""h2_he_cia_path"":null,""include_molecules"":false,""log_hydrogen_to_helium"":-5,""logg"":9.5,""lyman_profile_source"":""allard"",""maximum_metal_charge"":4,""metal_classical_electron_stark"":false,""metal_line_supplements"":[],""mixing_length_alpha"":1.25,""neutral_broadening"":""unsold"",""photospheric_depth_concentration"":1.0,""quality"":""production"",""structure_opacity_sampling_resolution"":1000.0,""synthesis_transfer_depth_refinement"":4}",,8b979095330f89ca5e810dd293f6a0ecd619429dba9f68f3c37e62bc9303abbe,18901,dab,1804.8781661230023,intermediate-abundance-280,
dab-660f9f8a305de8a05bc124aa,DAB,35000,9.5,-3,production,COMPLETE_NUMERICAL,COMPLETE_NUMERICAL,COMPLETE_NUMERICAL,0a74fdbe06596fc145f5169a3b239ddd67053141,"{""abundances"":null,""allard_minimum_effective_temperature"":9000.0,""atmosphere_solver"":""adaptive-newton"",""balmer_self_broadening_prescription"":null,""balmer_self_broadening_truncation_closure"":""stark-core"",""effective_temperature"":35000,""formal_maximum_metal_lines"":null,""formal_minimum_metal_oscillator_strength"":0.0001,""h2_he_cia_path"":null,""include_molecules"":false,""log_hydrogen_to_helium"":-3,""logg"":9.5,""lyman_profile_source"":""allard"",""maximum_metal_charge"":4,""metal_classical_electron_stark"":false,""metal_line_supplements"":[],""mixing_length_alpha"":1.25,""neutral_broadening"":""unsold"",""photospheric_depth_concentration"":1.0,""quality"":""production"",""structure_opacity_sampling_resolution"":1000.0,""synthesis_transfer_depth_refinement"":4}",,1bfdf5279c4f92b4e30e23bc0b54709ef06b75cc0affe31d7ed6f8f17895a2c0,18901,dab,1614.9371394379996,intermediate-abundance-280,
dab-af5ae12b954c9f7c837eecd8,DAB,35000,9.5,-1,production,COMPLETE_NUMERICAL,COMPLETE_NUMERICAL,COMPLETE_NUMERICAL,0a74fdbe06596fc145f5169a3b239ddd67053141,"{""abundances"":null,""allard_minimum_effective_temperature"":9000.0,""atmosphere_solver"":""adaptive-newton"",""balmer_self_broadening_prescription"":null,""balmer_self_broadening_truncation_closure"":""stark-core"",""effective_temperature"":35000,""formal_maximum_metal_lines"":null,""formal_minimum_metal_oscillator_strength"":0.0001,""h2_he_cia_path"":null,""include_molecules"":false,""log_hydrogen_to_helium"":-1,""logg"":9.5,""lyman_profile_source"":""allard"",""maximum_metal_charge"":4,""metal_classical_electron_stark"":false,""metal_line_supplements"":[],""mixing_length_alpha"":1.25,""neutral_broadening"":""unsold"",""photospheric_depth_concentration"":1.0,""quality"":""production"",""structure_opacity_sampling_resolution"":1000.0,""synthesis_transfer_depth_refinement"":4}",,3523f9f25703f1cf8dbbb7b06d324dd4e04bb2f4411daf185e27053e32f74a34,18901,dab,2598.7899989149955,intermediate-abundance-280,
dab-96e814db6a247586abf05f17,DAB,35000,9.5,1,production,COMPLETE_NUMERICAL,COMPLETE_NUMERICAL,COMPLETE_NUMERICAL,0a74fdbe06596fc145f5169a3b239ddd67053141,"{""abundances"":null,""allard_minimum_effective_temperature"":9000.0,""atmosphere_solver"":""adaptive-newton"",""balmer_self_broadening_prescription"":null,""balmer_self_broadening_truncation_closure"":""stark-core"",""effective_temperature"":35000,""formal_maximum_metal_lines"":null,""formal_minimum_metal_oscillator_strength"":0.0001,""h2_he_cia_path"":null,""include_molecules"":false,""log_hydrogen_to_helium"":1,""logg"":9.5,""lyman_profile_source"":""allard"",""maximum_metal_charge"":4,""metal_classical_electron_stark"":false,""metal_line_supplements"":[],""mixing_length_alpha"":1.25,""neutral_broadening"":""unsold"",""photospheric_depth_concentration"":1.0,""quality"":""production"",""structure_opacity_sampling_resolution"":1000.0,""synthesis_transfer_depth_refinement"":4}",,6cda89a7ee3376c689ec2eaca0fb3d1ebfc0c32c9a32bf8a927c801a2f45d4ea,18901,dab,1671.7277658940002,intermediate-abundance-280,
dab-f051a53fbbb3a0209a273bb8,DAB,35000,9.5,3,production,COMPLETE_NUMERICAL,COMPLETE_NUMERICAL,COMPLETE_NUMERICAL,0a74fdbe06596fc145f5169a3b239ddd67053141,"{""abundances"":null,""allard_minimum_effective_temperature"":9000.0,""atmosphere_solver"":""adaptive-newton"",""balmer_self_broadening_prescription"":null,""balmer_self_broadening_truncation_closure"":""stark-core"",""effective_temperature"":35000,""formal_maximum_metal_lines"":null,""formal_minimum_metal_oscillator_strength"":0.0001,""h2_he_cia_path"":null,""include_molecules"":false,""log_hydrogen_to_helium"":3,""logg"":9.5,""lyman_profile_source"":""allard"",""maximum_metal_charge"":4,""metal_classical_electron_stark"":false,""metal_line_supplements"":[],""mixing_length_alpha"":1.25,""neutral_broadening"":""unsold"",""photospheric_depth_concentration"":1.0,""quality"":""production"",""structure_opacity_sampling_resolution"":1000.0,""synthesis_transfer_depth_refinement"":4}",,075a17c55101e992654e700e4f8d72243854c5eb5f14067038ba60d2c324628d,18901,dab,1455.4107614090026,intermediate-abundance-280,
dab-de629957c3e41c913927a8ca,DAB,40000,6,-5,production,COMPLETE_NUMERICAL,COMPLETE_NUMERICAL,COMPLETE_NUMERICAL,0a74fdbe06596fc145f5169a3b239ddd67053141,"{""abundances"":null,""allard_minimum_effective_temperature"":9000.0,""atmosphere_solver"":""adaptive-newton"",""balmer_self_broadening_prescription"":null,""balmer_self_broadening_truncation_closure"":""stark-core"",""effective_temperature"":40000,""formal_maximum_metal_lines"":null,""formal_minimum_metal_oscillator_strength"":0.0001,""h2_he_cia_path"":null,""include_molecules"":false,""log_hydrogen_to_helium"":-5,""logg"":6,""lyman_profile_source"":""allard"",""maximum_metal_charge"":4,""metal_classical_electron_stark"":false,""metal_line_supplements"":[],""mixing_length_alpha"":1.25,""neutral_broadening"":""unsold"",""photospheric_depth_concentration"":1.0,""quality"":""production"",""structure_opacity_sampling_resolution"":1000.0,""synthesis_transfer_depth_refinement"":4}",,9679e16d097329a63a3e2ee5c8a14166895158984127372ac87dd11006628356,18901,dab,4722.735589516,intermediate-abundance-280,
dab-2dfc8e4cb36ced244087d967,DAB,40000,6,-3,production,TIMEOUT,TIMEOUT,TIMEOUT,0a74fdbe06596fc145f5169a3b239ddd67053141,"{""abundances"":null,""allard_minimum_effective_temperature"":9000.0,""atmosphere_solver"":""adaptive-newton"",""balmer_self_broadening_prescription"":null,""balmer_self_broadening_truncation_closure"":""stark-core"",""effective_temperature"":40000,""formal_maximum_metal_lines"":null,""formal_minimum_metal_oscillator_strength"":0.0001,""h2_he_cia_path"":null,""include_molecules"":false,""log_hydrogen_to_helium"":-3,""logg"":6,""lyman_profile_source"":""allard"",""maximum_metal_charge"":4,""metal_classical_electron_stark"":false,""metal_line_supplements"":[],""mixing_length_alpha"":1.25,""neutral_broadening"":""unsold"",""photospheric_depth_concentration"":1.0,""quality"":""production"",""structure_opacity_sampling_resolution"":1000.0,""synthesis_transfer_depth_refinement"":4}",,,,,4691.946329398001,intermediate-abundance-280,
dab-99f6ff4ca303eb2a829e63d1,DAB,40000,6,-1,production,COMPLETE_NUMERICAL,COMPLETE_NUMERICAL,COMPLETE_NUMERICAL,0a74fdbe06596fc145f5169a3b239ddd67053141,"{""abundances"":null,""allard_minimum_effective_temperature"":9000.0,""atmosphere_solver"":""adaptive-newton"",""balmer_self_broadening_prescription"":null,""balmer_self_broadening_truncation_closure"":""stark-core"",""effective_temperature"":40000,""formal_maximum_metal_lines"":null,""formal_minimum_metal_oscillator_strength"":0.0001,""h2_he_cia_path"":null,""include_molecules"":false,""log_hydrogen_to_helium"":-1,""logg"":6,""lyman_profile_source"":""allard"",""maximum_metal_charge"":4,""metal_classical_electron_stark"":false,""metal_line_supplements"":[],""mixing_length_alpha"":1.25,""neutral_broadening"":""unsold"",""photospheric_depth_concentration"":1.0,""quality"":""production"",""structure_opacity_sampling_resolution"":1000.0,""synthesis_transfer_depth_refinement"":4}",,80bf9001ba3a4e78be9666589b3f00538e39aec7f1d658aaa9a7d3e030e2de93,18901,dab,1899.2184693239979,intermediate-abundance-280,
dab-c17b515f501fae66fae53579,DAB,40000,6,1,production,COMPLETE_NUMERICAL,COMPLETE_NUMERICAL,COMPLETE_NUMERICAL,0a74fdbe06596fc145f5169a3b239ddd67053141,"{""abundances"":null,""allard_minimum_effective_temperature"":9000.0,""atmosphere_solver"":""adaptive-newton"",""balmer_self_broadening_prescription"":null,""balmer_self_broadening_truncation_closure"":""stark-core"",""effective_temperature"":40000,""formal_maximum_metal_lines"":null,""formal_minimum_metal_oscillator_strength"":0.0001,""h2_he_cia_path"":null,""include_molecules"":false,""log_hydrogen_to_helium"":1,""logg"":6,""lyman_profile_source"":""allard"",""maximum_metal_charge"":4,""metal_classical_electron_stark"":false,""metal_line_supplements"":[],""mixing_length_alpha"":1.25,""neutral_broadening"":""unsold"",""photospheric_depth_concentration"":1.0,""quality"":""production"",""structure_opacity_sampling_resolution"":1000.0,""synthesis_transfer_depth_refinement"":4}",,947b0794a441788c26d6668bf17acfe4e7903168c210acfe9a8cd7932f9db9eb,18901,dab,1342.758982979998,intermediate-abundance-280,
dab-2a43d4a2aedf991932d5c64d,DAB,40000,6,3,production,COMPLETE_NUMERICAL,COMPLETE_NUMERICAL,COMPLETE_NUMERICAL,0a74fdbe06596fc145f5169a3b239ddd67053141,"{""abundances"":null,""allard_minimum_effective_temperature"":9000.0,""atmosphere_solver"":""adaptive-newton"",""balmer_self_broadening_prescription"":null,""balmer_self_broadening_truncation_closure"":""stark-core"",""effective_temperature"":40000,""formal_maximum_metal_lines"":null,""formal_minimum_metal_oscillator_strength"":0.0001,""h2_he_cia_path"":null,""include_molecules"":false,""log_hydrogen_to_helium"":3,""logg"":6,""lyman_profile_source"":""allard"",""maximum_metal_charge"":4,""metal_classical_electron_stark"":false,""metal_line_supplements"":[],""mixing_length_alpha"":1.25,""neutral_broadening"":""unsold"",""photospheric_depth_concentration"":1.0,""quality"":""production"",""structure_opacity_sampling_resolution"":1000.0,""synthesis_transfer_depth_refinement"":4}",,31600fb3125b69fb1cdd04f07a16d6b568756343ac372f60a6c6e0f8707f2462,18901,dab,1538.4706720579998,intermediate-abundance-280,
dab-1a9abaee3468dd42ebe79ffa,DAB,40000,6.5,-5,production,COMPLETE_NUMERICAL,COMPLETE_NUMERICAL,COMPLETE_NUMERICAL,0a74fdbe06596fc145f5169a3b239ddd67053141,"{""abundances"":null,""allard_minimum_effective_temperature"":9000.0,""atmosphere_solver"":""adaptive-newton"",""balmer_self_broadening_prescription"":null,""balmer_self_broadening_truncation_closure"":""stark-core"",""effective_temperature"":40000,""formal_maximum_metal_lines"":null,""formal_minimum_metal_oscillator_strength"":0.0001,""h2_he_cia_path"":null,""include_molecules"":false,""log_hydrogen_to_helium"":-5,""logg"":6.5,""lyman_profile_source"":""allard"",""maximum_metal_charge"":4,""metal_classical_electron_stark"":false,""metal_line_supplements"":[],""mixing_length_alpha"":1.25,""neutral_broadening"":""unsold"",""photospheric_depth_concentration"":1.0,""quality"":""production"",""structure_opacity_sampling_resolution"":1000.0,""synthesis_transfer_depth_refinement"":4}",,ea9ab26231d24ac3e5650e0b0167967ca125c93700ab5f960178875a105ea95e,18901,dab,4686.839006338996,intermediate-abundance-280,
dab-2eb8a854bd5d1ec56845f030,DAB,40000,6.5,-3,production,COMPLETE_NUMERICAL,COMPLETE_NUMERICAL,COMPLETE_NUMERICAL,0a74fdbe06596fc145f5169a3b239ddd67053141,"{""abundances"":null,""allard_minimum_effective_temperature"":9000.0,""atmosphere_solver"":""adaptive-newton"",""balmer_self_broadening_prescription"":null,""balmer_self_broadening_truncation_closure"":""stark-core"",""effective_temperature"":40000,""formal_maximum_metal_lines"":null,""formal_minimum_metal_oscillator_strength"":0.0001,""h2_he_cia_path"":null,""include_molecules"":false,""log_hydrogen_to_helium"":-3,""logg"":6.5,""lyman_profile_source"":""allard"",""maximum_metal_charge"":4,""metal_classical_electron_stark"":false,""metal_line_supplements"":[],""mixing_length_alpha"":1.25,""neutral_broadening"":""unsold"",""photospheric_depth_concentration"":1.0,""quality"":""production"",""structure_opacity_sampling_resolution"":1000.0,""synthesis_transfer_depth_refinement"":4}",,9f667d34340259886c02dbc957f9c839c161d29a80b821df2e4ef144500daee7,18901,dab,4973.995657645995,intermediate-abundance-280,
dab-f7ecc45124b768331fb0934e,DAB,40000,6.5,-1,production,COMPLETE_NUMERICAL,COMPLETE_NUMERICAL,COMPLETE_NUMERICAL,0a74fdbe06596fc145f5169a3b239ddd67053141,"{""abundances"":null,""allard_minimum_effective_temperature"":9000.0,""atmosphere_solver"":""adaptive-newton"",""balmer_self_broadening_prescription"":null,""balmer_self_broadening_truncation_closure"":""stark-core"",""effective_temperature"":40000,""formal_maximum_metal_lines"":null,""formal_minimum_metal_oscillator_strength"":0.0001,""h2_he_cia_path"":null,""include_molecules"":false,""log_hydrogen_to_helium"":-1,""logg"":6.5,""lyman_profile_source"":""allard"",""maximum_metal_charge"":4,""metal_classical_electron_stark"":false,""metal_line_supplements"":[],""mixing_length_alpha"":1.25,""neutral_broadening"":""unsold"",""photospheric_depth_concentration"":1.0,""quality"":""production"",""structure_opacity_sampling_resolution"":1000.0,""synthesis_transfer_depth_refinement"":4}",,a661eb53f1a9552ef0c5a074fc561fb6b1589af4d0432240a90ffbf00e03c030,18901,dab,3934.761501269997,intermediate-abundance-280,
dab-cbe238d6ea5677e08178de9e,DAB,40000,6.5,1,production,COMPLETE_NUMERICAL,COMPLETE_NUMERICAL,COMPLETE_NUMERICAL,0a74fdbe06596fc145f5169a3b239ddd67053141,"{""abundances"":null,""allard_minimum_effective_temperature"":9000.0,""atmosphere_solver"":""adaptive-newton"",""balmer_self_broadening_prescription"":null,""balmer_self_broadening_truncation_closure"":""stark-core"",""effective_temperature"":40000,""formal_maximum_metal_lines"":null,""formal_minimum_metal_oscillator_strength"":0.0001,""h2_he_cia_path"":null,""include_molecules"":false,""log_hydrogen_to_helium"":1,""logg"":6.5,""lyman_profile_source"":""allard"",""maximum_metal_charge"":4,""metal_classical_electron_stark"":false,""metal_line_supplements"":[],""mixing_length_alpha"":1.25,""neutral_broadening"":""unsold"",""photospheric_depth_concentration"":1.0,""quality"":""production"",""structure_opacity_sampling_resolution"":1000.0,""synthesis_transfer_depth_refinement"":4}",,5ab3a2f88922a8b6ad75fb8f95454b489ed33c408e271dddb4fcb931525bdd5a,18901,dab,1255.5836319080045,intermediate-abundance-280,
dab-1e6668c3b5294389c57ab125,DAB,40000,6.5,3,production,COMPLETE_NUMERICAL,COMPLETE_NUMERICAL,COMPLETE_NUMERICAL,0a74fdbe06596fc145f5169a3b239ddd67053141,"{""abundances"":null,""allard_minimum_effective_temperature"":9000.0,""atmosphere_solver"":""adaptive-newton"",""balmer_self_broadening_prescription"":null,""balmer_self_broadening_truncation_closure"":""stark-core"",""effective_temperature"":40000,""formal_maximum_metal_lines"":null,""formal_minimum_metal_oscillator_strength"":0.0001,""h2_he_cia_path"":null,""include_molecules"":false,""log_hydrogen_to_helium"":3,""logg"":6.5,""lyman_profile_source"":""allard"",""maximum_metal_charge"":4,""metal_classical_electron_stark"":false,""metal_line_supplements"":[],""mixing_length_alpha"":1.25,""neutral_broadening"":""unsold"",""photospheric_depth_concentration"":1.0,""quality"":""production"",""structure_opacity_sampling_resolution"":1000.0,""synthesis_transfer_depth_refinement"":4}",,7fde85cfba129ca8d412fa5a747e74c6ee87c5f6639024b8bf3447161c4ffae5,18901,dab,1578.1208500190041,intermediate-abundance-280,
dab-8fd16946c709d6b8c7e68f61,DAB,40000,7,-5,production,COMPLETE_NUMERICAL,COMPLETE_NUMERICAL,COMPLETE_NUMERICAL,0a74fdbe06596fc145f5169a3b239ddd67053141,"{""abundances"":null,""allard_minimum_effective_temperature"":9000.0,""atmosphere_solver"":""adaptive-newton"",""balmer_self_broadening_prescription"":null,""balmer_self_broadening_truncation_closure"":""stark-core"",""effective_temperature"":40000,""formal_maximum_metal_lines"":null,""formal_minimum_metal_oscillator_strength"":0.0001,""h2_he_cia_path"":null,""include_molecules"":false,""log_hydrogen_to_helium"":-5,""logg"":7,""lyman_profile_source"":""allard"",""maximum_metal_charge"":4,""metal_classical_electron_stark"":false,""metal_line_supplements"":[],""mixing_length_alpha"":1.25,""neutral_broadening"":""unsold"",""photospheric_depth_concentration"":1.0,""quality"":""production"",""structure_opacity_sampling_resolution"":1000.0,""synthesis_transfer_depth_refinement"":4}",,9a6c018d5509f74f68578ed3a3530f752a063db151065e780ef418cb68e74fc2,18901,dab,2063.963435388003,intermediate-abundance-280,
dab-600af571b9b8a65f6d4bf822,DAB,40000,7,-3,production,COMPLETE_NUMERICAL,COMPLETE_NUMERICAL,COMPLETE_NUMERICAL,0a74fdbe06596fc145f5169a3b239ddd67053141,"{""abundances"":null,""allard_minimum_effective_temperature"":9000.0,""atmosphere_solver"":""adaptive-newton"",""balmer_self_broadening_prescription"":null,""balmer_self_broadening_truncation_closure"":""stark-core"",""effective_temperature"":40000,""formal_maximum_metal_lines"":null,""formal_minimum_metal_oscillator_strength"":0.0001,""h2_he_cia_path"":null,""include_molecules"":false,""log_hydrogen_to_helium"":-3,""logg"":7,""lyman_profile_source"":""allard"",""maximum_metal_charge"":4,""metal_classical_electron_stark"":false,""metal_line_supplements"":[],""mixing_length_alpha"":1.25,""neutral_broadening"":""unsold"",""photospheric_depth_concentration"":1.0,""quality"":""production"",""structure_opacity_sampling_resolution"":1000.0,""synthesis_transfer_depth_refinement"":4}",,73e0223cad1fb9724e391428b32971154a631a999d8033bbf40eea0f20acc665,18901,dab,1957.9035635559994,intermediate-abundance-280,
dab-2ec7f93da5f3b27aa0aa4ff6,DAB,40000,7,-1,production,COMPLETE_NUMERICAL,COMPLETE_NUMERICAL,COMPLETE_NUMERICAL,0a74fdbe06596fc145f5169a3b239ddd67053141,"{""abundances"":null,""allard_minimum_effective_temperature"":9000.0,""atmosphere_solver"":""adaptive-newton"",""balmer_self_broadening_prescription"":null,""balmer_self_broadening_truncation_closure"":""stark-core"",""effective_temperature"":40000,""formal_maximum_metal_lines"":null,""formal_minimum_metal_oscillator_strength"":0.0001,""h2_he_cia_path"":null,""include_molecules"":false,""log_hydrogen_to_helium"":-1,""logg"":7,""lyman_profile_source"":""allard"",""maximum_metal_charge"":4,""metal_classical_electron_stark"":false,""metal_line_supplements"":[],""mixing_length_alpha"":1.25,""neutral_broadening"":""unsold"",""photospheric_depth_concentration"":1.0,""quality"":""production"",""structure_opacity_sampling_resolution"":1000.0,""synthesis_transfer_depth_refinement"":4}",,af22d703a761163aa2b9b2b4c979b9096c92389e7002a892735c8eca5d13cd7a,18901,dab,1525.9459796590018,intermediate-abundance-280,
dab-d2033db2ddc8ce06496167ab,DAB,40000,7,1,production,COMPLETE_NUMERICAL,COMPLETE_NUMERICAL,COMPLETE_NUMERICAL,0a74fdbe06596fc145f5169a3b239ddd67053141,"{""abundances"":null,""allard_minimum_effective_temperature"":9000.0,""atmosphere_solver"":""adaptive-newton"",""balmer_self_broadening_prescription"":null,""balmer_self_broadening_truncation_closure"":""stark-core"",""effective_temperature"":40000,""formal_maximum_metal_lines"":null,""formal_minimum_metal_oscillator_strength"":0.0001,""h2_he_cia_path"":null,""include_molecules"":false,""log_hydrogen_to_helium"":1,""logg"":7,""lyman_profile_source"":""allard"",""maximum_metal_charge"":4,""metal_classical_electron_stark"":false,""metal_line_supplements"":[],""mixing_length_alpha"":1.25,""neutral_broadening"":""unsold"",""photospheric_depth_concentration"":1.0,""quality"":""production"",""structure_opacity_sampling_resolution"":1000.0,""synthesis_transfer_depth_refinement"":4}",,54e2935097b29ff3cc731cebff2531dcf52f17e33ebcdce42a4c65771bdfe023,18901,dab,1246.3403158490037,intermediate-abundance-280,
dab-4b1f004f6844f718e65a40f2,DAB,40000,7,3,production,COMPLETE_NUMERICAL,COMPLETE_NUMERICAL,COMPLETE_NUMERICAL,0a74fdbe06596fc145f5169a3b239ddd67053141,"{""abundances"":null,""allard_minimum_effective_temperature"":9000.0,""atmosphere_solver"":""adaptive-newton"",""balmer_self_broadening_prescription"":null,""balmer_self_broadening_truncation_closure"":""stark-core"",""effective_temperature"":40000,""formal_maximum_metal_lines"":null,""formal_minimum_metal_oscillator_strength"":0.0001,""h2_he_cia_path"":null,""include_molecules"":false,""log_hydrogen_to_helium"":3,""logg"":7,""lyman_profile_source"":""allard"",""maximum_metal_charge"":4,""metal_classical_electron_stark"":false,""metal_line_supplements"":[],""mixing_length_alpha"":1.25,""neutral_broadening"":""unsold"",""photospheric_depth_concentration"":1.0,""quality"":""production"",""structure_opacity_sampling_resolution"":1000.0,""synthesis_transfer_depth_refinement"":4}",,6648609cd0a8586fc744bc16ec0d0d77a4055b090532741fc20a21137af33a51,18901,dab,1603.1129398939956,intermediate-abundance-280,
dab-224d73a696a41dd7fc9d9c3a,DAB,40000,7.5,-5,production,COMPLETE_NUMERICAL,COMPLETE_NUMERICAL,COMPLETE_NUMERICAL,0a74fdbe06596fc145f5169a3b239ddd67053141,"{""abundances"":null,""allard_minimum_effective_temperature"":9000.0,""atmosphere_solver"":""adaptive-newton"",""balmer_self_broadening_prescription"":null,""balmer_self_broadening_truncation_closure"":""stark-core"",""effective_temperature"":40000,""formal_maximum_metal_lines"":null,""formal_minimum_metal_oscillator_strength"":0.0001,""h2_he_cia_path"":null,""include_molecules"":false,""log_hydrogen_to_helium"":-5,""logg"":7.5,""lyman_profile_source"":""allard"",""maximum_metal_charge"":4,""metal_classical_electron_stark"":false,""metal_line_supplements"":[],""mixing_length_alpha"":1.25,""neutral_broadening"":""unsold"",""photospheric_depth_concentration"":1.0,""quality"":""production"",""structure_opacity_sampling_resolution"":1000.0,""synthesis_transfer_depth_refinement"":4}",,1fd13c30c62c0db2b53de8067f53bb5776620376550298413e2301c6fa09667f,18901,dab,1711.4803913599972,intermediate-abundance-280,
dab-15b8d263e465bad4ee12a675,DAB,40000,7.5,-3,production,COMPLETE_NUMERICAL,COMPLETE_NUMERICAL,COMPLETE_NUMERICAL,0a74fdbe06596fc145f5169a3b239ddd67053141,"{""abundances"":null,""allard_minimum_effective_temperature"":9000.0,""atmosphere_solver"":""adaptive-newton"",""balmer_self_broadening_prescription"":null,""balmer_self_broadening_truncation_closure"":""stark-core"",""effective_temperature"":40000,""formal_maximum_metal_lines"":null,""formal_minimum_metal_oscillator_strength"":0.0001,""h2_he_cia_path"":null,""include_molecules"":false,""log_hydrogen_to_helium"":-3,""logg"":7.5,""lyman_profile_source"":""allard"",""maximum_metal_charge"":4,""metal_classical_electron_stark"":false,""metal_line_supplements"":[],""mixing_length_alpha"":1.25,""neutral_broadening"":""unsold"",""photospheric_depth_concentration"":1.0,""quality"":""production"",""structure_opacity_sampling_resolution"":1000.0,""synthesis_transfer_depth_refinement"":4}",,0ac80900058c2ef657450f4295da5dbaf6c3bb3a49056549b93a5aea10e9f4c3,18901,dab,1910.3455011609985,intermediate-abundance-280,
dab-b0de169f0cb36bfd42127f75,DAB,40000,7.5,-1,production,COMPLETE_NUMERICAL,COMPLETE_NUMERICAL,COMPLETE_NUMERICAL,0a74fdbe06596fc145f5169a3b239ddd67053141,"{""abundances"":null,""allard_minimum_effective_temperature"":9000.0,""atmosphere_solver"":""adaptive-newton"",""balmer_self_broadening_prescription"":null,""balmer_self_broadening_truncation_closure"":""stark-core"",""effective_temperature"":40000,""formal_maximum_metal_lines"":null,""formal_minimum_metal_oscillator_strength"":0.0001,""h2_he_cia_path"":null,""include_molecules"":false,""log_hydrogen_to_helium"":-1,""logg"":7.5,""lyman_profile_source"":""allard"",""maximum_metal_charge"":4,""metal_classical_electron_stark"":false,""metal_line_supplements"":[],""mixing_length_alpha"":1.25,""neutral_broadening"":""unsold"",""photospheric_depth_concentration"":1.0,""quality"":""production"",""structure_opacity_sampling_resolution"":1000.0,""synthesis_transfer_depth_refinement"":4}",,e2e11cc4f15fd50ffe65fcedfcf1654b065df01d8d8c1866c8904213d06ce717,18901,dab,2359.709259062998,intermediate-abundance-280,
dab-653b04018b42b83cfa4ed5a6,DAB,40000,7.5,1,production,COMPLETE_NUMERICAL,COMPLETE_NUMERICAL,COMPLETE_NUMERICAL,0a74fdbe06596fc145f5169a3b239ddd67053141,"{""abundances"":null,""allard_minimum_effective_temperature"":9000.0,""atmosphere_solver"":""adaptive-newton"",""balmer_self_broadening_prescription"":null,""balmer_self_broadening_truncation_closure"":""stark-core"",""effective_temperature"":40000,""formal_maximum_metal_lines"":null,""formal_minimum_metal_oscillator_strength"":0.0001,""h2_he_cia_path"":null,""include_molecules"":false,""log_hydrogen_to_helium"":1,""logg"":7.5,""lyman_profile_source"":""allard"",""maximum_metal_charge"":4,""metal_classical_electron_stark"":false,""metal_line_supplements"":[],""mixing_length_alpha"":1.25,""neutral_broadening"":""unsold"",""photospheric_depth_concentration"":1.0,""quality"":""production"",""structure_opacity_sampling_resolution"":1000.0,""synthesis_transfer_depth_refinement"":4}",,5bf770a913ff5f0b00eba62479a0a7b442c2f292bd7d9a41afa8b4ac7f41ca64,18901,dab,1337.674288524002,intermediate-abundance-280,
dab-529942582a56414855b18a52,DAB,40000,7.5,3,production,COMPLETE_NUMERICAL,COMPLETE_NUMERICAL,COMPLETE_NUMERICAL,0a74fdbe06596fc145f5169a3b239ddd67053141,"{""abundances"":null,""allard_minimum_effective_temperature"":9000.0,""atmosphere_solver"":""adaptive-newton"",""balmer_self_broadening_prescription"":null,""balmer_self_broadening_truncation_closure"":""stark-core"",""effective_temperature"":40000,""formal_maximum_metal_lines"":null,""formal_minimum_metal_oscillator_strength"":0.0001,""h2_he_cia_path"":null,""include_molecules"":false,""log_hydrogen_to_helium"":3,""logg"":7.5,""lyman_profile_source"":""allard"",""maximum_metal_charge"":4,""metal_classical_electron_stark"":false,""metal_line_supplements"":[],""mixing_length_alpha"":1.25,""neutral_broadening"":""unsold"",""photospheric_depth_concentration"":1.0,""quality"":""production"",""structure_opacity_sampling_resolution"":1000.0,""synthesis_transfer_depth_refinement"":4}",,9da0268a461fc8795c579bc6a6e151909e9c7f4520492336e0f2fced099691c8,18901,dab,1127.6603102439985,intermediate-abundance-280,
dab-733a35343d60ec11be5df056,DAB,40000,8,-5,production,COMPLETE_NUMERICAL,COMPLETE_NUMERICAL,COMPLETE_NUMERICAL,0a74fdbe06596fc145f5169a3b239ddd67053141,"{""abundances"":null,""allard_minimum_effective_temperature"":9000.0,""atmosphere_solver"":""adaptive-newton"",""balmer_self_broadening_prescription"":null,""balmer_self_broadening_truncation_closure"":""stark-core"",""effective_temperature"":40000,""formal_maximum_metal_lines"":null,""formal_minimum_metal_oscillator_strength"":0.0001,""h2_he_cia_path"":null,""include_molecules"":false,""log_hydrogen_to_helium"":-5,""logg"":8,""lyman_profile_source"":""allard"",""maximum_metal_charge"":4,""metal_classical_electron_stark"":false,""metal_line_supplements"":[],""mixing_length_alpha"":1.25,""neutral_broadening"":""unsold"",""photospheric_depth_concentration"":1.0,""quality"":""production"",""structure_opacity_sampling_resolution"":1000.0,""synthesis_transfer_depth_refinement"":4}",,c3ddcfd12c58da0b8883765f3bd2079f552f57a48c1fbb71b5b1eed110fa8e5a,18901,dab,1952.2934513009968,intermediate-abundance-280,
dab-9ccd4073f952a5aa585fb225,DAB,40000,8,-3,production,COMPLETE_NUMERICAL,COMPLETE_NUMERICAL,COMPLETE_NUMERICAL,0a74fdbe06596fc145f5169a3b239ddd67053141,"{""abundances"":null,""allard_minimum_effective_temperature"":9000.0,""atmosphere_solver"":""adaptive-newton"",""balmer_self_broadening_prescription"":null,""balmer_self_broadening_truncation_closure"":""stark-core"",""effective_temperature"":40000,""formal_maximum_metal_lines"":null,""formal_minimum_metal_oscillator_strength"":0.0001,""h2_he_cia_path"":null,""include_molecules"":false,""log_hydrogen_to_helium"":-3,""logg"":8,""lyman_profile_source"":""allard"",""maximum_metal_charge"":4,""metal_classical_electron_stark"":false,""metal_line_supplements"":[],""mixing_length_alpha"":1.25,""neutral_broadening"":""unsold"",""photospheric_depth_concentration"":1.0,""quality"":""production"",""structure_opacity_sampling_resolution"":1000.0,""synthesis_transfer_depth_refinement"":4}",,52ad9dc387e8fc1695ebbbba4fb5dbf2a23b76cd3aea0e8b02a7e760905858d7,18901,dab,2063.5187335750015,intermediate-abundance-280,
dab-b4369bed8de1a34db23f4bdb,DAB,40000,8,-1,production,COMPLETE_NUMERICAL,COMPLETE_NUMERICAL,COMPLETE_NUMERICAL,0a74fdbe06596fc145f5169a3b239ddd67053141,"{""abundances"":null,""allard_minimum_effective_temperature"":9000.0,""atmosphere_solver"":""adaptive-newton"",""balmer_self_broadening_prescription"":null,""balmer_self_broadening_truncation_closure"":""stark-core"",""effective_temperature"":40000,""formal_maximum_metal_lines"":null,""formal_minimum_metal_oscillator_strength"":0.0001,""h2_he_cia_path"":null,""include_molecules"":false,""log_hydrogen_to_helium"":-1,""logg"":8,""lyman_profile_source"":""allard"",""maximum_metal_charge"":4,""metal_classical_electron_stark"":false,""metal_line_supplements"":[],""mixing_length_alpha"":1.25,""neutral_broadening"":""unsold"",""photospheric_depth_concentration"":1.0,""quality"":""production"",""structure_opacity_sampling_resolution"":1000.0,""synthesis_transfer_depth_refinement"":4}",,acc8c322ca5dc04b34063ad88950e03ae7560b53fbb5a4ab92a461bad35e341e,18901,dab,1824.521611060998,intermediate-abundance-280,
dab-2fcd0c570d2479ec3793ec2c,DAB,40000,8,1,production,COMPLETE_NUMERICAL,COMPLETE_NUMERICAL,COMPLETE_NUMERICAL,0a74fdbe06596fc145f5169a3b239ddd67053141,"{""abundances"":null,""allard_minimum_effective_temperature"":9000.0,""atmosphere_solver"":""adaptive-newton"",""balmer_self_broadening_prescription"":null,""balmer_self_broadening_truncation_closure"":""stark-core"",""effective_temperature"":40000,""formal_maximum_metal_lines"":null,""formal_minimum_metal_oscillator_strength"":0.0001,""h2_he_cia_path"":null,""include_molecules"":false,""log_hydrogen_to_helium"":1,""logg"":8,""lyman_profile_source"":""allard"",""maximum_metal_charge"":4,""metal_classical_electron_stark"":false,""metal_line_supplements"":[],""mixing_length_alpha"":1.25,""neutral_broadening"":""unsold"",""photospheric_depth_concentration"":1.0,""quality"":""production"",""structure_opacity_sampling_resolution"":1000.0,""synthesis_transfer_depth_refinement"":4}",,17d28ad6c6a3f9df5d7767974bde02586e6fe145b6ab62e4fda4a3553afad784,18901,dab,1245.460831751996,intermediate-abundance-280,
dab-256c9a04af85fbb6e96d74c4,DAB,40000,8,3,production,COMPLETE_NUMERICAL,COMPLETE_NUMERICAL,COMPLETE_NUMERICAL,0a74fdbe06596fc145f5169a3b239ddd67053141,"{""abundances"":null,""allard_minimum_effective_temperature"":9000.0,""atmosphere_solver"":""adaptive-newton"",""balmer_self_broadening_prescription"":null,""balmer_self_broadening_truncation_closure"":""stark-core"",""effective_temperature"":40000,""formal_maximum_metal_lines"":null,""formal_minimum_metal_oscillator_strength"":0.0001,""h2_he_cia_path"":null,""include_molecules"":false,""log_hydrogen_to_helium"":3,""logg"":8,""lyman_profile_source"":""allard"",""maximum_metal_charge"":4,""metal_classical_electron_stark"":false,""metal_line_supplements"":[],""mixing_length_alpha"":1.25,""neutral_broadening"":""unsold"",""photospheric_depth_concentration"":1.0,""quality"":""production"",""structure_opacity_sampling_resolution"":1000.0,""synthesis_transfer_depth_refinement"":4}",,98d71a9f6afae58dae4b73f18d2b86ff5a61b559aefa159f1c6f597559ddcc8b,18901,dab,1160.744404772995,intermediate-abundance-280,
dab-a5b150544e7f1b7dea925f82,DAB,40000,8.5,-5,production,COMPLETE_NUMERICAL,COMPLETE_NUMERICAL,COMPLETE_NUMERICAL,0a74fdbe06596fc145f5169a3b239ddd67053141,"{""abundances"":null,""allard_minimum_effective_temperature"":9000.0,""atmosphere_solver"":""adaptive-newton"",""balmer_self_broadening_prescription"":null,""balmer_self_broadening_truncation_closure"":""stark-core"",""effective_temperature"":40000,""formal_maximum_metal_lines"":null,""formal_minimum_metal_oscillator_strength"":0.0001,""h2_he_cia_path"":null,""include_molecules"":false,""log_hydrogen_to_helium"":-5,""logg"":8.5,""lyman_profile_source"":""allard"",""maximum_metal_charge"":4,""metal_classical_electron_stark"":false,""metal_line_supplements"":[],""mixing_length_alpha"":1.25,""neutral_broadening"":""unsold"",""photospheric_depth_concentration"":1.0,""quality"":""production"",""structure_opacity_sampling_resolution"":1000.0,""synthesis_transfer_depth_refinement"":4}",,870364101f78abbaf1331258e14fb7dbc0cb1b21d61e2465bba9aab491eeab6c,18901,dab,2043.3555835420048,intermediate-abundance-280,
dab-d0e2caad7aeed8aee5ca96e8,DAB,40000,8.5,-3,production,COMPLETE_NUMERICAL,COMPLETE_NUMERICAL,COMPLETE_NUMERICAL,0a74fdbe06596fc145f5169a3b239ddd67053141,"{""abundances"":null,""allard_minimum_effective_temperature"":9000.0,""atmosphere_solver"":""adaptive-newton"",""balmer_self_broadening_prescription"":null,""balmer_self_broadening_truncation_closure"":""stark-core"",""effective_temperature"":40000,""formal_maximum_metal_lines"":null,""formal_minimum_metal_oscillator_strength"":0.0001,""h2_he_cia_path"":null,""include_molecules"":false,""log_hydrogen_to_helium"":-3,""logg"":8.5,""lyman_profile_source"":""allard"",""maximum_metal_charge"":4,""metal_classical_electron_stark"":false,""metal_line_supplements"":[],""mixing_length_alpha"":1.25,""neutral_broadening"":""unsold"",""photospheric_depth_concentration"":1.0,""quality"":""production"",""structure_opacity_sampling_resolution"":1000.0,""synthesis_transfer_depth_refinement"":4}",,327baf23524d6cf738358187da0f972c20cbf405041f06d66d29a281c638b107,18901,dab,1906.5796651920027,intermediate-abundance-280,
dab-7bfb980f5b3ed13256c84401,DAB,40000,8.5,-1,production,COMPLETE_NUMERICAL,COMPLETE_NUMERICAL,COMPLETE_NUMERICAL,0a74fdbe06596fc145f5169a3b239ddd67053141,"{""abundances"":null,""allard_minimum_effective_temperature"":9000.0,""atmosphere_solver"":""adaptive-newton"",""balmer_self_broadening_prescription"":null,""balmer_self_broadening_truncation_closure"":""stark-core"",""effective_temperature"":40000,""formal_maximum_metal_lines"":null,""formal_minimum_metal_oscillator_strength"":0.0001,""h2_he_cia_path"":null,""include_molecules"":false,""log_hydrogen_to_helium"":-1,""logg"":8.5,""lyman_profile_source"":""allard"",""maximum_metal_charge"":4,""metal_classical_electron_stark"":false,""metal_line_supplements"":[],""mixing_length_alpha"":1.25,""neutral_broadening"":""unsold"",""photospheric_depth_concentration"":1.0,""quality"":""production"",""structure_opacity_sampling_resolution"":1000.0,""synthesis_transfer_depth_refinement"":4}",,02eab5730fcd5503167e6c1398fa40065a42bca147845081a504d397c6b9ee4a,18901,dab,1804.4529849829996,intermediate-abundance-280,
dab-65137e45166ecb0864341f04,DAB,40000,8.5,1,production,COMPLETE_NUMERICAL,COMPLETE_NUMERICAL,COMPLETE_NUMERICAL,0a74fdbe06596fc145f5169a3b239ddd67053141,"{""abundances"":null,""allard_minimum_effective_temperature"":9000.0,""atmosphere_solver"":""adaptive-newton"",""balmer_self_broadening_prescription"":null,""balmer_self_broadening_truncation_closure"":""stark-core"",""effective_temperature"":40000,""formal_maximum_metal_lines"":null,""formal_minimum_metal_oscillator_strength"":0.0001,""h2_he_cia_path"":null,""include_molecules"":false,""log_hydrogen_to_helium"":1,""logg"":8.5,""lyman_profile_source"":""allard"",""maximum_metal_charge"":4,""metal_classical_electron_stark"":false,""metal_line_supplements"":[],""mixing_length_alpha"":1.25,""neutral_broadening"":""unsold"",""photospheric_depth_concentration"":1.0,""quality"":""production"",""structure_opacity_sampling_resolution"":1000.0,""synthesis_transfer_depth_refinement"":4}",,9e16d34d09f1166781ffacac32566e91ce9baf3593abf7ca56b3a2455ffe064e,18901,dab,1486.1308543300038,intermediate-abundance-280,
dab-c662d0fc69b23f404a9b22b0,DAB,40000,8.5,3,production,COMPLETE_NUMERICAL,COMPLETE_NUMERICAL,COMPLETE_NUMERICAL,0a74fdbe06596fc145f5169a3b239ddd67053141,"{""abundances"":null,""allard_minimum_effective_temperature"":9000.0,""atmosphere_solver"":""adaptive-newton"",""balmer_self_broadening_prescription"":null,""balmer_self_broadening_truncation_closure"":""stark-core"",""effective_temperature"":40000,""formal_maximum_metal_lines"":null,""formal_minimum_metal_oscillator_strength"":0.0001,""h2_he_cia_path"":null,""include_molecules"":false,""log_hydrogen_to_helium"":3,""logg"":8.5,""lyman_profile_source"":""allard"",""maximum_metal_charge"":4,""metal_classical_electron_stark"":false,""metal_line_supplements"":[],""mixing_length_alpha"":1.25,""neutral_broadening"":""unsold"",""photospheric_depth_concentration"":1.0,""quality"":""production"",""structure_opacity_sampling_resolution"":1000.0,""synthesis_transfer_depth_refinement"":4}",,ef985cf5de56972a8f5f2cb354a30d2d6c67f940fc5f4e74fa7c3d20263188f7,18901,dab,1251.1392543020047,intermediate-abundance-280,
dab-c0cf6eec311a427f4a41ea81,DAB,40000,9,-5,production,COMPLETE_NUMERICAL,COMPLETE_NUMERICAL,COMPLETE_NUMERICAL,0a74fdbe06596fc145f5169a3b239ddd67053141,"{""abundances"":null,""allard_minimum_effective_temperature"":9000.0,""atmosphere_solver"":""adaptive-newton"",""balmer_self_broadening_prescription"":null,""balmer_self_broadening_truncation_closure"":""stark-core"",""effective_temperature"":40000,""formal_maximum_metal_lines"":null,""formal_minimum_metal_oscillator_strength"":0.0001,""h2_he_cia_path"":null,""include_molecules"":false,""log_hydrogen_to_helium"":-5,""logg"":9,""lyman_profile_source"":""allard"",""maximum_metal_charge"":4,""metal_classical_electron_stark"":false,""metal_line_supplements"":[],""mixing_length_alpha"":1.25,""neutral_broadening"":""unsold"",""photospheric_depth_concentration"":1.0,""quality"":""production"",""structure_opacity_sampling_resolution"":1000.0,""synthesis_transfer_depth_refinement"":4}",,f5471d3b6983cb874a54daf38e6b62f696af335ba38dc35e0e508a880362d790,18901,dab,2167.5523376260026,intermediate-abundance-280,
dab-5ae31bace3f7e6ba66ece8c9,DAB,40000,9,-3,production,COMPLETE_NUMERICAL,COMPLETE_NUMERICAL,COMPLETE_NUMERICAL,0a74fdbe06596fc145f5169a3b239ddd67053141,"{""abundances"":null,""allard_minimum_effective_temperature"":9000.0,""atmosphere_solver"":""adaptive-newton"",""balmer_self_broadening_prescription"":null,""balmer_self_broadening_truncation_closure"":""stark-core"",""effective_temperature"":40000,""formal_maximum_metal_lines"":null,""formal_minimum_metal_oscillator_strength"":0.0001,""h2_he_cia_path"":null,""include_molecules"":false,""log_hydrogen_to_helium"":-3,""logg"":9,""lyman_profile_source"":""allard"",""maximum_metal_charge"":4,""metal_classical_electron_stark"":false,""metal_line_supplements"":[],""mixing_length_alpha"":1.25,""neutral_broadening"":""unsold"",""photospheric_depth_concentration"":1.0,""quality"":""production"",""structure_opacity_sampling_resolution"":1000.0,""synthesis_transfer_depth_refinement"":4}",,713529c930e9d114374ee392b5b3d578a10a4c178c7abfec6db2aa3b22fa08ac,18901,dab,2304.4003940979965,intermediate-abundance-280,
dab-a7e78b19058f5449360127f7,DAB,40000,9,-1,production,COMPLETE_NUMERICAL,COMPLETE_NUMERICAL,COMPLETE_NUMERICAL,0a74fdbe06596fc145f5169a3b239ddd67053141,"{""abundances"":null,""allard_minimum_effective_temperature"":9000.0,""atmosphere_solver"":""adaptive-newton"",""balmer_self_broadening_prescription"":null,""balmer_self_broadening_truncation_closure"":""stark-core"",""effective_temperature"":40000,""formal_maximum_metal_lines"":null,""formal_minimum_metal_oscillator_strength"":0.0001,""h2_he_cia_path"":null,""include_molecules"":false,""log_hydrogen_to_helium"":-1,""logg"":9,""lyman_profile_source"":""allard"",""maximum_metal_charge"":4,""metal_classical_electron_stark"":false,""metal_line_supplements"":[],""mixing_length_alpha"":1.25,""neutral_broadening"":""unsold"",""photospheric_depth_concentration"":1.0,""quality"":""production"",""structure_opacity_sampling_resolution"":1000.0,""synthesis_transfer_depth_refinement"":4}",,06b603033bfa4b39633a571ca75bd6474d66b07f737d3cd84e97c8bbf73b568e,18901,dab,2384.2275532540007,intermediate-abundance-280,
dab-7cc74e50b307084cb58138a4,DAB,40000,9,1,production,COMPLETE_NUMERICAL,COMPLETE_NUMERICAL,COMPLETE_NUMERICAL,0a74fdbe06596fc145f5169a3b239ddd67053141,"{""abundances"":null,""allard_minimum_effective_temperature"":9000.0,""atmosphere_solver"":""adaptive-newton"",""balmer_self_broadening_prescription"":null,""balmer_self_broadening_truncation_closure"":""stark-core"",""effective_temperature"":40000,""formal_maximum_metal_lines"":null,""formal_minimum_metal_oscillator_strength"":0.0001,""h2_he_cia_path"":null,""include_molecules"":false,""log_hydrogen_to_helium"":1,""logg"":9,""lyman_profile_source"":""allard"",""maximum_metal_charge"":4,""metal_classical_electron_stark"":false,""metal_line_supplements"":[],""mixing_length_alpha"":1.25,""neutral_broadening"":""unsold"",""photospheric_depth_concentration"":1.0,""quality"":""production"",""structure_opacity_sampling_resolution"":1000.0,""synthesis_transfer_depth_refinement"":4}",,a40910946f89f33919840051c09aee6ebeec6ba225e51cf6aa102bafd8b8bd0a,18901,dab,1651.4948984259972,intermediate-abundance-280,
dab-292380af996eb953ddf633ee,DAB,40000,9,3,production,COMPLETE_NUMERICAL,COMPLETE_NUMERICAL,COMPLETE_NUMERICAL,0a74fdbe06596fc145f5169a3b239ddd67053141,"{""abundances"":null,""allard_minimum_effective_temperature"":9000.0,""atmosphere_solver"":""adaptive-newton"",""balmer_self_broadening_prescription"":null,""balmer_self_broadening_truncation_closure"":""stark-core"",""effective_temperature"":40000,""formal_maximum_metal_lines"":null,""formal_minimum_metal_oscillator_strength"":0.0001,""h2_he_cia_path"":null,""include_molecules"":false,""log_hydrogen_to_helium"":3,""logg"":9,""lyman_profile_source"":""allard"",""maximum_metal_charge"":4,""metal_classical_electron_stark"":false,""metal_line_supplements"":[],""mixing_length_alpha"":1.25,""neutral_broadening"":""unsold"",""photospheric_depth_concentration"":1.0,""quality"":""production"",""structure_opacity_sampling_resolution"":1000.0,""synthesis_transfer_depth_refinement"":4}",,f6cbd9c1c3eece861ed20b06112f2b7e7df8eed01ea37b6120d9c526a27a17e3,18901,dab,1265.7872367659947,intermediate-abundance-280,
dab-ae96a736866722cd66eb0c8b,DAB,40000,9.5,-5,production,COMPLETE_NUMERICAL,COMPLETE_NUMERICAL,COMPLETE_NUMERICAL,0a74fdbe06596fc145f5169a3b239ddd67053141,"{""abundances"":null,""allard_minimum_effective_temperature"":9000.0,""atmosphere_solver"":""adaptive-newton"",""balmer_self_broadening_prescription"":null,""balmer_self_broadening_truncation_closure"":""stark-core"",""effective_temperature"":40000,""formal_maximum_metal_lines"":null,""formal_minimum_metal_oscillator_strength"":0.0001,""h2_he_cia_path"":null,""include_molecules"":false,""log_hydrogen_to_helium"":-5,""logg"":9.5,""lyman_profile_source"":""allard"",""maximum_metal_charge"":4,""metal_classical_electron_stark"":false,""metal_line_supplements"":[],""mixing_length_alpha"":1.25,""neutral_broadening"":""unsold"",""photospheric_depth_concentration"":1.0,""quality"":""production"",""structure_opacity_sampling_resolution"":1000.0,""synthesis_transfer_depth_refinement"":4}",,4fece76ab4b42868a1787f70c6338814cb24e84601efa7923f494f75c222ff3a,18901,dab,1542.7580412180032,intermediate-abundance-280,
dab-a3f65f6a13e810af9b5783ca,DAB,40000,9.5,-3,production,COMPLETE_NUMERICAL,COMPLETE_NUMERICAL,COMPLETE_NUMERICAL,0a74fdbe06596fc145f5169a3b239ddd67053141,"{""abundances"":null,""allard_minimum_effective_temperature"":9000.0,""atmosphere_solver"":""adaptive-newton"",""balmer_self_broadening_prescription"":null,""balmer_self_broadening_truncation_closure"":""stark-core"",""effective_temperature"":40000,""formal_maximum_metal_lines"":null,""formal_minimum_metal_oscillator_strength"":0.0001,""h2_he_cia_path"":null,""include_molecules"":false,""log_hydrogen_to_helium"":-3,""logg"":9.5,""lyman_profile_source"":""allard"",""maximum_metal_charge"":4,""metal_classical_electron_stark"":false,""metal_line_supplements"":[],""mixing_length_alpha"":1.25,""neutral_broadening"":""unsold"",""photospheric_depth_concentration"":1.0,""quality"":""production"",""structure_opacity_sampling_resolution"":1000.0,""synthesis_transfer_depth_refinement"":4}",,9d672b387bd05bc8e4a5b25f5fd2e6f36d9669e50373594dec32191136f54f2e,18901,dab,3021.5532016539946,intermediate-abundance-280,
dab-ad230c7b97ffbaabb0bcfe49,DAB,40000,9.5,-1,production,COMPLETE_NUMERICAL,COMPLETE_NUMERICAL,COMPLETE_NUMERICAL,0a74fdbe06596fc145f5169a3b239ddd67053141,"{""abundances"":null,""allard_minimum_effective_temperature"":9000.0,""atmosphere_solver"":""adaptive-newton"",""balmer_self_broadening_prescription"":null,""balmer_self_broadening_truncation_closure"":""stark-core"",""effective_temperature"":40000,""formal_maximum_metal_lines"":null,""formal_minimum_metal_oscillator_strength"":0.0001,""h2_he_cia_path"":null,""include_molecules"":false,""log_hydrogen_to_helium"":-1,""logg"":9.5,""lyman_profile_source"":""allard"",""maximum_metal_charge"":4,""metal_classical_electron_stark"":false,""metal_line_supplements"":[],""mixing_length_alpha"":1.25,""neutral_broadening"":""unsold"",""photospheric_depth_concentration"":1.0,""quality"":""production"",""structure_opacity_sampling_resolution"":1000.0,""synthesis_transfer_depth_refinement"":4}",,8c50b3093cb92aef6eb9e43d2ca6397b8d31c9042a08294675feb18454ca6ce7,18901,dab,2527.7321145540045,intermediate-abundance-280,
dab-307663cc58b3f72ac328c1a5,DAB,40000,9.5,1,production,COMPLETE_NUMERICAL,COMPLETE_NUMERICAL,COMPLETE_NUMERICAL,0a74fdbe06596fc145f5169a3b239ddd67053141,"{""abundances"":null,""allard_minimum_effective_temperature"":9000.0,""atmosphere_solver"":""adaptive-newton"",""balmer_self_broadening_prescription"":null,""balmer_self_broadening_truncation_closure"":""stark-core"",""effective_temperature"":40000,""formal_maximum_metal_lines"":null,""formal_minimum_metal_oscillator_strength"":0.0001,""h2_he_cia_path"":null,""include_molecules"":false,""log_hydrogen_to_helium"":1,""logg"":9.5,""lyman_profile_source"":""allard"",""maximum_metal_charge"":4,""metal_classical_electron_stark"":false,""metal_line_supplements"":[],""mixing_length_alpha"":1.25,""neutral_broadening"":""unsold"",""photospheric_depth_concentration"":1.0,""quality"":""production"",""structure_opacity_sampling_resolution"":1000.0,""synthesis_transfer_depth_refinement"":4}",,bdd9befb5e43078e223a9f3c5e4878130c8bb0044268b87f08e7886a5f7c988b,18901,dab,1607.6873723289973,intermediate-abundance-280,
dab-bab952e3a3bd4804a8c0308e,DAB,40000,9.5,3,production,COMPLETE_NUMERICAL,COMPLETE_NUMERICAL,COMPLETE_NUMERICAL,0a74fdbe06596fc145f5169a3b239ddd67053141,"{""abundances"":null,""allard_minimum_effective_temperature"":9000.0,""atmosphere_solver"":""adaptive-newton"",""balmer_self_broadening_prescription"":null,""balmer_self_broadening_truncation_closure"":""stark-core"",""effective_temperature"":40000,""formal_maximum_metal_lines"":null,""formal_minimum_metal_oscillator_strength"":0.0001,""h2_he_cia_path"":null,""include_molecules"":false,""log_hydrogen_to_helium"":3,""logg"":9.5,""lyman_profile_source"":""allard"",""maximum_metal_charge"":4,""metal_classical_electron_stark"":false,""metal_line_supplements"":[],""mixing_length_alpha"":1.25,""neutral_broadening"":""unsold"",""photospheric_depth_concentration"":1.0,""quality"":""production"",""structure_opacity_sampling_resolution"":1000.0,""synthesis_transfer_depth_refinement"":4}",,a1df7fe87ab719498b0b0206537523fd0a251d3bee2ae4b0db2992aef9948ad6,18901,dab,1419.5940433450014,intermediate-abundance-280,
