1.000000e-10 6.000000e+01 1.246360e-11 -1.842881e+03
2.000000e-10 6.000000e+01 2.492719e-11 -1.842881e+03
3.000000e-10 6.000000e+01 3.739079e-11 -1.842881e+03
4.000000e-10 6.000000e+01 4.985439e-11 -1.842881e+03
5.000000e-10 6.000000e+01 6.231798e-11 -1.842881e+03
6.000000e-10 6.000000e+01 7.478158e-11 -1.842881e+03
7.000000e-10 6.000000e+01 8.724518e-11 -1.842881e+03
8.000000e-10 6.000000e+01 9.970877e-11 -1.842881e+03
9.000000e-10 6.000000e+01 1.121724e-10 -1.842881e+03
1.000000e-09 6.000000e+01 1.246360e-10 -1.842881e+03
2.000000e-09 6.000000e+01 2.492719e-10 -1.842881e+03
3.000000e-09 6.000000e+01 3.739079e-10 -1.842881e+03
4.000000e-09 6.000000e+01 4.985439e-10 -1.842881e+03
5.000000e-09 6.000000e+01 6.231798e-10 -1.842881e+03
6.000000e-09 6.000000e+01 7.478158e-10 -1.842881e+03
7.000000e-09 6.000000e+01 8.724518e-10 -1.842881e+03
8.000000e-09 6.000000e+01 9.970877e-10 -1.842881e+03
9.000000e-09 6.000000e+01 1.121724e-09 -1.842881e+03
1.000000e-08 6.000000e+01 1.246360e-09 -1.842881e+03
2.000000e-08 6.000000e+01 2.492719e-09 -1.842881e+03
3.000000e-08 6.000000e+01 3.739079e-09 -1.842881e+03
4.000000e-08 6.000000e+01 4.985439e-09 -1.842881e+03
5.000000e-08 6.000000e+01 6.231799e-09 -1.842881e+03
6.000000e-08 6.000000e+01 7.478159e-09 -1.842881e+03
7.000000e-08 6.000000e+01 8.724519e-09 -1.842881e+03
8.000000e-08 6.000000e+01 9.970879e-09 -1.842881e+03
9.000000e-08 6.000000e+01 1.121724e-08 -1.842881e+03
1.000000e-07 6.000000e+01 1.246360e-08 -1.842881e+03
2.000000e-07 6.000000e+01 2.492720e-08 -1.842881e+03
3.000000e-07 6.000000e+01 3.739081e-08 -1.842881e+03
4.000000e-07 6.000000e+01 4.985442e-08 -1.842881e+03
5.000000e-07 6.000000e+01 6.231804e-08 -1.842881e+03
6.000000e-07 6.000000e+01 7.478166e-08 -1.842881e+03
7.000000e-07 6.000000e+01 8.724529e-08 -1.842881e+03
8.000000e-07 6.000000e+01 9.970892e-08 -1.842881e+03
9.000000e-07 6.000000e+01 1.121726e-07 -1.842881e+03
1.000000e-06 6.000000e+01 1.246362e-07 -1.842881e+03
2.000000e-06 6.000000e+01 2.492729e-07 -1.842881e+03
3.000000e-06 6.000000e+01 3.739100e-07 -1.842881e+03
4.000000e-06 6.000000e+01 4.985476e-07 -1.842881e+03
5.000000e-06 6.000000e+01 6.231856e-07 -1.842881e+03
6.000000e-06 6.000000e+01 7.478242e-07 -1.842881e+03
7.000000e-06 6.000000e+01 8.724632e-07 -1.842881e+03
8.000000e-06 6.000000e+01 9.971026e-07 -1.842881e+03
9.000000e-06 6.000000e+01 1.121743e-06 -1.842881e+03
1.000000e-05 6.000000e+01 1.246383e-06 -1.842881e+03
2.000000e-05 6.000000e+01 2.492812e-06 -1.842881e+03
3.000000e-05 6.000000e+01 3.739288e-06 -1.842881e+03
4.000000e-05 6.000000e+01 4.985811e-06 -1.842881e+03
5.000000e-05 6.000000e+01 6.232380e-06 -1.842881e+03
6.000000e-05 6.000000e+01 7.478996e-06 -1.842881e+03
7.000000e-05 6.000000e+01 8.725658e-06 -1.842881e+03
8.000000e-05 6.000000e+01 9.972367e-06 -1.842881e+03
9.000000e-05 6.000000e+01 1.121912e-05 -1.842881e+03
1.000000e-04 6.000000e+01 1.246593e-05 -1.842881e+03
2.000000e-04 6.000000e+01 2.493651e-05 -1.842881e+03
3.000000e-04 6.000000e+01 3.741177e-05 -1.842881e+03
4.000000e-04 6.000000e+01 4.989171e-05 -1.842881e+03
5.000000e-04 6.000000e+01 6.237633e-05 -1.842881e+03
6.000000e-04 6.000000e+01 7.486564e-05 -1.842881e+03
7.000000e-04 6.000000e+01 8.735966e-05 -1.842881e+03
8.000000e-04 6.000000e+01 9.985838e-05 -1.842881e+03
9.000000e-04 6.000000e+01 1.123618e-04 -1.842881e+03
1.000000e-03 6.000000e+01 1.248700e-04 -1.842881e+03
2.000000e-03 6.000000e+01 2.502131e-04 -1.842882e+03
3.000000e-03 6.000000e+01 3.760369e-04 -1.842882e+03
4.000000e-03 6.000000e+01 5.023493e-04 -1.842882e+03
5.000000e-03 6.000000e+01 6.291580e-04 -1.842882e+03
6.000000e-03 6.000000e+01 7.564709e-04 -1.842883e+03
7.000000e-03 6.000000e+01 8.842961e-04 -1.842883e+03
8.000000e-03 6.000000e+01 1.012641e-03 -1.842883e+03
9.000000e-03 6.000000e+01 1.141515e-03 -1.842884e+03
1.000000e-02 6.000000e+01 1.270926e-03 -1.842884e+03
2.000000e-02 6.000000e+01 2.596409e-03 -1.842887e+03
3.000000e-02 6.000000e+01 3.985213e-03 -1.842890e+03
4.000000e-02 6.000000e+01 5.447010e-03 -1.842892e+03
5.000000e-02 6.000000e+01 6.992469e-03 -1.842895e+03
6.000000e-02 6.000000e+01 8.633348e-03 -1.842898e+03
7.000000e-02 6.000000e+01 1.038258e-02 -1.842901e+03
8.000000e-02 6.000000e+01 1.225438e-02 -1.842903e+03
9.000000e-02 6.000000e+01 1.426430e-02 -1.842906e+03
1.000000e-01 6.000000e+01 1.642937e-02 -1.842909e+03
1.778280e-01 6.000000e+01 4.097822e-02 -1.842927e+03
3.162280e-01 6.000000e+01 1.750000e-01 -1.842953e+03
5.623410e-01 6.000000e+01 1.586000e+00 -1.842563e+03
1.000000e+00 6.000000e+01 1.372700e+01 -1.838792e+03
1.778279e+00 6.000000e+01 8.252200e+01 -1.823244e+03
3.162278e+00 6.000000e+01 3.906090e+02 -1.777380e+03
5.623413e+00 6.000000e+01 1.565345e+03 -1.666508e+03
1.000000e+01 6.000000e+01 5.570654e+03 -1.433405e+03
1.778279e+01 6.000000e+01 1.796750e+04 -9.890110e+02
3.162278e+01 6.000000e+01 5.496300e+04 -2.119690e+02
5.623413e+01 6.000000e+01 1.622407e+05 1.097270e+03
1.000000e+02 6.000000e+01 4.658196e+05 3.236421e+03
1.778279e+02 6.000000e+01 1.311632e+06 6.651091e+03
3.162278e+02 6.000000e+01 3.633759e+06 1.200985e+04
5.623413e+02 6.000000e+01 9.941812e+06 2.029941e+04
1.000000e+03 6.000000e+01 2.694123e+07 3.297350e+04
1.000000e-10 1.000000e+02 2.077266e-11 -1.842756e+03
2.000000e-10 1.000000e+02 4.154532e-11 -1.842756e+03
3.000000e-10 1.000000e+02 6.231798e-11 -1.842756e+03
4.000000e-10 1.000000e+02 8.309064e-11 -1.842756e+03
5.000000e-10 1.000000e+02 1.038633e-10 -1.842756e+03
6.000000e-10 1.000000e+02 1.246360e-10 -1.842756e+03
7.000000e-10 1.000000e+02 1.454086e-10 -1.842756e+03
8.000000e-10 1.000000e+02 1.661813e-10 -1.842756e+03
9.000000e-10 1.000000e+02 1.869539e-10 -1.842756e+03
1.000000e-09 1.000000e+02 2.077266e-10 -1.842756e+03
2.000000e-09 1.000000e+02 4.154532e-10 -1.842756e+03
3.000000e-09 1.000000e+02 6.231798e-10 -1.842756e+03
4.000000e-09 1.000000e+02 8.309064e-10 -1.842756e+03
5.000000e-09 1.000000e+02 1.038633e-09 -1.842756e+03
6.000000e-09 1.000000e+02 1.246360e-09 -1.842756e+03
7.000000e-09 1.000000e+02 1.454086e-09 -1.842756e+03
8.000000e-09 1.000000e+02 1.661813e-09 -1.842756e+03
9.000000e-09 1.000000e+02 1.869540e-09 -1.842756e+03
1.000000e-08 1.000000e+02 2.077266e-09 -1.842756e+03
2.000000e-08 1.000000e+02 4.154532e-09 -1.842756e+03
3.000000e-08 1.000000e+02 6.231799e-09 -1.842756e+03
4.000000e-08 1.000000e+02 8.309065e-09 -1.842756e+03
5.000000e-08 1.000000e+02 1.038633e-08 -1.842756e+03
6.000000e-08 1.000000e+02 1.246360e-08 -1.842756e+03
7.000000e-08 1.000000e+02 1.454087e-08 -1.842756e+03
8.000000e-08 1.000000e+02 1.661813e-08 -1.842756e+03
9.000000e-08 1.000000e+02 1.869540e-08 -1.842756e+03
1.000000e-07 1.000000e+02 2.077267e-08 -1.842756e+03
2.000000e-07 1.000000e+02 4.154534e-08 -1.842756e+03
3.000000e-07 1.000000e+02 6.231803e-08 -1.842756e+03
4.000000e-07 1.000000e+02 8.309073e-08 -1.842756e+03
5.000000e-07 1.000000e+02 1.038634e-07 -1.842756e+03
6.000000e-07 1.000000e+02 1.246362e-07 -1.842756e+03
7.000000e-07 1.000000e+02 1.454089e-07 -1.842756e+03
8.000000e-07 1.000000e+02 1.661816e-07 -1.842756e+03
9.000000e-07 1.000000e+02 1.869544e-07 -1.842756e+03
1.000000e-06 1.000000e+02 2.077272e-07 -1.842756e+03
2.000000e-06 1.000000e+02 4.154554e-07 -1.842756e+03
3.000000e-06 1.000000e+02 6.231847e-07 -1.842756e+03
4.000000e-06 1.000000e+02 8.309152e-07 -1.842756e+03
5.000000e-06 1.000000e+02 1.038647e-06 -1.842756e+03
6.000000e-06 1.000000e+02 1.246379e-06 -1.842756e+03
7.000000e-06 1.000000e+02 1.454113e-06 -1.842756e+03
8.000000e-06 1.000000e+02 1.661848e-06 -1.842756e+03
9.000000e-06 1.000000e+02 1.869584e-06 -1.842756e+03
1.000000e-05 1.000000e+02 2.077321e-06 -1.842756e+03
2.000000e-05 1.000000e+02 4.154750e-06 -1.842756e+03
3.000000e-05 1.000000e+02 6.232289e-06 -1.842756e+03
4.000000e-05 1.000000e+02 8.309937e-06 -1.842756e+03
5.000000e-05 1.000000e+02 1.038769e-05 -1.842756e+03
6.000000e-05 1.000000e+02 1.246556e-05 -1.842756e+03
7.000000e-05 1.000000e+02 1.454354e-05 -1.842756e+03
8.000000e-05 1.000000e+02 1.662162e-05 -1.842756e+03
9.000000e-05 1.000000e+02 1.869982e-05 -1.842756e+03
1.000000e-04 1.000000e+02 2.077812e-05 -1.842756e+03
2.000000e-04 1.000000e+02 4.156716e-05 -1.842756e+03
3.000000e-04 1.000000e+02 6.236713e-05 -1.842756e+03
4.000000e-04 1.000000e+02 8.317805e-05 -1.842756e+03
5.000000e-04 1.000000e+02 1.039999e-04 -1.842756e+03
6.000000e-04 1.000000e+02 1.248328e-04 -1.842756e+03
7.000000e-04 1.000000e+02 1.456766e-04 -1.842756e+03
8.000000e-04 1.000000e+02 1.665314e-04 -1.842756e+03
9.000000e-04 1.000000e+02 1.873972e-04 -1.842756e+03
1.000000e-03 1.000000e+02 2.082741e-04 -1.842756e+03
2.000000e-03 1.000000e+02 4.176507e-04 -1.842757e+03
3.000000e-03 1.000000e+02 6.281416e-04 -1.842757e+03
4.000000e-03 1.000000e+02 8.397585e-04 -1.842757e+03
5.000000e-03 1.000000e+02 1.052513e-03 -1.842757e+03
6.000000e-03 1.000000e+02 1.266417e-03 -1.842757e+03
7.000000e-03 1.000000e+02 1.481483e-03 -1.842758e+03
8.000000e-03 1.000000e+02 1.697723e-03 -1.842758e+03
9.000000e-03 1.000000e+02 1.915149e-03 -1.842758e+03
1.000000e-02 1.000000e+02 2.133774e-03 -1.842758e+03
2.000000e-02 1.000000e+02 4.388741e-03 -1.842760e+03
3.000000e-02 1.000000e+02 6.778027e-03 -1.842762e+03
4.000000e-02 1.000000e+02 9.315979e-03 -1.842764e+03
5.000000e-02 1.000000e+02 1.201827e-02 -1.842765e+03
6.000000e-02 1.000000e+02 1.490197e-02 -1.842767e+03
7.000000e-02 1.000000e+02 1.798569e-02 -1.842768e+03
8.000000e-02 1.000000e+02 2.128961e-02 -1.842770e+03
9.000000e-02 1.000000e+02 2.483566e-02 -1.842771e+03
1.000000e-01 1.000000e+02 2.864752e-02 -1.842772e+03
1.778280e-01 1.000000e+02 7.064992e-02 -1.842778e+03
3.162280e-01 1.000000e+02 2.670000e-01 -1.842776e+03
5.623410e-01 1.000000e+02 2.038000e+00 -1.842196e+03
1.000000e+00 1.000000e+02 1.403200e+01 -1.838551e+03
1.778279e+00 1.000000e+02 8.301700e+01 -1.822995e+03
3.162278e+00 1.000000e+02 3.913200e+02 -1.777131e+03
5.623413e+00 1.000000e+02 1.566434e+03 -1.666258e+03
1.000000e+01 1.000000e+02 5.572243e+03 -1.433158e+03
1.778279e+01 1.000000e+02 1.797183e+04 -9.887440e+02
3.162278e+01 1.000000e+02 5.496921e+04 -2.117200e+02
5.623413e+01 1.000000e+02 1.622469e+05 1.097542e+03
1.000000e+02 1.000000e+02 4.658473e+05 3.236666e+03
1.778279e+02 1.000000e+02 1.311657e+06 6.651316e+03
3.162278e+02 1.000000e+02 3.633820e+06 1.201013e+04
5.623413e+02 1.000000e+02 9.941889e+06 2.029967e+04
1.000000e+03 1.000000e+02 2.694135e+07 3.297377e+04
1.000000e-10 2.000000e+02 4.154532e-11 -1.842445e+03
2.000000e-10 2.000000e+02 8.309064e-11 -1.842445e+03
3.000000e-10 2.000000e+02 1.246360e-10 -1.842445e+03
4.000000e-10 2.000000e+02 1.661813e-10 -1.842445e+03
5.000000e-10 2.000000e+02 2.077266e-10 -1.842445e+03
6.000000e-10 2.000000e+02 2.492719e-10 -1.842445e+03
7.000000e-10 2.000000e+02 2.908173e-10 -1.842445e+03
8.000000e-10 2.000000e+02 3.323626e-10 -1.842445e+03
9.000000e-10 2.000000e+02 3.739079e-10 -1.842445e+03
1.000000e-09 2.000000e+02 4.154532e-10 -1.842445e+03
2.000000e-09 2.000000e+02 8.309064e-10 -1.842445e+03
3.000000e-09 2.000000e+02 1.246360e-09 -1.842445e+03
4.000000e-09 2.000000e+02 1.661813e-09 -1.842445e+03
5.000000e-09 2.000000e+02 2.077266e-09 -1.842445e+03
6.000000e-09 2.000000e+02 2.492719e-09 -1.842445e+03
7.000000e-09 2.000000e+02 2.908173e-09 -1.842445e+03
8.000000e-09 2.000000e+02 3.323626e-09 -1.842445e+03
9.000000e-09 2.000000e+02 3.739079e-09 -1.842445e+03
1.000000e-08 2.000000e+02 4.154532e-09 -1.842445e+03
2.000000e-08 2.000000e+02 8.309065e-09 -1.842445e+03
3.000000e-08 2.000000e+02 1.246360e-08 -1.842445e+03
4.000000e-08 2.000000e+02 1.661813e-08 -1.842445e+03
5.000000e-08 2.000000e+02 2.077266e-08 -1.842445e+03
6.000000e-08 2.000000e+02 2.492720e-08 -1.842445e+03
7.000000e-08 2.000000e+02 2.908173e-08 -1.842445e+03
8.000000e-08 2.000000e+02 3.323627e-08 -1.842445e+03
9.000000e-08 2.000000e+02 3.739080e-08 -1.842445e+03
1.000000e-07 2.000000e+02 4.154533e-08 -1.842445e+03
2.000000e-07 2.000000e+02 8.309069e-08 -1.842445e+03
3.000000e-07 2.000000e+02 1.246361e-07 -1.842445e+03
4.000000e-07 2.000000e+02 1.661815e-07 -1.842445e+03
5.000000e-07 2.000000e+02 2.077269e-07 -1.842445e+03
6.000000e-07 2.000000e+02 2.492724e-07 -1.842445e+03
7.000000e-07 2.000000e+02 2.908178e-07 -1.842445e+03
8.000000e-07 2.000000e+02 3.323634e-07 -1.842445e+03
9.000000e-07 2.000000e+02 3.739089e-07 -1.842445e+03
1.000000e-06 2.000000e+02 4.154544e-07 -1.842445e+03
2.000000e-06 2.000000e+02 8.309113e-07 -1.842445e+03
3.000000e-06 2.000000e+02 1.246371e-06 -1.842445e+03
4.000000e-06 2.000000e+02 1.661832e-06 -1.842445e+03
5.000000e-06 2.000000e+02 2.077296e-06 -1.842445e+03
6.000000e-06 2.000000e+02 2.492763e-06 -1.842445e+03
7.000000e-06 2.000000e+02 2.908232e-06 -1.842445e+03
8.000000e-06 2.000000e+02 3.323704e-06 -1.842445e+03
9.000000e-06 2.000000e+02 3.739177e-06 -1.842445e+03
1.000000e-05 2.000000e+02 4.154654e-06 -1.842445e+03
2.000000e-05 2.000000e+02 8.309550e-06 -1.842445e+03
3.000000e-05 2.000000e+02 1.246469e-05 -1.842445e+03
4.000000e-05 2.000000e+02 1.662007e-05 -1.842445e+03
5.000000e-05 2.000000e+02 2.077570e-05 -1.842445e+03
6.000000e-05 2.000000e+02 2.493157e-05 -1.842445e+03
7.000000e-05 2.000000e+02 2.908768e-05 -1.842445e+03
8.000000e-05 2.000000e+02 3.324404e-05 -1.842445e+03
9.000000e-05 2.000000e+02 3.740064e-05 -1.842445e+03
1.000000e-04 2.000000e+02 4.155748e-05 -1.842445e+03
2.000000e-04 2.000000e+02 8.313928e-05 -1.842445e+03
3.000000e-04 2.000000e+02 1.247454e-04 -1.842445e+03
4.000000e-04 2.000000e+02 1.663759e-04 -1.842445e+03
5.000000e-04 2.000000e+02 2.080308e-04 -1.842445e+03
6.000000e-04 2.000000e+02 2.497101e-04 -1.842445e+03
7.000000e-04 2.000000e+02 2.914138e-04 -1.842445e+03
8.000000e-04 2.000000e+02 3.331420e-04 -1.842445e+03
9.000000e-04 2.000000e+02 3.748946e-04 -1.842445e+03
1.000000e-03 2.000000e+02 4.166716e-04 -1.842445e+03
2.000000e-03 2.000000e+02 8.357928e-04 -1.842445e+03
3.000000e-03 2.000000e+02 1.257383e-03 -1.842445e+03
4.000000e-03 2.000000e+02 1.681460e-03 -1.842445e+03
5.000000e-03 2.000000e+02 2.108045e-03 -1.842445e+03
6.000000e-03 2.000000e+02 2.537157e-03 -1.842445e+03
7.000000e-03 2.000000e+02 2.968815e-03 -1.842445e+03
8.000000e-03 2.000000e+02 3.403040e-03 -1.842445e+03
9.000000e-03 2.000000e+02 3.839850e-03 -1.842445e+03
1.000000e-02 2.000000e+02 4.279268e-03 -1.842445e+03
2.000000e-02 2.000000e+02 8.821322e-03 -1.842445e+03
3.000000e-02 2.000000e+02 1.364725e-02 -1.842445e+03
4.000000e-02 2.000000e+02 1.877967e-02 -1.842445e+03
5.000000e-02 2.000000e+02 2.424286e-02 -1.842444e+03
6.000000e-02 2.000000e+02 3.006281e-02 -1.842444e+03
7.000000e-02 2.000000e+02 3.626732e-02 -1.842443e+03
8.000000e-02 2.000000e+02 4.288608e-02 -1.842442e+03
9.000000e-02 2.000000e+02 4.995077e-02 -1.842441e+03
1.000000e-01 2.000000e+02 5.749514e-02 -1.842440e+03
1.778280e-01 2.000000e+02 1.370503e-01 -1.842422e+03
3.162280e-01 2.000000e+02 4.610000e-01 -1.842351e+03
5.623410e-01 2.000000e+02 2.570000e+00 -1.841606e+03
1.000000e+00 2.000000e+02 1.491800e+01 -1.837914e+03
1.778279e+00 2.000000e+02 8.422600e+01 -1.822367e+03
3.162278e+00 2.000000e+02 3.930970e+02 -1.776506e+03
5.623413e+00 2.000000e+02 1.569022e+03 -1.665633e+03
1.000000e+01 2.000000e+02 5.575481e+03 -1.432534e+03
1.778279e+01 2.000000e+02 1.797251e+04 -9.881350e+02
3.162278e+01 2.000000e+02 5.497804e+04 -2.111150e+02
5.623413e+01 2.000000e+02 1.622659e+05 1.098149e+03
1.000000e+02 2.000000e+02 4.658967e+05 3.237280e+03
1.778279e+02 2.000000e+02 1.311722e+06 6.651959e+03
3.162278e+02 2.000000e+02 3.633901e+06 1.201073e+04
5.623413e+02 2.000000e+02 9.942060e+06 2.030029e+04
1.000000e+03 2.000000e+02 2.694169e+07 3.297442e+04
1.000000e-10 3.000000e+02 6.231798e-11 -1.842133e+03
2.000000e-10 3.000000e+02 1.246360e-10 -1.842133e+03
3.000000e-10 3.000000e+02 1.869539e-10 -1.842133e+03
4.000000e-10 3.000000e+02 2.492719e-10 -1.842133e+03
5.000000e-10 3.000000e+02 3.115899e-10 -1.842133e+03
6.000000e-10 3.000000e+02 3.739079e-10 -1.842133e+03
7.000000e-10 3.000000e+02 4.362259e-10 -1.842133e+03
8.000000e-10 3.000000e+02 4.985439e-10 -1.842133e+03
9.000000e-10 3.000000e+02 5.608618e-10 -1.842133e+03
1.000000e-09 3.000000e+02 6.231798e-10 -1.842133e+03
2.000000e-09 3.000000e+02 1.246360e-09 -1.842133e+03
3.000000e-09 3.000000e+02 1.869539e-09 -1.842133e+03
4.000000e-09 3.000000e+02 2.492719e-09 -1.842133e+03
5.000000e-09 3.000000e+02 3.115899e-09 -1.842133e+03
6.000000e-09 3.000000e+02 3.739079e-09 -1.842133e+03
7.000000e-09 3.000000e+02 4.362259e-09 -1.842133e+03
8.000000e-09 3.000000e+02 4.985439e-09 -1.842133e+03
9.000000e-09 3.000000e+02 5.608619e-09 -1.842133e+03
1.000000e-08 3.000000e+02 6.231798e-09 -1.842133e+03
2.000000e-08 3.000000e+02 1.246360e-08 -1.842133e+03
3.000000e-08 3.000000e+02 1.869540e-08 -1.842133e+03
4.000000e-08 3.000000e+02 2.492720e-08 -1.842133e+03
5.000000e-08 3.000000e+02 3.115900e-08 -1.842133e+03
6.000000e-08 3.000000e+02 3.739080e-08 -1.842133e+03
7.000000e-08 3.000000e+02 4.362260e-08 -1.842133e+03
8.000000e-08 3.000000e+02 4.985440e-08 -1.842133e+03
9.000000e-08 3.000000e+02 5.608620e-08 -1.842133e+03
1.000000e-07 3.000000e+02 6.231800e-08 -1.842133e+03
2.000000e-07 3.000000e+02 1.246360e-07 -1.842133e+03
3.000000e-07 3.000000e+02 1.869541e-07 -1.842133e+03
4.000000e-07 3.000000e+02 2.492722e-07 -1.842133e+03
5.000000e-07 3.000000e+02 3.115904e-07 -1.842133e+03
6.000000e-07 3.000000e+02 3.739085e-07 -1.842133e+03
7.000000e-07 3.000000e+02 4.362268e-07 -1.842133e+03
8.000000e-07 3.000000e+02 4.985450e-07 -1.842133e+03
9.000000e-07 3.000000e+02 5.608633e-07 -1.842133e+03
1.000000e-06 3.000000e+02 6.231816e-07 -1.842133e+03
2.000000e-06 3.000000e+02 1.246367e-06 -1.842133e+03
3.000000e-06 3.000000e+02 1.869556e-06 -1.842133e+03
4.000000e-06 3.000000e+02 2.492748e-06 -1.842133e+03
5.000000e-06 3.000000e+02 3.115944e-06 -1.842133e+03
6.000000e-06 3.000000e+02 3.739144e-06 -1.842133e+03
7.000000e-06 3.000000e+02 4.362347e-06 -1.842133e+03
8.000000e-06 3.000000e+02 4.985554e-06 -1.842133e+03
9.000000e-06 3.000000e+02 5.608764e-06 -1.842133e+03
1.000000e-05 3.000000e+02 6.231978e-06 -1.842133e+03
2.000000e-05 3.000000e+02 1.246432e-05 -1.842133e+03
3.000000e-05 3.000000e+02 1.869701e-05 -1.842133e+03
4.000000e-05 3.000000e+02 2.493007e-05 -1.842133e+03
5.000000e-05 3.000000e+02 3.116349e-05 -1.842133e+03
6.000000e-05 3.000000e+02 3.739727e-05 -1.842133e+03
7.000000e-05 3.000000e+02 4.363140e-05 -1.842133e+03
8.000000e-05 3.000000e+02 4.986590e-05 -1.842133e+03
9.000000e-05 3.000000e+02 5.610076e-05 -1.842133e+03
1.000000e-04 3.000000e+02 6.233598e-05 -1.842133e+03
2.000000e-04 3.000000e+02 1.247080e-04 -1.842133e+03
3.000000e-04 3.000000e+02 1.871160e-04 -1.842133e+03
4.000000e-04 3.000000e+02 2.495600e-04 -1.842133e+03
5.000000e-04 3.000000e+02 3.120402e-04 -1.842133e+03
6.000000e-04 3.000000e+02 3.745564e-04 -1.842133e+03
7.000000e-04 3.000000e+02 4.371088e-04 -1.842133e+03
8.000000e-04 3.000000e+02 4.996974e-04 -1.842133e+03
9.000000e-04 3.000000e+02 5.623221e-04 -1.842133e+03
1.000000e-03 3.000000e+02 6.249830e-04 -1.842133e+03
2.000000e-03 3.000000e+02 1.253589e-03 -1.842133e+03
3.000000e-03 3.000000e+02 1.885842e-03 -1.842133e+03
4.000000e-03 3.000000e+02 2.521767e-03 -1.842132e+03
5.000000e-03 3.000000e+02 3.161389e-03 -1.842132e+03
6.000000e-03 3.000000e+02 3.804733e-03 -1.842132e+03
7.000000e-03 3.000000e+02 4.451824e-03 -1.842132e+03
8.000000e-03 3.000000e+02 5.102689e-03 -1.842132e+03
9.000000e-03 3.000000e+02 5.757351e-03 -1.842132e+03
1.000000e-02 3.000000e+02 6.415838e-03 -1.842131e+03
2.000000e-02 3.000000e+02 1.321680e-02 -1.842130e+03
3.000000e-02 3.000000e+02 2.042967e-02 -1.842128e+03
4.000000e-02 3.000000e+02 2.808288e-02 -1.842126e+03
5.000000e-02 3.000000e+02 3.620664e-02 -1.842123e+03
6.000000e-02 3.000000e+02 4.483295e-02 -1.842121e+03
7.000000e-02 3.000000e+02 5.399572e-02 -1.842118e+03
8.000000e-02 3.000000e+02 6.373081e-02 -1.842115e+03
9.000000e-02 3.000000e+02 7.407615e-02 -1.842112e+03
1.000000e-01 3.000000e+02 8.507177e-02 -1.842108e+03
1.778280e-01 3.000000e+02 1.980236e-01 -1.842068e+03
3.162280e-01 3.000000e+02 6.260000e-01 -1.841940e+03
5.623410e-01 3.000000e+02 2.993000e+00 -1.841082e+03
1.000000e+00 3.000000e+02 1.580300e+01 -1.837274e+03
1.778279e+00 3.000000e+02 8.546000e+01 -1.821741e+03
3.162278e+00 3.000000e+02 3.948850e+02 -1.775882e+03
5.623413e+00 3.000000e+02 1.571817e+03 -1.664981e+03
1.000000e+01 3.000000e+02 5.579352e+03 -1.431906e+03
1.778279e+01 3.000000e+02 1.797859e+04 -9.875150e+02
3.162278e+01 3.000000e+02 5.498921e+04 -2.104930e+02
5.623413e+01 3.000000e+02 1.622842e+05 1.098770e+03
1.000000e+02 3.000000e+02 4.659319e+05 3.237906e+03
1.778279e+02 3.000000e+02 1.311776e+06 6.652570e+03
3.162278e+02 3.000000e+02 3.634012e+06 1.201137e+04
5.623413e+02 3.000000e+02 9.942240e+06 2.030089e+04
1.000000e+03 3.000000e+02 2.694198e+07 3.297500e+04
1.000000e-10 6.000000e+02 1.246358e-10 -1.841198e+03
2.000000e-10 6.000000e+02 2.492716e-10 -1.841198e+03
3.000000e-10 6.000000e+02 3.739075e-10 -1.841198e+03
4.000000e-10 6.000000e+02 4.985433e-10 -1.841198e+03
5.000000e-10 6.000000e+02 6.231791e-10 -1.841198e+03
6.000000e-10 6.000000e+02 7.478149e-10 -1.841198e+03
7.000000e-10 6.000000e+02 8.724507e-10 -1.841198e+03
8.000000e-10 6.000000e+02 9.970865e-10 -1.841198e+03
9.000000e-10 6.000000e+02 1.121722e-09 -1.841198e+03
1.000000e-09 6.000000e+02 1.246358e-09 -1.841198e+03
2.000000e-09 6.000000e+02 2.492716e-09 -1.841198e+03
3.000000e-09 6.000000e+02 3.739075e-09 -1.841198e+03
4.000000e-09 6.000000e+02 4.985433e-09 -1.841198e+03
5.000000e-09 6.000000e+02 6.231791e-09 -1.841198e+03
6.000000e-09 6.000000e+02 7.478149e-09 -1.841198e+03
7.000000e-09 6.000000e+02 8.724507e-09 -1.841198e+03
8.000000e-09 6.000000e+02 9.970866e-09 -1.841198e+03
9.000000e-09 6.000000e+02 1.121722e-08 -1.841198e+03
1.000000e-08 6.000000e+02 1.246358e-08 -1.841198e+03
2.000000e-08 6.000000e+02 2.492716e-08 -1.841198e+03
3.000000e-08 6.000000e+02 3.739075e-08 -1.841198e+03
4.000000e-08 6.000000e+02 4.985433e-08 -1.841198e+03
5.000000e-08 6.000000e+02 6.231792e-08 -1.841198e+03
6.000000e-08 6.000000e+02 7.478150e-08 -1.841198e+03
7.000000e-08 6.000000e+02 8.724509e-08 -1.841198e+03
8.000000e-08 6.000000e+02 9.970867e-08 -1.841198e+03
9.000000e-08 6.000000e+02 1.121723e-07 -1.841198e+03
1.000000e-07 6.000000e+02 1.246358e-07 -1.841198e+03
2.000000e-07 6.000000e+02 2.492718e-07 -1.841198e+03
3.000000e-07 6.000000e+02 3.739077e-07 -1.841198e+03
4.000000e-07 6.000000e+02 4.985438e-07 -1.841198e+03
5.000000e-07 6.000000e+02 6.231799e-07 -1.841198e+03
6.000000e-07 6.000000e+02 7.478161e-07 -1.841198e+03
7.000000e-07 6.000000e+02 8.724523e-07 -1.841198e+03
8.000000e-07 6.000000e+02 9.970886e-07 -1.841198e+03
9.000000e-07 6.000000e+02 1.121725e-06 -1.841198e+03
1.000000e-06 6.000000e+02 1.246361e-06 -1.841198e+03
2.000000e-06 6.000000e+02 2.492729e-06 -1.841198e+03
3.000000e-06 6.000000e+02 3.739104e-06 -1.841198e+03
4.000000e-06 6.000000e+02 4.985485e-06 -1.841198e+03
5.000000e-06 6.000000e+02 6.231873e-06 -1.841198e+03
6.000000e-06 6.000000e+02 7.478267e-06 -1.841198e+03
7.000000e-06 6.000000e+02 8.724668e-06 -1.841198e+03
8.000000e-06 6.000000e+02 9.971076e-06 -1.841198e+03
9.000000e-06 6.000000e+02 1.121749e-05 -1.841198e+03
1.000000e-05 6.000000e+02 1.246391e-05 -1.841198e+03
2.000000e-05 6.000000e+02 2.492848e-05 -1.841198e+03
3.000000e-05 6.000000e+02 3.739370e-05 -1.841198e+03
4.000000e-05 6.000000e+02 4.985958e-05 -1.841198e+03
5.000000e-05 6.000000e+02 6.232612e-05 -1.841198e+03
6.000000e-05 6.000000e+02 7.479332e-05 -1.841198e+03
7.000000e-05 6.000000e+02 8.726117e-05 -1.841198e+03
8.000000e-05 6.000000e+02 9.972969e-05 -1.841198e+03
9.000000e-05 6.000000e+02 1.121989e-04 -1.841198e+03
1.000000e-04 6.000000e+02 1.246687e-04 -1.841198e+03
2.000000e-04 6.000000e+02 2.494031e-04 -1.841198e+03
3.000000e-04 6.000000e+02 3.742033e-04 -1.841198e+03
4.000000e-04 6.000000e+02 4.990694e-04 -1.841198e+03
5.000000e-04 6.000000e+02 6.240013e-04 -1.841198e+03
6.000000e-04 6.000000e+02 7.489990e-04 -1.841198e+03
7.000000e-04 6.000000e+02 8.740627e-04 -1.841198e+03
8.000000e-04 6.000000e+02 9.991924e-04 -1.841198e+03
9.000000e-04 6.000000e+02 1.124388e-03 -1.841198e+03
1.000000e-03 6.000000e+02 1.249650e-03 -1.841198e+03
2.000000e-03 6.000000e+02 2.505907e-03 -1.841197e+03
3.000000e-03 6.000000e+02 3.768806e-03 -1.841197e+03
4.000000e-03 6.000000e+02 5.038384e-03 -1.841196e+03
5.000000e-03 6.000000e+02 6.314677e-03 -1.841195e+03
6.000000e-03 6.000000e+02 7.597720e-03 -1.841195e+03
7.000000e-03 6.000000e+02 8.887551e-03 -1.841194e+03
8.000000e-03 6.000000e+02 1.018421e-02 -1.841194e+03
9.000000e-03 6.000000e+02 1.148772e-02 -1.841193e+03
1.000000e-02 6.000000e+02 1.279813e-02 -1.841192e+03
2.000000e-02 6.000000e+02 2.628986e-02 -1.841186e+03
3.000000e-02 6.000000e+02 4.051318e-02 -1.841179e+03
4.000000e-02 6.000000e+02 5.550786e-02 -1.841172e+03
5.000000e-02 6.000000e+02 7.131546e-02 -1.841165e+03
6.000000e-02 6.000000e+02 8.797937e-02 -1.841157e+03
7.000000e-02 6.000000e+02 1.055449e-01 -1.841149e+03
8.000000e-02 6.000000e+02 1.240592e-01 -1.841141e+03
9.000000e-02 6.000000e+02 1.435716e-01 -1.841132e+03
1.000000e-01 6.000000e+02 1.641333e-01 -1.841122e+03
1.778280e-01 6.000000e+02 3.610000e-01 -1.841040e+03
3.162280e-01 6.000000e+02 1.044000e+00 -1.840765e+03
5.623410e-01 6.000000e+02 4.076000e+00 -1.839613e+03
1.000000e+00 6.000000e+02 1.943800e+01 -1.834861e+03
1.778279e+00 6.000000e+02 8.920300e+01 -1.819840e+03
3.162278e+00 6.000000e+02 4.002490e+02 -1.773999e+03
5.623413e+00 6.000000e+02 1.579497e+03 -1.663138e+03
1.000000e+01 6.000000e+02 5.590180e+03 -1.430036e+03
1.778279e+01 6.000000e+02 1.799688e+04 -9.856590e+02
3.162278e+01 6.000000e+02 5.502176e+04 -2.086340e+02
5.623413e+01 6.000000e+02 1.623391e+05 1.100632e+03
1.000000e+02 6.000000e+02 4.660121e+05 3.239759e+03
1.778279e+02 6.000000e+02 1.311963e+06 6.654443e+03
3.162278e+02 6.000000e+02 3.634321e+06 1.201321e+04
5.623413e+02 6.000000e+02 9.942801e+06 2.030284e+04
1.000000e+03 6.000000e+02 2.694294e+07 3.297687e+04
1.000000e-10 1.000000e+03 2.077264e-10 -1.839952e+03
2.000000e-10 1.000000e+03 4.154527e-10 -1.839952e+03
3.000000e-10 1.000000e+03 6.231791e-10 -1.839952e+03
4.000000e-10 1.000000e+03 8.309055e-10 -1.839952e+03
5.000000e-10 1.000000e+03 1.038632e-09 -1.839952e+03
6.000000e-10 1.000000e+03 1.246358e-09 -1.839952e+03
7.000000e-10 1.000000e+03 1.454085e-09 -1.839952e+03
8.000000e-10 1.000000e+03 1.661811e-09 -1.839952e+03
9.000000e-10 1.000000e+03 1.869537e-09 -1.839952e+03
1.000000e-09 1.000000e+03 2.077264e-09 -1.839952e+03
2.000000e-09 1.000000e+03 4.154527e-09 -1.839952e+03
3.000000e-09 1.000000e+03 6.231791e-09 -1.839952e+03
4.000000e-09 1.000000e+03 8.309055e-09 -1.839952e+03
5.000000e-09 1.000000e+03 1.038632e-08 -1.839952e+03
6.000000e-09 1.000000e+03 1.246358e-08 -1.839952e+03
7.000000e-09 1.000000e+03 1.454085e-08 -1.839952e+03
8.000000e-09 1.000000e+03 1.661811e-08 -1.839952e+03
9.000000e-09 1.000000e+03 1.869537e-08 -1.839952e+03
1.000000e-08 1.000000e+03 2.077264e-08 -1.839952e+03
2.000000e-08 1.000000e+03 4.154527e-08 -1.839952e+03
3.000000e-08 1.000000e+03 6.231791e-08 -1.839952e+03
4.000000e-08 1.000000e+03 8.309055e-08 -1.839952e+03
5.000000e-08 1.000000e+03 1.038632e-07 -1.839952e+03
6.000000e-08 1.000000e+03 1.246358e-07 -1.839952e+03
7.000000e-08 1.000000e+03 1.454085e-07 -1.839952e+03
8.000000e-08 1.000000e+03 1.661811e-07 -1.839952e+03
9.000000e-08 1.000000e+03 1.869538e-07 -1.839952e+03
1.000000e-07 1.000000e+03 2.077264e-07 -1.839952e+03
2.000000e-07 1.000000e+03 4.154529e-07 -1.839952e+03
3.000000e-07 1.000000e+03 6.231795e-07 -1.839952e+03
4.000000e-07 1.000000e+03 8.309062e-07 -1.839952e+03
5.000000e-07 1.000000e+03 1.038633e-06 -1.839952e+03
6.000000e-07 1.000000e+03 1.246360e-06 -1.839952e+03
7.000000e-07 1.000000e+03 1.454087e-06 -1.839952e+03
8.000000e-07 1.000000e+03 1.661814e-06 -1.839952e+03
9.000000e-07 1.000000e+03 1.869541e-06 -1.839952e+03
1.000000e-06 1.000000e+03 2.077269e-06 -1.839952e+03
2.000000e-06 1.000000e+03 4.154547e-06 -1.839952e+03
3.000000e-06 1.000000e+03 6.231835e-06 -1.839952e+03
4.000000e-06 1.000000e+03 8.309133e-06 -1.839952e+03
5.000000e-06 1.000000e+03 1.038644e-05 -1.839952e+03
6.000000e-06 1.000000e+03 1.246376e-05 -1.839952e+03
7.000000e-06 1.000000e+03 1.454109e-05 -1.839952e+03
8.000000e-06 1.000000e+03 1.661842e-05 -1.839952e+03
9.000000e-06 1.000000e+03 1.869577e-05 -1.839952e+03
1.000000e-05 1.000000e+03 2.077313e-05 -1.839952e+03
2.000000e-05 1.000000e+03 4.154725e-05 -1.839952e+03
3.000000e-05 1.000000e+03 6.232235e-05 -1.839952e+03
4.000000e-05 1.000000e+03 8.309844e-05 -1.839952e+03
5.000000e-05 1.000000e+03 1.038755e-04 -1.839952e+03
6.000000e-05 1.000000e+03 1.246536e-04 -1.839952e+03
7.000000e-05 1.000000e+03 1.454326e-04 -1.839952e+03
8.000000e-05 1.000000e+03 1.662127e-04 -1.839952e+03
9.000000e-05 1.000000e+03 1.869937e-04 -1.839952e+03
1.000000e-04 1.000000e+03 2.077757e-04 -1.839952e+03
2.000000e-04 1.000000e+03 4.156501e-04 -1.839952e+03
3.000000e-04 1.000000e+03 6.236232e-04 -1.839952e+03
4.000000e-04 1.000000e+03 8.316951e-04 -1.839952e+03
5.000000e-04 1.000000e+03 1.039866e-03 -1.839951e+03
6.000000e-04 1.000000e+03 1.248135e-03 -1.839951e+03
7.000000e-04 1.000000e+03 1.456504e-03 -1.839951e+03
8.000000e-04 1.000000e+03 1.664972e-03 -1.839951e+03
9.000000e-04 1.000000e+03 1.873538e-03 -1.839951e+03
1.000000e-03 1.000000e+03 2.082204e-03 -1.839951e+03
2.000000e-03 1.000000e+03 4.174317e-03 -1.839950e+03
3.000000e-03 1.000000e+03 6.276385e-03 -1.839948e+03
4.000000e-03 1.000000e+03 8.388453e-03 -1.839947e+03
5.000000e-03 1.000000e+03 1.051057e-02 -1.839946e+03
6.000000e-03 1.000000e+03 1.264277e-02 -1.839945e+03
7.000000e-03 1.000000e+03 1.478511e-02 -1.839944e+03
8.000000e-03 1.000000e+03 1.693763e-02 -1.839943e+03
9.000000e-03 1.000000e+03 1.910038e-02 -1.839941e+03
1.000000e-02 1.000000e+03 2.127340e-02 -1.839940e+03
2.000000e-02 1.000000e+03 4.357891e-02 -1.839928e+03
3.000000e-02 1.000000e+03 6.696366e-02 -1.839915e+03
4.000000e-02 1.000000e+03 9.147645e-02 -1.839902e+03
5.000000e-02 1.000000e+03 1.171678e-01 -1.839888e+03
6.000000e-02 1.000000e+03 1.440898e-01 -1.839874e+03
7.000000e-02 1.000000e+03 1.722965e-01 -1.839859e+03
8.000000e-02 1.000000e+03 2.018436e-01 -1.839843e+03
9.000000e-02 1.000000e+03 2.327886e-01 -1.839827e+03
1.000000e-01 1.000000e+03 2.651908e-01 -1.839811e+03
1.778280e-01 1.000000e+03 5.690000e-01 -1.839666e+03
3.162280e-01 1.000000e+03 1.506000e+00 -1.839270e+03
5.623410e-01 1.000000e+03 5.196000e+00 -1.837859e+03
1.000000e+00 1.000000e+03 2.221800e+01 -1.832583e+03
1.778279e+00 1.000000e+03 9.433600e+01 -1.817226e+03
3.162278e+00 1.000000e+03 4.074220e+02 -1.771481e+03
5.623413e+00 1.000000e+03 1.590193e+03 -1.660631e+03
1.000000e+01 1.000000e+03 5.604683e+03 -1.427533e+03
1.778279e+01 1.000000e+03 1.802356e+04 -9.831700e+02
3.162278e+01 1.000000e+03 5.506650e+04 -2.061200e+02
5.623413e+01 1.000000e+03 1.624136e+05 1.103129e+03
1.000000e+02 1.000000e+03 4.661620e+05 3.242264e+03
1.778279e+02 1.000000e+03 1.312189e+06 6.656907e+03
3.162278e+02 1.000000e+03 3.634742e+06 1.201568e+04
5.623413e+02 1.000000e+03 9.943533e+06 2.030524e+04
1.000000e+03 1.000000e+03 2.694424e+07 3.297932e+04
1.000000e-10 2.000000e+03 4.154527e-10 -1.836836e+03
2.000000e-10 2.000000e+03 8.309054e-10 -1.836836e+03
3.000000e-10 2.000000e+03 1.246358e-09 -1.836836e+03
4.000000e-10 2.000000e+03 1.661811e-09 -1.836836e+03
5.000000e-10 2.000000e+03 2.077264e-09 -1.836836e+03
6.000000e-10 2.000000e+03 2.492716e-09 -1.836836e+03
7.000000e-10 2.000000e+03 2.908169e-09 -1.836836e+03
8.000000e-10 2.000000e+03 3.323622e-09 -1.836836e+03
9.000000e-10 2.000000e+03 3.739075e-09 -1.836836e+03
1.000000e-09 2.000000e+03 4.154527e-09 -1.836836e+03
2.000000e-09 2.000000e+03 8.309055e-09 -1.836836e+03
3.000000e-09 2.000000e+03 1.246358e-08 -1.836836e+03
4.000000e-09 2.000000e+03 1.661811e-08 -1.836836e+03
5.000000e-09 2.000000e+03 2.077264e-08 -1.836836e+03
6.000000e-09 2.000000e+03 2.492716e-08 -1.836836e+03
7.000000e-09 2.000000e+03 2.908169e-08 -1.836836e+03
8.000000e-09 2.000000e+03 3.323622e-08 -1.836836e+03
9.000000e-09 2.000000e+03 3.739075e-08 -1.836836e+03
1.000000e-08 2.000000e+03 4.154527e-08 -1.836836e+03
2.000000e-08 2.000000e+03 8.309055e-08 -1.836836e+03
3.000000e-08 2.000000e+03 1.246358e-07 -1.836836e+03
4.000000e-08 2.000000e+03 1.661811e-07 -1.836836e+03
5.000000e-08 2.000000e+03 2.077264e-07 -1.836836e+03
6.000000e-08 2.000000e+03 2.492717e-07 -1.836836e+03
7.000000e-08 2.000000e+03 2.908169e-07 -1.836836e+03
8.000000e-08 2.000000e+03 3.323622e-07 -1.836836e+03
9.000000e-08 2.000000e+03 3.739075e-07 -1.836836e+03
1.000000e-07 2.000000e+03 4.154528e-07 -1.836836e+03
2.000000e-07 2.000000e+03 8.309058e-07 -1.836836e+03
3.000000e-07 2.000000e+03 1.246359e-06 -1.836836e+03
4.000000e-07 2.000000e+03 1.661812e-06 -1.836836e+03
5.000000e-07 2.000000e+03 2.077266e-06 -1.836836e+03
6.000000e-07 2.000000e+03 2.492719e-06 -1.836836e+03
7.000000e-07 2.000000e+03 2.908173e-06 -1.836836e+03
8.000000e-07 2.000000e+03 3.323627e-06 -1.836836e+03
9.000000e-07 2.000000e+03 3.739081e-06 -1.836836e+03
1.000000e-06 2.000000e+03 4.154536e-06 -1.836836e+03
2.000000e-06 2.000000e+03 8.309088e-06 -1.836836e+03
3.000000e-06 2.000000e+03 1.246366e-05 -1.836836e+03
4.000000e-06 2.000000e+03 1.661824e-05 -1.836836e+03
5.000000e-06 2.000000e+03 2.077284e-05 -1.836836e+03
6.000000e-06 2.000000e+03 2.492746e-05 -1.836836e+03
7.000000e-06 2.000000e+03 2.908210e-05 -1.836836e+03
8.000000e-06 2.000000e+03 3.323675e-05 -1.836836e+03
9.000000e-06 2.000000e+03 3.739141e-05 -1.836836e+03
1.000000e-05 2.000000e+03 4.154610e-05 -1.836836e+03
2.000000e-05 2.000000e+03 8.309385e-05 -1.836836e+03
3.000000e-05 2.000000e+03 1.246433e-04 -1.836836e+03
4.000000e-05 2.000000e+03 1.661943e-04 -1.836836e+03
5.000000e-05 2.000000e+03 2.077470e-04 -1.836836e+03
6.000000e-05 2.000000e+03 2.493014e-04 -1.836836e+03
7.000000e-05 2.000000e+03 2.908574e-04 -1.836836e+03
8.000000e-05 2.000000e+03 3.324151e-04 -1.836836e+03
9.000000e-05 2.000000e+03 3.739744e-04 -1.836836e+03
1.000000e-04 2.000000e+03 4.155354e-04 -1.836836e+03
2.000000e-04 2.000000e+03 8.312363e-04 -1.836836e+03
3.000000e-04 2.000000e+03 1.247103e-03 -1.836835e+03
4.000000e-04 2.000000e+03 1.663134e-03 -1.836835e+03
5.000000e-04 2.000000e+03 2.079332e-03 -1.836835e+03
6.000000e-04 2.000000e+03 2.495695e-03 -1.836835e+03
7.000000e-04 2.000000e+03 2.912224e-03 -1.836834e+03
8.000000e-04 2.000000e+03 3.328919e-03 -1.836834e+03
9.000000e-04 2.000000e+03 3.745779e-03 -1.836834e+03
1.000000e-03 2.000000e+03 4.162806e-03 -1.836834e+03
2.000000e-03 2.000000e+03 8.342208e-03 -1.836831e+03
3.000000e-03 2.000000e+03 1.253827e-02 -1.836829e+03
4.000000e-03 2.000000e+03 1.675104e-02 -1.836826e+03
5.000000e-03 2.000000e+03 2.098060e-02 -1.836824e+03
6.000000e-03 2.000000e+03 2.522699e-02 -1.836822e+03
7.000000e-03 2.000000e+03 2.949028e-02 -1.836819e+03
8.000000e-03 2.000000e+03 3.377053e-02 -1.836817e+03
9.000000e-03 2.000000e+03 3.806779e-02 -1.836814e+03
1.000000e-02 2.000000e+03 4.238213e-02 -1.836812e+03
2.000000e-02 2.000000e+03 8.647811e-02 -1.836787e+03
3.000000e-02 2.000000e+03 1.323481e-01 -1.836761e+03
4.000000e-02 2.000000e+03 1.800523e-01 -1.836735e+03
5.000000e-02 2.000000e+03 2.296508e-01 -1.836708e+03
6.000000e-02 2.000000e+03 2.812039e-01 -1.836680e+03
7.000000e-02 2.000000e+03 3.347717e-01 -1.836652e+03
8.000000e-02 2.000000e+03 3.904144e-01 -1.836623e+03
9.000000e-02 2.000000e+03 4.481922e-01 -1.836593e+03
1.000000e-01 2.000000e+03 5.081652e-01 -1.836563e+03
1.778280e-01 2.000000e+03 1.059000e+00 -1.836288e+03
3.162280e-01 2.000000e+03 2.556000e+00 -1.835636e+03
5.623410e-01 2.000000e+03 7.641000e+00 -1.833667e+03
1.000000e+00 2.000000e+03 2.776500e+01 -1.827546e+03
1.778279e+00 2.000000e+03 1.108180e+02 -1.809359e+03
3.162278e+00 2.000000e+03 4.261180e+02 -1.764956e+03
5.623413e+00 2.000000e+03 1.618032e+03 -1.654018e+03
1.000000e+01 2.000000e+03 5.643009e+03 -1.421030e+03
1.778279e+01 2.000000e+03 1.808766e+04 -9.768230e+02
3.162278e+01 2.000000e+03 5.514668e+04 -1.979840e+02
5.623413e+01 2.000000e+03 1.624399e+05 1.116405e+03
1.000000e+02 2.000000e+03 4.664690e+05 3.248499e+03
1.778279e+02 2.000000e+03 1.312798e+06 6.663113e+03
3.162278e+02 2.000000e+03 3.635787e+06 1.202190e+04
5.623413e+02 2.000000e+03 9.945360e+06 2.031141e+04
1.000000e+03 2.000000e+03 2.694622e+07 3.300133e+04
1.000000e-10 3.000000e+03 6.231791e-10 -1.833720e+03
2.000000e-10 3.000000e+03 1.246358e-09 -1.833720e+03
3.000000e-10 3.000000e+03 1.869537e-09 -1.833720e+03
4.000000e-10 3.000000e+03 2.492716e-09 -1.833720e+03
5.000000e-10 3.000000e+03 3.115895e-09 -1.833720e+03
6.000000e-10 3.000000e+03 3.739075e-09 -1.833720e+03
7.000000e-10 3.000000e+03 4.362254e-09 -1.833720e+03
8.000000e-10 3.000000e+03 4.985433e-09 -1.833720e+03
9.000000e-10 3.000000e+03 5.608612e-09 -1.833720e+03
1.000000e-09 3.000000e+03 6.231791e-09 -1.833720e+03
2.000000e-09 3.000000e+03 1.246358e-08 -1.833720e+03
3.000000e-09 3.000000e+03 1.869537e-08 -1.833720e+03
4.000000e-09 3.000000e+03 2.492716e-08 -1.833720e+03
5.000000e-09 3.000000e+03 3.115895e-08 -1.833720e+03
6.000000e-09 3.000000e+03 3.739075e-08 -1.833720e+03
7.000000e-09 3.000000e+03 4.362254e-08 -1.833720e+03
8.000000e-09 3.000000e+03 4.985433e-08 -1.833720e+03
9.000000e-09 3.000000e+03 5.608612e-08 -1.833720e+03
1.000000e-08 3.000000e+03 6.231791e-08 -1.833720e+03
2.000000e-08 3.000000e+03 1.246358e-07 -1.833720e+03
3.000000e-08 3.000000e+03 1.869537e-07 -1.833720e+03
4.000000e-08 3.000000e+03 2.492717e-07 -1.833720e+03
5.000000e-08 3.000000e+03 3.115896e-07 -1.833720e+03
6.000000e-08 3.000000e+03 3.739075e-07 -1.833720e+03
7.000000e-08 3.000000e+03 4.362254e-07 -1.833720e+03
8.000000e-08 3.000000e+03 4.985433e-07 -1.833720e+03
9.000000e-08 3.000000e+03 5.608613e-07 -1.833720e+03
1.000000e-07 3.000000e+03 6.231792e-07 -1.833720e+03
2.000000e-07 3.000000e+03 1.246359e-06 -1.833720e+03
3.000000e-07 3.000000e+03 1.869538e-06 -1.833720e+03
4.000000e-07 3.000000e+03 2.492718e-06 -1.833720e+03
5.000000e-07 3.000000e+03 3.115898e-06 -1.833720e+03
6.000000e-07 3.000000e+03 3.739078e-06 -1.833720e+03
7.000000e-07 3.000000e+03 4.362259e-06 -1.833720e+03
8.000000e-07 3.000000e+03 4.985440e-06 -1.833720e+03
9.000000e-07 3.000000e+03 5.608621e-06 -1.833720e+03
1.000000e-06 3.000000e+03 6.231802e-06 -1.833720e+03
2.000000e-06 3.000000e+03 1.246363e-05 -1.833720e+03
3.000000e-06 3.000000e+03 1.869547e-05 -1.833720e+03
4.000000e-06 3.000000e+03 2.492734e-05 -1.833720e+03
5.000000e-06 3.000000e+03 3.115923e-05 -1.833720e+03
6.000000e-06 3.000000e+03 3.739114e-05 -1.833720e+03
7.000000e-06 3.000000e+03 4.362307e-05 -1.833720e+03
8.000000e-06 3.000000e+03 4.985503e-05 -1.833720e+03
9.000000e-06 3.000000e+03 5.608701e-05 -1.833720e+03
1.000000e-05 3.000000e+03 6.231901e-05 -1.833720e+03
2.000000e-05 3.000000e+03 1.246402e-04 -1.833720e+03
3.000000e-05 3.000000e+03 1.869636e-04 -1.833720e+03
4.000000e-05 3.000000e+03 2.492892e-04 -1.833720e+03
5.000000e-05 3.000000e+03 3.116170e-04 -1.833720e+03
6.000000e-05 3.000000e+03 3.739469e-04 -1.833720e+03
7.000000e-05 3.000000e+03 4.362791e-04 -1.833720e+03
8.000000e-05 3.000000e+03 4.986134e-04 -1.833720e+03
9.000000e-05 3.000000e+03 5.609500e-04 -1.833720e+03
1.000000e-04 3.000000e+03 6.232887e-04 -1.833720e+03
2.000000e-04 3.000000e+03 1.246797e-03 -1.833719e+03
3.000000e-04 3.000000e+03 1.870524e-03 -1.833719e+03
4.000000e-04 3.000000e+03 2.494471e-03 -1.833719e+03
5.000000e-04 3.000000e+03 3.118638e-03 -1.833718e+03
6.000000e-04 3.000000e+03 3.743024e-03 -1.833718e+03
7.000000e-04 3.000000e+03 4.367630e-03 -1.833718e+03
8.000000e-04 3.000000e+03 4.992456e-03 -1.833717e+03
9.000000e-04 3.000000e+03 5.617501e-03 -1.833717e+03
1.000000e-03 3.000000e+03 6.242766e-03 -1.833717e+03
2.000000e-03 3.000000e+03 1.250753e-02 -1.833713e+03
3.000000e-03 3.000000e+03 1.879436e-02 -1.833710e+03
4.000000e-03 3.000000e+03 2.510332e-02 -1.833706e+03
5.000000e-03 3.000000e+03 3.143448e-02 -1.833703e+03
6.000000e-03 3.000000e+03 3.778791e-02 -1.833699e+03
7.000000e-03 3.000000e+03 4.416368e-02 -1.833696e+03
8.000000e-03 3.000000e+03 5.056185e-02 -1.833692e+03
9.000000e-03 3.000000e+03 5.698250e-02 -1.833688e+03
1.000000e-02 3.000000e+03 6.342569e-02 -1.833685e+03
2.000000e-02 3.000000e+03 1.291124e-01 -1.833649e+03
3.000000e-02 3.000000e+03 1.971283e-01 -1.833612e+03
4.000000e-02 3.000000e+03 2.675417e-01 -1.833574e+03
5.000000e-02 3.000000e+03 3.404206e-01 -1.833535e+03
6.000000e-02 3.000000e+03 4.158333e-01 -1.833496e+03
7.000000e-02 3.000000e+03 4.938480e-01 -1.833456e+03
8.000000e-02 3.000000e+03 5.745328e-01 -1.833415e+03
9.000000e-02 3.000000e+03 6.579560e-01 -1.833373e+03
1.000000e-01 3.000000e+03 7.441857e-01 -1.833330e+03
1.778280e-01 3.000000e+03 1.524000e+00 -1.832937e+03
3.162280e-01 3.000000e+03 3.526000e+00 -1.832062e+03
5.623410e-01 3.000000e+03 9.687000e+00 -1.829750e+03
1.000000e+00 3.000000e+03 3.246800e+01 -1.822884e+03
1.778279e+00 3.000000e+03 1.211900e+02 -1.803610e+03
3.162278e+00 3.000000e+03 4.577290e+02 -1.754866e+03
5.623413e+00 3.000000e+03 1.645719e+03 -1.647452e+03
1.000000e+01 3.000000e+03 5.681013e+03 -1.414538e+03
1.778279e+01 3.000000e+03 1.814945e+04 -9.704850e+02
3.162278e+01 3.000000e+03 5.525616e+04 -1.916640e+02
5.623413e+01 3.000000e+03 1.626275e+05 1.122700e+03
1.000000e+02 3.000000e+03 4.665125e+05 3.264262e+03
1.778279e+02 3.000000e+03 1.313411e+06 6.669347e+03
3.162278e+02 3.000000e+03 3.636841e+06 1.202803e+04
5.623413e+02 3.000000e+03 9.947219e+06 2.031762e+04
1.000000e+03 3.000000e+03 2.694949e+07 3.300753e+04
1.000000e-10 6.000000e+03 1.246359e-09 -1.824372e+03
2.000000e-10 6.000000e+03 2.492717e-09 -1.824372e+03
3.000000e-10 6.000000e+03 3.739076e-09 -1.824372e+03
4.000000e-10 6.000000e+03 4.985434e-09 -1.824372e+03
5.000000e-10 6.000000e+03 6.231792e-09 -1.824372e+03
6.000000e-10 6.000000e+03 7.478151e-09 -1.824372e+03
7.000000e-10 6.000000e+03 8.724509e-09 -1.824372e+03
8.000000e-10 6.000000e+03 9.970867e-09 -1.824372e+03
9.000000e-10 6.000000e+03 1.121723e-08 -1.824372e+03
1.000000e-09 6.000000e+03 1.246358e-08 -1.824372e+03
2.000000e-09 6.000000e+03 2.492717e-08 -1.824372e+03
3.000000e-09 6.000000e+03 3.739075e-08 -1.824372e+03
4.000000e-09 6.000000e+03 4.985433e-08 -1.824372e+03
5.000000e-09 6.000000e+03 6.231791e-08 -1.824372e+03
6.000000e-09 6.000000e+03 7.478150e-08 -1.824372e+03
7.000000e-09 6.000000e+03 8.724508e-08 -1.824372e+03
8.000000e-09 6.000000e+03 9.970866e-08 -1.824372e+03
9.000000e-09 6.000000e+03 1.121722e-07 -1.824372e+03
1.000000e-08 6.000000e+03 1.246358e-07 -1.824372e+03
2.000000e-08 6.000000e+03 2.492717e-07 -1.824372e+03
3.000000e-08 6.000000e+03 3.739075e-07 -1.824372e+03
4.000000e-08 6.000000e+03 4.985433e-07 -1.824372e+03
5.000000e-08 6.000000e+03 6.231791e-07 -1.824372e+03
6.000000e-08 6.000000e+03 7.478150e-07 -1.824372e+03
7.000000e-08 6.000000e+03 8.724508e-07 -1.824372e+03
8.000000e-08 6.000000e+03 9.970867e-07 -1.824372e+03
9.000000e-08 6.000000e+03 1.121723e-06 -1.824372e+03
1.000000e-07 6.000000e+03 1.246358e-06 -1.824372e+03
2.000000e-07 6.000000e+03 2.492717e-06 -1.824372e+03
3.000000e-07 6.000000e+03 3.739076e-06 -1.824372e+03
4.000000e-07 6.000000e+03 4.985436e-06 -1.824372e+03
5.000000e-07 6.000000e+03 6.231795e-06 -1.824372e+03
6.000000e-07 6.000000e+03 7.478155e-06 -1.824372e+03
7.000000e-07 6.000000e+03 8.724516e-06 -1.824372e+03
8.000000e-07 6.000000e+03 9.970877e-06 -1.824372e+03
9.000000e-07 6.000000e+03 1.121724e-05 -1.824372e+03
1.000000e-06 6.000000e+03 1.246360e-05 -1.824372e+03
2.000000e-06 6.000000e+03 2.492723e-05 -1.824372e+03
3.000000e-06 6.000000e+03 3.739090e-05 -1.824372e+03
4.000000e-06 6.000000e+03 4.985460e-05 -1.824372e+03
5.000000e-06 6.000000e+03 6.231834e-05 -1.824372e+03
6.000000e-06 6.000000e+03 7.478211e-05 -1.824372e+03
7.000000e-06 6.000000e+03 8.724592e-05 -1.824372e+03
8.000000e-06 6.000000e+03 9.970976e-05 -1.824372e+03
9.000000e-06 6.000000e+03 1.121736e-04 -1.824372e+03
1.000000e-05 6.000000e+03 1.246375e-04 -1.824372e+03
2.000000e-05 6.000000e+03 2.492786e-04 -1.824372e+03
3.000000e-05 6.000000e+03 3.739230e-04 -1.824372e+03
4.000000e-05 6.000000e+03 4.985709e-04 -1.824372e+03
5.000000e-05 6.000000e+03 6.232223e-04 -1.824372e+03
6.000000e-05 6.000000e+03 7.478772e-04 -1.824372e+03
7.000000e-05 6.000000e+03 8.725355e-04 -1.824372e+03
8.000000e-05 6.000000e+03 9.971972e-04 -1.824372e+03
9.000000e-05 6.000000e+03 1.121862e-03 -1.824372e+03
1.000000e-04 6.000000e+03 1.246531e-03 -1.824372e+03
2.000000e-04 6.000000e+03 2.493408e-03 -1.824371e+03
3.000000e-04 6.000000e+03 3.740631e-03 -1.824371e+03
4.000000e-04 6.000000e+03 4.988200e-03 -1.824370e+03
5.000000e-04 6.000000e+03 6.236115e-03 -1.824369e+03
6.000000e-04 6.000000e+03 7.484377e-03 -1.824369e+03
7.000000e-04 6.000000e+03 8.732985e-03 -1.824368e+03
8.000000e-04 6.000000e+03 9.981939e-03 -1.824367e+03
9.000000e-04 6.000000e+03 1.123124e-02 -1.824367e+03
1.000000e-03 6.000000e+03 1.248089e-02 -1.824366e+03
2.000000e-03 6.000000e+03 2.499644e-02 -1.824360e+03
3.000000e-03 6.000000e+03 3.754673e-02 -1.824353e+03
4.000000e-03 6.000000e+03 5.013185e-02 -1.824347e+03
5.000000e-03 6.000000e+03 6.275187e-02 -1.824341e+03
6.000000e-03 6.000000e+03 7.540688e-02 -1.824334e+03
7.000000e-03 6.000000e+03 8.809695e-02 -1.824328e+03
8.000000e-03 6.000000e+03 1.008222e-01 -1.824321e+03
9.000000e-03 6.000000e+03 1.135826e-01 -1.824315e+03
1.000000e-02 6.000000e+03 1.263783e-01 -1.824308e+03
2.000000e-02 6.000000e+03 2.562952e-01 -1.824243e+03
3.000000e-02 6.000000e+03 3.898307e-01 -1.824177e+03
4.000000e-02 6.000000e+03 5.270650e-01 -1.824110e+03
5.000000e-02 6.000000e+03 6.680784e-01 -1.824041e+03
6.000000e-02 6.000000e+03 8.129508e-01 -1.823972e+03
7.000000e-02 6.000000e+03 9.617626e-01 -1.823901e+03
8.000000e-02 6.000000e+03 1.114594e+00 -1.823830e+03
9.000000e-02 6.000000e+03 1.271525e+00 -1.823757e+03
1.000000e-01 6.000000e+03 1.432635e+00 -1.823683e+03
1.778280e-01 6.000000e+03 2.836000e+00 -1.823022e+03
3.162280e-01 6.000000e+03 6.139000e+00 -1.821669e+03
5.623410e-01 6.000000e+03 1.519700e+01 -1.818428e+03
1.000000e+00 6.000000e+03 4.442900e+01 -1.809908e+03
1.778279e+00 6.000000e+03 1.459110e+02 -1.788555e+03
3.162278e+00 6.000000e+03 5.082110e+02 -1.736633e+03
5.623413e+00 6.000000e+03 1.755986e+03 -1.621428e+03
1.000000e+01 6.000000e+03 5.825793e+03 -1.387007e+03
1.778279e+01 6.000000e+03 1.822654e+04 -9.406010e+02
3.162278e+01 6.000000e+03 5.541792e+04 -1.608130e+02
5.623413e+01 6.000000e+03 1.629717e+05 1.152176e+03
1.000000e+02 6.000000e+03 4.671783e+05 3.298763e+03
1.778279e+02 6.000000e+03 1.315218e+06 6.688011e+03
3.162278e+02 6.000000e+03 3.640010e+06 1.204694e+04
5.623413e+02 6.000000e+03 9.952746e+06 2.033644e+04
1.000000e+03 6.000000e+03 2.695926e+07 3.302627e+04
1.000000e-10 1.000000e+04 2.100839e-09 -1.804829e+03
2.000000e-10 1.000000e+04 4.187924e-09 -1.806894e+03
3.000000e-10 1.000000e+04 6.272723e-09 -1.807811e+03
4.000000e-10 1.000000e+04 8.356340e-09 -1.808359e+03
5.000000e-10 1.000000e+04 1.043920e-08 -1.808733e+03
6.000000e-10 1.000000e+04 1.252152e-08 -1.809009e+03
7.000000e-10 1.000000e+04 1.460344e-08 -1.809223e+03
8.000000e-10 1.000000e+04 1.668504e-08 -1.809396e+03
9.000000e-10 1.000000e+04 1.876637e-08 -1.809540e+03
1.000000e-09 1.000000e+04 2.084748e-08 -1.809661e+03
2.000000e-09 1.000000e+04 4.165117e-08 -1.810319e+03
3.000000e-09 1.000000e+04 6.244764e-08 -1.810610e+03
4.000000e-09 1.000000e+04 8.324037e-08 -1.810784e+03
5.000000e-09 1.000000e+04 1.040307e-07 -1.810903e+03
6.000000e-09 1.000000e+04 1.248193e-07 -1.810990e+03
7.000000e-09 1.000000e+04 1.456067e-07 -1.811058e+03
8.000000e-09 1.000000e+04 1.663930e-07 -1.811113e+03
9.000000e-09 1.000000e+04 1.871785e-07 -1.811159e+03
1.000000e-08 1.000000e+04 2.079633e-07 -1.811197e+03
2.000000e-08 1.000000e+04 4.157879e-07 -1.811406e+03
3.000000e-08 1.000000e+04 6.235896e-07 -1.811498e+03
4.000000e-08 1.000000e+04 8.313796e-07 -1.811553e+03
5.000000e-08 1.000000e+04 1.039162e-06 -1.811591e+03
6.000000e-08 1.000000e+04 1.246939e-06 -1.811618e+03
7.000000e-08 1.000000e+04 1.454712e-06 -1.811640e+03
8.000000e-08 1.000000e+04 1.662482e-06 -1.811657e+03
9.000000e-08 1.000000e+04 1.870249e-06 -1.811672e+03
1.000000e-07 1.000000e+04 2.078014e-06 -1.811684e+03
2.000000e-07 1.000000e+04 4.155588e-06 -1.811750e+03
3.000000e-07 1.000000e+04 6.233092e-06 -1.811779e+03
4.000000e-07 1.000000e+04 8.310558e-06 -1.811796e+03
5.000000e-07 1.000000e+04 1.038800e-05 -1.811808e+03
6.000000e-07 1.000000e+04 1.246543e-05 -1.811817e+03
7.000000e-07 1.000000e+04 1.454284e-05 -1.811824e+03
8.000000e-07 1.000000e+04 1.662024e-05 -1.811829e+03
9.000000e-07 1.000000e+04 1.869764e-05 -1.811834e+03
1.000000e-06 1.000000e+04 2.077503e-05 -1.811838e+03
2.000000e-06 1.000000e+04 4.154872e-05 -1.811859e+03
3.000000e-06 1.000000e+04 6.232223e-05 -1.811868e+03
4.000000e-06 1.000000e+04 8.309567e-05 -1.811873e+03
5.000000e-06 1.000000e+04 1.038691e-04 -1.811877e+03
6.000000e-06 1.000000e+04 1.246425e-04 -1.811880e+03
7.000000e-06 1.000000e+04 1.454159e-04 -1.811882e+03
8.000000e-06 1.000000e+04 1.661893e-04 -1.811884e+03
9.000000e-06 1.000000e+04 1.869628e-04 -1.811885e+03
1.000000e-05 1.000000e+04 2.077362e-04 -1.811886e+03
2.000000e-05 1.000000e+04 4.154728e-04 -1.811893e+03
3.000000e-05 1.000000e+04 6.232134e-04 -1.811896e+03
4.000000e-05 1.000000e+04 8.309583e-04 -1.811897e+03
5.000000e-05 1.000000e+04 1.038708e-03 -1.811898e+03
6.000000e-05 1.000000e+04 1.246462e-03 -1.811899e+03
7.000000e-05 1.000000e+04 1.454220e-03 -1.811900e+03
8.000000e-05 1.000000e+04 1.661984e-03 -1.811900e+03
9.000000e-05 1.000000e+04 1.869751e-03 -1.811901e+03
1.000000e-04 1.000000e+04 2.077524e-03 -1.811901e+03
2.000000e-04 1.000000e+04 4.155508e-03 -1.811902e+03
3.000000e-04 1.000000e+04 6.233962e-03 -1.811902e+03
4.000000e-04 1.000000e+04 8.312889e-03 -1.811901e+03
5.000000e-04 1.000000e+04 1.039229e-02 -1.811901e+03
6.000000e-04 1.000000e+04 1.247216e-02 -1.811900e+03
7.000000e-04 1.000000e+04 1.455251e-02 -1.811899e+03
8.000000e-04 1.000000e+04 1.663333e-02 -1.811899e+03
9.000000e-04 1.000000e+04 1.871462e-02 -1.811898e+03
1.000000e-03 1.000000e+04 2.079639e-02 -1.811897e+03
2.000000e-03 1.000000e+04 4.164016e-02 -1.811888e+03
3.000000e-03 1.000000e+04 6.253142e-02 -1.811878e+03
4.000000e-03 1.000000e+04 8.347027e-02 -1.811869e+03
5.000000e-03 1.000000e+04 1.044568e-01 -1.811859e+03
6.000000e-03 1.000000e+04 1.254911e-01 -1.811849e+03
7.000000e-03 1.000000e+04 1.465732e-01 -1.811840e+03
8.000000e-03 1.000000e+04 1.677033e-01 -1.811830e+03
9.000000e-03 1.000000e+04 1.888814e-01 -1.811820e+03
1.000000e-02 1.000000e+04 2.101076e-01 -1.811810e+03
2.000000e-02 1.000000e+04 4.250343e-01 -1.811711e+03
3.000000e-02 1.000000e+04 6.448666e-01 -1.811611e+03
4.000000e-02 1.000000e+04 8.696904e-01 -1.811509e+03
5.000000e-02 1.000000e+04 1.099592e+00 -1.811406e+03
6.000000e-02 1.000000e+04 1.334657e+00 -1.811301e+03
7.000000e-02 1.000000e+04 1.574973e+00 -1.811195e+03
8.000000e-02 1.000000e+04 1.820624e+00 -1.811088e+03
9.000000e-02 1.000000e+04 2.071698e+00 -1.810979e+03
1.000000e-01 1.000000e+04 2.328281e+00 -1.810869e+03
1.778280e-01 1.000000e+04 4.531000e+00 -1.809817e+03
3.162280e-01 1.000000e+04 9.369000e+00 -1.808056e+03
5.623410e-01 1.000000e+04 2.181200e+01 -1.803784e+03
1.000000e+00 1.000000e+04 5.762000e+01 -1.794037e+03
1.778279e+00 1.000000e+04 1.735530e+02 -1.770234e+03
3.162278e+00 1.000000e+04 5.633240e+02 -1.715255e+03
5.623413e+00 1.000000e+04 1.858786e+03 -1.596573e+03
1.000000e+01 1.000000e+04 6.012513e+03 -1.357834e+03
1.778279e+01 1.000000e+04 1.850947e+04 -9.077640e+02
3.162278e+01 1.000000e+04 5.565144e+04 -1.400250e+02
5.623413e+01 1.000000e+04 1.631917e+05 1.166742e+03
1.000000e+02 1.000000e+04 4.686513e+05 3.324846e+03
1.778279e+02 1.000000e+04 1.317690e+06 6.713719e+03
3.162278e+02 1.000000e+04 3.644285e+06 1.207233e+04
5.623413e+02 1.000000e+04 9.960215e+06 2.036155e+04
1.000000e+03 1.000000e+04 2.697237e+07 3.305139e+04
1.000000e-10 2.000000e+04 8.301961e-09 -1.126842e+03
2.000000e-10 2.000000e+04 1.658961e-08 -1.127975e+03
3.000000e-10 2.000000e+04 2.486318e-08 -1.129092e+03
4.000000e-10 2.000000e+04 3.312279e-08 -1.130200e+03
5.000000e-10 2.000000e+04 4.136860e-08 -1.131300e+03
6.000000e-10 2.000000e+04 4.960075e-08 -1.132392e+03
7.000000e-10 2.000000e+04 5.781936e-08 -1.133476e+03
8.000000e-10 2.000000e+04 6.602457e-08 -1.134553e+03
9.000000e-10 2.000000e+04 7.421653e-08 -1.135623e+03
1.000000e-09 2.000000e+04 8.239535e-08 -1.136686e+03
2.000000e-09 2.000000e+04 1.634881e-07 -1.146946e+03
3.000000e-09 2.000000e+04 2.433952e-07 -1.156589e+03
4.000000e-09 2.000000e+04 3.222177e-07 -1.165682e+03
5.000000e-09 2.000000e+04 4.000425e-07 -1.174281e+03
6.000000e-09 2.000000e+04 4.773592e-07 -1.180930e+03
7.000000e-09 2.000000e+04 5.542994e-07 -1.187279e+03
8.000000e-09 2.000000e+04 6.308694e-07 -1.193338e+03
9.000000e-09 2.000000e+04 7.070755e-07 -1.199114e+03
1.000000e-08 2.000000e+04 7.829242e-07 -1.204617e+03
2.000000e-08 2.000000e+04 1.523152e-06 -1.246521e+03
3.000000e-08 2.000000e+04 2.234643e-06 -1.270649e+03
4.000000e-08 2.000000e+04 2.923768e-06 -1.285700e+03
5.000000e-08 2.000000e+04 3.596898e-06 -1.300374e+03
6.000000e-08 2.000000e+04 4.258736e-06 -1.317387e+03
7.000000e-08 2.000000e+04 4.908447e-06 -1.332371e+03
8.000000e-08 2.000000e+04 5.547994e-06 -1.345574e+03
9.000000e-08 2.000000e+04 6.179727e-06 -1.357253e+03
1.000000e-07 2.000000e+04 6.804088e-06 -1.367644e+03
2.000000e-07 2.000000e+04 1.268535e-05 -1.436805e+03
3.000000e-07 2.000000e+04 1.825187e-05 -1.477486e+03
4.000000e-07 2.000000e+04 2.361553e-05 -1.505526e+03
5.000000e-07 2.000000e+04 2.883812e-05 -1.526697e+03
6.000000e-07 2.000000e+04 3.393346e-05 -1.543399e+03
7.000000e-07 2.000000e+04 3.905428e-05 -1.557212e+03
8.000000e-07 2.000000e+04 4.398061e-05 -1.568736e+03
9.000000e-07 2.000000e+04 4.890632e-05 -1.578520e+03
1.000000e-06 2.000000e+04 5.378956e-05 -1.587089e+03
2.000000e-06 2.000000e+04 1.011463e-04 -1.637259e+03
3.000000e-06 2.000000e+04 1.471125e-04 -1.661356e+03
4.000000e-06 2.000000e+04 1.923654e-04 -1.676207e+03
5.000000e-06 2.000000e+04 2.371718e-04 -1.686543e+03
6.000000e-06 2.000000e+04 2.816746e-04 -1.694272e+03
7.000000e-06 2.000000e+04 3.259504e-04 -1.700277e+03
8.000000e-06 2.000000e+04 3.700518e-04 -1.705199e+03
9.000000e-06 2.000000e+04 4.140034e-04 -1.709305e+03
1.000000e-05 2.000000e+04 4.578263e-04 -1.712764e+03
2.000000e-05 2.000000e+04 8.919076e-04 -1.731764e+03
3.000000e-05 2.000000e+04 1.321717e-03 -1.740346e+03
4.000000e-05 2.000000e+04 1.749235e-03 -1.745537e+03
5.000000e-05 2.000000e+04 2.175334e-03 -1.749067e+03
6.000000e-05 2.000000e+04 2.600503e-03 -1.751723e+03
7.000000e-05 2.000000e+04 3.024963e-03 -1.753791e+03
8.000000e-05 2.000000e+04 3.448870e-03 -1.755458e+03
9.000000e-05 2.000000e+04 3.872317e-03 -1.756859e+03
1.000000e-04 2.000000e+04 4.295318e-03 -1.758049e+03
2.000000e-04 2.000000e+04 8.509981e-03 -1.764474e+03
3.000000e-04 2.000000e+04 1.271345e-02 -1.767370e+03
4.000000e-04 2.000000e+04 1.690971e-02 -1.769092e+03
5.000000e-04 2.000000e+04 2.110105e-02 -1.770272e+03
6.000000e-04 2.000000e+04 2.528964e-02 -1.771149e+03
7.000000e-04 2.000000e+04 2.947672e-02 -1.771838e+03
8.000000e-04 2.000000e+04 3.366291e-02 -1.772385e+03
9.000000e-04 2.000000e+04 3.784871e-02 -1.772840e+03
1.000000e-03 2.000000e+04 4.203419e-02 -1.773232e+03
2.000000e-03 2.000000e+04 8.387445e-02 -1.775322e+03
3.000000e-03 2.000000e+04 1.257532e-01 -1.776242e+03
4.000000e-03 2.000000e+04 1.676742e-01 -1.776786e+03
5.000000e-03 2.000000e+04 2.096457e-01 -1.777154e+03
6.000000e-03 2.000000e+04 2.516781e-01 -1.777417e+03
7.000000e-03 2.000000e+04 2.937804e-01 -1.777621e+03
8.000000e-03 2.000000e+04 3.359557e-01 -1.777779e+03
9.000000e-03 2.000000e+04 3.782027e-01 -1.777906e+03
1.000000e-02 2.000000e+04 4.205179e-01 -1.778013e+03
2.000000e-02 2.000000e+04 8.474298e-01 -1.778501e+03
3.000000e-02 2.000000e+04 1.281517e+00 -1.778610e+03
4.000000e-02 2.000000e+04 1.722895e+00 -1.778599e+03
5.000000e-02 2.000000e+04 2.171672e+00 -1.778521e+03
6.000000e-02 2.000000e+04 2.627817e+00 -1.778403e+03
7.000000e-02 2.000000e+04 3.091466e+00 -1.778266e+03
8.000000e-02 2.000000e+04 3.562758e+00 -1.778116e+03
9.000000e-02 2.000000e+04 4.041767e+00 -1.777957e+03
1.000000e-01 2.000000e+04 4.528477e+00 -1.777791e+03
1.778280e-01 2.000000e+04 8.666000e+00 -1.776307e+03
3.162280e-01 2.000000e+04 1.714100e+01 -1.773277e+03
5.623410e-01 2.000000e+04 3.685900e+01 -1.767054e+03
1.000000e+00 2.000000e+04 8.752900e+01 -1.752293e+03
1.778279e+00 2.000000e+04 2.329280e+02 -1.724696e+03
3.162278e+00 2.000000e+04 6.781330e+02 -1.664214e+03
5.623413e+00 2.000000e+04 2.066150e+03 -1.540086e+03
1.000000e+01 2.000000e+04 6.364027e+03 -1.297843e+03
1.778279e+01 2.000000e+04 1.913829e+04 -8.381980e+02
3.162278e+01 2.000000e+04 5.704095e+04 -5.565000e+01
5.623413e+01 2.000000e+04 1.659906e+05 1.258974e+03
1.000000e+02 2.000000e+04 4.729678e+05 3.408373e+03
1.778279e+02 2.000000e+04 1.323868e+06 6.770003e+03
3.162278e+02 2.000000e+04 3.653760e+06 1.211410e+04
5.623413e+02 2.000000e+04 9.979271e+06 2.042635e+04
1.000000e+03 2.000000e+04 2.700564e+07 3.311561e+04
1.000000e-10 3.000000e+04 1.528626e-08 -4.269040e+02
2.000000e-10 3.000000e+04 2.884082e-08 -6.221450e+02
3.000000e-10 3.000000e+04 4.194831e-08 -7.208240e+02
4.000000e-10 3.000000e+04 5.484783e-08 -7.818840e+02
5.000000e-10 3.000000e+04 6.762946e-08 -8.238340e+02
6.000000e-10 3.000000e+04 8.033655e-08 -8.546006e+02
7.000000e-10 3.000000e+04 9.299307e-08 -8.782030e+02
8.000000e-10 3.000000e+04 1.056135e-07 -8.969199e+02
9.000000e-10 3.000000e+04 1.182072e-07 -9.121460e+02
1.000000e-09 3.000000e+04 1.307806e-07 -9.247859e+02
2.000000e-09 3.000000e+04 2.559783e-07 -9.876600e+02
3.000000e-09 3.000000e+04 3.808159e-07 -1.011278e+03
4.000000e-09 3.000000e+04 5.055361e-07 -1.023713e+03
5.000000e-09 3.000000e+04 6.301987e-07 -1.031406e+03
6.000000e-09 3.000000e+04 7.548257e-07 -1.036646e+03
7.000000e-09 3.000000e+04 8.794270e-07 -1.040451e+03
8.000000e-09 3.000000e+04 1.004008e-06 -1.043344e+03
9.000000e-09 3.000000e+04 1.128571e-06 -1.045623e+03
1.000000e-08 3.000000e+04 1.253119e-06 -1.047468e+03
2.000000e-08 3.000000e+04 2.497880e-06 -1.056191e+03
3.000000e-08 3.000000e+04 3.741468e-06 -1.059514e+03
4.000000e-08 3.000000e+04 4.983934e-06 -1.061462e+03
5.000000e-08 3.000000e+04 6.225927e-06 -1.061714e+03
6.000000e-08 3.000000e+04 7.467614e-06 -1.061965e+03
7.000000e-08 3.000000e+04 8.708989e-06 -1.062215e+03
8.000000e-08 3.000000e+04 9.950045e-06 -1.062465e+03
9.000000e-08 3.000000e+04 1.119078e-05 -1.062714e+03
1.000000e-07 3.000000e+04 1.243117e-05 -1.062962e+03
2.000000e-07 3.000000e+04 2.481543e-05 -1.065405e+03
3.000000e-07 3.000000e+04 3.715912e-05 -1.067790e+03
4.000000e-07 3.000000e+04 4.945446e-05 -1.070152e+03
5.000000e-07 3.000000e+04 6.169084e-05 -1.072703e+03
6.000000e-07 3.000000e+04 7.386386e-05 -1.075409e+03
7.000000e-07 3.000000e+04 8.597394e-05 -1.078155e+03
8.000000e-07 3.000000e+04 9.802491e-05 -1.080906e+03
9.000000e-07 3.000000e+04 1.100200e-04 -1.083646e+03
1.000000e-06 3.000000e+04 1.219610e-04 -1.086349e+03
2.000000e-06 3.000000e+04 2.393418e-04 -1.111360e+03
3.000000e-06 3.000000e+04 3.531156e-04 -1.132556e+03
4.000000e-06 3.000000e+04 4.641378e-04 -1.150677e+03
5.000000e-06 3.000000e+04 5.728653e-04 -1.166507e+03
6.000000e-06 3.000000e+04 6.796569e-04 -1.180591e+03
7.000000e-06 3.000000e+04 7.847403e-04 -1.193254e+03
8.000000e-06 3.000000e+04 8.883228e-04 -1.204789e+03
9.000000e-06 3.000000e+04 9.905712e-04 -1.215412e+03
1.000000e-05 3.000000e+04 1.091597e-03 -1.225234e+03
2.000000e-05 3.000000e+04 2.053054e-03 -1.295842e+03
3.000000e-05 3.000000e+04 2.957047e-03 -1.340311e+03
4.000000e-05 3.000000e+04 3.825446e-03 -1.372172e+03
5.000000e-05 3.000000e+04 4.669411e-03 -1.396871e+03
6.000000e-05 3.000000e+04 5.494493e-03 -1.416589e+03
7.000000e-05 3.000000e+04 6.305407e-03 -1.433082e+03
8.000000e-05 3.000000e+04 7.104584e-03 -1.447103e+03
9.000000e-05 3.000000e+04 7.893704e-03 -1.459116e+03
1.000000e-04 3.000000e+04 8.674473e-03 -1.469601e+03
2.000000e-04 3.000000e+04 1.619967e-02 -1.533108e+03
3.000000e-04 3.000000e+04 2.343774e-02 -1.564913e+03
4.000000e-04 3.000000e+04 3.052992e-02 -1.585178e+03
5.000000e-04 3.000000e+04 3.752595e-02 -1.599395e+03
6.000000e-04 3.000000e+04 4.445314e-02 -1.610304e+03
7.000000e-04 3.000000e+04 5.132519e-02 -1.618875e+03
8.000000e-04 3.000000e+04 5.815523e-02 -1.625874e+03
9.000000e-04 3.000000e+04 6.495345e-02 -1.631829e+03
1.000000e-03 3.000000e+04 7.172369e-02 -1.636927e+03
2.000000e-03 3.000000e+04 1.384818e-01 -1.665324e+03
3.000000e-03 3.000000e+04 2.043520e-01 -1.678506e+03
4.000000e-03 3.000000e+04 2.698022e-01 -1.686515e+03
5.000000e-03 3.000000e+04 3.349947e-01 -1.692056e+03
6.000000e-03 3.000000e+04 4.000447e-01 -1.696169e+03
7.000000e-03 3.000000e+04 4.650200e-01 -1.699428e+03
8.000000e-03 3.000000e+04 5.299369e-01 -1.702038e+03
9.000000e-03 3.000000e+04 5.948115e-01 -1.704194e+03
1.000000e-02 3.000000e+04 6.596571e-01 -1.706044e+03
2.000000e-02 3.000000e+04 1.309230e+00 -1.715956e+03
3.000000e-02 3.000000e+04 1.963967e+00 -1.720206e+03
4.000000e-02 3.000000e+04 2.625055e+00 -1.722568e+03
5.000000e-02 3.000000e+04 3.293293e+00 -1.724083e+03
6.000000e-02 3.000000e+04 3.969398e+00 -1.725076e+03
7.000000e-02 3.000000e+04 4.653841e+00 -1.725773e+03
8.000000e-02 3.000000e+04 5.346197e+00 -1.726242e+03
9.000000e-02 3.000000e+04 6.045798e+00 -1.726528e+03
1.000000e-01 3.000000e+04 6.752189e+00 -1.726676e+03
1.778280e-01 3.000000e+04 1.277667e+01 -1.725674e+03
3.162280e-01 3.000000e+04 2.534900e+01 -1.721722e+03
5.623410e-01 3.000000e+04 5.188400e+01 -1.714154e+03
1.000000e+00 3.000000e+04 1.161070e+02 -1.700396e+03
1.778279e+00 3.000000e+04 2.860600e+02 -1.672845e+03
3.162278e+00 3.000000e+04 7.770690e+02 -1.610740e+03
5.623413e+00 3.000000e+04 2.248271e+03 -1.483733e+03
1.000000e+01 3.000000e+04 6.698546e+03 -1.239065e+03
1.778279e+01 3.000000e+04 1.971992e+04 -7.771960e+02
3.162278e+01 3.000000e+04 5.810546e+04 6.795000e+00
5.623413e+01 3.000000e+04 1.679615e+05 1.323789e+03
1.000000e+02 3.000000e+04 4.765394e+05 3.474975e+03
1.778279e+02 3.000000e+04 1.331751e+06 6.868191e+03
3.162278e+02 3.000000e+04 3.669274e+06 1.223095e+04
5.623413e+02 3.000000e+04 9.996484e+06 2.046968e+04
1.000000e+03 3.000000e+04 2.704022e+07 3.318357e+04
1.000000e-10 6.000000e+04 3.739054e-08 6.222400e+02
2.000000e-10 6.000000e+04 7.478069e-08 6.222160e+02
3.000000e-10 6.000000e+04 1.121704e-07 6.221930e+02
4.000000e-10 6.000000e+04 1.495597e-07 6.221690e+02
5.000000e-10 6.000000e+04 1.869486e-07 6.221460e+02
6.000000e-10 6.000000e+04 2.243371e-07 6.221220e+02
7.000000e-10 6.000000e+04 2.617253e-07 6.220990e+02
8.000000e-10 6.000000e+04 2.991130e-07 6.220750e+02
9.000000e-10 6.000000e+04 3.365003e-07 6.220510e+02
1.000000e-09 6.000000e+04 3.738870e-07 6.220280e+02
2.000000e-09 6.000000e+04 7.477335e-07 6.217930e+02
3.000000e-09 6.000000e+04 1.121540e-06 6.215570e+02
4.000000e-09 6.000000e+04 1.495305e-06 6.213230e+02
5.000000e-09 6.000000e+04 1.869029e-06 6.210870e+02
6.000000e-09 6.000000e+04 2.242714e-06 6.208530e+02
7.000000e-09 6.000000e+04 2.616358e-06 6.206180e+02
8.000000e-09 6.000000e+04 2.989960e-06 6.203830e+02
9.000000e-09 6.000000e+04 3.363523e-06 6.201490e+02
1.000000e-08 6.000000e+04 3.737046e-06 6.199150e+02
2.000000e-08 6.000000e+04 7.470054e-06 6.175760e+02
3.000000e-08 6.000000e+04 1.119904e-05 6.152490e+02
4.000000e-08 6.000000e+04 1.492406e-05 6.129330e+02
5.000000e-08 6.000000e+04 1.864512e-05 6.106270e+02
6.000000e-08 6.000000e+04 2.235852e-05 6.081580e+02
7.000000e-08 6.000000e+04 2.606329e-05 6.054870e+02
8.000000e-08 6.000000e+04 2.975949e-05 6.026250e+02
9.000000e-08 6.000000e+04 3.344714e-05 5.995800e+02
1.000000e-07 6.000000e+04 3.712630e-05 5.963650e+02
2.000000e-07 6.000000e+04 7.345926e-05 5.569840e+02
3.000000e-07 6.000000e+04 1.090013e-04 5.115460e+02
4.000000e-07 6.000000e+04 1.438674e-04 4.684270e+02
5.000000e-07 6.000000e+04 1.781919e-04 4.288410e+02
6.000000e-07 6.000000e+04 2.120824e-04 3.934430e+02
7.000000e-07 6.000000e+04 2.455855e-04 3.616560e+02
8.000000e-07 6.000000e+04 2.787236e-04 3.326820e+02
9.000000e-07 6.000000e+04 3.115212e-04 3.056520e+02
1.000000e-06 6.000000e+04 3.440025e-04 2.800090e+02
2.000000e-06 6.000000e+04 6.565346e-04 8.854800e+01
3.000000e-06 6.000000e+04 9.553992e-04 -2.950500e+01
4.000000e-06 6.000000e+04 1.245095e-03 -1.152580e+02
5.000000e-06 6.000000e+04 1.528331e-03 -1.825620e+02
6.000000e-06 6.000000e+04 1.806668e-03 -2.364370e+02
7.000000e-06 6.000000e+04 2.081307e-03 -2.810900e+02
8.000000e-06 6.000000e+04 2.353093e-03 -3.190330e+02
9.000000e-06 6.000000e+04 2.622420e-03 -3.514800e+02
1.000000e-05 6.000000e+04 2.889623e-03 -3.795970e+02
2.000000e-05 6.000000e+04 5.489213e-03 -5.479490e+02
3.000000e-05 6.000000e+04 8.019912e-03 -6.290330e+02
4.000000e-05 6.000000e+04 1.051751e-02 -6.786670e+02
5.000000e-05 6.000000e+04 1.299318e-02 -7.124270e+02
6.000000e-05 6.000000e+04 1.545384e-02 -7.373820e+02
7.000000e-05 6.000000e+04 1.790255e-02 -7.565620e+02
8.000000e-05 6.000000e+04 2.034119e-02 -7.718420e+02
9.000000e-05 6.000000e+04 2.277149e-02 -7.844930e+02
1.000000e-04 6.000000e+04 2.519449e-02 -7.952530e+02
2.000000e-04 6.000000e+04 4.912413e-02 -8.526076e+02
3.000000e-04 6.000000e+04 7.264615e-02 -8.793005e+02
4.000000e-04 6.000000e+04 9.584185e-02 -8.967519e+02
5.000000e-04 6.000000e+04 1.187577e-01 -9.102364e+02
6.000000e-04 6.000000e+04 1.414186e-01 -9.213445e+02
7.000000e-04 6.000000e+04 1.638437e-01 -9.310638e+02
8.000000e-04 6.000000e+04 1.860547e-01 -9.396919e+02
9.000000e-04 6.000000e+04 2.080728e-01 -9.474846e+02
1.000000e-03 6.000000e+04 2.299123e-01 -9.546889e+02
2.000000e-03 6.000000e+04 4.404603e-01 -1.008260e+03
3.000000e-03 6.000000e+04 6.408068e-01 -1.044476e+03
4.000000e-03 6.000000e+04 8.341090e-01 -1.072042e+03
5.000000e-03 6.000000e+04 1.022158e+00 -1.094388e+03
6.000000e-03 6.000000e+04 1.204043e+00 -1.117339e+03
7.000000e-03 6.000000e+04 1.385651e+00 -1.136194e+03
8.000000e-03 6.000000e+04 1.566985e+00 -1.152131e+03
9.000000e-03 6.000000e+04 1.748047e+00 -1.165889e+03
1.000000e-02 6.000000e+04 1.928841e+00 -1.177964e+03
2.000000e-02 6.000000e+04 3.722627e+00 -1.252210e+03
3.000000e-02 6.000000e+04 5.492638e+00 -1.291736e+03
4.000000e-02 6.000000e+04 7.241679e+00 -1.318166e+03
5.000000e-02 6.000000e+04 8.972552e+00 -1.337791e+03
6.000000e-02 6.000000e+04 1.068806e+01 -1.353280e+03
7.000000e-02 6.000000e+04 1.239100e+01 -1.366004e+03
8.000000e-02 6.000000e+04 1.408419e+01 -1.376759e+03
9.000000e-02 6.000000e+04 1.577041e+01 -1.386044e+03
1.000000e-01 6.000000e+04 1.745248e+01 -1.394193e+03
1.778280e-01 6.000000e+04 3.071400e+01 -1.436217e+03
3.162280e-01 6.000000e+04 5.572500e+01 -1.465073e+03
5.623410e-01 6.000000e+04 1.057680e+02 -1.485634e+03
1.000000e+00 6.000000e+04 2.111220e+02 -1.494150e+03
1.778279e+00 6.000000e+04 4.563090e+02 -1.481406e+03
3.162278e+00 6.000000e+04 1.082581e+03 -1.430237e+03
5.623413e+00 6.000000e+04 2.797146e+03 -1.311009e+03
1.000000e+01 6.000000e+04 7.711769e+03 -1.070886e+03
1.778279e+01 6.000000e+04 2.146283e+04 -6.104130e+02
3.162278e+01 6.000000e+04 6.119679e+04 1.721700e+02
5.623413e+01 6.000000e+04 1.735257e+05 1.493309e+03
1.000000e+02 6.000000e+04 4.864873e+05 3.647969e+03
1.778279e+02 6.000000e+04 1.349565e+06 7.048465e+03
3.162278e+02 6.000000e+04 3.701496e+06 1.242003e+04
5.623413e+02 6.000000e+04 1.006278e+07 2.072021e+04
1.000000e+03 6.000000e+04 2.715664e+07 3.342054e+04
1.000000e-10 1.000000e+05 6.231791e-08 9.961710e+02
2.000000e-10 1.000000e+05 1.246358e-07 9.961710e+02
3.000000e-10 1.000000e+05 1.869537e-07 9.961700e+02
4.000000e-10 1.000000e+05 2.492715e-07 9.961700e+02
5.000000e-10 1.000000e+05 3.115894e-07 9.961700e+02
6.000000e-10 1.000000e+05 3.739072e-07 9.961700e+02
7.000000e-10 1.000000e+05 4.362250e-07 9.961700e+02
8.000000e-10 1.000000e+05 4.985429e-07 9.961700e+02
9.000000e-10 1.000000e+05 5.608606e-07 9.961700e+02
1.000000e-09 1.000000e+05 6.231782e-07 9.961690e+02
2.000000e-09 1.000000e+05 1.246356e-06 9.961680e+02
3.000000e-09 1.000000e+05 1.869531e-06 9.961670e+02
4.000000e-09 1.000000e+05 2.492706e-06 9.961650e+02
5.000000e-09 1.000000e+05 3.115878e-06 9.961640e+02
6.000000e-09 1.000000e+05 3.739050e-06 9.961620e+02
7.000000e-09 1.000000e+05 4.362221e-06 9.961610e+02
8.000000e-09 1.000000e+05 4.985390e-06 9.961590e+02
9.000000e-09 1.000000e+05 5.608558e-06 9.961580e+02
1.000000e-08 1.000000e+05 6.231724e-06 9.961560e+02
2.000000e-08 1.000000e+05 1.246332e-05 9.961420e+02
3.000000e-08 1.000000e+05 1.869477e-05 9.961270e+02
4.000000e-08 1.000000e+05 2.492609e-05 9.961100e+02
5.000000e-08 1.000000e+05 3.115728e-05 9.960920e+02
6.000000e-08 1.000000e+05 3.738834e-05 9.960730e+02
7.000000e-08 1.000000e+05 4.361925e-05 9.960530e+02
8.000000e-08 1.000000e+05 4.985004e-05 9.960330e+02
9.000000e-08 1.000000e+05 5.608068e-05 9.960110e+02
1.000000e-07 1.000000e+05 6.231120e-05 9.959890e+02
2.000000e-07 1.000000e+05 1.246090e-04 9.957240e+02
3.000000e-07 1.000000e+05 1.868934e-04 9.953850e+02
4.000000e-07 1.000000e+05 2.491644e-04 9.949770e+02
5.000000e-07 1.000000e+05 3.114221e-04 9.945060e+02
6.000000e-07 1.000000e+05 3.736664e-04 9.939780e+02
7.000000e-07 1.000000e+05 4.358974e-04 9.934000e+02
8.000000e-07 1.000000e+05 4.981150e-04 9.927770e+02
9.000000e-07 1.000000e+05 5.603193e-04 9.921140e+02
1.000000e-06 1.000000e+05 6.225102e-04 9.914190e+02
2.000000e-06 1.000000e+05 1.243691e-03 9.839600e+02
3.000000e-06 1.000000e+05 1.863553e-03 9.783600e+02
4.000000e-06 1.000000e+05 2.482108e-03 9.737900e+02
5.000000e-06 1.000000e+05 3.099368e-03 9.688090e+02
6.000000e-06 1.000000e+05 3.715344e-03 9.634080e+02
7.000000e-06 1.000000e+05 4.330048e-03 9.582400e+02
8.000000e-06 1.000000e+05 4.943488e-03 9.536320e+02
9.000000e-06 1.000000e+05 5.555678e-03 9.494850e+02
1.000000e-05 1.000000e+05 6.166627e-03 9.456770e+02
2.000000e-05 1.000000e+05 1.221010e-02 9.129680e+02
3.000000e-05 1.000000e+05 1.816102e-02 8.817340e+02
4.000000e-05 1.000000e+05 2.403284e-02 8.538260e+02
5.000000e-05 1.000000e+05 2.983151e-02 8.281310e+02
6.000000e-05 1.000000e+05 3.556301e-02 8.036190e+02
7.000000e-05 1.000000e+05 4.123329e-02 7.802380e+02
8.000000e-05 1.000000e+05 4.684832e-02 7.579840e+02
9.000000e-05 1.000000e+05 5.241408e-02 7.367950e+02
1.000000e-04 1.000000e+05 5.793651e-02 7.166450e+02
2.000000e-04 1.000000e+05 1.113127e-01 5.558810e+02
3.000000e-04 1.000000e+05 1.621722e-01 4.412630e+02
4.000000e-04 1.000000e+05 2.113462e-01 3.531920e+02
5.000000e-04 1.000000e+05 2.592757e-01 2.823950e+02
6.000000e-04 1.000000e+05 3.062479e-01 2.235690e+02
7.000000e-04 1.000000e+05 3.524490e-01 1.734790e+02
8.000000e-04 1.000000e+05 3.979975e-01 1.305220e+02
9.000000e-04 1.000000e+05 4.430069e-01 9.293900e+01
1.000000e-03 1.000000e+05 4.875680e-01 5.929900e+01
2.000000e-03 1.000000e+05 9.158363e-01 -1.509190e+02
3.000000e-03 1.000000e+05 1.325254e+00 -2.607710e+02
4.000000e-03 1.000000e+05 1.723721e+00 -3.319560e+02
5.000000e-03 1.000000e+05 2.114111e+00 -3.837950e+02
6.000000e-03 1.000000e+05 2.497994e+00 -4.222350e+02
7.000000e-03 1.000000e+05 2.876431e+00 -4.539450e+02
8.000000e-03 1.000000e+05 3.250260e+00 -4.808400e+02
9.000000e-03 1.000000e+05 3.619994e+00 -5.041310e+02
1.000000e-02 1.000000e+05 3.986016e+00 -5.246280e+02
2.000000e-02 1.000000e+05 7.497864e+00 -6.518680e+02
3.000000e-02 1.000000e+05 1.081795e+01 -7.205270e+02
4.000000e-02 1.000000e+05 1.410749e+01 -7.668280e+02
5.000000e-02 1.000000e+05 1.740385e+01 -8.014220e+02
6.000000e-02 1.000000e+05 2.070708e+01 -8.288610e+02
7.000000e-02 1.000000e+05 2.401721e+01 -8.514950e+02
8.000000e-02 1.000000e+05 2.733429e+01 -8.706929e+02
9.000000e-02 1.000000e+05 3.065835e+01 -8.873179e+02
1.000000e-01 1.000000e+05 3.398944e+01 -9.019484e+02
1.778280e-01 1.000000e+05 6.015947e+01 -9.780176e+02
3.162280e-01 1.000000e+05 1.078154e+02 -1.047938e+03
5.623410e-01 1.000000e+05 1.963980e+02 -1.112206e+03
1.000000e+00 1.000000e+05 3.680760e+02 -1.158223e+03
1.778279e+00 1.000000e+05 7.281810e+02 -1.178938e+03
3.162278e+00 1.000000e+05 1.554348e+03 -1.157103e+03
5.623413e+00 1.000000e+05 3.618484e+03 -1.062510e+03
1.000000e+01 1.000000e+05 9.030280e+03 -8.357070e+02
1.778279e+01 1.000000e+05 2.388032e+04 -3.910360e+02
3.162278e+01 1.000000e+05 6.536784e+04 3.846130e+02
5.623413e+01 1.000000e+05 1.807380e+05 1.702443e+03
1.000000e+02 1.000000e+05 4.992180e+05 3.859601e+03
1.778279e+02 1.000000e+05 1.372393e+06 7.267257e+03
3.162278e+02 1.000000e+05 3.741185e+06 1.263966e+04
5.623413e+02 1.000000e+05 1.013362e+07 2.094780e+04
1.000000e+03 1.000000e+05 2.728516e+07 3.365979e+04
1.000000e-10 2.000000e+05 1.246358e-07 1.930940e+03
2.000000e-10 2.000000e+05 2.492716e-07 1.930940e+03
3.000000e-10 2.000000e+05 3.739074e-07 1.930940e+03
4.000000e-10 2.000000e+05 4.985432e-07 1.930940e+03
5.000000e-10 2.000000e+05 6.231790e-07 1.930939e+03
6.000000e-10 2.000000e+05 7.478147e-07 1.930939e+03
7.000000e-10 2.000000e+05 8.724505e-07 1.930939e+03
8.000000e-10 2.000000e+05 9.970864e-07 1.930939e+03
9.000000e-10 2.000000e+05 1.121722e-06 1.930939e+03
1.000000e-09 2.000000e+05 1.246358e-06 1.930939e+03
2.000000e-09 2.000000e+05 2.492716e-06 1.930939e+03
3.000000e-09 2.000000e+05 3.739071e-06 1.930939e+03
4.000000e-09 2.000000e+05 4.985428e-06 1.930939e+03
5.000000e-09 2.000000e+05 6.231784e-06 1.930939e+03
6.000000e-09 2.000000e+05 7.478138e-06 1.930939e+03
7.000000e-09 2.000000e+05 8.724493e-06 1.930939e+03
8.000000e-09 2.000000e+05 9.970846e-06 1.930939e+03
9.000000e-09 2.000000e+05 1.121720e-05 1.930938e+03
1.000000e-08 2.000000e+05 1.246355e-05 1.930938e+03
2.000000e-08 2.000000e+05 2.492704e-05 1.930937e+03
3.000000e-08 2.000000e+05 3.739047e-05 1.930936e+03
4.000000e-08 2.000000e+05 4.985385e-05 1.930934e+03
5.000000e-08 2.000000e+05 6.231715e-05 1.930933e+03
6.000000e-08 2.000000e+05 7.478042e-05 1.930932e+03
7.000000e-08 2.000000e+05 8.724361e-05 1.930930e+03
8.000000e-08 2.000000e+05 9.970674e-05 1.930929e+03
9.000000e-08 2.000000e+05 1.121698e-04 1.930928e+03
1.000000e-07 2.000000e+05 1.246328e-04 1.930926e+03
2.000000e-07 2.000000e+05 2.492596e-04 1.930913e+03
3.000000e-07 2.000000e+05 3.738806e-04 1.930900e+03
4.000000e-07 2.000000e+05 4.984954e-04 1.930884e+03
5.000000e-07 2.000000e+05 6.231044e-04 1.930864e+03
6.000000e-07 2.000000e+05 7.477073e-04 1.930839e+03
7.000000e-07 2.000000e+05 8.723042e-04 1.930809e+03
8.000000e-07 2.000000e+05 9.968951e-04 1.930774e+03
9.000000e-07 2.000000e+05 1.121480e-03 1.930735e+03
1.000000e-06 2.000000e+05 1.246059e-03 1.930691e+03
2.000000e-06 2.000000e+05 2.491522e-03 1.930029e+03
3.000000e-06 2.000000e+05 3.736389e-03 1.929025e+03
4.000000e-06 2.000000e+05 4.980664e-03 1.927776e+03
5.000000e-06 2.000000e+05 6.224347e-03 1.926376e+03
6.000000e-06 2.000000e+05 7.467442e-03 1.924922e+03
7.000000e-06 2.000000e+05 8.710201e-03 1.923509e+03
8.000000e-06 2.000000e+05 9.952693e-03 1.922233e+03
9.000000e-06 2.000000e+05 1.119492e-02 1.921189e+03
1.000000e-05 2.000000e+05 1.243689e-02 1.920474e+03
2.000000e-05 2.000000e+05 2.484268e-02 1.915565e+03
3.000000e-05 2.000000e+05 3.722497e-02 1.911136e+03
4.000000e-05 2.000000e+05 4.958624e-02 1.907773e+03
5.000000e-05 2.000000e+05 6.192893e-02 1.905362e+03
6.000000e-05 2.000000e+05 7.425549e-02 1.902928e+03
7.000000e-05 2.000000e+05 8.656840e-02 1.900323e+03
8.000000e-05 2.000000e+05 9.887011e-02 1.897685e+03
9.000000e-05 2.000000e+05 1.111613e-01 1.895134e+03
1.000000e-04 2.000000e+05 1.234382e-01 1.892698e+03
2.000000e-04 2.000000e+05 2.457351e-01 1.873404e+03
3.000000e-04 2.000000e+05 3.673353e-01 1.858402e+03
4.000000e-04 2.000000e+05 4.881957e-01 1.845008e+03
5.000000e-04 2.000000e+05 6.084100e-01 1.832670e+03
6.000000e-04 2.000000e+05 7.281362e-01 1.821133e+03
7.000000e-04 2.000000e+05 8.474182e-01 1.810244e+03
8.000000e-04 2.000000e+05 9.662486e-01 1.799893e+03
9.000000e-04 2.000000e+05 1.084621e+00 1.789978e+03
1.000000e-03 2.000000e+05 1.202548e+00 1.780440e+03
2.000000e-03 2.000000e+05 2.361701e+00 1.700372e+03
3.000000e-03 2.000000e+05 3.491617e+00 1.636441e+03
4.000000e-03 2.000000e+05 4.598405e+00 1.581826e+03
5.000000e-03 2.000000e+05 5.685930e+00 1.534044e+03
6.000000e-03 2.000000e+05 6.756835e+00 1.491372e+03
7.000000e-03 2.000000e+05 7.813178e+00 1.452583e+03
8.000000e-03 2.000000e+05 8.856294e+00 1.417092e+03
9.000000e-03 2.000000e+05 9.887479e+00 1.384350e+03
1.000000e-02 2.000000e+05 1.090796e+01 1.353842e+03
2.000000e-02 2.000000e+05 2.066498e+01 1.127803e+03
3.000000e-02 2.000000e+05 2.986239e+01 9.793390e+02
4.000000e-02 2.000000e+05 3.868311e+01 8.702720e+02
5.000000e-02 2.000000e+05 4.722792e+01 7.828970e+02
6.000000e-02 2.000000e+05 5.555024e+01 7.100840e+02
7.000000e-02 2.000000e+05 6.368612e+01 6.485580e+02
8.000000e-02 2.000000e+05 7.166723e+01 5.953990e+02
9.000000e-02 2.000000e+05 7.950934e+01 5.490010e+02
1.000000e-01 2.000000e+05 8.722465e+01 5.080580e+02
1.778280e-01 2.000000e+05 1.483018e+02 2.743000e+02
3.162280e-01 2.000000e+05 2.591929e+02 5.425100e+01
5.623410e-01 2.000000e+05 4.632718e+02 -9.652600e+01
1.000000e+00 2.000000e+05 8.461420e+02 -2.316320e+02
1.778279e+00 2.000000e+05 1.576028e+03 -3.370980e+02
3.162278e+00 2.000000e+05 3.022779e+03 -3.597710e+02
5.623413e+00 2.000000e+05 6.073414e+03 -3.352700e+02
1.000000e+01 2.000000e+05 1.307310e+04 -1.788700e+02
1.778279e+01 2.000000e+05 3.070909e+04 1.974150e+02
3.162278e+01 2.000000e+05 7.675185e+04 9.292690e+02
5.623413e+01 2.000000e+05 1.997832e+05 2.212724e+03
1.000000e+02 2.000000e+05 5.308922e+05 4.370883e+03
1.778279e+02 2.000000e+05 1.427213e+06 7.775386e+03
3.162278e+02 2.000000e+05 3.836931e+06 1.314840e+04
5.623413e+02 2.000000e+05 1.030277e+07 2.146746e+04
1.000000e+03 2.000000e+05 2.758201e+07 3.418619e+04
1.000000e-10 3.000000e+05 1.869537e-07 2.865708e+03
2.000000e-10 3.000000e+05 3.739074e-07 2.865708e+03
3.000000e-10 3.000000e+05 5.608611e-07 2.865708e+03
4.000000e-10 3.000000e+05 7.478149e-07 2.865708e+03
5.000000e-10 3.000000e+05 9.347685e-07 2.865708e+03
6.000000e-10 3.000000e+05 1.121722e-06 2.865708e+03
7.000000e-10 3.000000e+05 1.308676e-06 2.865708e+03
8.000000e-10 3.000000e+05 1.495630e-06 2.865708e+03
9.000000e-10 3.000000e+05 1.682584e-06 2.865708e+03
1.000000e-09 3.000000e+05 1.869537e-06 2.865708e+03
2.000000e-09 3.000000e+05 3.739074e-06 2.865708e+03
3.000000e-09 3.000000e+05 5.608609e-06 2.865708e+03
4.000000e-09 3.000000e+05 7.478145e-06 2.865707e+03
5.000000e-09 3.000000e+05 9.347680e-06 2.865707e+03
6.000000e-09 3.000000e+05 1.121721e-05 2.865707e+03
7.000000e-09 3.000000e+05 1.308674e-05 2.865707e+03
8.000000e-09 3.000000e+05 1.495629e-05 2.865707e+03
9.000000e-09 3.000000e+05 1.682581e-05 2.865707e+03
1.000000e-08 3.000000e+05 1.869534e-05 2.865706e+03
2.000000e-08 3.000000e+05 3.739066e-05 2.865705e+03
3.000000e-08 3.000000e+05 5.608591e-05 2.865703e+03
4.000000e-08 3.000000e+05 7.478112e-05 2.865701e+03
5.000000e-08 3.000000e+05 9.347627e-05 2.865699e+03
6.000000e-08 3.000000e+05 1.121714e-04 2.865698e+03
7.000000e-08 3.000000e+05 1.308664e-04 2.865696e+03
8.000000e-08 3.000000e+05 1.495614e-04 2.865694e+03
9.000000e-08 3.000000e+05 1.682565e-04 2.865692e+03
1.000000e-07 3.000000e+05 1.869514e-04 2.865691e+03
2.000000e-07 3.000000e+05 3.738980e-04 2.865673e+03
3.000000e-07 3.000000e+05 5.608399e-04 2.865656e+03
4.000000e-07 3.000000e+05 7.477772e-04 2.865638e+03
5.000000e-07 3.000000e+05 9.347097e-04 2.865621e+03
6.000000e-07 3.000000e+05 1.121638e-03 2.865603e+03
7.000000e-07 3.000000e+05 1.308561e-03 2.865586e+03
8.000000e-07 3.000000e+05 1.495479e-03 2.865568e+03
9.000000e-07 3.000000e+05 1.682392e-03 2.865551e+03
1.000000e-06 3.000000e+05 1.869302e-03 2.865533e+03
2.000000e-06 3.000000e+05 3.738132e-03 2.865359e+03
3.000000e-06 3.000000e+05 5.606492e-03 2.865184e+03
4.000000e-06 3.000000e+05 7.474384e-03 2.865011e+03
5.000000e-06 3.000000e+05 9.341806e-03 2.864836e+03
6.000000e-06 3.000000e+05 1.120876e-02 2.864662e+03
7.000000e-06 3.000000e+05 1.307546e-02 2.864489e+03
8.000000e-06 3.000000e+05 1.494195e-02 2.864316e+03
9.000000e-06 3.000000e+05 1.680825e-02 2.864143e+03
1.000000e-05 3.000000e+05 1.867434e-02 2.863969e+03
2.000000e-05 3.000000e+05 3.732488e-02 2.862249e+03
3.000000e-05 3.000000e+05 5.595776e-02 2.860546e+03
4.000000e-05 3.000000e+05 7.457485e-02 2.858862e+03
5.000000e-05 3.000000e+05 9.317803e-02 2.857194e+03
6.000000e-05 3.000000e+05 1.117692e-01 2.855544e+03
7.000000e-05 3.000000e+05 1.303502e-01 2.853910e+03
8.000000e-05 3.000000e+05 1.489229e-01 2.852293e+03
9.000000e-05 3.000000e+05 1.674892e-01 2.850692e+03
1.000000e-04 3.000000e+05 1.860503e-01 2.849107e+03
2.000000e-04 3.000000e+05 3.713128e-01 2.834481e+03
3.000000e-04 3.000000e+05 5.560152e-01 2.821933e+03
4.000000e-04 3.000000e+05 7.402313e-01 2.811212e+03
5.000000e-04 3.000000e+05 9.240650e-01 2.802065e+03
6.000000e-04 3.000000e+05 1.107567e+00 2.794241e+03
7.000000e-04 3.000000e+05 1.290767e+00 2.787489e+03
8.000000e-04 3.000000e+05 1.473671e+00 2.781557e+03
9.000000e-04 3.000000e+05 1.656290e+00 2.776193e+03
1.000000e-03 3.000000e+05 1.838638e+00 2.771146e+03
2.000000e-03 3.000000e+05 3.648473e+00 2.725660e+03
3.000000e-03 3.000000e+05 5.438545e+00 2.689928e+03
4.000000e-03 3.000000e+05 7.212678e+00 2.658476e+03
5.000000e-03 3.000000e+05 8.972124e+00 2.630506e+03
6.000000e-03 3.000000e+05 1.071830e+01 2.604943e+03
7.000000e-03 3.000000e+05 1.245251e+01 2.581056e+03
8.000000e-03 3.000000e+05 1.417567e+01 2.558609e+03
9.000000e-03 3.000000e+05 1.588872e+01 2.537392e+03
1.000000e-02 3.000000e+05 1.759251e+01 2.517205e+03
2.000000e-02 3.000000e+05 3.419281e+01 2.354528e+03
3.000000e-02 3.000000e+05 5.017838e+01 2.232832e+03
4.000000e-02 3.000000e+05 6.571173e+01 2.134633e+03
5.000000e-02 3.000000e+05 8.087845e+01 2.050835e+03
6.000000e-02 3.000000e+05 9.573441e+01 1.977566e+03
7.000000e-02 3.000000e+05 1.103266e+02 1.912561e+03
8.000000e-02 3.000000e+05 1.246923e+02 1.854068e+03
9.000000e-02 3.000000e+05 1.388535e+02 1.801232e+03
1.000000e-01 3.000000e+05 1.528306e+02 1.753219e+03
1.778280e-01 3.000000e+05 2.622028e+02 1.517548e+03
3.162280e-01 3.000000e+05 4.575853e+02 1.297322e+03
5.623410e-01 3.000000e+05 8.077374e+02 1.091528e+03
1.000000e+00 3.000000e+05 1.438411e+03 8.992200e+02
1.778279e+00 3.000000e+05 2.582070e+03 7.195140e+02
3.162278e+00 3.000000e+05 4.668071e+03 5.515850e+02
5.623413e+00 3.000000e+05 8.914388e+03 4.947280e+02
1.000000e+01 3.000000e+05 1.801432e+04 5.408620e+02
1.778279e+01 3.000000e+05 3.876726e+04 7.343160e+02
3.162278e+01 3.000000e+05 8.952458e+04 1.343975e+03
5.623413e+01 3.000000e+05 2.202111e+05 2.780697e+03
1.000000e+02 3.000000e+05 5.645926e+05 4.868623e+03
1.778279e+02 3.000000e+05 1.482954e+06 8.279280e+03
3.162278e+02 3.000000e+05 3.933572e+06 1.365208e+04
5.623413e+02 3.000000e+05 1.047057e+07 2.196915e+04
1.000000e+03 3.000000e+05 2.787630e+07 3.469190e+04
1.000000e-10 6.000000e+05 3.739074e-07 5.670014e+03
2.000000e-10 6.000000e+05 7.478147e-07 5.670014e+03
3.000000e-10 6.000000e+05 1.121722e-06 5.670014e+03
4.000000e-10 6.000000e+05 1.495630e-06 5.670014e+03
5.000000e-10 6.000000e+05 1.869537e-06 5.670014e+03
6.000000e-10 6.000000e+05 2.243445e-06 5.670014e+03
7.000000e-10 6.000000e+05 2.617352e-06 5.670014e+03
8.000000e-10 6.000000e+05 2.991260e-06 5.670014e+03
9.000000e-10 6.000000e+05 3.365167e-06 5.670014e+03
1.000000e-09 6.000000e+05 3.739074e-06 5.670014e+03
2.000000e-09 6.000000e+05 7.478147e-06 5.670014e+03
3.000000e-09 6.000000e+05 1.121722e-05 5.670014e+03
4.000000e-09 6.000000e+05 1.495629e-05 5.670013e+03
5.000000e-09 6.000000e+05 1.869537e-05 5.670013e+03
6.000000e-09 6.000000e+05 2.243444e-05 5.670013e+03
7.000000e-09 6.000000e+05 2.617351e-05 5.670013e+03
8.000000e-09 6.000000e+05 2.991258e-05 5.670013e+03
9.000000e-09 6.000000e+05 3.365166e-05 5.670012e+03
1.000000e-08 6.000000e+05 3.739072e-05 5.670012e+03
2.000000e-08 6.000000e+05 7.478143e-05 5.670010e+03
3.000000e-08 6.000000e+05 1.121721e-04 5.670009e+03
4.000000e-08 6.000000e+05 1.495627e-04 5.670007e+03
5.000000e-08 6.000000e+05 1.869534e-04 5.670005e+03
6.000000e-08 6.000000e+05 2.243439e-04 5.670003e+03
7.000000e-08 6.000000e+05 2.617344e-04 5.670001e+03
8.000000e-08 6.000000e+05 2.991249e-04 5.670000e+03
9.000000e-08 6.000000e+05 3.365154e-04 5.669998e+03
1.000000e-07 6.000000e+05 3.739058e-04 5.669996e+03
2.000000e-07 6.000000e+05 7.478085e-04 5.669978e+03
3.000000e-07 6.000000e+05 1.121707e-03 5.669960e+03
4.000000e-07 6.000000e+05 1.495603e-03 5.669942e+03
5.000000e-07 6.000000e+05 1.869496e-03 5.669924e+03
6.000000e-07 6.000000e+05 2.243386e-03 5.669906e+03
7.000000e-07 6.000000e+05 2.617273e-03 5.669888e+03
8.000000e-07 6.000000e+05 2.991156e-03 5.669870e+03
9.000000e-07 6.000000e+05 3.365035e-03 5.669851e+03
1.000000e-06 6.000000e+05 3.738912e-03 5.669833e+03
2.000000e-06 6.000000e+05 7.477497e-03 5.669653e+03
3.000000e-06 6.000000e+05 1.121576e-02 5.669473e+03
4.000000e-06 6.000000e+05 1.495357e-02 5.669293e+03
5.000000e-06 6.000000e+05 1.869092e-02 5.669112e+03
6.000000e-06 6.000000e+05 2.242786e-02 5.668932e+03
7.000000e-06 6.000000e+05 2.616442e-02 5.668752e+03
8.000000e-06 6.000000e+05 2.990065e-02 5.668572e+03
9.000000e-06 6.000000e+05 3.363659e-02 5.668392e+03
1.000000e-05 6.000000e+05 3.737228e-02 5.668212e+03
2.000000e-05 6.000000e+05 7.472013e-02 5.666417e+03
3.000000e-05 6.000000e+05 1.120591e-01 5.664628e+03
4.000000e-05 6.000000e+05 1.493900e-01 5.662874e+03
5.000000e-05 6.000000e+05 1.867155e-01 5.661181e+03
6.000000e-05 6.000000e+05 2.240376e-01 5.659549e+03
7.000000e-05 6.000000e+05 2.613579e-01 5.657979e+03
8.000000e-05 6.000000e+05 2.986766e-01 5.656469e+03
9.000000e-05 6.000000e+05 3.359921e-01 5.655021e+03
1.000000e-04 6.000000e+05 3.733029e-01 5.653634e+03
2.000000e-04 6.000000e+05 7.460493e-01 5.643205e+03
3.000000e-04 6.000000e+05 1.118380e+00 5.636827e+03
4.000000e-04 6.000000e+05 1.490534e+00 5.631336e+03
5.000000e-04 6.000000e+05 1.862435e+00 5.626563e+03
6.000000e-04 6.000000e+05 2.234083e+00 5.622420e+03
7.000000e-04 6.000000e+05 2.605520e+00 5.618740e+03
8.000000e-04 6.000000e+05 2.976780e+00 5.615392e+03
9.000000e-04 6.000000e+05 3.347881e+00 5.612314e+03
1.000000e-03 6.000000e+05 3.718842e+00 5.609449e+03
2.000000e-03 6.000000e+05 7.421191e+00 5.584544e+03
3.000000e-03 6.000000e+05 1.110914e+01 5.561370e+03
4.000000e-03 6.000000e+05 1.478626e+01 5.543311e+03
5.000000e-03 6.000000e+05 1.845599e+01 5.527851e+03
6.000000e-03 6.000000e+05 2.211907e+01 5.513666e+03
7.000000e-03 6.000000e+05 2.577489e+01 5.500416e+03
8.000000e-03 6.000000e+05 2.942319e+01 5.487843e+03
9.000000e-03 6.000000e+05 3.306440e+01 5.475877e+03
1.000000e-02 6.000000e+05 3.669904e+01 5.464482e+03
2.000000e-02 6.000000e+05 7.275635e+01 5.371934e+03
3.000000e-02 6.000000e+05 1.083847e+02 5.297642e+03
4.000000e-02 6.000000e+05 1.436370e+02 5.234480e+03
5.000000e-02 6.000000e+05 1.785731e+02 5.178415e+03
6.000000e-02 6.000000e+05 2.132328e+02 5.127196e+03
7.000000e-02 6.000000e+05 2.476371e+02 5.080000e+03
8.000000e-02 6.000000e+05 2.818055e+02 5.036103e+03
9.000000e-02 6.000000e+05 3.157526e+02 4.995035e+03
1.000000e-01 6.000000e+05 3.494915e+02 4.956407e+03
1.778280e-01 6.000000e+05 6.060703e+02 4.708233e+03
3.162280e-01 6.000000e+05 1.043913e+03 4.394081e+03
5.623410e-01 6.000000e+05 1.818431e+03 4.120857e+03
1.000000e+00 6.000000e+05 3.210827e+03 3.843196e+03
1.778279e+00 6.000000e+05 5.722393e+03 3.599975e+03
3.162278e+00 6.000000e+05 1.023235e+04 3.533568e+03
5.623413e+00 6.000000e+05 1.825163e+04 3.444075e+03
1.000000e+01 6.000000e+05 3.351018e+04 3.389758e+03
1.778279e+01 6.000000e+05 6.447154e+04 3.443399e+03
3.162278e+01 6.000000e+05 1.324519e+05 3.830502e+03
5.623413e+01 6.000000e+05 2.912420e+05 4.741102e+03
1.000000e+02 6.000000e+05 6.780043e+05 6.632773e+03
1.778279e+02 6.000000e+05 1.666351e+06 9.904490e+03
3.162278e+02 6.000000e+05 4.233875e+06 1.517351e+04
5.623413e+02 6.000000e+05 1.097676e+07 2.343667e+04
1.000000e+03 6.000000e+05 2.874772e+07 3.613862e+04
1.000000e-10 1.000000e+06 6.231790e-07 9.409090e+03
2.000000e-10 1.000000e+06 1.246358e-06 9.409090e+03
3.000000e-10 1.000000e+06 1.869537e-06 9.409090e+03
4.000000e-10 1.000000e+06 2.492717e-06 9.409090e+03
5.000000e-10 1.000000e+06 3.115895e-06 9.409090e+03
6.000000e-10 1.000000e+06 3.739075e-06 9.409090e+03
7.000000e-10 1.000000e+06 4.362254e-06 9.409090e+03
8.000000e-10 1.000000e+06 4.985432e-06 9.409090e+03
9.000000e-10 1.000000e+06 5.608612e-06 9.409090e+03
1.000000e-09 1.000000e+06 6.231791e-06 9.409090e+03
2.000000e-09 1.000000e+06 1.246358e-05 9.409090e+03
3.000000e-09 1.000000e+06 1.869537e-05 9.409090e+03
4.000000e-09 1.000000e+06 2.492716e-05 9.409090e+03
5.000000e-09 1.000000e+06 3.115895e-05 9.409090e+03
6.000000e-09 1.000000e+06 3.739074e-05 9.409090e+03
7.000000e-09 1.000000e+06 4.362253e-05 9.409090e+03
8.000000e-09 1.000000e+06 4.985432e-05 9.409090e+03
9.000000e-09 1.000000e+06 5.608610e-05 9.409090e+03
1.000000e-08 1.000000e+06 6.231790e-05 9.409090e+03
2.000000e-08 1.000000e+06 1.246357e-04 9.409090e+03
3.000000e-08 1.000000e+06 1.869536e-04 9.409080e+03
4.000000e-08 1.000000e+06 2.492715e-04 9.409080e+03
5.000000e-08 1.000000e+06 3.115892e-04 9.409080e+03
6.000000e-08 1.000000e+06 3.739070e-04 9.409080e+03
7.000000e-08 1.000000e+06 4.362247e-04 9.409080e+03
8.000000e-08 1.000000e+06 4.985425e-04 9.409080e+03
9.000000e-08 1.000000e+06 5.608602e-04 9.409070e+03
1.000000e-07 1.000000e+06 6.231779e-04 9.409070e+03
2.000000e-07 1.000000e+06 1.246354e-03 9.409060e+03
3.000000e-07 1.000000e+06 1.869526e-03 9.409040e+03
4.000000e-07 1.000000e+06 2.492696e-03 9.409030e+03
5.000000e-07 1.000000e+06 3.115864e-03 9.409010e+03
6.000000e-07 1.000000e+06 3.739029e-03 9.408990e+03
7.000000e-07 1.000000e+06 4.362192e-03 9.408980e+03
8.000000e-07 1.000000e+06 4.985353e-03 9.408960e+03
9.000000e-07 1.000000e+06 5.608511e-03 9.408950e+03
1.000000e-06 1.000000e+06 6.231665e-03 9.408930e+03
2.000000e-06 1.000000e+06 1.246309e-02 9.408770e+03
3.000000e-06 1.000000e+06 1.869425e-02 9.408610e+03
4.000000e-06 1.000000e+06 2.492516e-02 9.408460e+03
5.000000e-06 1.000000e+06 3.115583e-02 9.408300e+03
6.000000e-06 1.000000e+06 3.738638e-02 9.408140e+03
7.000000e-06 1.000000e+06 4.361686e-02 9.407980e+03
8.000000e-06 1.000000e+06 4.984725e-02 9.407820e+03
9.000000e-06 1.000000e+06 5.607755e-02 9.407670e+03
1.000000e-05 1.000000e+06 6.230778e-02 9.407510e+03
2.000000e-05 1.000000e+06 1.246056e-01 9.405940e+03
3.000000e-05 1.000000e+06 1.868952e-01 9.404360e+03
4.000000e-05 1.000000e+06 2.491769e-01 9.402790e+03
5.000000e-05 1.000000e+06 3.114507e-01 9.401220e+03
6.000000e-05 1.000000e+06 3.737167e-01 9.399680e+03
7.000000e-05 1.000000e+06 4.359751e-01 9.398220e+03
8.000000e-05 1.000000e+06 4.982258e-01 9.396920e+03
9.000000e-05 1.000000e+06 5.604690e-01 9.395820e+03
1.000000e-04 1.000000e+06 6.227053e-01 9.394970e+03
2.000000e-04 1.000000e+06 1.244897e+00 9.389020e+03
3.000000e-04 1.000000e+06 1.866990e+00 9.383670e+03
4.000000e-04 1.000000e+06 2.488846e+00 9.380320e+03
5.000000e-04 1.000000e+06 3.110378e+00 9.376670e+03
6.000000e-04 1.000000e+06 3.731720e+00 9.372930e+03
7.000000e-04 1.000000e+06 4.352962e+00 9.369790e+03
8.000000e-04 1.000000e+06 4.974116e+00 9.367330e+03
9.000000e-04 1.000000e+06 5.595188e+00 9.365350e+03
1.000000e-03 1.000000e+06 6.216192e+00 9.363580e+03
2.000000e-03 1.000000e+06 1.241996e+01 9.344870e+03
3.000000e-03 1.000000e+06 1.861335e+01 9.327490e+03
4.000000e-03 1.000000e+06 2.480087e+01 9.313470e+03
5.000000e-03 1.000000e+06 3.098013e+01 9.302280e+03
6.000000e-03 1.000000e+06 3.715340e+01 9.292360e+03
7.000000e-03 1.000000e+06 4.332259e+01 9.282780e+03
8.000000e-03 1.000000e+06 4.948756e+01 9.273420e+03
9.000000e-03 1.000000e+06 5.564764e+01 9.264470e+03
1.000000e-02 1.000000e+06 6.180236e+01 9.256040e+03
2.000000e-02 1.000000e+06 1.231214e+02 9.189210e+03
3.000000e-02 1.000000e+06 1.841314e+02 9.135790e+03
4.000000e-02 1.000000e+06 2.448618e+02 9.091450e+03
5.000000e-02 1.000000e+06 3.053345e+02 9.050450e+03
6.000000e-02 1.000000e+06 3.655803e+02 9.012110e+03
7.000000e-02 1.000000e+06 4.256307e+02 8.976830e+03
8.000000e-02 1.000000e+06 4.855013e+02 8.944270e+03
9.000000e-02 1.000000e+06 5.451979e+02 8.913850e+03
1.000000e-01 1.000000e+06 6.047263e+02 8.885030e+03
1.778280e-01 1.000000e+06 1.062719e+03 8.691480e+03
3.162280e-01 1.000000e+06 1.859311e+03 8.429980e+03
5.623410e-01 1.000000e+06 3.268039e+03 8.090352e+03
1.000000e+00 1.000000e+06 5.775124e+03 7.791820e+03
1.778279e+00 1.000000e+06 1.023474e+04 7.563740e+03
3.162278e+00 1.000000e+06 1.814190e+04 7.466132e+03
5.623413e+00 1.000000e+06 3.209767e+04 7.301037e+03
1.000000e+01 1.000000e+06 5.734121e+04 7.115644e+03
1.778279e+01 1.000000e+06 1.050217e+05 7.006168e+03
3.162278e+01 1.000000e+06 1.985615e+05 7.167690e+03
5.623413e+01 1.000000e+06 3.969363e+05 7.859764e+03
1.000000e+02 1.000000e+06 8.568621e+05 9.433480e+03
1.778279e+02 1.000000e+06 1.945909e+06 1.241692e+04
3.162278e+02 1.000000e+06 4.682299e+06 1.739204e+04
5.623413e+02 1.000000e+06 1.169448e+07 2.557371e+04
1.000000e+03 1.000000e+06 2.993518e+07 3.821255e+04
1.000000e-10 2.000000e+06 1.246358e-06 1.875677e+04
2.000000e-10 2.000000e+06 2.492716e-06 1.875677e+04
3.000000e-10 2.000000e+06 3.739075e-06 1.875677e+04
4.000000e-10 2.000000e+06 4.985434e-06 1.875677e+04
5.000000e-10 2.000000e+06 6.231791e-06 1.875677e+04
6.000000e-10 2.000000e+06 7.478149e-06 1.875677e+04
7.000000e-10 2.000000e+06 8.724507e-06 1.875677e+04
8.000000e-10 2.000000e+06 9.970865e-06 1.875677e+04
9.000000e-10 2.000000e+06 1.121722e-05 1.875677e+04
1.000000e-09 2.000000e+06 1.246358e-05 1.875677e+04
2.000000e-09 2.000000e+06 2.492717e-05 1.875677e+04
3.000000e-09 2.000000e+06 3.739074e-05 1.875677e+04
4.000000e-09 2.000000e+06 4.985433e-05 1.875677e+04
5.000000e-09 2.000000e+06 6.231790e-05 1.875677e+04
6.000000e-09 2.000000e+06 7.478148e-05 1.875677e+04
7.000000e-09 2.000000e+06 8.724507e-05 1.875677e+04
8.000000e-09 2.000000e+06 9.970865e-05 1.875677e+04
9.000000e-09 2.000000e+06 1.121722e-04 1.875677e+04
1.000000e-08 2.000000e+06 1.246358e-04 1.875677e+04
2.000000e-08 2.000000e+06 2.492716e-04 1.875677e+04
3.000000e-08 2.000000e+06 3.739074e-04 1.875677e+04
4.000000e-08 2.000000e+06 4.985431e-04 1.875677e+04
5.000000e-08 2.000000e+06 6.231789e-04 1.875677e+04
6.000000e-08 2.000000e+06 7.478145e-04 1.875677e+04
7.000000e-08 2.000000e+06 8.724503e-04 1.875677e+04
8.000000e-08 2.000000e+06 9.970863e-04 1.875677e+04
9.000000e-08 2.000000e+06 1.121722e-03 1.875676e+04
1.000000e-07 2.000000e+06 1.246358e-03 1.875676e+04
2.000000e-07 2.000000e+06 2.492713e-03 1.875675e+04
3.000000e-07 2.000000e+06 3.739066e-03 1.875674e+04
4.000000e-07 2.000000e+06 4.985419e-03 1.875673e+04
5.000000e-07 2.000000e+06 6.231769e-03 1.875671e+04
6.000000e-07 2.000000e+06 7.478117e-03 1.875670e+04
7.000000e-07 2.000000e+06 8.724464e-03 1.875669e+04
8.000000e-07 2.000000e+06 9.970809e-03 1.875668e+04
9.000000e-07 2.000000e+06 1.121715e-02 1.875667e+04
1.000000e-06 2.000000e+06 1.246349e-02 1.875665e+04
2.000000e-06 2.000000e+06 2.492687e-02 1.875653e+04
3.000000e-06 2.000000e+06 3.739019e-02 1.875641e+04
4.000000e-06 2.000000e+06 4.985346e-02 1.875629e+04
5.000000e-06 2.000000e+06 6.231668e-02 1.875617e+04
6.000000e-06 2.000000e+06 7.477985e-02 1.875605e+04
7.000000e-06 2.000000e+06 8.724298e-02 1.875592e+04
8.000000e-06 2.000000e+06 9.970606e-02 1.875580e+04
9.000000e-06 2.000000e+06 1.121691e-01 1.875568e+04
1.000000e-05 2.000000e+06 1.246321e-01 1.875556e+04
2.000000e-05 2.000000e+06 2.492585e-01 1.875439e+04
3.000000e-05 2.000000e+06 3.738785e-01 1.875328e+04
4.000000e-05 2.000000e+06 4.984925e-01 1.875224e+04
5.000000e-05 2.000000e+06 6.231007e-01 1.875129e+04
6.000000e-05 2.000000e+06 7.477036e-01 1.875043e+04
7.000000e-05 2.000000e+06 8.723017e-01 1.874968e+04
8.000000e-05 2.000000e+06 9.968953e-01 1.874905e+04
9.000000e-05 2.000000e+06 1.121485e+00 1.874855e+04
1.000000e-04 2.000000e+06 1.246070e+00 1.874818e+04
2.000000e-04 2.000000e+06 2.491809e+00 1.874532e+04
3.000000e-04 2.000000e+06 3.737406e+00 1.874260e+04
4.000000e-04 2.000000e+06 4.982807e+00 1.874001e+04
5.000000e-04 2.000000e+06 6.228035e+00 1.873754e+04
6.000000e-04 2.000000e+06 7.473151e+00 1.873520e+04
7.000000e-04 2.000000e+06 8.718204e+00 1.873298e+04
8.000000e-04 2.000000e+06 9.963195e+00 1.873087e+04
9.000000e-04 2.000000e+06 1.120812e+01 1.872887e+04
1.000000e-03 2.000000e+06 1.245299e+01 1.872696e+04
2.000000e-03 2.000000e+06 2.489851e+01 1.871230e+04
3.000000e-03 2.000000e+06 3.733731e+01 1.870095e+04
4.000000e-03 2.000000e+06 4.976932e+01 1.869246e+04
5.000000e-03 2.000000e+06 6.219645e+01 1.868401e+04
6.000000e-03 2.000000e+06 7.462176e+01 1.867557e+04
7.000000e-03 2.000000e+06 8.704264e+01 1.866801e+04
8.000000e-03 2.000000e+06 9.946080e+01 1.866156e+04
9.000000e-03 2.000000e+06 1.118764e+02 1.865591e+04
1.000000e-02 2.000000e+06 1.242881e+02 1.865070e+04
2.000000e-02 2.000000e+06 2.482743e+02 1.860802e+04
3.000000e-02 2.000000e+06 3.719599e+02 1.856774e+04
4.000000e-02 2.000000e+06 4.954723e+02 1.853621e+04
5.000000e-02 2.000000e+06 6.188648e+02 1.851076e+04
6.000000e-02 2.000000e+06 7.421510e+02 1.848577e+04
7.000000e-02 2.000000e+06 8.652754e+02 1.846129e+04
8.000000e-02 2.000000e+06 9.882359e+02 1.843848e+04
9.000000e-02 2.000000e+06 1.111058e+03 1.841754e+04
1.000000e-01 2.000000e+06 1.233744e+03 1.839804e+04
1.778280e-01 2.000000e+06 2.185033e+03 1.826786e+04
3.162280e-01 2.000000e+06 3.865312e+03 1.811442e+04
5.623410e-01 2.000000e+06 6.843366e+03 1.789500e+04
1.000000e+00 2.000000e+06 1.211307e+04 1.764439e+04
1.778279e+00 2.000000e+06 2.143140e+04 1.747479e+04
3.162278e+00 2.000000e+06 3.796335e+04 1.734749e+04
5.623413e+00 2.000000e+06 6.732629e+04 1.703214e+04
1.000000e+01 2.000000e+06 1.194008e+05 1.668351e+04
1.778279e+01 2.000000e+06 2.130954e+05 1.639290e+04
3.162278e+01 2.000000e+06 3.846534e+05 1.626247e+04
5.623413e+01 2.000000e+06 7.122561e+05 1.652295e+04
1.000000e+02 2.000000e+06 1.375297e+06 1.757538e+04
1.778279e+02 2.000000e+06 2.819410e+06 1.987342e+04
3.162278e+02 2.000000e+06 6.034324e+06 2.398249e+04
5.623413e+02 2.000000e+06 1.382659e+07 3.135403e+04
1.000000e+03 2.000000e+06 3.331271e+07 4.336470e+04
1.000000e-10 3.000000e+06 1.869537e-06 2.810446e+04
2.000000e-10 3.000000e+06 3.739074e-06 2.810446e+04
3.000000e-10 3.000000e+06 5.608612e-06 2.810446e+04
4.000000e-10 3.000000e+06 7.478149e-06 2.810446e+04
5.000000e-10 3.000000e+06 9.347686e-06 2.810446e+04
6.000000e-10 3.000000e+06 1.121723e-05 2.810446e+04
7.000000e-10 3.000000e+06 1.308676e-05 2.810446e+04
8.000000e-10 3.000000e+06 1.495630e-05 2.810446e+04
9.000000e-10 3.000000e+06 1.682583e-05 2.810446e+04
1.000000e-09 3.000000e+06 1.869537e-05 2.810446e+04
2.000000e-09 3.000000e+06 3.739075e-05 2.810446e+04
3.000000e-09 3.000000e+06 5.608611e-05 2.810446e+04
4.000000e-09 3.000000e+06 7.478149e-05 2.810446e+04
5.000000e-09 3.000000e+06 9.347685e-05 2.810446e+04
6.000000e-09 3.000000e+06 1.121722e-04 2.810446e+04
7.000000e-09 3.000000e+06 1.308676e-04 2.810446e+04
8.000000e-09 3.000000e+06 1.495630e-04 2.810446e+04
9.000000e-09 3.000000e+06 1.682583e-04 2.810446e+04
1.000000e-08 3.000000e+06 1.869537e-04 2.810446e+04
2.000000e-08 3.000000e+06 3.739074e-04 2.810446e+04
3.000000e-08 3.000000e+06 5.608611e-04 2.810446e+04
4.000000e-08 3.000000e+06 7.478147e-04 2.810446e+04
5.000000e-08 3.000000e+06 9.347685e-04 2.810446e+04
6.000000e-08 3.000000e+06 1.121722e-03 2.810446e+04
7.000000e-08 3.000000e+06 1.308676e-03 2.810445e+04
8.000000e-08 3.000000e+06 1.495629e-03 2.810445e+04
9.000000e-08 3.000000e+06 1.682583e-03 2.810445e+04
1.000000e-07 3.000000e+06 1.869536e-03 2.810445e+04
2.000000e-07 3.000000e+06 3.739072e-03 2.810444e+04
3.000000e-07 3.000000e+06 5.608606e-03 2.810443e+04
4.000000e-07 3.000000e+06 7.478138e-03 2.810442e+04
5.000000e-07 3.000000e+06 9.347669e-03 2.810441e+04
6.000000e-07 3.000000e+06 1.121720e-02 2.810440e+04
7.000000e-07 3.000000e+06 1.308672e-02 2.810439e+04
8.000000e-07 3.000000e+06 1.495626e-02 2.810438e+04
9.000000e-07 3.000000e+06 1.682578e-02 2.810437e+04
1.000000e-06 3.000000e+06 1.869530e-02 2.810436e+04
2.000000e-06 3.000000e+06 3.739052e-02 2.810426e+04
3.000000e-06 3.000000e+06 5.608574e-02 2.810416e+04
4.000000e-06 3.000000e+06 7.478095e-02 2.810405e+04
5.000000e-06 3.000000e+06 9.347616e-02 2.810395e+04
6.000000e-06 3.000000e+06 1.121714e-01 2.810385e+04
7.000000e-06 3.000000e+06 1.308666e-01 2.810375e+04
8.000000e-06 3.000000e+06 1.495617e-01 2.810365e+04
9.000000e-06 3.000000e+06 1.682569e-01 2.810355e+04
1.000000e-05 3.000000e+06 1.869521e-01 2.810345e+04
2.000000e-05 3.000000e+06 3.739026e-01 2.810243e+04
3.000000e-05 3.000000e+06 5.608499e-01 2.810141e+04
4.000000e-05 3.000000e+06 7.477925e-01 2.810041e+04
5.000000e-05 3.000000e+06 9.347292e-01 2.809945e+04
6.000000e-05 3.000000e+06 1.121661e+00 2.809856e+04
7.000000e-05 3.000000e+06 1.308589e+00 2.809777e+04
8.000000e-05 3.000000e+06 1.495514e+00 2.809710e+04
9.000000e-05 3.000000e+06 1.682438e+00 2.809658e+04
1.000000e-04 3.000000e+06 1.869361e+00 2.809624e+04
2.000000e-04 3.000000e+06 3.738525e+00 2.809390e+04
3.000000e-04 3.000000e+06 5.607553e+00 2.809168e+04
4.000000e-04 3.000000e+06 7.476419e+00 2.808957e+04
5.000000e-04 3.000000e+06 9.345100e+00 2.808756e+04
6.000000e-04 3.000000e+06 1.121358e+01 2.808566e+04
7.000000e-04 3.000000e+06 1.308188e+01 2.808386e+04
8.000000e-04 3.000000e+06 1.495004e+01 2.808215e+04
9.000000e-04 3.000000e+06 1.681808e+01 2.808054e+04
1.000000e-03 3.000000e+06 1.868604e+01 2.807901e+04
2.000000e-03 3.000000e+06 3.736290e+01 2.806745e+04
3.000000e-03 3.000000e+06 5.603516e+01 2.805965e+04
4.000000e-03 3.000000e+06 7.470326e+01 2.805228e+04
5.000000e-03 3.000000e+06 9.336762e+01 2.804472e+04
6.000000e-03 3.000000e+06 1.120287e+02 2.803898e+04
7.000000e-03 3.000000e+06 1.306868e+02 2.803448e+04
8.000000e-03 3.000000e+06 1.493425e+02 2.803027e+04
9.000000e-03 3.000000e+06 1.679961e+02 2.802562e+04
1.000000e-02 3.000000e+06 1.866481e+02 2.802053e+04
2.000000e-02 3.000000e+06 3.730677e+02 2.798163e+04
3.000000e-02 3.000000e+06 5.592416e+02 2.795447e+04
4.000000e-02 3.000000e+06 7.453029e+02 2.792762e+04
5.000000e-02 3.000000e+06 9.312735e+02 2.790499e+04
6.000000e-02 3.000000e+06 1.117136e+03 2.788532e+04
7.000000e-02 3.000000e+06 1.302854e+03 2.786771e+04
8.000000e-02 3.000000e+06 1.488481e+03 2.785130e+04
9.000000e-02 3.000000e+06 1.674000e+03 2.783532e+04
1.000000e-01 3.000000e+06 1.859390e+03 2.781951e+04
1.778280e-01 3.000000e+06 3.299237e+03 2.771033e+04
3.162280e-01 3.000000e+06 5.855443e+03 2.759430e+04
5.623410e-01 3.000000e+06 1.039375e+04 2.743491e+04
1.000000e+00 3.000000e+06 1.844338e+04 2.726565e+04
1.778279e+00 3.000000e+06 3.270571e+04 2.713293e+04
3.162278e+00 3.000000e+06 5.796038e+04 2.691318e+04
5.623413e+00 3.000000e+06 1.026650e+05 2.659082e+04
1.000000e+01 3.000000e+06 1.820153e+05 2.623728e+04
1.778279e+01 3.000000e+06 3.236242e+05 2.590640e+04
3.162278e+01 3.000000e+06 5.785676e+05 2.565975e+04
5.623413e+01 3.000000e+06 1.048379e+06 2.569752e+04
1.000000e+02 3.000000e+06 1.948854e+06 2.639613e+04
1.778279e+02 3.000000e+06 3.766839e+06 2.820648e+04
3.162278e+02 3.000000e+06 7.584664e+06 3.179796e+04
5.623413e+02 3.000000e+06 1.632636e+07 3.817905e+04
1.000000e+03 3.000000e+06 3.723997e+07 4.943597e+04
1.000000e-10 6.000000e+06 3.739074e-06 5.614752e+04
2.000000e-10 6.000000e+06 7.478147e-06 5.614752e+04
3.000000e-10 6.000000e+06 1.121722e-05 5.614752e+04
4.000000e-10 6.000000e+06 1.495630e-05 5.614752e+04
5.000000e-10 6.000000e+06 1.869537e-05 5.614752e+04
6.000000e-10 6.000000e+06 2.243445e-05 5.614752e+04
7.000000e-10 6.000000e+06 2.617352e-05 5.614752e+04
8.000000e-10 6.000000e+06 2.991260e-05 5.614752e+04
9.000000e-10 6.000000e+06 3.365167e-05 5.614752e+04
1.000000e-09 6.000000e+06 3.739074e-05 5.614752e+04
2.000000e-09 6.000000e+06 7.478150e-05 5.614752e+04
3.000000e-09 6.000000e+06 1.121722e-04 5.614752e+04
4.000000e-09 6.000000e+06 1.495629e-04 5.614752e+04
5.000000e-09 6.000000e+06 1.869537e-04 5.614752e+04
6.000000e-09 6.000000e+06 2.243445e-04 5.614752e+04
7.000000e-09 6.000000e+06 2.617352e-04 5.614752e+04
8.000000e-09 6.000000e+06 2.991260e-04 5.614752e+04
9.000000e-09 6.000000e+06 3.365167e-04 5.614752e+04
1.000000e-08 6.000000e+06 3.739074e-04 5.614752e+04
2.000000e-08 6.000000e+06 7.478148e-04 5.614752e+04
3.000000e-08 6.000000e+06 1.121722e-03 5.614752e+04
4.000000e-08 6.000000e+06 1.495630e-03 5.614752e+04
5.000000e-08 6.000000e+06 1.869538e-03 5.614752e+04
6.000000e-08 6.000000e+06 2.243444e-03 5.614752e+04
7.000000e-08 6.000000e+06 2.617352e-03 5.614751e+04
8.000000e-08 6.000000e+06 2.991259e-03 5.614751e+04
9.000000e-08 6.000000e+06 3.365167e-03 5.614751e+04
1.000000e-07 6.000000e+06 3.739074e-03 5.614751e+04
2.000000e-07 6.000000e+06 7.478146e-03 5.614751e+04
3.000000e-07 6.000000e+06 1.121722e-02 5.614750e+04
4.000000e-07 6.000000e+06 1.495629e-02 5.614749e+04
5.000000e-07 6.000000e+06 1.869536e-02 5.614748e+04
6.000000e-07 6.000000e+06 2.243443e-02 5.614748e+04
7.000000e-07 6.000000e+06 2.617350e-02 5.614747e+04
8.000000e-07 6.000000e+06 2.991256e-02 5.614746e+04
9.000000e-07 6.000000e+06 3.365163e-02 5.614745e+04
1.000000e-06 6.000000e+06 3.739069e-02 5.614745e+04
2.000000e-06 6.000000e+06 7.478125e-02 5.614737e+04
3.000000e-06 6.000000e+06 1.121718e-01 5.614730e+04
4.000000e-06 6.000000e+06 1.495623e-01 5.614722e+04
5.000000e-06 6.000000e+06 1.869529e-01 5.614711e+04
6.000000e-06 6.000000e+06 2.243434e-01 5.614711e+04
7.000000e-06 6.000000e+06 2.617339e-01 5.614711e+04
8.000000e-06 6.000000e+06 2.991245e-01 5.614711e+04
9.000000e-06 6.000000e+06 3.365150e-01 5.614711e+04
1.000000e-05 6.000000e+06 3.739055e-01 5.614711e+04
2.000000e-05 6.000000e+06 7.478101e-01 5.614711e+04
3.000000e-05 6.000000e+06 1.121714e+00 5.614711e+04
4.000000e-05 6.000000e+06 1.495617e+00 5.614711e+04
5.000000e-05 6.000000e+06 1.869520e+00 5.614717e+04
6.000000e-05 6.000000e+06 2.243421e+00 5.614711e+04
7.000000e-05 6.000000e+06 2.617323e+00 5.614710e+04
8.000000e-05 6.000000e+06 2.991223e+00 5.614710e+04
9.000000e-05 6.000000e+06 3.365122e+00 5.614710e+04
1.000000e-04 6.000000e+06 3.739021e+00 5.614705e+04
2.000000e-04 6.000000e+06 7.477966e+00 5.614610e+04
3.000000e-04 6.000000e+06 1.121683e+01 5.614464e+04
4.000000e-04 6.000000e+06 1.495561e+01 5.614280e+04
5.000000e-04 6.000000e+06 1.869430e+01 5.614069e+04
6.000000e-04 6.000000e+06 2.243292e+01 5.613843e+04
7.000000e-04 6.000000e+06 2.617145e+01 5.613615e+04
8.000000e-04 6.000000e+06 2.990991e+01 5.613397e+04
9.000000e-04 6.000000e+06 3.364830e+01 5.613198e+04
1.000000e-03 6.000000e+06 3.738661e+01 5.613020e+04
2.000000e-03 6.000000e+06 7.476650e+01 5.611972e+04
3.000000e-03 6.000000e+06 1.121423e+02 5.611367e+04
4.000000e-03 6.000000e+06 1.495163e+02 5.610915e+04
5.000000e-03 6.000000e+06 1.868889e+02 5.610605e+04
6.000000e-03 6.000000e+06 2.242601e+02 5.610360e+04
7.000000e-03 6.000000e+06 2.616299e+02 5.609976e+04
8.000000e-03 6.000000e+06 2.989984e+02 5.609601e+04
9.000000e-03 6.000000e+06 3.363654e+02 5.609212e+04
1.000000e-02 6.000000e+06 3.737311e+02 5.608928e+04
2.000000e-02 6.000000e+06 7.473113e+02 5.606109e+04
3.000000e-02 6.000000e+06 1.120749e+03 5.604068e+04
4.000000e-02 6.000000e+06 1.494029e+03 5.602406e+04
5.000000e-02 6.000000e+06 1.867144e+03 5.601097e+04
6.000000e-02 6.000000e+06 2.240237e+03 5.599923e+04
7.000000e-02 6.000000e+06 2.613292e+03 5.598585e+04
8.000000e-02 6.000000e+06 2.986273e+03 5.597247e+04
9.000000e-02 6.000000e+06 3.359171e+03 5.595892e+04
1.000000e-01 6.000000e+06 3.731995e+03 5.594472e+04
1.778280e-01 6.000000e+06 6.631861e+03 5.587206e+04
3.162280e-01 6.000000e+06 1.178577e+04 5.578367e+04
5.623410e-01 6.000000e+06 2.094506e+04 5.565966e+04
1.000000e+00 6.000000e+06 3.721597e+04 5.552234e+04
1.778279e+00 6.000000e+06 6.610419e+04 5.541903e+04
3.162278e+00 6.000000e+06 1.173721e+05 5.525046e+04
5.623413e+00 6.000000e+06 2.083792e+05 5.498690e+04
1.000000e+01 6.000000e+06 3.699500e+05 5.470416e+04
1.778279e+01 6.000000e+06 6.571055e+05 5.437314e+04
3.162278e+01 6.000000e+06 1.168811e+06 5.404115e+04
5.623413e+01 6.000000e+06 2.087815e+06 5.385325e+04
1.000000e+02 6.000000e+06 3.763493e+06 5.407270e+04
1.778279e+02 6.000000e+06 6.891850e+06 5.507071e+04
3.162278e+02 6.000000e+06 1.288160e+07 5.728952e+04
5.623413e+02 6.000000e+06 2.483435e+07 6.149406e+04
1.000000e+03 6.000000e+06 5.037374e+07 6.970439e+04
1.000000e-10 1.000000e+07 6.231790e-06 9.353827e+04
2.000000e-10 1.000000e+07 1.246358e-05 9.353827e+04
3.000000e-10 1.000000e+07 1.869537e-05 9.353827e+04
4.000000e-10 1.000000e+07 2.492717e-05 9.353827e+04
5.000000e-10 1.000000e+07 3.115895e-05 9.353827e+04
6.000000e-10 1.000000e+07 3.739075e-05 9.353827e+04
7.000000e-10 1.000000e+07 4.362254e-05 9.353827e+04
8.000000e-10 1.000000e+07 4.985432e-05 9.353827e+04
9.000000e-10 1.000000e+07 5.608612e-05 9.353827e+04
1.000000e-09 1.000000e+07 6.231790e-05 9.353827e+04
2.000000e-09 1.000000e+07 1.246358e-04 9.353827e+04
3.000000e-09 1.000000e+07 1.869537e-04 9.353827e+04
4.000000e-09 1.000000e+07 2.492716e-04 9.353827e+04
5.000000e-09 1.000000e+07 3.115895e-04 9.353827e+04
6.000000e-09 1.000000e+07 3.739075e-04 9.353827e+04
7.000000e-09 1.000000e+07 4.362253e-04 9.353827e+04
8.000000e-09 1.000000e+07 4.985433e-04 9.353826e+04
9.000000e-09 1.000000e+07 5.608612e-04 9.353826e+04
1.000000e-08 1.000000e+07 6.231790e-04 9.353826e+04
2.000000e-08 1.000000e+07 1.246358e-03 9.353826e+04
3.000000e-08 1.000000e+07 1.869537e-03 9.353826e+04
4.000000e-08 1.000000e+07 2.492717e-03 9.353826e+04
5.000000e-08 1.000000e+07 3.115895e-03 9.353826e+04
6.000000e-08 1.000000e+07 3.739074e-03 9.353826e+04
7.000000e-08 1.000000e+07 4.362253e-03 9.353826e+04
8.000000e-08 1.000000e+07 4.985432e-03 9.353826e+04
9.000000e-08 1.000000e+07 5.608612e-03 9.353826e+04
1.000000e-07 1.000000e+07 6.231790e-03 9.353826e+04
2.000000e-07 1.000000e+07 1.246358e-02 9.353825e+04
3.000000e-07 1.000000e+07 1.869537e-02 9.353825e+04
4.000000e-07 1.000000e+07 2.492715e-02 9.353824e+04
5.000000e-07 1.000000e+07 3.115895e-02 9.353824e+04
6.000000e-07 1.000000e+07 3.739073e-02 9.353823e+04
7.000000e-07 1.000000e+07 4.362252e-02 9.353823e+04
8.000000e-07 1.000000e+07 4.985430e-02 9.353822e+04
9.000000e-07 1.000000e+07 5.608609e-02 9.353821e+04
1.000000e-06 1.000000e+07 6.231785e-02 9.353821e+04
2.000000e-06 1.000000e+07 1.246356e-01 9.353815e+04
3.000000e-06 1.000000e+07 1.869534e-01 9.353809e+04
4.000000e-06 1.000000e+07 2.492710e-01 9.353803e+04
5.000000e-06 1.000000e+07 3.115885e-01 9.353798e+04
6.000000e-06 1.000000e+07 3.739061e-01 9.353792e+04
7.000000e-06 1.000000e+07 4.362234e-01 9.353786e+04
8.000000e-06 1.000000e+07 4.985408e-01 9.353780e+04
9.000000e-06 1.000000e+07 5.608580e-01 9.353775e+04
1.000000e-05 1.000000e+07 6.231752e-01 9.353769e+04
2.000000e-05 1.000000e+07 1.246342e+00 9.353711e+04
3.000000e-05 1.000000e+07 1.869502e+00 9.353653e+04
4.000000e-05 1.000000e+07 2.492653e+00 9.353596e+04
5.000000e-05 1.000000e+07 3.115803e+00 9.353538e+04
6.000000e-05 1.000000e+07 3.738964e+00 9.353480e+04
7.000000e-05 1.000000e+07 4.362124e+00 9.353423e+04
8.000000e-05 1.000000e+07 4.985285e+00 9.353365e+04
9.000000e-05 1.000000e+07 5.608446e+00 9.353307e+04
1.000000e-04 1.000000e+07 6.231606e+00 9.353250e+04
2.000000e-04 1.000000e+07 1.246321e+01 9.352857e+04
3.000000e-04 1.000000e+07 1.869482e+01 9.352668e+04
4.000000e-04 1.000000e+07 2.492642e+01 9.352536e+04
5.000000e-04 1.000000e+07 3.115804e+01 9.352410e+04
6.000000e-04 1.000000e+07 3.738966e+01 9.352383e+04
7.000000e-04 1.000000e+07 4.362122e+01 9.352422e+04
8.000000e-04 1.000000e+07 4.985275e+01 9.352456e+04
9.000000e-04 1.000000e+07 5.608430e+01 9.352469e+04
1.000000e-03 1.000000e+07 6.231596e+01 9.352466e+04
2.000000e-03 1.000000e+07 1.246253e+02 9.351827e+04
3.000000e-03 1.000000e+07 1.869306e+02 9.351558e+04
4.000000e-03 1.000000e+07 2.492353e+02 9.351292e+04
5.000000e-03 1.000000e+07 3.115391e+02 9.351031e+04
6.000000e-03 1.000000e+07 3.738422e+02 9.350773e+04
7.000000e-03 1.000000e+07 4.361445e+02 9.350521e+04
8.000000e-03 1.000000e+07 4.984460e+02 9.350274e+04
9.000000e-03 1.000000e+07 5.607466e+02 9.350033e+04
1.000000e-02 1.000000e+07 6.230464e+02 9.349799e+04
2.000000e-02 1.000000e+07 1.245989e+03 9.347926e+04
3.000000e-02 1.000000e+07 1.868821e+03 9.346552e+04
4.000000e-02 1.000000e+07 2.491554e+03 9.345184e+04
5.000000e-02 1.000000e+07 3.114207e+03 9.343907e+04
6.000000e-02 1.000000e+07 3.736791e+03 9.342807e+04
7.000000e-02 1.000000e+07 4.359302e+03 9.341878e+04
8.000000e-02 1.000000e+07 4.981795e+03 9.340787e+04
9.000000e-02 1.000000e+07 5.604249e+03 9.339656e+04
1.000000e-01 1.000000e+07 6.226620e+03 9.338581e+04
1.778280e-01 1.000000e+07 1.106924e+04 9.333451e+04
3.162280e-01 1.000000e+07 1.967803e+04 9.327445e+04
5.623410e-01 1.000000e+07 3.498000e+04 9.318844e+04
1.000000e+00 1.000000e+07 6.217338e+04 9.308717e+04
1.778279e+00 1.000000e+07 1.104946e+05 9.299113e+04
3.162278e+00 1.000000e+07 1.963769e+05 9.281921e+04
5.623413e+00 1.000000e+07 3.489415e+05 9.260197e+04
1.000000e+01 1.000000e+07 6.200006e+05 9.236978e+04
1.778279e+01 1.000000e+07 1.101643e+06 9.208433e+04
3.162278e+01 1.000000e+07 1.958216e+06 9.177893e+04
5.623413e+01 1.000000e+07 3.487834e+06 9.151928e+04
1.000000e+02 1.000000e+07 6.236198e+06 9.156016e+04
1.778279e+02 1.000000e+07 1.123433e+07 9.214346e+04
3.162278e+02 1.000000e+07 2.042700e+07 9.357041e+04
5.623413e+02 1.000000e+07 3.776963e+07 9.648742e+04
1.000000e+03 1.000000e+07 7.198360e+07 1.027339e+05
